-37 82 65 123 -59 39 137 -7 100 42 -133 111 6 139 -18 45 22 -16 52 84 -56 -93 -115 -60 -20 15 23 95 -126 148 -149 38 -80 52 100 33 1 -121 -52 -63 -104 -3 -61 -50 -139 -70 13 126 19 97 -62 35 -60 -125 -71 -83 43 62 95 55 121 127 64 113 -36 27 125 -74 39 -141 32 -47 -9 109 -34 98 81 134 134 -29 -46 117 -62 109 -145 -31 84 40 35 90 62 40 115 97 -29 -134 96 102 20 -100 -55 22 -106 143 126 41 119 72 -14 36 -144 138 -39 130 -61 77 121 115 -128 -139 -30 67 99 116 -17 6 146 12 -76 25 -18 30 87 120 -66 34 139 -22 -23 9 130 19 98 59 23 -98 -131 -24 41 -10 -144 -7 -141 -132 -22 60 -141 -130 113 66 150 -107 -9 51 21 -27 -56 63 -120 132 -65 103 3 -104 53 -8 -60 -148 49 -30 -44 -63 7 124 40 7 17 118 -105 -63 -34 -5 -126 117 18 35 145 58 -84 -80
-8 -60 -148 53 70 41 -32 -159 38 139 -134 -81 -161 -96 130 130 98 -82 -116 -17 6 7 -62 63 139 -121 115 77 -170 -120 107 65 -103 97 132 22 -18 -16 -127 34 -97 -130 -14 -43 83 -150 63 12 -67 -131 7 141 -29 -46 117 -106 -47 175 -30 -100 -100 -163 -33 50 23 -144 -126 -35 60 -35 167 -128 -164 63 34 -99 1 -155 -15 -59 -7 45 -104 -125 -121 -55 72 20 126 17 145 -90 -61 -153 93 -39 -74 39 -123 40 56 9 119 166 -27 -115 -60 21 -20 -25 172 171 165 157 19 -169 -9 66 23 158 139 6 138 -174 109 23 118 117 52 -160 121 162 -139 39 152 64 30 120 3 -10 37 -104 59 61 -40 29 151 62 65 -134 -27 -18 -146 -66 -22 -60 -52 22 24 -44 19 168 -52 -63 -173 154 -51 -141 58 49 -145 -31 40 55 100 34 -102 7 144 -95 62 76 -113 80 84 -13 115 143 -9 -137 35 98 -109 149 -148 -95 124 -156 -84 -80
-113 -106 -109 123 40 -35 -6 -43 -136 104 108 -54 47 123 -119 106 57 28 63 123 136 -47 44 1 -68 23 15 146 148 -149 111 115 108 43 -34 -134 85 -90 -1 -49 123 -102 132 2 -79 111 91 90 -89 -11 11 -123 -41 -118 3 107 16 -59 1 78 -36 75 31 13 88 -38 -1 -55 107 -29 75 144 56 -14 38 63 -45 -150 -131 34 108 -143 -142 -97 10 15 -131 -132 -126 -129 -48 55 -94 -66 56 -44 -25 141 13 -46 70 -102 -73 -114 82 -117 -48 -106 -121 24 -114 78 -13 -113 114 -111 1 57 -79 12 67 39 -104 61 104 -45 -52 -33 -119 111 102 64 -46 83 -150 10 67 -91 77 -102 87 -111 -53 -104 26 -93 88 112 -122 -107 -63 -103 89 30 147 77 81 84 5 -138 89 -2 -5 -85 30 -128 -117 -122 -111 -51 -42 85 146 89 97 12 4 97 79 35 91 148 -11 136 -50 106 -75 82 57 102 -2 -70 2 -113 -13 72 -97 136 100 -33
159 -102 -160 -87 -88 31 -170 -12 111 61 104 174 90 -30 -29 172 175 165 163 123 161 -34 -82 -151 -35 -136 -123 35 -79 -106 -10 -113 -141 47 -84 45 46 -70 46 -45 -108 -75 -150 78 -111 2 -162 -34 113 1 -136 -148 -1 -75 -107 -77 91 131 -77 -102 -89 68 -164 93 81 -97 104 -33 -56 -13 -43 1 128 111 -38 168 -102 157 -85 -119 -67 -85 106 -10 85 155 -173 153 -70 -113 152 44 134 13 38 -147 -146 -15 -1 90 -72 166 -78 -1 94 -2 102 -146 -52 -5 -36 23 5 56 -144 106 -156 -75 -149 167 57 -111 -57 30 -49 63 -67 -114 -123 24 48 107 -44 -14 -73 108 -54 121 106 -82 91 112 131 -169 -89 -13 64 -28 89 136 111 -114 119 4 15 59 126 -11 11 -118 107 91 104 97 136 -115 -57 -50 53 -158 25 -63 40 -39 171 -111 89 -51 -132 66 104 -154 88 143 117 97 -6 42 132 2 -79 -79 -97 -114 122 -142 83 123 100 -33
-37 76 -31 -42 -20 -12 -136 -22 -14 -9 -99 -77 -6 48 64 93 108 25 -96 110 -47 46 -34 89 98 21 106 -117 -112 114 -31 26 -37 66 69 -36 21 -30 -21 81 -32 95 36 -29 88 141 1 -96 128 86 103 75 78 100 -96 -22 92 -118 63 -31 -37 -18 91 -23 16 21 -142 70 -142 76 18 -121 96 -77 -47 78 -46 14 -100 -43 -100 93 31 58 -43 -123 10 33 -92 127 2 107 79 116 24 48 -146 80 -80 33 30 137 92 84 43 -33 62 -19 -149 -112 -32 1 -33 -66 -103 46 -100 79 -49 -71 34 -71 -19 123 61 -94 -64 -62 22 -102 49 75 17 92 -48 86 58 -69 120 49 -87 147 106 -18 -15 18 69 100 112 -81 -102 73 56 -91 24 131 8 28 129 45 -93 -145 -144 133 -58 87 37 91 67 -136 8 64 -6 141 -129 24 -59 -15 -18 97 -68 67 124 -19 -6 -45 -41 -29 -12 -77 59 -48 -11 40 -144 63 -3 67 53 -31
156 -22 -129 -169 -84 81 -96 -150 68 78 -46 30 -151 -71 19 80 -46 -46 9 -100 77 162 31 -88 -29 18 102 12 -92 -142 -24 91 43 -48 155 37 129 45 -93 -14 67 149 -167 -37 152 -100 -96 -158 95 -18 -3 -157 40 -144 -100 -29 -174 -6 -172 168 153 14 -43 61 -15 63 -37 -73 18 100 123 -42 1 19 -124 -59 -108 -92 67 -86 48 -75 161 170 11 79 -33 62 -91 71 127 77 25 64 94 -121 -98 -89 -6 -47 -136 8 -33 -10 99 -69 -17 147 70 160 144 145 47 -76 58 -18 15 -166 -107 -62 34 33 118 128 -1 -141 80 -22 97 -58 92 136 171 21 6 -112 -146 59 -56 163 165 79 103 -112 -45 -41 -106 -96 81 20 -103 -93 49 -76 159 -48 112 32 87 -116 154 37 21 164 31 106 -173 -120 19 63 -69 117 75 -22 16 -32 21 -69 64 -91 33 43 123 12 -86 -8 2 -131 48 -66 34 -24 31 -87 -92 -137 -26 23 53 -31
-93 -78 118 -90 53 21 121 -117 -37 13 -106 -73 -9 145 -150 -80 53 129 37 49 76 -69 118 -103 101 -131 -44 -142 85 49 -90 11 51 44 12 -85 -97 -10 -86 -20 87 -85 3 -110 5 -84 124 -19 -150 -103 -45 20 -106 82 -22 -26 -146 -149 -67 44 108 138 -40 132 72 102 -117 -24 44 -3 45 57 143 -9 117 35 -58 55 85 129 143 111 59 125 30 134 -45 3 97 90 -51 -119 -116 -108 73 -75 98 -120 106 -25 129 86 -12 -55 140 -43 2 105 129 3 -33 111 96 -23 -112 -17 55 -17 146 -111 -127 -136 -37 -45 -18 -124 -128 17 -80 130 -142 46 24 84 -7 83 -67 107 -134 -31 -41 81 62 -23 -146 120 -16 18 36 46 -147 81 106 83 93 -130 91 -59 116 -68 55 6 84 -103 83 -146 114 45 -14 -80 -19 -106 -102 -59 -81 -12 -137 -150 -64 51 -89 26 -103 -107 47 -77 14 121 -94 104 95 83 -108 -102 -77 46 -98 98 -20 84
-93 -78 9 -134 129 9 -87 -174 -33 111 -75 73 106 -13 12 -108 103 -26 172 164 -55 -117 -45 -165 -80 -159 -16 102 106 116 -173 155 -35 -37 30 117 131 103 -116 -146 44 -3 -142 -45 157 62 -80 130 145 124 162 41 -21 129 104 95 58 111 -7 171 149 146 64 97 -20 -175 -121 98 46 120 152 -167 -151 156 114 84 132 72 -67 44 -10 169 -22 5 -170 -107 18 36 -147 81 160 127 83 -25 -158 -17 -85 -146 51 -103 112 -24 -150 -168 6 -47 150 -166 146 -81 103 59 -19 90 80 118 -90 -11 -43 -59 -12 118 12 120 -98 40 91 17 102 -106 93 85 -26 -108 102 -142 -96 53 53 -18 46 -137 55 -17 -51 -83 49 106 -130 -49 129 57 -24 -14 94 -121 -14 77 -85 -128 -84 -143 3 97 117 -67 3 -77 46 -98 153 -2 90 -55 -83 -45 161 -108 -134 163 81 107 86 -129 20 119 -55 -76 -105 -83 -136 -23 89 -86 154 -23 -69 111 -20 84
-91 -146 10 -138 50 135 60 89 80 -122 -114 -84 -14 64 -91 5 130 -8 145 -103 -106 -140 141 109 15 92 -22 36 82 -49 109 12 148 13 70 105 103 4 -145 147 -11 -41 81 149 -30 -90 -69 108 -75 -28 -3 -50 18 1 15 25 108 78 -141 -101 -55 46 1 80 50 -17 108 -20 -82 81 -65 -1 -134 28 -99 -31 8 95 -143 80 -31 26 54 -133 -111 -140 97 -107 -58 -134 45 71 -79 -102 14 32 -69 144 -142 2 137 24 17 95 120 -42 120 99 73 -89 99 -47 7 5 -14 -66 -140 -119 104 -88 132 -109 69 30 -105 -45 26 32 126 -26 -130 -141 -74 85 -117 138 50 -142 93 -126 5 135 90 29 -35 97 35 -4 98 40 -142 -26 33 101 102 -57 74 -77 112 -132 -23 103 -61 3 48 -41 75 96 -19 -76 -22 14 -116 80 136 -114 24 120 19 -111 5 130 -141 51 20 125 105 46 -137 12 -98 124 27 112 -106 -7 -80 -62 47 -121
-80 -1 154 -4 -109 64 -141 163 26 -82 3 -69 8 169 140 27 -126 -111 141 24 168 29 -140 -14 165 -106 138 11 81 109 142 -153 -28 30 -81 61 77 -102 99 -47 74 -161 105 136 117 -85 5 97 -120 -114 -89 111 54 -133 91 -12 50 108 -75 -103 80 114 -130 10 -19 -17 171 -5 -132 74 -164 -35 -17 -24 -70 -46 112 -132 -89 120 141 134 122 -146 88 -32 -26 36 166 -92 172 144 -167 18 -25 -15 -1 -116 49 156 105 108 79 -35 -151 142 -50 -134 170 30 41 71 -130 130 -5 -158 119 90 60 8 -137 -84 -14 124 -112 -155 93 -40 -95 142 -138 -76 -28 99 -147 145 -22 14 -157 97 2 -98 143 159 -120 45 51 33 31 -105 -140 -4 -103 42 20 57 -78 69 145 7 -137 -7 101 -3 -148 102 -152 98 -103 65 -101 141 50 -48 135 -66 126 -150 -109 50 5 95 -80 23 45 160 -107 -96 -104 173 26 -20 1 -162 174 19 -58 14 47 -121
-111 -49 32 26 -96 128 -74 -110 22 113 -79 64 14 -99 17 -144 93 -139 -136 -55 -72 -16 105 -10 -128 -94 99 -56 -19 -149 88 60 -76 -41 -109 -135 -60 4 -1 -19 -75 -96 -68 -92 144 -128 -93 -87 -104 32 -76 -136 -124 -28 129 71 -79 74 110 58 -89 22 -135 -37 -126 -17 -1 50 58 61 -25 11 73 125 91 -109 77 -137 -85 -99 4 96 42 28 -144 122 94 -6 97 -2 -116 55 131 137 -40 146 -99 -98 46 -90 -142 58 -111 137 99 70 13 105 -96 127 113 132 -147 -82 101 -110 79 60 5 -86 -119 -21 106 -127 118 -80 -66 -138 -48 -128 107 -49 140 75 15 -105 -138 34 -43 104 52 57 25 142 144 15 -27 71 59 -30 119 94 -73 -147 124 -80 -149 150 -37 69 131 148 19 143 -71 108 -35 -150 -147 -43 136 -67 -108 135 -24 -45 -43 -64 129 -119 -109 65 61 138 65 -9 33 24 3 76 125 -74 -125 27 54 62 -120 68 -121 18
-111 82 105 80 -71 -75 158 27 -15 -94 -127 -144 128 -86 67 -3 61 -168 109 -79 -90 96 -26 -138 -98 -96 -144 -146 68 135 -166 50 -131 -22 -129 -151 49 -139 54 97 -4 65 -96 -93 42 -11 -167 -61 99 69 128 -30 -64 -9 125 -152 136 60 22 113 -73 -164 -124 -147 -68 96 -143 -19 -58 73 87 21 137 159 -119 -109 137 -169 -14 107 113 16 62 -91 -59 -24 -65 -132 15 149 56 60 -6 94 -35 -17 99 -125 77 108 -99 109 -72 55 -154 174 -76 108 -150 27 -25 -10 -128 116 -32 -79 165 74 110 58 -89 -122 -40 -119 -172 -92 -1 127 140 57 48 -118 41 173 -105 148 74 -66 -135 149 104 -19 32 -136 -124 -28 129 -119 71 -162 76 -110 -71 -60 4 88 -170 25 -142 -150 -171 -49 64 -137 -46 -104 24 -135 -94 160 -99 175 43 -34 110 74 144 -80 2 -157 1 37 43 58 136 111 13 28 155 -161 79 131 121 85 147 -156 163 -105 153 18
-120 -33 -147 -123 -98 -80 -1 -63 36 -112 -119 -117 -93 -19 74 -110 1 -63 129 39 -148 86 -19 64 -136 66 -10 93 9 132 -61 -27 -96 30 127 -29 49 13 -121 54 -65 -142 -90 72 -16 -107 -15 -92 -80 -120 -105 -96 70 -34 27 77 -125 -128 95 135 21 122 121 -94 49 67 84 140 102 135 11 -25 118 -21 92 -19 -103 -3 61 43 85 -31 -84 49 39 138 -38 -6 -86 -2 142 100 -73 -63 -143 114 -92 -104 -37 -40 -119 -42 -59 6 -1 -122 114 -125 83 50 -87 -149 -30 -80 118 47 -10 76 3 -86 -134 118 7 108 1 -149 -73 77 96 63 -52 -5 -34 -15 -76 130 115 -12 50 -104 -119 -148 -79 40 60 124 -78 -58 -75 110 88 -38 1 -149 142 -38 117 -52 43 -24 -10 6 1 39 -25 -86 56 -140 73 48 15 -124 -141 -79 -8 -92 122 120 97 -145 20 -104 48 -140 -67 -103 66 150 -73 -112 -95 56 116 116 -89 -57 138 68 -27 27
73 164 136 -54 -75 -120 -166 -173 -125 50 -142 149 -1 152 135 86 -140 92 118 121 -134 127 -48 65 -6 -88 61 162 13 -76 -122 -1 -140 -29 -86 -93 143 122 1 -142 118 73 21 -33 -40 79 25 159 -94 -114 39 119 6 -100 -52 43 16 -34 -93 -19 135 -27 -80 15 -128 -74 153 -67 -89 -57 63 -151 -56 168 49 96 -86 8 39 76 -92 -80 1 -56 -43 40 -36 125 -157 149 149 160 61 -156 84 95 -37 92 3 -163 119 -9 154 -116 25 -10 2 130 10 -129 -47 38 -105 -77 -138 1 119 122 -34 120 38 30 78 -86 79 148 -6 175 -141 -92 -171 102 -138 108 -148 39 15 -124 -30 -132 -48 -49 172 -59 107 124 -95 -27 -64 -80 174 -50 -112 -147 -24 -73 -1 -118 -169 -3 -104 116 87 -161 -96 7 -155 -15 104 -83 63 96 -38 -142 19 -5 158 -121 -77 -27 117 63 85 70 115 -60 167 -10 -110 -165 -84 12 11 150 103 120 67 66 27 170
-109 -75 19 67 113 34 -99 -62 -19 73 109 -17 -58 94 70 11 52 26 -3 114 -117 83 -60 136 -130 -99 -141 -36 84 135 124 -41 -101 -74 -38 -77 72 -50 -28 32 95 11 117 30 -37 -68 -136 -28 97 109 109 -1 -14 92 -112 45 -117 43 133 39 60 11 140 67 121 -95 -103 -93 -68 80 71 53 78 36 -131 -135 111 -118 24 24 72 86 -100 91 -78 -120 -80 -105 -105 4 140 -103 -34 -82 137 -119 113 -22 131 -110 -18 -1 9 -114 -105 -136 18 120 -141 -61 36 132 -40 73 104 -72 -14 -47 -144 -92 16 1 -134 -55 -116 78 79 -13 -108 109 -80 128 12 94 -92 67 -60 -12 -135 -15 -26 121 145 14 135 -62 115 -150 -68 102 -128 120 -5 -1 -82 88 -24 59 26 -52 109 -45 -90 115 -73 -107 -101 1 -28 10 105 18 33 -146 -103 11 90 -144 -67 -69 -117 111 -1 -140 -66 17 -46 115 -83 14 -30 -113 146 65 -1 134 45 144 -77 14
-45 -92 14 120 -39 94 -92 162 45 -155 -47 -140 157 109 146 88 -112 174 133 34 -67 -19 75 152 116 -105 172 97 72 86 18 -145 -103 -68 165 -113 -73 -1 -140 14 46 78 169 17 -95 -141 53 -93 74 101 41 10 105 107 -26 101 -70 144 -68 -84 11 -159 43 -111 -16 -136 -59 80 -167 -154 -28 -72 -171 9 60 18 -71 156 163 36 114 38 34 168 -117 22 30 -134 -13 -103 -103 -94 58 -92 -66 77 -19 -161 140 37 -30 -117 -109 26 78 24 -131 111 -78 -109 146 -135 -134 121 12 -79 14 -40 -118 -24 -131 95 -67 -130 -5 67 1 115 -26 -32 141 62 -105 4 -72 -83 67 121 24 151 -90 -45 -60 109 28 110 -137 -11 52 136 173 -158 -69 -104 -113 -36 117 -17 -73 132 -62 115 -150 -14 36 109 135 -15 -11 -166 12 82 -109 -73 1 -144 164 -11 120 -113 52 -1 -18 -144 -80 68 -175 3 124 -170 153 -128 -105 65 -136 -100 160 1 -77 14
-82 -34 -39 91 -124 -115 118 -39 1 44 -122 78 71 39 -6 -109 -34 -81 129 53 -77 112 -142 50 125 129 -53 45 -133 -110 -18 123 -13 -89 -25 133 -42 79 -150 105 -100 -61 110 -1 118 10 -133 94 126 -127 94 49 -130 66 50 33 -131 34 102 -50 78 -74 -100 143 58 43 -9 -103 19 76 -64 -101 78 -105 112 -23 75 115 -106 18 138 51 -47 -41 -51 -140 -63 -24 -113 97 61 30 -111 -24 -1 -20 -33 -112 -34 -105 -96 41 -51 -128 148 51 -90 20 -12 -107 -35 141 -78 -39 -102 -105 -80 136 104 -47 -43 83 -132 42 70 -120 -51 36 -104 32 -135 137 -81 -2 121 -1 -57 103 -15 -18 -110 79 -26 76 -66 2 -86 33 121 -97 -36 76 -16 145 -147 -24 -11 -82 -22 -49 -2 -136 -125 21 89 -38 36 -57 115 100 -37 122 132 -22 127 147 6 -101 -27 -143 -33 124 -138 88 25 91 -100 121 -94 -28 -44 -145 -4 -92 -6 43 -84 23 99 -82
-156 34 82 -160 81 -1 -100 -33 112 34 137 -2 -74 -140 -2 -110 -104 -136 22 132 102 102 -91 66 -78 125 -4 -106 -92 -57 155 28 164 121 -94 76 -16 165 -20 -168 82 -24 -110 61 100 -130 -49 41 -105 -84 -36 -76 -42 -133 -158 94 -51 96 33 23 -161 110 170 -26 -1 152 121 -57 -105 70 25 -34 1 44 -6 51 107 -163 124 -47 -43 -88 -141 39 25 -2 -6 77 124 9 53 127 -18 50 -159 -150 -123 -109 138 19 135 -38 147 36 -34 50 125 18 11 51 83 -51 -86 -166 145 -94 23 -39 -50 -162 100 -101 66 -37 -89 -112 -53 -118 115 104 -79 89 136 80 105 153 32 -39 20 -12 -78 -126 -143 -129 -120 118 97 -97 133 154 42 -90 51 47 -174 -71 -115 -105 -15 -91 148 -27 -147 -24 122 -115 -157 -75 43 142 39 -122 76 121 -64 78 -10 -172 33 -22 127 36 -171 151 167 -128 131 44 -103 18 -175 -173 -21 -61 -111 169 -112 -24 99 -82
99 -75 38 31 6 88 146 -5 69 144 -122 146 36 -126 -125 -118 -83 52 13 -43 42 149 150 69 -13 -116 -138 -113 -67 118 5 63 73 -91 -86 -114 -49 -60 -97 -109 20 -140 74 121 -75 19 50 107 -127 13 -85 -149 150 -112 -99 -136 147 136 124 118 -4 140 -2 -34 4 -133 -98 92 116 -132 -100 -12 -25 140 -112 -112 8 125 3 -10 127 -49 -111 -84 126 37 133 -142 -135 42 -129 -138 94 -54 -6 -93 -82 -8 -109 -42 55 -17 -97 62 -36 -81 -122 19 -90 -143 23 6 -60 -52 -84 58 101 -68 -45 102 -29 -108 72 119 42 -33 -33 -81 -110 21 -65 141 133 1 -131 -147 61 -137 88 -55 80 62 102 -39 69 46 -123 1 -89 -103 133 130 -64 98 -102 -146 -60 -26 -99 144 -81 50 -63 12 33 -90 64 82 133 -123 6 -6 -130 62 107 45 -79 -110 102 111 -41 -81 -53 -69 -107 55 -21 91 50 145 -142 -144 44 148 135 -1 -72 -76 -118 102
99 -75 -26 -81 -80 147 6 -64 62 -50 21 -25 -172 -64 -102 69 152 -145 -125 63 13 61 -135 6 163 -107 69 -6 50 -136 42 54 130 -173 -157 -50 -10 6 164 -102 125 42 -33 -110 6 121 79 -88 -171 174 -90 -118 -37 -118 -122 -101 165 122 -43 -23 8 -5 2 53 82 -52 -41 -151 112 112 -69 85 -160 34 8 -1 149 -74 140 133 -155 -12 63 -142 44 107 175 -81 169 -38 -98 39 129 -166 -82 -62 138 -3 156 -141 88 -143 -83 -111 110 109 84 113 138 -161 13 150 123 -112 17 -119 170 140 45 90 99 98 133 -60 -154 144 -36 -111 -149 5 -124 13 168 -19 -142 1 -103 133 -127 -86 -114 1 107 102 108 133 55 137 -49 150 136 60 4 -36 42 -147 -97 -20 -146 -46 167 -29 -81 49 158 -102 131 75 -99 -126 52 81 -135 123 55 12 116 94 69 -162 67 33 31 33 -42 -132 -100 -146 -72 21 93 -153 109 -159 97 -146 -58 -60 -76 -118
-140 -125 105 -68 -110 -77 -28 40 51 -137 144 123 -140 138 116 -77 61 139 90 -147 115 -57 -123 89 51 -147 -49 19 -111 -59 126 -118 121 105 -35 -1 -28 92 17 52 -61 -149 35 -73 92 150 98 85 -141 96 -115 32 49 74 -75 6 -108 17 47 55 44 -146 127 134 21 -85 -95 52 -18 -41 148 106 -79 -50 31 43 -58 -51 -33 -50 94 119 95 80 144 -91 128 -99 29 99 58 137 41 47 -54 -120 -65 76 -33 64 44 -144 -55 -139 -51 -134 31 9 61 54 -143 -94 -63 35 126 138 -3 -145 68 119 -113 90 -141 -2 148 -35 30 -136 -147 124 130 -57 90 127 -50 -91 -46 -32 86 -11 57 -79 75 73 77 116 -50 83 -104 109 -17 -47 -132 -4 -136 -85 -47 69 114 75 -17 -48 128 48 78 -92 147 4 115 77 122 -128 30 36 -56 -33 -44 -141 103 34 -65 -145 -111 42 9 -142 -147 -139 93 10 48 -80 37 -48 -46 -11 36 -75 -100 -122
-95 147 61 103 -21 -79 75 145 19 139 -58 164 -115 98 -114 50 -2 -128 -33 -47 -90 146 35 153 -4 -44 -126 119 -49 151 154 -50 116 169 -147 -130 106 -119 -124 92 -122 -57 90 171 -160 -115 55 142 32 -118 -6 -65 83 54 -143 69 -3 -145 -56 115 44 42 55 -144 -80 30 36 -116 17 -161 140 46 80 46 43 -17 111 89 51 68 141 -85 165 -73 172 -139 -65 100 -77 157 91 -105 -99 -11 36 -34 73 -76 86 163 137 -75 1 -64 48 52 -138 50 -59 126 141 -51 123 -168 37 77 31 50 -122 51 144 -75 -136 113 -91 147 28 -173 -147 -58 77 75 175 162 74 -144 -136 17 128 31 -134 159 57 54 -120 29 109 141 18 -77 -41 92 11 174 -47 147 -28 51 -110 17 90 128 -30 48 99 105 -33 -167 61 4 -166 -79 -94 48 -127 -35 -104 137 10 -44 -52 152 -35 155 57 47 -148 47 41 150 -108 -134 -94 35 -78 127 158 111 170 156
128 -47 103 -148 134 -20 104 33 46 52 115 -111 59 -57 86 -101 102 -53 -24 55 104 150 31 -100 -48 31 16 47 -86 -23 99 96 -73 5 -118 -17 6 -120 133 -103 -32 -115 -71 56 -5 2 -55 -150 90 -102 -140 53 -4 -101 -2 -117 19 -115 -113 -7 29 6 40 -57 -147 -128 26 -147 -88 -81 -66 27 40 121 -147 -17 29 -36 -71 -58 79 40 -112 130 75 -101 19 41 101 116 -29 -28 59 -149 -122 -109 6 144 -57 26 62 121 80 -74 115 -121 -26 -3 -112 -37 76 57 48 -136 -124 -57 -81 101 -17 -28 -72 14 -103 -129 -11 92 -45 -142 -45 -3 39 64 71 -146 52 143 33 135 -12 -2 71 -121 18 14 82 -42 -38 69 -14 52 -96 -83 27 68 -44 -49 48 61 -14 -49 -61 16 57 25 -134 -76 -4 -70 45 47 -14 -131 -101 -23 9 120 -14 -144 -15 -86 -50 -58 -76 145 -139 -24 -6 57 129 76 -143 143 134 -149 -66 -54 -129 -101 109 -146
-71 -96 -99 -12 -69 45 47 109 37 72 28 50 -130 55 19 19 41 -143 -47 90 115 61 -14 145 -100 -76 -59 134 -103 49 101 -104 -29 -174 47 101 -156 103 17 88 -167 15 58 -155 33 46 111 -169 81 57 2 -160 14 128 143 172 102 39 112 -147 -81 -17 -117 64 -33 -151 27 -25 165 -26 -144 2 -55 57 -102 5 -135 -101 -52 54 -56 2 -53 134 121 -31 -71 49 -121 -26 -40 -115 -129 -11 159 -23 -45 162 16 83 96 -52 121 -173 57 31 6 -161 147 144 70 6 153 129 14 -166 -143 61 -86 139 92 -136 -40 -29 32 -115 -74 133 27 -42 4 38 -112 79 14 16 57 -101 -104 149 163 4 76 -101 76 113 -48 18 -128 -115 129 -175 17 -86 75 9 -29 -80 120 -152 44 -68 -82 -14 171 -101 -170 -28 -154 134 -71 3 -164 -57 57 -20 -157 -124 -149 -122 -158 168 -146 66 -3 -53 73 -58 -121 -14 5 -118 -6 6 140 66 116 -48 109 -146
-147 35 -28 64 70 -74 -91 46 122 -24 -30 103 58 -82 100 -1 -120 -111 -19 120 137 -28 -107 -46 -77 27 35 -150 -42 -4 146 89 -146 97 -79 -107 -124 144 133 22 127 -84 -1 -146 119 150 99 -6 -141 47 147 -143 81 -71 38 114 7 -103 -128 110 22 68 46 9 -84 -79 72 78 -122 121 19 -96 -38 -56 88 -59 39 -89 111 -38 -140 139 31 -131 145 13 -40 -59 145 -50 -136 104 148 106 -1 15 20 29 61 -51 33 94 109 107 -101 97 40 95 71 107 -64 -55 -38 90 61 -85 -147 70 101 25 29 -42 -95 64 141 14 78 -49 -27 -14 132 -65 -123 92 10 35 -85 -90 32 56 77 -133 -144 -119 -99 107 112 -12 -38 -131 -93 55 8 133 141 50 -70 -134 -67 129 124 5 122 -50 93 65 66 -79 -142 10 89 29 -6 41 -36 -103 76 90 -8 128 37 104 49 17 105 -73 65 -54 62 25 -142 48 101 66 88 -97 -97 -7 58 15
-30 103 58 -151 -141 107 -38 159 -56 -1 19 39 147 120 -174 -29 -25 64 14 167 133 -79 -40 -70 147 -33 -92 68 35 122 107 -132 14 28 -88 -62 67 -64 -55 -55 95 100 -121 165 46 -160 105 -73 172 8 96 173 -7 -103 65 -147 107 124 -133 -8 36 -50 61 -70 -41 -150 -37 -148 -155 40 -66 -112 -38 152 -10 4 -76 -42 -142 -77 59 -10 -158 -28 79 171 -50 65 -175 -156 -99 -154 78 29 122 64 104 -164 -144 22 157 -101 -166 150 99 74 -59 -38 -25 -82 71 -145 27 129 -146 15 90 -123 -137 94 -103 -141 70 -162 -161 -140 139 6 -61 -9 -19 145 -22 42 84 124 51 -127 107 65 38 -91 66 71 133 6 -89 -163 88 -101 46 89 -146 35 101 85 -35 -48 -27 -109 170 90 128 -79 -153 -143 128 84 -31 -1 -93 -85 119 110 169 38 49 146 106 -13 77 81 -107 -97 47 168 -78 -17 -131 -142 111 49 46 -54 -114 89 -90 -136 -97 15
-100 32 44 -97 -78 91 -149 -29 -42 -76 41 -128 -101 -68 -100 19 -98 -66 110 -98 -46 -111 -129 -101 -58 46 91 -22 -29 -90 -76 139 -122 -92 -126 47 38 143 150 -54 -11 1 73 -139 41 -7 124 -81 -144 -134 -38 -145 65 1 5 -30 -102 -127 -13 26 -121 -58 17 -23 22 67 79 -145 -2 13 -110 -62 70 -5 13 -46 139 -11 -47 44 -108 -32 -117 46 91 79 142 -80 -56 -135 79 107 142 120 -1 -103 16 59 -132 6 43 142 -111 36 -142 -39 -108 -39 144 -33 -124 -107 111 26 120 -85 -118 72 -72 97 68 -24 -60 -57 35 37 121 -46 10 -52 -74 -116 123 124 -87 -49 -35 139 116 -21 -94 105 135 -141 -144 126 63 90 113 104 -69 67 150 -150 92 -101 -58 -103 -122 34 -16 -66 147 127 -72 -106 89 101 -67 53 23 -96 142 -55 11 -136 -30 148 117 -149 -62 -63 14 75 91 -78 -46 50 150 70 68 61 -14 -67 119 99 -59 -41 -67 12
92 -91 35 -67 -23 -174 13 -121 -58 107 -5 117 -149 69 26 128 55 35 172 11 -126 -111 79 154 32 139 -68 -5 -106 -165 -87 -148 124 134 -68 119 139 -139 -151 160 -63 -91 22 -142 -161 -43 -6 -158 -46 -141 66 -13 145 -111 103 120 153 -46 78 30 -98 124 -85 -118 76 -11 102 -124 -42 -120 -33 75 39 -173 7 -30 -144 -58 72 -91 57 60 142 29 97 -101 29 -70 19 -98 170 113 -103 -143 -90 -52 -16 -66 -72 121 34 127 -23 99 -116 -79 -78 -116 -53 -11 -72 73 -139 -142 -110 -67 59 -41 61 -163 -122 152 -62 108 24 108 -169 142 96 13 63 -111 74 -1 144 70 -101 100 -14 110 150 -150 -150 -49 46 171 80 -142 -79 -122 167 149 157 -65 38 126 97 39 -156 164 10 175 44 1 36 166 81 -100 32 -162 -47 17 -135 -129 -155 -147 -26 -136 50 -44 62 92 67 14 168 -46 -22 159 105 -46 -58 -123 -117 -101 -135 -76 -38 90 -67 12
-4 11 -146 -120 18 -16 -18 -125 -64 -124 124 59 125 25 87 91 145 -106 -92 -70 -44 41 119 76 -109 127 36 -90 -105 -43 -1 46 92 54 -116 76 -116 -71 -12 -22 58 133 -142 108 120 -57 -34 -86 -85 -110 -21 -20 -132 -41 -102 -25 -46 -60 20 -8 74 118 -64 -66 -137 -30 59 -78 124 107 -125 103 146 -55 -132 140 24 -90 -113 -100 -67 -9 -13 23 -62 132 33 -49 -112 -73 -89 -21 76 -34 -3 52 34 -44 -127 -117 74 -98 -68 90 -36 144 7 42 3 37 -60 -111 -108 143 37 102 -3 -67 15 -52 18 -19 -47 92 137 -45 -83 -36 -48 -128 59 -132 -117 1 -44 85 18 35 -87 92 -57 102 59 34 50 46 48 -128 -114 130 108 148 140 137 -146 114 92 11 -118 67 -15 21 -38 -25 26 -55 -83 98 -40 -39 52 11 114 -26 -98 76 -21 -111 -50 122 148 30 27 -105 -88 -88 67 80 62 -137 -17 -56 55 148 -45 38 132 24 -75 142
122 -98 130 -78 109 -114 157 -64 133 -142 -59 -37 85 23 -125 90 -163 -67 119 -137 -143 -116 -128 26 50 46 -132 -45 -34 -3 -47 92 83 46 -150 48 -111 -4 41 -167 125 -9 -161 -15 52 -112 116 -92 1 43 144 -146 -55 -73 -21 76 25 57 -17 -92 128 -113 98 -12 30 36 -15 -34 -68 -41 34 -55 155 -8 -111 140 -1 117 20 -56 59 -87 -168 -124 171 62 -160 -148 -118 -83 98 91 -92 -70 87 -102 -88 18 -30 146 -164 100 -60 159 137 -36 -18 59 -108 153 -21 -137 125 149 -60 -11 -108 3 -146 -120 7 -152 137 170 34 -44 -90 -52 -85 132 158 -36 -25 -67 -3 114 148 -103 42 -76 -173 -102 -20 18 -118 -11 151 74 45 39 66 -55 -124 -21 -22 -58 -90 -57 -107 -156 86 50 -166 -117 11 -148 -165 76 -102 62 44 105 162 21 18 76 -37 -25 74 -67 -48 127 -132 16 -154 13 -120 -172 169 64 -108 -40 -106 -44 -52 59 -35 -132 132 142
149 122 38 -43 -138 124 133 -97 27 -38 -26 127 67 -13 13 97 22 -51 73 -5 -136 143 -143 -41 45 64 -113 -89 92 19 -98 -142 -4 -37 36 -15 122 139 -8 135 -52 149 -146 -66 146 35 -106 28 -60 -49 -94 -89 12 44 -122 87 -83 68 54 -71 -55 90 -61 -80 130 -110 91 85 -109 -55 134 -60 -128 73 103 -147 -25 -60 -128 -122 -22 -52 -43 -76 -67 40 141 -76 -91 95 48 -38 -58 -92 144 106 -138 125 -74 20 -54 -42 -12 -40 33 -145 -78 -115 127 -16 -112 -86 -95 -14 -16 -66 -147 -55 -59 -73 65 144 -65 125 98 -111 -139 -18 70 16 -54 110 -43 131 -31 -70 -44 61 5 -5 -82 -20 126 119 127 19 -86 -102 95 121 -136 75 -6 1 57 -111 -20 -23 -139 -125 129 -110 -128 -122 56 -87 138 -51 -120 45 -148 -71 -101 -124 25 113 11 -18 10 116 -76 -115 58 37 33 -125 133 -127 131 -60 9 -82 -147 113 100 128 106 45 61 78
149 -85 -19 106 103 138 97 -49 75 156 135 -90 -124 121 71 -10 139 95 -95 91 61 167 116 -76 -115 -67 55 58 163 31 -25 -44 -54 -26 71 153 -131 76 106 -109 6 -119 -73 -89 12 -151 162 127 -143 37 -125 133 51 73 -54 5 124 -113 -43 -166 38 40 -144 -83 147 -169 78 16 112 -152 -98 -149 40 141 -155 -127 48 128 171 45 61 60 120 128 -5 -86 -56 -143 -80 -122 -64 158 23 -11 -59 -73 161 148 -89 52 -16 146 -136 -128 -22 -92 33 -58 -55 -125 -19 -94 102 172 -113 157 -110 139 165 -91 -43 -127 51 57 -8 -61 -20 -138 -20 150 -9 -15 122 -5 -82 -87 -125 38 -43 74 -28 12 122 -174 27 130 13 -95 -129 -173 67 38 37 -164 87 -86 160 -54 -45 14 -60 -18 154 -110 136 -4 -101 -55 106 -66 -147 -20 -122 -131 -35 65 -144 145 -68 126 70 16 44 -115 -60 168 -122 -45 113 97 22 138 -60 139 65 13 -159 -82 170 78
-101 34 -91 -94 60 -44 73 143 -139 -63 -54 -140 50 15 104 -127 -66 -66 -138 -18 -114 139 38 135 32 -6 127 135 83 92 103 -67 -56 8 -117 -75 51 52 12 -122 45 75 -3 120 -128 -6 138 -51 -96 143 101 -143 -48 107 126 -3 -69 4 73 110 126 -94 -44 -53 69 132 81 -11 -41 116 7 -111 137 68 135 3 93 131 146 -1 -53 70 -72 -33 99 -44 -64 70 41 -36 78 125 -46 84 -88 11 31 -104 -15 -83 -74 60 -137 18 -74 -110 118 -79 -65 -3 20 -21 -51 -74 102 57 -65 53 -58 -90 -123 -18 142 -85 -2 65 115 38 88 41 108 -21 -145 -66 76 125 122 -39 118 15 145 -130 -124 -29 131 62 150 -148 -110 28 65 -61 -30 19 -91 -45 -10 150 -103 -57 -92 -66 32 -140 -77 15 -42 -98 98 36 -48 149 117 143 89 41 -116 49 44 -97 -23 -95 144 81 129 92 -91 73 115 -115 84 20 -14 -16 77 34 -88 -149 -18 23
-101 -66 -156 -95 144 150 50 15 83 -75 -48 107 -41 -149 -21 -145 -111 -159 -53 18 -135 -127 -14 161 -168 7 61 -65 -68 -57 29 124 123 97 19 -45 66 155 -163 81 166 -75 -66 125 -38 36 -41 108 -15 -51 175 49 -28 143 135 -103 -172 102 -137 62 -110 -58 44 -11 -94 51 92 84 93 -16 6 -45 104 -89 65 -78 -174 -32 -18 -15 -53 42 74 143 -138 120 -128 -148 -54 -66 3 -126 -164 -74 -44 -46 -2 125 -158 160 91 -38 -139 76 143 130 74 -90 150 -31 51 36 94 -126 48 -81 -115 -91 173 -3 -154 65 53 -149 77 41 131 34 137 -167 -60 -72 -33 -131 103 -67 146 -129 127 -104 -117 152 -30 -84 115 162 96 -170 135 -118 64 23 -169 -10 -115 -18 -56 -70 -83 -143 -69 -1 -98 98 -63 11 157 -70 153 -79 -73 -117 -52 -41 101 -3 34 92 -8 88 -44 110 -99 122 -12 171 77 138 -139 57 88 151 -60 -140 4 -20 85 20 23 165
33 -43 101 112 -124 -137 10 -23 -86 -123 -17 -26 -20 60 -71 78 -91 128 -107 103 -113 -20 -120 -136 69 -25 133 67 129 -80 -26 19 -126 -1 -82 -92 -23 8 -15 -141 -105 -121 47 113 18 128 43 -93 -149 -90 47 126 148 -5 121 -86 28 -112 -64 108 1 81 -150 -53 52 -7 112 81 138 -88 -28 119 -28 141 -1 -91 81 -120 -43 20 -91 -127 -16 -118 -139 23 -110 -106 108 -39 24 149 51 93 -135 -109 29 10 143 142 115 -98 -136 57 132 52 15 -88 84 -42 -19 -120 -44 -106 -105 25 76 146 -129 110 -68 75 -76 -13 -96 31 -119 -106 -83 41 42 -6 104 71 -121 94 -70 -97 87 -109 24 86 -60 125 -107 -85 -97 95 -47 97 55 101 51 -102 -140 88 -98 53 -52 40 105 104 111 -2 -81 142 36 66 -10 -93 139 144 52 51 -103 -17 25 -31 -37 77 -11 -7 -134 76 33 19 -6 -25 -101 -122 60 90 -56 -27 -49 128 3 115 -35 -28
33 -43 101 -156 113 2 -124 -55 -152 -121 -93 -28 119 166 80 -20 25 51 -103 -137 68 -76 -70 52 172 18 43 -106 154 88 -86 11 -26 -90 -60 -167 -19 -60 -136 101 126 78 16 106 120 10 -47 71 -88 108 121 -57 128 53 -24 -170 -1 129 97 -126 -174 28 -112 -101 94 162 -37 -76 168 149 -40 -148 -28 157 60 -115 142 23 120 -33 23 111 164 -23 118 -82 -133 -142 1 -159 31 92 66 -75 -86 141 -8 122 7 -24 109 -69 123 77 52 -90 98 25 141 -42 -53 -67 1 -149 -140 175 -128 98 -153 -143 -93 146 -129 -97 -115 161 31 20 -165 139 144 -27 -49 -76 -104 10 13 91 43 -41 136 81 26 -96 107 -91 -107 -3 -169 -132 -110 20 6 -119 -106 -83 -105 160 103 91 -10 -17 81 -17 -95 151 155 -112 36 -127 42 51 -105 15 -121 -88 84 173 29 -52 52 97 -108 64 -102 -104 -171 5 6 -51 -93 -158 -110 -35 -71 -134 56 -19 163 -28
100 -144 -127 75 -29 -30 -139 65 41 149 63 79 -33 -13 -23 -95 15 116 118 132 -8 -37 -41 -21 -53 -143 49 -136 -115 99 128 43 138 92 81 70 -44 10 -126 -76 -96 58 -26 -69 128 145 -26 17 -96 -140 -39 133 106 75 -45 12 120 -99 75 67 132 -99 89 39 -71 -89 -150 131 -13 -5 97 -58 34 6 -136 -18 -29 -94 147 -46 13 141 5 -1 -29 106 -48 -137 87 -54 -18 54 -49 122 -15 50 -66 48 -35 -73 103 126 83 -34 -13 -117 108 -109 -9 109 79 95 -117 -116 -134 -97 -5 113 101 122 -73 -118 -57 -28 145 48 -34 -73 77 -146 61 25 -58 103 126 -90 75 -94 97 90 -23 97 -128 -34 49 25 -19 104 -6 -139 95 90 106 -89 19 93 26 111 -84 -109 -51 57 -23 -20 3 113 100 -14 -108 -36 -134 34 -9 -76 -58 118 -67 -11 68 74 -1 148 -35 121 39 25 -87 30 -43 -87 -90 -102 31 -10 55 44 77 -131 49 117
100 -169 13 -103 -167 -35 120 -146 126 -122 -8 61 118 161 84 -111 -163 -35 15 25 76 -5 -158 54 95 31 87 117 -77 -128 90 -44 -115 99 -15 45 149 89 29 -58 -164 28 -165 -97 -141 -13 87 -25 154 -156 -155 67 -95 1 -13 175 118 -14 -108 -41 -139 -97 73 -109 58 160 -29 26 -102 109 -39 151 67 77 113 -138 -43 144 122 54 -126 -96 -132 37 -99 57 -19 140 48 -34 -132 -118 170 23 9 66 -50 74 94 97 65 -106 -133 75 -3 136 150 145 -23 -33 -173 90 90 -128 69 26 -106 -94 48 97 -17 -11 95 -51 143 -126 -109 117 -131 48 44 -116 53 21 -18 -75 -25 -36 -134 -79 79 174 108 75 -92 13 -148 -166 -101 -137 -39 55 -39 -172 5 -6 121 12 145 -58 171 -96 -57 49 -153 -139 113 -89 -29 152 26 34 -127 75 131 168 34 68 -128 90 49 5 -83 157 70 19 93 -41 -162 -30 134 -159 -10 -18 100 20 -43 -87 49 117
-104 112 -82 62 25 -17 122 -108 40 -140 -135 55 146 -109 -56 5 50 -144 123 43 -104 6 -137 -75 143 -91 -131 -89 68 5 33 -89 -3 -140 -71 88 -123 62 30 2 75 -40 -54 -21 145 53 -147 75 -55 -105 -145 120 5 -45 112 150 34 38 129 64 -38 -27 -116 -2 42 101 -37 104 -128 -109 78 -122 19 110 22 -70 70 83 -131 -102 92 -123 100 51 -60 -6 -79 -117 -5 -61 50 -84 -96 103 85 -64 104 -44 -15 138 41 -147 -22 -136 136 -102 94 142 104 -112 -41 100 40 22 -39 -76 -19 -40 112 -42 118 13 -146 -120 -55 82 86 101 37 107 -86 20 -81 101 37 -135 60 -67 12 61 -36 -56 -149 -90 50 -9 -31 -82 -111 144 78 114 -134 38 -45 21 -16 -42 103 98 30 -21 -134 -120 35 21 -90 -131 -38 -21 78 -126 134 133 -42 -71 94 128 -126 28 -32 110 18 -95 -128 11 149 78 -123 108 94 -84 19 64 148 118 -115 -51 -114 135
-122 -36 -156 22 147 -38 -78 21 89 111 -2 158 -101 -112 112 160 21 -90 -38 -116 105 164 -81 -40 -173 -50 -37 145 149 62 145 -61 -5 112 76 -90 136 -153 27 -140 19 28 -168 94 -82 107 -86 -83 -12 -33 -5 100 38 -171 137 92 -110 55 136 -11 -37 -64 -129 -175 -56 -19 50 -20 104 103 31 6 101 -133 -104 104 -104 -89 -134 -40 17 166 -5 -42 -103 96 21 -117 78 -140 -78 40 144 78 -38 114 79 128 109 126 -2 -84 -126 -75 44 -34 163 -40 19 -102 94 138 18 -51 -75 143 -91 152 154 123 -159 -112 -135 150 155 88 -123 62 122 -123 174 9 -118 68 148 -70 64 134 -42 128 -75 151 -123 162 -131 5 120 104 25 -161 -98 39 -134 -108 41 -70 144 -85 -41 -149 -167 -56 -53 32 128 30 -21 82 157 165 115 108 95 100 147 61 -142 118 -146 -15 -55 42 21 -16 -60 -42 -94 71 -169 45 6 60 -82 64 170 22 110 172 -114 135
-141 12 -77 54 20 13 118 -101 -29 67 101 130 24 106 -146 -53 28 150 -71 94 98 -87 -148 -85 -21 60 20 -52 46 -18 21 -118 98 -95 -38 134 81 -28 -10 15 116 -11 -25 49 62 6 -59 16 -31 85 21 -14 61 -59 -45 47 -148 -8 -74 124 -9 -55 -147 -34 53 -65 -120 130 69 63 -44 -14 -47 87 112 30 -121 -132 -117 -43 104 -128 16 -6 -5 -59 -136 30 14 -85 -76 71 81 -103 -36 64 71 -82 33 9 -1 108 -83 -143 115 9 -129 -60 20 -48 -57 24 -45 49 -31 -14 32 -11 134 24 104 81 4 -104 -126 -11 -110 -115 -127 -17 -132 89 -77 104 58 -103 110 100 53 -113 -82 -143 -142 102 -51 -150 96 74 70 58 61 72 -150 38 110 128 94 -41 -17 51 -117 62 -127 99 78 -117 128 78 -111 -141 -84 -38 9 41 -114 127 130 1 -85 -132 19 -23 17 -82 -37 -77 -146 136 -12 -16 -5 -22 148 -54 -115 -140 4 -46 -60 112
-141 84 -118 5 -74 -94 -53 150 -159 10 170 132 121 -118 165 5 -110 -47 31 -77 11 -83 14 59 -103 54 64 82 -127 -38 -98 -143 41 85 -169 -58 -46 -67 55 -146 -11 49 108 78 -17 -127 167 117 -16 130 -166 -14 71 98 168 60 117 110 117 -148 -70 -61 -14 -174 -21 -172 -85 -9 -72 157 -115 158 23 -136 130 -71 -130 -127 -20 155 1 11 -156 36 6 164 -82 -154 -59 -104 -115 -132 89 -173 20 140 -147 -148 -13 128 17 -61 6 171 128 -124 53 30 -28 -69 128 94 -4 25 -15 -103 -78 -162 -114 -85 -58 -62 -52 -150 38 146 -110 -19 175 -21 -82 -77 12 -77 -101 1 31 62 -18 -32 -100 -59 -87 -29 106 -43 -129 14 -95 160 -38 -101 104 16 -104 4 111 -163 161 116 -34 -112 -41 -17 -12 -81 9 -87 -57 24 -45 -76 134 20 44 -63 -49 81 48 -96 99 132 -115 143 120 65 142 -151 33 47 51 152 53 -153 30 51 21 -81 -60 112
-58 78 123 -121 -32 47 118 -94 -36 53 48 83 -72 136 2 73 128 44 -76 26 43 -10 -38 45 -142 89 26 -149 -63 -129 -64 18 43 124 -102 96 33 -24 138 -78 125 87 -1 -45 -34 -40 7 -110 -58 -140 -101 147 75 114 -30 123 -29 86 -112 117 108 80 34 -54 7 -55 -120 -46 76 112 -100 -32 -70 -86 22 132 138 -82 -103 -42 -89 38 42 -106 16 -123 -138 145 128 18 3 -130 -12 100 67 -69 20 -107 138 130 -121 111 77 -113 127 -63 -52 -33 57 143 -125 74 51 -123 75 67 -74 38 4 66 -78 -12 -78 7 43 30 28 -66 24 10 116 -13 -113 -150 -13 -50 146 -133 -76 -145 -97 -66 -20 145 -138 -53 -88 39 -139 -23 -28 -53 127 -103 25 -8 -21 -123 95 -44 53 95 9 -99 -6 -129 -137 -88 -116 35 7 -98 110 119 51 136 -143 23 96 29 150 -38 -142 98 -13 -50 -82 69 -54 71 37 -31 48 90 42 -25 109 123 135 -79
34 -7 35 71 -1 114 -40 -110 -26 -51 -50 -70 -3 173 169 -139 78 57 165 -143 174 138 43 30 25 74 -24 52 30 -48 31 69 74 -54 140 113 -146 -100 -4 -25 13 -159 47 20 121 -151 -123 -88 161 -76 66 33 -124 -125 119 136 137 129 -99 -113 89 16 80 73 28 -103 67 -123 -138 -103 116 58 107 117 -127 -171 20 12 10 116 -75 95 44 -110 -53 -123 98 76 123 76 -13 -24 -38 123 121 34 18 -87 -72 -155 -153 101 -28 118 -150 -129 82 -83 -48 106 -111 -160 130 -22 2 8 38 -53 164 -18 -23 64 54 -86 29 -123 -44 -167 -7 38 -66 -78 -127 32 53 53 -158 -9 13 29 -102 138 138 -162 -128 145 95 51 86 -175 -157 -21 120 96 168 -26 109 125 -142 112 -6 163 138 166 -46 -172 -82 -132 -88 -45 -42 -67 -75 154 -133 143 45 55 -7 -33 -96 108 -66 170 36 94 -150 98 58 42 -145 -145 156 89 23 142 -152 -77 135 -79
-18 -85 83 -98 -135 -89 51 10 101 68 -102 -37 -102 -117 -133 55 -20 -8 100 70 84 -104 27 13 38 122 57 -114 -57 122 127 75 116 54 -18 -50 93 -94 130 80 -60 58 26 -2 -140 -147 -115 63 35 99 93 16 -147 -124 84 53 -76 51 135 65 92 -8 -39 -65 -122 137 75 -34 -74 78 -135 64 126 68 -120 102 -109 -32 -98 -56 117 81 -62 37 107 65 81 -10 -57 43 -40 -88 -103 62 99 -13 75 1 -137 120 -17 -126 -139 5 101 -136 69 -130 -114 15 82 -116 137 4 -8 78 -15 57 -141 149 -137 -111 43 21 -105 39 83 1 23 146 88 3 22 -48 94 -63 150 100 -89 -141 67 -99 145 117 117 -44 74 -83 -20 40 38 61 8 77 -48 37 -22 144 125 49 77 -133 -96 68 88 -75 70 89 107 3 80 5 -46 -122 -83 28 -43 -114 19 71 23 -94 27 -62 69 -53 -29 -62 -28 140 -121 -112 -73 -126 100 80 -127 -144 92 42
130 78 61 116 -43 -114 -57 -149 -117 -19 -122 28 93 137 -168 71 58 114 137 -161 -81 -130 26 -8 -88 -27 15 150 155 -117 83 -152 -102 125 55 -20 1 -68 -140 48 70 102 -38 -163 -109 8 99 83 17 -35 -158 -162 173 -63 -100 37 -117 -13 -122 -27 -80 -62 -141 -69 -160 100 104 22 -84 -117 101 48 -22 76 77 -133 -96 -139 -137 -13 -57 -53 23 -136 127 -51 -37 122 -65 -107 62 -44 85 -101 39 -38 83 46 -170 80 -60 -67 153 -5 50 -56 124 147 74 65 -126 147 -77 -88 -29 157 99 -62 111 -94 -75 43 154 -39 171 -120 140 -121 -172 -15 -3 -135 64 -63 -49 -175 -146 -5 -4 40 144 -51 89 135 -174 105 -102 -18 -3 80 89 133 -23 65 -21 -156 53 -75 141 -70 -114 84 100 -8 137 -165 -126 92 20 -116 -98 -93 167 -107 -89 8 81 -94 164 -120 159 -82 75 -34 43 -69 18 40 83 -10 32 -166 -73 135 -151 115 -169 -144 92 42
-118 76 132 109 7 -1 -57 -101 84 -108 126 100 -76 142 -27 41 -135 -23 16 121 129 -98 -42 50 -120 -83 -75 -5 135 96 -118 108 133 139 15 -147 117 -136 -10 -51 -65 47 -126 -90 -120 -133 71 -104 -137 46 4 125 123 41 -125 46 -135 -83 10 -84 40 -50 -50 81 78 70 -147 44 47 83 -53 106 64 89 -83 -97 142 51 -41 94 -39 -3 67 -127 7 -93 -11 16 27 -68 63 -101 130 29 99 97 118 90 81 43 -98 124 -106 104 -5 -7 -113 -83 146 -75 117 -65 -129 -117 -113 -4 129 -67 -92 -16 55 30 -6 -29 -109 -75 -64 -58 8 -38 122 -139 -126 115 104 9 60 -105 66 -122 88 -39 137 118 143 53 -112 41 88 -10 -149 66 -127 -53 79 -83 -97 -84 93 -51 51 118 -118 16 83 33 36 111 117 -63 -38 85 -37 43 89 -110 19 -150 -60 -97 -96 150 62 -80 -148 -11 -119 -37 -134 -28 96 -1 -144 -18 7 121 63 -5 -52 -104
55 154 -117 -171 143 -106 -126 -16 63 155 -101 41 -75 106 85 -42 83 126 117 -127 83 111 -23 -119 -142 76 1 -39 -33 79 129 -147 -62 -64 139 98 88 151 41 50 -132 7 -118 16 -44 -129 63 -64 162 -144 19 -104 139 -10 53 -83 121 -10 123 18 -96 -147 -47 -118 76 -173 -175 90 -39 -137 67 96 105 -70 51 5 6 15 124 -122 -163 67 -81 -117 -109 51 -60 -83 142 113 51 -93 -110 104 -125 -46 -160 -75 43 148 -159 134 -89 -97 -101 -80 83 120 92 -130 167 -150 97 7 -97 -7 168 96 135 28 -152 98 -135 104 93 149 50 -16 -65 84 137 -125 -84 133 -37 11 -165 -37 41 118 46 -161 -27 164 -38 -89 -158 40 109 -30 -43 -78 -115 126 157 -113 -83 -84 51 -88 -146 57 -1 174 -120 38 135 -153 118 -53 -3 47 -122 170 -129 -66 -10 9 112 29 36 -11 172 27 156 166 136 -133 -169 -108 41 -94 5 60 68 118 -108 -100 63 -52
5 -28 141 39 -91 -150 29 -90 42 -77 63 -77 -83 79 10 4 -36 86 -139 124 98 -60 70 -83 -141 10 -2 -87 -96 -32 22 -77 -88 1 -63 142 146 -107 5 -111 -139 32 -49 -64 122 9 27 -4 -25 51 -91 30 -77 3 -96 -147 59 103 -16 -92 -75 66 15 -71 -102 145 112 -115 -22 -117 -113 13 110 44 -10 63 113 75 101 -35 6 -129 -17 -17 -131 -98 -147 43 40 -84 29 14 132 64 -74 93 81 11 14 -26 145 -88 -122 147 -115 -133 -12 -139 -103 -55 -149 -73 -63 64 -112 -74 38 38 -67 -98 5 9 68 -67 5 -3 -148 39 27 -149 -96 -115 80 26 -67 -92 82 2 -42 -145 86 -5 40 9 27 -87 68 -78 -110 -146 -100 98 61 63 -27 -110 -3 -27 50 -56 -15 29 -37 -29 -84 81 -25 -115 -47 -115 55 -20 6 114 15 14 91 112 97 24 16 -50 101 113 -104 -76 -16 124 118 -4 -33 -88 17 22 19 -50 -120 67 81 -80
5 -77 96 -22 139 77 50 -6 -96 164 -77 42 -1 88 55 103 -122 -100 -170 -77 63 -161 78 10 -168 98 139 24 -16 141 39 -91 83 51 174 40 68 146 25 3 120 -19 -129 3 84 156 81 -22 -113 -169 149 -9 131 9 -145 110 -110 -146 -124 -160 4 -145 -25 64 56 117 -113 14 14 154 5 -15 28 5 -33 87 -64 -166 20 -102 59 148 -159 -157 -133 -63 5 142 -14 27 -16 -71 27 115 -12 147 70 10 -97 -165 -10 124 171 -132 -73 -2 152 66 -61 -104 -63 -67 -30 -101 27 150 115 -96 29 91 -110 -13 9 163 -29 84 -49 158 32 -3 92 -26 -74 118 68 139 75 92 -91 -173 101 -76 -147 90 -86 29 -26 -155 -64 42 -2 -17 -82 -27 86 5 -75 -103 -167 -112 -81 -38 -172 35 -151 74 -175 -80 115 -98 -29 -79 -22 -32 39 -88 -6 38 -63 153 112 -67 114 -27 98 55 87 145 -98 88 -4 -162 16 83 111 36 -4 -40 81 -80
-80 -123 149 46 -37 -143 56 88 -61 134 27 7 -20 -115 77 98 -144 62 2 149 121 9 -128 -100 130 143 -113 141 3 -13 -89 128 120 36 -66 -84 -136 -80 63 15 149 -106 -81 -86 78 20 59 133 -89 -147 -124 84 77 9 141 84 17 -96 -96 -51 -67 -69 -60 82 8 66 92 7 1 84 65 71 36 4 51 10 -7 -5 112 -78 32 147 45 -83 22 -65 -24 -97 -20 137 -124 43 1 -116 -103 40 -127 97 128 -118 5 -96 111 2 -53 94 25 122 -147 91 -119 88 90 40 80 -129 -23 -2 84 95 -74 70 108 -29 -78 -54 -129 -87 -101 -93 27 -146 -127 -35 34 95 123 133 -58 58 -132 -52 135 93 90 72 70 -142 -101 -33 -92 -118 117 -19 -84 34 -111 45 72 111 -93 80 11 27 -5 142 97 -135 111 -83 129 86 27 -5 -99 69 80 23 72 -62 -17 -50 60 -19 98 5 -135 -110 -125 -90 73 50 -43 63 -11 91 -56 126 -24 -76
-80 -5 19 -149 5 7 -10 -123 -37 -60 129 -2 -9 -172 66 92 -89 128 89 128 -133 -147 143 -83 22 -51 153 -67 84 -127 -126 -141 72 97 -74 -98 20 128 -9 -155 23 117 71 160 20 106 91 58 147 -161 80 92 29 27 -1 -154 61 -113 97 84 65 -159 84 63 93 169 80 -111 -45 100 170 -11 -5 84 -130 -129 168 27 -90 -62 5 88 63 -173 -135 -110 -125 -73 3 157 -90 -34 69 118 -134 -40 80 -50 93 -82 27 -98 142 97 101 -93 -80 -36 -13 133 -150 -156 120 -162 124 174 24 -43 -25 84 46 -77 27 149 -66 -1 -7 -62 15 111 65 127 -40 -19 -116 90 -118 -4 -36 -78 -167 -111 -141 86 52 17 132 51 96 45 163 72 136 83 166 -88 70 -142 123 5 135 146 -87 -147 158 -35 -164 151 2 111 171 -115 77 70 108 121 53 -2 34 -23 72 32 69 152 -137 -122 -149 78 17 91 84 -81 -8 -60 59 101 165 -50 -24 -76
-30 5 -49 -112 149 -53 126 -19 -106 -96 -144 132 -84 78 -91 -5 -89 -144 -8 67 30 -37 60 -104 -45 -103 -54 -38 -9 115 79 -109 113 93 129 83 52 93 -16 67 -143 81 -1 30 -108 -47 -107 145 55 -88 -43 -27 -28 -84 -106 14 -119 142 111 125 -81 -46 119 -50 -132 79 -71 55 106 37 -18 63 -139 -115 -143 -36 113 68 83 65 -64 45 -87 -110 -124 -13 -28 -110 141 63 -142 -5 66 -133 -121 -75 -7 112 -104 -149 -57 -122 66 -76 146 91 128 -33 -88 138 47 -5 -110 -103 118 143 8 102 144 98 119 141 -17 -76 -95 71 -37 123 -147 -118 102 -132 -127 38 94 142 -76 -99 40 94 95 -20 116 -53 26 -21 -65 -91 117 62 -76 137 -34 -150 113 20 -109 -134 45 -137 -106 -125 31 142 31 112 -47 42 45 -115 -125 16 122 -125 114 59 48 63 -146 119 -12 53 31 72 54 -110 -121 26 97 -133 -53 112 -44 -53 -14 -76 -34 -40 3 113
-30 5 -49 163 -64 -119 170 83 -121 94 76 -31 -93 -113 -7 112 20 -72 -31 -78 -96 -109 132 -115 103 -16 -44 -46 -63 18 -88 138 -47 -37 -93 108 -81 19 -169 118 -113 110 134 -159 8 9 -76 102 -132 65 83 106 137 110 152 127 109 167 63 107 143 -57 -141 -98 -123 137 -53 -106 -55 161 168 -142 53 71 -142 -150 40 115 -3 -45 119 -88 43 171 -27 154 -121 -79 106 125 45 144 71 -66 -14 128 -142 -155 132 -162 -125 -45 -103 -173 -112 -26 -156 37 97 62 -84 111 47 91 -52 -144 142 -33 158 76 48 -87 -28 -42 94 12 146 91 151 -124 45 37 47 -13 -110 59 -21 -157 54 -38 -60 53 -175 -79 -106 76 -141 -119 133 -104 40 -54 -30 -125 -50 36 -149 145 55 172 31 -5 66 -144 133 -165 115 -26 153 -126 -95 174 -14 -16 164 -91 -67 -112 1 -160 -114 -38 -146 116 -53 -129 34 112 -68 -147 -102 -118 -76 20 -89 -65 30 -5 113 166
-144 -104 -54 -104 117 14 105 110 -62 -85 -82 -110 -41 16 -37 -52 -113 -118 -16 139 41 143 7 97 85 135 -149 3 26 -69 4 44 77 -108 -3 6 -87 -137 42 -94 -35 -24 -2 -74 124 101 -63 -80 21 -24 116 84 91 -24 -101 1 7 22 -112 -93 -130 138 -144 -114 138 -46 145 -15 -109 -78 143 46 55 96 -25 -27 -29 102 104 31 -93 65 27 81 -85 -131 -47 -44 55 -18 16 -105 68 26 64 84 42 64 120 -75 77 -38 81 -69 -33 12 122 -30 79 -111 -89 -73 66 56 28 43 14 5 -128 55 120 37 116 115 -51 -104 -79 89 -59 143 139 25 -147 65 -134 -28 -111 -20 15 -106 29 55 -64 -23 84 -127 63 27 59 -93 11 90 -66 96 -27 -42 -96 -59 28 91 138 136 -113 11 -61 139 106 -110 -20 -147 -33 -113 -128 103 -38 -77 -121 133 -26 94 113 -142 -49 2 37 -14 -85 -71 67 36 -14 143 17 47 98 25 -41 49 -70 125
-144 -143 -158 -131 -77 -25 -137 -33 27 -154 37 94 -29 102 165 172 122 -120 27 -65 -138 130 128 106 -41 -81 155 16 -105 68 -47 -118 -113 5 -128 -116 -23 84 -144 27 167 -93 -96 -153 139 -113 -66 -162 26 84 51 89 -157 75 -21 -63 -80 -44 26 -64 11 -38 -47 71 74 2 79 -24 156 -174 59 -143 -41 -127 14 -85 151 106 16 7 61 -46 93 37 91 -29 7 166 22 -105 59 -52 145 65 -30 12 163 -67 -55 120 110 14 -114 43 14 -77 103 -111 169 -143 -168 33 -31 69 104 42 -6 3 -133 64 -160 69 38 -82 173 55 113 -116 -104 161 104 111 36 -94 11 -26 89 3 138 49 142 98 42 -115 113 55 -64 -24 25 112 46 -37 147 110 93 -62 -143 -77 -17 159 -90 56 96 147 97 91 134 73 -28 63 136 85 -20 15 -44 -18 -14 171 104 -164 54 -35 84 20 101 -149 -138 170 -110 150 139 4 -101 -27 -41 49 28 -79 125 152
-77 -68 65 -16 -35 -35 -130 88 81 42 -149 -30 115 -122 -64 144 -21 127 108 47 -79 -72 -127 130 26 -2 8 55 -146 -58 -72 148 -123 -150 37 -75 113 52 1 81 9 -72 -34 72 98 119 39 10 63 -42 101 -50 -8 96 144 74 -26 -134 -50 95 135 30 53 -38 -90 116 -54 -75 60 -93 60 39 -110 -14 46 8 147 55 91 -83 -42 -75 126 30 -110 109 131 -130 -144 81 -63 144 -122 -63 87 135 -48 133 -26 -22 131 -10 -131 129 30 56 33 4 8 -22 27 33 -68 -136 -101 -19 133 50 4 23 -111 -145 -70 -79 -2 20 -2 78 59 27 33 -81 10 99 17 96 40 142 28 124 17 -65 55 31 107 -15 -145 14 117 58 106 83 136 -11 -84 -59 -66 103 -36 107 -124 -60 -54 111 1 58 -115 -99 143 -119 -58 49 -15 81 -88 82 76 58 -27 -30 31 -109 -70 -97 -18 109 -21 -65 38 -115 -114 -136 -150 135 104 -87 -26 -11 140 45
-167 79 -37 -127 -21 19 101 170 -169 -144 87 -48 81 60 156 -8 172 -140 -34 175 -126 -42 101 109 -22 143 -75 113 -127 -96 -117 4 74 -130 -47 -90 -49 -30 -115 136 -35 -35 -130 88 72 87 -30 72 155 -40 -131 -58 79 17 -53 -65 161 -133 -160 -124 33 -27 -107 58 104 -60 -75 83 142 14 166 -171 -30 30 26 -66 -30 50 4 -135 39 -110 42 -55 119 -123 54 99 2 -91 -60 14 81 -2 131 -10 -148 -84 -168 11 33 149 70 153 16 -31 -55 98 36 63 -158 -11 1 -63 -27 -76 65 38 151 -122 -108 -22 -83 -165 -15 -136 -99 -70 -8 -150 -114 -18 107 55 59 -50 -163 -95 23 -115 -21 28 -157 17 150 -20 -146 162 -56 -38 154 65 -96 -152 173 -9 -81 144 -164 -54 -75 -64 130 10 -39 -131 -103 -82 -8 145 111 -116 -159 26 -122 -147 -111 58 -33 77 106 42 2 -68 -1 -81 -134 135 133 31 109 -52 -46 -58 88 58 -110 145 174 45
58 -90 -117 142 -119 55 5 -80 -40 24 -88 -93 18 98 -62 28 -35 -35 -142 77 -6 65 35 -84 71 -77 27 16 19 95 -63 -139 -73 85 -142 -77 82 122 -119 20 -111 124 134 57 -35 132 -115 70 -119 70 -4 53 -16 126 -88 99 82 35 111 7 -82 -19 -54 -47 21 109 -12 -90 91 32 59 -96 -135 -85 -150 28 114 -13 -126 -121 -104 -138 -44 -59 -44 69 -59 129 117 -116 -71 -94 -77 -53 118 -65 -32 -54 148 21 -2 89 -135 -89 119 -24 145 43 80 27 89 -42 -49 -40 115 74 125 100 41 25 114 30 17 -84 -77 -118 82 -149 35 -62 19 -66 136 -30 -134 123 -15 34 34 15 -17 -96 9 -94 -3 80 40 64 123 -62 -94 20 -65 90 148 115 6 99 58 -17 -85 111 75 -139 -9 118 -17 97 -136 -101 -69 -68 37 -27 -84 94 96 -119 125 144 -112 108 123 118 -19 142 31 -47 111 -118 -58 -106 -99 -103 -65 -136 6 139 30 -106
57 -27 -44 112 -21 -93 9 -134 145 -109 -58 -144 17 -84 40 -84 -94 169 101 28 117 -98 35 -25 104 106 -119 -156 142 -69 -142 65 19 111 -139 -94 -118 -126 59 30 -35 -99 163 -90 -53 84 -118 -66 -161 16 -90 -153 -47 3 -164 -17 150 85 -135 96 94 -32 -54 148 -174 157 82 20 82 44 108 -34 -111 158 -80 -65 -121 53 35 -35 125 70 35 170 138 -166 -99 -114 27 91 19 -123 77 82 -167 55 31 171 -149 85 -114 -28 -173 168 -17 -118 77 94 -42 119 117 74 -18 88 -75 -88 89 -135 155 119 -24 -80 58 -90 -30 -111 103 -95 -175 99 21 -2 -132 122 136 65 -68 -89 -71 -6 -40 115 -152 -151 -5 -15 49 -70 115 -111 136 -15 62 -54 77 118 40 126 27 -172 115 6 -125 -37 -20 118 -134 116 73 -62 -63 119 -77 -123 85 24 96 160 -59 -165 -59 13 136 97 -7 -119 -62 9 148 -154 -162 19 17 -58 -69 -159 82 -64 139 -106
98 -74 -24 -128 -139 -147 37 -114 -94 85 -134 -41 111 -148 -91 -113 66 -122 86 34 126 85 -95 74 -84 -92 43 -110 -82 138 -27 -18 90 -98 141 22 71 86 -42 -31 23 12 -73 149 101 -112 -63 -88 52 89 25 -23 -91 50 75 135 -29 36 -118 133 -100 -15 21 -90 143 -137 7 -74 -8 1 63 -138 48 -145 140 73 105 -79 34 -24 111 137 112 -133 -26 -131 -36 -100 97 -79 -3 -93 126 2 69 1 -9 59 59 128 -50 84 -68 -54 131 150 5 1 -137 -109 -118 39 85 32 -96 148 44 -111 -120 -87 -114 -98 66 127 -150 82 -55 147 108 147 -66 -133 -20 123 20 23 27 101 -60 -150 102 -108 -50 45 -138 -22 31 -48 -132 48 36 -98 -142 22 -27 -82 -28 62 31 -84 -12 -18 41 -148 -96 49 -8 -34 -48 -47 1 58 56 -144 -56 -81 119 -55 30 140 63 119 -141 -69 149 12 43 99 133 37 -130 143 -106 32 -110 -143 46 49 -45 49
157 -56 -50 -119 81 -71 45 48 48 -42 98 12 112 3 138 -150 173 150 -36 -111 41 -138 -132 110 45 -97 31 82 -23 -84 50 -128 147 21 74 96 106 143 73 139 50 101 -112 31 88 48 34 -85 -27 134 -85 52 -99 79 -137 166 -23 -20 -158 -165 82 34 9 94 -114 -154 68 -59 34 30 63 -171 -148 -113 8 128 24 -95 -73 149 111 -149 -133 -15 43 -100 -102 -156 12 -37 -12 -131 22 -87 -119 140 -90 59 27 109 74 98 -74 36 -1 133 -91 22 -25 133 56 -1 -98 96 -141 49 84 147 142 -46 60 -141 -69 -84 -153 -29 137 -24 101 82 -162 -110 108 -1 -5 -93 -48 174 -137 126 164 63 138 54 148 26 160 -18 8 169 -152 -37 -111 155 -161 -105 148 44 -79 -7 36 -23 -58 -47 -130 143 43 -170 -98 90 -91 143 -89 -126 -175 135 -92 -55 123 -147 -69 -2 144 -66 172 62 86 32 151 -20 55 120 167 -18 122 -163 -66 168 49 159
126 -34 126 -26 -9 -5 -67 78 51 -73 136 -36 38 38 -58 81 -15 -47 -136 22 -99 74 73 127 -71 -71 -63 57 120 126 89 -65 62 32 -63 73 -135 -119 71 -118 -127 97 120 9 29 131 -107 -106 -118 -44 18 -27 134 80 -59 4 -84 -81 88 121 96 126 15 145 -121 15 -126 -47 -20 -100 -11 92 -92 -128 149 -48 -53 105 -17 21 87 12 -10 -150 -73 -43 -60 -8 -65 23 -116 -145 1 90 112 -100 -38 -71 -121 -145 -66 61 40 136 -138 -32 -102 93 -24 -34 -143 -77 45 -113 -4 -117 98 100 37 39 -120 -100 -70 -118 -92 76 127 118 -62 -32 142 -58 -17 -25 -24 -107 -148 78 -1 65 -105 -137 -73 57 -16 83 97 100 -34 108 -11 135 -147 -112 -97 -131 4 44 52 147 -111 93 113 -34 -8 105 1 -57 66 -41 -93 139 -139 -87 141 147 -6 -46 -27 102 104 134 146 -18 -65 112 47 -49 -139 28 -47 -144 54 -124 -77 -147 -111 16 -72 130
126 -34 98 -65 29 47 -57 76 -89 -102 -159 16 17 -71 -120 53 -167 11 -63 73 -39 118 18 -97 -1 -32 -17 -126 169 -18 -96 -57 -81 58 -38 -145 24 87 12 34 -45 77 81 -44 4 -120 -149 134 8 -112 -131 -104 -77 100 -154 71 126 -15 -21 145 -147 -121 -161 -152 127 141 -46 -70 -163 100 34 -127 136 -113 -4 28 -88 -165 66 120 100 -162 63 -84 62 48 -47 -112 92 74 73 -139 111 107 116 -23 -126 -5 -168 15 6 131 -171 157 -73 -136 -117 -10 135 1 -78 90 -92 150 -80 -151 -146 139 118 43 57 -24 97 153 15 36 65 -59 71 52 121 92 -105 27 -175 -38 147 158 119 -44 136 166 102 112 -156 58 -65 -65 -106 -170 -16 40 -108 -160 -147 20 66 -32 -51 148 26 135 -128 67 -1 -105 164 4 8 -105 99 -9 118 -32 83 -25 -73 173 -87 -127 37 172 -113 107 -118 147 -142 -100 155 47 -93 -174 -126 54 -47 -124 -138 -139 -72 130
-97 -12 -82 103 136 135 -8 123 -41 138 -122 -5 61 -145 -142 61 -134 -90 137 27 -53 -110 -143 -51 119 115 -89 25 120 -23 -94 17 121 -44 -148 20 10 31 21 48 -67 -37 53 -50 131 39 23 26 -50 125 -136 50 -91 -77 54 29 -106 107 69 133 -11 -19 55 60 -104 16 -100 98 27 1 -96 96 -143 -94 6 64 -93 -134 87 18 15 -4 12 -138 -15 -98 -83 -47 116 107 -129 -117 46 -99 -126 -71 -58 148 -143 4 39 66 -56 134 148 64 75 -130 2 -102 45 111 -25 -107 31 25 91 129 78 80 -110 -4 -66 29 138 2 -124 22 11 -77 -7 32 -134 53 -34 -18 120 129 -37 -42 88 86 -38 -110 79 -87 97 74 136 -72 73 -86 107 27 -25 -139 -148 -61 146 -30 -42 -41 -30 -41 48 -136 28 24 -58 96 -73 -134 -70 76 -18 -117 39 -49 -33 76 96 -35 91 -94 94 -131 -31 -53 34 2 -77 68 9 50 91 -28 -70 -131 24 41
-158 39 -97 -100 27 4 18 15 -66 29 -136 86 148 166 -169 97 134 -102 50 45 -4 -42 -53 51 -148 16 110 159 -73 -134 -27 -54 -107 53 76 83 134 94 23 -61 148 161 -87 -153 160 -28 162 41 -111 -30 -4 -96 -131 55 37 98 80 -110 46 25 11 8 -135 64 143 -26 -66 -125 133 138 -107 167 91 93 -12 -117 152 35 116 -47 58 -9 -68 110 138 -12 -139 48 -17 -76 70 53 -18 -56 143 96 -107 -87 -86 -28 157 -131 -103 44 -48 -154 -15 -10 31 -22 -32 -34 115 19 -88 -170 33 89 70 67 31 75 -151 11 138 18 50 2 104 -129 -2 41 -53 37 -7 134 -136 -73 72 -136 165 -96 91 71 69 -58 -130 -50 163 172 -91 150 129 134 -25 -146 106 -77 -168 -49 -60 -27 21 -61 -90 -50 -25 94 -171 156 -5 82 -34 -121 -6 61 -136 145 25 77 -124 -94 137 -123 42 -78 -129 155 99 -164 -31 79 -173 131 39 23 -77 2 41 149
84 106 -52 90 -40 104 -128 2 -46 -131 103 -87 -76 124 -40 -46 23 79 -88 -70 83 106 22 126 -111 -6 -106 3 -137 -93 16 74 -131 37 -139 -90 64 -22 1 -6 -89 -37 31 128 39 12 121 125 55 -18 -131 -21 136 -107 81 -40 -141 -7 19 94 -129 -104 -136 -114 -132 86 -60 -43 14 -112 -48 -129 62 26 -57 142 107 39 85 -124 -49 -43 -90 -16 -60 124 142 53 -70 96 -45 -135 -1 -68 42 28 125 -108 70 -95 -86 -54 93 115 -73 141 -96 -4 118 62 130 -131 -107 -115 82 72 111 -147 125 -118 -133 -112 -16 -98 -118 102 -52 -54 -23 -1 37 141 -35 -139 144 -66 55 95 35 -129 -105 145 53 27 -137 -88 27 20 -121 59 -79 -37 55 -128 3 66 -73 -78 69 33 -90 90 15 35 101 -85 -107 -73 38 44 -145 50 -105 24 19 72 -133 107 -16 -114 141 104 -73 41 -11 -16 -26 -48 132 -68 -133 116 48 114 -96 95 120 57 -122 116
-167 -26 -152 -35 -106 -53 55 -172 96 -101 -38 105 -145 141 -124 -35 -95 165 -74 53 115 98 16 -50 102 145 133 -54 -89 -37 39 20 3 84 -12 35 136 -88 133 -163 103 -87 104 -142 -16 153 82 28 -161 43 -70 -46 -141 -40 -124 -16 150 166 -96 66 -45 -149 112 107 -57 -1 -118 79 4 -158 -68 19 22 -31 -23 -73 -159 -114 -162 48 171 114 132 26 -156 137 -125 90 39 -16 41 -121 60 -11 -111 40 43 1 86 -90 132 -59 -107 148 151 6 -136 -108 -23 -125 55 -115 69 -137 -70 106 22 55 -54 88 -40 -2 3 -95 -86 -139 27 -7 -33 -70 52 49 139 114 85 124 -116 121 -96 -128 62 57 -131 -118 37 -90 -164 -106 -37 133 -85 -72 16 93 -170 112 -168 -24 -72 -66 -129 -157 154 -142 104 155 -135 -1 -27 62 -160 104 -73 -131 122 105 -128 131 18 -131 6 -37 -81 -68 141 93 90 129 128 129 -19 107 -79 -48 -144 -126 64 21 169 116
119 -121 -58 -12 -97 99 31 133 42 29 -8 -17 -29 68 -140 -124 -147 -82 141 -136 47 140 149 -59 150 -116 -113 11 -147 -58 118 -92 79 -149 136 91 53 -16 28 -100 -150 30 -41 -125 36 140 116 93 70 59 120 51 -147 92 -6 15 117 -103 -40 40 -7 -19 -84 -53 37 -31 -45 -8 -131 -84 66 89 91 -99 20 -95 133 -110 54 -80 138 6 144 21 30 -62 -84 87 -102 -82 55 48 -8 -63 -68 -129 140 -109 -104 10 -147 -44 -105 -142 -28 -85 102 34 -59 19 -84 -132 -82 55 -38 -11 -35 -119 -42 -128 145 68 55 90 -89 38 -132 119 55 -147 145 55 -18 -98 117 28 121 141 78 42 137 78 4 -134 143 139 -28 -91 -42 -122 -34 -12 11 107 116 92 77 -54 33 68 -98 -120 41 -80 76 -144 117 -77 -92 116 -128 98 -86 83 -12 -110 61 83 -93 74 19 -110 -52 -35 95 104 48 -116 -90 76 -84 29 -104 75 -63 -6 144 74 107 -59
48 -7 -116 144 99 92 -168 58 -132 78 133 -74 -59 -90 55 144 -131 -82 55 150 -20 19 -117 29 -77 -109 68 103 -117 105 132 172 -52 95 91 159 -169 89 145 -84 55 125 -160 -100 -8 98 -38 -137 21 -77 175 6 154 31 34 -47 83 18 167 36 -12 -34 -62 59 63 54 164 -76 -149 -152 156 -147 121 84 -120 128 42 70 95 12 -59 133 -166 -120 29 -84 -140 -75 -141 -121 33 -15 6 45 -116 153 85 -91 -48 -78 -104 30 -82 -138 -162 117 -68 -8 118 93 55 122 -170 140 129 -16 61 44 147 116 10 -28 -79 150 -149 136 171 -144 -98 110 35 99 -40 90 -107 12 42 -173 -119 -38 -11 165 -136 163 28 -80 41 157 19 -55 -174 -53 51 -124 -147 -87 83 104 139 4 86 -161 113 -80 116 82 -102 6 143 -28 -145 74 -151 -97 -141 102 -40 -155 -8 -19 119 66 -92 -140 42 35 -76 -89 -68 -140 -28 -84 -104 -158 116 54 30 -31 107 -59
50 -26 145 59 -11 -69 71 -57 108 -30 -145 36 -120 -28 -23 -1 145 33 -5 86 -136 69 1 53 -15 58 -28 -101 91 117 -80 37 -85 -48 -103 4 132 14 75 -80 5 -4 -48 -17 -20 146 -75 -62 -141 52 100 -10 117 150 -52 131 -134 -74 147 72 53 -92 131 141 -16 -121 -8 -116 57 -58 133 -127 90 -111 150 25 15 -83 77 43 48 94 -33 -45 73 28 123 -90 18 -9 22 130 -136 -21 -30 -34 74 -30 -78 -60 29 -61 -80 66 -142 -19 -127 129 -100 28 -96 10 40 128 -122 -69 -21 41 112 134 141 98 -43 99 127 59 115 -4 -53 46 -134 -82 -59 78 -109 66 11 12 -138 47 -43 39 146 -127 136 -20 117 -145 4 -77 -29 -44 -77 58 -4 -100 -80 -141 61 -146 59 -16 123 123 -105 -132 120 128 -148 53 55 118 -9 -112 -119 -111 103 6 -3 -134 148 -57 -140 -69 56 88 -39 55 -77 56 -89 -109 -119 29 52 -78 -48 -126 147 -9
4 -131 -154 -78 148 -48 -57 -140 -69 30 108 -127 -43 141 98 -29 -39 58 -20 48 -52 17 48 75 77 128 -128 146 -1 157 74 -90 -94 -34 18 -166 -10 175 11 -129 127 19 168 100 -152 -74 43 -53 117 -145 99 -161 -69 41 55 -5 100 -80 -141 -78 82 134 -3 -153 80 147 -111 -69 -28 -105 103 -165 -117 -164 -4 -134 77 -159 -116 -66 -123 -83 -134 148 132 14 -90 -103 -174 -26 9 -59 -72 36 -120 52 -142 -69 25 -122 -150 -28 117 59 -145 66 28 -4 163 -158 -15 136 -130 -22 -39 145 -16 4 -29 10 -4 61 78 -119 12 -1 -21 -53 -111 150 -92 -57 173 77 -37 133 162 96 -55 -40 -171 -112 62 23 53 46 132 -15 -119 -120 138 -123 -121 52 53 33 -170 -151 -141 -58 77 167 100 48 -45 88 -127 -16 160 123 59 89 -33 50 80 61 -47 9 136 -86 -169 -145 -172 115 8 -20 -91 101 -5 146 -155 29 56 60 131 141 -80 -156 147 -9
61 73 33 -134 -33 -63 102 61 -60 -50 -13 42 -128 24 27 76 25 -95 -41 -74 41 -1 76 -121 70 36 -150 90 -23 114 -112 -125 110 -59 113 124 -2 130 131 69 -132 53 83 -65 -61 -19 86 -53 119 -23 105 109 -89 62 96 53 73 -68 16 23 -94 6 132 15 23 -39 135 26 -5 -72 131 63 54 -109 -102 30 -132 89 -26 -143 -54 31 135 -130 143 41 71 -27 -32 -28 108 90 -96 -121 -71 -99 57 -21 -81 -136 63 -27 72 114 66 -8 87 -135 37 138 -121 98 -20 63 -98 -110 -146 122 43 -17 135 -75 129 20 -62 131 6 7 -46 124 149 -112 -127 -66 -16 -121 -107 98 -29 53 -47 57 -65 -112 51 142 -136 15 83 58 139 64 114 -126 122 -48 16 -122 -10 -101 124 -80 138 -97 142 10 3 -70 83 -146 -5 -107 93 -26 7 -86 90 -98 123 -109 -119 -121 -85 66 -101 -17 -112 -123 -26 51 7 90 74 -2 -3 120 71 52 -63 -101
61 73 173 -17 -26 20 8 102 41 63 -154 121 3 -70 -41 146 63 63 -2 72 5 66 -160 66 1 68 158 24 89 -30 53 -74 -131 -127 -16 -119 10 -112 172 125 155 -131 -130 175 -156 -21 27 -152 -59 -163 -72 27 151 -73 33 109 -143 90 -109 -112 25 120 -63 -119 101 10 157 16 122 -19 123 -76 -164 -90 -53 -87 43 23 16 132 -107 169 -65 -61 32 -143 101 -121 124 53 174 41 126 -64 135 -54 -98 -121 54 -90 86 71 -102 26 -97 89 -23 -46 7 -29 17 74 81 47 37 -76 96 27 85 -83 -171 -71 -65 161 7 168 90 -39 -96 -62 48 -122 -110 -146 138 -33 6 128 -42 162 -15 13 -135 -98 83 83 99 -110 94 -112 50 61 93 69 3 -123 -124 -170 98 -134 -71 135 -130 26 26 -5 114 6 121 -114 166 -159 -60 95 167 -136 28 -149 -124 -165 150 20 -132 -109 23 -153 -15 -142 -51 132 -138 129 -51 58 36 142 131 121 -63 -101
-30 -74 -96 143 -88 -64 15 -117 36 -123 131 135 7 89 47 -106 -39 7 129 94 149 67 111 137 128 -87 90 77 85 63 150 47 -39 30 -96 12 56 -96 -126 38 -102 -38 -2 -74 62 -26 124 9 -145 75 -130 16 102 65 49 92 38 85 -58 -64 -23 48 3 -87 53 -149 -15 65 -82 -48 120 90 140 -53 59 145 -21 -113 54 118 -33 -51 -129 40 -26 -51 28 -86 -33 102 -8 57 113 -150 28 106 146 79 -16 82 -105 -53 131 68 -40 -71 -39 73 90 136 110 35 -39 101 -121 54 -116 18 117 8 -22 116 35 148 128 44 -51 144 44 -120 -137 125 -94 100 -102 71 140 32 -29 -108 13 143 -38 99 14 108 110 -128 46 -89 -37 34 -2 141 -105 -99 -102 81 64 -47 36 -7 -92 -18 105 81 130 -129 -144 -100 84 -120 -50 87 -80 -98 -65 133 -67 -143 -86 -66 93 -86 143 15 13 43 22 -53 -116 46 13 130 -83 -102 -117 -21 -50 55
-102 -143 -65 -35 43 15 -22 129 -15 101 -7 154 -99 34 130 -172 -102 168 51 -18 -144 -64 -123 131 -111 -143 -150 59 15 110 148 23 64 -37 167 53 -98 -100 47 -74 143 116 35 -75 -149 -30 -130 -117 93 67 90 2 -29 157 -155 -106 32 121 54 -108 -160 64 -26 -74 66 -156 -120 16 87 -162 -44 71 90 -145 -116 -87 96 144 -47 -40 -71 173 -96 48 130 -67 -137 53 -46 -80 -82 171 46 -153 62 100 105 -2 -12 -110 102 51 -13 -161 26 -28 150 -113 -57 102 94 73 -128 7 13 102 65 -36 165 47 140 -79 13 39 -18 108 38 51 63 -81 -174 -135 -88 -118 3 -49 -22 -81 39 -38 143 175 105 87 89 83 126 -56 -21 -113 -38 -140 39 -128 -145 -166 -65 -141 -92 -48 -14 38 -86 -152 90 151 117 -28 -106 -158 40 -163 -124 -33 82 -159 -85 54 136 8 -92 -94 105 86 9 -77 53 -36 -169 -164 170 30 -53 50 84 -85 44 7 -50 55
-123 6 102 84 -104 55 -133 48 -72 10 -113 -50 100 123 -55 -85 143 7 134 -39 -44 -2 80 90 103 44 140 19 92 30 122 -63 -75 -105 -72 10 111 -21 -27 103 124 -94 -148 -88 -30 -21 143 137 -40 141 141 58 -49 -105 -87 -45 19 -27 60 72 37 -142 129 -3 -105 32 -67 -36 -43 -45 -78 97 13 5 139 -33 146 113 56 122 7 -36 -19 -7 -136 -128 -62 -39 29 40 87 -146 27 38 -149 40 -129 42 -6 81 -50 31 -65 14 -141 -149 -74 -125 -40 82 -66 -143 -146 -58 -90 -4 118 1 -137 91 77 -85 12 -138 -119 93 66 27 93 64 138 -104 70 -7 -125 13 103 127 -61 148 35 31 -69 -150 -72 148 30 76 49 -39 98 37 -4 108 83 42 -148 -130 -19 76 -3 43 -25 115 -48 -114 -30 -31 -52 -93 83 -12 51 63 -33 -54 -6 -90 128 111 -42 -93 74 -3 3 -64 65 -111 83 -22 44 143 -23 -41 50 2 74 113 -44 -84
6 -50 -139 -40 -130 113 -30 27 -39 -70 76 -165 -77 93 80 105 146 -146 85 -167 128 -166 -93 88 -76 -104 -159 -72 -49 150 1 27 19 -21 19 -50 41 148 138 -12 6 134 133 -55 7 -125 157 -81 119 -67 -43 115 -83 -7 93 111 -50 103 44 3 21 -143 82 149 35 -141 40 -137 -5 -69 48 72 103 -148 168 -122 66 25 32 164 142 40 -108 13 -40 -3 149 -162 151 74 -22 -64 -4 -29 143 -72 49 -170 138 163 87 90 -51 105 -123 30 114 -91 128 6 -143 31 -31 61 -92 -54 -3 52 -65 42 -146 -38 -27 36 -37 62 122 -31 -124 173 -74 75 -19 2 148 140 113 -19 171 30 -42 -158 129 152 -169 2 27 -113 44 -45 64 -155 87 -94 -154 172 153 -156 161 58 -141 103 33 65 90 -111 83 -174 97 -72 100 14 111 -42 -160 -93 74 39 -10 -39 -105 -33 137 23 -118 4 -148 175 102 -125 -13 3 -136 -7 37 78 -12 -66 -44 -84
-146 5 51 -98 63 -16 18 -2 1 -40 -54 -23 124 101 -28 63 29 106 145 20 90 -66 30 -50 -57 95 -108 -7 149 59 101 13 133 40 -142 -23 64 -6 63 112 55 -134 35 131 74 101 140 -137 -139 86 -102 92 -127 41 -141 -94 58 29 12 -142 61 51 91 -56 90 14 144 14 -54 39 -142 26 -100 -38 -9 14 -32 1 -118 19 66 21 111 -52 51 14 63 -109 -19 126 17 -95 -62 -72 -121 -107 -74 41 58 90 -27 -28 -18 -121 1 106 28 108 -86 107 13 44 107 63 -33 -97 -10 -82 26 -55 -67 117 -117 -52 50 -68 -77 -40 35 -142 -14 72 -24 -134 -92 32 17 19 -14 -110 -67 -126 -115 -108 -142 100 -100 54 -120 -146 36 130 92 -142 -84 25 7 60 -132 -82 27 80 131 -86 -11 -48 -111 29 37 17 -108 90 -144 108 37 116 -43 20 48 80 -97 45 -39 41 110 -97 -11 -144 123 -44 119 -115 -50 81 113 -65 -85 -44 -121 -18
-146 165 -112 -63 -134 -41 118 -1 109 -63 -127 -113 -168 30 -82 -100 66 2 51 28 66 145 44 -72 -23 92 -86 137 50 -91 151 107 -41 166 162 92 -38 140 -86 101 -40 -29 -90 -163 108 44 90 -174 50 33 -107 -18 -17 19 -14 18 172 -14 -64 -25 -61 -39 -28 -144 40 77 -6 19 -14 -144 -92 -24 -150 142 -100 74 107 133 1 -51 117 115 -19 74 167 12 -131 -108 -101 -108 142 68 -152 29 124 -121 14 -56 -97 -52 -45 97 -102 153 -106 90 -37 11 142 52 -57 -36 169 158 -117 58 -108 27 95 -119 14 35 90 -67 -54 -54 -131 161 164 -126 156 -141 101 54 -106 -48 -44 170 28 -142 13 -32 -43 -115 -50 -10 -55 -155 97 -7 -98 -17 -86 -16 149 -100 11 82 -20 -80 -72 -9 144 160 -67 -14 120 -110 -142 48 -159 142 58 -39 21 111 -35 -95 94 32 85 -173 5 -123 157 -110 -154 -7 41 60 1 29 -84 -62 -26 -171 -146 27 -121 -18
38 -92 -6 20 -112 -128 -115 -16 -113 145 -142 -37 -22 -70 -9 -110 -30 81 16 -47 115 35 66 -121 125 25 55 49 4 -133 -55 60 -49 71 24 1 -138 -112 -5 -71 102 27 70 -98 88 143 -59 -77 -83 28 44 68 -35 138 -102 82 76 -4 -127 13 -10 -28 -102 -22 74 -16 72 -69 64 -51 -112 61 -111 -138 77 131 -112 -50 -100 -74 -43 -27 -92 -135 116 -113 -42 -127 -23 77 -101 -146 -130 -111 52 89 -76 110 -126 -88 57 -59 -113 80 -83 38 54 -50 -17 8 128 116 41 25 -114 80 -26 -38 7 146 -104 -56 -77 107 -134 10 -112 107 121 1 -26 103 41 77 -90 10 79 -89 -37 -143 -148 24 145 -130 92 -67 -90 118 -117 -57 -9 132 145 -148 -57 67 -140 -97 114 -46 54 93 -23 122 31 8 126 56 -130 138 9 -27 -136 21 107 39 -124 39 -75 87 93 89 69 -126 -20 -18 -45 -14 -61 -53 -111 68 -114 99 -102 -149 -17 49 9 89
38 153 -57 -9 122 -107 130 -159 -136 -143 -148 111 112 -104 -24 17 -151 27 -38 76 10 -13 51 114 113 -125 121 -145 -145 -1 -152 -146 75 16 -155 25 -93 46 -89 61 -138 -163 -115 174 93 100 -39 107 -10 118 164 89 -111 16 41 126 -110 -142 -37 124 -132 50 70 92 -8 72 -69 -117 -71 -107 131 4 -44 -69 -160 23 165 59 -143 22 -156 -157 -80 113 -50 -112 52 -71 162 -133 -116 -145 -170 114 -68 97 140 57 127 83 77 -25 -39 -47 115 56 126 77 -10 -59 77 9 89 90 -114 49 26 -158 90 -30 -126 -14 -172 55 -101 167 -134 42 88 35 77 -81 1 28 121 150 102 -130 -102 127 168 74 -16 171 -102 64 102 35 67 138 7 -173 -20 6 -20 4 -22 -128 161 -88 57 26 17 -166 -60 55 -74 99 -154 -53 110 -112 -5 -49 76 -8 -149 41 56 -28 70 9 92 146 79 130 24 21 -23 18 -169 -113 -116 135 43 -83 38 -27 49 9
-25 -138 -3 -89 -59 -61 90 -85 28 -106 12 -66 142 -33 87 -49 -16 125 -44 -36 -56 -109 -107 -127 -98 -143 -14 -88 66 -114 -78 11 -42 86 20 43 98 -109 8 84 -148 -75 33 -80 -23 -142 84 105 37 -33 -23 93 -112 125 29 117 -98 44 121 -24 -81 66 1 67 -43 -95 -17 -73 86 -60 80 -90 -17 -131 80 28 -17 -75 -68 -113 110 101 -60 -95 -129 -56 141 -32 -13 -147 130 8 7 107 -147 148 -121 -108 -12 77 146 43 -30 -36 -13 -75 -7 32 -8 -37 -114 -55 -111 111 141 115 -87 -51 -87 77 146 53 -100 108 23 -91 89 47 -35 -150 -75 39 107 -16 -126 -9 -78 111 51 85 71 11 -6 -60 -88 -66 -28 50 80 35 -30 134 -10 87 -138 7 -29 -49 -99 -63 -129 -114 4 146 -123 -62 13 -103 71 -117 -135 -65 54 137 -14 -56 79 24 -25 81 -128 -12 -49 -112 54 -34 -91 -29 -140 113 85 -107 -9 -21 135 -34 127 -150 114 11
-25 -108 -135 121 106 -56 55 79 -86 73 -168 35 29 134 77 146 43 -71 75 80 -90 -17 -115 -109 157 171 135 -150 146 112 -4 54 152 100 -147 130 143 105 -103 -161 -29 -113 -14 -166 7 -43 -28 49 -12 -78 -60 -107 -62 42 91 107 -85 -99 11 128 -35 -11 -125 -111 -148 -151 75 17 16 165 34 -117 -10 -173 109 -147 49 -111 -7 32 9 -87 7 174 24 89 -8 107 -162 114 -158 -129 -23 56 -24 13 -114 -21 14 -121 170 -1 167 36 113 -110 -13 -85 -60 -81 33 47 53 -88 125 163 -98 -127 87 -159 28 67 98 -80 -23 107 -56 141 -77 44 -34 12 -50 -160 155 16 -156 28 138 -127 44 -65 -39 142 -153 -54 -84 -68 -114 -66 -95 -51 -87 -51 -126 175 101 3 138 23 98 123 30 29 88 66 172 -89 131 -30 59 -137 -148 -63 -20 80 8 164 71 17 75 -142 -8 150 -117 -169 -108 -32 12 -154 -146 78 66 -81 -61 66 33 9 114 11
69 36 127 -92 -136 -120 -18 68 42 136 83 96 140 2 70 -48 20 -103 8 98 -83 -128 -36 83 35 -130 40 54 86 40 -105 28 -90 38 -56 -146 -52 103 -50 64 -119 -100 -103 77 -64 -4 103 -62 110 4 116 4 -100 -61 149 -25 -123 101 120 -76 120 -17 133 74 -19 -74 -44 -84 -106 -47 -103 -102 -4 -88 -64 48 -73 -129 28 -70 -36 -72 -67 70 108 -57 -47 89 107 -14 -138 -117 57 21 -53 -14 -21 -99 -78 -81 18 58 32 138 88 -124 36 -49 -41 -26 116 145 -62 29 -103 117 27 -146 52 79 -105 118 34 11 99 17 46 -108 -98 44 54 99 -24 -53 -96 -150 131 -24 20 -58 34 128 108 147 130 2 118 5 48 -15 19 95 46 -126 -60 -81 -2 -13 -9 -89 -11 -61 -28 92 -56 -94 -17 28 -116 60 45 -37 -24 -9 -59 -138 -99 -131 -17 106 -93 -80 130 -29 63 77 -143 108 110 59 80 -136 113 124 111 119 96 -40 95 17
68 168 -28 -60 -8 -74 2 118 86 -29 -4 -44 13 -17 -146 -50 64 -119 -70 -172 36 170 34 119 38 64 160 130 -35 -166 -108 32 -138 -88 -136 36 63 -21 18 -106 -107 -61 -25 58 67 -4 -155 53 -138 79 -5 -19 28 -9 81 159 111 -152 73 103 47 106 129 -96 -116 -57 -93 -80 4 116 -120 -90 89 -52 130 11 84 110 -164 15 -108 103 173 158 -103 54 150 -171 -69 9 -11 17 28 -36 174 101 -76 -28 -136 89 -162 -123 124 -21 -57 117 94 56 131 -59 -19 138 -20 -46 92 127 -59 61 100 -96 49 98 14 -53 -42 60 77 -96 -62 -80 -48 64 -149 40 2 24 41 -153 58 -54 88 48 117 -47 -156 -103 -99 169 34 72 -130 103 -98 14 165 29 -40 -103 -110 167 -100 -163 118 52 146 -44 -128 120 -113 4 128 -74 -83 -108 27 -105 -24 -157 -151 20 -62 175 161 -95 -143 56 -17 -99 140 37 24 133 -154 -147 -124 46 92 116 95 17
-20 -96 113 88 -86 -82 14 83 129 26 43 -113 -119 66 148 149 -99 46 25 105 13 8 1 -127 39 17 75 -150 -37 -135 126 -148 -122 -61 7 -102 61 -10 120 -118 -1 47 143 102 13 -1 -139 -135 140 134 -74 -123 -32 66 82 15 -47 9 -44 -80 -26 52 75 110 70 -104 44 130 11 38 11 -56 25 39 -123 -115 85 -93 -41 121 -61 59 -76 102 149 -36 -95 -56 -128 -22 -89 125 -97 35 -127 33 -45 -84 -135 -49 -102 -93 108 109 20 -33 6 46 7 61 17 104 -5 18 -1 58 -28 -108 66 45 53 -27 4 -40 -7 23 -43 81 23 136 39 -90 -91 -74 -106 -66 136 27 -60 41 53 -37 96 16 78 -61 99 4 25 5 120 -64 22 -8 -113 -67 14 85 -76 9 -35 8 -98 125 16 138 2 -130 55 35 -5 -56 144 -81 -24 -42 89 62 139 42 -98 -121 -96 -89 -117 -24 -56 126 -47 4 -68 -53 -16 -29 103 42 94 -12 -81 -25
-49 118 -123 15 53 46 43 66 169 125 170 55 -126 56 -61 -56 -127 102 80 18 -135 167 -61 -41 -89 -164 -151 172 -96 165 74 135 16 -121 129 2 -45 161 138 37 -1 -84 -26 91 90 13 108 -38 174 62 85 -110 -148 -66 155 -88 103 -89 81 -139 35 58 93 153 23 -96 74 -27 1 -85 41 93 -127 108 26 61 -11 -130 97 -125 102 -7 35 -89 13 105 154 -40 75 -8 -83 -14 -28 99 130 -66 -135 8 -33 61 -16 160 119 -14 -33 -166 113 -115 -67 53 -25 -47 64 -20 99 -86 -104 43 143 78 -140 46 -45 -16 5 -20 -81 -7 -102 68 61 -56 36 17 104 47 -163 148 126 157 70 24 -25 56 -11 -82 -98 -76 149 76 -59 113 162 102 39 134 152 -17 -24 5 -25 -4 -27 4 10 -22 -95 -47 35 -150 175 98 -4 -5 156 -136 -113 -8 109 75 -159 123 -121 39 173 120 37 -42 158 -117 122 -12 -171 -66 -106 -52 -168 -44 -81 -25
-38 2 -95 79 28 61 123 -128 -89 8 100 127 -24 -99 -115 -41 67 -53 -81 -95 92 114 142 -22 45 32 61 105 -146 -135 79 -34 -109 26 111 72 128 -51 5 -148 114 -121 -24 38 52 12 -64 30 -136 -26 83 -30 50 71 -8 93 107 135 -119 -105 -36 96 56 -6 41 -148 108 132 -116 36 -119 98 136 -47 80 -128 116 -100 -74 138 -1 -58 86 79 -97 -108 -15 98 57 49 57 127 -43 40 -120 87 122 78 134 114 20 -58 -146 5 89 -33 -70 114 -100 102 -127 -33 99 69 145 1 46 -121 -36 133 13 -144 70 -46 4 70 -29 -68 -102 -2 105 -56 -107 -107 83 -148 3 7 12 2 60 -80 144 -116 83 35 34 22 85 -19 -125 -63 -23 126 -5 72 107 -72 -116 34 -14 -58 10 -55 103 -18 -140 -63 46 -1 -88 -71 -9 67 87 34 -96 -140 33 95 -125 -148 -61 48 -18 -146 -105 -6 -128 -78 -36 58 -115 -108 55 -24 21 -142 -87 -24
165 2 -53 107 -133 -123 -168 108 63 140 135 6 138 96 -78 -162 -107 -100 102 52 -15 98 57 45 -171 80 -9 74 -71 156 -56 -19 46 111 148 -41 -96 169 -36 -128 125 -6 33 132 -173 -34 -70 -83 163 -1 -95 -46 -148 56 -149 -150 -20 -164 116 -120 99 167 43 -127 148 33 71 -24 116 38 83 -34 -58 -86 95 12 -107 -146 -58 -67 10 22 -80 160 -146 48 79 -108 -23 57 -4 134 -12 -7 95 8 152 -115 -26 -148 -35 -36 135 -125 -8 -119 5 153 36 -55 33 100 114 -64 -158 -159 -69 -26 -79 -108 -157 -128 81 102 61 14 -87 -58 -146 114 142 50 -1 -30 -63 -161 115 24 -100 -105 -41 55 122 -114 70 46 89 -155 127 21 -51 40 151 85 -114 70 -105 142 30 -72 5 -32 -34 99 -172 -24 136 89 109 -72 5 18 -119 -58 -83 -154 -128 166 145 -78 18 -67 -136 -170 -61 144 -72 -140 88 -28 34 107 -3 -105 -103 22 29 -2 -87 -24
-4 -31 -59 -32 -137 9 140 -133 -18 7 31 85 91 -5 87 61 83 -143 -131 98 -102 -35 -41 -1 -27 -15 150 -66 67 121 126 33 -51 119 147 -81 95 110 -37 44 -77 -141 65 -118 58 87 74 -146 39 -19 6 -72 -119 145 -138 115 125 -132 -32 -38 77 11 -130 12 23 -84 -101 -34 63 39 145 71 -101 -112 -9 104 38 109 -9 -46 33 -40 15 134 21 98 65 -88 -63 136 149 -21 -52 -143 1 -22 -108 83 -16 -16 -13 67 -5 40 66 -96 1 -28 -50 65 -38 -25 149 -51 104 5 23 -51 -16 -35 94 -128 49 -37 -116 58 37 137 43 -47 80 -79 56 114 126 -134 -86 113 -61 -82 -101 51 -102 -65 -29 47 90 114 33 125 -126 -56 17 49 31 -28 -96 -79 -148 -83 76 148 -78 -38 -77 90 -12 -90 38 21 92 1 23 43 113 -132 53 -81 -50 115 134 -97 76 73 47 109 117 149 54 -127 53 123 -124 98 103 115 -73 -20 133 -57
-4 -162 -13 -109 31 85 -157 -16 -21 84 151 -121 -87 -16 21 -23 125 -172 -160 11 161 -98 -65 -90 -155 21 -169 -103 -38 165 -166 102 -119 -77 61 146 9 -37 -35 -127 53 -33 6 -72 40 -44 59 80 126 -109 -114 117 -61 52 12 134 -53 113 -118 -149 -148 -159 38 51 -65 -125 -1 -39 126 47 -154 -148 56 167 -98 22 -1 12 -112 -137 58 38 37 5 25 -104 -149 88 -65 -1 74 56 110 168 101 -141 96 115 58 87 16 -164 -86 -91 -73 -67 71 -23 -29 -163 133 150 -50 -92 51 -126 156 43 83 40 -43 113 -173 -79 -114 132 -128 -133 175 -97 76 35 90 47 65 -145 -66 95 130 -170 -145 -108 -140 -9 -17 -101 94 115 96 -66 -171 31 -28 -32 77 153 7 98 -123 32 134 5 46 -19 34 -33 -27 158 47 5 -9 49 -134 -138 115 38 -37 81 132 119 -102 -15 20 104 -49 -152 149 -83 28 -51 -116 50 143 -137 81 -15 -33 -83 -57 174
50 49 -95 -44 86 -4 -131 97 -81 137 84 -23 -39 69 -19 33 -56 107 -93 26 -69 108 74 22 -18 -128 -77 99 -109 -112 150 2 122 25 -8 149 -49 -114 -87 143 118 99 -95 121 19 -122 -150 98 -96 54 137 -2 -93 22 19 -135 -110 102 12 14 87 -91 -91 90 4 120 -26 -58 124 -103 60 47 27 92 84 100 -93 51 131 26 -14 -23 -71 -68 -111 28 -61 66 19 -53 -30 -126 52 -42 -65 3 -66 30 -122 111 -88 -22 -103 -58 111 -69 69 -87 -137 20 59 142 136 -65 -29 -2 -89 98 23 -120 45 119 -145 -53 -32 105 53 -37 17 -17 149 88 17 116 -56 -76 101 -34 81 -59 -42 -42 -124 -28 115 -120 -132 -69 -101 -20 124 93 -88 -139 34 48 -109 -84 38 143 35 -111 -132 -127 27 -145 -5 -83 -137 52 -45 -77 -6 67 -45 39 -41 2 25 133 -4 143 -150 -112 -16 -4 142 -7 -22 40 -105 -132 145 65 -150 -122 16 -91 -13 47
19 93 155 -150 112 137 76 25 -52 160 -69 -131 -115 20 19 12 56 -162 -124 157 -114 -87 -120 30 -158 97 -100 -2 -143 -173 -66 -135 90 -22 44 109 19 -27 127 -98 -65 58 -174 42 -37 105 -131 -119 -65 -128 23 41 -156 -121 95 103 -137 -4 91 101 28 -2 -166 91 -81 -39 -83 91 163 45 -45 -22 35 88 -53 17 -51 -139 -172 -137 99 164 109 151 -7 110 -137 -28 32 175 -116 29 -92 -30 -2 -161 93 -22 -52 26 149 -59 -42 34 53 -108 -26 -145 -152 -14 -68 -145 -77 -132 -111 171 -26 150 122 38 -8 -102 -84 87 -48 133 -150 -154 -101 -20 93 165 -118 -122 49 16 -122 -17 -88 -122 6 84 84 145 -19 47 143 169 -69 69 -112 65 -66 111 5 153 -105 -61 -136 54 -59 -58 -17 -96 143 -2 -81 34 53 -120 -132 -99 111 -39 13 23 -16 -60 14 -74 -107 -159 -150 -120 67 167 -33 -3 95 -50 27 -142 -4 -40 87 89 -170 126 47 168
-70 99 144 -105 -104 79 -50 -14 -8 -91 87 -143 33 -50 109 -138 140 60 -150 -17 69 -100 -88 94 -4 -99 -134 134 -134 147 -123 91 3 -31 100 53 65 133 -44 69 46 38 3 81 -115 -19 -70 -69 -56 22 -42 -25 -124 126 -2 55 93 -118 34 -94 -59 62 -52 -56 -95 -78 -34 -102 -52 -81 -24 72 88 -81 -5 -144 109 24 109 114 -33 -122 -52 -131 46 -104 -41 107 73 28 105 -139 -53 -137 -123 52 150 -20 29 -59 -87 -77 70 35 23 66 131 -50 -28 -52 -71 52 -37 -77 133 -57 -96 -20 148 57 104 -136 -32 -41 77 -74 -142 -54 44 75 12 -35 -110 -23 29 137 59 -35 14 62 110 -144 28 -44 -106 16 -148 11 144 10 53 8 13 -91 33 -100 -60 139 97 71 78 -143 60 30 135 -6 32 -93 85 -126 92 68 -92 109 70 -115 72 56 -137 83 102 52 88 89 -126 7 -55 125 -99 -145 -53 96 -131 -34 114 -42 61 -100 -5 140
5 -106 11 135 102 78 -99 35 -4 -50 -154 169 -164 -70 -109 -69 -68 52 -59 62 -42 91 133 148 -92 -118 -138 140 -150 44 32 159 -24 -109 -50 20 7 -32 59 -167 -31 -104 77 150 -24 -126 126 -2 16 115 -81 -3 152 96 -75 -143 -23 44 148 -137 -23 126 -104 52 -73 56 131 57 -83 72 -153 -136 52 -89 60 -33 -95 -125 52 157 -137 -88 -13 144 124 -172 -94 93 -28 -33 -28 -46 52 -144 115 92 29 -35 -161 -102 28 -44 42 123 33 170 41 -110 93 -139 -52 -94 -19 -151 50 74 160 -158 139 -30 100 114 -175 88 -162 99 -78 38 100 52 10 -71 34 163 25 110 -143 14 62 107 81 -88 -37 -54 -166 35 -96 -109 137 -87 8 -69 105 55 -133 -105 20 59 56 71 41 -12 142 56 53 8 145 174 22 -17 66 131 -171 -99 122 -77 156 -72 -144 -173 65 155 85 -91 -147 -165 -53 144 -70 70 -53 -100 134 134 -14 -34 79 -168 -5 140
-125 27 34 65 -26 32 113 -1 55 -114 -6 -131 -74 -4 -36 67 -117 18 67 -32 -150 85 82 16 -125 -22 -47 -131 119 -117 27 -63 -44 -69 -105 67 93 -137 52 45 -147 -126 -122 -69 17 -12 91 -134 24 -86 136 -60 -112 4 96 -88 8 66 -57 -119 52 82 -113 14 -60 4 44 -114 -55 35 108 58 68 123 83 3 32 -30 -81 64 132 -100 18 148 60 71 -103 -18 -126 -73 70 -59 96 91 40 -135 -46 149 27 7 -102 89 90 -30 -24 95 -100 -112 8 6 72 -85 -7 133 100 125 8 -77 56 121 124 -75 -18 19 -134 -46 4 15 2 49 -102 -34 112 106 -77 61 -58 -96 -86 -8 42 57 -92 33 65 -63 -109 -137 -11 -37 -46 -122 -5 28 -133 -102 93 87 -22 28 -53 2 121 117 66 81 -134 -109 -116 -10 104 -87 50 -96 61 -50 -107 -76 -111 87 -60 -97 87 -130 -108 -30 79 3 53 25 113 148 8 97 -18 -75 88 4 -87 21
107 104 44 -50 173 -175 174 -63 -69 -166 -93 149 -58 148 69 -55 3 32 -30 95 79 -37 76 64 -100 -74 -18 -8 133 61 -22 -88 -121 -53 -167 -83 -24 -18 -66 -3 -105 6 -160 -81 112 -162 -152 53 -55 87 163 170 -85 -7 112 60 -65 -34 148 159 72 93 -87 50 10 75 -42 86 -154 -117 11 131 -4 117 -122 -165 85 28 -100 90 -32 -65 -108 17 15 -91 158 12 119 45 119 -168 155 77 91 151 -117 116 112 27 52 156 -88 -114 -36 2 18 130 -87 150 -133 70 113 111 82 -96 -56 -114 -6 102 126 -57 22 -171 -2 -153 1 125 96 -35 73 169 123 75 137 -40 96 -25 97 100 -113 14 -60 -46 -136 -66 113 -4 60 -4 -124 134 -8 -67 58 68 26 -18 82 16 137 109 63 -126 8 -77 161 49 103 -27 172 -5 -4 27 7 -102 89 28 -67 92 -57 109 -164 59 -134 -125 33 60 -18 135 -34 -122 157 -108 -30 47 86 131 -87 21
45 68 36 -11 136 -32 -24 -35 -62 -79 105 -111 -114 141 -81 5 -127 144 134 -58 107 16 -127 -119 30 -118 -46 35 34 96 6 -137 78 -58 -43 -52 66 -76 88 52 75 -125 -84 -77 -69 86 143 -63 114 -2 -123 90 -8 14 -139 56 -87 101 11 20 97 27 -145 136 62 41 91 91 40 -123 -91 -53 107 -141 48 -50 -52 72 70 44 -97 30 -55 110 -150 -42 -90 -50 77 -91 -29 -126 -89 64 109 -20 49 -146 -135 -96 4 -12 24 -127 54 -86 148 -125 35 -70 -57 109 -85 70 -91 -120 25 21 114 -133 -35 -107 70 105 24 128 -125 -19 146 -3 66 41 105 -110 40 -52 -13 103 101 -62 -60 -60 -149 126 121 119 122 -113 -44 -34 -50 143 43 -21 -138 8 -73 -101 -13 -44 6 77 -90 148 51 127 95 12 66 -23 -107 116 3 148 150 -28 -68 -116 12 -100 -8 79 138 -64 140 72 -37 145 -121 149 -23 35 -28 -30 -87 69 -77 -6 110 -100
45 30 -55 -76 88 73 -101 44 -107 41 149 90 -150 32 44 97 -121 121 119 167 27 -3 -107 53 60 5 -50 151 -52 -66 -20 128 36 89 28 107 78 -58 -150 -148 23 -2 136 50 -56 -96 -62 -171 58 -175 -153 -148 170 -29 -118 79 -125 35 75 -126 -107 95 -127 4 79 -24 136 -19 -90 20 -127 85 -141 -109 57 52 -135 143 174 114 13 -66 173 -8 14 -139 -96 50 49 -146 70 -91 -168 122 145 -37 -77 157 163 105 -42 13 -34 -166 -12 -68 77 -125 -70 -169 -86 -125 146 51 -44 6 60 3 -101 -145 159 -123 21 -84 -35 152 -12 41 11 87 -24 154 -156 -144 -161 30 -23 143 -138 -66 141 69 155 110 -6 -87 -77 25 -63 114 -148 172 -6 -72 -116 -91 28 70 110 -81 70 -64 164 -105 24 77 -127 133 158 86 -54 113 123 11 140 40 -91 126 160 69 64 52 68 -12 52 -35 43 -138 8 -30 119 97 -91 165 120 -162 114 48 110 -100
59 89 -87 108 148 -4 -40 -34 -106 118 -21 148 -44 -10 -121 -30 148 -112 73 26 1 -81 112 87 18 -71 -130 115 -62 -14 13 -11 -74 39 107 55 -117 114 -146 -148 -12 66 123 61 -98 -128 81 -93 19 12 -17 -26 77 48 -2 -26 117 -34 -27 -135 3 128 83 148 42 105 133 -5 -14 -135 140 -74 77 150 -100 -107 -75 -29 45 -75 -14 -119 109 -132 -7 144 38 -128 30 -88 -130 96 96 -119 -4 -17 -52 110 -149 130 -127 6 -90 150 31 104 -55 -12 109 -61 128 -136 -97 108 -127 9 17 -37 -23 89 57 -59 65 -17 -135 -102 82 -33 -45 4 -136 -2 -111 12 -4 104 138 65 58 150 -65 124 62 11 -115 -57 -65 -23 -49 -47 48 -138 -61 50 11 73 81 23 -36 46 -115 -92 60 -21 -74 -37 -131 82 -106 44 30 -135 60 150 46 -13 -36 77 -148 9 41 132 -36 37 125 104 -85 54 2 132 -96 -27 27 -124 -38 54 80 -38 103 -116
-59 30 110 130 -148 45 -6 -158 85 46 -23 -57 -174 -107 169 13 -130 -5 -89 112 162 172 -65 -81 -135 54 -61 -117 -41 -156 -115 -57 54 -80 -2 14 -49 12 -4 2 -4 114 112 118 -140 38 74 -40 124 163 -148 -108 82 -150 -159 37 -127 9 -130 -65 154 138 58 104 -77 48 104 88 128 152 -109 96 -128 36 -136 17 98 -87 -11 166 19 -132 -7 144 26 21 -60 -45 -55 30 150 -66 -148 -96 -136 -27 153 -135 -4 -4 104 150 36 -160 155 -100 -29 14 -115 105 133 -37 -14 38 27 -90 -168 -115 -81 26 -148 -73 -11 61 -83 -157 -165 -46 -119 102 65 55 -123 -48 75 107 -167 75 -12 131 23 -44 108 -74 119 128 -77 17 -77 74 -31 -161 -82 30 121 21 -96 -111 146 10 -62 -106 -124 -132 -71 -92 -151 -59 -173 148 164 -171 -27 -106 -109 125 89 -18 -87 12 33 62 -117 23 135 60 73 148 -128 -34 1 -3 -81 170 -175 37 -135 13 103 -116
-80 -31 149 -83 144 17 143 -33 38 9 -90 -137 -115 80 87 -126 -28 -18 97 -150 -42 87 18 -60 43 93 83 106 145 84 -40 16 72 92 -61 59 -61 72 -137 -93 -92 -28 7 78 144 103 61 125 -76 99 -149 -89 63 34 -66 129 138 44 -100 33 -135 -94 124 -104 80 -137 44 -126 97 5 -45 9 11 18 -138 21 -82 -30 6 -135 -12 -109 -59 -70 31 13 -148 -111 -42 1 -47 -13 -73 22 72 -111 52 118 -93 -132 34 -49 19 59 123 -59 -125 -62 -16 20 -54 -102 86 78 97 79 95 122 51 125 -92 -100 -81 -67 11 6 133 -9 130 101 43 -121 141 -69 79 -71 147 15 -19 25 -42 29 30 115 16 -105 -101 11 100 -109 14 -68 33 -76 80 7 -73 129 52 22 114 137 -32 148 -5 102 -102 84 -18 -121 -114 91 113 127 -130 146 -113 50 55 -90 -48 42 -148 -144 11 31 115 58 -35 -34 -140 -146 -46 -99 -125 130 82 123 125 -71
145 84 -93 92 -124 147 115 58 -34 72 -19 49 -34 25 22 -71 137 -59 -83 69 52 -89 126 125 -38 -114 -155 11 -148 -80 133 125 137 80 -144 -132 118 78 103 -82 -28 172 55 156 68 -14 -34 153 -121 -129 -66 5 21 -102 84 -72 -94 19 -95 -169 15 154 -160 -20 -170 158 52 -92 79 161 1 100 -5 -48 30 82 138 -11 -9 -76 -9 -151 -80 -144 162 -166 121 18 -130 44 173 -167 51 99 62 -46 -33 -106 -87 13 -6 87 76 -29 143 144 -146 -122 -101 -60 -11 104 130 -102 113 30 -137 -16 -86 102 -33 -100 -109 -59 -40 123 -70 -105 -159 42 -148 115 79 92 -31 168 -18 -72 -175 93 -129 140 7 54 -97 -61 -125 -16 -157 -113 -115 -47 83 80 152 7 -43 9 -100 -11 -165 81 12 78 28 -97 163 126 150 61 125 43 -33 -45 -90 -149 -123 44 174 -138 -13 -73 -32 -97 18 99 42 -61 -59 111 -109 -135 -63 -114 -164 -17 111 -22 171 125
-81 -102 40 34 133 149 43 137 -120 -52 -131 -25 130 51 88 116 42 97 100 -139 -12 -11 -123 -138 -34 110 -96 -54 19 12 33 -78 77 -91 -114 -64 -132 124 50 17 122 122 92 113 109 149 129 -63 129 -77 -3 117 56 -64 -115 -25 -97 22 -42 36 134 -5 90 -111 82 -112 112 113 68 -113 -20 -139 142 -144 124 -47 -10 42 -73 55 47 -125 -87 -26 90 66 31 66 -81 50 118 -135 46 -106 35 34 10 122 6 -1 -2 -36 74 -96 -21 147 -46 -115 -85 4 -40 -40 -33 -142 105 -91 -82 -35 -60 -44 -74 -107 106 -120 -15 143 -88 -3 -12 -130 -98 -135 -2 -115 69 -120 -75 61 -134 -53 105 76 -2 14 -143 56 100 50 -134 1 134 23 -111 -32 126 45 79 -139 85 -122 -69 137 36 -31 -71 -48 -1 -19 -147 83 59 6 -133 70 -101 30 -145 33 149 -101 -12 -145 -110 -1 -52 5 75 -9 -15 -28 66 58 144 126 140 -148 50 -38 -131 -57
-81 74 44 161 -34 -97 -125 -73 168 -55 -148 1 115 -33 47 -115 17 -124 135 122 122 -47 -12 -2 32 167 -120 33 36 76 -70 -6 -69 3 9 -68 -112 45 -15 -147 124 58 144 33 40 42 -22 40 -163 -171 -149 -98 -135 160 151 -143 -111 -36 -96 -133 140 -51 153 71 50 -2 28 126 137 -105 -77 134 31 -35 64 139 165 112 101 -10 -78 77 173 -1 -59 142 -118 -30 -154 -152 97 25 -85 139 82 132 172 83 -75 92 -101 129 158 91 130 -87 -113 110 -120 -66 -46 54 144 116 -35 106 122 -46 -23 -19 -90 -115 -36 5 -6 -15 -110 -162 -117 -88 -75 138 123 139 20 122 134 12 56 131 -90 -56 174 91 -11 170 -43 -155 -137 -31 105 113 -10 156 133 143 -113 42 -52 -114 134 25 145 -81 -159 129 88 -107 -157 102 -150 164 1 42 166 126 -106 50 2 -40 -130 3 -100 -111 -142 -1 -52 -85 -60 63 109 134 48 -50 69 66 -38 169 -131 -57
142 -149 25 -40 124 3 69 115 -86 1 93 -61 114 107 -123 108 -107 65 143 -132 -118 -145 -122 17 -109 128 80 22 -63 -150 71 85 50 -36 -85 -44 143 -53 143 13 115 65 2 39 -5 -46 2 112 -18 -104 38 -118 -58 72 140 -114 -52 25 -117 87 -13 -111 -22 29 73 106 36 19 5 -75 142 -24 70 136 62 108 -93 108 132 -142 -129 -31 48 -132 110 -27 -24 -51 -48 69 -5 35 -124 47 49 -103 -61 -56 -99 -92 -32 -64 27 -1 -90 24 -66 121 5 -46 -116 -69 116 -32 -46 63 67 143 -137 -100 -67 36 -27 97 56 129 -68 48 -12 -89 24 136 -24 88 79 27 12 50 -98 -35 -106 9 137 -138 -65 -82 25 -88 -37 143 -124 11 80 -121 38 35 -114 -65 -129 129 -134 115 147 84 46 -56 73 -115 -2 -1 -65 -22 97 24 -35 63 85 124 -74 -67 39 63 67 -51 -49 112 43 -42 122 -3 -9 -1 40 -7 -147 54 112 92 -145 8
-56 -99 5 32 166 -2 -110 51 -63 -53 -80 -1 149 -168 169 108 -121 128 -115 143 87 -17 129 69 -24 67 116 -136 140 -73 -122 -65 -1 -38 104 18 -173 35 158 46 115 -31 -58 89 -106 38 -48 7 162 116 142 -9 56 63 -100 42 98 -66 147 -157 63 -161 -3 115 36 93 -108 -118 107 -27 22 5 54 -44 115 -143 -67 -40 -129 -67 -172 -9 118 75 50 -112 37 -111 107 68 -1 86 48 71 -152 97 -154 36 -22 153 112 159 -90 -50 -35 -156 -13 5 -39 49 -69 143 -163 124 -39 -35 88 61 24 2 -143 175 124 -85 -27 -1 -40 122 -3 -124 49 -114 -132 160 129 117 -25 29 121 -138 155 -43 5 -72 167 129 46 -174 -63 108 -92 -19 52 114 92 -114 -93 -103 65 151 -2 -25 25 -46 -171 65 -64 -62 -79 -88 13 -150 -70 -142 51 -132 -56 73 65 82 -142 -164 24 12 74 -48 85 -84 -147 170 -109 -80 36 -27 46 123 -165 -32 -145 8
-68 -92 -92 88 123 55 91 76 86 7 -16 134 -28 15 132 30 -79 115 -145 -67 -29 -61 -61 -57 113 -55 -117 -16 -114 -62 19 -100 87 16 76 126 -63 31 -127 86 -51 61 -100 -71 -52 63 -64 -148 -148 -9 -5 17 -18 -98 126 -22 50 86 81 -36 130 61 24 -105 61 22 38 24 104 -28 6 105 -32 140 -8 -118 113 71 27 -45 139 112 -15 -86 76 93 63 121 6 17 -48 146 -119 -71 58 -101 -94 -4 68 -9 75 -9 -56 -133 -56 -117 -123 112 -75 -102 -78 54 -42 -21 -110 35 27 -59 -47 -140 70 98 69 77 39 -140 -77 -124 -122 -77 -25 145 59 -78 50 71 -98 -69 24 -10 -105 -86 4 -83 -54 -77 -125 64 -8 47 -8 -95 135 -68 97 23 -133 -16 -46 -117 -86 -101 70 24 143 19 122 68 71 -66 66 140 -19 -24 100 133 -69 16 83 58 15 -143 -148 -20 130 -65 28 -55 48 79 -42 -133 14 150 -67 67 -84 27 38 -72
-55 114 -19 24 61 -170 166 115 173 15 125 -36 68 92 117 -75 9 38 -98 -161 123 110 152 -71 -98 22 -135 122 -143 -77 174 47 39 -163 78 -95 -140 150 126 -61 -68 -14 -25 168 -133 15 162 133 78 -140 127 55 -31 -133 -121 -130 16 133 27 -54 -67 -10 86 -130 93 63 -56 165 -67 -61 117 -100 113 -154 -52 -19 42 -35 -23 71 51 54 -61 -59 -119 171 -145 8 92 79 -22 153 -112 46 16 8 16 -58 -83 -70 -28 15 68 -20 117 -169 47 59 -143 -63 -102 140 -65 61 -24 48 -6 76 148 -156 66 126 38 32 67 71 71 -105 -71 -101 -160 -77 -88 17 4 -164 94 -18 86 81 -100 -27 17 -134 -155 -151 -159 -76 -122 -28 -84 123 48 172 -158 56 -7 -24 27 -42 175 6 -76 45 69 104 -28 77 132 30 -79 145 21 -87 4 -62 -24 100 -86 -50 -24 -77 16 140 -69 -86 86 105 5 157 -112 -139 -113 118 8 -64 -83 69 -72 167
-63 -30 -135 150 46 -38 -76 -68 -95 -42 132 -144 -46 -49 60 137 -133 81 59 84 5 106 -145 101 33 94 -147 -21 82 49 -40 -10 -37 94 94 25 -53 113 -4 39 -106 50 87 16 -69 142 -119 52 59 -53 74 -122 -150 -125 -113 -97 2 -77 -105 115 -56 30 10 -36 -75 -71 -50 -97 107 -116 -57 55 95 137 -60 -17 -42 133 141 110 122 -57 137 69 -144 -77 -143 50 -1 130 63 70 -54 -85 40 -74 -84 -138 -55 49 17 76 -79 60 -124 -86 42 74 115 95 -39 -6 -107 -96 76 -39 -60 -149 79 105 59 -22 -8 27 -51 -32 -11 -18 122 -99 84 -130 56 -67 -65 114 64 96 106 109 25 -115 110 33 -59 -125 14 31 36 30 142 -130 -36 25 -25 -21 82 58 133 -80 -21 12 47 -110 144 -66 -21 121 34 72 -108 105 -117 92 -7 -70 150 -70 109 -120 -109 -27 127 -19 50 -70 69 33 31 42 -61 43 75 -92 129 18 120 100 -142 -76
109 130 -84 -165 133 19 109 52 86 124 -60 79 80 -50 -40 68 36 133 -96 150 -138 105 49 120 -27 8 -21 -82 -25 -144 142 21 42 60 -95 37 -76 34 172 -77 -143 -97 120 -158 17 -49 -127 101 63 95 -166 -151 122 43 95 54 -70 70 -113 144 100 107 -39 170 -18 63 59 -160 115 79 -173 -66 115 169 -50 76 57 59 -33 -113 -75 60 33 122 119 -74 -10 150 152 125 -7 155 149 -55 70 25 -1 153 144 -18 115 110 161 -10 -137 2 -67 -65 85 -157 30 64 -106 30 -42 -97 -36 106 69 -17 -145 -25 82 -59 -105 12 -27 174 50 -72 -121 46 156 163 -59 42 99 -162 77 -150 110 175 42 -94 -40 -5 -69 -71 -129 105 -110 154 -137 58 -122 -39 53 -47 -92 -94 57 -22 -6 -96 159 -109 142 -130 -125 14 168 -25 164 46 108 -61 -130 -30 -70 -36 38 16 171 -116 -84 55 56 147 -94 76 -53 -135 -81 167 132 -51 -106 -60 -142 -76
-73 -37 147 21 -67 -40 -40 13 60 114 -65 -103 -26 82 -74 -150 -127 113 130 55 104 139 46 -52 68 94 69 -66 -45 -5 7 -122 -13 -127 -122 75 23 93 90 31 -99 -139 101 132 75 -29 89 -96 124 95 -67 -56 127 52 -137 91 36 -6 -125 -101 -105 -29 107 74 -86 -124 -84 80 -13 -102 -111 20 47 150 -27 -53 -13 -78 -86 82 61 33 102 -32 -33 90 -150 -39 -57 145 32 124 15 28 124 38 -23 15 102 -144 88 -128 131 -111 43 -66 -122 49 -18 2 -26 29 99 20 -110 87 -31 -83 3 31 -120 -17 -78 -46 -139 26 -45 -63 -139 62 -149 100 -56 73 -30 35 124 -40 71 35 -106 -95 -66 -132 38 41 68 61 -80 66 86 -31 108 23 -2 -91 26 139 -27 14 4 -75 67 -85 -113 -147 98 -94 -60 -147 -20 -130 -103 125 36 114 -126 -121 121 -118 -106 -148 -84 3 -79 38 -131 -84 92 -138 -144 -120 47 84 78 -50 -125 107 149 106
-125 -26 113 -158 75 -13 161 -95 90 -20 111 -147 113 85 101 -56 150 -78 56 -94 -83 -66 82 -167 36 -87 130 124 120 105 86 -74 -6 -52 163 -63 -131 -38 132 -84 -108 -61 164 -65 -103 27 -139 -169 -118 -100 160 95 -57 -89 162 -47 66 98 -139 130 75 -26 -30 -126 -86 -154 -26 20 -47 -38 -45 -5 7 -4 3 -40 -107 46 102 13 -139 -147 60 29 114 171 -128 -172 173 -101 -79 -174 80 -15 23 73 -74 -121 121 60 -32 78 -175 -168 -124 -124 29 166 -73 139 46 127 52 -170 -66 138 68 91 84 -91 20 147 -157 -43 -131 29 137 -159 -23 -124 -125 -145 33 -144 -67 -127 -94 49 -153 -13 99 -148 -132 28 3 67 -155 -96 32 106 -165 104 -17 -150 75 90 -150 103 122 -110 152 -55 -21 -13 -15 -31 -68 -86 31 -45 -67 -38 -156 -102 -102 -82 35 78 39 -27 -62 144 66 -120 50 -127 -26 37 107 92 -40 -114 151 80 88 -124 69 -41 149 106
21 -139 -129 -120 -107 27 -58 10 -91 47 -52 -99 -36 -121 52 -143 57 -86 103 7 -86 -138 -8 -39 -82 44 112 -111 21 57 51 90 7 45 52 -129 -76 -87 -110 3 136 -40 5 -34 -139 58 16 128 -4 -51 -108 -27 6 -12 71 -112 98 132 -145 81 -71 1 -110 -99 84 76 1 135 -29 -147 -27 -101 125 81 24 34 -121 95 149 7 -82 -10 -104 -91 91 45 -68 119 97 38 85 -90 1 -8 -87 141 -46 -129 -110 -114 -140 -3 149 35 41 55 -49 58 23 -116 -147 -109 30 -72 72 -30 -108 -39 -78 15 -71 113 -135 -129 -25 -22 -113 26 47 -123 149 149 41 117 130 -43 84 119 -60 -148 -114 60 -130 51 98 148 144 149 150 105 49 51 -66 -86 119 147 -93 -23 16 -27 113 -109 120 102 -29 -139 85 100 -76 -26 -147 105 -16 90 104 -78 147 -77 84 104 -53 -35 12 -122 23 -118 20 -50 103 2 -121 -84 133 -7 75 24 -42 -135 -28 -102
21 -139 -129 166 113 -23 -39 150 -46 15 -148 93 87 -30 147 170 113 149 154 156 -120 111 49 171 -42 107 45 -49 121 -104 114 162 -27 58 -157 66 -51 81 152 16 23 -105 -167 72 148 -110 -72 164 -130 -51 132 -147 7 -27 -145 -71 102 -90 -60 -86 71 -122 -1 -7 4 -55 84 24 -35 41 -36 -149 -38 -41 -174 -52 -119 -76 -147 -139 -91 47 173 -112 51 -135 108 -117 155 26 -110 45 -84 -101 -172 119 -91 47 -135 -85 91 104 82 -7 108 -153 -86 52 97 -12 21 -100 -10 -27 2 -103 -20 113 168 -109 -140 1 -110 35 103 -128 -16 78 -121 139 99 147 116 163 -81 -125 29 27 -16 -98 76 1 175 53 12 -60 -8 105 -75 -90 144 43 68 -87 141 98 -138 -8 119 112 -129 -25 -118 34 -24 44 165 123 -161 -86 95 6 40 -151 85 29 3 -30 -160 52 169 76 129 57 -90 135 114 -7 5 -158 -143 -133 -147 26 -159 3 34 84 -28 -102
-7 -26 -91 41 -132 90 -6 -95 -100 119 106 -77 -5 -98 -37 -108 -116 -120 44 46 78 -61 36 -133 -34 -18 -12 -115 40 -41 102 -62 6 49 -83 -48 72 69 -58 1 -10 -87 -30 -33 105 -110 39 -116 -97 -22 132 138 -86 -66 92 -98 58 -112 60 97 130 -118 -35 73 -83 -112 88 16 48 -52 -4 -135 101 -150 39 -141 114 150 20 -116 -136 -148 -62 -62 -124 22 -106 22 -144 -150 78 114 -29 -102 -145 53 73 -62 -113 132 -127 58 137 113 -53 -130 -39 34 4 127 -34 58 -93 -74 -52 -88 -127 147 -58 -61 90 -26 53 63 6 -57 -123 124 -134 96 18 -145 126 -66 144 93 -136 -57 -37 81 -6 -90 134 106 60 -33 149 -13 43 149 -96 148 121 75 138 -34 97 -119 -93 45 -126 -33 -101 92 -66 -147 -95 -75 -111 -101 -8 90 59 82 -100 -24 61 -57 -102 20 -61 -24 6 110 44 -26 5 150 -120 -75 50 3 -4 68 144 -20 71 -49 -137 -31
124 16 -127 -154 -134 90 148 -77 160 58 174 -69 -100 -78 6 -110 45 -49 -127 -101 -53 58 137 -152 150 -101 61 -34 18 168 -96 12 58 141 -26 106 -33 -108 -57 81 -39 -105 167 -126 75 -136 -112 30 33 6 -4 53 -26 -149 -73 -41 -159 145 96 -35 -172 -130 -39 -153 -63 53 121 101 111 -62 155 169 98 -33 40 39 93 97 130 36 114 83 57 149 97 -119 90 -90 93 48 -113 -20 20 -6 -49 -62 44 -151 86 -138 -78 -34 -124 29 -144 92 -66 -166 6 -118 -22 138 -34 -60 116 -20 -22 -133 -34 132 -41 91 61 66 -98 58 62 -5 120 75 162 -18 112 93 -150 114 171 -144 -88 -116 -97 -164 -173 -52 4 -87 119 -163 157 -147 -95 156 82 136 -148 -106 4 -7 44 -62 71 -58 -132 -13 43 61 -46 102 161 1 -95 88 -134 73 175 -48 72 145 116 120 61 68 3 -170 -5 -37 -165 -126 -10 -57 -123 147 -8 -102 135 -26 158 75 -137 -31
29 116 81 -107 -10 -122 -108 -149 -116 -20 137 43 -101 96 49 116 55 110 -94 104 -116 79 5 111 -27 12 146 -127 72 -111 57 102 -35 93 -21 -120 -40 44 32 124 51 94 -75 150 -9 118 -35 8 40 -84 122 -123 -75 -126 -79 -96 -36 126 112 -91 -29 -138 -1 36 -93 -74 69 103 41 10 70 70 -12 113 -123 86 60 -2 -58 77 -148 -117 89 -10 7 67 -111 46 119 -38 6 74 117 137 -16 106 70 53 137 -112 68 57 -20 124 -7 -33 -62 142 -83 111 -81 -24 68 -77 -16 55 32 38 -150 118 96 108 66 -55 128 -107 -30 91 -84 -14 -60 117 44 -68 -140 -27 133 51 -125 -82 -28 75 126 120 -72 110 -102 77 -107 -111 35 136 -150 96 123 126 9 -141 -48 -64 38 131 -32 -18 -127 -17 109 135 -9 105 -83 5 22 -132 112 98 -132 -3 83 68 -111 56 -56 -98 57 15 -5 -100 -128 141 132 80 134 122 -147 62 75 117 -82 -107
20 -16 117 -6 106 70 -9 157 -158 14 30 151 -137 -83 -9 160 -113 172 -142 32 -83 150 122 51 -120 35 94 55 53 -96 -84 -171 -10 -100 -112 133 -29 -10 116 81 150 -98 132 38 -68 -98 -175 -127 -22 69 103 156 -17 126 46 137 -138 -62 110 -94 68 -72 -68 -38 -57 12 -86 -57 -32 74 109 8 102 -75 40 -32 16 3 111 -91 18 152 -35 -75 -149 -62 58 141 148 44 111 35 33 7 -124 153 -163 137 -27 -70 159 49 27 108 -93 -169 116 -104 126 -57 150 -174 -77 -134 -166 -20 -127 123 123 126 132 -36 5 -5 24 81 -75 168 -154 28 125 -74 -111 60 89 7 9 117 -167 -41 -12 -164 -161 96 132 141 -111 -79 -36 96 1 -123 64 48 107 -67 5 83 -105 -128 66 -55 77 -107 173 -110 -80 -70 162 84 -108 40 -155 21 51 -43 -135 29 56 -146 -126 170 -77 -38 -107 165 102 -93 -128 72 55 -118 2 68 -117 112 122 117 -82 -107
1 -56 -131 140 75 145 -73 -125 -19 53 11 126 8 4 -42 16 61 89 56 116 -58 -122 112 -112 36 119 87 -46 67 -110 -102 59 66 145 73 64 87 122 16 -62 35 91 73 -121 -10 -34 -70 27 -6 146 -87 137 59 27 -148 -106 114 65 -121 -58 -56 -8 -118 -34 68 -143 5 67 10 -126 137 61 -39 140 139 5 77 -76 -55 -105 -116 95 -148 -148 -54 7 -121 -2 64 -41 112 -126 -8 -19 133 22 11 76 33 96 21 119 -35 -83 -29 -31 123 -81 -29 147 31 120 -39 -123 138 56 35 -94 -84 140 149 -138 -67 85 85 132 -9 -141 49 50 39 121 -131 -36 -23 96 -17 -114 17 -91 39 70 -52 -119 99 92 -94 66 -85 19 52 -81 -112 115 -68 85 -51 5 98 121 148 -145 -98 28 -106 134 -34 -84 8 -120 43 124 83 109 -1 -77 -49 36 -144 -51 -109 75 -122 -11 -132 -140 9 -135 47 -90 -88 24 67 1 -88 -61 2 26 -77 141
119 49 141 105 68 163 -29 27 149 7 67 -112 153 -94 -31 134 -106 88 -135 -34 155 -5 87 21 -53 96 -76 140 50 -91 -167 -39 94 145 19 132 -112 116 54 -77 16 -137 98 148 150 -67 -159 16 109 -5 -81 -2 -24 -56 39 -174 118 76 122 -85 -64 112 132 126 -122 -33 170 9 5 -96 -91 42 -144 58 -138 89 -31 123 -148 -83 1 115 -62 -98 -66 8 52 137 126 -36 151 -61 171 -95 -125 165 -106 -158 61 -2 64 -114 139 -154 -121 47 11 156 26 102 110 -67 143 116 90 -169 -112 -84 -140 -77 83 -41 -87 -27 -67 -157 164 46 6 -148 -56 66 39 -140 -4 -172 -34 -35 -162 68 123 -138 -56 148 152 -99 28 11 -73 -9 -126 121 -56 -131 75 -133 -10 161 -121 -10 166 131 -84 120 -39 -109 121 -17 51 -85 59 19 -173 55 17 -8 35 -49 65 -1 -145 160 88 81 -52 -119 11 73 124 -114 -73 -145 -85 -120 43 -147 168 8 -77 141
76 122 -125 -113 27 80 113 140 -3 30 -104 63 -148 69 -24 -70 8 26 23 31 61 -13 -18 -107 113 4 60 -79 113 -99 -146 114 -56 68 -106 4 113 86 150 -39 69 -10 74 -78 -117 -28 8 97 -148 27 115 133 -95 -20 122 68 -65 76 -47 -100 -142 -50 107 -26 -4 -55 59 -86 99 75 146 116 150 8 63 -51 51 21 -89 121 -102 13 46 14 -47 101 98 -53 39 -145 31 -139 -45 -125 72 73 -109 20 9 80 -23 145 28 94 63 99 145 28 -64 63 57 -103 70 118 41 14 38 -5 -49 -19 62 61 -38 143 -47 -76 16 -131 37 126 140 79 27 143 -103 134 142 34 -35 53 -124 104 41 -114 -12 7 95 62 74 -59 103 83 100 -138 66 -16 104 54 -5 110 -111 51 -114 23 -61 49 78 141 -140 -89 -40 -15 123 114 -16 101 -34 -145 -57 53 -75 40 140 72 -51 -42 49 -57 -12 68 47 59 63 -134 26 150 -74 -116 10 -59
122 -113 -63 104 8 26 23 31 163 -124 -157 13 -171 -65 76 -35 -46 74 53 74 -150 141 -140 -14 -117 57 -140 12 145 70 -122 72 99 -19 62 61 -114 -27 -31 -153 104 -113 164 76 83 -47 -114 159 34 16 -114 -126 115 167 51 -63 -162 37 145 -8 70 75 69 -10 150 20 -74 -28 -51 -64 -47 101 -63 60 173 -68 -49 42 160 103 53 41 -166 131 15 -111 28 -59 -145 -95 -113 102 158 161 -86 49 -51 140 -99 5 -118 14 -16 34 -41 -7 40 39 39 -113 27 145 -62 -21 -4 150 -50 107 13 18 139 107 -23 175 -148 116 66 -95 23 -154 146 -142 -12 174 56 -151 -47 125 -98 -26 -143 53 172 -4 -55 89 -57 142 100 59 16 -79 -168 59 -97 28 -170 169 -100 -148 45 -73 -57 -68 -63 -79 -116 49 24 -63 -51 80 113 8 26 -38 -155 -94 110 140 156 30 4 -123 -143 5 114 -165 -40 20 78 -47 -54 72 134 121 9 -152 10 -59
11 -12 -63 -19 -103 128 94 -135 149 128 116 -36 79 62 136 31 92 -25 -12 110 38 -145 -95 139 -148 -62 -96 114 148 30 138 -119 -127 63 -103 79 -14 29 14 -104 -127 17 -115 93 -24 -27 -35 23 10 -32 31 88 35 -43 9 98 3 -76 61 126 124 -110 -90 -54 19 -136 114 103 149 -123 27 28 -5 103 21 2 -102 -97 35 -118 37 -92 16 141 82 109 77 -38 -22 -102 46 57 138 -68 -104 -9 137 -67 47 -122 55 65 -91 -91 109 -69 -139 -91 138 140 103 36 52 -27 112 34 93 7 -141 89 -103 36 -17 139 101 -99 -50 110 -61 130 150 90 -142 34 150 53 57 -82 48 64 -110 -37 99 5 76 -135 116 -32 -125 -63 -16 -86 -130 146 61 102 -81 -24 -122 65 -83 119 9 1 7 57 8 -148 68 -78 43 89 -104 -4 -68 23 -134 -68 70 -13 -106 -102 -55 135 6 -27 115 -53 -34 116 116 37 5 -55 60 -19 -14 -146 -16 -50
-19 54 -103 -76 61 148 81 52 -27 139 91 118 -122 109 -63 141 69 -116 151 -34 -112 30 -50 -175 78 -22 103 -154 -43 25 102 5 24 83 172 -55 -61 148 -139 -165 11 -146 130 99 -55 161 137 -99 102 103 -101 -37 139 -94 96 62 -68 -29 -79 36 155 48 98 16 127 -166 -9 159 27 -63 -43 164 -160 -12 97 -110 152 -130 50 -92 -149 89 119 27 -28 -21 123 7 93 -2 -142 34 128 163 36 110 68 -124 125 -19 -103 47 148 126 86 109 122 16 -38 102 157 150 -128 -12 89 -70 134 138 90 115 136 63 -14 -9 -135 149 -167 -169 -53 61 -114 -65 67 171 104 79 174 -102 77 31 88 -17 4 93 -141 -153 -138 -14 95 -5 -140 -91 19 46 57 -10 55 -145 -60 -76 14 -37 32 -103 38 -57 106 92 -64 36 -173 -23 35 115 34 -1 17 -162 119 -116 32 -23 35 16 -9 -31 -5 -170 146 168 103 82 -110 150 -127 -114 65 3 158 156
-97 -57 -80 12 -102 9 66 140 -50 -64 -90 -145 -143 138 -86 11 142 71 -107 -14 -147 -51 -94 89 120 -127 -25 -8 140 14 -122 96 -112 1 29 53 13 -30 55 98 -69 -8 87 17 138 -9 -108 -74 -40 4 -102 -78 130 22 36 84 141 -74 -124 -73 134 11 4 149 13 -69 138 -97 -141 -148 6 -91 -113 -104 13 49 54 -82 -127 -85 -147 -146 148 17 -50 -35 -50 2 -59 59 -142 -47 136 60 -87 -29 122 43 145 9 62 -29 13 -66 -37 -95 -29 52 -143 65 89 94 5 119 71 96 -95 75 15 110 -15 80 114 -116 92 -83 -104 94 -1 19 -12 13 59 -31 -131 57 57 -81 44 -57 4 -143 -134 84 -85 147 107 122 -137 119 -114 -92 96 91 -73 112 -138 -54 -115 115 80 -58 69 -16 -46 105 -120 -114 65 98 -2 75 -92 -32 -84 12 29 -48 -92 -23 -95 16 48 -117 28 -128 -54 90 -117 100 -35 13 -67 -149 104 72 122 50 -2 10
-97 14 -155 -138 90 -65 100 4 148 149 150 -160 89 94 87 157 -16 -46 29 -119 -37 9 66 -9 -174 -84 -165 57 13 -149 151 145 116 54 122 -72 -14 -140 -170 48 -114 142 -25 8 55 12 -29 -164 16 15 84 -152 -36 -147 85 -13 12 107 -84 104 -54 23 113 -159 138 -82 -69 -173 -80 -115 120 145 -102 -96 80 166 117 40 138 -74 122 75 -94 80 -57 -96 -71 -91 50 50 -140 -75 13 -71 94 -171 169 158 87 -13 -59 -57 90 98 -74 28 -9 156 122 -4 22 -58 1 146 -52 -172 143 44 57 -86 -92 -50 -50 -107 -78 120 -127 12 112 -62 17 131 31 29 -29 89 -95 148 167 142 -95 -136 85 127 -59 -112 11 -43 -122 -2 -130 -1 -110 153 30 -134 -104 -19 11 49 32 35 -147 162 8 29 -168 115 -91 -134 102 -92 -128 53 59 -163 -92 154 -65 -13 -13 -147 -15 -95 -143 4 -92 124 5 73 48 -6 -81 -54 -66 -161 -143 47 -2 10
-36 -21 -117 -125 -61 -90 98 98 56 -5 -5 -85 -88 -146 -147 71 -93 27 -46 5 143 116 105 -99 -135 -32 -138 123 -125 25 38 -23 -143 95 136 56 -146 -43 -6 -59 -96 1 -62 145 -96 114 -91 107 -150 131 -106 -4 52 127 -86 -106 99 -81 -142 29 -57 74 43 146 -110 -11 -132 144 14 48 -89 79 -49 127 85 -110 149 -38 -132 12 129 59 29 -109 -90 63 -135 -2 -50 126 -63 -145 130 -34 28 -97 -108 123 75 65 85 -113 -120 138 12 -9 -132 -150 39 -80 -95 63 75 91 65 139 92 63 -10 -38 -46 149 -150 7 -115 45 -55 105 58 -94 -49 -17 34 120 35 -143 -128 117 -33 21 -44 115 -45 -132 145 12 99 13 50 -129 -107 -145 140 -75 -130 -132 -77 -95 49 -41 -2 -24 109 83 -107 138 -104 94 53 -133 -110 -22 -93 111 81 -125 -138 -87 -21 21 141 140 120 117 99 -17 60 127 -85 50 5 76 97 97 114 -93 106 -126 102 118
17 146 -113 151 168 -98 -11 -35 -132 -109 173 -141 13 -45 99 55 -9 -50 56 -146 -138 -152 -86 -126 -123 -160 32 -96 85 -172 49 -49 24 -107 -126 -91 -59 175 -132 145 111 166 81 -89 -52 131 135 114 165 39 -130 -132 -77 -95 -143 29 94 -127 45 -125 -28 164 -136 48 -130 -156 -60 105 -115 108 -93 -127 170 120 115 79 56 43 27 59 -63 -92 -106 150 21 -97 49 50 76 -98 -38 -25 75 -135 7 5 50 -146 -65 -90 -2 71 53 2 -129 147 154 -117 46 -62 57 -144 117 21 36 -110 -120 -46 149 -97 132 109 -145 34 80 38 -61 -90 83 21 -138 149 -33 -85 -96 105 -94 150 95 169 -38 74 91 -114 -5 -167 155 107 -140 159 -29 -117 128 -97 99 -81 10 -41 171 63 -123 -88 -75 -99 -87 174 153 -116 -95 143 23 -138 -12 132 145 157 21 120 4 106 1 -93 145 -161 -133 158 44 58 127 125 125 140 -163 138 162 -129 110 -34 102 118
123 -99 79 -21 -4 -67 -28 127 57 -15 75 69 -122 -66 147 26 -23 -1 150 105 -143 -11 -49 11 54 -126 37 4 -123 -17 63 27 6 -46 116 93 125 47 75 93 -49 -73 -93 -87 128 20 -20 -84 -142 124 11 34 -119 -64 123 120 -108 5 -88 150 -144 2 144 123 -125 84 -93 69 -8 -121 118 -115 24 -84 -27 109 79 -17 -65 76 -150 -92 50 -53 68 113 105 99 -114 -119 -148 -27 -104 62 72 -27 -129 -39 -136 -143 -103 -134 137 -101 34 -4 34 58 29 -120 -43 -149 -28 -2 -87 2 102 -104 103 33 18 -98 132 55 15 -72 -65 -114 36 129 107 6 48 50 -43 11 127 -63 93 -90 22 46 -108 -84 -33 -128 -145 137 -79 -33 -39 136 -110 -43 -52 62 7 -5 -44 44 79 -19 -70 44 75 10 -85 -140 87 -76 10 -122 -92 -51 4 -30 -45 -119 69 18 -136 87 -61 -119 -49 -112 -97 -127 136 105 141 -81 106 87 -16 -10 -80 71 26 121
-43 -174 123 165 -68 -121 11 87 172 127 -63 -15 -166 -105 44 -69 98 39 -46 87 102 155 33 81 115 144 -18 -69 -99 -160 158 90 -116 104 -168 -28 24 -110 76 -17 -123 -8 -50 119 -108 -137 -125 -114 -123 -34 103 175 113 55 137 -44 107 149 128 -57 -127 -50 -120 -122 92 79 -93 -143 29 123 -164 -18 -141 -75 70 19 156 -2 -119 -49 -87 2 -45 -161 -53 -26 173 134 -105 -27 37 -145 36 -80 162 6 22 20 -170 -51 11 -171 -79 -153 -65 43 -140 119 144 -48 21 62 150 -76 -147 66 -84 -105 -142 124 11 -43 10 -49 27 -2 15 -93 72 20 -67 -28 -85 -120 33 46 148 127 -64 -118 169 34 -84 4 -84 -159 -92 4 79 154 10 -88 -125 84 5 52 -151 -27 -106 -27 -5 108 -136 -34 -4 -136 -23 -163 -109 -39 -65 167 69 6 10 -79 -143 -128 -129 -157 -33 75 -49 -73 -122 -17 11 -97 -119 -58 -112 152 87 -72 -61 -99 93 -150 26 121
141 -146 -76 -14 -66 -104 -26 -123 91 -98 3 -46 -13 119 108 -62 -37 89 146 -141 -96 -22 90 150 -76 -38 48 107 -46 -117 -150 -133 120 20 24 -14 61 111 -53 53 -119 8 -32 -114 -24 141 -21 -63 118 34 64 128 -71 -147 46 -31 -9 127 -45 -136 -21 -39 -67 -105 48 122 70 -52 -42 68 -15 102 76 -12 -85 96 -129 45 -77 62 -88 -50 -126 -96 133 116 -81 141 -33 -148 -121 -57 -85 45 -126 24 25 2 116 -26 -150 55 -136 -74 -134 26 140 123 -81 -50 -75 33 32 -99 -15 120 127 -113 96 -76 -97 -128 96 -96 123 -111 -18 -8 4 -6 97 -70 -59 109 23 -126 37 -27 -83 -119 -24 -35 -67 29 36 -61 78 82 125 38 -41 -117 23 15 -142 55 139 86 -122 48 -111 132 94 129 -105 124 -23 -55 40 61 -120 132 -64 30 33 64 -69 30 98 -118 -51 82 -12 -48 -146 -85 -35 112 -138 116 -115 33 101 -136 71 141 -131 63 -30 -16
-45 -165 57 142 97 91 -98 133 55 150 120 85 -27 -151 -102 -42 141 64 -111 138 -20 -120 -30 -119 159 140 123 -172 163 -112 81 -8 -158 -50 -75 24 61 -120 36 -15 23 46 -127 153 -125 -136 -62 -170 -32 76 164 -169 -46 -30 171 162 26 76 -55 108 -134 -111 -115 -133 22 -119 -146 -96 -82 -126 -15 -98 -136 -61 -175 -150 96 148 139 -166 -33 -13 45 37 -156 -37 32 25 -53 -128 117 -61 35 116 160 -14 -141 -96 -147 51 -62 174 116 31 -52 146 -2 39 -123 66 -23 -35 -41 121 -45 40 -59 -132 69 -161 146 12 122 -118 48 -24 -50 132 128 -129 -94 85 24 89 -8 141 173 -107 -141 48 -155 -70 -105 124 -167 67 113 -168 88 118 33 -127 101 -122 -48 33 33 -111 -119 -53 -83 -18 -96 -141 -12 -152 86 15 29 -126 -109 -9 -26 -21 -96 150 -68 -77 129 85 105 67 157 64 116 -131 -70 -71 97 71 4 104 -82 64 78 46 63 96 63 154
-120 -55 -22 104 -83 92 -29 -16 -85 32 86 -78 46 64 51 89 78 -114 -123 -10 -45 84 43 86 81 83 -46 19 -135 82 -9 -96 90 93 104 -87 123 -28 94 -42 118 -102 15 136 76 -37 82 23 99 28 -90 -115 -23 57 14 -40 109 -49 -42 -107 -83 66 131 -58 39 55 -69 15 28 -12 -112 -11 -111 55 3 35 -38 -32 71 -139 -114 -43 71 19 -22 -59 -100 -127 77 -150 -141 47 56 24 -105 131 -10 -46 -72 -99 19 -38 -14 -33 140 135 80 93 -110 -110 21 61 -31 -55 -27 -72 -108 -141 -128 85 3 -61 19 -75 -42 -28 138 149 -33 117 31 70 -56 102 -84 28 -110 -121 -129 -47 -59 138 -45 -27 -39 -36 24 -138 70 -57 -23 -89 25 112 5 -117 17 145 -143 117 -130 -56 -73 44 140 12 142 41 131 118 56 -138 -94 -137 35 -128 -125 -145 -135 -136 -27 85 15 148 33 86 -37 -90 -40 -136 -70 19 -41 -34 43 -100 -81 -59 -9 -85
-120 140 -33 -36 137 -16 -85 -118 31 35 17 41 86 37 -76 -107 -99 -104 69 59 3 145 -143 -39 -90 172 -38 128 23 -168 -39 -70 14 -174 46 -14 -110 -83 46 -19 -27 -90 -135 -109 -38 -72 -108 140 56 24 24 -56 102 -94 28 -159 -94 -114 -42 78 86 167 23 57 29 -102 141 -128 -125 -145 59 -158 -28 -81 117 -10 154 19 -135 171 165 105 104 -83 92 -163 82 149 -61 28 33 -121 -44 -51 58 -135 -37 173 55 -138 55 -3 156 162 -93 15 166 12 -100 -73 21 55 33 43 -34 23 -83 -123 -117 -138 -136 -153 85 -175 -28 -22 -161 111 136 100 59 99 -148 110 19 82 -31 -89 164 80 115 40 40 -155 71 19 -22 -27 -87 117 71 -43 56 64 -78 28 -160 55 -85 -141 84 -43 -27 86 -57 -169 -49 90 -89 -9 -96 127 -93 -70 72 -157 -152 -131 151 129 -19 136 150 -77 -10 -131 -42 -5 -112 47 15 81 -138 56 118 61 -45 -170 -9 -85
121 2 143 -39 43 125 133 127 2 102 -91 -30 118 38 117 -45 -33 10 -31 -105 -70 127 -18 -118 141 97 -43 117 147 21 -95 142 -38 120 19 67 108 142 113 66 -47 92 4 5 -104 128 146 45 21 -89 42 -35 23 -46 110 -117 111 -10 -78 72 -92 -102 -4 99 -33 -47 135 60 13 122 69 97 47 30 -103 -105 101 -77 82 128 127 -92 149 119 -92 110 150 -21 31 -6 -20 76 143 108 38 -131 -101 -82 -58 98 121 -145 -135 -23 -50 8 -132 -37 29 -23 49 145 96 -5 98 19 112 -29 61 16 -17 108 -72 127 -144 36 -87 -81 142 11 66 63 -5 -119 -116 -38 -49 148 105 94 43 -136 -3 -32 -122 3 -58 75 -82 65 -132 130 -81 51 146 92 -142 131 -139 -123 50 9 149 54 -112 -69 -29 23 30 -26 -65 -101 19 96 -108 128 33 -4 -67 -126 13 -150 -84 -135 -103 -27 -45 -42 54 -90 -63 -100 71 -30 52 -99 -139 -37 -17 85
149 61 -172 101 -99 127 -104 132 -160 81 -38 127 54 -13 139 128 -90 -92 113 65 23 142 19 -169 -33 -108 31 -2 -171 -150 13 63 -5 -128 -82 89 -33 -110 -151 -69 -122 -26 -45 -110 -58 -49 148 119 -163 158 164 -92 91 -19 -82 117 -112 98 -29 126 67 143 -71 -63 -23 52 146 150 -118 75 -128 -153 -175 -92 -108 -111 30 46 108 94 -36 -4 -121 29 112 -154 -78 72 135 -116 -38 -168 -123 133 -10 43 -9 -66 101 131 77 -117 -122 -127 -135 76 -47 58 18 -139 42 -23 97 -118 -119 -31 38 -117 50 161 -84 16 33 142 -65 -120 130 -105 145 -3 -54 92 81 146 165 -97 -45 -11 45 21 105 4 166 43 27 -35 156 142 -147 -51 29 8 157 -108 30 -141 17 -127 155 -10 152 -159 100 -173 102 162 -167 95 -21 5 -96 -87 121 -125 -43 39 20 -149 -142 -50 6 -70 -132 174 -21 170 -143 60 47 -5 -23 98 -103 -92 47 -66 82 -67 -37 85
-64 123 -30 -37 81 116 85 48 2 17 -54 123 106 -91 102 141 -134 133 74 -112 -70 -114 -127 -110 -68 35 -70 -53 80 32 -105 -24 -81 -58 71 -65 -52 3 103 72 87 -96 -37 117 114 131 -116 12 -17 -145 87 88 80 -49 -63 112 -114 84 7 -150 -39 143 -70 59 -110 17 93 -1 -49 131 67 -17 134 -134 -126 5 115 147 -108 72 -9 -55 73 -92 -116 -1 -76 -118 -64 -149 2 126 -87 48 9 148 -100 70 -9 -24 -69 -118 -77 107 20 69 25 -102 3 -18 -113 -1 121 -78 137 48 -87 -74 65 -69 -30 -56 -84 -77 -14 -16 79 -28 -33 -145 40 -90 29 124 76 -22 88 -81 -106 -27 46 -1 82 40 55 116 13 -44 47 116 130 131 -103 26 -78 26 -59 -142 137 114 144 101 143 -52 140 -67 -132 149 60 92 35 -81 103 116 -94 -99 -2 -89 73 -34 37 -9 -14 149 -106 -81 118 -121 20 110 78 26 -131 22 19 82 27 81 -122 33
-72 -78 -26 87 74 -84 29 124 116 77 158 -53 -121 163 1 154 2 1 123 40 134 48 160 -126 32 -126 -56 114 -1 -63 17 -30 -156 -65 -85 117 64 -110 -20 172 -87 73 76 3 2 -141 13 -165 9 116 48 80 81 132 49 -24 -112 69 -144 20 -110 -22 150 -72 -103 76 -22 -166 35 103 -73 -87 -169 145 -14 79 149 -46 -152 -82 9 -3 33 -106 -17 52 18 130 -175 -67 -68 131 116 88 -7 171 151 69 -159 -96 -35 -118 -58 -100 39 -40 -106 157 -77 127 -93 -70 -92 2 116 -94 34 -103 -67 -143 -78 134 131 161 -78 -65 -70 -17 123 -145 -116 134 -80 -54 -89 27 -108 -48 115 81 -70 -106 81 149 55 164 101 -81 118 -49 -88 -140 52 55 -121 170 26 74 47 143 -99 113 16 44 -174 -37 116 -9 114 -173 -37 -5 155 -137 -131 60 92 -162 -107 -26 -12 17 14 -64 82 153 168 -28 -9 -1 -59 133 -71 -114 -149 -30 -167 -131 81 33
55 6 -14 12 -55 -114 8 -3 144 36 -129 54 -106 91 -16 -47 132 2 -49 70 113 -128 -11 117 -130 39 32 -72 -74 -68 69 -138 73 -120 31 -47 -62 46 14 -12 134 -50 -129 -45 -39 130 2 -12 110 118 -80 -38 -137 -40 29 16 -7 -111 135 63 -26 -6 -94 -149 -82 -25 71 7 -15 129 -55 -98 -87 61 144 34 27 -108 123 -67 -109 55 -47 85 -37 37 136 -106 -44 139 2 -60 136 92 -11 -34 -27 -141 -34 100 51 -67 -31 97 87 -88 49 13 12 146 -14 140 35 -107 7 9 -3 -24 -133 -101 -81 -36 -99 149 13 -66 122 -124 -110 1 43 104 100 -1 3 -4 -98 31 -81 -75 72 135 -51 -104 -15 33 -84 -75 137 76 72 -9 -84 66 135 -102 -61 -47 29 -36 -136 97 90 112 126 -28 -55 -47 107 -142 -6 -33 -5 73 35 -107 -22 -12 131 -146 82 30 128 -130 100 99 108 -138 -94 98 -126 -148 -26 14 49 88 -27 -40 -99 -115
55 152 62 51 -129 106 157 16 148 11 104 135 14 97 15 4 82 30 128 29 6 55 -140 160 -137 75 -84 -108 -162 -104 81 -80 39 -34 92 -81 -134 50 76 -107 107 144 34 174 -28 -31 120 100 107 -35 47 136 -113 -139 34 -94 98 102 87 -26 118 -43 87 -72 -137 -37 -146 122 -6 -110 -138 14 -91 -131 -49 88 -9 -9 100 51 -171 130 -172 -129 -85 169 150 136 54 98 -130 -110 -2 67 -40 13 -49 75 -97 31 141 39 73 -70 72 -170 44 112 -166 -154 138 47 -12 -22 55 61 136 -60 156 -161 123 117 167 98 -25 7 -47 -158 16 -2 -36 -46 36 -135 -100 -12 106 -159 61 -124 -142 -94 168 12 -165 -7 7 84 -153 12 155 132 63 -12 -128 -151 99 40 68 47 -146 -3 144 -38 -82 -88 14 33 6 32 66 73 -24 -66 163 27 11 126 72 108 -55 109 -164 -74 149 -126 -36 173 -129 -27 -55 -114 101 29 -69 -3 47 130 -99 -115
17 -127 38 -51 -140 142 55 -74 71 -150 145 64 -140 123 87 -98 65 108 95 -86 40 -57 -66 -71 32 -59 108 -72 60 17 86 43 126 -57 45 116 62 -104 109 96 -38 -75 115 -78 108 -35 -122 78 59 97 20 104 -39 -32 -60 137 137 -31 -136 -137 -96 -3 102 -80 -107 138 -10 -6 66 30 11 42 -130 -30 61 130 28 115 -104 63 -120 150 59 -89 -149 -130 120 -116 -78 136 -38 29 120 44 -105 -36 49 78 145 -21 139 53 -109 87 -129 -100 -130 10 -54 24 -130 63 -115 -9 -94 119 12 73 -20 74 -11 150 33 45 -138 -100 11 16 11 -84 -19 103 14 5 -122 -89 -67 -118 -41 137 133 -88 -118 -6 -14 -117 120 -30 24 -77 -10 26 -51 140 111 78 117 -5 78 32 135 145 -98 38 -100 -27 3 -142 -105 135 -17 -91 129 134 -42 73 76 -89 -4 119 -82 -97 117 41 34 62 74 9 30 -143 -149 -13 -99 124 -19 -140 -32 95 -85 -22
-45 -109 -21 87 163 175 -164 105 -120 -159 9 17 -140 -51 162 10 77 138 -137 -66 24 3 -41 60 126 96 149 -104 62 -136 91 17 74 -31 27 35 -5 -64 74 -62 117 30 -116 104 -115 -108 -143 78 145 59 -151 122 -5 145 63 -36 -139 38 124 -140 104 -160 -55 -152 -32 95 -115 -9 116 -120 -14 -173 154 20 149 -88 107 -13 -89 78 -78 -153 136 -174 63 117 -6 -32 130 28 96 -38 26 137 133 -130 -10 -98 119 41 -82 120 -17 -99 -130 169 -30 -97 -157 -84 -19 -57 -94 119 100 -66 -97 -54 -89 171 129 42 166 -3 75 122 -111 86 120 -71 137 140 -138 32 11 11 65 134 -167 80 -102 -32 115 -95 108 6 14 129 -11 -74 71 -43 -12 142 -170 118 -78 -155 20 -168 103 -135 49 140 73 -150 60 100 -142 -53 156 165 30 -161 72 -108 40 4 130 -117 -34 -89 172 -78 -38 -42 -30 -73 -78 -98 135 -45 -11 10 24 158 29 -57 -85 -22
-132 96 -1 -71 -55 61 21 89 -82 -77 -116 -26 -56 135 -43 -137 -79 51 -28 7 130 -125 59 -8 -13 141 -50 123 65 -150 26 -94 110 61 -64 19 66 -60 -108 91 -14 37 43 68 61 -86 100 142 108 -131 -129 -57 119 66 -81 -101 -111 -147 46 -34 -74 -76 -48 -54 -146 60 7 90 15 65 148 122 105 -91 -48 101 -92 -131 99 52 -48 38 79 32 127 99 -8 -75 -145 46 91 83 -129 -146 -33 26 106 -48 -17 28 -51 12 -109 90 -11 -80 57 -27 46 -109 28 44 125 72 -84 -9 125 -110 -3 -74 144 136 -95 46 42 72 141 115 -114 -15 73 90 -67 138 -3 52 16 64 -124 36 6 -81 6 -16 74 -92 -145 3 135 39 -20 66 -51 -142 5 140 106 53 59 133 -94 -19 27 74 93 -20 124 -93 136 -15 -141 142 29 138 61 -49 -51 -17 -48 -135 -104 -77 99 59 41 -65 -121 -106 3 -47 -63 -82 -142 -28 -105 -105 63 46 -137 122
-3 -38 -110 -21 -48 -17 67 -48 106 19 48 91 -66 -147 -174 53 165 -74 -51 -47 108 -52 76 -93 46 170 -56 108 -28 94 81 -8 141 -105 115 -28 -171 82 -12 52 -20 136 -15 -141 142 81 124 162 60 7 154 -116 -46 55 -136 79 -33 -160 157 145 168 65 -9 125 -175 -105 -3 151 -75 -65 59 -122 -46 37 -99 -156 155 -95 -106 111 -106 -74 77 43 -163 131 -172 -26 -3 145 13 -146 -61 123 74 -152 144 -48 -57 141 28 105 26 66 127 73 48 -132 96 90 27 68 84 34 86 65 -138 -51 -80 90 -161 71 -32 110 100 15 -92 -41 74 131 19 5 61 99 -51 -50 91 130 79 173 -72 124 104 -135 91 43 -150 138 169 36 -63 146 54 59 -42 -17 129 -7 61 -64 -158 20 159 -164 -101 -16 109 -94 135 142 -167 -66 46 -3 153 -121 -129 -83 -166 -51 -125 93 28 -140 44 -14 92 -133 142 60 -11 1 -89 29 -109 90 -59 49 -137 122
-61 -131 50 -71 132 125 -119 -61 -117 114 -1 -35 51 -67 98 34 -6 -18 125 -119 -20 -75 57 -46 -100 51 132 -10 3 -86 82 95 116 -119 35 103 137 -75 -48 -29 75 -10 138 -112 122 126 -17 -81 30 -22 -38 -57 18 -27 37 -105 46 -59 -79 89 -90 -34 -138 137 54 -107 146 113 -47 -84 -113 80 -43 -92 -134 -10 13 -94 79 29 -41 -2 116 -118 128 93 34 122 -132 -9 -78 -33 -29 144 15 -36 29 24 1 -99 -25 -9 12 34 -31 -31 -82 77 -57 30 1 111 32 -50 100 -122 -68 -102 36 -150 -8 -143 -133 149 -19 -47 -76 39 48 94 145 56 6 -53 23 -149 -14 -31 -145 62 13 -31 -39 89 42 -8 -116 -127 -105 101 -66 45 -125 99 -63 -39 8 113 -132 -107 51 11 -56 -89 -76 -2 -138 77 70 -63 -81 -31 -51 73 -130 107 -7 -91 -113 102 138 136 -16 42 -77 70 47 -116 58 147 -50 82 94 -3 -45 45 -136 37 -82 37
16 -9 -2 -39 119 -31 13 -10 10 -18 31 125 116 -154 -84 51 146 39 24 136 -144 -82 -56 31 48 25 126 56 171 157 -34 37 -61 -63 57 -113 -66 77 -161 -7 168 -39 59 -46 70 -107 100 172 -167 -112 90 -93 -111 -13 31 -114 20 -35 6 89 42 165 -11 76 152 -75 -70 -75 156 30 -22 -37 102 -10 -1 -105 -35 136 138 113 34 145 77 -113 51 -102 51 -164 -138 95 133 137 -1 -48 162 -29 -47 -76 -17 -170 116 132 -67 50 -147 -166 -158 116 89 -173 -169 160 107 -113 -125 18 -79 -137 -89 8 -153 -128 -131 -159 -63 -8 -34 -107 -119 94 14 -132 -138 75 122 -47 -57 -34 43 -61 174 -134 81 51 -155 15 -36 29 -71 132 -150 -82 -41 -92 68 -91 -30 50 -32 98 81 149 118 -116 2 78 -31 3 -94 9 -36 29 33 130 -73 101 -54 117 -57 29 80 53 -6 -3 143 -27 175 -100 -163 42 -132 -151 138 -122 103 -1 -45 99 -82 37
-4 -34 73 11 93 18 -47 -25 -144 122 5 -124 71 134 -24 -64 -68 63 124 30 -63 20 20 141 149 111 -44 -114 68 35 41 71 -148 115 1 47 -19 -94 -101 43 -18 -30 -90 -85 148 -131 -132 -14 59 -43 44 42 83 -45 -93 7 126 118 85 14 29 63 -44 38 57 54 90 140 68 85 -9 16 -142 111 -125 137 -27 -31 -145 -140 -21 15 -23 3 21 -92 -29 32 66 -25 -42 34 16 7 82 -110 -103 -12 48 101 4 -65 -147 -147 10 -83 118 51 106 -61 -32 -92 89 -64 123 62 -140 -22 -120 2 39 78 -97 -141 135 -117 64 -44 -140 98 44 -91 3 -89 107 56 89 7 69 -56 69 24 -8 -102 114 54 41 87 72 58 -91 -18 -106 -27 -120 138 -116 42 112 -58 -129 -118 108 95 -121 -116 -19 140 70 106 -44 -21 -142 47 89 87 24 -144 -55 9 -41 -54 137 95 -120 139 -59 15 114 -28 29 -111 -8 -76 -52 108 -150 -139 40 -17
1 -63 44 139 -18 -27 -118 134 138 -30 139 106 -140 -92 44 -115 14 -47 -169 140 7 89 144 68 -147 140 -121 92 -82 -3 106 5 -156 42 43 44 -64 120 -90 -172 153 -131 41 87 38 41 -89 24 171 -20 89 -141 -12 -148 126 -97 32 91 64 -7 8 -83 47 90 34 16 30 -103 -111 -9 -149 -63 76 108 48 101 4 124 -87 -116 174 -111 -150 -44 85 -125 42 72 58 160 4 -43 64 106 140 23 -15 -175 -39 -158 35 41 29 -164 -18 -166 -135 32 -114 -21 144 161 55 167 -151 -62 69 -165 8 91 19 168 70 -147 -114 85 -10 137 -170 117 141 145 9 44 107 -152 -71 122 54 -132 -14 93 -159 -155 -68 162 140 63 58 -27 51 68 -61 22 120 -31 57 -28 29 -114 21 -93 110 -56 116 24 -19 47 -56 -25 123 52 -54 -44 -163 16 -25 -20 -154 -66 -15 -95 42 112 83 -120 118 124 -142 -65 -24 -173 -157 -59 -34 11 21 69 40 -17
-124 22 80 -48 122 -22 71 61 41 120 87 -100 -94 -83 -21 -57 47 -12 32 75 122 -35 -2 48 67 112 -89 -79 -53 -95 125 -31 -76 89 -84 133 56 -60 -35 113 65 127 -1 -111 -54 147 -107 103 -60 -2 -86 -11 84 126 73 109 18 42 145 136 47 -15 -98 -150 27 -10 -141 90 49 -124 72 79 147 134 4 -122 108 37 49 -86 -43 102 -22 45 1 -130 145 33 -53 -31 -10 24 -141 81 -55 -1 36 105 -62 68 -110 -1 23 63 -85 147 -97 129 72 -58 -91 -54 -60 105 119 -104 149 -143 -91 29 129 -148 127 39 -55 -77 -122 143 -104 112 72 70 50 114 81 -33 -21 51 -115 -122 81 28 -69 -76 -37 17 -146 -50 111 -134 -113 54 107 -91 -87 121 13 89 140 105 70 126 -48 -78 -124 146 145 -128 29 121 128 -85 75 -55 -74 -68 -70 -39 132 38 -135 -111 112 -94 -85 34 -43 20 35 57 10 -8 -46 73 89 60 118 1 -31 9
-124 -149 129 -75 29 84 112 -54 55 -47 1 33 38 32 -23 -1 -60 22 -122 43 -24 168 111 162 80 -119 -57 46 -42 -175 146 -143 105 -48 111 -21 -34 -97 87 83 102 -22 111 -113 47 141 -147 -147 152 49 -87 86 -147 85 55 48 -122 -60 1 105 128 -85 129 -72 -61 -39 -127 148 -95 -85 49 -160 151 122 -121 69 -28 -81 -56 110 -124 51 -114 -68 27 -174 8 86 145 74 115 -29 91 -170 159 36 -33 -125 11 89 107 136 -122 -126 70 153 154 -37 -81 91 -45 -108 -54 -55 145 -2 165 -130 -76 20 53 -10 -91 -70 -72 -94 18 48 -164 39 -132 -73 109 65 -60 -41 78 145 63 94 -81 157 -171 133 17 54 79 89 -112 -84 -172 122 50 173 89 -77 146 -161 -31 -105 -1 98 76 113 -156 150 35 166 -155 -60 163 -73 143 135 58 68 -10 -67 70 158 13 72 53 57 -112 -124 2 -75 126 -167 104 -169 -107 141 -90 127 -62 31 -31 9
115 -79 82 137 149 -135 -93 -65 -35 -11 -15 75 -142 35 131 3 -43 147 -34 75 59 -13 -145 -73 77 122 140 21 -55 -141 -75 10 43 -76 -141 -108 146 118 -18 -120 -40 -148 -106 62 13 -66 -89 -54 -118 -103 -116 114 -16 -27 62 -70 -96 23 60 -29 -127 23 -150 108 126 135 -97 24 127 150 51 -63 99 -98 -42 -70 92 -118 -139 148 -109 46 -133 -74 -1 66 21 4 14 -19 34 18 -102 -11 -6 -16 133 94 140 111 -96 -54 -54 5 38 -111 -98 63 110 -95 -32 -106 -46 148 -139 -24 82 95 94 -69 58 88 -36 -86 -110 36 -83 -128 -58 -87 -128 3 -77 -133 112 -94 87 43 -7 -30 -62 -136 150 -91 122 -73 101 33 -102 -44 24 -96 79 140 72 -37 -80 -41 123 -113 102 -16 -69 -79 -75 -82 66 -73 117 131 81 -45 -25 62 -110 81 38 23 -32 -145 -128 -60 87 34 -107 10 8 -26 -73 20 39 -8 -35 -144 13 -6 -108 -57 145 -78
82 -135 140 -155 -75 -118 -109 152 -13 142 72 -13 133 -36 24 159 137 -75 95 41 80 162 3 -98 -145 165 -94 -120 66 103 -108 24 77 27 16 112 -73 -108 -140 163 -102 -34 59 8 -33 172 -87 174 -107 -113 -42 23 141 -34 -96 96 -54 -86 -110 -45 11 -81 102 -60 -133 -10 -170 -111 55 -98 171 62 144 -127 11 -168 16 139 83 140 -16 -25 150 128 -82 73 -87 -94 145 -147 43 106 -128 -127 150 43 7 -167 -169 173 -161 -63 -94 62 3 175 166 51 -96 23 148 -131 -54 111 -108 -116 92 -122 -58 69 -160 14 -43 123 6 -117 -66 82 75 66 37 24 -146 40 139 158 110 -65 79 35 -18 -87 -21 -30 19 -150 4 -126 -164 136 62 156 -21 -93 -5 -151 -75 1 58 35 6 -118 154 -148 -29 15 -99 -18 122 -73 101 -39 -69 23 -54 32 -95 34 79 -157 -118 149 -135 -141 -38 -36 74 81 26 133 76 -62 106 -91 -128 102 153 148 145 -78
57 -143 -143 3 -140 -60 -96 -48 18 -142 120 82 131 27 79 -57 -150 -92 -57 24 12 10 110 82 -11 99 52 143 37 -148 -120 138 48 -3 -120 50 -40 -38 -144 103 113 124 127 130 -127 -68 -58 19 -93 139 24 -128 -5 137 12 49 -75 102 40 3 97 -89 -130 -64 30 -70 -111 83 -67 -60 114 100 108 115 29 -43 -84 -101 105 40 61 18 -82 19 121 13 -77 -75 -129 111 35 25 -51 -1 -131 32 -113 70 106 26 53 41 66 -58 124 -105 21 26 114 65 121 -77 -109 44 65 -121 -109 -3 56 44 -9 -52 -120 21 -85 114 -114 -63 -9 110 -15 102 136 65 87 80 114 -113 16 113 -147 97 -71 -31 36 71 1 53 64 -109 -64 -59 -2 6 -26 51 -60 6 -45 89 -4 12 90 118 -46 90 -17 113 -21 108 65 67 69 60 74 -54 22 25 -115 -68 41 97 125 -40 -53 59 29 70 -128 21 -141 -40 21 -115 -53 97 22 73 -71 -69
128 -125 109 115 -70 -63 -15 -115 -58 -161 -70 131 -21 -12 -92 144 -110 -50 113 -52 -36 45 -114 -40 120 58 -69 -89 96 -172 64 30 101 -83 111 -141 -68 124 -3 9 -85 -22 -163 -1 -121 173 -44 -24 49 26 105 -152 -53 -3 164 17 -75 82 -153 -48 -143 -56 -160 -40 90 -147 57 171 174 -3 -12 21 21 -162 -109 97 -99 -156 2 -131 -113 167 -165 51 6 40 -106 -53 -9 97 -48 1 4 97 -97 -60 -90 13 -77 71 19 18 -143 -32 127 -130 64 -140 -82 -41 12 158 -22 154 -120 -38 157 168 109 57 3 -73 -67 29 114 24 -59 5 -169 175 -120 54 16 -44 148 -25 -64 -77 10 65 -40 -100 6 -130 -75 138 -111 -102 -61 -136 -25 66 70 137 29 57 -65 -121 -19 41 -151 -60 -143 -79 68 -35 -105 -166 170 18 -139 110 -114 -82 31 159 155 -26 -108 129 -128 -120 60 -43 21 87 80 -89 -74 -67 37 124 93 -59 71 51 -84 114 -71 -69
-103 -124 -86 23 64 -39 -78 -127 -123 -50 -66 -26 -27 62 -146 128 -71 14 100 -90 -124 114 115 -119 -80 -126 107 -75 -77 -37 -4 -22 -143 24 122 145 -78 20 -138 -104 99 46 137 11 -65 22 -43 -118 -59 -77 -142 135 144 -99 -52 -107 -132 -98 -12 -117 -54 -79 -134 -24 -143 94 -60 34 -36 -114 97 -110 100 37 -144 -2 -68 -1 -90 -150 -140 -66 -75 -39 -54 -107 -141 -86 140 -139 6 -112 -100 -19 -140 18 35 127 124 -76 32 -83 -150 -117 -63 129 -28 -56 -23 -3 32 -64 75 109 11 -8 3 -45 -141 -100 122 -55 -104 -51 -90 96 61 -97 -91 39 6 69 48 66 15 30 -5 143 -144 -47 62 57 -124 -65 -133 -57 65 -42 -115 -32 -127 122 46 -52 49 -59 55 40 115 61 -98 -41 3 -122 47 -34 -64 8 2 -83 102 67 132 86 141 -9 -84 -64 -104 114 -140 -103 71 -109 -14 -130 -36 -39 -94 -143 7 105 -18 150 11 134 35 136 9 -5
-39 138 -140 -150 -94 30 -140 134 -152 -49 -144 -47 -174 145 -39 64 34 -102 54 163 109 91 143 -56 -64 -124 -104 114 -133 -100 -77 -37 -132 -98 140 -168 -114 46 78 161 -155 150 11 -11 60 -162 -61 156 66 -9 -35 32 -65 -28 1 -117 -109 -62 -134 154 -107 124 -64 142 160 59 11 -83 84 52 -8 57 2 15 65 27 100 -3 -172 98 62 57 23 122 51 -128 -36 20 19 8 -112 -61 -54 171 67 -127 90 130 50 123 127 -105 -139 -144 -66 100 104 -158 71 63 127 122 -159 153 -52 -146 76 -47 32 -170 -141 12 3 -150 144 97 165 166 -39 151 122 -104 18 -132 -18 69 32 143 22 -126 -135 75 118 157 66 14 -164 -75 65 71 -23 -103 -99 -40 -14 -103 -124 -86 -97 -26 -46 -122 169 83 -173 124 90 115 78 -117 -6 -36 64 -24 -143 -24 37 6 -96 55 94 68 -35 86 59 -110 -86 79 100 43 -99 115 -175 -2 80 167 -115 -141 136 9
-18 -85 108 -67 86 -88 150 5 149 -50 -34 -99 -34 -30 -110 -26 -110 71 116 3 143 102 -50 -54 125 -136 -3 95 28 -39 -66 -90 -129 117 -59 103 138 -69 -37 19 -3 67 109 3 44 27 133 66 -120 54 82 -142 90 -26 114 -70 -101 -126 102 -33 13 59 71 45 56 -62 143 -85 60 96 22 44 76 51 -14 144 -123 66 -120 -108 -114 -74 118 -7 -14 -118 -19 -42 8 55 -133 55 67 148 62 53 34 112 -31 -79 123 -101 150 -55 83 102 -143 -109 52 -150 88 -65 -116 -45 -114 142 -82 -104 -103 -132 -137 46 -27 93 110 -45 -49 -89 67 139 84 95 62 91 -64 -47 135 150 139 34 74 -77 -65 141 113 -19 37 81 -12 13 -51 82 72 -3 -145 -145 -134 136 -94 -108 59 -122 -11 -144 -68 -73 -87 -36 -12 -95 64 75 -44 -112 68 -56 69 74 -21 -53 -34 140 71 141 -50 -62 -95 48 -25 -82 123 -62 32 -3 55 19 -53 -150 -143 121
-64 -34 34 -74 -150 88 -44 -50 84 157 -118 -163 -122 -108 114 134 -103 -138 7 75 37 45 -158 -67 -133 156 54 -54 102 -53 -90 -26 -13 -169 -120 -99 113 90 -151 -161 67 -123 -108 143 -30 -148 -93 -173 52 -150 -164 45 49 -59 -62 95 137 132 103 104 101 -69 -3 -19 -27 -144 68 167 -150 -77 3 -32 166 45 -102 95 86 -72 3 34 -50 -91 -152 -109 125 -135 -168 82 -65 21 -171 -153 139 140 -19 76 5 149 -62 31 -25 67 94 -136 -14 -73 74 -141 -83 162 48 19 -116 -56 -118 101 -160 -174 -129 117 82 -154 -155 55 123 -44 114 50 -89 102 -36 66 -109 -150 -22 -96 -95 -159 95 51 -126 71 -123 -18 144 -145 -44 -141 -3 14 11 -108 -69 12 -120 -81 64 68 172 -170 -13 34 -88 -46 -165 -116 -37 12 -62 65 110 -53 112 -139 -114 82 -175 82 110 -60 -55 -8 -27 -33 -110 28 -71 150 -39 -112 26 -87 -67 -62 -70 -66 19 55 -143 121
-70 -102 -124 140 -14 119 -85 65 7 -74 -5 137 18 -129 -89 49 130 22 142 -89 -108 -28 125 -63 -12 113 -137 145 11 -56 101 55 2 73 124 52 -30 121 -97 109 35 -40 -45 -60 109 128 64 -47 111 132 120 -31 -70 53 -79 -100 -96 -104 -106 -13 -64 -55 -16 -84 -66 71 -55 104 -55 63 -36 133 102 29 51 134 -78 37 -25 104 149 -72 -140 -55 21 -128 104 142 -105 149 -126 -114 -84 -74 -89 120 -4 140 -5 -135 3 76 139 81 63 -81 -52 113 84 138 -58 -135 48 67 146 -114 -107 5 -17 110 12 -144 -41 -114 -31 83 24 -34 -24 -140 -78 84 -42 -101 67 70 -108 -92 -121 -147 110 76 -57 71 -114 -95 12 73 -85 134 104 2 -109 -40 -20 60 -120 -84 106 -3 -115 102 48 -70 134 38 -124 -83 -106 -132 -49 -22 49 16 137 -106 95 -137 54 -82 119 -14 99 -26 55 -133 -61 136 52 61 108 120 59 98 44 67 53 -144 -44 62
-65 85 -100 -158 20 152 142 -64 -121 44 95 -114 172 60 -7 -109 41 -128 -55 133 29 83 124 53 108 106 -31 -70 -85 64 -159 -81 -149 -102 -105 52 -84 61 -70 -102 47 -55 -78 -17 135 5 55 144 -102 -174 89 -121 114 149 -56 -101 132 150 73 -57 -111 3 108 163 -114 55 -49 -12 -97 109 -2 89 -137 -4 95 -155 -71 96 -28 72 154 162 67 34 -140 84 -42 130 -140 109 66 -58 170 74 84 120 76 139 153 67 173 126 -76 165 104 -83 132 -36 -108 -136 142 12 -140 11 -63 -79 -5 -119 14 164 -106 37 -82 52 124 -45 -107 -40 -49 115 -74 -16 -145 -113 -70 -161 -5 78 -51 40 61 -151 81 -21 137 120 -169 -12 -16 101 147 -171 -120 -70 38 67 146 110 104 -137 -60 22 -22 -63 26 -53 3 -135 -110 -167 49 157 71 -168 31 -2 -106 89 124 119 -14 -104 -166 134 -156 -106 59 -48 25 -54 138 -120 24 -144 -30 24 -128 160 -44 62
102 49 148 -35 87 53 -42 117 52 33 -148 -18 -145 89 64 51 -4 -110 147 -17 -29 -71 113 -79 -59 150 73 -2 2 -130 48 100 -108 -103 46 28 64 26 -63 125 -148 -133 -67 -98 -91 -75 64 53 -45 -60 -33 -7 -24 -131 -108 -35 -130 143 -113 18 78 73 91 -86 -51 -128 52 32 128 83 -68 129 60 -127 112 40 95 10 -46 -93 -24 107 32 -93 53 -128 67 -133 7 -98 99 -45 -88 -27 50 -132 51 37 -88 144 144 144 -61 102 26 -15 -113 -133 -29 25 46 -14 -79 141 17 -136 -102 -63 131 11 23 101 -27 -128 -139 120 -67 144 -103 124 -58 -11 71 -100 -109 -48 7 -79 -118 -51 9 -62 -130 -43 -20 -31 137 144 64 -2 24 6 -35 88 -54 -149 -148 -39 135 67 -24 53 30 125 -8 54 79 131 134 -141 -50 -100 -3 55 31 94 -66 -102 -147 20 -147 -70 -147 89 118 139 -112 148 -148 92 4 43 -104 -105 90 102 108 80 -136 -93
102 -79 -59 63 -175 -89 -141 -130 -64 -58 43 171 -32 -18 128 -2 7 -133 -32 -79 -118 24 -6 139 -27 145 71 51 113 -73 -88 -7 -144 -48 80 46 101 35 112 -88 -144 -40 157 155 -43 -39 135 110 102 -149 128 -152 -50 -64 66 -53 67 -161 -26 -102 61 -2 -143 53 -50 -55 -37 -71 153 -51 160 26 62 113 133 2 144 -83 -132 128 108 151 108 -60 148 -148 92 91 172 -130 -102 89 118 93 -156 131 148 -67 100 -164 -9 51 -125 49 148 -87 -163 70 -129 -144 -8 -117 24 -52 144 95 -52 -67 159 -112 -63 167 4 -23 98 -7 -31 108 18 64 100 -133 33 141 -33 17 147 158 10 -102 173 -147 125 86 79 14 -174 -67 11 131 27 -3 -24 -64 -54 4 53 -60 -137 31 -11 -73 136 -91 -25 29 154 -51 -109 -166 -35 -20 94 -24 42 148 -30 120 165 15 -147 88 68 -93 -98 170 168 131 -75 -150 -28 -46 162 17 169 130 -48 113 -136 -93
115 146 -13 -97 -148 -139 126 -135 67 -140 49 46 8 -111 150 107 29 -117 88 113 -142 -150 80 145 119 -69 27 114 -27 -79 8 -10 50 57 98 -93 137 -60 29 -18 -104 103 -109 -19 21 -37 -18 17 25 -49 36 121 103 97 142 50 148 114 -45 118 -148 1 -76 -52 128 -86 -99 121 131 -82 99 12 56 85 -135 -2 -150 138 115 78 47 -59 -54 -21 16 39 93 10 3 -64 66 71 -73 27 -51 -36 -23 96 38 -142 134 31 -39 45 123 -150 -33 -103 122 -127 -134 136 145 84 44 -100 -51 139 -105 -138 82 69 -98 99 -85 -36 -75 104 136 -49 -25 90 -36 -112 -7 -58 106 -54 -113 -71 -111 109 120 -64 -20 -11 -88 -11 37 -107 -104 59 113 44 70 -9 -144 44 -7 -21 -134 121 147 -90 -95 128 2 114 -143 125 141 -121 147 111 -71 119 -9 59 102 46 124 146 108 -33 -15 97 45 -106 -97 -20 62 149 2 143 -130 83 -111 108 -119 -92
-7 138 111 71 -166 76 -167 99 50 -115 -119 108 -33 97 -103 67 -107 173 162 107 57 -148 69 -70 12 -88 156 -105 -175 117 -90 -19 -45 93 104 -96 -85 -1 147 -60 164 85 137 -18 -104 103 49 150 -146 160 44 113 44 109 -52 128 82 -47 46 31 127 -122 157 -75 -145 -62 -80 150 -88 59 139 44 115 146 -27 153 -152 140 -155 114 -98 33 131 11 -36 -99 25 104 -111 -159 -66 -128 -130 -71 119 7 13 99 134 -142 10 -64 -20 -114 -50 -58 124 -21 -106 -121 163 -100 108 -59 2 147 78 39 139 169 126 151 150 -111 -36 82 -118 69 -165 17 109 120 -134 -18 141 148 -168 138 64 8 27 -97 113 170 121 103 -49 90 -45 102 -51 73 136 -174 -158 150 2 -46 -142 -123 -93 -39 -161 -16 10 54 -154 3 71 38 37 27 -111 119 -21 121 -29 -136 -98 36 83 -20 -45 172 121 21 11 23 135 -79 -143 -2 97 -9 135 144 25 -97 -92 171
115 -135 -44 91 39 -108 -44 -132 42 -24 -53 79 127 45 119 121 -130 -145 52 16 92 23 99 -90 64 86 82 122 69 135 105 100 21 147 -105 -76 -135 34 -47 -70 -97 -53 -27 -69 -55 -65 -22 -59 -92 84 -48 69 -143 -47 101 -110 -32 -78 79 43 -71 67 -74 -52 48 -72 113 -57 -80 80 15 -119 99 37 51 -55 86 -105 18 -29 -68 18 -75 -3 140 31 63 -20 128 40 -118 83 41 56 40 104 -19 58 -121 -122 -120 -147 -60 -131 -123 -76 -138 114 -123 54 135 82 -89 145 -41 -47 65 1 4 141 -8 5 49 -144 1 -18 16 134 81 -150 -23 -7 120 -90 -49 -34 77 17 71 123 40 -104 44 125 -84 5 -69 -35 53 -38 106 -41 47 96 -144 -58 6 143 23 -5 -76 74 -22 78 -66 -24 26 120 8 48 6 -53 78 -46 -62 -90 -79 89 141 50 -117 -8 -89 69 -31 -61 -93 140 16 -112 -7 -114 -31 84 80 28 -29 52 149 66
115 -44 -8 -163 57 -120 -35 167 173 84 21 26 22 -53 -162 37 -121 110 -101 -29 93 -91 140 82 -48 84 -69 106 -41 53 -48 -171 78 -151 80 -71 -78 31 -75 112 -69 -157 104 -40 20 -5 52 -92 113 -50 62 -117 3 -120 81 -125 32 99 104 31 74 71 -108 27 -172 78 -105 128 79 -23 141 -69 89 -82 -122 -17 153 -165 24 -39 97 168 -7 -114 -147 -169 -23 119 -15 38 -123 164 -118 83 170 -16 144 -90 119 34 -47 -77 -130 -145 -8 6 52 -34 -19 -16 86 65 -156 145 -69 -122 76 -45 31 -8 141 -24 66 -28 -5 174 -59 -29 138 -41 -64 -43 89 175 -67 -89 -79 58 -44 -65 47 -114 -74 -143 -152 7 -99 90 90 135 -79 -143 58 47 144 63 -154 52 22 40 -96 69 -42 132 -41 -123 54 -120 -80 80 155 -105 47 -160 51 -127 134 166 60 61 -135 -48 44 131 5 4 158 -92 1 -159 -53 76 -76 -40 72 161 18 55 149 66
51 130 -110 70 -66 51 108 -118 140 113 48 93 -143 121 -78 95 -28 -16 -128 25 14 19 -121 -18 133 39 69 132 1 -101 -115 90 -7 -3 -10 83 21 105 -14 20 73 10 -44 112 16 -124 78 -16 47 -97 58 16 2 79 120 89 45 -111 134 66 127 89 -104 -29 143 -33 -48 36 -50 -14 -70 145 -87 119 -125 143 36 -145 -33 124 -55 -39 -122 -71 137 -41 53 -50 -45 14 132 -18 -107 -74 -52 106 42 -103 -115 92 -36 -140 57 138 -62 20 -38 117 -33 -58 -78 -63 113 101 -122 71 -130 -105 -72 -69 -79 -32 -98 81 32 -19 84 -74 3 12 22 21 -60 -25 140 -77 -102 -83 94 120 106 -99 -7 59 -96 107 83 -132 106 -108 121 132 -92 -145 144 -67 60 20 60 80 -120 146 -115 24 90 -32 64 65 -87 -136 -36 -95 -146 -9 89 10 17 -145 -135 92 82 81 14 47 110 150 17 -100 96 -17 86 89 65 60 55 113 -57 -108 101 60
-92 7 39 -65 77 -83 -92 132 159 39 -106 132 47 -44 64 60 66 -65 -63 47 -81 19 122 89 3 -52 -32 120 164 130 41 67 70 -45 -151 -95 150 152 -71 1 -69 154 -111 59 -153 -3 72 115 101 92 156 162 105 130 -110 144 -99 -160 120 -60 -71 106 140 -102 172 21 -93 -121 17 16 -107 96 90 -7 -115 -115 134 58 -74 -36 73 -118 140 113 -24 132 -10 -79 167 -128 -84 74 -146 145 158 -16 -124 78 51 -108 -90 62 -138 -119 50 -136 36 -29 -108 70 48 -79 169 -32 -165 -89 103 96 161 -174 -55 82 57 -45 -69 155 173 53 -125 -140 -17 -117 170 81 110 60 121 -51 -66 -22 18 -50 14 -145 124 87 101 19 145 -36 107 108 -83 105 -14 -106 -58 135 113 10 38 20 25 -163 -78 171 -10 -121 143 -9 -14 175 -146 -143 -86 -97 87 100 83 -157 -122 -166 -14 80 -25 33 57 168 -120 -21 137 -20 -133 132 48 33 42 -12 101 60
-44 39 -74 12 5 98 106 77 79 -70 22 22 -47 -16 -90 -11 -48 52 139 -81 -59 55 21 -39 -141 -77 37 -42 -47 -45 118 -136 -129 -32 18 -143 -88 54 -6 58 -46 -85 101 -1 -25 22 108 -13 72 102 -6 22 53 -9 93 -132 38 100 88 29 -45 44 65 1 47 29 137 -6 -87 137 -66 28 -41 -146 67 80 32 149 -106 -115 95 66 -16 -129 -146 30 -17 46 -73 -29 -85 -130 -113 137 -109 -66 39 -150 -36 -7 -146 107 -90 64 -51 13 63 84 71 147 124 24 -30 -40 87 -62 59 92 67 -98 -98 -51 142 -34 137 -148 -45 -69 -133 85 142 64 77 -28 95 -74 -48 16 -10 149 139 -109 75 106 148 118 114 -138 -119 89 61 -94 115 -100 -30 87 -119 -31 3 48 101 133 -50 -74 96 129 -107 -133 72 34 -122 135 -116 -143 -65 21 -10 54 114 -32 -117 30 57 24 -142 88 -85 -60 117 -1 -80 86 98 -78 -120 -109 -43 37 2 149
29 114 54 71 -88 162 -98 47 -77 1 -69 85 -77 -22 -166 -139 -52 32 -6 -13 -109 31 -133 -65 32 95 133 -16 -55 100 47 158 129 88 -10 51 -163 3 -154 139 -109 102 -63 -30 169 -46 -30 61 -122 -152 87 -50 51 21 18 -59 146 7 -70 117 -167 -38 -142 -164 -48 170 -136 -45 -101 85 -39 -159 -67 48 -161 -118 45 -149 -92 -129 153 -132 138 148 -157 -156 -107 -150 64 72 -73 115 16 74 -39 -142 137 -106 85 65 40 -106 -44 66 -168 141 53 -85 133 -9 11 -143 96 146 41 67 32 84 -87 137 -66 -60 58 -90 -101 -98 43 -39 6 -135 -174 -1 90 5 98 106 119 -87 118 -80 146 -30 117 29 137 147 28 -34 -72 29 -16 -54 151 173 86 171 -48 47 -120 -59 -142 -89 -137 -36 129 -107 66 12 -172 115 24 -148 -75 165 -113 46 143 44 -175 149 -78 124 24 98 -114 -160 34 42 -37 17 -57 -116 22 108 21 -30 155 -28 37 149
-14 -64 119 -60 105 121 -106 96 96 75 -143 140 4 -3 100 -143 3 48 -77 -115 -111 -61 -18 -66 13 139 4 57 16 -63 -112 107 -122 -88 117 109 141 119 -5 97 -92 68 99 115 20 -4 84 -86 -131 127 -41 60 -123 -7 -139 123 116 5 -125 29 49 -148 -73 -15 -65 8 -6 66 96 -150 -142 -85 149 -38 124 -33 38 10 -29 14 147 50 94 147 68 37 -105 -131 -148 134 -65 138 -53 -122 -58 109 11 -79 -55 20 -25 -13 -117 -51 -146 -76 -18 77 44 22 -66 -129 -28 115 129 130 118 -47 -27 26 -61 -132 -81 120 117 96 70 -98 -115 109 -119 -134 18 121 22 -64 -107 4 135 35 61 -33 41 -67 -80 118 -141 50 -84 117 -137 -57 79 121 -125 37 -16 -5 -27 -22 112 125 51 78 29 -61 148 -144 -19 -3 -43 -108 1 -142 -113 -135 26 145 62 132 -120 -7 -64 -109 -112 19 144 96 41 112 -41 -53 145 -116 -120 -132 -20 33 -46 -109
145 85 1 3 -61 -57 96 -61 -73 33 -94 13 -163 -22 143 112 -139 109 -129 129 130 68 99 43 105 -37 -68 -120 -135 66 -158 27 -44 -139 170 107 -22 167 -127 131 86 -81 -115 148 48 154 -121 121 148 172 -160 113 -156 18 175 88 169 148 -49 -7 97 66 96 61 109 -162 108 119 -8 115 157 3 109 -77 57 16 100 -171 -140 143 55 145 -117 -14 -117 132 161 29 -16 -109 117 121 111 19 20 118 4 135 -38 -26 165 -51 168 -29 76 151 4 20 78 116 155 144 80 67 65 132 41 5 35 -4 84 150 -117 -132 -18 -66 11 96 -75 125 -50 38 10 6 -152 147 -79 98 58 33 -125 115 124 166 -47 159 -51 141 -118 65 173 146 -64 96 -119 134 122 -134 18 123 131 -106 -120 -7 147 -164 -14 64 116 -122 -3 79 174 53 -112 19 144 -96 -119 -141 -149 -41 120 -107 92 -153 -70 61 84 -41 -137 -5 -22 29 4 -33 -62 -142 -46 -109
111 -40 -70 -109 65 -28 -98 -133 142 110 -138 94 32 134 8 125 -16 7 -67 2 -8 -55 -84 79 -83 132 17 -47 -19 145 -112 -31 60 59 35 95 114 73 -106 50 28 59 -60 -127 69 7 83 -80 -146 92 67 40 -110 121 50 100 -135 145 -16 43 107 -47 -23 61 21 -48 137 -32 5 -62 -20 139 65 -5 49 -101 129 -108 -45 84 -28 44 -41 -8 74 -71 -144 -4 147 -119 5 -21 76 -129 116 2 129 -110 84 -96 -20 40 -88 -90 127 58 47 -69 -32 -25 -78 -50 -53 17 -135 143 -129 -84 -106 74 -18 -31 -87 -86 112 -1 -70 146 -1 105 22 57 59 70 -99 -91 -56 -84 69 69 4 48 -59 -63 -13 42 123 102 -131 47 111 121 -109 7 83 -5 140 5 40 -19 61 -34 133 19 -130 134 75 115 -31 47 137 -75 109 -35 74 -26 145 15 -147 -124 134 54 -103 121 -133 74 71 2 -79 -49 67 131 71 26 -20 -97 20 82 57 -112
83 133 -79 -20 -148 -65 -121 67 -109 146 -50 84 106 -17 -132 2 -59 -60 -165 -4 -69 -129 140 31 47 -47 131 19 -158 129 -169 -119 5 -32 -62 -86 -40 -157 105 -84 146 -54 -134 163 133 -31 -1 -74 28 -59 -13 -74 -90 127 -145 26 -7 -31 -61 -109 71 26 156 -83 138 -8 -23 -145 147 -17 -153 101 -162 152 170 -70 78 -145 47 168 121 -8 -154 -172 16 -67 106 159 164 55 98 -155 18 -75 -40 96 88 -151 57 44 -74 -166 1 -69 -83 -7 -92 34 4 -131 -60 -69 127 53 149 76 -129 116 147 -56 137 -65 -84 69 50 -108 -67 49 -8 -84 133 143 109 25 70 -87 42 40 20 107 -47 134 -19 -74 167 -5 -84 -82 22 -71 -124 -111 -21 -112 79 7 -73 -35 -110 139 61 161 -111 75 32 -41 134 -100 102 15 58 91 160 -150 -48 137 -144 -28 -94 35 -2 -5 20 70 -99 -16 43 -59 59 47 -142 -110 -2 5 110 -135 121 171 57 -112
-5 96 135 -43 35 101 75 73 54 119 -38 -96 98 -102 41 95 78 -33 21 55 3 -52 -148 50 -141 -142 136 -96 92 9 -56 86 107 70 -61 87 10 -101 -143 62 -22 82 -74 -146 -90 96 131 -61 -14 -8 14 98 -4 34 -93 -18 35 50 -140 -48 -36 76 48 -121 63 101 -124 42 -107 149 19 -9 -138 -86 -62 83 88 -67 -90 74 -27 95 93 -67 -63 68 -67 -113 43 -61 -48 121 28 -145 120 -35 71 134 -127 -61 -67 81 -117 147 -20 60 -145 95 83 -36 68 145 -97 -99 7 30 -56 27 97 8 -80 -94 -58 -112 17 84 -113 52 92 -22 27 146 39 -92 -74 141 56 -28 -140 -76 -98 142 30 31 141 -44 -114 -34 -42 -93 128 69 -54 21 -31 87 43 95 91 -64 143 22 142 -77 -143 -50 96 123 2 63 -2 149 42 76 111 81 133 112 98 -117 128 140 102 -51 126 -67 -37 114 -50 118 88 -90 -106 58 51 -44 -128 8 -29 -23
-14 138 -111 143 -42 74 21 -142 -22 -143 -54 -170 -171 -61 -173 126 -58 -167 -83 33 48 -88 95 83 88 43 98 60 -157 -145 155 50 -93 -90 96 -136 160 -124 -51 -30 99 -27 -140 -50 -28 74 96 164 -114 36 20 -2 -81 -128 -98 -141 113 -43 -14 -87 -58 -73 31 159 -117 146 -156 -34 -42 -97 -52 -75 67 -44 -152 48 55 -92 80 50 158 140 -91 -121 22 -5 -10 98 82 -168 -69 63 8 62 -150 -3 -96 133 112 -172 -148 76 95 35 97 37 67 -76 22 -94 -63 -151 -92 131 -61 -146 -166 -95 -8 -165 48 127 98 -95 35 67 134 142 -121 -128 86 147 -102 96 -90 74 27 149 140 -50 -51 -93 -169 -120 -67 -163 145 67 107 -162 106 90 141 -114 -36 -76 39 -78 174 -77 -143 -141 118 35 102 -68 -62 -161 -61 87 34 2 -56 113 -154 -41 -30 61 153 101 -112 84 -4 -52 28 -119 -54 -42 63 -123 -96 -9 -142 -71 -81 107 56 38 -29 -23
-96 -56 107 127 -90 -74 -136 125 -82 -55 -85 -60 73 2 130 -108 16 -87 18 -129 -15 -31 -23 107 -16 135 -23 145 63 35 94 132 122 19 -126 -117 142 142 -23 -137 -53 130 39 -39 69 -92 -22 114 -36 -14 106 86 -93 24 142 -133 -129 -54 60 24 -38 86 -130 -107 -4 -105 -128 38 -13 -125 23 -68 50 85 -88 16 76 31 -26 -63 10 -119 127 92 40 -94 53 -90 101 75 -11 56 -48 -72 -115 -27 89 122 130 72 -32 2 61 60 26 -63 80 -89 46 -127 129 123 -56 -146 -57 -28 -49 140 88 -9 -85 -35 -148 -107 -68 5 47 -24 64 54 55 129 146 -81 -12 -17 37 147 -28 1 80 -41 130 18 144 51 65 41 -27 -14 5 100 43 -17 -50 -55 139 -131 -102 11 125 91 -109 -33 40 115 -20 -50 -6 121 85 -146 105 -10 52 -97 -113 4 54 107 122 -21 -130 101 116 -86 148 30 42 25 -62 134 -150 68 113 -120 55 -20 -38 -48
-96 -56 130 63 35 136 127 -36 -129 -55 -167 -90 101 2 -107 -130 116 -72 106 -164 107 -128 -113 172 47 35 4 19 -126 -40 -92 53 125 24 -101 -94 -85 -107 131 135 92 -24 46 25 82 130 -119 52 24 -130 -144 -5 -41 130 -6 132 -147 -97 105 38 173 -16 -125 -174 4 -38 -93 122 -64 -170 -18 148 134 -142 -42 91 -157 -2 -73 175 72 10 27 10 -56 154 -88 -102 -63 -39 -120 56 -139 55 -156 57 -27 162 -127 -54 69 159 54 107 161 -55 -140 49 23 165 -31 -23 14 17 -18 153 -88 76 -115 -28 129 -151 85 -26 -94 -122 5 -155 -163 123 -21 61 -133 -109 23 -15 62 152 -65 -50 74 171 166 -129 -129 -113 -87 -54 -37 -16 40 60 -63 145 146 81 -80 -86 -51 -28 -11 -169 146 26 -168 158 -60 -60 108 -130 -125 142 68 -16 -31 -13 68 -43 148 50 20 -89 -22 -80 14 32 160 -11 121 -90 23 -68 122 53 -9 -85 33 -55 -38 -48
-8 -9 -33 -73 57 12 -111 103 -111 -20 19 -21 -142 -7 -116 78 110 -94 -117 -18 -109 -137 -48 -66 -59 36 105 92 -123 46 42 25 21 -87 -130 33 -60 133 9 -128 -89 -110 -79 -137 -19 85 47 7 -61 -143 72 -34 59 -138 -79 90 -77 35 -108 12 88 36 -16 28 20 88 -105 97 26 141 24 11 -113 120 145 -19 137 -39 -33 29 -7 -10 -24 -67 -14 66 149 -123 78 148 150 83 102 -148 -10 80 143 19 22 93 -119 5 122 -11 -48 -124 -92 71 -105 -21 -113 147 -26 -68 83 -94 -28 65 -140 -37 58 147 -54 66 106 -29 108 123 -117 -124 -71 -7 141 83 -136 95 29 -35 -92 -78 73 38 -9 -29 27 -108 13 103 -17 -127 63 3 -34 125 -129 51 -6 73 -4 -44 -109 129 121 -42 93 -15 -69 145 -111 111 25 -22 -36 66 -36 74 -19 87 93 -127 -3 39 -22 -111 29 104 -28 -95 26 9 148 44 13 7 51 -40 -2 101 7 -140
78 -27 87 -35 29 7 117 7 -105 103 -29 -19 104 133 -28 29 138 34 -11 22 -6 73 68 7 33 -124 -92 29 -156 -105 -4 -162 -170 -12 168 169 -24 -67 58 110 -171 127 167 13 -28 -95 -26 -13 127 -148 10 -80 -22 26 141 150 90 -19 -123 137 136 149 -19 -113 140 -111 166 34 -3 73 109 44 -154 137 33 -51 -24 -25 -9 175 130 -117 158 -20 -79 153 -79 102 -21 -25 -54 5 -44 -40 -173 -21 152 -141 19 -42 -93 -83 -88 111 -111 -172 142 -8 159 -147 164 128 -66 14 2 3 -119 165 93 48 -38 -66 35 -108 -123 46 28 94 -12 -78 101 -103 57 -22 74 -92 61 -36 121 -33 -66 89 51 26 -161 106 116 105 -63 77 -174 108 -48 -120 -59 9 -94 29 111 129 -95 -137 73 21 -7 -163 -66 -15 145 160 -60 157 72 122 83 125 -129 -9 109 39 -155 10 145 20 -7 -88 -147 -108 92 -111 71 -36 -148 -11 -17 -151 -36 93 7 -140
-71 -22 113 66 -59 -113 31 -78 5 97 16 -114 -122 23 -65 -148 59 -92 -36 105 -97 27 14 135 -23 -119 72 4 7 3 -71 -5 20 -56 27 -70 -20 -75 80 -39 12 -120 143 -9 -13 113 -143 121 21 -95 150 -91 -88 -30 -113 74 49 -120 98 147 -110 -24 -7 -76 -23 -21 -47 22 84 51 124 -95 145 -140 -21 -60 -38 -19 5 -110 -118 48 -17 115 66 -120 -47 -58 -62 84 -29 86 94 128 67 -74 102 -57 -129 -8 -45 -80 -68 -132 41 51 -10 -140 47 -142 -146 -82 -40 33 -114 -13 2 -99 96 -119 -139 105 39 75 -1 80 27 62 -110 -119 -124 -78 -5 -20 -117 57 103 98 36 -143 -129 136 89 -76 47 -13 28 -4 15 139 -1 -97 -52 141 -112 78 114 138 -125 123 -140 -70 -29 -75 -97 69 -11 -98 54 -7 -81 -56 51 -79 90 141 14 56 -109 -11 34 -73 141 120 100 49 -92 -146 -89 -126 -26 -136 -110 102 118 -15 98 119 28 87
5 120 -12 -171 -141 -105 -119 105 -167 -80 -45 36 92 114 -155 -135 -15 75 29 70 -21 69 118 173 -119 152 -114 -88 -4 24 -158 -84 -159 74 49 115 82 -22 141 14 49 -92 153 -71 40 -103 -123 125 95 -56 150 -138 -58 -151 -121 -5 113 3 98 60 1 -139 -1 57 -72 -162 -66 129 146 97 120 20 20 -73 141 136 -28 13 51 51 96 -168 110 70 -140 56 -19 146 84 16 -114 5 166 -11 34 21 110 -91 -145 21 26 140 -122 56 -75 75 47 120 -62 47 -76 119 -170 78 -52 -156 23 110 -98 13 23 76 -89 -110 -118 38 -2 -102 -67 160 148 -97 5 78 -8 -163 39 89 11 -132 -79 -39 -68 99 -95 -71 -62 97 124 -174 -57 20 143 -98 65 66 80 -136 129 113 47 -22 169 157 154 -113 -128 47 175 -90 -27 -23 36 -142 -139 -119 -27 -7 17 -48 -14 -33 -147 80 124 -29 59 10 -164 81 -7 -165 54 -161 -172 51 7 15 28 87
-71 -122 -23 -58 -38 123 73 126 -142 102 86 128 144 -131 -17 113 117 133 -88 -65 -34 -51 7 -66 55 -83 -115 -101 -59 83 -22 -106 -112 -71 -1 -98 104 -136 30 124 -70 -124 110 50 -107 27 -109 112 -5 -141 83 -92 108 -144 84 43 98 -106 -52 -5 17 -66 -73 -83 98 -149 -143 -63 -149 -111 108 137 107 -132 52 46 115 -37 13 120 -10 49 -52 79 9 -76 130 36 -5 32 -97 -148 -114 121 7 55 69 -24 80 25 -79 2 11 -93 -60 140 -149 -107 135 -24 -5 71 -38 7 101 -110 -86 126 18 83 -80 89 19 -125 120 -20 -122 94 132 -76 -21 -25 -83 31 140 -17 -142 59 -72 129 -93 -33 -70 6 129 74 129 101 -123 -92 92 50 -136 -113 138 38 56 59 -71 -72 -125 -19 -15 37 58 150 -98 -57 -84 -50 54 -80 40 35 61 -128 -92 101 -32 145 -146 53 -34 19 46 38 149 7 -2 -93 74 -8 72 -149 47 -109 117 14 -95 -1
-6 141 -164 -92 132 -106 107 -115 -72 -102 71 112 60 -57 -152 145 173 24 -154 142 -38 123 -66 -17 -142 -46 121 -89 -126 -149 58 174 133 25 -140 56 146 -167 71 74 25 94 -109 59 -117 8 83 17 -115 -150 -160 83 17 -50 156 159 55 86 40 5 -34 19 166 -43 50 104 15 -38 -5 -98 73 98 -31 -148 -114 -157 -129 -32 -109 -172 149 -5 -169 -80 -79 -34 -2 -38 92 70 33 92 58 -125 5 -137 111 149 -72 -175 -106 -112 10 -124 -30 165 -120 108 80 -13 50 72 -59 -126 153 -19 83 129 136 2 -122 -36 163 35 -120 -168 138 52 -136 76 -9 -128 69 -79 -20 -55 -46 -101 -171 -51 -1 110 73 93 37 61 158 -24 110 7 23 -98 53 117 -125 -88 -155 -7 -47 161 32 -135 151 -101 -11 124 70 76 93 144 140 -149 -71 -143 -59 65 92 123 84 101 86 -49 -83 113 80 -84 -162 128 144 -107 52 -170 98 -107 -52 -7 101 18 -95 -1
-10 25 113 -35 73 -76 113 120 16 -9 132 -92 -16 -54 12 -87 37 145 -12 134 -32 -6 -84 -83 -16 124 1 -93 14 99 76 18 -54 117 -33 -36 -62 -148 48 -76 -142 98 62 -4 -110 -95 62 107 -127 -129 146 18 139 101 -12 -128 -75 -81 -65 106 112 128 150 44 64 61 40 132 128 6 -91 -100 -26 40 -88 104 -42 38 55 -29 99 4 -10 -84 -11 -84 -10 66 -9 10 81 59 -112 -112 -97 -87 137 -135 60 145 -106 37 50 -80 -148 -118 125 4 119 -84 108 -105 -1 100 88 -87 62 -114 141 -70 -118 64 47 -24 100 -149 84 -73 149 143 112 -87 -30 -25 -109 104 14 -89 -108 -91 -48 -33 140 -21 129 53 -139 122 116 114 -98 13 -72 -56 -94 123 28 126 6 142 28 -39 6 -33 4 -143 76 77 -80 -89 31 -4 -118 148 91 148 -57 26 45 -57 146 -24 -89 -69 -119 103 109 21 101 -42 -69 109 147 -135 -145 -70 -116 -79 54 -38
-42 127 -77 -118 4 48 -95 64 6 64 -142 -116 72 -113 -129 -91 44 -120 154 104 62 -10 157 -9 25 83 84 -35 37 18 89 -109 -28 146 162 -54 12 11 29 -128 -143 -128 -21 -81 66 161 81 -112 -97 -122 12 62 172 -57 -87 148 -118 -61 16 84 -164 149 -135 65 4 84 60 109 101 173 174 -62 171 -112 -1 10 -33 117 98 132 128 -70 -76 -76 -124 -145 -158 119 -135 54 26 132 -155 -105 37 -38 -48 75 -137 -143 -156 33 -141 84 -10 149 175 -94 123 106 100 -6 -152 -114 14 -89 119 12 -91 1 -30 134 -16 116 -107 57 -47 -151 -13 -108 76 153 -99 70 -104 169 160 -4 59 87 113 -109 -170 -99 -114 42 -21 139 -26 4 -91 88 45 -24 100 110 -69 -145 33 39 159 31 -4 -16 -40 165 148 -147 80 -87 167 101 -92 -89 148 -14 -129 168 -10 112 -36 98 103 28 -139 -18 -148 -80 166 -79 -126 100 -55 146 -24 87 -106 140 163 -38
90 91 -121 -146 73 83 29 20 -129 14 97 -30 -52 69 72 -40 -114 -84 -6 52 122 42 130 -72 17 17 -21 150 -9 -36 -143 -118 -130 -23 115 57 12 -96 -59 -90 -124 78 -43 132 -28 -4 -115 147 29 40 -113 67 -3 4 -4 136 142 137 -43 65 142 -21 -120 -114 -3 143 -2 50 111 55 -14 -26 -149 95 134 -49 -52 74 -46 -50 122 57 -81 77 62 110 -111 115 -13 58 110 85 -10 -56 135 109 14 -133 110 -119 26 -3 101 51 -11 78 141 -10 -102 -2 -4 -115 -37 -127 49 15 -77 -41 -15 -102 20 82 127 35 96 133 -15 -141 128 6 -4 147 -9 72 74 -109 -49 -142 -138 -39 38 120 -106 -138 40 -121 -78 135 -103 4 89 107 -86 -21 73 -13 -52 62 10 32 -120 -39 -102 24 -144 69 -119 87 -52 -63 147 114 101 -100 131 132 -142 -45 40 -31 109 -111 -106 127 54 -99 60 51 103 103 -127 132 -70 -108 -49 -51 -48 126 -57 -141
90 -36 -122 143 83 -111 -134 70 20 120 121 -171 119 133 127 -43 124 -122 90 -9 132 -57 150 135 -82 -110 10 56 -141 -21 73 -107 78 -43 15 -162 167 31 -40 102 52 -17 132 100 159 137 -40 161 158 -15 142 -87 -146 -118 -2 26 -4 -131 -138 113 78 -23 57 -58 39 -15 4 -38 84 114 -10 97 6 169 173 -51 144 153 -14 147 114 42 -155 120 -149 95 20 21 96 120 -13 85 -147 40 -72 130 -130 55 -12 111 151 -69 86 -51 -170 -119 60 -72 -30 -89 154 -49 127 49 35 4 28 -81 77 52 132 62 -72 -109 -141 106 111 -69 -45 -2 115 -175 -50 78 157 3 6 103 -50 48 -166 -164 103 39 138 3 -174 21 -17 -13 -163 63 -54 52 160 -142 156 -121 -128 -135 -41 49 -10 -168 -4 133 96 -52 14 -67 26 -142 -65 165 24 37 4 99 143 74 14 4 -152 142 102 3 -127 101 -51 -110 172 59 -115 147 29 49 77 73 126 -57
-15 -7 -19 35 140 143 81 50 130 -145 -98 42 -116 -93 150 -59 135 76 72 -56 -45 130 -122 124 39 59 36 39 -31 -12 -47 -69 25 124 -102 -65 135 -53 21 -118 -15 125 13 -24 144 116 -33 -110 -55 132 -12 -137 146 -69 77 133 -53 -33 130 -65 143 91 116 -111 -25 -33 74 8 104 91 139 35 125 -40 -146 141 -25 104 131 93 -73 -11 81 13 -86 30 86 127 21 -74 -146 -80 -14 -37 102 4 86 -101 -20 104 139 -148 -55 -150 124 -115 117 146 -50 -135 105 46 130 60 -15 61 105 -115 127 1 136 -50 -83 -14 -68 116 69 -135 132 -75 -88 -7 38 37 -12 -28 -103 43 85 -36 10 32 92 135 -54 57 -55 2 57 118 39 -140 13 14 111 -11 149 65 33 -119 101 63 -119 53 1 1 2 -18 106 -64 -139 94 64 106 -109 134 9 42 -86 -21 -84 -143 -99 -12 110 -99 60 91 143 28 96 -3 -46 43 -117 108 116 -96 -94 105
-36 -40 13 42 59 136 -33 -33 -21 -33 -99 -167 -21 63 151 164 102 80 -93 -174 73 110 65 -65 -38 45 -21 -111 -14 -3 20 -28 -143 -153 -135 -109 54 -86 106 50 46 -12 146 59 11 55 -9 -134 -117 50 68 165 60 -104 11 93 116 -42 130 135 -105 -106 111 72 -143 37 -77 -155 -150 -91 61 -172 149 170 60 39 13 -152 25 -141 146 171 2 -88 -7 -53 -133 -74 130 146 -74 156 -64 -104 -116 -91 -8 37 -25 39 81 -144 -69 1 124 47 -99 158 -56 150 -85 173 154 -131 105 -175 101 -86 166 -135 -86 -81 -116 43 117 146 -143 115 -162 -12 64 -28 53 -135 132 43 69 118 103 -119 31 116 4 -53 161 157 -14 -50 19 65 57 33 -14 -10 12 -163 -32 -24 30 168 -91 104 15 139 118 96 169 140 140 124 -102 -125 13 -101 86 76 -55 92 39 -75 160 145 116 -55 36 -127 57 -159 1 130 139 -108 -148 110 -127 -25 69 -98 -94 105
7 -50 88 -60 -107 -129 77 65 55 12 104 -25 147 -28 -76 61 71 33 -62 -112 10 92 -60 90 139 65 -129 130 30 -56 -20 -10 -44 17 -66 -21 4 147 -121 -126 -73 118 -118 -10 107 2 -90 96 -85 -62 18 -137 66 94 117 -106 79 127 -123 -44 -3 140 -128 129 118 117 -73 -19 -144 -111 70 -134 88 -90 131 3 51 -58 -63 -39 -56 -1 125 83 -143 57 -82 141 5 -103 -86 -50 99 113 -28 73 125 -93 142 147 102 16 -123 -133 -54 3 -48 -149 76 60 7 110 73 130 119 -74 -138 148 26 72 54 137 39 40 -1 4 120 -83 -68 -134 -27 117 61 -109 149 -121 -37 11 -145 88 -57 117 -86 -11 12 -113 36 133 114 -133 -25 -146 -96 124 -63 -24 -116 41 89 145 -87 40 44 134 -74 -41 53 -144 54 -41 -26 -33 35 40 16 -76 58 7 -24 50 -85 87 34 39 66 -39 -52 -2 73 32 -134 74 -69 -43 105 36 60 -22 32 35
125 164 -142 37 -41 -17 -90 -118 -121 153 -50 173 167 74 -147 -145 140 107 -113 -133 -36 89 19 -74 121 -149 109 73 27 -124 -22 120 -12 -169 118 -156 25 -117 26 166 -85 -93 -127 -58 -48 161 -141 1 -94 -1 7 34 -159 -118 87 -150 88 -90 -71 -129 88 65 151 -82 146 73 -143 -26 -61 3 -133 -24 -70 -83 54 32 66 -87 39 -2 -103 -86 -69 76 157 21 -170 -133 -117 -10 -123 90 -50 -113 -152 -7 50 105 60 -44 147 -76 12 -92 -104 43 160 5 -40 -39 -73 -116 -148 138 99 -96 -128 -56 4 -145 65 30 -56 -53 107 60 134 96 -33 11 16 58 -134 -85 44 -126 -35 33 -117 40 -110 144 -57 -41 79 -131 61 4 123 -76 -51 -174 28 147 102 44 -60 88 163 83 -2 -171 -40 -55 -73 11 -106 149 3 119 39 144 139 62 16 77 172 25 -111 -73 -54 -41 165 54 -117 -158 -168 114 -18 -10 60 66 154 137 39 129 -137 -7 162 155
107 110 97 135 16 -56 123 -113 124 -66 -91 4 33 7 -65 -37 146 -137 -20 24 -108 53 23 31 -68 -134 22 121 -63 -63 -30 -52 61 -120 11 15 87 96 17 -112 55 59 -126 143 128 121 29 93 127 78 -85 149 57 -130 95 -109 71 -145 -136 -40 72 -69 -97 -77 38 -18 5 122 108 -88 -87 -28 -6 -57 -141 62 -57 -27 -70 56 45 -6 -35 39 141 -131 130 4 -63 103 -90 -100 19 -129 45 103 25 55 142 -145 82 106 140 -101 48 70 105 38 96 -124 -41 -35 -54 -96 -96 -65 -89 124 75 -64 64 88 -11 29 68 105 -84 -39 8 118 -47 73 100 57 132 35 120 20 -41 59 105 94 110 133 127 19 -8 -55 -149 112 67 80 61 -70 -74 64 -109 41 -128 -51 -140 57 82 88 40 136 140 -45 -114 -89 -126 -80 -58 -122 -89 83 60 -16 89 -14 33 -102 -115 112 -61 59 24 122 -17 78 54 -61 25 101 -10 42 54 78 -49 32
108 105 64 173 -48 -35 -157 -127 -127 96 57 146 -20 6 -38 -118 159 23 -112 -165 160 133 158 -122 18 85 -51 151 64 73 100 54 -163 101 106 140 63 110 97 135 -63 -30 -52 91 129 -17 78 -41 -124 87 -145 -89 -41 47 56 -166 -82 37 -15 -136 153 -134 152 -75 70 19 -128 140 155 121 -61 -80 -141 -115 -10 -61 57 -82 70 143 93 -71 -35 112 122 -168 -156 19 -8 84 -68 167 54 120 120 -88 112 -149 -68 172 11 60 -90 -100 -16 132 -59 -56 57 122 -40 29 -57 -96 -61 59 -140 174 11 149 -35 171 -109 59 -74 70 -88 154 62 42 54 -103 -124 -45 -61 126 64 -128 136 145 24 -126 110 24 65 80 130 -121 72 39 -66 161 -130 -40 -6 89 109 113 -164 169 170 -55 -108 -25 -96 -14 33 -16 31 8 4 29 -58 -28 142 83 -95 -45 -124 87 -103 17 -27 97 67 -33 -162 -78 -65 -89 -22 150 96 -88 -102 57 45 -7 78 32
46 -28 33 -101 -141 10 -99 -121 65 19 63 50 143 144 24 87 74 -146 -94 -57 -95 -149 46 -65 14 133 27 126 32 135 92 -47 85 -115 51 38 -130 126 51 112 119 -44 -150 -137 -99 -56 -113 119 -40 -3 -136 -29 20 -64 -6 6 148 135 -51 86 114 -35 74 37 -146 120 34 -115 148 -17 -65 -147 31 34 70 -99 7 147 -52 135 -138 89 -66 -42 -149 -83 104 -63 -50 -99 13 -53 13 61 119 -63 -90 57 -67 -10 -77 -9 -85 82 125 -29 -68 127 149 48 -148 111 -85 -36 147 6 150 -78 104 -47 -21 34 -100 -124 55 -130 141 32 -100 146 22 38 -81 33 74 141 127 5 -117 -146 -50 44 51 87 81 -128 18 -80 137 -82 -137 43 -93 -108 -123 -80 137 148 61 19 131 105 -22 -28 59 13 -94 -146 -130 122 46 -148 36 28 -97 144 -104 -18 81 -85 23 -133 145 -91 87 80 98 103 -91 -66 40 -85 9 32 114 21 36 135 70 64
-123 -40 148 -121 111 94 -55 -155 -133 13 175 -9 -113 23 170 -31 152 28 -33 -70 -166 -19 -61 85 -138 89 128 -32 -146 36 63 135 147 -80 -137 80 29 136 -146 -127 -146 -162 -86 -13 -171 131 160 -100 -104 141 70 -74 -61 -13 141 153 -156 -149 -91 -147 -165 22 137 -99 -144 -99 -68 -115 -3 32 172 -44 145 83 -17 28 137 -119 85 9 -6 148 -46 124 85 -135 -137 -90 164 -67 -10 149 59 -40 -63 -150 105 101 117 141 38 -130 21 47 50 77 167 -99 -135 -32 -48 -169 99 -94 103 98 -150 -5 34 21 -66 50 143 -7 -163 -87 -146 -81 81 64 -20 -81 47 38 19 63 51 65 -158 -130 -10 85 14 -51 -126 115 151 100 -108 74 -112 -104 29 -125 -82 148 173 24 87 97 147 -148 78 -80 53 95 -34 92 56 18 -157 -42 27 126 174 -37 -130 6 28 -35 114 127 114 -119 -51 -93 -18 -44 146 50 -65 -168 -159 149 -51 -154 -74 85 64 161
-80 11 -39 -149 -97 25 -144 -8 67 149 -27 -62 82 80 97 30 -6 -109 50 -137 11 -57 3 19 -4 69 -71 120 42 54 -127 -143 -55 19 11 65 -17 -120 -113 41 -18 -50 -118 -138 -53 85 -34 35 -44 -127 -50 -135 142 132 -145 60 7 118 10 -141 116 119 -13 -37 -91 70 -25 -22 -90 -2 28 90 136 136 37 -19 -89 -113 -138 -34 -105 136 -2 -75 138 -65 -18 34 99 104 -84 140 -89 -49 -71 -50 80 85 -124 53 100 88 97 -115 -10 -79 -45 16 -115 -81 132 33 10 56 -91 -9 -7 -25 46 77 143 31 78 -144 -47 -127 135 -108 59 -39 101 -8 15 -27 1 -133 41 136 38 -105 -98 20 129 133 -71 75 -121 67 119 -72 -120 95 77 141 -39 -47 -65 120 125 125 48 21 18 64 -100 14 139 74 67 -81 142 81 -109 19 139 26 -90 -31 -16 -3 -87 -13 43 -50 -21 136 -46 -134 140 111 30 -20 29 8 114 -28 25 -38 -21 -136
-50 -120 -81 125 -14 155 163 -17 153 -129 25 95 -136 -149 33 -82 135 -164 -89 50 -57 141 -64 -144 -38 -85 80 -2 165 19 -37 -50 135 141 15 127 -16 7 118 -156 6 137 -44 154 -38 159 -45 -142 113 -139 22 -65 -67 41 136 133 47 -150 -37 3 -16 11 -109 -87 -90 80 81 91 127 -166 -168 -41 -120 67 149 -27 152 -50 -80 1 -34 -169 -20 -115 -39 105 171 -11 -151 42 54 -55 20 4 -120 18 136 -46 -134 100 75 172 91 -65 11 -70 48 -143 -19 -97 30 -25 -136 -26 -71 -132 34 98 -39 138 71 -170 -3 -167 -79 -133 -139 173 -99 18 7 116 119 -31 -161 -30 10 74 160 -77 -2 28 -108 -138 19 -53 -21 -124 56 8 10 -101 88 -10 90 136 144 -25 -119 162 -127 31 -145 60 -27 121 -143 -158 -104 65 132 -157 -46 21 13 -140 -25 -142 -113 118 78 105 138 19 -59 97 120 115 114 -100 69 -174 -35 -62 140 -8 -111 -49 -21 -136
