L -36 -7 -25 39 -39 -38 -12 -19 8 -35 2 -39 -13 26 12 -16 -3 -7 43 -31 -49 15 -20 17 22 24 -6 32 -17 20 -24 47 31 -30 45 24 -24 -22 45 -8 31 -22 -34 13 40 -33 -32 3 13 -7 -36 -43 -39 9 43 -41 3 6 -39 -19 -16 -41 -30 9 41 28 -47 38 -13 2 -8 -18 -44 -23 41 49 40 21 -41 20 34 33 -12 41 -21 34 38 31 9 41 42 21 -46 36 44 20 -45 6 -26 -30 31 29 -16 38 -47 25 44 26 47 -46 8 49 17 -28 -44 22 3 -25 8 -34 39 38 -47 -33 28 34 -13 -48 17 31 -22 42 39 -50 -18 4 -28 -18 -7 -19 32 -12 49 -45 35 43 -37 -39 -49 -38 -1 1 15 30 -5 -18 -48 -23 48 -43 20 46 4 -14 46 -15 -42 -28 -20 -11 -28 -21 44 44 36 43 11 -45 -27 -25 23 -26 39 15 -14 37 -1 -43 20 -26 -18 34 1 14 12 26 11 31 -7 -12 ; 
28 8 16 15 47 81 19 64 31 93 88 55 42 36 81 60 4 11 57 16 14 61 26 50 57 55 54 39 18 32 27 83 76 23 3 26 83 9 34 69 71 11 67 11 42 81 27 7 54 85 99 62 41 89 11 44 57 20 77 28 43 46 25 39 30 52 41 48 39 10 86 30 92 21 98 26 47 92 25 36 9 94 80 53 1 29 4 77 3 12 28 96 97 28 47 27 83 84 41 21 9 55 87 88 92 55 62 60 23 73 1 96 39 25 28 76 21 72 37 78 45 96 60 68 43 45 49 43 11 79 28 99 64 2 58 55 46 20 13 82 19 98 18 65 56 37 10 26 28 22 92 17 66 10 16 44 40 24 13 98 88 86 22 73 24 32 57 46 73 21 46 34 41 90 18 90 84 75 36 82 80 85 87 27 10 81 65 25 9 67 28 73 1 59 64 98 39 9 55 92 35 ; 
L -39 -35 25 43 -18 -48 -26 -34 -50 -16 -41 -47 -3 23 20 -43 -12 -43 -36 36 30 -24 46 -15 -11 -7 30 -20 -4 -19 38 -12 49 16 -41 -39 -18 37 46 3 16 38 13 -21 -18 -48 32 -9 30 -17 -49 -39 -13 34 -44 -13 14 -8 25 -7 28 -47 -21 -39 -19 -38 -38 -9 -36 46 -26 23 42 41 26 -19 -33 -34 -27 47 -28 33 -42 -25 40 49 8 20 -22 -13 11 20 -22 -26 25 -31 -18 -45 31 -30 45 -12 49 -24 -13 14 -41 44 -44 -44 -21 -24 45 28 42 31 1 18 28 -4 28 -45 15 -6 -23 -46 8 -1 22 -31 -3 43 5 14 29 -39 -38 -2 -12 43 -21 -40 -49 -41 26 8 -32 20 39 7 -11 -6 -37 -48 -15 6 -24 38 31 -33 -17 -15 17 44 -39 -43 -44 -2 -28 -20 -1 1 34 -32 34 -47 -36 -35 47 -39 -9 8 7 -22 45 26 20 -34 -39 -41 -3 -22 41 12 -17 -31 -43 31 -7 -12 ; 
8:8 88:88 69:69 71:71 28:28 40:40 17:17 80:80 64:64 52:52 46:46 40:40 58:58 2:2 37:37 7:7 43:43 69:69 90:90 27:27 42:42 18:18 56:56 32:32 77:77 35:35 31:31 29:29 36:36 29:29 63:63 43:43 16:16 58:58 21:21 42:42 70:70 86:86 81:81 11:11 4:4 45:45 68:68 31:31 69:69 132:132 49:49 47:47 39:39 33:33 39:39 84:84 42:42 66:66 54:54 45:45 27:27 86:86 37:37 69:69 39:39 41:41 34:34 96:96 28:28 28:28 37:37 65:65 89:89 28:28 86:86 16:16 72:72 53:53 34:34 74:74 35:35 94:94 26:26 61:61 46:46 43:43 100:100 61:61 15:15 34:34 74:74 68:68 64:64 45:45 31:31 21:21 47:47 70:70 98:98 17:17 72:72 104:104 64:64 23:23 3:3 52:52 18:18 91:91 50:50 8:8 81:81 58:58 70:70 24:24 9:9 56:56 2:2 27:27 46:46 22:22 33:33 55:55 20:20 46:46 36:36 77:77 41:41 148:148 72:72 21:21 1:1 68:68 33:33 28:28 12:12 29:29 96:96 94:94 68:68 44:44 81:81 28:28 58:58 30:30 42:42 92:92 47:47 26:26 123:123 92:92 16:16 53:53 18:18 111:111 23:23 12:12 60:60 55:55 28:28 44:44 54:54 30:30 77:77 43:43 28:28 7:7 20:20 41:41 35:35 70:70 29:29 3:3 25:25 80:80 138:138 17:17 74:74 15:15 12:12 52:52 19:19 36:36 2:2 56:56 5:5 61:61 20:20 39:39 34:34 19:19 99:99 60:60 42:42 68:68 29:29 21:21 43:43 20:20 69:69 13:13 30:30 73:73 80:80 92:92 35:35 ; 
L -24 35 -35 -15 -2 3 -42 32 37 -25 35 -50 44 44 -46 -19 44 -35 -21 -29 -23 -48 -12 -22 20 -41 5 8 -23 2 -12 -6 45 25 -13 -29 25 6 35 4 -30 -9 45 17 22 29 -48 2 -11 -40 23 -3 17 34 12 29 -50 40 10 13 -14 -25 -22 9 34 48 -34 44 49 -41 11 7 25 -7 27 2 10 23 -40 -20 -3 -50 39 4 44 -23 -49 -42 -49 -28 28 -34 23 -40 -5 -11 46 19 15 31 14 -8 32 4 22 -4 18 33 -42 -6 8 20 21 -31 -20 -2 34 -32 -4 -16 45 -4 -25 28 32 38 -25 -34 45 -35 34 29 -26 -32 27 45 26 -13 23 15 38 25 42 47 -48 27 -21 -49 45 14 -47 -24 17 -20 23 -45 -7 -7 -4 42 -10 -16 27 39 49 3 -25 -13 -39 -19 -27 -8 -49 -3 -25 40 43 3 30 -8 12 40 -47 -32 -8 -48 -36 -44 -14 43 7 32 20 46 10 21 -28 3 -18 28 ; 
25 79 22 30 44 95 43 19 23 54 82 24 61 70 77 72 31 23 38 76 49 79 73 20 94 13 89 3 85 90 24 54 75 62 66 76 94 35 64 77 90 41 84 50 52 90 32 72 78 79 34 88 86 12 96 56 82 16 48 96 16 20 41 64 50 82 97 77 30 7 18 85 9 70 81 79 48 15 71 26 23 94 35 34 74 1 71 23 60 85 93 51 20 28 53 47 100 81 87 79 72 24 85 63 50 81 29 60 83 26 91 5 12 59 26 68 60 87 75 97 83 94 76 91 98 100 99 28 66 58 45 35 89 45 2 24 81 46 64 12 15 61 33 24 57 63 42 49 57 45 49 78 86 89 78 17 45 82 11 10 1 33 19 93 22 74 72 70 21 62 61 93 96 61 22 72 58 71 86 24 17 98 16 34 45 66 57 7 63 59 49 34 36 92 64 15 63 22 44 64 37 ; 
L -4 28 -33 -25 3 -21 -35 -19 -43 11 2 -40 32 11 -46 45 -31 49 -44 -44 -25 -29 -35 23 47 -40 -12 -41 34 -48 48 8 -45 -44 -3 -29 42 -4 -49 47 -45 20 31 -27 16 -21 13 46 21 4 10 -20 -13 12 -26 28 2 -15 6 32 49 8 -44 -10 -2 -19 -49 23 -40 -4 -4 -14 -48 39 25 5 24 14 9 34 32 -15 30 3 25 42 3 -32 8 38 5 50 -10 -42 -6 38 -25 -22 -32 -47 11 6 32 -42 3 23 8 -27 -20 22 29 -7 45 -28 16 48 8 25 -3 22 25 -34 4 -23 27 -37 43 20 10 -22 -45 34 -20 -3 -2 -13 -39 50 -42 -7 46 25 4 -40 -12 45 23 35 -35 18 -21 24 17 34 -7 50 -29 12 19 -25 23 29 -44 -7 -20 40 -26 -32 27 39 49 -2 34 34 -28 -23 -36 -13 -35 49 -7 -23 -41 -40 -17 -35 48 -14 14 8 -25 15 9 30 -27 17 45 44 -18 28 ; 
55:55 113:113 177:177 22:22 154:154 25:25 19:19 100:100 9:9 96:96 67:67 38:38 32:32 58:58 80:80 48:48 126:126 100:100 85:85 70:70 38:38 111:111 75:75 92:92 48:48 16:16 98:98 19:19 59:59 97:97 91:91 55:55 12:12 159:159 41:41 54:54 49:49 28:28 52:52 42:42 32:32 87:87 26:26 31:31 19:19 108:108 9:9 27:27 41:41 4:4 12:12 18:18 41:41 108:108 18:18 38:38 87:87 21:21 20:20 59:59 89:89 96:96 17:17 13:13 48:48 71:71 33:33 3:3 94:94 77:77 152:152 18:18 62:62 31:31 28:28 34:34 67:67 20:20 4:4 50:50 44:44 24:24 35:35 28:28 17:17 89:89 74:74 34:34 70:70 15:15 40:40 106:106 23:23 69:69 26:26 114:114 99:99 37:37 42:42 10:10 148:148 30:30 142:142 22:22 19:19 80:80 39:39 58:58 33:33 94:94 14:14 98:98 54:54 171:171 133:133 61:61 66:66 51:51 72:72 84:84 65:65 61:61 13:13 127:127 39:39 53:53 74:74 26:26 42:42 58:58 33:33 66:66 47:47 52:52 37:37 83:83 11:11 35:35 10:10 86:86 40:40 19:19 76:76 49:49 73:73 32:32 86:86 49:49 22:22 25:25 3:3 28:28 71:71 80:80 24:24 49:49 82:82 8:8 15:15 111:111 63:63 49:49 27:27 29:29 10:10 13:13 80:80 45:45 2:2 93:93 22:22 48:48 60:60 46:46 51:51 116:116 47:47 83:83 25:25 35:35 8:8 30:30 59:59 24:24 48:48 72:72 121:121 30:30 62:62 75:75 58:58 122:122 35:35 41:41 26:26 77:77 94:94 63:63 52:52 64:64 37:37 ; 
L -28 48 7 17 -34 18 -39 5 10 17 17 -38 -41 -42 -8 -47 6 -16 -38 -27 -20 22 40 -24 6 -13 27 -48 -49 -46 -41 -22 34 42 44 5 -29 -33 20 -47 -17 -15 38 31 18 38 27 9 34 -16 -9 -26 39 -31 4 -25 -43 36 9 -41 2 -39 -28 -46 14 -14 -15 12 23 -27 24 -20 36 50 6 -35 -20 -30 -13 23 -9 27 -41 -15 13 15 30 -30 41 18 -32 38 -2 31 34 25 14 -15 47 -24 36 -42 -15 20 48 -4 -29 -33 19 45 3 -22 1 35 -22 7 -19 38 -50 17 -31 -36 33 36 34 1 -49 8 34 -36 12 -5 1 43 38 -4 19 3 -37 -11 -4 3 -9 -15 -11 36 7 14 -23 -47 -2 2 -26 -44 -45 40 33 -9 42 -39 -41 -40 -26 36 38 18 48 -18 47 -36 13 -37 -1 1 -48 -2 7 13 50 -20 -43 30 -31 -40 -33 -26 43 24 32 -24 7 10 -30 -43 -30 -44 -50 32 -16 17 ; 
7 68 6 5 29 91 27 6 23 98 44 64 90 76 43 22 93 96 88 48 78 70 8 7 44 94 22 58 86 65 82 13 60 24 42 50 3 83 97 68 26 32 54 56 86 24 37 5 70 31 88 23 15 24 92 25 11 63 45 21 85 53 99 59 40 15 46 87 1 52 81 16 88 26 54 22 68 57 50 51 43 37 72 31 85 1 55 72 22 17 83 81 95 90 30 72 79 82 25 15 81 25 64 52 65 14 41 90 10 24 31 73 6 36 74 17 42 23 65 16 30 39 34 59 72 21 13 77 81 31 11 28 97 84 94 28 54 7 43 79 12 91 86 1 83 23 66 90 19 75 72 75 39 88 7 18 80 69 76 56 45 27 45 26 30 7 11 86 74 22 73 39 5 41 18 53 46 76 68 56 34 83 72 32 37 51 82 18 91 54 95 63 1 69 48 51 53 12 10 63 56 ; 
L -50 15 9 -6 -34 24 -41 -11 4 -33 -50 43 42 -15 20 -38 22 -3 19 38 3 -37 -38 44 30 43 -29 -33 -43 -1 -30 31 45 -10 -22 -4 -36 26 -20 -46 42 31 -37 -1 -12 -14 28 39 -2 -27 34 41 -27 -20 33 29 17 -50 -43 36 -16 -30 48 11 42 -39 1 -18 26 -27 13 17 15 -28 48 -22 -17 19 -14 41 46 -5 -34 -7 36 -41 -36 49 20 26 -2 -36 17 -45 18 48 -18 47 17 9 -9 8 34 -19 30 38 16 -6 5 36 8 47 49 44 2 -15 32 3 25 -25 -4 40 -12 38 24 -32 -24 -44 36 47 42 47 -36 43 -40 -14 35 2 27 18 -39 -31 -38 23 -36 13 -6 -26 31 30 33 -9 -7 2 48 48 -13 -15 24 -20 -40 -13 -9 -38 -41 -7 9 27 -50 18 -24 -41 20 35 33 -15 39 -31 1 -22 -34 -4 -14 23 -7 7 10 -30 -23 -47 -13 15 40 -1 -38 -5 34 32 -16 17 ; 
59:59 35:35 1:1 86:86 51:51 58:58 36:36 117:117 24:24 53:53 69:69 119:119 48:48 33:33 52:52 66:66 67:67 73:73 66:66 8:8 27:27 43:43 19:19 33:33 51:51 48:48 75:75 90:90 4:4 81:81 88:88 51:51 29:29 99:99 12:12 15:15 33:33 26:26 31:31 77:77 22:22 82:82 24:24 5:5 43:43 11:11 17:17 99:99 53:53 17:17 64:64 15:15 72:72 84:84 97:97 83:83 5:5 58:58 85:85 78:78 41:41 42:42 31:31 14:14 30:30 56:56 55:55 83:83 56:56 52:52 110:110 38:38 14:14 40:40 23:23 32:32 55:55 21:21 41:41 29:29 82:82 74:74 26:26 26:26 36:36 19:19 36:36 68:68 49:49 24:24 39:39 12:12 48:48 84:84 67:67 11:11 86:86 74:74 25:25 3:3 46:46 44:44 81:81 11:11 15:15 44:44 88:88 96:96 115:115 30:30 41:41 10:10 10:10 34:34 81:81 7:7 89:89 25:25 26:26 6:6 84:84 26:26 76:76 79:79 91:91 54:54 91:91 34:34 86:86 76:76 42:42 97:97 26:26 30:30 76:76 27:27 89:89 62:62 54:54 135:135 27:27 31:31 56:56 88:88 64:64 21:21 94:94 56:56 17:17 30:30 75:75 50:50 48:48 46:46 53:53 107:107 32:32 68:68 65:65 16:16 103:103 17:17 38:38 62:62 26:26 102:102 16:16 14:14 26:26 64:64 77:77 80:80 66:66 68:68 47:47 37:37 59:59 24:24 92:92 70:70 23:23 24:24 5:5 26:26 40:40 54:54 63:63 1:1 14:14 75:75 11:11 56:56 33:33 5:5 28:28 89:89 14:14 45:45 13:13 63:63 56:56 ; 
L -14 -26 -45 39 18 -42 21 4 14 49 28 7 50 -43 -41 -22 -17 2 22 -32 -31 20 -41 1 -37 42 -37 8 38 41 32 -11 13 -20 -5 27 -47 -21 24 -28 49 30 -1 -9 28 -23 50 38 -41 21 47 44 -10 -5 31 26 -42 40 -10 -29 12 45 39 -9 40 -5 8 50 19 -18 -39 -29 2 19 -50 35 -27 -16 11 -43 46 4 7 42 8 43 28 -22 10 24 14 14 30 34 32 -30 -34 -40 22 -40 2 -28 -35 36 22 -33 40 26 -48 50 -38 50 28 -25 -50 28 18 22 37 -7 35 -17 -20 -41 -1 43 36 18 -39 37 -43 -20 -34 10 -49 20 -3 9 15 -36 -45 44 -10 -25 -22 32 12 49 -22 42 29 -31 -11 -9 26 1 37 37 1 41 24 -17 28 -32 -43 -36 -38 -29 -45 19 28 21 -4 29 11 10 -26 -24 -45 30 -39 -26 -45 17 6 4 41 14 2 37 21 -7 22 -37 -11 29 50 -18 -16 -24 ; 
26 31 26 25 65 8 14 24 26 44 74 41 87 92 55 27 20 36 7 6 27 87 50 100 98 48 6 21 82 31 37 52 41 1 89 42 6 72 7 11 28 100 65 48 63 49 6 20 42 47 58 73 74 89 55 64 14 24 95 50 78 35 32 70 54 15 65 16 61 37 61 27 40 33 71 53 12 53 10 87 34 88 66 51 51 33 77 26 95 75 16 98 81 56 45 66 58 20 6 29 98 44 10 14 23 38 73 9 98 56 29 82 16 97 40 81 84 88 64 49 93 40 36 45 55 77 65 99 100 71 24 72 59 55 15 75 18 8 75 44 19 41 45 4 59 96 47 36 44 99 65 46 77 29 63 16 9 41 96 88 83 61 55 66 57 71 92 94 59 50 27 13 88 57 61 5 71 63 1 17 24 18 97 13 96 86 53 30 3 85 76 35 61 76 50 78 91 13 98 31 85 ; 
L 30 11 -26 1 -25 -50 -37 -37 -20 49 -49 -14 22 11 -42 8 -40 42 43 -18 -39 10 13 37 -42 4 -40 -49 25 4 37 -43 41 49 30 44 -21 -43 46 -35 36 40 26 2 28 -19 -21 47 -27 -36 -17 2 -44 45 -9 -15 -39 5 -18 -50 41 14 41 -50 -6 -28 45 29 -10 -2 -40 -45 41 22 -10 22 -2 -43 1 -14 1 -22 -28 -50 14 -20 -50 -21 -28 7 37 -28 -17 -48 45 -7 22 10 38 36 45 21 42 8 41 5 29 -29 32 -27 -24 11 30 33 42 29 -31 12 34 9 24 -20 50 -18 39 -30 -39 -38 -36 47 -19 28 -22 -8 -32 -4 16 -12 29 -37 18 11 -35 -23 50 -32 -31 20 -5 -41 26 14 19 -9 29 28 -28 26 39 1 -22 -34 40 -37 4 35 -17 10 32 45 -24 38 1 -21 43 43 -38 26 -11 -18 17 37 9 -7 24 32 22 -31 41 -7 -28 -10 34 20 22 -50 3 26 -16 -24 ; 
40:40 54:54 29:29 25:25 111:111 40:40 21:21 41:41 42:42 75:75 7:7 44:44 18:18 26:26 46:46 59:59 25:25 20:20 34:34 19:19 60:60 54:54 21:21 4:4 6:6 78:78 39:39 38:38 56:56 82:82 24:24 24:24 31:31 32:32 100:100 139:139 33:33 71:71 34:34 102:102 14:14 53:53 9:9 101:101 29:29 46:46 14:14 146:146 6:6 21:21 64:64 30:30 84:84 41:41 12:12 55:55 33:33 31:31 133:133 124:124 56:56 30:30 14:14 90:90 55:55 55:55 112:112 59:59 57:57 38:38 77:77 14:14 19:19 40:40 6:6 49:49 40:40 116:116 64:64 141:141 58:58 9:9 64:64 16:16 30:30 88:88 64:64 39:39 13:13 63:63 16:16 93:93 24:24 33:33 49:49 56:56 149:149 7:7 111:111 92:92 64:64 19:19 50:50 51:51 4:4 91:91 19:19 30:30 95:95 44:44 44:44 52:52 53:53 36:36 134:134 65:65 46:46 69:69 35:35 30:30 28:28 67:67 75:75 48:48 64:64 33:33 54:54 37:37 26:26 21:21 13:13 88:88 83:83 96:96 88:88 104:104 20:20 22:22 78:78 28:28 65:65 61:61 33:33 22:22 6:6 32:32 27:27 87:87 33:33 21:21 67:67 31:31 26:26 79:79 91:91 47:47 38:38 44:44 16:16 62:62 16:16 63:63 17:17 31:31 78:78 71:71 40:40 38:38 57:57 16:16 8:8 58:58 93:93 39:39 55:55 131:131 104:104 33:33 89:89 11:11 30:30 85:85 54:54 26:26 72:72 50:50 57:57 70:70 41:41 57:57 67:67 82:82 55:55 4:4 14:14 41:41 118:118 59:59 22:22 31:31 85:85 ; 
L -21 -49 -24 -21 42 4 24 -34 -43 23 -7 42 -16 11 -9 49 8 -1 -46 -44 21 25 2 50 16 14 -23 41 34 -42 32 30 41 -39 47 -44 45 -15 -35 -10 -43 24 -20 4 26 40 -4 -4 11 1 -20 39 11 -27 -24 25 47 39 7 38 30 2 14 -15 -24 -28 -3 31 -6 50 -48 -42 17 25 31 -7 6 -50 29 -13 25 -14 -16 39 -34 -21 18 -42 -13 -17 -48 -15 -15 -50 46 -43 7 -46 -27 -29 33 -30 50 11 -39 36 11 -37 14 -28 -42 -43 -28 33 -40 38 18 -22 -12 5 -25 -47 -24 44 29 -50 36 45 -7 20 23 5 49 -45 34 -32 25 1 35 13 -36 -41 -25 -32 27 -35 -39 6 -21 -13 -14 5 50 -7 29 -20 47 -1 -39 -31 -15 17 -12 -18 40 -50 2 -29 -8 19 -30 12 42 -13 -41 18 -10 28 36 -45 5 -27 -28 37 12 -39 40 12 -28 1 -32 -22 45 -2 -43 -42 -38 32 40 44 ; 
2 51 21 33 25 22 32 62 81 5 86 75 18 57 94 4 51 82 15 4 55 9 37 91 5 77 72 70 48 26 92 91 29 78 37 61 98 43 94 42 39 99 16 76 36 63 14 17 62 32 13 75 48 66 90 59 82 96 91 50 38 96 87 47 85 1 30 36 90 40 20 14 84 2 49 19 94 25 21 58 54 72 39 19 26 85 25 35 63 92 64 14 100 69 24 42 74 59 7 28 71 44 57 76 46 10 33 80 94 13 52 84 3 32 79 23 64 31 98 74 8 23 6 83 24 96 78 30 92 70 46 17 38 69 6 92 65 20 31 48 51 90 15 22 87 6 6 44 59 32 64 20 84 82 53 51 70 60 48 88 89 7 5 28 6 37 28 93 64 98 75 98 40 54 54 31 62 75 16 64 38 76 93 34 28 8 64 4 25 3 54 83 96 69 18 96 30 32 47 18 28 ; 
L 41 -36 -12 -18 -20 7 -29 -39 36 11 -37 34 -24 25 21 2 38 30 -27 32 -42 22 44 46 1 -29 -14 9 7 -38 -43 -21 43 -17 42 -34 -41 -8 -50 30 -35 -39 -47 -25 -25 23 -39 -7 16 -38 15 31 -12 45 -35 -7 -7 6 -50 15 -4 15 3 -45 50 21 30 -50 22 -25 34 -40 16 31 -44 -42 1 2 45 39 6 47 -27 44 29 12 42 -13 46 31 -10 -23 11 32 28 -1 26 15 -24 -25 -18 48 20 -1 -30 18 -6 -21 42 28 36 -19 8 20 40 41 -14 -2 -27 -29 39 34 4 -10 -43 24 49 -24 -28 23 35 15 -45 47 -29 49 -11 4 -28 -42 32 -24 14 50 42 -16 28 27 -20 43 13 -40 -39 12 2 -48 -39 -4 11 40 18 -17 -33 36 -50 -5 49 -28 -5 -1 -50 -50 5 17 -32 -46 14 7 43 -39 14 13 -5 -42 -13 -25 -47 -32 25 -13 21 12 11 41 -33 -37 -24 45 40 44 ; 
28:28 31:31 57:57 28:28 47:47 70:70 44:44 35:35 10:10 33:33 80:80 23:23 23:23 59:59 80:80 27:27 40:40 38:38 18:18 87:87 94:94 74:74 71:71 4:4 15:15 46:46 41:41 34:34 95:95 93:93 30:30 64:64 46:46 6:6 84:84 46:46 106:106 106:106 33:33 57:57 9:9 6:6 60:60 113:113 68:68 40:40 91:91 140:140 19:19 32:32 7:7 89:89 29:29 35:35 25:25 12:12 13:13 94:94 25:25 41:41 39:39 31:31 13:13 29:29 135:135 45:45 38:38 13:13 24:24 35:35 33:33 19:19 36:36 60:60 90:90 103:103 49:49 42:42 123:123 41:41 87:87 63:63 37:37 83:83 24:24 42:42 40:40 54:54 44:44 46:46 44:44 50:50 90:90 71:71 56:56 9:9 10:10 45:45 29:29 3:3 40:40 7:7 46:46 13:13 65:65 9:9 108:108 23:23 25:25 35:35 16:16 41:41 98:98 85:85 19:19 134:134 29:29 87:87 19:19 28:28 49:49 44:44 84:84 45:45 39:39 86:86 21:21 119:119 1:1 46:46 32:32 94:94 64:64 63:63 29:29 13:13 65:65 62:62 47:47 4:4 92:92 71:71 117:117 37:37 26:26 18:18 72:72 93:93 79:79 55:55 65:65 22:22 63:63 10:10 102:102 83:83 18:18 40:40 75:75 62:62 37:37 31:31 47:47 44:44 57:57 60:60 3:3 70:70 52:52 11:11 31:31 51:51 15:15 40:40 18:18 15:15 166:166 36:36 22:22 67:67 73:73 85:85 26:26 165:165 63:63 42:42 31:31 44:44 65:65 22:22 57:57 40:40 51:51 111:111 10:10 49:49 43:43 50:50 76:76 18:18 28:28 ; 
L 43 35 -14 50 14 -37 -47 26 -9 40 -48 -24 50 -46 -35 39 -47 -10 -26 -37 -2 22 -3 -39 -47 38 13 -48 -26 -42 -15 26 33 50 -21 46 18 32 -26 5 37 42 39 20 45 4 -46 -30 -50 26 16 -25 7 -44 -43 49 -9 -2 -19 -4 -43 -27 44 21 30 26 -26 -13 -38 9 -43 -10 -11 -27 -41 -46 -42 6 36 -48 43 -37 -37 11 -43 18 -31 47 -50 2 -5 15 46 -40 6 -50 -43 40 -22 9 -47 46 -47 -48 4 14 -34 28 27 21 -9 -2 -42 -6 -41 1 31 -4 -5 35 -9 -34 49 -43 7 9 21 4 3 5 44 -43 26 14 -23 -4 38 50 22 -10 6 31 28 -9 -2 18 -32 -34 40 45 20 19 -39 -36 29 -45 49 -49 13 -10 -27 32 -4 8 23 13 14 20 2 28 -45 -18 13 13 46 -41 -9 -3 50 -47 -9 -31 6 36 48 -6 41 -18 48 7 -28 -1 -17 30 -39 -29 -25 16 -2 3 ; 
14 30 76 21 92 35 92 65 100 14 6 63 14 43 80 3 3 62 17 74 30 39 28 44 90 30 81 75 32 57 81 10 1 12 67 61 17 23 15 61 11 87 22 57 20 100 69 20 56 24 60 55 42 98 47 20 30 16 48 88 23 16 98 98 19 48 24 15 46 86 62 83 31 54 67 63 28 10 51 75 8 99 13 62 76 44 6 66 48 70 21 43 81 12 1 62 36 12 38 38 61 10 11 96 97 13 58 38 96 87 74 77 55 51 65 72 90 82 61 47 28 74 43 33 66 70 80 22 48 89 67 24 11 99 34 82 35 46 65 23 21 26 95 93 14 79 77 65 80 72 82 96 4 31 79 16 4 21 62 35 79 93 1 19 100 69 81 95 59 95 28 12 67 83 71 21 91 55 40 70 86 33 8 38 2 37 46 96 53 32 54 73 33 70 80 91 24 97 33 67 48 ; 
L 48 -5 9 -43 -27 -49 7 -8 42 26 48 5 4 -46 43 35 -14 37 37 -43 -30 20 46 43 16 -18 -50 29 -4 -46 50 -45 39 36 22 50 -47 -9 -31 26 -9 -6 -14 -21 28 -44 -42 -6 47 -48 -14 -13 -26 42 -34 -37 36 41 -46 -5 13 15 10 6 34 -3 3 9 -38 26 26 42 -39 -4 23 31 -1 27 50 9 18 49 50 -11 -13 -44 35 10 -22 -14 36 44 21 30 -37 -2 -19 43 47 -19 -46 2 9 -48 2 40 -7 21 -9 -35 -49 -29 4 43 47 41 15 24 48 -40 9 26 -2 -37 -47 38 13 -46 -40 45 21 -25 16 2 20 45 -22 2 -5 32 -18 -6 30 10 -31 -13 13 39 -43 39 -20 18 -25 7 -38 4 -3 -47 18 32 -41 6 -39 -50 -49 -41 -31 28 -45 9 -50 -28 -46 26 14 -6 11 -43 -40 10 -32 -4 -1 -17 -47 -33 -26 50 43 -27 28 -34 -26 23 -9 48 -27 -4 -2 3 ; 
49:49 12:12 3:3 38:38 16:16 52:52 53:53 81:81 61:61 57:57 32:32 116:116 61:61 62:62 63:63 30:30 76:76 21:21 13:13 99:99 44:44 22:22 19:19 38:38 29:29 34:34 94:94 12:12 174:174 17:17 98:98 51:51 40:40 54:54 18:18 5:5 70:70 86:86 33:33 13:13 100:100 16:16 7:7 18:18 56:56 55:55 68:68 51:51 138:138 56:56 19:19 81:81 92:92 107:107 21:21 26:26 69:69 65:65 21:21 17:17 75:75 70:70 59:59 12:12 24:24 56:56 30:30 31:31 41:41 74:74 74:74 18:18 27:27 46:46 32:32 96:96 28:28 68:68 22:22 20:20 70:70 17:17 30:30 113:113 11:11 80:80 42:42 36:36 23:23 99:99 114:114 9:9 98:98 19:19 48:48 26:26 45:45 112:112 87:87 5:5 96:96 108:108 14:14 152:152 62:62 17:17 117:117 76:76 74:74 88:88 15:15 87:87 55:55 42:42 15:15 48:48 7:7 25:25 63:63 6:6 100:100 15:15 58:58 20:20 92:92 42:42 81:81 64:64 76:76 15:15 63:63 18:18 97:97 39:39 47:47 14:14 93:93 74:74 6:6 98:98 77:77 20:20 49:49 25:25 44:44 41:41 46:46 49:49 63:63 111:111 69:69 74:74 124:124 42:42 16:16 35:35 7:7 30:30 48:48 23:23 83:83 46:46 15:15 15:15 21:21 29:29 37:37 52:52 28:28 49:49 47:47 51:51 14:14 37:37 99:99 33:33 45:45 76:76 34:34 38:38 106:106 58:58 29:29 33:33 84:84 28:28 1:1 36:36 69:69 53:53 155:155 24:24 55:55 103:103 49:49 12:12 20:20 31:31 25:25 67:67 48:48 ; 
L -33 26 -33 -14 5 36 -36 -43 40 25 23 -18 -2 45 -33 -24 -5 -38 9 -5 25 23 -50 -1 14 -30 -3 18 11 -48 6 47 -13 49 -32 -32 -27 38 -27 1 35 -24 -4 -45 20 -8 -39 -45 -29 41 -24 -22 -3 34 -47 20 16 18 33 16 32 15 40 44 -35 -49 15 37 29 -6 40 -42 -1 43 -9 -38 44 -43 8 -6 -5 -40 41 -32 28 14 -5 -26 -33 -42 39 -38 20 36 5 -26 14 -10 -4 -18 7 -31 5 25 -1 -27 42 -2 -41 44 38 38 12 -27 28 -46 -28 -27 -25 26 30 -37 -19 14 -1 -1 -15 -46 17 48 -40 -31 26 46 8 26 -12 4 4 -8 21 49 43 -10 49 -3 -22 -33 -4 -44 -40 -29 6 29 38 38 -43 -43 3 6 46 -34 -33 34 5 -16 -13 30 39 -14 25 4 2 -1 -41 39 -48 -46 -44 -19 -33 46 44 2 32 -48 7 -24 -46 45 -30 -17 -45 32 -45 -3 48 -14 26 -5 ; 
62 39 53 31 12 38 37 67 94 86 45 51 41 79 19 2 40 75 84 44 61 84 15 34 81 71 79 7 47 19 2 33 71 77 76 27 95 22 43 67 37 27 20 51 20 55 99 44 48 11 55 60 42 11 49 80 39 81 93 83 57 6 93 95 58 61 90 6 38 37 89 83 97 55 82 65 62 73 91 85 36 15 66 98 75 93 61 53 47 14 38 68 39 67 5 100 5 69 99 72 21 29 27 45 43 21 48 4 66 14 8 73 53 28 37 8 36 43 90 66 57 41 34 59 15 35 83 29 4 83 36 13 72 24 1 63 77 13 23 94 1 94 49 54 59 64 51 33 36 50 63 47 68 37 95 28 39 54 22 70 46 54 41 97 56 20 32 73 59 79 45 45 80 39 32 56 64 46 48 15 39 63 66 40 7 33 23 94 96 24 28 29 2 69 40 20 63 37 66 51 34 ; 
L 8 -30 -24 16 -32 -2 15 38 -27 -18 49 6 -24 -43 -45 32 8 -38 -46 17 -46 -1 3 -32 7 -48 32 -14 -22 -28 30 1 -3 43 1 -39 24 -41 29 -23 9 28 46 26 45 40 -43 -49 -25 14 36 13 -26 25 27 34 44 -28 24 -4 -44 14 -40 38 -48 41 -33 38 1 1 -19 -33 46 18 11 -36 -5 3 -49 32 -39 25 17 -44 49 35 42 -29 -4 -1 -13 -43 40 -48 7 30 14 25 -29 -15 2 -6 48 10 6 5 34 -6 -26 37 43 40 25 -15 4 23 34 -2 20 -3 -16 6 -8 12 -33 26 -33 -38 -32 38 5 -33 40 -42 42 45 -46 -26 30 45 20 -41 -27 38 -31 -10 -14 1 46 -39 3 -2 16 4 44 -26 -5 -31 5 -47 -43 35 -4 -48 -14 21 18 33 -5 -47 14 -8 20 36 -33 -5 -40 41 -29 18 37 50 -38 -4 12 -19 45 9 -5 45 39 22 -33 27 -46 44 27 44 26 -5 ; 
24:24 87:87 24:24 55:55 50:50 7:7 28:28 103:103 43:43 69:69 29:29 37:37 34:34 14:14 100:100 63:63 78:78 17:17 40:40 4:4 74:74 16:16 77:77 24:24 93:93 117:117 56:56 39:39 42:42 108:108 64:64 57:57 70:70 22:22 22:22 31:31 55:55 55:55 11:11 40:40 88:88 56:56 36:36 33:33 61:61 49:49 103:103 49:49 103:103 37:37 48:48 15:15 77:77 66:66 90:90 158:158 30:30 21:21 109:109 88:88 50:50 47:47 24:24 32:32 74:74 48:48 37:37 80:80 9:9 100:100 17:17 39:39 63:63 51:51 47:47 54:54 38:38 21:21 64:64 47:47 87:87 22:22 1:1 6:6 33:33 61:61 28:28 29:29 29:29 17:17 25:25 58:58 94:94 4:4 23:23 7:7 79:79 75:75 18:18 50:50 91:91 44:44 2:2 69:69 68:68 38:38 22:22 64:64 72:72 56:56 35:35 30:30 43:43 122:122 17:17 119:119 19:19 59:59 14:14 94:94 9:9 50:50 85:85 28:28 47:47 39:39 53:53 50:50 36:36 54:54 75:75 68:68 112:112 83:83 82:82 44:44 23:23 24:24 34:34 18:18 73:73 41:41 52:52 58:58 23:23 21:21 81:81 41:41 51:51 68:68 16:16 83:83 59:59 83:83 33:33 43:43 76:76 22:22 27:27 59:59 33:33 64:64 46:46 31:31 75:75 13:13 25:25 70:70 106:106 4:4 30:30 48:48 70:70 67:67 7:7 61:61 15:15 66:66 89:89 88:88 11:11 63:63 48:48 27:27 13:13 32:32 44:44 56:56 44:44 13:13 44:44 72:72 60:60 48:48 66:66 65:65 41:41 106:106 7:7 51:51 34:34 ; 
L 4 39 23 -18 5 -41 -29 -12 22 40 -29 15 33 50 27 -42 -34 29 -21 -37 19 4 -38 15 -18 -36 4 -42 -33 -26 9 47 -22 -15 1 -3 -48 -6 -1 -6 11 17 39 -17 -37 11 -19 -48 28 34 -32 -32 4 48 15 -4 20 -44 -32 -39 17 -26 24 6 11 -48 -30 33 26 11 44 -11 15 6 -38 -47 38 -43 9 -8 -42 -32 -43 -5 -10 21 -40 11 -38 49 25 49 -44 -22 -15 -26 -49 -24 4 -45 -10 -14 34 -2 43 36 -30 -10 -9 27 28 20 -23 19 47 46 21 -3 48 -8 -15 7 6 -6 17 -32 -25 -15 2 46 36 -23 11 -34 43 -22 10 -18 5 -38 -20 30 -21 -11 48 -6 21 -10 -14 -39 -7 49 15 -11 14 -32 40 -21 -35 -26 1 22 8 18 -4 50 -29 -30 5 -48 41 3 12 39 19 -18 -16 -2 -45 -27 -27 -32 24 15 28 45 19 20 16 -22 -24 39 41 37 45 -40 41 12 39 24 ; 
42 47 29 78 4 66 41 44 14 69 92 34 64 87 31 13 21 35 55 38 54 8 100 36 81 55 11 34 84 24 33 38 41 77 69 23 2 96 4 40 77 36 82 85 24 94 29 98 82 43 64 75 85 59 28 25 69 88 17 6 26 89 8 84 77 55 54 78 80 94 6 56 79 49 74 3 10 94 80 36 73 73 96 53 5 99 10 96 67 70 31 24 25 82 50 6 88 61 91 40 49 27 48 90 87 84 3 64 41 54 10 30 72 14 92 53 62 64 42 59 20 76 57 79 14 48 22 42 71 87 35 92 46 100 35 94 26 13 71 34 100 28 23 55 95 63 75 98 13 19 44 16 15 25 17 16 56 93 92 25 11 65 100 26 25 95 66 20 68 5 70 9 28 46 54 63 28 3 67 38 59 93 94 31 64 7 40 34 68 17 18 1 43 73 96 94 13 20 42 33 93 ; 
L 10 14 10 4 -45 11 -39 -12 27 -33 -11 -40 27 43 -7 19 37 -37 -26 -50 4 16 -27 -20 -11 -50 -44 -40 48 2 -20 -48 36 -23 11 -34 43 -22 5 -21 33 15 7 39 -41 -17 -11 43 -6 40 -21 -46 -22 -15 43 5 -38 24 -48 -47 -41 32 -15 -22 -10 -15 -6 -37 -21 21 -11 -34 29 -38 42 15 -28 8 -48 -17 -30 9 47 41 21 36 12 35 32 29 4 -9 -24 39 4 -8 26 29 3 49 15 46 -11 -6 17 -32 -25 48 36 -30 -10 4 45 -9 27 -30 5 32 -34 -47 38 42 -44 15 -16 26 8 18 -15 -15 38 1 25 -45 -19 -6 11 -45 1 -5 6 -48 -14 24 -38 -2 6 30 6 24 18 -19 42 -22 -26 -39 33 -1 21 -20 -28 3 18 2 -39 -32 -4 -32 49 40 18 -29 4 49 39 23 -18 -41 -12 22 20 -44 -3 11 -23 -14 22 17 -15 34 -32 19 19 49 -48 28 26 -10 39 24 ; 
142:142 33:33 27:27 2:2 40:40 86:86 12:12 46:46 51:51 102:102 41:41 76:76 27:27 3:3 42:42 39:39 57:57 64:64 103:103 12:12 95:95 19:19 78:78 99:99 142:142 58:58 24:24 37:37 71:71 14:14 106:106 71:71 7:7 92:92 46:46 100:100 35:35 94:94 15:15 31:31 45:45 69:69 17:17 44:44 48:48 25:25 36:36 53:53 129:129 62:62 93:93 33:33 85:85 50:50 23:23 141:141 34:34 29:29 2:2 64:64 38:38 58:58 26:26 79:79 8:8 31:31 39:39 105:105 43:43 84:84 111:111 35:35 35:35 57:57 34:34 81:81 14:14 70:70 36:36 23:23 72:72 79:79 38:38 8:8 71:71 16:16 43:43 12:12 107:107 76:76 31:31 100:100 64:64 1:1 70:70 68:68 55:55 42:42 27:27 17:17 15:15 16:16 33:33 61:61 14:14 48:48 22:22 92:92 18:18 3:3 64:64 30:30 77:77 37:37 54:54 42:42 68:68 7:7 69:69 37:37 96:96 119:119 104:104 37:37 114:114 80:80 25:25 26:26 57:57 20:20 36:36 50:50 55:55 94:94 16:16 35:35 65:65 65:65 1:1 21:21 5:5 45:45 47:47 8:8 45:45 90:90 83:83 37:37 53:53 15:15 45:45 63:63 46:46 21:21 44:44 49:49 32:32 12:12 56:56 96:96 30:30 35:35 37:37 117:117 28:28 53:53 24:24 39:39 48:48 164:164 67:67 31:31 85:85 34:34 102:102 29:29 78:78 48:48 38:38 14:14 111:111 133:133 12:12 54:54 3:3 34:34 22:22 39:39 42:42 30:30 64:64 60:60 44:44 23:23 53:53 82:82 48:48 23:23 3:3 33:33 93:93 ; 
L 46 -38 15 -36 -24 -33 24 -20 43 -37 6 27 -40 17 -45 21 -1 -45 8 -5 45 -5 -24 27 46 1 -15 -31 -37 8 13 -3 -44 20 4 -33 27 -26 45 17 -27 -37 -16 -15 -19 -37 38 -14 2 -12 6 -20 23 -19 -2 -7 40 -26 -11 -43 -47 50 24 9 -7 -1 -23 -19 18 2 22 -29 5 -40 23 17 27 -42 40 21 -21 11 24 -43 -38 -49 6 -17 -14 -15 31 28 -22 15 -6 2 27 -48 -5 -43 -7 21 3 14 6 -32 19 -42 30 -47 50 -28 -38 32 -27 7 -3 -38 50 -29 25 -35 11 5 -20 29 -35 12 -10 -38 -48 -21 -14 36 -23 -39 32 29 25 5 33 -28 41 22 2 -50 18 27 -9 9 2 -44 -8 -10 -38 -3 33 -50 20 35 3 11 -7 19 -31 29 40 22 39 -31 43 -18 12 32 4 -23 44 -34 -16 -18 5 -39 37 5 36 20 34 24 -12 22 29 12 -34 34 6 4 -25 -1 -43 20 ; 
86 11 72 13 6 100 52 77 40 69 80 27 98 31 71 28 59 88 63 93 29 98 26 83 55 49 72 88 74 5 100 83 66 6 34 28 65 52 42 67 51 45 85 28 100 47 71 85 97 49 88 96 96 58 8 91 59 13 25 52 60 10 52 90 92 18 2 11 64 70 66 80 62 36 22 22 23 45 69 80 57 17 12 29 86 7 34 51 69 50 89 24 64 46 76 78 37 71 89 46 41 15 86 24 47 72 67 60 65 34 73 7 67 39 6 89 76 52 97 45 73 9 9 64 19 79 95 43 58 82 30 91 64 49 30 20 60 8 21 25 6 85 12 15 80 66 26 60 72 79 50 81 80 63 85 31 68 61 7 50 54 75 97 52 96 29 38 88 7 63 91 97 94 3 85 65 7 80 77 17 61 51 57 40 39 5 6 27 43 8 100 88 97 66 11 38 44 29 7 28 25 ; 
L 46 -38 44 -40 -42 -24 29 -2 15 12 16 -40 18 15 -36 1 -24 -50 -14 32 -6 21 -31 30 -47 38 -23 15 -3 -7 37 48 -34 24 -40 14 1 -37 11 -12 -21 1 27 5 29 37 -39 -35 20 -5 -25 -39 6 -14 31 -39 -22 -10 5 -45 -38 32 -27 -2 33 -28 36 29 31 -50 23 41 21 -26 33 -50 -50 19 19 -34 34 -44 16 32 -50 -12 29 -35 -20 17 -3 2 -12 -22 15 -6 -19 -5 29 -45 -6 46 -5 -35 20 43 -42 13 -3 1 -22 -27 18 37 27 18 -9 -11 28 17 18 -15 48 29 20 -9 23 -10 20 4 -38 38 -27 -22 3 8 -6 49 -20 -36 -5 -45 -5 27 8 38 25 5 34 6 31 4 -8 -43 23 -7 -17 47 43 23 -9 37 -43 32 4 21 3 14 44 11 -7 2 -40 -12 45 -27 21 -33 24 11 33 -38 -28 27 43 -2 -24 17 2 24 22 7 40 19 19 26 -7 -25 -43 20 ; 
86:86 11:11 54:54 40:40 45:45 57:57 62:62 80:80 114:114 1:1 33:33 51:51 46:46 114:114 13:13 21:21 55:55 52:52 70:70 16:16 72:72 25:25 119:119 22:22 34:34 35:35 32:32 83:83 82:82 33:33 14:14 62:62 20:20 49:49 79:79 50:50 84:84 18:18 132:132 30:30 56:56 27:27 60:60 60:60 59:59 21:21 16:16 63:63 31:31 47:47 23:23 65:65 157:157 3:3 36:36 63:63 7:7 71:71 34:34 98:98 53:53 39:39 10:10 37:37 103:103 85:85 91:91 49:49 111:111 88:88 1:1 26:26 46:46 58:58 58:58 61:61 32:32 49:49 40:40 24:24 79:79 80:80 50:50 45:45 24:24 115:115 42:42 19:19 50:50 42:42 22:22 120:120 49:49 43:43 46:46 76:76 106:106 4:4 62:62 13:13 98:98 54:54 60:60 25:25 33:33 135:135 40:40 150:150 83:83 28:28 8:8 28:28 31:31 80:80 45:45 56:56 29:29 28:28 140:140 24:24 95:95 33:33 112:112 77:77 65:65 72:72 21:21 11:11 11:11 34:34 41:41 44:44 66:66 30:30 79:79 8:8 51:51 34:34 17:17 5:5 11:11 93:93 83:83 100:100 32:32 7:7 23:23 25:25 52:52 81:81 36:36 37:37 52:52 70:70 96:96 63:63 102:102 53:53 60:60 26:26 19:19 83:83 69:69 28:28 85:85 44:44 86:86 24:24 37:37 34:34 38:38 38:38 79:79 88:88 77:77 66:66 94:94 16:16 52:52 23:23 63:63 35:35 36:36 59:59 68:68 40:40 62:62 11:11 121:121 99:99 9:9 33:33 83:83 124:124 131:131 37:37 60:60 34:34 27:27 28:28 25:25 ; 
L -45 -21 -19 -2 37 -21 -15 24 20 -21 39 -46 14 31 -7 -27 35 46 -37 -30 -14 -32 -13 39 -48 -19 44 -22 -1 3 39 38 -15 -33 28 9 -48 -24 -43 10 45 -36 -28 -15 -18 11 17 -46 49 5 45 -26 39 30 11 47 36 21 -21 49 15 -31 43 -1 -38 -7 8 -26 15 28 22 -48 25 50 2 -14 43 -16 11 -24 8 48 -46 -48 -31 48 2 -42 -6 20 7 -41 13 2 39 11 -7 -43 -29 -30 31 36 -10 20 -25 -50 -28 -37 -46 12 27 23 6 1 2 -35 -16 48 -5 -22 32 41 29 -8 18 11 -4 6 -28 -21 23 -44 40 -3 -45 19 -23 8 -26 9 41 -35 14 -20 -18 -10 -7 -10 -26 -15 -23 -2 -11 -25 45 16 22 -41 9 -5 -34 35 -12 -49 19 -5 9 5 50 -6 22 28 -6 3 -21 -47 42 -20 -21 15 17 7 44 48 -29 4 40 24 -47 -17 -29 1 -45 -46 -33 21 49 12 -12 48 ; 
56 74 36 86 25 67 65 94 13 10 6 55 25 2 43 22 42 51 34 18 55 82 37 62 25 63 91 59 54 77 97 8 8 41 82 24 38 31 96 65 46 54 39 46 93 79 40 67 64 30 24 27 50 74 66 20 22 75 15 75 84 60 69 22 12 66 29 89 22 10 7 11 11 23 74 34 16 41 80 39 36 14 7 50 22 10 76 89 67 87 90 12 64 52 95 69 89 54 82 81 25 18 73 90 3 8 39 39 32 63 5 99 73 29 32 81 91 77 80 50 42 56 14 66 90 7 39 86 58 95 64 27 66 66 29 85 70 75 70 69 9 5 32 4 74 91 32 67 42 48 89 94 63 75 58 10 46 7 85 33 23 70 22 23 98 43 14 56 92 75 49 24 15 78 50 64 39 40 46 83 2 91 64 87 51 51 43 4 6 72 72 28 60 78 77 4 37 22 57 25 3 ; 
L -45 -21 -16 -46 10 -2 24 -48 6 46 37 28 16 33 -14 45 40 45 5 49 -23 -1 20 -39 -15 46 -19 -21 -21 -36 41 -1 -21 21 43 -16 -19 -48 -30 -22 26 -12 47 -47 9 -43 10 41 -17 22 -44 -21 -19 -2 -5 -11 50 -4 -11 18 29 8 -26 -39 -6 17 -42 -27 15 9 -49 -30 -45 -5 15 26 44 9 -2 -48 9 -10 15 41 7 -23 38 28 15 31 31 28 -28 -50 -48 20 -24 24 -25 -32 -13 -11 2 48 -13 -8 -29 44 -5 -34 25 -11 -18 -36 10 -32 -11 -39 23 39 38 35 -6 29 14 -2 -48 28 -37 -3 20 36 18 20 22 -41 45 -39 -12 -19 49 -22 -48 -15 50 -8 33 -6 47 7 4 40 -35 14 -29 -3 20 7 37 -12 -49 26 -22 -3 46 6 -48 -46 46 14 35 1 -43 -25 21 42 -45 -21 7 31 43 7 21 -30 28 8 -1 27 -17 -15 -24 -5 -23 7 35 11 2 -31 -12 48 ; 
56:56 12:12 28:28 96:96 76:76 46:46 26:26 30:30 82:82 37:37 32:32 30:30 49:49 69:69 44:44 16:16 76:76 68:68 36:36 74:74 54:54 3:3 28:28 22:22 18:18 80:80 100:100 61:61 120:120 81:81 31:31 11:11 132:132 8:8 53:53 41:41 113:113 65:65 8:8 15:15 6:6 19:19 73:73 57:57 25:25 15:15 65:65 80:80 23:23 25:25 59:59 107:107 36:36 86:86 97:97 9:9 95:95 18:18 27:27 79:79 55:55 39:39 70:70 112:112 49:49 99:99 102:102 28:28 55:55 20:20 43:43 79:79 62:62 24:24 63:63 48:48 4:4 45:45 16:16 76:76 2:2 38:38 71:71 17:17 71:71 44:44 133:133 9:9 12:12 5:5 24:24 33:33 26:26 28:28 32:32 41:41 49:49 134:134 39:39 55:55 37:37 40:40 43:43 46:46 96:96 56:56 24:24 63:63 37:37 23:23 86:86 25:25 7:7 90:90 11:11 125:125 70:70 69:69 96:96 40:40 8:8 28:28 116:116 34:34 12:12 34:34 17:17 75:75 92:92 71:71 36:36 35:35 47:47 74:74 58:58 7:7 69:69 19:19 56:56 65:65 98:98 12:12 38:38 101:101 93:93 23:23 38:38 13:13 40:40 38:38 56:56 43:43 62:62 32:32 30:30 77:77 43:43 90:90 85:85 13:13 22:22 25:25 103:103 17:17 82:82 58:58 24:24 22:22 27:27 28:28 67:67 11:11 22:22 30:30 40:40 80:80 36:36 26:26 13:13 67:67 59:59 54:54 97:97 38:38 67:67 129:129 14:14 33:33 40:40 2:2 64:64 93:93 69:69 68:68 21:21 39:39 63:63 41:41 92:92 25:25 3:3 ; 
L 30 -38 -23 -9 -49 34 -4 -29 37 -40 37 -41 28 -15 -43 -44 32 -38 11 43 -19 -50 -30 3 36 6 -10 -12 -46 46 -16 8 -17 -4 -30 4 -45 33 43 -44 -31 32 -3 38 -10 50 -4 43 37 -29 8 9 -20 -36 34 18 11 15 -34 38 4 47 36 6 40 32 -43 -15 -41 -26 -33 49 19 28 -41 48 4 -14 -38 41 -48 12 50 14 39 -6 36 -20 37 17 -8 3 -2 -32 -8 -12 -17 -48 -22 23 -13 -49 1 -45 -5 29 39 -1 -36 47 38 -23 -36 -3 32 -15 -23 27 32 3 -41 -37 -31 6 -23 19 -24 23 16 -22 16 4 -19 32 4 25 20 21 19 39 21 -29 -25 -1 11 -39 -43 33 -15 30 6 13 -22 20 -40 -27 17 11 8 34 40 6 17 23 33 -23 50 15 -43 35 50 44 -35 26 21 -30 20 37 27 8 41 21 -9 -14 -8 48 -22 -42 30 -22 -38 8 -47 -45 -12 -45 46 -26 23 -40 ; 
52 77 54 15 94 91 6 90 38 68 42 35 70 82 31 89 3 75 14 42 85 61 92 57 96 95 1 30 41 36 31 71 63 2 85 100 64 97 16 80 10 93 43 44 15 13 18 54 26 20 66 86 82 84 68 21 31 67 64 95 51 45 64 41 19 69 65 26 7 32 13 13 57 56 87 68 40 56 16 43 78 47 41 82 67 15 39 98 44 18 80 79 9 33 22 26 5 22 26 98 61 21 60 90 59 82 12 32 40 90 20 99 76 49 17 63 12 96 34 88 9 16 35 100 75 64 61 79 39 49 69 93 4 72 68 63 48 12 43 32 59 26 19 13 26 18 5 13 77 91 97 1 4 86 99 62 12 95 53 46 64 25 48 28 83 68 30 27 52 11 32 93 11 9 71 55 61 46 3 16 45 7 54 73 85 80 90 6 21 13 96 18 76 64 89 32 63 97 67 41 8 ; 
L 30 -32 48 -17 25 43 -20 -4 13 -10 50 25 6 40 -29 -43 -33 -49 33 12 50 6 -38 -23 -15 -12 -46 46 -16 49 -5 -3 -50 -47 37 45 -31 -36 14 -44 23 -13 -28 41 -37 40 11 -4 44 8 -41 30 30 50 32 -38 43 37 27 -43 1 -40 -38 11 4 -28 -19 -21 34 -39 -43 14 43 46 11 41 -26 -39 -4 -35 26 21 -30 -17 17 -9 -15 43 -20 -32 19 45 12 -37 -15 -22 -29 22 30 -23 41 -6 34 -38 -47 -6 -3 41 15 -8 33 -6 45 -22 34 -18 37 4 36 -16 19 -45 -27 23 15 -2 -32 8 36 -32 -9 -49 34 9 -36 -8 -23 -48 -20 19 17 26 24 3 39 50 32 -3 -21 -22 42 38 21 23 -11 38 16 20 -19 -31 -29 17 -8 -30 4 -39 -29 -40 -27 -8 3 37 -41 1 23 -6 48 48 -12 4 35 32 -20 38 -22 23 -47 -14 33 1 -8 44 4 -15 -36 8 10 -36 23 -40 ; 
52:52 75:75 32:32 21:21 15:15 44:44 50:50 28:28 11:11 10:10 13:13 30:30 60:60 19:19 50:50 10:10 16:16 4:4 13:13 14:14 41:41 136:136 95:95 54:54 48:48 58:58 41:41 36:36 31:31 30:30 19:19 2:2 106:106 37:37 38:38 55:55 68:68 39:39 38:38 136:136 11:11 61:61 29:29 70:70 35:35 42:42 64:64 6:6 75:75 39:39 87:87 73:73 30:30 92:92 11:11 75:75 44:44 24:24 3:3 47:47 56:56 83:83 42:42 25:25 125:125 132:132 56:56 71:71 4:4 136:136 5:5 11:11 34:34 36:36 47:47 75:75 22:22 96:96 35:35 35:35 9:9 71:71 55:55 60:60 35:35 34:34 53:53 92:92 48:48 24:24 72:72 86:86 32:32 62:62 39:39 57:57 108:108 103:103 18:18 35:35 43:43 57:57 134:134 28:28 64:64 47:47 59:59 107:107 7:7 17:17 41:41 113:113 36:36 36:36 56:56 80:80 50:50 45:45 74:74 35:35 56:56 23:23 59:59 96:96 12:12 79:79 33:33 30:30 59:59 17:17 47:47 94:94 91:91 3:3 90:90 24:24 23:23 59:59 37:37 45:45 32:32 78:78 91:91 73:73 18:18 22:22 43:43 43:43 23:23 106:106 77:77 63:63 35:35 13:13 3:3 43:43 40:40 32:32 88:88 2:2 154:154 16:16 63:63 130:130 100:100 85:85 37:37 78:78 62:62 104:104 32:32 25:25 22:22 15:15 56:56 31:31 99:99 40:40 100:100 52:52 2:2 26:26 88:88 18:18 9:9 39:39 52:52 44:44 9:9 43:43 43:43 38:38 58:58 69:69 81:81 105:105 48:48 80:80 15:15 41:41 8:8 ; 
L -23 -32 -49 50 39 17 -1 -6 43 41 -39 10 -37 47 -38 -41 38 -1 -49 -12 11 48 -19 -14 2 21 11 3 45 -45 14 29 -25 -31 26 -32 23 10 -8 -35 5 44 16 -4 -15 -14 27 -2 -1 24 44 -22 18 -19 7 -50 32 27 43 -8 7 -8 -9 -21 20 -21 13 -20 -15 -11 42 -1 -10 -37 30 -37 35 -35 -42 50 43 -7 -28 31 2 35 30 29 25 25 30 28 -13 11 25 12 9 33 41 32 21 -37 39 -26 43 5 -38 -34 -39 42 -22 15 10 49 -45 -42 -8 20 -28 -36 -28 18 -12 -24 -21 10 3 50 -13 46 -9 30 33 -6 45 -14 -1 -25 -21 6 20 -45 -4 -49 48 -36 3 -31 -49 -23 16 18 -15 6 42 -22 -19 47 -2 30 1 44 -26 -11 -41 22 -21 -18 30 4 -41 -47 -19 45 -3 -37 24 1 40 43 27 46 -34 43 -2 10 40 -3 44 14 32 -21 -13 -3 19 48 17 32 10 -49 ; 
68 69 88 13 11 89 23 38 62 9 1 23 29 42 48 50 49 69 95 60 91 88 21 22 15 86 81 3 54 96 25 9 24 11 94 87 59 99 50 68 30 90 10 62 51 73 76 79 20 47 75 19 5 95 97 62 14 55 39 1 88 52 20 36 72 79 41 1 77 82 10 94 89 84 35 53 46 71 4 73 35 69 74 67 36 87 24 79 6 50 19 66 33 60 70 51 12 19 66 24 90 90 22 42 55 41 80 60 79 15 45 54 97 52 38 79 59 97 39 16 66 2 26 79 86 94 25 93 75 17 17 43 57 38 69 41 62 93 82 56 42 30 3 53 32 79 48 94 4 87 48 32 5 83 84 91 74 76 70 65 69 30 22 58 52 1 27 39 22 57 43 26 78 40 38 3 22 52 64 67 13 57 51 2 15 9 52 5 62 84 33 59 78 18 40 100 7 23 58 54 45 ; 
L -10 49 41 1 14 36 -48 -20 -36 6 10 -37 -12 1 40 43 -50 42 14 18 38 -39 -35 30 43 46 11 6 2 -42 5 2 11 -22 18 -33 13 20 -6 20 -32 44 -4 22 39 3 -10 5 -1 -25 -41 49 -43 -37 45 -8 -49 43 -3 42 34 -9 45 -28 42 30 11 -14 -15 25 7 1 -2 25 3 -45 -22 -19 47 -3 -21 -18 30 -4 7 -48 3 32 -45 -9 47 -19 -25 -29 -27 -12 44 50 -30 -13 13 -23 34 43 -24 21 37 -33 -11 23 31 35 -46 -28 8 -10 -38 41 -30 13 8 42 45 28 -28 35 -6 43 -22 41 -19 32 1 44 27 -1 -45 -23 32 -47 -12 2 38 9 32 21 -37 -31 -30 -25 -18 -16 -19 15 8 26 -26 4 -41 -39 -14 -49 -10 -15 31 -27 -48 24 -2 44 17 -37 35 32 -24 -50 20 -17 -39 10 -1 50 -7 16 -26 -11 -21 15 49 -21 21 -40 21 3 -29 19 -21 14 10 -49 ; 
10:10 39:39 50:50 87:87 46:46 9:9 79:79 33:33 14:14 63:63 51:51 29:29 83:83 68:68 64:64 67:67 43:43 73:73 11:11 96:96 94:94 104:104 26:26 28:28 86:86 70:70 4:4 66:66 90:90 59:59 28:28 43:43 59:59 37:37 5:5 32:32 23:23 24:24 12:12 21:21 52:52 62:62 75:75 9:9 49:49 46:46 47:47 127:127 27:27 93:93 13:13 81:81 21:21 44:44 59:59 35:35 75:75 41:41 19:19 21:21 108:108 13:13 42:42 40:40 62:62 66:66 63:63 51:51 6:6 61:61 60:60 119:119 75:75 26:26 6:6 38:38 42:42 74:74 76:76 86:86 29:29 39:39 22:22 57:57 45:45 3:3 33:33 36:36 144:144 21:21 49:49 16:16 54:54 6:6 36:36 23:23 117:117 54:54 14:14 99:99 12:12 40:40 27:27 78:78 68:68 15:15 28:28 96:96 44:44 127:127 18:18 25:25 17:17 52:52 67:67 50:50 105:105 49:49 77:77 41:41 94:94 59:59 56:56 36:36 78:78 22:22 47:47 25:25 13:13 1:1 24:24 12:12 39:39 30:30 14:14 48:48 137:137 14:14 59:59 85:85 49:49 68:68 79:79 43:43 36:36 90:90 90:90 38:38 82:82 19:19 36:36 32:32 52:52 32:32 55:55 27:27 37:37 117:117 43:43 48:48 49:49 33:33 52:52 97:97 83:83 17:17 37:37 61:61 17:17 98:98 65:65 32:32 46:46 125:125 96:96 47:47 97:97 32:32 89:89 17:17 24:24 27:27 62:62 27:27 29:29 58:58 68:68 74:74 37:37 77:77 60:60 38:38 42:42 51:51 49:49 84:84 61:61 12:12 15:15 54:54 45:45 ; 
L 35 -23 10 32 -17 -24 -20 37 49 -39 1 23 8 -26 -35 -40 5 48 -3 -18 14 13 24 12 -40 -25 44 -23 46 10 -12 -20 -31 -41 -22 29 7 40 -32 49 32 16 -25 30 -29 24 -33 31 -20 -44 -17 -18 -42 -28 25 -11 -11 6 -49 -48 23 15 -16 -49 36 -18 21 29 50 -20 4 20 -35 -7 -46 -44 -20 -6 39 6 49 -15 3 3 45 50 25 26 -1 7 -47 21 -45 -8 -25 26 -16 21 -35 -46 -41 -23 -10 -26 23 -50 -23 -41 -27 32 -31 44 45 -4 -1 -38 -48 6 -21 19 -23 -2 47 -17 17 -46 10 -50 46 36 -23 12 -3 39 32 42 10 -8 40 46 -16 -8 3 -1 -19 45 -17 50 -29 14 -28 -27 30 47 -13 -28 -5 33 3 -1 2 -15 -32 -39 48 16 -23 -44 35 -16 18 -29 -4 19 2 33 16 30 -31 -4 21 4 42 47 16 48 33 2 -34 27 2 30 -34 -45 -15 -5 39 13 -4 19 ; 
33 5 68 28 84 8 73 45 76 30 69 95 79 99 72 32 64 100 72 91 69 31 44 71 29 61 48 67 3 89 26 20 77 47 40 50 54 10 44 6 92 51 94 75 32 37 47 1 27 95 86 85 7 92 98 68 28 57 24 73 28 90 16 1 47 29 95 45 99 30 9 47 60 95 49 61 66 15 14 44 4 31 76 21 91 71 98 34 5 47 8 91 29 56 28 46 58 67 80 96 99 88 47 11 34 12 15 3 11 66 27 56 64 19 83 28 37 80 30 4 25 32 15 23 94 53 4 85 57 28 21 44 37 100 96 38 55 75 82 76 5 12 4 18 22 3 75 66 7 32 82 19 40 67 62 26 43 1 28 61 69 41 64 19 12 87 32 56 45 29 31 17 79 41 31 4 21 5 66 74 70 1 39 40 37 85 66 10 43 28 69 34 28 14 80 15 44 85 85 42 25 ; 
L 35 -23 1 -17 29 44 23 -44 50 -23 -24 16 -15 -23 10 32 50 25 -49 12 30 1 -7 -48 36 -25 23 8 -26 23 -42 17 -18 -39 31 39 -32 -39 -31 33 16 -32 27 -33 -19 -13 -35 -5 40 -16 -50 -4 -16 -14 -50 3 41 46 29 -30 21 -35 -46 27 28 -34 -12 -27 -3 -32 10 -31 30 -29 2 -18 16 -35 7 -6 48 -23 -19 33 38 -11 6 -29 -15 3 -49 -37 -47 -47 42 -11 18 45 -21 -49 36 30 25 40 -29 -21 2 -34 25 8 -6 2 -15 20 18 -31 -40 14 2 49 -20 -48 -20 32 -17 -24 -17 26 -48 -16 -6 -46 -44 16 -26 5 -20 39 4 17 -35 25 49 -50 -45 46 3 -23 -41 -8 1 4 7 28 40 -16 23 -44 -8 -26 -46 -15 -39 20 -5 21 -42 -4 44 46 -21 -13 -1 -47 19 33 3 45 -1 28 23 41 -10 10 -47 -22 48 10 13 -32 -12 2 20 24 -4 45 3 -45 -4 19 ; 
33:33 5:5 18:18 91:91 95:95 33:33 56:56 69:69 52:52 14:14 71:71 68:68 16:16 90:90 30:30 28:28 31:31 98:98 28:28 40:40 50:50 29:29 71:71 9:9 65:65 81:81 59:59 79:79 107:107 34:34 83:83 28:28 86:86 30:30 121:121 49:49 22:22 96:96 63:63 1:1 21:21 112:112 66:66 13:13 7:7 73:73 14:14 17:17 64:64 12:12 66:66 101:101 54:54 110:110 15:15 69:69 67:67 98:98 44:44 32:32 13:13 80:80 4:4 79:79 19:19 65:65 21:21 26:26 38:38 45:45 31:31 7:7 22:22 8:8 22:22 23:23 31:31 29:29 66:66 39:39 80:80 44:44 21:21 48:48 6:6 16:16 57:57 19:19 20:20 76:76 24:24 76:76 22:22 22:22 37:37 58:58 140:140 17:17 29:29 62:62 47:47 15:15 159:159 12:12 55:55 45:45 43:43 43:43 34:34 28:28 25:25 70:70 37:37 103:103 3:3 133:133 47:47 104:104 15:15 4:4 27:27 59:59 42:42 73:73 77:77 8:8 44:44 27:27 83:83 6:6 17:17 73:73 36:36 22:22 45:45 22:22 29:29 65:65 24:24 91:91 97:97 60:60 71:71 78:78 60:60 87:87 73:73 71:71 3:3 4:4 4:4 83:83 57:57 82:82 79:79 3:3 11:11 67:67 31:31 54:54 15:15 19:19 27:27 71:71 41:41 9:9 13:13 39:39 60:60 88:88 43:43 60:60 6:6 50:50 95:95 30:30 28:28 10:10 60:60 47:47 16:16 88:88 25:25 6:6 31:31 49:49 41:41 65:65 41:41 63:63 10:10 54:54 21:21 41:41 124:124 98:98 71:71 79:79 51:51 42:42 25:25 ; 
L -47 -36 27 -28 33 8 -36 34 45 1 27 -31 16 -29 -30 -12 -8 -7 4 12 -40 -39 7 -22 -39 -30 -36 49 -26 -8 -28 4 -34 -30 16 -46 -11 -44 -6 31 28 49 -35 21 -32 -46 34 3 35 -46 -35 7 36 -15 -23 -1 -11 20 16 -41 8 -17 -37 -15 29 3 1 -14 9 -32 -8 -44 -6 44 -45 -12 47 4 -40 20 -24 -45 24 -42 -35 -47 -20 21 24 4 43 21 -21 -23 -48 4 -6 -29 4 -17 -15 17 10 -11 -50 -6 31 -40 -33 -9 -39 -29 -43 -24 40 36 -33 45 -39 19 22 3 39 -6 -19 18 11 -8 25 32 38 19 35 17 -19 40 -5 18 -5 8 -16 -24 -17 33 -23 46 16 -42 9 -24 37 -50 35 -24 -31 -13 22 -49 -1 -2 45 -48 -47 32 -11 39 -41 8 22 -49 -10 16 47 -9 -23 -45 40 -2 22 -9 26 9 1 -10 43 40 -29 -48 25 30 19 -48 45 -29 -33 -6 27 -24 14 37 ; 
100 52 9 7 58 37 65 76 89 61 86 98 59 36 62 26 74 55 41 29 37 25 98 42 67 19 38 13 40 39 90 31 78 30 71 94 9 53 17 63 93 20 89 45 57 13 86 21 89 11 84 63 69 47 65 15 82 24 26 30 86 80 7 24 11 58 18 19 35 44 83 31 12 81 17 45 73 76 54 86 47 30 55 10 2 36 52 57 5 6 95 83 70 68 40 56 1 56 6 100 58 85 67 81 89 12 67 51 88 11 60 25 49 43 7 51 24 8 99 83 8 67 75 71 69 81 8 28 86 29 27 19 32 54 59 25 52 86 21 54 23 87 90 5 89 57 61 56 76 96 13 64 91 75 75 47 5 42 14 62 100 42 52 63 64 35 2 100 21 25 98 91 53 58 52 78 29 50 84 53 71 59 1 44 91 81 53 68 36 18 66 16 9 38 15 46 8 3 35 54 26 ; 
L -13 -39 6 4 -1 11 -45 -37 48 -19 32 1 29 50 -9 1 -7 -19 39 35 46 24 -28 -11 20 -22 -3 -2 -28 -31 47 24 -34 -31 45 -44 21 24 -17 -30 -40 -10 43 -35 -20 16 -5 49 -29 16 32 -36 8 -17 15 37 16 -34 46 -16 -27 -8 41 -16 8 -43 -7 36 30 27 -7 39 -21 -20 -36 -29 33 -23 46 16 4 9 -41 17 4 50 11 -10 44 -40 11 29 -19 -23 -48 -19 12 9 33 -4 -17 15 40 -39 43 -8 -11 -36 -40 -33 28 -27 36 17 -19 40 -24 -45 49 -22 24 -42 21 -8 -35 -8 -9 -22 -30 -14 31 47 -42 35 45 -39 -2 3 45 -6 22 -49 -1 -3 10 -44 48 -45 12 34 -35 -26 -8 -18 -9 45 23 -38 -33 -46 6 33 26 -4 -29 -1 -39 -25 8 32 9 -47 40 49 -24 29 -6 -12 31 -5 -15 -23 -32 47 47 35 -25 48 6 40 -6 -24 18 22 -4 -24 -30 -21 14 37 ; 
36:36 0:0 126:126 54:54 91:91 59:59 61:61 41:41 70:70 16:16 44:44 73:73 79:79 16:16 72:72 57:57 51:51 55:55 83:83 15:15 84:84 18:18 53:53 71:71 24:24 50:50 65:65 89:89 46:46 39:39 34:34 42:42 72:72 84:84 87:87 17:17 60:60 5:5 7:7 41:41 101:101 67:67 91:91 77:77 17:17 87:87 55:55 85:85 12:12 63:63 31:31 19:19 59:59 62:62 14:14 24:24 52:52 8:8 73:73 107:107 100:100 10:10 44:44 30:30 35:35 67:67 80:80 15:15 38:38 24:24 23:23 98:98 24:24 72:72 18:18 31:31 7:7 89:89 57:57 61:61 43:43 39:39 29:29 81:81 31:31 13:13 89:89 81:81 47:47 30:30 44:44 0:0 21:21 115:115 40:40 54:54 44:44 59:59 11:11 17:17 54:54 85:85 39:39 38:38 27:27 113:113 65:65 75:75 51:51 26:26 58:58 7:7 9:9 43:43 59:59 25:25 27:27 30:30 13:13 61:61 89:89 10:10 11:11 129:129 29:29 12:12 43:43 46:46 72:72 60:60 27:27 46:46 34:34 59:59 83:83 80:80 136:136 49:49 64:64 49:49 40:40 42:42 14:14 1:1 53:53 95:95 59:59 42:42 71:71 61:61 87:87 78:78 39:39 42:42 107:107 7:7 78:78 62:62 4:4 97:97 103:103 68:68 13:13 118:118 25:25 22:22 72:72 32:32 86:86 29:29 61:61 58:58 45:45 49:49 43:43 15:15 29:29 58:58 20:20 12:12 37:37 65:65 33:33 63:63 42:42 81:81 9:9 36:36 73:73 56:56 60:60 30:30 34:34 41:41 13:13 17:17 22:22 37:37 142:142 54:54 26:26 ; 
L 41 33 4 -4 29 39 -4 -11 -49 -50 -39 19 41 22 -11 -33 -39 -16 -10 15 -12 46 19 -48 -15 -12 29 30 -14 6 -43 -15 26 -30 20 31 -34 15 42 -9 -3 31 -9 39 -43 -38 -31 10 -45 -16 -29 -16 8 -40 35 17 -49 -30 -24 42 -32 -31 -9 28 42 21 6 -47 -18 43 -29 -46 -39 -32 6 30 17 -6 12 25 -30 46 -44 18 -40 43 -38 22 -8 33 -5 11 29 -32 29 50 38 26 -10 17 23 50 -40 39 -41 8 -1 -50 27 11 26 -34 50 -49 -12 -30 -21 35 -35 -44 26 25 -8 28 -48 5 -4 17 23 35 -32 35 -43 1 -42 -26 -26 29 -44 -39 -43 31 7 13 11 26 -18 2 -12 1 46 -42 -40 -39 44 29 2 -11 6 -39 -37 41 13 -11 -8 48 -16 30 33 17 -41 -47 -40 10 -23 -44 -44 31 15 -13 7 23 24 -32 -40 14 2 47 -15 42 -15 50 -22 -12 35 -25 -44 8 34 10 ; 
9 30 59 48 82 1 69 9 73 45 57 3 11 76 42 2 94 37 66 71 31 24 67 38 26 93 53 88 73 9 76 84 75 37 37 33 60 17 26 20 86 40 79 94 55 17 72 9 57 92 86 3 11 84 33 23 32 72 12 17 12 41 36 48 31 31 86 25 32 81 61 2 23 49 85 35 72 41 99 81 23 82 48 81 46 80 15 51 77 24 64 57 7 56 36 52 81 100 26 70 93 18 97 46 74 9 49 5 2 50 12 40 81 27 23 80 42 98 26 32 26 90 35 89 23 68 95 100 43 28 92 5 54 49 66 59 8 3 69 9 21 52 4 15 39 27 22 40 2 72 94 71 99 18 4 34 33 79 1 4 22 79 5 93 27 40 60 2 38 28 35 61 74 21 90 29 27 55 46 2 13 25 27 50 53 52 89 93 9 98 85 58 69 74 72 79 78 37 72 100 79 ; 
L 41 33 6 27 -35 8 40 -15 -46 44 -16 44 43 -11 9 9 -49 -22 11 17 -4 29 -39 -50 -42 -28 43 -35 -47 18 -24 -13 -30 -7 8 -12 4 10 50 38 -3 31 48 -15 -41 -47 -15 9 50 5 -33 -26 -41 -10 17 29 -30 29 40 29 47 -11 -13 15 26 -26 -26 -41 -6 -31 35 -32 -43 41 -12 -5 28 -6 -18 -32 17 22 -11 32 8 -44 -10 31 38 26 -39 -30 -33 -39 17 19 -1 44 -40 -29 -43 26 20 31 -39 44 29 -45 -16 -23 14 35 18 -6 13 39 49 -22 -4 39 50 -11 38 -42 -23 -17 -49 -30 34 15 -29 40 42 -15 -15 -46 21 34 8 23 24 -32 12 8 8 -50 -2 -14 40 2 -6 -37 26 44 29 -39 12 19 7 -12 -46 30 -25 25 -46 -1 2 -12 -23 31 35 -33 -30 16 42 11 -42 -50 21 10 -42 -35 30 32 11 4 48 -25 -31 43 39 -1 43 -40 16 48 -44 -39 34 10 ; 
9:9 30:30 75:75 37:37 47:47 40:40 34:34 61:61 28:28 30:30 117:117 107:107 107:107 44:44 98:98 17:17 70:70 30:30 46:46 12:12 53:53 82:82 14:14 22:22 31:31 44:44 94:94 67:67 42:42 30:30 20:20 94:94 22:22 5:5 29:29 53:53 11:11 68:68 73:73 81:81 62:62 40:40 1:1 36:36 33:33 61:61 74:74 94:94 19:19 71:71 64:64 9:9 25:25 14:14 70:70 22:22 72:72 21:21 34:34 50:50 16:16 31:31 39:39 35:35 62:62 41:41 8:8 4:4 9:9 96:96 58:58 92:92 78:78 47:47 68:68 103:103 83:83 50:50 46:46 78:78 59:59 69:69 42:42 31:31 96:96 19:19 19:19 9:9 72:72 14:14 41:41 70:70 64:64 94:94 63:63 4:4 21:21 59:59 73:73 21:21 99:99 33:33 47:47 33:33 30:30 4:4 34:34 109:109 92:92 59:59 5:5 38:38 61:61 20:20 9:9 1:1 110:110 9:9 136:136 48:48 57:57 7:7 84:84 16:16 26:26 43:43 83:83 72:72 6:6 53:53 3:3 33:33 80:80 85:85 1:1 51:51 38:38 78:78 54:54 62:62 27:27 50:50 37:37 23:23 32:32 74:74 30:30 89:89 32:32 42:42 26:26 74:74 97:97 19:19 35:35 23:23 47:47 62:62 122:122 3:3 9:9 82:82 23:23 36:36 41:41 94:94 11:11 2:2 42:42 35:35 1:1 114:114 38:38 2:2 20:20 34:34 59:59 4:4 5:5 36:36 58:58 24:24 103:103 75:75 81:81 9:9 47:47 56:56 59:59 52:52 21:21 90:90 49:49 76:76 36:36 21:21 80:80 111:111 66:66 100:100 79:79 ; 
L -28 33 -16 43 34 50 -8 37 1 -31 23 18 27 18 18 -37 42 -4 -31 2 39 -4 -31 -5 -38 39 10 15 22 2 27 -7 29 6 -8 -5 -14 -26 -37 -35 42 8 -32 14 -28 -45 -15 29 38 4 27 -6 14 -22 10 -42 -17 -42 49 34 -19 -19 -32 -18 -31 22 35 -11 -41 -1 -39 36 -19 -20 30 5 49 2 -3 5 5 23 41 -36 1 2 13 -30 -5 11 3 -32 -38 31 19 -35 -48 -42 19 21 7 -31 -42 41 47 41 -42 -4 25 -16 -22 -31 10 48 -24 50 -19 -2 45 34 20 47 -22 10 -25 46 33 -31 -25 -18 -24 22 -48 19 23 -50 -21 9 31 26 -9 13 39 11 -45 30 -49 33 32 -30 29 -26 -25 10 -47 15 -34 -31 -38 -15 -48 -30 35 29 49 5 -8 -34 29 26 48 31 -49 14 -12 40 34 50 44 22 -3 9 33 -48 -26 -28 42 11 -30 12 8 49 -34 -6 -2 13 48 39 -18 -37 ; 
95 31 38 98 27 99 19 55 62 65 89 89 25 36 9 14 100 22 54 1 92 1 29 67 63 97 16 79 83 71 37 79 81 21 68 81 6 15 46 83 55 27 6 92 17 70 39 27 53 7 5 33 31 23 16 64 96 71 52 65 98 21 90 66 46 57 28 64 93 100 95 59 96 80 32 94 79 38 78 48 20 74 34 13 82 25 75 35 92 64 9 52 78 25 35 74 1 88 59 80 92 9 29 16 17 88 83 13 85 3 60 66 27 2 2 71 66 22 36 55 3 36 25 21 26 41 26 65 85 23 16 50 9 24 66 92 20 70 64 81 39 92 32 3 77 59 23 67 12 16 42 82 54 64 90 98 26 92 66 67 76 49 11 69 94 92 85 36 61 61 20 29 27 64 45 6 57 16 1 87 69 29 97 71 31 16 38 87 93 31 56 63 68 16 81 1 80 20 44 91 44 ; 
L -28 33 -16 43 -8 -48 -34 -45 15 -25 -39 30 49 -47 -36 -22 50 -2 -37 -7 16 41 1 23 -4 2 11 24 -27 -50 -42 41 47 -15 37 -2 -20 19 -7 -26 -49 22 48 -40 38 5 31 -39 -15 -35 10 -47 31 8 -32 6 -34 37 -31 -19 -19 -6 5 30 31 35 41 -42 8 13 14 -12 8 -10 48 32 42 22 -29 34 49 -31 5 -50 -29 48 1 8 -42 -4 -49 18 -19 -31 -22 -23 -29 25 19 6 -31 23 34 33 39 -21 9 10 18 26 -9 -20 -22 2 27 5 -29 -5 3 -31 34 -18 -24 -32 10 18 17 42 -11 -26 11 -30 -38 -30 2 21 -26 42 48 19 36 4 -39 50 44 3 -32 -38 31 19 -35 46 -13 49 -45 -10 28 -14 48 -22 45 -22 25 -48 34 -49 26 -13 -30 -28 42 14 -4 12 -41 33 14 -11 -39 29 -5 42 -3 35 2 5 9 33 -1 -18 25 -31 31 27 34 38 15 30 -18 -37 ; 
95:95 31:31 38:38 98:98 17:17 49:49 63:63 55:55 41:41 64:64 21:21 73:73 35:35 15:15 38:38 101:101 52:52 141:141 7:7 80:80 62:62 32:32 54:54 110:110 33:33 49:49 39:39 9:9 50:50 65:65 17:17 16:16 17:17 128:128 112:112 27:27 64:64 17:17 73:73 90:90 30:30 99:99 54:54 27:27 82:82 63:63 67:67 42:42 28:28 11:11 23:23 90:90 85:85 7:7 6:6 9:9 61:61 45:45 26:26 27:27 21:21 36:36 21:21 73:73 81:81 70:70 61:61 78:78 89:89 31:31 124:124 45:45 12:12 53:53 6:6 39:39 144:144 126:126 62:62 50:50 50:50 55:55 21:21 52:52 131:131 74:74 30:30 16:16 75:75 13:13 116:116 131:131 8:8 73:73 29:29 19:19 83:83 7:7 9:9 75:75 55:55 89:89 15:15 115:115 56:56 15:15 70:70 76:76 13:13 17:17 39:39 107:107 51:51 10:10 37:37 12:12 30:30 67:67 48:48 57:57 49:49 25:25 16:16 35:35 62:62 18:18 16:16 96:96 68:68 21:21 26:26 93:93 95:95 60:60 13:13 86:86 30:30 104:104 46:46 61:61 48:48 14:14 1:1 117:117 1:1 72:72 52:52 78:78 25:25 35:35 74:74 19:19 49:49 104:104 22:22 33:33 36:36 17:17 101:101 18:18 36:36 46:46 16:16 42:42 20:20 68:68 51:51 61:61 57:57 54:54 39:39 7:7 12:12 85:85 38:38 42:42 5:5 54:54 3:3 30:30 58:58 35:35 74:74 86:86 80:80 54:54 87:87 97:97 152:152 20:20 87:87 28:28 75:75 28:28 25:25 17:17 5:5 26:26 68:68 91:91 44:44 ; 
L 36 20 45 6 13 -27 14 47 -8 -8 -24 34 -50 17 -46 22 48 -20 -17 28 -24 19 -17 12 -14 38 -48 50 -32 -43 -23 -15 -49 32 -17 15 -6 -35 -7 21 -20 -29 -16 6 -50 -27 -29 -4 37 2 -1 -8 -38 36 6 38 -40 40 16 -28 -10 -3 29 2 10 7 -35 9 -44 -2 32 -33 36 -45 -41 10 4 7 -6 6 26 -45 -26 -12 -5 49 -20 -29 -45 1 5 -30 -8 -20 12 32 -11 21 -14 48 1 -20 -25 12 34 -33 -23 -44 49 -26 31 26 -6 -2 -4 46 1 46 30 -33 30 -47 -11 -23 -14 28 -31 -12 -44 45 -9 27 38 -10 45 14 14 33 -28 34 31 -34 36 42 40 -49 -48 49 -1 40 -3 -10 -4 46 -44 14 14 28 -2 15 -46 45 -46 -1 24 -24 -32 -36 -47 2 -31 32 -14 21 36 -7 -22 -25 46 -37 -36 -30 1 -15 -30 -27 -33 21 -4 -43 -8 -10 48 40 -3 41 21 31 21 34 ; 
76 11 89 85 64 31 21 24 34 93 42 18 44 6 43 41 37 1 84 72 26 23 89 16 29 96 20 60 83 26 13 55 25 37 27 73 41 72 35 21 5 89 76 84 96 73 42 29 75 42 22 89 95 19 58 12 82 37 78 86 5 42 86 20 91 32 9 7 1 48 74 28 70 30 19 94 33 51 6 82 51 29 84 97 34 8 11 22 44 22 78 52 85 55 10 91 83 76 41 38 88 51 87 93 15 85 77 53 31 56 36 68 6 28 86 97 14 19 39 77 89 53 77 76 12 52 69 21 98 61 41 26 23 9 79 91 86 4 75 15 99 19 9 47 36 30 14 64 4 42 68 7 28 22 33 34 95 45 74 19 46 61 82 35 78 41 98 26 91 38 2 56 54 21 2 36 55 14 91 65 19 74 78 59 52 49 75 18 9 19 17 7 1 51 83 58 34 44 47 77 75 ; 
L 36 -7 -22 -25 -34 47 32 -23 26 -49 44 -5 49 30 36 -46 -32 -31 -50 -12 20 -45 12 31 -29 -47 8 -48 -1 -8 37 15 9 -44 26 -14 31 -6 46 -37 28 41 45 47 -21 -17 -38 33 -32 2 -1 46 30 -14 28 45 -36 2 -10 -40 17 2 -45 -41 4 5 -8 -24 -48 -10 -31 -34 -10 27 -40 -26 -14 -14 -6 -36 -4 -32 -43 -48 6 1 2 10 -12 17 -46 22 46 -49 20 3 -33 8 -36 3 33 48 45 29 -45 7 4 8 1 23 -30 -33 -49 38 -45 13 -21 -23 -40 -42 -6 -40 12 26 16 -24 -15 10 28 -14 -14 -36 -20 -25 30 15 29 -16 6 -21 19 20 -1 14 50 -1 -31 32 -27 9 -30 -3 -20 34 -50 -11 21 -44 28 38 27 38 -27 -29 -4 46 -24 -32 -14 -1 24 -28 -21 7 35 -6 -11 -20 -2 -4 -2 -17 7 -43 44 10 -14 6 33 -35 49 15 12 34 46 48 -40 -36 21 34 ; 
33:33 36:36 55:55 14:14 50:50 39:39 100:100 106:106 71:71 56:56 31:31 3:3 8:8 26:26 30:30 67:67 13:13 9:9 10:10 34:34 10:10 84:84 5:5 21:21 82:82 78:78 20:20 54:54 67:67 83:83 32:32 48:48 52:52 1:1 59:59 89:89 60:60 39:39 95:95 65:65 64:64 38:38 19:19 24:24 65:65 86:86 10:10 23:23 28:28 74:74 73:73 57:57 39:39 20:20 52:52 21:21 77:77 30:30 19:19 53:53 34:34 14:14 4:4 36:36 108:108 13:13 84:84 42:42 18:18 80:80 12:12 99:99 20:20 69:69 107:107 25:25 19:19 60:60 24:24 58:58 58:58 37:37 26:26 49:49 63:63 134:134 177:177 91:91 21:21 13:13 43:43 41:41 93:93 12:12 28:28 8:8 113:113 15:15 65:65 7:7 116:116 38:38 66:66 5:5 82:82 19:19 62:62 66:66 89:89 55:55 24:24 154:154 76:76 25:25 48:48 9:9 28:28 65:65 14:14 36:36 27:27 54:54 52:52 97:97 113:113 30:30 34:34 28:28 5:5 41:41 95:95 39:39 77:77 87:87 37:37 52:52 9:9 40:40 84:84 76:76 36:36 52:52 57:57 34:34 44:44 56:56 34:34 56:56 18:18 26:26 43:43 42:42 27:27 12:12 44:44 13:13 76:76 25:25 55:55 39:39 74:74 42:42 69:69 42:42 29:29 111:111 24:24 98:98 19:19 29:29 30:30 26:26 67:67 21:21 35:35 76:76 59:59 11:11 16:16 86:86 73:73 84:84 23:23 49:49 21:21 24:24 75:75 71:71 76:76 39:39 16:16 25:25 61:61 35:35 25:25 30:30 42:42 57:57 89:89 77:77 75:75 ; 
L 10 26 -5 32 37 -7 -3 -30 20 27 50 -48 23 -44 31 10 40 8 -29 -17 -10 27 9 7 22 -42 -15 6 4 31 43 21 2 46 15 -49 28 -31 31 -44 50 2 -20 20 28 -26 -14 -6 -7 44 41 -26 33 -49 -37 24 -43 -48 22 1 -20 -7 35 -47 -23 4 -20 23 -29 28 36 -15 -26 -21 -15 -37 41 28 -28 -25 30 3 -19 -12 21 17 15 9 16 30 -45 -30 -45 -33 -22 27 -13 47 2 42 26 40 -45 -45 -11 25 -44 23 -49 13 10 -44 1 29 -4 10 -38 14 50 28 30 -5 49 -8 -20 43 -30 43 -42 43 45 -38 -11 -43 -5 33 -20 -41 15 -16 46 49 -33 -34 -36 40 -3 47 40 19 -7 21 1 16 -45 -39 -17 -15 -44 -17 23 -5 -7 46 -19 -8 37 -49 -7 -26 47 -34 16 34 -29 -21 -46 7 25 22 14 44 -29 29 -23 -11 -30 -21 -15 -19 23 24 32 2 -50 2 34 37 -12 -40 ; 
84 47 17 45 69 96 71 93 49 63 97 68 73 97 15 90 34 42 88 15 71 91 14 36 62 85 83 61 83 50 34 59 6 40 7 44 66 71 63 36 36 46 55 29 13 48 20 38 29 29 47 37 90 35 36 98 72 73 55 55 21 73 29 61 22 95 70 50 9 7 43 52 52 88 17 2 9 63 23 7 73 41 52 11 10 84 1 86 22 33 14 97 69 84 68 31 51 96 60 46 40 84 83 14 12 8 47 52 12 76 66 50 7 92 48 36 88 45 44 17 16 64 70 76 79 36 16 22 95 13 22 66 84 74 49 31 72 93 42 8 45 21 79 49 23 35 99 44 65 47 65 76 41 83 17 98 19 81 41 20 58 52 25 34 46 78 18 61 86 36 74 22 77 39 38 47 94 71 27 36 21 68 24 61 74 52 33 44 60 64 24 69 77 21 1 47 58 77 46 47 88 ; 
L -16 -9 -49 39 22 33 -5 32 37 -30 7 22 -41 37 7 33 23 -7 46 29 24 -28 11 -37 -47 -50 36 43 -43 20 49 -8 -19 -28 34 33 49 -2 3 -25 42 -26 50 46 15 10 44 40 -45 -45 45 -21 23 47 -31 31 3 -26 40 -14 -19 23 -8 -14 48 -50 -27 25 -5 -29 21 -3 47 -31 11 -37 -41 19 -49 21 -22 -43 -47 28 20 44 6 40 -44 -17 -49 -15 -17 1 -15 -28 -38 -15 -20 -34 -16 34 -28 9 -29 -6 -12 -26 -2 -7 -21 -16 -1 -43 5 -30 -13 -35 -1 -21 -7 15 15 -14 43 2 -49 25 -44 -23 -29 42 44 15 -26 -10 44 -10 -13 -4 -26 -17 17 -46 7 -46 7 5 -23 45 45 -40 4 -29 -4 2 26 -2 -32 28 45 -30 -31 44 -23 33 -20 20 36 -24 16 -30 43 -42 -41 27 -37 -22 -8 11 38 -27 10 7 34 50 -19 -30 48 -29 15 21 30 10 -23 20 -30 -20 -12 -40 ; 
27:27 22:22 72:72 24:24 97:97 68:68 43:43 45:45 69:69 69:69 26:26 62:62 31:31 9:9 43:43 98:98 42:42 57:57 71:71 39:39 114:114 82:82 8:8 34:34 88:88 92:92 43:43 58:58 11:11 36:36 16:16 76:76 112:112 20:20 53:53 49:49 71:71 72:72 11:11 70:70 80:80 61:61 13:13 18:18 7:7 60:60 59:59 34:34 68:68 40:40 83:83 41:41 74:74 22:22 82:82 63:63 12:12 37:37 47:47 111:111 76:76 24:24 76:76 45:45 69:69 68:68 97:97 114:114 50:50 26:26 50:50 10:10 44:44 69:69 18:18 70:70 51:51 31:31 48:48 74:74 22:22 36:36 72:72 36:36 5:5 67:67 27:27 108:108 34:34 20:20 51:51 87:87 1:1 101:101 93:93 19:19 56:56 102:102 69:69 29:29 39:39 77:77 27:27 17:17 69:69 33:33 11:11 13:13 13:13 55:55 47:47 67:67 83:83 33:33 87:87 64:64 42:42 65:65 28:28 58:58 55:55 22:22 39:39 28:28 11:11 42:42 86:86 95:95 118:118 6:6 43:43 43:43 13:13 22:22 65:65 47:47 34:34 50:50 66:66 19:19 154:154 5:5 32:32 16:16 37:37 57:57 34:34 25:25 52:52 51:51 14:14 83:83 106:106 48:48 101:101 53:53 56:56 91:91 21:21 22:22 17:17 14:14 42:42 15:15 97:97 31:31 46:46 29:29 54:54 54:54 55:55 88:88 22:22 95:95 24:24 28:28 5:5 21:21 6:6 65:65 84:84 51:51 91:91 47:47 95:95 74:74 36:36 71:71 51:51 7:7 59:59 60:60 44:44 63:63 20:20 44:44 44:44 51:51 38:38 47:47 88:88 ; 
L 5 -21 43 3 2 16 -13 -23 -25 -20 -38 -20 50 7 -49 6 -4 -35 30 -39 -9 -49 44 4 49 -20 3 44 42 7 26 -44 -25 -25 -31 -27 -15 34 18 29 33 7 -22 -6 2 -32 29 -8 15 -28 -23 -48 -6 36 30 -16 -5 -24 -21 31 18 46 -32 -26 27 -34 -28 18 35 -45 49 6 36 16 -39 5 -49 -41 -14 33 31 8 -17 -47 12 -50 23 32 7 31 7 -45 -11 -20 -43 -25 -32 -46 16 -34 46 21 -42 -44 22 -8 16 -1 16 4 5 46 -22 30 14 15 26 34 -16 -48 41 -11 17 -31 13 49 1 -49 -14 -18 41 23 -10 42 -3 -19 -35 7 32 8 -35 29 18 -49 -47 34 -14 2 19 -1 -46 34 35 29 -38 -49 32 -33 -47 -48 17 -24 50 -32 -12 49 14 -28 -44 27 49 -39 -9 22 4 37 -48 35 -37 -15 24 -6 22 35 -27 -47 14 21 35 -5 23 -24 -2 -32 -10 -44 23 28 -31 14 ; 
36 75 24 85 86 16 69 63 13 41 94 100 37 35 31 86 55 66 4 75 41 19 44 33 42 37 45 56 97 61 82 32 93 86 89 85 80 63 19 97 67 6 69 13 56 57 90 35 33 42 26 19 24 78 82 43 9 86 18 60 21 57 92 35 52 75 62 49 37 20 78 36 52 64 79 87 53 65 48 88 33 62 54 67 13 55 80 48 18 72 10 71 38 69 31 94 7 79 35 69 41 42 95 99 65 88 31 92 77 18 64 98 93 85 41 63 53 86 65 42 11 97 61 12 46 36 10 76 9 70 87 42 80 98 86 66 90 27 99 89 42 32 45 38 25 20 40 12 40 97 55 16 14 11 40 95 82 53 20 31 21 77 31 49 18 30 73 36 20 29 53 42 14 42 42 41 73 19 56 96 13 100 21 58 46 53 47 12 47 2 27 39 27 69 77 39 97 26 61 25 31 ; 
L -50 7 -47 -1 22 41 -16 47 -49 -46 -5 -16 28 23 -39 -30 -36 46 16 15 -4 20 -35 -18 -32 15 35 14 -8 -32 -7 -4 -44 49 9 31 49 -49 -3 -19 43 27 -34 -35 29 35 -17 11 -32 5 -22 -24 25 43 30 -47 -32 49 -31 -24 -10 49 -7 -2 -34 14 -28 21 36 41 -16 44 26 23 24 16 -26 -6 32 -5 44 -22 -29 -34 -28 -45 15 42 -31 13 23 9 7 -49 45 -10 29 -38 -11 -27 -20 49 -39 25 27 -34 15 27 49 -44 -22 4 17 20 -42 6 -8 -50 33 19 -1 31 -7 -6 1 -14 44 -23 -41 18 38 -18 -2 48 -49 -35 47 -5 2 -6 -49 8 21 39 23 28 -14 48 34 -14 32 32 2 -12 -7 -42 -44 30 14 46 21 -37 -26 -31 50 -16 46 -18 -35 -48 -12 -34 46 -3 17 25 20 -33 -32 23 13 48 33 6 -3 4 5 35 29 -25 -37 -16 -8 -24 21 -22 18 -35 -31 14 ; 
39:39 3:3 73:73 43:43 111:111 73:73 89:89 50:50 20:20 81:81 98:98 92:92 41:41 42:42 85:85 93:93 82:82 25:25 20:20 7:7 88:88 9:9 12:12 37:37 11:11 97:97 49:49 19:19 13:13 89:89 99:99 35:35 33:33 44:44 19:19 151:151 13:13 88:88 53:53 66:66 21:21 82:82 80:80 105:105 32:32 7:7 70:70 61:61 26:26 105:105 73:73 49:49 34:34 94:94 29:29 12:12 22:22 12:12 62:62 125:125 47:47 85:85 31:31 73:73 25:25 22:22 36:36 84:84 10:10 109:109 1:1 25:25 82:82 61:61 32:32 121:121 34:34 17:17 62:62 12:12 30:30 55:55 93:93 106:106 62:62 34:34 67:67 168:168 23:23 46:46 32:32 43:43 124:124 18:18 78:78 16:16 50:50 40:40 65:65 77:77 10:10 72:72 42:42 29:29 19:19 56:56 63:63 113:113 7:7 62:62 84:84 62:62 106:106 53:53 47:47 99:99 25:25 45:45 89:89 27:27 97:97 41:41 57:57 76:76 15:15 21:21 24:24 84:84 42:42 87:87 27:27 30:30 73:73 42:42 8:8 78:78 40:40 16:16 29:29 51:51 23:23 84:84 55:55 20:20 94:94 26:26 27:27 20:20 12:12 40:40 19:19 61:61 69:69 62:62 8:8 14:14 97:97 13:13 41:41 25:25 30:30 128:128 90:90 71:71 63:63 31:31 35:35 78:78 6:6 10:10 25:25 82:82 41:41 48:48 64:64 112:112 36:36 64:64 19:19 77:77 63:63 35:35 51:51 8:8 16:16 66:66 55:55 31:31 123:123 70:70 76:76 90:90 26:26 66:66 32:32 38:38 10:10 64:64 44:44 25:25 31:31 ; 
L 43 30 25 10 41 16 18 -17 13 12 -42 34 20 -47 13 -3 36 36 16 -32 22 39 -29 36 13 14 -40 2 10 43 -32 21 -9 -18 -18 -3 -10 11 -7 -6 -4 -11 -24 -33 -43 49 -41 -19 1 2 5 -10 -11 -42 45 -37 9 -21 42 -19 22 23 -49 -35 6 31 -45 34 2 2 7 -32 -11 -3 -29 -21 12 -16 -9 49 8 21 -48 -48 -19 -50 -23 -50 44 26 10 -38 -26 -29 -27 40 -28 -27 7 -32 5 25 -20 -37 24 -22 -25 -41 36 5 5 12 14 19 31 6 6 -1 10 24 26 50 17 -39 11 37 44 -12 35 -40 -5 27 11 -2 43 -22 -25 25 -35 -35 -17 11 -19 -17 7 23 -20 16 -38 -21 46 22 -7 50 24 10 19 42 -27 13 -20 42 36 -33 -17 46 -4 22 36 -16 20 2 37 29 -31 43 10 -42 33 -20 -28 -43 31 21 6 -36 11 -17 19 14 8 -4 -41 -3 16 36 44 38 47 39 ; 
29 61 58 100 94 91 81 51 80 43 44 4 33 79 32 87 33 51 6 40 43 71 25 17 30 47 66 70 51 49 60 51 85 94 4 94 14 46 11 67 60 70 81 72 26 45 91 51 70 65 87 99 45 7 45 33 98 54 75 46 21 40 2 4 69 38 91 55 25 94 83 84 5 79 45 24 14 23 62 50 85 2 23 42 59 42 46 27 22 72 20 21 95 11 33 73 86 78 36 17 4 19 26 55 50 40 95 70 19 9 51 65 41 13 58 80 9 64 22 18 33 80 99 40 20 53 69 24 75 39 15 95 54 2 77 74 97 39 11 43 78 62 86 32 65 23 6 2 60 72 49 1 53 30 57 75 83 30 42 10 38 29 78 85 23 31 60 53 67 7 75 53 79 43 8 54 82 53 88 6 51 86 30 95 64 2 65 20 99 91 47 22 98 39 38 18 79 63 14 54 66 ; 
L 3 22 42 45 -31 49 -41 -44 42 -35 29 29 4 16 26 19 3 31 9 -33 11 10 -21 -11 -28 -43 43 9 25 -44 20 -48 -19 33 49 41 16 -31 35 11 17 -10 -1 -14 -24 37 -30 -43 40 -28 -27 7 42 5 10 22 21 36 36 29 26 -11 24 36 13 -21 37 -22 -3 -10 38 -18 -18 11 -42 31 22 21 36 25 34 13 36 -20 16 18 -20 -12 21 19 10 19 -41 -8 -20 32 -35 -40 2 41 -17 25 22 -39 -25 -46 17 33 -14 -12 -11 -27 -6 9 -43 -44 29 -23 50 34 -16 -1 -2 16 -7 -50 6 -6 -2 39 -32 -42 20 -21 17 46 20 10 43 45 -19 -17 7 -7 32 22 -43 37 23 -19 -17 -14 24 -38 -19 -4 16 48 5 -36 -36 -26 -12 3 -13 -24 27 -36 -11 47 37 42 -10 -2 13 12 -50 -23 35 -40 -5 50 4 -8 -5 32 -2 2 25 -38 -27 6 5 10 6 7 -11 49 47 39 ; 
12:12 64:64 38:38 9:9 91:91 17:17 91:91 34:34 45:45 33:33 107:107 18:18 53:53 10:10 24:24 21:21 40:40 84:84 16:16 57:57 16:16 45:45 66:66 23:23 6:6 86:86 56:56 45:45 52:52 16:16 37:37 104:104 59:59 80:80 23:23 49:49 91:91 54:54 69:69 22:22 64:64 40:40 94:94 85:85 48:48 50:50 65:65 61:61 35:35 86:86 78:78 36:36 18:18 29:29 20:20 110:110 122:122 26:26 27:27 9:9 11:11 167:167 47:47 27:27 29:29 64:64 81:81 10:10 9:9 88:88 42:42 22:22 4:4 77:77 10:10 40:40 38:38 24:24 100:100 15:15 124:124 15:15 4:4 13:13 2:2 51:51 15:15 70:70 14:14 65:65 36:36 75:75 93:93 17:17 84:84 46:46 44:44 142:142 70:70 52:52 70:70 76:76 95:95 43:43 9:9 45:45 31:31 23:23 22:22 41:41 77:77 89:89 59:59 31:31 11:11 21:21 42:42 26:26 29:29 36:36 30:30 6:6 88:88 76:76 43:43 34:34 18:18 58:58 113:113 10:10 77:77 66:66 49:49 75:75 100:100 46:46 8:8 8:8 49:49 54:54 51:51 65:65 65:65 19:19 67:67 48:48 74:74 92:92 40:40 16:16 82:82 112:112 52:52 36:36 68:68 13:13 45:45 7:7 89:89 73:73 47:47 77:77 22:22 33:33 87:87 103:103 126:126 144:144 43:43 48:48 113:113 35:35 53:53 86:86 57:57 43:43 48:48 5:5 38:38 39:39 15:15 16:16 57:57 22:22 27:27 4:4 38:38 21:21 11:11 40:40 118:118 49:49 27:27 49:49 55:55 54:54 11:11 46:46 98:98 54:54 66:66 ; 
L -6 -33 -26 34 -13 -47 -2 -4 -40 -21 37 2 -1 45 -20 48 42 -29 40 -18 27 32 -29 50 10 23 -47 -28 40 15 1 35 19 50 41 -24 -4 31 -32 -46 -25 39 -36 19 50 -1 21 48 19 -21 -47 15 -44 -40 37 1 41 -24 -27 -50 -43 3 -50 43 -1 -42 25 -28 15 -27 -2 14 47 -42 -11 48 49 42 42 3 12 24 17 37 30 21 50 29 -30 48 -46 -37 35 -20 30 -2 -43 -32 -44 -48 -45 -50 -37 39 16 -47 10 -40 39 -11 -13 5 24 39 33 -31 -20 -30 -2 3 -39 -42 19 -10 -15 18 -9 -23 -36 23 18 25 -3 35 40 26 2 44 47 -46 -7 35 26 24 -44 26 2 -36 -20 -38 27 -33 -47 48 12 -37 26 -2 31 50 21 -39 14 8 34 50 34 41 4 -32 -18 39 10 -8 21 -49 -39 44 9 33 19 46 -1 -20 31 -23 21 -23 42 30 3 -8 -12 -46 -2 -2 -7 7 35 -19 ; 
24 69 75 85 38 60 42 16 11 42 91 8 44 30 63 28 2 49 5 3 25 26 17 10 14 68 53 57 12 36 11 52 76 80 38 43 100 9 61 6 28 49 29 61 30 100 100 13 58 72 23 66 72 15 8 65 39 5 14 40 61 45 12 91 62 64 29 41 22 100 83 31 72 41 80 16 27 82 50 4 29 41 31 7 62 73 86 61 84 70 10 47 37 91 93 85 23 61 24 32 49 72 69 39 8 49 54 11 79 32 42 73 63 24 17 53 73 51 66 68 19 70 97 58 32 99 84 99 56 79 35 41 50 94 16 21 98 92 10 69 25 19 71 2 59 96 64 49 14 19 18 37 8 36 33 26 3 87 59 18 37 22 86 94 28 55 32 73 51 31 33 46 1 21 58 77 42 99 89 75 69 29 37 64 80 51 91 46 60 43 85 51 81 17 56 9 11 15 99 33 9 ; 
L -6 -33 -36 -34 -1 32 -31 46 42 32 -29 -7 24 -44 -3 15 -42 -44 -3 -33 -24 -45 2 46 12 -3 -42 -8 -20 50 -20 -47 -30 -39 12 -39 14 1 -43 45 -42 27 -28 15 -31 -37 -44 10 -49 -20 -15 -2 -46 48 -40 -23 47 -23 -14 15 1 -27 18 -48 20 -24 42 43 12 -37 -41 2 47 39 -33 -8 -37 -33 -17 43 50 4 7 29 38 37 -4 47 -2 -26 3 3 -35 -26 48 19 36 -36 -18 -23 -21 30 -2 39 21 2 -1 42 -27 41 42 26 -19 13 -11 48 -7 -31 -18 39 10 27 -25 50 -37 -30 5 -40 -21 11 -47 25 24 -41 -40 -24 13 -34 -44 34 46 35 1 -44 -1 -20 -26 30 -48 -40 -10 -50 32 -39 -21 23 -31 -47 4 -50 9 39 -46 -16 35 -50 -19 21 2 18 -9 -23 48 30 -2 -50 49 37 -21 -50 -10 39 21 25 -35 2 -26 28 8 -29 19 -40 -2 -19 -50 -47 32 -40 35 -19 ; 
24:24 69:69 29:29 108:108 17:17 33:33 61:61 8:8 14:14 73:73 17:17 43:43 61:61 16:16 36:36 58:58 23:23 65:65 54:54 99:99 26:26 82:82 35:35 56:56 17:17 68:68 6:6 19:19 78:78 21:21 36:36 111:111 36:36 16:16 44:44 20:20 86:86 35:35 51:51 43:43 65:65 7:7 48:48 22:22 63:63 44:44 7:7 103:103 31:31 32:32 8:8 86:86 26:26 92:92 5:5 6:6 72:72 53:53 88:88 5:5 11:11 60:60 25:25 5:5 28:28 3:3 51:51 68:68 43:43 67:67 49:49 10:10 42:42 75:75 7:7 39:39 81:81 53:53 19:19 75:75 61:61 6:6 54:54 13:13 72:72 39:39 48:48 24:24 25:25 98:98 17:17 25:25 120:120 41:41 23:23 58:58 54:54 30:30 95:95 69:69 18:18 138:138 61:61 41:41 25:25 85:85 15:15 73:73 13:13 79:79 41:41 80:80 17:17 129:129 70:70 16:16 25:25 42:42 9:9 46:46 1:1 30:30 70:70 46:46 63:63 31:31 35:35 54:54 42:42 26:26 34:34 41:41 46:46 5:5 8:8 41:41 35:35 38:38 87:87 16:16 53:53 35:35 104:104 17:17 109:109 64:64 139:139 52:52 53:53 48:48 45:45 14:14 35:35 27:27 67:67 91:91 51:51 30:30 30:30 55:55 69:69 55:55 27:27 19:19 9:9 71:71 80:80 71:71 24:24 47:47 84:84 99:99 64:64 86:86 85:85 59:59 91:91 113:113 18:18 37:37 37:37 34:34 13:13 97:97 11:11 62:62 87:87 71:71 32:32 122:122 69:69 17:17 86:86 42:42 42:42 41:41 41:41 34:34 47:47 33:33 9:9 ; 
L -50 9 -5 50 -20 -23 23 13 2 1 -23 33 -3 -32 49 -11 25 -23 -7 50 40 24 18 14 -24 -2 14 2 -32 -14 -37 2 22 18 -11 9 32 -45 42 -41 -43 18 7 -33 -30 41 -35 -15 -15 21 15 -5 15 -3 -3 -35 -14 -7 -7 -27 14 32 -45 -46 -1 36 46 -1 44 43 45 -24 -10 -32 11 10 50 25 9 35 -10 36 -40 -20 30 31 -49 -15 -39 48 -44 7 31 20 -17 18 7 27 -47 28 32 19 -36 25 -25 12 -4 48 -4 28 24 -43 -33 2 -2 50 -22 12 15 26 -44 40 11 27 -20 -18 24 -45 -1 -6 17 1 50 -12 -6 3 -50 27 -40 42 38 50 14 23 11 -20 22 22 -17 6 43 -8 -15 -8 41 37 9 13 35 -10 -35 -32 5 46 50 -8 -13 40 -39 -37 -30 43 -3 -21 -2 -19 -38 9 4 -3 47 2 -47 -15 -33 4 -50 19 -37 -11 9 -24 20 42 13 -27 42 -14 15 -28 ; 
37 91 40 90 60 10 79 92 92 5 53 41 12 47 82 54 79 96 61 31 7 62 27 87 16 20 85 30 27 98 71 60 98 9 27 43 97 29 35 39 73 60 43 60 50 72 44 95 1 80 19 21 73 3 40 31 22 56 5 5 2 75 72 90 3 60 64 9 28 43 99 24 47 27 77 53 77 12 73 51 8 49 9 91 58 99 91 28 17 26 64 91 30 14 96 45 21 86 79 80 88 92 94 84 91 71 80 58 29 90 46 65 80 78 61 5 23 11 30 32 67 68 96 22 73 53 8 97 97 28 42 70 98 98 85 69 27 98 42 24 49 49 27 3 60 24 28 96 5 77 50 19 74 30 17 4 64 23 74 26 100 70 51 6 34 91 93 2 63 46 5 91 7 8 40 12 68 56 89 7 36 34 59 51 65 60 73 63 91 17 78 83 47 70 38 10 32 76 42 27 87 ; 
L -50 35 20 -23 22 22 -17 -2 -45 -27 -23 -37 12 -11 -23 2 1 45 3 -33 20 18 -11 23 13 -15 -15 -50 7 10 5 21 37 5 -13 -38 2 -32 28 -18 6 -35 -7 -2 45 -49 -48 -24 10 40 -27 3 -14 27 15 35 -38 -20 44 -24 -36 -19 -39 9 -14 42 -7 27 -20 36 -24 -50 32 47 -15 -19 17 33 14 23 20 28 4 32 -50 -6 9 -12 15 15 50 24 -7 -7 -27 40 -2 26 -44 40 11 -1 15 41 50 -1 19 -42 -2 46 -9 11 -14 3 -45 8 3 35 -10 37 1 25 -25 20 -36 3 -4 -25 -18 -4 -14 43 -31 47 -21 43 -32 -33 15 8 -3 -5 32 -7 -8 41 -2 13 1 46 -41 -25 -24 -31 -43 30 6 14 50 -43 -44 -40 30 42 49 9 32 17 35 -18 -24 -13 -39 -9 47 37 22 -43 12 -10 -11 -48 46 32 2 -4 -33 -18 22 -50 30 14 40 -42 50 -11 9 50 15 -28 ; 
37:37 34:34 104:104 66:66 27:27 96:96 5:5 96:96 10:10 40:40 64:64 84:84 18:18 88:88 60:60 73:73 36:36 97:97 96:96 12:12 42:42 21:21 27:27 40:40 92:92 52:52 29:29 51:51 31:31 105:105 24:24 11:11 95:95 78:78 5:5 27:27 58:58 27:27 39:39 26:26 55:55 18:18 73:73 100:100 14:14 57:57 30:30 40:40 8:8 78:78 42:42 92:92 82:82 59:59 44:44 95:95 9:9 83:83 31:31 76:76 38:38 42:42 30:30 53:53 62:62 86:86 70:70 69:69 11:11 76:76 29:29 74:74 47:47 47:47 34:34 7:7 76:76 90:90 45:45 46:46 10:10 47:47 25:25 126:126 49:49 39:39 64:64 41:41 31:31 24:24 91:91 35:35 51:51 5:5 5:5 94:94 60:60 72:72 67:67 68:68 96:96 9:9 66:66 20:20 62:62 54:54 41:41 68:68 48:48 32:32 94:94 120:120 45:45 35:35 55:55 70:70 48:48 32:32 26:26 82:82 45:45 7:7 91:91 67:67 168:168 34:34 7:7 53:53 41:41 62:62 67:67 29:29 73:73 62:62 52:52 74:74 33:33 65:65 24:24 74:74 80:80 31:31 78:78 66:66 66:66 17:17 40:40 55:55 38:38 3:3 98:98 21:21 32:32 44:44 37:37 91:91 27:27 40:40 75:75 137:137 43:43 26:26 19:19 48:48 42:42 28:28 97:97 9:9 8:8 67:67 55:55 32:32 30:30 47:47 116:116 12:12 129:129 6:6 19:19 81:81 53:53 53:53 46:46 68:68 29:29 62:62 30:30 39:39 81:81 23:23 28:28 13:13 27:27 44:44 15:15 83:83 78:78 57:57 78:78 27:27 87:87 ; 
L 5 -21 39 32 -50 -26 -12 -41 35 22 -29 7 2 14 42 -28 -6 -43 -12 20 -40 34 35 28 14 -40 6 -2 27 9 -50 32 -22 7 43 49 -42 25 -26 50 42 43 16 29 -37 13 -49 -35 -21 -32 37 26 23 -45 36 -46 23 36 -8 -44 -50 6 36 -27 41 -8 3 7 29 18 -23 17 34 -38 49 -29 23 47 -50 -14 22 -23 20 -13 -9 -26 41 -18 4 23 44 -36 20 -47 -31 -25 -1 9 -26 18 29 -10 49 -31 36 -11 12 35 -8 -37 10 -11 12 32 -21 -26 47 -20 -3 44 -34 2 10 -48 -48 48 -36 1 16 -43 -17 8 -21 36 34 -50 17 -50 -6 -39 18 -48 -3 -24 -42 -37 -7 16 -5 7 34 -12 -41 43 21 -3 35 -21 -50 -12 31 -48 36 -4 -30 25 -25 -20 20 -27 11 -26 -15 -2 40 -38 36 49 23 9 1 -39 -2 6 -34 45 49 50 50 -11 34 -18 -42 -2 23 16 2 34 -12 -23 ; 
90 19 46 54 71 70 24 54 2 67 60 52 10 54 58 37 24 24 48 45 74 89 50 41 17 89 77 72 12 82 55 98 3 34 74 19 50 53 49 38 49 65 9 18 34 25 75 71 56 7 68 7 73 9 76 61 18 99 44 25 51 16 5 6 7 91 13 72 71 63 70 68 26 5 51 98 15 33 69 40 42 9 97 8 73 65 91 10 100 19 46 37 83 43 7 86 44 18 65 6 4 1 39 31 94 67 81 88 2 67 38 25 32 2 88 94 66 12 59 75 40 58 2 38 39 22 85 90 23 41 10 76 11 95 37 73 2 78 54 80 98 94 98 22 22 59 84 54 59 30 49 52 6 36 73 59 96 40 83 44 26 23 19 8 95 26 57 20 6 18 40 87 82 45 74 9 56 88 58 29 89 81 85 46 35 50 39 11 25 94 54 35 99 86 24 23 67 73 6 17 2 ; 
L 5 6 28 -35 -21 8 -2 -34 -29 -29 41 22 -11 -36 50 37 8 32 -49 -6 23 -24 -34 -46 23 36 -21 10 -20 -37 20 -35 -26 -50 35 -13 10 -11 -22 48 49 42 -6 -34 23 -23 16 -23 -14 -49 3 32 -5 39 29 -35 41 43 -45 11 -16 -23 21 17 -1 34 -50 -7 -29 -31 -26 27 2 42 -3 -50 -12 31 -48 7 -18 26 -9 1 25 44 23 44 -36 -50 -15 3 -7 37 1 4 -36 -50 25 41 -18 22 12 -34 16 -43 -39 18 -7 2 21 21 -44 42 -21 26 -17 -36 38 -20 -2 40 -34 -48 -12 -14 -2 -34 36 38 10 -8 8 -18 -41 -11 -2 27 -12 32 -9 36 -27 -42 -45 30 -2 -25 -3 43 -23 29 -49 43 49 -42 -26 7 20 -47 -31 35 -36 -32 -25 20 -12 -50 -48 -40 6 9 4 40 -20 -50 -14 49 -13 -43 26 16 9 18 -48 39 36 17 -34 50 28 -47 37 -26 12 -6 47 50 -12 -23 ; 
90:90 29:29 24:24 10:10 56:56 40:40 23:23 77:77 72:72 54:54 49:49 57:57 75:75 44:44 164:164 67:67 22:22 36:36 22:22 45:45 29:29 35:35 25:25 17:17 18:18 99:99 27:27 41:41 15:15 40:40 68:68 38:38 47:47 128:128 48:48 11:11 21:21 25:25 15:15 60:60 35:35 7:7 46:46 85:85 94:94 14:14 4:4 92:92 49:49 33:33 54:54 110:110 78:78 12:12 140:140 3:3 99:99 4:4 21:21 78:78 48:48 67:67 134:134 23:23 71:71 108:108 54:54 8:8 2:2 72:72 31:31 87:87 27:27 86:86 12:12 39:39 44:44 26:26 23:23 32:32 47:47 6:6 65:65 18:18 44:44 80:80 27:27 46:46 37:37 40:40 26:26 104:104 18:18 43:43 44:44 193:193 8:8 15:15 4:4 53:53 10:10 84:84 5:5 52:52 46:46 39:39 84:84 98:98 114:114 78:78 100:100 93:93 30:30 25:25 45:45 30:30 2:2 25:25 109:109 23:23 27:27 74:74 19:19 62:62 85:85 31:31 54:54 103:103 9:9 33:33 4:4 27:27 47:47 25:25 8:8 45:45 55:55 25:25 23:23 133:133 42:42 80:80 6:6 26:26 27:27 53:53 38:38 25:25 52:52 18:18 76:76 15:15 98:98 60:60 19:19 50:50 36:36 16:16 61:61 43:43 7:7 34:34 45:45 39:39 48:48 23:23 29:29 62:62 22:22 68:68 77:77 131:131 102:102 19:19 74:74 31:31 40:40 88:88 75:75 13:13 10:10 42:42 58:58 41:41 9:9 74:74 74:74 75:75 70:70 14:14 104:104 17:17 52:52 95:95 106:106 67:67 43:43 6:6 19:19 17:17 2:2 ; 
L 16 49 -19 -50 39 11 -46 -41 47 22 5 36 -48 -41 -24 40 -26 -31 -44 49 -14 13 -29 6 40 25 -47 -20 6 -45 4 -36 27 43 -20 48 30 16 4 -7 -23 -45 -38 8 22 -33 -8 15 25 10 20 6 -42 10 -50 35 25 19 -16 3 -13 -25 9 25 1 -35 -9 8 -27 41 17 28 28 18 7 -18 -42 3 5 -11 45 -33 -16 -20 24 -48 45 28 30 -20 -31 24 -42 -46 45 -42 32 -27 30 35 -37 40 15 -29 -9 -36 15 5 -48 41 -26 20 10 -14 11 -4 34 -49 37 22 -5 27 30 -5 -43 16 -9 -44 -49 -39 -37 -31 -38 -47 46 13 -45 -42 33 -17 21 -40 33 -31 -32 46 -12 48 -5 -2 12 -2 44 22 -24 -13 47 36 -33 -16 -5 18 34 -35 27 29 -42 -20 -9 -44 11 17 -43 10 -42 -47 48 -19 -49 -42 -10 -2 1 16 5 23 36 -27 20 36 -39 35 10 34 -48 50 -50 48 37 22 ; 
97 79 75 83 84 20 47 35 68 58 46 96 16 74 77 48 78 72 3 90 15 100 79 25 71 52 9 3 49 3 72 67 98 59 51 47 39 13 61 45 94 13 68 12 87 13 43 52 84 38 18 15 20 46 42 95 96 1 32 21 23 64 96 82 44 75 40 10 22 45 65 17 96 69 33 49 8 72 1 10 69 98 25 81 51 40 80 72 89 94 76 2 13 27 75 28 5 67 7 60 72 11 100 70 42 65 51 14 46 92 62 42 34 18 84 2 96 25 21 98 3 55 24 45 59 80 79 12 29 31 6 27 72 92 77 46 85 21 24 37 15 12 91 82 95 47 34 97 41 43 89 75 27 72 9 97 46 17 87 22 29 82 31 19 17 91 85 47 77 90 12 75 61 31 98 35 17 70 27 77 11 98 62 36 79 75 56 27 52 57 100 22 86 13 81 98 79 82 6 70 27 ; 
L 32 35 35 31 25 -36 45 23 13 24 -5 17 48 -24 -18 47 -45 40 -6 20 15 26 41 49 -7 -26 13 -45 -42 -48 -10 -4 45 10 -8 -48 -2 22 33 49 50 -27 42 -40 10 -27 32 -33 33 -34 -6 37 -47 24 16 -35 -9 20 -33 -16 -16 4 36 -30 46 -41 -16 -30 -5 -46 -46 -42 -43 -12 18 27 31 19 15 -34 -28 -20 44 28 36 -27 12 -5 27 17 -30 20 37 20 22 -5 -43 -11 48 -44 -41 1 -20 -36 36 48 34 -33 31 21 50 -31 -11 -42 16 -10 -46 25 45 20 -43 25 -7 -18 -28 -35 -8 15 -1 -25 -29 -9 -45 29 -47 38 5 -11 14 9 -23 -11 -36 19 39 40 41 22 44 49 -2 -50 39 17 -20 -9 -10 -42 -40 10 -5 -14 16 49 -37 38 -5 4 -5 -2 47 42 8 -25 13 -29 -39 19 -16 24 48 -47 -30 -9 48 -42 -35 -48 50 22 -49 6 27 3 13 44 3 42 37 22 ; 
90:90 71:71 75:75 66:66 89:89 46:46 122:122 13:13 110:110 97:97 2:2 45:45 42:42 40:40 84:84 79:79 54:54 48:48 68:68 24:24 44:44 108:108 49:49 40:40 87:87 6:6 64:64 85:85 21:21 26:26 65:65 23:23 72:72 101:101 32:32 66:66 5:5 90:90 28:28 74:74 103:103 22:22 33:33 24:24 34:34 21:21 92:92 87:87 129:129 64:64 40:40 13:13 33:33 5:5 51:51 31:31 40:40 58:58 23:23 22:22 87:87 73:73 25:25 70:70 29:29 44:44 81:81 13:13 22:22 84:84 31:31 23:23 72:72 22:22 108:108 42:42 71:71 52:52 45:45 9:9 66:66 28:28 51:51 6:6 39:39 27:27 95:95 74:74 62:62 25:25 92:92 12:12 25:25 68:68 19:19 3:3 55:55 16:16 5:5 24:24 18:18 80:80 34:34 47:47 12:12 52:52 25:25 62:62 97:97 31:31 107:107 49:49 54:54 4:4 47:47 28:28 69:69 39:39 117:117 14:14 51:51 78:78 10:10 33:33 69:69 19:19 52:52 52:52 80:80 44:44 55:55 42:42 68:68 124:124 90:90 42:42 16:16 49:49 84:84 110:110 45:45 59:59 85:85 142:142 27:27 37:37 10:10 97:97 29:29 69:69 55:55 88:88 84:84 50:50 4:4 28:28 29:29 64:64 18:18 47:47 27:27 35:35 107:107 79:79 54:54 99:99 28:28 52:52 36:36 43:43 67:67 35:35 87:87 62:62 56:56 79:79 29:29 3:3 32:32 28:28 52:52 44:44 156:156 134:134 50:50 41:41 35:35 10:10 82:82 136:136 18:18 11:11 45:45 23:23 29:29 22:22 14:14 70:70 10:10 70:70 27:27 ; 
L -3 18 18 -50 1 -26 -35 -19 29 -39 -42 15 36 33 -25 -32 32 20 25 30 46 -16 -13 18 -20 -48 -41 -8 29 41 13 20 35 31 -13 -25 21 -44 18 42 -39 35 38 -1 34 23 28 46 4 -27 2 -26 -46 10 21 5 -2 -22 -9 -11 -42 -2 43 46 2 -5 22 -27 -43 5 -1 37 -4 -12 -15 -10 43 -25 40 -17 5 27 -38 -19 8 -11 -29 23 25 14 32 3 -36 13 -32 1 30 -5 29 -4 -3 -36 -19 -32 -31 31 23 49 16 41 -40 -14 -32 36 45 -18 36 48 24 35 -39 -14 -24 -33 -13 -19 21 29 20 21 4 11 22 -34 31 -2 46 49 24 -37 -44 -18 33 21 -50 -20 21 -31 -8 -3 -22 -29 11 47 -43 -4 -40 -12 -32 44 28 12 -46 -20 40 47 7 -14 3 8 35 -14 26 -41 -45 -21 -15 38 -31 12 42 42 18 -30 22 19 25 -11 -11 39 -41 -1 8 18 40 16 -30 17 -25 -40 ; 
61 89 64 18 65 12 73 19 13 44 57 20 16 52 84 75 96 60 22 55 37 62 55 10 88 16 8 26 3 7 92 34 73 25 29 98 91 39 87 67 61 33 41 19 1 90 46 50 89 15 39 12 76 6 11 20 52 63 72 39 78 26 14 7 75 88 37 61 22 44 61 54 83 39 31 5 26 93 48 54 49 36 45 55 3 52 94 60 39 56 52 20 66 28 42 6 25 23 50 91 4 31 8 69 11 20 77 2 77 2 5 48 17 24 24 70 42 2 9 57 87 51 25 5 49 1 100 64 53 91 42 26 16 35 82 49 81 42 74 43 22 13 19 73 68 73 80 84 43 87 19 84 76 79 17 67 32 25 21 28 26 49 41 26 5 80 94 67 62 36 88 53 81 12 62 95 83 48 74 25 79 18 93 40 73 14 41 43 4 84 23 41 22 24 56 57 25 11 8 82 62 ; 
L -3 -35 -15 12 3 -8 2 18 -32 44 -40 13 15 -38 15 21 27 -22 30 -10 46 21 44 22 -49 50 -11 22 12 -46 -35 -32 -46 22 -21 19 -22 -20 -8 -40 -14 -25 -39 42 31 32 46 -25 13 -19 4 -37 -4 -40 14 -25 29 -39 29 -13 20 35 -21 41 18 36 -16 19 18 -18 28 -26 -2 43 -16 29 25 14 -45 32 -10 -43 -2 21 30 -18 -39 -35 -19 -17 23 25 44 34 4 3 11 31 -2 -48 -36 41 -33 18 -50 -21 5 27 23 42 11 29 -31 -8 -31 18 42 47 7 11 -9 -16 -29 2 43 11 5 21 20 46 4 -27 -30 -43 5 -1 36 45 35 -26 -1 34 -36 -5 38 -38 -33 -42 24 -3 23 46 4 -18 -8 1 1 30 -5 -14 -24 25 20 -11 -20 -32 -40 -47 -24 8 -13 -32 14 32 12 -41 -37 12 26 -20 -29 -36 -41 42 -1 -33 -17 40 -19 31 -3 -39 -28 48 31 13 41 49 -25 -40 ; 
23:23 7:7 23:23 22:22 94:94 42:42 2:2 43:43 85:85 7:7 69:69 25:25 9:9 10:10 48:48 83:83 17:17 61:61 66:66 25:25 17:17 50:50 24:24 69:69 80:80 23:23 56:56 32:32 31:31 41:41 26:26 53:53 44:44 43:43 64:64 100:100 11:11 56:56 93:93 25:25 48:48 18:18 33:33 32:32 60:60 11:11 61:61 49:49 96:96 79:79 53:53 83:83 75:75 32:32 91:91 49:49 104:104 44:44 54:54 34:34 52:52 72:72 32:32 60:60 59:59 21:21 47:47 11:11 99:99 8:8 149:149 9:9 73:73 14:14 5:5 50:50 60:60 55:55 25:25 52:52 38:38 39:39 1:1 57:57 46:46 40:40 53:53 83:83 19:19 93:93 30:30 39:39 18:18 96:96 40:40 25:25 42:42 60:60 49:49 57:57 2:2 41:41 55:55 39:39 18:18 38:38 138:138 36:36 116:116 7:7 89:89 56:56 110:110 43:43 84:84 23:23 51:51 55:55 94:94 35:35 60:60 95:95 43:43 60:60 22:22 33:33 26:26 85:85 47:47 36:36 89:89 15:15 31:31 22:22 44:44 61:61 68:68 24:24 50:50 15:15 55:55 1:1 30:30 75:75 36:36 26:26 41:41 65:65 6:6 58:58 33:33 37:37 30:30 45:45 24:24 22:22 30:30 25:25 23:23 69:69 25:25 11:11 8:8 157:157 62:62 60:60 80:80 5:5 14:14 27:27 29:29 70:70 31:31 73:73 21:21 9:9 22:22 32:32 34:34 68:68 53:53 19:19 63:63 87:87 51:51 69:69 35:35 11:11 83:83 35:35 63:63 42:42 15:15 23:23 42:42 20:20 13:13 21:21 50:50 82:82 62:62 ; 
L 16 -15 -44 37 -15 32 -29 32 -13 -14 11 28 14 -14 -9 47 -18 -34 36 -37 22 4 41 25 -46 23 35 47 -44 36 -9 11 -9 24 23 19 2 -38 -22 -24 -2 46 31 11 46 25 -30 7 -23 14 16 -35 -45 -3 -5 31 48 9 -49 35 42 29 20 -38 -10 -46 29 -48 14 13 -33 7 21 -38 -2 -50 26 -48 -40 17 10 -32 18 14 -14 -30 -8 39 20 17 20 -33 -35 33 -16 3 -40 -9 -22 14 48 -34 9 -13 1 -3 -49 42 4 -35 21 -16 13 40 -31 -23 -21 22 46 -16 23 -45 -37 -20 -21 2 14 -30 -48 49 28 -41 -25 -24 -10 13 27 -37 -16 -11 24 -43 17 -5 -30 -9 -43 4 5 -11 -18 43 25 33 36 29 17 -2 -36 -43 39 50 40 -43 40 -48 24 -10 20 44 17 -26 13 34 11 -11 34 -16 4 -11 50 3 34 44 -25 -5 -5 44 -41 -33 -19 35 47 -47 39 -8 3 -32 -14 -11 ; 
67 23 48 7 97 4 29 47 49 24 4 82 27 94 33 33 39 26 29 84 59 59 39 72 11 95 32 19 69 79 32 5 89 55 68 99 43 1 31 54 42 78 5 53 83 92 26 73 85 89 100 12 35 59 93 62 88 19 21 85 17 35 26 40 25 62 60 69 43 42 3 69 84 43 7 83 44 15 6 62 93 84 55 54 47 99 42 6 79 77 57 93 57 98 83 21 59 51 62 32 49 63 9 7 90 72 75 23 52 46 90 30 96 82 1 91 98 45 46 57 58 36 81 64 9 58 20 6 15 43 83 67 53 76 78 11 31 91 5 83 43 81 65 35 24 78 67 6 22 87 20 2 43 3 62 58 96 4 93 37 97 97 31 36 76 99 26 35 58 89 45 46 81 29 63 7 52 93 45 70 6 53 51 63 16 26 98 79 45 33 14 79 34 57 10 68 3 100 53 13 70 ; 
L 16 18 -47 9 14 -11 -31 -19 -23 41 -28 -49 -9 24 26 26 -17 37 -30 -35 -35 -11 24 38 -37 50 2 -20 13 16 48 8 30 -11 25 -32 -32 15 -42 -21 46 -47 39 18 -20 49 20 -19 -43 30 -43 -49 -23 -20 35 -14 -29 9 13 22 4 22 -41 -14 24 -17 16 -42 -32 -31 -9 34 -44 38 -23 -24 -38 -16 -21 -20 -18 -14 1 10 11 44 -23 -9 -33 -3 48 16 5 35 -50 11 14 -29 -4 -4 -17 10 29 17 -2 45 -47 -28 48 34 44 -40 -22 3 45 2 -46 13 27 13 34 -13 5 36 9 -33 16 -35 25 47 -3 33 -21 -40 7 -14 11 -46 -36 -48 43 4 10 3 -3 40 -39 -2 -7 33 -13 -14 11 -43 -37 29 -40 -10 39 -34 -14 41 -46 -17 44 -16 34 21 -40 48 32 -50 11 48 33 -5 -5 25 30 36 -8 -25 -15 -44 37 25 5 -35 43 -31 -23 46 9 36 2 24 22 14 -14 -11 ; 
67:67 6:6 39:39 33:33 33:33 48:48 53:53 1:1 99:99 77:77 67:67 83:83 47:47 55:55 82:82 37:37 46:46 31:31 42:42 46:46 25:25 120:120 43:43 26:26 46:46 77:77 83:83 8:8 15:15 60:60 35:35 16:16 42:42 9:9 69:69 31:31 65:65 4:4 56:56 34:34 84:84 98:98 10:10 65:65 55:55 46:46 53:53 50:50 44:44 96:96 74:74 51:51 98:98 55:55 13:13 23:23 61:61 34:34 8:8 67:67 59:59 1:1 5:5 29:29 101:101 51:51 101:101 43:43 43:43 1:1 97:97 9:9 101:101 90:90 34:34 56:56 99:99 6:6 36:36 58:58 9:9 25:25 45:45 115:115 54:54 39:39 33:33 74:74 119:119 8:8 37:37 66:66 30:30 69:69 28:28 6:6 50:50 48:48 80:80 58:58 114:114 66:66 25:25 96:96 13:13 55:55 72:72 11:11 66:66 19:19 63:63 55:55 40:40 74:74 59:59 60:60 13:13 72:72 31:31 76:76 29:29 29:29 21:21 137:137 6:6 18:18 61:61 12:12 10:10 61:61 75:75 53:53 39:39 38:38 78:78 92:92 4:4 83:83 25:25 16:16 10:10 130:130 33:33 131:131 126:126 75:75 57:57 113:113 17:17 69:69 3:3 42:42 78:78 44:44 3:3 51:51 20:20 17:17 66:66 30:30 74:74 122:122 9:9 28:28 59:59 32:32 76:76 23:23 51:51 59:59 67:67 68:68 6:6 85:85 20:20 34:34 98:98 40:40 69:69 36:36 76:76 49:49 23:23 48:48 7:7 76:76 68:68 94:94 59:59 89:89 40:40 95:95 52:52 54:54 93:93 33:33 54:54 32:32 86:86 13:13 70:70 ; 
L -28 10 -47 -3 14 -8 -23 -31 -28 -3 46 -28 -38 40 -48 -7 -43 17 41 47 -33 29 2 -16 -38 -43 14 3 21 47 34 23 13 -4 -3 40 30 -7 -35 -34 18 -45 -19 44 40 40 9 24 40 -50 43 4 37 -9 37 41 -3 47 42 -11 -7 -43 22 -21 -41 -3 44 24 -49 -12 -29 -12 2 35 -28 -25 -15 21 -4 11 -34 -48 -47 31 -31 -37 -49 -29 -24 3 41 7 22 18 -46 -41 34 -44 -2 3 -4 -33 -46 2 31 29 -45 -25 -10 -31 -5 24 -48 -5 -36 38 -6 -45 23 -29 -43 14 20 22 -46 29 -21 34 15 -9 38 -41 -50 24 -23 -7 -9 16 -49 -43 -38 40 -33 -39 -21 40 35 -43 6 -33 -14 -17 -9 -9 15 25 49 -3 -36 -40 -32 44 -21 14 37 29 -46 -11 34 16 15 -39 -26 18 -12 41 -6 14 26 -15 41 -10 17 -3 25 -18 45 -48 3 -15 43 -8 -15 32 9 -9 37 -12 -4 38 ; 
11 51 72 84 35 21 91 37 45 53 16 4 63 71 96 85 25 50 99 11 59 34 20 53 36 37 23 60 52 89 94 49 3 64 25 28 62 52 67 90 73 20 39 13 96 67 86 30 99 96 46 95 28 75 85 81 5 60 36 3 71 25 60 35 25 45 33 62 77 18 32 27 97 79 31 31 47 36 36 99 28 10 58 9 83 59 50 29 18 74 4 95 66 65 25 3 19 24 84 77 66 48 46 5 39 76 7 51 44 95 16 5 89 20 73 23 7 57 13 68 14 39 57 52 22 50 97 75 100 48 67 29 11 10 78 57 2 21 72 68 94 45 38 1 31 12 98 63 28 12 100 98 44 74 42 84 64 90 64 36 87 47 15 33 4 2 52 29 24 40 38 93 98 61 94 61 63 36 8 9 87 7 34 29 92 28 49 59 34 67 99 6 15 22 8 63 86 79 50 6 36 ; 
L 4 -45 -19 -40 22 25 18 -20 25 28 -24 -41 15 24 36 5 33 -34 -43 5 31 18 3 21 29 -43 14 11 7 13 40 -38 9 -3 -49 -29 -41 -50 24 -46 -39 -21 34 -10 24 -16 -46 32 -41 15 -9 -9 16 2 44 31 41 -25 40 -12 -35 14 -8 3 -28 12 -43 -38 -40 -50 15 15 49 -16 18 -36 -29 -6 -34 -17 -3 15 -39 24 -12 -37 -3 18 -43 -43 -32 44 14 -8 -15 15 -9 -37 29 47 -43 10 7 -46 -41 -17 -33 23 43 45 -2 -34 21 31 -31 7 33 -40 28 21 48 -22 45 -12 -47 23 -28 -41 -46 22 14 33 41 -3 -6 43 37 -26 -3 -29 -7 38 6 -38 -44 3 41 29 2 -21 -23 40 35 -46 -3 -7 9 -47 -9 44 17 9 4 -37 30 4 11 -2 -10 14 42 23 21 48 34 -11 -26 -48 9 4 48 -34 3 -47 47 -35 -37 -14 -25 49 -31 -3 -40 -40 45 -49 38 -29 -4 38 ; 
32:32 80:80 39:39 71:71 58:58 29:29 65:65 90:90 155:155 31:31 87:87 40:40 87:87 62:62 4:4 73:73 19:19 24:24 37:37 68:68 16:16 24:24 46:46 52:52 106:106 104:104 39:39 13:13 56:56 22:22 11:11 28:28 67:67 112:112 44:44 29:29 29:29 11:11 10:10 126:126 3:3 31:31 64:64 8:8 76:76 80:80 47:47 3:3 38:38 30:30 39:39 74:74 43:43 82:82 84:84 46:46 37:37 73:73 77:77 76:76 22:22 38:38 21:21 115:115 25:25 38:38 72:72 94:94 57:57 82:82 16:16 27:27 42:42 72:72 89:89 10:10 48:48 21:21 74:74 122:122 26:26 37:37 93:93 81:81 66:66 61:61 37:37 53:53 12:12 32:32 30:30 47:47 44:44 38:38 15:15 80:80 62:62 86:86 3:3 74:74 17:17 116:116 33:33 54:54 3:3 7:7 58:58 16:16 53:53 89:89 21:21 44:44 75:75 47:47 83:83 62:62 30:30 38:38 22:22 28:28 13:13 36:36 64:64 63:63 57:57 13:13 12:12 94:94 30:30 32:32 34:34 126:126 16:16 5:5 36:36 28:28 27:27 130:130 55:55 69:69 38:38 23:23 34:34 7:7 17:17 33:33 45:45 15:15 91:91 64:64 39:39 28:28 98:98 47:47 13:13 49:49 29:29 69:69 83:83 29:29 80:80 44:44 77:77 30:30 54:54 65:65 78:78 48:48 78:78 44:44 41:41 37:37 27:27 33:33 10:10 28:28 117:117 6:6 11:11 20:20 23:23 47:47 47:47 75:75 38:38 33:33 84:84 47:47 98:98 56:56 77:77 13:13 12:12 67:67 17:17 28:28 102:102 44:44 47:47 6:6 36:36 ; 
L -32 -4 -30 26 45 40 -38 19 50 15 34 35 -20 -35 22 42 -36 31 -34 -19 -15 40 30 -7 -49 17 33 12 22 -7 -50 2 -25 5 9 8 -31 6 1 29 -18 -42 11 -35 -16 39 46 -48 39 -49 -6 -18 -35 -33 -48 39 17 18 -21 30 34 17 6 -3 42 41 24 -43 41 -50 -45 23 -35 15 15 7 31 16 -48 42 -28 45 1 35 23 37 -33 -40 -28 42 -46 -19 17 13 38 27 4 -7 -39 -43 33 37 -7 9 48 28 -25 41 -43 -32 -34 -17 -41 36 28 -2 3 4 -17 -35 -25 -50 12 24 11 41 -47 -13 26 -7 29 27 26 -34 8 -15 -36 -45 -42 -50 -5 26 -35 15 25 -19 -23 -11 -42 32 50 9 -10 4 22 -25 43 -38 20 24 22 -3 -27 21 -34 -47 -5 -2 19 -50 11 30 -40 12 50 -21 32 -7 37 3 5 -48 -33 35 -27 -46 23 39 -32 19 2 18 50 -27 -41 28 25 21 40 -26 ; 
56 87 19 35 42 45 28 3 11 23 27 9 64 32 55 23 95 34 28 51 11 87 50 36 85 96 52 46 84 8 67 46 47 19 95 29 40 41 71 77 5 69 46 72 86 41 45 31 63 98 17 72 9 6 38 94 98 77 74 29 94 44 58 18 43 27 61 2 36 48 49 34 22 88 48 99 24 75 84 1 90 25 52 79 17 31 48 22 82 87 98 93 29 27 85 79 95 79 38 67 34 19 53 20 88 2 63 73 62 100 47 4 96 70 30 68 39 8 22 93 37 72 15 57 97 58 21 33 70 87 8 27 42 34 91 5 38 85 98 88 58 11 7 44 4 45 10 58 92 53 41 60 10 81 54 100 31 83 24 40 95 89 40 8 28 89 27 44 81 58 69 68 72 95 62 92 10 3 86 43 78 100 27 76 88 71 40 32 23 71 5 29 98 96 87 57 46 87 6 64 20 ; 
L -7 -46 -32 -4 42 50 -27 -50 -31 37 -49 19 -35 -25 -45 -17 45 -6 -42 -19 -24 7 -3 42 -29 -18 21 -49 -1 -2 -36 -15 -15 -47 -13 11 -33 -40 43 -27 28 -25 41 -34 -25 -39 48 7 -37 12 -27 -36 41 1 -50 43 -24 2 41 40 30 -7 17 30 35 -46 8 48 -39 35 5 9 23 -35 40 15 -17 22 12 50 -21 32 -9 17 42 18 -19 -33 -21 -28 5 26 27 38 -22 -42 3 32 -41 15 26 -34 15 -6 -18 47 -39 -36 3 -41 -45 -40 -20 38 -29 21 16 35 -11 34 -4 48 33 35 -39 -50 -50 30 6 -50 42 31 39 33 -23 -22 -4 -3 -32 26 -17 23 16 -43 -50 -4 -27 -12 -33 -19 42 20 -37 7 48 28 -7 23 -34 -5 -43 -41 -13 11 -38 -18 28 25 -48 22 24 -15 -34 -11 25 28 -46 10 -9 -26 5 -19 -8 32 2 -2 35 30 -34 45 -31 -17 25 -35 -50 -7 35 -19 40 -26 ; 
68:68 32:32 45:45 87:87 12:12 90:90 96:96 36:36 6:6 40:40 24:24 103:103 76:76 37:37 76:76 22:22 37:37 32:32 121:121 21:21 48:48 45:45 35:35 81:81 7:7 62:62 34:34 117:117 174:174 16:16 25:25 9:9 48:48 87:87 33:33 83:83 44:44 22:22 88:88 13:13 37:37 63:63 73:73 48:48 63:63 14:14 63:63 33:33 53:53 30:30 53:53 119:119 63:63 79:79 67:67 16:16 2:2 91:91 20:20 58:58 50:50 36:36 42:42 107:107 93:93 54:54 85:85 40:40 105:105 30:30 27:27 95:95 38:38 22:22 47:47 23:23 18:18 82:82 55:55 62:62 92:92 10:10 58:58 73:73 39:39 69:69 3:3 23:23 70:70 37:37 56:56 6:6 3:3 51:51 62:62 66:66 43:43 20:20 57:57 56:56 66:66 42:42 27:27 6:6 72:72 5:5 49:49 38:38 41:41 42:42 69:69 49:49 40:40 24:24 46:46 74:74 93:93 86:86 72:72 20:20 68:68 116:116 38:38 6:6 23:23 7:7 71:71 18:18 17:17 164:164 10:10 74:74 31:31 74:74 91:91 21:21 42:42 8:8 88:88 65:65 84:84 65:65 76:76 130:130 68:68 86:86 95:95 54:54 46:46 117:117 2:2 103:103 52:52 86:86 33:33 21:21 40:40 97:97 11:11 41:41 95:95 66:66 88:88 2:2 102:102 62:62 64:64 26:26 35:35 26:26 61:61 18:18 10:10 136:136 100:100 64:64 34:34 42:42 10:10 14:14 11:11 90:90 6:6 17:17 75:75 33:33 30:30 49:49 35:35 151:151 33:33 11:11 23:23 15:15 24:24 34:34 53:53 79:79 32:32 64:64 20:20 ; 
L 37 -39 18 36 15 -37 18 -30 -31 11 -25 -31 30 -49 22 11 -12 -29 19 -48 -42 -22 -31 42 35 -44 -50 -25 -1 -31 13 22 -25 21 49 -2 -5 -13 -26 -24 31 -15 25 12 -23 -16 -34 -44 40 -15 29 -19 -49 18 36 -7 43 -14 -46 -42 -25 7 6 44 -22 -34 20 10 -7 -43 30 32 -29 33 -20 13 4 42 -16 -40 39 40 -45 9 -43 46 12 -43 -15 -33 -7 -11 -46 -27 18 -36 11 -7 -38 -1 -46 -17 44 -24 -26 -5 -19 26 -39 45 -4 -38 -35 -7 19 -6 5 10 43 50 -28 -20 19 39 37 -26 9 7 20 -37 -4 32 48 -34 11 -32 32 19 33 -12 -17 17 45 -34 33 31 -1 -11 -10 -3 3 -9 28 23 39 -18 -31 -13 21 -46 10 -22 -31 12 -31 36 32 -50 -27 27 -47 4 -5 5 -43 -17 -22 37 -9 36 -22 50 -18 50 5 26 4 1 -31 20 16 49 47 37 14 13 35 18 -11 38 ; 
84 90 86 60 58 20 99 32 63 13 90 85 58 85 37 71 37 11 29 52 72 42 26 4 11 46 68 44 65 36 65 8 26 36 96 44 63 17 73 90 78 99 36 97 1 67 83 11 78 46 19 53 21 67 79 33 84 91 89 91 34 44 78 45 5 92 87 60 69 61 7 78 77 65 11 46 28 99 7 20 67 20 30 9 94 99 91 94 25 88 87 53 30 64 53 25 57 85 98 21 18 71 4 21 53 7 76 12 56 52 24 40 42 97 55 54 61 33 42 50 47 6 49 5 52 43 49 10 94 21 26 37 35 35 45 98 36 99 56 55 38 40 77 88 70 76 21 5 51 65 5 73 74 51 45 70 2 34 66 20 28 1 41 60 12 70 35 37 100 56 35 80 38 52 3 71 83 9 88 84 14 69 15 58 64 72 45 24 72 25 69 19 54 48 1 38 90 30 44 39 50 ; 
L -42 7 -7 4 37 -20 -12 -7 -44 19 -13 34 -1 31 46 24 -11 -30 -13 11 -33 38 7 24 35 -12 -26 -17 31 -49 22 -44 15 -20 -36 29 -19 33 45 -9 -30 -25 50 -34 -4 -38 -15 40 -37 22 17 43 -39 -33 34 -43 -5 -18 -31 -9 -4 16 -14 18 22 42 29 46 -5 36 -32 -23 21 -46 31 -19 18 19 1 -46 39 -47 -37 -18 50 -27 -26 12 -48 -25 21 -22 32 -22 -6 -27 -43 -50 -25 26 -13 32 43 -47 7 34 29 -32 -30 43 32 -50 -27 1 7 -36 -13 9 18 -44 35 -31 -44 37 35 -37 4 -10 -18 10 -31 -11 7 45 -25 33 15 -4 -31 11 -11 5 -37 10 -20 31 -16 -49 17 19 -49 17 -31 26 -28 9 -3 36 -22 -18 39 -43 50 -28 -20 -26 -5 3 45 19 12 -39 39 22 -48 -46 -23 -42 11 -31 49 20 -6 5 10 -1 -40 15 -40 -36 2 25 -14 16 -42 5 -13 12 -11 38 ; 
27:27 79:79 67:67 35:35 26:26 21:21 135:135 33:33 63:63 143:143 24:24 48:48 112:112 66:66 138:138 62:62 30:30 18:18 32:32 102:102 32:32 34:34 38:38 20:20 45:45 37:37 6:6 89:89 32:32 80:80 35:35 5:5 17:17 69:69 32:32 21:21 53:53 30:30 31:31 86:86 92:92 106:106 64:64 17:17 33:33 40:40 36:36 27:27 32:32 9:9 83:83 71:71 37:37 81:81 70:70 59:59 16:16 5:5 2:2 34:34 14:14 66:66 34:34 10:10 65:65 42:42 4:4 78:78 91:91 16:16 95:95 43:43 71:71 20:20 30:30 42:42 66:66 79:79 46:46 16:16 84:84 80:80 22:22 119:119 58:58 34:34 62:62 206:206 99:99 50:50 36:36 16:16 20:20 11:11 23:23 32:32 40:40 39:39 44:44 134:134 20:20 64:64 35:35 1:1 37:37 8:8 134:134 77:77 78:78 7:7 44:44 37:37 100:100 43:43 59:59 33:33 106:106 45:45 91:91 70:70 31:31 62:62 88:88 46:46 22:22 12:12 142:142 6:6 80:80 77:77 53:53 9:9 105:105 50:50 51:51 68:68 88:88 14:14 41:41 13:13 17:17 33:33 15:15 88:88 59:59 25:25 59:59 82:82 47:47 38:38 61:61 41:41 79:79 21:21 17:17 74:74 73:73 15:15 14:14 62:62 86:86 95:95 27:27 47:47 6:6 20:20 72:72 19:19 34:34 34:34 75:75 59:59 57:57 125:125 74:74 175:175 37:37 54:54 10:10 15:15 0:0 54:54 26:26 61:61 76:76 16:16 8:8 47:47 46:46 30:30 22:22 49:49 113:113 27:27 7:7 73:73 21:21 61:61 60:60 39:39 50:50 ; 
L -23 -22 8 38 7 -14 14 -35 -4 30 37 -40 24 -30 10 -34 -42 37 32 -22 -19 44 31 10 41 -2 -42 -48 -19 40 16 29 8 31 1 -29 39 39 -33 -21 42 1 37 50 37 -29 -32 10 37 -8 -23 -8 19 40 15 37 -25 17 33 -49 50 25 -49 1 22 -11 -34 35 -18 -10 25 44 -12 26 35 11 -22 7 33 18 -50 43 20 16 -34 -30 -32 -10 -46 42 -4 40 3 23 -28 -30 -29 -19 -44 43 -35 -46 -7 -49 29 -24 -43 -3 48 11 -30 23 3 -26 -40 -39 -19 -45 22 -36 -8 40 -1 -1 -43 -5 38 3 -46 31 -34 -15 43 13 -42 17 24 5 50 -6 33 -2 7 5 36 -4 43 -36 -20 48 47 -16 36 -35 -16 -25 18 -31 38 21 3 -25 -1 -16 3 -18 18 -17 -21 26 46 -9 -22 22 -41 34 39 -17 -24 -43 -10 1 49 50 30 27 34 35 22 31 39 -6 39 -46 46 -33 4 35 40 39 ; 
16 10 58 39 75 34 37 47 76 62 10 72 14 38 31 83 16 7 24 57 1 26 30 71 64 94 18 99 39 5 45 7 11 49 45 54 53 65 6 3 83 66 45 58 13 39 5 5 41 55 75 13 96 83 95 22 65 68 5 67 76 33 18 41 27 7 70 82 25 55 75 21 84 59 72 71 52 96 92 8 44 15 70 64 22 30 90 60 85 40 47 41 51 73 37 92 52 74 72 29 46 16 12 99 42 74 4 32 88 56 8 78 91 44 60 14 34 66 26 4 77 55 10 89 70 99 91 24 8 13 77 74 33 92 75 79 71 9 38 82 72 63 92 67 70 69 18 63 28 46 22 34 52 95 52 31 49 45 8 46 60 94 42 69 100 27 58 89 43 96 82 72 94 56 19 92 23 30 75 12 46 17 23 60 68 11 83 57 44 52 79 25 22 78 2 18 36 91 95 79 72 ; 
L -23 -9 -22 5 -43 -25 24 8 35 2 -33 -37 -30 -26 48 14 -6 8 -49 31 30 3 46 -22 27 -33 -48 -38 31 -18 -16 36 -31 21 -21 29 7 -14 -50 2 -37 -1 43 23 -41 -10 -30 42 31 39 -35 -40 11 15 35 34 11 5 49 -41 -35 26 -1 -32 -37 -38 13 7 46 -3 -39 -1 -37 22 25 38 39 -17 -33 1 -35 -42 -48 -18 -50 -1 42 -3 46 32 44 15 43 20 16 29 29 -10 -50 7 -10 30 34 22 -39 -34 40 4 19 -42 23 -28 3 35 25 -17 32 1 29 -29 43 -40 22 16 50 44 10 -25 -16 -43 -25 -11 -40 18 16 -47 17 -34 6 -26 21 -18 -12 49 -33 -7 -46 -39 -19 8 23 -50 -22 -4 8 -37 -30 4 -43 44 18 24 -19 -45 22 -34 24 -46 19 33 -34 31 39 -46 35 10 49 40 30 36 -4 43 22 -1 42 24 5 3 -40 8 -37 -10 20 36 17 36 19 3 40 39 ; 
16:16 63:63 41:41 82:82 64:64 69:69 6:6 29:29 40:40 9:9 63:63 60:60 43:43 55:55 21:21 45:45 26:26 9:9 28:28 27:27 50:50 58:58 2:2 28:28 137:137 91:91 66:66 55:55 8:8 107:107 55:55 77:77 26:26 87:87 30:30 103:103 50:50 34:34 95:95 95:95 58:58 45:45 33:33 42:42 94:94 64:64 67:67 35:35 13:13 79:79 46:46 80:80 24:24 29:29 38:38 113:113 70:70 30:30 31:31 56:56 49:49 45:45 35:35 55:55 24:24 60:60 35:35 99:99 12:12 36:36 42:42 36:36 14:14 67:67 37:37 37:37 53:53 24:24 22:22 80:80 101:101 92:92 99:99 56:56 80:80 16:16 69:69 63:63 50:50 6:6 11:11 26:26 3:3 70:70 28:28 7:7 81:81 25:25 23:23 75:75 45:45 53:53 30:30 17:17 19:19 23:23 94:94 67:67 31:31 46:46 98:98 37:37 37:37 24:24 11:11 71:71 66:66 98:98 28:28 34:34 5:5 48:48 32:32 64:64 59:59 91:91 28:28 64:64 10:10 26:26 52:52 103:103 57:57 51:51 18:18 34:34 18:18 83:83 36:36 93:93 112:112 43:43 31:31 119:119 18:18 92:92 15:15 75:75 47:47 96:96 13:13 69:69 15:15 5:5 13:13 50:50 10:10 62:62 15:15 29:29 76:76 43:43 52:52 66:66 167:167 48:48 46:46 57:57 107:107 9:9 78:78 6:6 68:68 78:78 50:50 122:122 57:57 58:58 64:64 70:70 69:69 18:18 69:69 46:46 27:27 31:31 9:9 57:57 52:52 55:55 16:16 41:41 33:33 28:28 20:20 93:93 11:11 87:87 110:110 79:79 72:72 ; 
L 23 50 33 -11 -1 50 -24 -31 -39 -5 30 6 -12 48 28 -45 -26 47 -39 -49 2 -20 48 -37 -1 15 -49 49 -44 19 -4 -13 14 -46 23 -33 38 2 -23 43 -23 38 -3 -10 10 28 3 38 -41 -50 3 -45 -21 5 -12 20 29 -24 -10 7 -10 26 -39 3 -31 -40 -35 -31 14 10 33 -13 49 -11 -33 -48 -9 -27 -28 3 -50 7 49 -44 48 34 -42 23 -47 -38 -48 -18 13 5 -38 -22 13 -3 25 30 -40 11 -4 27 19 -49 -27 -17 -23 -19 -25 34 -23 -8 8 -49 3 -25 -31 17 -15 21 -19 -20 -23 -6 41 16 -50 -17 -8 18 29 24 45 -37 36 -33 -40 32 -21 22 28 -45 -2 -17 43 -3 37 -31 -8 39 26 -48 -49 30 44 -15 -43 50 43 -38 -3 3 -37 -25 32 -8 -21 -31 20 11 -48 41 -8 15 -18 -4 -16 44 2 -4 -2 -4 -35 41 -6 -9 -36 -42 21 44 -48 -25 -2 -26 4 11 -43 -27 ; 
38 81 45 65 85 98 33 73 59 28 92 21 16 55 66 73 1 22 15 76 24 95 73 52 77 74 71 62 6 47 4 81 6 70 20 100 28 83 40 16 30 78 57 6 97 35 96 8 22 62 42 9 15 19 71 54 93 1 14 93 33 34 85 90 31 55 46 19 73 55 96 24 99 87 44 83 6 41 52 91 67 16 27 48 54 83 87 37 46 29 43 31 24 4 75 22 39 4 67 19 19 25 62 34 22 27 19 90 85 92 75 5 34 56 8 74 43 84 15 17 75 9 25 53 57 31 27 79 56 48 42 98 92 18 79 7 51 86 47 18 33 82 89 31 47 27 15 70 46 89 71 79 35 83 21 76 80 84 8 83 40 94 77 97 51 20 98 81 53 78 50 15 26 42 65 49 63 28 71 93 55 15 25 14 51 100 53 22 46 30 11 92 22 38 60 46 40 94 64 29 74 ; 
L 23 -13 30 21 -29 -50 -44 23 -33 -17 18 -38 -23 -50 24 -2 -28 -22 25 -8 -40 11 -36 -27 -35 21 -19 3 -4 47 36 13 -23 44 -6 -1 38 12 -48 -32 -33 -50 25 -25 -45 -50 -48 4 42 -10 26 26 11 -8 41 -6 -9 -10 -49 -28 -31 48 -44 -15 7 -18 -45 48 -11 37 -15 -4 -40 -39 49 10 31 8 41 -8 3 21 19 -11 -10 33 -20 -2 13 5 48 -22 -41 -50 3 23 -37 6 40 31 -3 -46 -2 -26 -33 -31 -39 -5 -38 -20 -38 32 -24 9 -14 14 -3 50 18 21 -16 44 7 -17 43 42 -34 16 13 -3 8 -2 -30 41 48 21 -17 33 -4 -44 31 -30 3 -3 37 49 -48 -27 39 25 5 -12 20 23 -43 23 -2 -38 43 -43 17 4 11 49 -8 49 -19 -19 38 -1 15 -49 49 -28 -23 34 -3 -26 47 -39 -31 -35 -10 -28 15 29 24 4 37 -45 27 -49 2 45 -48 20 -3 -25 -43 -27 ; 
38:38 86:86 9:9 53:53 22:22 84:84 19:19 32:32 100:100 40:40 76:76 42:42 41:41 80:80 27:27 26:26 7:7 89:89 20:20 11:11 25:25 25:25 84:84 182:182 58:58 19:19 43:43 47:47 7:7 48:48 41:41 56:56 90:90 40:40 33:33 35:35 86:86 52:52 24:24 97:97 83:83 45:45 38:38 61:61 42:42 44:44 83:83 23:23 20:20 13:13 34:34 37:37 106:106 46:46 41:41 53:53 22:22 54:54 38:38 63:63 52:52 19:19 22:22 146:146 37:37 62:62 21:21 26:26 26:26 32:32 81:81 69:69 35:35 68:68 130:130 110:110 6:6 37:37 71:71 65:65 5:5 69:69 128:128 8:8 72:72 31:31 60:60 43:43 32:32 4:4 118:118 18:18 47:47 62:62 42:42 23:23 25:25 54:54 32:32 55:55 31:31 20:20 71:71 46:46 35:35 23:23 59:59 28:28 64:64 37:37 115:115 53:53 12:12 6:6 49:49 90:90 104:104 64:64 91:91 38:38 32:32 93:93 71:71 18:18 15:15 19:19 87:87 136:136 68:68 4:4 34:34 12:12 100:100 40:40 24:24 27:27 73:73 23:23 28:28 15:15 82:82 16:16 40:40 97:97 46:46 39:39 18:18 40:40 38:38 100:100 37:37 71:71 54:54 31:31 30:30 16:16 40:40 83:83 50:50 14:14 96:96 47:47 71:71 66:66 154:154 18:18 27:27 18:18 83:83 86:86 74:74 71:71 62:62 93:93 7:7 43:43 28:28 52:52 22:22 15:15 87:87 24:24 10:10 78:78 13:13 140:140 102:102 21:21 6:6 95:95 63:63 32:32 24:24 57:57 50:50 73:73 47:47 37:37 69:69 29:29 74:74 ; 
L -36 44 28 -31 26 -18 -44 26 45 -44 -36 25 -40 37 1 21 -28 38 -41 -48 28 15 -20 -35 2 32 43 36 -18 -33 -15 -11 -23 -21 22 -30 25 -42 -44 13 44 -45 18 20 12 -30 -24 15 28 -46 18 -41 -38 49 5 -46 27 23 -33 -20 12 22 -10 46 20 46 -28 20 -21 -31 2 16 -10 44 47 -39 -6 28 -31 50 36 -20 -4 -25 -10 -21 22 -33 42 34 -29 -46 -21 9 -49 24 -43 17 5 -48 -38 -49 18 10 -31 -28 -1 -16 16 27 -21 43 -39 34 20 14 -12 5 47 27 -8 15 -4 -10 -37 -17 31 -40 -31 36 16 -22 37 5 -37 1 -16 25 41 34 -6 -48 10 -45 23 25 -47 49 41 39 -32 34 32 50 -33 38 44 28 5 -19 9 -25 23 14 -21 11 -10 -26 27 -22 -30 -6 -12 23 24 -36 36 -39 31 -25 26 22 22 19 -38 -8 27 -23 7 -17 5 34 20 42 34 1 -45 11 30 32 ; 
31 37 39 61 82 90 26 95 81 63 18 7 71 34 64 32 5 79 30 4 44 52 22 43 52 97 74 91 77 87 59 99 74 82 18 95 62 7 20 95 2 79 94 99 91 3 91 82 79 30 64 46 44 69 94 98 49 89 82 77 76 50 91 7 25 78 60 75 54 71 75 77 3 16 65 40 29 24 33 78 62 59 64 5 39 89 60 63 77 84 28 70 18 10 8 75 92 39 2 1 10 85 90 17 44 43 50 78 41 12 40 87 10 5 54 10 26 91 64 71 36 94 100 28 6 56 23 73 97 64 96 26 39 55 17 91 77 5 96 17 13 67 53 32 51 57 65 89 20 100 30 37 74 24 55 59 72 87 16 13 11 74 35 46 23 81 42 7 92 8 44 7 91 19 2 28 74 66 88 98 60 99 9 11 55 63 76 81 83 63 73 40 63 71 59 73 17 62 21 45 85 ; 
L -36 46 -1 37 -5 -37 -18 47 8 34 -40 5 -19 9 -11 36 30 -22 21 45 -44 47 -50 -32 -25 26 -27 -33 -44 34 2 34 -24 35 -42 46 -33 20 18 20 -25 -24 23 11 12 22 -27 -25 16 -10 44 -21 -28 -50 -26 4 25 11 1 -9 7 -49 -8 -28 -21 -36 31 -32 -2 -42 -20 39 23 -38 -26 5 39 28 -21 -18 -33 -25 -6 21 -15 -5 1 -6 -30 5 -47 -26 -37 -45 -15 -10 23 14 18 -31 17 -14 27 10 16 -12 -46 -36 31 44 18 -49 -38 10 -28 -15 -28 48 41 -38 41 -12 5 -48 -31 -28 -10 -23 -31 40 -25 36 -38 -27 10 44 -22 -19 -37 20 41 39 -32 -13 44 42 -16 -4 33 34 -29 -46 -21 23 43 -39 34 -17 31 16 -22 -38 -22 12 22 -1 24 -43 6 45 10 20 17 44 -31 30 -27 -49 -25 -20 49 -20 -23 -41 36 -28 -15 -36 45 -28 20 46 43 16 -21 -22 -34 48 30 32 ; 
75:75 20:20 33:33 91:91 17:17 55:55 15:15 54:54 18:18 92:92 32:32 21:21 13:13 11:11 104:104 48:48 26:26 95:95 18:18 50:50 63:63 18:18 39:39 24:24 66:66 60:60 109:109 23:23 12:12 27:27 25:25 178:178 6:6 14:14 41:41 27:27 50:50 79:79 52:52 62:62 32:32 15:15 24:24 53:53 75:75 50:50 66:66 113:113 27:27 3:3 16:16 13:13 65:65 0:0 95:95 121:121 45:45 102:102 20:20 39:39 37:37 43:43 14:14 47:47 80:80 85:85 64:64 19:19 97:97 42:42 157:157 66:66 57:57 55:55 138:138 36:36 183:183 35:35 5:5 4:4 87:87 98:98 20:20 36:36 14:14 64:64 28:28 31:31 72:72 39:39 22:22 15:15 55:55 6:6 38:38 56:56 25:25 46:46 95:95 37:37 85:85 42:42 41:41 48:48 28:28 8:8 54:54 70:70 68:68 118:118 26:26 37:37 43:43 127:127 42:42 43:43 52:52 44:44 4:4 30:30 79:79 60:60 50:50 30:30 107:107 50:50 72:72 40:40 61:61 144:144 71:71 77:77 72:72 107:107 38:38 58:58 56:56 94:94 32:32 127:127 19:19 100:100 30:30 12:12 95:95 20:20 44:44 85:85 84:84 45:45 28:28 70:70 18:18 47:47 64:64 10:10 5:5 47:47 23:23 112:112 26:26 131:131 17:17 93:93 32:32 54:54 14:14 92:92 92:92 66:66 41:41 43:43 57:57 29:29 70:70 46:46 13:13 21:21 131:131 22:22 62:62 27:27 62:62 50:50 4:4 51:51 79:79 121:121 74:74 104:104 33:33 78:78 85:85 45:45 56:56 28:28 60:60 61:61 38:38 45:45 85:85 ; 
L -34 -6 30 -17 -18 -35 42 -29 16 38 -22 -42 18 -20 13 -25 46 18 -36 -39 -10 -31 -34 -3 9 -38 14 -15 9 6 -49 1 -46 8 -47 43 3 -20 -32 -40 -47 39 43 -8 2 14 -8 -22 31 3 -24 1 -27 17 -21 23 17 30 20 10 22 22 23 -39 -38 41 -8 -46 41 -47 -1 -11 24 -36 -17 -10 37 36 -28 16 -35 12 50 -24 -9 -48 -18 15 -12 -2 38 -50 -17 -49 33 -47 -46 -37 26 34 -42 35 50 44 -45 37 -16 -44 8 -43 39 25 27 -25 -24 -37 -32 -28 21 -10 -9 -24 -25 8 -43 14 48 42 33 -46 32 -45 -33 -25 -15 30 -43 43 -13 -32 11 -8 11 -37 -11 -18 -2 41 26 -20 2 47 16 -2 41 49 49 13 32 15 13 -6 -45 -21 -20 -10 -45 39 -33 -28 -8 -9 45 -18 -9 -37 15 -33 -2 12 40 25 -21 -12 20 -5 -40 -16 41 45 -8 7 45 -26 -32 -11 24 1 13 29 ; 
22 55 69 11 1 8 22 15 89 88 58 99 44 15 45 45 52 3 68 29 93 94 28 32 99 99 30 38 11 75 82 19 11 70 9 82 6 83 65 100 81 64 61 40 94 62 80 70 14 31 35 48 20 18 82 85 15 93 18 82 7 41 62 4 1 10 4 41 61 22 59 99 59 18 81 26 8 100 95 31 46 60 81 50 44 21 84 90 90 36 75 76 1 94 61 73 12 96 72 24 30 89 50 86 22 76 34 73 74 26 78 23 54 87 78 65 53 49 33 63 10 56 59 52 28 93 99 57 74 3 28 46 21 59 88 32 52 83 97 53 82 9 83 62 47 79 56 53 9 90 29 20 92 45 41 51 65 52 18 52 69 48 70 60 71 98 62 98 28 11 29 42 16 68 33 98 1 77 23 83 18 87 10 2 100 48 69 48 90 53 25 72 11 97 99 35 39 14 21 95 16 ; 
L -34 2 -46 -21 40 -18 8 -43 -17 -46 2 -14 36 8 24 24 43 37 -11 32 -17 -3 -16 29 12 18 -49 33 -43 47 -32 -27 8 14 23 47 -41 50 17 -20 45 -16 28 -45 37 2 24 7 45 -8 -22 31 -37 -32 -28 39 -10 24 -32 11 -12 16 -42 -1 -11 -39 -15 20 -5 11 1 15 -10 -31 15 -8 -14 -18 47 50 40 -18 -2 -3 22 -24 13 -25 46 18 13 -25 -13 20 41 49 49 -8 42 34 -9 -48 38 -10 -45 -49 -47 41 1 -27 -15 32 9 -38 6 -21 -34 -3 28 33 -6 -38 38 -16 -17 -9 -23 -12 35 -39 -41 8 25 12 39 8 -35 15 9 46 20 11 -17 -43 -35 -43 -2 -41 21 32 -24 44 18 22 -45 -9 -42 -47 30 48 50 8 -45 33 -46 -33 -39 36 37 26 -20 -42 25 21 -25 -40 25 -33 -26 37 -26 -16 1 -44 -6 30 -22 45 10 20 37 43 -2 13 -10 -9 36 30 13 29 ; 
22:22 37:37 23:23 74:74 67:67 24:24 75:75 28:28 104:104 14:14 93:93 13:13 70:70 78:78 7:7 42:42 134:134 45:45 62:62 24:24 51:51 48:48 13:13 89:89 103:103 89:89 22:22 61:61 35:35 7:7 47:47 92:92 91:91 18:18 62:62 42:42 22:22 39:39 70:70 33:33 27:27 78:78 31:31 50:50 76:76 174:174 34:34 52:52 11:11 63:63 70:70 14:14 27:27 53:53 49:49 38:38 16:16 86:86 70:70 47:47 19:19 103:103 64:64 48:48 19:19 39:39 32:32 15:15 48:48 63:63 99:99 25:25 76:76 94:94 0:0 16:16 19:19 44:44 41:41 46:46 68:68 64:64 56:56 27:27 20:20 7:7 92:92 45:45 52:52 3:3 54:54 47:47 28:28 23:23 65:65 51:51 65:65 36:36 65:65 3:3 12:12 21:21 24:24 42:42 13:13 11:11 131:131 10:10 89:89 20:20 7:7 57:57 145:145 99:99 67:67 57:57 60:60 32:32 15:15 11:11 43:43 68:68 53:53 48:48 158:158 65:65 29:29 69:69 47:47 48:48 79:79 128:128 22:22 19:19 98:98 30:30 21:21 18:18 73:73 64:64 33:33 88:88 11:11 74:74 56:56 120:120 25:25 34:34 82:82 51:51 124:124 37:37 29:29 11:11 90:90 16:16 80:80 15:15 30:30 98:98 54:54 38:38 25:25 105:105 3:3 20:20 51:51 99:99 16:16 61:61 42:42 24:24 73:73 57:57 10:10 87:87 59:59 37:37 34:34 72:72 121:121 25:25 83:83 124:124 43:43 69:69 56:56 145:145 62:62 98:98 40:40 68:68 40:40 34:34 30:30 10:10 88:88 56:56 80:80 95:95 16:16 ; 
L -17 25 26 31 50 5 31 14 36 -9 24 -26 -27 48 10 23 -3 -29 15 43 31 -16 31 34 -21 34 19 15 32 23 16 -45 -14 47 49 -45 20 -12 34 -20 33 24 -39 10 -35 18 41 -35 44 -47 -42 49 -11 21 4 8 -5 -9 -21 17 -29 40 17 -28 -27 18 -7 43 -4 35 -22 -46 24 -33 -30 36 40 -29 50 3 27 27 20 27 -10 12 -24 -43 1 -44 -48 12 8 36 4 32 48 37 41 25 21 32 28 28 36 43 46 34 43 -49 -38 17 5 49 39 -45 15 3 12 29 18 -9 32 45 -28 21 -35 25 -44 -20 -44 49 49 41 -4 45 -20 21 -3 50 5 40 12 46 -47 -49 -23 -36 -29 -29 9 16 -50 12 41 36 7 22 -9 -38 -50 -13 10 43 20 -16 -27 39 5 47 42 -29 -5 -23 -40 -3 10 -12 27 -43 44 30 -39 1 1 -48 36 36 -38 -10 -15 -45 -43 -33 31 50 -13 40 -8 48 ; 
37 25 97 85 36 57 94 59 95 20 61 36 40 21 62 52 57 79 35 62 48 64 22 15 37 19 17 23 74 50 4 16 81 84 37 18 50 69 29 92 91 76 68 79 54 42 98 74 50 29 52 9 29 80 100 71 92 88 79 94 17 90 36 34 70 25 27 27 76 99 84 94 28 3 12 40 39 79 66 64 62 19 29 68 100 80 40 93 30 70 26 52 93 35 19 15 67 51 65 85 92 75 88 82 16 24 32 16 7 83 72 2 31 88 64 76 11 27 54 13 42 35 61 91 20 96 96 74 42 87 40 53 97 12 37 99 29 12 32 55 1 2 72 77 19 69 84 9 33 85 66 81 70 58 6 89 36 13 76 6 63 82 95 66 38 49 78 52 74 42 51 71 72 97 50 67 87 66 27 7 88 72 45 97 13 1 88 36 27 73 4 74 11 24 35 52 63 23 46 97 92 ; 
L 48 28 -4 -43 15 36 3 41 -29 -36 30 5 -15 -48 -21 41 -36 29 43 -40 -46 -29 -29 9 -45 -14 12 35 38 9 -36 -25 -17 21 -49 -1 -27 -38 -49 -34 -46 -45 27 -36 -49 44 4 -29 40 -27 -47 28 -10 -44 39 -40 16 -43 22 12 -50 20 -31 -39 31 -47 -37 -10 44 -20 44 -1 5 47 -50 -31 -24 12 -28 -12 32 31 29 -43 3 -10 3 40 16 36 36 -33 -23 17 -35 30 -39 -20 -40 -27 20 -12 -34 12 45 -17 -16 -45 -8 39 7 22 43 18 -32 32 -4 23 14 -5 48 -20 10 -27 -5 -50 -23 -49 -13 42 -32 16 45 -24 -33 45 33 15 10 -9 -44 -5 35 -34 21 -3 8 -34 -5 -9 -43 50 -31 -26 -25 49 41 12 -41 4 46 47 1 -48 21 -35 20 -24 43 7 -21 27 -3 -36 26 -50 -24 29 18 -9 17 10 43 -25 -11 50 19 15 -13 38 49 27 21 -23 -18 -42 -28 49 -8 48 ; 
46:46 106:106 21:21 11:11 38:38 43:43 42:42 63:63 92:92 18:18 40:40 11:11 30:30 14:14 86:86 27:27 84:84 21:21 89:89 55:55 109:109 66:66 85:85 66:66 69:69 81:81 50:50 64:64 135:135 6:6 52:52 56:56 88:88 94:94 102:102 2:2 22:22 30:30 92:92 29:29 16:16 87:87 62:62 97:97 91:91 53:53 116:116 34:34 90:90 17:17 35:35 71:71 38:38 3:3 69:69 27:27 28:28 33:33 39:39 46:46 25:25 52:52 46:46 39:39 40:40 93:93 21:21 32:32 90:90 73:73 37:37 70:70 62:62 100:100 41:41 78:78 68:68 42:42 29:29 77:77 43:43 95:95 44:44 114:114 57:57 61:61 87:87 67:67 31:31 42:42 36:36 31:31 67:67 45:45 47:47 56:56 45:45 69:69 23:23 1:1 15:15 47:47 43:43 29:29 46:46 54:54 56:56 1:1 30:30 20:20 69:69 27:27 69:69 48:48 30:30 96:96 15:15 57:57 54:54 66:66 53:53 41:41 29:29 61:61 13:13 1:1 51:51 63:63 103:103 108:108 31:31 69:69 116:116 41:41 76:76 88:88 40:40 51:51 4:4 13:13 57:57 43:43 113:113 60:60 20:20 32:32 44:44 148:148 21:21 88:88 33:33 43:43 44:44 85:85 97:97 20:20 60:60 69:69 88:88 89:89 33:33 35:35 34:34 1:1 138:138 104:104 25:25 109:109 82:82 7:7 30:30 53:53 35:35 16:16 59:59 58:58 58:58 63:63 42:42 35:35 26:26 20:20 40:40 91:91 67:67 22:22 9:9 23:23 22:22 95:95 72:72 45:45 65:65 97:97 30:30 9:9 16:16 50:50 87:87 97:97 92:92 ; 
L -14 42 -37 35 25 46 7 10 -11 -34 -49 31 -15 25 -38 -31 -29 -27 -40 29 44 46 2 -22 5 -36 -37 45 38 4 -26 26 -19 29 25 16 9 -11 34 -4 4 6 -24 -30 47 23 -42 -47 32 -31 -3 -50 -34 2 43 5 -14 46 -41 37 26 -36 -5 -19 25 -2 -23 -23 50 10 -47 50 -26 -7 23 16 -39 30 13 25 -5 26 48 4 33 14 -3 26 -13 20 -41 50 47 5 -28 19 49 -1 25 41 -6 -25 41 -39 3 23 15 4 -16 30 41 -31 -21 34 -12 -48 -34 -22 -26 39 42 -24 2 -27 -25 -44 46 7 19 -31 -44 12 -6 -47 3 44 -43 -27 -20 5 46 46 29 -16 49 -9 -12 12 32 28 18 -29 36 -38 -21 18 -23 42 -45 47 -19 -45 -39 49 7 50 -6 30 11 -5 3 27 35 37 -8 -18 -25 -21 6 46 -32 -10 -5 44 39 -5 -6 -5 29 48 -50 -3 24 11 -49 21 -17 24 -27 -8 ; 
63 7 62 44 84 79 5 72 82 42 39 83 64 3 57 91 28 42 20 82 26 94 62 90 51 5 24 65 84 18 1 74 65 59 31 82 48 22 18 46 20 22 79 48 68 3 12 81 43 11 18 31 92 55 45 83 34 7 8 21 31 95 25 26 93 37 32 38 57 33 33 73 63 34 92 8 88 15 54 78 4 25 77 46 7 5 1 77 64 8 6 20 50 43 8 41 37 25 64 21 55 16 20 98 3 91 61 64 43 70 56 95 29 37 20 70 55 25 22 19 80 8 69 22 76 15 90 31 14 50 80 10 93 27 93 10 72 97 19 16 86 94 54 9 11 91 22 80 9 62 44 26 44 66 97 72 14 60 19 78 12 29 23 37 43 67 51 65 11 20 1 56 19 30 44 59 76 8 28 41 49 25 86 100 51 24 47 48 51 12 61 90 23 84 28 48 37 76 44 68 42 ; 
L -14 42 4 -6 -35 32 -17 -48 -27 -40 -26 15 49 -3 18 -7 -29 -50 -3 -45 37 46 31 38 41 11 -49 5 32 -31 4 46 18 -16 -29 -38 47 6 -12 -26 -44 -26 28 -19 19 37 -46 31 3 -25 5 12 -36 -16 30 38 -36 29 -23 -14 42 27 49 -43 -12 -34 21 31 -41 -30 16 -2 24 -42 -44 -5 22 -16 6 -50 24 39 39 -5 -26 15 50 13 47 35 -41 48 23 -26 20 -41 39 18 -48 -23 7 -29 29 -23 -25 -44 -3 4 -34 11 -49 39 45 -34 -6 24 -30 10 -2 -7 -30 -22 -1 -46 26 -12 -50 -5 44 19 19 41 47 -49 47 -27 -20 -24 23 46 -4 44 32 9 5 -11 -31 -3 -50 -34 2 4 9 5 25 -2 -23 46 -26 -25 -45 -3 -25 -14 46 -25 -27 6 47 -21 -19 -25 -13 -5 34 33 -25 11 5 36 43 10 -47 -10 -50 -42 8 -37 29 28 7 6 25 -21 37 39 5 -21 -27 -8 ; 
63:63 7:7 62:62 23:23 36:36 2:2 18:18 22:22 37:37 20:20 68:68 57:57 43:43 35:35 14:14 62:62 16:16 25:25 35:35 93:93 65:65 93:93 79:79 91:91 59:59 57:57 28:28 71:71 46:46 48:48 20:20 42:42 86:86 56:56 39:39 19:19 29:29 27:27 93:93 38:38 66:66 22:22 56:56 18:18 47:47 60:60 31:31 95:95 26:26 10:10 17:17 47:47 9:9 27:27 28:28 22:22 66:66 44:44 29:29 1:1 49:49 20:20 92:92 37:37 67:67 24:24 37:37 29:29 95:95 56:56 70:70 49:49 69:69 8:8 78:78 42:42 51:51 39:39 61:61 51:51 38:38 34:34 38:38 24:24 91:91 11:11 112:112 57:57 69:69 12:12 12:12 123:123 21:21 53:53 31:31 6:6 73:73 76:76 41:41 106:106 31:31 50:50 64:64 9:9 66:66 33:33 10:10 12:12 46:46 18:18 16:16 37:37 23:23 17:17 93:93 12:12 19:19 89:89 31:31 36:36 90:90 23:23 21:21 72:72 61:61 50:50 90:90 12:12 48:48 89:89 54:54 62:62 22:22 58:58 13:13 109:109 19:19 46:46 111:111 137:137 14:14 74:74 82:82 12:12 53:53 20:20 12:12 18:18 31:31 92:92 55:55 23:23 46:46 21:21 61:61 37:37 32:32 35:35 30:30 59:59 19:19 95:95 10:10 37:37 7:7 96:96 26:26 52:52 7:7 75:75 37:37 13:13 78:78 52:52 45:45 80:80 55:55 52:52 44:44 25:25 52:52 84:84 29:29 14:14 33:33 66:66 53:53 44:44 62:62 15:15 35:35 68:68 11:11 24:24 28:28 16:16 62:62 140:140 48:48 68:68 42:42 ; 
L -23 -47 32 -28 1 37 -3 17 -10 35 46 3 -19 -32 -18 28 -11 23 -27 -18 -32 29 -1 49 -9 41 7 -5 47 12 -5 29 -13 1 -17 5 -18 -6 41 -39 -28 40 28 7 32 8 28 6 -10 14 -17 31 -18 -39 -48 13 41 -2 45 -46 -1 -11 -13 3 -39 16 8 -31 -20 33 7 50 -9 -16 42 24 18 -11 30 32 -30 -34 -48 49 -34 30 12 44 -12 5 19 -21 34 18 -3 31 48 17 24 32 -19 38 -46 42 30 31 2 50 5 34 -40 -30 13 5 -34 39 -42 20 -8 -48 -35 -11 -37 36 40 -36 11 8 -30 -26 -4 19 -48 -24 -12 -31 4 28 -41 -16 -25 34 42 2 42 -40 -21 -38 30 34 -21 48 -17 39 -30 26 3 -33 18 10 -11 -22 -40 -23 -30 40 -46 -7 21 -40 30 32 37 -48 -12 -30 11 -37 5 -29 23 -34 -4 -17 26 32 8 5 11 27 -8 3 -3 -44 39 18 38 47 35 48 ; 
63 99 75 6 14 61 49 32 63 80 69 8 65 43 63 15 6 92 23 55 36 83 98 70 81 98 43 59 62 10 55 85 60 26 3 47 34 81 90 66 45 32 73 20 79 52 28 26 83 2 56 57 21 29 86 12 81 54 27 94 97 7 64 5 98 48 52 88 69 71 28 87 23 5 55 86 5 48 65 35 97 73 59 89 19 60 41 33 80 88 24 78 41 99 85 40 43 74 71 39 22 20 10 39 72 12 21 44 49 79 100 36 14 37 79 61 15 16 70 72 90 98 18 39 34 47 28 9 54 83 42 55 12 32 71 66 68 89 42 66 41 37 49 84 28 3 6 10 22 83 70 19 39 42 21 7 84 84 6 60 8 33 89 48 94 92 56 75 50 61 44 49 71 84 69 51 81 93 96 43 28 61 100 46 89 19 70 64 27 91 75 97 74 86 13 92 65 84 67 47 34 ; 
L -23 -47 30 12 -34 25 29 35 2 50 44 -7 4 -24 7 -40 18 48 34 30 -38 -8 -32 -26 36 40 -36 22 11 -10 -21 35 48 8 -20 -5 24 32 -2 45 -3 5 49 13 5 -32 -40 14 34 -28 21 -19 31 -39 -9 -6 46 -29 32 27 -40 -37 -29 23 -34 11 18 5 17 32 28 -32 12 24 48 42 -5 -26 30 -1 31 -8 37 41 19 -19 -34 13 -19 7 50 41 39 -8 40 30 31 -7 21 30 23 3 -5 16 -30 -46 -6 -11 28 -33 -46 -13 33 -20 -11 38 1 -5 37 5 4 -42 27 -3 12 39 -30 16 41 -8 -34 34 -17 -28 -3 31 12 -18 -3 9 -3 -13 12 8 -18 -18 -17 -31 -46 30 -39 -28 11 48 44 18 -48 -1 -32 42 2 42 -47 18 -10 1 -48 17 -48 23 37 10 3 -47 41 -39 -11 -26 17 40 28 17 38 30 49 -16 39 -4 -32 -30 -40 -18 30 42 -34 21 11 11 35 48 ; 
63:63 99:99 15:15 42:42 121:121 37:37 42:42 6:6 49:49 44:44 31:31 43:43 56:56 18:18 21:21 33:33 7:7 2:2 59:59 73:73 23:23 1:1 70:70 19:19 67:67 34:34 47:47 64:64 33:33 8:8 39:39 70:70 90:90 72:72 70:70 33:33 73:73 39:39 37:37 27:27 158:158 39:39 21:21 25:25 37:37 6:6 81:81 63:63 45:45 75:75 73:73 78:78 38:38 19:19 95:95 20:20 160:160 61:61 83:83 33:33 40:40 63:63 152:152 28:28 61:61 48:48 71:71 40:40 32:32 98:98 17:17 6:6 68:68 71:71 32:32 98:98 54:54 62:62 52:52 119:119 51:51 88:88 34:34 53:53 55:55 31:31 68:68 101:101 26:26 44:44 87:87 103:103 49:49 150:150 63:63 77:77 12:12 36:36 50:50 94:94 94:94 16:16 82:82 59:59 11:11 173:173 43:43 42:42 63:63 9:9 10:10 104:104 46:46 20:20 16:16 24:24 50:50 67:67 96:96 48:48 89:89 107:107 39:39 96:96 26:26 51:51 21:21 3:3 66:66 16:16 6:6 49:49 29:29 0:0 26:26 40:40 125:125 57:57 31:31 44:44 35:35 74:74 23:23 69:69 16:16 37:37 15:15 93:93 20:20 97:97 75:75 35:35 27:27 60:60 29:29 18:18 113:113 10:10 79:79 41:41 84:84 28:28 35:35 217:217 102:102 6:6 67:67 60:60 39:39 29:29 34:34 32:32 36:36 41:41 80:80 66:66 19:19 178:178 22:22 35:35 73:73 26:26 75:75 34:34 105:105 43:43 48:48 67:67 56:56 49:49 72:72 26:26 31:31 56:56 86:86 9:9 41:41 87:87 10:10 47:47 34:34 ; 
L 45 15 -24 11 -15 -6 48 2 -11 16 22 49 50 -43 2 -18 17 -36 30 -38 -31 9 25 -7 -16 -24 -33 20 -35 -17 -37 43 20 31 48 42 -44 -12 1 -39 9 46 -9 19 -38 -1 24 19 -1 8 13 43 -41 1 -49 4 -15 18 38 5 -8 -15 -46 -36 10 47 -7 -42 13 2 -38 11 -19 15 5 -44 5 23 -20 38 -43 -9 -32 28 -17 31 -28 -8 -13 -42 12 13 6 36 38 -29 41 14 1 -17 -36 32 47 -27 -41 -21 11 -48 5 -35 13 16 7 -47 -26 -25 35 14 22 40 17 15 -1 -21 -32 24 48 30 12 12 49 -50 39 11 19 39 46 21 26 -14 10 -28 46 -37 31 -27 49 -50 36 41 -7 50 -47 35 7 -34 -6 -34 35 21 35 -46 25 11 11 33 31 -33 -50 -26 22 23 42 6 25 4 27 42 -2 44 -11 15 19 17 10 -20 29 17 12 -40 -10 -23 -25 -27 -8 34 -41 16 50 11 ; 
26 78 21 75 98 79 21 52 94 54 63 9 82 35 41 96 2 55 100 2 100 81 5 62 6 7 81 78 19 3 23 37 6 50 35 36 9 58 5 40 50 91 92 36 43 29 64 72 3 13 88 47 93 62 8 72 53 52 21 31 88 50 27 32 90 93 12 15 29 99 85 63 29 16 48 33 40 70 28 50 23 83 74 7 74 100 69 78 73 89 18 8 62 34 74 82 24 2 97 14 7 52 21 95 82 89 66 44 19 58 69 85 36 2 91 52 12 33 33 17 97 63 75 11 75 8 92 55 100 81 73 21 83 47 27 90 8 63 59 14 11 99 85 65 42 63 80 12 5 23 45 25 42 64 1 78 23 11 32 71 36 97 42 28 99 9 74 3 31 63 9 70 11 5 62 84 12 98 9 84 58 79 76 12 62 21 7 38 27 51 18 36 60 72 61 51 94 22 86 5 44 ; 
L 39 25 19 -16 19 -10 -19 -11 -39 -35 49 -1 41 37 17 -12 -22 -50 7 -35 -36 42 2 -46 -35 7 -43 -31 -33 -40 48 30 -49 -27 -46 -15 -27 -21 36 27 -21 10 17 -33 -47 -17 -2 -48 15 -16 -29 41 14 5 48 -24 1 -43 37 38 -19 -26 -35 -31 -9 -6 -7 -2 -44 23 28 15 -45 -46 28 41 40 -8 15 -24 16 -20 6 30 -27 31 25 -43 -20 -12 -12 -8 -32 -42 12 -43 -35 38 -13 -14 11 33 9 26 50 -12 34 10 47 -7 -42 -1 -11 49 14 -31 34 -44 44 4 5 -21 -17 -48 7 -38 -31 23 -26 -15 -50 -38 -32 9 -24 -47 -10 -22 6 36 4 -11 13 2 -46 -36 29 -5 -18 17 -36 5 -15 -13 9 25 42 13 -39 -16 11 38 -42 -13 19 17 -28 -18 8 -25 22 -46 25 1 41 49 -1 -35 -24 32 -50 -20 -15 23 6 34 41 -17 11 50 -11 -1 -21 -38 20 -8 -11 47 50 11 ; 
27:27 94:94 42:42 8:8 114:114 48:48 14:14 27:27 47:47 39:39 62:62 8:8 62:62 118:118 23:23 46:46 7:7 70:70 25:25 56:56 12:12 81:81 119:119 26:26 116:116 31:31 16:16 24:24 60:60 98:98 92:92 55:55 103:103 80:80 13:13 72:72 17:17 42:42 85:85 143:143 106:106 24:24 56:56 73:73 32:32 49:49 36:36 52:52 93:93 84:84 167:167 24:24 2:2 66:66 46:46 8:8 64:64 34:34 51:51 47:47 43:43 29:29 12:12 10:10 89:89 15:15 99:99 69:69 71:71 46:46 29:29 35:35 41:41 68:68 85:85 78:78 26:26 86:86 122:122 21:21 73:73 24:24 9:9 17:17 26:26 156:156 47:47 15:15 55:55 29:29 81:81 36:36 47:47 42:42 23:23 23:23 1:1 31:31 72:72 51:51 63:63 9:9 53:53 6:6 63:63 30:30 10:10 43:43 93:93 12:12 15:15 38:38 27:27 49:49 19:19 16:16 28:28 19:19 58:58 23:23 76:76 34:34 45:45 30:30 29:29 1:1 100:100 63:63 27:27 101:101 49:49 46:46 49:49 67:67 42:42 27:27 52:52 58:58 28:28 34:34 157:157 48:48 13:13 99:99 72:72 20:20 18:18 24:24 100:100 2:2 55:55 26:26 54:54 50:50 69:69 69:69 16:16 89:89 55:55 97:97 54:54 138:138 33:33 30:30 19:19 12:12 56:56 9:9 46:46 52:52 8:8 47:47 32:32 15:15 63:63 54:54 26:26 41:41 31:31 8:8 61:61 22:22 15:15 113:113 165:165 23:23 73:73 10:10 39:39 35:35 24:24 47:47 11:11 37:37 50:50 59:59 71:71 68:68 35:35 5:5 44:44 ; 
L -49 -24 -20 -15 -41 42 -23 -44 -20 -6 -47 -7 14 -5 49 -29 37 27 44 3 9 -17 6 -35 -13 -37 -11 -7 19 -49 -47 7 41 -45 -20 -29 -29 -4 26 -29 -21 -1 -48 -47 -38 -2 -4 11 -2 -22 34 -38 -22 -9 -1 -8 17 -6 10 -35 -25 28 28 26 28 -40 1 46 5 44 5 -27 -31 3 -29 33 20 28 42 -1 -8 35 44 14 -3 31 -4 -18 12 -8 -42 -23 21 19 45 8 29 3 10 46 -2 39 -46 -37 45 11 38 11 1 -16 16 -23 12 46 49 -18 3 11 14 37 -43 -1 -37 -47 10 3 2 50 27 9 48 10 27 14 24 -49 40 12 -1 -10 -31 -21 -18 18 -41 42 28 -10 -38 23 -8 -38 28 -3 27 20 -31 39 -22 -14 20 -40 -38 43 -47 46 -4 -36 -26 -34 -4 -9 -31 -10 7 -44 -35 6 -7 -18 -2 -6 -24 -34 -3 39 -6 -30 -34 13 16 48 40 40 -22 27 -14 -49 34 44 ; 
91 94 92 74 69 98 72 34 49 96 33 57 49 41 23 4 92 73 74 36 30 74 88 73 6 57 75 72 53 33 38 39 56 19 78 68 34 78 65 29 72 86 26 32 4 86 17 26 22 65 98 53 87 15 74 29 45 85 89 56 12 79 23 5 12 80 78 90 63 23 6 70 75 83 55 71 49 29 83 93 35 89 49 51 34 32 25 68 83 43 59 78 39 47 99 86 16 69 61 33 18 97 14 37 49 37 85 29 70 71 46 42 63 51 85 6 29 27 80 31 89 96 42 17 60 60 84 96 2 70 18 79 26 99 72 6 86 37 68 51 49 64 12 54 50 49 41 56 10 59 89 88 94 71 43 58 10 16 74 58 39 15 41 43 66 90 52 8 48 79 72 58 85 71 37 43 75 63 99 23 51 18 32 14 4 35 77 91 28 86 75 93 100 78 88 8 23 81 88 4 60 ; 
L -18 50 -38 -46 38 47 -28 9 -48 -31 -20 10 -3 -47 44 -10 45 6 11 -49 -39 -8 -14 -28 -9 6 -31 -17 9 8 -16 -48 40 42 -46 -24 18 -5 27 -16 -25 43 10 37 42 47 -47 -7 -42 12 -8 -29 -48 11 7 35 -45 -22 -46 35 46 2 -13 4 3 42 28 -10 -20 -29 -29 -4 14 44 14 -6 -21 -1 -38 -38 -11 3 -41 24 -44 -10 -7 -49 11 14 -5 49 31 -9 -23 -4 -18 3 12 20 28 6 -30 -41 35 37 3 -33 29 -34 8 -46 18 -43 19 22 -2 34 -49 -14 -27 -10 -20 -15 -41 22 37 13 35 -44 -14 -6 17 4 -31 -1 -2 26 24 23 -3 -16 -21 -40 -38 -22 -8 39 -47 7 -31 20 44 40 40 29 -27 -37 26 -1 -27 2 49 36 -12 -49 -26 27 38 1 -40 1 27 -10 3 -37 -1 4 11 23 34 18 7 -28 -28 -3 -23 6 20 -2 -5 45 21 -29 -34 39 -1 19 34 44 ; 
10:10 34:34 15:15 71:71 43:43 4:4 4:4 72:72 40:40 49:49 37:37 57:57 61:61 109:109 54:54 25:25 68:68 39:39 31:31 17:17 143:143 26:26 28:28 117:117 7:7 116:116 101:101 36:36 70:70 144:144 54:54 22:22 13:13 47:47 106:106 100:100 27:27 141:141 2:2 107:107 69:69 138:138 60:60 62:62 118:118 45:45 42:42 31:31 56:56 129:129 43:43 59:59 27:27 29:29 28:28 76:76 24:24 15:15 5:5 74:74 32:32 28:28 5:5 19:19 37:37 26:26 41:41 56:56 30:30 68:68 34:34 78:78 55:55 57:57 51:51 120:120 83:83 86:86 32:32 52:52 85:85 50:50 27:27 36:36 37:37 76:76 53:53 54:54 90:90 107:107 41:41 23:23 28:28 111:111 45:45 26:26 68:68 47:47 71:71 72:72 29:29 98:98 81:81 22:22 83:83 23:23 31:31 76:76 71:71 20:20 54:54 47:47 100:100 77:77 24:24 50:50 97:97 87:87 67:67 53:53 99:99 26:26 117:117 74:74 69:69 17:17 103:103 57:57 6:6 106:106 88:88 65:65 88:88 15:15 31:31 31:31 53:53 60:60 48:48 8:8 44:44 30:30 59:59 53:53 41:41 79:79 157:157 98:98 11:11 64:64 60:60 149:149 49:49 34:34 73:73 77:77 50:50 73:73 36:36 58:58 7:7 109:109 3:3 22:22 67:67 91:91 9:9 20:20 14:14 26:26 48:48 78:78 27:27 20:20 38:38 27:27 60:60 26:26 71:71 16:16 12:12 54:54 23:23 71:71 23:23 75:75 102:102 16:16 48:48 26:26 90:90 15:15 75:75 48:48 42:42 120:120 45:45 49:49 32:32 4:4 60:60 ; 
L -46 -47 42 36 40 -39 -30 42 25 -38 47 17 -39 -17 29 -33 -15 6 8 -17 24 31 6 49 3 -33 -50 -25 -8 -8 25 14 40 21 -49 13 -1 -5 -28 12 -49 -20 32 31 -31 -23 -48 -49 19 33 37 11 10 20 -44 23 39 -1 35 -40 -37 -19 34 33 10 -25 -1 34 -18 -7 -42 47 -50 -28 8 -37 -27 -28 -39 14 -7 -43 13 22 25 -44 42 5 1 29 3 -49 -43 13 -24 46 -45 24 -29 5 -28 -29 15 49 -26 -45 -21 -24 -5 38 41 -48 -47 7 -38 -20 -22 23 -29 12 -36 50 -29 -25 19 48 -12 16 -2 -15 -2 34 -32 -50 -26 -19 9 -14 -23 45 -32 10 -45 -11 -32 26 43 -29 -14 29 -5 -21 -7 31 -9 -48 -12 -11 12 1 -12 50 -38 -5 -29 -16 12 38 -34 12 4 -24 10 22 -5 13 -44 17 -1 -31 -12 21 -15 -8 16 -20 -30 23 8 -7 -13 -44 2 -17 -27 -37 -17 7 -18 -16 ; 
19 75 57 69 17 46 3 37 66 71 25 50 17 76 66 96 89 40 96 28 61 82 91 93 32 49 41 12 68 48 70 54 40 50 43 96 64 67 23 75 5 63 35 48 54 76 2 75 1 78 21 79 56 8 86 85 97 51 49 10 67 62 94 19 22 18 89 16 17 1 62 22 19 21 68 38 5 92 49 95 3 92 48 51 11 68 38 13 51 54 89 16 73 97 3 41 81 18 78 27 85 61 46 93 60 61 8 8 14 97 51 74 99 38 91 43 67 52 23 18 2 34 45 75 3 79 64 90 38 43 57 32 64 90 47 44 60 99 48 57 59 57 84 3 7 1 8 7 91 74 88 8 61 3 51 86 15 77 48 24 26 24 85 19 35 63 66 19 40 100 27 54 18 60 88 11 22 56 1 9 10 46 37 86 4 2 9 35 71 37 46 46 70 63 40 21 45 30 79 11 61 ; 
L 8 8 -12 -21 -9 -15 -3 3 -44 17 -11 39 -33 -24 -50 37 25 -6 -31 1 9 47 -50 -45 -35 13 2 14 49 -49 12 -50 5 43 -31 -2 34 -40 32 -41 -42 19 -45 -34 12 -10 -24 -28 2 31 -20 32 -23 -21 -33 36 -48 -29 21 -49 -26 20 22 -23 -48 -8 -42 30 39 1 -27 33 10 49 7 -4 5 40 -5 47 17 -39 -17 50 27 37 44 -20 12 -24 29 -50 24 -13 5 -44 11 10 28 -1 -30 -29 19 1 49 37 -38 -12 22 20 38 -7 21 47 48 -31 29 -45 25 16 29 8 -7 -13 -43 25 45 18 -12 28 22 38 -23 -8 28 42 -29 12 17 5 -12 32 -16 -11 38 1 -14 -25 -23 -13 17 47 -19 -32 -14 24 -42 5 -36 25 -26 -5 29 -15 7 -43 -1 26 7 -10 -46 12 -29 14 16 29 -34 19 37 -13 -44 -48 -49 -46 -31 -23 39 -33 7 40 17 34 6 8 15 15 25 38 -18 -16 ; 
8:8 48:48 27:27 24:24 9:9 145:145 74:74 35:35 14:14 56:56 19:19 89:89 13:13 45:45 18:18 64:64 19:19 16:16 91:91 79:79 15:15 22:22 19:19 65:65 58:58 96:96 18:18 26:26 51:51 122:122 141:141 30:30 67:67 39:39 47:47 70:70 32:32 36:36 32:32 41:41 31:31 59:59 95:95 12:12 53:53 76:76 91:91 56:56 128:128 59:59 5:5 35:35 17:17 41:41 12:12 45:45 24:24 29:29 34:34 43:43 32:32 22:22 7:7 46:46 52:52 26:26 26:26 37:37 3:3 67:67 38:38 6:6 22:22 25:25 16:16 46:46 88:88 27:27 47:47 101:101 50:50 17:17 76:76 23:23 95:95 5:5 83:83 86:86 41:41 8:8 74:74 45:45 22:22 18:18 11:11 56:56 48:48 56:56 42:42 33:33 11:11 50:50 18:18 11:11 75:75 21:21 42:42 19:19 12:12 67:67 43:43 91:91 24:24 23:23 99:99 56:56 26:26 45:45 80:80 60:60 63:63 61:61 37:37 46:46 36:36 11:11 40:40 17:17 15:15 124:124 57:57 29:29 15:15 40:40 68:68 13:13 46:46 18:18 51:51 33:33 34:34 57:57 46:46 59:59 75:75 73:73 40:40 54:54 42:42 65:65 78:78 57:57 24:24 6:6 114:114 143:143 39:39 3:3 45:45 2:2 93:93 36:36 27:27 51:51 113:113 51:51 134:134 7:7 108:108 55:55 25:25 199:199 126:126 74:74 33:33 29:29 23:23 94:94 62:62 84:84 43:43 42:42 75:75 67:67 52:52 76:76 100:100 42:42 13:13 26:26 5:5 48:48 43:43 45:45 60:60 31:31 100:100 54:54 38:38 11:11 61:61 ; 
L 24 45 25 -33 38 18 -30 15 -30 35 -6 -38 -23 -49 -1 23 27 4 -32 -2 16 -14 -5 35 -47 50 -26 3 -23 22 -48 34 -12 -20 38 12 -9 43 1 41 -23 1 48 24 18 4 -47 -36 6 -46 -30 -3 27 3 36 38 14 -18 -12 24 -34 -19 48 -10 5 47 -6 -16 -47 -2 -33 -22 40 -14 -24 11 -11 22 -36 -15 24 9 3 18 17 -27 42 -40 -26 -17 43 -9 -4 -44 19 -16 -42 30 7 45 -30 43 -31 28 24 -22 44 26 -34 -16 29 27 -36 44 5 6 -20 11 -32 -39 17 -21 -29 45 28 48 -11 42 -27 33 35 3 -37 20 19 -15 40 -6 5 11 -19 2 3 49 -3 -33 10 -18 -32 2 -38 -41 -31 15 -34 47 -16 -12 -48 -36 -23 18 14 -31 -34 -25 -6 -36 49 -21 -48 -25 -46 -6 34 31 -17 -3 -14 -43 -27 -16 38 -15 -2 -35 10 2 3 -10 -32 40 39 25 9 44 23 -35 -23 7 ; 
39 47 5 29 45 2 74 30 1 97 38 99 27 30 36 43 45 99 43 92 59 53 66 24 96 55 83 32 24 37 93 85 74 15 70 41 6 59 98 47 8 92 63 26 8 67 1 87 93 89 19 54 97 52 73 20 81 42 45 54 43 1 40 38 85 41 49 77 7 94 20 38 95 22 65 67 34 21 82 55 46 72 2 16 19 87 22 24 41 46 44 44 57 37 78 77 14 7 5 55 8 9 3 14 24 43 97 18 55 95 68 35 81 26 82 13 22 75 52 1 7 85 48 62 27 22 49 85 44 21 87 30 14 22 88 7 80 21 27 39 43 81 8 21 14 75 98 62 18 9 13 81 10 87 92 28 90 2 38 79 81 12 37 15 28 58 75 54 83 35 34 72 66 73 60 83 24 37 18 83 90 89 9 44 34 94 33 13 19 52 100 74 100 94 32 63 11 30 10 60 86 ; 
L 24 -29 4 2 -38 3 6 20 25 39 -23 -5 28 -15 40 -19 4 29 30 -11 -27 36 22 -45 3 45 47 -16 18 -16 30 1 -18 -3 16 -12 -26 -44 -24 32 22 1 11 48 24 18 6 -40 35 34 -39 21 41 -33 27 23 -36 -2 -16 10 -34 -42 -24 -35 46 -6 14 34 -42 17 30 18 25 -34 17 26 19 -16 16 14 6 3 45 -40 20 49 -3 5 11 25 41 -47 14 17 15 -38 43 15 -19 -20 37 21 -5 36 43 -17 -23 38 31 40 -14 49 35 38 2 -7 -6 47 -36 -19 -28 31 15 -48 -11 -27 -23 24 -35 -23 27 -31 -34 48 -12 48 -43 -9 -10 -9 -24 -18 33 3 2 -47 -34 -38 -47 -5 36 25 9 -48 26 -50 -42 3 30 6 48 -32 3 -15 -22 3 -2 32 36 -27 10 33 35 4 43 -44 9 12 -23 31 44 12 18 -14 -33 32 -1 49 -44 46 2 -10 -27 -6 -22 11 -30 38 -23 7 ; 
39:39 22:22 47:47 24:24 13:13 86:86 43:43 31:31 40:40 84:84 23:23 81:81 33:33 56:56 13:13 46:46 36:36 50:50 11:11 42:42 150:150 72:72 6:6 20:20 43:43 34:34 32:32 90:90 12:12 117:117 91:91 13:13 35:35 62:62 23:23 55:55 50:50 18:18 107:107 64:64 48:48 7:7 107:107 64:64 26:26 8:8 23:23 21:21 46:46 142:142 6:6 13:13 69:69 28:28 21:21 37:37 80:80 60:60 20:20 76:76 43:43 10:10 62:62 35:35 42:42 89:89 41:41 81:81 80:80 115:115 49:49 76:76 40:40 89:89 113:113 46:46 31:31 124:124 57:57 41:41 9:9 23:23 68:68 23:23 41:41 41:41 17:17 12:12 39:39 14:14 32:32 41:41 38:38 43:43 12:12 44:44 32:32 75:75 7:7 88:88 22:22 8:8 74:74 4:4 30:30 103:103 64:64 20:20 86:86 19:19 22:22 38:38 22:22 77:77 71:71 19:19 20:20 44:44 7:7 20:20 55:55 14:14 34:34 87:87 10:10 43:43 52:52 67:67 32:32 82:82 53:53 71:71 93:93 67:67 79:79 43:43 46:46 9:9 54:54 35:35 72:72 24:24 30:30 75:75 32:32 25:25 114:114 4:4 96:96 72:72 91:91 80:80 10:10 97:97 0:0 83:83 85:85 8:8 54:54 4:4 13:13 57:57 18:18 4:4 29:29 55:55 37:37 41:41 103:103 81:81 57:57 99:99 90:90 44:44 10:10 52:52 36:36 36:36 21:21 47:47 78:78 50:50 45:45 42:42 63:63 52:52 42:42 105:105 37:37 44:44 44:44 1:1 90:90 29:29 22:22 57:57 22:22 13:13 133:133 60:60 86:86 ; 
L -2 47 -18 -24 31 11 11 15 49 44 41 25 -30 -48 1 -19 -28 50 -45 -26 -22 -46 -49 -3 -10 27 -29 8 9 -8 -8 -25 -11 4 22 -25 -46 1 -25 -43 -16 31 10 34 -38 -33 -41 18 -39 37 -15 -46 31 20 -42 -29 -50 42 -42 18 26 -49 -37 44 29 -11 6 -27 45 34 -34 -45 11 20 -12 19 40 5 -21 42 11 -5 -14 32 -41 8 -21 5 33 30 35 -26 5 -3 23 6 22 25 31 1 -29 -20 -45 20 -9 39 45 46 -31 33 -1 1 -42 31 30 50 9 18 -33 -27 -37 23 -17 -19 -44 27 31 49 44 -48 44 -31 24 43 -30 36 45 -10 37 32 -7 -7 47 17 -50 -45 28 2 -40 24 23 42 14 -11 9 48 47 16 -46 39 34 44 -22 46 13 32 -23 45 -38 -3 23 2 33 17 11 38 -42 5 19 3 44 -39 21 -9 -38 -13 -1 25 -8 42 31 15 -49 23 -39 8 19 -26 5 16 ; 
34 78 99 85 49 69 63 9 48 23 99 81 17 80 26 95 21 1 35 53 58 38 68 48 8 80 66 11 34 70 45 50 26 89 54 31 82 41 89 3 4 26 10 92 2 57 13 20 76 76 64 9 98 20 49 93 80 68 82 9 75 93 79 74 100 63 69 75 85 71 88 86 4 50 48 64 67 57 34 87 26 22 55 76 4 71 87 88 16 31 20 3 44 37 47 89 25 61 64 15 98 28 89 14 47 49 94 38 14 20 96 1 99 11 61 31 61 11 41 75 32 50 29 53 22 80 65 17 43 34 13 53 50 64 16 37 41 64 15 21 3 38 6 69 91 1 57 45 98 24 88 100 24 9 25 27 4 6 91 2 76 60 80 82 28 55 89 46 57 72 93 52 48 23 45 10 11 61 90 49 99 42 3 29 14 22 72 30 78 40 16 27 61 22 93 46 32 62 68 16 13 ; 
L 22 -25 -45 -2 -23 -30 8 -9 -8 -42 21 -18 -6 -23 28 3 -5 26 -35 5 -11 -33 26 -49 -1 -20 19 -26 -42 -37 -18 34 -42 -14 -45 -22 -34 -45 23 -39 50 -9 -27 6 10 -9 -50 42 33 11 39 -31 30 -48 1 29 3 40 -2 11 34 45 50 -46 33 30 -14 32 -34 15 -42 45 -25 -19 -2 44 46 -1 1 -13 39 -42 38 20 -46 30 26 -46 22 -44 24 27 24 -37 31 15 49 11 -18 -17 -47 -11 -11 4 49 46 -21 5 -29 -49 42 23 -38 24 -10 37 31 -41 25 -27 11 19 -47 7 47 31 -16 40 -44 8 -28 18 -25 -20 -23 -31 -1 -8 39 29 -44 25 48 -41 -44 -31 -46 -43 -38 -16 31 -48 -9 27 -44 33 -49 -36 8 -25 45 -12 22 10 -5 17 -44 21 -3 -8 -45 41 45 -38 -3 -15 5 43 19 13 -29 -17 -42 50 19 -39 -1 32 -7 -32 23 31 -9 37 -33 -20 11 31 5 16 ; 
10:10 31:31 32:32 66:66 52:52 94:94 36:36 70:70 34:34 28:28 87:87 16:16 12:12 89:89 57:57 87:87 37:37 44:44 3:3 32:32 22:22 42:42 24:24 93:93 58:58 42:42 77:77 87:87 30:30 73:73 59:59 39:39 12:12 126:126 52:52 95:95 54:54 86:86 27:27 93:93 97:97 88:88 37:37 21:21 86:86 7:7 61:61 36:36 79:79 45:45 17:17 13:13 83:83 80:80 26:26 75:75 109:109 30:30 98:98 12:12 47:47 7:7 1:1 116:116 55:55 31:31 43:43 76:76 13:13 37:37 20:20 90:90 73:73 22:22 46:46 72:72 39:39 48:48 22:22 8:8 126:126 9:9 37:37 11:11 33:33 40:40 43:43 29:29 82:82 80:80 81:81 127:127 53:53 45:45 48:48 9:9 48:48 21:21 20:20 19:19 69:69 6:6 8:8 89:89 39:39 68:68 96:96 88:88 80:80 56:56 83:83 14:14 42:42 55:55 25:25 15:15 34:34 37:37 81:81 100:100 77:77 82:82 53:53 12:12 68:68 10:10 33:33 20:20 84:84 32:32 23:23 22:22 86:86 8:8 46:46 62:62 47:47 16:16 12:12 58:58 53:53 67:67 31:31 83:83 99:99 46:46 44:44 96:96 3:3 47:47 26:26 49:49 27:27 30:30 7:7 72:72 29:29 35:35 84:84 78:78 36:36 6:6 26:26 21:21 89:89 93:93 32:32 51:51 75:75 2:2 72:72 26:26 54:54 57:57 72:72 113:113 11:11 40:40 24:24 61:61 57:57 42:42 13:13 13:13 14:14 76:76 79:79 20:20 3:3 89:89 70:70 36:36 40:40 27:27 30:30 81:81 47:47 104:104 43:43 16:16 13:13 ; 
L -17 -7 -33 30 -12 -2 23 -31 4 -1 45 31 -3 25 7 -34 22 41 -38 -29 29 38 -41 -48 3 1 30 -3 25 -11 43 -16 50 43 -49 -44 20 48 -31 35 -16 -23 -18 21 -16 -6 2 -35 12 50 -26 45 50 50 20 -41 33 25 -36 23 -44 14 -36 22 15 17 34 -38 11 8 47 -20 24 40 41 43 -41 -21 -36 8 -23 5 40 -50 45 -33 -24 -44 38 46 37 -43 -36 -39 -27 -7 -11 16 6 4 -10 31 15 34 29 26 46 -49 -36 16 -36 24 -31 -45 27 -1 -50 6 46 12 -7 27 -22 22 2 36 10 -24 36 -39 -34 -5 -4 25 20 22 39 -23 12 -12 42 -46 32 -45 16 -6 8 50 1 5 25 37 -42 23 -20 47 -48 -43 5 30 46 3 36 -16 30 21 8 27 -38 -39 10 22 -28 37 -42 -41 14 2 50 -31 -50 -30 38 -19 33 8 -45 2 7 41 38 23 -38 -45 7 -28 -17 8 43 -10 ; 
63 76 22 91 12 90 44 32 18 45 74 62 93 83 61 26 9 44 89 21 83 47 92 56 21 23 52 54 38 34 25 48 43 90 34 35 80 34 16 36 63 29 54 30 84 36 78 36 39 83 12 78 45 30 39 23 35 27 27 2 56 32 83 31 2 12 63 10 33 19 83 89 38 6 90 28 49 28 78 72 100 21 57 79 54 44 23 62 19 42 46 54 83 27 58 59 43 19 10 82 28 56 41 19 58 50 4 31 29 38 92 90 69 84 100 15 78 30 84 68 68 11 42 97 35 76 90 47 46 58 70 4 94 93 68 11 90 11 19 94 78 24 63 77 29 23 85 88 29 38 50 77 84 79 29 1 56 3 4 14 24 4 72 56 49 51 95 81 73 58 27 87 92 16 7 13 17 23 23 39 42 31 10 84 79 52 22 18 13 69 39 63 73 30 60 99 66 48 78 51 69 ; 
L -17 -7 41 12 -12 -3 27 10 40 16 -41 -21 -6 -38 -25 -7 -34 -11 37 -17 50 38 23 34 -30 -38 44 -25 -31 45 -23 -31 -20 5 -20 -22 -42 -47 45 -4 12 -50 -36 16 7 -35 1 24 -48 3 1 -36 -20 7 -27 42 -2 -49 -43 21 -31 8 34 23 28 27 6 1 -31 44 -14 45 22 -36 -26 34 -40 3 18 -42 -41 14 2 33 -31 -36 8 -23 39 -30 -8 15 2 39 -29 41 20 -2 -21 43 4 47 -48 -36 39 -33 45 -23 17 -41 23 -46 32 -10 -37 16 -38 30 -22 -38 -12 23 -44 28 27 15 -10 -49 -36 -8 -8 -7 50 -6 -24 36 -39 -5 30 -29 -46 33 8 -38 -31 11 12 -5 43 22 -5 -4 -16 -16 -50 -46 16 19 -7 50 43 41 36 -22 45 -45 -30 -25 22 -3 25 20 2 -29 -50 -25 -6 38 -38 36 50 24 -41 46 16 -43 33 -48 1 -50 24 -45 -35 26 -50 11 46 37 43 -10 ; 
63:63 76:76 23:23 15:15 94:94 36:36 97:97 101:101 11:11 28:28 52:52 28:28 70:70 58:58 67:67 91:91 8:8 30:30 68:68 60:60 17:17 38:38 63:63 60:60 48:48 74:74 19:19 54:54 10:10 53:53 65:65 71:71 26:26 82:82 36:36 108:108 68:68 141:141 96:96 63:63 20:20 30:30 80:80 38:38 34:34 70:70 136:136 11:11 65:65 21:21 23:23 37:37 55:55 14:14 40:40 181:181 23:23 21:21 18:18 65:65 91:91 82:82 38:38 55:55 61:61 57:57 52:52 27:27 58:58 35:35 94:94 29:29 126:126 31:31 21:21 5:5 7:7 47:47 30:30 57:57 13:13 17:17 14:14 151:151 52:52 68:68 72:72 100:100 29:29 36:36 36:36 28:28 80:80 46:46 5:5 60:60 41:41 49:49 14:14 50:50 26:26 81:81 56:56 6:6 21:21 25:25 25:25 66:66 56:56 21:21 47:47 38:38 63:63 42:42 34:34 22:22 59:59 10:10 85:85 14:14 77:77 40:40 56:56 98:98 80:80 16:16 4:4 43:43 35:35 46:46 63:63 7:7 42:42 61:61 20:20 46:46 58:58 7:7 7:7 73:73 24:24 47:47 52:52 22:22 65:65 44:44 10:10 101:101 4:4 41:41 29:29 94:94 9:9 4:4 55:55 3:3 46:46 67:67 44:44 50:50 20:20 71:71 83:83 78:78 14:14 55:55 29:29 29:29 37:37 69:69 146:146 68:68 11:11 72:72 104:104 71:71 51:51 55:55 55:55 24:24 74:74 88:88 17:17 42:42 23:23 49:49 74:74 33:33 45:45 61:61 27:27 59:59 98:98 32:32 21:21 4:4 59:59 36:36 47:47 51:51 69:69 ; 
L 14 49 44 -6 -6 20 -48 8 -45 -18 9 -3 -15 -34 -10 -37 -41 -35 46 -29 -19 42 -44 -15 46 -32 7 30 -33 40 -50 -17 -28 22 -28 38 24 -44 7 -48 -1 -18 25 1 5 43 -33 -3 41 -37 9 35 11 12 45 -37 15 -17 -21 -19 -34 -48 -33 26 -6 12 33 18 18 1 -20 26 31 49 -5 50 -1 -29 -11 -24 -9 -31 26 20 35 36 -11 -47 -11 -45 6 43 -32 48 49 -25 19 10 41 17 -6 -28 35 -48 -27 10 -39 -21 -33 20 33 47 -46 -22 29 4 16 32 45 43 -45 -1 -21 -28 40 -25 27 -12 -16 28 39 -46 6 -38 39 48 26 18 7 -9 43 -39 -17 -48 33 -30 -42 -1 28 -15 -18 -36 44 -46 -17 18 -46 -26 -25 21 -22 11 -23 -7 41 25 -45 -31 11 -13 16 16 4 -20 -37 -11 -13 -32 48 4 -40 -8 46 16 -47 19 -9 32 41 -41 32 20 10 20 23 35 -29 -8 27 30 ; 
100 47 29 98 69 91 86 20 11 18 91 78 25 70 46 16 96 97 4 85 20 4 33 39 15 76 12 11 45 12 6 20 11 50 95 92 83 67 65 48 12 50 23 7 91 60 56 80 43 64 33 62 6 36 28 19 19 68 35 86 19 72 70 95 95 71 55 78 33 22 64 94 28 21 19 18 83 9 64 49 56 6 47 67 90 28 14 23 94 22 76 94 79 41 92 55 18 64 31 46 46 55 90 53 67 94 72 84 17 29 84 11 88 59 13 8 79 66 67 17 51 11 7 100 25 29 98 62 34 1 29 27 58 48 23 65 41 81 7 25 83 87 84 68 73 75 34 13 61 34 35 50 68 80 48 62 19 100 28 26 29 42 49 13 84 32 52 74 31 98 91 41 45 24 92 9 58 32 33 63 77 83 33 80 56 48 11 59 75 50 58 66 46 6 53 64 88 67 97 87 92 ; 
L 14 49 -9 -5 -16 -46 22 -28 -46 -48 -46 45 41 1 -50 31 7 -10 -42 -1 -18 -33 -1 28 15 22 46 -47 -49 32 11 20 35 -37 6 6 -44 -9 -26 -25 21 50 -40 33 33 -30 -42 -28 48 5 -21 -20 -16 41 35 -4 -29 -31 -33 -27 -45 9 -29 -20 -43 -20 -12 -11 8 -6 46 29 -20 26 -37 -49 -25 32 33 -23 -16 -40 35 15 18 48 -13 31 -45 -11 28 -4 -18 10 -39 -21 -33 19 -7 44 -9 18 35 24 48 36 45 32 -22 -46 -36 -48 43 -16 -47 19 25 1 -24 -1 -38 -29 45 9 -32 -19 48 10 34 17 -28 25 11 -26 20 -45 -6 33 11 -3 26 -17 -11 -28 -18 43 -39 -7 -30 -13 -6 21 -43 39 41 44 -10 -48 16 12 39 34 19 44 -46 -18 -20 4 -37 -41 -41 17 48 -11 7 23 32 17 -27 8 26 -32 -12 -15 17 -15 38 -6 -41 3 37 -40 18 1 -25 -8 -35 47 27 30 ; 
100:100 47:47 41:41 42:42 91:91 80:80 37:37 95:95 72:72 43:43 53:53 43:43 60:60 11:11 83:83 41:41 137:137 7:7 69:69 47:47 22:22 38:38 45:45 61:61 23:23 69:69 59:59 88:88 59:59 30:30 41:41 24:24 90:90 86:86 60:60 69:69 98:98 15:15 57:57 28:28 26:26 4:4 6:6 12:12 98:98 75:75 15:15 20:20 16:16 16:16 85:85 60:60 47:47 45:45 107:107 84:84 8:8 13:13 68:68 46:46 98:98 19:19 85:85 10:10 14:14 18:18 32:32 36:36 27:27 54:54 90:90 76:76 20:20 52:52 40:40 24:24 118:118 35:35 21:21 40:40 28:28 87:87 10:10 77:77 20:20 78:78 84:84 37:37 23:23 80:80 82:82 7:7 30:30 62:62 72:72 84:84 17:17 57:57 8:8 65:65 57:57 91:91 25:25 69:69 32:32 52:52 7:7 40:40 27:27 13:13 148:148 116:116 16:16 59:59 84:84 75:75 62:62 7:7 23:23 43:43 58:58 105:105 12:12 9:9 43:43 64:64 43:43 28:28 46:46 130:130 80:80 100:100 63:63 17:17 94:94 76:76 21:21 68:68 71:71 69:69 39:39 62:62 28:28 66:66 13:13 108:108 87:87 2:2 84:84 39:39 33:33 44:44 103:103 78:78 36:36 107:107 33:33 23:23 71:71 34:34 30:30 5:5 19:19 18:18 80:80 61:61 70:70 25:25 21:21 54:54 68:68 48:48 77:77 28:28 23:23 18:18 43:43 39:39 26:26 72:72 122:122 53:53 16:16 14:14 34:34 68:68 13:13 48:48 52:52 43:43 30:30 90:90 63:63 50:50 46:46 28:28 74:74 39:39 49:49 87:87 92:92 ; 
L -18 11 -46 -11 -25 -12 -47 48 39 23 34 24 45 -28 -4 -9 -33 37 -42 -29 32 14 28 -1 24 -26 -42 -36 1 -39 3 -7 6 34 13 5 18 -48 23 21 12 2 -40 43 10 -47 -1 -19 10 32 -34 -44 43 -16 42 25 29 -2 -8 -24 -23 48 -45 -49 -46 22 22 44 -22 1 8 -17 22 16 28 15 -30 23 -21 4 19 -12 34 9 25 4 -41 42 -9 44 7 -9 -44 30 36 50 -10 -37 26 -20 9 -7 40 -42 46 -38 50 43 -25 -37 6 6 -1 -7 -22 -37 27 14 -42 -14 47 10 -44 39 -7 8 -32 45 -23 43 17 -4 10 29 -27 -17 43 -34 -27 -33 37 49 36 25 -7 -7 -10 -5 16 -41 6 31 -23 -25 42 -10 -44 36 50 5 7 -46 -25 -14 41 12 3 -49 -26 33 -44 2 -11 -25 1 9 -16 -25 45 -7 -39 -12 -44 -33 20 -5 -6 6 9 -41 35 -42 43 40 -16 40 32 37 -37 30 ; 
88 31 86 59 86 8 3 71 39 2 93 46 87 84 43 25 75 97 86 30 1 19 26 8 49 61 50 58 25 9 31 41 10 52 94 25 50 53 11 2 12 24 52 51 7 98 16 19 73 72 21 51 6 6 42 50 61 15 38 23 81 6 73 64 45 14 74 94 8 65 42 97 94 84 30 17 74 44 84 1 71 85 31 82 83 8 10 73 28 6 34 26 85 96 40 20 59 88 63 24 26 100 12 76 90 94 56 78 16 13 68 67 37 47 28 100 85 16 23 56 83 64 16 92 80 40 8 63 90 57 34 42 67 82 66 87 65 87 19 82 27 81 98 1 54 95 77 16 18 68 91 59 9 82 28 84 24 70 70 100 40 55 52 54 58 77 92 31 30 18 10 41 72 89 81 5 11 22 49 37 97 68 31 57 3 47 32 83 8 65 7 15 31 23 56 15 40 51 69 62 48 ; 
L 49 23 40 -17 -7 39 3 37 -6 -21 -2 -8 -17 -16 -6 37 25 -43 -50 -24 -38 -50 -36 -18 47 29 46 32 -26 10 -7 1 19 7 50 -37 -48 -44 -6 17 -34 -20 25 6 45 42 28 25 12 22 47 -10 -7 14 -42 -14 29 34 -10 -39 -39 43 39 -9 36 25 47 10 15 46 -4 20 40 -1 27 -44 16 44 -7 42 12 -28 -4 -9 -1 25 -41 13 26 11 -34 -27 40 29 28 -22 -49 33 -46 -42 25 23 -33 -44 4 -24 12 -14 35 -30 5 -23 40 22 -42 48 3 7 -45 -16 -31 -32 -42 -36 43 2 -36 -10 16 23 12 -44 -43 12 -4 -23 25 -33 -5 9 -42 26 9 11 -7 -37 27 -9 22 -30 44 -41 -1 -32 8 44 -7 19 34 -22 -8 42 14 16 44 2 9 33 25 11 25 -24 -45 -10 41 7 -32 43 -1 -43 9 -6 34 -21 -23 48 -18 -5 -10 6 -37 37 -1 46 49 45 -41 5 -37 30 ; 
67:67 3:3 38:38 60:60 41:41 5:5 43:43 44:44 69:69 69:69 86:86 38:38 63:63 100:100 37:37 68:68 13:13 16:16 78:78 86:86 151:151 83:83 70:70 52:52 16:16 77:77 82:82 20:20 8:8 29:29 74:74 32:32 66:66 75:75 75:75 47:47 8:8 42:42 33:33 81:81 101:101 83:83 60:60 58:58 59:59 125:125 36:36 31:31 58:58 113:113 41:41 98:98 71:71 11:11 23:23 56:56 11:11 49:49 104:104 140:140 82:82 48:48 119:119 7:7 25:25 1:1 11:11 64:64 60:60 55:55 34:34 12:12 32:32 31:31 47:47 32:32 76:76 27:27 43:43 13:13 82:82 30:30 43:43 25:25 28:28 81:81 54:54 14:14 36:36 34:34 85:85 19:19 32:32 29:29 35:35 60:60 27:27 79:79 110:110 81:81 25:25 27:27 71:71 27:27 57:57 15:15 7:7 71:71 24:24 61:61 23:23 46:46 16:16 58:58 104:104 38:38 79:79 131:131 37:37 20:20 76:76 42:42 111:111 58:58 25:25 59:59 64:64 191:191 2:2 27:27 0:0 19:19 77:77 32:32 38:38 71:71 25:25 102:102 17:17 19:19 54:54 4:4 138:138 27:27 59:59 66:66 85:85 16:16 34:34 14:14 96:96 48:48 102:102 48:48 45:45 62:62 47:47 120:120 95:95 26:26 23:23 13:13 38:38 79:79 42:42 17:17 28:28 44:44 10:10 86:86 46:46 2:2 57:57 12:12 21:21 24:24 31:31 50:50 19:19 60:60 6:6 34:34 10:10 9:9 2:2 11:11 53:53 50:50 59:59 33:33 45:45 62:62 58:58 31:31 45:45 64:64 31:31 44:44 37:37 62:62 48:48 ; 
L -7 47 8 30 27 -38 27 -47 -1 -12 32 16 22 49 -23 -35 18 27 8 11 13 41 -12 22 -35 1 -32 -3 43 17 16 7 -36 44 -37 -19 -4 24 38 -13 37 -18 44 21 40 -2 13 -10 -30 21 -33 -44 -46 -44 -47 -21 22 -2 8 -14 -34 9 -6 20 35 38 39 -43 -30 -48 -47 -14 -17 -26 -34 -37 18 26 -12 34 18 -4 -13 -21 -30 13 5 31 -8 -10 19 -39 44 -50 31 29 11 30 13 38 -41 -47 31 36 -19 -37 -30 30 -10 -44 39 8 -32 -14 5 32 -21 23 -8 44 -16 -9 14 -13 32 36 -43 13 -5 -43 40 -13 45 20 -3 17 39 -21 -35 4 29 20 41 -9 -20 50 -49 28 29 -44 -23 25 -18 36 32 -48 -38 27 -39 42 18 49 17 -5 34 -27 43 48 -16 11 36 -4 48 -6 50 -47 28 -21 22 23 -15 -1 42 -4 46 -1 -1 -50 12 18 17 -36 -25 -37 13 -29 4 19 -12 -37 ; 
85 89 66 66 87 95 87 31 72 73 6 72 70 94 68 97 93 36 68 9 61 42 80 62 88 53 19 42 58 65 42 69 17 96 22 91 63 81 64 87 16 4 64 47 27 44 51 35 95 49 71 62 14 59 62 40 52 48 95 3 1 1 95 39 74 22 86 80 73 76 40 15 29 12 34 45 53 49 17 72 88 99 51 29 50 49 94 58 3 57 11 21 17 82 44 38 89 38 18 14 54 92 86 69 60 17 86 84 73 99 56 100 89 6 92 55 98 70 27 5 86 70 17 92 20 66 88 20 27 4 62 19 61 50 50 74 61 89 59 21 5 45 99 18 27 66 38 43 90 63 15 84 13 30 81 26 55 9 77 95 38 2 87 28 66 71 38 29 77 36 3 74 37 18 92 37 97 24 76 87 88 99 46 3 90 8 50 10 97 71 53 56 18 86 93 31 32 72 12 30 59 ; 
L -7 47 -13 -36 44 13 6 39 -1 21 -30 -4 -49 8 30 23 -15 -1 35 -22 -9 -34 12 -26 -18 37 -40 -37 50 -11 -8 -27 -1 29 8 -23 -3 18 27 -36 39 -18 -13 14 -25 -38 -35 34 -21 20 -38 27 48 -21 5 -3 43 48 -50 19 27 -47 -1 28 -47 -44 19 -36 30 10 -18 46 18 10 -16 -19 32 -8 -16 42 -4 22 39 -34 12 -17 32 36 -5 -46 16 -44 -4 41 -17 10 -43 23 25 -30 -43 4 -31 2 9 -45 30 47 37 -50 20 -17 44 44 -47 11 36 -6 50 -8 20 -39 7 -14 27 -38 -35 -44 -17 -32 -20 34 -8 -5 18 -31 22 -2 -4 32 -31 -23 -29 -29 -14 21 -36 38 -41 19 -48 30 1 9 5 -39 13 -47 28 -21 22 -21 -30 44 21 40 -16 48 -32 18 13 42 -49 12 -41 -13 26 17 14 -13 -44 -33 13 4 -49 37 -37 13 43 12 -29 11 24 38 13 32 -35 -43 -12 -37 ; 
85:85 89:89 42:42 79:79 39:39 67:67 38:38 4:4 177:177 22:22 50:50 77:77 52:52 44:44 66:66 85:85 88:88 16:16 53:53 58:58 73:73 3:3 72:72 17:17 49:49 53:53 48:48 30:30 75:75 66:66 9:9 129:129 26:26 12:12 64:64 27:27 58:58 58:58 36:36 13:13 115:115 82:82 19:19 16:16 71:71 43:43 22:22 37:37 102:102 87:87 49:49 9:9 27:27 81:81 17:17 62:62 139:139 29:29 43:43 26:26 62:62 31:31 72:72 173:173 58:58 114:114 40:40 60:60 24:24 30:30 15:15 15:15 95:95 132:132 67:67 32:32 49:49 164:164 196:196 29:29 33:33 1:1 69:69 3:3 75:75 37:37 97:97 66:66 84:84 21:21 54:54 35:35 58:58 123:123 62:62 69:69 36:36 59:59 74:74 33:33 35:35 63:63 65:65 85:85 101:101 117:117 20:20 18:18 39:39 44:44 32:32 68:68 9:9 131:131 35:35 76:76 59:59 48:48 92:92 30:30 56:56 17:17 89:89 15:15 38:38 95:95 27:27 50:50 9:9 111:111 17:17 37:37 24:24 115:115 121:121 115:115 50:50 78:78 53:53 44:44 62:62 55:55 18:18 33:33 39:39 83:83 8:8 72:72 54:54 20:20 45:45 79:79 60:60 67:67 57:57 52:52 6:6 69:69 97:97 24:24 76:76 72:72 50:50 30:30 86:86 27:27 73:73 69:69 26:26 61:61 65:65 85:85 31:31 61:61 80:80 42:42 18:18 12:12 29:29 12:12 30:30 40:40 24:24 63:63 97:97 4:4 2:2 16:16 11:11 8:8 74:74 59:59 21:21 64:64 28:28 8:8 54:54 12:12 12:12 30:30 59:59 ; 
L -6 10 16 35 11 -49 -17 -5 13 -48 -47 28 12 -44 -12 -34 -48 -36 -21 5 -50 12 27 25 41 -14 32 10 42 -23 8 15 -29 -11 37 -29 30 18 15 17 -32 -46 8 31 30 10 37 11 41 22 14 18 26 40 -34 17 7 -15 -2 -20 27 -48 -3 45 -48 9 -36 -4 22 15 33 38 -11 38 -9 15 -40 11 40 -27 32 31 -19 -16 -39 47 -34 5 15 50 30 28 -7 7 40 38 -1 -13 11 47 -43 -3 -10 -22 -41 -23 32 26 32 38 49 4 16 4 6 48 -31 -11 43 -47 -14 32 -40 -4 -47 12 -49 -33 -40 43 48 24 -17 35 -16 -2 24 -40 -50 6 -3 27 38 -18 16 14 -38 19 -8 19 6 19 15 22 -18 -47 -20 -50 17 10 -11 25 39 -13 17 40 1 3 13 30 -27 5 -39 -39 11 -31 31 -26 23 -50 21 -18 -37 -12 10 32 46 -19 35 48 47 3 -43 47 -26 -45 -24 -45 -32 50 ; 
99 56 28 10 1 61 72 51 76 77 27 71 84 41 3 15 55 2 28 66 14 63 68 62 90 63 83 84 79 58 9 44 13 45 74 57 22 97 72 64 93 80 48 25 67 92 47 70 64 19 36 58 79 78 49 66 28 30 47 71 33 31 40 34 6 58 82 99 78 85 25 100 58 30 85 56 29 48 39 81 87 78 37 29 78 51 47 91 85 37 14 79 58 65 23 10 99 21 49 81 31 58 90 78 10 19 47 1 97 39 30 88 76 22 97 42 71 83 16 68 57 62 9 47 81 47 5 32 45 34 43 82 38 33 90 95 79 2 85 13 63 15 93 25 28 18 56 46 37 59 59 35 64 65 5 36 18 61 12 12 28 28 9 61 99 40 96 74 33 69 21 72 81 42 63 33 32 62 75 88 20 94 7 10 86 47 99 78 51 48 94 18 73 78 67 75 19 65 69 87 78 ; 
L -6 10 16 15 -11 39 -15 46 -46 -16 -40 25 -35 21 -40 -31 -17 34 -11 11 -27 2 16 8 15 -16 14 -48 49 -6 3 -4 31 17 45 34 -8 19 11 19 -9 32 28 38 -1 -10 -43 -13 -3 45 27 9 30 -7 -22 -41 22 10 -47 -20 50 38 39 -13 26 10 -33 35 12 32 -40 -2 -20 38 -40 -19 8 40 33 -4 -11 -17 22 -32 32 -6 -23 -14 -11 18 -16 -34 11 -49 -17 -5 13 -48 -47 -26 -6 50 40 40 10 11 -10 13 30 -39 -48 -18 26 -48 -43 32 29 -15 -19 48 24 -50 -15 -5 -17 -47 44 -27 35 -18 15 -22 -4 7 37 11 7 -28 12 37 18 23 -36 -14 26 -3 -38 49 4 12 -48 -3 -32 24 38 43 36 -3 -40 14 -47 5 41 -15 -50 31 30 19 48 -23 -41 -25 -27 45 -50 32 37 -30 29 -5 27 12 31 -1 21 47 39 -47 12 47 17 38 -42 43 -24 -47 -18 -31 -32 50 ; 
99:99 56:56 28:28 64:64 27:27 63:63 51:51 44:44 27:27 62:62 30:30 115:115 20:20 56:56 75:75 74:74 3:3 66:66 63:63 63:63 3:3 79:79 95:95 14:14 44:44 61:61 14:14 94:94 81:81 47:47 107:107 117:117 52:52 42:42 101:101 61:61 118:118 59:59 102:102 10:10 44:44 36:36 40:40 139:139 76:76 63:63 69:69 19:19 12:12 34:34 15:15 65:65 24:24 96:96 111:111 10:10 66:66 53:53 42:42 18:18 69:69 7:7 62:62 61:61 68:68 36:36 69:69 111:111 46:46 13:13 93:93 70:70 71:71 59:59 24:24 22:22 77:77 47:47 45:45 84:84 12:12 42:42 35:35 2:2 91:91 48:48 38:38 66:66 70:70 53:53 17:17 32:32 17:17 61:61 72:72 51:51 76:76 77:77 27:27 63:63 34:34 13:13 85:85 4:4 90:90 80:80 179:179 5:5 69:69 70:70 101:101 83:83 46:46 23:23 28:28 61:61 125:125 8:8 64:64 15:15 82:82 1:1 37:37 85:85 27:27 33:33 48:48 37:37 3:3 46:46 101:101 2:2 85:85 49:49 39:39 70:70 101:101 58:58 53:53 10:10 7:7 14:14 15:15 31:31 83:83 76:76 30:30 21:21 88:88 28:28 1:1 26:26 31:31 40:40 74:74 12:12 94:94 3:3 86:86 84:84 108:108 67:67 30:30 57:57 81:81 21:21 23:23 71:71 71:71 23:23 19:19 90:90 62:62 62:62 36:36 38:38 62:62 67:67 22:22 42:42 72:72 56:56 82:82 28:28 52:52 119:119 24:24 95:95 47:47 89:89 12:12 34:34 16:16 57:57 45:45 8:8 14:14 68:68 33:33 87:87 78:78 ; 
L -3 8 46 -14 -41 -20 44 48 21 -41 -50 2 -46 -37 -18 28 12 35 29 -38 -9 -39 30 11 20 -39 42 -49 -17 -39 -26 -7 -21 -15 -44 19 -15 23 11 35 18 -30 44 33 28 -25 -17 -5 28 -8 -39 11 -3 -42 -39 14 -43 31 -16 30 26 -9 26 37 -47 20 -1 49 21 -39 34 -18 -7 -38 19 28 -21 -44 -27 -13 50 27 20 35 30 -23 41 -10 -39 47 -25 29 -36 -50 -24 -15 32 -25 -50 -45 42 -7 -39 3 -7 -4 45 -40 4 -27 -31 -9 -24 39 8 -20 28 1 50 -36 -3 -48 31 -25 -6 -24 -39 -12 17 -3 13 -25 33 49 32 7 -25 -14 -50 -20 24 14 -10 -22 34 -25 -49 28 -32 -28 13 -15 -7 -22 -45 -16 25 -44 -36 49 -48 -19 -49 10 20 -11 -20 -18 2 19 -30 -32 -15 48 7 -12 38 6 -4 10 -41 -38 1 15 49 27 -20 -30 -18 25 -3 10 -50 -2 -25 -38 26 -15 -37 34 ; 
21 55 23 83 2 73 32 22 31 81 100 41 48 37 29 72 93 24 37 3 68 67 52 29 100 91 82 48 32 24 48 26 78 13 24 41 15 26 75 39 22 2 21 68 43 10 43 89 47 26 32 38 18 23 24 33 56 26 79 22 78 44 100 19 74 75 99 80 99 4 72 35 82 13 11 19 20 6 60 64 63 91 59 17 53 40 81 97 18 4 11 31 6 59 7 40 3 38 88 67 94 23 76 21 94 68 25 56 88 93 13 8 20 64 68 51 72 68 77 5 89 31 90 36 85 43 28 3 61 46 53 95 38 99 76 86 53 36 72 84 24 10 76 79 40 76 58 14 65 40 46 26 58 10 40 35 54 42 26 19 14 2 11 13 82 88 50 2 87 62 23 95 97 9 15 54 61 36 46 87 37 67 78 50 36 44 82 99 30 9 78 3 28 23 16 88 28 16 40 9 61 ; 
L -3 8 46 -36 -17 30 -21 -15 -32 -20 44 15 25 18 22 -34 -47 -27 29 -17 -48 -25 18 1 16 -10 49 19 -3 33 -20 18 26 -20 -19 44 1 49 -23 -37 8 -9 -19 -15 15 32 -25 28 12 29 39 27 37 -28 22 7 32 3 -7 26 -40 -39 14 -13 -38 9 -50 -24 35 11 7 -15 25 -11 -25 10 -28 -28 4 -27 -15 39 -49 41 -21 -49 35 -42 -13 3 16 -31 -39 -13 39 25 -42 -26 -30 38 -45 -20 34 41 -50 14 -20 -38 10 -47 -30 20 7 -20 -18 2 -48 14 49 -49 -6 -36 10 50 45 41 25 -19 -49 -20 44 21 -50 15 -4 10 28 3 -33 -45 12 39 -26 2 -7 30 20 -27 24 -44 30 -28 5 50 12 -39 -11 -23 7 32 36 3 -48 31 -25 -30 -43 38 9 -7 6 39 8 -25 39 35 18 25 39 -21 14 -1 38 50 -48 28 50 -44 24 -17 -24 -4 42 46 -2 -41 31 11 -37 34 ; 
21:21 55:55 23:23 23:23 55:55 60:60 91:91 13:13 101:101 17:17 32:32 27:27 33:33 92:92 25:25 26:26 50:50 59:59 11:11 24:24 11:11 15:15 76:76 80:80 11:11 55:55 13:13 11:11 28:28 26:26 32:32 94:94 95:95 49:49 25:25 41:41 31:31 69:69 49:49 87:87 35:35 6:6 12:12 32:32 5:5 12:12 38:38 62:62 50:50 39:39 4:4 41:41 22:22 20:20 88:88 15:15 20:20 32:32 94:94 3:3 57:57 28:28 43:43 64:64 18:18 64:64 109:109 7:7 55:55 27:27 79:79 29:29 162:162 66:66 64:64 77:77 16:16 52:52 173:173 93:93 46:46 22:22 75:75 94:94 81:81 9:9 52:52 61:61 28:28 53:53 12:12 79:79 77:77 117:117 28:28 121:121 43:43 42:42 78:78 21:21 29:29 76:76 40:40 67:67 85:85 79:79 125:125 29:29 25:25 95:95 36:36 43:43 79:79 6:6 2:2 87:87 70:70 4:4 28:28 22:22 55:55 39:39 3:3 29:29 87:87 80:80 63:63 0:0 76:76 36:36 59:59 6:6 90:90 54:54 34:34 87:87 76:76 9:9 85:85 22:22 12:12 3:3 8:8 66:66 5:5 14:14 99:99 82:82 49:49 46:46 21:21 36:36 18:18 27:27 73:73 58:58 42:42 75:75 10:10 82:82 62:62 10:10 26:26 90:90 36:36 53:53 52:52 8:8 48:48 68:68 56:56 67:67 32:32 76:76 36:36 12:12 22:22 48:48 33:33 4:4 24:24 27:27 78:78 54:54 52:52 25:25 33:33 75:75 66:66 17:17 59:59 159:159 81:81 40:40 48:48 18:18 68:68 28:28 24:24 9:9 61:61 ; 
L -25 27 -25 4 24 7 33 45 -28 12 -43 -29 42 -49 31 -11 -32 -14 21 -35 -10 31 -49 -27 -45 -45 -26 28 -34 -47 -41 -39 46 27 -46 26 -32 -23 -43 -25 -19 42 21 -16 -2 49 -49 -42 34 22 -10 44 39 -18 -40 27 9 -22 -24 -12 -33 41 23 -35 43 -4 -34 -15 -4 -23 1 26 39 -33 -20 16 39 5 -10 -32 38 -26 -18 11 -3 36 -10 -34 14 21 49 -44 -11 -46 -30 -13 48 -47 37 -13 27 26 50 -17 -21 -47 -29 50 -8 25 -41 -38 35 -21 -26 -45 -27 48 48 -45 -6 29 -18 -32 47 -24 2 -7 25 -25 -2 -49 14 10 19 -31 -10 12 -24 43 9 44 40 14 -3 -43 1 -8 -33 49 8 -5 -15 -50 47 -39 39 18 47 -21 12 -15 -8 5 -29 -6 18 -19 1 -3 -50 -34 4 -43 -10 -15 36 -3 8 29 4 5 34 38 33 40 -16 -22 9 46 12 17 -1 -15 -33 -2 -17 -4 -9 13 ; 
37 26 1 100 100 16 66 29 14 32 89 95 64 36 24 72 93 10 81 1 57 91 28 25 21 29 35 75 49 21 85 22 16 87 31 48 51 57 6 11 75 85 5 11 29 8 81 86 55 45 86 61 58 95 47 67 38 48 40 83 40 24 21 13 100 58 29 46 72 46 3 73 57 61 99 59 18 80 8 56 46 4 77 82 32 39 90 96 10 82 80 39 45 26 48 7 83 96 25 29 64 19 98 74 92 50 55 11 59 74 28 88 63 60 22 52 17 18 71 86 61 62 31 28 82 50 47 69 90 14 46 5 58 65 19 66 79 97 81 85 23 29 16 79 66 92 14 9 82 24 30 90 64 91 80 46 68 28 59 12 98 60 94 96 81 40 53 18 10 3 24 49 53 33 16 38 11 32 86 39 82 93 4 73 53 31 41 5 49 90 90 24 91 54 60 81 63 97 2 67 70 ; 
L -25 -8 -4 -28 -12 28 -45 12 -15 34 -9 -24 44 39 -21 50 -45 50 47 26 4 -2 18 25 -19 44 -4 44 49 22 45 -16 48 34 -24 -34 36 -5 17 -1 26 -43 12 -46 7 -34 -49 29 -33 23 4 15 -3 17 -29 -6 -19 -50 -15 31 -11 41 47 -49 -26 -18 29 -18 -32 -27 -27 -14 17 -33 43 27 -46 -21 -26 -45 -29 50 -1 -38 -10 -23 -47 15 8 -31 -39 -5 35 -22 -2 49 -9 10 33 -46 47 21 48 -33 -20 16 -5 -39 -8 3 -39 -2 21 43 25 -14 -27 22 -9 -46 15 12 24 10 34 -23 -49 32 -34 -40 49 8 -16 -31 10 35 33 13 32 -5 -27 -49 10 -37 47 25 43 -13 48 -2 36 38 -30 39 4 -11 14 -26 -21 -24 6 -45 -1 -32 29 43 -25 25 -41 -38 35 42 -12 -39 -26 10 -40 18 -19 -4 3 10 -7 -42 -33 -27 18 47 -21 -8 -41 -14 11 -43 3 -1 42 40 -9 13 ; 
37:37 29:29 50:50 69:69 42:42 32:32 14:14 16:16 60:60 7:7 55:55 35:35 54:54 77:77 16:16 8:8 21:21 80:80 69:69 103:103 44:44 136:136 65:65 15:15 47:47 39:39 13:13 48:48 57:57 13:13 53:53 23:23 3:3 19:19 30:30 49:49 41:41 104:104 5:5 57:57 136:136 50:50 90:90 45:45 16:16 53:53 24:24 35:35 72:72 16:16 46:46 72:72 59:59 18:18 63:63 40:40 98:98 77:77 46:46 28:28 72:72 112:112 85:85 14:14 20:20 77:77 71:71 31:31 28:28 12:12 52:52 67:67 55:55 38:38 21:21 37:37 31:31 35:35 22:22 52:52 24:24 11:11 54:54 24:24 46:46 27:27 59:59 109:109 108:108 35:35 71:71 2:2 33:33 17:17 92:92 8:8 110:110 61:61 59:59 70:70 55:55 50:50 94:94 85:85 99:99 59:59 27:27 80:80 31:31 86:86 109:109 36:36 4:4 99:99 51:51 17:17 10:10 6:6 48:48 109:109 25:25 69:69 83:83 14:14 36:36 69:69 21:21 46:46 109:109 116:116 97:97 30:30 88:88 54:54 91:91 57:57 4:4 107:107 50:50 15:15 49:49 29:29 116:116 23:23 25:25 132:132 40:40 36:36 83:83 27:27 11:11 74:74 17:17 33:33 20:20 69:69 93:93 56:56 7:7 56:56 98:98 84:84 19:19 23:23 36:36 95:95 34:34 13:13 28:28 88:88 63:63 76:76 67:67 13:13 57:57 146:146 124:124 29:29 18:18 65:65 83:83 42:42 126:126 72:72 58:58 31:31 51:51 59:59 12:12 23:23 41:41 55:55 53:53 48:48 31:31 3:3 37:37 43:43 41:41 67:67 70:70 ; 
L 38 31 -40 -12 43 -20 2 -29 -3 -6 3 34 -46 -13 -36 -39 25 19 -6 31 -32 -9 -46 -29 -2 -33 11 26 4 5 -32 -18 50 39 -22 17 25 16 -40 33 -3 -17 35 33 36 2 49 36 11 42 -12 -33 8 -40 -19 34 -13 48 40 20 -45 -9 -25 9 -23 28 -20 26 -15 25 12 49 -30 50 40 22 1 -15 14 -10 -5 36 38 10 -28 -41 27 21 15 -31 -46 -29 48 42 27 -34 -42 -15 37 -49 21 -21 -19 -14 -36 -42 -20 -41 -41 -23 41 8 -13 23 8 -11 -6 -37 5 -16 -19 32 -27 -22 -42 42 42 28 40 9 -2 19 -14 50 46 15 -50 8 20 -17 14 -49 32 -27 -13 3 -6 9 -3 9 24 3 46 25 21 48 -46 -10 14 -30 -27 26 -46 -26 44 -18 -13 21 -34 -28 18 39 -22 39 -42 -42 31 -11 -49 -38 -28 -24 32 35 47 7 -10 -49 1 4 14 -9 -37 -38 -36 -21 -43 -21 -8 -47 ; 
39 97 85 36 26 74 65 85 91 66 26 26 42 63 79 2 90 67 68 10 38 82 8 18 87 79 66 13 78 6 34 57 82 35 42 71 79 13 22 25 44 5 76 83 59 1 59 58 51 61 57 5 68 49 59 54 40 59 9 100 87 16 22 4 45 25 49 21 23 87 69 75 92 51 53 13 17 6 57 87 60 65 61 31 86 82 38 3 80 51 46 1 76 64 49 76 66 1 34 49 9 7 29 46 35 61 6 13 51 78 13 49 68 65 15 14 58 94 4 32 45 69 20 99 63 78 7 56 72 93 72 86 22 92 47 79 62 51 49 53 13 12 57 69 81 10 24 31 79 16 89 100 61 31 46 57 89 16 39 18 5 32 40 88 21 72 66 10 25 50 65 2 32 81 78 30 49 24 25 53 37 96 31 34 87 59 36 58 38 42 29 7 74 27 80 76 38 43 8 78 94 ; 
L 38 -36 -49 -2 -36 10 27 28 40 -20 -42 -11 31 -40 -49 49 13 31 2 -6 21 33 34 9 -23 18 -44 32 -22 22 42 13 19 25 -20 42 42 -17 -8 33 28 -40 -15 -27 -20 -21 -25 -46 -29 -26 26 -25 42 -48 -30 12 -10 -49 -46 -21 -30 -9 -14 21 -38 -3 -24 -7 46 -37 20 -12 -11 -48 37 9 36 9 -9 -14 -1 42 13 2 -27 -13 3 -6 -13 -36 -39 10 10 15 -50 -14 -19 3 -49 -31 41 -34 -28 18 39 -22 38 25 -16 -41 4 37 -15 33 -17 -23 40 5 -43 48 -27 3 49 38 -34 39 5 -19 -14 -36 -42 -32 -43 -11 33 21 -3 -4 6 -19 -12 -32 -28 -46 11 46 29 6 42 -40 26 -17 9 -18 -21 -14 22 -31 40 50 5 -8 39 -34 -15 -8 50 -50 -20 26 -36 29 46 -28 -24 -45 -9 -41 -1 16 -3 -15 -19 2 -8 32 -42 -41 35 32 -46 27 21 35 47 14 -23 -25 -8 -47 ; 
39:39 107:107 58:58 59:59 1:1 29:29 63:63 45:45 72:72 79:79 60:60 61:61 41:41 85:85 26:26 74:74 55:55 66:66 10:10 49:49 16:16 36:36 38:38 42:42 45:45 18:18 72:72 62:62 13:13 27:27 30:30 62:62 0:0 51:51 32:32 59:59 7:7 26:26 10:10 98:98 53:53 40:40 28:28 42:42 37:37 78:78 46:46 23:23 18:18 36:36 13:13 13:13 35:35 68:68 41:41 42:42 21:21 58:58 43:43 38:38 47:47 83:83 8:8 21:21 48:48 68:68 101:101 17:17 43:43 25:25 63:63 39:39 24:24 53:53 72:72 74:74 14:14 33:33 31:31 65:65 27:27 85:85 105:105 49:49 49:49 81:81 10:10 94:94 54:54 79:79 2:2 84:84 24:24 185:185 62:62 41:41 78:78 50:50 28:28 37:37 2:2 28:28 50:50 65:65 2:2 32:32 66:66 37:37 95:95 12:12 79:79 56:56 15:15 50:50 50:50 41:41 21:21 41:41 77:77 65:65 39:39 73:73 81:81 14:14 42:42 40:40 74:74 71:71 46:46 35:35 61:61 27:27 31:31 0:0 66:66 78:78 56:56 6:6 75:75 68:68 33:33 12:12 37:37 67:67 95:95 35:35 57:57 35:35 62:62 21:21 54:54 59:59 67:67 49:49 21:21 46:46 97:97 45:45 26:26 9:9 27:27 5:5 9:9 36:36 36:36 93:93 55:55 6:6 90:90 43:43 17:17 107:107 1:1 127:127 52:52 183:183 16:16 73:73 19:19 35:35 23:23 22:22 15:15 86:86 56:56 46:46 97:97 131:131 113:113 34:34 56:56 19:19 3:3 56:56 87:87 62:62 32:32 73:73 51:51 78:78 94:94 ; 
L 16 -21 26 -35 26 5 11 -12 23 -10 27 -10 -10 21 -2 -10 21 39 41 -44 21 27 -9 -14 44 26 16 -2 7 -1 -34 32 50 -6 -21 -38 27 31 10 -11 -34 -24 -32 16 -36 9 -31 16 -14 -32 -29 -38 -9 -24 -2 25 14 41 31 5 15 50 -25 -49 47 -30 -16 -49 -5 -7 -40 48 20 -32 -44 37 -6 -26 -32 -19 -20 32 -10 33 -20 -35 7 48 -36 23 24 -15 28 9 -1 46 12 10 43 23 41 -17 -41 -14 -29 -10 45 38 -35 37 -33 -18 -22 4 33 -38 31 -14 36 14 -35 -21 34 -33 14 14 3 -28 45 -41 -9 12 28 -44 16 31 7 -11 20 25 16 -35 -32 -10 50 -44 49 19 -42 -28 3 -40 -28 -49 -5 -14 -34 8 -11 -30 25 40 -9 7 14 -32 2 -1 -43 38 7 13 33 -44 -8 -46 -46 -24 -1 41 38 25 -1 36 -10 -26 15 -16 46 -42 28 -4 29 -25 35 9 -29 -11 -47 -19 ; 
82 10 88 81 51 79 61 40 82 61 68 82 25 12 71 37 70 79 52 8 21 10 16 52 84 2 39 19 32 64 11 71 80 42 63 62 33 12 83 7 79 50 58 23 54 67 77 62 46 10 18 91 33 20 48 21 11 34 41 87 76 2 12 34 63 79 83 84 68 94 5 31 44 72 5 48 79 13 12 58 36 23 9 64 61 77 14 74 73 57 82 41 75 25 51 94 46 58 1 15 61 32 27 83 66 33 58 25 68 25 97 53 73 52 83 34 97 81 62 22 77 98 40 15 81 1 63 48 79 67 18 38 96 37 70 75 84 50 89 27 40 46 24 88 30 81 48 90 66 35 9 29 87 79 66 51 70 23 11 32 31 91 64 3 3 57 6 44 63 42 88 29 93 61 66 80 70 44 92 63 30 94 20 36 55 96 30 87 27 35 70 60 26 2 88 3 74 62 10 91 13 ; 
L 16 -21 26 44 9 34 23 -11 -48 16 -41 -7 14 -3 -43 -41 16 -50 -23 33 9 38 20 9 38 -33 -44 -35 -11 23 -10 24 -34 16 -3 -15 -15 26 14 28 22 -7 12 10 40 16 -38 28 2 -42 6 20 18 16 -2 1 35 37 -29 27 49 40 -32 35 -16 24 -42 -32 16 -9 31 -14 25 -20 -25 -38 -32 40 -12 6 -21 -38 25 31 30 -14 21 39 -28 7 -36 33 -44 -8 50 20 10 -44 21 10 -34 5 32 49 25 -50 27 31 10 -41 -5 29 -19 5 47 11 44 -9 -46 -36 1 -29 -14 24 4 -46 -25 -31 -26 28 35 -5 32 2 1 33 21 -33 -13 28 -31 10 -41 24 9 -12 14 -43 17 14 -21 10 -2 -10 10 -9 14 45 -26 -38 19 -7 -32 41 -4 41 25 -29 11 46 37 15 -35 -36 44 -49 7 -34 -49 -1 32 10 27 30 11 -8 -32 36 -1 35 -46 48 14 7 -45 14 -28 -26 -47 -19 ; 
82:82 10:10 88:88 69:69 7:7 46:46 46:46 113:113 90:90 41:41 64:64 27:27 93:93 45:45 55:55 85:85 17:17 185:185 47:47 35:35 69:69 38:38 67:67 59:59 53:53 34:34 28:28 88:88 12:12 21:21 61:61 147:147 65:65 3:3 15:15 5:5 67:67 50:50 72:72 25:25 21:21 53:53 20:20 58:58 63:63 8:8 28:28 40:40 50:50 24:24 59:59 81:81 54:54 152:152 19:19 110:110 6:6 60:60 160:160 32:32 64:64 62:62 24:24 14:14 116:116 31:31 78:78 20:20 0:0 44:44 29:29 81:81 75:75 113:113 16:16 94:94 46:46 24:24 44:44 15:15 39:39 62:62 4:4 5:5 54:54 38:38 58:58 79:79 106:106 18:18 51:51 68:68 61:61 66:66 56:56 4:4 101:101 98:98 21:21 67:67 48:48 51:51 142:142 66:66 34:34 12:12 111:111 12:12 83:83 2:2 106:106 55:55 59:59 51:51 104:104 32:32 20:20 34:34 29:29 25:25 153:153 77:77 26:26 77:77 35:35 14:14 42:42 75:75 68:68 51:51 92:92 38:38 79:79 9:9 18:18 82:82 14:14 41:41 125:125 13:13 85:85 5:5 64:64 38:38 64:64 55:55 71:71 22:22 63:63 27:27 114:114 12:12 25:25 14:14 53:53 32:32 28:28 54:54 97:97 39:39 54:54 33:33 27:27 57:57 22:22 15:15 18:18 2:2 16:16 8:8 45:45 130:130 41:41 16:16 141:141 49:49 51:51 12:12 67:67 64:64 119:119 69:69 7:7 25:25 32:32 11:11 33:33 26:26 66:66 14:14 17:17 64:64 32:32 16:16 27:27 26:26 41:41 48:48 19:19 91:91 13:13 ; 
L -25 -15 -8 26 15 -17 22 -24 3 -48 -41 32 12 35 1 37 13 5 2 -25 -3 -31 27 -2 -2 -46 9 36 -21 18 21 -17 13 -19 -34 -48 43 50 -33 42 -18 31 31 -42 47 16 24 22 -3 18 -45 -6 9 18 -48 -43 -30 15 39 -1 -47 -7 -43 42 -4 -16 -39 -27 8 -42 -28 -7 27 11 -12 2 30 -11 33 -9 13 23 41 -23 9 -8 13 27 49 -50 50 47 33 -40 -27 -31 3 26 33 -1 -21 14 8 -3 -10 29 -17 -45 8 8 22 50 -25 6 -5 2 -29 17 -7 22 20 -14 -26 -12 14 -29 -26 -15 17 -11 39 3 43 2 25 39 16 -5 -5 -27 -14 4 -43 -33 -3 -3 12 39 -10 43 37 -25 25 21 40 -5 -49 50 24 36 -32 37 -11 4 7 46 -25 36 1 48 -47 -31 -49 29 -22 17 -46 43 50 -24 43 -27 -28 23 18 34 50 50 -45 22 -42 4 23 -44 34 23 28 26 17 7 ; 
55 29 43 46 40 73 4 53 27 55 46 39 84 72 67 76 96 67 21 8 96 60 6 33 30 47 44 35 83 80 56 70 58 49 91 58 86 8 55 27 24 82 11 13 89 45 52 78 28 34 69 79 90 78 36 20 98 22 14 68 55 29 46 89 40 10 72 66 71 47 58 85 60 18 42 54 15 100 24 93 49 75 11 36 53 87 64 35 4 7 62 84 47 39 20 65 22 23 47 61 28 31 22 85 56 38 30 35 87 44 39 89 50 34 35 90 97 6 41 46 48 3 7 19 7 71 11 83 49 45 77 24 51 1 88 64 16 23 97 30 91 81 15 59 65 41 4 56 41 80 92 49 40 90 24 70 29 47 3 25 30 3 35 94 66 3 75 12 41 15 86 98 40 1 11 56 52 35 35 64 34 85 82 5 60 6 53 49 64 11 65 75 72 59 61 57 100 29 2 13 79 ; 
L -25 -15 -29 43 -4 -9 18 -4 -22 17 43 -27 -28 41 -2 1 37 -50 -34 21 27 -48 43 -27 -27 -13 -22 -21 -43 46 42 -23 24 -45 8 14 16 -33 -2 11 30 -32 5 3 50 -33 -29 17 -18 -30 -15 42 26 -34 -47 -7 -43 -12 28 8 4 -8 -18 11 -17 -42 -36 -29 -26 17 -15 -26 27 -50 25 3 25 8 8 -23 -20 10 21 -50 2 -35 -37 5 -7 27 14 45 12 42 3 40 -44 -18 -23 1 -39 -31 24 -43 -2 11 -5 -17 1 48 -50 9 31 -48 -43 -3 -10 -23 6 -5 40 -49 25 21 -33 -19 -5 -12 -32 41 39 16 34 -46 9 26 -16 -47 -4 50 -33 -8 -23 22 -47 24 -50 6 25 7 25 2 -42 28 -3 -13 9 13 14 -22 -31 -49 2 -18 -37 25 39 1 -36 -39 -15 -22 3 -48 -45 -43 -33 27 49 31 47 -3 -13 22 -31 50 -14 29 -17 -11 -46 -26 -36 39 3 -7 -24 12 17 7 ; 
55:55 29:29 21:21 87:87 15:15 96:96 47:47 14:14 2:2 56:56 27:27 85:85 82:82 19:19 45:45 15:15 76:76 73:73 53:53 22:22 36:36 19:19 86:86 5:5 56:56 22:22 78:78 78:78 4:4 35:35 62:62 58:58 41:41 83:83 87:87 18:18 4:4 32:32 12:12 45:45 11:11 101:101 37:37 74:74 33:33 17:17 62:62 6:6 73:73 58:58 12:12 124:124 97:97 87:87 69:69 29:29 46:46 28:28 129:129 28:28 90:90 38:38 44:44 24:24 45:45 18:18 68:68 58:58 11:11 79:79 73:73 40:40 6:6 22:22 46:46 26:26 53:53 36:36 33:33 0:0 169:169 75:75 16:16 37:37 58:58 17:17 79:79 81:81 50:50 60:60 14:14 76:76 104:104 88:88 55:55 28:28 79:79 28:28 60:60 12:12 26:26 33:33 47:47 54:54 88:88 54:54 80:80 59:59 72:72 15:15 41:41 107:107 92:92 12:12 20:20 104:104 56:56 63:63 17:17 35:35 35:35 51:51 77:77 90:90 51:51 25:25 25:25 48:48 84:84 39:39 60:60 72:72 25:25 49:49 44:44 66:66 53:53 45:45 22:22 24:24 55:55 28:28 46:46 29:29 54:54 68:68 19:19 45:45 64:64 23:23 30:30 18:18 51:51 91:91 22:22 98:98 49:49 34:34 50:50 28:28 18:18 7:7 58:58 21:21 68:68 110:110 64:64 46:46 27:27 60:60 14:14 9:9 18:18 55:55 70:70 24:24 40:40 52:52 41:41 24:24 18:18 86:86 11:11 8:8 194:194 68:68 86:86 40:40 30:30 41:41 44:44 50:50 42:42 14:14 24:24 98:98 42:42 15:15 92:92 13:13 79:79 ; 
L 6 45 39 -7 43 -10 41 30 39 16 33 4 -39 -28 10 15 1 30 24 31 25 -10 47 -1 20 -29 -35 -18 42 8 -6 -12 4 -2 11 24 45 2 -20 -42 -40 -44 33 35 18 10 4 33 14 -28 -13 39 -27 -24 6 21 27 27 -11 -32 6 -11 -2 23 41 42 -12 -34 -11 -30 21 -20 -11 48 -35 -50 46 20 23 -28 -45 -43 21 -44 -30 9 -19 50 20 17 11 30 -30 -29 -6 -33 35 -24 -18 -17 18 -5 49 40 -19 33 -7 -20 4 20 -5 40 -43 9 16 34 37 21 -43 -10 -19 -4 10 33 2 44 -15 -27 6 31 45 35 -23 -5 44 -15 -32 -34 -22 17 7 7 -34 37 -2 -32 -5 -37 21 29 18 41 36 -10 5 -14 33 -31 -41 -40 -36 5 -20 -47 -24 -3 17 7 -3 6 -41 -16 -44 -38 -30 48 -28 -37 -22 -26 4 -1 -19 -17 -50 9 -28 16 41 -2 -1 -44 13 28 -42 45 43 -20 -19 -49 ; 
52 87 68 28 56 58 92 79 50 9 9 36 49 11 62 37 32 57 98 53 5 21 79 12 35 80 44 32 46 94 86 40 83 90 93 67 36 78 34 90 14 31 94 51 43 83 39 92 91 2 88 24 86 89 48 45 20 19 27 46 76 36 2 74 91 61 62 33 41 35 1 35 54 84 11 1 85 62 60 13 72 48 74 94 81 1 64 67 62 52 34 43 96 32 68 41 74 29 80 40 44 40 82 85 5 64 84 24 87 64 79 67 90 17 70 99 82 52 25 76 18 95 26 61 19 3 44 45 48 97 10 1 32 20 93 80 70 37 41 22 47 8 33 37 45 25 5 32 69 8 76 44 30 67 93 26 22 58 72 89 50 21 89 38 72 76 70 98 94 1 32 49 14 51 59 76 30 64 19 62 35 4 59 88 3 36 12 46 60 98 49 58 45 99 33 42 51 4 18 66 65 ; 
L -21 28 40 5 11 -27 21 40 -28 -35 12 18 -6 17 9 27 -29 -39 -35 -33 30 -44 3 -42 -8 -42 23 43 -10 33 39 17 7 40 -24 2 -34 -41 -34 -6 -36 41 31 45 35 11 24 50 15 -10 -30 -30 41 -11 -17 -6 -34 4 4 -20 40 -27 43 -21 41 33 -7 -20 37 -2 23 41 -5 41 -45 42 -6 -31 6 12 1 -18 -10 -21 45 44 -7 2 21 29 11 -14 -29 -19 -2 -1 -10 -15 -32 -17 -22 1 -4 -3 18 18 -4 -43 -16 13 28 -38 2 6 -46 -30 47 -49 5 45 -19 -4 10 48 -35 50 -19 20 -13 -11 -20 -4 45 7 9 -19 -1 30 16 37 -2 20 20 -11 -44 23 -28 18 33 -35 -48 16 27 43 -10 -20 -47 24 7 20 50 -33 -44 -5 -37 22 -24 26 -36 5 -14 15 -9 33 -16 -39 -30 -43 31 25 -32 -10 -28 -32 28 -34 -20 33 -5 -6 30 -37 -42 44 -24 -17 -44 39 -19 -49 ; 
35:35 41:41 46:46 86:86 52:52 27:27 16:16 20:20 24:24 41:41 72:72 34:34 63:63 8:8 28:28 25:25 105:105 33:33 12:12 51:51 85:85 82:82 33:33 75:75 82:82 94:94 20:20 41:41 30:30 27:27 31:31 69:69 98:98 107:107 26:26 14:14 64:64 56:56 124:124 114:114 68:68 112:112 127:127 10:10 1:1 23:23 67:67 51:51 31:31 106:106 54:54 107:107 46:46 43:43 34:34 52:52 10:10 52:52 72:72 21:21 22:22 77:77 45:45 86:86 11:11 54:54 84:84 24:24 18:18 70:70 74:74 91:91 38:38 122:122 67:67 42:42 74:74 139:139 34:34 15:15 70:70 77:77 58:58 38:38 86:86 29:29 43:43 39:39 81:81 8:8 29:29 45:45 28:28 96:96 108:108 49:49 8:8 175:175 70:70 21:21 34:34 87:87 4:4 37:37 46:46 71:71 39:39 88:88 106:106 67:67 99:99 35:35 88:88 93:93 17:17 12:12 85:85 37:37 82:82 31:31 47:47 95:95 26:26 49:49 11:11 30:30 34:34 19:19 117:117 29:29 68:68 64:64 68:68 101:101 81:81 64:64 28:28 68:68 85:85 48:48 45:45 61:61 27:27 41:41 91:91 83:83 43:43 43:43 20:20 46:46 46:46 19:19 67:67 47:47 41:41 68:68 38:38 40:40 31:31 18:18 24:24 36:36 14:14 3:3 32:32 18:18 16:16 27:27 32:32 21:21 9:9 52:52 91:91 29:29 114:114 9:9 50:50 57:57 7:7 5:5 11:11 38:38 71:71 33:33 69:69 19:19 0:0 8:8 100:100 66:66 24:24 12:12 98:98 20:20 49:49 4:4 11:11 27:27 124:124 66:66 65:65 ; 
L 14 7 42 -19 -31 49 42 -22 -7 40 4 -3 46 25 16 -32 40 -28 8 16 -24 11 -48 40 27 42 -10 15 42 2 -48 48 -7 42 47 -42 24 -2 10 -30 -4 50 -21 -39 -3 -19 35 -23 25 -39 -13 31 -29 20 36 26 26 46 35 -31 -28 -27 23 -34 16 30 -19 30 -9 28 -34 -8 41 -11 -3 21 28 2 24 -19 45 36 10 7 -36 -31 43 5 32 43 -36 -34 10 -27 -11 37 19 30 32 -13 3 -10 9 10 33 -32 46 3 10 -22 49 -1 -6 -21 -2 7 -33 12 -31 -48 35 -29 -9 -38 -32 10 -37 49 44 13 -38 28 -2 35 -34 -33 -39 -18 -45 -35 -15 -29 44 -43 -6 -44 45 38 -27 -24 -25 -34 29 38 -26 14 13 20 -33 -17 2 -49 -46 -32 -27 -28 48 38 -13 28 2 -7 -34 49 13 -13 -22 -10 38 20 37 -28 -36 39 -47 -6 -37 -32 -25 -36 -25 12 -28 -8 -32 49 49 12 -25 -50 ; 
74 82 70 54 20 57 1 49 6 61 64 47 31 31 45 49 24 17 39 20 67 28 22 6 12 86 95 38 84 6 34 2 49 29 44 15 90 67 85 89 50 15 70 12 89 93 91 91 65 65 22 21 52 76 75 50 31 56 85 54 73 90 8 38 96 44 34 41 66 79 98 10 41 87 6 86 50 42 4 46 10 81 18 94 23 9 3 43 80 32 29 79 78 40 22 67 72 8 14 70 74 32 23 51 93 68 16 65 3 90 70 46 93 37 26 82 36 52 45 56 39 96 66 3 37 24 32 29 75 61 76 95 15 2 86 26 65 39 51 13 69 87 94 59 40 44 51 80 44 18 77 41 86 28 95 64 21 92 19 67 81 49 60 82 73 15 36 21 30 58 60 32 79 77 24 4 23 49 36 49 89 97 50 9 55 65 88 80 40 66 8 3 66 25 11 7 42 48 69 32 57 ; 
L -39 -11 28 -13 -29 -7 33 -9 36 48 -42 -2 34 -29 -18 10 32 33 -32 35 -1 41 6 34 -39 -4 50 -21 25 42 31 -38 -16 -12 -38 -49 -4 36 32 -24 11 -48 36 -43 -34 -14 24 -3 24 43 -27 23 -3 46 -28 7 -34 19 -13 7 42 -19 37 16 -27 -32 49 44 13 10 -42 -8 10 28 -2 7 -28 32 22 -38 10 -2 35 -35 -48 35 -21 32 49 49 15 17 36 -32 -16 -46 19 7 -2 30 -9 40 13 29 47 -7 10 -30 49 42 -22 -8 -13 31 38 46 -2 -28 -20 -37 -3 13 46 -45 -49 13 -8 26 26 -31 -30 -28 43 -23 33 27 39 45 -3 -25 39 -9 10 11 49 -2 -25 -32 -40 -3 21 28 48 22 31 -35 -10 19 6 26 -42 -27 -15 -27 -31 37 6 47 44 -25 12 5 -36 29 34 25 28 -34 33 -20 30 -44 10 38 -48 -37 -20 -38 14 -19 45 12 -40 24 -2 10 -28 -36 -25 -50 ; 
15:15 60:60 11:11 14:14 40:40 106:106 44:44 27:27 38:38 20:20 27:27 66:66 66:66 37:37 74:74 25:25 71:71 40:40 71:71 42:42 37:37 46:46 40:40 23:23 85:85 14:14 15:15 70:70 44:44 69:69 13:13 66:66 40:40 96:96 45:45 8:8 56:56 25:25 50:50 29:29 28:28 22:22 55:55 29:29 34:34 71:71 49:49 21:21 83:83 74:74 82:82 8:8 59:59 31:31 36:36 35:35 117:117 23:23 15:15 76:76 38:38 54:54 26:26 21:21 45:45 51:51 83:83 75:75 61:61 26:26 95:95 2:2 88:88 47:47 41:41 82:82 54:54 50:50 38:38 86:86 47:47 35:35 2:2 31:31 151:151 39:39 52:52 51:51 51:51 35:35 107:107 69:69 43:43 8:8 14:14 138:138 16:16 86:86 32:32 37:37 66:66 64:64 21:21 26:26 84:84 24:24 37:37 89:89 38:38 1:1 49:49 7:7 77:77 21:21 60:60 48:48 75:75 62:62 148:148 74:74 73:73 74:74 8:8 28:28 100:100 31:31 24:24 70:70 54:54 36:36 16:16 27:27 10:10 74:74 22:22 14:14 27:27 62:62 145:145 65:65 35:35 133:133 18:18 48:48 23:23 49:49 85:85 47:47 72:72 9:9 86:86 50:50 5:5 57:57 64:64 54:54 87:87 32:32 23:23 71:71 43:43 7:7 17:17 83:83 12:12 58:58 88:88 65:65 44:44 53:53 3:3 65:65 131:131 52:52 50:50 41:41 41:41 25:25 23:23 19:19 84:84 91:91 25:25 40:40 19:19 106:106 89:89 62:62 120:120 29:29 10:10 35:35 39:39 47:47 67:67 55:55 76:76 50:50 20:20 32:32 57:57 ; 
L -41 6 2 42 7 44 -9 43 -33 -31 -32 49 35 -48 9 -42 1 -1 30 -13 41 33 37 -44 -10 12 40 -37 -42 41 26 -23 -36 -27 35 11 35 15 16 -39 -40 38 -16 -13 22 13 37 -39 -49 44 4 36 36 21 -1 -17 26 -15 -23 -37 14 -7 -39 19 42 47 22 2 4 3 -42 -50 18 -17 -40 -6 17 -3 -8 20 42 -15 -12 -5 -11 -11 -1 36 46 30 47 -17 -24 -37 10 -50 -23 4 -18 -18 39 39 27 15 -26 -46 45 -50 33 36 -25 -6 -28 -6 -35 -21 -41 -42 45 6 -48 3 13 31 -39 11 19 17 -14 -36 23 7 -19 37 22 -21 -35 -38 12 -13 30 -11 18 12 -37 -12 13 36 17 23 -19 -24 -4 -26 49 -34 41 3 -2 40 6 27 42 -37 -43 5 -9 -46 -1 41 -4 46 -31 11 -18 -18 -48 -20 -44 -36 -23 20 31 12 -12 -18 31 -28 -11 -48 -38 29 49 26 9 -5 11 21 -32 5 ; 
79 94 57 33 15 31 88 8 7 51 1 64 68 15 23 69 21 86 25 66 39 26 63 2 33 38 42 43 77 12 43 13 82 19 31 27 35 54 84 95 88 11 8 62 42 87 71 67 26 39 35 34 98 39 25 81 41 79 59 4 99 14 35 24 61 28 22 63 53 31 32 48 51 17 78 13 28 98 8 13 13 50 29 13 14 86 99 99 23 71 51 12 26 46 27 55 73 58 26 67 94 46 50 46 32 65 77 11 35 89 4 67 56 24 78 79 32 72 18 7 13 80 24 6 88 72 50 96 6 84 43 99 5 41 22 55 16 78 18 58 67 90 29 51 98 8 23 74 69 34 11 80 24 52 48 45 49 35 77 13 51 17 45 58 67 21 65 11 93 26 29 54 51 20 13 44 90 12 70 52 25 7 74 41 80 46 75 13 10 1 9 9 76 99 6 81 60 79 47 74 94 ; 
L -41 6 2 42 -7 -23 35 -33 30 -13 -22 11 -28 13 -12 26 -15 -23 -37 5 31 -18 12 -12 -1 48 4 -40 42 -39 -40 -20 13 18 -30 26 -46 -9 46 -19 37 23 17 12 -11 -49 31 -39 -7 1 3 -41 -37 42 37 -18 11 -15 -27 -32 49 42 42 -14 -36 3 -50 -23 26 26 -44 -2 43 -33 39 37 -12 -19 5 12 50 45 6 -22 -37 33 18 35 -35 -28 -45 46 -39 16 -38 37 -21 -7 17 1 44 -9 -31 6 -27 -24 18 44 20 48 -49 -29 47 36 -27 31 13 -34 40 42 -25 -6 -18 36 -17 -13 -36 -21 -48 -5 36 46 31 -9 -41 -40 18 -4 38 -10 4 -41 8 3 -48 23 -47 42 17 -6 -19 -11 30 -10 12 -41 11 23 36 1 -9 -11 36 21 35 26 -19 41 -11 39 -11 -1 -39 17 -15 -35 22 -13 -43 38 -24 -4 -37 -14 -44 49 6 -50 36 -17 -3 -21 20 42 -15 2 4 -16 -32 5 ; 
79:79 94:94 57:57 33:33 39:39 99:99 60:60 60:60 21:21 55:55 60:60 8:8 77:77 11:11 9:9 29:29 79:79 59:59 4:4 75:75 64:64 47:47 31:31 80:80 35:35 19:19 60:60 42:42 49:49 38:38 88:88 48:48 18:18 43:43 51:51 35:35 40:40 51:51 43:43 48:48 41:41 56:56 117:117 15:15 43:43 63:63 13:13 88:88 82:82 65:65 56:56 14:14 13:13 11:11 77:77 36:36 29:29 51:51 46:46 15:15 64:64 122:122 12:12 6:6 73:73 29:29 7:7 89:89 42:42 43:43 34:34 89:89 33:33 7:7 32:32 33:33 98:98 35:35 65:65 13:13 92:92 67:67 7:7 85:85 75:75 38:38 62:62 58:58 27:27 30:30 11:11 77:77 10:10 26:26 8:8 16:16 95:95 50:50 8:8 81:81 82:82 88:88 19:19 73:73 14:14 5:5 57:57 34:34 70:70 12:12 91:91 76:76 68:68 31:31 19:19 25:25 40:40 87:87 66:66 18:18 55:55 67:67 32:32 29:29 121:121 35:35 56:56 29:29 27:27 106:106 21:21 23:23 57:57 69:69 13:13 6:6 18:18 26:26 9:9 35:35 22:22 29:29 100:100 8:8 16:16 40:40 58:58 74:74 14:14 30:30 34:34 50:50 76:76 1:1 38:38 37:37 37:37 13:13 25:25 9:9 146:146 24:24 103:103 61:61 54:54 40:40 28:28 76:76 38:38 38:38 20:20 59:59 16:16 91:91 5:5 54:54 54:54 52:52 138:138 56:56 22:22 64:64 51:51 47:47 9:9 39:39 60:60 24:24 80:80 10:10 32:32 74:74 21:21 13:13 50:50 15:15 53:53 24:24 70:70 74:74 94:94 ; 
L -24 -14 -45 -27 -42 -20 4 -28 21 9 -19 9 45 9 28 50 -49 37 25 -11 -46 21 41 45 38 20 -11 -4 -25 -21 -42 21 19 -50 -27 5 45 4 48 22 30 -49 4 -47 -8 42 -33 -27 -44 33 50 -22 -6 -42 -13 10 4 -25 -9 49 -48 -15 -31 -35 -46 -35 -4 25 7 25 1 -28 -23 30 -17 -41 49 -37 -50 2 -46 22 -45 48 21 12 -23 -19 41 8 38 -40 -40 -49 21 37 19 -6 -21 12 18 25 -17 37 -3 13 10 20 13 34 36 46 -38 23 3 5 -41 2 25 -32 -35 45 -38 11 -49 -20 -22 -19 -23 -22 -29 18 2 13 23 -1 13 -41 -16 -31 36 -29 -48 -1 -42 18 20 -1 -22 -13 25 30 46 -31 -40 -41 -24 7 49 34 21 -9 -20 -19 28 15 9 -16 18 4 36 12 -20 24 -33 42 -45 6 8 45 36 -32 2 9 28 -48 34 -23 39 20 26 -46 -12 2 -14 30 18 -42 -42 14 ; 
63 64 79 8 93 8 11 29 91 17 31 60 36 6 12 54 84 12 2 40 73 13 70 95 41 59 32 82 34 3 56 48 73 98 98 63 99 39 71 40 85 94 45 9 75 85 70 92 78 34 77 15 58 24 40 33 75 75 68 18 68 16 48 31 97 43 57 73 57 80 84 35 95 90 58 99 81 51 26 34 17 77 84 8 62 69 8 36 55 92 97 38 89 8 61 59 61 99 4 68 5 91 91 9 22 74 83 91 25 69 42 100 86 96 57 40 41 78 66 58 31 54 4 59 53 11 77 77 72 55 16 2 47 21 39 49 12 2 37 40 69 17 100 93 80 66 81 88 100 57 62 83 65 34 86 11 43 44 23 46 58 46 11 70 74 16 59 40 46 89 24 14 94 12 36 55 58 35 23 68 11 70 14 16 15 91 3 90 95 60 20 82 43 10 97 90 92 4 19 69 67 ; 
L -23 41 -9 -17 -41 49 -18 -28 21 9 30 -2 -45 42 4 -46 -12 42 1 -23 -19 -46 -4 -4 -18 12 -23 41 -25 25 44 27 33 35 25 30 46 -4 -38 6 22 -6 39 20 49 -30 -22 -37 6 17 38 20 7 31 19 8 -9 25 -29 45 5 50 42 -41 2 25 -32 49 -11 20 2 -14 -3 20 22 -12 21 2 9 -49 37 11 -46 -28 24 20 -28 -13 -50 9 -31 -19 -33 21 48 -29 -42 -9 -15 -37 -1 49 40 -25 -35 19 -47 -8 -46 36 -23 30 24 18 -45 -5 48 48 -12 13 -16 25 -36 -4 -13 -2 -26 -49 -35 -48 23 -22 -23 -21 -36 -45 -10 13 -16 -34 34 8 -40 4 11 4 27 50 49 -22 48 21 -20 25 -38 13 34 -9 -20 28 -1 -42 -18 -20 -37 28 27 45 14 24 22 1 -21 46 -50 18 41 -19 -21 -42 21 -31 40 -42 15 -36 33 -3 13 10 -45 -41 45 45 -38 7 -32 -19 -42 14 ; 
108:108 121:121 126:126 14:14 99:99 81:81 12:12 36:36 91:91 17:17 79:79 89:89 36:36 6:6 28:28 50:50 43:43 78:78 55:55 49:49 52:52 29:29 36:36 2:2 89:89 7:7 8:8 3:3 94:94 12:12 7:7 78:78 92:92 90:90 57:57 83:83 65:65 63:63 7:7 21:21 58:58 37:37 39:39 60:60 62:62 94:94 85:85 103:103 19:19 6:6 37:37 59:59 28:28 25:25 18:18 35:35 80:80 16:16 64:64 68:68 33:33 72:72 28:28 84:84 78:78 66:66 58:58 50:50 53:53 98:98 57:57 97:97 56:56 76:76 30:30 71:71 68:68 35:35 16:16 9:9 12:12 30:30 89:89 13:13 24:24 82:82 60:60 24:24 48:48 45:45 70:70 20:20 27:27 25:25 25:25 82:82 17:17 50:50 59:59 10:10 18:18 68:68 71:71 51:51 113:113 30:30 56:56 75:75 14:14 61:61 110:110 90:90 51:51 6:6 57:57 99:99 90:90 47:47 36:36 23:23 52:52 22:22 14:14 35:35 22:22 21:21 64:64 59:59 27:27 96:96 51:51 95:95 15:15 42:42 91:91 11:11 89:89 33:33 67:67 20:20 40:40 45:45 72:72 21:21 82:82 38:38 44:44 98:98 38:38 73:73 52:52 62:62 46:46 36:36 36:36 20:20 69:69 24:24 77:77 14:14 46:46 80:80 21:21 55:55 162:162 12:12 106:106 8:8 79:79 64:64 50:50 100:100 59:59 112:112 65:65 85:85 42:42 73:73 24:24 56:56 48:48 68:68 37:37 19:19 11:11 23:23 45:45 64:64 74:74 83:83 51:51 95:95 64:64 58:58 4:4 48:48 131:131 80:80 98:98 69:69 67:67 ; 
L -28 7 23 -23 -14 28 2 -37 -50 50 -5 20 -44 -33 26 11 22 45 -30 -35 -33 18 -12 -49 -45 8 -31 -15 -19 -35 -7 12 -11 -6 -46 -37 -16 17 -22 22 46 -48 -6 47 -23 12 -35 -37 -21 -47 27 -24 37 8 -11 -1 19 31 47 39 13 6 46 49 -43 -6 10 -1 5 -9 18 -4 -16 -30 29 -36 -47 -15 -27 45 34 -18 7 1 -28 -1 14 -37 4 -15 -2 -19 -7 4 -35 5 21 -7 13 -32 -23 -9 -24 17 8 -18 5 50 -33 -5 42 31 -44 37 49 -15 33 -27 -26 50 -21 4 -27 6 13 26 38 46 11 29 -38 34 -25 -12 39 -45 -15 -9 -45 2 -4 32 -33 -26 -45 -36 -49 39 41 4 37 41 40 24 36 -21 -37 7 16 41 35 -7 33 36 16 46 -12 49 -16 15 -39 -10 -29 -36 -46 -43 -38 -38 -11 -20 -22 -12 -41 -44 -47 -3 -10 -19 -33 -9 46 47 -37 48 39 -48 -43 9 -41 38 ; 
81 91 27 59 17 81 57 29 88 40 50 41 96 45 37 100 24 2 98 4 3 78 37 38 39 76 99 8 64 98 49 29 65 92 81 21 94 58 96 87 39 47 72 52 62 67 35 89 15 83 8 81 15 52 21 48 63 12 90 70 30 55 33 28 2 7 80 52 93 19 65 32 26 49 93 51 73 70 31 93 28 10 62 14 41 8 56 50 36 63 50 60 68 96 66 8 84 77 86 68 20 64 84 28 93 90 75 46 15 93 22 15 64 73 17 21 54 13 20 60 45 39 83 33 56 75 84 94 27 18 74 59 23 39 91 94 75 95 12 16 55 76 79 4 55 72 45 97 87 95 46 48 57 10 32 19 63 6 21 45 77 75 92 74 18 20 6 8 48 81 56 97 17 41 97 71 37 63 78 25 49 14 77 93 44 100 37 49 13 25 12 5 67 87 81 3 78 78 10 15 15 ; 
L -28 7 23 -23 -5 46 6 41 -39 -49 44 41 12 -7 4 -12 -24 9 34 46 1 -28 15 24 -6 -42 15 1 38 46 5 -6 -37 -1 13 17 5 -25 16 -46 47 -23 18 -43 -47 -37 4 -47 -3 -35 11 18 -16 6 16 11 -19 -9 7 -21 -33 -50 -46 -31 27 45 -33 18 -15 22 48 19 -44 -15 30 44 50 -39 4 -33 -2 -28 14 -35 2 9 -31 4 12 48 37 -11 37 -29 -37 21 -37 48 -9 -40 9 -7 -46 8 19 38 -29 -49 -38 19 38 43 -26 -47 -15 -41 -16 -24 17 27 -36 7 6 5 33 10 10 35 26 46 21 36 2 -30 -35 -34 -39 49 21 -36 -33 26 11 37 -47 -39 41 49 -27 8 35 -8 7 -12 -12 47 -36 45 -12 -22 22 27 -16 33 23 32 1 15 43 18 -13 -20 -14 4 45 26 33 -32 4 -20 5 13 -39 36 29 -50 50 37 -31 22 45 -45 49 11 37 45 -7 10 -41 38 ; 
81:81 91:91 27:27 59:59 11:11 64:64 35:35 43:43 98:98 38:38 82:82 93:93 77:77 12:12 96:96 72:72 73:73 22:22 16:16 47:47 26:26 41:41 73:73 79:79 126:126 21:21 126:126 62:62 22:22 94:94 40:40 28:28 85:85 36:36 57:57 35:35 19:19 76:76 95:95 60:60 49:49 51:51 47:47 92:92 49:49 19:19 23:23 35:35 100:100 32:32 41:41 52:52 54:54 106:106 130:130 20:20 17:17 22:22 72:72 77:77 65:65 102:102 30:30 52:52 61:61 25:25 23:23 22:22 13:13 149:149 46:46 54:54 66:66 1:1 41:41 82:82 37:37 19:19 11:11 48:48 48:48 57:57 81:81 64:64 61:61 18:18 59:59 26:26 46:46 22:22 83:83 16:16 31:31 18:18 38:38 48:48 22:22 87:87 76:76 13:13 89:89 9:9 49:49 55:55 73:73 24:24 74:74 48:48 19:19 23:23 89:89 63:63 76:76 34:34 70:70 22:22 99:99 53:53 28:28 30:30 25:25 41:41 28:28 21:21 93:93 52:52 81:81 119:119 26:26 35:35 74:74 84:84 33:33 31:31 4:4 30:30 31:31 97:97 18:18 19:19 48:48 37:37 100:100 67:67 29:29 41:41 66:66 6:6 154:154 52:52 116:116 69:69 47:47 118:118 72:72 5:5 31:31 79:79 32:32 10:10 87:87 43:43 26:26 23:23 55:55 20:20 69:69 84:84 38:38 31:31 72:72 61:61 65:65 60:60 130:130 55:55 4:4 79:79 76:76 106:106 41:41 54:54 13:13 61:61 41:41 45:45 40:40 88:88 45:45 41:41 2:2 83:83 41:41 34:34 0:0 28:28 43:43 74:74 34:34 15:15 15:15 ; 
L -41 -6 9 26 14 32 -38 -10 -43 7 30 34 -40 46 -41 29 18 -2 -38 23 -10 -26 37 -12 -11 -24 -16 -34 -4 32 32 -5 -49 9 22 32 -30 20 -1 42 40 -6 3 -17 -7 -20 40 17 42 36 37 44 9 -39 27 16 -27 26 23 -11 -30 29 -16 -32 -6 -27 29 34 -8 -44 7 -2 -45 41 -48 47 -10 -19 10 1 -13 -45 44 -46 -33 -29 27 1 -41 48 -9 13 37 -31 -36 5 -43 28 30 -35 38 -13 34 -34 7 -1 -49 -20 5 2 -50 29 1 -49 44 13 -10 39 -31 42 -42 -47 -12 -1 -10 34 3 47 -2 42 20 24 6 -26 31 1 -12 -7 43 -6 -33 -41 40 13 5 -24 12 -6 20 12 14 13 -45 -12 50 49 -46 26 -35 27 3 -33 31 -23 42 -8 -41 18 7 6 -40 35 -6 -16 5 -41 20 22 12 -6 -20 33 7 46 36 30 -49 2 -20 -27 -24 -26 36 30 3 -40 10 -13 -3 11 ; 
97 12 81 38 59 64 69 18 11 70 86 22 4 81 100 98 58 24 58 89 90 56 9 58 62 49 15 95 17 73 72 46 93 60 33 64 21 52 27 16 62 17 38 59 14 85 1 65 22 11 86 44 45 91 5 55 71 92 59 63 60 37 94 72 98 74 83 5 74 89 36 26 77 21 95 85 78 38 32 77 94 85 78 81 53 34 95 54 87 52 47 84 16 18 73 1 60 63 15 50 99 12 14 15 19 43 30 53 20 10 31 1 62 34 1 94 67 65 71 26 90 5 51 51 41 44 5 5 82 94 27 100 46 22 94 10 30 23 91 84 26 61 24 30 38 97 87 20 92 3 40 80 61 63 36 74 1 98 71 56 94 93 10 97 25 44 43 22 34 69 79 27 100 97 25 92 52 90 2 89 31 93 76 82 19 99 86 52 6 17 81 89 51 70 5 42 68 21 18 36 16 ; 
L 28 30 3 35 1 13 -1 -12 -22 49 -1 46 -43 7 32 -2 24 -37 26 23 -42 2 -30 40 39 6 -20 -6 -5 4 -18 -29 22 -11 -35 -3 34 32 -6 -24 -37 -19 -42 40 -6 24 36 20 -31 -50 29 42 48 -40 -30 -24 39 -1 3 47 7 -41 -49 23 13 -13 6 -10 3 -29 36 31 33 -2 -5 13 -17 -38 -43 7 12 11 27 -16 -8 -33 47 -27 5 -12 -20 45 27 50 -34 9 2 -27 20 -1 -44 -10 -6 32 -40 46 -42 -26 -9 -7 -13 33 20 49 47 29 -26 -41 14 -43 -31 42 7 20 12 -41 -30 12 10 -45 1 -40 41 -34 -29 9 -41 38 -49 9 -42 -13 12 -30 -27 48 5 37 45 2 -7 44 -10 -26 36 16 6 34 30 -27 18 -32 -10 17 -20 35 49 40 46 -6 41 46 36 -16 23 -10 26 14 -34 41 -33 10 -44 -20 6 31 7 -26 -16 -1 -12 38 -13 34 -44 8 5 -32 -3 11 ; 
15:15 15:15 20:20 96:96 64:64 77:77 94:94 142:142 2:2 54:54 56:56 58:58 38:38 70:70 140:140 57:57 14:14 18:18 9:9 26:26 72:72 94:94 42:42 74:74 74:74 58:58 132:132 16:16 66:66 98:98 13:13 58:58 23:23 36:36 123:123 24:24 59:59 43:43 52:52 46:46 107:107 38:38 74:74 6:6 17:17 37:37 24:24 73:73 13:13 98:98 1:1 28:28 78:78 35:35 3:3 48:48 54:54 285:285 23:23 5:5 33:33 95:95 135:135 13:13 67:67 15:15 27:27 42:42 104:104 40:40 57:57 73:73 14:14 57:57 10:10 14:14 24:24 14:14 123:123 91:91 23:23 46:46 44:44 71:71 25:25 73:73 70:70 39:39 34:34 75:75 3:3 69:69 65:65 32:32 17:17 63:63 69:69 32:32 48:48 27:27 58:58 8:8 125:125 62:62 5:5 81:81 37:37 45:45 38:38 58:58 55:55 129:129 32:32 53:53 47:47 32:32 79:79 56:56 30:30 15:15 97:97 26:26 67:67 51:51 85:85 20:20 89:89 56:56 39:39 37:37 70:70 64:64 24:24 83:83 5:5 5:5 19:19 49:49 121:121 60:60 49:49 64:64 28:28 18:18 19:19 52:52 24:24 47:47 91:91 77:77 26:26 36:36 97:97 104:104 48:48 46:46 97:97 21:21 31:31 23:23 54:54 89:89 99:99 100:100 66:66 61:61 60:60 31:31 53:53 0:0 106:106 51:51 27:27 1:1 26:26 90:90 50:50 177:177 7:7 53:53 34:34 28:28 77:77 37:37 77:77 116:116 15:15 57:57 20:20 125:125 34:34 44:44 12:12 14:14 2:2 102:102 7:7 46:46 87:87 36:36 16:16 ; 
L -48 -14 10 -49 12 -27 6 18 -22 -26 -43 33 13 -5 -35 10 -4 -13 48 6 26 19 -6 -43 -48 37 28 -42 44 -27 -25 20 -12 -44 -14 -7 36 -35 -10 6 47 5 45 -38 -2 15 -14 -50 -42 3 -17 3 3 -28 9 8 -16 44 45 -31 1 -12 -29 1 -30 -41 40 29 -22 -46 -9 -4 45 22 -15 -5 2 -7 27 45 30 -38 35 -4 11 6 -7 -44 -15 23 -40 49 24 -42 -12 -17 -20 31 15 19 18 24 21 -25 49 10 45 -31 -41 14 -25 31 30 -14 -19 41 -23 24 50 -36 35 -8 10 -48 -5 -44 34 -5 29 -46 37 -45 -50 40 45 23 -49 -4 -37 -12 -12 -17 2 -21 -20 -14 -47 5 -17 -21 -31 3 31 -4 4 -5 -5 37 49 26 24 -38 -41 -8 3 -1 9 -43 36 15 -17 8 -20 -16 -31 20 -23 -15 -28 -15 24 -7 34 44 -40 48 30 32 47 -42 42 49 11 -38 42 -4 -5 20 -2 44 ; 
36 26 83 84 48 51 20 63 20 54 42 48 100 18 18 74 26 16 33 73 10 12 37 69 32 60 39 20 46 3 79 72 84 92 96 68 74 84 97 16 59 19 43 48 8 23 74 69 63 71 45 2 25 31 31 42 18 49 9 66 100 94 11 96 48 74 5 22 5 57 63 62 61 61 44 86 22 23 60 2 8 82 8 10 88 83 11 33 53 39 44 31 98 12 46 17 79 59 33 40 97 87 11 65 20 49 48 72 12 12 52 48 52 58 55 75 5 97 87 43 88 79 92 65 27 77 91 30 32 8 66 51 71 12 94 94 80 95 60 59 30 92 39 6 45 67 77 37 70 73 7 95 28 38 10 34 32 70 92 67 45 57 55 11 9 25 87 48 94 99 26 75 25 64 25 47 2 55 74 100 38 67 40 97 12 89 95 46 45 66 12 37 43 50 45 69 48 15 30 88 94 ; 
L -34 4 -8 17 -15 -29 44 48 6 12 18 14 -24 49 18 -7 35 -8 31 7 44 15 14 19 6 -19 37 34 -17 -3 -2 25 -14 48 -30 12 -10 6 8 33 13 -41 19 14 47 -37 -29 5 1 48 -46 42 -28 -49 24 50 21 45 -31 -41 -27 -15 -47 -13 -20 31 15 29 -15 -40 -49 -8 -4 26 5 -4 -25 20 -27 -10 12 3 24 30 7 -43 32 22 -31 27 5 5 -38 5 6 -5 47 20 38 12 -16 -3 -10 40 11 -2 -30 -28 -17 -38 31 -49 1 -23 -23 -38 -23 15 -3 36 31 -44 -10 -36 42 -43 -48 37 -17 -14 -50 -42 -9 -4 45 45 -26 -17 3 -22 -40 30 -20 5 -16 44 45 -28 -24 -20 45 49 -46 -49 4 42 -14 -7 -4 -9 -12 -4 -5 45 44 -43 40 2 -48 -25 -35 -50 -42 12 44 35 11 -6 35 -26 -15 -41 -31 41 -42 -20 -21 -45 36 5 -9 21 37 23 24 -1 10 22 -2 44 ; 
54:54 12:12 28:28 75:75 26:26 44:44 91:91 57:57 30:30 30:30 60:60 37:37 72:72 37:37 58:58 39:39 21:21 79:79 57:57 9:9 45:45 9:9 117:117 20:20 42:42 37:37 44:44 39:39 83:83 25:25 33:33 30:30 52:52 36:36 59:59 58:58 43:43 16:16 70:70 30:30 100:100 11:11 75:75 55:55 17:17 84:84 4:4 32:32 38:38 5:5 65:65 5:5 20:20 101:101 63:63 87:87 42:42 69:69 72:72 12:12 36:36 34:34 61:61 30:30 33:33 55:55 33:33 105:105 26:26 94:94 68:68 96:96 18:18 30:30 25:25 68:68 16:16 72:72 33:33 127:127 105:105 70:70 58:58 20:20 85:85 93:93 16:16 61:61 59:59 6:6 49:49 32:32 11:11 29:29 129:129 10:10 37:37 24:24 35:35 37:37 83:83 63:63 27:27 22:22 50:50 42:42 79:79 93:93 36:36 44:44 63:63 177:177 35:35 19:19 40:40 46:46 56:56 39:39 67:67 148:148 54:54 7:7 30:30 104:104 39:39 66:66 32:32 60:60 29:29 70:70 69:69 63:63 132:132 62:62 61:61 36:36 38:38 48:48 2:2 50:50 60:60 12:12 56:56 14:14 13:13 49:49 9:9 39:39 14:14 16:16 0:0 38:38 47:47 181:181 32:32 103:103 52:52 68:68 51:51 50:50 10:10 34:34 92:92 80:80 57:57 38:38 116:116 63:63 10:10 56:56 25:25 64:64 7:7 52:52 15:15 70:70 41:41 47:47 104:104 30:30 62:62 68:68 43:43 36:36 64:64 31:31 10:10 58:58 86:86 14:14 25:25 63:63 119:119 37:37 16:16 27:27 64:64 164:164 10:10 88:88 94:94 ; 
L -47 5 29 49 -10 -15 -22 -37 -14 11 12 -17 49 38 5 32 47 -1 27 -5 34 7 37 35 -3 -28 -5 -25 -11 -49 29 49 29 7 42 6 9 46 10 41 10 22 47 -24 -50 24 -41 46 -32 -35 -5 19 38 -14 -29 -43 -47 -34 19 30 35 36 -42 -40 17 -40 41 -50 -1 1 -3 -30 42 -31 -36 -15 -48 -50 -32 3 -23 4 47 12 -12 44 3 26 -46 22 -42 25 11 13 25 39 17 -39 -29 25 36 17 -23 -2 49 7 45 41 38 -41 34 49 -1 -6 26 1 19 -42 -28 25 25 -40 38 -27 47 -43 -50 -4 35 -36 50 -7 30 -28 26 -42 1 29 -10 42 48 -36 12 15 42 27 2 -45 30 22 25 49 5 25 -16 8 39 24 47 -8 26 2 -44 -10 -34 28 21 7 32 -25 -2 9 -5 -13 16 -8 -4 11 5 37 -48 50 -42 -49 -48 -50 21 4 -35 47 -48 48 24 10 7 -27 16 41 39 -11 ; 
45 88 96 16 49 76 81 45 67 16 46 85 91 65 96 29 74 98 88 55 52 48 2 7 79 55 73 58 99 29 27 100 14 23 30 17 16 72 87 53 20 74 24 35 28 55 82 20 19 23 66 27 83 83 66 4 3 71 93 23 95 54 44 82 38 36 67 68 39 86 80 83 90 52 49 25 92 94 77 98 92 54 37 91 36 48 21 45 66 57 67 39 81 77 33 100 38 6 32 35 32 100 28 81 42 36 72 25 53 51 12 56 18 92 74 68 15 44 58 6 94 67 43 39 51 7 72 94 84 67 21 42 51 38 87 16 62 29 45 56 24 52 43 72 14 84 73 95 32 70 3 86 56 5 4 50 69 70 89 49 14 37 95 47 99 99 20 70 3 16 71 43 52 30 57 82 62 48 61 59 54 80 80 94 44 65 55 74 7 65 73 2 44 17 47 53 41 12 88 37 78 ; 
L -47 5 29 41 2 25 -30 47 -27 24 -29 40 42 -2 49 -47 27 1 29 40 -23 -41 -50 -22 -45 41 -42 -21 12 48 42 42 -10 -38 -4 25 8 -1 -1 34 -49 -10 -36 -35 7 -7 47 -16 27 42 41 -50 -1 -27 10 15 25 36 17 -46 -9 -49 -19 29 49 29 34 47 -46 3 -25 -5 -49 24 6 -48 -4 43 -50 35 44 -50 24 17 -39 -10 44 47 -19 5 -32 5 32 47 50 -29 -13 -11 36 -24 43 50 -39 -25 9 -22 2 21 17 49 34 37 32 -42 -37 -5 -11 28 -26 -48 49 -28 -5 4 -23 -11 -41 -8 26 35 -3 -25 14 19 -30 16 26 -42 -10 -41 -10 -37 -42 -7 42 -25 35 14 5 -12 3 -31 -36 -30 -4 30 22 38 -28 16 12 7 48 47 32 -38 15 -38 3 -17 40 -25 -25 8 -13 -1 -46 39 -5 34 -36 7 -15 -6 26 -2 -12 -11 -45 -22 -49 35 -48 7 -48 50 -1 28 39 -11 ; 
45:45 88:88 96:96 15:15 88:88 71:71 46:46 44:44 44:44 59:59 36:36 62:62 82:82 4:4 42:42 45:45 51:51 46:46 29:29 127:127 45:45 15:15 21:21 43:43 115:115 21:21 40:40 71:71 24:24 18:18 50:50 63:63 46:46 84:84 25:25 13:13 77:77 7:7 104:104 89:89 50:50 68:68 66:66 54:54 116:116 54:54 30:30 30:30 41:41 125:125 22:22 68:68 39:39 78:78 46:46 81:81 44:44 32:32 100:100 55:55 45:45 56:56 12:12 36:36 100:100 14:14 43:43 71:71 84:84 25:25 0:0 5:5 56:56 25:25 37:37 79:79 23:23 56:56 16:16 33:33 157:157 21:21 55:55 65:65 6:6 45:45 9:9 55:55 24:24 23:23 50:50 9:9 29:29 74:74 18:18 67:67 73:73 77:77 81:81 53:53 103:103 37:37 85:85 100:100 26:26 149:149 30:30 121:121 31:31 88:88 7:7 19:19 54:54 62:62 41:41 59:59 61:61 51:51 24:24 63:63 44:44 68:68 73:73 50:50 27:27 120:120 11:11 70:70 14:14 66:66 79:79 89:89 5:5 59:59 19:19 42:42 49:49 31:31 130:130 20:20 53:53 8:8 67:67 30:30 37:37 9:9 29:29 61:61 32:32 15:15 197:197 119:119 49:49 85:85 65:65 40:40 70:70 37:37 41:41 71:71 122:122 16:16 42:42 88:88 6:6 73:73 35:35 44:44 51:51 83:83 18:18 67:67 94:94 114:114 58:58 14:14 86:86 45:45 39:39 52:52 22:22 85:85 15:15 77:77 74:74 31:31 106:106 46:46 48:48 44:44 38:38 47:47 29:29 51:51 85:85 18:18 117:117 35:35 74:74 37:37 78:78 ; 
L -35 -35 -25 33 -3 24 4 -48 -21 10 -49 -35 -25 4 32 -46 45 1 -37 -48 49 11 17 -41 -21 35 31 -29 -44 27 43 -26 -36 -35 -39 25 -4 42 -17 -22 14 -1 -50 -13 -46 2 26 34 48 -15 5 -4 35 29 -2 -45 -22 27 -44 -34 39 24 -16 -34 23 10 6 -30 29 -49 -34 -17 1 11 -45 -4 -44 -17 16 -44 -28 45 14 -9 19 50 21 -41 3 24 9 -18 -2 27 36 46 -17 -1 -49 -13 12 47 39 -6 -50 19 31 44 25 -14 36 -31 -48 15 11 28 28 -8 1 -11 -2 -47 1 -37 37 5 -36 25 -15 -14 19 40 -28 28 41 -13 26 -10 -9 -1 -47 -6 -16 40 -31 50 28 -1 46 -30 -34 -4 -42 -19 -27 -39 20 18 24 46 -4 44 -13 14 38 -46 26 -50 21 -49 20 -49 8 -3 22 34 -38 23 25 36 31 -31 -22 -1 34 7 45 1 17 39 -27 40 -28 -33 -31 24 -25 -21 10 -16 ; 
72 61 57 87 82 44 69 43 6 87 24 80 7 24 62 63 86 92 21 9 96 78 14 86 97 47 11 28 51 93 98 54 57 35 34 7 76 70 69 23 15 93 52 99 9 84 90 77 74 21 5 21 88 72 78 27 76 95 92 56 37 19 71 53 45 46 95 41 76 95 72 6 65 28 91 96 81 12 36 16 95 15 62 16 25 40 4 11 78 78 61 32 64 14 56 65 12 96 50 30 81 38 78 37 69 8 87 78 16 74 7 50 17 27 7 22 8 54 10 6 77 84 77 7 37 56 63 30 26 18 10 9 85 60 26 49 6 12 69 28 33 14 99 83 38 100 16 77 20 4 89 28 74 51 36 39 84 11 21 44 36 5 99 37 30 32 82 86 97 34 81 55 5 49 99 100 92 51 24 72 76 3 63 70 40 52 94 65 40 76 55 29 6 7 26 8 79 22 16 84 37 ; 
L 46 -50 -2 -17 5 43 -31 30 -29 47 -11 36 31 -31 -34 -24 6 -14 17 30 2 -15 -39 14 -23 -49 -35 44 -10 21 -28 17 -6 -50 11 10 35 -20 21 -45 -1 -1 18 -46 20 -49 10 37 -46 8 14 -21 25 35 35 -44 -11 -3 -3 41 -34 14 -3 8 -36 -37 -26 27 45 1 9 -39 -17 29 45 27 31 -12 1 -28 -50 -21 19 -13 -7 -28 24 -22 21 48 45 25 -11 -1 44 40 49 -5 -2 -15 19 40 44 4 -46 -25 -26 -16 31 -40 16 -9 -28 28 -4 26 35 31 -25 -18 -36 6 25 49 27 9 2 -38 17 -1 -45 46 -1 -42 25 -14 13 37 -1 -17 44 -48 -34 -4 4 32 48 -39 47 -24 -28 22 -39 -49 34 -49 41 -33 34 13 -24 -23 38 -34 -22 46 27 16 -44 -36 -27 -39 -36 -35 15 50 -4 26 -50 34 1 19 -4 -24 -28 33 -22 4 -25 48 19 31 13 -41 42 29 -47 -1 10 -16 ; 
14:14 75:75 82:82 12:12 94:94 139:139 28:28 5:5 37:37 23:23 44:44 28:28 76:76 3:3 5:5 26:26 89:89 6:6 38:38 83:83 11:11 10:10 57:57 25:25 70:70 23:23 80:80 34:34 135:135 78:78 16:16 60:60 70:70 0:0 34:34 71:71 100:100 22:22 67:67 82:82 54:54 49:49 35:35 45:45 52:52 55:55 14:14 61:61 87:87 110:110 46:46 80:80 77:77 57:57 61:61 108:108 4:4 164:164 95:95 78:78 24:24 3:3 46:46 27:27 65:65 115:115 9:9 26:26 16:16 65:65 15:15 19:19 19:19 108:108 23:23 27:27 63:63 44:44 94:94 77:77 16:16 96:96 15:15 88:88 81:81 44:44 55:55 55:55 54:54 6:6 90:90 59:59 38:38 28:28 103:103 8:8 10:10 48:48 3:3 74:74 18:18 9:9 47:47 43:43 36:36 40:40 37:37 29:29 63:63 38:38 83:83 19:19 22:22 60:60 19:19 4:4 41:41 11:11 88:88 10:10 41:41 108:108 9:9 23:23 64:64 72:72 31:31 29:29 7:7 72:72 92:92 86:86 30:30 39:39 41:41 74:74 76:76 108:108 7:7 44:44 19:19 40:40 15:15 28:28 32:32 62:62 41:41 27:27 28:28 69:69 22:22 49:49 22:22 154:154 41:41 49:49 31:31 75:75 10:10 19:19 31:31 25:25 51:51 92:92 100:100 78:78 52:52 27:27 16:16 86:86 79:79 39:39 33:33 35:35 57:57 85:85 86:86 38:38 86:86 74:74 11:11 18:18 13:13 69:69 120:120 38:38 87:87 32:32 76:76 63:63 3:3 87:87 39:39 52:52 84:84 43:43 60:60 87:87 71:71 84:84 37:37 ; 
L -24 7 -27 47 43 -38 23 30 46 -6 -32 -17 11 -8 1 -30 44 49 -22 27 16 -43 -42 13 17 -23 2 -33 -41 -19 38 -5 1 -12 22 -36 26 -25 31 33 11 46 -19 46 -7 22 38 13 -21 47 49 -38 -28 28 -40 -7 -31 -29 23 -14 30 -38 38 23 -7 -46 31 -19 34 -9 -22 -14 -41 -37 -27 18 46 -45 15 -18 5 -48 50 -37 -22 -44 -30 15 23 -46 13 50 -17 2 -16 -32 -26 -5 -12 -12 37 30 38 32 -27 -45 -9 -36 -47 30 50 14 32 -20 -10 31 23 -33 -25 35 -24 4 -7 -15 43 10 17 -24 -28 -44 28 11 -16 24 5 -18 7 23 -2 -14 -38 27 -5 -33 -25 1 -48 47 35 -40 -41 -8 -34 2 -12 -9 -17 -12 -38 37 -9 -18 29 -21 22 -16 35 -8 -14 7 -2 20 -25 -31 14 -28 19 -19 11 -37 -4 32 -46 -47 -29 -10 31 -11 13 38 42 -30 34 21 -6 -33 5 -2 -29 35 ; 
2 12 27 33 76 22 78 57 17 58 11 32 45 48 80 20 42 80 98 47 22 70 45 60 67 17 84 98 23 82 32 51 32 62 8 99 9 52 20 83 84 66 48 57 63 63 8 22 4 40 10 69 45 16 100 16 72 8 26 62 66 2 100 29 11 35 80 72 71 54 78 15 18 68 81 23 30 65 16 63 45 2 88 100 13 79 34 29 57 66 28 47 42 64 79 95 19 28 45 46 32 39 20 96 55 92 55 11 41 60 95 14 71 95 33 22 18 18 97 32 96 20 34 52 54 99 83 1 33 59 58 20 19 64 58 43 7 46 27 70 10 36 11 19 43 29 83 20 84 37 25 53 32 27 15 25 10 33 21 84 97 47 72 20 79 8 45 84 29 66 59 20 72 49 1 48 87 52 16 92 74 62 93 52 25 12 73 11 83 37 19 75 15 88 41 40 63 38 31 8 74 ; 
L -8 -22 21 -29 -9 -44 27 -10 37 25 33 13 5 -23 -25 -26 31 38 -2 -31 14 32 9 37 9 -18 -37 38 -49 -38 38 -17 23 -33 20 -25 7 -11 -28 44 38 -41 -32 4 13 46 11 5 14 -12 -44 -30 -29 21 1 -27 -40 5 50 -45 -2 15 30 24 -29 23 23 -33 -38 -19 27 28 16 -15 -27 12 -7 38 40 16 37 8 -23 -7 18 10 18 32 1 -12 47 -13 31 2 23 -2 -22 7 30 34 -1 -28 31 -11 14 17 -30 49 -38 -28 28 -22 26 -34 31 -19 8 41 -2 25 38 47 15 16 6 -14 -32 47 36 9 -38 46 7 -48 50 -47 -7 -2 -45 -43 -17 42 -42 -37 43 -18 -19 17 -30 22 46 -12 -12 -50 -6 11 -35 -31 -14 -47 -36 -5 16 -19 -22 24 24 -30 11 13 -4 24 -35 33 34 21 -32 -17 7 -35 46 5 41 33 -46 -10 -46 19 23 30 -27 46 -22 14 -43 -20 -48 5 -29 35 ; 
126:126 27:27 79:79 20:20 72:72 10:10 51:51 45:45 97:97 29:29 43:43 139:139 65:65 0:0 31:31 18:18 57:57 38:38 64:64 57:57 20:20 71:71 82:82 19:19 49:49 117:117 60:60 86:86 45:45 46:46 100:100 1:1 17:17 18:18 8:8 72:72 35:35 3:3 20:20 58:58 21:21 12:12 22:22 59:59 39:39 47:47 71:71 32:32 20:20 27:27 7:7 34:34 49:49 32:32 17:17 34:34 34:34 13:13 33:33 14:14 13:13 3:3 91:91 39:39 64:64 26:26 16:16 79:79 100:100 143:143 38:38 15:15 25:25 78:78 41:41 33:33 39:39 7:7 64:64 15:15 33:33 156:156 72:72 46:46 7:7 33:33 10:10 46:46 63:63 62:62 13:13 18:18 87:87 32:32 93:93 45:45 41:41 81:81 44:44 64:64 0:0 7:7 16:16 50:50 13:13 34:34 41:41 2:2 69:69 45:45 16:16 36:36 34:34 46:46 103:103 72:72 59:59 53:53 36:36 110:110 45:45 34:34 61:61 46:46 42:42 20:20 65:65 80:80 41:41 11:11 12:12 106:106 35:35 13:13 88:88 108:108 8:8 31:31 4:4 65:65 50:50 33:33 33:33 97:97 47:47 55:55 25:25 31:31 7:7 68:68 53:53 28:28 46:46 24:24 87:87 35:35 14:14 85:85 34:34 13:13 65:65 110:110 45:45 20:20 100:100 60:60 13:13 70:70 33:33 4:4 72:72 20:20 96:96 98:98 10:10 88:88 25:25 32:32 98:98 24:24 97:97 62:62 47:47 23:23 54:54 56:56 69:69 57:57 39:39 57:57 4:4 79:79 18:18 21:21 132:132 74:74 111:111 13:13 69:69 8:8 74:74 ; 
L 4 -12 -1 -28 40 50 32 -21 -31 34 44 33 49 11 -27 5 -29 -19 -14 20 -25 -40 27 -19 -16 50 -16 41 -34 49 4 35 -6 -24 2 28 -17 -50 23 27 -37 18 -14 6 -46 -28 12 -10 -31 30 -24 -3 48 -15 15 40 -12 13 36 16 -8 21 7 -33 -29 40 -21 35 36 -12 29 25 47 9 -9 2 -39 -20 42 -47 24 -23 46 27 20 41 13 46 -17 37 -34 19 15 -34 -6 42 33 15 -42 10 -11 -21 -37 1 -49 2 -38 36 -14 16 14 -19 39 -50 37 22 -20 -1 -17 45 -49 10 47 34 11 -49 29 -16 15 -19 -49 -13 -31 -8 40 20 41 23 -18 -42 35 6 -6 6 -32 -30 -4 -6 9 40 19 8 -4 38 -15 20 44 2 -28 1 -42 -6 14 20 8 9 18 41 23 26 18 35 -35 -9 22 41 35 1 39 2 -33 34 31 42 27 -13 -15 -27 46 15 20 -40 22 28 42 -5 -41 18 47 -14 ; 
43 50 76 65 49 31 32 18 86 99 85 91 13 70 78 78 82 89 98 33 84 73 48 37 12 24 98 82 50 97 78 41 11 40 48 28 65 46 90 49 41 78 60 89 59 24 38 16 95 18 16 23 14 40 28 58 52 44 35 10 40 93 93 58 38 54 81 18 23 77 61 73 63 38 77 1 10 76 18 96 42 24 55 48 63 9 43 89 31 83 80 51 13 42 54 68 38 70 78 85 34 70 38 18 68 5 49 36 61 84 74 1 78 34 64 73 17 72 94 36 54 20 7 26 71 45 21 25 54 58 59 65 68 38 52 18 63 5 96 1 80 97 52 68 55 4 56 46 29 90 69 28 29 17 4 38 3 50 74 25 30 86 93 44 23 72 22 95 2 80 77 19 8 78 76 40 54 38 46 7 8 14 26 89 70 92 39 38 51 7 55 30 66 99 28 46 71 42 81 34 32 ; 
L 8 -29 34 32 -42 35 6 -6 -13 42 -50 -37 1 6 -29 40 -16 36 27 -37 27 28 -35 41 -11 -49 -36 40 20 -22 -49 18 -47 14 50 14 -37 -35 -24 -6 -24 -27 -42 20 18 19 -15 14 4 30 14 46 -10 -31 13 -4 1 -1 -11 -49 -11 20 -39 -15 -31 42 27 -1 -44 -34 31 21 -32 -50 -40 -15 -49 -31 -46 25 -16 40 -46 13 -47 -39 21 20 20 35 20 -41 34 7 -33 6 2 38 -21 34 -18 29 3 19 -12 -35 -16 -33 25 -27 -21 39 -19 -23 8 9 -35 -4 -49 -15 -12 27 28 -5 37 20 6 -8 -2 -44 -42 -40 -9 18 2 -28 -41 -22 -33 -42 12 -4 41 -20 -28 -8 -29 -19 34 -5 13 -16 50 -16 41 -34 -26 15 -14 -6 10 47 -41 -9 46 10 15 -2 -18 -2 24 23 -23 -23 -9 33 28 36 45 -49 1 -17 15 -38 -19 15 -48 -6 9 40 19 -40 22 17 -42 -17 -30 -12 47 -14 ; 
50:50 63:63 5:5 125:125 71:71 80:80 97:97 52:52 40:40 83:83 27:27 36:36 18:18 60:60 44:44 54:54 51:51 28:28 85:85 41:41 33:33 105:105 11:11 45:45 15:15 83:83 53:53 39:39 18:18 67:67 94:94 1:1 82:82 49:49 75:75 71:71 91:91 36:36 2:2 30:30 40:40 23:23 98:98 18:18 9:9 6:6 105:105 41:41 20:20 56:56 37:37 96:96 35:35 95:95 61:61 37:37 51:51 78:78 11:11 70:70 75:75 52:52 23:23 48:48 16:16 72:72 11:11 78:78 66:66 85:85 99:99 86:86 18:18 32:32 31:31 73:73 55:55 141:141 27:27 57:57 72:72 66:66 46:46 46:46 51:51 63:63 114:114 56:56 21:21 33:33 12:12 81:81 22:22 18:18 71:71 96:96 13:13 41:41 31:31 30:30 82:82 11:11 15:15 18:18 21:21 23:23 20:20 31:31 29:29 37:37 39:39 30:30 13:13 66:66 16:16 72:72 53:53 41:41 78:78 95:95 13:13 45:45 92:92 63:63 44:44 69:69 68:68 13:13 66:66 11:11 15:15 65:65 68:68 58:58 122:122 30:30 63:63 40:40 140:140 38:38 18:18 50:50 25:25 20:20 19:19 41:41 40:40 89:89 33:33 62:62 77:77 75:75 24:24 98:98 82:82 50:50 71:71 49:49 30:30 21:21 63:63 7:7 42:42 56:56 5:5 76:76 43:43 116:116 40:40 89:89 17:17 57:57 36:36 93:93 33:33 12:12 19:19 46:46 113:113 54:54 36:36 164:164 11:11 4:4 45:45 32:32 40:40 52:52 29:29 90:90 69:69 22:22 66:66 39:39 86:86 40:40 64:64 32:32 17:17 34:34 32:32 ; 
L -12 14 -33 -48 -30 -43 -6 4 -50 47 -12 7 -9 -6 31 40 -4 -30 29 -47 41 1 -28 -29 -28 10 23 44 -10 -31 -20 -13 -25 -23 -33 5 -38 47 -49 7 -31 33 29 -35 -25 16 -37 3 -47 38 27 -19 -30 -8 39 14 22 -47 16 20 39 -20 -11 35 42 25 13 34 -28 -21 -14 -1 -8 -12 22 20 20 15 20 20 11 -41 28 -27 -22 -4 -6 29 29 18 44 -29 -36 31 39 -21 -30 -24 34 40 -4 32 -35 -1 -43 25 20 45 49 -27 7 -33 -31 -33 26 18 -27 26 -9 -18 5 -37 33 -47 9 49 -6 43 34 -20 26 -28 -3 -19 -42 -46 -43 -40 8 3 -19 29 25 28 -47 -15 2 -46 -1 -25 -18 34 24 -43 -18 36 7 -16 14 45 17 26 -6 37 41 -20 -19 2 -7 8 -2 43 3 -17 -34 -13 -46 21 -18 24 -33 -11 2 33 1 19 -29 26 20 -11 -18 25 1 48 4 40 -32 -7 -49 -38 ; 
61 94 91 55 98 60 19 14 33 41 16 41 26 22 90 58 67 93 100 79 95 49 25 71 89 71 86 53 55 74 89 33 18 42 13 71 32 17 67 23 19 59 58 12 63 16 21 92 5 97 10 58 25 62 49 84 80 30 9 63 41 77 43 37 67 82 12 10 29 82 52 54 44 17 38 81 75 53 55 56 2 66 90 34 65 9 55 89 50 45 71 49 97 9 15 13 88 42 77 87 23 84 34 13 29 59 90 41 42 31 65 79 40 34 46 29 28 13 76 12 41 27 3 13 48 100 47 71 37 28 68 91 29 1 6 59 100 30 34 68 64 77 47 10 18 38 37 7 65 82 65 89 21 12 20 31 32 92 67 13 69 37 92 61 96 18 88 37 27 51 13 86 31 73 92 89 13 3 87 75 73 55 13 15 86 70 63 33 5 53 11 35 32 43 88 51 64 61 68 38 52 ; 
L -12 -18 5 -1 26 4 -11 19 -29 48 2 -46 -37 18 22 11 39 -20 -16 25 35 -9 -21 -4 -19 22 -33 -11 25 28 -47 12 -47 -14 -39 -47 -13 -40 -31 -33 -2 33 -14 -6 29 -9 32 -35 23 25 -1 -1 20 31 -43 -18 8 -31 20 -41 29 40 -18 -29 42 40 -4 49 -33 5 41 -29 -33 7 -28 -20 -25 -45 -14 13 -27 -21 -35 49 19 32 -7 14 -33 -50 48 31 29 -34 18 3 -3 20 -36 41 40 -37 33 6 30 -13 6 28 -42 34 38 27 -8 -29 -20 -26 1 -9 -7 -39 10 -20 -20 -25 1 38 -16 47 -19 34 -23 -4 31 -26 -6 43 -28 4 -47 18 27 47 20 -25 7 -44 11 30 8 3 -19 10 -44 -49 -22 12 8 21 28 43 3 -17 -27 26 30 -7 -20 -18 47 -28 -15 46 30 24 -24 -29 33 1 43 -34 -43 2 -2 -43 -24 -17 -6 -34 45 25 -36 -16 20 15 37 26 -46 7 -49 -38 ; 
61:61 34:34 41:41 4:4 47:47 40:40 35:35 96:96 63:63 113:113 34:34 7:7 39:39 6:6 66:66 15:15 49:49 77:77 9:9 16:16 63:63 39:39 27:27 69:69 35:35 31:31 17:17 55:55 50:50 10:10 18:18 74:74 16:16 52:52 84:84 56:56 40:40 6:6 51:51 34:34 33:33 40:40 91:91 38:38 89:89 111:111 53:53 34:34 19:19 42:42 14:14 78:78 40:40 89:89 118:118 20:20 22:22 33:33 73:73 18:18 57:57 62:62 77:77 45:45 44:44 60:60 67:67 40:40 22:22 71:71 74:74 19:19 58:58 156:156 33:33 17:17 90:90 73:73 13:13 43:43 86:86 40:40 134:134 105:105 97:97 113:113 45:45 52:52 133:133 27:27 72:72 89:89 66:66 40:40 89:89 29:29 3:3 68:68 94:94 83:83 15:15 49:49 3:3 7:7 72:72 95:95 16:16 78:78 32:32 90:90 43:43 10:10 9:9 72:72 28:28 5:5 70:70 32:32 85:85 38:38 16:16 14:14 56:56 32:32 6:6 42:42 30:30 9:9 74:74 31:31 53:53 65:65 4:4 31:31 85:85 71:71 89:89 43:43 75:75 66:66 92:92 11:11 67:67 79:79 76:76 37:37 16:16 78:78 28:28 68:68 91:91 39:39 55:55 69:69 5:5 38:38 17:17 18:18 82:82 48:48 26:26 73:73 68:68 13:13 47:47 57:57 0:0 9:9 64:64 13:13 125:125 33:33 48:48 45:45 11:11 37:37 51:51 86:86 23:23 30:30 27:27 86:86 36:36 47:47 34:34 44:44 53:53 56:56 41:41 11:11 57:57 148:148 103:103 53:53 70:70 40:40 36:36 23:23 15:15 38:38 52:52 ; 
L 26 -14 8 -4 14 44 -18 -6 1 3 -35 8 -7 -38 -9 -34 20 -14 26 -12 -21 1 -38 -21 5 37 42 -26 38 15 7 44 50 16 -50 -27 -48 -15 -30 35 1 43 -3 -24 26 47 34 33 38 -48 -25 47 26 42 47 -46 -29 -13 -26 7 -13 39 33 27 27 31 -24 -50 -19 43 39 18 18 21 13 -7 33 -22 -12 -41 33 20 -48 -36 23 -10 6 36 -17 -28 28 -36 -19 -32 19 -36 -15 -2 4 -2 32 -29 -36 -12 -33 43 -26 -43 -44 17 -28 17 40 -7 -24 -35 -24 46 -8 -3 -45 -41 -21 21 47 -33 -20 -30 12 28 2 9 -17 4 -5 49 2 20 17 44 16 39 8 6 -15 -18 -45 28 27 -23 47 -22 36 -46 -39 31 -49 -10 47 -45 14 -1 3 33 -21 -42 -34 -48 -30 35 -24 -50 -19 10 -2 -42 29 -10 27 -14 -35 40 20 21 10 39 16 9 35 -46 -15 36 35 29 43 -7 12 17 12 32 ; 
17 81 80 85 46 16 95 15 14 52 65 32 34 9 36 45 45 68 37 64 73 30 42 56 31 93 33 97 12 59 25 55 89 75 10 12 38 8 52 62 48 97 95 88 99 54 71 84 75 60 29 68 81 63 7 22 32 76 1 79 3 26 35 74 38 47 53 97 81 61 24 93 37 85 90 83 47 94 13 84 51 37 21 30 15 67 9 57 39 40 87 1 25 74 90 84 91 40 60 39 76 41 54 69 83 72 23 6 99 68 25 6 12 63 55 97 71 92 28 86 20 10 51 3 39 28 2 19 42 87 8 87 44 18 1 63 81 20 80 80 54 78 87 10 17 66 59 42 58 92 51 53 90 75 88 42 22 77 10 34 83 45 28 31 81 36 100 6 5 28 52 83 1 21 40 92 54 47 48 63 80 65 4 28 5 87 60 96 78 15 22 28 100 55 17 98 51 57 76 6 100 ; 
L 44 10 -24 -35 -18 12 14 50 21 -32 45 -17 50 -46 -10 35 -19 -1 6 -24 -14 12 -28 -44 -17 -20 -2 35 -36 -16 -23 47 24 33 12 26 -22 38 47 -4 -13 35 -50 -19 3 -17 35 -49 -10 7 14 -4 14 44 -19 32 20 12 39 8 -1 17 -28 17 40 27 31 -36 -36 30 -35 -29 42 2 7 -30 -15 27 -38 -26 -24 -44 36 -26 4 -5 49 3 -28 42 47 21 1 -26 50 9 3 21 -43 18 34 -26 -47 25 37 42 -28 -12 -41 -20 1 -19 38 -2 -27 -33 8 -7 -10 39 -43 -26 38 -41 -29 -29 -46 -39 -15 40 16 39 15 -21 -43 -6 5 21 -7 -27 -46 -10 -39 13 18 13 -33 -48 21 -30 29 -23 20 -48 -7 -33 -22 28 17 -18 46 -35 7 -9 3 8 -9 -2 -42 -34 -48 24 -6 47 -47 -16 -45 -26 -15 -36 -27 -2 45 34 -21 -36 43 -48 33 20 33 43 33 14 31 8 -36 -15 12 32 ; 
28:28 34:34 88:88 21:21 36:36 3:3 33:33 61:61 3:3 32:32 25:25 89:89 35:35 13:13 9:9 66:66 10:10 13:13 32:32 90:90 32:32 17:17 20:20 52:52 80:80 80:80 20:20 56:56 147:147 59:59 63:63 32:32 34:34 85:85 83:83 51:51 26:26 80:80 117:117 83:83 69:69 53:53 148:148 81:81 21:21 47:47 23:23 25:25 77:77 41:41 49:49 41:41 46:46 16:16 151:151 90:90 7:7 36:36 21:21 122:122 23:23 82:82 25:25 6:6 12:12 47:47 47:47 8:8 10:10 23:23 80:80 52:52 54:54 92:92 75:75 7:7 86:86 32:32 104:104 91:91 73:73 48:48 147:147 100:100 23:23 1:1 63:63 44:44 87:87 42:42 7:7 18:18 51:51 62:62 7:7 62:62 23:23 23:23 67:67 9:9 37:37 29:29 157:157 68:68 47:47 33:33 76:76 4:4 84:84 40:40 30:30 41:41 71:71 44:44 31:31 74:74 30:30 34:34 11:11 39:39 99:99 163:163 12:12 23:23 31:31 56:56 10:10 88:88 47:47 40:40 26:26 78:78 56:56 23:23 22:22 14:14 40:40 50:50 12:12 40:40 32:32 24:24 4:4 26:26 12:12 57:57 68:68 44:44 29:29 119:119 66:66 69:69 11:11 21:21 114:114 44:44 25:25 96:96 40:40 46:46 78:78 26:26 19:19 131:131 37:37 75:75 24:24 87:87 6:6 100:100 6:6 76:76 18:18 65:65 35:35 93:93 75:75 66:66 76:76 58:58 76:76 30:30 55:55 55:55 70:70 114:114 91:91 6:6 83:83 27:27 2:2 53:53 55:55 98:98 74:74 26:26 138:138 91:91 52:52 6:6 100:100 ; 
L 28 -1 -48 -11 -13 -27 -36 -21 45 50 -3 21 17 16 50 -17 -29 3 38 -25 40 34 -42 -36 -49 35 -50 9 6 45 -27 -27 27 -13 40 -35 49 -1 -6 -18 -23 -32 29 -22 -5 2 15 27 -49 39 42 -33 -18 -43 23 -11 34 -38 11 22 50 -8 9 -16 -40 16 18 -18 -11 -16 -6 29 20 -6 -35 14 -20 27 41 13 -42 -13 -39 -47 -44 27 -16 -43 -31 -24 34 -11 11 28 -27 4 -49 -9 -33 -32 31 7 9 -2 36 -16 -4 -4 -4 -49 1 -10 -9 34 13 20 48 7 -8 -31 9 -42 3 47 -8 24 47 -11 15 35 -16 43 9 -27 -21 22 -35 13 -37 26 40 -13 -32 37 -12 28 17 13 21 13 -12 -39 19 11 -33 10 -3 -10 -15 18 -34 -19 8 -4 -36 -44 -3 20 26 47 1 -5 26 1 -28 47 -4 -24 13 -47 -10 20 -45 -37 -14 -43 8 10 30 3 26 -4 33 6 -40 13 -1 25 3 -31 ; 
27 1 59 14 34 20 19 92 26 69 67 69 20 88 27 99 15 15 28 27 10 51 4 51 35 31 87 87 62 26 45 99 61 46 50 55 78 60 7 32 89 14 18 4 18 39 93 31 83 66 77 32 20 43 95 57 94 58 35 99 88 83 95 38 41 52 51 72 42 82 4 81 2 44 39 85 71 6 65 24 78 13 63 98 44 52 30 72 10 17 19 96 85 21 7 86 48 61 30 80 78 30 38 79 53 94 52 49 37 26 40 91 2 34 87 75 59 1 89 85 78 39 83 56 9 34 54 23 71 37 68 79 100 43 31 89 57 27 61 30 86 97 41 42 3 76 14 17 53 16 68 91 15 36 12 67 28 63 99 87 96 32 24 10 74 51 99 18 36 47 14 71 21 27 15 33 11 10 24 97 14 4 92 35 44 51 62 44 70 51 51 76 28 5 64 47 21 26 17 78 29 ; 
L 28 -1 11 -22 -11 38 6 1 -8 -2 5 -8 12 -4 -13 -32 -34 -6 -45 -6 21 34 15 -43 29 -50 35 18 -3 -19 -13 -19 -20 10 27 27 -16 22 49 17 49 36 36 -10 20 -16 -43 40 11 35 15 -18 -13 -11 -23 50 -34 -25 -1 47 39 -27 4 -49 39 27 47 -20 -11 -24 21 17 -28 -40 -7 -38 4 -9 44 -39 26 20 28 -27 37 8 -47 -3 42 -36 -20 10 47 3 26 -4 -8 -9 43 -3 -28 12 -37 41 33 49 -6 -4 -13 24 -16 -16 -13 -17 -47 27 -3 -18 35 -40 42 -30 -10 -8 16 -47 1 -29 -9 27 13 11 48 -50 -6 -16 -43 -5 -24 1 4 -13 -9 -23 25 -36 -21 2 -35 -42 26 -32 29 -22 18 -1 -26 9 -14 15 -33 -32 31 7 -4 40 34 11 -45 49 -31 9 14 -27 -10 -21 16 18 -44 -3 45 34 42 -33 40 -50 -33 13 -13 27 -9 48 -13 -37 -35 31 -11 -13 3 -31 ; 
27:27 1:1 103:103 38:38 99:99 35:35 47:47 7:7 98:98 15:15 39:39 19:19 19:19 21:21 45:45 41:41 53:53 26:26 55:55 26:26 45:45 8:8 18:18 73:73 31:31 37:37 64:64 31:31 6:6 14:14 17:17 27:27 8:8 33:33 27:27 99:99 8:8 28:28 24:24 39:39 31:31 35:35 25:25 54:54 65:65 18:18 58:58 17:17 124:124 142:142 23:23 82:82 103:103 85:85 65:65 86:86 58:58 21:21 62:62 59:59 98:98 80:80 14:14 103:103 66:66 30:30 17:17 38:38 18:18 43:43 11:11 20:20 7:7 116:116 37:37 10:10 3:3 52:52 25:25 121:121 81:81 18:18 44:44 14:14 22:22 26:26 9:9 56:56 83:83 25:25 39:39 4:4 14:14 28:28 51:51 76:76 8:8 114:114 49:49 39:39 33:33 76:76 3:3 37:37 34:34 38:38 129:129 35:35 78:78 24:24 2:2 97:97 96:96 53:53 32:32 41:41 50:50 53:53 83:83 99:99 35:35 12:12 70:70 44:44 78:78 49:49 70:70 108:108 57:57 52:52 20:20 34:34 14:14 63:63 40:40 50:50 74:74 47:47 9:9 24:24 54:54 117:117 25:25 46:46 82:82 32:32 45:45 31:31 25:25 111:111 20:20 78:78 18:18 4:4 90:90 10:10 27:27 39:39 135:135 99:99 67:67 80:80 78:78 30:30 94:94 57:57 51:51 31:31 37:37 15:15 35:35 78:78 37:37 7:7 67:67 43:43 84:84 51:51 88:88 99:99 21:21 81:81 0:0 32:32 24:24 77:77 59:59 55:55 24:24 66:66 16:16 54:54 119:119 25:25 88:88 110:110 62:62 123:123 55:55 78:78 29:29 ; 
L -24 -27 29 29 -26 36 -48 32 18 -13 -39 -17 -11 16 -8 -31 -7 4 -4 -18 -26 31 -15 35 26 12 -49 -46 -12 31 -23 44 -23 -33 -41 -34 -45 -3 -42 -21 36 21 -16 -41 -20 41 -27 49 -36 26 -12 -35 -44 -18 -20 38 28 15 47 13 31 33 -23 -47 20 28 -40 -11 -44 -8 31 23 34 44 -48 7 26 11 25 -31 -3 19 -16 -43 3 -28 -37 32 -45 23 -37 -1 25 15 -10 28 -48 -29 -31 -42 7 -33 -46 -13 10 35 -27 -29 -33 -29 -7 16 -19 -35 18 47 32 34 -50 26 -19 19 -37 -27 -42 -18 40 -40 20 -44 -45 -12 23 41 42 -32 -28 -30 39 7 43 -43 5 31 -43 -21 -47 37 -6 -8 -15 -40 -34 -1 -1 46 21 -18 22 -22 -32 -23 -13 46 39 33 -25 -43 -43 38 49 42 10 -38 12 -15 49 28 -10 -45 4 36 -32 -28 29 -32 3 42 25 1 -36 10 -24 16 47 -50 -7 25 42 17 ; 
60 50 69 8 18 86 17 62 14 30 5 53 56 51 1 34 56 88 11 56 51 48 12 13 89 73 72 17 33 51 60 83 31 34 66 46 7 4 75 27 23 96 1 28 89 69 95 80 83 25 38 20 57 66 83 91 5 41 62 8 7 70 79 90 41 56 15 10 13 62 83 86 65 48 67 74 1 11 4 23 28 67 77 39 81 71 68 40 81 63 100 82 92 25 59 88 58 4 87 85 21 31 9 2 32 43 39 63 62 15 68 27 83 86 54 70 34 5 51 49 81 13 84 36 97 37 62 78 46 50 63 83 5 51 14 21 35 48 20 81 12 97 18 56 20 1 45 16 13 45 85 13 33 70 84 60 37 59 7 25 92 75 100 37 11 46 33 16 57 6 42 11 19 3 25 73 77 38 7 66 49 46 4 37 22 23 75 29 5 39 55 79 9 85 44 73 13 64 80 71 37 ; 
L -24 -27 29 -42 -23 -47 8 -16 10 -42 -50 12 23 -4 40 -1 -21 -44 38 28 32 46 -41 10 -8 31 17 25 -33 -33 -13 -47 -34 23 -42 -11 23 -12 19 -26 -12 34 -48 25 45 40 -28 20 35 -43 -11 -49 32 1 -28 -26 -7 48 -44 -5 43 -31 -7 -28 -49 -22 46 19 -34 -26 15 34 -50 36 46 -15 15 16 -21 -40 18 -25 -1 31 29 -26 26 -13 11 25 36 -3 19 20 32 31 1 -41 48 -20 41 -12 -27 -31 -41 43 18 16 -7 42 35 49 29 23 -28 10 37 47 -13 42 -37 44 15 -25 33 18 32 -45 -43 -7 -39 -21 15 8 6 -33 42 20 -44 29 40 -29 31 47 32 -21 -30 -36 31 35 38 -46 28 45 45 10 35 -27 -29 37 31 -23 7 -16 -22 47 -49 26 18 4 -4 -32 24 -10 19 27 7 -39 16 -18 -32 3 -38 43 18 -13 -12 33 23 -44 3 36 39 -43 37 3 -28 36 42 17 ; 
60:60 50:50 69:69 26:26 83:83 90:90 41:41 1:1 54:54 43:43 43:43 51:51 22:22 10:10 45:45 121:121 51:51 40:40 66:66 5:5 50:50 14:14 20:20 48:48 12:12 83:83 28:28 17:17 33:33 40:40 29:29 8:8 64:64 34:34 33:33 33:33 15:15 134:134 64:64 76:76 76:76 64:64 24:24 40:40 14:14 106:106 15:15 16:16 44:44 51:51 103:103 25:25 35:35 70:70 35:35 13:13 1:1 74:74 67:67 94:94 18:18 43:43 56:56 71:71 38:38 57:57 9:9 50:50 67:67 20:20 82:82 46:46 51:51 52:52 14:14 77:77 46:46 132:132 1:1 72:72 62:62 31:31 47:47 51:51 87:87 20:20 6:6 71:71 12:12 4:4 36:36 43:43 67:67 99:99 51:51 49:49 27:27 9:9 101:101 58:58 69:69 62:62 85:85 56:56 42:42 59:59 36:36 27:27 84:84 21:21 40:40 82:82 97:97 11:11 25:25 24:24 38:38 26:26 7:7 27:27 28:28 54:54 18:18 5:5 97:97 37:37 26:26 81:81 63:63 12:12 81:81 28:28 12:12 85:85 45:45 103:103 14:14 20:20 50:50 49:49 61:61 6:6 11:11 20:20 34:34 76:76 23:23 28:28 50:50 65:65 107:107 25:25 74:74 23:23 66:66 18:18 35:35 39:39 63:63 47:47 14:14 60:60 39:39 37:37 51:51 38:38 105:105 8:8 51:51 56:56 11:11 28:28 91:91 9:9 28:28 226:226 45:45 2:2 19:19 101:101 7:7 75:75 37:37 6:6 31:31 30:30 49:49 20:20 88:88 38:38 71:71 14:14 18:18 31:31 90:90 87:87 71:71 49:49 53:53 71:71 37:37 ; 
L 34 -19 -46 -39 -39 30 -50 -20 -42 34 -45 -6 -38 -48 18 -40 -5 -9 28 -43 48 -14 -39 -17 -48 34 32 -39 -43 -26 31 -11 47 -42 -22 -22 -35 -14 -20 26 -37 6 -10 25 -32 -42 2 3 18 -45 -33 -43 19 -42 25 24 -31 -48 37 -14 30 -43 -29 -33 48 48 -48 -35 -19 48 42 17 -22 -45 44 -44 -29 1 41 49 8 15 44 7 14 -12 -12 12 5 -40 14 -43 -47 -25 18 -41 7 -5 38 -2 -18 6 -43 18 -29 17 15 43 -40 -14 -46 -14 19 16 28 45 -47 -15 -36 36 -15 3 -1 28 -21 34 26 37 -20 -28 -9 -18 -50 -5 -31 28 18 16 43 1 -36 -23 -26 10 -9 3 7 7 13 -12 -19 44 24 -47 32 38 -42 44 17 38 -32 8 26 -39 16 -20 -36 23 -3 -31 -15 -38 -9 -13 -42 -35 -3 14 -10 -9 2 12 -39 -19 4 -14 4 22 2 8 -35 2 11 -49 17 43 8 -30 -14 -28 ; 
4 52 17 81 87 66 44 59 80 85 48 74 84 52 82 50 91 41 14 98 30 16 31 16 33 95 36 86 14 62 69 69 63 43 82 89 27 34 56 30 17 34 86 75 78 57 3 9 75 9 84 73 53 67 100 58 83 27 10 32 100 23 8 28 3 83 1 79 60 13 50 34 84 20 11 38 34 84 65 1 53 98 87 1 64 71 94 82 81 58 45 46 63 37 62 23 53 7 28 32 67 40 99 51 96 89 77 25 33 44 48 92 9 32 34 55 94 20 41 67 58 10 6 72 94 12 92 100 33 89 19 56 43 75 38 16 22 42 65 2 10 73 15 4 8 68 24 35 55 74 66 73 94 5 57 15 60 19 97 96 40 42 91 18 30 13 85 46 47 81 6 94 81 99 29 57 95 90 99 23 21 54 18 48 35 18 92 5 34 2 63 84 53 12 62 89 28 75 77 5 75 ; 
L 42 20 50 -35 28 45 44 9 -28 48 49 -43 -29 40 36 50 24 18 16 1 28 -10 2 -33 35 48 -47 32 18 37 -22 -45 -31 -48 14 31 38 38 -32 39 47 14 5 -42 32 9 -2 47 43 -44 -30 -31 15 -8 41 49 12 -26 10 -22 12 7 29 -23 36 -39 46 19 -34 18 -45 28 20 -17 -3 -39 -43 2 -43 -15 -17 29 19 -42 25 -39 18 14 4 -44 48 -14 -43 -44 5 -13 -14 -7 28 -1 20 45 -1 19 14 19 -32 4 22 -12 42 -38 9 44 -26 26 34 -12 8 36 15 -17 48 -26 -43 -5 42 -20 -37 -11 3 14 -43 17 37 13 -43 2 -26 24 -6 -16 -31 -30 22 42 -47 11 5 43 6 -36 21 10 -6 9 -18 -3 -14 -7 -7 -3 -35 -9 34 25 -2 -3 15 -38 42 -8 -40 -15 -18 -46 -19 -14 48 17 -39 39 48 -8 40 -25 -19 18 41 16 12 -23 -30 38 33 35 -34 48 -14 -28 ; 
28:28 52:52 59:59 52:52 94:94 55:55 57:57 22:22 93:93 6:6 35:35 35:35 8:8 51:51 60:60 146:146 116:116 18:18 42:42 46:46 78:78 94:94 27:27 20:20 109:109 79:79 52:52 57:57 73:73 120:120 56:56 20:20 83:83 27:27 18:18 63:63 61:61 4:4 40:40 110:110 62:62 29:29 112:112 25:25 59:59 79:79 45:45 57:57 63:63 97:97 31:31 123:123 36:36 8:8 62:62 1:1 6:6 72:72 4:4 21:21 71:71 53:53 64:64 37:37 46:46 89:89 36:36 17:17 52:52 29:29 9:9 83:83 89:89 50:50 34:34 79:79 14:14 51:51 132:132 25:25 77:77 89:89 49:49 9:9 100:100 59:59 71:71 16:16 58:58 34:34 82:82 16:16 33:33 71:71 75:75 164:164 13:13 64:64 59:59 3:3 6:6 84:84 48:48 48:48 70:70 21:21 53:53 48:48 16:16 18:18 17:17 81:81 62:62 92:92 70:70 80:80 47:47 21:21 46:46 120:120 41:41 19:19 34:34 77:77 36:36 30:30 51:51 91:91 9:9 8:8 44:44 21:21 38:38 74:74 15:15 36:36 75:75 25:25 60:60 71:71 100:100 21:21 31:31 28:28 117:117 82:82 43:43 63:63 36:36 79:79 24:24 26:26 17:17 42:42 86:86 8:8 9:9 21:21 23:23 54:54 35:35 24:24 70:70 55:55 51:51 55:55 21:21 16:16 10:10 46:46 35:35 73:73 80:80 61:61 73:73 83:83 44:44 113:113 56:56 68:68 11:11 52:52 19:19 69:69 29:29 21:21 71:71 60:60 52:52 52:52 39:39 63:63 9:9 54:54 21:21 36:36 44:44 95:95 26:26 5:5 75:75 ; 
L -48 -43 -27 9 -33 -35 -12 -14 -41 -5 42 7 -3 1 -42 -50 13 49 25 19 21 33 48 16 -18 -44 35 -2 -20 26 23 45 42 1 6 41 42 -32 13 -39 -1 -39 -39 40 -16 -24 25 21 -2 -44 27 -22 -11 -22 32 -42 -25 19 17 47 3 26 -1 33 -26 39 -18 -49 -13 -35 7 -20 2 3 -14 12 42 43 47 3 22 37 -39 -36 24 -27 -21 -13 -29 -12 -15 44 45 -17 -33 1 -49 38 -31 29 15 12 46 -28 -35 20 24 16 1 48 -39 12 4 5 -28 24 10 12 48 -16 40 40 -16 -31 9 -9 5 32 -11 -28 -38 -40 -22 14 -29 5 -26 -20 -33 27 4 -23 -5 3 -29 6 28 25 -38 14 25 -8 41 -50 17 4 25 5 21 50 -17 32 -22 42 -23 -10 -50 21 4 31 -41 -10 -4 -17 40 -15 49 21 4 48 8 18 18 27 48 26 -42 31 -11 39 34 50 9 -18 -5 -19 10 7 13 26 ; 
36 100 78 31 27 72 25 54 34 89 35 65 100 6 91 27 70 38 61 14 75 59 91 58 49 74 81 79 1 94 87 52 70 34 74 37 88 45 89 100 86 77 100 68 68 50 64 37 88 84 19 29 82 92 39 39 44 76 68 16 58 43 29 49 53 98 4 8 35 9 63 14 38 22 30 99 28 82 48 3 65 3 52 90 95 46 97 92 87 51 49 48 45 19 34 6 2 82 11 51 98 57 78 80 69 64 34 97 60 81 41 64 13 30 47 70 22 83 3 61 2 70 95 75 27 56 25 71 60 59 63 47 25 28 48 99 4 45 29 79 32 67 33 94 72 80 79 40 46 5 96 33 38 12 60 48 39 92 73 16 15 53 3 13 95 96 90 64 2 60 45 86 15 16 16 20 62 19 32 39 66 27 81 92 18 6 96 44 16 19 31 67 91 37 90 36 98 68 32 46 53 ; 
L 12 -50 -42 -16 4 24 -27 25 21 -2 4 26 47 35 -2 42 1 -25 -40 39 -20 -38 -40 33 -49 41 14 41 -28 -6 48 -9 27 -48 10 -39 -23 -28 -35 21 -33 -19 -42 -3 -26 48 -7 5 -46 -40 -15 5 -22 -22 -5 1 -42 39 -26 20 11 -32 -28 12 -12 -27 -8 27 -26 39 25 29 7 -3 18 -28 -9 32 17 -2 1 43 -1 -44 -33 13 42 -15 9 11 -48 -8 16 4 39 -33 5 -3 -39 40 31 -38 32 -22 17 29 14 -5 -21 16 -20 -31 49 -12 19 -49 -35 7 -48 4 24 24 -17 -4 -21 18 -40 -12 -18 50 -27 -10 -35 -13 23 45 -39 -19 20 10 48 -25 -21 17 -50 5 -25 -21 -13 -50 -34 -3 15 -26 47 4 22 -12 22 11 13 -17 -33 1 -49 6 -31 37 50 -41 1 -23 38 16 -18 -44 18 -5 29 -45 -36 42 32 -42 42 31 -29 -41 25 24 16 44 -9 -14 14 -43 3 -10 13 26 ; 
26:26 71:71 14:14 40:40 71:71 68:68 46:46 27:27 37:37 88:88 94:94 19:19 40:40 2:2 79:79 37:37 32:32 44:44 11:11 68:68 46:46 46:46 47:47 51:51 39:39 61:61 34:34 29:29 108:108 79:79 56:56 44:44 31:31 38:38 91:91 38:38 11:11 119:119 69:69 48:48 117:117 86:86 8:8 66:66 99:99 103:103 15:15 66:66 49:49 57:57 54:54 76:76 124:124 33:33 96:96 8:8 91:91 76:76 99:99 94:94 3:3 60:60 99:99 51:51 3:3 92:92 34:34 91:91 3:3 98:98 10:10 14:14 96:96 100:100 40:40 53:53 38:38 29:29 74:74 2:2 31:31 93:93 37:37 19:19 43:43 96:96 89:89 132:132 29:29 30:30 58:58 52:52 63:63 76:76 37:37 31:31 35:35 96:96 3:3 19:19 80:80 11:11 18:18 3:3 58:58 11:11 51:51 61:61 55:55 36:36 86:86 53:53 51:51 52:52 117:117 51:51 18:18 63:63 90:90 31:31 35:35 15:15 35:35 40:40 2:2 57:57 24:24 91:91 45:45 40:40 11:11 19:19 31:31 24:24 82:82 52:52 65:65 46:46 97:97 65:65 25:25 74:74 53:53 41:41 15:15 37:37 26:26 41:41 92:92 107:107 67:67 24:24 113:113 22:22 45:45 31:31 103:103 45:45 116:116 92:92 28:28 28:28 34:34 6:6 2:2 49:49 49:49 96:96 31:31 12:12 75:75 54:54 18:18 28:28 40:40 74:74 54:54 78:78 99:99 46:46 67:67 38:38 28:28 45:45 23:23 109:109 25:25 15:15 96:96 102:102 50:50 83:83 116:116 29:29 32:32 76:76 24:24 68:68 81:81 46:46 53:53 ; 
L 19 28 -2 37 14 -48 -9 3 46 27 -7 20 -34 -50 9 -24 -31 33 12 27 -19 -37 -50 -32 -13 -40 34 13 18 49 25 29 -47 4 -16 41 -39 5 2 23 -26 46 -26 -42 7 3 4 4 33 -19 -3 50 -40 -31 -37 -2 -23 49 42 29 -45 -16 11 -50 -19 41 40 21 -16 -32 40 29 -39 -29 20 -40 -2 48 -49 7 11 -46 46 -19 24 50 47 -47 -29 -27 44 -33 -27 31 -16 -33 -47 45 48 20 -27 16 -38 -2 -36 -1 49 -18 38 27 4 40 3 27 24 19 31 -28 10 -14 -31 16 7 10 11 -10 45 -44 41 19 42 1 20 -24 -24 -16 -18 23 -27 24 -12 20 30 -25 -25 -30 9 -7 38 13 -18 24 -36 -29 21 2 -11 8 38 -26 -23 13 -43 2 -16 -13 -37 3 48 -8 20 7 -47 -39 -13 -44 -39 15 -10 6 -13 -11 23 38 -8 27 -42 -22 16 28 -27 -38 -1 11 37 25 12 15 -15 -44 ; 
87 81 26 72 76 12 50 76 80 67 87 97 78 50 92 20 16 100 74 90 23 11 17 67 49 42 76 91 58 22 48 34 74 68 10 85 20 63 68 77 77 80 59 57 95 35 52 63 42 27 91 74 37 49 52 100 22 32 53 70 23 29 64 66 9 8 97 67 52 8 28 90 93 25 9 13 34 40 68 47 42 90 2 27 22 60 69 2 93 38 56 25 58 8 76 86 35 1 28 6 47 2 2 28 20 92 64 51 54 25 39 59 40 37 85 65 67 73 63 72 80 41 27 80 25 77 75 34 45 37 29 18 34 46 53 4 11 56 41 79 87 77 67 9 37 15 98 80 45 51 60 7 77 52 18 87 25 21 43 54 81 31 93 78 34 39 100 67 64 64 74 64 69 72 57 63 11 28 73 42 64 100 41 40 1 61 61 84 35 43 58 98 80 95 100 13 33 48 84 45 94 ; 
L 15 -13 -3 -18 -40 -20 1 38 27 -28 9 -1 29 4 44 -29 -40 -24 -47 44 -24 41 -7 -31 -46 26 -16 -33 -7 25 -32 -29 -13 -8 46 -33 45 23 31 20 2 7 -18 25 13 -34 2 15 4 -3 37 38 39 48 -27 -46 41 -20 12 23 19 50 -11 -7 -11 -48 7 -31 9 -28 -36 27 -3 16 -4 47 -29 19 21 2 30 14 -20 -23 49 -42 -21 -19 -30 28 -24 -16 37 25 25 2 37 -29 3 16 47 11 9 42 36 2 38 -16 -23 11 -16 40 50 -40 -2 48 19 20 7 -29 -39 -27 -10 -11 -2 16 -1 24 19 13 23 -44 -5 38 -40 -27 -50 -47 -16 22 -49 37 -45 42 -50 -41 -12 31 -42 -45 49 -38 -8 50 -27 38 20 -26 6 18 -13 -19 39 37 -49 -48 13 11 -10 10 -27 8 -27 -34 -3 33 24 18 -27 -46 -27 39 -26 -14 -12 19 16 -31 -40 -24 -43 -32 -10 47 -24 -13 -33 4 -15 -44 ; 
9:9 51:51 57:57 79:79 25:25 11:11 106:106 11:11 98:98 58:58 68:68 17:17 99:99 58:58 14:14 58:58 90:90 6:6 22:22 14:14 33:33 5:5 48:48 21:21 140:140 80:80 11:11 51:51 30:30 16:16 7:7 32:32 67:67 39:39 49:49 39:39 10:10 21:21 50:50 52:52 22:22 23:23 26:26 57:57 110:110 128:128 40:40 69:69 36:36 42:42 67:67 39:39 103:103 76:76 173:173 62:62 8:8 34:34 77:77 51:51 25:25 30:30 98:98 42:42 36:36 29:29 107:107 71:71 110:110 118:118 22:22 55:55 37:37 3:3 10:10 68:68 74:74 83:83 24:24 87:87 83:83 24:24 13:13 18:18 32:32 26:26 12:12 26:26 31:31 92:92 70:70 4:4 85:85 36:36 37:37 23:23 100:100 74:74 13:13 29:29 20:20 12:12 40:40 88:88 74:74 20:20 28:28 2:2 18:18 41:41 118:118 66:66 129:129 22:22 34:34 40:40 103:103 29:29 64:64 35:35 42:42 92:92 40:40 46:46 93:93 72:72 37:37 133:133 65:65 82:82 72:72 75:75 107:107 62:62 67:67 123:123 38:38 59:59 12:12 35:35 32:32 108:108 67:67 65:65 7:7 48:48 120:120 4:4 11:11 59:59 30:30 63:63 45:45 58:58 110:110 24:24 0:0 69:69 59:59 18:18 62:62 72:72 9:9 29:29 39:39 77:77 79:79 47:47 77:77 42:42 33:33 61:61 22:22 126:126 61:61 35:35 188:188 92:92 35:35 67:67 78:78 23:23 76:76 92:92 41:41 63:63 8:8 76:76 54:54 60:60 48:48 6:6 16:16 62:62 96:96 10:10 11:11 51:51 17:17 45:45 94:94 ; 
L 24 -6 37 -6 33 -1 -49 -37 -29 -43 10 -27 -20 33 30 -49 2 -22 44 -33 21 -9 -25 -22 -28 -19 -37 40 -24 -6 26 18 -4 7 -27 7 -49 -42 48 15 -17 -10 8 9 -3 -38 -13 16 3 25 3 38 36 -13 -30 -36 -25 -13 -1 48 -19 48 20 25 -48 24 5 19 44 -30 34 -50 -7 -21 36 -50 -44 -24 -38 20 12 -28 3 -17 -33 35 21 21 3 -32 -9 -32 -30 6 22 -8 -26 -35 34 2 -45 26 -3 45 -45 -35 -18 -14 -37 48 -21 -39 -29 16 34 -38 -35 40 -44 1 -32 32 20 -46 15 3 -1 -34 -1 -8 13 30 50 -23 45 -23 -34 -28 10 -31 -47 -43 8 -14 34 39 7 17 5 -43 2 -39 21 -45 26 17 29 11 -16 -21 23 -20 43 39 21 -30 -39 -42 5 37 30 22 -6 -39 -4 41 2 -3 50 45 -10 46 -12 -3 5 24 -4 -17 33 -46 31 17 39 47 16 -45 17 -12 26 -28 ; 
45 63 75 7 60 50 41 57 18 67 87 65 45 92 71 38 17 59 19 12 8 58 41 61 96 67 59 16 95 38 14 11 28 36 1 79 19 58 62 60 57 93 1 3 2 29 93 31 69 48 78 7 67 23 14 7 17 2 4 78 27 98 33 73 64 50 82 38 75 2 17 3 5 93 37 23 39 3 10 94 98 17 100 48 3 90 26 15 94 36 41 88 21 74 55 57 52 92 10 46 84 43 95 39 51 5 33 12 40 27 75 87 48 98 3 74 12 45 60 65 56 97 44 83 9 26 30 68 96 62 38 68 67 97 30 15 30 15 71 73 70 34 75 73 73 29 69 57 40 80 49 63 79 41 82 99 46 99 100 93 46 51 7 28 23 49 64 62 14 96 81 61 51 34 81 61 41 8 27 98 99 90 83 38 59 38 26 21 58 57 95 13 67 6 4 21 65 21 50 79 73 ; 
L 24 -26 6 13 49 -1 -49 37 40 -16 26 -34 21 21 27 -26 2 28 -33 -22 -4 -3 1 25 5 24 30 -39 26 6 -37 6 17 -19 -37 10 21 33 -16 12 -3 32 44 -17 30 -38 -35 8 -32 -30 -12 -28 30 -34 20 -46 -14 1 -18 3 23 41 50 37 4 39 6 -3 14 -7 -13 -2 -17 39 42 40 -24 -34 -45 -30 -20 -2 -43 44 21 -27 7 -49 -35 -30 34 -31 45 15 3 39 -33 20 -4 17 44 22 -24 -39 -43 5 -39 17 -17 38 -45 5 10 -43 8 -48 -43 32 21 -21 -22 36 -23 45 -23 -34 -28 47 36 -15 33 8 1 19 -1 -9 -13 6 -10 17 21 16 33 -50 39 -3 -46 10 50 9 -34 48 -25 -20 -48 19 36 -45 -42 48 35 -21 -2 20 46 25 16 3 29 38 24 -18 3 -32 -31 -47 -3 45 -45 -35 22 -29 -44 5 -37 29 11 9 -7 48 30 -13 38 -8 7 50 12 25 26 -28 ; 
45:45 82:82 14:14 65:65 18:18 47:47 41:41 118:118 54:54 11:11 75:75 20:20 32:32 15:15 125:125 72:72 12:12 54:54 52:52 41:41 98:98 21:21 58:58 15:15 87:87 38:38 124:124 2:2 82:82 46:46 7:7 75:75 53:53 96:96 71:71 47:47 92:92 36:36 28:28 67:67 2:2 90:90 104:104 16:16 23:23 81:81 15:15 35:35 53:53 21:21 124:124 23:23 22:22 11:11 81:81 83:83 52:52 49:49 18:18 51:51 54:54 45:45 74:74 6:6 28:28 81:81 34:34 2:2 115:115 17:17 61:61 43:43 1:1 46:46 148:148 69:69 95:95 14:14 72:72 30:30 87:87 67:67 29:29 71:71 48:48 7:7 79:79 19:19 84:84 135:135 43:43 5:5 44:44 36:36 26:26 35:35 40:40 92:92 43:43 100:100 85:85 20:20 98:98 50:50 114:114 60:60 6:6 64:64 81:81 4:4 77:77 96:96 84:84 7:7 75:75 28:28 21:21 16:16 26:26 61:61 47:47 42:42 60:60 30:30 15:15 30:30 15:15 59:59 9:9 43:43 122:122 17:17 62:62 81:81 36:36 65:65 13:13 30:30 78:78 11:11 40:40 93:93 34:34 71:71 49:49 25:25 54:54 90:90 20:20 4:4 72:72 58:58 64:64 73:73 33:33 98:98 38:38 16:16 27:27 62:62 28:28 6:6 41:41 21:21 63:63 45:45 59:59 69:69 26:26 53:53 10:10 26:26 37:37 36:36 82:82 70:70 115:115 39:39 51:51 5:5 20:20 36:36 49:49 19:19 34:34 26:26 99:99 81:81 5:5 40:40 49:49 22:22 73:73 46:46 41:41 5:5 82:82 73:73 7:7 79:79 73:73 ; 
L 34 -42 47 7 -22 -39 31 -45 7 -24 43 -5 -46 -42 3 22 -16 -12 37 -38 6 -37 9 -10 5 -37 45 41 33 30 8 15 -30 11 -7 3 11 44 30 -23 34 -22 42 22 35 -42 43 -22 -33 36 -26 -49 4 -14 2 -33 44 46 -22 2 -4 -12 9 -16 -9 -1 43 -33 11 -38 -42 -45 41 11 29 20 18 49 12 -26 37 -7 -18 22 -15 -1 -35 27 38 30 -25 -43 28 36 42 -15 44 25 -49 15 -38 -42 25 48 34 35 31 50 -29 -36 -47 -12 40 2 -22 -37 -31 -4 26 7 -13 35 24 34 -50 -14 -17 9 -26 18 24 -50 -23 -19 -33 11 2 -29 8 2 8 -28 -18 3 -7 26 6 -44 18 25 45 5 25 -24 -36 22 3 -9 49 -45 -25 -10 6 -38 28 25 -3 -50 29 10 -17 35 19 -49 -33 -41 -46 -34 -45 -29 45 14 17 43 36 -42 41 22 -22 -41 45 -14 48 -2 34 -1 17 39 -6 -10 ; 
22 74 14 96 81 48 8 70 67 38 59 97 20 6 13 4 60 94 19 26 60 87 30 19 10 78 72 87 17 99 18 58 56 35 14 93 37 59 1 94 48 62 76 78 91 98 39 17 78 74 12 92 2 30 9 88 35 93 7 35 100 12 57 58 35 88 4 100 40 2 36 23 34 76 57 88 8 92 89 57 65 36 97 12 40 7 86 3 84 56 55 3 11 92 35 21 20 41 85 70 73 82 77 42 34 21 40 78 28 89 99 56 36 24 84 61 1 28 12 29 50 30 100 14 85 54 98 71 40 2 66 30 61 14 11 45 45 75 94 15 47 22 22 53 51 99 36 45 32 51 76 37 27 23 22 8 59 56 76 36 73 66 9 61 22 89 69 11 56 46 52 65 39 27 80 14 43 47 30 62 18 76 49 20 95 97 2 80 39 86 62 58 65 29 70 50 84 96 64 55 69 ; 
L -22 -3 -33 31 27 38 -33 11 -39 -47 42 -38 26 -35 22 29 39 18 -18 44 -6 35 -36 22 11 26 45 34 -14 3 -45 -14 2 -33 26 -36 -9 -38 42 45 41 -25 -2 20 -35 -2 43 -25 50 3 22 49 -22 -42 -33 -45 -9 17 -45 41 -43 -49 -17 -43 -48 -8 49 -22 38 7 7 -24 -45 -1 5 -25 -12 -9 10 3 47 18 24 -33 -34 -46 15 11 -6 -25 38 -2 -49 -46 -12 -25 14 -29 11 7 24 -25 -45 33 16 -48 -17 29 -49 12 4 37 -7 -42 -25 -15 -30 -17 35 -43 19 -28 31 45 11 30 -15 -34 16 -8 44 30 -23 34 28 36 -14 23 50 19 37 -22 31 -22 10 -29 -22 7 -4 4 1 42 2 3 -44 -6 -29 34 5 -18 22 50 -9 50 -40 -8 -1 24 -36 -44 26 -18 -28 43 -10 22 5 37 42 -41 -46 -42 -7 -12 -41 37 -34 13 -41 42 -36 -30 -35 -9 37 15 26 2 -6 -10 ; 
11:11 15:15 70:70 36:36 32:32 84:84 34:34 40:40 49:49 37:37 14:14 5:5 36:36 45:45 92:92 41:41 17:17 20:20 120:120 32:32 45:45 80:80 38:38 8:8 68:68 19:19 7:7 30:30 10:10 192:192 40:40 35:35 9:9 88:88 26:26 12:12 159:159 61:61 17:17 65:65 87:87 37:37 29:29 18:18 21:21 12:12 59:59 86:86 25:25 58:58 4:4 89:89 61:61 78:78 77:77 55:55 73:73 71:71 8:8 34:34 60:60 36:36 147:147 51:51 27:27 50:50 50:50 61:61 107:107 33:33 17:17 38:38 76:76 59:59 84:84 65:65 77:77 41:41 13:13 26:26 47:47 27:27 66:66 26:26 12:12 18:18 87:87 84:84 114:114 41:41 34:34 11:11 62:62 95:95 113:113 159:159 104:104 32:32 70:70 3:3 55:55 23:23 26:26 61:61 34:34 54:54 79:79 51:51 71:71 36:36 12:12 103:103 51:51 48:48 14:14 69:69 33:33 84:84 65:65 26:26 89:89 103:103 9:9 15:15 44:44 38:38 56:56 75:75 32:32 92:92 66:66 1:1 94:94 48:48 39:39 41:41 80:80 11:11 61:61 15:15 8:8 72:72 35:35 25:25 97:97 41:41 47:47 75:75 28:28 18:18 21:21 50:50 26:26 57:57 21:21 94:94 49:49 52:52 20:20 160:160 12:12 216:216 25:25 55:55 7:7 55:55 13:13 148:148 57:57 25:25 23:23 22:22 56:56 11:11 23:23 35:35 12:12 100:100 0:0 83:83 5:5 6:6 37:37 107:107 15:15 20:20 41:41 202:202 74:74 2:2 97:97 8:8 51:51 23:23 30:30 47:47 7:7 35:35 23:23 55:55 69:69 ; 
L -1 -11 -21 -47 -41 -9 3 14 20 7 -30 32 6 -5 -2 -14 -31 -27 40 26 -10 -3 -3 -19 -26 20 34 7 -33 24 27 -32 -15 -20 45 29 -16 -48 7 -46 25 20 -3 44 29 -34 -20 -33 14 -13 -4 -31 24 -48 -48 13 -25 24 -46 10 32 21 40 32 -46 -18 -3 -8 -25 -11 -25 -50 46 -42 39 -29 38 -10 24 -34 -6 39 -47 39 -46 49 -50 26 4 -27 25 -10 19 5 -35 -4 13 10 -16 -32 26 -28 41 38 21 -16 -11 -32 -17 -13 -10 18 34 -4 -45 -8 -39 6 -12 -6 -34 -29 -7 21 -10 -22 11 -19 21 -37 -35 32 -5 40 -40 -12 14 38 33 23 -11 -28 11 17 -38 9 22 -35 -34 -14 11 34 -8 -3 -41 1 -9 -48 -14 11 -44 -43 39 42 24 -44 -50 12 49 12 37 4 8 42 28 -38 -43 25 18 39 7 12 -18 -27 -35 33 -17 32 -15 28 44 26 46 -31 -49 3 44 21 36 29 ; 
33 26 100 95 23 18 47 31 33 81 79 22 7 23 90 92 60 77 59 46 43 66 43 16 11 53 58 67 4 6 63 66 14 100 77 2 55 58 86 92 26 64 28 56 10 11 66 84 80 70 25 99 76 88 94 72 97 29 96 97 17 75 25 24 79 53 12 48 15 19 37 38 91 41 73 100 74 24 88 48 55 49 16 28 55 22 38 91 9 70 82 13 89 63 7 21 48 74 6 95 62 25 28 33 75 60 64 99 17 58 17 39 34 84 80 45 22 43 37 45 19 59 32 43 99 15 20 1 90 34 6 64 96 47 78 57 32 26 97 88 5 52 60 56 28 34 12 36 10 8 43 50 77 46 80 73 45 51 52 1 57 8 96 5 95 59 25 57 34 75 94 60 30 26 75 31 54 26 39 81 75 62 66 78 68 12 99 23 55 40 96 33 14 45 94 90 32 8 83 4 59 ; 
L -1 6 -20 45 -21 21 29 -16 -48 7 24 34 31 -4 14 6 32 -11 -19 8 45 26 -11 35 40 -46 50 32 14 10 21 6 11 37 46 5 17 4 -28 -7 48 -24 31 3 -29 41 -18 -3 -32 1 -9 -33 24 -15 27 25 38 46 -11 29 42 32 -39 6 34 14 -33 11 -14 -3 9 -43 10 39 20 5 -7 -33 -18 8 43 21 11 22 32 3 -34 8 -8 -39 -47 -33 -12 -20 38 44 24 7 -44 -21 27 31 40 -14 12 34 46 -40 -32 -44 47 30 15 9 11 -22 32 -48 13 -25 16 -10 18 25 -14 35 10 49 12 -10 -3 -3 48 -17 -13 28 21 -37 26 -41 13 -29 38 -10 -20 -25 46 -3 44 -18 -38 -34 -12 -11 -42 -42 -39 -12 34 -19 -26 20 34 -25 -50 39 23 38 -13 27 -24 49 4 -7 5 46 -26 -40 4 -49 19 -50 2 -25 17 -16 32 44 26 -35 -28 10 -27 39 35 -28 41 4 36 29 ; 
33:33 21:21 100:100 77:77 20:20 116:116 23:23 55:55 58:58 86:86 62:62 31:31 54:54 74:74 46:46 45:45 8:8 29:29 67:67 35:35 77:77 14:14 29:29 20:20 22:22 43:43 91:91 23:23 50:50 63:63 45:45 93:93 34:34 88:88 53:53 48:48 67:67 56:56 39:39 35:35 90:90 88:88 76:76 39:39 82:82 19:19 86:86 12:12 52:52 33:33 45:45 13:13 20:20 4:4 42:42 59:59 32:32 94:94 97:97 15:15 116:116 33:33 45:45 43:43 52:52 54:54 13:13 94:94 21:21 31:31 47:47 13:13 41:41 57:57 27:27 9:9 19:19 42:42 24:24 22:22 65:65 56:56 100:100 49:49 58:58 2:2 26:26 63:63 10:10 24:24 63:63 52:52 71:71 29:29 20:20 21:21 152:152 60:60 103:103 29:29 95:95 77:77 12:12 50:50 32:32 5:5 53:53 53:53 87:87 17:17 11:11 65:65 31:31 53:53 36:36 30:30 2:2 92:92 72:72 97:97 111:111 6:6 14:14 81:81 94:94 152:152 6:6 64:64 75:75 59:59 66:66 43:43 13:13 103:103 58:58 79:79 55:55 34:34 91:91 30:30 28:28 72:72 74:74 24:24 34:34 64:64 26:26 112:112 56:56 29:29 4:4 27:27 35:35 29:29 32:32 74:74 5:5 20:20 66:66 6:6 11:11 53:53 58:58 51:51 18:18 108:108 145:145 5:5 16:16 41:41 74:74 53:53 90:90 90:90 76:76 12:12 26:26 46:46 40:40 51:51 37:37 34:34 45:45 163:163 27:27 128:128 86:86 29:29 33:33 9:9 103:103 42:42 59:59 135:135 20:20 26:26 28:28 16:16 102:102 4:4 59:59 ; 
L -39 24 30 -47 24 7 26 2 -20 -11 18 -1 5 34 38 -47 -5 -5 -5 43 16 6 -26 17 -25 31 -47 2 37 43 -4 -19 -6 -48 42 -48 -25 -36 15 33 -21 -6 30 -3 -34 12 30 -18 -18 33 -22 48 -35 49 36 -40 -26 27 38 -37 -8 44 -21 1 26 49 -1 -50 -1 3 -39 34 37 -18 -19 18 -16 30 -38 -6 -38 -6 -4 46 48 -38 23 -3 -18 -50 -25 -47 -13 -7 -36 10 28 -5 41 -45 46 -38 -17 -36 -5 20 32 42 16 11 -19 -11 -34 -40 -18 -33 8 46 -29 -1 -35 -42 -44 -40 -27 32 -43 -12 -24 -2 -30 -14 -47 1 -4 21 32 23 -6 1 15 -29 -47 29 -8 8 37 -49 12 -47 48 -13 48 21 36 -28 27 -42 -20 28 -17 -49 -2 19 7 28 47 43 1 -5 -31 -50 -48 -8 36 34 35 23 -16 45 -24 -6 -39 -13 -35 6 2 18 -8 5 -26 -7 -29 -5 47 -19 -14 18 -43 42 ; 
98 62 84 80 65 28 25 54 14 81 15 81 93 55 71 48 39 90 94 33 33 5 41 26 33 90 96 74 88 60 10 100 64 6 72 7 87 42 15 92 98 51 19 28 14 14 98 66 37 82 58 88 9 75 78 98 90 90 90 98 59 89 54 80 69 5 20 49 48 75 52 19 70 13 57 36 80 54 17 92 27 27 92 82 44 84 51 59 79 60 44 88 40 48 21 52 6 3 45 30 48 32 29 7 47 99 39 23 11 22 52 17 99 21 88 79 30 66 15 8 61 30 100 14 33 84 42 50 37 89 98 23 69 69 30 14 26 17 9 8 86 30 16 58 45 39 85 4 5 57 97 81 81 56 39 25 16 37 40 82 97 85 11 83 60 26 98 43 19 76 3 52 79 2 70 17 38 25 45 85 19 62 40 14 88 2 33 26 100 75 70 17 7 60 22 48 36 13 18 23 25 ; 
L 4 -25 -36 21 47 37 -38 35 -10 -30 21 14 43 -12 16 -40 2 -1 12 -31 -29 3 11 17 -15 -2 38 -42 46 22 -38 -34 -5 -30 -14 20 -20 45 -48 13 -6 -29 47 -27 -6 -16 -43 -25 -26 42 39 -28 -7 -18 -18 -18 -50 -46 -24 40 34 11 40 8 38 48 -35 49 -50 -1 -36 -18 -24 -19 23 -20 17 18 -19 49 17 -42 -1 -32 5 27 -11 -3 -49 -7 -26 47 -29 -8 47 4 18 30 33 6 3 -28 -34 -36 19 -43 33 34 37 16 2 47 1 -1 1 -30 13 -47 23 32 -46 21 2 6 8 -47 -19 -6 48 7 -37 37 43 44 1 -18 -5 -8 7 21 36 -5 -33 -19 -26 -24 26 -30 -26 25 31 -23 -41 5 -24 -6 49 -34 13 -28 47 8 48 -48 -36 29 -6 32 -45 -12 -6 -16 -42 -47 35 5 48 1 15 39 8 -50 -4 -18 39 18 5 2 -44 38 -36 48 38 28 -35 -5 -27 5 -43 42 ; 
162:162 27:27 42:42 46:46 173:173 59:59 98:98 102:102 53:53 51:51 37:37 40:40 53:53 83:83 23:23 45:45 18:18 37:37 40:40 50:50 56:56 50:50 58:58 18:18 36:36 14:14 82:82 48:48 31:31 85:85 3:3 71:71 55:55 142:142 23:23 10:10 49:49 56:56 26:26 81:81 46:46 15:15 72:72 102:102 94:94 5:5 33:33 31:31 55:55 78:78 34:34 76:76 26:26 30:30 15:15 31:31 40:40 10:10 31:31 55:55 21:21 99:99 7:7 78:78 124:124 35:35 9:9 75:75 56:56 48:48 70:70 90:90 43:43 39:39 103:103 64:64 25:25 5:5 84:84 41:41 85:85 18:18 126:126 123:123 66:66 14:14 133:133 20:20 78:78 26:26 13:13 9:9 22:22 29:29 27:27 27:27 55:55 45:45 37:37 14:14 99:99 6:6 36:36 17:17 29:29 14:14 21:21 41:41 70:70 22:22 42:42 61:61 16:16 45:45 29:29 76:76 11:11 43:43 25:25 21:21 47:47 8:8 40:40 40:40 13:13 17:17 58:58 70:70 69:69 63:63 62:62 102:102 51:51 24:24 111:111 81:81 17:17 53:53 44:44 50:50 119:119 41:41 58:58 16:16 100:100 135:135 74:74 68:68 50:50 69:69 57:57 77:77 49:49 45:45 42:42 41:41 10:10 10:10 39:39 31:31 29:29 21:21 2:2 66:66 37:37 45:45 28:28 44:44 19:19 34:34 50:50 76:76 11:11 17:17 60:60 108:108 21:21 33:33 86:86 32:32 21:21 5:5 60:60 65:65 44:44 45:45 63:63 48:48 108:108 65:65 59:59 60:60 28:28 30:30 62:62 63:63 198:198 82:82 35:35 23:23 25:25 ; 
L -28 -44 14 14 6 -43 -19 -49 -38 28 -11 -24 -42 50 21 43 1 22 -7 8 -22 6 22 17 -43 14 12 27 33 -35 -24 24 -12 4 -40 -10 -46 40 -29 5 44 20 5 1 13 42 5 44 -5 29 -46 -30 28 25 49 33 -7 38 -15 -26 16 -24 8 -45 14 -9 -16 10 -40 -36 1 48 7 13 23 22 -46 -21 38 29 -3 -35 -5 -31 15 -36 -44 -41 -41 -26 -28 -43 28 37 48 24 5 32 -7 -12 -2 25 42 24 -11 24 30 -43 11 -18 26 -21 35 37 -20 33 34 22 25 -16 -31 22 -2 4 -28 -50 30 41 31 -47 3 -13 47 35 19 -26 -39 -16 -27 21 -12 41 -29 -40 -2 7 44 34 13 47 1 -18 -24 19 41 -19 -5 38 -27 7 -24 31 49 -5 -31 -32 28 18 44 -40 38 -27 12 34 -44 42 28 34 -15 -25 -7 37 -8 -49 22 26 25 38 -22 -49 -33 4 4 -43 17 -44 -21 30 -34 -25 ; 
4 39 68 68 30 78 7 86 1 38 22 21 15 36 69 71 91 83 1 83 81 78 54 84 89 42 72 5 81 17 83 24 23 88 63 54 32 44 70 40 58 59 69 55 17 22 96 29 22 48 56 57 30 95 17 32 4 45 82 20 72 26 80 28 97 27 97 20 24 36 40 83 29 47 63 41 66 41 3 7 16 90 86 22 86 48 42 20 60 91 100 81 88 50 51 54 31 26 23 79 70 21 100 15 54 17 23 3 32 61 40 17 98 83 36 35 97 71 46 3 100 27 36 30 40 94 64 92 30 32 92 89 83 44 77 34 32 96 8 3 47 19 72 84 52 5 90 15 17 11 86 68 29 60 55 66 17 29 98 70 72 15 17 56 71 77 51 7 33 58 45 10 11 17 22 54 80 44 2 29 44 33 19 10 7 52 62 27 27 1 50 93 32 50 43 7 63 73 41 47 78 ; 
L -36 2 24 11 12 -4 22 -8 -7 -25 -43 28 22 -2 4 6 -16 7 -24 -48 -37 -16 11 -44 42 -45 -30 -49 21 19 -34 46 -21 25 17 -20 43 -32 -5 -31 35 -41 37 44 22 5 -40 28 10 -5 -31 -39 29 35 12 27 -42 -33 7 -16 -27 40 -13 -18 26 26 -31 11 44 -24 15 44 34 13 -30 -8 -24 -34 -28 -13 -48 -7 -15 43 -5 44 12 -1 -17 40 29 -41 1 22 -24 49 46 -28 47 1 -24 -43 -47 27 42 -38 -38 5 24 40 -29 41 33 -30 28 18 49 44 32 47 -25 3 -29 10 -31 -33 4 50 22 22 25 -14 44 28 30 -40 -7 -44 -5 22 -12 28 -42 50 -21 26 1 31 -38 -4 16 -24 36 43 28 26 38 -27 20 -34 14 38 49 21 -14 -23 -49 22 19 5 43 3 -13 37 -38 -25 41 -19 -5 41 -33 -14 -19 -35 15 24 35 -6 46 2 12 7 9 26 -8 -21 7 -18 -34 -25 ; 
32:32 17:17 49:49 21:21 52:52 5:5 137:137 81:81 39:39 33:33 95:95 88:88 16:16 36:36 30:30 50:50 12:12 23:23 67:67 54:54 51:51 109:109 25:25 31:31 54:54 64:64 48:48 68:68 31:31 126:126 26:26 32:32 44:44 22:22 86:86 59:59 35:35 3:3 26:26 0:0 88:88 61:61 35:35 47:47 30:30 117:117 59:59 55:55 38:38 20:20 71:71 17:17 22:22 16:16 21:21 5:5 83:83 21:21 17:17 79:79 8:8 13:13 26:26 25:25 40:40 72:72 18:18 20:20 74:74 113:113 11:11 87:87 15:15 17:17 63:63 29:29 34:34 6:6 44:44 135:135 75:75 86:86 21:21 23:23 11:11 56:56 25:25 18:18 10:10 37:37 84:84 72:72 76:76 10:10 61:61 74:74 56:56 46:46 21:21 86:86 40:40 91:91 13:13 6:6 21:21 8:8 20:20 73:73 30:30 49:49 86:86 13:13 15:15 30:30 30:30 43:43 21:21 36:36 39:39 83:83 55:55 56:56 16:16 10:10 40:40 17:17 93:93 42:42 95:95 23:23 11:11 41:41 68:68 39:39 107:107 117:117 62:62 39:39 58:58 19:19 71:71 28:28 102:102 36:36 127:127 40:40 25:25 38:38 33:33 37:37 41:41 26:26 39:39 18:18 53:53 100:100 18:18 98:98 27:27 83:83 130:130 44:44 1:1 114:114 12:12 73:73 64:64 7:7 69:69 61:61 36:36 46:46 89:89 105:105 38:38 27:27 87:87 66:66 17:17 102:102 23:23 63:63 41:41 77:77 32:32 20:20 83:83 33:33 41:41 31:31 70:70 79:79 57:57 75:75 24:24 59:59 29:29 90:90 52:52 47:47 78:78 ; 
L 25 41 15 46 -15 48 28 -14 -50 -18 -44 30 -34 35 -46 2 15 25 -11 48 17 -33 -23 35 -2 -33 -44 43 -4 36 19 23 -47 17 13 10 -37 4 -2 -22 -7 -39 35 -32 -33 41 24 -42 24 16 -27 -11 -9 -29 -46 37 -20 -19 -8 28 -19 -49 -9 -32 -23 19 -36 34 41 -43 -42 36 3 30 -37 -29 -40 -14 -6 -11 -4 41 -9 -21 48 11 -18 -50 30 -28 21 -1 -8 21 27 -26 39 48 -7 22 46 -42 24 -35 -17 25 16 34 15 21 -22 -3 27 -49 -16 -1 48 47 -33 3 18 37 -31 -48 43 -20 39 -4 -22 -14 -29 31 47 -48 -18 -40 -22 -29 -9 48 -38 6 -22 10 -45 -44 20 20 -2 44 25 -4 -2 -41 16 -25 26 10 -25 2 -26 5 47 -18 6 -16 3 -35 44 -18 -2 -46 32 -36 -25 3 50 -48 39 45 5 19 4 -5 -44 50 -6 4 -36 -21 1 -49 -5 -24 -2 39 39 6 -48 41 ; 
20 76 6 74 35 21 47 10 69 54 24 87 80 23 60 63 79 11 67 11 35 18 71 15 92 47 16 10 57 24 63 52 10 77 99 21 53 43 39 34 37 4 11 39 31 4 6 33 58 27 13 17 65 15 64 59 78 33 46 45 68 78 52 84 74 12 73 66 31 87 2 62 44 97 97 21 55 52 68 85 53 48 76 73 26 17 1 74 88 94 1 84 82 31 84 31 73 6 40 13 66 99 9 24 84 34 50 93 78 6 24 36 8 14 53 96 49 92 95 51 38 29 1 57 94 9 21 55 55 70 55 50 7 6 6 34 93 30 18 41 78 77 38 75 65 37 62 5 32 40 34 37 98 77 66 84 43 24 30 15 65 92 14 36 69 91 40 90 48 6 94 55 9 23 80 19 81 51 47 43 70 87 76 7 71 13 25 32 82 78 7 30 11 60 27 80 23 63 1 63 14 ; 
L 25 -45 35 -26 48 20 20 -2 29 40 46 -15 48 14 2 24 -11 -20 36 -28 6 24 19 -6 -39 -19 44 -48 11 33 32 11 -21 28 26 10 -23 -27 3 16 47 38 22 -19 -36 34 34 41 -33 6 -22 -44 -21 -50 -29 11 41 15 25 36 18 48 -27 -24 -19 -17 -25 -42 1 -25 14 5 -22 -34 -16 44 -18 47 23 -46 9 -40 9 -15 -2 45 -7 -37 7 -21 -39 -44 31 14 22 4 -4 -39 -18 -3 33 -47 43 -50 4 -22 -41 16 29 39 -18 -44 18 25 37 2 3 -37 5 2 -4 -24 -32 -25 4 16 47 35 -19 -25 46 2 -42 -39 20 -43 -4 -1 15 -32 46 44 -49 16 49 -6 36 -5 -21 -43 23 9 -18 41 17 -35 -5 -50 30 30 2 -35 -6 48 -8 21 -22 46 -13 -28 3 33 50 -4 -2 -48 -30 -3 -36 -48 42 48 41 1 -10 48 29 -26 39 35 8 -17 37 -31 -9 49 -27 -10 -48 41 ; 
20:20 12:12 16:16 58:58 62:62 91:91 5:5 32:32 59:59 93:93 14:14 35:35 21:21 62:62 30:30 27:27 64:64 74:74 58:58 28:28 75:75 12:12 32:32 131:131 63:63 47:47 107:107 49:49 11:11 130:130 31:31 46:46 21:21 1:1 86:86 24:24 47:47 57:57 8:8 36:36 22:22 65:65 17:17 109:109 63:63 3:3 53:53 31:31 78:78 30:30 22:22 36:36 94:94 36:36 24:24 61:61 127:127 6:6 13:13 80:80 77:77 53:53 22:22 68:68 11:11 40:40 13:13 13:13 35:35 71:71 39:39 38:38 35:35 19:19 56:56 17:17 11:11 29:29 84:84 60:60 39:39 48:48 50:50 19:19 97:97 56:56 42:42 4:4 26:26 34:34 58:58 32:32 48:48 19:19 70:70 55:55 67:67 29:29 25:25 38:38 51:51 95:95 49:49 3:3 61:61 60:60 78:78 66:66 94:94 99:99 12:12 28:28 36:36 64:64 44:44 32:32 29:29 79:79 54:54 31:31 39:39 27:27 36:36 7:7 51:51 26:26 64:64 13:13 108:108 28:28 33:33 125:125 60:60 42:42 21:21 9:9 86:86 34:34 108:108 21:21 9:9 31:31 77:77 16:16 53:53 23:23 55:55 4:4 55:55 12:12 30:30 147:147 61:61 105:105 34:34 82:82 41:41 34:34 88:88 42:42 65:65 96:96 52:52 32:32 61:61 31:31 56:56 46:46 35:35 6:6 53:53 80:80 63:63 92:92 98:98 36:36 24:24 97:97 44:44 68:68 72:72 14:14 50:50 14:14 21:21 5:5 77:77 92:92 73:73 7:7 95:95 7:7 72:72 1:1 21:21 5:5 88:88 44:44 37:37 63:63 14:14 ; 
L -4 -2 -13 3 -19 -30 -48 15 -25 -32 -50 -4 -50 -28 -33 23 -31 -38 -49 23 33 1 2 -14 46 -50 42 34 7 29 -47 -5 -5 44 3 30 38 -38 19 21 32 -9 -6 44 -44 48 43 5 11 26 -36 -35 22 -26 38 -40 -40 -46 41 -4 49 22 -43 35 26 -43 -48 -7 27 2 19 -26 50 29 -9 43 32 -33 50 40 -17 1 -16 37 -3 -15 30 -8 -13 -28 -31 46 -38 6 -30 16 -7 39 -32 -40 45 31 8 24 28 4 -4 23 -11 37 -16 -25 -35 -50 -21 26 -36 -43 42 17 33 -8 28 48 -22 -45 -47 18 2 -38 48 24 -19 15 -7 7 -32 27 -4 -26 39 -19 -24 36 -36 -16 -4 11 -32 -40 -31 -9 46 42 -41 11 10 -9 39 -39 -41 43 -5 45 23 -45 -42 17 13 20 10 -41 -42 -29 -4 -2 -5 -49 47 34 -48 -46 -39 -26 -39 -5 -6 42 -39 -35 -10 -18 29 -11 -38 -31 5 -31 21 -4 ; 
72 82 42 26 95 88 20 42 79 73 98 82 13 4 60 64 90 61 70 69 36 47 31 8 23 58 59 30 87 65 55 79 61 93 18 93 24 22 18 84 27 86 3 13 36 80 62 91 40 65 81 1 48 96 62 28 83 89 13 59 15 83 92 10 96 3 3 99 56 49 13 93 61 60 22 84 44 92 49 5 46 28 87 23 61 47 56 48 71 61 29 15 32 86 31 62 30 64 20 34 27 18 32 56 35 88 95 49 90 69 35 68 85 27 94 60 41 39 36 19 61 57 35 21 25 98 32 43 39 45 68 78 68 75 24 14 64 81 22 97 44 61 68 36 89 11 98 89 95 13 47 61 99 39 74 97 98 56 57 89 43 92 25 42 76 20 66 74 82 14 45 100 63 65 83 44 3 15 10 58 86 89 19 74 93 79 26 48 14 90 72 63 80 77 65 75 2 43 62 61 3 ; 
L -4 -2 -13 3 19 -24 39 31 28 13 5 -37 25 -15 13 31 -39 -19 -16 11 -25 -35 -49 45 -38 -41 45 31 27 16 19 43 37 45 -33 -42 -49 32 -22 42 41 50 -33 5 44 -32 27 -41 -19 5 -50 -10 2 4 29 -26 -9 35 10 46 -38 6 -30 26 48 43 26 -34 -42 50 -32 17 -40 -7 5 48 -4 -50 -28 38 -46 14 20 46 3 -5 -43 31 40 5 29 -1 -33 -23 11 36 -38 -41 4 39 8 1 -31 11 -40 39 -29 18 -2 -9 -47 49 5 4 16 36 -10 -29 -36 24 4 -33 50 -8 2 -44 -34 -4 16 -39 42 48 17 -44 38 -38 15 -46 3 30 30 -17 -39 26 -36 -43 -7 -32 38 -22 9 -26 -2 -15 8 31 35 -26 -26 48 18 6 -28 19 -7 32 -23 45 35 -43 40 -50 24 -4 23 7 -21 47 42 -43 -21 -40 30 7 -11 42 -11 23 39 -48 46 48 6 9 -28 -47 -32 22 21 -4 ; 
72:72 82:82 42:42 26:26 75:75 143:143 144:144 65:65 29:29 61:61 89:89 32:32 33:33 60:60 98:98 13:13 76:76 48:48 34:34 117:117 91:91 85:85 49:49 99:99 44:44 38:38 21:21 18:18 49:49 29:29 50:50 172:172 32:32 74:74 33:33 57:57 71:71 12:12 34:34 102:102 63:63 70:70 38:38 35:35 82:82 50:50 81:81 119:119 57:57 70:70 123:123 92:92 58:58 44:44 83:83 81:81 104:104 21:21 71:71 108:108 32:32 86:86 31:31 16:16 59:59 13:13 39:39 112:112 30:30 59:59 56:56 39:39 46:46 38:38 83:83 35:35 67:67 13:13 4:4 123:123 59:59 23:23 6:6 77:77 64:64 60:60 91:91 26:26 47:47 34:34 72:72 57:57 47:47 36:36 124:124 34:34 78:78 56:56 62:62 24:24 25:25 65:65 55:55 106:106 18:18 81:81 65:65 80:80 42:42 43:43 86:86 10:10 5:5 96:96 98:98 11:11 86:86 15:15 86:86 36:36 33:33 93:93 49:49 47:47 62:62 7:7 11:11 60:60 39:39 49:49 120:120 28:28 10:10 60:60 60:60 22:22 24:24 45:45 20:20 93:93 86:86 39:39 32:32 104:104 41:41 39:39 55:55 88:88 18:18 30:30 15:15 2:2 31:31 10:10 78:78 38:38 39:39 20:20 101:101 49:49 28:28 85:85 70:70 30:30 36:36 30:30 14:14 22:22 38:38 60:60 41:41 40:40 54:54 95:95 49:49 14:14 51:51 37:37 32:32 18:18 47:47 36:36 16:16 43:43 77:77 44:44 96:96 86:86 50:50 25:25 31:31 89:89 88:88 3:3 180:180 49:49 41:41 14:14 30:30 61:61 3:3 ; 
L 10 -33 49 -10 31 47 -8 -42 -40 -22 -7 36 1 -34 28 -36 -28 37 -38 48 -2 50 44 5 -42 33 16 25 29 2 -40 13 32 -2 -41 -28 41 -40 -11 21 -45 -7 -5 -23 49 28 42 -48 -11 -47 -29 -19 48 -15 25 16 43 -15 -8 -30 25 -28 -36 33 27 -28 50 17 21 38 25 15 46 -32 -15 -32 20 31 12 16 -15 -10 7 -48 -1 -46 38 -33 31 -19 -43 30 40 43 -11 -9 -21 24 36 38 38 -20 39 -17 -16 50 10 -49 -43 -3 -43 -17 -44 1 43 15 -22 31 20 36 17 39 -31 22 -16 -44 -14 -41 6 37 30 -23 -49 -5 -19 -49 -40 21 7 1 36 3 33 -35 -30 15 28 -34 15 18 39 -24 4 27 17 -29 38 23 26 -45 -47 -43 2 -14 -39 30 45 -19 24 14 -27 34 4 29 24 -34 30 49 -22 -36 34 -22 26 26 1 -33 31 -1 22 10 -4 39 7 -22 -24 42 2 47 20 -39 ; 
31 82 44 56 30 56 20 35 80 19 55 73 39 31 52 95 48 58 86 59 36 2 89 11 43 37 22 73 100 37 60 63 74 97 94 50 68 11 15 65 50 92 54 89 50 69 95 3 88 97 33 83 52 67 10 67 85 72 42 24 99 71 31 6 96 52 78 44 93 71 27 98 4 16 7 13 85 36 29 67 37 6 24 19 21 89 7 8 64 60 52 13 27 23 26 91 39 86 22 40 97 34 89 61 23 64 91 57 65 10 14 88 61 48 20 59 16 76 13 72 80 64 3 59 58 68 97 64 94 90 66 49 51 58 62 94 94 56 4 29 86 21 59 80 75 15 69 93 70 84 72 76 86 8 68 11 98 58 38 35 31 85 81 90 57 4 74 91 99 98 41 50 99 63 33 81 25 89 80 82 72 49 90 23 99 70 86 32 31 3 86 82 98 30 61 17 9 89 1 79 32 ; 
L 34 -24 -42 33 18 -19 -43 22 -23 -1 -46 38 -33 38 38 -30 37 -19 -49 38 34 -21 1 48 -24 -14 -47 -33 45 -47 -10 -38 -39 11 48 29 -17 17 -28 43 -15 30 -38 25 -22 43 -36 -10 15 -17 26 1 -2 36 22 -49 24 -33 -22 -49 40 -32 7 -31 33 -24 -29 -4 -32 48 50 -21 2 -43 40 -47 -13 40 -48 -49 36 -34 27 -11 -9 7 16 17 1 -19 -30 -15 25 16 31 45 -2 -14 -28 34 26 49 22 42 8 -47 -31 10 -29 16 -8 -41 -21 15 -21 46 -36 -50 -25 34 -36 -28 32 15 -28 -28 -27 -42 -39 11 3 -29 31 -50 -41 -4 -16 10 2 -39 7 -28 -22 27 -28 16 39 7 -33 -41 24 12 30 35 14 -40 -20 42 40 -39 10 15 15 -43 20 -19 -26 -23 17 22 25 -5 -44 23 5 7 45 6 44 30 4 1 36 43 -15 37 5 49 -36 -20 -1 -2 -31 -43 44 30 31 -3 20 -39 ; 
37:37 60:60 70:70 37:37 35:35 12:12 16:16 50:50 89:89 43:43 89:89 7:7 8:8 29:29 97:97 82:82 32:32 71:71 94:94 34:34 48:48 39:39 38:38 41:41 80:80 36:36 16:16 31:31 20:20 18:18 112:112 42:42 34:34 23:23 88:88 26:26 100:100 32:32 50:50 95:95 13:13 62:62 91:91 139:139 74:74 28:28 79:79 88:88 64:64 115:115 66:66 99:99 56:56 47:47 82:82 80:80 41:41 104:104 19:19 64:64 43:43 47:47 45:45 44:44 86:86 182:182 33:33 63:63 81:81 41:41 56:56 101:101 104:104 65:65 5:5 117:117 114:114 63:63 45:45 51:51 42:42 65:65 50:50 33:33 91:91 68:68 12:12 23:23 64:64 118:118 82:82 62:62 24:24 67:67 56:56 53:53 11:11 16:16 61:61 52:52 30:30 71:71 7:7 36:36 35:35 20:20 56:56 30:30 84:84 47:47 53:53 15:15 60:60 40:40 25:25 40:40 24:24 63:63 91:91 48:48 69:69 48:48 46:46 35:35 78:78 106:106 49:49 68:68 48:48 65:65 15:15 25:25 51:51 95:95 159:159 37:37 125:125 39:39 2:2 14:14 67:67 40:40 78:78 52:52 52:52 6:6 79:79 98:98 11:11 14:14 66:66 79:79 51:51 75:75 60:60 63:63 33:33 65:65 41:41 11:11 48:48 6:6 5:5 16:16 20:20 73:73 55:55 38:38 54:54 36:36 42:42 11:11 11:11 20:20 89:89 54:54 92:92 84:84 150:150 73:73 71:71 101:101 86:86 9:9 11:11 28:28 66:66 58:58 10:10 72:72 21:21 101:101 30:30 157:157 116:116 16:16 52:52 60:60 36:36 79:79 32:32 ; 
L 35 -9 25 36 -40 33 24 -23 -32 44 -44 -10 19 -47 -21 -29 10 49 47 38 14 -46 26 -28 -44 22 -42 16 -24 -12 42 18 -27 34 -48 -49 -37 -6 -42 16 -16 45 19 32 -24 39 24 -43 -38 5 40 41 45 -27 49 23 22 42 6 -18 5 27 -46 -49 -43 -43 -11 11 -20 -1 21 39 33 -34 13 6 -3 -20 46 24 -1 -7 -9 49 -6 -27 -30 34 -7 -20 -43 35 -43 -45 30 23 36 30 10 47 8 -38 -9 -11 -26 8 46 11 48 44 -15 -45 44 -32 -36 -22 24 38 34 10 41 -28 47 29 -31 -43 -47 -31 15 -9 -25 -42 23 -45 -36 25 -15 -38 32 45 -41 25 -30 -16 -35 -20 -32 4 2 29 49 27 37 -23 -1 -4 -46 29 -34 -45 -6 -4 -13 40 36 22 -46 -12 46 -4 -31 -21 16 6 3 19 7 -40 -32 6 2 33 13 -37 50 2 17 17 25 12 -35 -47 46 20 5 -40 30 -24 -27 -25 ; 
24 70 26 67 62 87 26 44 35 45 12 38 56 92 3 94 56 6 36 16 90 92 58 72 17 34 73 22 13 89 46 76 99 51 21 29 27 66 47 45 9 25 20 15 59 36 99 23 54 71 77 99 79 80 74 15 74 7 72 43 15 22 26 73 52 7 53 30 77 6 8 51 60 15 33 97 56 90 28 6 24 55 34 30 29 99 14 59 40 74 76 40 4 76 64 26 43 43 31 9 93 59 26 29 98 73 19 54 56 50 60 55 2 92 69 71 10 49 77 71 91 98 93 48 43 4 88 49 69 77 19 51 86 67 83 48 73 37 19 99 21 75 8 20 42 68 67 74 95 23 32 34 35 86 49 41 94 75 9 60 90 43 11 93 28 66 68 52 45 11 27 81 5 48 3 100 29 93 71 4 2 55 14 19 19 95 91 11 92 40 94 79 52 53 98 43 55 46 49 85 74 ; 
L 32 -25 9 -15 -30 41 32 -4 -13 -38 -24 -24 39 -30 -42 -34 -29 -2 13 -49 -46 17 20 -29 -11 31 47 43 12 6 23 -37 37 -13 23 -40 -5 38 43 20 35 6 -20 4 42 -22 16 -24 -12 20 3 -6 46 -7 -30 -36 11 43 -49 -28 -38 -45 -49 -33 40 32 36 -18 30 23 -33 25 -48 2 -42 47 24 40 -25 30 -43 -49 34 10 6 -48 36 29 -12 46 19 37 -23 44 43 -28 19 -47 -21 -41 11 39 33 4 46 -27 1 -10 9 -35 -20 -21 2 29 45 47 -6 17 -9 -24 45 -31 44 -44 5 16 -16 -15 -38 47 -49 7 -34 -46 -40 -3 -27 -22 -27 -25 -32 46 9 7 24 -46 -19 -21 36 -44 45 15 35 24 -6 -42 38 -8 -26 -23 50 5 27 -45 1 -32 -34 -45 -43 -27 -10 14 -25 -42 45 -46 -49 -11 -6 32 16 41 -44 -16 -35 36 -22 31 -22 -40 -26 8 34 -47 10 1 -18 -4 -27 -25 ; 
95:95 49:49 58:58 77:77 30:30 67:67 7:7 90:90 90:90 11:11 49:49 37:37 36:36 94:94 50:50 48:48 25:25 30:30 34:34 38:38 72:72 58:58 45:45 126:126 53:53 114:114 49:49 88:88 44:44 41:41 64:64 62:62 6:6 19:19 9:9 18:18 77:77 26:26 54:54 43:43 113:113 15:15 18:18 41:41 111:111 73:73 46:46 13:13 89:89 14:14 90:90 56:56 81:81 84:84 30:30 43:43 52:52 144:144 17:17 47:47 35:35 35:35 37:37 57:57 87:87 11:11 140:140 83:83 81:81 26:26 27:27 53:53 67:67 177:177 90:90 2:2 34:34 14:14 19:19 32:32 4:4 57:57 72:72 71:71 108:108 80:80 13:13 32:32 125:125 45:45 21:21 6:6 86:86 24:24 21:21 76:76 59:59 92:92 3:3 103:103 52:52 54:54 60:60 40:40 15:15 7:7 54:54 23:23 53:53 70:70 54:54 26:26 56:56 23:23 35:35 55:55 23:23 73:73 54:54 81:81 37:37 21:21 51:51 12:12 67:67 9:9 9:9 30:30 37:37 106:106 56:56 165:165 40:40 35:35 96:96 16:16 29:29 17:17 110:110 56:56 100:100 56:56 20:20 79:79 20:20 36:36 10:10 60:60 21:21 32:32 2:2 55:55 89:89 21:21 80:80 47:47 83:83 59:59 68:68 18:18 45:45 44:44 22:22 22:22 85:85 101:101 4:4 60:60 108:108 31:31 25:25 38:38 14:14 51:51 57:57 50:50 73:73 5:5 14:14 4:4 68:68 31:31 112:112 16:16 42:42 44:44 63:63 8:8 58:58 26:26 100:100 73:73 34:34 22:22 62:62 25:25 2:2 4:4 35:35 85:85 74:74 ; 
L 25 -35 -50 22 -10 7 31 -8 27 -2 12 43 -41 48 -23 15 -2 -10 -8 49 7 -3 -42 -7 5 27 44 -50 33 5 -26 24 -45 -48 -31 9 38 -15 -46 50 -40 -45 38 35 -4 26 -20 -20 1 -36 28 -12 -22 -34 48 4 -34 8 29 13 19 -19 17 16 -16 -43 30 -22 -45 31 44 -46 -44 -5 8 50 -20 18 -25 -24 22 -49 21 -49 -11 -16 -2 7 -28 40 -16 14 -13 -13 45 26 39 -39 -7 38 -31 6 -35 -37 -42 10 -37 -15 36 21 -23 25 -2 -3 -2 -46 23 17 -26 30 11 -15 4 -38 -29 -13 -22 -9 45 36 49 6 4 34 -3 -42 -15 -20 -8 28 -18 -29 28 10 11 -10 8 41 -7 20 27 28 -14 22 3 -34 27 -42 -39 31 -32 48 -24 40 -16 42 33 15 15 48 27 -12 28 -46 -13 13 18 36 -40 -14 -32 -15 47 -42 32 45 -14 2 -31 22 -42 36 -40 38 -45 -47 40 -14 15 -24 ; 
48 30 18 43 82 75 33 84 100 21 6 32 84 86 21 72 83 47 65 51 74 71 59 6 95 11 26 69 21 42 67 5 36 59 76 87 36 72 66 85 28 13 67 41 21 74 35 13 59 42 43 74 88 46 99 69 18 5 14 34 97 81 93 35 37 60 45 71 94 70 77 8 91 60 74 47 77 14 33 89 40 82 26 19 10 80 28 93 57 49 42 96 24 74 28 9 11 88 15 99 61 82 33 15 18 79 82 2 87 64 43 24 15 34 92 68 83 20 97 44 70 47 55 91 37 43 13 29 69 38 90 76 52 15 5 70 50 23 46 49 95 40 84 24 88 33 15 67 85 44 53 39 94 8 87 59 92 36 62 13 50 8 98 16 52 44 76 51 30 73 62 45 94 11 21 81 19 93 32 10 5 44 17 49 68 37 62 45 39 52 80 39 44 40 31 60 44 65 48 35 94 ; 
L 25 31 -36 5 49 10 15 42 15 -31 29 -44 -8 -2 45 -42 -46 4 -42 -12 -50 38 10 10 -11 -15 44 -48 -39 28 31 -7 -26 -16 34 -40 12 -6 40 -50 -38 -26 -20 10 -22 -3 40 -18 -13 -40 -47 15 -42 -45 -10 -45 3 -27 46 37 13 -39 34 21 -9 -41 48 -48 26 18 19 15 17 31 -1 20 20 28 -26 24 2 -11 -23 -11 15 -6 22 -30 43 38 -36 -42 7 22 23 -42 -8 -27 -5 49 36 -8 27 -35 -15 -28 14 -13 -29 -5 -33 -19 -22 47 27 -37 49 46 4 4 -20 -13 -22 24 17 8 30 48 -7 -28 -28 14 40 -36 2 -3 -45 -16 -2 20 -50 -38 13 -45 7 -41 -38 -16 -16 7 7 32 -28 -22 31 -3 -18 -16 -14 -36 -31 -32 48 -45 25 13 -34 -4 -40 14 -24 -2 33 -50 21 -15 32 -49 -14 2 -8 34 -25 -43 -12 22 -8 -45 9 -35 -46 -44 29 -42 35 27 39 -23 15 -24 ; 
48:48 51:51 63:63 44:44 20:20 6:6 46:46 50:50 27:27 39:39 116:116 57:57 73:73 53:53 20:20 44:44 53:53 7:7 49:49 73:73 52:52 53:53 82:82 32:32 33:33 115:115 105:105 19:19 78:78 23:23 26:26 44:44 37:37 89:89 77:77 16:16 11:11 28:28 52:52 28:28 31:31 35:35 44:44 90:90 82:82 57:57 82:82 95:95 19:19 65:65 69:69 17:17 33:33 37:37 46:46 27:27 22:22 97:97 24:24 17:17 35:35 31:31 78:78 76:76 40:40 178:178 63:63 41:41 16:16 58:58 67:67 23:23 162:162 45:45 83:83 59:59 13:13 27:27 66:66 5:5 63:63 21:21 17:17 85:85 69:69 56:56 35:35 51:51 45:45 128:128 33:33 63:63 58:58 32:32 33:33 31:31 34:34 88:88 11:11 94:94 14:14 58:58 100:100 24:24 49:49 10:10 109:109 106:106 34:34 56:56 42:42 84:84 72:72 41:41 40:40 62:62 2:2 64:64 52:52 71:71 9:9 107:107 13:13 68:68 71:71 91:91 51:51 10:10 33:33 90:90 39:39 35:35 10:10 42:42 59:59 87:87 76:76 127:127 28:28 73:73 77:77 63:63 11:11 176:176 39:39 22:22 33:33 66:66 10:10 66:66 29:29 59:59 11:11 91:91 52:52 18:18 22:22 54:54 91:91 17:17 45:45 27:27 8:8 111:111 79:79 15:15 23:23 15:15 6:6 40:40 102:102 33:33 37:37 17:17 29:29 22:22 97:97 57:57 124:124 45:45 27:27 5:5 46:46 26:26 32:32 59:59 53:53 68:68 69:69 8:8 97:97 91:91 78:78 41:41 4:4 55:55 49:49 82:82 35:35 35:35 94:94 ; 
L 13 44 -35 40 49 -30 9 -39 34 22 27 -13 44 -20 -11 -42 -47 20 1 -31 -5 -37 -50 -27 44 -48 -45 36 -18 30 3 -29 -35 7 12 19 -9 -31 13 -5 -34 21 45 43 36 -35 -3 41 -16 -13 -3 -27 -10 -46 -39 6 -48 -20 26 22 8 -21 -25 24 -1 17 47 3 -34 -17 -33 32 18 -2 17 50 44 -28 -48 -47 -34 10 2 -34 41 -39 21 23 -8 -36 25 -2 -44 -3 -41 -21 7 -47 -12 -50 32 -45 -29 -31 -38 -41 -9 44 -49 3 -27 18 -8 -16 29 -3 25 14 38 26 35 12 -48 -19 13 -46 20 48 -15 -20 2 -18 32 17 -30 -14 -17 -1 45 -21 36 22 -7 3 -16 -33 37 -1 -44 32 -38 12 -26 31 37 49 48 32 12 13 49 -23 -45 24 -49 -30 -10 -34 47 35 6 11 7 9 25 -18 12 -47 30 -41 15 -19 -1 28 -9 42 8 31 44 -20 -36 45 -21 -6 13 44 28 46 -47 -26 ; 
46 13 97 58 95 16 65 20 9 94 17 63 18 56 30 92 17 84 9 88 83 61 1 49 95 55 46 74 40 44 65 3 69 95 68 10 60 4 99 19 51 40 45 3 95 71 67 85 7 24 79 82 83 71 10 90 41 80 61 9 14 65 66 15 99 42 26 55 38 28 24 83 73 46 99 24 61 39 52 50 79 22 88 29 82 56 54 70 30 2 93 88 31 53 7 99 36 88 16 54 96 16 92 80 13 14 46 39 73 48 100 39 5 83 97 4 90 93 96 46 89 38 7 15 96 16 37 37 40 42 57 7 22 89 15 50 48 33 53 81 80 56 84 71 35 73 23 63 28 4 42 21 82 40 81 18 27 78 84 60 79 96 98 79 91 78 92 52 64 39 53 8 47 8 26 45 30 90 48 74 44 65 71 29 72 95 16 80 51 22 65 23 78 26 91 39 27 56 74 4 12 ; 
L 13 20 6 35 34 14 25 47 -7 -1 31 29 28 -19 -21 42 17 -34 -17 9 38 -49 -30 41 43 36 -21 -40 14 30 -44 -50 19 -3 47 48 45 -32 20 -8 -22 44 31 10 2 26 -44 -13 39 12 -41 -34 16 -45 -3 -28 21 27 44 -11 -23 -18 -35 45 22 -20 2 -18 16 -20 3 -32 30 2 -48 -8 -18 17 -10 -45 1 28 21 3 22 9 12 -5 -37 -48 -48 -7 12 2 8 -50 -10 -29 16 -45 36 -13 -3 7 3 -27 -9 -31 6 44 44 8 30 9 13 -46 -25 36 25 17 -26 -18 -50 -13 47 27 32 -37 32 -12 -49 -25 41 -23 -21 -41 -48 -20 -11 -42 -47 -45 -24 -34 7 34 -9 -39 -46 -38 35 -20 -1 33 -12 -1 44 37 -1 33 47 -36 -31 26 -5 48 -44 49 21 12 6 -24 3 3 -29 38 -17 -18 -35 49 -30 -47 -49 -13 34 31 -15 -39 -44 13 -27 15 -46 -36 -35 -19 41 32 -47 -26 ; 
46:46 34:34 75:75 57:57 22:22 84:84 59:59 24:24 88:88 100:100 6:6 80:80 106:106 62:62 37:37 51:51 91:91 27:27 34:34 8:8 49:49 41:41 78:78 8:8 2:2 95:95 60:60 74:74 65:65 50:50 53:53 61:61 9:9 60:60 56:56 50:50 16:16 16:16 88:88 76:76 14:14 25:25 108:108 53:53 88:88 76:76 95:95 76:76 82:82 4:4 3:3 28:28 26:26 8:8 78:78 37:37 23:23 44:44 137:137 27:27 59:59 55:55 77:77 82:82 108:108 58:58 57:57 7:7 28:28 19:19 100:100 43:43 17:17 54:54 98:98 29:29 79:79 89:89 11:11 59:59 60:60 50:50 50:50 13:13 81:81 14:14 39:39 77:77 61:61 13:13 42:42 30:30 11:11 30:30 23:23 68:68 69:69 13:13 97:97 4:4 74:74 45:45 79:79 101:101 65:65 59:59 64:64 4:4 106:106 24:24 72:72 33:33 13:13 94:94 66:66 16:16 4:4 93:93 14:14 44:44 69:69 24:24 43:43 129:129 13:13 15:15 140:140 14:14 84:84 52:52 40:40 26:26 76:76 19:19 70:70 39:39 103:103 37:37 46:46 92:92 17:17 108:108 92:92 46:46 111:111 87:87 9:9 34:34 9:9 13:13 29:29 65:65 26:26 20:20 61:61 34:34 25:25 29:29 63:63 22:22 125:125 44:44 55:55 40:40 85:85 25:25 55:55 91:91 89:89 19:19 49:49 143:143 40:40 40:40 3:3 131:131 20:20 60:60 54:54 45:45 16:16 88:88 95:95 79:79 61:61 56:56 30:30 98:98 24:24 18:18 63:63 23:23 76:76 37:37 102:102 63:63 46:46 78:78 39:39 4:4 12:12 ; 
L -31 -40 -16 -3 25 40 32 -20 27 21 12 39 2 24 6 49 41 46 -12 50 11 -46 50 1 2 18 -9 7 -10 -11 -15 -5 18 37 -49 -15 50 23 -4 41 -23 36 35 7 -2 -13 -16 -9 23 20 5 -20 32 6 -3 -38 49 31 35 -39 -30 -40 -13 -9 34 -19 37 21 -45 45 -7 1 -20 -42 -19 -47 -20 29 45 -14 15 20 50 -16 20 -25 18 -26 21 45 45 -36 -31 5 50 41 2 -27 40 15 35 30 50 -3 -48 -15 -13 -26 -14 33 11 -34 -21 -16 -25 38 -7 -39 -44 33 8 -1 32 -33 -7 -6 -23 49 2 -23 -8 44 24 1 -26 32 8 38 -18 -18 -46 17 -13 40 -2 -9 -33 -40 23 20 -23 -40 -36 -17 -23 28 33 -15 4 10 -28 22 36 -49 -23 45 -3 15 44 38 43 -47 41 32 -18 34 -2 6 -37 -29 -38 43 19 25 -4 38 -21 -43 12 11 29 -45 -2 -50 3 22 49 45 30 -44 ; 
45 67 35 85 2 50 51 32 65 79 7 4 49 47 55 44 89 64 59 83 81 80 39 39 31 92 55 29 3 92 2 63 19 88 87 94 42 79 6 79 53 24 70 63 20 15 79 44 38 62 44 2 10 52 11 70 17 49 81 77 99 92 46 41 9 77 62 66 30 16 58 17 75 92 27 26 4 87 15 24 9 6 57 8 2 76 43 41 60 97 100 56 22 81 22 94 14 88 68 84 93 13 75 6 3 53 27 38 29 69 74 97 33 45 99 80 73 70 87 11 41 45 51 83 59 11 40 11 82 65 13 33 65 80 87 33 13 74 20 37 79 50 38 40 70 18 62 17 23 26 5 49 34 76 82 91 32 58 27 82 85 95 29 57 34 28 59 88 70 75 86 51 12 41 8 6 66 86 57 86 70 94 80 44 40 29 92 2 20 64 72 46 10 98 65 4 28 57 67 1 85 ; 
L 30 49 36 40 21 6 -20 -15 -7 -2 -16 -50 49 -20 -50 -25 3 -19 44 -25 4 -15 41 -45 -26 32 -7 7 -23 -44 -33 -47 -21 10 -36 -12 2 -9 -36 -22 40 -30 -46 50 1 2 18 17 -13 40 11 38 -3 21 27 41 -11 -18 29 37 28 -10 23 -2 28 41 -22 29 -38 17 -24 21 -35 -34 4 -18 -12 -32 -38 -4 6 32 50 11 13 -44 -16 45 -23 -2 39 20 -43 -25 38 1 16 23 -26 -13 50 -16 -1 32 32 -18 -38 -25 -7 -6 39 -45 15 45 -19 -45 11 -9 15 14 26 13 3 24 -20 -21 -37 -46 -33 -49 23 -8 49 -37 34 -18 -8 9 -31 -40 20 35 5 35 -50 6 2 23 36 -9 -18 14 -15 48 3 -34 -38 40 -23 43 -31 -49 -49 23 -33 -40 -29 20 47 -33 -50 -5 -8 20 -41 31 -15 -12 43 23 2 -45 45 -3 -46 -39 19 -40 -15 5 -27 -2 1 -20 -42 -7 33 45 30 -44 ; 
61:61 13:13 84:84 34:34 45:45 21:21 28:28 102:102 8:8 50:50 14:14 56:56 127:127 105:105 88:88 114:114 2:2 57:57 25:25 105:105 77:77 79:79 31:31 44:44 63:63 33:33 20:20 18:18 36:36 84:84 46:46 8:8 25:25 132:132 14:14 54:54 42:42 34:34 18:18 29:29 102:102 80:80 52:52 39:39 39:39 31:31 92:92 39:39 38:38 40:40 78:78 8:8 41:41 39:39 15:15 156:156 32:32 65:65 53:53 86:86 67:67 85:85 41:41 70:70 40:40 74:74 43:43 88:88 30:30 196:196 67:67 17:17 35:35 59:59 12:12 46:46 13:13 34:34 36:36 134:134 147:147 16:16 23:23 81:81 108:108 143:143 40:40 87:87 45:45 10:10 74:74 58:58 19:19 39:39 80:80 91:91 70:70 36:36 97:97 37:37 36:36 8:8 33:33 51:51 38:38 8:8 27:27 28:28 103:103 11:11 24:24 55:55 20:20 43:43 48:48 21:21 78:78 40:40 0:0 59:59 29:29 38:38 50:50 47:47 35:35 11:11 66:66 66:66 56:56 2:2 19:19 55:55 45:45 87:87 67:67 92:92 144:144 42:42 52:52 67:67 36:36 55:55 43:43 12:12 6:6 33:33 23:23 39:39 34:34 51:51 38:38 47:47 46:46 53:53 3:3 32:32 17:17 57:57 48:48 82:82 26:26 49:49 56:56 11:11 10:10 17:17 27:27 87:87 4:4 56:56 29:29 22:22 35:35 122:122 10:10 71:71 68:68 31:31 20:20 6:6 69:69 51:51 41:41 121:121 26:26 40:40 61:61 62:62 17:17 54:54 59:59 120:120 15:15 75:75 92:92 37:37 69:69 62:62 39:39 1:1 85:85 ; 
L -11 9 21 -7 -12 -50 21 -29 -8 -18 24 46 -22 -38 -9 -39 -7 33 4 15 -13 -14 -4 -35 -37 14 -17 18 -47 49 -33 -29 -35 -29 -17 27 -11 26 -8 -35 49 5 -50 -1 -19 -10 4 -3 10 -38 -17 35 -17 38 43 -5 48 -35 -11 -7 10 -11 25 -50 -36 19 -5 -21 -21 -7 40 5 24 20 -44 9 -50 1 -7 -49 35 -18 -4 10 38 12 18 43 -43 -46 -6 16 -3 36 46 -21 41 -32 -30 23 20 -40 47 34 30 39 25 -26 -15 22 -29 38 3 -43 -50 -38 -48 -38 -17 -42 15 -7 7 19 -25 -49 22 14 47 -33 -13 -20 17 -42 -15 43 -9 -36 -3 -11 -11 31 -13 19 -40 16 -32 39 19 45 -35 33 -26 13 6 -45 25 -49 23 -35 31 -43 -15 -48 31 24 -43 -40 29 -8 39 -2 22 -22 26 -20 8 9 10 43 35 -20 13 -44 -12 -38 5 -6 -32 20 -31 -11 1 -48 -43 43 22 24 -3 48 ; 
73 37 98 68 44 43 24 17 95 9 44 67 5 8 68 45 21 14 82 65 43 17 84 47 78 54 10 60 20 59 34 81 16 53 49 32 38 78 80 67 35 29 26 46 11 47 80 30 37 54 6 34 37 27 21 35 75 80 59 26 49 37 92 14 67 70 60 94 15 5 41 56 50 44 14 69 65 86 40 47 86 19 36 85 96 99 48 77 87 44 65 52 91 74 59 50 85 94 15 26 25 96 70 47 67 12 91 67 51 99 5 2 28 92 5 54 46 18 78 93 65 11 71 61 26 65 62 94 51 90 65 82 32 4 9 44 73 100 19 45 65 53 54 71 37 43 96 48 1 39 74 26 32 31 81 32 26 3 9 69 24 77 14 45 68 29 84 32 38 41 63 86 91 10 30 93 15 71 30 89 24 89 4 64 61 56 68 99 31 21 86 40 73 39 46 86 61 91 69 46 18 ; 
L -33 -40 47 34 -9 -33 16 -19 -7 -23 20 29 -24 38 43 -5 33 36 50 1 50 43 39 10 -11 -18 35 -9 22 -50 49 -35 15 -38 -43 31 -39 47 47 7 -35 -50 21 -11 31 9 7 44 -12 -38 23 6 -5 7 6 -43 20 -21 26 -19 36 48 -11 1 -45 -24 13 -13 18 -32 10 -38 -13 -44 26 -15 17 -8 -43 35 8 -26 -45 35 -5 -14 17 -15 46 -21 41 -48 -24 25 -37 -3 14 22 -46 -35 27 -11 20 5 -12 40 40 -18 4 -39 -49 -9 11 7 -21 31 -3 7 35 26 -33 -43 -25 30 20 39 18 -49 22 38 17 -46 7 25 42 14 12 -21 8 -29 43 4 -13 -20 35 -40 -19 -30 -29 25 -49 43 -6 16 38 -22 13 -32 42 17 38 -10 -3 17 20 -49 43 -3 -4 5 -10 11 2 17 -8 19 -15 -32 4 -36 -48 29 -22 48 38 -1 50 -9 -29 31 -43 19 24 10 -22 35 -15 -11 -3 48 ; 
18:18 84:84 70:70 47:47 40:40 58:58 46:46 49:49 61:61 18:18 40:40 41:41 89:89 3:3 21:21 35:35 68:68 46:46 67:67 27:27 46:46 35:35 28:28 102:102 37:37 77:77 50:50 121:121 13:13 6:6 32:32 62:62 18:18 12:12 43:43 99:99 7:7 17:17 127:127 49:49 34:34 38:38 24:24 48:48 53:53 6:6 30:30 21:21 26:26 56:56 45:45 53:53 99:99 53:53 32:32 37:37 88:88 21:21 37:37 19:19 24:24 110:110 41:41 73:73 49:49 48:48 13:13 42:42 44:44 21:21 28:28 54:54 45:45 8:8 67:67 58:58 105:105 88:88 40:40 94:94 35:35 80:80 79:79 47:47 37:37 58:58 94:94 63:63 45:45 50:50 85:85 75:75 122:122 65:65 103:103 100:100 8:8 3:3 5:5 65:65 24:24 38:38 9:9 73:73 31:31 41:41 18:18 16:16 97:97 13:13 55:55 71:71 37:37 24:24 68:68 90:90 72:72 85:85 22:22 31:31 32:32 70:70 30:30 41:41 47:47 53:53 26:26 63:63 62:62 68:68 102:102 8:8 21:21 67:67 6:6 19:19 54:54 24:24 4:4 41:41 44:44 97:97 42:42 82:82 67:67 93:93 60:60 65:65 44:44 30:30 3:3 40:40 52:52 52:52 119:119 31:31 43:43 62:62 33:33 93:93 78:78 93:93 33:33 13:13 53:53 51:51 68:68 92:92 41:41 12:12 23:23 102:102 96:96 17:17 87:87 60:60 54:54 64:64 71:71 93:93 65:65 62:62 5:5 57:57 46:46 15:15 86:86 65:65 138:138 9:9 52:52 22:22 97:97 109:109 19:19 34:34 97:97 40:40 44:44 46:46 18:18 ; 
L -3 45 41 24 30 -38 45 4 13 33 36 -42 24 46 20 1 31 -46 -37 50 -41 22 -25 -42 7 -12 -4 -32 -42 -15 -26 28 -12 -13 32 3 12 -29 32 -44 -16 -43 36 -15 -42 24 -30 -9 -5 46 8 12 -33 -18 1 -13 8 -36 6 41 29 34 21 -46 23 26 -9 -11 -6 24 -38 21 29 -1 -16 -45 24 -44 40 -47 -10 -46 4 -34 -44 27 -5 -2 18 30 -21 -30 -36 12 -40 43 -27 49 -7 -28 23 -2 -26 -22 -16 -7 14 -40 -8 48 -12 -41 40 -14 35 31 38 -22 17 -41 -21 43 -5 -31 43 34 -45 -31 -10 10 -46 -4 -9 20 -7 -27 -17 19 41 24 -38 46 -23 -2 -41 30 -15 2 -6 -32 2 -14 -28 -13 -48 -31 -18 8 -5 49 -45 39 -18 30 -33 -11 -26 5 7 -29 -30 -16 -17 47 34 -32 33 -44 42 -35 -45 12 -1 50 7 -3 24 12 50 36 -7 -6 31 47 40 28 -22 1 19 21 ; 
10 88 19 70 40 97 55 100 49 39 68 34 2 70 64 91 9 45 93 3 27 11 57 66 33 67 68 98 56 75 27 34 44 53 64 80 78 25 87 59 48 64 75 44 70 87 54 6 44 37 17 57 13 72 48 62 8 60 28 60 55 38 60 24 56 66 8 33 83 9 49 6 21 15 17 36 1 61 47 1 73 34 5 11 45 54 11 44 41 22 95 24 32 15 78 96 1 77 83 24 32 97 98 9 26 67 18 21 76 70 50 4 59 4 28 43 70 31 70 39 28 76 33 25 2 41 68 92 5 67 70 94 18 91 95 50 45 27 45 73 35 48 43 16 24 74 25 26 59 5 6 98 38 65 43 33 30 22 45 74 98 4 76 19 95 53 19 18 50 47 10 91 94 27 12 94 39 10 96 92 4 78 63 36 84 66 33 12 71 70 86 88 79 56 79 48 32 79 77 80 69 ; 
L -32 15 24 -10 -34 -44 -1 -45 -39 8 -20 29 -6 -43 36 -38 35 19 41 24 36 48 37 38 29 34 21 12 -30 18 31 -45 31 -7 40 -30 23 26 17 27 5 -43 -5 41 24 12 -21 -30 -36 1 -41 -33 46 -30 12 46 -41 30 -6 -21 -40 16 44 2 -33 -34 31 45 -11 -13 30 12 7 -30 9 7 -34 -7 -13 -47 15 24 2 -1 -32 -12 -4 -28 17 -38 45 16 2 2 22 26 -42 32 41 45 -3 -33 7 -32 -33 -18 -5 -41 22 13 -28 12 4 14 -2 6 9 -42 -43 50 49 49 -21 -25 -48 47 44 -17 3 8 -28 22 18 18 -46 4 31 46 -26 -46 8 38 -22 -43 31 40 5 -27 31 -46 24 40 28 7 16 -10 -46 32 12 -8 -50 6 45 16 -23 29 27 3 -11 24 -36 -1 12 -29 -10 42 -36 5 14 -42 -15 -35 14 1 -13 7 -9 24 -44 40 42 -47 23 4 -20 41 -26 50 19 21 ; 
36:36 15:15 8:8 68:68 33:33 45:45 37:37 73:73 44:44 11:11 45:45 25:25 68:68 76:76 75:75 36:36 17:17 86:86 45:45 73:73 54:54 46:46 88:88 91:91 138:138 38:38 60:60 24:24 25:25 19:19 28:28 97:97 41:41 39:39 49:49 19:19 27:27 66:66 28:28 45:45 44:44 33:33 41:41 9:9 70:70 37:37 10:10 24:24 32:32 28:28 25:25 70:70 17:17 23:23 17:17 81:81 4:4 26:26 74:74 31:31 57:57 52:52 48:48 3:3 42:42 81:81 40:40 92:92 23:23 79:79 37:37 20:20 37:37 14:14 82:82 77:77 128:128 78:78 76:76 33:33 1:1 85:85 66:66 181:181 24:24 10:10 68:68 45:45 73:73 93:93 88:88 21:21 20:20 20:20 71:71 124:124 44:44 55:55 25:25 76:76 62:62 8:8 37:37 133:133 13:13 72:72 75:75 50:50 11:11 44:44 30:30 80:80 43:43 23:23 98:98 15:15 65:65 43:43 38:38 78:78 81:81 23:23 60:60 30:30 74:74 44:44 12:12 23:23 59:59 2:2 58:58 108:108 40:40 40:40 20:20 5:5 11:11 52:52 78:78 10:10 88:88 38:38 10:10 12:12 2:2 58:58 34:34 11:11 26:26 45:45 32:32 35:35 48:48 37:37 67:67 32:32 93:93 54:54 49:49 73:73 29:29 30:30 24:24 36:36 78:78 59:59 107:107 9:9 8:8 18:18 69:69 89:89 158:158 25:25 75:75 52:52 34:34 70:70 20:20 24:24 75:75 62:62 28:28 21:21 62:62 63:63 32:32 18:18 61:61 47:47 85:85 21:21 60:60 29:29 45:45 114:114 16:16 17:17 126:126 80:80 69:69 ; 
L -4 -23 39 13 43 -27 25 6 47 37 -26 38 30 -21 43 15 4 -26 -10 -50 12 40 -39 -34 -32 38 19 -35 -40 16 31 -2 45 9 -34 -15 35 17 -50 31 14 47 35 -7 -38 29 3 35 35 28 13 -38 -34 29 26 -11 -44 -22 44 -13 36 12 -33 44 -40 38 48 30 -26 25 -26 36 -34 -17 4 36 45 -34 -15 -23 1 37 -38 4 -40 43 -47 36 21 41 48 -42 -15 35 -48 37 3 -27 2 -9 8 10 -36 44 29 -26 -5 -8 -21 35 -30 26 -6 9 -40 -44 45 14 20 27 -3 -13 -7 43 7 32 24 -35 -38 -21 -12 40 35 41 -1 -44 8 -44 20 7 -27 -28 -14 -35 -32 21 -46 -5 21 -23 -48 -39 -15 -45 12 20 8 -34 -6 44 -41 43 36 17 20 8 -16 -16 46 -15 13 45 -48 -6 42 11 37 13 15 23 -18 -8 15 -39 8 -33 19 -47 16 -15 -13 -4 -22 7 41 42 -29 -11 16 11 ; 
67 23 13 73 36 3 56 50 13 4 2 28 25 17 32 74 89 41 90 81 24 15 53 14 73 8 92 18 39 37 90 15 76 12 18 18 29 44 67 5 64 94 39 100 76 89 74 80 25 31 100 23 76 35 57 36 42 3 45 56 20 64 8 16 76 13 15 31 8 69 35 12 3 73 9 86 31 26 45 67 74 2 54 31 33 75 76 82 47 51 98 28 53 72 92 9 59 3 63 82 57 90 60 70 4 60 61 82 8 100 16 62 46 14 79 96 39 41 42 59 50 30 32 62 79 87 1 14 67 44 100 43 86 17 96 57 80 30 100 93 24 45 65 82 33 7 42 7 95 13 43 91 60 53 87 33 18 36 95 95 79 83 25 73 61 66 100 28 89 29 55 46 5 52 7 61 56 11 9 73 73 71 23 66 22 99 36 79 43 83 21 36 94 60 35 32 97 24 66 53 16 ; 
L -4 -23 39 -40 15 -38 32 34 7 -31 -37 35 -10 -35 41 -23 15 34 -9 -44 30 15 17 -16 -27 45 15 -34 28 -25 27 -3 1 37 40 -27 -28 -35 13 -41 15 -29 -41 34 -16 36 8 -36 -7 38 -22 35 -21 -12 11 -14 14 20 -32 -37 -21 5 46 -39 -44 8 -17 38 -20 12 -25 -4 -13 48 12 40 39 -35 43 -43 -33 14 -26 23 44 -35 12 -8 26 26 48 -8 -8 13 27 41 -11 -15 46 43 -26 43 15 13 6 34 -42 -36 45 13 -7 -38 38 -6 44 29 1 3 47 -13 -48 9 -2 9 -40 45 -7 29 -26 -45 -36 -4 -39 8 50 -17 26 13 -42 42 -35 43 -10 -50 -30 36 -37 5 6 48 23 -44 -22 -26 38 35 -47 44 18 -47 36 -35 -29 -24 -45 44 20 30 48 38 15 -16 -6 -4 33 -44 21 34 -19 -7 47 4 -35 -40 -3 -40 21 11 8 -21 32 -21 2 -31 -16 -20 -19 15 16 11 ; 
67:67 23:23 13:13 78:78 19:19 64:64 8:8 73:73 74:74 56:56 56:56 80:80 55:55 57:57 34:34 112:112 25:25 18:18 18:18 61:61 112:112 2:2 53:53 75:75 62:62 40:40 53:53 28:28 23:23 38:38 56:56 1:1 106:106 2:2 38:38 28:28 45:45 68:68 85:85 33:33 58:58 121:121 29:29 31:31 13:13 41:41 37:37 41:41 76:76 60:60 55:55 41:41 102:102 100:100 44:44 96:96 57:57 28:28 21:21 60:60 37:37 95:95 7:7 47:47 30:30 10:10 37:37 30:30 40:40 88:88 72:72 29:29 50:50 59:59 41:41 15:15 45:45 4:4 29:29 19:19 42:42 110:110 55:55 7:7 12:12 34:34 13:13 16:16 48:48 56:56 23:23 81:81 141:141 42:42 70:70 92:92 45:45 71:71 57:57 42:42 63:63 82:82 74:74 19:19 33:33 82:82 14:14 16:16 37:37 20:20 39:39 76:76 86:86 74:74 95:95 59:59 44:44 93:93 31:31 28:28 27:27 138:138 82:82 71:71 79:79 110:110 31:31 59:59 18:18 104:104 31:31 86:86 64:64 22:22 20:20 67:67 60:60 61:61 66:66 9:9 49:49 41:41 51:51 81:81 20:20 32:32 13:13 48:48 60:60 52:52 17:17 93:93 3:3 42:42 97:97 67:67 18:18 37:37 58:58 51:51 82:82 16:16 33:33 4:4 31:31 39:39 12:12 54:54 53:53 30:30 28:28 25:25 30:30 83:83 29:29 66:66 22:22 49:49 50:50 24:24 42:42 89:89 17:17 39:39 17:17 100:100 68:68 16:16 59:59 89:89 7:7 36:36 84:84 15:15 90:90 45:45 17:17 42:42 123:123 53:53 16:16 ; 
L 4 45 -16 24 -14 16 27 33 46 -28 -17 18 45 10 -34 28 -19 -17 28 41 29 -40 -28 -5 28 16 -6 -8 -24 -6 -10 -22 38 43 -43 -30 -7 -25 18 -36 -31 48 -13 46 44 -46 -18 -4 39 7 -48 22 9 -34 12 -33 -30 -12 -11 33 -34 -13 22 10 35 -35 35 -47 4 2 -31 -38 48 -42 -15 27 -35 31 19 14 30 -5 -29 25 9 6 -7 21 38 -46 15 42 -18 27 50 -12 -47 12 -43 26 -27 37 11 -47 -27 17 24 -30 31 40 22 -30 -32 -16 34 11 -34 -26 -38 -7 -43 2 46 32 -45 -25 43 -32 -41 49 -14 -37 -23 -30 -43 16 9 -26 -1 14 44 -27 9 -45 37 -16 -18 -3 -14 41 16 -8 50 12 30 -8 -42 33 14 -41 -11 -50 48 -14 -14 -37 14 6 38 17 38 -27 16 4 20 -24 -8 27 16 -41 -37 35 6 23 -41 39 4 -26 -41 -25 -21 -15 -49 17 -22 -26 -39 -37 -15 7 ; 
50 18 59 1 17 64 31 34 32 73 100 79 81 39 1 68 92 41 56 94 20 79 96 72 92 68 26 8 23 66 60 20 94 32 54 8 43 56 38 40 26 40 96 63 97 30 34 2 49 77 37 75 36 73 100 37 51 50 28 42 21 57 38 4 15 13 40 94 72 43 89 45 67 86 30 21 74 61 47 81 55 6 4 55 81 44 14 78 80 7 23 86 57 80 56 100 34 29 85 85 67 92 57 7 97 82 12 82 98 86 36 54 82 69 92 34 59 47 59 77 54 34 16 97 26 73 2 80 69 95 71 68 30 27 82 17 55 58 17 89 27 7 62 2 32 40 87 85 55 41 31 100 78 95 2 45 49 59 33 72 45 33 22 51 17 34 86 1 66 18 86 12 100 15 16 47 100 67 48 25 86 32 8 99 38 7 26 59 37 5 82 76 53 66 26 32 10 35 50 55 16 ; 
L 4 12 -25 -24 -33 -25 26 -27 50 -6 45 -16 -27 12 -11 -12 45 -32 -42 46 -33 -30 28 -33 -44 -46 -4 39 16 18 8 -43 -21 -30 -32 41 47 12 29 -32 -24 37 -41 49 45 -16 50 -45 -24 -6 -3 -14 -46 35 -8 27 16 -14 -27 27 -44 -14 1 26 -4 34 -10 -11 34 30 -5 -46 37 14 -40 -29 16 30 43 -16 31 34 -39 -22 -31 -26 -38 31 -14 18 -41 -36 -7 25 -14 37 11 28 -19 -17 2 48 25 -21 -48 38 -18 -26 -39 -23 37 43 4 12 15 -47 -41 -38 -49 28 -42 -17 -38 -6 6 23 4 20 -34 -13 -22 33 -7 18 15 35 30 7 -17 2 -34 -47 9 -43 50 -14 -48 -24 40 35 22 26 -41 -5 31 41 7 -9 -9 9 -38 22 38 8 30 -48 14 -14 18 -6 10 27 -19 -16 -16 13 -28 46 10 22 27 37 35 17 -11 -37 15 8 -35 16 28 42 -17 -43 -30 -43 -41 -27 -15 7 ; 
50:50 5:5 125:125 75:75 78:78 25:25 74:74 67:67 143:143 34:34 60:60 111:111 32:32 73:73 49:49 83:83 22:22 23:23 142:142 9:9 19:19 51:51 100:100 52:52 51:51 97:97 33:33 49:49 44:44 108:108 36:36 94:94 35:35 33:33 82:82 34:34 43:43 84:84 38:38 83:83 29:29 12:12 49:49 95:95 54:54 59:59 39:39 16:16 77:77 66:66 34:34 8:8 17:17 65:65 42:42 67:67 9:9 79:79 54:54 41:41 10:10 27:27 89:89 31:31 59:59 36:36 1:1 27:27 11:11 63:63 6:6 121:121 49:49 60:60 39:39 8:8 87:87 48:48 8:8 53:53 19:19 46:46 37:37 60:60 31:31 62:62 59:59 46:46 22:22 6:6 48:48 55:55 56:56 54:54 1:1 86:86 70:70 32:32 92:92 41:41 94:94 25:25 16:16 66:66 108:108 67:67 50:50 28:28 10:10 34:34 112:112 44:44 41:41 51:51 12:12 87:87 15:15 12:12 76:76 93:93 88:88 24:24 18:18 66:66 15:15 99:99 21:21 16:16 64:64 57:57 23:23 90:90 112:112 93:93 60:60 18:18 140:140 57:57 14:14 66:66 70:70 77:77 72:72 57:57 12:12 58:58 114:114 64:64 79:79 32:32 35:35 22:22 39:39 22:22 152:152 36:36 76:76 84:84 54:54 55:55 27:27 41:41 40:40 44:44 7:7 36:36 18:18 49:49 6:6 41:41 22:22 32:32 68:68 42:42 112:112 41:41 59:59 38:38 39:39 55:55 32:32 56:56 30:30 74:74 66:66 14:14 8:8 49:49 6:6 83:83 15:15 85:85 77:77 29:29 18:18 104:104 26:26 76:76 21:21 55:55 16:16 ; 
L -30 -18 8 19 -13 -34 41 36 -12 -43 -27 -43 47 -11 -36 44 17 -37 -15 -12 -17 -2 18 -5 -6 5 -42 -31 -8 -11 11 -20 33 -5 37 9 -4 37 30 43 -11 14 -41 42 39 -2 29 7 1 -45 9 -44 47 -21 35 33 -38 -12 48 24 -6 -41 2 -21 -1 35 36 5 48 -11 -14 -9 38 -41 -28 -34 -2 1 -36 -47 10 5 -44 -33 2 -35 26 -9 5 -31 -12 -24 46 7 12 39 -8 -32 -10 22 -6 -18 35 -24 46 -42 -33 30 34 -38 48 -45 43 9 -10 -17 24 -42 -3 -32 6 -42 18 -3 -48 -14 46 -32 10 -44 -13 -4 -47 -33 -40 18 14 -15 -33 -47 16 -39 -17 36 47 -24 45 47 -5 -13 18 -21 -30 49 22 11 -13 11 -44 -48 9 2 21 -34 -41 36 -23 19 -15 20 1 30 36 8 6 -8 11 20 46 -40 12 29 9 -42 37 -30 23 2 -12 -20 29 -26 25 -41 11 -43 38 -47 24 -5 ; 
77 42 84 60 67 12 46 8 54 25 89 24 13 84 39 90 71 81 31 42 66 11 70 58 51 93 55 70 79 62 21 32 88 89 22 43 51 19 53 72 88 58 13 85 12 67 62 19 69 84 18 24 38 59 63 84 62 20 29 93 11 95 49 73 69 41 93 50 34 21 21 68 35 74 39 85 24 55 27 3 84 82 63 57 40 32 44 73 69 26 53 53 20 24 31 60 65 28 46 11 87 77 41 47 29 38 13 90 21 47 40 45 17 43 15 39 10 95 91 18 89 59 65 55 57 82 83 66 93 71 9 16 59 5 74 45 38 36 50 15 2 70 68 26 25 87 80 15 23 46 28 17 13 66 95 29 28 9 100 9 30 73 44 24 34 57 92 52 55 38 71 70 45 2 91 39 50 16 57 49 67 62 21 50 58 72 52 84 6 19 8 78 99 70 51 50 100 74 55 4 40 ; 
L -30 -2 -29 -12 34 1 36 -44 35 -11 47 -5 13 -46 15 -12 48 38 36 24 43 27 43 43 17 -11 -29 36 -17 44 -22 -7 8 -14 -2 37 -4 -47 -13 18 39 -31 -12 -42 8 -12 -22 -11 21 -45 -42 9 -39 -9 8 -10 -44 -33 30 6 11 -5 -36 40 -1 33 11 36 -12 10 18 -5 42 -46 24 -23 -5 -6 -18 14 -15 32 28 -38 -20 24 9 -26 -47 -16 -33 49 17 46 -40 -48 -18 14 -12 2 21 -20 -2 5 -42 -31 -2 9 -41 -47 -2 -36 -15 -34 -30 33 33 -20 33 -5 37 9 -4 37 30 34 -45 19 -13 -34 -10 -11 24 -42 -3 18 30 -29 -46 -35 41 3 -18 47 -21 17 39 -43 47 -5 9 -25 -11 2 41 41 -48 -6 -35 -47 -11 -45 -1 13 -47 7 -8 43 42 1 38 -32 14 -24 -30 -19 41 -36 44 -12 -48 -10 -21 41 44 -35 23 6 11 8 9 -32 -20 -26 48 -38 -6 37 24 -5 ; 
77:77 48:48 45:45 62:62 25:25 84:84 88:88 18:18 49:49 30:30 20:20 23:23 52:52 13:13 63:63 28:28 29:29 83:83 16:16 69:69 47:47 24:24 89:89 69:69 37:37 101:101 21:21 3:3 34:34 1:1 28:28 8:8 59:59 90:90 85:85 74:74 20:20 59:59 62:62 28:28 48:48 13:13 53:53 54:54 39:39 25:25 16:16 62:62 10:10 39:39 9:9 4:4 51:51 57:57 58:58 158:158 118:118 57:57 7:7 9:9 24:24 167:167 50:50 87:87 76:76 25:25 27:27 36:36 54:54 18:18 31:31 58:58 56:56 38:38 29:29 44:44 64:64 15:15 77:77 78:78 20:20 41:41 66:66 65:65 17:17 40:40 35:35 53:53 128:128 7:7 3:3 119:119 14:14 58:58 49:49 81:81 50:50 11:11 44:44 45:45 44:44 11:11 5:5 107:107 55:55 68:68 17:17 32:32 14:14 119:119 43:43 60:60 38:38 104:104 21:21 90:90 25:25 77:77 88:88 89:89 22:22 43:43 51:51 19:19 53:53 15:15 47:47 68:68 67:67 12:12 44:44 52:52 41:41 95:95 91:91 19:19 26:26 3:3 48:48 27:27 62:62 52:52 55:55 113:113 59:59 14:14 68:68 77:77 55:55 53:53 69:69 62:62 130:130 58:58 16:16 79:79 2:2 44:44 32:32 20:20 27:27 32:32 23:23 85:85 84:84 101:101 54:54 28:28 26:26 9:9 63:63 69:69 63:63 148:148 70:70 20:20 28:28 81:81 90:90 44:44 48:48 78:78 52:52 16:16 34:34 63:63 106:106 97:97 31:31 62:62 88:88 51:51 43:43 38:38 99:99 45:45 14:14 4:4 58:58 4:4 40:40 ; 
L 50 -6 38 -5 -24 36 -21 -25 -7 42 -24 28 -48 -48 -45 -25 -13 -49 18 -39 23 39 -20 -31 13 -46 -22 -28 -4 -20 28 48 -17 -15 31 45 35 -8 16 15 42 13 -46 -4 -4 -33 -36 40 33 17 39 20 -3 15 -23 34 40 30 -31 24 44 -44 29 -35 8 21 -28 -44 -21 -45 -49 -18 44 48 -19 34 -8 -36 -1 13 18 35 15 37 -30 -9 34 -4 -31 9 36 9 10 29 14 -17 -19 10 6 -13 3 41 -9 1 -27 -1 42 23 31 47 -40 27 -30 38 -11 12 48 -20 -38 23 43 24 10 -3 -24 2 6 -20 -38 31 46 -47 46 36 -46 43 -42 -7 44 -14 -16 -49 -14 11 50 39 3 27 12 -41 12 -14 -42 13 12 -11 34 41 29 -18 14 49 -49 20 -12 31 14 -24 -35 -36 -27 -6 -25 -34 -31 -39 50 35 -17 -48 -31 26 35 50 -1 -21 19 40 1 -44 50 -23 -46 -11 3 -4 33 -11 41 -46 ; 
54 95 94 85 45 17 24 42 84 25 18 67 59 62 46 5 1 75 6 60 64 64 54 85 92 19 48 72 32 7 87 20 45 40 47 97 100 97 25 5 76 52 18 20 83 97 69 10 68 22 79 92 35 35 57 23 15 2 47 23 31 73 91 74 49 94 15 9 100 43 4 13 38 55 97 52 66 14 7 71 27 5 47 4 59 99 88 74 2 9 55 59 9 30 41 72 8 46 4 10 22 7 59 16 6 57 28 33 71 83 71 41 77 69 96 48 68 55 73 83 58 50 7 76 41 20 71 80 54 60 78 13 42 79 9 83 9 88 83 33 21 9 6 53 10 2 48 37 83 19 21 46 92 76 7 45 2 72 92 83 93 97 19 50 4 92 79 77 96 56 34 70 36 39 94 14 44 44 56 27 40 60 21 100 99 55 31 92 25 40 63 82 70 70 1 71 6 34 35 51 56 ; 
L 50 -6 -45 -20 -31 -48 -11 43 24 10 37 -30 -9 34 -9 39 8 -27 13 -1 -40 -35 -45 23 -13 36 19 14 -4 33 24 5 -38 -31 47 11 19 14 -20 15 -28 25 27 -8 -36 17 12 -44 -39 -9 42 -9 3 35 -3 14 6 -49 31 -30 24 -46 -31 -6 -10 -50 46 -17 16 -35 -1 -23 18 49 -35 21 1 12 -20 -39 13 -46 -24 -34 -13 21 38 15 -21 -8 -39 45 -34 -14 4 46 4 -42 20 41 42 41 13 -18 23 -25 40 7 49 -46 -27 -1 4 27 -49 46 -18 -44 -29 13 -36 1 11 -12 16 28 -14 -31 29 -12 -22 20 -40 49 -17 -48 11 3 42 -24 26 35 35 -11 4 -43 31 -28 -44 -21 50 -48 48 -28 25 6 42 -39 -15 31 -48 38 -40 -34 -15 3 23 10 29 12 48 50 41 18 7 36 33 33 -36 -31 31 34 -3 44 19 17 23 47 44 -24 2 -20 36 -50 44 -14 -30 -38 41 -46 ; 
54:54 95:95 38:38 36:36 85:85 20:20 39:39 28:28 50:50 7:7 46:46 59:59 99:99 88:88 26:26 25:25 4:4 61:61 72:72 28:28 25:25 10:10 100:100 43:43 38:38 54:54 105:105 36:36 92:92 67:67 46:46 45:45 85:85 48:48 77:77 32:32 86:86 40:40 52:52 13:13 8:8 42:42 73:73 112:112 14:14 22:22 43:43 140:140 83:83 27:27 30:30 51:51 35:35 31:31 52:52 26:26 33:33 83:83 27:27 47:47 34:34 26:26 78:78 13:13 4:4 106:106 38:38 4:4 93:93 17:17 70:70 32:32 29:29 13:13 18:18 6:6 55:55 60:60 4:4 49:49 44:44 23:23 76:76 75:75 17:17 44:44 54:54 36:36 18:18 94:94 49:49 72:72 5:5 6:6 59:59 20:20 70:70 66:66 104:104 51:51 14:14 74:74 71:71 46:46 39:39 17:17 101:101 91:91 21:21 16:16 15:15 143:143 17:17 15:15 20:20 31:31 23:23 93:93 28:28 99:99 27:27 33:33 39:39 45:45 39:39 89:89 101:101 79:79 27:27 31:31 115:115 118:118 94:94 24:24 27:27 27:27 29:29 45:45 35:35 18:18 105:105 21:21 25:25 92:92 58:58 91:91 47:47 4:4 9:9 100:100 60:60 26:26 81:81 55:55 97:97 36:36 88:88 3:3 20:20 37:37 75:75 61:61 46:46 15:15 51:51 35:35 77:77 27:27 30:30 112:112 68:68 49:49 27:27 33:33 31:31 70:70 69:69 39:39 52:52 5:5 34:34 94:94 42:42 33:33 36:36 8:8 93:93 70:70 63:63 12:12 20:20 7:7 52:52 96:96 122:122 9:9 15:15 57:57 97:97 51:51 56:56 ; 
L 13 -37 34 -21 -31 -19 2 -6 -1 33 -21 -42 -9 -4 -49 30 -27 -1 27 16 -31 -10 19 17 -41 -4 30 -21 40 16 -17 -44 9 -17 24 -6 39 -7 15 48 -40 -21 -31 14 49 -15 19 21 -33 -15 40 -6 49 -48 49 -40 40 31 -43 17 23 44 40 31 20 46 -48 41 24 41 -33 -43 -27 -19 26 -42 21 23 -5 11 -21 -38 9 -38 35 3 45 48 14 -25 -24 27 17 49 -49 23 -44 -4 6 -47 -43 23 41 -27 -16 4 -43 -17 24 -23 14 -46 50 11 -28 32 16 40 -40 -5 -35 -12 -44 -50 -45 48 -14 31 38 -10 22 -23 13 -23 35 30 43 22 -2 16 1 32 3 2 -43 11 2 -32 32 28 -11 -20 -12 22 -11 -39 -32 13 -9 5 10 41 -12 -20 -16 42 7 -19 -9 -49 -13 -30 19 -16 -27 -34 47 28 -23 21 6 -18 39 22 43 19 -47 -49 8 16 -27 20 19 19 -34 8 16 6 -23 -12 ; 
46 26 73 11 7 25 99 25 99 7 63 59 95 31 16 76 98 86 69 54 61 79 93 22 68 58 60 29 24 43 100 40 3 4 11 81 56 53 3 52 1 29 15 68 33 77 5 95 10 32 54 38 81 29 12 3 77 96 67 68 50 93 38 98 1 59 47 1 25 26 71 29 18 28 82 7 15 19 45 82 28 33 97 88 46 62 46 100 31 50 42 9 4 14 83 21 52 65 100 17 23 49 77 94 14 5 1 22 38 1 84 66 34 66 55 42 49 52 17 39 74 15 10 54 92 14 61 47 16 100 66 64 92 64 33 60 96 4 54 12 92 93 32 49 5 37 34 39 15 78 8 62 29 43 41 40 43 8 51 13 55 29 81 88 17 1 15 6 60 38 11 46 12 27 98 39 78 2 6 68 41 87 7 73 25 65 74 11 44 52 58 66 13 35 56 65 57 72 66 60 56 ; 
L 13 -37 -45 -12 -41 -24 -41 27 33 -14 -23 -17 17 42 -3 -2 7 49 9 19 -13 -34 8 27 -16 -1 -43 19 -14 23 -3 -27 16 10 -38 -31 14 -48 -19 15 9 14 23 -28 -48 -41 33 31 2 -6 49 -48 40 31 20 -44 -11 43 11 -1 -4 -49 -9 -23 30 4 -35 27 -16 -34 31 -25 -24 19 -16 -21 42 -26 47 24 5 -32 32 -9 46 -11 -20 2 -10 19 -20 -21 43 22 -10 -5 4 16 49 -6 39 -21 -39 -11 42 21 32 17 49 6 -7 50 43 -1 43 -21 35 30 49 23 -22 16 11 27 -5 -21 -39 -32 50 47 -17 40 41 -27 30 -35 21 -6 -15 18 12 -28 23 34 47 -43 9 27 -49 -40 16 -33 40 19 -13 40 -49 28 -40 -48 -12 -8 -44 -48 -44 -24 38 31 6 22 20 19 17 -41 -43 23 -13 -30 -16 -40 21 -23 -32 -6 19 -45 -44 -46 40 -38 2 -22 -4 -17 16 -15 31 -19 -23 -12 ; 
46:46 26:26 98:98 13:13 51:51 26:26 25:25 8:8 41:41 50:50 155:155 50:50 29:29 47:47 21:21 38:38 43:43 12:12 38:38 60:60 5:5 51:51 65:65 79:79 78:78 46:46 12:12 71:71 17:17 84:84 8:8 22:22 2:2 130:130 100:100 16:16 47:47 61:61 10:10 5:5 14:14 44:44 35:35 6:6 58:58 85:85 36:36 36:36 38:38 25:25 84:84 29:29 73:73 75:75 1:1 48:48 53:53 9:9 69:69 68:68 26:26 68:68 50:50 13:13 74:74 48:48 53:53 10:10 39:39 17:17 101:101 38:38 42:42 59:59 27:27 46:46 27:27 7:7 41:41 37:37 14:14 26:26 15:15 23:23 92:92 38:38 62:62 67:67 45:45 93:93 100:100 25:25 39:39 64:64 77:77 55:55 10:10 26:26 21:21 65:65 56:56 34:34 54:54 12:12 172:172 59:59 99:99 21:21 14:14 90:90 94:94 12:12 45:45 67:67 57:57 23:23 36:36 60:60 36:36 37:37 64:64 31:31 85:85 40:40 21:21 13:13 69:69 43:43 41:41 33:33 2:2 23:23 8:8 94:94 73:73 151:151 124:124 39:39 42:42 11:11 63:63 70:70 43:43 137:137 9:9 82:82 16:16 9:9 11:11 67:67 83:83 52:52 32:32 18:18 29:29 74:74 3:3 23:23 59:59 25:25 3:3 2:2 46:46 2:2 32:32 87:87 41:41 50:50 54:54 7:7 124:124 13:13 11:11 68:68 30:30 9:9 64:64 21:21 99:99 43:43 58:58 19:19 15:15 3:3 27:27 59:59 85:85 22:22 49:49 19:19 59:59 54:54 58:58 11:11 109:109 114:114 28:28 32:32 60:60 60:60 56:56 ; 
L -24 2 36 -2 -22 -24 -35 36 10 38 -13 17 -29 23 -10 -47 42 35 47 -32 -41 31 -5 46 -18 49 -34 -1 44 32 -50 -42 28 -11 -34 23 22 47 -15 19 -16 18 -18 10 -9 -28 32 -40 -5 -16 -11 -16 -34 -22 13 39 -48 -13 50 26 10 21 -30 -17 29 -44 17 -25 39 33 11 24 46 48 49 -8 -34 -15 -5 11 -18 -16 -4 -12 14 -3 -16 -21 28 50 39 1 -31 15 49 39 -45 20 -44 28 40 35 -23 40 -1 -41 -43 -2 12 10 -7 8 18 33 -29 -9 29 -4 -26 -16 -8 -35 -29 -45 17 46 20 -37 -5 -1 -21 -8 -38 24 9 48 40 -47 20 22 -28 -44 50 -1 24 -44 -17 -36 35 27 9 10 50 -31 -44 -48 -12 49 50 -43 38 -48 -14 -46 -50 1 45 7 -30 -41 12 -29 -41 10 -15 42 -13 -19 -36 42 45 -23 1 34 43 34 -38 1 1 3 14 -37 -38 -49 -44 -29 4 -31 17 -47 ; 
94 20 55 90 71 10 96 82 36 15 27 96 90 5 22 54 23 76 51 29 72 57 45 46 59 69 22 17 58 76 52 26 77 8 33 14 21 95 6 81 79 72 94 86 94 28 92 10 83 41 93 73 90 68 79 94 83 19 1 41 24 80 89 32 10 98 90 50 76 40 48 46 77 87 53 35 33 78 6 32 13 32 44 48 66 49 80 42 70 10 37 80 8 64 78 42 49 90 65 68 89 79 12 44 43 41 72 25 90 84 48 2 77 34 93 75 85 100 45 83 31 100 8 34 96 14 84 32 67 15 8 76 67 57 50 9 80 88 63 12 15 11 20 54 58 97 43 2 50 65 95 37 21 36 44 47 8 27 62 43 52 41 61 48 7 23 2 84 31 70 37 47 49 77 77 34 2 78 99 29 2 81 31 88 89 29 29 64 68 20 27 84 90 55 12 1 46 26 61 88 39 ; 
L -7 -1 50 39 26 -18 8 16 -45 -43 4 16 46 -37 31 -5 -38 20 34 43 38 20 22 -48 17 15 -41 24 -41 12 48 -15 40 16 38 -45 -48 -11 32 -47 21 11 44 -17 -34 -22 -8 1 -28 49 -39 5 -34 35 5 -44 -31 -28 42 45 -23 -10 -1 24 -49 20 -8 30 -21 24 -49 50 2 35 29 22 -32 -44 1 47 36 17 28 -34 23 31 -18 -36 10 29 -18 10 29 -14 -49 -49 9 -17 -22 29 -16 12 -27 -35 -1 -41 -5 -47 -18 1 9 10 -23 1 3 2 14 -3 1 -44 11 36 19 45 37 -16 33 -34 48 29 -4 16 -4 38 50 8 -10 -40 41 29 12 -12 -50 -24 -35 36 10 42 31 -50 34 -35 -40 -42 -15 -46 13 26 -25 39 -2 44 28 44 -33 14 48 -38 43 -50 -30 9 -32 50 18 -46 -13 23 -44 11 -28 -13 21 1 -42 -40 -39 47 -15 19 9 29 -46 -24 17 10 7 13 17 -47 ; 
62:62 12:12 23:23 15:15 10:10 32:32 60:60 31:31 129:129 25:25 48:48 44:44 38:38 23:23 33:33 45:45 15:15 30:30 9:9 89:89 13:13 25:25 12:12 42:42 59:59 40:40 7:7 15:15 31:31 37:37 58:58 74:74 51:51 29:29 86:86 109:109 55:55 34:34 80:80 29:29 104:104 76:76 39:39 29:29 81:81 68:68 114:114 13:13 13:13 22:22 61:61 116:116 29:29 105:105 16:16 113:113 6:6 29:29 36:36 2:2 81:81 28:28 42:42 58:58 213:213 127:127 22:22 28:28 89:89 21:21 65:65 28:28 46:46 143:143 29:29 58:58 115:115 76:76 117:117 38:38 77:77 38:38 74:74 6:6 14:14 20:20 18:18 73:73 41:41 41:41 143:143 86:86 140:140 7:7 59:59 103:103 48:48 83:83 43:43 15:15 19:19 101:101 35:35 40:40 118:118 36:36 91:91 80:80 27:27 74:74 2:2 16:16 22:22 24:24 20:20 56:56 16:16 49:49 58:58 49:49 26:26 66:66 99:99 68:68 82:82 22:22 25:25 100:100 9:9 84:84 100:100 94:94 36:36 63:63 68:68 10:10 62:62 64:64 96:96 49:49 37:37 45:45 20:20 68:68 96:96 82:82 36:36 77:77 73:73 71:71 60:60 10:10 59:59 63:63 48:48 60:60 75:75 12:12 21:21 76:76 37:37 49:49 14:14 23:23 21:21 68:68 61:61 41:41 52:52 43:43 60:60 15:15 28:28 43:43 57:57 59:59 58:58 40:40 37:37 49:49 8:8 107:107 44:44 8:8 11:11 35:35 2:2 42:42 6:6 81:81 38:38 75:75 127:127 77:77 65:65 43:43 20:20 88:88 52:52 88:88 39:39 ; 
L -15 -31 5 -22 40 45 15 -45 -41 -24 -7 -2 -12 31 45 24 -10 -19 33 -32 -12 18 -19 3 29 20 -45 -41 15 50 -48 30 -46 35 -42 -1 33 27 21 -29 33 -23 -48 49 -38 -10 18 -6 -19 19 -13 -27 -21 11 -19 -4 -29 -44 23 -40 21 -5 -1 -39 -12 -12 7 7 10 -3 27 21 15 49 15 -43 18 -48 23 -46 9 32 -32 21 -15 -14 -49 41 6 37 -4 -45 -35 45 22 19 -26 41 -10 -47 -23 -2 -26 -3 42 39 -45 43 8 -27 -37 18 26 42 -36 11 -36 27 14 34 -19 -20 21 -15 18 17 -49 22 -31 6 -46 -45 4 3 -8 30 -42 -22 -11 13 -20 -45 -29 -33 -30 -40 -17 7 -19 14 -14 -19 -13 -48 44 -41 -7 34 32 -27 15 16 -24 -17 7 22 -7 -50 9 1 19 50 5 40 -50 49 18 34 3 35 -44 -43 -28 -42 32 -33 -41 -46 -6 -37 -6 17 36 -12 -6 -11 36 -24 2 -17 ; 
37 7 89 72 84 37 8 5 65 18 2 30 46 8 34 64 91 36 83 32 96 53 67 55 57 73 8 77 80 65 67 13 36 79 86 77 28 92 50 90 37 1 11 42 90 96 1 75 1 45 7 65 82 9 82 25 38 5 26 45 60 27 81 68 85 71 70 33 86 5 67 53 57 26 43 34 57 16 78 36 27 87 16 63 24 48 24 32 2 66 59 4 19 43 95 80 32 28 66 6 33 61 46 74 61 52 33 25 18 98 47 48 55 36 9 83 77 61 1 61 39 15 21 35 1 6 40 97 13 4 70 14 28 86 55 89 56 100 42 84 92 9 14 59 90 96 15 39 3 6 57 50 85 64 75 73 46 94 33 98 28 75 42 62 29 8 100 54 77 58 91 86 66 41 34 22 38 29 98 69 35 57 20 91 98 61 70 68 66 10 64 58 46 20 57 85 99 95 42 25 5 ; 
L -15 -31 -14 20 36 -11 -39 -49 27 15 -48 44 17 -45 -35 18 21 -21 -12 -33 46 -21 17 37 46 -32 3 21 -15 -33 -10 23 1 -3 -45 -42 32 -46 -27 -44 -17 -31 -11 41 27 14 33 20 -43 24 -22 24 -40 7 18 -19 -36 8 18 -2 -26 -42 20 -19 1 7 -3 37 -19 -12 19 -46 -49 32 9 35 16 33 -19 5 -40 -19 -7 -12 30 6 -33 29 -4 5 -50 -14 -43 34 -36 7 -45 -17 31 29 -48 49 -15 -13 27 23 47 10 -37 -6 -41 29 14 -21 42 -36 -50 -50 -19 -35 45 15 -45 42 39 -45 -6 -50 6 43 3 -15 30 41 34 12 26 44 -12 -26 -18 19 6 -18 -19 -6 -9 21 -41 -7 32 8 -4 -27 45 5 40 4 48 22 45 13 -19 11 -22 23 2 -24 29 -49 34 41 42 3 27 23 -28 -40 10 -24 -22 -45 7 7 13 41 15 15 -48 30 -49 -22 1 -11 -18 -38 -10 -32 2 -17 ; 
37:37 7:7 74:74 4:4 67:67 77:77 48:48 73:73 37:37 92:92 101:101 75:75 13:13 47:47 58:58 43:43 32:32 75:75 43:43 64:64 89:89 35:35 82:82 63:63 21:21 13:13 34:34 93:93 24:24 5:5 54:54 85:85 44:44 132:132 16:16 28:28 98:98 13:13 118:118 91:91 49:49 51:51 43:43 16:16 11:11 1:1 43:43 24:24 31:31 22:22 80:80 35:35 35:35 42:42 11:11 67:67 99:99 43:43 23:23 22:22 46:46 47:47 143:143 4:4 45:45 34:34 13:13 40:40 17:17 58:58 22:22 38:38 7:7 193:193 30:30 84:84 61:61 44:44 88:88 67:67 27:27 148:148 32:32 66:66 23:23 44:44 36:36 37:37 107:107 76:76 5:5 31:31 45:45 59:59 40:40 78:78 28:28 99:99 22:22 11:11 45:45 42:42 123:123 82:82 65:65 36:36 33:33 6:6 26:26 66:66 2:2 140:140 28:28 108:108 43:43 9:9 92:92 37:37 57:57 23:23 30:30 8:8 5:5 82:82 52:52 33:33 36:36 42:42 21:21 128:128 52:52 66:66 27:27 8:8 136:136 55:55 27:27 37:37 80:80 46:46 55:55 38:38 1:1 75:75 35:35 31:31 54:54 31:31 52:52 46:46 57:57 79:79 59:59 39:39 49:49 48:48 17:17 32:32 9:9 8:8 34:34 65:65 7:7 109:109 75:75 81:81 38:38 8:8 75:75 104:104 23:23 34:34 105:105 19:19 18:18 44:44 52:52 21:21 85:85 91:91 67:67 95:95 26:26 33:33 72:72 48:48 23:23 21:21 47:47 13:13 32:32 106:106 77:77 32:32 8:8 111:111 96:96 76:76 7:7 25:25 5:5 ; 
L -45 35 -8 -45 9 -5 8 12 -35 33 23 -17 24 -8 43 -16 17 -47 -50 14 -46 -15 47 9 -41 25 21 -3 -34 24 -28 -24 15 -20 7 -50 22 31 21 47 23 -16 20 44 -7 41 -4 -19 -23 -47 49 15 8 -10 14 -39 -23 4 37 48 -38 31 -14 29 10 38 47 13 -15 30 13 -2 -44 11 -18 11 -47 -42 3 -2 12 42 -6 36 -38 22 37 -44 42 -43 2 -48 37 25 -21 -44 26 18 44 14 -30 -29 32 -10 -33 37 -50 40 23 19 27 14 -40 4 -14 29 1 -41 -3 11 -11 -9 -28 -9 30 44 -46 -8 4 15 41 14 -11 34 -4 -5 22 -9 -25 31 17 18 -7 4 8 45 -41 22 15 50 -18 -18 -40 -30 -6 -49 -2 1 -34 -20 -12 16 -47 33 35 -21 14 19 -38 -32 -10 -17 16 -50 -17 19 10 35 -45 31 -6 -33 -7 -14 30 -18 -34 34 26 -42 -15 -11 -41 10 28 11 -1 11 -36 -32 ; 
12 66 47 59 57 72 3 99 23 21 88 81 51 72 66 55 62 16 2 54 53 73 91 26 35 78 39 33 8 28 78 94 54 41 13 55 9 94 36 84 28 70 43 11 29 52 80 16 13 52 35 51 90 22 44 49 41 22 72 56 94 39 10 52 35 85 97 4 57 4 94 91 15 40 86 30 20 96 28 34 35 50 5 26 93 21 7 88 33 70 1 59 6 47 96 83 76 83 21 26 10 20 22 100 3 8 85 98 57 92 82 88 2 9 68 84 17 80 8 75 39 75 63 37 13 44 25 29 12 20 41 23 94 100 67 81 45 80 84 61 67 72 100 68 13 56 31 35 70 19 67 12 23 61 68 97 13 12 12 36 95 8 82 68 36 100 27 72 50 97 30 75 43 26 93 42 43 100 26 60 9 19 24 77 35 8 5 48 85 68 1 97 60 78 28 17 56 72 90 13 46 ; 
L -17 -31 -9 28 10 -1 -49 -18 -9 18 -22 15 24 35 23 -42 -41 -14 -5 -33 14 10 38 30 -4 -37 5 -14 -21 15 16 -11 4 -41 8 43 44 2 -10 -19 17 50 -11 14 -8 -45 14 49 -17 -33 11 -3 -34 -47 24 45 8 25 9 18 -7 4 -20 -12 29 -8 -21 18 38 -31 25 4 -10 -36 11 50 -22 21 23 39 -14 18 -30 38 -40 4 -34 19 4 -14 -44 -20 9 -21 -11 -7 -35 -3 16 43 -29 44 -37 25 -40 -2 26 -14 1 -11 -7 -2 11 -22 9 -27 -19 -23 47 23 -16 10 47 12 -45 -6 -32 46 18 34 37 -50 15 -42 15 48 -17 41 -13 -40 -26 15 -13 -47 -47 16 -50 11 6 38 -1 2 35 -15 24 28 3 44 37 6 -31 -41 -30 -44 -34 -33 -30 10 41 -32 -14 46 42 8 45 -41 -47 42 47 -31 -17 -33 22 19 -44 8 12 -20 7 -50 -34 23 35 15 -28 30 48 29 -36 -32 ; 
42:42 67:67 54:54 57:57 64:64 21:21 31:31 58:58 43:43 132:132 16:16 141:141 51:51 92:92 19:19 42:42 88:88 35:35 4:4 1:1 5:5 66:66 85:85 43:43 32:32 41:41 48:48 52:52 28:28 67:67 11:11 113:113 91:91 85:85 14:14 48:48 29:29 80:80 29:29 43:43 42:42 93:93 26:26 66:66 24:24 57:57 18:18 191:191 92:92 10:10 46:46 37:37 8:8 40:40 42:42 13:13 59:59 104:104 15:15 97:97 100:100 68:68 20:20 95:95 49:49 136:136 90:90 60:60 88:88 18:18 36:36 44:44 29:29 70:70 10:10 15:15 82:82 52:52 23:23 41:41 49:49 23:23 8:8 77:77 2:2 9:9 47:47 37:37 16:16 14:14 26:26 11:11 68:68 46:46 50:50 103:103 56:56 48:48 33:33 45:45 53:53 145:145 88:88 9:9 49:49 82:82 49:49 46:46 56:56 56:56 20:20 63:63 21:21 46:46 61:61 34:34 82:82 92:92 88:88 28:28 39:39 45:45 34:34 36:36 33:33 65:65 8:8 30:30 25:25 23:23 157:157 34:34 28:28 30:30 16:16 24:24 111:111 45:45 103:103 19:19 69:69 11:11 57:57 4:4 76:76 85:85 4:4 35:35 75:75 41:41 69:69 12:12 19:19 48:48 54:54 94:94 92:92 43:43 9:9 124:124 9:9 67:67 62:62 74:74 10:10 41:41 91:91 65:65 35:35 23:23 36:36 42:42 52:52 3:3 56:56 31:31 70:70 28:28 96:96 32:32 21:21 49:49 51:51 70:70 17:17 64:64 99:99 16:16 13:13 55:55 37:37 58:58 34:34 31:31 8:8 35:35 24:24 76:76 47:47 13:13 46:46 ; 
L -49 9 -44 -15 37 -8 24 -38 11 -2 -42 27 4 34 -26 14 25 -48 46 -21 -8 17 -28 -20 49 7 24 -43 43 -6 -24 -27 26 -42 -25 -48 5 37 26 14 17 37 -1 -36 8 15 -48 12 43 3 9 17 14 -25 -30 23 16 44 -44 -16 7 9 6 32 -22 9 22 23 -34 9 19 -37 -2 -24 -12 49 36 -4 23 -9 44 35 -25 27 38 30 -29 26 3 2 44 -50 43 34 40 -50 -43 -46 20 2 -15 -39 19 -7 -21 10 9 43 -50 25 -17 -33 33 -19 18 -42 40 -23 33 -15 47 -5 34 -8 29 14 28 -35 -39 22 -24 32 34 -41 43 23 -43 46 -11 -30 3 -48 10 35 -39 6 1 25 -16 -34 47 26 28 -27 50 -38 18 32 -2 41 34 -1 -25 45 17 39 43 35 -22 14 -24 -35 -4 -44 -12 37 46 20 -40 -43 29 27 -36 23 26 31 -39 -19 5 28 19 -50 32 21 -27 -16 -34 44 -8 -24 ; 
52 75 6 58 50 44 91 91 30 82 78 92 85 29 60 86 38 46 89 40 43 31 31 27 9 89 19 24 98 92 89 90 80 33 13 64 80 62 69 1 89 77 30 71 74 75 32 50 74 57 53 92 93 38 49 91 75 58 42 75 77 20 42 17 74 83 99 23 48 59 52 76 91 45 42 61 28 74 59 59 76 14 40 41 13 1 22 95 28 61 94 1 29 19 92 78 8 13 37 66 61 87 14 52 54 43 39 87 6 73 16 47 73 98 97 13 65 47 5 51 85 78 92 65 79 98 83 23 83 77 67 46 4 39 99 56 73 56 24 60 76 79 48 39 98 21 61 23 83 90 81 57 70 42 79 54 35 55 38 95 31 97 28 86 72 41 76 18 11 34 49 80 77 48 9 93 99 71 72 55 50 49 91 88 64 38 21 69 54 58 16 87 24 1 45 58 34 68 20 98 4 ; 
L -49 -40 42 -18 -22 8 48 -30 -46 32 -42 -20 46 5 44 34 -19 -4 -2 -24 -34 5 -44 -38 26 31 35 -2 -19 -9 2 -24 -20 -34 -26 -39 -22 9 -9 -41 6 -23 -28 -43 -43 -12 48 26 22 -17 -24 8 3 -43 50 -39 14 -34 35 50 25 36 -25 4 -48 -50 -35 -50 23 32 27 46 -49 -29 -43 34 15 -12 3 39 17 -26 -40 -43 -44 -16 -23 -36 -26 45 -35 -7 -50 -23 -36 -49 43 34 25 -8 47 39 -33 -23 44 20 -17 -27 37 -27 -21 -10 -12 -33 33 17 -48 43 -15 -38 11 -2 -42 27 40 28 -27 18 8 21 -46 -7 2 23 -1 37 35 25 -34 -32 -38 24 26 15 -19 -28 -5 25 19 29 27 -9 11 14 -16 44 32 -3 9 43 -16 47 -25 -1 24 -14 43 -6 -24 19 -14 -10 9 -41 29 -30 1 -37 -17 -16 -43 39 7 44 14 -34 -4 28 30 -22 6 15 44 37 21 -37 -9 -25 -8 -24 ; 
52:52 41:41 65:65 13:13 64:64 82:82 135:135 75:75 32:32 44:44 12:12 18:18 37:37 96:96 55:55 16:16 83:83 61:61 21:21 45:45 20:20 92:92 19:19 74:74 115:115 38:38 39:39 41:41 80:80 42:42 61:61 37:37 99:99 34:34 44:44 45:45 48:48 83:83 32:32 18:18 16:16 90:90 80:80 49:49 58:58 74:74 50:50 62:62 61:61 19:19 112:112 91:91 32:32 16:16 29:29 12:12 28:28 118:118 65:65 82:82 83:83 23:23 43:43 47:47 72:72 171:171 115:115 42:42 85:85 47:47 73:73 98:98 11:11 12:12 59:59 28:28 17:17 25:25 81:81 76:76 145:145 53:53 24:24 55:55 16:16 58:58 75:75 132:132 26:26 15:15 55:55 28:28 130:130 57:57 28:28 28:28 33:33 72:72 77:77 27:27 51:51 27:27 30:30 30:30 88:88 49:49 66:66 16:16 137:137 144:144 22:22 16:16 5:5 33:33 73:73 47:47 48:48 114:114 46:46 37:37 30:30 82:82 78:78 92:92 204:204 59:59 42:42 32:32 66:66 43:43 40:40 60:60 81:81 71:71 12:12 104:104 21:21 45:45 55:55 4:4 65:65 39:39 35:35 80:80 59:59 16:16 58:58 46:46 57:57 83:83 88:88 63:63 19:19 46:46 60:60 79:79 7:7 75:75 16:16 87:87 34:34 75:75 78:78 23:23 57:57 69:69 62:62 92:92 89:89 93:93 75:75 16:16 76:76 73:73 81:81 22:22 54:54 30:30 77:77 72:72 56:56 16:16 19:19 45:45 16:16 77:77 29:29 21:21 45:45 22:22 109:109 48:48 58:58 48:48 56:56 73:73 69:69 99:99 13:13 98:98 4:4 ; 
L 2 -33 11 -21 33 26 -2 7 27 29 37 16 -25 42 34 -39 38 7 8 11 -3 -21 -3 35 -22 6 -27 40 -21 -43 -43 -4 17 -8 13 -27 -44 22 5 -16 21 -42 40 12 44 -46 14 48 -47 28 -40 -34 -21 10 -40 38 -48 40 50 36 -16 -23 -41 -33 5 44 -28 -11 -7 -24 13 17 30 6 14 -31 4 -23 30 32 -28 17 11 -47 -18 -44 23 35 24 11 4 1 -23 -13 -39 15 15 -50 35 48 -10 26 4 39 -13 -11 -20 -37 47 50 8 47 -19 48 13 14 50 27 -41 48 -46 -34 -7 -39 -6 15 9 26 -47 -27 30 -27 32 -34 -11 42 49 7 -29 -34 -17 -42 16 -27 25 3 -15 3 11 -44 4 -13 10 28 16 -31 -44 15 3 -8 -32 -48 -23 40 20 -47 19 -33 44 13 38 -45 47 -37 21 -24 -32 44 -28 8 -4 -16 -20 26 -28 27 -50 -2 -28 16 8 -26 40 4 50 -13 -47 -29 -41 13 ; 
88 40 37 59 92 66 78 45 83 17 60 57 77 29 9 36 64 55 87 82 47 80 64 64 39 86 80 18 1 64 32 61 4 31 25 84 18 49 70 56 67 48 50 31 52 68 99 47 66 65 95 52 42 56 27 32 36 75 35 14 15 18 67 62 75 45 88 50 80 30 51 14 33 56 71 98 58 92 20 58 37 75 18 96 27 75 100 37 52 26 8 30 54 74 7 5 100 54 99 26 17 49 32 67 99 8 41 40 1 6 86 51 86 62 12 77 88 86 79 50 89 24 52 61 13 32 35 8 8 56 85 98 63 21 100 41 70 74 14 27 100 68 3 34 88 14 14 78 40 56 92 62 12 69 27 33 78 97 93 57 85 87 25 9 9 82 27 89 49 32 35 62 6 76 37 88 85 76 41 73 86 94 43 63 64 27 19 36 33 16 88 55 35 29 42 24 85 76 94 94 45 ; 
L 2 -33 11 21 26 -48 41 -27 -50 -39 8 42 28 -50 8 -17 -31 16 -7 47 22 48 18 -31 -22 -4 -13 13 -43 -11 -35 -37 -47 -48 -15 47 50 4 23 40 -12 27 44 -46 -40 -1 42 -27 -17 19 -33 -40 -42 40 4 43 -32 -6 -30 -47 -21 37 -10 21 -44 50 21 -39 -45 -28 -11 -7 14 3 39 -34 -35 -10 -27 15 -48 -23 25 -16 -37 -29 -28 26 4 50 -9 16 16 36 -21 27 -19 -28 47 -7 -34 38 -23 6 -3 -8 -28 14 27 -13 24 -34 -44 4 -16 40 15 28 -34 -20 16 -23 50 -47 8 49 -11 29 26 -42 13 -34 -24 -32 44 -11 29 25 -40 -7 4 39 -13 -11 8 -3 -13 26 11 20 38 -46 40 48 13 15 -47 -32 -30 -44 -23 -41 -33 5 -28 35 17 -44 -44 5 38 -3 -2 4 -26 -33 21 -11 32 -20 17 24 27 47 -48 -14 -44 10 8 -2 7 27 6 -16 30 -3 15 13 -41 13 ; 
88:88 40:40 37:37 64:64 58:58 86:86 50:50 79:79 86:86 58:58 133:133 21:21 24:24 53:53 40:40 120:120 28:28 50:50 32:32 75:75 62:62 18:18 95:95 22:22 125:125 83:83 72:72 61:61 53:53 100:100 52:52 52:52 27:27 81:81 58:58 114:114 70:70 16:16 35:35 52:52 69:69 58:58 14:14 68:68 70:70 58:58 82:82 145:145 79:79 26:26 89:89 24:24 48:48 50:50 4:4 61:61 47:47 16:16 56:56 18:18 99:99 37:37 44:44 56:56 35:35 16:16 60:60 17:17 12:12 40:40 50:50 80:80 98:98 75:75 75:75 36:36 6:6 23:23 26:26 40:40 35:35 25:25 8:8 77:77 57:57 60:60 29:29 59:59 37:37 42:42 41:41 33:33 47:47 51:51 19:19 8:8 45:45 44:44 65:65 29:29 19:19 25:25 16:16 137:137 61:61 82:82 34:34 56:56 43:43 67:67 51:51 32:32 98:98 92:92 81:81 14:14 7:7 11:11 44:44 68:68 43:43 118:118 31:31 128:128 61:61 32:32 16:16 84:84 52:52 40:40 23:23 29:29 11:11 85:85 76:76 33:33 55:55 44:44 95:95 18:18 22:22 67:67 99:99 8:8 90:90 57:57 22:22 24:24 61:61 117:117 104:104 51:51 11:11 64:64 12:12 84:84 96:96 9:9 58:58 12:12 58:58 67:67 62:62 75:75 11:11 93:93 9:9 50:50 37:37 49:49 67:67 42:42 48:48 71:71 50:50 66:66 92:92 30:30 61:61 36:36 46:46 18:18 33:33 48:48 30:30 47:47 39:39 16:16 5:5 114:114 45:45 83:83 10:10 152:152 9:9 17:17 67:67 54:54 102:102 94:94 45:45 ; 
L 6 -6 -50 -49 -18 -2 -14 -43 33 -18 46 38 42 -17 26 -4 47 -48 -21 -22 -3 -34 50 5 16 11 -47 20 16 29 26 45 -15 -36 -33 40 40 -45 -6 41 -27 41 -26 -30 -7 -15 2 35 23 36 25 47 -34 -32 44 10 26 45 31 -10 16 -47 2 5 50 -40 47 -1 -6 22 -42 5 -15 -27 -33 -32 47 32 45 -48 20 -22 -6 -42 32 -43 -27 20 32 -38 9 9 30 -18 41 -12 6 -46 -36 15 -4 -8 -8 9 -14 29 -22 21 14 8 2 -16 -11 12 21 12 18 7 46 -28 -49 -11 31 25 12 -38 14 -33 36 -46 -32 -15 -20 4 49 24 -48 13 -5 2 -17 -10 -24 24 42 -16 -21 35 36 -15 -27 49 -13 44 -16 -9 -38 -48 6 16 30 9 -45 5 46 -9 47 -23 -39 37 -50 -4 45 41 42 47 -28 4 -37 1 -39 -43 11 15 -26 -42 16 5 -2 3 -3 -19 48 -30 -1 -15 15 46 37 -25 ; 
42 54 37 74 59 3 94 44 8 46 77 26 82 54 57 81 8 71 14 40 31 17 83 53 79 18 11 78 33 58 7 18 31 91 61 28 91 48 16 78 55 55 33 75 66 21 67 13 86 94 94 82 74 71 73 17 100 64 51 44 24 16 72 9 13 93 2 37 4 52 99 91 49 57 36 29 1 28 48 70 47 53 38 72 92 2 58 71 30 5 87 62 23 82 49 25 61 9 51 43 54 57 81 35 77 63 87 65 13 61 70 7 17 94 51 71 87 91 4 55 90 14 56 44 37 73 15 12 74 72 86 92 18 33 36 56 100 42 73 63 15 91 22 81 84 66 90 56 90 25 95 3 80 22 35 26 11 81 32 30 13 83 54 98 81 41 38 39 91 17 58 24 37 94 1 56 30 3 29 25 42 41 90 15 89 29 26 63 1 59 2 37 84 76 90 57 3 80 35 92 60 ; 
L 5 6 -6 45 -46 -15 15 1 30 16 -43 -49 -6 38 -32 3 -9 -28 -6 45 -15 -15 -3 2 -5 23 4 2 -34 -32 44 -29 14 15 32 -50 20 4 -24 -21 -2 45 29 -10 11 19 3 30 20 -13 26 -48 -22 5 -26 4 13 -9 17 48 -25 -17 -14 38 46 -9 18 -50 14 9 45 1 -4 20 49 42 15 -16 -6 48 -48 -48 -8 36 21 -11 21 -41 18 40 -50 35 -27 5 47 -23 -39 30 -22 32 33 37 -42 -40 33 36 15 -26 -42 -20 16 45 31 -10 33 49 -41 47 41 18 2 -32 26 10 24 -34 -6 -12 -6 -36 46 -5 -2 -50 37 -46 -7 -7 -27 -22 -46 -24 -21 47 -31 14 40 -16 16 -9 -1 33 44 -16 18 49 -16 -4 42 -38 -2 -8 12 -38 -47 -39 -43 47 -42 -41 46 5 -47 -25 -15 -28 -26 42 8 -35 -32 -11 36 -36 -12 -16 -22 -45 47 30 -12 11 9 -15 47 -43 27 -27 37 -25 ; 
44:44 43:43 54:54 48:48 21:21 80:80 3:3 57:57 90:90 75:75 46:46 40:40 75:75 105:105 5:5 26:26 69:69 23:23 99:99 89:89 31:31 29:29 91:91 59:59 1:1 69:69 98:98 72:72 39:39 71:71 73:73 25:25 63:63 54:54 20:20 22:22 103:103 32:32 56:56 2:2 105:105 17:17 46:46 29:29 112:112 65:65 37:37 2:2 12:12 24:24 35:35 56:56 12:12 114:114 60:60 86:86 24:24 7:7 52:52 30:30 88:88 27:27 36:36 15:15 28:28 41:41 62:62 77:77 77:77 102:102 177:177 15:15 89:89 48:48 37:37 57:57 46:46 10:10 30:30 32:32 34:34 58:58 40:40 138:138 105:105 22:22 65:65 26:26 49:49 12:12 45:45 31:31 9:9 12:12 51:51 39:39 91:91 35:35 36:36 6:6 29:29 22:22 44:44 10:10 28:28 61:61 90:90 89:89 29:29 51:51 32:32 23:23 51:51 44:44 2:2 45:45 140:140 85:85 19:19 68:68 82:82 24:24 18:18 28:28 110:110 37:37 11:11 40:40 32:32 14:14 119:119 13:13 9:9 47:47 31:31 11:11 4:4 55:55 42:42 47:47 55:55 27:27 90:90 16:16 90:90 6:6 113:113 36:36 60:60 140:140 58:58 16:16 20:20 35:35 18:18 59:59 1:1 32:32 119:119 122:122 124:124 70:70 68:68 19:19 73:73 50:50 41:41 60:60 126:126 1:1 23:23 15:15 116:116 82:82 10:10 74:74 36:36 16:16 49:49 33:33 109:109 27:27 32:32 47:47 15:15 46:46 47:47 26:26 95:95 74:74 28:28 95:95 36:36 87:87 38:38 86:86 75:75 18:18 77:77 92:92 60:60 ; 
L 38 -25 22 40 -13 40 16 -23 -27 37 44 16 -22 32 -47 -50 16 44 -37 -37 29 14 -29 9 14 -26 11 23 -29 29 -48 43 8 -35 -45 -18 -36 27 46 43 -42 28 11 7 -33 35 49 31 -27 -38 -10 -1 -39 25 -13 5 -13 -33 -22 -26 20 -26 9 37 -33 -39 41 -47 14 -8 -22 -8 26 10 47 -19 -31 46 -34 1 -46 -25 -10 -13 41 41 -49 -26 24 -37 10 -13 -42 25 -35 4 -26 -10 28 15 11 -44 -10 20 -19 28 27 -27 -40 -17 32 -4 -39 -4 -43 -8 -4 45 -2 37 -8 5 25 4 9 -40 -43 17 37 13 -27 -22 26 -29 5 -29 -40 28 -43 38 40 -1 43 -14 20 -35 -45 47 -46 24 38 50 -23 -38 -43 -34 1 39 48 41 43 19 34 2 -28 14 4 36 -45 35 34 27 -1 10 -40 -49 45 -47 -49 10 30 24 -16 -40 2 -19 40 -18 17 -17 2 -43 -43 15 8 46 15 38 1 -13 ; 
37 47 84 47 56 17 60 81 91 82 91 6 56 1 82 87 74 70 5 74 75 78 47 62 24 68 68 52 23 79 36 6 90 54 76 6 5 58 72 100 63 45 15 30 93 76 64 59 76 89 69 42 39 55 61 37 27 30 42 8 94 68 41 26 42 53 67 95 82 52 80 46 46 22 3 55 10 36 82 93 59 100 96 23 33 60 17 43 11 63 91 10 81 77 57 90 67 68 95 16 76 63 40 33 84 58 85 97 8 77 21 77 63 80 24 13 77 67 67 99 25 78 36 3 1 44 44 59 15 14 36 9 15 60 95 95 44 35 31 46 1 45 22 86 62 37 43 62 16 95 10 18 53 41 59 49 55 67 72 98 88 97 54 3 93 40 9 4 43 80 61 8 33 28 17 72 57 98 81 79 58 23 18 12 36 97 89 66 1 90 96 5 73 62 45 70 80 22 79 40 67 ; 
L 39 48 45 29 -48 32 49 -25 -10 20 -18 -43 45 32 10 -29 -40 20 35 14 -47 -26 8 -13 5 49 41 -37 -17 -47 -23 -11 19 -38 4 39 26 -41 -41 -27 -40 31 1 -18 47 -19 24 -10 -46 4 -35 26 -29 5 -28 43 43 -24 38 39 10 50 -34 -42 33 13 4 -44 -22 30 -37 23 -27 -11 -14 -42 -2 -49 13 22 8 -29 -45 -1 -20 15 37 -36 27 46 43 -46 -43 22 -16 1 38 40 22 -25 -5 43 38 -7 -8 -14 19 -11 9 8 38 40 -4 -43 13 -46 2 -45 34 27 -1 -1 17 -31 4 8 43 15 -35 -29 -26 28 47 -36 40 -9 -29 16 -23 8 37 38 -40 -25 10 33 34 24 49 37 37 -44 -16 -16 -40 -40 -46 -13 27 -25 26 -44 -37 -35 -40 13 -28 35 -27 -22 17 -26 -10 28 28 -43 -41 -26 -33 -39 -34 45 25 -47 -4 15 -14 10 -43 -9 -19 2 2 -27 -50 17 14 10 1 -13 ; 
11:11 72:72 116:116 93:93 36:36 3:3 111:111 54:54 4:4 110:110 70:70 12:12 75:75 53:53 43:43 117:117 44:44 79:79 53:53 80:80 44:44 74:74 46:46 42:42 37:37 54:54 4:4 86:86 15:15 6:6 45:45 52:52 35:35 45:45 32:32 80:80 31:31 12:12 60:60 41:41 8:8 28:28 13:13 28:28 32:32 55:55 15:15 3:3 23:23 72:72 14:14 36:36 60:60 95:95 101:101 13:13 17:17 24:24 105:105 32:32 29:29 9:9 69:69 100:100 66:66 30:30 24:24 4:4 20:20 88:88 62:62 20:20 11:11 21:21 40:40 66:66 110:110 44:44 39:39 7:7 80:80 77:77 75:75 63:63 101:101 52:52 61:61 14:14 58:58 72:72 100:100 45:45 49:49 4:4 56:56 106:106 49:49 40:40 36:36 109:109 36:36 56:56 59:59 85:85 50:50 44:44 38:38 94:94 11:11 66:66 75:75 56:56 48:48 77:77 28:28 46:46 110:110 67:67 32:32 8:8 33:33 73:73 113:113 17:17 123:123 77:77 13:13 48:48 10:10 25:25 49:49 15:15 10:10 16:16 44:44 57:57 81:81 35:35 81:81 111:111 61:61 100:100 65:65 38:38 43:43 37:37 145:145 78:78 43:43 82:82 74:74 5:5 70:70 19:19 12:12 51:51 17:17 105:105 107:107 120:120 74:74 25:25 91:91 48:48 79:79 17:17 87:87 89:89 42:42 9:9 23:23 106:106 68:68 95:95 11:11 31:31 101:101 33:33 58:58 53:53 81:81 14:14 42:42 21:21 39:39 82:82 75:75 35:35 35:35 59:59 70:70 109:109 43:43 37:37 4:4 58:58 98:98 117:117 44:44 40:40 67:67 ; 
L 36 34 12 -46 -44 33 -50 -43 -31 -12 13 -26 -28 43 1 38 17 -27 19 17 37 50 19 30 37 50 -18 -47 21 -48 34 47 -16 -31 1 -22 30 -15 -20 -10 -48 34 -16 13 43 -34 -17 -37 -37 36 -25 11 20 16 29 39 -49 19 48 -41 -42 -20 19 -29 -36 15 3 7 26 9 -21 -8 32 39 -49 -48 38 22 36 47 -49 16 3 -48 33 11 -36 -46 -7 -11 -20 10 -37 -15 -28 30 -20 4 -7 -42 -21 -30 -19 -36 31 27 -38 -27 -26 19 -12 24 48 8 8 13 -43 -35 48 11 -30 7 -27 30 -10 -10 46 37 -28 -31 -9 -50 49 -46 13 11 20 -34 34 39 -13 3 -48 -41 -22 47 40 14 -41 12 -11 33 -13 -48 36 2 48 -20 -27 34 38 15 -18 -48 -22 -1 -48 -22 8 -25 5 -31 -46 17 44 33 48 33 38 -38 4 -37 2 5 -17 -4 44 12 -44 14 -5 -25 -12 -45 -9 -6 45 18 9 12 ; 
82 98 24 2 36 44 30 81 10 49 48 59 75 76 80 50 68 66 90 91 42 27 47 31 39 41 58 23 65 93 82 29 94 73 39 83 19 80 11 61 66 26 73 96 42 39 93 62 41 24 25 96 97 25 99 63 21 90 18 61 24 65 71 7 89 59 47 95 37 86 34 36 93 90 7 92 3 4 58 24 52 11 84 58 6 90 30 99 62 64 27 97 84 7 34 60 77 30 57 54 30 19 71 42 86 56 59 6 23 85 66 52 2 62 26 8 97 33 79 41 41 65 81 56 77 65 55 85 34 88 98 74 74 91 15 56 68 96 30 43 8 52 3 91 59 14 31 30 25 43 70 35 84 23 50 76 45 64 84 67 54 44 52 94 57 53 28 67 57 86 62 85 20 77 94 64 52 32 58 79 59 36 68 25 88 62 26 34 17 10 98 30 98 38 100 77 83 50 7 9 81 ; 
L 36 34 14 43 36 15 33 -33 32 39 -48 -48 -28 -2 48 -14 -11 21 10 20 41 13 -26 7 -25 5 -31 -47 -36 -12 -15 -16 31 20 -28 -11 4 17 -46 -34 -19 48 13 -33 44 46 33 -10 -12 -5 -8 -49 -36 38 -48 15 -37 -37 -50 -27 30 -10 34 -20 38 34 25 13 11 20 -9 -38 -35 48 18 -49 50 11 -19 -7 27 20 10 37 -22 -48 -2 -36 -43 37 19 -29 17 -12 20 -22 30 17 43 30 48 -3 -19 -50 37 -36 -3 33 -47 30 40 13 -39 -34 -15 28 4 -47 -18 -16 -44 48 17 -27 25 -49 -8 1 -19 -1 43 -39 -12 41 -8 31 -46 44 1 22 -12 24 -38 -6 -46 7 4 -50 48 -31 -49 19 48 -48 48 -41 -42 31 26 47 -45 22 -5 -18 -37 -30 34 -16 13 -29 -20 11 -11 -12 -34 44 8 -13 27 -38 -27 -26 46 -22 -21 9 36 38 -17 -7 -42 -21 -3 -16 -45 -30 9 -37 9 12 ; 
82:82 98:98 15:15 75:75 152:152 11:11 90:90 22:22 77:77 90:90 18:18 26:26 73:73 11:11 51:51 56:56 23:23 111:111 96:96 61:61 130:130 88:88 59:59 47:47 41:41 62:62 85:85 83:83 24:24 41:41 48:48 152:152 86:86 9:9 79:79 63:63 61:61 62:62 36:36 62:62 66:66 29:29 23:23 99:99 44:44 36:36 12:12 33:33 70:70 40:40 17:17 5:5 73:73 17:17 30:30 90:90 139:139 41:41 56:56 40:40 56:56 77:77 44:44 38:38 52:52 75:75 72:72 15:15 56:56 14:14 51:51 51:51 25:25 79:79 119:119 95:95 74:74 130:130 13:13 67:67 154:154 84:84 106:106 47:47 26:26 55:55 39:39 76:76 65:65 21:21 145:145 7:7 85:85 107:107 39:39 3:3 19:19 70:70 57:57 59:59 60:60 3:3 29:29 47:47 38:38 47:47 35:35 29:29 75:75 3:3 20:20 39:39 8:8 43:43 10:10 12:12 19:19 66:66 14:14 65:65 91:91 45:45 91:91 66:66 81:81 8:8 14:14 98:98 34:34 63:63 40:40 57:57 40:40 43:43 39:39 59:59 14:14 93:93 1:1 53:53 8:8 52:52 2:2 142:142 7:7 92:92 88:88 24:24 24:24 71:71 48:48 90:90 18:18 65:65 46:46 86:86 24:24 94:94 10:10 80:80 63:63 67:67 117:117 7:7 34:34 39:39 29:29 73:73 96:96 23:23 37:37 21:21 14:14 46:46 10:10 74:74 47:47 67:67 43:43 59:59 6:6 23:23 31:31 10:10 99:99 127:127 85:85 126:126 48:48 56:56 54:54 30:30 114:114 84:84 50:50 31:31 76:76 53:53 52:52 9:9 81:81 ; 
L 41 5 -46 1 22 2 -39 43 47 7 37 -10 20 39 46 40 -16 -28 29 -18 19 49 10 -13 -5 -24 -24 -50 21 -44 -29 -17 -13 -2 -19 -12 18 18 -38 -25 -35 -23 -33 -2 49 13 -18 43 -35 -9 23 -28 20 -12 -15 -41 34 29 -3 18 -16 38 14 18 -26 -47 -40 -32 -12 40 -32 -47 18 43 -30 20 19 -33 33 -43 39 4 -31 -36 24 47 26 -43 -3 14 6 -23 37 38 31 -7 10 -41 39 -15 -14 -5 7 -10 28 -23 23 -31 -30 8 49 -30 36 -31 -35 -43 -6 -4 -48 -6 -43 48 -40 48 4 11 25 4 27 -44 20 44 -4 25 -49 -38 12 2 40 -48 -12 9 48 50 -15 -37 -33 49 -17 34 40 -47 -44 -8 -10 38 15 -15 13 31 36 40 2 -42 -1 48 40 25 26 23 -32 -43 -19 -27 13 6 -31 46 -6 33 -25 41 -15 9 30 -31 -41 14 41 -24 30 -3 -41 -15 19 -21 -22 -7 -45 -21 ; 
3 59 91 24 6 96 13 44 8 23 28 28 88 65 64 25 81 79 45 73 79 96 30 44 53 89 1 5 11 12 84 34 96 10 88 27 30 40 27 50 72 18 10 40 4 79 7 28 76 9 43 74 26 12 91 47 35 90 76 67 30 49 70 46 31 76 81 80 85 99 8 3 69 79 19 3 55 15 61 87 34 32 1 55 57 58 82 75 44 64 29 4 45 59 86 4 96 68 5 6 84 25 8 17 39 100 64 65 15 25 2 40 75 28 22 75 52 16 77 87 73 96 5 74 14 44 76 10 44 32 65 55 27 74 74 26 84 86 31 39 5 13 32 30 65 89 13 19 16 78 70 72 31 6 36 14 37 41 62 1 71 96 24 11 14 14 46 1 21 36 53 39 3 77 6 76 45 59 61 60 28 1 96 16 81 88 47 32 100 64 48 65 20 79 78 62 5 95 53 69 33 ; 
L 41 41 -37 -43 -41 -25 4 47 -21 7 -15 47 -25 -35 -23 -33 -2 -15 44 -16 -35 -9 -10 -50 -20 30 -15 37 15 43 -33 -31 43 6 40 29 -15 16 -14 -38 -13 10 -43 -25 -27 -4 43 -10 -49 -19 18 8 -44 36 46 -43 -18 32 -23 46 48 -41 -12 18 -49 43 -49 -3 4 -24 -12 -19 -40 7 37 48 -14 6 -41 -39 -48 -10 38 -40 12 32 -21 -40 13 -18 -25 -28 31 23 -24 3 24 31 -17 23 -27 13 3 -17 34 40 -39 48 -44 -33 33 -19 46 8 -32 39 -49 -47 -31 20 -29 38 -13 -5 -2 15 26 36 -15 -39 -20 2 -22 22 -44 36 -47 23 33 -25 18 -38 40 43 40 2 -38 -30 24 -28 -14 35 -11 -2 30 -31 -42 29 -30 26 -18 -6 -4 -7 -48 -26 23 -4 -48 -9 -49 12 -20 -9 -18 -5 31 -6 -12 41 -30 -5 50 -19 -28 -6 47 -10 -19 -7 -1 -13 -31 -1 -41 34 40 -14 -45 -21 ; 
3:3 45:45 45:45 14:14 27:27 68:68 74:74 61:61 9:9 22:22 54:54 0:0 29:29 72:72 18:18 10:10 40:40 15:15 56:56 42:42 68:68 9:9 55:55 32:32 46:46 3:3 41:41 17:17 89:89 1:1 19:19 23:23 31:31 73:73 67:67 34:34 31:31 63:63 10:10 70:70 13:13 72:72 60:60 48:48 17:17 44:44 10:10 35:35 30:30 96:96 79:79 47:47 122:122 26:26 53:53 28:28 79:79 52:52 53:53 17:17 11:11 13:13 46:46 30:30 39:39 22:22 60:60 112:112 48:48 77:77 82:82 23:23 42:42 47:47 28:28 10:10 31:31 104:104 66:66 72:72 17:17 37:37 14:14 34:34 52:52 91:91 23:23 7:7 35:35 7:7 28:28 118:118 66:66 24:24 21:21 3:3 52:52 48:48 40:40 94:94 30:30 6:6 9:9 46:46 78:78 70:70 38:38 33:33 65:65 48:48 61:61 15:15 35:35 63:63 0:0 49:49 64:64 19:19 42:42 61:61 94:94 83:83 57:57 65:65 10:10 115:115 29:29 77:77 27:27 60:60 65:65 101:101 21:21 15:15 32:32 68:68 57:57 17:17 60:60 28:28 19:19 27:27 32:32 120:120 147:147 24:24 30:30 63:63 18:18 162:162 61:61 23:23 12:12 48:48 25:25 37:37 17:17 20:20 6:6 39:39 31:31 49:49 16:16 72:72 66:66 89:89 114:114 14:14 10:10 32:32 19:19 74:74 12:12 80:80 24:24 70:70 80:80 45:45 76:76 42:42 153:153 24:24 10:10 77:77 5:5 1:1 62:62 116:116 35:35 13:13 114:114 75:75 151:151 61:61 53:53 35:35 116:116 35:35 14:14 69:69 33:33 ; 
L 16 -18 10 -28 42 -1 -29 -12 41 3 39 -10 7 49 -2 -24 -17 -30 21 -8 26 -33 -44 16 -8 6 46 25 -5 26 22 -17 34 37 16 -24 43 -35 6 36 3 15 -42 6 -17 -38 -11 -21 -49 -35 -18 9 -8 20 -14 -14 18 -46 -12 10 38 45 -16 7 -7 -38 41 18 16 -10 36 -40 -50 18 3 38 -38 33 45 4 15 14 33 -23 -40 -34 -11 -7 -30 34 13 -12 -14 -18 43 9 30 -32 -26 26 -50 -6 17 27 27 24 -5 -48 -24 -4 -28 -47 30 -2 17 -15 -41 -25 17 41 -18 45 48 -3 26 -25 9 22 -31 -4 -36 -41 19 47 -26 50 -32 48 22 -16 15 8 36 -18 21 -42 13 47 5 -27 42 22 29 42 36 -9 4 34 2 -37 24 -2 -36 -21 37 -29 14 -25 33 12 -39 -10 -34 -27 -32 -30 -43 47 1 11 24 -25 -45 -21 -4 35 -6 37 -4 -28 -22 -24 38 -11 46 32 6 42 -25 3 ; 
26 80 36 61 27 9 63 45 13 99 25 74 14 100 87 46 7 48 17 82 84 98 17 10 21 7 14 15 14 18 94 38 23 74 12 48 93 27 28 81 69 34 100 43 90 75 58 68 19 67 79 78 25 39 80 72 14 78 68 53 98 11 41 23 6 61 82 36 3 50 42 75 10 36 74 59 26 28 19 24 1 6 93 50 86 53 27 48 83 55 79 65 19 42 28 24 63 1 4 28 85 56 22 34 14 77 31 59 72 39 87 29 76 40 39 1 71 37 92 37 87 19 67 28 16 38 78 27 99 96 98 64 86 69 99 14 91 47 31 54 24 59 32 96 47 64 63 49 32 58 62 63 18 21 50 53 10 95 4 92 5 74 55 55 3 3 44 96 79 85 97 68 84 84 38 97 83 70 71 65 58 75 28 14 31 38 32 8 63 52 71 5 10 78 54 93 65 73 85 79 44 ; 
L 24 -24 -27 -27 -17 -17 48 10 9 47 26 39 -41 -41 19 -12 -33 18 45 8 -28 -42 28 -38 7 -7 29 42 8 36 27 43 30 32 15 16 -22 -23 -40 26 45 -34 21 10 -42 6 18 -16 14 43 -9 -15 30 38 -18 21 -33 -14 -44 42 34 -43 24 -16 38 36 -18 -18 50 32 -6 37 25 24 2 -49 16 -38 22 -35 13 -12 -40 -36 -18 35 49 14 -3 -24 -7 -21 17 -32 -39 36 1 6 46 -5 -48 -30 10 -11 16 -18 47 -5 -12 -11 -1 -45 3 20 -6 -25 -50 -25 -9 -7 -30 3 14 -26 -9 -22 26 10 -22 37 34 21 26 -36 -27 12 2 -24 -35 6 -4 -45 -38 47 -25 -46 48 32 10 -37 21 -6 -42 4 41 18 11 24 29 -5 38 -41 -25 17 -3 -15 34 14 -17 -17 2 36 -8 -33 8 -46 15 26 -29 4 -11 33 -16 31 13 4 4 -42 50 22 -30 4 47 28 2 -37 -34 -41 -25 3 ; 
20:20 44:44 77:77 14:14 34:34 15:15 31:31 75:75 66:66 52:52 99:99 54:54 48:48 32:32 86:86 56:56 85:85 52:52 21:21 55:55 80:80 20:20 73:73 52:52 30:30 6:6 57:57 21:21 80:80 32:32 20:20 76:76 83:83 97:97 31:31 26:26 10:10 28:28 86:86 116:116 10:10 5:5 44:44 22:22 54:54 43:43 36:36 94:94 27:27 15:15 24:24 81:81 11:11 96:96 46:46 47:47 53:53 93:93 9:9 69:69 18:18 21:21 93:93 48:48 104:104 67:67 60:60 75:75 36:36 9:9 87:87 8:8 36:36 9:9 46:46 87:87 37:37 69:69 5:5 125:125 72:72 65:65 37:37 42:42 61:61 61:61 67:67 72:72 46:46 69:69 73:73 13:13 33:33 1:1 97:97 86:86 30:30 17:17 14:14 12:12 59:59 35:35 34:34 67:67 30:30 80:80 27:27 68:68 8:8 58:58 65:65 53:53 9:9 11:11 104:104 44:44 104:104 92:92 10:10 37:37 83:83 38:38 28:28 112:112 18:18 33:33 169:169 122:122 41:41 86:86 138:138 13:13 9:9 86:86 80:80 75:75 62:62 74:74 3:3 28:28 33:33 6:6 11:11 15:15 23:23 39:39 18:18 23:23 95:95 53:53 3:3 49:49 43:43 65:65 49:49 36:36 27:27 27:27 34:34 48:48 26:26 42:42 37:37 92:92 69:69 87:87 91:91 91:91 10:10 12:12 39:39 47:47 73:73 66:66 30:30 129:129 75:75 50:50 4:4 56:56 63:63 16:16 138:138 82:82 57:57 7:7 75:75 51:51 22:22 58:58 5:5 60:60 66:66 29:29 68:68 92:92 43:43 26:26 29:29 79:79 44:44 ; 
L -6 -28 -14 -7 29 11 -45 9 26 -31 -33 3 22 18 19 -21 -7 14 -8 11 -12 -22 -17 -35 2 -4 19 46 10 31 -6 11 31 20 21 21 -12 -6 -14 29 34 -4 18 7 -40 37 -27 -4 -21 50 15 8 -30 3 31 17 -40 39 -41 8 16 -47 19 21 -41 24 21 -22 16 19 45 6 -17 6 23 44 -12 29 -39 46 23 26 -2 -2 -35 -16 -30 33 30 33 -37 35 -44 -22 9 -5 -33 -28 -45 30 16 -17 -41 19 11 19 -50 25 -26 -23 20 -10 -4 -34 -35 -14 31 24 -10 -25 32 16 -16 -19 -44 -3 -23 45 -1 41 48 -42 38 -21 48 49 -26 11 -5 14 32 25 29 3 -44 40 -40 -24 -15 34 -19 -16 40 -10 -46 -47 12 43 2 8 -26 20 17 -40 -1 -12 -20 -34 19 31 8 10 38 49 -48 -12 -27 -6 -31 46 -7 26 23 -24 -41 33 2 -35 -42 -3 16 11 19 -19 -41 -24 -12 46 20 -25 ; 
42 78 91 87 79 67 16 34 84 26 32 28 17 42 9 58 93 37 55 42 16 4 98 22 39 82 27 68 39 21 87 71 45 28 84 75 50 10 78 16 18 3 89 79 56 67 88 50 6 69 62 76 34 84 31 30 65 94 21 59 2 5 40 47 80 43 77 10 9 18 70 71 72 46 12 10 77 56 13 7 35 2 30 92 6 39 61 14 57 92 96 39 89 75 46 28 95 17 82 72 48 65 39 61 42 51 75 45 62 92 5 75 16 9 73 40 79 5 67 9 65 48 26 48 33 25 52 50 69 12 7 59 22 97 19 79 31 37 43 30 47 62 57 7 68 37 13 90 58 69 58 63 14 30 10 17 3 5 35 49 16 20 98 76 89 5 10 23 29 85 30 36 61 11 65 95 60 54 26 81 74 32 39 38 9 89 84 81 53 10 46 59 26 78 53 96 78 15 1 19 41 ; 
L 23 9 50 2 44 -40 -21 2 -23 -35 -14 47 -14 -12 15 -29 10 -3 -6 11 23 -20 34 -29 -34 19 31 12 33 -4 -19 -19 -25 -12 29 -46 -19 32 8 28 6 -8 -9 -47 -1 16 26 -2 50 14 25 -4 18 -20 26 37 -6 -45 -26 -12 -24 7 -40 28 -11 -3 24 -32 19 -34 30 -12 -11 -3 -20 -8 22 35 -20 -16 2 -4 33 31 10 43 41 41 -35 -45 -44 -7 24 -24 16 11 49 31 -40 -35 -41 -31 -12 -26 23 33 31 -19 -5 31 10 -48 -27 -6 10 11 -49 -17 -30 40 -34 42 -41 2 8 -8 -30 -11 19 15 -40 -42 44 38 39 19 21 -16 45 6 -17 4 -10 16 27 18 19 1 14 -7 -25 -23 -21 -22 16 -46 44 29 -35 -14 -45 24 33 -16 22 33 -3 -7 -31 -39 40 -38 17 6 17 22 21 41 48 46 16 -21 37 30 19 21 -5 -46 -19 -41 26 3 21 -12 -46 26 17 48 20 -25 ; 
17:17 17:17 39:39 57:57 33:33 50:50 40:40 97:97 76:76 6:6 20:20 37:37 66:66 16:16 48:48 68:68 17:17 17:17 177:177 71:71 53:53 31:31 21:21 35:35 36:36 60:60 30:30 30:30 7:7 18:18 95:95 69:69 25:25 44:44 12:12 1:1 68:68 35:35 61:61 32:32 78:78 49:49 46:46 63:63 28:28 4:4 22:22 30:30 55:55 114:114 58:58 7:7 89:89 63:63 20:20 29:29 20:20 85:85 54:54 14:14 9:9 89:89 56:56 163:163 15:15 53:53 22:22 80:80 80:80 58:58 32:32 45:45 59:59 69:69 36:36 25:25 36:36 45:45 16:16 36:36 25:25 82:82 67:67 22:22 14:14 19:19 75:75 131:131 92:92 28:28 155:155 36:36 47:47 65:65 49:49 59:59 102:102 69:69 23:23 64:64 11:11 35:35 28:28 74:74 158:158 27:27 32:32 64:64 21:21 28:28 11:11 22:22 54:54 54:54 13:13 26:26 62:62 45:45 53:53 33:33 18:18 29:29 45:45 33:33 49:49 24:24 21:21 68:68 68:68 103:103 24:24 66:66 17:17 68:68 28:28 57:57 7:7 34:34 132:132 71:71 72:72 0:0 22:22 64:64 62:62 32:32 9:9 13:13 80:80 24:24 71:71 204:204 53:53 33:33 9:9 13:13 62:62 20:20 96:96 40:40 20:20 124:124 72:72 12:12 32:32 34:34 42:42 15:15 9:9 23:23 94:94 80:80 83:83 115:115 49:49 98:98 44:44 50:50 7:7 31:31 31:31 41:41 53:53 106:106 5:5 103:103 32:32 3:3 3:3 16:16 25:25 82:82 74:74 50:50 10:10 19:19 17:17 7:7 12:12 19:19 41:41 ; 
L 23 49 34 16 -8 5 -21 35 14 38 -13 -33 -28 -37 21 25 5 23 26 45 -50 30 -39 39 -16 -25 -49 1 -21 -41 -31 31 29 14 -15 29 -49 8 29 9 43 8 38 -18 -17 44 -18 -8 -18 36 -16 27 22 8 13 43 17 42 37 25 -40 21 -42 -5 -9 -23 -14 4 -18 -2 -5 46 22 22 -28 36 39 -24 -3 5 -9 5 48 -1 -9 2 -40 1 44 -29 16 23 29 41 -1 40 33 -36 -5 5 34 -15 -23 35 -36 -10 13 49 -31 39 24 -36 -25 39 -38 -16 -40 5 -23 18 -16 -26 -23 -42 46 -6 -46 -22 4 50 -17 26 38 -15 11 45 48 12 -5 -7 -41 -11 -28 3 -4 -41 37 -50 40 -43 20 -30 -28 49 50 13 8 -30 -12 44 50 -11 -14 10 -34 -33 50 1 35 -37 6 29 -43 -49 2 5 -33 31 26 3 24 23 7 -45 -6 32 17 -41 -28 -13 -46 -37 23 -20 48 -10 -50 42 38 -25 ; 
69 92 51 78 29 48 25 47 38 88 40 53 8 77 58 15 26 78 93 81 42 29 88 54 4 15 7 4 2 36 59 69 50 86 69 88 44 32 10 44 20 88 25 80 47 27 19 11 29 57 69 11 47 37 62 40 98 52 54 41 69 9 97 1 96 76 21 26 33 9 2 8 56 13 25 5 7 6 66 18 34 93 9 38 62 36 61 74 16 45 88 77 91 56 72 16 19 97 88 43 79 71 88 31 61 15 29 80 100 4 15 79 9 3 52 52 29 22 71 18 74 15 27 50 46 5 70 77 93 74 34 43 16 38 8 39 73 72 92 36 5 64 99 50 59 28 51 65 51 99 93 13 83 95 63 77 22 57 56 36 74 40 93 90 87 78 64 12 65 89 37 89 2 25 60 98 46 72 28 73 92 12 89 53 39 56 7 96 36 22 77 9 47 84 84 85 55 73 43 66 68 ; 
L -23 40 -43 5 -40 21 41 41 -49 -23 -10 4 -46 -25 38 -18 -17 -3 28 11 -45 -23 15 9 37 16 -5 -27 16 41 -6 32 11 48 35 -36 18 8 18 -15 13 39 -38 44 3 50 -29 -33 5 20 22 29 14 14 44 -48 -50 42 25 -31 31 -5 13 -4 22 -26 -23 5 -21 -26 13 -28 -39 -29 -8 37 -14 4 -18 31 -9 5 2 -46 42 -40 34 -30 49 1 39 -16 -49 23 -18 -6 -37 12 -33 26 38 -39 -50 40 33 -36 -30 -11 -29 -14 -2 -28 35 -37 1 -40 -35 -8 -43 -28 30 -50 -21 7 48 -33 -45 -41 23 36 -29 3 -45 22 29 5 -23 -7 -23 50 -20 -24 16 36 38 21 -36 -10 -1 37 24 -39 -6 -46 17 22 -9 -23 -16 49 34 -41 46 31 -2 5 -42 -13 1 -25 -49 -49 25 -8 -44 26 -42 -5 -34 -17 50 24 -15 -43 16 1 8 -50 5 -5 -9 12 -17 -43 -13 -8 -28 -10 38 -25 ; 
54:54 31:31 78:78 120:120 41:41 9:9 66:66 64:64 45:45 92:92 51:51 58:58 24:24 17:17 85:85 80:80 47:47 24:24 50:50 99:99 42:42 16:16 6:6 48:48 50:50 32:32 27:27 34:34 9:9 37:37 40:40 56:56 5:5 22:22 99:99 25:25 57:57 29:29 11:11 98:98 38:38 53:53 52:52 16:16 41:41 106:106 90:90 146:146 58:58 77:77 39:39 63:63 86:86 20:20 123:123 47:47 11:11 73:73 39:39 192:192 69:69 30:30 14:14 88:88 93:93 59:59 93:93 128:128 13:13 125:125 30:30 38:38 48:48 27:27 10:10 30:30 1:1 26:26 33:33 40:40 12:12 74:74 2:2 23:23 46:46 144:144 18:18 29:29 8:8 42:42 18:18 33:33 22:22 137:137 39:39 84:84 77:77 21:21 62:62 86:86 16:16 32:32 38:38 19:19 19:19 97:97 25:25 17:17 10:10 124:124 30:30 26:26 47:47 89:89 3:3 53:53 18:18 27:27 88:88 27:27 9:9 45:45 81:81 47:47 50:50 79:79 44:44 78:78 74:74 67:67 51:51 91:91 118:118 76:76 7:7 33:33 71:71 112:112 89:89 89:89 79:79 32:32 33:33 73:73 81:81 45:45 37:37 15:15 33:33 110:110 19:19 52:52 46:46 60:60 29:29 7:7 27:27 43:43 77:77 77:77 66:66 11:11 20:20 17:17 20:20 19:19 54:54 25:25 162:162 67:67 7:7 93:93 30:30 10:10 46:46 29:29 14:14 1:1 20:20 64:64 26:26 16:16 28:28 93:93 103:103 8:8 13:13 26:26 31:31 83:83 28:28 14:14 40:40 98:98 40:40 62:62 66:66 46:46 28:28 66:66 68:68 ; 
