L 8 -1 -8 8 6 7 5 -8 -7 4 10 -4 -5 2 -8 5 -8 -10 -3 2 -6 9 1 3 1 2 9 5 -4 -9 -5 -3 -2 6 -2 4 -3 -5 -3 10 1 -2 8 -6 -7 -4 -7 -5 -2 -8 -10 -10 -8 6 7 2 1 -8 1 4 -7 3 -10 7 -5 1 5 9 -1 3 -10 10 -6 6 4 10 -6 -9 -1 9 -6 7 -10 -6 -9 -8 2 2 -3 6 5 -3 -8 -9 9 -8 1 -2 -3 -10 2 5 2 9 -2 -6 6 -9 2 -4 5 6 7 10 -3 -1 2 -6 9 -5 9 -6 8 -4 -10 1 -5 1 -1 10 4 -9 4 2 -8 -5 1 -1 -3 -4 6 -3 2 9 1 10 2 8 1 -4 9 5 4 5 -2 -6 -10 3 -6 -4 -8 7 2 -2 -9 -10 -8 9 2 -7 3 1 3 -9 8 10 1 8 7 -4 -9 -10 7 -8 2 -3 4 4 5 -1 -8 6 -6 -4 6 -2 -1 -3 -7 -2 ; 
82 35 62 67 58 87 89 31 87 17 16 22 88 76 79 47 1 73 51 13 72 57 35 99 47 29 8 39 31 87 90 70 30 63 45 29 19 85 47 92 41 36 30 62 48 22 33 5 30 54 46 43 80 40 54 2 34 89 51 38 31 55 33 33 71 7 23 92 94 84 94 82 59 84 65 43 40 37 86 5 70 94 19 93 50 55 97 17 21 96 32 44 93 21 24 12 47 43 46 15 85 97 36 79 46 22 47 12 34 1 80 54 44 5 99 48 70 48 87 89 34 26 60 42 25 63 6 49 89 74 62 82 57 12 69 89 82 13 64 78 87 49 94 72 28 40 93 50 30 23 22 88 33 44 86 74 73 45 64 68 34 86 44 15 79 52 93 88 47 28 77 13 53 19 6 64 13 31 82 8 1 14 62 70 94 74 85 12 98 30 11 38 37 97 49 100 7 15 19 60 1 ; 
L -9 -5 9 -9 4 9 6 -6 7 2 -6 6 8 -2 1 -3 -1 -10 5 -3 -1 -5 6 8 5 9 -8 -5 5 -1 9 1 -1 -7 -5 2 -5 3 -4 4 10 7 3 3 1 -8 -10 -4 -3 9 6 -9 -4 -10 6 -2 8 -4 -10 15 6 -2 -8 3 -6 -9 2 -6 8 6 7 1 1 -5 14 -10 1 9 4 -9 3 -4 -8 -6 -10 1 -5 -9 10 8 3 9 -2 -6 7 8 -2 12 -9 10 -1 3 -6 -2 10 -1 -5 -7 -2 5 -2 9 -5 -5 -6 2 -7 2 -8 -1 2 1 -11 -3 -10 -2 1 1 -8 4 -4 -8 5 -7 9 -7 -4 3 -3 -7 2 10 -2 3 4 -8 6 -5 9 2 2 2 -1 8 -8 4 -9 2 -4 3 -6 -10 -4 10 -8 -4 -8 8 1 -2 13 -6 -6 -10 -9 1 -2 8 -6 5 -4 1 -7 -10 -6 -7 2 -3 -3 -4 10 8 -9 -10 7 10 -6 4 -7 -2 ; 
0:116 0:140 0:146 0:108 0:114 0:68 0:22 0:60 0:252 0:4 0:80 0:168 0:58 0:138 0:80 0:22 0:50 0:16 0:12 0:242 0:92 0:96 0:86 0:362 0:120 0:60 0:116 0:60 0:94 0:236 0:40 0:58 0:32 0:176 0:10 0:88 0:204 0:76 0:80 0:176 0:102 0:44 0:146 0:318 0:26 0:192 0:164 0:90 0:110 0:102 0:12 0:58 0:354 0:148 0:62 0:58 0:294 0:148 0:124 0:178 0:58 0:56 0:126 0:18 0:100 0:18 0:48 0:48 0:26 0:116 0:174 0:12 0:172 0:60 0:252 0:80 0:268 0:4 0:178 0:56 0:54 0:172 0:62 0:208 0:38 0:126 0:12 0:86 0:80 0:92 0:186 0:152 0:200 0:48 0:188 0:80 0:112 0:122 0:96 0:4 0:14 0:34 0:84 0:70 0:142 0:102 0:138 0:8 0:204 0:32 0:312 0:46 0:114 0:70 0:100 0:126 0:36 0:128 0:92 0:124 0:238 0:30 0:142 0:96 0:130 0:76 0:154 0:126 0:178 0:66 0:50 0:88 0:134 0:52 0:38 0:40 0:118 0:12 0:60 0:48 0:18 0:142 0:90 0:188 0:138 0:102 0:80 0:26 0:152 0:42 0:22 0:74 0:86 0:54 0:100 0:134 0:98 0:6 0:16 0:102 0:36 0:146 0:90 0:144 0:54 0:46 0:70 0:86 0:78 0:62 0:18 0:156 0:102 0:30 0:162 0:18 0:72 0:194 0:132 0:168 0:22 0:130 0:172 0:22 0:64 0:72 0:198 0:70 0:192 0:20 0:94 0:112 0:252 0:52 0:124 0:168 0:196 0:150 0:28 0:120 0:2 ; 
L -4 3 -2 -10 -2 -6 -10 -6 7 -4 -6 -2 -6 -1 -4 -9 6 1 5 -4 1 6 -5 3 -7 3 10 7 7 -5 1 2 -1 4 -6 -5 4 1 8 8 6 4 -3 -3 -10 -4 -1 -8 -8 -6 -9 8 10 -4 -1 8 -3 -9 7 9 -10 -4 -2 -10 1 3 8 -7 -7 -10 -3 5 9 7 -3 6 8 -1 -8 7 -10 7 6 10 9 -9 -6 -8 -5 9 -10 9 -10 5 9 9 1 10 -6 10 -5 -4 10 -8 2 -2 -10 -9 -2 1 9 -8 8 -10 -5 -10 -9 8 4 -1 -9 1 -1 3 -5 -1 -2 -7 5 -8 -1 8 10 7 -4 6 -10 -8 1 5 -3 -2 -1 -5 -3 -4 9 1 8 -5 -6 4 4 -6 -8 -5 -10 6 8 1 -9 7 8 -10 1 -8 5 -4 -3 -2 2 -4 -8 6 3 7 -1 1 -8 -4 -8 -7 -10 -4 -3 4 1 -10 6 6 2 -3 -3 8 9 -9 -7 3 3 -6 ; 
85 92 8 83 70 2 39 25 17 89 96 62 81 49 36 53 36 60 77 23 91 24 1 93 80 6 34 49 6 30 7 84 60 96 38 99 5 83 65 28 70 92 8 100 28 94 77 99 34 20 4 47 14 29 45 23 23 9 48 96 48 96 16 83 65 74 35 18 56 54 60 10 10 10 38 52 48 66 74 18 37 56 54 92 43 78 9 18 40 11 85 59 15 85 21 2 39 45 74 91 89 59 9 88 81 16 97 1 94 66 85 34 56 49 26 88 3 64 16 59 41 36 74 57 79 67 41 8 66 63 8 69 48 23 71 79 26 47 38 83 74 63 25 89 99 13 36 22 24 86 84 28 62 18 57 8 63 3 47 2 56 42 29 39 88 93 81 53 65 20 30 18 60 86 14 27 47 83 88 66 42 18 47 9 67 65 62 79 67 28 77 16 21 39 10 96 44 6 11 29 92 ; 
L 7 2 1 6 5 -8 4 -10 -10 -7 -1 -9 5 10 9 10 6 -1 8 2 4 -1 -8 -6 -2 -7 8 9 -1 4 -1 10 -10 -3 6 10 4 7 1 -3 -1 10 -8 -5 1 2 -3 -3 9 -3 -5 -5 -7 -3 -8 -10 -6 6 8 4 -8 8 10 2 -1 7 -9 -5 -8 8 -8 -10 8 4 -13 1 -1 -4 -8 -5 -1 4 8 -4 1 10 3 -9 -11 -3 8 4 -8 5 3 8 4 9 -3 6 2 -9 -6 3 5 8 -6 9 1 1 4 -1 -5 6 -9 8 -8 3 10 -6 15 -7 9 -1 10 3 -2 4 5 -10 7 -10 7 8 -8 4 -10 -2 1 9 3 1 5 -2 6 5 9 -3 -4 -1 9 9 4 -7 7 6 9 1 -8 8 2 10 -6 -8 1 -5 -4 4 6 -5 -7 -1 10 1 6 4 -10 -10 -9 7 -14 -7 3 6 12 -5 -9 9 6 2 6 7 10 -10 -6 3 -7 4 3 -6 ; 
0:202 0:16 0:82 0:22 0:68 0:52 0:66 0:78 0:76 0:38 0:16 0:70 0:184 0:284 0:124 0:80 0:148 0:110 0:208 0:12 0:122 0:66 0:62 0:126 0:142 0:100 0:82 0:86 0:16 0:116 0:48 0:78 0:152 0:120 0:36 0:66 0:62 0:20 0:52 0:144 0:70 0:30 0:78 0:126 0:36 0:184 0:32 0:82 0:90 0:60 0:178 0:66 0:84 0:54 0:42 0:72 0:62 0:24 0:100 0:160 0:136 0:46 0:170 0:36 0:138 0:48 0:78 0:58 0:80 0:156 0:250 0:52 0:38 0:110 0:94 0:90 0:136 0:54 0:80 0:214 0:54 0:150 0:60 0:156 0:104 0:48 0:174 0:128 0:122 0:206 0:66 0:72 0:166 0:162 0:104 0:186 0:84 0:64 0:226 0:8 0:162 0:146 0:92 0:42 0:198 0:258 0:62 0:174 0:170 0:156 0:76 0:96 0:78 0:212 0:80 0:120 0:84 0:48 0:44 0:60 0:154 0:90 0:204 0:86 0:132 0:162 0:10 0:270 0:128 0:16 0:148 0:88 0:12 0:114 0:70 0:158 0:136 0:116 0:120 0:62 0:82 0:98 0:142 0:32 0:152 0:140 0:42 0:90 0:70 0:112 0:94 0:58 0:6 0:90 0:238 0:18 0:46 0:38 0:324 0:54 0:108 0:16 0:52 0:114 0:166 0:88 0:70 0:58 0:72 0:46 0:216 0:72 0:126 0:112 0:36 0:2 0:88 0:126 0:108 0:136 0:28 0:100 0:108 0:162 0:26 0:120 0:64 0:80 0:48 0:54 0:184 0:14 0:72 0:22 0:50 0:236 0:190 0:108 0:110 0:58 0:184 ; 
L -5 -9 9 8 -4 -7 -2 -3 4 7 1 6 -2 -6 -5 -10 2 -4 7 -1 -9 -7 2 -9 1 -6 4 -6 -9 1 10 -10 10 10 3 -4 1 4 -1 1 -8 10 -7 4 9 -8 9 -3 8 -10 -2 2 -2 5 3 7 -3 -9 9 8 6 -1 8 -3 -4 -10 10 -4 -2 -8 -3 5 10 -4 -7 -10 -7 -7 -6 -5 -1 7 9 -1 -4 -5 6 -3 1 -4 1 -5 -6 9 -3 -4 8 3 -4 -2 10 -8 5 -9 -6 -10 1 -1 2 -8 3 7 10 -9 -5 4 -5 9 1 -1 9 3 5 7 -5 5 -7 2 -3 5 3 8 -7 -5 -6 4 5 -5 -6 7 -9 -9 -10 -10 -3 3 -9 8 2 7 10 6 -9 7 -2 8 6 2 6 -4 -1 9 6 6 9 -8 9 1 -4 -1 9 10 4 7 -3 -7 3 -4 1 4 -2 6 -1 9 8 -8 1 -9 -2 -4 7 -8 1 -2 9 -4 -9 2 5 -7 ; 
13 9 55 97 80 8 77 20 33 77 22 27 22 22 3 50 19 28 90 78 43 47 10 79 69 24 18 14 26 2 92 38 88 86 93 8 90 21 21 75 25 82 13 60 51 50 73 29 4 8 93 43 22 16 94 82 4 38 64 43 85 56 67 16 85 96 55 86 42 54 57 48 4 19 75 59 85 46 39 49 71 7 66 31 47 92 65 85 73 1 89 83 6 38 27 94 52 71 7 89 60 53 44 56 43 45 41 97 99 84 10 50 89 53 70 89 7 3 95 30 16 29 53 59 32 20 47 37 59 73 54 81 61 48 74 16 40 63 65 79 47 77 15 53 15 75 30 31 32 84 54 27 71 96 57 48 31 78 24 75 22 94 91 80 92 2 68 32 55 19 46 52 52 23 37 48 73 82 89 47 14 26 73 15 37 57 4 21 49 2 1 93 33 72 32 70 5 77 8 39 46 ; 
L -9 -10 -9 3 2 10 -5 8 8 -4 10 -10 9 -1 12 -6 -8 5 -7 4 -6 6 1 1 5 2 -4 5 1 7 -4 3 -10 8 -4 9 9 8 7 -1 -7 -9 5 4 3 3 10 -1 -1 10 -6 -8 -1 4 -2 -1 -10 -9 2 -4 -9 -7 -7 -3 4 -4 3 8 2 9 -2 -6 -9 6 1 -2 -10 -2 1 2 7 -8 3 -7 6 -8 -1 -2 -10 2 -9 1 9 -1 -9 9 5 6 3 8 2 -5 2 -7 4 -5 -6 9 1 -13 5 10 5 7 1 7 -8 -2 7 -4 -1 4 -3 3 -1 -4 1 -9 2 -5 -10 -6 -7 -9 3 -3 4 10 -8 14 -9 -3 7 -6 6 -4 -3 -4 -1 -5 1 -1 10 -4 6 -9 8 -7 4 -4 6 11 -9 10 -7 9 2 15 10 -9 3 4 5 -8 -8 -2 5 3 -6 3 -6 5 7 4 7 -9 7 -8 -10 5 6 -5 8 -1 4 -9 2 -9 5 -7 ; 
0:114 0:10 0:138 0:44 0:144 0:60 0:232 0:88 0:124 0:294 0:72 0:76 0:230 0:122 0:96 0:58 0:34 0:236 0:192 0:94 0:46 0:52 0:120 0:176 0:56 0:42 0:154 0:128 0:92 0:52 0:36 0:28 0:72 0:154 0:160 0:72 0:150 0:114 0:58 0:136 0:54 0:90 0:190 0:46 0:188 0:72 0:144 0:66 0:72 0:102 0:166 0:90 0:74 0:118 0:22 0:122 0:40 0:188 0:138 0:56 0:154 0:190 0:100 0:60 0:26 0:142 0:128 0:162 0:172 0:102 0:2 0:134 0:132 0:50 0:138 0:42 0:152 0:200 0:92 0:134 0:42 0:76 0:124 0:8 0:94 0:66 0:146 0:160 0:54 0:48 0:40 0:130 0:18 0:72 0:74 0:210 0:54 0:150 0:42 0:114 0:108 0:108 0:162 0:126 0:60 0:72 0:130 0:142 0:40 0:132 0:6 0:12 0:144 0:118 0:76 0:278 0:98 0:120 0:60 0:80 0:44 0:172 0:8 0:150 0:26 0:26 0:166 0:122 0:170 0:52 0:128 0:98 0:66 0:8 0:12 0:16 0:70 0:152 0:152 0:58 0:98 0:32 0:88 0:40 0:74 0:180 0:142 0:100 0:98 0:64 0:110 0:80 0:24 0:78 0:142 0:14 0:218 0:36 0:82 0:112 0:28 0:126 0:276 0:166 0:88 0:32 0:86 0:44 0:20 0:30 0:86 0:166 0:138 0:10 0:30 0:48 0:32 0:188 0:72 0:90 0:94 0:130 0:146 0:150 0:130 0:180 0:52 0:50 0:84 0:58 0:30 0:126 0:100 0:116 0:134 0:4 0:162 0:40 0:42 0:78 0:92 ; 
L 9 -1 -7 -9 -1 -2 -7 -5 3 10 7 6 6 -3 1 -6 4 7 8 -1 -7 -5 2 -6 3 -4 -8 8 -7 -2 8 -4 -3 9 2 2 -1 9 8 7 -8 9 -2 -1 6 -1 -7 -1 -10 -9 -5 6 2 3 10 1 -3 -3 -9 7 -8 -6 9 -10 -3 7 -4 -2 -6 5 -5 8 9 3 5 -3 -4 -3 4 3 -4 -6 2 -10 -8 -1 -1 -8 -9 8 3 -7 -9 -8 -4 -2 6 2 -3 6 6 -8 -4 -2 9 10 -4 -3 -8 2 1 -10 -6 3 -9 7 -6 1 -2 6 7 4 10 8 -3 -10 -5 1 10 9 6 -5 6 -3 6 -4 1 3 -2 -10 -5 4 -3 -9 6 3 -2 -10 1 -4 7 10 10 -8 3 -6 10 2 6 -3 -10 6 10 -8 5 9 1 -6 4 -7 -9 -3 -8 4 5 -4 -2 8 -7 -1 -10 8 -4 4 1 -7 -8 3 8 5 -7 9 -7 1 -4 -8 -8 9 7 -1 ; 
10 30 73 30 54 75 99 10 40 5 13 24 89 88 66 22 73 14 80 86 49 73 84 70 13 13 21 93 48 97 68 81 73 98 57 64 82 11 28 59 84 56 82 16 4 93 35 79 6 74 57 2 14 31 31 54 17 39 68 32 42 86 85 33 40 83 21 44 16 25 65 9 44 92 96 41 17 68 33 12 29 6 48 55 17 34 38 96 96 4 21 84 13 82 99 4 38 88 2 61 93 28 9 66 59 80 13 14 41 51 22 80 57 82 60 40 22 42 93 86 10 18 20 52 8 33 26 33 32 61 77 13 86 94 76 87 3 71 63 29 33 42 77 45 58 93 40 72 45 69 83 84 12 52 46 18 33 58 9 16 93 37 4 60 96 64 33 49 32 63 65 30 61 3 66 9 79 21 36 6 24 10 75 64 40 35 7 68 51 16 77 33 6 96 86 44 98 94 11 42 74 ; 
L -1 -7 -15 2 2 7 4 -10 -13 -11 -9 -4 5 1 3 -3 -6 10 -7 9 -3 7 10 -7 7 -2 -1 6 -8 -10 -6 -1 7 9 -8 2 2 -8 8 1 4 -3 -3 -8 2 -10 9 3 -2 3 4 -3 -9 10 2 -6 -9 -4 5 -3 -6 -10 -1 8 9 7 1 -8 -4 9 -6 -9 -4 4 -5 -10 -2 6 8 7 3 9 -12 7 5 -10 10 -3 8 3 3 -6 -1 6 -1 -7 2 10 1 -3 6 1 9 3 8 -2 -3 9 -8 -6 -2 5 -8 -1 1 8 -9 5 9 5 -8 14 -8 4 -2 3 -5 7 -3 10 -10 8 8 -6 5 7 2 -1 -3 -4 -6 -10 10 4 -6 -9 8 3 -1 -1 -5 6 -6 6 8 -8 2 -2 -10 -2 -10 -7 -8 3 -10 -7 -6 -4 -4 3 6 -1 -4 -4 -5 6 1 -4 -4 -7 2 9 9 -7 4 8 5 1 -7 9 8 -7 -3 1 3 -8 3 -6 7 -1 ; 
0:34 0:146 0:118 0:152 0:100 0:136 0:180 0:188 0:40 0:76 0:22 0:42 0:150 0:48 0:244 0:48 0:82 0:4 0:186 0:94 0:50 0:166 0:78 0:196 0:154 0:122 0:154 0:100 0:148 0:142 0:30 0:62 0:214 0:118 0:142 0:136 0:194 0:136 0:138 0:196 0:98 0:44 0:16 0:28 0:20 0:30 0:54 0:184 0:66 0:346 0:78 0:108 0:136 0:72 0:144 0:80 0:40 0:82 0:28 0:82 0:34 0:84 0:64 0:306 0:86 0:34 0:4 0:172 0:108 0:74 0:62 0:82 0:230 0:12 0:110 0:262 0:6 0:98 0:94 0:234 0:180 0:232 0:34 0:182 0:182 0:34 0:34 0:56 0:74 0:128 0:134 0:54 0:32 0:8 0:186 0:152 0:54 0:116 0:46 0:24 0:78 0:88 0:250 0:156 0:116 0:6 0:34 0:68 0:126 0:172 0:64 0:76 0:110 0:62 0:156 0:44 0:100 0:74 0:82 0:136 0:140 0:130 0:118 0:48 0:176 0:50 0:64 0:88 0:78 0:142 0:38 0:34 0:114 0:236 0:172 0:98 0:58 0:20 0:70 0:128 0:10 0:72 0:112 0:14 0:174 0:68 0:8 0:42 0:64 0:216 0:114 0:114 0:106 0:82 0:42 0:38 0:34 0:62 0:136 0:144 0:28 0:244 0:116 0:92 0:22 0:122 0:108 0:70 0:30 0:82 0:158 0:28 0:50 0:108 0:10 0:12 0:124 0:90 0:46 0:66 0:96 0:104 0:56 0:154 0:54 0:18 0:32 0:82 0:114 0:24 0:50 0:72 0:50 0:18 0:142 0:164 0:140 0:236 0:112 0:84 0:148 ; 
L 8 3 -8 -4 -7 -6 4 -4 8 -2 6 -7 -4 -4 -9 1 -4 1 7 -3 2 9 -3 5 -1 -5 -8 6 -1 5 2 3 8 -5 -9 10 6 7 -10 -5 10 -7 7 -6 4 -4 4 7 1 -5 -3 6 -10 9 -6 -2 5 -1 7 10 -2 -6 7 10 9 -9 -7 10 -1 -9 -9 -8 -2 -4 -3 -7 10 -1 -1 9 8 7 7 -9 -6 7 10 -2 -7 -1 -6 2 -6 -9 6 -5 -4 -1 -8 -2 9 -1 -1 8 -1 -2 -4 1 -8 -4 9 -1 5 -3 -1 -4 -4 -4 -5 5 5 -2 -9 5 -6 -5 10 -6 -3 2 8 3 2 -5 3 -10 6 9 -9 3 -5 8 -9 8 10 -4 10 1 7 1 4 -3 1 -5 9 -9 7 -3 -8 2 -3 9 -2 -10 -2 -6 4 -8 9 2 -8 -7 6 3 -5 9 2 -4 -8 10 -4 -9 6 -5 -3 -3 3 5 1 9 6 7 -8 -7 -4 -10 -7 -8 -3 5 ; 
37 58 9 42 29 95 78 68 97 56 76 82 24 27 12 12 38 76 85 68 6 9 50 75 19 73 85 75 86 22 82 80 16 61 34 19 4 3 86 77 58 59 42 68 22 8 6 81 71 38 7 69 32 24 76 23 87 44 18 19 74 97 82 67 46 60 89 76 48 1 15 12 45 81 60 74 34 73 74 19 41 79 62 89 3 100 96 49 39 25 15 81 5 68 88 71 88 41 37 51 50 92 79 76 77 66 41 5 33 95 60 52 52 1 93 76 75 38 16 78 6 96 17 60 34 37 78 61 6 66 22 50 19 16 95 82 90 17 56 52 85 8 75 59 76 48 29 36 15 85 21 46 32 39 27 64 41 55 88 82 23 66 85 85 3 36 52 37 90 17 34 99 4 90 51 95 93 56 88 57 76 70 96 72 33 88 1 26 14 74 61 76 10 88 60 95 95 22 17 2 11 ; 
L 1 1 -8 2 9 -2 -7 -8 -11 4 -1 9 -1 -8 -10 2 -4 -3 -7 -10 -7 -5 9 -7 1 -9 9 9 7 1 5 -7 -10 3 -6 -9 -9 -2 -4 4 -5 -6 -1 -8 -10 -2 3 3 -9 -7 -9 -2 4 -5 4 1 -3 6 5 -2 -4 -5 6 2 -10 9 9 6 -1 -2 -8 -4 8 3 -4 5 -15 9 -6 9 -9 -13 3 -7 -1 9 -3 -12 -6 -8 -7 8 -1 5 6 -3 -7 4 -14 6 -9 -1 7 -6 -9 -5 2 -5 -10 4 -5 -6 -7 8 6 6 9 8 9 4 -7 -4 6 -3 -7 5 -2 -10 4 5 -3 -3 6 7 -10 -3 1 -10 10 -9 1 -7 -8 7 -4 -7 -5 -1 8 -2 1 7 8 6 9 1 -4 3 1 2 -3 2 -1 -2 -2 -7 -5 10 10 5 4 4 3 -8 8 -5 -10 -5 -4 4 6 -4 -1 7 10 2 10 10 8 2 -3 -5 -9 -4 5 8 -6 1 -3 5 ; 
0:242 0:20 0:66 0:64 0:82 0:72 0:106 0:108 0:100 0:32 0:126 0:186 0:146 0:88 0:18 0:54 0:8 0:112 0:52 0:80 0:72 0:90 0:120 0:50 0:24 0:180 0:196 0:100 0:20 0:142 0:80 0:202 0:118 0:172 0:142 0:8 0:90 0:18 0:122 0:10 0:170 0:284 0:58 0:86 0:154 0:200 0:76 0:64 0:112 0:50 0:112 0:60 0:132 0:88 0:192 0:138 0:134 0:76 0:110 0:108 0:158 0:186 0:38 0:72 0:10 0:70 0:36 0:74 0:172 0:166 0:22 0:84 0:96 0:116 0:8 0:126 0:140 0:102 0:152 0:30 0:128 0:120 0:120 0:62 0:50 0:192 0:24 0:22 0:136 0:106 0:36 0:182 0:236 0:90 0:178 0:54 0:148 0:140 0:166 0:218 0:66 0:82 0:64 0:136 0:28 0:110 0:174 0:58 0:68 0:58 0:246 0:136 0:286 0:20 0:106 0:356 0:6 0:96 0:152 0:78 0:102 0:92 0:116 0:68 0:186 0:34 0:58 0:60 0:70 0:138 0:190 0:38 0:180 0:176 0:118 0:300 0:32 0:52 0:124 0:122 0:92 0:52 0:102 0:130 0:80 0:38 0:60 0:180 0:98 0:94 0:72 0:170 0:20 0:172 0:20 0:10 0:102 0:92 0:64 0:324 0:80 0:12 0:68 0:132 0:186 0:58 0:80 0:42 0:122 0:46 0:130 0:126 0:108 0:118 0:122 0:178 0:40 0:60 0:96 0:60 0:102 0:36 0:42 0:104 0:110 0:250 0:70 0:112 0:186 0:136 0:104 0:82 0:68 0:18 0:106 0:322 0:228 0:34 0:206 0:4 0:22 ; 
L -7 8 -1 8 -8 -10 5 6 3 6 9 4 8 -3 -8 -7 -4 -8 6 5 -8 5 -3 8 -7 -4 9 -6 -6 6 7 -1 5 -2 -1 -7 5 9 -10 -4 -10 4 5 2 10 5 1 6 -9 -1 7 9 -2 -4 9 -8 4 -2 -2 -4 7 5 5 -7 -6 -8 -6 10 -9 3 10 -3 -2 -4 -7 -5 8 8 -8 -10 2 -7 3 -2 7 -5 -2 2 8 8 -9 -7 8 -1 -3 10 -2 5 -5 1 -9 3 -8 -6 3 -6 1 10 -3 8 6 -9 -3 1 3 -6 6 -2 3 1 7 -5 -9 6 -5 9 7 -8 8 7 -6 -1 -3 6 -2 -1 -1 -2 8 -1 -7 -9 -7 5 -6 -10 6 -10 7 -10 -6 -1 -2 2 2 4 -4 2 4 -4 10 6 5 -6 -6 -7 -6 -7 -1 8 9 -5 -7 -10 -2 3 -2 -7 -8 -5 7 7 -1 -8 -2 4 10 -4 -5 -10 3 -9 -2 3 -3 5 4 6 5 -5 ; 
39 78 30 9 21 82 10 35 90 10 47 41 31 95 94 14 71 70 33 49 89 82 99 73 37 94 95 49 91 12 40 47 56 3 37 43 23 85 17 51 44 65 63 7 74 22 41 26 19 7 55 56 26 94 80 90 83 83 19 85 29 24 23 51 1 77 12 41 94 49 62 74 55 92 61 60 8 95 37 96 18 79 76 20 56 52 10 61 99 97 61 62 26 8 33 92 87 37 69 21 89 86 83 87 97 95 16 70 55 55 69 91 16 36 85 48 70 47 96 60 84 75 67 29 38 11 99 41 100 95 16 46 11 12 17 12 73 77 81 24 21 76 34 85 77 13 37 9 31 43 14 28 19 39 96 60 26 15 81 70 86 52 25 93 82 71 6 49 37 54 89 81 95 32 35 26 53 13 64 3 26 95 50 30 7 48 8 1 98 42 35 39 60 60 69 44 44 81 25 12 47 ; 
L -7 -1 -9 4 -1 8 -5 11 10 6 12 10 -5 -6 -5 2 -8 4 5 6 6 9 -1 5 -14 10 -2 1 -9 -2 6 -8 4 2 1 2 -7 -6 4 -5 -3 7 9 -2 10 3 9 3 -2 -8 9 9 7 -3 7 2 -7 3 6 -6 3 8 -5 -1 3 -1 -6 9 10 8 -8 -7 -3 -6 -7 -2 7 2 -5 -4 -6 -5 3 1 2 -4 8 -3 -1 7 5 -7 -10 -8 5 3 -4 -6 8 4 1 4 -7 7 -3 4 2 -9 10 8 -7 -10 -4 2 4 -10 -1 8 8 10 -6 -10 -1 -4 -8 -6 -8 -8 -8 -2 -5 -6 -2 7 -6 4 2 5 2 -7 -7 9 -6 -4 -8 -7 -5 9 -5 -2 -5 8 4 3 7 -10 -6 -3 6 -8 1 5 7 -6 9 8 -3 9 -6 1 1 -8 1 -8 -6 15 2 -1 -5 9 -5 2 2 10 13 -9 -7 -3 -8 -10 -5 6 3 -7 -6 10 7 -10 5 -5 ; 
0:92 0:68 0:110 0:66 0:106 0:42 0:38 0:82 0:156 0:188 0:132 0:80 0:418 0:140 0:54 0:28 0:78 0:22 0:74 0:244 0:10 0:54 0:178 0:42 0:110 0:130 0:198 0:56 0:46 0:140 0:68 0:84 0:218 0:198 0:116 0:90 0:32 0:196 0:188 0:206 0:66 0:194 0:108 0:14 0:36 0:142 0:126 0:24 0:82 0:28 0:44 0:196 0:198 0:136 0:98 0:118 0:64 0:120 0:266 0:44 0:200 0:120 0:120 0:144 0:198 0:100 0:46 0:56 0:94 0:164 0:42 0:52 0:28 0:116 0:30 0:84 0:84 0:140 0:6 0:86 0:42 0:86 0:96 0:22 0:46 0:122 0:84 0:64 0:54 0:110 0:172 0:44 0:64 0:10 0:64 0:162 0:26 0:108 0:66 0:92 0:68 0:106 0:78 0:132 0:268 0:258 0:188 0:52 0:112 0:78 0:138 0:30 0:16 0:96 0:160 0:124 0:94 0:62 0:198 0:90 0:124 0:102 0:134 0:12 0:104 0:60 0:78 0:194 0:194 0:54 0:36 0:44 0:28 0:114 0:106 0:20 0:224 0:36 0:70 0:76 0:40 0:52 0:182 0:134 0:182 0:158 0:8 0:286 0:148 0:0 0:70 0:176 0:18 0:62 0:24 0:50 0:224 0:132 0:128 0:238 0:112 0:132 0:106 0:70 0:192 0:78 0:124 0:64 0:34 0:130 0:72 0:86 0:108 0:60 0:86 0:124 0:78 0:72 0:130 0:234 0:12 0:118 0:72 0:46 0:36 0:24 0:162 0:192 0:156 0:28 0:2 0:62 0:28 0:110 0:150 0:110 0:98 0:12 0:190 0:24 0:94 ; 
L 6 3 3 5 -3 7 9 5 5 -8 9 -3 -8 -10 10 -10 9 -4 5 -9 -6 -4 8 -6 10 2 -3 -7 -1 -4 -9 6 -5 -9 -10 9 1 6 4 7 -2 -6 -5 -3 10 2 2 10 6 3 -1 -5 7 6 -3 -2 -9 1 7 -6 -5 6 -7 -4 -2 3 1 2 5 2 -3 8 9 4 -6 1 7 3 6 -4 -5 7 -6 8 8 -10 -7 -8 4 -2 -3 2 -1 4 -2 10 1 -8 -8 10 8 -8 7 5 -10 1 3 -3 1 -8 -2 -5 9 3 -7 10 -4 3 -10 6 -9 -8 -8 -5 -6 4 9 -4 -9 5 2 -4 -7 1 -2 -9 5 2 7 -5 -7 -1 7 -1 4 2 -7 -1 -2 8 7 2 8 -5 2 9 9 -1 -3 4 2 -4 3 2 -9 1 4 -10 -4 -4 -3 -2 3 -7 -2 4 2 -4 -7 9 1 -7 -10 4 -6 8 -7 -2 -10 -4 4 5 10 -5 -2 10 -10 6 1 5 ; 
50 32 63 19 86 55 36 3 77 40 69 55 37 40 91 78 87 30 29 94 31 56 67 94 98 51 42 40 58 10 77 78 79 45 93 80 30 89 74 82 90 75 67 21 69 4 55 44 8 48 96 100 86 59 35 6 59 5 76 79 4 40 14 84 39 71 97 73 53 74 47 81 63 64 35 49 2 71 46 88 15 82 97 73 90 27 62 51 29 1 52 20 79 73 50 38 64 48 96 12 86 77 34 73 29 36 93 65 79 32 25 56 19 7 80 80 59 18 92 59 82 87 78 77 2 81 25 88 27 26 96 79 32 56 45 66 36 57 43 64 39 73 73 17 48 27 76 44 69 77 63 81 24 32 58 89 54 28 94 21 95 56 92 76 14 14 3 2 32 78 12 99 44 77 48 6 58 99 14 63 8 49 24 18 37 76 39 63 54 54 17 23 30 65 24 37 34 3 70 68 57 ; 
L -10 1 -5 4 4 -3 -3 4 -9 -8 -6 -10 1 6 6 9 6 8 7 7 2 -5 -9 5 2 4 -2 4 -10 7 -9 2 -10 5 -10 8 -10 7 7 -5 -9 2 -8 -7 1 -7 7 -1 7 5 -7 -12 10 5 -8 1 -3 6 1 9 -4 3 -3 8 -8 -6 -2 2 -1 -2 -2 -2 5 6 -8 6 3 3 -8 1 -11 -5 -10 -6 6 2 -7 -1 -2 -3 -4 10 2 -5 8 1 2 2 7 -9 14 5 -2 4 -2 -3 7 6 6 -4 -4 10 -9 -9 -3 -1 10 -8 8 -4 -3 -7 -10 -3 -2 9 10 2 -3 -13 3 9 3 6 -1 9 8 8 -3 -5 3 -4 -2 -9 2 -7 -4 -9 2 -1 -9 -4 6 5 4 -4 -5 -2 -7 -4 1 5 -3 7 7 -15 9 -4 -4 4 5 7 8 2 3 10 8 7 10 -1 -6 10 6 10 -4 1 -2 -5 4 -4 -5 7 -6 -3 2 -9 8 10 1 5 ; 
0:60 0:140 0:92 0:120 0:30 0:48 0:32 0:118 0:136 0:126 0:92 0:44 0:140 0:202 0:124 0:8 0:98 0:88 0:142 0:30 0:162 0:174 0:6 0:16 0:50 0:16 0:158 0:38 0:78 0:36 0:34 0:98 0:106 0:20 0:110 0:164 0:60 0:184 0:216 0:74 0:74 0:206 0:126 0:80 0:386 0:76 0:122 0:98 0:146 0:272 0:28 0:106 0:98 0:292 0:152 0:30 0:42 0:200 0:60 0:12 0:100 0:22 0:104 0:60 0:154 0:180 0:14 0:38 0:112 0:8 0:148 0:246 0:172 0:108 0:100 0:120 0:64 0:126 0:92 0:162 0:128 0:88 0:42 0:90 0:46 0:34 0:152 0:88 0:138 0:206 0:88 0:36 0:154 0:180 0:96 0:90 0:146 0:98 0:76 0:44 0:72 0:70 0:216 0:20 0:200 0:154 0:52 0:200 0:20 0:176 0:88 0:34 0:148 0:130 0:182 0:114 0:28 0:48 0:128 0:128 0:84 0:70 0:4 0:104 0:168 0:26 0:50 0:102 0:84 0:86 0:78 0:296 0:170 0:178 0:72 0:88 0:0 0:80 0:98 0:30 0:34 0:182 0:172 0:36 0:62 0:162 0:52 0:154 0:4 0:150 0:46 0:58 0:22 0:106 0:206 0:62 0:98 0:60 0:156 0:112 0:94 0:74 0:172 0:110 0:154 0:198 0:70 0:60 0:176 0:98 0:86 0:40 0:10 0:70 0:50 0:206 0:6 0:198 0:148 0:122 0:224 0:44 0:286 0:104 0:40 0:14 0:218 0:140 0:82 0:66 0:196 0:104 0:54 0:114 0:80 0:150 0:126 0:256 0:124 0:136 0:114 ; 
L 5 -3 -3 -10 -4 10 4 5 -8 -7 -3 9 2 -2 -2 -9 -2 -9 -8 2 2 -10 3 3 8 3 -5 -5 3 1 10 -8 8 -3 3 2 -1 -10 4 7 8 -4 9 9 -9 -8 9 -2 6 -3 10 -8 -8 -2 8 -3 -4 8 6 -4 -8 8 -9 1 -4 -6 -1 1 -4 -7 5 -8 1 -1 -7 -6 -3 1 -1 -10 -5 1 2 -1 4 -6 -1 6 -8 9 -2 2 4 7 3 8 -5 7 -8 8 8 -5 2 -8 -6 -5 -1 4 -5 5 5 8 -1 1 -5 -2 -9 -6 3 -3 -5 4 6 3 5 1 8 2 1 3 -8 2 10 4 -5 -3 6 -9 3 8 6 2 -3 -5 -3 -5 7 10 -7 -2 -3 -7 -9 9 -5 -4 -7 -1 7 3 2 -3 -10 -7 -9 -7 3 8 -1 3 7 1 7 10 -1 3 7 -4 -3 -3 -8 2 -1 -6 8 -6 -2 -10 -6 -1 5 9 -2 6 5 2 -7 -1 5 -3 ; 
72 29 60 25 4 29 93 28 44 18 40 80 52 2 49 43 35 91 10 33 66 34 80 57 11 13 22 51 68 75 84 39 73 86 29 67 94 84 40 57 48 73 67 34 28 75 78 58 19 96 84 91 23 22 43 73 8 63 88 29 59 52 25 100 48 53 92 72 81 29 5 51 81 12 26 84 2 47 29 63 28 31 30 45 57 92 79 83 54 34 78 84 34 62 22 45 4 27 75 77 18 70 4 21 84 92 15 20 24 4 10 92 21 11 77 27 21 70 10 65 10 61 89 54 80 44 90 6 94 88 86 9 15 57 64 97 83 35 43 23 24 89 65 14 48 32 71 27 25 86 46 7 41 23 19 63 3 43 11 12 49 96 12 17 93 13 30 57 42 44 40 91 77 2 22 28 49 35 65 45 25 56 89 99 17 64 90 45 18 90 98 79 61 75 70 30 82 56 56 31 89 ; 
L -4 5 -2 -10 -7 1 8 -1 -11 -1 9 -6 -3 -8 -1 -5 -8 5 8 8 9 -10 6 -1 6 5 5 -3 -3 -4 8 -8 -9 -3 -5 -3 3 3 -5 -9 -5 9 -5 -14 -2 -6 9 4 -12 -6 8 2 5 6 9 -1 2 -9 -5 -1 -7 4 2 7 -1 3 4 -3 3 8 -5 3 -10 -7 -5 3 5 5 -3 -7 6 -3 -4 7 7 8 -6 -3 8 7 3 4 -7 -10 8 -8 -8 5 -2 2 6 -2 2 -1 -9 4 1 4 10 8 5 1 -4 -8 7 2 -3 9 2 3 1 10 -8 -9 1 -10 -6 -8 10 -3 10 4 -1 -2 6 13 -1 5 -1 2 1 -3 4 -2 5 -9 -3 1 3 4 -6 -1 8 -2 -8 9 -6 -8 -7 -2 -2 -4 -15 2 1 -7 -5 -6 -1 6 -7 -3 2 2 10 1 -1 7 -3 7 3 9 8 -7 3 -2 -7 4 8 9 5 -8 -8 -10 3 3 8 -2 5 -3 ; 
0:190 0:42 0:36 0:18 0:42 0:54 0:200 0:136 0:198 0:212 0:40 0:130 0:4 0:84 0:92 0:88 0:176 0:164 0:32 0:104 0:72 0:50 0:94 0:36 0:52 0:136 0:74 0:58 0:120 0:36 0:60 0:96 0:42 0:28 0:116 0:82 0:38 0:146 0:230 0:170 0:68 0:174 0:64 0:346 0:56 0:232 0:86 0:96 0:34 0:66 0:22 0:30 0:28 0:132 0:238 0:88 0:176 0:156 0:134 0:44 0:2 0:194 0:26 0:36 0:76 0:34 0:166 0:46 0:132 0:148 0:192 0:104 0:76 0:34 0:32 0:34 0:136 0:102 0:44 0:20 0:32 0:108 0:128 0:38 0:16 0:254 0:8 0:276 0:20 0:176 0:84 0:100 0:70 0:72 0:136 0:118 0:36 0:68 0:52 0:100 0:60 0:74 0:166 0:110 0:76 0:28 0:96 0:54 0:262 0:40 0:378 0:140 0:154 0:118 0:4 0:92 0:192 0:38 0:86 0:166 0:150 0:168 0:136 0:50 0:54 0:194 0:38 0:48 0:50 0:188 0:72 0:30 0:108 0:112 0:566 0:106 0:282 0:196 0:208 0:32 0:188 0:150 0:78 0:24 0:74 0:12 0:144 0:12 0:132 0:72 0:104 0:96 0:142 0:194 0:34 0:36 0:28 0:110 0:2 0:66 0:14 0:36 0:36 0:94 0:46 0:124 0:242 0:42 0:114 0:170 0:110 0:70 0:176 0:24 0:128 0:126 0:78 0:116 0:114 0:86 0:110 0:102 0:112 0:204 0:32 0:92 0:140 0:114 0:94 0:70 0:22 0:38 0:46 0:28 0:160 0:114 0:22 0:170 0:26 0:62 0:178 ; 
L 6 -10 3 -4 7 6 3 -8 -10 3 10 -8 4 -9 -4 10 3 3 -2 -8 -10 -7 5 -4 -10 -4 6 -6 7 -9 3 1 3 4 -6 1 -1 7 -1 -5 -5 8 -2 1 -7 -1 3 -3 -5 1 -8 7 -7 -1 -2 -9 1 -8 7 5 -6 -1 8 -10 -7 -4 9 -1 -7 -6 3 2 10 2 7 6 2 8 -8 -3 -8 7 4 10 3 -7 -2 7 -6 7 -1 1 -7 -3 -10 -10 -8 2 -9 3 -3 9 6 5 -2 -2 -3 -9 -1 -9 -10 -2 -5 1 2 4 -3 7 1 8 -4 -9 10 -9 7 -9 -10 -8 -8 7 7 2 6 -9 -10 -2 -1 7 -5 7 2 7 -6 -1 -8 7 -7 6 1 -9 -2 -1 9 -6 -4 -4 -1 -3 -2 6 -7 -2 -7 -8 6 -2 -3 -4 9 4 3 -9 1 3 1 -6 -7 -7 -3 9 -5 7 4 -2 -8 2 -3 2 10 5 8 1 -2 8 1 1 7 6 10 -9 ; 
32 24 86 76 23 1 95 5 5 56 65 67 1 63 86 37 100 53 64 94 31 94 92 70 69 79 80 98 51 30 72 100 83 58 91 69 46 74 90 99 72 20 80 76 15 83 21 60 100 38 10 93 49 25 29 97 60 34 51 65 37 73 63 19 11 57 45 19 12 88 59 29 1 59 46 35 84 100 11 63 89 2 21 74 59 6 35 94 44 50 52 33 5 85 56 76 61 20 35 20 89 14 60 45 69 27 32 20 6 32 20 57 79 89 100 7 66 83 63 47 13 81 17 66 11 90 59 59 37 29 83 39 71 88 52 71 50 100 11 21 17 72 40 53 73 95 73 3 93 66 82 92 84 3 28 4 75 80 80 22 41 77 16 64 15 98 57 69 16 64 2 38 38 35 17 88 22 44 13 45 100 15 81 29 86 100 16 40 27 7 34 57 53 53 74 99 86 23 90 91 40 ; 
L 7 -9 1 -2 4 3 7 1 9 -8 7 -10 8 -3 -1 -8 8 -8 -8 -6 -10 5 -1 -2 8 3 6 -1 -3 9 10 6 8 10 10 9 -3 13 7 3 1 -3 4 -9 -4 -9 6 2 8 -1 -6 -7 2 -6 -9 -1 -6 -7 2 -3 6 15 4 6 -6 -7 -2 -4 -3 -9 -2 -10 9 4 7 -1 -9 -10 3 3 3 9 9 4 9 7 6 8 1 7 -5 2 3 -10 -3 7 -5 -1 -5 -7 -1 -6 -2 -10 -8 7 7 10 -8 6 9 -1 -5 9 -5 -5 -1 -7 -1 -7 8 -7 6 4 6 -10 9 2 7 2 8 10 4 -2 -14 -7 2 -1 3 -5 -4 7 -2 8 -7 -1 -7 12 5 -2 -3 3 4 1 7 -6 -7 3 2 8 3 8 3 -6 -1 -2 -1 8 1 -4 2 6 -10 -7 4 -4 10 -1 5 3 7 4 -2 -1 -1 -7 7 3 3 7 2 -10 -7 -10 -2 -2 11 -7 10 -9 ; 
0:108 0:100 0:146 0:74 0:74 0:96 0:96 0:126 0:48 0:130 0:76 0:254 0:76 0:46 0:176 0:8 0:196 0:36 0:138 0:58 0:122 0:128 0:110 0:310 0:32 0:196 0:78 0:212 0:128 0:212 0:74 0:256 0:24 0:118 0:58 0:76 0:144 0:88 0:88 0:46 0:144 0:60 0:6 0:126 0:54 0:82 0:158 0:168 0:200 0:142 0:192 0:2 0:98 0:82 0:88 0:46 0:30 0:38 0:60 0:58 0:204 0:156 0:114 0:136 0:130 0:44 0:66 0:112 0:88 0:106 0:162 0:116 0:278 0:38 0:142 0:98 0:144 0:40 0:86 0:166 0:144 0:8 0:48 0:48 0:10 0:80 0:46 0:164 0:182 0:32 0:248 0:252 0:142 0:178 0:24 0:146 0:136 0:48 0:18 0:54 0:88 0:166 0:110 0:196 0:34 0:28 0:134 0:36 0:98 0:42 0:40 0:190 0:198 0:214 0:26 0:28 0:40 0:8 0:70 0:160 0:102 0:80 0:100 0:96 0:104 0:188 0:108 0:102 0:158 0:238 0:124 0:72 0:68 0:88 0:196 0:26 0:34 0:4 0:34 0:196 0:62 0:254 0:134 0:48 0:286 0:130 0:78 0:64 0:104 0:46 0:114 0:178 0:114 0:86 0:58 0:184 0:158 0:80 0:232 0:142 0:46 0:88 0:114 0:36 0:46 0:58 0:176 0:10 0:88 0:104 0:102 0:224 0:134 0:38 0:102 0:74 0:252 0:82 0:52 0:78 0:66 0:36 0:228 0:152 0:134 0:150 0:28 0:58 0:138 0:96 0:96 0:146 0:164 0:200 0:32 0:76 0:166 0:74 0:110 0:182 0:80 ; 
L -3 4 8 8 2 -8 -3 -1 -3 -5 -3 4 4 -7 -2 -6 6 -10 -2 -10 10 7 4 3 -2 6 1 -4 -1 -9 5 4 1 7 -1 -9 2 1 4 -4 -1 3 10 -10 2 3 -2 -6 2 -4 6 -3 1 8 -3 -2 -5 8 10 4 -7 5 -4 -2 -10 -6 3 6 -3 -6 -9 -1 5 -2 -1 -6 -7 9 -8 9 -9 3 10 -4 -5 5 9 3 2 -8 -7 1 5 7 -2 -4 5 9 -1 1 -8 2 4 -9 7 10 -8 1 2 -4 -3 9 -9 9 -10 -10 -4 -4 -6 2 2 7 -1 5 -9 -9 -4 4 10 10 3 10 -3 10 6 4 -5 8 7 -10 5 5 -6 -8 -10 6 -4 6 5 4 -6 9 -3 10 9 -5 1 -3 8 -1 -4 7 10 10 9 3 -7 10 -1 7 6 7 -10 8 -4 9 -10 4 -10 2 -6 -3 1 -7 -1 -6 7 -10 -1 8 2 -1 8 6 6 5 1 3 4 3 ; 
68 59 93 33 84 73 77 14 9 84 12 95 78 2 46 37 43 17 10 43 100 39 8 89 35 39 32 41 29 31 56 33 47 52 90 48 82 16 68 2 29 50 11 83 64 31 14 64 55 100 46 31 92 48 97 26 52 28 13 14 68 80 37 18 99 66 8 74 11 56 21 82 34 2 52 6 45 8 26 79 41 78 23 80 62 71 35 26 71 52 82 19 29 69 14 65 97 85 21 82 1 38 83 59 49 95 93 56 43 9 60 17 96 17 76 57 36 89 12 27 52 3 10 6 83 49 79 79 51 25 32 75 56 38 63 89 37 71 75 23 10 82 70 28 66 33 40 77 60 72 10 93 43 66 33 70 75 83 82 16 99 62 70 45 31 23 9 18 94 8 3 70 83 20 72 99 75 46 64 39 66 14 45 66 31 55 61 71 21 90 3 4 47 56 17 33 45 35 69 39 70 ; 
L -3 6 8 6 3 5 1 7 -2 6 4 -4 10 10 -6 6 3 -2 -3 10 1 -1 2 4 -10 4 9 2 9 -3 -9 3 7 3 1 11 3 -4 -6 2 5 -10 4 -4 1 -2 -9 -8 -9 8 8 7 9 -5 -10 -6 10 1 -10 -10 -10 2 -6 4 1 2 2 -8 -3 10 6 -1 -15 3 9 3 -2 8 -4 -2 4 -10 -1 -1 -7 -5 8 -2 1 2 -7 4 -3 10 7 10 -9 -4 1 8 9 -7 12 -10 10 1 -3 8 5 5 2 8 -7 -5 1 -3 4 -10 3 -8 -4 5 -6 8 4 -4 8 9 2 2 -3 6 -3 -4 1 4 6 1 6 10 2 7 1 -5 3 -7 -5 -9 4 6 7 -3 6 5 -5 -9 1 9 10 -8 6 2 10 -1 10 -9 7 -5 -1 -9 7 -10 7 2 -6 -9 -4 -1 -5 1 5 10 13 8 9 -6 -7 -4 10 6 4 4 4 10 -4 -6 -7 3 14 3 ; 
0:136 0:138 0:174 0:12 0:126 0:128 0:90 0:38 0:124 0:54 0:24 0:164 0:30 0:106 0:182 0:222 0:44 0:28 0:40 0:38 0:178 0:76 0:72 0:36 0:118 0:136 0:158 0:24 0:124 0:292 0:44 0:34 0:64 0:116 0:224 0:64 0:214 0:36 0:50 0:40 0:96 0:58 0:64 0:4 0:68 0:88 0:52 0:78 0:120 0:158 0:174 0:150 0:102 0:166 0:128 0:192 0:38 0:166 0:104 0:54 0:136 0:112 0:102 0:80 0:94 0:52 0:94 0:104 0:120 0:78 0:280 0:274 0:30 0:94 0:154 0:152 0:30 0:76 0:108 0:100 0:72 0:200 0:16 0:12 0:36 0:36 0:56 0:24 0:306 0:30 0:26 0:124 0:202 0:60 0:104 0:112 0:152 0:40 0:132 0:94 0:46 0:36 0:24 0:126 0:114 0:104 0:204 0:164 0:68 0:200 0:14 0:54 0:106 0:26 0:46 0:148 0:116 0:144 0:76 0:112 0:26 0:90 0:38 0:58 0:40 0:186 0:88 0:84 0:126 0:252 0:30 0:10 0:8 0:92 0:156 0:68 0:26 0:96 0:58 0:86 0:132 0:92 0:16 0:28 0:44 0:142 0:114 0:52 0:102 0:140 0:150 0:332 0:36 0:88 0:40 0:58 0:82 0:32 0:52 0:84 0:148 0:142 0:20 0:22 0:44 0:22 0:126 0:130 0:90 0:96 0:228 0:136 0:220 0:244 0:56 0:108 0:28 0:118 0:108 0:184 0:88 0:46 0:124 0:16 0:290 0:56 0:50 0:160 0:112 0:154 0:86 0:156 0:68 0:178 0:202 0:16 0:90 0:118 0:86 0:110 0:140 ; 
L 4 -3 1 -1 9 3 -5 6 -8 8 -9 4 -2 3 5 -6 8 -3 6 2 10 8 -2 7 -5 8 -3 10 8 8 -5 10 4 -1 -2 -9 -4 -5 4 -3 -6 -9 10 -3 9 -10 6 -2 -7 -8 4 4 6 -9 -2 -9 6 -7 10 -6 1 8 -8 -7 8 -10 1 1 -4 -4 -9 8 -1 -6 2 -9 -9 5 -1 -4 7 -2 -10 -7 8 9 -1 2 -3 -6 7 -8 10 -10 -1 1 10 -6 -5 10 -10 6 -10 3 -6 -3 -2 7 9 7 5 4 -7 -6 -9 3 9 -3 10 10 -7 9 9 7 9 -9 -7 8 -8 2 -1 -8 -3 7 -8 -8 -1 7 -9 -3 -3 5 -1 -1 5 5 1 -7 5 -2 -7 -3 7 7 6 -8 1 5 3 -10 7 -7 4 -5 9 -7 7 5 -7 6 -10 -3 -4 2 -1 9 -1 6 1 7 10 -2 -1 3 -9 3 -4 -2 -2 -9 -4 -4 3 -8 -5 9 -9 10 3 10 ; 
7 1 89 64 77 12 91 18 88 95 85 46 49 84 80 68 43 30 35 72 25 97 18 5 77 31 94 91 26 57 58 35 24 86 14 9 52 77 21 32 80 92 70 10 17 48 8 63 39 29 99 70 66 16 40 10 25 79 96 29 57 47 18 69 57 83 66 60 58 19 91 100 90 44 89 54 34 88 34 42 81 100 62 68 77 39 77 21 100 65 38 54 58 9 75 47 84 60 34 12 53 86 76 14 73 64 80 75 3 4 87 51 28 49 26 6 56 50 74 99 53 95 27 97 25 100 1 95 32 93 10 97 68 31 25 25 92 32 62 6 93 79 89 80 33 82 46 11 41 10 51 48 53 100 1 82 30 35 95 25 75 98 59 32 89 59 89 8 45 14 2 7 83 16 89 98 40 71 74 13 31 28 12 29 29 93 76 81 56 4 8 72 5 73 16 78 49 40 31 98 47 ; 
L 4 -3 1 7 1 -7 1 -1 -7 2 4 10 -8 -2 6 -9 1 10 6 3 8 10 1 -5 -6 4 10 -9 -7 -6 5 -5 6 -5 4 4 5 9 -9 -7 9 -4 6 -10 -10 2 -8 -4 -7 -13 5 -4 -2 -5 -9 -4 -9 -6 -8 -1 -10 -7 9 1 -10 6 1 -1 8 -3 2 -9 -3 -6 -9 -3 8 1 -2 -8 -6 14 -10 9 5 7 -7 -10 3 -7 4 -4 -8 8 -10 9 10 -3 8 7 3 8 -7 -9 -6 3 -12 2 6 10 -1 -5 -6 9 -1 -1 7 -1 5 9 4 9 -7 -8 -3 -2 -9 9 6 -8 -8 -1 -3 -10 -3 1 10 -2 8 -7 8 3 -3 -1 9 3 9 2 -4 -5 -6 -10 7 -1 -10 -7 -7 -7 5 2 5 -5 -9 2 2 -7 6 7 1 5 8 8 3 -9 -3 2 -11 8 -4 -10 4 -9 -8 7 -3 10 15 7 -10 -3 2 1 -9 -7 -4 -5 -7 3 3 10 ; 
0:14 0:2 0:178 0:108 0:262 0:90 0:162 0:180 0:212 0:46 0:118 0:198 0:166 0:142 0:20 0:50 0:40 0:86 0:58 0:134 0:166 0:24 0:30 0:42 0:234 0:2 0:36 0:196 0:116 0:164 0:32 0:18 0:10 0:136 0:200 0:12 0:118 0:108 0:200 0:2 0:164 0:74 0:168 0:152 0:116 0:18 0:0 0:58 0:170 0:160 0:184 0:26 0:120 0:16 0:74 0:170 0:148 0:136 0:24 0:116 0:220 0:136 0:296 0:162 0:102 0:16 0:62 0:80 0:30 0:62 0:166 0:56 0:46 0:160 0:184 0:166 0:194 0:66 0:70 0:62 0:4 0:174 0:42 0:142 0:12 0:148 0:196 0:194 0:182 0:86 0:130 0:236 0:184 0:112 0:50 0:144 0:54 0:54 0:80 0:58 0:86 0:48 0:50 0:60 0:76 0:208 0:192 0:60 0:20 0:232 0:54 0:70 0:92 0:166 0:154 0:52 0:2 0:74 0:76 0:146 0:172 0:22 0:58 0:250 0:96 0:62 0:248 0:88 0:134 0:136 0:162 0:260 0:50 0:24 0:14 0:204 0:192 0:86 0:48 0:22 0:112 0:50 0:114 0:18 0:112 0:42 0:228 0:54 0:156 0:140 0:38 0:154 0:354 0:282 0:94 0:182 0:68 0:138 0:62 0:252 0:164 0:116 0:62 0:24 0:52 0:108 0:158 0:80 0:354 0:90 0:82 0:90 0:114 0:78 0:32 0:70 0:102 0:314 0:44 0:90 0:98 0:36 0:38 0:36 0:28 0:52 0:42 0:114 0:238 0:48 0:30 0:102 0:226 0:106 0:82 0:92 0:66 0:106 0:68 0:196 0:94 ; 
L 6 -3 -7 7 -7 -9 2 7 -5 5 2 -8 -3 8 4 -10 -2 -1 -6 4 3 9 -8 -7 -3 -4 2 3 10 -4 -1 -1 9 -5 6 -1 -4 10 -10 9 -5 -4 3 2 9 5 2 3 -4 8 4 -6 6 -5 7 6 4 -4 -6 9 -9 -1 -6 -1 -4 -4 10 10 3 -8 -7 9 9 9 -3 9 -7 -2 -9 -9 6 1 -3 5 2 -9 -2 10 10 8 5 2 -3 1 -7 8 -5 -2 4 9 -5 -6 6 7 -7 -10 5 4 9 -1 1 10 -4 2 4 8 -7 -8 9 7 -7 1 2 -7 -8 10 2 -6 3 6 -4 2 8 5 -7 10 -8 -7 -1 7 2 -6 2 10 -7 -6 8 2 -6 5 -2 -5 -2 6 -10 7 -4 9 6 1 9 -9 -5 4 -7 5 8 4 9 10 -8 -1 -7 2 -9 -5 -2 6 10 10 -1 3 6 2 7 2 -7 -4 1 -10 10 5 -6 10 -4 -3 5 -10 5 8 ; 
56 49 25 21 58 71 66 55 63 23 79 49 70 71 9 3 19 8 66 67 8 22 81 83 21 98 85 58 100 68 90 42 8 90 8 62 47 79 39 49 65 70 14 30 81 33 68 23 5 43 35 23 67 93 28 10 13 89 37 73 41 8 11 68 38 85 99 67 22 2 68 19 51 81 35 46 57 21 87 41 80 74 88 30 9 22 70 74 18 50 57 10 20 39 65 30 48 61 33 53 81 69 82 79 52 29 51 63 66 9 83 53 7 34 68 83 11 49 46 6 65 100 69 5 79 98 51 24 77 33 65 79 40 79 61 85 44 78 45 45 16 93 65 61 55 38 25 81 71 48 92 98 79 28 30 28 50 3 19 43 33 63 91 49 1 61 3 60 60 71 75 29 97 20 19 45 99 46 23 38 17 14 72 98 34 74 96 61 80 55 89 35 80 43 96 74 96 38 26 71 95 ; 
L -4 -1 5 4 8 -5 -5 3 4 6 -8 -3 9 -6 -3 7 -6 7 4 6 1 2 -3 -7 3 6 6 -13 6 4 -1 -7 9 5 -2 -7 -10 -10 -5 7 -8 6 2 10 10 -8 4 -8 2 5 4 -4 -3 -1 -6 15 -4 5 -2 -11 6 10 -4 -2 6 9 -2 -10 -9 9 10 1 2 -7 -5 7 8 1 -5 -1 3 -9 -5 1 -4 10 -4 -2 9 -5 2 -9 7 -7 -9 7 -3 10 5 7 -1 -4 5 9 -9 -10 10 -4 5 -6 4 -3 -2 -2 -3 1 -1 -2 2 7 6 -4 8 -10 -7 -10 -2 -10 -6 -3 -8 4 1 -2 -4 8 -1 1 -9 7 -5 -4 -3 6 -5 10 1 2 2 8 -2 -6 -9 -4 9 -10 14 -10 9 -8 -5 -2 7 9 -6 7 -7 -2 -5 9 9 7 -10 10 -3 -9 -3 4 -7 -5 1 -10 7 -8 12 -6 10 2 9 9 4 -7 -6 2 6 9 7 7 5 8 ; 
0:202 0:50 0:6 0:62 0:18 0:96 0:140 0:60 0:46 0:86 0:168 0:66 0:88 0:116 0:38 0:88 0:92 0:56 0:76 0:80 0:102 0:138 0:96 0:50 0:66 0:62 0:146 0:52 0:52 0:68 0:106 0:144 0:38 0:172 0:166 0:32 0:60 0:104 0:76 0:102 0:52 0:140 0:196 0:44 0:116 0:150 0:188 0:66 0:120 0:58 0:130 0:108 0:60 0:92 0:14 0:46 0:274 0:108 0:98 0:162 0:76 0:150 0:84 0:136 0:24 0:214 0:192 0:112 0:118 0:150 0:46 0:88 0:44 0:122 0:156 0:104 0:136 0:120 0:178 0:50 0:116 0:40 0:90 0:202 0:120 0:158 0:182 0:94 0:174 0:100 0:218 0:110 0:48 0:104 0:30 0:84 0:52 0:8 0:192 0:48 0:130 0:64 0:98 0:182 0:74 0:52 0:104 0:56 0:160 0:124 0:110 0:196 0:46 0:210 0:244 0:160 0:112 0:242 0:24 0:14 0:146 0:42 0:90 0:66 0:222 0:118 0:126 0:84 0:84 0:62 0:214 0:38 0:96 0:182 0:154 0:108 0:122 0:140 0:130 0:188 0:132 0:64 0:148 0:48 0:186 0:108 0:44 0:148 0:120 0:236 0:156 0:94 0:38 0:14 0:34 0:18 0:102 0:22 0:84 0:130 0:6 0:64 0:30 0:78 0:52 0:114 0:144 0:8 0:142 0:98 0:72 0:138 0:112 0:96 0:0 0:286 0:44 0:114 0:180 0:204 0:192 0:110 0:56 0:38 0:50 0:124 0:34 0:144 0:54 0:102 0:162 0:72 0:50 0:214 0:190 0:60 0:12 0:116 0:152 0:142 0:190 ; 
L 1 7 -9 7 -1 -3 -2 -8 5 -4 4 -1 -4 5 -4 -3 7 1 -9 -5 -1 6 -9 -1 -3 -9 -8 8 -10 8 -9 1 8 1 -6 -5 8 -10 8 -6 9 -6 -6 -8 10 1 3 8 2 5 -10 10 -4 3 7 -4 -7 8 5 -1 -6 -3 10 10 -3 3 4 -3 10 2 4 -9 -1 5 -1 -3 8 8 -9 4 3 6 -4 4 10 -2 6 -1 7 -1 7 6 -10 7 -4 10 9 -2 -3 -2 6 7 2 3 -1 -6 -8 -4 4 9 2 4 -4 5 -5 -5 7 -1 -2 6 -5 -1 -10 4 -7 5 3 10 9 9 -2 -10 -1 9 9 9 3 3 -1 -10 8 2 -10 7 -1 9 2 3 6 7 -4 -5 1 -10 2 8 6 3 -3 1 9 -6 9 -4 4 9 1 -8 -9 -8 7 -4 10 -4 -8 -2 -1 9 10 -9 -4 10 1 10 2 8 -3 10 10 4 4 1 -10 6 10 8 2 -3 -8 9 ; 
26 61 31 12 10 92 97 92 18 20 17 90 12 63 43 57 66 90 25 34 49 49 84 100 98 69 27 74 20 91 43 32 67 2 16 3 84 64 1 72 8 49 83 34 45 36 64 14 56 1 36 82 30 70 95 22 93 65 32 36 78 88 45 83 60 57 66 12 36 95 94 73 70 81 78 94 38 79 75 90 26 52 52 20 67 84 45 38 13 85 88 97 99 4 30 59 70 37 29 40 74 43 98 73 94 27 52 64 73 37 58 31 16 2 34 28 39 2 22 67 17 81 98 40 89 60 85 85 66 90 1 89 81 51 28 4 71 44 60 25 100 76 99 84 28 46 56 75 69 8 47 70 73 73 36 93 57 87 64 6 21 47 26 17 88 49 64 48 77 61 5 43 62 88 22 85 64 78 26 36 6 22 32 83 14 95 97 86 12 59 75 72 93 12 12 69 100 21 97 82 89 ; 
L 1 7 5 -8 -6 -2 -6 -9 -7 1 -10 4 -4 -9 10 6 2 8 -3 -5 2 1 -4 8 10 -2 -13 5 3 -8 8 -5 -8 1 -6 -3 -1 -4 10 10 4 -2 -8 1 8 10 -1 3 -4 -7 -4 3 -3 -10 -7 9 9 -8 -9 -4 2 -9 -9 -1 1 5 6 5 6 10 -10 -4 -4 6 9 3 -4 -9 4 9 2 9 -1 -14 -7 6 -9 3 7 -10 1 9 -1 -3 8 -1 -10 -15 -10 1 -4 3 -3 -4 -4 -10 6 -2 10 -10 -4 7 -2 -9 7 -7 10 1 7 10 8 -6 10 6 3 -10 -5 1 -2 -7 6 5 4 1 -9 -2 6 5 6 7 -4 9 -11 -10 10 4 3 3 2 1 9 4 2 2 1 -1 3 8 -12 -7 -1 -9 4 -8 1 -6 -5 -2 4 -4 5 -10 6 -3 -8 -9 4 4 -3 -8 -8 -5 -5 8 8 1 -8 8 2 -3 7 -9 -10 -10 10 -3 9 -3 -8 9 ; 
0:52 0:122 0:96 0:178 0:174 0:18 0:70 0:30 0:158 0:172 0:26 0:48 0:18 0:28 0:134 0:174 0:220 0:94 0:194 0:76 0:54 0:114 0:116 0:26 0:130 0:126 0:170 0:124 0:170 0:140 0:112 0:176 0:104 0:0 0:82 0:108 0:60 0:132 0:66 0:30 0:112 0:16 0:112 0:64 0:76 0:160 0:270 0:74 0:24 0:22 0:82 0:122 0:138 0:106 0:190 0:4 0:70 0:64 0:114 0:116 0:64 0:54 0:56 0:66 0:104 0:52 0:116 0:94 0:30 0:82 0:206 0:206 0:44 0:144 0:50 0:76 0:72 0:198 0:90 0:12 0:116 0:54 0:272 0:130 0:10 0:62 0:94 0:38 0:20 0:126 0:270 0:88 0:204 0:98 0:138 0:150 0:106 0:176 0:176 0:86 0:178 0:68 0:128 0:54 0:78 0:38 0:106 0:36 0:18 0:72 0:96 0:234 0:46 0:58 0:46 0:12 0:108 0:128 0:98 0:74 0:86 0:14 0:56 0:200 0:50 0:144 0:194 0:182 0:66 0:156 0:158 0:26 0:76 0:56 0:118 0:168 0:216 0:74 0:120 0:78 0:44 0:102 0:128 0:146 0:16 0:118 0:100 0:100 0:330 0:286 0:200 0:122 0:268 0:106 0:44 0:222 0:42 0:142 0:132 0:102 0:326 0:150 0:180 0:118 0:14 0:102 0:48 0:24 0:98 0:52 0:140 0:90 0:298 0:102 0:282 0:144 0:146 0:122 0:140 0:64 0:46 0:214 0:60 0:56 0:150 0:118 0:24 0:148 0:100 0:74 0:36 0:90 0:296 0:100 0:104 0:78 0:68 0:112 0:162 0:164 0:178 ; 
L 5 -10 -10 -6 8 6 -2 -9 -5 -4 2 9 -10 -8 8 7 -10 10 -10 7 1 -4 -2 -2 10 1 7 4 8 4 -7 8 -1 5 2 -2 7 2 9 7 -9 -1 3 -7 -8 2 -8 9 6 -2 -7 -8 4 4 1 -1 5 7 5 9 -3 7 4 2 10 4 -6 -10 1 -4 5 4 -7 6 1 -5 4 -8 -8 8 3 10 1 -6 6 -8 4 -2 -6 9 -3 -7 -1 8 -7 3 10 3 -1 -2 -8 -2 -1 -10 -2 -1 5 -8 3 -1 7 -10 -9 4 7 7 -1 8 -5 -8 -8 -5 1 4 -8 10 -4 2 -2 -3 10 2 10 8 8 4 1 -3 7 -7 2 -2 -2 -3 -3 9 -8 4 4 -5 -10 2 -4 -2 -4 -10 -6 -8 5 -1 2 5 3 -6 -9 5 -9 9 -10 10 4 5 -4 10 2 10 8 8 3 -9 -1 -7 -7 -9 -9 -6 1 8 10 -10 3 -9 4 8 -5 4 6 -1 -9 2 ; 
49 92 9 42 87 43 47 19 27 32 64 77 60 24 51 68 20 57 25 12 82 31 26 52 97 23 77 92 75 92 68 40 40 91 70 91 74 95 69 42 6 62 68 38 25 42 27 45 60 54 96 33 91 69 99 21 1 75 58 23 67 9 58 5 63 78 26 71 14 22 5 96 36 79 19 15 71 68 67 71 20 32 58 83 11 44 74 83 31 34 11 51 99 30 11 96 85 96 24 31 93 42 11 65 2 69 44 5 83 29 29 9 11 66 50 87 63 99 61 55 5 67 92 48 65 94 50 55 59 83 20 35 23 52 84 88 96 45 77 40 94 69 23 97 37 43 96 63 12 11 48 89 52 29 48 92 51 82 37 27 97 93 8 57 70 27 6 68 16 35 98 1 27 88 89 53 57 60 37 47 20 43 31 99 68 63 6 30 70 54 91 16 47 40 54 58 46 62 11 55 82 ; 
L 5 4 -7 1 -3 8 -3 -8 -10 4 7 4 1 2 10 -7 -8 -8 4 -8 -15 2 -8 4 4 -8 -4 3 -10 -7 -2 -2 7 -4 -2 -6 10 -5 11 -7 7 -2 9 -9 -5 -7 -9 10 -9 -10 -5 -7 2 6 -4 -1 -9 2 -3 -10 -6 -9 -8 3 2 -1 -8 -6 3 10 3 9 -10 1 -4 -4 4 -2 2 2 6 10 -4 -8 5 8 5 8 8 6 1 -8 -6 4 13 7 -9 5 -3 1 -9 10 -10 7 -4 -4 2 2 9 -10 7 -10 -3 -8 -9 1 2 5 2 14 -1 8 -2 -10 -6 -5 4 6 -2 8 1 2 -5 -8 -10 2 -8 8 7 9 10 7 -10 -3 8 -5 1 -5 10 1 9 -3 -7 2 4 7 -10 -1 8 2 -1 -2 5 1 -6 7 8 6 7 -1 8 -10 10 2 -12 10 -1 4 -8 9 -8 -4 -9 -4 7 -10 -4 1 -5 -3 -6 -3 -5 -4 1 1 -1 -7 -9 2 ; 
0:98 0:44 0:70 0:58 0:58 0:166 0:14 0:88 0:246 0:16 0:34 0:116 0:38 0:148 0:4 0:144 0:46 0:90 0:158 0:140 0:18 0:74 0:116 0:148 0:232 0:138 0:56 0:22 0:56 0:20 0:74 0:58 0:188 0:40 0:36 0:244 0:36 0:48 0:182 0:84 0:62 0:54 0:84 0:134 0:46 0:116 0:144 0:66 0:50 0:38 0:56 0:32 0:130 0:120 0:66 0:148 0:182 0:92 0:68 0:148 0:118 0:104 0:166 0:78 0:266 0:72 0:236 0:148 0:164 0:172 0:128 0:166 0:18 0:4 0:80 0:58 0:90 0:50 0:28 0:104 0:32 0:82 0:60 0:58 0:120 0:64 0:58 0:116 0:134 0:366 0:38 0:154 0:120 0:130 0:104 0:162 0:70 0:54 0:12 0:104 0:112 0:44 0:100 0:98 0:212 0:26 0:44 0:132 0:42 0:138 0:18 0:146 0:44 0:74 0:22 0:68 0:48 0:80 0:140 0:58 0:152 0:60 0:14 0:216 0:36 0:50 0:142 0:116 0:48 0:84 0:220 0:186 0:10 0:74 0:130 0:22 0:146 0:122 0:160 0:66 0:188 0:90 0:122 0:64 0:48 0:102 0:42 0:76 0:120 0:138 0:108 0:22 0:86 0:168 0:124 0:80 0:152 0:98 0:228 0:54 0:104 0:180 0:90 0:114 0:48 0:28 0:102 0:284 0:242 0:126 0:198 0:160 0:136 0:80 0:220 0:44 0:322 0:90 0:180 0:110 0:54 0:142 0:292 0:124 0:160 0:38 0:334 0:86 0:28 0:40 0:90 0:132 0:42 0:82 0:148 0:122 0:80 0:30 0:110 0:110 0:164 ; 
L -6 -2 3 -4 -7 3 6 5 -10 -7 -10 4 5 2 -5 -2 6 -1 -4 -6 1 -10 4 -6 -7 6 2 -1 2 -8 -9 5 -5 6 -8 -10 -4 2 3 -1 7 10 -3 4 -5 8 5 8 -3 6 7 -5 6 8 -8 -4 5 -2 5 -3 -5 -8 -10 4 9 3 -1 2 3 7 6 4 1 -1 10 10 3 4 -10 9 -4 9 2 -4 -8 -1 -1 -5 6 -8 2 3 -8 -8 1 8 1 -7 5 5 -9 -6 -8 6 9 -4 -3 5 2 6 -5 8 -9 -9 -8 10 10 -9 -10 9 9 1 8 -5 10 7 -2 -7 -8 -5 -6 3 -9 -2 2 -7 -8 6 3 -2 8 3 -9 7 5 -9 -10 5 9 9 -3 6 -4 -4 -5 9 2 -8 2 -4 4 -7 3 -1 8 -5 10 4 3 4 -2 -3 -4 9 -6 6 -8 1 5 -8 1 -5 2 10 -1 -1 -9 -8 -5 1 6 8 1 4 8 7 2 -1 3 4 ; 
89 11 75 34 3 76 85 69 6 88 28 76 25 51 6 32 39 21 58 66 42 84 6 58 4 13 83 21 87 54 26 76 65 14 37 25 35 40 79 17 5 70 64 40 32 68 88 90 5 18 76 93 100 78 90 78 97 100 63 75 77 34 78 91 50 25 20 7 7 79 54 18 33 38 94 77 3 36 60 12 23 39 22 56 12 47 16 62 66 58 56 16 76 84 46 59 11 86 82 23 73 77 73 84 26 16 96 97 7 87 46 44 35 53 82 76 32 6 23 90 86 85 14 62 18 26 88 89 22 61 76 34 53 27 92 93 8 78 3 34 48 53 69 14 6 37 79 53 31 49 19 60 16 81 31 87 88 17 11 6 6 95 14 51 98 16 78 56 79 83 57 74 33 15 51 68 24 18 47 62 16 61 20 86 90 10 47 46 18 71 81 90 90 49 66 33 41 92 20 13 40 ; 
L -6 8 4 2 -2 -10 -5 4 5 1 -7 2 5 -4 -5 9 -15 3 1 -1 -4 -8 -12 -10 2 9 4 1 -10 -8 9 -8 -6 10 2 -4 -1 3 -5 10 4 -6 -8 -8 5 -7 4 -3 2 8 3 5 -6 6 -1 -3 6 -5 -5 8 6 -2 -6 -8 5 -10 -3 -5 -2 -3 4 -10 2 -8 -5 -1 8 -8 1 4 -8 -7 9 2 -1 8 -7 3 -10 -9 7 -7 -10 -7 -4 -1 9 2 -5 9 -1 -4 8 -8 -4 6 2 -2 -9 5 -1 -1 -4 6 4 7 -6 -7 5 10 9 9 8 -2 6 7 -10 -1 -8 -1 13 2 -4 6 5 7 2 -1 8 -3 -5 -10 -8 9 -8 5 -6 3 5 7 -2 1 4 6 -8 -1 -3 3 1 5 3 -9 14 6 -6 -5 -9 8 5 -10 -9 -5 9 6 10 4 3 4 5 2 -8 -8 -6 -3 -4 -2 3 -10 3 6 -8 9 9 -4 9 -9 10 -11 -1 4 ; 
0:178 0:60 0:8 0:206 0:134 0:230 0:172 0:108 0:314 0:114 0:70 0:84 0:68 0:328 0:158 0:174 0:144 0:222 0:124 0:60 0:78 0:46 0:182 0:8 0:188 0:134 0:282 0:6 0:160 0:78 0:84 0:58 0:124 0:54 0:18 0:102 0:134 0:38 0:118 0:36 0:64 0:98 0:18 0:74 0:52 0:54 0:56 0:68 0:68 0:80 0:26 0:192 0:68 0:20 0:70 0:226 0:120 0:126 0:146 0:18 0:196 0:94 0:130 0:40 0:68 0:96 0:40 0:80 0:90 0:148 0:202 0:20 0:360 0:14 0:18 0:78 0:28 0:92 0:92 0:182 0:64 0:64 0:6 0:60 0:260 0:108 0:60 0:152 0:52 0:76 0:56 0:174 0:76 0:110 0:52 0:90 0:50 0:220 0:68 0:90 0:44 0:96 0:44 0:180 0:156 0:202 0:42 0:116 0:290 0:72 0:98 0:36 0:110 0:38 0:50 0:6 0:140 0:32 0:50 0:26 0:210 0:102 0:268 0:198 0:122 0:146 0:68 0:108 0:122 0:94 0:146 0:40 0:0 0:68 0:96 0:192 0:100 0:26 0:196 0:64 0:76 0:44 0:12 0:10 0:114 0:70 0:200 0:94 0:32 0:82 0:0 0:14 0:148 0:72 0:88 0:40 0:30 0:228 0:0 0:86 0:30 0:18 0:138 0:18 0:78 0:168 0:120 0:84 0:16 0:24 0:52 0:246 0:58 0:174 0:218 0:58 0:70 0:66 0:12 0:12 0:26 0:4 0:68 0:130 0:62 0:96 0:118 0:244 0:30 0:246 0:48 0:118 0:56 0:252 0:174 0:84 0:36 0:76 0:248 0:52 0:80 ; 
L -2 -3 2 9 3 9 -9 6 7 -6 -6 -4 -9 -2 1 6 6 10 3 9 2 -7 3 -8 -1 9 9 -9 -7 -4 -5 7 5 -9 -9 8 4 1 -5 -1 -1 7 8 -1 10 -9 1 5 9 2 2 1 1 -2 4 -3 2 -5 3 -3 -7 -6 3 -2 3 -4 1 9 -8 -7 -8 -2 -6 -6 -10 8 3 -6 -3 -2 -6 -10 1 3 1 7 -3 -3 -3 8 -1 -5 3 -3 -3 10 4 -9 1 -8 -8 -3 -6 8 -8 10 1 5 -2 6 9 7 -4 2 -5 -1 -2 8 9 -9 -9 -6 6 5 5 8 1 1 -6 -3 -5 4 -6 5 -10 2 5 8 -4 9 -2 5 2 3 -1 -6 3 -4 1 -8 -4 8 -8 3 7 4 -4 1 3 4 -7 -3 -9 2 7 -10 -4 -9 -1 -4 -2 -9 9 -5 -8 -9 4 -9 -1 7 -3 -10 -1 2 -2 -9 2 -1 -2 3 -8 9 -3 2 3 -10 8 6 -1 -8 ; 
56 63 71 11 87 59 51 39 35 48 71 27 18 96 47 90 33 39 32 26 40 11 14 63 4 71 29 76 27 28 21 45 83 52 17 14 59 65 39 73 63 53 84 43 27 52 34 12 63 21 55 5 98 77 40 72 85 65 88 96 46 69 81 82 22 32 29 38 42 94 82 39 49 2 31 23 94 26 73 16 69 20 80 35 88 27 5 95 75 33 72 53 5 59 62 14 71 25 47 21 81 4 32 16 58 5 44 3 84 75 29 20 38 95 12 86 21 83 8 10 46 94 95 26 61 56 44 53 60 62 72 30 80 56 86 2 69 59 60 11 66 63 79 47 45 4 33 91 46 13 5 11 78 62 100 83 16 75 37 53 54 40 30 61 38 82 2 73 63 3 19 92 10 36 85 57 85 77 56 89 74 19 74 72 98 67 19 83 94 47 64 51 41 27 49 53 56 28 94 88 89 ; 
L 1 8 -9 4 9 -9 -2 4 10 -2 -6 2 -8 8 7 9 3 -7 -8 3 -1 -9 2 6 -1 -4 9 3 6 -6 6 10 -1 3 9 8 3 5 14 1 -1 2 9 -8 -8 4 6 2 8 -1 9 -5 -7 5 -5 3 1 -10 -7 3 -10 8 2 4 -9 -3 -2 -1 9 -3 -6 -6 6 9 -3 9 10 1 -5 4 -8 -9 -6 1 -2 -2 -10 -5 -3 -3 4 5 -2 -1 -3 -9 -3 6 -3 -10 2 4 -5 1 -10 2 6 3 8 -8 -5 -9 -1 -1 -4 7 -5 -4 5 3 6 10 -9 -8 1 8 -15 -7 -6 2 -4 7 3 7 -4 -1 -1 7 3 3 13 7 -11 -1 8 -3 4 -4 3 -9 5 -1 -4 5 -1 6 -9 -2 2 -1 -8 9 7 -6 -10 -2 9 9 2 -8 4 8 3 6 -8 2 2 9 -3 5 -9 7 3 2 8 9 1 2 3 6 -4 -2 -9 1 -2 7 -12 1 -1 -8 ; 
0:130 0:8 0:78 0:174 0:118 0:20 0:18 0:18 0:56 0:220 0:116 0:150 0:110 0:48 0:36 0:346 0:86 0:104 0:12 0:238 0:102 0:60 0:28 0:100 0:164 0:12 0:24 0:42 0:238 0:108 0:190 0:100 0:120 0:54 0:108 0:22 0:184 0:254 0:150 0:76 0:114 0:68 0:82 0:22 0:124 0:100 0:90 0:98 0:110 0:240 0:70 0:50 0:166 0:90 0:136 0:110 0:176 0:74 0:128 0:34 0:78 0:10 0:168 0:126 0:50 0:116 0:170 0:134 0:110 0:70 0:162 0:100 0:22 0:78 0:90 0:32 0:86 0:114 0:182 0:26 0:40 0:114 0:86 0:132 0:228 0:176 0:24 0:74 0:94 0:346 0:52 0:104 0:98 0:66 0:82 0:172 0:44 0:104 0:10 0:102 0:54 0:80 0:38 0:10 0:58 0:18 0:124 0:64 0:8 0:144 0:112 0:34 0:84 0:196 0:82 0:120 0:178 0:136 0:210 0:122 0:136 0:262 0:80 0:126 0:54 0:128 0:76 0:44 0:70 0:90 0:120 0:66 0:92 0:110 0:98 0:18 0:102 0:80 0:64 0:58 0:180 0:214 0:72 0:106 0:42 0:130 0:134 0:260 0:84 0:60 0:122 0:56 0:116 0:138 0:26 0:88 0:62 0:84 0:140 0:242 0:232 0:28 0:120 0:70 0:144 0:80 0:32 0:34 0:144 0:182 0:22 0:10 0:38 0:146 0:106 0:26 0:202 0:130 0:148 0:12 0:106 0:108 0:92 0:200 0:10 0:116 0:374 0:74 0:62 0:124 0:106 0:134 0:80 0:146 0:32 0:68 0:64 0:54 0:20 0:176 0:178 ; 
L 9 5 -10 8 -8 4 7 -7 -1 6 -8 -2 -7 9 7 10 -4 -1 4 -8 -6 8 -5 -3 3 10 3 -1 -2 5 -3 -9 -1 -3 -10 -10 -6 6 7 4 -8 -3 9 -9 -3 5 -9 -9 8 2 -8 -2 7 -1 -8 -5 -5 3 2 -2 7 -2 -8 4 -8 -7 -5 2 -4 -2 -6 4 -4 -2 -8 -3 -8 -4 3 9 3 -8 -5 7 -6 7 -7 5 -6 3 -8 -1 10 3 -4 4 6 10 -9 10 3 6 5 -6 -5 -6 2 7 -1 6 -9 10 -10 7 -6 -10 1 -6 -7 -9 1 4 -10 9 3 6 -7 -5 3 -7 -7 4 6 6 -6 8 -1 6 -3 5 -4 3 -8 2 9 7 7 -5 3 5 -10 -8 -3 8 10 -1 -10 -7 5 5 -1 1 5 -3 3 -2 7 -5 -7 10 4 3 -10 -4 -7 8 3 -9 -8 1 -2 6 9 6 8 -5 4 8 -8 -9 -9 5 5 -10 10 -8 7 4 -3 8 ; 
79 34 8 80 37 71 41 71 68 51 30 52 11 26 6 26 16 2 56 42 70 8 43 63 53 73 19 22 93 87 39 90 59 13 99 53 22 66 29 82 61 19 16 13 5 38 54 75 71 86 23 53 39 82 47 31 79 24 6 69 20 1 8 90 3 21 42 40 10 89 31 99 88 38 77 28 93 16 21 54 70 66 54 16 23 52 23 22 6 76 7 57 11 98 92 14 3 43 53 67 72 53 99 19 52 39 79 16 5 1 9 17 87 43 34 86 25 25 72 5 38 11 8 20 15 73 75 51 44 60 24 72 42 21 37 23 20 71 69 96 89 6 89 40 79 35 92 54 69 74 71 18 4 72 11 32 75 29 74 1 16 73 51 95 85 15 47 11 93 1 28 53 43 61 44 14 39 66 87 91 91 49 33 6 14 68 22 79 45 14 48 93 15 23 87 84 46 34 80 36 26 ; 
L -4 -8 -7 4 9 6 2 -8 10 -5 8 7 7 -9 6 -1 -10 1 -7 -8 -3 -10 -8 -2 5 9 -1 4 7 -10 -4 5 -10 8 9 7 7 6 10 -8 3 5 5 -3 -4 -7 7 7 7 5 -7 8 1 8 6 9 6 -8 3 -5 -10 -1 1 15 -4 -9 -6 -8 -12 6 5 -7 -7 4 1 1 -7 8 -3 8 4 -10 -10 -4 -6 1 10 3 4 -2 10 2 7 7 -5 3 -2 -9 -8 -9 -3 4 -7 -2 -3 5 3 -1 3 -2 10 8 6 -7 -5 -3 3 4 -3 -1 -9 3 -10 -3 10 2 9 -1 10 -7 -9 -1 -5 -7 -2 4 5 6 -9 2 9 -6 6 -3 8 -9 7 -8 -10 4 8 8 2 -9 6 8 -5 -6 10 -4 -2 3 -5 8 11 5 -13 -8 6 3 14 3 6 -4 6 -7 5 -6 3 -9 -2 -5 7 6 -6 -1 8 9 -4 -5 8 -5 6 -8 2 -3 3 -10 -3 8 ; 
0:108 0:104 0:46 0:136 0:62 0:48 0:62 0:72 0:82 0:46 0:68 0:142 0:42 0:102 0:148 0:100 0:88 0:116 0:138 0:230 0:48 0:38 0:150 0:90 0:174 0:112 0:100 0:164 0:132 0:58 0:48 0:78 0:16 0:160 0:68 0:18 0:4 0:22 0:44 0:118 0:36 0:26 0:2 0:48 0:72 0:68 0:90 0:214 0:62 0:80 0:40 0:56 0:48 0:66 0:68 0:38 0:158 0:188 0:200 0:58 0:26 0:8 0:20 0:60 0:188 0:30 0:4 0:72 0:112 0:144 0:78 0:52 0:26 0:146 0:196 0:78 0:46 0:156 0:194 0:54 0:78 0:116 0:82 0:94 0:132 0:48 0:26 0:144 0:74 0:6 0:42 0:82 0:58 0:184 0:108 0:138 0:194 0:106 0:88 0:28 0:156 0:152 0:202 0:52 0:148 0:214 0:96 0:12 0:78 0:64 0:68 0:28 0:62 0:150 0:102 0:62 0:106 0:168 0:74 0:84 0:20 0:36 0:180 0:172 0:98 0:208 0:68 0:20 0:22 0:80 0:12 0:42 0:186 0:50 0:120 0:40 0:140 0:134 0:36 0:84 0:158 0:26 0:220 0:236 0:188 0:86 0:182 0:36 0:70 0:90 0:32 0:70 0:154 0:26 0:52 0:8 0:30 0:148 0:24 0:16 0:180 0:110 0:190 0:140 0:70 0:64 0:160 0:24 0:80 0:128 0:88 0:104 0:30 0:136 0:124 0:90 0:254 0:32 0:128 0:238 0:134 0:160 0:22 0:144 0:120 0:38 0:114 0:154 0:136 0:54 0:48 0:136 0:62 0:32 0:34 0:0 0:70 0:104 0:32 0:72 0:52 ; 
L 6 -9 9 -10 9 -7 9 -1 8 7 5 8 -10 -9 -9 -8 5 -9 2 -4 5 -3 3 1 1 2 -2 2 -4 7 5 8 -4 -3 1 5 1 10 -6 -3 -4 10 -3 -5 -1 4 -6 -3 6 -1 -1 -3 10 7 -5 -5 -5 -5 10 -3 6 2 -7 -9 -10 -8 9 -5 -8 7 -8 7 -5 2 2 4 -4 -5 -4 3 7 -2 -5 5 9 -8 -5 1 -7 5 6 9 3 -9 8 -9 -7 10 10 -2 -8 -6 -6 8 10 -8 -9 2 -8 -10 3 -4 1 -8 -9 3 2 4 -3 9 3 3 -3 5 5 5 -1 -2 -6 3 -1 -2 6 -5 8 9 -3 -10 1 8 -4 6 6 10 -10 9 -5 3 -6 -6 -6 8 1 -6 -2 4 -2 -9 -7 -2 -3 -10 -1 1 -5 -9 -10 -10 8 3 -2 9 2 -10 4 1 -1 -6 7 1 -2 10 6 -2 2 9 5 1 7 -8 8 -3 7 -4 -9 -7 -1 -6 -6 3 ; 
5 74 24 93 47 39 78 68 58 16 39 34 68 5 26 92 4 35 3 70 4 71 44 54 50 45 51 91 22 28 21 68 26 95 75 17 4 56 81 76 10 32 37 23 68 24 2 95 47 93 39 38 87 41 64 44 9 95 4 89 84 73 2 7 68 4 30 78 95 22 94 59 49 38 27 100 23 7 39 20 17 61 81 2 65 16 51 22 26 14 46 1 71 24 88 43 48 42 70 25 72 79 31 60 59 33 38 45 79 23 64 20 54 26 97 73 72 42 33 36 3 69 34 4 87 77 90 50 61 25 83 58 66 75 100 13 37 77 96 23 2 50 5 87 61 51 60 3 96 87 34 74 57 51 94 38 38 14 14 88 87 21 20 22 26 49 18 43 35 11 93 82 45 35 82 80 77 39 59 51 45 34 91 69 1 63 20 31 98 59 38 70 20 26 36 86 77 49 6 33 79 ; 
L 10 -1 7 6 9 5 10 8 -9 -13 5 -2 -10 -5 -10 -5 -1 -8 9 7 5 8 -3 -9 -1 -9 -5 -14 -6 -3 -4 4 -5 -1 -3 -10 10 4 -8 -1 3 5 4 -3 6 -4 -9 -1 3 2 -2 8 -9 3 -1 4 1 -8 15 6 -8 5 -9 8 -8 -9 2 -10 -7 -6 -6 3 1 -3 -5 7 6 6 12 9 3 2 3 -8 3 -2 -6 2 5 -1 -5 5 -4 2 -5 5 -5 9 3 -8 5 7 10 8 -7 10 2 3 7 7 -2 -10 -1 -9 -1 -9 -2 7 9 5 1 6 2 -1 -8 7 4 9 9 7 -1 -8 10 -5 4 3 9 -6 10 3 10 5 -1 1 5 10 2 -5 -2 6 8 7 -4 4 6 -2 -2 -9 -2 3 6 1 6 9 -9 -8 2 -9 -11 -5 2 7 -8 7 -3 8 10 9 2 -10 -1 5 3 6 1 10 -6 -2 -9 3 8 4 10 -1 -4 -3 -6 -6 -6 3 ; 
0:48 0:52 0:238 0:84 0:50 0:100 0:80 0:6 0:32 0:158 0:28 0:116 0:54 0:84 0:72 0:26 0:134 0:114 0:82 0:174 0:78 0:68 0:34 0:6 0:126 0:34 0:216 0:18 0:196 0:90 0:88 0:62 0:4 0:90 0:188 0:176 0:62 0:64 0:52 0:56 0:84 0:182 0:116 0:218 0:92 0:180 0:50 0:48 0:152 0:138 0:102 0:84 0:126 0:58 0:230 0:48 0:22 0:72 0:102 0:30 0:80 0:16 0:282 0:136 0:160 0:70 0:96 0:116 0:40 0:46 0:102 0:94 0:56 0:122 0:130 0:44 0:74 0:126 0:158 0:54 0:262 0:144 0:134 0:24 0:144 0:194 0:208 0:80 0:156 0:110 0:142 0:246 0:74 0:50 0:80 0:30 0:148 0:156 0:32 0:48 0:66 0:194 0:138 0:106 0:188 0:108 0:94 0:12 0:102 0:146 0:96 0:98 0:126 0:108 0:92 0:36 0:12 0:82 0:104 0:144 0:22 0:108 0:110 0:182 0:134 0:170 0:4 0:120 0:72 0:40 0:106 0:164 0:64 0:12 0:8 0:70 0:52 0:148 0:126 0:72 0:84 0:42 0:36 0:82 0:118 0:294 0:40 0:64 0:92 0:120 0:52 0:46 0:52 0:50 0:154 0:90 0:46 0:210 0:86 0:116 0:64 0:78 0:146 0:132 0:82 0:40 0:118 0:102 0:178 0:100 0:44 0:32 0:96 0:60 0:114 0:86 0:118 0:36 0:108 0:72 0:162 0:34 0:38 0:26 0:86 0:112 0:162 0:76 0:122 0:124 0:66 0:86 0:162 0:254 0:110 0:208 0:146 0:44 0:52 0:66 0:158 ; 
L -2 8 -1 -5 -8 7 -3 9 5 -5 5 -4 3 4 4 8 -10 -3 -5 6 7 -3 -7 -5 3 -5 4 -9 9 -10 -10 -7 -7 7 3 4 -8 7 6 5 -3 2 4 -3 -1 7 -1 8 6 -8 4 -5 -7 5 -5 -9 6 7 8 -9 6 3 -1 4 10 4 9 -2 -8 9 -6 -2 10 5 9 10 -9 1 -9 -5 6 5 -4 -1 2 6 9 -10 -8 2 9 -1 -3 -4 5 -4 1 -9 9 4 1 10 -10 8 8 -5 -9 -8 3 -9 -9 9 -9 -8 6 2 -3 -9 9 -4 -3 9 6 4 8 -8 -3 -5 -10 -10 1 -8 3 -3 5 -9 -9 -1 5 7 -4 2 3 -1 4 5 1 3 3 6 5 7 -2 3 -10 -5 -6 2 2 -3 -9 5 1 3 4 7 -6 -6 -5 6 -5 -2 7 -2 9 -9 -10 7 -5 -8 1 -3 -10 5 1 4 -2 10 2 2 -2 -6 5 -3 3 10 -9 -9 -10 6 ; 
82 83 92 10 53 52 91 27 15 57 19 55 59 89 19 95 43 2 26 78 93 42 11 32 87 38 2 67 80 37 6 23 28 85 6 81 29 4 68 43 83 75 15 80 65 23 31 16 54 86 23 81 99 18 98 73 4 57 99 77 38 16 96 2 18 10 65 62 18 90 24 11 29 59 21 50 18 22 72 7 93 2 71 11 34 89 94 82 35 79 93 83 11 86 35 61 23 40 20 73 64 21 32 9 68 12 62 18 37 73 4 32 23 41 33 94 65 41 37 46 81 71 3 73 14 14 3 88 93 97 3 91 24 27 53 65 100 65 44 30 47 99 47 88 99 42 77 57 61 41 18 100 100 32 10 84 86 26 16 10 43 35 65 40 10 67 22 39 34 58 56 88 68 44 65 59 22 33 86 21 17 63 30 95 37 10 42 5 27 99 81 52 6 96 20 39 30 78 4 65 68 ; 
L -9 -10 -8 9 -8 -10 -3 -4 4 -5 1 10 6 -9 -1 7 -5 -7 3 4 3 8 5 5 -8 9 -10 -8 5 -3 -7 -8 -2 3 4 5 5 10 4 10 -2 10 -7 5 5 5 2 5 9 1 6 5 1 -10 3 6 3 2 5 -4 4 -6 -1 3 1 -2 5 -11 3 9 9 -5 6 -8 10 -7 5 -6 9 -9 -2 -2 -7 2 -9 -6 -5 -12 -3 -6 10 10 -4 -6 7 2 -2 -2 -6 -9 -4 1 -1 7 -4 4 9 5 2 -7 3 -5 9 -9 10 -4 10 9 6 -5 -3 3 5 -9 -6 -7 -8 9 -8 1 5 -1 8 2 -9 13 -3 9 -8 4 -7 -7 -5 5 5 -3 -6 3 -6 9 -8 2 -3 -8 -10 4 9 10 1 9 10 -1 7 5 9 -9 9 -3 -4 1 -8 -3 2 1 14 4 -9 1 4 5 8 2 -15 5 6 -7 -7 3 -9 -3 -1 9 -8 2 6 9 -3 3 -10 6 ; 
0:130 0:76 0:96 0:160 0:54 0:50 0:80 0:60 0:104 0:56 0:76 0:42 0:90 0:32 0:50 0:152 0:102 0:116 0:16 0:80 0:26 0:274 0:102 0:116 0:24 0:86 0:164 0:70 0:140 0:166 0:48 0:90 0:188 0:16 0:112 0:262 0:202 0:224 0:72 0:18 0:10 0:56 0:74 0:34 0:58 0:144 0:128 0:148 0:60 0:36 0:38 0:304 0:56 0:34 0:140 0:82 0:96 0:52 0:108 0:172 0:114 0:90 0:54 0:80 0:122 0:130 0:46 0:142 0:24 0:30 0:118 0:58 0:2 0:34 0:70 0:198 0:86 0:98 0:6 0:84 0:114 0:96 0:20 0:62 0:74 0:60 0:68 0:192 0:132 0:80 0:12 0:194 0:212 0:52 0:4 0:14 0:202 0:172 0:214 0:48 0:218 0:46 0:40 0:84 0:74 0:40 0:122 0:276 0:168 0:212 0:158 0:130 0:12 0:118 0:160 0:76 0:38 0:118 0:36 0:72 0:68 0:58 0:76 0:192 0:72 0:92 0:56 0:140 0:298 0:134 0:116 0:24 0:94 0:128 0:62 0:78 0:88 0:20 0:154 0:26 0:124 0:56 0:150 0:100 0:266 0:46 0:100 0:56 0:76 0:66 0:60 0:166 0:170 0:182 0:188 0:88 0:90 0:134 0:34 0:36 0:198 0:86 0:46 0:136 0:42 0:40 0:40 0:152 0:68 0:174 0:14 0:94 0:126 0:56 0:138 0:158 0:118 0:232 0:192 0:34 0:120 0:48 0:34 0:96 0:52 0:34 0:224 0:128 0:110 0:102 0:96 0:114 0:82 0:52 0:178 0:142 0:166 0:90 0:86 0:130 0:136 ; 
L 8 10 -7 10 4 2 6 -2 2 5 6 -3 -5 3 -4 10 6 5 2 2 1 5 1 6 -3 9 -8 5 1 5 -3 -5 7 -3 4 7 -9 -6 -7 6 6 5 -2 8 5 6 -10 -10 -4 3 -8 10 -6 -8 -5 1 5 -5 2 6 7 10 -6 -1 4 4 -8 3 -8 1 7 -3 -1 -6 -5 6 5 -7 -8 -1 -10 1 -7 -1 8 2 -10 10 2 3 -3 -5 2 -7 3 -4 1 8 -3 -3 -4 -9 -10 10 4 8 -3 6 9 -2 -6 -3 3 5 1 10 -8 -3 -3 -6 8 -4 3 7 6 6 -7 10 -10 -5 -8 -4 3 -7 1 7 -2 -10 1 -2 -10 -2 5 1 4 7 -1 -10 4 4 -5 7 5 3 -10 -5 3 -5 -2 9 8 5 8 -5 2 3 4 7 2 7 -1 2 -9 -3 -6 -7 8 -2 -10 -6 9 8 8 -4 -3 10 -1 -7 2 -6 7 -10 7 8 -3 5 2 10 -2 -5 ; 
83 56 9 84 24 34 41 19 45 19 62 47 82 40 41 25 68 91 38 65 46 85 55 38 86 11 88 100 98 9 97 87 68 21 62 93 93 96 77 31 23 26 82 10 96 29 29 97 20 64 95 94 60 31 22 78 85 67 69 68 71 92 37 92 16 64 47 99 72 13 53 77 4 65 9 91 16 99 50 37 76 43 54 2 96 58 11 84 24 68 75 55 91 95 100 21 58 39 97 22 73 68 27 72 91 1 67 22 66 10 51 17 4 82 87 49 33 27 85 71 57 88 96 94 22 46 64 57 92 49 4 89 59 64 92 79 29 3 80 36 85 22 62 14 37 75 8 73 73 98 13 70 82 47 76 93 64 19 5 87 58 94 37 53 16 7 13 51 30 24 14 41 21 11 23 47 30 61 49 41 44 34 67 13 65 95 43 80 44 2 60 46 94 55 57 62 50 76 75 61 3 ; 
L -10 -2 -7 8 -5 4 8 3 7 -3 4 4 1 -5 -2 -10 3 7 -3 10 -9 -3 4 2 -6 -7 -5 -4 -6 -10 -2 -5 5 6 -1 -3 5 -4 -4 7 8 10 -5 -1 7 1 3 -10 8 -2 6 -2 -5 7 -1 3 -6 -8 -6 -7 -4 -7 2 -6 5 8 10 1 7 -1 7 5 4 3 -2 10 2 -8 1 6 6 5 -10 -9 12 -5 3 5 6 -7 -2 6 8 1 7 -8 10 -6 6 6 -6 2 11 8 -3 -15 -6 -1 -10 6 -2 -7 -4 3 8 -3 -5 2 -10 -5 -3 7 9 -1 9 5 10 2 -3 3 7 4 1 -1 -8 9 8 3 -1 -8 2 3 -6 -3 5 5 10 10 4 7 -6 -14 -1 8 10 -4 -5 -5 6 -7 -3 8 7 10 10 -10 -2 -3 8 2 1 6 -10 10 5 2 -7 5 3 9 -5 8 13 -10 5 5 2 -8 1 4 7 10 -3 -2 3 3 3 8 -2 -5 ; 
0:40 0:152 0:36 0:60 0:118 0:56 0:60 0:74 0:90 0:170 0:198 0:196 0:194 0:140 0:52 0:60 0:114 0:152 0:64 0:190 0:122 0:22 0:32 0:68 0:40 0:122 0:168 0:320 0:68 0:86 0:58 0:120 0:148 0:68 0:54 0:56 0:100 0:66 0:88 0:24 0:8 0:112 0:6 0:30 0:82 0:178 0:100 0:278 0:46 0:134 0:68 0:38 0:158 0:208 0:188 0:116 0:18 0:80 0:186 0:144 0:112 0:40 0:84 0:164 0:34 0:102 0:98 0:146 0:80 0:108 0:34 0:82 0:174 0:236 0:224 0:20 0:96 0:188 0:22 0:62 0:46 0:52 0:164 0:134 0:268 0:44 0:140 0:40 0:36 0:52 0:76 0:36 0:206 0:64 0:38 0:94 0:182 0:120 0:134 0:32 0:158 0:26 0:202 0:72 0:80 0:172 0:54 0:118 0:166 0:164 0:4 0:88 0:102 0:128 0:84 0:82 0:232 0:120 0:26 0:72 0:30 0:216 0:46 0:14 0:32 0:138 0:90 0:92 0:116 0:240 0:154 0:78 0:140 0:20 0:210 0:54 0:106 0:40 0:10 0:166 0:16 0:46 0:156 0:118 0:122 0:152 0:44 0:162 0:20 0:168 0:158 0:160 0:390 0:124 0:68 0:8 0:152 0:38 0:182 0:40 0:132 0:234 0:108 0:184 0:24 0:184 0:106 0:64 0:90 0:244 0:246 0:46 0:118 0:168 0:148 0:76 0:52 0:196 0:110 0:212 0:104 0:158 0:78 0:14 0:74 0:92 0:22 0:82 0:102 0:196 0:404 0:348 0:86 0:136 0:26 0:206 0:84 0:54 0:42 0:122 0:6 ; 
L -3 -10 2 -10 2 -6 9 -9 -9 -2 -5 -10 -7 -2 4 9 4 9 6 8 -1 10 -5 -1 -3 3 1 5 2 -8 -6 4 10 5 -6 7 -6 -5 9 -1 8 8 5 -5 10 1 -2 1 -2 8 -4 -4 9 3 10 10 7 -4 -1 -7 7 4 -4 3 -1 -6 -7 -4 7 -7 3 3 7 1 6 -4 4 4 -6 8 -8 1 -7 -1 -10 9 -1 -9 5 -7 1 6 6 -2 6 2 -10 2 -10 6 -6 -2 -8 -4 7 -2 -5 4 2 9 -3 -7 4 -10 -5 4 -6 7 9 7 -6 -4 8 -1 8 3 -10 3 -10 5 -1 9 10 -6 5 -10 -1 -1 -4 6 10 -5 -5 6 3 10 9 -6 5 -6 -5 -8 4 2 -3 7 8 -5 9 6 3 -8 -5 -3 1 -6 8 -5 -1 -10 3 8 -2 4 -9 -9 5 -5 2 -3 -4 -5 2 9 -6 -8 10 -2 -3 -10 -6 9 9 -6 5 8 5 10 -2 -5 ; 
65 54 91 73 36 71 17 25 22 78 67 24 3 42 91 49 94 22 45 41 41 82 58 58 8 86 24 45 69 45 18 3 90 5 73 21 78 76 76 82 63 35 79 31 6 60 85 13 1 29 82 61 92 33 86 3 22 92 55 68 7 22 4 47 17 67 66 46 95 31 51 47 39 1 22 94 48 52 60 36 54 41 26 58 76 37 5 5 78 92 11 54 24 45 40 56 15 36 14 38 72 52 50 59 64 74 2 81 44 49 23 84 27 39 74 38 86 4 16 40 80 40 84 96 41 17 6 31 38 49 19 22 79 56 10 2 6 89 50 49 34 39 65 34 78 88 60 10 21 94 76 67 37 65 16 95 15 94 34 95 81 15 54 19 39 72 30 99 26 89 87 11 20 33 9 97 12 40 4 58 11 64 3 51 86 1 75 62 91 98 65 78 20 94 73 10 75 97 7 58 14 ; 
L -3 -6 1 -7 7 6 -2 -3 6 1 -7 -6 6 5 1 -6 4 8 -1 8 -10 -10 -5 9 7 10 -1 -13 9 5 5 -6 -5 -10 7 10 2 -4 4 5 -3 -6 9 1 -10 4 -7 2 -2 -7 -9 -10 -6 1 -2 8 -10 2 2 -9 10 1 3 5 5 -8 4 -6 -1 1 4 -4 -5 -7 4 3 10 -5 -5 4 3 -2 9 -8 10 -9 10 -10 -5 -3 -2 10 9 5 -8 4 9 -6 -2 6 4 -5 2 -6 7 -3 -1 -3 -5 2 -4 -7 -8 8 6 -9 8 -8 -10 4 5 10 -5 15 -5 -9 -8 8 -9 2 -1 -5 4 6 -4 -2 -12 9 14 1 -3 -6 2 3 -6 -3 -4 -5 11 -9 5 -8 3 -6 9 1 6 8 6 5 3 9 7 -10 -1 -6 10 7 4 8 -9 -4 2 7 -1 -6 -6 9 -10 4 7 9 -7 10 5 1 -3 1 3 -7 -10 -10 6 -1 -4 -8 -8 -5 -2 -5 ; 
0:130 0:148 0:222 0:70 0:14 0:4 0:130 0:42 0:116 0:100 0:164 0:160 0:4 0:10 0:132 0:6 0:140 0:72 0:192 0:180 0:110 0:60 0:148 0:84 0:166 0:8 0:236 0:82 0:48 0:144 0:66 0:84 0:38 0:20 0:198 0:270 0:98 0:58 0:22 0:106 0:88 0:80 0:154 0:54 0:62 0:124 0:76 0:58 0:28 0:140 0:126 0:100 0:108 0:86 0:2 0:58 0:32 0:182 0:56 0:104 0:136 0:34 0:102 0:64 0:92 0:114 0:74 0:42 0:130 0:22 0:202 0:4 0:176 0:138 0:54 0:104 0:8 0:78 0:360 0:50 0:36 0:60 0:52 0:106 0:34 0:226 0:16 0:102 0:58 0:44 0:142 0:84 0:40 0:116 0:122 0:168 0:224 0:46 0:84 0:92 0:60 0:10 0:14 0:140 0:10 0:12 0:58 0:46 0:160 0:86 0:30 0:290 0:96 0:76 0:72 0:172 0:34 0:18 0:114 0:122 0:204 0:204 0:36 0:142 0:136 0:92 0:84 0:4 0:186 0:66 0:108 0:74 0:88 0:122 0:188 0:234 0:162 0:180 0:96 0:70 0:134 0:100 0:64 0:160 0:176 0:62 0:154 0:22 0:18 0:70 0:66 0:178 0:310 0:334 0:34 0:44 0:174 0:36 0:42 0:62 0:112 0:52 0:60 0:156 0:12 0:16 0:42 0:44 0:104 0:48 0:120 0:46 0:12 0:108 0:104 0:46 0:76 0:48 0:114 0:68 0:180 0:10 0:34 0:84 0:150 0:108 0:136 0:178 0:128 0:18 0:16 0:4 0:280 0:62 0:24 0:142 0:300 0:134 0:78 0:116 0:28 ; 
L 1 -5 -9 -2 9 -3 9 8 7 -1 2 -2 -7 -6 8 10 5 7 7 -7 10 -2 3 -4 7 -9 -5 5 4 4 -9 4 8 -2 7 -8 7 -10 2 9 3 -4 2 -1 -2 -9 -4 -2 -9 -8 7 -6 6 -3 9 1 3 7 -9 -5 3 -10 -7 -5 -1 -9 10 -5 3 -4 -1 -10 -2 -4 -3 5 1 3 3 -4 -7 -3 1 1 2 8 -9 2 -2 -8 2 -1 3 -9 8 -1 -1 -7 10 -5 10 -5 -9 4 5 -8 9 7 5 9 7 3 -8 -7 -4 7 4 -4 -3 -4 2 -2 1 8 -6 7 1 -7 1 7 -5 -5 -5 -9 -5 -10 -6 -3 4 -10 -10 10 -4 -9 -9 1 3 6 4 3 -1 2 7 3 -7 8 -4 7 4 -9 -5 -1 -5 -6 4 8 9 10 9 9 -7 8 -8 -2 -5 -10 4 -9 -10 8 -7 10 5 -1 10 -3 6 -10 7 -8 9 10 -10 -10 1 5 -3 3 -7 -4 ; 
80 75 48 33 23 77 92 72 58 64 77 8 29 85 66 82 81 86 96 28 4 61 57 17 74 51 4 12 56 97 18 7 10 72 53 35 36 75 88 29 42 13 44 88 73 13 70 38 93 19 23 17 50 66 48 45 50 10 41 32 17 9 39 50 63 31 59 66 77 14 71 16 32 13 28 89 64 15 38 95 100 76 8 16 28 80 44 34 27 34 86 71 75 17 66 11 28 42 62 64 26 13 31 88 82 50 29 83 31 18 91 31 94 77 67 7 51 30 11 87 33 86 20 65 92 3 19 40 31 48 33 87 28 75 48 5 89 59 11 5 57 49 68 63 69 56 56 51 66 52 44 98 3 28 6 21 20 59 56 18 60 53 66 89 44 49 22 7 54 79 46 64 56 52 36 62 46 4 92 56 8 89 41 44 55 1 36 91 98 55 67 49 63 99 19 49 63 26 55 15 92 ; 
L 10 -7 -6 -9 5 5 -10 7 -6 -9 7 -13 7 -1 -4 -5 -4 4 9 9 -5 10 -10 -2 -9 -10 9 -7 3 -5 -8 7 1 -8 4 -4 10 9 -4 -4 10 -6 -8 2 -1 2 2 3 1 5 7 -7 -1 10 -4 7 7 8 -3 10 -4 -2 -2 5 -7 -5 4 -1 1 -6 3 -7 10 -8 -10 -2 2 -4 -7 -3 9 -7 -3 -10 10 -5 -1 9 -1 10 -5 -14 7 -8 7 -9 -7 -8 3 5 -9 -7 5 -3 2 3 1 1 4 5 7 4 -5 3 15 5 -12 -2 -9 7 -1 4 -3 3 -2 -9 1 -9 -6 3 -9 1 2 -4 3 -10 -10 8 -9 1 -5 -11 -8 -4 2 7 -5 -8 8 2 -3 -4 5 -1 8 10 -3 1 1 -8 3 -8 9 3 -6 6 4 -9 -7 -3 9 -9 -9 -1 -9 10 1 2 -9 -4 -6 -4 2 -8 7 5 7 -2 -10 10 -8 8 7 -7 2 -5 3 -5 -7 -4 ; 
0:48 0:28 0:202 0:82 0:80 0:156 0:126 0:124 0:44 0:268 0:120 0:26 0:94 0:66 0:30 0:80 0:66 0:140 0:134 0:138 0:258 0:140 0:126 0:46 0:18 0:16 0:58 0:130 0:116 0:48 0:30 0:56 0:74 0:68 0:52 0:60 0:18 0:184 0:8 0:122 0:134 0:182 0:110 0:112 0:32 0:344 0:124 0:36 0:14 0:82 0:40 0:56 0:26 0:16 0:82 0:58 0:102 0:34 0:188 0:50 0:82 0:122 0:52 0:146 0:102 0:172 0:182 0:20 0:74 0:50 0:86 0:136 0:178 0:46 0:152 0:110 0:58 0:38 0:14 0:232 0:32 0:44 0:94 0:168 0:44 0:92 0:82 0:128 0:84 0:38 0:338 0:52 0:120 0:70 0:78 0:20 0:52 0:100 0:50 0:66 0:28 0:70 0:114 0:154 0:98 0:78 0:124 0:176 0:92 0:28 0:14 0:114 0:82 0:178 0:140 0:100 0:92 0:14 0:140 0:134 0:214 0:20 0:160 0:68 0:8 0:134 0:246 0:62 0:142 0:108 0:34 0:150 0:160 0:84 0:84 0:254 0:62 0:108 0:84 0:52 0:186 0:156 0:102 0:30 0:214 0:192 0:66 0:104 0:114 0:92 0:114 0:174 0:210 0:114 0:74 0:124 0:114 0:148 0:32 0:40 0:38 0:152 0:98 0:54 0:132 0:100 0:118 0:76 0:142 0:50 0:184 0:24 0:158 0:158 0:62 0:118 0:90 0:152 0:212 0:76 0:46 0:88 0:54 0:32 0:136 0:92 0:114 0:94 0:96 0:50 0:38 0:24 0:18 0:64 0:12 0:204 0:138 0:22 0:96 0:30 0:184 ; 
L -2 -6 -3 -2 -6 -10 -4 -6 -6 -10 -10 6 -5 9 -3 5 -6 9 4 -9 7 -5 -9 -4 10 9 -2 -5 6 -2 3 -5 -8 5 -8 9 -6 5 -3 2 -2 3 -10 4 -9 4 3 -10 -2 6 5 -1 9 10 -1 -3 9 4 10 -4 -1 -4 -1 -5 -8 -4 10 4 -7 9 2 8 -8 5 3 8 -4 6 3 10 -3 2 9 -6 -7 -8 3 -1 5 -2 -7 -3 3 -4 2 -10 1 -7 -4 -2 -6 -10 10 -2 10 8 -9 -6 5 -5 8 -6 -9 -8 5 -9 5 -6 3 -3 -9 -8 -10 -1 -3 8 4 4 9 -2 5 -9 9 -7 6 10 5 3 9 8 6 -1 -10 4 -2 3 1 -7 -10 -1 8 -7 3 5 -8 -6 3 -2 9 -1 6 -10 9 2 3 8 3 -10 3 -4 -5 -6 2 -3 8 6 1 10 -7 -8 3 -7 9 -5 -1 -5 -9 -3 -9 -2 7 8 9 9 -5 1 8 -7 -10 1 ; 
82 2 29 91 46 61 93 9 27 75 78 58 9 86 100 16 50 41 10 73 96 87 80 64 85 65 25 65 3 93 85 90 9 90 4 8 58 1 70 1 17 50 54 58 60 82 24 84 56 75 78 31 91 54 37 99 28 10 8 56 78 85 76 68 78 73 14 5 9 24 6 52 31 57 55 64 11 98 53 68 33 43 57 2 63 14 69 97 14 61 34 85 42 46 53 100 65 74 89 77 7 44 56 43 22 45 62 45 32 41 18 74 6 80 50 7 45 96 68 50 57 79 18 27 56 57 96 85 2 95 50 26 59 1 21 58 68 56 69 84 44 3 46 25 25 32 32 72 9 14 97 59 53 18 50 79 47 12 8 70 82 97 7 95 84 24 8 79 1 91 14 78 39 89 19 97 6 75 77 88 67 74 87 16 63 92 32 99 38 65 73 62 95 97 2 42 67 92 63 26 65 ; 
L -2 10 -3 9 -3 8 9 1 -5 10 2 -10 5 -3 5 9 1 -8 -3 -8 1 -6 2 9 9 3 8 -9 -10 -9 -4 -6 5 14 1 3 3 5 -7 -4 3 -9 -7 -8 9 -10 -2 -9 -3 -8 -4 -3 10 4 -2 -5 9 -6 -1 -2 -5 -4 -5 5 -6 -1 -3 -10 -8 -13 -2 -8 -10 -9 10 -7 -4 -3 9 -8 -7 9 -10 -10 9 6 5 4 8 -3 2 -2 -3 10 -6 6 -5 -12 -1 -3 7 9 9 10 -2 -9 7 2 4 -6 10 -3 -2 8 -8 -5 5 2 -6 2 -1 3 3 10 6 7 -5 5 5 4 7 5 -1 2 3 1 4 -4 -8 -6 8 9 4 6 9 2 11 6 -10 -10 8 -1 -5 -10 5 9 -3 -4 -4 3 3 9 -5 -3 9 -2 7 -8 -1 -10 -6 8 -9 3 -3 6 4 7 7 8 -6 -2 -1 2 10 -6 10 1 -3 -5 4 6 9 -6 6 6 8 15 -10 1 ; 
0:164 0:10 0:100 0:166 0:42 0:66 0:208 0:232 0:174 0:66 0:188 0:86 0:182 0:226 0:36 0:118 0:64 0:190 0:128 0:170 0:206 0:122 0:92 0:112 0:36 0:16 0:42 0:52 0:146 0:96 0:120 0:118 0:2 0:106 0:58 0:164 0:274 0:68 0:72 0:178 0:172 0:290 0:168 0:42 0:16 0:96 0:162 0:336 0:126 0:130 0:100 0:98 0:120 0:10 0:60 0:98 0:78 0:256 0:144 0:80 0:64 0:34 0:116 0:20 0:84 0:8 0:84 0:146 0:180 0:18 0:174 0:64 0:100 0:14 0:134 0:114 0:90 0:6 0:134 0:60 0:22 0:136 0:66 0:18 0:102 0:26 0:156 0:90 0:108 0:118 0:86 0:76 0:82 0:128 0:200 0:76 0:156 0:60 0:38 0:120 0:16 0:98 0:54 0:256 0:72 0:12 0:48 0:12 0:220 0:6 0:60 0:60 0:104 0:182 0:64 0:6 0:130 0:94 0:72 0:72 0:62 0:12 0:116 0:66 0:150 0:24 0:174 0:148 0:142 0:30 0:102 0:110 0:56 0:140 0:124 0:8 0:146 0:116 0:2 0:56 0:338 0:96 0:52 0:190 0:90 0:52 0:10 0:64 0:62 0:152 0:140 0:152 0:70 0:16 0:108 0:36 0:114 0:94 0:96 0:28 0:102 0:198 0:114 0:84 0:80 0:190 0:96 0:112 0:56 0:212 0:36 0:130 0:172 0:186 0:106 0:130 0:32 0:122 0:50 0:124 0:56 0:196 0:104 0:174 0:86 0:110 0:36 0:146 0:224 0:10 0:74 0:18 0:82 0:26 0:74 0:170 0:46 0:204 0:190 0:52 0:130 ; 
L -7 1 1 -9 -10 -6 -6 1 -2 -8 -7 -1 1 -6 -6 6 6 10 9 -3 -8 7 9 1 1 9 5 4 7 -5 1 2 -4 -8 5 -6 -10 -8 -4 4 1 -10 -5 4 9 7 -10 5 -10 -1 -4 4 6 -5 6 -6 -2 -9 -9 -7 2 5 -10 7 10 -7 -9 -10 8 6 5 -6 -1 7 8 9 2 -2 -4 1 -3 9 -4 -7 -1 10 6 1 9 5 -2 -4 4 -3 1 -1 -6 6 1 -1 3 3 -1 -7 7 3 -5 5 -2 4 -9 -5 -8 3 -3 -4 10 10 9 2 -1 3 10 -3 2 2 8 -3 2 2 2 -5 2 5 -10 1 5 -2 -10 -3 -4 2 3 -4 8 7 9 -3 -9 6 -2 -7 -1 -2 -8 -5 7 -1 1 -3 7 -4 8 3 -5 9 -2 8 10 2 -2 5 -3 1 3 -3 9 4 4 -4 5 -5 4 -9 10 -9 -2 -2 7 8 4 -5 7 -4 8 10 -2 10 5 -2 ; 
10 47 67 1 92 94 90 60 23 48 13 73 50 51 46 29 29 4 69 14 82 2 44 76 29 40 59 74 57 56 55 76 58 89 40 63 47 44 6 40 48 41 66 39 36 88 25 49 26 61 30 90 56 29 59 100 94 11 31 57 54 14 49 98 15 90 91 65 98 71 100 53 16 30 28 59 81 85 91 73 36 28 25 58 33 34 94 100 51 32 43 72 50 52 81 54 26 60 61 86 81 54 20 83 84 29 73 80 70 12 60 45 34 48 70 7 62 7 27 86 65 70 89 81 80 92 47 21 5 72 23 5 8 61 72 50 39 68 75 5 52 99 98 34 97 23 76 7 59 54 93 29 68 55 20 33 18 44 87 66 37 94 81 67 19 62 63 68 95 15 20 34 15 30 35 89 97 73 75 55 89 86 72 25 40 6 50 72 67 36 49 35 59 60 7 60 100 23 55 2 36 ; 
L -3 -9 10 -2 -7 6 -6 -2 -9 12 -5 -10 2 5 1 -3 1 -6 -8 -1 -3 4 2 -6 14 4 -6 -4 8 -1 1 4 -5 -10 -7 1 9 8 -5 1 -7 2 -15 -1 4 4 -9 -2 -8 -2 -1 9 2 5 -8 7 5 -2 6 -2 6 11 3 4 -4 9 -9 -9 -1 3 -2 -6 6 8 10 -8 7 8 -4 5 -10 -3 4 6 8 5 -10 -7 7 7 -10 -6 -6 10 -8 5 -5 -1 3 1 1 -1 7 -9 9 3 10 -6 -1 4 -2 -9 -3 -4 -9 7 -5 -13 7 -4 4 -1 -10 -4 -2 -9 -10 2 5 -5 1 1 7 -10 4 2 -4 10 1 4 5 6 -2 -8 -3 2 -3 4 7 -8 7 2 10 -9 -9 3 -2 2 -1 10 -3 -4 2 1 4 5 5 9 7 6 2 -3 1 10 -2 -8 1 -1 -10 9 5 7 7 7 3 4 9 1 -8 3 5 -2 -5 2 -10 9 -6 3 5 -2 ; 
0:14 0:118 0:38 0:202 0:76 0:144 0:200 0:188 0:22 0:192 0:58 0:116 0:168 0:156 0:254 0:118 0:64 0:70 0:86 0:38 0:70 0:236 0:136 0:76 0:44 0:232 0:178 0:56 0:42 0:10 0:174 0:36 0:70 0:154 0:56 0:114 0:104 0:148 0:46 0:110 0:166 0:178 0:152 0:70 0:6 0:148 0:174 0:102 0:20 0:94 0:118 0:84 0:178 0:104 0:18 0:50 0:152 0:174 0:100 0:54 0:156 0:46 0:272 0:136 0:64 0:92 0:62 0:112 0:86 0:46 0:66 0:36 0:120 0:58 0:190 0:138 0:142 0:92 0:38 0:144 0:62 0:296 0:200 0:100 0:106 0:28 0:80 0:122 0:240 0:58 0:12 0:64 0:166 0:60 0:26 0:134 0:142 0:32 0:74 0:34 0:190 0:58 0:18 0:54 0:124 0:118 0:154 0:116 0:160 0:80 0:158 0:200 0:252 0:104 0:118 0:76 0:100 0:66 0:18 0:56 0:180 0:140 0:122 0:84 0:102 0:58 0:184 0:180 0:260 0:84 0:270 0:28 0:104 0:252 0:90 0:10 0:76 0:244 0:48 0:154 0:82 0:132 0:186 0:14 0:178 0:46 0:28 0:50 0:128 0:112 0:20 0:112 0:24 0:26 0:54 0:140 0:66 0:142 0:80 0:24 0:162 0:160 0:130 0:182 0:44 0:28 0:96 0:86 0:210 0:34 0:256 0:48 0:162 0:96 0:58 0:118 0:86 0:34 0:24 0:134 0:154 0:82 0:120 0:200 0:76 0:102 0:86 0:152 0:68 0:96 0:36 0:46 0:156 0:158 0:36 0:106 0:140 0:146 0:138 0:4 0:72 ; 
L -8 10 2 -2 -5 10 -3 10 -3 -7 -7 -6 1 1 2 -8 8 6 5 -10 9 8 3 -9 -10 2 -1 -5 -2 -8 9 -9 -3 -5 9 3 1 -7 4 1 3 6 2 5 -2 3 2 1 8 1 -10 -8 10 9 8 -8 7 6 -2 -5 -3 -5 -8 -4 7 -2 -4 9 -10 5 -7 5 -7 5 9 -9 -1 7 7 -2 -9 6 -5 -10 9 -5 6 8 7 -4 -2 2 7 9 -3 -3 7 6 -6 -6 -9 4 3 4 -1 -2 -3 8 1 5 -6 2 5 -4 -5 -7 -7 -2 10 5 6 -7 -4 -7 1 6 4 -6 -2 2 -7 9 2 3 -1 5 2 9 9 2 8 -7 3 -3 7 -9 -10 -4 -4 -2 8 -3 2 -3 2 -10 5 -2 -5 -10 -5 -7 -8 7 -2 -10 -3 -1 5 -3 10 -10 7 6 3 5 -5 -3 -9 -3 -8 -2 3 4 -7 8 -1 8 6 9 -6 -9 -5 2 -1 -2 1 -7 4 -6 ; 
68 5 45 23 94 23 2 65 15 43 71 2 40 60 4 24 82 10 76 51 38 1 52 72 11 15 69 78 40 14 57 14 35 67 2 78 93 69 21 61 7 98 97 16 19 60 37 30 14 49 47 99 34 73 96 7 7 35 35 90 84 12 28 44 20 45 7 98 62 41 93 6 5 45 35 2 24 27 94 54 95 97 8 42 21 95 47 93 34 61 23 96 24 59 44 73 63 16 24 31 7 50 61 27 15 93 37 72 37 30 33 57 37 56 89 67 78 11 64 84 67 40 67 41 81 65 55 63 23 81 19 58 38 56 53 25 4 99 53 35 90 49 88 44 42 29 26 57 3 66 50 30 98 53 75 64 20 65 61 36 4 37 9 79 66 57 57 73 50 58 83 70 29 38 85 95 29 89 83 33 47 56 100 47 17 10 4 97 1 49 31 56 29 52 77 56 39 75 25 63 23 ; 
L -2 -4 2 4 -15 -4 -3 -3 10 -2 -6 -5 -2 9 10 9 -5 1 2 9 5 1 -2 -3 2 -9 -8 -2 2 2 7 9 -12 3 5 3 -8 3 2 -6 7 2 7 5 -14 2 -6 -2 8 -9 -6 -8 1 11 4 10 4 10 10 8 5 3 -6 6 5 -5 -9 -4 2 -1 -7 3 1 -4 -9 -2 5 2 1 -7 -3 8 5 -1 -9 3 5 2 10 -10 1 -7 2 10 2 10 -8 -7 10 -5 -9 -2 7 8 10 5 3 -7 -2 5 4 -8 -1 -3 -6 -9 6 -5 10 -9 1 -6 -2 -2 7 8 -2 -6 7 9 -5 7 2 6 13 -7 -4 3 1 7 -8 -7 -6 9 8 -9 8 -1 -2 -3 -3 7 5 9 3 -3 3 -3 -7 -3 5 -3 1 10 -8 5 -7 -7 8 1 5 -9 -1 9 5 10 1 3 2 5 8 2 8 -9 8 -10 6 7 6 5 -7 -10 6 7 -6 -7 5 4 4 -6 ; 
0:120 0:192 0:96 0:132 0:92 0:56 0:258 0:4 0:30 0:94 0:162 0:78 0:24 0:34 0:18 0:2 0:6 0:82 0:132 0:34 0:10 0:18 0:172 0:102 0:18 0:142 0:78 0:190 0:34 0:112 0:48 0:118 0:52 0:88 0:60 0:184 0:122 0:144 0:70 0:94 0:76 0:118 0:64 0:72 0:164 0:148 0:70 0:62 0:22 0:112 0:182 0:182 0:114 0:278 0:160 0:10 0:130 0:178 0:90 0:104 0:56 0:24 0:130 0:16 0:104 0:36 0:24 0:74 0:68 0:82 0:190 0:34 0:146 0:48 0:30 0:150 0:20 0:116 0:228 0:42 0:22 0:100 0:212 0:60 0:100 0:108 0:40 0:240 0:60 0:240 0:44 0:10 0:120 0:102 0:118 0:68 0:98 0:226 0:80 0:102 0:82 0:28 0:132 0:82 0:18 0:76 0:208 0:60 0:10 0:70 0:276 0:144 0:94 0:62 0:70 0:150 0:62 0:100 0:244 0:26 0:28 0:84 0:254 0:94 0:80 0:116 0:58 0:26 0:120 0:80 0:48 0:164 0:40 0:16 0:152 0:166 0:92 0:106 0:110 0:164 0:98 0:84 0:18 0:70 0:22 0:112 0:48 0:8 0:100 0:166 0:184 0:88 0:50 0:50 0:102 0:36 0:206 0:56 0:152 0:144 0:94 0:134 0:98 0:22 0:102 0:54 0:144 0:60 0:14 0:144 0:112 0:110 0:108 0:18 0:90 0:80 0:146 0:26 0:238 0:32 0:20 0:192 0:116 0:60 0:212 0:12 0:20 0:112 0:270 0:106 0:10 0:26 0:10 0:82 0:174 0:104 0:36 0:192 0:98 0:126 0:46 ; 
L -4 -5 3 8 4 -2 -3 -5 -9 7 7 7 3 8 -7 -2 8 7 5 3 -10 -3 2 -9 3 4 -2 -3 8 -1 4 4 4 -6 -1 -5 -6 -2 2 1 -6 -3 6 -1 -6 6 -4 -5 -9 -8 -2 10 6 -2 -7 4 2 2 -2 -2 -4 7 -6 -1 -7 4 -7 10 -9 9 8 6 9 8 -10 10 -10 2 3 8 -6 -5 -7 -4 8 -1 1 4 5 3 -3 -7 3 -1 -8 -10 6 -5 -2 -10 -6 -9 2 4 9 2 -3 10 10 -3 -2 5 -1 7 8 -7 5 -4 -4 4 -6 -8 -10 -10 4 -4 7 -3 2 -8 5 -2 9 -8 6 2 7 -7 2 -6 2 -8 -4 -7 7 -8 -4 -1 10 10 4 6 3 -6 -7 4 1 5 -7 -10 4 -1 -4 -1 2 8 -8 -4 -8 -6 2 -1 -9 -3 4 -6 10 -7 10 6 -7 1 -8 5 -9 -1 1 -6 1 -4 -4 -4 -1 -4 1 -8 -2 2 -8 -9 ; 
13 70 69 1 43 86 72 63 13 70 29 6 32 85 77 30 65 37 85 10 42 5 67 41 85 92 74 81 29 90 71 36 38 87 52 42 11 28 96 22 31 69 28 43 53 74 41 24 23 24 81 12 47 94 35 56 16 12 81 99 33 95 4 86 36 69 19 56 84 82 35 26 92 91 87 93 43 7 20 95 38 44 99 95 58 26 33 58 23 38 32 80 48 15 25 98 41 93 42 44 70 13 71 8 44 59 25 30 9 15 29 82 86 15 80 69 24 73 10 82 95 33 86 1 45 92 96 16 17 1 77 69 26 89 60 93 73 64 29 5 37 44 66 74 58 52 79 43 100 87 85 12 18 20 53 75 16 60 78 93 41 60 55 33 7 79 2 28 97 11 20 62 69 23 73 91 14 81 19 99 34 72 37 44 60 47 28 27 3 93 15 90 81 81 67 62 28 99 10 43 40 ; 
L -6 2 -3 -1 2 -3 8 -6 -5 8 3 4 1 -4 -3 -10 -1 -7 7 -4 -5 -10 6 3 10 1 1 3 -3 8 9 5 6 6 1 4 2 -8 6 -1 -2 6 1 -2 -7 -1 7 -14 -10 7 -10 -10 4 2 -4 1 -4 7 -6 -1 1 -1 -3 -8 -7 4 4 -13 -7 -3 4 -2 2 -9 10 -4 -2 8 -2 -10 -6 8 9 -6 7 -2 3 8 -7 5 -8 6 -6 6 10 -4 -6 -7 8 2 5 -8 8 7 -4 3 -7 -7 -4 9 -5 2 -10 -1 -1 -2 -7 -2 -9 5 -2 -8 -7 -7 -11 5 4 6 -4 2 -2 8 -10 7 6 4 -10 -4 -4 -8 10 7 4 -7 3 5 -9 3 12 -9 2 -2 8 -7 -5 2 6 4 1 -4 -8 4 4 -4 -4 3 -6 1 -8 8 -10 2 9 -9 10 -6 6 -7 4 5 -6 10 -3 2 -3 -5 -8 -15 -9 2 -5 -4 -8 1 -2 4 -10 1 -8 -9 ; 
0:144 0:40 0:44 0:108 0:56 0:46 0:98 0:46 0:162 0:88 0:66 0:142 0:302 0:146 0:88 0:164 0:36 0:72 0:68 0:38 0:132 0:186 0:242 0:76 0:52 0:54 0:40 0:162 0:162 0:246 0:48 0:238 0:88 0:150 0:96 0:30 0:150 0:72 0:128 0:54 0:40 0:110 0:174 0:114 0:158 0:46 0:14 0:142 0:12 0:94 0:130 0:50 0:36 0:226 0:188 0:182 0:186 0:108 0:66 0:118 0:68 0:20 0:124 0:56 0:102 0:134 0:106 0:40 0:34 0:136 0:148 0:74 0:116 0:30 0:184 0:82 0:208 0:60 0:122 0:92 0:124 0:108 0:98 0:8 0:68 0:80 0:50 0:208 0:28 0:154 0:220 0:82 0:2 0:110 0:174 0:32 0:274 0:156 0:194 0:124 0:12 0:184 0:182 0:98 0:12 0:38 0:42 0:154 0:138 0:200 0:22 0:72 0:184 0:58 0:40 0:44 0:60 0:70 0:184 0:100 0:28 0:66 0:230 0:154 0:126 0:86 0:120 0:18 0:136 0:24 0:162 0:78 0:174 0:122 0:166 0:116 0:20 0:92 0:150 0:86 0:124 0:202 0:262 0:184 0:124 0:34 0:76 0:52 0:80 0:50 0:62 0:48 0:108 0:104 0:16 0:4 0:44 0:100 0:110 0:120 0:6 0:172 0:10 0:96 0:72 0:134 0:18 0:120 0:124 0:64 0:86 0:60 0:70 0:202 0:68 0:186 0:200 0:36 0:12 0:68 0:54 0:88 0:84 0:30 0:86 0:126 0:184 0:210 0:98 0:84 0:282 0:6 0:40 0:34 0:74 0:194 0:216 0:74 0:140 0:86 0:80 ; 
L 6 -8 10 -9 -1 -4 -2 3 10 4 -7 4 -9 -3 5 -5 -7 1 1 -1 -5 9 4 4 5 -5 6 -10 10 -9 -10 9 -5 7 -9 5 -10 9 -10 -6 -3 7 -3 1 3 1 -7 3 -5 8 -10 7 4 6 -7 3 1 -4 -9 -9 -10 -2 2 -1 10 7 10 3 -6 -5 -9 -4 10 -7 3 9 -8 7 -4 -4 5 -4 -4 -9 3 4 8 8 2 10 -3 -10 8 6 3 -9 -8 2 6 8 10 5 -6 9 -4 3 -6 1 9 7 1 -8 -7 -3 -7 -1 -1 5 -6 -7 6 -1 -4 3 -4 -2 -3 -4 2 8 6 3 10 -10 9 8 -10 8 -6 -4 -7 5 9 3 -6 -6 -7 6 7 5 -6 -10 6 5 6 8 2 2 3 7 9 -4 9 4 5 -2 9 1 7 -9 -2 -2 -5 -3 9 -3 -6 4 -1 -3 5 -7 8 10 -8 8 2 10 -5 3 -8 6 -10 10 5 -10 6 3 4 -3 ; 
92 68 86 23 14 5 1 9 90 24 73 23 23 48 9 77 62 71 100 4 42 24 58 100 48 100 3 4 100 53 25 21 5 3 60 97 79 52 70 2 24 5 91 21 24 94 81 98 79 32 33 9 62 32 51 96 78 20 46 28 87 6 99 81 52 51 83 88 23 63 79 93 54 57 8 91 34 46 18 78 48 84 42 57 100 15 90 38 52 69 12 13 98 38 5 50 90 66 17 82 70 95 20 72 10 55 73 29 81 46 3 86 67 19 57 77 35 3 19 29 28 42 24 99 13 30 43 53 64 2 71 54 88 14 10 18 41 73 94 33 73 36 99 83 37 42 39 20 95 18 68 81 88 51 29 90 8 99 79 72 19 26 99 34 6 77 17 9 97 71 58 98 86 75 4 9 15 35 1 52 96 63 81 91 36 53 57 88 77 33 25 49 38 58 28 76 71 85 57 82 76 ; 
L -3 -9 -1 -4 -9 8 8 6 -3 -9 4 -1 -9 -7 -7 9 -5 10 5 -7 -3 -4 2 -2 -8 1 10 9 -7 6 10 -9 5 10 8 9 -1 3 -1 11 -5 -13 5 -10 -4 3 4 7 5 -14 8 -6 -10 1 7 -5 4 -9 6 6 -4 8 -5 -10 -3 -6 -9 -10 3 -8 -7 -5 4 10 -5 3 5 -10 -6 4 -3 7 2 3 -7 -6 10 -1 4 6 -2 -8 -7 -4 10 -10 -9 -2 -4 15 -3 7 -10 -9 -3 -6 4 3 9 -2 -10 9 -1 10 1 -5 -10 9 -2 5 -5 2 8 -3 10 1 -2 -1 2 9 -5 -4 -7 -7 7 7 -4 -6 -3 -10 1 -3 4 7 -3 -8 9 -1 -5 9 -5 3 -6 1 6 -8 3 -5 -4 2 -6 6 -3 6 12 -8 -4 -3 8 3 6 -6 3 6 5 8 -8 1 4 -7 8 10 10 4 9 10 7 10 6 -10 -6 -7 -4 2 -8 -5 9 -7 3 4 ; 
0:144 0:48 0:28 0:10 0:22 0:112 0:112 0:76 0:248 0:74 0:204 0:152 0:80 0:130 0:170 0:168 0:24 0:46 0:34 0:68 0:82 0:22 0:138 0:46 0:114 0:88 0:64 0:174 0:64 0:56 0:170 0:136 0:84 0:356 0:200 0:180 0:118 0:190 0:78 0:10 0:84 0:150 0:186 0:0 0:92 0:50 0:6 0:96 0:134 0:236 0:18 0:200 0:54 0:26 0:118 0:54 0:28 0:52 0:68 0:112 0:68 0:46 0:82 0:122 0:176 0:70 0:26 0:58 0:356 0:52 0:68 0:66 0:92 0:120 0:90 0:274 0:16 0:212 0:68 0:66 0:26 0:44 0:106 0:182 0:160 0:32 0:106 0:18 0:140 0:258 0:248 0:172 0:134 0:38 0:24 0:40 0:40 0:8 0:16 0:240 0:22 0:58 0:220 0:92 0:70 0:34 0:26 0:106 0:46 0:62 0:14 0:18 0:176 0:104 0:82 0:148 0:22 0:118 0:84 0:32 0:10 0:90 0:88 0:148 0:186 0:132 0:8 0:58 0:30 0:88 0:140 0:134 0:146 0:68 0:30 0:80 0:50 0:226 0:110 0:46 0:22 0:6 0:102 0:58 0:56 0:22 0:50 0:72 0:84 0:48 0:178 0:42 0:146 0:58 0:190 0:188 0:124 0:256 0:128 0:88 0:110 0:10 0:44 0:50 0:120 0:150 0:138 0:30 0:40 0:122 0:84 0:132 0:120 0:104 0:128 0:70 0:68 0:218 0:98 0:140 0:162 0:274 0:302 0:48 0:300 0:138 0:146 0:166 0:80 0:406 0:12 0:96 0:212 0:86 0:188 0:26 0:136 0:66 0:206 0:114 0:188 ; 
L 6 -4 -8 6 8 1 -1 -1 -2 6 -10 3 -6 6 -10 1 -10 4 -1 -8 2 -4 -8 -9 -7 8 -10 7 3 1 -8 -1 -7 -4 4 -5 7 -7 -7 10 -7 -7 1 6 -10 -5 -7 -8 3 -6 10 8 8 9 5 1 -2 9 -9 5 -8 4 3 3 -10 8 10 -3 -9 8 1 3 -10 -2 3 9 7 -8 8 -8 1 7 -9 -5 6 -3 5 10 10 -6 10 1 -5 5 4 3 1 9 10 2 -10 -3 -8 8 4 6 -3 -6 5 -4 3 5 -5 -9 -1 5 -4 7 -6 -1 7 10 2 10 6 10 -2 4 -8 8 -4 -8 6 -9 8 -9 8 -1 -10 3 8 -2 -3 -2 -7 7 2 -2 7 -7 9 6 8 9 -5 2 3 -3 10 -5 -7 -9 5 -3 4 5 -2 -3 5 -1 -8 9 3 -10 -10 -8 -5 8 -5 3 -1 2 -9 -4 -8 -9 4 -5 -1 -7 -6 8 1 -5 -10 -4 4 -3 3 -2 ; 
34 86 34 53 27 33 40 89 82 1 6 48 57 90 27 5 5 74 6 82 13 95 72 88 93 8 37 41 33 59 71 4 85 65 86 22 38 91 49 10 39 24 73 53 62 100 3 60 85 50 76 55 35 15 72 13 5 45 6 80 28 43 87 26 56 50 51 82 48 7 67 56 14 4 35 49 17 53 12 16 4 37 21 33 48 84 9 70 1 53 25 42 95 6 9 61 8 90 68 10 24 3 60 10 17 30 55 96 78 77 6 59 74 78 61 80 16 34 70 4 19 63 30 2 77 90 33 14 47 65 63 98 88 42 74 3 78 56 94 32 94 87 21 22 43 34 67 46 53 54 89 34 30 77 11 55 71 86 63 35 50 54 28 24 33 46 18 20 58 43 81 1 53 58 53 69 37 37 99 91 63 90 94 28 78 92 85 98 5 37 82 7 33 11 19 63 32 56 35 99 25 ; 
L -8 9 7 9 -7 8 -8 5 1 -9 -6 8 1 -5 3 -5 -8 5 7 4 5 9 -6 10 -4 -5 -10 -3 -2 3 -1 6 14 -5 -6 5 10 8 -8 5 -5 2 -8 3 -3 5 9 -8 -4 -6 -2 8 -2 -7 3 10 3 3 5 1 -1 10 -7 10 4 -6 -5 -7 4 3 1 10 1 -10 1 -4 5 10 3 3 -4 10 8 9 -10 -6 8 -9 -4 -9 4 -4 10 -8 -9 6 1 -5 9 8 -2 1 -3 -7 5 -8 -2 -8 10 -5 -7 -5 6 -9 -1 4 -3 -1 5 7 -8 1 -8 10 -6 -1 3 10 1 -10 -10 3 -8 -9 -2 -7 -8 -4 7 -1 -4 8 -9 5 -6 5 -2 -6 -6 3 -7 -3 -6 13 9 -10 -11 -2 7 6 -4 7 9 2 3 -2 7 2 3 -8 2 -10 -6 7 -7 -4 -8 8 4 -12 -1 3 -9 -3 -10 -1 8 10 15 -10 -9 -8 8 1 -7 10 -4 -1 3 -2 ; 
0:44 0:80 0:116 0:128 0:138 0:332 0:162 0:160 0:52 0:166 0:6 0:202 0:186 0:36 0:116 0:78 0:64 0:22 0:14 0:58 0:46 0:122 0:26 0:112 0:36 0:34 0:56 0:70 0:142 0:128 0:94 0:58 0:56 0:250 0:208 0:96 0:26 0:78 0:80 0:170 0:40 0:88 0:54 0:18 0:80 0:32 0:6 0:184 0:52 0:22 0:18 0:54 0:114 0:134 0:212 0:96 0:92 0:52 0:6 0:12 0:96 0:8 0:40 0:10 0:88 0:38 0:74 0:6 0:48 0:56 0:10 0:84 0:126 0:104 0:126 0:48 0:36 0:126 0:20 0:48 0:6 0:248 0:18 0:64 0:50 0:70 0:276 0:56 0:78 0:36 0:138 0:136 0:36 0:142 0:184 0:160 0:96 0:172 0:118 0:84 0:174 0:346 0:46 0:66 0:46 0:178 0:138 0:160 0:64 0:126 0:18 0:76 0:30 0:50 0:38 0:306 0:44 0:178 0:78 0:36 0:56 0:114 0:48 0:190 0:124 0:106 0:70 0:132 0:196 0:34 0:96 0:58 0:132 0:122 0:100 0:24 0:90 0:64 0:214 0:84 0:66 0:52 0:142 0:220 0:92 0:110 0:36 0:32 0:174 0:192 0:74 0:36 0:190 0:128 0:136 0:226 0:124 0:56 0:226 0:190 0:28 0:188 0:186 0:240 0:44 0:98 0:86 0:176 0:100 0:198 0:80 0:88 0:54 0:144 0:108 0:58 0:144 0:20 0:120 0:148 0:12 0:56 0:74 0:76 0:124 0:4 0:38 0:106 0:66 0:68 0:88 0:52 0:20 0:168 0:24 0:154 0:178 0:120 0:42 0:198 0:50 ; 
L -1 10 1 4 8 6 8 -10 6 5 5 5 10 -8 9 -10 -10 -5 5 -8 -2 7 5 9 5 2 4 2 6 6 3 -5 8 4 -7 -6 5 -4 -7 7 4 -7 -10 2 3 -2 3 -5 -1 9 10 2 10 4 -5 -2 9 -5 8 -8 -4 -9 4 -2 3 -7 -3 -8 2 4 -6 -8 -9 3 -1 9 -1 1 4 8 -5 1 4 -10 1 -3 -1 -4 4 -10 5 7 2 6 1 4 -2 2 -9 -5 -2 -3 3 6 4 3 -5 -7 -8 -2 -3 -1 -5 1 3 8 -3 -9 -10 10 -8 -7 4 -9 9 -9 -2 4 -4 4 -5 -2 1 -4 -3 -7 -9 10 -5 -9 7 -7 -5 10 2 -3 -9 1 -4 -8 -10 -5 1 -10 4 7 10 -8 -9 7 1 6 -3 -3 4 3 -3 -2 -6 -2 -4 -10 -2 10 1 -9 10 -1 -4 5 5 7 -9 -9 3 9 -1 3 -8 -4 -6 -7 -9 8 -6 -5 -8 7 5 -7 ; 
31 44 25 97 73 77 63 13 80 94 22 18 95 60 78 32 1 93 16 86 64 37 23 43 83 87 53 56 17 57 26 24 36 54 4 6 7 63 63 70 7 80 30 41 94 96 85 35 87 5 17 46 65 33 8 65 60 60 38 34 92 67 10 86 54 51 30 14 7 51 41 16 11 84 34 89 6 46 89 62 30 60 61 93 45 70 48 100 36 56 34 80 61 26 34 92 60 8 98 98 77 24 18 67 27 97 17 64 77 49 91 47 73 82 95 12 15 81 38 96 33 30 79 71 100 28 1 8 68 79 21 72 57 92 69 35 31 51 56 7 11 38 26 59 90 77 9 89 87 51 35 31 82 20 34 22 44 60 61 19 49 32 74 93 55 22 75 38 55 22 81 30 37 56 62 71 16 53 11 70 70 89 51 53 68 38 8 10 73 14 29 92 21 11 11 52 84 30 36 62 81 ; 
L -1 10 2 -3 -9 7 -5 3 8 4 1 -7 8 4 9 1 2 -8 9 5 -7 -2 -8 -10 9 4 2 1 -3 2 -3 -10 -4 -4 5 7 2 7 9 -5 -3 -6 -8 3 -4 2 -9 -5 6 10 -4 6 1 1 -9 -3 -10 4 9 -5 3 10 -4 10 -2 -7 -8 -10 -9 -8 10 -6 8 9 -2 4 3 1 8 -8 7 4 -9 6 2 7 5 -6 1 -1 1 -1 4 9 -5 6 -6 -8 2 -2 3 -10 -4 -1 -4 -7 -8 -2 2 -5 -1 -3 -4 -4 10 -3 7 -7 -4 -2 -5 4 -3 3 5 10 -1 15 -3 7 3 -1 7 -1 -3 -7 8 -5 10 5 -9 -5 8 -4 9 -7 -8 10 -13 4 4 -2 -5 -4 14 5 6 8 9 -10 -3 -1 3 9 6 2 2 -5 8 -3 8 5 -4 -4 5 -9 9 -10 5 5 -6 -1 -10 11 -2 -2 3 -4 -6 -4 9 -12 5 5 -10 -7 10 -10 5 -7 ; 
0:62 0:88 0:10 0:66 0:30 0:92 0:166 0:60 0:4 0:68 0:32 0:48 0:54 0:108 0:18 0:76 0:54 0:166 0:42 0:110 0:116 0:82 0:64 0:56 0:32 0:104 0:100 0:26 0:254 0:170 0:174 0:16 0:84 0:66 0:104 0:80 0:124 0:102 0:58 0:180 0:26 0:130 0:90 0:68 0:222 0:100 0:52 0:122 0:14 0:72 0:36 0:42 0:106 0:94 0:208 0:198 0:172 0:16 0:312 0:204 0:120 0:32 0:28 0:70 0:34 0:122 0:24 0:34 0:34 0:30 0:48 0:180 0:100 0:172 0:196 0:38 0:14 0:240 0:84 0:100 0:116 0:126 0:48 0:124 0:110 0:98 0:128 0:198 0:90 0:64 0:74 0:32 0:52 0:78 0:140 0:178 0:108 0:170 0:86 0:74 0:38 0:4 0:82 0:20 0:144 0:144 0:154 0:98 0:144 0:138 0:174 0:84 0:100 0:184 0:24 0:152 0:122 0:76 0:66 0:40 0:186 0:52 0:100 0:142 0:168 0:246 0:310 0:90 0:192 0:248 0:70 0:102 0:36 0:84 0:52 0:116 0:174 0:8 0:138 0:160 0:30 0:56 0:114 0:24 0:102 0:80 0:62 0:256 0:204 0:252 0:528 0:172 0:40 0:132 0:102 0:60 0:182 0:156 0:40 0:48 0:70 0:96 0:30 0:74 0:90 0:240 0:76 0:118 0:82 0:30 0:20 0:12 0:312 0:72 0:158 0:118 0:84 0:16 0:84 0:150 0:84 0:64 0:44 0:122 0:30 0:154 0:142 0:10 0:54 0:92 0:140 0:46 0:64 0:58 0:92 0:146 0:52 0:114 0:44 0:124 0:162 ; 
L 10 2 2 -7 10 -10 2 -1 -8 -9 -5 7 -6 -6 7 9 -4 -1 -8 -2 -9 -9 -8 -5 -7 -9 -9 7 -2 -9 8 -1 5 -7 -3 5 -5 -10 -2 -6 7 8 -3 10 -4 -9 -4 2 -9 1 -1 -8 6 7 -7 -6 6 2 2 -3 6 -9 9 8 -10 -5 -3 -5 -1 8 -2 9 8 8 -5 -1 -2 1 -10 -1 6 4 -1 10 -3 5 9 -1 -10 6 3 6 5 3 10 3 9 9 -8 9 -6 -6 -7 -9 5 -9 8 -2 4 8 -1 -9 -7 -5 5 5 1 -9 -2 -1 -10 5 9 -1 8 5 -1 7 -8 -1 5 -5 5 8 3 9 7 1 8 -5 -10 -10 8 -6 -1 4 -3 6 2 5 -10 10 6 -10 2 -8 -8 -7 -10 8 -6 -3 2 4 -10 4 2 6 9 6 -5 -9 -3 -1 7 -9 -8 5 6 -5 -2 4 -6 -8 -2 6 -4 -10 -3 -10 8 -6 -1 5 7 -2 3 -3 -2 3 ; 
62 6 17 32 27 14 72 49 24 7 43 93 12 54 60 62 98 39 42 60 48 53 86 20 69 68 38 82 65 91 41 52 40 53 26 68 75 97 52 67 2 21 78 30 43 19 58 48 79 54 34 42 68 99 9 14 73 66 16 16 70 58 6 96 12 35 27 24 57 10 26 83 85 49 63 11 42 45 46 40 43 76 94 79 65 78 20 69 15 22 81 89 72 62 23 43 93 78 52 66 22 29 49 45 22 92 32 18 64 13 20 65 55 44 76 44 54 57 62 52 33 70 13 8 93 67 17 5 82 82 99 51 92 89 65 68 25 4 16 22 37 23 10 60 35 97 60 80 73 36 70 75 32 12 19 37 35 37 82 15 82 6 82 31 13 94 64 18 82 50 30 86 21 69 79 42 89 30 41 90 54 25 48 10 59 98 33 47 3 87 30 42 45 56 64 93 46 59 94 55 92 ; 
L 10 -5 6 6 2 9 -2 -8 9 -8 9 9 10 10 -2 14 -9 -5 -6 2 10 8 -9 5 -3 -10 15 5 5 -4 -1 3 -6 -7 6 7 5 8 -5 -1 10 -6 10 7 8 11 9 -5 4 -1 -5 -2 1 -1 10 9 5 7 -6 5 5 -7 2 10 8 1 10 5 2 -6 -9 9 -5 -3 8 -6 4 -3 -6 -6 1 4 9 -5 1 12 9 -2 3 -1 1 2 9 2 -7 -5 -3 -9 -8 9 -3 6 8 6 4 3 9 -6 -9 -5 -7 -3 1 -5 10 -5 8 -4 -7 6 10 8 2 8 -2 -1 2 -3 1 -2 1 -8 6 -3 9 -2 -2 6 -8 -7 -4 -6 8 -8 1 10 2 -7 8 -10 5 4 -8 8 -6 1 -7 1 -10 6 -3 -3 -7 -6 5 -9 -6 9 10 13 -1 -1 -1 -7 9 -9 -1 3 -4 -5 -5 -8 9 -8 -5 10 -10 4 -8 -7 -2 -7 9 7 -10 -8 -9 5 -2 3 ; 
0:124 0:8 0:22 0:312 0:8 0:148 0:120 0:54 0:64 0:80 0:28 0:56 0:96 0:54 0:248 0:64 0:114 0:70 0:60 0:196 0:150 0:130 0:38 0:98 0:148 0:174 0:74 0:232 0:218 0:80 0:118 0:18 0:112 0:310 0:50 0:28 0:112 0:16 0:126 0:92 0:202 0:212 0:54 0:164 0:20 0:6 0:92 0:36 0:98 0:260 0:64 0:52 0:128 0:32 0:98 0:124 0:120 0:74 0:38 0:28 0:226 0:122 0:66 0:16 0:46 0:208 0:100 0:194 0:40 0:252 0:70 0:78 0:208 0:158 0:24 0:104 0:66 0:112 0:46 0:20 0:184 0:70 0:116 0:34 0:22 0:252 0:128 0:142 0:20 0:56 0:46 0:64 0:148 0:48 0:104 0:132 0:54 0:248 0:2 0:152 0:230 0:26 0:122 0:54 0:6 0:122 0:200 0:66 0:244 0:40 0:210 0:142 0:178 0:170 0:176 0:24 0:166 0:110 0:110 0:4 0:52 0:78 0:164 0:98 0:86 0:152 0:176 0:92 0:16 0:138 0:90 0:78 0:86 0:90 0:82 0:34 0:42 0:102 0:100 0:142 0:204 0:72 0:110 0:134 0:92 0:30 0:24 0:46 0:116 0:26 0:142 0:42 0:74 0:288 0:90 0:86 0:100 0:16 0:42 0:138 0:40 0:90 0:46 0:198 0:136 0:56 0:88 0:22 0:48 0:50 0:34 0:180 0:166 0:202 0:248 0:52 0:170 0:30 0:100 0:140 0:20 0:94 0:170 0:24 0:218 0:34 0:112 0:156 0:4 0:102 0:30 0:8 0:10 0:90 0:146 0:126 0:26 0:94 0:46 0:110 0:184 ; 
L 1 8 -8 3 6 6 7 3 -10 -1 -8 -4 10 10 -9 -1 3 6 -6 -4 6 -10 8 4 2 -9 -8 -9 8 -2 -5 1 5 -3 -3 -9 8 -1 -5 -3 -6 5 9 8 -10 -8 5 -6 -10 4 1 -7 -10 -2 5 7 -10 -10 -1 7 2 9 -5 9 5 -10 -4 10 5 -1 -7 8 5 5 8 -1 -2 1 4 4 -1 -9 4 5 8 -9 -2 6 -7 -8 -2 8 -5 4 2 8 -3 4 -7 -3 1 4 -4 -2 -4 -5 10 -2 -4 8 -1 -6 -5 6 9 3 8 4 2 9 -7 -10 -2 4 -8 -5 1 1 -4 1 -4 4 -9 -9 4 5 2 -5 5 6 -3 6 -8 3 2 7 -6 4 -3 6 8 -3 -5 -4 -8 -6 8 -3 -9 3 -4 4 5 -7 -5 8 -9 1 2 5 -5 10 9 -9 -4 10 1 -6 -10 4 9 -9 -10 -8 3 -2 2 -9 -5 2 7 9 3 10 -7 9 -8 -6 9 10 ; 
18 44 26 63 39 4 98 46 40 100 10 41 98 17 77 81 1 19 34 27 59 2 38 66 85 99 67 38 45 95 60 11 22 31 37 49 95 24 93 62 48 3 29 24 8 90 77 18 3 45 39 75 15 67 60 99 58 45 94 67 91 68 49 20 91 15 81 18 50 40 46 84 81 68 86 49 52 37 51 34 61 7 72 25 57 99 32 90 96 92 24 44 100 54 8 77 13 24 10 23 24 75 43 66 30 66 74 83 65 90 61 6 26 43 16 49 68 47 73 27 39 6 96 21 25 5 27 48 87 27 88 66 32 10 66 40 89 93 10 12 51 97 48 61 2 70 9 37 86 58 59 60 37 97 89 1 58 31 44 13 37 19 100 27 40 62 24 92 29 36 34 1 26 82 51 92 84 92 52 46 32 33 62 47 86 41 88 37 28 49 36 11 82 34 22 24 67 89 44 93 72 ; 
L -4 -2 -8 8 8 -8 8 -3 2 3 -5 5 -4 4 8 3 -4 4 7 -8 -9 -1 -6 -2 -2 -6 9 -4 5 -1 9 1 4 -7 5 -7 3 6 -1 -8 1 -8 4 -2 -5 -7 -2 8 4 -8 6 -1 4 -8 -4 -4 1 -9 9 6 10 5 -3 4 2 9 4 -9 3 -10 7 1 -5 -9 -3 5 4 2 -10 -6 3 -6 10 10 -9 -1 3 8 6 4 -3 4 -9 6 -8 -4 -2 -1 3 4 5 4 -10 2 -4 9 -1 -10 -1 -3 10 -14 2 4 -10 3 9 -8 -8 -4 -10 8 -10 1 -9 -5 1 6 -6 9 5 -8 15 5 -6 -5 2 11 9 -7 5 -2 5 -7 7 -8 7 9 7 5 6 13 -8 -10 9 -6 12 1 8 -4 9 -10 9 -8 -5 1 9 -6 -10 -3 -5 -2 -2 5 5 8 9 10 -2 1 -1 -5 5 -5 5 -4 -3 -2 6 2 -9 -8 3 10 10 5 3 -4 9 10 ; 
0:54 0:222 0:184 0:118 0:130 0:50 0:38 0:32 0:50 0:172 0:124 0:74 0:140 0:172 0:170 0:174 0:68 0:20 0:286 0:166 0:190 0:104 0:122 0:160 0:274 0:54 0:36 0:130 0:86 0:74 0:168 0:276 0:102 0:82 0:92 0:138 0:168 0:114 0:232 0:20 0:100 0:104 0:48 0:146 0:6 0:88 0:128 0:322 0:94 0:86 0:56 0:274 0:52 0:84 0:70 0:14 0:14 0:62 0:64 0:118 0:4 0:100 0:156 0:148 0:18 0:136 0:46 0:64 0:22 0:18 0:82 0:2 0:118 0:88 0:54 0:34 0:134 0:40 0:18 0:32 0:194 0:102 0:134 0:34 0:154 0:162 0:2 0:8 0:60 0:104 0:202 0:74 0:116 0:222 0:70 0:82 0:114 0:108 0:60 0:138 0:190 0:40 0:74 0:2 0:14 0:338 0:162 0:26 0:94 0:174 0:122 0:92 0:146 0:120 0:108 0:62 0:198 0:82 0:54 0:72 0:204 0:236 0:88 0:72 0:104 0:102 0:16 0:74 0:68 0:30 0:28 0:294 0:164 0:170 0:76 0:24 0:84 0:30 0:148 0:78 0:6 0:162 0:10 0:276 0:94 0:36 0:90 0:22 0:144 0:230 0:38 0:108 0:112 0:30 0:6 0:40 0:142 0:56 0:42 0:232 0:132 0:110 0:48 0:140 0:130 0:76 0:26 0:152 0:36 0:54 0:86 0:262 0:94 0:106 0:162 0:92 0:42 0:50 0:62 0:34 0:92 0:40 0:30 0:22 0:20 0:178 0:120 0:32 0:226 0:62 0:198 0:134 0:34 0:118 0:76 0:38 0:154 0:48 0:12 0:186 0:144 ; 
L 1 -5 -5 -9 -8 -6 7 -2 2 -2 3 10 -7 10 4 1 -8 8 -1 9 8 4 9 -5 -1 -2 8 8 -7 6 3 7 -8 -8 -3 -9 10 -6 -7 5 -6 -3 -7 -8 7 7 9 -6 -9 -1 10 -8 -3 2 10 -7 10 -8 -10 -1 -4 -6 -5 7 -5 10 -5 5 1 -5 -8 -4 10 4 -1 9 2 -3 -10 -8 -3 4 1 -4 8 3 -5 5 2 3 -8 2 8 8 4 1 -9 -8 -2 -10 8 -6 10 8 6 2 -4 -2 3 8 5 -2 1 5 9 9 -10 -9 4 -7 -9 1 5 -3 6 -8 7 -10 -9 -5 -8 1 10 4 9 -5 -1 -1 -1 3 -9 2 -8 -10 7 3 4 5 8 -2 4 -7 10 2 -7 7 -2 10 -1 -7 6 -9 1 10 -3 6 -10 -2 7 -3 -8 2 5 4 -3 4 -7 10 -3 -7 -8 -8 -8 8 -7 3 1 10 -3 -5 6 7 -5 -1 -10 -10 10 -3 -10 -9 ; 
49 23 23 83 51 40 36 5 52 20 42 14 54 3 58 54 100 37 11 43 40 42 43 53 16 34 30 97 79 60 8 57 76 36 23 47 84 57 75 11 37 80 87 58 84 30 30 60 14 30 6 42 57 29 43 75 77 43 45 29 12 85 22 8 100 70 86 52 77 49 12 21 46 26 80 96 54 72 1 70 52 99 33 29 92 2 25 53 30 19 37 37 46 65 84 25 93 21 52 56 84 52 31 62 74 37 70 2 64 62 34 10 72 79 10 99 63 37 43 48 72 10 42 37 95 89 91 83 98 28 76 36 5 25 84 75 51 30 5 22 20 9 51 32 73 27 62 38 76 77 17 9 25 12 56 33 86 52 45 97 65 37 80 89 56 57 35 66 53 34 46 61 52 41 68 54 13 35 20 8 38 77 55 23 74 32 76 89 25 43 31 38 6 42 59 69 81 55 68 82 65 ; 
L 4 1 -13 6 10 -4 7 9 -10 9 2 3 3 -2 2 -7 -4 10 10 4 -7 2 5 9 -6 -8 6 -8 10 -5 8 8 10 4 3 -12 -1 -3 10 -3 -2 7 11 -7 -10 -2 -10 8 -4 3 4 4 -5 -7 -8 8 8 -8 -10 -5 -9 -7 -3 8 -1 -7 -6 7 -2 6 -8 -4 -9 -6 8 2 3 -8 2 7 7 10 -8 3 3 -7 -3 1 -4 -2 3 6 -6 8 -8 9 -1 -2 1 -5 -1 8 15 1 -10 -8 1 -7 3 -8 1 -6 -2 -8 2 -4 5 -3 -5 -4 -4 -9 -9 -5 -6 -1 5 -5 -10 -9 -10 -3 3 7 1 10 7 -9 1 -8 9 -8 -5 -14 -9 9 -5 1 -3 -4 6 10 -2 -1 8 -7 7 -2 -8 9 1 10 8 -10 1 -1 3 4 -8 1 10 10 -5 5 -8 -2 7 3 -6 -5 -8 8 -5 -9 7 5 -5 -10 -2 7 5 -8 -10 1 -10 -3 -10 -7 -10 -9 ; 
0:98 0:138 0:54 0:66 0:196 0:70 0:6 0:72 0:28 0:56 0:12 0:100 0:122 0:44 0:8 0:82 0:104 0:92 0:66 0:116 0:122 0:40 0:324 0:56 0:68 0:98 0:72 0:124 0:50 0:36 0:76 0:48 0:120 0:50 0:360 0:66 0:4 0:36 0:8 0:28 0:36 0:34 0:122 0:158 0:112 0:46 0:112 0:168 0:278 0:110 0:124 0:180 0:144 0:8 0:82 0:94 0:160 0:68 0:124 0:170 0:48 0:102 0:158 0:54 0:16 0:194 0:98 0:16 0:70 0:90 0:54 0:256 0:38 0:192 0:216 0:156 0:38 0:74 0:74 0:48 0:42 0:86 0:42 0:54 0:152 0:18 0:72 0:48 0:40 0:48 0:128 0:68 0:28 0:164 0:40 0:92 0:58 0:126 0:242 0:110 0:32 0:48 0:186 0:60 0:86 0:58 0:30 0:82 0:64 0:142 0:72 0:298 0:94 0:108 0:114 0:38 0:130 0:48 0:92 0:76 0:58 0:62 0:198 0:46 0:44 0:54 0:80 0:4 0:164 0:70 0:142 0:154 0:24 0:114 0:68 0:178 0:24 0:136 0:108 0:92 0:178 0:12 0:8 0:36 0:46 0:140 0:158 0:30 0:100 0:78 0:30 0:124 0:140 0:98 0:336 0:34 0:80 0:14 0:328 0:102 0:100 0:186 0:82 0:34 0:184 0:70 0:44 0:110 0:222 0:44 0:62 0:162 0:168 0:70 0:90 0:44 0:44 0:40 0:28 0:256 0:156 0:112 0:8 0:166 0:144 0:94 0:152 0:54 0:10 0:40 0:224 0:66 0:40 0:134 0:64 0:198 0:4 0:196 0:184 0:164 0:130 ; 
L -4 -4 -3 7 2 -2 3 -2 4 -6 1 10 -5 -3 -5 4 -8 -3 7 2 -5 -7 6 -9 3 9 -3 -2 2 10 -7 3 8 -6 -6 1 5 8 -4 8 2 10 -5 9 10 -8 2 -8 6 -6 3 -8 -5 -8 -3 3 -7 8 -5 -1 2 -5 2 -4 -3 -4 -5 -6 5 3 1 4 -6 -5 -10 1 -3 -8 8 1 10 -9 -5 1 -6 -4 -8 8 2 9 -6 -7 9 -5 8 9 -8 -9 -1 -3 4 -7 -8 2 9 -9 2 -7 -3 10 8 5 -1 7 -2 -8 5 -5 1 -4 7 10 5 9 -9 1 -7 -6 1 -4 4 -4 -4 1 -6 5 -6 9 4 -4 -6 -7 6 -8 -1 7 -4 3 -6 -1 -1 -8 -4 -9 -6 -5 9 7 1 -7 2 -7 -10 -3 -10 8 -8 -3 -1 8 1 5 -9 7 4 7 -9 1 9 7 -7 6 -10 -8 2 2 -5 -6 -1 -3 -5 10 9 -4 -5 -4 10 5 4 -8 ; 
37 15 49 35 5 67 98 29 82 70 93 6 89 8 33 56 68 58 100 96 58 62 42 58 70 76 86 51 78 35 71 40 39 85 84 58 39 24 44 34 52 60 92 65 6 93 35 19 7 65 6 15 92 68 69 91 83 95 12 11 7 82 60 100 29 48 62 65 45 85 78 88 41 45 54 96 41 100 79 50 54 19 19 88 31 8 13 14 8 20 76 12 11 41 69 30 37 12 43 41 59 24 21 25 20 42 25 94 91 100 46 48 42 27 61 47 91 8 61 97 13 47 45 8 61 30 90 99 8 15 20 33 38 1 40 54 73 36 52 80 60 28 49 55 98 84 49 22 44 27 80 20 54 12 65 97 93 84 7 39 99 12 96 47 77 3 55 85 46 16 20 30 58 53 70 35 59 90 42 31 77 78 45 43 92 65 38 6 4 6 38 78 17 6 20 3 14 91 64 24 66 ; 
L -4 -5 -6 -7 -11 4 8 5 3 3 2 -8 10 -10 9 -4 8 1 -5 -1 -3 -6 -4 5 -5 5 -1 6 6 8 -2 -8 -3 1 -2 -7 9 6 8 4 -9 -3 -9 14 4 7 5 -3 2 -1 -1 6 5 -5 1 4 -4 8 1 2 4 -5 9 4 1 -8 -9 -7 6 9 -9 -2 -7 3 -4 -2 6 10 -5 -1 -5 -12 -6 -1 7 8 5 7 -9 3 1 3 9 -6 2 -6 3 5 -3 3 -8 -4 6 9 10 -6 -4 5 -9 -5 -2 -10 9 10 7 -1 -8 8 1 -6 5 4 -10 -2 -4 3 1 -4 2 2 -10 1 7 3 8 9 8 -5 -3 13 5 -1 5 -7 6 -2 -7 -4 -1 -4 6 8 -7 9 1 4 -7 -2 -15 -3 -5 -7 -8 -7 2 5 8 -10 -10 -7 9 -10 9 -7 -10 -4 -8 2 4 -6 7 -8 -6 -1 -5 8 3 6 5 8 3 -9 1 10 7 8 8 -4 4 -8 ; 
0:74 0:98 0:90 0:56 0:172 0:142 0:32 0:194 0:88 0:48 0:22 0:168 0:38 0:116 0:64 0:42 0:56 0:62 0:84 0:188 0:134 0:162 0:118 0:74 0:246 0:86 0:192 0:86 0:234 0:126 0:18 0:128 0:170 0:68 0:88 0:36 0:160 0:268 0:96 0:62 0:30 0:38 0:80 0:52 0:182 0:118 0:102 0:62 0:206 0:84 0:88 0:20 0:12 0:152 0:176 0:40 0:160 0:46 0:64 0:106 0:172 0:12 0:32 0:210 0:114 0:46 0:6 0:146 0:110 0:118 0:162 0:84 0:192 0:200 0:96 0:42 0:28 0:152 0:22 0:60 0:22 0:66 0:48 0:154 0:66 0:68 0:32 0:24 0:76 0:140 0:234 0:54 0:94 0:136 0:158 0:180 0:12 0:22 0:84 0:44 0:44 0:114 0:206 0:104 0:28 0:158 0:24 0:44 0:130 0:32 0:102 0:30 0:22 0:74 0:92 0:54 0:24 0:110 0:168 0:54 0:44 0:150 0:48 0:104 0:20 0:100 0:82 0:64 0:82 0:54 0:234 0:38 0:34 0:12 0:78 0:86 0:24 0:14 0:268 0:134 0:104 0:78 0:264 0:122 0:44 0:44 0:10 0:172 0:70 0:58 0:152 0:218 0:124 0:116 0:44 0:66 0:48 0:60 0:104 0:86 0:88 0:138 0:138 0:154 0:4 0:158 0:68 0:162 0:130 0:94 0:186 0:164 0:104 0:244 0:216 0:72 0:248 0:78 0:154 0:34 0:218 0:12 0:98 0:54 0:194 0:118 0:144 0:346 0:134 0:194 0:200 0:44 0:72 0:12 0:112 0:18 0:88 0:34 0:258 0:48 0:132 ; 
L -2 7 3 1 10 10 4 9 -8 7 -1 9 -2 -3 -5 6 7 -9 8 6 2 -8 1 -4 -7 -9 -9 1 -9 -6 -10 10 7 8 -5 -4 3 6 -1 -4 -6 1 -7 -5 -2 -2 -5 -4 3 2 -4 -7 -1 -6 10 6 7 -1 -1 7 -3 -9 5 -4 9 -1 8 1 9 9 10 2 9 -8 -9 -8 -7 -7 -8 -5 -2 -9 4 -4 8 -1 10 8 7 4 -10 8 5 -8 8 7 -1 2 5 -2 5 -10 10 9 -8 -1 -2 5 3 5 -6 -8 3 -8 1 -2 -5 6 10 8 -10 -7 -3 9 -3 9 1 -10 3 4 8 -10 -6 -1 9 9 6 4 2 7 1 -9 4 2 -10 2 5 -1 -4 -2 5 -7 2 6 3 -5 9 -10 10 -10 -8 -6 3 -6 -5 10 8 -9 -1 3 5 5 10 -7 -7 10 -6 -2 -4 -8 -4 1 -2 -3 1 -2 -10 8 -4 -2 10 3 6 -2 -5 3 1 -1 -4 -6 ; 
23 94 24 35 4 60 71 16 24 9 59 32 33 50 62 12 57 2 6 25 48 11 48 53 82 5 14 94 60 97 99 51 27 53 34 44 22 64 77 68 83 17 8 45 72 56 3 55 35 40 93 91 25 2 2 44 88 6 5 92 30 13 12 26 5 48 26 91 8 53 46 45 82 3 93 59 97 95 48 44 70 41 56 61 21 90 70 39 82 72 80 90 100 30 98 46 21 68 10 43 35 76 34 22 92 52 53 45 56 38 60 52 63 63 54 8 53 12 63 85 70 41 74 3 78 12 26 93 18 15 98 29 51 44 95 28 43 10 70 47 31 1 59 51 13 36 73 71 69 70 34 13 79 27 43 6 30 21 64 96 76 2 11 75 72 62 37 96 86 58 18 7 87 33 97 78 58 40 64 84 49 53 100 16 99 7 23 43 69 47 51 43 54 11 60 22 5 11 13 35 89 ; 
L 10 10 -4 3 5 -9 1 2 -7 -3 -2 8 -2 -6 2 -6 -1 -2 -6 -1 -2 5 4 3 -10 -6 5 4 -10 2 8 8 -1 13 -8 -2 8 -7 -2 -6 -8 10 -9 1 -9 -2 5 8 3 3 10 7 4 -9 -7 5 8 -4 5 10 -9 -8 -5 -1 9 9 -10 3 -9 -3 -4 -8 -1 -1 10 2 -10 -8 -6 7 8 -3 4 -8 6 -1 12 15 -5 -9 3 5 9 -2 -1 10 7 10 -4 2 -7 5 6 5 -5 7 -8 -7 -6 -9 14 -1 -6 -6 3 8 7 -10 -1 4 -8 -7 3 1 -9 6 1 5 5 4 5 -1 4 4 8 -10 10 -2 -11 1 -7 -1 -6 -2 -2 3 -3 -8 9 -2 -7 -7 -9 8 -3 -4 4 5 2 2 3 5 -9 -1 -7 -8 -9 4 10 -9 10 -1 -4 -9 -1 1 10 -3 7 7 -2 -6 7 10 1 -10 2 8 5 6 -9 -9 -10 10 8 -2 -4 1 -4 -6 ; 
0:46 0:60 0:20 0:54 0:112 0:8 0:218 0:120 0:46 0:48 0:108 0:28 0:22 0:96 0:2 0:22 0:54 0:84 0:144 0:12 0:102 0:52 0:86 0:10 0:194 0:126 0:24 0:174 0:160 0:48 0:58 0:42 0:26 0:160 0:184 0:200 0:224 0:28 0:12 0:116 0:172 0:78 0:100 0:92 0:82 0:42 0:70 0:26 0:94 0:72 0:56 0:90 0:80 0:68 0:106 0:54 0:196 0:32 0:50 0:68 0:106 0:148 0:170 0:134 0:100 0:196 0:78 0:114 0:118 0:86 0:200 0:122 0:40 0:202 0:132 0:4 0:98 0:86 0:164 0:92 0:84 0:100 0:64 0:34 0:82 0:154 0:140 0:186 0:72 0:20 0:12 0:242 0:160 0:32 0:44 0:24 0:22 0:276 0:220 0:40 0:56 0:468 0:174 0:196 0:44 0:194 0:42 0:178 0:164 0:86 0:62 0:108 0:38 0:30 0:156 0:78 0:96 0:46 0:116 0:106 0:38 0:38 0:158 0:82 0:12 0:86 0:116 0:64 0:32 0:118 0:88 0:124 0:218 0:72 0:196 0:58 0:96 0:112 0:198 0:34 0:124 0:50 0:4 0:42 0:14 0:80 0:122 0:6 0:92 0:46 0:94 0:72 0:262 0:64 0:98 0:78 0:74 0:110 0:6 0:112 0:152 0:122 0:64 0:124 0:174 0:18 0:96 0:12 0:154 0:106 0:122 0:66 0:88 0:242 0:152 0:52 0:104 0:48 0:76 0:204 0:6 0:194 0:230 0:10 0:60 0:80 0:54 0:228 0:64 0:90 0:24 0:164 0:98 0:102 0:96 0:68 0:104 0:58 0:130 0:70 0:178 ; 
L 3 10 7 -7 -3 -9 -3 5 7 7 2 -5 -8 10 -10 6 -4 5 10 -4 -2 -3 10 -7 5 9 -1 -8 -2 -8 7 -8 -3 2 3 1 -2 -5 3 -5 1 -9 -2 6 -6 3 9 -4 -9 2 3 -3 10 10 7 2 -1 -2 2 -10 2 1 -5 -8 -5 -5 1 -8 -8 5 6 1 9 5 -1 -3 -9 -9 3 -2 3 -7 9 7 -10 -8 4 -2 -2 -3 -4 -3 -2 -4 -5 -4 1 -3 6 -2 -7 8 10 -3 -9 8 -8 -1 -1 8 -9 7 7 -3 -1 2 -3 -8 8 -2 1 -6 1 8 -10 -3 -1 -8 7 1 10 -5 5 -7 -3 4 5 1 -9 1 6 -8 7 -6 -4 2 1 -8 9 10 1 10 10 -9 -9 -9 10 8 -10 9 -7 -4 3 -2 10 -2 -5 -7 -6 9 -3 -6 6 -9 4 3 -6 -3 -5 -5 8 -10 -4 5 -7 10 -10 -1 -4 -5 -8 2 -6 -2 7 10 -3 -2 8 2 ; 
1 66 67 49 58 66 64 79 72 71 40 13 3 38 73 9 13 53 97 62 34 8 15 54 84 70 33 97 61 94 19 29 100 68 39 80 54 41 97 25 17 30 45 20 47 20 17 48 84 10 90 91 16 22 92 58 80 86 51 24 96 30 61 1 11 92 18 22 98 27 76 6 30 1 19 70 7 72 51 59 17 55 8 49 93 68 60 27 38 90 61 72 40 47 70 27 77 76 88 4 17 100 39 78 21 46 29 27 55 36 42 45 38 19 44 49 16 84 67 74 12 72 61 74 26 24 55 9 12 55 68 70 36 95 77 91 9 20 13 21 23 75 93 83 20 82 83 58 56 82 91 68 81 26 84 88 48 45 16 54 70 46 56 64 27 79 34 32 7 96 11 50 46 2 71 6 96 55 49 48 57 61 53 43 97 34 65 73 59 39 4 24 3 23 88 96 34 26 22 29 84 ; 
L 3 10 6 2 8 2 -1 7 7 -8 -7 8 -6 -5 -9 3 6 -6 -9 -2 -7 -5 -7 3 9 -5 5 -13 -1 15 -7 -2 -4 8 -5 -9 -5 8 -2 8 -7 2 6 -4 7 -7 5 -2 -9 -1 9 6 10 -5 -10 -2 8 -8 4 -2 -7 6 5 -8 8 3 3 10 -5 9 -6 -9 2 7 3 3 -2 -7 -4 -2 -3 -2 1 -5 9 -4 8 7 2 -1 -10 -4 -9 -7 8 5 12 -3 -2 -3 9 -9 3 -3 -2 1 8 8 -10 -10 2 -10 10 5 -6 -2 6 8 10 -7 9 -4 6 1 -2 -7 -3 1 -1 -1 -8 5 -10 -1 -5 -3 4 -2 -10 -1 8 -3 1 -3 3 9 9 9 -14 10 -7 1 -8 7 9 -3 5 -3 10 -10 -1 -4 -10 4 -10 -3 -4 10 -1 10 -1 -7 10 -6 1 -1 -3 4 -8 -6 -5 -4 5 2 9 5 -1 10 -10 -8 3 8 2 5 -3 -2 3 11 8 2 ; 
0:2 0:132 0:82 0:188 0:108 0:188 0:68 0:206 0:76 0:120 0:54 0:114 0:86 0:128 0:164 0:126 0:54 0:8 0:8 0:90 0:122 0:52 0:76 0:46 0:104 0:70 0:108 0:54 0:142 0:48 0:38 0:40 0:206 0:40 0:40 0:78 0:34 0:90 0:60 0:146 0:58 0:124 0:46 0:18 0:66 0:116 0:34 0:16 0:54 0:148 0:66 0:76 0:178 0:184 0:124 0:226 0:96 0:92 0:106 0:70 0:124 0:52 0:108 0:208 0:48 0:132 0:52 0:84 0:140 0:94 0:142 0:96 0:308 0:136 0:14 0:54 0:124 0:10 0:72 0:298 0:24 0:80 0:76 0:186 0:194 0:56 0:56 0:6 0:76 0:38 0:32 0:68 0:54 0:46 0:114 0:26 0:12 0:76 0:144 0:92 0:126 0:174 0:28 0:196 0:48 0:24 0:138 0:196 0:172 0:198 0:44 0:116 0:330 0:122 0:266 0:120 0:70 0:24 0:144 0:108 0:58 0:86 0:28 0:76 0:160 0:116 0:216 0:86 0:2 0:104 0:42 0:56 0:132 0:208 0:178 0:132 0:124 0:82 0:62 0:224 0:216 0:18 0:174 0:44 0:98 0:128 0:158 0:102 0:232 0:88 0:90 0:274 0:34 0:200 0:86 0:96 0:10 0:108 0:124 0:42 0:98 0:94 0:68 0:84 0:98 0:16 0:8 0:74 0:150 0:104 0:170 0:58 0:156 0:180 0:16 0:112 0:92 0:118 0:88 0:40 0:102 0:54 0:20 0:76 0:100 0:36 0:120 0:24 0:146 0:74 0:52 0:24 0:56 0:118 0:92 0:162 0:172 0:20 0:154 0:58 0:168 ; 
L 4 -5 9 1 3 -1 -3 4 8 -9 9 6 7 1 -9 -6 10 -9 8 6 -10 -5 -9 7 -4 8 -9 -4 8 7 -9 -8 -7 -6 2 -1 10 7 10 -4 4 -4 6 10 -10 4 -2 1 9 -10 1 3 2 6 -6 10 -9 -10 -10 -10 -6 -5 1 -10 3 -10 8 -5 5 -6 4 7 2 -1 2 -8 -9 8 5 -6 5 10 -1 10 6 -10 -8 -8 6 -9 -5 -1 1 2 5 -4 7 1 -6 -4 3 8 -3 -2 -9 -9 1 4 8 -7 8 -4 7 -10 2 4 -3 8 -6 3 -1 -2 5 10 -3 4 2 -10 -6 -1 6 9 10 9 -7 -1 -2 1 9 -5 10 -10 6 2 -4 6 1 -9 -10 9 5 -1 -7 -5 -3 -8 -6 -3 -5 4 4 9 6 8 -1 10 5 9 -8 1 10 -7 -7 -7 4 5 -8 -8 -8 5 -2 -1 -10 9 3 -9 7 -9 1 6 -4 5 7 2 3 -5 10 -4 -8 -5 ; 
89 82 61 51 32 17 92 61 44 88 47 84 16 50 91 75 54 8 36 95 52 14 67 29 25 65 26 56 68 100 61 32 29 74 31 53 19 70 28 7 42 91 55 89 44 15 47 77 27 12 94 46 81 93 22 42 56 77 91 82 13 40 50 58 91 9 79 99 68 96 26 100 10 28 11 48 44 17 98 88 14 50 36 16 86 52 69 83 32 63 36 23 15 38 38 94 79 59 3 62 77 86 28 13 15 1 5 35 97 87 96 26 27 100 100 97 99 3 58 48 59 25 1 95 42 19 95 72 73 85 78 33 18 13 2 7 1 4 69 44 10 79 6 63 2 7 11 2 6 47 12 16 85 79 92 75 78 100 76 51 98 87 39 29 42 93 38 75 94 64 35 17 81 23 19 11 35 31 98 36 100 51 53 60 21 51 13 8 73 68 67 60 3 6 45 82 11 22 64 60 33 ; 
L 10 7 10 9 4 6 8 -7 9 9 9 -2 4 10 9 -7 -4 -6 -10 4 -9 10 9 -1 9 1 -1 -9 -10 10 8 -4 -6 -10 6 -5 3 -3 4 5 -4 -7 8 3 -6 -10 -3 8 -1 -12 -1 -7 -6 -1 -7 8 -6 -1 10 -9 10 7 -9 -9 -8 9 -8 4 10 7 1 -1 2 9 6 -10 -10 5 1 6 -2 -5 -9 -6 -6 -3 -3 -9 -1 -5 8 1 -4 3 -2 10 -2 -13 9 8 -3 9 5 -8 -8 -4 7 -1 -4 10 -10 4 5 -4 7 -8 2 -10 7 1 -9 -5 -10 6 9 -8 10 -6 -6 6 2 1 5 -4 -14 -2 10 -1 1 -8 -6 -3 4 6 -8 -6 -8 -7 1 -1 9 -5 -7 10 -10 -8 3 2 -5 -9 -5 5 -6 8 10 4 -5 2 1 -5 10 9 -1 5 -6 -4 -1 -9 -3 7 -6 7 2 -5 4 -11 1 -3 8 -3 -15 -4 8 -5 10 -7 5 4 -8 -5 ; 
0:60 0:26 0:58 0:154 0:162 0:124 0:24 0:126 0:36 0:118 0:54 0:140 0:162 0:70 0:70 0:38 0:6 0:190 0:118 0:32 0:34 0:160 0:110 0:60 0:190 0:102 0:98 0:24 0:26 0:46 0:192 0:208 0:112 0:172 0:36 0:76 0:98 0:28 0:94 0:128 0:86 0:96 0:156 0:48 0:88 0:104 0:300 0:152 0:84 0:218 0:18 0:30 0:148 0:94 0:84 0:192 0:138 0:92 0:188 0:24 0:92 0:126 0:42 0:152 0:132 0:50 0:28 0:146 0:62 0:70 0:170 0:32 0:62 0:56 0:124 0:32 0:88 0:22 0:42 0:54 0:80 0:238 0:26 0:140 0:56 0:124 0:146 0:42 0:86 0:92 0:148 0:174 0:150 0:122 0:190 0:82 0:254 0:152 0:70 0:200 0:42 0:80 0:66 0:228 0:316 0:60 0:32 0:46 0:44 0:116 0:126 0:188 0:22 0:58 0:92 0:2 0:66 0:26 0:116 0:100 0:182 0:80 0:104 0:52 0:152 0:128 0:130 0:160 0:124 0:78 0:12 0:74 0:46 0:160 0:94 0:142 0:200 0:96 0:164 0:102 0:112 0:120 0:52 0:150 0:166 0:86 0:102 0:92 0:30 0:48 0:32 0:170 0:8 0:40 0:38 0:54 0:42 0:28 0:34 0:164 0:106 0:48 0:60 0:218 0:50 0:52 0:42 0:22 0:26 0:284 0:88 0:12 0:74 0:94 0:176 0:86 0:16 0:30 0:100 0:156 0:44 0:290 0:56 0:60 0:4 0:190 0:28 0:118 0:128 0:68 0:22 0:60 0:156 0:34 0:172 0:108 0:202 0:134 0:22 0:120 0:66 ; 
L -6 -4 -4 3 7 5 9 10 -10 7 5 1 3 -8 8 7 2 1 -1 -4 -10 8 -1 -3 1 3 3 -6 9 -5 5 10 -5 -8 -9 -2 -10 -9 -8 1 10 4 9 6 5 -9 8 -5 -9 10 10 -1 -4 1 -6 7 -8 4 3 4 1 1 8 -10 2 4 -7 -7 6 -1 4 -7 7 -2 -1 -4 -6 1 10 10 7 2 -3 -5 -4 -5 -10 -3 4 8 1 -2 7 6 5 3 1 -5 -3 -1 8 3 -10 -1 9 10 7 -4 5 3 3 -9 -9 3 3 2 -10 -6 -9 1 2 3 6 -3 2 6 9 -2 1 4 6 -7 -3 -2 -6 5 3 3 -3 6 9 10 9 -8 2 -2 -3 1 -7 2 8 -8 5 9 5 10 -2 1 3 -5 2 6 -1 7 4 -3 -2 -2 -7 9 -1 -1 -7 8 8 5 5 4 -3 -1 7 -10 10 1 -5 7 10 8 8 -1 -7 -1 9 2 9 5 8 -5 -6 -4 ; 
61 83 91 1 44 60 56 95 86 98 8 42 52 70 10 94 78 46 72 86 34 84 77 43 20 93 44 16 1 99 20 5 17 39 13 96 57 12 90 71 68 31 92 18 38 37 63 39 38 14 47 76 50 3 51 9 87 8 66 26 36 15 99 15 18 7 44 43 26 93 92 91 1 47 58 49 97 95 18 89 76 5 61 45 12 39 39 3 76 11 72 39 6 63 5 87 69 58 17 86 56 3 76 48 29 61 94 43 35 64 39 26 57 63 12 72 63 53 64 11 2 5 73 18 33 9 63 88 88 18 86 86 34 61 43 47 71 6 8 53 46 4 7 47 41 15 22 16 79 7 90 36 54 14 4 51 68 61 98 22 47 76 68 62 88 84 18 20 19 73 90 52 22 62 2 8 45 82 89 92 76 10 70 32 92 4 93 21 76 78 10 66 26 87 91 2 86 61 52 37 91 ; 
L 10 -1 -8 5 -8 -13 -3 1 -1 -6 1 4 7 -8 3 -8 -5 8 -9 -1 3 3 -9 5 4 -5 -2 11 6 -1 1 -9 -10 4 8 -10 1 -2 -10 -9 10 3 -4 -8 -2 -1 -3 -10 3 2 1 10 -2 7 -5 -6 9 -10 7 -10 6 6 -10 -3 3 9 1 8 -5 -2 4 4 -6 -2 -7 1 3 3 7 -7 7 -10 15 3 -2 -3 -4 -10 -6 -6 4 3 9 -3 -3 -2 4 -4 8 5 -5 -7 4 -7 -1 2 -4 -5 -14 -4 1 -7 7 7 3 -5 -8 -8 -4 -5 -10 -5 10 -9 -9 -2 1 5 8 -2 -8 5 -3 5 10 2 -7 -10 10 -1 3 -3 -9 -8 -1 -5 10 -7 1 -3 -1 9 -5 5 9 -6 -12 -1 1 -10 6 1 8 -9 -3 -2 -7 9 2 -8 -1 -9 -1 2 6 -7 -6 6 5 -8 -9 -2 -4 -2 1 -3 -7 -8 9 -9 1 3 5 2 5 7 -10 1 -6 -4 ; 
0:58 0:18 0:32 0:92 0:186 0:44 0:128 0:160 0:156 0:12 0:52 0:112 0:66 0:174 0:110 0:146 0:78 0:92 0:8 0:198 0:46 0:12 0:42 0:66 0:156 0:128 0:44 0:52 0:130 0:146 0:68 0:36 0:68 0:16 0:22 0:108 0:86 0:6 0:130 0:124 0:298 0:68 0:168 0:28 0:130 0:14 0:40 0:38 0:148 0:298 0:102 0:58 0:64 0:112 0:70 0:76 0:10 0:294 0:76 0:126 0:38 0:108 0:158 0:64 0:16 0:56 0:312 0:30 0:58 0:80 0:76 0:182 0:78 0:96 0:74 0:102 0:38 0:80 0:256 0:238 0:158 0:136 0:112 0:178 0:60 0:100 0:96 0:2 0:68 0:68 0:8 0:230 0:10 0:144 0:6 0:154 0:36 0:84 0:6 0:16 0:74 0:42 0:4 0:240 0:136 0:42 0:54 0:156 0:68 0:56 0:184 0:152 0:150 0:98 0:4 0:136 0:196 0:92 0:74 0:78 0:172 0:102 0:12 0:104 0:114 0:74 0:266 0:86 0:16 0:140 0:42 0:94 0:44 0:40 0:210 0:6 0:118 0:140 0:44 0:78 0:112 0:2 0:100 0:180 0:24 0:84 0:132 0:120 0:124 0:206 0:142 0:52 0:160 0:176 0:144 0:164 0:42 0:72 0:122 0:62 0:34 0:84 0:160 0:238 0:116 0:210 0:48 0:40 0:54 0:82 0:20 0:92 0:78 0:98 0:152 0:32 0:70 0:220 0:10 0:70 0:26 0:192 0:112 0:42 0:76 0:246 0:96 0:160 0:126 0:130 0:98 0:172 0:34 0:68 0:20 0:140 0:76 0:142 0:44 0:74 0:182 ; 
L -2 8 -9 7 8 -9 -7 -8 9 -9 -3 1 9 -6 -10 1 -8 -5 -1 -4 -2 -9 -1 5 5 -9 -10 5 -3 5 -4 6 9 9 -3 -4 5 3 -3 -10 -7 -8 -1 8 5 -8 10 -2 2 -7 -3 2 -7 -1 8 -9 -6 1 6 -3 1 -5 -9 -5 -4 -9 8 -6 4 -4 4 -3 5 -8 9 -7 -9 -7 -6 -4 -1 -6 9 10 1 -2 -7 1 4 -8 -5 9 -5 5 -4 3 3 -4 -10 -9 2 4 9 9 1 5 -10 9 10 -2 5 4 8 8 4 -8 -6 -10 6 10 5 7 -8 -6 8 9 -3 -7 -2 3 4 -7 -1 1 2 -4 -7 -1 9 5 -2 5 6 -9 -3 5 -10 4 -5 2 6 -1 -7 -10 -8 5 2 9 1 9 7 1 -4 7 8 7 5 -1 -10 -1 -4 2 -9 -5 -1 -2 -2 8 5 4 2 1 8 -3 2 6 -1 -7 -9 8 -3 6 7 -7 5 -5 3 7 1 -6 ; 
33 35 8 86 92 61 41 78 91 20 48 7 16 98 62 49 68 65 82 4 4 29 12 46 82 36 87 12 67 78 66 69 2 97 91 80 29 2 54 60 86 35 52 46 32 77 46 22 49 33 47 2 1 23 44 47 78 97 24 90 63 70 1 31 8 96 18 97 14 74 71 93 62 82 86 65 58 91 91 41 1 56 22 4 69 56 2 28 72 50 96 40 25 2 88 41 18 38 4 47 57 3 38 41 57 63 4 58 38 96 59 93 23 22 73 37 62 28 28 27 89 65 38 35 89 15 37 2 8 7 21 93 6 25 13 39 46 67 79 70 4 29 16 28 47 97 91 26 44 60 42 21 94 29 70 45 98 64 47 7 48 53 22 83 80 33 55 22 85 70 93 59 5 20 76 93 17 37 26 13 65 49 52 46 16 20 84 66 46 100 83 56 70 45 75 33 4 42 28 40 64 ; 
L 4 -7 2 -3 10 5 -5 -4 1 6 -8 -2 15 10 -6 -2 3 -6 -4 5 -1 4 5 1 8 -1 5 9 7 8 -10 -1 8 -2 2 -5 9 5 6 10 -3 -7 1 -9 -3 -7 -4 8 9 -7 7 7 10 -5 -4 10 -5 -5 -10 1 -1 -8 9 -1 9 -8 3 -6 2 -9 3 9 7 -7 9 -1 8 -2 2 -5 -1 5 -4 3 -2 4 1 9 -14 -10 4 1 -7 7 -8 -11 2 -8 1 -9 -3 -6 1 7 9 -1 -2 -4 9 -8 -9 -4 9 -7 8 7 -7 4 -5 -10 -8 7 1 1 -2 6 -2 -4 6 7 -10 5 8 5 1 3 5 12 -5 -2 -9 -8 8 -4 -2 9 3 -2 2 -7 -8 -9 -5 9 -1 -4 -5 -10 -7 -5 -4 -9 -4 -7 5 -5 3 -1 -10 1 -8 9 -4 -4 -8 6 2 -9 1 6 6 -6 -10 9 -13 -4 3 -5 -9 6 8 -8 -5 9 3 -5 -3 3 1 -6 ; 
0:54 0:26 0:30 0:56 0:166 0:38 0:62 0:62 0:134 0:56 0:158 0:134 0:46 0:22 0:226 0:90 0:106 0:142 0:112 0:6 0:106 0:42 0:66 0:24 0:68 0:156 0:74 0:132 0:34 0:108 0:176 0:54 0:28 0:100 0:52 0:116 0:116 0:152 0:28 0:74 0:104 0:106 0:78 0:118 0:104 0:4 0:140 0:66 0:92 0:130 0:136 0:92 0:176 0:22 0:244 0:168 0:12 0:124 0:42 0:56 0:46 0:226 0:200 0:326 0:158 0:148 0:10 0:118 0:208 0:8 0:164 0:96 0:118 0:308 0:256 0:84 0:152 0:46 0:52 0:254 0:78 0:112 0:28 0:18 0:32 0:126 0:62 0:20 0:70 0:122 0:22 0:160 0:110 0:186 0:28 0:104 0:22 0:112 0:154 0:26 0:52 0:94 0:66 0:246 0:20 0:16 0:26 0:36 0:20 0:112 0:108 0:24 0:10 0:70 0:190 0:70 0:182 0:166 0:60 0:20 0:48 0:146 0:64 0:82 0:86 0:42 0:132 0:130 0:26 0:202 0:110 0:24 0:26 0:20 0:264 0:58 0:108 0:64 0:22 0:328 0:52 0:26 0:80 0:58 0:8 0:114 0:62 0:74 0:102 0:96 0:54 0:142 0:128 0:68 0:64 0:36 0:54 0:22 0:2 0:224 0:68 0:52 0:18 0:92 0:68 0:280 0:124 0:150 0:90 0:98 0:136 0:56 0:146 0:58 0:116 0:136 0:22 0:82 0:198 0:48 0:30 0:36 0:174 0:58 0:80 0:122 0:36 0:78 0:14 0:114 0:260 0:62 0:26 0:196 0:116 0:138 0:144 0:112 0:174 0:80 0:128 ; 
L -6 -6 -2 6 4 -8 4 6 1 -7 3 -2 -1 -3 -2 -5 3 8 -8 4 6 -5 -9 -5 -4 5 4 6 -1 -3 -9 -2 4 4 5 2 5 9 1 7 -7 4 1 8 5 2 -1 -8 -2 4 7 1 -8 -8 -10 4 -9 -5 5 -6 -10 4 -8 3 5 5 3 5 7 5 -5 -1 -8 10 4 -7 4 8 7 3 7 -9 1 -8 8 -7 -4 6 8 -2 3 8 -2 7 2 9 -2 -6 -6 -5 -10 -7 10 5 -6 8 -9 9 10 -6 -2 -7 8 -5 -8 -10 4 -1 -8 8 8 -2 -10 -3 -6 -6 1 4 -4 3 3 10 10 9 2 -9 3 8 7 10 -2 10 -8 9 2 -1 8 9 -5 3 -3 6 3 1 -7 5 -4 1 -9 -7 -2 -5 -6 1 -1 -8 6 -7 -4 -6 1 3 9 -8 -2 3 5 -5 -3 8 -2 -3 3 -8 7 9 6 -4 -7 1 3 -9 -2 -5 -1 -3 -8 -5 -8 -8 ; 
56 95 90 30 22 94 37 62 48 59 100 25 88 76 11 44 32 59 23 8 89 1 70 41 35 44 72 29 77 10 17 38 7 14 88 39 18 22 78 67 7 99 99 52 94 72 49 29 70 23 42 6 3 99 93 21 17 69 29 90 16 40 19 84 84 78 40 27 55 22 85 91 98 95 42 70 20 61 60 75 76 27 67 86 74 9 45 49 33 59 15 34 34 17 66 81 26 92 31 1 27 55 17 83 35 69 34 65 52 42 21 92 6 3 64 47 63 21 80 27 34 72 25 98 39 62 26 98 66 51 89 67 54 81 20 56 2 79 81 71 45 15 26 25 99 59 13 81 27 69 84 97 47 5 64 16 70 84 32 19 15 23 76 71 86 48 72 97 16 82 90 65 13 21 91 65 41 75 48 12 75 15 34 50 61 96 92 89 11 74 56 61 49 3 9 42 76 68 7 56 72 ; 
L 9 3 -8 -3 9 -3 -6 -4 -6 -5 -2 10 -5 -5 8 8 -5 5 1 -1 2 -7 -6 -4 -4 7 -8 -7 -1 -4 -3 8 -5 8 8 8 3 -5 -1 -5 -3 8 6 5 -6 -8 9 -9 7 5 9 8 1 -2 -7 4 -6 -8 -9 -2 6 -6 6 7 3 -5 -4 8 -2 5 -7 5 -9 10 -3 6 3 2 -4 4 -7 2 -8 -9 -7 2 6 3 -7 -5 1 -8 -1 6 -14 9 -1 10 -6 2 -1 8 9 8 3 -9 10 -7 -4 2 -8 2 15 3 3 7 4 10 3 -6 9 -2 9 -7 -9 -10 3 -4 -10 1 6 5 -3 -1 8 -4 -1 12 6 -9 -2 7 -7 -5 13 -2 -8 -4 2 8 5 -1 -7 -3 -3 -8 6 -1 -4 1 -5 3 -5 1 -4 10 -9 -10 -1 -7 10 6 -3 -2 -5 -1 -2 -5 -6 -4 -8 8 5 -7 5 8 -2 8 -4 -11 -10 8 2 4 4 -10 3 5 -8 -8 ; 
0:154 0:140 0:66 0:70 0:82 0:38 0:78 0:16 0:102 0:84 0:60 0:170 0:112 0:354 0:296 0:10 0:74 0:32 0:138 0:120 0:82 0:16 0:8 0:38 0:68 0:176 0:10 0:116 0:220 0:198 0:158 0:120 0:212 0:22 0:82 0:238 0:38 0:190 0:128 0:6 0:114 0:24 0:58 0:152 0:30 0:46 0:112 0:174 0:134 0:176 0:50 0:4 0:36 0:100 0:42 0:70 0:32 0:60 0:122 0:110 0:60 0:100 0:154 0:216 0:118 0:154 0:92 0:114 0:56 0:72 0:112 0:104 0:66 0:46 0:66 0:194 0:104 0:6 0:16 0:72 0:140 0:60 0:150 0:76 0:172 0:34 0:92 0:34 0:78 0:40 0:8 0:164 0:32 0:62 0:234 0:46 0:64 0:56 0:84 0:44 0:118 0:26 0:156 0:174 0:98 0:48 0:106 0:210 0:78 0:104 0:30 0:18 0:50 0:178 0:24 0:152 0:46 0:8 0:36 0:68 0:84 0:96 0:10 0:142 0:42 0:78 0:34 0:20 0:130 0:112 0:144 0:86 0:20 0:92 0:26 0:338 0:74 0:214 0:98 0:138 0:216 0:142 0:16 0:110 0:278 0:46 0:168 0:90 0:42 0:166 0:22 0:192 0:160 0:100 0:462 0:156 0:120 0:86 0:138 0:98 0:62 0:96 0:90 0:236 0:174 0:42 0:68 0:162 0:134 0:50 0:146 0:144 0:72 0:176 0:80 0:54 0:58 0:216 0:156 0:36 0:22 0:32 0:268 0:84 0:82 0:114 0:102 0:186 0:18 0:80 0:0 0:56 0:210 0:68 0:96 0:130 0:104 0:140 0:136 0:112 0:144 ; 
L 9 2 7 -10 3 -5 6 -6 -10 5 -6 -9 6 -5 7 7 5 6 -8 5 9 8 -10 2 2 -10 -1 3 3 8 7 8 -7 4 -2 6 -10 3 -3 3 8 6 -6 8 8 6 4 5 7 8 9 2 -8 5 10 9 10 3 -3 -1 2 5 -9 -3 -6 -5 -7 -9 3 -10 -9 -9 -1 -4 -1 -7 8 6 -8 -2 -2 -5 7 2 -10 1 3 -2 -9 -2 -1 -6 3 -5 8 4 7 4 2 -10 6 6 -9 5 6 -3 5 -4 -10 2 6 -3 6 8 10 -8 1 9 -6 -4 -10 5 -1 6 -10 3 -10 9 4 -3 -10 10 -5 -8 -6 -3 -9 -2 10 10 -7 4 -2 4 2 7 3 3 -9 -4 1 1 10 6 -4 1 7 -9 -10 -2 -8 -9 -6 6 -9 -2 5 -2 6 -6 -7 7 4 4 -7 9 3 10 1 9 -6 -4 -6 -1 7 -4 -3 -7 -10 8 -5 -8 10 2 -4 -6 5 -1 5 -2 ; 
49 44 65 85 11 64 26 34 3 48 20 12 13 79 65 50 100 26 90 97 71 10 95 73 40 88 58 6 71 98 89 96 37 84 55 85 6 5 14 18 13 66 19 89 79 46 21 56 87 96 47 8 19 80 99 52 2 25 79 97 27 51 49 34 50 53 13 96 35 44 38 70 96 52 84 34 18 79 8 53 25 6 21 11 30 96 20 18 93 83 85 26 94 38 30 78 11 39 10 68 72 7 89 66 40 25 44 74 72 41 45 12 38 9 28 23 100 10 56 86 100 18 44 35 85 6 41 52 99 2 10 8 72 55 98 26 12 40 71 3 23 69 1 94 31 8 29 75 42 94 55 88 54 12 38 3 63 62 71 68 1 56 92 12 63 85 5 81 13 82 41 1 46 78 18 55 69 66 3 69 73 91 74 4 19 39 3 71 46 69 41 60 56 26 50 35 97 32 83 73 90 ; 
L -6 6 -5 1 -2 -9 -2 6 -4 7 -13 7 7 12 -4 1 10 -7 -7 10 10 8 -8 3 -5 2 5 -10 2 -9 -6 6 10 -6 -6 -7 -2 -7 5 -6 -9 -4 3 -3 10 -2 -1 5 4 5 -9 -1 7 3 8 -2 2 -9 7 5 -4 4 6 -5 -3 -3 3 -3 -3 10 -8 8 10 5 -8 10 -7 2 -2 3 5 7 15 2 7 10 6 3 -6 -4 -10 4 8 3 6 10 -11 -7 -10 -6 -6 -2 6 2 -5 4 9 3 8 4 -1 -6 -10 -7 10 1 3 5 -3 8 5 8 4 6 1 7 -7 -6 1 1 6 7 -1 -9 6 -10 8 9 3 2 -10 6 -8 -1 8 6 5 9 -10 -9 -8 4 3 -3 -9 -10 14 6 2 5 6 -10 8 10 -8 2 10 -5 -2 9 4 -8 3 4 4 -3 8 6 -2 -6 -2 5 7 5 9 6 6 9 -4 -10 9 9 9 3 -9 10 9 -1 5 -2 ; 
0:128 0:24 0:310 0:172 0:28 0:38 0:220 0:306 0:124 0:44 0:208 0:124 0:100 0:112 0:122 0:94 0:108 0:170 0:140 0:150 0:106 0:16 0:92 0:40 0:114 0:74 0:102 0:116 0:12 0:24 0:20 0:24 0:78 0:178 0:14 0:72 0:256 0:448 0:42 0:30 0:50 0:88 0:34 0:2 0:142 0:60 0:34 0:136 0:92 0:38 0:48 0:138 0:90 0:82 0:100 0:26 0:38 0:108 0:94 0:62 0:60 0:20 0:56 0:96 0:144 0:172 0:266 0:26 0:142 0:120 0:116 0:16 0:26 0:70 0:170 0:284 0:122 0:56 0:82 0:50 0:122 0:174 0:124 0:62 0:16 0:36 0:130 0:88 0:68 0:78 0:126 0:104 0:96 0:56 0:136 0:28 0:210 0:102 0:96 0:28 0:152 0:246 0:246 0:48 0:200 0:260 0:114 0:56 0:156 0:120 0:174 0:28 0:24 0:2 0:92 0:116 0:40 0:182 0:14 0:4 0:182 0:46 0:4 0:154 0:80 0:268 0:14 0:118 0:94 0:46 0:72 0:48 0:150 0:50 0:16 0:16 0:56 0:32 0:44 0:48 0:34 0:62 0:148 0:42 0:66 0:134 0:62 0:142 0:134 0:210 0:90 0:12 0:96 0:166 0:24 0:150 0:44 0:24 0:136 0:82 0:38 0:160 0:22 0:56 0:46 0:36 0:156 0:144 0:206 0:100 0:56 0:82 0:96 0:152 0:48 0:98 0:116 0:140 0:30 0:188 0:192 0:72 0:104 0:84 0:166 0:130 0:18 0:138 0:128 0:24 0:94 0:126 0:114 0:26 0:76 0:104 0:42 0:204 0:220 0:146 0:180 ; 
L 4 -4 -3 5 -3 2 -7 9 -3 -7 -3 -2 -4 5 -6 7 -5 9 -7 2 4 3 7 -6 6 -6 5 8 -2 -7 4 10 -2 -10 7 -3 -10 -3 -7 -3 -6 5 -3 -8 4 5 -4 7 5 6 1 -7 5 10 2 6 1 9 -1 2 -10 9 6 -9 -2 -3 10 -6 -4 -7 1 2 -10 4 -4 2 9 -10 -9 9 -3 -7 5 9 -4 -9 2 -10 -8 -7 2 -2 -6 -2 7 5 6 -6 -1 -2 10 10 5 9 -5 -6 -9 7 -10 3 -8 6 -9 -4 -10 7 3 2 4 -2 -2 2 -3 -8 -2 -1 5 -4 -5 -4 8 2 9 4 2 -4 8 5 9 8 -2 6 6 -7 -6 -1 3 -1 -9 -2 -6 1 4 6 -5 2 1 -10 9 8 -1 -2 4 4 -5 5 -10 6 -7 -1 9 -9 6 7 -9 -6 -4 -8 2 8 2 5 -9 -7 1 -4 -4 -3 -10 -9 -1 9 7 -5 -9 4 9 9 -1 2 ; 
78 4 40 44 71 92 13 52 22 55 53 22 35 88 72 6 62 12 60 10 100 15 57 18 15 60 81 5 22 14 95 59 52 58 5 55 22 35 46 3 76 87 50 59 8 68 6 9 45 14 66 12 3 5 71 38 87 41 23 85 42 47 54 44 27 64 95 42 74 62 1 38 79 50 67 61 20 6 85 71 8 70 48 27 40 65 6 92 15 66 79 42 31 12 21 63 10 67 42 100 37 28 47 24 35 16 75 23 59 88 42 25 77 94 35 3 6 2 14 44 33 49 88 65 29 5 69 76 48 10 91 73 90 84 20 79 24 21 3 23 23 10 86 53 66 27 33 61 23 37 84 72 17 59 30 99 93 50 31 36 51 17 64 12 36 35 34 87 93 38 63 48 95 100 61 29 55 46 96 89 80 2 40 95 32 62 55 24 71 61 12 65 92 62 71 37 72 21 52 40 70 ; 
L 4 4 -2 9 -5 2 10 5 -6 2 -6 -12 -2 5 -2 -6 7 -7 -7 -9 -2 -5 -8 -9 6 -1 -7 -2 1 2 7 5 4 -1 9 -9 2 10 6 6 -9 -5 4 7 4 3 -2 3 4 -2 -3 -4 -7 2 6 3 7 3 7 -10 9 -1 7 -6 6 -3 2 4 -2 -7 -6 2 2 8 4 -4 -2 2 -8 4 5 -4 -5 8 13 -10 9 10 8 -8 9 7 2 6 -7 2 10 6 10 2 10 7 10 1 -2 -9 -6 -9 -14 -11 -3 2 -7 -9 -4 -3 -8 -6 -10 3 6 2 -10 -3 -8 -5 7 -9 -15 9 -4 -10 -5 -10 -6 9 -2 2 8 -8 -4 8 -1 5 4 -3 9 5 7 5 -7 6 -1 -9 9 -6 7 7 -4 5 -4 -4 -5 1 10 -1 5 -2 -9 6 9 9 -1 -4 -3 -1 5 -4 -3 5 1 1 -1 -5 2 4 9 -10 -9 6 -7 6 9 9 10 -5 -4 3 -1 2 ; 
0:156 0:112 0:64 0:140 0:100 0:20 0:10 0:154 0:78 0:102 0:154 0:80 0:8 0:48 0:322 0:24 0:132 0:214 0:188 0:102 0:30 0:152 0:42 0:98 0:150 0:32 0:78 0:36 0:104 0:38 0:16 0:24 0:180 0:144 0:50 0:122 0:84 0:70 0:40 0:206 0:62 0:48 0:146 0:148 0:120 0:152 0:250 0:78 0:48 0:68 0:120 0:30 0:16 0:30 0:96 0:104 0:30 0:120 0:44 0:34 0:104 0:40 0:210 0:152 0:24 0:24 0:24 0:162 0:50 0:92 0:200 0:208 0:184 0:66 0:16 0:134 0:56 0:52 0:106 0:16 0:168 0:132 0:244 0:180 0:112 0:56 0:76 0:122 0:288 0:102 0:108 0:72 0:24 0:272 0:186 0:94 0:118 0:52 0:270 0:18 0:128 0:42 0:94 0:132 0:112 0:44 0:130 0:118 0:122 0:126 0:178 0:180 0:30 0:106 0:188 0:46 0:82 0:16 0:20 0:128 0:12 0:108 0:98 0:118 0:118 0:196 0:34 0:80 0:18 0:20 0:144 0:166 0:52 0:34 0:92 0:118 0:76 0:98 0:48 0:8 0:20 0:86 0:102 0:148 0:112 0:98 0:24 0:36 0:42 0:54 0:140 0:62 0:40 0:84 0:56 0:110 0:44 0:280 0:64 0:114 0:92 0:110 0:80 0:42 0:62 0:36 0:54 0:70 0:70 0:48 0:122 0:38 0:42 0:124 0:80 0:72 0:138 0:32 0:94 0:102 0:108 0:144 0:36 0:52 0:92 0:272 0:124 0:12 0:170 0:144 0:120 0:112 0:68 0:98 0:18 0:114 0:76 0:256 0:10 0:80 0:140 ; 
L -8 5 -2 10 -2 7 9 6 -2 10 5 7 -8 -2 10 -9 -7 -1 2 9 -6 -7 -2 -5 6 8 1 -8 7 -7 2 -8 5 3 -10 6 -10 1 5 -3 3 -7 -6 8 10 -5 2 -1 -1 8 5 -2 9 1 1 4 5 8 5 7 -5 9 10 -10 6 -6 -2 6 -1 9 -10 4 -2 -8 9 -9 -1 -3 -3 -5 7 -3 -7 2 8 -4 9 10 8 -4 2 -8 5 5 2 4 -10 -8 -2 3 8 8 -5 -5 7 6 4 8 1 6 -7 -9 -4 -3 10 6 4 -3 -8 -3 10 -9 -7 3 7 -10 -1 -10 -9 5 3 -9 -8 3 -5 -5 -5 -2 -9 3 7 -2 7 3 8 7 8 -3 -6 7 9 10 10 3 -7 -5 -9 -10 9 8 -10 6 -4 -8 7 -5 5 4 1 -10 -6 7 5 -1 1 -1 7 -5 10 -4 2 2 5 -10 -6 3 -4 -9 -7 -8 6 3 4 4 6 -10 -8 1 3 10 ; 
23 57 22 24 23 31 81 51 73 55 56 82 46 44 93 58 75 94 85 32 47 6 39 72 85 26 39 39 40 1 59 84 35 3 53 50 13 14 33 46 92 10 100 36 57 64 93 98 60 8 16 6 94 62 47 63 38 92 97 52 16 2 88 11 74 36 71 76 66 73 41 16 32 67 62 97 94 51 34 12 47 3 47 61 80 64 19 19 9 81 67 42 6 78 23 3 22 58 54 42 74 12 78 32 94 64 51 66 50 15 67 89 85 100 26 76 5 10 19 26 55 70 51 46 94 100 62 95 94 69 70 66 65 34 72 97 34 19 47 36 9 38 75 85 53 100 11 95 42 25 53 91 45 57 76 94 95 53 21 25 11 36 33 74 60 19 16 26 76 26 6 90 80 54 27 42 55 35 41 78 2 25 97 26 46 90 27 30 72 56 69 19 84 64 75 3 6 25 100 23 3 ; 
L 5 2 -6 -6 3 8 9 -6 2 -8 3 -9 4 -8 10 -8 -7 -15 -3 -3 -2 -6 -9 -3 -10 10 5 5 7 -5 -2 -10 -7 10 10 7 8 7 3 -7 8 2 5 -10 1 5 6 -3 -5 -9 1 -1 -8 2 4 2 7 10 6 14 7 2 7 -5 -1 6 3 -8 6 4 2 -1 6 -3 -2 -1 -2 -5 4 6 -7 7 9 5 -3 9 5 -5 9 -11 -2 6 -13 4 7 -10 8 -7 -8 -7 -10 10 -8 -10 8 -10 7 1 -5 -7 6 -10 2 -8 7 1 1 -6 10 -1 4 2 4 8 3 -10 9 -9 -7 -8 4 8 3 9 -5 3 -8 5 1 9 5 10 -10 -6 9 10 3 -8 1 -2 -1 -2 9 5 -6 1 10 -9 -5 -3 9 -5 -7 -3 7 -3 6 3 1 -2 -5 4 7 5 3 -5 -9 -7 8 4 8 4 -2 -9 -6 -7 -9 -8 -1 5 4 -2 -10 8 -10 5 8 12 3 10 ; 
0:50 0:254 0:150 0:100 0:122 0:52 0:42 0:184 0:110 0:84 0:248 0:166 0:102 0:40 0:52 0:118 0:102 0:212 0:42 0:128 0:188 0:102 0:240 0:48 0:144 0:152 0:152 0:236 0:10 0:248 0:116 0:6 0:202 0:112 0:152 0:56 0:84 0:78 0:78 0:6 0:154 0:158 0:78 0:104 0:28 0:100 0:100 0:32 0:48 0:170 0:192 0:252 0:140 0:106 0:106 0:30 0:78 0:76 0:152 0:190 0:200 0:4 0:202 0:16 0:0 0:64 0:94 0:150 0:68 0:110 0:106 0:22 0:106 0:70 0:60 0:26 0:56 0:106 0:184 0:132 0:46 0:52 0:192 0:202 0:14 0:98 0:24 0:178 0:46 0:172 0:14 0:232 0:58 0:20 0:88 0:200 0:6 0:134 0:44 0:54 0:92 0:202 0:12 0:44 0:48 0:40 0:86 0:4 0:222 0:160 0:162 0:72 0:24 0:120 0:22 0:72 0:204 0:46 0:70 0:188 0:162 0:94 0:96 0:192 0:206 0:82 0:142 0:84 0:244 0:286 0:68 0:50 0:156 0:154 0:84 0:330 0:34 0:166 0:54 0:246 0:90 0:52 0:80 0:12 0:84 0:78 0:46 0:14 0:88 0:106 0:68 0:48 0:64 0:186 0:240 0:136 0:50 0:28 0:128 0:106 0:106 0:118 0:76 0:46 0:190 0:124 0:36 0:56 0:80 0:106 0:110 0:98 0:48 0:92 0:6 0:62 0:52 0:22 0:120 0:148 0:118 0:86 0:36 0:130 0:18 0:148 0:178 0:86 0:28 0:180 0:48 0:64 0:38 0:76 0:46 0:20 0:34 0:28 0:38 0:46 0:6 ; 
L 7 1 -6 3 6 8 2 9 10 -1 1 5 -1 -6 2 -3 -3 7 6 -1 6 1 -7 -6 -6 2 -6 3 -3 4 8 -7 10 10 7 7 7 -3 6 10 10 -2 9 -8 5 7 -10 -9 3 -4 8 -5 -2 1 2 3 3 8 10 -2 -7 10 6 7 8 -7 8 4 9 6 8 -10 4 1 5 -8 -7 -3 -10 -6 -10 2 -9 4 -1 -5 -2 -9 4 -2 5 -6 -4 -7 2 4 -1 5 7 7 -4 -2 2 -6 9 2 9 -2 -4 -8 -6 5 -8 -9 9 -8 -10 -6 -4 -6 8 -3 -7 10 -5 9 -1 -6 9 1 3 10 -4 7 6 -10 6 -10 6 -7 6 3 9 4 -7 -6 4 -3 -4 -8 -2 3 -4 2 9 2 1 3 -7 -7 3 6 3 3 3 -2 -9 -9 -10 3 -1 -6 4 -6 -2 -5 6 -7 5 -2 5 7 10 -2 -8 -2 2 -9 -5 6 2 1 -1 3 2 2 5 6 6 -9 ; 
97 11 3 32 51 61 70 72 77 75 11 1 24 50 53 5 41 33 95 89 3 2 15 39 35 68 62 29 71 15 23 73 75 10 34 22 63 24 47 42 3 57 27 34 11 47 3 64 16 31 83 70 18 73 96 29 96 20 24 92 40 46 17 23 69 52 65 75 33 7 39 100 12 22 42 87 11 83 49 27 10 30 11 97 87 92 33 18 70 42 53 8 54 20 47 1 16 12 50 91 43 26 72 7 6 86 24 29 90 52 72 2 76 15 63 55 99 6 37 57 7 97 4 14 70 67 65 34 18 63 25 64 42 16 31 82 41 63 16 94 72 73 30 51 23 45 46 30 65 29 86 95 24 45 42 51 3 2 66 33 87 13 93 17 18 99 50 10 87 12 22 63 33 5 95 10 88 63 83 6 71 89 60 46 54 89 15 37 6 44 61 31 71 41 44 75 72 4 28 32 68 ; 
L 1 6 -2 3 2 -3 2 8 4 1 10 4 -6 -2 5 8 -1 -4 10 2 6 -2 7 -6 1 -9 -5 -9 10 -9 6 -7 1 6 3 6 -2 1 1 -7 7 10 -1 -2 -6 10 -9 -6 2 -6 2 -6 8 10 -2 4 -8 -9 9 -6 7 3 -7 2 7 -10 9 7 -2 -8 -10 -6 -2 2 8 3 -5 -8 6 -2 -3 -10 5 4 8 -10 -5 -9 -3 -4 -3 -7 -4 2 8 -15 -1 2 3 -1 -7 -3 -1 -6 -10 5 8 -10 5 -9 6 -10 -9 6 3 2 -5 2 -4 2 2 4 12 -3 -10 8 7 6 2 -10 7 -6 7 -5 -7 -4 -2 5 7 7 -6 -6 -8 11 -1 3 -9 -10 -4 -3 -1 3 -1 9 -10 3 -6 -5 -9 4 9 -6 -3 -1 -7 -6 -7 -9 -4 -8 14 -9 6 4 5 7 -6 -10 3 -7 -6 2 -7 3 3 -8 -13 -4 7 -5 4 4 -3 1 2 -8 -5 9 6 -9 ; 
0:104 0:68 0:92 0:46 0:170 0:156 0:82 0:62 0:118 0:168 0:112 0:124 0:30 0:28 0:64 0:14 0:202 0:82 0:116 0:106 0:214 0:32 0:18 0:74 0:62 0:40 0:54 0:128 0:24 0:128 0:20 0:222 0:100 0:44 0:10 0:26 0:68 0:82 0:46 0:62 0:56 0:78 0:62 0:120 0:60 0:46 0:62 0:80 0:74 0:124 0:40 0:62 0:80 0:96 0:132 0:148 0:96 0:78 0:126 0:98 0:28 0:8 0:22 0:66 0:196 0:16 0:178 0:94 0:126 0:80 0:198 0:12 0:70 0:30 0:148 0:54 0:46 0:204 0:180 0:162 0:110 0:82 0:176 0:14 0:164 0:82 0:78 0:96 0:82 0:48 0:130 0:190 0:8 0:120 0:172 0:140 0:98 0:88 0:70 0:230 0:70 0:40 0:126 0:126 0:44 0:80 0:24 0:84 0:126 0:90 0:210 0:112 0:170 0:36 0:108 0:110 0:90 0:192 0:10 0:168 0:66 0:12 0:128 0:204 0:146 0:32 0:46 0:178 0:144 0:96 0:72 0:188 0:34 0:118 0:68 0:276 0:32 0:142 0:144 0:66 0:138 0:42 0:0 0:24 0:166 0:112 0:34 0:174 0:94 0:80 0:4 0:76 0:50 0:94 0:116 0:68 0:58 0:172 0:40 0:126 0:96 0:206 0:124 0:56 0:56 0:92 0:120 0:38 0:40 0:76 0:132 0:46 0:42 0:52 0:68 0:44 0:62 0:128 0:102 0:184 0:90 0:54 0:50 0:52 0:64 0:168 0:146 0:204 0:52 0:32 0:46 0:8 0:118 0:14 0:90 0:56 0:60 0:10 0:26 0:64 0:136 ; 
L 1 7 -6 7 2 3 -2 9 -6 -7 -7 -6 -3 8 7 -4 8 -8 -9 -7 3 -7 10 5 -7 -6 -10 -2 1 -7 -2 -8 -8 9 3 -4 -10 2 -8 4 -3 9 -3 -10 -2 -4 -4 7 5 1 6 10 -10 2 -5 4 -8 -1 7 -6 -2 4 -1 1 -6 3 3 -3 4 -9 4 -8 8 -4 4 3 4 -1 3 2 -7 5 -4 8 -10 -6 -4 -1 -6 -6 2 8 4 -9 2 -8 -1 -9 -2 -6 7 5 -9 3 -6 -3 9 2 -1 5 -2 6 -10 -10 -1 -1 9 1 -5 -5 2 1 -9 -7 8 -4 10 -5 -5 9 -2 -8 -10 4 3 -1 -6 1 -1 -7 8 5 1 3 -10 5 -1 -2 -6 -7 6 -10 -7 3 6 1 -4 -9 -3 5 -6 -9 -9 4 4 -5 -9 2 -8 -5 -5 5 1 -9 -6 -6 -10 6 -1 4 7 -6 7 5 -1 -4 4 10 10 -2 3 -9 -4 -8 1 3 -3 10 10 5 ; 
3 66 85 33 27 38 6 17 41 22 2 58 94 97 96 24 57 82 19 73 19 43 67 30 40 17 14 7 45 54 3 68 32 44 29 54 35 3 21 1 50 22 88 38 3 16 5 70 46 26 76 6 19 68 83 40 13 63 51 31 7 38 87 1 23 58 93 5 36 79 24 100 11 64 56 74 33 56 60 76 46 4 52 98 60 65 58 6 64 58 47 68 12 52 94 6 31 57 74 73 60 91 42 90 7 55 91 5 76 66 25 45 49 92 89 9 39 36 6 49 45 68 78 70 83 36 15 53 92 86 88 29 98 79 1 53 4 71 4 36 84 40 30 81 48 48 38 98 12 71 39 91 35 56 45 15 27 92 15 70 20 94 89 86 48 17 55 15 70 2 84 25 68 81 75 83 97 13 74 68 87 14 13 28 45 17 10 77 33 45 100 55 13 46 37 32 11 31 2 72 76 ; 
L 1 7 -8 1 -1 -7 -2 12 8 4 -5 4 10 -5 -10 -5 4 4 1 6 -3 -2 -10 -9 -4 9 2 -6 -3 -6 -6 -6 -4 -7 3 5 7 1 -3 -7 5 -9 4 7 9 10 8 7 5 -1 2 -4 -2 8 -6 -2 -8 -1 -3 8 3 3 9 -5 -6 1 10 -6 5 6 1 -10 -1 -6 -2 6 5 -1 -10 4 -6 -4 -2 4 6 1 -3 -10 1 5 -2 -5 -3 -9 6 -7 4 -4 2 -11 10 -1 -9 15 -10 -9 -2 -1 5 7 -5 -7 1 9 5 -4 2 -5 -1 4 -8 -4 3 -3 -4 -3 -4 2 -10 -3 4 3 10 8 -8 2 7 7 6 2 -1 3 -10 -7 8 8 3 -1 -3 -7 -4 -1 -14 -8 2 6 -9 10 5 -6 10 9 -8 9 3 -7 4 -6 9 10 1 -7 -5 8 4 -8 9 -9 9 -1 -5 -8 8 -7 -2 -7 -7 -10 -10 4 -6 -9 6 2 3 -9 4 1 5 13 ; 
0:6 0:132 0:64 0:76 0:8 0:72 0:148 0:136 0:132 0:24 0:68 0:16 0:76 0:80 0:62 0:206 0:134 0:148 0:8 0:30 0:192 0:92 0:46 0:160 0:136 0:222 0:128 0:64 0:44 0:66 0:86 0:174 0:60 0:52 0:68 0:28 0:94 0:22 0:96 0:78 0:56 0:204 0:20 0:176 0:194 0:98 0:72 0:8 0:56 0:90 0:60 0:82 0:58 0:162 0:68 0:50 0:18 0:126 0:144 0:194 0:82 0:76 0:48 0:82 0:100 0:26 0:178 0:128 0:144 0:138 0:196 0:62 0:108 0:36 0:168 0:94 0:152 0:252 0:138 0:158 0:64 0:38 0:102 0:162 0:180 0:88 0:100 0:76 0:10 0:84 0:26 0:70 0:96 0:98 0:70 0:168 0:190 0:110 0:34 0:36 0:90 0:118 0:194 0:140 0:172 0:42 0:98 0:76 0:56 0:92 0:16 0:138 0:44 0:88 0:284 0:80 0:32 0:166 0:68 0:186 0:14 0:24 0:72 0:128 0:148 0:164 0:62 0:298 0:90 0:158 0:116 0:132 0:126 0:80 0:164 0:42 0:108 0:170 0:14 0:38 0:72 0:64 0:136 0:50 0:16 0:58 0:304 0:44 0:92 0:46 0:156 0:72 0:68 0:74 0:64 0:78 0:136 0:130 0:120 0:28 0:54 0:24 0:56 0:108 0:40 0:86 0:190 0:50 0:118 0:10 0:28 0:18 0:256 0:102 0:26 0:64 0:46 0:168 0:74 0:58 0:52 0:110 0:28 0:212 0:36 0:136 0:4 0:112 0:150 0:244 0:50 0:68 0:136 0:246 0:76 0:56 0:142 0:36 0:84 0:60 0:194 ; 
L 8 3 9 3 -10 -7 10 -3 -6 -9 10 -5 9 10 -4 8 8 -9 -5 9 -3 7 -1 -1 10 -2 -8 -9 -3 5 -7 -5 -9 -4 2 8 3 -5 10 -8 -6 5 6 4 5 -1 -6 -1 -10 3 -2 9 7 6 -3 4 2 -4 -4 -4 6 -9 -10 8 5 -6 -6 -2 7 -3 7 -6 -1 -2 -1 -7 -8 2 7 -3 8 3 6 -5 -4 -4 6 -3 10 -1 -3 -3 6 10 -5 -2 -3 2 5 3 5 2 -3 8 10 6 -1 -7 2 -8 9 -2 1 -7 -1 -8 -3 2 -9 -10 9 7 -8 1 6 6 9 -5 -6 9 1 -6 -4 -4 -1 3 -8 -5 1 5 -6 -3 -6 -8 -7 9 6 -1 6 10 1 -6 10 -10 -2 -6 -2 6 1 7 9 -8 -1 7 9 7 6 -3 -5 -1 10 3 9 -8 7 -9 -5 -7 7 6 1 4 -5 10 8 -10 -8 -4 -10 -7 -8 -7 -8 2 -2 9 1 -5 -6 4 ; 
75 56 48 45 83 81 15 24 74 57 83 58 92 36 14 68 44 59 51 64 83 57 51 75 22 100 7 26 80 7 94 73 92 19 90 56 27 98 13 14 37 68 14 88 43 88 60 92 9 67 56 30 10 25 36 100 48 52 33 11 42 98 61 94 30 100 66 47 61 52 25 17 64 34 4 43 47 39 83 100 80 58 68 43 23 69 52 22 48 32 81 56 64 92 2 64 17 51 23 98 27 25 45 74 88 21 12 54 26 88 5 55 50 89 34 84 84 79 47 98 48 33 46 5 64 59 20 79 45 70 41 55 76 23 70 24 9 39 99 39 72 60 19 76 30 33 24 1 23 59 90 71 29 64 29 15 8 16 42 53 100 16 83 84 55 18 92 31 26 90 75 31 24 95 68 25 66 30 94 13 57 41 45 85 83 1 62 49 14 52 20 62 25 76 14 73 80 28 85 89 97 ; 
L 8 1 6 -8 -6 -4 8 2 -6 5 7 6 -3 10 -8 3 1 9 5 2 5 3 7 -3 3 -2 8 4 8 3 7 -5 -6 -10 -5 -8 -6 1 -1 7 -3 2 -9 7 -6 10 4 4 -3 -1 -2 -5 5 10 2 3 -6 10 2 9 6 4 -9 -5 -7 -1 -8 14 5 -6 -5 7 -6 -7 7 9 6 -3 2 -3 8 4 1 -7 2 7 5 4 10 -10 -8 9 3 -5 -1 -10 -2 4 -4 -5 -1 2 -1 -9 6 -8 -9 3 15 10 -10 6 -8 -8 6 -3 8 -10 -8 8 5 -1 -7 6 -5 -3 7 4 -9 -3 2 9 9 -7 10 -11 -7 5 -4 6 -10 -6 -9 5 -9 10 8 -7 10 8 -3 7 1 6 -4 -8 -7 -9 -6 9 1 5 -12 4 -9 1 5 6 1 -3 1 -6 -3 -1 8 2 7 1 -10 -10 -7 -1 10 1 2 -10 -1 -6 -2 3 9 -9 -6 -3 -9 13 -2 -8 -6 4 ; 
0:150 0:130 0:168 0:58 0:56 0:18 0:124 0:14 0:106 0:120 0:346 0:144 0:154 0:64 0:88 0:148 0:144 0:140 0:16 0:30 0:182 0:358 0:104 0:20 0:50 0:118 0:96 0:92 0:30 0:130 0:40 0:188 0:150 0:14 0:166 0:28 0:60 0:160 0:108 0:156 0:228 0:62 0:98 0:20 0:34 0:144 0:128 0:22 0:34 0:32 0:94 0:140 0:124 0:140 0:56 0:84 0:146 0:90 0:152 0:28 0:104 0:240 0:238 0:116 0:122 0:106 0:132 0:160 0:44 0:128 0:2 0:80 0:58 0:10 0:16 0:70 0:44 0:258 0:158 0:38 0:160 0:106 0:32 0:106 0:52 0:210 0:194 0:178 0:112 0:124 0:58 0:150 0:50 0:232 0:122 0:106 0:54 0:132 0:84 0:36 0:78 0:206 0:38 0:112 0:140 0:48 0:60 0:34 0:138 0:126 0:26 0:142 0:186 0:128 0:48 0:274 0:56 0:114 0:174 0:116 0:52 0:36 0:112 0:48 0:90 0:64 0:30 0:18 0:78 0:244 0:58 0:34 0:102 0:132 0:22 0:66 0:130 0:54 0:122 0:108 0:284 0:74 0:28 0:128 0:82 0:50 0:120 0:58 0:10 0:136 0:42 0:206 0:104 0:142 0:160 0:24 0:186 0:116 0:72 0:62 0:182 0:22 0:70 0:108 0:126 0:32 0:72 0:104 0:20 0:16 0:198 0:36 0:136 0:204 0:118 0:124 0:122 0:26 0:36 0:46 0:96 0:204 0:220 0:18 0:44 0:22 0:140 0:14 0:94 0:30 0:160 0:122 0:50 0:20 0:52 0:86 0:104 0:170 0:54 0:178 0:194 ; 
L -2 10 -9 -4 7 -7 -10 -5 -9 4 -7 -9 -6 -8 -1 -2 -10 2 -8 -3 7 -3 -7 -8 6 -10 5 -8 10 -6 6 -2 5 7 -6 1 7 4 7 -3 6 -3 9 5 -6 7 2 10 7 8 1 -9 9 10 3 7 8 1 -7 10 -2 -7 -5 -5 -10 -10 -7 8 2 -3 -2 2 10 -8 8 -8 -9 9 -8 -3 2 -4 -7 -8 -10 -3 -5 -7 9 -7 -1 5 -9 -5 -9 6 10 -2 8 -5 1 3 -9 -7 4 9 -10 -2 2 2 5 4 5 5 7 10 8 -3 4 -10 -9 -7 -1 -7 4 -5 -7 -1 -4 2 -7 -3 -4 3 -3 -10 -8 -4 -4 -5 5 5 3 10 -5 -5 -3 -7 9 6 10 -7 -2 5 7 -5 9 -10 -4 -8 2 -6 8 10 2 -3 10 -4 1 -8 1 -2 10 8 -3 7 -10 4 4 8 10 -1 5 10 3 8 2 -5 6 -5 4 -8 -5 6 4 -9 -4 -3 8 6 ; 
7 23 65 76 90 8 19 67 47 9 17 71 63 29 82 65 77 81 4 52 48 52 7 60 61 76 80 95 8 27 61 47 71 44 40 2 18 37 62 83 56 95 96 15 37 45 24 18 89 82 89 85 39 19 86 49 91 35 95 19 68 7 78 52 88 53 30 86 95 97 75 49 75 11 89 52 4 72 3 35 10 29 24 80 12 80 3 57 54 28 44 90 86 23 75 29 32 77 6 63 64 55 46 30 91 40 29 63 12 83 85 45 23 87 78 53 83 85 55 99 46 89 19 76 12 44 22 94 72 48 22 26 40 38 80 31 39 81 11 93 13 8 30 87 41 88 82 44 40 93 86 82 22 53 12 1 44 85 19 6 52 15 25 34 100 8 30 33 27 8 50 11 39 57 73 14 33 3 29 15 35 36 5 75 52 86 23 50 47 44 8 33 26 53 45 35 9 89 13 66 3 ; 
L -2 -12 5 5 7 -7 -10 -5 -5 -5 1 -9 -7 10 14 -5 -1 7 -6 8 9 8 2 4 -3 -5 9 6 7 8 9 9 -7 9 -5 1 4 -2 4 9 8 -2 -7 -8 8 -3 -7 -13 -4 9 -3 6 -10 -7 10 -2 5 8 5 -15 6 -10 -5 5 10 2 4 -7 9 -10 7 3 -4 7 4 2 -3 10 -7 -7 4 -4 -8 6 -10 3 10 8 -10 -2 1 -10 1 -10 8 -1 -7 5 5 10 -8 2 -10 -8 5 4 10 5 9 6 2 8 -7 11 9 5 5 -5 -8 2 -3 4 8 6 -5 4 4 2 10 -3 7 -3 2 6 -8 2 -4 3 7 6 5 -4 -3 1 -8 8 10 -3 10 -10 -3 7 3 9 -7 10 1 8 -4 -7 10 8 -3 7 -10 9 7 7 2 -5 -9 2 7 10 -8 8 4 1 -9 9 -4 7 -4 5 -2 -5 10 -6 -2 -2 7 -9 1 -3 3 6 -1 -3 8 6 ; 
0:14 0:102 0:84 0:16 0:106 0:16 0:38 0:134 0:122 0:96 0:94 0:58 0:170 0:192 0:92 0:102 0:66 0:60 0:38 0:50 0:94 0:38 0:66 0:104 0:34 0:92 0:84 0:56 0:246 0:164 0:40 0:88 0:142 0:34 0:80 0:180 0:2 0:108 0:82 0:10 0:28 0:8 0:102 0:88 0:120 0:52 0:96 0:86 0:48 0:182 0:118 0:168 0:96 0:110 0:38 0:88 0:174 0:174 0:38 0:22 0:86 0:192 0:98 0:252 0:84 0:124 0:122 0:46 0:108 0:62 0:164 0:32 0:62 0:182 0:80 0:92 0:92 0:38 0:66 0:74 0:34 0:24 0:38 0:188 0:12 0:60 0:146 0:68 0:148 0:170 0:44 0:234 0:38 0:120 0:276 0:16 0:22 0:220 0:176 0:128 0:112 0:108 0:106 0:240 0:114 0:186 0:226 0:32 0:2 0:26 0:288 0:362 0:82 0:60 0:94 0:120 0:102 0:44 0:98 0:114 0:162 0:110 0:74 0:106 0:30 0:42 0:310 0:156 0:32 0:86 0:84 0:92 0:96 0:56 0:6 0:70 0:84 0:20 0:46 0:164 0:106 0:48 0:14 0:82 0:106 0:142 0:94 0:96 0:18 0:36 0:158 0:66 0:94 0:168 0:40 0:74 0:78 0:94 0:158 0:302 0:64 0:50 0:66 0:28 0:66 0:20 0:154 0:98 0:130 0:198 0:68 0:22 0:46 0:202 0:196 0:50 0:120 0:28 0:170 0:78 0:38 0:14 0:60 0:54 0:178 0:86 0:128 0:112 0:96 0:32 0:184 0:16 0:132 0:72 0:86 0:68 0:80 0:42 0:60 0:132 0:6 ; 
L 8 5 -10 -3 10 10 -3 10 7 -3 -2 -10 5 -7 7 -9 -10 -7 -9 -7 6 7 -5 -10 1 2 6 4 -3 8 7 -4 -7 2 10 2 -8 2 -1 5 7 -3 5 -1 -6 3 10 7 5 7 -5 8 -9 -5 -10 -8 -6 7 -3 -5 -2 10 2 8 2 2 -3 -2 2 5 -5 -1 -9 6 -1 -9 -10 -7 -6 9 -10 6 -7 9 3 2 8 -3 6 6 3 -2 -9 -8 -4 8 -3 -6 10 5 -5 7 -1 9 -10 5 -10 3 -4 8 -4 7 -10 3 -7 5 10 -2 -5 -9 4 -9 3 -4 5 1 -1 4 1 -7 3 -8 -8 -1 5 -1 6 -7 2 -5 6 -5 -5 -7 7 -10 1 -7 -5 10 4 -10 -2 5 4 -2 -4 5 5 -4 1 -7 -8 7 -8 6 -1 1 4 1 1 -10 9 -1 -6 5 2 -8 1 -4 1 -2 -8 -10 -3 9 -9 -10 -10 -3 -8 -3 -1 -6 5 4 -5 7 -9 1 ; 
72 26 95 60 1 94 41 60 80 82 9 98 63 8 3 77 3 17 57 1 91 48 80 100 82 47 70 80 20 88 67 42 12 69 23 16 89 16 42 52 21 87 89 25 78 68 33 27 86 35 1 30 99 13 7 4 18 95 16 63 57 87 8 99 57 55 68 62 99 22 23 20 75 33 12 43 81 61 87 67 15 21 48 16 74 94 91 71 33 43 96 44 33 54 32 68 65 98 22 21 71 67 70 59 52 3 17 85 47 15 61 59 43 81 78 55 28 36 79 25 19 58 43 76 82 58 1 25 19 19 42 38 43 2 58 75 48 32 40 89 7 27 42 28 65 92 43 88 96 80 9 13 17 34 59 5 59 33 77 79 99 1 85 89 95 68 37 65 60 22 77 75 84 76 67 43 58 53 44 44 52 21 13 96 61 36 97 42 65 46 3 81 57 53 81 21 13 16 51 90 28 ; 
L -2 -10 9 3 -10 5 -8 6 10 -2 -1 10 5 5 1 -2 4 8 5 7 -6 -4 -9 -8 -1 -2 4 10 8 -10 6 9 1 2 7 6 -4 -9 3 7 -5 4 -5 10 11 -1 1 7 4 -5 -10 4 6 5 -12 9 1 -7 -2 -7 13 -5 -8 8 1 4 7 -3 -9 -1 -3 -10 5 -2 -8 3 -10 6 -3 14 -10 1 8 7 6 3 -7 -7 2 10 -7 -7 -2 7 10 -9 2 3 -3 -5 -1 2 -7 6 5 4 -1 4 -8 2 -10 3 -10 -2 2 -9 10 -6 5 2 -3 -1 4 7 -4 5 -3 5 -8 9 -6 -3 1 10 -7 1 9 -2 3 -5 6 8 5 -7 -5 9 -10 -3 -8 9 6 -1 10 -5 9 7 -8 -10 6 1 10 10 1 8 10 15 2 5 -5 3 -4 5 -10 -4 -5 -6 -1 -2 -1 -5 3 5 -7 6 -3 -7 -8 7 -5 -3 -8 7 8 -5 5 -7 10 -2 -9 1 ; 
0:104 0:176 0:16 0:62 0:214 0:98 0:18 0:128 0:128 0:84 0:66 0:164 0:126 0:106 0:28 0:84 0:18 0:64 0:42 0:16 0:64 0:120 0:182 0:4 0:30 0:92 0:214 0:46 0:152 0:130 0:100 0:88 0:150 0:22 0:106 0:66 0:142 0:122 0:64 0:20 0:84 0:34 0:22 0:110 0:94 0:70 0:130 0:44 0:54 0:20 0:50 0:36 0:150 0:106 0:120 0:260 0:86 0:78 0:260 0:86 0:232 0:228 0:132 0:54 0:76 0:92 0:106 0:98 0:94 0:214 0:88 0:230 0:50 0:98 0:282 0:146 0:10 0:68 0:52 0:188 0:80 0:2 0:82 0:82 0:74 0:180 0:122 0:10 0:138 0:46 0:160 0:120 0:104 0:44 0:188 0:192 0:102 0:24 0:56 0:134 0:96 0:166 0:106 0:78 0:134 0:112 0:158 0:196 0:66 0:142 0:132 0:120 0:82 0:86 0:56 0:52 0:252 0:22 0:114 0:188 0:160 0:6 0:198 0:46 0:98 0:106 0:72 0:64 0:150 0:222 0:88 0:56 0:160 0:68 0:20 0:72 0:124 0:136 0:136 0:114 0:110 0:54 0:294 0:52 0:70 0:112 0:250 0:122 0:140 0:66 0:146 0:188 0:162 0:42 0:38 0:66 0:152 0:124 0:24 0:80 0:74 0:32 0:36 0:18 0:98 0:46 0:42 0:106 0:152 0:100 0:80 0:36 0:58 0:50 0:50 0:130 0:102 0:88 0:134 0:118 0:118 0:132 0:48 0:182 0:70 0:172 0:8 0:72 0:16 0:238 0:54 0:244 0:52 0:102 0:310 0:78 0:138 0:66 0:140 0:180 0:56 ; 
L -6 -9 -10 2 -4 6 -9 -4 2 -5 8 -6 6 -7 -1 1 -8 10 -10 7 1 4 -3 -1 -4 2 3 -10 4 10 -3 6 -1 10 8 -3 5 5 7 -9 9 -8 -8 -8 -1 10 6 10 -2 5 1 -6 -3 -4 7 5 1 3 6 -2 -1 -6 7 -4 10 10 -5 5 -4 -7 -2 2 2 -7 -1 1 4 -4 8 -10 -7 -2 1 -5 -7 -5 10 10 -1 1 -9 -10 7 -10 -10 3 -2 3 -5 -2 2 7 -5 6 -4 -6 -10 10 -8 -10 -3 -9 -4 4 -8 -2 -9 5 -5 1 -4 -10 10 -7 8 8 -10 -2 -1 -7 1 8 -6 -1 8 3 -6 -10 9 4 -5 -1 -3 -6 -5 3 7 -9 7 -2 9 -8 5 1 -8 5 2 -1 -10 3 10 5 -4 10 -9 9 8 -7 -6 -3 -9 5 -7 -5 -6 9 -10 -4 10 -3 5 7 10 1 10 10 9 -4 9 -4 1 7 -7 -10 2 3 6 -9 10 2 ; 
10 73 83 29 70 94 37 30 80 89 6 54 16 57 5 19 39 35 75 78 67 47 25 68 63 33 64 69 13 2 78 52 43 13 95 65 47 77 72 2 39 79 42 32 26 55 6 78 42 51 52 90 68 83 21 84 14 10 62 58 12 81 71 63 80 80 23 55 86 8 52 87 69 61 81 23 81 59 19 100 33 93 79 71 40 24 40 4 28 64 97 58 92 90 96 8 65 77 99 39 80 20 13 3 86 53 70 63 72 89 62 86 67 46 12 100 36 84 7 92 1 65 71 21 38 89 65 35 31 92 13 42 91 37 95 66 60 94 45 27 88 47 95 53 55 4 78 23 34 56 55 99 69 21 25 89 19 12 10 35 77 43 53 67 59 26 7 14 6 60 56 64 4 59 27 70 93 57 81 9 95 51 63 15 29 80 51 60 30 48 83 36 38 93 17 42 62 19 77 89 41 ; 
L -2 -10 10 8 -9 -9 -8 -9 2 -3 15 -10 -4 4 6 8 -2 -5 7 -6 -8 -7 -2 -10 10 -7 -3 9 -2 -4 5 -7 -3 7 10 6 8 -3 7 6 10 9 4 9 -3 -6 -2 -7 -3 10 -1 -8 -5 -1 -1 10 -7 -5 3 10 -4 8 -1 1 -5 -4 -10 9 -1 10 -5 -12 -4 -2 -6 -4 -1 -6 -10 -10 3 9 10 -7 10 -10 1 2 7 -5 -9 -3 -8 6 2 6 6 -6 5 -7 -8 -7 -3 9 -2 -9 -5 8 2 -5 10 -1 -3 -8 -10 -5 -4 -11 7 9 6 -5 -2 -8 -1 4 9 -5 -10 4 -5 9 6 5 2 -2 7 10 1 -2 -8 9 7 -5 9 -1 -13 7 1 1 -1 4 4 3 10 8 1 -1 1 -5 -10 1 6 -10 -10 -4 14 -5 3 1 7 6 -10 -3 3 -1 -10 3 -10 -8 -4 7 -10 10 8 -7 7 -5 -4 -6 1 5 4 -2 4 -5 9 2 10 2 ; 
0:64 0:12 0:124 0:80 0:68 0:100 0:62 0:178 0:68 0:204 0:82 0:146 0:186 0:52 0:132 0:104 0:108 0:170 0:52 0:202 0:140 0:64 0:104 0:32 0:58 0:142 0:172 0:40 0:226 0:8 0:4 0:214 0:110 0:128 0:206 0:82 0:118 0:130 0:44 0:268 0:4 0:66 0:112 0:134 0:44 0:158 0:38 0:118 0:54 0:238 0:94 0:86 0:30 0:24 0:52 0:128 0:32 0:76 0:34 0:198 0:32 0:54 0:182 0:110 0:162 0:156 0:84 0:14 0:72 0:44 0:80 0:30 0:68 0:198 0:108 0:116 0:52 0:186 0:12 0:124 0:84 0:120 0:214 0:140 0:16 0:126 0:72 0:88 0:94 0:138 0:50 0:220 0:132 0:22 0:152 0:130 0:54 0:102 0:138 0:8 0:42 0:168 0:20 0:92 0:50 0:154 0:256 0:146 0:202 0:22 0:52 0:150 0:96 0:40 0:34 0:4 0:68 0:126 0:206 0:90 0:146 0:26 0:48 0:108 0:84 0:46 0:250 0:80 0:172 0:228 0:176 0:160 0:148 0:134 0:92 0:166 0:186 0:112 0:162 0:82 0:116 0:56 0:54 0:24 0:168 0:108 0:166 0:150 0:26 0:78 0:14 0:16 0:12 0:166 0:264 0:110 0:40 0:146 0:82 0:68 0:148 0:14 0:74 0:132 0:52 0:40 0:20 0:164 0:182 0:142 0:194 0:104 0:54 0:84 0:188 0:120 0:30 0:90 0:58 0:62 0:184 0:62 0:136 0:160 0:186 0:28 0:40 0:12 0:60 0:158 0:166 0:120 0:70 0:66 0:96 0:144 0:138 0:160 0:96 0:178 0:82 ; 
L 4 7 7 1 -1 -7 7 3 -7 -5 -2 4 4 2 6 6 7 6 -10 7 4 4 9 -1 7 -7 6 -1 -6 -8 -2 8 -1 2 -8 -5 -4 10 -3 -2 -1 1 -4 -9 -8 -10 -2 -10 2 1 -6 -8 2 -9 2 -5 -9 -9 1 8 4 8 5 -1 -2 6 9 -9 -9 -8 2 -6 7 5 9 5 1 -2 7 -10 -6 9 -3 -2 1 -5 6 7 -6 9 -4 -9 2 4 -2 9 10 -5 2 -5 9 6 2 5 2 4 2 -6 10 8 -6 9 -1 6 -4 5 -3 -6 2 -4 8 -1 -4 -1 5 -9 9 -8 2 -7 -7 -4 8 1 9 10 8 -7 -5 -7 2 -9 6 5 7 -2 4 -6 -1 -5 -9 -1 -6 6 -2 -6 4 2 -7 -4 -3 -10 -8 -5 5 -4 3 -4 2 1 9 1 -5 -7 10 10 10 9 7 -3 7 1 1 -2 -9 10 9 -8 9 9 10 8 6 -10 7 -1 1 -3 1 -1 ; 
71 95 5 73 69 5 12 31 79 92 77 64 6 99 3 26 14 14 71 100 27 96 25 20 88 27 10 93 24 55 70 56 46 62 66 40 12 40 44 87 83 28 30 6 83 37 18 85 90 53 67 16 28 60 1 83 72 13 21 42 9 13 91 72 42 62 26 43 84 78 60 43 67 60 53 99 38 67 85 46 52 67 41 31 39 42 93 27 65 50 36 99 17 64 72 18 15 49 29 45 10 61 97 79 47 67 97 32 44 54 67 11 72 44 35 54 27 18 40 30 78 8 38 66 62 5 21 58 53 62 98 72 21 7 33 58 89 11 13 2 90 98 26 20 94 90 30 90 82 6 86 18 97 35 6 53 25 68 4 98 39 63 78 92 25 71 77 22 58 92 27 73 59 69 21 55 96 20 15 54 78 15 85 40 2 75 28 22 75 91 16 69 38 66 43 60 66 5 16 36 12 ; 
L 15 4 7 4 6 1 -7 -7 14 -8 10 -6 4 10 10 -11 5 9 6 6 9 -2 8 5 2 -7 5 7 2 -9 6 2 -9 -6 6 -12 -5 6 7 -9 10 -10 6 -9 1 1 -9 6 -7 4 1 4 5 4 8 6 6 -1 -2 7 -2 9 8 -1 -8 -10 1 -4 8 2 -3 -9 -4 -7 1 -8 2 4 -9 2 -6 -1 -4 -4 10 1 -7 8 -10 -5 5 -9 1 8 -4 -9 9 2 5 8 9 7 -5 9 10 -2 2 4 -3 -2 -9 -1 1 -10 7 8 -4 -4 8 -7 5 -2 -13 6 3 2 2 -3 -9 -10 -8 10 7 -9 -10 -2 2 1 5 1 -2 1 -2 7 -9 -9 9 -5 8 -10 4 -7 5 5 -4 2 -2 6 -1 8 -6 2 9 -6 9 7 4 -3 -1 9 -1 4 2 -1 -1 -1 -5 6 -8 -7 7 -6 5 1 1 -3 5 -6 7 2 -6 7 3 10 -2 4 -9 6 1 -1 ; 
0:108 0:174 0:190 0:26 0:66 0:64 0:114 0:40 0:80 0:154 0:20 0:60 0:156 0:134 0:22 0:40 0:116 0:92 0:208 0:62 0:62 0:20 0:26 0:182 0:150 0:70 0:6 0:188 0:62 0:122 0:46 0:62 0:136 0:162 0:224 0:208 0:172 0:186 0:54 0:154 0:140 0:124 0:16 0:58 0:48 0:38 0:40 0:90 0:110 0:110 0:324 0:44 0:20 0:76 0:176 0:38 0:34 0:20 0:98 0:180 0:30 0:34 0:40 0:32 0:52 0:138 0:60 0:116 0:150 0:92 0:80 0:120 0:104 0:292 0:10 0:74 0:96 0:198 0:138 0:208 0:160 0:76 0:36 0:56 0:70 0:160 0:106 0:12 0:70 0:92 0:32 0:44 0:98 0:104 0:14 0:28 0:112 0:52 0:78 0:52 0:68 0:304 0:134 0:148 0:4 0:56 0:16 0:10 0:44 0:130 0:40 0:62 0:34 0:84 0:134 0:240 0:172 0:106 0:80 0:66 0:30 0:70 0:140 0:78 0:24 0:46 0:136 0:84 0:220 0:126 0:162 0:48 0:24 0:96 0:148 0:36 0:252 0:106 0:210 0:150 0:80 0:142 0:110 0:40 0:24 0:92 0:114 0:30 0:126 0:42 0:194 0:130 0:116 0:128 0:106 0:128 0:2 0:228 0:118 0:164 0:26 0:224 0:58 0:126 0:22 0:236 0:88 0:216 0:80 0:58 0:170 0:96 0:70 0:412 0:136 0:168 0:84 0:136 0:84 0:160 0:150 0:34 0:160 0:118 0:80 0:12 0:66 0:144 0:20 0:130 0:156 0:114 0:62 0:118 0:194 0:96 0:26 0:72 0:68 0:72 0:24 ; 
L 5 -2 -5 3 3 1 3 2 4 -5 8 6 -9 3 -7 -3 2 -9 6 -10 -10 7 6 9 10 -1 1 7 -5 -9 9 -5 -7 -2 -1 10 7 5 7 -9 7 5 -7 6 10 -1 4 -6 -7 8 -6 10 -1 6 10 -2 1 10 4 9 8 8 -5 8 4 3 5 2 -10 -7 1 -2 -1 3 6 -8 -6 8 -1 -9 5 -9 8 9 6 -2 9 -10 -8 -5 2 -1 -5 -10 1 -3 -10 4 5 -9 -5 -9 -5 4 2 -7 8 2 -7 -2 -1 6 -3 8 -9 -9 6 2 -3 -6 8 5 2 -6 9 8 8 -4 -2 -5 -9 -9 -9 -5 -10 -2 -2 3 5 8 -8 -4 -9 8 -8 4 2 5 -8 -4 7 1 -7 8 -8 6 -10 -6 -3 10 -6 10 9 10 -6 -1 -1 -5 -7 -7 -6 -4 -8 5 -4 6 -3 -7 -5 5 2 -10 -1 -3 -5 7 5 2 2 10 -3 10 10 9 -2 -7 -4 -8 6 5 ; 
79 83 63 27 78 31 51 39 67 43 87 95 38 33 80 23 16 51 97 95 1 65 53 50 24 73 20 92 69 17 57 56 14 23 92 9 14 88 99 63 69 28 43 70 9 4 49 95 31 32 12 41 49 45 23 50 9 33 42 16 16 17 22 40 68 57 34 73 37 8 75 36 88 100 21 21 77 90 89 98 4 58 25 38 11 43 16 99 14 100 39 6 41 19 53 17 68 7 35 49 29 8 73 75 34 85 76 65 24 29 61 4 13 11 74 58 17 50 15 75 3 39 44 73 80 76 26 4 51 34 14 75 77 19 37 48 90 40 7 56 75 40 56 69 42 44 36 36 95 85 90 74 96 73 37 95 15 32 8 3 79 50 18 97 6 68 12 90 93 32 57 45 92 9 10 46 86 1 19 51 75 29 93 9 31 71 90 70 5 83 33 24 43 97 1 10 92 24 66 6 10 ; 
L 5 -2 -1 -6 7 -1 -6 -9 1 2 -7 -7 10 -8 -2 -3 -5 -10 6 9 2 2 -1 -2 10 -6 -2 6 -8 -7 4 -8 3 -7 -8 8 -8 10 3 -7 8 2 -8 5 -2 -1 7 10 11 -7 -3 -5 5 2 10 14 10 -3 1 -7 -8 1 9 -9 -10 5 10 7 -5 -9 5 7 4 -6 -4 -9 -6 -1 7 -6 -3 2 -8 2 12 5 -2 3 -9 -10 -5 -8 6 -3 4 -10 -7 5 10 -9 -10 8 5 -5 2 -6 -2 9 8 6 1 8 -10 9 5 -5 5 9 5 -3 -10 1 -2 -8 -9 6 8 1 -1 3 8 9 -9 -9 8 7 -6 1 4 -9 9 -9 -5 -7 -5 6 -6 -6 10 -2 -6 4 -8 5 -13 -9 8 -7 5 6 3 -9 -10 4 -5 -3 2 -10 4 5 4 4 4 5 15 -7 2 3 3 7 -4 9 -6 10 2 -8 -5 -7 3 10 -8 1 2 -10 -2 1 -5 -1 6 5 ; 
0:158 0:166 0:160 0:116 0:64 0:0 0:16 0:22 0:36 0:26 0:48 0:66 0:248 0:52 0:200 0:188 0:160 0:132 0:44 0:76 0:42 0:128 0:74 0:44 0:100 0:190 0:138 0:44 0:34 0:88 0:200 0:168 0:36 0:160 0:56 0:100 0:90 0:52 0:136 0:74 0:98 0:104 0:8 0:116 0:58 0:174 0:150 0:8 0:68 0:32 0:124 0:60 0:102 0:258 0:44 0:214 0:94 0:70 0:42 0:120 0:46 0:16 0:86 0:110 0:194 0:56 0:130 0:94 0:20 0:42 0:244 0:74 0:62 0:202 0:20 0:34 0:24 0:74 0:160 0:164 0:88 0:94 0:130 0:66 0:38 0:0 0:132 0:32 0:20 0:44 0:20 0:32 0:116 0:188 0:96 0:28 0:72 0:122 0:8 0:68 0:120 0:38 0:122 0:158 0:78 0:14 0:98 0:102 0:28 0:188 0:28 0:42 0:26 0:16 0:70 0:224 0:114 0:24 0:42 0:152 0:62 0:106 0:36 0:168 0:82 0:70 0:88 0:64 0:66 0:20 0:20 0:110 0:22 0:226 0:84 0:138 0:118 0:44 0:52 0:6 0:220 0:44 0:28 0:70 0:84 0:190 0:164 0:200 0:154 0:4 0:100 0:84 0:8 0:64 0:244 0:14 0:268 0:106 0:190 0:102 0:150 0:238 0:252 0:24 0:108 0:114 0:38 0:84 0:108 0:228 0:78 0:98 0:156 0:68 0:34 0:98 0:126 0:142 0:46 0:58 0:176 0:134 0:190 0:100 0:6 0:8 0:82 0:240 0:112 0:110 0:66 0:44 0:92 0:12 0:56 0:108 0:74 0:40 0:120 0:12 0:20 ; 
L -10 5 10 6 2 3 9 -4 4 -7 7 -3 6 6 -2 6 2 10 -8 1 -9 4 -8 -5 9 -3 8 2 -10 9 1 7 10 -1 -9 -1 -5 8 -8 4 5 -7 5 9 5 10 -6 2 -2 -9 8 -1 5 -2 -3 5 -8 8 -9 -8 -1 -5 -5 5 -7 -9 -10 9 -6 1 3 4 4 10 -5 4 1 8 -2 3 8 5 -5 2 -3 3 -6 -8 3 -4 9 -4 7 4 -8 -3 -6 8 1 -10 4 -7 -4 10 3 5 6 -10 -5 -8 1 -10 6 5 -6 5 -10 8 -2 4 -5 5 -6 -7 4 10 10 9 2 2 10 10 -5 -10 -5 -9 -5 9 -9 5 4 -3 -8 -3 -10 5 -3 -4 9 1 -3 9 10 4 8 4 -6 -8 5 -7 2 8 8 7 7 -9 4 -5 9 10 -7 2 -1 10 -7 7 10 7 -10 -8 10 -6 -10 -8 -7 -10 2 4 -7 -5 -4 -7 -1 -10 7 3 -4 -4 6 -5 ; 
43 49 56 59 36 53 97 99 60 28 96 79 37 32 7 86 3 71 56 59 21 13 41 23 11 46 99 22 41 45 84 54 1 17 36 35 20 87 73 92 37 61 73 78 43 53 9 83 24 19 49 43 46 25 45 41 61 4 88 57 29 35 68 98 54 32 67 53 1 93 49 45 74 7 43 9 39 21 40 84 29 30 60 36 64 70 100 78 64 75 60 94 37 8 24 46 74 26 58 1 41 6 2 12 86 91 43 52 7 21 92 76 59 64 83 63 52 80 91 42 89 90 87 96 25 25 65 42 33 82 40 3 63 60 41 83 52 39 28 20 10 59 6 22 84 19 50 31 40 1 71 29 34 64 31 78 44 17 44 53 100 63 52 84 31 51 87 100 16 39 24 12 57 76 37 35 23 95 16 70 46 59 18 28 15 44 31 23 75 64 5 35 64 8 57 94 77 73 67 30 33 ; 
L 2 9 -1 9 -7 -11 6 -5 8 5 10 2 4 -5 3 -9 -4 -2 2 -4 -8 -10 -10 10 6 4 -6 -6 -9 -6 1 -8 1 4 -2 7 7 -1 -6 10 6 -3 5 -2 13 4 9 1 4 -9 4 -6 4 -5 8 -10 3 9 3 -7 10 3 9 10 -3 -9 10 -10 -5 -5 -7 -8 -5 5 7 -5 4 10 9 7 10 -9 1 8 -6 -12 -2 10 -5 -5 -10 5 8 -1 -3 -7 2 -5 -3 -4 -1 8 7 10 -4 -10 2 4 -5 -5 8 5 -7 -10 1 1 -9 5 7 -10 -6 -2 -6 -5 -9 8 5 -1 -9 4 -5 6 4 -15 -8 3 -2 -3 -7 -2 -3 10 4 10 2 9 4 -4 4 5 -10 3 -5 5 3 8 5 -8 9 2 -10 -10 8 10 -7 9 7 8 -4 2 -7 -3 -6 5 8 4 -6 8 7 1 4 -8 -10 8 -8 -5 -8 -3 -9 -7 -10 -9 1 8 10 14 3 -4 6 -5 ; 
0:68 0:60 0:38 0:66 0:22 0:112 0:146 0:166 0:32 0:42 0:14 0:170 0:78 0:138 0:94 0:40 0:88 0:68 0:110 0:42 0:86 0:20 0:180 0:32 0:26 0:152 0:120 0:80 0:126 0:82 0:124 0:100 0:198 0:38 0:40 0:52 0:62 0:194 0:118 0:48 0:118 0:200 0:40 0:106 0:108 0:88 0:86 0:90 0:46 0:62 0:256 0:160 0:108 0:138 0:132 0:54 0:64 0:184 0:138 0:158 0:54 0:30 0:148 0:142 0:170 0:132 0:122 0:128 0:146 0:108 0:52 0:164 0:66 0:218 0:72 0:106 0:134 0:80 0:110 0:190 0:36 0:96 0:28 0:130 0:22 0:144 0:2 0:24 0:78 0:46 0:66 0:274 0:12 0:44 0:192 0:92 0:24 0:0 0:56 0:108 0:206 0:82 0:130 0:64 0:12 0:194 0:20 0:120 0:52 0:210 0:82 0:32 0:10 0:88 0:68 0:74 0:72 0:72 0:38 0:62 0:12 0:152 0:10 0:94 0:20 0:112 0:220 0:66 0:232 0:126 0:52 0:176 0:12 0:358 0:92 0:110 0:124 0:82 0:72 0:174 0:214 0:100 0:140 0:64 0:54 0:226 0:110 0:34 0:66 0:108 0:222 0:194 0:124 0:224 0:32 0:118 0:182 0:28 0:26 0:30 0:44 0:212 0:92 0:140 0:32 0:262 0:62 0:230 0:108 0:70 0:6 0:22 0:90 0:82 0:46 0:82 0:12 0:34 0:114 0:0 0:220 0:12 0:198 0:24 0:60 0:74 0:86 0:92 0:108 0:12 0:22 0:74 0:50 0:38 0:134 0:124 0:58 0:16 0:42 0:60 0:66 ; 
L -1 9 6 -5 -6 -2 2 -8 5 -6 -4 2 -10 8 7 8 -5 -1 -5 8 10 3 -3 4 10 -10 6 -8 -9 6 9 -1 -7 6 8 10 4 7 -4 4 9 -2 -9 5 6 7 4 9 -2 -9 5 3 3 2 -7 5 -1 -9 -9 -5 3 -9 9 4 3 -8 -5 3 -6 -8 -5 -3 7 2 3 -3 5 -1 1 9 2 5 -4 -3 5 6 1 -3 -2 -6 -10 -1 -9 5 -5 6 8 9 10 -8 9 9 -4 7 2 -6 -9 -6 -1 -3 1 7 2 -7 -1 4 -4 -2 -9 3 -9 4 -4 -2 8 -5 5 4 3 3 8 -6 -1 -9 9 9 2 -10 -4 -2 4 6 -9 -10 -10 -2 -6 -8 -7 -6 -2 -9 6 -1 -6 7 -7 -1 -10 -7 1 -8 -7 6 8 1 -6 -5 -6 -3 -7 -3 2 3 -8 -1 -8 -5 6 7 2 7 -4 1 7 -3 8 -3 -10 10 -4 -10 -10 3 1 -9 -9 -7 -2 -1 ; 
49 80 87 85 5 18 62 94 33 94 23 64 55 60 77 30 18 41 62 81 9 65 61 7 73 78 91 95 63 80 37 99 7 55 16 6 71 46 30 10 28 33 76 23 32 4 28 83 7 45 77 87 63 33 11 82 5 54 19 25 69 69 98 64 21 16 52 96 90 55 45 80 52 87 100 58 67 58 65 15 89 23 26 44 33 33 52 21 94 86 61 82 69 6 76 48 85 32 48 40 43 57 56 24 99 70 55 55 59 49 90 8 35 20 9 33 79 10 3 53 29 29 70 78 35 54 94 91 30 56 1 54 84 68 84 72 8 71 19 51 39 49 23 34 75 9 23 76 20 63 58 80 83 53 78 49 44 87 38 28 85 92 82 9 30 34 18 94 1 76 64 7 64 54 58 18 70 80 24 15 44 53 59 42 96 88 48 2 30 10 85 70 42 26 16 94 92 80 2 18 19 ; 
L -5 -1 -6 1 10 8 1 3 -2 -7 -7 -4 9 3 13 -8 5 3 6 6 -2 -10 -1 -2 -9 7 -9 2 3 1 6 -7 5 -6 -1 -3 -2 11 5 -5 -5 9 -1 -6 2 -4 7 3 10 -5 -1 -8 -5 12 6 -7 7 2 6 -9 -6 -10 -9 -8 6 -4 -10 -7 6 -9 2 -4 -1 -6 4 10 4 -7 1 -9 -6 -9 -7 7 2 3 -9 -8 1 -10 -3 -7 4 -10 -7 -2 -4 3 -8 -9 -15 -10 9 -8 1 5 2 -9 5 6 8 7 -8 3 -3 -5 6 -3 -7 -5 8 -9 -7 -2 -6 -10 5 -6 -8 -6 -8 3 -8 -1 9 -9 -3 4 10 5 -9 -7 10 -1 -5 5 3 4 -7 3 -4 4 -4 9 3 -1 -8 -4 -2 2 -4 5 1 -9 6 -2 -9 8 -1 -1 -8 1 -8 9 -2 4 3 -3 -4 5 9 4 3 10 -7 -9 -8 -2 -3 -10 6 3 -5 2 -6 -2 -9 14 -2 -1 ; 
0:138 0:34 0:156 0:66 0:10 0:28 0:148 0:224 0:48 0:48 0:48 0:152 0:120 0:170 0:62 0:58 0:66 0:142 0:54 0:64 0:142 0:22 0:42 0:54 0:134 0:78 0:116 0:126 0:188 0:92 0:168 0:42 0:34 0:60 0:118 0:98 0:134 0:74 0:50 0:108 0:152 0:46 0:44 0:104 0:30 0:4 0:164 0:100 0:100 0:94 0:38 0:140 0:160 0:18 0:100 0:94 0:16 0:18 0:202 0:164 0:32 0:106 0:30 0:52 0:350 0:38 0:106 0:56 0:20 0:84 0:46 0:68 0:54 0:126 0:234 0:146 0:42 0:118 0:24 0:198 0:74 0:112 0:172 0:32 0:174 0:200 0:92 0:22 0:170 0:164 0:98 0:38 0:60 0:16 0:160 0:72 0:112 0:52 0:110 0:92 0:296 0:120 0:30 0:126 0:20 0:150 0:32 0:18 0:78 0:86 0:112 0:154 0:92 0:200 0:182 0:132 0:166 0:44 0:98 0:40 0:138 0:116 0:56 0:34 0:158 0:192 0:14 0:100 0:52 0:60 0:50 0:160 0:20 0:244 0:130 0:60 0:58 0:110 0:150 0:254 0:44 0:86 0:58 0:104 0:124 0:98 0:154 0:30 0:74 0:30 0:128 0:200 0:140 0:58 0:130 0:140 0:258 0:78 0:108 0:50 0:38 0:210 0:122 0:70 0:70 0:116 0:62 0:100 0:32 0:110 0:260 0:98 0:48 0:84 0:150 0:78 0:36 0:94 0:34 0:116 0:196 0:96 0:10 0:48 0:104 0:66 0:80 0:80 0:146 0:244 0:126 0:78 0:256 0:140 0:136 0:36 0:198 0:124 0:94 0:36 0:38 ; 
L 5 -4 10 2 -3 -1 1 -8 -4 -3 1 -1 -6 5 -2 -3 6 2 5 5 -3 -3 2 9 -9 5 9 7 -8 -6 7 -9 1 -10 -1 9 5 -6 -2 -6 -4 -8 -3 -5 -7 -2 10 10 5 -6 -10 6 1 -7 2 3 -3 5 7 -3 2 5 6 -7 -1 3 -4 8 -9 -7 -6 7 7 -9 2 -1 10 6 3 5 -7 5 -3 4 -3 -10 -2 -5 -8 -10 7 -3 -7 2 10 8 9 2 -4 7 -2 -7 4 -6 -7 -3 -6 -9 -4 1 6 1 3 -2 -9 1 8 -9 8 -9 3 4 -2 -10 -4 -6 -2 -10 8 -7 -10 -7 -7 1 -4 9 4 3 -10 5 2 -3 6 3 -8 -4 -2 4 -9 7 -2 4 -3 -2 2 -6 -9 2 -2 -1 8 5 10 -6 -10 4 1 10 10 8 3 -8 -7 3 -1 -6 10 10 -1 -3 -3 2 10 -10 8 6 -1 -4 3 -1 -10 -4 10 5 7 -4 -7 1 3 -6 ; 
50 87 31 50 82 97 30 53 54 6 77 62 57 93 33 91 77 55 4 1 37 40 85 28 44 94 16 96 3 47 38 89 25 38 79 43 83 26 49 94 69 72 45 5 59 98 33 74 15 50 82 75 52 43 93 46 63 54 14 50 20 68 52 9 99 23 71 8 16 63 36 16 2 58 61 75 76 77 92 22 41 97 52 7 40 66 26 22 6 95 86 41 36 63 98 6 94 36 57 76 94 35 41 57 95 31 23 17 29 4 97 87 89 74 37 97 39 23 19 48 18 14 32 54 81 76 32 26 98 52 5 40 1 85 19 41 40 84 21 24 38 30 65 67 72 37 28 94 50 17 99 55 54 41 2 97 14 57 32 27 83 29 78 46 43 38 25 37 54 74 35 23 59 85 76 52 60 82 19 88 54 36 21 37 77 14 48 19 86 77 81 41 42 21 18 96 34 88 92 62 37 ; 
L 4 -11 4 1 6 2 -2 15 5 -7 10 6 -10 -5 -3 -6 -2 -4 3 -7 6 7 1 8 -7 7 5 -9 -3 -6 -1 3 -10 -7 -3 9 2 -3 -10 1 4 -1 8 -5 4 5 3 1 -10 6 -2 -2 6 -10 -1 9 -1 -2 -4 9 9 12 4 1 10 8 -9 -1 5 -1 -4 -8 4 -3 10 3 -3 8 -6 7 3 -8 -9 -6 -1 4 2 -8 -10 1 9 -14 -2 -7 6 -10 -9 10 -3 -2 -10 -2 7 -2 -5 -10 3 10 -6 -7 2 9 3 -7 -3 -6 -6 3 -5 -10 -2 4 4 -1 4 -10 8 -9 5 -2 10 3 -2 2 -10 7 -13 -10 9 4 -3 -7 -6 -10 -7 5 5 -3 -3 2 9 8 7 -2 6 1 -3 6 7 -2 -2 -4 1 3 -8 8 -7 2 -6 -7 10 5 1 -10 8 -6 -3 6 -8 -3 -2 -7 -7 7 8 -4 7 9 -4 -2 -3 -5 -4 4 1 -10 -1 5 3 -6 ; 
0:48 0:176 0:148 0:30 0:194 0:68 0:22 0:182 0:166 0:24 0:82 0:164 0:106 0:162 0:44 0:184 0:36 0:152 0:8 0:174 0:132 0:84 0:136 0:200 0:126 0:66 0:118 0:142 0:18 0:134 0:20 0:70 0:74 0:80 0:82 0:126 0:130 0:12 0:104 0:144 0:24 0:124 0:20 0:110 0:62 0:146 0:128 0:176 0:38 0:88 0:182 0:356 0:10 0:82 0:18 0:198 0:74 0:6 0:32 0:34 0:36 0:168 0:100 0:50 0:74 0:126 0:62 0:56 0:202 0:74 0:178 0:148 0:32 0:110 0:254 0:32 0:130 0:12 0:70 0:66 0:72 0:86 0:84 0:258 0:186 0:80 0:382 0:172 0:190 0:62 0:250 0:64 0:20 0:54 0:32 0:28 0:86 0:14 0:74 0:82 0:144 0:30 0:432 0:190 0:86 0:18 0:40 0:126 0:88 0:186 0:76 0:92 0:62 0:166 0:128 0:70 0:80 0:20 0:100 0:200 0:96 0:66 0:116 0:38 0:54 0:70 0:52 0:184 0:188 0:146 0:88 0:108 0:86 0:42 0:244 0:8 0:136 0:148 0:156 0:68 0:70 0:30 0:120 0:96 0:8 0:54 0:2 0:74 0:80 0:170 0:56 0:188 0:30 0:90 0:194 0:34 0:68 0:76 0:102 0:42 0:208 0:156 0:228 0:48 0:106 0:138 0:126 0:0 0:194 0:138 0:170 0:52 0:122 0:28 0:94 0:126 0:60 0:200 0:240 0:114 0:200 0:100 0:110 0:62 0:32 0:126 0:10 0:40 0:62 0:104 0:58 0:64 0:82 0:70 0:130 0:104 0:26 0:54 0:100 0:124 0:74 ; 
L -1 1 10 5 6 -4 -10 9 6 1 1 -3 10 -2 8 -10 7 3 6 -4 7 -7 6 2 10 10 1 -9 8 5 -8 1 9 -6 -4 4 10 7 -1 -8 -4 -9 8 -4 -5 -9 6 6 -7 7 -4 4 -4 6 6 5 -8 -2 1 10 2 -1 4 -8 -10 7 5 2 3 10 -5 6 -10 3 -8 2 2 -2 1 -3 6 -6 -3 -3 -3 -7 -4 6 5 -5 7 7 2 -3 2 8 -10 -7 7 6 -5 -5 3 8 4 -1 -4 -6 9 3 10 -2 8 4 -10 10 10 -3 -1 -7 10 -10 6 -8 5 7 -4 7 -9 10 2 -4 6 -10 -10 8 -6 -8 1 10 -10 2 9 4 4 -2 -3 -1 -1 -5 -5 5 -7 3 -9 -7 5 -10 -5 -1 -8 -9 10 3 1 5 -7 10 -7 -1 -3 10 -6 1 -1 -3 -6 3 -1 8 -4 -5 -5 10 10 -4 9 9 8 -1 6 -7 7 2 1 1 2 -9 1 -6 ; 
92 51 57 84 69 36 38 22 78 77 29 6 96 22 65 72 59 97 86 64 12 67 42 38 10 57 71 26 2 89 24 100 25 86 41 52 32 11 53 47 76 3 51 39 58 22 70 4 63 85 58 49 34 64 3 51 95 71 13 97 74 75 28 43 56 12 61 50 29 20 46 44 20 50 51 80 55 49 3 11 48 15 74 62 50 43 39 89 73 96 25 80 79 89 78 59 1 52 97 32 66 82 83 89 45 13 94 31 89 64 17 27 84 33 33 67 58 21 58 47 99 5 26 9 80 12 53 51 51 43 56 22 53 84 7 62 74 97 4 54 16 96 17 6 43 39 61 72 76 28 5 78 30 59 94 37 60 72 19 89 16 46 69 88 20 64 69 21 72 17 74 95 9 94 82 23 12 81 79 90 68 49 45 65 89 40 94 13 44 98 10 19 99 60 16 86 62 93 91 34 73 ; 
L 1 10 5 2 -6 9 -7 2 8 -8 5 9 -5 -10 -4 -2 1 -15 9 -4 4 -7 -2 6 -4 7 7 10 6 -1 -5 -1 -7 5 5 2 -8 -1 -1 10 4 -1 2 10 -5 -8 -10 -1 5 11 6 -3 8 -7 -4 -5 -1 3 9 -3 6 -3 -10 3 -5 -10 -4 -6 1 -1 2 7 4 1 8 6 -3 -1 -6 10 -8 9 -5 -7 -8 10 4 3 8 3 2 -5 5 -10 6 -3 10 10 7 -10 -10 -4 -8 -1 8 6 10 7 10 -5 6 5 4 8 -14 -8 -3 6 6 -10 3 -10 10 9 8 -10 -6 -6 13 -7 4 -3 7 4 -2 -2 9 7 -1 -10 -3 4 2 3 -1 -3 9 4 -9 7 3 10 -10 -2 -7 -8 10 5 -9 2 6 9 7 -10 10 -10 7 -8 6 -2 -4 -6 -12 1 -1 1 1 -6 7 4 -4 7 -4 -6 -2 4 -10 2 1 5 5 6 -9 -5 7 9 3 3 1 -6 ; 
0:166 0:114 0:168 0:102 0:98 0:102 0:104 0:48 0:118 0:14 0:100 0:130 0:104 0:134 0:38 0:138 0:32 0:154 0:60 0:18 0:48 0:108 0:40 0:204 0:128 0:24 0:204 0:156 0:58 0:38 0:176 0:124 0:60 0:146 0:240 0:106 0:90 0:106 0:58 0:10 0:20 0:122 0:6 0:30 0:192 0:118 0:122 0:128 0:182 0:156 0:42 0:44 0:184 0:134 0:110 0:150 0:106 0:178 0:154 0:66 0:136 0:68 0:306 0:122 0:160 0:20 0:124 0:26 0:160 0:124 0:186 0:204 0:134 0:210 0:54 0:46 0:170 0:116 0:96 0:96 0:68 0:4 0:96 0:100 0:78 0:32 0:120 0:62 0:122 0:122 0:80 0:52 0:144 0:60 0:74 0:74 0:82 0:116 0:104 0:40 0:8 0:112 0:78 0:254 0:116 0:72 0:24 0:116 0:240 0:62 0:10 0:24 0:74 0:124 0:62 0:128 0:24 0:86 0:6 0:92 0:100 0:102 0:220 0:68 0:146 0:22 0:10 0:108 0:158 0:190 0:120 0:48 0:98 0:32 0:134 0:72 0:136 0:16 0:72 0:4 0:72 0:72 0:176 0:58 0:138 0:40 0:46 0:46 0:72 0:50 0:194 0:160 0:50 0:234 0:314 0:100 0:112 0:62 0:46 0:20 0:206 0:204 0:128 0:100 0:224 0:28 0:252 0:266 0:66 0:138 0:70 0:12 0:202 0:70 0:102 0:12 0:64 0:100 0:84 0:128 0:226 0:62 0:106 0:262 0:306 0:140 0:58 0:186 0:42 0:336 0:34 0:150 0:218 0:120 0:120 0:74 0:146 0:50 0:96 0:68 0:146 ; 
L -5 -9 4 3 -5 -3 -10 -2 1 -8 -1 7 3 9 -10 -1 -2 -2 -10 2 -2 6 -9 3 2 -1 -3 5 -10 6 6 7 -4 -10 -1 -7 -4 -7 1 -8 8 9 -6 3 -3 1 5 4 3 10 8 5 -1 7 -9 -5 -6 2 -7 -8 -4 -1 8 -2 8 9 9 -1 6 10 -6 -4 6 -6 4 6 6 10 9 10 -4 -9 5 -6 -3 5 3 -6 5 8 -7 4 -2 8 7 3 -10 -5 -5 -1 -6 -1 -2 10 7 -3 10 -8 -3 9 -1 -9 7 -6 10 -6 1 -7 1 -1 -1 4 10 2 -2 -2 -3 6 7 3 -9 -1 5 4 -8 -10 -5 -4 4 5 -8 -9 -8 3 -1 -2 2 5 -2 5 7 3 -1 9 -7 -8 6 8 4 -8 -9 -9 6 -7 8 10 -3 3 -4 -5 4 -9 -8 -10 -2 -6 10 3 7 -1 5 -2 3 -4 2 -10 3 -1 7 2 4 6 -7 6 10 3 10 -4 5 -5 ; 
18 54 42 59 3 92 45 77 18 24 70 25 40 10 92 64 24 26 97 39 25 16 7 66 85 41 72 57 90 37 39 56 33 20 85 39 97 9 5 25 66 20 2 15 25 25 3 63 53 93 63 90 44 79 11 60 66 81 36 54 72 27 51 95 41 91 64 94 73 87 8 53 59 78 100 20 38 45 48 99 56 23 38 73 95 22 41 22 83 96 76 17 25 75 40 25 34 8 31 2 13 72 73 52 9 48 9 91 97 4 24 10 56 91 37 93 73 9 97 92 98 39 91 2 92 22 83 3 25 38 20 8 82 43 43 81 12 74 37 66 47 32 94 30 9 78 59 60 25 1 65 1 52 35 27 74 11 31 68 65 90 93 40 79 10 11 13 50 83 65 66 34 68 75 64 6 74 34 40 12 50 52 36 54 52 25 29 27 87 77 38 89 30 57 90 55 26 46 67 2 31 ; 
L -5 -9 4 3 2 5 -1 3 -6 -2 -4 -9 8 9 -10 9 7 -3 -6 1 -4 -9 -3 3 6 14 8 10 -12 7 -10 -4 -3 -1 -2 5 8 8 -8 8 9 6 -7 -4 -6 -1 -4 -6 3 5 -2 9 -4 -4 -7 4 -2 -5 -10 10 6 6 -1 -7 5 -5 -8 -8 -2 -2 9 2 5 -10 -4 -3 -6 3 10 3 8 -6 -10 -7 -6 -6 -6 10 10 10 8 9 -1 -10 7 6 4 10 8 -2 -2 9 -4 4 7 -10 -7 3 9 7 2 2 1 -3 -3 -5 -5 8 1 10 3 -1 6 10 -1 -9 -2 3 -6 6 -11 -6 -7 -7 -8 4 -3 -7 -7 -3 -2 -2 7 1 -5 7 1 -4 -4 10 -6 5 -1 -3 2 3 -8 1 5 -7 7 -10 -1 -2 8 -4 -5 3 -1 3 -9 -9 -10 -9 -1 -6 5 15 -8 1 1 -2 -2 10 -8 -9 -8 13 9 1 4 -4 6 5 2 1 -6 -5 5 -5 ; 
0:36 0:108 0:84 0:118 0:96 0:150 0:268 0:62 0:44 0:104 0:42 0:20 0:102 0:118 0:184 0:200 0:120 0:20 0:72 0:32 0:12 0:110 0:78 0:210 0:76 0:70 0:140 0:126 0:108 0:36 0:112 0:90 0:144 0:48 0:152 0:2 0:44 0:152 0:234 0:76 0:182 0:116 0:158 0:88 0:106 0:70 0:80 0:122 0:40 0:262 0:78 0:28 0:46 0:88 0:86 0:86 0:182 0:122 0:70 0:122 0:46 0:38 0:86 0:48 0:54 0:6 0:26 0:30 0:142 0:24 0:24 0:56 0:258 0:122 0:86 0:132 0:176 0:42 0:56 0:10 0:84 0:130 0:34 0:52 0:44 0:64 0:78 0:74 0:80 0:86 0:102 0:118 0:188 0:150 0:18 0:62 0:42 0:64 0:152 0:60 0:52 0:76 0:124 0:190 0:42 0:64 0:152 0:318 0:146 0:32 0:2 0:72 0:182 0:18 0:240 0:182 0:166 0:88 0:120 0:84 0:88 0:104 0:180 0:78 0:42 0:144 0:148 0:10 0:60 0:182 0:4 0:102 0:70 0:212 0:108 0:124 0:86 0:12 0:92 0:22 0:112 0:174 0:60 0:78 0:278 0:296 0:54 0:150 0:230 0:88 0:88 0:80 0:68 0:38 0:60 0:120 0:68 0:102 0:284 0:6 0:148 0:254 0:26 0:146 0:78 0:86 0:86 0:136 0:98 0:80 0:118 0:162 0:134 0:90 0:60 0:40 0:170 0:120 0:142 0:10 0:130 0:96 0:38 0:58 0:76 0:14 0:136 0:118 0:54 0:56 0:22 0:26 0:44 0:46 0:90 0:68 0:56 0:88 0:308 0:4 0:62 ; 
L -1 8 -5 -7 -9 -7 -2 -2 -6 2 1 -4 1 3 1 10 6 -1 3 -4 -7 -6 -7 6 7 9 2 2 5 -7 3 -4 -10 -1 -10 5 8 -1 9 -3 1 -8 8 5 2 9 -1 10 -6 -5 9 1 6 6 1 10 2 -2 -9 8 1 -7 7 -2 10 -8 9 -2 10 -2 6 9 -6 6 -2 -7 -9 2 3 3 -1 6 -9 -5 6 -3 6 4 8 8 -6 -8 7 4 -1 6 -3 -7 3 2 -6 8 3 3 -3 -2 -5 4 -7 9 9 -3 5 3 -4 -5 4 -7 -7 -4 -7 -9 6 5 -8 6 -3 -5 -7 -9 4 -1 3 -5 7 10 6 -3 3 4 6 -1 -6 8 6 -4 1 7 3 -9 -7 -6 -7 -7 -8 -1 -3 -9 -9 -5 -8 7 -4 -7 7 -2 -3 8 9 -8 5 -4 4 6 2 5 -3 -6 5 -8 1 9 -1 -2 -4 6 4 8 -1 2 -8 -8 -8 -6 3 -5 10 -7 -1 -8 ; 
28 25 37 65 72 30 79 31 38 37 39 98 28 88 85 31 58 71 79 64 58 38 57 37 8 86 32 51 78 69 89 95 8 88 65 41 36 26 93 11 13 74 85 41 94 95 94 97 37 85 95 56 48 13 99 24 46 23 49 59 15 96 27 46 65 82 45 80 42 48 22 83 86 51 26 92 36 30 87 2 8 44 4 98 75 49 34 98 92 4 6 39 88 55 96 88 63 70 55 15 21 39 8 88 12 29 92 19 26 42 64 50 88 1 8 65 82 84 7 84 14 85 13 5 11 92 98 58 83 55 51 50 86 46 15 57 66 69 57 16 17 18 64 78 90 16 84 55 1 20 99 66 32 56 37 64 57 75 84 94 99 16 29 32 72 75 100 37 90 2 97 3 29 53 27 11 24 24 45 17 77 14 31 38 14 83 30 85 30 58 15 77 84 73 27 34 94 90 51 83 7 ; 
L -1 8 5 -2 2 -2 6 6 9 -9 6 2 -9 -3 -7 2 2 9 7 6 -3 6 -5 -3 9 9 -4 -7 -10 9 -8 -2 -8 5 4 -3 1 3 5 4 -2 -3 7 -4 10 -6 3 -13 -6 5 -2 -9 7 -8 7 -6 6 -1 8 -1 -9 9 8 3 -6 -6 7 2 10 -3 8 -4 6 6 -4 -1 -6 -7 -3 7 8 -6 -5 1 -10 1 6 8 -1 6 3 -3 -7 -3 7 10 5 3 5 4 3 4 -12 6 -9 8 4 2 7 -3 -2 10 -2 -7 -2 8 6 -9 7 8 -6 -4 7 6 -9 4 -2 5 7 -3 1 4 9 8 -5 -10 6 3 -3 -3 1 9 -8 6 -8 -5 -7 -1 -4 14 -5 -1 -6 7 -2 -1 4 -5 -4 5 -11 2 -7 3 8 -8 -9 -7 -7 -1 7 1 -2 1 -8 1 6 -7 4 10 -3 1 7 3 9 15 2 7 8 -5 -8 5 -9 -8 -4 5 -10 1 -1 -8 ; 
0:118 0:56 0:20 0:104 0:58 0:46 0:234 0:124 0:58 0:152 0:86 0:54 0:14 0:186 0:90 0:44 0:186 0:164 0:110 0:198 0:98 0:62 0:150 0:30 0:116 0:168 0:84 0:62 0:20 0:208 0:142 0:56 0:66 0:200 0:64 0:128 0:100 0:32 0:296 0:116 0:76 0:30 0:96 0:84 0:182 0:50 0:38 0:112 0:78 0:204 0:56 0:64 0:114 0:96 0:154 0:132 0:102 0:110 0:10 0:100 0:56 0:234 0:108 0:102 0:96 0:26 0:38 0:42 0:58 0:118 0:74 0:46 0:68 0:104 0:100 0:172 0:128 0:122 0:152 0:290 0:96 0:164 0:22 0:20 0:134 0:100 0:12 0:36 0:98 0:108 0:72 0:6 0:46 0:32 0:50 0:56 0:34 0:106 0:74 0:32 0:68 0:186 0:198 0:192 0:118 0:98 0:36 0:148 0:36 0:28 0:104 0:102 0:30 0:184 0:82 0:70 0:48 0:248 0:30 0:202 0:76 0:12 0:292 0:168 0:222 0:78 0:112 0:58 0:204 0:54 0:112 0:42 0:98 0:132 0:258 0:126 0:64 0:106 0:130 0:84 0:270 0:14 0:110 0:112 0:8 0:154 0:158 0:126 0:46 0:214 0:154 0:120 0:198 0:124 0:84 0:36 0:118 0:124 0:42 0:34 0:66 0:212 0:114 0:164 0:98 0:82 0:6 0:12 0:6 0:64 0:22 0:68 0:162 0:112 0:280 0:36 0:66 0:170 0:136 0:110 0:116 0:100 0:80 0:88 0:46 0:86 0:64 0:40 0:56 0:272 0:116 0:134 0:126 0:88 0:104 0:228 0:222 0:194 0:136 0:166 0:14 ; 
L -2 6 5 -4 6 7 2 -4 5 -3 5 -4 -1 -8 7 5 10 3 -10 -1 9 -1 -8 4 -6 -2 -1 -7 5 2 -9 2 -8 -6 2 -8 -10 8 -9 2 -4 1 -6 7 2 4 -3 3 -7 10 -7 2 1 10 5 -10 9 5 1 -1 -8 3 6 4 8 -10 -7 -7 -9 -2 -6 -4 -1 3 8 -3 -8 -8 9 -9 -5 -4 -7 -6 -7 -2 9 -2 -4 -10 -3 6 5 -5 8 -9 7 4 8 -10 -7 7 3 9 -4 -3 -2 -10 3 6 -10 -10 -9 6 -2 1 -3 -9 7 -8 -7 2 7 1 9 -6 5 -8 6 -8 -3 -10 5 -2 3 2 -2 7 -7 -1 5 -3 -5 6 -5 1 -10 -3 -6 10 7 8 3 5 6 7 5 -8 -7 4 6 7 -2 3 1 -8 -4 1 6 8 -3 6 -2 5 5 -5 9 2 -3 -9 4 -4 -9 -6 2 10 -5 6 -4 -8 -7 -3 -3 7 7 5 -6 -1 -2 -4 ; 
1 87 9 18 62 48 37 58 3 88 90 37 85 67 20 60 32 67 6 33 89 62 80 43 57 49 87 92 78 46 3 8 72 79 25 78 82 59 34 85 86 46 40 9 98 91 88 84 59 14 23 28 21 16 62 50 20 91 9 4 63 58 21 15 51 77 74 21 5 16 6 92 27 86 56 43 19 93 88 71 93 71 100 2 57 4 38 75 52 53 100 62 5 43 97 46 7 17 40 16 18 93 93 87 79 11 76 76 13 21 74 23 83 60 73 39 74 16 37 51 89 91 49 47 23 2 11 83 3 85 98 3 3 95 73 84 72 68 73 79 97 64 74 62 21 59 62 27 74 44 84 65 32 27 72 42 20 35 60 41 90 46 27 15 48 22 31 16 18 43 61 2 40 34 55 61 9 32 10 92 82 23 100 35 2 94 45 2 60 53 28 31 18 44 33 67 26 29 43 42 66 ; 
L 7 2 -7 1 2 7 5 2 -6 10 -4 -8 6 1 8 1 -1 -1 -9 -5 1 8 7 -7 -5 -7 3 -3 3 8 3 -10 4 5 -5 4 -7 4 3 -4 -2 -7 -9 6 5 -10 -3 10 -3 4 -6 2 -7 6 -2 -10 -1 -2 -8 -5 6 -1 6 -8 -1 -9 4 9 -6 -5 5 1 -3 -4 -9 3 5 -12 -10 4 5 -7 8 -5 -9 10 3 4 -6 1 -8 -5 4 10 -1 2 -2 -10 -4 8 8 10 10 -2 -6 6 -10 7 -7 2 -9 2 6 -8 2 14 -7 -5 -7 15 -7 -3 9 -7 3 -6 2 3 2 -1 -3 3 1 7 -5 9 -7 -4 -10 6 -2 -5 4 -2 9 8 -8 -5 -9 7 -6 -6 2 9 9 7 8 3 5 -6 3 7 -3 -8 9 6 6 8 -7 -6 -8 2 -1 7 -5 2 3 -5 -13 -3 9 -3 -9 -5 7 10 -7 2 -6 -5 3 4 -6 10 8 10 -1 8 11 -4 ; 
0:18 0:48 0:48 0:100 0:202 0:22 0:70 0:244 0:272 0:52 0:150 0:14 0:58 0:150 0:324 0:134 0:108 0:136 0:84 0:120 0:160 0:106 0:156 0:132 0:42 0:134 0:20 0:64 0:12 0:28 0:56 0:136 0:152 0:152 0:122 0:26 0:68 0:120 0:70 0:60 0:44 0:136 0:120 0:40 0:148 0:100 0:210 0:90 0:46 0:132 0:92 0:216 0:46 0:88 0:14 0:40 0:32 0:130 0:212 0:146 0:56 0:122 0:22 0:104 0:36 0:22 0:54 0:20 0:26 0:58 0:8 0:116 0:42 0:58 0:138 0:314 0:126 0:234 0:152 0:50 0:104 0:72 0:14 0:152 0:178 0:350 0:6 0:156 0:48 0:32 0:28 0:142 0:212 0:122 0:124 0:60 0:68 0:158 0:88 0:32 0:30 0:54 0:46 0:140 0:96 0:42 0:124 0:262 0:146 0:128 0:6 0:108 0:122 0:172 0:98 0:38 0:116 0:66 0:228 0:148 0:224 0:14 0:46 0:98 0:92 0:164 0:96 0:66 0:66 0:112 0:58 0:172 0:190 0:106 0:46 0:142 0:48 0:156 0:106 0:56 0:146 0:198 0:54 0:132 0:6 0:32 0:86 0:278 0:170 0:78 0:60 0:98 0:56 0:374 0:100 0:18 0:64 0:154 0:162 0:30 0:84 0:56 0:64 0:64 0:64 0:134 0:94 0:158 0:76 0:96 0:188 0:114 0:106 0:32 0:20 0:112 0:14 0:92 0:82 0:42 0:2 0:62 0:12 0:18 0:14 0:92 0:130 0:182 0:64 0:144 0:52 0:96 0:102 0:100 0:32 0:36 0:122 0:28 0:206 0:152 0:132 ; 
L -9 -6 1 9 -10 9 5 5 6 6 -2 4 2 9 8 7 -3 2 -2 -1 10 10 -4 10 -3 -1 -9 -7 -9 6 -9 9 -10 -6 -6 5 -5 10 -8 6 2 5 2 9 -7 -1 -2 -4 -1 2 -1 7 -9 7 -2 10 -6 -3 -6 -5 2 -8 -5 -2 8 6 3 2 -2 -6 -8 5 7 -1 -1 -3 9 8 -8 -4 -9 7 -6 1 4 -5 -4 9 -1 1 -5 -9 4 -3 -7 -8 10 4 -8 1 7 8 -5 8 6 3 -8 -10 2 -3 8 5 8 -2 2 6 -10 -2 -3 3 7 9 3 7 -3 2 7 -10 10 10 -6 8 -5 -1 10 3 1 -5 -5 -6 7 -4 1 2 10 -5 7 5 10 -7 -4 4 6 5 2 -1 2 -2 7 2 -8 -7 -7 6 -2 -3 -6 6 9 -10 -8 3 -3 -8 1 -9 2 9 -4 4 3 1 -8 8 -6 9 9 2 -7 2 2 -4 2 3 8 -10 -5 3 5 7 ; 
42 44 41 32 53 95 19 3 98 90 69 46 52 94 14 12 67 90 35 11 90 98 63 90 5 40 32 67 27 67 28 86 36 17 89 80 74 58 65 74 73 74 85 4 42 99 1 38 23 65 53 76 64 44 100 5 11 43 24 63 37 89 74 59 38 4 97 79 24 54 52 80 96 68 8 45 5 45 44 55 2 47 81 70 16 21 50 1 37 63 99 91 87 29 29 91 86 79 66 25 50 26 67 98 35 91 25 27 25 1 69 72 17 32 12 13 45 29 58 15 22 27 93 36 68 5 76 99 96 33 89 71 21 45 21 47 90 30 4 36 98 66 67 30 69 61 85 90 29 9 35 19 37 9 26 86 71 23 71 100 48 32 53 69 38 24 93 58 23 65 43 26 46 93 84 7 88 73 93 61 84 42 72 19 34 22 5 91 14 16 23 45 64 36 63 45 51 12 73 12 72 ; 
L 6 9 2 -14 -3 -3 -6 -10 -10 -2 2 -8 5 -3 -8 4 5 2 -9 6 10 -10 1 -10 9 -2 -4 4 -2 -6 9 -2 -9 -10 -1 3 9 6 -7 9 3 8 6 -10 -9 -2 -4 4 10 -5 7 -1 5 -5 -2 8 -6 10 -5 8 10 6 -10 -2 2 -7 1 -4 3 1 1 -7 3 6 -9 8 10 -7 9 6 -8 1 -5 5 2 2 -3 2 -1 -9 -8 -8 6 4 -8 -1 5 -4 -3 1 -2 3 -10 -3 -6 -3 -6 -5 -2 3 7 -2 9 -1 -2 2 6 -1 -5 5 6 -7 -9 8 5 -3 -1 7 10 10 -10 -4 -1 7 1 -3 -2 2 15 -8 -7 8 -7 9 4 -12 -7 9 -9 -7 -9 -2 5 -10 -7 4 -5 -7 7 -5 7 8 6 2 -1 13 6 5 -8 7 -2 -8 7 -9 4 -1 -2 -9 -6 6 -4 -6 -2 -8 -2 2 5 4 -3 -3 6 -8 3 11 2 -1 5 -8 5 7 ; 
0:198 0:46 0:114 0:114 0:124 0:54 0:182 0:24 0:124 0:194 0:86 0:216 0:32 0:112 0:158 0:126 0:96 0:250 0:80 0:118 0:66 0:94 0:42 0:154 0:186 0:64 0:104 0:102 0:74 0:46 0:130 0:122 0:58 0:42 0:40 0:116 0:54 0:52 0:158 0:122 0:42 0:38 0:144 0:90 0:110 0:80 0:60 0:32 0:52 0:140 0:88 0:144 0:78 0:48 0:138 0:114 0:68 0:30 0:114 0:74 0:162 0:110 0:124 0:138 0:80 0:38 0:332 0:150 0:48 0:90 0:16 0:136 0:122 0:216 0:34 0:84 0:160 0:66 0:94 0:114 0:148 0:34 0:134 0:216 0:72 0:16 0:30 0:194 0:172 0:92 0:16 0:156 0:104 0:72 0:250 0:38 0:50 0:132 0:46 0:14 0:144 0:122 0:22 0:38 0:2 0:86 0:188 0:2 0:88 0:10 0:56 0:40 0:176 0:14 0:88 0:42 0:48 0:14 0:316 0:64 0:126 0:118 0:214 0:140 0:44 0:66 0:178 0:84 0:92 0:56 0:178 0:202 0:116 0:78 0:198 0:64 0:52 0:196 0:150 0:82 0:64 0:82 0:414 0:88 0:36 0:86 0:16 0:40 0:250 0:106 0:80 0:34 0:96 0:122 0:34 0:34 0:42 0:186 0:58 0:246 0:170 0:214 0:16 0:94 0:78 0:34 0:202 0:122 0:50 0:32 0:108 0:44 0:160 0:140 0:174 0:18 0:70 0:54 0:70 0:294 0:70 0:84 0:56 0:102 0:48 0:40 0:20 0:60 0:126 0:162 0:142 0:78 0:210 0:106 0:180 0:104 0:16 0:92 0:64 0:24 0:144 ; 
L 7 5 2 1 5 -1 -9 -8 -1 -6 10 5 9 1 6 -3 -3 3 -8 2 5 -8 3 6 -5 -1 6 -9 -1 -1 -6 1 -4 9 -9 -9 -3 -2 -6 8 8 3 5 -6 1 9 -1 -10 -10 -10 -10 -5 10 6 -7 -8 8 2 -2 7 -1 8 10 -3 -2 5 -3 -6 -5 5 -1 6 -2 -7 -8 8 -8 -7 4 3 -7 4 10 6 -4 -4 8 -6 10 6 6 3 -1 -3 2 -5 7 9 -9 -4 -3 10 8 -5 8 5 4 -2 -6 -8 -7 -1 1 -8 -3 -1 -2 7 4 10 6 -3 -5 10 -4 -4 4 2 -7 3 -2 3 -6 -1 5 -7 6 3 8 -2 -6 -8 -3 5 3 -5 -5 -6 -3 2 -6 3 -4 3 -6 5 8 7 -4 -10 -6 -9 3 -1 -10 -2 1 6 10 -8 -1 -4 3 9 -7 2 9 10 -8 -9 -8 -4 7 6 4 2 3 -4 -3 -8 -9 9 9 -7 10 -2 4 7 -4 9 ; 
5 46 97 81 59 16 86 19 42 87 24 61 42 20 62 74 45 20 76 63 48 39 39 55 86 55 32 82 18 60 24 18 98 17 40 67 98 89 12 86 77 3 54 69 66 55 89 26 35 34 31 4 77 32 28 1 46 67 55 67 29 51 19 96 75 11 17 75 47 19 50 67 91 10 68 43 12 38 77 76 59 57 16 53 10 7 73 7 75 82 46 1 43 41 32 59 51 42 69 32 83 19 86 35 31 48 53 28 32 61 99 39 51 97 30 52 18 55 42 15 39 98 62 57 63 7 88 31 85 76 44 75 35 26 76 61 51 8 1 46 91 57 91 33 42 20 100 71 27 59 56 50 92 32 34 28 40 77 80 46 14 59 49 61 50 3 15 65 17 51 69 70 81 45 83 48 31 27 26 13 36 40 58 63 39 55 28 8 85 23 91 83 83 10 86 65 75 94 39 42 47 ; 
L -6 -5 1 -7 3 -4 -1 5 9 10 -9 4 -2 1 -7 5 2 4 15 -6 5 6 13 7 -1 9 5 -1 3 -8 8 -1 -8 5 -2 10 3 -5 -1 2 -6 -3 10 8 3 7 4 4 6 4 -7 -6 6 8 5 9 -11 -10 -2 7 -4 7 6 -2 -6 -10 -6 7 4 -10 -3 10 10 -2 14 3 -8 7 -3 -6 6 3 -4 -5 8 3 8 -4 5 4 -9 8 -10 2 12 -2 -7 2 -6 7 6 7 2 8 7 -9 -1 -1 -3 1 -2 4 4 -8 9 9 -9 -8 -1 1 -6 3 -8 3 -1 3 -7 -5 -3 6 -6 -7 3 8 -3 6 -8 -4 -8 4 10 -10 3 -5 -1 -10 3 6 -5 -9 8 -8 -5 -8 10 6 -9 -2 10 3 2 -3 -9 -8 -1 10 2 5 5 8 -6 3 2 -7 3 9 9 1 -5 -6 -3 8 -6 -2 2 10 -1 -1 -3 6 6 1 -9 -5 -9 -10 -4 -1 -4 9 ; 
0:100 0:42 0:152 0:102 0:46 0:98 0:122 0:134 0:190 0:156 0:96 0:94 0:124 0:88 0:68 0:152 0:84 0:184 0:118 0:56 0:10 0:146 0:22 0:68 0:138 0:106 0:42 0:32 0:136 0:66 0:94 0:32 0:84 0:72 0:208 0:152 0:54 0:148 0:62 0:64 0:116 0:44 0:152 0:172 0:16 0:120 0:30 0:8 0:146 0:56 0:160 0:74 0:76 0:228 0:96 0:56 0:60 0:100 0:74 0:20 0:58 0:198 0:112 0:44 0:32 0:106 0:22 0:66 0:78 0:234 0:76 0:40 0:258 0:64 0:74 0:186 0:106 0:46 0:62 0:28 0:140 0:168 0:240 0:54 0:158 0:38 0:92 0:64 0:158 0:16 0:66 0:38 0:78 0:126 0:122 0:72 0:24 0:32 0:56 0:70 0:198 0:190 0:204 0:224 0:136 0:48 0:72 0:176 0:28 0:108 0:196 0:184 0:14 0:206 0:82 0:134 0:80 0:50 0:98 0:162 0:198 0:20 0:42 0:158 0:60 0:64 0:40 0:118 0:152 0:168 0:126 0:128 0:24 0:12 0:140 0:76 0:128 0:140 0:72 0:270 0:96 0:54 0:114 0:32 0:96 0:100 0:112 0:66 0:238 0:78 0:114 0:58 0:80 0:126 0:84 0:164 0:106 0:14 0:36 0:86 0:96 0:52 0:212 0:38 0:88 0:82 0:80 0:172 0:48 0:52 0:314 0:78 0:170 0:140 0:126 0:194 0:44 0:152 0:78 0:52 0:74 0:50 0:106 0:86 0:114 0:58 0:92 0:12 0:30 0:142 0:68 0:94 0:30 0:70 0:32 0:112 0:30 0:126 0:194 0:84 0:94 ; 
L 3 -4 -8 -5 -6 9 -1 3 -9 3 -3 9 3 -9 -2 4 -6 -8 -4 -1 2 10 -10 4 -3 7 2 4 2 -8 8 -4 2 -3 -4 -5 4 -3 4 4 -8 1 -5 10 -9 7 -2 6 2 6 3 -2 -9 1 1 1 -3 10 2 3 -6 5 -5 10 -10 -10 -9 9 -6 9 5 10 -4 6 1 -9 3 1 4 -10 -1 8 8 2 8 -1 2 8 8 4 4 -10 -5 10 9 -1 9 3 3 4 3 -9 1 -9 1 -3 10 -10 5 1 -9 -3 -3 -3 -6 -2 4 -8 -6 -9 -3 -4 -1 -10 10 -3 -3 9 4 7 7 4 3 9 1 5 -10 -1 8 10 -9 -6 7 5 -4 9 -10 -5 8 -2 -4 -8 3 -6 6 10 -10 6 2 10 9 -7 -5 -3 -3 -6 5 -1 -10 -7 -4 9 3 2 -5 7 9 9 -9 2 -5 8 -9 -10 -2 -9 -3 -8 -8 -2 -6 6 -10 -4 -1 -5 -10 -9 -6 -4 ; 
1 21 12 37 82 6 17 22 42 53 96 28 14 69 64 23 17 31 55 37 54 57 26 15 70 59 23 23 67 27 34 12 98 94 67 43 36 39 43 76 12 23 79 57 74 42 33 63 60 96 79 91 86 8 29 2 6 20 63 94 76 3 79 48 38 85 60 71 89 63 77 68 6 59 17 65 62 81 44 76 20 33 35 56 76 23 53 36 32 41 72 31 78 93 91 40 36 52 8 20 97 88 81 53 95 19 85 54 79 36 36 71 56 20 20 25 67 71 39 9 19 32 18 34 55 44 13 96 10 92 7 9 70 9 13 55 67 82 3 41 87 47 6 46 14 18 80 74 53 43 11 16 1 41 58 49 15 78 37 70 29 27 14 27 5 2 75 99 88 8 77 91 8 73 44 59 81 18 36 56 46 68 70 90 69 26 48 50 77 22 76 73 86 70 4 24 50 27 10 24 17 ; 
L -2 9 -1 10 8 3 -5 5 6 -2 10 -6 -9 -9 -10 -9 6 -4 8 3 -4 9 1 1 -3 -7 -4 -8 9 3 8 -2 1 5 -10 3 -6 9 -1 4 -10 2 -10 -4 14 -3 9 10 4 -1 1 10 9 1 -5 -7 -10 -4 2 -1 12 10 -3 -4 -2 -3 8 2 -3 -1 10 -3 7 9 -5 9 -7 1 5 9 -9 3 10 -9 9 10 2 -5 10 7 -4 -6 4 5 -5 4 -3 11 9 10 -3 -6 -5 3 2 8 -3 13 -1 -6 8 2 -10 2 8 -10 -6 -4 5 6 4 3 9 10 8 8 6 3 -6 5 -2 6 9 10 -4 -8 8 -1 -10 -2 4 2 10 -8 -4 1 -9 -5 -4 1 9 -8 -7 -4 4 9 -4 -2 -1 9 -3 -7 -10 7 3 9 -10 -9 3 -5 3 9 -1 -4 -6 3 8 -10 6 -4 3 -1 3 4 6 3 2 8 9 -5 -1 -10 -9 3 6 3 3 -2 -4 15 ; 
0:4 0:120 0:16 0:66 0:156 0:36 0:186 0:64 0:156 0:70 0:58 0:106 0:58 0:18 0:34 0:120 0:112 0:326 0:16 0:82 0:140 0:54 0:56 0:116 0:138 0:56 0:92 0:150 0:26 0:32 0:68 0:98 0:110 0:102 0:64 0:190 0:82 0:22 0:34 0:102 0:62 0:42 0:44 0:116 0:40 0:134 0:56 0:58 0:10 0:240 0:138 0:50 0:242 0:32 0:68 0:24 0:130 0:206 0:24 0:170 0:54 0:32 0:96 0:32 0:72 0:86 0:58 0:128 0:96 0:136 0:48 0:94 0:102 0:30 0:42 0:90 0:54 0:208 0:118 0:146 0:88 0:194 0:54 0:180 0:58 0:86 0:248 0:238 0:148 0:62 0:42 0:274 0:54 0:46 0:158 0:22 0:102 0:88 0:64 0:72 0:26 0:158 0:6 0:102 0:36 0:124 0:88 0:40 0:34 0:68 0:66 0:112 0:28 0:120 0:44 0:174 0:94 0:36 0:76 0:142 0:126 0:38 0:18 0:156 0:116 0:22 0:24 0:48 0:50 0:150 0:144 0:186 0:174 0:120 0:92 0:82 0:22 0:46 0:178 0:38 0:62 0:46 0:170 0:10 0:136 0:58 0:34 0:134 0:20 0:146 0:72 0:50 0:42 0:106 0:160 0:76 0:86 0:74 0:60 0:72 0:38 0:132 0:142 0:96 0:158 0:52 0:146 0:196 0:278 0:34 0:140 0:36 0:232 0:116 0:0 0:20 0:38 0:68 0:102 0:76 0:60 0:44 0:116 0:38 0:286 0:90 0:106 0:214 0:74 0:78 0:110 0:68 0:250 0:106 0:334 0:64 0:34 0:96 0:204 0:186 0:72 ; 
L -7 -6 9 6 8 -1 4 -4 2 -2 3 -1 -9 -2 9 -3 -1 1 -7 7 -8 -3 2 -5 -9 -8 2 -1 -1 4 9 -9 -4 -3 -5 9 5 -8 10 5 5 -7 4 -5 5 5 6 -1 10 9 -2 5 -9 -8 -1 -8 1 -4 -2 -2 -5 -8 -9 -5 4 7 -1 4 -4 9 4 5 2 4 9 -6 10 10 -6 5 -8 -1 4 -10 9 4 5 2 -8 7 9 9 3 -8 -6 -8 7 -10 8 7 -9 -9 -4 -9 -3 -7 1 9 -4 1 7 -2 -7 9 -9 -8 2 5 10 2 1 6 -5 5 -8 3 -9 -5 -10 7 -5 -6 -8 -7 6 -6 -2 8 -7 -3 -3 6 8 7 4 -9 -7 -1 -5 -6 3 -3 -5 -1 8 4 10 8 -5 -1 -1 -2 -7 -9 -2 -1 -5 -6 -2 -1 -2 5 1 -1 -8 -6 -8 3 -7 5 -5 -2 -9 3 2 2 -2 4 3 -1 -9 -5 2 -5 -4 -6 -4 -4 5 6 ; 
17 4 4 76 1 44 95 95 4 87 61 95 10 33 12 1 31 36 31 22 56 9 70 2 94 23 29 50 14 36 68 87 42 78 35 6 14 99 66 29 72 86 59 45 10 63 16 24 23 36 43 28 21 78 16 45 63 36 41 85 10 94 96 68 6 43 23 64 68 87 86 4 87 45 99 96 65 16 95 15 3 49 21 92 48 21 31 38 38 93 85 50 52 66 7 20 39 67 99 16 23 47 24 69 60 92 48 85 51 4 6 29 2 55 39 27 56 83 56 99 60 37 72 52 42 43 43 36 66 15 44 15 66 64 100 32 72 78 2 30 77 21 51 54 54 23 86 1 63 6 24 72 59 90 23 35 29 58 91 37 20 17 41 75 21 21 70 21 1 14 90 88 44 99 56 98 70 41 5 97 78 50 93 75 11 71 16 2 65 27 10 58 78 82 86 4 13 84 15 12 65 ; 
L -7 10 -9 7 6 8 -7 5 -4 -1 -2 7 1 -6 -5 -7 4 -9 4 -6 9 6 8 1 -14 -5 -2 1 8 4 -2 6 1 -12 -4 4 5 -9 -5 -5 8 1 -7 4 2 -8 -1 8 -6 -2 -8 -5 -5 -4 9 9 6 3 3 -4 2 -2 -9 3 9 -3 1 1 3 5 -7 5 9 -3 -1 -5 -7 2 -1 10 -6 3 9 3 -8 9 1 -9 -15 -9 -5 1 8 -8 -4 3 5 -5 -4 -4 1 7 -5 -11 -3 -9 -1 -9 -7 -2 -4 2 -4 -5 7 7 10 -9 -10 2 -8 3 -1 -3 7 1 2 -6 -8 -9 -9 9 4 -7 -8 -9 -10 -5 -2 2 8 -10 -9 -5 4 8 -5 10 3 -9 4 -3 8 -2 4 -10 -5 7 10 1 5 9 -1 2 -5 -9 -5 -1 2 -2 -4 6 -8 2 5 -9 5 -8 -2 2 6 6 4 -2 7 -8 7 8 4 -5 1 -8 -13 1 6 -9 1 -2 5 6 ; 
0:34 0:102 0:72 0:144 0:52 0:156 0:54 0:70 0:80 0:38 0:34 0:92 0:256 0:34 0:162 0:52 0:144 0:104 0:34 0:68 0:8 0:152 0:2 0:24 0:194 0:46 0:166 0:64 0:82 0:80 0:54 0:32 0:266 0:30 0:36 0:276 0:28 0:148 0:28 0:80 0:96 0:148 0:352 0:32 0:84 0:122 0:52 0:86 0:36 0:144 0:134 0:274 0:8 0:174 0:30 0:76 0:92 0:144 0:74 0:126 0:186 0:116 0:54 0:152 0:138 0:44 0:58 0:28 0:52 0:188 0:16 0:42 0:80 0:36 0:62 0:92 0:106 0:258 0:48 0:90 0:50 0:48 0:70 0:104 0:132 0:38 0:36 0:28 0:176 0:24 0:62 0:136 0:98 0:30 0:204 0:86 0:14 0:134 0:260 0:46 0:8 0:12 0:72 0:36 0:76 0:88 0:20 0:126 0:26 0:100 0:164 0:112 0:84 0:100 0:158 0:18 0:142 0:42 0:64 0:46 0:182 0:86 0:174 0:72 0:96 0:32 0:130 0:94 0:14 0:44 0:94 0:14 0:72 0:100 0:114 0:62 0:212 0:144 0:154 0:8 0:42 0:154 0:68 0:96 0:154 0:68 0:108 0:44 0:20 0:92 0:256 0:74 0:170 0:74 0:34 0:184 0:44 0:194 0:152 0:264 0:136 0:24 0:118 0:30 0:4 0:188 0:168 0:110 0:64 0:48 0:148 0:258 0:66 0:58 0:52 0:98 0:78 0:48 0:112 0:104 0:128 0:230 0:108 0:220 0:10 0:82 0:178 0:98 0:84 0:250 0:26 0:160 0:86 0:80 0:114 0:192 0:200 0:12 0:72 0:24 0:130 ; 
L -2 -2 1 9 6 7 6 -3 -3 -5 -5 7 -2 7 -4 9 1 -4 5 -7 -10 1 -8 4 -6 -7 9 8 -9 -10 7 3 6 -10 -10 -7 -3 7 -9 4 2 1 -9 7 3 3 9 3 -4 -8 5 -1 2 3 1 9 5 -4 9 -8 3 3 -5 -2 -8 7 10 -4 -9 -3 -2 -6 -5 -7 -8 5 -5 7 -7 -5 1 -6 -4 -9 -5 2 -1 -3 9 9 9 7 9 1 -10 -10 -7 8 -7 3 3 5 9 2 -3 -8 6 -1 -1 -7 -7 -5 -5 6 1 10 -7 -5 -9 -2 -8 -1 3 9 9 -7 2 -5 -5 5 5 8 -1 2 7 -3 4 -8 2 1 3 10 -6 -10 9 10 6 9 2 9 -10 8 9 -8 -8 10 -10 -9 -10 7 6 -2 3 4 -3 2 -4 -6 5 3 7 -5 9 7 -3 -2 -2 3 10 -9 -9 -5 -5 -2 5 9 -7 -8 -10 -5 7 6 1 10 -6 -5 -1 -6 -4 3 ; 
51 6 39 16 37 22 58 50 50 86 3 35 45 6 17 27 33 29 10 63 16 52 99 93 91 58 29 43 43 21 74 20 98 65 85 98 69 88 31 66 15 88 40 43 60 55 37 57 10 85 65 50 30 2 57 69 59 81 47 27 41 6 92 90 25 54 6 89 85 86 2 45 3 98 55 95 9 67 9 6 31 4 76 66 46 71 52 51 41 6 92 3 90 97 12 50 65 27 91 38 85 39 63 2 10 21 44 12 24 82 77 90 89 31 65 54 14 79 12 17 64 73 18 98 97 97 91 82 75 89 19 1 12 92 51 45 50 33 83 30 75 15 22 76 49 95 74 31 16 66 83 3 51 62 77 32 89 64 8 40 99 30 3 2 10 66 80 28 60 90 71 72 81 86 68 33 100 5 59 44 75 75 93 23 97 36 68 82 82 68 30 25 31 30 60 29 25 37 82 17 78 ; 
L -2 -2 -1 13 2 8 -6 7 -4 9 5 -7 14 -8 8 -2 7 -6 -3 1 -7 6 -1 -1 -9 -2 3 10 -8 1 1 10 -6 5 -2 5 -6 -1 2 8 7 -9 -5 -5 4 -9 9 2 9 7 10 -6 5 9 7 1 -5 -10 -3 -10 8 -10 -3 9 7 -5 -5 5 10 -6 -7 7 -3 5 8 2 4 -5 -5 -3 -5 5 9 8 7 -3 -3 -5 7 3 -10 -5 7 3 -5 10 -1 1 3 -1 2 9 4 -3 -7 -9 -5 11 -7 -5 -9 -1 9 -7 -9 8 -8 -10 3 7 10 10 -3 -6 9 -7 2 5 9 10 -10 -3 -4 3 4 -5 -1 8 -9 -4 -10 3 -3 5 4 6 -5 9 -1 1 9 -9 -10 -7 9 6 7 -7 9 -6 8 9 -8 5 2 15 2 -3 -2 2 -4 12 6 -5 2 7 6 -3 8 -2 7 3 -3 7 6 -9 9 -8 -4 -6 4 -1 7 -9 3 9 10 1 -4 3 ; 
0:102 0:12 0:164 0:198 0:60 0:142 0:50 0:50 0:34 0:54 0:204 0:130 0:28 0:100 0:108 0:118 0:96 0:70 0:132 0:32 0:294 0:54 0:166 0:126 0:98 0:12 0:172 0:30 0:180 0:110 0:292 0:244 0:126 0:108 0:64 0:90 0:16 0:120 0:96 0:68 0:216 0:194 0:124 0:164 0:132 0:152 0:60 0:32 0:104 0:120 0:204 0:162 0:62 0:136 0:66 0:86 0:160 0:58 0:140 0:58 0:48 0:72 0:118 0:52 0:34 0:106 0:26 0:110 0:132 0:98 0:316 0:136 0:108 0:22 0:164 0:50 0:196 0:16 0:270 0:46 0:24 0:70 0:98 0:86 0:132 0:216 0:16 0:172 0:74 0:134 0:4 0:62 0:60 0:128 0:140 0:56 0:22 0:72 0:34 0:148 0:176 0:58 0:4 0:118 0:60 0:228 0:42 0:112 0:34 0:12 0:94 0:32 0:22 0:10 0:70 0:76 0:34 0:86 0:138 0:64 0:130 0:100 0:192 0:46 0:38 0:48 0:116 0:68 0:20 0:4 0:76 0:30 0:30 0:70 0:102 0:58 0:58 0:90 0:238 0:256 0:84 0:68 0:280 0:142 0:132 0:232 0:82 0:108 0:196 0:32 0:36 0:152 0:84 0:138 0:86 0:60 0:224 0:172 0:60 0:118 0:170 0:60 0:60 0:88 0:54 0:114 0:108 0:46 0:126 0:40 0:38 0:40 0:46 0:142 0:194 0:134 0:38 0:100 0:82 0:10 0:28 0:76 0:102 0:70 0:146 0:60 0:288 0:224 0:120 0:78 0:78 0:64 0:16 0:100 0:82 0:146 0:190 0:98 0:100 0:34 0:156 ; 
L 3 2 -4 -8 7 1 -1 8 -9 1 -3 2 5 10 -1 2 5 10 -2 -1 4 -7 10 6 6 8 3 6 2 8 1 -3 -1 6 1 6 5 -1 1 10 -8 -9 -2 -6 5 -7 10 1 8 -1 -6 2 8 10 6 -3 8 -6 -8 -1 6 4 -8 5 3 4 -10 5 5 -4 -2 2 -7 -1 4 -6 -10 -10 6 -4 1 -10 2 9 9 7 6 -10 -8 1 6 10 1 -10 7 2 1 6 -7 -5 3 -5 -4 -1 8 9 -2 3 -7 1 2 -10 -2 10 -6 -1 -10 5 8 9 9 -4 -9 -4 -6 -9 -7 -8 -6 5 3 7 10 -6 -5 6 6 -2 4 -10 4 -6 -6 -10 8 4 -9 10 4 -7 -9 10 4 -1 -8 -5 9 8 9 6 9 7 -9 5 3 9 -9 9 10 -2 -9 -1 -8 -4 4 2 7 -3 3 8 -2 5 2 6 10 -9 -5 10 -7 4 -4 -3 9 1 -1 8 3 8 -4 10 ; 
40 100 83 38 19 42 8 9 25 44 65 91 28 42 47 19 79 15 37 11 83 84 71 15 95 63 11 86 41 53 41 95 20 4 81 79 25 82 54 48 84 85 62 6 18 42 79 99 54 37 59 16 78 36 82 44 22 70 68 47 63 82 90 41 65 20 99 33 63 92 70 33 95 51 91 98 12 49 23 81 12 5 89 81 12 36 60 62 54 5 26 82 76 64 62 42 67 82 4 37 59 9 69 87 89 31 22 62 57 15 71 23 12 99 51 67 50 98 15 96 75 48 16 46 100 85 49 77 88 73 16 48 47 2 5 34 30 54 67 3 70 95 55 21 1 6 86 15 91 16 81 40 41 21 35 79 44 24 50 16 99 23 47 58 29 83 30 1 82 1 52 68 58 42 7 88 59 7 70 35 6 9 32 79 45 33 1 5 79 1 76 24 95 84 74 8 41 46 39 6 82 ; 
L 3 -6 10 1 -1 8 -6 8 -1 -1 -1 -4 -6 -10 -3 1 6 -5 8 8 -1 9 2 3 9 6 8 -9 4 -10 1 -1 9 -9 -10 -6 -6 -4 -7 -1 -8 -2 -10 1 6 -5 -3 -5 -9 -2 -10 10 10 10 8 -6 6 -5 -3 -6 -5 -9 -11 1 2 5 2 -2 2 -9 9 5 -10 -2 -4 -8 -6 -1 1 -10 -3 9 -14 -9 9 1 -4 10 -7 3 4 2 -3 -1 10 4 8 1 6 -4 -3 -5 -4 3 8 -10 -1 -2 -6 1 9 4 -10 -4 -7 -6 -5 -2 1 -1 -10 -5 6 6 2 3 -6 1 8 -2 2 -7 -13 -10 -9 8 2 7 15 -8 -8 9 -5 2 5 10 9 -7 8 -5 10 6 7 -8 10 -8 7 1 5 -4 -5 -4 -7 -9 10 7 -4 6 -2 -4 1 6 -9 3 3 6 9 4 2 -7 8 -10 10 6 9 12 -7 9 -8 -8 -4 4 6 -4 7 -1 -6 10 -4 10 ; 
0:80 0:186 0:46 0:132 0:64 0:6 0:68 0:16 0:110 0:56 0:152 0:128 0:38 0:204 0:240 0:152 0:40 0:78 0:36 0:100 0:194 0:12 0:118 0:96 0:68 0:32 0:102 0:20 0:86 0:156 0:14 0:172 0:76 0:68 0:66 0:34 0:192 0:240 0:188 0:54 0:102 0:42 0:158 0:152 0:134 0:18 0:74 0:130 0:18 0:62 0:230 0:50 0:180 0:154 0:10 0:86 0:60 0:24 0:92 0:74 0:26 0:190 0:52 0:72 0:22 0:46 0:90 0:182 0:62 0:140 0:2 0:16 0:70 0:76 0:126 0:76 0:28 0:134 0:92 0:180 0:110 0:58 0:194 0:70 0:84 0:124 0:72 0:40 0:174 0:24 0:152 0:176 0:50 0:366 0:68 0:24 0:76 0:16 0:52 0:194 0:108 0:292 0:154 0:14 0:48 0:154 0:144 0:140 0:56 0:114 0:90 0:202 0:200 0:36 0:32 0:144 0:236 0:44 0:126 0:36 0:24 0:6 0:68 0:70 0:42 0:48 0:22 0:176 0:64 0:62 0:66 0:112 0:98 0:226 0:206 0:76 0:240 0:168 0:124 0:208 0:102 0:88 0:50 0:18 0:56 0:84 0:118 0:94 0:66 0:96 0:66 0:174 0:130 0:66 0:60 0:62 0:66 0:110 0:138 0:198 0:110 0:300 0:108 0:176 0:212 0:104 0:168 0:34 0:68 0:20 0:58 0:68 0:86 0:98 0:74 0:40 0:142 0:0 0:34 0:104 0:38 0:78 0:172 0:92 0:20 0:96 0:214 0:130 0:42 0:146 0:126 0:88 0:102 0:178 0:2 0:108 0:50 0:82 0:222 0:12 0:164 ; 
L 7 2 9 8 10 9 1 -7 9 -5 6 -9 -10 -6 8 3 -4 1 10 -4 -2 5 -8 -7 -3 1 -3 -3 5 -2 1 -10 -8 9 -6 1 7 6 -1 5 -3 9 6 2 -6 1 7 10 -9 9 -7 5 -8 -1 7 5 -4 -8 4 -3 8 -8 -7 -1 -1 2 1 6 -3 -6 -8 -1 9 -5 2 -3 -2 -5 3 10 -3 -1 -5 -7 2 6 -7 6 -7 8 6 -2 9 -1 -10 -9 2 -10 8 -1 6 7 -7 -2 -2 -7 -6 -4 -8 -1 7 -8 5 -7 -10 -6 -10 3 2 7 -8 5 2 6 -8 5 4 4 2 -4 9 -4 -1 10 5 10 4 4 -4 -8 4 -7 1 2 -4 -3 -4 4 2 -6 7 -4 3 -6 7 1 3 2 9 5 -6 -9 4 7 -1 1 3 8 4 -1 9 1 -3 -1 5 10 3 8 -8 -7 -9 -6 -2 -7 5 -8 10 -3 -2 -3 6 -3 6 2 2 -3 2 -2 8 -9 ; 
18 85 84 41 31 7 24 50 47 16 87 54 58 53 2 25 29 40 47 84 90 55 23 52 36 72 74 21 16 99 85 15 84 58 16 83 46 67 98 11 76 59 2 89 35 50 56 51 19 67 48 24 84 61 43 3 69 77 75 57 10 63 36 67 61 35 93 49 60 79 20 11 96 40 70 87 94 30 51 15 48 22 55 84 76 96 35 93 77 97 100 58 12 17 13 8 52 15 3 71 50 81 22 21 46 10 23 68 54 20 26 30 92 80 78 96 63 2 89 7 57 76 5 92 64 7 24 42 99 19 75 94 91 21 66 21 31 3 62 11 54 22 78 57 37 95 16 45 26 70 40 49 15 89 71 21 6 10 91 60 63 95 7 90 98 59 20 55 82 64 2 74 72 12 97 45 7 30 50 67 42 61 95 47 51 28 96 15 26 90 47 90 85 97 91 95 100 2 4 55 85 ; 
L 7 5 4 1 2 -6 7 -1 -1 7 4 -4 -8 -7 6 -8 11 1 -6 3 -10 8 -9 -2 -10 -3 1 -1 8 7 1 7 -15 6 -9 6 -3 -9 -3 2 6 2 -8 -2 3 1 10 -6 -6 -5 -10 -2 10 -3 8 -2 1 6 10 -6 3 -2 2 -8 10 1 8 1 8 8 8 7 -5 -2 -8 -1 -8 -4 -6 5 -12 -10 1 4 -4 -6 -10 -1 -3 8 2 -4 6 -9 6 -2 7 1 -7 -3 8 -8 2 -9 -9 1 -9 -10 -5 4 5 14 -5 3 -10 2 -5 -2 1 7 1 -6 5 9 -1 -6 -5 5 3 -3 2 -7 6 4 -10 -7 -13 8 9 9 1 3 2 2 -7 -4 4 3 -1 -5 -4 7 7 -4 7 -5 3 1 -5 -4 3 -7 -7 -7 -6 -9 5 4 -9 1 -6 8 -7 -9 10 -3 6 2 3 -5 -7 -2 -8 8 -3 -9 -10 -2 4 -9 -7 2 3 -3 -4 4 -2 9 8 -9 ; 
0:36 0:58 0:48 0:26 0:102 0:150 0:38 0:80 0:130 0:98 0:114 0:204 0:154 0:102 0:126 0:36 0:42 0:92 0:116 0:152 0:72 0:154 0:198 0:300 0:80 0:98 0:194 0:50 0:278 0:54 0:44 0:112 0:54 0:76 0:104 0:134 0:110 0:26 0:152 0:58 0:118 0:30 0:150 0:48 0:10 0:58 0:104 0:286 0:110 0:32 0:134 0:72 0:178 0:120 0:74 0:92 0:186 0:304 0:84 0:246 0:74 0:150 0:68 0:120 0:206 0:24 0:124 0:42 0:190 0:142 0:280 0:50 0:120 0:68 0:154 0:262 0:80 0:94 0:160 0:174 0:58 0:160 0:64 0:52 0:110 0:86 0:40 0:212 0:88 0:20 0:170 0:140 0:120 0:32 0:62 0:124 0:64 0:52 0:184 0:118 0:38 0:78 0:156 0:70 0:44 0:192 0:116 0:116 0:80 0:22 0:74 0:118 0:70 0:144 0:24 0:76 0:198 0:82 0:166 0:272 0:42 0:150 0:58 0:156 0:72 0:30 0:82 0:134 0:72 0:90 0:158 0:168 0:80 0:114 0:16 0:54 0:136 0:78 0:88 0:102 0:52 0:108 0:84 0:128 0:136 0:72 0:138 0:22 0:132 0:110 0:32 0:188 0:92 0:268 0:106 0:134 0:232 0:48 0:150 0:70 0:90 0:118 0:134 0:72 0:104 0:36 0:94 0:22 0:188 0:120 0:118 0:96 0:114 0:44 0:186 0:232 0:170 0:322 0:152 0:20 0:22 0:104 0:68 0:40 0:134 0:76 0:44 0:64 0:62 0:84 0:48 0:40 0:78 0:126 0:28 0:46 0:62 0:104 0:54 0:110 0:170 ; 
L 8 3 -4 -3 -1 9 -9 4 -8 -2 2 -7 -2 4 5 -5 6 -9 -2 6 8 -9 10 9 6 1 -4 -3 -7 -7 1 -5 -5 2 7 -3 8 -5 -5 3 8 3 -4 6 -1 1 -3 -10 -4 1 -6 -4 6 -1 -6 -9 6 -6 -4 10 8 -8 -1 -4 -7 2 -6 7 -7 -9 3 -8 3 -1 -8 -6 -3 4 7 -9 -7 -3 6 4 -10 9 4 8 2 -3 4 3 -8 4 6 8 -10 6 -3 3 -2 -4 -7 -8 -1 -10 10 -8 6 -8 10 8 9 8 -9 10 5 7 -9 -7 -9 -10 7 -1 8 9 -4 1 -9 -1 3 3 -9 -1 5 5 -9 5 6 -6 2 -4 -5 -8 -6 1 3 4 9 5 1 -1 -5 -2 -10 10 9 9 -6 -6 -9 8 8 -1 -7 7 9 -7 -2 -9 2 1 4 -8 1 1 -10 4 -9 -3 -4 -10 6 -9 -4 -3 7 -9 4 -4 -4 1 3 -3 -2 -6 -6 8 -5 -3 ; 
56 52 24 83 33 21 11 90 12 84 97 83 37 94 5 40 11 17 93 88 83 87 91 45 67 81 28 2 46 61 21 7 42 32 40 94 4 1 10 2 17 67 5 39 58 34 70 99 49 69 60 25 69 100 40 14 15 98 87 99 96 15 64 19 47 44 72 88 23 74 92 82 88 14 15 72 5 19 85 36 36 71 52 7 32 13 45 63 35 69 67 60 22 4 33 92 4 38 27 37 91 37 82 7 49 59 75 82 78 84 66 90 72 88 66 98 10 90 93 15 97 79 28 85 65 67 79 22 99 25 67 99 78 12 69 11 30 99 36 87 69 22 62 96 37 23 50 23 63 90 13 16 56 99 39 8 54 36 92 99 23 67 44 55 49 99 98 72 65 83 86 87 36 28 15 96 43 32 57 56 66 36 70 47 3 98 19 47 34 27 89 9 100 40 41 39 79 87 58 1 46 ; 
L 8 3 -4 8 3 4 6 8 -1 -2 -5 -2 -4 -8 -8 -5 9 -12 6 -4 6 -5 1 -1 -7 3 5 4 -8 9 -7 2 3 6 -9 4 -8 9 6 6 2 -2 9 1 -4 6 -2 -9 7 -9 3 14 -10 5 4 -8 -10 -3 -1 9 7 -2 -4 -8 -10 3 -8 6 8 4 9 4 -8 4 3 9 13 9 7 4 -6 -3 5 7 -10 5 5 9 -9 -4 -3 -6 -9 1 -9 -3 -11 -8 -4 -6 5 -1 1 8 -9 -6 -1 8 -6 -3 4 -4 8 -4 4 9 10 -3 1 -3 4 7 8 -3 3 8 2 -9 -7 -4 2 -1 6 -4 -4 6 -9 -7 6 10 -1 1 9 -5 1 1 -7 5 7 10 7 1 3 -3 -9 7 10 -8 -1 1 6 7 9 -7 -2 8 8 -1 5 6 10 -10 6 -10 -6 -3 -1 -10 -1 9 3 2 -9 -9 -6 3 -2 3 10 -15 -10 -1 8 -9 6 -8 -7 6 -5 -3 ; 
0:112 0:104 0:48 0:160 0:134 0:124 0:40 0:264 0:28 0:174 0:92 0:192 0:26 0:132 0:132 0:366 0:140 0:96 0:234 0:80 0:74 0:30 0:32 0:56 0:20 0:210 0:112 0:124 0:20 0:98 0:186 0:318 0:114 0:100 0:104 0:124 0:66 0:42 0:162 0:198 0:190 0:90 0:72 0:98 0:100 0:138 0:192 0:88 0:242 0:22 0:44 0:134 0:118 0:154 0:42 0:146 0:120 0:78 0:94 0:42 0:194 0:82 0:186 0:200 0:68 0:204 0:78 0:120 0:132 0:100 0:6 0:184 0:196 0:252 0:16 0:168 0:36 0:26 0:272 0:170 0:16 0:92 0:66 0:76 0:22 0:110 0:92 0:102 0:20 0:126 0:46 0:228 0:88 0:86 0:48 0:174 0:46 0:112 0:54 0:14 0:172 0:78 0:56 0:128 0:182 0:94 0:140 0:38 0:116 0:112 0:134 0:118 0:160 0:94 0:70 0:58 0:174 0:210 0:128 0:144 0:26 0:60 0:96 0:108 0:12 0:44 0:70 0:136 0:172 0:16 0:94 0:126 0:16 0:42 0:80 0:20 0:54 0:230 0:10 0:32 0:174 0:266 0:72 0:58 0:92 0:68 0:54 0:188 0:24 0:214 0:6 0:62 0:200 0:80 0:164 0:62 0:68 0:76 0:220 0:56 0:78 0:126 0:134 0:144 0:130 0:14 0:200 0:50 0:138 0:40 0:238 0:192 0:6 0:176 0:52 0:58 0:66 0:6 0:76 0:20 0:32 0:90 0:180 0:104 0:36 0:134 0:120 0:124 0:110 0:194 0:128 0:96 0:40 0:198 0:28 0:82 0:64 0:176 0:50 0:2 0:92 ; 
L 9 -1 1 7 9 -2 -3 8 -7 -1 -5 10 9 10 -1 -9 -7 3 10 -7 6 3 2 -8 -6 6 9 9 2 -9 4 2 7 -2 5 -10 -3 -9 2 10 9 7 3 -7 9 -10 7 6 2 4 5 6 -7 -5 -7 3 1 7 -4 2 8 -3 5 6 3 1 9 10 -4 2 -10 -1 4 7 3 9 5 4 2 -6 4 -3 2 -1 -6 -4 -9 10 9 -10 -10 -1 9 5 -5 -10 4 1 7 -9 2 4 -3 7 8 -7 9 9 -7 5 -9 5 -8 -6 -6 -3 -8 5 2 -7 7 -5 1 10 -2 9 -6 4 -2 7 -1 3 -7 -9 -4 -3 -3 5 -1 -8 3 1 1 -6 -6 -1 -9 -7 2 -7 -3 4 7 -3 3 9 -4 4 -5 10 3 -8 7 -9 2 -2 5 -4 1 9 -6 7 -7 -1 2 4 8 1 5 -7 -7 -8 2 9 4 -1 -4 7 7 -8 6 7 1 4 4 -1 -4 -9 3 4 ; 
57 53 3 36 56 95 3 80 100 70 40 1 88 14 86 91 8 61 25 48 93 72 41 80 14 43 23 98 77 40 6 48 61 4 9 85 6 54 24 74 3 15 7 52 30 1 44 4 45 5 88 1 89 37 94 89 27 88 35 30 48 81 6 78 41 85 43 30 57 42 40 16 10 53 63 51 34 22 61 44 64 50 56 2 36 57 18 70 4 26 11 55 31 77 47 81 10 39 70 63 69 28 48 10 25 52 79 10 75 19 91 66 48 29 80 5 31 85 59 67 46 97 1 67 49 87 55 85 18 61 90 60 57 59 41 5 76 20 44 60 56 69 94 76 91 49 61 52 74 21 78 88 62 20 17 24 89 18 67 45 15 62 50 83 78 22 56 4 5 67 63 60 84 98 92 35 60 98 82 84 37 66 94 9 1 66 28 83 44 70 74 35 92 22 64 10 61 98 32 91 73 ; 
L -9 -10 5 11 6 -8 6 4 7 9 7 13 -1 5 -3 3 7 -4 -1 -2 1 -5 -9 -2 1 -2 9 8 -3 -2 -2 4 -1 -10 -7 -8 2 -2 -1 -1 -4 6 -10 4 -7 7 1 4 3 9 -4 9 2 5 6 3 7 3 4 -3 -7 -1 -4 2 -8 6 7 3 -9 -10 -3 -9 5 7 4 7 -7 1 -1 7 -9 2 -9 -2 4 -5 -6 1 5 -7 -3 -6 2 -9 -8 2 -5 -3 1 5 -4 2 12 -7 -7 2 9 -10 -1 8 3 7 9 10 6 10 4 -7 -5 8 10 -5 -9 -9 7 4 -5 -7 -4 7 -3 -9 -6 7 10 -3 2 -4 -5 1 7 -1 -1 10 -6 9 -4 -9 -7 -7 -6 8 -3 10 2 -6 10 9 -6 -1 -8 -9 2 -6 -7 3 -9 1 4 4 -1 -14 10 -8 4 -9 -7 6 9 5 7 7 -10 -3 3 -2 -9 -7 -5 -9 7 15 -8 5 9 1 2 4 3 4 ; 
0:18 0:36 0:150 0:36 0:72 0:118 0:112 0:58 0:46 0:48 0:64 0:64 0:24 0:350 0:266 0:174 0:160 0:62 0:68 0:76 0:172 0:66 0:124 0:56 0:12 0:4 0:78 0:64 0:246 0:148 0:148 0:74 0:222 0:342 0:58 0:54 0:134 0:278 0:40 0:16 0:68 0:28 0:88 0:280 0:80 0:86 0:24 0:56 0:84 0:42 0:178 0:318 0:20 0:28 0:156 0:82 0:68 0:142 0:52 0:24 0:292 0:168 0:40 0:60 0:168 0:56 0:62 0:28 0:52 0:6 0:24 0:108 0:128 0:74 0:138 0:60 0:260 0:146 0:96 0:130 0:166 0:48 0:80 0:64 0:84 0:158 0:166 0:58 0:38 0:72 0:72 0:144 0:36 0:40 0:134 0:12 0:170 0:74 0:188 0:36 0:30 0:86 0:146 0:100 0:86 0:20 0:98 0:64 0:54 0:52 0:146 0:52 0:70 0:72 0:98 0:120 0:104 0:112 0:190 0:34 0:36 0:62 0:38 0:18 0:44 0:48 0:46 0:40 0:126 0:36 0:40 0:46 0:128 0:166 0:218 0:234 0:48 0:76 0:12 0:66 0:54 0:80 0:48 0:98 0:50 0:26 0:180 0:174 0:180 0:380 0:142 0:160 0:54 0:66 0:92 0:86 0:52 0:8 0:82 0:90 0:40 0:312 0:68 0:326 0:110 0:274 0:10 0:268 0:66 0:38 0:98 0:64 0:34 0:8 0:206 0:54 0:132 0:88 0:18 0:30 0:70 0:116 0:72 0:28 0:32 0:158 0:140 0:68 0:38 0:294 0:24 0:162 0:198 0:84 0:92 0:352 0:146 0:196 0:12 0:182 0:146 ; 
L -3 4 -7 4 5 9 -1 -7 2 -2 -5 5 3 -4 1 -6 3 5 -8 2 5 5 3 -10 -9 -2 -3 -4 2 -1 -3 8 -5 9 -7 10 -5 -3 7 -10 10 -8 -4 -4 -1 6 -4 4 -1 1 10 4 8 -6 7 1 7 -2 -3 -3 -4 3 9 2 6 1 -10 10 7 -3 4 6 -8 -9 2 -9 7 -2 -7 10 -10 -8 -9 3 10 -8 5 -6 2 5 5 -6 -10 -9 6 7 -3 3 9 -9 7 1 4 8 9 3 7 7 -5 3 8 5 6 10 -9 -2 3 2 -10 -7 -6 -5 9 1 2 -9 -4 -2 7 -6 1 6 -9 3 -4 -8 9 -8 5 -1 7 -6 -7 -2 4 -1 -6 -2 -5 1 -2 -1 -10 -6 -3 -7 6 -4 -1 -3 -6 5 8 -9 3 5 -6 -8 -1 10 -7 -6 -1 -3 2 -8 7 -2 -2 -9 4 -10 -1 -8 6 8 8 9 4 -1 10 10 -3 9 -6 -7 3 -2 -1 9 ; 
63 100 37 94 82 42 81 93 34 42 73 4 87 40 24 24 39 2 23 15 40 66 56 93 74 20 92 79 35 77 97 45 69 3 43 32 93 32 61 31 66 49 53 42 10 8 15 18 84 34 40 13 44 29 80 72 76 59 6 71 61 37 38 16 30 61 26 65 86 93 55 15 64 5 86 6 54 39 61 87 44 27 81 92 84 19 57 28 36 35 67 50 14 57 37 68 98 38 39 66 26 36 96 70 55 5 96 74 16 60 84 43 75 92 38 15 47 47 58 58 17 48 22 64 11 85 78 11 53 80 81 73 49 64 63 27 67 7 36 15 45 38 100 7 83 69 44 31 18 80 70 20 43 35 77 17 13 87 20 54 46 51 17 47 71 39 46 46 24 94 43 76 11 27 72 83 53 59 45 20 49 6 13 72 84 47 83 76 61 10 2 60 63 95 28 80 72 98 41 46 6 ; 
L -5 5 -2 -2 9 -6 5 5 -5 -3 9 7 1 10 -6 -1 7 -10 -10 -8 7 -4 10 1 3 8 9 10 -3 14 8 8 -2 3 -3 8 10 5 7 6 -4 -4 -9 3 3 -10 6 8 10 -5 6 -10 5 9 2 -9 4 -3 -4 2 1 -2 9 8 -9 -9 -8 5 -1 -5 3 6 10 7 5 -9 -3 3 -8 9 10 4 4 6 -2 -3 8 -1 -6 -2 -4 -1 6 -4 -7 6 5 6 3 3 10 -8 9 6 -4 9 7 -1 -7 -1 -10 2 -2 -3 -10 -7 7 4 -8 15 8 -6 5 6 -7 7 -8 7 1 2 4 3 -1 2 3 1 -1 3 -9 -10 -2 -1 -9 -5 7 -1 -7 -2 10 9 -2 -13 -4 -8 1 5 2 -6 -2 4 12 8 3 1 6 -2 -1 -4 10 -8 -5 -5 -6 7 -3 -2 -6 9 -4 -9 -7 -9 -3 4 -1 -3 9 -11 -7 -7 -4 7 -7 6 -6 -6 -5 2 -1 9 ; 
0:34 0:152 0:148 0:90 0:118 0:98 0:66 0:18 0:36 0:96 0:108 0:8 0:108 0:20 0:126 0:192 0:34 0:128 0:34 0:92 0:188 0:60 0:30 0:64 0:8 0:26 0:42 0:148 0:378 0:102 0:70 0:44 0:44 0:80 0:18 0:86 0:76 0:132 0:212 0:98 0:136 0:88 0:134 0:144 0:142 0:46 0:80 0:152 0:96 0:42 0:110 0:90 0:44 0:54 0:122 0:160 0:74 0:80 0:160 0:54 0:38 0:40 0:94 0:66 0:152 0:18 0:36 0:106 0:144 0:26 0:102 0:182 0:316 0:104 0:28 0:22 0:228 0:94 0:228 0:46 0:70 0:60 0:118 0:60 0:156 0:162 0:120 0:52 0:24 0:66 0:260 0:230 0:114 0:18 0:60 0:136 0:46 0:96 0:98 0:40 0:124 0:84 0:256 0:64 0:62 0:6 0:78 0:124 0:144 0:12 0:48 0:122 0:68 0:12 0:180 0:70 0:18 0:150 0:64 0:30 0:110 0:60 0:364 0:148 0:270 0:120 0:32 0:144 0:186 0:84 0:92 0:58 0:44 0:148 0:96 0:52 0:110 0:76 0:120 0:38 0:60 0:22 0:128 0:38 0:106 0:82 0:26 0:30 0:144 0:130 0:126 0:40 0:38 0:58 0:162 0:88 0:86 0:54 0:154 0:160 0:56 0:98 0:182 0:128 0:142 0:88 0:186 0:200 0:86 0:170 0:102 0:134 0:198 0:26 0:98 0:62 0:44 0:46 0:222 0:120 0:176 0:174 0:198 0:244 0:32 0:54 0:216 0:50 0:72 0:208 0:88 0:188 0:114 0:18 0:62 0:92 0:34 0:54 0:120 0:92 0:12 ; 
L -5 9 7 2 2 6 -7 9 8 10 6 -7 2 3 4 -10 -8 -10 4 -5 -5 -3 -5 -10 8 -1 -10 -10 -4 -9 -1 3 2 -5 -4 -4 -6 1 3 10 10 -5 -3 -6 3 9 -4 9 5 4 -3 3 6 -9 2 2 -3 -8 2 10 -3 9 4 3 -3 -1 4 -7 5 3 -5 7 6 -3 -3 -9 -1 -5 -8 10 9 2 -6 8 7 9 -8 -3 9 5 -5 -1 -5 10 -5 -10 8 5 -3 -9 5 6 5 -7 3 -1 2 3 5 -1 2 -3 -5 -6 7 -8 4 5 7 5 -3 -4 2 1 -2 5 -10 -7 1 2 -5 -2 1 -1 6 -9 -2 7 3 -6 -2 -8 -2 4 -8 -1 -2 10 -2 5 8 10 -5 -6 -9 6 10 10 3 -6 -7 -4 9 -5 -8 -3 3 3 -2 -8 -10 -3 -6 -6 2 3 6 3 2 2 -1 4 6 -8 2 5 8 4 6 -6 8 5 -4 -5 9 -4 6 -3 6 4 ; 
34 56 64 61 19 88 38 28 85 7 11 74 1 46 1 15 46 80 75 25 67 35 16 71 33 24 72 46 4 22 57 43 16 28 56 80 76 1 99 59 14 85 2 86 28 2 1 75 32 73 77 10 7 45 63 51 100 17 43 95 23 85 44 29 22 72 19 62 71 87 53 26 92 44 40 37 44 87 29 81 21 88 34 21 66 42 64 61 20 46 24 98 21 57 77 46 99 83 53 66 74 90 4 28 94 21 18 1 75 52 12 52 16 86 78 24 35 8 1 4 54 19 17 21 81 62 55 17 70 40 26 70 59 4 82 47 23 24 9 51 42 17 100 66 76 90 27 84 50 13 90 63 10 92 11 61 14 6 23 69 84 85 72 9 57 8 29 90 64 45 14 68 16 42 30 7 76 25 90 83 75 76 61 70 19 60 32 19 80 57 12 91 21 52 100 73 51 43 91 72 39 ; 
L 9 5 7 7 10 10 -5 5 -6 3 6 -7 -2 -3 -10 8 -8 1 -5 -3 -6 14 -6 2 5 -13 9 9 -4 -1 -2 3 -9 5 -6 -2 2 7 -10 1 -8 3 -3 -2 -8 -1 10 -8 -1 10 3 6 3 10 -5 -4 -5 -9 2 -3 1 -2 -5 -4 5 3 1 -6 -4 -5 1 8 -3 -2 2 -5 3 2 6 6 9 -15 -3 5 -8 3 -2 7 5 -2 -4 8 5 -3 1 7 -5 8 1 8 7 -3 4 -5 -9 5 4 -6 -10 9 11 -8 10 5 9 -3 1 12 -7 -2 3 6 8 -9 4 -6 -5 2 -4 -9 -3 1 -3 -5 3 -7 -3 8 10 5 10 10 4 4 8 2 -4 6 10 -5 -4 -3 3 -8 -3 -10 7 6 -8 -3 1 -2 -2 -10 -5 6 -9 9 6 -5 5 2 5 4 -4 6 -2 6 -1 9 2 -3 3 -2 -6 5 6 -10 9 7 2 -3 4 7 3 10 6 -9 6 4 ; 
0:28 0:138 0:102 0:286 0:240 0:120 0:50 0:58 0:6 0:168 0:260 0:72 0:124 0:122 0:206 0:104 0:16 0:80 0:112 0:210 0:188 0:66 0:108 0:92 0:96 0:86 0:34 0:90 0:124 0:142 0:150 0:62 0:18 0:180 0:56 0:40 0:54 0:158 0:16 0:40 0:60 0:96 0:84 0:120 0:152 0:154 0:22 0:60 0:82 0:172 0:90 0:58 0:146 0:136 0:52 0:114 0:80 0:48 0:70 0:80 0:118 0:74 0:34 0:112 0:6 0:220 0:26 0:56 0:112 0:164 0:114 0:70 0:40 0:92 0:74 0:96 0:88 0:8 0:176 0:144 0:118 0:42 0:164 0:18 0:0 0:70 0:30 0:52 0:92 0:118 0:76 0:6 0:64 0:80 0:22 0:32 0:14 0:32 0:82 0:186 0:112 0:90 0:36 0:42 0:24 0:148 0:194 0:128 0:232 0:130 0:94 0:48 0:54 0:142 0:18 0:58 0:86 0:146 0:132 0:22 0:170 0:192 0:130 0:46 0:144 0:84 0:38 0:150 0:130 0:70 0:110 0:52 0:50 0:22 0:220 0:42 0:100 0:66 0:14 0:66 0:102 0:46 0:66 0:56 0:120 0:80 0:228 0:126 0:32 0:110 0:166 0:38 0:58 0:80 0:122 0:20 0:138 0:168 0:118 0:50 0:10 0:72 0:84 0:58 0:14 0:144 0:30 0:120 0:110 0:220 0:14 0:100 0:24 0:44 0:134 0:232 0:186 0:58 0:188 0:28 0:176 0:184 0:94 0:200 0:222 0:2 0:208 0:126 0:126 0:128 0:122 0:58 0:12 0:62 0:52 0:72 0:90 0:36 0:54 0:144 0:78 ; 
L -2 -6 10 7 -6 -7 3 3 -2 -2 -6 -9 -1 -4 -7 7 -5 2 -2 -5 6 8 -7 10 5 10 -5 -5 1 -5 -1 6 6 7 3 -2 3 -3 -10 -10 10 -4 -8 10 1 -2 8 10 8 9 -3 -5 -4 9 -4 -3 -4 4 9 -9 6 -3 1 4 4 -10 4 4 2 -5 -5 -7 -3 -2 3 1 -1 -3 5 6 -7 -1 7 9 3 2 -1 3 2 1 -2 10 -10 4 9 3 -2 -1 -10 3 -10 -3 6 7 9 1 -6 4 7 -10 10 -10 4 4 -4 -10 7 -8 -5 1 1 8 -7 1 -1 1 2 3 3 6 -10 3 -6 -8 3 2 -7 -5 2 -7 -7 3 1 -9 -5 -7 4 1 6 -1 -3 -6 1 -6 -3 9 -3 -3 9 2 -4 2 -7 3 -10 -10 -6 3 3 3 -8 1 -5 9 -8 8 -10 -8 2 -5 -10 1 5 -5 2 -1 1 10 -1 4 -6 1 1 -10 -9 -4 1 -2 -4 -8 ; 
9 84 52 66 35 38 65 91 73 27 21 99 62 35 47 23 58 52 55 26 78 30 21 24 47 59 52 73 12 90 51 29 66 66 14 50 55 79 28 85 75 94 54 85 19 40 39 92 20 60 29 94 7 68 28 87 1 25 32 52 87 41 60 91 66 6 86 62 38 43 55 19 36 57 25 66 48 65 58 69 17 1 1 23 89 35 70 38 25 79 63 12 11 69 72 63 47 15 29 5 57 49 36 87 15 19 39 80 5 88 12 19 67 57 24 41 25 85 94 52 56 14 6 38 52 73 9 32 8 11 11 88 50 61 60 62 28 26 77 15 62 66 33 34 97 93 55 83 79 35 80 82 3 63 95 89 14 76 39 82 97 4 31 83 97 18 50 6 5 72 93 57 88 92 66 100 95 71 59 50 77 73 36 56 37 96 74 60 58 46 92 51 14 81 83 40 91 49 95 80 10 ; 
L -2 4 1 -6 -8 1 -10 -9 -8 9 7 -5 1 9 -1 9 3 10 -3 -10 -1 4 10 -2 -6 -1 7 -2 -3 5 -6 -5 2 -4 3 -9 4 -4 -10 3 3 1 4 -10 1 -1 10 5 -3 5 -1 -3 1 -3 9 -13 -10 11 -3 10 3 4 -3 -4 10 -3 -1 -2 -7 6 -8 6 5 10 3 3 -8 6 4 -7 -3 -5 -10 12 -10 -15 1 3 -5 7 2 -6 6 -4 2 -1 -2 -4 -10 -1 7 -8 8 10 -7 6 2 -7 -2 -4 3 4 -6 4 3 -1 8 1 -9 10 -8 2 -1 -2 -1 -9 -5 -3 9 -9 10 -14 7 -7 10 2 -1 -1 2 2 9 1 -6 8 -1 2 10 -4 -3 7 -7 -3 -1 9 10 -3 4 4 -7 6 6 1 5 -6 2 -8 7 1 -5 -10 8 2 -7 7 5 -5 -6 -3 6 -1 -2 -9 -3 4 10 3 5 -10 -4 1 3 2 -3 5 3 2 -1 10 -4 -8 ; 
0:18 0:146 0:166 0:156 0:68 0:104 0:30 0:92 0:70 0:22 0:206 0:86 0:68 0:80 0:90 0:88 0:120 0:98 0:114 0:26 0:72 0:90 0:86 0:232 0:12 0:164 0:14 0:176 0:70 0:102 0:114 0:330 0:112 0:16 0:42 0:52 0:136 0:98 0:218 0:92 0:86 0:40 0:160 0:188 0:136 0:30 0:60 0:182 0:78 0:116 0:130 0:60 0:80 0:106 0:222 0:172 0:114 0:86 0:188 0:128 0:106 0:78 0:118 0:136 0:82 0:144 0:230 0:64 0:42 0:50 0:130 0:58 0:50 0:176 0:46 0:90 0:80 0:22 0:134 0:100 0:22 0:108 0:104 0:74 0:240 0:6 0:176 0:110 0:212 0:48 0:76 0:84 0:44 0:58 0:128 0:54 0:68 0:120 0:106 0:28 0:112 0:12 0:92 0:184 0:114 0:128 0:100 0:62 0:76 0:82 0:86 0:76 0:360 0:84 0:30 0:160 0:114 0:102 0:68 0:264 0:192 0:118 0:114 0:114 0:42 0:146 0:40 0:150 0:178 0:80 0:58 0:188 0:174 0:72 0:100 0:24 0:80 0:38 0:80 0:26 0:188 0:124 0:132 0:54 0:78 0:98 0:102 0:114 0:46 0:88 0:40 0:238 0:48 0:208 0:44 0:126 0:174 0:68 0:36 0:100 0:132 0:168 0:104 0:90 0:126 0:30 0:156 0:66 0:188 0:14 0:116 0:68 0:76 0:10 0:242 0:58 0:156 0:76 0:58 0:208 0:180 0:120 0:218 0:14 0:130 0:178 0:26 0:156 0:158 0:46 0:42 0:38 0:108 0:86 0:20 0:34 0:136 0:96 0:90 0:160 0:20 ; 
L -5 7 3 10 -5 6 -2 7 -4 -6 9 -6 3 -6 8 4 -1 -4 8 -6 -4 -7 7 10 -5 6 9 -5 -1 -6 4 1 6 -2 2 -4 -1 -2 4 -8 1 6 1 -6 3 5 2 3 -5 -10 -8 2 -1 8 1 -2 3 9 -5 5 -6 -1 -10 -3 9 3 -6 -5 9 -9 -3 2 -6 10 -6 7 -7 -10 1 4 -6 -7 3 -7 7 -3 -9 -5 -4 -2 -1 8 5 -4 -3 -8 9 6 1 -9 8 4 -4 -9 10 2 -1 -9 -2 3 -4 6 -10 5 7 3 4 -4 5 -8 -2 -10 -1 -4 -6 -4 7 6 -9 -4 2 -3 -1 1 5 -8 -8 1 -9 -1 -6 -6 3 3 7 9 2 -7 1 -5 7 -7 7 -8 -3 -4 -9 2 3 -8 7 4 8 -3 -6 4 9 3 3 8 10 -5 10 -5 -4 -6 -2 9 4 -10 -2 4 10 -10 -2 2 -9 -8 3 -4 10 -3 10 -10 -1 -3 -3 -5 -9 -1 ; 
64 16 72 94 31 13 16 51 42 98 73 51 6 3 53 29 88 23 58 35 52 20 93 91 74 61 63 36 57 32 22 95 61 82 78 93 70 20 8 11 76 41 76 24 5 36 8 93 53 87 55 91 23 13 68 99 63 39 86 49 20 17 61 77 60 99 65 4 6 75 72 23 91 1 87 32 10 88 29 41 34 82 65 36 41 19 52 59 40 75 28 14 32 79 41 16 43 49 1 35 98 98 15 15 89 76 92 59 3 51 45 49 71 92 50 99 38 1 83 76 4 26 42 59 50 97 58 90 60 84 18 41 88 28 17 9 8 60 45 43 14 99 64 24 16 5 63 76 11 84 8 45 77 97 78 89 72 32 73 4 38 88 50 37 100 83 93 99 33 11 76 26 29 40 96 15 6 16 93 18 17 28 53 11 97 94 59 100 4 69 99 82 52 95 68 2 15 64 23 53 64 ; 
L -5 -5 -4 -2 -1 4 3 -7 -7 6 -5 -3 -14 7 -4 -8 5 -1 8 -3 -8 -9 8 10 -10 1 3 -6 1 3 6 -3 8 4 2 -1 -4 8 -7 10 15 -3 -6 -4 1 3 1 2 5 2 -7 -2 7 -7 -3 4 6 -4 7 -4 1 5 -10 5 -10 -2 -10 2 -8 -1 5 1 1 -9 2 8 -6 7 3 6 1 3 9 -10 -2 -4 5 -5 -7 -4 -3 6 -2 -13 9 9 5 3 9 -8 -8 4 4 12 -4 -1 -6 -7 -10 -9 -11 3 2 -3 10 3 -8 8 -5 -8 9 6 9 -6 -1 -10 -3 2 -4 6 -4 -7 3 -1 -6 1 -4 -8 1 9 1 3 9 -6 -4 7 2 2 -6 2 8 3 -10 -2 -8 -3 9 5 -6 7 2 -7 -1 2 -4 -5 10 -6 -4 9 10 -5 4 10 7 10 -6 -6 5 -10 -6 9 4 -6 -9 3 -9 2 -3 6 3 -4 4 9 -7 1 -3 -5 -9 -1 ; 
0:128 0:52 0:80 0:150 0:56 0:66 0:64 0:24 0:2 0:92 0:96 0:136 0:246 0:70 0:90 0:196 0:88 0:88 0:128 0:128 0:124 0:24 0:62 0:110 0:226 0:190 0:36 0:90 0:170 0:48 0:86 0:168 0:294 0:92 0:142 0:72 0:48 0:130 0:194 0:20 0:46 0:136 0:62 0:38 0:86 0:56 0:46 0:200 0:44 0:258 0:104 0:32 0:90 0:10 0:96 0:254 0:58 0:102 0:86 0:30 0:138 0:204 0:250 0:296 0:104 0:32 0:50 0:164 0:118 0:48 0:50 0:24 0:158 0:116 0:152 0:52 0:390 0:64 0:106 0:74 0:24 0:94 0:38 0:78 0:54 0:26 0:8 0:28 0:6 0:300 0:226 0:122 0:186 0:40 0:124 0:108 0:86 0:144 0:108 0:86 0:16 0:98 0:36 0:68 0:94 0:14 0:80 0:124 0:136 0:90 0:276 0:66 0:8 0:66 0:104 0:38 0:52 0:212 0:86 0:40 0:86 0:98 0:80 0:60 0:42 0:122 0:48 0:144 0:156 0:118 0:70 0:182 0:308 0:172 0:114 0:12 0:24 0:132 0:26 0:212 0:66 0:66 0:74 0:42 0:2 0:116 0:64 0:142 0:186 0:200 0:24 0:166 0:70 0:82 0:22 0:46 0:14 0:102 0:82 0:136 0:140 0:90 0:62 0:100 0:148 0:72 0:92 0:100 0:174 0:26 0:134 0:52 0:152 0:30 0:70 0:114 0:84 0:46 0:26 0:62 0:324 0:46 0:136 0:68 0:134 0:84 0:88 0:300 0:162 0:10 0:42 0:36 0:212 0:116 0:56 0:102 0:56 0:116 0:104 0:106 0:128 ; 
L 1 5 7 -3 -8 10 -5 -4 5 -7 8 -3 2 5 4 -5 5 9 -2 -8 3 -8 4 -1 4 4 8 3 -6 5 -2 9 -10 9 -10 5 7 -6 -2 -4 5 -7 6 10 -10 3 5 10 -1 -2 8 10 10 -1 3 -4 10 -6 -4 3 10 7 -9 9 1 -1 6 3 3 2 9 -6 -3 -2 -6 -5 -7 -6 -1 -7 6 7 10 -3 10 6 -7 -5 10 -3 10 -7 10 9 -6 7 1 8 -1 -3 -7 6 -6 5 -9 7 9 -2 1 -4 -5 4 -2 9 8 6 -5 9 8 7 9 -9 -1 -7 -7 1 10 1 3 9 -5 -9 -2 -3 1 4 1 2 4 -4 4 -7 -2 6 9 3 -6 -6 4 3 -4 8 9 -2 -8 -2 -4 -4 1 -1 -9 5 4 3 -2 -10 -9 10 -5 8 -2 -6 -5 -9 -6 2 -6 6 7 3 4 6 7 9 8 5 -6 -6 -10 3 7 9 -6 -1 -2 7 -9 -9 3 3 ; 
7 43 47 89 9 54 94 50 4 73 69 17 55 49 87 74 49 68 44 63 25 19 66 61 53 27 87 18 19 50 97 80 6 87 98 53 44 55 25 25 100 33 38 17 34 77 34 19 7 37 6 73 62 60 85 3 72 46 49 31 69 74 13 67 37 64 100 85 86 49 35 55 67 66 42 63 3 40 82 34 46 82 69 63 12 35 40 58 8 65 82 66 15 49 95 68 66 9 39 47 56 34 98 49 61 50 89 46 92 30 63 54 71 100 3 94 9 27 51 26 65 72 32 5 21 67 83 76 77 18 28 52 26 8 6 27 2 21 49 91 100 81 21 75 7 57 85 15 20 37 65 92 52 58 47 44 44 45 34 41 38 52 93 63 63 22 4 53 91 60 44 28 95 89 54 61 54 46 22 19 28 20 43 20 23 54 63 21 41 35 17 61 22 79 79 11 67 66 53 80 83 ; 
L -1 -5 4 -9 -4 7 -1 7 -9 5 -10 7 9 -10 -9 -9 -7 10 -10 9 3 -10 3 3 1 -1 4 5 3 5 -7 3 -6 -1 9 -6 7 -9 -8 -4 4 3 -2 -10 -9 4 7 -6 -5 -9 8 8 3 10 -6 -6 -9 3 7 -5 -7 3 10 -6 -3 -4 10 10 -2 -9 5 -5 8 6 -2 -2 1 -5 -6 -5 -6 1 8 -2 6 13 2 7 4 7 7 10 -4 -2 6 -2 2 3 2 -1 -2 4 -4 -6 5 -3 -4 3 3 -7 6 -15 5 2 -5 6 7 5 10 -7 -10 10 -1 6 -4 -6 -5 5 6 9 -7 1 9 -1 -10 6 4 -1 -10 3 2 1 -14 -10 4 -1 -3 -8 -4 -6 5 -8 9 4 -7 -4 2 -5 9 9 -10 -2 -4 -1 -3 8 8 6 -1 10 11 3 -8 -6 -9 -5 -12 7 -7 6 -1 -4 -6 9 9 -5 8 -9 6 -1 -3 7 -9 9 -6 -3 -8 8 3 3 ; 
0:124 0:106 0:108 0:140 0:74 0:140 0:64 0:8 0:88 0:22 0:188 0:30 0:78 0:12 0:124 0:72 0:40 0:34 0:196 0:102 0:170 0:98 0:24 0:52 0:94 0:100 0:46 0:58 0:70 0:44 0:220 0:128 0:140 0:158 0:276 0:190 0:130 0:72 0:42 0:180 0:190 0:126 0:126 0:44 0:8 0:50 0:76 0:108 0:136 0:114 0:38 0:134 0:168 0:32 0:208 0:22 0:112 0:24 0:106 0:62 0:82 0:130 0:170 0:92 0:72 0:86 0:118 0:84 0:248 0:82 0:54 0:110 0:74 0:38 0:74 0:72 0:194 0:52 0:242 0:114 0:156 0:126 0:150 0:72 0:84 0:112 0:34 0:44 0:196 0:92 0:130 0:212 0:84 0:98 0:32 0:162 0:40 0:190 0:142 0:70 0:102 0:68 0:142 0:44 0:46 0:54 0:16 0:240 0:94 0:88 0:128 0:70 0:60 0:24 0:194 0:186 0:80 0:6 0:90 0:56 0:186 0:174 0:92 0:198 0:66 0:94 0:84 0:176 0:190 0:136 0:120 0:50 0:64 0:74 0:72 0:58 0:70 0:40 0:210 0:154 0:152 0:196 0:14 0:80 0:66 0:82 0:24 0:16 0:102 0:28 0:22 0:108 0:160 0:14 0:124 0:48 0:112 0:144 0:28 0:182 0:198 0:54 0:146 0:246 0:34 0:182 0:86 0:110 0:46 0:114 0:168 0:30 0:34 0:78 0:30 0:86 0:74 0:202 0:18 0:78 0:126 0:88 0:54 0:202 0:52 0:42 0:42 0:34 0:94 0:114 0:98 0:66 0:96 0:118 0:222 0:40 0:36 0:104 0:100 0:160 0:166 ; 
L 4 -1 1 -8 -7 1 -5 -5 -8 -5 -2 -4 -6 6 5 -8 -8 3 1 -2 3 9 9 -3 -9 1 -3 -7 1 10 -4 -1 8 6 4 -7 -6 7 -5 -2 9 9 -7 6 8 -7 -8 -9 -10 6 3 -10 -6 5 -4 -5 6 5 4 10 -10 -3 -5 -5 -5 -9 9 -5 -6 6 -6 -4 -5 -6 8 -1 7 -6 3 -2 10 9 -6 -1 -8 -5 3 -1 -2 -2 9 -6 6 -10 -1 -1 -3 6 2 10 8 -9 -7 2 -1 -6 -9 -5 3 10 8 -5 7 8 -8 -9 -5 1 4 -7 5 -4 -1 1 7 3 -6 -1 -9 -10 7 -3 3 -9 -9 8 -8 -3 1 8 3 4 -1 9 -8 -2 -2 -10 -5 -4 -9 -5 8 6 -2 10 -8 -8 -3 7 -10 -8 -10 8 2 -4 -10 -3 4 -4 -2 3 10 -8 -7 -7 9 10 -5 4 -4 4 -10 -8 5 2 10 7 4 -2 -6 -7 2 4 9 -1 3 6 -5 -10 ; 
96 66 38 93 97 48 97 90 49 67 44 57 6 13 60 20 42 80 64 37 67 73 16 41 77 33 50 54 55 88 62 20 36 26 73 100 73 2 45 77 55 64 28 70 27 34 100 64 52 61 20 60 45 57 84 79 92 58 92 33 74 70 10 66 7 53 42 85 14 68 95 62 99 61 37 61 55 45 98 74 81 40 91 24 54 11 52 75 21 73 72 38 65 86 69 82 21 50 36 95 51 37 81 86 76 74 2 97 43 24 39 75 82 52 71 62 53 37 47 57 98 41 30 39 98 65 2 76 7 56 68 6 30 100 84 56 33 70 52 42 8 66 82 77 76 99 41 1 85 49 24 36 98 31 14 63 1 93 74 84 41 60 84 53 32 99 71 62 75 93 36 56 51 91 92 33 6 40 25 61 2 21 24 50 14 40 69 44 89 80 39 80 35 8 81 52 98 55 76 61 10 ; 
L -8 -10 -15 -8 -1 4 3 -5 6 7 -1 10 6 5 -8 9 -5 3 8 -5 9 -8 -10 -7 -5 -5 12 3 1 -9 7 -6 2 -13 -3 -6 6 9 -2 1 -3 -7 -7 2 -8 -7 6 -6 -4 -7 -4 -3 -7 9 -2 -1 7 5 5 -6 8 10 1 10 2 6 3 -9 -6 -8 -10 -8 7 -5 -6 -8 -10 -3 -4 -8 -8 5 -4 7 10 2 1 4 9 2 3 -4 5 -4 -8 9 -4 -6 -5 -10 1 -4 14 9 8 10 6 -2 -2 9 -10 -6 -1 -8 -9 9 -9 5 -2 -8 -4 1 8 9 -10 2 2 -6 1 11 -5 -3 5 -4 2 8 -10 6 -6 -9 2 1 10 -10 9 3 -5 -4 8 9 -5 -7 -3 3 -1 -7 -9 8 -1 -2 3 6 -4 3 8 -3 4 -6 7 -3 -7 -10 1 6 -10 4 -1 -1 -6 -1 -5 10 -5 -8 -7 -4 2 3 -9 -6 5 9 5 8 -8 10 4 -4 -5 -10 ; 
0:288 0:102 0:170 0:24 0:16 0:152 0:10 0:80 0:202 0:70 0:190 0:216 0:134 0:116 0:190 0:42 0:254 0:82 0:106 0:106 0:160 0:232 0:16 0:194 0:44 0:92 0:60 0:122 0:128 0:134 0:70 0:90 0:124 0:2 0:110 0:46 0:26 0:64 0:16 0:106 0:60 0:130 0:326 0:142 0:228 0:84 0:130 0:190 0:124 0:20 0:84 0:50 0:48 0:12 0:164 0:428 0:86 0:94 0:180 0:124 0:74 0:204 0:138 0:96 0:248 0:28 0:138 0:82 0:210 0:50 0:128 0:42 0:164 0:246 0:174 0:98 0:84 0:48 0:62 0:72 0:186 0:150 0:50 0:46 0:34 0:158 0:14 0:40 0:32 0:178 0:146 0:58 0:70 0:174 0:144 0:130 0:172 0:102 0:82 0:104 0:70 0:142 0:46 0:156 0:50 0:82 0:102 0:34 0:298 0:48 0:168 0:62 0:36 0:62 0:80 0:62 0:210 0:136 0:120 0:64 0:28 0:174 0:266 0:66 0:132 0:64 0:242 0:28 0:230 0:56 0:260 0:82 0:30 0:138 0:42 0:300 0:58 0:30 0:106 0:462 0:144 0:78 0:34 0:54 0:120 0:60 0:102 0:68 0:108 0:122 0:116 0:26 0:60 0:210 0:66 0:74 0:62 0:40 0:186 0:40 0:62 0:130 0:86 0:12 0:90 0:140 0:122 0:128 0:140 0:52 0:108 0:258 0:112 0:280 0:140 0:90 0:32 0:150 0:148 0:146 0:134 0:72 0:178 0:166 0:60 0:122 0:116 0:122 0:82 0:56 0:40 0:30 0:72 0:88 0:94 0:44 0:84 0:4 0:158 0:122 0:20 ; 
L -7 -10 3 3 1 -6 7 3 5 -6 8 -1 1 -9 6 -10 -8 -10 -10 -8 1 -8 -1 -8 -4 5 -3 6 8 -2 -7 -10 -9 -9 -2 -10 4 6 4 -8 6 -7 -5 -7 -7 1 -6 -8 2 9 2 -6 8 5 2 -9 8 4 4 -3 -8 8 -5 -10 -3 5 8 -7 -2 1 5 -10 10 9 -1 -9 -7 -10 -6 7 -10 -7 -7 4 5 -1 7 -7 10 7 -1 -6 7 -9 7 2 -1 5 -8 -3 -6 -6 -4 -7 -7 7 -5 -6 -3 -3 10 -7 -2 -2 -8 -5 -3 -7 1 5 10 8 -3 2 5 3 1 6 5 -6 6 -8 -2 4 -3 -8 7 -3 -9 1 -10 -5 -5 8 8 1 9 -2 -5 -4 3 -10 9 -8 10 -4 -9 -2 5 9 -6 -1 5 10 6 -7 -1 6 10 7 1 -7 -10 -9 9 -10 6 -10 -4 7 5 10 5 -2 8 -8 -8 -8 2 8 -5 -7 -10 6 9 5 -10 5 1 -5 ; 
82 69 37 67 15 96 60 24 50 23 72 9 13 81 30 50 49 36 51 79 90 19 53 82 48 44 14 65 92 64 12 51 46 66 55 40 63 54 40 75 17 13 40 24 31 87 75 36 79 64 80 85 66 61 49 40 19 90 89 67 19 70 42 9 54 16 1 20 55 100 78 41 30 3 77 66 88 70 84 67 85 92 21 48 20 25 14 6 74 55 60 48 30 11 69 4 94 87 82 81 86 47 83 22 18 40 54 50 70 21 30 52 46 91 82 93 63 100 97 81 44 30 80 87 1 63 5 28 61 10 83 64 22 98 32 65 36 60 36 60 75 69 98 53 58 63 35 78 67 84 100 26 92 59 81 100 19 24 67 7 63 87 62 97 30 36 35 1 66 94 6 43 63 2 74 41 98 33 44 44 62 2 13 40 21 16 89 97 25 14 96 60 21 57 92 91 19 48 73 60 67 ; 
L 9 -10 5 8 -8 7 -3 -9 -10 10 1 9 7 5 6 8 -6 1 9 -8 1 -5 10 3 -7 5 -2 6 6 -15 6 -10 -2 7 2 -6 -4 5 -7 -10 -6 -2 -8 -10 -4 -5 -6 -1 -9 8 -6 -7 4 -5 -5 8 9 -6 -1 -4 2 -8 7 -1 3 -13 2 12 8 7 -10 -7 -7 1 2 3 -9 8 -6 -2 9 -5 7 -3 5 5 -8 -5 -10 -3 5 5 4 -7 -10 -7 -8 -7 8 5 -14 -5 -3 -1 -2 -10 -1 5 -9 10 5 8 7 3 1 -5 1 -10 -7 7 8 -1 1 -6 -6 8 -8 -2 2 10 8 8 -5 4 5 -10 -5 -3 -1 2 7 6 -7 -6 8 6 -5 3 -6 10 -7 -8 -2 -7 -1 10 2 4 -5 10 -7 8 -8 4 -3 9 7 9 1 -10 -9 6 -8 -2 -11 -6 3 -6 9 4 7 10 8 7 -10 -3 -4 3 -6 4 7 9 10 -9 -10 -3 1 8 1 -5 ; 
0:108 0:90 0:28 0:130 0:158 0:72 0:120 0:72 0:14 0:60 0:148 0:70 0:218 0:6 0:100 0:80 0:58 0:218 0:90 0:44 0:226 0:130 0:56 0:66 0:8 0:18 0:80 0:26 0:110 0:98 0:6 0:44 0:52 0:94 0:116 0:170 0:214 0:88 0:252 0:152 0:58 0:64 0:62 0:106 0:110 0:150 0:188 0:146 0:78 0:38 0:390 0:182 0:36 0:156 0:88 0:136 0:44 0:66 0:88 0:44 0:50 0:128 0:50 0:174 0:12 0:180 0:130 0:118 0:108 0:134 0:170 0:184 0:42 0:14 0:92 0:74 0:130 0:16 0:242 0:312 0:106 0:122 0:164 0:110 0:32 0:260 0:164 0:124 0:174 0:70 0:56 0:58 0:118 0:30 0:106 0:186 0:84 0:28 0:356 0:160 0:16 0:118 0:24 0:186 0:98 0:42 0:90 0:46 0:310 0:130 0:86 0:100 0:154 0:18 0:40 0:48 0:116 0:164 0:62 0:10 0:126 0:236 0:78 0:66 0:84 0:120 0:32 0:150 0:168 0:32 0:62 0:86 0:92 0:90 0:130 0:156 0:4 0:168 0:182 0:200 0:112 0:70 0:8 0:84 0:186 0:72 0:110 0:214 0:50 0:144 0:44 0:148 0:166 0:24 0:142 0:14 0:206 0:50 0:22 0:68 0:154 0:120 0:6 0:176 0:22 0:176 0:168 0:176 0:50 0:54 0:72 0:46 0:166 0:58 0:178 0:150 0:92 0:106 0:44 0:30 0:44 0:34 0:56 0:98 0:74 0:108 0:72 0:200 0:146 0:22 0:28 0:100 0:148 0:138 0:126 0:150 0:132 0:96 0:60 0:120 0:134 ; 
L 7 -4 -2 7 -7 -1 -1 4 8 -1 7 -10 -9 3 -9 10 6 -4 5 10 -4 -3 -5 -2 5 -3 7 5 -1 8 10 8 8 -6 9 -2 -7 8 -1 -3 6 7 8 -3 -10 4 2 -5 -8 5 -5 5 2 8 9 10 -7 1 -9 -4 2 7 8 -9 -8 -5 9 8 -2 -7 10 -9 -10 -10 4 -5 -1 4 -7 4 -8 -9 -7 8 -1 -1 -2 -7 6 -6 1 -1 -5 -5 -6 -6 6 -10 -6 -4 10 -10 9 9 2 -9 -4 7 -5 -10 1 6 9 -6 -8 -9 9 -6 -4 -8 8 -7 -10 2 1 -10 3 -9 9 -1 10 -3 -7 -3 -7 -10 1 -8 2 2 -1 10 4 3 8 -4 -6 9 -6 -7 9 -8 -6 -7 10 7 2 8 8 3 -8 5 -2 10 -9 -6 -7 4 3 -5 -4 1 9 3 -8 9 9 7 -4 7 2 -1 9 6 -8 -4 -4 6 -10 -3 -4 -7 2 -3 10 4 6 5 5 9 ; 
84 66 25 4 46 57 8 63 23 99 57 20 91 36 73 73 39 16 62 2 21 8 16 24 69 85 84 24 8 37 62 84 46 97 92 3 44 35 89 32 91 10 16 56 37 59 37 62 37 43 54 9 67 38 90 45 46 1 13 69 94 49 97 98 65 68 58 84 41 45 20 74 48 2 58 69 36 79 7 64 96 98 46 82 81 93 29 13 94 83 63 86 30 62 38 18 20 74 11 58 41 98 22 95 95 74 12 90 59 77 76 82 61 41 1 25 90 29 32 69 95 94 32 66 92 44 96 19 60 41 30 22 56 69 50 9 1 91 83 51 84 62 11 88 75 57 74 61 75 28 41 99 84 15 95 64 58 65 39 25 93 67 40 95 98 8 86 30 49 49 94 30 83 86 48 60 26 76 43 55 74 73 22 22 48 77 38 12 95 73 1 54 93 84 69 31 66 61 47 30 94 ; 
L 7 -5 -6 4 3 1 -5 8 9 7 -8 9 8 -9 4 -10 3 -7 -4 10 -7 1 -8 -9 -1 9 -5 -6 -7 -2 -2 -3 -3 -7 7 -9 8 -10 -3 11 4 -2 1 -2 -4 7 8 6 -8 -9 10 -9 10 10 14 -7 8 -2 3 4 8 -7 4 -10 -10 4 6 -5 -1 10 -10 -5 -10 -4 6 -1 -1 4 1 8 -10 5 -8 -5 8 2 2 3 2 -4 10 -8 7 -5 -1 9 5 1 -13 10 4 8 3 7 -4 -6 -1 12 -9 -2 -6 1 -4 2 8 10 -4 3 7 -2 7 -8 9 -9 8 7 -10 5 8 -7 -6 10 5 6 -5 8 -1 2 -6 9 7 9 -10 10 7 -2 -6 9 -6 3 8 1 8 -6 4 4 -10 -4 -1 -9 6 -4 -9 1 6 10 7 6 -4 -3 -8 9 9 6 9 -5 -7 2 -15 -8 9 9 5 -2 3 1 6 8 -5 -1 6 -3 -4 7 -2 -5 -3 -9 5 9 ; 
0:168 0:152 0:102 0:74 0:210 0:64 0:174 0:118 0:194 0:96 0:64 0:56 0:168 0:132 0:26 0:26 0:192 0:22 0:8 0:14 0:40 0:114 0:102 0:22 0:120 0:116 0:284 0:288 0:76 0:40 0:90 0:46 0:22 0:32 0:18 0:20 0:96 0:134 0:156 0:82 0:60 0:100 0:86 0:142 0:234 0:144 0:104 0:110 0:96 0:190 0:186 0:196 0:260 0:40 0:10 0:246 0:184 0:150 0:180 0:2 0:104 0:120 0:98 0:70 0:32 0:154 0:60 0:140 0:116 0:52 0:72 0:28 0:44 0:2 0:4 0:86 0:16 0:126 0:82 0:148 0:174 0:288 0:66 0:16 0:22 0:102 0:140 0:98 0:58 0:100 0:30 0:184 0:56 0:28 0:66 0:72 0:100 0:40 0:58 0:134 0:172 0:192 0:30 0:44 0:122 0:22 0:10 0:236 0:98 0:108 0:362 0:164 0:108 0:188 0:80 0:128 0:60 0:122 0:220 0:78 0:186 0:156 0:212 0:34 0:84 0:202 0:66 0:2 0:92 0:188 0:112 0:34 0:96 0:68 0:168 0:142 0:294 0:108 0:66 0:94 0:62 0:92 0:50 0:178 0:192 0:40 0:44 0:88 0:58 0:138 0:272 0:72 0:34 0:56 0:198 0:132 0:28 0:58 0:248 0:230 0:88 0:122 0:160 0:18 0:136 0:36 0:102 0:100 0:82 0:106 0:40 0:156 0:78 0:64 0:112 0:96 0:240 0:104 0:162 0:226 0:190 0:128 0:174 0:120 0:212 0:28 0:118 0:96 0:154 0:124 0:82 0:38 0:98 0:154 0:20 0:16 0:104 0:214 0:126 0:60 0:188 ; 
L 8 -4 9 1 -4 -9 9 4 -2 -5 -9 -7 -6 1 10 -5 1 10 5 -3 6 6 7 1 3 7 -6 8 4 -9 10 4 -1 -3 8 1 -1 -7 4 8 2 -1 -1 -6 8 6 -1 -2 -5 10 9 4 -10 -1 8 1 -2 -2 9 6 1 -10 -1 9 10 9 -7 -8 1 -4 10 7 6 -5 -8 -8 7 1 5 -7 5 9 -2 -2 -4 4 6 -4 7 -8 9 -2 8 -2 2 1 8 5 -3 -3 -6 10 5 5 2 -6 -1 -1 3 3 -6 10 10 -7 -4 -1 10 -2 3 -1 7 5 1 2 1 6 8 8 -4 -1 -10 -10 9 2 -9 -2 2 -10 2 -7 -9 -3 10 -1 9 5 10 1 3 -3 4 -4 3 -8 2 2 -4 3 5 1 -6 -2 -9 9 7 -5 -6 8 3 1 -1 4 -5 -4 5 8 -5 -1 -9 6 8 -1 5 -2 -10 -1 2 -4 -7 -4 -8 3 10 -10 8 10 4 3 -8 4 ; 
81 5 48 8 94 42 10 18 84 9 72 45 71 61 40 32 45 58 24 77 59 19 98 47 93 96 98 34 63 82 28 20 50 70 76 15 26 26 69 13 91 48 59 63 62 57 71 90 90 81 23 94 39 32 52 20 17 55 99 4 8 24 8 96 7 41 12 83 63 72 78 94 61 55 34 18 92 68 62 10 44 27 65 9 17 15 3 78 57 38 3 15 76 50 62 63 64 66 11 51 91 8 45 39 80 58 20 50 93 95 6 48 84 25 15 21 33 93 50 84 33 79 71 32 1 75 27 30 31 67 4 85 11 63 33 61 96 14 47 97 13 77 67 86 70 16 86 44 12 32 84 65 7 9 61 72 69 24 27 58 62 85 65 58 51 96 38 93 68 57 96 60 55 67 91 7 53 75 37 36 30 79 57 39 56 35 59 73 14 51 21 21 57 42 86 60 30 34 34 35 70 ; 
L 6 3 -6 1 2 -6 -1 13 -2 1 -1 -8 2 10 4 -10 8 -3 1 9 5 -1 -1 -2 -9 6 4 8 -4 -10 9 -5 -10 4 -1 -7 6 5 -10 5 -10 3 -3 -7 3 -5 6 4 -8 9 3 -9 10 -1 -1 6 -4 -5 -6 -8 2 -5 -4 6 -1 -3 5 -2 -1 7 2 3 5 6 -4 -7 -1 10 -9 2 7 3 -1 5 8 8 -6 2 -7 -10 5 2 -1 7 8 5 1 1 -4 2 -1 -9 -9 -7 8 7 -3 6 4 5 10 1 -4 -7 -6 -4 -8 -4 -10 -1 -7 -9 -4 8 -8 -4 3 8 6 3 -1 9 5 -4 2 -1 -6 -9 2 -8 -1 -2 10 -8 1 -9 -10 1 10 8 2 -9 -2 3 -9 -12 5 8 10 -3 -5 -9 -2 -7 10 -15 -4 -6 -1 -7 10 -3 -14 -9 -4 -8 -4 -8 -5 1 -10 5 11 -1 -1 2 1 -1 -10 -2 4 -8 10 -4 7 1 10 2 -8 4 ; 
0:170 0:182 0:36 0:34 0:160 0:130 0:158 0:100 0:102 0:38 0:82 0:54 0:122 0:60 0:32 0:176 0:46 0:40 0:52 0:20 0:26 0:130 0:136 0:52 0:110 0:72 0:150 0:88 0:128 0:138 0:92 0:120 0:54 0:132 0:112 0:108 0:270 0:76 0:134 0:78 0:88 0:14 0:64 0:188 0:102 0:42 0:184 0:92 0:88 0:50 0:126 0:184 0:174 0:56 0:40 0:206 0:92 0:192 0:28 0:172 0:152 0:44 0:112 0:40 0:82 0:84 0:86 0:48 0:134 0:184 0:70 0:96 0:178 0:72 0:84 0:46 0:92 0:76 0:12 0:168 0:96 0:140 0:12 0:108 0:130 0:18 0:246 0:68 0:226 0:142 0:94 0:76 0:200 0:48 0:24 0:68 0:100 0:136 0:46 0:48 0:84 0:254 0:126 0:90 0:34 0:68 0:188 0:118 0:218 0:216 0:78 0:88 0:48 0:70 0:6 0:150 0:60 0:22 0:26 0:4 0:92 0:44 0:64 0:92 0:100 0:26 0:82 0:50 0:56 0:72 0:2 0:82 0:76 0:176 0:84 0:82 0:188 0:32 0:10 0:128 0:26 0:70 0:152 0:96 0:176 0:158 0:164 0:208 0:206 0:134 0:94 0:66 0:122 0:106 0:242 0:98 0:64 0:48 0:234 0:82 0:56 0:160 0:164 0:56 0:176 0:76 0:308 0:26 0:92 0:136 0:20 0:88 0:112 0:62 0:198 0:78 0:20 0:48 0:68 0:58 0:200 0:124 0:98 0:64 0:204 0:152 0:126 0:116 0:26 0:84 0:84 0:94 0:92 0:54 0:114 0:154 0:172 0:50 0:220 0:70 0:140 ; 
L -4 -9 -5 -1 -3 4 -10 2 -8 4 -1 1 -2 4 8 5 -3 6 6 -2 -4 1 -5 10 -10 -6 9 -1 7 -1 -9 -6 -10 8 10 4 -3 5 9 5 1 -1 -4 -10 -10 -1 -6 6 10 -10 -4 -5 9 7 -5 1 -10 -9 -9 8 -3 -9 1 -7 6 3 4 5 6 6 6 -3 -3 3 7 6 -6 -4 -3 -10 -7 -2 3 -9 -5 4 -2 2 -9 7 -3 8 -10 -3 5 -7 -6 3 -2 -8 -2 3 -6 3 1 -8 4 9 8 -9 -7 -4 -9 9 4 -4 -4 -9 -7 3 -7 -1 -8 -7 8 -7 -5 10 7 -7 9 5 10 4 -3 -8 -10 7 -8 5 -9 -6 -2 1 3 1 -8 1 8 2 2 4 -5 6 -10 3 1 3 6 2 3 -7 -3 6 -6 -1 -3 -4 -6 -1 4 4 2 -7 -4 -7 -2 -4 8 -7 -1 8 -7 5 -5 -5 -10 -4 -4 -3 -3 8 10 -10 -4 -2 -10 7 -2 -5 ; 
87 50 39 10 18 86 20 57 78 59 44 73 19 81 49 33 37 64 64 52 19 97 100 74 58 81 80 42 62 89 16 19 92 95 87 11 62 72 10 28 74 63 70 32 57 78 88 55 42 11 26 4 30 87 38 77 53 64 11 36 43 98 80 15 67 89 17 37 51 42 97 58 35 63 93 52 63 4 17 36 3 55 60 62 24 5 85 76 13 69 24 22 45 32 67 47 72 31 82 76 78 64 34 14 54 88 51 93 48 57 62 77 81 9 84 48 22 29 34 80 40 70 6 47 70 60 97 58 54 38 62 35 11 4 30 67 98 58 43 77 57 33 41 11 11 37 36 35 95 91 67 39 25 54 19 77 71 14 4 34 82 91 9 92 56 2 7 11 47 9 75 56 75 89 90 40 72 37 17 56 26 25 22 25 55 40 78 20 48 47 91 88 42 57 86 85 88 73 60 14 19 ; 
L 5 10 -9 -4 -9 2 10 -10 7 -4 3 6 -8 -8 1 5 9 -4 -6 -6 -5 -1 8 -6 -5 -6 -3 4 10 10 -10 -7 3 -1 -9 -3 2 -6 3 8 -7 3 2 -4 5 -1 7 -3 10 -7 -8 -2 -8 6 9 -4 7 -2 3 7 7 -7 -7 4 5 3 -2 3 3 7 6 -4 6 7 -2 -12 -2 2 3 -7 4 -10 -10 8 -4 5 9 9 10 1 -4 9 -7 -10 -1 1 1 4 -3 -8 -1 -1 -10 -8 -3 1 2 -7 3 3 -4 -10 -15 4 7 3 -9 4 -1 8 -2 -1 -2 9 7 -6 -5 -9 4 -6 6 -6 9 10 -1 -8 13 1 -1 9 7 3 -14 -6 2 8 -10 8 5 8 4 5 4 -4 5 -5 10 4 -3 -1 -1 -7 8 9 4 4 1 10 -4 -11 -5 -10 6 -6 -5 4 -5 3 3 -8 -2 -7 10 -9 3 9 -6 2 -4 9 -4 7 -3 8 -6 1 -3 10 -2 -5 ; 
0:14 0:172 0:132 0:76 0:162 0:164 0:50 0:22 0:56 0:200 0:188 0:62 0:74 0:82 0:26 0:258 0:90 0:122 0:162 0:84 0:102 0:44 0:148 0:46 0:34 0:192 0:98 0:58 0:148 0:114 0:92 0:40 0:12 0:154 0:168 0:56 0:40 0:24 0:40 0:104 0:120 0:70 0:66 0:186 0:186 0:10 0:124 0:140 0:84 0:62 0:168 0:94 0:68 0:218 0:126 0:66 0:162 0:162 0:204 0:42 0:124 0:58 0:60 0:132 0:68 0:86 0:132 0:32 0:110 0:126 0:54 0:254 0:144 0:116 0:132 0:120 0:68 0:130 0:150 0:42 0:190 0:96 0:154 0:22 0:244 0:180 0:244 0:16 0:156 0:74 0:80 0:74 0:90 0:172 0:126 0:42 0:120 0:258 0:34 0:192 0:292 0:24 0:144 0:30 0:70 0:116 0:106 0:130 0:148 0:86 0:14 0:110 0:34 0:166 0:78 0:2 0:140 0:110 0:70 0:98 0:76 0:60 0:16 0:116 0:96 0:88 0:208 0:66 0:84 0:16 0:132 0:122 0:100 0:128 0:86 0:54 0:206 0:68 0:30 0:160 0:128 0:108 0:68 0:86 0:106 0:100 0:38 0:146 0:82 0:94 0:134 0:286 0:140 0:136 0:168 0:182 0:118 0:8 0:20 0:62 0:328 0:66 0:126 0:122 0:58 0:44 0:16 0:232 0:190 0:36 0:158 0:30 0:46 0:166 0:54 0:64 0:22 0:128 0:126 0:62 0:66 0:38 0:220 0:160 0:132 0:76 0:118 0:22 0:170 0:20 0:20 0:136 0:102 0:94 0:64 0:54 0:16 0:42 0:162 0:28 0:38 ; 
L -7 -9 -3 1 4 -1 -4 -10 2 9 -3 -7 -5 3 7 -9 -1 -5 8 -7 2 7 4 3 -5 2 -2 -9 1 -8 1 8 9 -8 1 8 -5 4 -10 6 1 9 2 6 -9 -2 -4 1 -6 -6 -6 -3 -9 -8 -10 -2 -1 5 -7 9 9 1 8 5 -10 2 4 -7 -5 3 -5 -1 1 8 5 -4 2 7 -8 -4 -3 -10 5 10 -5 -5 -1 -10 -6 -8 8 3 -8 10 1 -4 -4 2 1 -4 -2 10 -3 -7 -8 -5 7 3 -1 -5 7 -3 -10 -1 -3 2 -7 -9 -5 -3 7 5 -4 7 -3 -9 -5 -1 6 -2 -3 2 5 3 -6 6 5 6 -3 -4 8 9 -4 -7 2 -5 9 8 9 5 5 -3 -8 4 1 1 4 7 4 10 5 4 3 1 -10 6 -10 10 -3 6 -4 -8 5 4 -10 -3 8 -3 -2 -3 -7 -8 6 -2 -2 5 -6 -9 -10 5 -10 8 -3 -3 -8 6 -5 10 -10 -6 ; 
17 73 42 62 54 88 29 55 91 49 58 75 30 84 73 96 2 56 70 18 93 33 18 87 56 5 7 43 9 14 47 60 83 90 69 75 82 5 59 42 17 46 79 55 14 19 17 48 81 83 74 8 72 46 21 10 41 29 53 62 98 61 70 16 29 36 14 85 30 7 71 59 17 16 19 1 57 14 48 66 97 28 72 60 18 92 48 13 3 75 25 27 48 78 65 11 89 23 97 87 33 69 50 84 31 80 10 5 94 20 61 96 41 70 35 24 93 6 56 66 41 14 88 33 15 100 35 18 55 55 28 14 25 86 29 98 33 87 33 18 3 79 66 13 73 97 73 87 99 91 4 30 82 59 65 27 52 82 22 32 38 84 63 85 76 12 84 45 7 7 48 48 44 21 100 83 68 30 47 18 5 47 42 53 76 23 76 97 71 14 91 99 73 42 24 34 49 16 93 69 80 ; 
L -5 -4 10 5 -9 -6 1 4 -1 -5 -9 2 7 2 6 -10 -6 -9 5 -7 -1 8 7 -9 6 8 8 7 -2 -7 -9 -1 6 -4 -2 -3 -7 -3 10 12 9 7 7 -5 8 -2 -5 -3 -5 9 -5 -7 5 9 -8 -1 3 6 -8 -1 -3 -4 5 -8 13 -3 -5 5 3 8 4 -3 -4 8 3 7 8 2 14 9 8 -4 -1 3 -2 -8 5 8 8 -5 10 -2 -10 -4 3 4 -10 -8 -4 -1 1 10 -10 3 1 6 8 -6 -6 1 -2 -9 3 1 1 -10 -1 4 4 -5 2 5 -3 6 11 -3 3 8 10 -8 -3 1 6 -2 4 -9 -2 2 -2 3 -4 8 5 -15 -5 7 -1 6 -2 4 4 -3 -10 3 10 -3 -6 -3 -4 10 -10 -10 5 5 -7 -2 -5 7 -4 1 -3 -10 1 4 -9 5 1 5 -7 -5 -9 9 -4 -8 -7 6 10 9 -3 1 5 2 3 -5 10 1 6 5 -10 -6 ; 
0:190 0:194 0:142 0:86 0:138 0:36 0:46 0:148 0:12 0:46 0:182 0:106 0:28 0:76 0:92 0:36 0:248 0:82 0:112 0:78 0:40 0:94 0:62 0:114 0:86 0:100 0:244 0:62 0:28 0:68 0:146 0:76 0:16 0:58 0:100 0:100 0:10 0:24 0:122 0:84 0:12 0:100 0:90 0:106 0:162 0:124 0:128 0:178 0:46 0:146 0:144 0:28 0:38 0:112 0:116 0:38 0:60 0:98 0:100 0:180 0:170 0:194 0:118 0:78 0:104 0:200 0:70 0:6 0:172 0:132 0:50 0:76 0:36 0:52 0:54 0:256 0:86 0:62 0:80 0:10 0:60 0:268 0:108 0:124 0:164 0:52 0:78 0:82 0:136 0:146 0:164 0:60 0:148 0:142 0:40 0:146 0:50 0:100 0:92 0:190 0:166 0:30 0:192 0:130 0:60 0:196 0:46 0:100 0:22 0:56 0:172 0:262 0:106 0:70 0:30 0:64 0:90 0:74 0:48 0:130 0:42 0:54 0:260 0:84 0:44 0:96 0:92 0:128 0:38 0:152 0:130 0:118 0:74 0:152 0:176 0:26 0:154 0:144 0:48 0:70 0:114 0:138 0:46 0:84 0:116 0:140 0:44 0:196 0:136 0:74 0:20 0:288 0:82 0:134 0:14 0:184 0:86 0:42 0:84 0:128 0:100 0:66 0:32 0:26 0:172 0:28 0:4 0:138 0:30 0:60 0:52 0:102 0:80 0:104 0:66 0:164 0:68 0:262 0:60 0:88 0:22 0:36 0:132 0:160 0:98 0:6 0:118 0:142 0:316 0:100 0:64 0:52 0:12 0:74 0:24 0:140 0:60 0:82 0:148 0:138 0:160 ; 
L 8 -4 4 -8 7 1 7 -2 3 -1 -6 7 5 3 10 -9 -8 8 -7 -3 -8 1 2 -2 3 -4 8 -7 -7 9 -7 -9 -10 8 -1 1 9 -6 -3 -10 -8 -8 -3 -6 -5 10 3 -9 6 -8 -6 3 -5 -5 9 3 -8 3 -5 1 10 7 7 -6 1 -5 -4 2 8 10 -5 8 3 10 3 4 -5 9 1 3 10 -3 -6 6 10 -2 8 5 -6 -3 10 -3 1 -6 -8 -3 -4 -8 -3 1 1 -4 7 9 -7 1 10 4 -2 -5 -5 -5 -9 -8 -3 -4 2 -7 2 -1 -10 -4 -6 2 8 -8 1 -1 5 7 -8 1 -4 7 8 1 1 9 5 6 -10 2 10 10 3 -6 8 -9 -3 -7 -3 2 -4 7 -3 -7 5 -7 -10 5 -3 -5 -1 -7 1 -5 3 -8 -2 -3 10 8 6 -10 -6 -4 -8 1 -5 4 7 -3 -4 3 -1 3 5 1 9 8 7 10 -1 -9 -3 -1 -6 7 5 -10 ; 
23 25 26 41 59 57 9 72 58 51 37 71 46 25 88 81 90 86 33 1 85 39 75 53 36 52 31 48 36 88 36 65 71 87 67 29 19 58 72 54 9 41 92 12 66 48 56 85 34 70 25 76 3 95 54 14 75 28 54 70 70 14 25 69 96 36 52 67 72 8 80 39 38 77 61 51 40 5 80 87 97 17 2 84 63 46 94 33 76 87 38 94 91 71 69 85 56 96 34 90 74 99 1 26 40 95 65 28 77 28 46 19 39 28 94 63 25 10 25 45 96 54 69 30 5 98 33 97 81 39 46 22 7 1 94 49 4 66 8 13 16 57 30 87 81 28 64 68 98 22 20 14 35 30 51 13 100 27 59 28 87 81 52 20 53 75 84 21 67 70 86 41 45 40 98 17 48 38 29 89 29 93 17 12 93 55 12 37 60 60 25 94 97 5 39 16 41 18 19 61 17 ; 
L -10 6 8 5 -7 7 1 -3 1 -2 -9 -7 -3 3 -10 5 -3 3 -10 4 6 8 4 -7 8 6 -5 8 6 3 3 -1 15 -7 -1 -3 5 12 -9 7 4 -2 1 -1 1 1 11 -7 6 8 -10 5 -2 3 -3 1 9 9 4 -3 -1 2 -4 10 8 -10 7 3 -3 6 -3 7 3 4 -1 4 -1 1 -10 8 3 1 -9 -5 6 7 -3 8 1 1 2 2 5 -3 8 7 -2 -4 -8 -7 -3 1 -10 -3 3 -5 8 5 6 -1 -5 7 8 4 -4 -3 -7 -6 2 8 -10 -3 1 -7 -7 10 -5 -6 9 3 -3 6 3 10 -9 9 -10 5 9 2 -5 -8 -4 -8 -9 -1 8 8 -9 5 -10 -5 -7 8 3 6 5 1 -3 5 -14 13 -9 -1 -10 -3 -6 8 8 5 -4 10 -1 10 4 -5 9 6 8 2 -2 -10 8 -10 7 -6 -7 -3 -7 4 -8 -8 -8 -1 -6 -7 -7 -10 5 -10 ; 
0:36 0:52 0:22 0:56 0:134 0:100 0:160 0:126 0:214 0:40 0:48 0:64 0:160 0:180 0:76 0:148 0:94 0:190 0:52 0:118 0:6 0:24 0:36 0:54 0:196 0:90 0:58 0:192 0:104 0:76 0:164 0:102 0:80 0:174 0:196 0:62 0:132 0:64 0:16 0:98 0:52 0:96 0:184 0:62 0:30 0:96 0:116 0:46 0:36 0:158 0:64 0:192 0:22 0:28 0:34 0:278 0:30 0:40 0:84 0:322 0:58 0:22 0:30 0:86 0:30 0:166 0:114 0:44 0:36 0:54 0:110 0:182 0:110 0:42 0:212 0:22 0:14 0:30 0:152 0:378 0:74 0:40 0:116 0:174 0:64 0:30 0:32 0:58 0:110 0:96 0:244 0:28 0:42 0:84 0:230 0:94 0:158 0:60 0:110 0:28 0:64 0:242 0:52 0:108 0:180 0:6 0:140 0:182 0:44 0:142 0:172 0:152 0:68 0:70 0:62 0:142 0:50 0:124 0:62 0:10 0:376 0:200 0:180 0:42 0:72 0:34 0:34 0:46 0:128 0:142 0:180 0:96 0:38 0:154 0:226 0:48 0:86 0:170 0:80 0:162 0:20 0:78 0:26 0:146 0:194 0:168 0:66 0:70 0:58 0:128 0:46 0:76 0:76 0:156 0:92 0:68 0:46 0:332 0:226 0:168 0:36 0:116 0:34 0:14 0:158 0:36 0:106 0:40 0:102 0:146 0:32 0:218 0:68 0:128 0:50 0:30 0:136 0:188 0:56 0:56 0:194 0:48 0:78 0:84 0:78 0:24 0:82 0:238 0:78 0:88 0:78 0:44 0:214 0:82 0:162 0:112 0:74 0:26 0:172 0:122 0:34 ; 
L -8 -6 1 -1 -9 -6 -9 6 6 1 10 3 1 -5 7 -9 -7 8 10 -4 -4 -9 9 4 10 8 -2 -8 1 -1 7 8 -9 -2 6 -1 3 -8 -3 4 -8 -4 8 -6 -4 5 -9 4 1 -7 -2 2 9 2 3 -4 4 3 -2 7 -8 -9 7 8 1 2 8 -3 4 2 8 -10 -9 3 7 7 1 7 8 1 -5 6 -9 9 8 6 -5 -3 10 10 -9 7 -5 -5 -2 -4 3 -5 1 -4 2 -10 -4 -3 -7 4 8 8 9 6 -4 7 1 8 -8 5 5 -3 -3 4 -4 -9 -5 4 -9 -2 -7 2 2 9 9 4 8 -2 -7 -6 4 -8 -2 -10 3 8 -2 -4 -6 -9 4 3 10 -9 -10 3 -6 5 -8 7 4 -3 5 8 5 9 5 -1 -1 3 10 5 -4 -7 8 5 -5 10 9 -3 -2 4 -2 3 10 10 7 -5 -6 4 8 -6 1 3 2 10 -4 -2 4 -10 9 -8 -10 -4 ; 
95 76 70 95 74 77 29 85 33 1 17 3 55 61 33 22 34 88 72 95 64 21 24 78 43 17 80 76 68 66 36 51 74 62 63 48 21 27 30 78 70 6 21 8 28 15 43 68 28 43 91 89 79 43 79 20 71 2 33 54 71 41 92 77 26 1 70 9 96 98 75 26 25 28 31 73 89 6 51 38 82 68 63 94 17 57 62 36 98 53 29 90 72 13 90 89 86 23 63 67 9 52 59 3 32 71 54 63 24 43 18 98 53 76 85 48 51 39 99 17 28 37 56 23 87 90 99 50 51 84 82 33 69 84 45 89 25 41 96 19 62 90 82 37 30 66 66 90 37 93 31 18 74 88 72 32 75 58 78 8 41 68 24 84 6 74 53 17 60 65 75 27 38 25 48 25 14 18 83 85 75 34 26 87 21 4 78 54 3 5 93 3 56 58 37 38 1 39 69 81 8 ; 
L -1 8 -9 7 9 9 -4 -4 -9 -2 -7 10 9 -4 4 -3 -1 4 -6 -2 -4 8 -4 3 -5 -4 8 -7 4 1 2 -5 2 1 -4 2 -7 -3 -3 2 4 -10 8 1 9 3 5 4 3 -7 7 10 -3 8 -8 -10 2 8 9 5 4 1 1 10 -10 7 -6 8 3 -2 10 5 -2 -7 8 -5 -1 -10 4 -1 2 8 9 10 -3 -6 9 -6 9 -10 1 7 8 -4 -3 -2 -15 9 6 -8 5 5 1 2 5 1 3 5 5 1 2 7 -4 -3 3 13 -10 -6 -7 -6 4 9 4 6 -2 -5 -7 -10 -9 -3 -8 -3 8 -4 -4 -9 -1 -4 4 1 -6 10 9 -10 9 11 7 9 1 2 -5 9 -5 -7 -9 -7 -12 -2 8 -8 8 2 5 5 3 -8 -6 -6 7 4 -3 8 -10 9 -4 -9 -4 -2 4 -14 8 8 2 -8 -8 -7 -6 -9 -3 -6 10 5 3 4 -8 9 -8 -6 -8 -10 ; 
0:74 0:266 0:198 0:110 0:62 0:14 0:120 0:110 0:98 0:158 0:156 0:48 0:40 0:38 0:142 0:40 0:186 0:64 0:96 0:40 0:102 0:138 0:212 0:316 0:76 0:112 0:80 0:34 0:66 0:102 0:24 0:194 0:128 0:4 0:76 0:68 0:150 0:246 0:46 0:100 0:104 0:246 0:250 0:124 0:210 0:224 0:52 0:22 0:90 0:78 0:110 0:56 0:156 0:30 0:74 0:132 0:196 0:22 0:34 0:48 0:0 0:48 0:152 0:48 0:86 0:148 0:102 0:46 0:88 0:94 0:66 0:74 0:290 0:160 0:38 0:14 0:122 0:78 0:56 0:220 0:78 0:68 0:90 0:86 0:70 0:246 0:22 0:52 0:180 0:102 0:120 0:136 0:276 0:96 0:104 0:60 0:98 0:228 0:20 0:56 0:96 0:102 0:78 0:116 0:214 0:84 0:10 0:64 0:80 0:96 0:12 0:144 0:12 0:264 0:146 0:158 0:102 0:70 0:130 0:60 0:10 0:142 0:144 0:46 0:250 0:34 0:80 0:92 0:88 0:24 0:148 0:74 0:160 0:126 0:130 0:66 0:36 0:62 0:156 0:160 0:96 0:74 0:30 0:42 0:72 0:150 0:198 0:50 0:74 0:112 0:162 0:122 0:34 0:166 0:132 0:116 0:96 0:4 0:96 0:106 0:6 0:100 0:180 0:26 0:40 0:54 0:10 0:66 0:102 0:150 0:116 0:226 0:100 0:20 0:70 0:156 0:72 0:294 0:26 0:184 0:194 0:94 0:152 0:160 0:152 0:32 0:58 0:140 0:170 0:130 0:74 0:94 0:282 0:90 0:16 0:196 0:24 0:58 0:14 0:138 0:0 ; 
L -8 8 7 4 9 1 -6 5 -10 3 -2 5 1 -2 1 7 3 9 3 -9 -1 -2 3 -2 -6 -8 -4 -8 10 -1 -3 6 8 -5 -10 -8 6 -2 1 1 4 9 10 7 -2 -7 -3 9 -9 -8 -6 -4 6 -8 -2 10 -9 -9 -10 -10 3 7 2 -1 2 -8 -2 7 -9 -7 8 2 -10 7 4 -5 -6 -2 8 -2 3 -1 -5 1 -8 7 -8 -3 9 9 -5 1 9 8 -5 -9 7 -5 -4 9 4 8 -2 2 8 -10 7 10 -6 3 -3 8 -1 6 5 6 -10 -8 -9 -3 6 2 -4 -3 -3 10 7 5 -8 -1 4 -4 -4 -5 -9 6 -7 9 8 3 -7 5 8 -5 -8 -8 6 3 7 -3 -5 3 4 5 -2 -6 10 -8 -9 4 -10 -3 1 -8 -4 9 -6 -2 -7 5 4 4 -9 -10 4 5 6 1 -1 -10 -4 10 10 -6 5 3 5 -7 -1 7 -9 10 -4 7 -6 -9 -6 -6 -1 4 ; 
20 28 15 35 93 44 86 62 13 29 80 75 21 75 2 53 50 49 19 33 60 68 17 81 34 4 4 35 39 96 63 52 87 9 29 78 45 21 85 21 75 83 86 46 78 92 15 25 15 41 77 41 39 60 15 8 30 80 23 83 24 61 31 91 35 67 25 99 35 95 25 50 45 46 3 51 45 51 2 18 74 74 24 47 97 83 54 49 100 70 44 23 45 1 56 54 83 47 81 19 80 60 14 41 12 31 90 33 77 83 66 14 28 41 78 23 85 1 32 53 51 33 23 58 95 97 87 26 43 72 15 70 37 22 89 61 54 73 51 76 97 41 57 65 58 57 33 25 15 4 11 42 65 68 98 49 31 6 13 44 71 34 98 87 55 97 92 74 11 94 96 84 24 27 34 96 42 16 3 34 45 90 58 92 38 4 2 28 60 80 63 25 76 99 60 17 61 100 59 16 53 ; 
L -8 9 5 -3 9 4 10 -8 -3 1 4 2 10 -1 2 -3 -6 -10 -4 -7 -9 5 -3 1 10 7 3 8 7 9 -8 4 6 1 8 6 -9 8 -6 -4 6 1 1 8 -7 -3 2 9 -9 -5 -3 3 5 5 -6 -9 1 -9 -2 -5 -8 -3 4 5 10 9 9 -6 -4 -5 -4 8 6 -5 5 2 3 10 10 -5 5 -14 -3 -8 -6 -7 7 -2 -7 -10 3 2 2 5 1 8 8 -5 -4 -9 -6 4 -1 9 9 8 2 -3 -7 7 4 -7 -9 -9 7 -2 1 -8 4 -2 -2 7 -7 3 -10 -3 -5 5 -10 -6 3 -10 -10 -15 -8 -4 -11 3 7 4 -10 -10 -2 9 8 5 1 13 -10 9 -7 -9 -4 -12 1 6 -7 4 5 -4 7 -10 -5 6 -8 1 -9 -8 -10 6 7 8 -1 10 -8 6 3 -2 2 6 -6 -2 -8 -8 -4 1 -1 -7 4 8 -2 3 6 -10 2 8 -6 1 -1 4 ; 
0:40 0:116 0:144 0:150 0:48 0:328 0:90 0:76 0:58 0:136 0:44 0:42 0:180 0:50 0:98 0:12 0:112 0:26 0:156 0:122 0:48 0:96 0:14 0:108 0:108 0:88 0:100 0:106 0:120 0:210 0:40 0:82 0:94 0:8 0:40 0:106 0:84 0:138 0:116 0:188 0:100 0:90 0:90 0:150 0:32 0:30 0:178 0:20 0:6 0:182 0:56 0:66 0:124 0:88 0:190 0:34 0:170 0:252 0:218 0:44 0:38 0:100 0:152 0:30 0:52 0:46 0:160 0:176 0:74 0:46 0:54 0:42 0:114 0:88 0:126 0:34 0:76 0:44 0:68 0:74 0:12 0:136 0:20 0:36 0:40 0:128 0:30 0:46 0:56 0:174 0:194 0:166 0:84 0:234 0:94 0:18 0:104 0:114 0:102 0:160 0:60 0:156 0:138 0:140 0:178 0:100 0:62 0:56 0:70 0:120 0:88 0:130 0:90 0:50 0:134 0:68 0:4 0:112 0:294 0:88 0:72 0:70 0:38 0:108 0:42 0:104 0:190 0:156 0:50 0:196 0:166 0:192 0:130 0:134 0:178 0:110 0:68 0:122 0:158 0:14 0:30 0:166 0:66 0:16 0:26 0:170 0:46 0:224 0:62 0:50 0:126 0:52 0:28 0:196 0:90 0:70 0:68 0:16 0:92 0:64 0:198 0:46 0:58 0:58 0:250 0:118 0:108 0:310 0:112 0:118 0:162 0:40 0:50 0:78 0:18 0:66 0:98 0:74 0:80 0:162 0:114 0:76 0:134 0:300 0:8 0:134 0:60 0:98 0:138 0:34 0:36 0:294 0:288 0:116 0:16 0:30 0:120 0:142 0:84 0:32 0:106 ; 
L 1 1 1 -9 10 6 -3 3 4 2 10 9 -10 6 1 1 7 10 -6 -4 5 -7 -10 -7 2 6 1 2 7 5 -3 1 6 7 4 4 7 -2 5 3 -5 -7 -2 4 -4 8 -8 -8 -4 -7 6 -10 8 1 3 -10 -5 5 4 10 -2 7 -8 -3 -5 6 -3 1 10 -5 -8 2 -8 -9 5 9 6 6 3 -3 3 -5 3 8 10 3 -6 1 -3 -3 -7 -10 -1 -6 4 -4 1 8 -10 -1 -3 -5 3 2 5 4 5 1 2 7 -5 3 -2 -2 10 9 -3 -4 9 8 -4 7 4 5 -1 5 7 -10 10 -4 1 10 2 -10 8 -7 9 -9 -7 9 3 7 8 -6 5 10 3 10 -2 4 1 -3 9 5 -2 -2 -4 7 -2 1 -7 8 -3 2 -2 7 2 10 10 -7 7 -6 -9 -10 -6 6 -3 -9 -5 -6 2 -3 -10 1 4 -7 10 -2 5 -9 4 -5 -4 -8 -4 -1 -8 -2 1 3 ; 
98 17 83 73 95 40 53 95 96 96 79 98 35 15 14 34 60 29 9 34 77 67 74 58 20 65 21 5 78 39 44 36 94 76 91 94 80 20 83 32 56 49 72 34 24 69 8 71 99 60 57 57 47 70 78 12 70 36 69 12 11 13 79 8 32 89 48 14 1 100 4 3 60 69 22 37 82 77 81 5 84 93 5 34 37 60 92 9 9 70 26 38 93 96 35 93 34 54 74 79 40 42 79 16 61 44 30 49 63 2 97 90 25 84 16 20 81 83 86 25 92 25 31 13 72 94 41 27 12 97 6 27 88 66 89 36 11 56 92 97 82 93 58 90 94 77 46 60 20 11 95 82 29 29 36 7 33 1 36 98 96 36 81 46 56 78 15 78 91 46 40 60 26 53 86 57 29 49 16 25 83 86 46 61 70 20 53 60 98 69 3 74 2 48 80 94 29 99 77 97 8 ; 
L -5 -4 -15 6 1 2 -10 9 10 -2 -9 -3 1 -5 -4 2 5 7 1 -2 -10 1 -9 4 -4 -8 -3 10 -7 -7 2 -5 -10 -2 6 14 -8 -8 -2 -6 -5 -7 10 -2 10 -2 9 6 7 9 5 3 -12 4 3 4 1 -5 3 9 -1 -3 8 1 3 -10 -6 -9 -4 -6 -10 -10 5 4 -7 -3 3 10 -7 10 -3 -10 -5 5 -4 -1 9 -4 7 3 2 -3 6 6 4 1 7 1 -1 7 10 1 6 7 8 -2 5 4 -8 -10 -6 3 -7 1 5 -6 5 -11 10 10 -7 1 -9 -2 3 8 2 -8 4 5 -2 -3 10 -10 -2 -4 7 -7 13 -3 -10 2 5 -8 -2 -1 8 8 -4 -7 -8 -7 -5 9 -1 -1 -5 -3 -10 -10 -2 4 4 -3 6 -5 -3 2 7 1 4 -10 6 -8 -9 6 -2 -5 -3 -8 6 1 -7 8 -1 -9 -5 -2 -7 5 4 3 -3 -4 10 -3 -4 -2 1 3 ; 
0:228 0:4 0:104 0:98 0:148 0:154 0:132 0:58 0:106 0:172 0:56 0:28 0:36 0:144 0:26 0:120 0:46 0:82 0:114 0:58 0:38 0:122 0:62 0:86 0:38 0:86 0:64 0:110 0:104 0:42 0:40 0:150 0:90 0:68 0:112 0:104 0:142 0:30 0:50 0:78 0:60 0:376 0:132 0:154 0:58 0:44 0:156 0:306 0:208 0:156 0:174 0:48 0:32 0:150 0:218 0:2 0:72 0:92 0:70 0:128 0:120 0:152 0:14 0:140 0:156 0:24 0:106 0:80 0:196 0:132 0:80 0:228 0:194 0:106 0:16 0:86 0:350 0:136 0:18 0:114 0:78 0:92 0:106 0:72 0:66 0:96 0:246 0:54 0:54 0:52 0:134 0:86 0:68 0:134 0:60 0:34 0:174 0:90 0:184 0:106 0:82 0:98 0:188 0:152 0:208 0:162 0:64 0:258 0:94 0:146 0:22 0:152 0:76 0:170 0:322 0:100 0:188 0:140 0:102 0:148 0:64 0:132 0:274 0:24 0:92 0:52 0:80 0:110 0:148 0:154 0:34 0:88 0:100 0:284 0:140 0:66 0:2 0:32 0:2 0:138 0:32 0:210 0:86 0:158 0:142 0:40 0:152 0:24 0:270 0:120 0:244 0:116 0:214 0:22 0:146 0:166 0:112 0:18 0:70 0:94 0:80 0:28 0:200 0:66 0:78 0:18 0:88 0:38 0:76 0:160 0:84 0:92 0:108 0:100 0:138 0:68 0:160 0:102 0:166 0:248 0:168 0:162 0:192 0:72 0:28 0:148 0:68 0:88 0:60 0:176 0:246 0:114 0:18 0:36 0:16 0:86 0:38 0:48 0:96 0:194 0:16 ; 
L -10 -2 -10 7 -1 -7 -4 6 -1 9 -4 -1 7 9 1 -1 8 -3 -7 7 9 1 10 1 -7 2 1 5 -4 3 -9 1 7 1 6 -8 10 -1 -5 8 -7 -10 10 -1 7 8 -6 -7 5 -3 -6 3 -7 3 10 -1 9 9 6 4 6 9 -9 6 -6 6 -7 4 -3 -4 -1 -4 7 7 -10 4 -7 7 5 -1 -9 1 1 -4 -2 -8 -4 5 4 6 -8 8 -1 7 -4 -4 9 -5 -4 10 10 -2 -5 -9 8 -7 5 -4 -10 6 7 -5 -1 8 2 4 -4 -1 -7 9 1 -7 1 -1 -6 -9 2 -2 -3 -9 9 -6 6 9 -4 -3 5 -9 -8 9 5 6 -2 8 4 7 -2 -8 -10 4 8 -6 4 2 9 2 -4 -3 -8 -9 -6 8 5 7 8 -8 9 3 -2 10 -10 -2 -7 1 -4 -2 7 -5 6 -4 3 4 5 -1 9 -5 8 1 -7 -7 3 -8 1 -6 5 -10 -2 6 5 8 ; 
68 51 2 84 99 24 61 40 21 30 21 97 24 36 73 55 47 91 40 34 37 94 46 6 75 59 25 84 36 44 8 89 41 27 78 22 76 81 59 19 63 91 5 3 57 69 60 32 89 63 79 100 2 78 49 55 54 29 36 8 15 100 58 6 54 9 47 34 56 100 60 80 8 80 51 93 31 18 32 78 25 29 84 94 51 81 35 15 58 15 93 68 69 71 30 48 32 57 94 4 81 65 82 55 99 61 37 6 27 24 2 46 39 34 59 70 87 30 1 11 58 4 79 71 73 6 75 34 42 7 82 39 100 27 2 41 44 93 96 19 94 70 4 46 17 99 81 38 5 93 64 1 89 34 22 91 60 16 98 82 70 14 40 42 67 79 48 66 64 85 33 85 35 18 99 28 15 5 86 48 75 41 62 95 39 53 2 27 26 28 90 78 1 37 55 8 6 84 58 47 37 ; 
L -4 8 -9 -7 1 7 -9 -4 9 7 -8 -10 7 -10 -8 2 -5 3 10 -2 -7 -3 -1 -6 7 -5 5 4 2 -8 7 -4 5 4 -2 5 -5 -1 1 -7 9 4 9 -4 -10 6 -10 -5 -8 1 8 -3 -7 -9 1 9 7 -3 5 8 -4 -1 4 -2 -7 -2 -8 -10 -10 7 15 6 7 -9 6 -10 9 -5 8 -8 -10 2 9 2 7 -7 7 7 4 -1 3 -8 2 -6 1 3 -1 -1 -2 -6 -1 -3 -1 7 2 4 -3 -6 -6 -4 -13 -10 -7 -6 -8 6 1 -1 -1 9 -5 -7 -9 12 6 -6 -8 6 3 9 -2 -4 -9 2 10 -1 7 5 4 1 -8 -8 -10 9 1 6 5 1 9 -5 1 9 -10 -6 -1 -5 7 -6 4 -7 -6 6 1 -10 -4 1 -7 4 9 3 -4 -7 -1 1 3 -9 14 -8 6 7 -2 -4 9 -6 4 4 -10 8 -2 1 9 4 -5 -8 4 -4 -11 4 5 8 ; 
0:66 0:34 0:196 0:70 0:196 0:36 0:40 0:58 0:110 0:140 0:26 0:344 0:138 0:84 0:164 0:46 0:264 0:52 0:98 0:86 0:98 0:54 0:94 0:106 0:68 0:32 0:44 0:42 0:134 0:88 0:62 0:80 0:30 0:116 0:24 0:96 0:222 0:64 0:70 0:82 0:298 0:60 0:136 0:62 0:44 0:132 0:62 0:24 0:76 0:22 0:98 0:186 0:26 0:120 0:178 0:236 0:78 0:128 0:126 0:4 0:78 0:62 0:134 0:82 0:96 0:26 0:64 0:10 0:130 0:48 0:54 0:138 0:96 0:132 0:78 0:132 0:142 0:72 0:34 0:182 0:152 0:40 0:44 0:182 0:76 0:36 0:34 0:154 0:328 0:114 0:8 0:64 0:92 0:8 0:112 0:210 0:108 0:316 0:122 0:18 0:156 0:152 0:122 0:94 0:90 0:12 0:142 0:158 0:204 0:98 0:172 0:168 0:202 0:88 0:226 0:10 0:146 0:82 0:122 0:144 0:12 0:54 0:36 0:174 0:52 0:108 0:82 0:28 0:40 0:142 0:136 0:124 0:30 0:150 0:80 0:88 0:32 0:104 0:36 0:52 0:112 0:38 0:154 0:186 0:68 0:154 0:234 0:64 0:10 0:130 0:168 0:130 0:100 0:38 0:210 0:106 0:58 0:94 0:34 0:100 0:106 0:200 0:74 0:50 0:92 0:68 0:198 0:324 0:62 0:124 0:38 0:78 0:30 0:112 0:98 0:74 0:82 0:72 0:92 0:76 0:48 0:22 0:84 0:64 0:16 0:300 0:124 0:204 0:112 0:112 0:40 0:68 0:12 0:64 0:44 0:66 0:186 0:212 0:190 0:94 0:74 ; 
L -3 1 -4 -2 -9 -4 8 -3 6 3 8 5 -5 3 -6 8 -8 -6 -1 9 10 7 -1 6 -7 -6 -1 -7 4 -1 -7 6 1 6 9 1 -3 7 -9 6 6 6 -6 1 -2 -1 7 -2 10 -5 -10 -8 5 -5 4 -3 -4 -1 -7 1 -9 -5 7 -1 -7 -2 2 7 -7 3 4 3 3 -1 -6 -1 -8 8 -7 4 5 9 7 -9 -10 -9 -1 8 -9 -10 8 9 -5 3 10 -1 -6 9 -10 1 -7 -4 6 3 -2 -1 -7 1 -2 2 8 10 -2 -5 3 6 8 5 9 -7 -5 2 -2 -4 5 8 -9 -1 -10 9 -10 -8 3 7 2 -6 10 10 2 1 7 6 -2 -7 -2 -3 6 5 -3 -1 -10 -3 4 -4 5 -5 -3 -7 6 -3 -3 -5 -7 1 -3 -3 -9 1 -10 1 -5 10 -7 1 -9 7 10 -10 2 -1 -1 -9 9 2 2 7 9 -1 4 -5 -6 3 9 -7 -10 -3 -3 4 -9 -1 ; 
67 2 1 3 35 49 56 22 39 6 92 68 71 73 10 9 71 11 74 88 46 79 56 80 3 21 32 63 76 84 15 65 40 8 51 97 8 73 5 21 17 98 48 9 55 57 32 2 38 1 16 42 72 24 19 13 48 44 37 5 9 75 57 3 11 14 26 98 9 68 48 87 69 5 93 97 86 45 62 87 46 37 93 45 97 60 31 37 57 4 5 7 63 40 54 26 59 26 8 93 94 45 51 2 92 73 45 58 56 38 61 11 60 25 66 39 79 36 56 23 25 46 47 95 100 6 44 99 50 40 44 28 82 77 8 94 41 100 39 83 51 82 49 48 79 70 13 98 64 81 24 3 42 78 2 99 36 66 53 53 50 48 51 14 61 32 68 96 92 89 48 22 46 42 52 49 52 54 53 65 68 89 32 90 71 44 66 16 31 91 34 36 3 10 42 90 5 41 53 97 62 ; 
L -8 10 7 1 5 2 -2 -3 -1 10 9 10 1 1 -5 8 -5 4 3 -9 -1 9 10 -10 -1 -6 -1 -10 -6 5 2 -5 -3 6 -8 -6 -6 -2 -3 10 -3 -4 -3 -8 8 1 6 9 -1 5 -1 15 -9 -7 -6 -9 1 -7 6 -1 1 -2 6 2 -5 7 10 -4 9 3 4 9 -10 -2 -10 -4 -4 3 1 12 -7 -3 3 9 1 6 -7 2 -9 7 8 -9 -3 -13 -10 -6 1 -6 -9 4 -7 1 -7 7 2 -5 -4 -7 6 -2 -7 10 -1 8 5 -3 -4 -7 9 2 -9 -7 -3 -6 -5 5 2 3 -1 1 -3 2 -10 -5 7 2 -5 -1 -8 8 -1 -7 -3 10 -6 3 -9 8 9 3 7 3 -2 7 1 7 -8 -6 7 -5 -10 -1 7 6 -3 -14 9 -5 -3 4 -6 1 -9 5 -5 6 4 2 -2 7 -7 4 4 -1 -3 5 3 -7 -8 -11 1 10 -6 8 -1 -10 -3 10 -9 -1 ; 
0:120 0:28 0:106 0:112 0:70 0:146 0:94 0:20 0:128 0:170 0:36 0:46 0:44 0:68 0:160 0:148 0:54 0:10 0:32 0:30 0:30 0:36 0:22 0:44 0:180 0:0 0:158 0:24 0:48 0:0 0:22 0:78 0:206 0:30 0:62 0:30 0:304 0:108 0:140 0:22 0:68 0:174 0:96 0:94 0:90 0:164 0:26 0:70 0:88 0:86 0:42 0:32 0:170 0:158 0:112 0:194 0:44 0:50 0:178 0:54 0:36 0:166 0:156 0:348 0:60 0:158 0:74 0:228 0:140 0:80 0:56 0:112 0:146 0:118 0:208 0:104 0:68 0:106 0:126 0:248 0:160 0:38 0:52 0:122 0:54 0:16 0:98 0:56 0:52 0:28 0:34 0:88 0:146 0:240 0:148 0:74 0:106 0:84 0:6 0:120 0:142 0:78 0:92 0:56 0:72 0:74 0:92 0:104 0:120 0:144 0:20 0:42 0:6 0:46 0:30 0:118 0:96 0:114 0:124 0:180 0:424 0:38 0:42 0:140 0:118 0:32 0:250 0:228 0:108 0:226 0:66 0:8 0:84 0:28 0:52 0:70 0:146 0:66 0:68 0:68 0:76 0:144 0:36 0:150 0:94 0:78 0:96 0:88 0:90 0:222 0:112 0:4 0:184 0:22 0:74 0:94 0:40 0:22 0:148 0:116 0:54 0:8 0:10 0:86 0:22 0:56 0:92 0:126 0:174 0:118 0:170 0:58 0:96 0:12 0:142 0:272 0:216 0:194 0:52 0:74 0:64 0:184 0:60 0:368 0:110 0:48 0:96 0:12 0:88 0:16 0:120 0:84 0:136 0:70 0:168 0:152 0:176 0:44 0:60 0:194 0:124 ; 
L 3 5 9 -3 -1 -6 6 3 -7 9 -1 -2 -10 -10 8 1 -10 -3 -6 -8 7 -2 -3 6 7 5 8 8 -9 -1 -7 -7 8 -9 9 -10 10 -6 1 -1 -3 3 -4 -5 5 9 4 10 4 -9 1 6 -6 -5 -1 -7 -8 8 -3 -7 -4 5 -3 8 3 7 7 4 -4 -7 -8 -1 -2 -2 7 1 -9 -2 -1 -3 -6 -5 2 -10 -4 -10 2 9 -10 -9 8 1 -5 2 -6 -5 10 -6 -6 5 2 8 3 7 -1 5 3 -9 -4 2 7 10 -5 2 4 4 -2 -10 -10 3 3 -2 3 -10 5 -2 10 -5 -4 3 -9 6 6 -4 1 -3 -6 -5 -1 9 5 2 -7 -5 9 8 -2 5 1 -5 8 4 -3 -1 -5 -6 10 -7 -10 -1 1 -10 3 4 9 -4 -9 -6 1 2 5 -8 1 -5 -5 8 -8 -4 4 2 -1 -6 -3 -7 -1 3 9 6 -2 -6 9 3 9 -10 -7 -2 -4 -6 5 -3 ; 
6 85 33 5 46 23 63 69 47 29 60 25 23 77 87 26 10 15 76 99 11 62 91 9 38 91 57 74 53 66 6 65 21 33 53 100 44 60 76 3 29 5 24 82 42 51 35 85 86 5 99 73 28 17 82 49 38 31 67 18 6 89 22 20 68 5 84 66 61 76 22 17 16 61 13 19 19 74 55 75 30 79 15 36 63 59 74 53 97 81 96 30 84 7 90 34 81 37 58 71 63 68 23 6 1 19 93 13 87 55 53 22 11 29 9 8 29 55 44 70 26 1 63 31 8 38 86 20 92 78 31 87 38 84 51 60 61 57 4 35 32 38 97 26 95 70 26 84 64 27 51 7 84 69 41 21 100 47 24 3 86 50 99 23 50 33 3 65 9 31 53 82 35 42 16 66 45 16 66 87 25 46 2 80 20 78 86 71 41 25 74 3 10 70 10 35 41 35 22 21 55 ; 
L 5 6 1 -1 -10 -5 5 -2 -3 -2 10 -6 1 -5 9 -10 9 -10 2 3 6 -6 8 6 8 5 -5 4 -9 -8 1 -6 3 1 8 2 4 -1 3 -2 -8 -1 3 -6 9 2 -7 5 1 -5 5 2 7 6 -10 1 7 2 5 -9 1 -5 -10 -10 -8 10 10 2 -10 -7 8 -2 10 1 7 8 9 9 3 3 11 -6 -7 -10 -15 -6 14 -6 6 -1 -3 -5 2 -13 -6 -7 -1 -7 2 9 -8 4 -3 2 -5 9 6 -4 3 9 5 5 1 -3 -9 -10 2 3 -3 2 8 3 -6 -7 -4 -6 -9 5 -4 1 2 4 7 9 -5 -6 -1 -2 -3 -6 4 10 9 -4 -5 -7 5 4 -3 3 -7 10 10 -8 -4 3 7 1 4 5 -7 -4 4 -1 2 -9 10 -2 7 7 9 -8 4 4 -9 -8 -5 -5 3 4 -1 -6 1 -10 12 5 9 8 -10 -6 2 4 -3 -1 3 -8 -3 -7 5 -3 ; 
0:36 0:24 0:44 0:120 0:122 0:88 0:66 0:248 0:26 0:44 0:52 0:28 0:24 0:36 0:50 0:68 0:158 0:34 0:58 0:88 0:66 0:98 0:230 0:16 0:70 0:208 0:110 0:58 0:66 0:74 0:78 0:152 0:58 0:106 0:110 0:134 0:188 0:224 0:106 0:234 0:18 0:64 0:42 0:14 0:108 0:62 0:126 0:88 0:128 0:24 0:64 0:48 0:60 0:304 0:296 0:6 0:28 0:170 0:80 0:138 0:114 0:48 0:14 0:222 0:26 0:174 0:154 0:46 0:152 0:20 0:62 0:98 0:172 0:28 0:8 0:82 0:22 0:104 0:90 0:54 0:104 0:52 0:44 0:92 0:94 0:36 0:100 0:130 0:94 0:154 0:22 0:92 0:86 0:10 0:78 0:318 0:78 0:38 0:140 0:134 0:12 0:42 0:128 0:150 0:36 0:90 0:22 0:16 0:194 0:74 0:58 0:96 0:108 0:64 0:2 0:60 0:72 0:154 0:30 0:252 0:84 0:136 0:40 0:138 0:106 0:76 0:140 0:80 0:54 0:40 0:134 0:48 0:50 0:96 0:80 0:66 0:186 0:50 0:108 0:2 0:180 0:36 0:74 0:156 0:80 0:20 0:72 0:164 0:154 0:134 0:94 0:40 0:6 0:34 0:170 0:96 0:164 0:98 0:100 0:86 0:28 0:44 0:132 0:194 0:48 0:148 0:122 0:56 0:98 0:134 0:70 0:144 0:158 0:64 0:120 0:48 0:108 0:78 0:176 0:218 0:104 0:96 0:270 0:68 0:76 0:116 0:66 0:68 0:38 0:144 0:86 0:228 0:80 0:114 0:164 0:104 0:54 0:2 0:64 0:42 0:110 ; 
L 6 6 6 -1 -9 -9 -6 2 2 -8 6 5 7 4 -9 6 5 -5 -4 5 -9 1 4 -8 1 2 8 -5 6 -4 2 1 8 5 5 -1 -7 3 -1 -6 -8 7 4 -6 5 7 -9 -4 -4 6 1 3 -8 6 2 3 -6 -2 1 -3 -8 -4 -8 -7 4 -5 -7 6 -5 10 2 8 3 -6 1 7 -4 -6 -8 8 -7 -3 -7 -5 8 8 -8 10 -1 9 4 5 -3 -8 3 -3 -8 5 7 4 -1 6 -7 -10 -5 -2 -5 1 8 9 -1 4 4 10 6 -8 -9 -6 4 -1 1 -8 7 -6 1 -8 6 4 -5 -2 1 9 -8 10 -8 -10 2 6 10 -3 -5 -9 1 -3 10 -7 -5 -4 2 -5 -2 4 6 3 -1 -7 -2 -4 9 -7 5 3 -2 8 5 3 -7 7 4 -10 6 1 9 4 1 10 5 9 -7 3 5 6 7 7 -10 2 5 10 -2 8 -5 9 -8 9 -6 -6 9 8 -1 -9 ; 
60 91 92 56 2 37 68 67 11 96 82 69 80 60 83 38 89 89 98 6 75 32 94 37 75 16 70 69 77 84 33 57 19 1 52 65 55 83 67 86 65 20 68 25 43 26 65 38 54 4 59 23 91 50 58 3 50 51 78 78 93 58 81 62 40 7 66 23 74 60 71 39 23 49 49 33 99 4 56 29 33 71 37 46 32 75 70 64 35 69 38 19 92 51 95 54 6 25 63 66 87 96 67 82 44 92 49 27 39 26 24 3 70 36 33 44 87 99 40 77 87 94 46 71 25 99 69 19 90 96 3 67 60 39 71 68 28 85 22 3 58 77 76 29 80 37 17 51 19 60 74 34 36 73 21 50 18 27 40 49 80 52 60 5 45 1 48 4 95 9 53 55 93 90 91 22 97 3 89 79 91 90 61 13 31 72 8 58 97 17 96 78 30 33 65 9 93 5 8 84 35 ; 
L 6 5 -7 -4 2 8 -6 -5 2 -4 15 -10 -6 5 6 -2 10 -2 3 -8 6 6 -1 -7 -8 8 -1 -7 6 6 -9 -10 -5 3 5 9 -3 6 8 8 4 -6 -4 6 6 4 -4 -9 10 -7 -1 -7 1 -6 -9 -6 -5 5 -4 13 -5 -2 9 -5 -4 6 9 -7 -5 3 -2 5 4 8 7 -10 -4 2 7 -8 3 -5 -10 -9 -4 -5 9 5 7 1 3 8 5 3 5 3 6 7 2 -2 6 -8 -3 -10 -1 -4 6 1 8 -1 7 10 -1 -8 2 1 9 7 -3 -1 -14 5 11 -8 -7 6 -1 -8 8 -10 5 -4 1 -4 7 1 7 1 -2 1 -2 -9 -6 7 5 -1 -9 8 -7 9 -3 3 12 -8 -3 1 -8 5 -9 8 -4 -1 10 -6 9 5 2 -8 -9 -8 4 -6 -6 -6 -2 4 9 5 3 -5 -3 8 7 -4 -1 -5 -2 6 -5 -1 4 10 4 4 8 7 -2 -7 -1 -9 ; 
0:120 0:126 0:162 0:38 0:62 0:140 0:176 0:180 0:156 0:120 0:148 0:28 0:104 0:128 0:14 0:36 0:84 0:298 0:50 0:130 0:74 0:136 0:168 0:114 0:214 0:70 0:56 0:100 0:64 0:112 0:302 0:58 0:172 0:46 0:62 0:158 0:58 0:30 0:122 0:206 0:100 0:72 0:120 0:106 0:184 0:92 0:84 0:204 0:38 0:54 0:120 0:110 0:124 0:32 0:174 0:48 0:80 0:130 0:70 0:114 0:68 0:32 0:126 0:22 0:144 0:122 0:136 0:218 0:94 0:42 0:8 0:188 0:52 0:130 0:54 0:158 0:104 0:68 0:44 0:152 0:52 0:140 0:80 0:100 0:228 0:80 0:156 0:192 0:42 0:94 0:66 0:88 0:22 0:0 0:152 0:146 0:44 0:152 0:78 0:80 0:118 0:44 0:56 0:120 0:190 0:40 0:230 0:204 0:88 0:114 0:36 0:128 0:70 0:104 0:104 0:252 0:4 0:116 0:132 0:34 0:72 0:54 0:14 0:108 0:94 0:52 0:118 0:80 0:24 0:74 0:74 0:148 0:60 0:154 0:150 0:110 0:92 0:142 0:44 0:88 0:34 0:122 0:198 0:82 0:76 0:62 0:58 0:84 0:92 0:8 0:170 0:112 0:228 0:186 0:174 0:16 0:28 0:78 0:408 0:134 0:60 0:30 0:54 0:150 0:174 0:86 0:92 0:58 0:230 0:98 0:166 0:208 0:134 0:48 0:128 0:94 0:66 0:44 0:334 0:312 0:186 0:76 0:26 0:176 0:110 0:102 0:206 0:36 0:30 0:64 0:56 0:198 0:164 0:122 0:76 0:96 0:106 0:116 0:60 0:168 0:70 ; 
L 10 10 -3 4 -7 2 -7 9 7 6 -7 -10 -7 -2 -7 8 -7 -8 1 4 10 -4 3 1 -1 2 7 1 -1 6 -9 1 4 -6 -4 -7 1 3 -3 5 3 -5 10 3 10 2 3 -3 7 4 -5 -6 7 2 -1 9 8 -2 5 -4 6 -5 -7 -4 2 9 7 8 -1 5 3 7 -10 10 -5 -2 -4 9 -8 6 -10 -9 9 8 -2 9 8 -4 -1 -1 9 -5 5 7 7 3 -10 4 -4 -2 5 -5 5 -6 6 8 4 -6 -2 8 2 8 2 -3 4 4 9 6 9 7 -5 8 -4 5 9 -3 4 -7 -8 -7 10 5 1 -8 10 -9 -4 10 3 -1 -4 9 6 -6 -10 -1 -4 6 3 -8 2 7 -8 -3 4 6 5 -5 -2 -9 6 -4 6 5 -6 1 10 7 4 -8 10 9 4 7 -4 4 3 -2 8 5 9 7 -1 9 -10 9 8 3 9 6 7 10 -1 2 10 -2 7 4 6 -8 ; 
47 64 22 35 1 84 69 69 66 80 40 14 48 60 64 43 21 60 43 17 28 16 12 100 92 36 46 71 77 38 38 76 9 32 28 65 20 5 61 89 67 13 75 90 64 63 32 37 91 44 3 25 6 39 76 77 17 87 41 81 72 32 76 32 12 18 23 52 37 21 78 15 94 66 3 72 58 93 31 72 70 73 92 31 67 73 21 69 44 81 65 47 57 73 25 77 40 56 57 54 18 43 56 34 56 23 77 60 39 24 34 53 71 49 78 80 90 19 63 64 100 83 94 34 99 30 27 43 16 40 7 8 4 55 60 53 67 99 16 13 7 81 65 14 87 21 72 81 9 40 32 44 65 90 84 12 11 25 37 4 54 74 42 65 65 99 78 16 79 74 19 2 57 69 73 85 69 60 87 53 56 85 21 91 26 97 56 94 12 66 85 93 48 56 90 9 59 49 74 67 58 ; 
L 10 -2 7 -7 -1 7 7 9 8 -8 8 6 -6 6 -1 6 2 5 4 4 5 -3 -4 -4 10 -4 -7 -8 -3 8 -5 1 7 5 1 9 10 3 1 4 -6 6 -10 6 5 -4 3 4 7 -5 5 -6 3 -9 -7 -1 8 3 -8 9 2 10 7 -7 2 4 -6 -2 7 -1 -6 4 -7 5 15 1 9 -8 2 -3 -10 2 3 14 7 9 -1 7 1 2 -6 9 -9 6 7 9 4 4 -4 6 -1 5 -6 -13 5 -9 -2 -10 -3 -9 -1 9 -1 2 -5 5 5 8 -8 -4 4 8 8 6 10 -7 4 1 -8 3 -3 4 7 -8 -2 -2 -7 -3 -2 7 -2 -7 -7 10 -3 10 2 6 2 -3 4 4 5 12 7 -10 5 -5 -2 8 -10 1 3 -1 8 -9 10 4 11 5 8 -4 9 10 -4 9 -3 4 -7 -6 -10 -9 -4 -8 4 -7 7 10 5 -9 4 3 4 6 10 9 9 9 6 -8 ; 
0:94 0:210 0:118 0:98 0:134 0:22 0:90 0:164 0:22 0:142 0:44 0:226 0:116 0:228 0:24 0:52 0:20 0:60 0:14 0:160 0:248 0:26 0:122 0:18 0:146 0:196 0:48 0:146 0:22 0:44 0:122 0:72 0:134 0:134 0:8 0:68 0:78 0:34 0:110 0:80 0:64 0:70 0:138 0:200 0:132 0:100 0:192 0:280 0:76 0:38 0:162 0:68 0:366 0:258 0:90 0:40 0:86 0:160 0:116 0:80 0:108 0:28 0:46 0:26 0:74 0:102 0:98 0:34 0:168 0:172 0:102 0:84 0:70 0:284 0:52 0:138 0:160 0:50 0:54 0:152 0:64 0:22 0:154 0:114 0:356 0:202 0:104 0:154 0:138 0:158 0:62 0:170 0:64 0:112 0:170 0:144 0:160 0:78 0:80 0:124 0:114 0:146 0:38 0:108 0:148 0:122 0:16 0:126 0:128 0:130 0:38 0:198 0:66 0:60 0:150 0:114 0:122 0:58 0:84 0:158 0:46 0:236 0:16 0:36 0:18 0:260 0:80 0:14 0:52 0:192 0:16 0:108 0:64 0:22 0:70 0:124 0:134 0:102 0:66 0:94 0:18 0:10 0:24 0:258 0:50 0:80 0:124 0:110 0:90 0:160 0:70 0:38 0:22 0:228 0:58 0:60 0:62 0:20 0:64 0:224 0:80 0:34 0:154 0:70 0:268 0:82 0:22 0:34 0:46 0:30 0:128 0:30 0:94 0:44 0:60 0:80 0:54 0:128 0:144 0:188 0:158 0:22 0:122 0:48 0:14 0:66 0:102 0:208 0:78 0:124 0:268 0:78 0:90 0:64 0:146 0:162 0:6 0:122 0:40 0:134 0:116 ; 
L -2 2 6 -5 -7 10 5 -2 3 1 5 -4 -5 4 -2 5 -3 10 -1 -10 10 -10 1 5 10 6 8 -7 1 -5 2 6 5 6 -5 4 -9 -9 -6 5 -6 3 -6 7 3 2 -10 -4 8 -4 -7 -10 5 -4 4 -1 4 -2 -3 -1 8 -9 -4 -8 -7 4 -10 10 7 -7 -8 -6 -10 -2 -9 -6 6 -3 -9 -9 10 -2 2 7 8 2 4 1 7 -5 -5 1 -3 5 5 7 10 3 4 1 3 -7 6 -1 9 2 7 9 -5 2 -5 -3 -5 9 -1 -3 -5 4 6 -6 5 -6 -4 -10 -8 -6 -6 4 5 -3 -9 -7 -1 1 5 2 9 8 -4 -10 -3 8 -3 -1 1 -2 1 -9 8 -7 4 -1 -4 3 8 2 9 3 -1 10 2 -3 10 10 9 -1 -8 5 3 -9 4 5 1 1 1 5 -1 8 3 8 -1 -4 5 5 -2 -10 6 9 -9 2 9 -2 -3 -3 10 10 4 7 6 10 ; 
42 87 39 32 61 95 57 82 45 93 99 2 48 18 75 36 51 76 75 26 83 62 14 66 33 26 6 59 100 38 46 46 61 12 87 71 7 37 75 67 29 25 55 18 67 55 76 99 57 99 27 61 83 19 92 93 85 89 96 25 69 74 31 38 27 8 52 94 13 49 35 33 74 56 74 47 1 7 78 6 17 7 21 5 9 10 15 55 42 11 16 36 100 34 87 35 33 18 60 51 88 66 55 5 68 49 71 54 42 42 51 47 35 11 71 46 41 12 40 46 75 86 14 69 26 38 40 26 2 99 3 16 20 8 72 97 65 90 99 90 37 18 9 34 54 80 51 22 59 3 48 78 29 77 75 4 63 49 9 58 71 86 8 21 47 24 60 36 95 86 81 1 44 55 23 75 63 35 89 86 62 72 54 63 46 7 85 10 64 92 7 57 31 11 82 55 80 71 60 67 44 ; 
L 5 -4 -15 1 -10 9 2 3 3 -1 -10 7 3 5 3 8 -3 -10 5 -10 4 7 -9 9 -6 5 -10 -3 -4 -1 -6 1 -4 -5 -2 -7 1 6 3 2 2 8 4 7 6 -3 5 8 -10 -10 8 -9 4 -4 5 -1 -5 5 10 -2 9 5 -2 3 8 8 -6 -5 9 -6 -2 9 -1 -5 4 8 -10 -2 9 -5 4 3 -2 1 -11 -4 5 1 2 -7 2 -10 -1 3 -8 -1 6 -1 5 9 -3 -5 5 4 6 -10 7 5 1 9 5 -10 2 3 5 -3 10 7 -9 2 -2 -2 -5 10 7 6 -4 3 10 -2 10 -6 -10 10 1 -3 -9 -5 -2 1 -7 5 9 -6 3 -6 3 -1 2 -5 -5 -10 -6 1 -1 2 4 9 -4 -4 -9 1 -4 -8 1 6 -7 4 -1 -6 6 8 3 1 7 -1 12 7 -4 10 5 -3 -8 4 10 -5 -8 -3 14 -8 4 4 -13 -8 9 9 9 -1 6 10 ; 
0:16 0:166 0:222 0:178 0:80 0:136 0:88 0:118 0:158 0:34 0:52 0:64 0:140 0:118 0:56 0:168 0:332 0:88 0:140 0:28 0:112 0:112 0:16 0:88 0:130 0:60 0:154 0:90 0:232 0:122 0:160 0:124 0:166 0:60 0:178 0:66 0:34 0:36 0:32 0:192 0:128 0:118 0:68 0:202 0:26 0:110 0:128 0:76 0:36 0:42 0:112 0:38 0:130 0:166 0:204 0:66 0:176 0:160 0:220 0:176 0:188 0:98 0:164 0:90 0:62 0:46 0:10 0:2 0:22 0:162 0:126 0:246 0:74 0:38 0:24 0:60 0:26 0:112 0:158 0:132 0:26 0:18 0:60 0:188 0:136 0:66 0:30 0:168 0:54 0:98 0:64 0:194 0:344 0:68 0:126 0:200 0:32 0:128 0:16 0:94 0:80 0:60 0:94 0:146 0:6 0:56 0:112 0:120 0:88 0:124 0:124 0:26 0:54 0:160 0:58 0:102 0:152 0:232 0:62 0:118 0:114 0:28 0:54 0:306 0:0 0:76 0:136 0:24 0:52 0:6 0:150 0:94 0:52 0:128 0:108 0:88 0:122 0:118 0:110 0:118 0:56 0:28 0:64 0:134 0:60 0:14 0:24 0:18 0:24 0:166 0:202 0:54 0:220 0:80 0:244 0:50 0:98 0:62 0:50 0:190 0:60 0:20 0:28 0:6 0:26 0:12 0:26 0:168 0:148 0:54 0:116 0:48 0:76 0:92 0:40 0:208 0:12 0:92 0:182 0:8 0:12 0:104 0:22 0:316 0:94 0:40 0:72 0:172 0:134 0:88 0:92 0:68 0:190 0:82 0:232 0:58 0:80 0:122 0:58 0:134 0:88 ; 
L -1 5 -5 -2 9 -9 -10 5 -5 -3 7 -1 -1 -1 3 6 2 -1 -9 -3 -7 -6 3 -5 -2 4 7 -3 -9 3 9 -9 1 -10 8 3 2 3 4 10 5 6 -6 -8 8 1 6 2 -10 -8 -4 8 -4 1 -5 -7 5 9 -3 -10 -10 -7 1 6 6 9 -1 -3 -5 -7 -7 6 2 2 -10 -6 2 6 1 -7 1 5 6 1 -8 2 3 -4 1 6 -9 -2 6 -6 -4 1 6 -2 -7 -1 -8 8 -4 -8 2 -10 -9 3 6 -10 6 -5 2 -2 3 9 -9 9 8 -10 7 2 -1 -1 -10 3 7 -1 2 -2 8 3 -10 -7 1 9 -7 -3 8 9 -5 -8 -7 3 1 10 -6 -7 -9 -10 -8 -6 -9 6 1 1 -7 -8 9 3 3 -8 1 10 3 -3 -1 7 -4 10 -9 3 -4 -4 6 -6 -8 3 1 -10 -2 -10 7 4 -3 -9 -10 4 6 -10 5 5 3 1 5 10 6 -10 -3 1 ; 
81 6 37 3 27 38 6 46 21 47 8 22 20 77 23 40 89 40 28 31 58 85 98 24 84 93 69 27 82 19 14 20 81 9 88 24 84 27 91 59 73 32 30 29 68 42 19 27 15 93 85 77 57 86 26 58 99 26 66 1 17 52 36 62 21 69 8 18 7 28 71 52 41 66 32 48 87 57 13 58 92 15 22 60 58 32 45 68 89 89 63 3 23 36 94 93 71 71 50 84 59 10 23 57 87 74 43 44 95 70 2 90 55 15 44 4 89 72 34 8 31 54 73 67 7 25 86 100 16 70 92 89 4 35 74 89 3 15 94 68 26 47 76 99 97 76 50 90 2 93 52 11 90 85 85 57 15 98 30 8 5 7 100 12 8 44 22 35 94 20 36 34 46 12 99 37 99 67 38 28 50 10 32 2 15 14 29 12 2 46 90 94 20 49 86 15 62 79 13 4 59 ; 
L -1 -6 9 8 -3 -9 6 1 -3 -2 10 6 1 -8 3 6 15 2 -5 4 -7 11 5 9 10 9 -10 -1 3 2 -5 -3 4 7 -3 -5 -4 2 12 -13 1 -8 5 -10 -1 -9 -2 -10 5 4 -10 3 -2 -6 7 -4 -6 6 8 8 7 10 3 6 10 -3 2 1 -10 7 2 3 -7 3 -6 7 4 9 5 -8 9 -10 -7 9 3 3 1 6 9 6 -10 -6 -3 -9 -9 -7 6 6 -10 -1 -9 -4 -9 -10 1 3 -14 -5 8 -10 -8 -6 -1 -3 -7 -5 4 -6 -9 -9 6 -10 2 6 -7 -3 -2 -3 3 8 -9 -1 9 -2 -5 -5 -2 -4 8 2 1 -1 -8 -1 -5 9 10 -2 10 2 6 9 1 -5 -1 6 1 8 4 -3 -5 -7 10 10 -2 -7 10 -10 4 1 -1 1 1 -1 -7 3 -1 7 1 7 -6 8 6 -2 8 2 5 4 -1 3 8 -3 -10 3 9 7 7 3 -3 1 ; 
0:162 0:24 0:26 0:292 0:38 0:46 0:60 0:140 0:84 0:64 0:126 0:100 0:34 0:116 0:42 0:86 0:44 0:138 0:112 0:44 0:92 0:26 0:94 0:60 0:20 0:66 0:132 0:94 0:48 0:36 0:114 0:84 0:276 0:178 0:54 0:134 0:144 0:186 0:10 0:78 0:56 0:152 0:258 0:62 0:54 0:274 0:14 0:74 0:102 0:50 0:54 0:40 0:44 0:178 0:82 0:118 0:156 0:196 0:34 0:48 0:190 0:36 0:30 0:192 0:82 0:66 0:146 0:46 0:74 0:124 0:202 0:90 0:118 0:114 0:44 0:98 0:4 0:24 0:52 0:226 0:60 0:24 0:104 0:102 0:92 0:10 0:128 0:144 0:88 0:170 0:52 0:44 0:90 0:66 0:146 0:40 0:30 0:106 0:162 0:80 0:8 0:246 0:32 0:90 0:140 0:68 0:206 0:72 0:88 0:252 0:160 0:104 0:110 0:230 0:164 0:36 0:238 0:34 0:102 0:78 0:20 0:22 0:120 0:126 0:56 0:30 0:210 0:78 0:14 0:80 0:54 0:116 0:50 0:160 0:50 0:98 0:42 0:104 0:50 0:66 0:16 0:98 0:154 0:116 0:12 0:108 0:26 0:94 0:16 0:34 0:52 0:242 0:56 0:84 0:272 0:8 0:26 0:46 0:46 0:10 0:228 0:92 0:120 0:128 0:258 0:42 0:50 0:104 0:24 0:222 0:106 0:72 0:180 0:38 0:102 0:76 0:72 0:224 0:130 0:28 0:12 0:76 0:58 0:36 0:174 0:96 0:6 0:170 0:174 0:48 0:94 0:40 0:36 0:48 0:196 0:232 0:132 0:248 0:168 0:8 0:118 ; 
L 9 10 5 5 8 -1 5 -4 -5 6 8 -5 6 3 -5 9 -6 10 2 7 -3 9 -2 10 -7 9 -9 7 -8 4 -8 -3 9 -5 -2 7 9 2 -6 2 -7 -4 10 10 -5 3 5 10 -5 9 -5 -3 1 6 4 2 6 -6 -8 9 5 -5 -4 9 8 5 1 9 -2 -3 8 2 -8 3 2 2 6 8 9 -9 3 -3 7 4 3 9 -6 5 -2 7 10 -9 -5 -4 7 2 2 -1 4 9 10 8 -7 9 2 -2 -10 2 8 5 -9 -9 5 1 -6 -9 2 -2 5 -8 -10 8 9 -2 -2 -9 -1 -10 -1 8 7 -2 7 -10 -4 -4 8 -10 -1 8 10 -2 -3 -7 -1 -9 5 -6 9 7 -1 -7 -1 -4 -3 7 8 -7 -9 4 -8 -4 -3 7 8 2 -5 -4 9 -8 -1 -6 -7 -1 -2 -4 10 -1 3 7 3 -1 -5 6 -3 -8 -10 9 5 -2 -3 9 -1 -5 6 6 7 -5 -10 -10 ; 
41 52 10 79 22 12 77 92 43 44 94 78 23 37 69 55 76 49 13 48 3 23 78 47 14 36 42 60 68 27 7 43 16 10 38 63 48 75 2 9 44 5 61 68 79 89 32 34 93 11 13 22 65 90 17 57 50 67 94 71 71 60 23 46 81 57 96 77 54 23 37 98 13 35 55 22 95 32 4 96 97 77 96 23 31 79 15 96 49 73 48 98 14 12 81 99 61 22 95 59 27 82 69 16 96 85 27 72 76 62 30 27 36 4 14 16 52 34 37 71 9 53 67 24 19 34 93 18 49 33 52 23 22 63 52 41 99 1 78 88 25 54 93 8 86 53 76 94 98 1 70 43 31 10 98 56 31 6 77 36 67 46 56 98 93 58 88 67 92 31 21 91 100 76 57 70 34 50 69 30 45 46 70 30 96 79 7 63 5 92 47 17 26 53 96 15 94 98 73 8 100 ; 
L 8 -6 -2 -2 -9 -4 -12 -4 -6 -6 -5 3 -9 -4 -2 9 -2 8 1 10 7 1 -4 -7 3 8 7 3 2 4 6 -4 3 -1 -6 -2 -8 10 1 -1 -5 -9 2 -1 5 -6 -2 -2 10 7 10 3 9 -9 -7 -6 -1 8 -5 5 1 9 1 -8 -2 -3 -6 -2 -5 9 3 7 10 7 3 -6 5 2 -1 7 4 -8 10 -8 2 -9 8 -5 9 -9 -2 -5 -9 11 -8 -6 10 -1 2 -10 4 3 -3 -7 5 13 7 2 -5 -4 8 10 8 -10 9 -2 7 2 -5 9 -5 9 8 15 -9 5 -3 5 6 5 9 9 -7 3 -5 4 -9 -1 7 5 -1 10 -8 10 2 2 -7 -2 -4 -8 -10 5 -3 2 7 -10 -7 9 -10 -9 -3 6 -9 1 8 -1 9 2 9 -8 -3 4 -4 -9 8 9 -9 5 -9 -7 2 -5 7 14 -5 7 -8 -7 4 5 -6 -5 1 -8 6 -6 10 5 -10 -10 ; 
0:136 0:116 0:28 0:292 0:60 0:118 0:8 0:76 0:138 0:82 0:84 0:96 0:52 0:184 0:118 0:130 0:92 0:290 0:136 0:32 0:188 0:86 0:268 0:140 0:72 0:80 0:60 0:16 0:178 0:54 0:180 0:120 0:116 0:120 0:28 0:214 0:22 0:84 0:36 0:66 0:8 0:174 0:52 0:74 0:136 0:22 0:94 0:66 0:94 0:74 0:66 0:128 0:46 0:162 0:90 0:58 0:172 0:240 0:64 0:66 0:60 0:88 0:320 0:142 0:70 0:110 0:74 0:106 0:148 0:66 0:144 0:60 0:10 0:62 0:40 0:144 0:42 0:22 0:64 0:168 0:178 0:172 0:50 0:68 0:304 0:62 0:110 0:32 0:4 0:56 0:52 0:18 0:38 0:92 0:296 0:188 0:168 0:204 0:32 0:40 0:120 0:184 0:148 0:152 0:146 0:32 0:76 0:142 0:46 0:80 0:32 0:102 0:54 0:146 0:194 0:108 0:170 0:102 0:32 0:36 0:90 0:52 0:108 0:204 0:42 0:152 0:130 0:52 0:326 0:42 0:124 0:210 0:44 0:76 0:128 0:46 0:72 0:58 0:152 0:54 0:18 0:36 0:14 0:32 0:102 0:116 0:22 0:116 0:140 0:76 0:80 0:204 0:76 0:76 0:82 0:10 0:96 0:100 0:140 0:124 0:158 0:178 0:64 0:80 0:124 0:40 0:82 0:90 0:60 0:12 0:204 0:34 0:12 0:180 0:210 0:50 0:110 0:72 0:90 0:44 0:46 0:100 0:126 0:92 0:204 0:134 0:12 0:62 0:80 0:98 0:144 0:86 0:176 0:186 0:162 0:190 0:62 0:108 0:178 0:16 0:200 ; 
L 5 -2 4 -10 2 -4 6 3 -9 6 -9 -3 -3 -1 8 -4 -1 10 4 -2 5 2 9 6 9 -10 8 10 -5 -1 10 3 6 -4 -10 2 -7 5 -1 3 -2 -10 -7 3 -8 -8 -3 1 -2 -7 4 2 -9 -3 6 7 -6 -2 -2 4 3 -7 -7 -4 -7 6 8 9 -8 -3 -3 -5 -7 -3 -2 -5 9 -10 1 7 3 -10 -7 10 -10 -3 -3 1 -9 -2 7 2 9 9 3 5 -5 2 -2 -6 1 6 1 -5 9 7 -6 -4 1 6 -9 -7 -9 5 -3 7 -3 -7 -2 9 8 7 -7 7 -2 5 -1 -9 10 -5 7 3 -5 3 -9 -7 -5 8 -8 10 -6 1 7 7 5 -6 6 -2 -6 3 -2 -8 -2 -9 1 -4 3 8 8 7 2 2 -2 2 5 -6 -1 6 7 2 2 10 -8 -8 -1 -3 6 3 -3 9 -5 -3 9 -7 -7 8 -9 -10 -7 5 4 8 10 -1 -9 10 -7 -6 -5 4 ; 
4 10 71 98 79 85 16 40 76 60 59 18 88 19 99 83 35 95 99 10 49 14 66 98 100 41 60 19 45 91 62 83 58 78 67 73 92 23 84 89 93 47 70 30 54 25 22 85 87 65 30 64 28 47 55 38 27 43 85 76 93 83 25 55 80 85 48 71 15 44 81 27 51 98 3 79 27 31 83 5 83 67 23 90 45 73 42 3 100 43 55 70 93 72 74 27 75 52 38 87 37 87 36 30 98 21 13 100 62 20 16 24 24 12 18 68 90 72 1 11 49 11 18 21 44 77 3 64 78 75 76 95 83 36 95 78 74 55 95 76 22 16 61 46 54 16 77 77 36 18 57 43 65 4 50 98 41 99 18 30 52 1 94 56 41 31 8 79 45 57 18 59 49 76 12 16 55 34 73 6 46 24 27 33 29 38 3 65 85 56 94 33 34 85 16 53 99 74 47 84 53 ; 
L 5 4 -10 -5 2 -7 -1 -6 -9 10 6 2 -9 2 -1 -9 3 6 -10 9 -7 5 -4 6 8 4 -3 5 2 5 -5 -1 -6 -1 2 -7 -1 -9 3 7 3 8 -3 -2 2 -5 -7 -7 10 2 -7 -10 -9 -7 10 -6 9 7 3 8 8 6 -4 1 -9 -3 7 3 7 9 3 -4 7 5 -8 6 -6 -2 1 7 -6 13 3 9 -7 -10 12 5 -1 5 10 9 10 -3 -1 1 2 -4 2 -2 5 -8 6 3 -2 10 -8 3 4 8 -4 8 9 -2 -9 -3 -11 -6 4 -2 -1 1 -6 10 3 6 9 -2 -7 -9 5 3 14 -3 -7 6 7 -7 -9 3 7 2 -3 -2 -10 -8 -5 -7 4 5 1 -15 -8 5 -5 3 -8 8 10 2 -6 3 -2 8 7 -2 -2 -3 7 -9 -2 10 -7 -3 -7 -7 -9 2 8 -3 7 1 3 -1 9 8 10 -2 3 -9 -7 -10 1 -7 -5 5 6 10 -5 4 ; 
0:8 0:70 0:196 0:186 0:160 0:56 0:136 0:120 0:24 0:172 0:22 0:78 0:178 0:156 0:30 0:22 0:172 0:34 0:112 0:66 0:4 0:46 0:166 0:98 0:296 0:206 0:148 0:74 0:28 0:18 0:172 0:42 0:58 0:222 0:42 0:148 0:114 0:54 0:54 0:48 0:88 0:46 0:86 0:104 0:20 0:144 0:122 0:58 0:52 0:94 0:184 0:18 0:168 0:118 0:54 0:48 0:120 0:296 0:70 0:50 0:118 0:220 0:48 0:124 0:42 0:8 0:136 0:168 0:50 0:64 0:82 0:136 0:150 0:52 0:142 0:96 0:182 0:196 0:168 0:62 0:100 0:26 0:52 0:80 0:164 0:162 0:94 0:92 0:6 0:106 0:42 0:184 0:28 0:42 0:104 0:130 0:134 0:168 0:204 0:260 0:110 0:26 0:174 0:156 0:42 0:180 0:138 0:86 0:54 0:86 0:88 0:40 0:18 0:114 0:186 0:116 0:68 0:142 0:32 0:170 0:152 0:96 0:42 0:172 0:182 0:166 0:68 0:24 0:110 0:96 0:126 0:112 0:56 0:60 0:154 0:84 0:236 0:144 0:34 0:170 0:182 0:74 0:10 0:54 0:50 0:94 0:122 0:90 0:34 0:138 0:156 0:152 0:90 0:36 0:46 0:216 0:120 0:172 0:266 0:98 0:114 0:28 0:106 0:152 0:28 0:18 0:88 0:8 0:80 0:136 0:20 0:34 0:170 0:68 0:166 0:208 0:42 0:56 0:24 0:108 0:74 0:40 0:62 0:258 0:370 0:158 0:30 0:146 0:160 0:72 0:114 0:258 0:428 0:152 0:188 0:58 0:112 0:0 0:132 0:168 0:106 ; 
L -10 9 4 -2 5 -6 -8 -5 -1 1 2 5 -3 -6 -4 10 -9 -7 9 -9 -9 -1 -6 9 -1 -9 -6 -10 9 6 5 2 9 -2 2 5 4 1 4 -8 7 9 -7 5 -7 4 5 -7 -3 -8 -6 7 -9 -4 -5 3 1 -6 -9 10 -1 9 -10 -9 2 -8 -6 -7 -6 7 8 5 -4 1 -3 4 -5 -5 -10 -6 -4 -2 9 -6 -2 -2 -10 4 7 10 -3 8 -5 7 -7 -6 -10 -2 -5 -9 2 4 -1 -10 9 7 -4 9 -5 -6 -9 5 9 -2 3 5 5 -4 -3 -9 3 -3 -4 2 -10 -10 -6 9 4 -3 10 -8 4 -6 -2 5 5 6 2 -5 8 1 3 8 -9 8 -3 -9 10 9 -10 -7 -9 2 -5 10 -4 -4 10 -9 4 9 -7 -2 9 -6 -4 -2 -8 -3 -3 3 -10 -7 6 -5 -4 -8 2 -8 -9 6 -9 3 9 -10 -6 1 -2 -1 -4 -6 4 -4 -5 -4 6 -2 -6 -7 ; 
22 67 41 62 26 34 60 42 67 85 58 26 65 24 11 13 56 51 19 83 11 73 94 21 35 69 1 58 79 69 13 15 39 62 53 46 24 20 30 67 42 98 23 97 83 68 67 6 30 11 44 66 34 61 65 72 6 9 1 96 72 8 6 62 70 70 70 75 54 92 87 88 80 33 54 34 60 18 83 3 56 40 71 50 100 78 82 97 32 35 16 36 4 48 88 4 96 33 80 66 35 11 27 14 14 4 20 50 66 83 14 89 2 97 5 6 45 79 60 88 63 8 31 47 74 35 100 58 39 87 48 74 52 45 48 57 33 31 92 94 96 92 38 93 8 67 81 69 78 98 11 2 94 31 44 36 82 37 88 1 13 34 73 25 17 56 18 12 52 66 33 41 60 90 14 80 87 75 89 100 36 81 54 1 36 98 35 44 54 3 74 96 45 24 39 78 9 78 29 12 5 ; 
L 6 -2 9 5 2 4 4 9 9 -9 3 -2 9 -3 -6 -9 4 6 -3 -9 1 5 4 -4 7 -5 -6 -4 -10 -5 5 -6 -5 -7 -3 -6 8 -4 10 2 8 3 3 10 5 5 -9 7 9 2 -3 6 -5 7 9 -8 -9 -7 8 4 -8 -4 -6 -7 6 -9 1 -10 -1 -8 9 -4 8 -2 -10 -8 9 2 -4 6 15 9 -6 7 13 10 3 -2 2 9 7 10 9 6 12 5 -10 -7 -5 -7 5 6 9 -2 -5 2 -9 10 -6 3 8 -5 9 -2 -10 5 -8 -7 -6 -2 8 1 5 2 -11 -1 -4 -9 -3 -5 -4 2 7 -4 4 -4 -1 -10 -3 3 -9 -6 -9 -5 -2 -4 10 4 -1 4 -10 9 -4 -1 5 4 1 5 -6 -10 4 3 -6 3 -6 6 9 9 9 4 5 -9 -1 -14 7 -5 -8 7 6 4 -9 -10 -9 -5 -10 -10 2 -2 -3 10 4 2 -6 -1 -8 7 -9 -10 -6 -7 ; 
0:106 0:70 0:158 0:168 0:148 0:24 0:102 0:56 0:314 0:62 0:138 0:38 0:150 0:130 0:48 0:114 0:64 0:40 0:176 0:38 0:58 0:10 0:86 0:22 0:104 0:24 0:144 0:72 0:122 0:56 0:112 0:100 0:166 0:52 0:180 0:178 0:122 0:50 0:76 0:234 0:242 0:66 0:46 0:70 0:98 0:82 0:74 0:104 0:116 0:88 0:52 0:84 0:130 0:102 0:86 0:150 0:96 0:102 0:70 0:18 0:18 0:80 0:124 0:142 0:118 0:24 0:16 0:126 0:80 0:84 0:112 0:198 0:18 0:52 0:30 0:184 0:84 0:174 0:112 0:90 0:74 0:6 0:8 0:38 0:102 0:112 0:54 0:138 0:74 0:78 0:188 0:4 0:130 0:138 0:60 0:126 0:242 0:180 0:38 0:42 0:86 0:10 0:82 0:30 0:128 0:114 0:136 0:138 0:118 0:86 0:38 0:194 0:92 0:46 0:94 0:108 0:96 0:116 0:30 0:100 0:126 0:90 0:246 0:94 0:90 0:2 0:162 0:84 0:58 0:136 0:150 0:50 0:64 0:98 0:242 0:86 0:70 0:28 0:38 0:66 0:148 0:118 0:54 0:32 0:82 0:62 0:250 0:172 0:120 0:174 0:32 0:76 0:56 0:180 0:226 0:160 0:48 0:22 0:116 0:114 0:104 0:26 0:106 0:62 0:104 0:108 0:20 0:74 0:56 0:148 0:112 0:40 0:276 0:46 0:96 0:12 0:126 0:150 0:104 0:106 0:50 0:20 0:52 0:30 0:270 0:126 0:198 0:142 0:50 0:134 0:250 0:78 0:356 0:82 0:92 0:206 0:154 0:108 0:40 0:24 0:10 ; 
L -4 2 -4 -9 10 -3 -9 8 -8 9 3 7 10 -6 5 -7 4 -4 -1 8 7 4 -8 -10 3 -4 -2 -10 -8 7 4 2 -7 -10 4 9 -5 -7 -8 3 7 10 8 -4 -5 3 6 1 9 -6 2 -6 -2 -3 7 3 10 -10 5 9 4 1 -4 -2 -6 4 -4 6 -8 2 1 3 -4 -10 -10 -5 -9 -2 7 -4 -10 10 -5 4 -10 -1 -5 9 -4 -4 -1 -6 1 -6 7 -3 8 -9 -9 8 10 3 9 10 6 -10 -7 3 7 -1 -2 8 7 9 9 6 -3 3 9 -1 7 -7 -8 -8 7 8 10 7 8 -9 -7 -3 3 8 -7 -6 10 -8 -9 -7 -4 8 8 -10 -1 -7 9 10 9 5 -8 6 -2 -9 4 4 8 -4 6 5 -6 -3 7 -1 2 -10 -2 -6 6 -9 7 2 -8 5 5 4 -4 5 -8 -8 -10 2 2 -8 3 8 10 -9 -4 -1 -10 6 -6 6 -3 9 4 -10 -6 -10 ; 
7 49 52 50 11 35 98 52 93 72 93 71 50 32 2 1 40 44 99 78 32 87 58 54 33 29 84 57 87 4 44 17 58 89 26 53 35 31 71 31 93 37 30 82 85 100 82 53 85 38 72 89 68 1 78 46 98 8 59 55 23 54 69 73 54 60 33 78 16 36 67 44 68 47 3 83 59 53 77 83 34 42 73 53 56 19 64 29 94 38 70 34 88 66 54 6 36 55 65 27 75 52 16 57 50 61 96 48 14 97 39 22 35 55 62 12 74 93 86 37 8 66 19 43 64 89 59 49 27 54 80 53 11 80 10 23 93 87 35 73 18 5 10 32 38 3 64 2 35 18 51 73 67 90 42 10 34 95 51 25 19 2 89 71 25 67 6 57 5 18 48 50 45 91 57 90 80 9 100 13 10 72 86 69 89 29 46 57 14 20 21 52 29 64 96 13 96 71 93 8 38 ; 
L -4 8 -4 2 7 -2 -7 9 8 -10 -2 -4 10 8 -9 7 4 -8 -4 -5 -3 4 -8 -10 2 -6 10 -4 -10 9 -3 8 10 9 -3 3 -10 1 -8 -1 3 -2 7 -8 -8 10 7 10 -9 1 4 -4 -7 9 -2 8 -4 15 4 -8 -5 3 -1 3 6 1 6 1 -10 8 5 6 8 8 -10 -14 -7 -10 1 -4 -9 -8 -6 -4 4 7 8 7 -4 10 -7 8 -9 11 4 6 -3 -10 9 5 -10 3 -2 -1 -2 -6 -8 10 4 -5 3 1 -10 -4 -9 -3 -5 -7 -10 -7 3 -7 9 -10 8 -2 -10 10 -4 -6 5 -9 8 -2 -3 -8 -2 -9 5 -9 -6 5 9 13 7 7 -2 -6 -5 -6 -9 2 8 9 -4 -9 8 -10 -9 -7 3 9 7 1 10 -9 -3 4 6 -8 -7 7 -8 -5 -4 -2 -6 6 4 -3 -7 -12 1 -1 -4 6 -4 -8 -9 -4 -10 6 -3 2 -6 6 -10 -7 -6 -10 ; 
0:14 0:390 0:86 0:34 0:138 0:120 0:84 0:66 0:110 0:152 0:24 0:52 0:52 0:202 0:58 0:40 0:126 0:168 0:68 0:306 0:216 0:136 0:164 0:60 0:92 0:10 0:40 0:264 0:24 0:220 0:160 0:72 0:94 0:82 0:68 0:186 0:48 0:78 0:104 0:30 0:40 0:98 0:86 0:56 0:2 0:74 0:46 0:132 0:26 0:162 0:198 0:68 0:94 0:126 0:88 0:110 0:60 0:84 0:38 0:38 0:152 0:200 0:52 0:84 0:210 0:244 0:156 0:106 0:32 0:16 0:126 0:178 0:48 0:58 0:174 0:112 0:274 0:94 0:98 0:156 0:52 0:240 0:40 0:98 0:106 0:142 0:98 0:144 0:26 0:86 0:270 0:58 0:2 0:70 0:114 0:166 0:170 0:378 0:60 0:20 0:74 0:66 0:212 0:56 0:78 0:62 0:204 0:38 0:148 0:54 0:42 0:50 0:160 0:186 0:230 0:100 0:56 0:100 0:44 0:74 0:124 0:178 0:22 0:114 0:62 0:60 0:72 0:164 0:32 0:62 0:4 0:30 0:50 0:264 0:110 0:146 0:112 0:114 0:138 0:20 0:116 0:116 0:48 0:56 0:30 0:54 0:36 0:114 0:100 0:70 0:28 0:54 0:256 0:242 0:188 0:42 0:130 0:128 0:154 0:160 0:82 0:30 0:86 0:6 0:76 0:150 0:50 0:112 0:94 0:230 0:108 0:54 0:78 0:76 0:208 0:24 0:64 0:114 0:100 0:84 0:92 0:116 0:58 0:84 0:94 0:42 0:22 0:84 0:120 0:22 0:18 0:18 0:56 0:116 0:178 0:92 0:68 0:122 0:10 0:16 0:76 ; 
L -4 -6 9 5 -7 7 9 -9 -8 8 8 6 -10 3 -4 9 10 -8 9 -2 -4 7 3 -9 5 7 -8 10 7 6 10 -7 -3 -10 7 -4 -9 -1 -9 -5 -3 7 -9 -9 6 10 8 -3 10 -1 -10 4 -5 -8 -5 7 -3 -9 -9 5 9 4 9 -4 -2 -6 5 8 -3 1 -3 -3 -9 -4 2 -6 -1 9 -6 1 -10 10 -9 8 -2 3 3 8 5 7 -4 -6 10 -10 9 -3 -7 10 -7 -6 5 -1 5 -2 4 -5 7 4 -10 9 -1 -3 -1 -2 -3 4 8 2 3 10 -1 -4 7 1 -9 -9 7 -8 -4 4 -2 4 -10 10 -10 -1 4 7 -1 -5 6 -9 6 6 -10 -7 8 6 -6 10 5 2 -2 -1 -4 3 1 10 7 2 -2 -6 1 -1 -1 7 1 -2 -6 4 5 2 5 1 3 -8 -3 9 3 4 -10 2 -3 2 -9 -9 -9 6 -8 6 -10 -5 6 -1 7 6 -4 2 -2 8 ; 
26 82 39 9 17 4 28 5 11 40 77 42 98 58 53 53 56 75 89 49 52 74 52 45 45 97 63 71 25 81 75 20 91 12 95 60 43 80 13 99 84 15 23 14 44 73 61 73 15 40 21 93 91 95 82 99 54 26 19 75 16 1 5 18 62 26 36 79 64 92 72 18 99 38 87 17 27 81 73 10 53 34 26 19 1 11 89 84 56 32 10 72 13 84 18 64 55 83 10 77 32 29 68 2 95 37 67 10 15 2 100 23 51 32 56 27 85 12 100 100 84 81 2 85 83 64 17 13 85 27 59 47 10 33 45 48 75 98 61 41 19 37 46 74 32 74 52 18 73 83 92 20 64 59 58 59 64 8 84 23 83 43 22 70 17 51 60 50 60 5 35 16 12 99 20 22 59 81 13 26 37 56 40 2 59 29 36 44 7 7 4 17 9 39 72 48 95 13 85 18 83 ; 
L -6 -5 3 4 3 5 -4 10 7 -10 -8 -3 2 8 -4 3 6 -1 -3 10 -6 -10 5 -3 12 2 10 2 -6 -9 -4 -1 7 9 2 3 -4 9 9 -6 1 10 1 2 7 -1 -4 3 -8 7 -13 -10 4 -10 -7 3 9 9 9 3 -5 4 -9 -4 2 -6 -1 -8 -3 4 -8 2 7 -7 4 -6 2 -8 4 -6 -10 1 2 4 -7 10 -4 -9 9 2 -6 -9 9 -7 6 8 -5 -1 6 -3 4 -9 -9 -11 10 -10 1 -5 10 10 -8 9 5 9 -2 -14 4 1 -2 -8 7 1 -3 9 -9 7 -4 -10 7 10 -1 8 5 5 8 1 -8 -9 5 9 -1 -2 7 -6 -2 1 7 -4 -15 1 -5 -3 -6 -3 3 -9 1 -3 -10 -2 10 9 -1 -3 10 6 8 -6 -6 -6 7 2 -7 -9 10 1 5 -5 -9 1 6 3 -5 7 -4 9 -10 -10 -10 -2 -7 8 9 8 -6 5 -6 4 -2 8 ; 
0:192 0:146 0:40 0:122 0:138 0:168 0:202 0:26 0:8 0:80 0:32 0:168 0:40 0:210 0:26 0:104 0:54 0:38 0:30 0:44 0:48 0:92 0:34 0:52 0:12 0:34 0:56 0:182 0:260 0:142 0:18 0:92 0:68 0:124 0:38 0:200 0:50 0:106 0:126 0:146 0:20 0:14 0:158 0:64 0:136 0:200 0:112 0:30 0:62 0:146 0:202 0:64 0:186 0:192 0:46 0:46 0:122 0:86 0:56 0:78 0:184 0:32 0:102 0:20 0:174 0:34 0:64 0:144 0:56 0:126 0:104 0:62 0:114 0:70 0:170 0:92 0:16 0:108 0:120 0:20 0:80 0:208 0:118 0:150 0:30 0:188 0:74 0:80 0:78 0:146 0:60 0:54 0:154 0:152 0:16 0:210 0:70 0:80 0:78 0:214 0:284 0:50 0:62 0:26 0:184 0:134 0:204 0:162 0:44 0:118 0:176 0:32 0:18 0:68 0:212 0:154 0:106 0:60 0:100 0:318 0:128 0:56 0:78 0:128 0:116 0:34 0:26 0:188 0:90 0:90 0:92 0:174 0:62 0:130 0:164 0:52 0:108 0:168 0:40 0:86 0:96 0:98 0:120 0:272 0:222 0:54 0:58 0:22 0:88 0:36 0:44 0:158 0:150 0:52 0:22 0:96 0:64 0:142 0:58 0:182 0:74 0:18 0:200 0:46 0:32 0:24 0:64 0:84 0:162 0:98 0:172 0:26 0:100 0:84 0:26 0:106 0:258 0:28 0:114 0:30 0:32 0:20 0:36 0:12 0:76 0:112 0:34 0:154 0:28 0:52 0:104 0:104 0:80 0:62 0:260 0:64 0:24 0:18 0:32 0:36 0:166 ; 
L -2 5 -10 -10 2 7 9 -2 -7 1 3 2 -9 -7 -10 5 -3 -8 -8 1 7 -6 8 -3 -7 -5 3 -10 9 4 -6 6 -5 1 -1 1 1 5 8 -4 10 9 10 3 -8 3 3 10 -8 9 -4 3 1 8 3 10 6 1 9 10 6 -6 -7 7 -10 5 6 8 2 -5 1 -10 -7 4 -8 8 -5 5 4 -5 -7 -6 8 -1 2 5 7 5 6 -6 4 4 7 -7 -2 -9 9 -8 4 5 10 5 7 -2 -5 -5 -3 -6 10 -1 -10 -8 9 10 9 10 -9 -7 5 10 -5 3 -7 5 -7 8 8 -2 6 6 -3 5 9 1 -5 8 -9 9 -7 3 6 -6 -8 5 -10 -5 9 3 -7 -2 -9 -2 7 4 -1 3 3 -6 -4 -8 6 -9 2 -5 9 1 9 -2 -2 -8 -4 2 8 1 -2 4 -6 4 3 -6 -4 5 -7 -9 -7 -3 -5 -4 -7 5 3 -9 2 9 -3 2 3 -1 5 -4 ; 
19 91 22 39 17 92 28 18 94 52 52 60 15 71 88 59 85 64 8 57 8 90 2 100 56 73 44 25 3 68 20 47 53 16 21 74 75 18 2 8 18 37 78 72 93 68 12 57 72 95 74 47 93 8 12 12 40 32 90 17 79 72 81 45 12 16 23 99 29 61 81 6 26 55 72 27 98 11 67 37 27 24 17 59 92 24 86 30 61 26 65 62 95 45 53 37 28 47 17 71 38 86 33 83 41 53 29 75 24 8 78 31 89 25 100 50 35 78 66 53 25 10 12 58 6 82 30 23 46 48 17 58 17 27 80 87 85 50 82 92 21 30 40 27 80 28 8 78 88 4 36 26 81 14 93 18 55 29 2 65 36 16 87 14 29 16 67 46 93 44 14 35 95 58 27 26 56 95 19 12 58 19 14 31 41 11 59 98 92 26 57 65 85 26 67 75 45 28 59 22 69 ; 
L 7 -5 -7 -5 -9 -1 2 -3 1 6 4 -1 -4 2 -10 -3 10 -10 -7 -7 10 3 -9 -5 -5 5 1 -7 -6 -4 8 -3 -8 1 1 -8 6 3 -4 6 -15 10 4 1 -9 4 7 -5 10 9 9 8 6 5 3 -9 8 -6 2 3 -3 10 9 -6 -3 9 7 5 9 4 -3 8 -9 8 -14 -2 -9 -7 -8 8 3 7 9 -3 -4 4 10 5 2 8 -1 6 7 -2 -9 -1 5 10 -2 -5 -5 -3 5 9 -10 -3 -10 1 -9 -7 8 7 5 -2 4 -6 3 -6 -6 2 5 5 -6 -8 -6 12 -5 9 2 13 -7 4 8 2 5 -5 10 -2 5 -7 5 7 2 8 5 7 -1 -7 3 10 1 1 -5 -8 -3 -10 9 7 4 1 -8 -10 4 8 7 9 -3 6 2 -7 -2 10 -3 -7 5 9 4 -11 -8 5 3 -10 10 -6 -5 -8 9 9 7 2 6 4 -6 -1 -2 1 6 -6 5 -4 ; 
0:54 0:54 0:74 0:80 0:56 0:180 0:62 0:70 0:158 0:160 0:118 0:70 0:26 0:82 0:148 0:18 0:76 0:28 0:104 0:104 0:2 0:66 0:134 0:108 0:336 0:60 0:18 0:56 0:116 0:60 0:68 0:150 0:204 0:86 0:32 0:28 0:4 0:126 0:42 0:226 0:84 0:64 0:28 0:68 0:108 0:74 0:30 0:170 0:164 0:50 0:44 0:226 0:100 0:130 0:86 0:30 0:190 0:46 0:142 0:34 0:90 0:18 0:200 0:50 0:28 0:10 0:114 0:34 0:40 0:20 0:14 0:90 0:92 0:178 0:144 0:100 0:20 0:142 0:164 0:38 0:70 0:176 0:148 0:60 0:174 0:148 0:12 0:162 0:52 0:80 0:30 0:18 0:66 0:64 0:146 0:156 0:28 0:106 0:80 0:98 0:180 0:80 0:124 0:252 0:50 0:218 0:126 0:156 0:12 0:106 0:28 0:14 0:56 0:66 0:52 0:82 0:38 0:24 0:188 0:92 0:40 0:146 0:100 0:146 0:74 0:150 0:184 0:16 0:156 0:242 0:172 0:206 0:346 0:58 0:72 0:42 0:54 0:20 0:52 0:88 0:70 0:58 0:84 0:190 0:190 0:104 0:148 0:214 0:34 0:18 0:28 0:60 0:30 0:124 0:146 0:206 0:164 0:64 0:162 0:80 0:234 0:92 0:50 0:220 0:220 0:30 0:28 0:82 0:64 0:46 0:184 0:34 0:96 0:34 0:10 0:124 0:28 0:140 0:30 0:214 0:212 0:92 0:40 0:64 0:46 0:28 0:190 0:92 0:140 0:18 0:112 0:60 0:92 0:22 0:44 0:70 0:80 0:90 0:40 0:44 0:138 ; 
L -6 2 -4 -7 -7 -6 2 -1 -5 2 5 -9 -10 -7 9 4 -7 -6 -7 4 -6 -6 -7 8 8 -6 10 1 -6 -10 -3 -9 10 4 -8 -3 5 10 -7 7 5 4 -6 -10 9 -10 9 1 6 -4 -9 -8 -1 -2 -1 -9 -4 -10 9 -8 10 -6 1 -3 1 6 -10 8 7 2 -7 9 8 -9 -10 1 -1 -8 -2 -3 -8 7 5 -9 -7 8 5 8 3 8 -1 -5 5 -4 8 -6 -6 -8 8 -4 3 -3 -5 -3 -1 -3 -8 -9 -7 -1 4 -9 4 -5 8 7 1 1 -4 -1 -4 2 9 -9 -1 -6 7 3 9 9 -8 -6 -1 7 2 -8 10 -1 -1 -2 6 7 -7 -6 7 4 10 -7 1 8 -10 8 10 1 9 3 -6 -2 9 -5 -10 7 -5 5 4 1 -10 -2 -2 -1 9 -7 8 -6 2 -2 -9 6 3 -10 -8 8 -6 -5 -2 -3 5 -3 2 3 -9 6 -3 -1 2 6 -4 7 -1 -9 ; 
99 85 87 29 32 9 65 54 36 95 97 33 50 22 75 32 67 98 67 26 15 82 36 58 80 43 69 92 31 17 13 17 38 15 12 90 70 80 43 94 43 96 74 42 66 27 90 26 95 69 95 45 91 44 22 41 20 93 77 9 35 92 63 86 1 84 69 8 45 84 42 24 88 14 73 15 88 95 17 43 58 9 45 15 1 53 1 96 86 92 70 78 55 89 98 50 85 30 76 3 51 37 12 68 7 13 92 16 3 63 58 50 11 4 15 98 78 50 17 29 69 71 57 89 56 62 7 16 38 16 7 72 83 15 81 33 4 32 48 1 80 38 59 46 43 2 78 84 66 93 20 5 38 12 23 32 77 84 2 60 73 62 75 71 72 55 16 41 58 32 13 73 95 38 100 12 95 70 11 3 88 56 58 47 51 31 8 52 35 88 99 92 85 67 49 62 10 17 31 2 94 ; 
L -7 -7 -8 -8 8 6 -5 2 -2 -6 1 9 -9 6 3 -9 1 8 -10 8 1 1 4 10 9 9 6 -11 -7 -6 -7 5 -3 8 -6 -5 1 -6 -10 -6 7 4 -1 -5 -1 -3 10 -9 -6 4 -6 -7 10 1 -8 2 -1 -4 -7 -3 4 -7 -15 10 8 -8 7 -1 5 -2 5 -9 -9 -3 9 1 6 7 -10 -3 -2 -8 -3 5 8 -7 -4 -1 -8 -8 10 -6 7 2 -3 -5 -6 8 10 -2 3 10 10 -1 -7 9 -10 10 4 -8 -7 9 -6 6 -3 -3 8 -6 -1 1 6 9 2 8 -5 -7 8 9 8 -4 7 10 9 9 -5 -4 6 -5 2 6 8 9 -2 -1 13 3 12 -2 -6 -6 -1 3 6 7 1 -7 -2 -1 -9 -9 6 3 -10 2 7 -4 9 5 -8 4 10 -1 -7 -8 5 7 -4 -9 -3 3 14 2 8 4 1 -2 1 8 -5 -10 1 -4 9 -9 -4 2 7 -7 -1 -9 ; 
0:110 0:84 0:36 0:220 0:152 0:84 0:90 0:190 0:92 0:34 0:6 0:128 0:192 0:80 0:180 0:42 0:196 0:100 0:124 0:40 0:190 0:44 0:72 0:168 0:108 0:32 0:104 0:58 0:64 0:6 0:184 0:96 0:144 0:14 0:132 0:52 0:50 0:186 0:84 0:276 0:84 0:4 0:122 0:70 0:66 0:118 0:84 0:66 0:186 0:86 0:68 0:42 0:84 0:26 0:68 0:176 0:24 0:110 0:306 0:52 0:166 0:72 0:180 0:20 0:158 0:168 0:38 0:96 0:100 0:20 0:98 0:60 0:150 0:44 0:364 0:60 0:172 0:52 0:66 0:64 0:32 0:206 0:180 0:140 0:154 0:48 0:24 0:150 0:66 0:34 0:20 0:22 0:76 0:78 0:218 0:258 0:12 0:92 0:102 0:78 0:104 0:58 0:102 0:276 0:12 0:8 0:48 0:68 0:114 0:42 0:70 0:28 0:238 0:150 0:38 0:122 0:206 0:196 0:130 0:22 0:84 0:86 0:78 0:204 0:12 0:130 0:112 0:170 0:132 0:30 0:52 0:152 0:56 0:56 0:180 0:0 0:46 0:160 0:126 0:168 0:134 0:102 0:58 0:64 0:44 0:48 0:98 0:78 0:60 0:170 0:26 0:144 0:82 0:152 0:22 0:206 0:82 0:148 0:102 0:128 0:98 0:26 0:198 0:56 0:40 0:18 0:28 0:106 0:22 0:248 0:174 0:34 0:132 0:36 0:110 0:16 0:16 0:66 0:92 0:134 0:26 0:100 0:144 0:46 0:190 0:108 0:166 0:82 0:122 0:218 0:68 0:86 0:144 0:84 0:170 0:92 0:76 0:58 0:66 0:4 0:188 ; 
L -7 10 -10 -8 -7 -4 10 -5 9 4 9 8 1 6 -4 2 10 -4 1 8 -5 -3 4 -1 -6 -5 6 4 -1 3 -6 8 8 3 1 10 9 7 10 9 -4 8 -7 3 -2 2 -6 8 -10 4 -8 3 6 -8 -3 -10 -8 9 -10 5 1 7 -4 -2 -1 8 -7 4 -1 -8 -3 7 6 -10 -9 -4 -2 -10 9 -9 1 -2 -4 5 -7 -3 7 -9 -9 -8 3 8 3 5 1 3 -3 -8 -6 -8 -6 1 -10 -3 3 -1 -1 9 9 -10 -1 -6 2 -7 8 6 8 -7 -10 -3 -8 -6 -9 -7 -8 9 -9 -6 -7 -8 9 -7 -5 10 8 2 1 7 -2 3 5 -7 1 6 -6 8 4 5 7 -10 -4 -1 -4 -6 -3 7 5 -4 6 -7 -9 -5 -8 -8 -1 3 1 -2 9 -10 8 1 10 -6 3 -10 7 5 10 5 -9 -5 -10 -2 -6 8 -3 -2 2 7 5 -3 3 -10 7 4 6 7 -2 6 ; 
59 15 22 36 25 45 5 77 34 30 93 36 26 84 35 56 85 19 14 17 28 84 14 96 43 61 87 25 20 57 43 31 14 4 47 68 98 27 27 19 60 83 58 50 14 45 50 43 30 28 87 81 3 20 79 29 4 32 22 53 20 87 1 24 58 83 87 79 50 80 18 51 56 65 30 64 39 67 7 30 67 85 8 75 78 28 10 50 39 87 54 48 12 80 20 99 70 90 3 41 19 69 66 82 53 57 48 59 6 9 77 79 1 64 81 66 14 14 41 23 31 82 60 28 44 33 13 45 64 55 38 52 97 43 37 16 39 45 85 69 36 53 56 5 59 69 57 32 38 51 46 15 97 28 43 42 31 39 28 55 15 35 43 40 51 82 94 17 32 50 40 57 46 93 82 99 54 32 63 11 24 9 57 31 75 73 32 95 83 50 22 99 27 94 100 73 3 41 94 49 40 ; 
L 5 -1 3 8 7 6 -5 7 -7 3 -8 -7 1 -6 9 -10 -3 -3 -3 5 -1 -1 -6 -8 -6 -8 4 -4 -10 -5 -9 4 -10 -2 -4 10 -10 7 4 -3 -8 -7 -8 7 -9 1 -8 8 3 -10 12 6 3 6 -7 5 -4 6 2 2 -3 9 -5 1 -9 2 -9 -2 -3 2 -6 3 5 6 -6 1 7 -1 10 1 3 -8 -7 -7 -6 -6 -1 -10 5 -2 -8 1 6 -3 -9 5 4 9 -1 -6 -3 7 -3 6 10 -9 8 -9 8 10 -8 7 4 10 -1 8 9 -10 3 -6 -3 -7 -5 -8 10 -6 8 -1 4 -6 10 14 13 4 -8 5 3 -8 -3 5 2 5 9 4 -8 -1 8 6 -10 -10 -2 -8 7 -8 6 -10 -7 -15 -4 8 9 4 -7 1 -4 8 -7 -9 -8 2 2 -7 5 10 -1 -7 -4 4 7 10 1 -3 2 -10 7 3 -9 -11 -10 -7 -3 1 5 8 9 -10 8 -9 -2 6 ; 
0:186 0:132 0:164 0:112 0:120 0:26 0:32 0:130 0:188 0:146 0:64 0:62 0:96 0:136 0:138 0:138 0:164 0:50 0:116 0:68 0:56 0:96 0:70 0:8 0:4 0:98 0:166 0:10 0:60 0:68 0:90 0:144 0:68 0:170 0:74 0:50 0:44 0:30 0:58 0:50 0:210 0:50 0:254 0:66 0:200 0:50 0:112 0:8 0:150 0:64 0:94 0:254 0:48 0:60 0:56 0:14 0:158 0:90 0:74 0:74 0:40 0:206 0:34 0:82 0:112 0:50 0:204 0:296 0:102 0:66 0:102 0:72 0:160 0:64 0:40 0:110 0:120 0:156 0:90 0:14 0:72 0:80 0:74 0:32 0:86 0:30 0:70 0:214 0:94 0:36 0:32 0:72 0:48 0:272 0:280 0:68 0:112 0:120 0:40 0:104 0:6 0:168 0:132 0:62 0:42 0:68 0:60 0:12 0:50 0:104 0:118 0:68 0:162 0:168 0:152 0:38 0:92 0:18 0:76 0:182 0:58 0:114 0:54 0:110 0:88 0:96 0:86 0:66 0:208 0:148 0:116 0:16 0:158 0:46 0:10 0:44 0:164 0:116 0:198 0:28 0:22 0:108 0:54 0:60 0:118 0:86 0:30 0:30 0:28 0:100 0:206 0:26 0:26 0:204 0:158 0:130 0:26 0:72 0:88 0:48 0:36 0:110 0:48 0:158 0:98 0:36 0:182 0:88 0:66 0:46 0:56 0:170 0:242 0:122 0:186 0:76 0:112 0:28 0:114 0:148 0:228 0:102 0:120 0:80 0:98 0:68 0:206 0:74 0:8 0:90 0:40 0:280 0:130 0:70 0:90 0:44 0:30 0:218 0:58 0:98 0:80 ; 
L -6 -1 -6 -4 -2 7 1 -8 5 1 1 7 3 7 -10 -10 10 -7 3 8 -9 -10 -7 5 8 4 -1 -4 8 2 -8 -9 4 8 4 -7 7 -8 10 -2 10 9 1 10 -4 7 -5 6 -9 8 7 -4 3 -7 -5 1 3 -2 8 -4 -9 -2 5 -8 -8 -8 -3 7 -3 6 -3 -2 1 -7 -3 7 9 -5 -4 -8 -4 -5 6 4 6 -5 8 -1 10 -5 9 1 1 4 2 7 5 3 6 2 10 4 -8 6 -7 10 8 2 2 4 -7 -3 5 -4 -8 -10 10 -6 7 4 -5 -2 -3 6 5 -1 8 8 -6 1 -9 -7 9 7 -8 10 3 4 8 9 1 9 1 -8 7 8 9 5 -10 3 8 -7 5 -10 6 10 10 -6 8 1 -9 7 6 -3 -9 -6 6 -9 -3 -5 -1 4 8 7 -4 -4 2 8 -1 -10 7 10 10 -4 -7 10 9 5 4 -4 8 -1 -6 1 2 -3 -1 4 7 4 ; 
100 12 93 62 55 62 69 26 41 44 1 35 27 36 40 65 88 18 84 68 42 36 39 17 63 31 9 88 72 16 91 96 65 35 3 40 30 87 26 5 4 67 100 98 48 85 45 31 12 81 59 23 18 37 71 65 13 93 75 77 38 41 20 18 84 56 95 71 76 94 35 74 58 77 86 6 70 33 68 90 67 53 29 87 98 96 62 7 76 64 88 86 83 82 98 63 2 99 20 22 16 48 73 26 39 44 83 38 19 9 78 52 74 28 40 74 59 39 25 59 35 25 11 7 100 19 42 47 86 36 34 38 14 55 69 51 57 24 87 57 22 50 41 49 53 5 98 85 54 10 84 1 78 37 66 34 24 73 11 12 11 75 80 4 37 1 94 89 7 62 2 64 83 80 17 79 15 56 9 81 54 41 100 61 93 81 55 59 86 36 4 13 72 67 85 39 25 32 66 78 1 ; 
L -5 3 8 -5 8 9 -10 -1 10 8 -6 5 -3 8 -7 7 9 3 -5 -4 -1 -1 9 -3 -10 4 1 5 -4 -4 6 -7 -10 2 -4 -7 8 -4 -8 -6 4 -7 -8 7 8 -2 -2 -5 -10 4 10 2 8 1 -7 -8 9 -8 6 -9 6 4 -11 -1 -9 -10 7 15 2 1 8 -9 4 -6 -3 4 -7 -14 2 4 1 -9 7 10 5 -8 1 6 -8 -7 4 3 4 -8 -1 7 10 -8 10 10 9 -5 3 7 1 -7 -2 -9 -1 1 -6 3 10 2 -4 8 -7 -5 1 -2 -10 -10 -6 -7 6 1 4 -8 9 -8 -9 -2 -8 7 -5 -10 7 3 4 6 -7 10 7 -7 9 -6 -12 1 -8 4 -5 -6 3 -10 -13 5 -10 -4 -2 -5 -5 -3 10 -3 4 8 -3 -8 -9 8 9 5 7 -2 8 -7 10 -7 5 6 3 -1 8 -1 -7 -8 -6 -3 4 -10 -4 1 -8 3 -1 4 5 -6 4 7 ; 
0:98 0:118 0:236 0:14 0:70 0:34 0:94 0:82 0:120 0:126 0:86 0:112 0:62 0:12 0:12 0:106 0:140 0:134 0:12 0:84 0:144 0:190 0:150 0:162 0:36 0:230 0:16 0:12 0:198 0:152 0:140 0:34 0:62 0:64 0:106 0:36 0:114 0:120 0:96 0:106 0:114 0:46 0:118 0:90 0:120 0:74 0:280 0:70 0:78 0:122 0:110 0:148 0:76 0:88 0:44 0:150 0:38 0:148 0:32 0:24 0:62 0:40 0:124 0:34 0:172 0:48 0:36 0:24 0:124 0:58 0:82 0:108 0:132 0:122 0:172 0:120 0:82 0:136 0:162 0:112 0:168 0:68 0:84 0:8 0:40 0:76 0:180 0:24 0:100 0:152 0:168 0:96 0:218 0:160 0:80 0:68 0:68 0:156 0:44 0:100 0:24 0:86 0:28 0:142 0:126 0:156 0:42 0:24 0:100 0:62 0:194 0:168 0:116 0:158 0:202 0:44 0:56 0:112 0:66 0:36 0:82 0:148 0:224 0:102 0:50 0:136 0:64 0:146 0:44 0:80 0:120 0:56 0:258 0:64 0:112 0:82 0:352 0:130 0:116 0:118 0:142 0:282 0:126 0:216 0:150 0:24 0:64 0:136 0:66 0:76 0:20 0:50 0:62 0:88 0:262 0:156 0:36 0:122 0:110 0:36 0:74 0:52 0:138 0:154 0:108 0:94 0:228 0:132 0:192 0:66 0:196 0:170 0:76 0:52 0:10 0:122 0:132 0:22 0:156 0:70 0:16 0:84 0:48 0:52 0:138 0:36 0:96 0:122 0:102 0:66 0:64 0:14 0:98 0:86 0:194 0:128 0:92 0:62 0:154 0:132 0:54 ; 
L 2 -6 7 4 7 3 8 -8 -4 -2 1 -7 8 -10 -5 1 2 2 10 6 1 10 3 1 4 -8 -10 6 5 -9 -1 -10 -6 6 1 10 -10 -8 -9 -1 8 -5 4 -7 1 1 -6 -9 -5 -9 6 -1 -8 -3 -8 -10 9 -8 -8 -7 1 7 7 -7 7 -10 -8 -8 1 7 1 2 -6 4 -10 -9 -1 -6 -5 -9 9 5 5 -2 7 6 6 1 3 10 -4 5 -10 8 7 6 3 1 -2 4 1 4 7 -8 6 2 4 7 9 9 8 6 8 -5 -5 2 -4 10 -8 -7 9 -2 -10 -6 -7 6 5 3 8 8 5 6 1 -4 -5 9 -3 -5 10 -7 8 5 8 10 1 -1 2 -5 -6 8 10 -6 6 -9 -3 7 -5 8 -9 -9 -8 -6 4 1 -2 -8 -2 -3 10 -3 -7 5 3 9 8 -4 -9 7 4 4 5 3 -5 8 -2 1 6 -2 -7 10 -6 2 1 8 -7 7 -1 -8 7 -9 ; 
9 23 64 24 70 89 15 47 87 89 92 72 52 41 66 86 79 91 19 79 45 36 6 69 70 94 99 1 7 45 49 32 45 52 57 24 23 53 64 81 79 65 94 62 67 62 1 60 64 13 32 96 84 24 13 37 53 12 92 85 44 69 100 57 16 86 25 50 14 86 91 19 72 93 75 88 34 53 53 1 24 44 86 59 70 85 67 70 91 73 56 21 34 6 66 88 1 42 44 61 71 2 64 90 10 76 4 11 87 100 21 19 48 33 74 51 95 24 93 45 34 95 4 87 78 72 88 52 68 17 59 83 10 83 7 13 93 31 69 38 70 82 96 29 1 76 42 74 20 61 64 23 8 72 97 36 16 79 85 48 61 11 43 82 49 54 59 43 56 75 15 96 45 76 17 98 42 32 43 79 1 90 97 37 60 83 50 71 89 39 22 37 72 81 35 94 11 71 49 84 24 ; 
L 2 -8 -5 -8 4 9 -5 -6 10 4 -8 2 1 3 -5 13 5 7 -10 8 -4 7 -1 10 1 8 5 -1 4 -2 -9 2 7 9 -7 8 6 -8 -1 -9 -10 -9 7 -8 -3 -1 8 7 7 1 7 6 7 8 6 -1 6 4 8 -14 -2 -6 7 7 3 8 15 6 5 -3 -8 1 8 -5 -7 5 3 -7 10 -10 6 -8 -1 10 2 -9 -4 -4 -6 10 -9 8 -6 9 -7 -10 10 -9 1 -9 6 8 9 -7 -3 -1 -9 10 10 2 7 -4 8 2 3 7 -9 -8 -10 -7 6 6 7 -8 -2 8 4 -4 -3 -7 2 -7 -2 -8 -9 5 -5 -6 -2 -9 -3 8 -5 -8 -10 4 5 -12 -1 8 1 1 -2 7 -1 10 4 -8 -10 8 6 -2 1 1 5 1 6 1 7 -4 -11 6 -6 6 -5 2 1 -5 -3 -6 5 3 -9 -1 -6 -6 5 -5 6 -2 1 -3 5 -10 -8 -10 -10 1 7 -9 ; 
0:18 0:56 0:72 0:10 0:20 0:154 0:46 0:84 0:14 0:86 0:120 0:142 0:118 0:32 0:58 0:80 0:204 0:182 0:104 0:82 0:166 0:52 0:174 0:56 0:192 0:62 0:88 0:82 0:152 0:190 0:8 0:78 0:202 0:96 0:84 0:88 0:44 0:20 0:110 0:66 0:120 0:108 0:32 0:158 0:72 0:112 0:196 0:66 0:100 0:182 0:86 0:20 0:66 0:90 0:180 0:150 0:166 0:86 0:174 0:36 0:30 0:98 0:128 0:150 0:178 0:30 0:10 0:272 0:82 0:134 0:140 0:74 0:72 0:56 0:134 0:98 0:68 0:50 0:162 0:46 0:192 0:234 0:190 0:136 0:112 0:180 0:44 0:42 0:136 0:38 0:74 0:98 0:2 0:50 0:116 0:68 0:62 0:166 0:358 0:122 0:166 0:38 0:112 0:88 0:68 0:202 0:22 0:80 0:108 0:78 0:210 0:54 0:106 0:18 0:114 0:152 0:70 0:134 0:74 0:56 0:80 0:46 0:58 0:246 0:52 0:56 0:164 0:174 0:58 0:336 0:24 0:110 0:146 0:10 0:52 0:148 0:122 0:44 0:70 0:42 0:194 0:156 0:94 0:158 0:186 0:64 0:80 0:94 0:122 0:128 0:278 0:94 0:136 0:188 0:144 0:176 0:190 0:188 0:198 0:16 0:56 0:110 0:96 0:82 0:120 0:114 0:42 0:128 0:46 0:132 0:254 0:228 0:2 0:154 0:44 0:56 0:330 0:148 0:126 0:134 0:114 0:62 0:186 0:96 0:20 0:130 0:34 0:112 0:152 0:282 0:116 0:160 0:120 0:58 0:136 0:6 0:134 0:136 0:56 0:168 0:48 ; 
L -8 5 6 -7 9 6 2 -9 3 -4 -1 8 8 10 -2 3 6 -4 -6 -1 -5 -1 -5 -3 4 -8 3 -8 -2 5 9 10 7 -8 -7 -8 -7 -5 7 -5 -10 6 -7 5 8 10 -7 -4 10 -3 -2 1 -4 -1 6 -9 -6 9 8 -1 -9 -5 6 -8 -6 -9 -4 -6 -3 -10 5 -1 10 9 8 -2 -7 3 6 3 10 -3 6 2 8 -10 -2 -8 -9 5 -10 1 8 9 -2 -9 -4 10 -4 -3 -1 -3 3 7 2 -7 -7 2 4 7 -5 1 1 -1 9 -6 9 2 5 4 -8 -3 4 2 2 2 2 7 2 2 3 4 10 3 -1 5 8 -5 7 5 -8 -7 4 7 -4 -7 9 6 -6 -9 2 2 6 -9 -4 5 -7 7 1 2 -8 -6 -7 1 5 -3 -1 -6 3 -8 10 1 4 5 -5 8 -9 -8 4 5 -9 5 4 9 -8 4 5 -2 -3 8 -5 -3 -1 -4 7 -2 3 9 8 -3 ; 
80 34 29 3 35 69 55 84 69 40 69 84 47 88 23 75 87 84 26 87 10 69 12 78 22 15 48 38 14 91 27 14 76 91 7 46 73 62 86 92 36 9 52 78 98 38 40 32 79 14 96 47 36 4 69 21 94 55 4 8 18 70 58 42 50 70 94 72 58 86 57 60 21 60 95 71 48 88 93 84 64 42 89 34 3 22 61 86 26 19 92 27 89 42 50 73 96 28 24 29 1 11 40 33 37 9 32 99 65 69 13 57 99 10 19 68 28 41 8 55 73 52 89 42 27 72 24 47 72 7 79 81 3 5 88 22 34 45 44 98 100 12 15 75 67 17 22 68 23 48 78 65 32 78 32 30 14 49 1 61 76 88 86 28 5 83 71 31 74 60 7 98 85 100 73 63 79 10 73 90 64 49 4 18 46 37 71 54 25 90 94 36 74 7 34 80 22 70 43 91 37 ; 
L -5 8 7 -6 9 -1 -2 -9 -4 -6 -10 -8 1 5 2 7 -8 11 5 8 -2 -14 8 -4 -7 10 1 -7 5 3 -1 4 -4 9 10 8 -8 -2 8 3 -10 3 -7 2 7 -2 6 -6 7 7 9 3 6 -4 -4 6 -9 7 4 9 -2 9 8 10 7 -2 -7 2 -1 -5 7 1 6 -9 -4 8 6 -2 1 7 12 -2 9 -2 -4 3 -8 -6 -3 -1 1 6 -5 6 -9 5 -5 1 10 -4 -8 -9 -2 5 3 2 -10 5 -9 5 -4 3 8 7 3 -5 9 3 6 -4 -10 8 9 1 -5 4 8 -5 -5 2 4 10 7 4 2 -10 -5 -2 -5 -8 -3 2 7 -5 3 -9 -15 -8 -6 -8 1 -3 -7 1 7 -4 9 5 -1 -3 8 2 13 4 -10 -9 5 10 3 4 -7 -5 3 -10 8 -1 6 2 7 -8 -1 -8 -9 -5 -3 6 -8 3 7 -9 -3 3 6 -2 4 -1 -5 1 8 -3 ; 
0:136 0:38 0:92 0:48 0:56 0:52 0:48 0:146 0:192 0:130 0:100 0:114 0:138 0:280 0:88 0:98 0:182 0:42 0:130 0:68 0:54 0:98 0:164 0:272 0:80 0:140 0:70 0:140 0:134 0:136 0:72 0:18 0:146 0:28 0:54 0:90 0:172 0:138 0:68 0:172 0:84 0:84 0:106 0:78 0:110 0:66 0:114 0:134 0:106 0:42 0:154 0:22 0:222 0:152 0:230 0:46 0:84 0:96 0:88 0:80 0:82 0:156 0:56 0:100 0:252 0:322 0:74 0:198 0:222 0:76 0:88 0:22 0:56 0:156 0:64 0:110 0:72 0:128 0:94 0:52 0:66 0:54 0:100 0:142 0:114 0:122 0:186 0:140 0:0 0:136 0:14 0:108 0:36 0:62 0:122 0:64 0:50 0:74 0:144 0:104 0:138 0:8 0:16 0:122 0:182 0:90 0:162 0:38 0:18 0:220 0:226 0:140 0:104 0:94 0:2 0:146 0:138 0:56 0:174 0:168 0:58 0:240 0:174 0:172 0:6 0:66 0:176 0:60 0:32 0:172 0:148 0:94 0:28 0:62 0:74 0:56 0:234 0:88 0:200 0:46 0:18 0:262 0:138 0:26 0:86 0:38 0:98 0:208 0:250 0:124 0:80 0:98 0:234 0:48 0:62 0:126 0:60 0:26 0:120 0:40 0:162 0:46 0:78 0:52 0:64 0:106 0:170 0:50 0:28 0:20 0:70 0:76 0:44 0:198 0:16 0:60 0:138 0:90 0:106 0:104 0:16 0:28 0:12 0:88 0:34 0:278 0:212 0:38 0:16 0:116 0:54 0:82 0:186 0:26 0:132 0:154 0:76 0:90 0:112 0:182 0:74 ; 
L -1 3 7 -10 -7 -1 -9 9 1 -1 2 5 1 2 -10 4 -10 5 2 1 -5 2 -2 -4 9 6 -4 10 -3 2 7 8 2 -1 -4 -6 7 -6 -3 8 4 -8 10 3 -7 -4 2 5 5 -2 -1 8 -1 -8 9 3 3 6 1 2 4 -2 -1 -10 1 3 3 -8 -8 -1 5 -9 6 -2 5 1 7 8 10 4 -10 10 8 5 2 8 7 9 4 9 -3 -3 -6 -6 2 9 2 -4 -6 -8 -9 -8 -7 3 -10 -1 -4 -5 8 6 8 1 4 10 3 -4 -5 -1 8 -4 -9 1 -1 -4 -9 -3 10 3 -10 10 5 10 -7 -8 8 5 3 7 2 8 5 8 9 -6 -4 -7 -10 -1 -4 -5 -4 -3 -10 -4 -9 10 10 4 3 -6 8 5 -6 1 -1 -9 -7 -6 8 -1 9 -3 1 -5 -7 9 10 -7 7 1 3 1 6 10 4 -7 7 2 3 -7 5 -6 -7 8 5 -6 9 5 -2 6 ; 
98 15 46 86 68 84 99 2 93 66 82 21 24 49 6 11 70 67 27 78 59 51 7 88 53 33 71 81 6 28 23 88 54 56 99 66 61 34 44 45 29 89 43 93 20 99 80 91 47 25 28 55 25 61 33 67 5 90 27 39 99 11 85 75 87 20 16 17 76 26 81 45 27 20 38 66 50 3 27 26 31 88 5 39 20 32 27 93 61 100 83 57 9 42 60 53 4 48 82 94 98 27 16 71 29 6 95 42 73 23 88 20 63 82 48 50 21 20 73 54 29 13 56 35 66 43 77 13 56 17 13 13 55 77 64 76 59 17 69 47 39 47 10 35 100 86 74 37 73 82 61 40 13 29 44 51 51 96 52 77 79 74 56 38 39 29 45 7 84 49 32 54 67 26 100 29 62 91 52 32 90 30 73 50 17 98 17 73 9 85 61 81 17 28 55 10 58 31 42 94 41 ; 
L 4 1 7 -6 -4 10 5 1 4 7 -8 4 7 7 2 -4 10 -10 -3 -9 -5 5 -2 9 -10 -6 1 5 -2 -6 8 -1 6 -9 -1 -9 3 -3 -5 10 6 -3 6 -5 1 -4 7 -15 -1 6 -10 -6 7 10 2 -3 -3 10 -8 2 1 -5 7 -8 -5 -8 8 -1 -2 -10 3 -2 -8 -1 6 9 -5 8 7 2 -5 3 7 8 2 -2 5 1 7 6 4 -3 -8 -10 3 -3 5 3 -10 -1 -9 -9 -1 4 10 5 -8 2 -5 8 8 9 8 10 -6 5 -7 1 4 5 10 -13 -5 6 9 -6 -3 -4 -10 14 -9 -9 4 2 3 7 6 4 -7 -4 -10 -3 3 -1 -4 -8 -5 2 -8 -8 -4 6 -2 -1 -4 -9 1 -1 -3 1 7 5 4 10 1 7 -7 4 1 2 -11 -9 -1 -10 -2 -8 10 -1 8 8 -10 10 -9 3 4 2 3 -7 6 -8 4 7 -9 1 -12 1 -3 8 -2 6 ; 
0:50 0:206 0:100 0:236 0:26 0:162 0:32 0:116 0:92 0:14 0:22 0:48 0:34 0:8 0:36 0:154 0:44 0:168 0:36 0:106 0:94 0:136 0:164 0:104 0:8 0:104 0:28 0:120 0:50 0:110 0:52 0:68 0:64 0:94 0:4 0:58 0:40 0:12 0:118 0:104 0:78 0:86 0:84 0:52 0:76 0:66 0:116 0:52 0:88 0:128 0:148 0:120 0:228 0:130 0:122 0:160 0:128 0:236 0:124 0:126 0:44 0:66 0:172 0:22 0:94 0:52 0:52 0:144 0:78 0:90 0:62 0:18 0:68 0:100 0:154 0:140 0:90 0:52 0:26 0:310 0:48 0:48 0:8 0:148 0:104 0:14 0:102 0:120 0:122 0:34 0:156 0:80 0:70 0:154 0:70 0:50 0:70 0:62 0:266 0:60 0:186 0:202 0:92 0:250 0:58 0:146 0:72 0:116 0:130 0:146 0:10 0:100 0:48 0:98 0:14 0:266 0:44 0:58 0:84 0:190 0:54 0:32 0:104 0:80 0:42 0:80 0:76 0:104 0:192 0:104 0:52 0:84 0:112 0:174 0:138 0:64 0:266 0:110 0:202 0:112 0:84 0:76 0:56 0:132 0:70 0:106 0:172 0:74 0:108 0:152 0:214 0:74 0:40 0:224 0:198 0:126 0:42 0:234 0:110 0:74 0:168 0:172 0:38 0:164 0:120 0:132 0:152 0:8 0:16 0:80 0:72 0:36 0:94 0:188 0:168 0:96 0:52 0:88 0:48 0:26 0:132 0:50 0:82 0:54 0:80 0:56 0:82 0:78 0:212 0:72 0:162 0:108 0:54 0:142 0:94 0:82 0:64 0:406 0:78 0:188 0:82 ; 
