L -111 -52 -9 9 -22 -72 6 -55 -8 64 -66 -131 15 68 -39 -4 -119 -121 47 99 -111 -22 -20 57 -65 71 -105 -46 -12 -52 108 100 51 13 -69 -144 -10 -62 -38 -119 31 36 -68 -71 -71 -55 6 30 -43 54 14 -6 -101 35 21 -59 -72 -8 -119 1 -64 -1 66 125 -1 79 3 -52 -119 -114 -12 -99 113 -97 -103 14 -126 -130 -32 70 49 -24 124 140 -22 -25 52 -20 -134 40 63 -144 36 125 -136 -80 89 140 49 60 -132 134 -107 10 -36 114 -102 105 52 69 121 13 85 130 -24 -79 -88 -87 -2 -149 69 80 -74 110 -7 91 143 52 127 -40 87 33 -94 -100 67 -65 -125 -119 -11 62 111 128 54 140 -139 -114 -43 12 -103 107 -122 -145 -62 43 -112 77 76 -116 93 -3 -55 93 -86 -96 44 134 21 -124 -34 129 43 145 31 -21 -90 -103 63 2 -39 -58 73 10 130 -86 -28 57 141 92 38 -98 107 -48 -36 78 -60 -112 83 -77 -11 -107 ; 
12 33 51 66 71 62 27 73 49 61 49 99 36 41 38 44 91 5 100 83 39 15 15 68 23 18 100 76 8 46 32 12 94 59 14 12 96 16 43 90 35 62 56 69 2 76 62 48 80 88 96 24 98 68 16 6 14 61 80 87 79 57 54 61 47 54 96 72 66 11 97 67 69 41 24 8 24 83 16 41 5 2 97 28 100 61 75 66 89 46 73 99 84 91 24 82 55 19 35 33 50 87 91 69 87 72 51 97 21 65 45 11 94 18 35 100 33 26 81 94 92 13 83 46 41 12 92 25 81 8 70 75 40 2 42 88 41 55 68 52 34 1 20 78 60 29 67 30 6 76 89 18 66 59 68 85 48 96 27 46 77 99 4 12 70 56 79 24 46 94 95 12 31 1 72 100 18 5 21 15 1 13 31 56 30 58 92 29 84 1 89 49 17 20 30 63 10 56 60 96 21 ; 
L -111 -52 -9 9 -22 -72 6 -55 -8 151 64 -66 -131 15 68 -39 -4 -119 -121 47 99 -111 -22 -20 57 -65 71 -105 -46 -12 -52 108 100 51 -69 -144 -10 -62 -38 -119 31 36 -68 -71 -71 -55 6 30 -43 14 -6 -101 35 21 -59 -72 -8 -119 1 -64 -1 66 125 -1 79 3 -52 -119 -92 -141 -57 39 -2 -63 -114 -12 -99 113 -97 -103 58 -43 -129 34 124 -21 -134 -44 96 86 -93 55 3 -93 116 -153 -76 -77 112 -43 62 73 -86 -28 145 -98 107 -48 14 -126 -130 -32 70 49 -24 124 140 -22 -25 52 -20 -134 40 63 -144 36 125 -136 -80 89 140 49 60 -132 107 -122 125 -152 65 -67 100 94 -154 36 -33 -87 40 -127 -52 -143 -91 7 -110 74 -80 -69 149 2 87 -150 -38 -83 103 90 21 -31 88 79 24 -130 -85 -13 -121 -69 -52 -105 102 -114 36 -10 107 -134 103 -12 43 114 139 -54 -128 -111 -62 11 119 -145 78 -60 -112 -77 -11 -107 ; 
5:19 14:52 21:81 27:105 29:113 25:99 11:43 30:116 20:78 21:81 8:30 20:78 40:158 15:57 17:65 16:60 18:70 37:145 2:8 40:160 34:132 16:62 6:24 6:24 28:108 10:36 8:28 40:160 31:121 4:12 19:73 13:51 5:19 38:150 18:70 5:19 39:153 7:25 18:68 36:144 14:56 25:99 23:89 28:110 1:3 31:121 25:99 20:76 32:128 23:91 10:38 40:156 28:108 7:25 3:9 6:22 25:97 32:128 35:139 32:126 23:91 22:86 25:97 19:75 22:86 39:153 29:115 27:105 32:128 12:46 37:147 14:54 9:33 2:8 4:14 39:155 27:107 28:110 17:65 10:38 4:16 6:22 38:152 38:150 19:73 10:38 32:126 23:89 28:112 5:19 2:6 40:158 31:123 19:73 11:43 20:80 23:89 20:76 34:136 28:108 24:94 6:24 16:62 12:48 15:59 13:51 36:142 20:78 2:6 10:38 34:132 7:25 17:65 2:8 1:3 39:155 12:44 40:160 25:97 30:120 27:105 36:142 19:73 30:116 40:158 34:134 37:145 10:38 33:131 22:88 8:30 14:56 14:52 20:80 16:64 36:142 14:52 12:46 33:131 36:140 17:67 1:3 14:56 4:12 20:76 30:120 28:112 4:12 33:129 10:40 37:147 5:19 17:65 19:73 34:132 6:20 37:147 38:150 33:129 35:139 22:84 8:32 7:27 40:160 29:115 1:1 18:72 14:52 40:160 14:56 8:28 38:150 5:17 18:72 26:104 9:33 39:155 21:81 29:115 35:139 28:110 37:145 50:196 3:9 12:48 27:107 12:46 52:206 8:32 1:1 14:54 21:83 28:108 16:64 21:81 12:48 26:100 22:84 24:96 39:153 9:33 ; 
L -10 -39 -87 128 45 -74 -106 93 1 91 -69 -8 -42 144 133 40 -56 -43 27 -48 2 111 82 -73 -28 -76 -126 -102 23 -101 -106 113 18 109 -87 -101 -20 40 112 -84 19 97 -42 63 34 20 95 -29 -14 -49 -68 91 -59 45 120 133 107 -28 107 75 -117 -11 -14 138 11 -1 -35 -15 -61 135 149 136 -114 -93 47 -107 -23 148 112 -65 -1 -125 -136 26 -40 149 -132 91 40 76 -141 -62 70 -13 -118 89 -67 -79 -88 -33 -134 -51 67 -137 122 79 -20 135 60 115 52 -126 66 -23 -28 60 16 -134 35 135 -30 -15 99 33 124 -62 41 -14 131 -60 20 4 89 120 -67 -95 -65 96 -5 -62 -146 -57 103 40 133 -68 -96 23 -110 -53 -13 -70 -106 120 50 -18 135 -115 39 -23 -99 -30 -109 -48 10 79 111 99 -45 94 -1 -56 49 81 56 68 93 -109 -147 33 -9 -108 -98 74 -56 -10 -114 145 -148 49 126 67 -126 59 -83 -42 24 95 54 73 ; 
54 55 57 85 27 44 22 10 71 15 80 99 64 44 6 28 66 14 100 26 43 69 21 37 46 17 82 98 66 12 16 98 73 10 71 43 30 5 30 58 67 93 17 47 77 89 46 10 77 49 3 77 86 69 26 3 41 10 95 45 16 40 25 73 94 50 31 23 48 80 10 40 64 54 59 92 98 23 74 86 16 97 63 35 65 43 48 31 32 88 91 66 34 42 71 76 62 100 71 64 4 68 38 80 52 49 95 87 81 11 68 19 2 15 65 43 46 86 88 89 96 25 79 29 80 46 97 34 99 63 60 10 1 12 78 58 61 49 79 64 3 53 83 4 82 68 88 79 85 26 1 62 97 96 85 60 67 39 2 3 85 32 49 49 69 75 43 2 7 36 50 9 86 100 40 34 15 21 100 18 53 91 72 4 46 28 36 91 36 34 17 43 10 72 77 70 80 61 42 33 33 ; 
L -10 -39 -87 128 45 -74 -106 93 1 91 -69 -8 -42 144 133 40 133 -68 -96 23 -110 153 -53 -70 -106 120 50 136 125 1 65 -112 -148 23 107 -47 93 114 -136 -149 -135 61 15 35 1 -11 -138 14 11 117 -75 -107 28 111 82 -73 -28 -76 -126 108 9 -33 147 109 -93 -56 -81 -49 56 1 -94 45 -99 -111 -79 -10 48 30 99 23 -39 115 -135 18 26 -154 59 -91 68 49 14 29 -95 -20 -34 -63 42 67 -137 122 79 -20 135 -97 -19 -112 -40 -150 20 101 87 -109 -18 -113 106 101 -23 102 -151 -98 -56 -43 27 -48 2 15 30 -135 -35 134 -16 -60 28 23 -66 126 95 67 -120 -89 -4 52 -65 96 -62 -146 -57 103 40 74 -56 -10 -40 149 -132 91 40 76 -141 -62 70 -13 -118 89 -67 -79 -88 -33 -24 -152 42 83 -59 126 -67 -126 -49 148 -145 114 -134 -51 60 115 -20 60 -131 14 -41 62 -95 45 120 133 107 99 33 124 54 73 ; 
22:86 22:88 23:91 34:136 11:43 18:70 9:35 4:16 29:113 6:24 32:128 40:158 26:102 18:70 3:9 12:44 4:14 28:108 36:140 32:126 34:136 7:25 32:128 14:56 39:155 39:153 34:136 25:99 26:100 39:155 7:25 35:137 30:118 10:36 40:156 37:147 24:94 22:86 26:102 16:64 4:16 32:128 20:76 10:36 13:49 20:80 38:150 30:116 10:40 16:64 7:25 18:72 38:152 2:6 9:33 15:59 19:73 7:27 33:131 16:64 37:145 22:84 8:28 40:160 9:33 3:11 16:64 40:160 35:137 4:14 20:80 15:57 3:11 1:3 18:68 30:120 28:110 5:17 13:51 34:136 2:4 1:3 16:62 27:107 14:52 26:104 30:116 35:137 31:123 2:4 20:78 31:123 4:16 19:73 36:142 31:123 19:75 10:40 32:128 21:83 20:78 38:152 35:139 26:102 38:148 28:108 12:48 14:54 21:81 12:48 18:68 29:113 4:16 30:116 40:156 7:25 5:19 27:105 38:150 22:84 27:107 6:22 40:160 11:41 18:68 40:156 10:40 39:153 36:142 36:140 35:137 19:73 18:68 26:104 6:24 1:3 17:67 24:92 32:124 5:19 1:1 16:64 16:60 20:78 47:187 2:4 22:84 34:132 2:6 31:121 19:73 12:44 15:59 18:68 20:76 13:49 13:51 36:140 37:145 27:105 14:54 17:67 29:113 31:121 25:99 40:160 29:113 26:102 10:36 11:43 28:110 28:112 31:123 29:115 4:16 18:68 7:27 14:54 15:57 37:145 12:48 28:108 19:75 5:17 16:60 24:96 26:100 40:158 14:54 39:155 29:113 22:86 11:41 2:4 17:65 23:89 12:46 32:128 7:27 14:52 14:52 ; 
L -36 -96 70 92 -103 -14 9 132 95 148 7 -130 20 137 50 56 30 -118 -43 -3 -95 -63 150 45 66 -64 -28 148 118 -15 2 -42 109 27 -123 90 22 79 5 -10 26 -110 -81 -124 -41 33 -12 144 59 -63 -23 -35 -117 84 80 93 -133 -11 -67 129 48 -117 -148 144 58 136 -109 106 89 88 71 44 -79 63 -18 -26 20 37 -105 123 -28 17 124 74 -24 -114 136 -78 119 -135 -22 -64 -132 -23 -111 97 -92 103 -112 -42 -121 101 142 -40 -112 -86 -5 32 -2 -37 -66 -102 10 -42 -54 -54 -129 41 42 149 103 82 -25 -72 -2 112 133 69 4 -120 123 124 43 -58 -122 107 57 -31 33 -105 93 -118 134 107 -64 17 26 -9 -125 120 -39 -57 102 -35 -94 54 116 22 69 133 -29 76 148 -53 66 -33 131 57 41 120 66 -133 26 48 -40 26 100 72 -99 -142 -17 70 68 67 -112 63 25 142 -117 -22 1 148 15 -37 75 -17 33 -119 44 127 ; 
10 99 25 50 29 23 65 31 45 83 5 77 27 1 46 29 11 40 81 18 67 3 7 34 40 61 42 94 55 95 27 63 39 45 80 60 36 75 29 64 45 57 14 26 35 23 45 67 93 80 80 18 95 32 83 14 46 61 33 51 56 93 41 10 53 96 99 62 34 74 93 26 70 26 77 49 61 43 82 80 39 39 85 61 53 48 23 68 87 76 15 100 42 23 16 32 23 2 42 38 35 16 48 54 27 18 31 91 94 47 48 68 41 64 76 41 45 65 44 82 10 23 67 10 10 70 98 58 64 27 44 69 50 54 2 93 52 82 15 94 2 55 31 66 69 51 26 37 7 10 27 53 83 47 46 87 72 27 95 94 71 97 55 86 26 7 90 60 26 63 31 68 78 48 80 35 63 21 73 56 41 71 51 26 13 47 90 83 12 89 33 96 56 27 41 62 94 77 73 9 69 ; 
L -36 -96 -107 -134 118 100 72 -99 -142 -17 70 68 -92 103 -112 -42 70 -133 -11 -67 152 129 48 -117 -148 144 58 136 -26 133 -66 -120 5 -10 10 -42 -54 -54 -129 41 42 149 -71 -88 -89 92 -103 -14 9 132 95 148 7 155 -130 20 137 50 56 30 -118 -43 -3 -95 -63 150 45 66 -64 -28 148 118 -15 2 -42 109 27 -123 90 22 17 -75 37 -15 -1 22 117 -142 103 82 -25 -72 -2 112 133 69 4 -120 123 124 43 -58 -122 107 57 -31 33 -105 93 -26 40 -48 -109 106 119 -33 -41 -57 -151 -131 33 -66 53 -148 -76 29 -133 -69 -22 -116 -54 94 35 -102 57 39 -120 125 9 -26 -17 64 -121 101 142 -40 -112 -86 -5 32 -2 -37 -66 -102 -25 -63 112 -97 111 132 64 22 -119 78 -136 114 37 -105 123 -28 17 124 74 -24 -20 26 18 -63 79 -154 -44 26 -110 -81 -124 -41 33 -12 144 59 -63 -23 153 -35 -117 84 80 93 44 127 ; 
4:16 40:158 20:80 27:105 13:49 43:169 9:33 30:116 23:89 17:65 29:113 21:81 6:22 1:3 17:67 16:60 9:33 14:56 25:97 14:52 34:136 0:0 23:89 38:148 17:65 4:16 22:84 39:153 4:16 32:124 28:108 13:49 16:62 26:102 12:44 26:102 31:121 17:65 18:72 26:104 18:70 33:131 4:16 38:148 30:118 29:115 12:46 10:36 26:104 13:49 18:72 34:132 2:8 19:75 24:92 11:43 1:1 19:73 12:46 5:17 16:64 33:129 8:28 27:107 2:4 3:11 14:54 16:64 25:97 17:67 38:150 22:88 38:152 11:43 26:100 16:62 18:72 32:128 24:96 15:57 12:48 25:99 17:65 11:43 59:235 14:52 36:142 5:19 34:136 10:36 27:107 4:16 4:16 28:112 40:156 24:92 26:102 11:43 18:70 28:110 20:80 22:86 1:3 38:148 21:83 33:131 6:24 38:150 1:3 5:19 14:56 32:128 55:219 25:99 23:91 31:123 56:222 11:41 35:137 15:57 36:144 3:11 11:41 35:137 22:88 39:155 29:113 38:150 38:152 11:43 29:115 35:139 19:73 19:75 34:132 22:84 11:43 4:16 3:11 15:59 11:41 21:81 24:92 7:25 20:76 22:86 11:43 8:28 13:49 37:145 38:150 19:75 20:76 28:108 10:36 36:144 19:75 14:56 13:51 4:14 17:67 40:160 12:44 35:139 28:108 10:36 17:67 33:131 32:128 16:62 16:62 34:136 25:97 22:84 20:78 25:97 20:78 31:123 11:41 18:68 18:70 24:94 23:91 6:22 11:41 14:56 10:36 18:72 27:107 38:148 32:128 32:128 24:92 15:57 38:152 13:51 34:132 6:22 16:62 4:14 28:110 ; 
L -67 86 3 36 41 97 -9 -42 -41 -18 -26 -22 -121 105 -15 74 -135 31 -62 99 62 29 -130 -43 -101 -42 -48 119 -100 125 -121 -97 34 17 32 -137 42 95 -77 -88 -50 50 150 116 86 -76 2 -140 145 100 -55 81 -105 140 93 -15 113 -99 48 126 -94 142 74 78 6 -54 49 14 -85 -99 -82 100 112 111 -50 -134 -134 23 -83 -72 33 8 -21 7 115 -128 87 -43 -24 -101 -75 -90 53 80 -82 97 78 -109 -114 -5 -53 8 137 117 -125 19 -130 -119 -66 14 -111 77 102 115 4 87 129 57 -23 105 -26 -115 48 -85 -61 -64 -119 -14 -40 109 -100 14 -129 123 14 -91 -8 68 -1 -23 114 -29 -112 142 -74 -72 19 -57 57 83 -31 45 -43 -2 69 43 -127 90 -32 109 88 -36 22 1 120 149 5 18 105 93 -29 36 34 -28 128 -7 -89 11 3 -20 -26 -15 138 136 -66 79 -142 94 -71 -144 -127 49 -72 -113 -98 -15 137 -29 68 118 ; 
95 79 62 43 23 35 22 45 62 12 67 41 14 98 6 22 46 92 68 27 62 76 66 45 17 54 65 14 49 96 56 39 10 20 40 75 24 9 51 51 39 49 81 39 94 52 44 12 39 59 14 7 90 1 84 12 49 56 60 86 52 98 3 30 26 93 63 35 53 73 7 17 74 11 6 94 65 55 61 16 68 32 99 20 70 67 48 53 43 23 78 99 24 23 75 62 10 90 94 60 6 25 28 24 48 77 94 11 72 41 81 2 21 3 11 89 45 81 26 49 21 87 62 41 68 87 46 66 49 71 22 81 6 94 12 16 9 28 61 52 84 31 86 71 30 23 55 36 34 56 76 44 16 52 98 8 98 30 62 70 75 92 90 62 79 32 30 12 51 83 37 15 44 35 79 89 69 48 21 16 16 4 91 67 2 35 60 73 45 62 27 10 30 65 14 89 88 87 90 61 37 ; 
L -67 3 36 41 97 -9 -42 -18 -26 -22 -121 105 -15 74 -135 31 -62 50 138 136 152 99 -43 -101 -42 -48 119 -100 125 -121 -97 34 17 32 -137 42 95 -77 -88 -50 50 150 116 86 -76 2 -140 145 100 -55 81 -105 140 93 -15 113 -99 48 126 -94 142 78 6 -54 49 -80 -53 90 75 101 24 43 -87 128 14 -85 -99 -82 100 112 15 26 20 -3 -11 89 7 -128 28 -34 -36 29 -153 134 -66 -93 -105 -18 -5 -149 -120 57 83 -31 45 -43 -2 69 43 -127 90 155 -32 109 14 -91 -8 68 -1 -23 114 -29 -112 151 142 -74 -72 19 -57 -1 -22 36 -154 -88 -123 129 -14 100 -109 40 14 119 64 61 85 115 26 -105 23 -57 -129 -87 -4 -115 -102 -77 -72 137 117 -125 19 -130 -119 -66 14 -111 -49 -8 53 5 114 109 -78 62 29 -130 -97 82 -115 -7 21 -8 -33 72 83 -23 134 79 -142 94 -71 -137 15 98 113 127 144 -29 68 118 ; 
38:152 41:163 18:68 10:36 14:56 9:35 18:72 14:52 27:107 17:65 6:22 40:156 3:9 9:35 19:73 37:147 28:108 10:36 31:121 27:107 2:4 26:100 28:108 7:27 22:86 26:104 6:22 20:78 39:153 23:89 16:62 4:16 8:32 16:64 30:120 10:38 4:14 21:81 21:81 16:62 20:78 33:129 16:62 38:150 21:83 18:70 5:19 16:62 24:94 6:22 3:11 36:144 1:1 34:134 5:19 20:78 23:89 24:96 35:137 21:83 40:156 4:12 11:41 38:148 26:100 4:12 10:36 10:38 40:158 32:124 10:36 18:68 22:84 20:76 28:110 22:84 30:116 3:11 7:27 30:118 10:36 2:6 7:25 7:25 9:33 20:76 28:110 36:142 32:126 14:56 18:70 6:24 13:49 25:99 30:118 10:36 34:132 21:81 5:19 12:48 13:51 14:52 23:89 31:121 18:70 7:25 21:83 40:156 4:12 40:156 12:48 24:92 27:107 28:112 15:59 7:25 4:14 12:44 25:97 21:83 34:134 13:49 35:137 29:113 33:131 12:48 10:36 22:88 15:57 32:128 25:99 36:144 24:92 16:62 20:80 38:150 3:9 33:129 9:35 29:113 20:78 27:105 19:73 35:139 28:108 18:68 35:139 9:33 20:78 11:41 33:129 18:72 36:142 5:17 2:4 9:33 8:32 31:121 10:38 20:76 31:123 38:150 5:17 29:115 17:65 33:129 5:19 9:35 10:40 3:9 24:96 38:150 36:144 13:49 31:121 27:105 8:28 25:99 40:160 28:112 8:32 40:158 13:51 28:108 7:25 25:97 22:88 32:124 24:96 30:116 18:72 18:72 36:140 36:142 6:22 2:8 11:43 42:166 36:144 25:97 15:59 ; 
L -6 -54 -29 -87 28 133 92 -111 -73 4 150 80 109 -87 96 -28 -92 71 -28 -61 88 69 -42 -18 108 -47 -69 11 -97 -57 -91 146 -4 144 47 106 -94 -129 -107 -77 -65 85 -94 91 -115 -117 -7 -126 130 104 -1 -81 -44 125 -108 52 83 133 -22 72 83 34 -64 -138 -3 114 -72 -44 -116 -140 137 -86 105 58 -63 -117 -111 -80 -10 42 -48 10 -107 16 1 49 -29 123 110 122 108 -4 76 -19 105 10 -109 98 -61 -1 84 51 35 8 -96 145 -55 111 -50 111 90 -89 106 131 -21 -57 117 147 43 -120 22 146 60 -78 -126 -91 109 85 -1 -14 -49 -10 130 99 36 64 74 -19 78 -13 8 115 -139 35 -31 19 -57 60 110 55 -111 -67 110 108 -135 -118 55 145 89 -24 -19 103 140 -46 81 115 -106 -18 64 65 -46 49 44 -93 86 136 -112 96 104 -85 -17 -16 64 148 32 -45 -42 46 -105 -64 -71 -99 -122 10 -82 -115 -55 -25 -11 58 ; 
81 37 81 80 10 21 17 57 29 94 75 38 30 51 17 60 30 72 60 57 14 60 15 97 28 15 26 20 57 46 60 32 44 22 25 43 73 71 10 14 32 1 36 54 49 33 58 59 81 57 2 67 42 18 74 87 10 8 16 9 15 4 18 63 51 32 64 31 59 68 13 56 33 48 47 9 68 4 29 77 83 34 87 79 5 34 18 7 33 1 72 33 94 49 95 88 22 71 73 42 31 98 32 57 81 97 81 42 88 59 59 71 18 60 32 26 95 71 63 37 64 54 15 52 66 79 97 26 4 64 76 45 33 75 19 3 17 56 12 42 9 67 24 71 62 84 38 16 75 22 1 33 91 93 14 38 58 44 35 38 19 39 64 94 42 56 36 99 35 4 13 96 82 24 83 33 84 13 82 49 28 62 16 82 37 99 90 66 33 33 66 48 69 89 71 57 50 49 93 95 5 ; 
L -6 63 -58 -64 -36 -99 -130 10 49 -139 35 -31 -106 64 65 -46 49 44 -54 -29 -87 28 133 92 -111 -73 4 150 80 109 -87 96 -28 -92 71 -28 -61 88 69 -42 -18 108 -47 -69 -97 -57 -91 146 -4 144 47 106 -94 -129 -107 -77 152 -65 85 -94 91 -115 -117 -7 -126 130 104 -1 -81 -44 86 -137 116 44 72 -114 3 138 64 -154 -34 -83 -153 -72 22 -133 -83 -52 108 -125 -10 48 -42 46 -140 -103 19 24 -89 -145 -55 118 135 -108 -105 -107 16 1 49 -29 -60 -146 -22 120 -43 -117 57 21 -131 -106 89 -90 -111 50 -111 55 -145 96 -8 -35 -51 -84 1 -115 -8 13 -78 19 -74 -110 67 -71 -99 -122 10 -82 10 80 111 117 -93 86 136 -112 96 104 -85 -17 -16 64 148 32 -45 -42 46 -78 151 -126 -91 109 85 14 1 61 -98 109 -10 -105 19 -76 4 -108 -122 -110 -123 -105 -64 111 -155 -110 -60 57 -19 -115 -81 -115 -55 -25 -11 58 ; 
33:129 8:28 19:75 20:78 2:4 8:30 30:120 14:52 18:72 24:94 29:113 25:99 23:91 8:32 2:6 6:20 39:153 33:131 14:52 33:129 32:128 4:16 9:33 7:27 23:91 12:46 38:150 30:120 16:60 12:48 21:81 7:27 24:96 12:48 29:115 24:96 23:91 6:22 24:96 6:24 39:155 12:44 6:24 11:41 2:8 19:73 24:96 13:51 18:70 9:35 10:40 18:68 30:116 29:113 4:16 6:22 32:128 18:72 1:1 15:57 22:86 20:78 14:52 24:92 24:94 33:129 23:91 1:3 27:107 17:67 25:99 23:89 2:4 24:94 13:49 26:102 13:51 21:81 26:100 5:17 17:65 2:6 22:84 34:134 4:14 7:25 4:12 4:16 35:139 30:118 7:27 14:54 34:132 14:54 38:150 26:102 16:62 8:30 16:60 14:56 18:70 24:92 16:60 6:22 32:126 24:94 32:126 2:8 14:54 8:28 20:78 6:24 22:86 26:102 15:59 42:164 38:152 11:41 13:51 24:96 8:28 29:113 24:94 24:94 36:140 17:67 33:129 39:155 33:129 23:91 13:51 40:156 13:49 18:72 27:107 4:14 17:67 5:19 23:89 12:48 37:145 32:124 20:76 28:110 36:142 29:113 45:177 12:46 2:6 28:108 8:30 34:132 14:52 34:134 6:20 33:131 20:78 12:44 25:99 7:25 33:131 15:59 40:158 36:144 27:105 16:62 36:140 27:107 32:126 39:155 11:41 15:59 26:102 2:8 30:116 29:113 9:35 36:140 38:152 20:78 38:150 14:52 29:115 1:1 14:52 2:6 14:52 9:33 4:14 10:36 30:120 7:25 16:60 26:100 23:89 13:49 20:80 20:78 38:148 38:152 2:8 ; 
L -111 60 119 -30 -64 -52 -145 135 -139 46 41 -5 16 -135 -85 -80 56 66 86 -6 91 146 93 -34 -130 57 -115 139 66 37 -71 117 -33 93 -69 11 61 35 128 23 119 -108 30 -20 78 -92 -93 82 44 -11 -60 -130 96 38 16 -87 -37 82 19 -140 58 5 81 -46 -70 -109 -124 82 -29 68 -74 120 23 -146 -42 22 -102 21 -67 -82 18 137 58 83 -132 51 -139 82 5 -62 -59 134 -17 70 89 54 135 121 -108 -35 52 76 -88 112 -65 8 13 -17 80 4 -53 -15 33 77 -32 119 -140 -50 108 -38 70 -16 -17 -139 123 -138 87 48 -16 -114 -43 37 49 79 60 -28 49 -23 84 126 11 -9 62 -148 -74 -41 -10 56 138 -143 -82 -92 -71 83 99 -146 -32 -86 -93 84 37 -122 1 138 -116 142 29 149 120 117 140 17 120 -20 -66 -23 -59 9 -1 -18 -47 62 -56 74 117 133 -82 146 -69 -57 125 32 -82 -4 -63 60 -8 -114 10 101 ; 
66 29 33 99 66 69 25 25 12 98 98 56 23 88 43 52 71 92 66 23 62 66 49 10 93 71 3 93 62 4 23 2 11 31 10 1 76 88 26 36 50 59 78 43 51 67 49 15 21 69 42 64 11 15 50 35 72 16 74 57 98 22 24 54 83 23 31 23 62 2 29 46 61 62 73 77 44 13 39 54 34 44 87 18 34 83 39 78 22 59 9 82 29 77 23 51 90 83 74 26 28 28 17 56 32 78 57 67 80 23 16 93 34 33 5 60 8 45 33 68 34 69 87 16 95 74 40 75 63 38 71 24 10 22 97 53 43 12 63 12 53 83 81 26 76 57 84 46 47 74 96 91 39 33 100 31 41 94 12 75 63 16 46 52 6 42 32 26 42 47 57 79 43 40 50 74 35 73 31 27 52 31 39 9 13 9 31 55 33 61 27 31 32 92 92 81 89 37 37 89 51 ; 
L -111 60 119 -30 -64 -52 -145 135 -139 46 41 -5 16 -135 -85 -80 56 69 -146 82 -133 -117 -74 56 -62 47 -154 18 1 -9 59 23 66 20 -120 -140 -117 -149 -29 -142 116 -138 -1 -17 80 4 -53 -15 33 77 -32 119 -140 -50 108 -38 70 -16 -86 -93 84 37 -122 17 32 146 -99 -83 71 92 82 143 -138 -56 66 86 -6 91 146 93 -34 -130 57 -115 139 66 37 -71 117 -33 93 -69 11 61 35 128 23 -108 30 -20 78 -82 -150 37 87 -16 -38 -96 130 -151 60 11 -44 -82 93 92 19 -140 58 52 -62 -63 76 -88 153 112 8 13 -139 123 -138 87 48 -16 -114 37 49 79 60 -28 10 41 74 148 49 -23 84 126 11 -9 4 -18 82 67 -21 102 -22 42 146 -23 -120 74 -68 29 -82 124 109 70 46 -81 -5 35 108 -121 -135 -54 -89 -70 17 -134 59 62 -5 -82 139 -83 -51 132 -58 -137 82 -32 -125 57 60 -8 -114 152 10 101 ; 
27:105 12:46 14:52 40:158 27:105 28:110 10:40 10:40 5:19 40:156 40:156 23:89 10:36 36:140 18:68 21:83 29:113 14:56 14:52 22:88 13:49 4:14 6:20 4:14 16:62 13:49 18:68 28:108 11:43 13:49 30:116 14:56 30:118 20:80 16:64 0:0 23:91 27:107 11:41 13:51 17:67 3:9 21:83 32:128 32:128 10:36 7:25 38:148 14:54 14:52 2:8 24:96 4:12 18:72 14:52 28:108 14:54 28:110 51:203 5:19 30:120 26:100 7:25 4:12 22:86 17:65 13:49 40:160 14:52 16:62 37:145 39:153 30:118 19:75 7:25 27:105 10:36 25:99 27:105 20:78 4:16 38:148 29:113 2:4 38:148 25:99 2:6 10:36 1:3 5:17 13:49 4:16 1:1 31:121 36:140 11:41 15:57 27:107 32:124 18:68 21:81 23:91 36:144 39:153 29:115 14:56 20:80 6:24 5:17 33:129 6:20 17:67 28:110 9:33 6:24 20:78 34:134 23:91 40:156 5:19 2:6 7:25 15:57 7:27 12:48 32:126 24:96 23:91 17:65 38:152 30:118 16:64 30:120 26:100 16:60 12:48 4:16 9:35 39:155 22:84 21:81 34:134 23:91 31:121 54:216 5:19 26:100 5:19 22:84 34:132 63:251 33:129 14:54 22:86 16:62 6:20 18:70 31:123 30:116 25:99 25:97 19:73 12:46 1:3 25:99 10:36 13:49 10:36 34:132 22:86 10:38 16:60 11:41 30:118 34:132 36:144 21:81 10:36 31:123 12:46 33:131 4:14 24:94 9:35 32:124 28:108 5:17 34:132 5:19 35:139 22:88 13:51 13:49 11:43 40:160 36:142 15:59 13:49 10:40 36:142 21:81 ; 
L 58 104 -69 53 -109 5 -31 -136 -56 -41 18 45 -112 -138 17 53 25 109 -138 -94 26 -28 -98 -99 -39 83 -145 68 93 54 -25 -133 99 -65 71 -25 -55 11 -108 65 -39 7 109 145 54 -73 -9 18 -91 66 -91 -10 -121 -42 108 61 -100 -40 72 148 -40 -149 -26 37 -58 -41 100 110 57 -119 120 147 74 -38 -148 -142 119 -25 -99 -42 -102 19 52 18 -97 49 -9 -58 -148 53 108 -75 -97 -122 -72 -51 87 -9 4 -112 -124 -41 -100 -145 -47 -122 18 76 135 18 -123 -85 134 -110 30 -39 -31 94 -71 4 27 -112 -30 -25 120 53 -77 -54 114 7 89 129 -119 -113 24 92 128 118 134 -113 29 67 -4 -49 85 106 -109 95 140 -97 -120 49 -3 -8 -120 -9 -138 81 96 65 -123 -60 53 81 136 76 66 -133 -44 75 47 94 136 -145 150 -106 -50 -77 53 -12 143 9 116 52 5 66 9 -80 148 -92 -112 76 50 -51 110 127 3 -132 -15 73 ; 
22 28 59 84 85 7 13 19 68 37 93 51 20 90 79 86 19 26 90 37 75 57 71 7 76 94 40 15 74 1 46 99 76 23 2 12 25 73 58 54 83 36 29 47 35 9 41 65 75 84 93 5 11 5 54 86 28 92 96 91 99 50 60 58 56 82 31 99 56 34 45 80 94 97 67 31 42 40 50 31 89 87 77 80 80 36 30 21 63 31 76 32 56 45 84 78 35 1 25 100 68 9 100 73 95 20 59 16 59 75 12 52 60 74 95 93 90 97 52 22 57 78 67 84 27 36 28 33 88 93 99 8 49 31 2 63 71 17 41 84 43 56 70 63 64 27 66 61 2 80 14 24 58 67 99 67 11 38 32 86 49 4 9 36 37 8 29 53 18 35 59 5 67 57 13 94 96 46 76 58 46 1 45 60 6 27 36 35 24 71 77 44 75 91 87 18 32 57 5 88 41 ; 
L 58 104 -69 53 -109 5 -31 -136 -56 -41 18 45 -112 -138 17 53 25 109 -138 -94 26 -28 -98 -99 -39 83 -145 68 93 54 -25 -133 99 -65 153 71 -25 -55 11 -108 65 -39 7 155 109 145 25 30 112 -27 -4 71 -94 31 39 -30 110 -134 85 123 94 136 -145 150 -106 -50 -77 53 61 -100 -40 72 148 -40 -66 -76 -136 -81 -53 -4 9 -87 51 72 122 97 75 -108 -53 148 58 9 -49 97 -52 -19 102 42 99 25 -119 142 148 38 -74 -147 -120 114 129 -119 -113 24 -149 -26 37 -58 -41 100 110 57 -119 54 77 -53 -120 54 -73 154 18 -91 151 66 -91 -10 -121 -42 108 -60 -112 -124 -41 -100 -145 -47 -122 18 76 135 18 -47 -75 44 133 92 128 118 134 -113 29 67 -4 -49 85 106 -109 95 140 -97 127 -3 -8 -120 -9 -138 81 96 3 -120 49 65 152 -123 -12 9 116 52 5 66 76 50 -51 9 -80 148 -92 -110 112 -132 -15 73 ; 
9:35 12:44 24:94 34:134 34:136 3:11 6:20 8:30 28:108 15:59 38:148 21:81 8:32 36:144 32:126 35:137 8:30 11:41 36:144 15:59 30:120 23:91 29:113 3:11 31:121 38:150 16:64 6:24 30:118 1:1 19:73 40:158 31:121 10:36 29:115 0:0 5:19 10:40 30:116 24:92 22:86 34:132 15:57 21:81 1:3 19:75 13:51 34:134 27:107 32:124 23:91 9:35 21:83 39:155 36:144 38:148 38:152 30:118 24:96 21:83 2:8 27:107 23:91 6:20 38:150 39:153 19:73 31:121 32:124 12:44 37:147 39:153 37:145 40:158 11:41 12:46 4:12 15:59 15:57 22:88 10:40 1:1 14:56 32:124 34:134 18:72 23:89 13:51 31:121 13:49 26:100 9:33 12:48 15:57 1:1 31:123 35:139 36:142 13:49 20:80 16:64 17:67 13:49 27:107 39:155 38:150 32:128 24:96 2:4 20:78 13:49 1:3 29:113 24:96 24:92 23:89 33:131 13:49 40:158 23:89 14:54 30:116 14:52 12:44 15:57 12:48 4:14 6:22 34:134 30:120 40:160 34:132 38:148 2:8 5:17 2:8 22:86 14:54 22:86 28:108 4:14 40:160 30:116 38:152 8:32 24:94 7:25 24:94 30:120 5:19 24:94 14:56 8:28 28:110 29:113 7:27 17:65 34:134 18:68 23:89 28:112 26:100 26:102 11:43 27:105 25:97 1:3 32:128 4:12 17:67 27:107 40:158 27:107 5:17 16:60 13:51 30:116 23:91 10:38 25:97 31:123 33:131 15:57 17:65 18:72 24:96 3:9 11:43 12:46 30:120 37:145 44:172 14:56 10:38 29:113 12:44 12:48 30:116 2:8 36:140 17:65 ; 
L -81 -62 -111 -111 -71 104 66 -65 84 -116 25 28 -52 -73 -29 -33 139 -47 -30 148 -142 -25 -71 -71 137 -118 52 142 75 -114 35 150 100 -34 136 111 -92 8 -25 -85 79 73 -147 113 -5 99 -127 73 -96 -86 93 -148 119 70 -75 80 -72 6 10 41 73 -98 -6 62 -144 -135 144 -140 -73 -150 63 -33 -6 -94 -115 89 -8 38 -1 -85 -33 102 16 104 113 -67 31 36 64 -120 -83 36 -90 52 -20 -90 124 66 81 -120 -6 -106 -90 -90 87 -63 -50 -55 1 -26 -61 -65 -80 68 20 -78 51 -145 -57 -75 33 -100 -142 -129 -8 -113 115 -26 -97 -35 44 -108 -72 -80 -108 104 -144 38 65 -133 145 -137 114 34 -144 122 93 -131 30 -143 -48 117 51 143 -96 -22 -33 23 29 -8 38 114 -78 69 -16 -20 71 147 24 115 15 69 85 38 35 53 76 94 140 -9 2 -52 44 118 111 -57 -23 -139 53 -92 145 105 66 -20 -1 18 136 -29 -89 -148 ; 
68 7 58 92 55 28 80 89 9 85 15 66 36 89 12 39 90 86 39 63 65 71 8 14 67 99 31 94 90 66 42 67 95 75 94 37 28 6 15 52 8 60 18 4 78 11 49 51 12 75 27 61 70 41 38 81 55 94 79 13 11 93 95 59 49 32 82 85 62 48 1 85 4 92 19 35 10 45 32 87 20 53 48 52 52 76 13 1 39 49 4 96 5 37 15 46 28 20 13 52 36 51 77 88 37 58 19 91 79 19 62 85 33 36 87 55 38 98 53 99 37 42 51 2 79 66 77 80 1 79 65 56 38 100 23 32 30 28 98 61 44 95 49 78 5 8 58 18 40 27 89 49 21 88 48 15 66 76 62 82 4 40 70 4 51 19 27 80 76 77 64 52 11 56 51 58 46 75 35 86 83 89 100 99 86 41 25 78 17 76 77 63 19 47 78 52 72 13 92 74 52 ; 
L -81 -62 -111 -111 -71 104 66 -65 84 -116 25 28 -52 -73 -29 -33 139 -47 -30 148 -142 -25 62 -144 -135 144 -140 -73 -150 63 -6 -94 -115 89 -20 124 66 81 -120 -6 -106 -90 -90 87 -63 -50 -55 1 -26 -61 -65 -80 68 20 -78 -145 -57 -75 33 -100 -142 -129 -8 -113 115 -97 -23 33 22 96 -143 -51 -153 -117 48 143 -30 131 -93 -122 144 -34 -114 137 -145 133 -65 -38 144 -155 -136 -18 1 -105 -104 108 80 72 108 35 29 -8 38 -41 -10 -6 72 -80 75 -70 -119 20 -52 90 -36 83 120 -64 -36 -93 86 96 -73 127 -99 5 -113 147 -73 -79 85 25 -8 92 -111 -136 34 -100 -150 -35 114 -75 -142 -52 118 -137 71 71 6 98 -73 -152 114 -78 69 -16 -20 71 147 24 115 15 69 85 38 23 57 -111 -118 -44 52 -2 9 -140 35 53 -8 38 -1 -85 154 -33 102 16 104 -76 -66 90 -31 67 -113 139 -94 -151 53 -92 145 -29 -89 -148 ; 
28:108 3:11 24:92 37:147 22:88 12:44 32:128 36:142 4:14 34:136 6:24 27:105 15:57 36:142 5:19 16:62 36:144 35:137 16:62 26:100 26:104 29:113 18:72 20:78 13:51 33:131 34:136 25:99 20:76 1:1 32:128 37:147 8:30 14:56 14:54 39:155 8:32 6:20 21:83 15:57 21:81 31:123 36:140 15:59 24:92 8:30 37:145 32:126 8:30 25:99 34:136 14:52 15:57 35:139 22:88 38:150 22:84 40:158 15:59 17:67 21:81 1:3 32:126 27:105 31:123 10:40 26:104 31:121 27:105 6:24 20:76 36:140 36:140 6:22 20:78 36:142 11:43 16:64 8:28 24:92 4:12 2:8 32:124 20:78 38:152 18:70 25:97 40:156 12:44 2:8 19:75 29:115 21:83 7:27 26:102 13:51 10:36 40:160 16:60 7:27 31:121 33:131 2:6 32:124 6:20 32:126 38:150 22:88 33:129 16:60 17:65 16:60 6:24 15:59 2:8 39:153 2:6 20:78 16:62 41:163 11:43 30:120 5:19 21:81 20:78 5:17 32:124 2:6 8:28 24:96 4:12 21:83 6:24 3:9 12:44 15:59 38:150 30:120 38:152 27:107 17:67 27:105 36:144 38:150 13:49 40:158 27:107 6:22 9:35 38:152 38:148 40:158 22:84 28:112 2:6 21:81 8:30 11:43 32:128 31:121 31:123 26:102 21:83 5:17 23:89 27:105 10:40 17:65 35:137 40:158 40:160 36:142 34:132 35:137 13:49 24:92 2:6 18:72 13:51 35:139 23:91 25:99 22:84 20:76 21:83 4:16 26:104 5:17 16:60 6:20 31:121 26:102 27:107 18:70 36:144 31:121 31:123 6:24 37:147 30:118 21:83 ; 
L 4 -136 -111 14 -100 109 121 54 -65 -144 -22 -126 -134 -52 58 53 141 3 -119 -129 -6 -55 -107 61 -14 -60 130 69 -81 -96 -132 -65 -48 146 68 133 -94 17 129 -103 -104 -147 -113 -123 40 103 -127 -54 106 21 -56 31 -145 -122 29 47 -120 78 39 59 -47 44 -139 -122 -1 -91 -49 -112 -112 -145 47 40 -121 108 -108 -93 112 -132 -131 -127 20 25 -11 83 -28 -26 -107 -102 -32 15 35 -143 -60 111 93 94 -72 -17 136 4 -97 23 57 -53 129 32 79 -31 144 122 -120 -8 -63 -73 98 76 80 9 138 -133 133 91 79 94 103 64 -27 -109 -68 137 -70 -64 49 20 83 -32 -5 -84 128 57 69 52 -10 90 1 -82 -84 109 -148 -148 120 -9 -79 45 53 -101 95 -48 -121 -44 -38 -109 -63 -63 -138 18 113 -41 -71 -8 48 132 145 -53 76 60 -30 67 114 -116 85 138 -49 -42 99 -139 -16 -50 57 -88 64 -73 74 -6 72 -67 -23 -32 -102 -10 ; 
9 97 66 43 76 76 84 40 43 30 69 44 84 100 67 63 93 79 70 43 60 57 95 1 84 64 90 93 24 12 60 66 68 37 63 56 96 78 69 45 89 86 98 82 82 60 22 63 81 46 70 73 22 32 28 59 89 87 74 94 95 20 82 67 85 67 48 72 96 100 99 67 76 55 22 95 66 72 91 28 19 97 61 50 42 42 100 92 100 32 11 59 2 85 67 84 21 60 6 50 78 54 87 33 49 46 40 90 5 90 8 72 84 42 83 19 60 11 79 97 44 60 31 52 65 38 47 69 77 95 4 93 44 12 85 10 17 84 1 90 2 95 2 29 21 71 7 25 20 64 55 22 15 38 85 94 84 45 48 36 8 16 33 2 93 16 75 23 11 2 6 21 17 15 53 37 32 66 1 71 72 38 5 12 29 63 82 9 28 9 7 72 9 68 53 45 28 89 16 89 64 ; 
L 4 -136 -111 14 -100 109 121 54 -65 -144 -22 -126 -134 -52 58 53 141 3 -119 -129 -6 -55 107 26 28 -83 11 -25 80 9 138 -133 133 91 79 94 103 64 -27 -109 -68 137 -70 -64 49 20 83 -32 -5 -84 30 -60 -76 148 148 -109 -144 53 -145 -132 -74 73 -64 88 -57 128 57 69 52 -10 1 -82 -84 -121 108 -108 -93 112 -132 -131 151 -127 20 -76 -98 73 63 8 120 -122 -40 -47 145 112 112 49 91 1 122 139 -44 47 -59 -39 -78 120 -47 -152 -29 122 145 -31 56 -21 -106 54 127 -103 -40 123 113 -150 147 104 103 -129 -17 94 -133 -68 -146 48 65 132 81 6 50 16 139 -99 -49 -42 -138 -85 116 -114 -67 -48 8 71 41 -113 -18 138 63 63 109 38 44 121 101 -53 -45 79 9 -120 31 -32 -129 53 -57 -23 -149 97 -4 -136 17 72 -94 -93 -111 60 143 -35 -15 32 -153 102 -107 23 67 61 -14 -60 130 69 72 32 -102 -10 ; 
4:14 39:155 27:105 18:68 31:121 31:121 34:134 16:64 18:68 12:48 28:110 18:70 34:134 40:160 27:107 26:100 38:148 32:126 28:112 18:68 24:96 23:91 33:129 40:160 17:67 17:67 20:80 25:97 54:216 5:17 32:126 39:155 18:70 24:96 13:49 21:83 26:104 16:60 19:75 28:110 31:123 38:152 2:6 38:148 18:70 5:19 34:136 4:16 7:27 34:134 12:46 13:51 15:59 30:118 26:102 8:32 31:123 2:8 6:24 7:27 27:107 4:14 29:115 3:11 4:14 4:16 36:144 1:3 38:152 1:3 9:35 29:113 3:11 8:28 22:88 9:35 38:152 27:105 29:115 37:145 40:160 3:11 8:30 9:35 8:30 34:132 17:67 34:134 29:115 4:12 39:153 27:107 40:158 40:160 39:153 29:115 20:76 27:107 34:136 27:107 33:131 8:32 38:152 38:150 30:118 35:139 36:142 36:144 5:19 12:44 13:51 9:35 30:116 28:112 19:73 33:129 26:100 9:35 24:96 33:131 33:131 30:116 26:100 35:137 36:142 18:72 28:110 32:124 39:153 23:89 26:100 15:59 28:108 27:105 7:25 1:1 16:62 4:14 33:131 26:100 12:46 5:19 2:8 16:60 29:115 29:113 1:1 16:62 3:9 1:3 5:17 10:36 30:120 7:25 38:148 1:3 14:52 7:25 4:12 15:57 30:118 38:150 34:136 16:60 6:24 9:35 14:54 51:201 19:73 20:78 14:52 35:139 21:83 16:62 32:124 20:80 3:9 24:96 9:33 34:134 27:107 34:136 1:3 24:94 5:17 13:51 25:99 27:107 43:169 21:83 12:44 16:62 34:134 26:102 36:144 38:148 31:121 1:1 24:94 36:142 26:102 ; 
L -63 -137 7 141 -135 58 97 97 -107 -115 36 112 -34 -87 116 -43 -112 83 33 -61 -50 70 -103 -121 -33 -112 -111 -22 -141 69 -18 142 106 47 94 138 -2 85 -44 75 -69 -105 83 39 18 -128 -34 131 -55 -102 -75 -53 -43 -57 97 -89 -41 -40 14 88 -88 -68 -99 -39 64 88 111 81 -145 -123 -34 -99 -30 60 -21 3 -105 20 40 -104 37 -23 52 132 51 -70 -102 146 62 -24 101 22 -50 -75 -57 -111 25 140 33 107 140 -96 133 -126 -136 -111 -81 -3 60 -36 118 -91 -43 78 -128 -10 20 -147 60 -52 -135 -93 -95 44 11 97 76 36 -9 95 145 -46 29 116 -147 -38 -1 -69 -63 -65 68 46 20 144 -76 -119 -107 139 -113 18 145 77 -73 11 -63 -88 51 93 -134 19 23 -90 -6 2 2 -52 -27 -116 52 -4 92 119 52 95 13 -92 82 -145 23 74 -60 63 -41 -35 146 90 129 -126 73 -28 67 -127 25 13 -6 -38 128 -137 70 108 ; 
47 10 7 6 83 39 14 33 31 90 21 92 18 47 76 91 32 82 84 53 98 92 16 12 2 4 95 48 65 80 97 60 5 87 41 76 77 64 80 48 65 96 49 72 7 57 91 29 66 18 51 88 32 21 69 64 88 59 95 38 79 28 4 68 51 1 10 55 94 58 19 33 67 14 42 22 94 64 28 67 65 38 31 9 57 14 70 97 55 63 5 45 87 20 21 90 69 71 14 61 34 96 15 97 88 19 47 15 72 35 71 85 43 91 40 36 57 32 9 92 16 1 84 84 21 31 58 94 15 90 59 61 75 35 31 13 37 30 48 77 9 82 73 73 51 70 57 77 77 94 68 48 5 27 74 47 76 45 6 32 40 92 30 26 13 67 29 93 79 27 65 64 52 88 59 18 16 60 13 64 72 42 30 52 21 49 20 2 54 62 67 65 66 4 80 10 37 64 23 32 18 ; 
L -63 -137 7 141 -135 -107 -115 36 112 -34 -87 116 -43 -112 83 33 -61 -50 70 -103 -121 -33 -112 -111 -141 69 -18 142 106 47 94 -2 85 -44 75 -69 -105 83 39 18 -128 -34 131 -55 -102 -75 -53 -43 -57 97 -89 -41 -40 14 88 -60 30 90 -23 134 -93 -51 88 63 -11 73 -77 -82 92 129 -126 73 -1 -69 -63 -65 68 46 20 144 -76 -119 -107 139 149 -104 37 -23 52 132 51 -20 105 -3 21 -88 -68 -99 -39 64 88 111 81 -145 -123 -34 -99 -3 60 58 97 -36 118 -91 -43 78 -128 -10 20 -147 60 148 -52 -135 -93 -95 44 11 97 76 36 -9 95 151 145 -46 29 116 -147 -38 -145 23 74 -60 63 -41 -35 146 90 107 140 -96 133 -126 -136 -111 -81 -6 2 2 -52 -27 -116 52 -4 38 6 -25 -152 127 -67 28 -145 -18 113 -40 -70 -102 146 62 -24 101 22 -50 -75 -57 -111 25 140 33 -13 -95 -52 -119 -92 -150 128 13 70 108 ; 
19:75 4:16 3:11 3:9 34:132 22:84 36:144 9:33 37:147 8:28 19:75 31:121 37:145 13:51 33:131 34:134 22:84 40:156 37:147 7:25 5:19 1:3 2:6 38:152 19:73 32:128 39:155 24:96 2:8 35:139 17:65 42:166 26:102 32:128 20:76 26:104 39:153 20:78 29:115 3:11 23:91 37:145 12:46 27:105 8:28 21:81 36:140 13:51 9:33 28:110 26:102 36:140 24:94 38:152 16:60 23:91 6:22 16:60 37:147 28:110 3:9 18:72 31:121 19:75 30:118 11:43 2:8 28:108 7:25 7:25 1:3 22:86 12:48 12:48 20:76 31:123 4:14 33:131 30:116 30:116 21:81 28:112 23:91 31:123 23:91 1:3 26:104 16:60 13:49 4:14 23:91 17:65 26:102 38:150 9:35 26:102 12:44 2:6 28:108 21:81 1:1 4:16 22:88 38:150 24:92 8:30 14:52 20:76 29:115 12:44 6:22 10:38 29:113 34:136 18:68 37:145 16:64 15:57 23:91 13:51 4:14 8:30 36:144 7:25 1:1 34:134 34:134 9:33 13:49 24:92 38:150 6:24 36:144 0:0 26:104 25:97 30:120 14:56 13:49 6:20 35:137 6:20 26:102 29:115 17:67 12:48 21:83 9:33 20:78 19:73 14:54 39:153 6:24 39:155 36:140 8:30 19:75 11:41 11:41 6:20 27:107 12:46 38:148 32:126 11:43 13:51 4:16 20:78 38:152 35:139 26:104 27:107 10:36 28:108 38:150 48:188 1:1 28:112 39:155 22:88 26:100 2:8 18:72 35:139 8:32 9:33 36:144 28:110 29:113 6:22 15:59 24:94 36:140 21:83 26:102 25:99 18:72 1:3 18:68 13:51 8:28 ; 
L -72 133 -44 10 -15 -80 -33 -119 147 107 63 -88 13 33 -122 138 51 66 -108 -116 -130 -33 132 -98 68 7 -12 49 -1 -94 -9 -100 136 -107 5 85 -5 -73 12 -56 144 -31 -31 -146 93 143 -29 -53 131 47 -53 132 92 -97 -89 109 -23 -105 129 126 136 -29 42 -16 -111 -4 -13 139 -99 -32 92 123 -134 -65 94 20 -46 128 -6 -13 -24 1 71 -39 -61 147 3 132 47 135 62 -64 -71 39 -113 -135 82 -62 -85 -95 -59 136 82 47 -33 -99 90 112 -31 90 -10 -95 -55 123 7 -33 -105 -39 -100 143 122 -44 41 79 -41 -122 -67 -72 -34 138 137 -4 145 67 -86 -117 -94 -71 -55 59 -96 89 -88 -44 -50 98 -63 -34 -129 30 -126 -105 44 -68 -17 -115 136 123 86 -89 -77 -113 17 15 -35 22 8 -132 -129 -89 147 31 -26 -49 89 -144 -149 -97 -125 19 70 -59 110 -45 106 126 12 3 -61 -120 -141 -11 3 82 112 3 98 -53 -119 -50 ; 
12 38 33 3 80 17 84 87 80 52 79 85 15 52 45 39 99 30 21 12 29 9 3 87 63 20 39 71 66 73 6 64 9 100 63 67 69 64 28 34 59 76 65 48 42 12 31 16 16 68 89 58 24 35 56 57 91 35 44 71 9 26 25 5 74 78 95 91 63 67 53 62 85 49 100 85 29 100 55 3 93 48 12 87 13 33 87 91 12 45 12 7 52 70 14 84 70 81 86 57 5 70 76 15 89 68 34 11 50 15 12 40 97 21 7 63 81 73 87 66 91 86 9 60 20 66 13 55 83 2 91 4 58 33 89 2 95 90 33 50 13 11 36 78 53 10 50 58 94 18 25 40 97 76 28 28 27 45 44 14 20 93 63 8 75 78 14 66 54 4 35 28 11 68 27 29 91 94 73 28 13 79 21 10 76 79 3 51 95 82 25 60 13 63 43 43 73 34 76 14 38 ; 
L -89 109 95 85 62 -82 135 113 -39 -150 -145 -72 133 -44 10 -15 -80 -126 -105 44 -135 -47 -132 -3 -147 61 39 -71 -1 24 13 6 -128 46 -20 -94 65 134 -123 -92 32 99 -139 13 88 -63 -152 -107 -147 119 33 -30 129 34 63 -98 50 12 -34 23 -59 136 82 47 -33 -99 90 112 138 137 -4 97 -92 -132 53 -47 -131 53 29 -143 -93 146 31 31 -144 56 -12 73 5 -85 -5 107 -136 100 9 94 1 -49 -126 -106 45 -110 59 -70 -19 125 97 149 144 -89 49 -153 26 -147 89 129 132 -8 -22 35 -15 -17 113 77 89 -86 -123 -136 115 17 68 62 -64 -71 67 -86 -117 13 33 -122 138 51 66 -108 -116 -130 -33 -98 68 7 72 67 122 41 -79 -41 44 -122 -143 100 -151 39 33 -7 -123 55 95 10 31 154 -90 31 -105 129 126 136 -29 42 -16 -111 -94 -71 59 -96 -88 -44 12 3 -61 -120 -141 -11 3 82 112 3 98 -53 -119 -50 ; 
21:83 23:91 23:91 23:91 35:137 33:129 28:112 34:134 6:22 32:124 26:102 12:46 16:60 14:52 2:4 32:128 7:27 24:92 16:64 39:155 10:38 18:72 5:19 37:145 35:139 14:52 6:20 35:139 5:19 20:76 38:148 2:4 22:88 40:160 12:46 34:136 40:160 20:78 34:136 25:99 22:84 27:107 26:100 37:145 6:24 34:136 39:153 26:100 21:83 32:128 35:139 21:81 8:28 38:150 24:92 20:80 4:16 25:99 18:68 4:16 16:62 28:112 31:121 6:24 36:142 28:108 14:54 5:17 16:62 37:145 2:6 18:72 14:56 10:38 24:92 36:142 28:108 7:25 7:25 13:49 5:19 17:67 20:76 26:104 31:121 24:94 14:54 12:44 26:102 28:110 27:107 26:100 40:160 4:14 26:102 3:9 30:116 27:105 24:92 32:126 31:121 4:16 9:33 32:126 6:20 12:44 30:116 38:150 37:145 12:46 11:43 38:148 22:88 22:86 14:56 2:6 22:86 27:105 6:22 32:124 30:120 4:12 26:100 38:148 8:32 6:22 18:70 18:72 11:43 12:44 12:44 26:102 3:11 21:83 19:73 36:142 1:3 12:44 21:83 18:72 16:62 40:158 12:48 9:33 5:19 12:46 4:14 29:115 26:100 8:32 32:126 22:88 6:20 27:105 8:32 24:96 4:14 35:137 37:145 27:105 20:80 22:88 3:11 26:100 3:11 9:33 39:155 16:64 8:30 21:81 15:59 6:24 16:60 18:70 29:113 4:14 11:41 10:40 2:8 30:118 44:174 36:144 11:41 6:20 1:1 32:124 3:11 21:81 38:152 33:131 10:40 24:96 6:20 26:100 18:68 18:68 30:116 14:54 31:121 6:22 16:60 ; 
L -94 -99 60 101 -69 57 40 134 16 16 -142 120 -82 48 -125 106 -50 33 -65 111 -39 106 -10 75 6 -58 -127 46 -141 40 -123 100 80 -68 -61 -36 -69 61 53 -81 108 -147 105 77 73 -70 32 -16 -21 -122 -28 127 137 27 -130 -67 -38 142 -46 -92 86 -54 -63 -2 -133 120 142 55 73 22 -43 81 72 -43 -69 43 -7 8 -26 -13 63 127 124 38 143 73 -93 -17 -13 -50 -3 104 13 -107 141 -60 -125 96 32 -42 -87 27 -75 141 28 -11 -117 -66 44 -124 74 -3 -118 114 149 -148 105 92 91 16 -63 134 88 -85 92 -110 10 24 -23 84 -33 84 33 -56 149 69 12 -92 103 79 109 127 -77 135 91 -134 123 75 144 -81 -82 126 -105 33 18 31 -121 115 42 8 149 61 111 -40 -97 28 -91 -59 -4 5 -120 114 -131 -51 -123 98 31 107 121 -119 -136 -135 -59 -146 120 -146 -12 -47 113 76 77 -67 87 23 -38 50 -16 -121 -108 6 ; 
58 45 12 50 6 46 41 79 79 46 13 50 69 45 25 75 39 71 56 100 24 71 1 89 77 3 81 7 20 74 76 26 16 64 34 50 34 77 23 75 26 29 21 51 19 70 41 31 72 77 73 78 81 63 88 93 68 11 6 99 74 91 93 24 33 89 1 7 85 17 56 98 33 42 37 72 70 36 90 7 54 6 64 53 72 2 32 49 5 21 68 74 43 6 99 57 84 2 18 45 54 3 79 24 85 34 15 16 34 97 92 72 83 92 75 7 27 40 85 16 43 42 85 29 66 64 68 60 23 17 83 92 98 83 43 14 78 85 62 17 99 7 72 87 100 7 65 26 27 6 27 20 50 59 43 45 43 36 36 20 73 40 16 58 7 61 26 25 69 49 17 75 61 69 83 88 52 61 64 27 43 92 6 79 84 97 63 41 92 79 68 97 25 82 61 98 45 57 98 21 89 ; 
L -94 -99 60 -107 141 -60 16 -63 134 88 -85 92 -125 96 32 -42 -87 27 -75 141 28 -11 -117 -66 44 107 121 -119 -136 -135 -59 -146 120 -146 -12 -47 113 77 -67 87 23 -38 50 8 134 59 91 -28 -152 97 40 -111 -61 -149 -40 -57 69 -101 -154 -13 -104 3 50 13 17 93 -4 5 -120 114 -131 -51 -123 151 153 98 31 -124 74 -3 -118 114 149 150 -148 105 92 68 -123 134 -91 -135 77 -127 -109 -79 -103 92 -12 -69 -149 56 -33 -84 33 23 -24 -10 -6 -75 10 -106 39 -111 65 -120 142 -16 -16 -73 -143 -38 -124 -127 -63 13 26 -8 7 -43 43 -72 -81 43 -22 -73 -55 -142 -120 133 2 63 54 -86 92 46 -142 38 67 130 -27 -137 -127 28 122 21 16 -32 70 -73 -77 147 -108 81 -53 -61 69 36 61 -80 -100 123 -40 141 -46 127 58 121 16 -42 -115 121 -31 -18 -33 105 -126 82 -144 -75 -33 50 -106 125 -48 82 91 -110 -108 6 ; 
24:92 18:72 5:19 18:72 40:158 23:91 32:128 18:68 17:67 34:136 12:46 27:105 21:81 1:3 8:28 18:72 22:86 2:4 32:126 10:38 34:136 14:54 6:24 7:25 14:54 29:113 26:102 11:43 18:68 37:147 3:9 32:126 34:134 39:155 26:100 17:65 37:147 50:196 39:155 10:40 33:131 25:97 40:156 11:43 15:57 26:104 10:40 11:41 24:92 11:43 3:11 24:92 7:25 16:64 47:185 17:65 19:73 3:9 26:104 39:155 18:68 30:118 28:108 9:33 2:8 20:78 35:137 20:78 7:27 30:120 25:97 28:110 34:132 8:28 36:144 38:148 21:83 35:139 37:147 29:115 34:132 37:147 30:120 15:57 23:91 11:43 16:64 28:112 16:64 26:104 3:11 40:160 35:139 29:115 3:11 40:158 7:27 25:99 34:136 32:124 6:22 18:68 34:132 40:156 37:147 4:16 10:36 24:96 6:24 31:123 36:142 1:1 29:113 10:38 40:160 10:40 20:80 6:20 19:73 12:46 1:3 29:115 22:84 26:102 3:9 22:86 3:11 36:144 15:57 28:112 36:142 17:67 14:52 40:156 23:89 7:27 34:136 3:11 1:1 36:142 14:52 10:38 38:148 37:145 30:118 40:158 3:9 5:17 28:108 38:148 36:140 26:100 33:129 32:124 30:116 31:123 29:115 13:49 17:65 28:112 8:30 4:16 12:46 11:41 30:120 10:36 31:123 14:54 20:80 34:134 7:25 11:41 31:121 30:118 8:32 3:11 33:129 21:81 23:91 16:60 15:57 15:57 18:68 18:72 18:68 24:94 20:80 8:32 1:1 11:43 8:28 29:113 16:62 30:120 10:40 18:72 39:155 14:52 42:164 9:33 36:142 ; 
L 31 -149 -105 -127 -10 -63 -30 -114 -33 103 4 -80 -61 79 115 80 45 102 -92 8 38 -80 -122 -126 -95 124 121 85 -128 -13 21 90 -79 -135 105 146 6 99 -96 -13 68 34 -95 110 -105 17 -100 -26 57 -63 -31 -100 7 41 -21 69 77 -14 55 -3 -13 -109 25 29 -13 -9 119 95 -3 -132 -81 -106 -85 45 54 125 -113 7 -81 -99 74 55 -139 85 129 -124 131 -70 133 71 103 121 -77 134 -5 76 -129 131 -30 119 -101 21 -130 139 93 60 -121 32 -45 -66 -45 109 -113 -48 -64 -56 -133 126 27 -53 29 79 101 86 -84 48 1 -92 -119 133 145 -100 -86 126 -146 29 99 -146 -114 126 -125 -59 -117 3 -128 4 8 142 -63 -108 79 60 122 106 -7 -103 -44 111 108 -3 -103 120 97 -123 58 115 16 -112 59 5 73 38 37 -83 66 141 -78 -97 46 -121 101 52 124 80 -70 145 86 119 46 60 -58 134 137 45 -49 -80 -115 -68 122 42 ; 
37 20 45 31 62 49 8 74 91 8 59 61 81 24 68 79 46 59 80 4 43 74 51 45 90 82 21 34 93 29 31 56 24 91 21 86 77 6 72 10 69 26 48 61 47 40 62 37 68 76 83 22 72 32 12 96 4 10 10 55 19 42 69 68 11 3 84 35 69 94 63 20 59 51 74 28 10 25 18 16 31 91 46 63 7 67 23 12 94 9 31 96 51 28 13 34 99 36 31 87 43 97 4 26 67 63 83 31 41 75 93 24 87 80 28 6 13 37 52 85 36 31 13 65 73 58 65 41 9 93 15 79 61 17 69 98 96 32 2 64 53 41 56 95 78 17 93 9 8 2 26 64 21 11 42 87 9 30 37 23 51 4 50 56 78 96 69 97 68 52 23 95 47 9 45 10 14 4 33 84 82 48 70 99 78 18 100 71 61 43 37 6 56 20 85 43 89 79 44 78 26 ; 
L 31 -149 -105 -127 -10 -63 -30 -114 -33 103 4 -80 79 115 45 102 -92 8 38 -80 -122 -126 -95 124 121 85 -128 -13 21 153 90 -79 -135 105 146 6 99 -96 -13 68 34 -95 110 -105 17 97 -123 58 115 16 -122 -60 -79 108 63 -142 -120 103 3 -126 133 56 48 113 -109 -13 154 -109 25 29 -13 -9 119 95 -3 -132 -81 -106 -85 45 54 125 -113 7 -81 -99 74 55 -139 85 129 -124 131 -70 133 71 103 121 -77 -1 -48 84 -86 -101 -79 -29 53 -27 -108 -111 103 7 -106 -112 59 5 -29 146 -126 86 134 -5 -137 -134 58 -60 76 -129 131 -30 119 -69 21 -70 -41 -7 100 31 63 -57 26 100 -8 -4 128 -3 117 59 125 -126 114 -99 100 -151 -145 -133 119 92 73 38 37 -83 66 141 -78 -97 -101 21 -130 139 93 152 60 -121 32 -45 -66 -45 -150 3 -55 14 -77 46 -121 101 52 124 80 145 86 119 46 45 -49 -80 -115 -68 122 42 ; 
15:59 8:32 18:72 13:49 25:99 20:78 4:12 30:118 37:145 4:12 24:94 25:97 8:28 28:108 33:131 24:94 32:128 2:6 18:68 30:118 21:81 18:72 36:144 33:131 9:33 14:54 38:148 12:46 13:49 29:115 23:91 10:38 37:145 9:33 35:137 31:123 3:9 29:115 4:16 28:110 11:41 20:76 25:97 19:75 16:64 8:28 23:89 32:124 39:153 28:110 30:116 9:33 26:102 11:41 1:3 4:12 18:72 2:6 21:81 12:48 15:59 6:20 11:43 32:128 35:139 8:30 22:86 38:152 28:110 28:108 5:17 2:4 34:134 14:56 28:110 38:150 26:100 8:32 24:94 21:81 30:118 12:44 4:16 10:40 8:28 7:25 13:49 37:145 19:73 26:100 3:11 27:107 10:36 5:19 38:150 4:14 13:49 39:153 21:81 8:30 26:104 24:92 30:116 26:104 6:20 13:49 15:57 34:136 18:72 15:59 11:43 35:139 17:67 14:56 28:108 21:83 10:40 40:156 28:110 7:27 15:57 6:20 4:16 23:89 3:9 15:59 18:72 40:158 15:57 13:49 35:139 15:57 39:153 5:19 5:19 13:51 29:115 9:35 34:132 31:121 28:108 15:59 24:92 38:148 7:27 32:124 38:152 23:89 17:65 22:84 26:102 2:8 52:204 20:76 31:121 6:24 38:148 4:14 17:65 38:152 19:75 4:14 18:72 4:16 6:22 2:6 8:28 39:155 2:6 11:41 27:107 1:1 37:147 34:132 13:49 17:65 30:120 38:148 39:153 37:147 22:88 4:16 4:16 11:41 34:134 33:131 20:76 28:112 40:158 34:134 40:160 29:113 25:97 17:67 34:136 18:68 36:142 32:126 18:70 32:124 11:41 ; 
L 104 102 133 123 54 -26 -108 126 103 70 85 -86 141 27 -115 -78 -126 -126 -121 -22 143 3 -117 -150 -14 78 82 147 76 41 -91 99 -117 123 82 80 135 31 47 -30 61 -150 100 -66 -41 141 -40 138 123 -125 79 20 -59 127 -53 36 -131 -113 132 -150 -110 41 -72 -21 45 73 56 11 129 118 -12 21 56 115 -59 119 -52 13 121 -14 103 150 -94 98 61 -66 10 47 143 85 14 -79 45 78 -114 120 97 36 129 -75 -20 128 -138 -62 -118 -47 -111 140 126 8 -145 104 48 -51 108 69 28 -65 25 43 -6 -65 77 127 76 101 122 37 6 6 17 105 143 -2 107 -24 -29 131 127 -23 -15 -84 53 77 13 -55 -13 -40 74 41 10 27 -100 148 93 -91 70 51 132 -10 -44 -111 149 97 78 -46 3 -143 -1 -45 76 -16 -94 -25 121 130 1 129 -7 109 104 10 91 -2 -25 -6 51 -85 35 41 47 39 88 -136 136 120 -19 147 -27 128 ; 
69 66 4 75 27 73 14 82 93 56 54 80 72 93 44 57 80 24 98 56 38 17 12 16 24 6 48 81 87 73 17 2 25 10 59 80 91 27 61 22 67 84 11 99 99 55 89 85 63 57 87 94 25 86 18 19 74 55 73 59 53 3 3 4 56 66 35 48 26 81 33 86 91 13 53 93 48 96 91 17 7 73 94 98 56 43 28 94 12 58 10 58 89 93 48 2 22 38 85 24 29 96 2 74 49 77 86 18 63 14 32 80 59 54 29 59 28 49 83 87 19 80 37 57 43 59 67 36 70 60 34 55 51 51 91 75 27 91 20 43 39 78 10 16 30 46 31 4 73 56 5 96 64 13 96 54 37 5 44 96 60 66 24 4 3 20 8 16 27 32 8 35 69 64 8 25 93 13 60 90 86 16 22 27 19 98 19 53 17 2 3 47 28 73 100 19 16 74 14 42 84 ; 
L 104 102 133 123 54 -26 -108 126 103 70 85 -86 141 -115 -78 -126 -126 -121 -22 143 3 -117 -150 -14 78 82 147 76 41 -91 127 -53 151 36 -131 -113 132 -150 -110 41 -72 -21 45 73 56 11 129 118 97 36 129 -75 -20 128 -138 -62 48 -51 108 69 28 -118 104 -65 25 -6 -65 77 127 76 101 122 -148 100 -27 -14 -85 -143 -47 -10 66 -61 -98 94 -150 -103 14 -13 52 -119 59 -115 -56 -21 12 -120 114 -78 145 -8 -126 -140 111 47 -153 -45 79 -10 -41 -74 40 13 55 -13 -77 -53 84 15 23 -127 -131 29 24 -107 2 -143 -105 -17 -6 25 94 16 -76 45 1 143 -3 46 -78 -97 -88 -39 -41 147 -149 111 44 10 -132 -6 -37 93 -91 70 51 152 -51 6 25 -154 2 -91 -155 -10 -104 -109 7 -129 -1 -130 99 -117 123 82 80 135 31 47 -30 61 -150 100 -66 -41 141 -40 138 123 79 20 -59 -121 -85 35 19 -120 -136 136 -27 128 ; 
28:110 27:105 2:6 30:120 11:43 30:116 6:22 33:131 38:148 23:89 22:86 32:128 29:115 16:62 23:91 32:128 10:38 40:156 23:89 16:60 7:27 5:19 7:25 10:38 3:9 20:76 33:129 35:139 30:116 7:27 32:126 8:28 30:118 16:60 30:118 22:88 30:116 24:94 22:84 2:4 2:4 2:6 23:89 27:105 14:56 20:76 11:41 33:129 12:46 16:60 34:136 10:38 12:46 39:153 1:3 30:118 36:142 22:86 12:46 24:94 12:44 27:107 35:137 1:1 34:132 38:148 32:128 15:59 23:91 18:68 24:94 27:107 30:116 6:20 26:102 30:116 4:16 24:92 5:19 38:150 12:44 18:68 23:89 40:156 38:150 30:116 3:11 3:11 39:153 20:76 38:148 22:84 6:20 37:145 35:137 11:41 1:3 20:76 41:163 13:51 6:22 26:100 8:28 35:137 10:40 22:84 36:142 33:129 2:8 23:89 30:116 2:6 13:49 19:73 12:48 7:25 4:16 32:124 16:62 18:68 8:32 37:145 11:43 30:120 37:145 21:81 21:81 22:88 14:54 36:140 26:102 28:110 14:56 4:12 13:51 11:43 7:25 4:12 8:32 2:4 7:25 12:44 5:17 16:60 4:16 10:38 27:105 24:96 39:153 24:96 28:112 24:94 22:86 15:59 2:8 21:83 15:59 8:30 40:156 19:73 20:80 11:43 38:148 16:60 7:25 35:137 36:144 24:96 6:20 38:148 2:6 10:40 4:16 24:94 32:128 37:145 11:43 25:97 9:35 27:107 34:134 5:17 40:158 40:158 22:88 36:142 34:136 26:100 44:172 38:150 10:40 12:48 21:81 7:27 16:60 7:25 8:30 40:160 26:104 17:67 34:134 ; 
L 122 -54 121 71 -148 -139 24 -136 116 -42 78 -103 14 108 132 142 58 9 74 -28 9 150 15 -131 82 144 53 -116 -60 -110 71 115 78 11 48 104 22 140 -96 -49 -141 142 32 76 -136 125 -88 113 11 -98 -15 -37 -61 -74 103 133 -102 77 89 -64 -3 129 -45 -5 61 97 -35 -110 16 -81 129 100 112 131 -54 -141 -113 111 123 -78 -28 37 -125 -147 -56 -126 112 31 54 -114 93 -115 131 -105 53 -1 -77 12 -6 -109 -44 148 57 -15 39 106 -76 50 -108 -1 -150 -86 125 -86 122 16 111 -3 -144 -127 78 64 116 41 62 -22 -135 6 -139 32 87 -31 -150 8 -85 136 46 -41 -14 -18 113 -62 -8 -96 -60 -38 50 -144 103 58 -127 -139 -42 -41 142 113 101 -128 132 -101 54 6 -50 122 47 133 -102 -68 121 -11 114 135 105 14 -94 23 21 7 73 -136 61 85 -93 37 46 -32 82 -129 92 -47 -32 -103 -147 56 69 -70 31 -73 123 113 ; 
41 78 51 21 45 37 54 94 37 19 41 98 29 66 67 62 37 17 9 80 34 77 90 72 42 34 29 97 16 86 37 98 13 80 6 35 53 38 59 95 3 5 40 3 69 35 9 15 81 53 10 23 86 93 98 77 89 87 97 14 16 55 19 95 19 30 29 65 9 56 27 99 62 36 61 84 3 39 22 92 92 17 40 73 56 27 66 39 4 87 86 42 9 98 21 43 58 3 100 69 40 76 29 60 53 84 11 35 25 14 19 20 69 54 78 13 44 82 27 86 65 52 77 60 79 73 21 32 19 23 37 1 62 99 91 97 89 95 83 24 40 9 38 43 43 44 44 47 9 91 72 91 44 86 51 53 57 7 4 59 28 1 73 2 95 8 43 46 46 1 98 80 19 88 4 85 30 27 53 69 18 57 21 10 81 77 91 44 88 69 1 27 83 21 14 88 13 33 77 91 35 ; 
L 122 -54 121 71 -148 -139 24 -136 116 -42 78 -103 14 108 132 142 58 74 -28 9 150 15 -131 82 144 53 -116 -60 -110 71 115 78 11 -1 -150 -86 125 18 14 41 -46 -136 85 -8 150 31 -87 109 6 -12 1 -53 105 -131 115 -153 -93 114 -54 -31 -112 126 56 147 125 -37 28 78 -123 -111 113 141 54 -131 -112 -100 -129 81 -16 110 35 -97 -61 5 45 -129 3 64 -89 136 -73 -7 -21 -23 94 78 61 85 -93 -14 -105 -135 -114 -133 -103 74 37 15 98 -11 -113 88 -125 136 -76 -32 -142 141 49 96 -140 -22 -104 -48 108 -50 76 -106 -39 15 -57 -148 133 -68 121 -11 -44 -47 -122 50 -6 -54 101 -132 128 -101 -113 41 42 139 127 -58 -103 144 31 -50 -155 38 -32 139 -6 135 22 -152 -62 -41 -116 -64 -77 102 60 86 113 -62 -8 -96 122 16 111 -3 -144 -127 37 46 -32 154 82 -129 92 -47 -32 151 -103 -147 56 69 -70 73 123 113 ; 
17:65 32:124 21:81 9:33 18:72 15:59 22:86 38:150 15:59 8:30 17:65 40:156 12:46 27:105 27:107 25:99 15:59 9:33 32:128 14:54 31:123 36:144 29:115 17:67 14:54 12:46 39:155 7:25 35:137 15:59 40:156 6:20 32:128 8:28 8:30 8:32 28:110 8:28 10:38 34:132 38:152 36:142 39:155 37:145 40:158 25:99 1:1 12:48 28:110 40:160 12:44 18:68 9:33 40:156 4:14 36:142 27:105 35:137 35:139 2:6 16:62 27:105 11:43 23:89 30:116 16:64 7:27 37:147 37:147 9:35 16:62 2:4 34:134 25:97 15:57 25:99 40:158 11:43 23:89 4:14 26:104 12:46 12:48 8:30 38:152 8:30 22:88 7:25 6:22 17:65 28:110 22:84 11:43 12:48 34:136 11:43 20:80 23:91 9:33 1:3 36:140 8:30 32:128 37:145 31:123 40:156 63:249 10:36 4:16 22:84 33:129 6:24 4:14 14:56 28:110 2:4 16:64 2:8 2:4 38:152 24:94 16:60 22:84 14:56 1:3 10:40 14:56 5:17 34:134 22:84 24:96 12:46 3:11 5:17 19:73 1:1 52:206 31:123 38:152 1:3 30:116 1:1 12:44 24:94 2:6 3:11 23:91 32:128 35:137 18:70 37:145 29:115 37:145 4:14 26:104 4:12 37:145 8:28 16:62 10:36 8:30 13:51 9:33 18:68 13:51 32:126 24:96 31:123 31:121 35:139 8:30 2:8 31:121 4:14 16:60 18:68 47:185 6:20 18:70 33:131 11:43 35:137 20:80 33:129 31:123 2:4 40:158 18:70 36:140 28:110 1:1 14:54 40:160 34:132 9:33 6:22 36:140 22:88 17:67 37:145 14:56 ; 
L 1 85 39 -141 71 36 89 143 -15 -34 95 -58 -23 123 -92 -53 -8 -126 -23 8 -131 141 40 6 -104 -78 21 28 95 49 18 -118 31 75 -42 52 -126 -112 -63 110 67 93 -10 139 38 -74 -71 79 -48 150 55 -102 130 80 133 -144 -19 77 115 76 44 51 37 -23 83 20 -77 -41 119 109 12 -38 -119 -136 -84 -93 6 -143 92 -67 98 80 133 -140 -50 22 -53 -63 -141 -27 -111 -14 62 134 -130 -90 100 23 44 -138 -9 -56 -134 14 -61 91 92 -129 129 13 148 20 -113 38 31 -6 113 -61 133 118 27 28 -77 44 -6 31 -18 70 -139 -61 -83 -53 73 -40 -128 -42 -121 131 -3 -27 -96 70 90 -140 18 145 131 140 52 41 -90 -103 -76 -83 -116 -96 5 56 90 -65 86 144 -104 149 39 79 109 -117 -13 104 -124 30 114 50 -39 71 46 -139 -76 -39 -94 -133 -61 53 -83 -117 44 31 145 -44 -109 -13 -65 -39 -56 37 4 92 -97 -45 ; 
61 84 16 18 3 32 94 62 50 69 79 7 1 14 89 24 51 28 36 55 51 48 87 3 47 51 58 76 15 2 99 41 51 42 17 16 91 69 83 44 33 49 20 69 93 91 85 94 91 77 74 83 71 25 70 23 15 34 42 67 21 85 31 34 83 55 30 26 37 27 70 61 75 12 74 6 73 84 80 7 65 8 24 51 84 78 66 13 24 49 52 94 41 88 24 60 71 73 44 21 1 80 12 61 32 48 35 51 87 16 9 31 62 19 84 36 10 48 12 62 69 29 75 41 83 1 1 9 89 85 15 98 33 44 86 39 70 87 92 94 1 23 56 69 75 55 80 47 47 6 91 42 66 92 73 22 93 12 19 3 62 85 39 65 72 19 90 71 75 2 53 55 25 92 39 5 11 26 63 12 26 60 80 32 95 54 68 50 55 9 49 16 57 20 100 57 43 73 42 71 66 ; 
L 1 85 39 -141 71 36 89 23 58 -95 34 -143 123 -92 -53 -8 -126 -23 8 -131 141 40 6 -104 62 134 -130 -90 100 23 136 119 -139 -76 -39 -94 -133 -61 53 -83 -117 44 31 145 -44 -109 -13 -65 151 -78 21 28 95 49 18 -118 31 75 -42 52 -126 -112 -63 110 67 93 -10 139 38 -74 -71 79 -48 150 55 -102 130 80 133 -144 -19 115 76 44 51 37 -23 83 20 -77 -41 119 109 12 -38 -46 -71 39 -50 -114 -30 124 -153 13 117 -109 -79 -39 -149 -144 -86 -91 61 -14 134 56 9 138 -44 -84 96 116 83 76 103 90 -41 -52 -140 -131 -145 -18 140 -90 -70 96 27 3 -131 121 42 128 -154 70 -139 -61 -83 -53 73 152 -40 18 -31 6 -44 -28 -27 -118 -133 61 -113 6 -31 -38 113 -20 -148 -13 -93 6 -143 92 -67 98 80 133 -140 -50 22 -53 92 155 -63 -92 56 90 -141 -27 -111 -14 -39 -56 37 -5 -129 129 -65 4 -97 -45 ; 
25:97 34:134 7:25 8:28 2:4 13:51 38:150 15:57 1:1 3:11 32:126 37:147 16:64 36:142 10:38 21:81 12:44 15:57 22:88 21:81 20:76 35:139 2:4 19:75 17:65 36:140 10:38 24:96 29:113 30:116 21:83 5:19 38:148 26:100 5:19 11:41 24:96 32:128 13:51 38:152 22:86 28:108 20:80 22:88 4:14 20:78 7:25 23:91 21:83 14:52 24:92 31:121 6:24 1:3 40:158 17:65 21:81 17:67 7:27 7:25 37:145 28:110 34:132 18:70 14:52 20:78 8:32 28:110 38:148 37:145 34:136 38:150 37:145 31:123 30:118 34:132 29:113 10:40 28:112 10:36 6:24 1:3 27:107 9:33 34:136 13:49 14:54 34:132 22:88 12:48 11:41 15:59 11:43 28:112 25:97 4:12 5:17 2:8 16:62 37:147 10:40 22:88 28:110 23:91 30:120 29:113 36:144 8:30 29:115 28:110 34:136 12:48 20:76 13:51 25:97 5:19 32:128 1:1 9:33 27:105 2:4 9:35 30:116 37:147 27:105 17:67 37:145 3:9 19:75 19:75 32:128 22:88 30:120 28:110 23:89 10:36 1:1 38:150 37:147 35:139 28:112 16:62 40:160 3:9 36:142 34:136 6:24 40:156 14:52 16:64 14:54 4:12 1:1 1:1 34:132 12:44 12:46 28:110 25:99 5:19 20:76 4:16 15:57 34:134 8:30 25:99 13:49 4:14 4:14 30:116 34:134 32:128 3:11 26:104 4:12 10:38 21:81 34:134 32:124 27:105 20:80 36:144 10:36 6:24 7:25 8:30 6:20 20:78 21:83 38:150 6:22 40:160 23:91 5:19 42:164 35:139 20:80 38:150 20:76 29:113 27:105 ; 
L 48 121 87 76 -117 142 -39 -38 142 121 -70 -139 107 -53 -96 89 -134 -100 -25 -15 97 75 -118 130 116 130 -105 -87 -83 -49 24 -79 -10 49 -141 -61 -87 84 87 -97 -145 25 -114 -76 98 -26 102 40 -107 -64 -148 78 3 61 -58 -29 45 46 -39 135 -119 -28 67 -8 -15 -84 106 -96 -124 54 -27 145 -129 31 -42 63 -89 12 -53 148 -18 146 -96 132 -85 -13 -132 -54 42 146 46 -91 -58 -12 -64 -69 -47 108 54 -84 50 -75 -46 133 -92 38 77 150 62 -119 18 -138 35 20 88 -95 38 45 -43 -11 17 -122 -37 -59 -47 16 -26 113 55 -27 -46 122 144 -92 3 -101 100 -131 35 -58 -59 78 118 -47 54 -96 37 -11 -119 -53 -120 129 -26 -141 87 36 128 -131 121 70 69 -113 139 76 -33 -139 118 -132 -23 88 -148 -17 15 75 -63 89 9 81 -12 38 -122 128 1 31 -49 97 -123 26 33 75 80 48 -40 -59 -36 38 -107 -141 2 -33 ; 
37 47 4 21 100 47 99 53 38 14 79 67 5 68 99 67 95 71 21 71 24 26 44 13 5 49 37 7 51 57 64 55 6 61 18 26 88 23 55 66 57 12 100 35 79 13 48 68 50 45 95 54 57 60 6 16 86 76 100 32 71 47 57 46 59 84 15 60 77 5 73 48 49 60 33 44 43 43 72 35 59 48 44 28 64 54 88 52 36 27 91 51 45 28 55 90 79 75 38 88 59 94 14 19 8 67 15 62 46 66 31 10 53 33 90 12 86 32 40 24 65 30 30 24 21 62 46 87 39 63 34 35 53 17 63 92 76 33 72 82 50 24 55 57 40 43 9 70 82 27 88 74 53 31 38 97 37 23 72 45 24 24 66 59 63 14 21 37 42 33 94 3 66 39 56 98 61 21 93 90 89 46 98 50 4 79 61 99 54 68 97 89 33 84 76 58 79 72 97 22 8 ; 
L 48 121 87 76 -117 142 -39 -38 142 121 -70 -139 155 -1 -128 122 -38 12 -81 -9 -89 63 -75 -15 17 148 -88 23 132 -118 33 -76 -139 113 -69 -70 -121 131 -128 -36 -87 26 -129 120 53 119 -108 47 69 64 12 58 141 91 -46 -87 -84 87 61 141 -49 10 79 -24 49 -153 83 -107 11 -37 96 -152 -54 47 -118 -78 59 58 -35 131 -100 101 -3 92 -144 114 -25 145 97 -146 -42 54 132 13 85 -132 96 -146 18 -148 53 40 -48 -123 26 33 75 80 36 59 37 122 -17 11 43 -45 -38 95 -88 -151 -20 -35 138 -18 119 -62 -150 -77 -38 92 -133 46 75 -50 84 -54 -64 -148 78 3 61 -58 -29 45 25 100 134 -89 96 53 -107 31 -49 97 38 -107 -39 135 -119 -28 67 -8 -15 -84 106 -96 -124 54 -27 145 -129 31 -42 63 -89 12 -59 -47 16 -26 113 55 -27 -46 122 154 -76 98 -26 102 40 105 -130 -116 -130 118 -75 15 2 -33 ; 
15:59 19:75 2:6 9:33 40:160 19:75 40:158 22:84 16:60 6:22 32:126 27:107 20:78 18:68 40:156 19:73 36:142 36:144 38:148 9:33 25:97 40:156 23:89 16:62 27:105 2:4 38:150 14:52 17:67 15:59 8:28 26:100 24:94 27:105 10:38 10:38 18:72 29:115 10:36 15:59 39:155 25:99 22:84 30:118 36:140 11:43 12:46 30:120 32:126 36:144 22:88 12:44 29:113 14:56 21:81 26:104 22:88 10:36 36:140 11:41 8:28 25:97 3:9 22:88 26:102 20:80 32:126 30:118 24:96 28:112 4:14 40:156 39:155 16:64 23:91 22:88 10:38 20:80 33:131 29:115 14:52 31:121 37:147 26:100 7:27 24:96 40:160 5:19 23:91 37:147 11:43 15:57 21:83 36:140 22:86 26:102 12:44 18:70 20:76 24:94 14:56 9:35 14:52 28:108 40:158 22:86 28:108 39:155 25:97 31:121 36:144 12:48 12:48 26:104 10:38 16:64 13:51 35:137 5:19 17:67 37:145 14:52 22:84 4:16 13:49 27:105 19:73 25:99 6:24 27:107 4:12 8:30 6:22 38:150 24:94 36:140 31:121 38:152 22:86 23:91 24:96 3:9 7:25 35:137 16:60 9:33 29:113 38:152 27:107 40:158 28:108 32:124 2:6 32:126 32:126 32:126 22:86 13:51 29:113 19:75 23:91 19:73 24:94 34:134 6:24 24:96 31:123 2:8 30:116 20:76 20:78 24:96 14:52 18:70 18:68 18:68 28:108 9:33 25:99 19:73 35:139 16:62 26:100 14:54 14:56 22:88 40:160 32:126 6:20 20:76 28:108 12:46 15:59 20:78 2:8 6:20 18:70 20:80 39:153 9:35 4:12 ; 
L -2 40 -105 39 -126 73 -85 140 118 44 -23 82 56 -119 -34 2 -128 119 54 -50 47 -6 -98 -104 113 -17 112 -47 -18 133 -31 -36 -70 -62 129 79 -47 21 -110 -42 105 -41 63 -96 -142 -76 90 -65 33 -41 -134 44 144 -44 98 64 147 -80 -120 6 105 22 56 85 5 17 -87 -10 31 14 -45 -59 -28 104 -21 -38 -108 -131 6 27 -100 -121 91 89 -60 35 -150 -79 -66 -10 -30 -85 146 -127 20 -47 140 -3 121 120 128 43 -120 102 -98 -17 71 -149 143 -110 93 118 106 -144 40 -19 89 -30 60 -72 139 -133 77 -146 -12 -71 -79 -3 -79 -15 121 89 35 66 94 28 86 -77 -33 40 -150 -64 -23 9 35 15 -11 14 32 -84 -40 -49 -63 32 -60 123 29 11 61 83 -83 -7 -32 -84 88 21 110 126 -64 -133 96 140 -105 62 83 74 -81 -145 -86 -150 -89 -131 -133 -74 -125 -60 -122 94 -108 -23 19 -130 -55 121 -42 5 86 -48 -86 135 ; 
41 10 20 34 40 1 88 11 88 20 41 85 87 75 5 99 18 31 33 73 97 57 6 73 9 17 97 66 100 25 51 36 88 78 65 99 72 83 55 50 71 54 58 6 66 43 19 31 55 71 10 9 76 68 70 16 26 65 53 39 29 96 16 59 15 35 80 45 60 79 14 29 41 51 25 6 81 64 55 31 22 16 25 37 95 73 22 78 42 93 69 52 97 15 88 22 56 47 81 20 62 11 17 81 51 80 98 35 48 63 83 54 86 25 70 63 64 14 7 20 60 73 58 74 8 14 34 8 87 66 82 68 59 98 32 43 25 99 54 15 48 14 16 46 98 93 90 93 27 87 82 71 25 86 35 8 89 24 6 67 4 3 58 82 61 8 92 95 80 68 23 17 71 25 65 6 91 51 81 26 25 40 82 61 84 45 46 54 44 92 6 78 85 98 93 92 49 69 75 15 31 ; 
L -2 40 -105 39 73 -85 140 118 44 152 122 60 125 74 32 -84 -144 -44 134 41 -23 82 56 94 -108 133 131 89 150 86 145 81 -74 -83 -62 105 -140 133 64 -33 65 -90 76 142 96 -63 41 -105 42 110 -21 47 -79 -129 62 70 36 31 -133 18 47 -112 17 -113 104 98 6 -47 50 -54 34 -119 128 -2 119 151 -126 -110 -21 -88 84 32 7 83 -83 -61 -11 -29 -123 60 -32 63 49 40 -44 98 64 147 -80 -120 6 105 22 56 85 5 17 -87 -10 31 -131 6 153 27 -100 -121 91 89 -60 35 -79 -66 -10 -30 -94 -66 108 38 21 -104 28 -154 59 45 -14 -35 -89 -121 15 79 3 79 71 12 146 -77 133 -139 72 -19 89 -11 14 -23 19 -130 -30 60 -40 144 -118 -93 110 -143 149 -71 17 98 -102 120 -43 -128 -120 -121 3 -140 -155 47 -20 127 -146 85 28 -77 -33 40 -150 -64 -23 9 35 15 -55 121 -42 5 86 -48 -86 135 ; 
17:65 4:16 8:32 14:54 5:19 36:140 5:17 36:140 8:32 8:30 18:70 19:73 18:72 34:134 21:81 35:139 32:128 31:121 4:14 4:16 50:198 34:136 35:139 11:43 18:70 25:99 33:131 16:64 10:40 11:41 33:129 21:81 37:145 3:9 26:104 10:40 29:113 15:57 28:108 11:43 22:88 13:49 8:30 18:68 27:105 3:9 24:92 22:86 29:113 20:80 22:88 34:132 29:115 40:158 26:104 32:124 36:140 15:57 21:81 10:40 40:160 27:105 39:155 7:27 4:14 30:116 3:9 23:91 39:155 30:116 39:153 7:27 13:49 8:28 10:38 37:147 38:148 38:152 37:147 4:12 25:97 33:131 24:92 2:4 2:6 27:107 3:9 10:38 36:142 4:12 14:56 35:137 10:40 29:113 28:112 28:112 7:25 11:41 26:104 22:84 16:62 12:46 39:153 7:25 24:94 6:24 14:56 32:128 18:72 24:96 41:163 22:88 15:57 6:24 9:35 7:25 10:40 15:59 38:152 30:116 40:156 17:67 38:148 28:110 23:91 13:51 22:86 33:129 3:9 10:40 21:81 26:102 17:67 12:46 6:22 34:136 24:94 28:108 33:131 27:105 35:139 4:12 14:54 6:22 4:12 30:118 24:92 30:116 24:96 7:27 26:102 7:27 38:148 27:107 3:9 32:124 11:41 3:11 27:105 28:112 24:96 22:86 34:132 26:100 20:76 14:56 40:156 32:128 21:81 33:129 7:27 5:17 25:99 8:32 33:129 19:75 13:49 12:48 9:35 36:140 6:24 39:155 16:60 4:12 22:86 6:24 20:76 6:22 7:25 19:73 40:156 38:148 59:233 40:156 38:148 37:147 20:78 28:110 30:120 6:24 13:49 ; 
L 122 38 -92 40 36 8 103 17 123 -109 67 7 -127 -7 -74 90 38 -118 -32 -146 -1 26 100 -68 -124 43 19 -63 7 132 65 -47 92 124 -139 -100 117 54 93 -135 -26 -70 -67 7 -62 8 139 113 -27 -26 -50 -70 -38 98 136 20 -112 100 99 -79 -74 68 128 -24 133 -97 81 4 150 -86 -39 -51 123 -69 -62 -28 -60 96 -9 -43 144 -116 -18 103 -113 118 38 89 25 38 15 150 124 -36 -113 -42 -39 -14 -54 -100 -121 -40 -42 1 65 -14 -41 -129 -111 84 -2 16 -73 94 110 90 12 -136 14 -104 -13 -95 -84 -130 114 123 -36 133 -21 -139 37 130 -41 -18 45 70 -55 18 -19 -54 56 -52 77 -19 31 -8 -74 -11 -56 -13 130 -21 -56 150 108 111 -46 97 145 98 -101 -111 -28 93 -132 -106 -14 -104 -67 121 149 -122 -96 79 -2 9 23 103 54 86 -25 -98 -16 -87 -69 -77 -9 147 138 -23 28 89 51 67 -119 -65 -12 -37 -112 82 ; 
3 34 35 68 67 6 14 8 35 81 52 16 97 12 62 62 17 34 85 98 34 78 9 18 9 29 51 86 37 79 68 2 30 85 21 90 88 45 45 64 92 34 51 50 24 2 1 32 100 73 5 54 20 54 6 18 16 26 44 31 100 92 29 97 19 8 82 79 33 84 45 47 45 98 11 64 5 19 19 43 66 53 36 62 37 6 25 82 71 21 24 58 32 5 4 74 39 53 63 58 63 27 98 79 44 31 64 21 90 74 25 17 19 10 32 96 45 89 67 32 55 57 38 56 75 68 95 64 90 37 67 94 61 72 48 71 93 37 57 10 9 74 52 33 80 53 66 32 68 83 63 91 35 85 23 28 26 24 29 48 57 92 68 58 7 42 42 27 59 66 80 75 41 11 72 14 8 51 53 5 55 16 75 21 21 28 94 5 73 34 57 5 89 94 71 92 74 87 41 57 15 ; 
L -90 -110 -94 73 -16 2 -84 111 129 41 -106 -14 -104 -67 121 149 -122 100 99 -79 -74 68 -24 133 -97 81 122 38 -92 40 36 8 103 17 123 -109 67 7 -127 -74 151 -16 -87 -69 -77 -9 147 138 -23 90 38 -118 89 25 38 15 150 124 -36 -113 155 -42 -39 -14 -54 -100 -121 -40 1 65 -14 132 -93 28 111 101 -98 -145 -97 46 -111 -108 -150 56 21 -130 13 130 -41 -18 45 70 52 -56 54 19 -18 55 77 -19 31 -8 -74 -11 -56 -37 139 21 -133 36 -123 -114 130 84 95 104 -14 136 -12 -153 4 150 -86 154 -96 79 -32 -146 -1 124 68 -100 -26 43 19 152 -63 7 132 65 -47 92 124 -139 -100 117 54 93 -135 51 39 112 -20 -136 -98 38 70 50 26 27 -113 -139 -8 62 37 -7 67 70 26 123 -69 -62 -28 -60 96 -9 -43 144 -116 -18 103 -113 118 38 -2 23 103 54 86 -25 -98 28 89 51 67 -119 -65 -12 -112 82 ; 
10:38 39:153 13:51 4:16 8:30 7:27 10:40 30:118 36:144 9:33 18:72 17:67 11:43 24:94 27:105 32:128 30:120 14:54 18:70 13:49 40:160 37:147 40:160 8:30 4:12 33:131 32:128 14:54 14:56 28:108 27:107 3:9 6:22 4:12 14:56 33:129 21:83 7:25 39:155 22:84 12:44 28:110 9:33 9:33 12:44 38:150 2:8 30:116 14:54 20:76 7:27 14:54 24:92 29:113 9:33 10:38 24:92 13:51 2:8 2:6 8:30 39:155 16:62 22:84 26:100 24:92 26:100 11:43 46:184 18:70 13:49 25:97 3:11 24:92 28:108 37:147 23:91 20:76 12:46 10:38 11:41 12:44 10:36 34:136 14:56 37:145 26:100 65:257 25:97 29:115 20:76 29:113 26:104 30:118 4:14 4:16 23:91 15:59 32:128 14:52 32:128 22:84 27:105 13:51 28:108 7:25 27:107 15:59 36:144 26:102 38:152 28:108 30:120 23:89 16:60 30:116 13:51 27:107 36:142 15:59 30:118 14:52 34:134 33:129 23:91 5:17 31:123 40:156 14:54 10:38 4:14 8:28 4:14 34:132 21:81 4:16 34:134 15:59 32:126 28:108 1:3 12:48 34:136 9:33 36:144 36:140 18:72 18:72 26:102 28:110 19:75 9:33 7:25 8:28 3:9 22:86 8:32 22:86 2:8 30:116 40:160 13:51 1:1 1:3 12:46 28:112 20:80 21:81 14:54 28:108 40:156 5:17 26:102 2:8 8:30 8:30 18:68 27:105 22:84 15:57 25:99 15:59 3:9 10:40 42:166 8:32 21:81 22:84 2:8 22:88 7:25 21:81 2:8 36:142 38:150 29:113 37:147 30:118 22:84 23:91 6:24 ; 
L 120 -83 12 -102 -32 -31 -36 -29 -33 -57 -33 150 -105 -60 51 144 39 103 1 102 -150 -6 -16 -38 21 -65 -122 -127 -31 137 98 138 83 -134 -109 125 72 103 148 130 54 -135 71 -64 81 -127 -132 -69 31 69 -148 -48 -145 -3 -112 -10 142 -44 -100 106 87 79 77 -37 -69 113 -105 80 128 -51 -71 -4 147 28 33 -116 -31 -113 29 -55 -136 89 130 4 103 66 75 57 25 -126 -149 -98 53 -117 -23 -116 127 -137 -129 141 120 79 -87 -105 13 82 -104 -37 -116 -6 -60 -13 -66 -85 -25 -81 2 -10 -20 115 -147 133 -102 -91 -139 149 -111 -6 53 76 -13 142 -117 81 49 125 110 68 128 25 53 -10 -29 39 -49 23 132 -144 27 -84 -84 6 124 -8 26 -63 -85 -100 101 129 143 93 68 97 -80 103 -63 129 97 112 -131 53 8 37 -97 90 62 23 129 -58 40 34 31 5 -120 69 -139 2 69 -91 34 15 -110 -118 -90 3 -34 28 8 70 ; 
33 84 87 43 99 40 27 45 19 96 94 89 88 83 91 19 40 5 2 3 22 11 80 54 29 20 63 80 16 7 92 5 88 2 21 88 49 82 3 49 13 84 28 17 28 98 1 74 10 7 47 78 28 67 11 75 55 64 31 99 66 27 78 14 92 77 34 31 44 53 40 59 63 46 56 47 43 34 57 90 21 23 1 83 89 67 32 50 57 15 74 40 14 7 15 24 16 74 84 53 73 23 75 48 82 91 75 92 32 49 72 22 73 15 94 14 34 46 100 72 51 45 71 2 67 93 33 42 48 21 53 100 22 72 6 11 84 23 4 71 52 79 91 4 90 58 88 89 43 37 9 40 51 91 93 100 20 36 25 6 15 50 86 68 61 8 58 10 18 57 31 17 47 47 3 91 89 85 75 15 8 13 12 82 13 90 74 70 53 81 6 95 22 36 47 73 25 30 88 94 90 ; 
L 120 12 -102 -32 -31 -36 -29 -110 -118 -90 3 -34 -33 -57 -33 150 -89 136 -155 -29 113 31 -6 -16 -38 21 -65 128 129 143 93 68 97 -80 150 -102 -1 -103 -39 -144 -51 60 105 130 4 103 66 75 57 25 -122 -127 -31 137 98 138 83 -134 -109 125 116 -33 -28 -154 -113 69 13 60 6 116 37 104 -82 -13 105 87 -79 -120 -141 129 137 -53 6 111 -149 139 91 102 -133 147 -115 20 -127 116 23 117 -53 98 149 126 -80 105 -147 4 71 51 -37 -8 -53 131 -112 -151 -97 -129 63 -103 72 103 148 130 54 -135 71 -64 81 -127 -132 -69 31 69 -148 -48 -145 -3 -112 -10 142 -44 -100 106 87 79 77 -37 -66 -25 -81 2 -10 76 -13 142 -117 49 125 153 110 68 128 25 53 -10 -29 39 -49 23 132 -144 27 -84 -84 6 124 -8 26 152 -63 100 85 101 -97 90 62 23 129 -58 40 34 31 5 -120 69 -139 2 69 -91 15 28 8 70 ; 
14:52 65:259 18:68 40:158 16:64 11:43 18:72 6:24 15:57 19:75 30:116 10:40 12:44 39:153 38:150 36:142 19:75 10:36 37:147 16:60 23:91 14:54 11:41 32:128 22:86 12:46 8:32 23:89 3:9 6:24 20:80 35:137 28:108 25:97 2:4 9:35 2:4 1:3 2:8 16:64 8:30 37:145 34:132 17:67 34:132 36:142 27:107 13:51 20:80 23:91 21:83 32:128 7:25 3:11 37:147 2:8 36:140 1:3 9:33 36:140 30:118 19:75 23:89 27:105 24:92 31:123 36:144 9:35 29:115 20:78 13:51 37:147 30:120 37:145 33:131 20:76 30:120 10:36 30:116 22:84 34:134 10:36 20:76 17:67 14:52 38:148 27:107 1:3 29:113 18:72 21:81 29:115 65:259 7:25 10:38 6:24 3:11 6:22 16:64 30:118 6:22 13:49 24:92 26:100 24:94 16:64 20:78 19:75 19:75 7:27 13:49 8:30 38:150 8:28 4:16 24:92 4:12 33:131 2:4 20:78 6:20 34:134 12:44 7:27 12:44 40:156 1:1 30:118 4:16 3:11 19:75 32:124 12:44 27:107 5:17 30:120 22:88 26:102 13:49 40:158 27:105 11:43 32:124 6:22 30:120 2:4 6:22 14:54 19:73 4:16 22:84 40:160 9:35 4:12 5:17 25:97 39:155 10:36 2:6 29:113 21:83 32:126 37:145 2:6 36:144 24:92 36:140 36:142 18:68 15:59 4:14 16:64 21:81 37:145 38:148 13:49 39:153 10:40 15:57 8:32 3:11 37:145 36:142 34:136 30:120 6:24 4:12 6:20 5:19 33:131 6:20 36:144 30:118 28:112 22:84 33:129 6:22 12:44 36:140 38:150 36:144 ; 
L -78 87 62 13 112 -31 138 90 23 135 45 -119 91 121 -129 148 23 28 47 13 84 -147 13 -34 124 -114 -83 -81 62 -61 5 -75 63 -99 146 56 49 75 -6 44 40 -125 142 80 20 77 -88 5 -149 27 -98 -37 30 14 58 -70 127 -148 120 70 69 -110 47 137 -59 13 22 110 -70 -81 -43 20 111 -11 -51 143 -113 -102 -29 114 -28 -75 67 -129 -26 -6 95 124 145 -131 -88 133 42 -92 150 -85 -73 -149 117 -60 -68 -68 55 6 -84 123 -55 17 102 -76 143 -128 27 -135 12 -54 -120 -96 3 124 110 37 -27 -105 70 -81 38 57 80 8 -114 34 110 35 92 -59 -63 -21 117 -68 -58 -32 -26 -4 111 85 27 -97 -46 -95 52 62 -127 150 -49 46 -10 89 41 50 -19 144 -104 -34 142 -37 80 -33 -49 139 -101 99 106 -3 22 103 61 56 57 -75 -51 59 29 136 75 -48 102 68 15 -81 -12 -81 -38 -125 102 -22 1 -124 -125 96 ; 
94 9 92 19 67 77 46 65 69 81 8 82 32 76 93 77 87 21 66 17 47 86 8 36 77 23 40 34 20 34 12 5 22 34 60 82 22 48 96 76 97 61 62 42 21 19 69 55 93 95 55 71 27 2 52 68 98 81 46 86 74 64 2 85 5 74 76 25 19 29 15 26 17 18 9 48 85 17 64 23 100 87 56 60 56 75 10 76 58 77 2 24 15 57 76 87 55 74 29 3 85 52 74 7 74 7 68 87 92 33 19 48 100 35 96 32 31 23 51 22 84 44 27 71 73 2 73 71 15 46 59 60 77 80 15 51 85 8 100 68 93 3 11 19 59 24 4 45 35 11 37 88 38 41 68 15 57 62 74 53 19 99 89 79 95 32 20 87 27 83 65 21 58 6 88 85 47 69 63 49 48 53 66 29 82 86 43 60 7 34 57 70 13 68 81 23 16 32 49 6 47 ; 
L 152 -78 87 62 13 112 -31 138 90 23 135 45 -119 91 121 -129 148 23 28 47 13 84 -147 13 -34 124 -114 103 -83 -81 62 -61 5 -75 63 -99 146 56 49 75 -6 44 40 -125 142 80 20 77 -88 5 -149 27 -95 52 58 68 -117 21 63 59 -92 -35 -110 -34 114 -68 55 6 -84 123 -55 17 102 -76 143 -128 27 -135 -81 -38 -125 -41 -155 -89 12 -54 -120 -96 3 124 110 37 -27 -105 70 -81 38 57 80 8 68 60 -117 149 73 85 -150 92 -42 -133 88 131 -145 -95 6 26 129 -67 75 28 -114 29 102 113 -15 -68 -102 48 -75 -136 -29 -59 51 -154 75 -57 -56 -61 -22 3 -106 -99 101 -139 49 -143 51 -111 -20 43 81 70 -153 -110 -22 -19 144 -104 -34 142 -37 -33 -81 -13 59 -137 -47 110 -69 30 14 58 -70 127 -148 120 37 98 -151 -1 22 46 97 -27 -85 -111 4 26 32 62 -127 150 -49 -10 12 -50 102 -124 -125 96 ; 
40:158 38:152 4:14 37:147 8:30 27:107 31:123 19:73 26:104 28:110 33:129 4:12 33:131 13:51 31:121 38:148 31:123 35:139 9:33 27:105 7:27 19:75 35:137 4:12 15:57 31:123 10:36 16:60 8:30 14:54 8:32 14:54 5:19 2:8 9:35 14:54 24:96 33:131 9:35 20:76 39:153 31:121 39:155 25:97 25:99 17:67 9:33 8:30 28:110 22:88 38:148 38:152 11:43 15:59 8:30 38:148 28:108 40:160 4:12 34:136 21:81 6:24 32:128 31:123 24:96 26:102 30:118 3:11 30:118 3:11 28:108 35:139 37:147 14:52 8:30 20:76 40:160 14:56 30:118 6:20 28:108 27:105 30:118 2:8 34:134 13:51 13:49 10:36 21:81 9:35 34:134 18:70 11:43 29:113 30:116 1:3 30:116 29:113 6:24 19:73 19:75 34:136 2:4 12:46 30:118 22:88 35:139 31:121 23:91 6:24 10:38 1:3 31:123 27:107 4:16 30:120 23:89 24:96 23:89 35:139 40:160 10:36 26:102 7:27 37:147 3:11 24:96 18:68 35:137 33:131 12:46 27:105 22:84 22:88 30:118 20:78 26:100 28:110 46:184 36:140 3:9 24:92 9:33 26:104 34:132 14:52 20:76 1:1 7:27 11:41 6:24 12:46 21:81 9:35 10:40 18:70 40:158 36:142 32:126 38:152 13:51 33:131 9:33 29:113 30:118 2:8 34:136 1:3 26:102 11:43 1:3 21:83 28:108 40:156 33:129 19:73 6:24 29:113 20:76 24:94 7:25 5:19 14:56 18:72 2:6 10:38 24:94 8:30 5:17 29:115 16:60 17:65 28:108 2:6 28:112 15:59 28:108 8:32 20:78 3:9 19:75 ; 
L -46 145 -36 -131 -68 -97 -88 100 -51 -132 44 123 107 -145 -12 53 -110 -93 46 -6 -42 33 4 95 98 -44 -125 45 -134 -1 133 21 -102 108 47 -10 -26 -58 -76 -1 41 -146 -95 -140 99 83 122 130 -118 -99 -112 -147 -136 62 -98 -105 -104 -139 -8 84 24 10 11 61 109 -126 -59 -134 63 90 115 -120 -3 -72 17 -130 -57 -17 -114 2 6 -29 -119 -109 -116 -3 90 102 116 -11 122 -125 -98 -17 106 90 -89 -64 -54 15 -88 -136 32 58 116 33 -31 41 -79 -96 25 -5 -74 -130 112 83 -30 21 -88 114 -97 45 81 -47 -55 -74 58 -112 -135 -90 -8 -34 -121 -2 52 12 -137 -117 -122 67 -90 -67 -129 -39 -12 -128 -150 1 138 -126 132 112 96 -35 -86 123 143 53 42 -79 -11 36 90 -13 -119 37 62 -97 -41 -14 -69 -34 35 51 -7 -14 -114 57 15 84 66 -57 -77 93 -27 45 -21 103 -146 79 -77 -131 53 -16 94 82 -71 -14 -43 -111 ; 
19 95 61 93 20 40 23 24 53 72 50 94 72 45 11 64 99 71 13 54 75 85 15 9 89 29 46 93 36 28 31 85 14 9 99 22 84 96 38 100 65 49 69 44 53 72 18 75 76 59 23 1 26 9 17 58 94 2 61 15 36 26 26 62 41 22 6 5 25 12 88 1 2 4 97 54 10 66 23 97 95 30 5 56 40 68 44 35 96 85 31 90 17 73 28 42 38 60 88 23 15 65 37 76 42 74 87 85 69 87 68 53 80 45 84 43 29 90 85 90 61 97 88 51 8 62 68 28 81 87 58 57 11 86 71 87 80 32 88 83 66 49 91 23 89 4 67 82 54 7 19 50 79 28 59 44 32 43 76 40 63 34 15 22 100 39 68 79 58 39 75 54 56 92 60 55 95 78 14 96 16 69 59 82 70 100 54 43 57 48 91 76 47 90 93 50 40 69 64 40 80 ; 
L -46 145 -36 -131 -68 -97 -88 100 -51 -132 44 123 42 6 -46 110 12 145 -107 33 4 95 98 -44 -125 45 -134 -1 133 21 -102 108 47 -10 -26 -58 -97 -41 -14 -69 35 51 -7 -14 -114 57 15 84 66 -57 -77 93 -76 -1 29 -6 -2 114 17 57 130 -17 -63 134 59 126 -109 -153 -61 -11 -10 -24 -84 8 139 104 105 98 -62 136 -122 -83 -99 140 95 146 112 96 -35 -86 123 143 53 42 -79 -11 -103 21 -45 27 -62 -37 119 13 -90 -36 -146 79 -77 -131 53 -16 94 -71 -14 147 112 99 41 -154 -132 126 116 -11 122 -125 -98 -17 106 58 116 33 152 -31 41 -79 -96 25 -5 90 -89 -64 -54 -88 -136 32 -74 -130 112 83 -30 21 -88 114 151 -97 45 81 -47 -55 -74 58 -112 -135 -90 -8 -34 -121 -2 52 12 -137 -117 -122 67 -90 -67 -129 -39 -12 -128 -150 1 138 -102 -90 3 116 -155 109 119 90 115 -120 -3 -72 130 -118 -43 -111 ; 
8:30 38:152 25:97 38:148 8:32 16:64 10:36 10:38 22:84 29:115 20:80 38:150 43:171 30:120 22:86 22:84 4:12 5:17 18:72 20:80 6:24 4:14 36:142 12:46 19:73 38:148 15:57 12:44 13:49 34:136 6:22 4:14 40:158 9:35 34:134 39:153 31:123 24:92 16:62 30:120 1:1 37:147 24:96 22:88 38:152 32:124 6:22 39:153 7:25 28:110 24:94 33:131 19:73 40:160 5:19 12:48 38:152 39:155 10:36 27:105 4:16 22:86 36:142 10:40 2:8 3:9 9:35 15:59 24:96 25:99 11:41 11:41 15:57 6:24 25:97 1:3 38:150 24:92 7:27 4:14 12:48 8:28 29:115 22:84 18:70 28:110 24:96 32:126 12:44 24:94 18:70 13:51 18:68 31:121 16:64 26:100 12:46 18:68 22:86 40:160 26:102 28:108 16:62 40:160 9:35 6:24 25:99 20:76 37:145 31:121 19:75 36:144 38:148 22:88 28:110 20:78 1:1 10:36 23:91 4:16 16:64 8:30 11:43 34:136 13:49 36:144 7:27 30:116 12:44 7:25 17:67 30:118 3:11 37:145 34:136 28:110 35:139 28:108 22:84 16:64 16:60 24:96 36:140 14:56 26:104 15:59 57:227 18:72 34:134 18:68 12:46 36:144 34:136 36:144 4:12 23:89 39:155 36:140 21:81 4:12 25:99 28:108 12:44 33:129 35:139 24:92 23:91 5:17 35:137 29:113 35:139 32:128 13:51 36:140 34:132 27:105 20:78 37:145 10:36 36:142 2:6 27:107 33:131 22:86 31:121 14:56 18:70 28:108 20:80 38:150 23:89 20:80 36:140 1:1 1:3 2:6 18:72 31:121 29:113 16:64 32:128 ; 
L -145 57 -54 23 60 -68 -46 2 62 92 -135 -28 75 128 -94 -79 -52 -104 73 -81 101 -31 118 61 95 -65 147 146 -19 8 -110 68 -48 -41 30 -104 -26 76 -57 34 -109 125 17 -51 55 -97 95 -69 140 -41 -26 -99 131 -1 136 -97 -75 -69 94 -1 -26 -54 46 -64 53 98 -133 91 -67 -1 -147 -145 93 86 -34 148 47 144 41 -53 50 110 -12 86 102 -35 -87 145 89 -148 6 73 99 11 137 -13 108 54 -146 -136 -136 27 -121 -49 25 -97 -81 -38 63 -35 -38 -58 -51 -75 -32 72 128 -139 -123 142 73 -104 -81 -88 -74 -99 -66 -74 -49 -124 -88 -110 13 18 -15 -133 53 111 26 -149 109 43 83 -6 80 -66 104 32 -96 -119 -126 -63 134 150 -109 -34 136 -141 15 -51 48 -23 -48 -57 -3 76 -132 -55 7 -33 -37 40 -60 39 -109 -27 13 -18 -77 -30 -57 67 135 78 -13 115 -20 80 -62 -46 54 7 112 -49 61 100 18 -69 -108 -27 ; 
11 81 34 68 48 31 56 60 39 95 76 46 77 12 88 6 39 37 71 32 52 7 97 96 94 73 12 69 86 54 19 44 42 20 4 71 47 15 3 82 79 62 91 25 84 15 65 66 46 96 28 14 11 93 80 49 84 62 95 11 100 42 57 11 70 55 22 24 85 38 3 23 61 68 74 27 80 34 36 9 21 53 52 96 12 14 41 53 52 63 4 35 84 32 90 88 42 80 61 46 74 75 57 99 17 22 80 88 97 65 95 23 72 97 3 30 12 43 87 85 95 54 76 54 42 87 14 35 40 13 10 97 6 18 82 47 83 90 41 53 58 84 58 71 30 37 41 99 17 45 43 76 6 92 62 8 69 48 46 71 33 19 64 43 83 95 91 76 34 41 91 3 98 15 21 2 29 59 85 15 69 31 39 22 49 52 33 65 78 18 45 6 64 9 1 25 74 16 38 15 61 ; 
L -145 57 -54 23 -68 -46 2 154 62 92 -135 -28 75 128 -94 -79 -52 -104 73 -81 101 -40 37 66 99 74 88 81 104 -73 -142 123 139 -128 -72 32 75 51 58 38 35 -63 38 81 97 -25 49 -80 20 -115 13 -78 -135 -67 57 23 -48 51 -15 141 -1 136 -97 -75 -69 94 -1 -26 -54 46 53 98 -133 91 -67 -1 -147 -145 93 86 -34 152 148 47 144 41 -53 50 110 151 -12 86 102 -35 -87 145 89 -148 6 73 99 11 137 -13 108 54 -146 -136 -136 27 131 153 -136 34 -150 -134 63 126 119 96 -32 -104 66 -80 6 -83 -43 -109 149 -26 -111 -53 133 15 -61 -118 -18 -13 110 88 124 49 -155 74 -17 -125 109 -34 30 77 18 -13 27 109 121 99 26 41 69 -95 97 -55 51 33 -7 8 -110 68 -48 -41 30 -104 -26 76 -57 -48 -57 -3 76 -132 -55 19 -147 65 -95 31 -60 39 -62 -46 54 69 -100 -61 49 -112 -7 18 -108 -27 ; 
5:17 33:129 14:54 28:108 24:92 23:89 24:96 4:12 27:107 38:152 31:121 19:73 31:123 5:19 36:140 3:9 16:62 15:59 29:113 13:51 21:83 29:113 2:4 17:67 6:22 35:139 17:67 22:86 31:121 22:86 38:152 34:136 35:139 18:68 5:19 12:48 2:4 39:155 29:115 10:36 38:152 26:104 39:155 36:140 32:128 9:35 7:27 12:44 26:104 14:52 21:83 20:78 9:35 16:62 13:49 29:115 8:30 14:52 29:113 19:73 33:131 32:128 20:78 34:134 25:99 38:152 5:17 40:160 17:67 23:91 26:102 22:88 9:35 10:38 34:136 16:60 2:4 10:36 25:97 28:108 30:118 27:105 7:25 32:128 14:54 15:57 4:14 9:33 22:84 14:54 11:41 39:153 5:19 6:22 17:65 22:84 21:83 26:100 2:6 14:56 34:134 13:51 36:144 36:140 17:67 32:128 25:97 19:73 30:118 30:120 26:100 29:115 22:86 28:110 5:19 37:147 3:9 31:121 18:68 18:72 7:27 40:158 17:65 15:59 12:48 29:113 24:92 34:134 24:92 22:84 17:65 36:144 34:132 19:75 52:206 39:153 42:164 8:28 3:9 39:155 4:16 6:20 40:158 6:22 12:44 37:145 25:99 32:126 48:188 6:24 34:136 24:94 12:46 1:3 33:129 2:8 6:22 12:44 4:16 27:105 26:104 6:24 34:134 33:129 17:65 21:81 8:30 18:70 17:67 8:32 2:6 29:113 19:75 6:24 2:4 10:40 18:68 34:132 38:152 37:145 31:121 15:59 11:43 5:19 30:116 17:65 14:54 6:24 36:142 8:28 18:72 28:112 15:59 10:40 1:1 4:14 26:102 5:19 6:24 6:24 25:97 ; 
L -81 -34 -34 -93 -2 2 24 -118 89 59 -112 -51 -100 48 -48 93 48 -85 -150 49 76 -35 -100 -54 116 119 93 38 -114 36 -112 47 119 90 -75 -63 37 -138 46 -74 -23 46 -88 46 129 -121 41 32 125 -71 105 127 -71 45 -74 73 113 27 -20 132 138 -124 -138 138 -104 -8 -5 -149 75 12 52 -3 -13 -105 -148 -26 -36 -73 -33 -134 42 -97 -126 38 -104 -107 -32 23 -42 -137 -144 7 -111 -54 -44 -81 89 34 -50 62 93 85 45 -17 -11 -42 -57 106 8 72 113 -132 -66 64 20 -84 -45 5 -102 -8 70 -24 41 112 36 -25 -122 106 -66 105 140 147 16 -133 -9 104 -27 115 -110 3 -5 -111 46 89 -125 9 -25 57 -58 -132 -81 107 12 133 21 103 123 13 13 -119 -38 51 41 136 -101 -100 -120 -31 54 -125 -58 -130 -75 -122 5 82 -24 17 8 55 -27 119 20 54 148 13 130 7 -85 -114 -105 -89 35 65 -134 -5 -28 45 -10 147 ; 
81 45 78 53 62 29 24 46 16 36 54 53 92 75 35 92 71 5 64 23 36 65 5 4 73 97 19 97 72 20 45 37 40 87 36 63 1 41 18 76 87 28 68 97 35 83 15 5 39 47 50 31 76 16 62 95 10 25 26 81 34 82 6 39 44 52 23 6 65 41 55 6 98 35 96 57 64 54 37 7 24 84 92 21 33 39 82 88 11 38 87 65 35 74 21 54 71 5 53 24 8 64 39 90 11 54 25 15 97 73 4 93 39 49 29 55 6 88 41 42 43 37 24 68 79 41 52 34 42 88 53 34 32 12 19 81 83 26 91 85 12 99 23 58 39 41 12 60 26 35 18 98 90 31 52 46 51 8 21 21 94 84 79 47 57 33 57 91 42 34 94 56 72 26 11 88 49 94 8 96 12 98 53 32 27 75 54 70 84 72 39 6 18 13 47 39 68 65 80 43 59 ; 
L -81 152 -34 -34 -93 -2 2 24 -118 89 59 -112 -51 -100 48 -48 93 48 -85 -150 49 76 -35 13 13 -119 104 -138 132 58 -57 25 -9 125 -89 -124 -138 -81 107 12 21 103 123 -58 -130 -75 -122 5 5 134 -65 20 54 148 13 130 7 -85 -114 -105 -89 -106 -38 51 41 136 -101 153 -100 -120 -31 54 -125 -100 -54 116 119 93 38 -114 -138 46 -74 -23 46 -88 46 129 -121 41 32 125 -71 105 127 45 -74 73 113 27 -20 132 138 -46 155 -66 105 140 147 16 -133 -9 104 -27 115 -110 3 -5 -111 144 137 42 -23 32 107 -151 104 126 97 -42 134 36 -112 47 119 90 -75 -63 37 33 73 36 26 148 105 13 3 -52 -12 -75 149 5 122 25 -36 -112 -41 24 -70 8 102 -5 45 84 -20 -64 66 132 -113 -72 -8 -106 57 42 11 17 -45 -85 -93 -62 50 -34 -89 81 44 54 111 -7 27 -55 -8 -154 24 -82 -28 45 -119 35 -10 147 ; 
33:129 26:100 40:160 32:124 22:84 25:99 12:46 10:38 19:73 7:25 15:57 22:86 22:84 37:147 30:120 14:56 37:147 29:113 2:8 26:102 10:36 15:57 26:104 2:8 9:33 9:33 50:196 18:70 16:64 14:56 11:41 24:96 5:19 17:65 16:62 30:120 3:9 7:27 40:156 36:144 31:121 19:73 21:81 21:83 23:89 29:115 11:41 5:17 41:161 16:62 19:75 3:9 13:51 11:43 30:120 22:86 28:112 34:134 29:115 16:62 3:9 7:25 14:52 34:134 32:126 19:75 23:91 28:112 3:11 23:91 37:145 17:67 14:54 20:80 2:6 30:116 39:155 8:30 39:155 29:115 15:57 8:28 31:121 35:139 12:44 28:108 39:155 14:56 34:132 6:24 2:8 16:62 19:75 20:80 13:49 30:116 25:99 38:152 4:16 10:40 11:41 33:129 14:54 26:104 12:48 29:113 36:140 22:84 14:54 13:51 5:19 8:30 33:129 34:132 11:41 37:145 34:136 5:19 40:158 18:68 35:139 16:60 5:17 36:140 33:131 14:52 18:70 17:65 37:147 34:134 10:38 6:24 18:72 15:59 16:64 35:139 15:57 26:100 1:1 7:27 15:59 22:86 26:102 23:91 39:153 14:56 40:156 3:9 22:88 17:65 26:104 3:9 9:35 21:83 17:65 32:126 28:108 10:38 15:59 18:68 17:67 17:65 36:140 3:9 22:88 12:46 20:78 16:62 38:148 2:6 30:116 39:155 6:24 10:40 22:86 5:17 36:144 16:62 26:102 4:12 10:38 22:84 2:8 29:113 22:86 9:33 30:118 14:56 58:228 5:19 39:153 22:86 25:97 20:78 22:88 26:104 38:148 11:41 19:75 18:68 24:94 ; 
L -106 -18 102 20 35 41 -94 26 61 -26 120 149 43 -135 133 -22 125 131 -53 75 103 100 -53 -120 -64 28 34 -12 103 28 -87 -64 81 -120 98 114 18 -12 -35 138 70 21 7 -86 82 19 146 -113 97 27 -34 130 -115 -110 78 134 79 8 -116 98 -24 6 135 -20 117 -106 21 69 -37 112 -60 -16 76 49 -114 -31 -115 -3 17 130 127 59 -129 -4 -140 -77 -47 -67 118 46 -20 -86 -110 91 39 -96 13 138 -139 -116 70 -132 21 112 -103 -107 -70 74 83 26 144 64 52 -88 138 -124 15 -147 -32 4 -53 -123 -118 99 -39 -35 -14 -134 112 -130 -148 123 -44 -124 59 -100 15 117 127 -91 -83 -105 -133 -29 33 -148 36 -72 77 28 101 99 61 64 11 96 129 -111 33 -17 125 144 -137 69 113 -126 125 -127 53 -114 11 141 -8 142 106 -16 -142 -71 -54 -84 104 -145 -56 131 -55 -9 -59 -128 -76 35 -51 -69 -100 33 -91 -102 -125 7 2 -105 ; 
84 92 22 47 11 40 56 37 19 65 96 14 24 93 85 100 41 23 19 94 73 20 96 51 63 4 16 17 57 68 26 81 1 19 73 29 48 62 86 38 79 8 35 42 48 80 33 37 46 36 44 13 93 78 10 85 79 69 66 97 1 100 5 83 43 51 1 37 59 87 86 73 50 15 89 87 32 52 48 49 63 70 28 12 46 81 2 99 63 35 95 16 30 75 13 80 75 13 22 76 47 1 50 16 90 89 98 76 27 84 84 24 14 4 8 32 63 29 42 98 37 78 69 76 19 89 29 100 84 28 72 27 74 24 53 15 7 61 27 32 69 64 42 89 32 56 13 10 10 22 77 72 91 90 77 11 57 63 89 8 86 8 43 33 65 41 96 89 6 85 11 62 82 48 12 96 21 12 61 2 60 15 27 26 39 50 31 67 56 29 86 67 55 11 87 35 88 14 4 54 15 ; 
L -106 -18 102 20 35 -12 103 28 -87 -64 81 -120 118 46 -20 -86 -110 91 98 114 152 18 -12 -35 138 70 21 7 -86 82 19 -123 148 130 -112 134 14 35 39 -99 118 123 53 32 147 -15 124 -138 88 -52 -64 -144 -26 -154 -83 -153 70 146 -113 97 27 -34 151 130 -115 -110 78 134 79 8 -116 98 -24 6 -20 117 -106 -7 125 102 91 -64 -61 -99 -128 -76 33 11 96 129 -111 -144 -125 17 -33 -137 113 -126 125 53 -114 11 141 -8 142 35 -51 41 -94 26 61 -26 120 149 43 -135 133 -22 125 131 -53 75 -101 -28 -59 103 100 -53 -120 -64 28 34 -69 -100 106 -16 -142 -71 -54 -84 104 -145 -56 131 -55 -9 -77 -150 72 -36 148 -33 29 133 105 83 91 -127 -117 -15 100 -59 124 44 107 103 -112 -21 132 -70 116 139 -138 -13 96 -39 67 47 77 140 4 129 -59 -127 -130 -115 -3 17 31 114 -49 -76 16 60 -112 37 -69 -21 2 -105 ; 
34:134 37:147 9:35 19:75 5:17 22:84 23:91 28:108 11:41 33:129 1:1 8:30 22:88 14:56 38:152 7:25 12:48 30:120 19:73 12:46 35:137 6:20 25:99 35:137 16:60 32:126 4:12 14:56 17:67 20:76 32:128 18:72 11:43 29:115 12:44 34:134 40:160 12:46 36:142 8:30 31:121 28:110 32:124 32:126 17:67 12:46 26:100 13:51 4:12 2:6 6:22 10:38 34:134 40:158 34:134 27:107 18:70 39:155 15:59 19:73 15:57 18:70 2:4 40:158 38:148 32:124 4:16 34:136 32:126 28:110 27:105 39:155 1:1 40:160 13:49 18:68 21:81 2:4 6:22 36:140 14:56 32:124 36:144 37:145 22:88 23:89 6:22 35:137 5:17 23:91 26:100 49:195 4:12 35:137 4:12 4:16 28:110 17:65 39:153 28:110 34:136 5:17 25:99 33:131 20:76 12:48 35:137 7:25 23:89 15:59 8:30 26:104 39:153 6:22 10:38 38:148 34:136 40:160 17:65 10:36 8:30 38:150 25:97 31:123 6:22 39:153 8:32 39:153 21:81 26:100 2:6 7:25 22:88 22:88 4:12 39:153 9:33 5:19 25:97 1:3 24:96 6:24 11:43 11:41 16:62 20:80 16:62 33:131 1:1 4:16 6:20 23:89 13:51 36:142 17:67 26:102 28:110 13:51 11:43 25:97 3:11 6:24 22:84 10:38 26:100 36:142 36:144 7:25 20:80 1:1 19:75 31:121 9:35 6:20 30:120 32:128 20:76 40:158 1:3 33:129 19:73 5:19 12:44 28:112 26:100 19:73 21:83 20:76 14:56 35:139 36:142 6:24 20:80 30:116 35:137 35:139 24:94 15:59 1:3 22:86 6:24 ; 
L -45 139 -90 71 134 -14 149 74 -94 -43 -124 -78 -18 49 52 -78 148 -19 70 17 24 -143 -46 149 -31 -64 101 93 66 -124 61 7 75 -5 -56 93 -122 -126 109 -120 85 -123 95 96 78 65 -98 128 12 27 -145 29 79 -66 83 138 -69 -13 38 64 -108 94 -68 -78 -94 -105 -1 -88 16 114 -116 3 50 -93 -122 121 -69 54 -82 87 29 -135 -30 -87 128 135 -63 -38 -14 -5 -91 -144 68 37 95 -45 -114 -106 113 -96 -65 -81 79 -70 -43 7 15 43 72 -108 142 -131 -99 -51 73 -71 -92 -65 -75 46 -144 -40 -23 102 -77 84 -97 -30 -140 104 67 -55 64 -79 123 -30 19 -133 -38 29 -111 111 149 -115 119 -132 113 54 -129 127 97 -69 31 -116 21 -102 64 -58 140 -71 -44 23 -142 -146 144 125 -43 -118 44 -3 -69 13 133 144 -125 -10 -51 59 87 -18 -146 -23 129 -17 -15 -108 -47 -102 -51 92 133 -64 -124 -78 123 -68 -89 96 -108 7 ; 
86 90 49 32 28 86 67 98 4 95 66 93 59 56 69 99 47 16 90 36 68 43 40 11 17 67 6 71 41 84 2 75 16 78 19 5 62 97 38 89 33 63 78 45 23 98 97 7 40 54 11 54 72 73 34 57 15 91 42 47 73 53 62 81 53 95 80 6 71 82 66 52 96 80 86 55 37 74 50 39 2 9 86 75 95 6 74 79 36 33 43 74 52 27 13 37 44 32 19 31 26 94 27 23 76 33 37 24 5 26 8 49 69 42 40 59 78 54 63 45 98 11 80 47 74 65 55 34 51 1 84 24 93 50 74 74 80 20 65 69 62 28 30 20 85 70 93 33 74 16 45 50 12 21 84 20 31 3 55 25 44 48 41 4 15 89 99 42 37 70 100 9 62 56 56 73 93 40 8 46 67 61 3 50 10 47 43 24 32 82 66 85 55 68 61 82 74 63 50 4 52 ; 
L -45 139 -46 75 65 92 71 -73 51 99 131 -142 108 -72 -43 -15 -7 43 70 81 -153 65 -144 52 -78 148 -19 70 17 24 -143 -46 149 -31 -64 -111 111 149 -115 119 -132 113 54 -129 127 97 -69 31 101 151 -90 71 134 -14 149 51 133 -64 -124 -78 123 30 135 -87 82 -54 -150 69 -121 122 93 -50 71 -140 -152 58 -64 102 -21 116 -29 38 -116 3 -44 23 -142 -146 144 125 -43 -118 44 -3 -69 13 133 -49 18 78 124 43 94 -74 92 102 47 108 15 -87 128 135 -63 -38 -14 -5 -91 -144 68 37 95 -45 -106 113 -96 -10 -51 59 133 -19 30 -123 79 -64 55 -67 -104 140 30 97 -84 77 -102 23 40 144 93 66 154 -124 61 7 75 -5 -56 93 -122 -126 109 -120 85 -123 95 96 78 65 -98 128 12 27 -145 29 79 -66 83 138 -69 -13 38 64 -108 -68 -78 -94 -105 -1 -88 16 114 87 -18 -146 -23 -17 -68 -89 129 96 -108 7 ; 
35:137 36:144 14:52 18:72 26:100 22:86 32:124 24:94 16:64 17:67 28:110 20:78 4:12 11:41 2:8 10:38 15:59 14:52 31:121 3:9 19:75 39:153 51:201 27:105 40:158 19:75 7:25 36:144 15:57 28:108 18:68 16:64 5:17 7:27 27:107 27:107 12:44 12:48 8:32 34:136 28:112 38:148 14:52 30:118 7:25 18:72 20:80 5:19 4:16 26:102 32:126 13:51 12:44 35:137 27:107 35:139 29:115 34:136 22:88 28:108 25:97 37:147 35:137 1:3 16:62 20:80 26:100 12:48 15:59 22:88 35:137 32:128 32:124 10:40 38:150 40:160 2:4 13:49 8:32 34:134 5:19 28:110 29:113 21:83 25:99 20:76 17:65 2:6 6:24 36:142 40:158 17:67 15:59 28:112 40:160 4:14 25:99 24:94 23:89 24:94 38:148 27:105 38:152 2:6 38:148 11:41 10:38 18:68 19:75 26:104 38:152 3:9 30:118 32:126 15:57 14:52 18:68 30:118 21:83 11:43 6:20 15:59 1:3 8:30 13:49 4:14 38:148 16:64 8:28 8:32 32:128 30:118 30:118 20:80 38:148 10:38 34:134 1:1 21:81 14:54 22:88 26:104 30:118 19:75 32:128 5:17 46:184 17:65 23:89 32:126 1:3 30:120 7:25 32:124 8:30 2:8 25:99 39:155 16:60 36:142 14:52 26:100 32:124 18:72 10:36 40:156 39:155 3:11 16:64 22:86 5:17 22:86 29:115 30:116 14:54 23:91 6:24 37:145 17:67 19:75 30:116 14:54 33:129 22:84 38:152 32:128 3:9 29:113 33:131 20:80 19:73 27:107 25:97 2:8 4:16 30:118 17:65 28:112 20:80 2:6 21:83 ; 
L -49 108 -42 -127 -37 -112 125 -124 47 -55 100 120 -45 -127 -135 17 -128 25 42 123 41 131 23 -116 12 61 106 -38 -102 82 -129 128 130 147 -82 109 35 -29 -147 131 138 -24 86 -12 58 -35 140 -102 -23 -67 19 -130 -13 -98 -97 28 87 131 -22 111 44 -38 69 13 119 125 -67 86 -28 -102 85 124 -124 53 -45 10 -75 -17 -33 -69 -84 -27 -68 83 66 7 -47 70 38 -68 125 49 -130 -41 -129 -149 -102 -146 31 29 44 -46 94 -3 -69 114 76 80 7 -4 2 -77 16 14 109 119 -40 133 -8 18 149 -19 138 -78 110 143 104 144 55 82 75 60 60 103 39 -65 -26 96 -125 87 -107 82 17 -42 90 -142 38 3 -135 49 -80 121 19 -71 61 89 70 56 18 -130 -36 101 -60 86 8 -137 101 -148 74 20 143 -59 -31 85 -30 -131 121 10 -10 -127 143 139 18 47 -86 68 17 -115 101 -4 -38 13 147 -77 1 -114 -91 72 -16 -42 ; 
48 38 51 40 57 76 34 16 64 47 64 1 54 60 86 95 28 66 80 35 31 94 52 5 52 44 94 32 59 4 53 52 86 62 67 66 47 13 15 73 37 81 93 45 3 38 78 39 68 34 87 4 93 37 88 23 69 91 35 13 13 55 12 16 50 2 46 39 60 100 36 58 68 62 92 91 78 14 7 10 79 60 40 60 2 83 27 74 77 40 29 86 57 98 40 32 75 23 31 29 48 34 19 20 91 41 49 87 72 37 30 44 45 16 2 60 70 92 7 30 45 47 11 83 20 38 5 53 100 10 21 98 27 62 91 73 31 89 91 33 58 36 95 66 15 95 43 68 72 42 15 19 71 47 74 60 89 18 17 66 74 45 76 97 94 14 72 19 6 10 6 80 44 49 38 67 71 70 27 66 96 25 53 8 35 88 63 5 45 72 28 9 24 70 2 72 6 87 50 71 26 ; 
L -49 108 -42 35 -29 -147 131 138 -24 86 -12 58 -35 140 -102 -23 -67 19 -130 -13 -98 -97 87 131 -22 111 44 -38 69 13 119 125 -67 86 80 7 -4 2 -77 14 109 119 -40 133 -8 18 149 -19 138 -78 110 143 104 144 55 82 75 60 60 -102 -146 31 29 44 -46 94 -3 -69 114 103 39 -65 -26 96 -125 87 -107 90 82 17 -42 -142 -127 -28 -102 85 124 -124 53 -17 -68 86 -47 -18 -139 -143 -76 149 129 130 -100 55 -47 -150 124 -125 -153 112 -154 37 127 114 -1 -36 61 89 70 56 18 -130 77 -147 -13 38 4 -101 115 -45 10 -75 -17 -33 -69 -84 -27 -68 83 66 7 -47 70 38 -68 125 49 120 152 71 -19 -121 80 -49 135 -3 -38 10 -10 -121 131 30 -151 -25 128 -17 135 127 45 101 -60 86 8 -137 101 -148 74 20 143 -59 -31 85 42 123 41 131 23 -116 12 61 106 -38 -102 82 -129 128 130 -82 -91 72 -16 -42 ; 
20:76 16:60 21:81 38:148 6:20 6:24 30:116 15:59 33:129 38:148 18:72 2:4 16:60 32:124 16:62 28:108 14:54 35:139 2:6 38:148 15:59 36:140 2:6 37:145 14:56 6:20 6:20 22:88 5:19 7:25 20:80 1:3 19:73 16:62 21:81 29:115 15:59 12:48 18:70 11:43 1:3 24:96 28:112 37:147 3:11 12:48 18:72 19:75 5:17 34:132 8:32 16:60 2:8 22:84 40:160 4:16 9:33 40:156 11:43 38:150 10:36 13:49 12:46 20:76 14:54 8:30 8:32 37:145 17:65 28:110 37:145 30:116 13:49 36:142 37:145 14:52 24:92 0:0 42:168 38:152 27:105 17:65 32:124 29:115 40:160 15:57 24:92 28:108 25:99 28:110 26:100 36:140 14:56 4:12 22:84 10:40 48:192 10:36 13:51 30:116 16:62 26:102 19:75 13:51 24:96 7:25 30:120 6:24 38:152 32:124 23:91 13:49 29:115 28:108 16:64 24:96 36:142 8:28 7:27 27:105 4:12 28:112 10:38 4:14 12:44 29:115 18:72 12:44 37:145 32:124 6:22 3:11 4:16 32:126 24:96 16:64 24:96 1:3 34:132 11:43 30:118 31:123 16:64 12:46 35:137 8:30 20:76 23:91 19:75 29:113 8:30 6:24 17:67 29:115 28:108 13:49 11:43 28:112 29:113 27:107 30:118 32:124 27:105 12:44 38:152 35:137 24:96 26:100 31:121 39:155 38:150 6:22 29:115 8:30 3:9 4:16 3:9 32:128 18:70 20:78 30:118 14:56 13:49 38:150 21:83 2:8 21:83 18:70 38:150 13:51 24:94 2:6 22:84 21:83 35:137 24:96 8:28 35:139 20:80 29:113 11:41 ; 
L -60 -21 28 -2 30 -16 -16 -23 -53 -41 34 -83 31 89 57 -38 132 -149 64 -75 -40 -31 -101 123 57 114 -53 8 62 105 -53 139 10 93 139 -91 -30 98 56 110 17 -140 51 -63 -83 -21 97 -122 110 113 116 138 119 -104 129 44 -53 -106 26 -80 -67 37 121 -58 71 150 103 -16 3 -93 -111 -93 -5 113 -146 -108 -129 9 -56 -47 107 -42 -140 127 -89 2 -126 -94 -44 -64 92 27 68 32 -150 70 -5 4 127 -26 3 139 -74 15 8 -97 29 47 -119 -4 -89 -128 -59 143 138 -92 -124 -112 -64 129 -63 113 123 125 33 119 25 85 122 115 -33 138 76 143 117 32 -87 -131 98 17 83 116 -37 130 57 -63 103 56 -51 62 92 129 90 123 -63 121 -141 -57 -92 125 -2 -46 -93 54 -29 124 -108 128 -49 -10 -47 -144 -112 48 110 150 -99 -94 -141 98 -18 29 -95 -51 -118 131 -115 127 1 -75 -18 71 -31 86 -87 143 93 49 -102 -107 ; 
35 8 81 64 30 10 5 82 94 85 52 92 99 62 51 57 97 91 68 87 34 34 47 88 55 25 70 44 43 59 55 12 1 36 33 16 13 99 16 78 49 18 30 65 60 88 91 56 15 55 1 53 97 33 29 62 85 20 21 74 59 44 70 32 15 92 12 65 72 88 18 64 92 92 25 9 35 12 94 65 89 20 30 88 29 7 19 32 54 60 27 82 76 31 34 38 70 83 33 93 42 4 37 62 30 26 92 53 16 63 44 83 61 9 88 77 38 13 40 13 83 47 73 2 48 92 46 71 67 10 32 29 36 25 40 89 97 23 82 50 76 59 84 7 13 45 100 36 80 10 97 91 37 54 56 9 100 4 27 6 78 32 80 79 31 66 30 81 80 65 81 10 44 17 94 3 84 44 32 66 20 66 13 5 89 97 83 48 33 53 15 29 92 74 52 10 93 79 17 67 36 ; 
L -60 -68 -63 -31 -101 123 57 114 -53 8 62 105 -53 139 10 93 154 139 -91 -30 98 56 110 17 -140 51 116 138 119 -104 129 44 -53 -106 26 -80 -67 37 121 -58 71 150 103 -16 3 -93 151 -111 -93 -5 113 -146 -108 -56 -47 107 -42 -140 127 -89 2 -126 -94 -44 -64 -119 -4 -89 -128 -59 143 138 -92 -124 -112 -64 129 -63 113 123 33 119 25 85 122 115 -33 153 138 98 17 83 116 -37 130 57 -63 103 -112 48 110 150 -99 -94 -141 98 -18 29 -95 -51 -118 131 -115 76 143 117 152 -2 30 92 27 -113 -110 -97 21 83 -28 21 32 -150 70 -5 4 127 -26 3 139 -74 -155 -123 -90 -129 -92 -62 51 -56 144 47 10 49 -128 108 -124 29 -54 93 46 2 -125 92 57 141 -121 63 15 8 -97 29 -16 -16 -53 -41 34 -83 31 -129 9 89 -38 132 75 -1 -127 131 87 -32 40 75 -64 149 -18 71 -31 86 -87 143 93 49 -102 -107 ; 
14:56 10:38 47:185 30:120 19:75 36:140 22:88 10:40 28:112 18:70 18:68 24:94 22:88 5:19 1:1 15:57 28:110 9:35 7:25 6:20 40:158 7:25 32:124 20:78 8:28 12:48 4:12 22:84 39:155 14:52 12:46 25:99 34:136 8:32 9:33 30:118 24:94 18:70 28:112 13:51 6:24 37:147 5:19 26:104 29:115 36:140 37:147 37:145 26:102 37:147 37:147 10:40 4:14 26:104 26:104 36:142 8:32 12:48 36:140 12:46 3:11 8:30 13:51 22:86 24:96 6:24 26:100 18:70 34:132 25:97 4:14 36:140 31:123 16:60 6:20 16:64 6:20 34:132 19:75 30:116 9:33 37:147 19:73 29:113 27:107 4:16 13:51 5:19 16:60 18:68 20:80 31:121 24:94 34:134 3:11 6:20 18:72 40:160 20:80 7:27 38:150 2:4 34:134 18:70 13:51 27:105 8:32 27:105 6:20 2:8 36:142 39:155 34:132 20:78 10:40 16:64 19:75 40:156 12:48 7:27 33:131 8:28 22:88 17:65 37:145 36:140 29:113 33:129 6:24 14:54 16:60 28:112 34:132 14:52 38:148 17:67 2:6 15:59 10:38 21:83 22:86 15:59 37:145 39:155 4:16 32:128 12:48 4:16 33:129 26:104 32:128 33:129 12:48 27:105 13:49 32:126 32:128 13:51 32:124 3:9 11:43 2:6 40:160 4:14 38:152 12:48 11:41 37:147 5:17 2:8 27:105 34:136 21:83 37:147 40:158 34:132 5:19 18:68 25:99 39:155 27:105 22:84 14:52 30:118 10:36 39:155 26:104 14:54 35:139 28:108 16:64 12:46 37:147 30:118 21:83 4:16 38:148 32:126 7:27 27:107 15:57 ; 
L 112 -104 -38 -99 -78 62 99 -150 109 91 -25 56 -10 67 -63 -104 -121 -126 126 -54 -117 -106 -13 -141 25 41 111 92 -69 -82 -22 -61 45 94 -114 62 -55 -85 -93 -142 18 -35 -46 123 132 37 114 -25 133 120 -53 -89 37 -24 -51 -116 -67 85 -1 -133 97 59 -37 -20 121 -56 43 -70 -13 7 -81 -129 -146 -119 62 -63 43 -73 53 16 93 132 103 54 -54 68 103 -73 -28 -2 147 -35 -50 -87 135 51 117 20 -145 -93 142 -2 -49 -80 -107 -100 -48 118 -143 -133 -138 133 90 -21 145 -132 106 -129 137 -56 78 25 -80 65 -149 -65 -76 142 -103 -57 -89 -120 -77 -37 -40 79 -61 44 136 -63 86 -79 140 130 88 106 129 127 66 23 136 -25 27 46 107 -73 90 -121 -54 90 -117 82 -110 61 -47 27 71 106 -79 1 -87 -108 3 130 80 112 -77 99 -42 -16 -6 44 -94 141 80 -51 97 -130 61 89 -86 79 38 60 133 79 -72 145 -91 136 ; 
68 90 95 92 100 8 67 21 63 57 85 14 76 74 46 51 99 21 46 36 35 17 7 79 74 3 80 29 87 30 80 33 32 44 8 49 62 44 15 71 43 54 16 87 18 7 99 35 54 98 69 50 41 97 37 24 3 83 6 11 72 30 64 64 69 36 24 52 63 17 36 31 8 64 57 19 55 100 61 3 69 84 36 72 54 62 64 47 84 21 32 5 18 17 100 35 94 70 21 43 56 61 25 8 29 96 20 43 73 71 73 71 94 37 12 87 24 80 5 11 52 40 39 94 17 49 59 66 69 18 41 38 5 56 5 80 19 10 92 13 48 50 80 56 5 74 90 46 25 5 81 27 1 27 88 33 85 23 17 60 68 91 43 78 31 89 49 22 78 89 43 13 57 43 69 82 70 39 38 44 12 21 19 95 74 84 69 52 57 67 97 4 84 80 39 55 7 65 97 81 42 ; 
L -104 -38 -99 -78 62 99 -150 109 91 -25 56 -10 67 -63 -104 -121 -126 -54 -117 -106 -13 -141 25 41 111 92 -69 -82 -22 -61 45 94 -114 62 -55 -85 -93 -142 18 123 132 37 114 -25 155 133 120 -53 89 103 -149 -65 -76 142 -65 -89 37 -24 -51 -116 -67 85 -1 -133 97 -147 2 28 73 -103 -68 54 -54 -103 -132 -93 -16 -53 73 -43 63 -153 -151 -62 119 146 129 81 -7 13 70 -43 56 20 37 -59 -35 -50 -87 135 51 117 20 -145 -93 142 -2 -49 -80 -107 -100 -48 118 -143 -133 -138 133 90 -21 145 -132 106 -129 137 -56 -3 108 136 -25 27 46 107 -73 90 -121 -54 90 -117 82 -110 61 -6 44 -60 -38 -79 86 -72 -127 -129 -106 -47 27 71 106 -79 1 -87 -23 -66 -25 -78 130 57 80 112 -77 99 -42 -16 -88 -130 -140 79 -86 -89 -61 130 -97 51 -80 -154 -141 94 133 79 63 -136 -44 61 -79 40 37 77 120 80 145 -91 152 136 ; 
40:156 38:152 37:147 40:160 4:12 27:107 9:33 26:100 23:91 34:136 6:22 31:121 30:118 19:73 21:81 40:158 9:33 8:28 14:56 7:27 3:11 32:126 30:118 2:4 32:128 12:46 35:139 12:48 32:128 14:52 13:51 18:70 4:12 20:78 25:99 18:70 6:24 29:113 18:68 13:51 8:28 3:11 40:158 14:56 26:104 27:107 40:156 28:110 18:70 14:52 24:92 20:78 24:94 27:105 12:44 20:80 17:65 39:155 15:59 10:38 2:4 34:132 3:9 5:17 29:115 11:43 13:51 9:33 34:134 19:75 26:102 25:99 22:86 29:115 15:57 34:134 28:110 2:4 25:97 40:160 22:88 9:35 38:152 1:1 23:91 26:102 4:12 13:49 15:57 7:27 26:100 21:83 10:38 35:137 26:102 26:102 4:12 8:28 7:27 40:160 14:56 38:150 28:112 9:33 18:68 23:89 25:97 10:40 4:12 12:46 39:153 8:32 18:68 30:116 29:113 30:116 29:113 38:150 15:59 5:19 35:139 10:38 32:128 2:8 5:17 20:76 23:91 33:131 11:43 1:1 11:43 36:140 14:52 34:136 10:36 7:27 24:96 28:108 37:145 18:68 32:124 13:49 9:33 11:41 32:128 34:134 2:6 2:4 27:105 19:73 36:144 27:105 36:142 20:78 9:35 32:124 36:142 18:68 5:19 2:8 2:8 16:64 19:75 18:68 21:83 33:131 28:112 16:62 16:60 18:70 8:32 2:8 23:89 32:128 20:80 38:152 27:107 23:91 21:83 28:110 34:134 30:116 16:64 38:152 13:51 22:88 22:86 6:20 37:147 4:16 8:30 32:128 2:8 23:89 2:8 36:140 24:92 39:155 36:144 22:88 17:67 ; 
L 33 -54 -34 73 -103 26 -34 -26 69 -94 9 37 40 57 62 -103 141 -147 -109 -103 49 -79 3 35 -135 -28 -112 -122 104 -142 63 142 45 -14 81 19 2 -100 71 114 -49 86 86 -59 133 123 -38 115 -37 101 -83 25 71 96 -131 -16 -118 -94 93 99 -84 -83 -59 -143 -20 -37 -53 129 61 102 124 49 -88 23 100 -81 44 122 -41 114 149 -136 -85 131 148 134 -59 -69 -126 -136 110 -38 -84 65 -150 67 -84 144 52 -98 74 71 -47 116 35 -114 68 -98 -132 -135 -2 -67 -122 118 104 60 -69 135 -34 -117 -37 30 -109 -28 -148 -113 -145 -16 -123 -123 56 -68 112 -130 -125 -109 78 120 125 -78 -53 -128 -61 117 44 19 -77 145 -122 2 -96 60 -59 50 -69 77 98 -26 -71 122 83 -133 -130 4 -105 113 67 33 4 97 24 59 -18 -143 -119 61 56 114 -34 -37 -68 -69 84 -23 97 36 67 110 -134 -125 -122 105 123 -20 145 53 -87 45 -5 -13 ; 
21 11 67 40 70 34 27 6 54 23 22 13 86 16 89 83 71 49 64 81 37 33 54 57 99 54 12 89 2 88 67 96 21 14 15 77 44 97 74 36 45 49 70 81 55 13 35 35 88 20 48 71 77 52 37 99 28 87 54 14 36 15 15 50 1 14 87 59 11 18 40 97 61 62 28 66 16 37 80 43 45 36 66 93 38 71 72 79 15 93 3 51 99 51 46 34 87 21 3 59 72 35 45 67 16 19 15 35 19 5 74 91 7 57 66 53 6 14 20 97 8 63 100 37 81 93 74 96 47 32 80 26 5 3 45 80 32 80 69 56 58 66 61 70 23 11 40 19 69 15 37 91 63 84 95 23 60 37 98 70 81 87 61 22 67 17 26 53 39 92 76 93 95 45 100 6 67 61 12 76 33 25 67 15 54 31 45 7 41 29 21 97 98 65 20 78 46 96 16 42 96 ; 
L 33 -54 35 -114 68 -98 -132 -135 -2 -67 14 -45 -142 -63 142 -104 122 112 28 135 -35 -3 79 -49 103 109 147 -141 103 -62 -57 -153 -40 -37 -9 94 -69 26 34 -26 103 -73 34 -116 -71 -74 98 -52 -144 84 -67 150 -65 84 -110 136 126 69 59 -134 -148 -131 85 -149 -114 41 -122 -44 81 -100 -23 88 -49 -124 -102 -61 -129 53 37 20 143 59 83 84 -99 -93 94 118 16 131 -96 -71 -25 83 -101 37 -115 38 -19 -44 -117 61 -151 128 53 78 -125 -78 109 125 130 -112 68 -56 123 -154 123 16 145 113 148 28 109 -30 37 117 34 -135 69 -60 -104 -118 110 -134 105 -4 130 133 -83 -122 71 -56 60 98 -26 33 4 97 24 -18 -143 -119 61 155 96 -2 -152 122 -145 -77 69 -50 59 87 -53 -145 -105 122 20 -123 125 45 -123 -133 59 -86 -86 49 -114 -71 100 -2 -19 -81 -122 -67 -36 -97 23 -84 69 68 37 34 -114 -67 -113 77 -5 -13 ; 
9:33 5:17 27:107 8:30 6:24 14:56 8:30 2:8 30:118 37:145 5:19 6:22 9:33 39:153 27:107 36:140 1:3 36:142 5:19 22:86 40:158 23:91 22:86 14:52 15:59 33:129 26:102 20:78 29:113 34:132 36:142 11:43 37:145 35:137 6:20 9:35 10:36 22:86 3:9 11:43 14:54 28:112 16:64 7:25 24:96 14:56 29:115 24:94 2:4 9:33 35:139 14:54 19:73 21:81 6:24 2:4 38:148 6:24 32:126 29:115 29:113 16:60 38:148 31:123 18:72 18:68 32:128 15:59 7:25 27:105 12:44 25:99 25:97 39:155 16:64 8:28 5:17 24:94 35:139 6:22 1:1 20:80 6:24 6:24 15:57 6:22 22:86 35:139 12:44 40:158 15:59 21:83 31:123 29:113 20:76 8:32 36:140 14:56 16:62 5:17 10:36 28:112 28:112 25:99 27:105 24:92 23:89 39:155 13:51 32:128 18:72 2:4 2:8 11:41 32:128 7:25 12:48 19:75 39:153 30:118 38:148 33:129 15:59 40:160 26:100 4:12 39:155 8:32 6:22 3:9 22:84 27:105 12:44 17:65 12:46 27:107 9:35 25:97 35:139 33:129 28:112 27:105 50:200 36:142 15:59 24:92 16:62 37:147 31:121 24:96 18:72 40:160 3:9 16:60 14:56 15:59 26:102 12:46 28:110 16:60 10:36 38:152 34:134 21:81 19:73 32:124 8:28 39:155 13:49 26:104 36:144 28:112 2:8 6:20 22:88 33:129 28:112 20:78 18:72 15:57 30:118 39:155 18:70 31:123 4:16 15:57 18:72 13:49 22:86 6:24 27:107 10:40 14:52 31:121 5:19 36:140 11:41 3:11 19:75 17:67 39:153 ; 
L 71 106 42 -127 -115 9 83 11 -4 -8 -97 44 81 41 -23 -150 44 -35 1 -40 103 70 127 -93 7 88 -87 -36 44 -68 7 63 113 64 -126 41 -74 5 -112 69 -90 -100 26 84 101 -142 -79 -138 -9 -148 37 -88 -125 -26 144 -81 -130 59 139 -129 35 -23 -63 -102 -4 43 78 -89 135 42 -136 -143 -107 119 -12 50 95 -128 77 59 -16 -24 74 35 -35 16 -34 -133 -58 -132 -128 -30 35 -63 -84 64 104 -90 -82 62 -84 96 131 -107 49 48 61 148 14 -79 30 79 -100 33 64 82 -36 -13 -86 124 50 -97 -136 -98 -10 -15 -67 -80 142 -108 -121 -8 -26 -75 -124 84 -84 14 146 -128 49 -83 -18 -86 -21 -72 -139 123 -71 33 50 87 -129 111 -99 57 6 -8 83 5 10 66 121 -93 -87 50 4 -81 42 -41 -57 -55 5 66 12 -82 -49 -88 -48 -43 -125 -78 3 -14 -143 150 24 88 -125 -87 -126 19 113 49 146 -119 106 69 20 16 ; 
52 36 39 33 78 84 86 72 37 92 77 29 14 72 43 17 80 56 44 27 93 23 71 85 51 3 7 37 73 29 76 15 25 6 76 58 71 15 32 70 73 34 64 84 4 25 39 56 54 75 37 65 49 59 79 21 40 56 85 38 76 9 24 7 58 38 86 44 59 27 73 52 23 10 10 6 48 8 11 73 35 8 70 29 27 7 80 33 24 74 91 15 2 51 74 98 40 76 40 50 15 54 68 18 27 30 87 62 84 51 16 47 62 2 27 36 88 100 24 72 95 16 45 53 3 40 14 94 92 75 34 26 59 9 22 37 11 38 30 80 11 82 28 89 11 68 98 79 53 70 47 54 96 37 55 55 99 84 28 92 62 2 58 39 70 91 39 59 95 57 63 19 35 86 71 23 89 95 66 8 88 96 86 21 40 9 57 100 16 33 33 40 50 41 23 48 50 94 39 54 88 ; 
L 71 106 42 -127 -115 9 83 11 -4 -8 -97 44 81 -26 100 -152 90 -69 112 -5 74 -41 126 -64 -113 -63 -7 68 -44 36 87 -88 -7 93 -127 -70 -103 40 -1 35 -44 150 23 -8 83 5 153 10 66 -125 -87 -126 19 113 139 30 79 -100 33 64 82 -36 -86 124 50 -97 -136 -98 -10 -15 -67 -80 142 -108 -121 -8 -26 -74 41 49 82 -12 -66 -42 81 49 -41 84 101 -142 -79 -138 -9 -148 37 155 24 16 -59 -77 128 -151 -95 -50 12 -119 107 143 136 -42 89 -78 129 79 -14 -148 -61 -48 -49 107 -131 -96 84 -62 82 90 -104 -64 84 63 -35 30 128 132 58 133 34 -154 -16 35 -35 -75 -124 84 -84 14 146 -128 49 -83 -18 -86 -21 -72 -139 123 -71 33 87 -129 111 -99 57 6 -5 55 57 -23 -63 -102 -4 -88 -125 -26 144 -81 -130 59 -4 -50 87 93 -121 -88 -24 -150 143 14 -3 78 125 43 48 88 146 -119 106 69 20 16 ; 
21:83 15:57 16:62 14:52 32:124 34:134 35:137 29:115 15:59 37:147 31:123 12:46 6:22 38:148 26:102 4:16 37:147 30:116 28:112 13:51 6:24 29:113 24:92 31:121 3:9 10:40 6:24 31:121 12:46 30:116 15:59 3:11 2:4 21:81 34:136 29:113 10:36 38:148 11:43 18:70 23:89 32:128 7:27 33:131 12:44 37:147 22:88 5:19 1:3 15:59 14:52 14:52 16:64 20:80 44:172 7:25 19:75 25:99 1:3 11:43 15:57 36:140 43:169 29:115 38:152 7:25 18:72 22:84 2:4 16:64 6:22 38:150 37:147 30:120 14:54 11:41 24:94 13:49 14:52 14:56 36:142 10:36 29:113 50:196 38:152 11:43 21:83 26:100 2:6 10:40 16:62 23:89 22:86 30:120 15:59 28:108 30:120 4:12 14:56 30:116 5:17 0:0 38:148 20:76 3:9 4:16 4:16 10:36 21:83 30:116 15:59 18:70 31:121 16:60 21:81 34:134 25:99 35:139 12:48 11:43 8:28 28:108 22:86 6:24 20:80 16:64 31:121 16:64 40:156 30:118 21:81 1:3 6:24 37:145 30:118 10:38 14:52 31:121 24:96 3:11 11:43 3:11 9:35 15:59 5:17 16:60 12:48 32:128 5:17 33:131 12:44 36:142 5:17 28:108 40:156 32:126 22:84 28:112 12:44 39:153 15:59 22:88 22:88 40:158 8:28 14:56 8:30 44:174 10:38 3:11 24:92 23:91 20:78 24:94 32:126 9:33 16:64 23:89 20:80 16:62 37:145 28:112 16:62 15:59 40:160 23:91 4:14 16:64 9:33 35:137 39:153 36:140 4:12 27:105 32:124 20:76 20:80 38:150 16:62 22:86 36:140 ; 
L -22 -68 -100 -9 -133 96 -99 82 127 50 -29 -8 -58 -18 81 -26 -97 141 -99 -144 24 -47 -25 105 31 -22 -20 -66 -127 143 1 8 106 16 74 31 138 132 -117 -23 11 -3 77 -8 -34 -44 -143 -18 140 -35 -109 36 139 -7 -17 142 -124 -52 75 -92 -31 40 -79 -34 -5 -76 40 106 -100 -28 -84 146 -65 -69 141 -134 -128 133 16 119 -68 -49 -110 3 -68 58 -132 -127 -66 119 59 83 -70 100 -81 27 -57 -129 -86 -124 83 -8 -131 -94 39 76 -146 -86 24 116 -106 74 -16 -87 3 -53 26 -19 -100 32 52 -130 -67 30 -24 113 -74 -91 46 -147 -44 8 71 -27 -64 29 -127 109 -100 -90 -98 61 -92 -125 -132 128 -43 -39 112 83 117 74 -33 -52 149 32 126 63 -27 17 46 133 35 102 -33 -55 -143 108 -13 15 -69 -33 -26 -21 -146 -40 -20 13 11 23 40 131 126 -67 -84 -53 59 127 104 -140 -48 93 57 -145 42 31 -30 -97 65 -55 ; 
99 93 34 23 84 10 15 31 17 32 94 84 8 28 76 45 42 17 18 39 21 36 29 49 2 83 66 16 33 7 52 77 95 42 78 35 32 96 2 57 70 6 74 31 27 36 14 48 82 53 57 87 19 26 43 8 10 21 59 36 98 15 58 93 2 20 24 69 87 84 63 91 52 78 7 52 32 78 52 2 98 66 73 52 48 3 56 6 69 39 11 98 90 53 71 61 65 26 83 64 18 29 62 56 62 77 44 99 95 36 87 54 16 23 65 51 88 27 13 70 23 52 51 90 4 19 11 84 75 60 40 12 20 1 2 23 73 91 67 74 92 11 79 41 11 51 3 26 11 33 79 39 75 56 78 10 36 3 16 86 52 39 28 40 91 37 9 59 72 52 83 16 81 95 79 25 35 76 57 4 85 92 35 28 90 7 66 13 2 16 50 20 95 5 73 13 75 85 4 91 74 ; 
L -68 -100 -9 -133 96 -99 82 50 -29 -8 -58 150 -18 81 -26 -97 141 -99 -144 24 -47 -25 105 31 -22 -20 -66 -127 143 1 8 106 16 74 31 138 132 -117 -23 153 11 -3 77 -8 -34 -44 -143 -18 140 -35 -109 36 139 -7 -17 -27 17 142 -124 -52 75 -92 -31 40 -79 -34 -117 -83 -112 -81 27 -57 -129 70 -83 -59 -119 66 127 132 -58 68 -3 110 49 68 -86 154 -124 83 -8 -131 -94 39 76 -146 -86 24 116 -106 74 -16 -87 3 -53 26 -19 -100 32 52 -130 -67 30 71 -27 -64 29 -127 109 -100 -90 -98 61 -92 -125 -132 128 -43 -39 -100 -16 -152 -40 -20 -133 -46 -63 -126 -32 -93 48 140 -104 -127 -59 53 84 67 -126 147 91 74 -113 24 145 -57 35 102 -33 -55 -143 -131 -40 -23 -11 -13 -8 44 -13 15 -69 -33 -26 -21 -146 -133 128 134 -141 69 65 -146 84 28 -151 100 -106 -40 76 5 74 -33 -52 149 42 31 -30 -97 65 -55 ; 
46:182 14:54 10:36 34:134 4:16 6:24 13:49 12:48 38:150 34:134 4:12 4:16 26:104 31:121 18:72 17:67 7:27 8:28 16:62 9:33 15:57 12:46 20:78 1:3 34:132 27:105 7:25 14:52 3:11 21:83 31:123 38:152 17:67 32:124 14:56 13:51 39:153 1:3 23:91 14:54 30:118 3:9 30:118 13:49 11:43 15:57 6:22 20:76 33:131 22:84 23:91 35:139 8:30 11:41 18:68 4:14 35:137 20:76 4:16 9:33 24:94 15:57 40:156 6:24 24:92 38:148 14:56 32:126 14:52 8:30 25:97 26:104 11:41 32:124 36:144 40:156 5:17 16:62 28:110 3:9 23:89 2:4 20:76 21:83 30:116 27:105 18:68 28:112 4:14 8:28 12:46 25:99 23:89 25:99 31:123 18:70 40:158 38:152 15:57 35:139 22:86 7:25 10:36 26:104 21:81 36:140 11:43 6:20 28:112 10:36 21:83 21:81 36:144 8:32 1:1 1:3 10:36 30:116 37:145 27:107 30:118 37:147 5:17 32:126 17:65 5:17 21:81 2:4 11:41 26:100 35:139 8:30 7:27 14:56 42:164 16:62 8:30 2:4 15:57 30:120 8:32 20:80 7:25 1:3 6:20 27:105 3:11 36:144 12:44 9:33 38:152 34:134 5:17 8:30 8:30 2:8 17:67 16:64 37:145 15:59 4:14 11:43 37:147 34:136 2:6 23:91 11:41 5:19 12:44 21:83 34:132 7:25 33:129 38:152 32:126 28:108 32:124 13:51 21:83 3:11 32:124 21:83 37:145 26:100 26:104 19:73 35:139 28:110 10:38 8:32 3:9 30:120 23:89 32:124 9:33 6:20 30:120 34:136 2:6 37:145 30:118 ; 
L 112 -66 94 69 123 95 102 -117 14 121 77 -84 75 -147 99 49 7 -64 -4 122 -51 114 -107 -130 -80 -35 -136 118 -107 -89 -26 130 -150 45 103 118 86 -88 -7 -79 -70 -57 -74 -138 99 -96 92 89 94 63 -10 -63 -62 118 -128 5 -69 -25 -114 -99 -83 93 26 57 10 123 58 -102 59 136 -5 -86 -126 22 -130 -58 73 -28 96 146 -118 60 25 134 22 -29 65 133 -11 -34 -113 117 -76 7 -140 -30 78 102 31 28 46 64 73 10 -114 -95 138 -68 58 31 36 57 -67 -19 91 -49 -14 54 56 141 -143 -46 35 34 71 -72 -43 20 122 42 10 -32 45 -122 48 32 40 71 -80 97 -37 -96 11 -31 3 -141 71 46 -139 -77 131 46 19 -117 102 -89 -105 -101 21 16 -147 -105 81 -114 -119 76 -46 -87 135 -6 31 65 -132 -129 -146 137 -124 63 44 137 30 19 111 -148 73 -55 49 29 105 -100 -59 75 -64 8 38 64 -55 -49 -19 -127 ; 
49 11 34 43 76 71 26 65 21 9 24 3 78 9 62 29 66 9 6 45 51 50 50 63 64 25 15 9 80 69 48 72 12 43 38 52 72 46 100 77 27 25 95 99 58 30 69 73 14 81 32 95 67 82 2 13 15 1 44 16 84 74 53 70 69 35 29 12 95 86 36 56 64 10 12 1 18 79 70 48 51 50 15 14 92 44 60 16 61 67 56 52 44 94 12 16 69 34 76 13 57 58 30 29 36 36 55 21 50 64 7 21 84 25 82 12 45 8 55 66 14 69 98 67 64 76 41 5 77 11 25 11 1 7 59 59 98 57 25 34 89 34 36 19 21 21 55 8 3 53 84 9 35 100 44 39 10 71 44 67 94 46 79 46 73 79 73 13 61 44 10 95 72 58 63 32 99 80 55 39 35 44 25 43 45 64 91 14 92 16 6 35 26 39 17 29 47 51 79 67 15 ; 
L 112 -66 94 69 123 95 102 -117 14 121 77 31 36 57 -67 -19 91 -49 -14 54 56 141 -143 -132 -129 -146 137 -124 63 44 137 30 19 114 -81 105 147 -114 51 -122 4 64 -7 -49 -99 147 -75 84 -58 -22 126 86 5 -136 102 -58 -123 -10 -57 -26 83 99 114 25 69 -5 128 -152 -118 62 63 10 31 28 46 64 73 10 -114 -95 138 -68 -130 -58 73 -28 96 146 -118 60 25 134 155 97 -37 -96 11 -34 -113 117 -76 7 -140 -30 78 -46 35 34 71 -72 -43 20 122 42 10 -32 45 -122 48 32 40 71 -80 29 105 -100 -102 117 -154 -19 -151 -46 -131 77 139 -46 -71 141 -16 -21 101 105 -63 -89 -92 96 -99 138 74 57 70 79 7 88 -86 -118 -103 -45 150 -130 26 89 107 -118 136 -153 35 80 107 -3 31 11 -133 -65 29 -22 -49 55 -73 148 -65 -111 -119 76 -46 135 -6 31 102 89 -59 75 -64 8 38 64 -55 -49 -19 -127 ; 
20:78 5:17 14:54 18:68 31:121 29:113 11:41 26:104 9:33 4:14 10:38 10:40 3:11 9:33 34:134 10:40 33:131 5:19 18:72 4:12 22:88 27:105 6:22 10:40 24:92 26:100 13:51 40:158 32:128 22:88 16:62 14:56 18:70 14:52 19:73 32:126 19:73 39:155 20:80 21:81 18:72 3:9 4:14 27:105 12:46 25:99 4:14 32:124 17:67 12:44 4:16 26:102 23:89 15:57 45:179 5:19 12:46 14:56 28:110 28:112 6:22 34:134 7:25 18:70 1:1 6:24 6:20 39:153 36:144 33:131 27:107 38:152 18:70 6:20 23:91 24:92 12:48 12:46 15:57 15:57 22:88 9:33 14:54 1:1 8:28 32:126 28:112 20:76 21:81 20:80 6:24 6:22 8:30 6:20 36:142 14:54 15:57 32:124 23:89 21:83 18:70 38:150 5:19 7:25 28:110 30:116 40:156 27:107 26:102 31:121 17:65 2:8 31:123 5:17 10:40 5:17 1:1 3:11 24:94 24:94 40:156 23:91 10:40 17:65 37:147 7:25 4:16 18:70 33:131 14:54 8:28 8:32 4:14 34:134 22:84 2:4 4:12 22:88 16:64 27:107 18:70 29:113 11:43 38:152 30:116 28:110 12:48 24:92 40:158 38:152 10:40 11:43 31:123 40:160 19:73 29:115 21:83 16:60 18:68 5:19 29:115 20:76 28:110 32:128 4:14 8:28 1:3 10:40 19:73 12:44 9:33 4:12 25:97 7:25 24:96 18:70 32:124 37:145 26:102 18:72 34:132 36:140 26:104 32:126 30:116 28:112 18:70 4:16 18:70 19:75 14:56 14:56 11:41 16:62 7:27 12:46 19:75 21:81 32:126 27:107 6:24 ; 
L 48 54 102 38 -25 -116 -14 -29 93 145 -56 15 -18 -69 -115 -86 -7 -31 4 -130 86 -115 -67 150 61 140 -137 95 59 52 94 -43 -71 -4 58 16 41 -60 122 -114 -42 5 -108 -17 -57 -126 45 -127 -48 -42 112 112 15 75 -7 15 -119 -105 100 30 -64 21 -39 -77 -105 140 -118 -14 -129 -64 124 -131 96 -37 67 113 -59 -14 -110 -87 11 -58 142 32 133 15 111 132 -103 102 -101 -85 110 -15 -64 -42 -104 41 42 35 93 -100 -113 102 -104 -120 -90 -125 -50 -16 16 -23 -42 -111 43 -94 127 -31 -99 -32 -129 -69 -10 71 76 118 -49 11 132 -9 90 -9 126 91 -97 -18 -117 -76 -149 128 -146 -17 -119 -113 -47 124 119 -137 31 96 -138 -33 67 -85 35 -38 109 137 -14 13 -81 127 10 41 90 140 -132 110 -53 54 -95 -74 -11 -131 -24 126 17 -44 66 12 123 87 120 72 103 18 123 31 -81 -25 142 105 115 25 -51 -24 -92 -138 95 9 ; 
83 82 1 3 20 11 67 54 52 30 62 34 59 58 39 3 62 57 70 68 47 78 14 91 70 43 9 98 20 79 15 7 89 15 6 7 3 78 26 24 41 3 18 93 36 81 57 58 24 35 59 41 71 61 20 31 35 66 83 7 45 85 51 42 64 89 58 64 66 20 35 47 5 18 11 97 41 21 97 94 47 91 81 8 28 31 39 81 78 24 2 17 1 10 6 21 21 3 89 97 84 98 34 90 1 83 33 20 37 22 84 34 37 68 11 99 74 29 1 55 56 25 68 30 79 48 7 48 99 25 84 83 10 62 73 78 17 42 26 97 57 34 14 1 80 8 24 27 5 79 100 75 62 16 20 75 80 40 23 46 71 89 93 20 64 56 39 46 90 49 51 85 11 12 36 46 70 66 94 61 67 83 56 37 16 93 22 12 84 86 80 11 100 35 7 78 22 38 76 7 74 ; 
L 48 102 38 -25 -116 -14 -29 93 145 151 -56 15 -18 54 -95 -74 -11 -131 -24 152 -69 -115 155 -86 -7 35 -38 109 137 -14 13 -81 127 10 41 90 97 140 -132 110 -53 126 17 -44 66 12 123 87 120 72 103 18 123 31 -81 48 127 -45 126 57 -154 17 -126 9 -90 9 -132 -11 49 -118 -71 10 69 129 100 32 99 31 -127 94 -43 42 23 -16 16 50 125 90 120 104 -102 113 87 110 14 108 -5 42 114 -122 60 -41 -16 -58 4 71 43 -94 -52 -59 -95 137 -140 -61 -150 67 115 -86 130 -4 31 85 -25 142 105 115 25 -51 64 129 14 118 -140 77 39 -21 64 -30 -100 105 119 -15 7 -75 -15 -112 -112 42 -67 33 138 -96 -153 -31 137 85 101 -102 103 119 110 -15 -64 -42 -104 41 42 35 93 11 -58 142 32 133 15 132 -124 47 113 119 17 146 -128 149 76 117 18 -91 59 -113 -67 37 -96 131 -124 -24 -92 -138 95 9 ; 
34:132 3:11 2:4 8:32 5:17 27:107 22:86 21:83 12:48 39:153 26:100 14:54 24:94 33:129 21:81 34:136 5:17 5:19 15:57 6:22 20:80 16:62 14:54 25:97 25:99 15:59 30:120 32:128 16:64 10:36 19:73 29:113 36:142 38:148 8:32 26:102 22:84 17:65 16:62 19:73 36:144 9:35 28:112 27:105 38:150 25:97 27:107 34:132 23:89 15:59 7:25 38:148 9:35 5:19 34:134 35:137 10:38 24:92 23:91 33:129 7:27 17:67 44:174 4:16 34:132 34:134 10:40 40:158 20:76 3:11 35:139 12:48 28:108 10:40 22:88 2:8 22:88 1:1 12:46 30:118 40:158 30:116 15:59 14:54 34:134 9:35 15:59 8:32 14:52 34:132 1:1 36:144 34:136 38:150 39:155 10:36 8:28 2:4 17:65 10:38 11:41 32:124 2:4 3:11 3:9 6:24 36:142 3:11 6:24 32:126 8:32 40:156 4:14 18:68 28:112 37:145 6:22 32:124 19:75 28:108 28:112 16:64 18:70 32:128 5:17 40:160 14:56 3:11 5:17 8:32 27:105 26:102 24:92 56:224 17:67 21:81 34:136 18:72 3:11 34:132 27:105 14:56 13:49 8:32 25:97 29:113 17:65 24:94 3:11 25:99 30:120 40:160 19:75 14:54 2:8 8:32 7:27 1:3 10:38 24:94 4:12 4:16 3:9 9:33 9:33 2:4 36:142 39:155 34:134 36:144 37:145 33:129 4:12 12:44 13:49 4:14 18:68 4:12 32:128 1:1 6:22 14:54 23:91 39:155 11:41 17:67 7:27 46:180 18:70 17:65 39:155 5:17 8:28 2:8 19:75 41:163 9:35 16:60 31:121 3:11 30:118 ; 
L 7 -83 111 -48 -78 -84 30 -67 55 -27 -77 31 -113 -69 -17 66 111 -83 -41 133 144 19 42 -42 -32 -127 -43 -60 -113 74 -106 -33 147 88 -37 -80 -31 92 121 65 -121 -29 142 32 106 3 -8 -10 68 32 -125 -101 -112 -95 131 95 115 -92 -23 -18 -20 64 66 33 62 46 -25 -80 -53 -69 -28 44 -39 18 -101 144 -121 74 -108 -11 120 -120 -17 -11 104 94 119 -26 -56 82 -84 74 81 111 3 -78 2 126 -88 84 -117 -28 39 -127 39 -75 127 94 -95 150 110 118 138 108 -128 111 104 -120 26 117 -58 68 66 33 -71 -18 -90 -74 -35 -121 15 108 16 77 127 -22 -99 -63 -97 12 -90 44 -49 131 -44 49 123 7 99 -150 55 107 -91 65 29 123 125 -79 38 -24 -75 -88 59 -21 -79 22 -54 79 -51 116 -58 133 88 126 -71 -18 -143 -34 -89 58 91 -115 53 -38 -40 -79 125 80 -115 77 -121 -1 131 112 -126 18 141 -139 120 113 ; 
39 19 7 81 4 32 22 48 71 43 98 42 79 98 76 40 59 1 67 2 33 17 5 40 45 77 61 8 9 33 62 97 25 79 9 78 90 50 70 2 25 91 61 53 11 88 78 90 19 81 100 88 86 87 58 93 43 2 44 13 47 88 62 23 35 20 42 74 50 26 37 67 2 82 61 70 82 58 77 74 98 97 75 5 35 99 34 6 86 46 13 50 1 78 34 78 61 47 6 22 62 68 79 96 91 51 92 33 21 29 6 13 19 22 86 26 40 54 64 44 35 31 79 14 47 57 9 59 97 13 4 12 84 34 24 74 37 95 13 12 20 84 52 33 9 30 61 85 69 4 85 23 81 48 71 42 71 5 17 55 83 96 39 25 59 11 40 64 79 28 49 33 9 98 42 90 58 87 34 39 60 37 79 1 43 85 93 19 4 14 66 30 84 34 56 11 35 30 95 5 91 ; 
L 7 -83 111 -48 -78 -84 30 -67 55 153 -27 -77 31 -113 108 -152 -74 -144 101 -18 -151 39 -44 139 28 69 53 80 25 -46 -62 -33 -66 -64 20 18 23 92 -115 -95 -131 131 95 112 101 125 -32 -68 10 8 -3 -106 -32 -142 29 121 -65 -121 -92 31 80 37 -38 -40 -21 127 -79 125 59 -22 -88 84 -117 -28 39 -127 39 -75 127 94 -95 150 110 118 138 108 -128 111 104 -120 26 117 -58 68 66 33 -71 155 -18 -90 -74 -35 -121 15 108 16 77 49 123 7 99 -150 -69 -17 66 111 -83 -41 133 144 19 42 -42 154 -32 -127 -43 -60 -113 74 -106 -33 147 88 -53 115 -91 -58 89 34 143 18 88 75 24 -38 79 -125 -123 -29 55 107 -91 65 -11 120 -120 -17 -11 104 94 119 -26 -56 -84 74 81 111 3 -78 2 126 -63 -97 12 -90 -49 131 -44 -79 22 -54 79 -51 116 -58 133 88 126 -71 80 -115 77 -1 112 -126 18 141 120 113 ; 
16:62 8:30 3:11 33:129 2:6 13:51 9:35 20:76 29:113 38:148 1:1 40:156 17:67 32:126 38:148 39:153 14:52 15:59 28:112 25:97 33:129 17:65 1:3 46:182 19:75 15:59 11:41 20:80 30:118 17:67 8:32 14:56 10:36 25:99 36:140 19:75 6:20 18:70 1:3 18:68 38:148 46:180 13:51 35:139 35:137 36:140 40:160 33:129 8:30 36:144 32:124 36:140 5:17 22:84 25:97 37:145 10:40 1:3 28:112 20:80 36:144 32:124 0:0 18:68 34:136 24:96 37:147 38:148 17:65 3:11 24:94 9:35 25:99 28:108 32:126 39:153 37:145 21:81 37:147 14:52 9:33 12:46 3:9 6:20 8:30 9:35 35:137 11:41 16:64 22:86 26:102 18:70 14:56 13:49 32:126 6:22 19:75 25:99 32:126 4:14 24:94 39:155 6:20 2:6 5:19 34:134 14:54 12:46 25:97 34:136 28:110 2:6 15:59 31:121 16:64 24:94 1:1 27:107 1:3 14:52 7:27 2:8 16:64 14:54 21:83 31:123 25:97 4:12 4:14 14:52 25:99 39:155 10:40 32:126 4:16 32:126 15:59 24:96 16:62 14:54 35:139 24:92 9:33 39:153 34:132 22:88 7:27 2:8 29:113 17:67 8:30 10:36 33:129 20:76 72:286 40:156 39:155 30:120 2:8 14:56 40:158 14:54 3:9 35:137 3:11 20:80 1:1 32:124 14:54 32:124 25:97 19:75 27:105 6:20 5:19 8:32 28:110 14:52 4:14 10:38 5:17 16:64 26:102 32:126 12:44 20:78 14:52 4:14 40:156 17:67 35:137 2:6 6:22 28:112 13:49 23:89 5:17 14:56 13:49 2:8 37:145 ; 
L 16 116 49 39 -95 77 -144 141 29 -141 18 146 28 65 138 48 -7 1 143 37 -143 -78 -85 -123 -81 -112 -20 3 39 -114 103 138 -89 -18 -52 123 -15 147 139 -83 22 82 -20 -30 -41 130 -91 70 106 84 -11 71 58 29 132 -29 -59 -55 -120 58 -10 -80 -1 -32 30 -101 58 79 -17 -104 -140 -31 -147 42 -56 -70 134 54 16 17 -100 39 -16 45 -102 -48 99 -46 -5 -103 -38 111 118 134 -69 106 42 122 1 84 44 132 52 135 65 -93 -68 -149 140 -54 115 135 48 -15 37 -128 -144 -2 -124 76 119 -121 110 -148 150 127 34 -59 38 146 -126 -15 59 -38 -6 -4 -103 -111 -61 137 -123 54 50 131 -118 -57 -111 -20 -144 95 134 -141 133 25 -60 -146 -17 -110 141 113 -119 16 -69 -79 -31 91 -112 62 115 16 -69 -108 87 -78 4 38 79 -104 -14 -126 -35 -137 -34 -73 -123 37 -50 46 -87 9 -33 55 -138 29 150 -98 -75 -69 142 84 ; 
16 50 97 88 88 38 15 80 8 7 53 32 98 53 52 52 76 40 40 18 53 70 70 8 49 94 24 71 40 63 61 27 24 48 80 82 73 69 25 69 85 14 50 66 67 57 44 18 12 53 25 88 73 82 83 41 71 34 100 80 94 44 63 88 20 84 97 65 74 43 58 87 10 43 78 86 13 29 91 80 5 6 23 10 82 89 84 50 74 60 17 77 77 85 19 100 34 53 12 100 8 99 48 51 95 87 21 35 79 48 68 74 26 69 41 70 69 98 11 32 43 38 93 82 62 97 88 76 100 15 84 19 35 54 31 33 58 15 10 47 24 58 84 62 5 57 19 51 23 98 54 45 81 27 33 28 41 21 18 88 82 16 75 57 91 51 63 85 50 28 44 89 55 33 49 92 72 15 64 99 15 37 4 55 93 85 23 43 94 39 71 14 82 82 56 18 51 56 88 14 43 ; 
L 155 16 116 49 39 -95 77 -144 141 29 -141 18 152 146 28 65 138 48 -7 1 143 37 -143 -78 -85 -123 -81 -112 -20 3 39 -114 103 138 111 103 4 6 38 -59 15 -89 -18 -52 123 -15 147 139 -83 22 82 -20 -30 -41 130 60 -2 -124 76 119 55 29 -132 -29 -58 -71 11 -84 -70 91 -146 -17 -110 141 113 -119 16 153 -69 -79 -31 -120 58 -10 -80 -1 -32 30 -101 58 79 -17 -104 -140 -31 -147 42 -56 -70 134 54 16 17 -100 39 -16 45 -102 -48 99 -46 -5 -103 -38 111 118 134 -148 150 127 34 -59 38 146 151 -126 -61 137 -123 54 50 138 -55 33 -9 131 123 73 34 137 126 -118 -57 -111 -20 -144 95 134 -141 133 25 144 128 -37 15 -48 -135 -115 54 149 68 93 -65 -135 -52 -132 -44 -84 -1 -122 -42 -106 69 -110 121 91 -112 79 -104 -14 37 154 4 38 78 -87 108 69 -16 -115 -62 50 46 -87 150 -98 -75 -69 142 84 ; 
22:88 16:60 20:80 39:155 36:140 36:140 16:60 6:24 32:128 4:12 3:11 22:84 11:43 28:110 40:156 22:84 21:83 21:83 31:121 16:64 16:64 8:28 22:84 28:112 28:112 4:12 20:78 38:150 10:38 29:113 16:64 26:100 25:97 11:43 9:35 6:24 24:92 14:52 13:49 22:86 14:56 10:38 20:76 32:128 33:131 30:116 28:110 10:40 28:110 34:136 6:22 20:80 27:105 27:107 23:91 15:59 34:136 5:17 13:51 18:68 46:182 15:57 17:65 34:132 33:131 30:116 36:140 10:40 15:59 8:28 14:56 17:65 9:33 8:28 36:140 33:131 7:25 30:120 10:36 23:91 37:145 18:70 32:128 38:150 18:70 26:100 36:140 8:32 34:134 39:155 26:104 30:118 18:68 24:92 35:139 4:16 18:68 32:124 35:137 6:20 12:46 37:145 32:128 2:8 3:9 10:36 4:16 33:131 36:142 34:134 20:80 30:118 24:96 7:27 31:123 31:123 34:136 13:51 25:99 39:155 36:140 31:121 40:160 6:24 26:102 27:105 3:11 19:75 10:38 24:92 34:134 29:115 33:131 6:22 29:113 19:75 16:64 38:148 22:88 2:6 2:6 21:81 23:91 8:30 21:81 10:36 40:156 22:86 18:72 33:129 11:43 19:73 28:110 28:112 17:65 28:110 11:41 30:118 28:108 2:6 14:56 9:33 35:139 38:152 21:81 20:76 40:158 4:12 40:160 5:19 22:84 14:54 40:160 28:110 38:148 13:49 26:100 25:99 6:24 26:102 40:156 36:140 26:102 37:147 27:107 14:52 22:88 36:142 18:70 12:44 20:80 27:107 27:105 38:150 6:22 8:28 21:81 23:89 36:140 6:22 18:68 ; 
L 22 -16 -26 76 129 -56 124 -115 -112 -114 -74 23 64 107 -37 -124 -41 -89 149 -127 -128 24 77 -81 12 71 131 60 29 49 67 14 -27 -133 103 62 84 36 -42 -74 120 2 105 -105 -36 71 -130 112 -132 -26 22 32 97 -2 -28 46 -74 2 -94 -22 -72 -148 84 -121 -7 -24 31 127 108 104 -8 -135 18 71 -80 96 115 -124 -115 74 -135 99 -6 71 115 57 142 -46 -64 -127 -126 144 131 -64 -145 -99 -116 -8 -137 -81 40 -66 -109 -3 67 -23 -54 -97 77 71 -48 -113 55 -111 37 120 37 -81 -86 67 -102 58 -10 130 -3 147 125 -13 69 9 24 -20 101 64 122 52 -102 74 -21 32 -4 116 98 -137 48 30 46 -8 -78 93 -61 62 42 121 -59 131 -50 84 101 1 -20 50 112 130 24 -40 8 -43 74 -30 78 30 -98 125 77 -63 8 -120 -94 73 71 39 52 105 -89 -4 94 -148 -32 109 -116 53 -148 -87 36 -52 -55 117 -138 53 ; 
51 50 32 70 94 73 37 6 59 4 81 54 74 2 75 70 11 40 6 92 38 81 67 88 20 35 6 72 88 54 73 76 32 1 21 27 56 43 77 16 77 26 19 89 47 55 65 29 15 36 62 75 14 6 33 96 94 44 48 1 18 12 69 5 37 97 93 5 46 80 64 77 99 11 63 35 16 49 21 97 1 63 99 40 70 30 28 91 35 97 55 26 43 96 68 67 91 26 69 20 22 11 76 95 5 75 82 89 80 46 75 6 62 48 14 12 72 45 40 9 62 58 4 29 95 21 75 78 72 15 48 10 36 97 90 56 88 29 67 38 66 94 54 81 5 83 34 13 8 80 28 54 34 47 59 81 58 81 49 19 83 90 66 62 36 46 80 94 26 53 4 52 58 53 77 87 74 56 21 93 48 35 10 75 63 70 79 71 36 59 11 63 79 9 23 64 33 43 3 91 74 ; 
L 150 22 -16 -26 76 129 -56 124 -115 -112 -114 -74 23 64 107 -37 -124 -41 -89 149 -127 -128 24 77 -81 144 131 -64 -145 -99 -116 -84 -62 -103 133 27 -14 -111 37 120 37 -81 -86 67 -102 58 -10 130 -3 147 125 -13 69 9 24 -20 -115 -96 80 -71 -18 135 8 -104 -108 -127 24 7 121 -84 148 72 22 94 74 -46 28 2 -97 -32 -22 26 132 -112 130 -71 36 105 -105 -2 -120 74 42 -36 -8 -137 -81 154 40 -30 78 30 152 77 -63 8 -120 -94 73 71 39 101 64 122 52 -102 74 -21 32 -4 116 98 -50 84 -49 -29 112 24 -40 8 -43 74 93 -61 62 -60 -131 -71 -12 126 127 64 -142 -57 -115 46 -71 6 -99 135 -74 115 124 8 -46 -30 -48 137 87 148 -53 116 -109 32 148 -94 4 89 -105 -52 -78 -66 -109 -3 67 -23 -54 -97 77 71 -48 -113 55 -67 101 1 -20 50 153 42 121 -59 131 36 -52 -55 117 -138 53 151 ; 
8:30 40:156 20:80 13:51 28:112 38:150 30:116 15:59 3:9 24:94 2:6 33:129 22:86 30:118 1:3 30:120 28:112 5:17 16:64 3:9 37:147 16:60 33:129 27:107 36:140 5:19 18:68 39:153 28:108 27:107 37:145 4:14 23:89 11:43 9:33 1:1 13:51 30:116 6:22 5:19 29:115 18:72 16:64 4:14 25:99 24:92 2:6 12:46 38:152 9:33 30:120 32:124 29:115 6:24 20:76 4:16 20:80 7:25 14:56 26:100 5:17 40:158 31:123 26:102 32:128 19:73 3:9 39:155 15:59 2:8 28:110 5:19 8:28 1:1 10:36 38:150 39:153 14:52 3:9 6:22 30:120 25:99 15:57 6:24 12:46 26:104 22:88 19:75 36:142 8:30 11:41 31:123 7:25 31:123 24:96 28:110 8:32 12:48 17:67 23:89 2:6 21:83 38:152 11:43 35:139 30:118 23:89 9:33 38:148 20:76 14:56 12:48 39:155 36:144 23:89 36:140 12:46 27:107 16:60 27:105 38:150 22:86 53:209 33:129 4:12 22:86 9:33 26:104 19:73 32:128 38:150 11:41 22:86 12:44 22:86 32:128 29:115 3:9 14:56 14:54 22:88 39:155 40:160 12:44 12:48 16:62 23:91 16:64 40:158 26:100 1:1 39:155 9:33 6:22 6:20 14:54 34:132 2:8 10:40 4:14 32:126 26:100 5:17 24:94 15:57 29:113 32:126 28:112 26:100 30:120 4:14 14:54 31:121 38:152 2:8 30:120 33:131 36:142 32:128 19:73 30:120 3:9 25:99 21:81 46:182 8:30 34:132 36:144 26:100 30:116 19:75 24:94 33:129 3:9 26:102 14:52 18:68 2:4 37:145 15:57 29:113 ; 
L -16 -18 -102 -83 49 -100 -46 3 4 36 4 -29 -60 -60 134 129 96 -102 -44 48 80 80 8 -10 -140 119 -108 105 -100 -5 -85 148 117 -150 62 25 53 -78 -52 66 -133 -43 -144 28 45 14 6 -100 -118 145 136 139 -137 -34 24 9 88 73 146 -66 -83 128 -41 103 7 -95 86 118 -125 -128 22 52 7 -16 -107 -145 -33 -5 -33 31 78 88 -129 36 -75 -93 100 -69 -35 -146 -33 20 -117 -110 23 -56 -2 138 -145 46 68 -127 6 -51 -42 62 -147 -60 108 149 -32 -102 -60 -24 112 65 36 -81 -82 -60 -26 115 79 -89 -16 -124 -3 -44 -107 -103 32 79 28 66 131 -87 112 -129 103 -127 -9 -55 66 -2 54 -100 24 -56 130 88 -102 57 -102 -34 78 -69 -71 44 80 -3 -64 134 -51 96 -104 129 118 27 141 60 -8 -14 -10 118 141 -84 44 -28 -113 78 -147 -6 -37 -31 -56 -17 -21 14 48 122 12 -35 7 98 -1 -42 132 -89 -67 -88 ; 
64 88 96 8 38 35 54 33 80 7 2 75 35 59 30 27 84 96 44 46 78 54 72 96 81 96 66 30 70 11 32 15 65 26 37 51 36 17 51 92 14 1 28 90 57 80 31 22 12 60 86 69 12 8 16 5 54 91 50 81 79 4 29 23 81 100 20 53 61 84 90 3 35 67 94 46 51 83 62 5 51 90 64 59 84 71 75 56 31 42 71 95 3 60 19 60 10 37 70 35 62 65 93 52 67 45 33 43 60 54 64 80 66 21 61 92 93 14 80 57 47 76 20 7 84 95 4 48 43 70 7 52 40 55 33 10 72 63 60 48 98 29 13 68 42 64 69 76 99 68 59 8 91 67 23 68 67 89 42 12 84 87 72 5 68 12 39 50 54 12 60 95 72 8 38 33 83 7 5 23 20 21 81 48 74 21 81 82 81 95 84 30 91 8 2 95 56 14 11 17 23 ; 
L -16 -18 -102 -83 49 -100 -46 3 4 153 4 -29 -60 -25 -62 150 -117 -148 85 5 100 -105 108 -119 140 10 -8 -80 -80 -48 44 102 -96 -129 -134 60 53 -78 -48 -14 21 17 56 31 37 6 147 -78 28 -44 84 -141 -118 10 14 8 -60 -141 -27 -118 -129 104 -96 51 -134 64 3 -80 -44 71 69 34 102 -57 102 -88 -130 56 -24 100 -54 2 -66 55 9 127 -103 129 -112 24 60 102 32 -149 -108 60 147 42 51 -6 127 -68 -46 145 -152 -138 45 14 66 -133 -43 -69 86 118 -35 -146 -33 20 -117 -110 23 -56 -2 -28 144 -100 93 75 -36 129 -88 -78 -31 33 5 33 145 107 87 -154 -131 -66 -28 -79 -146 -151 -73 -88 -9 -24 -35 7 98 -1 155 -32 103 107 44 3 124 16 89 -79 -115 26 60 82 81 137 -139 -136 -145 118 100 -6 -65 -112 16 -7 -52 -22 128 125 95 -7 -103 52 122 12 -36 41 -128 83 66 -42 132 -89 -67 -88 ; 
26:102 36:140 39:153 4:12 16:60 14:56 22:86 14:52 32:128 31:121 2:4 30:120 14:56 23:91 21:81 15:59 11:41 26:104 6:24 13:51 5:17 28:112 12:48 27:105 39:153 33:129 39:153 29:115 22:86 32:124 19:73 18:70 39:153 34:134 11:43 12:48 16:60 7:27 46:182 33:129 33:131 33:129 9:33 30:118 20:76 33:129 9:33 8:32 6:20 3:11 34:132 14:52 16:60 4:12 29:115 38:152 24:96 5:19 22:86 20:80 16:62 5:19 28:108 2:8 29:115 35:139 34:134 5:19 17:67 36:142 27:107 36:142 27:107 37:145 4:12 24:94 28:108 40:158 31:121 28:110 26:102 17:67 28:108 6:20 12:46 40:156 20:76 24:96 26:100 17:65 9:33 27:105 32:128 26:102 22:86 24:96 18:68 31:121 27:107 21:83 38:148 26:104 25:99 14:56 8:30 34:132 12:48 32:128 16:60 6:22 1:1 12:46 4:14 22:84 30:118 17:67 29:113 38:152 2:4 24:96 8:30 24:96 4:16 26:102 36:144 22:88 30:120 29:113 34:134 24:94 26:102 36:144 21:81 2:8 25:99 34:132 21:81 19:73 36:140 21:83 11:43 14:52 22:88 16:64 38:150 0:0 26:100 37:145 22:86 2:8 5:19 37:145 4:12 1:3 20:76 22:88 3:11 28:112 18:68 20:76 2:6 38:152 34:134 3:11 8:32 31:121 19:75 23:91 32:128 7:27 5:19 28:110 35:137 24:96 5:19 9:35 48:192 37:147 40:156 27:107 14:56 2:4 36:144 34:134 12:46 40:160 33:129 21:83 13:51 34:134 12:48 12:46 12:46 2:6 32:126 22:86 23:89 6:22 5:17 7:27 10:36 ; 
L -141 115 -47 -68 50 -9 72 68 140 -130 -39 30 133 97 -138 40 14 -20 -57 -126 -83 -122 100 -143 -98 86 -54 70 130 22 -98 126 103 -79 80 -97 92 -110 84 -122 3 83 -87 82 54 -104 105 115 119 134 -54 110 -144 -52 58 108 66 -144 3 -29 -50 -77 -97 69 90 -116 -55 55 61 -114 -120 95 141 -115 -116 76 -66 -30 -90 54 -77 26 -41 -124 109 98 86 103 25 99 -117 -142 76 -67 44 -84 -146 -35 -61 -41 -48 12 137 -18 114 -143 -80 89 100 -147 -53 130 14 -21 122 -84 64 -94 -17 32 -110 4 65 63 -19 -28 129 -114 136 -2 113 83 -110 -65 -22 -1 13 -86 101 108 -19 60 39 -12 -30 115 -77 -53 12 1 14 26 130 140 -119 -92 -146 14 97 -98 111 -108 -14 -50 109 41 82 8 -10 -142 128 109 78 -83 -64 -73 61 -19 -12 147 -47 81 -1 -149 -62 -49 114 -100 -72 -8 -31 143 112 -94 14 149 -150 31 134 130 ; 
46 27 67 89 44 55 46 45 66 4 73 57 4 91 34 51 96 96 55 97 99 75 43 9 13 24 3 100 86 75 25 83 43 28 21 95 33 27 44 64 76 51 20 96 73 23 77 85 50 5 63 17 9 95 77 95 13 19 25 9 13 92 56 77 94 24 76 26 100 51 33 85 78 46 63 65 8 93 76 22 59 61 61 36 21 72 22 41 61 36 75 44 57 65 88 99 58 71 20 83 65 73 35 68 23 64 15 93 42 87 59 49 80 7 32 3 100 27 38 58 1 85 85 85 91 6 48 51 6 30 12 7 100 37 47 84 89 92 90 17 42 82 53 80 10 19 45 89 86 28 81 37 56 90 88 38 46 97 77 49 44 82 57 90 35 53 32 64 62 60 55 93 48 40 62 6 74 21 72 10 3 82 63 68 34 31 73 18 49 55 78 18 95 65 7 55 26 80 84 7 22 ; 
L -141 115 -47 -68 50 19 -61 73 64 100 -114 49 62 149 -14 119 -140 -130 -26 -99 -25 -103 -86 -98 -109 124 41 -26 77 -54 90 30 66 -76 116 -143 31 8 -154 -41 -48 83 -78 -109 142 10 -8 -82 -41 -109 50 31 -92 -146 14 97 -98 111 -108 -149 -14 94 -152 -112 12 137 -18 114 153 -143 -80 89 100 -147 -53 130 -21 122 -84 64 -94 -17 32 -110 4 65 63 -19 -28 129 -114 136 -2 113 83 -110 -65 -22 -1 13 -122 3 83 -87 82 54 -104 105 115 119 134 -54 110 -144 -52 58 108 66 -144 3 -29 -50 -77 -117 -142 76 -67 44 -84 -146 -35 -61 72 115 -141 -95 120 114 -61 -55 55 116 -90 -69 -14 -1 -12 77 -115 30 12 -39 -60 19 -108 86 -84 110 -92 97 -80 79 -103 -151 -126 98 -22 -130 -70 54 -86 98 143 -100 122 83 126 57 -155 20 -14 -40 138 150 1 -81 47 -147 12 -9 72 68 140 -130 -39 30 133 97 134 130 ; 
19:73 11:43 27:107 36:142 18:70 28:108 9:33 30:118 3:9 32:124 8:28 30:116 13:49 14:54 5:17 18:72 36:140 36:144 23:89 23:89 15:57 25:97 17:65 9:35 29:115 9:33 15:57 25:97 25:97 24:94 9:35 31:121 38:148 4:12 26:104 26:100 8:28 32:124 32:126 32:128 26:104 12:48 16:64 20:76 44:174 24:96 25:99 26:102 13:51 22:84 14:56 27:105 24:96 19:73 39:155 31:123 20:78 18:70 33:131 28:112 22:88 3:11 34:136 5:19 54:214 14:56 28:108 10:36 22:88 40:158 6:24 38:148 17:67 35:139 24:94 20:78 29:113 13:51 2:4 40:160 11:43 16:60 24:92 1:1 34:136 34:136 34:136 37:145 3:9 20:76 21:81 3:9 12:48 5:19 3:11 40:160 15:59 19:75 34:134 36:142 34:132 31:121 21:81 8:32 39:153 30:116 10:36 31:123 34:136 20:80 2:8 26:100 7:27 4:14 38:152 31:123 38:152 6:20 8:30 10:40 4:14 6:20 37:147 26:102 18:70 23:91 26:104 36:140 40:158 24:92 29:113 8:32 16:62 15:59 19:73 32:124 34:136 14:52 21:81 40:160 11:41 31:121 10:38 38:150 5:17 33:129 12:44 62:246 18:72 8:30 4:16 32:128 22:84 33:131 17:67 41:161 30:116 18:70 11:43 14:52 38:152 9:33 12:44 7:27 12:44 34:132 10:40 30:120 35:137 40:160 2:4 10:38 6:20 4:14 18:68 30:120 40:158 39:155 10:36 27:105 39:153 39:153 21:81 8:30 28:112 26:100 33:131 2:4 4:16 24:94 19:73 18:72 27:105 2:6 30:116 23:91 2:6 37:145 55:217 3:11 9:35 ; 
L -23 61 19 97 -132 -53 -85 4 114 33 23 -134 105 -93 37 -105 41 89 137 -130 -61 -56 -4 51 61 135 -62 -15 54 -144 121 -141 -42 29 91 146 -150 118 30 110 52 -24 -35 -27 -54 144 -18 -129 -114 51 14 -26 -30 142 -131 -62 31 -102 -91 -51 39 -134 -45 -18 97 80 -67 -18 125 61 -134 -95 -115 -52 14 55 -38 -105 126 131 125 -41 -112 28 9 -119 -93 51 10 -131 87 -7 14 52 115 -51 137 -54 -6 -129 22 -78 -66 69 36 5 122 -80 -80 -116 125 16 -123 37 -75 34 92 130 19 72 16 25 -102 12 81 53 -66 73 55 -10 99 -69 -38 53 -75 -128 -83 28 -87 74 -146 145 -50 135 125 -88 -127 -76 4 -87 148 -135 124 87 100 -123 -106 -45 -75 24 35 -116 -70 -58 128 60 -9 -77 -143 -53 79 -46 55 -36 41 105 11 100 63 -89 -54 106 -26 -73 -40 -21 17 -13 -7 -33 -13 67 -107 -84 46 29 36 -61 -41 66 ; 
19 76 18 80 40 21 64 58 28 32 3 21 29 26 15 36 2 40 14 77 67 1 37 95 72 87 35 14 25 67 75 100 34 34 37 70 95 57 84 4 71 10 9 36 23 39 28 46 16 89 25 100 88 61 73 4 38 26 68 52 71 60 45 33 19 83 18 62 94 67 91 50 43 12 74 38 73 15 37 41 22 58 59 36 34 92 61 91 98 87 28 13 29 77 35 86 58 59 15 25 70 46 1 34 93 89 42 45 89 28 66 8 60 79 3 47 31 37 90 26 4 4 10 13 13 21 66 83 63 12 34 94 7 14 21 61 19 65 93 63 41 3 39 90 52 53 92 17 59 47 15 64 28 84 92 11 20 2 34 90 92 31 85 48 31 58 98 2 98 52 56 72 59 68 43 33 93 81 96 96 52 55 16 41 53 60 23 20 54 62 75 27 97 66 34 82 60 18 65 29 46 ; 
L -23 61 19 97 -132 -53 -80 -116 125 16 -123 37 -75 -24 -35 -27 -54 144 -85 4 114 33 23 -134 105 -93 37 -105 -15 54 -144 121 -141 -42 41 89 -63 -100 -11 -151 -105 -41 36 -55 46 -79 53 143 77 9 -60 -128 58 70 116 -35 -24 75 45 106 123 -100 -87 -124 135 -148 87 76 127 88 -125 -135 50 -145 146 -74 87 -28 83 128 75 -53 38 69 -91 -51 39 -134 -45 -18 97 80 -67 -18 125 61 -134 -95 -115 14 55 -38 -105 126 131 125 -41 -112 28 9 -119 -93 51 10 -131 7 13 -17 -33 87 -7 14 52 115 -51 137 -54 -6 -129 22 -78 -66 69 36 122 154 -80 -18 -129 -114 51 14 -26 -30 142 -131 46 29 36 -62 31 -102 -99 10 -55 -73 66 -53 -81 -12 102 -25 -16 -72 -19 -155 -130 -92 -34 -153 -52 -110 61 135 -62 91 146 -150 118 30 -51 -84 -61 4 56 -152 61 130 -137 -89 -54 106 -26 -73 -40 -21 -13 -107 -41 66 ; 
8:30 31:121 8:28 32:128 16:64 9:33 31:121 12:44 27:105 4:12 24:96 32:126 2:4 36:142 4:14 15:57 10:36 16:62 8:28 24:92 12:44 13:51 2:4 9:33 12:46 11:41 6:24 15:57 2:8 10:40 27:107 30:120 40:160 14:54 4:14 16:64 21:81 39:153 33:129 40:156 9:33 14:52 18:68 28:108 24:94 29:115 23:89 21:83 40:156 1:3 40:156 24:92 13:49 20:76 34:136 13:49 37:147 36:144 14:54 1:3 8:32 5:17 37:147 34:134 12:44 26:102 6:24 26:104 7:27 37:147 22:84 21:83 36:144 16:62 2:4 17:65 26:100 38:148 26:104 8:30 25:97 9:33 6:22 3:11 52:206 21:83 29:113 24:96 18:72 14:52 8:30 34:132 8:28 25:99 38:150 27:107 37:145 20:80 18:68 6:20 16:60 30:116 6:24 15:59 17:65 9:35 24:92 24:94 15:57 14:54 37:147 25:97 37:145 40:156 35:139 14:52 22:86 8:32 21:81 18:70 6:20 12:46 31:123 14:56 35:137 24:92 24:94 6:24 10:40 28:112 19:73 1:1 14:54 38:148 8:30 12:48 8:32 35:139 19:73 7:25 36:142 10:40 40:160 36:140 25:97 30:116 14:56 33:131 24:96 6:24 16:60 11:41 14:52 14:54 5:19 26:100 34:132 27:105 9:33 6:20 6:20 4:16 2:6 2:6 11:41 34:132 18:68 15:59 13:49 3:9 16:64 29:113 4:12 35:139 14:56 5:17 28:112 38:152 23:91 34:134 28:108 54:212 3:9 9:33 15:59 18:70 22:86 27:107 31:123 24:94 21:83 22:88 7:25 17:65 22:84 24:96 24:96 7:25 29:115 12:46 19:73 ; 
L 149 -66 -95 -8 -84 81 -101 62 146 30 -42 -134 47 95 -36 -56 -118 106 -7 147 96 -47 97 -98 85 129 64 96 27 107 -124 -4 76 -94 -137 -72 -88 53 -4 50 123 15 -97 -84 -108 113 140 100 114 -95 64 -78 93 4 26 149 62 -31 -77 -94 65 98 -133 -83 71 -66 40 -6 67 29 -23 -2 103 -128 -8 -47 -102 -148 -72 29 89 98 71 114 -3 116 101 -20 -84 -84 82 -79 -136 -120 -128 5 119 122 66 -129 119 -5 14 40 80 11 -25 -36 1 -76 -17 30 -35 6 109 -100 112 -86 19 -29 90 -105 128 32 8 83 -62 87 23 -127 -129 38 106 -135 -50 146 -70 131 -95 -145 120 75 118 22 -10 108 -18 -5 42 112 29 53 23 90 -7 1 12 117 -19 121 -92 144 134 120 149 23 -85 18 29 51 43 -62 -75 -43 -22 121 87 -3 -128 67 92 -73 53 -112 132 18 -28 -96 139 122 56 -85 129 4 77 -7 134 35 -103 -142 ; 
77 49 11 17 8 82 37 55 78 88 47 7 29 56 61 56 32 86 51 26 28 88 29 85 16 85 76 72 12 66 67 2 12 68 51 100 15 8 7 68 67 98 80 45 100 32 53 31 24 34 44 75 25 39 3 8 83 46 41 73 89 49 29 63 51 100 63 75 14 99 98 20 64 64 5 18 70 73 46 50 91 2 30 28 7 81 70 59 8 77 8 11 80 26 26 98 41 83 70 11 92 13 63 55 44 87 64 40 72 66 67 88 41 75 25 91 90 43 66 24 81 53 94 7 58 34 38 23 46 17 99 62 60 47 19 66 85 94 46 65 39 19 55 20 47 56 12 82 82 63 36 33 55 41 75 71 4 45 31 82 72 15 80 44 98 82 80 6 51 57 13 51 29 5 68 28 10 93 65 33 7 1 42 37 85 93 63 30 21 85 68 75 57 48 55 39 100 79 58 28 8 ; 
L 149 -66 -95 -8 -84 81 -101 62 146 30 -42 -134 47 95 149 23 -85 18 29 51 43 -62 -75 -43 -22 121 87 -3 -128 67 92 -73 7 -106 118 56 36 -120 -134 -144 92 -121 19 -117 -12 -7 151 1 -90 -53 -112 -42 5 18 -108 10 -22 -75 -120 145 95 -29 72 148 102 47 8 128 -103 2 23 -29 -23 -87 62 -67 6 -40 66 -71 83 3 -114 -71 -98 -89 -77 -4 -129 85 -18 -132 112 -64 -129 -85 98 -97 47 -96 -100 112 -86 19 -29 90 -105 5 -119 129 -66 -122 -119 -5 128 120 136 79 -82 84 -53 147 -109 -6 35 -30 -154 17 76 -1 25 -11 -80 -40 116 101 -20 -84 96 153 -28 -96 139 122 56 27 107 -124 -4 76 -94 -137 -72 -88 53 -4 50 123 15 -97 -84 -108 113 140 100 114 -95 64 -78 93 4 26 149 62 -31 -77 -94 65 98 -133 -14 -150 32 8 83 -127 -129 38 106 -135 -50 146 -70 131 -7 152 134 35 -103 -142 ; 
31:123 20:78 5:17 7:27 4:12 33:131 15:59 22:88 32:124 36:140 19:75 3:11 12:46 23:89 28:112 33:131 32:128 3:9 21:81 23:91 6:20 21:81 12:46 2:8 28:108 12:44 4:16 38:148 26:104 14:52 3:11 1:1 25:97 21:81 35:137 13:51 23:89 36:142 18:70 32:128 6:24 29:115 33:131 13:49 18:72 17:65 18:68 22:86 16:60 14:54 11:43 26:100 33:131 33:131 5:19 23:89 19:75 28:108 8:30 16:62 26:104 23:91 20:80 19:73 30:116 28:112 8:28 2:8 26:102 26:102 8:32 40:156 44:176 19:73 10:36 4:12 6:22 30:120 26:100 40:160 21:81 20:78 3:11 12:44 12:48 1:3 16:64 22:88 20:76 23:91 54:214 38:148 34:136 28:108 31:121 34:136 7:25 34:136 12:46 36:140 7:25 36:144 18:68 27:105 10:38 33:129 22:84 16:60 6:20 37:147 5:17 28:112 34:132 17:65 40:156 11:41 11:41 32:128 5:17 4:12 25:97 3:11 42:164 10:40 30:120 17:65 33:129 19:73 27:107 27:105 33:131 26:102 35:139 18:70 41:161 28:112 24:94 4:12 23:91 5:19 32:126 12:48 9:33 34:136 28:108 16:62 27:105 27:107 1:3 5:19 28:108 21:81 40:160 6:24 4:12 3:11 28:108 27:107 40:156 32:128 18:72 40:160 13:51 22:84 13:49 10:38 14:54 18:70 30:120 10:40 16:62 2:4 4:12 34:132 19:73 17:65 30:116 36:142 20:78 12:46 20:78 34:132 8:28 24:92 14:54 15:57 40:158 25:99 24:96 19:75 8:30 27:105 34:136 38:150 32:126 38:152 18:68 32:126 24:92 12:44 4:12 ; 
L 57 -95 -44 54 20 58 140 45 58 -40 60 141 84 -18 16 -134 -48 146 13 30 -79 -17 -22 -140 -50 -125 -103 23 -87 76 -104 -82 149 -13 -141 -75 119 -101 11 -5 137 -122 101 89 -105 104 90 14 -78 110 -66 -117 137 73 132 148 32 -10 11 -46 89 -72 -67 101 -57 -123 -32 -93 105 122 119 -15 27 69 58 77 139 112 95 -114 -135 -85 141 4 -6 -88 125 80 -146 122 -16 -104 -111 -132 79 142 69 94 -29 134 144 -79 101 37 92 71 10 -113 -108 -132 -68 -42 -150 20 -46 -6 -68 45 9 -21 -2 -53 -7 -38 -4 105 142 -44 -12 -117 -58 52 96 -5 5 58 63 -103 -45 -137 74 109 -47 133 110 40 104 74 53 38 -22 -21 -122 -105 100 -105 41 -114 -55 -24 95 -6 -110 55 -25 8 34 1 -35 -71 32 -139 113 -105 -145 -128 67 104 17 48 113 -95 -134 11 9 13 21 100 -97 -73 -53 -66 -86 -121 -59 -142 84 -138 134 17 ; 
27 88 2 87 72 16 82 4 83 68 80 72 63 1 58 15 56 8 64 45 39 31 100 6 10 95 92 54 50 36 100 74 69 88 81 46 53 76 75 67 3 62 78 59 71 24 3 32 90 11 91 41 49 32 36 23 51 50 76 39 99 82 73 98 71 27 81 64 54 26 44 33 20 71 99 88 71 31 11 41 100 19 47 17 92 29 44 93 5 36 33 98 28 49 41 55 36 23 23 68 74 57 100 38 86 2 12 81 72 78 52 13 20 64 76 76 98 60 58 78 56 81 97 56 27 19 51 76 64 41 47 43 92 92 100 12 81 19 34 72 68 31 88 1 76 90 89 74 78 65 60 13 53 64 77 41 79 40 1 71 30 57 9 8 56 55 18 83 14 30 16 96 12 23 45 53 17 43 90 99 25 43 1 82 98 55 33 41 5 31 18 22 45 17 27 69 74 85 1 62 2 ; 
L 57 -95 -44 54 20 58 154 140 45 58 -40 60 141 84 137 45 103 -63 -58 -5 5 -96 -52 58 12 44 -142 -105 4 38 7 53 2 21 -9 -45 68 6 46 -20 150 66 -144 -134 29 -94 -69 -142 -79 132 111 104 16 -122 146 -80 -125 -4 -141 85 135 122 21 -105 100 -105 41 -114 -55 -24 95 -6 -110 55 -25 8 34 1 -35 -71 -84 142 59 121 86 32 -139 113 -105 -145 -128 67 17 152 48 113 -95 -134 11 9 13 21 -113 -108 -132 -68 -42 22 -38 -53 -14 -90 -104 105 -89 -101 122 -137 5 -11 101 -119 75 141 13 -149 82 40 104 74 -78 110 -66 -117 137 73 132 148 32 153 -6 -88 -18 16 -134 -48 146 13 30 -79 -17 -22 -140 -50 -125 -103 23 -87 76 -104 -110 -133 47 -109 -10 11 -46 89 -72 -67 101 -57 -123 -32 -93 105 122 119 -15 27 69 77 139 155 151 112 -114 -79 101 37 92 71 10 100 -97 -73 -53 -138 134 17 ; 
11:43 36:140 1:3 35:139 29:115 7:25 24:94 36:140 2:6 34:132 28:108 32:128 29:115 26:100 20:80 29:115 14:54 8:30 33:129 5:19 40:160 37:147 37:147 18:68 13:51 26:102 31:121 21:81 8:30 11:43 23:89 39:155 33:129 23:89 32:124 24:92 24:96 40:156 31:121 31:121 26:102 10:40 18:68 30:118 28:108 10:36 10:36 15:57 22:88 17:65 20:78 12:44 40:156 14:52 15:57 2:8 38:148 13:49 7:27 19:75 8:30 30:120 22:84 10:36 31:123 17:65 32:126 16:64 1:1 29:113 12:48 23:91 4:14 4:12 23:89 22:88 8:28 34:132 6:22 12:48 38:152 30:118 28:110 11:43 7:27 0:0 39:153 5:19 10:36 18:72 22:84 7:27 21:83 26:102 17:65 10:40 18:68 1:1 33:131 40:156 22:88 14:52 33:131 29:115 32:124 21:83 6:20 8:32 24:96 26:104 31:123 13:51 2:4 10:38 29:113 24:94 32:124 25:99 2:4 27:107 30:120 31:121 22:84 19:73 33:129 36:140 28:110 26:100 36:142 30:118 37:145 5:17 37:145 17:65 20:78 13:51 15:57 10:36 21:81 45:179 35:139 12:46 11:41 24:92 6:24 23:89 4:12 26:102 18:72 16:62 13:49 40:160 3:9 4:16 38:152 37:147 22:86 20:80 15:57 40:160 41:161 31:121 1:1 36:140 7:25 31:121 16:62 40:158 33:131 30:116 40:156 29:113 11:43 33:129 26:102 22:86 11:41 18:70 14:52 8:32 29:113 66:262 29:113 25:97 40:156 30:116 16:62 54:216 40:160 16:60 35:137 1:3 5:19 16:64 2:8 13:49 8:28 3:9 1:1 25:99 1:3 ; 
L 16 -89 100 64 48 -40 96 141 -20 86 -118 83 81 102 -11 -16 15 -3 18 -85 142 118 -147 -137 -77 -132 17 -80 112 -127 -98 -74 -2 -83 29 96 102 -64 10 -142 -111 -108 -137 -22 -12 -52 -125 -2 147 43 -128 78 58 130 -3 139 115 70 -33 -54 133 -59 124 -125 30 88 -71 78 -108 28 86 -85 -20 -44 -61 45 93 -58 -143 71 -50 40 -17 -62 49 132 -16 142 4 -108 114 -2 62 36 64 117 88 -76 43 88 133 50 27 -46 -22 141 12 -1 36 87 40 74 64 143 76 -2 72 -34 -84 -96 20 144 -38 34 75 -23 -114 -57 -127 17 138 103 15 33 71 -19 66 -147 -11 -77 -61 65 15 65 69 -72 21 110 137 -60 14 -53 -79 106 143 24 -79 80 23 -146 -86 -106 -118 -71 55 -31 69 -22 8 -129 -143 -49 48 147 -58 16 43 -65 49 123 -121 -116 34 138 -123 -112 62 2 23 -8 48 31 -85 72 -15 -85 -12 41 139 125 ; 
17 62 23 61 95 16 74 77 92 91 88 59 30 62 51 59 43 86 57 12 47 54 19 89 31 13 28 56 41 92 59 43 4 66 18 53 65 33 83 59 23 72 30 16 9 7 12 89 52 95 55 22 65 21 63 84 11 68 58 84 52 35 35 60 21 52 75 78 81 23 36 25 42 75 70 80 100 59 87 51 6 79 77 3 69 43 5 34 40 13 73 2 98 97 26 5 48 91 93 47 7 72 98 97 63 39 92 89 37 25 22 50 28 2 18 8 51 96 44 86 86 88 85 50 90 38 29 79 50 80 17 99 12 90 60 47 30 19 82 70 63 35 71 87 87 54 15 97 48 10 52 8 46 28 84 64 82 15 78 47 49 38 33 40 69 99 69 82 21 33 9 74 26 99 78 13 40 10 23 78 48 8 85 44 12 10 77 43 98 22 41 39 27 32 71 30 95 36 38 70 81 ; 
L 16 -89 100 64 48 -40 96 141 -20 86 -118 83 81 102 115 70 -33 -54 133 -59 124 -125 30 88 -71 78 -108 28 86 -85 -20 -44 -61 45 93 -143 71 -50 40 -64 -74 -40 -87 -36 1 -12 -141 22 46 -27 -50 -133 -88 -43 76 -88 -117 -64 -36 -62 2 -114 108 -4 -102 -96 103 15 33 71 -19 66 -11 -142 16 -132 -49 62 17 143 76 -2 72 -34 -84 -96 20 144 -38 34 150 75 -23 151 -114 -57 -127 138 -29 83 2 74 98 127 -112 80 -17 132 77 -152 137 147 -118 -142 85 -18 3 -15 16 11 -65 61 77 -64 -118 -71 55 -31 69 -123 -49 65 -43 49 -16 -41 12 85 15 -147 34 138 -123 -112 62 2 23 10 -142 -111 -108 -137 -22 -12 -52 -125 -2 147 43 -128 78 149 58 130 -3 139 15 65 69 -72 21 110 137 14 -53 -79 106 143 24 -79 80 23 -146 -86 -106 -8 48 31 -85 72 143 129 -8 -148 22 -121 -116 -48 139 125 ; 
7:27 25:99 10:36 25:97 38:152 7:25 30:118 31:123 37:147 37:145 36:140 24:94 12:48 25:99 9:33 28:108 24:92 34:134 21:83 14:56 14:56 24:96 9:33 21:83 30:120 32:124 33:129 10:36 15:57 10:40 17:67 30:120 28:112 32:128 40:160 10:40 21:81 3:9 32:126 27:105 12:44 20:80 9:35 10:40 15:59 36:142 37:147 16:62 26:100 39:155 40:156 29:115 3:11 19:75 38:148 37:145 20:76 2:8 11:41 39:155 40:156 1:3 30:116 6:20 8:30 26:104 48:192 5:19 36:144 24:96 19:75 12:48 7:27 24:92 14:54 2:8 18:68 28:110 2:4 6:20 8:28 4:12 21:81 39:153 18:70 35:137 35:137 36:140 34:136 20:80 25:99 24:96 16:60 31:121 3:9 32:126 20:80 32:124 13:51 8:28 27:105 2:6 18:68 24:94 37:147 17:65 23:89 12:44 6:20 7:25 29:115 36:142 8:30 22:86 19:75 5:19 23:91 35:137 18:68 24:94 19:73 14:56 26:100 27:105 16:64 16:64 28:110 40:158 28:110 28:112 32:124 10:36 4:16 7:27 28:110 11:43 15:57 38:152 12:48 48:190 33:131 18:70 5:19 4:16 31:123 18:68 40:156 32:126 24:94 10:36 29:115 12:48 7:25 4:14 3:11 5:19 36:142 21:83 38:152 22:88 9:35 31:121 15:59 9:33 26:100 34:134 27:105 35:139 35:139 22:86 6:24 39:155 20:76 7:27 4:12 19:73 12:44 34:134 26:102 33:131 6:24 32:124 19:75 20:78 16:60 8:30 17:65 16:62 11:43 13:51 29:115 4:14 14:52 28:110 22:84 24:96 4:12 41:163 15:57 28:112 33:129 ; 
L 19 -118 -82 43 70 62 -2 -70 90 39 81 47 -113 -47 -113 -133 150 8 89 -107 148 20 -111 148 -122 10 -37 75 -6 -97 101 109 -115 -60 -136 -81 -62 10 -123 -56 -47 -45 46 101 -65 120 -72 147 13 2 29 36 -1 -73 16 38 -140 -101 106 15 -25 130 -128 -46 96 -146 47 -82 -34 74 -100 -61 88 12 -122 -111 -109 -28 85 23 -40 -101 -118 -48 118 64 42 68 68 33 -129 -100 2 9 -70 72 96 -3 -67 -88 -24 95 -136 -96 137 115 -7 -87 140 -127 44 -89 -28 5 69 -3 118 -85 66 87 -107 94 73 66 7 125 94 53 78 -38 39 25 116 -133 21 -59 -92 98 138 65 9 -70 4 54 -86 116 -26 1 21 34 -32 54 -36 -6 -52 -10 -73 -41 -93 14 -89 -128 102 -142 2 -102 -78 -136 -107 -117 -7 49 -41 96 -38 -28 -111 88 -22 75 -123 47 63 105 -60 98 9 8 8 16 24 -83 -42 -14 51 43 -2 2 -116 -22 ; 
32 92 44 1 71 96 78 1 13 18 79 27 8 57 49 76 38 60 67 33 34 92 100 95 13 64 66 68 49 35 98 84 86 61 54 66 47 61 57 78 32 97 48 86 50 43 85 47 30 93 98 21 94 3 93 93 56 97 6 26 55 61 91 39 88 28 51 81 50 49 60 40 97 67 57 43 30 99 80 7 59 34 13 79 12 6 26 67 89 17 9 71 85 49 15 35 75 73 57 10 58 42 72 41 73 33 33 1 100 18 89 59 29 37 39 48 59 37 32 4 94 59 75 37 1 94 29 18 75 20 99 39 46 62 95 97 85 94 33 14 28 56 3 29 50 98 47 12 74 100 30 61 90 47 63 67 17 16 14 30 57 84 6 39 25 85 22 86 61 85 50 62 84 52 17 83 49 17 75 48 49 75 100 29 99 35 34 97 56 89 25 42 55 78 94 98 59 56 17 10 28 ; 
L 19 155 -118 -82 68 33 -129 154 -100 2 9 -70 72 96 -3 -67 -88 -24 95 -136 -96 137 115 -7 -87 140 -127 44 -89 -28 5 69 -3 118 -85 66 87 -107 94 73 66 7 125 94 53 78 -38 39 -2 2 25 2 -62 -70 -43 -68 -42 -64 -118 48 51 28 -46 96 -146 47 -82 -34 74 -100 -61 88 12 38 -96 41 -49 7 117 107 -25 130 -128 -122 -111 -109 85 23 -40 -101 -118 14 42 83 -24 -16 -8 -8 -9 116 -133 21 -92 98 65 9 -70 4 54 -86 116 -26 1 21 34 -32 54 -36 -6 -52 -10 -73 -41 -93 -89 -128 102 -142 2 -102 -78 -136 -15 -106 101 140 -38 -16 73 1 -36 -29 -2 -13 -147 72 101 -65 120 -46 45 47 56 123 -10 62 81 136 60 115 -109 -101 97 6 -75 -151 37 -10 122 -148 111 -20 -148 107 -89 -8 -150 133 113 47 113 -47 -81 -39 -90 70 -98 60 -153 -105 -63 -47 -88 123 -75 22 43 111 152 -22 ; 
13:51 12:48 28:112 18:70 13:51 7:27 4:14 28:108 16:62 34:136 20:78 6:24 14:56 30:120 30:116 23:91 4:16 24:92 17:67 29:115 17:65 30:116 14:52 14:52 1:1 40:160 8:28 36:142 24:94 12:46 15:59 16:62 20:76 24:94 15:59 13:51 2:6 38:150 24:94 30:120 15:59 1:1 38:150 12:46 8:28 30:120 8:32 40:158 12:48 23:89 16:62 8:28 32:124 39:153 29:113 24:92 27:107 11:41 3:9 5:19 28:108 45:177 16:60 36:140 12:44 21:81 33:129 20:80 20:78 24:96 16:64 39:155 27:107 42:168 7:27 21:83 34:134 25:99 20:80 34:136 21:83 25:97 37:145 15:57 18:68 12:48 20:80 3:11 24:94 14:54 6:20 42:168 32:124 22:88 17:67 10:40 36:142 23:89 39:155 18:70 25:99 38:152 62:248 38:150 11:41 12:44 23:89 2:4 12:46 20:80 40:156 19:75 5:19 30:118 40:160 12:48 25:97 36:144 19:75 26:100 27:107 7:27 7:25 6:22 15:57 34:134 3:9 16:62 10:40 34:136 9:35 35:137 26:102 11:41 3:9 39:155 23:89 38:148 38:148 2:4 38:150 9:33 40:156 38:148 12:48 19:75 37:145 20:80 18:68 32:128 20:76 39:155 13:51 32:124 23:91 25:97 19:75 27:105 22:86 25:97 35:137 34:134 40:156 14:56 20:78 30:120 36:142 27:105 26:102 6:20 38:152 40:160 37:147 14:54 14:52 27:107 24:96 16:60 31:121 20:78 23:91 4:12 11:43 32:126 8:28 6:20 8:30 14:56 37:147 37:145 12:46 40:160 46:180 13:51 20:78 20:76 3:9 20:78 18:70 29:115 12:44 ; 
L -119 -4 88 -23 -102 50 -48 36 98 -131 -134 -140 113 -125 -150 33 70 -10 108 -84 54 -14 -7 -37 -128 -87 -144 139 147 134 -73 -47 2 42 25 -100 24 -64 -120 137 -128 36 -133 -77 101 39 -123 -49 -37 -30 -150 139 15 -26 1 52 -128 -143 -90 -60 100 -113 -112 47 147 19 11 37 101 35 14 70 125 49 144 27 -78 131 11 -63 -57 132 -67 -117 20 -84 65 23 42 2 85 -38 1 -102 -150 93 107 -5 113 140 -137 -103 -85 106 -63 121 93 -145 -135 99 4 -55 134 141 -34 148 -59 145 147 34 101 26 -103 -47 -108 82 31 16 112 28 -110 -20 16 82 63 95 -128 -58 -37 -2 -139 112 40 -131 144 -32 -139 -124 114 -18 144 48 -73 99 96 -48 -5 93 -88 -132 -13 11 118 -81 54 -72 -31 4 -86 -14 53 -138 132 36 54 133 -19 -53 -11 144 6 -98 -34 24 -33 -118 -147 56 -76 46 -7 -2 146 -50 149 71 41 98 -109 56 ; 
89 66 50 56 73 12 23 90 5 62 84 59 51 15 100 20 4 79 67 12 66 77 11 58 97 66 41 59 10 81 89 89 96 63 26 70 30 33 91 39 13 95 63 18 29 3 92 66 63 6 7 36 49 60 75 74 2 64 89 42 35 96 20 33 39 49 27 91 43 8 90 31 5 50 88 4 25 67 80 48 10 9 91 11 96 49 9 69 90 54 27 43 31 1 37 35 20 65 93 43 31 60 52 19 5 88 87 100 69 30 54 7 19 97 55 92 45 99 97 66 25 67 69 53 82 17 80 7 24 91 7 25 82 22 15 17 75 70 83 78 3 92 45 68 86 11 86 32 77 67 35 44 14 24 63 90 94 55 1 4 66 26 72 91 38 74 47 73 82 65 82 50 76 95 12 77 75 43 42 61 29 6 55 23 81 96 98 64 93 23 40 74 70 64 21 34 32 85 68 45 32 ; 
L -119 48 -50 -154 102 23 -88 4 36 98 -131 -134 -140 113 -125 -150 33 70 -10 108 -84 54 -14 -7 -37 -128 -87 -144 139 147 134 -73 -47 -145 59 -148 -112 139 67 -132 57 63 -11 -131 78 -27 -144 -49 -125 -70 -14 -35 -101 128 -137 -152 120 64 -24 100 -25 -42 -2 -98 -41 -71 -149 50 -146 2 34 -141 -134 55 -4 135 145 -93 -121 65 23 42 -33 -118 -147 36 -133 -77 101 39 -123 -49 -37 -30 -150 53 -117 20 -84 63 -106 85 103 137 -113 5 -107 -93 139 15 -26 1 52 -128 -143 -90 -60 100 -4 31 72 -54 81 -118 -11 13 132 88 -93 5 48 -96 -99 73 -48 -144 -114 124 139 32 -144 131 -40 7 76 -56 -153 -37 -11 -19 -47 112 113 -86 155 -14 150 102 -1 38 -85 -2 -24 34 98 -6 -144 11 53 19 -133 -54 -36 -132 138 2 37 58 128 -95 -63 -82 -16 20 110 -28 -112 -16 -31 -82 108 47 -151 147 34 101 26 -103 -109 56 ; 
36:142 42:164 10:36 14:54 12:48 30:116 23:89 20:80 22:84 2:8 25:99 34:134 24:94 21:81 6:24 40:160 8:32 2:6 32:126 27:107 5:19 27:105 31:123 5:17 24:92 39:155 27:105 17:65 24:94 4:16 33:129 36:142 36:142 11:41 40:158 18:72 40:158 37:147 2:4 37:145 4:14 4:16 20:76 32:128 27:107 10:40 2:6 36:140 20:80 2:8 13:49 36:144 4:12 24:94 6:20 14:56 8:30 37:145 14:52 12:48 28:112 11:41 26:100 20:76 34:136 13:51 14:54 9:33 26:102 28:112 21:81 22:88 39:155 8:30 3:11 23:89 28:110 40:160 35:139 18:68 28:110 36:144 18:72 39:153 40:156 40:158 26:100 8:28 12:46 2:4 37:147 27:105 26:100 3:9 3:11 10:40 4:14 39:153 20:78 22:86 2:8 8:30 21:83 24:96 2:4 38:148 26:104 8:32 8:30 20:78 24:96 30:120 30:118 1:3 26:102 36:142 17:67 14:56 24:96 30:116 19:75 30:118 16:60 37:145 29:115 11:41 27:105 2:6 1:1 22:88 38:150 36:144 26:100 10:38 6:22 18:70 37:145 31:123 13:51 35:137 5:17 35:137 28:108 25:97 17:65 38:148 37:147 30:116 37:145 11:43 28:108 14:52 8:32 48:188 5:19 23:89 44:174 15:59 1:1 13:49 18:68 11:43 36:144 10:36 22:88 3:9 12:46 25:97 17:67 18:68 30:120 31:123 5:19 38:152 31:121 21:83 32:124 34:132 28:112 30:120 7:27 6:24 9:35 33:131 10:40 3:11 37:145 10:38 3:11 32:128 7:27 33:131 48:188 44:172 27:105 10:40 27:107 28:110 12:48 18:72 13:51 ; 
L -58 74 -99 71 38 32 -126 139 18 46 -118 123 124 34 34 -54 -88 84 -114 -62 -58 25 98 -34 -116 111 -72 3 104 65 89 -77 58 61 -141 -100 -72 32 -108 110 -143 -59 122 -33 -123 36 90 111 -79 -78 -35 52 52 -16 104 117 -68 -129 -11 102 98 -9 62 121 -58 -145 19 -64 67 -148 -111 -44 9 -30 138 141 -117 38 -41 -65 -137 -111 -24 -117 148 74 119 -147 36 116 120 4 146 -41 -118 43 81 66 -117 -87 -145 -40 -129 66 -82 109 -67 -4 14 43 59 62 144 11 -115 -90 143 44 73 -114 -60 21 85 -1 123 101 -70 53 -100 -142 -81 -122 -79 89 32 70 2 2 -113 24 -126 26 -71 -38 63 79 9 -132 -150 109 -61 -36 56 -72 38 -89 124 -65 -41 13 -121 -57 129 -133 -118 148 -86 81 117 117 34 74 -104 83 -8 -8 16 -134 4 132 139 -66 103 103 62 130 50 43 51 101 -34 95 47 122 -116 -1 -125 84 -89 147 ; 
30 34 13 23 40 61 97 60 26 75 23 77 82 5 72 39 56 39 83 82 64 97 100 16 17 31 21 15 87 43 99 9 44 66 66 22 78 25 100 69 91 13 74 17 26 76 67 17 3 38 90 54 89 22 64 9 97 72 40 84 97 76 20 2 65 19 17 91 88 83 39 50 92 82 61 97 68 93 46 51 15 13 5 84 88 29 99 36 57 55 56 86 77 77 26 22 14 25 55 83 39 92 51 44 49 3 59 77 61 74 89 39 81 92 83 32 74 83 11 27 71 59 23 66 12 34 9 79 37 56 1 74 44 2 97 69 25 61 80 37 90 48 28 83 56 90 66 45 13 74 38 47 96 8 43 39 12 75 85 63 48 67 55 63 27 75 29 100 7 57 65 75 58 36 18 7 17 25 21 83 99 65 29 23 93 77 25 27 81 29 85 62 48 15 93 77 48 51 42 78 84 ; 
L -58 74 -99 71 38 -126 139 18 46 -118 123 124 34 -54 -88 84 -114 -62 -58 25 98 -34 -116 152 -72 3 104 -142 -81 -122 -79 89 32 -101 -123 1 -85 -21 60 -73 -44 -143 90 143 -110 108 -32 72 100 141 -61 -58 77 -89 -65 -44 9 -30 138 141 -117 38 -41 -65 117 34 74 151 36 90 111 -79 -78 -35 52 52 -16 104 117 -68 -129 -11 102 98 -9 62 121 -86 81 132 -9 -79 -63 38 71 -70 -70 -117 -150 109 -61 -36 56 -72 38 -89 124 -65 -41 13 -121 -57 129 -133 -118 -59 -43 -14 4 67 -109 82 -66 129 40 145 87 117 -66 -81 -43 118 41 -146 -4 -120 -116 -36 147 -119 -74 -148 117 24 -155 111 137 -59 122 -33 -123 -104 83 -8 -8 16 -134 4 132 139 -66 103 62 144 11 -115 53 -100 111 148 64 -19 145 58 -148 103 62 130 50 -122 -47 -95 34 -101 -51 -43 -153 -116 -1 2 2 154 -113 24 -126 26 -125 84 -89 147 ; 
12:48 14:54 6:20 10:36 16:64 24:96 24:96 11:41 30:120 10:36 31:123 33:131 2:8 31:123 23:89 16:62 34:132 33:131 26:102 39:155 40:160 7:25 7:27 34:134 2:8 6:24 35:139 25:97 1:1 30:118 18:70 1:3 39:155 22:84 14:54 5:19 27:105 10:36 24:94 34:134 5:17 34:132 30:118 15:57 37:145 28:110 40:160 10:40 32:124 9:35 27:105 27:105 18:70 4:14 40:158 24:92 37:147 33:131 25:97 39:155 28:108 38:148 19:73 21:81 26:104 26:104 30:120 8:30 44:172 27:107 7:27 2:4 16:60 36:144 22:86 36:142 9:35 26:102 4:14 39:155 29:115 16:64 34:134 39:155 31:121 8:32 1:3 15:59 40:160 4:12 18:72 27:105 36:144 23:89 34:132 17:65 10:40 10:38 5:19 30:118 16:60 19:75 39:153 4:12 18:68 16:62 5:19 30:120 34:136 26:100 20:76 27:107 22:88 26:100 11:43 6:22 36:142 30:118 25:97 31:123 24:94 2:4 20:78 18:70 21:81 37:147 16:62 34:132 22:88 10:40 6:22 9:35 11:41 31:123 31:123 35:137 23:89 22:88 23:91 15:57 40:158 12:46 36:140 34:134 0:0 12:44 6:20 4:14 30:118 7:27 11:41 16:60 15:57 8:28 3:11 7:27 10:40 9:33 34:132 40:158 26:104 12:46 24:92 33:129 37:147 34:132 25:99 15:59 12:48 16:62 56:220 37:145 7:27 8:30 23:91 26:104 38:148 31:123 10:40 12:46 6:24 20:76 25:99 34:136 12:46 33:129 6:22 49:195 31:123 13:49 25:97 6:22 38:152 15:59 36:144 20:76 12:46 21:81 17:67 32:124 34:134 ; 
L 22 57 -51 -25 7 -144 -58 -88 4 -82 -50 -28 -86 54 -109 50 -117 82 150 -6 65 142 -8 -49 104 106 65 -96 -15 13 41 86 144 105 28 25 35 -18 -21 -22 -19 -37 4 -94 130 -40 91 -67 107 -92 -49 -38 -49 89 133 -50 37 -47 -10 -49 49 -32 123 -147 -28 -130 -51 -7 107 126 -93 -45 -81 -11 36 -38 119 -43 102 18 76 -102 30 100 63 -59 68 -133 -103 -75 -75 84 11 -135 56 8 -22 -137 -91 129 115 98 8 -54 49 -9 81 -58 -5 -98 -76 75 -3 -64 -130 136 141 49 -64 37 -131 29 -77 5 -125 15 -69 -147 -123 -24 53 137 25 -38 26 -138 7 59 -89 -113 20 16 -20 78 147 -108 -109 55 141 -61 67 -32 -48 -124 -8 -48 40 -65 -127 -70 -110 -91 -97 -94 39 -73 -8 -122 -21 -62 -3 115 -130 25 1 21 36 57 6 136 139 87 -53 137 -52 -11 1 27 -37 -68 -56 -10 145 -84 27 -104 -102 124 131 75 ; 
65 38 40 9 21 74 77 78 57 61 88 86 95 11 93 63 74 87 81 99 31 48 87 9 12 75 8 27 15 29 12 56 50 89 38 63 41 79 38 18 84 47 8 79 46 57 62 82 21 99 3 66 32 13 25 18 99 21 9 2 85 88 28 8 40 43 88 6 85 28 52 57 73 2 15 48 2 5 68 40 58 15 56 12 16 15 45 81 34 27 18 30 54 53 21 43 51 77 99 95 22 10 15 59 51 46 33 95 40 41 68 27 88 25 34 55 73 99 3 67 98 31 93 33 11 87 34 58 59 82 76 42 37 99 93 72 16 9 4 27 89 70 22 2 83 4 89 13 94 55 8 5 30 79 5 32 79 31 77 2 85 4 5 81 5 51 90 100 8 24 66 3 95 24 77 17 53 24 91 77 43 55 11 11 66 32 52 50 55 6 66 17 35 16 66 50 46 73 91 88 17 ; 
L 22 57 -51 -25 7 54 -109 50 -117 82 150 -6 65 142 -8 -49 104 106 65 -96 -15 13 41 8 -22 -137 -91 129 40 -130 94 -4 37 19 22 21 18 -35 -25 -28 -105 -144 -86 147 69 -15 125 -5 77 -29 131 -37 64 -49 -141 -136 130 64 3 -75 76 98 -152 5 58 -81 9 -49 54 -8 -98 -115 91 -67 107 -92 -49 -38 -49 89 133 -50 37 -47 -10 -49 49 -32 123 -147 153 -28 -130 -7 107 126 -93 -45 -81 -11 36 -38 119 68 -133 -75 -43 102 18 76 -102 30 48 -127 -70 -110 -91 -97 39 -73 -8 56 68 37 -11 -122 -21 -62 -3 115 -130 25 1 21 -16 -155 -20 113 89 -59 -7 -26 38 -25 -137 -53 24 123 -56 135 -27 -1 11 52 -137 53 -87 -139 -136 -6 -151 -57 -36 -20 78 147 -108 -109 55 141 -61 67 -32 -40 48 8 124 100 63 154 -59 -75 84 -10 145 -84 27 -144 -58 -88 4 -82 -50 -28 -86 -104 124 -102 131 75 ; 
26:104 16:60 16:64 4:14 9:33 25:97 38:148 26:100 30:118 35:139 33:129 40:158 13:49 20:76 35:139 4:14 5:19 30:120 4:12 11:43 6:24 12:46 5:19 22:88 21:81 31:123 40:158 38:152 18:70 23:91 19:73 32:126 4:12 19:75 34:134 8:28 16:60 32:126 17:65 26:100 16:60 36:142 20:80 20:76 24:92 14:54 35:139 5:17 14:52 38:148 13:49 40:156 27:107 2:4 40:158 30:116 22:88 14:54 10:40 36:140 11:43 28:108 38:152 10:36 16:64 38:152 14:52 19:73 21:81 24:94 6:24 4:16 16:64 33:131 9:33 40:158 2:4 27:105 13:51 6:20 10:40 8:28 40:158 9:33 4:14 1:3 34:136 36:140 12:44 4:12 6:24 15:59 18:68 32:128 34:136 12:44 21:83 23:91 30:116 1:3 6:24 20:76 1:3 14:56 33:129 19:73 10:36 28:108 16:64 24:92 6:24 23:89 29:115 9:35 1:3 34:136 2:6 2:8 31:121 21:81 36:144 24:96 27:105 3:9 26:104 38:150 4:12 10:38 27:105 2:4 38:152 10:38 31:123 7:27 13:49 25:97 8:28 36:142 11:43 2:6 4:14 23:91 38:148 40:158 15:59 17:67 31:121 33:131 22:88 9:33 18:68 20:80 21:83 13:51 27:105 5:17 5:17 22:88 18:68 31:123 17:65 27:107 10:38 18:70 1:3 34:132 2:6 36:142 6:20 38:150 22:88 4:12 2:8 8:32 32:126 13:51 2:8 8:30 7:25 15:59 20:80 4:16 12:48 7:27 14:56 7:25 27:105 14:52 31:123 32:124 23:91 25:97 36:140 35:137 38:152 17:65 37:147 31:121 17:67 36:140 7:27 ; 
L 150 17 144 -116 78 83 -114 4 31 122 -56 128 -19 59 78 -119 -93 39 22 149 -9 55 -43 -117 -146 -30 4 48 -93 45 -34 -13 110 8 66 26 -93 -31 12 -44 9 -108 -76 12 -97 9 41 36 49 -136 81 -25 -138 144 -30 76 124 -60 -150 -55 -72 -141 105 77 89 -92 2 -33 -14 47 75 -33 -92 74 -7 -110 -134 100 -104 138 -29 -45 -149 -127 -1 76 -113 -91 51 -135 36 -143 112 -114 -139 37 118 -125 56 -134 7 -123 98 -32 146 74 84 90 -91 58 -104 -130 141 11 -10 122 99 56 108 -139 13 -72 12 90 18 -74 -117 -95 -46 25 -36 -5 -16 126 -24 -86 100 22 -20 -45 14 -57 -33 38 128 43 -80 -56 -72 -2 -42 49 70 -76 96 26 133 9 -97 3 116 -4 74 137 18 -84 83 -73 40 -94 -77 140 -13 -82 40 145 18 143 37 -38 -8 63 -1 148 76 129 27 -18 115 122 -131 4 12 -40 -35 -83 -149 44 90 90 ; 
81 70 40 79 21 52 46 29 37 49 24 98 5 27 26 98 33 95 49 17 59 19 75 13 16 36 40 5 54 24 22 6 67 59 16 88 63 96 98 31 98 86 61 86 47 86 90 53 35 92 71 70 74 66 23 76 92 33 77 30 56 48 15 54 34 88 15 9 53 80 54 46 53 80 56 90 8 90 23 4 92 7 89 26 7 80 38 78 30 25 3 37 67 3 7 60 88 19 74 77 14 34 14 81 43 68 14 5 11 38 27 4 65 50 30 75 81 1 5 68 95 6 89 95 20 8 4 4 91 88 56 26 63 65 45 70 1 18 33 23 70 9 64 27 72 67 63 37 61 13 2 20 28 8 82 63 62 62 29 45 7 36 28 92 15 35 26 3 17 45 90 12 41 10 89 82 32 40 40 91 31 17 67 56 95 26 74 32 49 9 5 49 90 11 18 73 85 34 17 76 64 ; 
L 150 17 149 83 35 40 -117 -146 -30 4 48 -93 45 -34 -13 110 -122 -115 18 -27 -129 -76 -148 -97 9 41 36 49 -136 81 -25 -138 144 -30 76 124 58 -104 -130 141 11 -10 122 99 56 108 -139 -72 -137 -74 4 -116 -3 97 -9 -133 -60 -150 -55 -141 105 77 89 2 -33 -14 47 75 -33 -92 74 -7 -110 -134 100 155 -29 -45 -149 -127 -1 76 -113 -91 51 -135 -49 42 2 72 56 80 -43 -128 -38 33 57 -14 45 20 -22 -100 86 24 -126 16 5 36 -25 46 95 117 74 -18 -90 -12 36 -104 138 -143 112 -114 -139 37 118 -125 56 -134 7 -123 98 -32 146 74 84 90 -91 -26 -153 -96 76 -70 18 -84 83 -73 151 40 -94 19 -128 56 -122 -31 116 -144 44 -4 114 -83 -77 154 140 -13 -82 145 18 143 37 -38 -8 63 152 -1 -12 76 108 -9 44 -12 31 93 -26 -66 -8 -131 4 12 -55 9 -149 -22 -39 93 119 -78 -59 -78 90 90 ; 
33:129 28:112 9:35 34:136 30:116 8:28 4:16 7:25 15:57 16:64 2:8 22:86 10:38 9:35 3:9 27:107 4:16 4:14 20:78 13:51 30:118 11:41 38:152 33:131 35:137 36:144 22:84 14:56 37:147 29:113 28:112 30:118 27:105 10:36 31:121 37:147 9:35 11:43 2:6 26:104 20:80 12:48 30:120 33:129 1:1 2:8 28:108 33:131 12:48 37:147 12:44 15:57 3:11 18:72 12:46 25:99 28:112 31:123 12:48 32:128 6:24 22:86 14:54 7:25 4:14 22:84 32:128 22:86 19:73 22:84 32:128 23:89 36:144 4:12 36:144 35:137 2:8 3:11 36:142 11:41 3:11 32:128 16:60 32:124 12:48 10:40 8:30 8:32 1:3 6:20 25:97 15:59 26:100 27:107 29:115 11:43 26:102 4:14 28:112 10:36 14:52 8:28 1:1 28:112 18:72 26:104 26:100 11:41 23:89 36:140 37:145 2:6 2:6 4:12 8:32 38:152 19:75 11:43 2:6 41:163 27:107 2:4 3:11 24:96 36:140 8:30 30:118 31:123 6:22 14:54 6:22 33:129 18:68 28:108 6:22 2:8 5:17 17:65 40:160 13:49 33:131 4:12 16:62 14:56 11:41 2:4 38:152 30:120 18:72 17:67 2:8 40:156 10:38 20:78 17:65 32:126 21:83 5:19 12:46 19:73 41:161 12:46 25:99 17:65 4:16 4:16 13:51 16:64 16:64 37:145 13:49 7:27 18:72 32:128 9:33 35:137 25:97 35:137 40:156 13:49 40:156 39:153 26:100 36:140 7:25 22:86 20:78 36:144 8:32 8:30 24:94 7:27 20:78 38:152 14:52 40:156 11:41 11:41 9:35 31:121 26:102 ; 
L 105 138 -8 59 133 -135 -6 38 -90 -70 -37 -150 124 120 -28 -9 34 105 -24 -12 -23 -51 -100 112 -9 6 -3 14 -21 -8 120 147 68 -87 -134 -94 -22 15 -120 92 -90 -19 -111 -73 -35 107 -102 -93 106 98 103 80 -64 -150 43 -117 -67 -107 -79 -93 -148 -143 -17 66 -124 -8 -16 99 -142 -140 84 75 119 -131 -34 125 -1 47 107 145 -139 134 -27 72 17 23 -65 -15 -110 96 -136 47 -54 86 44 75 86 -96 -20 -57 50 -10 98 66 -105 -9 -51 -32 62 99 -82 30 117 -99 26 38 57 137 15 105 2 82 57 -59 59 145 -17 -147 12 -48 62 17 -27 -146 17 -48 85 39 8 99 72 -41 105 75 -95 -81 68 128 -117 -118 133 74 72 -37 45 144 -120 -62 -122 -94 -27 134 -121 83 -13 -10 -78 55 -6 79 45 -25 101 110 -145 -146 -107 -21 95 4 -144 101 -14 -27 -99 -146 31 67 -73 -115 -92 74 -9 109 20 85 28 81 80 75 ; 
31 28 64 34 39 58 36 82 3 77 76 8 11 89 25 49 84 84 15 69 11 59 36 8 100 73 68 45 19 91 45 38 53 10 76 92 27 93 25 76 98 1 34 80 57 3 21 1 50 16 100 30 21 43 60 5 5 66 27 58 46 82 87 65 22 14 21 4 64 3 43 38 88 61 22 48 7 49 37 50 98 44 40 16 75 9 87 12 43 6 25 41 30 13 9 71 15 61 19 40 57 93 74 22 30 43 67 54 31 81 16 59 91 6 54 31 65 95 76 10 24 61 47 3 12 79 14 14 53 78 94 35 11 45 94 38 29 4 7 37 98 88 86 33 37 80 64 89 95 40 67 79 37 74 22 31 73 54 94 71 58 13 58 35 69 90 52 37 86 46 84 17 72 91 16 72 35 78 92 32 8 5 7 75 30 85 6 49 66 7 55 46 46 15 84 86 97 28 3 93 77 ; 
L 105 138 -8 59 133 -135 -6 38 -90 -70 -37 -150 124 120 -28 -9 -48 85 39 8 99 72 -41 155 105 75 -95 -81 68 128 -117 -118 133 74 72 -37 45 146 27 -17 -62 48 -151 -12 147 17 -145 -59 59 -57 -82 -105 -15 -137 -57 -38 -26 99 -117 -30 82 -99 -62 32 51 -152 9 105 -66 -98 10 -50 57 73 -67 -31 146 99 34 105 -24 -12 -23 -51 -100 -9 6 -3 14 -21 -8 120 147 -87 -134 -94 -22 15 -120 92 -90 -19 -139 134 -111 -73 -35 107 -102 -93 106 98 103 80 -64 143 148 93 79 107 67 117 -43 150 -17 66 -124 -8 -62 -122 -94 -27 134 -121 83 -13 -81 -28 -85 -20 107 146 145 -101 25 -45 -79 6 20 96 -86 -75 -44 -154 -86 54 -47 136 -96 110 15 65 144 -4 -95 21 -109 -23 -153 -17 -72 27 -145 -107 -47 1 -125 34 131 -144 -119 -75 -84 142 -99 16 120 17 27 14 -101 9 -74 92 115 -55 78 10 80 75 ; 
13:49 12:44 26:102 14:54 16:62 24:92 15:57 33:131 2:4 31:123 31:121 4:12 5:17 36:142 10:40 20:78 16:64 12:46 2:6 3:11 15:59 40:156 36:140 33:129 22:88 14:52 15:59 32:128 26:102 36:142 38:152 16:64 27:107 32:126 15:59 30:118 9:35 20:78 18:72 5:17 14:56 38:150 28:108 8:28 22:84 6:22 6:22 32:126 5:19 2:4 19:75 8:30 4:16 31:121 38:152 26:104 13:49 22:86 3:9 37:145 24:94 7:25 33:129 13:49 22:86 15:59 13:49 18:68 12:48 9:35 30:118 38:148 23:91 9:33 27:105 20:78 3:9 34:136 31:123 34:134 6:24 28:110 5:17 24:94 15:57 42:166 30:116 28:108 18:72 8:30 37:145 18:72 16:60 14:56 31:121 37:147 11:43 38:148 10:40 31:121 40:156 1:1 16:64 18:70 18:68 32:128 23:91 2:4 9:33 1:1 20:80 7:25 40:160 12:48 9:33 30:116 33:131 19:73 24:92 11:43 27:105 2:8 2:8 24:96 23:91 26:104 9:35 6:22 26:104 38:150 29:113 24:92 6:20 24:92 14:56 28:110 17:67 12:44 39:155 35:137 45:179 14:56 29:115 19:73 29:115 7:27 34:134 19:73 42:168 8:30 25:97 6:24 29:113 34:136 35:139 6:20 12:48 17:65 10:40 3:9 18:68 5:19 6:22 4:12 13:51 37:147 20:80 35:139 19:73 21:81 30:120 7:25 36:142 20:80 15:59 20:78 3:11 20:76 9:35 8:32 23:89 36:140 16:60 18:70 26:102 2:6 4:16 54:214 14:56 30:120 3:11 3:9 19:73 19:73 22:88 3:11 15:59 21:83 21:81 38:148 31:123 ; 
L 97 -69 15 -125 -142 68 108 -47 -124 -145 -8 6 -111 44 -93 123 57 81 111 -136 -2 104 -65 -133 75 37 28 -95 122 138 90 146 -136 150 -36 -20 34 -96 -54 -50 42 104 -17 34 54 -30 -106 126 95 -113 147 -96 105 115 108 82 111 -22 56 -38 -61 96 -52 -80 -16 103 -5 133 -22 -107 98 142 -81 -67 141 -19 92 -110 38 73 61 5 61 -117 -112 -47 -91 -56 -108 -118 136 37 78 -5 -57 -105 106 -12 44 -78 -27 66 1 137 119 55 -55 59 -129 45 69 99 63 20 -5 61 37 7 55 81 82 113 -83 -44 -86 141 134 -34 26 -5 67 11 -18 116 31 -5 -106 -67 -44 3 -111 -137 -34 33 47 -97 -16 54 140 141 42 8 86 -61 -37 17 -81 14 24 -49 -79 13 -148 100 -50 -119 -127 -135 -105 -42 40 -111 44 84 -88 146 85 54 36 -122 -46 145 126 36 98 -70 -6 108 -76 -96 -71 -113 -146 -87 -117 -4 -139 21 51 -15 ; 
3 23 41 49 11 56 26 18 61 64 99 16 80 83 72 82 36 88 76 77 80 71 50 67 8 48 36 18 59 32 80 41 56 46 94 64 18 87 79 64 44 94 49 3 44 42 9 84 44 76 12 48 87 39 53 89 17 70 67 79 20 45 9 4 35 73 97 66 52 64 40 1 59 46 5 59 7 55 39 6 87 38 94 12 57 20 15 52 73 1 72 35 32 51 53 20 4 85 91 14 66 63 33 88 12 18 15 19 23 62 75 67 87 62 3 12 87 55 75 15 37 39 86 47 96 65 98 73 8 59 46 40 100 92 33 36 30 19 63 40 92 44 7 88 6 87 18 79 82 2 43 40 77 9 89 35 18 74 16 7 18 49 77 62 44 75 46 59 61 99 45 71 5 89 29 29 24 80 44 12 15 43 28 49 95 80 70 17 19 73 52 7 98 38 79 74 37 99 34 89 4 ; 
L -107 98 142 -81 -67 141 -19 92 -110 38 73 61 5 44 67 106 5 -31 -116 18 -11 -67 5 -26 34 -134 -141 86 44 83 -113 -82 -81 -151 -55 -7 -37 -61 5 -20 -63 -99 -69 -45 129 -59 55 -55 -137 125 -15 69 -97 81 -17 37 61 -86 -8 -42 -141 -153 -140 -54 16 97 -47 -33 34 137 82 111 -22 56 -38 -61 96 -52 -80 -16 103 -1 -66 27 78 -44 12 -106 105 57 5 -78 -37 -136 118 108 56 91 47 112 117 -61 3 -111 -145 46 122 -36 -54 -155 -85 -146 88 -84 5 -142 68 108 -47 -124 133 -22 14 24 -79 13 -148 100 -50 -119 -127 -135 -105 154 -42 40 -111 44 -145 -8 44 -93 123 57 81 111 -136 -2 104 -65 -133 75 37 28 -70 108 -76 -95 122 21 113 71 96 -98 -36 -126 -108 -115 -105 96 -147 113 -95 -126 106 30 -54 -34 17 -104 -42 50 54 96 -34 20 36 -150 -152 136 -146 -90 -138 139 4 87 117 146 51 -15 ; 
18:70 16:64 1:1 24:94 19:73 2:8 24:94 3:11 22:88 16:62 3:9 35:139 16:60 16:64 26:100 8:30 12:48 15:57 14:52 37:147 40:160 16:64 19:73 24:94 4:12 30:116 40:156 26:104 39:153 19:75 35:137 16:62 15:59 6:24 26:104 30:120 22:88 35:139 5:19 2:4 25:99 35:139 27:107 30:120 25:99 10:36 8:30 6:24 1:1 11:43 20:78 17:65 10:36 14:56 8:28 14:56 36:142 4:14 31:123 16:64 18:68 36:142 9:35 33:131 32:126 8:28 35:139 3:9 36:140 3:11 35:137 7:27 28:112 27:107 32:126 8:32 18:72 4:14 2:6 14:56 30:116 33:131 14:52 26:100 27:105 6:22 37:145 34:136 2:6 8:32 22:84 21:81 13:51 14:56 29:115 1:1 30:116 21:83 6:24 8:32 23:91 5:19 38:150 37:147 19:73 18:68 6:24 5:19 18:70 34:132 18:70 10:38 12:46 12:46 20:78 35:139 23:89 11:41 8:28 25:97 33:131 21:83 25:99 7:25 6:20 20:78 31:123 25:99 18:70 30:120 19:73 24:94 25:97 10:40 31:121 18:72 29:113 2:8 36:140 40:158 2:6 29:115 33:131 15:57 36:140 31:121 31:123 32:128 29:113 20:80 27:107 4:12 20:76 15:57 7:27 23:91 8:30 32:126 24:94 43:169 29:115 3:11 21:83 30:120 38:152 20:78 12:46 22:84 16:62 35:139 20:76 5:19 31:121 18:70 34:134 4:14 17:67 18:70 2:4 20:78 38:150 18:70 26:102 32:126 35:139 8:28 26:102 38:150 28:108 6:20 23:89 17:65 32:128 10:40 15:59 44:172 23:89 11:43 24:96 36:142 2:6 ; 
L 110 11 84 149 -5 -103 -41 6 141 118 -58 -39 128 93 -9 36 -73 35 102 -146 85 132 -141 -142 7 52 -122 106 -56 -132 -140 22 -146 -93 111 -119 73 -134 108 -2 50 -30 -56 146 34 -104 -80 110 22 -92 -86 -34 -28 -67 11 96 -140 75 146 -112 114 -95 137 116 131 126 137 85 -5 -34 -45 42 100 -111 -87 -2 50 -60 -114 -108 97 84 82 -106 131 130 -8 5 59 -116 -28 -18 76 -6 -63 91 -150 -12 -73 -26 -129 99 120 51 68 150 36 -147 -1 39 24 -126 149 -48 -64 -66 106 22 37 -112 -70 -102 -106 -92 -113 -80 130 115 97 138 103 -139 109 -133 110 -111 -86 105 35 -38 -75 16 -102 99 -119 -135 59 60 -30 -81 -72 -74 128 14 119 -61 135 -88 -31 -103 -53 150 128 -135 65 111 -122 40 30 100 -32 -52 -75 -116 -75 -43 23 126 -107 143 -89 -84 21 82 68 90 -83 101 15 -48 -55 141 -50 -140 110 -50 -63 92 -77 -110 ; 
88 28 66 77 22 97 54 48 56 27 77 27 60 60 12 60 21 100 24 21 94 65 36 92 38 16 78 45 10 41 57 98 87 3 97 96 3 40 31 15 13 7 27 94 35 74 16 46 51 42 75 68 83 40 29 13 41 63 60 62 67 63 33 78 37 31 86 40 61 17 34 40 18 93 71 65 72 56 85 91 50 74 44 31 65 42 93 67 82 8 67 36 68 56 60 73 87 56 88 80 70 34 18 39 91 53 18 52 70 61 22 75 27 94 22 70 5 5 71 34 24 16 8 14 27 42 17 48 60 24 100 25 73 28 41 98 90 24 74 19 14 75 7 20 69 95 33 64 61 36 64 89 83 57 63 42 48 79 31 64 34 47 89 71 57 51 25 64 98 39 97 78 68 85 92 95 49 32 100 1 75 35 44 49 88 21 26 33 79 6 14 91 99 81 61 26 17 94 80 22 12 ; 
L 110 11 84 149 -5 -103 -41 6 141 154 118 -58 -39 128 93 -9 36 -73 35 102 -146 85 132 88 -135 61 -119 -14 -128 74 72 -40 122 -111 -65 135 -128 53 103 31 -141 -142 7 52 -122 106 -56 -132 -140 22 -146 -93 111 -2 50 -30 -119 73 -134 108 146 34 -104 -80 110 22 -92 -86 -34 -28 -67 11 96 -140 75 146 -112 114 -95 137 152 116 131 126 137 85 -5 -34 -45 42 -129 99 120 51 68 150 -147 -1 39 24 -126 149 -48 100 155 -111 -87 -2 50 126 -50 -92 68 90 -59 135 119 -99 102 -16 75 38 -35 -105 86 111 133 -153 -109 139 -103 -138 -97 -115 -130 80 113 92 106 -151 102 70 112 -37 -22 -106 66 64 26 73 12 150 -91 63 6 -76 18 28 116 -59 -5 8 -130 -131 106 -82 -84 -97 108 114 60 -100 -30 81 -110 140 50 -141 55 -15 -101 83 60 -30 -107 -82 -21 84 89 -143 -116 -75 -43 23 -32 -52 -75 63 -77 -110 ; 
36:140 12:44 27:105 31:123 9:35 39:155 22:86 20:76 23:89 15:57 29:113 31:123 11:43 24:96 24:96 5:19 24:96 9:33 40:160 10:38 9:33 38:150 26:104 15:57 32:126 20:76 17:67 26:100 23:91 34:132 36:142 26:100 26:102 10:40 21:81 23:91 29:113 52:206 14:54 26:102 13:49 37:147 16:60 7:25 32:124 18:72 4:16 17:65 23:91 40:156 35:139 2:4 39:155 41:163 6:20 3:11 7:25 2:4 16:64 13:49 3:11 14:56 30:118 7:25 19:73 21:81 17:67 30:120 28:108 34:132 16:64 12:46 6:20 17:65 26:100 24:96 25:99 27:107 26:100 14:52 13:49 32:124 15:59 13:49 35:137 16:64 25:97 7:27 14:54 16:64 12:44 14:54 8:28 16:62 37:145 22:84 15:57 28:112 25:97 9:35 30:120 11:43 38:150 6:22 24:92 23:89 29:113 26:104 29:115 18:72 24:92 16:60 62:246 9:33 22:88 14:52 38:152 28:110 8:32 3:11 30:120 6:22 8:30 30:118 10:38 36:144 8:30 16:60 32:128 30:116 10:40 40:160 10:38 24:96 20:76 7:27 17:67 11:43 6:22 39:155 30:118 7:25 10:38 14:54 29:113 2:8 2:8 28:112 28:108 32:128 36:140 23:89 35:139 30:116 24:96 23:89 28:108 15:57 27:107 4:12 33:131 27:107 38:148 17:67 26:104 13:49 18:70 30:118 20:80 37:145 34:136 12:46 16:62 40:158 16:62 25:97 33:129 40:158 37:145 4:16 32:126 14:52 14:56 25:97 26:104 20:78 20:78 18:70 14:56 30:120 2:8 37:147 38:152 20:78 45:177 32:124 28:108 24:96 24:94 9:35 5:19 ; 
L 42 121 -59 109 28 101 129 65 -80 60 -55 -87 -86 108 20 56 -84 12 -21 -59 22 -23 48 -105 8 59 -15 -53 -62 79 -91 128 108 76 73 -103 28 -47 -54 81 141 -107 -22 140 -115 -8 -110 92 47 -24 85 91 -95 -11 146 12 40 17 149 44 76 -140 -27 -47 78 -107 71 -42 -22 -93 -27 86 -91 32 -83 -40 -16 32 -6 -14 -65 122 -104 131 92 69 -80 -14 -129 -111 -11 -11 -118 -132 -13 -120 -5 124 -79 -110 -149 44 5 34 -62 144 103 53 -56 90 -54 -24 -48 56 -4 -142 60 122 -139 -25 -44 28 -60 101 16 -9 22 -7 -92 -96 -100 -102 78 -39 12 -101 64 -110 70 34 -149 -102 12 -112 -147 -43 -19 -99 -62 125 -20 125 -97 10 110 -57 29 63 30 -140 -5 -139 -43 -25 35 41 84 141 -36 -72 102 -19 25 91 -82 8 22 134 82 1 -22 -75 -113 -97 -72 -116 117 -22 125 -133 -89 -91 -99 -1 -56 99 12 72 -22 33 ; 
37 80 84 18 39 14 5 28 52 2 46 34 44 85 7 90 62 76 94 55 64 82 84 48 10 93 16 22 87 98 94 70 86 23 41 60 37 80 10 34 14 77 95 78 53 18 10 12 41 95 8 91 73 52 22 3 84 42 91 21 55 90 92 73 93 14 65 80 70 9 86 79 42 72 28 8 89 14 70 46 68 34 71 14 71 18 36 17 84 68 47 4 5 51 1 92 99 46 23 12 40 71 35 87 70 64 90 90 95 94 84 2 10 64 7 56 2 68 89 26 19 11 65 17 32 15 1 36 16 96 96 66 91 39 25 46 41 37 52 59 91 10 70 28 4 42 96 82 99 93 64 73 28 70 11 40 17 67 41 33 57 87 14 50 61 62 91 97 68 71 37 99 50 72 1 18 100 18 58 31 54 2 61 96 35 85 91 66 18 3 13 12 45 1 47 58 63 8 58 27 2 ; 
L 42 121 -59 109 28 101 129 -149 44 92 47 -24 85 91 -95 -11 146 12 17 149 44 76 -140 -27 -47 78 -107 71 -42 -22 -27 86 -91 32 -83 -40 -16 32 -6 -14 -65 -72 122 -104 131 92 62 -34 -5 110 8 115 -140 22 107 -141 -81 54 47 -28 103 -73 -76 -108 -128 59 21 -12 84 -56 -20 -108 -82 -134 -22 -8 82 -91 -25 19 -102 72 36 -141 -84 -41 60 -28 44 139 -122 -60 -153 142 -154 4 -56 48 86 87 55 -60 80 -65 110 79 -124 5 120 13 132 118 11 11 111 129 14 80 -69 144 103 53 -56 90 -54 151 -24 1 -22 99 -75 -113 -97 -72 -116 117 125 -133 -91 -99 -1 101 16 -9 22 -7 22 -23 48 -105 8 59 -15 -53 -62 79 -91 152 -92 -96 -100 -102 78 -39 12 -101 64 150 112 -12 102 149 -34 -70 110 -147 -43 -19 -99 -62 125 -20 125 -97 10 110 -57 29 63 30 -140 -5 -139 25 43 35 -56 12 -22 33 ; 
15:59 32:128 34:134 8:28 16:62 6:22 2:8 18:68 29:113 9:33 17:65 38:152 4:12 37:145 30:116 21:83 9:35 2:4 49:193 37:145 9:33 22:88 36:144 37:147 30:116 38:148 6:22 26:104 32:128 28:112 15:57 32:126 17:67 29:115 12:44 4:12 36:142 6:22 28:112 19:73 28:108 28:112 8:28 29:113 6:22 29:113 13:49 28:112 35:139 11:41 4:16 8:28 22:84 32:124 38:152 31:123 6:22 14:54 4:16 32:128 15:59 24:96 17:65 10:36 35:137 30:116 22:88 38:150 31:121 25:99 36:144 3:11 16:60 24:92 8:28 40:160 8:28 1:1 29:115 20:80 40:158 15:59 29:113 28:108 39:155 37:145 22:88 26:104 5:17 9:35 36:142 28:108 33:131 40:160 30:120 12:48 3:11 26:102 35:137 18:70 14:54 19:73 1:3 21:83 10:40 5:19 10:36 19:73 40:158 37:147 1:1 21:81 2:8 2:6 19:75 28:108 34:134 7:27 15:57 21:81 36:144 36:144 38:152 38:150 34:134 21:81 19:75 1:3 22:86 15:59 6:20 25:97 39:153 14:56 34:136 37:145 23:91 2:4 4:16 18:72 1:1 5:19 13:51 6:24 1:1 15:57 19:73 33:131 34:134 20:76 4:16 38:148 7:25 9:35 35:139 40:156 38:150 8:28 31:123 39:153 39:153 27:105 37:145 16:62 10:40 19:73 17:65 16:62 6:24 12:44 28:112 4:16 37:145 24:94 21:83 24:92 17:67 39:153 33:131 40:158 38:148 26:102 30:116 12:44 28:112 5:17 16:64 7:27 27:107 17:65 14:52 23:91 35:139 17:65 20:80 14:54 24:94 30:116 5:19 11:43 1:3 ; 
L 34 -83 94 -48 44 -46 -116 118 -16 24 118 92 147 -108 133 -95 -99 -57 -134 117 -102 -66 24 -142 87 117 105 -135 -93 -67 -103 -86 18 -102 -10 121 -15 -105 85 -87 113 -35 63 -3 -32 -58 59 -56 63 30 -106 -53 89 -1 134 150 19 -140 5 -130 68 78 62 5 101 108 124 -90 -102 81 147 80 121 89 121 28 143 16 5 -25 126 -77 -55 137 -67 82 -33 93 -121 -100 -65 76 -21 75 -62 92 -136 -19 -33 -135 144 -9 -56 87 24 74 11 -9 66 -102 145 -142 -118 -150 39 -88 134 58 141 109 139 -11 61 113 -134 -38 -141 -34 123 46 -7 97 100 -83 -22 -56 133 15 -103 54 91 -50 -94 8 6 140 95 97 -50 51 69 -121 -34 -22 119 15 24 -106 -104 -50 -29 -118 136 139 -102 69 -73 103 -80 38 98 -131 25 -8 -34 122 107 126 45 11 -23 -30 -115 -56 -7 15 -148 -135 128 -10 -60 143 -18 74 39 -131 84 -55 44 -24 ; 
27 93 40 51 8 31 63 95 14 64 85 30 35 28 98 44 16 80 62 76 21 38 68 47 88 18 54 40 6 66 88 12 12 28 60 20 61 98 74 81 79 2 58 11 2 7 75 2 38 79 33 8 9 29 93 38 40 95 82 89 23 81 61 79 39 5 94 47 97 15 62 31 40 61 79 31 36 8 45 69 41 87 92 20 59 29 54 27 81 32 5 24 58 19 91 55 14 60 87 33 57 30 49 11 48 50 63 63 48 63 58 48 89 87 33 35 10 83 5 20 79 37 47 65 90 72 20 73 26 33 23 31 50 61 89 17 87 78 1 19 83 32 54 59 31 83 19 55 37 57 65 94 55 65 98 18 36 93 67 72 22 78 90 95 38 56 31 96 43 11 41 68 9 4 50 10 95 14 83 86 8 65 91 61 95 75 27 19 13 85 12 11 42 77 54 34 42 88 98 45 11 ; 
L 34 -83 94 -48 44 -46 -116 118 -16 24 118 45 11 -23 -30 133 -95 -99 -57 -134 117 -102 -66 24 155 -142 -103 54 -121 -89 -121 -80 -147 -81 102 90 -124 -108 -101 -5 -62 -78 -68 130 -5 140 -19 -150 -134 1 -151 -89 53 106 -30 -63 56 -59 58 32 3 -63 35 -113 -152 87 -85 105 15 34 121 -69 -51 50 -97 -95 -140 -6 -154 -8 94 50 -91 28 -25 131 -98 -38 80 -103 73 -69 102 -139 118 29 50 104 106 -15 -133 56 22 83 -145 102 9 92 147 -100 -97 7 -46 -123 87 117 105 -135 -93 -67 -103 -86 18 -102 -10 121 -22 119 15 24 34 141 38 134 -113 -61 11 -139 -109 -141 -58 -134 88 -39 150 118 142 -108 -5 -143 -8 122 107 126 -11 -74 -24 -87 -153 56 9 -144 135 33 19 136 -92 62 -75 21 -76 65 100 121 -93 33 -82 67 55 -84 -39 -74 18 -143 60 10 -128 135 148 -15 7 -137 55 77 -25 126 -115 -56 44 -24 ; 
11:43 38:148 16:64 21:81 4:12 13:49 26:100 38:152 6:22 26:102 34:136 10:40 35:137 4:12 26:104 15:59 18:70 7:25 32:128 25:99 31:121 9:33 16:60 28:108 3:9 40:156 3:9 8:30 8:30 32:126 25:97 16:64 13:49 25:99 6:24 39:155 19:75 38:150 2:8 16:62 32:126 25:97 33:129 10:36 36:142 33:131 38:152 16:64 16:60 38:148 36:140 36:144 4:14 4:12 14:52 32:126 16:60 1:3 30:120 3:11 1:3 5:17 24:92 1:3 31:121 9:33 33:129 30:118 40:156 12:44 22:88 38:150 26:104 23:91 15:59 22:88 8:30 34:132 38:150 1:3 24:94 22:86 13:51 38:152 5:19 4:14 28:108 17:65 5:17 18:68 39:153 13:49 23:89 16:60 13:49 32:124 9:35 29:115 27:107 30:120 32:124 35:139 7:27 36:142 13:51 24:92 37:147 11:43 14:56 25:97 20:80 13:49 10:36 14:52 13:51 8:28 22:86 16:64 3:9 27:105 36:140 5:19 5:19 12:44 24:96 8:32 40:156 40:156 8:28 15:57 38:152 30:116 8:32 29:115 36:144 26:104 19:75 15:59 32:126 8:32 2:8 34:132 4:16 14:56 14:52 35:139 36:142 18:70 37:145 7:25 12:44 1:1 38:152 6:22 50:198 26:100 20:80 20:76 1:3 32:128 20:78 12:48 23:91 14:52 35:139 24:96 6:22 22:88 37:145 8:30 24:92 10:38 2:8 13:51 33:129 11:43 22:86 12:46 48:192 36:140 30:116 22:86 31:123 17:67 5:17 5:19 34:136 6:20 8:30 11:43 30:120 30:116 8:32 37:147 23:91 17:65 64:256 25:97 24:94 18:72 5:17 ; 
L -88 117 65 -33 150 81 -19 140 -130 -104 132 -121 18 -119 24 68 -95 57 -81 -147 46 118 -58 53 32 -128 131 44 -108 143 -24 13 77 -6 56 -43 86 58 45 66 -60 -58 20 25 -12 -64 -49 -8 -30 29 99 132 19 65 -25 -122 -100 148 -42 77 1 -29 105 -144 -81 3 -146 -142 -64 11 51 98 -96 -127 107 -146 -56 -142 -147 30 56 -146 96 -6 -27 -142 -32 -23 47 109 -145 91 107 101 -72 9 60 -133 -19 -77 -72 115 -41 137 -114 114 27 -149 52 59 -106 -106 110 33 -37 133 -76 1 -74 -73 -145 -137 -50 138 -147 -116 -148 32 126 -17 49 10 90 25 -26 -55 48 -12 74 -76 -74 -4 123 26 5 101 -89 -48 -94 -113 -125 -122 96 19 83 -148 -143 73 -84 62 73 -100 28 46 98 -95 99 127 16 -107 139 -77 133 142 33 127 -4 -39 41 -35 3 150 89 -1 24 108 -150 -110 134 -77 48 92 -62 -28 -113 -142 -65 13 141 -121 ; 
78 45 86 16 62 15 20 35 97 71 51 53 2 18 80 20 93 98 32 96 18 7 83 57 82 93 24 88 1 6 70 50 34 15 35 67 1 40 29 20 97 36 17 23 12 18 47 94 25 84 60 83 61 31 30 87 73 9 75 87 14 82 100 45 54 33 99 45 83 36 37 72 25 44 92 67 79 7 59 34 86 14 69 31 21 23 90 50 93 5 64 17 68 40 18 20 80 59 91 37 63 40 84 32 87 20 16 96 36 3 4 65 70 40 62 46 27 96 98 66 70 58 26 5 80 69 87 65 80 87 93 67 14 94 2 46 16 28 73 47 45 94 78 82 77 8 5 76 85 65 78 3 61 48 92 29 27 26 1 91 36 35 41 59 54 77 71 62 80 38 59 80 45 61 83 95 68 14 66 80 53 57 17 69 59 3 53 26 82 21 40 3 54 30 47 71 84 82 100 42 10 ; 
L -88 117 65 -33 35 -41 -62 -113 150 -3 81 144 29 -1 -77 42 -153 -148 100 122 25 -65 -92 -48 77 -151 -134 110 -89 150 -108 -24 1 -19 -154 -132 -99 -29 30 8 49 64 12 -25 -20 -155 58 60 -66 -45 -58 -86 43 -56 6 -77 -13 24 -143 108 -44 -131 128 -32 -53 58 -118 -46 147 81 -57 95 -68 -24 -152 119 -18 121 104 130 -140 19 -81 -146 -142 -64 11 51 98 -96 -127 107 -146 -56 -142 -147 30 56 -146 -132 96 -6 -27 -142 -32 47 109 -145 91 107 101 -114 114 27 -149 52 59 -106 148 -83 -19 -96 122 125 113 94 48 89 -101 -5 -26 -123 4 74 76 -74 -72 9 60 -133 -19 -77 -72 115 -41 137 12 -48 26 -25 -90 -10 -49 17 -126 -32 148 116 147 -138 50 137 145 73 74 -1 76 -133 37 -33 -110 106 -143 73 -84 62 -150 -3 95 -98 -46 -28 100 -73 39 4 -127 -33 -142 -133 77 -139 107 -16 -127 -99 -142 -65 13 -121 ; 
32:124 18:72 35:137 7:25 23:91 32:128 31:123 7:27 26:104 19:75 14:52 22:86 14:52 33:131 6:22 35:139 38:152 38:148 4:14 30:116 35:139 12:48 23:89 2:4 16:64 36:142 4:16 33:131 28:110 14:56 22:84 2:4 24:94 10:40 38:148 38:150 34:132 24:96 34:134 10:40 38:150 19:75 8:28 5:19 10:36 26:100 1:1 15:57 39:155 8:32 12:46 16:64 1:1 27:107 14:56 6:24 14:54 20:80 28:112 3:9 1:1 36:140 10:38 38:148 33:131 23:91 34:132 3:11 8:28 39:153 13:51 40:156 38:148 8:32 36:140 5:17 8:28 1:3 2:8 29:113 39:155 14:56 8:32 27:107 18:72 34:132 15:57 15:59 29:115 10:40 18:70 37:147 27:107 32:126 3:11 24:94 14:54 35:137 6:22 24:96 44:172 13:49 9:33 10:36 36:144 6:20 2:8 26:102 7:27 28:108 16:64 37:147 8:32 7:25 39:153 15:57 2:4 2:6 11:43 12:46 37:147 20:76 25:97 2:4 32:124 26:104 34:136 31:121 2:8 4:12 31:123 33:131 32:124 38:150 18:72 19:75 11:41 8:32 32:128 24:94 37:145 15:59 26:100 16:64 34:134 13:51 24:96 12:44 14:56 1:3 38:150 6:22 27:107 38:148 35:139 32:128 26:104 35:139 28:110 32:128 2:8 11:41 24:92 28:112 27:105 40:156 39:153 11:43 19:73 25:99 16:64 28:112 26:104 11:41 1:1 37:145 8:30 23:91 43:171 31:123 22:86 24:94 17:65 14:56 8:28 6:22 28:108 38:152 34:132 25:97 18:72 32:128 24:94 16:60 32:128 25:99 12:44 34:134 33:131 52:204 4:16 ; 
L -107 -85 124 -57 129 110 11 -25 79 24 -5 33 -28 -61 136 110 -2 73 6 66 139 -107 85 15 47 82 40 62 -129 139 85 30 -15 136 -115 89 -141 129 38 109 -39 66 60 -141 27 143 66 -74 7 -102 -64 146 60 -39 -9 81 129 -126 -112 -119 18 -140 -104 -101 -5 8 2 21 -39 -116 -22 -118 -59 8 -106 125 -70 36 113 -102 -130 49 -113 24 -103 -71 122 95 82 47 -42 -131 31 -5 142 -89 -128 -105 95 -55 -6 -67 -4 100 141 -39 118 137 -101 -137 40 -85 86 -48 -69 94 -98 -127 -26 19 -90 -27 -89 82 118 -32 -87 -89 146 13 -143 -113 -16 -74 -90 -127 -98 -28 98 34 -61 -78 -120 -26 127 -133 -140 135 -38 101 9 68 69 55 120 89 113 -100 -3 44 -131 73 114 97 -87 -59 -92 63 -29 125 144 110 98 -6 150 -81 -26 -127 -11 60 56 -31 -17 -93 139 65 -3 -7 -135 -142 102 7 -107 -79 34 -62 -85 79 142 101 ; 
45 12 66 16 41 57 24 83 38 66 25 89 55 84 16 47 45 75 84 55 71 85 69 18 55 20 41 58 74 73 38 89 66 49 29 49 64 65 52 2 11 37 83 71 81 21 61 1 88 49 8 79 100 80 86 29 99 1 56 57 83 40 38 7 66 25 30 74 23 37 47 23 25 14 73 81 17 86 50 56 38 86 96 58 46 64 94 22 79 62 15 78 88 72 94 29 75 7 32 78 70 73 48 96 12 94 83 2 53 19 31 11 4 86 11 36 82 19 75 3 99 52 15 7 100 42 98 88 17 63 81 36 100 75 62 28 14 73 10 13 49 81 70 16 24 56 90 7 9 26 99 94 80 31 8 15 34 24 5 45 62 89 76 58 6 33 96 84 21 63 85 77 59 87 21 63 81 58 56 85 31 34 53 77 62 18 47 77 30 3 61 30 96 53 24 11 61 60 10 2 95 ; 
L -107 -85 124 -57 129 110 11 -25 79 24 -5 33 -28 -61 -144 -125 29 -63 92 59 87 -97 -114 -155 -73 131 -44 3 100 -113 -89 -120 -55 -69 -68 -9 -101 38 -135 140 133 -127 26 120 78 -34 -98 28 98 127 90 -7 -135 -150 6 -98 -110 136 110 153 -2 73 6 66 -137 -118 39 -141 -100 4 67 6 55 -95 105 128 89 -142 5 -31 131 42 -47 -82 -95 -122 118 22 116 39 -21 -2 -8 5 101 104 140 -18 119 112 126 -129 -81 9 39 -60 -146 89 87 64 -39 66 60 27 143 -142 102 7 -107 86 -48 -69 94 -98 -127 -26 19 -90 -27 -79 34 -62 -85 79 3 -65 -139 93 17 31 -56 -60 11 127 66 -74 7 -102 -109 -38 -129 141 -89 115 -136 -40 -152 137 71 103 -24 113 -154 -49 130 102 -113 -36 70 -151 -125 -8 59 15 -30 -85 -139 129 -62 -40 -82 -47 -15 -85 107 -139 -101 -85 -89 82 118 -32 146 13 -143 -113 -16 -74 142 101 ; 
18:72 5:19 27:105 7:25 17:65 23:91 10:38 34:132 16:60 27:105 10:40 36:142 22:88 34:134 6:22 34:136 26:100 9:33 34:134 39:153 14:52 3:9 24:92 30:120 6:24 36:142 25:99 18:72 2:8 10:38 14:54 6:24 4:12 13:49 32:128 38:150 40:158 11:41 4:14 3:11 36:144 23:89 10:38 7:25 28:112 37:147 6:20 4:16 30:116 6:22 12:44 36:144 12:48 15:57 9:33 35:139 24:94 32:126 19:75 21:83 9:33 30:120 34:134 22:88 16:64 1:3 34:132 38:150 5:19 39:153 20:76 30:116 28:112 32:124 13:51 3:11 30:120 12:46 38:150 29:115 36:140 32:124 6:24 25:99 32:126 9:35 38:152 10:36 19:75 15:59 10:36 30:118 12:48 10:40 27:105 3:11 16:60 16:64 34:132 23:91 23:89 1:1 40:158 12:46 35:137 32:128 40:160 22:84 36:140 55:217 7:27 15:59 34:132 47:187 9:33 18:72 25:97 12:48 39:153 20:80 35:137 5:17 15:57 33:131 8:30 30:120 2:4 40:158 21:83 6:20 10:38 5:17 25:97 24:96 14:54 19:75 8:28 25:99 31:123 22:84 14:54 13:49 34:136 23:89 26:102 1:1 36:140 20:78 1:3 1:3 21:83 26:104 26:102 20:78 12:46 10:38 10:36 19:73 13:49 26:102 19:73 24:92 14:54 34:134 35:137 16:60 23:89 20:80 35:137 40:156 24:92 41:163 6:22 14:54 27:105 36:142 16:60 30:116 30:118 24:92 17:65 8:32 22:88 8:28 28:110 34:136 34:134 6:22 4:14 3:11 40:160 17:67 2:8 26:100 33:129 15:57 40:160 30:120 10:40 1:3 38:152 ; 
L -44 -111 -149 90 14 107 54 102 25 36 -139 -78 40 -139 -10 -123 -49 22 -69 -5 -113 -147 -78 58 134 57 13 33 -112 -107 -150 109 64 110 70 -55 126 -116 -69 116 59 -68 -117 -82 115 14 -101 29 -12 -118 45 -1 77 -79 38 -48 12 27 55 -7 -70 41 90 66 -75 144 12 109 -144 -121 89 26 6 -148 66 -12 -11 -147 123 -139 -59 94 -65 26 -137 143 11 -39 141 -129 -41 42 106 -96 -30 -147 59 141 72 50 11 -14 -19 -2 -62 -130 43 19 137 100 -35 32 70 45 -90 -128 -106 46 43 -24 76 79 -107 -143 1 112 -86 -111 -60 45 82 -111 -143 110 -83 112 -117 105 -55 -131 -9 -129 -46 68 96 83 -141 -138 28 93 46 -125 -15 -13 105 67 -82 110 150 -113 -62 -42 135 -33 -19 -11 -20 1 -68 -19 51 -32 -91 -24 41 63 23 -79 -42 -19 -50 126 -58 21 -122 40 -109 -45 76 -103 -30 40 114 82 -19 90 86 -44 14 -88 ; 
1 97 52 51 62 74 46 33 74 84 53 100 30 27 43 17 93 29 11 60 39 84 29 18 75 51 94 1 48 94 93 23 92 77 99 85 41 27 24 57 68 67 36 45 97 13 37 73 87 9 12 53 12 91 82 39 56 85 56 96 45 54 2 82 92 82 89 53 31 54 14 41 36 59 28 18 93 79 26 66 48 60 61 60 21 22 68 67 59 82 8 100 38 87 56 65 89 47 16 17 20 58 54 64 80 37 83 86 73 23 37 7 73 19 21 47 54 73 16 23 18 43 78 77 52 5 1 62 89 25 61 64 46 95 62 13 60 5 49 31 1 4 53 85 88 73 97 7 81 91 90 70 63 5 26 47 63 19 40 96 9 51 99 65 50 56 76 53 100 80 83 89 67 74 77 68 18 25 45 76 80 45 75 30 73 44 67 31 87 87 77 79 47 49 38 13 73 40 10 86 24 ; 
L -44 154 -111 90 14 107 54 102 25 36 -19 -11 26 6 -148 -139 -78 40 -139 -10 -123 -49 152 22 -69 -5 -113 -147 58 134 57 13 -114 -40 30 103 -76 45 109 -40 122 -21 58 -155 -93 -28 -153 138 141 -83 -96 -68 46 129 9 131 55 -105 117 -112 83 -110 143 111 -82 -45 60 111 86 -112 -1 143 107 -79 -76 24 -43 -46 -128 -106 -55 -27 -12 48 -38 79 -77 1 -45 118 12 -29 101 -14 -115 82 117 68 -59 -116 69 116 -126 55 -70 -110 -64 -109 150 112 -33 82 -19 90 86 46 -125 -15 -13 105 67 110 150 151 -113 -19 -2 -62 -130 43 19 137 100 -35 32 70 45 -90 -7 -70 144 -109 -12 -144 75 -66 -90 -41 -121 89 66 -12 -11 -147 123 -139 -59 94 -65 26 -137 143 11 -39 141 -129 -41 42 106 -20 1 -68 -19 51 -32 23 -79 -42 -19 -96 -30 -147 59 141 72 50 11 -62 -42 135 -33 -50 126 -44 -91 -24 41 63 14 -88 ; 
1:1 16:62 34:132 27:107 25:99 30:118 19:73 14:52 30:118 34:134 15:57 23:89 22:88 15:57 24:94 28:108 40:160 12:48 11:43 18:68 7:27 38:148 15:59 2:6 5:17 24:96 16:62 34:134 1:3 30:120 21:81 38:150 10:36 19:75 32:126 31:123 35:139 35:139 13:49 27:107 18:70 30:116 12:48 55:219 6:22 37:145 26:104 26:100 3:11 39:155 30:116 36:140 34:136 22:84 2:6 1:1 13:49 20:78 2:8 24:96 6:20 25:99 38:152 19:73 26:102 25:97 10:40 36:142 25:99 1:1 2:8 21:83 31:123 32:124 18:68 8:28 10:36 7:25 29:115 22:86 6:24 23:89 34:136 23:89 16:62 33:131 37:145 5:19 22:84 5:19 4:14 35:139 30:116 15:59 6:20 39:155 18:72 15:57 27:107 28:108 23:91 10:38 11:43 17:65 34:136 40:158 31:123 37:147 10:36 12:46 20:76 11:43 16:60 6:20 30:116 8:32 28:112 26:100 2:8 11:41 19:75 26:104 16:64 29:115 31:121 6:20 26:102 32:128 15:59 34:132 35:137 30:116 10:36 15:59 3:11 30:116 8:30 9:33 52:206 18:72 10:38 13:49 22:84 36:142 33:131 37:147 33:131 1:3 34:134 6:22 12:46 8:28 38:148 32:126 11:41 27:105 20:76 24:96 25:97 24:96 9:33 9:35 28:108 27:107 24:94 33:131 4:12 40:160 16:60 32:126 22:84 40:160 32:128 34:132 36:142 32:128 10:40 18:72 31:121 36:144 23:89 26:104 36:142 19:75 7:25 7:27 8:32 8:30 21:81 40:158 26:104 24:92 18:72 19:75 4:16 30:118 31:123 28:108 2:8 35:137 10:38 ; 
L -45 -149 9 -121 47 -123 135 81 -24 94 -107 24 80 -67 -59 -45 -82 -47 34 -49 -127 -86 -46 -88 75 -5 -98 -58 53 70 -80 -59 54 24 49 -63 -134 150 -95 145 -136 -141 -58 133 -68 -19 88 29 -110 134 68 140 67 -75 -64 46 14 -91 -59 -136 150 -7 -71 -19 -45 -132 -52 -68 -62 85 70 46 6 -84 82 -139 144 23 33 135 66 114 128 -47 60 111 -6 141 7 74 113 39 140 -52 -28 -137 -104 -8 -120 47 -56 -27 57 77 -26 -103 78 -55 114 -149 129 6 -40 -107 -4 75 43 -86 88 -142 -38 -9 -79 -82 -76 -116 -55 -9 94 46 16 127 -23 -47 -63 -113 105 -66 -23 -87 25 103 -14 -44 115 64 37 12 128 8 72 -143 135 -150 9 22 -16 50 -3 25 -137 -11 143 -74 -115 126 -39 120 21 -54 60 103 33 72 -23 -62 39 8 1 -17 -54 3 88 54 -116 135 -101 67 104 107 -37 -93 -17 -147 95 -59 71 141 -66 148 ; 
61 76 37 61 33 41 52 96 91 38 88 62 53 22 100 43 86 47 77 78 37 4 6 44 74 55 45 29 34 28 77 44 67 86 4 22 68 41 71 22 29 100 87 11 100 14 89 37 97 87 33 35 16 83 74 43 81 9 33 9 37 26 58 40 71 6 40 79 21 12 24 22 37 32 87 75 78 38 83 63 25 82 95 77 92 74 17 76 2 72 50 64 2 21 57 4 90 78 5 99 51 88 47 36 14 37 83 69 16 96 80 24 48 91 60 46 21 89 16 15 29 55 26 67 24 29 6 97 51 99 94 87 69 71 81 63 67 16 92 44 21 94 14 96 43 46 9 76 42 93 93 48 67 24 66 10 11 77 28 55 55 64 99 90 25 27 25 59 14 87 69 79 81 53 82 5 48 100 93 4 24 81 2 29 17 56 87 93 17 15 71 63 70 72 14 97 57 21 56 56 63 ; 
L -49 -24 -54 59 80 -70 58 -149 129 6 -40 -107 -4 75 43 -86 88 -142 -38 -9 -79 -54 -105 113 63 47 23 -127 -16 -46 -94 9 55 116 76 82 -66 -23 -87 25 -143 135 -150 9 22 -16 -3 25 153 -137 -11 143 151 -74 -115 126 -39 103 33 72 -23 -62 155 39 14 -103 -72 -8 -128 -95 147 17 37 -107 -104 -67 101 -135 -45 -149 9 -121 47 -123 135 81 -24 94 -107 24 80 -67 -59 -45 120 21 -54 152 60 -82 -47 34 -49 -127 -86 -88 75 -5 -23 -144 -154 139 -82 84 -6 -46 -70 -85 62 68 52 132 45 19 71 7 -150 136 59 91 -14 -46 64 -98 -114 115 64 37 55 -78 103 26 -77 -57 27 56 -47 120 8 104 137 28 52 -140 -39 -113 -74 -7 -141 6 -111 -60 47 -128 -114 -66 -135 -33 75 -67 -140 -68 -134 110 -88 19 68 -133 58 141 136 -145 95 -150 134 63 116 -88 -3 54 17 -1 -8 -44 12 -59 71 141 -66 148 ; 
10:38 2:6 35:137 27:107 18:70 31:123 9:33 38:148 32:128 10:38 20:76 37:145 24:96 19:73 9:33 36:142 7:25 6:24 12:46 22:88 11:41 20:76 4:14 27:107 26:100 33:129 29:113 28:110 35:139 38:150 40:158 21:81 39:155 3:9 12:46 10:38 16:60 37:147 18:70 9:33 35:139 27:107 10:38 27:105 4:16 5:17 38:150 22:88 37:145 19:73 26:102 40:158 33:131 19:75 10:40 11:43 10:40 36:142 33:129 22:84 33:131 2:8 35:137 8:30 62:244 6:22 22:88 38:148 38:148 28:112 6:22 29:115 16:64 29:113 6:24 7:27 38:148 35:139 29:113 31:121 15:59 25:97 14:52 17:65 21:83 39:153 37:145 16:60 36:140 25:99 22:84 9:35 40:160 18:68 24:96 6:22 35:139 8:32 35:137 30:120 19:75 31:123 32:124 15:59 2:6 2:8 30:118 22:88 11:43 16:60 4:14 31:121 30:120 35:139 13:51 15:59 9:35 10:38 5:19 9:33 32:126 16:64 3:9 29:113 16:64 24:92 11:41 15:59 4:14 14:52 4:14 33:129 18:68 40:160 13:51 5:17 19:73 4:14 14:52 28:110 34:132 15:59 6:22 15:57 19:75 36:140 21:81 40:158 2:8 32:124 36:144 2:6 23:91 9:33 1:3 26:102 20:80 29:115 1:3 31:121 7:27 30:118 37:147 31:123 38:152 33:131 10:40 26:100 30:120 34:132 7:25 14:56 14:52 35:139 2:8 36:142 6:22 40:160 5:17 35:139 40:160 12:46 9:35 29:113 17:65 28:108 18:70 14:54 1:3 33:129 10:38 2:6 38:148 18:68 37:145 28:110 23:91 9:33 23:89 23:89 26:100 ; 
L -32 95 -117 91 -5 127 -27 -6 -10 103 119 36 -107 29 -142 -35 -100 -133 -81 141 -83 141 65 2 95 -18 -11 -57 88 -69 95 116 -95 150 -81 14 -111 -44 -91 -27 -82 82 -11 -75 49 73 141 -132 -9 -26 5 112 121 -139 134 93 89 -143 64 76 75 -23 114 -135 -107 11 -140 43 -56 124 27 -47 65 28 -146 -61 72 -24 -26 -144 -144 6 69 -8 114 -75 -10 8 38 -51 -49 90 -81 141 29 -52 -130 2 -12 -79 -131 -119 -17 -120 -16 -67 -102 149 -41 23 -72 -20 -120 -136 -39 -144 -124 -125 76 122 -52 55 -135 46 86 50 20 134 1 -88 8 136 -72 101 1 -1 -115 -97 -98 136 46 -116 111 16 125 120 78 125 -86 27 150 -118 -120 -67 -88 85 -140 6 -113 -75 89 20 -54 145 -12 -19 -30 42 113 73 -64 -10 -131 79 -13 -77 -40 63 -114 92 92 -128 136 -71 -140 1 -82 138 -8 41 10 142 -111 -70 -141 -124 -74 72 -33 117 ; 
43 48 43 4 1 18 18 50 73 25 44 46 36 60 22 14 13 44 87 27 72 99 89 37 89 16 23 56 96 96 43 80 55 60 99 71 27 90 29 42 75 30 79 33 74 48 98 78 84 68 75 44 97 36 90 22 6 5 67 4 42 86 68 74 67 56 59 6 39 31 100 2 22 80 38 72 49 95 52 6 94 28 86 85 8 34 63 88 46 29 88 15 89 87 39 44 89 30 72 78 77 74 29 30 74 15 83 13 93 9 39 46 80 6 77 70 14 48 98 42 74 55 28 96 19 12 24 66 51 37 18 2 43 97 40 21 46 9 50 11 51 48 29 95 21 41 83 98 35 62 82 95 44 13 5 70 5 58 76 40 9 33 70 4 2 82 62 70 52 76 20 86 10 72 80 42 50 30 2 1 36 32 5 66 69 86 31 52 99 91 56 71 10 99 23 43 26 20 45 26 59 ; 
L -32 95 -117 91 -5 127 -6 -10 103 119 36 -107 29 -142 -35 -100 -133 -81 141 -83 141 65 2 95 -18 -27 -124 56 -43 140 -11 107 135 -114 23 -75 -76 -64 143 -89 -93 -134 139 -121 -112 -5 9 132 -141 -73 -49 75 11 -82 82 27 91 44 111 -14 81 92 92 -128 154 -71 -150 95 -116 -95 141 29 20 -54 145 -12 -19 -52 -130 2 -12 -79 -131 -119 -17 -120 -16 152 -67 -102 149 -41 23 -72 -20 -120 -136 -39 -144 -124 -125 76 122 -52 55 -135 46 86 50 20 134 1 -88 8 136 -72 101 85 -140 6 -113 -75 89 -73 -113 -42 -142 -10 -41 8 -138 82 -1 140 114 -63 40 77 -64 -10 -131 79 -13 -30 1 -1 -115 -97 -98 136 46 -116 16 125 120 78 125 -86 27 150 -118 -120 -11 -57 88 -69 81 -90 49 51 -38 -8 10 75 -114 8 -69 -155 -6 -153 144 144 26 24 -72 61 74 124 -28 -65 47 -67 -88 151 -111 -70 -141 72 -33 117 ; 
18:68 20:76 18:68 2:6 1:1 8:28 13:51 30:116 10:40 18:70 19:73 15:57 24:96 9:35 6:22 6:20 18:70 35:139 11:43 29:115 40:158 36:142 15:59 36:142 7:25 2:8 40:160 13:49 16:62 3:9 24:94 23:89 27:107 30:118 28:108 35:137 17:67 2:6 27:107 2:8 3:9 9:35 36:144 15:57 39:155 18:70 42:164 34:134 32:124 40:156 20:76 30:118 14:52 24:94 12:48 38:152 17:67 12:46 36:144 11:43 29:113 16:64 15:57 13:51 34:132 14:52 26:100 24:96 22:88 32:128 24:96 16:62 17:65 28:112 2:6 1:3 33:131 11:43 36:142 12:48 29:115 32:124 31:123 30:118 12:46 12:48 30:118 18:72 22:88 34:132 6:20 38:148 4:14 16:62 19:73 32:128 3:9 31:123 28:112 6:22 20:76 40:156 17:67 30:118 22:88 12:44 39:153 8:30 5:19 10:38 27:105 21:81 15:59 8:28 1:3 18:68 39:155 28:110 2:8 24:92 31:121 16:64 4:14 17:65 31:121 21:83 11:41 29:113 23:89 37:145 40:158 21:83 13:49 35:137 27:105 1:3 12:48 20:80 16:64 35:137 4:16 29:115 32:128 21:83 24:96 9:33 19:73 4:14 20:80 5:17 21:81 20:76 48:192 9:33 17:65 34:132 40:156 14:56 25:99 33:131 38:152 18:70 14:52 23:89 39:153 39:153 28:112 36:142 6:24 36:140 12:46 19:73 36:140 26:100 14:54 4:12 34:136 4:14 32:124 10:36 26:100 38:150 3:9 21:83 38:152 20:78 4:16 11:41 16:60 32:128 9:35 0:0 2:8 8:28 13:51 40:158 10:36 10:38 18:72 11:41 24:94 ; 
L 119 88 -70 18 -116 55 -133 47 -94 47 22 -81 41 -122 75 23 -95 -137 -89 -86 -100 -53 -73 69 25 -64 -55 111 -97 -21 82 150 7 -129 -11 2 150 106 41 56 -56 146 -63 11 -75 53 -89 12 -115 -111 -19 37 -112 85 133 -113 30 97 29 74 -49 -92 -92 5 84 41 109 -73 -102 137 116 27 -124 -52 -94 104 30 16 -127 -41 22 -39 6 -31 -44 122 71 -8 -128 56 -95 -36 -11 45 -73 21 -37 150 117 6 96 -44 -106 -144 -5 80 -140 42 119 91 -86 -105 123 44 38 70 -133 -47 4 56 12 -76 -21 -106 33 -81 88 111 -74 -20 101 93 -42 24 -30 141 97 114 -84 122 -111 29 -78 139 -81 -4 -92 21 -20 -148 -96 53 133 -70 -88 -142 -106 -35 -24 123 114 53 113 13 113 70 81 -97 -112 -64 116 -35 -51 -78 -30 78 64 -83 -36 -149 -111 -65 38 75 118 -138 -135 135 -134 22 117 98 -52 -78 -64 27 19 -50 25 55 ; 
42 22 22 57 14 95 64 18 28 100 20 77 13 10 85 72 51 61 67 16 17 2 31 33 25 23 81 14 6 41 89 77 43 88 81 11 70 80 15 72 74 56 80 97 3 53 19 64 37 11 68 34 48 13 52 90 70 4 84 67 69 7 81 14 90 13 71 38 87 10 97 38 91 6 78 52 78 99 54 95 78 66 78 72 37 39 98 34 77 9 70 53 86 41 83 13 62 9 94 72 35 100 49 21 95 29 62 53 87 32 4 100 87 11 43 44 99 19 57 44 34 82 75 28 36 97 79 5 63 14 7 39 51 52 89 81 17 39 80 13 66 28 98 73 67 19 89 34 68 13 82 9 5 74 45 42 18 91 86 4 96 39 29 43 28 42 36 70 58 90 35 44 21 85 85 16 60 12 100 8 78 10 25 46 46 92 20 15 100 37 60 37 81 82 41 26 34 9 8 49 92 ; 
L 119 88 -70 -105 123 44 38 70 -133 -47 4 56 12 -76 -21 152 -106 33 -81 88 111 -74 -20 101 93 -42 24 -30 141 -88 18 -116 97 114 -84 122 -111 111 -98 149 36 83 -64 -78 30 -135 135 138 -118 78 30 97 29 74 -49 -92 -92 5 84 41 109 -73 -102 137 116 27 -124 -52 -94 104 30 16 -127 -41 22 -39 6 -31 122 71 -8 -128 -117 -150 37 -21 73 -45 11 -155 36 -56 6 96 -44 -106 -144 -5 80 -140 42 119 91 -86 -142 -106 -35 -24 123 114 113 70 81 -97 -112 -64 116 -35 -51 113 -133 -85 112 -37 19 111 115 -12 89 -53 75 63 -146 56 -56 -41 -113 -53 -106 -150 -2 11 129 -7 -94 47 22 -22 134 -75 -38 65 29 -78 153 139 154 -81 -4 -92 21 -20 -148 -96 53 133 -70 55 -133 47 -150 -151 -82 21 97 -111 55 64 -25 -69 73 53 100 86 137 95 -23 -75 122 -41 81 117 -52 -78 -64 27 19 -50 25 55 ; 
17:67 9:35 9:35 52:206 35:139 5:17 18:68 18:70 40:158 8:30 23:91 18:70 14:54 33:131 30:120 21:81 15:57 15:57 39:155 32:126 2:8 26:100 6:22 3:11 16:62 21:81 21:83 36:142 33:129 10:40 11:43 6:22 40:158 16:62 32:128 6:20 27:105 14:52 17:67 34:132 4:12 40:160 5:19 24:96 7:25 32:128 6:24 8:32 37:147 46:180 39:153 2:6 34:134 27:107 28:110 3:11 33:129 6:22 36:144 6:20 29:113 16:60 35:139 4:16 39:155 16:60 37:145 3:9 32:124 21:83 32:124 40:158 22:86 38:152 32:124 27:105 32:124 29:115 8:32 40:156 14:54 31:123 29:113 38:150 4:14 25:99 6:20 34:132 17:65 25:97 18:70 20:76 4:16 14:56 40:160 20:78 9:33 38:152 12:46 25:99 22:84 35:139 13:51 2:6 18:68 8:28 37:145 35:137 2:6 39:153 7:27 17:67 15:57 28:112 24:92 36:144 14:56 18:70 9:33 24:94 36:144 21:83 6:20 20:76 14:54 28:108 5:17 15:59 26:102 8:30 22:84 37:147 32:128 23:89 30:118 29:115 3:11 12:46 15:59 32:128 28:112 5:17 33:129 36:140 5:17 40:160 8:32 52:204 15:59 16:60 19:73 10:40 2:8 40:156 26:100 22:84 39:155 30:120 8:30 36:142 14:54 28:108 6:20 33:131 4:14 2:8 30:118 14:52 26:102 8:28 24:96 32:124 2:6 36:142 17:65 3:9 6:22 33:129 10:36 10:40 14:52 13:49 1:3 7:27 29:113 25:97 21:81 29:115 34:136 4:16 6:20 4:14 29:113 33:131 17:65 11:41 14:54 4:14 4:12 20:78 37:147 ; 
L -68 146 134 -40 146 -88 26 -149 -104 75 146 84 147 140 62 -52 30 89 -81 -44 -139 12 138 79 64 -102 -33 -75 -139 -149 13 -25 -96 83 -104 -50 14 85 -8 82 -73 -5 -61 -140 -1 -6 136 -146 50 -13 45 -17 34 6 65 87 131 142 21 -56 -105 -74 26 83 80 -66 -117 -63 -132 -121 62 43 77 128 44 135 -136 133 -96 -28 -74 106 145 75 -148 138 104 93 104 -100 27 129 -150 -7 47 -69 -46 90 -149 19 51 61 -67 -105 -57 -110 54 61 -83 -141 124 108 -36 -93 -106 53 21 66 67 -148 81 32 -110 64 -93 70 -130 -53 150 -2 -17 -35 -147 -129 -66 -127 87 -96 112 -85 137 -88 -21 -104 -95 140 111 -141 137 -67 -74 25 -11 -61 117 -50 46 -17 50 -15 16 -86 94 138 -11 33 49 -7 -2 -75 -90 -86 -46 -1 133 130 -110 -11 -134 131 -150 9 -121 -35 85 47 -47 142 -92 -136 8 42 -36 -35 -100 27 21 128 -97 129 ; 
48 8 67 47 65 93 15 65 79 98 62 81 9 38 82 10 58 61 82 62 58 96 14 61 14 2 14 41 12 80 83 36 82 72 31 2 10 50 76 51 95 42 34 39 52 95 58 40 20 44 78 66 87 74 15 14 85 41 73 93 11 3 20 8 77 83 85 61 34 52 88 34 66 91 27 38 31 57 20 41 42 43 59 83 13 11 4 29 56 38 34 10 57 84 64 74 80 3 72 96 10 37 53 34 45 27 43 7 74 65 51 39 89 61 42 89 85 3 6 14 12 6 99 54 9 40 46 82 17 20 21 59 76 97 44 95 83 75 77 91 6 55 59 86 24 93 98 7 67 86 69 61 66 8 50 75 22 89 47 62 89 12 67 91 76 37 27 100 74 26 93 73 14 4 40 6 44 96 27 16 55 26 88 92 79 55 52 74 14 99 43 17 95 94 96 50 35 69 38 62 27 ; 
L -68 146 134 -40 146 26 -149 -104 75 146 84 147 140 62 -52 30 89 131 142 21 -105 8 42 -36 -35 -100 13 -50 146 -152 -136 6 1 140 61 5 73 -82 8 -85 -14 50 104 -83 96 -85 -49 -33 11 -138 -94 -153 86 -16 15 -50 25 -13 149 139 75 33 102 -64 -79 -138 -12 139 44 81 61 11 74 -74 26 83 154 80 -66 -117 -63 27 21 128 -97 67 -137 141 -111 -140 95 104 21 -155 88 -137 85 -112 96 -87 127 66 129 147 35 2 -150 53 130 -70 93 -64 110 -32 148 -67 -66 -21 -53 106 93 36 -108 -124 141 83 -61 -54 110 57 105 67 -61 -51 -19 149 -90 46 69 104 93 104 -7 -2 -75 -90 -86 -46 -1 133 130 -110 -11 -134 131 -150 9 -121 -92 -136 -35 -100 27 129 -150 -7 47 -138 148 -75 -145 -106 74 28 96 -133 136 -135 -44 -128 -77 -43 -62 121 132 45 -17 47 -47 17 -46 50 -117 -87 -65 -6 -34 142 129 151 ; 
20:76 4:12 27:107 19:75 26:104 26:104 26:104 32:126 40:156 25:99 33:129 4:14 16:60 33:131 4:16 24:92 25:97 48:192 17:65 30:116 28:108 15:57 7:27 38:152 38:150 39:153 31:123 18:70 8:32 22:88 14:56 24:92 38:152 21:83 16:62 14:54 17:67 38:152 21:81 31:121 20:80 4:16 1:3 13:49 29:115 40:156 53:211 11:43 15:59 31:121 37:145 30:116 7:27 5:19 36:142 25:99 14:52 15:57 34:132 32:128 5:19 17:65 6:22 1:3 6:22 25:97 6:22 39:153 24:92 25:99 38:148 4:12 38:150 33:129 8:32 4:12 40:156 25:97 34:132 34:136 25:97 22:86 14:56 28:110 16:60 12:48 35:137 27:107 3:11 40:156 38:148 10:38 35:137 19:73 24:96 22:88 3:9 37:145 31:123 30:120 34:132 38:152 18:70 39:155 31:121 2:8 8:32 7:27 33:131 19:73 16:64 4:14 22:86 40:158 3:9 6:22 3:9 2:4 34:136 36:142 17:67 25:97 36:142 16:62 21:81 26:104 30:118 3:11 18:68 11:43 18:72 14:54 22:84 15:59 4:16 39:153 29:115 2:4 32:128 13:49 12:46 23:89 28:110 30:118 11:41 38:148 30:116 6:22 2:6 16:64 3:9 18:70 39:153 11:43 7:25 22:88 11:41 36:140 11:41 40:158 30:120 7:25 14:54 4:16 23:91 34:134 26:102 19:75 5:17 6:20 34:132 24:94 18:68 17:67 17:65 8:32 23:91 13:49 16:60 11:43 37:145 27:105 14:54 36:140 21:83 13:49 27:105 19:75 21:83 22:84 36:142 9:35 30:120 2:6 6:22 6:24 30:118 46:182 14:56 10:38 8:32 ; 
L -130 100 -149 20 -122 -52 -116 -93 -98 90 139 -141 -59 102 -56 26 -53 -110 86 133 22 111 -64 -27 -94 83 67 -63 133 90 20 126 -1 126 -11 88 -104 113 84 -143 -89 21 107 103 6 41 150 124 -18 80 -132 3 29 53 -147 119 27 88 -31 119 59 -2 126 145 35 -32 14 -149 45 -13 -132 -116 100 -12 117 -136 -26 44 -10 20 117 70 78 -139 -143 51 114 42 138 123 57 89 103 41 119 -92 -131 -76 90 67 -21 -47 127 -118 94 55 -64 -25 19 80 22 135 126 -132 83 -93 59 -117 115 -85 -20 -84 -129 -145 27 68 -70 -121 95 82 150 144 -46 -50 65 -62 12 -134 129 -139 45 -121 131 -136 20 -143 133 -13 -84 88 -88 56 -70 -49 -9 -126 102 103 35 51 -64 -7 50 95 -1 105 98 -30 -96 92 -3 56 -131 -65 -115 -148 -59 -64 -99 106 -63 51 -68 -115 -18 -63 62 126 -27 -139 2 -46 -146 133 -111 -11 99 -130 -132 -10 ; 
34 25 31 64 74 71 91 91 71 68 33 77 91 62 34 12 10 66 74 36 75 98 9 24 98 4 82 43 100 84 18 35 49 70 90 50 48 25 71 37 32 58 33 32 68 43 3 26 94 82 12 96 9 90 31 69 72 10 70 67 32 57 23 50 57 26 3 97 17 98 45 14 2 24 71 98 85 21 17 5 66 41 51 5 83 89 27 50 52 30 37 41 75 37 90 22 27 55 74 51 19 91 27 88 44 68 29 94 32 71 95 99 98 51 79 11 21 57 46 45 86 75 73 79 50 65 4 32 81 15 30 75 82 23 90 91 27 90 38 23 41 99 98 15 16 70 37 96 49 99 78 46 35 92 13 21 34 93 1 63 40 44 28 77 50 25 60 85 97 80 13 98 11 61 32 13 31 41 25 69 97 52 29 73 96 92 74 5 96 41 61 31 60 36 41 89 35 78 74 84 34 ; 
L -130 100 -149 20 -122 -52 -116 -93 -98 90 139 -141 155 10 -44 26 136 -117 12 -100 116 132 -25 19 80 22 135 126 -132 83 -93 59 -84 88 -88 56 -70 -49 -9 -126 102 103 35 51 -59 -64 -99 106 -63 62 126 -27 -139 2 -46 -146 133 -11 99 -62 12 -134 129 -139 45 131 151 -136 -20 98 -30 -96 13 -45 149 -14 32 -35 -145 -126 2 -59 -119 31 -88 -143 -89 21 20 -143 133 18 115 68 148 115 -65 50 46 -144 -150 -82 -95 121 70 -68 -27 145 129 84 20 85 -115 117 13 -63 51 -7 50 95 -1 105 -59 -152 -90 76 131 92 -119 -41 -103 -57 -123 -138 -42 -114 -51 143 -153 139 -78 -70 -117 107 103 6 41 150 124 -18 80 -132 3 29 53 -147 119 27 -84 -113 104 -88 11 -126 -154 1 -126 -20 -90 -133 63 -67 -83 94 27 64 -111 -22 -133 -86 110 53 -26 56 67 -21 -47 127 -118 94 55 -64 92 -3 56 -131 -65 -130 -132 -10 ; 
14:54 10:40 13:49 26:102 30:118 29:113 37:145 37:145 29:113 28:108 14:52 31:123 39:155 15:59 7:27 9:33 34:136 40:156 29:113 10:38 1:3 6:22 16:64 13:51 29:113 38:152 40:158 40:156 21:81 32:126 5:17 9:33 24:96 40:158 32:124 19:73 14:56 37:147 6:20 9:33 14:54 38:148 1:1 26:100 26:104 17:65 10:40 28:110 22:84 30:118 2:8 39:153 17:65 25:97 13:49 24:96 15:57 12:46 14:56 37:147 11:43 36:144 16:60 10:36 17:65 67:265 12:48 2:4 6:24 8:28 34:136 39:155 20:78 40:156 7:27 39:155 2:4 11:41 23:91 20:80 10:36 23:91 13:51 27:107 28:112 4:12 13:51 24:92 13:51 28:112 15:59 33:131 39:153 30:116 6:20 6:20 37:147 36:144 10:36 33:131 30:120 12:48 6:24 33:129 13:51 2:6 26:104 20:80 32:126 30:116 30:120 35:137 18:72 19:73 19:73 60:240 21:83 12:48 12:44 31:123 20:80 10:40 35:137 22:86 24:94 30:118 22:88 11:43 9:35 36:144 15:59 30:116 15:59 12:48 21:83 20:80 11:43 36:142 22:86 13:49 2:8 21:81 17:65 28:108 13:51 28:108 18:68 2:4 11:41 38:150 33:131 5:19 39:153 4:14 36:144 13:49 28:110 29:115 16:62 29:113 10:40 20:76 20:80 36:144 36:140 16:62 20:78 14:56 8:28 34:134 40:160 18:68 33:131 2:6 40:156 10:38 4:14 40:156 30:120 15:57 30:118 27:105 4:16 5:19 14:52 8:30 37:145 11:43 36:140 18:70 28:108 12:46 52:208 6:20 40:156 5:17 25:97 7:27 30:118 34:134 14:54 ; 
L -81 33 -110 23 80 44 53 79 -145 -141 -54 94 124 68 28 -5 -114 -60 -61 18 51 111 -22 110 3 23 -11 125 -1 -74 147 119 -124 -28 105 120 -42 6 -66 66 74 93 62 -143 82 -114 -58 -18 -128 2 -80 -115 70 -145 32 -120 73 -119 -107 -103 -92 -134 134 -53 80 -77 -18 113 -85 35 150 -63 29 -101 82 -25 -74 127 -122 22 -74 126 95 -8 97 122 30 -61 -147 -91 -23 -93 -37 -133 -107 -49 -134 -19 59 146 -60 78 -41 -26 -107 -5 58 -20 18 -17 -103 -34 -57 -101 95 -73 89 132 3 -82 -147 105 -35 -122 -39 22 72 103 -64 12 -129 -107 93 16 19 40 -100 109 100 -83 -134 -140 -111 77 80 -63 -138 89 -14 36 49 -2 98 41 133 -114 -54 38 -119 61 -35 139 67 -43 -117 -28 -56 8 121 -67 108 -97 64 104 -106 128 16 -19 -108 67 112 130 -137 -127 68 -122 84 -120 -112 69 68 -107 -80 19 26 142 55 11 -92 -77 ; 
97 8 3 76 59 93 17 10 21 78 40 68 71 28 34 24 33 29 20 98 42 31 94 3 47 31 89 17 88 89 92 9 40 9 31 27 41 27 63 52 16 92 21 16 3 33 45 42 41 89 48 33 96 73 16 87 56 29 59 4 60 84 4 89 33 1 71 12 13 88 69 41 32 50 88 5 32 100 83 88 57 90 38 42 10 60 83 28 93 95 12 84 37 94 23 51 54 88 6 29 18 19 67 42 59 42 50 90 96 12 36 1 93 44 92 25 26 55 9 48 22 57 90 69 17 46 9 1 100 15 16 3 71 84 45 87 52 68 17 70 57 8 37 49 74 43 66 75 10 54 4 99 74 67 90 86 81 14 89 97 57 49 29 19 33 46 87 70 10 17 58 68 5 71 28 64 51 81 38 19 77 95 90 60 59 95 100 88 68 79 11 82 39 38 47 85 2 56 59 99 53 ; 
L -81 33 -110 23 80 44 53 79 -145 -141 19 26 -54 94 107 119 -73 120 -32 145 -70 115 80 -2 128 18 58 114 143 -62 -93 -74 2 -125 11 -23 -3 80 -63 -138 89 -14 36 49 -1 -74 147 119 -124 -28 105 120 -42 -66 -73 89 132 3 -82 -147 105 -35 -122 22 72 103 -64 12 -129 -107 93 151 -68 -69 112 120 -84 122 -68 127 137 -130 -112 -67 108 19 -16 -128 106 16 19 154 40 -100 109 100 -83 -134 -140 -61 -147 -91 -23 -93 -37 -133 -107 -49 155 -134 -19 59 146 -60 78 -26 -107 -5 58 -20 18 -17 -103 -34 -57 -101 95 -61 18 51 111 -22 110 -77 111 -152 -30 -122 -97 8 -66 60 114 5 22 -74 126 95 98 41 -114 -54 38 -119 61 -28 -68 -150 -35 85 -113 18 77 -80 53 -134 134 92 103 124 -63 29 -101 82 -25 -74 127 -122 -35 139 67 -43 -117 153 -28 -56 8 121 -67 108 -97 64 104 -107 -80 142 55 11 -92 -77 ; 
39:155 4:12 2:4 31:121 24:94 38:148 7:27 4:16 9:33 32:124 11:43 19:75 23:91 28:108 22:88 24:94 12:46 23:89 35:139 7:25 30:116 39:153 14:52 20:76 36:142 17:65 17:67 18:72 12:48 7:25 9:33 37:147 30:118 20:76 7:27 36:142 13:49 25:99 18:68 27:105 30:120 4:16 22:86 2:6 56:222 36:142 37:147 4:14 16:64 4:14 13:49 11:43 17:65 26:100 15:59 11:41 22:88 4:14 20:76 9:35 23:91 36:144 28:110 24:94 4:14 1:1 40:160 6:24 7:25 2:4 29:113 24:96 38:148 5:17 32:126 28:108 36:140 40:160 38:152 24:94 24:96 36:144 38:152 31:123 8:30 16:60 33:129 21:81 26:102 10:38 18:72 24:94 18:72 21:83 28:108 7:27 28:112 23:91 4:12 13:49 38:148 38:152 5:19 34:134 15:59 38:150 10:36 21:81 39:153 29:113 36:140 3:9 12:46 8:28 8:30 17:67 24:94 17:67 20:80 36:144 39:153 5:19 15:57 1:1 38:148 18:70 37:147 4:16 40:156 17:67 13:49 38:150 2:4 24:94 20:78 8:30 10:36 34:132 24:96 4:16 4:12 20:80 12:46 14:52 7:25 23:91 36:144 16:60 20:80 27:107 62:244 33:129 6:22 36:142 39:155 16:60 14:54 18:72 28:110 36:140 6:20 5:19 29:113 1:1 14:52 36:142 2:6 34:134 24:96 8:32 10:38 13:51 20:80 36:140 2:8 13:51 40:160 34:132 46:184 20:78 12:46 8:30 14:52 21:83 1:3 35:139 28:112 4:16 7:27 24:92 28:108 2:8 29:113 18:72 16:62 32:126 1:3 23:89 24:94 40:158 22:84 ; 
L 44 143 86 92 -21 -85 -28 94 -125 -125 -145 -141 -89 -109 19 27 75 150 139 17 -116 136 -128 123 -126 139 4 127 -149 63 -143 -21 101 145 -110 144 105 -117 -34 65 -131 15 -7 127 42 -26 5 -91 -24 -53 -14 20 -6 -76 78 130 -78 72 -149 128 66 125 -61 -86 131 -21 114 30 -46 -124 -105 22 -124 -73 147 -50 87 -115 23 -108 -106 -14 76 16 -84 -138 128 24 -10 -80 -70 72 139 48 139 -134 -131 -1 -70 -123 -41 47 -130 -10 41 -149 -75 67 24 27 -124 56 2 -130 -119 129 -100 77 92 49 -141 119 128 116 110 -1 52 94 4 -83 103 -67 -77 29 112 127 125 -39 112 -35 -94 68 -18 7 -138 60 -6 83 -135 -113 139 -90 -2 65 82 -145 -36 -56 25 90 71 128 -54 -45 117 12 -51 -128 -26 -52 68 122 130 139 74 -48 -17 -22 50 -136 -20 53 -71 -42 -130 44 -104 34 -131 -51 128 35 -73 -129 -92 -2 122 -138 -50 86 ; 
35 85 85 64 54 6 70 39 47 87 89 47 12 7 13 15 24 65 71 61 16 69 53 38 30 1 21 66 96 49 37 42 32 24 20 48 73 66 100 50 73 89 17 100 35 55 31 36 81 65 92 73 73 90 12 63 1 3 69 6 8 79 7 35 46 79 6 84 31 92 47 72 95 50 35 31 86 3 21 79 34 43 57 47 64 54 65 11 4 31 85 42 56 94 14 94 26 45 41 95 57 2 19 36 50 81 21 4 23 34 53 86 62 63 4 36 9 42 42 61 59 69 38 69 88 78 67 74 20 50 39 26 18 7 90 52 66 14 11 30 97 90 49 54 75 5 61 44 30 37 92 16 23 79 9 38 91 68 82 78 65 39 54 25 40 71 74 25 14 79 93 64 5 4 18 73 90 38 14 6 64 98 6 92 60 36 11 87 80 6 32 27 86 17 47 21 74 32 27 62 42 ; 
L 44 143 86 92 -21 -85 -28 94 -75 -19 109 89 141 145 125 125 150 139 17 -116 154 136 -128 123 -126 139 4 127 -149 63 -143 -21 101 145 -110 144 105 -117 -34 65 -131 15 -7 127 42 -24 -67 75 149 -41 10 130 -47 -152 41 -46 -105 22 -153 35 -112 39 -125 -127 -112 -29 77 67 -103 83 -4 -94 -52 1 -110 -116 -128 -119 141 -49 -92 -147 73 124 77 -50 87 -115 23 -108 -106 -14 76 16 -84 -138 24 -10 -80 -70 72 139 48 27 -124 56 2 -130 -119 129 -100 -94 68 -18 7 -138 60 -6 83 -35 -128 51 131 122 -138 -135 -113 139 -90 -2 65 82 -145 -36 -56 50 -136 -20 -71 -42 -130 44 -104 34 2 123 70 1 131 134 -139 -26 5 -91 -24 -53 -14 20 -6 -76 78 151 130 72 -149 128 66 125 -61 25 90 71 128 -54 -45 117 12 -51 139 74 -48 -17 -22 -86 -128 -26 -52 68 122 130 131 -21 114 30 92 129 73 -50 155 86 ; 
14:56 34:136 34:136 26:102 22:86 3:9 28:112 16:62 23:91 14:56 6:20 3:11 5:19 19:75 36:142 35:139 22:88 29:113 25:97 7:25 2:4 39:155 22:84 16:60 12:48 1:1 9:33 27:105 39:153 20:78 15:59 17:67 13:51 10:38 8:32 20:76 30:116 27:105 40:160 20:80 30:116 36:142 7:27 40:160 14:56 20:76 10:36 2:6 9:33 33:129 20:80 15:57 8:30 23:91 22:86 16:62 44:174 29:115 34:132 14:54 12:48 5:17 6:22 27:105 21:83 36:144 3:11 8:28 11:41 16:62 20:80 8:32 30:118 27:107 32:124 36:140 28:110 16:60 28:110 24:94 25:97 19:73 14:56 20:80 38:150 11:43 35:137 2:4 9:33 32:126 14:54 18:68 23:91 19:75 26:102 22:86 11:41 2:6 13:49 34:136 17:67 23:89 38:150 18:68 22:84 35:137 25:99 26:100 2:6 15:57 4:14 20:76 36:144 20:78 22:86 30:120 2:8 25:97 18:70 31:123 11:43 13:51 3:9 42:164 13:51 17:67 15:59 37:147 7:25 10:36 32:126 4:14 16:60 37:145 28:108 22:86 3:9 26:102 36:142 37:147 24:96 15:57 5:17 35:139 21:81 12:44 38:152 17:65 18:72 11:41 38:150 5:19 13:49 15:57 33:129 26:104 37:147 30:116 30:116 36:144 5:19 18:68 32:128 0:0 28:110 3:9 4:12 32:126 3:11 19:73 32:124 26:104 16:62 22:86 10:40 16:64 29:113 30:118 10:36 8:28 30:116 36:144 16:60 13:49 12:46 6:22 32:126 38:148 26:102 2:8 10:36 32:126 3:9 34:134 17:67 19:75 7:27 10:38 24:94 3:9 17:67 ; 
L -5 -63 9 -126 -94 -91 73 -132 -83 -127 91 38 -120 -111 -144 -15 -15 -10 -74 107 -61 -53 74 121 144 -106 82 80 -17 -65 -85 101 54 67 -127 11 -3 80 -44 147 22 133 -114 -114 -133 148 -83 -61 57 131 5 -20 39 -85 -19 -77 145 47 -137 19 60 41 -52 -21 -142 -1 -58 50 -102 18 103 -102 32 -35 -138 -136 23 34 -128 -30 103 78 89 -35 -127 -63 -101 137 -55 -150 35 -32 -147 -7 49 -6 -12 -100 84 63 -100 -112 -89 -102 -99 17 -118 1 -19 -4 -8 17 71 -8 -1 -80 39 -128 -140 -8 23 -126 58 -40 -19 -3 -118 19 103 75 -33 -83 -57 52 -38 26 72 -64 -37 135 44 105 -130 -66 74 -33 109 58 10 58 139 83 148 -121 144 146 -53 67 49 -113 -122 -41 -37 133 -61 78 -79 70 -93 -7 102 83 -52 103 -93 121 -86 112 18 92 48 -73 -85 56 -132 -3 65 25 -1 142 -115 4 -89 -33 -76 3 45 20 74 -59 ; 
62 18 6 86 37 55 4 74 7 29 92 56 63 9 44 60 77 2 1 42 36 96 9 91 86 15 31 83 23 9 5 53 25 63 15 55 38 48 40 58 54 4 2 69 48 18 93 86 11 32 76 97 5 80 98 35 5 21 97 68 7 57 64 47 96 73 50 34 73 71 92 72 45 51 14 57 29 24 89 43 79 100 70 7 95 94 13 81 60 40 34 17 11 26 75 29 9 62 39 28 22 62 89 16 51 60 57 84 100 97 99 7 4 69 63 90 90 55 84 61 38 70 82 3 82 69 57 59 12 1 84 23 88 77 8 36 100 45 89 45 46 73 95 16 46 30 75 8 78 49 61 32 23 59 52 73 72 27 20 64 29 68 10 18 14 94 2 56 82 55 11 92 77 95 48 75 100 48 94 36 51 15 33 78 53 69 18 36 19 33 26 9 3 61 47 75 71 66 80 39 47 ; 
L -5 -63 -89 -78 -103 30 128 -34 -23 136 138 35 -32 127 83 132 -73 91 94 126 -9 126 -23 8 140 128 -39 80 1 8 102 -103 -18 102 -153 -50 58 91 38 -120 -111 -144 -15 -15 -10 -74 107 -61 -53 74 121 144 -106 82 80 -17 -65 -85 101 54 67 -127 11 -3 80 -44 147 22 133 -114 -114 -133 148 -83 -61 131 152 5 -20 39 -85 -19 -77 145 47 -137 19 60 41 -52 -21 -142 -1 -71 -17 8 4 19 -1 118 100 -63 -84 100 12 6 -49 -121 -151 93 -103 52 -83 -102 93 -70 79 61 -133 37 41 122 113 -49 -67 53 -146 -144 121 -148 -83 -139 -58 -10 -58 -109 33 -74 -99 17 137 -55 -150 35 154 -32 -7 -86 -155 66 130 -105 -44 -135 37 64 -72 -26 38 -52 57 83 33 -75 -103 -19 118 3 19 40 -127 -63 -101 -112 -89 -102 85 73 -48 -92 -18 -112 -132 -3 65 25 -1 142 -89 -33 -76 -58 -35 3 -115 4 45 20 74 -59 ; 
25:99 8:28 9:33 28:112 40:160 32:126 18:68 36:142 10:38 12:46 23:91 6:22 21:81 42:164 12:46 3:11 30:118 2:6 22:88 15:59 35:137 10:36 28:112 16:60 25:97 34:134 22:88 36:144 36:144 26:100 10:38 29:115 37:147 29:113 30:116 10:40 14:54 16:62 23:89 26:100 4:14 18:70 24:96 31:123 1:3 1:1 17:67 15:57 39:153 4:14 37:145 35:137 6:24 13:49 34:132 10:36 4:14 2:8 22:84 10:40 26:100 6:24 22:88 16:60 20:76 16:64 24:92 22:86 2:6 1:3 28:110 20:76 8:28 38:148 35:137 10:36 32:128 3:11 39:155 2:8 32:128 40:156 14:56 2:8 9:33 39:155 28:108 3:11 23:91 26:102 19:75 39:153 30:116 36:144 2:6 3:11 40:158 39:155 40:160 34:134 26:104 9:35 12:44 16:62 25:99 4:14 12:46 12:48 38:150 18:72 20:76 38:152 31:123 37:147 22:84 33:131 23:89 17:67 6:22 8:28 4:16 28:108 12:46 26:102 8:32 11:43 29:115 30:116 21:83 24:94 10:36 13:51 25:97 20:78 32:124 4:12 30:120 12:48 40:160 24:96 26:100 24:96 16:64 14:54 30:120 22:88 7:27 58:232 24:96 14:56 7:25 38:152 30:116 19:73 18:72 36:142 18:72 40:160 15:57 4:12 31:123 36:140 10:36 34:134 1:1 5:19 24:94 23:91 28:110 33:131 21:81 38:150 6:20 29:115 36:142 7:25 20:76 14:52 6:24 21:81 15:57 38:150 18:70 28:110 8:28 15:57 8:30 14:52 5:19 25:97 19:75 26:102 21:81 24:92 9:33 4:14 27:107 27:105 32:128 16:62 19:75 ; 
L 128 144 78 -116 -4 -128 -88 -29 -70 -33 126 -27 -14 -122 -5 19 47 4 -122 56 84 -56 -43 134 22 -45 -70 46 61 75 2 105 34 -73 145 -114 34 -44 148 120 -134 -33 90 131 14 -124 -23 23 49 -92 89 -135 2 -77 -63 -77 74 32 -141 91 16 107 -14 -40 51 63 -116 -4 138 -42 33 89 -62 -44 40 80 109 -81 138 77 -38 61 128 -30 75 52 59 21 -34 -143 -42 -107 -64 -116 46 -77 -104 -43 -37 -88 88 -75 27 -18 -15 -63 43 -89 150 -77 -115 25 141 11 -7 -38 -69 -91 -100 -82 -53 -142 123 -57 -73 -71 -86 -44 80 -56 31 -149 83 96 61 140 -15 106 46 64 -19 -139 -15 -72 64 -40 -100 -150 87 149 105 -31 -132 84 94 -62 -96 -56 58 -7 -75 96 -70 -70 -68 -98 -8 91 27 86 -59 -106 -122 -150 -110 95 150 3 -133 149 2 106 13 7 -148 -85 -136 -102 -35 -18 119 -141 -121 -1 -60 -13 -63 21 12 78 ; 
29 65 100 67 49 6 93 5 34 47 61 99 6 32 23 22 50 51 66 94 76 19 26 60 55 6 86 39 61 23 28 52 46 55 25 96 73 34 41 96 62 13 55 74 7 35 17 1 78 100 71 75 87 73 96 72 42 70 71 21 23 12 51 27 97 47 97 66 18 23 27 87 100 21 100 26 57 81 93 45 34 29 60 30 22 7 51 63 8 87 86 27 50 92 15 6 11 23 66 95 72 71 38 68 1 20 38 18 55 15 69 18 5 3 43 99 8 58 47 26 19 43 41 4 13 93 48 7 67 72 86 88 14 14 88 3 46 26 89 98 45 23 81 87 19 26 46 41 49 25 37 58 95 91 97 40 39 37 20 29 83 7 73 12 61 19 6 54 19 65 100 86 97 24 33 22 45 77 80 59 53 40 72 32 22 12 90 35 49 8 99 5 2 14 75 23 22 81 46 16 55 ; 
L 128 72 -132 84 152 94 -62 -96 -56 58 -7 -75 96 -70 -70 150 3 -133 149 2 106 13 7 -148 -136 -141 -1 -60 -13 -63 21 69 38 7 -11 -141 -25 115 77 -150 -151 -119 18 35 102 155 -106 -122 -150 -110 95 153 83 96 61 140 -15 106 46 64 -141 91 16 107 -14 -40 51 63 -116 -4 138 -42 33 89 -44 40 80 109 -81 138 77 -38 61 128 -30 52 59 21 -143 -42 -107 -64 -116 46 -77 -104 -43 -37 -88 88 -75 27 -18 -15 -63 43 -89 59 -86 -27 -91 8 98 68 149 -31 56 -80 44 86 71 73 57 -32 -74 77 63 77 -2 14 27 -126 33 70 29 135 84 -56 -43 134 22 -45 -70 46 61 75 2 105 34 -73 145 -114 34 -44 148 120 -134 -33 154 90 131 14 -124 -23 23 49 -92 89 -56 122 -47 -19 5 122 88 128 4 -75 116 -78 -144 64 -40 -100 -150 87 149 105 -31 15 139 19 -123 142 53 82 100 91 12 78 ; 
12:46 27:107 52:208 37:145 11:43 34:136 16:64 16:62 15:59 8:32 12:46 34:132 3:11 30:116 5:19 12:44 31:123 32:128 24:94 22:84 16:64 29:115 13:51 9:35 13:49 12:48 4:14 30:120 10:36 9:35 33:129 13:51 4:12 40:158 18:68 2:4 2:8 8:28 28:110 6:24 1:1 11:43 40:158 4:12 20:78 6:22 27:107 39:155 10:38 14:52 9:35 13:49 8:30 6:22 36:140 2:4 19:73 11:41 36:142 40:156 20:78 9:33 10:36 5:19 21:81 11:43 39:155 19:75 39:155 27:105 8:28 10:36 11:43 35:139 47:185 40:160 11:41 23:91 33:129 38:148 18:72 14:54 12:46 24:96 12:48 8:28 21:81 26:100 8:30 35:137 11:43 20:80 37:147 6:24 3:9 5:17 10:36 27:105 38:152 29:115 29:113 16:60 28:108 1:1 8:32 16:60 8:28 40:160 40:160 26:104 8:30 22:86 3:9 8:30 42:164 36:140 35:137 29:115 27:107 3:11 20:76 38:148 6:20 25:97 28:112 17:67 29:115 39:153 30:116 34:134 3:9 40:158 25:97 19:75 14:54 11:43 22:88 8:30 11:41 24:96 22:88 3:9 35:137 16:62 25:97 10:36 12:44 21:83 19:73 22:88 10:40 39:153 30:116 14:54 17:65 39:153 25:99 6:20 20:80 31:123 30:118 3:11 14:56 7:27 1:1 32:124 40:160 29:113 39:153 38:150 37:147 20:80 9:35 10:36 6:20 38:148 3:9 5:19 20:76 27:107 40:160 7:27 11:41 19:73 17:65 20:78 10:40 15:59 24:92 21:83 33:129 10:36 4:16 17:65 18:68 8:30 11:41 19:75 29:115 7:25 22:88 ; 
L -13 -70 3 -66 -79 18 96 73 -79 -102 -51 117 -63 90 -29 -66 129 -136 30 -128 129 -136 -8 28 61 -68 35 98 27 113 64 -64 -140 96 -51 -35 107 130 -12 8 -5 106 -43 -56 125 -60 -18 -142 -129 134 106 -94 -17 -110 50 93 30 -2 -134 84 73 -142 -120 -134 72 -119 -63 -37 63 149 41 58 109 -5 -73 -38 29 -133 -138 121 12 146 121 144 60 43 -77 51 114 113 -49 -24 -112 78 22 -78 -42 -28 60 107 41 56 -146 148 76 -133 -33 15 -108 -74 30 -83 -76 -52 -80 -24 -16 80 83 -83 147 79 -90 73 -77 -127 52 88 63 -58 -136 -77 -100 -93 -110 -139 -27 -37 -130 38 27 47 106 -75 1 -77 -122 -13 -63 -62 148 -146 107 -49 8 16 -24 -99 51 91 27 109 137 30 142 -106 -53 -147 -149 124 128 -145 -86 -55 125 37 62 -149 -18 47 -5 86 112 24 61 -142 60 -73 -150 -35 61 -69 54 -104 -86 69 134 146 -35 -117 ; 
78 87 61 56 20 31 45 66 74 16 85 31 32 53 56 57 86 69 31 63 47 61 7 73 15 24 43 88 59 88 46 67 19 14 36 3 41 9 13 91 48 83 9 42 58 35 16 71 69 4 38 15 70 78 75 19 47 64 81 26 39 14 72 18 69 14 55 43 87 54 55 79 7 66 62 85 98 19 26 96 81 88 82 43 30 90 59 47 92 65 24 58 28 28 20 16 77 95 76 100 48 80 77 79 88 51 2 81 36 11 93 63 60 37 11 2 80 25 67 96 80 64 96 35 89 20 58 75 40 98 56 15 100 30 38 83 2 58 27 51 58 31 47 23 96 91 91 79 29 17 27 5 76 91 36 43 91 18 21 6 22 20 90 41 29 18 12 30 10 19 74 35 94 76 88 40 92 45 18 23 20 36 99 72 66 21 20 34 36 11 74 93 36 82 6 35 86 75 87 66 32 ; 
L -13 -70 3 -66 -79 18 96 73 -79 -102 -51 73 -142 -120 -134 72 -119 -63 -37 63 149 41 58 -107 35 -94 -17 -110 50 93 30 -2 151 -134 84 -149 128 -145 -86 -55 125 27 109 137 30 142 37 62 122 77 75 -106 -47 -27 -38 130 37 27 139 110 93 100 77 136 58 -63 -88 -52 -29 155 -66 129 -136 30 -128 129 -136 -8 28 152 61 -68 35 98 27 113 64 -64 -140 130 -12 8 -5 106 -43 -56 125 -60 -61 -24 -112 -86 -18 -142 -79 -147 -83 -80 -52 -80 -24 -16 76 83 -30 74 108 -15 33 133 -76 -148 146 -56 -41 -107 -60 28 42 78 -78 104 112 24 49 -113 -114 -51 77 -43 -60 -144 -121 -146 -12 -121 138 133 -29 38 73 5 -109 96 154 -51 -106 -134 129 -90 73 -77 -127 -90 63 -117 147 53 106 -91 -51 99 24 -16 -8 49 -107 146 -148 62 63 13 153 -149 -18 47 -5 -142 60 -73 -150 -35 61 -69 54 -86 134 146 -35 -117 ; 
32:124 35:139 25:97 23:89 8:32 13:49 18:72 27:105 30:118 7:25 34:136 5:19 6:22 29:115 8:28 28:110 6:22 22:88 18:68 35:139 22:86 22:88 32:126 4:12 17:65 0:0 28:112 32:124 30:120 8:30 19:75 26:102 34:136 4:12 11:41 14:52 5:19 14:56 38:150 31:121 36:140 10:36 8:32 36:144 17:65 12:46 14:52 37:147 23:89 37:145 32:124 10:36 19:75 13:49 24:92 21:81 11:43 24:92 1:3 34:132 16:60 12:48 40:160 6:24 23:89 40:156 16:64 30:120 22:84 23:91 16:62 35:137 28:110 13:49 26:100 19:75 25:97 3:11 30:116 40:160 28:112 10:38 18:68 36:140 24:94 36:140 19:73 27:107 8:30 3:11 6:20 37:145 20:76 34:132 4:14 17:67 24:92 14:56 6:22 27:105 29:115 40:158 14:56 29:113 49:193 26:102 5:17 27:107 12:48 5:17 1:3 32:128 13:51 24:96 26:100 38:148 5:17 15:57 33:129 1:3 21:81 36:140 32:126 31:123 32:128 20:76 40:160 31:121 38:152 31:123 1:3 11:43 8:32 12:44 24:92 10:38 26:104 37:147 19:75 24:94 36:144 12:48 18:68 33:131 36:140 33:129 39:153 11:41 8:30 40:156 34:136 25:99 27:105 6:24 6:24 13:51 8:28 16:60 2:6 18:70 14:56 36:142 8:32 25:97 22:84 13:51 14:56 12:48 5:19 10:38 3:9 9:33 8:28 37:145 18:68 15:57 37:145 31:121 2:8 11:43 7:27 12:46 34:136 5:19 8:28 10:36 8:32 10:38 8:32 14:54 15:57 5:17 30:118 38:148 15:57 28:110 2:4 30:120 35:139 27:105 13:51 ; 
L 15 136 -59 23 -121 -104 -32 70 148 90 33 74 -74 94 106 130 133 55 -29 81 -14 106 -11 -106 105 -46 41 -114 101 71 -43 95 -67 -29 -42 -65 -66 -120 131 -105 71 96 -5 143 -15 -139 18 -121 93 143 -15 9 -82 46 105 147 -76 -10 82 -18 81 -48 128 44 -131 -34 -85 24 -68 83 22 -119 -110 -122 40 -92 -89 1 -118 -146 -76 -85 -142 -87 137 -125 47 9 116 -83 23 -56 113 5 145 112 1 96 -126 -12 91 -64 93 53 -67 -132 140 25 122 26 -122 65 93 143 -55 -148 -144 -103 75 -93 -132 14 -118 -71 85 -28 15 52 -12 -102 -44 73 -53 99 -118 13 58 -129 70 115 -140 118 -1 21 -80 45 107 -150 -41 97 81 -1 -118 -14 -92 -60 -64 25 133 -97 25 -9 10 -32 80 -45 21 -85 -76 125 83 100 50 -61 -50 -146 101 69 91 73 99 -77 -44 -62 58 -104 -98 -143 -40 90 -84 61 -42 27 -84 80 -87 145 -9 -125 ; 
7 8 50 65 56 13 42 50 48 35 70 84 84 55 92 39 50 26 12 36 81 90 33 84 71 97 90 44 48 71 96 61 69 82 86 50 37 69 87 50 13 13 34 85 44 10 84 17 67 18 75 80 13 5 76 75 96 38 26 18 76 57 68 27 91 2 3 13 87 29 8 82 45 40 97 90 89 31 55 53 44 15 72 25 49 53 62 96 20 95 11 15 10 74 68 75 84 36 22 33 1 65 56 37 99 19 43 24 86 47 64 2 21 25 37 42 7 61 58 47 85 16 66 70 56 85 40 57 46 8 49 75 100 30 54 36 89 99 13 82 48 97 55 35 23 63 55 44 67 4 57 60 57 81 6 39 71 58 32 22 91 63 69 7 40 33 24 82 63 87 86 41 70 83 66 42 43 12 85 19 48 98 73 7 13 36 64 59 2 72 96 80 90 50 35 66 23 54 69 53 37 ; 
L 15 136 -59 23 -104 -32 70 148 90 33 74 -74 94 106 130 133 55 -29 -105 -46 82 -9 15 -143 -93 121 -18 139 15 -143 5 -96 105 -131 120 -73 44 102 12 -52 -15 28 -85 71 118 -14 -152 132 93 -75 103 144 148 55 -143 -93 -65 122 -26 -122 -25 -140 132 67 -53 -93 46 -105 106 11 -106 14 -81 147 -76 -10 82 -18 81 -48 128 24 -68 83 22 -110 151 64 -91 12 126 -96 -1 -112 -145 -5 -113 56 -23 83 -101 114 -41 44 -131 -34 -85 -122 40 -92 -89 1 -118 -146 -76 -85 -142 -87 137 -125 47 9 116 71 -14 69 91 73 99 -77 -44 -62 -76 125 83 100 50 58 -104 153 -98 -143 -40 90 -84 61 -42 27 -84 80 53 66 65 42 29 67 -95 43 58 -129 155 70 115 -140 118 -1 21 154 -80 45 107 -150 -41 118 1 -81 -97 118 -101 146 50 61 85 -21 45 -80 32 -10 9 -25 97 -133 -25 64 60 92 -99 -87 145 -125 ; 
3:11 4:12 20:80 26:104 18:68 17:67 20:80 20:76 14:56 28:112 34:134 34:134 22:88 37:147 16:62 20:80 11:41 5:19 12:44 31:121 2:8 6:20 32:128 30:120 8:28 27:107 7:27 34:134 4:16 18:70 34:136 14:54 4:14 20:80 35:139 40:160 30:120 20:78 4:12 19:73 23:91 16:64 34:136 23:89 28:112 27:105 27:107 7:25 34:136 19:75 24:92 25:97 3:11 17:67 15:59 10:40 9:33 1:3 26:102 19:75 35:137 10:38 18:68 8:30 40:158 15:59 36:142 39:155 29:113 34:134 14:52 36:144 33:129 34:132 39:153 16:60 11:41 8:28 31:121 23:91 28:108 29:115 35:139 12:46 4:12 1:3 14:54 2:6 26:104 1:1 14:52 9:35 15:57 34:134 30:120 28:108 30:118 4:16 6:24 5:17 28:108 20:76 18:70 28:108 37:145 1:3 2:4 8:28 39:155 36:144 36:142 13:49 22:88 22:84 18:70 6:24 29:115 10:40 20:78 22:84 25:99 39:153 8:32 40:156 26:104 5:17 34:136 8:30 20:76 40:156 30:116 3:11 24:94 35:139 35:137 17:65 28:112 10:36 15:57 30:118 36:142 24:94 1:3 29:115 39:153 32:128 36:144 20:80 14:56 27:105 15:57 28:110 15:59 20:80 35:137 33:131 28:110 25:97 67:267 40:158 27:107 22:84 33:131 20:76 39:155 22:88 14:56 6:20 6:22 26:100 22:88 18:70 27:107 23:91 23:91 24:96 23:91 6:20 9:35 18:68 17:67 27:105 31:123 33:131 10:38 14:52 16:64 3:11 28:110 26:100 37:145 9:35 13:51 24:92 29:113 16:62 16:62 7:27 22:86 34:132 15:59 ; 
L 33 139 -76 79 -74 45 112 115 -8 105 -11 -108 13 -141 -116 -84 149 62 90 -68 -73 45 102 141 -88 -3 46 71 -147 141 -69 -11 -26 -83 -129 119 -27 -25 -101 103 -66 5 -7 -110 -44 -76 -43 -141 -18 104 2 22 -138 6 -32 10 113 8 67 -23 -104 50 123 148 -95 -3 -139 -112 -90 79 -124 -100 145 138 32 -118 39 130 -59 54 -124 9 -93 125 -3 116 133 65 121 -144 -77 77 40 -115 78 -67 -149 107 -115 83 -74 -114 -103 -101 22 -3 133 18 -131 97 -52 110 -34 -133 101 -97 -93 50 -129 53 72 -31 -66 -83 -20 138 -96 -54 -114 -15 114 29 -75 133 76 -46 83 -112 119 95 11 -71 -131 -58 -22 38 88 -92 137 107 -100 49 34 -12 -14 -19 85 -76 62 8 -32 60 81 -64 -46 -116 42 -128 -98 -35 -44 149 -147 -88 1 -65 69 -29 -46 36 -58 -147 85 -85 113 -75 -128 86 65 137 -101 -7 -51 148 139 -54 -68 143 -150 147 ; 
4 98 14 35 63 63 43 40 38 78 54 9 32 36 34 93 33 43 10 56 2 62 73 76 61 72 22 14 71 73 23 99 50 71 40 79 47 96 14 30 41 3 35 70 31 61 9 33 33 35 54 60 37 52 64 59 44 7 48 76 75 27 57 3 19 42 96 37 11 31 6 66 61 2 27 27 71 82 18 25 60 46 44 52 93 32 19 21 27 2 70 62 73 19 73 20 92 48 99 12 30 63 99 16 99 85 23 3 80 4 45 91 44 78 31 29 56 94 81 76 91 76 50 1 4 18 83 42 24 100 65 12 100 56 87 97 32 35 10 81 28 78 91 59 22 76 29 54 59 69 1 29 73 65 1 24 1 8 15 30 52 59 79 80 99 46 98 24 95 98 36 49 5 62 22 65 4 51 37 60 75 100 13 70 97 1 66 94 18 22 55 74 81 98 34 1 73 76 21 85 32 ; 
L 33 139 152 -76 79 -74 45 112 115 -8 105 -11 -108 13 -141 -116 -84 149 62 90 -68 -73 45 102 141 -88 -3 46 71 -147 141 -69 -11 -26 -83 -129 119 -27 -25 -101 103 -66 5 -7 -110 -44 -76 -43 -141 -18 104 2 22 -138 6 -32 143 10 113 8 67 -23 -104 50 123 148 -95 125 -3 116 133 65 121 -144 -77 77 40 -115 78 -67 -149 107 -115 83 -74 -114 -103 22 -3 133 18 -131 97 14 12 -34 -49 100 -11 -95 -119 112 -83 46 -76 -3 -139 -112 -90 79 -124 -100 145 138 32 -118 -107 -137 92 -88 -38 22 58 131 71 147 58 46 29 -69 153 54 -124 9 -93 39 130 -59 155 -154 65 -19 85 -76 62 8 -32 60 81 -64 -116 42 -128 -98 -35 -44 149 -147 15 114 54 96 -138 20 83 66 31 -151 -72 -53 129 -50 93 97 -101 133 34 -110 52 88 114 29 -75 133 85 -85 -75 -139 -148 51 7 101 -137 -65 -86 128 -54 -68 -150 147 ; 
2:6 40:156 6:24 20:78 14:56 26:100 26:100 18:68 16:64 16:60 32:124 22:86 4:14 13:51 15:57 14:54 38:148 14:52 18:68 4:16 23:89 1:3 25:99 30:116 31:121 25:97 29:115 9:35 6:22 29:113 30:116 10:36 40:158 20:80 29:113 16:64 32:126 19:75 39:153 6:22 12:48 17:65 2:4 14:56 28:112 13:49 25:97 4:14 14:52 14:52 14:56 22:86 24:96 15:59 21:83 26:102 27:107 4:12 18:70 3:11 20:76 31:121 30:120 11:43 23:91 2:4 8:30 20:80 38:148 13:51 8:30 9:33 11:43 1:3 28:112 25:99 30:116 8:30 30:116 8:32 37:147 20:76 40:158 5:19 12:48 26:100 40:158 22:84 34:136 10:36 2:4 32:128 2:6 18:72 1:1 26:104 30:116 12:46 6:24 12:44 33:129 4:16 14:56 13:51 39:155 35:137 39:153 15:59 5:17 13:49 3:9 27:105 25:97 1:3 11:43 11:43 29:113 28:110 24:94 22:86 12:46 31:121 9:35 24:94 37:145 27:105 40:160 41:163 15:59 21:81 8:32 32:126 24:96 19:73 18:70 4:16 33:131 8:28 40:160 11:43 19:75 15:59 1:1 4:12 6:24 12:48 21:83 24:94 32:126 32:128 18:72 40:156 10:38 38:152 40:156 15:57 20:78 2:8 12:46 40:160 10:38 17:67 34:132 8:28 2:6 1:1 20:80 36:140 16:64 37:145 31:121 33:129 38:150 23:89 12:46 13:49 32:124 18:70 37:145 12:46 40:156 5:19 40:160 23:89 19:73 28:112 8:28 14:56 14:54 40:156 33:129 30:118 22:88 9:35 8:28 38:150 13:51 54:212 9:33 34:136 13:51 ; 
L -100 58 11 -122 18 -104 22 -146 78 -124 79 21 -61 -66 -107 -5 -2 -130 -149 -81 -133 -80 -71 -139 -25 -83 101 -2 90 48 53 68 -15 113 9 -121 -138 -146 -101 126 -108 -32 -17 135 2 -18 52 85 -51 93 -27 134 -29 -104 -14 -144 24 114 -112 56 -135 105 -107 34 137 -139 -2 48 -120 -27 117 -133 -15 -97 -16 43 -72 143 34 114 70 -71 30 -23 12 -25 -149 16 38 59 -42 -67 121 -52 -128 -27 -50 -78 132 -106 -31 123 15 119 -40 45 44 -67 124 69 144 73 22 -32 -72 -117 139 105 -63 -70 -63 108 -139 108 -122 -89 -83 -104 57 -89 63 -83 -85 -138 115 -144 -13 -37 5 56 -8 149 -98 -111 21 -146 -77 -46 -91 -27 -112 112 55 -77 82 41 -29 -44 -16 -112 -79 -79 -127 -95 -132 -107 68 84 -113 -74 14 -52 84 -108 -10 103 110 -23 39 -25 -129 58 -145 -56 -77 -29 90 -113 -140 -49 -77 13 57 96 -43 -103 8 16 141 124 ; 
84 61 77 55 66 86 77 70 85 53 85 9 59 50 51 26 32 46 54 11 56 90 41 76 30 40 7 75 76 51 28 35 41 24 63 18 39 16 97 11 73 38 63 14 46 60 95 86 46 88 92 18 40 66 4 52 46 18 97 78 60 77 50 47 5 20 99 48 86 22 9 69 92 82 72 34 7 49 26 40 15 48 70 36 29 49 47 80 63 79 28 30 37 68 64 15 92 50 56 53 59 74 46 23 31 50 19 89 89 78 66 48 67 81 87 63 67 86 64 76 50 58 20 58 22 85 34 74 12 88 64 59 88 10 87 19 56 61 66 39 91 50 67 53 21 98 77 30 66 96 35 46 58 71 82 41 73 65 80 88 24 43 55 1 72 34 61 5 72 96 24 33 74 67 82 41 50 21 91 20 55 25 58 74 17 16 89 65 95 28 73 23 27 5 44 45 6 17 48 41 28 ; 
L -100 58 11 -122 18 -104 22 -146 78 -124 79 21 -61 -107 -5 -2 -130 -149 -81 -133 -80 -71 -139 -25 27 128 52 -121 67 42 -59 -38 -16 149 25 -12 69 144 73 22 -32 -72 -117 139 105 151 -63 -70 -63 108 -139 108 -122 -89 -83 -104 -83 101 -2 90 48 53 68 -15 113 9 -121 -138 -146 -101 126 -108 -17 135 2 -18 52 85 -51 93 -27 134 -110 43 -153 -74 8 107 132 95 127 79 79 112 16 44 77 49 140 -90 29 14 -52 84 -108 -10 103 77 145 -58 129 29 -41 -82 77 -55 -112 112 27 91 46 77 146 -21 111 98 -149 8 -56 -5 37 13 144 -152 -115 138 85 83 -63 89 -57 -50 -78 132 -106 -31 112 -114 -24 144 14 104 29 -23 123 15 119 -40 45 44 150 -67 124 23 -30 71 -70 -154 -114 -34 -143 72 -43 16 97 15 133 -16 68 -117 27 120 -48 2 139 -137 -34 107 -105 135 -56 39 -25 13 57 96 113 -84 141 124 ; 
34:134 25:97 31:123 22:88 27:105 35:137 31:123 28:112 34:136 22:84 34:136 4:14 24:94 40:158 11:41 13:51 19:73 22:86 5:17 23:89 36:144 17:65 31:121 12:48 20:78 6:24 26:102 28:108 15:59 12:48 12:44 32:126 26:100 32:128 19:75 20:78 30:116 27:105 20:76 27:107 33:129 35:139 26:100 27:107 35:137 13:51 25:97 31:121 20:80 24:92 8:32 24:92 9:35 34:136 14:54 30:118 1:3 3:11 30:120 31:121 21:81 12:44 14:56 17:65 10:38 26:100 8:28 16:62 7:25 39:155 5:17 30:116 2:4 6:22 19:73 24:96 38:152 35:137 19:73 36:140 37:147 8:28 4:14 17:67 3:9 36:140 10:38 23:91 14:54 29:115 1:1 22:88 18:68 10:38 36:140 32:128 32:126 30:116 12:44 38:150 36:142 9:35 14:52 30:118 27:107 33:131 17:65 7:25 15:57 24:92 10:40 11:43 30:116 17:65 33:131 29:113 24:92 19:73 14:56 39:153 27:105 12:48 31:123 40:156 9:33 22:84 27:107 20:80 37:145 16:62 27:105 25:97 23:89 7:25 12:48 35:139 4:16 36:140 24:94 26:102 36:140 38:148 20:80 23:89 22:84 24:94 49:195 39:155 8:28 19:73 21:83 2:6 27:105 21:83 15:57 19:73 10:36 13:49 20:80 8:30 35:139 6:22 36:142 14:54 15:57 28:112 20:76 5:19 28:112 16:64 11:41 20:78 3:11 14:54 29:115 33:131 37:147 24:92 9:33 8:32 4:14 9:35 35:137 20:76 40:158 8:32 2:8 19:75 20:80 31:123 24:96 34:136 8:32 15:59 11:43 2:8 20:78 29:115 18:70 17:65 12:44 ; 
L 117 -140 -15 -132 -11 111 139 115 -67 122 -55 -32 -54 88 -11 -66 -90 63 28 -46 -66 148 52 6 -66 -85 -62 32 144 -10 11 -58 56 41 -73 95 -16 -67 12 2 23 46 -53 -117 -100 -46 -97 -1 -143 9 -8 -127 -20 73 -75 142 18 -4 -54 -64 110 55 -59 -120 -136 60 36 100 36 6 -80 -61 58 96 -117 39 -94 -140 -101 -16 46 -141 -110 -39 -50 -136 -27 -32 -62 -64 -4 88 -108 -114 87 -107 61 -99 -149 33 -53 85 19 102 -138 27 103 56 56 -70 -96 -145 -84 -83 6 -58 114 117 -102 43 101 12 -58 -41 78 -123 -82 -56 144 68 -98 106 3 -114 129 -14 119 141 27 14 -109 68 126 101 84 81 85 51 -130 -36 60 36 131 15 -10 -74 -90 -48 -47 123 60 27 68 -93 97 -141 107 -62 -143 -100 62 147 -146 -143 36 69 -17 -113 5 140 -110 65 -147 -24 -115 -21 129 -145 63 116 -137 112 34 -14 -112 20 35 -100 -10 -44 ; 
20 71 45 3 71 49 13 92 31 38 29 16 15 19 45 19 95 53 15 71 23 42 29 85 97 65 20 56 20 77 73 81 10 45 10 31 34 6 98 45 37 57 85 48 62 60 43 63 71 54 80 30 1 75 80 64 23 54 71 20 71 5 1 18 74 25 1 16 99 67 19 18 55 65 99 55 40 2 37 49 79 20 86 44 78 16 14 22 28 97 5 11 77 53 26 98 3 26 24 65 59 82 49 37 6 55 82 47 26 57 17 61 23 64 49 22 73 69 52 35 22 9 48 28 77 96 15 90 2 22 72 6 100 41 41 68 72 87 75 37 70 12 55 39 29 22 22 95 96 71 70 99 31 100 42 33 74 38 99 33 21 16 100 83 92 77 57 85 32 17 6 59 90 55 58 68 97 67 89 93 29 80 79 25 51 43 46 90 95 8 95 87 34 10 25 83 42 34 10 57 53 ; 
L 117 -140 -15 -132 -11 111 139 115 -67 122 -55 143 -32 -54 88 -11 -66 -90 28 -46 -66 153 148 52 6 -66 -62 32 144 -10 11 -58 56 -110 64 54 -18 -142 75 20 127 8 -152 -9 143 1 97 46 100 117 53 -46 -23 -2 -12 67 16 -95 73 55 -59 -149 33 -53 85 19 102 154 -138 27 103 56 56 -70 -96 -145 -58 61 80 -6 -36 -100 -36 -74 150 -90 -48 -47 123 60 27 68 -93 -60 136 120 99 -61 107 -87 114 108 -88 -147 -24 96 -117 39 -94 -140 -101 -16 46 -141 -110 -39 -50 -136 -27 -32 -62 -64 -4 -143 -68 -144 56 82 123 -78 41 58 -12 -101 -43 -151 102 -117 -114 58 -6 83 84 -115 -21 129 -145 63 116 -137 112 34 -14 -112 20 -65 110 -140 -5 113 17 -69 -36 146 -147 131 15 -10 97 -141 107 -62 100 -98 106 3 -114 -85 -81 -84 -101 -126 -68 109 -14 -27 -141 -119 14 -129 51 -130 -36 60 36 -62 35 -100 -10 -44 ; 
8:32 29:113 18:72 2:4 29:113 20:78 6:20 37:147 13:49 16:60 12:46 21:83 17:65 6:24 8:30 18:72 8:30 38:152 28:108 29:113 10:36 22:88 6:22 12:46 34:136 39:155 27:107 23:89 8:32 31:123 30:116 33:129 4:16 4:16 29:113 8:32 34:132 10:36 26:102 20:80 1:1 12:48 32:124 24:94 22:86 29:113 26:100 18:68 24:96 25:99 20:76 34:136 23:91 15:59 18:72 40:156 3:9 14:54 13:49 5:17 1:1 4:16 26:104 24:94 33:131 20:78 15:59 17:65 16:60 22:88 33:131 19:75 11:41 23:91 7:27 25:97 16:60 22:88 8:28 8:30 27:107 40:158 7:25 10:40 12:44 37:145 16:60 40:158 14:52 9:33 7:25 40:160 34:132 8:32 10:40 30:118 13:51 11:41 2:4 40:156 11:41 22:84 31:123 11:41 10:40 38:152 40:158 22:88 16:64 1:3 15:59 20:78 32:126 8:32 35:137 18:70 32:124 7:25 6:22 9:35 12:44 39:155 2:8 10:38 33:131 9:35 1:3 36:144 6:24 39:153 31:123 12:44 20:76 4:14 9:35 16:64 34:136 21:83 28:110 30:116 9:35 20:78 26:102 3:9 18:68 19:73 36:144 38:152 4:12 38:152 35:139 14:54 4:16 10:40 34:132 24:94 32:128 12:46 38:148 36:142 27:107 39:155 28:108 15:57 36:144 16:60 40:160 17:67 33:129 31:123 23:91 24:94 3:9 3:11 3:9 40:160 17:65 20:78 9:35 9:35 12:46 16:62 22:88 5:19 28:112 15:59 30:120 35:139 29:115 28:108 35:139 39:153 29:113 28:112 40:158 32:124 22:88 14:54 4:16 23:91 22:84 ; 
L 115 129 -41 42 54 77 124 -96 53 102 94 -33 -76 -104 49 -132 125 42 -7 -30 70 20 -90 -51 -88 75 -93 118 84 126 28 -119 -11 -132 74 54 -60 72 -48 55 66 -8 40 -86 -11 -50 -111 23 120 111 -5 38 -44 55 55 22 50 -34 33 -143 90 -122 77 -92 144 81 101 40 -8 32 20 145 24 -94 -12 -92 107 -61 130 99 -102 137 28 -94 15 -109 -19 23 64 -19 43 -92 -118 -132 -4 -139 -51 -103 54 141 106 -75 125 74 -65 96 -7 148 -71 -142 -97 74 97 -70 -124 88 78 128 92 -114 -5 -28 42 79 -146 -110 95 44 -116 -29 -13 37 12 28 56 -100 -52 -52 -36 -22 3 76 82 -120 -20 60 64 80 -48 2 120 113 -137 -69 -114 -61 113 84 42 75 -77 -34 -105 -9 -54 38 93 2 -46 -8 -22 -84 122 -130 -69 -107 125 -92 2 -31 16 -72 -40 102 -67 107 117 -67 -10 -147 31 14 25 33 -119 -81 -145 50 -17 -4 ; 
88 89 5 41 16 20 18 91 14 94 95 80 43 44 44 43 88 55 84 56 4 79 88 90 58 24 20 52 57 65 53 1 61 90 93 32 51 11 39 95 8 85 43 89 17 60 76 17 93 74 70 75 62 67 52 70 1 9 45 67 21 98 69 88 9 38 16 37 32 84 8 48 57 86 86 26 36 45 64 33 82 84 21 69 65 18 85 60 31 4 25 96 65 90 18 64 22 60 42 88 38 96 16 46 31 34 86 16 59 20 17 60 80 75 65 9 13 53 32 25 96 3 24 50 28 90 42 100 16 58 40 85 100 73 30 34 20 79 54 43 42 15 100 99 86 70 12 57 57 61 13 16 5 17 98 4 3 53 92 81 75 3 74 98 42 89 37 29 69 72 83 45 30 64 54 5 60 67 85 61 19 73 89 93 26 88 74 25 25 72 96 63 20 79 27 89 23 61 8 15 61 ; 
L 115 129 -41 42 54 77 124 -96 53 102 94 -33 -143 90 77 -92 -8 32 -76 -104 49 -132 125 42 -7 -30 70 20 -90 -51 -88 75 -145 50 74 97 -70 -124 78 128 92 -114 -69 -114 -61 113 84 42 75 -77 -34 -105 -9 -54 38 93 2 -46 -8 -22 -84 122 -130 -69 -107 125 -92 2 -31 7 -96 65 -74 -125 75 -106 -141 -54 103 51 139 4 132 42 79 -146 150 -110 95 44 -116 -29 -13 37 12 56 -100 -52 -36 -22 3 76 82 -120 16 -72 -40 102 -67 107 144 81 -94 15 -109 -19 23 64 -19 43 -92 -118 28 5 -50 -22 -55 -55 44 -152 -38 5 -111 -120 -23 111 50 11 -149 86 -40 8 -66 -55 48 -72 60 -33 -25 -14 -31 147 10 67 -117 -151 -40 -101 -28 -137 102 -99 -130 61 -107 12 94 -24 -145 -20 -33 34 -153 137 -113 -54 -74 132 11 119 -28 -126 -84 -118 93 81 97 142 71 -148 -20 60 64 80 -48 2 120 -119 -17 -4 ; 
36:140 36:142 2:8 17:65 7:25 8:32 8:28 37:145 6:22 38:150 38:152 32:128 39:153 9:33 65:257 36:140 8:28 34:134 6:24 18:70 18:70 18:68 36:140 22:88 34:134 23:89 2:6 32:126 36:140 36:144 24:92 10:38 6:22 25:97 18:68 32:128 30:120 26:104 9:33 22:84 13:51 10:40 19:73 40:156 2:6 2:4 22:84 37:147 33:129 30:120 2:4 30:118 40:156 17:67 36:142 15:59 12:46 28:110 29:115 34:132 18:72 12:48 26:102 22:86 2:8 24:96 27:107 34:136 25:97 9:33 35:137 14:54 13:49 19:73 7:25 39:153 16:60 36:140 17:67 24:96 9:35 26:102 8:28 20:76 20:80 12:44 35:137 12:46 17:67 40:160 7:25 24:92 16:64 34:136 40:160 20:78 14:54 8:32 39:153 18:68 17:67 6:24 40:160 40:158 26:100 30:116 36:142 38:148 11:41 36:140 1:3 16:60 28:110 26:104 8:28 34:136 24:96 13:49 2:6 10:40 39:153 26:104 27:105 2:4 50:198 1:1 28:112 21:83 27:107 18:68 33:131 30:120 28:112 30:118 38:148 7:27 31:121 24:96 20:78 29:115 36:142 18:68 34:136 4:12 38:152 16:62 5:17 16:64 32:126 8:32 26:100 39:153 29:115 10:40 10:40 6:24 47:185 15:59 7:25 9:33 34:134 33:131 14:52 26:102 18:72 16:64 35:137 35:137 23:91 20:76 3:11 18:72 24:94 14:56 2:8 14:54 13:51 38:148 36:144 25:97 1:1 22:84 26:104 23:91 21:83 12:46 21:81 7:27 8:32 24:94 15:59 28:112 5:19 23:91 23:91 25:97 6:20 8:32 26:100 6:24 25:97 ; 
L 101 -102 -41 -113 66 -12 -21 -95 -114 69 -136 -3 -112 -145 -37 136 60 -102 16 -62 -3 -119 -31 70 4 68 -136 3 11 -135 -71 -26 74 8 -47 79 -16 -140 99 89 -131 43 -70 -105 79 -45 -52 42 -28 -116 -97 -16 -12 -142 5 -67 -83 111 -122 97 -141 -56 -8 -19 -101 35 -87 -141 -23 116 57 -54 -124 38 -109 136 -92 100 31 98 -69 114 60 -80 121 -113 26 150 32 -137 67 -62 -50 13 -13 134 51 -33 -86 136 -37 112 43 -78 1 -126 -90 -139 -136 -76 -77 -114 -36 -36 104 -55 -18 -142 -88 14 -131 28 92 92 -29 45 63 145 -81 62 -130 -75 -53 -11 80 -96 55 -28 -27 135 89 112 -139 -121 -98 85 145 77 57 -47 -24 74 -120 -91 116 98 83 116 -7 39 19 -16 -96 57 79 139 -109 121 -62 -137 -9 -92 -111 -95 -100 89 43 50 -57 -118 23 24 77 -140 -10 -39 -89 -132 53 100 103 -43 142 -24 -33 -18 -29 -28 77 137 ; 
100 53 22 34 34 55 88 94 69 81 88 52 25 72 100 32 72 93 84 21 71 36 9 43 8 86 96 15 27 27 17 94 90 64 47 26 87 63 30 9 22 89 57 32 28 46 84 55 60 87 36 54 85 61 57 10 65 53 45 57 63 20 68 75 49 8 87 40 8 7 30 27 49 30 45 59 36 51 83 87 8 64 34 69 28 71 53 79 47 81 44 64 50 22 90 77 11 59 77 21 100 100 36 58 71 20 86 83 15 71 21 72 80 22 78 85 67 21 22 29 7 92 8 32 99 25 26 48 96 69 90 74 74 87 36 58 66 22 35 60 57 2 77 97 68 66 39 93 78 12 41 45 52 82 87 13 65 23 7 32 19 33 4 87 89 90 30 44 46 16 77 57 18 46 32 46 66 60 7 41 66 70 66 81 84 74 29 49 82 56 12 78 39 45 2 68 16 83 90 18 87 ; 
L 101 -102 -41 -113 66 -12 -21 -95 -114 69 -136 -3 -112 -145 -37 136 60 16 -62 -3 92 151 92 -29 45 63 145 152 -81 62 -130 -75 -53 -11 80 -96 55 -28 -27 135 39 19 -16 -96 57 79 139 -109 -45 -52 42 -28 -116 -97 -16 -87 -141 -23 116 155 57 -54 -124 -99 140 16 -79 47 -8 -74 26 153 38 -109 136 -92 100 112 43 -78 1 -126 -90 -139 -136 -76 -77 -114 -36 -36 104 -55 -18 -142 -88 14 -131 28 89 112 -139 -121 -98 85 145 50 -57 -118 23 24 77 -140 -10 100 95 111 37 -136 86 33 -51 -134 13 -13 50 62 -67 137 -32 -150 -26 113 -121 80 -60 -114 69 -98 -31 92 9 137 -121 -79 -100 -53 132 89 89 43 103 -43 142 -24 -33 -18 -29 77 57 -47 -24 74 -120 -91 116 98 83 116 -119 -31 70 4 68 -136 3 11 -35 101 19 8 56 141 -97 -154 122 83 67 -5 142 12 -135 -71 89 -131 43 -70 -105 -28 77 137 ; 
40:160 22:84 9:35 14:54 14:54 22:88 36:140 38:150 28:110 33:129 36:140 21:83 10:40 29:115 40:160 13:51 29:115 4:12 9:33 29:113 6:24 16:60 6:20 40:158 10:40 11:41 20:76 10:38 40:158 28:110 36:144 30:118 30:118 35:139 15:57 24:92 27:105 9:35 14:56 24:96 7:25 8:30 14:52 2:6 35:139 36:142 36:144 12:48 24:94 34:134 22:88 24:96 35:139 15:57 22:86 34:134 16:64 4:12 3:11 36:144 13:51 11:43 20:78 4:12 12:48 26:100 35:139 11:41 19:75 26:102 36:144 26:102 14:54 18:72 24:94 15:57 21:81 57:225 15:57 24:92 29:113 8:32 35:137 34:132 6:24 29:113 9:33 29:115 32:128 9:35 32:124 34:136 27:107 9:33 9:35 12:46 3:11 37:147 18:70 1:3 31:123 39:155 28:108 27:105 16:62 42:166 3:11 17:65 27:105 28:112 27:105 33:129 34:134 24:94 13:51 19:73 4:12 40:160 9:33 31:123 24:94 5:17 31:123 36:144 9:35 20:80 26:102 18:70 33:129 19:75 32:126 22:84 29:113 12:44 28:110 14:54 26:102 4:12 35:139 21:83 23:91 31:123 19:75 13:49 13:49 23:89 33:131 20:78 15:57 27:105 34:132 32:124 16:62 18:72 1:3 28:108 7:25 20:76 32:124 5:19 17:65 18:72 21:83 33:131 35:139 6:20 26:104 10:36 25:97 4:14 18:68 4:12 35:137 39:153 6:24 11:43 10:40 4:12 20:78 30:120 28:108 8:32 26:100 37:147 29:115 18:70 26:104 4:16 23:91 25:97 36:144 7:27 17:67 9:35 36:142 23:91 13:51 4:16 36:144 8:28 35:139 ; 
L 141 -10 -99 -116 141 -44 -13 64 -113 -135 149 -67 90 -7 -86 -67 135 -108 137 -104 -108 -5 -21 18 -66 -147 -125 20 -145 53 -138 -39 -128 52 63 -66 6 -74 -89 41 -95 -30 90 93 129 -1 43 -111 -14 55 98 -2 -128 96 76 74 52 -36 -90 -6 131 -114 -43 -54 24 -65 -42 114 -51 -70 -105 -55 -105 -8 -65 20 -104 -82 -8 126 -150 51 105 44 -56 -122 -147 21 86 -144 -46 116 140 73 32 -147 -77 24 -79 -17 -101 81 -69 -116 -48 -114 -102 -21 -123 -24 -112 -44 35 44 -3 16 94 -18 72 56 23 73 56 -121 -148 -137 -43 -24 9 71 -28 150 53 -106 25 -83 47 -84 29 92 17 83 -53 20 134 -69 99 11 15 145 33 -85 53 69 -38 -82 -32 -20 -32 -144 -12 -31 -33 11 35 -125 -5 -34 -100 -63 -20 55 17 83 -130 125 15 126 127 25 -122 -68 142 68 -52 -48 -99 -51 -60 -68 -86 82 -135 23 -122 -70 42 61 -68 -7 ; 
93 51 54 88 22 1 49 12 53 32 44 64 84 39 65 43 81 46 58 30 48 78 14 21 98 94 28 84 39 47 25 75 88 30 44 65 11 65 43 68 97 46 36 21 64 11 7 28 30 99 49 99 27 92 77 59 89 41 46 24 61 32 60 54 87 59 1 98 17 15 61 60 37 31 83 14 80 11 91 26 69 65 87 89 24 23 50 76 81 94 54 23 14 24 55 83 46 29 98 22 25 100 33 27 47 84 63 22 44 35 6 82 99 17 16 80 24 28 9 100 29 26 13 61 41 2 57 100 93 9 99 70 20 22 6 83 99 60 90 79 25 82 34 39 8 59 7 31 6 39 51 92 69 48 100 62 18 4 78 42 21 2 10 82 18 59 54 97 80 87 33 41 6 24 10 20 1 47 88 8 78 73 93 22 96 98 63 60 5 30 43 55 36 27 72 56 87 66 62 2 42 ; 
L 122 56 -44 -105 -51 150 -126 8 82 104 -20 65 8 105 55 105 70 51 -114 -154 42 65 -24 54 -152 43 114 -131 6 90 36 -52 -74 -76 -96 128 2 -98 -55 14 111 -43 1 -129 -93 -90 30 95 -41 89 74 -6 66 -63 -52 128 39 -53 145 -20 125 147 66 -61 -42 -23 135 86 68 70 122 60 51 -153 99 48 52 -68 -142 68 122 -25 -127 -126 -15 9 71 -28 151 150 53 -106 25 -83 47 -84 29 92 17 83 -53 20 134 -69 99 -21 18 -46 116 140 73 -155 144 32 20 32 82 38 53 69 85 -33 -145 -15 -11 5 108 104 -137 108 -135 67 86 7 -90 67 -149 114 116 69 101 17 79 -24 77 135 113 13 44 -141 116 99 10 -12 -31 -33 11 35 -125 -5 -34 -100 -63 -20 55 17 83 -130 125 102 147 141 24 43 137 148 121 -56 -73 -23 -56 -72 18 -94 -16 3 -44 -35 44 112 24 123 21 32 -147 21 86 -144 -68 -7 ; 
35:137 10:36 10:38 36:142 35:139 26:104 28:110 11:41 37:145 5:17 32:128 6:22 34:132 13:49 15:59 24:96 25:97 6:24 7:27 16:64 25:99 1:1 24:94 35:139 28:110 30:120 24:96 13:51 25:97 10:38 19:73 17:65 36:142 24:94 31:123 37:147 11:43 40:158 20:78 40:158 12:48 12:44 3:11 5:17 26:102 9:33 15:57 19:73 39:155 28:108 18:68 26:104 5:17 26:104 18:70 12:48 36:140 8:32 19:75 16:62 34:134 12:44 38:150 18:68 27:105 26:102 11:43 22:88 18:68 20:80 23:89 30:120 2:8 9:35 27:105 26:100 40:156 39:153 9:35 38:148 30:116 32:124 4:12 36:140 19:75 0:0 4:14 40:158 18:68 30:118 8:32 9:35 3:9 34:132 40:158 24:96 36:144 32:126 10:40 33:131 14:54 16:62 4:12 24:94 3:11 5:17 9:33 40:156 10:36 6:22 10:38 24:94 28:108 17:67 32:124 2:6 8:28 25:99 31:121 20:76 38:148 37:147 21:81 16:62 3:9 14:54 32:124 20:76 12:48 24:92 19:73 33:129 18:68 26:104 16:62 34:134 26:102 20:76 16:62 11:43 16:64 10:40 9:35 40:156 12:46 19:75 13:51 15:57 20:78 1:1 9:35 36:140 22:86 15:59 1:3 4:16 33:131 8:28 24:94 22:86 39:155 32:128 35:139 14:52 17:65 3:9 10:38 4:16 8:32 32:128 24:92 14:54 15:57 40:160 23:91 1:3 17:65 25:97 6:20 11:41 12:46 40:160 4:14 12:44 10:38 32:128 7:25 7:27 40:158 33:131 3:9 14:56 18:70 10:36 43:169 31:121 33:129 38:150 30:116 1:3 17:67 ; 
L -137 -73 61 -21 40 -68 -39 39 78 64 28 14 -103 108 -116 -146 -132 145 -121 -14 28 -36 -78 -46 142 -35 -15 -120 -141 -84 -118 119 89 -74 120 138 27 63 3 -66 -108 -5 -6 141 -41 28 140 19 46 143 -9 -98 -31 45 -127 136 -13 -129 -126 19 -46 65 -84 -83 148 -78 148 118 -46 112 40 140 135 52 6 -137 22 41 110 -27 3 -7 -88 107 62 12 -12 -37 95 117 -97 -142 117 72 -38 -127 -56 -135 115 -52 -12 32 123 2 52 -79 122 23 -37 -139 105 -51 -143 -40 56 -77 -33 62 -73 29 -29 -41 54 -147 -65 -59 -34 93 -103 26 -100 80 -111 -5 -141 -90 7 -26 -65 -87 128 -107 19 61 49 -75 -94 -110 52 126 4 -80 47 96 -3 -16 15 102 72 147 86 -34 81 -21 -35 -83 -78 -12 -97 100 -24 1 -4 -73 -119 54 32 -37 57 -126 -65 -52 -93 36 121 125 -133 38 68 77 -83 25 -18 101 -27 135 -66 83 -74 -47 ; 
100 25 52 35 68 19 59 56 56 31 43 72 85 45 39 45 43 76 86 89 41 19 90 55 5 94 88 77 100 84 100 21 9 77 49 40 4 37 36 56 59 27 39 97 41 77 43 87 16 72 67 43 58 28 24 55 29 18 21 34 71 76 86 67 36 73 50 71 61 34 97 35 71 80 43 33 90 28 1 43 21 37 67 71 68 35 15 72 10 62 61 35 83 81 48 24 47 42 55 28 28 39 83 97 87 67 91 42 35 19 15 19 6 87 21 67 39 78 35 17 64 22 67 47 39 89 49 90 75 26 62 4 34 18 24 71 91 62 50 22 43 23 70 80 37 94 62 52 80 50 39 42 54 36 53 84 3 43 31 44 78 64 88 79 84 5 90 64 95 67 2 43 31 42 59 7 85 64 16 91 1 27 43 32 65 75 6 82 3 9 64 1 98 6 63 93 64 98 44 90 89 ; 
L -137 -73 110 94 -122 126 72 61 -21 -68 -39 39 78 64 28 14 -103 108 -116 -146 -132 145 -121 -14 28 -36 -78 -46 142 -35 -15 -120 -84 -118 119 89 -74 120 138 27 63 3 -66 -108 -5 -6 141 -41 28 140 19 46 143 -9 -98 -31 45 -90 7 -26 -65 -87 128 -107 149 19 61 49 -75 23 -37 105 -51 -143 -40 56 -77 -33 62 -73 29 -29 -41 -102 -15 16 3 54 -147 -65 -59 -34 93 12 -12 -62 -107 88 7 -3 27 -110 -22 137 -6 -52 -135 -140 -40 -112 46 -118 -148 78 -148 83 84 -65 46 -19 126 129 13 -136 127 -65 -52 -93 36 121 125 -133 38 68 77 -83 -47 80 -4 -126 -52 147 86 153 -34 152 81 -21 150 -35 -83 -78 -12 -97 100 -24 142 97 -117 103 -37 95 26 -100 80 -111 1 -4 -73 -119 54 -37 57 -96 25 -18 101 151 -27 135 79 -52 -2 -123 -32 12 52 -115 135 56 127 38 -72 -117 -5 -141 -66 83 -74 -47 ; 
40:160 10:40 16:60 21:83 15:59 31:121 17:67 31:123 14:56 7:25 24:94 23:89 23:89 13:49 18:68 29:115 34:136 18:72 16:62 18:72 18:68 31:121 35:137 36:142 17:65 8:30 36:144 22:88 2:8 38:150 36:140 31:123 40:160 40:160 9:33 4:14 31:123 20:78 16:64 2:6 15:59 15:57 23:89 24:94 11:43 16:62 39:155 17:65 31:123 18:68 35:139 7:25 29:115 27:107 18:68 24:92 12:44 22:86 37:145 25:99 20:80 9:35 18:68 10:36 18:70 19:73 32:128 15:59 38:150 27:107 14:56 10:40 8:30 3:9 35:139 9:33 27:107 16:62 32:124 14:56 7:27 26:102 9:35 6:20 18:68 2:4 34:134 36:144 19:75 16:62 36:142 20:78 36:144 29:113 6:24 14:56 28:108 29:113 27:107 15:59 9:33 18:68 10:38 36:144 14:52 18:68 32:128 29:113 14:56 39:155 14:54 25:97 29:113 20:80 30:116 15:57 27:107 35:137 31:121 29:113 14:54 9:33 8:28 12:46 22:88 9:33 11:43 18:68 13:51 26:104 30:120 3:9 33:131 2:4 4:14 26:102 4:12 22:86 17:67 16:62 20:80 25:97 32:124 23:91 4:16 40:160 39:155 32:126 4:14 34:136 2:8 36:144 26:102 38:152 27:107 1:3 20:80 14:56 25:97 35:139 31:121 4:16 1:1 25:99 2:6 14:54 3:9 13:49 17:67 24:94 3:11 12:44 7:25 39:155 12:46 40:156 3:9 28:108 32:124 38:148 22:88 27:107 35:139 39:155 34:132 16:62 12:44 12:44 22:88 17:67 19:75 10:38 20:76 33:129 36:140 10:38 18:72 40:156 18:70 36:144 36:142 ; 
L 27 140 -139 -42 -83 -24 129 105 -83 -125 -96 71 -114 32 -117 -27 -19 -6 128 86 -147 55 35 22 17 -144 -75 132 94 -37 133 -11 85 93 67 -2 90 142 123 147 46 -68 52 20 112 38 68 -125 112 120 146 -77 -18 -12 136 72 15 -68 -73 -111 126 32 32 -86 -67 68 -67 -83 143 117 -40 121 14 -44 -28 -46 85 -71 54 -21 148 -21 -50 -27 -135 -106 -81 -85 -42 100 135 -139 145 -133 -81 -12 -91 -58 107 -70 -13 107 79 -148 142 -36 135 -59 137 55 -90 140 60 98 -138 -111 -29 59 -77 24 -80 -132 8 -115 -45 -1 -36 -40 -95 -4 -82 -68 -96 104 -146 -36 75 146 12 127 -45 -18 114 16 50 -136 -138 136 12 -78 -2 83 147 48 103 17 96 122 23 34 63 -134 -79 -74 45 -6 83 -9 -6 96 -55 147 130 -110 144 -137 -61 131 135 122 13 -116 89 78 102 -8 1 29 -73 -112 -123 -43 131 82 44 -8 24 -98 113 124 ; 
86 51 87 93 60 69 71 9 24 65 31 21 8 82 90 30 27 56 98 42 36 81 36 35 31 9 43 22 83 55 3 12 75 60 61 82 6 94 69 98 65 85 28 74 82 93 83 100 54 52 55 32 63 39 81 97 94 58 69 62 18 86 80 26 92 70 79 81 83 13 91 29 22 23 22 80 82 39 76 100 36 57 52 28 56 71 63 57 49 34 69 19 93 22 77 35 20 40 91 39 4 30 22 75 23 69 99 57 83 5 64 72 90 87 77 67 72 83 10 9 96 22 97 64 76 54 82 56 17 31 17 71 74 66 64 79 11 6 27 72 93 24 32 98 79 8 65 67 69 55 28 36 98 25 56 96 65 69 26 10 40 43 65 10 1 5 83 27 93 9 13 40 32 38 74 2 89 21 48 81 82 24 10 49 75 58 43 85 100 8 3 36 29 99 32 18 73 61 17 84 65 ; 
L 27 140 -139 -42 -83 -24 129 105 -83 -125 -96 71 -114 32 -117 -27 -19 -6 128 86 -147 55 35 22 17 -144 -75 132 94 -37 133 146 -77 -18 -12 72 -61 131 135 122 21 -23 -122 -96 -17 -103 77 -59 29 111 138 -98 -60 -140 90 -55 -137 59 -135 36 -142 148 -107 13 70 -107 58 91 12 81 133 -145 139 -68 -96 104 -146 -36 75 146 148 -21 -50 -27 -135 -106 -81 -85 150 -42 100 135 82 55 -96 6 9 -83 -120 -112 125 -68 -38 -112 -20 -52 68 -46 -147 -123 -142 -90 2 -67 -93 -85 11 6 -45 74 79 134 -63 -34 -44 -82 -131 43 123 112 73 -29 -1 8 -102 -78 -89 -153 13 -116 -137 15 -68 -73 -111 126 32 32 -86 -67 68 149 -67 -83 143 117 -40 121 14 -44 -28 -46 -71 54 24 -80 151 -132 8 -115 -1 -36 -40 -24 -48 -147 -83 2 78 -12 -136 138 136 -50 -16 -114 18 -152 45 -127 -12 -144 110 -130 -147 4 95 -98 113 124 ; 
35:137 21:81 35:139 38:148 24:96 28:110 29:113 4:14 10:38 26:104 13:49 9:33 4:12 33:131 36:144 12:48 11:43 23:89 40:156 17:67 15:57 33:129 15:57 14:56 13:49 4:14 18:68 9:35 34:132 22:88 2:4 20:80 13:51 26:100 16:62 2:8 39:153 9:33 20:76 33:129 31:121 15:57 11:41 28:110 26:104 39:153 4:12 4:16 34:132 29:115 27:107 31:123 35:139 36:144 29:115 26:102 2:8 34:132 23:91 40:158 28:110 10:36 14:52 12:48 2:6 16:62 37:145 16:64 8:32 14:56 31:123 9:35 38:148 8:28 30:118 27:105 26:102 32:126 5:17 3:9 14:54 23:91 21:83 12:44 23:89 29:113 26:100 23:91 1:1 40:156 14:54 28:110 29:115 4:16 6:20 4:14 38:148 11:43 6:20 21:83 22:86 40:160 34:132 38:148 33:131 30:118 12:44 34:136 26:104 40:156 28:110 38:150 3:9 33:131 25:97 24:96 30:120 35:139 2:8 1:1 4:16 26:104 18:68 16:64 8:30 13:51 40:158 12:46 15:57 2:4 4:12 40:160 34:136 18:68 24:92 30:120 20:78 8:32 35:139 10:38 2:4 35:139 24:92 28:110 25:99 8:28 35:137 32:128 11:41 37:147 28:112 8:28 33:131 33:129 34:132 6:20 37:145 12:46 9:35 10:36 9:35 32:128 40:156 31:121 31:123 39:153 16:64 35:139 39:155 26:102 2:8 33:131 23:89 9:35 32:124 10:40 40:156 15:57 12:44 22:88 28:110 27:107 26:104 4:12 32:126 40:156 13:51 39:155 1:3 38:148 29:115 12:44 30:118 16:60 13:51 19:75 13:49 23:89 7:27 34:134 26:104 ; 
L 17 129 -83 45 36 -29 113 121 133 -37 119 108 17 -98 63 45 108 112 -10 -128 13 -125 -131 -99 -64 -67 114 17 -116 -23 -97 -138 89 114 34 -62 1 102 -28 -141 93 -90 -104 1 125 -13 -27 -143 121 -11 117 -56 -80 11 125 -97 -53 52 -14 88 16 -38 60 -72 124 108 -39 97 146 138 12 112 112 33 80 -122 -134 72 -89 92 -126 71 101 -91 128 -109 -52 -110 23 90 -19 45 -97 -14 -128 64 54 19 100 -134 -118 -46 95 -132 32 13 -147 131 -37 107 78 -42 14 -139 23 -62 -98 -113 82 -127 103 106 -80 -44 -18 -134 63 123 -119 134 -131 -17 26 65 -135 63 91 -32 140 -146 32 -114 -75 -15 -18 12 11 -29 91 39 108 137 -10 29 -98 148 119 -136 -9 -12 138 -129 44 -25 87 -140 -83 -65 -44 63 -112 -82 136 23 -98 2 78 -57 -99 -119 -78 -92 95 67 111 -5 -36 1 -41 20 127 -5 -75 43 -97 23 13 148 -29 -29 ; 
33 9 1 42 66 80 53 48 95 18 18 10 82 17 100 72 75 24 65 10 73 100 80 65 24 10 98 80 74 78 27 93 72 89 92 70 48 82 3 90 93 78 43 39 50 88 85 62 9 96 90 79 46 39 34 8 2 22 35 2 13 74 59 30 50 25 35 91 35 9 100 68 57 97 95 21 44 56 98 59 46 6 66 81 83 66 71 55 53 54 10 43 34 26 2 24 76 78 78 27 79 9 29 19 69 25 84 41 51 35 52 67 88 56 24 81 33 63 95 22 65 42 19 93 29 62 34 7 71 15 52 40 41 54 58 100 66 42 84 3 67 88 43 95 59 35 60 1 57 74 3 94 49 97 6 29 75 93 15 10 60 16 84 58 48 97 60 13 80 34 71 92 84 70 20 49 85 64 93 57 26 7 8 7 48 17 9 34 45 29 57 62 7 97 54 55 45 75 38 77 91 ; 
L 149 17 129 -83 45 36 -29 113 151 121 133 -37 119 108 17 -98 63 45 108 112 -10 -128 13 -125 -131 -99 -64 -67 148 119 -136 -9 -12 -129 13 44 -25 87 -140 -83 -65 -44 63 -112 -82 136 114 17 -116 -23 -97 -138 89 114 34 -62 1 102 -28 -141 93 -90 -104 1 125 -13 -143 121 -11 117 -56 -80 11 125 -97 -53 52 -14 150 88 16 -38 60 -72 131 -37 107 78 -42 148 14 78 -57 -99 -119 -78 -92 95 67 111 -5 -36 1 -41 20 -5 127 -75 43 -97 23 -14 -128 64 54 19 100 -134 -118 95 -132 32 13 -147 124 108 -39 97 146 138 12 112 152 112 33 80 -122 -134 72 -89 92 -126 71 101 -91 128 -109 -15 153 -18 12 11 -29 91 39 97 -45 114 -32 146 -140 32 -91 -63 135 -65 -26 17 131 -134 119 -123 -52 -110 23 90 -19 -75 -63 134 18 44 80 -106 -103 127 113 98 62 -23 -2 98 -23 98 -29 10 -137 -108 -29 -29 ; 
13:49 16:60 4:14 1:1 17:67 27:105 32:128 22:84 18:70 11:43 38:152 8:28 8:28 4:16 33:131 7:27 40:160 29:115 30:120 10:38 26:104 4:16 30:116 40:160 32:128 26:104 10:38 4:16 6:20 30:120 38:148 6:24 4:16 10:38 22:86 22:86 24:92 20:76 39:155 24:96 6:20 32:128 14:54 29:113 37:147 34:134 60:240 32:128 30:118 32:124 11:43 38:148 29:115 36:142 37:147 28:112 20:76 33:131 2:4 36:144 38:148 32:124 18:68 16:62 20:80 36:140 4:14 4:14 39:153 36:144 32:126 19:73 16:62 14:54 4:12 1:3 9:35 14:56 12:48 40:156 6:20 30:118 24:94 12:48 25:97 21:81 14:56 21:83 27:107 38:148 30:120 3:9 26:102 38:148 23:91 11:41 3:11 4:12 3:11 20:76 7:27 4:14 14:54 18:72 12:46 9:33 16:64 26:104 39:155 22:86 22:88 10:36 1:3 10:38 31:121 32:124 32:124 11:43 32:126 13:51 8:30 28:110 10:40 34:134 12:48 10:40 14:56 37:145 14:56 4:14 40:160 28:108 16:64 26:104 39:155 38:152 9:33 18:70 23:89 40:156 24:94 19:73 3:9 27:105 33:129 34:132 27:105 27:107 22:84 36:140 14:56 24:96 1:1 23:91 30:118 0:0 14:54 16:64 36:140 27:107 2:4 34:134 17:67 27:105 40:160 24:92 22:86 17:65 16:64 21:83 6:24 29:113 11:43 22:88 22:84 22:86 4:16 19:73 32:126 14:54 25:99 12:46 38:148 8:30 17:67 26:104 40:160 26:100 14:52 33:129 47:187 20:78 8:32 14:54 3:9 39:155 20:78 38:150 24:96 31:123 37:145 ; 
L 47 122 -135 40 -38 33 104 -95 -97 56 28 -145 145 -31 -29 -130 49 -6 40 -50 46 -15 -108 12 138 -85 -17 8 -80 -6 -100 116 -130 -102 57 43 4 75 -81 15 118 19 72 -39 -79 -122 71 114 95 -127 -41 27 -119 122 -65 132 -15 15 -13 -127 -148 67 93 68 49 -84 131 -33 -51 -69 -124 104 98 -105 -121 -29 -81 -79 5 60 10 128 -39 141 9 -76 25 -83 52 89 129 18 -139 144 -72 -123 -98 115 -97 -1 110 -33 41 13 1 -40 -150 83 -117 11 130 -129 36 81 -128 50 -108 58 -128 57 100 -41 41 119 -92 -89 -35 -15 -137 30 44 43 10 -37 -29 36 -58 -8 57 82 107 -113 -131 117 -3 -112 -76 110 47 -63 86 91 4 130 39 -56 -9 -25 -133 -76 -23 -21 -96 77 121 122 112 -131 -21 17 84 -49 -59 -111 34 17 -135 49 79 92 141 -58 -9 -88 115 15 49 66 -82 148 -71 -35 -36 29 -101 -142 -115 147 44 -88 ; 
41 21 56 85 81 3 73 32 74 74 30 58 80 22 27 38 19 97 57 61 84 66 67 52 9 72 95 97 4 41 5 40 76 32 2 29 44 82 64 79 74 4 39 65 51 20 44 37 72 28 80 79 7 46 36 69 20 11 99 37 30 48 9 94 55 91 57 81 92 27 48 21 20 25 43 39 38 21 14 63 34 46 31 16 28 71 46 46 84 86 17 28 21 9 35 65 81 43 56 88 91 11 5 96 56 70 8 35 25 91 50 23 97 42 35 10 17 5 43 23 32 64 23 57 24 65 14 60 96 86 24 41 2 83 42 80 98 68 86 25 26 53 3 10 21 98 16 81 95 17 59 97 40 16 78 17 75 74 79 2 13 87 90 90 3 87 66 79 36 64 60 66 86 90 40 52 95 92 23 72 43 44 87 64 52 89 41 90 78 33 47 78 80 98 47 76 76 20 45 51 75 ; 
L 47 122 -135 40 -38 33 104 -95 -97 56 28 -145 145 -31 -29 -130 49 -6 40 -50 46 -15 -108 12 138 -85 -17 8 -80 -6 -100 116 -130 -102 112 3 -117 131 113 -82 40 -1 -13 -41 33 -151 -110 1 97 -115 98 123 72 -144 139 -18 79 81 29 121 105 -98 -155 -104 124 -141 39 -128 -10 -60 -5 8 58 -36 29 37 -10 -43 -44 -30 137 15 35 89 92 111 59 49 -84 -17 21 131 -112 -122 -121 -77 153 52 89 129 57 93 68 49 -84 131 -33 -51 -69 29 -101 -15 -115 88 9 58 -141 -92 -79 -49 135 34 19 72 -39 -79 -122 71 114 95 -127 -41 152 27 -119 122 -65 132 -15 15 -13 -127 -148 67 -150 83 -117 11 130 -129 36 81 -128 50 -108 58 -128 57 100 -41 119 -17 -15 81 -75 -4 -43 -57 -76 110 47 -63 86 91 4 130 39 -56 154 -9 -25 -133 -76 -23 -21 -96 83 -25 76 -9 36 -142 -115 147 49 -82 71 -148 44 -88 ; 
17:65 9:33 23:89 34:136 33:129 2:4 30:116 13:51 30:118 30:118 12:48 24:92 32:128 9:35 11:43 16:60 8:30 39:155 23:91 25:97 34:134 27:105 27:107 21:83 4:14 29:115 38:152 39:155 2:6 17:65 2:8 16:64 31:121 13:51 1:3 40:156 9:33 4:16 2:4 18:72 7:27 28:112 23:89 39:153 2:8 38:148 18:68 37:145 36:140 23:89 18:68 33:129 26:104 14:56 4:14 9:33 6:22 9:33 16:60 16:62 18:68 10:40 7:27 13:49 9:33 13:51 7:25 13:49 19:73 14:54 26:100 29:115 28:108 40:156 32:128 17:67 34:132 1:3 17:65 10:38 35:137 39:153 24:96 6:22 26:104 7:25 36:144 35:137 27:105 24:96 26:102 15:57 32:126 27:105 35:139 2:4 40:160 6:20 35:137 7:27 17:67 8:30 38:150 22:88 37:145 23:91 33:129 37:147 11:43 43:171 19:75 32:126 36:142 21:83 26:102 35:139 18:70 18:68 29:115 10:36 37:147 18:72 14:56 16:62 26:104 21:81 8:32 18:70 15:59 29:115 12:44 32:128 2:6 36:144 3:11 19:73 15:57 28:110 8:32 5:17 40:158 15:59 12:48 20:76 3:9 14:56 10:40 37:145 20:80 10:36 39:155 17:67 14:56 4:16 7:27 2:8 18:68 10:36 13:51 26:102 14:54 40:156 10:40 32:126 26:102 33:131 18:70 12:46 7:25 33:129 38:152 7:27 24:94 39:155 16:64 7:25 32:124 7:27 11:43 30:118 30:118 32:126 1:3 6:20 35:139 36:144 30:116 19:73 19:73 29:113 14:56 16:60 31:121 8:32 8:30 54:214 12:46 19:75 14:54 21:81 30:120 ; 
L 44 63 49 -32 39 15 144 -131 106 57 6 -62 -1 73 147 58 -140 97 60 149 -111 55 -42 87 -140 -144 41 -36 128 -48 -141 146 -3 109 131 -64 9 19 114 28 121 -58 141 38 83 -102 -48 42 135 91 -18 -144 -18 -101 -3 29 -148 92 -88 -38 133 45 144 -23 -34 -39 -128 -74 98 -18 38 45 -62 55 -97 97 82 125 -15 -134 -36 -4 21 -5 31 12 69 44 79 -31 37 -13 -86 143 -95 -7 44 55 -116 122 -136 -21 25 -55 50 94 -34 -38 126 -72 -42 -84 122 -72 -102 128 -87 -139 145 56 -6 29 52 112 -32 71 91 66 -51 -55 -73 101 24 128 -45 -36 130 -135 19 -15 103 -11 17 65 -113 -50 -99 56 11 -134 139 -100 90 -10 67 67 -109 -47 -44 132 -60 71 -2 102 -98 -107 -99 91 123 135 -54 -129 102 79 -118 -128 -122 150 -41 -6 25 -97 -16 -51 -148 76 -111 -69 39 -34 -75 146 -47 -15 111 12 -43 -114 -71 17 ; 
100 16 94 42 35 25 48 58 93 47 82 8 84 24 85 4 10 71 81 2 96 92 33 94 4 63 58 63 54 83 26 38 55 51 25 97 85 62 21 93 86 81 24 37 53 4 70 92 44 28 82 56 41 58 49 33 87 14 30 62 10 86 25 57 90 25 57 47 58 24 97 48 77 27 14 57 78 14 26 80 2 66 40 5 89 61 24 63 35 44 61 47 51 42 82 48 86 60 40 72 99 88 70 75 84 56 19 51 14 100 1 11 63 94 42 27 23 93 9 79 99 6 41 92 29 92 90 12 65 25 45 87 81 39 82 20 1 27 85 86 77 18 38 76 37 76 40 81 26 40 9 7 19 61 82 47 72 69 16 67 74 76 29 71 71 52 7 32 75 39 54 98 57 57 91 96 74 85 47 19 34 8 63 13 90 74 29 60 32 53 56 87 27 15 82 7 35 5 31 31 74 ; 
L 44 63 49 -32 39 15 144 -131 106 57 6 -62 36 45 -128 -24 -101 73 -153 55 51 -66 -91 -71 -112 -52 -29 6 -145 139 87 -128 102 72 -122 84 42 72 -126 38 34 -94 -50 55 -25 21 136 -122 116 -39 -128 -74 98 -18 38 45 -62 55 -97 -5 31 69 67 67 -109 -47 -44 132 -60 71 99 97 82 125 152 34 -154 23 -144 -151 -45 -133 38 88 -92 148 -29 -75 146 -47 -15 111 3 101 18 144 18 -91 -135 -42 48 102 -83 -38 -141 58 -121 -28 -114 -19 -9 64 -131 -109 3 -146 141 48 -128 36 -41 144 140 -87 42 -55 111 -149 -60 -97 140 -58 -147 -73 1 130 -135 148 51 -15 103 -11 17 65 -113 155 -50 134 15 -55 -44 7 95 -143 86 13 -37 31 -79 -44 10 -90 100 -139 134 -11 -56 99 -36 -4 21 107 98 -102 2 91 123 135 -54 102 -25 6 41 -150 122 -97 -16 76 -111 -69 39 -34 79 -118 -128 12 -43 -114 -71 17 ; 
40:160 7:25 38:150 17:67 14:56 10:40 20:76 24:92 38:148 19:75 33:131 4:12 33:129 8:32 33:131 16:62 33:129 35:139 27:105 14:54 10:40 26:104 5:19 36:144 38:148 37:147 17:65 3:9 38:150 4:14 38:148 10:36 11:43 17:67 38:150 26:100 5:17 1:1 40:160 6:22 21:81 8:30 23:89 34:134 30:120 28:112 36:140 40:158 29:115 14:56 23:91 19:75 24:92 10:38 39:155 20:76 31:123 11:43 6:22 17:65 36:142 5:19 16:62 19:75 29:115 28:110 7:25 27:107 30:118 31:121 18:72 10:36 32:124 6:22 6:22 24:94 30:116 14:56 23:91 32:124 21:83 35:137 4:16 25:99 12:48 6:22 35:139 21:83 35:139 11:43 6:24 33:131 8:30 20:78 24:92 17:65 23:89 33:131 12:44 18:70 37:147 28:112 2:6 22:84 15:59 10:38 33:129 35:137 38:148 9:33 25:99 34:136 39:155 10:40 21:81 22:88 16:60 11:41 34:132 22:86 26:100 24:92 26:100 2:6 38:150 14:52 37:147 39:153 1:3 33:129 29:113 4:16 2:6 34:136 10:38 2:6 11:43 32:128 36:144 4:16 31:123 8:28 16:60 31:121 15:59 29:115 2:6 16:64 32:128 20:78 24:96 35:137 20:76 33:131 17:67 21:81 19:75 25:97 18:70 14:56 43:169 25:97 8:30 3:11 4:14 16:64 11:41 33:129 1:3 27:105 16:64 2:8 21:83 29:113 29:113 7:25 30:120 16:62 22:86 23:91 20:80 14:54 8:30 19:75 34:136 20:78 26:100 32:124 12:46 24:96 13:51 22:84 14:56 37:145 39:153 12:48 14:56 2:8 13:49 13:49 30:118 ; 
L 140 -39 -113 32 -64 108 -84 -41 -62 -9 -123 -2 -67 -68 -118 39 -8 -84 137 -4 145 -42 -39 -67 101 -63 -94 90 -24 -124 -116 -22 86 61 8 -127 -3 -88 -15 38 68 -57 65 -145 75 74 108 -145 70 -59 -81 -17 -90 -143 143 -39 17 -24 -41 -75 137 145 -20 -16 -48 -78 14 78 103 -64 110 -40 109 128 -118 -125 148 91 -95 30 -83 111 -67 -88 58 83 36 -102 -37 -44 -83 136 -64 -40 106 63 -47 -73 -141 -29 -37 -90 94 115 34 -141 -54 34 -69 97 113 103 53 -52 15 -15 8 -50 -4 -59 118 121 13 47 -3 63 -148 1 -110 83 127 76 -95 140 147 -70 48 107 -90 -45 -89 -100 44 59 23 108 -26 33 20 90 -72 -113 124 -140 -65 19 85 67 74 -95 61 -99 70 -137 54 -88 47 77 68 117 -78 109 44 -58 145 100 125 -58 127 114 104 -131 9 -135 -138 -118 99 -25 -66 17 57 99 -12 60 42 -128 137 105 18 128 ; 
85 61 6 52 54 27 16 27 68 38 15 70 26 18 1 60 14 36 61 32 77 33 38 29 78 82 65 72 58 69 72 50 77 31 73 7 31 19 31 58 41 95 77 47 84 32 80 35 6 2 74 7 24 29 39 89 31 10 66 12 91 76 48 66 34 76 59 15 33 21 39 44 35 91 30 29 11 76 71 71 63 99 15 99 91 46 92 79 4 43 83 90 5 1 80 85 6 99 18 89 55 47 9 84 79 23 81 82 58 95 57 80 82 94 9 32 89 72 1 42 58 84 47 9 73 55 25 40 54 92 24 77 98 62 47 16 4 38 3 38 71 20 87 20 10 63 58 59 97 36 49 100 80 87 73 17 75 84 20 93 73 30 17 42 51 5 15 96 85 32 63 22 94 35 72 71 98 1 39 25 6 97 93 47 81 96 39 96 65 5 29 13 20 49 94 15 39 20 55 78 61 ; 
L 140 -39 -113 32 -64 108 -84 -41 -62 -9 -123 -2 -67 -68 -118 39 -8 -84 153 137 -4 145 -42 -67 101 -63 -94 90 -24 -124 -116 -22 86 61 -127 -3 -88 -15 38 88 -14 78 16 20 -145 -137 -150 75 41 24 -17 127 114 104 89 45 90 -107 -48 70 -147 -140 95 -76 -127 -83 148 -63 3 -47 -13 -121 -118 59 4 50 -8 15 -15 52 -53 -103 -113 -97 69 -34 54 141 -90 94 115 34 67 83 -30 95 -91 -148 125 118 -128 -109 40 -110 64 -103 -78 37 29 141 73 47 -63 -106 40 64 -136 83 44 37 102 -36 -83 -58 68 -57 65 -145 75 74 108 1 -110 -145 70 -59 -81 -17 -90 151 -143 143 -39 58 -125 -100 -145 58 -44 -109 78 -117 -100 44 99 -12 60 -65 19 85 67 74 -95 61 -99 68 -131 9 -135 -138 -118 137 42 -128 59 23 108 -26 33 20 -72 -113 124 149 -140 -70 -152 -77 -47 88 -54 99 -25 -66 17 57 137 105 18 128 ; 
34:136 25:97 3:9 21:83 22:86 11:43 7:25 11:43 28:108 16:60 6:24 28:112 11:41 8:28 1:1 24:96 6:22 15:57 6:20 33:129 13:51 31:123 14:52 18:68 32:124 33:131 26:104 29:115 24:92 28:110 29:115 20:80 31:123 13:49 14:56 13:49 8:30 13:49 24:92 22:84 2:4 24:94 32:124 27:105 20:76 31:121 20:78 20:76 5:19 27:105 4:16 21:81 10:40 3:9 17:67 29:113 16:60 2:4 16:60 2:6 7:25 19:75 25:99 40:156 31:123 10:38 19:73 10:40 22:88 30:116 4:14 19:75 34:134 24:92 17:67 1:1 29:115 36:142 13:51 4:14 38:150 33:131 32:128 23:91 38:152 24:92 33:131 33:129 16:60 4:14 34:134 32:126 49:193 16:62 26:100 29:113 29:113 31:121 5:17 12:46 12:48 37:145 14:56 18:70 16:62 9:33 14:52 9:35 22:88 36:142 8:28 40:158 3:9 34:136 32:128 1:1 2:8 36:144 34:132 18:68 2:6 32:126 37:147 19:73 32:126 38:152 31:123 19:75 34:134 13:51 32:128 17:65 22:86 32:128 3:9 1:3 30:118 3:11 10:38 26:100 15:57 16:62 36:142 8:30 1:1 40:156 29:113 29:115 14:56 38:150 9:35 26:100 10:40 35:139 7:27 8:32 20:78 27:105 7:27 30:120 34:134 8:32 38:148 30:116 12:48 35:139 33:131 38:148 19:75 33:129 39:153 28:108 32:128 6:24 12:48 4:16 26:100 24:92 24:94 39:155 7:25 40:160 32:128 13:51 35:137 26:100 7:25 3:11 39:153 6:24 2:8 9:35 39:153 26:104 2:8 12:46 10:40 8:32 22:88 32:124 25:97 ; 
L -66 -10 133 -132 -41 129 -130 -65 -30 16 -108 -101 -29 -113 -43 -73 -53 -87 -113 140 56 -6 37 -138 146 -88 -115 -56 -99 -133 122 -150 138 70 18 -11 4 -1 119 122 140 145 -95 -45 -89 90 -93 -32 46 27 56 28 82 83 -58 -85 113 59 105 -9 -42 133 -132 144 -28 -19 97 55 58 148 -4 46 -30 -10 19 6 -149 147 -117 -100 95 138 68 -43 -124 150 104 -88 -42 -83 -81 13 -133 100 -6 -138 18 113 110 -37 85 -20 90 135 -70 -44 29 -91 -118 -90 15 -71 -78 44 -45 -7 138 -84 -147 142 143 -139 129 148 -95 110 111 127 -79 35 52 148 -102 12 4 46 122 -93 -71 -21 125 -61 134 18 -134 65 57 97 -78 124 -11 -109 -58 41 -126 70 -121 -47 -19 -70 129 -112 -75 -150 -111 68 136 120 44 -56 -96 -28 -41 148 81 -73 -127 -32 110 52 -64 -110 64 97 -124 147 145 -107 3 123 -16 48 -95 -79 -125 -112 -32 -102 11 -24 ; 
93 39 23 76 60 100 11 3 76 32 19 28 66 86 55 99 24 70 11 48 71 36 3 39 47 35 41 91 49 40 40 98 73 95 17 57 99 5 53 91 55 55 33 29 61 85 20 48 70 39 49 37 6 94 67 37 68 10 27 70 39 84 94 13 32 44 2 23 96 52 67 25 63 79 14 76 46 26 83 19 96 55 25 6 4 16 94 82 78 55 14 32 55 68 28 66 55 1 84 18 68 82 7 15 12 99 78 94 77 88 45 28 12 65 98 26 72 21 82 1 86 2 14 87 86 31 19 88 39 39 28 58 59 37 82 98 16 27 54 15 24 64 49 32 43 21 27 58 88 23 63 23 38 45 79 18 35 3 66 3 12 27 44 59 80 82 19 90 78 86 82 92 36 81 59 48 91 67 38 80 57 16 2 84 8 42 25 90 61 32 27 55 46 84 100 59 51 66 56 28 46 ; 
L -66 -10 148 -95 110 111 127 -79 35 52 148 -102 12 4 46 122 -93 -71 -21 125 -61 134 18 -134 65 57 97 -78 124 -11 -109 -58 41 -126 70 -121 -47 -19 -70 127 73 -81 -148 41 28 96 56 -44 -120 -136 95 -140 -122 -119 1 -4 11 -18 -138 150 58 -152 -154 -83 -82 -28 -56 -27 -46 32 93 -90 89 45 -122 133 99 56 115 -111 68 -124 147 145 -107 3 123 -16 58 -4 6 -100 133 -13 81 83 42 88 -104 -150 124 129 133 -132 -30 -10 19 6 -149 147 -117 -100 -41 129 -130 -65 -30 16 -108 -101 -29 -113 -43 -73 -53 -87 -113 140 56 -6 37 -138 -88 150 75 112 -153 -129 -32 110 52 155 -64 -110 64 97 139 -143 -142 147 84 7 45 -44 78 71 -15 90 118 91 -29 44 70 -135 -90 20 -85 37 -110 -113 -18 138 46 95 138 68 -43 -85 113 59 105 -9 -42 151 133 -132 144 -28 -19 97 55 48 -95 -102 -79 -125 -112 -32 11 -24 ; 
38:148 16:62 8:30 35:137 13:49 8:30 36:140 16:62 16:62 12:44 24:92 24:94 15:59 33:131 40:156 7:25 11:43 22:86 6:24 10:38 26:102 20:78 13:51 18:68 9:33 11:43 24:92 36:140 10:36 26:100 10:36 16:60 18:72 32:126 8:28 14:56 2:4 27:105 2:4 22:86 37:145 20:76 24:94 33:129 15:57 37:147 33:131 35:137 32:124 36:144 21:83 23:91 22:88 37:145 22:84 2:8 40:158 23:91 28:112 30:116 32:128 37:147 38:152 39:155 38:150 3:9 15:59 20:78 16:62 28:112 20:76 8:32 34:136 25:97 18:70 16:64 16:64 20:78 37:145 34:136 33:131 3:11 17:67 10:40 36:144 25:97 13:51 11:43 40:156 2:8 15:57 12:44 28:108 22:88 13:51 6:22 22:88 32:124 33:131 38:150 7:25 2:6 37:145 31:121 2:8 32:126 6:22 31:121 19:73 11:41 34:132 8:30 49:193 40:160 5:17 2:4 31:121 13:51 8:30 12:44 27:105 35:137 22:88 40:158 10:38 28:112 5:17 20:76 29:113 15:57 2:4 16:62 30:120 15:57 24:94 18:70 32:126 36:140 10:40 16:60 32:128 26:104 9:33 7:25 1:3 34:134 4:16 1:3 35:137 1:1 33:131 22:84 11:41 40:156 26:104 5:19 12:44 18:72 36:140 31:123 38:150 32:124 40:158 5:19 6:24 3:11 33:131 28:108 8:28 34:134 1:1 22:88 22:88 38:148 22:88 10:40 3:9 5:19 28:108 4:16 11:43 28:112 16:62 16:62 28:110 38:150 6:20 13:51 18:70 1:3 10:36 22:84 19:73 39:153 29:113 40:160 24:94 21:81 16:62 12:44 19:73 ; 
L -104 -134 -10 58 -63 -124 -92 -83 -147 -88 -102 -40 55 120 -83 -21 83 -131 -66 2 140 -131 -54 -55 140 -88 -81 -4 132 -75 2 112 76 112 138 -15 125 -144 -42 146 77 99 -35 -35 47 48 47 25 -114 43 26 56 11 -133 149 -72 48 49 39 57 -67 -41 -57 -75 65 32 -102 -83 66 -121 1 12 -50 143 121 69 -145 -82 -50 -54 -32 79 75 101 -52 110 95 -36 133 -9 -87 118 -26 35 118 -58 -2 119 -101 36 44 -142 64 136 -69 -102 63 -150 -120 113 -44 -84 68 -146 54 53 -111 5 149 -133 120 102 -47 65 148 -125 125 28 -78 -120 103 128 -24 144 -69 -74 -69 -144 59 6 36 102 34 103 -16 -4 9 -109 -24 150 -102 17 134 17 96 -120 -99 58 -111 -107 20 -51 -71 114 54 126 -149 150 -130 -63 90 118 55 -53 -84 11 -108 40 -124 -82 -21 -52 -24 -139 -116 -77 132 -40 -95 -104 28 2 -38 -16 -80 108 133 -110 11 -107 ; 
58 15 31 92 26 78 77 62 57 51 31 7 38 52 74 49 81 80 65 71 47 61 38 14 68 98 32 24 3 71 85 40 83 68 22 20 81 69 56 24 61 60 52 62 37 41 30 81 21 87 41 50 51 6 22 88 85 23 31 11 74 52 6 16 4 62 41 32 68 28 15 39 100 39 87 85 24 11 31 61 69 33 43 29 35 46 84 99 70 62 34 65 47 24 94 37 53 48 1 82 70 93 39 32 8 65 94 31 74 90 77 89 62 26 4 72 73 73 13 55 44 96 16 3 16 34 56 2 80 90 63 6 79 20 35 56 20 13 81 28 7 26 34 10 91 34 50 59 43 50 42 23 78 47 71 18 62 51 31 10 92 40 99 23 96 29 71 21 61 30 49 59 11 60 19 89 70 3 48 30 14 27 83 11 16 58 32 12 93 1 94 52 78 21 80 35 71 27 63 28 78 ; 
L -104 -134 -10 152 58 -63 -124 -92 -83 -147 -88 -102 -40 55 120 -83 -21 83 -131 -66 2 140 -131 -54 -55 140 -88 -81 -4 132 -75 2 112 76 112 138 -15 116 139 24 52 -154 38 -77 132 -40 -95 69 -144 24 -128 -103 120 78 -125 125 -148 -65 47 -120 133 -149 -5 111 -53 -54 146 -110 -68 84 44 -113 120 150 -63 102 69 -136 -64 142 -44 -36 101 -119 2 58 -118 -35 26 -133 36 -66 83 102 -32 -65 75 41 67 -57 -39 -49 -48 72 95 -2 -28 104 -74 -69 -144 59 6 36 34 103 -16 -4 9 -109 -118 87 9 -155 -153 -24 150 151 -102 17 134 17 96 -121 1 12 -50 55 -53 -84 11 -108 40 143 121 69 -145 -82 -50 -54 -32 79 75 101 -52 110 -149 133 -11 -56 -26 -43 114 -25 -47 -48 -47 35 35 -99 -77 -146 42 144 -125 -133 -108 80 21 82 124 -118 -90 63 130 -150 149 -126 -54 -114 71 51 -20 107 111 -58 99 120 11 -107 ; 
24:92 6:24 13:49 18:68 26:104 11:41 32:124 31:123 25:99 23:91 21:81 13:49 3:11 16:60 21:83 30:118 20:78 33:129 32:128 26:104 29:113 19:75 25:97 16:60 6:22 28:108 40:156 13:51 10:38 2:4 29:113 34:136 16:64 34:132 28:108 9:35 8:32 11:41 7:25 5:17 34:132 10:38 8:30 26:104 13:51 5:19 38:148 18:68 14:56 8:32 32:126 3:9 26:100 36:144 11:41 23:89 14:54 7:25 2:4 45:177 18:70 22:88 6:20 30:116 30:116 29:115 2:6 4:12 21:83 25:99 36:142 31:123 36:144 30:118 13:49 38:150 26:104 4:12 13:51 16:62 38:148 28:112 33:131 1:1 20:76 22:84 15:59 38:150 10:38 5:19 28:112 3:9 28:108 13:51 17:65 25:99 2:6 1:1 21:83 30:118 5:17 13:49 10:36 34:136 52:208 47:185 21:83 38:150 6:22 8:32 6:20 33:129 12:44 3:11 16:60 4:16 37:145 14:54 20:80 24:94 30:116 26:104 14:54 28:110 34:132 42:164 20:80 5:17 20:76 10:36 32:124 19:75 29:113 10:36 6:24 16:62 40:160 6:24 24:96 8:30 36:142 28:112 2:4 23:91 35:139 34:136 10:38 5:17 13:49 25:97 28:110 14:52 18:68 12:46 14:56 19:73 17:67 9:35 3:9 21:81 20:80 17:65 35:139 9:33 33:129 12:48 17:65 15:59 25:99 21:83 24:96 25:97 10:38 23:89 28:110 46:180 29:113 14:56 32:126 6:22 12:48 11:41 24:94 20:78 12:48 25:97 9:33 29:113 12:46 39:153 10:36 40:158 16:64 37:147 4:16 13:49 21:81 25:99 28:110 12:44 32:124 ; 
L 78 89 -17 -60 -79 127 -123 123 22 122 148 39 145 -111 84 71 45 128 127 -5 -111 -56 40 -96 33 -108 -126 48 -18 -12 69 -39 -63 -145 -83 -149 84 114 -44 2 114 -10 -77 115 -117 -18 -119 -27 91 31 -63 -140 75 79 97 -104 84 48 -25 148 -47 -120 -40 -56 -148 99 18 -80 -13 121 126 25 4 -29 -144 -134 -2 149 -90 21 75 -65 132 85 -30 120 -15 -116 -89 3 -90 63 78 53 -149 137 6 58 -76 5 55 -136 -44 28 -139 72 46 -97 127 70 7 75 23 150 -8 46 130 9 72 -83 -105 108 -1 -76 -34 -27 -61 103 106 74 5 -131 -101 -149 24 26 54 -143 93 -130 147 -20 -43 77 134 73 -65 73 -142 -44 -127 -31 18 7 30 97 -99 116 46 -144 74 -75 -144 -100 -140 -121 51 -139 -5 -90 52 -112 7 92 6 82 -89 127 125 -84 68 -100 -123 -62 -44 -144 -121 145 -12 4 22 -147 16 -23 78 -66 -114 5 142 -135 ; 
18 5 53 30 94 69 11 20 49 96 60 51 6 23 78 40 37 43 56 7 17 78 45 38 39 52 83 83 34 93 21 87 48 12 99 52 37 75 86 90 58 8 98 47 61 33 76 57 99 92 62 26 75 11 92 61 44 32 74 91 65 49 45 18 85 60 80 30 59 89 32 24 85 3 86 89 82 41 100 66 65 1 16 60 70 42 57 53 42 40 83 64 77 99 69 100 63 28 77 76 75 94 42 88 14 39 1 49 99 27 27 75 64 54 89 4 88 24 30 64 57 6 19 53 100 82 18 19 39 28 37 77 45 9 48 86 14 31 48 94 70 36 90 96 61 51 93 64 99 87 1 87 80 41 36 70 77 61 22 10 58 56 15 79 84 76 1 12 49 71 14 18 22 67 69 25 59 20 49 3 95 30 86 95 89 89 17 56 59 11 76 96 68 40 6 19 90 28 10 68 38 ; 
L 78 89 -17 -60 -79 127 -123 123 22 122 148 39 145 -111 84 71 45 128 -5 -111 -56 40 -96 33 -108 -126 48 -18 -12 69 -39 -63 -145 -83 -149 84 114 -44 -147 16 78 46 -97 -131 -101 -149 24 26 54 -143 93 -139 -5 155 -90 52 152 -112 7 92 6 82 -89 127 125 -84 68 -114 -2 -22 -4 -5 -147 130 -153 -145 121 144 117 -115 77 -151 10 -100 -123 -62 -44 -18 -119 -27 91 31 -63 -140 75 79 97 -104 84 48 -25 148 -47 127 70 7 75 23 150 -8 46 130 9 72 -83 -105 108 -1 -76 -34 -27 -61 103 106 74 -120 -40 -56 -148 4 -29 -144 -134 -2 149 -90 21 154 75 -65 132 85 120 -15 -116 -89 3 -90 63 78 53 -149 137 6 58 -76 5 55 -136 -44 28 -139 72 -31 18 7 30 97 -99 116 46 -144 74 -75 -144 -100 -140 -51 121 -25 -126 -121 13 80 -18 -99 -12 -20 -43 77 134 73 -65 73 -142 -44 -127 -114 142 -135 ; 
8:28 2:8 22:84 12:48 38:150 28:110 5:17 8:32 20:78 39:153 24:96 21:81 3:9 10:36 32:124 16:64 15:59 18:68 6:22 7:27 32:124 18:72 16:60 16:62 21:83 34:132 34:132 14:54 38:148 9:33 35:139 20:76 5:19 40:158 21:83 15:59 30:120 35:137 31:121 28:108 16:64 12:48 20:78 17:67 18:72 4:14 20:76 35:137 6:22 13:49 20:76 5:17 20:78 12:48 34:136 6:22 34:134 38:148 9:35 27:107 28:110 10:40 24:94 8:32 20:78 2:4 38:152 8:32 24:92 44:176 31:121 10:38 19:73 28:112 38:152 9:35 23:89 7:27 36:140 25:97 19:75 36:144 20:78 8:28 35:137 38:152 36:142 14:54 31:121 23:91 40:158 37:147 25:99 11:41 30:120 5:17 37:147 25:97 18:70 13:51 30:118 37:145 26:104 34:132 11:43 11:43 30:120 26:102 22:86 36:142 2:6 36:140 10:38 12:48 26:102 23:91 3:9 8:30 22:84 40:160 33:131 8:28 8:30 16:62 12:44 43:169 18:72 8:28 34:136 35:139 2:4 35:137 36:142 33:131 17:65 40:160 27:105 29:113 14:54 1:1 7:25 24:96 3:9 23:91 22:84 17:67 16:64 34:132 26:102 31:123 40:158 28:110 40:160 26:100 12:44 31:123 31:121 30:120 38:150 17:67 36:140 6:22 16:62 19:75 32:128 17:65 15:57 28:112 31:123 25:97 9:35 4:16 24:92 23:89 6:24 32:126 34:134 7:27 1:1 31:123 10:38 13:51 36:142 24:94 12:48 32:128 34:134 2:6 36:144 39:153 25:97 21:81 38:148 26:102 40:158 35:139 1:1 36:140 5:17 28:108 16:60 ; 
L -86 -133 -140 -20 -9 110 96 6 8 -72 58 144 82 144 16 116 98 34 -66 -129 125 -123 31 57 -97 53 11 -146 86 71 93 -10 -84 -58 123 45 30 -29 -90 114 -60 -82 24 24 -12 74 128 148 89 107 90 19 94 -126 -64 -91 -140 -84 -81 -41 -77 106 49 -50 -51 -83 147 -129 -104 -149 -106 68 46 -137 -51 -60 -128 -104 51 149 -117 23 135 121 -24 22 147 131 65 -121 79 67 -119 62 128 77 110 -1 -59 113 122 -149 68 105 -68 145 -60 68 -102 -41 55 136 139 -131 -35 -63 -134 -106 59 15 -22 114 148 22 21 -13 -71 116 -112 -51 57 -43 25 141 104 22 92 15 4 -33 -96 96 -146 107 -57 -130 -114 -100 55 -127 -30 -9 -142 75 -35 -44 27 10 103 39 47 -58 32 -60 -88 -19 33 -13 22 -6 45 52 -23 -118 -14 127 -38 32 -105 1 15 106 108 11 -84 93 34 -45 -51 -72 -46 -103 -43 135 81 -57 -23 -2 -74 -13 ; 
88 21 17 74 99 66 28 68 16 84 72 50 90 59 30 4 45 95 96 39 70 29 98 23 89 1 13 84 5 53 45 70 73 85 24 61 73 22 7 92 29 69 90 9 53 76 92 67 48 36 92 4 68 93 56 49 74 42 80 21 14 71 42 91 55 96 87 10 44 41 63 9 27 97 65 57 81 58 46 12 82 33 7 50 95 7 33 46 78 73 89 4 17 98 58 71 51 23 53 50 70 20 52 69 62 17 7 30 18 2 21 28 48 18 20 47 46 38 29 20 64 80 50 88 92 22 64 58 8 92 91 3 76 70 13 56 51 79 82 82 31 55 82 65 6 14 88 77 15 98 14 51 22 36 81 56 50 89 16 84 79 14 73 84 92 66 41 10 54 6 17 26 21 40 39 37 57 76 85 7 27 33 66 69 53 50 54 34 62 33 44 33 27 24 73 18 84 69 27 42 8 ; 
L -86 -133 -140 -20 -9 110 96 6 8 -72 -104 -141 -25 43 -57 51 112 -116 71 13 -21 -22 -151 153 34 -150 105 38 -127 14 118 23 -52 -45 6 -22 13 -33 19 88 60 -32 58 -47 -103 -10 -27 44 35 -75 142 9 30 -131 -35 -134 -106 1 -110 -77 -128 -62 119 -67 -79 -65 -131 -147 -22 24 -121 -135 117 -149 -51 104 128 60 51 137 -46 -68 106 -148 -114 22 -15 -59 -59 113 122 41 102 -68 60 -145 68 -105 -68 149 55 136 139 98 -152 149 104 129 -147 83 51 50 -49 -106 77 41 -30 -45 -123 89 107 90 19 94 -126 -64 154 -91 -140 -84 -81 -29 -90 114 -60 -82 24 24 -12 74 128 148 58 84 10 -93 -71 130 57 -107 146 -96 96 33 -4 -15 -92 -22 -125 129 66 1 15 106 108 11 -84 93 34 -45 -51 -86 146 -11 -53 82 144 16 116 127 -55 100 114 -72 -46 -103 -43 135 81 -57 -23 97 -57 -31 123 58 144 -2 -74 -13 ; 
36:140 9:33 7:27 30:118 40:158 27:105 12:44 28:108 7:25 34:134 2:6 6:20 28:112 31:121 2:4 37:145 37:147 4:12 24:92 26:102 9:35 37:147 37:145 3:11 35:137 8:28 34:136 10:36 23:91 15:59 16:62 16:64 9:33 11:41 7:27 3:9 22:86 4:16 17:65 27:105 37:147 34:134 30:116 6:22 8:30 7:25 36:142 20:80 23:89 33:129 15:57 9:35 21:81 4:16 8:32 14:54 16:60 20:78 10:36 21:81 29:113 24:92 40:156 7:27 2:6 38:148 32:124 19:73 14:52 3:11 38:152 20:80 14:52 33:131 5:19 19:73 24:92 33:129 23:91 26:104 39:155 11:43 4:14 10:38 20:80 32:128 26:102 8:32 14:52 20:80 28:112 4:12 1:3 8:28 12:48 3:11 7:27 25:99 28:110 21:83 14:52 12:44 20:76 12:48 9:33 19:75 17:65 18:70 4:16 35:139 39:153 22:88 37:145 17:67 29:113 6:22 9:35 30:116 25:97 23:91 15:57 37:147 2:6 28:108 38:148 23:89 8:32 18:72 30:118 17:67 32:128 9:33 3:11 37:147 12:46 28:110 36:144 4:14 22:84 31:121 37:147 27:107 6:24 34:136 30:116 28:112 18:72 44:172 6:22 3:9 26:104 33:131 22:88 13:49 33:131 33:131 32:126 21:81 28:108 28:112 16:62 35:137 11:43 14:52 27:105 28:110 22:84 20:80 22:86 14:54 25:99 6:20 2:8 34:134 6:20 5:19 24:94 12:48 2:6 15:59 40:156 6:24 31:123 22:84 18:70 14:52 11:43 10:38 30:116 8:28 34:134 25:99 36:142 10:36 40:156 34:136 20:80 35:137 11:43 17:67 4:12 ; 
L 119 143 29 -46 145 -91 74 22 12 -45 134 37 -149 -20 -29 62 -81 -138 12 96 -9 87 -139 110 11 -120 -140 86 85 112 27 -78 24 -139 128 148 -118 -45 -38 -124 49 -119 -18 -72 65 137 79 -70 -4 37 113 -131 -64 -134 62 67 90 11 149 104 8 -15 30 -142 -120 -106 85 -117 -36 94 -71 -129 37 -140 -49 53 2 -106 28 -32 2 -22 14 -95 -78 55 4 -56 71 -87 -70 105 8 -34 8 -113 -39 130 -66 59 19 -42 -27 -85 -96 11 -117 -14 -72 -108 -149 -29 -64 -84 -47 -132 96 24 74 44 147 -107 -148 -96 45 52 110 74 -61 -149 -117 -22 -18 23 -72 18 -25 -9 69 -142 -113 -62 -83 -77 -133 -33 -49 41 94 -40 63 -67 144 -126 -76 -66 -63 10 110 7 2 -7 -124 -81 -149 26 -31 -61 -46 -82 148 -105 -9 -6 108 87 -76 133 -43 -124 -19 -48 83 105 69 128 56 -38 44 59 140 147 -60 -122 -133 -1 -83 -96 23 -19 ; 
85 29 57 55 45 12 52 24 54 61 65 57 99 95 99 10 53 88 21 62 92 60 30 5 48 76 8 1 88 17 69 60 33 33 61 72 3 94 10 86 5 37 3 90 88 45 66 75 52 13 43 53 53 50 78 54 62 9 20 27 48 96 2 10 96 30 83 25 23 9 27 12 57 79 92 82 74 68 99 73 29 21 6 30 87 31 2 97 57 55 16 81 44 90 41 91 1 82 85 65 73 13 48 91 13 31 81 54 92 6 95 80 71 68 71 15 48 56 20 36 93 22 12 72 100 53 26 14 7 63 27 79 13 93 67 80 100 84 58 94 1 42 20 67 38 4 63 28 26 13 89 10 21 36 55 71 79 20 50 8 35 39 24 24 83 93 71 3 86 8 65 24 99 63 42 43 52 76 31 61 45 31 67 73 64 95 18 15 37 97 15 11 83 42 73 49 98 68 46 28 53 ; 
L 119 143 7 -149 26 34 -8 -105 70 87 -71 56 -4 78 95 -14 22 -2 32 -28 106 -2 -53 -152 49 140 -37 -139 128 148 -118 -45 -38 -124 49 -119 -18 -72 65 137 79 -70 -4 37 113 -131 -64 -134 62 29 -46 145 -22 23 -72 18 -25 -9 69 -142 -113 -62 151 -7 -124 -81 -83 -77 -133 -33 -49 41 94 -40 63 -67 144 -126 -76 -66 -63 10 110 67 90 11 149 104 8 -15 30 -142 -120 -106 85 -117 -36 117 149 61 -74 -110 -52 -45 96 148 107 -147 -44 -74 -24 8 -113 -39 130 -66 59 19 -42 -27 -85 -96 11 -117 -14 -72 -108 -149 -29 -64 -84 -44 38 -56 -128 -69 -105 -83 48 19 124 43 -133 -153 -81 -138 12 96 -9 87 -139 110 11 -120 -140 86 85 112 27 -78 24 129 71 -94 -62 29 -150 20 149 -37 45 -12 -22 140 147 -60 -122 -133 -1 -83 -96 -91 74 -59 -47 96 -31 -61 154 -46 -82 148 -105 -9 -6 -87 -108 -76 23 -19 ; 
34:136 12:46 19:75 20:76 38:148 17:67 36:144 18:70 33:129 7:25 22:88 23:91 39:155 12:48 35:139 12:48 3:9 9:33 12:46 30:116 40:158 28:108 30:118 33:129 3:9 37:147 32:126 17:65 25:97 29:115 2:4 38:150 4:16 35:137 2:8 15:59 2:4 36:144 36:140 18:72 27:105 30:120 21:83 6:20 18:68 22:84 22:84 20:80 32:124 22:84 22:88 18:72 4:14 8:28 27:107 32:128 40:160 34:134 24:92 38:150 1:1 17:67 10:38 27:105 10:38 10:38 19:73 27:107 16:60 2:6 26:100 12:44 11:41 6:20 36:142 4:16 9:33 15:57 22:88 29:113 32:126 8:32 20:80 8:30 25:99 4:14 8:32 11:43 20:76 39:153 1:3 4:16 39:153 12:48 34:132 10:40 10:36 42:166 11:43 26:100 3:11 6:22 11:41 22:84 40:160 29:115 5:19 9:35 38:148 15:57 8:32 14:56 37:145 1:1 33:131 34:136 26:104 30:116 6:20 20:76 37:145 6:20 13:49 33:129 22:86 37:147 3:9 38:152 32:128 29:113 28:108 36:140 15:59 6:24 8:28 38:152 26:102 30:116 27:107 13:49 18:72 25:97 13:49 24:96 8:32 36:140 9:33 25:99 37:147 24:96 12:48 2:8 20:76 31:121 4:12 1:1 36:140 7:27 28:110 24:96 14:52 20:78 5:19 11:43 11:41 4:16 39:155 1:3 38:152 40:158 20:78 25:97 22:86 13:51 5:17 34:132 17:67 30:116 20:78 40:156 28:108 15:59 21:83 3:11 32:128 15:59 37:145 2:4 4:16 35:139 4:12 26:104 10:38 40:158 26:100 9:35 18:68 29:115 10:40 12:44 22:84 ; 
L -23 -90 -27 99 -85 37 -131 -77 -45 142 -49 8 87 -37 132 142 40 -106 -103 103 140 -31 27 30 -49 -22 -21 93 125 3 27 -130 15 27 -26 -8 102 60 126 18 -42 12 3 -71 102 -69 -59 -109 -135 -14 62 92 43 109 28 -140 -140 -90 97 -29 -128 -90 -102 -14 -101 31 128 36 -74 -73 -130 -49 101 -139 -12 30 62 82 28 -45 113 125 115 -107 41 106 -134 -15 -137 97 -91 98 -43 131 -83 48 147 28 24 -141 3 -26 -112 36 10 65 77 114 79 50 62 123 44 -29 50 -94 -124 128 -105 72 38 -30 62 -135 27 39 145 -145 -112 -129 28 -132 -41 -9 -24 -25 -68 -134 -147 -64 -22 63 -145 -98 -132 118 78 -77 -2 117 -23 42 83 -79 29 -99 14 -142 107 8 -45 -110 61 135 -37 -39 -49 -115 35 -103 50 149 26 -123 141 98 141 -30 22 106 -4 -71 63 82 42 92 -129 54 93 115 -12 -12 11 126 49 6 51 -110 35 -10 ; 
50 80 27 33 47 5 25 89 76 5 64 12 32 72 10 18 88 62 36 18 47 31 85 68 72 37 100 11 1 39 48 18 76 40 17 60 67 35 9 59 73 53 33 74 25 18 52 47 92 46 13 50 95 84 72 7 80 96 11 67 95 55 1 16 60 19 17 88 95 73 61 96 37 19 33 60 88 55 100 47 88 17 48 83 92 36 42 20 55 81 31 10 92 40 56 6 20 34 82 25 35 4 36 41 15 59 83 78 41 79 23 77 62 90 42 95 80 79 94 58 88 74 47 19 99 4 72 94 42 62 4 63 21 82 33 28 89 7 81 52 15 68 92 51 38 36 7 68 97 64 91 65 62 81 100 91 20 14 64 33 55 50 26 20 18 77 83 78 69 54 58 94 75 73 95 54 58 2 16 7 99 90 46 59 82 58 37 53 71 51 99 13 15 30 36 56 34 52 6 28 90 ; 
L -23 -90 -27 99 -85 37 130 73 74 -36 -128 -31 101 14 102 90 128 29 90 140 140 -28 -109 -43 -92 -62 14 -79 -114 -77 -65 -10 -36 112 26 -3 141 -24 -28 -147 -48 83 135 109 59 69 -102 71 -3 -12 125 3 27 -130 15 27 -26 102 60 126 150 18 -42 -93 21 22 49 -30 -27 31 -140 -103 103 106 -40 -142 -132 37 -87 -8 -142 45 77 131 -49 101 -139 -12 30 62 82 153 -71 63 82 42 -4 92 -129 54 93 115 -12 63 -145 -98 -132 118 78 -91 98 -43 131 50 62 123 44 -29 50 -94 -124 128 -105 72 38 -30 62 -135 27 39 -145 -112 -129 28 -132 -41 -9 -24 15 134 -106 -41 107 -115 -125 -113 -151 45 -28 -49 -126 -11 12 22 -152 64 147 134 30 -141 -98 123 -97 137 -25 -68 -45 -110 61 135 -37 -39 -49 -115 35 -103 50 149 -106 -22 -8 -107 -154 142 -14 99 -29 79 -83 -42 23 -117 2 77 -26 6 51 -110 35 -10 ; 
20:80 32:128 11:43 14:52 19:75 2:8 32:126 25:97 30:116 38:152 36:140 7:27 8:30 24:96 7:25 1:1 22:88 38:152 0:0 39:153 32:128 3:11 29:115 34:134 38:152 20:80 6:20 27:105 17:65 32:124 34:132 24:94 6:24 17:65 15:57 2:6 14:56 10:40 33:131 14:54 8:32 3:9 7:27 37:147 19:75 21:83 8:28 10:40 30:118 14:52 10:36 16:62 20:76 8:28 31:121 16:64 7:27 39:153 14:56 4:14 17:65 38:150 30:116 13:49 5:17 40:160 15:59 29:115 28:108 34:136 13:49 19:75 8:28 15:57 25:99 36:140 8:28 4:16 29:115 13:51 17:65 2:8 31:121 36:142 17:67 15:59 8:30 14:52 24:96 36:140 22:88 34:134 65:259 19:73 24:94 33:131 45:177 11:43 15:59 22:84 29:113 21:81 40:158 22:88 37:147 21:81 16:60 15:57 3:11 25:97 4:16 37:147 16:64 40:156 10:36 31:123 25:99 36:144 17:67 38:152 32:128 32:126 38:150 24:92 36:140 30:118 19:75 8:30 40:158 2:6 12:46 17:67 25:99 2:6 26:100 9:33 33:131 14:52 6:24 8:32 17:67 15:57 37:147 34:132 20:76 7:27 29:115 33:129 19:75 20:80 15:57 12:48 6:24 11:41 10:38 35:137 21:83 33:129 1:1 1:3 24:92 24:92 23:89 33:129 28:108 36:142 13:49 20:80 11:41 8:32 8:28 31:123 34:132 32:124 28:110 22:86 24:92 38:150 13:51 3:11 19:73 14:52 40:156 8:28 6:22 8:32 37:145 40:160 33:129 25:99 26:104 37:145 26:102 39:155 22:88 38:150 14:54 21:83 3:9 12:44 36:144 ; 
L 3 -7 52 58 -60 -114 -85 113 -4 58 33 113 71 108 34 -143 14 122 146 -95 140 7 -75 28 57 108 33 148 -83 -108 -95 29 83 -115 25 -61 -38 -62 55 -7 52 -94 -91 -76 -137 142 109 146 -50 97 -4 -101 50 -37 29 -115 107 -94 63 92 -52 -9 30 -54 -94 103 71 -42 -12 109 -113 105 -33 -46 95 -14 -110 69 -86 83 -42 65 -17 26 145 -147 148 7 143 -97 89 -24 -79 143 113 -39 67 122 147 -83 92 144 53 108 146 -48 126 139 -16 -33 15 100 -125 73 103 14 -59 34 117 -88 2 -21 -29 73 -65 130 -84 69 -20 -112 134 -9 81 91 132 -37 -139 -4 111 -75 -2 53 115 143 99 71 85 -10 -131 118 112 94 65 38 -150 -60 -67 -91 141 -65 -98 -70 -41 -16 -40 18 -54 101 -76 -90 -84 92 -37 36 36 104 -75 -19 11 -58 142 -60 -35 112 -118 142 -32 -1 116 -145 137 34 85 33 -73 46 -108 -53 -150 87 ; 
24 11 27 60 54 38 30 48 13 87 73 11 74 12 64 53 57 45 13 43 98 8 52 13 99 32 85 8 83 94 93 10 41 62 90 81 58 90 82 68 26 23 43 91 44 17 85 18 26 37 31 21 97 93 48 63 53 18 83 2 75 64 5 19 28 42 7 2 77 100 72 3 26 55 24 56 95 69 63 22 83 85 75 34 42 35 79 58 8 87 19 44 96 11 91 67 20 34 81 2 61 66 15 22 55 4 86 13 69 1 56 89 46 76 36 74 68 26 19 38 43 44 49 46 41 62 57 24 73 82 60 92 56 85 51 8 64 3 86 65 84 32 100 2 2 57 83 56 57 96 56 79 58 85 61 68 100 53 48 2 73 16 9 72 81 30 54 81 64 94 85 1 39 16 65 30 67 95 36 39 77 43 15 99 68 84 28 75 38 68 76 59 91 22 69 9 45 39 39 69 92 ; 
L 3 -7 52 58 -112 35 60 -142 58 -11 19 75 -104 -36 -36 37 -92 84 90 76 -101 54 -18 40 16 41 -155 70 98 65 -141 91 67 60 150 -38 -65 -94 -112 -118 53 -111 4 139 37 -132 -91 -153 -81 9 -134 112 20 -69 42 -71 -103 137 34 94 54 -67 39 -113 -143 79 24 -89 97 -143 -7 -148 -152 147 -145 -26 17 -65 42 -83 86 -69 110 -95 46 33 -105 113 130 -84 -63 -151 94 -107 115 -29 37 -50 101 4 -97 -154 50 -146 -109 -142 95 108 83 -33 -108 -57 -28 75 145 -116 1 32 118 -60 -114 -85 -7 -140 95 -146 -122 143 -34 -108 -71 30 122 147 -83 92 29 83 -115 25 -61 -38 -62 55 -7 52 -94 -91 -76 -137 144 53 108 146 -48 126 139 -16 -33 100 -125 73 103 14 -59 34 117 -88 2 -21 -29 73 -65 -109 12 92 -52 -9 -113 -33 -58 4 -113 85 33 2 75 115 143 99 71 85 -10 -131 -73 46 -108 -53 -150 87 ; 
10:38 5:17 11:43 24:96 23:89 40:158 6:24 18:68 31:123 16:62 15:57 38:152 27:107 12:48 26:104 7:25 16:62 1:1 34:136 38:150 26:102 33:129 22:86 12:48 33:129 29:115 11:41 26:104 7:25 30:116 1:3 20:76 22:84 40:160 28:108 25:97 34:136 24:92 32:126 23:89 10:40 34:134 35:137 2:4 26:102 4:12 21:81 33:129 23:91 23:89 37:147 24:96 33:131 30:116 14:52 1:3 3:11 25:97 24:94 40:156 12:44 11:43 8:32 27:107 37:145 5:17 39:153 18:70 8:30 35:139 4:12 24:92 32:124 14:52 14:56 17:67 14:54 30:120 34:136 34:132 9:35 26:100 28:110 24:96 10:38 22:88 11:41 2:4 19:73 23:91 6:24 27:107 8:32 8:28 22:84 26:100 20:76 38:148 39:155 9:33 13:49 20:78 15:57 11:41 8:28 34:136 7:25 38:148 38:150 16:62 34:136 13:51 40:158 6:20 23:91 28:108 16:60 30:120 37:147 27:105 16:60 12:48 12:48 4:12 40:156 18:68 6:20 8:32 22:84 26:102 5:19 18:70 11:41 33:129 1:3 25:97 15:59 17:65 25:99 36:144 33:129 24:92 36:144 33:131 28:108 11:41 10:36 18:68 37:145 18:70 16:64 6:24 9:35 22:88 2:6 35:137 6:20 28:110 1:1 5:17 19:73 31:121 15:57 30:118 28:108 11:41 8:30 16:60 18:68 18:70 20:78 19:73 17:65 36:140 40:160 22:88 30:120 26:102 14:56 5:17 30:116 35:139 6:20 26:100 9:35 20:76 34:134 33:129 1:3 1:3 23:91 34:132 23:89 23:91 50:198 4:14 18:72 16:62 16:62 28:110 37:147 ; 
L -13 39 -25 101 -120 111 -146 19 -97 6 -65 -100 66 46 54 46 79 109 -139 97 65 9 -54 -94 21 23 -73 -135 -141 -34 -104 -130 4 95 -134 -143 26 -145 -116 109 45 8 -63 -121 66 -100 150 -65 90 147 -91 82 -92 -48 149 8 113 8 -28 -78 -95 -15 -80 60 -35 -103 -29 41 121 7 -6 8 -134 -30 36 68 34 32 -77 33 -54 -63 101 -50 93 -14 -122 113 -39 74 60 -130 -126 133 69 -138 60 90 -134 -20 -102 112 131 -80 -109 -105 -60 83 -7 124 -7 -136 137 -108 -31 -87 56 47 121 -97 143 29 -74 -113 67 -126 -144 91 28 39 100 45 28 50 97 99 -60 35 98 -104 -60 70 16 94 -34 112 -38 -98 -60 -94 -89 -121 63 16 67 13 106 80 108 -134 -50 -57 66 128 145 -97 42 130 95 100 -81 -142 -51 100 -150 149 -79 104 135 99 -136 -2 17 -115 -146 -129 -81 7 8 39 115 -144 81 74 1 -122 -92 25 -141 116 ; 
67 51 75 11 31 1 48 36 52 78 10 59 15 93 48 58 28 95 12 79 28 10 85 53 51 15 84 6 36 9 91 51 35 96 77 53 84 97 31 98 65 48 47 31 25 78 67 36 2 91 70 54 56 72 85 58 25 83 20 17 81 16 22 9 21 33 65 45 86 63 34 85 55 82 78 80 10 75 3 61 96 98 5 28 40 16 76 67 9 63 97 6 7 100 28 92 99 62 15 10 35 22 32 26 79 88 57 8 16 20 74 70 35 12 53 15 50 41 81 54 84 76 57 40 81 10 61 43 7 77 18 98 81 80 36 14 31 57 3 3 35 26 51 97 92 78 42 85 36 46 83 4 21 66 54 65 91 61 22 76 69 93 41 20 67 16 55 26 52 90 3 97 18 32 68 32 44 73 23 55 21 62 47 38 45 84 29 59 74 12 60 17 3 96 100 80 92 64 89 79 94 ; 
L -13 39 -25 101 -120 111 -146 19 -97 6 -65 -100 66 46 54 46 -15 154 -80 60 -35 -103 -29 41 121 7 -6 -47 -32 -34 -68 -36 30 134 -8 -70 60 -151 134 -90 -60 138 -69 -133 126 130 -60 -74 39 -113 122 14 -93 50 -101 -147 -90 65 -150 100 -66 121 63 -8 -45 -109 116 145 -26 143 134 -95 -155 -4 130 104 34 141 135 73 -23 -21 94 54 -9 -65 -97 139 -79 38 -112 34 -94 -16 121 -97 143 29 -74 -113 67 -77 33 -54 -63 -91 50 97 -60 152 35 -104 106 129 146 115 -45 -100 -39 -28 -91 -13 -67 -16 -63 121 89 94 60 98 95 78 28 -8 -113 -8 -149 48 -82 -17 2 136 -99 -135 -104 79 -149 150 -100 51 142 81 -100 -95 -130 -42 97 -145 -128 -66 57 144 126 -56 87 31 108 -137 136 7 -124 7 -115 -39 -8 -7 81 80 108 -134 -50 -20 -102 112 131 -80 -109 -105 -60 153 83 -144 81 74 1 -122 -92 25 -141 116 ; 
27:107 21:81 30:120 5:17 13:49 1:1 20:76 15:57 21:83 32:124 4:16 24:94 6:24 38:148 20:76 24:92 9:33 23:89 6:20 4:14 9:33 14:52 26:104 18:72 35:137 26:100 14:54 29:113 12:48 30:120 4:16 32:128 32:124 33:131 22:88 14:56 11:41 16:64 2:6 6:24 25:99 40:158 37:147 12:44 40:160 3:11 3:9 39:155 26:100 4:14 27:107 31:121 7:25 16:64 12:44 7:27 37:145 1:3 15:57 27:107 32:124 10:40 13:49 19:75 20:76 26:104 40:156 13:49 39:155 34:134 22:84 31:123 20:76 32:124 14:56 21:81 37:145 4:14 15:57 3:9 34:134 6:24 21:81 22:84 34:136 4:16 12:44 32:126 5:17 40:158 17:67 32:124 37:147 39:155 45:177 22:86 34:134 31:121 23:91 16:64 33:129 1:3 25:97 39:153 40:156 24:92 3:11 15:57 10:38 7:27 24:94 3:9 40:156 30:120 34:134 18:72 26:100 40:156 8:28 31:123 3:11 24:92 26:104 22:86 27:105 9:33 2:6 34:132 19:73 15:57 4:14 33:129 7:27 8:32 34:132 10:40 24:92 34:136 6:20 24:92 19:75 25:99 9:33 22:88 10:36 30:116 18:70 13:51 28:108 13:51 8:28 39:155 2:4 36:144 21:83 11:41 22:88 7:25 27:107 8:32 17:65 37:145 25:97 9:35 20:80 6:24 22:84 5:19 14:56 28:112 30:118 8:32 2:8 24:96 5:19 30:118 24:94 6:24 9:35 31:121 28:110 18:68 14:56 9:35 13:51 11:41 32:126 36:140 23:91 31:121 36:142 12:44 2:4 39:153 40:160 32:128 37:147 26:102 36:142 32:126 38:150 ; 
L 75 -91 -143 -13 142 23 -100 119 34 -42 58 134 100 50 120 -129 -17 -8 -63 117 12 39 94 -14 -123 84 118 132 -104 88 -23 -54 -49 -130 99 -25 -150 -66 29 -79 -6 98 68 -119 -119 124 62 -23 -108 81 -85 70 -16 118 -119 22 5 -52 141 -131 83 52 -60 -40 -23 -67 -15 -98 42 12 128 5 145 -149 -90 -34 -63 -37 -95 -139 -70 20 106 -143 -78 74 -78 -86 29 -92 -30 -29 130 -127 -86 18 -120 51 57 76 -113 64 -84 -145 -96 -25 2 14 81 -20 36 89 -53 58 105 -89 -75 126 114 -38 -138 -147 -8 53 30 1 -58 -6 -35 -114 -98 -43 84 -124 25 134 -129 -71 133 141 11 134 -75 109 83 -141 136 -143 -7 9 -146 55 32 131 134 -146 -66 80 19 -7 95 42 -57 -79 15 -117 -34 -92 121 -81 -136 75 98 92 -39 -56 -131 -47 12 -46 67 144 62 -133 90 121 -102 -62 -19 -116 -135 78 9 -14 94 53 97 -78 63 2 ; 
34 8 99 41 91 71 99 3 57 21 63 63 70 16 94 92 22 100 36 43 75 63 51 16 67 52 2 27 10 21 56 73 58 26 66 97 68 15 45 28 2 80 73 68 31 51 86 44 29 92 1 83 4 51 69 17 33 89 64 94 27 78 55 42 3 37 38 71 30 23 27 13 2 67 91 44 96 41 63 74 68 46 70 78 44 99 88 51 39 33 13 22 48 51 66 59 58 27 19 50 2 60 92 19 81 37 32 58 97 26 21 41 19 65 51 56 11 40 73 34 99 38 88 28 48 31 4 30 43 14 28 96 97 33 61 18 36 63 80 58 29 91 89 77 67 87 53 56 63 77 14 48 1 19 74 10 13 64 29 48 21 38 24 47 21 59 40 80 16 62 11 20 36 89 92 30 15 77 37 31 92 9 80 45 2 99 70 39 19 51 13 73 81 26 85 49 65 86 49 16 74 ; 
L 75 -91 -143 -13 142 23 -100 119 34 -42 -106 -20 70 139 95 37 63 34 90 -152 149 -145 -5 -128 -12 -42 98 15 67 23 40 60 -52 -83 131 -141 52 -5 -22 119 16 -70 85 -81 108 23 -62 -58 53 -89 -36 20 -81 -14 -2 25 96 145 84 -64 117 12 39 94 -14 -123 -143 -7 9 55 32 131 134 -146 -66 80 19 -7 95 42 121 -57 -79 15 -117 -34 -92 121 113 -76 -57 -51 120 -18 86 127 -130 29 -151 30 92 -29 86 78 -74 78 143 58 134 100 50 -129 -17 -63 -81 -136 75 98 92 -39 -56 -131 114 35 6 58 -1 -30 -53 8 147 102 -90 -98 -43 84 -124 25 134 -71 133 -38 -138 134 -75 109 83 -141 136 84 118 132 -104 88 -23 -54 -49 -130 99 -25 -150 -66 29 -79 -6 155 98 68 153 -119 -119 124 -144 -67 46 -12 47 133 -62 105 -89 154 -62 -19 -116 -135 78 -75 126 114 141 11 9 -14 94 53 97 -78 63 2 ; 
14:54 4:12 40:158 17:65 37:145 29:113 40:158 2:4 23:91 9:33 28:110 28:112 19:73 28:108 30:118 26:100 17:65 39:153 18:70 36:140 33:131 27:107 1:3 6:20 11:43 10:36 12:48 29:113 16:60 15:59 2:4 17:67 22:88 32:124 11:43 38:150 26:102 36:142 14:52 7:27 27:105 2:6 34:132 1:1 37:147 12:46 18:70 33:131 26:104 8:30 17:65 9:33 11:41 39:155 24:92 13:51 15:59 33:129 8:30 37:147 22:84 30:120 26:100 21:81 7:25 27:107 38:150 26:100 31:123 5:19 1:1 8:30 30:118 4:16 6:20 26:102 12:46 20:76 9:33 16:60 21:81 22:84 19:75 9:33 24:94 16:64 32:128 7:25 22:86 1:3 20:80 8:30 11:43 24:92 24:94 27:105 21:81 20:76 24:92 20:76 6:20 14:52 16:62 21:81 36:140 40:158 18:70 29:115 26:100 28:112 7:25 39:155 9:35 1:1 24:92 5:17 8:32 15:57 36:142 37:147 12:48 6:24 26:102 6:22 18:68 12:48 2:6 13:49 20:76 12:44 36:140 17:67 36:142 8:30 39:153 39:155 14:52 25:97 8:28 10:38 32:128 14:52 40:158 47:187 36:142 31:123 27:107 35:139 22:84 6:22 1:3 11:43 4:16 9:33 23:89 30:116 24:92 11:41 27:105 39:155 28:108 6:24 18:72 12:44 1:3 26:102 38:152 30:116 31:123 1:3 13:49 21:81 34:132 4:14 37:147 13:49 15:59 10:38 18:72 21:83 23:89 12:48 12:44 8:30 21:81 6:20 30:116 11:41 16:64 30:116 24:94 12:46 30:120 11:41 34:136 20:78 26:104 35:137 20:78 7:25 30:118 ; 
L 81 7 23 -89 138 67 -145 51 101 59 4 62 -84 109 62 73 53 -18 82 -124 85 -147 -47 -56 -110 -106 -39 -21 60 -136 1 -34 -30 -133 35 42 55 -91 -70 -113 -41 148 -53 67 -87 -48 131 -26 -108 -80 105 148 5 -77 56 129 138 125 -45 -101 123 -136 117 -147 137 -143 140 76 32 43 79 -109 -45 95 -37 -108 -39 76 -30 -125 101 -52 -141 -95 -43 79 -111 -14 -8 -89 121 -110 -22 121 150 37 -40 87 -4 52 -50 -48 92 64 12 -66 -96 -122 -144 -98 -146 -52 115 -146 -77 88 134 122 119 148 75 -55 -45 -99 -139 134 -79 62 -130 46 -141 -128 73 33 -44 92 -54 -37 105 -1 79 36 -18 20 51 112 -80 124 -84 123 99 47 82 -85 100 -24 -67 -126 94 40 -75 124 14 62 109 123 143 46 -7 54 -61 29 -45 78 -61 73 -32 36 -23 105 -56 59 -25 -83 28 84 -109 -109 26 92 -148 124 -6 -137 46 -132 3 -112 -141 112 ; 
64 73 83 11 47 82 81 94 74 13 14 5 48 7 75 58 81 64 7 4 52 87 49 2 33 23 49 89 81 82 100 38 71 24 65 22 57 7 36 19 70 86 48 75 74 67 8 76 3 96 5 60 23 33 3 1 24 75 68 96 67 2 66 11 98 54 3 9 5 35 20 85 69 68 34 62 36 38 61 30 45 46 48 14 79 83 69 63 63 81 2 69 50 51 19 20 18 31 93 70 81 100 24 55 32 87 40 46 86 25 73 86 32 84 69 73 100 71 63 62 65 1 83 45 8 43 97 32 64 70 18 44 64 16 10 97 22 100 1 42 71 96 9 46 65 2 81 76 94 47 81 5 82 52 46 92 31 71 93 86 22 99 45 40 86 74 54 24 45 61 23 35 2 45 56 87 9 45 32 47 81 2 61 32 19 55 56 71 5 9 93 29 99 60 2 36 33 96 22 78 83 ; 
L 81 7 23 -89 138 67 -145 101 59 4 62 -84 109 62 151 73 53 -18 82 -124 99 45 55 -75 -30 -125 101 -52 -141 -95 -43 79 -111 -14 -51 -20 18 -36 -79 1 -105 37 54 -92 44 -33 98 144 122 96 66 -12 -64 -92 112 -80 124 -84 123 99 47 82 -85 -73 128 141 -46 130 -8 -89 121 -23 -110 -22 121 150 -84 -28 83 25 -59 56 -105 115 -77 88 134 122 119 148 -76 39 108 37 -95 45 109 -79 -43 -32 -76 -140 143 -137 147 -117 136 -123 101 45 -125 -138 -129 -56 77 -148 -105 108 26 -131 48 87 -67 53 -148 -152 41 113 70 91 -55 -42 -35 133 30 143 46 -7 54 -61 29 154 -45 78 -61 73 34 -1 136 -60 21 39 106 110 56 47 147 -85 -139 134 -79 62 48 50 -155 -52 4 -87 40 -37 -109 -109 26 92 -148 124 153 -6 -137 46 -132 3 52 146 100 -24 -67 -126 32 -123 -109 -62 -14 75 -40 -94 36 -112 -141 112 ; 
26:102 30:116 34:132 5:17 19:75 33:131 33:129 61:241 6:20 6:22 2:8 20:76 3:11 30:120 26:104 31:123 33:129 26:102 3:11 2:6 23:91 18:72 34:132 1:1 40:156 12:48 18:72 19:73 20:76 6:22 32:126 34:132 28:110 26:100 26:100 26:104 19:73 4:14 39:153 29:113 17:67 1:1 40:160 9:35 39:155 4:16 23:91 10:40 35:137 19:73 16:64 35:139 13:51 22:88 6:24 33:129 31:121 38:150 19:75 33:129 2:8 33:131 21:83 6:20 26:102 18:70 8:28 28:112 26:100 33:129 1:3 15:59 25:97 20:80 21:81 8:30 23:89 22:88 8:30 13:51 25:97 1:3 33:129 19:73 28:110 30:116 40:160 29:113 26:100 25:99 12:44 16:60 15:57 25:99 14:54 28:108 28:110 34:136 8:32 14:56 2:8 4:14 2:4 22:86 40:156 5:17 27:105 1:3 27:107 39:153 28:108 30:120 10:38 1:1 2:4 12:48 24:96 24:94 2:4 31:121 4:12 27:107 30:118 30:120 20:76 26:104 38:148 28:112 8:30 15:57 3:11 23:91 9:35 26:104 10:38 43:169 10:38 18:72 25:97 10:36 14:56 14:52 15:59 18:72 23:89 35:139 6:24 16:60 40:160 33:131 33:129 36:142 20:78 10:36 14:52 1:3 20:78 35:139 2:4 18:68 39:155 13:51 5:19 40:160 16:62 21:81 28:112 38:148 13:49 8:28 8:32 29:113 2:8 4:14 38:148 12:46 23:89 36:144 24:96 1:3 15:57 14:52 42:168 35:137 26:104 37:147 13:49 29:113 38:150 6:20 30:118 35:137 16:64 13:51 9:35 35:137 18:70 11:43 9:35 32:124 34:132 ; 
L 77 -135 27 -147 59 26 127 116 -75 34 64 118 27 -6 78 139 26 118 114 20 29 73 54 -21 139 127 -131 -113 -61 -19 -59 -134 -5 139 87 -121 -3 87 38 -92 150 -96 127 138 87 -17 -68 48 -62 6 39 26 33 -2 -102 -147 -148 99 30 -33 128 -79 21 118 -18 -149 104 81 80 -93 92 61 49 -13 -7 -60 -21 -36 -20 121 106 -9 47 -64 -55 92 -67 -148 128 -18 108 -94 79 53 -97 41 -58 -68 116 42 -125 -81 -124 123 -27 -5 100 118 -98 -119 -25 73 84 122 -80 33 144 50 -80 92 99 111 -54 143 -103 -132 88 86 33 139 -6 -111 -103 -109 36 -100 45 -85 -130 123 83 -97 132 28 -1 -92 49 137 21 -111 95 -42 -102 63 36 -84 75 -91 10 101 52 -116 108 -92 -24 -78 34 -62 14 103 -20 -70 -34 -87 83 -59 -20 92 68 -106 52 133 134 -113 72 79 -31 -96 95 72 -17 -65 -79 -121 12 -77 131 16 -63 -16 ; 
5 90 82 72 38 27 29 10 39 66 3 42 19 30 70 94 20 92 8 82 20 47 36 43 17 36 55 67 69 61 19 60 6 5 85 89 17 85 92 79 96 50 21 31 14 43 39 42 76 9 13 93 18 74 11 74 29 23 18 83 58 67 78 43 67 60 37 79 6 58 34 57 22 67 1 92 50 67 23 69 58 89 8 94 78 89 3 71 45 70 60 39 11 39 77 46 52 15 80 48 8 2 1 100 65 86 35 69 27 86 1 88 53 68 17 44 72 83 97 41 27 77 27 48 79 74 37 68 53 71 57 58 24 12 71 41 82 38 88 69 73 23 38 30 88 70 63 35 8 68 63 18 24 23 93 50 51 67 27 87 80 9 79 46 71 97 49 53 11 40 37 54 97 65 48 64 46 11 43 66 22 92 77 25 13 94 43 73 73 65 15 40 17 38 37 1 76 78 70 67 6 ; 
L 77 -135 49 137 21 -111 95 -42 111 6 -139 -33 -86 -88 132 103 -143 54 -111 -99 -92 80 -50 -144 -33 80 -122 -84 -73 139 127 -131 -113 -61 -106 -121 20 36 21 60 7 13 -49 -61 -92 -152 93 -155 -80 -81 27 -147 59 26 127 116 -75 34 64 118 27 -6 78 139 26 118 20 29 73 -19 25 119 98 -118 -100 5 27 -123 124 81 125 -42 -116 68 30 -33 128 -92 -104 149 18 -118 -21 -67 -148 128 -18 108 154 -94 79 53 -20 -70 -34 83 -59 -20 92 68 -106 52 133 134 -113 -79 -121 -77 72 58 -41 97 -103 -14 62 -34 78 24 92 -108 116 -52 -101 -10 91 -75 84 -36 -63 102 -103 -109 36 -100 45 -85 -130 123 83 -97 132 28 -1 -79 -92 55 64 -47 9 -153 54 -21 -59 -134 -5 139 87 -121 -3 87 38 -92 150 -96 127 138 -17 -68 48 -62 6 39 26 33 -2 -102 -147 -148 99 79 -31 -96 95 -17 -131 65 16 -63 -16 151 ; 
2:8 36:144 16:64 14:56 4:12 28:108 26:100 8:28 11:43 24:92 23:91 29:113 22:84 28:108 15:59 30:118 32:126 20:76 11:43 31:123 11:43 17:65 39:155 34:132 29:115 18:70 7:27 28:108 22:84 22:86 15:57 22:88 27:107 28:110 25:99 24:92 28:110 10:36 27:107 20:80 37:147 1:1 27:107 9:35 23:91 16:60 26:102 40:160 31:121 3:9 43:171 29:115 16:60 11:43 12:46 4:16 16:62 27:105 2:4 17:67 8:30 12:48 28:112 38:150 8:32 37:147 12:48 8:32 19:75 12:44 21:81 1:1 35:137 11:43 28:110 14:56 35:137 26:104 40:160 1:1 1:3 4:12 20:76 32:128 9:33 34:132 24:92 24:92 31:123 15:59 24:96 27:107 18:68 8:32 29:113 18:72 28:112 24:96 1:1 29:115 5:17 16:62 9:35 22:86 39:155 36:142 26:102 19:73 5:17 18:68 27:105 9:35 37:147 31:123 10:40 3:11 16:60 4:12 25:99 8:32 21:83 19:73 37:147 16:64 5:17 22:84 20:78 39:155 29:113 19:73 32:126 4:14 32:128 35:139 11:43 27:107 21:81 20:80 38:148 10:36 9:33 5:19 29:113 17:65 33:131 16:60 36:140 28:110 30:116 10:36 16:60 12:48 36:140 32:126 25:97 36:142 32:124 38:150 4:12 38:148 20:80 18:68 8:30 24:96 3:9 2:8 34:136 36:142 7:27 34:136 37:147 32:126 39:153 20:80 9:33 13:49 18:72 16:62 17:67 31:121 4:14 6:20 38:148 8:28 30:118 5:17 30:118 12:46 10:36 35:137 18:68 30:116 30:116 22:86 32:126 15:59 16:62 28:112 27:107 18:68 23:91 ; 
L 11 -77 -89 -34 48 -66 -47 123 -112 122 -92 -13 -122 146 -136 -64 59 -1 141 53 -87 -134 86 63 116 109 55 -92 -73 -133 130 -61 116 -72 70 109 -143 49 -1 -122 -49 -146 32 -134 -72 -132 118 59 -144 -54 -104 -60 12 29 26 3 -61 -145 145 -64 -56 -22 64 60 132 -51 8 -61 -55 77 -9 82 -124 -150 113 -72 -70 -105 2 138 -5 -35 -95 113 -40 -10 31 103 45 -135 39 1 -45 24 -23 86 29 -68 95 -85 -76 -78 -139 -12 -7 -105 -117 33 -130 -132 78 -53 -69 126 -31 -103 -94 113 37 -104 9 -73 21 92 150 130 -128 98 22 17 47 -142 49 -91 -74 24 -35 31 65 -109 87 32 18 24 28 32 99 121 -134 -114 -103 86 -71 -29 -135 -99 -110 102 -100 -18 107 -61 -115 -96 25 -144 -36 45 -44 38 140 23 -54 -135 -32 -29 58 15 138 129 63 113 -7 -132 140 -47 -93 55 -149 -61 103 -117 81 -22 -8 -96 -13 -134 136 56 ; 
29 58 96 88 17 37 68 23 39 12 20 30 93 91 7 28 92 99 39 21 95 46 89 3 13 45 62 16 66 69 56 28 12 45 60 8 69 96 57 36 58 49 2 94 51 72 17 34 4 38 72 52 69 52 93 90 61 9 41 91 62 30 48 17 82 57 8 94 64 11 50 74 60 77 32 42 47 25 45 43 43 61 6 14 27 69 70 10 75 86 16 30 63 33 26 11 36 34 39 96 19 100 93 22 28 1 89 33 68 78 81 44 31 93 91 16 41 46 32 31 6 55 81 81 1 20 77 26 21 23 20 35 55 80 62 40 89 86 42 58 73 96 82 59 75 23 12 39 21 75 69 15 39 36 50 37 29 36 66 20 80 50 90 34 7 24 32 83 98 65 23 100 88 51 70 90 17 58 50 81 52 24 74 40 81 69 37 27 95 96 58 63 9 28 64 97 29 78 23 41 22 ; 
L 11 -77 -89 -34 48 -66 -47 123 -112 122 -92 -13 -122 146 -64 59 -1 86 -71 -29 -99 -110 102 -100 -18 107 -61 -115 105 70 72 -113 150 124 -82 9 -77 55 61 7 12 139 78 76 85 -95 68 -29 -86 23 -152 -24 134 13 96 8 29 32 22 -81 -63 -129 -138 -58 135 54 -23 117 -103 61 149 -55 93 45 -1 -132 -39 135 -45 -103 -31 10 40 -113 95 35 5 -8 51 -132 -60 -64 22 56 64 -153 -145 145 61 -3 -26 -29 -12 60 104 54 144 -59 -118 132 72 134 -32 146 49 122 1 -49 143 -109 -70 72 -116 61 -130 133 73 92 -55 -116 -63 -86 134 87 -53 -141 103 -154 -134 -114 -121 -99 -32 -28 -24 -18 -32 -87 109 -65 113 37 -104 9 -73 21 92 150 130 -128 98 22 17 47 -142 49 -91 151 -74 24 -35 31 94 103 31 -126 69 53 -78 132 130 -33 117 2 138 155 -105 -96 25 -144 -36 45 -44 38 140 113 -7 -47 136 56 ; 
12:46 24:92 39:153 36:140 7:27 15:59 28:108 10:36 16:62 5:19 8:32 12:48 38:148 37:145 6:20 37:147 40:158 17:65 16:62 15:57 35:137 12:46 15:57 27:105 8:32 32:128 20:80 36:144 6:24 10:40 19:75 17:67 13:51 31:123 24:96 30:118 20:80 5:17 26:102 8:28 12:44 9:35 38:148 40:160 8:30 39:153 16:62 14:54 15:57 5:17 5:17 10:38 15:57 32:124 12:46 39:155 27:105 36:144 15:57 12:44 8:30 21:83 33:129 21:83 20:78 21:81 36:140 24:96 26:100 24:92 39:153 38:152 11:43 12:44 26:100 19:75 15:57 7:25 35:137 30:120 4:16 28:112 28:110 11:43 6:22 3:9 25:97 45:177 4:12 23:91 33:131 7:27 20:76 12:48 25:99 15:57 29:115 17:65 4:14 25:97 36:144 38:148 21:83 28:110 21:83 29:115 16:60 2:6 14:54 7:27 29:115 21:81 38:150 1:3 20:78 24:92 15:57 23:91 39:153 28:110 4:12 24:96 18:72 5:19 12:44 23:89 28:110 27:105 7:25 35:139 6:20 2:4 36:142 19:73 38:152 9:33 6:20 14:56 15:57 30:120 9:33 16:62 5:19 10:36 30:120 24:94 33:131 39:153 30:116 24:92 13:49 13:51 13:49 3:9 22:88 33:129 33:129 1:1 8:32 31:123 11:41 9:33 10:36 8:32 14:56 22:88 32:128 19:73 17:65 16:64 36:142 35:137 23:91 17:65 7:25 37:145 38:148 13:49 18:70 33:129 32:124 28:108 14:52 44:172 18:68 27:105 8:28 18:72 3:11 10:38 13:51 34:132 40:156 26:104 10:36 22:86 30:118 25:97 12:46 17:65 9:35 ; 
L -98 93 1 -43 -84 -69 -89 -90 71 -80 149 -60 67 -110 140 2 -126 -52 29 122 -104 -148 -37 136 135 99 -109 58 106 -88 15 142 -142 -108 128 -47 40 -36 33 -104 110 -89 138 -79 78 117 106 106 81 8 -124 -8 119 125 93 91 -24 -80 -133 108 -105 123 29 90 40 108 -109 -90 -99 141 -59 -135 -149 -128 -93 142 -41 -109 9 -72 -63 -13 -15 83 34 102 5 -85 -66 15 -27 -16 143 112 37 127 -31 -33 127 101 -106 -86 -138 74 88 115 94 139 -100 9 80 -11 -77 -148 98 144 69 -48 -7 133 24 -94 54 58 31 -47 111 -68 108 149 37 -125 -43 -116 63 -18 1 86 62 -137 139 35 -97 -17 -112 13 54 51 123 -136 61 71 -45 -131 -67 94 -134 16 134 28 -17 88 119 -78 89 4 36 -128 35 -117 -73 -27 -14 109 126 -83 -2 97 -61 88 42 -37 47 -122 130 27 21 -29 80 140 -67 -11 -103 56 -135 -28 -116 19 -13 141 ; 
41 94 44 77 10 6 7 54 35 54 82 1 76 60 48 85 17 95 67 21 43 27 57 88 75 59 6 54 64 32 56 99 2 84 10 25 34 100 94 13 47 35 2 11 35 18 50 100 42 58 8 15 57 7 31 48 89 74 70 52 74 6 84 30 96 80 34 60 91 18 28 1 81 29 32 31 30 18 90 36 79 54 66 72 43 42 71 28 9 88 81 15 25 45 63 85 74 60 72 95 43 86 45 31 58 69 61 40 35 3 80 77 35 62 22 25 77 58 46 32 57 77 22 73 52 62 78 26 50 59 2 41 63 53 70 92 66 4 63 66 47 13 69 19 19 13 100 32 16 91 37 66 29 27 23 78 39 18 38 17 78 57 67 94 18 96 22 16 50 34 11 41 49 3 26 83 83 78 89 94 72 56 38 52 42 57 12 97 62 75 69 99 43 15 7 75 57 28 14 32 93 ; 
L 93 1 -43 -84 -69 -89 -90 71 -80 149 -60 67 -110 140 -126 -52 29 122 -104 -148 -37 136 135 99 -109 58 106 -88 15 142 -142 -108 128 -47 40 -36 33 -104 110 -89 138 -79 78 117 15 13 63 -9 109 41 -142 93 128 149 89 4 36 -128 35 -117 -73 -27 -14 109 126 -83 -2 106 -101 -127 33 31 -127 -37 -143 16 27 -15 66 85 149 37 -125 152 -43 -116 63 -18 1 135 59 -154 -141 99 90 109 -108 -40 -29 80 140 -67 -103 108 -105 123 56 -135 -28 151 -90 -29 133 80 24 -91 -93 -125 -119 8 124 -8 -81 -106 -106 83 34 102 5 -108 68 -111 47 -31 -58 -150 -54 94 -24 -133 7 48 13 54 51 123 -136 61 71 -45 -131 -67 94 16 134 28 -17 88 119 -78 86 -11 62 -137 139 35 -97 -17 -112 -69 -144 -98 148 77 11 139 -100 9 80 -153 -94 -115 -88 -74 138 86 97 -61 88 42 -37 47 -122 130 27 21 -116 19 -13 141 ; 
47:187 18:70 31:123 4:16 3:9 3:11 22:86 14:56 22:86 33:131 1:1 31:121 24:96 20:76 40:160 38:152 27:107 9:33 18:68 11:43 23:91 36:140 30:120 24:94 3:9 22:86 26:102 13:51 23:89 40:158 1:3 34:134 4:16 10:40 14:54 40:160 38:150 6:20 19:75 14:56 1:3 5:17 14:56 8:28 44:176 27:105 22:86 20:76 36:144 8:28 12:48 13:49 13:51 12:46 18:68 39:153 9:35 7:25 20:80 14:54 5:17 17:65 20:78 2:4 11:41 34:132 34:132 31:123 18:68 38:152 29:115 24:96 30:118 34:136 17:65 10:40 6:24 33:129 36:140 4:14 12:46 1:3 17:65 10:40 35:139 22:84 28:112 37:147 27:105 20:80 1:1 34:136 10:38 8:28 37:145 24:96 14:54 32:128 49:195 25:99 30:120 28:110 29:115 16:62 30:118 3:9 40:158 3:11 30:120 41:163 25:99 12:48 6:20 28:112 30:118 36:142 20:76 13:49 3:11 23:91 6:24 4:12 24:92 17:67 40:160 5:19 18:68 17:67 29:113 24:92 20:80 11:41 32:124 25:99 21:83 27:107 13:49 9:35 31:123 23:91 13:51 19:73 12:46 40:160 13:51 7:25 37:145 15:59 27:105 12:46 11:43 10:36 32:124 18:72 16:60 7:27 32:124 23:91 27:107 38:150 4:16 16:62 30:118 27:105 19:75 6:20 28:110 8:30 8:30 17:67 31:123 10:40 9:35 25:99 14:56 26:102 14:56 2:4 32:128 6:20 18:72 25:97 28:110 24:92 13:49 18:72 35:139 36:142 38:150 29:115 23:89 16:60 21:83 17:67 23:91 5:19 36:144 12:44 6:22 13:51 38:148 ; 
L 26 -49 -46 -80 -74 36 121 66 138 70 60 -40 118 108 32 -124 -65 -132 90 -132 -1 -105 19 -122 -110 -32 11 15 -103 -103 14 66 -16 -30 -111 -4 -67 53 115 38 -139 117 31 1 29 143 53 20 -120 61 -13 28 -72 -48 -124 112 -84 -133 -130 5 95 -92 -11 9 -85 38 -82 86 -122 -71 -111 -8 150 126 41 -145 31 114 114 110 -102 55 52 67 128 -101 134 81 -73 41 -102 35 5 -91 -55 92 76 62 -83 -13 142 -42 -57 52 141 -17 -28 -84 -141 141 -139 51 -128 -43 -130 108 -142 9 -84 -73 -35 134 -92 106 -63 -64 -44 -129 -111 -90 -45 11 -121 115 77 -107 -142 -94 -126 5 -75 59 113 -7 23 -56 72 37 -45 -16 -125 72 -78 34 53 36 51 136 -121 -27 -20 101 -67 -124 112 65 116 127 72 79 -6 122 -145 15 -143 -61 136 54 -47 -39 -109 23 11 13 -5 149 122 -129 -127 -63 -129 -74 38 -150 47 -42 120 39 -82 -2 ; 
50 39 17 29 88 32 2 98 22 68 21 24 81 60 39 59 76 28 11 76 15 58 52 39 93 55 83 93 61 20 79 11 45 42 73 52 26 41 71 38 96 97 47 87 36 27 99 4 30 57 88 25 100 87 63 13 49 9 57 78 79 61 48 21 26 49 28 26 52 64 4 68 35 53 18 3 55 5 9 39 22 73 64 35 71 79 10 91 41 38 52 13 3 96 75 30 52 51 48 26 87 15 79 3 89 32 63 54 55 19 76 4 37 75 65 48 66 58 87 67 2 80 41 12 35 39 25 21 48 76 21 50 61 58 77 83 12 79 20 25 41 17 5 19 58 2 50 13 51 100 94 90 15 13 70 69 9 88 21 71 57 95 14 25 63 89 11 62 51 47 77 33 37 5 21 76 1 51 79 39 41 57 31 59 3 5 73 73 7 6 25 27 44 75 14 95 100 70 11 9 71 ; 
L 26 -49 -80 -74 36 121 66 138 155 70 60 -40 118 -6 122 -145 15 -143 -61 136 54 -47 -39 -109 23 -150 47 -42 120 39 108 32 -124 -110 -32 11 15 -103 84 -112 -139 51 -128 -43 -130 108 -127 -116 -65 -141 -52 57 42 -142 83 -62 -76 -92 55 91 -5 -35 102 -41 73 -81 -134 101 -128 -67 -52 -55 102 -110 -114 -114 -31 13 145 -126 -150 8 111 71 122 -86 82 -38 85 -9 11 92 -95 -5 130 133 -103 14 66 -16 -30 -111 -4 -65 -132 90 -132 -1 -105 19 -122 152 -67 53 115 38 -139 117 31 1 29 143 53 20 -120 154 61 -13 28 -48 -124 141 84 28 17 -112 124 67 -101 20 27 121 -136 -51 -36 -53 -34 78 -72 125 16 45 -37 -72 56 7 -113 -59 -11 45 90 -92 106 -121 115 77 -107 -142 -94 -126 5 -75 -63 -64 -44 153 -129 -111 -134 35 73 84 -9 11 13 -5 149 122 -129 -127 -63 -129 -74 38 142 72 151 79 -82 -2 ; 
20:80 16:62 5:17 36:140 13:51 1:3 40:156 9:35 36:142 23:91 9:33 10:38 33:129 33:131 14:52 15:59 2:8 9:33 31:121 1:1 21:81 32:126 16:62 17:65 23:91 17:65 6:22 38:152 40:160 28:112 17:67 16:62 24:94 31:121 22:88 34:132 38:148 25:97 10:36 20:78 16:64 2:6 15:59 30:120 26:104 20:76 32:128 25:99 5:17 14:52 36:142 2:4 32:126 6:24 21:81 20:76 21:81 21:83 12:48 30:120 39:153 2:4 6:20 21:83 16:60 17:65 37:145 4:16 32:126 29:113 14:56 26:102 30:116 9:35 16:62 4:14 2:8 20:80 27:107 6:24 22:84 14:56 28:108 2:6 26:102 21:83 11:41 12:44 20:78 11:41 9:33 20:76 25:97 32:126 32:124 23:91 3:9 32:126 5:17 18:72 17:67 30:116 21:83 19:73 12:44 5:17 31:121 6:24 24:92 21:83 16:62 51:201 26:104 17:65 29:113 16:60 39:153 39:155 19:75 35:139 15:57 11:43 40:158 2:6 12:48 16:60 26:100 36:140 10:40 74:292 26:100 26:100 22:88 22:86 26:100 36:140 26:100 10:40 6:22 38:152 23:91 29:113 9:33 36:140 4:14 28:110 28:112 6:20 6:24 36:144 38:150 40:160 21:81 6:20 20:80 15:59 8:30 2:8 23:89 20:80 9:33 14:54 5:19 9:35 24:92 31:123 34:132 5:19 32:126 8:32 10:40 17:65 14:56 16:62 10:40 8:28 30:116 20:76 34:132 32:128 1:3 27:107 35:139 26:102 24:94 2:4 2:8 30:116 30:116 3:11 3:9 10:40 11:43 18:70 24:94 15:59 8:30 30:120 10:38 4:14 29:113 ; 
L -124 -89 -112 -100 140 -122 -26 108 -96 -15 -57 -120 -148 -121 70 -80 104 98 140 -125 118 -62 -20 -71 -64 53 18 -100 2 -32 3 89 -84 107 78 116 -87 132 -71 -60 129 -90 -71 97 -34 119 -53 116 23 -150 -130 87 103 -147 111 -119 -23 -39 104 -35 6 133 45 -22 -68 -101 -145 -104 60 115 30 17 -70 64 -116 50 -13 -60 -57 -14 71 92 115 140 135 -18 -17 -93 -137 -67 -87 -81 -57 5 -125 129 -62 -95 59 -21 -131 -84 120 -31 -108 122 58 124 -20 -123 -87 -133 139 85 76 -132 67 44 91 62 -136 91 -99 -83 -70 71 -23 -105 122 -30 14 -144 12 -69 -85 95 -28 -82 107 -41 -95 75 92 32 -108 -19 -79 36 -26 -13 -75 -45 149 -135 -14 -69 106 62 -32 40 -143 12 40 96 -146 -70 -66 22 -148 113 65 11 32 107 119 29 -5 -62 -93 -149 -97 -14 -23 76 -98 -40 116 -46 130 -75 -29 -147 118 -74 147 11 -127 -144 51 -29 ; 
99 24 91 32 76 26 83 60 50 79 4 98 20 80 50 81 28 100 16 52 1 51 87 21 50 3 63 36 58 72 11 13 1 56 33 97 6 34 16 43 79 10 87 1 38 86 49 74 11 64 6 18 28 53 46 68 3 15 62 72 44 72 97 10 55 73 9 99 91 88 47 38 58 85 47 68 73 58 97 90 39 21 92 4 55 10 40 78 69 22 86 75 11 57 30 52 56 78 26 48 81 75 53 40 68 25 97 9 69 39 24 14 9 82 41 13 62 87 90 87 5 55 20 72 4 92 82 23 74 15 93 49 50 49 39 87 7 34 33 31 5 57 43 24 53 54 22 12 71 35 9 3 10 83 32 27 74 12 28 83 32 97 16 10 69 80 29 93 45 26 15 85 75 10 80 79 95 5 46 37 62 88 100 62 12 49 24 78 67 81 62 60 97 37 3 39 22 28 64 73 74 ; 
L -124 -89 -112 -100 140 -122 -26 108 -96 -15 -57 -120 -148 -121 -11 -135 -14 -69 106 62 -32 40 152 12 40 96 -146 -70 -66 22 -148 113 65 -153 -149 45 75 13 26 -36 79 19 108 -32 -92 -75 95 -100 2 -32 3 89 -84 107 78 116 40 98 -76 23 14 97 149 93 91 -99 -83 -70 71 -23 -105 122 14 -144 12 -69 -85 -23 -116 53 -119 34 -97 71 90 -129 62 5 -154 -29 147 -103 -87 130 150 151 130 -75 -29 -147 118 -74 147 11 62 -136 60 71 -132 87 -104 80 -70 32 107 119 111 -119 -23 -39 104 -35 6 133 45 -22 -68 -101 -145 -104 60 115 30 17 -70 64 -116 50 -60 -57 -14 71 92 115 140 135 -18 -17 -93 -137 -67 -87 -81 5 31 -120 84 131 21 -59 62 64 71 20 62 -118 125 -140 -98 116 -46 95 -28 -82 107 -41 -18 -53 -127 -125 129 -91 -44 -67 132 -76 -85 -139 133 87 123 20 -155 -124 -58 -122 108 -144 51 -29 ; 
40:158 10:38 37:145 13:51 31:121 11:41 34:132 24:96 20:80 32:126 2:6 40:156 8:32 32:128 33:131 42:166 13:51 11:43 30:118 5:19 12:44 34:132 38:152 18:68 7:25 4:16 28:110 32:128 12:46 38:148 18:72 11:41 6:24 22:86 37:145 4:16 2:4 4:14 14:56 29:113 5:19 9:35 22:86 22:84 10:38 18:68 23:91 13:51 24:92 29:115 5:17 6:20 1:1 23:89 14:52 39:155 1:3 20:78 5:19 25:99 40:160 36:140 25:99 15:59 20:76 8:32 29:115 2:6 37:147 33:131 10:36 30:118 44:172 20:78 20:80 20:78 16:62 24:94 5:17 30:118 20:78 35:137 16:60 1:1 35:139 4:16 36:142 2:8 33:129 16:64 27:107 22:84 12:44 8:28 3:9 11:43 10:40 33:129 25:99 24:96 39:155 15:59 2:4 16:62 14:54 2:8 18:68 18:68 7:25 14:54 36:144 12:44 33:129 18:68 4:16 32:128 24:92 28:108 2:4 6:24 25:99 29:115 18:70 29:115 39:155 4:16 22:88 30:116 4:14 40:158 37:145 36:140 19:75 16:60 24:92 34:136 19:75 28:108 25:97 39:155 36:144 16:62 9:33 37:147 2:6 22:88 4:16 16:64 32:124 28:110 9:35 35:137 30:120 22:88 21:81 16:64 22:84 30:120 33:129 20:76 36:140 6:20 20:80 9:33 35:139 21:81 1:1 21:83 7:25 16:60 32:124 51:203 3:11 14:54 14:52 13:49 4:14 26:100 7:27 10:36 21:83 42:166 36:144 35:139 25:99 6:20 17:65 33:131 4:14 6:22 10:38 16:62 18:72 20:76 4:14 39:155 10:40 21:83 26:102 30:116 30:118 ; 
L -123 97 -120 13 -138 -85 -111 -40 -150 -37 123 -75 -115 98 -64 -135 98 124 103 -63 -99 -84 129 -105 137 31 -24 -79 -110 -108 -23 -2 62 -138 126 143 99 -23 86 138 86 -21 -60 88 53 -30 87 -14 75 14 76 55 75 -5 -27 -23 50 17 -147 -82 91 143 -71 -149 56 51 7 -112 -9 13 2 63 6 -124 -12 -4 71 136 105 -103 -56 -48 -39 59 134 57 3 32 34 71 -83 -121 -12 -133 82 -112 -97 103 -133 114 -58 33 -25 -137 136 135 116 28 -11 124 145 -15 -29 108 -51 -130 -63 -102 -100 -73 -65 -64 -66 -91 31 88 -28 67 96 -55 27 127 -93 121 -59 36 -147 117 -1 67 118 10 -37 138 2 -146 72 -52 -71 97 53 -108 122 -44 125 36 147 144 -77 -143 -98 31 -78 110 -135 -12 -114 -120 64 -105 -118 -70 91 76 39 100 -23 98 117 117 -51 25 32 75 80 -29 -67 111 -21 -72 57 121 -142 113 4 148 150 111 59 -67 ; 
95 54 12 60 73 35 2 25 40 68 67 32 38 62 53 40 50 81 9 6 90 54 94 59 46 91 18 94 14 55 56 49 64 78 61 2 24 25 49 25 67 47 75 59 1 76 46 23 55 23 36 19 1 34 46 21 12 59 94 76 8 79 81 12 18 19 72 37 61 78 89 16 49 34 55 37 31 90 61 4 24 55 1 40 88 46 78 71 45 68 38 11 85 24 86 74 5 95 12 93 26 42 79 9 10 77 64 17 24 58 95 30 1 53 86 44 58 15 13 16 52 61 67 19 92 75 55 75 93 91 44 45 87 92 36 53 99 73 97 89 53 69 43 93 55 61 68 1 100 33 16 35 21 34 47 21 98 37 20 17 82 78 85 74 68 27 8 96 26 65 61 94 31 85 5 22 33 100 22 35 23 17 7 26 70 1 80 69 78 12 36 51 56 80 38 26 40 88 27 64 27 ; 
L -123 97 -120 13 -138 -85 -111 -40 -150 -37 123 -75 -115 98 -64 -135 98 124 -63 -99 -84 129 -105 137 31 -24 -79 -56 -48 -39 59 134 57 3 32 -143 -91 82 -127 -27 55 -96 -67 28 -88 -53 12 135 -110 -110 -108 154 -23 -2 62 -138 126 143 99 -23 86 138 86 -21 -60 88 -114 -120 64 -105 -118 -70 76 76 55 75 -5 -27 50 -147 -11 124 145 -15 -29 108 -51 -130 -63 155 -102 -100 -73 -65 -64 -66 -91 31 -59 36 -147 117 -71 97 53 -108 -117 -98 23 -100 -39 -14 -75 14 -87 30 -151 -121 93 -28 -116 -135 -136 137 25 -33 58 -114 133 -103 97 112 -82 133 12 121 83 -71 -34 -71 -149 56 51 7 152 -112 -9 13 63 6 -124 -12 -4 71 136 105 -37 138 2 -146 72 -52 57 121 -142 -103 78 -31 98 143 77 -144 -147 -153 -36 -125 44 -122 117 -51 -111 -150 -148 -4 -113 -10 -118 -67 1 72 21 -111 67 29 -80 -75 -32 -25 59 -67 ; 
38:152 22:86 5:19 24:96 30:116 14:56 1:3 10:40 16:64 28:108 27:107 13:51 16:60 25:99 22:84 16:64 20:80 33:129 2:6 36:144 22:86 38:150 24:94 19:73 37:145 8:28 38:150 5:19 22:88 1:1 16:64 36:140 19:73 32:124 29:113 49:195 32:126 4:12 54:216 18:72 18:70 37:145 38:148 30:120 22:88 30:118 1:3 11:43 28:108 28:110 22:88 18:68 22:86 20:78 26:102 32:124 25:97 1:3 10:38 10:40 20:78 10:40 27:107 19:75 30:120 24:94 3:11 39:153 11:41 26:104 25:97 38:150 6:24 11:41 8:30 1:1 14:54 19:73 1:3 28:110 14:54 24:92 38:152 12:48 1:1 22:84 35:137 18:70 24:92 8:32 2:8 6:20 7:25 21:83 25:97 27:107 8:30 37:147 12:44 22:84 40:158 30:116 21:81 14:52 7:25 14:56 4:16 9:35 40:160 14:52 9:35 6:24 10:36 22:88 10:36 19:73 14:56 36:140 37:147 8:28 7:27 26:102 31:123 4:16 4:14 32:126 17:67 11:41 38:148 5:19 38:152 2:8 30:118 35:137 10:38 34:136 5:17 16:60 28:108 2:6 5:19 8:28 8:30 29:115 2:4 38:150 25:97 32:124 24:92 20:78 14:54 22:88 15:59 13:49 36:144 25:97 19:75 38:148 22:88 25:97 28:108 1:1 39:155 21:81 23:89 16:60 13:49 34:136 32:124 33:131 7:27 8:32 15:59 40:156 3:9 9:33 19:75 14:54 19:73 10:36 13:51 36:140 16:64 11:41 16:60 17:67 28:110 22:84 36:142 34:136 5:19 32:124 28:110 32:128 1:1 28:112 11:41 3:11 5:19 26:102 11:43 ; 
L 76 -39 105 7 -55 -6 40 93 -59 -137 -130 -53 -89 -87 90 33 -23 -88 64 -72 26 -138 68 21 90 -122 -104 130 -48 -23 -107 134 -130 40 -143 49 12 42 -21 111 63 -73 14 -121 -64 -94 12 74 71 84 43 -28 103 38 -37 47 -72 90 -93 73 -106 14 136 -138 145 29 84 -95 -3 -26 -6 109 -64 -68 -146 -141 -79 -119 -96 -105 89 45 -124 -61 105 -34 32 37 -76 105 36 -105 40 -24 -122 42 -18 -137 109 147 135 -114 -24 128 -7 107 -16 -130 6 -48 13 147 -36 74 -80 -24 -105 22 27 103 42 38 -36 38 13 120 -38 84 -30 120 -87 -39 63 77 129 88 23 13 -90 -52 -37 -69 49 127 139 87 144 -119 41 61 88 -112 38 -79 34 -97 59 11 -68 -92 25 30 122 -88 -130 68 -126 -77 68 -130 -11 -39 9 147 96 14 75 50 117 103 71 120 -110 112 20 100 -96 60 2 24 -114 5 -58 67 -4 -42 -98 149 -114 28 ; 
53 46 8 80 62 69 4 46 88 84 62 54 48 34 72 24 94 94 46 30 3 12 54 3 45 85 58 56 74 24 99 96 21 27 77 96 21 25 13 15 43 91 90 71 13 38 90 34 30 94 54 27 63 79 23 13 6 40 80 17 29 75 80 90 55 83 54 66 8 83 20 48 14 81 98 55 6 31 83 29 97 84 92 7 9 29 54 47 5 78 15 87 88 23 3 98 14 31 15 41 5 8 3 36 56 23 57 43 51 46 20 28 64 35 52 19 1 69 18 70 32 47 78 35 64 19 83 66 28 20 5 82 62 98 9 29 2 57 79 97 50 95 27 3 35 15 70 5 36 15 69 72 20 61 56 97 4 87 99 59 20 56 7 87 79 63 6 86 20 76 52 40 63 32 86 23 80 39 8 89 10 13 77 78 11 92 99 13 4 94 6 43 94 36 43 41 72 27 21 28 21 ; 
L 76 -39 105 7 -55 -6 40 93 -59 -137 151 -130 -53 -89 -103 -117 -50 -75 -14 -96 -147 -9 39 11 105 36 -105 40 -24 -122 42 -18 -137 109 147 135 -114 -24 128 -7 107 -16 -130 6 -48 153 13 147 -36 74 -80 -24 109 -64 -68 -146 -141 -79 -119 -96 -105 89 45 -124 14 -61 105 -34 32 37 -77 -63 39 87 -120 30 105 6 26 3 95 -84 129 -79 34 -97 -87 90 33 -90 -21 -68 138 -26 72 130 -134 107 23 48 -130 22 27 103 42 38 -36 38 13 120 84 104 -154 122 -23 -88 64 40 -143 49 12 42 -21 111 63 -73 14 -64 -94 88 23 13 -90 -52 -37 -69 49 127 139 87 144 152 -119 61 88 -112 38 12 74 71 84 -28 103 38 -37 47 150 -72 90 -93 73 -106 -20 110 -120 -71 59 11 -68 -92 25 30 122 -88 -130 68 -126 -77 68 -130 76 -29 -145 138 -136 100 -96 60 2 24 -114 5 -58 67 -4 -42 -98 149 -114 28 ; 
22:84 19:73 4:12 32:128 25:99 28:110 2:6 19:73 36:140 34:134 3:11 37:145 22:86 20:76 10:40 36:142 4:12 16:62 32:128 10:36 35:137 13:51 26:100 16:64 21:83 6:24 35:139 36:140 10:36 2:4 40:156 6:22 13:49 6:24 17:65 2:8 4:12 2:4 15:57 23:89 10:36 23:91 18:68 21:81 19:73 27:107 27:107 12:44 26:102 14:56 21:83 8:30 8:28 6:22 33:129 40:156 22:88 3:9 13:49 34:132 12:46 39:155 34:134 37:147 25:99 8:32 4:14 12:46 22:86 19:75 4:12 40:156 25:99 33:131 2:8 8:32 16:62 13:49 8:32 34:132 4:12 27:105 8:32 22:88 23:89 39:155 9:33 29:115 10:38 32:128 18:72 2:4 22:86 5:19 2:4 6:20 9:33 39:153 40:158 10:38 30:118 23:91 8:28 28:112 13:51 19:75 32:124 14:56 26:102 8:30 12:48 23:91 32:124 3:9 40:158 38:150 19:73 18:70 31:123 39:153 9:33 10:40 6:20 6:24 18:68 37:145 36:144 21:81 16:60 14:56 1:3 23:91 32:126 39:155 20:80 38:152 11:43 2:4 14:56 6:24 28:112 20:80 39:155 12:44 28:110 29:115 8:32 36:144 14:54 12:48 38:150 6:24 26:100 32:126 10:36 6:20 39:153 17:65 16:64 32:128 7:27 12:46 38:152 28:112 31:123 6:20 1:3 35:139 40:158 24:94 8:32 23:89 3:11 35:139 32:126 26:100 3:9 35:137 8:32 31:121 32:124 16:64 34:132 22:88 36:144 31:123 40:158 6:20 2:6 38:150 3:9 18:68 38:150 15:57 18:68 17:65 29:115 11:43 9:33 12:44 9:33 ; 
L -93 -38 -5 -94 -84 -78 13 71 -106 3 -76 139 119 111 -141 -106 -128 -16 -103 24 75 39 -31 -139 17 36 -74 117 -89 -61 61 132 -128 -16 8 85 -61 31 65 97 60 -98 118 -98 63 94 28 -80 66 13 144 86 72 -73 -120 -10 -79 61 142 -100 -127 59 94 38 -88 -15 11 -73 29 2 -110 55 58 111 -147 -117 10 -105 -18 56 -125 -93 -31 -51 -67 103 -123 30 64 -70 -62 34 69 125 115 76 25 -78 -74 -68 46 55 -43 137 -65 12 -66 38 -124 -89 83 -133 -27 109 -43 113 -40 11 10 -59 -93 -148 -14 24 120 29 120 -48 62 110 -43 128 3 -58 89 109 81 -106 -4 -150 -13 -68 31 -38 -92 -6 -22 -89 -145 36 30 -139 -118 -72 135 57 8 44 128 39 -104 -110 107 12 150 -131 -149 -81 -95 -95 -92 -80 -86 -130 119 -132 4 127 -12 127 -124 -81 -85 -89 -86 -43 57 114 -21 1 52 -34 -125 -142 -81 -5 75 -143 -126 -112 ; 
71 82 9 75 71 19 37 37 31 96 54 71 97 18 62 7 76 98 61 30 96 2 14 35 96 17 46 86 30 71 16 7 87 32 53 44 41 52 99 4 17 28 3 14 40 44 85 39 48 46 5 40 30 9 58 33 40 66 72 92 92 76 13 29 45 21 10 45 36 15 85 83 64 28 98 69 31 61 40 50 58 56 17 23 77 84 84 19 11 42 67 40 7 94 17 46 70 62 50 40 70 97 54 53 100 7 78 87 58 91 56 48 47 81 78 12 79 61 47 96 51 84 4 80 25 24 31 88 60 22 76 46 20 15 46 53 6 68 57 15 43 27 78 58 88 70 50 13 64 84 77 23 17 11 52 29 33 16 55 25 77 24 44 96 3 60 39 39 77 7 38 36 5 7 8 75 73 10 39 64 52 39 70 57 28 26 42 20 21 94 51 79 5 64 99 90 19 46 70 66 29 ; 
L -93 -38 -5 -94 -84 -78 13 71 -106 3 -76 139 119 111 -141 -106 -128 -16 -103 24 75 39 -109 -89 58 -3 -128 43 -110 -62 -152 48 -120 -120 -24 14 148 -6 -22 -89 -145 36 -155 43 86 89 85 30 -139 -118 154 -72 57 44 128 39 -104 -110 107 12 150 -131 -149 -81 -95 -95 -92 -80 -86 -130 119 -132 4 127 -12 16 128 -132 -61 61 89 -117 74 -36 -17 139 31 29 2 -110 55 58 111 -147 -117 10 -105 -18 56 -125 -93 -31 -51 -68 46 55 -43 137 -65 12 -66 38 -124 83 -133 -27 109 -43 113 -40 11 10 -59 -93 92 38 -31 68 -151 13 150 4 106 -63 98 -118 98 -60 -65 -31 79 10 120 73 -72 -86 -144 -13 -153 -66 80 -28 -94 -81 73 -11 74 78 -25 -76 -115 -125 -69 -34 62 70 -64 -30 123 -103 67 15 88 -38 75 -94 61 142 -100 -127 59 61 -85 -8 127 -124 -81 57 114 -21 1 52 -34 -125 -142 -81 -5 -143 -126 -112 ; 
29:113 33:131 4:14 30:120 29:113 8:30 15:59 15:59 13:49 39:153 22:86 29:113 39:155 8:28 25:99 3:11 31:121 40:156 25:97 12:48 39:153 1:3 4:14 22:84 19:73 6:24 8:32 19:73 31:121 9:35 8:32 28:112 36:140 17:67 10:40 32:128 2:6 20:78 20:80 6:20 26:102 34:134 10:40 34:134 11:41 12:44 23:91 36:142 10:36 7:27 5:19 28:108 32:126 8:28 22:88 10:40 31:123 10:38 18:70 39:153 2:4 24:96 16:62 16:62 31:123 3:11 16:60 15:57 2:8 3:11 4:12 30:120 30:116 4:16 16:62 22:86 13:51 35:139 3:11 7:25 29:113 12:48 35:137 19:73 7:27 39:153 14:56 17:65 6:24 34:136 34:132 26:102 12:44 40:156 28:110 13:49 25:97 16:64 20:80 24:92 23:89 7:27 10:36 26:104 28:112 39:155 22:86 22:84 40:160 3:11 32:124 35:139 24:92 46:180 20:76 19:75 33:129 32:124 5:19 32:126 25:97 19:75 39:153 21:81 42:168 36:140 24:92 32:124 5:19 40:160 18:68 6:24 23:91 10:36 16:64 6:22 2:4 12:44 8:28 40:158 12:48 16:64 14:52 24:92 4:14 12:48 16:64 2:8 36:144 28:108 20:76 16:62 34:136 36:142 3:9 18:72 8:28 20:80 25:99 28:112 19:73 7:27 38:150 3:11 16:64 27:107 17:67 5:17 8:30 34:134 34:134 18:70 9:33 18:72 12:48 8:30 22:84 29:115 37:147 37:147 31:121 20:76 17:65 18:70 26:100 21:83 16:62 47:187 8:32 9:33 38:150 21:81 32:126 2:8 26:102 40:158 36:144 16:64 30:120 27:105 12:46 ; 
L 9 4 -23 -61 -114 -49 81 -99 51 -48 -66 -16 103 -119 -85 51 73 -130 -139 97 -150 -58 77 102 -53 47 107 -102 18 97 -46 -2 -145 -53 -129 81 106 120 -140 37 -107 88 -10 -107 -42 -101 -114 -34 83 90 -115 -73 -144 -73 124 -140 76 91 80 57 -7 41 -119 -109 -149 121 -94 23 -119 48 -58 66 26 -67 -143 -150 126 31 -83 -8 55 81 92 99 29 -17 120 59 66 93 -22 91 22 -38 -44 42 -88 -118 30 -23 -66 -96 107 80 -139 69 69 -69 -130 -36 143 -107 65 85 105 -88 22 -86 125 -89 -82 -95 -6 105 102 -10 -84 17 67 23 5 -109 148 107 -73 -82 -11 -64 93 9 121 -97 -1 -43 111 70 125 -19 -104 -146 -130 5 55 90 -100 -149 -14 -27 106 72 134 110 -4 -106 2 -98 111 -101 -148 122 128 67 -149 -74 -123 43 -134 51 10 -70 28 48 120 -43 -119 92 116 13 -108 109 -90 54 -120 54 -148 -12 -143 38 -138 33 ; 
89 14 6 99 69 12 3 8 14 24 87 100 74 7 21 1 88 69 70 20 82 46 43 12 20 5 27 72 11 35 35 90 33 10 54 5 3 4 9 78 79 95 15 11 41 1 7 67 49 32 63 66 7 51 69 74 40 18 100 30 71 17 24 88 62 16 23 58 20 58 12 7 35 83 42 61 76 23 93 31 71 92 28 33 43 51 46 91 4 2 7 18 1 98 25 14 47 4 16 92 79 86 18 73 100 16 51 73 23 55 59 14 65 58 57 65 78 69 25 89 8 43 2 90 32 5 18 77 27 59 27 80 36 32 66 74 65 56 11 37 33 70 38 29 72 71 96 52 81 8 34 15 42 25 36 50 5 21 74 60 52 91 14 80 100 62 94 25 28 76 57 67 84 14 22 77 57 1 26 75 12 96 8 70 10 21 56 53 45 97 8 87 51 74 99 42 67 34 30 73 98 ; 
L 9 4 -23 -101 -148 122 -23 -67 -17 84 10 -102 -105 6 95 82 89 -125 86 -22 88 -105 -85 -65 107 -143 36 130 69 -69 -69 139 -80 -107 96 -26 -66 -61 -114 154 -49 81 -99 51 -48 -16 103 -119 -85 51 73 -130 -139 97 -150 -58 77 102 -53 47 107 -102 18 -67 -143 120 -140 37 -107 88 -10 -107 -42 -101 -114 83 90 -115 -73 -144 -73 124 -140 76 91 80 57 -7 41 -119 -109 -149 -150 126 31 -83 -8 55 81 92 99 29 -17 120 59 66 151 93 -22 91 22 -38 155 -44 42 -88 30 -23 -66 97 -46 -2 -145 -53 -129 81 106 121 -94 23 -119 48 -58 -111 98 -2 106 4 -152 -110 -134 -72 -106 27 14 149 100 -90 -55 -5 130 146 143 12 148 -54 -54 90 -109 108 -13 -116 82 149 -43 -67 -128 5 -109 148 107 -73 -74 -123 -134 51 10 -70 -92 119 43 -120 -28 -11 -64 93 9 121 -97 153 -43 111 70 125 -19 -104 48 38 -138 33 ; 
36:142 6:22 3:9 26:104 12:44 31:121 24:96 24:94 11:43 31:123 8:28 2:8 13:51 36:144 1:3 18:68 4:12 36:142 10:40 28:110 32:124 26:104 23:91 24:92 26:104 6:22 24:94 22:88 10:36 30:116 21:81 7:25 40:160 30:116 8:28 54:216 14:56 21:81 28:110 35:137 20:78 2:4 4:12 6:22 10:38 72:284 30:118 3:11 9:33 1:1 36:140 28:110 28:112 8:32 33:131 19:73 18:68 5:19 8:32 2:8 11:43 29:115 5:17 26:100 17:67 4:14 4:14 32:124 32:126 38:152 6:24 5:17 17:65 1:1 3:11 30:116 13:51 26:100 27:105 3:11 21:81 28:110 30:118 16:64 8:28 40:160 12:48 29:113 7:27 10:38 36:140 25:99 26:104 31:121 10:36 38:148 13:49 29:113 37:147 12:44 14:52 18:68 21:81 19:73 37:145 2:6 7:25 7:27 3:11 8:28 1:1 40:156 17:67 24:96 6:22 19:75 6:20 37:147 32:126 3:9 14:56 36:144 14:52 4:16 22:86 2:8 2:4 3:11 10:36 24:92 8:32 24:92 5:19 6:24 38:150 25:99 40:160 32:128 21:83 29:115 37:145 21:83 24:96 30:118 9:33 2:8 20:80 15:57 10:40 17:67 6:24 14:54 6:22 27:107 17:67 40:158 8:28 35:139 4:12 39:155 18:72 22:84 26:100 20:76 34:136 28:110 27:107 10:38 32:128 15:57 13:51 27:105 16:64 9:35 26:102 1:1 11:41 30:120 23:91 9:33 4:16 28:112 4:12 6:20 23:89 5:17 15:59 14:52 28:112 30:116 22:84 29:115 29:113 39:153 21:83 33:129 28:112 22:86 12:48 30:116 40:156 ; 
L 55 74 35 -94 47 -71 44 -59 33 -21 -74 -86 -18 -48 119 112 65 -85 -83 -54 114 -19 -44 138 -65 -10 -95 145 47 -59 -103 -93 87 -1 90 -47 103 -102 15 -139 -124 120 -19 -77 105 121 -104 -127 -79 142 75 -98 37 46 -133 65 117 60 -70 145 33 4 -19 24 -128 -98 82 -57 -130 -43 122 129 48 76 -94 136 -96 -117 -79 -2 -81 22 8 19 41 116 -60 126 -85 30 62 -144 125 -109 -76 92 19 110 -23 38 -89 -135 -17 61 82 -88 -27 -123 -23 -104 -56 -50 146 114 -85 65 -147 -6 -98 146 103 63 -100 147 63 143 81 31 -54 -100 -57 64 -51 -20 64 -91 -88 84 129 65 -143 -97 35 49 133 84 -73 -5 63 110 -114 -133 -108 -134 19 84 -93 -37 -102 -68 -150 121 -106 63 -106 -24 -94 65 -50 -40 3 34 -102 80 132 -122 -148 -49 -34 -46 -71 6 53 -84 -100 -139 119 -40 -129 -81 -148 91 -133 52 -131 -88 -116 -99 -129 -54 ; 
8 82 58 51 12 85 84 12 92 79 96 40 98 98 90 47 72 28 87 45 91 96 92 20 69 3 32 93 26 47 72 17 4 58 14 42 25 13 61 65 54 89 48 36 66 71 75 70 21 21 71 30 37 61 6 35 92 53 11 64 63 65 51 29 88 27 44 77 68 10 73 47 8 6 74 75 27 94 88 18 61 79 92 42 43 7 28 16 55 39 48 68 56 30 52 21 45 47 21 76 32 83 85 97 11 85 95 56 18 64 41 88 23 3 57 61 43 52 55 20 84 67 1 68 52 61 20 6 96 46 41 53 34 82 16 58 84 41 21 59 23 59 38 54 10 72 91 94 81 33 33 99 16 9 61 54 69 94 71 1 76 38 50 41 99 6 54 55 71 35 92 13 49 97 73 89 59 19 37 56 5 62 46 80 8 98 51 37 75 5 100 29 16 10 87 69 90 92 27 16 13 ; 
L 55 74 35 47 -71 44 -59 33 -21 -74 -86 -18 -48 119 112 65 -85 -83 -54 114 -19 -44 138 -19 24 -128 -98 82 -57 -35 97 -134 19 84 -93 -37 -102 -65 -10 -95 145 47 -59 -103 -93 87 -1 155 90 -47 153 103 -102 15 -139 -64 57 100 54 -31 -81 -143 -63 -147 100 -63 -103 -146 98 6 147 -65 151 -50 -40 3 34 -102 80 41 116 -60 126 -71 6 53 -84 -100 -139 119 132 -122 -148 -130 122 129 48 76 -94 136 -96 -117 152 -85 30 62 -144 125 -109 -76 92 19 110 -23 38 -89 -135 -17 61 82 -88 -27 -123 154 -23 -104 133 -91 148 81 129 40 -19 -8 -22 81 2 79 46 34 49 49 133 84 -73 94 108 133 91 -64 20 51 120 -19 -77 105 121 -127 -79 142 75 -98 37 46 -133 65 117 60 -70 145 33 4 -68 -150 121 -106 63 -106 -24 143 -65 -129 -84 88 114 -110 -63 5 65 85 -114 -146 50 56 52 -131 -88 -116 -99 -54 ; 
4:12 33:131 24:92 4:16 34:136 34:134 5:19 37:147 32:126 39:153 16:64 40:156 40:156 36:144 19:75 29:115 12:44 35:139 18:72 37:145 39:153 37:147 8:32 7:25 12:46 36:140 11:43 18:70 31:123 31:121 16:60 7:25 25:97 22:86 28:110 38:150 29:113 28:110 2:4 13:51 38:148 11:41 19:75 29:115 7:27 2:6 24:92 6:24 30:120 17:67 24:94 26:102 6:20 25:97 26:104 24:92 22:84 17:65 19:73 39:153 3:9 8:32 25:97 21:83 28:108 1:1 27:107 34:134 8:32 22:88 21:83 18:68 40:156 14:56 14:56 37:147 6:20 20:78 39:155 28:110 3:11 12:44 7:25 10:38 25:99 19:73 32:128 4:12 40:156 21:81 19:73 36:142 24:94 5:17 22:84 19:75 4:12 3:9 30:118 30:120 11:43 38:150 8:32 38:152 16:62 20:76 28:108 23:89 12:48 21:83 9:33 18:72 19:75 9:33 31:121 13:51 34:132 34:136 39:155 5:17 34:136 38:152 23:89 15:57 21:81 26:102 12:44 7:25 12:46 40:160 2:8 30:120 16:60 17:67 37:147 32:126 25:97 8:28 9:35 23:89 15:59 22:86 4:16 29:115 37:145 36:144 16:64 7:25 35:139 24:92 7:25 33:131 10:38 20:76 15:57 27:105 29:113 28:108 9:33 9:33 29:113 12:48 15:59 25:97 3:9 14:56 37:147 22:84 5:17 26:102 26:100 26:104 15:57 31:121 16:60 20:80 17:65 40:158 3:9 27:105 10:36 24:94 9:33 17:65 39:153 14:52 14:52 33:129 24:94 14:56 23:91 2:4 10:36 36:140 10:36 35:139 28:110 36:144 37:147 10:40 6:20 ; 
L 60 123 7 75 147 -89 59 -113 -30 136 -103 77 -127 -78 -148 8 -50 -36 -107 -57 -125 -54 109 -146 -130 94 -37 -137 -93 94 145 -122 44 106 94 -14 -91 -49 -74 -49 114 -21 -116 57 -111 -132 39 25 137 -41 -40 101 101 150 -136 73 -16 111 107 -143 -40 -146 -132 -56 118 -131 -45 -144 94 145 -35 15 -39 106 1 -109 21 86 72 -10 -135 -131 2 119 -30 -94 85 5 -39 -65 -35 -22 -99 93 9 17 143 145 -34 76 122 125 -33 77 -138 -2 48 -50 92 -59 16 15 -14 -141 144 144 92 38 -14 48 -106 48 -118 -133 17 -6 54 -69 -94 -8 76 -7 -31 30 -111 106 -146 -20 124 -41 -74 75 -139 -42 37 -126 -43 -37 112 106 72 -12 -46 46 -98 132 -143 -35 -143 -108 9 -116 -32 -141 -140 -93 -76 -104 -64 46 101 -99 -3 -22 -62 -120 -3 -104 57 100 -52 60 47 8 -94 39 -33 8 -130 -72 -94 28 87 98 84 27 -70 20 93 123 ; 
56 29 56 25 59 51 25 80 77 4 66 51 31 33 55 8 42 89 25 26 55 100 23 12 1 74 22 56 100 95 29 72 60 87 77 37 49 34 30 90 88 66 32 53 54 82 61 90 48 64 75 97 51 11 41 27 9 55 18 61 80 10 54 26 82 73 3 68 12 14 81 47 97 20 30 79 87 90 81 54 52 56 88 8 7 95 77 7 33 88 41 15 54 22 50 77 51 92 93 17 35 43 57 49 91 47 94 45 52 16 70 99 47 94 12 61 20 100 14 42 95 99 4 37 58 78 33 44 61 57 82 100 27 49 43 26 86 40 37 69 83 55 18 25 79 95 25 41 97 87 37 8 89 80 33 2 71 62 53 11 22 98 14 32 54 35 11 89 97 68 58 43 90 82 72 6 86 80 62 8 64 59 66 67 18 25 75 75 49 15 19 54 96 70 72 46 26 35 81 62 17 ; 
L 60 147 -89 59 -113 -30 136 -103 77 145 -34 76 122 125 -33 77 -138 -2 48 -50 92 -59 15 -14 -141 144 144 153 92 38 -14 48 -106 48 -118 -133 17 -6 54 -69 -94 -8 76 -7 -31 30 -111 106 -146 -20 124 -41 75 -139 -42 37 -126 -43 -37 112 106 72 -12 -46 -98 132 -127 -78 -148 8 -50 -36 99 87 -91 -49 -74 -49 114 152 -21 -116 57 -111 -132 39 25 137 -41 -40 101 154 101 150 -136 73 -16 111 94 72 75 -130 -65 -35 98 84 27 -70 151 -22 -28 107 -143 -40 -146 -132 -56 118 -131 -45 -144 94 145 -35 15 -39 106 1 -109 21 86 72 -10 -135 -131 2 119 -30 -94 85 -39 -7 -123 -8 33 -39 94 -8 -47 -60 52 -57 104 14 -94 -106 -44 122 -145 -94 93 137 37 -94 130 146 -109 54 125 57 -155 107 93 9 17 143 -143 -35 -143 -141 -140 -93 -76 -104 -64 46 101 -99 -3 -108 9 -116 -32 -22 -62 -120 -3 20 93 123 ; 
23:89 3:9 21:81 10:40 32:128 31:123 2:6 27:105 21:81 30:120 38:148 7:27 14:56 18:68 23:91 20:78 37:145 19:75 38:150 18:72 21:83 7:25 52:206 19:75 38:150 5:19 25:97 38:152 13:49 40:160 6:22 17:67 38:152 40:158 2:6 15:59 24:92 32:124 14:52 18:70 25:97 23:91 33:131 40:160 11:43 20:78 18:68 11:41 35:137 16:64 15:59 28:110 48:192 8:28 10:40 32:126 38:152 10:40 17:65 39:155 35:139 15:59 4:12 36:142 46:180 1:3 12:46 14:52 22:88 4:12 17:67 36:142 12:44 36:140 32:124 14:54 12:48 36:144 36:140 14:56 24:96 13:51 22:84 22:86 33:131 25:97 36:144 20:76 26:102 30:120 39:155 17:65 28:112 5:17 17:65 11:43 4:14 22:88 24:92 8:30 24:94 31:121 5:17 17:65 12:48 29:115 19:73 11:41 35:137 3:9 25:99 6:22 25:97 32:128 4:16 22:86 11:41 33:131 30:116 2:4 28:108 5:19 6:22 33:129 19:75 39:155 8:32 12:48 32:126 35:139 36:144 33:129 22:86 21:83 23:89 36:140 4:12 3:11 38:152 31:123 2:4 24:92 23:89 22:88 30:120 30:120 10:40 8:28 27:107 27:105 24:94 12:46 25:99 28:110 15:59 31:123 35:139 24:96 29:115 12:46 38:152 40:160 23:89 9:35 30:118 1:1 5:19 10:36 40:160 22:88 34:136 3:11 8:30 20:80 31:123 21:81 36:144 25:99 22:84 5:19 22:86 14:56 5:17 36:142 39:155 28:108 24:92 18:68 36:144 11:43 9:35 40:156 6:22 35:137 29:115 3:9 35:137 17:65 33:129 25:99 7:27 ; 
