L -48 32 40 -23 -43 -11 -19 -11 13 23 14 46 7 18 24 26 7 -23 -35 21 -12 -19 37 -7 -18 41 32 1 -45 38 20 43 7 21 -10 22 47 21 44 -3 -21 -24 26 -22 -39 -29 -48 47 -40 40 12 -25 43 4 -22 29 -7 -11 -21 8 -44 8 34 -29 -21 -41 -2 -35 -19 -50 -24 10 -7 7 45 39 25 -32 -12 -15 -31 -35 34 -17 5 27 -27 -39 42 -33 -24 -27 40 11 45 30 -46 18 21 -45 -16 13 11 7 42 -22 -13 20 31 19 -22 42 -5 14 -21 14 -4 -40 23 34 -33 42 24 -8 12 -44 -20 -21 2 -1 45 -40 -25 -49 25 -36 17 -40 10 11 35 -13 -27 39 3 -46 -40 -2 -10 46 -49 -42 -40 -18 24 -18 -33 42 27 -38 15 -45 21 -21 34 20 -49 -3 -13 -9 40 -36 15 -6 7 19 35 28 16 -33 -8 33 8 14 -6 50 -33 -42 -45 -35 17 16 -40 -23 -22 19 4 21 37 -45 11 -35 -2 50 -29 -40 -20 -9 7 36 25 38 40 9 -12 -26 -26 -26 -32 49 -22 -7 29 -21 12 8 18 50 -34 36 -13 -31 27 -43 -25 -34 35 -46 -13 -29 38 -17 40 -16 -2 -34 12 24 -13 -44 -43 -6 14 16 1 7 -8 6 -25 18 48 39 47 45 9 44 48 27 -10 23 3 4 34 1 -7 -21 -33 4 -30 25 48 18 -31 47 9 43 40 21 46 -44 -43 -35 -29 46 -37 -42 26 -1 26 -12 -46 -4 -49 -4 -17 42 -33 11 -29 -4 -2 19 1 23 14 43 32 -31 30 -42 37 32 3 -11 -43 31 9 27 -37 42 -35 28 17 -4 -33 -38 -16 44 42 22 28 -47 -43 1 31 -21 -39 38 -13 -21 -48 14 36 -32 -3 17 44 -25 48 -45 24 17 -11 -28 31 13 -48 -21 29 2 4 33 8 -14 -46 41 -15 -29 -43 31 -11 13 49 -6 -33 50 -38 13 46 26 32 32 -39 14 50 16 -22 8 44 -18 -6 -27 38 -44 46 -44 3 -41 24 37 48 15 40 -45 12 22 28 24 -19 23 36 -49 -14 -23 -28 -2 5 -24 -49 47 -17 -3 25 -3 -29 -7 -26 7 7 -44 -22 31 -24 30 -38 19 48 -23 21 -7 -28 -15 11 -41 -22 -26 -5 -32 -37 16 -21 -36 19 -17 -6 -20 36 -14 38 3 -25 18 18 15 11 -5 -46 8 -45 -3 8 -26 -12 -41 -40 -30 3 42 45 1 -40 -9 -36 -31 21 -34 50 50 -15 -13 ; 
17 13 79 84 81 47 10 65 93 13 4 73 25 43 77 41 71 25 59 78 13 84 10 74 70 96 98 84 77 90 53 80 26 75 92 5 95 22 45 78 50 75 25 40 86 71 62 2 26 48 81 64 56 65 15 66 84 43 4 32 62 4 63 29 65 97 75 5 22 48 74 88 67 77 87 57 59 20 75 92 21 44 71 18 80 23 25 34 66 73 45 94 76 15 36 20 96 3 58 35 83 86 60 67 1 77 74 41 82 46 36 19 16 86 69 76 79 51 8 71 44 32 29 15 23 28 65 68 9 51 20 36 7 39 17 25 76 68 32 47 69 83 63 1 26 20 32 58 23 38 17 34 55 42 59 34 94 100 81 4 65 7 55 96 52 36 48 58 36 97 15 49 11 27 42 41 97 24 39 26 46 37 14 92 40 95 96 50 63 18 65 69 30 38 58 71 75 75 59 80 19 6 14 25 77 40 8 68 20 27 63 33 29 22 16 60 66 25 68 80 65 64 97 84 19 48 57 50 62 82 62 44 97 53 67 67 6 13 9 96 50 55 91 10 27 15 37 27 97 37 97 99 99 67 74 18 64 14 66 14 20 95 92 60 60 82 97 95 89 89 36 62 91 97 49 69 71 4 49 24 23 3 46 26 55 92 99 93 56 64 67 39 44 71 73 22 31 92 18 72 82 95 47 96 19 91 60 80 83 4 49 12 16 13 99 74 48 15 95 25 51 99 62 11 15 94 19 62 15 83 69 30 18 70 100 86 55 73 33 10 27 3 95 2 26 61 39 23 6 77 100 57 49 98 10 55 35 62 60 98 35 40 10 72 54 85 34 41 35 14 62 87 65 67 84 69 98 47 57 87 52 92 26 47 32 44 36 54 56 25 11 82 60 51 94 92 70 97 25 46 33 99 52 74 77 60 67 70 100 16 32 86 94 83 30 2 79 7 26 64 88 100 51 43 61 49 66 40 31 72 41 6 72 100 63 64 84 3 69 96 91 82 92 18 6 13 35 26 26 91 3 5 33 58 55 55 42 57 39 53 11 7 89 95 29 97 14 99 64 84 45 1 12 80 59 58 92 76 76 80 43 44 24 30 92 33 65 34 81 62 4 54 32 20 59 81 100 70 25 24 64 ; 
L -48 32 40 -23 -43 -11 -19 -11 13 -46 -21 -40 -43 -9 -63 -47 31 -18 -48 -25 30 -4 1 23 14 43 -31 30 22 -16 -50 -14 39 -32 -57 -32 -26 -46 -13 38 -50 20 17 -19 -25 38 -13 -21 -48 -12 -26 -26 -26 17 -47 49 24 -5 2 28 49 -64 40 1 -40 -9 -36 -31 23 14 49 -36 -23 19 46 7 18 39 -13 11 -31 43 29 15 -41 46 19 4 21 37 -45 11 -35 -2 50 -29 56 -40 -40 -18 24 -18 27 -38 15 -45 21 50 -20 -9 7 36 61 38 -14 6 44 13 -24 -12 34 2 16 17 -38 29 13 46 46 -30 -45 -11 -40 27 24 33 -42 18 18 15 11 -5 29 3 -25 -51 3 -32 49 -22 -21 67 -39 29 -73 35 49 -6 -33 36 -14 38 77 60 -37 -42 26 -1 26 -12 -46 -49 -4 -17 -21 11 40 30 -84 40 41 12 26 -15 -48 -37 -6 22 23 40 -16 -3 17 44 4 33 8 -14 7 19 -21 -24 26 -22 -39 -46 45 -8 46 -7 -26 7 7 -44 -25 -45 12 22 28 24 -14 -23 -74 23 3 4 34 1 -7 -21 -33 42 24 33 4 -62 -17 -28 35 -42 37 -27 -9 -31 43 -66 11 -3 -32 -71 -37 42 -32 81 18 21 -45 -16 13 76 11 7 42 -22 -13 20 31 19 -22 42 -5 14 -21 14 -4 23 34 -35 -11 -10 40 -17 36 -78 -75 -25 21 50 -43 -25 -34 35 35 44 42 70 -5 -37 16 -21 -36 -2 -29 -68 48 -55 -13 -31 28 11 -17 -24 45 -3 -39 27 13 -18 -8 -12 58 -18 -6 -27 38 -44 46 -44 3 -41 24 7 -29 22 41 -11 15 28 7 -21 23 -48 -19 38 24 -31 22 -42 -45 -8 12 -44 -20 2 -1 -52 -38 -16 -45 -40 -25 47 21 -3 -13 -9 40 -36 -12 -15 -31 -35 34 -17 5 27 -27 16 -33 53 69 -8 83 33 8 14 -6 -33 21 -85 -29 7 -47 -39 -48 -18 8 -31 -1 43 47 -28 -22 22 -4 -43 25 -12 -40 40 -54 -47 48 29 -22 10 -21 -46 29 -59 35 43 44 -48 -44 -9 -45 -7 -1 -16 24 26 7 -23 65 -35 31 13 34 -19 2 -79 4 3 42 45 9 -46 -72 10 2 40 -3 8 49 -20 -34 21 -19 37 -7 -18 41 32 1 -45 38 20 43 7 7 39 25 -32 11 -15 -80 -21 -44 34 -29 -21 -41 -2 -35 -19 -50 -24 -7 -44 -8 -36 -14 -82 -49 -42 12 50 -15 -13 ; 
7:27 6:20 32:126 34:134 33:129 19:75 4:16 26:104 38:148 30:118 23:89 38:148 40:158 37:147 34:132 4:12 11:41 19:73 2:4 10:36 10:38 20:78 2:4 6:20 40:158 30:118 18:70 38:152 29:115 28:112 37:147 38:150 21:81 24:96 36:142 6:22 5:17 10:40 23:89 22:86 15:57 6:24 36:144 38:152 22:88 20:80 3:9 31:123 40:160 16:60 24:96 27:105 10:40 14:52 17:65 29:115 13:49 16:64 27:105 20:78 4:12 12:48 8:30 17:67 2:6 22:86 13:51 8:32 40:160 18:68 21:81 40:160 36:140 26:102 27:107 10:40 18:68 20:80 11:41 37:147 21:83 35:139 23:91 19:75 40:156 28:110 42:166 30:120 30:120 24:94 32:128 8:30 3:9 6:22 10:40 31:123 17:65 30:116 6:22 17:67 24:94 14:54 58:230 2:6 26:104 3:11 22:88 23:91 37:145 28:108 8:32 11:43 6:22 27:105 6:22 40:158 78:312 15:59 39:155 11:43 15:59 6:24 11:43 11:43 22:88 20:80 39:153 4:14 3:9 39:153 8:32 15:57 6:24 31:121 38:150 18:72 30:116 11:43 5:19 32:128 24:94 24:92 34:132 26:100 40:160 34:136 30:118 17:65 32:128 26:104 25:97 28:112 24:94 4:16 52:204 20:78 19:73 19:75 13:51 18:68 40:158 26:102 8:28 33:129 32:126 9:35 13:49 37:147 8:28 29:115 33:131 49:193 39:153 8:30 33:129 45:177 12:46 50:200 40:160 37:147 37:147 12:48 10:38 25:97 35:137 13:51 12:46 13:51 24:92 16:60 12:48 30:120 22:88 14:56 30:120 35:139 26:104 27:107 25:97 17:65 20:78 30:120 10:40 16:64 35:137 30:118 11:43 31:121 31:121 30:116 34:134 2:4 28:110 39:153 60:238 16:60 12:48 1:3 32:126 3:11 13:51 2:6 19:75 42:164 15:57 25:99 37:145 39:155 20:78 28:110 29:113 8:30 12:46 8:30 40:160 11:41 18:72 8:28 12:48 28:110 34:132 6:24 25:99 8:30 38:150 4:16 15:59 5:17 25:99 30:118 13:49 21:81 38:150 4:16 11:41 24:92 14:56 34:132 35:137 14:56 18:70 27:107 1:1 31:123 30:118 17:65 33:131 19:73 15:57 8:30 7:25 35:137 28:110 31:121 32:126 22:86 29:113 6:24 28:110 19:75 13:51 28:108 31:121 6:22 16:62 24:92 12:46 44:176 23:91 27:107 27:107 3:9 33:131 15:57 14:52 34:132 17:67 9:35 22:84 5:17 3:11 34:132 6:22 37:147 15:59 17:67 16:64 34:136 22:86 29:115 4:16 16:64 14:56 18:70 11:41 1:1 26:100 31:121 23:91 20:76 30:116 37:145 14:52 40:158 21:83 30:118 31:123 24:96 27:107 28:112 40:160 22:84 34:134 25:99 22:88 24:92 14:52 2:8 2:4 37:145 11:41 11:41 14:56 6:20 10:36 37:147 33:131 23:89 26:100 27:107 10:36 12:44 26:104 29:113 21:81 38:148 5:19 22:88 24:94 8:32 3:11 18:72 9:35 28:112 15:57 39:155 6:24 20:78 5:19 37:147 9:33 18:70 29:113 8:28 32:128 10:36 10:40 8:30 11:41 33:129 2:6 33:129 24:94 19:73 6:22 37:147 16:64 30:120 12:44 19:75 35:137 39:155 26:102 37:147 38:152 8:32 23:89 42:166 11:41 1:3 38:152 2:4 11:43 12:44 6:24 26:104 23:89 26:102 33:129 20:76 17:67 2:8 1:3 25:99 41:163 2:8 37:147 51:201 29:113 28:112 30:120 16:62 27:107 18:72 39:155 33:131 24:96 8:32 8:28 30:118 38:152 17:65 29:113 10:40 31:123 37:145 27:107 18:70 30:120 26:104 5:19 36:142 6:22 14:54 14:54 33:129 17:67 7:27 6:20 17:67 10:36 24:92 34:136 18:68 33:131 20:76 15:57 21:83 14:54 4:16 30:118 28:112 39:153 40:156 34:134 31:123 36:144 22:84 32:128 11:41 26:102 8:32 24:94 8:32 16:64 2:6 3:9 20:78 18:70 0:0 12:46 26:104 39:155 30:120 2:8 9:35 20:76 30:118 55:219 15:57 10:40 22:86 20:78 16:64 9:33 14:54 42:164 13:51 10:40 10:38 26:102 ; 
L -22 -18 34 7 13 30 -43 39 37 -29 9 33 -14 -47 1 45 -25 -30 -43 26 -10 -1 9 -19 4 37 38 -8 -20 6 -35 7 -32 -29 44 30 -31 11 3 1 15 12 16 -2 -32 16 -18 26 41 39 20 17 -11 -26 30 -50 -1 14 48 -31 -35 30 -33 24 9 -50 -1 2 5 -19 50 32 34 37 10 -30 15 8 -14 -31 35 16 -34 -48 22 15 27 21 29 -39 18 -50 12 1 16 45 -7 -32 46 -22 46 -15 -27 2 -26 -12 -45 -39 -15 -12 -30 -4 -40 -50 -30 -19 30 28 -4 33 42 40 35 43 -29 -48 32 21 -2 -46 23 -40 -26 -39 -25 -24 18 -39 44 3 -47 3 48 33 17 7 26 24 3 -16 16 10 4 -29 9 30 -14 1 -10 -5 -37 -25 32 14 -32 -43 -16 -45 26 5 50 -27 26 7 2 -47 3 2 -20 14 -28 44 42 -10 50 -25 50 -25 -37 -19 37 -36 -25 33 -31 -23 40 -12 -38 -18 34 24 37 -13 50 29 -11 -42 -26 7 24 43 -8 -29 -27 39 50 -7 -13 -3 35 5 32 19 -49 -25 -38 -12 -36 10 34 6 25 -20 38 25 32 -19 17 -9 10 38 15 26 33 -42 40 -49 36 -1 37 33 -1 49 22 -24 -47 -44 -35 42 3 -30 48 -49 -20 19 50 -14 -45 -37 -43 11 -50 28 27 18 -36 -15 -15 -8 -13 -41 37 -36 -40 39 -4 -12 -12 30 22 21 13 49 -28 5 29 -34 -44 49 -8 48 19 -44 4 32 -45 18 33 24 -1 28 36 -46 6 19 -16 23 -5 -21 44 24 -19 40 -14 -34 48 -13 20 -37 -5 -11 20 -47 29 13 22 -13 29 -45 34 16 18 -44 -3 31 -49 -42 25 46 45 1 -29 -44 -6 26 -37 6 23 -10 30 -24 47 -24 40 -26 21 7 -28 47 -9 34 41 -12 8 10 -14 -24 -50 10 36 21 -5 47 -6 -13 19 7 -40 39 -20 6 21 48 39 35 -33 -26 -1 9 28 -30 22 -23 -24 13 -2 -2 -35 15 -35 26 -30 -24 -18 31 14 -24 42 50 -22 -25 -15 10 -8 10 -39 -44 -26 39 -43 30 -6 -10 37 -45 3 34 -42 17 10 14 8 21 22 26 -26 37 -16 -14 -25 41 -12 -21 -40 -13 -12 41 -5 19 -50 -35 -26 -31 -21 -34 31 35 -47 -30 35 34 12 -48 -50 -49 19 27 -24 1 -6 -32 -13 48 16 -46 -44 2 -35 -16 -13 -35 -44 -45 -16 28 -4 -13 -5 28 ; 
1 80 33 66 17 97 85 86 7 66 74 35 67 69 18 45 61 15 81 86 61 84 36 34 82 88 98 82 93 72 100 83 95 57 29 20 11 77 31 11 65 51 91 73 55 27 36 49 30 20 49 94 51 18 81 66 53 48 83 35 62 47 96 16 39 26 72 11 49 45 62 35 16 27 39 82 7 1 22 23 32 29 55 57 20 50 87 15 34 86 82 61 80 54 19 67 5 24 50 83 81 28 39 2 42 6 73 16 88 52 99 38 30 63 59 88 67 23 2 2 88 46 35 11 74 20 44 97 7 67 1 45 43 15 11 45 59 35 29 85 27 77 5 49 69 72 6 3 95 40 90 11 11 18 5 90 48 38 59 18 53 57 82 23 49 79 10 58 81 98 50 69 82 59 100 89 18 24 52 9 87 4 2 51 71 31 96 6 11 92 84 51 47 38 4 70 31 67 87 32 73 38 26 76 81 44 40 43 41 11 50 6 24 98 13 86 32 96 44 4 45 79 27 64 49 17 77 2 59 40 5 34 99 16 21 26 7 34 20 31 26 98 21 98 82 50 68 93 79 97 52 81 92 26 11 75 29 22 70 37 55 88 21 61 46 85 98 34 12 39 78 61 51 92 26 38 70 3 85 37 44 82 70 64 27 74 8 42 64 95 79 66 40 48 21 85 98 62 44 96 23 19 66 18 23 70 8 29 67 98 21 45 43 1 28 85 87 47 27 52 69 97 3 83 6 53 37 87 82 42 55 61 98 79 92 44 47 56 28 9 81 20 67 20 59 92 29 66 2 90 68 72 8 66 34 35 61 27 47 61 24 34 91 78 92 18 91 2 27 9 9 47 58 54 64 54 36 30 28 31 21 67 15 35 83 47 1 1 82 90 75 57 7 37 97 19 96 79 63 20 54 43 55 76 24 96 21 38 14 18 92 2 57 80 55 17 93 47 47 45 55 33 4 86 100 34 30 16 44 69 81 57 49 82 7 76 74 86 31 26 34 46 81 65 56 54 59 18 20 11 20 37 13 34 7 50 21 76 30 45 79 97 46 11 37 77 84 90 6 59 47 41 59 63 62 9 35 85 93 51 35 5 54 13 13 11 82 70 53 94 64 31 97 22 45 12 36 25 84 77 79 ; 
L -22 34 7 13 30 -43 39 -35 69 42 3 -30 -33 16 76 18 -36 8 -13 -24 18 -45 26 50 74 60 -27 -44 16 45 -7 15 30 57 20 8 -45 -16 -32 -13 48 16 29 -11 39 -14 50 26 11 -17 -20 24 -47 -5 50 -19 -41 12 13 40 -66 21 12 -41 14 16 -37 -3 -37 -49 85 -20 19 50 -14 -45 -37 -43 11 -44 -26 39 -43 30 -6 -10 6 25 -12 50 -18 39 -29 -21 -27 -15 -22 48 34 -16 -35 -77 31 14 4 15 -34 -48 47 -3 39 -56 -9 -81 29 -37 38 12 38 48 -12 -34 -5 47 -6 -13 19 20 -39 40 -7 6 19 25 -50 25 -50 10 -42 -44 28 -55 20 -2 -3 12 -41 -32 48 29 -43 -35 -40 -42 -33 4 -28 -30 22 -13 29 -45 34 16 -44 -3 31 -49 -42 49 -8 54 25 46 45 1 2 -26 -12 -45 48 -31 -35 25 32 -19 17 -9 38 15 26 33 -42 -21 -36 -10 50 24 -21 26 -39 -41 -26 18 -16 32 2 -12 -15 -1 -40 53 -26 -39 -25 45 -25 -30 -43 26 -10 -1 9 -19 4 37 38 -8 34 21 -2 -46 23 26 7 2 -47 75 -37 -5 36 34 -42 17 10 14 8 21 22 70 26 -26 -59 -37 41 13 8 15 46 -22 -15 -27 -33 45 -32 -4 44 -19 -48 44 -5 28 -49 -63 -13 -21 -22 12 12 4 -39 40 -11 1 -18 34 24 82 37 -13 50 -14 -34 48 -13 47 -35 -31 21 31 26 35 44 35 13 16 6 -40 23 -14 -47 -27 -28 50 -10 36 12 -79 -1 24 -27 -19 49 -52 50 -31 18 30 -26 35 -15 10 -1 14 -84 2 32 14 -32 3 -40 19 -24 -44 -13 24 23 -22 14 -10 -35 30 -10 -37 -34 -32 -50 19 -67 -5 -2 50 -9 -24 33 -30 -38 20 -72 20 -47 29 13 19 30 50 40 4 30 12 15 -26 7 24 43 -8 -29 -27 39 50 -7 -13 61 -29 -44 -6 26 -37 6 23 -10 65 62 30 32 19 -49 -25 80 14 -24 42 50 73 83 -22 -25 -15 10 -8 10 -39 35 71 40 -49 36 -1 64 33 -1 49 22 -24 -47 51 -3 31 -44 29 32 -7 35 -6 20 -47 28 -7 30 -28 -9 1 26 -78 33 -35 -39 -48 -21 -36 -25 18 26 24 68 3 -16 -1 28 36 -46 6 19 -16 23 -5 -21 25 37 5 -30 -9 -4 -10 -16 -24 -7 -17 -33 -48 43 -28 35 44 46 -31 1 58 -5 28 ; 
1:1 41:161 27:105 7:27 39:155 34:136 35:137 14:54 31:123 19:73 22:88 36:140 26:102 10:40 6:20 17:65 28:112 5:19 4:16 24:96 24:94 23:91 33:129 44:174 29:113 22:84 34:132 24:94 14:56 27:107 2:8 4:16 17:67 14:54 35:139 28:110 20:80 18:72 3:11 22:86 6:20 6:20 16:60 16:64 18:72 33:131 12:46 2:6 8:28 21:81 38:150 48:188 32:124 26:102 66:260 32:126 8:30 31:121 9:33 20:80 3:11 26:100 14:54 6:20 13:49 5:17 8:32 23:89 7:27 6:20 2:8 24:96 34:136 40:156 14:54 5:19 16:62 32:124 25:97 16:64 18:70 28:110 33:129 23:91 20:78 33:131 15:57 40:158 20:76 32:128 25:97 33:131 35:137 14:54 6:24 35:139 20:80 8:32 23:91 22:88 12:46 6:22 10:38 10:36 15:59 2:4 6:24 12:46 28:108 11:43 1:3 28:110 24:92 26:102 11:41 27:105 5:17 35:139 22:84 43:171 26:100 24:94 14:56 14:56 34:132 19:75 1:1 12:48 30:120 36:144 33:131 12:44 10:38 20:76 3:9 39:153 13:49 29:113 21:81 1:3 2:6 9:33 19:75 21:83 10:38 7:25 22:86 24:94 18:70 8:32 30:118 5:17 14:56 19:73 36:140 1:3 1:3 10:36 26:104 23:89 12:44 4:14 33:129 8:32 8:30 24:94 37:147 12:46 27:105 30:118 10:36 25:99 40:156 36:144 28:108 29:115 8:32 17:67 3:9 30:116 7:27 14:56 25:99 17:65 3:11 14:54 8:32 13:49 43:171 9:33 40:156 33:131 20:80 8:28 27:107 9:33 13:49 12:44 10:38 37:145 9:35 8:32 12:48 20:78 15:57 11:43 22:88 10:36 21:81 26:104 11:43 4:12 34:134 6:24 5:17 26:100 25:97 6:24 33:129 35:137 25:97 34:134 15:57 14:54 33:131 36:140 40:156 33:131 18:68 39:153 3:11 27:107 1:1 19:73 24:94 40:160 36:142 38:148 37:145 22:88 31:121 24:92 13:49 11:41 14:54 19:73 33:129 26:104 23:89 9:33 32:128 24:94 13:51 16:62 28:112 33:131 18:70 15:59 32:124 34:132 16:64 16:62 1:3 14:54 4:12 28:112 10:36 8:28 27:105 25:99 24:96 34:136 9:33 26:100 22:86 16:64 27:105 46:184 26:102 17:67 4:12 30:118 5:19 46:180 20:76 30:116 16:60 38:150 3:11 31:121 33:129 6:20 22:84 15:59 35:139 13:51 3:9 36:144 26:104 15:59 5:17 19:73 4:14 39:155 13:49 26:102 10:36 33:129 13:49 12:44 28:110 9:35 11:41 37:147 6:22 16:64 24:94 34:134 7:27 21:81 38:148 34:136 14:56 17:67 31:121 15:57 7:27 32:126 23:91 1:3 37:147 7:25 24:94 16:60 11:41 17:67 11:41 10:36 20:78 30:116 1:1 34:132 2:4 39:155 28:108 39:153 10:38 31:121 12:44 15:57 12:48 20:76 33:131 16:62 11:43 7:25 14:56 25:99 6:22 14:54 20:78 4:12 11:41 16:62 7:25 39:153 13:51 9:33 11:43 12:44 32:126 37:147 18:70 20:78 36:140 24:94 26:100 12:48 16:60 40:158 21:83 20:76 5:17 20:80 3:9 10:38 40:156 6:20 35:137 13:51 39:153 18:70 34:136 1:1 27:105 14:54 14:56 25:97 11:43 19:75 25:97 23:91 28:108 25:99 11:41 26:102 20:78 7:27 11:43 31:123 19:75 19:75 18:72 14:56 39:153 12:48 14:52 2:6 35:137 40:160 14:54 12:48 4:12 22:84 39:153 38:148 32:126 39:155 2:6 20:80 37:147 11:41 5:17 30:120 12:46 6:22 26:104 7:25 12:48 12:46 23:91 38:152 34:132 40:160 29:115 28:108 4:14 11:43 14:56 18:68 22:86 8:32 26:100 40:156 18:72 39:153 8:30 39:155 15:59 10:38 19:75 14:52 28:112 2:4 17:67 26:102 16:64 41:161 18:72 18:68 1:1 12:44 34:136 35:139 19:75 11:43 21:83 32:124 23:91 22:84 13:51 36:144 8:28 5:17 5:17 4:16 38:148 29:115 28:110 26:104 14:56 18:68 33:129 23:91 33:131 2:4 17:67 22:88 31:123 31:123 32:126 ; 
L 21 -39 -25 45 -1 39 -37 -35 48 26 34 22 -9 45 35 6 48 -37 28 41 39 50 -7 -50 9 11 35 50 37 -38 16 44 -11 20 8 8 -21 27 -50 6 -50 -34 49 -16 21 -7 -34 42 -38 25 38 -48 32 -16 21 25 -12 -39 22 11 -33 24 -35 49 -10 23 -14 50 -49 -36 -14 -33 -12 23 -18 -17 9 -44 27 35 -6 -31 26 16 33 -39 -47 -31 16 -20 35 46 -45 15 -6 45 -27 38 -2 32 -27 -39 -10 -41 37 17 -10 -27 19 38 39 -36 17 -39 -25 36 17 36 48 22 31 2 22 11 1 31 -34 -8 13 1 -27 14 -34 -32 16 34 -15 25 47 -36 21 1 -42 34 -38 -22 -3 2 9 -5 -18 -36 -16 -2 -6 -4 38 47 8 47 -40 48 -46 -44 -50 -8 42 -34 -23 39 -9 -18 -32 44 14 -18 -19 -14 -28 -41 39 -17 -44 1 20 2 17 -40 27 11 -45 -10 -31 -33 -41 5 30 -37 -31 32 30 2 -16 -26 -7 -23 -36 7 3 -42 -18 -43 -50 47 14 17 11 -11 14 1 -9 42 5 34 7 46 35 37 12 -17 27 39 43 11 38 39 -20 -11 -37 -7 37 -33 -35 27 -21 -15 10 -50 29 14 11 38 -21 23 10 50 -37 -17 -45 -42 16 25 -5 34 10 -38 -4 -18 -28 -38 -30 -11 5 -46 -38 4 -25 12 31 -9 50 5 33 -35 -22 5 2 15 -45 47 -41 -4 -37 10 8 1 34 -14 -6 46 -18 1 12 46 43 4 -13 -17 40 -2 29 -29 18 15 -1 -33 -33 33 -49 2 31 35 -24 -49 1 -26 32 -15 9 -41 -44 38 6 43 42 8 33 -30 49 20 48 -4 -21 32 39 45 -6 7 26 34 2 -47 -13 50 -2 -32 -4 -35 33 39 -30 -20 31 -29 -33 40 35 -3 -25 -26 -6 10 5 -31 31 13 -44 -13 -16 -31 -12 36 -22 -44 -46 24 45 4 -13 25 -49 16 12 22 -28 44 -20 49 -33 35 -8 41 22 -31 9 -32 -46 -9 43 49 -14 -43 -5 41 22 47 7 32 18 6 32 -35 -4 -29 -11 -37 25 -23 -30 -45 8 35 45 -44 -7 -15 -26 -7 48 -17 -22 49 -44 23 13 -43 13 29 42 -27 -3 -32 49 3 -10 27 -13 13 -13 -35 16 10 2 48 9 -37 -7 -5 31 10 39 -19 -7 50 -7 13 -24 7 40 49 16 -27 -41 -37 -49 24 5 -14 1 -38 21 50 -31 -34 10 17 28 -25 -11 32 ; 
93 68 29 8 94 96 63 10 73 82 1 43 21 18 89 40 88 60 93 40 29 11 72 4 22 58 1 98 55 78 58 98 57 38 5 81 94 90 50 41 77 61 35 42 60 24 25 79 40 32 97 33 51 92 50 85 45 58 86 40 87 49 64 48 8 25 99 7 41 11 57 11 100 62 32 17 84 26 35 46 78 80 66 43 19 43 65 80 30 37 66 46 2 44 98 90 81 78 85 15 12 66 69 93 80 42 55 87 25 20 20 29 64 76 45 99 46 5 32 36 35 6 60 36 65 86 61 65 11 69 52 66 45 7 40 64 35 89 17 89 5 7 4 2 80 24 47 96 80 45 69 30 75 51 16 26 74 8 49 29 91 53 53 56 59 7 77 37 62 77 14 96 68 5 91 75 91 31 62 3 20 93 35 7 95 63 40 11 40 4 10 98 22 35 1 36 70 32 57 1 14 37 93 37 25 50 48 51 60 85 27 53 8 57 92 75 15 32 92 74 37 76 98 3 16 33 97 5 95 19 84 75 83 22 34 41 95 60 86 2 8 70 87 28 45 10 31 39 37 34 83 26 86 89 84 46 66 93 87 45 22 16 50 49 27 85 90 93 54 18 78 9 96 77 57 68 98 32 7 39 49 86 96 53 41 78 53 26 41 42 81 42 84 84 18 97 58 73 78 75 41 60 91 63 62 53 31 71 98 22 2 42 69 1 42 80 62 39 33 5 2 33 87 87 14 87 19 75 53 3 67 50 13 56 28 47 77 71 97 54 49 15 27 25 69 16 52 65 96 91 18 55 60 96 13 52 44 28 93 26 61 92 8 97 79 79 47 17 28 45 80 78 93 62 78 80 47 100 28 35 60 51 70 85 5 95 79 21 72 14 33 63 48 87 54 56 63 9 47 79 54 72 96 42 20 93 27 44 50 19 88 29 64 10 50 33 73 99 94 62 74 34 96 67 36 61 93 32 40 2 51 99 46 64 66 31 72 99 74 96 69 45 74 97 95 24 65 92 28 72 37 52 42 36 57 63 84 28 58 69 90 94 30 45 84 90 86 70 96 2 45 53 100 76 2 6 88 78 27 76 5 10 39 88 80 98 20 83 15 23 28 36 76 12 47 4 24 75 2 81 65 ; 
L 21 -39 -25 45 -1 39 -37 -35 26 22 -9 45 35 6 57 48 -37 28 41 39 50 -7 69 -50 9 11 35 50 -38 16 44 -11 21 1 -42 34 -38 -22 2 9 -5 -18 -36 -16 -2 -6 -4 38 47 8 47 -40 48 -64 33 -37 12 31 16 13 -11 -37 25 -23 21 -46 -7 -5 -59 -49 1 35 25 -4 44 41 -9 -30 -45 8 35 45 -44 -7 -15 -26 -7 -30 -11 -36 17 48 -17 -22 49 -44 23 -43 13 29 -33 44 1 -15 -13 78 -35 16 10 2 48 9 -37 -4 -18 -28 -38 -39 -25 74 36 17 36 48 22 2 -31 -1 -11 -70 -22 -34 -8 55 13 1 -27 14 -34 -32 -18 29 -29 5 -46 -38 2 -1 14 -5 -84 -24 49 37 2 -40 17 13 -4 -43 -46 -12 -1 18 21 4 -48 -39 61 31 47 39 -33 -82 76 -7 71 -38 25 38 -48 32 -16 21 25 63 -39 22 11 -33 24 -35 49 -10 -16 -26 -24 -42 9 -1 -14 11 7 32 18 6 32 -35 52 53 -4 -29 -32 31 37 -30 -16 45 17 37 -13 40 35 -25 -26 -6 10 5 -31 31 13 -46 -33 2 13 47 -2 41 -34 -16 11 20 -39 3 27 -13 13 -37 81 25 -49 16 12 22 -28 16 -49 34 50 -6 50 21 -8 -8 -20 -33 -41 5 -39 -10 60 23 -16 -49 -40 -2 32 -27 27 35 37 12 -17 27 39 43 11 38 -49 32 27 12 31 -9 50 5 38 6 43 42 -47 -22 -77 -41 35 -6 -31 26 16 -21 -14 -6 21 50 -31 7 -50 7 45 -15 46 -20 -49 30 14 17 11 -5 34 10 -38 -7 -5 31 56 80 -35 73 32 39 45 -6 7 26 -66 -39 -38 -19 -79 27 10 -37 41 10 16 -20 35 46 15 -6 45 -27 68 38 -7 24 -13 -34 10 17 28 -25 58 47 -41 -4 -37 10 8 1 -36 31 45 -11 -51 40 -72 -17 -20 -83 44 -75 -30 -17 8 33 -47 50 43 18 -3 -7 36 23 -35 -31 -2 33 -32 -4 -35 33 39 65 -30 34 44 -20 49 -33 35 -8 41 22 9 -32 -46 -9 43 49 -14 -43 -5 -27 -85 44 -9 17 18 12 33 14 36 49 -50 14 -27 -15 14 -18 -19 -5 22 -26 25 47 -20 31 -29 -33 67 -7 50 -4 -45 46 44 22 -36 -10 -23 21 -38 -11 -14 -29 50 -10 15 15 -62 -32 -44 32 18 9 -39 23 -54 34 -42 8 50 -14 -28 -41 39 -19 -11 32 ; 
38:148 28:108 12:46 4:12 38:150 39:153 26:100 4:16 14:54 12:44 9:33 8:28 36:142 16:64 12:46 38:148 24:96 38:148 16:64 12:46 5:17 29:115 39:155 14:52 9:35 24:92 1:1 40:156 14:56 24:92 40:156 23:91 12:48 3:11 2:6 1:3 32:128 10:38 46:184 32:128 18:72 28:110 12:48 30:120 21:81 7:25 11:41 30:118 4:12 20:78 12:46 37:145 22:84 9:35 38:148 28:112 12:46 24:96 14:56 12:44 19:73 25:97 38:148 13:51 18:72 42:168 14:52 4:12 39:153 25:97 6:22 24:96 21:81 40:156 39:153 27:107 2:4 16:64 1:3 21:81 40:158 19:73 26:102 27:105 13:49 29:115 40:158 41:163 4:14 34:136 26:102 22:84 39:153 28:110 18:72 30:118 39:155 26:102 26:104 37:147 14:54 26:104 40:156 17:67 2:6 14:56 33:129 36:144 38:150 12:48 18:72 34:134 36:144 52:206 38:148 22:86 8:28 30:116 18:72 13:49 34:134 19:73 2:8 13:51 15:57 12:48 46:180 35:137 26:104 26:104 22:86 4:12 26:104 8:30 39:153 28:110 21:83 27:105 18:72 3:11 16:62 28:110 17:67 4:14 31:123 23:91 31:123 5:17 6:24 34:132 26:100 20:78 40:156 32:128 10:40 9:35 40:156 29:113 13:49 22:84 25:99 26:100 37:145 24:96 22:88 11:43 6:24 19:75 19:73 8:32 32:128 26:104 18:68 19:75 32:124 36:144 40:156 14:56 13:51 39:155 14:52 21:81 37:147 20:80 34:136 32:128 23:89 35:137 16:64 35:139 20:78 26:102 20:76 4:12 28:110 15:59 22:88 17:67 31:121 15:59 30:118 37:147 32:124 40:158 38:150 25:99 30:118 14:54 38:152 24:94 37:147 27:107 14:52 1:1 23:91 13:51 39:155 10:36 35:139 38:148 46:182 32:124 19:75 5:17 18:72 32:128 32:124 38:148 25:99 32:124 32:128 6:20 16:60 20:78 39:153 24:96 22:88 28:108 14:56 26:102 9:33 24:96 38:152 16:60 8:28 34:134 17:65 49:193 1:3 5:19 14:52 26:100 20:76 35:139 22:86 37:145 17:67 14:56 25:97 31:123 17:65 41:163 38:150 33:129 2:8 15:59 1:1 15:57 10:36 18:72 16:64 16:64 11:43 2:8 31:121 7:27 6:24 5:19 16:60 15:59 2:8 38:152 8:30 34:134 30:120 34:132 9:35 14:54 16:62 17:67 34:132 16:62 3:11 16:62 20:78 35:137 17:65 6:20 23:89 12:44 8:30 14:52 37:147 20:76 18:70 32:124 32:128 27:105 18:68 11:41 14:56 32:124 16:62 15:57 31:121 2:6 1:3 31:121 14:52 17:65 26:102 12:44 22:86 39:155 31:123 30:120 6:24 14:54 20:78 11:43 34:136 19:75 28:112 39:153 9:33 31:123 28:112 32:124 29:115 28:110 7:25 21:83 26:104 39:153 2:8 30:120 8:32 8:32 38:150 13:51 35:139 36:144 32:128 38:148 32:126 15:59 27:105 19:73 13:49 40:156 36:144 33:129 2:8 34:136 38:152 32:124 36:140 6:22 19:75 2:6 10:38 30:120 1:1 39:153 33:129 17:67 34:134 34:134 8:28 39:155 48:190 5:17 29:113 4:16 24:94 20:80 37:145 10:36 41:161 16:62 38:150 32:126 2:4 32:126 16:60 31:123 35:137 23:91 4:12 22:84 16:64 24:96 21:81 20:76 43:169 14:52 1:3 2:4 26:104 18:70 12:44 38:148 11:41 8:32 32:126 20:78 26:100 26:100 4:14 19:75 32:126 22:86 29:115 39:153 15:57 38:148 11:43 18:70 20:80 8:30 36:140 12:46 26:102 5:19 36:144 27:107 11:41 34:134 7:27 14:56 40:160 5:17 23:91 5:17 17:65 3:11 33:131 16:62 16:62 30:120 37:145 3:11 32:124 28:108 37:147 7:27 29:113 4:12 39:155 32:126 8:30 38:152 20:78 10:38 9:33 38:150 2:8 34:136 28:112 11:43 34:134 36:142 35:137 11:41 34:132 14:54 15:59 16:62 13:49 8:28 28:108 19:75 28:108 2:8 28:108 39:153 6:22 31:123 6:24 20:78 15:59 31:123 3:11 29:113 25:99 2:4 8:32 35:137 29:115 33:129 26:104 ; 
L -16 5 43 16 22 12 36 12 14 28 11 37 -44 3 -29 49 40 -27 -13 4 11 5 48 20 36 -36 34 -8 2 4 18 -45 -47 -16 -22 28 -4 -29 9 5 -26 -41 49 18 -45 -8 -6 -47 -31 33 -17 10 40 -20 34 -29 30 -7 -13 4 -50 -16 -50 38 -37 11 -28 45 -47 12 42 -7 -33 -18 -34 -34 17 -30 -30 -1 -49 42 8 19 29 -13 -50 -3 44 20 21 7 -13 37 28 -36 -30 43 30 -9 -32 47 22 35 -28 -16 -47 17 -37 -30 50 -3 31 -38 -50 -28 50 37 13 42 12 -15 -43 -41 35 36 35 -31 -11 -6 37 -39 49 41 -47 -41 -45 43 46 -38 -42 28 28 -39 -40 44 26 30 15 23 -31 -18 -29 -4 45 21 28 -33 -46 -36 45 -31 -13 -43 -7 -33 42 46 -49 25 -28 -29 8 -24 -21 -15 -40 -27 17 -12 24 22 15 -27 -15 -29 3 -12 37 42 48 -32 -24 -48 -11 -6 45 -16 6 -28 14 44 -34 6 36 8 15 -2 4 -46 26 29 49 2 8 -19 -39 -37 -46 48 6 -13 -15 -42 -12 14 -21 4 -10 36 -33 -9 -48 -27 -18 -31 -47 3 -1 17 -14 22 -19 11 5 -44 29 8 29 -30 -41 10 47 -41 -26 42 45 -1 41 18 33 -1 50 39 35 -17 47 -35 48 7 -31 -2 -16 27 15 -50 -16 -47 -16 41 48 -33 -21 -40 -13 -1 -10 -30 -48 11 14 10 17 29 50 45 -35 44 37 -23 17 5 -28 -30 37 49 -25 1 36 18 -43 7 -32 -2 -21 -35 48 26 6 -2 -18 -19 7 17 -50 29 -2 -49 -15 -44 44 1 -5 38 -9 10 -13 8 -23 -6 -37 -25 45 -7 -34 -20 -21 -17 1 25 17 26 35 -27 -43 30 -12 50 42 -8 -11 -21 35 42 45 11 15 41 22 17 -26 20 -39 -24 2 -50 24 -1 3 -2 29 -41 -45 2 -3 -36 26 3 -37 21 -43 -4 19 -7 5 8 14 -14 48 14 -27 50 -38 35 30 14 4 50 40 -37 25 -1 -12 -46 -31 12 31 41 50 -7 29 -29 50 34 5 25 41 -15 -34 -15 42 1 40 43 2 43 -6 40 -33 -13 -15 -40 37 -5 36 -22 31 -5 -11 -34 -32 17 -25 25 15 46 15 -46 -24 12 14 -16 -27 -17 -23 21 17 -40 -50 -12 6 3 -42 -38 -50 -18 -12 30 15 31 -1 39 34 -34 -28 1 42 -1 -4 3 -46 9 -9 36 -27 39 18 -37 -41 -12 ; 
41 97 5 29 84 46 54 36 83 22 59 23 58 49 18 33 10 31 85 88 76 50 94 61 84 65 51 84 16 15 36 29 14 57 31 77 26 72 29 69 37 65 32 28 12 61 26 69 47 58 48 25 16 2 52 94 82 97 14 75 15 99 43 95 24 99 44 44 58 20 54 73 78 2 53 55 98 98 88 82 64 68 40 2 78 80 41 99 91 47 44 32 94 22 38 41 92 25 81 36 48 19 53 69 12 20 58 65 95 69 18 90 94 48 32 12 42 55 94 88 69 58 61 20 95 12 60 98 97 42 43 19 63 37 53 61 12 88 31 89 40 69 77 87 81 7 3 73 71 75 44 67 29 21 53 81 8 41 30 6 12 87 37 27 82 38 27 90 75 38 6 10 98 13 46 14 39 53 56 32 49 13 98 71 43 31 12 34 92 58 5 54 24 6 62 90 83 94 100 57 55 68 56 72 73 57 93 35 50 25 80 42 23 83 18 91 21 12 28 70 52 18 61 77 96 26 57 37 67 85 1 90 60 67 50 89 61 6 45 27 67 95 9 5 10 45 79 97 96 68 60 38 25 57 34 83 79 14 10 42 34 47 73 62 58 44 34 50 69 54 11 57 76 31 41 65 96 29 52 90 34 75 9 26 81 99 49 48 61 62 90 15 43 31 48 55 14 49 90 43 73 84 24 45 88 42 77 37 53 41 46 81 72 73 69 96 95 92 63 1 81 39 20 31 84 5 78 91 79 1 26 26 11 62 33 58 14 2 61 59 86 74 95 49 83 10 62 41 38 86 69 75 23 27 20 23 87 7 51 37 92 87 70 82 15 63 3 53 22 59 43 12 45 59 89 13 4 69 14 92 57 6 47 17 41 19 96 19 38 57 84 49 38 86 37 78 76 1 52 25 75 20 93 54 71 78 43 36 71 90 84 64 13 53 100 22 24 49 93 97 34 69 27 39 89 14 17 85 96 18 38 62 13 49 36 2 97 78 32 76 40 11 86 14 68 87 11 5 65 69 27 84 10 76 86 57 40 28 5 5 92 77 93 91 45 54 37 66 86 48 29 42 59 47 78 34 100 88 12 86 42 57 50 56 60 99 70 35 46 62 20 23 42 87 94 43 23 44 40 58 74 ; 
L -16 82 5 43 -40 -13 -1 81 -10 -30 -12 24 22 15 -9 75 10 8 -23 -6 -37 -25 45 -7 -34 -20 -21 80 -17 1 25 23 -37 -44 -10 17 -33 31 47 6 8 45 -49 30 -3 29 15 27 1 -24 50 -2 24 39 -20 26 -17 -45 2 57 -3 -36 -83 -30 -26 -44 40 -28 -28 42 -15 -40 17 1 -45 -42 26 -47 -10 41 -46 9 -9 -27 85 35 -47 -30 43 62 -21 17 -70 -35 -39 -50 1 48 24 32 -48 -42 -51 12 -37 40 15 13 33 -40 -43 -2 -43 -36 5 28 -76 -58 -59 -5 -17 27 16 -14 -12 24 -71 46 -15 -46 -25 25 -17 32 -84 34 11 5 2 -29 50 -17 19 18 2 -6 -26 16 47 -48 -27 -39 1 -31 -15 -30 12 18 -42 -50 -77 12 -30 28 22 35 -28 -16 -47 17 -37 -3 -38 -50 -28 50 37 13 42 12 -15 -43 36 46 33 -28 -5 -9 -50 29 -29 7 -50 -41 -31 31 46 12 1 -25 37 -40 -50 -4 -14 1 -69 30 31 -45 -30 -52 47 45 -18 -8 -36 -6 34 -78 -44 -14 -66 28 -6 16 -45 6 11 -18 74 11 34 -34 -28 1 42 -1 -4 17 -30 38 -46 -43 45 41 47 -65 -41 -49 -37 6 11 31 -35 -36 -35 -21 73 35 42 45 11 53 15 41 22 -45 -50 -29 -17 -10 33 -68 -18 -29 -4 45 36 -28 -37 13 -7 -21 -20 -44 3 50 13 -29 -19 -8 -42 49 11 8 50 38 -3 -6 31 -49 -15 -44 44 1 -5 -12 14 -21 4 28 -11 35 -42 33 7 -37 39 43 19 37 -18 -47 3 -1 -14 22 41 -29 2 -3 -38 42 15 13 -6 -48 46 37 39 3 -37 21 19 -8 -49 -29 -26 46 2 -15 -4 -2 8 -34 54 -47 41 48 -33 67 63 -21 16 22 -27 -43 -14 -12 -36 -12 -35 -26 -17 -17 21 -40 -50 -12 22 -40 -1 -42 -61 15 34 15 -41 -25 -5 -34 -50 38 41 26 -9 -32 -35 38 -7 -13 4 -50 29 4 -60 -56 -28 -48 -14 37 -18 -34 -34 3 30 -29 -8 -29 44 -11 19 46 25 -28 -29 8 72 -7 5 8 14 -14 48 14 -27 -41 -48 50 -30 29 -34 20 -40 -24 -21 -10 -33 -9 11 37 -44 55 3 -29 49 40 -27 -13 4 11 64 5 48 20 36 -36 16 50 -15 49 -25 -2 -16 27 35 21 2 32 -7 43 -18 -36 -1 31 18 -7 -48 45 12 42 -7 -23 -15 -43 79 13 -41 -12 ; 
17:65 32:128 38:150 2:8 16:60 33:129 40:158 24:96 8:28 20:76 22:86 20:78 6:20 40:156 18:68 40:158 8:28 0:0 25:97 24:94 35:137 30:118 38:152 20:78 34:132 4:16 25:99 10:40 33:129 16:60 35:137 30:116 18:68 36:144 14:54 10:40 20:76 24:92 19:75 28:110 11:41 25:97 1:3 24:94 14:56 5:19 13:49 18:68 22:86 28:110 2:6 6:20 36:142 24:94 18:72 5:19 18:68 32:128 7:27 30:120 12:46 8:30 70:280 25:99 30:116 2:4 3:11 6:20 31:123 28:110 6:22 16:62 14:52 3:9 6:22 32:126 34:132 26:102 10:40 16:60 25:97 10:36 17:67 52:204 30:116 4:14 20:80 41:163 10:40 2:6 5:17 3:9 17:65 4:16 24:92 25:99 30:116 29:113 3:9 10:38 22:86 2:8 40:158 13:49 16:60 35:137 5:17 16:64 31:121 13:51 66:260 1:3 15:57 25:99 28:108 8:32 2:6 28:112 26:102 2:6 34:134 47:185 38:148 31:123 37:147 2:8 10:36 11:41 12:44 16:64 50:200 31:121 4:16 34:134 7:27 36:144 28:110 26:104 23:91 32:124 2:8 34:134 7:25 16:62 33:129 1:1 26:100 66:262 6:22 23:89 27:107 18:72 23:91 17:67 35:137 5:19 36:140 40:160 13:51 21:81 20:80 39:155 35:139 10:38 24:92 28:110 5:19 8:32 24:92 26:104 38:152 13:49 47:185 13:51 5:19 17:67 22:88 38:150 36:140 28:110 24:92 25:97 8:30 3:9 12:48 17:65 4:12 28:110 13:51 11:43 28:110 14:54 39:155 38:148 20:78 11:43 40:160 22:84 6:20 26:102 34:134 36:144 29:113 15:57 18:68 22:86 14:56 22:84 9:35 35:139 39:153 23:89 13:49 6:22 12:46 34:134 23:91 30:116 29:115 21:83 36:140 28:108 6:22 37:147 23:91 40:160 38:150 34:132 36:144 16:64 10:38 38:148 18:68 23:89 24:96 40:158 28:112 14:56 19:73 15:59 40:156 36:142 36:142 13:49 36:140 5:19 25:97 15:57 22:84 15:59 2:6 18:68 17:67 39:155 40:156 24:96 5:19 30:120 32:126 39:153 33:131 6:24 26:100 19:75 15:59 22:84 9:35 12:46 22:88 20:76 13:49 18:68 5:19 39:153 8:30 12:46 9:33 22:84 40:158 17:65 16:60 9:35 38:150 13:51 18:70 19:75 37:145 40:158 17:65 32:128 32:124 1:3 16:64 28:108 7:27 37:147 16:62 32:124 37:145 17:67 3:11 16:62 32:126 1:1 11:41 11:41 5:17 53:209 11:41 23:91 15:59 24:96 18:70 33:129 37:147 11:43 16:60 30:120 39:153 18:68 12:44 46:182 12:46 0:0 3:9 18:72 15:57 38:152 5:17 3:9 23:91 37:147 9:33 11:43 31:123 25:97 8:28 21:83 28:112 12:44 5:19 9:33 16:60 23:91 6:20 37:145 30:120 10:36 17:67 32:128 23:91 14:56 18:72 6:24 7:25 34:134 28:112 30:116 23:89 14:54 30:120 28:108 2:4 29:113 7:27 34:134 8:32 8:32 9:33 34:132 15:57 22:86 22:84 10:36 30:120 18:70 16:62 36:144 35:137 20:76 14:52 30:118 6:20 25:99 25:99 24:96 8:28 39:153 34:136 7:27 6:22 36:142 23:89 38:152 14:54 26:104 48:188 20:76 22:84 22:86 49:195 6:22 30:120 6:24 15:59 29:115 14:52 31:123 28:110 2:8 19:75 50:198 13:51 22:84 22:88 50:196 8:30 28:108 39:153 39:155 32:126 20:78 2:8 3:11 2:4 3:9 4:16 40:156 26:100 21:83 15:59 32:124 31:121 1:1 21:83 10:40 30:120 16:64 18:68 0:0 28:108 33:131 38:150 21:83 1:3 23:91 19:73 14:54 12:46 36:144 24:92 10:36 24:92 35:139 19:75 8:28 14:52 4:16 13:49 34:136 36:140 31:121 14:56 18:68 38:150 25:97 34:134 26:104 9:35 39:153 26:104 7:27 31:123 19:73 31:121 13:49 35:139 39:153 28:110 30:116 29:115 33:129 19:73 17:65 22:84 20:76 4:16 21:83 22:86 22:86 15:59 22:86 30:116 38:148 30:120 41:163 20:78 9:33 8:32 24:92 30:118 ; 
L -9 -8 -34 -37 45 7 -30 2 -11 -48 -46 -30 4 3 -31 37 -39 -14 24 33 -16 -7 19 -26 -37 23 -30 42 11 17 -50 -34 2 -16 13 -44 -16 46 1 -17 19 33 12 46 29 8 -35 46 -9 -1 27 -7 -43 -45 6 -13 -23 42 -6 -22 -15 -20 -22 14 -19 10 -8 22 -26 9 -45 -15 26 25 -41 -30 29 -8 9 -42 27 -37 -49 13 -33 16 2 -15 -25 42 -41 26 50 -32 47 7 9 24 47 17 -15 -29 45 18 16 -3 -4 50 -41 50 -39 -21 -9 26 19 41 21 -9 22 46 -18 32 -43 -8 -8 -26 46 23 22 -33 41 -19 -27 12 35 17 -10 41 -34 -6 14 -39 -6 22 -47 35 -7 -20 47 26 -46 19 41 29 28 34 31 10 47 48 -29 -46 -14 3 -41 42 -24 -45 35 -7 30 -3 41 33 -8 -49 43 -27 -32 -5 14 -26 49 -21 27 -12 -12 7 -45 -20 -44 8 -29 35 -20 -2 18 10 -16 -34 -39 31 -17 -38 41 2 20 11 -2 41 -45 -24 3 34 -46 5 -21 38 -22 16 9 -3 -27 36 18 50 20 8 -16 -32 18 -50 49 -46 5 21 27 -10 -29 -25 35 -43 -44 12 19 -8 -35 28 13 19 -20 -49 -3 22 13 4 -13 12 34 45 -19 27 4 -25 -28 -47 35 37 26 -48 38 -13 13 43 -33 23 -38 23 43 42 -10 48 -33 36 27 -16 -48 -28 -36 31 -47 -26 -7 15 47 -35 36 33 13 36 20 -17 -50 -48 33 30 26 -9 -16 -44 -41 33 -6 -5 4 28 37 45 5 -15 -39 38 -10 20 -49 38 -12 12 -49 18 21 -28 8 18 14 -11 -17 47 48 4 44 -16 -44 29 38 -20 38 -15 -31 -8 15 -16 23 -44 -41 44 23 17 23 23 29 8 -48 -44 -31 -17 18 -15 8 -49 -50 -20 -1 -30 49 -45 -20 -35 -26 -49 -37 33 -1 -5 46 10 -4 22 -5 -15 -48 -30 -29 -45 -11 33 -45 -7 36 -32 41 -11 -10 41 50 32 -4 -3 -20 -7 40 -12 -47 42 -49 -9 37 -49 48 39 -10 -32 -9 3 36 29 -46 -35 6 18 -37 44 18 48 -27 11 -3 -29 24 -3 24 24 14 49 -43 7 -43 36 -31 48 -6 -48 -6 37 -20 -8 -50 19 -25 35 -43 26 39 36 31 -49 -47 -9 -25 -16 45 -17 46 -14 -16 9 28 -43 42 44 -27 -10 -12 -9 -28 -11 -2 -27 -6 -9 9 -26 -2 -9 -24 -3 47 -50 35 43 ; 
91 84 93 19 77 66 32 23 23 54 28 23 30 27 93 43 84 58 20 55 96 64 68 74 69 12 8 67 93 92 91 33 55 93 21 47 77 76 67 73 85 74 19 52 17 91 6 65 70 7 3 2 15 71 78 30 77 8 41 15 64 46 89 69 5 55 33 84 99 17 25 30 13 34 16 33 26 10 74 74 26 22 16 17 10 20 87 70 5 97 50 52 70 1 67 34 90 90 80 73 55 51 74 77 95 84 64 83 42 75 72 51 54 42 72 9 63 99 8 55 76 60 20 2 71 9 23 46 90 77 18 76 47 53 44 7 74 16 57 8 39 70 7 19 3 96 39 21 82 30 44 38 28 94 59 48 53 50 13 22 22 44 51 19 43 26 89 9 58 51 99 28 55 57 44 9 74 10 51 74 23 50 48 50 41 10 43 70 61 54 27 48 17 35 42 45 56 33 10 41 52 52 26 20 88 74 99 57 17 84 51 32 21 12 81 13 8 87 10 69 75 4 81 72 10 28 91 57 49 14 32 5 2 51 35 49 42 97 76 90 78 88 55 62 96 86 49 72 96 6 55 69 2 5 21 61 40 93 54 54 9 44 67 53 86 21 36 43 29 9 100 36 7 35 57 63 77 76 74 96 47 12 97 39 30 91 78 97 49 82 13 48 23 81 8 26 73 97 30 28 87 82 87 57 50 81 7 70 2 14 49 90 45 55 15 16 94 57 83 87 19 39 75 41 70 71 2 46 12 56 15 64 53 81 49 87 18 55 81 28 9 10 47 17 100 73 84 45 76 29 96 19 43 42 25 79 30 64 37 41 80 100 9 3 27 63 23 53 81 71 44 21 47 83 60 39 40 47 5 83 53 20 77 52 3 39 29 14 55 57 81 100 63 47 76 78 31 78 49 40 16 7 34 94 21 32 38 55 50 67 57 27 96 8 92 51 54 68 11 5 53 74 76 77 98 38 59 22 82 64 18 57 98 26 90 90 29 58 17 58 66 93 100 32 77 87 41 15 5 68 85 69 63 24 78 92 74 4 69 64 38 76 92 66 50 11 29 84 57 34 19 55 17 57 80 87 69 78 96 23 29 35 73 69 38 42 42 66 89 35 70 70 31 5 80 69 49 33 82 1 80 ; 
L -9 71 81 -8 -34 -37 45 7 -30 23 43 42 -10 48 -33 36 27 -16 61 -48 -36 31 -47 -26 -7 15 47 -35 36 -38 -11 30 1 20 50 49 -8 15 -18 17 31 -70 -38 -3 -20 68 76 -7 40 55 -12 -47 42 -49 -9 37 -49 -42 25 15 -82 -2 -16 33 -13 -80 3 5 -21 38 -22 16 9 -50 -39 -9 56 -25 -16 45 -17 46 -14 -16 9 28 -43 42 44 35 -36 7 45 -33 41 -26 15 45 -9 -22 8 -10 19 15 41 -14 17 -36 -13 -33 -15 -31 53 -8 15 -16 -50 23 -44 29 30 11 28 9 12 10 27 23 30 -23 37 -19 -51 7 16 -33 33 -22 -23 -78 -46 26 8 8 43 18 2 26 -9 9 6 27 2 48 3 77 29 8 -48 -44 2 -11 -48 -46 -11 26 -48 39 -24 49 37 -27 42 -9 8 -64 79 3 24 9 45 -33 23 -38 -50 -85 -41 10 11 32 -43 26 41 21 -9 46 -6 -44 42 11 17 -50 2 57 39 36 31 -49 -47 31 83 -3 -27 36 18 46 -26 -47 20 -8 -49 43 -27 -32 -20 -8 -17 -38 41 2 11 -2 -18 32 16 -20 -50 -74 20 -17 -47 -24 -9 -7 -52 -47 32 -65 -50 41 48 39 -32 -9 19 -25 63 -21 -18 49 -3 14 46 -72 29 -47 -10 -31 -34 30 15 22 6 -42 23 13 4 3 -31 37 -39 -37 6 48 6 -48 31 43 -7 43 -49 -14 -24 -24 -62 37 -18 -6 35 46 -36 -3 34 -10 -18 20 -21 -39 -9 26 19 -20 -22 -35 29 -8 44 20 45 -7 12 12 -27 21 -49 -14 5 -14 24 41 -19 -27 12 35 17 41 -6 14 67 -39 60 -6 22 -47 35 58 -7 -33 -41 17 23 23 49 -19 -13 -54 -28 35 8 -19 -12 44 43 -35 25 29 10 -27 -21 -5 46 -49 50 59 22 13 4 -13 12 45 -19 27 4 -25 -28 -47 35 -16 13 66 -44 -16 46 1 -17 19 33 12 46 29 8 -35 -9 -1 27 -7 -43 -45 -19 -35 -26 -49 -37 33 -1 -5 46 10 73 -4 22 -5 -15 41 -45 15 -5 -37 -28 -4 5 -11 47 48 4 44 -44 29 38 -20 3 -30 7 -35 45 24 30 26 -9 -16 -44 -41 33 -14 -18 28 41 29 75 28 29 84 -29 45 -50 -69 -50 4 3 -16 -50 -48 33 44 18 48 -27 49 -45 -41 42 3 -24 3 -12 12 -38 49 -20 10 -38 18 4 -32 -13 -47 -43 -13 35 43 ; 
37:145 21:81 40:160 35:137 38:148 8:30 31:123 27:105 13:51 13:51 30:118 39:153 19:75 5:19 39:155 16:62 12:48 37:145 11:41 21:83 10:36 33:131 6:20 20:76 10:36 33:129 4:12 11:41 30:116 15:59 30:116 37:145 34:132 19:75 9:33 18:70 29:113 33:129 22:84 10:36 26:100 23:89 15:57 7:25 20:80 16:60 0:0 19:73 23:91 28:108 11:43 39:153 4:12 37:147 21:81 22:86 28:108 11:41 39:155 2:8 28:110 31:123 35:139 8:32 4:16 4:16 24:94 4:16 4:12 35:139 4:16 28:110 30:120 3:11 18:70 27:107 4:16 20:80 14:54 8:30 22:88 7:27 23:91 32:128 35:139 28:110 32:124 39:153 10:36 15:59 12:48 20:78 32:124 13:49 32:128 14:52 6:20 12:48 10:40 0:0 34:134 14:52 22:88 16:64 17:65 5:17 43:171 4:16 12:44 12:48 42:168 31:121 32:126 15:57 39:153 8:30 18:68 11:43 17:67 10:40 26:100 44:176 17:67 16:60 28:110 30:116 14:56 7:27 29:113 4:12 5:19 57:227 27:105 10:36 26:102 39:153 15:59 31:123 36:144 25:99 10:38 10:36 4:14 29:113 1:3 6:24 5:19 13:49 28:112 28:112 14:56 36:142 27:105 13:51 35:137 13:49 32:124 40:160 4:14 2:4 11:41 10:36 22:86 12:44 28:112 6:24 4:14 49:193 8:30 9:33 7:25 9:35 11:41 30:118 30:118 36:140 17:67 44:174 28:110 32:128 26:100 30:116 26:100 31:123 22:84 9:35 20:80 38:150 14:54 7:27 20:76 31:121 30:116 26:100 40:158 11:43 16:60 50:200 22:84 38:148 37:147 37:145 6:20 7:25 34:134 27:105 20:80 5:17 12:46 28:110 10:40 17:67 33:129 29:115 4:16 16:60 18:70 12:48 33:131 9:33 4:14 30:118 4:16 21:81 35:139 37:147 46:180 8:32 36:140 30:118 10:36 7:27 33:131 13:51 6:22 27:107 37:145 20:80 2:4 35:137 30:116 32:128 36:144 36:144 17:67 0:0 27:107 2:8 26:104 36:140 14:56 2:8 6:20 31:121 30:118 28:110 37:147 11:41 6:24 23:89 13:49 8:30 21:81 24:94 27:107 6:22 6:20 20:80 22:84 17:67 26:104 26:102 6:24 17:65 4:12 31:123 10:38 11:43 38:148 18:68 34:134 42:166 10:38 26:100 28:110 34:136 28:108 5:19 17:65 35:139 31:123 13:51 40:160 38:148 15:59 16:62 8:28 26:102 33:131 9:35 36:140 40:156 6:24 2:4 14:52 28:110 21:83 29:115 15:57 17:67 29:115 5:19 36:142 10:38 14:56 7:27 20:76 11:43 22:86 25:97 28:112 18:68 4:16 17:65 20:80 15:59 10:36 8:30 8:32 15:57 31:121 19:75 22:84 18:70 3:11 7:27 22:86 16:62 34:136 10:36 34:136 37:147 8:30 2:4 39:153 26:100 10:40 18:70 23:91 6:20 15:59 17:65 10:40 4:12 3:9 20:76 24:94 29:115 20:78 35:137 39:153 25:99 22:88 36:140 32:124 36:144 31:121 39:155 17:67 20:78 14:56 21:81 1:3 16:62 12:46 9:33 25:97 16:64 38:148 43:171 4:14 18:70 27:107 22:84 35:137 9:33 15:57 18:72 9:33 28:108 32:126 31:123 31:121 27:107 30:116 34:136 30:118 8:30 21:83 7:27 37:145 3:9 27:107 3:11 2:4 1:3 6:24 29:113 18:68 18:72 2:8 34:132 22:84 8:32 31:123 21:83 2:4 16:62 8:28 9:35 6:22 22:88 23:91 24:92 21:81 13:51 35:139 18:70 38:150 7:25 6:24 27:105 18:72 33:129 12:44 4:14 20:78 7:27 40:160 30:116 25:97 12:44 40:158 21:81 24:92 4:14 18:72 3:11 28:112 1:3 6:22 20:78 36:144 31:123 20:78 30:118 28:112 38:150 21:83 34:132 13:51 24:94 12:44 30:118 54:216 37:145 36:142 34:132 26:102 34:134 34:132 23:91 20:80 20:76 40:156 11:41 36:144 24:94 16:62 28:108 11:41 54:214 24:92 1:1 13:49 19:73 1:3 29:113 28:112 17:65 30:120 16:60 23:91 16:60 10:40 22:88 17:67 14:56 16:64 1:1 32:128 ; 
L -45 -48 -14 -5 -40 -23 -45 5 -6 -18 -45 -23 26 45 5 16 43 -30 28 26 -26 -27 -35 -41 -6 46 28 -21 47 -16 -37 -20 -30 32 23 37 45 48 -37 15 -31 15 -19 -12 48 50 -12 -14 -5 -50 41 9 34 27 -38 -42 29 22 -25 46 -6 -27 -45 -24 -10 -15 5 -34 44 35 23 28 31 -31 12 -24 3 20 32 -26 36 -9 41 29 47 -18 -46 46 47 4 -27 38 24 39 -35 18 -9 40 -36 -30 33 -37 5 -14 -39 -26 42 19 -17 -23 -43 30 -37 -24 -13 -27 -27 -31 20 5 36 41 -16 46 -16 29 -11 -14 22 -33 12 3 -8 -43 -35 19 29 -47 22 9 -40 -15 7 44 2 43 43 32 -20 43 -25 -23 -44 27 -1 -40 -47 31 33 -44 6 7 35 20 7 -31 47 -1 -20 -46 -31 20 45 33 -16 -12 -48 -43 -28 50 -43 43 11 -6 30 -8 33 -7 38 -41 -44 8 -48 35 12 -12 38 23 -22 -26 -46 -7 -42 -30 -46 4 48 -46 -2 37 31 11 16 -44 2 37 -19 -45 -37 -1 50 -5 50 41 -3 -35 8 -11 33 -1 -28 16 -17 -37 -21 -12 -32 1 -30 -28 49 20 44 -24 9 30 -16 -27 6 -18 -26 11 5 -35 12 32 -36 -36 -13 2 -39 20 13 23 -28 24 1 35 -14 5 -37 -43 -22 -24 -41 8 17 34 15 47 -33 -36 30 26 26 -8 9 28 -47 -24 30 11 10 3 15 -50 13 -31 30 12 -44 -45 -16 -3 -40 -25 42 -47 -21 -43 -27 34 33 20 8 -41 -28 18 -4 -19 -28 18 -37 12 10 17 -43 -47 -25 35 29 -39 11 -4 -50 -23 -13 -6 16 20 34 31 40 -28 29 16 -8 47 -48 16 -48 -34 -32 -49 -47 33 31 3 -47 -42 -9 46 -33 22 -35 -42 28 -17 7 3 44 9 -16 23 40 29 -43 39 4 -43 -15 -36 32 -45 30 -38 -7 -6 -43 30 -11 -23 37 -1 45 50 -7 36 4 -14 -13 -31 1 -20 18 49 4 -14 -25 22 -34 14 45 34 4 16 -27 -23 -25 32 8 24 -10 -6 -10 41 35 1 2 -5 27 -28 -14 20 10 -16 43 39 18 -22 -24 6 11 25 -4 20 27 -36 31 -17 -5 42 6 43 -35 2 -8 26 19 23 33 44 22 -23 29 16 7 49 -13 -48 9 45 -21 3 9 10 -36 -22 39 -37 42 25 34 -23 27 49 -38 43 -35 -1 -31 -36 9 -43 34 29 50 -23 40 -26 ; 
71 55 87 31 93 45 7 27 6 67 50 97 55 63 47 65 78 20 71 90 31 44 67 71 89 94 90 13 46 57 29 32 52 90 34 73 1 47 30 68 17 25 47 87 22 24 71 89 12 5 26 20 72 96 87 76 18 7 5 32 84 38 87 82 13 3 73 16 13 37 67 54 34 86 90 51 92 29 19 21 73 46 7 79 28 58 91 12 51 47 3 70 86 42 42 20 47 15 54 19 48 57 63 78 83 12 36 72 35 68 69 92 79 22 90 10 99 100 12 44 46 75 44 28 75 88 51 95 66 8 94 95 69 95 86 26 77 81 86 40 74 53 93 9 79 59 39 90 98 72 92 36 18 6 62 13 47 27 60 15 32 85 74 47 2 66 57 75 87 7 56 52 88 84 94 77 14 21 83 27 90 37 70 59 7 75 13 76 9 98 28 98 9 84 42 68 86 46 69 52 29 60 53 60 66 46 82 72 67 42 63 40 42 37 18 67 77 62 90 78 22 77 70 80 58 30 13 15 25 60 83 56 34 38 99 65 4 27 9 85 63 54 14 27 67 27 33 71 29 74 37 9 4 59 94 14 45 15 81 11 61 15 45 74 4 85 93 17 98 23 2 27 90 95 67 17 92 46 42 61 49 88 17 84 6 24 7 7 81 26 20 84 56 81 14 70 60 2 33 55 72 98 87 35 24 30 32 51 3 43 44 40 37 51 36 56 44 33 20 41 36 76 32 98 55 14 84 57 37 60 31 30 19 36 52 44 79 36 23 36 60 53 61 58 96 86 31 95 17 22 49 56 65 13 84 72 86 88 16 80 11 22 40 30 14 14 90 24 5 67 52 89 91 52 15 91 64 6 44 97 39 39 15 39 76 53 46 28 45 36 26 59 35 37 44 19 4 20 69 58 29 51 80 69 64 94 22 81 21 46 95 32 47 65 26 29 83 93 91 68 55 41 97 63 60 40 84 16 70 40 13 49 69 9 70 41 95 57 20 61 49 87 28 74 28 26 63 30 18 58 43 93 70 24 80 93 47 72 4 56 49 23 48 51 69 7 50 94 47 99 97 14 92 20 99 79 80 4 30 56 42 37 84 9 36 23 33 99 69 22 53 41 13 68 42 100 40 63 83 94 12 ; 
L -12 33 -22 11 -29 16 -46 -41 -68 -36 -5 -51 -35 19 -47 22 9 -40 -15 31 -61 -7 -35 -7 -6 44 17 -31 36 -27 -20 8 -3 -50 -33 -31 47 20 41 -36 34 11 -30 43 33 7 49 -13 -48 -33 8 11 -35 12 32 -36 45 18 -5 45 23 40 5 14 48 45 -77 4 -11 39 -29 -8 -20 9 30 78 -35 -41 10 6 10 -24 -8 25 23 27 -64 -16 -4 -34 -45 -14 34 -22 25 14 -4 -43 -27 80 34 55 33 24 16 -44 2 37 -19 -50 -29 -35 -44 -20 -49 28 30 -40 -23 16 -9 -44 34 -53 -5 10 -50 -45 1 6 7 38 -30 45 -35 8 -11 23 37 26 -26 -46 -7 -42 -30 -46 4 48 39 4 -43 -15 -36 32 3 -41 -73 -50 -50 22 -23 16 69 -33 42 19 -17 59 -23 -43 30 -24 -13 -27 62 -27 -31 20 -16 28 -40 -31 -16 6 13 23 -1 32 26 18 27 16 1 2 -5 -28 -14 20 10 -16 43 18 -22 6 11 66 25 -4 -43 -13 -20 -39 -24 -38 27 -31 83 -16 -5 -45 -26 23 -35 25 -5 -50 82 41 9 27 -38 -42 29 -25 46 -12 -48 -43 70 65 -28 40 -36 -30 33 -37 5 -14 -39 -37 -21 -12 -30 6 -11 4 -18 23 -45 -43 43 -50 -31 30 12 -44 -45 -16 -3 -40 71 -25 42 -47 -21 -76 -49 -18 20 -75 -1 31 13 14 -58 -4 -36 7 35 23 31 -31 12 -24 3 20 32 84 -26 36 -9 41 29 47 -18 67 26 19 22 -6 -27 -45 -24 -15 37 -48 -45 -37 -23 30 37 16 -74 21 -28 -46 6 41 35 43 -9 36 -63 -56 -47 -46 46 8 -2 35 32 -20 43 -25 -23 -44 27 -31 -33 49 32 -81 34 48 -16 48 -47 8 23 -28 -46 9 42 47 -3 -72 -1 -40 12 10 17 -43 -47 12 -50 -48 12 -15 31 31 1 35 -43 38 -49 -79 -27 -34 -25 -42 37 -39 36 -10 -9 -3 21 -54 -45 -9 -7 38 -41 -44 8 -48 35 12 -12 34 38 23 -22 27 -57 26 -26 -28 30 -43 20 45 60 33 -16 -34 17 -16 1 1 37 -19 -28 18 -46 1 35 -14 5 -37 -22 -24 -41 8 17 34 47 -33 -36 26 26 -8 -18 35 39 9 28 -47 -24 30 11 10 3 15 -2 -44 -7 47 -1 -20 -28 42 -11 -31 -37 2 46 43 -29 -5 42 43 4 -52 -24 -85 2 -9 -13 50 43 -44 -3 -7 17 33 13 -28 40 -26 ; 
25:97 38:150 4:12 41:161 21:81 36:140 30:120 2:8 36:140 14:52 19:73 22:86 17:65 11:41 42:166 35:137 16:64 30:118 22:84 26:102 15:57 16:62 5:19 30:118 34:136 13:51 21:83 24:92 8:28 12:48 26:100 22:86 28:110 22:88 4:16 24:96 11:43 30:116 39:155 19:73 33:131 21:83 11:41 15:57 20:76 9:35 38:150 19:75 40:158 57:227 6:20 13:51 0:0 38:150 6:22 18:72 29:113 20:80 8:28 11:43 3:11 18:72 38:148 13:49 35:139 22:88 29:113 30:116 15:57 8:30 12:48 6:20 15:57 32:124 11:43 20:80 24:92 34:134 16:64 24:96 26:100 39:155 17:65 5:17 37:145 38:148 24:94 36:142 12:46 11:41 26:104 19:75 13:51 38:152 19:73 9:33 33:129 20:78 18:70 16:60 11:43 26:102 15:57 16:64 14:52 15:59 8:28 27:107 31:123 44:172 16:64 25:97 6:24 6:22 22:86 26:100 34:136 37:145 6:24 21:83 37:145 25:97 6:20 14:54 23:91 14:56 4:16 8:30 18:70 13:49 12:44 19:73 22:84 31:121 13:49 6:20 6:24 4:12 14:52 11:41 17:65 12:46 24:96 22:84 24:96 27:105 19:73 33:131 8:30 18:70 39:155 16:62 16:62 6:24 16:60 24:92 32:124 5:17 10:36 12:46 21:81 12:48 27:107 24:94 25:97 29:115 14:56 32:124 2:4 28:110 37:147 10:40 36:144 4:16 13:51 32:128 40:160 5:19 28:108 6:20 24:92 25:97 19:75 10:36 15:57 32:126 5:17 11:43 4:16 15:59 6:24 29:113 11:41 28:112 16:64 0:0 28:110 4:14 28:112 17:65 38:152 23:89 25:97 28:112 12:44 11:43 26:102 12:44 27:107 34:136 18:72 15:59 17:67 35:137 28:112 18:68 38:148 46:182 26:104 19:75 26:100 22:88 28:110 24:96 18:72 2:8 25:97 1:1 8:32 44:176 35:139 31:121 8:28 1:3 13:51 28:110 6:22 9:33 22:86 9:33 29:115 17:65 22:86 8:30 20:76 23:91 26:100 32:124 34:132 8:32 40:158 26:104 19:73 3:11 24:94 13:49 8:32 26:100 7:27 42:164 15:59 36:144 1:1 14:52 22:88 29:115 40:156 35:139 14:56 10:38 31:123 8:30 13:51 21:81 2:4 8:28 34:132 38:150 26:102 31:123 10:36 32:128 21:81 12:46 11:43 32:124 28:110 8:32 8:32 27:107 17:67 35:137 36:144 21:81 37:147 12:46 8:30 22:86 2:6 30:116 19:73 3:11 32:126 12:44 24:92 13:49 34:134 2:6 24:96 26:104 16:60 35:139 33:131 12:48 28:108 12:48 19:75 1:1 30:116 38:152 16:60 12:46 18:72 36:144 6:20 36:144 38:150 36:142 29:113 21:83 28:108 6:20 6:20 23:89 23:91 21:81 5:19 28:112 19:75 38:148 25:97 40:156 29:115 37:147 15:57 8:28 3:9 26:102 35:137 3:9 6:20 17:67 22:86 23:89 20:78 9:35 7:27 38:152 15:57 2:6 22:84 9:35 5:17 32:128 7:25 31:121 22:86 6:20 36:140 22:88 6:22 34:134 23:91 6:24 29:113 10:38 9:35 31:121 10:40 16:64 22:84 9:35 28:110 40:158 14:52 28:112 34:136 8:28 34:134 15:59 17:67 23:89 8:32 32:128 32:126 40:158 8:32 32:128 15:59 6:22 13:49 4:14 40:156 12:44 40:156 4:14 34:134 17:67 28:108 47:185 12:44 19:73 28:110 29:115 12:46 12:44 13:49 36:144 29:113 8:32 21:83 36:140 35:139 36:142 38:150 32:128 11:41 14:54 48:188 26:104 32:124 27:107 15:57 31:121 18:68 21:83 7:27 40:156 10:36 1:3 22:88 38:152 27:107 7:27 37:147 19:73 12:44 20:78 36:140 17:67 3:9 10:38 8:32 8:32 8:32 14:56 3:11 33:129 11:41 8:32 34:134 23:89 33:129 6:22 10:38 32:126 4:14 35:137 30:120 35:139 6:20 36:144 14:56 16:64 26:100 17:67 27:107 24:94 26:102 16:60 38:148 37:145 34:134 10:36 22:86 24:96 17:67 24:96 1:3 24:96 42:168 26:102 21:83 27:107 2:8 13:49 3:9 3:9 22:84 38:150 5:19 ; 
L -25 -36 -20 24 -39 -6 -13 -5 -8 -46 11 27 -21 25 13 -28 41 12 45 18 -13 -41 15 49 6 -8 -4 47 22 18 2 -6 48 12 -45 -28 22 -4 -34 27 11 3 33 43 -2 -27 -46 14 -14 26 26 -11 27 -38 -24 -22 -34 -1 -15 28 -42 15 -21 -47 47 -27 24 -15 -25 -16 21 -44 30 -29 -46 34 -34 -6 17 6 32 45 10 14 -18 12 -47 16 -35 -17 -15 34 -23 4 -30 -16 30 33 -27 -4 -22 26 -13 29 8 30 -32 30 -23 -46 -17 34 1 -23 43 -1 -34 -18 -30 -27 41 42 42 37 -20 -25 10 -21 -21 10 29 -46 8 17 34 -40 -45 8 -10 26 39 21 -21 26 -13 -35 -11 -35 -48 -14 -12 -16 35 14 32 -26 23 -31 -41 -11 -41 25 -35 20 8 39 4 41 47 -35 -23 48 -32 -12 -11 -31 -29 -19 -48 45 -22 -29 16 -11 -19 33 -21 34 19 2 44 -8 -38 17 31 -28 -48 35 -42 41 13 -44 23 -46 -20 10 7 17 -7 -39 -48 -42 41 -8 24 -17 -37 45 10 -15 -27 27 -23 -3 -18 46 -7 3 26 17 15 33 -33 -35 -29 23 -49 42 -33 25 23 -24 29 -25 6 -23 2 -23 48 -10 -50 13 21 -34 -24 -37 -39 6 -2 47 -28 -20 44 1 27 9 -30 3 -47 -42 7 -45 -5 -4 -18 15 45 17 -13 3 -37 -48 -8 19 -49 -41 -36 33 49 27 -11 37 -3 28 34 21 49 43 24 45 4 42 3 -45 -1 -47 18 -2 -40 48 31 -10 -38 -49 -7 48 50 39 -20 40 20 -23 -25 -21 34 19 39 -44 -50 45 -35 -32 27 23 12 -5 40 27 -6 -31 -2 37 -1 47 -12 -43 -16 -40 24 15 14 -11 20 -48 16 4 37 44 -17 42 25 -31 -1 16 43 50 34 16 -4 -23 -8 21 -34 -1 40 49 26 49 13 -50 11 -19 -21 13 17 23 25 -14 -15 47 43 -9 -32 24 43 3 32 12 -42 -18 31 -4 -34 6 9 3 5 34 -43 34 -2 -10 34 -17 -44 -38 29 -26 42 -24 15 9 -44 -45 -47 -49 29 -34 16 10 50 -7 37 10 -28 4 -26 41 45 3 -1 44 39 -39 -26 -31 20 -2 -28 -16 49 25 1 -5 36 -36 24 -12 -6 5 -14 34 45 -24 -12 13 -8 33 -43 -32 10 39 34 -46 -25 -7 -28 -12 2 31 -9 18 37 48 -48 -27 -50 18 -40 5 -12 31 34 -25 27 -19 -14 -5 -27 -22 ; 
8 79 96 44 90 13 58 52 9 50 59 89 95 18 42 4 74 55 89 51 18 20 93 78 100 99 87 30 70 35 77 69 86 88 76 94 70 40 59 90 42 86 45 24 7 34 57 65 19 53 55 24 97 37 65 49 68 30 53 25 94 36 68 75 17 85 72 9 92 39 24 7 10 100 30 59 9 4 62 10 96 36 89 25 40 28 15 57 19 3 54 59 20 93 43 59 10 26 52 62 89 63 78 52 48 91 19 84 70 27 55 18 45 77 64 38 9 31 24 52 80 66 11 7 15 35 40 11 78 28 33 3 37 66 24 82 14 34 57 2 78 90 75 61 74 60 48 2 18 68 28 78 89 58 100 51 4 40 73 46 20 92 42 90 65 47 45 16 71 4 64 20 79 31 37 20 80 12 69 35 96 9 54 34 39 7 78 39 64 25 42 30 6 53 32 99 59 12 81 63 13 15 87 90 9 26 93 100 22 23 11 54 39 75 20 87 83 76 33 90 30 34 76 62 1 35 89 60 30 53 66 44 65 16 1 49 25 3 55 67 70 36 11 8 14 19 85 73 75 87 9 70 67 1 71 27 64 98 32 79 25 60 11 6 58 53 71 11 31 39 90 18 35 100 36 34 11 82 85 92 88 73 19 47 33 35 85 87 76 6 38 66 46 35 64 91 73 67 87 32 4 79 74 43 90 10 40 10 90 8 60 23 85 14 37 15 30 64 22 81 61 9 29 47 40 92 40 83 29 33 66 89 53 55 93 99 18 19 2 78 47 1 35 8 87 69 64 91 9 50 100 13 93 89 66 42 100 80 16 60 18 99 8 14 3 35 94 67 63 51 28 96 62 88 30 69 87 29 63 26 60 71 73 19 51 76 72 53 37 67 53 29 83 100 26 36 45 54 72 19 48 45 4 51 28 47 1 29 72 40 65 65 56 27 82 19 50 49 21 77 46 83 66 61 29 82 44 80 97 2 66 69 65 4 67 40 38 33 3 66 5 44 84 33 77 39 33 79 42 29 8 88 56 26 24 100 31 32 98 12 3 80 33 54 24 21 18 20 5 39 79 76 12 29 62 67 16 25 53 59 54 5 79 38 79 20 18 71 61 25 15 7 30 19 49 89 29 5 62 28 90 ; 
L -25 -36 -20 -13 29 -23 34 10 -15 42 -28 15 1 34 22 24 38 -27 11 -26 14 -14 46 27 2 -43 -33 -3 -11 -27 34 4 -5 -8 -46 11 27 58 -35 13 -38 54 29 -26 -44 20 -23 44 -31 -48 40 2 -18 -34 10 35 11 12 24 -45 -34 14 -5 6 26 24 -6 56 -13 -12 2 31 13 -50 11 -19 -21 13 17 23 25 -14 -15 47 43 -9 64 71 -32 24 -18 12 -47 -3 30 -9 -27 13 -28 41 12 45 -13 -41 15 3 32 12 -42 31 -4 -34 6 9 3 5 34 -43 35 7 17 -7 -51 -5 40 -18 50 48 -48 33 60 -39 -48 -42 41 -8 -17 -37 45 -15 -27 27 -23 -3 -18 46 -7 3 26 17 20 -23 -25 -22 -29 16 -11 -19 33 -21 34 19 2 44 70 82 -17 42 25 -31 16 43 50 34 16 69 -42 41 13 -20 -20 40 15 33 -33 -35 -29 27 -12 31 34 -25 27 -19 -14 -16 -84 34 -29 49 47 45 44 -9 -15 -37 23 -49 42 -33 23 -44 72 17 6 67 81 45 65 10 49 -40 1 34 -21 23 17 35 -16 -47 -42 7 -45 -5 -18 15 45 17 -13 -37 -48 2 44 -8 -38 17 31 -28 35 -4 55 -15 68 -23 4 -30 -16 30 24 8 39 47 -35 -23 48 -32 -12 -17 42 -42 -4 -45 -1 47 -12 -43 -16 24 29 75 -25 -24 -43 -49 -34 -28 3 -37 11 -27 -49 -33 36 41 -19 8 -34 -39 -10 32 43 -33 8 -28 -28 -24 34 19 39 -44 -50 46 -10 -37 7 -10 -1 39 -39 -26 -31 20 -2 -28 -16 49 25 1 -5 36 -36 24 -12 -11 -41 -1 -34 17 46 23 -30 32 46 -29 -21 -30 -8 45 -31 -41 22 -48 -14 -12 -16 35 14 32 -26 -32 27 23 12 -5 40 27 -6 -31 -2 37 52 -21 25 2 83 -6 48 12 -28 53 25 -35 -39 -50 -48 -73 7 45 40 -17 -47 47 -27 24 -15 -25 -16 21 -44 30 -29 -46 34 -34 -6 -47 -37 -4 -16 48 -20 11 -14 -63 -15 -85 -45 48 19 31 -21 -13 50 -11 61 -34 -37 -39 6 76 79 66 21 21 -10 25 -37 -42 -42 -41 -57 27 30 18 34 1 -43 -74 -18 9 -49 -26 -49 -78 3 -1 -47 10 -48 23 -2 23 -6 13 26 39 21 -21 26 10 -8 49 38 10 6 -8 -4 47 22 18 -1 -22 -23 28 -77 -62 7 25 46 4 4 -26 41 45 3 -5 -80 27 59 -22 ; 
4:12 32:126 39:153 33:131 21:83 22:88 25:97 24:92 20:80 15:57 38:150 10:40 22:84 12:48 28:108 20:78 26:104 15:59 39:155 10:38 18:70 8:30 26:104 23:91 14:54 3:11 10:38 18:72 35:137 17:67 36:144 24:94 18:68 4:14 20:80 24:94 36:142 32:126 17:65 16:60 3:9 40:160 4:12 20:78 6:24 5:17 11:41 35:139 10:38 24:96 4:12 36:144 4:16 14:54 23:89 12:48 1:3 13:49 10:38 22:86 14:52 32:128 2:4 5:19 13:49 16:64 28:112 23:91 14:54 12:44 22:84 24:94 25:97 11:41 24:96 29:113 30:116 8:30 21:81 31:121 29:115 22:84 15:59 27:107 22:84 12:46 21:83 40:156 23:91 40:160 33:131 12:44 6:24 25:99 5:17 29:113 22:84 12:48 2:6 30:118 22:88 36:142 17:67 8:32 38:148 11:43 18:72 22:86 29:115 27:107 18:72 2:6 21:81 12:44 19:75 1:1 12:46 29:115 5:19 10:36 40:160 9:35 33:129 38:152 10:40 25:97 29:113 7:25 32:126 17:67 18:72 32:124 5:17 22:86 16:62 30:120 24:94 34:132 31:121 39:155 12:48 14:54 31:121 25:99 1:1 14:56 36:142 24:96 12:48 22:84 21:83 4:14 12:46 7:25 4:14 22:86 14:54 16:62 3:11 32:124 16:62 26:102 10:40 26:104 16:64 35:139 35:139 24:96 8:28 40:158 7:25 2:4 14:56 38:150 27:107 6:24 40:156 26:100 6:20 9:33 21:83 33:129 30:120 18:70 26:104 7:25 1:1 17:65 34:136 3:11 12:48 8:30 20:78 36:142 12:46 0:0 36:142 36:142 32:128 18:70 33:131 12:46 25:97 27:105 34:132 22:84 27:105 10:40 2:4 22:88 32:128 5:17 22:84 7:25 4:16 22:84 15:59 20:78 4:12 39:153 29:113 35:137 12:48 36:140 25:99 41:161 23:89 2:4 8:30 11:41 16:62 36:144 8:28 14:56 37:145 14:54 5:17 33:131 34:136 46:182 30:116 21:81 25:97 12:48 3:9 22:84 13:51 40:158 2:6 24:96 21:83 4:16 34:136 22:86 38:148 18:68 24:94 4:16 6:24 23:91 19:75 13:49 2:6 26:102 8:32 32:126 13:49 24:94 37:145 31:121 32:126 2:6 21:83 4:12 35:139 28:110 26:102 6:22 13:51 37:147 34:132 11:41 35:139 27:107 30:118 26:102 14:56 19:73 27:105 16:60 3:9 31:121 35:139 34:136 27:105 19:75 4:16 5:19 31:121 32:126 16:62 2:8 8:32 13:51 53:209 12:44 5:19 37:147 16:64 34:132 12:46 14:54 24:96 2:6 26:104 26:104 2:4 43:171 14:52 31:123 16:62 14:52 32:126 17:67 12:46 4:12 36:140 23:89 11:41 10:38 40:160 13:49 13:51 38:148 8:32 50:198 18:72 8:28 22:88 11:43 28:112 34:134 13:51 2:4 21:81 24:96 37:145 20:76 17:65 30:116 34:132 25:97 28:108 12:44 32:124 36:142 24:92 40:160 21:81 24:96 22:84 22:88 38:148 40:158 8:28 8:30 1:3 32:124 19:75 1:1 7:25 31:121 8:28 21:81 39:153 16:62 35:137 36:140 60:240 21:83 17:67 17:67 24:96 26:102 12:48 2:4 40:160 14:56 6:22 26:100 10:38 7:27 34:136 29:115 4:14 37:147 16:62 10:38 3:11 4:16 40:160 12:48 24:94 4:14 2:6 30:120 32:126 40:160 17:67 27:105 36:142 38:148 6:20 40:158 1:1 16:60 39:155 14:56 28:110 17:65 12:48 27:107 28:112 2:6 29:115 9:33 38:148 26:102 40:156 4:16 34:134 23:89 12:44 32:124 5:17 16:64 7:27 3:11 5:17 27:105 34:132 12:44 21:83 10:38 13:49 4:14 16:60 24:94 16:64 2:8 23:89 12:46 35:139 30:118 19:73 8:32 4:16 7:25 35:139 30:120 30:116 34:136 8:30 12:46 24:96 32:124 36:144 30:120 25:97 7:25 23:91 15:57 6:22 34:136 33:131 40:158 35:139 12:48 28:112 14:56 39:153 19:73 10:38 15:57 42:166 10:36 14:56 27:107 25:99 28:108 27:107 16:60 14:52 2:4 27:105 4:14 36:144 16:60 12:46 2:4 36:144 ; 
L -10 -2 -12 -22 -35 -18 26 14 24 -5 -30 -49 12 31 26 25 50 -7 43 16 -12 33 -19 -36 33 -36 -13 36 -41 -27 15 44 21 43 7 -6 -20 39 36 43 -20 -23 -11 -7 -12 -43 11 15 24 10 15 14 19 19 16 -40 -45 -5 -10 13 -10 -28 -11 7 -23 5 -21 23 9 20 -20 -8 43 42 29 21 49 -1 -38 21 18 13 -36 -27 9 7 -33 -24 -46 21 36 9 -13 -5 13 -6 -31 -6 -34 46 28 45 2 11 -43 30 44 -32 -23 -4 -28 -15 37 24 -12 -44 41 2 49 -11 27 -34 24 17 -23 -46 46 10 13 -13 -9 -45 -28 -7 48 15 6 -43 -11 -6 15 -29 -19 7 -39 -22 34 8 -45 49 1 48 -23 28 -48 -8 46 48 -44 12 -42 -37 -7 -35 27 -22 -30 42 -49 -48 -38 31 32 14 -37 -25 -34 15 7 -45 -19 -41 43 39 -49 -14 4 9 -35 33 -18 14 -33 7 -25 44 10 -13 35 3 48 24 47 22 -15 23 -28 -27 6 2 -34 -40 31 -28 42 -15 -44 -15 -37 -13 46 17 -3 16 15 50 -21 27 16 17 -23 -7 -16 -20 22 -34 47 13 -32 27 -5 -24 22 14 22 46 -39 13 32 -3 -46 -15 -40 7 43 -25 -43 35 -42 -17 -40 13 14 -43 -34 20 24 -17 -18 40 5 7 -12 -26 46 -24 -13 14 -25 -10 -10 -20 -7 -33 8 47 -33 -2 -36 1 -17 39 -29 22 22 -36 -22 3 -44 21 29 5 35 -35 48 7 11 35 -28 28 -36 -10 39 -29 44 38 22 -34 27 -23 -18 40 32 41 -20 -30 8 47 -35 25 9 -46 -38 -48 5 -15 10 -23 -35 9 -38 6 36 -49 -26 -39 -13 10 -18 -33 -10 -20 23 42 -38 -28 39 49 -40 -4 -38 3 41 -49 -6 16 -44 -29 -37 -28 -29 -5 -2 -6 8 -12 -22 4 -42 10 14 30 -24 -19 -21 25 -17 -32 -49 20 -4 -11 14 32 14 -27 50 -44 23 -44 33 -8 -2 -30 -23 27 10 37 35 34 26 -40 20 8 32 8 17 7 -40 -3 -24 -50 -13 -41 -2 -26 4 -32 26 -5 29 6 49 42 42 42 2 -40 20 -43 -12 3 -25 -4 11 -42 5 27 -27 -15 8 -43 5 -10 48 -3 -28 -3 -43 3 -34 -42 -39 32 42 17 26 34 -1 1 -5 38 -20 34 36 -33 -39 3 48 -7 12 -31 -1 -43 1 -16 -6 -37 17 -32 39 32 8 -36 -40 23 11 -44 45 -29 ; 
39 77 21 2 25 48 51 48 70 30 32 92 100 3 83 42 16 14 39 6 18 35 62 11 85 86 25 95 39 7 5 75 34 22 50 23 55 63 83 65 18 14 86 72 29 68 15 44 9 46 70 12 72 7 25 51 56 36 60 47 3 9 93 78 88 35 97 44 4 76 85 76 57 56 75 90 100 42 34 24 88 68 11 58 39 48 26 95 74 37 16 49 11 18 9 69 96 15 40 5 29 41 44 35 68 64 38 15 22 8 38 22 89 80 48 75 60 31 43 79 4 87 83 31 12 90 6 3 2 58 65 75 81 44 80 79 56 49 59 73 50 20 52 18 86 24 46 15 17 28 98 98 49 9 2 86 66 2 1 77 60 51 98 44 13 67 59 3 89 25 49 82 21 16 34 13 32 42 4 8 54 2 36 74 32 88 6 13 68 68 84 87 2 76 45 20 51 52 50 54 45 14 95 69 20 34 31 82 40 49 100 32 6 50 65 12 1 56 93 47 67 62 36 46 9 99 66 30 74 20 71 98 52 17 55 46 89 9 35 95 72 69 17 86 98 75 17 93 30 60 2 13 93 32 88 21 9 71 95 13 66 56 53 45 95 29 9 95 2 72 24 19 6 28 24 85 45 93 47 77 95 91 79 64 22 44 35 37 43 3 37 34 42 70 22 23 72 27 42 86 94 97 28 57 99 58 14 22 80 93 98 12 3 49 71 36 85 29 26 32 66 85 1 30 16 86 61 2 68 10 6 75 96 82 32 1 23 62 81 29 8 4 9 21 58 42 24 63 74 65 77 34 64 25 81 46 20 47 80 61 68 43 60 65 88 43 72 18 71 18 7 31 58 28 90 60 92 77 79 33 26 91 79 6 86 21 50 63 2 40 68 75 38 98 17 42 27 80 70 5 63 65 54 12 4 47 47 71 15 27 90 50 34 35 74 54 45 97 41 79 78 83 2 13 77 88 64 43 85 47 80 60 6 48 34 88 73 93 63 77 60 94 66 69 29 52 60 100 82 60 72 20 1 88 96 67 9 28 99 49 100 55 30 51 48 61 39 5 55 38 76 99 81 33 64 98 49 40 21 77 42 28 17 35 6 36 80 44 84 96 81 73 2 54 19 86 91 81 82 16 21 ; 
L 57 -10 14 26 34 -1 1 -5 38 34 36 -33 -39 3 64 -23 -11 47 22 -15 23 -32 -14 11 4 49 -7 40 15 46 3 -32 -13 39 -46 -22 -14 -22 5 -27 32 -13 -53 -47 -22 20 16 7 23 -17 -62 -16 -27 21 22 12 29 44 -16 6 49 -41 -3 38 4 40 -49 80 46 -22 3 -44 21 81 29 5 85 35 -35 48 3 28 -48 10 -44 -37 -13 46 7 -25 44 10 35 3 48 24 -12 49 -82 -71 30 5 -24 -26 -77 18 35 32 -17 37 -49 -14 28 -31 40 34 -2 -6 27 -49 -2 -41 44 12 -24 -37 58 5 -43 6 16 -1 43 1 -33 -52 -74 -68 35 -9 -4 -15 7 31 55 6 -43 -11 -6 15 -8 -39 -40 -43 -12 3 -4 11 -42 -20 43 42 29 22 12 34 26 -40 20 20 8 32 -15 -34 -42 -39 32 45 9 13 -13 -10 -46 46 23 -24 34 -27 11 28 14 -27 50 -44 -44 33 45 -67 -8 -34 22 39 -7 19 29 42 27 -27 -78 -14 18 -2 -26 4 -32 -5 29 6 49 65 -4 10 37 35 -15 -10 -24 -15 -11 43 -76 12 7 -83 -21 60 5 26 -11 -8 -32 49 -1 -38 21 18 13 -19 -41 43 -2 -42 -36 39 -17 11 36 -28 28 -35 -51 -10 39 -29 44 38 66 22 -37 -28 -17 -40 13 14 -34 20 24 -17 56 -18 40 5 7 -12 -26 46 -24 -13 14 -25 -10 -10 -20 -7 -33 8 47 -33 -2 -36 1 -17 39 -29 22 22 -5 -2 -6 8 -34 27 23 15 -5 38 -29 -42 -42 70 -42 -7 48 15 79 72 -33 -3 16 15 50 -27 23 30 -61 2 8 -28 54 10 14 30 -24 -19 -21 84 -23 -18 40 17 48 63 32 6 36 -49 -26 -39 -13 10 -18 -33 -10 -20 23 42 -38 -28 39 34 6 31 6 -13 5 -36 -19 -36 17 7 75 -40 -3 -24 -50 73 -41 31 -12 7 -20 39 36 43 69 -20 19 19 16 -36 13 36 -7 -43 -44 27 41 -40 -45 -5 45 -7 -15 34 37 -14 -32 -31 38 48 49 -42 30 22 9 -38 27 36 -10 13 -10 -28 -11 5 -21 23 9 20 28 45 2 11 -43 30 44 -32 -23 -4 -15 43 49 1 48 -23 28 -48 -8 46 48 -44 12 -42 -7 -35 59 25 -17 -32 43 -25 -43 35 -42 46 -9 -25 35 -47 -8 30 20 -41 9 7 -33 -24 -46 21 -33 12 -16 -43 7 -50 -25 -3 23 -44 45 -29 ; 
1:3 26:102 7:27 14:56 2:8 22:88 16:60 31:121 40:158 18:72 26:102 40:156 20:78 16:64 12:48 1:3 35:137 38:152 28:110 8:32 14:54 13:49 40:156 16:60 30:120 27:105 2:4 13:51 38:148 6:20 1:3 24:96 12:48 38:148 7:27 30:120 40:156 35:137 14:54 29:115 38:152 14:56 38:150 8:30 33:129 22:88 7:27 21:83 40:156 29:113 37:145 36:142 30:118 12:48 16:62 37:147 34:132 8:28 29:115 18:68 36:140 26:104 24:96 18:68 28:108 25:97 32:128 22:86 15:57 36:140 11:43 17:67 35:137 3:11 40:158 39:155 32:126 34:132 23:91 40:158 15:59 12:44 13:49 39:153 2:8 55:217 19:75 27:107 16:64 18:72 8:32 21:81 33:131 22:86 18:72 6:22 4:12 40:160 34:132 37:145 8:32 13:51 12:48 28:108 16:60 19:73 20:76 33:129 39:153 34:134 12:46 36:140 10:36 20:80 3:9 13:51 40:160 20:78 16:64 31:123 18:68 13:49 24:96 30:120 20:76 32:128 16:60 22:86 69:273 30:118 32:128 15:57 3:9 14:56 35:139 2:6 37:147 2:8 33:129 28:108 6:20 24:96 14:52 6:22 6:24 20:76 20:78 24:94 30:116 20:80 1:3 4:14 54:216 41:161 24:96 38:150 50:198 12:46 21:83 28:112 30:118 23:89 30:120 43:169 1:3 24:94 36:144 20:80 14:54 15:57 16:60 30:118 7:27 53:211 22:88 12:48 21:81 41:163 30:120 26:104 24:92 1:3 2:4 3:9 36:144 12:46 34:132 35:139 2:6 34:134 7:27 17:67 11:43 32:128 29:113 26:100 30:120 7:27 27:105 6:24 19:73 10:38 35:137 8:28 21:83 15:59 20:76 33:131 61:243 28:108 35:139 33:129 36:140 26:102 18:68 20:80 32:128 24:96 3:9 14:52 28:110 32:124 29:113 6:24 12:44 28:112 19:73 4:14 18:70 6:24 37:147 9:33 12:46 36:140 16:60 3:9 10:40 28:108 38:152 47:185 1:3 47:187 17:67 14:54 10:38 36:140 28:108 18:72 1:3 15:57 13:51 30:116 28:108 7:27 10:36 4:16 27:105 40:156 38:148 32:128 29:115 14:52 2:4 20:78 29:113 15:57 36:140 16:64 18:70 8:28 6:24 27:105 23:89 22:84 22:84 12:46 4:14 38:152 19:75 28:108 29:115 10:38 8:30 3:9 12:44 10:38 34:136 18:72 38:148 19:75 31:123 38:152 37:145 32:126 26:102 9:35 18:70 14:56 15:59 18:68 2:4 15:59 14:54 17:67 28:112 9:35 18:68 24:92 12:44 36:144 14:52 26:102 14:52 20:78 1:1 26:102 32:128 13:49 14:54 42:164 35:139 13:49 32:128 32:126 27:107 26:102 5:17 37:145 19:73 4:14 40:158 30:116 19:75 2:6 5:17 6:22 22:86 9:33 29:115 3:11 11:41 37:145 32:126 3:9 35:137 2:4 36:140 27:105 34:136 13:51 16:60 11:41 27:107 6:24 4:14 9:33 24:92 17:67 10:38 26:100 30:118 26:104 31:123 14:54 26:102 10:40 33:129 19:73 8:32 32:124 16:64 6:24 39:153 28:110 4:14 20:76 7:25 5:17 30:116 39:155 27:105 33:129 32:126 32:124 34:132 30:116 6:20 4:16 12:44 17:67 25:97 26:100 34:132 26:104 37:145 26:100 25:97 3:11 10:40 10:36 38:152 10:40 52:206 20:80 12:46 21:83 3:11 27:107 23:89 15:57 28:110 4:12 2:6 17:67 16:62 14:54 7:25 9:33 33:131 20:78 10:40 36:142 2:4 24:94 26:104 4:12 16:62 24:92 5:17 19:75 2:4 4:14 38:148 2:6 39:155 18:70 2:6 31:121 34:136 17:65 18:70 14:56 28:108 26:102 16:60 6:24 9:35 4:12 3:9 41:163 10:40 40:156 40:156 20:78 4:14 1:3 35:137 27:105 1:3 1:1 31:123 24:96 44:174 18:70 34:134 13:49 20:80 26:100 35:139 9:33 4:14 29:113 38:152 9:33 30:120 3:9 4:16 28:108 1:3 25:97 35:137 7:25 8:30 20:76 11:41 38:152 30:118 15:59 25:99 14:56 8:28 3:9 16:62 6:22 7:25 13:49 14:54 7:27 33:131 7:25 9:33 ; 
L -8 9 49 25 -38 -29 44 -2 -23 16 17 9 -32 10 13 -19 -38 50 -11 19 -31 -36 -25 12 45 -28 42 40 -37 21 -11 16 -43 30 -25 17 20 45 -44 -26 -49 46 45 -26 34 1 41 -26 44 27 -50 -35 45 5 -49 18 31 1 38 11 30 17 43 22 46 -18 -24 7 -50 -41 -18 -5 -28 -39 -18 44 45 -22 -3 -35 -22 -25 -31 36 40 38 -9 12 37 -7 15 -28 -7 -26 -23 -15 -14 -2 25 35 -47 47 -19 4 -8 5 7 27 39 -48 -32 36 15 38 46 -10 2 7 -19 -47 -13 -40 2 18 8 8 35 44 26 47 -11 10 5 -8 -16 27 -5 40 33 -24 42 34 29 48 38 13 -42 -24 -22 21 44 23 26 -11 -32 24 -11 -27 -11 -28 35 17 14 13 -26 -23 12 -17 14 -46 -16 -8 10 -8 -46 41 6 -40 -43 16 -35 -12 -18 -14 14 -7 -6 -49 -45 -35 2 -39 16 11 13 -22 48 34 14 33 -26 33 7 48 -29 -31 42 12 -44 44 23 -13 -45 -34 -16 -13 18 -26 -33 5 -36 36 -8 -7 -27 44 -17 1 24 1 -17 10 5 20 -42 -32 18 -24 14 -47 9 -20 -29 -13 21 46 43 25 23 -46 -21 -49 35 45 -24 5 7 16 -25 -19 32 20 -18 -35 -41 24 -38 42 -47 38 -45 -48 5 4 16 -32 43 25 -35 28 3 -40 -39 14 -21 -12 -40 39 -47 46 42 1 -32 41 8 -37 37 18 8 -14 23 24 45 23 -7 -15 29 8 -6 -10 16 -22 32 -35 12 9 -28 -1 15 -16 -36 -12 6 -32 -12 -35 -30 -35 1 16 -48 44 28 39 -26 18 18 3 19 -45 -1 -41 48 -19 37 22 22 47 -25 -37 -27 -36 -7 21 -9 -31 -41 29 45 4 -31 -12 -40 -8 -10 22 -5 29 -2 -40 15 -14 -21 8 -27 -33 -24 -8 50 4 45 11 41 12 21 -35 -6 37 -30 -17 -38 29 45 40 -15 49 -45 -6 -27 30 16 -7 -40 6 26 -30 10 40 -47 -26 -34 -2 12 43 -10 6 37 20 32 33 -34 37 -11 35 43 -29 -8 -4 27 40 4 24 3 23 34 -2 -36 -38 13 17 -8 29 -43 39 -39 -3 22 7 -23 48 49 15 -31 41 -33 41 10 -15 -26 -44 17 -17 -2 -38 26 -22 13 -31 19 -15 15 24 40 49 -37 -43 -30 6 -35 -22 50 -42 -16 4 10 49 24 -12 -12 -18 22 -18 -38 4 -50 -39 36 -13 -25 -41 ; 
16 24 19 79 65 79 53 73 1 71 92 62 22 73 84 97 4 54 66 81 89 32 4 70 2 43 93 39 97 29 30 8 88 5 60 64 90 28 7 21 7 56 51 89 73 97 80 46 42 9 56 76 92 99 42 43 68 49 68 55 6 48 10 76 11 54 59 72 59 79 66 93 4 21 15 82 46 29 56 53 64 38 7 29 43 80 85 79 37 38 49 27 40 11 77 43 2 40 83 42 56 79 42 17 44 88 46 91 9 7 45 68 82 2 31 32 2 37 41 28 88 38 6 91 40 72 78 29 97 5 37 29 60 1 55 3 55 52 21 7 87 89 94 84 52 85 43 79 7 58 80 86 46 6 80 100 89 11 59 82 56 86 79 65 61 20 16 32 23 11 78 60 42 22 46 11 50 91 74 37 68 29 95 14 79 96 71 98 24 71 98 47 57 91 66 51 16 48 35 42 22 77 16 72 73 14 18 14 73 76 75 90 51 6 26 51 32 13 9 83 11 31 19 79 46 6 57 10 77 6 68 22 11 79 54 34 8 66 41 22 27 82 31 20 56 58 79 19 68 23 71 2 99 79 61 63 83 89 53 78 68 90 82 61 98 17 84 96 61 83 64 18 51 50 100 29 31 5 8 84 17 13 43 20 80 19 40 34 12 31 89 14 88 76 62 99 34 29 79 85 75 60 60 32 54 62 53 63 78 48 95 77 75 33 59 94 94 16 24 28 87 29 37 8 74 5 20 6 24 94 16 16 50 44 51 100 17 47 78 16 73 52 10 54 35 63 31 32 13 23 31 69 22 8 28 45 24 12 64 29 2 73 77 94 57 62 6 65 26 37 6 2 25 28 60 11 53 3 19 31 4 83 1 73 3 19 43 16 35 69 64 36 97 89 6 20 100 12 87 10 54 99 21 63 56 86 83 76 90 19 28 77 89 93 96 44 32 37 23 84 27 67 57 77 97 68 78 96 9 84 8 71 35 86 22 19 50 76 74 61 45 90 35 26 35 81 53 99 59 90 78 63 7 9 29 58 67 14 54 90 74 56 83 11 61 84 35 31 79 24 42 27 38 30 5 92 91 22 44 11 75 56 10 29 20 33 38 24 97 88 91 61 8 59 40 49 95 25 94 72 100 ; 
L 16 34 45 13 -23 -43 57 39 45 -38 47 -42 38 -24 41 6 -8 -29 15 7 35 -20 -32 19 25 -16 -7 40 33 34 -1 -46 -21 13 29 20 24 -42 40 2 -56 -29 5 -22 10 8 40 -55 12 31 -4 -45 -29 31 9 -21 7 36 27 -16 4 10 49 -12 -12 16 -43 30 -25 17 20 45 -44 -26 85 -49 46 45 -26 30 43 37 -49 -40 -24 36 17 27 7 -13 11 30 -31 58 -36 51 -25 12 45 -28 42 40 -37 21 -11 8 1 24 18 41 50 -7 24 -46 26 -18 -18 -38 4 -17 48 49 15 -31 41 10 -15 -26 -48 5 42 34 29 65 48 46 -10 2 7 -47 -13 -40 2 18 8 35 26 -70 -50 22 35 68 38 13 8 29 -35 -66 11 -53 17 -1 -27 -11 -28 35 79 -17 -4 27 12 43 -10 6 37 20 32 33 -34 37 -5 -63 24 -45 -35 34 26 47 -40 -10 -6 40 7 -16 27 6 45 -49 27 -8 21 14 -15 37 -64 25 -22 -22 -37 19 -33 -24 -8 75 50 4 45 11 41 11 -24 32 11 -26 -23 -73 -44 -21 -26 -5 -67 37 -7 15 -28 76 -7 -26 -23 -15 -21 -49 17 23 -7 -22 3 39 5 -36 -15 -19 31 -13 22 -26 38 2 -42 -24 -22 39 -19 -3 -18 -72 -71 -18 7 27 -78 -39 28 -9 -12 -61 35 -83 -32 -18 13 -52 54 -8 9 49 25 -38 -29 44 -2 -23 16 17 9 17 43 22 -50 -39 -16 -23 -45 -24 40 -3 -28 35 -43 32 -16 -4 14 -8 -18 -37 37 -8 -41 32 -62 -2 77 -8 29 44 -12 31 29 24 -23 -3 -24 -4 -40 -60 2 -81 44 12 80 -41 48 15 -45 -29 38 17 30 -37 -21 1 45 5 -8 -16 27 -5 10 5 20 -42 34 43 25 23 -46 25 22 35 3 22 -45 -44 18 39 -28 -44 48 -14 -2 33 26 22 36 14 -47 9 -12 9 -38 -40 31 -16 -14 17 -12 23 -12 40 12 21 -14 -38 13 -48 -7 -33 26 -33 -14 -34 22 -13 -11 -16 39 -2 35 45 49 6 -59 7 -14 14 18 12 35 -16 43 40 -6 -41 46 8 -10 8 16 46 -69 -1 35 30 35 39 -47 46 74 42 1 41 -26 44 27 -50 -35 45 -49 18 31 1 -48 -32 36 15 -32 10 13 -19 -38 50 -11 19 38 -6 -32 18 47 -11 10 38 82 32 -6 36 16 -15 1 5 -84 35 -47 47 -19 4 -8 -13 -25 -41 ; 
24:96 11:41 3:9 21:81 36:144 12:46 2:4 21:81 14:52 26:102 34:132 25:97 39:153 34:134 7:27 40:160 32:124 26:100 22:84 25:99 22:84 58:228 36:144 28:108 32:124 22:84 36:142 8:28 9:33 10:40 21:83 42:166 24:92 23:89 8:32 13:49 28:108 26:100 3:11 15:59 29:113 6:22 26:104 3:9 25:99 23:91 38:150 15:59 22:86 30:116 1:3 12:46 26:102 12:44 18:72 12:44 4:12 9:35 28:110 14:52 12:46 8:32 14:52 7:27 39:155 10:38 36:140 2:8 24:96 26:102 36:144 12:44 3:11 9:33 29:115 4:12 23:89 21:81 36:142 26:102 37:145 37:147 2:8 12:48 16:60 7:25 6:20 9:35 19:73 54:212 21:83 3:9 25:97 12:46 30:116 38:150 5:17 28:112 1:3 18:68 38:148 16:62 39:155 12:46 12:48 15:59 7:25 31:123 32:124 27:105 32:126 24:94 29:115 34:132 4:16 17:67 10:36 4:12 24:94 47:185 51:203 32:124 26:100 3:11 4:14 6:20 6:22 22:86 23:89 21:81 21:83 36:142 38:150 36:142 22:86 16:62 13:51 1:3 15:59 21:81 36:140 16:60 3:9 37:145 16:64 34:134 43:169 16:62 13:51 30:120 5:17 30:120 17:67 34:136 44:174 32:124 18:70 33:131 12:46 24:92 11:43 28:108 6:22 24:94 33:131 23:89 22:86 14:56 26:104 4:14 31:121 38:148 39:153 18:70 13:51 15:59 10:36 34:134 11:43 27:107 46:180 37:145 28:110 25:97 32:126 6:20 12:44 8:30 36:144 31:121 11:43 26:100 9:33 40:158 11:43 35:139 5:19 40:160 7:27 24:96 12:44 10:40 1:3 3:11 30:118 28:112 17:67 13:49 26:100 14:56 8:30 22:84 2:4 13:49 6:24 13:49 2:6 34:132 1:1 28:112 36:142 40:160 32:128 3:9 19:73 39:153 7:27 32:128 19:73 34:132 23:89 9:35 16:60 20:78 11:43 12:48 40:156 5:17 31:123 18:68 2:8 1:3 50:196 30:120 24:94 40:158 22:84 33:129 30:120 5:17 17:67 11:43 32:126 13:49 14:56 34:134 25:97 5:17 20:76 32:126 3:11 10:38 5:19 32:124 19:75 1:3 20:80 26:102 26:100 37:145 1:1 30:120 5:19 38:150 38:150 40:160 2:4 38:152 8:28 25:97 13:51 14:54 28:110 2:4 10:38 8:30 32:126 26:104 32:126 22:84 30:116 1:1 29:113 37:147 25:99 17:67 4:16 31:121 5:17 20:78 42:164 25:99 13:51 24:96 14:56 6:20 7:27 34:134 3:11 13:49 12:46 40:160 24:94 34:136 32:126 12:46 14:54 40:158 25:99 31:121 38:150 9:35 3:9 17:67 36:144 34:134 30:116 0:0 6:22 44:174 2:6 35:137 14:56 29:113 4:12 40:156 33:129 45:179 33:129 50:200 4:12 24:92 4:16 20:78 38:150 39:155 15:57 26:102 28:110 14:56 6:24 32:124 30:116 17:65 1:1 22:88 2:4 22:88 22:88 5:17 32:126 22:86 24:92 29:115 8:30 28:108 10:36 27:107 16:60 26:102 22:84 23:89 12:46 19:73 33:131 6:24 23:91 20:80 7:25 4:12 16:64 12:48 4:14 11:43 28:110 20:78 9:35 11:43 15:59 32:126 34:136 32:128 29:113 7:25 15:59 10:36 13:51 7:25 9:35 13:51 16:64 8:30 32:128 29:115 30:118 5:17 29:115 7:25 31:123 9:35 17:67 14:56 17:67 21:81 27:105 37:145 23:91 19:75 40:156 29:113 10:38 40:156 40:158 6:20 39:153 32:126 6:22 38:152 12:46 28:108 15:59 30:118 37:145 20:80 5:17 19:73 9:35 17:67 24:96 32:124 24:96 10:38 10:38 3:9 8:32 3:11 5:19 13:49 37:147 31:121 6:22 14:56 19:73 17:67 4:14 23:89 31:121 37:147 19:73 18:68 28:108 20:78 3:9 18:72 28:108 33:131 6:20 30:116 34:134 39:155 2:6 22:86 27:105 33:129 18:72 9:35 3:11 4:12 5:17 15:59 12:46 37:147 21:83 37:147 4:12 23:89 35:139 12:44 10:38 5:19 2:6 57:225 23:89 32:126 17:67 7:27 18:70 18:72 38:150 29:115 40:160 ; 
L -22 -14 18 -33 38 1 -32 -13 4 -48 -10 1 -3 -45 18 12 49 45 47 30 12 -18 26 -35 -3 39 -33 43 -35 1 8 45 43 20 -23 -9 12 33 36 -15 -19 -9 -37 13 18 -16 7 -12 -4 26 -37 -46 -38 47 -23 -2 5 -34 33 -46 29 -12 46 19 26 9 -42 18 37 35 -13 20 -4 -21 45 -15 -26 -5 -20 -29 -39 -25 5 -23 21 21 24 -9 -46 13 47 -5 28 -18 32 -24 38 17 -42 4 45 -36 -33 26 48 35 28 30 -48 -45 -45 -8 40 11 -31 -2 -48 35 5 -13 -1 10 37 10 1 -15 -13 28 -43 -41 -29 -25 46 8 -24 48 -12 -28 26 -44 -18 22 -24 31 -35 12 -42 -42 50 -8 43 -20 -47 -25 -21 28 8 -25 -14 -26 30 -41 14 -22 -50 13 33 47 -12 -5 23 18 4 7 16 -16 -12 34 36 -3 34 4 41 16 -13 -7 -42 11 7 -26 10 49 -1 -49 35 19 7 -43 45 -26 -45 -31 -15 -48 8 49 12 2 -48 28 3 29 -1 -12 -30 -5 -32 -36 40 -33 -45 14 -9 -11 -6 44 14 -34 1 19 -46 13 18 22 -32 47 4 17 -1 -34 -20 34 11 29 26 23 -30 -30 -50 17 14 46 -21 43 34 36 -28 -21 -9 -24 19 -29 10 -23 25 -35 27 48 21 6 35 -28 3 24 50 24 -11 -6 -15 45 -4 13 -39 -35 -26 -30 36 10 -24 13 15 -8 29 -29 6 -37 -26 -27 -20 -24 -6 -42 -43 23 15 4 -34 -38 49 -10 43 49 43 31 -14 -29 33 -43 -6 7 48 16 -35 -45 -32 45 -4 6 21 -5 20 50 35 47 -7 -10 25 3 -30 -23 -45 -5 -46 -7 6 34 48 -29 46 10 17 1 28 -6 -4 37 31 44 -43 -33 47 31 -18 8 2 -31 41 -46 44 19 -48 32 31 43 -31 -6 -2 -34 31 -49 -24 28 -40 -32 34 -9 -43 43 22 44 -19 -45 -26 7 -17 49 -45 -41 -43 18 26 47 30 10 -18 35 -6 -46 -25 -45 27 -40 -22 8 22 -37 -38 -32 13 8 15 4 38 -38 47 -35 26 49 -33 3 10 -9 -29 50 -38 20 -41 -33 20 -19 9 13 -24 -20 49 11 18 9 8 -43 43 -40 26 1 -39 39 -3 -1 1 40 12 -11 -33 32 -11 46 36 -41 11 24 19 -7 -8 -37 31 33 45 -29 2 37 -4 24 -16 7 -10 28 -44 23 20 -8 -40 34 13 43 42 9 47 48 -36 -49 ; 
82 19 97 35 50 10 33 6 66 94 22 93 10 3 14 43 70 41 30 43 69 77 46 59 31 59 30 88 37 45 73 40 95 100 37 38 30 68 50 53 9 34 26 17 98 73 42 58 41 46 19 32 46 88 19 1 96 31 49 12 29 35 67 79 63 84 52 41 87 4 77 35 76 48 38 8 31 83 35 97 87 35 2 96 15 97 15 77 86 82 28 28 50 35 17 80 82 99 15 46 72 45 49 55 74 84 66 12 6 2 32 27 57 94 87 7 74 93 55 1 28 85 47 17 54 62 47 100 11 48 81 43 90 49 60 99 21 61 50 84 40 68 32 13 87 40 25 30 63 77 90 50 49 9 69 79 50 63 27 83 51 30 6 15 14 24 43 30 3 30 23 60 5 77 26 49 14 71 75 83 5 49 58 49 16 31 99 88 13 10 84 42 67 63 50 55 49 22 60 29 37 18 11 72 77 21 79 13 69 27 59 32 8 91 59 87 58 80 54 2 22 5 23 16 75 39 94 17 38 82 50 65 13 48 99 100 89 49 50 4 73 17 49 26 77 91 56 26 33 36 6 5 19 78 99 39 68 54 43 28 62 70 13 9 73 76 83 74 84 57 10 52 25 50 19 41 41 87 28 31 67 24 63 7 31 55 38 97 84 63 17 79 80 91 90 11 55 46 27 21 83 68 4 91 70 55 72 66 94 64 95 43 76 58 27 68 93 24 27 46 22 55 86 43 36 18 91 81 62 71 99 68 71 62 84 9 19 51 19 44 88 81 85 75 9 64 63 70 56 51 64 70 93 97 54 42 77 96 28 69 14 49 49 7 61 7 60 37 13 44 96 1 39 30 25 3 18 91 25 20 97 16 13 82 8 45 43 47 59 11 48 10 16 26 86 54 32 82 21 69 14 64 13 69 5 68 65 20 71 47 66 5 23 67 72 51 77 24 89 73 24 56 38 17 83 86 28 32 20 63 65 94 16 90 55 80 25 58 97 75 8 20 51 96 57 64 66 98 55 10 70 23 92 1 22 31 87 15 31 80 35 64 82 59 27 65 44 14 72 4 36 10 86 41 98 55 10 17 38 68 26 34 76 22 19 59 31 72 63 97 1 79 94 32 95 82 5 100 2 26 28 ; 
L -22 -14 18 38 1 -13 4 -48 72 -10 1 52 -3 -45 29 -48 -34 -47 -25 -9 -18 43 41 -73 45 -49 17 -34 40 8 -23 -28 10 -7 16 -24 4 -11 -33 -45 -68 43 -7 -19 -35 49 1 -49 -10 26 -7 -11 42 7 13 -16 -41 -34 -43 -46 -14 32 -11 46 -41 24 -7 -8 -37 -4 -47 32 42 -17 -38 24 -32 18 -28 5 -45 -5 -6 7 46 -21 23 -5 25 39 -74 6 43 -33 29 14 -31 28 10 -12 26 -71 20 56 -41 20 9 58 -1 1 3 13 15 76 -8 29 -29 -37 -26 -27 -20 -24 -6 -42 -43 23 15 4 38 34 -15 -8 32 38 -22 22 40 34 36 -3 34 4 36 -28 -21 -16 -12 -64 -7 26 19 -44 -22 -43 43 2 -65 31 -11 -40 8 45 45 48 -30 -28 -35 -48 -26 33 36 8 63 79 31 33 38 -38 -29 10 -23 39 -77 -47 -26 48 15 31 -43 48 -12 70 -28 49 -10 47 -37 -2 29 -45 46 10 55 -13 9 -24 -81 -21 20 -43 8 -50 -4 6 21 -5 20 50 35 47 -7 -10 25 3 -30 -23 12 45 -26 -5 -20 -29 -50 17 54 -18 35 -6 -46 -25 -45 27 21 4 -20 -59 13 -35 -37 -18 42 -9 -26 -19 -46 -40 36 32 5 30 12 1 -29 -3 -28 48 -28 13 15 49 -33 3 4 45 -30 -47 -45 -44 -18 22 -24 31 -35 12 -42 -35 -26 -30 36 10 -24 -39 39 -1 40 -43 43 -8 -8 -9 -18 -11 -51 -49 24 -13 40 17 1 28 -6 -4 37 31 44 75 -43 -33 47 31 -18 8 -31 41 -46 44 -48 32 31 43 -31 -6 -2 -34 31 -49 -24 28 35 -47 -85 18 12 49 -26 4 -19 24 9 -16 -7 -80 -4 -18 -23 5 12 -47 -33 49 -43 -41 -25 46 -57 -13 50 22 -14 41 -30 26 14 25 -8 -22 -18 -13 46 -19 -1 34 -14 -44 11 9 -14 45 33 -78 12 -29 46 -84 -33 34 -5 -67 -26 18 -12 -66 13 43 42 9 43 49 24 -45 15 2 23 -47 38 46 -26 4 12 -83 -7 -18 -61 -62 -13 37 9 19 15 -36 -33 -12 23 -3 39 -33 43 1 8 45 43 20 35 -36 -53 6 11 -24 -50 -24 -3 -45 -32 45 2 28 -35 -6 16 -35 25 -35 48 21 -48 -7 30 30 -69 -23 -26 -29 -11 -34 -48 35 5 82 -13 -1 37 10 60 -40 -32 34 -9 20 34 1 -17 -4 10 38 -50 29 8 48 -36 -49 ; 
33:131 8:30 39:155 1:1 4:16 12:46 27:105 38:150 8:28 33:129 38:148 30:120 32:124 2:4 9:35 28:112 26:100 14:52 4:14 61:241 6:22 28:110 9:33 21:83 13:49 13:51 22:86 3:9 32:126 1:1 32:126 29:115 24:94 8:30 9:35 31:121 14:54 6:24 33:131 13:51 25:99 9:35 9:35 20:78 22:88 20:80 26:100 27:107 17:67 34:134 4:16 6:20 36:140 40:158 13:49 7:25 20:78 25:99 40:158 25:99 2:8 14:56 11:43 26:104 3:11 21:83 4:12 35:137 17:65 29:115 33:131 40:160 38:148 6:24 40:158 33:131 32:128 7:27 14:56 20:80 38:152 33:129 16:64 4:14 30:120 61:243 6:24 39:153 1:3 14:56 40:158 12:48 11:43 10:38 38:148 28:108 11:43 19:75 12:44 25:97 14:54 6:22 51:203 11:43 4:16 28:112 4:16 22:86 32:128 13:49 6:24 26:104 7:27 27:107 6:20 32:128 37:145 17:65 22:88 19:73 11:43 9:33 34:132 28:108 2:6 37:145 28:112 22:88 26:100 27:105 10:40 10:38 36:142 10:38 7:27 35:137 10:36 48:190 30:120 34:132 2:8 20:78 14:56 28:108 22:86 22:86 6:22 16:64 37:145 11:41 6:22 20:76 5:17 24:94 19:75 37:147 24:96 19:75 35:139 38:150 23:91 11:43 13:51 1:3 3:9 5:19 27:105 34:134 30:118 22:88 20:78 10:38 36:144 47:185 39:153 22:88 8:30 7:27 29:113 6:20 4:14 11:41 14:54 21:81 26:102 8:30 29:115 5:17 8:30 49:193 9:33 19:75 10:40 52:204 26:102 34:134 41:161 28:108 16:60 7:27 24:92 21:81 22:84 25:97 54:216 31:123 36:142 16:60 28:112 20:80 36:144 31:123 29:115 33:129 25:99 29:113 40:158 28:108 29:113 25:99 34:134 4:14 8:30 21:81 8:30 18:70 5:17 37:147 12:44 34:132 14:56 39:155 30:116 15:57 36:144 10:38 28:108 26:104 8:32 29:113 19:75 27:105 3:9 20:76 31:121 22:88 4:12 31:123 2:6 35:139 17:65 21:83 34:134 26:100 32:126 13:51 22:86 32:128 24:92 35:139 24:94 37:145 4:12 13:51 24:94 11:43 21:81 40:160 19:75 6:24 8:32 26:100 36:144 29:115 29:113 18:68 12:48 37:145 16:64 28:108 13:51 6:20 35:139 16:64 10:40 12:46 13:49 22:88 16:60 39:155 34:134 34:136 13:49 9:35 30:118 10:36 28:112 4:16 20:80 24:92 40:156 27:105 25:97 20:78 20:80 21:81 24:92 40:158 28:112 38:148 39:155 22:86 17:67 31:123 39:153 6:22 15:57 28:110 6:22 20:78 20:78 3:11 2:6 24:96 15:59 6:20 18:70 1:1 16:62 12:48 10:40 2:4 8:28 37:145 10:40 8:32 39:155 7:25 9:33 35:137 21:81 22:88 18:68 28:112 14:54 23:89 15:59 25:99 12:44 16:60 11:41 35:139 1:1 2:8 24:96 10:36 12:48 2:4 12:48 5:19 23:91 20:76 32:128 36:144 33:129 6:20 10:38 6:22 6:24 3:9 12:48 21:81 34:132 11:43 26:100 20:78 20:76 6:20 26:104 20:80 33:131 16:60 7:27 38:150 39:153 7:25 10:36 2:8 9:35 14:54 21:83 14:56 12:46 30:120 25:97 20:78 13:49 51:203 21:83 19:73 31:123 27:105 6:22 13:51 38:152 33:131 7:25 18:68 22:86 24:92 13:49 22:88 1:1 8:30 36:140 19:73 6:20 19:73 17:65 14:54 10:40 33:131 16:64 40:160 12:44 7:27 11:41 14:54 4:14 22:84 20:80 28:108 25:99 23:91 24:94 12:48 36:140 32:126 30:116 16:64 38:152 40:160 5:17 12:44 18:70 2:4 35:139 17:65 17:65 8:30 20:80 12:46 15:57 8:28 29:115 23:89 21:83 4:16 7:27 35:137 23:91 31:121 58:228 34:134 38:152 9:35 17:65 11:41 28:112 34:136 37:145 31:123 11:41 20:78 15:57 38:148 22:88 23:89 2:6 12:44 6:22 7:27 34:134 16:64 33:131 4:12 18:72 3:9 30:116 2:6 20:80 20:78 16:62 22:84 22:88 36:144 30:118 15:57 1:3 11:41 12:44 ; 
L -36 45 6 -42 -46 -47 -20 17 -45 50 30 13 -42 -35 19 -39 15 43 -32 15 25 18 -43 44 -43 21 46 -24 -36 -20 -9 -38 -8 -37 31 -49 32 -50 -47 46 24 -5 15 -34 1 3 44 -35 -47 41 -10 -46 -33 -28 11 13 32 -13 -29 -47 24 6 -43 -4 -3 -47 26 -32 44 1 17 -50 -11 8 8 -17 44 -22 -13 50 -23 -21 39 5 3 40 35 18 47 -27 3 27 47 -22 28 -4 41 -18 34 -12 -12 29 48 -38 7 -36 46 2 -45 -14 -27 -49 15 9 2 31 32 49 30 18 -13 5 -44 -23 -6 -22 36 1 -4 -22 33 -41 21 -44 45 18 -27 -44 4 -32 -9 40 -28 27 8 -25 -16 -18 42 33 -33 2 4 -2 -9 -24 25 -50 40 -6 12 -41 17 -34 -47 -17 -46 -2 -47 -1 -33 8 49 26 -11 -45 34 -30 -28 21 20 -17 -13 -8 18 31 38 7 3 -48 49 45 -14 -5 -30 42 1 19 -32 7 -47 -38 -23 -12 -47 7 36 28 -44 -47 13 43 -14 34 -46 45 49 -30 39 29 36 -24 4 -20 -4 -15 17 27 -20 45 19 -37 45 10 32 -26 -33 48 39 -21 -31 18 -43 -10 23 -26 35 -19 -40 -38 -48 11 28 21 -46 45 -7 50 4 19 35 46 25 42 37 -19 18 50 9 -3 -24 -32 -29 -10 6 34 -5 43 -40 19 -3 -2 41 43 44 -13 -21 7 25 -31 -27 49 -4 -50 -17 -47 30 -26 -17 16 29 50 -35 -6 -23 36 26 -26 8 -27 -22 13 20 22 -44 3 -18 -32 8 -43 -9 1 47 7 -13 4 -7 46 25 -3 -8 30 13 -5 -14 -1 35 -5 17 -46 30 1 34 -14 -2 10 -17 16 -3 44 -8 47 -21 -27 43 -30 -8 40 -41 -27 45 14 -10 -49 -25 2 -10 -8 25 -17 42 -30 42 7 45 -7 8 21 41 -39 31 -9 45 -25 40 37 -15 34 -32 17 47 -20 44 2 28 -11 -38 -13 3 7 36 -34 4 -50 -13 -23 -13 38 -21 5 33 39 29 -39 -14 46 43 -2 -26 33 -19 8 7 34 -6 -7 -21 16 -6 -10 32 16 13 6 -2 8 -32 45 -13 -28 31 48 40 1 -3 48 -20 48 31 19 -40 21 -4 -24 48 15 44 46 27 -22 -6 -20 -49 -23 -23 -6 28 31 49 20 -15 26 8 36 38 -9 -40 -10 27 45 31 -10 -36 -23 10 -9 -20 3 6 26 -41 2 -2 41 11 -8 -31 -12 -24 33 ; 
24 13 47 2 63 24 93 26 29 23 84 69 39 70 77 19 96 51 11 93 44 31 33 68 69 24 55 31 69 4 43 53 93 71 79 87 95 69 56 56 72 68 38 76 19 15 60 61 73 9 86 62 55 92 60 20 38 4 53 73 31 7 14 37 94 61 85 38 35 40 70 22 10 92 41 30 74 43 82 83 56 34 27 49 75 43 20 15 56 76 66 31 49 23 65 87 94 95 73 34 32 49 29 22 21 60 5 5 91 81 33 93 84 68 89 83 34 2 8 6 69 20 50 8 69 84 44 92 58 37 48 4 54 55 17 4 97 27 41 51 4 34 89 13 76 47 65 57 49 11 37 34 37 15 64 78 12 12 40 38 76 60 19 73 70 83 54 41 22 69 6 17 54 16 95 12 13 89 36 92 16 52 22 74 95 64 34 19 12 83 55 82 18 43 65 96 20 39 66 64 57 35 29 97 33 53 37 36 100 85 32 76 68 18 30 54 29 94 13 12 47 79 1 55 57 57 19 46 68 7 80 64 28 87 62 40 1 55 5 66 71 66 3 69 55 30 81 64 68 31 21 85 45 22 81 48 57 81 39 48 58 4 25 43 82 99 31 70 61 59 94 36 15 23 18 65 92 20 25 3 78 3 38 80 37 98 51 20 22 86 94 57 61 27 92 38 85 26 40 24 74 33 97 77 31 70 91 14 37 15 45 56 81 7 14 46 4 1 5 72 35 13 73 13 7 25 10 48 75 80 88 26 39 51 28 39 4 34 30 97 62 22 67 67 95 48 33 64 84 63 74 51 16 86 4 1 27 99 3 93 31 29 43 97 18 55 38 6 25 32 61 60 64 87 98 31 14 30 65 18 64 40 44 11 98 67 40 56 25 21 92 31 100 19 41 29 57 59 45 44 50 97 29 85 49 22 29 31 79 31 74 88 35 9 85 89 3 56 36 96 28 97 64 18 16 52 12 10 89 86 56 47 13 4 41 41 34 31 14 4 13 56 100 18 82 23 10 54 17 20 66 88 40 98 57 44 86 53 20 34 14 91 12 52 66 15 35 56 44 18 94 66 85 77 16 34 56 48 72 55 13 97 5 59 28 80 72 64 88 98 89 81 65 25 100 67 78 88 6 48 39 ; 
L -36 57 45 6 -42 -47 17 59 -45 17 -50 60 -22 -4 41 -18 34 -12 -12 76 29 -9 -50 49 27 14 -42 -8 -49 -50 -47 46 24 -5 15 1 3 44 -35 -47 -10 -33 -28 11 13 32 -13 -8 -77 26 -26 -36 23 6 58 -19 31 38 7 3 -48 49 42 18 47 -27 3 -47 26 -32 44 1 83 50 30 -42 -35 19 -39 15 43 -32 15 25 18 40 13 -14 -1 35 -5 17 -46 30 1 -2 -44 -45 32 -8 2 -13 -16 -32 10 6 -26 -17 16 29 50 -35 -33 26 -68 2 -43 -46 14 39 -29 -39 -33 -36 -25 -46 -35 -19 -4 -20 -49 45 18 -12 6 -40 -28 21 20 -17 -13 75 -8 18 -4 -22 33 -41 21 -44 -23 55 -23 -6 28 31 67 49 20 -15 -10 6 -5 3 -2 41 -26 -6 -3 20 8 -43 -9 1 47 7 -13 4 32 -34 15 -37 -40 25 -24 9 2 31 32 49 36 38 -9 -40 -20 48 31 -40 21 -4 -16 42 33 -33 2 -2 -9 -24 69 25 -15 -48 24 8 -21 43 -18 -10 -26 35 -19 -40 -38 11 28 21 -46 72 45 85 -7 50 47 -11 8 8 52 37 -19 18 -17 44 -22 -13 50 -23 -21 39 5 3 28 -11 -38 -13 84 38 -48 15 -32 -29 43 -41 -27 45 14 -10 54 -8 25 78 -39 -48 33 26 -10 -45 37 -34 4 -50 -13 -13 38 -21 5 -7 19 -3 -2 43 45 -2 -46 45 -14 -5 42 1 19 3 -16 33 1 47 2 46 47 34 -17 -63 41 -27 -73 4 -49 -82 27 31 -25 -7 21 13 -43 44 -43 30 18 -13 5 -44 -23 -6 -22 36 1 8 7 -30 -8 40 21 71 41 -39 -9 45 44 46 27 -22 -6 -27 13 20 22 -44 4 -32 -9 56 40 -28 61 -44 3 -18 -32 8 38 9 20 36 24 -10 45 31 -10 -36 -23 -21 -27 43 -6 -7 -21 16 -30 47 17 50 -38 -12 -47 7 28 74 -44 -47 13 43 -14 34 -46 45 49 -30 39 29 36 65 -24 4 -20 -4 81 -15 17 27 -20 45 79 19 -36 -7 -37 31 -2 41 11 25 17 -10 3 -25 -46 7 17 47 -20 44 2 49 26 -45 34 -30 -80 50 26 8 51 21 46 66 -48 -1 -40 -48 -31 28 13 64 -30 42 7 45 -7 8 -40 3 47 -7 32 44 -8 53 47 10 -9 27 8 -4 -3 -49 -25 2 -10 70 62 22 27 -29 24 6 -43 -30 -8 -31 -24 33 ; 
10:38 18:70 16:62 19:75 1:3 30:120 17:65 26:104 37:145 31:123 9:35 4:12 21:81 50:200 38:150 38:152 30:116 14:54 13:51 24:94 11:43 18:68 25:97 19:75 38:148 14:52 22:88 20:78 37:145 9:35 23:89 23:89 29:115 28:108 16:60 37:147 6:24 24:96 25:97 30:116 12:46 42:164 37:147 24:96 8:32 16:60 2:6 19:73 18:70 27:107 6:22 37:145 28:112 13:49 18:70 20:76 34:134 14:54 8:30 5:19 34:132 22:88 27:105 25:97 23:89 31:121 27:105 60:238 34:136 16:60 14:56 16:64 24:96 1:1 34:134 4:16 28:112 31:123 8:30 39:153 21:81 5:17 38:148 18:70 13:49 6:22 7:27 32:126 16:62 2:6 14:54 12:48 39:155 25:99 9:35 19:75 32:124 12:48 13:49 14:54 17:65 18:72 6:20 19:75 23:89 35:137 15:57 16:64 10:38 30:118 14:52 39:155 48:190 39:153 34:136 2:4 23:89 2:4 36:142 34:136 4:14 14:56 36:140 33:131 15:57 10:40 2:6 24:92 20:76 38:152 5:19 20:76 2:6 15:57 31:121 16:60 16:62 37:147 7:25 21:83 9:35 16:60 19:73 38:152 41:163 15:59 20:76 2:6 22:86 22:88 9:33 7:27 28:110 6:24 14:56 23:89 0:0 33:129 8:28 38:150 23:89 8:28 17:67 23:91 24:92 33:129 36:142 40:156 36:140 26:102 25:97 29:115 14:56 6:20 30:116 6:20 3:11 10:40 4:12 10:40 23:89 16:64 27:107 40:156 20:80 24:92 36:142 34:132 14:54 1:3 23:89 7:25 14:54 23:89 20:76 22:86 7:27 11:41 36:140 16:64 33:131 42:166 5:17 15:59 14:54 10:36 26:102 32:124 8:30 30:118 18:68 18:70 23:91 29:113 34:134 23:91 2:4 36:142 2:4 33:129 26:102 28:108 13:49 1:3 18:72 9:35 33:129 10:38 19:75 8:32 31:121 33:129 28:112 23:91 37:147 17:65 20:80 14:54 40:158 13:49 24:94 30:118 18:68 33:131 34:132 23:89 14:54 11:43 20:78 30:120 15:57 12:46 23:91 24:94 38:152 24:96 9:35 25:97 19:73 6:24 4:16 10:40 38:148 13:49 12:46 18:68 18:68 23:89 10:40 34:132 14:54 2:8 22:88 1:1 3:9 35:139 12:44 22:86 12:46 34:136 20:78 20:78 13:49 32:126 13:49 21:83 2:4 32:124 2:4 36:142 18:68 37:145 2:8 12:44 8:28 18:68 18:68 8:32 16:62 30:116 34:134 3:11 3:9 28:110 9:35 17:65 42:168 28:112 30:116 1:1 9:33 49:193 8:28 38:152 25:97 17:67 23:91 38:150 35:137 9:35 8:32 21:81 28:112 28:108 28:110 10:36 3:9 28:110 8:32 20:80 4:12 28:110 34:134 18:70 37:147 14:52 26:102 1:1 11:43 40:158 3:11 8:28 29:113 8:28 34:136 18:70 12:46 22:84 8:32 14:54 6:22 6:22 34:132 33:129 3:11 8:32 17:65 21:81 2:6 28:112 12:48 36:142 32:128 19:73 19:73 2:6 1:1 8:32 38:148 22:84 18:68 2:6 28:110 12:46 30:118 6:20 39:155 2:8 24:94 7:25 35:137 2:6 1:1 21:83 5:19 4:16 32:126 34:136 16:60 37:147 10:36 42:168 14:52 22:84 10:36 6:24 36:144 34:136 13:51 31:121 28:108 8:28 12:48 22:86 12:46 38:150 6:20 5:19 19:75 30:118 18:70 1:1 22:88 23:91 37:145 22:88 8:30 19:73 28:108 3:11 4:14 30:116 43:171 20:80 18:68 32:126 24:94 10:40 40:160 21:83 25:97 14:52 42:166 32:128 30:120 20:76 10:36 37:147 13:49 40:160 8:30 30:120 7:25 18:68 6:20 36:142 19:73 2:8 27:107 34:136 2:4 17:65 22:88 36:144 5:17 14:54 8:28 40:160 23:89 6:20 2:6 16:62 33:131 26:102 35:139 40:156 13:49 6:22 11:41 6:22 18:72 23:91 26:102 23:89 30:118 6:24 25:97 12:44 32:128 18:68 31:121 32:126 38:150 21:81 8:28 22:88 16:60 8:28 32:126 16:62 18:72 9:35 6:20 3:11 6:22 23:89 21:81 32:124 38:148 20:76 16:62 ; 
L -1 19 24 5 -12 38 -43 -30 32 -24 -11 -10 -40 40 2 14 -4 17 -21 -6 -46 26 17 -38 38 -33 4 -50 -42 -17 -13 19 22 -9 -14 -2 -49 -50 45 6 31 -29 25 -16 40 -30 -22 -33 18 33 -14 -17 -5 35 34 1 -48 36 34 -49 -16 38 -48 -12 -17 -20 39 -24 15 30 22 -11 -38 -15 -9 39 26 44 -24 4 -41 -22 -21 18 -14 -6 4 48 -14 49 24 4 -43 18 36 -31 -4 -17 44 18 41 49 -10 25 -2 48 -33 50 -16 -39 47 37 -28 -10 20 40 47 -30 -31 39 -47 -27 -31 -24 -27 30 -38 12 -48 -45 -3 -49 -44 13 49 24 39 5 -23 16 -3 13 -10 5 30 43 -2 -24 -41 -9 -25 -15 -13 -22 45 33 -49 -39 6 -10 47 -15 -47 34 5 -44 28 -47 -24 -41 -36 22 35 39 -40 41 -28 4 -1 -46 32 38 11 12 9 -36 -8 -34 -13 46 40 5 23 5 -10 -5 -19 4 -18 -17 9 27 25 44 -34 14 4 -36 49 47 -2 20 -3 -6 -32 47 -23 -31 13 -10 -35 -31 -20 3 20 50 29 -36 12 -19 8 -2 34 33 -22 -44 -2 20 40 -23 31 17 -21 47 -50 14 -22 24 26 -24 13 38 20 3 -1 -19 -48 -11 15 49 -7 -34 -46 -47 -43 35 -2 28 -36 -40 -32 -9 48 17 22 -5 -3 -27 -12 20 -42 -21 14 -12 -38 7 44 36 -11 -30 10 5 47 -17 36 -12 1 23 -41 -24 -30 36 24 10 -9 48 22 -5 12 -26 -44 -22 -3 -9 -36 -5 -24 7 -45 -45 9 -44 19 -27 -28 -25 1 -8 -2 30 -19 -41 -16 26 34 45 46 -2 -49 -39 7 15 -16 20 -27 -16 9 35 -38 -6 -12 4 45 -49 16 41 -39 -3 45 -43 42 -22 19 4 -17 -50 -35 -42 34 7 -26 40 -6 9 18 -49 31 -33 7 44 43 22 -11 -48 -8 -33 -9 -45 29 -9 -20 -17 -46 6 -42 39 -42 42 8 -32 -18 -9 -44 -39 29 45 -32 -48 -45 -28 -8 48 6 -44 -44 38 -26 12 -15 11 -18 36 -31 -13 1 -22 8 -29 -29 22 -15 -49 26 27 -41 -21 27 -41 -40 -8 33 -3 -25 32 -36 38 43 27 -37 -16 -49 19 29 8 -38 -32 37 10 -17 -22 28 -6 -39 -11 -20 -16 18 18 -19 -47 -18 4 16 -15 7 4 -33 27 14 -9 10 26 -20 -23 18 23 27 -46 22 2 -30 -46 21 45 -40 -43 -9 -7 33 6 ; 
76 76 44 50 93 66 34 20 4 50 70 77 68 50 52 75 57 83 74 40 72 26 32 9 21 79 19 34 58 99 68 71 26 30 60 72 93 57 26 50 4 57 14 3 11 40 24 45 97 6 72 66 84 47 37 53 44 28 55 73 7 98 27 56 98 40 69 70 71 7 10 78 79 33 79 62 85 61 89 27 99 51 55 68 91 92 90 68 48 33 34 83 88 91 47 4 71 67 28 96 35 91 36 84 3 30 45 94 44 18 11 19 50 59 80 89 62 9 26 41 98 78 25 48 95 60 19 79 36 40 12 37 23 44 98 32 65 25 82 81 89 27 25 74 59 96 12 48 1 64 40 67 76 41 77 31 77 74 21 83 5 58 78 88 26 3 1 27 40 89 7 31 42 31 37 32 64 32 5 18 69 49 19 20 89 48 99 73 40 87 42 11 38 5 35 50 73 48 76 10 51 38 58 87 18 13 80 64 3 24 25 53 50 75 27 23 55 36 86 6 85 55 90 4 10 49 9 27 87 64 30 62 12 93 40 60 5 35 45 75 15 93 41 24 14 65 74 57 8 35 95 97 33 8 93 4 47 52 97 4 52 3 91 95 37 19 13 53 84 47 52 21 13 33 16 95 38 37 86 59 30 9 67 7 18 8 56 46 27 3 57 30 59 17 93 20 59 97 4 26 67 42 10 66 35 72 57 54 11 16 98 10 40 45 53 74 75 21 58 46 67 27 80 15 14 70 52 33 49 99 38 29 17 40 25 100 30 36 73 90 72 21 69 70 13 7 83 70 25 67 33 42 90 51 22 67 3 44 64 12 4 98 88 24 24 85 35 31 33 17 56 6 56 58 72 19 100 65 55 1 29 3 23 67 72 8 9 47 9 16 36 22 87 74 27 43 14 6 60 42 13 68 28 32 12 78 52 6 37 54 89 14 18 74 67 12 67 19 92 59 92 6 75 3 5 31 61 58 14 87 13 21 58 15 72 68 22 81 57 53 31 18 48 97 46 65 17 63 5 52 68 67 85 64 94 51 61 46 85 19 82 33 29 53 43 53 9 26 15 84 95 31 32 78 39 88 98 59 74 81 97 22 66 7 53 78 84 16 65 70 67 67 49 61 80 70 54 33 17 48 13 ; 
L -1 19 24 5 -12 38 -43 -30 32 -24 -11 -10 -40 40 2 14 -4 17 -21 -6 -46 26 17 38 -33 4 -50 -42 -17 -13 56 19 -31 49 -18 -9 6 -40 -59 26 -7 -34 -16 9 35 7 -49 -15 11 48 19 1 -3 -20 -38 24 -26 -24 22 -14 26 -38 44 44 4 -17 27 25 -34 14 85 4 -36 49 47 -6 -48 -58 8 -38 46 -27 -23 -18 76 30 -8 -33 -9 -45 29 -48 -45 -28 -48 11 39 6 -28 22 -18 36 -13 1 -22 8 -29 -29 22 -15 26 27 -41 23 20 34 1 -48 36 34 -49 -16 22 -30 64 38 74 11 12 9 -36 -8 61 -34 46 40 5 15 -16 42 35 50 17 -4 49 2 14 9 -22 32 38 -8 -29 -19 49 16 37 -27 -43 -38 36 -32 -40 41 1 23 -41 -24 -30 36 24 10 -9 55 48 22 -5 12 -26 51 71 -44 -22 -9 -36 -5 -24 7 36 -19 -72 32 -29 39 44 46 27 -41 -40 -8 33 9 32 -8 -10 -46 -47 14 -12 -38 38 -35 -31 -20 3 20 50 -22 36 40 36 -28 2 -35 43 -66 16 -15 7 45 -40 20 -42 38 11 -13 -22 45 33 -49 -39 6 -10 47 -15 -9 26 44 -24 4 -22 -21 50 -5 -33 -18 33 -3 45 -25 1 -8 -2 -19 -41 -16 81 34 45 -17 -31 -83 23 -40 -20 2 44 22 -33 2 -52 -8 19 -82 -12 36 -29 -6 -12 4 45 79 13 84 14 10 26 -35 5 17 14 10 -39 -35 7 44 36 -11 -30 10 5 47 -17 -33 7 43 22 46 -2 -36 -18 43 -4 -24 -49 14 -48 -4 6 -18 -15 11 -54 17 -10 -37 -62 -45 -45 9 -44 19 -27 -28 67 -43 42 -22 -9 -20 -17 -46 6 -42 39 42 -13 31 23 -47 32 -34 15 -3 -25 -33 6 3 -20 2 19 5 -5 -23 -7 39 49 -31 -4 -17 44 18 41 60 -16 -80 -47 -57 21 -11 -48 -21 -32 46 1 39 -41 25 -2 69 48 -33 68 -16 -17 -48 -39 77 47 9 43 53 -5 -27 -12 -22 9 37 -22 -30 -15 24 -39 -78 20 17 12 70 75 -20 -16 18 18 -19 -28 -10 20 40 47 -30 -31 -27 -31 -24 -27 30 -38 12 -48 -45 -3 -49 -44 13 49 24 -47 -18 4 30 43 -2 -24 -41 -9 -25 -15 73 5 -23 16 -3 -4 28 12 45 6 31 -29 25 -16 40 -22 -49 27 -20 4 32 41 24 47 -28 44 -5 27 -65 21 63 -7 6 ; 
31:121 31:121 18:70 20:80 38:148 27:105 14:54 8:32 2:6 20:80 28:112 31:123 28:108 20:80 21:83 30:120 23:91 34:132 30:118 16:64 29:115 11:41 13:51 6:24 32:126 8:30 14:54 24:92 40:158 28:108 14:56 23:89 16:62 40:160 8:30 29:115 24:92 23:89 36:140 30:116 23:89 7:27 15:57 34:132 28:112 4:16 21:83 2:6 39:155 21:83 19:75 2:6 38:148 4:12 14:52 3:11 14:56 4:12 23:91 30:118 21:81 27:107 5:19 27:107 29:115 2:6 14:56 24:92 14:56 6:20 36:144 40:158 26:102 2:4 10:38 19:75 8:28 23:89 3:9 5:17 36:144 7:25 34:134 32:124 16:62 8:30 37:147 4:12 4:14 19:75 4:14 9:33 15:59 22:86 42:168 30:118 22:84 12:46 14:52 33:131 27:105 3:9 10:38 2:8 13:49 25:97 24:92 6:22 35:139 6:20 31:123 6:24 29:115 13:49 3:11 33:129 22:84 18:70 12:44 22:88 30:116 3:11 30:116 20:76 22:88 23:89 5:19 40:158 8:32 36:142 20:76 40:158 4:14 38:148 48:188 17:67 5:17 9:33 28:110 20:78 13:49 14:56 34:136 10:38 10:40 38:148 29:115 24:96 12:48 34:132 21:81 38:150 26:102 34:136 27:107 28:108 21:83 2:8 26:100 7:27 26:104 19:73 22:88 13:51 14:56 39:155 2:6 11:41 27:107 17:67 4:16 27:105 14:56 32:128 18:70 23:91 22:86 5:17 7:25 40:158 23:91 30:120 4:16 14:56 22:84 30:118 30:120 9:33 36:142 13:51 36:142 1:1 7:25 5:19 13:51 14:56 11:43 33:129 23:91 22:84 13:49 16:60 24:92 17:67 7:27 23:89 38:152 28:108 3:11 8:28 6:22 19:73 22:88 36:144 2:6 4:16 20:78 11:43 13:49 4:14 19:75 34:134 22:84 6:20 8:30 17:67 13:51 45:179 16:62 24:94 32:128 34:134 12:48 17:67 32:126 42:166 17:65 31:123 13:49 31:123 30:118 9:33 34:132 2:8 19:73 32:126 36:144 25:97 36:142 11:43 21:83 22:88 38:148 14:54 12:48 3:9 39:155 21:81 26:102 32:124 21:83 14:52 20:78 22:86 12:46 7:27 21:81 1:3 40:160 7:27 38:148 15:59 4:16 30:120 18:72 14:56 2:8 24:96 16:64 6:20 7:27 32:126 12:48 26:104 6:24 35:139 11:43 19:75 14:52 17:67 36:144 19:73 23:89 30:116 11:43 72:284 9:35 9:35 19:75 34:134 27:105 47:185 27:105 13:49 16:60 23:89 19:73 11:43 2:4 23:91 12:48 24:94 7:27 15:59 22:88 10:40 2:4 11:41 15:57 8:28 19:75 37:145 36:140 34:132 14:54 14:52 20:76 28:108 36:144 23:89 22:84 24:94 33:131 9:33 34:136 19:73 4:16 21:83 19:73 27:107 11:43 32:128 6:24 6:22 20:80 22:88 2:6 40:156 2:6 15:57 9:35 35:139 30:118 11:43 18:68 4:16 20:78 35:137 15:57 22:88 10:36 8:30 34:132 27:105 20:76 17:65 24:92 30:120 20:80 22:84 12:44 30:116 30:120 2:8 16:60 29:115 36:144 24:94 29:113 27:107 12:44 39:153 14:56 16:60 37:145 11:43 19:73 20:76 30:116 21:81 27:107 27:107 8:28 28:110 8:28 30:120 2:4 16:64 2:4 40:158 20:78 18:72 29:113 16:62 6:24 14:52 9:35 20:78 16:62 14:52 22:86 22:84 29:115 27:107 35:137 19:75 4:16 21:83 17:65 4:16 3:11 29:113 28:112 1:1 32:126 16:64 40:156 14:54 11:43 33:129 22:84 4:14 11:41 6:24 17:67 24:94 32:128 36:142 25:99 4:14 11:41 10:38 10:40 20:76 38:152 24:96 8:30 32:126 15:57 16:64 5:19 15:59 10:36 18:70 40:156 13:51 44:174 38:152 13:49 22:84 39:153 5:19 20:76 1:1 26:102 16:64 27:107 11:43 13:49 33:131 33:129 36:142 10:40 13:51 36:140 8:28 20:80 2:6 23:91 6:22 2:4 5:17 6:24 3:9 3:9 6:20 30:116 27:107 20:80 36:142 16:64 11:43 1:1 2:4 14:56 18:72 20:76 14:52 13:51 4:12 6:20 ; 
L 6 47 -18 15 10 -13 -40 -50 -12 -39 -29 32 -33 -5 -14 24 30 35 43 -34 -36 45 -24 -50 -20 -12 -8 -34 -5 42 9 -10 48 -50 35 46 -49 28 -5 1 -4 48 -40 6 6 -24 -8 40 8 -1 -2 3 -48 49 -47 -32 -23 -7 -9 -21 18 -14 40 43 26 7 16 -25 43 -6 29 32 16 39 4 -26 -39 30 22 -11 -50 9 30 -19 17 -4 41 1 12 -33 44 -32 30 -35 -29 -23 17 -47 7 -33 22 17 -9 34 -43 20 -1 47 -31 -24 -2 -17 47 -12 10 2 -21 41 49 46 -14 -14 48 5 19 -6 16 -21 19 25 -18 44 14 -7 17 43 -8 22 33 46 -12 1 -38 -5 48 -28 39 21 19 -10 28 -32 -2 24 -44 -8 18 -22 44 13 29 8 -16 -32 -1 -15 4 2 -8 -34 -21 -32 -36 22 31 -43 -39 16 3 -37 -11 -46 -33 16 11 38 39 -26 -9 33 -23 28 47 -8 20 46 34 29 -27 43 -28 13 16 -3 38 -3 20 -31 15 47 1 3 -36 -43 -29 10 39 13 -5 19 14 39 21 4 -22 -46 -1 3 6 -15 17 -29 8 -16 13 32 -30 27 -50 -15 29 48 -36 24 28 45 1 34 -36 41 -25 -34 41 27 8 37 8 -35 39 34 34 -12 -36 24 -11 -37 7 -28 10 24 45 -49 22 -43 -2 -45 -32 -32 45 -7 -31 -38 -48 22 28 -29 -32 17 -23 -33 -29 22 -3 -7 -38 -7 -50 -46 -40 -50 50 13 12 4 -29 -8 -23 50 30 15 -3 30 -12 25 8 -40 17 25 -46 18 49 5 40 2 12 -7 -11 -32 -3 14 -34 -30 28 -3 -14 -7 -14 43 -50 -48 -37 -41 -32 15 41 -26 13 -13 6 30 28 6 -33 23 19 1 16 -27 -48 15 19 -37 13 -15 -38 15 -7 -8 -47 27 -39 -29 29 2 36 -24 -43 -2 -19 -44 34 45 13 -11 -33 9 45 12 -31 31 -49 44 -47 8 -23 -40 -2 18 -43 -22 -45 -26 -47 18 43 -34 39 15 32 24 10 -44 24 -30 23 12 -29 -16 49 35 -50 -2 17 11 49 40 -5 16 37 37 -16 43 33 37 4 7 20 46 -19 -3 29 50 36 10 -14 6 39 22 -28 -50 -4 -7 20 33 40 31 10 -27 -16 15 -6 -50 23 -22 36 -6 -3 -5 -36 -40 -6 -44 8 -4 -3 -35 23 7 -4 22 13 -20 -39 -12 -44 19 -6 6 -33 19 -7 1 -4 -45 -42 -15 18 -24 32 22 ; 
49 48 77 72 40 71 39 85 20 70 11 39 91 100 75 64 74 92 66 24 13 69 57 63 40 71 5 10 97 23 80 94 18 26 72 98 11 14 94 62 89 37 99 42 61 1 39 63 26 37 50 53 20 39 85 20 22 26 56 99 2 1 97 52 38 27 36 39 85 93 5 57 31 25 34 46 85 1 52 63 54 84 75 6 84 55 99 70 76 45 37 57 2 92 38 67 27 13 13 73 53 9 36 46 68 60 98 65 44 38 64 93 71 49 85 20 27 99 22 37 64 47 96 2 58 87 85 37 35 2 98 67 23 94 90 82 11 80 65 81 21 24 52 75 72 86 27 4 13 42 63 58 41 23 83 13 60 65 4 30 54 79 32 5 43 87 72 4 81 57 57 91 3 92 68 16 58 60 13 20 79 44 47 25 40 64 72 87 22 28 33 48 30 94 70 21 72 73 77 55 25 66 19 95 18 63 69 13 34 31 54 6 99 78 53 11 86 13 95 79 90 14 38 32 84 86 54 60 2 21 69 74 54 5 8 62 77 38 58 31 74 1 32 78 6 63 66 39 21 69 11 92 40 24 96 82 56 86 3 1 80 78 14 47 34 54 19 60 5 66 68 73 32 43 16 80 54 91 94 14 3 78 35 85 100 74 31 63 49 21 70 19 12 29 40 8 39 50 92 23 93 41 9 52 47 88 19 10 98 7 74 6 2 59 14 19 59 45 1 79 64 49 66 81 6 87 64 73 65 12 94 12 72 44 99 14 88 83 80 48 8 7 9 59 65 17 31 59 6 80 87 23 74 82 33 55 51 12 46 14 26 10 90 48 31 53 96 72 35 32 81 85 91 31 82 54 78 98 43 71 27 57 58 71 23 15 62 22 40 20 10 75 30 40 8 85 29 62 97 19 91 41 74 82 6 64 76 89 88 8 100 88 54 81 2 52 69 97 100 22 54 74 69 44 72 98 39 40 14 99 44 91 67 66 38 74 36 44 78 93 1 40 64 88 16 29 20 98 90 27 87 61 12 63 85 10 8 43 89 71 48 9 38 38 65 76 97 52 15 77 29 93 43 11 88 28 93 40 96 94 72 70 16 38 54 44 61 65 99 9 11 31 98 25 86 94 87 21 92 8 84 ; 
L 6 69 47 -18 15 10 -13 -40 -50 -12 -39 -29 32 -33 -5 -14 -43 4 19 -63 -30 -9 50 20 -50 23 -22 -32 15 41 -26 13 6 30 28 6 -33 53 23 1 16 -27 -48 15 19 -37 13 -10 29 43 -80 36 -3 -1 -47 8 37 -35 39 10 -9 -42 5 34 8 -22 44 54 13 29 -7 21 34 8 -2 -4 15 32 16 -8 3 -22 29 33 23 -17 32 29 -22 48 38 6 22 70 17 -9 34 -43 20 -1 47 -31 77 -24 -50 -29 3 19 -46 -67 -20 -7 -4 -37 -33 -43 16 -37 -37 -16 5 -40 -2 22 15 -6 33 31 10 68 -13 -22 4 -78 -7 -23 -33 -19 -16 32 24 10 -44 12 -34 -1 -45 -28 -9 33 -23 28 47 -8 20 46 34 81 -27 -28 13 16 -3 38 -3 39 62 13 -5 85 19 39 21 4 -22 59 -46 -1 3 6 -15 17 -18 8 -66 44 -24 -72 2 32 -28 10 -19 -21 -39 28 -48 5 38 12 20 50 24 35 43 -34 -36 45 -30 -24 -74 36 8 -12 -1 -41 4 -17 42 45 -14 40 11 -15 -39 25 -46 76 18 49 2 -21 41 49 46 -14 -14 12 34 22 31 -14 -6 -6 -45 -32 -32 45 -31 13 58 -30 27 -50 -15 29 -36 24 1 -29 8 -60 3 -32 -36 -49 -11 -17 2 -50 -48 -37 52 75 -41 26 -39 -38 -11 33 46 11 37 -3 -16 79 -18 9 7 23 32 47 -49 48 -3 2 1 -8 -40 10 -14 6 39 55 22 -4 -7 3 43 26 16 -25 29 -12 30 -17 34 -43 -18 -83 3 -30 -50 8 29 -4 -12 -13 -27 -41 34 25 -41 36 47 26 45 43 -18 2 40 23 -8 19 44 12 -7 -11 -32 -3 84 -33 82 44 -32 30 -35 -29 -23 17 57 -24 -23 30 25 8 -40 65 17 47 -12 10 48 5 4 44 6 5 3 6 27 -20 -39 -30 28 -38 -7 -50 -46 -40 -50 50 -51 -15 31 -20 43 49 -45 -24 -10 28 -7 -64 37 11 -47 -14 56 47 -44 49 -31 31 -12 -45 -9 33 11 -45 -34 44 19 2 43 24 -36 -2 -29 40 2 43 -6 29 32 16 39 4 -35 -49 -73 16 39 -27 47 -71 8 7 -15 38 15 7 19 -6 6 -33 -7 61 40 -48 4 -1 5 -28 49 -46 -35 50 -48 34 34 -12 -36 39 26 35 -21 19 25 -18 44 14 -7 17 43 -8 22 33 46 -12 16 7 -50 -43 14 -18 15 -1 -24 32 ; 
20:78 4:12 34:136 31:123 29:115 16:64 29:113 16:62 34:136 8:32 28:112 5:17 16:62 37:145 40:160 30:120 10:40 9:35 34:136 26:100 18:68 30:120 34:134 19:73 26:102 16:60 16:60 4:16 24:94 26:104 7:27 13:49 15:59 32:128 35:139 10:36 30:118 5:17 35:139 2:8 21:81 5:19 19:73 6:22 11:41 4:16 36:144 31:123 5:17 22:84 2:6 32:124 40:158 3:9 22:86 17:65 33:131 36:142 2:4 3:9 38:150 32:128 10:36 39:155 4:16 38:148 2:6 4:12 21:83 22:86 18:68 18:72 23:91 23:91 33:129 2:6 29:115 11:43 2:8 13:51 26:104 5:19 8:30 28:112 9:33 20:78 26:100 13:49 55:217 34:136 14:56 28:112 35:137 22:88 24:94 15:57 19:73 28:108 24:96 40:156 26:104 18:70 35:139 40:156 14:54 16:64 1:1 38:148 32:124 24:92 2:4 15:57 30:118 16:60 27:105 27:107 37:145 18:70 40:158 6:22 16:64 16:62 32:126 49:193 34:136 20:76 4:12 21:81 4:12 16:64 24:96 29:115 38:150 39:153 2:6 16:64 61:241 22:86 33:129 36:140 4:12 40:160 36:140 24:96 2:8 16:62 27:105 26:100 9:33 12:44 14:52 20:76 12:48 38:150 28:112 9:33 29:115 13:49 15:59 1:1 27:105 8:30 38:152 8:28 26:100 22:88 13:51 5:17 38:152 18:70 23:89 29:115 16:60 13:51 34:134 25:97 21:83 22:86 24:96 1:3 9:33 28:110 15:57 24:96 8:32 1:3 34:132 12:48 13:51 17:65 24:92 26:100 17:67 6:20 2:6 11:43 35:137 29:115 30:120 10:40 29:113 16:64 26:100 26:102 27:105 10:38 6:20 28:110 34:136 30:118 31:121 16:62 30:118 2:4 31:121 28:112 40:158 22:88 35:139 35:137 9:33 39:155 16:62 20:78 36:142 15:57 1:1 13:51 40:160 26:102 6:22 11:43 40:158 9:35 15:59 26:102 19:75 20:80 33:129 4:14 28:108 42:168 6:22 25:97 13:49 22:86 37:145 38:150 3:11 2:6 37:147 6:22 16:60 24:92 13:49 30:118 2:4 32:124 10:36 17:67 22:86 28:112 3:11 38:150 2:4 67:265 29:115 18:70 28:110 26:104 20:76 4:12 35:137 26:100 15:57 14:52 35:139 29:115 26:102 11:41 19:75 18:70 32:126 8:32 6:20 12:44 20:76 25:97 23:89 11:41 9:35 8:32 34:136 16:62 8:32 22:84 20:80 15:59 11:41 31:123 7:25 12:46 8:32 20:78 24:96 31:123 25:97 10:38 22:84 16:60 16:62 16:62 30:116 28:110 18:68 10:38 25:99 26:102 3:9 16:60 11:43 11:41 40:156 8:28 36:140 19:75 21:83 4:14 40:160 10:38 16:64 37:147 5:17 28:110 23:91 30:118 17:65 38:150 39:155 25:99 12:46 34:136 4:12 16:60 6:24 22:86 16:62 26:102 30:116 26:104 11:41 24:92 12:48 40:156 23:91 1:3 37:147 16:60 27:107 11:43 22:84 14:52 12:44 1:3 21:81 6:22 8:30 33:129 26:100 38:150 20:78 34:136 24:92 1:3 13:49 6:20 38:148 29:113 21:83 39:155 57:227 18:72 7:25 7:27 29:115 15:57 4:12 16:62 20:80 37:147 10:36 38:148 16:60 20:80 14:54 6:20 15:59 17:67 30:116 28:108 27:105 2:8 24:96 28:108 39:155 22:86 15:59 14:56 29:113 2:4 12:48 30:120 4:16 8:32 16:64 9:35 25:99 6:24 10:36 32:128 23:91 11:43 29:113 18:68 40:156 32:124 22:86 33:131 13:49 44:174 33:129 14:52 38:148 2:8 23:91 13:49 10:40 14:54 20:76 9:35 17:67 34:134 40:158 33:129 13:51 32:126 32:124 29:115 39:153 22:84 13:49 23:89 16:64 25:97 26:104 40:158 12:48 35:139 8:28 40:158 15:59 36:142 25:99 38:150 6:22 5:17 40:156 29:115 11:41 6:20 32:128 32:124 6:22 12:46 34:136 14:54 46:184 14:56 1:3 40:156 27:107 10:36 38:150 36:144 33:131 5:17 32:128 26:104 33:129 9:33 8:30 2:8 14:52 36:142 34:132 22:86 35:139 42:166 10:38 37:147 26:104 ; 
L 39 -47 39 13 -24 -13 -23 -33 -21 -29 -26 39 11 -15 46 -22 48 -49 -38 28 4 24 -35 18 -45 45 2 17 3 22 -29 -23 18 3 36 -28 35 23 -17 1 -28 30 7 -8 -11 9 11 4 -41 -3 43 17 28 3 22 44 -4 37 -5 -48 41 -18 -4 -11 -15 -19 27 2 35 -3 33 1 -33 19 50 28 50 33 35 42 -40 20 41 -25 22 45 -7 -35 38 -48 13 -9 -35 48 17 2 38 -40 -44 35 -50 8 26 -32 40 -23 50 49 17 35 10 -25 24 11 -25 45 -14 33 -48 -24 15 -11 -17 4 37 20 32 -18 3 -5 39 -43 -16 -43 -12 -20 49 -12 21 24 19 -13 -6 30 42 -19 -28 -18 20 2 -50 -10 38 -27 -20 3 -1 8 14 -39 40 -44 15 -21 -31 48 18 -19 -41 42 50 24 -27 -5 -32 48 -14 49 1 -50 19 3 11 -3 -18 43 25 -43 -25 -9 -31 -50 -31 -22 34 42 -21 5 -37 14 -25 -37 -49 -26 28 8 15 -39 33 48 -14 24 37 -15 5 -43 31 -9 -47 20 8 43 22 -23 18 42 -30 44 10 38 -16 36 -3 26 2 44 23 49 46 -24 43 -13 31 19 -6 -24 42 49 -13 2 29 1 -4 -16 21 -46 -19 -46 34 -3 23 -32 -4 28 50 24 38 -2 -20 -32 40 -30 38 29 -24 -48 -48 -22 -49 -37 -7 -8 37 44 48 3 50 -40 30 -45 2 20 12 -27 31 39 -6 31 8 34 -17 -4 43 49 31 -20 30 -31 -22 43 1 26 -48 30 47 -28 -29 -48 49 32 -12 39 -9 -43 35 -47 -12 33 26 -16 32 -26 -44 -8 -40 -8 -26 2 -18 -43 47 -3 1 11 47 40 5 43 -3 -12 21 -45 -31 -34 -27 -20 18 -41 -27 -36 6 -38 22 -3 34 -18 -13 41 20 35 -12 30 -24 24 19 35 24 45 -14 -35 -28 33 -16 -20 -8 -6 -8 5 -38 -42 9 9 21 43 -30 18 50 -38 28 30 3 7 20 1 35 -5 42 -41 -10 -35 -14 -8 -18 35 -27 -3 4 -45 -36 29 5 22 5 -1 -5 10 25 11 -21 13 16 -15 28 22 35 -41 15 8 19 -25 25 -42 23 -14 -39 -10 -26 -34 17 -43 -16 17 -27 -42 15 -44 -8 12 37 -32 42 -2 -21 -21 46 48 25 -30 -43 -1 36 2 -23 -7 12 -27 -11 -17 -7 -12 -32 11 41 -11 -39 -37 25 23 -16 32 -4 -49 -29 -19 -26 -19 -47 42 2 -2 ; 
99 88 62 86 81 68 25 43 79 75 16 70 43 17 14 6 52 48 70 64 64 58 2 88 66 33 7 32 31 70 57 93 66 26 78 40 48 72 22 37 99 41 13 65 58 97 62 74 26 10 95 6 93 51 46 23 30 43 19 31 76 49 89 30 14 32 53 91 63 82 28 7 84 54 91 14 85 43 64 91 66 10 7 46 90 65 7 6 84 59 5 100 1 65 22 8 14 22 11 88 77 61 31 17 90 13 63 6 79 11 44 44 97 20 26 75 95 97 86 51 60 18 11 61 84 66 2 16 36 32 34 7 54 29 80 18 96 22 42 65 98 6 63 14 49 35 56 84 85 63 20 13 63 43 47 81 23 82 70 97 73 50 57 24 83 45 86 19 89 5 86 91 14 50 13 34 29 41 3 24 86 91 15 50 70 75 30 86 71 99 60 74 75 100 36 51 69 95 5 13 20 84 32 12 93 28 48 57 30 47 32 54 28 29 84 13 92 7 92 16 70 61 94 86 71 57 69 50 41 79 52 8 76 92 81 30 19 67 81 24 34 65 50 43 9 21 42 35 86 37 53 41 39 59 61 2 52 34 1 100 4 92 38 39 17 39 8 47 10 78 26 61 14 81 79 79 73 37 94 58 25 63 59 11 94 85 46 1 93 33 12 43 39 32 6 79 67 88 14 66 31 33 41 87 51 28 10 88 9 79 39 30 62 19 75 55 72 37 75 73 92 89 35 96 39 78 53 32 51 12 43 71 45 9 83 91 97 20 73 71 62 13 57 70 56 88 58 53 2 27 46 43 4 30 7 75 48 23 69 88 30 57 30 26 56 37 59 19 64 45 69 55 21 29 35 13 22 26 48 26 88 100 51 31 16 82 98 81 74 91 62 54 20 14 45 19 48 80 59 6 30 68 40 25 20 91 68 71 31 32 95 49 42 51 59 53 63 94 31 4 64 79 65 17 80 94 8 62 35 74 61 16 80 10 36 74 88 17 52 56 91 78 13 31 6 42 65 19 3 55 98 61 93 93 99 3 33 36 77 54 80 79 9 53 59 5 34 22 53 66 76 46 77 86 29 70 73 49 29 85 65 56 97 89 38 62 9 86 9 66 24 6 65 44 84 29 71 34 99 27 83 ; 
L 39 -47 39 13 -24 -13 -23 -33 -21 -26 39 11 35 -24 -4 -28 -35 -17 -49 -50 23 -40 32 15 35 -17 34 29 5 22 5 -1 -3 34 28 -3 61 43 17 28 -30 18 50 -38 28 -7 -30 30 -25 38 19 -56 -43 -21 -9 -9 42 38 -5 -80 8 6 8 4 18 -41 48 5 -37 4 -44 -22 -3 35 14 -75 -45 -24 -35 25 -42 23 -14 -39 -26 23 -17 1 -28 -30 48 -1 -43 22 -30 20 -59 -49 -43 4 17 -34 -8 -31 12 -11 -17 -7 -32 11 -20 -37 -4 17 11 -15 24 -81 48 -33 14 -45 25 -11 -24 25 -10 38 2 29 -4 -16 21 -46 -19 -46 -31 -22 34 44 26 -32 -24 -24 -50 -42 41 19 -18 -48 31 41 -16 17 -27 -42 32 29 49 -41 13 18 15 -16 -13 -2 -36 1 43 47 -29 -48 49 32 -12 39 -9 55 -43 35 -30 40 42 -21 5 14 -25 -37 -49 -26 34 -3 23 -32 28 50 24 53 15 -44 -8 37 -32 42 33 35 42 -40 20 -26 -19 -47 51 41 -25 22 45 -7 -35 38 13 -9 -35 48 17 2 38 -40 -44 35 -50 8 38 -2 -26 -66 -50 -28 -15 46 31 78 19 84 -6 18 8 14 35 10 41 -2 62 -4 20 35 -12 85 30 3 -68 -47 -2 26 57 2 20 12 -27 31 39 5 27 -22 38 -6 36 27 41 -18 20 -74 27 34 31 -20 -32 65 40 -30 38 -14 49 72 1 -50 82 19 3 71 11 -18 43 25 -43 -25 -31 41 -11 -39 -28 -16 -20 -63 -58 32 -6 7 23 21 -11 -25 -10 5 69 42 -28 -18 20 2 -50 -10 38 -27 3 -1 8 -39 40 -44 15 13 -49 19 -42 -30 6 13 -19 -24 -21 -49 20 12 43 16 43 -39 5 -60 -24 -48 -48 64 -22 70 -49 -7 -8 37 44 48 50 -8 -40 -8 30 3 7 20 1 35 42 44 10 -48 -21 -21 46 42 45 -47 -12 33 26 -16 35 -27 -3 4 83 -45 -36 -35 28 -36 -3 -18 23 29 -22 -17 -2 32 -18 3 -29 -77 -8 -11 9 11 4 -41 -15 -19 27 2 35 -3 33 -13 -22 48 -49 -21 45 -21 12 3 -73 -43 -5 -47 -11 -52 -1 -24 24 -23 43 22 -23 54 18 42 1 -33 19 50 18 45 28 8 15 -39 33 48 -14 -2 24 37 -15 5 67 -43 31 16 -23 37 -19 49 46 -24 43 -30 -47 20 8 -44 -26 11 3 -36 16 -22 -76 2 -2 79 ; 
40:158 36:140 25:99 35:137 33:129 28:108 10:40 18:68 32:126 35:137 28:112 18:68 21:83 1:3 24:92 26:102 20:78 5:17 32:126 3:9 26:100 6:20 36:144 7:25 8:30 16:60 2:4 10:36 26:102 32:126 26:104 7:27 34:136 23:89 40:158 7:27 14:54 28:108 3:9 38:148 22:86 8:30 20:76 32:128 24:94 13:49 6:20 6:24 9:35 42:168 34:134 11:43 40:158 6:22 8:32 22:86 25:99 37:145 30:118 30:120 3:9 40:156 33:131 6:22 36:142 20:78 31:121 13:49 8:30 18:68 12:48 10:36 19:73 43:169 11:41 27:105 34:136 11:41 9:35 5:17 32:124 6:20 13:49 3:9 41:163 17:67 9:35 15:59 40:158 20:76 8:30 12:48 16:62 32:126 29:113 4:16 31:121 10:36 35:139 17:65 14:52 13:49 27:105 6:22 12:44 31:121 20:78 12:46 12:44 23:89 50:200 27:105 34:134 25:97 5:17 8:28 24:96 30:120 18:72 35:137 39:155 38:152 30:120 11:41 8:32 39:155 18:70 24:94 21:81 22:84 12:44 24:94 25:97 1:3 21:83 14:54 54:216 40:160 15:57 4:14 18:72 29:113 19:73 20:76 37:145 35:137 2:8 36:142 8:30 35:137 18:72 64:254 16:62 25:97 38:148 38:148 52:208 10:38 26:104 28:112 8:30 24:94 8:28 7:25 25:97 36:142 19:73 31:121 27:105 43:169 25:99 15:59 30:120 30:116 37:147 36:142 14:56 27:107 13:49 16:62 11:43 38:148 18:68 28:110 38:152 6:24 8:32 34:134 13:51 5:19 3:9 40:160 2:6 37:147 16:62 7:27 16:62 20:76 12:44 2:4 14:52 33:131 22:86 32:128 20:76 26:102 37:145 27:105 4:16 5:17 12:46 29:113 6:20 4:12 19:73 36:144 26:104 3:11 3:9 34:134 6:24 40:160 1:1 26:104 9:35 4:12 6:22 9:35 5:17 36:140 31:123 25:97 3:9 19:75 3:9 32:126 12:44 34:136 4:16 6:22 9:35 9:33 28:108 13:49 25:97 16:62 17:67 20:78 38:152 13:51 13:49 24:96 40:160 12:46 0:0 18:72 28:110 38:152 2:8 5:19 16:64 24:92 30:116 8:32 23:91 33:131 18:68 16:62 13:51 3:9 32:126 18:70 20:80 5:17 12:48 23:91 12:48 36:140 28:110 10:36 20:76 16:64 26:102 3:11 12:48 3:11 32:124 19:75 30:116 25:97 6:22 13:49 17:65 9:35 18:70 10:38 27:105 19:73 37:145 19:73 22:86 4:14 30:120 12:48 35:137 29:113 30:120 19:75 36:142 16:60 20:80 25:97 13:49 6:24 12:46 17:67 15:57 36:142 35:137 25:99 14:56 25:99 4:12 38:150 11:43 6:22 24:96 34:134 34:136 26:100 8:32 6:20 26:100 18:68 1:1 10:36 33:131 46:184 30:116 20:80 23:91 8:28 35:137 13:49 14:56 20:78 6:22 26:100 3:9 40:156 26:104 22:84 39:153 8:28 32:128 12:46 22:86 3:11 14:54 24:92 10:36 32:126 30:116 19:73 16:64 27:107 15:57 7:25 26:100 24:94 5:17 38:150 43:171 4:14 34:132 37:145 65:259 12:48 28:108 16:64 10:40 8:32 58:230 46:184 17:65 4:12 8:28 22:84 24:94 11:41 18:68 34:134 22:84 13:51 21:81 5:19 12:48 24:94 22:84 26:100 9:33 35:137 13:49 12:48 20:76 16:64 32:124 11:41 27:105 38:148 23:91 17:65 13:51 1:1 7:25 15:57 24:92 14:56 16:60 24:92 39:155 25:99 30:118 11:41 13:49 13:51 22:84 37:145 26:100 33:131 12:44 4:12 14:54 21:83 20:76 25:99 6:22 18:68 19:73 11:43 32:128 33:131 22:84 6:20 23:89 36:142 30:118 27:105 12:46 20:78 1:1 38:150 35:137 17:65 21:83 23:91 3:11 34:134 22:86 37:145 23:91 1:3 9:35 12:44 20:76 23:91 12:48 19:75 13:51 14:56 34:132 12:44 12:46 34:134 34:132 36:140 37:147 26:104 4:14 32:126 12:46 22:84 33:129 10:38 14:54 51:201 12:44 7:25 28:112 32:126 19:75 26:100 41:161 31:121 4:12 14:54 27:107 57:227 11:43 27:107 35:137 ; 
L 21 10 19 13 3 -41 16 36 -3 -28 13 -47 -33 -2 4 41 -36 33 6 11 -34 49 38 23 13 -5 16 -12 35 -9 -42 24 38 -32 5 5 36 2 29 22 16 -46 9 -32 40 -41 -50 15 19 -20 -32 -43 44 -32 -31 19 -42 49 9 19 13 36 -6 39 44 -33 -26 42 -7 38 35 38 -18 -28 8 50 49 -29 -14 -45 -18 10 10 -15 -15 -24 -24 -7 50 37 -16 20 -15 -41 20 33 -2 35 -15 -14 36 -34 -20 46 -34 -22 17 38 -16 9 26 -6 -21 -5 26 41 4 21 -49 -34 -35 3 -47 32 -19 -13 -45 45 16 38 21 -26 32 -43 20 13 -30 22 50 28 19 4 11 -4 13 -14 19 -34 16 -40 15 41 -33 32 -4 2 -22 33 45 -12 -27 -18 32 42 31 -6 -39 -19 -27 13 18 -20 27 1 36 2 3 27 -20 -24 38 -19 -42 30 8 46 14 31 -42 -21 42 -2 1 32 -41 19 15 46 2 -12 -35 -2 35 -34 13 48 -45 -9 32 -33 -50 49 17 46 42 50 26 26 -9 -50 22 34 -12 50 -11 10 -41 15 9 10 -42 -31 -13 29 12 10 36 25 -47 -27 36 -48 -1 -3 16 -26 -38 38 35 9 -39 24 49 -6 -36 -20 26 41 -23 -42 38 -42 47 -5 30 7 -11 -16 40 50 4 -41 7 -7 5 -1 -40 -24 5 37 22 4 -12 42 -50 19 -48 13 21 22 26 7 -10 -41 -36 -26 2 -16 41 24 1 33 -37 47 22 15 50 17 -16 -12 -40 21 14 41 39 11 -37 46 -33 40 -40 43 -18 -41 49 26 40 -49 -41 30 -17 12 -47 -46 23 37 -28 -21 30 -30 -20 -30 -27 -35 -38 27 -13 -40 49 41 46 30 39 42 -18 -4 15 -27 -43 -10 37 2 35 -43 6 10 -34 22 -35 8 -14 -23 27 39 7 15 -35 36 15 10 38 -34 37 15 -25 15 -41 -2 15 41 4 44 -2 -49 47 -28 42 -44 10 -30 -36 49 38 35 39 -30 13 -33 47 16 9 44 24 40 -19 28 20 1 -9 24 -37 16 -7 31 -42 34 -45 -31 -42 -18 21 33 13 -42 25 -19 44 50 2 25 27 -7 -9 5 38 -48 12 -44 6 43 24 21 17 -34 43 35 7 39 -34 20 50 24 -12 -31 38 19 18 35 -23 3 38 24 -8 1 -45 26 -3 -20 -9 48 -32 -8 26 -11 42 -14 40 -49 -29 46 -29 10 -45 -4 -44 -12 35 17 22 -1 ; 
63 61 51 5 4 45 77 51 76 87 61 36 54 73 22 86 39 57 11 79 53 100 57 54 49 29 8 72 43 27 75 99 24 19 96 90 56 71 59 71 99 98 88 22 19 1 25 27 19 70 35 66 46 46 78 38 43 70 80 92 27 34 45 87 8 8 90 50 69 57 65 47 20 89 94 27 58 51 8 27 54 70 53 58 94 89 81 35 60 76 7 44 27 86 87 66 11 18 42 3 48 17 83 87 66 31 96 53 37 33 96 36 71 99 25 34 46 1 8 79 89 57 12 25 96 52 53 95 93 32 57 84 3 60 89 86 52 36 91 76 97 54 56 97 81 33 22 54 39 69 32 47 16 77 26 49 4 34 76 65 98 10 10 71 7 46 36 74 18 22 52 83 30 29 37 75 44 42 26 93 40 5 30 53 99 17 33 60 51 83 41 97 6 25 7 64 41 33 85 86 59 86 28 67 17 44 50 79 46 17 79 68 95 67 69 28 36 10 88 45 23 55 94 22 98 57 21 94 36 82 99 54 13 51 2 71 45 90 26 62 28 76 98 41 69 25 2 62 10 37 76 61 77 78 71 40 60 89 83 32 94 16 75 11 14 78 51 100 81 26 96 3 90 100 62 34 12 58 61 17 85 48 59 16 14 81 11 21 19 80 97 97 84 34 63 59 70 66 73 33 36 56 40 65 50 90 65 95 55 56 71 95 67 54 23 79 84 3 10 30 46 65 54 69 8 40 86 46 79 42 91 63 10 89 100 17 42 8 73 48 9 73 57 77 60 73 6 77 61 18 73 28 54 67 45 49 36 76 3 91 77 28 50 45 36 42 92 96 78 98 36 70 28 54 34 88 25 10 93 6 71 70 57 63 95 92 4 60 2 64 86 63 78 94 78 5 63 83 100 4 61 40 45 15 15 16 55 34 3 26 16 16 97 29 13 1 56 69 13 97 2 1 63 46 58 6 36 87 61 59 18 33 2 70 69 56 100 20 37 24 73 60 66 70 18 66 92 93 47 90 70 44 10 72 57 43 83 62 67 88 70 51 61 66 23 2 8 13 28 38 52 81 46 12 20 3 97 62 48 16 49 86 31 28 21 68 17 9 87 24 8 70 85 91 21 79 66 28 91 42 69 ; 
L 65 21 10 19 13 -41 16 36 -3 -28 13 -47 -33 -2 4 41 -36 33 6 11 -34 -9 37 22 4 16 35 44 -34 -22 50 -31 -42 -32 18 27 12 -45 -33 -28 19 -40 -24 -44 -9 -16 33 -13 -21 -13 48 22 -2 4 -32 33 50 24 -12 -49 71 -41 30 -17 -47 -46 23 37 -28 -12 -56 -21 30 -30 -20 -30 -27 57 -35 -38 27 -13 -40 49 16 -7 31 -42 32 -19 -13 42 41 15 -20 -9 32 -33 17 -42 47 -5 -68 -42 25 9 19 13 36 39 44 59 -33 -26 42 -7 38 35 38 -18 -28 8 49 -29 -14 -45 10 37 -24 -36 -15 -7 -78 -39 -27 23 -8 35 -50 -40 -7 -30 54 84 -31 -13 29 36 25 -47 -27 -42 -18 21 33 13 -51 -15 40 -16 -49 -43 22 26 7 -10 -41 -36 -26 42 -18 -4 15 -27 81 -23 -42 38 46 42 50 26 66 26 73 -16 45 -48 -10 -6 43 -35 12 -2 -46 -15 -19 -7 50 37 -16 41 24 1 33 -37 22 -5 9 7 -27 -25 34 -62 -38 -10 -64 -39 -30 -46 -41 -24 -43 44 -77 -41 3 20 33 -2 35 -15 -14 36 -34 46 -34 17 38 -16 79 9 26 -6 -21 -26 8 32 -48 9 20 3 36 -48 -1 45 16 38 -26 70 32 -43 20 13 19 41 -26 -17 -2 10 43 34 -45 -31 -20 34 -39 -7 19 20 1 -9 2 49 38 23 41 -10 11 12 4 -10 -46 29 -40 -12 14 -42 -31 -14 -46 -8 -30 42 19 -69 -38 24 -76 20 -27 -3 -2 -36 -1 -53 -27 20 -18 -13 27 19 39 21 17 -34 43 35 -40 33 -46 37 -11 -39 -41 -14 -21 40 12 -17 -50 -15 -19 31 32 -44 43 32 20 -74 -19 -15 50 41 -40 32 -9 46 -22 -29 -2 -36 -5 -5 32 -24 -58 42 9 -35 -85 12 -16 5 -13 -49 39 -9 -1 8 -72 -24 -38 -3 23 -35 -55 -18 -67 -19 -38 31 -60 -40 -26 -49 41 42 2 41 -15 -82 -80 25 -15 -52 32 -12 -75 48 -38 -2 -50 -44 19 34 -10 -9 -6 -36 -37 15 61 41 4 44 -2 -49 47 -42 21 42 11 26 41 4 -41 -7 -1 -40 -24 5 -6 10 -15 -15 -24 -24 16 -26 -38 38 35 26 41 47 -3 35 34 49 -21 -4 -22 34 -83 -13 34 -35 -63 2 35 30 -39 -35 -38 -49 36 30 -10 44 -42 28 22 50 28 19 4 11 -4 13 -14 -2 1 -20 -45 50 -42 12 22 -1 ; 
14:52 15:59 25:97 21:81 2:8 14:52 31:123 21:81 31:121 35:139 25:97 15:57 22:86 30:116 9:35 35:137 16:62 23:91 5:17 32:126 22:84 53:209 20:78 34:136 20:76 8:32 36:142 18:68 34:136 22:88 10:36 20:80 3:11 29:113 4:16 4:16 40:156 26:104 31:121 22:84 1:1 6:20 12:46 39:155 7:25 7:25 9:33 14:54 9:33 8:30 9:33 9:33 2:6 20:78 11:41 31:123 16:62 21:81 25:97 17:67 14:52 22:86 17:67 37:145 3:9 36:142 40:160 7:27 17:67 16:60 53:211 19:73 30:116 20:76 4:14 30:116 23:91 12:44 26:104 24:96 30:116 3:9 31:123 25:97 8:32 26:100 19:73 24:92 8:30 39:153 21:83 13:51 9:33 35:137 11:43 26:102 19:73 7:27 58:230 18:68 30:120 5:17 17:67 10:36 28:110 38:148 37:147 11:43 14:54 30:120 4:12 36:142 35:139 36:144 20:80 28:110 23:91 26:104 19:75 8:32 36:142 38:150 30:118 21:81 4:12 11:43 12:46 11:43 1:3 49:195 4:16 36:140 14:54 5:17 22:86 12:44 16:62 40:156 34:134 11:41 34:136 32:124 25:99 30:120 16:60 6:20 21:81 24:96 36:144 11:41 25:99 18:70 24:94 8:28 14:52 1:3 39:155 4:14 13:51 28:110 17:67 12:46 50:200 39:155 39:155 34:134 14:54 26:100 24:94 49:193 18:72 20:78 15:57 31:121 17:65 16:64 13:51 38:150 16:64 28:110 12:44 15:57 38:148 8:32 23:91 3:9 24:94 20:80 14:54 17:67 15:57 18:72 27:105 35:137 34:136 14:52 17:65 14:56 24:96 31:121 20:76 30:116 14:52 15:57 23:89 16:64 2:4 42:168 28:112 27:105 24:96 30:116 10:38 31:121 8:28 29:113 6:24 29:115 22:86 12:44 30:116 16:60 28:112 31:123 39:153 5:19 22:88 45:177 27:105 5:17 8:28 17:67 2:4 20:76 7:27 41:161 27:105 24:92 22:84 15:59 10:40 34:132 39:153 15:57 29:113 30:118 13:49 35:137 20:78 7:25 20:76 25:99 14:52 31:121 40:156 38:152 38:148 13:51 44:176 18:68 10:36 24:96 36:142 35:137 19:73 40:158 24:92 5:19 11:41 12:46 37:145 4:16 15:57 35:139 40:156 36:140 27:107 25:99 32:126 11:43 28:110 6:20 9:33 22:88 23:91 22:86 14:56 9:33 23:91 33:129 12:48 14:52 2:6 10:38 38:150 33:129 20:78 28:108 20:80 24:96 14:52 7:27 40:158 22:84 12:48 33:129 27:105 16:64 32:126 34:132 11:41 17:67 18:70 30:120 15:59 36:144 18:70 12:48 34:132 21:83 9:35 8:28 30:118 11:41 4:16 29:115 23:91 18:68 20:78 12:48 4:16 2:4 34:134 32:126 10:36 22:86 27:107 38:152 29:113 23:91 38:152 26:104 17:67 16:60 32:124 19:73 19:73 27:105 14:56 30:118 24:94 8:30 11:43 10:40 1:1 8:30 9:35 36:140 44:174 29:113 24:94 29:113 23:89 36:144 39:153 2:4 8:28 33:129 30:120 11:43 14:56 4:16 29:115 4:12 12:46 14:54 52:206 31:121 11:43 5:19 3:11 33:131 33:129 21:83 16:60 12:44 11:43 2:6 29:113 17:67 1:3 10:36 20:78 29:113 35:137 16:64 4:12 29:115 8:30 24:96 2:6 34:134 27:105 15:59 38:152 28:112 3:9 9:35 36:144 2:4 27:105 5:19 15:59 8:32 40:160 16:64 23:91 33:131 33:129 29:113 25:97 13:51 25:97 35:139 35:137 26:100 32:124 38:150 32:124 12:44 17:65 34:132 9:35 30:120 14:54 34:136 2:4 57:225 38:148 5:19 24:92 25:97 4:14 17:65 24:92 38:150 36:142 33:129 32:124 10:40 1:3 25:99 4:16 24:92 36:142 13:49 5:19 23:91 36:142 32:126 4:12 1:1 21:81 39:153 60:240 0:0 7:27 27:107 22:86 12:46 35:137 46:180 7:25 6:24 6:24 18:72 16:64 25:97 2:6 40:160 34:132 26:100 33:129 37:145 31:121 39:155 22:86 23:89 39:155 33:129 14:52 12:48 3:9 14:56 13:51 20:78 6:22 7:25 18:68 17:67 28:110 ; 
L 16 -33 6 -12 13 -2 -4 -9 11 25 -10 -10 -45 22 47 -7 14 -32 45 -12 28 -26 -46 23 26 -6 24 -20 45 -17 -46 -40 29 3 48 9 -30 -5 27 19 24 -3 23 11 43 22 30 -12 -10 49 -45 32 -3 -36 -6 11 -12 43 40 7 29 -32 -9 -18 -39 -27 -14 48 18 -46 -29 -15 29 42 -35 -20 -34 1 -10 -44 35 -35 -15 12 -19 10 -17 -37 39 37 -14 11 -6 -14 -49 -7 -30 8 -6 33 -13 -9 -46 27 -42 42 -20 -15 14 1 23 -48 -38 -23 -19 10 -28 21 -46 -5 -33 -16 11 -33 47 -47 -36 -7 -45 -29 -18 -30 46 -27 -41 40 9 -16 41 -39 12 -48 19 40 9 47 -5 19 -45 16 25 30 -12 -37 -20 -41 38 5 33 17 45 -4 -42 -27 48 -16 27 14 13 -17 33 40 -20 -10 6 25 -49 3 37 -31 -35 -27 47 34 -3 46 30 6 31 30 8 -37 -34 -32 -19 -30 47 7 28 2 6 49 21 -38 31 23 2 -18 50 -50 34 14 19 34 -2 25 27 10 -12 16 -32 -28 18 17 8 21 22 -14 13 -34 33 -50 -25 14 -17 17 -37 -38 -44 -26 -23 -18 3 -37 18 -20 -35 -26 -29 49 50 -21 37 -49 -40 38 -11 -48 43 49 8 -13 -42 29 -4 -30 -27 10 34 -41 43 2 27 -44 5 46 -49 6 -27 24 -46 5 -12 35 -20 -17 6 22 36 41 19 1 41 -41 -36 37 -43 -37 35 42 37 -39 24 -49 -13 -50 -31 -50 17 49 -46 -17 -9 34 36 -6 -48 -49 1 -41 26 -25 -14 11 -22 23 -29 13 -22 25 -39 -45 12 31 -17 -42 -44 47 -43 -42 -22 -6 -6 28 7 -47 -7 29 -12 -23 27 18 4 -30 11 -47 29 14 -29 42 19 26 18 -6 26 30 2 -18 -15 -31 -16 -37 -37 50 44 29 -11 7 11 30 -22 16 2 -9 -3 -6 28 21 -28 -42 19 4 -4 36 9 19 -12 9 7 46 44 -24 -19 -34 -18 30 10 -16 -34 14 -1 -45 11 49 -49 30 12 -9 -44 28 24 -11 7 2 -33 41 9 -44 25 47 15 34 41 44 21 -27 25 -5 29 -20 6 49 -47 -8 40 -27 49 -14 -25 -49 -35 1 -15 15 -50 -9 -42 40 36 29 -14 -20 13 -27 -48 -6 4 -13 -31 17 39 11 -46 42 27 47 9 -19 7 -22 14 -16 -8 -1 -37 12 -16 4 11 -44 -50 39 -20 -26 -10 -42 -15 50 11 6 ; 
42 44 5 42 98 47 22 58 56 97 35 39 50 45 84 47 78 56 86 27 26 39 92 96 10 1 92 70 51 84 34 87 14 61 36 58 83 32 73 42 69 79 99 3 77 22 92 35 72 10 11 44 85 22 4 82 71 75 72 65 89 79 48 14 26 94 3 76 32 30 57 71 56 81 2 86 100 68 11 7 6 3 51 98 73 35 75 64 53 44 61 25 9 11 55 14 8 54 29 99 73 78 51 74 57 84 89 34 9 25 11 62 4 64 37 66 6 80 82 92 70 37 69 35 45 51 16 7 98 84 3 67 28 3 90 9 48 61 67 91 12 37 53 21 31 27 78 100 57 48 82 43 43 43 55 69 33 34 20 39 36 63 97 2 77 2 12 47 96 1 12 36 16 85 93 53 36 91 30 59 78 4 1 13 48 70 88 82 59 97 60 79 13 15 47 77 36 80 32 14 28 65 7 78 64 25 22 99 8 30 30 91 70 67 21 20 5 6 61 21 50 31 39 69 34 81 24 67 52 64 77 10 11 44 35 15 72 76 24 36 58 47 90 78 83 67 65 55 81 73 76 65 57 67 48 72 62 98 62 71 81 8 83 79 57 7 94 14 11 5 49 7 11 5 8 84 31 23 29 19 76 24 100 84 99 17 26 39 48 59 97 72 17 78 79 65 90 63 32 69 73 28 14 45 29 2 31 21 25 80 79 26 89 68 100 82 50 64 12 33 70 30 66 4 70 36 71 44 58 20 67 94 57 97 33 94 49 84 100 90 27 11 82 41 2 87 19 82 32 31 46 30 43 89 59 10 17 92 3 5 10 5 35 47 57 78 17 23 47 58 9 35 62 51 5 19 30 44 66 40 96 98 84 21 72 69 38 81 10 35 85 32 16 71 72 100 2 87 47 37 22 81 66 28 55 63 18 63 24 55 3 100 46 84 97 35 29 66 55 99 7 36 7 11 20 65 1 64 23 26 81 28 56 79 93 59 30 40 96 48 76 97 56 36 79 48 81 62 95 87 16 80 57 12 71 80 40 2 56 30 93 9 37 53 22 47 35 16 45 100 83 74 5 37 14 95 80 23 56 41 45 73 44 99 75 53 9 24 75 20 40 6 41 48 61 20 22 10 74 15 72 ; 
L 56 -33 6 55 -12 13 -2 -4 -9 11 25 -10 -10 -45 44 -43 27 6 6 -39 -50 37 16 31 15 18 -2 -30 -26 6 -18 -26 19 40 9 47 -5 29 -4 74 -30 -46 5 -27 10 34 -41 -50 14 13 -17 69 33 40 2 -33 41 9 35 9 50 -15 15 -1 35 49 14 -61 36 29 -14 77 -27 67 -48 -6 4 -13 -31 23 11 43 22 30 -12 47 -47 -51 33 -11 16 -9 -46 27 -42 42 -5 78 29 -20 6 19 4 -30 -76 3 -24 12 19 -34 29 -11 7 11 30 -22 16 2 -9 -3 -6 28 84 21 57 -28 -42 -5 -9 -40 41 25 -33 34 -13 14 -82 -21 -8 -17 -18 28 -34 -47 -44 25 47 15 34 41 44 -27 75 25 59 -15 14 1 23 -48 -38 -23 -19 10 -28 21 30 -9 -48 -3 -29 40 46 17 -45 20 -24 6 -26 -23 46 26 -28 12 -45 32 -14 7 -47 -22 17 20 -35 12 44 -27 -2 -43 48 11 -38 40 -85 -6 60 11 -12 80 -62 36 14 -37 -39 37 27 19 -23 22 -11 14 25 -26 -53 41 -1 49 48 6 40 7 -36 37 -43 10 -16 14 72 -7 -9 12 -29 13 -22 52 25 -39 27 -29 -81 7 47 -7 -28 42 17 -31 -12 45 16 -48 27 42 4 -73 -45 32 -29 -32 -19 6 22 36 41 19 1 -24 -28 44 9 -12 -30 49 -71 -49 -11 45 1 3 -32 45 -49 10 -30 47 7 24 -11 2 -34 -14 -34 -50 18 -2 -23 -31 38 48 -12 39 -41 16 17 -10 19 42 13 -8 -49 -24 70 -19 -34 83 -18 17 39 11 -46 42 27 58 47 9 -19 7 -22 14 -16 -8 -1 -37 12 -16 4 11 -50 30 8 -37 -45 16 30 -12 -20 -41 38 5 -49 3 37 -31 16 45 7 49 5 46 -49 6 -27 28 2 6 49 21 -64 -19 -42 29 -46 -17 -9 34 29 -18 -48 14 27 15 35 -35 -1 34 20 35 -42 -29 -14 25 3 -37 18 -20 -35 -26 -29 65 50 -21 37 -49 79 -15 17 -37 -38 -44 -26 -18 -12 -23 18 4 11 -47 42 29 14 -49 -17 50 31 50 13 -24 39 -37 -42 -35 37 10 26 20 -39 -7 -18 54 22 42 43 -47 44 10 -12 -42 40 -68 -31 -6 -30 -46 3 -33 29 -32 -9 11 41 -41 -25 -6 10 20 -49 27 -40 8 47 -49 -46 -33 13 -33 6 30 -66 7 -63 36 27 -46 30 18 -19 -9 -36 4 50 6 ; 
24:94 19:73 2:8 16:62 20:80 40:156 19:75 9:35 24:92 23:89 39:155 14:56 16:62 20:80 10:40 16:62 26:102 10:36 33:131 5:17 21:83 8:30 14:56 4:14 24:92 19:75 10:36 7:27 32:124 23:91 19:75 14:56 36:142 9:33 13:49 11:43 32:124 38:152 23:91 11:43 32:124 61:243 10:38 21:83 6:22 5:17 2:8 10:40 19:73 39:153 1:1 17:65 36:140 15:57 22:88 8:32 26:104 1:1 8:32 14:52 32:128 29:113 5:19 23:91 32:128 7:25 49:195 6:20 29:115 12:48 38:148 39:155 2:6 33:131 37:147 19:75 14:56 7:25 18:72 28:110 2:4 31:123 9:35 37:147 14:56 5:17 21:81 20:80 20:80 14:56 28:110 29:113 21:81 30:118 23:91 34:134 12:46 1:3 39:153 20:76 31:121 17:65 13:51 6:24 44:174 7:25 32:126 4:16 32:124 24:94 6:20 12:48 18:70 27:105 16:64 39:153 40:156 34:134 9:33 29:115 28:110 16:60 2:4 34:134 36:142 24:92 14:56 41:161 25:99 20:76 4:14 13:51 3:11 31:123 26:102 21:83 37:147 7:27 33:129 14:54 28:110 16:62 12:48 6:20 19:73 10:36 11:41 33:129 12:44 23:89 32:126 41:161 33:131 31:121 15:57 18:70 4:14 10:40 5:17 25:99 2:6 26:102 15:59 27:105 3:9 32:128 36:142 34:132 24:92 15:57 25:97 6:22 35:139 14:54 34:134 21:81 28:112 37:147 1:1 4:16 39:153 37:147 16:62 11:41 11:43 35:137 23:89 32:124 19:75 34:134 15:59 7:27 40:158 34:134 18:70 2:8 5:17 3:11 12:48 40:156 25:99 29:115 35:137 30:118 10:36 38:152 29:113 16:62 8:32 15:59 11:41 25:97 18:70 22:84 53:211 17:67 19:75 15:57 28:112 2:6 27:105 12:48 26:102 29:115 14:52 5:19 26:102 20:80 33:131 26:104 39:155 26:104 36:144 25:97 26:100 17:65 14:54 18:68 19:75 35:139 12:44 18:70 24:92 39:153 28:110 27:107 25:99 22:84 40:160 24:94 8:30 35:139 1:3 13:49 38:150 14:52 39:155 23:91 18:70 1:3 31:123 1:3 39:155 34:132 7:25 28:108 33:131 1:1 19:75 12:44 16:62 20:76 24:94 39:155 29:115 18:68 3:11 40:158 22:88 27:105 12:46 14:56 35:139 23:91 34:134 19:73 40:160 2:6 34:136 18:70 5:17 4:16 66:260 15:57 32:128 14:52 13:49 8:28 9:33 8:32 37:145 13:51 4:12 40:158 9:35 10:40 26:102 20:76 15:59 5:19 37:145 27:107 2:6 30:120 14:56 32:126 34:132 4:12 33:129 46:180 33:129 29:113 12:44 0:0 26:100 28:110 34:132 30:118 2:8 15:59 6:22 28:112 40:160 32:128 10:36 23:89 17:65 18:72 30:116 18:70 40:158 30:120 22:84 4:14 10:38 30:120 17:67 24:94 24:96 32:126 5:17 20:76 20:78 18:68 23:91 28:110 14:52 14:54 8:30 37:145 12:48 24:94 38:152 21:83 40:156 4:14 5:19 34:134 13:49 10:36 12:46 8:28 6:22 12:44 26:104 3:11 32:124 12:46 4:16 2:8 19:75 11:41 36:142 28:108 55:219 3:11 13:51 31:121 2:4 56:220 21:81 2:4 1:3 28:108 40:160 35:137 1:3 33:129 26:100 18:70 13:51 32:124 34:132 27:107 26:104 22:88 33:129 28:108 7:25 26:104 23:91 27:107 14:56 25:97 12:48 29:115 31:121 10:38 15:57 16:62 20:78 13:49 25:99 18:68 9:33 4:16 6:24 8:30 37:147 14:56 32:128 10:40 9:33 13:49 1:3 22:84 6:22 12:44 30:116 28:110 13:51 8:28 25:97 20:76 17:65 8:32 7:25 12:46 1:3 11:43 36:144 40:160 34:134 17:67 25:97 5:17 1:3 28:108 48:188 24:94 33:131 36:140 28:112 12:48 14:52 32:126 20:76 2:8 4:16 32:124 30:120 22:84 38:148 34:136 13:51 33:129 20:76 32:126 15:57 23:89 26:104 61:243 18:70 30:116 40:158 33:129 21:81 35:137 38:152 27:107 39:155 2:4 12:44 27:107 26:102 40:160 29:115 29:113 13:51 19:73 29:115 ; 
L -15 49 15 -22 43 -2 50 26 -20 -45 -23 27 -19 -2 -21 -39 41 18 6 11 -10 -12 15 48 -45 -29 -23 -11 16 -21 -41 3 1 36 -3 -27 -7 3 32 -14 43 -6 -40 43 20 38 6 -15 -21 -21 50 -48 39 29 -28 -39 -21 8 -2 -27 48 22 24 29 31 -13 11 -41 -30 33 -2 -19 -18 26 -10 49 27 38 -12 39 6 22 42 -11 -32 13 -49 -40 -27 14 42 -41 -5 -18 10 17 -40 24 -24 36 48 -15 -20 5 6 -40 42 -33 -35 -18 -47 -26 -42 36 33 -28 27 21 9 27 -10 -5 -21 36 -6 -22 10 38 24 39 48 -16 -40 26 -18 -42 -34 -4 -36 4 -25 1 49 7 8 -17 49 -8 45 1 -12 25 -20 -2 3 31 -11 46 20 19 -50 12 -40 50 22 -43 -13 4 24 -28 -46 39 -38 -12 -32 -7 -42 29 35 1 7 -17 12 21 -36 4 -24 48 -4 -13 29 -22 -33 -1 -28 -29 26 -5 -29 -6 39 -19 21 -48 -29 -32 -5 47 45 9 36 1 -22 25 -44 -39 30 -40 -27 44 -44 3 -28 -7 -39 -36 -33 -30 21 11 15 19 46 39 -20 13 -2 19 9 25 15 -33 42 -4 41 25 -42 49 -33 -44 -50 -22 -4 -25 -19 -22 -12 20 38 -45 5 -26 23 -46 44 49 -48 -4 -10 -24 35 -1 -43 -11 -33 29 -31 -19 -29 15 23 -33 11 -2 -10 -26 39 -43 -14 27 43 29 -44 -35 24 -48 11 -40 47 -17 43 -22 39 -16 -22 -23 -45 36 6 39 17 -22 -24 -28 -3 33 25 25 -29 49 34 -31 8 16 3 19 18 -43 34 4 16 -22 -28 -15 18 32 34 -8 12 -38 -8 28 20 -17 19 -24 -48 25 -19 -13 -42 -46 -27 18 -36 -37 32 -15 36 41 -18 9 17 -14 20 -18 8 38 -49 -50 4 -10 23 -35 -21 38 -24 50 -12 -6 33 -15 4 28 39 -43 -19 -45 21 15 38 -13 -47 44 38 -23 49 5 5 30 -34 10 18 -39 16 44 -44 -22 -50 14 -20 -47 -19 -23 -31 17 18 -10 6 -37 27 23 19 -32 29 11 6 9 -8 -9 -3 -5 44 37 -50 -11 -23 8 38 3 -42 16 -8 -31 -22 1 -47 1 -7 21 -18 -28 -41 -16 24 -15 20 -2 -49 40 18 -10 37 -24 -11 28 -44 29 -49 -10 -40 -17 -21 22 43 36 -40 -8 3 24 -40 -38 18 -28 35 48 28 46 20 45 42 47 14 -40 25 5 19 -17 -37 -43 ; 
30 53 80 12 15 94 79 81 94 30 71 20 98 36 2 1 36 43 81 22 97 94 26 52 84 60 51 54 29 87 47 7 37 89 28 86 54 12 94 33 100 58 14 74 50 46 39 95 51 28 13 83 34 98 70 71 53 4 22 4 13 58 87 64 49 22 55 21 87 1 52 89 96 68 75 40 41 72 89 2 66 68 57 27 60 42 14 19 38 35 55 41 35 21 90 71 16 13 36 10 81 27 8 93 41 94 9 59 9 8 21 96 42 68 98 76 29 15 32 33 35 41 85 74 75 53 40 35 13 79 21 61 62 9 30 72 7 74 78 61 16 71 94 29 74 82 6 84 93 85 24 2 59 40 73 1 47 97 14 2 29 11 5 36 20 17 82 36 12 56 58 85 5 3 10 4 35 15 50 13 7 47 22 78 18 21 1 77 38 35 90 88 23 81 43 32 14 5 66 2 14 1 65 65 97 24 88 4 50 37 37 73 61 61 4 93 88 79 99 14 89 1 95 56 8 9 5 11 31 6 84 76 86 92 90 79 62 93 51 70 55 14 83 39 89 17 14 84 1 36 19 40 95 26 58 34 35 80 30 69 69 63 35 61 91 26 100 46 33 65 46 83 100 53 50 32 15 54 65 32 90 60 86 49 50 9 56 56 18 20 67 74 43 22 76 62 47 71 17 8 55 38 31 37 89 81 6 100 10 22 78 61 58 82 96 95 56 52 53 8 94 78 77 83 2 60 9 48 60 4 24 55 45 28 19 54 57 34 94 73 67 43 20 58 56 88 51 5 48 42 79 83 27 5 93 37 13 89 61 88 99 21 7 16 29 25 61 84 16 72 72 71 15 8 29 39 97 31 34 66 18 41 96 1 93 92 6 100 90 36 60 8 84 38 55 30 57 90 27 12 78 6 7 9 36 26 82 8 45 15 60 42 96 88 87 59 69 47 62 43 8 64 4 92 80 14 5 89 57 89 68 86 64 9 97 37 95 10 7 69 81 14 37 92 52 96 14 29 22 99 41 68 80 32 57 1 59 19 70 75 76 50 98 10 65 90 59 83 94 72 49 12 58 87 46 97 50 97 65 29 45 56 64 89 12 89 40 23 99 82 67 20 68 71 24 27 18 70 90 92 65 ; 
L 71 -15 49 15 -22 43 -32 13 -49 -40 -27 14 42 -41 -5 -18 10 17 -1 47 22 72 14 -20 -47 -19 -23 -63 -5 40 -6 -5 -32 -7 -75 50 22 44 -44 -16 39 -18 -10 34 -30 -5 -5 20 15 -48 24 -24 40 -7 21 -18 -28 -41 -15 -2 -49 40 18 -10 37 -24 -11 28 -44 29 -49 -43 -14 27 43 29 37 -50 -11 -23 -42 -36 39 44 10 35 33 -52 30 -44 -35 21 -48 -29 -32 -5 42 18 -59 -26 40 -49 -1 -79 -4 36 4 34 48 -45 -29 -23 -11 16 -21 -41 3 1 36 29 19 31 -29 33 11 43 1 -35 24 28 -6 33 -25 -1 -36 -9 -45 -47 -15 12 -80 -15 4 54 28 39 -43 -36 -8 -19 -2 -21 -39 41 18 6 11 -18 -47 65 -26 -42 36 33 -28 27 21 27 -10 -5 -21 36 -6 -22 10 38 18 -9 -39 8 -27 48 10 4 48 34 -8 12 -38 -42 -3 85 -27 -19 10 -73 2 -11 33 -23 -15 29 35 1 7 -17 12 84 21 -36 4 -24 48 -4 -13 29 48 24 -70 17 -20 -28 8 78 47 14 68 -40 -57 -44 5 77 21 11 15 19 46 39 38 -24 50 -12 -48 17 18 -10 6 20 -25 -76 12 -1 -53 -45 8 -49 -8 -7 2 -60 -33 30 41 -66 -11 13 -29 11 -40 47 -17 43 -22 39 -16 -22 74 -23 42 -43 -22 21 17 -3 33 25 55 25 61 -29 49 32 -19 -23 -27 37 -2 3 31 -11 20 19 -50 12 -40 50 22 -23 49 50 26 -20 -45 -23 27 -31 -42 -45 -46 -13 20 -83 21 35 -23 10 -4 9 23 -6 -38 -20 -43 40 6 -43 -32 -32 -18 15 28 22 -16 -4 -34 43 -19 -3 -58 -16 -8 31 -34 11 6 9 -22 -33 -1 -28 -29 -5 -29 25 -13 -42 62 -46 18 8 3 -28 35 48 28 -2 -44 -50 -22 -25 -19 -22 -12 38 -45 -45 6 -46 49 81 -36 -37 32 -15 -16 -40 -8 56 3 24 -40 -38 12 -38 10 -26 18 19 16 -48 -39 51 39 6 22 -11 12 38 -39 46 -18 8 -5 -25 -40 30 33 36 -26 38 -49 -50 69 -7 3 -6 39 -19 24 -24 -4 13 43 -38 -44 47 13 -38 -15 -21 45 19 41 -18 9 82 17 -14 20 -64 19 -17 -41 4 67 25 -42 49 -33 -26 39 -10 -40 28 24 22 -17 -39 -15 -21 -21 50 -48 39 29 -3 44 -44 3 -28 -7 -39 -31 -24 -22 -42 33 -25 -37 -43 ; 
28:108 8:32 22:84 32:128 5:19 6:24 29:115 17:67 6:22 8:30 16:60 14:56 22:88 17:65 14:56 9:33 36:144 29:113 12:48 12:46 22:86 12:48 10:36 24:96 17:67 39:153 36:140 40:158 2:4 10:38 38:150 17:65 88:350 2:6 14:56 19:73 18:72 4:12 33:131 11:41 15:57 4:14 3:11 3:9 32:124 5:19 11:43 39:155 4:12 11:43 11:41 15:57 6:20 4:12 40:158 17:65 28:108 32:128 21:81 26:100 28:112 30:120 31:121 20:80 40:156 4:16 26:104 36:144 24:94 34:132 38:150 20:78 8:28 8:32 27:107 30:118 14:52 39:155 15:59 38:152 31:121 26:100 37:147 38:148 32:124 8:32 4:14 34:132 17:65 22:84 9:35 31:121 26:104 39:155 10:38 36:140 1:3 29:115 27:105 25:99 4:14 17:67 38:150 19:73 36:140 25:97 32:124 30:118 22:88 34:134 24:96 21:81 22:86 12:46 35:139 19:75 3:11 15:59 36:142 16:64 26:104 22:86 6:24 13:51 20:80 22:84 40:160 34:132 19:73 32:124 30:118 8:28 17:65 37:145 30:116 15:59 15:59 20:80 3:9 11:41 6:20 5:19 39:153 37:145 25:99 38:148 37:147 28:112 14:54 46:184 15:57 1:3 1:1 15:57 18:68 33:129 9:35 34:136 9:33 36:144 34:136 17:67 28:108 40:156 31:121 12:46 6:24 22:86 14:56 17:65 34:136 30:118 30:120 22:84 16:64 14:56 28:112 50:200 14:56 8:30 6:24 6:20 52:208 14:52 19:73 27:105 14:54 38:150 30:116 16:64 4:16 34:134 12:48 20:76 36:140 28:110 13:49 20:78 35:137 24:96 36:144 10:40 20:80 6:20 3:11 19:75 9:35 8:28 33:131 8:28 9:33 1:1 31:123 16:60 14:56 36:144 6:24 21:81 37:145 18:68 24:92 8:32 18:68 34:134 32:124 28:108 18:72 34:132 20:78 15:59 26:102 28:112 3:11 3:9 34:134 31:121 35:137 37:147 23:89 39:155 13:49 14:54 7:27 17:67 28:110 19:75 25:99 7:27 24:94 4:12 19:73 10:38 3:11 32:128 38:148 34:134 14:54 30:118 27:107 8:32 25:97 1:1 35:139 14:54 17:67 22:88 21:83 33:129 29:113 7:27 4:12 22:88 16:60 13:49 15:59 36:142 19:73 29:113 6:20 42:164 19:73 35:139 24:92 23:91 38:152 23:89 21:83 40:158 3:11 36:142 4:12 24:92 37:147 2:6 26:102 4:12 27:105 30:116 1:1 19:75 26:102 1:3 12:46 5:17 2:8 15:57 8:32 9:35 23:91 2:6 33:129 38:150 12:48 29:113 8:32 30:120 24:92 27:107 16:60 16:62 32:126 40:158 35:137 12:46 4:12 6:24 29:113 27:105 26:102 35:137 16:62 19:73 20:80 30:118 6:22 24:92 34:134 60:240 22:86 8:30 12:44 18:72 22:88 10:38 2:6 24:96 16:62 24:96 35:139 40:156 34:132 31:123 32:124 44:174 2:8 36:142 49:193 10:36 33:129 18:68 13:51 7:25 27:105 1:3 0:0 32:126 21:83 26:102 3:11 25:97 25:97 20:80 5:19 36:142 16:64 19:73 15:57 8:30 16:64 22:84 24:92 14:54 14:56 26:102 28:110 19:75 24:92 8:28 5:17 21:83 31:123 15:59 6:20 36:142 26:102 1:1 39:155 39:153 28:108 12:46 18:72 23:89 15:59 36:142 20:80 30:120 28:108 39:153 29:113 25:97 9:33 4:12 17:65 27:105 28:108 12:48 3:11 2:4 2:8 34:136 19:73 25:97 8:32 11:43 21:83 32:126 5:17 2:8 10:36 34:134 7:25 29:115 24:96 24:94 5:19 8:32 6:22 1:1 26:104 38:148 5:19 15:57 33:131 10:40 22:88 16:60 34:134 4:12 24:96 15:57 36:144 40:160 10:38 40:158 9:33 1:1 12:44 7:25 12:46 11:41 22:84 28:112 31:123 36:142 12:46 13:51 6:22 34:134 1:1 6:22 23:89 32:126 20:78 21:81 33:131 24:92 25:97 32:124 30:118 21:81 12:44 6:20 34:132 14:54 40:156 44:174 42:166 36:142 1:1 38:152 23:89 4:12 27:105 19:75 35:139 14:56 34:132 22:86 8:28 37:147 26:104 ; 
L -31 36 34 28 -1 32 -46 27 -28 -18 -15 24 43 -5 -36 7 14 -27 -3 44 20 -6 18 2 28 33 13 35 11 40 35 20 -50 -7 -45 9 -43 29 29 -31 14 3 18 9 -30 38 -22 27 48 24 -16 -26 5 12 29 18 -33 14 14 -8 50 7 34 -50 15 -9 -23 -11 -11 36 -3 50 13 -24 -21 -2 50 31 -33 -44 -28 24 -3 -3 -43 20 46 -3 -48 31 -22 35 47 -1 -36 -50 40 3 -30 13 15 29 27 50 38 18 -8 5 22 -18 -43 -11 -36 5 -43 -28 -45 36 49 -16 30 -26 -33 6 -19 -21 38 13 -9 -20 5 -30 -2 -33 10 -24 45 41 -35 37 2 -37 37 -28 28 -41 10 -5 -25 -33 30 -40 1 9 6 5 -4 49 46 42 44 35 48 5 34 4 -21 -26 15 2 23 -49 -29 9 19 -29 17 -8 -35 15 18 -36 -7 -48 -13 39 -37 -47 -26 48 43 39 -9 37 -16 19 2 -26 49 -20 44 10 -16 -29 -49 -46 21 4 -16 23 27 26 -13 13 34 -2 -37 -9 48 -40 24 -11 16 -25 26 8 -2 45 -19 24 -18 -38 -26 -41 33 -34 28 -40 -11 46 -32 42 -49 -16 30 3 42 21 -21 -14 -18 42 38 -9 -45 49 -12 -24 -23 46 -39 -30 -8 5 -14 -24 15 -22 -50 6 -42 49 43 -17 48 -18 -49 35 2 38 -13 41 32 30 45 -42 6 17 11 9 -16 11 35 -10 30 21 41 -19 7 42 -12 -11 44 37 9 14 -40 30 42 47 22 33 27 10 -8 26 33 -12 33 50 34 36 -29 -26 -45 1 -38 6 -40 -9 -28 -37 -9 38 9 13 11 50 2 -27 -25 23 -50 -49 19 49 34 42 -50 12 10 26 -6 32 -1 -16 22 -34 -41 -48 14 -6 -18 -11 -38 -1 8 41 23 -44 46 31 -8 -46 1 34 -9 -31 49 -10 35 -11 5 1 -28 43 40 -28 8 -34 -34 -46 -29 -6 -21 -26 37 39 18 7 8 -42 -14 -2 -6 32 46 -32 -29 7 -29 43 -7 46 36 -23 41 9 -30 -50 15 -28 4 50 31 29 48 27 33 -32 -44 26 41 26 -2 -40 3 -39 -24 24 24 42 -48 -10 41 -29 -21 -5 32 30 45 33 37 -44 16 1 36 10 -49 -3 26 -49 1 -38 12 -31 22 -11 1 19 4 7 37 28 26 -35 -12 -47 27 40 10 2 24 -49 32 40 41 19 -26 46 -12 -43 -34 36 19 32 -33 37 -43 3 ; 
56 20 81 90 58 15 23 38 26 36 5 36 91 24 74 65 18 7 67 79 62 1 15 93 23 11 37 69 37 71 36 75 45 95 41 11 55 42 58 82 49 34 41 56 52 3 97 17 64 81 74 30 60 56 34 95 98 64 67 63 98 40 71 99 64 60 92 46 92 23 11 35 83 85 84 41 30 6 22 73 97 52 98 74 64 46 36 21 85 11 25 15 81 94 11 95 76 85 41 92 99 17 36 89 91 74 32 34 46 47 63 64 1 32 70 61 75 35 88 37 58 78 90 32 44 95 93 20 4 75 35 62 54 81 34 4 68 91 28 3 94 59 47 73 95 72 63 15 31 74 59 64 76 4 77 64 43 69 72 60 19 43 26 7 23 64 46 96 46 3 94 86 13 56 21 77 73 45 55 71 14 70 65 8 8 75 27 61 38 45 58 30 23 57 67 27 14 39 9 42 97 18 70 51 99 83 87 83 42 100 54 53 49 80 35 71 88 41 8 39 88 34 10 48 44 21 17 95 38 62 70 11 64 78 21 76 1 95 64 74 46 40 42 59 46 32 26 49 69 35 78 29 23 91 37 65 93 6 68 98 63 17 11 17 54 57 8 27 99 92 83 73 17 87 22 41 49 1 79 44 25 4 73 78 53 15 78 98 83 58 67 32 93 80 60 62 28 43 68 42 95 23 96 4 73 93 44 22 17 3 79 3 99 9 59 71 32 23 33 62 53 82 77 78 61 31 72 19 82 49 67 89 62 95 45 2 3 89 63 15 35 52 98 67 45 35 8 60 90 99 94 14 49 96 28 5 80 52 40 46 59 94 68 72 71 9 68 12 53 62 82 12 73 19 16 30 5 42 32 21 85 23 7 33 84 54 47 36 55 16 22 41 16 50 5 41 96 67 83 6 91 20 90 26 22 52 1 5 80 16 56 73 18 1 89 99 53 99 72 39 59 2 9 80 3 55 88 12 31 25 78 43 97 26 17 53 35 65 78 70 38 46 51 36 100 20 29 42 75 16 92 57 33 32 17 56 4 56 6 98 57 79 7 93 97 100 75 11 73 93 22 4 77 89 68 60 97 93 19 75 42 78 85 71 40 97 34 98 45 98 36 57 87 91 54 58 10 36 37 92 47 ; 
L -31 36 34 28 -1 32 -46 27 11 -35 10 -49 31 9 -34 -1 46 8 -46 44 25 -16 11 -24 40 -48 9 37 2 -34 39 -46 -75 23 24 12 -49 -61 45 -83 -80 9 -38 8 -38 -28 -6 -9 -19 -9 29 49 -23 -2 26 21 35 48 4 -16 23 26 22 33 27 10 -8 33 -12 33 -18 -49 35 28 -37 37 -37 35 -41 -21 38 13 60 -9 -20 5 74 -30 -2 -33 10 -24 45 19 -6 33 -67 26 -30 16 32 -46 11 40 -28 34 -33 -5 -36 7 -4 -19 -1 11 -1 40 -18 42 30 45 -42 6 17 11 9 37 -44 16 1 36 10 -49 -3 26 -12 -84 -50 -27 10 2 24 -49 32 44 9 14 -40 30 42 47 -13 13 -30 70 -8 -35 -11 16 -22 -5 -32 -41 40 3 -30 55 -13 39 -37 -47 -26 19 -48 17 41 85 23 69 26 41 26 -2 -40 3 -39 -24 24 24 42 -48 -10 41 -29 -21 56 -5 65 42 21 -21 -14 10 26 -6 -11 -11 -7 -39 -37 26 21 46 34 34 -8 28 -40 -1 18 6 -14 48 34 -22 16 1 -32 26 -2 -19 16 -26 -28 40 41 19 -26 46 -12 -43 -34 36 15 71 18 -19 35 -76 8 -17 29 -22 -30 33 -32 -44 50 31 -33 -28 24 -3 -3 -43 20 46 -3 -22 35 47 66 -1 -50 -30 15 -28 4 50 31 29 48 27 33 25 5 -10 -28 33 24 -18 -38 -26 49 -20 44 10 -16 -29 -49 68 -46 21 23 -50 -40 -9 -28 -37 -36 -7 73 -45 1 -38 38 9 13 11 50 2 -27 -25 -34 28 43 -5 36 11 -64 -15 24 14 -5 -10 30 21 41 72 53 62 15 29 -40 -27 47 12 -37 9 -39 -43 -48 -18 -43 -22 -50 6 -42 49 43 -8 1 42 -49 -16 30 3 32 21 24 -13 -50 3 -36 -54 41 33 26 29 -52 -34 -45 2 5 -4 49 77 46 42 44 -4 -34 -5 82 -45 36 49 -81 11 -45 -30 -32 -9 -49 19 49 42 -50 12 -7 -50 8 -14 -14 33 -18 -29 -12 26 16 -24 -48 -27 30 -9 -18 -79 -3 -14 31 -29 -29 43 -9 -58 45 7 50 -20 -35 -40 -11 -35 -13 -57 -33 -28 -2 -18 6 -44 -63 38 -78 -59 -42 -7 19 46 36 -23 41 9 13 -38 -2 3 27 -14 7 37 11 12 -1 -31 15 -9 -23 13 7 -43 29 -7 29 32 -46 -32 6 2 14 42 -8 -43 -24 15 18 51 -26 -37 -43 3 ; 
23:89 8:32 33:129 36:144 24:92 6:24 10:36 16:60 11:43 10:36 34:136 9:33 13:51 17:67 2:8 12:48 7:25 8:30 16:62 33:131 11:41 20:76 4:16 14:54 36:140 16:62 4:12 17:65 36:140 29:113 6:24 26:100 30:116 20:78 28:108 3:9 38:148 38:148 24:92 27:105 18:68 40:156 37:145 5:17 40:160 20:76 24:96 31:123 6:24 9:33 23:89 6:20 35:137 38:150 2:4 39:153 18:72 11:41 29:115 17:67 40:160 7:27 21:81 2:4 40:158 4:14 24:94 4:12 10:36 14:52 18:68 20:78 1:1 26:100 30:116 19:75 50:196 2:4 12:44 20:76 38:148 8:32 17:65 40:158 30:120 14:56 7:25 26:102 22:86 33:129 14:54 2:6 28:108 56:220 18:70 13:51 6:22 33:131 32:124 24:92 16:64 19:73 30:118 26:102 38:152 1:1 31:121 9:33 30:118 26:104 2:6 9:35 38:148 30:116 2:8 31:121 19:75 12:46 34:136 22:84 6:24 32:124 40:156 34:132 24:92 12:46 13:51 7:27 23:89 2:6 23:89 3:9 40:156 23:91 37:145 10:36 33:131 36:142 13:49 32:124 34:136 29:113 16:64 42:166 14:56 38:148 18:70 9:35 7:27 2:4 31:123 32:128 15:59 11:43 12:44 20:80 38:148 13:51 44:174 19:73 16:62 30:116 24:94 34:136 17:65 10:36 37:147 30:120 11:43 25:97 16:60 18:70 18:70 9:35 35:137 22:88 39:153 21:83 18:72 39:155 11:41 7:27 22:84 14:56 26:104 32:124 28:112 16:60 19:73 21:81 15:57 40:160 8:32 12:46 36:142 40:158 5:17 35:139 20:78 28:110 14:56 46:180 6:22 20:78 8:30 37:147 24:92 29:113 27:107 39:153 17:65 13:51 17:65 9:35 7:25 22:88 15:57 18:70 22:86 28:108 38:150 24:94 35:137 21:83 32:128 2:8 12:44 45:179 16:62 6:22 11:43 18:70 28:108 35:139 14:54 40:156 18:72 40:156 15:57 23:91 35:139 37:145 33:129 34:132 30:120 30:120 15:59 31:123 6:24 18:72 30:116 29:115 31:121 12:46 10:40 32:124 6:20 3:9 9:35 54:212 21:83 40:156 30:118 26:102 19:73 15:57 9:33 44:172 6:24 33:129 19:75 27:107 39:153 26:100 31:121 1:3 4:14 32:128 2:4 22:88 36:140 5:19 25:97 30:118 13:49 6:24 37:147 28:112 24:94 28:112 5:17 26:102 65:259 17:67 39:155 8:28 28:112 21:81 40:158 29:115 18:72 35:139 22:88 40:156 14:54 20:78 27:107 36:142 8:28 26:104 15:57 2:6 13:49 29:115 20:78 18:72 1:3 2:4 36:142 26:100 6:24 14:56 16:64 29:115 25:97 28:112 13:51 1:1 20:78 2:8 4:12 23:91 22:86 19:75 24:96 25:99 12:44 16:60 7:27 9:35 35:139 7:27 19:75 30:120 8:30 38:148 12:44 23:91 10:36 12:48 24:92 6:20 26:100 17:65 40:158 37:147 34:132 30:116 7:27 6:20 28:108 20:78 17:67 24:94 19:73 13:51 12:44 8:28 34:134 34:136 34:132 14:56 5:17 15:59 9:35 30:120 3:11 32:124 39:153 35:137 22:88 38:152 22:88 18:68 28:110 40:156 37:147 24:96 8:30 18:70 26:102 10:36 18:72 33:131 14:56 36:140 9:33 13:51 32:126 37:147 7:25 38:148 45:177 18:72 14:56 18:72 36:144 40:158 10:40 16:64 40:156 26:100 27:107 26:102 40:156 38:152 14:54 38:150 12:48 30:118 33:129 26:102 2:8 21:83 23:89 0:0 21:83 14:54 20:78 33:131 24:92 17:67 22:88 15:59 36:140 17:65 38:152 18:72 30:120 15:57 29:113 15:59 28:110 20:78 12:46 5:17 10:36 38:148 6:24 18:70 29:113 19:75 51:201 26:100 2:6 17:67 28:108 4:14 36:142 40:158 22:84 40:158 12:48 10:40 18:70 37:147 27:107 3:11 8:28 31:123 37:145 10:36 26:100 27:105 57:227 24:96 37:147 11:43 29:113 8:28 30:116 23:89 7:25 32:128 2:8 1:1 21:83 9:35 11:41 36:144 8:32 19:75 37:145 15:57 2:8 18:72 12:48 18:72 14:52 37:147 19:75 ; 
L 21 2 17 -15 -38 13 44 -39 -3 32 39 16 -44 -8 50 41 -39 19 39 -6 -11 -36 38 22 50 -43 -33 -27 40 -50 26 50 -24 50 -40 -5 -26 50 -10 24 -22 46 -40 45 1 47 -22 34 -21 18 27 9 15 -5 -5 30 -44 -37 47 31 -8 -2 -7 44 22 -34 43 -9 -10 -30 23 19 -16 -28 25 -50 23 -47 12 -27 -30 39 -20 -2 50 -11 -36 -7 7 43 -31 -37 8 -25 -22 -38 -16 -39 2 18 18 31 38 -47 -42 -39 38 10 24 -41 26 -35 -49 -28 -34 -43 -26 9 4 19 -48 14 8 -19 2 29 50 -41 19 -33 39 -31 -13 50 43 -9 33 -6 33 16 9 38 -31 -50 -44 39 -13 -23 15 23 -49 24 -27 22 -5 -26 5 -1 -3 25 12 23 -39 -42 -39 20 -19 21 -10 7 2 24 17 -25 -44 -17 -9 -9 7 21 -20 20 -9 -46 37 24 41 -11 -32 -36 -25 21 2 30 8 -42 29 10 47 6 25 -42 -38 -34 40 -17 -26 -47 -9 22 -38 28 49 -22 36 16 34 3 -11 18 -50 -8 -19 -41 37 34 37 -31 -15 16 47 7 -10 -46 -17 -22 -11 50 1 -44 -28 5 18 27 -19 -22 -7 26 38 -21 -49 30 37 23 50 -34 36 -9 30 -11 -29 9 -16 14 -33 22 17 5 -16 16 -23 19 7 -29 11 22 12 -16 19 -41 26 11 -43 13 10 -49 -39 -47 -3 5 -26 22 -19 -49 2 -14 -9 45 -6 -12 3 -10 -50 40 -39 -34 -42 -28 9 -1 -20 -17 -12 5 -45 -44 -1 6 -29 11 -38 19 3 -50 -41 44 21 -5 -12 -34 18 3 -17 -30 -5 -10 -40 20 42 4 -44 -42 50 -47 46 37 -38 15 37 39 11 -28 44 -33 11 31 48 -43 -38 49 49 22 -22 -47 -19 39 37 14 -16 2 -21 2 44 -45 -19 -25 2 21 44 -9 35 43 19 36 30 31 28 -30 -33 -20 -2 -45 23 -43 -2 25 -44 24 -37 -11 35 -47 -27 39 37 39 12 -1 28 -19 -21 -7 -35 13 34 -30 40 5 -7 21 11 -24 48 -3 32 -35 -12 -25 50 -17 30 5 34 -41 -33 38 13 17 35 26 14 -2 17 31 2 -13 -28 5 -48 18 -30 32 -31 -38 2 11 46 6 1 23 34 6 -26 12 -1 -42 37 -28 -38 43 40 35 44 -43 45 -8 48 -31 6 10 45 16 -18 -33 17 5 39 4 33 25 -36 -30 9 10 -23 50 -28 33 47 -17 ; 
58 9 97 81 89 53 46 94 15 12 76 49 49 48 56 79 79 63 44 81 6 86 95 2 97 58 88 6 100 13 21 20 75 58 98 87 63 13 40 60 78 100 60 23 37 74 31 78 2 92 47 61 75 39 5 33 12 40 97 47 46 99 27 59 85 96 30 97 97 54 84 75 39 50 83 73 77 21 89 16 88 33 27 99 24 90 82 61 38 6 70 17 61 20 44 68 7 61 42 25 1 19 98 24 34 14 63 42 17 11 10 64 85 69 59 52 90 53 73 25 64 71 30 54 62 79 77 21 39 20 43 13 91 68 47 71 38 16 92 51 90 8 35 9 92 8 20 80 38 20 83 2 26 67 63 72 42 19 14 63 20 35 100 12 71 45 28 3 85 14 30 45 85 53 55 23 51 61 47 90 49 52 31 83 56 81 39 23 30 59 83 48 56 38 35 1 34 83 65 15 45 40 100 59 45 3 46 48 11 27 43 31 2 17 75 82 52 56 97 14 55 78 25 30 13 40 70 13 45 77 76 24 77 81 57 13 34 19 64 2 58 41 97 85 1 21 62 95 96 81 88 46 90 3 15 53 85 17 7 32 11 80 40 47 94 97 52 55 89 15 42 57 13 57 37 73 13 70 95 86 12 33 14 4 21 51 81 15 16 67 72 76 48 69 86 38 80 43 29 87 11 37 1 13 58 45 48 34 37 30 18 43 53 46 73 15 2 38 53 58 31 38 56 67 29 42 27 15 44 9 54 46 38 97 10 71 62 94 51 32 42 87 57 95 99 55 46 26 77 23 40 81 86 68 17 36 29 91 89 41 98 66 14 86 50 60 85 50 33 18 17 84 28 34 7 35 83 100 82 82 33 84 37 39 90 15 11 60 95 70 50 71 13 92 58 66 32 93 88 63 45 20 57 87 96 96 55 61 94 40 48 59 65 45 81 84 85 34 14 21 12 47 43 15 75 79 6 64 43 54 22 78 2 38 66 82 25 38 88 6 1 23 90 71 67 83 23 41 67 32 87 28 91 95 72 27 37 12 14 90 69 42 6 56 34 69 33 32 26 89 16 92 96 43 65 42 19 64 76 13 66 9 33 23 7 87 98 22 42 63 36 63 62 28 27 3 62 63 65 96 72 ; 
L 21 2 76 17 -15 -38 83 13 44 63 -39 32 16 -44 -8 50 -39 19 39 -6 -11 74 -36 23 -10 33 18 -16 -45 -10 -44 10 -49 -39 -47 17 5 39 50 31 -38 -9 -5 3 -48 8 -45 43 -28 1 -12 -71 -39 44 -27 -18 -5 28 44 -1 -50 11 22 17 -41 26 11 -43 13 39 -13 -23 -23 -1 -6 -46 -19 16 -12 -79 -22 -11 29 -42 -39 38 10 8 -25 -22 -38 -16 -39 2 18 18 72 31 38 -47 -7 -19 23 -16 16 -5 -17 -22 33 -14 16 -9 29 11 -30 9 -36 -50 -23 -37 -30 49 21 -38 -26 7 8 50 -65 -18 -3 -34 -16 -19 -21 -7 -35 -35 -17 -13 -73 -38 33 41 -34 -5 -21 7 -28 5 -48 -30 32 -31 -38 2 11 26 43 34 28 49 35 -26 2 24 17 -25 -44 -9 41 -24 -23 -5 -13 26 14 17 31 2 -13 30 10 9 34 42 45 -5 12 17 20 1 -9 28 -22 -80 -44 7 2 8 -31 -47 37 44 -30 5 5 -15 -67 20 -9 -46 -25 -45 23 -43 -10 -46 62 30 31 61 28 -30 -33 -20 59 28 16 -60 -19 37 31 -43 -7 36 -8 -30 -2 -21 25 36 28 -50 32 -81 1 -84 44 -57 5 33 -9 -27 -18 21 22 -47 5 -22 27 -24 -54 49 -23 33 37 51 -28 -38 43 40 35 -1 -45 40 -46 22 -24 10 -50 26 34 39 -40 -3 12 6 50 -3 -19 38 22 19 30 27 -12 47 -23 -77 50 78 11 -24 48 -3 32 -35 -12 -11 70 -5 85 -12 -34 18 3 58 -17 -30 -5 -10 -40 20 4 -44 -42 -47 46 37 -38 15 39 11 -28 44 68 -33 11 53 43 -48 -30 -50 25 37 -24 44 -33 9 -43 -50 13 25 -39 -82 -19 34 6 -26 12 -1 -42 -4 -33 6 2 30 36 -25 -33 -4 -6 -64 31 -25 -47 -10 -29 42 -2 16 -14 38 22 50 -50 -26 50 -40 27 40 24 -43 20 -7 -52 -69 47 22 -22 -49 38 31 -26 -19 -49 37 24 41 -11 49 -22 36 -31 3 1 50 -11 -21 -48 14 8 -19 2 29 50 -41 19 -33 55 39 2 44 -45 -19 -25 2 75 21 44 -9 35 19 36 2 -14 -9 45 -12 -5 26 16 47 7 66 -10 7 -9 -19 39 37 -38 -34 40 -17 -26 -47 -9 22 56 -38 28 6 -29 11 -19 -41 37 34 37 -31 -15 -37 -39 47 -35 -21 -44 41 23 -39 -42 -39 20 -19 21 9 47 -17 ; 
24:92 4:14 3:9 38:152 33:129 36:142 30:120 15:59 19:73 21:83 18:68 6:20 45:177 20:78 20:76 23:89 56:224 26:100 18:70 33:129 3:9 7:25 30:116 29:115 11:43 8:28 10:36 14:52 4:14 27:105 38:150 6:24 21:81 33:129 6:24 18:70 35:139 40:156 9:33 4:14 14:56 4:12 60:238 27:107 16:62 8:30 17:67 26:104 9:35 38:150 25:97 40:156 22:88 41:163 16:62 34:136 39:155 17:65 24:92 1:3 26:102 8:30 14:54 6:20 31:123 5:19 14:52 6:22 2:6 6:22 8:32 32:128 8:32 36:144 6:22 5:19 12:44 38:152 28:112 12:48 22:88 30:116 15:59 17:65 6:22 26:100 17:67 31:121 8:32 18:70 28:108 3:11 25:97 17:67 10:40 1:1 24:92 28:108 40:156 10:38 20:80 6:20 23:91 17:67 6:24 36:142 22:88 21:83 39:155 38:150 19:75 16:64 32:128 5:17 13:51 3:11 7:27 1:1 6:24 2:4 36:144 19:73 36:140 33:129 39:153 38:152 17:65 32:124 10:38 14:52 22:86 23:89 21:83 19:73 20:76 24:94 26:104 4:14 36:140 16:60 14:56 38:152 33:131 27:105 16:60 1:3 6:22 9:33 8:32 17:65 27:107 42:166 12:44 37:145 38:152 29:115 11:43 10:36 36:144 21:83 24:94 28:110 34:136 26:102 7:27 18:72 34:136 22:84 22:88 26:100 8:28 5:17 7:25 28:108 39:153 17:67 1:1 2:4 29:113 27:107 34:132 14:52 22:86 39:155 33:131 34:136 21:83 30:116 19:73 22:84 18:68 8:28 12:48 15:59 18:72 40:160 2:8 24:94 11:43 40:158 19:73 19:75 39:155 16:64 5:19 14:52 2:8 16:62 15:59 36:142 13:49 34:132 31:123 37:145 6:20 37:147 32:124 33:129 14:56 32:128 6:24 8:32 34:132 24:96 38:152 28:112 37:147 10:38 20:80 38:148 17:65 25:97 7:27 28:112 3:9 35:137 6:24 14:56 16:60 23:89 20:76 34:132 15:57 25:99 21:81 8:28 15:57 19:73 14:54 8:28 4:12 31:121 11:41 25:97 19:75 37:147 9:33 13:49 54:212 26:100 27:107 11:41 23:91 4:16 34:132 20:78 14:56 33:131 37:145 11:41 36:142 7:25 37:147 36:142 15:59 10:36 24:96 40:160 32:124 24:96 16:64 6:20 36:144 18:72 24:92 5:19 5:17 35:139 11:43 27:107 23:89 16:60 13:51 9:33 1:3 36:140 7:25 36:142 9:33 34:132 10:40 3:11 26:102 19:75 18:68 6:24 30:120 32:126 3:9 26:100 16:64 12:48 29:113 25:99 4:14 22:86 19:73 6:24 33:131 39:155 4:16 29:113 25:99 38:150 5:19 17:67 35:139 60:238 40:158 22:88 19:73 11:41 39:155 16:64 33:129 35:137 7:27 31:121 7:27 14:54 45:179 37:145 20:78 24:94 18:68 26:102 36:140 38:148 26:100 16:60 29:113 19:75 28:108 55:217 27:107 28:108 34:132 25:99 17:67 3:9 23:89 14:54 28:110 16:60 26:100 37:147 14:52 4:16 26:100 15:57 26:100 17:67 5:19 31:123 35:137 32:124 22:86 26:104 34:132 14:54 4:12 8:28 14:52 35:137 1:3 39:155 37:145 8:32 9:33 6:20 40:160 7:27 22:84 17:67 42:164 45:179 13:51 22:84 11:43 35:137 6:22 27:105 39:155 10:36 22:88 27:107 28:110 26:102 33:129 16:62 10:36 8:28 7:27 30:120 33:131 8:28 6:22 8:28 36:144 31:123 6:22 29:113 12:48 22:86 25:99 32:126 31:123 9:33 16:62 8:32 2:6 18:72 32:128 12:44 14:54 3:11 14:56 34:132 4:16 38:148 33:131 33:131 14:52 36:140 16:62 43:171 16:60 32:128 18:68 15:59 5:17 17:67 4:16 31:121 10:38 19:75 19:75 6:22 27:105 26:104 24:96 34:136 16:62 24:94 18:72 2:4 19:73 20:76 5:17 11:43 20:80 38:152 13:49 14:54 22:84 24:92 18:72 12:48 6:20 16:64 28:112 6:20 18:72 33:129 39:153 25:97 8:32 34:134 11:43 17:67 12:46 40:160 5:19 29:113 18:72 12:44 2:4 46:182 8:30 39:153 29:115 ; 
L 33 22 -31 -25 -45 -12 -4 -22 2 -47 -38 49 25 27 3 25 -27 -3 -11 46 -33 -11 -30 8 -18 -27 32 -9 26 -11 41 11 13 33 33 -37 23 -16 5 -1 -48 44 27 -4 -4 50 33 -13 -2 30 17 44 -41 -15 -35 -30 -26 -14 5 44 -35 -6 12 43 -7 -12 -44 -30 -11 17 17 -29 -21 43 47 3 29 -26 4 37 -34 10 -31 16 48 -10 -48 21 41 -29 14 -17 -6 -50 -23 -25 4 37 26 -43 -26 -41 17 -12 -6 8 -46 -12 46 37 7 37 -35 29 33 -46 -31 -16 38 35 -6 46 40 29 6 20 -35 28 -32 -6 -15 35 -13 27 13 -31 15 -30 21 -27 47 26 36 13 -12 -9 -21 -38 -31 31 -11 -20 10 49 12 8 -10 -40 -17 -12 -27 -38 -44 -12 39 13 -26 34 -1 38 5 -28 -43 -19 -11 2 4 -12 -33 11 43 -31 13 21 -37 -43 35 -40 -29 29 50 5 -39 -39 29 -37 -7 29 -20 -15 21 -13 36 1 -34 23 -41 26 -4 -16 48 -5 -18 34 -24 -44 -38 -33 39 -32 35 -50 49 39 -20 2 -39 5 25 38 -35 31 3 31 -46 -6 -33 -49 -5 -24 7 -48 -49 -50 -49 8 22 5 -37 -14 49 -20 -14 -8 -2 -50 -15 -50 7 -49 3 32 9 7 -28 1 -1 38 39 50 -17 37 -26 -46 24 13 4 -6 -22 -2 29 -28 -45 -30 -10 23 -28 -11 -41 -26 25 -6 -39 -27 39 -27 -43 35 -15 26 43 29 28 10 46 47 1 -2 -16 -2 44 -30 -25 3 -6 21 25 2 41 49 17 17 45 31 38 -16 31 47 -31 -37 -10 -24 -24 -50 -48 -46 30 15 -49 1 14 -13 3 -34 -5 36 24 3 9 -37 -24 4 36 1 48 49 -2 42 -27 -43 33 34 13 -19 -28 -22 26 -30 45 -29 -26 -44 47 24 -26 -25 -35 -37 -25 22 32 25 -32 -23 -11 -31 33 1 -30 -6 48 26 -27 -43 -40 38 -17 31 -9 3 3 1 -39 2 -20 8 -50 17 15 19 35 -9 -21 5 39 -5 40 -21 -13 -16 13 -37 -49 50 -43 41 -5 -10 -50 20 14 35 6 26 -14 34 -10 33 32 -36 -42 3 -46 -24 37 31 1 -41 14 -24 28 -42 -26 3 -6 -39 14 33 -30 -23 -26 17 -35 36 20 9 -5 -34 13 5 41 -17 -16 -14 11 23 48 -28 23 42 -21 30 11 12 -11 -21 -37 5 -43 47 -3 29 -49 22 26 -50 -5 -26 -47 8 ; 
86 38 46 42 78 62 96 25 80 61 36 63 12 10 63 24 3 20 87 26 80 80 83 19 89 5 19 21 30 13 95 10 29 100 89 15 61 89 78 46 60 75 32 79 53 44 71 9 94 18 94 57 35 7 29 28 23 52 40 69 9 91 77 13 68 39 29 83 61 9 6 70 85 68 62 33 56 12 20 17 96 81 69 7 66 67 95 47 19 87 67 12 19 18 12 49 90 9 68 91 29 98 91 69 17 32 85 16 63 38 5 16 29 27 85 59 100 31 20 5 90 47 63 50 29 1 40 87 78 70 12 85 47 32 69 89 90 44 24 5 12 44 18 35 55 88 53 68 54 93 20 76 62 16 45 58 33 28 26 92 9 23 68 45 17 8 62 62 57 6 46 55 61 58 14 91 41 69 48 30 58 75 56 40 73 16 77 1 30 83 91 58 93 76 98 49 81 53 45 76 70 51 6 100 56 37 46 52 12 89 60 3 93 55 41 13 59 69 74 79 30 56 80 58 88 100 67 95 16 11 97 41 20 64 53 59 71 81 95 53 29 57 20 91 32 42 26 14 88 63 32 38 6 63 74 28 71 12 16 25 63 1 57 51 74 73 72 60 80 36 24 96 31 13 22 84 69 14 81 90 31 21 91 47 37 41 87 30 9 91 82 80 10 46 76 83 11 19 39 70 3 6 69 72 43 46 57 49 84 83 77 39 17 37 3 48 45 48 13 62 53 45 9 8 28 25 20 71 5 34 88 7 46 38 59 18 98 73 80 28 4 1 12 14 67 4 9 40 89 80 61 17 85 70 27 18 44 23 81 50 54 41 63 11 33 1 24 15 59 28 73 63 100 6 98 26 2 79 21 87 49 36 49 79 70 90 57 5 11 14 33 57 1 50 1 62 52 92 36 3 30 4 48 84 12 70 4 2 3 44 94 51 70 100 1 29 36 14 99 37 98 89 74 14 5 42 15 37 95 78 36 16 22 99 12 47 92 17 56 59 19 88 36 44 30 38 70 27 64 15 31 82 70 95 81 58 37 45 19 89 73 53 46 33 68 91 13 27 4 11 78 82 51 95 27 93 27 61 27 80 43 60 70 62 59 77 85 49 83 97 6 91 72 22 72 48 62 81 37 27 5 ; 
L 33 -44 -6 -29 -33 -29 35 -37 -37 -46 12 46 -54 -8 6 12 -17 26 43 -26 -17 -17 -49 -25 -21 -3 25 30 -44 2 16 -1 -50 -23 56 -25 32 71 9 61 70 4 -6 -22 -3 20 64 31 47 -5 50 5 67 -39 13 34 -1 38 5 3 23 30 -33 -14 39 6 -3 26 36 -32 -33 10 -34 14 -26 -6 -14 16 -38 -31 -45 -6 69 -37 -7 29 77 -20 -15 -28 -11 -41 -26 -28 -43 -19 2 49 -2 42 -27 -43 33 -19 -28 -29 29 40 -35 -81 43 37 -21 -13 31 -43 33 12 -4 -25 -49 47 -2 22 4 -63 12 45 25 31 -22 -85 -35 -6 46 47 21 9 39 -20 2 -39 5 25 38 -35 31 -9 11 26 43 29 28 43 27 -39 27 39 -11 14 16 17 -41 -5 3 31 -46 -6 -33 -49 -5 -24 7 -48 -49 -50 -49 8 22 5 -37 -14 49 -20 -14 -8 -2 -50 -15 -50 7 -49 37 35 -15 12 -11 -21 -37 5 -43 -3 59 23 29 -10 35 25 26 -24 -47 44 -46 -31 -13 -83 -27 13 -35 -10 20 11 -31 31 38 21 49 -15 -30 46 48 50 24 24 10 37 -4 50 33 -13 80 -2 30 17 44 -41 -15 -35 -30 -26 -14 5 1 14 -24 37 -24 46 26 -37 25 -14 -1 -30 21 -42 -5 -26 17 -50 1 -1 28 -7 28 -29 4 -24 37 31 20 28 -32 9 -37 58 -24 4 65 36 1 48 49 12 8 -10 -40 15 6 -26 17 -35 36 20 50 10 5 -41 43 -50 49 37 -13 16 -79 13 21 -68 -40 5 -57 -39 -5 6 17 -14 -10 75 -48 21 41 -29 -31 -51 43 27 -26 -48 6 -42 3 50 -26 -53 -22 49 -46 -13 3 74 -34 -48 31 -25 22 32 25 -32 -23 -29 39 30 -1 -33 31 11 23 62 48 -12 -48 44 27 15 19 72 35 -49 50 -35 32 -39 33 38 44 -34 5 -82 -76 -60 -48 16 4 -26 -66 41 -23 34 13 -21 28 -42 -39 -73 1 -5 16 -23 -40 38 9 -31 17 3 3 1 -39 2 -20 11 33 -46 11 3 27 -25 -3 -27 -17 -12 -27 -38 -44 -28 -45 -30 -10 23 -84 12 43 -7 -12 -44 8 -50 -30 45 -29 -40 -46 6 -35 -38 16 -31 15 -30 21 -27 47 55 36 13 -12 -13 5 -9 34 -37 -4 26 -3 -47 -43 -17 -17 11 30 -30 8 -18 -27 32 78 26 41 11 13 33 33 -37 -52 4 -17 -26 22 24 -47 8 ; 
35:137 9:35 9:35 12:46 9:33 34:136 11:43 12:46 5:17 16:60 26:100 7:25 16:60 26:104 13:51 7:27 28:110 5:17 12:46 37:145 6:22 18:72 22:84 1:3 18:72 2:8 15:59 7:27 16:62 31:123 34:132 25:97 12:44 5:19 4:14 38:152 27:105 24:92 22:88 12:44 13:49 9:35 6:22 33:129 5:19 26:102 25:97 6:20 29:113 1:3 18:72 24:92 40:158 8:28 3:11 40:156 23:91 3:9 19:73 5:19 31:121 36:142 8:30 18:72 15:59 24:92 33:129 38:152 4:14 24:94 23:89 7:27 37:147 19:75 5:19 40:158 4:12 4:14 10:40 12:44 4:12 30:118 15:59 18:72 33:129 22:84 13:49 7:25 31:121 8:30 12:48 4:14 37:145 22:86 25:97 24:92 34:136 8:30 20:80 10:36 33:129 20:80 22:86 5:17 14:52 22:88 34:132 12:48 1:1 24:94 26:104 7:25 30:116 16:64 23:89 30:120 25:99 20:76 28:110 5:17 5:19 30:116 25:97 32:128 10:40 39:153 1:1 25:99 32:124 17:67 19:73 14:54 8:30 37:145 47:187 19:73 30:118 28:112 41:163 36:140 40:160 27:107 38:152 7:25 5:17 39:155 17:65 32:128 10:36 8:32 2:4 3:9 28:110 16:64 5:17 34:132 31:121 19:73 9:33 11:43 38:152 21:81 33:131 32:124 0:0 26:102 22:84 24:94 29:113 33:129 38:152 22:84 12:46 23:91 8:32 37:145 13:51 17:67 11:41 6:22 36:140 26:100 13:51 16:60 3:9 26:100 30:118 12:44 29:113 5:19 7:25 10:40 33:129 22:88 16:62 45:179 24:94 31:123 34:136 20:78 34:132 28:112 32:124 28:108 43:171 4:14 30:120 1:3 11:41 40:156 3:9 40:160 65:257 40:160 11:41 15:59 24:94 13:51 19:75 12:46 25:99 31:121 8:32 38:148 22:86 28:108 22:84 32:128 30:116 40:156 8:28 24:94 16:60 19:73 3:11 36:140 14:52 18:70 29:113 4:14 4:12 40:158 8:28 38:150 23:91 14:56 3:11 12:46 12:44 10:36 21:83 16:64 20:76 9:35 6:24 16:60 39:155 9:35 6:20 13:49 36:140 5:19 2:6 30:120 24:96 18:68 17:65 33:129 25:99 10:38 31:121 29:115 30:116 30:118 16:64 9:33 46:180 15:57 12:48 16:60 28:112 8:30 32:124 37:145 32:128 34:134 21:81 7:27 17:65 32:126 28:112 11:43 8:28 16:62 24:92 14:52 12:44 43:171 5:19 26:104 22:84 19:73 14:52 28:108 21:81 38:152 15:59 6:24 17:67 2:8 6:22 30:118 36:142 40:156 26:100 33:129 40:158 2:8 28:112 15:57 38:150 18:72 1:1 30:116 8:30 5:19 24:92 33:131 6:24 19:75 8:30 35:139 26:100 24:92 2:8 20:80 1:1 23:91 14:52 7:27 36:140 16:60 20:76 40:158 36:144 9:35 3:11 8:32 5:19 6:20 6:20 34:132 14:56 36:144 35:139 20:78 15:57 20:78 32:126 18:72 40:156 31:123 5:17 2:8 23:91 36:144 57:225 26:102 32:128 27:105 15:59 30:120 13:51 3:11 18:70 15:59 36:140 3:11 32:128 23:89 12:48 32:126 30:118 28:110 24:94 20:80 20:80 9:33 35:139 31:123 16:60 24:96 36:142 5:19 24:96 19:75 19:73 15:59 52:206 21:81 27:107 33:131 31:123 24:92 28:112 19:73 32:124 36:142 22:86 25:99 21:81 15:57 37:147 2:6 12:48 2:6 20:76 34:134 5:19 33:129 32:128 32:128 11:41 35:139 8:32 2:4 10:38 26:100 5:19 37:147 4:14 10:36 28:108 16:64 34:132 19:75 15:59 17:65 31:123 32:126 6:20 28:108 16:62 12:46 29:115 2:6 1:3 24:94 12:44 18:72 26:100 19:75 36:144 2:8 8:32 38:150 36:144 18:70 10:38 2:8 5:19 8:32 12:46 14:56 22:88 16:62 2:4 6:20 19:75 39:153 7:27 8:32 12:44 14:52 25:99 6:22 3:9 4:14 25:97 34:132 8:30 36:142 2:8 8:30 22:86 39:153 42:168 4:16 12:46 40:160 36:142 6:24 32:126 38:148 30:120 6:24 10:38 2:4 38:150 11:43 2:8 ; 
L 23 -22 31 45 3 21 -10 39 -1 32 -18 37 15 -9 -33 22 -2 -34 -3 -41 -20 29 42 -24 -32 26 -20 15 -40 -38 -24 -39 25 -11 40 16 3 34 -46 -30 -18 31 -35 28 -3 14 -13 48 -14 -15 -11 1 -14 -15 4 42 -21 22 34 -12 8 17 -10 34 -1 45 -2 -3 -50 47 49 21 -41 -24 45 -49 31 30 30 -23 38 -37 -44 -34 18 -2 -44 37 37 41 -50 41 -28 2 -49 22 18 11 16 20 48 18 12 7 -22 -36 29 -27 29 8 -19 -35 37 -11 -25 -13 -6 23 11 39 34 -17 -28 -35 -18 31 38 13 -17 -12 8 -3 37 -9 38 19 36 -35 -33 50 49 -22 -17 -38 45 -8 -49 -45 48 33 10 23 25 -10 -14 -11 -50 27 40 -41 16 39 -16 -26 -29 20 -31 -32 -7 -9 -39 4 -21 -50 -16 27 -35 -34 42 -10 47 37 -24 33 35 -41 3 -48 -3 -28 3 -42 -32 -25 11 24 -18 -37 -10 -21 -2 20 38 -17 43 -40 50 19 43 27 21 -8 30 6 -37 -15 46 -16 26 -48 -18 -28 -49 -29 29 35 -11 -26 30 -34 -28 10 47 22 -31 -12 -42 -34 -30 28 31 -27 -38 -16 27 -29 -50 34 38 -10 -32 30 40 -36 -22 -17 45 13 4 7 -28 45 35 -18 -45 -30 5 -8 33 -16 -2 27 36 4 27 -46 9 41 -45 12 -18 18 3 -36 12 9 16 -18 21 -48 -3 -13 27 26 -2 20 42 33 -29 -17 42 -44 -23 20 15 31 -35 9 25 -26 -16 -9 47 -2 24 27 10 -43 13 -29 1 -1 27 22 -5 -29 -25 23 -4 -30 -23 35 17 7 -10 48 27 -25 35 12 41 36 19 9 5 -11 39 -23 -45 -6 2 -37 38 33 -47 -21 24 -3 8 -26 36 -9 -32 -5 37 -24 -33 50 -11 -28 48 22 -3 27 36 -39 25 30 4 -50 -17 -34 50 22 -3 -43 29 -29 -49 31 -27 47 39 -16 -49 -22 6 45 41 46 -4 30 2 -23 7 10 -48 -26 -49 -5 -18 -30 7 44 -7 -30 48 13 36 47 47 -18 17 -19 13 14 47 -29 18 15 -23 -3 -5 -33 -20 3 -16 -49 -43 -27 -7 20 -22 -41 17 36 -32 23 26 -35 29 9 30 -10 19 15 -7 -17 41 -29 7 -19 31 -41 -35 -38 10 -5 -27 -37 15 29 -50 26 11 -50 -8 42 -23 21 -13 -50 -32 -3 50 48 49 43 -44 4 -30 -9 -47 19 3 -34 -42 11 -14 -48 ; 
12 78 95 84 46 97 51 8 68 75 30 7 96 72 79 21 53 73 73 86 50 15 88 18 36 2 10 59 44 34 46 81 66 4 9 23 5 84 41 53 42 69 91 41 56 74 49 92 65 26 69 47 47 90 84 1 94 14 8 15 27 20 87 71 69 11 54 45 24 23 89 14 14 4 27 12 68 64 88 34 60 12 100 12 21 7 47 10 100 62 24 59 79 59 71 78 63 34 95 84 72 47 71 36 6 9 18 40 4 14 43 41 73 24 46 13 14 58 75 10 74 58 19 4 76 8 84 82 26 90 83 23 63 43 89 34 58 100 42 49 22 24 33 96 49 29 20 75 8 33 55 60 35 49 82 83 88 94 97 73 12 68 2 5 43 85 42 66 72 56 72 41 87 17 96 62 3 31 37 52 31 76 8 11 43 11 47 76 66 79 94 29 36 65 18 28 33 36 46 52 43 42 88 50 28 57 57 32 21 98 93 50 80 24 70 72 45 15 28 63 46 52 19 3 23 83 33 6 55 40 55 55 12 34 81 56 76 48 94 14 17 25 47 91 21 64 82 96 95 83 24 74 62 90 6 89 73 83 15 35 48 100 54 63 90 95 90 50 66 5 88 35 99 64 90 33 22 70 11 35 91 3 32 68 59 16 57 25 42 23 25 79 24 7 41 31 99 3 55 42 43 88 46 40 88 37 87 45 44 22 82 90 32 78 73 60 66 82 76 70 65 62 33 57 53 16 42 23 29 9 77 54 71 47 71 41 99 99 73 31 62 7 56 93 55 57 36 82 4 15 60 22 83 78 48 99 72 1 11 18 75 72 32 77 36 78 84 75 20 91 34 94 49 79 98 62 26 76 70 23 87 9 53 31 4 22 79 96 25 93 86 17 63 70 33 11 10 7 79 64 71 48 81 51 45 48 74 46 98 28 32 4 74 21 27 96 57 62 24 80 65 13 53 49 98 21 68 37 29 90 21 46 80 68 72 89 42 96 36 18 33 53 38 48 5 10 100 98 51 39 22 52 83 90 24 47 3 99 66 55 55 64 84 69 30 10 77 31 28 82 34 65 26 45 80 96 32 58 58 84 76 34 45 81 70 5 48 12 24 26 45 68 15 2 77 75 15 97 48 81 40 ; 
L 23 -22 31 45 52 3 21 -10 -22 -48 28 11 -50 33 24 -37 5 -54 -80 32 9 -36 -8 3 -24 21 47 -33 -57 21 67 -12 25 -27 -50 42 22 -5 73 53 -3 -13 -1 11 -38 -2 6 45 23 -61 -32 -25 24 -37 -21 -2 -17 -34 50 22 50 -11 -26 50 -29 37 27 42 -21 22 34 -12 8 17 -10 58 34 -1 -2 -3 -50 47 78 49 21 -41 -24 45 -28 35 -56 -31 18 30 46 -34 -3 -16 -40 11 -25 39 38 40 20 -26 32 24 -42 3 72 -36 -47 9 16 -26 -49 -5 26 -35 29 75 -50 27 -35 3 32 50 13 -21 23 -42 8 -9 46 -27 -4 -36 -27 2 16 29 -85 -33 8 -5 30 -18 -30 7 44 -7 -30 48 13 36 -37 -44 -34 -15 46 -16 26 -18 -28 -49 -29 29 35 -11 -26 30 10 39 -17 -28 -35 -10 -14 -11 10 -5 -9 -19 -36 -41 41 -45 -24 33 48 -7 23 -2 -30 4 -46 -41 -45 -6 22 49 17 -15 -19 10 -34 -16 -40 -27 17 -14 4 5 -10 -20 32 -36 -17 41 22 19 62 36 -35 -33 50 81 49 -22 76 -17 -38 45 -8 -49 -45 48 33 10 23 25 64 -36 29 -27 29 8 -19 -35 37 -11 -13 -6 23 11 -50 -18 31 38 13 -17 55 -12 8 27 21 -8 30 6 -37 -23 25 -3 33 5 3 23 -15 -18 29 -47 -14 -13 19 -17 18 -47 -47 -60 -30 -30 -28 77 2 -49 22 59 18 11 -41 16 39 -16 -26 -29 20 -31 -32 -7 -9 -39 4 -3 -43 29 -29 -49 31 -27 47 39 -16 41 7 -19 -37 44 -71 2 -18 -4 -30 -23 9 30 -3 -19 47 9 30 -4 44 -43 -49 -48 -50 2 -26 -27 13 -29 1 -1 27 -38 9 -37 -48 -31 -12 -42 -34 -30 28 -27 -2 63 24 27 50 -41 -37 -21 18 -16 -9 -12 -38 -16 27 -29 -50 34 38 -10 -32 30 40 -36 -22 -17 66 45 83 13 4 7 -28 45 70 35 -18 22 34 -22 33 -50 -43 17 -38 -11 42 20 -22 -4 -30 -25 39 -36 -27 -74 3 39 -1 32 37 15 -9 19 43 68 18 12 7 -27 -7 20 -44 -23 79 20 15 31 10 -43 -20 -34 42 -10 47 -29 29 -33 -18 18 -12 -37 31 -41 -35 38 35 41 -31 -48 43 16 -84 35 -41 3 -15 35 17 7 69 20 41 3 9 82 28 25 -26 48 -11 39 42 -65 -3 3 48 14 51 29 -42 13 -14 -48 ; 
5:19 32:124 38:152 34:134 22:88 38:148 39:155 21:81 6:22 38:150 14:54 37:145 8:32 30:120 34:134 32:124 15:57 20:80 28:108 19:75 13:51 29:115 19:73 5:17 1:1 29:115 40:158 20:76 36:140 18:68 19:75 26:104 34:132 40:158 16:62 21:81 1:3 22:84 23:91 15:57 29:115 27:105 36:144 19:75 4:14 5:17 24:96 6:24 2:6 38:152 14:56 26:104 7:25 24:92 8:28 18:68 48:190 4:14 22:84 13:49 8:30 39:153 32:128 18:72 11:41 32:124 33:131 8:32 38:150 6:22 4:12 6:24 11:43 8:32 35:139 31:121 25:99 28:110 23:89 18:72 10:38 10:36 9:35 39:155 6:22 6:22 2:6 11:43 35:137 17:65 37:147 7:25 28:110 17:67 22:84 17:65 34:134 2:8 10:36 4:14 2:6 27:105 2:4 14:54 26:100 4:16 1:3 15:57 8:28 17:65 14:52 19:73 10:36 13:51 36:144 6:22 40:156 12:44 7:27 16:62 9:35 36:142 6:24 52:204 2:4 17:65 33:129 18:72 14:54 31:121 34:134 24:92 24:92 27:105 9:35 14:52 36:144 26:102 40:158 14:56 36:140 8:30 34:132 23:91 27:105 20:80 36:144 15:59 2:6 30:118 9:33 11:43 39:153 23:91 25:99 10:38 41:163 40:160 5:19 15:59 18:72 6:24 12:44 2:8 21:83 8:30 2:4 10:36 34:132 14:52 3:9 22:88 25:97 2:6 48:188 8:30 2:6 36:144 33:131 34:132 69:273 47:187 22:88 38:148 23:89 3:11 29:115 5:17 12:46 5:17 18:72 28:110 18:72 21:81 33:129 20:76 29:113 26:102 32:126 3:11 4:16 5:17 35:139 11:43 19:75 10:38 7:27 13:49 29:115 39:155 35:137 12:44 7:27 4:14 13:49 44:172 43:171 40:160 4:16 2:8 20:76 9:35 25:99 28:108 40:160 17:67 20:78 30:116 30:120 10:38 32:128 19:75 39:153 20:78 12:46 8:32 30:120 4:12 14:52 22:88 24:96 14:56 18:72 23:89 8:28 16:64 2:6 6:22 18:68 17:65 30:116 10:38 15:59 6:22 24:92 30:120 8:30 23:91 4:12 34:134 33:131 11:41 4:14 34:132 34:132 4:16 38:148 20:80 32:128 10:38 28:112 25:97 10:36 24:92 5:17 28:108 32:128 19:73 9:33 36:144 12:46 15:59 28:108 9:33 40:156 20:78 22:84 6:20 26:104 16:64 6:20 36:140 18:70 34:132 30:116 29:113 32:124 21:83 35:137 14:54 39:153 5:19 28:108 1:3 2:8 18:68 34:136 17:67 27:105 29:115 23:89 29:115 17:65 30:120 9:35 32:126 39:153 10:40 38:148 35:137 7:27 26:100 28:112 5:19 33:129 26:102 28:112 4:16 33:131 2:8 3:11 10:38 4:14 31:123 7:27 34:132 60:236 31:123 1:3 6:24 28:108 18:72 11:41 10:38 5:19 20:76 2:8 25:97 17:65 3:11 18:70 28:112 26:104 25:99 14:52 35:137 36:142 18:68 7:25 10:36 23:89 31:121 20:76 38:150 6:22 10:38 49:193 6:24 28:108 24:96 19:73 10:38 25:99 22:88 17:67 10:40 23:91 7:25 16:64 37:145 9:33 26:102 33:131 39:153 38:152 34:132 10:38 30:118 25:99 36:144 3:9 36:142 30:120 5:17 5:19 34:136 6:24 14:56 20:76 40:160 28:112 20:80 26:100 17:65 40:156 33:129 9:33 30:120 42:166 12:44 20:80 17:65 39:155 28:108 52:208 7:25 28:112 31:121 11:41 25:99 40:156 34:132 0:0 18:68 28:108 30:120 14:56 39:153 29:115 15:57 9:33 38:148 32:128 29:113 15:57 5:17 14:52 22:84 43:171 19:73 18:70 2:4 36:140 15:59 36:142 33:131 31:121 12:48 15:59 21:83 13:49 9:33 41:163 22:88 13:51 2:4 37:145 6:22 11:43 40:158 31:123 20:76 4:16 12:48 28:110 33:131 6:22 39:153 17:65 22:84 5:17 19:75 20:76 29:115 29:113 19:75 4:14 9:35 20:80 35:137 3:9 32:124 26:104 15:57 9:35 48:192 37:147 15:57 12:46 5:19 24:92 54:214 27:105 22:86 36:142 24:94 20:80 32:126 39:155 33:129 16:64 ; 
L -1 37 -41 -21 17 -11 -31 9 30 -26 33 46 26 -19 -48 22 28 -37 -46 -13 34 -28 49 -50 4 -2 -37 20 -17 14 24 -17 -47 -26 1 -38 32 -20 12 6 -45 -22 -36 -17 10 9 29 4 -12 8 14 -38 -32 -36 -1 1 -37 48 47 -30 -9 4 32 7 31 -49 26 32 -10 -43 -37 37 -48 -20 47 5 -2 -31 -49 -8 23 5 29 -46 -48 2 13 -19 10 6 -9 -20 -9 41 32 -10 44 -36 -28 -21 13 41 39 -48 2 10 -36 43 15 7 50 26 16 42 34 -28 -22 -4 -27 38 7 14 36 43 1 47 -9 -20 -16 -1 40 -41 -48 -27 31 -16 49 5 41 -25 -34 1 -5 -37 -50 -24 50 -28 24 -42 -3 -45 -15 50 20 -32 8 -36 48 2 43 -45 18 -12 -43 11 -25 22 -37 4 18 2 9 50 37 35 5 -27 9 -4 4 -47 -13 -15 2 -27 45 -18 47 43 -43 3 -15 -1 11 23 38 10 17 -49 35 4 -18 -10 38 -13 27 -12 -32 -4 12 47 41 44 24 -46 37 32 28 -37 -20 48 -11 28 31 48 22 -48 17 19 9 -32 6 48 -50 -32 -32 -9 -38 -24 27 11 7 19 -47 -42 24 -13 4 32 48 14 28 -10 39 20 9 -5 -29 26 9 26 -11 42 -32 43 -27 -2 12 -4 43 -2 -14 20 44 24 24 13 34 47 3 23 27 -42 39 -34 39 35 18 32 44 -8 39 -37 -16 -34 6 25 -6 34 -20 41 -48 -46 -5 -20 47 38 10 37 16 41 -24 7 -4 -8 -47 5 -8 6 11 -7 34 -5 37 23 -5 7 -11 -34 12 -11 -30 7 35 -19 19 8 7 -26 -12 -20 -49 -23 30 -34 -16 46 8 39 -48 -18 -45 -44 -31 -39 -43 -19 -36 -36 -47 -14 10 -37 -33 12 34 22 19 3 -47 -18 -3 49 -4 28 -38 -29 -35 -32 -46 40 -16 16 -42 38 -47 24 1 48 13 14 -1 -4 1 -12 30 26 -2 -8 36 39 7 -49 -23 45 36 -10 -39 -4 -9 -38 -48 36 28 -50 15 49 -3 -10 19 -4 -46 49 -19 -22 -44 31 -9 44 -32 -16 36 9 23 -11 27 -7 8 37 10 -40 -47 -38 -21 -28 41 6 -43 33 49 -3 -11 -47 -42 8 -34 7 8 -8 42 -50 -50 -25 -45 -26 34 50 22 30 1 -41 -15 -12 49 -11 46 -13 -16 -31 -12 -10 23 -20 47 21 -25 9 40 -25 -42 -30 32 32 43 42 20 47 -12 -44 ; 
18 24 84 26 77 55 81 29 76 33 77 20 58 25 65 12 83 43 37 50 44 72 44 9 62 8 43 29 96 39 57 33 61 9 33 76 15 10 98 41 16 55 22 41 100 60 89 94 40 82 29 74 24 100 94 62 97 3 65 29 58 89 40 44 67 10 98 44 13 85 19 53 88 51 62 90 49 48 20 53 69 69 90 1 93 37 83 53 97 6 26 34 44 32 82 88 18 1 38 42 81 77 2 65 84 26 6 61 91 93 68 31 77 80 95 89 36 58 31 100 81 47 67 81 47 29 79 16 14 82 65 52 21 29 48 15 88 43 75 86 79 51 93 11 10 10 2 65 68 41 13 91 97 7 9 65 72 9 45 85 32 1 77 29 44 64 66 70 16 76 67 46 90 96 18 11 90 92 36 74 63 80 48 51 51 90 60 33 61 73 84 76 49 18 60 24 5 95 4 14 81 59 68 66 29 39 32 43 53 94 70 45 67 45 95 68 89 33 94 29 31 52 56 80 94 63 8 17 19 86 88 25 64 27 75 90 7 15 26 5 12 81 67 22 98 52 46 67 42 24 89 14 95 54 46 36 87 54 90 85 46 7 78 9 11 27 23 43 59 88 41 39 27 62 46 95 54 37 61 74 12 7 49 97 31 36 67 71 36 78 28 37 61 74 49 67 93 50 27 13 36 25 77 90 30 88 84 15 18 8 1 65 10 78 21 11 52 1 88 38 86 91 56 25 24 18 19 57 42 2 24 39 89 38 45 14 34 97 12 44 13 53 9 12 12 94 35 24 66 64 28 13 50 80 43 9 39 28 46 9 39 14 93 21 71 22 84 6 16 13 32 99 14 88 95 29 62 41 71 67 85 93 30 78 27 70 95 26 56 5 24 36 93 41 60 12 90 6 18 15 50 43 25 39 39 18 42 93 52 3 36 87 97 11 90 71 68 15 100 26 16 16 34 31 27 30 93 59 26 17 100 63 76 81 45 53 85 46 18 26 44 12 23 56 84 66 61 95 39 78 51 47 70 26 3 97 48 19 48 51 57 34 35 94 3 37 51 24 12 70 43 86 59 78 47 20 37 98 100 61 7 55 24 3 93 82 90 38 71 71 82 12 82 15 62 56 80 22 62 31 35 ; 
L -1 37 -41 -21 69 17 76 -11 -31 9 30 -26 -3 49 28 -38 -29 -31 -12 -10 33 46 26 -19 -48 22 28 -37 -46 -13 34 -28 49 -50 75 4 -2 -37 20 -17 77 14 24 -17 -47 -26 67 1 -38 -20 -48 24 -46 28 -37 -20 48 -11 28 31 13 41 39 -48 3 -15 29 -46 -48 2 -19 10 18 -2 68 12 -4 43 -2 -14 44 24 -79 24 -23 -35 -32 -46 40 -16 -39 -54 20 7 62 -4 -8 -47 5 24 13 34 47 3 48 22 -48 17 19 9 -32 6 48 -50 -45 -48 -27 31 -16 49 4 18 2 9 37 35 -20 47 5 -66 42 -50 -50 -25 -45 -26 34 43 1 47 -9 -20 80 -16 -1 40 -22 -50 -14 -56 -7 -38 27 4 22 28 -78 -34 -42 -16 -7 -15 -43 36 -10 -19 -2 28 36 10 -32 -41 9 20 9 -6 15 49 10 -40 -47 -38 23 -20 47 53 38 -13 27 -12 -32 -4 37 -52 5 -1 34 15 13 -57 47 -51 -4 4 -9 -64 27 -58 -27 45 -18 47 43 -43 -21 -16 -37 -10 -59 -38 -47 20 5 12 47 41 27 48 34 11 -7 5 -1 1 -37 48 70 -50 -24 50 -28 24 -42 -3 -45 16 34 -30 16 -73 13 -46 2 -5 -4 9 -47 46 48 -41 9 4 39 10 -36 49 -7 -39 -71 -36 31 -9 44 -32 -16 23 -11 -47 -18 -21 41 6 -43 33 49 61 -3 -11 -42 8 -34 -23 -34 7 21 9 40 72 -3 -4 -5 -23 8 49 31 2 8 -8 -7 12 6 -45 -22 -36 -17 -35 -39 34 -39 42 -27 -23 22 19 -49 46 -47 -42 24 -13 4 32 48 14 28 -10 39 20 -5 -29 26 9 26 -11 81 42 85 -32 -1 -24 47 -38 42 -16 36 32 38 -14 -8 12 -4 -29 -9 -10 18 32 44 -8 39 -37 -16 6 25 41 30 1 -38 -48 -41 -15 -12 83 -6 34 -20 36 84 28 -50 -45 -44 82 -31 60 32 32 43 -39 -43 -36 55 -36 -47 -14 -37 -33 12 34 22 3 -7 8 -25 -42 -30 47 42 -8 -46 -15 50 20 -32 8 -36 48 2 43 -45 18 -12 11 8 11 -25 48 -37 37 43 10 -26 49 -31 -7 -32 22 -37 49 -11 25 -41 -5 23 -32 -32 -9 -38 30 26 -8 63 -24 27 11 7 19 -1 11 74 23 38 10 17 65 -49 35 -18 -10 -11 -6 13 14 -1 1 -12 44 41 49 20 12 26 -8 -19 19 -35 -7 30 -12 -12 -44 ; 
8:28 10:38 34:134 11:41 36:144 16:60 23:91 27:107 33:129 12:46 31:121 14:52 28:108 36:140 11:43 25:99 17:65 22:88 3:11 22:88 19:73 8:32 24:92 10:40 26:104 5:19 34:132 18:68 15:59 20:80 18:70 29:115 18:70 4:14 8:30 37:147 4:12 18:68 12:46 39:153 30:116 13:49 23:91 14:52 25:97 4:14 23:91 9:33 31:121 8:32 32:126 16:62 28:108 55:217 12:46 13:49 21:83 23:89 32:128 38:150 12:48 31:123 1:3 26:104 57:227 20:78 18:70 1:1 38:148 15:59 10:40 39:155 17:65 6:22 27:105 37:145 36:140 17:65 16:62 11:43 39:155 38:152 3:9 11:43 5:19 36:142 27:107 34:136 38:148 12:48 26:104 9:33 32:128 13:49 36:142 12:46 5:17 21:83 1:1 21:83 15:59 25:97 30:118 5:19 25:99 4:12 7:27 8:30 35:137 36:140 10:40 26:102 11:43 30:120 35:137 10:40 12:46 20:76 6:24 36:140 13:51 27:107 19:73 36:144 36:144 5:17 17:65 25:99 36:144 14:54 27:105 14:54 14:56 38:150 2:4 15:59 21:81 8:28 19:75 12:46 32:126 7:25 17:65 29:115 33:131 26:104 17:65 5:19 13:49 34:136 2:4 33:129 40:160 13:49 24:92 15:57 30:120 13:49 38:152 32:128 33:129 38:148 37:145 25:97 3:9 9:33 13:49 2:4 16:60 4:16 36:140 33:131 13:51 18:70 14:54 11:41 10:38 6:24 14:52 5:19 10:36 23:89 23:91 2:4 38:148 58:232 31:121 16:62 13:51 18:68 22:84 38:150 16:62 26:100 35:139 38:148 21:81 18:72 21:81 30:120 10:40 32:128 36:142 26:100 30:118 12:44 18:72 19:73 25:99 24:96 14:52 25:97 30:116 34:134 23:91 36:140 1:1 4:12 28:108 36:144 6:24 34:134 36:140 18:72 18:72 27:107 24:92 13:49 10:36 1:3 17:67 23:91 21:81 25:99 39:155 2:4 34:136 4:12 4:16 1:3 26:104 28:108 17:65 6:20 37:145 25:97 14:56 38:150 20:78 26:102 36:144 40:156 16:62 32:124 29:113 36:142 27:107 12:46 36:144 31:123 30:120 15:57 2:4 21:83 38:148 12:44 16:62 10:40 23:91 4:14 10:38 11:41 7:27 40:160 26:100 7:25 22:84 20:80 40:158 12:44 46:182 38:152 16:62 32:124 21:81 20:78 6:24 28:112 0:0 39:155 20:76 12:48 9:35 23:89 26:104 35:139 29:113 37:147 28:110 14:52 37:145 28:110 28:110 22:84 8:32 20:76 14:56 21:81 20:76 10:40 17:65 7:25 22:88 9:35 17:65 20:76 29:113 27:107 15:57 13:49 39:155 20:78 21:83 12:48 11:43 13:49 31:121 21:83 19:73 27:107 17:67 10:38 36:142 6:22 38:152 22:86 19:73 15:57 17:67 36:144 34:136 19:73 3:11 32:124 15:59 19:75 13:49 6:24 3:9 23:89 11:41 38:152 28:112 11:43 35:137 40:160 10:38 30:118 12:46 33:131 16:64 38:150 36:142 24:96 36:140 32:124 12:44 15:59 25:97 30:118 20:78 33:129 20:80 24:94 33:129 18:68 25:99 39:155 28:108 24:94 32:124 36:144 12:44 6:20 15:57 2:6 3:11 34:136 29:113 24:94 32:128 12:44 33:131 38:148 50:198 6:24 25:99 27:105 16:62 28:110 14:52 39:153 16:62 6:22 15:59 29:113 9:35 34:134 3:9 2:4 18:70 8:28 5:17 33:131 5:19 7:25 22:88 26:102 27:105 24:96 3:11 4:14 26:104 29:115 4:14 18:72 34:136 13:51 1:1 31:123 12:46 37:145 12:46 58:228 27:105 26:104 36:140 22:84 8:30 34:136 8:32 40:156 4:16 27:107 18:70 30:118 7:25 41:163 8:32 34:132 35:137 30:120 15:59 23:91 3:11 6:24 11:41 61:243 3:9 8:32 39:155 27:107 5:19 33:129 27:107 9:35 12:46 24:96 34:134 32:128 2:8 38:152 2:6 6:22 20:80 33:129 46:184 27:105 25:99 35:137 15:57 15:57 38:148 32:124 5:19 9:35 31:123 4:16 4:14 22:84 6:20 9:33 39:155 14:54 6:22 18:72 16:60 30:116 51:203 13:49 14:56 ; 
L 8 40 13 49 32 45 4 14 32 -28 50 -45 -41 29 -32 41 -17 -30 23 -23 -38 -18 12 46 -38 -2 25 -44 -31 -41 22 48 -2 18 -14 -10 -2 -46 17 -41 -35 5 -2 20 2 -33 -24 21 15 27 13 6 -31 -43 -19 1 -29 -38 30 48 6 9 26 -33 -13 29 5 -10 28 -34 28 -7 4 35 -4 4 22 -24 6 -1 -43 -36 -35 -3 40 30 27 -38 18 34 -16 11 -42 33 -28 -6 -10 -43 -28 -17 -21 -38 23 1 17 47 9 -43 6 -28 -33 -17 33 -44 -41 -22 -7 -12 -20 20 16 -2 40 -38 16 38 13 -8 28 -37 -17 -33 5 23 -6 -10 -21 -4 -21 -15 13 9 36 -30 -15 -29 -4 -46 -46 38 -1 -34 -20 -24 -33 44 14 -29 -38 28 22 -38 32 49 48 -46 -31 32 -6 24 -29 28 29 12 49 47 17 -19 -32 -39 -20 26 38 -45 37 17 -24 43 -31 19 -42 8 -1 -6 -43 -37 9 -43 -23 -41 1 48 -9 22 -12 17 -17 9 16 -16 -44 19 -17 -6 24 49 21 39 4 50 50 -39 33 -33 -19 -11 -3 8 -46 -20 3 1 -9 -28 12 12 -11 1 -32 -17 22 1 2 15 -34 -35 14 -30 47 -23 31 -9 1 16 16 -35 35 17 -44 34 12 -11 -17 -24 -15 -26 47 -20 48 27 -46 45 33 1 -42 -15 -8 10 -16 33 -35 -7 -46 4 -36 49 -34 37 37 3 -26 -22 -8 -3 41 46 18 -2 48 -1 -8 -42 46 -27 10 -37 48 50 -14 31 -30 -26 49 18 -16 -20 19 -5 31 -38 -14 -8 -4 21 -40 1 49 7 5 -49 -43 14 -12 13 38 -28 21 1 -12 -49 3 19 -24 31 -42 50 24 47 43 5 -49 50 17 -44 -17 15 42 -33 23 -25 46 47 49 26 16 -4 -30 32 -10 -21 35 7 -32 -40 -29 4 23 -4 4 -1 -2 -13 -23 30 -43 -30 -10 31 5 -38 23 -47 14 39 -24 6 -6 1 6 -16 39 -16 39 -34 31 -15 -29 8 -16 -44 46 36 37 -11 -4 41 7 -21 -13 43 -40 38 49 12 2 -31 -16 8 27 -34 38 -48 -49 40 9 24 -47 13 19 -8 6 35 -36 3 47 -42 26 46 -31 -45 43 25 -8 37 -23 -48 6 -41 28 -43 -16 -37 27 -11 36 -46 -8 -45 24 46 13 33 -28 -5 34 46 -41 -37 47 27 39 -30 18 -32 1 45 -12 24 -34 -49 -26 -2 29 -6 23 -43 12 -28 -39 -27 ; 
99 16 51 63 85 58 23 69 46 34 18 40 1 7 91 85 96 49 24 17 8 14 64 7 11 37 61 44 36 8 71 40 100 76 8 91 15 39 80 28 36 94 87 55 24 43 16 72 12 17 85 73 94 99 90 60 46 88 85 80 18 64 14 1 20 65 43 38 18 36 2 35 97 17 13 98 43 3 47 81 70 40 57 75 66 94 96 62 95 36 38 76 55 58 94 62 59 83 34 90 66 31 33 21 42 92 37 49 52 30 3 81 80 40 42 14 37 44 43 65 83 50 98 2 75 95 27 31 23 57 45 18 5 90 75 43 76 55 82 24 7 45 11 79 4 1 65 37 78 89 39 70 30 7 25 27 54 79 99 29 72 37 70 61 51 47 85 93 73 12 31 87 87 47 40 48 53 55 59 76 46 27 87 83 40 94 70 37 68 3 31 100 38 7 60 59 100 2 96 71 70 68 45 26 84 46 25 89 72 81 67 77 49 44 63 9 97 48 99 83 3 64 88 79 60 84 40 5 98 47 21 73 5 1 42 64 46 99 16 62 58 66 42 94 18 15 60 30 62 90 100 27 98 39 88 71 17 5 10 93 37 87 78 18 12 6 56 32 91 15 59 43 38 84 49 42 68 8 98 65 100 46 27 69 76 18 30 9 56 31 6 63 98 57 21 80 21 37 87 11 15 68 49 36 57 69 49 37 24 73 71 56 95 54 43 41 72 47 27 15 87 4 36 36 1 77 18 36 95 35 62 25 4 73 67 81 31 2 54 54 4 93 85 71 15 90 51 79 31 21 10 83 45 65 67 75 73 90 58 53 84 25 80 5 44 39 13 80 16 81 73 91 92 12 41 72 90 87 77 66 92 82 87 63 89 47 21 18 52 32 83 16 9 49 89 26 69 5 25 84 12 80 37 64 84 3 85 50 13 44 55 7 52 83 53 51 55 92 32 71 45 85 92 34 9 58 1 55 1 14 61 64 57 58 77 41 13 21 29 14 12 4 37 14 32 93 74 40 88 45 53 49 59 86 84 84 23 43 8 99 57 50 36 12 79 75 37 30 43 86 74 52 54 36 25 15 74 67 82 9 54 12 34 51 95 10 44 61 38 96 63 73 54 48 51 20 78 59 62 73 37 ; 
L 8 40 13 49 32 45 85 4 14 41 32 -7 -35 21 10 -32 30 4 -16 -26 -49 -47 -46 25 -77 -23 33 -42 -15 44 -17 -50 49 83 15 -31 34 -39 1 39 32 19 9 -43 6 -28 -33 -17 33 -41 -22 -7 -12 -20 16 -2 79 8 12 2 24 30 -17 -47 -23 -48 6 10 14 -18 2 -48 -37 -43 -23 63 -41 -49 -12 43 32 -1 11 -12 6 62 35 -13 12 43 49 -5 -7 -38 37 -32 31 46 -19 1 -29 -38 -1 -3 20 46 -8 3 11 19 33 -33 39 -50 -50 -4 57 -6 49 21 39 -34 -35 46 33 -28 -5 34 46 -41 -37 47 78 31 -38 -14 -8 -4 21 -40 52 36 -4 46 -7 -41 4 -48 -49 -32 38 -22 -84 -76 -74 16 -10 15 42 -1 -33 -45 46 -27 -48 20 -47 26 15 24 17 11 -12 -34 44 -17 -35 35 -16 -67 -16 -1 9 -31 23 -47 -14 24 43 5 13 33 -26 -9 -6 27 -47 -17 -1 -23 38 17 28 43 10 -66 6 28 -33 42 -11 -82 16 -34 -56 -18 -27 -30 -42 60 -24 8 46 -36 11 -28 38 29 -14 -44 24 20 34 1 -15 -21 43 6 1 -8 42 -19 31 -43 -36 -46 16 32 49 34 -37 -69 8 -25 2 -46 -12 18 38 19 -24 31 -40 3 35 36 43 8 -72 -19 -13 47 -24 -64 -9 -40 49 -70 48 -38 -4 4 -23 -4 38 -81 27 13 6 -31 -43 11 -37 -27 37 16 -9 -28 12 1 -6 -53 -5 10 -37 48 50 -14 31 -26 75 49 -1 -2 55 54 -28 -23 -3 -17 22 1 2 15 17 -19 -80 -65 44 16 -16 -9 12 -22 9 -48 -1 12 -1 -21 28 -38 -36 3 47 -42 26 16 -18 20 2 -24 41 31 28 50 -41 34 -27 -8 16 31 6 -6 6 -16 39 -16 49 -34 37 37 3 -26 -22 -8 -3 41 46 18 -2 8 -38 -16 38 -40 73 58 29 -10 28 -34 28 -7 4 35 -4 4 22 -24 -38 23 -47 14 39 -26 -2 46 46 -61 4 29 44 15 30 -36 -9 15 21 4 -59 21 10 6 -23 -5 33 17 27 -46 42 8 1 -48 -6 24 -29 28 71 29 12 49 24 -17 -37 45 -38 -26 20 7 35 -33 -24 12 -45 -49 -43 13 21 44 -25 -43 45 31 -46 -20 19 -5 -48 43 -28 41 32 51 -2 29 -6 23 -23 30 17 -40 -29 -46 -41 -35 68 5 -2 29 -32 -13 -23 30 -43 -30 -10 31 -39 -27 ; 
40:158 7:25 21:81 26:100 34:136 24:92 2:6 35:139 28:110 24:96 41:163 37:147 37:145 30:116 33:129 7:25 32:128 6:20 16:62 18:70 2:8 32:128 10:40 34:134 20:80 29:113 24:92 36:144 30:116 57:227 26:104 18:72 34:132 2:8 16:64 2:4 34:134 26:102 17:67 21:81 31:121 24:94 22:86 20:78 21:83 12:48 2:4 33:129 32:128 3:9 6:22 15:59 18:70 18:68 29:115 20:80 32:124 82:326 4:16 4:14 13:51 39:155 10:36 22:84 32:126 34:134 10:36 21:83 37:145 4:12 31:121 40:160 4:16 41:161 39:153 16:62 37:145 40:160 17:65 32:124 10:40 7:25 40:158 19:73 4:14 28:110 36:142 24:94 30:116 8:30 25:99 14:56 38:152 19:73 13:51 10:40 38:148 34:136 30:118 24:96 19:73 36:140 10:36 30:116 9:33 19:75 40:156 2:8 16:64 34:134 24:96 32:126 36:140 26:102 2:4 34:132 28:110 33:131 6:20 39:155 20:76 24:94 6:24 30:120 5:17 22:86 15:57 10:40 6:24 30:118 27:107 33:131 39:153 4:14 6:24 35:139 2:6 15:57 15:57 1:1 1:1 22:84 31:121 28:110 21:83 22:88 21:81 30:118 21:81 25:97 28:112 15:59 24:96 23:91 22:84 30:116 40:156 9:35 17:67 20:78 34:134 16:60 18:68 24:94 6:24 37:145 13:51 23:89 3:9 5:19 8:28 32:124 35:139 15:59 38:148 4:16 2:8 7:27 29:113 36:144 34:136 16:62 40:156 11:43 40:160 36:144 6:20 16:60 37:147 9:33 10:40 8:32 1:1 6:22 26:102 11:43 6:24 37:147 17:67 9:33 14:52 35:139 36:144 14:54 34:132 26:102 18:70 25:99 38:150 24:92 22:88 36:140 8:30 16:60 30:116 2:4 49:193 39:153 3:9 18:72 35:139 14:52 15:59 30:120 32:126 12:48 12:46 40:158 32:126 22:86 7:25 3:11 12:48 28:112 6:22 5:19 35:139 24:96 3:11 16:60 40:160 13:49 2:4 28:108 43:171 3:11 34:134 11:41 7:27 39:153 8:32 38:148 10:36 6:22 25:97 7:27 3:11 26:102 6:22 34:136 34:136 29:113 42:164 27:105 30:120 23:91 16:64 8:28 25:99 23:89 12:46 9:33 6:20 5:19 30:118 31:123 24:92 33:131 3:9 26:102 36:142 24:94 35:139 36:144 40:158 34:136 5:17 34:136 30:116 38:150 40:158 17:67 34:132 8:32 15:57 20:80 12:44 1:1 17:67 48:190 33:129 4:12 12:46 11:43 28:110 20:78 15:59 10:38 30:116 4:12 31:121 18:72 24:96 37:147 16:60 20:76 7:27 9:33 19:73 27:105 24:92 27:105 17:67 38:150 3:9 20:78 11:41 39:153 4:12 27:107 33:129 29:115 17:67 34:134 11:41 18:72 28:108 10:38 22:86 1:3 13:49 33:129 18:72 6:22 13:51 38:148 30:118 22:86 18:68 6:20 10:38 18:68 58:228 4:12 26:102 4:16 6:24 10:38 6:22 1:1 22:88 1:1 21:83 28:110 7:27 34:134 5:19 32:128 21:81 12:48 4:14 23:89 13:49 3:9 26:100 40:156 23:91 9:33 32:128 9:33 15:59 30:120 15:59 38:152 30:120 1:3 27:105 4:14 40:160 2:6 8:28 15:57 1:3 14:56 39:155 7:27 6:20 40:156 18:68 2:4 31:123 34:132 7:25 4:14 20:78 43:171 5:17 27:107 32:124 5:17 12:46 26:104 4:16 3:9 2:6 32:126 5:17 16:60 10:38 33:131 13:51 17:67 31:121 18:68 30:120 36:144 2:8 8:28 24:92 15:57 20:78 28:108 6:24 5:17 28:110 5:19 13:49 35:139 29:115 33:129 19:75 16:64 8:32 28:112 38:150 16:64 34:132 35:139 11:43 23:91 19:73 40:160 34:134 25:97 18:70 15:57 60:236 29:113 13:51 29:115 36:142 20:78 22:84 18:72 36:140 11:43 29:115 19:75 9:35 14:56 40:158 4:12 12:48 26:102 39:153 22:86 20:76 9:33 7:27 10:38 20:78 3:9 17:65 14:54 31:121 15:57 7:25 33:129 35:139 23:91 37:145 23:89 35:139 26:100 36:142 19:75 9:33 8:28 19:73 30:116 15:59 ; 
L 45 45 -22 36 -37 11 -27 48 -16 43 37 43 10 -9 39 42 -16 43 -3 20 21 -2 16 9 21 -28 31 -31 -29 -33 14 -29 30 18 -4 22 26 -26 44 5 -31 -44 -14 -45 25 -10 17 -21 -47 37 43 25 -11 -29 35 -20 -1 17 -21 -13 -31 -48 -46 44 -30 -31 41 -20 28 -9 -17 -29 -29 43 -12 26 -40 -13 -21 10 28 9 38 -14 -19 17 -10 -49 -2 4 -21 20 15 10 -44 -6 -37 25 12 -38 20 49 41 25 43 -16 -7 29 20 -31 -13 -40 -38 -18 26 -12 36 45 -43 -11 -22 -23 -45 28 -21 13 -49 49 16 -46 -30 21 2 -50 -35 31 20 37 -31 35 -36 -23 -49 -1 33 -26 -40 12 45 23 -16 -48 -18 50 33 33 4 -28 -47 9 -8 35 -39 -11 6 -14 15 5 -38 -11 14 -27 35 -48 26 -4 20 -25 -47 41 -48 31 46 27 33 33 -27 -5 -33 -8 42 -47 24 14 42 41 -26 -24 3 19 33 -45 33 -40 26 -36 -6 10 -8 3 9 41 -35 34 49 -14 -4 3 -8 30 -14 42 35 42 -28 46 40 -16 -27 -33 48 30 41 -47 -5 14 -14 -10 -15 -48 -10 -36 49 -19 -27 15 27 20 30 3 -7 -12 6 3 25 -10 -5 -17 22 25 30 -7 -18 12 1 24 -29 -13 -16 -17 -44 4 -23 9 -17 28 -6 29 2 48 -16 14 -16 38 -11 -49 -4 1 18 38 14 10 19 42 41 -12 18 -44 -10 -22 -17 -5 40 -21 47 15 -31 -2 -38 48 -13 42 -41 -40 -48 -44 11 -20 24 49 -24 -44 -49 -18 -24 -13 3 -33 21 42 44 -49 -3 -31 3 -29 -32 31 28 -33 28 40 45 10 35 6 14 36 -12 -15 22 -12 48 -3 34 -12 -6 -23 15 -50 46 -16 -42 4 15 9 32 -4 -33 -49 -40 42 24 8 -41 11 -40 -23 -11 17 -40 -42 -2 -8 27 43 -40 -28 -49 11 -7 -1 -4 26 -19 -10 -2 22 47 50 -39 -49 35 -3 41 -11 26 46 -42 -29 -22 41 46 -40 5 40 -44 30 -32 -24 2 7 6 2 -34 20 17 9 15 -44 -30 -2 -42 -38 35 -12 -38 -13 11 24 21 -29 -39 -13 -3 15 39 -46 44 -25 39 2 26 -37 -14 -12 5 11 -35 29 -22 38 -48 -46 26 26 -29 47 6 -2 29 -4 18 -20 -8 -43 19 25 10 47 -6 -35 15 40 33 -47 -43 16 -39 17 49 28 -33 22 25 -29 30 -48 -18 14 ; 
53 88 30 20 63 57 60 6 79 33 97 34 90 33 35 51 87 67 12 28 86 96 75 53 37 45 96 58 6 36 64 23 39 33 75 47 57 46 55 25 97 68 58 39 64 58 18 13 89 23 18 32 68 21 2 58 84 46 48 38 96 63 90 86 28 83 7 38 60 69 32 73 30 7 30 80 90 69 20 38 61 46 98 55 63 96 65 1 19 100 80 56 26 40 78 78 11 44 1 83 5 73 41 71 51 99 25 28 14 78 96 13 21 54 16 93 88 49 18 82 44 43 11 13 3 73 64 34 16 32 30 71 73 25 58 44 57 57 2 92 43 26 46 65 80 100 71 44 50 65 80 60 29 47 65 75 78 47 54 63 10 20 50 23 61 93 87 28 17 31 99 73 98 96 96 4 9 25 66 26 10 87 20 58 53 43 26 77 13 50 94 46 12 87 98 95 16 4 83 22 3 2 73 12 32 79 51 41 99 55 84 73 14 34 11 89 96 66 69 36 86 100 44 88 19 47 96 84 48 91 95 95 42 20 46 19 62 87 92 9 85 79 83 5 38 41 20 71 73 93 48 93 28 54 58 38 75 73 85 41 47 19 43 41 15 16 30 16 4 93 68 21 13 46 50 47 41 69 69 45 57 39 72 69 78 57 85 3 92 51 83 5 68 3 16 42 52 37 41 29 51 51 62 29 95 41 54 24 10 56 17 39 83 8 90 81 82 57 89 33 73 85 17 78 93 16 21 83 74 77 28 53 23 55 26 61 86 20 27 12 85 14 77 27 40 30 100 3 35 36 73 33 37 75 28 82 91 47 95 92 13 55 74 85 43 9 88 72 79 75 77 94 97 90 46 92 30 97 5 47 64 73 43 81 20 71 26 83 56 63 26 23 13 75 37 35 8 44 1 44 39 36 22 28 27 12 84 94 99 90 50 30 51 12 97 72 53 33 44 66 77 80 46 60 97 11 75 48 85 27 75 90 27 36 90 82 29 31 21 90 16 2 99 100 90 14 27 72 2 40 93 16 69 41 84 33 54 57 66 50 21 15 75 41 84 74 37 72 74 30 88 34 86 69 20 39 59 38 92 30 41 76 88 42 35 28 13 48 21 43 84 47 71 67 3 94 85 79 72 86 47 ; 
L 45 45 -22 36 -37 -27 48 -16 43 37 43 10 -9 39 42 -16 43 -3 20 21 -2 9 21 -33 -49 82 42 24 8 -41 11 84 -40 9 38 -14 -19 -7 23 -4 44 17 -50 -47 -22 2 -75 10 19 -26 23 -35 -37 -20 -31 12 -36 -14 -63 -6 -35 -10 14 -27 35 -48 26 -4 20 -25 -47 41 -48 31 27 -49 79 -42 -2 -29 -28 17 -32 2 -5 -33 -8 42 -47 24 14 -83 26 -41 -42 -53 -24 3 19 33 -44 -35 15 -10 15 40 33 -47 -43 16 -39 3 -8 30 -14 42 35 42 46 -16 -85 -49 49 21 -28 45 23 22 11 43 -58 -45 -36 12 -26 18 38 40 13 -81 31 -20 30 18 -4 22 26 -26 44 5 -31 -44 52 -42 4 15 9 72 32 -4 20 17 9 -45 25 -10 64 17 66 -21 -47 37 43 25 -11 -29 -20 -1 17 -21 -13 -31 -48 -46 44 -30 -31 -20 -12 6 -70 29 31 -31 28 -4 7 6 74 2 -34 -12 18 7 -30 -25 15 -31 -2 48 -13 42 -41 55 -40 -48 -45 33 -40 26 -36 -6 73 10 -49 -20 11 38 -5 -15 14 -6 11 39 -35 8 -9 47 28 -4 -61 48 -33 18 48 16 -23 -45 -12 -78 40 26 -33 1 49 -17 -5 40 -21 47 -22 5 10 -14 41 -25 -3 77 -33 14 -29 7 16 -43 -80 -25 -8 3 9 41 -35 34 2 30 44 41 -46 26 -15 16 50 -71 -15 23 -56 32 29 31 3 49 -46 44 -25 39 26 40 -17 23 -67 -28 -60 -10 21 21 2 -50 -35 -15 22 -12 48 -3 -12 -6 76 31 28 -33 28 40 24 -65 18 49 44 24 -49 -24 20 -62 -11 -47 -12 -44 -22 4 1 7 49 28 40 -43 8 2 42 -37 19 25 10 -41 -42 -19 -10 -14 -38 -18 -1 4 49 11 -3 -38 -13 11 24 21 27 20 -29 -39 -14 -12 5 11 -35 29 -22 -47 -5 14 -11 39 16 13 -24 -1 17 49 28 -25 -22 33 -29 30 -48 17 -10 -49 -2 4 -21 20 15 40 -46 -41 22 29 10 -6 -30 -43 -13 -3 13 40 -26 12 -43 29 29 17 9 -28 9 -16 14 -16 68 38 -35 49 26 46 -42 5 40 -44 30 -48 -38 35 -12 -10 33 33 -27 -29 2 51 25 -38 -45 -13 3 -33 21 42 44 57 -10 -48 54 -39 -15 8 20 -6 -47 29 -26 -30 -59 -48 33 27 16 -40 -46 28 -69 14 -36 -15 27 49 30 3 -18 14 ; 
22:84 36:140 12:48 8:32 26:100 25:99 3:9 32:126 14:52 39:155 14:54 36:144 14:52 14:56 21:81 35:139 27:107 5:19 12:44 35:137 39:153 42:166 15:59 22:86 30:120 16:60 40:156 39:155 36:144 19:73 37:147 16:60 2:4 2:4 40:156 22:88 26:100 20:80 34:134 6:20 9:33 28:108 22:88 18:70 1:1 18:70 14:56 35:137 14:56 15:59 37:147 12:46 20:80 23:91 23:91 10:36 14:56 2:4 16:62 40:156 12:48 16:64 24:92 30:116 40:156 39:153 39:153 2:6 4:14 10:40 27:105 11:41 4:16 35:139 22:88 35:137 17:67 10:36 12:48 28:110 34:132 19:75 18:70 20:76 29:115 6:20 20:80 38:150 19:73 5:19 35:139 33:131 11:41 7:25 38:152 18:72 32:124 34:132 9:35 2:4 8:32 50:198 12:46 15:59 33:131 17:67 14:56 12:44 6:20 20:76 9:33 16:62 28:110 15:57 35:137 40:160 18:70 36:140 8:30 13:51 11:41 38:148 14:54 52:206 2:4 6:20 5:17 18:68 18:70 33:131 23:91 38:148 20:78 36:140 38:148 7:25 22:86 9:33 6:20 34:132 10:36 32:124 18:70 14:52 30:120 19:75 23:91 19:73 22:88 10:40 39:155 28:108 4:16 38:152 34:136 18:68 4:14 24:96 12:48 29:115 30:116 30:120 20:76 38:148 26:102 24:92 25:99 11:41 22:86 30:118 36:142 10:36 8:28 13:51 28:108 9:33 18:68 34:134 19:73 20:76 16:60 39:153 26:100 36:144 35:137 12:44 34:132 8:28 21:81 12:44 5:19 25:97 3:9 24:92 39:153 20:80 22:86 19:73 38:152 1:3 39:155 18:70 17:65 18:68 8:30 19:75 22:88 22:86 10:38 8:28 7:27 16:62 34:132 19:73 11:41 36:144 26:100 30:116 5:19 13:51 32:126 21:81 18:68 17:67 40:160 30:116 20:76 13:49 7:27 12:44 35:139 38:148 25:97 10:36 20:80 8:32 4:16 26:100 22:86 19:75 16:60 33:131 22:84 39:153 12:46 24:96 32:128 26:104 20:80 26:104 29:113 29:113 40:160 32:128 26:104 32:126 21:81 25:99 12:46 38:152 11:43 2:8 30:120 8:32 13:51 13:49 24:92 24:94 26:104 26:102 10:36 5:19 10:40 40:158 7:25 32:126 40:156 22:88 34:134 30:116 6:22 14:54 13:49 36:144 30:120 18:70 6:24 34:134 15:57 22:86 4:14 34:136 36:140 38:152 38:150 12:44 35:137 20:80 22:88 10:36 25:97 1:3 16:64 38:148 19:75 10:40 26:102 17:65 19:73 38:152 16:62 34:134 16:60 23:89 30:116 10:40 24:92 23:91 30:116 14:52 15:59 30:120 28:108 37:145 19:75 10:40 11:43 5:19 34:136 6:22 19:75 13:49 34:136 32:124 7:27 34:136 30:116 14:52 36:142 22:84 28:108 12:46 22:88 29:113 20:76 1:1 6:20 10:36 21:81 23:89 34:132 11:41 26:100 33:129 18:68 36:142 26:102 16:60 37:147 7:27 7:25 2:4 28:108 2:8 34:132 21:81 37:147 2:4 34:136 23:91 41:161 10:36 13:49 9:33 36:144 7:25 12:44 29:113 19:73 40:158 70:278 14:52 22:86 23:91 27:105 20:80 9:33 19:73 19:73 8:30 25:97 35:139 31:123 2:6 7:27 7:25 8:30 34:134 19:75 29:113 2:4 27:107 38:150 34:136 32:126 33:131 26:104 1:1 8:30 40:160 32:128 23:89 11:41 7:27 5:19 21:81 12:48 20:80 20:76 55:219 19:75 20:78 2:8 36:144 14:54 28:110 36:144 32:128 12:48 3:11 12:48 30:116 13:51 28:110 26:102 15:57 16:62 29:115 34:136 32:128 2:8 9:35 14:52 38:150 40:158 65:259 29:115 22:84 14:52 29:113 21:81 36:144 33:131 39:153 24:92 18:68 11:41 22:88 36:140 2:8 12:48 4:16 10:40 19:73 9:33 34:132 30:118 31:123 12:44 38:148 42:166 26:100 5:17 24:96 11:43 2:8 8:32 15:57 30:118 29:115 15:59 26:100 37:147 24:96 38:152 37:145 20:76 34:134 39:153 19:75 18:68 35:137 31:123 26:102 17:65 20:76 13:51 38:148 34:136 35:137 19:75 ; 
L -48 -50 37 -3 -4 22 -38 -6 2 24 -50 43 34 50 7 -17 -40 -29 -30 20 29 -3 23 -14 -48 5 23 -31 -28 -31 -31 -22 -18 12 -50 -41 49 -48 23 -4 50 -44 49 -3 -10 48 16 -49 -41 -9 -47 -9 40 33 -6 -23 48 23 43 39 16 35 -11 -8 28 -26 26 -22 7 -45 3 -26 -44 27 -33 30 -17 -41 14 21 -39 9 25 -14 9 -30 -39 49 -5 14 -38 40 4 -41 -45 -27 27 14 -35 -33 -32 -22 41 23 48 11 -43 -50 5 -13 24 -2 -26 -45 20 41 11 50 7 6 15 -35 46 -34 -37 38 42 20 -41 -48 -48 39 17 -10 43 40 40 24 46 -27 -28 -2 -12 32 2 2 -25 1 -45 -27 20 -27 -10 28 -48 -47 37 4 -11 -11 -18 24 -43 1 28 -18 -12 -24 19 46 -32 -4 -23 36 25 -3 47 -42 -33 -21 21 -12 44 -46 10 30 -45 -21 -31 -19 -11 29 44 -9 -28 -20 27 -23 20 20 10 33 -18 8 -17 -40 -23 -9 38 38 31 49 -45 -16 -8 -14 23 -29 27 -33 -45 -1 27 -43 -37 -42 18 4 25 -11 -29 5 12 -11 35 29 -36 -46 38 -21 -15 -37 43 -45 -49 29 45 -43 16 1 25 25 -42 26 -27 7 36 -25 31 -49 28 -14 35 -3 10 35 23 46 34 33 9 46 30 33 -28 -4 -28 3 -13 38 -49 10 34 -24 -4 -29 15 46 -30 -22 5 -35 45 19 50 -18 -24 34 -8 9 -22 -34 27 -20 34 6 -1 16 27 29 -7 -14 10 46 48 -23 22 -43 -12 -6 42 -35 34 -20 11 5 33 47 41 -15 -50 -43 -38 42 50 34 -47 -47 -11 -26 6 3 -10 -10 -1 -24 12 20 30 -39 -31 28 24 47 9 19 -2 -21 -39 37 -49 -47 31 -35 47 -32 -19 -33 19 -4 -38 16 -9 43 20 -42 43 -22 -1 -18 44 -42 36 -12 43 14 -45 -32 -1 14 30 39 -9 -7 39 -21 -34 36 40 -40 -13 -39 -50 -17 -28 24 -45 -36 41 38 47 12 5 40 -25 -21 -3 16 13 -3 -5 44 1 -8 5 16 33 22 2 -45 2 33 18 36 -42 -6 -10 -34 20 -1 43 45 -26 -39 -31 35 -47 -33 34 21 -28 -9 44 17 40 -32 28 35 -48 -37 -17 -29 -48 39 -27 -7 -5 14 -20 21 3 -13 -30 31 -11 15 -28 21 38 7 28 34 -47 -32 -11 -5 4 24 28 19 -7 -4 -37 46 -45 -30 12 19 37 -32 ; 
6 66 92 40 76 36 67 74 87 100 15 96 35 51 12 35 64 73 56 36 39 51 76 73 89 97 85 73 23 17 92 30 94 27 93 13 49 79 40 78 25 59 42 76 3 78 19 34 27 5 68 72 46 44 72 44 46 85 45 14 12 20 94 92 51 19 51 61 37 35 21 89 37 4 52 26 91 45 95 65 37 73 36 88 10 35 66 17 65 44 90 43 87 87 4 48 4 29 82 87 39 8 93 24 45 74 64 40 37 52 13 9 96 92 32 72 82 80 7 11 64 62 79 59 70 59 41 35 39 60 98 79 59 89 54 73 19 81 39 17 20 53 45 84 54 36 25 80 8 67 48 15 11 23 20 40 96 96 68 68 91 97 93 62 70 35 14 79 73 97 46 8 40 1 4 9 87 11 69 77 31 64 30 58 91 29 53 83 73 2 22 86 83 19 4 70 88 69 45 98 60 95 86 85 62 18 4 28 68 37 41 30 49 88 99 1 99 33 84 77 29 78 73 9 7 35 24 25 5 47 17 91 12 99 63 41 98 14 8 4 20 17 80 65 7 26 12 74 29 82 23 22 76 57 5 27 81 49 14 41 43 54 29 22 9 34 24 53 49 69 92 88 16 94 56 71 4 53 19 74 46 99 44 62 37 3 6 26 71 98 52 26 92 9 85 21 59 51 90 11 99 34 80 1 1 13 60 36 4 98 54 58 83 92 83 100 72 4 76 94 35 34 71 26 36 96 44 1 4 58 57 57 25 88 23 51 76 35 17 61 45 90 29 60 43 47 56 9 67 17 78 52 56 17 64 22 29 78 41 56 38 1 35 76 92 81 54 13 99 11 99 48 66 80 4 61 83 30 43 9 24 29 94 96 79 53 23 3 99 35 12 29 21 44 22 8 80 34 14 57 16 12 29 40 83 25 35 80 12 16 44 99 79 5 40 75 88 86 66 33 25 56 30 24 26 2 23 9 88 14 31 68 34 37 9 54 13 74 74 100 75 45 36 28 90 55 41 96 34 30 35 45 56 64 94 88 44 5 4 9 89 6 19 59 22 100 29 2 77 98 31 87 18 80 18 29 29 87 3 86 75 50 87 4 56 82 100 66 5 36 50 45 75 86 67 20 7 47 40 2 10 ; 
L -48 -50 77 37 42 -36 -18 -33 -2 45 -2 27 -46 -11 20 -34 -39 37 -49 -40 33 47 41 30 84 22 -43 -12 -6 -31 35 -47 80 -45 19 29 -7 -14 10 48 -23 13 -3 -21 20 -14 5 7 27 -39 -36 43 45 56 -26 33 -27 29 -23 16 45 -49 2 28 27 27 -20 -36 -72 23 -23 20 -49 26 2 -1 -18 44 -42 36 -12 43 79 14 -45 -32 -1 14 58 30 39 -9 -7 -8 28 -26 26 -22 65 -45 61 3 -26 -44 27 -33 30 -17 48 -64 -27 1 -6 -34 20 -27 34 22 -9 -24 18 11 11 -45 27 -43 -37 -42 18 4 25 -46 30 83 -45 -21 -31 -11 29 44 -9 26 11 47 47 -34 -50 -42 35 -11 -39 -50 -17 -28 24 -44 31 32 2 22 -43 42 -20 -43 9 -16 14 -35 -33 -32 -22 41 40 -40 30 33 -28 -4 3 -13 -28 -20 27 4 32 -46 -19 24 12 18 -28 -1 43 -34 31 -38 -38 9 23 40 17 -8 -15 43 -45 -49 29 69 -43 16 1 25 25 -42 26 -27 7 36 31 62 -49 28 -14 57 6 -63 -20 -3 -10 71 13 -3 -5 -41 14 21 -39 9 25 -14 9 -30 60 -39 49 -5 14 -31 -31 34 35 -15 -6 -7 -50 -11 -24 -4 -29 15 46 48 23 -31 -28 -38 40 4 -41 -45 78 -27 38 -7 -38 -21 28 11 35 -42 38 43 50 15 -47 31 47 -32 -19 -33 19 -24 67 34 -8 21 25 -2 47 48 -28 10 45 -1 -24 -5 50 43 -11 -48 -23 48 29 17 37 48 -35 -28 32 -40 -17 -45 -36 41 38 47 12 5 40 -25 73 -21 -3 16 -30 -41 -20 45 -75 44 -50 4 -23 48 -49 41 50 -12 18 22 -37 38 42 -85 -46 37 4 7 -19 -28 -24 -4 5 20 -41 53 -48 -48 39 82 70 17 76 43 39 33 -47 3 -25 -66 11 32 47 -34 -28 18 -50 -19 -45 -54 35 -5 22 -38 35 -3 10 23 34 33 9 46 -16 -39 -23 -48 23 6 -33 -40 9 47 -6 20 -1 40 24 5 -13 39 1 -8 5 16 33 22 -33 34 21 -28 -9 21 2 -19 -9 -24 12 20 30 -39 -31 28 24 47 -52 10 -3 10 33 59 -18 21 -38 46 36 -55 -29 -35 11 -12 -5 29 11 -44 12 -21 21 14 -29 -20 -81 30 29 17 -68 -7 -50 -34 -43 50 -24 -2 6 38 -22 -51 -74 -12 30 4 3 9 37 41 5 16 -49 4 37 -32 ; 
3:9 27:105 34:134 8:30 16:60 4:14 15:59 14:54 28:108 13:49 6:22 28:108 25:97 20:76 15:57 11:41 22:88 23:89 16:60 4:14 8:30 1:1 2:6 31:121 5:17 18:72 2:6 31:121 38:150 18:70 22:88 17:65 26:102 10:36 15:59 26:100 22:86 24:92 34:132 42:168 40:160 24:92 35:139 13:49 40:156 31:123 1:3 12:46 40:160 9:35 21:83 16:64 18:72 14:56 38:152 11:41 31:123 34:134 14:52 40:158 36:140 20:78 12:46 22:84 8:32 0:0 6:24 20:76 26:104 7:25 13:49 18:72 40:158 42:168 39:153 4:16 4:14 10:38 12:46 38:150 39:153 32:126 10:40 32:128 10:36 2:4 40:158 14:56 5:17 8:28 12:46 9:33 18:70 41:163 21:81 8:30 21:81 25:97 9:35 24:92 40:156 35:137 36:142 15:59 2:6 21:83 11:41 37:145 64:254 47:185 10:36 14:56 24:96 6:20 1:1 1:1 32:128 14:54 40:158 26:104 39:155 37:145 28:108 32:124 38:150 4:14 3:11 14:56 10:38 10:40 2:8 19:75 31:121 24:94 8:28 34:132 30:116 7:25 35:137 34:132 8:30 4:16 25:97 7:27 14:56 31:121 21:81 10:36 37:145 38:150 8:28 12:46 16:64 34:132 10:40 29:115 40:156 18:72 22:86 35:139 12:48 34:132 25:97 2:6 32:128 27:105 16:64 33:131 35:139 16:62 4:12 38:148 6:22 23:91 6:22 38:150 23:89 29:113 12:46 8:30 14:52 28:112 36:140 32:124 4:12 19:73 39:155 30:116 32:126 6:22 14:56 28:112 25:99 38:152 18:72 8:30 15:59 28:108 12:44 2:6 8:28 25:99 23:91 31:123 26:104 3:11 11:41 1:3 40:156 12:46 33:131 10:36 9:35 31:121 23:91 2:8 11:43 33:129 23:91 24:94 39:155 18:68 22:86 22:88 13:51 20:76 21:83 30:120 2:4 29:113 36:144 14:52 10:40 3:11 38:152 26:104 15:59 30:116 15:57 36:140 4:16 14:56 10:40 20:80 7:27 26:104 18:70 38:150 37:147 8:30 33:131 25:99 26:102 5:17 3:11 32:128 6:20 15:59 2:4 3:9 11:41 26:100 28:110 30:116 10:36 6:20 18:68 35:139 35:139 2:6 17:67 6:24 15:59 35:139 35:137 2:4 35:139 18:68 14:54 14:54 8:28 10:40 23:91 23:91 15:59 14:56 38:150 33:129 22:86 6:20 40:158 12:46 14:54 30:116 36:144 10:38 4:14 10:40 24:96 16:64 8:32 10:36 14:54 4:12 9:33 14:52 15:59 16:64 26:102 30:118 18:72 13:49 8:30 3:9 36:142 4:14 2:6 2:8 18:70 36:140 38:150 11:43 32:128 5:19 7:25 18:70 40:158 32:126 2:8 16:64 13:51 28:112 36:140 35:137 46:180 40:156 29:115 13:51 30:118 5:17 24:94 10:40 32:124 16:64 32:126 20:78 6:20 38:148 11:43 38:150 33:129 24:94 17:65 11:41 34:136 35:137 30:120 18:72 20:80 15:57 2:8 27:105 40:160 15:57 16:62 27:107 23:89 40:156 32:126 1:1 33:129 30:120 14:52 40:160 52:208 19:75 32:128 35:139 4:14 15:59 22:86 23:89 2:6 35:139 20:80 36:140 9:33 34:136 4:14 12:44 37:145 11:41 21:83 37:145 39:155 9:35 4:14 22:86 17:67 28:110 37:147 36:140 6:20 5:19 23:91 34:136 19:73 18:70 29:115 18:70 19:73 29:115 28:110 12:46 40:160 24:96 33:129 35:139 22:84 3:9 2:8 10:38 11:41 1:3 10:36 4:14 15:57 14:54 12:48 14:56 18:72 9:33 32:124 12:46 9:35 38:150 23:89 4:14 27:107 7:27 32:124 21:83 23:89 7:27 16:60 14:52 12:46 31:123 38:152 36:140 13:51 20:76 2:6 4:12 6:22 39:155 6:24 17:65 26:100 40:158 5:19 37:145 7:27 24:92 12:48 26:102 13:49 26:104 58:230 16:62 26:104 11:41 23:89 54:214 14:54 20:78 5:19 21:81 14:56 39:153 6:24 40:160 35:139 30:118 27:107 23:91 31:123 23:89 3:11 9:33 31:121 22:88 8:28 6:20 22:84 14:56 14:54 41:163 12:46 1:3 4:16 ; 
L -49 45 -1 27 -23 -28 -19 -41 -20 13 43 5 49 7 32 2 10 22 -37 33 42 -44 20 -11 24 20 -11 15 -38 17 -47 -13 -24 21 -21 -19 22 15 -50 19 48 39 19 -6 -3 8 -34 -44 46 -49 -12 3 22 -31 -45 -41 27 13 -9 -24 24 -34 1 -42 38 17 -6 -34 -40 50 -31 19 32 -17 -4 25 -49 -25 25 11 38 -40 -1 -30 -28 -49 19 16 9 -42 17 14 -44 25 6 -3 49 43 8 16 -30 -38 -19 12 -44 -48 -18 50 -7 23 -13 -38 -20 4 9 44 14 34 21 5 43 35 -35 -18 8 -29 49 5 -3 -3 20 -35 -48 17 4 -13 49 -6 19 49 -31 38 30 -33 11 42 24 3 -31 31 -13 46 -22 -39 -16 30 27 -37 -19 26 -15 -2 -38 25 36 29 36 -15 -32 -25 -7 29 -22 45 46 14 -4 7 -20 -14 20 -33 10 -40 27 -40 -44 -37 39 -3 44 -2 -16 24 -20 41 14 -23 5 -29 -15 14 -45 -5 -29 -49 -25 2 -38 26 -38 -12 -39 31 25 3 -29 -33 -40 13 -31 32 36 -28 -3 -26 -37 -17 12 -21 -28 33 -4 37 34 30 2 -18 -13 -17 -20 24 -15 -8 47 15 24 41 -15 8 -45 -32 7 32 -28 42 36 -21 -47 -26 3 33 39 -14 -49 15 29 3 45 -46 -24 -6 10 -27 4 -48 -8 -6 28 -42 45 -36 43 -36 -21 -1 22 -45 -24 -12 23 21 21 -27 36 -40 45 -36 -29 8 -1 -20 -26 23 43 -24 6 -26 18 -6 16 12 1 12 -18 32 27 -21 6 -16 -13 45 25 -34 -19 -16 23 -22 -41 41 32 -3 -10 -43 20 -50 25 14 -38 18 -3 -21 -49 35 -5 -13 -18 16 -40 -37 36 13 -42 25 -17 32 37 17 40 -32 -15 -23 -49 16 -6 16 33 29 -18 -47 -27 -19 10 20 22 29 34 45 -50 44 41 22 -30 -19 -9 -32 -44 49 -20 -18 10 48 -20 41 -38 -39 -7 28 -38 30 45 -5 -47 12 -15 14 -49 4 -30 50 29 -49 37 14 -18 17 -16 36 -12 -46 -32 -24 25 -47 38 17 -35 -8 49 -28 14 -12 -22 10 20 32 30 43 -25 20 -12 -38 -37 -50 -47 -40 44 -8 -26 31 -44 -8 -17 35 -3 5 -35 -10 42 45 -29 40 2 -27 -3 -14 -18 49 29 -45 -7 -18 25 -4 35 50 -32 46 34 -19 -1 -21 -21 -2 -4 -42 40 -46 -39 43 -15 31 8 39 29 39 35 -38 -42 -32 ; 
19 26 34 69 38 63 96 10 26 73 95 9 52 25 94 99 31 39 77 94 70 63 28 37 56 99 96 68 24 16 41 30 41 13 44 59 28 28 26 22 64 71 39 74 86 49 71 72 28 93 43 13 27 8 38 81 76 5 9 13 47 10 53 67 27 33 69 47 10 87 64 80 67 10 64 64 33 12 81 76 27 19 90 5 66 7 37 99 7 27 92 61 32 91 24 41 50 81 87 45 19 92 78 34 17 90 68 52 70 9 45 69 25 55 75 7 5 73 43 23 30 2 60 18 47 97 30 38 5 31 33 20 100 53 50 63 69 53 55 27 10 26 77 67 63 44 22 2 32 67 93 73 16 34 61 25 33 15 64 57 73 91 25 69 78 22 79 96 38 4 63 47 94 3 41 49 16 68 23 81 39 86 10 99 74 57 41 99 8 52 70 60 97 7 94 41 54 90 69 52 43 81 29 70 57 91 100 54 22 41 82 26 77 33 10 38 3 71 98 53 99 61 38 94 41 76 78 60 100 79 1 57 54 71 27 49 19 22 45 19 96 66 20 80 24 21 27 72 89 21 3 25 11 25 67 71 74 26 69 15 17 5 9 72 86 59 51 35 55 83 75 43 87 19 2 33 25 54 46 85 80 30 85 21 25 68 48 14 40 88 59 86 8 57 99 32 63 98 15 84 57 7 12 30 25 74 21 21 63 18 52 82 61 74 82 52 16 75 72 7 84 48 82 11 25 18 45 56 8 66 57 20 14 11 86 4 43 81 50 81 85 49 10 77 88 45 52 33 20 59 71 18 63 82 54 44 34 53 35 11 96 45 17 37 24 16 3 2 89 2 16 100 97 94 18 6 50 85 54 20 87 11 1 55 45 11 1 15 17 75 95 56 18 83 30 63 41 87 52 89 49 24 26 44 62 23 67 26 86 21 61 29 28 41 29 5 50 9 41 49 6 54 82 91 98 89 11 93 82 1 97 44 28 10 85 2 33 1 55 54 65 30 49 16 71 37 59 7 78 60 75 98 97 72 56 42 80 71 66 77 57 62 94 61 2 52 20 63 14 72 13 77 59 20 62 36 11 77 43 68 42 1 70 35 83 38 85 59 96 61 80 92 97 47 33 47 96 88 32 72 52 ; 
L -49 45 -1 27 -23 -28 -19 -41 -20 13 43 5 49 7 32 2 10 22 -37 33 -44 20 -11 24 20 -11 15 -38 17 -47 -13 21 -21 -59 15 29 -5 -14 -41 -44 50 -45 -34 -29 -22 -20 23 15 32 -40 -17 -37 -32 17 -25 8 15 20 17 -30 38 -28 7 -12 10 20 32 30 61 43 62 -25 20 -12 -38 -37 -1 -21 -21 -2 -4 -42 40 -46 -39 43 29 39 35 -38 -7 -29 -15 31 25 3 -14 28 -80 8 35 20 1 -8 -3 -10 -43 20 -50 19 37 -27 -43 -23 26 -76 -42 -64 49 28 30 1 40 49 74 -34 -46 49 14 -39 -33 -3 26 47 21 -36 -50 -35 4 -40 -37 36 13 -36 27 -21 -21 -23 12 -13 29 25 14 55 50 19 -78 -24 16 -52 2 -44 -67 3 -39 37 44 40 -54 -27 40 -10 33 -60 -20 -30 16 39 22 -46 13 -75 31 -24 -42 -11 -65 -37 -29 -50 -16 6 -18 26 -70 -6 24 14 20 -7 4 -14 -46 -45 22 -29 7 25 19 27 47 18 -56 21 -27 -20 41 34 -25 -15 -32 4 -30 12 1 12 -18 32 -18 10 48 -20 41 -38 -39 79 -29 2 -27 -35 -48 17 4 33 -30 -38 31 12 49 -46 34 -8 -58 -68 3 -19 -39 -48 -19 50 -15 -22 -66 19 47 15 24 41 -39 -8 -31 -15 8 -45 -32 71 7 -28 42 -32 -35 -50 40 -28 33 -4 37 34 30 2 -18 24 45 -45 -41 27 13 -9 -24 24 -34 1 -42 -69 -16 6 -3 43 14 -49 -49 16 -6 -25 44 -14 -17 42 -9 -16 -19 14 -45 -39 21 5 43 57 35 -35 -18 8 -29 49 5 -36 -29 -36 10 -27 -48 -8 -6 28 -42 45 -36 43 -36 -1 22 31 -22 -3 -12 44 -31 26 -44 40 47 -34 -14 -44 -9 -4 38 13 -23 -63 7 -81 18 13 5 -35 49 21 3 -18 38 -3 5 -10 42 82 45 53 -29 84 40 33 -15 -38 -25 25 49 -25 17 -32 -19 31 17 19 30 -22 -19 6 24 46 -45 -3 -18 -16 23 -29 -33 38 17 -6 -34 51 -26 -45 40 -13 45 -22 -41 41 32 45 -5 -47 12 -15 8 16 -30 -38 73 12 -44 -48 -18 50 -26 -37 12 72 -29 -49 18 14 3 8 -5 -29 -25 2 -38 26 -38 -49 -19 -49 14 -18 44 32 9 -77 3 16 6 -16 -17 47 24 32 46 12 -36 16 -2 83 -38 25 25 85 3 28 -36 -32 31 -13 40 -45 -42 -32 ; 
8:30 11:41 14:54 28:110 16:60 26:100 39:153 4:16 11:41 30:116 38:152 4:14 21:83 10:40 38:150 40:158 13:49 16:62 31:123 38:150 52:204 12:44 15:59 23:89 40:158 39:153 28:108 10:38 7:25 17:65 12:48 22:86 18:70 11:41 31:123 18:68 21:83 64:254 9:33 35:139 8:32 22:86 34:136 20:80 3:9 8:28 19:75 18:72 39:153 5:17 14:56 22:84 14:54 18:70 22:86 28:110 32:128 1:1 39:153 8:32 36:142 21:83 35:139 6:22 6:20 34:136 1:3 14:52 0:0 7:25 10:38 33:131 22:86 26:104 12:48 20:78 4:12 1:1 28:112 14:56 34:132 16:60 34:136 24:94 39:153 25:97 50:200 19:75 39:153 36:140 8:32 34:132 21:81 30:116 4:16 16:60 18:70 39:155 18:72 38:150 38:148 4:16 3:11 23:91 8:30 6:22 5:17 35:137 2:6 17:67 26:102 6:24 18:70 10:40 12:48 2:4 6:22 18:72 12:48 3:11 27:105 2:8 36:144 4:14 10:38 41:163 18:68 19:75 35:137 29:115 4:14 2:8 7:27 6:24 28:110 11:41 10:38 15:57 25:99 7:25 24:94 29:113 8:28 10:36 40:158 23:91 4:12 35:137 24:94 11:41 44:176 47:187 33:129 30:120 34:136 20:80 34:134 12:48 3:11 30:120 18:68 24:96 17:65 39:153 21:83 4:12 40:158 17:65 18:72 13:49 30:118 40:158 4:16 19:73 30:120 2:6 10:40 25:97 14:54 7:25 30:116 52:206 11:41 9:33 9:35 18:70 26:102 25:99 19:75 25:97 29:115 21:83 8:28 26:100 12:48 37:145 9:33 40:156 33:129 10:36 28:108 7:25 20:78 17:65 2:4 38:150 19:75 26:100 8:32 40:160 7:25 1:3 33:129 32:124 30:120 10:36 17:65 20:78 5:17 38:150 16:60 53:209 35:137 13:49 25:97 30:118 33:131 21:83 12:48 38:152 23:89 8:28 34:132 12:48 26:100 14:54 32:128 8:30 25:97 1:3 40:160 22:84 20:80 9:33 27:107 31:123 11:41 4:16 18:68 38:148 33:131 29:113 40:160 16:60 18:68 62:248 16:62 29:113 26:102 9:35 11:41 12:44 35:139 1:1 19:75 9:33 11:43 29:115 46:182 19:75 39:155 22:88 9:33 2:4 10:40 23:91 30:118 21:81 29:113 25:97 26:100 23:89 35:139 21:81 23:91 22:86 29:113 11:43 20:78 8:30 9:35 43:171 16:64 7:25 33:129 31:121 2:8 4:14 6:20 19:75 4:16 22:84 27:107 40:156 4:16 7:25 5:17 16:60 9:35 27:107 6:20 15:59 22:86 10:38 37:145 13:51 25:97 37:147 11:43 3:11 40:158 23:89 12:46 28:112 20:76 10:36 12:48 12:46 40:156 24:96 8:28 19:75 39:155 12:48 16:60 38:152 32:126 9:35 47:185 8:30 12:46 10:40 22:86 19:73 34:136 32:128 12:48 34:136 9:33 20:80 20:76 15:57 4:12 11:43 9:33 27:107 30:120 24:96 27:107 24:94 15:59 36:144 30:116 2:8 3:11 30:120 19:73 28:110 18:72 7:27 30:120 20:78 40:160 21:83 18:72 36:140 31:123 4:16 20:78 34:136 33:129 1:1 17:67 41:161 27:105 7:25 30:120 37:147 17:67 13:51 25:97 33:129 46:184 20:76 10:38 33:129 5:19 14:52 12:44 4:16 27:107 32:128 32:128 22:84 22:88 1:1 8:32 13:49 18:68 30:120 34:132 22:88 12:46 22:86 18:72 23:89 1:3 8:30 14:52 28:110 19:75 10:36 25:97 17:65 26:100 37:147 20:76 18:70 4:12 27:105 23:91 10:36 10:38 11:41 18:70 25:99 36:140 18:72 8:30 37:147 30:116 25:97 7:27 36:144 28:108 21:83 8:28 32:124 62:248 23:91 34:132 6:22 26:100 8:32 15:57 25:97 44:172 23:91 63:249 22:86 9:35 17:65 33:131 8:28 11:43 28:112 16:64 12:46 4:14 1:1 5:17 22:88 9:33 22:88 9:35 3:11 27:105 47:187 37:147 22:86 3:9 20:78 17:65 4:14 28:108 19:73 34:132 28:110 17:65 7:27 19:75 17:65 38:150 16:60 25:97 40:158 22:84 6:20 10:40 29:115 21:83 ; 
L 5 -33 -38 8 -48 -43 -17 -49 -16 -21 34 -28 -22 -23 -43 44 22 -34 37 -30 2 -49 -45 48 15 41 -43 -45 -39 -12 -19 -34 -11 27 -7 20 11 -19 -16 35 -13 9 -11 1 7 37 -23 37 -29 31 4 -37 16 -3 -30 -37 11 50 28 46 -2 28 9 -15 -35 23 -3 43 -3 -12 -31 50 -9 -35 45 -25 -2 -46 30 -40 20 6 -34 37 18 -44 -30 34 -44 -8 -17 -28 -44 50 1 -29 -5 8 -37 -31 -21 -29 44 -48 24 -39 22 -32 -8 23 -48 -34 -35 -28 21 -9 -20 6 15 -17 -49 -31 -19 6 -17 -9 -12 36 -10 -22 -1 -21 -33 -16 24 24 45 30 -5 -36 -45 -4 -40 2 19 30 24 -13 -19 29 17 -15 -28 12 47 22 -38 -3 -27 -8 -47 23 34 2 46 14 29 -34 -33 -9 -41 13 -1 -21 -2 -18 13 -35 50 -48 44 43 34 -46 -9 19 -15 39 -22 3 18 -23 1 9 -31 -24 30 39 36 -20 -23 -3 38 -7 18 -3 -39 6 10 40 -30 -39 14 15 -13 -40 -20 -2 -10 44 31 49 20 -18 7 -31 9 35 -41 43 10 33 -34 36 11 42 37 20 -14 -36 44 -34 -29 -41 40 17 -15 34 -7 30 -27 -3 -40 -20 -16 39 -42 41 -18 6 1 -34 -2 -23 -31 50 -37 3 -29 -28 50 -37 -35 -11 39 32 -5 2 -32 43 -16 24 15 -27 2 -18 -3 18 -14 -26 30 -7 21 -41 19 -42 17 -2 21 50 4 -6 -2 -21 -15 2 49 -12 -23 -8 17 -6 25 -6 -11 -6 -25 37 5 30 40 27 29 -9 -48 47 26 42 6 48 16 30 19 -11 -36 -12 31 38 40 32 31 -10 -35 -46 -49 -37 35 22 -33 -40 -7 47 12 -24 4 -12 50 -32 -22 -19 7 -42 -49 -44 33 46 13 -29 49 12 -37 -35 -32 -13 27 35 37 24 39 50 -4 4 -10 -22 19 -9 -49 49 11 -18 -50 17 25 -42 25 -9 50 -14 14 -9 50 17 44 -3 39 -40 -26 44 36 -29 -22 -23 -20 -12 30 33 -30 18 -29 19 34 46 -6 14 -7 37 -1 -43 -33 38 -35 -29 28 -2 -42 -21 24 -33 -10 -28 12 -27 -32 47 -33 -2 11 48 38 18 38 -39 -37 -3 45 -12 50 1 -12 39 -24 -50 35 30 50 12 47 18 23 46 15 16 40 -30 -10 30 -41 -28 -28 31 -19 24 -30 38 21 50 -11 43 -41 25 -21 22 -38 -44 -35 28 7 18 -4 -14 ; 
77 70 67 95 13 37 30 30 90 45 22 95 22 76 72 8 34 39 47 3 50 7 93 13 73 49 3 43 32 15 55 20 7 62 47 90 92 61 44 61 34 96 63 100 14 36 25 57 93 86 22 31 68 8 47 70 41 4 64 30 96 89 96 71 54 39 77 81 19 45 63 97 56 46 62 73 33 46 55 20 72 24 25 61 74 42 55 6 97 88 22 64 55 79 18 17 89 58 46 63 46 71 50 75 2 34 83 52 34 10 47 51 90 74 53 17 48 100 74 26 83 37 17 30 43 92 31 87 11 76 56 20 92 62 37 98 17 23 6 64 41 70 52 30 6 99 9 15 80 3 22 73 68 40 63 36 19 44 51 95 20 29 32 82 81 57 49 15 21 84 33 6 14 26 21 47 87 78 18 90 45 62 63 5 91 12 65 34 47 91 18 17 35 99 13 18 34 77 15 62 60 80 57 59 58 76 37 96 28 58 15 52 63 81 13 28 91 46 58 39 55 31 75 9 97 7 79 45 11 45 45 71 67 93 33 75 77 84 77 57 9 82 24 94 77 22 18 2 69 43 71 15 98 56 88 32 81 53 43 54 70 57 79 35 47 24 82 92 38 70 53 73 91 5 75 33 13 70 42 97 88 47 46 3 13 68 39 90 61 4 91 29 8 83 68 97 36 60 87 94 84 39 36 37 3 91 15 65 67 66 69 77 42 58 28 10 53 11 32 48 52 100 99 73 34 88 44 62 62 42 67 52 81 35 98 25 86 30 61 89 51 70 22 35 75 3 38 27 77 41 5 70 49 99 40 56 82 31 33 67 28 64 4 34 90 48 28 39 33 67 81 86 55 48 51 34 22 21 59 72 46 47 55 56 47 23 9 77 42 89 86 91 1 63 63 44 74 35 66 57 44 36 41 87 15 55 89 65 13 12 6 14 74 60 67 38 35 68 20 48 90 30 64 72 50 39 42 99 47 7 65 62 34 94 7 3 33 51 99 16 55 89 44 24 58 65 68 27 63 56 52 3 52 6 13 83 66 29 79 83 36 62 80 81 4 92 18 28 30 33 78 45 22 7 40 52 6 61 53 42 14 14 83 16 98 56 24 1 86 59 1 65 6 29 35 78 15 27 1 55 20 ; 
L 5 -33 -38 8 -48 -43 -17 -49 -16 -20 -21 34 -28 -22 -23 -43 44 -34 37 27 29 -9 -48 26 42 6 48 16 30 74 -36 -12 31 38 40 -10 -35 -46 -49 -37 35 6 10 40 -30 -39 15 -13 -40 -20 -33 -40 -7 47 77 12 24 -24 30 2 46 14 29 -34 -33 -9 -41 13 -1 -21 -2 -18 13 -35 82 50 -14 -26 30 -7 28 41 -30 10 30 -40 -80 21 42 2 -28 23 -3 -27 57 -8 6 -17 8 23 -3 43 60 -3 -12 -31 70 -45 -4 54 -40 2 19 30 24 75 -18 -50 17 25 21 -48 44 43 -37 25 6 11 6 -25 -50 31 23 2 34 -1 -6 18 -41 -22 3 18 18 31 37 -8 5 29 22 10 -4 4 -50 -30 12 17 50 4 -2 22 -38 39 45 -41 -15 -48 45 -35 -9 39 36 -20 -9 -11 2 33 37 48 -23 8 32 -22 -24 48 -44 29 -69 25 -9 63 50 -14 14 -9 50 -16 -15 -46 -23 -18 -47 -28 21 -9 -12 37 30 3 -16 37 -4 -31 -85 29 -37 23 -1 -50 44 29 35 -38 39 3 -18 -2 -10 68 44 31 49 -3 -15 31 1 22 10 -76 -36 24 16 -43 32 -2 5 -32 -39 11 35 37 -50 28 29 -3 37 49 -2 30 -61 -40 -30 -66 -5 34 -46 -9 19 -15 39 42 16 20 40 3 27 -81 -30 7 34 19 12 62 -41 40 17 34 -11 52 27 -7 20 11 -19 -16 -13 9 -11 1 -12 67 40 -39 -6 3 -44 -17 24 84 -33 -10 -78 -71 41 23 34 31 -7 18 -21 -33 -16 24 24 45 30 -9 -28 2 -83 -46 -28 -50 -11 4 -12 28 15 -29 19 36 5 1 7 -73 -47 32 27 -12 28 43 10 33 -34 36 11 42 37 20 -14 -36 44 -34 -15 -35 23 12 -49 -2 21 -44 -35 28 7 35 37 -12 43 1 -37 7 -49 -13 -46 -33 49 42 -7 19 22 32 -50 12 38 -22 -20 6 15 -17 -49 -31 -19 6 79 -17 -9 21 -25 -43 11 -50 -21 -38 30 -24 -31 28 56 -41 -42 44 36 -48 -53 -1 23 -18 -32 58 -13 27 35 37 24 39 -45 3 37 39 -38 29 38 18 -22 -23 26 39 -24 -50 35 50 19 -49 55 49 19 34 46 -6 14 -33 7 -38 3 28 17 8 44 -51 -34 -65 30 44 34 -6 -20 40 -30 -72 46 2 25 -45 35 9 -50 -11 29 -18 30 -33 -2 64 21 50 27 59 18 -2 -4 -14 ; 
31:123 28:112 27:107 38:152 6:20 15:59 12:48 12:48 36:144 8:30 40:158 9:35 38:152 9:35 31:121 29:115 4:12 19:75 19:75 13:51 40:158 30:116 14:54 2:6 25:99 25:99 17:67 27:107 21:83 9:35 50:196 10:40 35:137 12:48 25:97 40:160 9:35 14:56 30:120 2:4 16:60 15:57 12:44 24:92 6:24 21:83 38:152 6:20 12:44 37:145 20:80 17:65 2:8 28:112 14:54 12:48 46:180 8:30 14:54 28:112 33:129 23:91 20:78 6:24 9:33 34:134 14:52 3:9 6:22 11:41 9:33 19:75 35:139 32:124 26:102 31:121 24:94 2:6 37:145 12:46 25:99 25:97 3:9 21:83 16:64 3:11 31:121 7:27 2:4 3:11 38:150 22:84 32:126 21:81 15:57 36:140 22:86 31:123 28:110 27:105 34:132 33:129 1:3 37:147 18:72 26:100 36:140 10:40 28:112 8:28 14:56 12:48 3:9 40:158 4:14 29:115 68:268 35:137 37:145 1:1 22:88 36:140 18:72 25:99 29:115 5:17 22:84 4:16 12:44 24:92 18:70 10:38 19:75 14:56 32:126 23:91 28:112 22:86 18:68 15:57 37:145 8:28 25:99 20:80 26:100 19:73 24:92 36:142 12:46 23:89 22:88 19:75 19:73 44:176 27:107 10:40 7:27 16:60 26:104 3:11 8:30 6:24 13:51 2:4 20:78 30:116 6:20 25:97 18:72 58:232 6:24 25:99 14:52 11:43 28:108 26:104 21:83 6:20 19:75 4:16 14:54 21:83 36:140 1:3 30:120 20:80 19:73 3:9 18:70 4:14 33:131 14:56 27:105 23:91 18:70 2:8 18:72 32:124 14:52 12:48 12:44 20:80 22:84 7:27 20:76 42:166 28:112 19:75 4:12 28:108 13:49 9:35 32:128 26:104 38:148 23:91 38:150 8:28 32:126 20:80 25:99 26:104 34:134 15:59 31:121 21:83 24:92 16:64 16:60 22:88 13:49 20:76 2:6 18:72 23:91 23:89 31:121 25:99 2:4 7:27 14:52 36:140 39:155 17:67 28:112 6:20 14:52 30:120 2:8 37:145 30:116 22:84 28:112 16:60 37:147 35:137 3:11 20:80 26:102 67:265 21:83 29:115 2:6 10:36 2:8 37:145 5:19 26:104 14:54 26:102 0:0 36:140 23:89 40:156 6:24 3:9 40:156 18:68 21:83 8:32 22:88 6:24 2:8 31:123 9:35 6:24 10:38 29:113 39:153 19:75 36:144 37:147 25:97 18:70 32:124 39:153 26:100 74:296 32:126 2:4 26:104 22:88 4:16 6:24 35:139 17:65 21:81 36:140 15:57 40:158 5:19 2:6 31:121 7:27 13:51 10:36 3:11 39:155 1:3 37:147 25:99 15:59 40:156 7:27 10:36 7:27 39:153 36:142 38:150 1:3 12:48 26:102 2:6 19:75 23:89 29:115 28:108 21:81 2:4 33:129 26:102 29:113 6:22 33:131 17:67 10:38 18:70 36:142 22:88 24:92 18:72 29:113 27:107 38:148 14:52 30:120 31:123 34:134 31:123 23:91 4:14 33:131 20:78 22:86 16:62 25:97 26:104 6:24 19:73 16:60 14:56 32:124 6:24 28:112 35:137 33:129 13:51 40:158 17:67 16:62 33:131 24:92 12:44 20:76 15:57 2:6 26:102 12:44 27:107 14:52 13:49 20:80 18:70 3:9 28:110 40:160 30:118 11:41 34:132 15:59 7:27 12:48 28:110 3:9 37:147 11:43 1:1 24:92 1:1 10:38 23:89 40:156 7:25 34:132 1:1 17:67 28:110 7:27 1:1 18:72 6:20 25:99 28:110 30:118 14:56 1:1 5:19 24:92 29:115 21:81 14:54 9:35 9:33 24:94 28:110 6:20 3:9 21:83 2:4 16:64 6:20 23:89 8:28 6:22 13:51 49:195 15:57 25:99 32:128 26:104 12:46 6:20 1:1 34:136 18:70 36:144 12:48 26:102 29:115 20:80 19:73 24:94 23:91 27:105 26:102 9:35 36:140 30:120 19:75 38:148 26:104 22:88 58:232 10:40 10:38 29:115 8:32 24:94 29:113 19:73 14:52 30:116 25:99 19:73 23:89 7:25 19:73 8:32 28:108 14:56 21:81 15:57 28:108 38:150 32:128 11:43 10:40 28:108 9:33 22:88 8:32 ; 
L -24 29 31 14 -18 16 30 27 -34 -11 -25 23 24 2 -28 -33 -28 32 45 12 -13 29 7 -50 7 -1 19 -7 -47 -31 3 -47 9 16 28 -36 28 14 18 -31 -49 37 -15 -1 -17 -41 17 29 28 33 -49 38 -3 -18 20 -45 37 -43 31 22 40 4 19 6 14 -7 -16 -14 8 1 -18 -30 -50 -10 -20 49 -30 -46 19 -19 -43 45 -15 -5 -24 -30 -41 33 -10 17 43 -35 -21 -44 -50 6 24 30 1 9 25 -6 14 -16 -2 -24 -1 -25 -6 32 -8 -20 -23 32 33 6 -33 31 12 31 -25 -20 -13 26 13 37 -44 -47 36 -22 4 -12 48 -35 28 30 17 -27 -39 -37 24 -40 -4 -19 3 22 8 -5 4 -19 -8 -49 -12 18 -38 33 -40 -8 28 -26 25 -14 -26 19 2 -25 26 3 -45 13 11 20 37 -18 -12 -38 -48 -27 -32 -4 47 41 -26 10 -16 10 31 22 -36 -44 25 2 49 -7 27 34 1 41 43 -13 -45 -19 -2 -42 8 -7 34 -33 -45 -9 1 5 38 -2 39 -50 -14 -23 28 16 2 33 -7 18 -28 -9 -42 5 21 2 1 -17 44 21 29 -1 -3 -22 31 17 -29 -22 -27 -28 -37 -20 -35 -13 34 -42 -15 -49 -32 -17 47 47 1 -32 -48 26 24 -3 32 -27 -50 9 -9 -7 26 32 -31 18 -13 27 -46 23 33 14 15 -34 -36 -9 -9 -36 -34 -49 -41 32 -14 -23 5 -31 -27 8 4 -21 3 -15 38 -28 -12 -9 -36 -44 49 14 37 -29 -33 -26 -27 -32 47 31 40 18 -22 -12 32 -9 -11 -42 -23 -39 -31 -11 50 -41 -41 31 40 -44 45 30 44 -3 20 24 -25 39 24 -12 -43 -15 12 44 -13 -19 1 40 29 -3 -16 -16 11 40 -1 38 19 -3 -39 -46 -22 -26 32 18 -44 -27 24 20 5 -46 -39 -50 37 -11 -17 -18 -41 -43 43 24 42 -14 24 48 -19 -15 -46 29 40 31 49 -25 18 24 -34 40 -18 47 -22 35 6 10 -37 -27 41 -8 -7 -7 15 14 -3 -11 -42 17 48 1 19 -6 -36 -36 34 -20 5 -20 40 -26 -25 50 33 -38 2 -45 10 -46 35 -25 15 32 47 27 4 37 10 -22 -46 -47 1 23 -25 41 10 4 -10 -30 -23 20 41 26 19 3 -46 -10 47 -27 49 -16 2 -34 17 50 29 -8 -46 31 15 39 34 -28 12 42 29 23 44 35 -8 26 13 -28 27 -15 36 -1 -17 -22 1 -23 35 28 ; 
54 25 54 79 12 39 26 46 51 49 17 65 74 73 87 3 40 39 92 28 1 70 85 31 59 12 43 43 39 83 42 67 66 14 29 57 58 71 66 50 53 41 49 80 88 97 100 96 47 36 51 58 71 30 70 41 21 9 38 14 31 46 36 48 62 74 23 56 22 11 49 29 37 73 51 98 50 45 53 21 16 95 92 40 31 8 20 62 91 55 79 68 84 89 18 4 77 18 90 12 81 34 7 2 33 46 50 33 42 93 42 77 47 51 91 22 50 3 24 32 88 33 24 19 46 4 9 47 28 66 3 45 75 67 12 49 98 88 27 39 80 63 31 69 15 25 8 2 100 81 40 68 75 97 45 47 78 54 64 93 43 12 43 18 9 20 90 53 54 22 41 50 19 80 14 57 49 53 65 22 75 83 13 5 10 71 81 5 82 89 4 58 50 52 7 100 37 93 37 91 66 43 32 77 52 95 10 8 48 86 59 67 25 85 37 30 56 88 5 17 67 53 74 30 39 50 87 67 86 88 33 38 38 66 77 97 38 25 86 64 57 38 79 45 53 22 61 10 41 34 12 49 54 15 26 34 73 61 98 47 31 89 68 39 91 14 54 12 93 9 28 99 56 32 15 30 79 96 29 96 40 18 48 75 66 48 77 16 50 62 35 86 29 82 68 4 47 32 69 95 97 65 61 2 71 55 3 56 89 6 6 56 34 74 48 2 19 13 38 86 67 55 78 12 67 40 39 12 62 48 70 5 99 49 49 52 97 96 80 55 1 75 15 28 18 38 78 64 83 33 95 30 79 7 89 74 93 95 67 92 85 2 34 52 76 37 14 95 70 93 30 14 49 56 56 24 22 37 64 82 77 81 94 59 79 89 86 5 81 73 3 44 2 46 17 10 22 16 25 66 83 2 41 91 22 15 21 17 78 3 22 4 72 71 36 16 33 21 42 72 17 99 70 11 16 90 91 97 58 47 65 60 5 72 75 22 22 53 86 95 75 62 65 47 11 37 42 47 77 11 80 78 44 40 28 34 92 100 89 94 12 57 29 8 29 4 45 72 99 97 42 82 97 48 4 82 56 79 26 92 74 38 4 91 49 58 25 33 1 40 79 34 31 14 37 96 79 30 74 64 15 ; 
L -24 29 20 -5 20 -72 -59 17 -29 -22 -27 -28 50 -7 -29 13 -12 -45 -32 28 33 28 -2 -24 -23 25 -64 11 34 -27 -58 -30 18 -14 -31 40 -26 75 -25 50 33 -38 -47 36 4 -12 48 -35 -49 -31 -40 -29 15 19 -48 -24 -6 -19 -4 -40 -22 60 7 78 -1 19 -7 -47 -31 3 9 16 28 -44 -67 32 -1 37 10 1 45 44 -52 14 16 7 -14 -54 -37 -2 27 -46 23 33 14 -34 -36 68 -9 -9 85 -36 -34 -49 -8 -20 -31 22 3 1 -29 -21 -44 17 -1 -2 55 -10 -42 -23 -39 -29 -50 38 19 -3 -39 -46 26 -45 13 11 20 37 -18 -12 22 46 24 65 -3 32 -27 -50 9 -9 -7 26 32 -31 18 -2 -74 -19 26 14 -25 26 -28 8 40 -33 -42 -70 -12 -33 -26 -27 48 25 2 49 -7 27 34 43 -13 34 -42 -15 -49 -41 -43 43 24 2 16 -14 24 -12 -43 81 -32 -53 -34 36 36 6 -19 -1 -48 -17 42 11 -20 -24 27 44 -18 26 -10 15 -73 16 16 -20 -35 -13 -3 71 -18 -45 37 -43 31 49 -30 -46 19 -19 -43 45 -15 -5 -24 -30 -41 33 83 -10 17 43 -35 -21 -44 -50 -1 6 24 -18 12 49 19 -4 5 -8 -22 -3 19 4 40 -57 -24 37 39 27 -17 -32 -15 25 -35 -80 46 -38 -48 -27 -32 -4 82 47 32 -14 -23 5 -31 -27 -28 23 14 50 -39 2 -5 -1 9 45 33 14 -42 16 27 -47 -4 -27 -47 -49 44 9 12 28 -63 -47 3 -15 7 7 8 51 1 -18 61 -30 -50 -10 -37 3 -29 -40 -38 15 -3 21 -8 16 2 33 -7 18 -28 -9 69 5 -46 -18 -32 -17 47 47 11 9 12 22 -18 -40 -31 -47 32 26 -12 -31 33 -6 -33 -15 12 44 -13 -19 1 -23 -29 76 30 1 9 56 25 -6 -1 -25 -6 32 41 -26 10 -16 10 31 -36 -36 28 14 18 -31 37 -1 -41 17 29 28 33 84 -49 38 -45 -19 79 50 39 40 -1 -17 34 -2 -24 -39 25 -20 -62 3 -44 -30 -45 44 -40 -31 41 -50 11 31 -8 -46 31 15 39 -8 34 -24 -18 25 28 30 28 -66 -34 -41 27 20 25 -31 14 37 36 -42 8 -7 34 23 -25 41 -10 -30 -23 20 41 -35 -22 35 6 10 -37 -13 77 26 13 1 13 -25 40 -18 11 26 19 3 29 -21 -5 42 28 -13 -26 8 17 11 -37 -17 -22 -23 35 28 ; 
22:86 10:40 26:100 36:144 7:25 24:94 24:94 5:19 23:91 16:60 32:126 18:72 53:209 13:49 34:136 28:112 1:1 12:44 37:147 16:62 16:64 2:4 35:139 30:116 30:118 26:104 28:112 30:116 20:78 21:81 16:60 36:142 2:4 5:19 32:126 33:131 39:155 18:68 22:88 19:75 26:104 24:96 11:43 12:44 6:22 18:72 30:120 27:107 21:83 1:3 18:70 2:4 2:4 2:8 35:137 36:142 33:129 20:76 15:57 19:73 13:49 6:22 26:100 29:115 38:150 18:68 18:68 16:62 34:132 17:67 36:144 6:22 12:46 26:100 10:40 25:99 25:97 6:24 5:17 27:107 6:24 18:68 11:43 22:88 23:89 10:36 30:118 35:139 4:12 22:88 34:132 6:24 12:48 32:126 39:153 40:158 16:64 17:67 25:97 20:76 39:153 13:49 27:105 20:76 28:110 31:123 26:102 35:137 10:40 16:60 39:155 31:123 27:105 16:60 16:60 14:52 33:129 28:112 16:62 32:124 5:19 28:112 39:155 39:153 27:107 37:147 34:136 1:3 45:179 41:161 9:35 17:65 20:80 8:30 32:128 6:22 15:59 6:24 8:30 26:102 28:112 28:108 16:62 37:145 6:22 22:86 5:19 38:148 4:14 12:44 40:158 15:57 4:16 7:27 8:28 18:68 5:19 18:68 38:148 26:102 22:86 32:124 10:40 6:20 30:116 31:121 3:9 3:9 17:65 18:70 24:92 20:80 21:83 3:11 40:160 6:22 37:145 35:139 14:54 5:19 20:78 29:115 33:131 31:123 38:148 19:73 14:52 1:3 14:56 38:152 6:24 24:92 9:33 32:128 23:89 28:112 40:158 7:27 29:115 17:67 9:33 14:52 7:25 15:57 4:14 38:148 28:112 38:152 6:22 17:67 16:60 36:140 30:120 28:108 3:11 28:110 25:97 4:16 15:59 22:88 40:160 29:113 9:33 4:14 16:60 4:16 20:80 18:72 22:84 9:33 7:25 38:152 37:147 16:64 13:49 4:12 8:32 25:99 26:102 28:110 22:88 32:126 28:108 34:134 36:142 8:28 5:17 4:14 31:123 25:97 39:155 30:120 22:86 33:129 40:160 1:3 4:12 10:40 6:24 28:110 13:49 36:144 3:9 32:128 16:62 11:43 36:140 34:132 38:152 35:137 22:84 7:25 34:134 23:89 20:78 22:84 26:104 9:35 27:105 27:107 35:139 20:80 25:99 14:56 35:137 12:46 33:131 2:8 36:140 23:89 12:48 15:59 28:108 27:107 24:94 35:137 20:76 14:56 24:94 53:211 20:78 2:6 26:102 26:104 25:99 18:72 29:113 19:75 26:104 39:155 22:88 30:120 19:73 6:22 9:35 2:4 32:124 28:108 9:33 20:78 24:92 21:83 15:59 30:116 58:228 13:51 12:48 38:152 26:104 28:110 13:51 19:75 1:1 7:27 27:107 22:84 30:118 12:48 16:62 20:80 37:145 12:44 6:22 28:112 19:73 6:24 11:41 14:54 35:137 27:107 14:56 6:20 8:30 1:3 20:76 30:118 14:54 25:99 13:51 10:38 2:4 20:80 9:35 37:147 8:28 16:60 32:124 26:102 34:132 14:52 37:145 10:36 22:86 36:144 5:19 26:102 18:68 14:54 4:16 14:52 17:67 38:148 25:99 6:20 2:8 4:16 29:113 33:129 1:3 34:132 24:92 29:113 27:105 20:80 7:25 51:203 42:168 40:160 39:153 19:75 15:57 32:128 26:100 24:92 22:86 18:68 0:0 41:161 23:89 16:60 38:148 33:129 17:67 39:155 17:65 1:1 22:88 64:254 34:132 16:62 21:83 20:78 20:78 40:158 2:8 28:112 34:136 5:19 16:62 16:64 18:72 2:6 33:131 23:89 32:126 26:100 16:60 9:35 4:16 7:27 3:9 20:78 29:113 30:116 35:139 5:19 9:33 4:12 14:52 36:140 41:161 2:4 18:68 9:35 21:83 38:152 4:16 1:1 32:128 32:124 17:65 14:54 37:147 40:160 36:142 40:158 18:68 1:3 17:65 37:145 9:35 13:49 37:147 28:110 19:73 10:40 8:28 16:64 20:76 10:40 26:104 26:102 5:19 23:91 23:89 14:56 35:137 27:107 27:107 16:64 1:1 14:52 4:12 9:35 37:147 7:25 39:153 38:148 30:118 26:102 6:24 ; 
L 36 -38 -4 -30 18 -12 15 -49 38 34 10 40 -25 -42 18 40 -36 15 2 6 -33 41 10 -21 25 -9 29 32 29 -2 6 34 -20 -21 -4 -40 48 38 33 47 -7 -20 47 18 -22 -38 -5 -37 28 23 -36 37 47 -19 21 40 6 -28 -48 11 49 -23 49 -2 -42 -6 -10 -42 1 45 -1 50 -20 30 30 -47 16 3 33 -39 32 24 25 40 -44 -36 -37 24 -40 -28 42 32 33 -9 19 44 50 36 -29 16 -20 -41 -21 -22 -17 -13 40 33 21 15 5 -33 23 -3 43 -27 -45 3 3 13 -9 -50 -28 -9 31 2 -25 -33 -10 14 46 -9 28 -27 -7 4 45 -16 -31 15 -17 -2 46 35 -12 -32 11 50 35 36 -37 -16 31 -20 3 -23 -15 -17 47 -15 22 -11 -49 -13 37 49 -19 -23 -40 10 37 7 -33 23 -19 -1 19 -35 17 -25 23 -21 48 46 14 -30 2 26 -35 -9 17 47 46 -25 -25 28 -37 48 -40 25 41 27 15 34 -2 29 -45 -9 -13 23 -17 43 -28 -37 11 -46 21 -41 10 38 -22 33 -3 40 -31 -37 32 -14 4 -1 37 -13 28 -2 42 -32 -1 -36 50 -44 22 50 -23 -15 30 44 4 -23 24 24 -35 -32 -25 36 40 49 -37 -35 -46 31 -21 12 40 -36 -4 30 8 50 -10 -10 -32 -28 25 22 36 5 35 10 -33 45 -4 -18 16 -47 -32 39 18 3 25 37 15 12 -41 -22 13 33 36 -14 -31 -39 -21 38 9 25 29 -16 -50 -46 23 21 -36 -25 40 -41 47 34 31 46 2 -21 45 -22 24 19 -36 8 -20 17 -45 32 -14 -3 24 31 -48 -38 -2 -49 -34 -27 32 39 -7 41 26 7 -10 -29 5 -27 -16 20 44 8 20 25 34 2 50 -34 -14 -3 47 41 -7 -10 49 16 -3 13 -2 43 -9 -5 -20 5 -48 -44 30 41 -21 42 -2 39 -21 -14 10 41 -42 6 25 -1 -21 21 43 2 48 29 18 -41 37 43 33 4 -28 46 -26 -49 -8 11 -31 -44 -31 -9 -22 -4 -6 -15 47 49 21 24 42 -6 -7 12 -5 -4 -40 15 40 13 21 -50 50 10 -46 -28 8 34 44 -15 29 -24 19 20 36 -27 -36 30 -29 13 18 -35 -22 -32 13 -2 -31 7 -40 -36 -30 10 -2 -24 38 -24 29 -40 -8 42 8 18 -6 50 3 33 19 -9 34 23 50 37 25 26 2 -8 7 40 24 18 18 -48 44 35 47 -11 -40 -41 ; 
65 49 78 63 57 91 24 54 11 34 48 77 21 54 99 96 93 11 91 70 84 100 75 85 52 86 12 97 72 96 13 34 59 91 12 67 38 68 30 52 90 93 42 63 42 86 9 11 59 41 33 68 91 22 57 94 45 83 37 92 30 18 52 82 87 57 82 9 79 97 34 1 43 95 94 27 87 9 75 88 19 21 14 44 22 17 62 63 66 26 25 68 84 16 11 85 36 18 97 23 52 28 2 54 53 69 54 87 31 93 56 39 52 69 47 30 14 4 83 14 40 80 69 100 87 52 89 49 47 48 60 45 59 42 52 96 4 83 85 96 24 60 64 54 93 5 17 30 48 40 89 93 44 17 80 81 19 39 93 3 7 53 38 19 75 89 87 72 1 71 94 16 78 49 42 24 43 72 52 42 49 23 88 54 18 57 89 92 5 69 97 4 61 21 46 20 71 41 100 68 65 2 76 50 75 76 12 53 86 34 35 44 100 22 86 34 24 78 42 12 64 45 55 6 85 72 90 34 66 8 48 63 70 97 23 75 95 34 61 66 33 49 82 27 94 19 69 90 61 39 83 36 73 89 96 99 83 69 54 99 19 67 92 95 65 94 56 71 21 42 50 10 79 23 86 40 3 50 18 30 11 85 34 55 89 32 27 24 92 59 91 28 76 55 48 36 70 79 79 97 51 90 39 77 64 33 45 98 82 41 39 7 52 49 43 76 8 91 23 69 91 51 64 92 60 11 18 38 90 33 89 36 10 31 11 81 8 99 44 83 4 97 20 11 53 45 7 5 74 92 30 20 93 68 77 80 29 40 88 14 45 97 52 30 14 5 96 1 56 98 96 29 79 42 38 59 27 55 61 28 6 56 55 77 69 20 57 32 74 28 28 55 37 32 85 34 32 63 10 7 42 74 43 2 30 92 78 54 16 73 72 26 52 99 45 57 82 23 21 18 29 20 77 99 15 22 71 97 48 40 91 38 42 49 69 74 96 5 19 95 99 55 93 24 95 18 44 87 98 67 8 32 33 47 72 53 59 27 55 55 18 50 77 9 51 53 24 12 75 51 51 41 70 53 10 61 63 35 11 66 87 70 28 32 30 26 88 52 86 5 85 31 11 78 18 17 46 61 25 59 71 ; 
L 36 -38 -4 80 -30 18 -12 15 -49 38 34 -46 23 -13 -48 21 -23 72 -33 23 -19 -1 19 -35 17 32 22 35 -13 -59 29 -30 36 -13 -6 4 -23 24 24 64 -35 -13 -40 40 -75 4 5 -40 -7 -19 -33 -48 -35 -44 -3 -50 6 -18 -8 -79 -42 40 9 -13 -3 -3 45 27 8 -2 -56 46 -11 37 28 -43 17 -23 13 9 45 -29 2 -34 -15 -85 -53 -31 16 37 -36 -84 -35 -50 -11 32 -67 12 -46 17 -15 31 16 34 44 -15 -24 -9 52 34 23 50 37 25 26 -45 43 -9 -5 -20 5 -48 -44 58 30 41 -21 42 2 -49 -11 48 -6 -40 -21 19 -47 -37 36 -23 49 -35 -46 31 -21 -65 47 -30 20 -50 -57 -49 -8 11 10 40 -25 -42 18 40 -36 15 2 6 -33 41 10 -21 25 -9 41 -7 -10 49 16 -3 13 -2 15 -22 19 20 36 1 45 -1 26 -63 -46 28 -4 -66 -33 -43 -37 41 -18 -29 -48 -8 28 46 -74 -10 -81 -50 -21 -32 -25 17 22 21 41 20 -16 -51 29 -36 -50 -44 -19 -33 -32 -42 29 32 29 -2 6 34 -69 11 -22 15 6 4 22 9 31 44 -71 31 -2 -34 -27 -14 10 41 -42 6 25 -1 -21 21 43 2 -26 -41 7 -39 -32 27 34 49 2 38 -76 48 -31 -24 3 14 24 25 40 -44 -36 36 40 -28 37 38 22 -18 -47 20 -70 7 -47 -33 -38 -48 40 4 21 -54 -18 -4 30 8 50 -10 -10 -32 -28 25 -7 -37 -10 40 23 19 -49 -68 7 -10 -29 5 -27 -16 16 82 3 33 32 -32 -22 33 -3 40 -37 32 -14 4 -1 37 28 -2 42 -32 83 3 25 -38 -10 41 -17 20 -8 -55 36 -19 -24 22 -45 21 -2 -77 -78 -24 18 -31 47 -16 18 4 -45 33 -10 -35 -5 -36 -22 -25 -25 -37 48 -40 -42 -24 -21 50 16 -29 -25 -9 25 41 27 -20 3 -23 -15 47 -15 -30 -13 40 33 21 15 5 -3 31 14 20 -49 -50 36 1 -36 -8 -44 -20 12 40 -36 -39 32 -46 -31 -34 -47 -40 25 36 -21 -50 -28 -9 31 2 -25 -33 -10 14 46 -9 46 14 49 62 50 -34 -3 47 28 40 -24 37 43 -33 -29 24 24 2 -10 36 40 -7 28 -27 -7 4 45 -37 -50 -22 -60 44 -73 21 -39 -23 33 2 -42 -10 -42 61 -25 -20 -38 39 2 -35 17 47 46 13 -2 -23 -15 30 44 -7 12 18 -11 -40 ; 
26:104 20:78 32:124 37:147 2:6 23:91 37:145 10:38 22:86 5:17 14:54 27:107 33:131 16:60 18:70 36:140 10:36 12:48 31:121 20:78 17:67 10:38 18:68 29:115 21:83 4:14 22:84 29:115 8:28 35:137 21:83 4:12 27:107 26:100 22:86 21:81 36:144 25:97 16:62 1:1 40:160 24:94 16:60 5:19 8:32 19:73 39:155 29:113 2:8 13:49 5:17 30:120 6:24 7:27 5:19 26:100 25:97 4:16 22:84 25:97 18:70 13:49 40:158 16:64 6:22 34:132 2:6 6:22 24:92 21:83 31:121 14:52 14:54 35:137 9:35 40:160 18:70 14:56 14:54 35:137 22:84 5:19 31:121 30:120 20:80 34:134 19:73 14:56 18:70 38:148 36:142 34:136 10:38 20:76 12:48 7:27 20:76 39:155 31:123 42:166 10:38 39:153 34:136 33:131 40:158 22:88 46:180 40:158 15:59 26:104 28:112 12:44 13:51 12:48 11:41 15:59 12:44 32:126 17:67 16:60 24:94 11:43 22:88 15:59 30:118 12:44 3:9 23:89 40:158 10:40 12:48 37:147 44:172 18:72 38:150 23:91 9:35 37:145 28:108 14:52 20:80 47:187 22:86 40:158 8:30 49:193 36:140 44:172 38:152 18:68 3:11 32:126 7:25 30:116 7:27 31:123 9:33 22:86 40:158 39:153 38:148 5:17 37:145 28:112 34:134 40:160 30:120 34:136 21:83 35:137 12:48 6:22 2:8 39:153 1:1 23:89 40:156 39:153 6:20 15:59 30:118 8:28 18:70 52:206 39:155 14:54 8:30 31:121 24:94 37:147 12:48 10:38 26:100 18:68 30:118 17:67 3:11 4:16 26:100 15:57 8:30 2:8 26:104 13:51 18:68 19:73 16:60 8:30 30:116 24:94 22:84 22:86 1:3 12:44 21:83 3:11 15:59 39:155 8:28 15:57 34:136 9:35 34:134 28:108 2:8 39:155 29:115 39:153 6:20 14:54 17:65 18:70 22:84 2:8 10:36 33:131 23:91 18:72 40:158 21:83 39:153 40:156 50:200 16:64 7:25 39:155 23:91 13:51 30:118 12:44 12:44 22:88 15:59 13:51 34:136 14:54 16:62 22:84 5:17 8:32 39:155 2:6 34:132 18:70 40:158 4:12 29:115 6:22 5:17 13:49 4:16 15:57 19:75 6:22 18:70 9:35 7:27 30:120 39:153 36:144 24:94 5:17 35:137 17:67 26:100 17:67 24:94 26:102 36:144 21:83 12:48 28:108 16:60 27:107 5:19 28:110 20:78 9:33 38:150 23:89 29:113 9:33 17:67 20:80 4:16 32:126 22:84 7:25 38:150 29:113 1:1 29:115 35:139 30:118 24:92 3:11 2:8 30:118 37:147 12:48 38:150 28:108 38:150 30:120 38:150 26:100 25:97 18:72 22:88 3:9 54:214 36:144 14:54 27:105 4:12 20:76 38:150 39:155 10:36 30:120 32:126 22:86 37:147 10:38 5:19 17:67 32:126 16:60 8:28 16:64 40:160 24:96 37:147 26:102 21:81 37:145 28:110 16:62 14:54 5:17 17:67 6:20 5:19 22:88 14:54 34:136 5:17 12:48 8:28 20:80 2:4 16:64 35:137 31:121 19:73 18:72 17:65 40:160 38:148 31:123 8:32 25:99 18:72 14:52 26:102 31:123 26:104 26:104 1:3 23:91 32:128 33:129 8:30 4:16 2:4 20:80 35:137 22:86 35:139 13:49 38:148 23:89 15:57 36:140 32:126 24:96 8:32 7:27 25:97 14:54 41:161 33:129 28:108 38:148 15:57 37:147 38:152 29:113 13:51 22:88 37:145 4:12 31:121 34:136 21:83 3:11 16:62 17:67 28:110 40:160 35:139 21:83 36:142 20:78 19:75 20:76 24:96 18:72 19:73 8:28 12:48 6:24 28:112 6:22 27:105 21:83 13:51 11:41 27:105 26:100 26:104 21:83 12:46 30:120 1:3 22:84 21:81 5:17 20:80 8:28 18:70 17:67 21:83 39:153 2:6 23:91 8:28 20:78 28:108 11:43 38:150 16:60 28:110 21:83 21:83 39:155 18:68 52:208 4:14 9:35 12:44 32:128 31:121 13:51 32:128 1:3 28:110 2:6 25:97 6:20 11:43 98:388 11:43 38:150 8:30 14:52 9:35 11:43 22:84 10:40 26:104 ; 
L 47 18 -36 25 -44 -5 45 -46 6 4 -43 -50 38 44 -14 -20 -6 41 -33 24 -46 -31 34 -35 2 34 -40 29 -18 26 20 -50 5 -2 11 27 24 -44 16 31 -39 -40 34 27 23 9 -19 -31 33 7 -45 7 38 8 -47 -45 -28 41 32 17 -18 41 -28 -27 -13 -32 -35 16 -17 -25 6 -19 40 41 22 -49 1 -29 50 9 36 -26 -29 -43 44 18 -40 -48 29 -19 -37 9 -11 -28 32 -6 40 -41 21 2 23 39 -17 -30 -7 -47 -20 26 7 36 -40 12 33 15 -32 11 -10 27 -15 8 -39 34 -42 43 39 -31 10 40 -35 31 -10 -16 41 -17 -30 17 -14 -46 26 -10 -15 -5 -46 42 16 40 45 -31 -41 -13 7 45 3 -22 23 -23 47 -24 -49 -25 3 -35 1 -22 23 20 17 -24 24 -41 -14 -18 -8 -35 -48 -30 45 22 -8 45 -43 -28 45 21 31 4 -46 7 24 35 29 -12 -11 -40 33 -11 10 26 35 47 -1 20 37 7 -48 -45 35 -36 15 -39 44 -26 -37 -1 -25 -44 -46 -47 -12 -36 -5 -30 -4 -28 -4 -2 -32 22 10 -18 12 -7 -10 -24 -29 41 -33 31 -32 1 -20 43 17 34 6 23 -39 12 47 -41 -44 -9 -31 42 -16 -43 -49 3 41 -13 15 -17 49 -24 -5 20 50 -30 -48 47 31 -44 -15 -3 -50 -33 20 -48 -1 34 -40 -31 -30 -13 -23 35 29 -5 22 6 -30 -11 19 -40 30 -28 -3 -4 24 -22 20 -43 -29 17 -41 -50 10 36 -4 -25 -35 18 21 37 -22 -48 -32 -20 35 -36 -33 -2 -23 -34 40 -21 47 -30 34 -2 -21 -1 36 12 19 -21 -43 48 -12 34 -36 48 13 -10 -20 11 13 22 -45 -13 -14 -30 -20 -28 -4 -45 26 -49 15 -46 -6 -21 -37 -10 -26 -28 18 -32 39 17 37 -37 -35 29 49 25 39 -28 33 -39 -31 24 -21 -41 48 43 19 25 6 -11 33 -18 7 -14 -20 -19 -21 -22 39 -15 -24 -10 7 3 -26 44 22 -21 13 -23 4 -11 9 -34 -20 43 -13 -9 -7 -31 -30 26 -36 -36 46 2 -23 -39 33 -34 -7 38 -33 39 -49 -38 1 -14 -9 -31 9 -3 45 -3 1 -32 -32 50 33 1 32 43 44 31 -16 14 16 -29 -35 11 -16 12 44 -25 3 -35 16 41 -50 -5 29 45 10 2 -38 38 -27 5 -42 4 -48 -45 31 -14 7 36 23 14 -26 -20 1 -50 -15 -3 -10 5 -3 14 21 -8 ; 
51 30 75 83 96 96 3 77 68 60 82 66 33 59 68 65 13 16 2 90 54 46 68 68 87 64 81 3 2 51 32 81 52 25 8 18 91 32 27 68 70 90 4 78 75 12 25 23 83 48 75 27 55 79 76 54 29 89 48 35 14 81 30 74 67 66 36 54 87 49 47 55 89 20 40 82 26 21 28 39 98 58 47 39 46 95 23 44 54 23 10 43 21 64 88 10 35 61 21 64 39 43 51 3 34 17 14 71 4 82 5 70 98 68 1 90 55 64 92 45 78 8 9 76 1 69 37 55 36 37 69 79 55 54 36 47 1 23 91 9 60 70 68 2 68 56 9 17 66 99 11 41 17 29 51 52 8 1 72 100 3 90 73 75 5 53 46 17 71 5 31 60 60 77 95 93 25 27 38 90 33 1 88 42 64 14 49 17 70 13 36 41 17 55 7 64 71 4 100 60 72 10 84 3 98 35 5 89 66 43 13 22 21 9 97 55 15 73 85 66 53 35 7 87 54 47 23 86 4 16 90 97 87 59 87 1 39 91 35 82 99 34 75 83 49 19 80 88 20 27 54 71 39 86 68 51 40 15 17 48 27 38 24 81 86 87 36 31 23 33 82 93 48 88 39 57 20 60 27 8 27 44 2 10 89 20 41 64 27 47 26 70 55 46 50 73 26 92 56 78 45 84 13 33 84 49 17 82 99 59 47 91 87 40 51 100 49 21 37 77 86 72 36 80 28 74 71 52 90 57 58 9 34 88 14 74 48 46 18 67 65 22 45 80 22 23 58 100 60 1 10 86 67 2 83 48 85 66 44 8 54 39 10 24 73 21 23 31 4 14 71 67 52 35 73 41 40 40 37 65 19 13 57 76 75 77 56 92 26 35 99 71 97 70 84 18 27 42 47 57 5 65 34 49 9 35 52 4 48 40 27 95 69 45 55 79 68 22 52 62 5 68 84 89 19 79 50 83 50 18 56 87 19 13 81 15 46 38 74 37 30 23 38 82 88 28 51 20 18 83 76 44 21 82 12 78 97 13 31 37 47 45 76 15 19 5 98 93 73 9 70 55 100 66 16 90 43 81 71 26 4 90 78 70 9 15 17 30 18 2 68 11 67 86 77 10 63 1 90 55 34 ; 
L 47 60 18 -36 25 -44 -5 45 -46 6 4 -43 -50 38 44 -14 -20 -30 45 -43 48 -12 61 34 -28 -4 -32 22 10 -18 -36 48 13 14 16 33 36 -35 20 32 48 22 -37 -21 -18 -69 2 -23 26 35 47 -1 20 37 7 -48 -45 -36 15 -39 44 -26 -37 -1 -25 -44 -46 -47 -12 -5 -30 -4 66 12 -7 -10 -24 -41 -3 49 43 15 -27 16 -44 -43 -32 -82 -22 -44 26 -7 -7 -33 31 19 -9 -23 -27 -34 40 39 -31 44 -64 -24 -27 -11 2 -5 -20 -26 -70 18 40 22 -34 -2 35 -34 31 46 -24 -37 9 -11 -28 32 -6 40 -41 21 2 23 56 -22 39 35 4 -36 37 21 6 46 -15 -41 28 -43 20 34 -9 11 -4 -34 30 -47 21 -40 34 23 2 -26 -28 18 -32 39 17 37 -41 10 -11 32 -15 80 -2 -21 -1 -46 -23 22 -3 13 41 20 -2 7 -14 -19 -21 74 43 29 26 -36 -9 -50 29 -1 -37 -23 30 -50 -20 5 24 -48 -48 -45 46 15 10 7 36 23 14 -26 47 31 85 -44 -15 -3 -50 20 -48 -1 52 34 -40 73 63 -42 36 -1 -33 -50 32 32 -54 -77 -1 3 -45 3 -9 31 9 14 -1 38 49 -58 -39 33 -38 -28 -4 51 84 -45 -49 32 17 -18 -39 34 -42 43 -31 10 40 -35 31 -10 -16 53 -30 17 68 -20 -23 22 -1 -5 -25 3 -35 67 41 -5 29 45 10 81 -33 39 -72 -10 11 -33 12 31 4 -46 7 24 35 22 6 -30 -11 19 -40 35 -3 25 49 24 -62 -47 17 -16 35 32 13 7 9 22 -8 45 -43 -28 45 21 -29 -44 20 30 14 13 45 -12 16 35 29 -10 -10 50 41 -78 -17 29 55 -17 -30 -7 -47 -20 7 36 -40 12 41 -28 59 -27 10 3 15 50 -1 16 -42 31 9 44 -47 -12 39 -23 -71 -34 -17 -43 20 -1 32 23 -13 21 12 19 -21 13 45 47 -75 -8 -38 -79 -7 45 10 24 4 14 7 34 18 -11 -33 11 -6 -25 -19 -48 41 21 -24 31 39 -31 -30 26 -36 -36 29 25 39 -28 33 5 -3 27 38 5 57 -31 -30 17 -24 24 -41 -18 -8 -35 -48 -6 41 -33 19 -29 48 40 -18 -44 76 -31 33 -41 29 -13 15 -17 49 -33 -8 31 -45 -40 -16 -42 -14 -26 46 14 -25 6 40 -13 29 30 -28 -3 -4 24 -22 83 65 20 -43 -39 41 -49 -17 -10 -20 13 21 -8 ; 
21:81 24:94 39:155 30:120 34:132 39:153 39:153 2:4 31:123 28:108 24:96 33:131 27:105 14:52 24:94 28:108 26:104 3:11 10:40 12:46 19:73 8:28 11:41 33:129 37:147 22:86 22:84 35:137 2:6 7:25 23:89 9:35 18:72 55:219 39:155 12:48 35:137 31:123 15:59 9:33 20:78 40:160 21:81 16:64 35:139 13:51 26:104 20:80 22:88 40:160 24:96 29:115 4:16 34:134 2:4 40:156 14:56 10:36 27:105 18:68 6:20 9:35 9:33 4:14 39:155 22:88 6:24 30:116 34:136 3:9 14:56 3:11 28:110 39:155 39:155 35:139 24:94 10:40 7:27 6:24 16:64 15:57 37:147 16:62 18:70 9:33 18:70 34:132 5:19 21:83 14:56 7:25 34:134 20:76 34:132 10:36 10:40 5:19 30:120 32:124 2:6 36:144 28:112 15:59 24:96 32:128 37:145 8:28 4:12 10:40 28:110 13:51 23:89 28:112 2:4 57:225 49:195 26:102 35:139 28:108 28:108 19:73 22:86 16:60 18:68 9:33 26:102 36:140 4:16 14:56 25:97 9:33 26:102 16:62 14:56 15:59 19:75 32:128 26:102 40:158 14:54 4:16 16:62 22:86 4:12 20:78 36:142 23:91 32:126 22:88 18:72 28:110 38:152 19:73 36:144 21:83 29:113 30:118 12:44 32:128 15:57 10:36 9:33 10:36 13:49 2:6 6:22 29:113 23:91 30:118 22:88 36:144 1:1 41:161 3:9 24:92 4:14 14:54 15:57 21:81 12:46 1:3 40:158 16:60 3:9 26:102 28:112 22:84 11:43 24:96 10:36 16:62 19:75 24:92 40:156 16:62 12:44 9:33 17:67 15:57 41:161 13:49 15:57 35:139 35:137 41:163 4:12 36:144 10:38 38:148 24:96 6:22 6:24 7:27 12:48 8:28 11:41 33:131 11:43 38:150 20:76 36:140 16:62 16:60 24:96 11:43 13:49 27:107 11:43 33:131 19:73 40:160 10:36 24:94 34:132 8:28 8:32 21:81 27:105 2:6 15:57 36:140 33:131 16:60 10:36 12:48 15:59 30:118 16:60 19:73 6:24 24:92 13:51 6:20 8:30 11:43 34:132 6:20 33:131 2:6 40:160 18:68 14:56 6:22 27:105 4:12 4:14 31:121 22:86 15:59 22:88 15:57 15:59 28:110 32:126 14:54 6:22 19:75 2:6 8:30 22:84 2:8 30:120 18:68 20:80 8:30 2:8 5:19 40:158 2:8 28:112 22:88 40:160 14:54 12:46 20:80 20:76 6:20 29:113 26:102 6:22 13:51 6:22 20:78 7:27 28:112 6:20 6:20 19:75 11:41 28:112 22:88 19:73 20:80 36:144 2:4 40:160 29:115 26:102 10:40 11:43 35:139 22:86 15:57 27:105 32:128 21:83 10:36 16:60 36:144 14:52 1:1 36:140 17:67 30:116 6:24 28:110 27:107 35:137 4:16 1:1 16:62 18:72 7:25 13:49 8:28 64:254 7:27 20:78 33:129 17:67 14:52 10:36 16:62 2:4 14:54 7:27 6:22 5:17 33:131 2:8 28:112 39:155 12:48 17:65 27:105 22:84 31:123 35:137 27:107 5:17 37:145 28:108 35:137 16:62 29:113 4:12 8:32 36:140 32:128 22:84 3:11 34:132 30:120 14:54 40:158 33:131 13:49 16:64 20:76 21:81 6:22 30:118 18:72 16:64 22:86 26:102 29:115 32:126 7:25 16:62 11:43 10:40 26:104 39:155 2:6 29:113 23:89 26:100 18:72 26:100 40:158 14:56 11:41 37:147 22:88 30:120 31:121 23:91 6:20 8:30 10:36 2:8 28:108 34:134 36:142 22:86 6:22 16:64 16:64 15:59 20:76 26:100 9:33 23:89 29:115 36:144 22:88 1:3 13:51 7:27 29:113 2:8 1:3 24:96 31:123 38:152 40:158 7:25 1:3 25:99 10:36 22:86 18:70 10:36 38:152 7:25 13:51 37:145 16:62 1:1 44:176 11:43 16:60 10:38 17:67 38:150 26:104 7:27 4:14 23:89 28:108 5:17 2:6 37:145 10:36 11:41 19:75 32:124 13:51 36:142 38:150 30:116 11:41 37:147 23:89 32:124 29:113 21:81 39:153 34:134 18:68 14:54 26:102 20:76 11:43 9:35 18:70 11:43 22:88 14:54 ; 
L 33 32 -17 20 26 14 -2 -19 -2 -40 46 10 48 -33 -34 24 24 -11 -48 -1 3 -20 -47 -48 -9 -41 -38 -17 -23 -15 -48 35 -38 18 -49 -48 38 22 49 -3 7 43 20 39 15 23 -19 -30 -6 3 6 17 8 40 44 -33 -18 -19 19 49 -45 32 27 4 18 42 34 -43 -38 28 -30 12 -36 -1 46 43 -19 30 12 3 -3 45 -43 -35 26 -32 36 9 29 18 46 22 -34 12 1 14 -23 7 -34 15 -20 44 36 6 -10 11 43 36 -4 -27 13 11 41 12 21 24 -50 -38 -39 -30 -43 40 9 43 19 -6 -49 -7 -32 34 -30 -32 22 24 -6 27 21 -25 -23 11 -45 -48 -2 -20 7 34 -20 -27 -5 17 -13 -42 -26 34 -44 -7 32 25 -23 -13 32 4 27 22 -31 28 26 13 17 -45 1 -34 -6 -35 -21 -4 -10 7 43 -13 36 -40 43 -19 -20 -1 49 -16 -48 36 -14 -18 -14 -33 26 -3 15 -10 -30 -28 3 -30 25 19 -5 -12 -35 -48 -37 -41 32 7 -37 -26 48 -44 -5 4 12 39 -14 30 36 50 41 -39 3 -1 21 28 2 39 30 44 -2 -13 13 49 15 3 13 -28 -42 9 13 -24 41 -44 34 21 44 -7 39 4 -44 47 -31 27 12 -5 41 9 -11 6 3 -41 -16 39 -10 29 -8 -3 28 -24 -23 -34 -32 2 32 -24 -31 36 43 23 49 -24 -27 -47 -6 -44 38 -21 1 -21 6 -28 -14 -11 12 -4 19 9 2 24 -47 13 20 -2 -16 -8 -26 22 -43 30 12 -32 29 29 -43 46 -28 -20 -3 9 18 -42 18 5 -11 17 -6 -38 32 40 1 -4 42 25 -18 49 20 28 14 -3 -26 21 30 32 -24 49 46 39 32 40 -46 -50 -6 10 8 -48 -33 36 21 3 -12 38 -8 -50 -4 -44 46 36 43 -24 21 5 25 22 14 -3 15 -32 5 24 17 -4 26 35 1 -46 34 -41 26 16 -23 17 31 -48 -25 2 37 12 11 15 -27 26 -44 -6 37 -1 -6 -29 33 29 -12 14 -37 11 -45 -45 -3 34 1 -31 10 35 14 -26 24 9 32 40 34 -45 -46 -38 16 24 -48 7 5 -35 -32 49 -4 -31 -31 3 2 9 -47 38 -22 43 -16 -26 -1 19 -22 25 -25 -44 27 -33 -22 -29 5 30 19 -2 17 -33 -45 -5 46 -30 -30 42 19 -5 31 20 32 42 -43 5 2 19 -35 -35 -10 10 -43 -43 43 -19 -11 26 8 -33 ; 
75 64 89 92 68 55 82 46 57 11 63 24 1 79 20 84 40 55 34 72 64 18 16 33 30 36 18 52 28 86 20 35 95 96 21 38 90 4 58 31 34 64 36 31 33 20 19 22 27 3 3 52 96 9 63 89 99 76 5 6 67 76 88 83 46 34 59 82 56 40 55 52 61 38 53 72 5 62 96 92 96 6 83 23 20 81 97 7 76 70 59 86 99 52 59 13 65 61 99 49 77 53 65 50 30 25 16 58 37 78 21 47 89 12 78 88 9 5 95 81 70 3 67 73 84 71 74 4 97 5 33 92 65 62 45 16 57 44 60 63 98 8 51 46 69 17 4 32 50 38 84 82 70 57 94 42 32 89 6 76 56 54 37 9 88 45 29 55 52 37 11 62 28 48 54 93 65 98 54 37 25 47 86 73 48 60 78 85 32 24 22 62 98 30 14 48 23 75 63 80 85 47 85 47 47 92 37 26 94 21 48 5 10 65 98 62 52 90 78 72 29 8 78 65 78 96 40 69 7 63 66 78 88 74 36 33 17 85 29 98 87 1 93 81 94 49 75 37 75 21 72 21 63 46 59 32 54 34 70 58 6 26 97 81 83 17 60 30 88 80 4 28 13 32 64 49 39 13 70 4 5 22 44 60 1 99 40 31 67 8 13 20 89 56 10 81 82 76 81 61 36 26 20 38 35 97 50 16 51 59 20 34 88 46 61 57 44 89 44 29 29 51 99 4 70 75 62 87 19 8 12 58 69 3 50 25 30 58 26 80 68 17 26 1 4 30 90 28 54 25 62 37 43 29 91 93 91 85 95 35 70 12 40 74 61 83 82 86 87 39 70 80 20 65 95 65 64 52 24 70 73 33 90 82 86 98 20 88 98 72 43 58 79 87 30 100 20 6 55 67 11 20 12 44 100 96 73 86 93 37 29 46 6 64 15 81 42 50 56 28 58 54 7 79 29 4 22 88 24 23 66 28 85 88 38 23 4 44 78 20 44 99 29 93 69 66 88 19 54 4 1 66 69 90 31 72 12 29 16 56 96 93 5 12 75 11 10 82 42 28 88 63 80 56 14 84 24 81 11 97 7 97 23 56 62 72 3 42 3 58 56 60 59 28 73 63 27 68 63 40 53 ; 
L 33 32 -17 20 8 -38 12 -3 22 33 25 32 27 4 -26 21 30 32 -24 49 46 39 32 40 -46 47 -31 27 12 -5 41 9 -11 6 3 -41 -16 39 -10 29 30 10 -15 3 -26 33 14 -3 45 56 2 37 12 11 15 6 48 48 16 -24 -23 -34 -32 2 32 24 -49 -23 -43 -36 -61 -9 -2 -3 31 31 4 -41 -50 -36 -30 14 -27 6 -24 -22 -65 32 30 -34 32 7 49 6 -19 -43 -9 -40 43 -41 7 30 -28 38 43 -34 -42 -64 29 18 46 22 -47 38 -46 1 36 -12 -26 71 48 -44 -5 12 39 83 21 -49 -19 19 81 17 -6 -38 32 40 1 -4 42 25 -18 49 20 28 -16 77 -1 19 -22 25 -25 -44 -45 36 85 -14 -18 -3 -12 -30 19 -43 -22 43 42 -43 5 2 -16 38 46 45 -40 -32 -9 -24 26 -14 -10 -23 11 27 -68 -1 -21 1 -3 39 -49 32 35 -5 -7 48 -24 19 -33 29 6 26 -44 -48 2 24 -47 13 27 22 -31 28 26 13 17 1 14 -2 -20 -43 -7 3 34 -28 44 4 50 -34 -6 5 25 22 14 -3 15 27 -49 -22 -38 48 49 -9 3 20 28 -46 43 -21 -12 -41 -11 27 4 -36 -43 -11 43 -13 36 -40 -2 -20 7 39 72 30 44 -2 -13 13 49 15 3 13 -28 -42 9 9 75 5 24 26 35 -46 34 -41 26 16 31 -48 54 -25 -11 12 -4 19 53 13 -24 80 41 -44 82 34 21 74 67 44 -7 39 4 -44 -48 -9 -34 -48 35 79 -38 18 -41 -38 -17 -23 69 -15 -33 18 -42 18 5 -11 18 33 3 -57 -14 -32 -20 -31 5 -19 -51 12 66 1 14 -23 7 -34 37 -35 -10 10 -43 -43 43 -19 26 -46 -34 3 -60 45 -11 37 -14 12 48 35 12 5 -19 -25 -3 15 -20 63 44 36 6 -10 78 -49 1 20 -70 19 -43 -52 30 19 -23 1 -27 -47 -6 -44 38 -59 -73 -55 10 48 24 24 -6 37 24 -50 -38 -39 -30 -31 -20 -47 -6 18 -9 -36 32 -26 -62 35 43 28 -6 21 -1 21 -5 17 -13 -42 -26 34 -44 -7 25 -23 -13 32 4 20 -2 -16 -8 -26 22 84 -43 30 12 -32 29 29 10 4 21 -42 30 -46 -58 5 45 33 -17 2 -19 -5 -21 -36 33 48 -8 -10 -44 -40 -8 -17 -6 -3 35 -21 24 -43 -36 20 -34 -2 -28 40 2 19 76 39 3 -28 -3 1 8 -33 ; 
30:120 26:102 36:142 37:147 10:38 33:131 34:132 25:97 22:86 30:120 8:30 10:36 36:140 34:132 5:19 12:48 36:144 12:44 22:86 10:40 25:99 15:59 18:68 12:46 37:145 32:126 22:86 14:54 28:112 24:92 3:9 11:41 39:155 33:129 34:132 7:27 24:96 12:48 36:140 32:128 5:17 26:100 30:120 10:36 20:76 6:22 12:48 8:30 3:9 39:155 34:134 5:17 8:32 5:19 18:70 48:192 18:68 10:38 13:51 24:96 26:102 20:78 16:62 6:20 28:112 7:25 40:158 1:1 24:96 18:70 16:62 30:120 2:6 22:86 8:30 36:140 27:105 37:145 32:124 26:104 32:124 4:12 27:105 7:25 18:72 25:99 14:52 27:107 37:147 14:52 2:8 39:155 2:6 30:118 29:113 34:134 30:116 27:107 2:4 10:38 17:67 14:56 22:88 16:64 23:89 33:131 24:94 20:80 11:41 28:112 24:94 35:137 28:110 27:105 28:110 22:84 16:60 25:97 30:120 19:73 35:139 25:99 21:83 55:217 29:115 3:11 36:140 34:134 3:9 2:8 16:64 12:48 5:19 24:92 28:110 2:4 20:80 10:40 12:48 24:92 11:41 32:128 28:108 7:27 21:83 0:0 40:158 12:46 7:25 23:89 39:153 38:148 3:11 4:12 27:107 22:84 25:99 70:280 37:147 39:153 25:99 2:8 29:115 36:144 19:73 25:99 29:115 2:4 17:65 2:6 10:36 16:60 32:126 12:44 27:105 10:36 10:38 36:140 0:0 19:75 26:100 39:153 11:43 16:62 2:8 3:11 28:110 16:64 30:118 38:148 12:46 40:158 18:70 8:32 32:124 18:72 6:22 3:9 19:73 18:70 30:116 35:137 25:99 16:60 14:56 39:155 18:72 4:14 36:140 18:72 12:46 22:88 21:83 9:35 14:54 33:131 22:86 15:57 26:102 14:54 31:123 22:86 33:129 16:62 35:139 56:222 12:44 23:91 26:102 21:83 10:38 28:112 30:116 27:105 13:51 24:92 2:6 36:144 16:60 28:108 2:6 40:158 21:81 12:46 12:46 25:97 32:124 5:19 36:142 8:30 32:124 15:59 24:92 7:25 19:75 15:59 10:40 19:75 22:84 19:73 28:110 15:59 34:134 9:35 30:118 15:57 14:52 7:27 34:136 12:46 40:156 35:139 1:1 38:148 33:129 14:56 29:115 2:8 33:131 30:116 36:140 46:180 18:68 24:92 32:126 35:139 13:51 3:9 35:139 10:40 21:83 33:129 25:97 15:57 10:38 56:220 20:78 40:160 31:123 15:59 18:68 31:121 9:33 35:139 14:56 18:70 9:33 26:100 19:73 24:94 21:83 12:48 4:12 23:91 14:56 2:4 39:153 39:153 20:78 8:28 21:83 12:44 26:100 24:96 7:27 9:35 30:120 25:99 35:139 8:30 28:110 40:158 17:65 8:32 33:129 6:24 10:36 39:155 3:11 39:155 13:49 25:97 29:115 21:83 6:20 26:104 25:97 40:158 3:9 25:97 10:40 24:96 24:94 12:44 30:116 26:100 3:9 10:40 22:84 22:86 12:46 20:80 23:89 20:80 17:67 33:129 25:97 11:41 15:59 37:147 19:75 19:75 45:179 30:120 31:123 34:134 35:137 26:104 20:80 12:48 53:211 9:35 32:124 24:96 25:97 14:54 30:116 21:83 21:83 9:35 8:30 3:11 29:113 13:49 27:107 4:12 6:20 11:41 34:132 36:140 4:12 1:1 44:174 16:64 23:89 38:148 1:1 4:14 2:8 38:152 33:129 1:1 8:30 7:25 27:105 38:152 44:176 3:11 39:155 33:129 16:60 31:121 10:36 4:14 33:129 4:16 23:89 36:142 13:49 16:60 34:134 33:131 28:112 23:91 38:150 17:67 44:176 3:9 31:121 23:89 22:86 17:67 7:25 21:81 24:94 8:32 14:54 31:123 39:153 19:73 25:97 23:91 18:70 36:142 26:102 26:104 38:148 34:132 27:107 34:134 13:51 38:150 23:89 32:128 26:100 36:140 12:44 29:115 10:36 16:64 5:19 28:112 14:56 38:152 31:121 26:100 4:14 39:153 21:83 2:4 5:17 23:89 38:152 26:104 8:32 17:67 2:6 24:92 27:105 30:120 5:17 23:91 18:68 27:105 8:32 32:128 33:129 26:102 52:206 16:64 22:84 ; 
L -3 -1 -46 -20 -18 2 -40 14 32 -2 -6 -21 -22 8 -2 -2 32 38 10 -31 -37 20 -25 1 37 26 -35 21 -18 -25 40 33 -50 -8 -48 -43 -46 -29 -9 33 -43 29 -29 17 -44 18 6 26 20 39 -26 9 -33 8 -19 42 29 -24 43 -19 -9 39 -1 32 46 8 23 12 30 29 -24 43 1 -13 -1 48 -8 49 14 34 33 13 22 -20 -26 -2 28 22 22 34 -10 42 8 -18 -1 45 -21 -20 -10 37 23 -28 39 6 42 28 28 47 -35 -4 -36 10 -26 -20 31 -28 28 27 -36 -20 -16 45 -5 -26 49 -1 47 38 -43 -46 -40 -12 45 -25 -15 28 21 10 4 -1 5 -7 7 -31 -33 -20 -47 -47 31 -31 6 -26 25 -35 -23 -42 49 17 -38 -21 -50 1 -20 -10 13 41 19 47 36 8 29 -20 -36 -45 29 44 -36 21 -40 44 -39 43 17 32 -35 35 -5 -12 -43 -45 43 -26 -12 -36 5 -21 42 38 35 21 14 42 15 37 -41 35 20 -1 -18 12 3 -34 23 22 -30 31 3 17 -10 9 49 -28 49 39 -33 -25 -30 19 2 11 12 49 -14 -2 -22 -34 7 -27 -36 -12 -29 30 13 40 25 48 24 9 -8 -16 34 39 -4 42 -45 -27 26 33 29 17 27 29 -41 3 9 -16 49 -3 48 40 13 -6 -49 -34 -39 -2 50 24 -13 31 -34 -20 -4 -47 -7 1 6 -17 -34 22 9 -30 -2 31 -49 -15 -36 12 2 5 25 -37 19 -25 -4 -31 20 28 -9 -20 -11 -33 -34 37 14 -31 9 4 -6 -1 -30 -5 -43 43 49 -20 23 -4 46 1 -43 -9 -32 14 -49 36 -1 -49 -2 42 21 9 45 -36 -15 -6 -3 -32 -4 -14 1 18 -28 -2 -49 49 -19 -28 -22 -6 48 41 -35 -41 -9 9 20 -29 26 -15 -7 5 11 35 33 -18 -27 -3 -48 -31 -50 1 -13 22 -1 36 20 31 42 38 17 -45 -46 -13 23 46 -9 17 17 25 7 -17 20 -49 -3 -46 11 35 -30 -6 -24 27 -16 -20 -6 15 -16 24 -15 -50 48 -35 -12 42 -39 21 29 10 27 28 -43 -16 44 -43 4 45 -38 -30 34 -16 -41 32 -48 -44 20 -45 50 -2 25 -44 -25 28 -28 49 -43 -18 -40 4 23 -14 -24 -21 33 -27 3 44 -27 -10 -30 -27 -41 44 46 -26 -38 -14 19 49 38 18 -27 -15 12 39 -23 50 -9 8 -36 8 21 39 -37 -40 48 -10 22 -19 -14 -42 ; 
74 30 67 24 53 33 43 74 7 82 31 49 34 74 29 20 91 55 4 90 85 45 14 17 18 95 67 45 32 84 20 24 43 71 25 80 23 75 3 57 73 48 60 88 3 22 8 5 10 97 74 51 5 92 32 33 29 57 15 1 41 96 46 91 37 38 60 90 99 45 26 63 36 71 39 8 62 81 95 94 10 97 83 97 32 82 21 48 99 43 89 90 16 43 20 62 95 96 80 18 89 85 5 68 77 92 86 35 70 39 83 79 1 5 11 17 64 21 30 48 25 93 100 2 96 10 23 47 45 58 70 18 77 26 55 3 71 34 88 41 2 41 3 25 84 79 96 75 76 33 13 60 75 75 78 17 83 86 3 56 19 22 38 79 11 83 12 30 46 55 51 3 79 19 85 87 59 97 32 11 11 73 91 84 12 40 91 74 77 77 27 85 94 63 32 25 58 89 69 15 39 12 76 85 54 82 51 57 11 18 29 74 33 66 25 58 100 4 72 86 1 87 22 97 91 50 90 60 46 29 16 14 90 8 57 47 24 46 43 85 94 28 41 86 5 43 78 11 96 21 20 14 33 98 5 62 78 34 39 36 57 97 2 84 46 31 49 27 6 21 47 72 21 43 77 76 14 93 30 53 67 65 77 2 33 69 42 80 11 67 91 23 87 27 42 39 32 46 50 46 56 24 2 8 31 13 49 15 65 80 59 29 66 4 8 6 58 68 65 35 79 61 74 76 27 67 68 61 38 24 28 58 32 28 27 55 24 87 32 19 45 33 22 64 18 40 32 74 26 11 16 25 58 7 59 54 7 53 76 84 46 20 61 24 64 24 69 65 41 9 30 91 16 28 92 63 79 84 46 77 79 35 99 26 10 99 74 21 38 53 84 50 42 95 79 94 19 16 36 67 8 63 26 54 33 28 86 3 81 64 9 81 8 28 60 65 16 93 26 66 96 6 46 30 28 57 21 65 75 40 81 64 74 91 40 42 34 37 36 75 24 38 98 45 33 84 52 82 91 79 58 85 98 73 100 39 56 80 85 67 53 42 91 75 15 51 11 7 30 21 31 12 23 22 24 44 36 62 6 96 14 16 51 21 32 75 52 15 60 12 28 68 76 47 69 90 16 67 92 49 38 ; 
L -39 28 46 3 49 -20 17 25 37 -25 -5 -2 -12 36 15 49 18 43 -49 -75 28 -27 -10 -22 -28 2 20 -22 -13 -33 -34 -14 -49 8 -48 1 13 -1 -43 24 -29 -30 -12 -23 -28 -40 40 13 85 -6 -49 -34 -39 -2 50 24 -13 31 -34 -20 -4 -47 -7 4 30 10 27 -44 28 21 -12 42 -47 31 35 -5 -12 -45 -42 -14 -50 -76 25 -45 12 40 46 20 16 -27 24 6 30 -35 -11 -13 46 -9 -30 -2 74 31 -39 21 29 -73 22 -36 -3 -12 18 1 -20 -35 41 -37 -15 50 -2 -80 -5 36 12 26 -43 45 -63 43 -20 2 -49 -12 -11 -2 13 40 25 48 24 9 -2 -49 71 49 -19 -28 -22 48 41 -35 -41 -28 28 -31 35 -48 48 -10 31 48 3 44 48 -32 41 34 17 -6 -1 -39 -12 15 -39 -6 15 -16 24 -15 -50 37 22 -1 60 -9 9 -35 -38 -42 -33 -20 -47 -54 25 44 -25 -32 -4 -7 7 78 -31 21 -62 3 -66 -4 43 -64 16 -56 43 -28 -8 -46 29 12 36 27 -7 22 34 42 8 65 -18 -1 45 -21 25 7 21 -45 -46 -9 10 -58 -17 -3 -31 30 -22 28 -18 -1 14 -5 1 43 5 30 1 6 -9 -29 26 -15 -7 5 35 33 31 -10 -38 -32 2 2 -8 29 17 27 29 -41 3 9 -16 49 -3 48 17 -38 -21 -50 1 70 -20 -10 13 41 19 27 -36 -16 45 -5 -26 49 -1 47 38 -43 -38 -30 -16 9 51 21 22 -19 22 21 6 2 -32 -68 -14 40 -2 18 20 46 1 -59 3 -33 -25 -30 19 35 -32 -43 -17 33 11 20 9 -28 -20 31 4 -8 36 -8 9 -50 9 8 -19 42 29 72 -24 43 -19 -9 39 -1 32 52 -31 -23 -37 10 -17 -17 -38 -31 -20 27 18 20 -25 1 37 26 40 33 -50 -8 -48 -29 -9 79 -43 29 77 -29 45 -82 27 -18 -38 10 -26 -20 10 4 43 49 -20 23 -4 46 -43 -9 -32 14 -49 36 -1 -49 -2 42 21 9 45 -36 -6 17 67 -15 -44 18 20 39 -26 -49 42 23 35 -25 26 -6 -28 39 6 42 -18 -25 -35 21 53 28 28 61 84 47 -1 -3 27 -33 21 24 14 -23 -27 -41 44 -26 -38 -14 19 49 36 4 35 -13 39 -44 40 36 -44 -29 45 36 20 -55 -29 -36 -34 37 14 -31 -47 -69 81 -34 23 -8 34 83 39 -4 42 -45 -27 26 57 33 -14 -42 ; 
21:81 22:86 18:72 12:44 14:52 22:86 11:41 27:107 1:1 10:38 23:89 19:73 20:80 19:73 13:51 16:62 15:57 16:62 40:160 10:38 38:152 29:113 30:120 44:172 20:76 9:33 1:3 39:155 34:132 39:155 4:16 38:150 38:152 33:129 25:99 4:12 16:62 29:113 15:57 26:100 11:41 18:72 40:158 36:144 40:156 34:136 10:36 19:75 23:89 19:75 9:33 18:68 31:123 31:121 6:22 38:148 12:48 22:84 27:107 26:104 31:123 1:3 14:52 61:243 33:129 12:48 3:11 5:17 8:32 29:113 22:88 12:48 27:107 31:121 22:86 37:145 30:118 28:112 40:160 5:19 18:72 21:83 21:81 11:41 31:123 8:28 28:112 21:81 12:44 4:12 33:129 4:14 26:102 33:129 2:4 73:289 69:273 8:30 4:14 35:139 2:8 22:86 8:28 23:91 9:33 9:33 28:112 24:96 49:195 12:46 8:28 5:17 23:91 21:81 33:131 22:86 34:136 12:44 33:131 49:193 4:16 13:51 26:100 38:150 34:136 11:43 25:97 15:57 37:145 14:56 17:65 6:22 7:25 12:46 14:52 35:137 2:8 18:68 32:124 5:17 28:110 24:94 16:60 40:160 3:11 22:84 31:121 42:166 8:32 25:97 10:38 40:156 26:102 7:27 12:48 3:9 3:9 36:144 32:124 31:123 19:73 29:113 18:72 40:156 16:60 6:20 5:17 32:128 17:67 6:22 9:33 21:81 3:9 36:144 26:104 7:25 38:148 11:41 27:105 57:227 20:78 4:16 13:51 10:36 10:38 34:136 28:110 36:142 33:131 32:126 39:153 23:91 22:84 24:92 32:126 35:139 11:41 16:60 2:4 24:96 6:20 24:96 1:1 11:43 14:56 30:116 16:64 30:116 20:78 32:128 10:36 33:129 12:46 16:60 17:67 38:150 34:136 18:68 19:73 33:129 18:68 69:275 7:25 27:107 24:94 8:32 25:99 38:152 34:134 4:12 10:38 47:187 17:67 16:60 35:137 34:134 8:28 2:6 40:160 24:92 10:40 8:28 24:92 10:40 7:25 6:22 1:3 23:91 30:118 25:97 32:126 14:56 4:14 18:68 17:65 4:14 12:48 37:145 8:32 37:147 30:120 36:144 2:6 22:88 37:145 8:32 12:46 34:132 15:57 23:91 39:155 1:3 34:134 19:73 13:49 20:78 11:43 3:9 24:94 2:4 23:89 8:30 9:35 22:88 1:3 32:126 5:17 34:132 5:19 10:36 12:48 10:36 38:148 40:160 1:3 39:153 4:16 10:36 19:75 18:72 25:99 15:59 43:171 5:17 44:176 14:52 5:17 27:107 28:112 14:54 20:78 13:49 33:131 16:64 10:36 30:118 18:68 14:52 22:84 10:38 27:107 20:78 15:57 46:182 20:80 36:144 24:96 19:75 5:19 50:200 21:81 17:65 12:46 24:94 32:128 26:104 6:24 20:78 6:20 13:49 5:19 24:96 6:24 21:83 6:20 4:14 13:51 14:52 12:46 6:24 40:158 6:24 1:1 17:65 39:153 19:73 37:145 29:115 1:3 30:118 36:142 8:28 37:147 17:67 34:134 16:60 9:33 33:131 32:126 20:78 6:22 7:27 8:28 38:152 18:70 10:38 18:68 29:113 10:40 3:9 2:4 40:158 20:78 20:76 8:32 30:120 31:123 9:33 11:43 6:22 39:153 18:72 1:1 2:8 3:9 36:140 24:96 11:43 27:107 28:108 25:97 16:60 5:19 24:92 13:51 12:44 11:43 22:88 10:38 35:139 13:51 8:30 18:72 14:52 9:35 26:102 10:38 24:96 36:140 8:28 1:1 9:35 3:11 39:155 30:118 36:144 34:132 7:27 32:124 30:120 30:120 24:96 10:38 2:8 28:108 31:123 32:124 34:134 18:68 18:72 9:35 37:145 35:137 32:128 30:120 33:129 46:184 22:84 6:24 30:120 37:145 17:67 22:84 27:107 10:40 13:49 5:19 17:65 10:38 18:70 15:57 25:99 16:64 34:132 16:62 22:86 20:78 5:17 5:17 20:80 24:94 35:139 34:136 8:30 32:126 26:100 11:43 37:145 20:78 2:6 4:12 3:9 13:51 32:128 25:97 24:96 14:52 33:131 0:0 38:152 33:129 14:52 40:156 2:8 25:99 32:124 36:144 7:27 21:83 20:78 16:60 ; 
L -37 -42 -28 39 4 30 14 20 26 12 -17 -8 36 39 -32 -6 -31 -20 -44 31 4 -20 -13 -22 34 44 5 24 -13 23 -29 -19 24 -4 -35 -10 32 46 24 -27 -30 26 46 22 -49 -42 48 6 -23 -46 -6 -4 33 45 37 46 -47 2 29 35 -35 -16 40 -41 12 -39 -5 28 -38 -50 22 13 -18 25 -39 -27 -4 -22 -20 -34 10 42 -43 -37 49 -19 -44 -22 50 17 -37 -36 -3 -14 -18 -6 -13 34 -31 -5 -5 27 49 -40 43 31 -29 -37 -6 -9 4 2 -17 8 -42 -11 -21 -2 9 -41 30 -40 50 21 43 -30 -30 42 -11 -9 -47 30 11 -8 -8 7 -50 -40 -13 17 20 -7 -1 -29 50 -42 -9 47 -11 -26 -4 39 25 2 -29 -10 18 -30 -6 -50 -10 -28 -31 -9 3 49 -32 -11 43 -34 -29 -42 36 -36 -47 14 5 21 35 36 40 -50 -31 -41 -1 41 1 -37 22 -49 28 -26 37 10 -3 36 -21 -15 -40 41 -38 -6 14 40 1 -11 -12 32 1 44 -23 -45 -9 20 39 -7 9 8 33 -25 34 -16 -2 -43 -23 -20 36 2 -34 -5 7 -10 34 48 -18 -13 30 41 1 -14 -19 7 12 41 -37 -39 -2 4 24 9 -37 -2 -36 -7 32 -17 46 32 -2 -28 50 -36 -18 -27 28 -42 20 31 -49 44 -15 46 26 -50 26 4 -48 7 48 -49 1 46 -12 42 31 33 -2 -36 26 -31 -9 -22 29 -20 -31 -16 10 -44 -50 -14 16 43 -18 6 -44 -22 35 20 19 -13 8 46 -48 -29 -33 -3 7 -21 34 19 -15 -27 -6 -2 -44 25 -45 -29 -8 7 -1 -33 27 -25 -35 -6 -10 17 26 -44 28 32 34 -17 -17 16 -9 -10 43 -20 12 -7 5 -40 -20 35 43 -48 -6 -44 31 -44 20 -38 -24 32 -8 -24 -38 22 9 -8 -35 -35 29 39 -28 -32 -36 -4 -20 46 -49 42 -30 38 -43 46 11 11 7 -24 -37 -19 34 -47 -20 -9 13 -29 16 49 40 -29 -33 -4 27 -14 -43 2 -45 -34 5 -8 -50 41 24 26 -10 -6 21 20 -3 -10 -31 -4 18 5 -25 35 -38 46 28 -17 -11 44 17 29 37 -36 -1 -40 -21 43 44 -33 -31 -32 12 16 -23 10 4 -33 15 -35 41 14 31 -13 -33 -9 36 17 -14 -24 10 -12 -13 43 49 -48 -11 -30 27 -38 13 20 40 41 21 39 37 -18 -12 -25 5 -36 -34 -21 -8 27 -45 -20 -11 -16 -19 -19 -27 8 ; 
19 61 6 93 87 56 8 89 7 3 62 70 3 32 71 6 79 35 82 74 60 11 15 49 46 100 34 58 12 77 89 100 67 62 93 17 74 50 93 20 24 45 3 37 77 38 59 59 54 73 5 76 32 18 91 64 41 99 6 61 10 95 36 19 10 1 34 69 2 88 82 66 61 62 98 46 62 97 22 44 41 13 10 92 79 13 96 87 13 10 42 37 15 93 81 98 59 70 56 2 4 58 64 94 85 59 64 11 21 21 34 52 93 76 58 81 38 35 64 37 66 61 26 11 22 70 72 11 29 26 8 30 13 10 1 14 97 3 40 95 8 43 50 72 89 20 71 55 95 82 71 79 90 54 99 30 36 42 87 97 39 96 40 1 13 18 45 79 99 79 51 28 57 2 12 22 59 69 39 44 82 52 86 54 100 30 56 67 94 14 34 60 21 38 51 14 82 53 62 60 11 9 77 70 70 78 79 22 26 61 54 36 66 32 40 75 33 4 93 6 98 26 65 49 47 6 62 28 30 55 90 92 22 3 31 15 100 17 18 52 35 44 96 68 3 12 91 38 40 50 3 38 85 6 100 53 94 70 58 41 74 86 11 57 37 69 16 56 97 23 81 6 32 84 59 46 65 48 12 14 93 13 23 96 26 56 77 57 56 49 87 96 39 63 12 89 75 31 62 69 70 51 24 53 38 94 91 92 24 83 40 28 3 98 5 65 55 77 53 25 42 61 41 22 9 10 71 32 57 1 12 99 61 5 54 48 76 74 43 76 72 92 4 62 28 74 11 48 48 25 42 48 100 41 36 57 4 51 27 79 94 98 44 2 70 89 69 11 64 100 47 61 86 6 4 3 65 12 23 50 17 65 18 25 64 59 11 52 37 13 58 33 60 23 3 50 89 9 31 4 39 64 84 79 60 19 99 14 26 35 36 43 84 55 90 91 47 87 58 20 67 10 97 78 80 36 39 95 84 65 65 42 25 18 34 10 91 38 93 98 90 92 18 16 78 77 58 45 6 7 62 84 79 77 31 96 61 89 74 70 68 10 54 82 4 18 81 36 3 28 55 86 16 12 85 69 17 64 84 100 34 75 48 22 34 84 7 27 53 44 100 66 4 23 76 50 2 30 52 66 67 ; 
L -37 -42 -28 -9 2 21 11 42 -8 17 -2 9 6 37 37 -36 -1 -40 -21 43 44 -33 -31 -16 -19 -19 -44 31 4 -20 -13 -22 44 5 -37 -24 72 10 -12 -13 43 49 -48 -11 -30 26 12 -17 -8 52 36 39 -32 -6 -31 43 12 -7 5 -40 -20 -32 12 16 -23 10 4 -24 -46 -24 19 -33 15 41 14 31 -13 -33 -9 36 17 -14 -13 30 78 41 1 -14 12 41 7 -49 -79 -27 5 5 31 -34 13 -73 42 29 34 -43 -4 27 54 -1 41 1 -37 22 -49 28 -26 37 10 36 -21 -15 -40 41 -38 -6 14 40 1 -11 -12 32 29 39 -46 49 -31 -20 -28 -32 -36 55 -4 -20 46 -49 42 38 -43 46 11 11 7 -24 -6 18 -43 -37 -19 34 -47 2 6 -23 -46 -6 -4 34 9 45 23 8 -25 34 74 -21 6 18 65 20 39 40 -29 -33 -17 -50 22 44 19 -49 3 33 29 48 -46 13 -63 -12 41 -40 16 35 20 -3 69 -10 -31 -4 18 5 -25 35 -38 10 -26 -24 -41 50 8 -60 -5 33 51 56 45 2 29 -21 6 46 28 -17 -11 44 71 17 29 29 -31 -43 40 -49 -16 29 9 -46 17 -32 7 -84 36 -20 -2 44 -9 -42 30 30 -21 -50 40 -30 -76 41 39 4 30 14 20 -38 13 20 40 41 21 39 -18 -12 5 -36 -34 -21 -8 27 -45 -20 -11 35 -48 -6 -44 31 -44 20 -38 -24 32 -8 -24 -38 22 9 -8 -35 68 -35 16 -7 -70 37 -82 43 -42 -48 42 49 -22 42 -28 27 36 28 -1 22 31 -4 -35 32 59 58 -26 49 -48 -7 48 -26 -31 -9 3 49 -32 -11 -36 -3 -14 45 43 14 41 31 50 -36 -35 -21 -5 -14 47 36 -36 34 19 45 -25 44 2 6 27 15 -29 -8 7 -1 19 53 -17 -17 16 -9 85 -10 -33 27 -25 -35 -6 -10 17 26 -44 32 34 -5 61 28 -47 30 11 -8 -8 7 -50 -48 -34 10 -77 -67 1 -20 -17 13 40 31 20 10 -44 -50 -14 16 -4 2 -7 5 34 -2 39 25 2 -29 -10 83 18 -30 -6 -50 -16 -29 39 18 -10 57 1 46 -12 42 31 33 81 -2 -28 24 50 38 9 11 50 24 9 44 -15 46 26 22 13 -18 25 -39 -27 -4 -22 -20 -34 66 80 10 44 -13 23 -20 -35 22 -29 -27 -30 26 -37 -2 -43 -20 36 4 26 11 -47 9 42 -50 29 -75 -62 -64 -27 8 ; 
8:30 25:97 3:9 12:48 26:102 14:56 16:60 33:129 24:92 31:121 38:148 6:24 9:33 9:33 8:30 40:156 36:144 37:147 8:28 7:25 32:124 31:123 24:92 21:83 1:3 12:48 42:168 30:118 24:96 5:17 6:24 20:78 22:88 14:54 17:67 6:22 27:105 25:97 15:57 2:4 12:44 22:88 35:137 7:25 5:19 31:121 2:4 25:99 28:112 9:33 12:44 13:51 29:113 3:9 32:126 18:70 15:57 20:76 40:160 17:65 15:57 20:76 3:9 3:11 25:99 34:134 32:126 25:99 38:148 18:70 27:107 30:118 13:49 26:100 36:142 30:118 28:112 28:108 4:16 22:86 33:131 2:6 9:35 40:160 31:121 32:126 8:28 21:83 32:124 28:108 19:73 25:99 35:137 32:128 24:92 2:6 1:3 23:89 28:112 17:67 34:136 12:44 21:81 32:126 15:57 40:158 3:9 16:62 12:48 23:89 27:107 38:150 6:22 14:54 24:96 9:33 16:60 0:0 33:131 22:84 25:99 24:96 5:17 4:14 31:123 28:112 28:112 32:124 32:126 9:35 13:49 2:4 12:44 5:17 39:155 23:89 22:86 5:19 10:36 37:147 10:36 7:27 26:104 8:28 10:40 43:171 5:17 21:83 15:59 6:20 24:92 14:52 32:128 22:84 10:38 28:112 10:36 2:4 20:80 28:108 8:32 22:86 30:116 2:8 31:121 40:156 14:54 27:105 15:57 11:41 11:41 40:156 19:73 25:97 24:94 40:156 39:155 39:153 16:64 29:115 32:126 24:96 7:27 4:16 6:20 35:139 39:153 6:20 17:65 26:104 2:8 40:156 2:4 26:100 31:123 13:51 4:16 8:30 15:57 38:152 2:4 39:155 9:33 39:155 32:128 15:57 16:62 38:152 34:134 26:104 26:104 8:32 24:92 35:139 19:75 37:145 36:144 31:121 21:83 8:28 22:84 33:129 24:92 4:12 3:9 7:27 27:107 17:67 10:40 8:28 14:54 4:16 8:32 40:158 16:60 34:136 26:102 24:94 34:136 48:190 26:102 16:62 5:19 33:131 38:150 22:84 40:160 36:142 7:25 21:83 2:6 24:96 13:51 9:35 5:17 29:115 24:96 5:17 11:41 25:97 16:64 23:91 40:160 35:139 23:89 4:12 36:142 5:17 7:27 26:102 34:134 40:160 14:54 30:120 10:36 14:54 34:134 11:43 22:84 18:70 40:160 27:105 2:6 10:36 31:121 21:83 21:83 11:43 32:126 38:150 40:156 18:70 1:3 28:112 36:142 28:110 5:17 26:102 40:160 19:75 25:97 35:137 11:41 29:113 24:96 8:30 38:148 16:62 40:160 7:27 4:16 19:75 24:94 16:60 31:123 15:57 28:110 15:59 8:28 48:188 17:67 6:20 54:216 20:80 38:148 13:51 22:86 35:137 22:84 22:88 6:22 5:19 20:76 24:94 35:137 1:1 6:20 8:28 18:72 32:126 31:123 6:24 38:148 11:41 10:38 11:41 31:123 22:86 35:137 19:73 18:70 16:62 28:110 24:94 9:35 5:19 1:3 44:174 10:40 16:60 29:113 4:16 4:14 9:35 17:65 25:97 15:57 23:91 1:1 5:19 25:99 16:64 42:164 12:44 30:118 5:17 6:24 20:80 28:112 25:97 2:8 22:86 20:76 31:121 30:118 18:68 31:121 52:206 4:12 12:46 3:9 36:142 2:6 12:48 6:20 4:16 1:1 6:22 39:155 24:94 2:4 9:35 36:142 29:115 10:38 17:65 4:12 38:152 16:64 9:33 5:19 31:121 13:49 25:99 28:110 28:112 11:41 16:60 6:20 36:144 22:88 18:72 10:40 36:144 22:86 40:158 12:48 6:20 12:48 17:67 35:139 39:155 20:78 25:99 12:48 4:14 14:52 19:73 51:203 6:20 10:36 39:153 11:41 23:89 19:75 25:97 10:36 6:24 10:40 36:140 3:9 11:41 5:17 12:46 20:80 7:27 33:129 3:9 13:51 53:209 27:105 25:97 25:99 40:156 19:73 25:99 39:155 9:35 18:70 4:16 35:137 17:67 34:136 3:9 31:123 36:144 37:147 37:145 33:129 25:97 10:38 18:72 1:1 16:60 42:164 14:52 25:99 33:131 29:113 33:131 38:152 22:88 29:113 8:32 36:142 28:112 18:72 15:59 29:113 27:105 27:107 ; 
L -36 -20 -32 -8 40 3 41 -17 10 15 -37 44 -23 -26 -46 -15 45 46 -30 -43 49 -41 -1 -50 -39 46 4 -14 13 -11 20 -42 -7 44 38 -18 -49 -25 -50 7 -17 -20 43 -9 32 -7 -25 -37 21 -16 -4 33 -33 -31 43 -43 -33 -44 -48 -8 43 -44 -3 43 -21 -1 1 36 16 19 15 27 44 16 6 50 42 -17 19 -32 42 31 15 33 5 11 17 48 -34 -12 -16 -28 -33 43 37 10 25 17 22 -21 -21 -28 20 41 -23 -29 -33 43 27 -31 42 -18 -27 -5 13 21 -32 47 -40 -26 20 48 7 9 49 44 -22 -13 32 -25 48 -33 -17 33 -48 -45 -25 20 15 36 -16 -10 -10 16 12 -47 34 -26 -16 44 -43 47 50 42 -18 -25 23 -32 2 -48 -43 -41 9 5 7 38 -33 -31 50 -8 14 48 -23 -34 -25 9 -10 -4 -42 -4 -28 9 36 37 5 36 28 23 48 -4 -2 -44 -29 29 -20 36 6 39 36 41 -7 -27 -49 28 -21 21 -13 -13 2 8 -32 35 -20 41 -1 33 -45 3 50 38 45 -9 -47 -10 -23 -36 2 -39 39 35 -44 -18 -11 50 21 -36 48 -28 -12 23 14 25 -50 37 4 40 42 31 8 -23 -34 28 -5 34 6 17 -39 27 5 39 24 -39 -29 -7 8 11 6 -38 49 16 -15 17 34 43 -21 2 -10 -38 -16 -48 30 -12 34 10 24 13 30 -26 48 -12 -8 -27 -22 17 11 20 -32 -42 -21 46 -36 14 -25 43 5 18 -43 7 45 40 -42 32 -27 -22 9 35 38 -5 10 -9 5 43 -27 38 -37 -13 -22 43 32 24 3 -41 -7 -16 -43 39 -48 18 1 32 -15 -24 12 33 -37 -33 18 -50 -37 39 41 6 35 31 -38 -18 -43 -1 -24 46 31 -7 13 -35 25 -13 -29 30 43 33 -18 2 -32 -3 -38 -46 27 49 15 -26 -23 -29 -12 -12 -41 -29 31 35 36 4 -35 4 -27 46 -19 -24 -20 -6 12 36 -11 -11 22 -33 16 37 32 -2 -10 -24 -5 -1 -25 10 -49 14 31 5 -4 -8 23 -21 5 47 9 -42 -27 -27 -40 21 -9 -24 43 -10 -4 38 -35 39 -10 -40 37 49 -32 -41 -42 4 6 7 -4 49 40 23 25 -26 -41 4 31 -27 -3 -42 -25 17 34 -7 7 -5 15 -8 -18 -38 49 -17 -11 -16 -31 49 50 -10 12 35 1 -18 -14 28 -26 16 9 -40 12 12 -35 48 -7 2 45 -46 -42 48 6 -23 ; 
63 30 92 57 56 81 59 91 69 46 46 55 95 81 5 65 75 46 53 15 39 51 36 26 71 83 24 72 1 15 15 75 10 46 31 57 67 92 51 71 86 47 89 77 76 59 99 81 40 53 71 66 54 16 35 35 82 96 100 12 69 7 32 20 43 18 46 100 96 60 98 90 86 74 17 79 55 25 18 49 68 47 22 73 77 60 47 4 94 99 13 35 36 38 18 51 59 97 1 47 77 23 61 86 41 26 95 33 55 82 3 94 6 29 74 42 48 90 63 60 85 49 45 26 10 28 92 10 34 43 47 45 7 99 35 80 90 36 65 51 43 62 47 66 76 46 6 26 12 48 30 67 28 5 13 38 97 29 90 41 53 91 86 65 82 93 98 23 52 23 14 64 36 39 72 46 24 97 85 18 35 12 64 79 22 4 49 21 32 67 36 67 26 70 26 88 36 16 50 98 79 89 7 10 76 56 11 77 65 62 86 18 85 40 20 88 37 11 92 30 68 24 58 30 71 44 10 16 43 47 98 6 49 76 83 53 43 100 82 14 98 100 95 15 53 90 10 15 6 84 79 7 77 67 33 42 12 29 30 98 3 83 39 48 74 30 51 29 6 7 58 39 85 24 93 74 98 97 50 64 68 48 74 37 29 81 33 36 67 45 65 29 41 71 14 32 81 45 8 85 80 13 7 46 30 56 92 58 11 62 51 65 71 88 28 85 46 93 19 79 68 81 22 46 73 56 61 10 6 21 8 62 56 27 3 84 26 39 65 26 29 40 23 73 67 53 36 50 30 54 75 53 64 65 40 53 73 49 84 57 8 24 10 52 90 8 4 17 11 88 33 46 38 61 98 31 72 72 50 60 86 17 31 56 68 49 19 87 51 34 5 76 87 38 73 98 69 16 85 40 64 21 25 26 70 23 39 29 65 35 30 38 41 40 30 19 8 69 38 88 69 89 89 12 82 83 5 72 95 99 50 83 34 67 41 13 53 88 38 12 5 76 37 65 46 3 68 57 4 22 76 32 89 40 55 77 45 23 61 47 50 60 59 71 72 12 44 94 55 89 96 99 85 79 29 2 62 60 64 70 8 41 40 63 43 94 39 90 70 10 89 96 25 86 58 14 93 62 82 89 39 ; 
L -36 -20 -32 -8 41 -17 10 15 76 -37 -26 -46 -15 45 31 4 16 19 -32 42 31 -38 -30 49 -41 -1 -50 -7 44 38 -18 36 41 -13 81 18 -5 -59 -31 70 12 34 -17 -11 -33 41 -23 -33 27 -31 42 83 -26 48 -12 -8 20 -12 34 -47 34 -26 -16 7 16 -26 20 48 7 49 73 -35 -12 10 -50 -49 31 31 8 -23 16 9 40 10 -82 -39 35 15 67 -29 31 35 36 -36 2 -39 39 35 -44 -18 -11 50 21 -36 45 40 -42 32 -27 -22 9 35 38 -5 10 -9 5 43 -27 18 -33 -43 -30 29 13 -25 35 -43 -1 -24 46 -42 -48 -49 35 -12 -12 -9 -47 -5 21 -4 41 26 25 34 23 -48 -14 33 28 -43 -41 9 7 38 -33 -31 50 43 37 10 25 -7 -12 -41 -23 4 -35 4 68 -27 46 -19 -24 -20 -6 12 36 -11 -11 22 -33 61 16 37 -18 -27 -5 13 21 -32 47 -40 -14 49 -66 25 1 5 24 10 2 -39 -16 10 16 -36 -42 48 -15 48 -33 -17 33 -48 -45 -25 20 25 -32 6 17 63 -39 27 5 -31 49 16 -15 62 37 49 -32 -41 75 -22 17 11 20 -32 52 -42 -21 46 57 13 37 -38 10 21 -43 -84 -34 -17 -40 -7 -27 58 55 -49 -21 -13 -13 2 5 48 -2 32 -23 25 18 -42 -50 -47 -44 12 29 23 -77 26 -15 -49 -51 -27 46 38 3 32 -79 -13 14 -4 -46 -39 -36 -29 29 44 2 4 -48 -23 -28 -36 9 -43 20 17 -7 50 25 49 39 4 46 -36 14 -25 43 5 37 4 40 42 -21 -21 -28 20 10 47 9 16 7 -69 41 -3 -24 -32 -43 22 4 10 -43 24 9 -21 40 27 27 42 18 38 39 24 -39 -29 -7 8 11 6 -38 -21 37 25 7 -40 -85 4 -7 -6 -4 2 45 10 24 13 30 74 31 -2 -38 -16 -48 30 -42 -8 23 -48 18 1 32 -15 -24 12 80 33 65 -49 38 18 8 28 53 9 -10 -4 -42 64 -4 -28 9 36 37 5 -43 7 48 -28 -12 23 14 -50 7 11 -27 -3 -42 -25 17 34 -32 43 -43 -33 -44 -48 43 -44 -3 43 -21 1 36 16 19 60 15 27 44 16 6 50 42 -35 -6 -41 -39 37 -54 50 -71 -18 38 45 12 -46 44 -22 -13 -34 5 -25 -23 17 22 -78 16 11 -50 -3 45 -33 1 -41 20 -35 32 -8 15 26 -72 -28 -56 14 18 -1 6 -23 ; 
26:100 12:48 37:147 23:91 38:150 37:145 28:110 19:73 35:139 24:92 89:355 2:8 26:104 30:120 14:54 18:70 29:113 7:25 20:78 28:108 19:75 5:17 14:52 20:78 21:81 15:57 11:41 17:65 19:73 13:49 23:91 18:68 40:156 32:126 7:27 16:60 37:147 39:155 25:99 12:48 11:41 40:158 34:134 19:75 9:33 11:43 17:65 8:28 13:49 33:131 2:4 45:177 3:9 27:107 18:72 26:104 20:78 33:129 30:118 17:65 3:9 11:41 5:19 32:128 12:46 17:67 34:136 20:78 18:72 4:16 4:12 16:60 28:112 26:102 24:96 25:99 1:3 28:112 3:9 34:134 53:211 16:62 4:12 5:19 40:156 25:97 36:140 26:102 9:35 45:179 8:30 35:139 21:81 7:27 4:16 7:25 18:68 19:75 40:156 3:9 20:78 31:121 34:132 22:84 17:67 25:99 21:81 26:104 29:113 36:140 12:44 34:136 19:73 38:148 8:30 32:126 28:108 33:129 9:35 38:148 14:52 36:140 5:17 7:27 2:6 4:12 36:144 13:51 20:78 34:134 23:91 12:46 15:59 13:49 38:150 36:142 4:16 27:105 33:131 5:19 36:142 16:64 31:123 22:88 8:28 29:115 16:62 15:57 26:102 8:32 15:57 3:11 37:145 35:137 20:78 38:148 40:156 10:36 21:83 14:52 8:28 21:81 24:94 22:84 7:27 28:108 32:124 25:97 2:8 31:121 19:73 38:152 16:60 30:116 40:156 28:110 7:25 34:136 16:64 26:102 9:33 10:40 11:41 35:137 9:35 10:36 16:64 3:9 12:46 30:118 17:67 20:76 36:144 26:100 9:33 8:30 40:156 13:49 17:65 16:60 12:48 14:56 26:104 38:152 16:64 41:161 25:99 18:68 30:118 25:99 34:136 8:28 18:72 3:11 40:158 14:56 32:128 36:144 15:57 38:150 18:68 13:49 17:67 2:6 38:148 12:46 12:48 45:177 7:27 3:11 24:92 15:59 18:70 31:121 15:59 26:104 19:75 6:20 29:113 6:22 13:51 33:129 12:44 13:51 4:12 34:136 28:110 43:171 23:89 30:116 12:44 63:249 38:148 6:20 7:25 34:136 44:172 24:96 36:142 2:6 28:110 21:83 18:72 16:64 31:123 26:104 23:91 26:102 17:65 36:144 12:46 39:155 16:60 6:20 2:8 12:44 33:131 32:126 13:49 7:27 26:104 37:145 24:96 20:80 37:147 37:145 29:115 13:49 40:156 25:97 16:64 9:35 1:1 29:115 10:38 17:67 15:59 6:24 28:112 11:41 27:107 15:57 27:107 13:51 9:33 20:78 38:152 31:123 36:142 19:75 35:137 29:113 21:81 37:147 46:184 34:136 11:41 30:118 6:20 3:11 19:73 12:48 25:99 22:84 36:144 4:16 12:48 31:123 10:36 25:97 36:140 12:48 24:92 13:49 11:43 40:160 3:9 25:99 4:12 9:33 3:9 4:16 2:4 17:65 27:107 14:54 34:132 20:80 40:158 38:152 29:115 2:8 48:192 22:84 11:43 2:4 34:132 16:62 20:76 30:118 12:48 21:81 12:46 18:68 16:64 33:129 40:158 20:80 33:131 37:147 2:6 23:91 28:108 13:49 24:92 13:51 12:46 33:129 14:52 17:65 13:51 10:36 28:108 20:80 26:102 28:108 17:67 18:68 28:110 28:108 16:62 26:104 11:41 12:46 16:64 10:36 38:148 35:137 35:139 10:40 39:153 36:142 22:88 40:158 36:142 32:124 10:38 39:155 34:136 14:52 4:12 14:56 5:19 26:102 32:126 9:35 10:36 24:92 5:19 40:160 33:131 6:22 40:156 23:89 34:132 11:41 27:107 25:97 19:75 20:80 24:96 24:94 35:139 9:33 14:56 33:131 39:153 40:160 18:70 3:11 13:51 8:32 18:68 9:33 40:160 39:153 24:96 33:129 17:67 36:144 35:137 30:118 7:27 32:126 22:88 22:88 26:102 22:84 30:120 22:86 11:43 37:145 18:72 8:30 9:35 28:108 31:123 10:38 42:166 37:147 4:16 15:57 27:107 13:49 36:142 28:110 1:1 14:56 33:131 32:126 13:51 37:147 5:17 15:59 36:140 8:32 16:64 34:136 8:28 35:137 20:78 5:17 30:118 14:56 1:3 38:150 16:64 17:65 7:25 36:142 16:62 ; 
L 42 -49 -5 13 3 -43 -46 1 -6 -14 3 -47 -6 6 42 -1 -46 38 -19 25 42 23 7 4 30 41 48 -7 -18 47 -30 8 47 -16 -47 -42 -5 -4 22 -22 24 -45 5 35 -31 40 4 12 -20 25 20 2 -27 -35 -10 -30 49 -6 -47 11 -13 18 41 38 39 -45 49 17 -23 -22 33 22 32 1 18 32 -28 -39 24 -4 -38 -50 -45 -1 12 -39 -27 -8 34 42 39 16 47 3 -6 40 20 -11 35 -33 -17 -20 15 -20 -40 -45 -10 12 -24 39 -19 -21 16 3 8 11 -15 38 -6 13 9 -22 -1 42 38 29 1 35 30 40 15 19 -7 14 30 -1 26 -30 -28 -9 39 -2 -35 20 -4 -26 4 42 30 3 6 -3 8 -41 -17 39 41 -28 28 13 14 6 46 41 -17 34 44 -32 -31 13 -42 9 42 -24 32 30 12 12 -37 47 46 -21 41 -27 26 19 -42 -12 28 26 28 -48 -8 -7 40 35 45 -20 34 27 13 -8 -28 -32 -14 1 26 14 -8 -1 11 -7 50 -38 18 -39 -9 -36 -21 45 17 -46 -27 -42 19 -7 -31 -40 -18 -49 -46 -50 9 14 -26 -50 2 8 47 50 -38 -35 29 -27 47 25 4 11 -30 16 32 14 20 40 49 45 8 -36 -19 17 -3 20 25 -15 35 49 -41 -45 -17 47 11 37 -28 -41 -12 47 26 31 -26 -11 48 -3 30 14 38 -25 -33 50 -17 -39 -47 -23 40 -24 32 33 25 31 -20 17 -26 -22 -29 29 -48 15 -38 -42 -18 -10 36 39 42 -40 15 19 -34 -44 -36 50 -35 -44 -46 40 21 -49 47 -32 -48 44 21 -35 1 -27 16 -44 -34 -16 -39 -9 7 -50 32 33 -46 -25 -38 46 -26 -18 -49 -32 -46 -38 -24 -34 -25 49 39 17 50 -22 -17 -30 -28 -11 -40 42 -34 32 45 12 11 -42 39 10 -31 -7 10 36 32 13 37 -21 37 -24 9 34 -24 30 -12 28 37 -37 23 -14 -50 -30 8 -37 -4 -12 19 45 35 -4 7 -12 -8 33 49 -26 40 28 -43 -36 -28 30 -50 -45 -18 -2 28 -7 -17 45 24 -20 -7 -6 -28 35 24 -6 10 16 -11 -41 -28 29 -19 -39 -16 -46 2 12 21 30 -4 27 -28 36 -26 -12 45 -11 42 -6 37 -15 -13 19 -50 43 11 50 -29 -47 -9 -39 24 -34 -23 -32 -15 5 42 -35 -24 12 -18 -40 -19 -1 29 -46 21 33 -30 7 35 -37 -19 33 33 33 -42 39 -3 -43 ; 
3 98 46 54 56 64 82 28 64 92 36 14 9 85 1 25 47 80 73 78 79 18 26 85 80 83 84 36 17 70 99 92 34 67 52 24 60 11 43 51 21 58 72 27 90 96 12 60 33 38 55 72 100 27 10 36 73 57 7 73 29 85 55 72 26 96 11 18 44 56 76 23 94 25 72 90 55 94 6 2 13 59 2 60 62 51 29 72 42 31 60 99 86 84 30 60 33 68 94 81 74 47 76 53 53 23 90 94 85 97 40 5 68 35 66 79 21 15 46 100 8 6 27 37 82 9 74 6 6 51 12 52 99 21 94 87 31 76 12 49 69 33 40 20 11 59 50 61 17 27 39 65 19 60 49 30 66 29 15 95 39 52 36 1 74 86 15 77 72 24 100 79 10 8 10 20 99 25 95 16 76 71 47 10 50 65 88 36 32 57 42 33 95 30 22 28 78 88 98 26 9 61 54 88 98 30 89 82 26 98 76 95 19 16 43 20 20 45 51 90 6 22 54 17 87 68 17 57 79 83 25 13 49 82 2 15 40 66 98 51 63 56 26 27 70 29 15 62 36 66 54 87 85 39 35 30 54 44 34 46 63 18 64 77 76 99 10 43 24 85 57 29 71 45 87 21 11 24 97 61 86 50 18 82 24 87 65 77 57 35 67 57 22 3 7 84 5 13 3 42 1 55 6 71 73 69 58 65 74 67 98 89 48 65 9 40 59 99 43 87 43 62 78 37 92 98 59 79 98 63 91 58 16 21 27 86 3 33 8 59 50 51 23 49 100 30 70 51 43 68 94 63 46 29 59 91 100 89 57 72 84 97 33 39 77 76 73 44 56 7 10 82 15 15 90 48 20 11 56 44 89 82 56 78 16 37 49 65 8 32 88 70 38 86 29 88 80 6 91 4 93 14 24 20 8 24 65 83 58 84 50 59 81 18 17 61 60 71 35 29 47 12 76 32 40 28 64 68 51 25 52 94 82 6 76 80 75 56 82 61 78 30 82 54 11 87 90 20 21 58 83 37 4 10 69 32 3 30 76 23 2 26 54 5 49 56 14 14 73 64 78 27 74 52 12 35 13 67 41 34 51 43 96 73 17 81 28 25 9 66 10 82 83 60 10 100 54 67 65 49 98 ; 
L 42 -49 -5 13 3 -43 -46 1 -6 -49 -46 -50 9 72 14 12 -15 -13 19 51 36 43 -28 -40 26 -49 -33 -59 -13 -31 -26 -47 12 -46 -47 18 7 -48 -41 -30 -4 -75 -37 6 -42 11 -65 17 -50 33 25 -38 -14 -30 3 -23 -42 -25 -14 -32 24 42 -13 31 32 -44 -34 17 19 -39 24 -12 -74 45 40 20 -15 37 -24 53 9 34 -24 30 -12 28 37 -37 -14 -25 -38 -20 35 2 -39 9 28 30 -26 1 -14 7 -19 -3 14 -63 -16 -10 6 -24 -35 -15 -40 -30 -35 -1 -29 -38 22 -9 -13 12 42 -76 -19 -26 27 -41 -69 21 -46 -47 37 -12 -12 -30 14 20 40 15 -25 -45 -32 34 -42 40 11 28 -36 10 -21 -1 29 20 46 1 30 50 46 -33 -32 -7 19 40 18 -12 -79 24 35 -5 32 23 34 -24 39 9 47 29 -50 -84 23 47 39 -39 42 -39 -9 21 33 23 18 41 40 -62 31 7 -19 42 27 46 -17 -45 21 36 9 -18 38 -50 7 1 8 19 -38 46 -42 -36 28 46 41 24 -40 -57 16 34 44 -16 27 -1 35 -21 -32 -36 7 35 49 -41 -45 -17 47 11 66 37 -28 -41 3 -17 19 36 -8 -45 -49 31 -10 6 47 -39 42 -61 50 -22 -17 -30 33 -35 11 -20 -45 -19 12 4 -8 -40 6 -3 -47 -16 -39 -42 -64 -34 8 27 -12 4 -26 -50 2 8 47 50 -38 -35 29 -27 47 25 4 11 -30 6 -38 15 -11 -58 -8 -3 -16 21 -82 50 -35 -44 -46 40 21 -49 47 44 13 37 18 35 -4 -28 2 18 45 50 37 -7 30 -22 33 22 55 32 1 18 32 -28 24 -4 -45 -1 77 -26 4 42 80 71 30 13 -11 -73 47 6 -49 30 10 35 27 -2 -20 -25 20 -12 -54 -4 -40 31 -83 -35 -18 -11 -28 29 -19 -39 -27 -34 20 -45 -35 -40 7 8 -28 -26 -28 16 32 -26 42 -16 -46 2 12 21 30 -4 27 -6 -14 -13 -28 48 32 28 -41 -39 17 -8 -67 3 -6 -3 -17 -49 45 -39 -38 -5 45 -7 11 -17 -39 25 34 24 38 46 -78 -24 22 -22 4 5 42 16 -47 -8 30 20 17 60 39 42 15 70 -19 33 33 33 -11 -43 50 25 31 -20 -26 -22 -28 30 19 28 11 26 38 -15 48 7 20 -24 -45 -81 17 14 32 28 8 12 -52 26 -44 33 -29 29 68 -85 -56 -48 -26 -18 -32 -12 -8 45 -3 -43 ; 
2:4 40:156 19:73 22:86 23:89 26:102 33:131 12:44 26:102 17:65 10:40 6:20 20:78 39:155 9:33 5:19 3:11 1:3 11:41 32:128 45:179 25:97 7:27 8:28 33:129 24:94 20:80 17:67 29:115 28:110 10:38 5:17 9:33 17:65 27:107 28:112 7:27 15:57 34:134 34:132 32:128 24:94 12:48 31:121 12:48 2:4 4:12 40:158 23:91 31:123 26:104 35:139 10:38 33:131 8:28 20:80 8:28 32:126 17:67 34:134 4:16 6:24 40:160 10:38 29:115 31:123 6:24 35:137 25:97 16:64 39:155 34:136 10:40 30:120 10:36 22:84 22:84 10:38 15:59 6:24 38:148 26:104 4:12 13:51 36:140 28:112 16:60 35:137 35:139 29:115 28:112 19:75 8:32 16:64 14:52 28:110 20:78 5:19 31:121 13:49 9:33 9:33 40:158 23:89 15:57 53:209 32:126 32:128 31:121 3:9 33:131 3:11 5:19 21:81 3:9 3:9 30:118 4:14 48:192 3:9 4:12 40:156 15:57 39:153 6:24 26:104 20:80 4:16 38:148 23:91 29:113 31:121 7:25 38:152 10:40 40:158 18:70 34:136 16:62 25:97 31:123 41:161 4:16 3:11 23:89 18:70 30:116 31:121 9:35 40:156 42:166 44:176 7:27 18:72 10:36 19:75 13:51 3:9 16:60 40:160 20:78 23:89 8:28 39:153 18:68 21:81 39:155 38:150 17:65 32:124 17:65 21:83 30:118 11:43 32:124 26:102 30:116 6:22 6:22 10:40 32:124 23:91 27:107 27:107 27:107 29:115 24:94 11:41 10:40 6:24 22:86 22:88 46:184 1:1 28:108 7:27 28:108 35:139 7:27 22:86 9:35 3:9 36:144 21:81 18:72 15:59 18:68 7:25 8:30 64:252 40:156 25:99 30:116 32:128 21:83 6:22 15:59 33:129 1:1 16:62 2:4 18:72 4:12 14:52 2:4 35:137 11:43 9:33 7:25 24:92 56:224 36:142 30:116 19:73 40:158 4:16 18:68 10:38 34:136 23:91 14:52 10:36 29:113 18:72 40:160 26:100 19:73 14:54 18:70 22:86 12:48 6:24 8:32 5:19 4:14 16:60 36:144 38:150 4:14 39:155 14:52 16:62 18:72 33:129 38:150 28:108 12:46 8:32 10:38 6:22 13:49 37:145 24:96 12:48 34:134 35:137 40:158 24:96 35:137 16:62 17:67 29:115 12:46 1:3 11:43 6:24 16:64 27:105 40:156 21:81 26:100 23:89 11:41 11:43 28:112 12:46 6:24 25:99 15:57 39:153 19:73 6:24 9:33 18:70 36:140 27:105 14:56 28:108 30:120 21:81 18:68 25:99 32:124 15:59 37:147 40:156 24:94 38:152 14:52 23:89 17:65 21:83 10:38 5:17 31:121 5:19 19:75 12:46 20:76 28:110 27:105 20:80 31:121 10:36 30:120 36:144 10:40 29:115 36:144 22:88 33:129 1:3 20:78 24:96 26:104 36:144 20:80 25:97 36:142 24:96 37:145 27:107 12:46 38:152 21:83 3:11 23:91 30:116 15:57 4:16 11:43 40:160 29:115 22:88 16:60 14:52 15:59 40:158 5:19 39:153 7:25 34:136 21:83 36:144 46:182 25:97 32:124 12:48 35:139 11:41 40:156 36:140 32:124 12:44 9:35 12:48 12:46 17:67 23:91 2:6 22:86 25:97 37:145 15:57 22:86 5:17 35:139 36:144 8:32 9:33 24:92 16:60 21:83 16:62 38:152 12:46 40:156 14:52 12:46 27:105 12:48 42:164 25:99 5:19 26:104 16:62 14:56 8:28 5:17 39:153 11:41 5:17 29:115 6:20 5:19 38:150 29:115 29:115 40:160 37:145 24:94 12:46 13:51 26:104 9:33 21:81 18:68 5:17 24:96 6:20 27:107 14:54 37:147 39:155 19:75 32:128 38:148 20:76 3:11 8:32 35:137 24:96 4:16 40:160 33:131 20:78 2:8 8:30 6:20 2:4 12:48 22:88 16:60 29:113 15:57 37:145 35:137 25:97 25:97 24:92 28:110 24:94 21:81 28:108 26:102 35:139 18:68 18:68 40:156 36:140 22:86 13:49 13:49 20:76 44:176 14:54 1:3 29:113 18:70 28:108 14:56 17:67 4:12 28:108 22:86 32:124 24:92 33:129 34:134 20:78 40:156 ; 
L 23 -17 -4 17 23 2 -2 7 38 40 -36 50 27 12 -47 47 -25 14 40 45 33 -27 39 -9 4 -32 -39 -19 43 -6 27 -36 1 -31 -46 9 -15 -48 24 46 -27 -40 26 23 -41 -21 40 -30 -3 -23 -43 -35 -48 -8 -34 34 38 3 8 -22 12 -9 -8 -46 12 -19 -22 3 15 -18 17 -40 -17 -14 21 -34 -48 -40 41 46 8 14 -38 -48 17 7 20 -22 -4 -33 12 -4 -30 -34 33 45 -12 49 -33 35 -14 -18 -11 -5 20 45 -40 -48 22 13 19 3 11 -19 -14 -19 32 -30 -38 -6 20 45 8 -46 48 12 11 5 23 25 -33 31 40 3 12 -29 -17 6 -31 -29 7 14 -1 -21 -20 -36 41 -5 28 -26 -39 -16 -5 46 36 -29 22 -49 48 29 30 6 -44 -45 37 49 33 -25 -38 6 13 13 -32 45 -33 -26 -44 5 -50 -36 -34 -4 -28 27 45 -30 30 -9 17 -31 16 35 50 37 -3 -39 -17 9 41 44 -31 28 25 13 -9 32 32 -41 7 -5 -9 19 -25 5 -14 -6 -11 29 6 3 -5 32 -27 -1 -38 -33 36 25 14 -32 -41 -6 -8 -31 33 6 31 36 42 47 -44 39 49 12 15 31 -9 17 22 -3 -41 -39 -13 -27 -19 -11 40 34 -15 33 -40 -33 -6 28 -48 -50 23 7 50 -37 37 -46 -29 -28 -22 32 29 -12 -8 -26 -39 -41 -36 -46 37 -15 49 -34 21 -31 32 8 -22 -9 11 18 34 -50 -49 40 48 -16 21 -50 -4 13 23 -16 44 -41 7 41 -1 -33 -6 46 -30 -44 -45 -1 20 -8 50 -49 -35 15 26 50 13 40 3 12 3 20 47 33 30 -29 -23 -19 14 -49 22 -42 -19 -29 -15 -43 -27 25 -38 -29 -6 -21 17 38 11 10 3 -29 30 -3 28 30 50 -48 -13 -28 -16 -4 27 7 -13 -24 14 -27 25 -10 -22 -23 41 47 -18 -29 26 -8 23 20 47 45 2 13 6 35 -28 -15 -17 -19 -45 -22 -45 32 -31 10 32 9 50 -13 -14 -36 -36 -37 -29 11 27 -9 -50 38 -1 11 -41 -48 22 -20 -29 34 42 43 8 -25 -46 41 -46 40 14 -38 -9 -16 -18 -3 -38 34 25 43 10 -17 7 -48 44 38 -17 16 -35 -5 31 5 -30 32 18 43 -32 -40 -39 46 18 1 21 -46 -38 4 -9 33 -34 24 -10 34 -40 23 48 -40 -39 -27 -19 -10 -26 23 42 12 -26 6 49 16 8 -7 42 -38 -3 50 35 41 ; 
50 46 57 20 13 8 73 51 38 84 55 57 21 26 61 95 49 36 83 30 85 75 97 5 87 65 80 4 51 2 76 79 50 81 96 61 71 44 14 78 77 4 2 76 89 84 76 27 81 65 43 87 76 39 60 67 7 11 94 10 45 44 95 29 13 24 72 40 15 40 33 3 85 52 16 58 90 74 64 56 34 36 78 36 30 2 44 51 22 47 69 7 47 21 82 72 13 31 3 41 88 7 16 38 23 24 3 28 96 72 87 45 72 29 1 80 90 89 51 56 91 68 22 44 80 59 75 15 100 22 50 79 29 8 73 49 70 44 62 56 68 88 13 59 15 93 55 53 71 65 100 72 83 3 100 45 7 95 44 34 80 72 29 97 68 81 40 10 12 4 30 64 67 95 98 73 30 70 89 75 9 70 26 28 23 47 66 32 9 39 72 78 83 7 64 33 25 52 33 1 39 15 10 38 67 7 44 15 37 57 9 2 38 33 59 10 93 9 11 22 13 33 29 79 7 76 38 76 89 53 8 53 64 86 89 88 95 68 24 43 70 25 29 29 39 53 4 91 100 59 57 66 19 80 96 48 2 73 84 20 82 20 40 87 17 54 97 47 75 83 41 78 11 3 87 40 44 77 73 39 39 7 42 94 64 35 47 45 86 41 30 100 83 17 51 17 11 4 91 36 68 43 70 7 82 21 4 98 81 68 65 55 24 72 75 18 11 76 1 80 10 8 86 47 35 47 36 36 84 97 96 35 65 15 37 8 66 98 6 80 52 72 14 49 92 81 23 84 7 18 1 53 36 31 31 41 41 80 27 54 37 55 35 60 88 26 67 39 6 72 86 33 100 27 17 24 40 100 49 26 72 60 60 9 53 71 12 97 44 81 86 34 35 76 35 82 73 54 72 14 19 2 37 54 68 62 8 100 30 71 43 53 20 78 48 7 15 43 31 89 37 58 55 59 88 59 10 33 48 95 95 98 55 29 11 97 51 72 54 1 52 25 76 63 83 81 64 20 15 25 49 86 45 12 15 47 60 16 66 14 39 13 37 4 59 41 50 58 20 52 22 46 66 69 6 28 46 20 72 83 56 81 21 94 7 75 10 19 41 5 44 84 16 24 15 39 78 61 57 66 35 ; 
L 23 -17 -4 17 23 2 -2 7 38 40 -36 50 27 -47 47 -25 14 -13 -13 -6 -17 -35 -5 31 40 -33 15 -34 -40 11 19 27 13 39 41 3 -22 -17 9 -84 -31 -15 -2 -45 -47 -20 -23 8 -26 29 18 -47 -41 23 22 -14 19 -13 -25 -28 -81 31 -41 -9 -50 -36 -34 -19 -14 -23 -71 26 10 19 25 10 -17 32 85 -31 10 32 9 50 -13 19 35 -14 -18 -7 41 -32 -14 -36 -37 -29 23 15 26 42 47 -44 23 -16 44 -41 7 82 41 -1 -33 -6 46 -30 -44 -45 -1 68 20 -8 5 -30 61 32 11 -31 16 35 50 37 -3 -39 -17 -5 44 26 -45 32 -12 -3 -40 -13 -50 46 -51 -34 -48 -40 41 44 6 49 58 59 38 40 3 12 -29 78 73 -17 6 -31 7 14 -14 -8 -46 33 -30 29 -3 60 63 7 -48 -6 28 -48 -50 23 7 50 33 1 27 -32 5 -3 -6 -29 11 6 14 46 -37 37 -40 -33 3 20 47 33 30 -29 -54 35 49 -50 25 -33 31 38 25 -33 -49 -37 45 44 -6 16 8 -8 -46 12 -19 -22 -50 -4 29 -25 15 29 19 42 39 49 12 13 6 -77 -20 6 -17 21 -8 55 -38 -48 35 -28 80 -17 -10 46 9 27 -29 3 15 -18 -36 20 45 -40 27 39 40 -23 -38 38 30 -32 -64 19 -11 -3 33 39 40 32 -43 -18 10 -48 22 13 6 13 -38 4 -9 33 -34 24 -34 38 3 18 9 -56 -65 38 -14 -40 46 -41 46 25 -8 -43 -42 -34 29 20 -13 -28 -16 -4 -9 11 18 -50 53 -49 48 -21 14 17 40 -17 25 14 -32 -41 -6 -8 -31 33 31 36 45 19 12 -22 48 -11 1 75 42 52 42 45 -74 -67 48 -50 -30 -28 3 -5 -70 -11 -12 -48 9 -30 -76 30 -22 49 10 -25 27 -14 24 13 -7 -69 -27 22 -8 27 -36 1 -31 -46 9 -15 -48 24 46 -27 -40 26 23 -41 -21 40 -3 -23 -43 -35 -48 -8 -34 34 38 57 3 8 -22 12 -9 -7 -30 -48 49 -22 29 -36 -46 5 16 39 26 -28 5 -41 20 21 1 -45 7 20 -22 -4 -33 12 62 -4 -30 -34 33 45 -12 49 46 18 1 -16 66 21 -28 -22 32 29 -12 -8 -26 72 -39 -41 -36 -46 -15 49 21 -31 32 6 -43 19 39 32 -4 9 -39 27 -33 5 11 -5 -9 19 79 -25 5 -9 -50 38 -28 27 45 83 -26 -3 35 41 ; 
20:80 19:73 23:91 8:32 6:20 4:12 30:116 21:81 16:60 34:134 22:88 23:91 9:33 34:136 38:152 20:78 15:57 42:166 26:102 12:48 4:16 8:28 5:19 6:24 31:121 33:131 8:32 34:134 30:116 1:3 20:76 39:153 32:128 8:30 27:105 23:91 24:94 40:160 37:145 19:73 30:116 22:84 13:51 35:137 33:129 18:70 39:155 5:19 29:113 22:84 4:14 24:96 24:96 29:115 11:41 20:78 21:83 30:116 16:60 4:16 32:124 26:100 8:32 14:52 15:59 30:120 4:14 7:27 1:1 12:48 33:131 21:81 3:11 38:150 15:59 5:19 33:129 19:73 25:97 12:46 22:86 28:108 25:99 4:12 40:160 22:88 25:99 36:140 3:11 20:78 15:59 3:11 3:9 30:118 22:84 8:32 15:59 6:24 15:57 2:8 18:68 28:112 12:44 40:156 33:129 28:108 26:104 11:43 12:44 10:38 29:115 30:120 8:28 5:17 31:121 1:1 32:128 28:108 2:6 4:12 27:107 24:96 2:4 31:123 19:75 15:57 29:115 32:124 34:132 3:11 26:102 14:52 10:40 42:166 28:112 12:48 54:216 38:152 23:91 14:56 39:153 39:155 34:134 16:60 40:160 16:60 36:144 30:118 26:102 28:108 26:100 18:70 24:92 12:44 16:60 26:102 4:12 30:116 20:78 30:118 22:84 16:60 18:70 25:99 14:56 36:140 8:32 15:57 14:54 15:59 15:57 15:59 22:86 5:17 12:46 16:60 8:32 3:9 35:139 7:27 22:86 39:155 19:75 30:120 32:128 29:115 32:126 12:46 14:52 6:20 9:35 5:17 4:14 38:148 4:16 12:48 32:124 17:65 8:30 21:83 16:60 6:24 15:59 4:12 27:105 40:156 2:8 23:89 14:56 19:75 18:70 20:80 32:126 4:12 5:19 4:16 16:64 33:129 28:108 39:155 12:46 13:51 7:25 42:168 12:46 6:20 10:38 29:115 10:40 33:131 17:65 6:22 9:35 10:36 33:129 37:147 19:75 12:46 12:46 17:65 14:56 8:30 10:36 37:145 14:54 13:49 10:38 28:110 7:27 15:57 28:112 14:56 24:92 14:56 26:102 30:118 3:9 42:166 7:27 8:30 6:24 16:64 20:78 18:68 10:38 2:4 6:24 33:129 23:89 2:4 24:96 26:100 21:81 36:142 4:14 40:160 39:153 29:115 10:38 1:1 15:59 6:20 16:62 6:22 16:64 27:105 39:153 29:115 44:172 7:25 7:25 21:83 9:35 19:73 27:105 28:110 6:20 10:40 21:83 1:1 26:104 23:91 27:107 24:94 39:155 5:17 12:46 22:88 40:156 38:152 38:152 20:76 14:52 4:16 24:94 36:140 22:84 16:62 3:9 29:115 34:132 21:81 7:27 6:22 32:128 40:158 19:73 17:67 7:25 21:83 34:136 2:4 24:96 36:142 22:84 4:12 22:84 26:102 35:137 36:142 64:252 28:108 17:67 29:115 4:14 12:46 19:75 34:134 36:142 20:78 14:54 31:121 4:14 7:25 21:81 3:11 18:68 11:41 36:140 24:96 14:56 24:92 8:28 19:75 30:120 24:94 21:83 13:51 40:156 16:62 4:16 6:22 29:115 40:160 16:64 10:38 7:27 11:43 40:160 20:76 30:120 8:32 34:132 17:67 32:126 20:80 33:129 39:153 25:97 29:113 18:70 6:22 32:124 31:123 2:6 1:3 31:121 36:142 34:134 31:121 12:46 26:104 18:68 35:139 31:121 16:62 24:96 27:107 3:11 31:121 24:94 38:150 4:16 18:72 18:70 6:22 21:81 42:168 18:70 38:152 3:11 18:72 40:160 2:4 34:132 29:115 40:160 26:104 29:113 22:84 53:211 6:24 24:94 9:33 44:176 18:70 21:81 9:35 19:75 28:110 25:99 17:67 19:75 9:33 33:131 29:115 6:20 13:49 3:9 24:94 17:65 14:52 10:36 29:113 3:9 35:139 16:64 18:70 31:123 30:116 16:62 5:17 25:97 3:11 17:67 38:150 20:78 19:75 32:128 17:65 12:48 54:214 1:3 21:81 2:6 32:128 26:104 35:139 2:8 39:155 30:120 8:28 16:60 10:38 4:14 1:3 12:44 14:56 14:52 12:48 6:24 18:68 13:51 12:44 10:36 26:104 4:16 5:17 1:3 27:105 14:56 ; 
L -15 -35 3 -50 39 -15 -26 -39 21 -13 46 27 44 30 38 -22 -7 31 -34 -36 15 -28 -7 -40 36 -20 -29 -17 -11 -14 -31 8 39 18 3 -7 -4 2 -25 29 4 -44 33 -18 -6 9 5 -19 -15 44 22 29 -43 43 -32 37 -1 22 -26 5 14 -20 42 7 45 -3 3 5 -34 -7 26 47 -5 -4 -22 13 40 -10 -2 -50 34 1 -8 -42 33 48 -14 -46 -4 47 40 32 32 -4 9 24 7 29 48 26 -13 17 -15 10 32 -23 19 46 1 24 7 11 35 33 8 -1 -14 -45 42 50 -42 41 47 2 -47 43 -25 38 -9 17 42 -10 -17 -32 -40 -18 -36 30 46 -19 2 7 -24 -19 -15 9 49 45 -50 -49 49 -38 1 -43 -14 -16 17 -41 29 33 3 -2 -3 38 27 -22 -45 3 -3 36 35 -32 24 48 -6 -45 -41 -3 -38 18 34 -44 -43 -28 23 -40 -20 -33 -29 -10 -11 -11 41 -20 -23 -2 -41 6 38 43 -25 -3 40 12 32 29 -14 32 -17 35 -21 8 38 26 -39 -43 29 9 -32 7 27 -9 -29 -29 43 -25 -25 -11 25 -9 15 29 30 -36 -19 30 -1 16 24 -44 -11 -26 -17 29 34 38 25 -10 -13 -11 3 -28 -42 13 7 16 29 31 -8 -47 -50 -1 39 36 4 39 7 -1 -18 -50 -15 6 3 -31 47 -29 15 12 34 16 50 -1 -9 -11 -6 9 3 38 -36 -29 -19 49 -49 1 -32 17 -26 2 -19 -2 -1 29 38 36 28 29 15 -47 2 -50 44 -4 41 -27 -31 24 -39 29 -3 20 -29 42 -31 -18 -2 50 -32 -31 -31 -12 49 -13 -30 38 12 3 4 -7 39 -40 -13 6 23 -23 -49 30 9 -1 -45 9 -35 30 -26 -2 -38 10 38 -22 -35 41 16 11 -45 30 45 27 10 34 -22 -20 22 -17 -2 -18 -35 34 -12 25 -32 35 36 39 17 39 -28 1 23 -27 13 -6 31 -43 -43 10 -17 -17 -29 -32 46 17 14 -29 24 -25 3 13 37 -9 -7 -35 -44 19 9 32 -13 48 -41 23 28 -38 -20 -43 22 37 13 49 11 -39 22 -2 -49 16 -26 45 -11 36 36 50 -24 44 -8 -32 5 -14 -34 35 8 41 -38 13 14 1 22 48 40 2 -34 -3 4 -36 27 7 28 -37 -41 -26 17 2 -30 -11 29 30 -34 -35 36 -25 46 -18 -46 -37 -18 47 -33 -38 16 44 15 -26 -2 43 35 -3 22 -10 -18 -2 47 -1 1 -46 ; 
6 94 85 3 26 54 55 81 55 69 67 21 25 51 14 21 49 32 1 51 18 41 49 30 30 35 3 20 39 58 75 71 80 88 6 25 40 85 70 76 7 17 75 20 4 97 83 64 29 44 75 54 22 75 67 67 44 19 49 53 7 82 19 96 40 90 23 26 78 49 94 3 2 21 82 26 38 84 19 81 29 29 10 94 91 90 28 94 53 47 54 85 26 3 90 46 72 88 86 64 63 42 9 1 12 28 67 7 16 65 31 73 78 46 7 55 81 74 82 39 70 47 85 79 87 49 56 98 94 91 2 34 31 78 20 72 81 46 52 94 5 93 80 53 45 57 22 64 56 8 73 12 88 30 57 6 34 64 34 42 46 86 37 14 16 50 34 72 93 72 8 30 13 81 93 94 91 5 27 8 15 95 40 9 84 90 70 38 56 9 90 71 88 19 23 24 85 63 80 10 45 60 94 21 36 49 77 81 83 25 61 5 54 14 56 18 27 25 34 67 29 11 20 5 11 29 19 88 17 12 7 18 56 81 62 94 16 66 25 68 50 60 49 48 41 2 62 70 25 14 16 46 12 43 39 100 65 64 36 16 74 30 72 100 97 31 60 94 55 70 16 89 1 66 90 19 25 13 29 8 70 68 71 89 54 8 43 52 91 46 39 2 37 75 54 39 6 64 64 4 46 10 35 90 84 34 38 99 47 85 21 56 9 68 53 60 78 63 15 25 51 29 35 1 99 13 28 9 1 4 72 2 72 91 28 10 3 26 91 85 96 28 23 61 68 49 73 87 60 72 59 69 38 77 25 45 1 51 7 34 53 71 41 76 96 60 13 18 3 64 9 19 60 12 82 21 27 12 56 95 36 48 86 17 81 11 75 55 85 89 27 98 10 85 20 88 58 64 11 53 44 90 63 20 74 72 37 53 25 61 44 10 5 42 33 19 58 50 52 29 9 27 3 78 89 35 50 72 11 15 42 80 65 64 80 38 68 62 52 96 9 70 44 95 24 14 55 40 30 30 80 63 51 3 60 32 40 47 20 35 65 67 36 58 31 13 46 10 34 30 10 53 49 3 80 52 10 62 57 68 23 64 97 54 99 85 36 10 33 70 87 10 78 49 54 67 8 89 91 9 15 ; 
L 28 -37 -41 -26 17 2 -30 -11 29 35 36 -45 -30 45 -11 -16 -80 35 1 19 36 -30 -29 -15 9 -25 11 25 -43 29 29 9 -27 -7 30 -34 -35 36 -25 46 -18 8 -31 9 -35 84 30 -26 -2 10 38 -22 16 24 -50 -42 45 14 1 -8 49 45 -33 -35 -11 -7 -64 -24 33 18 37 43 35 -3 22 -10 -18 -2 47 -1 1 50 47 2 -47 43 -25 38 -46 -56 2 26 -15 -44 -16 38 -1 -46 -19 37 -15 29 -47 45 -3 3 -5 26 -22 1 36 4 39 7 -1 -50 -21 8 38 26 51 -15 9 -50 -49 59 49 -4 47 5 -18 38 3 41 45 6 -48 -24 32 -35 -36 -71 -39 1 50 47 17 42 -10 -17 -32 -14 40 66 32 -4 -23 -29 -19 -3 -57 -6 15 11 -81 -45 -40 3 -83 25 -54 -29 -16 38 12 3 4 -7 39 -13 73 6 23 14 -23 65 -49 30 9 -1 -45 47 -5 67 -4 -22 13 40 -50 18 31 -42 -68 29 -20 3 -29 39 -24 31 27 -41 4 -44 50 -2 -15 34 -44 -4 3 -22 39 -11 -49 -37 -22 -78 43 20 38 -28 -23 41 -48 13 -32 -9 26 11 14 43 44 -42 33 3 -2 -3 38 9 -34 -12 72 41 -19 44 7 -34 17 -22 20 22 -13 17 -15 10 32 -7 -42 -40 53 -18 24 7 29 36 36 79 50 -24 44 -8 -32 5 -14 -34 35 8 41 -38 69 13 14 1 48 40 2 -9 49 -49 1 -32 17 -26 2 -19 -2 -1 33 29 38 36 -41 29 -3 45 22 -27 -11 74 -6 9 60 3 38 -36 32 -43 43 -29 -22 -44 15 19 -5 -9 6 18 44 -4 25 -2 4 7 -3 -18 -39 -8 31 -1 14 -34 -39 -43 7 17 39 1 23 -27 13 -6 31 -43 -43 10 -17 -17 -49 16 -26 32 29 70 -14 32 -17 35 48 26 -34 -10 -61 -8 -36 30 46 -19 2 7 -24 -19 -29 -32 46 17 14 -9 -29 -27 36 -43 -28 23 -40 -20 -33 -29 -10 -11 -11 41 -20 -23 -2 -41 6 38 7 22 -63 -38 -30 -44 -27 -46 13 -21 39 26 34 1 -39 50 -3 -85 35 15 27 46 42 11 17 29 20 -36 -75 40 -32 -31 -31 -12 49 -13 -30 -7 -13 -76 42 28 -3 11 13 10 -25 -38 -34 -29 17 9 -37 -13 -3 -24 29 -32 32 -25 12 -62 2 10 7 -15 36 34 -31 43 -82 -55 -26 34 -58 -52 -28 -17 16 38 77 -46 ; 
1:1 24:92 13:49 6:20 19:73 4:16 14:54 12:48 4:16 63:249 15:57 18:72 39:153 31:121 17:65 29:113 23:91 30:120 4:14 11:43 25:99 33:129 23:89 8:28 3:11 5:19 7:27 33:129 12:46 5:17 2:8 8:32 5:17 12:46 15:57 20:78 2:4 32:128 21:83 4:16 25:99 24:92 15:57 24:94 24:94 10:36 38:150 16:60 31:123 3:11 1:1 21:81 26:102 10:40 28:112 16:62 33:131 30:118 33:129 22:88 10:36 26:102 24:92 19:73 32:124 30:116 5:19 23:89 28:112 22:88 10:36 28:110 35:139 4:16 32:124 20:78 22:86 27:107 4:12 36:142 37:145 21:81 28:108 32:126 35:139 20:78 23:89 40:156 22:86 33:129 28:110 14:52 4:16 15:57 34:136 40:158 20:78 7:25 3:11 46:184 4:16 10:40 8:30 31:121 36:144 10:36 7:27 22:84 20:78 8:30 51:203 39:155 13:49 24:96 38:150 38:152 22:88 2:8 22:86 6:22 12:48 20:76 23:91 2:6 4:12 24:92 6:24 18:68 19:75 22:88 24:92 4:12 11:43 2:8 37:145 38:150 38:148 33:129 6:20 12:48 4:12 2:6 17:65 29:115 12:48 30:118 12:48 1:3 14:54 13:49 32:124 17:65 6:24 12:48 36:144 10:38 14:56 7:25 16:62 48:190 23:89 40:158 36:142 19:73 24:94 15:59 14:54 38:150 23:89 6:24 17:65 7:25 26:104 31:123 12:44 4:16 2:4 11:41 37:145 37:145 3:9 15:57 10:36 12:48 41:161 20:80 23:89 20:78 30:116 35:139 24:96 29:113 1:3 33:131 22:84 33:131 11:41 16:60 10:38 6:22 1:1 14:56 36:144 22:88 21:81 10:40 6:24 26:100 32:124 24:96 22:84 28:108 4:14 23:89 9:33 34:136 26:102 3:11 38:152 17:65 8:32 16:62 5:17 29:115 20:80 42:166 32:124 16:62 14:52 11:43 4:14 12:46 21:83 20:80 24:92 8:30 14:52 17:67 1:3 24:96 11:43 23:91 19:75 28:108 10:40 19:73 35:137 15:59 6:22 17:65 24:94 12:46 27:105 11:41 32:128 4:16 20:76 7:27 26:102 8:30 4:14 26:102 6:22 17:67 4:14 1:1 5:19 30:118 39:153 20:80 12:46 30:120 38:150 29:115 36:140 4:14 28:108 13:49 13:51 21:83 39:153 4:14 28:112 18:70 38:152 10:38 6:22 22:88 16:64 12:48 25:99 8:28 32:128 26:100 2:6 24:96 13:51 22:86 1:3 15:59 30:120 22:86 16:62 3:9 26:102 26:102 2:6 19:73 14:52 15:57 14:56 36:144 42:168 14:54 20:78 29:115 14:54 20:80 26:102 10:40 34:132 4:12 28:110 10:36 21:83 37:145 20:78 27:107 30:120 9:35 22:86 30:120 18:70 12:46 26:102 34:132 39:155 2:6 9:35 7:27 4:16 28:112 34:136 16:64 10:40 3:9 36:140 32:128 29:113 8:30 54:214 19:73 7:25 8:28 24:94 11:41 7:27 14:56 30:120 22:88 34:136 36:142 11:43 40:156 4:16 34:136 8:32 36:140 9:33 32:128 26:104 28:108 20:78 10:40 27:105 33:129 34:132 10:40 37:145 26:102 21:83 8:28 11:43 8:32 38:150 19:73 21:83 38:150 2:8 38:148 32:128 22:84 36:140 26:102 5:17 22:84 18:70 38:150 10:40 14:56 26:104 14:54 4:14 34:134 36:144 28:112 16:60 23:89 4:14 36:144 29:113 36:140 8:30 10:36 10:38 34:136 26:100 32:128 14:52 20:78 20:78 22:88 6:22 21:81 10:40 9:33 27:107 28:110 22:88 33:129 16:60 12:46 34:132 11:41 2:4 30:118 10:40 38:150 22:84 6:20 50:198 13:49 16:62 8:32 2:4 14:56 34:132 20:80 7:27 4:14 1:1 2:6 29:115 1:3 29:115 46:182 16:62 18:70 20:78 5:19 19:73 7:25 6:22 10:40 28:112 25:99 1:3 17:65 20:76 38:148 22:84 15:59 29:115 11:41 26:100 12:48 10:36 23:89 5:19 10:36 12:44 8:30 41:161 10:40 8:28 21:81 1:1 4:14 36:144 33:129 16:62 10:40 13:49 25:99 12:48 18:68 14:54 9:35 16:64 18:72 6:24 ; 
L 48 -34 28 50 -41 26 12 -36 29 44 15 -32 21 15 -28 5 -32 -9 -3 30 38 35 -32 -11 -43 44 11 10 47 19 -12 -43 41 -4 -3 -23 -46 4 -39 19 42 -44 -46 6 -27 -11 -18 23 -4 45 38 13 -41 -40 -24 13 -21 -25 -43 50 26 -19 30 -15 -6 -18 -15 41 2 -20 12 30 -42 13 -20 33 19 33 33 6 -1 1 -41 8 -41 25 -37 38 -21 -38 -26 8 24 -40 -48 45 47 32 6 -40 4 44 13 -19 -48 -24 -27 -19 7 -29 -36 -8 47 37 18 -3 30 -44 9 8 38 -13 -5 -17 -38 -15 -40 49 41 44 -43 -32 -21 29 34 32 -24 -40 22 -11 44 21 -27 -6 -34 19 -38 -24 -2 -11 20 -49 -44 15 2 -22 28 27 -43 -11 -11 -3 27 -47 16 -4 31 13 40 -22 41 -26 -2 50 -22 -22 4 -24 -7 -45 -36 -5 -18 -15 21 -34 35 47 -29 -50 -2 -48 -46 37 -38 4 -6 -15 -21 9 35 -8 1 -35 -44 -31 -8 40 -46 17 -44 -4 20 13 -5 23 -20 -39 -15 -15 29 31 -27 49 46 -1 42 39 -34 32 -45 38 34 -44 27 -38 -10 -49 -12 42 13 28 -34 31 -45 47 -47 32 18 -41 28 -12 -26 24 -27 29 -47 22 40 -6 14 -47 14 -32 40 -30 -20 1 19 50 30 10 45 42 24 11 -17 8 22 -11 38 28 -47 25 30 4 -46 -35 39 4 33 -6 -33 3 25 13 20 26 4 14 14 50 25 2 19 5 -13 40 23 -32 34 -22 32 -29 -49 8 9 8 -25 47 -12 -45 14 -5 -3 32 -18 50 6 33 -48 36 -27 7 -20 -18 6 -43 22 9 44 -42 30 3 -10 16 -8 -29 44 -30 -37 8 18 -46 -35 8 38 -25 -28 32 -14 -19 -2 31 46 -9 12 11 -40 -23 26 -2 -36 -20 29 36 4 9 -11 -18 -17 -30 -13 -23 -46 40 -35 -7 -3 -44 30 30 -13 38 -33 -40 -28 15 9 13 -19 5 -25 -39 -16 24 39 9 4 37 40 -10 -18 -24 17 9 4 19 6 -26 4 -47 -29 -49 -5 -38 36 -49 45 41 -17 -19 -8 41 -38 50 -44 7 24 39 43 -27 34 49 -2 10 19 4 -13 36 45 5 48 39 -40 -4 12 -49 22 -4 46 -2 15 42 -13 12 -10 -39 31 -35 -11 9 -37 43 22 -25 46 39 3 35 -2 26 33 -46 20 -20 -43 42 4 46 9 5 34 24 45 38 -11 41 -24 -40 ; 
2 37 69 47 9 57 53 79 9 54 86 93 4 20 64 27 23 27 72 86 99 4 1 53 81 52 86 43 1 61 72 68 98 34 81 68 2 22 21 66 96 77 44 63 38 24 26 54 9 43 85 100 12 54 55 22 93 74 61 92 72 99 11 81 17 93 39 44 48 22 58 95 64 50 24 60 44 92 37 93 69 33 93 23 23 43 19 52 12 94 35 33 83 61 72 58 78 3 73 22 39 56 54 67 1 16 80 47 52 59 59 47 60 100 32 83 69 8 49 3 81 75 90 77 29 70 84 75 93 39 63 29 15 46 76 55 14 49 81 59 61 38 1 20 19 12 12 78 46 65 47 28 66 36 28 36 79 58 55 94 20 48 66 81 40 31 79 30 85 93 11 89 28 38 21 49 65 58 96 82 15 42 95 48 16 83 60 97 4 40 78 38 27 36 67 30 54 10 2 8 1 99 28 5 44 80 83 90 21 47 44 40 73 29 3 74 62 47 35 72 94 30 59 78 84 10 68 76 84 72 9 11 93 85 93 16 73 39 29 95 71 28 52 14 38 36 5 26 90 99 28 32 24 96 7 68 58 32 39 70 89 52 73 37 32 99 73 29 28 75 5 65 26 23 4 87 23 76 45 27 79 12 23 58 18 50 59 58 90 65 20 82 24 61 60 98 21 8 7 21 36 75 23 8 92 8 20 27 4 23 71 75 61 3 68 72 18 13 89 45 36 100 73 54 88 87 17 21 22 67 86 28 59 78 34 41 96 73 32 39 2 94 41 13 85 89 94 95 62 93 75 7 86 91 19 51 47 75 43 85 27 36 78 8 60 76 70 51 91 47 14 43 53 14 46 66 82 7 16 70 16 11 92 78 13 25 17 88 54 96 18 75 62 70 66 71 44 11 63 100 69 4 18 26 4 68 3 80 1 69 48 69 31 46 3 91 28 51 25 83 90 57 77 40 64 89 89 95 7 31 84 58 73 67 13 96 41 69 57 83 48 32 16 12 93 83 52 41 45 55 72 19 90 5 11 63 9 53 59 63 36 46 65 37 2 1 83 65 63 2 67 12 27 99 23 28 73 14 51 59 33 75 97 60 91 57 86 32 46 21 41 69 92 75 30 41 20 61 22 84 52 ; 
L 25 30 -51 -40 32 -14 9 33 -32 22 -34 32 -23 -40 13 -5 -19 -2 -25 -50 -14 -14 -68 -4 -84 -26 -20 -43 22 9 44 -44 11 -22 17 9 4 19 6 -26 4 -47 -49 -5 -38 45 41 -17 -19 -8 41 -38 50 -44 60 7 24 39 43 -27 34 38 -19 -72 34 19 -13 -9 -15 28 40 33 -38 13 12 -70 -47 25 -8 30 -42 13 -20 33 19 33 6 -1 -28 1 -41 20 -50 -2 -48 5 -32 -9 -3 44 15 2 -49 -58 31 79 -62 30 27 -38 -10 -49 -29 -49 -46 -19 -1 20 30 4 9 -12 20 8 -64 31 44 35 -1 8 -35 21 15 6 -4 38 -37 46 -34 -53 11 8 18 -46 -26 2 -35 -3 25 -22 -43 37 -31 -12 13 -42 -15 2 -30 -30 44 3 7 35 -40 -32 21 -35 39 4 4 37 36 45 80 40 40 -55 24 -50 43 25 -82 21 -13 24 40 -19 -47 -10 -11 -44 34 -10 16 83 -8 -29 44 11 35 11 -35 -38 -30 -29 36 66 28 50 -41 11 43 -27 -28 -81 39 10 22 -2 -15 44 49 -56 -20 11 26 38 21 4 -24 -7 5 -25 34 -39 -42 1 -46 -49 27 -30 -37 23 13 30 17 -63 47 -14 6 -40 -22 47 -29 27 -24 -15 29 85 -24 -2 -13 5 48 39 44 -34 -73 -38 45 -32 -39 -16 24 39 -42 -10 -40 -4 12 22 -4 46 14 -5 -38 -8 -9 44 12 11 -40 -23 26 -2 -50 10 19 4 -20 -43 42 4 46 9 -39 -15 26 -9 26 69 -19 30 -15 -6 -18 -15 41 2 40 -46 17 -44 -4 20 13 -5 23 -20 -3 27 -47 16 -4 31 40 -22 -26 -2 50 -22 -22 -28 -13 -42 12 -6 -33 3 25 13 -6 18 20 -7 27 -36 48 -33 -6 -50 -32 3 -5 57 -17 -38 71 -15 -40 21 -27 -6 -45 -36 -5 -18 -15 21 -34 78 35 47 52 -29 8 24 -40 -48 32 59 6 67 4 44 13 -19 -48 -24 -19 7 -29 -36 -8 37 18 -3 30 9 -46 -31 -74 2 19 -61 14 -32 28 -38 -8 35 -77 41 -13 -38 -45 -76 4 -23 18 -46 8 -41 43 -44 -41 -49 -42 30 3 -48 -47 -45 47 33 11 27 -6 46 -42 -19 39 -4 46 3 4 -41 43 12 -28 -75 -38 -22 17 -24 18 11 -9 -4 -36 -29 20 -32 -29 32 54 25 -37 38 -34 31 -45 47 -47 32 18 -41 28 -12 -12 -26 15 45 38 65 -11 41 -24 -40 ; 
9:33 12:44 39:155 4:12 13:51 15:59 24:96 2:8 6:20 25:97 30:120 29:113 10:36 2:6 11:43 8:32 4:12 37:147 4:12 10:36 30:120 15:57 40:156 16:60 17:67 28:108 4:12 25:99 13:51 16:62 1:3 2:8 25:97 24:94 29:113 37:145 12:44 21:81 10:40 34:132 36:144 23:91 42:166 26:102 36:142 39:155 13:49 34:134 24:92 30:116 27:107 6:20 39:153 17:65 17:67 32:128 23:91 34:132 20:76 13:51 7:25 8:28 5:19 37:145 25:99 2:6 28:110 40:160 26:100 5:17 18:70 29:113 27:105 28:112 22:86 37:145 16:62 18:72 36:142 19:75 26:102 20:80 10:38 24:96 18:70 10:38 38:148 28:110 23:89 18:70 38:148 40:158 28:110 32:124 16:60 18:72 10:36 11:43 29:115 12:46 35:137 28:112 38:148 20:78 34:134 4:16 28:112 23:89 35:137 7:25 30:116 16:62 10:36 28:108 4:16 29:115 12:44 12:46 26:100 20:80 38:152 25:97 24:92 13:49 27:107 25:99 32:128 18:70 2:8 12:44 40:158 4:14 1:3 4:16 22:86 12:48 27:107 15:57 18:70 41:161 34:136 5:19 35:137 37:145 18:68 30:120 14:52 24:94 19:73 12:44 10:36 40:158 4:16 21:83 1:1 1:3 15:59 26:104 22:88 30:120 8:28 39:153 22:86 36:140 7:27 17:67 2:6 12:44 36:144 26:104 7:25 28:110 16:60 29:115 33:129 50:196 23:91 15:57 29:113 26:102 37:147 25:97 40:158 24:96 38:148 9:35 22:88 34:134 25:97 1:1 18:68 35:137 8:32 28:112 36:142 32:126 32:126 38:152 25:99 40:156 27:107 8:28 8:32 2:6 40:158 45:177 4:14 33:131 21:83 19:75 4:14 28:108 38:150 22:88 24:92 24:96 42:164 26:104 21:81 15:57 12:44 15:57 27:105 35:137 38:152 19:75 10:40 14:56 38:150 27:105 24:92 39:153 27:107 8:28 36:140 34:134 31:121 28:108 4:16 34:134 32:124 10:40 30:120 6:22 32:124 37:147 5:17 7:27 34:136 21:83 36:142 28:112 16:62 13:51 24:92 28:108 3:11 55:217 38:150 13:49 27:107 19:73 26:104 15:59 36:144 2:8 20:80 34:136 4:14 39:153 5:17 4:14 4:16 2:6 28:108 2:4 22:84 18:72 14:52 26:100 4:14 30:116 26:100 15:57 41:163 22:86 23:89 33:129 2:4 20:78 12:44 21:81 37:145 19:75 6:22 18:68 8:30 37:147 21:83 17:65 21:83 35:137 13:51 19:73 9:33 17:65 0:0 14:56 13:51 16:64 14:56 24:92 18:70 5:17 33:129 7:27 38:148 16:62 18:70 20:76 33:129 9:33 19:75 18:70 16:64 30:116 12:46 2:4 30:118 25:99 25:99 27:105 33:129 16:64 13:49 32:126 2:6 38:148 30:118 12:44 16:60 9:33 20:78 16:64 12:44 29:113 38:152 32:124 10:38 25:97 24:96 40:156 13:51 39:153 17:65 14:54 32:124 24:94 12:44 35:137 27:107 9:35 8:32 35:139 30:118 37:147 33:129 12:46 22:86 25:99 34:134 22:84 1:1 8:32 14:54 6:24 17:67 38:152 20:76 7:25 34:132 25:99 36:144 39:155 31:121 34:134 12:46 34:132 25:97 29:115 23:91 23:91 37:147 34:132 27:107 23:89 22:86 27:107 1:1 7:25 7:27 21:83 24:94 24:94 19:75 64:254 13:51 34:132 28:110 20:80 31:121 24:96 33:129 12:46 32:124 13:51 16:64 11:43 34:136 19:75 19:75 21:81 6:22 26:104 5:19 40:160 34:136 10:40 23:91 4:14 22:86 22:88 6:24 10:36 16:60 26:100 16:62 38:148 60:238 17:65 6:20 21:83 1:1 32:124 17:67 22:86 13:49 10:38 16:60 26:100 37:145 39:153 27:105 9:33 9:35 9:35 33:129 14:54 40:156 28:108 16:62 14:56 24:92 40:158 37:147 28:108 4:12 28:112 7:25 3:11 33:131 27:105 19:73 20:80 15:57 20:76 7:25 10:36 8:30 21:83 10:36 6:22 16:60 15:57 2:8 11:41 36:144 40:158 12:44 13:51 21:83 22:84 5:19 16:62 17:65 16:64 22:84 25:97 10:38 34:134 21:83 ; 
L -29 32 22 34 35 39 14 18 -19 -25 15 -7 -21 6 -4 -41 -13 -1 -5 -25 46 -3 -13 -37 -5 -7 31 15 -7 7 14 16 37 -35 -2 -35 11 -14 50 44 26 -47 -8 37 -6 -5 34 -13 -26 21 -37 -26 47 8 -8 -26 36 28 -30 32 32 21 43 -37 42 -33 -45 37 -45 -5 -48 9 -15 8 -15 46 -10 3 -3 46 6 47 17 9 -40 41 45 7 21 -40 -48 48 -50 -7 38 -7 -46 -17 -12 -24 4 33 16 -27 -50 -31 -47 -9 1 16 -42 23 15 -22 -49 -7 -14 -2 -36 -19 12 8 -3 -18 23 -2 -6 -24 5 -43 -5 41 37 32 -46 18 19 4 23 45 18 -6 -50 24 26 34 -13 -10 -8 -43 -2 36 28 47 -50 49 -23 -4 13 34 -50 -38 14 21 9 -7 5 2 -49 29 3 39 -23 -30 -23 -19 -5 44 -5 -36 26 39 1 13 -21 17 -3 34 27 -11 45 -14 -22 -16 7 -44 -30 13 26 9 -2 3 36 31 -42 27 38 7 -45 -10 28 -3 46 -39 -25 -42 -12 -33 -15 -37 -15 37 -26 -24 -50 47 33 45 -48 24 -13 -36 -5 9 -21 -9 -39 -17 -27 38 30 39 -37 -27 17 37 36 44 24 -19 11 14 -23 34 -37 -42 -20 15 -49 -14 -49 -10 26 25 4 -49 5 -43 -44 -1 -28 13 20 1 11 -28 34 15 -43 46 -27 -19 -41 5 -30 44 45 -16 8 -36 22 30 11 -13 -48 50 -43 -8 -9 44 4 -3 26 38 30 -4 35 7 -32 -42 -4 -45 17 28 -5 -22 -3 5 -9 -16 -20 -50 3 18 -45 -50 -17 13 -35 -50 -34 41 14 -1 22 33 33 9 39 -15 -23 49 21 -1 -14 40 -37 -40 10 -30 -44 -7 -46 -24 2 12 -9 42 16 -6 8 -8 25 38 10 -44 -20 -37 24 31 -15 -16 -37 -25 19 23 48 -13 29 -25 -15 47 31 47 -32 41 43 -6 -5 -30 29 21 50 34 10 18 -28 25 -50 -3 -9 44 -41 -14 -24 33 15 -30 -32 -14 27 21 -42 -40 -31 31 -25 29 -2 23 29 24 -19 -46 -36 19 -50 11 11 13 47 -9 20 38 -32 22 23 45 -13 -33 -30 40 15 -43 26 -9 6 49 3 -30 27 35 30 -42 -27 22 -2 -50 46 -4 -46 -8 -47 19 -6 -12 48 -4 -24 45 -44 15 48 -18 23 -3 16 -25 12 2 -26 -29 -47 15 9 -12 2 -47 6 -24 -17 31 -46 -9 47 -43 -44 -41 48 -41 ; 
95 48 40 84 33 47 45 64 27 67 48 93 26 94 54 83 69 82 52 64 21 28 20 27 63 8 42 82 5 93 73 62 73 44 61 68 24 69 14 44 26 91 42 1 38 91 13 25 39 92 32 47 24 18 32 28 24 47 29 53 69 81 28 60 5 22 69 97 65 75 59 91 37 15 73 43 95 97 1 47 34 73 46 71 39 81 31 16 78 28 45 80 7 65 71 34 51 92 71 93 30 96 61 42 22 27 14 70 57 55 72 29 72 83 51 91 92 99 30 53 28 12 33 63 78 2 64 93 85 97 58 22 27 74 37 96 64 6 85 68 68 100 77 33 2 70 4 21 88 31 81 19 41 19 19 55 2 9 94 11 46 84 31 27 14 57 67 11 18 93 57 54 30 64 66 99 24 25 66 77 52 28 53 78 38 60 67 97 1 40 35 98 69 98 59 98 7 79 7 69 3 94 5 71 79 61 86 18 2 70 31 75 43 67 28 76 86 95 72 74 98 45 73 40 16 4 41 23 83 87 47 47 68 60 2 16 5 44 71 68 97 74 52 89 75 11 81 46 72 1 9 28 39 95 45 93 41 59 54 100 21 34 8 65 65 64 29 57 97 33 49 71 92 71 93 37 66 57 42 24 88 80 57 65 49 23 69 18 31 28 44 13 36 96 61 3 80 46 46 62 56 42 10 28 96 41 72 83 55 55 14 31 10 19 5 51 4 62 47 30 52 40 17 52 62 59 2 57 89 70 99 16 32 54 23 56 32 34 12 81 7 70 60 82 34 61 86 7 38 46 76 63 68 14 9 71 65 90 4 38 77 72 37 47 66 36 5 5 93 50 9 77 16 68 53 60 76 27 55 71 2 17 88 89 29 57 57 24 20 70 22 38 6 21 29 72 20 22 51 81 99 45 65 78 14 74 93 70 99 18 42 99 90 3 88 48 48 7 95 86 78 58 67 28 85 63 76 14 48 25 80 1 88 23 59 60 7 89 5 53 83 65 47 26 57 30 66 56 37 49 72 33 64 12 61 32 10 93 73 77 73 48 28 51 34 57 31 2 63 17 55 95 32 5 37 98 92 83 78 91 8 5 83 28 8 36 65 26 28 9 98 74 88 9 21 6 12 34 92 91 54 ; 
L -29 32 85 -28 10 -37 8 -26 -44 -50 -56 14 -9 -16 -20 -3 11 -13 9 -15 8 -15 46 -10 3 -3 -13 -24 4 23 -49 -47 -65 -28 -30 23 30 -43 -44 -1 -28 13 -4 -25 10 49 14 49 47 29 50 -19 36 46 19 -24 -29 -23 2 -29 25 -31 -16 -45 -5 -48 -41 32 34 10 -28 25 -3 -9 -32 -42 -4 -45 -2 -5 7 -21 -14 38 50 -34 25 -16 -23 18 -48 -15 -71 44 -45 24 4 -48 -69 12 6 -63 -19 47 8 46 4 -46 -81 50 2 -78 -6 -32 74 -49 29 10 -34 -39 50 6 -18 -45 36 -19 25 11 11 13 14 7 49 8 37 16 15 -31 -24 37 20 -59 22 -37 -17 27 37 -79 -23 44 24 -19 14 -23 -34 41 14 -1 34 -37 -42 -20 23 27 -46 43 -46 12 2 -26 27 -13 -1 -5 72 -25 -19 -5 44 9 -26 43 -15 -40 33 45 -48 24 -13 -36 -5 9 -36 8 -8 -47 26 37 -21 6 49 3 -41 6 2 -23 18 3 -8 -12 19 36 2 -7 -35 -30 -38 82 -24 4 33 -27 -50 -2 12 -9 -61 -15 17 39 9 21 -45 -6 -5 34 -13 -26 66 25 38 75 10 -44 -45 -23 -64 -22 -23 -4 -19 -18 46 -32 -7 7 70 14 16 37 -35 11 12 17 46 7 -38 7 -48 48 -21 -7 -5 60 -36 26 84 39 1 13 -21 17 34 27 -11 45 -14 -22 -16 7 -44 -30 13 26 9 -2 3 36 31 -42 27 38 7 5 43 24 28 -30 32 32 21 43 -37 73 83 42 -33 -45 37 68 -42 -12 -57 -2 24 46 44 30 -10 -52 40 -51 37 -40 14 1 -21 -49 23 15 -39 -9 -33 -33 -22 50 35 -13 17 45 -18 -3 50 -43 -2 36 -19 -41 5 -30 44 45 -16 8 -36 22 62 46 -3 -13 -37 -5 15 5 6 -43 -41 17 28 -5 80 -22 -3 5 -24 -50 30 33 13 -45 -41 40 -9 -17 -47 -22 27 -30 -53 -35 -27 30 -15 -31 7 -55 -23 42 -16 -1 9 47 31 6 -17 31 -46 -9 47 -44 -48 50 -43 -8 -9 44 4 -3 26 76 26 15 37 15 12 42 25 39 -46 3 22 34 35 39 14 18 -19 -25 15 -21 6 -4 -41 -9 20 38 -50 -21 -29 -15 -5 -67 49 -54 20 1 11 34 15 -47 -47 44 -41 -24 33 15 -30 -32 -14 27 21 -42 -40 -31 -6 8 31 38 77 30 39 -13 29 -25 -15 58 47 26 48 -41 ; 
38:152 20:76 6:24 41:161 13:49 27:107 1:1 21:83 11:41 18:70 23:89 20:76 28:108 12:48 21:83 6:24 4:14 39:153 40:160 15:59 6:24 30:116 18:68 38:152 39:155 1:1 7:27 9:35 52:206 4:14 1:3 26:102 35:137 38:150 25:99 26:102 27:105 14:54 39:155 14:52 20:78 29:113 38:150 26:104 21:81 14:54 9:33 40:160 25:99 34:132 5:19 31:121 26:100 34:136 12:44 27:107 24:92 32:124 35:137 38:152 3:11 20:76 22:88 12:48 30:120 24:94 21:83 51:201 18:72 12:46 16:62 9:35 7:25 40:158 12:46 22:88 6:22 13:49 6:20 5:17 27:107 13:51 11:43 13:49 34:134 19:73 12:48 34:132 59:233 15:59 2:8 13:51 23:91 34:136 22:88 7:27 26:100 1:3 5:17 21:83 23:91 36:140 23:89 21:81 12:44 20:76 30:116 31:123 10:40 25:97 38:148 8:30 17:65 2:6 21:83 26:100 38:148 46:182 2:4 6:24 15:57 31:123 40:160 28:108 37:147 16:64 22:84 18:72 20:76 10:40 44:176 37:147 37:145 21:83 34:134 7:25 31:123 4:14 20:80 38:148 2:8 14:52 20:80 27:105 5:17 30:120 36:142 24:96 10:40 27:105 29:115 1:1 9:35 16:62 5:17 7:25 13:51 22:86 42:164 18:72 38:148 17:65 24:96 34:136 36:140 10:38 22:84 36:142 37:145 4:12 48:190 28:110 33:131 21:83 19:75 24:96 20:78 10:38 10:40 22:88 12:48 23:91 11:41 19:75 25:97 10:36 34:132 35:139 19:75 19:75 28:108 24:96 16:62 4:12 13:51 8:28 10:38 19:75 13:51 11:41 23:89 15:59 26:100 21:81 26:102 1:3 32:124 26:100 14:52 5:19 12:44 22:84 12:48 46:182 34:132 0:0 39:153 16:64 35:137 12:48 39:153 17:67 9:35 16:62 26:104 15:57 25:97 1:3 12:46 18:70 2:8 7:25 1:1 17:65 37:145 6:20 10:40 16:62 37:145 12:48 19:75 30:118 11:41 15:57 2:8 23:89 6:24 3:11 25:99 34:136 3:9 26:102 39:153 15:59 10:38 38:148 26:102 26:104 25:99 30:116 49:195 10:38 19:73 29:113 37:147 21:81 14:54 29:113 22:86 32:128 5:17 32:124 12:46 19:75 32:126 21:83 8:32 22:86 22:84 32:124 16:60 24:96 42:166 1:1 16:64 14:56 40:156 28:110 40:156 24:94 40:156 3:11 32:126 3:11 28:110 2:4 38:150 2:8 29:113 32:126 25:97 35:137 8:28 7:27 24:92 38:152 24:92 12:46 22:84 28:110 33:129 12:44 24:96 18:68 35:139 19:75 9:35 28:110 39:155 36:142 10:36 14:54 17:67 36:144 4:14 6:22 28:108 31:121 19:73 18:68 9:35 20:76 15:57 35:137 25:97 14:54 33:131 24:96 28:112 3:11 33:129 5:19 14:54 13:51 23:89 42:164 28:112 36:142 23:91 11:43 25:99 21:83 7:27 20:78 33:129 8:30 6:20 23:91 26:104 20:78 10:36 28:110 8:28 13:49 12:44 18:70 8:32 13:51 12:44 8:32 11:43 26:100 15:57 1:1 8:32 10:38 23:91 18:72 8:30 2:8 14:54 19:75 2:6 25:99 28:108 7:25 17:65 34:132 22:84 2:8 26:102 33:129 16:62 29:113 19:73 13:51 13:51 2:6 32:124 4:14 14:52 29:115 2:8 33:131 17:67 29:113 50:200 12:46 29:115 22:88 23:91 28:112 6:22 12:46 10:38 30:118 36:140 4:14 9:33 3:9 14:54 2:4 32:128 19:73 19:73 25:99 23:89 17:67 4:16 3:9 28:112 11:43 40:156 30:118 30:116 35:137 31:121 12:44 27:107 18:68 26:100 34:134 14:52 19:75 18:72 26:102 11:43 27:107 20:76 23:91 38:150 22:86 34:132 33:131 36:140 10:36 14:56 3:9 16:60 8:30 35:137 18:72 26:104 1:3 39:153 29:113 38:148 28:108 23:91 20:76 12:46 11:41 26:104 16:60 30:118 38:148 28:112 40:158 8:28 17:67 40:158 36:144 2:4 36:140 13:49 31:123 8:28 5:17 37:145 16:62 30:118 3:9 22:88 29:113 1:3 24:94 27:107 23:91 24:92 37:145 22:86 ; 
L 40 20 26 23 -27 44 8 2 32 15 -38 30 47 -47 25 30 -15 -22 6 -25 -8 -31 34 18 -8 -1 43 39 -12 -25 20 -39 22 37 -34 -6 -34 23 -50 -8 -5 20 45 33 24 -13 -40 28 -33 33 -35 -2 12 18 46 32 -31 -14 -44 41 -30 35 -20 2 21 46 -31 -23 -25 -16 15 12 37 -5 -18 -21 47 -40 43 -34 48 50 -29 -31 26 -25 34 -30 7 -49 4 34 30 -26 17 12 6 -32 -28 -34 14 -19 -17 -28 45 30 2 -32 -10 -32 42 25 -13 -38 49 19 47 30 -36 22 7 35 -28 50 -12 3 9 -10 -25 12 35 29 42 -34 -6 -26 -15 -22 -18 -45 -19 6 36 26 45 19 15 -15 31 -39 -34 -13 -7 35 19 4 10 50 27 -4 -43 -3 -47 17 19 -25 -19 -32 -26 48 -24 50 29 -28 39 24 -36 39 12 44 25 24 -6 -24 34 -19 33 41 -10 32 44 41 9 -1 -36 -13 7 21 31 42 9 33 33 50 28 -31 -34 47 30 31 -42 35 -27 -23 -44 -1 -36 37 28 -41 -26 -24 -7 24 30 -20 -42 -21 18 23 -36 -36 35 -24 43 -6 -7 -32 -27 29 15 21 19 38 10 26 26 34 16 -36 25 21 42 -12 8 48 5 -20 -36 15 46 36 16 -13 34 41 -11 -4 -5 -40 -24 13 45 39 46 -42 -48 -9 -9 23 -15 12 -12 5 16 45 44 37 -23 -13 28 13 42 -7 -47 28 -49 -24 -15 -41 -11 -40 -24 -13 1 -2 -17 -13 24 -23 -18 18 13 -37 -20 -21 3 40 -16 12 -23 31 14 -42 -38 20 -37 -4 -50 -20 4 -49 -34 3 31 35 -29 19 47 -32 30 -44 -11 -2 1 10 -16 45 -42 -36 -14 9 -26 37 5 47 15 -11 22 -43 -50 -43 -50 -14 35 -5 45 25 39 11 -48 22 44 25 -46 23 -7 -31 19 -12 26 6 26 -46 -39 -16 -32 -29 42 16 6 14 -45 -31 -11 -8 -9 42 6 4 -18 -10 -27 21 10 19 12 4 -22 -48 30 -3 42 -25 29 -50 -26 -10 -24 34 10 6 43 45 -19 -26 28 -31 3 46 -42 19 -4 -23 -46 -41 45 -15 -22 39 35 16 7 -28 17 40 6 -22 4 26 -31 22 -7 -30 36 9 31 -40 23 -14 24 32 -31 -13 -42 21 20 14 -4 33 -25 13 -25 -24 -25 10 -16 23 -12 -23 22 -17 24 -37 14 -12 23 -26 5 -34 -49 8 43 41 15 25 -18 4 -21 6 ; 
23 46 54 40 66 93 94 37 67 5 48 21 56 91 6 25 55 47 45 40 36 65 83 5 66 79 38 97 49 98 34 84 69 35 96 37 24 86 67 99 37 92 92 7 23 65 49 66 31 92 41 63 90 28 56 92 36 82 13 8 15 43 17 40 67 95 21 62 23 85 79 19 77 94 1 57 92 78 4 54 75 55 18 11 71 83 97 99 41 80 68 15 81 74 89 70 36 1 69 63 46 98 49 16 29 80 66 10 100 76 51 9 23 49 4 19 48 73 6 70 94 79 15 18 47 78 20 48 90 11 50 76 98 21 86 40 9 40 23 17 21 98 76 99 28 21 23 11 14 15 98 55 42 24 92 89 35 35 17 23 48 75 44 91 7 50 30 9 72 40 4 91 32 7 70 83 11 84 23 34 43 68 27 31 25 35 32 83 30 71 45 37 90 15 1 34 91 53 34 35 21 64 67 73 61 51 17 43 66 9 38 50 34 94 95 79 91 45 76 99 18 46 6 39 3 68 50 65 100 55 27 53 29 60 31 44 9 88 34 91 30 26 84 72 57 2 83 78 39 59 66 47 71 84 21 38 63 81 21 30 92 82 34 27 49 92 41 37 79 61 10 64 18 18 13 77 61 22 45 9 48 8 89 12 65 63 45 65 23 15 43 89 89 17 21 89 1 46 73 79 15 55 27 4 25 34 8 80 57 15 38 94 48 25 76 10 78 5 70 33 33 72 45 78 84 56 21 40 6 95 56 94 32 18 64 18 44 7 100 27 80 62 73 77 26 77 38 1 15 77 77 49 76 15 73 86 32 21 94 68 36 74 23 53 10 90 75 25 88 47 26 27 51 61 78 87 29 57 49 24 25 42 2 100 76 19 64 17 7 87 4 42 89 63 13 9 62 35 9 82 51 16 62 16 95 23 99 94 80 76 65 98 88 59 36 44 15 82 60 59 50 67 60 31 94 24 82 36 11 42 19 90 22 8 1 31 95 25 8 65 29 97 20 98 23 49 86 4 24 15 88 70 21 95 83 66 26 85 88 59 90 75 96 85 74 99 18 55 29 79 73 46 23 79 49 72 6 50 69 38 51 67 33 79 38 21 100 68 81 13 76 64 52 89 41 69 65 47 15 51 68 ; 
L 51 74 40 20 26 23 44 8 2 32 15 -38 65 30 47 -47 25 30 26 34 -36 25 21 42 -12 8 48 5 -20 -36 15 36 40 5 4 11 -41 -34 13 -24 85 13 45 39 46 -42 80 -9 -9 23 -41 8 43 41 15 25 4 -18 21 42 20 -30 -4 33 46 23 -69 -44 -22 -24 -39 10 38 19 12 -22 -48 48 -11 -39 -52 25 -6 22 41 15 24 34 -43 -3 -6 -9 -42 -31 -21 -7 24 25 -13 25 44 71 2 -1 13 40 11 14 43 50 43 -8 -31 33 -5 20 45 15 -45 41 -32 19 25 -19 -17 4 -19 -62 42 -56 -46 -3 -28 26 19 -45 -43 21 20 14 -24 7 24 26 41 -28 -77 -37 36 1 44 23 27 -35 42 -31 -30 -47 34 31 4 -27 -50 -10 -4 -19 -35 7 13 34 39 -31 15 -15 16 -10 25 13 36 1 -9 78 -42 46 -26 -6 -30 32 12 35 -15 61 -14 37 -24 -47 -19 29 -35 -31 28 32 -6 -12 -14 -31 23 -12 16 13 -82 -6 -10 -34 -39 22 34 18 -8 -1 43 39 -12 -25 20 13 46 32 -29 25 -42 -73 3 -30 12 44 25 24 -6 -24 34 -19 72 41 -49 4 -39 -16 79 -32 -29 42 16 14 -45 -31 -11 -8 -9 42 6 4 -18 -10 -27 28 -29 -50 -48 26 -64 32 43 -34 48 50 -29 -31 -27 29 15 21 47 -58 7 -42 -28 13 23 -37 -44 -45 -16 -5 12 -12 15 49 -63 -28 -75 19 38 10 26 -5 45 67 70 25 -84 -2 -30 -45 35 -28 50 -12 3 9 -10 -42 -29 -35 -12 25 -34 -6 -26 -15 -22 -18 -45 23 42 25 -19 6 36 26 45 19 23 -12 -23 34 -5 26 24 -13 -40 28 33 17 76 14 -19 -17 -28 -7 -22 -44 -11 -2 1 10 -16 -42 -36 -14 9 -26 37 5 59 15 -11 22 -31 22 -7 -30 36 -4 22 -66 -47 25 -46 23 -7 -31 19 -12 55 26 30 -41 44 14 -50 -26 -10 -24 35 16 7 -28 30 -34 25 32 -31 53 34 30 -26 -28 -50 -33 -33 -40 -81 7 -10 40 -47 -83 18 5 -37 -12 -15 16 25 23 31 -46 -21 -2 -35 -57 -23 -24 68 43 54 -37 -20 -21 3 40 -42 20 -37 -4 -50 -20 4 -49 -35 -2 12 18 -7 -32 -24 14 32 10 32 8 50 -23 34 6 34 -37 -22 -18 18 -24 13 49 22 -17 23 -35 36 36 36 -30 -47 -19 38 13 40 -21 6 60 ; 
40:160 34:132 7:25 19:73 22:86 16:64 27:107 38:150 15:59 27:107 2:8 20:76 4:14 12:48 23:89 37:145 3:9 10:40 35:137 32:124 35:139 27:105 19:75 29:113 34:134 9:33 16:60 26:100 33:129 9:33 12:48 46:180 8:28 25:97 32:126 15:59 17:65 37:147 20:78 7:27 9:35 40:160 8:28 8:28 6:20 31:123 16:60 26:102 18:72 4:14 26:100 20:76 21:83 36:142 17:65 28:110 36:140 30:120 40:160 26:104 20:80 28:108 13:49 32:126 28:112 1:1 37:145 8:28 21:81 11:43 34:132 23:89 3:11 24:94 40:158 40:158 31:121 11:41 11:41 19:75 26:102 13:49 16:64 18:72 30:116 32:126 30:116 31:123 18:68 30:120 15:59 48:188 9:33 14:56 14:54 22:84 14:56 32:126 10:36 19:73 8:28 10:38 12:46 14:54 10:40 2:4 22:88 4:16 16:60 30:118 15:57 40:158 26:104 12:44 16:60 37:147 37:147 4:14 10:40 38:152 25:97 10:36 12:48 20:80 3:11 8:28 9:35 33:131 18:72 31:123 40:156 17:67 3:11 33:131 10:38 38:150 13:49 57:225 8:28 22:88 1:1 16:62 3:9 19:73 8:28 40:158 32:126 11:43 18:72 37:145 32:126 38:152 38:150 14:54 20:80 16:60 4:14 27:105 18:68 7:27 10:36 10:36 7:27 14:56 14:56 36:142 37:147 10:38 17:67 22:88 40:156 6:24 6:22 5:17 15:59 3:9 29:115 42:168 14:54 1:1 6:24 36:142 35:137 18:72 40:160 1:3 7:27 32:128 36:142 10:38 10:36 4:16 6:24 16:60 32:126 22:84 40:160 3:11 18:70 8:28 22:86 28:110 1:1 15:57 23:89 18:72 29:115 14:52 14:52 11:43 15:57 9:35 27:107 20:80 5:19 26:104 25:97 2:8 27:105 32:126 16:60 39:155 20:78 40:156 14:54 18:68 24:96 37:147 10:36 15:57 24:94 36:144 1:1 40:156 28:112 14:54 18:68 28:108 11:43 13:49 10:40 14:56 0:0 4:16 35:137 28:108 11:43 8:30 18:70 15:57 7:27 3:11 35:139 18:72 36:142 26:100 6:20 4:14 25:99 14:56 4:14 33:131 21:81 7:25 25:99 21:83 3:11 13:51 4:14 16:64 35:139 3:11 4:14 22:86 30:120 22:88 8:28 5:17 26:104 37:145 12:48 11:41 28:108 18:72 16:64 7:27 5:17 18:68 6:24 10:36 26:104 18:72 26:100 26:104 5:19 36:142 4:12 26:100 26:102 20:80 32:128 32:126 29:115 23:91 1:3 48:190 30:120 14:56 0:0 25:97 1:3 13:49 27:105 32:128 23:89 6:24 8:28 19:75 32:124 8:32 20:76 39:155 40:156 31:121 20:80 5:17 6:22 35:137 16:64 4:14 16:64 10:36 7:27 20:76 30:116 4:14 6:20 40:156 31:121 40:158 12:44 9:33 15:57 28:110 16:60 15:57 6:20 33:129 33:131 26:104 20:78 27:105 20:76 31:123 18:70 41:161 40:156 20:78 7:25 21:83 38:150 33:131 30:116 31:123 11:41 31:123 16:60 2:8 31:123 31:123 20:78 31:121 6:24 30:116 34:134 19:75 9:33 38:150 17:67 28:112 9:33 38:152 34:132 8:32 10:38 3:11 20:76 47:185 32:124 35:139 12:46 23:91 20:78 10:38 34:132 38:150 45:177 6:24 4:12 6:20 42:168 6:24 33:131 24:96 31:121 39:155 8:32 40:156 10:40 40:158 39:155 35:137 39:153 22:86 9:33 33:129 30:118 20:78 25:97 30:116 27:107 13:51 34:134 15:57 10:38 21:83 32:124 7:27 30:118 1:1 38:150 31:123 8:30 32:126 34:136 10:36 25:99 9:33 38:152 27:107 0:0 8:28 16:60 13:51 35:139 30:120 22:86 3:9 31:121 4:16 32:124 2:8 14:56 39:155 9:33 16:64 3:9 38:152 23:89 38:150 28:110 26:100 36:144 12:44 15:59 36:140 34:134 36:144 15:59 31:121 40:160 1:1 40:158 27:107 35:137 10:38 15:59 39:153 14:56 50:200 38:150 2:8 23:91 29:113 37:145 27:107 8:28 11:43 12:46 22:84 4:16 3:9 30:116 20:76 6:20 20:78 29:113 8:30 21:81 27:105 10:36 ; 
L -18 6 -14 16 -21 -5 28 5 50 -1 29 -35 -43 40 21 -46 -27 -23 6 -7 -1 -38 -20 -23 -28 -10 -42 35 -50 8 41 -6 -33 -3 -15 -10 6 15 -8 3 31 25 9 -42 39 27 -38 -21 -1 -16 -20 -42 -10 -23 22 41 -46 -5 20 30 50 -16 -4 32 -3 -29 2 -38 42 -43 -1 31 -35 -28 40 22 10 -10 35 -32 -45 22 -39 -38 -41 -29 -2 -48 -38 -23 -39 3 -34 25 19 -13 -24 39 2 44 -36 49 29 -25 -44 25 5 -50 -26 1 -16 -19 44 -18 -12 16 -20 -50 -17 50 10 4 12 -47 30 41 -7 -16 -47 -8 -19 -9 -5 -33 -7 15 35 -45 40 13 32 -4 -29 -41 -30 -47 7 15 24 23 17 -49 -12 22 10 -22 -36 37 -38 -18 36 26 -42 37 39 -6 33 -8 11 6 -24 -8 50 43 18 -37 -46 27 -4 22 23 6 31 -4 31 41 -6 29 -48 10 -31 40 -22 -10 -26 -22 19 -1 23 11 -22 -26 20 49 -50 45 35 43 -29 -26 41 -24 11 -1 -34 12 -5 36 29 -5 -29 23 13 19 10 -21 24 -49 -45 22 -2 1 -29 -41 -17 20 -38 -47 7 20 48 7 -17 4 43 -16 -34 14 -1 38 16 8 8 -11 -6 -34 33 -41 -33 -1 -45 2 -31 -35 -4 6 -41 -49 17 -22 46 37 4 12 10 14 16 -16 -16 3 17 -45 -4 27 -14 -46 39 -35 17 44 18 -31 -26 8 -24 -35 50 43 26 -36 -28 -5 -15 22 36 -15 33 -8 -1 6 -8 21 7 -25 6 20 45 -46 17 -7 -16 35 48 -34 48 -23 -47 -48 -46 30 22 -3 29 -24 13 50 27 -22 -39 -14 38 35 -15 41 8 -10 29 -8 9 -18 9 19 -42 -14 -30 -26 -15 16 21 14 -48 47 -34 30 31 36 42 -21 15 20 21 -18 49 32 -49 1 20 41 24 29 32 -43 11 -19 -40 15 22 15 49 -50 -6 -38 48 29 -2 12 19 36 -48 5 -27 -49 -33 -28 -8 -32 -32 32 16 -28 49 -31 -38 -17 44 -11 42 -9 34 -3 21 31 -25 -50 -14 -34 -12 4 -9 21 37 -29 -21 -1 -7 -7 -15 -43 -25 -23 -50 -26 4 27 -26 -44 47 49 -19 -25 -27 -7 -19 -11 30 41 4 -19 39 50 -15 17 15 -21 26 -49 -14 -21 -18 -41 22 17 -10 -28 -45 -18 7 5 49 -2 30 43 -30 27 12 26 -5 29 27 -34 -20 -4 -24 -43 -28 -19 4 25 18 -41 ; 
1 86 57 49 5 49 65 77 25 86 81 26 37 69 56 19 24 56 64 79 27 70 9 15 39 5 61 80 65 11 83 61 75 35 70 72 12 72 75 68 66 46 9 73 90 51 79 54 54 64 39 10 19 94 10 28 18 92 18 53 75 69 83 99 8 30 48 38 8 31 91 25 34 58 43 72 39 99 52 34 1 28 54 38 12 28 18 10 51 60 52 87 43 86 44 51 99 72 16 7 85 5 85 15 82 18 11 75 89 67 25 5 63 76 81 84 83 45 23 63 26 23 9 57 69 85 75 20 64 51 68 21 22 76 14 2 6 93 5 90 66 28 7 56 77 53 26 74 35 44 51 48 76 100 45 65 92 14 15 93 52 58 98 28 24 17 89 90 6 89 43 43 99 90 9 66 67 54 53 29 15 38 10 19 86 88 39 52 42 24 27 61 54 80 64 22 82 37 65 91 42 60 16 78 90 6 27 91 88 9 87 15 38 3 57 79 13 31 80 5 81 88 53 91 92 46 84 74 93 43 86 18 79 40 95 23 10 93 70 84 84 5 66 68 13 46 9 42 52 40 64 34 45 66 77 96 27 83 62 78 49 43 15 1 91 7 57 96 43 42 100 65 8 30 24 64 60 95 93 67 38 24 69 88 64 40 72 46 98 34 78 59 90 26 21 33 7 10 15 57 14 29 2 62 8 82 73 66 77 69 91 46 29 69 63 94 72 94 57 5 83 9 85 73 87 64 42 49 68 39 55 58 79 3 95 67 30 40 42 68 70 67 84 16 84 27 97 50 64 49 2 70 69 30 32 9 32 20 98 66 7 99 41 68 97 33 69 18 99 77 76 12 65 46 23 10 27 40 87 93 96 3 49 82 18 82 9 74 3 75 6 95 2 74 15 10 81 19 87 73 94 63 100 91 33 27 21 64 15 88 35 74 61 40 47 24 59 1 12 11 10 91 5 8 13 20 30 98 53 25 56 99 89 17 47 2 34 3 36 74 37 49 55 54 63 46 68 34 93 46 82 7 75 68 18 85 42 100 86 48 59 94 95 72 39 85 53 8 13 83 100 9 64 16 3 61 76 91 75 82 99 70 30 52 1 98 92 67 34 9 60 75 68 14 83 11 16 18 81 78 17 ; 
L -18 16 -21 -5 28 5 50 -1 -35 -43 40 21 -46 -6 -17 15 -50 -39 19 -4 46 14 -27 4 45 -17 -65 -3 16 16 -16 -14 -10 -12 -4 -37 -46 22 -17 -8 -8 -16 -38 -14 34 16 -43 -4 17 -7 -48 -20 10 -8 -74 -41 50 27 57 -22 -39 22 -11 -23 1 -76 -19 22 26 10 22 -40 14 25 19 -13 -32 32 16 -28 43 4 14 50 25 -31 -21 -64 3 -17 4 37 -18 42 22 41 -46 -22 45 32 -35 -16 -60 -62 33 -8 -24 39 2 44 8 20 -46 7 -4 80 6 -41 -49 -18 -12 16 -20 -17 10 4 12 -47 30 41 -7 -16 -47 -8 -19 -9 -5 -9 34 31 -16 35 -34 48 -23 -21 26 39 84 -35 17 44 68 18 -31 -26 -16 -20 6 -24 -8 50 43 -24 -35 50 43 26 82 -36 -28 -12 27 -34 -20 -23 6 -7 -1 -38 -20 -23 -28 -10 83 -42 35 53 -50 41 -6 -33 -3 -15 -10 6 15 -8 49 -31 -38 -17 44 15 22 59 15 49 29 3 -32 4 -28 23 10 45 49 21 -10 -19 -13 29 5 -29 -36 5 34 1 -11 -41 26 29 19 43 -42 38 -2 -43 -35 -45 -54 -51 50 -47 7 15 11 -10 48 -29 6 -41 -31 4 -31 -6 -23 -22 40 19 -11 43 -32 -29 34 -3 39 23 38 48 2 29 41 38 -29 -21 -7 -7 -15 -25 -23 -50 -26 4 27 -26 -44 47 49 -19 -25 41 16 -50 -30 -20 -42 22 -2 1 -29 -41 -17 -38 -47 7 -28 38 -27 -39 42 -9 -25 -31 -3 25 -49 -14 -21 -18 35 -31 1 -63 22 17 -10 -28 66 -45 -18 7 5 72 -31 -35 37 39 -6 -32 11 5 -78 -52 -37 -2 45 1 33 41 -33 34 6 11 -44 19 70 -36 49 29 -25 -44 25 5 -50 -26 1 10 35 -45 40 13 32 -4 -29 -41 -30 15 -35 -38 14 -41 -20 -1 49 -32 -49 18 -21 -20 21 -36 -31 -56 -30 34 58 26 75 -5 29 24 -27 -69 42 -26 -36 18 38 -37 36 22 -22 12 -17 -41 -30 11 19 -55 7 27 -21 -1 -61 24 23 67 -8 9 -18 9 19 -42 -24 -26 20 49 -13 -29 3 -22 -30 46 48 47 -10 -22 -40 -33 -7 25 -7 -21 -85 8 -6 1 -81 8 -77 -33 15 -36 -22 15 5 73 -47 -79 -71 48 -14 -21 -16 15 26 30 30 -30 2 -49 -21 9 -4 12 34 27 49 -5 -36 -19 2 -48 38 6 50 4 18 -41 ; 
1:1 30:118 2:8 20:78 26:104 31:123 10:40 35:137 27:105 15:59 28:110 23:89 8:30 24:96 16:64 38:150 24:94 20:76 35:137 40:160 15:59 16:64 26:102 36:140 28:110 10:38 25:99 26:102 27:107 38:148 38:152 24:96 26:102 10:38 12:48 4:12 26:104 40:160 17:67 18:68 18:72 14:54 26:102 2:4 17:67 4:14 19:73 6:20 28:108 27:105 2:8 34:134 32:124 11:43 23:91 22:86 25:97 12:48 9:33 36:144 17:67 20:80 17:67 37:145 26:104 13:51 27:107 33:131 9:35 26:102 32:128 22:86 30:120 19:75 18:70 21:81 40:156 26:102 6:24 36:140 28:112 18:68 7:25 6:20 4:12 2:8 37:145 7:27 36:144 4:12 26:102 37:147 27:105 19:75 1:1 12:44 8:28 22:84 12:44 1:1 14:54 9:33 5:17 32:126 39:155 36:144 7:27 29:115 7:25 3:11 24:96 16:60 44:176 26:104 34:134 37:147 25:97 23:91 39:153 28:112 33:129 34:134 34:132 24:96 24:94 10:36 4:14 23:91 28:110 34:136 30:120 8:32 26:102 21:81 28:108 9:33 9:35 29:113 5:19 14:56 16:60 4:14 51:201 35:139 26:102 26:102 16:62 26:102 40:158 23:91 40:156 14:54 38:148 38:152 24:94 36:144 24:94 16:62 11:43 18:68 18:68 40:158 36:144 4:12 14:52 3:11 4:16 6:24 38:148 29:115 6:22 5:17 10:40 4:14 24:96 32:126 26:102 32:126 11:43 28:112 4:14 6:24 16:62 2:8 27:107 28:112 32:128 15:57 35:139 8:32 25:97 30:120 14:56 28:112 29:115 5:19 29:115 30:120 24:94 30:118 25:97 16:64 19:75 14:56 4:14 19:73 18:68 2:4 8:32 12:48 4:12 40:158 36:144 7:27 38:150 14:56 38:148 34:134 19:73 37:147 37:145 43:169 33:129 2:8 32:128 13:49 32:124 23:91 2:4 2:6 35:139 4:14 31:121 11:43 13:49 4:12 16:60 43:169 37:145 11:43 2:4 24:92 40:160 21:83 11:41 30:118 18:72 18:70 10:38 17:67 21:83 16:62 36:140 35:137 8:30 4:16 16:60 6:24 23:89 8:28 33:131 20:78 2:4 39:153 24:96 18:68 35:139 21:83 24:96 21:81 4:16 8:28 12:44 5:19 28:110 36:142 2:6 1:3 14:54 15:57 30:118 15:59 20:78 22:88 22:86 26:100 19:73 28:108 14:54 38:148 19:73 39:155 10:40 28:110 30:120 22:84 7:25 11:43 35:137 8:28 32:126 16:64 38:152 6:24 38:148 28:112 8:28 12:44 32:126 21:81 36:144 30:116 4:14 19:73 27:105 13:49 34:134 22:84 4:12 6:20 44:174 14:54 10:40 38:152 46:184 4:14 26:102 7:25 6:20 20:78 25:97 31:121 37:145 21:81 20:78 1:1 26:102 10:38 7:27 10:36 5:17 30:118 26:100 7:27 5:17 11:43 18:68 20:78 32:124 25:99 34:132 11:43 39:153 31:123 29:115 26:100 4:12 38:152 2:8 34:136 6:24 33:131 8:28 5:17 30:120 36:142 27:107 23:89 24:96 38:148 2:8 36:144 27:105 12:44 3:11 23:89 31:123 12:44 34:134 27:107 28:112 32:124 16:64 11:43 4:16 10:36 19:73 26:104 5:19 31:121 2:4 7:25 14:52 36:142 14:52 28:108 42:164 39:153 46:184 10:36 27:107 4:16 16:62 20:76 3:11 40:156 24:92 21:83 38:148 6:24 6:22 37:147 26:102 40:160 25:97 40:158 34:136 8:28 28:108 30:120 12:44 3:11 17:65 22:86 6:24 23:89 18:70 1:3 16:62 26:102 20:78 1:3 28:112 28:110 41:163 35:139 7:25 32:124 34:136 27:105 32:126 24:92 22:88 16:62 28:108 20:78 26:100 16:62 29:115 17:65 6:22 7:27 28:110 12:46 2:8 27:107 37:145 28:110 19:75 14:52 31:121 9:35 30:116 33:131 4:12 25:99 1:3 14:52 18:68 30:118 32:124 2:6 3:11 27:105 40:156 8:32 13:51 4:14 14:56 20:76 40:158 33:131 30:118 10:40 22:84 40:156 12:48 23:89 14:54 58:228 4:12 8:30 11:41 26:100 1:3 38:152 3:9 10:40 22:84 32:124 7:27 ; 
L -25 12 -5 2 36 29 16 10 -11 39 -31 8 30 -49 -42 4 -5 -28 -42 -23 -35 -47 -36 -38 -16 -27 30 -34 13 49 -27 37 36 26 -50 13 -5 -50 40 25 -18 -22 -16 -43 -35 24 -4 -45 30 42 15 3 -32 31 -2 -18 8 -17 25 27 2 40 -37 -46 17 -30 43 -5 -1 -18 17 49 -2 8 -26 -33 -39 -29 23 41 -2 -5 -50 23 -12 12 -8 37 2 44 -12 -50 49 26 7 -36 -33 -13 -7 28 -16 29 36 10 -3 33 -30 -16 35 2 30 13 -38 34 -15 -11 16 1 19 -20 18 33 -43 1 28 7 37 -21 49 -30 46 -31 23 9 42 37 -34 3 16 1 -23 -19 -25 29 -6 -37 -31 -1 -36 16 29 -47 15 24 27 42 -30 39 28 -50 14 34 16 -41 -1 -21 49 -25 40 -36 42 15 47 -18 37 -43 -36 11 17 43 -9 -40 -33 -12 31 -4 19 -8 9 44 -18 -36 37 3 37 -29 -15 -29 43 -11 -15 -6 48 23 -38 12 -27 39 -7 -7 21 -13 34 21 -6 1 13 25 -29 43 -5 29 -41 47 3 3 -22 -50 32 -2 -40 11 8 17 -12 38 -25 42 6 -37 21 27 -21 22 38 43 50 -39 27 44 -11 -14 44 -23 22 -3 -43 -14 -9 16 -39 13 31 -24 -25 -21 16 24 -34 33 5 31 38 26 30 46 -26 -44 17 -16 -26 34 -1 -1 -12 -33 -24 18 -9 35 -9 -27 34 44 -8 30 24 -26 -30 -22 30 -45 20 46 40 19 -6 3 -32 5 -4 -41 -23 -47 19 -43 18 40 2 20 -34 -40 49 26 -12 5 -7 49 -35 9 29 -41 -31 15 15 43 34 48 8 8 -23 29 24 -6 14 -37 -32 -37 33 -13 1 36 13 21 -38 44 -21 -6 -16 -33 45 -12 -16 -47 -8 8 9 39 -6 -38 30 -7 25 37 26 50 -19 9 38 15 -14 -15 7 29 -16 -39 27 50 29 45 -20 -24 10 15 -31 24 -25 -7 -2 -44 17 -33 -40 -29 -3 -17 -22 -40 -43 -3 -41 35 -45 20 7 -15 -14 36 9 -40 -44 2 -42 33 10 -12 -10 -2 -24 -48 -35 -4 -14 -35 -37 -42 -26 -22 5 -15 50 30 -36 35 44 -23 7 -7 13 28 -27 18 33 -26 25 19 -11 35 35 -44 -20 -23 -20 -6 -2 -41 25 49 15 -27 -25 27 37 44 29 -45 -23 -12 42 25 6 27 4 -31 22 20 47 -1 50 2 -10 -37 -2 4 24 41 -26 30 12 -8 ; 
46 46 78 58 85 100 44 52 90 18 43 92 90 19 67 48 43 14 90 19 15 37 86 19 17 98 23 20 53 76 91 34 23 33 85 8 1 11 2 59 11 41 37 45 29 51 33 54 77 37 41 100 38 57 73 100 25 87 19 84 74 33 17 36 90 52 57 48 99 61 15 52 87 2 67 85 100 52 31 95 28 79 71 19 41 20 29 41 30 34 20 92 32 52 52 46 75 97 81 16 9 78 21 90 65 89 13 41 17 68 50 95 73 93 91 37 70 14 28 22 36 65 50 89 29 27 54 2 65 1 63 24 75 63 58 29 40 82 38 15 43 95 8 17 41 47 44 45 63 59 63 87 48 28 30 35 82 25 33 27 98 52 83 70 9 38 7 53 72 54 68 21 45 24 4 90 45 94 24 74 56 84 96 34 95 42 50 81 5 83 73 23 64 7 21 92 57 40 39 80 62 22 43 30 79 63 58 12 23 18 43 88 68 39 13 80 7 93 62 63 78 58 83 48 7 67 29 16 86 43 7 22 62 12 4 92 58 35 58 31 52 40 66 45 51 43 27 28 76 27 6 48 41 43 48 74 90 60 83 93 79 85 43 85 28 4 42 85 56 24 69 10 17 50 2 68 91 41 44 87 49 76 58 38 91 7 12 71 67 77 54 7 32 72 42 89 30 86 97 64 4 81 91 17 35 89 82 27 95 56 66 22 10 60 50 76 56 56 53 42 38 35 70 1 69 15 50 81 24 86 67 54 7 22 94 34 67 88 12 68 3 47 31 57 25 95 38 78 27 37 78 29 2 84 19 96 13 96 5 48 38 62 12 22 94 81 38 60 73 12 54 41 23 98 67 5 93 3 17 15 60 37 32 93 50 69 4 17 3 5 82 44 5 9 13 52 66 25 8 23 79 38 17 75 53 22 74 40 35 12 22 20 61 35 32 40 95 91 69 36 67 56 59 61 20 48 61 27 98 57 6 91 91 9 85 50 20 48 44 35 90 78 62 49 99 100 46 84 51 52 73 91 98 96 15 53 82 48 1 13 88 72 41 41 24 98 22 63 64 7 75 24 43 81 29 50 86 66 78 51 81 65 4 61 36 71 10 16 72 69 29 51 15 63 85 59 16 24 62 56 76 ; 
L 53 50 2 -10 29 39 33 26 -8 2 -49 -17 18 5 -43 30 -17 46 37 -40 12 -10 -33 42 -2 44 -29 -15 -29 43 50 -28 14 34 16 82 -25 -7 -2 -44 17 -33 -40 -3 -17 -22 13 28 -27 18 33 -26 25 19 -11 35 35 -20 -23 -20 -6 -2 26 -46 -30 -26 -38 -31 -5 -33 -24 -16 21 25 24 29 -45 67 -31 -13 40 -25 -43 -33 -24 18 -9 35 -43 -15 50 -36 35 44 -23 7 55 29 15 -24 -30 23 -44 21 27 51 -45 46 40 27 42 -21 22 38 43 50 -39 27 44 -11 -34 13 49 -27 37 36 26 -50 13 57 -5 -50 40 25 4 -5 -71 -9 -8 8 47 16 12 -45 33 16 6 21 32 -3 -15 7 42 15 14 -58 -15 -54 -37 -27 3 37 25 -29 43 -5 29 -41 -30 30 -3 37 -43 66 -36 -30 45 42 6 -37 -30 46 -31 23 9 -14 44 -23 -32 12 -49 40 -20 14 12 1 -34 26 44 -24 -65 -5 -30 29 -16 -39 27 78 50 29 45 -20 -24 10 4 -24 35 16 22 18 63 84 -6 3 -32 13 21 -38 44 31 -2 -18 8 -17 25 74 27 2 75 7 -15 -14 62 52 36 9 -40 -13 -1 6 -34 13 -21 7 7 -39 27 -12 38 -83 -23 -48 6 15 11 -39 30 47 3 3 36 -41 -18 20 -19 -1 -16 11 15 -34 -11 -22 31 -4 -73 -27 -6 -25 12 24 2 -79 -23 -37 -2 4 24 -25 12 -5 2 36 29 16 10 -11 39 -31 8 -33 37 5 -7 49 -35 9 29 -41 -31 15 15 56 43 34 8 8 30 1 -76 31 37 6 -29 25 19 23 -1 -16 -3 34 -37 -42 -30 27 16 -68 38 36 47 35 42 28 5 -4 42 49 -36 16 -7 61 25 -49 21 1 41 31 -15 -38 12 -17 -8 38 -50 49 26 7 -36 -33 -13 -7 28 -16 29 36 10 72 -3 33 -30 -16 35 2 30 -44 -2 8 22 -16 9 -3 -37 -22 81 -50 32 -2 -40 -77 -49 -25 33 69 -43 1 7 37 -21 49 -38 -9 19 -50 -26 -37 -25 7 6 -39 -36 -1 -48 -35 -4 -35 -37 -26 -22 -85 13 -23 29 24 14 -37 -12 12 -23 5 -20 2 -41 10 -20 -35 41 80 19 -41 -47 19 -43 18 40 2 -27 40 -36 42 15 -18 18 -44 -9 8 -19 -70 -31 12 33 40 9 -43 -17 -11 59 -60 26 -41 1 -47 15 64 -39 -9 -27 34 44 -8 12 -8 ; 
6:20 21:81 28:110 34:134 28:112 21:83 40:160 34:136 27:107 1:3 35:139 21:83 6:24 39:153 20:76 23:91 21:83 36:144 15:57 7:27 19:73 20:76 8:32 25:97 24:94 23:89 18:72 23:91 16:64 16:62 35:137 11:43 12:46 21:83 34:132 39:153 26:100 10:40 4:12 10:36 32:126 16:60 7:27 20:80 9:35 30:118 16:60 21:83 30:116 37:145 40:156 39:153 6:24 22:84 33:131 20:76 1:1 30:118 29:115 17:65 17:65 10:38 43:171 37:145 28:108 1:3 20:80 7:27 4:16 28:110 8:30 34:136 17:67 2:6 12:44 35:139 20:80 16:64 27:107 18:68 30:118 24:96 31:123 5:17 5:19 29:113 27:107 31:123 24:92 3:11 36:144 16:64 20:78 40:158 40:160 19:73 21:81 20:80 12:48 22:88 12:48 4:14 34:136 17:65 16:64 34:136 38:148 40:160 14:56 0:0 14:56 3:9 18:72 21:81 18:68 11:43 12:44 31:121 11:43 3:9 12:48 22:84 31:121 37:145 14:54 10:36 14:52 34:136 4:12 34:134 12:44 5:17 1:3 24:94 6:22 27:105 28:108 28:108 16:60 33:129 38:150 9:35 5:19 25:99 16:60 20:76 2:8 39:153 20:76 16:60 32:126 13:51 37:145 17:65 24:92 30:116 4:16 8:28 22:86 18:68 7:27 9:33 43:171 25:99 26:100 32:124 24:92 34:132 8:30 24:96 39:155 2:4 36:144 24:96 9:33 18:70 31:123 15:59 24:92 13:49 18:70 26:100 10:38 30:120 26:100 20:80 17:65 18:68 15:59 15:57 4:16 28:112 10:36 21:81 23:89 22:88 24:92 31:121 13:49 27:107 2:8 37:147 8:30 23:89 20:80 28:110 2:6 21:81 34:132 2:4 2:8 33:131 18:70 2:8 12:48 14:52 21:81 17:67 15:59 17:65 21:81 26:104 32:128 11:43 38:152 6:24 34:134 8:30 39:153 9:35 30:116 40:160 10:40 35:139 8:30 3:9 38:152 30:118 30:116 1:3 16:64 38:152 16:64 10:38 33:131 28:110 15:57 40:160 3:11 32:128 13:49 28:108 36:140 18:68 8:28 10:36 5:19 24:92 26:100 32:124 1:1 12:48 18:68 9:35 25:99 39:153 10:40 47:187 3:11 27:107 15:59 6:24 18:72 15:57 9:35 12:44 6:22 28:112 15:59 37:145 30:118 24:96 15:57 25:97 6:24 14:54 26:104 33:129 11:41 38:150 40:156 34:132 27:105 5:19 6:24 26:100 34:136 33:129 19:73 32:124 24:92 34:136 40:160 18:70 21:83 36:144 8:28 18:68 37:147 3:11 11:43 23:91 20:80 33:129 10:38 35:137 27:107 22:86 3:11 9:35 38:150 6:24 13:51 27:107 10:38 28:108 36:142 16:62 39:155 25:99 18:70 19:75 17:65 7:27 4:12 38:152 18:68 6:24 16:60 33:131 16:64 12:46 19:73 10:36 40:156 10:40 30:116 8:30 35:137 15:59 3:9 36:144 6:22 18:68 20:76 27:107 18:68 24:94 24:96 29:113 28:108 22:84 3:11 16:60 4:14 23:91 6:20 8:32 37:147 2:6 5:19 33:129 22:88 13:51 21:83 21:83 19:73 30:120 39:155 33:129 7:25 4:14 32:124 9:33 36:144 21:83 20:80 36:142 6:20 17:65 7:27 28:108 20:80 6:24 14:54 6:20 15:57 19:75 38:148 44:176 11:43 23:89 14:56 18:72 35:137 18:68 3:11 8:32 32:126 26:100 17:67 26:100 8:30 36:142 13:51 22:86 1:3 26:104 26:102 7:27 2:4 38:148 2:8 27:107 40:156 10:36 20:80 30:116 29:115 12:46 15:59 3:9 37:145 7:27 34:136 4:14 20:76 10:36 26:100 14:54 19:75 13:49 6:24 38:152 17:67 8:32 17:65 6:24 16:64 32:124 12:44 11:43 20:76 24:94 8:32 3:9 36:144 26:100 24:96 20:80 31:121 23:89 23:89 22:84 6:24 38:150 22:86 28:108 9:33 17:67 9:35 30:116 34:132 2:8 33:129 34:136 10:36 38:152 14:54 39:153 34:134 23:89 30:118 10:38 44:172 4:12 18:68 7:25 30:118 7:25 16:64 16:62 10:40 17:67 3:11 13:51 29:115 17:67 76:304 23:89 31:121 ; 
L 31 23 30 42 23 3 28 -27 -18 -36 32 -15 -13 50 44 48 21 27 18 -31 -35 17 -20 10 -29 16 -33 -37 -46 -27 27 34 -38 -19 24 41 -36 43 -23 -18 48 47 27 -18 1 14 31 1 5 -19 44 -17 36 12 -12 32 -8 32 21 -16 35 32 -20 -9 -26 -14 34 -29 -29 -35 -18 28 48 12 34 36 -32 -5 1 -7 -46 -44 -39 -42 3 -28 7 10 2 31 16 42 -4 -1 -13 -33 28 -20 46 -29 30 -8 6 44 34 35 15 -18 -2 36 -8 35 -6 20 -44 35 -39 -6 -30 33 -49 4 48 -48 22 43 31 34 -5 -49 45 23 -8 -36 -28 3 -13 -7 28 -39 38 48 -21 -4 19 -43 11 25 -21 -46 47 -3 -20 23 -14 -6 -6 -4 48 -23 -10 -5 -28 17 13 -22 -45 -16 34 41 -13 11 -36 42 -45 3 -30 1 11 -3 -43 -41 -30 -14 1 -1 12 -15 -22 50 6 10 43 -26 -14 19 -34 31 -27 15 49 35 -3 -37 -1 28 -21 22 50 38 17 15 16 -33 -24 -4 -24 -36 -1 32 43 -42 27 -22 9 40 10 -42 -24 8 -37 26 17 -7 -10 -22 25 -42 37 -16 -45 -32 29 42 40 47 -15 22 24 15 -16 -42 -22 -5 16 -21 -1 -47 36 -45 7 9 -10 -40 40 13 -41 42 35 45 -19 -45 -11 16 -48 -24 -26 -5 -1 -9 18 -7 -20 14 8 40 -14 -48 18 33 34 -23 -41 -44 50 21 -6 32 -40 -45 -10 -32 42 22 -2 -23 -9 26 18 41 12 43 -42 20 10 43 1 5 13 -26 -45 1 -7 26 -47 -40 -27 -28 -45 -12 28 -27 45 29 35 -11 45 -10 21 -3 38 50 -31 -43 -48 -27 47 -38 40 13 -9 -28 32 -3 48 7 -26 -39 -28 -36 -13 -38 23 -50 6 16 -21 48 22 26 -16 29 14 -40 34 -11 19 43 5 41 -23 48 47 -49 29 3 -38 -11 -18 1 -26 -40 -8 -24 14 37 27 48 50 42 -34 45 -18 6 -7 -20 -40 21 -23 49 41 -45 19 42 -41 -45 -31 -14 23 -8 -46 14 6 -18 -39 42 -39 7 -6 5 -2 -34 -15 -36 -7 -28 9 -21 26 31 25 -40 13 -7 32 -27 -39 -28 26 -47 -24 22 18 -36 -12 -33 -48 -30 30 -30 -44 39 48 -47 41 38 6 4 43 -45 -25 13 -4 16 -37 -9 31 15 2 -7 -13 34 12 -3 18 -33 49 -38 2 -32 23 -37 -28 22 -40 48 40 10 21 2 ; 
65 86 38 45 18 58 9 82 48 11 29 55 44 24 91 57 84 40 28 86 34 92 5 37 98 96 41 18 10 75 46 6 2 4 89 13 26 36 98 27 45 15 60 47 63 74 55 18 63 8 16 71 58 11 66 64 2 25 42 38 43 93 50 56 8 40 98 22 20 40 40 42 1 50 9 37 23 2 13 65 48 16 41 6 97 57 57 59 7 31 39 49 30 86 84 29 15 10 68 90 8 79 14 93 75 52 28 21 21 62 81 70 4 56 78 82 16 82 99 16 40 98 37 15 76 16 32 48 27 64 25 78 39 37 90 91 13 99 64 84 50 36 26 7 22 96 40 16 67 19 98 64 86 12 87 40 37 87 35 75 60 46 97 36 13 89 75 65 12 30 69 4 24 63 21 87 82 39 63 2 85 32 46 4 96 9 58 98 69 39 82 100 71 31 52 50 54 56 34 47 83 11 66 19 1 75 48 61 87 54 70 6 70 92 58 48 8 73 2 96 93 42 30 30 7 45 81 2 6 57 82 20 37 87 80 69 6 62 5 59 39 47 7 39 62 28 50 40 87 57 2 34 65 50 19 24 44 96 40 24 62 58 14 88 41 58 75 71 57 71 36 35 68 4 78 33 67 41 52 25 9 88 76 99 45 97 99 68 35 99 14 34 81 19 6 60 52 91 38 10 38 72 79 52 81 30 49 48 97 42 76 55 58 57 24 25 25 71 55 8 13 65 2 51 90 1 29 80 25 27 8 62 49 55 16 68 41 57 32 34 36 36 93 88 15 48 17 78 46 35 16 30 83 29 53 67 9 83 14 60 55 25 61 93 75 67 66 38 19 66 30 42 82 2 66 61 73 69 66 33 55 78 41 73 83 26 94 17 39 2 33 35 64 15 69 5 60 66 30 82 5 9 44 72 65 95 79 74 99 84 62 72 11 55 2 88 49 12 91 1 16 22 42 12 31 14 17 98 93 48 30 60 68 7 98 50 5 92 50 97 86 70 80 88 80 85 87 51 97 77 88 52 28 30 62 18 40 77 40 74 42 44 64 52 65 45 100 11 42 4 42 1 10 96 24 31 76 80 73 61 74 27 27 11 37 35 76 53 62 27 57 44 27 30 98 50 67 27 17 34 92 ; 
L 23 30 42 23 3 28 -27 -18 -36 32 -10 -22 -41 40 -11 -18 -24 -5 -1 -31 -14 -1 18 -72 -27 3 -11 -1 30 -3 -80 45 -77 -42 36 -11 35 -11 45 -10 47 -26 -40 21 49 41 19 37 3 -54 -35 -49 -15 27 -31 34 -19 31 15 2 -6 63 -30 33 -49 4 48 -48 22 43 31 34 -49 32 45 16 -37 42 -25 22 10 7 -17 20 3 -47 -85 29 3 46 21 -25 -11 -62 21 -28 1 42 -50 -43 38 17 51 21 -3 38 50 -31 -43 70 -27 47 -38 40 13 8 11 -34 40 -14 -29 -59 16 -26 -22 -48 21 -16 -38 39 -28 -36 -1 32 -42 27 -22 20 -28 33 13 1 4 -58 -42 24 15 -16 -22 -5 16 -48 -13 -7 -67 12 -46 6 -18 -39 42 81 45 28 -82 27 47 -26 7 -1 45 26 -13 15 16 -33 -40 -8 -14 20 7 -18 9 5 26 24 48 -16 11 45 19 -35 41 -13 -40 -55 40 -9 34 73 15 36 35 74 9 37 -16 4 -13 25 45 -43 -4 -6 -38 15 37 48 50 42 45 -18 6 -7 -20 27 -32 -44 35 -39 37 -23 32 24 4 24 -2 22 18 -36 -9 -19 44 -28 32 -3 48 7 -26 -39 -36 57 -13 -38 -25 -26 21 -9 28 7 36 -41 47 -48 -39 44 42 39 20 5 32 29 -46 68 9 40 10 -42 -24 8 -37 26 69 -15 79 50 44 48 21 27 18 -35 17 -20 10 -29 16 -33 -37 -46 -27 -20 42 -43 -12 -41 -18 -26 9 23 2 -22 45 -6 84 32 -45 -10 -32 -12 28 -27 45 29 -23 48 47 -49 -38 -33 -48 30 83 -42 -39 -6 5 -2 -34 -14 24 -71 8 40 26 -1 -5 -1 -43 -10 27 -38 -19 24 41 -36 43 -23 -18 48 47 23 -35 16 -21 -32 -66 8 -48 18 33 34 -23 -41 -44 50 21 23 -8 -36 -28 3 -30 -14 1 78 -1 12 -15 -22 50 6 43 -26 -14 -34 -12 -21 -1 -47 65 36 -45 7 -44 -6 -12 32 -36 17 38 -49 33 3 7 -1 7 -13 40 40 -22 28 -7 56 -13 34 12 60 -20 -9 -26 -14 75 34 -29 -29 52 -35 -18 28 53 41 43 -19 4 21 -48 -6 50 42 44 -32 -14 -6 -6 -4 48 -23 -10 -5 -28 17 13 -22 -45 -16 34 41 -13 -41 -5 -43 15 -47 -40 6 36 30 -76 -7 -61 28 -3 30 -23 -45 64 -31 -14 23 19 22 -16 -31 -2 -10 -8 -12 21 2 ; 
43:171 16:60 18:72 8:28 24:92 4:14 33:131 20:76 5:17 12:46 10:38 22:84 17:65 25:99 4:16 16:62 18:70 6:20 26:100 8:28 22:88 30:118 26:100 26:104 23:89 17:67 1:3 26:100 16:62 33:131 21:81 36:142 18:70 23:91 26:100 10:38 3:11 28:108 17:65 23:91 24:96 31:123 50:200 30:118 8:28 25:99 7:25 16:62 8:30 24:96 4:16 5:17 34:132 19:75 14:54 23:89 22:86 22:86 32:128 30:116 41:163 30:120 12:48 7:25 16:64 40:156 15:59 6:24 31:121 7:25 13:51 20:76 30:118 6:24 19:75 16:62 24:94 2:8 25:99 3:9 28:110 32:128 35:139 17:65 35:137 26:102 39:153 7:27 11:41 42:168 8:30 27:107 7:25 32:128 20:80 20:76 30:120 7:27 5:17 48:188 37:147 28:112 9:35 20:78 14:54 15:57 15:57 38:148 36:140 30:118 38:152 7:27 32:124 19:73 14:56 6:22 14:56 25:97 27:105 1:3 33:131 10:36 12:46 12:48 27:105 8:30 16:60 27:105 22:84 20:80 34:134 18:68 1:3 39:153 12:44 12:48 12:48 15:57 4:16 6:24 12:46 34:134 35:137 6:24 19:75 16:62 23:91 1:3 4:12 20:80 8:30 16:60 5:19 40:158 17:65 15:57 13:49 12:46 5:19 13:49 6:22 32:126 10:36 10:40 20:80 27:105 1:1 36:144 21:81 1:3 26:104 6:20 4:12 10:36 28:112 37:147 26:104 39:155 18:72 40:158 31:121 36:140 4:14 6:24 17:65 27:107 14:52 32:124 2:6 28:108 14:56 25:99 17:67 30:120 24:92 34:134 26:104 18:68 13:51 6:22 36:142 25:97 40:160 40:156 22:84 13:49 10:38 39:153 4:16 1:1 17:67 2:6 17:67 5:17 40:160 15:57 6:20 37:145 12:48 33:131 1:3 18:70 29:115 26:104 38:152 34:132 34:136 33:131 33:131 7:25 9:33 18:70 23:91 30:118 4:12 20:76 10:40 34:132 12:44 12:48 20:78 13:49 7:25 32:126 34:132 12:46 22:84 27:107 4:14 34:132 9:35 27:105 11:43 10:40 13:51 40:156 20:80 37:147 2:8 20:80 40:156 7:25 26:104 21:83 26:102 18:70 27:105 3:9 32:124 32:126 1:3 4:12 36:144 45:179 28:112 18:72 33:129 1:3 3:9 23:91 33:131 8:32 12:46 39:155 28:110 26:102 37:145 23:91 34:134 16:64 12:44 31:123 37:147 2:8 15:59 40:156 39:153 17:65 8:28 4:16 30:120 18:70 23:91 24:92 22:88 31:121 17:67 39:155 20:76 20:78 12:48 33:129 18:70 47:185 40:158 40:156 5:19 16:60 29:115 23:91 4:12 25:99 20:78 22:88 18:68 32:124 17:65 30:116 36:144 6:24 16:64 34:134 8:32 41:163 46:182 36:144 20:76 12:48 24:96 24:96 28:110 32:126 10:38 26:102 14:56 14:52 23:91 29:113 10:40 10:40 11:41 1:3 2:6 36:142 6:20 11:41 15:57 40:156 11:43 18:72 6:24 22:84 34:136 18:68 16:60 17:67 6:20 34:136 30:116 14:56 40:158 6:22 14:54 33:129 8:30 3:9 24:96 6:22 16:62 15:59 36:144 37:145 11:41 2:6 39:153 27:105 24:92 24:92 40:156 28:110 16:62 33:131 34:134 13:49 21:83 24:94 4:14 15:57 18:70 39:153 37:145 32:126 10:38 25:99 41:161 38:148 17:65 21:83 6:20 24:92 7:27 22:84 31:121 22:88 5:19 26:104 4:16 36:140 32:128 31:123 40:156 12:48 19:75 9:33 22:88 11:43 11:43 12:48 40:158 23:89 4:12 16:64 40:156 18:68 9:35 8:32 5:17 27:107 16:64 17:67 37:145 44:174 13:51 40:160 9:35 3:11 11:41 20:80 30:120 33:129 13:49 14:52 38:152 16:64 15:59 35:139 14:56 30:120 24:96 19:73 39:155 15:57 6:20 36:142 30:120 26:104 5:19 12:48 28:110 10:40 14:52 27:105 21:83 20:80 12:44 20:80 27:105 10:36 11:41 15:57 4:14 20:76 23:91 30:116 2:6 48:188 28:112 39:153 5:19 37:145 16:62 23:91 39:155 16:62 13:49 3:11 46:182 16:62 17:67 14:54 37:147 ; 
L -43 -1 35 7 4 -13 -6 -1 37 3 31 47 28 -6 -25 -7 29 -2 -24 -2 28 -48 20 49 -42 -38 -3 -16 49 27 -4 -19 -29 -14 35 -2 18 45 12 -15 -2 -32 -9 -33 -45 31 29 13 6 18 26 -18 -41 -3 -6 42 -44 -16 9 -41 31 -34 -40 -2 -20 -35 11 49 -23 -27 21 18 20 -10 22 20 37 47 48 -46 -4 -27 -27 42 -4 50 -3 30 -33 17 -50 -32 -40 -24 -18 2 6 26 26 -33 -14 -8 -47 -32 29 15 -34 -25 6 -40 7 -41 -22 -27 -6 15 15 48 24 29 49 -37 -28 -41 34 40 -47 13 33 -46 -12 -22 -47 46 38 -30 5 -42 39 32 -42 11 45 10 -47 9 14 16 -6 -40 -43 5 -46 -44 -47 25 -14 -1 42 -4 -42 45 6 31 -20 24 42 13 36 -11 33 -12 -30 -15 7 -26 1 26 17 26 38 -25 -35 17 -23 -33 -46 31 -41 24 -16 -32 -36 -38 2 28 -31 17 -10 -26 44 49 17 43 -44 -10 -10 40 -28 22 -21 -19 -11 5 22 -7 -6 33 1 -4 -29 39 -30 -36 -30 -36 -21 3 -44 -8 29 -41 -42 11 9 -28 44 -18 -37 -14 -46 -45 -32 -13 -20 5 33 1 -37 33 35 -45 38 -33 -9 19 -35 15 -50 3 32 -34 -4 -35 -16 -50 -26 -49 -17 -17 -39 -2 22 22 -22 -27 41 -16 -8 25 1 -13 35 39 2 -22 32 -17 -30 2 -19 7 -50 -6 -8 26 -13 38 16 -22 -31 -8 46 -19 -3 -8 -26 9 -38 -20 26 -33 12 1 24 20 -14 47 18 -7 26 -47 -23 -13 1 26 -50 45 -24 6 13 16 -38 -30 -27 -40 7 3 -49 -8 -48 -29 -41 40 24 24 -36 -41 -39 -3 -49 50 15 -43 -45 -39 -12 34 -44 -32 29 19 19 -1 9 -35 44 7 37 -4 -39 -35 16 -44 -18 -30 -5 -1 50 -13 34 -31 -17 2 8 -5 -46 36 44 -43 35 -20 -26 14 37 39 12 30 -7 -19 25 2 30 -1 -42 -46 10 50 34 -50 -29 -13 -5 13 -2 -6 -44 28 46 42 37 6 -24 21 -28 -40 -45 37 2 31 -9 40 8 -36 -25 1 -14 -32 -49 -18 8 -35 -21 -50 9 -50 -13 27 46 16 3 16 -21 9 -24 38 -2 -35 12 46 -33 5 -6 49 -22 10 -23 49 -47 26 10 3 18 -42 44 47 18 17 -43 -39 -43 39 -45 38 -13 1 31 -45 32 21 48 40 -43 -18 -27 50 -13 -9 -21 -9 ; 
94 10 58 41 8 90 67 90 58 3 48 76 24 35 66 63 82 58 100 64 93 61 33 22 64 99 32 4 30 86 88 92 60 80 49 30 12 61 16 2 1 88 73 54 100 63 35 30 80 92 37 34 48 43 95 49 40 6 93 9 76 33 75 4 13 22 97 51 67 11 94 80 32 65 95 77 93 83 17 10 4 53 83 16 53 68 76 16 56 60 10 38 18 49 19 32 9 46 80 74 76 84 63 94 18 28 14 94 78 33 27 81 94 95 88 26 75 48 64 89 18 51 20 97 88 87 94 45 17 56 94 81 65 56 6 20 22 13 60 98 93 27 92 39 47 77 15 4 77 58 18 55 83 20 5 36 84 30 70 87 91 95 11 76 29 57 1 93 86 10 23 50 36 95 38 5 47 76 33 29 100 29 17 96 71 22 43 64 50 24 28 67 67 9 96 44 13 56 96 98 38 77 79 72 41 52 19 9 76 27 46 35 81 54 71 20 100 18 17 20 24 23 12 61 74 84 80 90 81 55 54 60 42 87 27 91 76 25 57 7 40 1 63 62 76 52 11 60 88 14 99 4 98 97 11 47 96 92 19 12 17 71 79 54 7 14 22 21 34 13 33 25 71 95 63 15 16 87 69 10 36 63 99 96 91 95 92 70 86 75 30 44 99 27 49 68 45 50 10 14 47 28 24 62 63 3 72 59 3 40 3 43 85 90 32 15 80 97 86 29 15 76 49 98 60 6 83 30 1 39 23 15 86 59 88 63 92 64 10 84 15 74 51 82 82 89 13 55 20 92 16 91 38 9 55 38 22 40 48 39 64 99 49 99 9 34 49 44 94 34 43 70 49 64 91 21 38 90 73 2 56 11 36 51 32 11 77 72 60 50 5 27 13 46 3 37 2 51 87 24 99 43 91 89 42 74 42 11 4 50 65 73 88 31 82 71 97 65 32 77 66 64 46 39 44 81 86 20 36 49 90 29 83 51 75 7 6 15 73 98 57 25 66 77 19 23 62 63 3 14 74 49 31 51 30 29 32 18 58 79 76 63 52 56 76 66 1 18 69 81 23 8 61 67 19 65 40 58 79 39 23 99 76 85 45 53 32 40 98 20 94 3 12 57 29 25 41 89 57 72 46 ; 
L -43 35 33 -55 -38 45 -35 49 -3 -7 40 27 30 38 -16 -13 -75 -15 -19 -34 -4 -35 -16 -50 -26 -49 -17 -17 -39 57 -2 22 22 -46 -27 -27 42 -4 50 -3 30 -33 17 -50 -32 -24 61 -18 2 6 33 23 -17 35 25 -73 -38 -46 13 50 -9 50 -31 79 17 -10 -26 44 49 17 43 49 -22 -11 33 -9 1 -19 -19 -29 59 -47 -32 29 15 -34 6 -40 7 -41 8 -26 -17 -26 -1 26 3 16 -24 38 -2 -35 12 -2 38 36 32 16 -24 41 77 26 -13 38 44 -3 21 36 30 36 30 -39 29 4 -34 12 39 45 40 39 -45 38 -33 37 -50 5 13 29 50 -83 46 5 -8 -2 31 -71 -31 -3 -37 1 13 -4 -7 -47 25 -14 -1 42 -4 -42 45 6 31 43 40 6 -16 -6 24 -45 32 2 15 -45 -18 2 39 41 36 -24 -40 41 29 48 -22 -27 -6 15 15 48 24 46 46 26 26 10 3 18 -42 44 47 18 -1 25 36 -8 -40 -2 -20 -35 32 48 40 -43 -24 -1 -12 33 -26 20 -34 -50 46 42 1 -2 3 19 39 4 -37 -7 -44 35 -12 -30 -15 80 7 -16 -2 30 -32 -78 22 -52 -2 -56 -39 -85 -35 13 -1 -25 -47 13 33 49 -23 -27 21 18 20 -10 22 20 37 48 5 -18 -41 -3 84 -6 74 42 -44 -16 9 -41 31 -34 68 43 39 43 -17 -37 -14 26 -32 -49 -18 20 -35 43 19 -5 33 -8 29 -47 14 -20 -18 -41 -42 65 11 9 -28 44 -18 -37 -14 -46 -32 -20 5 33 1 -30 -5 50 -13 34 -42 60 -38 -3 -16 49 27 -4 -19 -29 -14 -3 50 -14 10 -47 9 -45 -82 -11 -32 -39 42 -28 2 24 2 -29 -67 7 -58 -34 41 28 45 -31 -1 -81 13 37 -49 -29 -12 -22 69 -9 9 -32 -3 -49 50 15 -43 -38 36 44 53 7 -50 -6 23 47 -26 7 -18 -27 70 -44 -32 9 5 -46 -44 -47 46 -30 -22 -27 41 -16 -8 25 6 -28 10 10 44 6 -13 1 26 -50 -9 -2 -6 -44 46 16 -22 -31 -8 46 16 66 -44 -18 -13 54 -9 62 -45 31 29 13 6 26 -33 -8 26 8 -25 19 7 -30 -12 -39 -72 -14 8 -35 -21 -28 28 51 46 42 76 64 37 6 -24 21 -28 -40 -45 37 2 31 -9 -20 63 24 42 13 36 10 -23 49 -47 20 49 40 -28 22 -21 -19 -11 5 22 -7 -6 33 -21 -9 ; 
38:150 6:20 23:91 40:156 20:78 40:156 2:6 35:139 4:16 26:102 37:147 26:100 36:140 24:94 35:137 6:24 12:48 3:11 30:118 23:89 32:126 22:86 3:11 6:22 9:35 9:33 14:54 6:20 14:52 25:97 22:84 29:113 38:152 14:56 16:64 34:132 7:25 22:84 28:108 31:121 7:25 23:89 24:96 4:16 16:60 6:24 12:46 28:112 13:51 4:14 26:100 9:35 29:113 39:153 7:27 2:8 34:132 12:46 5:19 25:99 10:36 8:30 22:84 16:64 28:110 39:153 40:156 16:60 31:123 32:126 29:115 16:64 31:121 28:112 10:36 27:105 4:14 40:158 20:78 40:158 28:108 9:35 38:150 8:28 12:44 6:22 49:195 14:52 11:43 33:129 57:225 39:153 12:46 14:52 31:121 19:75 15:57 20:78 12:46 12:46 13:51 8:28 24:92 30:116 39:153 4:14 27:107 27:107 12:44 10:38 15:59 12:46 18:72 20:80 15:59 33:129 36:144 32:128 34:134 30:118 25:97 5:19 10:36 10:38 8:32 16:64 9:35 16:60 25:99 46:182 31:121 34:136 7:27 6:22 12:48 19:75 36:140 30:116 26:104 17:67 26:102 31:123 5:17 13:51 13:49 15:57 18:70 20:76 2:4 24:92 40:158 36:144 4:12 7:25 15:57 34:134 12:48 28:112 35:139 37:145 38:152 5:17 31:121 10:38 8:28 24:92 31:123 1:1 16:62 1:1 28:112 36:140 1:1 1:3 25:97 5:19 15:57 8:32 22:88 30:120 33:131 33:131 21:81 30:118 1:1 38:152 36:140 11:41 30:120 20:76 26:102 2:4 22:86 11:41 26:100 10:36 4:12 25:97 27:107 8:30 26:104 16:64 14:56 3:11 30:120 21:81 42:164 2:6 6:20 9:35 26:102 11:43 2:4 5:19 14:56 13:51 36:144 34:136 18:68 2:4 2:8 2:6 21:81 30:118 17:67 63:249 6:20 26:100 33:131 18:68 14:54 38:150 18:70 20:78 8:28 15:57 38:152 33:129 37:147 18:68 19:73 30:120 48:190 30:118 13:51 39:155 10:38 40:158 29:113 31:123 28:110 40:158 26:100 15:57 30:120 18:72 7:27 50:200 27:107 5:17 38:150 32:128 13:51 26:104 38:152 31:123 38:148 7:25 16:62 10:36 20:76 18:68 40:156 32:126 21:81 24:92 16:64 3:9 38:148 4:14 31:121 14:52 32:126 17:65 10:36 16:62 32:126 9:35 2:4 19:73 4:16 30:116 40:156 26:100 11:43 2:8 10:40 32:124 26:100 11:43 22:86 23:91 39:155 32:128 15:59 19:75 17:67 23:89 25:99 11:43 37:145 31:121 10:40 23:91 3:11 16:64 17:65 32:124 21:83 5:17 24:96 32:128 16:60 4:14 1:3 23:89 9:35 26:100 38:150 13:51 2:6 12:48 35:137 36:140 37:147 24:96 32:128 16:60 5:19 8:28 8:30 19:75 31:123 14:56 32:128 37:145 3:11 40:156 24:96 4:12 38:148 26:102 40:160 24:92 31:121 13:51 11:43 39:155 36:140 39:155 20:80 16:64 13:51 20:78 2:8 20:80 21:81 8:28 72:288 33:129 19:73 39:155 19:73 15:59 27:107 7:25 37:145 16:60 4:14 10:38 38:152 24:96 11:43 17:67 40:158 11:43 20:78 20:78 31:121 6:24 12:46 29:113 22:88 22:88 16:62 38:150 6:24 34:132 8:32 22:86 23:89 5:19 9:33 6:24 7:25 35:139 28:110 23:91 27:105 14:56 30:118 8:30 21:83 23:91 18:72 24:96 3:9 34:132 32:124 22:88 29:113 39:155 35:139 31:123 6:22 19:75 12:44 10:38 22:84 16:62 18:68 37:145 16:64 6:24 22:84 11:41 44:174 26:100 14:56 12:48 32:128 6:24 29:113 28:112 11:43 29:115 14:52 40:158 10:38 35:139 21:81 1:3 26:100 8:28 5:19 10:40 27:105 15:59 12:44 28:110 20:76 31:123 26:102 36:142 14:52 26:102 19:73 16:62 18:70 33:129 35:137 8:32 15:57 20:78 36:144 19:73 37:147 27:107 1:1 38:148 35:137 3:9 1:1 8:28 28:110 35:139 9:35 22:86 31:121 11:43 19:73 14:56 33:129 22:86 29:113 8:32 40:160 8:28 16:60 29:115 19:73 ; 
L 7 -37 21 -3 12 -34 24 -20 -20 42 -8 36 45 40 42 25 4 27 35 -9 -47 -30 25 20 41 42 -32 -25 26 -3 -26 -10 16 -30 -43 -42 11 -1 -27 10 -30 43 -10 41 22 40 5 4 11 -46 2 20 50 -46 -27 44 26 40 42 -18 41 -21 17 1 -28 -16 -3 45 17 10 -48 49 -27 -3 -35 -11 42 -29 24 -14 10 -38 -28 29 -30 -20 23 -19 -31 -36 12 32 -10 7 -11 -33 -38 47 -19 14 20 22 1 -24 18 -34 -3 -30 -10 8 48 -32 -33 22 42 -10 -21 -16 29 -16 -35 -41 45 7 -12 39 42 19 47 -10 -2 14 -37 43 44 -35 24 -49 -3 -16 44 31 -17 -12 26 -16 37 -47 -17 9 -27 37 -10 -6 46 -31 -21 -16 -15 -9 29 -6 49 1 -10 -34 50 44 -37 -28 -47 -19 -19 -50 14 -24 -3 -33 -20 38 -27 11 31 24 4 -14 44 9 5 -42 -3 26 -42 -10 1 43 -7 8 -8 -48 -6 37 43 40 8 -43 -35 41 -20 5 -49 35 19 -41 -39 21 -16 48 1 29 -11 -3 -38 -17 -16 -19 19 2 -30 -27 -42 18 -3 7 45 24 -47 -27 34 6 -14 -24 40 -35 -10 -36 -35 -30 24 -29 38 31 -16 11 46 -34 -3 -28 39 25 -27 -26 43 -16 28 10 33 25 -25 4 45 32 -48 24 35 33 -37 6 -3 4 49 21 40 -17 26 39 -44 15 -21 -44 -9 27 -17 44 -44 -2 12 -20 45 39 -24 3 -24 -8 -12 3 27 -37 -36 34 -12 11 -20 24 -30 -27 -22 36 -2 -27 -25 -38 -43 27 -48 -15 -28 -28 -20 -4 41 -13 10 50 20 -7 8 40 23 3 -14 -36 29 35 46 -47 17 11 3 7 23 22 11 -48 25 -38 16 -2 11 -44 10 -43 12 -36 11 9 -29 -3 -39 -34 13 42 23 -48 5 -1 44 -34 -13 16 40 -2 -4 -32 50 31 -7 40 -8 -25 -10 -27 -10 -40 8 48 35 -46 19 48 -26 21 -29 24 24 -37 19 17 -21 19 19 -6 -23 1 -40 7 -46 -35 11 -30 -50 39 13 6 41 -45 49 32 -5 -23 34 -48 44 -29 8 14 11 42 -21 -16 -2 -29 -44 -12 27 -40 -27 22 10 39 -15 -4 -50 -12 35 35 -20 9 21 12 8 15 -15 -13 -48 30 -20 -20 -47 19 2 15 19 44 29 -41 34 -45 -17 -34 42 48 -45 1 -32 -29 9 -8 10 -7 -10 -42 -6 -17 -50 -45 5 8 48 -47 ; 
41 73 31 82 75 44 4 88 50 45 72 47 60 95 45 3 23 2 84 78 55 91 81 57 68 74 48 81 77 25 40 76 82 53 50 65 11 15 58 74 34 7 2 39 34 79 38 37 29 90 66 70 33 42 22 63 67 35 83 52 3 63 50 1 73 25 26 58 29 84 12 20 51 32 12 100 25 79 10 48 44 41 3 8 55 77 51 91 99 55 44 77 66 50 15 50 81 92 100 83 28 19 43 11 12 67 65 60 72 100 72 10 99 9 33 16 90 87 94 78 40 100 26 5 68 82 22 70 29 34 99 27 25 44 10 16 39 63 60 87 63 48 21 60 18 60 91 42 68 60 68 41 73 41 83 53 98 70 21 83 19 11 95 72 5 67 68 81 25 46 19 43 15 5 10 26 26 11 68 60 72 35 98 97 76 52 77 56 83 14 51 68 46 14 70 81 36 11 6 7 36 5 1 88 67 91 66 10 38 53 18 2 5 71 61 29 79 37 3 48 22 49 100 47 99 54 64 13 38 78 37 11 50 14 47 44 6 6 17 83 35 1 63 71 71 25 20 37 33 31 66 78 61 16 92 86 54 73 15 54 20 43 23 72 9 97 66 26 99 86 55 31 69 71 24 20 44 68 98 70 16 95 20 5 51 39 47 18 30 51 20 75 54 11 55 100 35 20 24 53 35 46 51 51 57 64 9 92 23 83 80 79 48 31 29 37 43 38 13 100 50 43 47 83 12 70 52 7 40 32 84 8 36 3 85 93 13 55 35 74 29 39 88 38 15 79 14 51 51 63 54 18 25 69 69 4 20 57 91 90 65 52 9 36 50 22 25 44 92 38 14 51 54 19 35 18 33 44 6 28 87 23 18 13 33 20 60 64 63 97 86 45 40 98 83 86 98 79 13 14 11 78 21 100 3 52 57 53 46 67 8 12 71 54 55 17 71 99 91 73 1 6 6 19 39 91 97 30 89 25 25 70 47 64 57 44 3 33 45 36 75 85 20 71 41 32 20 18 91 14 76 2 43 23 25 84 52 86 30 35 51 39 80 61 4 33 78 60 67 74 31 71 49 72 50 92 93 28 43 4 89 84 54 91 44 51 10 69 49 60 62 16 38 79 24 8 54 40 78 15 54 ; 
L 47 -37 16 -26 12 17 -81 75 -37 -47 -19 -50 14 -24 -33 -20 38 -27 11 31 2 50 -74 4 -59 -48 -15 -28 -28 -20 -4 41 -13 52 3 -24 -27 54 -10 -40 8 48 -38 -17 -16 -10 11 -29 -1 -48 -21 39 41 -19 -35 49 -5 -41 35 43 -8 -40 -43 -37 6 48 8 -8 -27 -72 -3 -21 17 1 -34 42 48 -45 1 -29 -3 -34 42 23 -48 5 -1 -34 -13 16 40 -2 61 66 -19 19 -71 19 -47 38 33 11 -7 10 -32 -12 31 19 -23 20 30 -29 28 -78 38 -10 14 -24 29 -80 -42 35 3 27 -49 48 -4 -32 50 31 55 -7 40 -8 -20 -12 35 35 -20 9 57 21 12 8 15 -15 -13 -48 30 -20 -45 -17 -28 -16 -3 45 17 -3 -34 47 35 -46 19 48 -26 21 -29 24 24 -37 12 17 7 -37 21 -3 12 24 24 -76 -39 22 27 30 -40 -27 -44 16 3 49 -34 24 4 -14 44 -25 -38 27 -31 -21 -16 -15 -9 -6 49 9 5 84 -3 26 -42 -10 1 43 25 32 -42 -41 -20 -25 30 47 -7 -37 -36 34 -12 11 -20 24 -30 41 83 -14 2 10 -12 -21 -44 22 40 5 4 53 -12 43 -10 44 -11 2 -16 38 -25 48 -11 -22 -39 -32 -29 9 -8 10 50 -46 -27 44 26 40 42 -6 46 -23 -7 -65 -3 -11 -67 47 -27 -42 18 -3 7 -62 -19 -19 21 -17 -19 -41 18 -36 29 46 -47 63 27 -10 27 1 -11 42 43 -82 30 29 30 35 -20 10 50 31 11 11 -46 -29 -44 -15 44 -39 36 10 35 2 -36 24 -44 -51 17 -27 9 -37 43 44 -35 24 -10 -22 31 73 11 9 50 17 6 -60 42 10 -25 -10 -8 9 -27 37 69 14 -3 -23 -40 -8 7 -1 -22 -26 17 -40 -21 -49 29 2 -40 -64 24 -68 35 46 -7 40 23 6 45 -11 24 6 -14 11 -30 -50 39 33 32 -8 10 30 -58 3 34 -18 -45 20 -12 2 44 -16 10 26 3 -26 -85 9 -35 -27 -4 -25 -42 -79 -40 -45 -36 8 -42 20 -19 -39 12 -7 -45 41 35 16 -29 16 21 -77 10 -42 -22 -70 -33 -10 -28 16 2 -30 44 -4 3 -6 37 -33 -35 -24 48 -32 -45 -56 25 -25 6 41 -45 49 32 -5 -23 -46 -44 -50 34 10 -1 27 16 21 -42 -11 -14 -8 29 -44 48 -34 -3 -28 39 2 25 -20 -47 19 15 19 -43 26 27 -45 5 8 48 -47 ; 
36:142 17:67 37:145 24:96 8:28 24:96 5:19 43:171 6:24 25:97 21:81 2:8 4:16 11:41 8:32 28:108 24:96 29:115 14:56 40:156 16:64 17:67 2:4 20:76 3:9 12:46 28:112 21:83 3:11 16:64 13:51 34:134 4:12 22:88 24:96 21:81 3:9 29:113 18:70 40:156 34:132 35:137 40:156 19:75 40:158 16:64 10:36 9:35 20:76 2:4 32:128 12:46 25:97 29:113 2:8 1:3 8:28 34:136 4:16 27:105 37:145 27:107 36:140 1:1 2:8 15:57 3:11 3:9 27:105 23:91 15:57 26:100 20:80 1:1 3:9 36:142 34:134 22:86 37:145 27:107 18:70 8:30 13:51 22:86 8:30 14:56 8:28 1:1 3:9 12:44 35:139 10:36 12:46 22:84 16:60 26:102 16:62 38:150 40:160 37:147 33:129 20:80 6:24 20:80 27:105 31:123 19:75 40:158 37:145 21:81 31:123 22:88 4:12 30:118 22:86 17:65 18:70 20:76 4:16 37:147 29:115 16:60 5:19 13:51 21:81 8:32 13:51 6:20 14:52 8:32 40:156 8:30 26:102 26:100 16:60 21:81 10:40 34:134 21:83 35:137 9:33 6:20 14:56 21:81 16:62 32:128 25:97 2:6 14:52 32:124 18:72 18:68 29:113 10:40 11:41 24:92 12:46 44:176 38:148 4:12 26:104 32:126 6:20 6:22 5:17 32:124 9:33 40:160 2:4 21:83 20:80 27:105 8:32 30:116 13:49 33:131 30:120 16:64 3:11 22:88 10:38 23:89 18:68 15:59 3:11 8:32 12:46 26:100 35:139 24:96 28:112 36:144 31:121 21:83 31:123 22:88 18:68 36:140 17:67 40:156 28:112 9:33 34:132 1:3 38:152 32:126 34:132 14:56 4:12 28:108 19:73 6:22 28:112 33:129 18:70 33:129 20:76 30:118 28:108 23:91 33:129 37:145 21:83 15:59 10:36 34:132 32:128 32:126 20:76 13:49 24:96 5:17 2:6 16:60 11:43 40:158 10:40 16:60 21:81 7:25 32:126 16:60 15:59 11:41 6:22 4:14 21:83 26:104 36:144 37:145 23:91 8:32 2:6 28:110 28:110 10:40 11:43 6:22 21:81 4:16 28:110 20:78 15:59 17:67 9:35 26:100 27:107 14:56 34:132 22:84 34:132 12:44 22:86 12:44 40:160 21:81 30:118 36:142 17:65 15:59 5:17 20:80 6:22 24:94 12:46 4:12 27:107 19:73 22:84 29:113 2:4 11:43 36:140 19:75 26:102 10:36 38:152 12:44 30:118 24:92 6:24 5:17 26:104 20:80 26:102 34:136 2:6 15:59 10:36 22:86 2:4 71:281 16:64 19:75 36:144 83:329 20:80 11:43 8:28 19:75 19:73 10:40 29:113 38:152 6:20 6:20 11:41 26:102 37:145 22:86 30:120 12:46 18:70 4:16 7:25 16:62 1:3 37:145 15:59 20:80 6:20 9:35 2:4 10:38 32:126 12:46 4:14 7:25 32:124 35:137 36:144 21:81 28:108 17:65 26:102 34:132 12:46 30:118 14:56 22:88 6:20 10:40 18:68 4:14 21:81 2:8 8:32 38:152 8:30 34:136 14:56 16:60 24:92 0:0 37:147 40:158 29:113 7:27 8:28 29:113 26:100 34:132 20:76 13:49 14:56 20:80 30:116 1:1 3:9 25:97 40:158 15:57 40:160 29:115 32:124 8:28 26:104 27:107 14:54 10:38 8:32 14:56 40:160 34:132 33:131 31:121 16:64 10:40 35:137 17:67 32:124 34:134 1:3 10:36 2:4 25:99 30:120 38:152 24:96 19:75 29:115 18:72 26:104 12:48 33:131 28:108 2:8 11:41 40:160 16:64 32:124 38:150 35:139 18:72 30:120 7:25 14:52 24:92 15:57 27:105 39:155 4:14 40:156 16:60 53:211 7:27 28:112 40:156 28:108 18:70 8:32 10:38 29:113 28:110 13:49 30:120 9:35 40:158 4:12 16:62 37:145 39:155 12:48 36:142 10:40 4:12 42:164 33:129 28:108 27:107 2:8 18:70 47:185 15:57 18:72 14:52 2:4 18:70 23:91 26:102 19:75 28:112 13:49 30:116 6:24 12:44 23:91 9:33 27:107 30:118 29:113 20:78 30:116 10:36 18:68 16:64 22:86 16:64 32:124 6:24 22:86 ; 
L 22 32 -35 31 -26 7 -41 -37 29 43 31 4 -5 -30 -20 5 -1 -32 -6 -49 40 10 -24 43 -33 -12 27 -41 -39 24 38 -6 -4 29 27 47 -25 -18 28 -10 42 -12 -19 27 -44 4 -46 46 -11 31 30 37 21 43 -29 -11 -47 -14 -2 -44 -25 46 24 20 18 -32 39 -31 -28 -45 24 35 25 -16 -42 38 -38 11 -49 33 34 -14 46 -46 -37 -3 -15 -36 -34 44 -43 -25 -30 5 -47 6 -36 17 34 31 47 -38 5 -32 45 -41 4 36 9 27 -50 -2 31 48 22 42 36 -23 -23 28 17 -7 39 -18 3 5 34 42 26 -32 -13 39 49 -48 34 -19 19 31 14 20 2 14 -12 27 38 -23 -36 -46 -27 37 -13 40 -24 -50 47 -24 -7 48 19 14 21 15 14 -50 6 5 7 -42 35 -25 -26 -9 17 30 5 -43 38 7 -15 44 -26 -11 -37 30 -10 -40 10 -39 8 30 -16 43 38 -28 47 50 -11 -26 12 -3 4 -49 20 -43 -20 31 20 -32 22 5 3 -37 46 46 -29 10 42 14 32 6 -23 -16 -44 18 -45 2 26 -14 22 -12 -19 37 -36 -36 43 41 9 39 29 -38 4 -27 -14 25 29 -48 10 -23 14 -20 -5 3 17 -11 34 5 -36 37 49 -47 -19 -3 -23 -34 18 -40 -46 8 19 14 -6 -32 6 -17 40 21 2 15 -4 -22 -38 -2 12 48 -50 -35 8 15 -50 28 -47 49 25 13 1 -20 -46 -42 -13 28 -31 -7 -43 -47 44 -39 -17 -8 -38 -10 43 -19 -7 -42 30 41 -48 -8 16 49 17 -39 -47 -4 -37 -14 32 -39 -50 -48 27 39 46 48 -25 -21 -44 -14 -19 -30 -37 32 -24 3 -22 40 30 -31 -24 25 -3 29 17 -23 12 -38 2 50 50 -15 8 19 18 -9 -34 30 -19 20 29 5 -9 -50 -37 42 -47 23 22 16 -14 45 25 -28 -39 37 25 16 -6 12 -40 -22 -44 11 -10 -31 -35 3 -9 -48 -38 -37 47 47 -44 39 -21 -41 37 5 33 3 1 30 -37 12 8 50 -26 -39 11 6 2 -44 29 -46 -26 36 21 -26 4 21 49 27 24 -33 17 49 6 24 -43 -24 -32 10 -40 22 -6 -28 -41 -40 -37 -30 21 -40 40 -27 46 -7 -49 25 25 -5 -45 32 -47 -45 48 -11 7 35 27 -48 36 -9 -42 13 -17 1 30 -18 39 -5 -20 18 -27 -29 39 -26 40 -26 -43 -30 -34 3 17 49 1 -16 -5 35 -46 6 ; 
70 67 52 93 99 54 88 98 70 49 9 50 18 44 88 67 43 68 4 82 91 96 51 28 10 62 99 47 71 51 67 56 37 67 76 95 18 53 80 19 64 17 52 36 41 63 53 68 56 88 82 23 72 34 67 94 62 21 30 52 55 95 88 19 45 86 42 12 88 54 33 87 33 7 33 6 83 41 19 9 32 15 32 54 38 87 50 24 87 15 59 98 5 33 49 75 10 5 68 51 41 63 69 54 19 71 64 97 80 62 68 14 72 96 42 99 4 25 57 56 78 34 53 39 12 83 10 53 97 26 80 31 7 95 44 78 13 15 91 63 43 43 49 88 62 76 91 62 50 43 22 76 9 70 69 68 59 36 8 58 73 20 4 35 30 24 30 11 3 67 70 49 14 3 56 73 93 49 94 69 91 70 81 58 94 54 69 4 55 16 98 69 53 24 81 45 11 44 43 30 97 10 49 12 75 99 33 27 11 95 75 36 32 61 81 3 90 6 95 13 27 50 45 91 72 57 44 44 39 29 46 57 78 28 50 18 10 51 19 82 38 88 36 83 69 14 70 64 16 57 84 97 22 48 55 85 85 51 78 27 22 4 86 85 72 24 68 69 16 31 86 21 57 94 81 10 81 22 67 85 23 45 46 96 8 14 66 11 59 99 62 35 50 42 76 5 93 3 64 11 81 53 62 27 23 72 69 54 46 64 1 17 93 28 16 66 91 64 81 10 33 20 76 11 97 59 42 89 32 22 66 46 13 24 94 30 76 20 90 55 3 87 66 20 6 26 30 51 69 67 31 51 28 8 54 94 17 36 38 61 89 2 59 24 66 62 8 54 59 98 14 90 91 1 6 90 99 16 84 86 85 18 95 92 88 48 82 3 23 87 76 7 58 7 92 40 38 73 22 27 39 84 66 3 83 98 98 9 86 38 38 62 69 11 80 3 83 76 10 78 78 83 17 91 69 97 86 100 8 51 29 70 22 33 61 62 87 40 77 59 86 73 58 69 91 23 85 57 15 14 20 99 31 91 35 33 90 16 67 59 48 31 21 94 98 78 92 28 70 74 68 67 61 97 26 14 69 54 80 4 20 89 54 97 64 98 46 90 72 88 14 13 16 95 98 92 63 99 56 64 63 ; 
L 22 32 -35 31 54 -26 7 -41 -37 43 31 58 4 -5 -30 -20 5 -1 -32 -6 40 10 -24 43 -33 -12 27 79 -41 -39 38 -6 -4 29 27 47 -50 -8 -12 37 -30 -1 -3 -33 -5 -37 41 37 -77 -32 37 30 19 14 44 21 25 -48 -46 -39 -27 48 50 39 28 -25 -45 14 -16 -22 47 -42 37 -20 -5 3 17 -11 34 25 -49 -21 -4 26 -21 -36 26 46 -29 44 -2 47 43 7 31 -28 13 -17 36 -6 17 -9 35 27 14 21 -14 22 -12 -17 -16 -5 35 44 -39 -17 -8 -38 -10 -19 -7 -42 41 9 39 29 -38 4 -27 25 29 -48 10 -23 7 -42 23 3 47 -49 47 -24 -7 48 82 19 36 -48 -9 61 -44 15 30 37 21 43 -29 -11 -47 -14 19 6 48 -11 7 34 30 43 -40 26 -39 27 -18 20 5 -39 18 -30 -78 -5 -22 25 -3 29 46 -11 31 3 17 49 1 3 -37 46 46 -29 10 42 14 32 -2 -44 -25 46 24 20 18 -32 39 -31 84 -28 -45 24 5 15 60 27 24 63 -33 40 25 -5 32 -45 -42 -19 37 -36 55 -35 -14 -36 43 30 -28 23 23 -36 -42 -48 -31 -23 2 50 -27 -9 -51 -36 -73 -64 -81 21 -39 44 -47 -47 -4 41 -45 32 36 -26 45 -7 -38 -5 -30 -34 -40 -46 8 19 14 -6 -26 -9 -50 6 5 70 69 -23 12 -38 -25 -30 5 -47 39 -49 -16 -18 28 -10 42 -12 -19 27 41 -48 -8 25 -13 39 49 -48 34 -19 6 -6 -40 -37 -30 21 40 -27 46 -7 -49 -23 -16 -44 18 -34 30 -19 20 29 5 -9 57 -50 17 22 -3 24 38 9 -3 35 31 10 -11 44 22 40 -12 -50 -2 -40 17 -6 32 37 -33 49 -11 38 -38 42 16 -25 -35 -5 38 -47 -31 -34 -26 74 50 24 -66 -25 -75 40 39 26 32 -26 -42 -34 -3 18 -39 7 -67 40 -31 -24 32 -20 20 43 -15 -8 35 50 -76 -48 2 38 22 4 -15 -2 -65 43 34 36 15 -85 3 37 46 -56 -46 14 -34 12 -3 4 -49 20 68 -50 28 -47 49 25 1 -20 11 -50 -47 28 -38 -43 16 -30 -8 39 -10 32 24 -53 46 -4 44 -14 -18 17 17 6 72 24 -43 -47 -4 -37 -14 62 32 -39 37 25 16 -6 50 -15 19 13 -37 -80 27 46 36 23 -71 -38 -27 -59 -83 12 -14 -2 -20 -14 -31 -11 -10 40 37 11 26 -46 52 6 ; 
28:112 27:107 21:83 38:148 21:81 29:113 22:86 36:140 40:156 13:51 4:14 30:120 13:51 8:28 18:70 36:140 27:107 18:68 28:108 2:6 52:206 39:153 21:81 12:44 4:16 25:99 40:158 26:104 31:123 29:113 31:121 23:89 15:59 27:107 31:121 38:152 26:104 2:4 32:128 5:17 28:110 25:99 16:60 16:60 35:137 4:14 40:156 41:161 17:65 19:73 35:139 2:4 22:88 36:144 8:32 31:121 12:48 38:150 10:38 6:20 19:73 27:105 9:35 14:52 38:152 8:28 34:136 35:137 34:134 7:25 34:136 3:9 1:1 22:88 34:134 39:155 9:35 20:76 22:88 28:112 33:131 12:46 21:81 4:12 40:160 35:137 39:155 28:110 37:145 7:27 34:132 31:121 11:43 25:99 22:84 33:129 5:17 26:100 2:8 4:16 20:80 6:24 7:27 28:112 32:128 30:116 15:59 16:62 12:46 15:59 31:121 26:100 40:158 21:81 29:115 28:110 22:86 19:73 26:102 2:6 38:148 12:44 10:36 4:16 21:81 8:30 33:131 16:60 36:140 41:161 28:110 6:22 28:112 26:102 4:12 5:17 16:60 35:137 2:8 11:43 30:120 28:108 24:94 15:57 10:38 15:57 32:124 31:123 13:51 18:68 45:177 28:110 59:235 10:36 29:115 14:54 27:107 38:150 25:99 9:33 43:169 37:147 34:132 32:124 37:147 5:19 6:22 36:140 8:32 19:73 40:156 23:91 22:86 36:142 8:32 2:6 32:128 22:86 35:137 42:166 38:152 11:43 13:49 21:81 10:38 23:89 36:140 29:113 7:25 38:152 40:156 31:121 15:57 13:51 25:97 33:129 2:4 36:144 3:9 38:152 17:65 21:83 22:88 38:152 36:140 8:30 18:72 35:137 17:67 5:19 14:54 34:132 22:86 14:52 14:54 12:44 28:110 20:76 9:35 18:70 9:33 18:70 12:48 24:94 5:19 16:64 8:30 6:22 23:91 32:124 13:49 38:148 4:14 23:91 20:80 5:17 49:195 23:89 23:91 10:40 2:6 25:97 39:153 32:124 40:156 6:22 28:108 25:99 30:120 22:88 18:70 18:70 3:11 6:24 34:132 2:4 27:105 34:134 37:145 26:102 29:113 8:30 31:121 34:134 28:112 13:49 20:78 38:152 23:89 24:92 17:67 28:108 28:110 7:25 13:49 35:137 44:172 20:78 12:48 12:48 10:38 22:88 10:38 25:99 22:86 38:150 7:25 2:8 14:52 20:78 23:91 4:16 4:16 25:97 32:128 8:30 26:102 7:27 21:83 15:57 18:70 37:145 26:102 30:116 35:137 13:49 3:11 38:152 18:70 32:124 4:14 26:102 36:140 6:24 6:22 8:32 25:97 37:145 14:56 14:52 36:144 6:22 20:80 18:72 37:145 31:123 25:99 4:12 22:86 24:94 40:156 6:22 6:20 34:132 16:64 10:40 3:9 8:32 38:152 30:120 16:60 16:64 37:147 3:11 24:92 3:11 31:121 35:139 10:36 4:14 15:57 26:102 33:129 38:150 23:91 12:44 12:44 4:14 8:30 17:65 34:132 3:9 14:52 3:11 14:52 21:83 28:110 26:100 17:65 21:81 5:17 26:104 14:54 28:112 7:27 15:59 2:6 42:168 20:80 31:121 12:48 11:41 39:155 22:84 13:49 5:19 16:62 22:84 22:88 10:38 32:126 28:110 21:81 11:43 39:153 30:120 9:33 5:17 27:105 6:22 38:150 35:139 18:68 18:72 10:36 34:136 27:107 9:35 20:76 50:196 8:28 35:139 10:38 21:81 20:78 35:139 16:60 14:54 12:44 13:51 6:24 13:49 12:48 39:155 4:16 20:78 22:88 17:65 40:158 25:99 14:56 20:80 15:59 2:8 47:185 5:17 18:72 33:129 10:38 22:84 28:110 40:156 7:25 22:88 6:24 30:116 35:137 22:88 33:131 22:84 26:100 29:115 15:57 17:67 24:94 50:200 15:57 22:86 31:123 42:168 5:17 39:155 24:94 25:99 32:124 36:142 37:145 36:140 20:76 33:131 13:51 25:97 10:40 23:89 9:35 2:8 35:139 20:80 25:99 37:145 28:108 31:123 25:99 9:35 17:67 21:83 20:78 18:68 18:68 26:100 37:145 1:1 3:11 28:110 55:217 33:129 28:112 30:118 21:83 35:137 26:100 ; 
L 39 39 43 25 -8 5 -48 -50 16 7 21 17 25 47 50 36 -3 -13 10 30 17 -35 -22 5 -23 -5 19 -37 44 2 6 15 39 -36 27 -19 -19 48 4 -44 -49 42 7 -15 -20 33 -38 46 33 -20 15 -31 2 23 3 25 -19 -19 20 -36 -32 -33 -13 15 -11 35 -17 29 28 -35 -21 46 32 -30 47 -27 -39 25 20 -19 47 -33 33 -42 5 -13 42 43 -33 -50 30 -38 23 -15 1 11 -43 -45 28 -30 5 26 43 -13 18 -39 -32 16 -44 -28 -15 27 -44 41 -50 2 -16 -14 36 35 33 42 10 -16 35 35 25 -36 -16 -13 49 15 16 15 -32 -43 -37 33 11 36 44 18 -23 33 -12 -20 32 -36 -5 -41 -37 -38 9 44 21 -27 -24 38 43 -33 1 24 -3 47 -23 -33 -28 -1 -1 28 9 50 -15 -20 15 35 -27 19 -43 -8 48 -36 -9 6 49 -25 -24 -19 -50 35 11 11 -36 -45 17 -18 5 22 -31 37 -43 -18 7 3 34 -41 10 -37 30 -21 -39 36 -17 -28 39 25 22 -7 -42 43 6 12 -34 -32 -2 39 34 45 47 -28 -31 -19 16 -1 -18 12 -46 46 -38 -46 -41 -46 5 -27 34 34 18 18 -37 47 24 8 -14 29 44 -2 -48 39 34 5 -27 17 14 19 -25 46 36 14 42 13 35 22 -28 -9 -47 -40 16 -47 -27 43 2 -21 43 -1 -11 -18 44 17 13 11 1 -45 38 -9 -7 21 -50 8 -41 14 -17 -5 8 9 -17 -23 19 -6 -18 -36 30 -13 3 17 5 -28 -48 -14 3 50 -14 -43 -22 31 -31 -27 -9 15 35 -19 -50 23 41 -46 -17 4 6 8 -16 9 -50 9 16 -19 27 40 34 13 -1 42 -38 20 31 13 -37 28 -33 45 -13 21 -30 17 16 14 -25 24 -48 -6 2 -29 48 32 2 -43 -13 1 -49 -34 -29 -39 -27 -30 -35 -2 5 3 3 32 -16 -11 6 19 -36 40 -25 42 11 -22 -10 19 16 -39 -23 5 30 -31 15 -20 16 1 -23 40 50 1 -33 41 14 -37 -11 21 -23 -40 -25 11 24 -50 -41 7 6 -29 50 46 11 45 -23 17 35 21 16 -42 21 34 38 48 -36 50 -17 38 40 31 9 49 -34 49 28 7 -18 -19 31 -4 41 -25 -44 -43 17 -11 -33 23 -2 6 -26 -39 48 -36 -6 -21 11 40 -12 43 27 -37 8 5 -12 34 -35 -7 -38 -37 -45 8 -14 -50 -2 -25 13 -46 22 -18 ; 
74 59 40 77 79 81 48 80 44 86 79 71 3 75 77 71 12 77 71 19 58 82 56 54 54 73 20 63 10 95 6 79 18 74 91 12 11 52 55 73 25 5 59 56 85 75 83 18 82 17 55 3 84 59 67 86 38 21 86 6 80 98 43 39 12 60 52 54 22 30 62 53 10 21 71 59 70 74 5 57 78 48 11 91 43 75 82 55 32 55 52 43 26 22 32 86 88 88 3 48 67 79 89 31 63 94 36 85 21 69 2 33 70 90 19 2 17 81 92 26 66 4 18 22 6 61 29 46 62 82 41 74 18 2 81 7 49 55 41 95 39 45 72 36 38 92 22 88 44 92 36 62 54 82 91 44 37 66 15 1 86 46 33 92 52 55 68 67 8 19 56 2 58 89 15 54 82 1 81 6 65 88 59 56 44 88 52 73 9 9 71 48 92 10 40 99 91 90 66 97 66 3 46 41 53 38 56 26 13 35 31 20 70 48 52 79 28 22 33 94 93 73 89 20 16 27 31 51 78 43 50 52 25 41 61 2 77 40 24 67 50 44 40 25 85 86 41 51 99 41 34 47 18 40 32 32 36 14 22 39 44 86 94 22 51 52 57 22 90 23 39 71 31 83 72 46 14 76 29 60 22 16 22 39 60 87 66 6 73 50 64 88 25 81 77 17 22 88 90 65 81 59 88 27 86 70 79 21 29 22 76 78 81 88 11 30 6 52 90 24 3 95 4 1 57 15 4 92 96 41 50 3 75 83 90 73 70 66 13 54 52 89 45 96 91 100 57 37 28 28 72 26 40 91 75 27 96 64 86 71 21 5 82 8 21 42 5 98 85 39 72 8 76 48 62 83 54 71 99 29 7 65 1 87 86 47 96 55 53 33 99 25 83 5 87 62 8 52 92 14 51 73 97 86 9 77 93 27 16 4 97 82 41 40 37 50 37 34 83 10 34 61 63 44 89 83 50 60 96 31 53 85 36 64 79 37 4 69 95 18 76 21 89 26 22 46 48 12 30 65 78 28 36 99 76 25 74 58 100 65 38 43 90 28 75 96 97 51 92 69 61 60 20 91 44 54 16 95 83 78 1 86 69 28 51 77 1 49 25 60 26 1 52 95 95 31 68 60 71 55 86 ; 
L 39 39 43 25 -8 5 -48 -50 16 7 21 17 25 47 50 36 -3 -13 10 58 81 30 17 -35 -22 33 -43 -42 13 -5 42 -33 33 -34 -29 -39 -27 17 22 -28 -9 -47 -40 16 -47 69 -27 43 2 -21 43 76 -1 1 -23 40 50 1 -33 24 -50 6 -26 48 -6 -21 11 40 -12 6 19 15 -50 -43 -38 24 44 -63 23 -45 -11 -16 -19 11 16 -32 -3 -59 -3 -5 2 35 -61 -27 15 28 44 -16 32 53 35 55 21 16 -42 21 34 -6 -18 -36 -13 3 17 5 72 52 -28 80 23 50 5 -5 19 -37 70 36 31 -25 -35 -13 -42 -14 -36 10 -16 68 35 35 56 -42 -33 -62 -35 14 16 -25 -3 41 -34 -3 -7 18 43 -37 31 -22 -5 18 36 -20 -36 -16 -13 15 16 15 -32 -43 -37 46 23 -23 -73 36 -5 -34 -39 -60 2 -44 -29 14 -8 -84 -24 -29 50 46 4 6 8 -16 -50 16 85 -19 27 40 34 13 -1 42 -38 20 33 -12 -20 32 -36 -5 -41 -37 -38 44 21 -27 -37 -11 -19 41 14 41 -50 2 21 -23 -40 -25 11 45 43 -11 -1 15 -23 38 -30 41 -46 -39 5 30 -31 15 -20 16 11 50 19 -15 9 27 -45 33 37 -31 -25 -27 17 14 -33 23 30 49 -1 -74 -79 13 43 -2 -48 29 -2 6 48 -24 -14 -16 -17 -13 -17 -17 45 -11 -11 -35 50 19 -82 25 -49 -6 9 -51 36 -48 8 -57 -44 -49 -25 13 30 -28 39 -18 13 -43 33 -19 27 -35 -15 -78 20 34 45 -28 46 33 -20 15 -44 18 11 -21 13 8 -14 -50 -2 33 11 36 44 10 -37 -21 -39 -17 -28 25 22 -7 -42 43 6 71 14 -17 -5 8 9 -17 -23 19 -43 10 22 -42 -64 -39 -83 2 32 -12 41 -8 50 7 9 -38 -1 -48 -14 3 77 50 -14 -43 -22 31 19 -2 31 -32 54 -33 -13 15 -11 35 -17 29 28 -35 -21 32 -30 47 20 -19 47 -75 -27 17 -11 34 -49 46 5 26 1 18 -7 -28 -9 -31 -40 -38 17 -50 36 -48 -38 44 25 -41 4 27 -37 8 65 5 -12 34 -35 -7 -38 -37 -45 -39 -41 7 6 25 -19 -66 -47 37 -18 -18 -34 -34 27 -5 46 41 46 38 -46 46 -12 18 1 19 31 38 -33 20 15 -7 -42 49 44 -4 -48 19 19 -2 -15 -6 -2 43 -9 -28 1 1 28 33 23 24 -3 47 -67 -19 31 -43 22 -18 ; 
30:118 24:94 16:64 31:123 32:126 33:129 20:76 32:128 18:70 35:137 32:126 29:113 2:4 30:120 31:123 29:113 5:19 31:123 29:113 38:152 24:96 29:113 24:92 33:131 23:89 43:171 13:51 22:88 33:131 30:120 18:68 37:145 5:17 16:60 40:158 12:46 3:11 36:142 18:72 13:49 34:132 29:115 19:73 6:22 31:121 33:129 31:121 24:96 9:35 7:25 9:35 40:160 13:49 16:60 39:155 33:131 17:65 16:64 15:59 32:126 34:132 28:108 25:97 2:8 34:136 22:86 7:25 38:152 34:132 37:145 10:40 36:142 24:92 1:1 6:24 27:105 26:104 31:121 19:73 32:126 26:102 21:83 21:81 28:108 14:52 22:84 22:88 10:38 32:126 19:75 35:137 35:139 28:108 1:1 31:121 1:3 28:110 9:33 34:136 14:56 4:12 11:41 38:148 38:152 8:28 31:121 9:33 12:44 12:46 9:35 19:75 33:129 36:140 5:17 18:70 22:84 22:86 30:116 10:38 44:174 1:3 48:190 8:32 26:100 25:99 20:80 2:6 46:184 10:36 16:62 10:36 36:144 9:35 2:6 9:35 7:27 28:108 25:97 3:11 25:97 2:6 33:129 18:68 8:30 33:129 8:32 35:137 26:102 16:60 22:84 17:65 19:73 2:4 27:105 39:155 27:105 36:144 37:145 35:139 3:9 22:86 25:99 33:131 39:153 8:28 1:3 33:129 3:11 20:78 17:65 33:129 64:252 12:48 32:126 25:97 16:62 9:35 13:49 10:36 13:51 13:51 16:64 8:28 2:6 27:107 16:62 22:84 34:136 42:166 28:112 27:105 6:20 34:134 49:195 34:132 23:89 37:145 40:160 23:91 15:59 12:44 12:44 29:115 11:41 24:94 16:60 37:147 9:35 36:140 18:70 37:147 15:57 25:99 10:40 37:145 18:70 13:51 34:132 16:62 8:28 15:59 26:102 8:30 1:3 3:9 14:54 25:97 26:100 18:70 16:64 36:140 36:140 35:137 13:51 9:35 11:41 18:68 8:28 34:132 18:72 60:240 4:14 31:123 38:148 11:43 7:25 7:25 20:78 20:80 27:107 37:147 2:6 9:35 26:102 45:177 53:209 12:44 24:96 35:137 38:150 26:104 21:81 14:56 22:86 22:86 37:145 33:131 25:99 25:99 20:76 25:97 29:115 16:62 34:136 40:156 2:8 24:96 4:12 33:131 17:67 30:116 24:94 16:64 12:44 20:76 29:113 4:14 4:14 38:150 30:120 36:140 18:70 23:89 9:35 21:83 36:140 26:104 26:102 21:83 28:110 52:204 28:108 35:139 20:76 2:8 38:150 26:100 13:49 36:142 32:126 1:1 33:131 22:86 6:24 37:145 28:112 21:81 36:144 25:99 33:131 7:27 22:88 2:6 27:105 35:139 16:60 29:113 31:123 21:83 38:152 38:152 13:51 17:65 38:152 16:62 6:24 11:41 17:67 13:49 35:137 20:76 29:115 12:44 9:35 14:52 38:150 38:148 6:24 33:129 33:129 24:94 36:140 11:43 35:137 28:112 32:126 2:4 13:51 37:147 21:81 12:48 21:83 28:110 12:48 7:25 21:83 24:94 36:144 36:140 10:38 31:123 33:129 34:132 27:107 21:83 36:144 40:156 16:64 2:4 38:152 2:6 1:1 8:32 27:105 34:134 16:60 0:0 40:160 18:68 16:62 5:19 24:96 21:83 22:86 9:35 12:48 25:99 3:9 9:33 29:113 13:51 23:91 32:124 22:84 31:123 22:86 39:153 16:60 15:57 18:70 16:64 32:126 35:137 30:116 30:118 10:40 16:60 32:124 26:104 12:48 5:19 20:76 19:73 9:35 11:41 37:147 36:144 18:68 16:60 15:57 35:137 28:110 33:129 9:33 21:81 31:123 1:1 20:78 10:40 24:96 11:41 30:116 21:81 24:96 39:153 30:116 21:81 12:48 7:27 17:65 40:158 21:81 17:65 35:137 34:136 10:40 16:64 18:70 20:80 27:107 10:38 16:64 31:123 1:3 25:97 14:54 21:83 3:9 34:132 30:120 34:136 23:89 24:94 2:8 10:40 30:116 22:88 21:83 5:17 35:137 8:28 32:126 3:9 53:211 2:6 23:89 8:30 4:12 27:107 28:108 22:88 35:139 14:52 37:147 5:17 3:9 40:160 18:72 12:46 22:88 35:137 ; 
L 34 43 43 -1 -46 -24 -24 35 -37 31 16 6 -23 3 -9 16 -47 -23 3 20 -45 -14 -21 33 20 24 -34 -9 -48 49 -32 32 19 37 -26 36 -10 -20 -12 -3 27 -29 -30 -44 45 16 7 -13 5 -8 -3 48 12 -3 -11 39 47 47 9 -24 7 18 36 21 8 -8 -35 33 47 -24 35 18 -37 46 -37 32 16 1 20 -17 33 6 27 10 -12 -14 27 -17 -14 -19 43 -8 22 -13 17 -8 -39 23 -15 -22 36 -27 48 33 33 29 -45 -11 -46 32 -15 -9 32 -18 -13 43 -42 -41 11 18 -5 18 3 43 45 -50 13 24 -9 -14 11 13 -35 46 20 2 28 -20 2 -11 -5 37 17 -34 -15 -41 -42 38 -45 -18 -4 -3 -35 26 -29 -42 26 48 -36 -46 20 14 -2 23 -46 36 -25 27 -5 -30 -37 -15 -40 41 28 -2 33 -5 7 1 8 43 22 49 45 3 11 -38 -39 -17 -3 35 -48 -49 30 43 -17 -4 33 -34 -29 30 -3 27 18 -44 -3 5 -47 -49 40 -6 -20 42 -31 11 42 50 -7 19 -26 -12 30 27 48 42 44 7 8 44 9 45 29 -49 -29 26 -32 -1 32 -43 46 12 7 -9 16 -31 -16 -39 -7 32 -31 -43 -37 -46 -43 38 -13 44 -11 4 -4 17 -4 -1 -34 -5 -29 35 -29 -25 38 -47 13 -34 -37 -47 -15 26 24 -25 50 2 -34 39 -35 28 -35 17 -42 37 -13 45 14 -4 8 32 -49 -10 13 -35 38 -25 -37 -48 20 42 -46 38 44 -36 21 -36 -4 2 15 -6 -26 -33 40 -5 -25 46 1 22 -2 -22 43 -2 17 -46 18 5 42 -6 -8 46 27 -5 30 -16 -7 -22 -27 -1 34 -8 -15 -16 21 -9 46 29 33 -17 6 33 -2 40 39 26 42 21 1 31 44 12 -50 6 -44 44 48 36 -31 -11 -19 41 -20 -28 17 -2 48 -16 -46 4 31 11 27 47 -5 45 4 -13 -30 -37 41 -6 -20 -18 -47 -30 39 -33 -29 -46 40 12 23 -16 4 -25 28 12 27 46 -25 42 35 44 49 18 34 -36 8 -33 -25 35 -1 11 48 -22 11 38 3 33 -27 16 -30 -22 21 -11 5 47 17 -26 41 -14 -28 -30 -16 22 -50 25 -44 7 45 34 -16 5 -23 33 32 -43 -18 -1 6 4 19 -16 -16 -46 -34 -48 9 28 2 -8 -28 -20 -18 13 49 -35 5 20 -11 9 35 2 35 16 -13 -45 23 12 -17 16 49 -46 2 -25 ; 
75 69 58 37 85 12 71 55 30 59 10 78 2 87 31 28 80 33 61 26 9 95 56 39 67 68 2 82 11 32 60 75 36 31 68 59 68 4 87 35 1 4 4 20 22 15 43 15 92 45 56 97 35 91 33 86 44 67 51 94 42 39 55 28 68 92 91 70 12 82 69 68 33 38 44 61 58 83 16 17 100 8 34 64 69 6 71 32 65 97 94 25 54 61 68 52 13 5 85 97 93 93 61 48 12 64 69 11 27 54 11 86 28 97 90 32 31 99 9 91 39 79 54 98 40 21 28 1 97 70 51 91 6 88 22 97 59 51 46 18 13 58 98 60 67 46 21 54 42 50 32 7 93 91 1 61 95 33 63 78 26 22 82 10 29 35 99 86 59 18 16 91 86 45 30 85 88 28 96 20 53 87 9 99 93 66 40 55 18 42 59 15 4 44 31 25 10 41 78 19 80 55 79 100 58 13 29 91 9 4 37 75 16 65 75 84 1 38 14 98 71 31 88 28 82 46 71 43 35 38 81 30 16 100 74 60 57 83 67 71 16 38 12 99 63 40 15 20 75 99 57 42 26 7 6 15 25 20 52 6 26 40 80 16 30 50 94 27 1 62 81 38 80 73 17 73 78 1 100 27 35 13 84 96 68 60 78 57 59 15 98 77 40 24 73 5 32 88 25 9 8 57 27 69 17 63 26 71 52 10 49 82 66 58 34 91 19 68 6 73 95 24 92 89 67 81 14 29 88 24 55 52 72 96 42 59 1 17 83 68 4 40 95 90 73 27 92 56 61 59 55 80 10 44 61 72 3 62 99 18 21 15 61 60 47 68 38 5 31 74 35 79 77 38 30 56 12 45 79 39 50 71 22 39 37 27 5 67 30 45 56 84 53 48 91 41 83 96 64 43 24 20 7 66 46 59 8 42 67 32 12 28 18 79 32 50 13 15 27 26 50 8 55 89 67 27 56 75 16 13 92 56 21 74 1 38 87 91 74 73 44 9 82 7 85 33 36 59 35 81 17 60 11 60 4 9 48 66 52 60 47 15 13 13 60 43 85 76 4 38 79 86 38 98 58 89 11 51 79 1 62 55 43 31 33 58 52 90 82 44 20 45 91 63 86 77 6 87 90 55 47 ; 
L 66 -28 80 32 -39 -7 32 19 37 -26 36 -10 -20 -12 34 4 -17 4 -4 30 -16 27 -33 -20 -69 -53 46 36 -48 -26 42 29 -26 35 3 4 34 43 43 -1 -46 -24 -24 61 35 -37 31 16 6 -23 3 -9 16 -47 -23 3 20 -72 -35 48 -22 11 20 -11 9 35 2 35 16 -13 -45 23 42 44 8 44 9 17 13 -44 44 -6 50 -12 -8 -39 23 -15 -22 7 76 34 -16 -68 5 -33 -26 -39 -40 2 -33 -6 17 50 -22 16 30 28 14 -41 26 -17 12 -17 47 37 34 47 -38 -65 25 -35 29 5 -3 30 -45 5 -47 -27 -11 -31 -4 36 -34 -18 -49 -70 11 30 -39 -74 5 -67 -56 -27 25 -36 -50 -33 40 16 -45 -14 -21 33 -32 37 -59 -46 37 -18 -35 24 -47 -33 35 8 -55 -8 -21 -36 -18 -7 -83 14 9 -24 -13 50 -45 -3 27 24 -9 -47 -47 -39 11 3 -12 -48 3 8 -5 13 -7 -16 1 22 -2 -22 43 -2 17 18 42 -6 -8 46 27 -5 30 -16 -7 -22 -27 54 37 19 14 -27 14 12 -27 -33 17 -20 -16 18 43 -32 20 24 -34 -9 -48 -16 46 16 -48 -17 32 -31 -43 -37 -46 -43 38 -13 -3 -11 1 25 33 -85 -8 9 -7 -12 -46 2 -34 39 -35 28 17 31 44 10 49 -32 4 -14 -45 13 -37 42 46 60 -25 42 35 44 41 42 -62 -43 13 18 -32 9 15 -32 46 11 -29 -33 -33 -82 -22 -49 -16 -43 27 -29 -44 45 -29 -46 40 12 23 -16 58 4 18 45 -38 42 41 15 34 -17 -37 5 11 -2 20 -28 -2 -20 -46 42 21 -27 -12 -28 25 20 -41 19 11 44 -33 -46 -49 -16 9 16 7 1 8 43 63 22 49 45 3 -46 11 -38 -39 44 -11 -22 21 38 3 -2 23 -46 -33 -46 -71 25 5 -16 -46 -34 -48 9 28 2 -8 -28 -18 81 57 13 49 -35 38 42 -31 11 42 50 -7 19 -26 -12 30 -18 5 -11 5 47 -5 35 48 36 -31 36 -27 48 -13 45 29 -49 26 -32 78 -1 32 -43 5 -23 20 30 47 6 -41 -1 34 -8 73 6 -40 49 47 -5 3 -84 44 -18 -27 3 -30 29 34 -33 -43 -51 -30 49 -79 48 -19 11 13 -35 2 -28 -41 40 15 37 -15 26 24 -25 64 52 26 6 -75 -15 -2 4 36 -21 36 -44 -38 46 -42 -20 48 37 25 1 -33 -18 -15 4 6 77 2 -25 ; 
16:64 39:153 6:22 19:75 18:72 30:120 30:118 15:57 13:49 28:108 24:94 28:108 2:6 35:139 6:24 2:6 32:128 16:64 11:41 7:25 35:139 16:60 1:1 24:94 40:160 39:153 14:52 32:124 26:100 14:52 38:152 25:97 1:1 37:145 38:148 3:11 14:54 28:110 24:92 15:59 34:136 5:19 29:113 26:102 26:104 12:48 24:94 4:16 32:124 1:3 35:139 13:49 12:44 32:128 14:52 25:97 11:41 10:36 3:11 6:24 6:20 37:147 20:78 14:52 24:92 21:83 36:144 33:131 18:70 8:32 18:72 37:145 20:78 29:113 28:108 16:60 33:129 14:56 22:84 7:25 30:118 13:49 2:8 16:60 3:11 6:20 2:8 34:136 39:155 25:99 25:99 39:153 20:76 41:161 22:88 12:44 8:28 8:28 40:158 25:99 2:4 29:115 25:97 24:94 7:27 33:129 14:56 24:94 15:57 14:52 34:136 3:11 2:8 35:137 17:67 30:116 7:27 30:120 16:60 36:144 3:9 17:67 11:43 38:150 28:112 11:43 18:70 18:72 12:48 27:107 2:8 11:43 15:59 16:60 4:12 20:80 11:41 29:113 46:182 32:124 29:113 15:59 22:88 32:124 26:104 6:24 35:137 40:158 10:38 4:16 3:9 17:67 14:54 38:152 23:89 16:62 16:64 25:97 29:113 9:35 16:60 14:52 28:108 28:110 33:131 5:19 28:112 37:145 11:43 29:113 28:108 12:44 22:88 16:62 3:9 34:132 28:112 39:155 1:1 12:44 9:33 28:112 17:65 22:88 38:150 21:81 27:107 18:70 35:137 14:52 37:145 14:56 39:155 23:89 18:72 37:147 6:24 18:68 34:132 36:142 27:107 33:129 6:22 12:46 36:140 14:56 3:11 39:153 17:67 24:94 1:1 7:27 34:132 28:108 2:6 16:64 38:152 31:121 14:52 14:54 39:155 38:150 29:113 3:9 38:148 16:64 40:160 7:27 40:156 12:44 6:20 6:24 36:140 28:108 1:3 33:131 5:17 21:81 19:75 9:35 29:113 28:108 57:225 23:91 17:67 11:41 3:11 3:9 6:24 10:40 22:88 7:25 30:120 20:76 27:107 23:91 26:100 29:115 40:158 5:19 16:60 6:20 34:134 39:153 28:108 24:96 14:54 17:65 19:75 34:136 36:140 13:51 22:86 10:38 16:64 31:123 40:156 6:24 33:129 20:78 35:137 20:80 6:20 6:24 9:33 40:158 8:28 32:124 13:51 36:144 39:155 12:44 35:137 5:17 22:86 11:43 31:123 26:102 5:19 4:16 47:185 8:30 14:56 13:51 33:131 2:6 5:17 9:35 7:27 27:105 19:73 24:94 4:12 17:67 1:1 38:148 5:19 20:80 17:67 22:86 9:33 19:73 27:107 24:96 40:156 24:92 6:20 8:28 19:73 21:81 24:94 39:155 9:35 12:46 6:24 16:64 8:28 12:44 5:19 25:97 5:19 23:89 12:48 12:44 8:32 35:137 20:80 3:9 33:131 45:177 37:145 8:32 22:84 35:139 11:43 38:152 40:158 38:148 27:105 25:97 34:132 22:88 8:28 25:97 21:83 33:129 30:118 22:88 9:33 44:176 4:16 12:46 16:60 6:22 40:160 36:144 38:152 14:56 16:60 32:126 35:137 16:60 40:156 24:92 36:142 5:17 18:72 38:152 39:153 38:152 25:99 7:25 4:12 17:65 30:120 34:134 1:1 16:60 6:22 40:156 29:113 13:49 36:140 17:65 32:126 32:126 7:27 4:14 36:144 18:68 27:107 32:126 31:123 41:161 38:148 25:97 15:57 26:100 7:25 40:160 8:30 23:91 24:96 34:132 27:107 29:113 3:11 21:83 48:192 27:105 18:68 44:176 17:65 58:232 30:116 11:43 31:121 11:43 30:120 15:59 2:6 4:14 37:145 28:112 18:70 6:20 24:92 40:160 32:126 22:88 32:128 8:30 1:1 11:41 38:152 13:49 7:27 38:152 30:120 14:52 37:145 3:9 60:240 34:136 12:48 18:72 35:137 37:145 34:132 1:1 40:160 11:43 32:126 15:59 53:209 8:30 26:102 16:60 14:54 24:92 27:105 33:131 20:78 4:16 21:83 29:113 11:41 26:100 7:27 28:110 11:43 32:124 12:46 15:57 5:19 6:22 40:156 36:142 16:62 22:88 19:75 ; 
L -28 33 46 50 -30 33 -1 33 -5 21 -23 45 37 33 5 -23 32 30 -14 -23 -5 22 -38 -36 10 37 3 -16 -47 -14 21 41 1 21 -46 34 -8 22 -41 -20 24 -35 -47 -47 -6 8 13 -31 5 25 23 -15 -12 3 -37 38 26 49 49 -46 -24 8 21 -10 45 -33 -50 -4 -17 24 -24 -38 -9 14 -4 35 43 45 -22 7 -10 -47 -50 46 42 17 3 -32 -46 30 2 -31 -29 -12 -36 -14 8 22 31 14 -36 16 44 36 5 -46 23 -24 41 -40 -43 -1 -23 25 4 36 -32 48 -37 9 -8 4 46 46 1 -9 6 -41 -19 44 47 -3 17 -5 -30 -2 -32 28 -2 -16 16 -29 6 -46 50 37 -1 39 7 9 44 48 8 -8 19 41 16 19 30 -19 1 32 -50 -21 15 -35 -22 -14 39 38 -29 -8 13 19 -12 19 22 -47 28 14 2 19 -38 -42 29 20 -15 -17 -49 -9 -18 -32 -49 -47 -42 -20 29 -28 -34 -23 34 -26 47 41 -47 17 24 8 -34 -10 5 7 32 -43 -31 37 -14 -28 24 36 -15 -11 -44 39 -42 -1 13 49 6 16 -40 -33 -5 6 -12 24 -19 -19 -45 -32 48 -49 -39 28 -15 -43 -6 13 38 -31 29 14 -35 9 9 25 48 42 34 -36 -33 41 4 -21 4 -6 -44 -25 24 38 40 -4 -19 -23 -46 -44 -49 -10 2 39 3 -36 -30 -42 -37 7 -15 14 48 -19 -30 34 -38 4 44 1 3 -35 36 -31 -49 2 -10 -22 9 -44 -1 -9 45 -17 5 46 11 45 -26 -44 -1 -10 -24 -19 1 -32 -24 35 -39 -24 4 -29 3 -37 -4 48 -21 -42 -45 -16 -47 -2 10 -10 2 -26 -11 29 50 18 -50 -25 35 -47 -40 34 -5 46 21 13 33 -14 30 -7 38 3 30 -46 -3 -8 -42 34 -5 -14 22 31 39 -47 -36 -28 23 14 -34 -23 37 5 21 -47 27 5 48 -31 -27 38 -16 -8 -40 -30 -37 36 28 -1 -40 1 -3 -8 41 37 -4 -3 9 14 4 43 -13 -13 -16 -35 -36 -41 13 33 -11 -18 -5 10 -43 -3 -38 -17 48 -44 -48 -33 -18 -11 -36 -23 1 8 -24 25 -46 -42 -19 1 49 9 -20 -23 -14 2 -43 -45 49 24 -8 -12 17 9 -2 22 20 7 29 29 31 45 32 -41 -22 5 -46 35 -17 -46 38 -28 44 -37 -27 -24 41 34 22 13 22 -42 -23 -43 -16 4 -35 3 -31 28 45 -29 -33 34 -2 25 -44 8 ; 
94 100 83 97 79 43 9 26 76 25 3 98 41 41 88 26 43 79 100 36 1 45 43 73 3 57 52 43 49 93 44 10 58 43 56 79 40 88 91 10 88 26 67 60 9 66 8 86 35 40 1 42 64 38 93 70 42 55 71 86 100 15 35 11 5 70 37 72 30 90 25 100 74 84 7 30 24 63 92 59 42 40 40 68 91 10 5 48 66 18 12 70 12 99 96 58 63 51 88 73 27 99 75 23 96 12 72 43 15 89 100 56 82 91 49 51 43 17 76 74 72 14 88 83 69 45 3 79 43 83 54 28 38 34 72 23 25 48 9 37 98 50 70 10 49 37 86 50 11 11 23 57 17 3 10 71 16 33 46 82 93 56 8 81 40 20 84 100 59 99 82 50 66 35 79 39 36 51 35 24 1 89 77 63 62 67 90 55 1 45 15 56 51 97 85 66 32 67 28 80 80 85 80 75 26 74 74 42 8 42 18 20 19 44 72 5 52 28 94 62 47 10 94 97 97 78 84 35 95 100 82 76 42 23 39 30 91 31 1 58 38 24 98 8 34 48 91 92 11 54 52 7 61 87 58 7 11 100 67 34 5 59 1 55 86 68 86 14 70 18 5 46 98 48 8 68 73 59 31 9 66 31 33 35 38 69 14 94 68 58 34 60 55 35 16 91 71 94 79 86 82 72 77 100 6 5 58 13 66 70 54 43 3 82 1 29 14 56 8 1 44 18 100 49 94 13 27 11 30 91 30 70 4 33 17 81 8 35 83 80 59 3 29 56 94 44 36 21 85 88 10 8 95 60 53 50 69 88 18 52 34 96 1 4 81 57 50 82 26 31 12 96 68 79 13 86 29 17 64 3 34 8 42 13 13 73 34 33 7 70 20 25 69 2 66 47 18 60 13 51 85 63 43 48 49 49 38 97 81 95 72 20 49 94 94 48 69 12 20 90 84 55 11 72 79 81 16 63 2 80 20 22 25 27 58 98 67 38 87 93 94 35 43 48 62 46 43 12 8 13 96 18 20 55 94 89 21 42 52 9 19 99 73 27 17 61 67 3 85 56 36 22 87 4 30 73 17 81 38 44 74 19 60 94 79 16 54 74 4 65 49 86 40 54 28 85 73 28 47 99 92 ; 
L -28 33 46 50 -30 33 -1 33 48 44 -48 -66 17 38 -31 -8 5 33 40 -42 -23 70 -43 -16 4 -14 24 36 -15 -11 -44 39 -42 48 -49 -39 28 -15 -43 -6 13 38 -31 29 14 -35 9 9 25 48 -40 1 10 -43 -38 27 31 -48 -69 -5 -27 47 13 -4 -14 -9 3 4 6 -12 19 -48 -14 -7 37 42 38 3 30 -46 -3 -8 -42 -5 -14 22 31 80 35 16 13 39 -47 -36 -49 2 20 38 26 -39 1 72 -21 -4 38 -34 30 -42 -45 -47 -16 -47 -2 10 -10 2 -26 -11 29 50 18 -25 35 -47 -40 34 -5 46 21 -44 -9 -7 49 82 6 -4 21 -4 -41 33 -53 -16 -41 -19 8 -48 24 32 -43 -5 -24 41 34 4 -14 9 -8 4 46 -41 -19 43 -44 -1 -23 25 4 36 -32 48 -37 -31 1 -9 6 35 -17 -46 -28 44 -37 8 -24 -5 10 34 -8 -24 -17 47 -75 -22 -22 35 -13 -29 -29 -7 -61 37 -3 12 15 36 -14 -16 -32 -24 35 -39 4 73 -2 25 -23 -25 -5 31 -13 -8 6 47 47 35 -24 -8 13 -12 19 22 -47 67 28 -44 68 -25 24 38 40 -4 -19 -23 77 -46 -44 -10 2 71 85 39 3 -36 -30 -56 7 -30 14 -33 -13 44 1 3 -35 36 -31 -10 -22 9 -44 -1 -9 45 58 60 5 46 11 84 44 36 5 -46 23 -24 42 34 -36 19 30 -19 1 32 -50 -21 41 1 21 -46 34 22 -41 29 20 -15 -17 -49 -9 -18 -34 33 -12 -36 -14 8 22 -18 -11 -36 -23 1 -27 -37 23 34 -14 -23 28 -64 2 -17 8 -24 -49 45 43 14 23 20 -49 -1 19 42 46 -25 7 -19 -19 -45 -32 8 3 23 14 -30 -32 23 -5 -63 -33 -37 -45 23 -21 -33 11 -33 41 36 -1 41 -40 47 79 -3 17 32 43 45 -22 7 -37 -50 46 -6 29 -16 16 -28 -74 32 2 5 -45 -41 45 -26 -44 -1 -10 -24 -19 54 1 41 37 -40 76 -30 -37 36 81 -21 -31 37 59 -20 -46 -24 8 21 -10 45 -33 -50 -17 51 24 -32 -49 -47 -20 29 -28 -34 34 42 -83 38 -19 -2 -38 -39 14 22 35 -21 14 47 16 -3 -37 -10 36 -78 38 -22 5 5 18 13 49 16 29 -45 -28 -52 31 -3 35 -26 47 41 29 31 -2 -30 46 -65 32 -3 -62 -17 -42 -46 50 10 -48 37 -55 -3 29 -24 -38 -9 -57 46 -5 22 -44 8 ; 
38:150 40:160 34:132 39:155 32:126 18:68 4:14 12:48 32:128 1:3 26:100 38:148 8:32 13:51 37:147 11:43 30:116 17:67 31:121 26:104 32:126 0:0 28:108 22:86 30:118 11:43 18:72 25:99 19:75 4:16 38:150 39:155 39:155 7:27 10:38 40:156 4:12 14:54 20:76 37:145 37:147 5:17 22:86 21:83 3:11 25:97 35:139 24:92 3:11 5:17 39:153 21:81 36:140 5:17 50:196 48:190 3:11 14:52 31:123 26:104 30:116 6:20 8:28 16:62 33:129 39:155 16:60 20:78 12:46 16:62 10:36 24:92 28:108 42:168 28:110 16:60 19:75 39:153 1:1 2:6 33:129 23:91 20:80 36:142 13:49 5:19 39:153 24:94 28:108 38:150 20:78 17:67 32:126 6:20 18:70 29:115 22:84 37:145 17:67 4:16 20:80 60:240 8:28 6:22 14:56 22:88 24:96 19:73 7:27 4:14 38:148 4:12 14:56 34:132 32:128 24:94 2:4 12:46 23:89 38:150 18:70 5:19 34:136 36:140 4:16 4:12 38:152 24:96 22:84 36:144 10:36 5:17 23:89 21:81 52:204 28:108 35:137 22:88 1:1 24:94 24:94 31:123 7:25 29:113 4:16 1:1 11:43 13:51 18:70 19:73 4:14 16:60 18:70 22:86 3:11 34:134 39:155 6:22 36:140 24:92 18:68 18:72 47:185 38:150 33:131 37:145 20:78 21:81 18:68 7:27 31:121 28:108 34:136 18:72 2:4 60:240 15:57 9:35 24:96 12:48 30:116 10:40 27:107 20:78 8:28 17:67 4:12 17:67 30:118 30:118 24:96 40:160 18:70 20:80 14:54 12:48 40:158 8:30 4:14 2:4 38:148 16:60 26:102 19:73 11:43 1:1 4:16 40:160 20:78 38:150 9:33 30:120 18:68 12:44 27:105 1:1 16:64 14:56 35:137 4:12 27:105 4:14 24:96 27:107 11:41 13:51 27:105 15:57 16:62 15:57 21:81 14:54 16:62 36:140 34:134 4:14 28:112 8:28 2:8 19:73 40:156 20:76 27:107 15:59 28:108 23:89 13:49 13:49 7:25 8:30 27:105 13:49 14:52 21:81 12:46 21:83 8:28 36:140 28:110 8:32 37:145 29:113 38:150 32:126 35:137 40:160 40:160 3:9 2:8 24:92 6:20 27:105 34:134 27:107 36:140 18:68 2:4 33:131 25:97 10:36 39:153 5:19 29:115 18:68 8:28 27:107 14:54 16:62 19:73 33:131 38:148 23:89 4:12 33:129 2:8 24:92 18:68 23:89 32:126 42:164 37:145 14:52 27:107 36:144 22:88 1:1 18:72 6:24 23:89 34:136 26:100 39:153 24:92 26:100 21:81 26:102 9:35 10:40 11:43 24:92 36:144 32:128 14:54 2:4 26:102 7:27 12:46 40:158 15:59 40:160 28:112 8:32 8:28 39:153 6:20 2:6 18:68 19:73 27:107 18:68 14:56 38:150 38:148 35:139 4:14 32:124 13:49 1:1 24:92 18:72 26:100 8:30 15:57 40:160 32:126 18:68 11:41 31:123 13:51 17:65 17:65 40:156 2:4 31:121 25:99 8:32 1:3 20:76 39:153 6:22 36:142 16:60 30:120 18:70 16:60 1:3 30:116 26:100 37:147 24:94 10:40 15:59 20:78 4:16 28:112 20:80 40:156 2:4 14:56 22:88 10:40 15:57 20:78 16:60 28:108 1:1 12:46 6:22 23:89 4:12 1:1 24:92 29:115 39:155 20:76 16:62 38:152 22:88 27:105 19:75 5:19 13:51 28:108 2:8 27:105 35:137 44:172 40:160 6:24 14:56 5:17 2:8 28:112 15:59 12:48 25:99 20:76 12:48 21:81 39:155 59:235 13:51 27:107 12:44 34:136 30:120 30:116 18:70 31:123 36:142 4:16 40:158 24:94 40:160 34:134 6:22 18:70 38:148 20:78 18:68 21:83 23:91 2:4 36:142 11:43 18:68 18:72 14:54 34:134 19:73 14:56 8:28 42:168 22:86 16:64 35:139 2:8 20:78 26:104 7:27 32:128 30:120 38:150 5:19 28:112 5:19 8:28 12:44 16:60 20:76 26:102 10:40 4:16 37:145 28:108 24:94 15:59 32:126 34:134 20:78 12:48 31:123 40:160 20:78 4:16 6:24 34:136 2:4 17:65 40:158 37:147 ; 
L -46 5 28 -13 47 11 5 -21 -46 34 41 -4 5 20 -23 -12 45 27 -37 14 46 36 21 14 24 36 27 -35 -26 10 -8 16 -9 37 -44 3 24 -25 7 -35 -6 -2 -37 6 10 -39 -7 43 -15 -9 36 -6 -42 -20 -8 8 41 31 42 -32 -31 19 12 45 8 29 -35 48 35 7 16 38 -31 -34 15 8 6 2 -1 46 30 -20 40 -20 23 32 -38 37 -21 7 -42 16 -26 -20 22 -50 -41 -5 41 26 47 28 27 -50 -44 -48 17 44 -47 43 -15 46 45 -47 1 15 42 32 -37 45 4 25 14 -9 27 13 23 26 -36 -5 -34 -31 -47 30 2 -32 -18 -17 -10 42 -1 10 -3 14 7 -32 30 -10 -50 36 -45 12 5 19 36 -29 3 8 -31 16 -45 41 32 30 -44 4 35 -28 -34 19 -29 36 3 -27 -25 -17 -11 -7 37 42 -33 45 6 -9 46 43 13 31 31 11 49 47 -24 35 33 -5 -35 2 -42 -35 4 -8 -29 -41 43 35 -21 -33 17 37 -2 43 9 14 43 22 19 -33 -2 -35 -42 42 21 -35 19 -6 31 -1 30 3 -29 12 -9 -35 -13 25 30 -32 -20 -36 -9 26 46 -8 36 -41 4 42 20 -46 -34 38 50 31 11 -39 3 39 -29 1 -8 -11 12 -46 -48 6 33 30 -39 47 -39 45 -4 -28 10 -39 48 27 -42 -9 -4 -32 5 8 -8 40 14 27 -19 -46 50 -47 44 42 -3 -16 -19 -25 -22 1 4 -6 42 17 50 -5 -24 43 -40 32 -39 42 35 35 -38 -49 -11 33 -7 5 -29 35 38 41 -36 -31 1 -26 43 47 23 -37 -18 -29 18 10 13 49 10 -24 -2 -42 27 30 5 18 26 -37 -23 18 -28 -30 32 -48 -23 -25 -5 4 -46 2 23 32 30 1 -25 46 -7 8 -28 2 -3 -32 -44 -17 -47 25 26 -28 -23 40 43 -50 -8 12 -16 3 -49 -8 26 46 9 -12 30 33 -5 -46 -3 10 -2 -17 -34 -36 41 34 -25 35 35 35 32 -47 11 29 35 -32 1 -34 32 3 -43 -23 46 -22 -21 -31 9 40 36 28 35 14 -16 31 -1 -17 17 29 40 46 20 -42 9 -29 -18 -13 17 35 -26 -19 -20 35 -26 -27 -44 -27 -3 37 12 8 17 -21 14 19 7 -40 -3 -32 -34 20 33 44 49 -15 48 34 46 -26 13 -6 -5 23 14 -19 11 46 46 -20 -50 -10 5 -11 -31 -9 -41 9 -9 -8 -8 -16 -10 -38 ; 
90 76 65 38 7 37 47 10 69 80 97 39 56 43 24 12 38 21 60 82 78 94 39 38 50 57 81 52 16 59 37 39 73 57 26 24 95 78 21 51 10 81 40 9 30 72 85 71 75 61 68 86 78 90 83 98 87 61 41 59 60 4 46 27 37 40 64 11 1 48 91 53 50 49 40 26 92 30 96 91 82 57 6 9 96 79 97 44 30 32 5 1 49 30 99 51 14 68 24 75 97 86 59 88 7 76 83 68 60 58 20 49 58 49 94 52 82 55 15 89 6 5 15 81 60 87 100 99 80 58 38 74 30 22 97 42 21 75 97 19 61 6 93 44 15 49 2 55 9 65 10 54 40 52 51 45 40 17 99 13 76 19 63 78 76 81 70 27 20 59 93 91 89 59 42 88 20 2 65 74 82 18 63 99 44 54 82 26 61 8 55 13 22 41 1 88 27 15 85 9 52 44 45 16 40 75 25 2 37 99 84 3 7 68 73 96 32 77 60 59 85 46 33 17 18 47 21 16 66 89 39 26 9 17 5 35 49 34 49 23 47 74 51 5 83 44 57 15 90 93 76 92 69 30 1 78 22 92 33 33 14 41 53 7 51 81 16 80 28 29 77 54 5 86 30 46 11 40 33 56 36 48 87 5 4 47 76 8 87 9 44 34 40 51 18 41 21 18 5 66 59 60 94 8 70 71 15 2 78 57 32 46 100 35 9 59 75 93 62 32 57 86 27 23 100 23 91 59 80 8 14 82 34 58 62 11 4 30 68 97 86 58 63 2 70 86 57 74 54 80 32 64 55 11 36 61 79 12 79 16 30 21 5 45 31 22 99 41 4 81 83 15 3 12 56 47 85 66 55 50 61 70 93 61 51 60 38 6 7 76 83 79 99 23 25 76 28 83 66 5 89 89 41 30 66 66 73 52 28 57 30 72 29 3 82 32 87 50 39 13 16 7 90 24 2 78 13 47 1 92 75 33 20 64 3 38 53 73 59 91 84 14 38 11 39 34 23 46 20 100 8 63 42 96 80 85 52 86 73 77 74 86 20 37 98 90 79 39 91 72 8 41 48 23 55 54 19 24 65 69 72 99 15 28 30 76 54 60 90 24 77 28 25 75 22 69 94 14 73 65 33 ; 
L 5 28 -13 47 11 5 -21 -46 34 41 -35 25 -34 -41 36 41 72 -28 -8 34 17 -10 -50 -41 -5 41 26 47 45 8 29 -35 48 7 16 60 38 -31 -34 15 -62 31 -1 30 3 -29 12 -9 -35 -13 -17 13 18 47 17 32 3 -80 -46 -30 -58 -33 45 6 35 -26 -19 -20 35 -26 79 -44 -27 -3 37 12 8 17 7 -56 -20 -36 -9 26 46 12 -16 -2 3 -49 -8 26 46 9 -12 33 75 -5 -46 -3 37 6 -7 25 -24 -3 44 -37 9 8 -83 -10 32 -30 5 20 -23 -12 45 27 -37 14 46 36 21 14 24 36 27 -35 -26 43 -50 -8 -22 -21 -31 53 -40 -63 20 -30 -46 1 -2 -6 -8 9 -29 39 -30 -33 -6 46 -12 -76 -57 11 8 -19 -14 21 78 12 -9 -8 2 13 49 10 -15 -1 47 69 10 -39 -7 66 7 -32 30 -10 36 43 -15 -9 36 -6 35 2 33 -19 -22 -43 42 -35 -4 -30 -32 -41 45 -16 -61 31 -34 19 -29 36 3 -27 -25 -17 -11 -7 37 52 -18 11 46 46 -20 -29 -54 17 1 -31 16 -14 -19 -5 7 -33 11 38 70 -15 48 34 46 -26 13 -6 25 14 51 64 -42 27 -1 29 -39 -3 -82 39 -11 -31 -50 -38 -5 36 -1 10 -3 14 -45 -24 33 65 -35 2 -42 -35 4 -8 -29 -41 43 35 -21 -33 17 8 73 -8 8 41 67 31 42 27 13 23 85 -36 -34 -31 -47 30 -32 -18 -17 40 46 20 -19 -20 22 6 -45 -46 15 -43 47 -44 -17 48 44 50 -27 -28 47 -39 45 -4 -28 10 -39 48 27 74 -42 -9 -4 -32 8 -8 40 14 27 -19 -46 50 -47 44 42 -3 -16 -42 23 30 1 -25 -32 -31 -46 23 43 -32 34 -1 32 26 -55 -16 42 21 -37 38 -81 -32 -23 20 9 40 36 36 -29 3 -29 38 41 -31 1 -26 43 71 23 14 -19 -11 -31 -31 -13 -43 25 4 35 35 -47 11 29 35 -8 47 23 -37 -26 -16 -8 -25 -19 -22 1 4 -6 42 17 50 -10 -77 -14 -9 -43 2 -37 -59 -9 41 9 31 -5 10 50 -24 43 -40 32 -39 42 35 35 -49 -44 -33 -20 34 32 3 40 -7 -42 -40 23 28 -18 -29 49 47 42 21 -35 19 -6 68 -2 -4 5 -84 25 23 48 -32 30 28 -18 23 37 -26 -18 -5 2 24 42 32 -37 45 4 34 46 -20 -42 -4 -5 -12 42 -42 -20 -28 -10 -38 ; 
16:64 26:104 16:60 3:11 15:59 19:75 4:16 28:110 32:128 39:155 17:67 27:105 27:105 12:48 17:65 39:153 18:72 20:76 1:1 26:104 36:142 12:46 21:81 6:22 28:108 10:38 30:120 39:155 35:139 15:59 16:64 26:102 5:17 2:8 37:145 14:54 31:123 20:80 20:78 16:64 21:83 8:32 7:25 27:105 36:142 16:62 11:41 4:14 7:27 2:8 26:100 16:62 5:17 19:75 23:89 3:11 6:24 23:91 13:51 20:78 24:94 4:12 8:28 26:100 21:83 10:36 19:73 8:32 40:160 4:12 7:25 39:155 39:153 32:128 34:136 21:83 35:137 30:116 14:56 15:59 8:32 10:36 19:75 30:118 21:81 8:30 21:81 11:43 32:128 16:60 3:9 3:11 31:121 34:132 32:126 10:36 18:70 19:75 31:121 12:44 31:121 30:118 5:17 9:33 32:124 38:152 10:38 11:41 23:91 25:99 33:129 4:12 25:99 14:54 20:78 18:68 10:38 5:19 16:60 9:33 24:96 33:131 32:124 38:150 16:62 16:60 20:80 23:91 33:129 21:83 7:25 12:48 28:112 38:148 20:78 36:144 10:38 6:24 11:41 25:97 9:33 23:91 33:131 37:145 39:153 12:48 37:147 26:104 6:22 12:46 12:44 32:128 7:25 19:73 3:11 15:57 36:144 16:60 17:65 6:22 35:137 30:118 34:136 20:80 29:115 28:110 26:100 27:107 12:48 28:108 66:264 21:83 38:150 20:76 28:112 29:115 34:136 30:118 4:16 20:78 1:3 22:88 4:14 7:25 30:120 25:97 28:108 35:137 48:190 24:94 24:96 31:123 13:51 39:153 8:30 30:118 28:112 23:89 32:124 26:100 8:30 31:121 13:49 26:102 48:188 24:94 38:148 37:145 36:142 24:94 17:67 36:140 8:32 1:3 26:104 1:3 22:84 11:43 12:44 12:48 31:121 19:75 11:41 40:160 26:102 8:32 14:52 30:120 14:56 36:140 13:51 25:99 38:148 4:16 10:36 35:139 20:76 10:36 22:88 22:86 8:30 10:38 12:48 6:24 21:83 3:9 25:99 26:100 8:32 14:52 14:52 37:147 20:80 23:89 32:124 1:1 12:48 28:110 37:145 26:102 10:38 3:9 38:148 18:70 11:41 9:33 11:43 10:36 27:107 6:24 34:136 4:14 21:83 18:70 18:72 7:25 16:64 30:120 10:40 1:3 15:59 9:35 15:57 18:70 40:156 35:139 16:62 23:89 17:65 44:172 35:139 40:160 29:115 10:40 6:22 30:118 12:48 9:35 11:43 9:33 30:120 18:68 30:116 24:94 22:84 10:40 40:158 7:25 36:140 24:92 20:78 8:32 24:92 24:96 28:108 34:132 31:121 3:11 36:140 24:94 9:33 31:123 22:86 2:8 35:137 12:48 19:73 5:17 16:64 9:35 8:32 23:89 15:57 20:76 5:19 2:6 19:75 31:121 4:12 35:139 4:14 18:70 14:54 16:64 21:81 8:28 17:65 16:64 16:60 5:17 18:72 13:49 34:132 24:96 2:6 7:25 6:20 29:115 35:139 13:51 33:131 4:14 10:40 21:81 1:1 8:28 12:48 18:70 17:67 22:88 32:126 39:153 17:65 32:124 6:20 22:84 18:72 16:64 6:22 38:152 10:36 48:188 37:145 24:94 32:128 40:156 35:139 29:115 40:158 22:86 4:12 25:97 11:41 33:131 14:54 23:89 28:112 21:83 2:4 12:48 29:115 12:46 2:6 32:128 6:22 33:131 27:105 27:105 24:96 35:137 19:75 7:25 27:105 24:94 24:96 38:150 4:12 28:112 40:160 30:118 6:20 28:108 3:11 2:4 34:134 30:120 34:132 30:120 10:40 12:44 40:158 36:144 24:96 30:118 1:3 32:124 23:91 13:51 19:73 40:160 14:56 20:78 4:12 29:115 37:145 16:62 32:126 36:144 40:156 15:59 44:176 38:152 20:80 22:88 14:54 24:92 21:81 6:20 8:30 14:52 7:27 8:28 19:75 31:123 30:120 11:41 5:19 28:110 30:118 25:97 15:57 5:17 22:88 26:102 13:51 32:128 22:86 30:118 23:91 35:137 19:75 35:137 6:22 22:88 6:24 36:142 3:9 17:65 31:121 38:148 36:144 6:24 4:14 16:64 33:131 18:70 36:144 22:86 29:115 26:104 14:52 ; 
L -43 -45 27 -40 42 -35 -18 -11 -19 16 -39 32 -14 -2 37 2 10 48 -12 -41 16 -44 30 24 -38 -17 -43 42 21 -32 33 4 -3 -49 23 15 40 12 23 49 9 -42 23 10 -2 19 -24 -49 41 8 5 40 27 -37 -15 10 -37 -28 -6 -12 -21 -30 20 30 -32 -34 -14 -20 1 -18 8 50 25 -33 -35 33 9 -20 30 -3 42 30 -40 6 25 14 -2 -25 -21 37 35 -16 -16 -1 24 11 -11 -17 -28 -17 49 -37 33 -49 -49 -27 -11 -22 -43 45 -8 47 31 -33 -9 35 28 -15 -5 -4 -18 25 22 -30 12 -38 49 -38 -46 -8 44 9 11 21 -22 33 -35 -16 -27 5 19 17 -50 22 -48 21 34 27 -16 -15 46 -47 -31 -37 28 -8 -35 -18 -23 33 20 -29 -45 40 16 -24 46 -37 45 -7 9 15 -4 -2 49 -3 49 37 -33 16 13 43 -38 38 -24 8 -36 -48 -22 -44 20 30 38 -47 20 1 33 -42 -47 -22 -6 45 -36 -3 -34 24 -37 23 5 -29 9 17 38 25 -7 33 45 11 34 21 -1 37 -5 24 20 16 -34 -39 -36 -16 -26 27 -29 43 17 -43 2 -36 16 -40 -10 -35 34 20 20 37 11 6 34 4 48 -42 18 22 -33 -13 6 -34 -22 -48 -24 46 49 -45 18 25 10 33 -35 -40 28 40 22 2 47 -9 22 10 -3 42 22 -7 -44 48 -22 -21 32 10 29 -36 -7 48 31 19 46 -45 47 -19 -47 -38 -25 44 1 -50 31 20 -2 -6 46 20 -36 9 19 25 -21 -1 45 4 -9 -36 28 11 7 34 3 -25 -32 -23 8 35 -31 22 3 13 -12 32 -2 -39 37 -16 50 4 39 -11 -41 34 40 -11 -21 37 -12 -48 -26 32 22 -40 -25 9 -26 -39 -15 -25 -47 10 -5 23 -23 4 -20 30 6 21 -1 26 -37 25 1 48 -46 35 -27 -19 11 -18 30 16 -39 29 45 -42 -32 -47 -32 -34 -4 -40 33 -35 46 -13 -31 -2 12 14 15 6 14 -16 16 -39 50 13 -17 -3 -44 15 -13 9 17 13 8 -43 4 30 -7 -34 36 -21 34 -25 21 28 16 6 24 -25 43 -34 -46 40 14 8 25 32 -16 16 -23 -17 13 -7 -36 39 32 41 -8 -1 -15 46 -31 29 17 -11 -50 12 -13 11 1 -41 35 -5 42 -19 32 -43 2 -13 -34 -6 10 -22 11 17 36 -30 -7 45 -17 40 23 49 -15 -27 -43 38 16 -8 44 35 22 35 ; 
10 97 71 57 61 95 30 67 31 33 49 37 10 98 55 49 94 6 89 50 95 41 35 91 85 35 91 77 5 75 18 79 20 12 82 25 38 48 67 62 15 33 93 87 59 24 35 35 65 56 33 27 21 85 14 81 14 42 51 31 51 58 43 10 82 96 96 29 87 31 97 19 65 46 73 52 92 49 97 70 73 46 63 84 63 31 96 6 91 35 49 78 59 69 97 25 86 96 36 44 89 39 73 57 10 70 72 91 28 86 94 16 76 5 21 79 9 43 92 85 68 13 56 41 3 85 53 85 9 74 64 53 20 9 51 37 21 83 33 84 81 54 48 40 63 96 61 43 74 41 96 55 56 41 99 64 90 6 79 65 32 18 5 48 74 1 13 56 91 96 40 18 90 86 14 49 81 2 49 50 10 69 53 34 58 36 74 92 18 86 42 84 51 58 12 96 64 99 57 14 76 69 55 91 77 64 58 10 79 85 21 78 38 53 58 58 81 51 15 49 8 53 39 77 7 86 30 56 90 60 19 76 13 20 28 8 83 81 74 73 31 100 56 79 16 100 17 73 21 2 16 60 59 53 33 100 11 15 59 10 5 16 45 10 16 9 72 33 26 74 77 51 39 17 20 93 1 67 54 52 10 19 87 73 17 38 69 94 10 88 85 100 42 92 7 96 46 56 45 16 11 86 65 94 56 36 100 73 93 12 43 25 46 13 71 95 60 51 59 20 63 44 53 33 7 79 35 20 89 96 20 84 47 63 14 62 72 67 60 4 72 32 5 64 73 3 93 31 49 35 82 44 100 58 55 57 28 70 83 64 59 83 59 33 84 87 59 11 74 51 73 29 90 44 9 62 29 1 70 38 4 96 62 80 96 99 78 27 93 55 22 6 23 96 1 19 39 77 25 33 33 85 7 16 39 75 52 51 52 74 66 11 99 84 48 65 66 36 90 30 59 2 93 96 96 32 42 54 13 86 93 19 73 67 90 8 50 92 89 13 21 75 96 38 8 69 65 52 61 61 40 45 58 95 39 53 23 96 77 47 60 13 13 41 11 31 81 16 50 18 64 82 88 86 83 34 29 92 23 72 42 73 6 25 50 25 30 5 86 20 30 29 54 7 85 54 60 5 86 4 98 ; 
L 83 3 -1 -15 46 -31 23 18 35 8 -6 40 30 38 -47 20 75 1 33 -42 -47 -22 80 36 -8 31 -78 47 15 16 -27 -34 -21 48 -22 -17 -19 -61 27 16 -33 22 -21 -11 -9 16 -23 -17 13 -7 -36 39 32 41 -8 -30 -14 -2 37 2 10 4 39 -11 -41 34 84 40 -11 -21 37 -12 -48 -26 32 6 -34 -22 -48 -24 46 49 -45 22 -40 9 -26 -39 -15 -25 -47 10 -5 23 -23 4 -20 30 6 21 26 -37 1 48 -46 17 11 11 4 30 -58 43 -34 -7 -11 -28 36 9 -4 -45 1 21 -25 -46 6 -20 50 12 -13 48 -12 -41 16 -44 30 24 -40 -77 -65 -35 9 33 -82 -31 -47 49 -3 49 -35 37 -33 16 13 16 -35 -37 21 25 -35 -40 4 5 15 -28 -43 29 -27 26 -9 29 -5 -23 19 -24 69 -49 41 24 2 -14 -25 45 -42 -32 -47 -32 33 -16 38 25 -7 54 45 11 34 21 -1 37 11 6 34 4 48 -42 81 18 40 17 36 -30 -7 45 -17 -3 42 22 -7 -44 33 -25 -50 -8 18 -1 20 14 34 32 -79 -85 -30 -20 -32 39 -16 19 11 18 35 -42 40 45 1 -41 35 -5 -19 71 -36 16 -40 -10 -35 20 20 -28 37 17 -43 2 -1 -44 47 19 -47 45 -46 -19 -31 -48 7 36 -29 -10 -52 21 22 -70 -48 -18 25 22 -30 12 -38 72 -38 -17 38 -9 -49 -12 -16 -23 49 -38 -46 -8 76 44 49 -15 -27 -43 -11 -24 1 16 -51 43 -38 38 36 39 34 -16 -20 -24 -35 46 55 -13 -31 -2 12 14 15 6 14 -16 16 -39 50 13 -17 -3 64 -44 15 -13 6 24 -25 43 -46 40 14 8 32 -16 -25 8 74 56 -38 -3 23 42 15 40 -37 23 -33 -10 -25 -18 13 33 -22 -59 -5 -8 -60 42 -4 -33 32 -21 -42 43 22 -10 6 -62 34 13 -2 43 -32 -28 -35 33 9 -20 30 42 30 -20 44 22 48 -6 45 53 -36 -37 63 2 -10 50 11 -17 -29 66 33 20 -29 -45 40 35 -27 -19 11 -18 16 -39 29 37 40 22 47 9 17 13 8 -43 27 -37 -15 -45 43 22 11 27 49 49 -33 37 -49 17 21 28 67 16 -9 22 10 -28 -6 -12 -21 -25 -32 -23 8 35 -31 22 3 13 32 -2 -39 44 37 -16 50 73 11 -7 -34 36 -21 34 -25 -57 28 16 -24 46 -37 45 -7 9 -68 2 -15 10 22 35 ; 
7:25 9:33 5:19 10:36 39:153 31:123 7:27 32:126 3:9 36:144 42:168 34:134 17:67 21:81 24:92 5:19 32:126 21:81 26:102 40:158 23:91 6:22 4:16 24:96 30:118 27:105 9:35 38:152 26:102 17:65 30:118 18:68 25:97 39:153 26:100 2:4 22:86 39:155 27:105 14:52 24:92 15:59 21:81 4:14 8:32 58:228 26:104 21:83 25:97 25:97 16:64 18:72 24:92 38:152 16:62 40:158 8:28 40:156 22:88 20:78 38:150 8:32 2:8 26:102 30:116 2:4 6:24 35:139 13:49 20:78 14:56 33:131 18:70 40:160 24:92 7:27 6:24 24:94 4:16 2:8 7:25 18:72 4:16 22:84 23:91 6:24 34:132 26:102 24:94 34:132 24:94 14:52 34:134 35:139 24:94 5:17 30:118 21:81 30:116 12:46 4:12 4:14 20:76 1:1 28:112 14:56 39:153 13:49 32:128 39:153 21:83 37:145 3:9 14:52 22:84 18:70 26:100 8:32 24:94 21:81 24:96 38:152 29:113 2:4 38:148 25:97 25:97 44:174 5:17 2:6 36:142 20:80 38:152 17:65 14:56 37:145 31:121 17:65 18:68 11:41 32:126 9:33 15:57 6:24 31:121 54:212 20:78 33:129 22:84 5:17 20:78 20:80 4:16 29:113 32:124 20:78 14:56 37:145 12:46 23:91 27:105 34:136 37:147 18:68 14:56 8:32 6:20 31:121 9:35 9:33 34:136 32:126 14:54 14:56 22:88 8:30 26:104 20:78 14:54 39:153 13:49 24:96 22:88 9:35 3:9 10:36 7:25 29:113 9:35 22:84 24:92 21:83 32:126 21:81 6:24 20:78 4:12 22:84 6:20 30:116 9:33 1:3 7:25 24:96 30:116 2:4 21:83 24:94 3:9 10:40 20:80 10:40 12:48 14:56 21:83 4:16 8:30 35:139 54:216 19:73 26:104 8:30 39:155 13:49 35:139 12:46 39:153 39:153 1:3 40:156 20:76 4:16 14:56 15:59 20:78 14:52 13:49 27:107 12:48 38:152 25:97 7:25 7:27 7:25 20:80 8:28 13:51 34:134 26:100 30:118 30:116 13:49 40:160 38:152 7:25 32:124 40:158 32:124 4:12 34:132 5:17 26:104 15:57 18:72 23:89 19:73 39:153 3:11 37:147 17:67 40:160 34:136 36:140 4:16 32:126 22:84 16:60 20:76 2:6 15:59 6:20 23:89 17:65 2:4 34:136 2:8 50:196 14:56 11:43 12:44 6:24 24:96 10:40 20:78 11:41 34:136 4:14 30:118 15:59 14:54 5:17 12:48 12:46 22:86 26:102 10:40 39:155 28:110 6:20 39:155 22:84 14:54 27:107 36:144 23:89 12:48 35:137 3:11 26:104 17:67 26:104 9:35 14:52 34:136 3:11 7:25 16:62 30:120 21:83 21:81 21:83 30:118 27:105 5:17 40:158 34:134 31:121 34:132 26:104 27:105 20:78 36:144 4:12 20:80 60:240 6:20 9:33 30:120 50:196 4:12 4:14 28:112 22:88 37:147 23:89 7:27 10:38 33:129 24:92 16:60 14:56 16:64 21:81 14:52 29:115 4:14 5:19 40:160 14:52 4:14 34:134 14:52 40:156 22:88 14:54 32:126 8:28 30:120 2:8 31:123 42:166 29:115 10:36 40:156 13:51 12:46 14:54 34:132 35:137 17:67 22:84 21:83 37:147 20:78 39:155 56:222 19:73 42:168 17:67 35:137 8:28 42:166 28:110 5:19 26:104 23:91 39:155 1:3 24:94 33:131 6:20 6:20 24:96 38:150 40:156 13:51 8:28 2:8 20:76 13:49 2:6 39:153 25:99 32:128 6:22 32:124 11:43 31:123 15:57 16:62 8:28 10:38 36:144 12:48 24:94 1:3 20:76 34:136 6:22 23:89 35:137 12:44 37:145 29:115 28:112 4:16 23:91 30:116 16:62 36:142 39:155 8:30 27:107 33:129 50:196 1:1 27:107 10:36 21:81 13:49 21:81 32:126 14:56 8:32 36:142 39:153 8:32 34:134 19:75 26:100 18:70 29:115 27:107 29:115 9:33 2:6 29:115 6:24 13:51 53:211 13:51 17:67 22:86 6:20 35:137 10:38 33:131 33:131 1:1 6:20 23:89 37:145 39:153 16:64 25:99 2:6 40:156 17:67 20:76 2:6 40:156 ; 
L -21 29 5 -29 -36 -34 -4 44 -25 -48 -21 -3 40 16 -20 -22 9 -50 -25 -48 -23 16 -37 -6 36 14 2 42 20 26 6 22 41 27 19 -41 -38 2 33 -28 18 44 -35 -3 21 16 48 33 -19 11 -19 -20 1 -29 -8 -50 40 30 -15 -12 -41 -48 26 45 -5 -10 50 -48 -50 -32 8 4 -27 -12 -5 -28 -6 -27 -9 33 -6 18 -46 -12 22 19 -42 36 21 45 27 -40 28 -7 40 36 -48 -46 -44 5 -23 22 45 -34 -14 -38 -15 36 -40 -17 -50 -7 26 41 -29 47 4 -43 -12 -48 16 -44 -37 13 -13 -27 -5 -31 -30 -4 4 26 14 -41 44 50 -1 50 -34 -36 11 -2 -42 -5 -24 -21 47 -9 43 45 44 -10 -16 34 -28 -1 -29 -17 7 -5 -29 44 -30 46 -24 -32 -34 -34 -10 -15 24 25 -31 -49 1 -20 -14 45 47 -10 11 -34 -12 -42 -10 -9 -45 -10 -21 9 18 26 -1 -16 -13 28 -22 -40 -9 -43 39 23 -29 1 -12 -41 -48 31 -39 17 35 -18 -12 20 -12 -23 44 7 -11 43 39 -33 -39 12 37 49 15 -12 32 26 -30 32 10 -22 -12 43 38 -10 -4 10 -31 47 1 38 11 -22 -2 -34 -30 -26 -22 -19 8 -41 -27 -5 -1 14 12 40 14 42 -46 -45 13 -17 -32 49 29 49 -24 -23 -19 44 12 -8 24 -26 -46 44 -32 41 -5 33 45 31 45 7 -38 -19 2 -41 14 -39 49 -9 -24 -27 31 -3 -48 -1 -33 2 50 31 -28 -8 -21 44 -15 -38 32 -2 -4 11 47 -3 47 -25 24 -44 -39 46 44 7 27 -1 -12 -15 -6 -27 -25 16 16 26 -20 14 45 36 50 20 44 47 -41 -19 -40 50 -28 19 -26 5 -15 -31 36 -5 -34 -42 1 -20 -9 47 -44 19 18 6 -7 32 -43 -26 -6 -15 -4 -39 47 -44 -33 -19 48 -13 -42 -32 -43 -13 -7 -1 27 41 8 27 45 40 5 28 29 -28 6 -9 -14 20 -40 15 4 13 -7 -2 19 -49 -11 48 -49 -41 -42 -48 -46 23 -15 19 41 -31 -26 48 17 -2 38 -39 -34 8 27 -4 -4 -12 50 -6 28 36 40 39 20 -24 -12 1 3 -42 -25 19 -19 -33 31 26 -23 -31 -16 -44 -16 -24 -50 7 -31 2 25 33 -44 36 -43 2 -35 30 -11 33 10 -8 4 17 -11 43 49 -7 40 37 -49 43 -29 -20 10 20 38 48 -15 47 41 18 3 -21 -17 43 14 -50 -48 41 ; 
16 39 15 1 55 91 29 29 46 16 9 27 48 54 33 50 69 69 49 71 51 58 99 47 6 43 99 84 75 34 55 84 30 57 7 11 61 55 64 52 40 89 8 92 90 86 96 22 12 67 100 92 19 85 57 99 75 18 73 43 47 12 21 28 97 93 11 67 51 57 15 70 17 32 77 97 50 41 92 27 18 74 79 56 91 38 30 67 8 42 90 60 33 8 42 70 53 34 46 27 15 79 23 59 89 75 54 36 34 26 23 22 67 27 93 11 69 63 9 54 59 71 25 88 58 77 57 26 37 98 8 52 95 81 70 19 49 78 9 99 14 64 43 10 46 7 11 84 65 17 11 65 43 11 63 85 5 2 8 60 31 49 34 49 90 36 29 39 57 35 52 15 36 19 88 33 56 39 28 16 48 71 98 57 52 8 5 45 66 73 10 40 65 33 93 43 41 20 68 82 29 65 40 71 62 69 82 5 72 10 24 50 91 47 25 37 57 93 33 19 72 48 36 65 65 27 19 99 42 76 17 81 5 32 73 46 83 2 31 43 7 28 72 93 60 64 72 39 67 75 43 92 21 16 78 58 27 73 77 61 79 57 20 21 81 51 86 62 41 43 79 85 27 67 43 55 70 27 21 69 92 88 74 76 92 39 13 32 5 56 81 85 85 36 16 8 27 84 58 18 73 7 69 39 91 58 10 9 35 19 84 95 56 85 100 79 75 96 66 30 81 24 22 22 13 25 11 53 66 20 18 95 82 17 16 61 60 69 96 94 18 85 7 91 1 45 1 82 90 22 25 100 37 5 22 99 24 26 99 70 76 24 64 77 94 88 22 32 66 95 58 78 42 64 76 51 84 81 8 63 92 26 39 7 100 74 69 28 72 53 12 51 11 84 11 73 82 86 2 7 70 49 56 48 48 39 56 33 85 6 10 77 10 65 68 22 70 98 47 5 61 51 99 87 27 11 52 16 73 25 75 7 24 53 83 67 100 4 36 88 59 22 45 2 39 36 85 61 83 87 21 88 52 55 29 57 98 54 74 65 33 57 1 12 29 67 23 91 100 63 77 81 35 22 30 30 35 11 30 61 75 55 67 26 82 55 39 85 13 18 83 14 79 63 17 38 64 80 13 99 94 ; 
L -21 29 5 -29 -36 -50 -44 19 23 -22 -19 8 -27 -5 -49 -29 47 52 4 62 -28 18 44 -35 73 -32 8 4 -27 -12 -5 -28 -6 -27 -9 33 -6 18 -46 -12 22 19 -3 21 16 48 63 33 -19 11 -19 -20 1 -29 -8 -50 40 51 30 -15 -12 -41 -48 36 -5 -34 -42 1 -20 -9 47 -25 -21 -3 55 40 50 -28 -16 -13 28 59 -22 -40 -9 1 3 -42 -25 19 -19 49 -37 -78 7 -49 -43 -79 84 -21 -17 37 49 15 -12 32 -1 58 14 12 40 14 42 -46 -45 60 13 -17 -32 26 32 10 -22 -12 43 -4 10 -31 47 1 38 -33 26 -6 -18 -19 -8 -41 -27 1 7 13 43 32 42 -22 -2 -34 -30 -26 65 -43 23 -29 1 -12 -41 -48 31 14 45 36 34 -50 1 -50 41 -14 -4 4 30 31 5 13 -13 37 44 -16 50 20 47 -41 -19 -40 50 -28 19 -22 23 -66 -5 50 24 16 -11 74 83 43 -29 -31 11 30 -3 -48 -1 -33 2 11 -17 -4 -10 1 28 -67 -34 16 10 -44 -45 -43 41 -5 33 45 31 -43 -21 44 -15 -38 32 -2 -4 7 -43 2 45 77 -34 -14 -38 -15 36 -40 -17 -50 -7 26 41 -57 -72 6 -68 48 -40 7 -28 40 -27 -45 -21 -36 42 50 48 -50 10 5 -45 -26 -29 -2 31 -7 20 -44 29 -7 17 25 -44 36 46 -24 -32 -34 -34 81 -10 -15 24 25 -31 -49 1 -20 -14 45 47 -10 53 11 -34 -12 -42 -10 -9 -10 -21 9 18 26 -1 -8 -12 24 9 -49 39 -14 41 19 -82 38 -7 -75 -45 -34 69 41 -19 -27 -41 -85 -22 -6 -26 -20 -42 -2 -80 -14 -36 6 37 -16 23 48 25 50 -9 22 -16 27 45 40 28 29 -28 -33 -46 39 35 23 -7 32 -43 -26 -6 -46 23 -2 38 -4 44 -39 -27 -56 16 -47 15 -10 44 -70 46 -9 24 -26 -46 44 9 -47 21 5 42 -11 36 48 12 43 -44 23 -48 -38 26 -20 -39 17 35 64 -18 -12 20 12 24 -20 -39 -36 -28 -12 50 -6 4 4 -27 -8 34 -38 2 -17 -48 26 44 43 -33 -44 -3 -18 -41 -26 5 -15 -31 -71 -33 15 4 13 -7 -2 19 -49 -11 48 -49 -42 -48 -15 -4 -39 47 -20 14 49 11 47 -3 47 -44 30 -11 40 -44 -33 -19 76 48 -13 -41 -19 15 8 -12 -54 44 7 61 27 -1 -12 -15 -6 -27 -25 16 16 12 14 -48 41 ; 
7:25 16:62 6:24 1:1 22:88 13:51 10:38 27:107 11:43 12:48 37:147 9:33 37:147 24:92 7:25 38:150 5:17 35:137 37:145 40:160 17:67 16:64 36:142 4:12 21:81 26:102 6:24 28:112 7:27 13:51 31:123 39:155 20:80 17:65 37:147 11:43 8:28 30:118 32:126 23:89 37:145 16:60 34:136 36:144 35:137 39:153 24:92 23:91 5:19 27:107 40:160 37:147 8:30 34:136 23:91 40:158 30:120 38:152 40:158 30:116 18:68 19:75 5:19 1:3 40:158 10:38 11:41 40:158 28:112 31:121 10:38 16:60 4:12 11:43 35:137 11:41 12:46 11:43 7:25 38:148 18:68 32:128 24:96 8:32 28:108 23:91 18:72 1:3 16:62 15:57 34:136 51:203 30:120 40:160 38:148 5:17 14:56 38:148 11:43 11:43 7:27 25:99 11:43 8:30 40:158 17:67 31:121 10:40 40:158 31:123 25:97 32:126 23:91 8:32 9:33 4:12 33:131 21:81 35:137 16:60 7:25 2:8 13:51 30:116 19:73 7:25 18:68 3:11 12:44 29:115 38:148 24:96 38:150 13:51 36:140 38:150 29:113 29:115 12:44 28:110 30:118 40:160 3:11 16:62 11:41 44:172 29:115 16:62 27:107 30:120 7:25 41:161 8:28 16:64 29:113 25:99 28:110 33:131 2:8 23:91 39:153 38:150 10:40 4:14 32:124 20:78 24:92 33:129 38:150 4:12 40:156 15:59 11:41 8:30 24:92 36:140 10:40 29:113 27:105 34:136 15:57 1:1 18:72 1:1 33:131 36:144 9:35 30:118 32:126 38:150 38:150 19:73 40:156 23:91 6:22 10:40 23:91 19:73 27:107 9:35 5:17 22:88 10:36 30:116 3:11 28:110 16:62 19:73 12:48 9:35 14:54 12:44 34:136 40:160 15:59 5:17 18:68 26:104 5:17 7:27 30:120 30:118 31:121 37:147 16:62 24:94 21:81 8:30 34:134 38:152 23:89 34:136 40:160 20:80 11:41 27:107 6:20 1:1 35:137 36:142 30:120 22:86 15:57 14:54 11:41 10:36 9:35 27:107 11:43 18:72 7:27 12:46 18:70 24:94 35:139 17:67 4:12 14:52 24:96 36:144 17:67 4:12 27:107 11:41 21:81 27:107 5:17 38:148 39:155 12:44 8:32 7:25 26:104 30:118 15:59 14:52 20:78 14:52 4:12 8:30 23:89 5:19 12:48 36:144 15:57 12:46 16:62 10:36 20:78 14:56 21:83 6:24 15:57 8:30 36:140 14:52 23:89 16:62 12:44 7:25 8:28 39:155 29:113 40:156 23:91 21:83 4:12 13:51 27:105 30:116 4:16 16:64 26:104 11:41 10:40 35:137 11:43 4:12 7:25 15:57 34:136 14:52 16:60 22:86 2:8 31:121 30:118 10:36 13:51 6:22 5:17 3:11 23:91 1:1 22:88 34:134 22:88 14:54 30:120 34:134 37:145 4:14 18:68 3:9 19:75 40:158 24:92 21:81 29:113 20:78 28:110 28:110 22:86 32:126 5:19 21:81 23:91 5:17 30:116 30:116 26:104 9:35 22:84 33:129 5:17 13:51 27:105 38:152 24:92 13:51 9:35 13:49 22:88 22:84 12:46 20:76 26:100 26:100 6:24 19:75 8:28 6:22 32:128 34:134 40:156 36:144 18:68 11:43 9:33 28:110 19:75 34:134 5:17 15:57 4:16 20:76 6:22 34:136 22:86 4:14 42:164 23:91 16:64 34:136 49:195 24:96 34:134 4:16 10:38 34:136 30:118 37:145 19:75 7:27 24:94 36:140 15:57 4:16 27:107 14:52 10:38 22:84 23:91 30:120 10:40 30:116 7:25 22:84 11:43 35:139 40:158 21:81 42:166 40:160 1:1 24:96 34:132 32:126 6:22 19:73 40:160 15:59 2:8 12:46 19:73 22:88 23:89 20:76 20:76 16:62 23:89 14:52 34:136 3:9 4:16 19:75 26:104 46:182 17:67 26:102 31:121 12:44 3:11 20:80 40:158 30:120 39:153 27:105 2:8 24:96 40:160 23:91 38:148 34:134 33:129 28:108 16:60 26:100 5:19 19:75 40:156 6:24 22:88 36:144 5:19 10:40 27:107 4:14 22:84 27:105 8:32 8:28 38:152 33:131 7:27 7:25 31:123 16:62 11:41 40:158 38:150 ; 
L -22 47 4 44 -33 34 -25 -27 -5 33 -4 17 -47 3 -16 38 -8 -46 -19 -30 -23 33 40 14 26 -7 33 -35 31 46 -25 -42 -40 15 33 29 11 -24 24 35 -28 35 -21 -35 -22 23 4 -42 -9 -33 -15 -28 16 1 32 11 -15 33 2 2 -19 -26 -17 -17 3 -42 20 -17 20 -10 13 -25 -38 -4 1 32 20 23 -32 -25 -8 44 13 16 50 -9 32 -20 31 -32 13 38 -7 16 47 -20 -32 46 21 48 -46 -4 10 -25 -13 -35 -21 50 14 -10 -12 40 38 -8 2 50 8 13 -41 -42 30 10 24 -17 -2 15 33 -39 25 10 50 -24 -18 -20 -45 27 34 39 30 45 -34 -27 -43 41 -2 -34 -32 15 21 -37 -6 -19 43 12 33 -12 -25 28 -48 -17 33 44 14 -48 -25 -45 -49 -6 44 22 -28 -28 -20 7 -19 -24 7 21 -34 -27 24 -27 15 -24 39 43 4 -47 -2 4 7 -28 33 15 -32 -22 3 -28 -5 -33 -43 -36 -32 34 38 18 -33 10 41 -31 28 4 -40 25 18 -33 -6 -37 6 -30 19 -31 -34 1 26 12 12 11 12 39 43 32 19 -43 17 18 -45 -26 48 31 -14 -48 -47 6 29 33 -14 -15 24 23 49 -41 37 -23 43 33 -47 -39 10 19 -14 -38 31 -5 32 -48 -43 7 4 50 -9 33 -15 9 -16 -3 47 -14 -38 -13 -19 -21 10 41 33 45 48 21 -34 -24 39 13 40 -43 31 4 -32 1 -45 -44 12 39 -4 -50 31 -40 28 31 48 -30 -28 20 12 33 43 -48 14 -25 -7 32 -36 -28 32 9 -6 -32 -23 7 31 30 -11 47 24 -26 19 16 -37 -25 16 38 -37 -27 48 -31 33 36 16 29 -23 48 -42 33 38 27 -1 -36 39 -48 -34 31 -34 -34 47 -25 21 -8 24 24 -27 -20 22 -28 42 -24 -21 -3 -22 -44 49 21 48 31 43 18 -12 16 28 46 18 -45 41 30 12 4 6 -12 -50 29 8 10 -47 -23 -23 2 29 36 -45 6 -17 31 34 -9 -28 -50 -6 9 45 43 22 45 22 8 21 -50 -1 -17 32 -27 26 9 -22 -41 50 -43 -18 7 -7 -43 -28 17 -44 24 5 5 -26 -4 30 -44 -13 -42 50 -22 -31 -36 12 -13 6 -17 -14 45 -36 -10 -11 13 48 47 6 -39 -23 -17 -9 44 9 -3 27 20 3 12 -23 -33 20 -49 8 -37 -14 -35 -6 -45 -16 -43 -14 35 43 -24 -20 -14 -48 26 -31 -20 ; 
29 15 11 36 10 97 90 93 71 8 41 31 90 68 8 28 74 56 8 28 77 65 15 81 67 27 48 56 9 65 34 58 8 60 82 86 51 6 45 52 89 28 73 26 24 34 23 45 1 64 84 15 55 15 24 86 81 43 47 99 90 94 69 25 61 52 66 13 29 2 5 56 18 93 76 77 10 21 44 84 3 72 8 33 37 92 64 45 43 67 51 48 95 64 78 2 46 67 63 56 33 16 11 25 96 14 2 86 91 24 85 82 90 99 67 70 67 34 7 23 35 25 55 3 5 27 49 60 38 73 74 66 2 53 68 80 50 71 14 33 59 61 65 100 79 36 83 69 58 48 78 14 55 96 9 79 99 79 69 59 5 8 94 19 57 86 23 15 95 38 54 59 6 83 52 45 57 78 4 60 48 60 44 79 58 85 24 99 23 16 51 33 35 21 23 90 93 1 99 23 3 39 87 20 34 48 81 2 1 3 99 10 95 30 45 43 71 8 3 60 53 89 21 61 36 22 8 24 50 72 3 100 95 26 38 62 18 76 50 96 53 2 69 7 19 72 71 49 10 87 69 68 55 93 47 94 64 14 90 34 45 67 96 97 82 90 8 91 80 59 41 17 58 34 79 6 58 28 44 61 19 33 93 8 70 85 91 14 88 59 45 66 41 66 57 58 36 39 68 14 3 3 12 81 30 36 99 91 80 1 19 3 27 99 77 35 56 65 34 4 43 43 59 78 99 87 61 65 41 62 96 76 47 95 72 81 8 32 1 50 81 1 40 43 58 4 13 64 32 81 21 94 62 46 94 8 35 12 44 87 47 55 95 9 63 72 31 55 1 86 3 82 44 73 55 78 75 87 10 4 21 64 67 70 76 58 21 23 7 97 13 21 7 84 58 72 46 27 6 72 82 65 78 80 62 37 22 34 43 18 88 91 60 91 92 90 4 22 33 57 79 32 68 24 61 88 100 95 92 24 92 53 39 10 13 7 71 79 75 65 72 62 30 4 91 86 17 22 39 95 65 50 1 45 59 26 70 56 92 16 93 73 38 31 7 78 59 93 62 54 29 56 73 60 84 100 2 27 78 88 89 48 38 75 23 76 44 28 68 11 5 88 48 7 33 26 79 11 19 76 22 ; 
L -22 -16 38 61 -8 -46 -19 -30 -23 33 40 14 26 41 -2 -20 -58 -12 -12 29 -16 12 -18 -43 -31 -48 -55 -21 -49 44 22 3 -34 -32 15 21 -37 -6 -19 43 12 33 71 46 21 48 -46 81 85 -4 10 -27 -7 33 -35 31 1 32 20 72 10 41 -12 -25 -48 -17 33 44 14 -48 -25 -45 32 -27 9 -22 -41 50 -43 40 -8 2 50 8 13 -41 -42 30 10 24 -17 -9 13 16 50 -9 17 73 4 -42 -9 -33 -15 -28 16 1 -39 36 1 -27 4 38 -19 7 21 10 -62 6 15 -33 9 -50 -4 -27 3 -18 -17 43 -19 -32 -63 -43 -39 77 -33 -6 -37 6 -30 8 -47 -23 -23 2 29 36 -45 -17 31 34 -9 -28 60 -18 -83 -46 -28 19 -31 -34 1 24 34 -21 -48 -45 -41 -27 22 -4 47 -4 -43 -39 24 43 27 34 -45 -39 -34 -27 45 -79 20 -31 -48 26 45 -9 -44 -8 -22 -22 -43 -7 -4 -12 -30 6 31 -48 27 -38 -16 25 37 -16 -19 26 -24 -47 11 -30 -31 -7 6 -45 41 -24 8 -21 -59 -82 25 -47 34 34 -67 -31 -49 -28 -20 25 -13 -34 -27 24 -19 -21 10 -47 -48 -13 11 23 32 44 -17 43 -7 -43 32 20 -16 7 -38 -13 32 -31 20 -32 -65 -42 28 7 -28 33 15 52 -32 68 -22 3 -28 -5 -35 43 16 45 6 35 14 37 -8 -66 -46 -38 -33 42 -43 -33 -43 -32 34 -14 75 -47 6 29 33 -14 -15 24 69 23 49 -41 37 53 -23 -31 28 4 -40 25 18 -12 -11 -12 -12 -26 39 13 40 51 5 27 25 -70 -24 24 35 -28 35 -21 50 -21 39 -6 -24 43 48 -32 5 -31 14 -7 32 -36 -28 32 9 80 9 -16 -3 47 -14 -38 -13 -23 33 36 29 -23 48 -24 -25 -42 -40 15 33 29 11 -34 33 -44 -4 -54 -47 50 4 -39 -12 44 45 -1 32 -4 -31 43 33 -4 17 -47 3 31 -40 28 31 48 -30 -28 -18 -42 50 -22 -31 -36 12 -13 6 -17 -1 34 48 32 11 -10 57 45 20 3 -23 22 35 -14 45 -36 -15 33 2 2 -19 -26 -17 -17 3 -42 20 20 38 78 18 -33 -47 -39 10 19 25 -14 48 -33 -12 -20 -74 12 10 -14 -50 21 35 13 8 33 23 48 14 20 26 25 32 -23 -64 -33 13 44 -30 -84 49 21 24 -2 76 15 33 -39 25 10 50 -24 -18 24 5 5 -26 -4 56 -31 ; 
12:46 3:9 12:44 40:160 10:40 23:89 4:12 12:44 31:123 26:104 6:24 33:129 27:107 37:145 32:126 20:76 23:91 26:102 11:43 25:97 8:30 24:92 31:121 28:112 27:107 26:102 18:70 38:150 2:6 4:16 35:139 30:120 14:54 34:132 28:110 24:92 20:76 32:124 6:22 22:88 39:153 4:14 36:140 27:105 26:100 23:89 14:52 22:84 11:41 24:96 5:17 21:83 4:12 20:76 23:89 4:14 33:129 31:123 4:16 30:120 37:147 1:1 2:4 40:158 59:235 24:94 2:8 4:12 38:150 8:30 23:91 35:137 42:164 38:152 45:179 37:147 22:84 16:62 4:16 7:27 35:139 27:107 28:112 27:107 14:54 3:11 10:36 14:56 10:40 22:88 11:43 12:46 12:46 14:52 15:59 37:147 8:28 3:9 23:89 18:72 1:1 26:102 34:134 6:24 22:88 6:24 6:24 14:56 4:12 38:150 21:83 38:148 12:48 36:144 32:124 4:12 10:36 8:32 34:136 24:92 7:27 17:65 24:94 60:236 34:134 11:41 25:99 16:60 11:41 38:152 37:145 40:160 2:4 11:41 38:150 29:113 4:12 2:4 24:96 20:78 43:169 26:104 32:124 32:128 25:99 15:59 9:35 31:121 8:28 36:140 37:145 24:96 26:100 46:180 6:20 27:105 10:36 5:19 36:142 9:33 25:97 18:70 24:94 36:140 6:22 37:145 27:107 4:12 14:56 26:104 14:54 40:158 10:38 34:136 24:92 28:112 26:104 25:97 24:94 1:3 29:113 20:80 32:128 28:112 8:32 30:116 39:153 20:80 31:121 21:83 30:116 20:76 13:51 30:120 14:52 12:44 19:75 34:134 3:11 23:91 42:168 18:68 16:64 8:30 20:80 1:1 13:51 4:12 33:129 29:115 38:152 19:75 31:121 39:153 25:99 17:65 12:46 27:107 6:20 3:11 13:49 29:115 34:134 24:94 4:12 4:14 38:152 22:88 34:136 22:86 28:110 3:9 3:9 4:16 23:89 1:1 24:96 20:76 24:94 14:52 38:148 20:80 32:124 3:11 13:49 47:185 25:97 27:107 29:115 48:188 30:118 19:75 18:72 19:73 25:99 26:102 38:152 20:76 21:81 27:107 18:68 18:72 41:163 9:33 18:70 28:108 14:52 14:56 9:33 24:96 20:76 10:36 40:156 38:148 1:1 40:158 4:16 9:35 5:17 28:108 12:44 18:70 31:121 10:36 30:120 11:43 8:30 22:86 25:99 38:150 7:27 25:97 2:4 36:144 8:32 9:35 29:113 36:142 3:11 8:30 29:115 29:113 20:78 4:16 27:105 20:78 28:110 28:108 22:88 24:96 40:158 33:131 40:158 4:16 38:152 12:48 18:72 21:83 20:80 10:38 4:12 9:35 15:59 27:105 17:65 31:123 20:80 29:113 38:148 9:33 30:116 18:72 21:83 36:142 12:44 30:116 20:76 10:38 36:142 38:148 4:16 46:182 4:12 36:144 33:131 39:155 62:246 12:46 2:6 18:68 18:68 24:94 32:124 42:168 6:20 32:126 3:9 24:92 12:44 18:70 25:97 18:70 16:64 2:6 5:17 13:51 33:129 5:17 15:59 24:92 4:12 24:96 33:131 35:137 21:81 4:16 39:155 4:16 15:57 6:24 20:76 10:40 33:129 5:19 2:4 2:4 6:22 28:108 16:62 15:57 24:92 23:91 8:28 17:65 13:49 36:144 28:108 9:35 15:57 40:158 37:145 32:128 1:1 8:30 4:12 39:155 26:104 20:80 1:1 18:72 24:94 11:41 28:112 23:89 46:184 37:145 18:70 9:33 35:137 38:150 19:73 14:54 11:41 1:3 14:56 14:54 10:38 7:25 7:25 38:148 24:96 18:68 19:75 40:158 36:144 38:150 28:110 10:40 25:97 21:83 27:105 16:62 31:121 6:24 26:104 33:129 30:120 6:22 36:144 14:54 20:80 26:104 23:89 27:107 40:158 11:43 16:60 21:83 34:136 10:38 37:145 35:137 1:3 6:22 20:78 17:65 36:140 46:180 32:126 11:41 16:62 2:4 34:134 18:70 5:17 22:84 21:83 16:62 9:35 4:14 3:9 32:128 22:88 14:56 6:20 38:152 20:78 24:96 16:60 30:116 30:118 27:105 1:3 15:57 12:48 2:6 37:145 35:137 6:20 33:129 27:105 ; 
L -23 -2 20 18 -45 -34 20 -29 -13 -48 -13 35 47 15 -29 24 -13 48 -16 7 31 29 49 29 -49 -46 -19 37 22 -15 -2 33 -23 2 -40 15 -6 -12 45 14 -15 5 35 -6 37 -14 -33 -11 -41 18 46 -25 -13 15 37 19 5 -19 -3 6 -3 24 -41 6 -43 -28 3 -25 40 12 -50 1 -26 -37 -23 5 -37 34 -12 20 19 -9 -37 5 -17 13 1 -9 -31 -10 -27 37 30 -50 -27 7 33 -49 -31 24 47 -27 -9 46 -49 -8 9 -17 -38 -11 -33 -41 -11 10 -27 3 -28 42 38 -1 13 48 -8 15 19 41 -34 -34 -27 -43 -49 7 -29 31 -10 -6 -19 -25 7 -45 -5 -38 -10 31 -42 2 -30 2 -18 -41 -33 -40 -23 47 -7 23 43 46 26 -40 -36 -30 22 35 -31 36 -26 1 -33 45 -38 10 24 35 -43 47 16 50 48 -45 31 41 -43 37 24 27 -47 27 48 43 -38 23 -28 11 14 4 -40 16 -9 -1 1 -18 28 16 13 25 47 19 -49 -17 16 18 -18 -31 -6 12 -6 -3 -19 35 -32 39 20 19 -22 34 -30 16 -47 -21 12 -27 1 -33 16 24 -40 -47 -30 44 50 44 -23 35 -11 42 -32 14 6 -35 48 14 6 -6 31 35 13 -15 -19 -8 21 1 46 -25 45 -30 -12 38 -22 5 4 -39 48 17 12 31 -47 -17 19 -19 19 25 -43 -15 -38 -4 8 -47 25 -34 -38 -24 -26 44 1 -8 -20 -26 -48 -1 38 -16 2 -42 21 17 -39 18 -17 -35 -22 27 -4 -17 21 -1 -7 46 49 -5 28 1 1 41 -26 -2 50 22 -30 19 -24 -6 31 -46 -43 12 1 12 22 30 -40 -44 9 31 2 28 29 -46 -40 -12 32 -46 -29 48 -29 -7 36 7 -10 -15 49 -31 -15 25 -22 36 37 34 3 -27 25 -15 15 -6 36 -28 -49 35 -15 33 44 22 -28 24 33 -26 -6 -15 -24 27 45 -45 31 16 19 -13 15 -34 -49 36 -44 18 -11 36 -42 46 23 -26 25 20 -39 26 -4 -11 -31 -40 1 15 -7 -25 42 25 -2 24 17 -8 -36 22 -5 16 23 -44 43 -8 -12 -31 8 -27 13 44 18 25 50 -2 -39 -47 26 47 -15 13 21 -2 4 44 -17 42 22 11 -41 -21 -5 11 47 39 29 7 -6 20 47 -40 -49 -25 2 -48 14 -24 27 -29 48 -12 49 30 -21 10 16 15 -42 15 28 -26 -25 47 -17 -21 -26 -19 -49 42 13 43 ; 
3 1 100 71 72 88 56 51 79 26 41 78 21 14 63 4 92 76 29 34 43 85 32 26 85 13 3 93 33 10 16 19 54 90 82 46 3 84 59 81 5 76 78 45 97 68 43 51 47 1 30 81 33 74 62 74 91 36 47 43 72 38 4 35 96 52 8 15 44 84 21 6 54 5 33 11 55 35 82 6 8 28 91 30 33 50 71 52 67 7 39 91 100 45 1 28 35 54 53 73 61 96 58 83 42 50 26 72 64 29 20 53 24 36 51 56 26 25 73 62 43 26 22 72 92 52 49 66 63 52 7 60 39 14 18 53 8 98 35 1 40 82 28 36 64 85 3 41 36 91 27 40 23 53 66 80 31 76 37 74 36 29 45 66 9 76 30 93 86 3 73 58 20 38 96 58 28 75 75 12 69 84 95 78 10 92 40 18 23 30 46 17 69 47 37 77 37 7 46 19 6 88 28 25 30 38 22 95 86 15 86 75 55 59 29 81 30 11 91 98 46 95 1 96 58 82 23 37 43 91 78 85 31 94 6 51 97 3 77 37 21 79 27 72 48 18 89 36 33 19 71 85 64 19 30 67 50 26 38 15 87 87 42 35 21 58 60 89 28 82 98 4 86 59 24 23 3 58 59 10 53 36 53 74 83 4 36 97 57 51 73 69 13 48 58 81 3 34 21 71 56 12 100 92 10 50 72 99 15 67 1 14 78 99 100 33 65 6 50 22 57 3 84 17 86 100 13 34 65 66 95 21 87 6 12 94 39 44 82 2 93 88 26 18 78 53 92 49 33 19 10 25 41 93 73 81 54 68 75 96 28 61 20 58 12 42 63 87 34 45 15 75 30 87 44 58 71 43 82 11 89 86 55 90 7 65 5 78 59 90 59 62 89 77 35 64 58 85 98 56 91 15 45 88 22 4 58 79 58 9 99 53 15 67 68 42 25 15 92 59 81 79 53 22 79 31 14 72 86 63 66 95 29 1 6 26 48 99 39 57 71 29 65 45 46 8 17 97 30 25 35 67 97 48 72 8 82 49 61 79 90 59 26 43 24 85 88 2 25 58 68 69 17 96 43 37 62 92 51 56 63 23 39 70 54 96 4 14 67 23 6 19 65 68 23 68 60 63 40 47 27 ; 
L -23 58 -2 68 20 18 -45 -34 31 12 46 49 -49 -29 -31 -7 16 -2 42 -31 10 38 5 45 -7 25 19 10 -31 29 -7 49 43 27 -12 -12 43 46 27 70 45 -45 31 16 19 -13 15 -34 -49 36 60 -44 18 -11 36 -42 46 23 -25 -18 -30 19 -24 -6 31 75 -27 -24 43 -41 -31 -6 25 -46 -1 -21 8 19 15 -35 -31 6 -6 -14 -48 35 47 -7 23 43 73 46 -13 12 16 15 -42 39 29 17 -5 9 -19 7 -6 81 20 47 -40 -49 -25 -48 14 71 15 -15 44 22 -28 77 24 33 -26 -6 -15 -24 -47 27 48 7 -54 1 -21 17 -26 -64 -22 -26 -33 45 -38 10 24 -36 31 -35 -22 30 36 40 -26 -80 1 -50 2 44 44 1 -8 -20 -26 30 -34 -19 -20 -39 32 -35 19 3 -84 5 -19 -3 6 51 -8 4 38 15 -69 43 -67 -25 -19 19 17 -31 -12 -17 -48 39 -13 27 -8 20 -29 -13 -48 -13 35 78 47 15 -29 24 -13 48 -30 2 -18 -41 -33 -40 -23 -82 37 -5 23 37 26 -1 50 -12 -40 25 -3 28 43 -6 41 -24 3 -56 48 -47 -11 21 41 -11 -22 4 79 26 -41 -7 -25 42 74 25 -2 24 17 -8 -36 22 -5 -1 -1 -1 40 31 11 4 -26 39 -25 26 50 -2 -47 -7 1 16 -47 -21 12 -27 21 -16 -63 -35 -9 -10 -27 37 30 41 33 -11 10 -27 -48 -13 1 -38 -42 28 -3 -8 72 -24 43 -38 -28 -49 -50 -27 7 76 33 -49 -31 24 47 -27 -65 -15 -28 5 47 19 59 6 -10 -62 -30 -49 12 -48 -27 -44 30 47 40 -19 -37 -15 13 25 -46 -18 41 -57 11 33 -52 14 -37 6 -6 -5 -14 12 -55 6 -15 40 -2 38 34 -25 47 -1 38 -16 2 29 -48 29 46 -32 12 40 46 -66 -29 -28 -2 -31 -9 44 28 36 7 -10 -49 12 30 -45 -26 -25 47 -17 50 -35 38 -22 -6 -14 32 -42 11 -35 -50 -25 -13 -23 -16 -28 18 -1 -36 6 -15 15 -25 -3 -34 -37 -36 22 -25 15 17 -4 2 -21 -13 15 -47 -26 -42 21 17 -39 18 -17 -22 27 -4 23 -33 2 -61 15 -22 -37 19 8 -43 18 -18 -43 47 -16 -42 49 -28 48 53 -45 31 44 -23 -83 -24 38 17 -9 8 49 -46 11 14 4 -40 16 19 41 -34 22 30 85 -40 -15 49 -31 -5 34 -12 20 26 1 -33 16 -11 -17 13 43 ; 
2:4 15:59 38:152 15:59 29:115 29:113 29:115 36:140 18:68 11:41 3:9 6:20 22:88 13:51 34:136 18:68 14:54 10:38 34:136 26:102 15:57 12:44 33:131 16:64 1:1 14:56 40:156 21:81 8:28 6:22 16:62 24:96 3:11 21:83 6:24 18:72 38:150 5:19 13:49 10:40 33:131 25:99 36:142 31:123 14:56 26:102 24:92 34:136 40:156 23:89 25:97 30:116 6:24 18:72 36:140 9:35 2:6 24:92 34:132 12:46 13:51 27:105 38:152 9:33 35:139 12:44 16:62 37:147 10:40 38:152 26:100 12:46 24:96 14:56 17:67 35:139 35:139 6:24 16:60 18:68 27:107 12:48 8:30 26:102 34:136 29:113 18:70 27:105 32:128 13:49 7:25 37:147 43:171 18:68 14:54 39:153 2:6 26:102 10:38 32:124 14:52 45:179 12:44 9:35 36:140 4:14 9:35 10:40 24:92 28:108 28:110 28:108 18:68 33:131 3:11 29:113 13:49 35:137 22:88 6:22 38:148 3:11 26:104 2:8 32:124 24:94 38:150 8:28 10:36 6:22 30:116 6:24 14:52 40:160 15:59 44:174 26:104 15:59 72:286 2:4 30:116 24:92 8:32 6:22 31:121 4:14 27:105 18:72 12:46 15:57 30:118 8:28 15:59 10:38 6:20 42:166 26:104 24:92 33:129 2:4 14:54 10:36 10:36 54:214 39:153 1:1 38:152 19:73 40:156 37:145 24:92 38:152 15:57 19:75 18:68 20:80 40:160 15:57 2:6 34:132 37:145 39:155 15:59 36:144 15:57 22:84 7:25 12:44 10:36 10:38 24:94 35:137 10:40 16:62 40:158 25:97 21:81 32:126 11:41 17:65 32:124 26:102 4:14 6:22 26:100 2:6 37:147 31:121 4:12 17:65 15:57 37:145 11:43 16:64 10:36 12:44 25:99 22:88 5:17 14:52 2:8 22:86 3:9 9:33 34:134 18:70 6:24 4:12 21:83 39:153 14:56 2:6 16:60 29:115 20:76 15:59 11:41 18:70 32:126 25:97 20:78 10:38 18:68 22:86 35:137 9:33 24:94 33:129 11:41 32:124 22:84 9:35 32:126 13:49 6:22 29:115 35:137 1:3 34:134 0:0 10:40 17:67 28:108 27:107 6:24 22:84 29:115 24:92 25:97 18:72 18:72 6:24 6:22 3:9 18:68 37:145 32:124 34:136 21:83 24:94 23:89 18:70 32:126 10:36 16:62 37:145 40:160 3:11 22:84 15:59 15:57 21:81 11:41 11:41 18:68 25:99 30:116 10:40 11:41 21:83 10:36 14:52 16:60 19:73 31:123 15:57 19:75 1:1 12:44 18:72 3:11 22:86 22:84 30:116 25:97 39:153 50:196 8:32 8:28 23:91 14:52 38:152 28:112 21:81 20:80 27:105 16:60 10:36 26:100 23:89 23:91 19:73 15:59 31:123 2:4 44:174 30:118 25:99 30:118 14:52 33:129 12:48 1:1 28:112 2:4 21:81 26:102 13:49 28:108 39:155 5:19 1:1 18:72 46:180 28:108 37:147 2:4 19:73 33:131 39:153 30:116 21:81 23:91 13:49 23:89 5:19 40:160 49:193 30:116 38:148 17:65 10:40 4:16 8:30 14:52 18:68 5:17 37:147 22:84 32:124 8:28 11:41 31:121 24:96 28:108 30:120 43:171 18:70 24:96 24:92 24:96 3:9 8:30 26:104 34:134 39:153 36:140 12:44 34:134 14:52 15:57 36:142 8:28 20:76 11:41 14:52 16:60 6:24 10:38 10:40 12:44 36:140 18:70 18:70 35:139 12:48 30:120 5:19 14:54 35:139 26:100 17:67 5:19 24:92 8:32 44:174 39:155 27:107 14:56 10:40 12:48 39:155 22:86 4:16 20:80 29:115 40:158 6:24 8:30 6:22 32:124 38:150 22:86 8:30 22:88 19:75 4:16 14:52 38:148 2:4 1:1 27:105 22:88 20:78 24:92 22:84 35:139 26:100 3:9 23:91 19:73 38:150 28:110 18:68 38:152 26:104 9:33 5:19 26:102 29:115 11:41 20:80 17:67 55:217 15:59 31:123 15:59 3:11 5:17 21:83 45:177 52:208 1:3 17:65 36:142 29:115 12:44 25:97 38:148 9:35 33:131 3:9 29:115 1:3 38:150 3:9 28:108 6:20 16:62 19:75 11:43 ; 
L 38 7 44 26 48 18 -19 49 32 9 -9 -36 37 -41 -29 22 25 -22 36 50 -47 38 12 -4 40 49 -48 27 -28 -27 -35 -31 16 -9 38 46 49 -22 46 -12 14 -2 38 -31 -15 -22 30 42 41 1 48 17 -48 -26 -10 4 49 16 -28 -34 -7 31 48 -2 48 -24 -44 -15 33 -16 40 -43 47 31 21 6 27 -35 -12 12 -4 26 -43 -17 -9 41 42 -25 41 41 33 42 -48 36 -14 29 -8 -48 -48 10 46 -26 -8 -8 22 -48 -22 48 -10 7 35 13 1 46 -49 35 23 3 -16 -19 -11 44 46 -46 -22 -33 42 41 42 42 25 -40 -9 -14 25 3 -17 -28 29 14 8 47 -40 35 -34 -30 -43 15 -37 -49 -17 49 -44 48 -37 -42 41 -38 -49 42 6 -15 -8 -45 -27 -34 14 34 21 26 18 19 -29 46 30 19 26 -1 -41 -41 34 17 12 23 12 -50 9 42 -32 48 21 41 -6 35 -47 45 -5 -19 43 -34 -12 -35 12 -4 -8 -11 27 -3 -17 -1 12 14 34 -3 47 -1 44 4 32 23 -36 10 -1 40 -6 -12 2 -10 -16 -34 -44 24 -45 20 -26 4 26 24 22 -29 19 38 -42 30 8 19 46 -50 15 -25 31 13 -17 34 -27 -23 8 39 27 -13 4 1 -5 44 -35 -28 -50 -2 -13 -25 -34 9 27 -10 17 47 39 -1 -29 -30 -25 -41 36 33 -46 -35 -5 12 -43 -44 -29 -17 -31 -47 -36 -36 -10 15 -42 -24 36 -38 -8 43 18 18 -45 -41 -20 6 23 -12 -48 -5 -3 49 -6 -48 -26 -5 50 35 9 -22 30 21 6 -24 -31 10 -39 -16 -7 -35 27 -17 -28 -45 -26 -50 18 17 -3 -16 17 36 -49 -44 -30 28 -47 -18 16 39 5 -2 30 -15 -50 5 45 14 -48 -38 -4 -23 -32 47 -8 -19 20 24 -48 -35 2 -5 41 23 31 -35 24 -44 9 43 21 45 7 -4 4 28 6 -9 46 -50 -6 44 20 16 18 37 33 -48 -26 -26 -31 47 -47 1 -4 14 -27 -16 -31 -3 -25 24 -38 -45 -48 -10 41 -9 -1 20 -39 -8 -23 -2 -30 36 -23 9 44 -1 8 22 14 37 -50 -20 -30 -8 36 43 36 -13 42 -47 11 -27 -27 14 5 -43 -11 -2 -37 -50 -18 -17 26 25 -14 -17 -30 -37 27 -41 36 1 4 -9 50 -19 32 31 2 17 -26 34 -47 -42 -14 -37 22 48 2 47 49 -44 -48 -1 46 -9 24 -30 -14 47 17 -3 ; 
72 17 82 61 94 67 57 12 59 63 63 14 86 100 10 89 91 94 54 39 28 53 53 40 32 1 54 55 76 36 39 63 8 52 13 93 44 34 70 5 61 59 18 33 47 54 10 12 4 88 70 64 4 76 27 34 70 81 97 79 41 22 28 52 92 8 93 89 8 53 26 70 57 46 95 36 56 56 76 98 72 20 45 97 90 20 95 23 27 30 35 27 57 95 63 69 15 30 88 95 37 19 11 22 60 2 78 27 6 2 23 54 82 99 57 18 2 7 22 62 77 5 35 42 45 98 64 10 20 10 27 19 82 87 21 71 69 89 30 21 82 4 79 88 77 85 91 99 33 69 54 27 31 61 60 62 88 48 45 16 36 2 27 88 60 85 55 68 89 36 93 8 42 20 69 15 77 82 15 27 19 51 52 25 67 85 3 5 2 98 34 82 46 33 73 80 25 7 58 98 52 45 58 95 5 10 64 15 82 7 41 38 54 41 67 100 61 13 95 50 59 42 32 11 88 70 100 75 20 52 90 45 29 48 60 94 10 24 39 80 45 11 62 39 61 80 67 70 76 12 2 100 89 100 72 54 63 100 65 94 31 57 87 61 17 94 60 40 14 59 53 74 20 55 75 35 47 93 25 73 97 51 48 59 40 52 97 80 93 41 39 18 61 29 33 33 60 80 78 50 21 25 50 3 16 8 19 20 24 71 35 91 65 25 91 3 5 7 18 83 23 53 63 78 39 85 39 20 49 41 5 5 62 50 87 58 7 40 14 43 5 2 40 54 85 92 85 42 64 54 11 20 72 39 58 11 32 61 46 41 43 10 79 16 73 23 43 33 70 83 22 7 68 95 7 20 67 41 31 78 18 82 58 50 68 66 4 28 11 56 10 62 16 87 1 20 9 8 57 77 71 24 85 93 84 56 94 2 98 78 16 24 1 9 51 71 4 72 50 48 72 36 82 83 21 68 92 77 50 71 99 85 4 28 84 64 16 85 60 74 4 63 45 27 56 30 49 57 100 74 100 94 25 33 13 2 80 68 45 52 94 8 71 99 98 17 41 81 49 6 73 23 69 64 47 61 49 62 41 32 29 88 61 77 86 59 35 88 28 65 57 71 56 61 60 31 34 28 89 96 33 ; 
L 38 7 44 26 48 18 -19 49 71 32 5 -45 47 -35 6 -41 -21 -48 -35 27 -28 -45 -37 -18 -16 -20 6 50 -46 -26 -26 -31 47 -47 1 -4 14 -27 -16 -31 -3 -25 15 -42 -24 -48 -30 -30 -14 3 -34 -14 1 26 -17 -2 -31 -32 1 -26 -19 -30 -46 -19 -18 -26 -21 16 10 -2 12 6 -40 1 -10 36 -59 -23 -12 -23 -32 -4 -44 22 -48 -22 48 -10 7 -28 29 34 -35 40 -47 -8 -14 -30 -43 15 -37 -49 -17 49 -44 -37 -42 41 -38 -49 42 6 -15 -8 -33 42 41 42 68 42 25 -40 -9 36 47 31 17 29 43 -12 5 46 -33 -56 21 45 39 27 -13 4 1 -5 44 -35 -28 -50 -2 -13 -25 -34 17 3 -27 85 -7 -58 32 -42 -9 50 -16 -11 44 46 47 -1 48 -24 -12 -57 2 23 -44 33 -16 40 -43 47 31 21 6 60 -35 -12 12 -4 -43 -17 -9 42 -25 41 41 33 42 -48 36 -14 29 -8 -48 73 46 -26 -8 -77 2 -20 45 -24 34 -45 -5 -62 50 -80 41 -9 -1 20 -39 -23 72 8 11 8 51 -45 -27 15 -30 2 -5 -39 -81 -16 18 -9 24 -49 -47 -2 -48 -22 37 14 42 47 -34 9 -10 47 75 39 -1 -29 -36 41 -76 25 30 83 -43 12 -23 -6 20 41 45 -18 -18 -55 27 -34 17 -13 -84 -31 25 -49 -44 -30 3 8 -43 8 -36 16 37 -41 5 -45 -48 -10 36 29 -22 -24 2 38 -17 67 5 -26 26 -48 -31 7 34 28 -16 -49 -4 26 48 -17 35 74 69 13 1 46 -49 35 23 28 -47 -50 18 17 -16 17 36 -4 -1 -36 41 -27 33 -48 9 -6 -28 -4 4 -7 -9 44 -24 35 -31 -23 -70 30 6 -22 -14 25 3 -17 -1 -41 -42 -30 22 31 -38 2 -14 12 -46 -49 -38 9 -16 31 35 27 28 48 -52 -49 -40 4 -12 -38 47 63 -19 43 -34 -12 64 -35 12 -24 -20 19 8 -50 15 -9 50 -19 -41 34 17 -48 -26 -5 50 35 -22 30 21 18 50 37 43 -5 -14 27 27 -11 47 -42 13 -36 -43 -36 8 30 20 50 -37 -14 -22 -8 1 -44 -9 23 -36 -54 39 -10 31 24 -6 -61 -49 -79 3 35 48 -82 -50 -36 22 -25 -22 29 41 -37 36 9 -9 -46 1 -34 -14 48 44 -46 -19 -8 -30 42 -38 -19 -66 4 -47 32 23 4 38 48 -14 -53 34 -65 -10 -47 -78 14 -25 -26 17 -3 ; 
29:115 7:27 33:131 25:97 38:150 27:107 23:91 5:19 15:57 17:65 4:14 10:40 32:128 30:116 14:52 19:73 33:131 14:54 8:32 35:139 16:62 16:64 22:88 31:123 23:91 4:12 1:1 1:1 35:139 14:56 38:148 34:134 23:89 38:150 1:3 40:156 32:124 7:25 10:38 1:1 4:14 21:81 12:44 32:124 20:80 18:68 40:156 8:30 14:54 18:68 17:65 22:86 12:44 8:28 17:65 25:99 20:78 25:97 6:22 33:131 31:123 6:24 28:110 20:80 4:12 38:148 15:57 35:139 8:32 30:120 40:160 28:112 36:140 5:17 13:51 17:67 30:116 4:16 10:40 15:57 20:80 38:152 6:20 25:97 1:3 32:124 11:43 3:9 1:3 21:83 12:48 8:32 31:123 36:140 32:126 2:6 33:131 35:137 37:145 40:158 14:52 28:110 22:86 11:43 13:49 2:4 25:99 36:140 20:76 18:72 7:25 15:57 1:3 11:43 32:128 26:102 4:16 8:32 14:52 18:68 11:43 8:30 33:131 37:145 14:52 12:46 25:97 8:28 19:75 38:148 32:128 52:208 16:64 24:96 15:57 27:105 64:256 26:104 38:150 13:49 23:91 35:139 25:97 7:27 38:150 24:96 16:64 6:22 24:94 22:84 28:112 33:131 6:24 14:54 30:120 48:192 11:41 1:3 2:8 2:4 26:104 33:131 2:8 14:56 11:43 40:160 33:131 4:12 25:97 2:4 25:99 31:123 42:168 3:9 22:84 11:41 28:112 23:91 19:73 38:152 15:57 28:108 26:100 31:121 40:156 29:115 22:86 39:155 36:144 11:43 10:36 11:43 12:48 14:56 11:43 23:91 38:152 26:100 28:110 6:24 22:86 40:156 16:64 8:30 6:24 24:94 7:27 24:96 20:76 12:46 17:67 7:27 18:68 32:126 36:140 6:24 21:81 15:57 33:131 34:132 9:33 27:107 34:136 28:110 13:51 4:16 56:220 54:212 24:96 18:68 25:97 13:51 5:17 24:92 5:17 36:140 29:115 11:43 24:96 35:137 12:44 36:140 14:56 24:94 35:137 31:123 25:97 36:140 12:46 10:40 5:17 15:59 16:62 20:78 38:148 10:40 29:113 20:76 33:131 4:14 39:155 2:6 18:72 24:96 37:145 14:56 29:113 10:38 8:32 8:30 4:12 16:62 16:60 29:115 40:160 36:142 35:139 10:38 1:3 27:105 17:67 26:102 5:19 25:97 20:78 2:4 14:52 5:19 15:57 10:40 27:107 31:123 20:80 20:76 22:86 26:104 32:128 16:62 8:30 6:24 26:102 4:14 6:22 24:96 31:123 21:83 12:44 9:35 17:65 32:126 39:155 33:129 28:112 22:84 31:121 2:6 38:148 28:112 2:6 14:52 33:131 40:158 23:91 8:28 1:3 20:78 5:17 3:11 2:8 1:3 24:96 34:136 37:147 13:51 30:116 3:9 20:78 33:129 24:96 10:38 27:105 25:99 4:16 23:89 5:17 12:44 30:118 24:92 33:131 8:28 32:124 13:49 9:35 29:113 18:70 13:49 19:73 9:33 29:113 28:110 38:152 36:140 2:6 5:19 4:16 14:56 14:52 8:28 24:94 25:97 2:8 36:142 50:200 6:20 21:83 4:12 26:100 16:62 15:57 38:152 8:28 36:144 1:1 13:51 16:64 22:84 22:84 48:188 18:72 24:92 40:156 21:83 24:94 38:150 24:92 32:126 3:11 9:35 34:132 11:41 31:121 9:35 28:110 26:102 26:100 8:30 21:81 9:33 8:28 34:132 10:36 22:84 33:131 16:62 34:136 3:11 18:72 28:108 5:17 14:52 10:40 38:150 40:160 30:118 40:160 23:91 20:78 12:48 23:89 11:43 18:72 26:100 2:6 30:118 24:96 34:136 7:25 26:102 34:134 12:44 2:6 34:136 40:158 39:155 2:8 2:8 17:65 20:78 8:32 34:136 16:62 25:99 38:150 40:158 38:152 12:48 19:75 16:62 22:86 38:150 37:145 36:142 4:16 40:160 35:137 6:22 26:100 31:123 23:89 46:180 28:108 6:20 23:91 20:76 27:107 32:128 25:97 16:62 25:99 5:17 26:100 18:68 27:107 14:52 18:68 10:36 30:116 7:25 32:126 2:6 21:83 38:148 19:73 55:217 7:27 15:57 29:113 4:12 16:60 39:153 14:52 ; 
L 5 17 17 -48 47 -36 -25 -34 -33 -10 26 -5 28 -10 39 -8 2 -15 21 47 -39 23 -16 -5 45 31 18 -42 13 33 39 24 26 37 9 -21 47 -15 -35 -27 28 -15 1 1 -19 12 43 7 -12 11 -3 18 -1 26 43 -43 35 -44 43 15 -23 -5 -1 47 24 41 -31 -14 16 -18 10 -32 -32 23 3 17 -16 -48 -22 -44 16 49 11 -23 46 32 23 16 32 30 41 -48 36 -6 -33 -37 12 40 -29 12 -13 -41 29 32 -32 -14 48 -20 11 -18 13 44 -22 25 33 -47 20 49 -19 -16 -6 27 -9 15 -16 21 -29 -7 -36 -43 29 31 -21 16 29 44 26 24 3 -32 13 9 -49 25 -42 -41 -7 50 -50 11 2 -7 15 -2 -6 -14 -6 37 45 27 -19 -2 22 -4 14 35 -14 13 -22 3 -21 31 15 -32 5 -22 -4 -28 11 -19 -46 -21 -3 24 -17 2 -1 -22 35 42 10 -38 23 -5 -27 19 32 -8 -30 28 -26 11 6 -26 9 -23 -17 25 4 -31 33 -29 -17 -42 3 -23 38 25 -35 -29 18 36 -43 11 -38 -1 -12 14 -31 40 13 -33 -21 2 3 7 -37 -28 -18 48 25 -28 -7 -12 49 40 -16 -13 45 -45 -4 -32 17 -3 3 -30 25 -17 4 5 34 31 27 -20 24 -49 2 -7 29 38 21 -43 -20 -2 -11 -17 -6 -17 17 -49 47 5 -35 -27 -24 35 34 9 -12 15 5 -20 -18 18 -44 7 20 34 18 -11 -49 13 34 15 -28 11 31 23 19 -23 30 18 43 -20 40 -42 -37 -34 40 28 -8 -13 -31 27 49 1 4 30 43 3 34 47 1 24 -23 7 -45 -25 -29 16 -46 15 -5 17 -44 -50 13 2 40 11 -23 -5 1 36 -4 -17 39 20 29 17 -7 4 -15 44 29 25 -42 -50 -18 45 44 -41 -3 -23 43 25 22 -4 -30 -29 -12 -43 9 -2 1 12 -36 -5 -44 -43 -37 32 -33 10 32 -15 -31 -43 50 47 -49 -45 -34 -32 3 -17 -49 26 -40 23 -1 17 -19 -40 1 37 31 2 18 37 31 49 13 11 -2 16 -21 -36 23 -25 38 35 -14 49 46 14 -19 -34 14 -29 -7 22 31 29 -19 -23 17 -35 14 -15 37 -37 -8 -27 -44 -9 50 -4 30 35 -14 -45 22 5 -10 -30 -48 -23 18 -27 -10 -23 -27 -2 -24 -5 48 19 30 -40 27 29 -7 -35 -37 28 -26 -39 27 -28 -16 -27 14 -11 -48 27 -39 45 1 45 ; 
83 80 16 24 32 2 2 15 15 51 50 42 54 79 69 97 89 11 42 31 10 75 64 2 66 67 68 1 5 20 6 49 25 85 33 22 92 45 82 22 34 83 16 37 98 66 74 49 33 22 78 92 6 8 31 55 87 3 94 100 72 40 97 5 81 49 80 66 80 9 13 94 64 8 81 92 64 99 28 86 13 97 27 97 51 51 27 24 16 85 31 35 82 100 86 52 57 61 54 51 62 39 94 2 10 100 71 62 10 71 7 78 58 26 84 16 74 22 2 79 75 15 74 29 86 46 1 99 55 86 56 43 100 56 97 74 36 40 43 34 48 15 2 95 46 70 40 61 69 61 53 48 90 42 62 29 6 92 51 58 14 60 91 49 89 38 90 91 60 98 33 80 14 86 13 73 73 24 66 23 96 56 94 67 15 71 65 65 85 63 35 98 97 94 28 86 60 71 31 14 86 41 78 35 27 34 88 33 16 27 77 83 72 18 24 77 97 2 5 91 97 47 85 47 95 85 36 58 73 26 7 86 1 96 38 38 51 42 90 99 32 5 81 9 65 44 87 71 73 18 45 78 87 71 9 49 30 15 5 13 89 81 52 65 34 32 37 98 85 41 87 41 21 97 59 67 58 16 82 100 87 3 15 44 84 70 54 99 77 67 86 29 72 31 83 92 55 33 43 53 15 80 99 36 5 15 14 36 53 12 83 80 53 75 35 43 42 74 96 92 12 86 8 87 14 15 20 35 67 22 65 98 8 82 72 89 18 9 90 24 38 100 46 52 43 49 97 72 76 10 32 31 79 32 47 54 81 29 80 16 45 68 53 70 78 16 6 13 99 66 8 28 95 55 31 4 84 40 79 48 29 89 71 91 38 58 89 9 28 76 82 17 67 21 39 52 81 4 14 5 35 87 65 90 12 9 53 42 87 8 54 16 95 44 29 13 4 100 39 73 35 82 13 36 32 64 72 97 85 23 89 34 73 75 83 34 16 96 46 96 22 85 32 74 80 35 93 27 3 67 98 87 91 32 50 13 21 30 67 72 56 61 67 57 61 93 95 93 28 21 59 79 32 27 96 13 83 83 52 97 20 70 29 84 100 28 26 75 80 25 77 40 46 21 58 88 5 93 79 5 26 ; 
L 14 7 -29 -27 40 -30 -19 -48 5 2 27 23 10 27 -18 23 3 34 62 77 50 -63 42 -25 -44 15 -4 7 -17 -29 -20 -39 -17 -17 -5 35 -17 -2 -13 50 44 -17 -15 46 -57 -16 -37 70 -34 40 28 -8 -31 27 67 19 -14 -46 -49 14 -35 -11 -48 14 -44 -45 -18 -54 29 35 52 -25 10 -38 -5 -27 19 -5 -1 49 23 19 -29 -31 -22 7 29 -14 34 5 23 -11 20 -48 -19 -46 -21 -3 24 -17 -32 23 68 3 17 -31 -11 28 -43 -37 32 -23 40 -26 49 17 -3 -39 -28 -16 -33 -11 26 -28 30 8 -32 -76 17 -49 -24 35 -12 15 32 34 45 49 43 59 -38 4 -31 -37 31 15 -32 -10 6 -26 79 -19 -16 -6 27 -9 30 18 43 -20 40 -18 80 10 -32 -1 -22 35 42 2 84 -25 18 64 37 31 49 69 13 -7 9 -21 47 -15 -35 -27 28 -15 -24 -1 -47 -13 14 -74 -44 34 -11 27 -39 45 27 -71 55 39 24 26 37 60 1 1 -22 -44 73 66 16 49 11 -6 -33 -37 12 17 -58 4 -36 18 28 -78 37 -7 -3 -2 21 33 50 75 -4 30 35 47 24 41 -31 -35 -14 -22 19 -27 -5 -1 45 -49 13 34 15 44 5 36 -12 -1 -9 43 12 29 30 4 -22 -25 14 32 -32 -29 41 13 -12 29 -40 61 -48 47 -36 -34 -10 26 -5 28 -10 39 47 5 -3 -24 -14 16 81 36 -43 -35 -27 7 -2 -24 20 -31 -34 -5 17 -25 30 -3 -17 32 4 48 16 23 19 -23 -26 5 -20 -18 18 -44 7 20 65 -16 -53 21 -31 -29 43 36 7 29 -21 16 -15 -28 -3 22 -18 -42 -32 -23 -32 29 45 -18 51 13 44 -22 25 33 -47 20 -36 48 -41 -30 -46 23 -56 49 9 -23 -17 35 -15 37 -37 -8 -27 -44 -9 -13 -40 31 -14 12 1 38 -11 13 -49 25 -42 -41 -7 50 11 2 -7 15 -2 -6 -14 37 45 23 -15 -43 -33 42 -18 -31 -45 5 16 -23 39 -47 -21 15 -2 8 29 38 21 -43 -20 -2 -11 -17 -6 -17 -10 72 -30 -48 -43 -30 -4 -1 -85 40 11 11 17 -19 23 3 41 83 22 48 25 -28 -7 -12 49 40 -16 -13 82 45 -45 -19 12 43 7 -12 11 -3 18 -1 26 43 -43 35 -44 -2 16 -21 -36 23 -25 23 -3 42 17 29 -33 31 -4 -25 -21 31 15 -32 5 -22 -4 11 -40 1 1 45 ; 
31:123 38:152 12:46 28:112 8:32 39:155 21:83 34:132 34:132 32:126 11:43 13:51 32:126 24:94 9:33 12:44 12:48 26:104 5:19 8:32 41:161 16:62 8:30 3:9 34:132 28:112 22:84 28:108 18:72 7:25 32:128 12:46 30:120 7:25 32:128 4:14 11:43 38:148 29:115 39:155 20:78 18:68 12:44 40:160 24:94 40:158 23:91 37:147 25:97 39:153 37:147 5:19 2:8 35:139 38:150 10:40 7:25 14:54 34:132 30:120 30:116 16:62 24:92 47:187 19:75 4:12 21:81 28:108 24:94 37:145 22:84 15:57 19:75 40:156 47:187 12:44 35:137 27:105 22:88 26:104 27:105 14:56 32:128 30:118 13:51 34:136 9:35 39:153 19:73 52:208 13:49 29:113 4:16 25:99 8:28 39:153 23:89 38:150 27:107 6:24 7:27 4:12 26:100 10:38 37:147 24:92 6:22 6:24 2:6 33:131 7:27 29:115 4:12 35:139 17:67 22:84 4:14 9:33 4:12 31:123 4:14 28:110 17:65 35:137 6:22 13:49 29:113 32:126 27:105 40:160 46:180 28:112 19:73 27:107 17:65 36:144 26:104 35:139 5:19 8:30 10:38 34:136 34:132 2:6 4:14 33:129 21:83 16:62 12:48 14:56 19:75 26:102 32:126 30:120 6:24 30:118 7:25 32:128 22:84 30:120 14:56 41:163 16:64 27:105 38:150 26:104 26:104 34:136 26:100 17:67 32:128 12:46 5:19 9:33 34:132 14:56 33:131 28:110 15:57 18:68 17:65 9:35 37:147 18:72 33:131 9:35 14:54 34:132 8:30 33:131 4:12 9:35 37:145 24:96 2:6 5:17 8:30 9:33 2:8 38:148 26:104 30:120 22:84 7:25 20:78 10:40 34:136 19:73 1:3 15:59 10:40 35:137 12:48 34:132 40:160 39:155 11:43 28:110 35:137 21:83 23:91 11:41 33:129 24:94 19:75 48:192 36:144 19:73 34:134 21:81 16:60 16:60 39:153 1:1 10:40 21:83 10:36 27:107 29:115 20:76 33:129 20:78 32:128 32:124 16:60 42:168 31:123 6:22 33:131 39:155 8:28 11:41 32:128 40:158 15:57 31:123 12:44 4:14 36:142 24:92 20:76 29:113 36:142 12:46 20:76 32:126 16:64 34:134 32:128 40:160 4:16 1:3 38:150 16:62 25:99 21:81 22:86 19:75 32:128 13:51 1:3 6:24 14:52 20:80 17:67 22:86 32:126 28:110 49:193 2:4 2:8 18:68 38:150 32:128 1:1 13:49 34:136 5:17 18:70 13:51 40:156 19:73 14:54 24:92 33:129 36:142 3:9 6:24 12:48 20:78 3:11 35:139 32:124 16:64 40:158 17:67 22:84 5:19 42:166 45:177 12:46 29:115 13:49 34:132 37:147 22:88 19:75 20:76 28:110 37:145 40:160 18:68 23:89 35:137 22:88 40:158 1:1 19:73 35:137 8:28 18:70 40:156 50:198 27:105 4:16 8:30 11:43 5:17 2:4 7:25 21:83 26:102 32:124 24:92 11:41 34:134 7:25 30:118 34:132 33:131 14:56 13:49 50:198 21:81 36:140 6:24 14:52 14:54 36:140 32:128 23:89 40:156 35:139 37:145 13:51 20:80 6:20 33:131 3:11 11:41 30:116 24:92 15:57 34:136 38:152 20:78 4:12 38:152 19:73 28:112 16:64 25:97 5:19 22:84 20:76 36:144 17:67 25:99 12:46 4:12 21:81 7:25 29:115 40:160 20:78 3:9 1:1 28:108 27:107 27:105 1:3 26:102 30:120 4:16 13:49 17:67 5:17 36:142 35:139 17:65 35:139 17:65 9:33 39:155 24:94 27:107 24:92 7:25 37:145 33:131 14:56 38:152 34:136 27:107 14:56 8:32 3:11 31:121 4:16 11:43 5:17 38:152 11:41 22:88 38:152 13:49 28:108 6:20 13:51 2:8 33:129 4:14 26:104 18:70 35:139 29:113 38:148 7:25 8:28 43:169 27:105 30:118 20:78 14:52 9:35 32:124 37:147 3:9 4:12 13:49 22:88 35:139 2:4 49:193 26:102 29:115 39:155 34:136 1:3 39:153 31:123 10:38 8:28 29:115 34:132 31:123 11:43 7:25 7:27 32:128 6:22 35:137 6:20 30:116 30:116 25:97 13:51 12:46 10:38 2:8 11:41 ; 
L 6 -46 1 38 -34 46 -12 -19 -33 27 -21 4 -6 36 46 1 40 -15 -38 33 35 36 4 29 -7 33 24 1 13 -48 -4 4 -6 -48 -49 -10 -40 -15 -34 25 36 20 10 38 -31 37 -3 37 -25 -34 -40 -12 48 -32 -35 46 -14 5 -37 -29 -43 -45 -14 15 12 49 16 -14 6 40 2 -12 -29 50 -44 6 20 -24 -41 2 -46 41 -17 -30 10 32 -17 23 -9 -20 -42 -46 -4 -16 24 45 28 -45 46 -3 -29 2 -7 -24 -16 36 -6 -50 -10 23 -22 -45 -37 -50 -29 -9 8 32 18 -25 2 -33 6 6 35 -16 48 26 48 25 7 -25 11 -3 -26 -47 -1 -34 -6 4 -9 18 8 -12 -39 32 -43 35 -37 28 30 48 -32 -18 21 -24 -2 -8 -4 -1 -40 26 -35 -15 -44 -12 1 -34 32 -3 -2 -44 -33 37 -32 46 34 31 -7 -2 -33 7 21 29 -11 18 -43 -19 -21 12 49 43 41 -17 10 12 -13 -5 -1 -2 40 -5 33 2 -14 -40 -8 -39 32 -30 -50 -30 25 -4 48 -37 -42 -30 8 36 -17 37 21 35 -15 22 43 37 -34 4 -20 -25 -1 23 -27 40 24 9 5 4 40 -31 -24 5 31 -48 33 -49 13 5 47 13 -35 -5 7 2 -40 16 39 -36 50 -4 -19 -5 -20 44 -49 -24 -7 -25 38 -45 38 24 2 -39 33 46 41 -25 37 28 -30 13 25 -44 31 25 -22 -4 -42 -27 -11 20 -32 -7 29 41 45 -45 -29 -23 4 -26 36 22 -35 50 44 29 -30 -27 34 -29 19 -22 13 23 -15 -11 -4 15 -1 10 26 23 -19 -20 -32 21 24 -26 -13 -13 27 -30 48 50 26 -33 -8 18 46 -23 20 -22 22 19 -37 -35 13 -8 47 35 43 -37 -12 -21 31 49 -43 20 30 41 -26 1 -48 -49 -18 38 46 24 10 40 29 1 -30 -43 31 -18 5 -40 -25 46 -38 32 29 -27 2 -7 -22 40 48 -19 7 -18 20 -28 -48 -11 19 19 29 20 46 30 -25 4 -16 13 36 -18 33 17 -14 5 -17 -3 10 -6 12 -26 -32 1 -21 1 -47 -49 -20 24 -29 5 -45 -17 -2 11 47 39 9 2 -3 6 36 -9 -25 5 -35 9 -34 -23 6 40 -18 -25 30 37 12 -50 45 -15 -21 -42 29 16 47 -20 -36 17 39 -34 -42 14 38 22 -22 -39 18 30 37 -29 27 -39 23 31 29 -28 4 -6 -35 5 -45 30 -29 49 -40 5 11 44 -29 23 ; 
61 30 2 67 23 50 68 99 55 12 1 41 78 79 61 93 45 77 79 36 48 75 100 90 85 6 14 96 72 62 49 47 65 31 18 92 59 69 82 97 92 61 89 41 61 11 41 49 23 34 1 87 76 29 13 47 80 3 33 26 11 87 60 81 58 1 50 73 21 90 82 55 57 83 69 12 51 90 6 38 65 41 77 100 77 60 48 11 39 89 60 87 47 82 77 60 91 84 46 32 92 17 8 95 45 13 34 63 82 74 24 84 61 53 40 64 24 58 31 13 17 81 49 100 64 86 39 35 69 75 13 31 45 18 63 34 23 89 36 31 8 4 62 89 43 52 13 60 16 19 56 23 94 21 45 33 6 25 92 23 46 75 22 58 9 84 55 82 37 94 15 86 70 22 45 35 51 73 7 45 36 13 21 61 3 45 22 29 79 18 26 5 89 16 37 7 100 48 83 1 42 81 83 89 28 70 85 38 90 27 94 34 96 62 79 30 47 50 10 46 38 77 11 5 69 88 24 28 61 82 29 53 46 27 75 14 63 8 68 50 35 10 57 74 83 19 89 58 91 83 13 84 38 76 35 14 93 53 13 94 95 64 22 22 5 74 73 89 79 59 69 93 87 82 22 6 84 25 49 58 39 27 55 82 42 25 13 10 3 12 97 43 8 37 40 41 41 36 81 39 62 35 67 65 12 59 89 40 55 58 53 73 13 98 19 15 73 2 29 10 41 13 47 4 77 49 53 4 62 16 60 59 32 88 9 18 66 76 58 76 73 67 75 10 95 41 89 65 77 64 87 5 46 1 47 92 19 77 37 95 100 7 10 35 18 84 84 62 93 25 73 59 10 18 41 39 87 62 70 26 11 33 13 74 72 69 22 90 50 21 8 96 49 19 29 4 83 10 37 90 54 91 96 61 6 74 57 54 87 20 71 95 21 97 6 2 3 33 3 92 3 25 75 28 78 20 86 75 90 72 83 55 45 33 45 47 69 83 94 58 56 70 19 34 57 29 68 42 99 38 68 15 62 70 36 12 77 60 76 76 91 79 31 99 91 1 42 71 20 33 65 81 20 21 4 50 88 25 23 66 68 26 3 19 45 90 74 31 41 6 92 99 61 20 79 4 26 48 78 84 10 ; 
L -46 45 -57 -28 -45 16 4 -5 40 -49 29 -30 45 35 19 -37 2 -4 15 10 26 23 -19 -20 -32 21 -2 -47 -49 -20 24 -29 5 -45 -31 -5 -78 24 25 -35 43 39 12 -8 10 82 8 33 -67 9 -34 -23 -26 -50 -48 43 -37 -12 -21 68 31 49 -43 63 71 20 -40 73 -8 24 -26 -13 18 -3 -46 18 49 48 -44 31 25 -4 -27 -11 20 -7 29 41 45 -45 -29 -56 -21 -7 33 2 7 -31 -34 -46 6 -31 43 30 42 -76 20 9 17 -79 15 35 -26 40 1 4 8 2 -5 -1 -2 34 25 -37 3 -37 31 -10 -20 -36 -25 34 15 20 -4 34 -37 -43 -22 15 -35 -21 -37 17 -36 -8 30 37 -59 -55 -48 4 -25 30 50 30 -32 -21 12 49 43 41 -17 10 12 -13 66 -32 -1 23 -22 -45 -37 -50 -29 -9 6 35 -16 48 26 48 29 -27 77 18 -36 -13 16 -4 25 -30 -46 24 -72 -6 33 -12 6 -10 47 26 3 -11 25 -7 -25 -32 38 -46 25 40 -5 18 36 -9 -25 5 -35 6 40 -19 29 -34 27 -64 48 -2 -33 5 33 17 -14 5 -17 -3 30 -29 -44 -50 35 39 -27 29 -37 -30 -18 39 22 -22 -38 -14 42 33 69 -49 13 5 83 47 13 -35 -5 7 2 -40 16 -36 50 -4 -19 -45 50 -80 -37 -30 25 10 49 48 6 -4 4 -23 20 -22 74 22 -20 44 -49 51 -24 -7 -25 38 -45 38 24 2 -39 33 46 41 -25 -12 -29 50 -44 6 20 -24 -41 2 -46 41 -17 50 6 -36 16 24 -81 7 6 -46 1 -34 46 -12 -19 -33 27 -21 4 62 54 -6 36 46 1 40 -15 -38 -29 -47 -11 -22 -36 26 -4 23 -35 13 -8 47 30 -27 13 -4 6 34 1 46 -11 19 19 29 18 32 -48 -30 -28 37 -1 21 -1 32 26 -2 25 -18 -32 -8 20 23 31 29 -28 4 -6 33 35 36 4 29 -7 24 1 84 -37 61 -43 -45 -14 65 15 12 85 49 16 -14 6 40 2 -1 -29 48 -13 31 -40 -4 -5 -9 -24 -52 -32 -10 -10 -70 2 2 17 20 -28 -48 37 28 -30 58 13 25 48 -32 -35 46 -14 5 -1 23 -27 40 -44 75 7 34 -39 -17 36 20 -47 -16 -44 -11 -1 26 -41 -30 7 -18 53 19 -48 -39 19 43 -18 11 -60 -15 -42 29 -12 -44 -33 37 -32 24 11 15 -23 -13 22 -40 -40 -40 -12 22 -29 23 ; 
29:113 19:73 39:153 22:88 37:145 37:145 33:131 28:112 2:6 32:126 8:32 25:97 40:158 23:91 18:68 31:123 16:64 14:56 6:20 4:12 31:123 20:78 22:84 2:6 25:99 7:25 15:59 17:67 30:120 36:144 29:115 34:132 22:88 18:72 12:44 34:132 6:24 34:132 30:116 4:12 24:96 15:57 18:68 36:142 2:8 37:147 22:86 30:116 37:145 14:54 40:158 16:60 41:161 24:92 31:121 26:102 37:147 8:30 31:123 18:70 28:108 38:152 40:160 38:152 31:123 33:131 11:43 0:0 40:158 25:97 24:94 13:51 31:121 34:132 16:62 11:41 38:148 25:99 33:129 6:20 4:16 4:12 9:35 4:12 15:59 27:105 17:65 15:57 33:129 16:62 7:25 19:75 35:139 9:33 6:20 15:57 18:72 3:11 30:116 21:81 19:73 10:40 28:112 25:99 40:160 19:73 17:67 36:142 15:59 33:129 37:147 24:92 9:35 30:120 19:73 10:36 37:147 10:40 8:32 34:132 1:1 4:12 14:54 10:36 20:78 17:65 5:17 38:148 36:142 25:97 37:147 39:155 33:131 30:120 12:46 33:131 25:97 12:44 10:38 36:140 28:110 2:8 5:17 31:123 16:60 19:73 4:16 8:28 26:100 28:112 40:160 32:126 25:99 39:153 14:54 38:150 11:43 21:83 8:28 11:41 2:8 36:142 7:25 15:59 3:11 40:160 32:128 17:67 12:48 21:81 10:38 34:134 25:97 22:84 16:64 26:102 31:123 26:102 35:137 16:62 14:56 28:110 16:60 36:144 24:96 17:67 38:152 29:113 8:32 35:139 22:86 23:91 30:118 4:16 15:59 27:107 20:78 20:80 2:4 37:147 3:9 14:54 26:100 8:28 18:72 13:49 6:20 24:94 28:110 29:115 30:118 6:20 14:52 5:17 8:32 14:54 23:91 12:46 28:108 22:84 6:24 28:108 8:30 40:156 6:20 21:81 26:100 5:17 36:142 34:132 20:80 39:155 3:9 1:3 2:4 14:52 23:89 22:84 24:92 22:88 16:64 38:150 11:41 28:108 27:105 10:36 10:40 36:140 20:80 2:6 9:33 8:32 33:129 26:104 19:73 38:148 37:145 34:132 23:89 7:27 34:134 16:60 31:121 14:56 6:22 38:148 22:84 0:0 38:152 26:102 9:35 8:30 31:121 39:153 17:67 5:19 15:57 40:160 37:147 8:28 13:49 26:104 19:75 28:112 38:152 17:65 8:30 40:156 16:60 30:118 30:116 20:76 22:88 32:126 24:94 28:110 38:148 35:139 33:131 9:35 3:9 34:134 10:40 20:78 24:92 13:51 23:91 34:132 28:110 5:19 21:81 36:144 3:9 16:60 26:104 17:65 31:123 42:164 26:100 14:54 6:20 18:72 25:99 18:72 18:72 12:48 1:3 18:68 20:80 28:108 40:158 22:88 5:19 1:1 17:65 19:73 2:4 32:128 32:126 25:97 38:148 18:72 31:123 32:126 49:193 18:70 28:110 20:78 24:94 5:19 26:104 27:107 39:155 35:139 2:8 19:73 18:72 8:28 4:14 9:33 13:49 15:57 36:142 6:20 56:224 22:86 37:145 39:153 15:57 9:33 38:150 10:36 23:89 8:30 16:62 8:32 32:124 12:44 30:120 23:89 7:27 6:20 13:49 24:92 22:84 2:4 8:30 18:72 36:144 30:118 13:49 29:113 20:76 30:120 40:160 36:144 34:136 3:11 39:153 31:123 8:30 10:36 35:137 35:139 24:96 18:68 40:160 24:92 38:148 21:81 20:80 30:116 9:33 36:144 33:131 28:108 16:62 17:65 25:99 39:155 4:16 14:56 20:80 28:108 4:12 33:131 34:134 24:96 40:158 45:177 14:56 7:25 18:72 34:134 4:16 15:59 8:28 11:43 22:88 39:155 10:36 17:67 23:91 12:46 6:20 19:75 32:128 2:4 5:19 11:43 30:120 6:22 14:56 40:156 5:17 34:136 14:52 8:32 29:113 17:67 1:1 37:145 26:104 20:76 2:8 34:134 8:28 14:56 4:14 2:6 40:158 12:44 8:30 4:14 47:187 12:46 9:35 18:72 14:54 31:123 29:115 13:49 23:89 19:75 28:112 9:35 18:72 32:126 19:73 4:16 12:46 1:3 30:116 14:56 32:128 14:56 35:139 2:6 24:96 34:134 4:16 ; 
L 6 -36 1 -23 38 -23 13 -5 -19 28 -5 35 -48 33 16 -37 11 -22 -12 -2 25 29 19 6 -16 -49 -24 38 42 -33 45 36 44 19 -2 -13 46 -38 28 15 28 -19 -17 19 25 -3 -30 29 -24 48 -30 -41 -18 4 15 48 -29 39 -14 -44 -1 50 20 -37 -18 -14 6 -36 41 28 46 -2 17 -8 21 14 1 -39 11 -42 -33 -19 25 -21 41 26 19 39 11 -19 -19 43 -6 40 -6 -26 39 24 -30 13 -50 -31 43 -6 -43 -36 -44 2 46 7 8 23 -4 -22 11 8 33 28 -4 25 -3 -26 -40 1 -46 50 -16 -40 -18 39 6 27 -23 -1 -9 35 24 -7 17 -1 30 1 48 -44 41 -35 -44 22 -14 48 44 -26 -16 -40 38 49 -45 -24 -25 -41 42 -21 47 -39 -15 -28 -33 49 40 -13 -3 39 14 -24 28 -20 4 11 -36 19 -8 -11 -18 -12 -8 43 -16 44 -21 42 -42 28 -10 37 -48 -35 13 -32 36 31 45 16 -48 -36 -47 -4 -48 -5 -13 -44 25 -33 49 28 17 19 9 -50 -32 13 -42 -6 -6 -35 -15 -10 46 34 20 24 -2 38 -18 46 -4 -41 -37 10 48 45 38 12 8 38 -6 -18 -32 -43 -42 -45 43 -20 -30 -26 38 40 33 -29 -16 39 15 1 -45 -25 41 19 8 -42 -33 14 16 -28 27 10 28 32 -13 -41 28 49 -32 43 47 18 -29 -28 45 -9 -28 -16 -36 24 9 11 -15 40 21 -33 -19 3 37 46 14 -33 27 -12 -26 24 -23 42 -33 27 42 -32 -34 -22 -49 49 24 -16 11 9 -29 -47 -42 -1 -38 40 -46 24 -11 39 -26 19 29 34 42 44 -1 -16 -19 -14 -11 3 -47 26 15 -18 9 12 -17 -9 -40 -25 39 11 -22 20 -7 31 9 49 -32 -3 -37 44 16 -11 31 3 32 31 -21 20 3 -19 28 28 -34 -7 -12 36 -10 -13 -7 4 -7 -30 45 12 -33 -1 17 -47 -7 -27 -37 -6 -5 6 -6 -45 37 -29 23 24 14 45 34 25 -50 22 31 25 -45 -18 -43 21 46 24 -46 34 1 -15 24 12 -48 -18 -47 25 -21 -18 5 -26 -9 -31 24 -28 -15 -13 27 11 -33 -4 15 -9 23 -19 -31 -33 -40 26 6 -24 18 -36 -22 -49 33 -31 41 32 39 10 43 21 19 -47 -12 -10 48 7 23 43 -8 -45 -3 19 6 -18 -15 14 38 50 -23 -36 -16 -44 -27 31 -43 -28 50 -47 48 30 50 39 -50 47 ; 
18 3 75 84 77 98 53 5 59 75 61 95 40 4 98 76 50 35 61 98 3 11 100 64 59 88 39 99 64 43 63 7 45 54 13 2 77 78 37 50 32 19 18 22 68 51 42 97 53 40 99 94 23 39 30 47 23 99 96 39 36 62 24 74 9 76 62 36 9 53 88 23 67 53 17 20 71 5 32 97 97 79 71 79 20 64 13 64 31 72 89 20 87 92 55 23 4 23 44 30 44 86 62 84 43 38 33 96 57 84 45 51 8 25 6 44 56 73 92 90 46 87 27 97 74 49 3 11 80 1 8 17 66 20 71 44 62 75 53 57 100 2 56 48 73 20 74 76 67 92 39 5 84 15 70 21 94 60 63 23 87 18 47 72 19 77 70 65 76 53 49 57 57 25 56 2 53 84 1 72 78 76 14 55 76 91 19 7 61 54 14 75 94 19 41 45 2 61 4 93 86 62 11 12 56 32 86 68 84 35 67 76 92 24 99 22 54 28 84 7 35 3 90 73 56 56 85 23 22 6 9 51 3 75 74 94 69 68 48 93 78 25 6 98 72 74 48 15 87 94 80 56 60 69 21 96 53 45 47 60 14 74 15 91 20 63 48 72 68 54 73 48 64 99 43 92 66 88 48 28 36 59 56 100 30 9 24 93 63 30 77 84 74 80 8 59 5 31 5 22 64 36 98 12 60 27 36 44 65 33 92 87 16 57 41 95 16 3 85 82 20 19 61 42 90 33 32 89 18 18 34 53 13 23 49 89 25 14 59 55 21 28 36 8 5 46 86 90 35 44 5 38 86 77 65 76 34 15 81 37 96 46 90 20 77 59 55 83 13 35 61 47 69 28 95 84 72 94 68 15 71 40 79 41 96 66 1 86 69 82 76 78 47 69 27 21 60 32 10 67 70 87 57 93 27 76 51 68 69 79 54 84 45 74 37 72 10 13 88 92 7 22 73 86 60 66 29 35 33 72 84 98 82 21 75 89 29 61 57 72 42 27 94 94 90 47 27 14 75 9 54 29 80 20 43 41 71 74 76 67 88 17 24 34 22 83 78 48 13 98 74 67 95 84 97 69 86 8 83 47 79 45 57 74 97 38 99 7 60 4 41 71 62 68 48 71 48 20 88 68 9 ; 
L 6 -36 1 14 44 35 -41 44 -1 -26 -41 27 11 -24 46 -40 38 -36 -39 -50 -30 -48 47 32 15 28 28 -34 -7 -12 36 -10 -3 74 39 14 3 -19 17 19 16 28 9 -45 28 29 -18 -47 -50 -66 -42 -19 38 -6 -18 -19 -25 2 12 22 -61 -11 33 42 -8 -19 -41 25 20 -37 -18 -14 14 45 -81 -1 -15 -27 -6 -39 23 -19 36 43 -27 31 18 40 16 -50 46 -1 -77 40 -39 16 29 -33 -40 -63 -38 26 30 20 -43 45 42 32 6 -16 -49 -24 11 38 42 -33 45 85 36 44 42 -42 28 -10 37 -48 -35 -32 78 36 31 45 16 -48 -36 -47 -4 -48 -5 -13 -44 25 -33 49 28 17 19 9 -50 -32 13 24 -30 13 -50 -31 80 43 -6 -43 -36 -44 2 46 8 23 -4 -22 11 -15 24 12 47 29 -9 -11 16 -24 -49 49 -72 22 34 32 -35 5 -28 19 -13 48 45 38 12 8 -26 40 33 -15 4 33 -11 -27 15 28 -24 -71 -39 29 -48 18 -36 -22 -49 33 -31 -44 -73 -42 23 -24 12 46 -46 26 -6 -6 3 -25 4 -15 40 19 58 -47 -12 9 1 23 -26 38 49 -45 -24 -41 42 -21 47 -39 -15 -33 49 40 45 12 -33 -1 17 -47 -7 -27 -37 -5 6 -6 -45 37 -29 23 24 6 -36 41 75 28 -13 -13 -7 4 43 18 45 -25 -31 50 -25 -34 -45 -76 -50 1 44 14 -65 31 -79 9 26 -5 18 21 -25 47 48 31 19 -83 -23 9 -42 -1 23 -50 -38 -14 15 1 -44 -32 -2 -13 46 68 -38 84 28 15 28 -36 24 9 11 11 8 48 44 -48 33 -10 37 41 4 -46 18 -38 2 -24 -20 -34 -46 10 15 -10 -32 -28 -27 28 -70 -16 -14 39 10 -3 19 6 -18 21 39 -26 19 29 34 42 30 -48 24 -29 30 57 -24 -20 4 11 35 42 45 8 -43 -23 -7 -48 -13 -41 28 55 49 21 -25 6 -24 19 -3 -31 -32 -31 11 -16 -44 3 21 -44 8 12 18 -28 -33 -54 -8 -1 -34 -7 -30 51 82 46 -2 17 -8 21 14 1 -39 -21 -43 -15 -26 47 -3 11 14 -67 16 -42 -27 -56 33 43 -6 40 -6 -26 39 53 59 64 7 -20 -39 25 40 9 17 -12 -9 18 31 9 49 -41 -18 4 33 -14 -46 -60 69 -7 17 -1 30 -37 -3 19 33 -21 28 35 52 24 39 11 -19 -19 62 41 32 -16 23 -38 -50 47 ; 
8:28 2:4 30:120 23:89 55:217 30:118 8:32 30:116 41:163 14:56 26:102 30:118 28:108 14:54 8:28 8:28 36:142 18:70 18:70 8:32 20:76 29:113 20:76 27:107 6:22 27:105 38:150 28:108 6:24 29:113 16:64 32:126 4:16 17:67 27:107 23:91 16:62 8:32 9:35 8:28 28:108 12:48 26:100 38:148 10:38 4:14 12:48 40:160 17:65 38:148 25:99 34:136 18:68 29:115 30:118 28:108 27:105 2:4 40:156 25:97 32:124 1:1 38:148 28:108 29:115 20:76 26:100 8:32 35:137 30:118 4:14 31:121 8:32 22:88 25:97 39:153 30:118 30:118 7:27 4:12 29:113 33:129 29:115 15:57 10:38 2:6 2:8 32:128 5:17 2:4 20:78 30:118 33:131 28:112 6:24 24:96 19:75 18:72 22:84 12:46 32:124 9:33 28:110 24:96 23:89 32:128 38:150 37:147 18:70 24:94 36:140 16:62 48:188 14:52 26:102 18:68 26:100 32:124 39:153 18:72 8:28 6:22 30:120 38:150 8:30 17:65 18:72 17:67 18:68 37:147 38:148 35:137 25:99 5:17 5:19 23:89 13:51 35:137 28:108 34:134 14:56 27:107 31:121 37:147 10:38 40:158 9:35 22:86 12:44 34:134 3:11 5:17 18:70 12:48 18:70 35:137 40:158 8:28 34:134 18:68 16:60 14:52 39:153 23:91 9:35 21:81 4:12 10:40 3:9 42:168 24:96 27:105 40:160 17:67 25:97 8:30 8:32 33:131 34:136 2:4 40:158 35:139 38:152 17:65 21:83 38:152 25:97 30:120 8:30 28:108 38:148 32:124 10:40 3:9 58:228 12:46 22:86 14:56 36:144 38:150 38:150 11:43 19:75 23:91 25:97 14:54 7:25 40:158 10:36 15:57 17:65 29:113 30:118 31:121 27:107 30:118 56:220 30:116 14:52 26:104 11:43 15:57 21:81 16:62 35:137 36:144 4:16 19:73 36:144 5:17 24:94 3:11 2:4 30:120 6:20 30:116 29:113 8:32 6:22 29:113 9:33 38:150 24:96 35:137 35:139 8:28 19:75 29:115 8:30 28:108 26:104 31:121 20:80 33:131 31:121 32:124 19:75 28:110 11:43 9:33 24:96 17:67 27:107 28:112 35:139 23:91 38:148 11:43 31:121 38:148 15:57 4:14 2:6 33:129 22:88 32:128 39:153 27:105 5:17 4:16 29:115 15:59 30:118 30:116 22:86 32:126 28:110 44:172 8:32 25:99 15:57 16:62 34:136 26:100 18:70 34:136 30:120 9:33 33:131 40:156 34:134 29:115 25:99 3:9 30:120 32:128 39:155 11:43 14:54 14:52 11:41 39:155 30:118 23:91 18:72 13:49 24:94 39:155 8:32 1:3 31:123 6:22 40:158 33:129 40:158 20:80 13:51 12:44 34:134 30:118 32:128 8:32 31:121 47:187 16:62 22:86 2:6 36:140 28:108 28:110 38:150 30:118 30:120 2:4 21:81 4:14 3:9 9:35 10:36 34:136 23:89 29:113 35:137 37:147 4:16 26:102 21:81 30:120 30:116 11:43 14:54 2:6 4:12 34:132 19:75 7:25 26:102 6:20 10:36 20:78 36:142 10:40 16:64 40:158 16:64 22:84 39:155 28:112 21:83 18:72 22:84 34:134 14:54 27:107 22:88 28:110 39:155 34:134 38:152 27:107 22:86 36:140 20:76 12:44 14:52 14:54 32:126 26:100 8:32 24:96 34:134 3:9 19:75 10:38 6:20 34:132 22:88 30:116 16:60 25:97 17:65 31:121 22:88 34:132 30:116 31:121 1:1 10:40 30:116 9:33 35:137 23:89 34:132 20:78 10:36 27:107 22:84 7:27 8:32 29:113 2:8 37:147 34:132 13:51 35:137 19:73 2:8 4:12 15:57 3:11 15:57 21:83 7:25 33:131 30:120 5:19 35:139 37:147 22:88 10:36 2:6 32:126 4:12 12:46 6:22 33:129 30:116 26:104 31:123 35:137 16:60 2:8 18:70 14:56 36:142 39:153 19:73 25:97 10:36 16:62 10:38 5:19 40:156 0:0 24:94 26:100 22:84 23:91 40:160 16:64 26:102 9:35 2:8 13:49 4:16 23:89 25:99 22:86 1:3 13:49 29:115 36:142 13:51 22:84 7:27 9:33 18:68 40:156 42:168 28:108 4:14 ; 
L 27 1 -11 16 -30 -9 10 49 43 -8 11 2 -15 31 -12 39 48 -50 12 -45 31 40 -50 -26 -15 -7 30 -42 49 -36 -50 2 8 45 -36 -24 2 -19 18 41 -40 -15 -49 16 50 -41 19 37 -44 21 19 -7 19 -14 -8 -43 39 -44 40 -28 22 -47 10 -30 -33 5 -22 -46 -22 2 1 49 -8 -28 33 -43 7 -47 43 -22 -30 25 32 4 -42 45 48 15 -34 35 -32 -26 -40 13 3 -11 -20 -17 -5 -21 -30 -24 -21 -37 29 -7 15 -16 -19 -29 -20 -8 -15 -28 -2 46 -34 -34 10 2 44 -6 31 -31 35 50 3 33 -41 -43 43 -29 47 27 -50 -22 19 -26 21 -15 -27 -14 -29 -19 13 -19 38 44 13 -42 -22 40 16 23 -5 -18 -28 -40 10 -5 -42 3 -46 -8 -42 25 -46 -20 44 -7 45 -41 -20 35 2 15 14 -49 -23 21 -40 29 46 -45 41 42 9 48 -22 -37 -23 9 -11 -25 -21 -5 47 -18 -42 -7 33 -18 -27 -13 -6 -45 18 15 20 -28 16 -11 -7 21 25 -50 37 41 35 40 -19 10 29 41 3 43 18 -44 17 42 1 -43 -48 15 40 30 -17 19 -21 -5 48 -22 -39 45 -42 -22 -38 -15 4 29 17 48 38 -40 -10 35 16 -41 4 -26 -31 -46 3 -15 39 -30 34 26 -21 -32 7 39 -14 -18 22 -50 -12 -49 -18 -6 31 38 -26 -41 26 -31 -27 22 -14 11 12 41 2 36 44 -10 33 -16 -26 15 -30 -14 -48 -13 -4 -47 15 8 -45 25 50 -12 -16 -9 -43 -30 44 43 8 -25 33 16 -38 21 -22 -44 -14 -20 7 -23 12 -4 17 22 -30 17 15 1 -5 34 5 19 -42 8 -1 -33 -38 -25 -48 40 49 -11 -20 -12 -21 -24 -45 -29 41 -30 38 13 6 16 32 10 -36 20 30 -20 5 30 10 -3 17 34 -35 -39 -17 34 -2 -26 19 11 47 23 -15 -8 17 23 46 -16 -1 30 -20 42 -24 45 47 11 -24 40 28 -44 1 5 -2 -33 -40 -37 -47 -41 8 14 -49 26 -29 2 -8 -31 18 35 47 49 -30 18 -21 -11 -43 40 27 15 -14 -26 -46 -31 49 32 28 -17 -14 15 19 -30 -13 -34 50 4 20 -13 29 7 10 -13 31 -19 3 -35 8 39 -35 19 -29 18 37 48 -11 -21 8 -2 45 43 -29 14 2 -37 40 14 -20 -42 -2 -43 -25 6 44 20 31 -34 -41 26 49 -42 32 -20 28 -34 -33 -1 -19 -4 ; 
16 64 43 15 72 19 18 63 23 68 96 34 32 36 58 70 72 85 50 19 47 31 32 9 33 32 96 96 31 5 52 71 39 48 65 70 97 44 25 37 100 75 71 66 4 8 2 2 50 68 43 71 99 13 12 40 96 47 10 15 80 38 35 12 58 16 29 97 48 1 99 14 49 100 38 15 14 22 61 79 58 55 95 16 99 56 88 32 74 70 90 100 51 1 39 48 67 30 42 81 60 15 27 100 49 9 3 83 35 14 71 56 76 72 4 82 100 34 40 34 14 37 49 91 23 29 90 84 10 84 18 5 73 47 54 9 36 41 85 67 4 62 79 83 90 80 25 14 9 35 40 5 88 76 41 33 21 61 36 87 72 49 70 17 68 53 65 87 32 41 58 32 72 76 13 96 43 63 76 41 5 16 93 63 16 73 78 98 62 9 32 39 99 83 57 36 33 57 30 52 54 54 98 85 76 21 95 45 5 53 99 94 100 41 4 27 88 66 57 25 51 71 75 95 55 17 88 89 24 6 57 63 79 69 90 2 64 27 93 62 72 89 26 32 40 81 72 51 11 3 38 59 24 29 89 71 16 17 54 45 87 72 47 78 19 94 38 46 95 52 16 68 30 87 98 67 58 67 30 97 27 16 27 81 16 58 23 39 3 38 50 42 73 83 49 39 12 29 10 13 12 65 76 66 62 6 9 90 49 12 21 88 57 40 4 53 60 8 68 9 42 58 38 17 75 93 90 73 55 24 72 5 93 67 37 51 26 3 11 63 89 81 70 37 21 17 20 17 96 10 84 39 79 48 62 14 20 9 78 23 94 17 16 37 8 58 50 95 39 17 56 57 66 58 96 2 12 2 56 53 88 33 62 37 7 81 20 80 66 67 98 67 81 44 45 99 47 1 95 73 3 60 48 28 33 80 25 23 70 36 1 30 3 65 62 21 88 2 83 1 63 94 83 24 49 96 87 81 9 52 36 88 97 88 56 55 35 14 100 63 71 70 81 41 17 98 76 20 3 38 73 14 3 7 26 91 25 69 37 27 59 81 35 15 34 72 23 16 41 54 16 66 45 72 9 55 45 88 12 68 17 49 45 47 15 4 51 96 34 94 69 23 51 75 90 13 100 38 75 12 99 ; 
L 27 1 63 -11 16 -30 -9 10 49 64 43 -35 -73 82 43 -30 -13 19 -7 19 -14 -8 -43 39 -44 40 -28 22 -47 10 -30 -33 5 -22 -19 17 -31 -27 22 -14 11 12 41 2 47 18 14 -39 32 21 -26 -34 30 -39 15 40 27 -14 -26 -46 37 40 33 2 -49 -40 48 25 38 1 42 -19 -5 -34 5 -1 -15 -17 30 -21 23 49 -52 -15 -2 -35 41 -45 15 20 29 19 16 -15 7 -29 -53 37 -84 21 -61 24 30 21 5 17 20 11 -3 -13 40 26 6 18 -12 -38 -48 -17 -29 33 -41 -43 81 43 -29 47 -15 14 17 -28 -32 66 27 -50 -22 80 -40 10 -5 3 -46 -8 -42 26 -29 -18 30 -49 -47 -22 -17 -12 23 -7 20 14 -21 50 4 20 -13 43 2 42 20 -14 -40 37 -2 -56 -14 29 -43 -45 2 11 -9 23 -21 7 11 38 -26 -41 26 -62 -7 -29 -25 6 44 20 31 -34 69 -45 41 42 9 48 -22 51 -37 5 21 -78 25 21 11 -48 -37 -18 29 28 18 5 -23 -40 22 42 -38 -13 19 29 14 27 15 -21 22 -50 -12 -49 16 -31 32 -72 -15 -48 38 -16 -44 21 32 4 -42 45 30 -20 5 30 -41 26 49 -42 32 -20 28 79 -12 39 48 -50 40 -44 1 -47 -41 8 3 19 -26 -18 -42 -7 33 59 -18 -27 -13 -6 -50 -26 -15 -7 -42 49 67 -36 2 8 45 -36 54 -24 2 -19 -40 -15 -49 16 50 -41 19 37 -33 25 -8 -43 -44 30 43 9 16 12 -50 -25 45 -8 -15 47 4 13 48 14 30 -15 26 16 -33 -44 -36 -28 -2 46 -34 -34 10 2 -10 35 16 44 -6 26 2 -34 -68 17 39 -74 35 3 -10 57 8 -49 -1 -2 -60 22 46 -5 -21 48 -22 75 55 45 -42 -22 -38 -15 4 -3 -35 -31 -65 19 47 23 -15 -8 17 23 46 -16 -1 30 -20 42 -3 46 31 41 35 40 10 41 -40 -41 4 45 47 11 -24 40 28 -45 26 -8 11 2 -15 31 -34 -33 -1 2 -8 -31 18 35 71 -40 29 46 -39 -11 -20 -12 -24 -45 -29 25 -46 85 41 -30 38 13 6 83 16 32 10 -36 20 5 -8 35 -3 19 -31 13 -10 -30 -40 -15 43 -1 -42 -17 44 -18 -43 -76 34 -25 30 22 -20 44 -7 70 -35 25 -50 -43 47 -7 43 -33 28 -45 31 77 58 14 -49 37 18 -11 15 20 -28 -31 49 19 -19 -4 ; 
7:25 26:102 17:67 12:44 6:24 29:115 8:30 8:28 26:100 23:91 39:155 21:81 22:84 9:33 43:169 6:24 7:27 37:145 29:113 40:158 6:20 5:19 16:64 39:153 19:75 4:16 6:24 32:128 16:60 14:56 5:19 24:92 7:25 12:46 65:259 11:43 18:70 10:36 16:62 2:4 16:60 20:80 17:67 30:116 10:40 16:60 35:139 12:48 16:60 21:83 38:152 19:73 16:60 38:150 8:30 40:156 15:57 72:288 36:140 23:89 7:27 15:57 28:112 10:36 12:44 34:134 4:16 39:153 7:27 5:17 12:48 28:112 33:129 36:142 26:100 5:17 2:4 11:41 21:81 22:86 17:65 31:121 17:67 19:75 39:153 6:20 53:211 13:51 37:145 7:25 29:113 6:22 14:56 34:132 2:4 4:14 19:73 28:110 35:139 23:89 34:134 12:48 6:24 24:96 33:129 17:67 12:48 27:107 20:76 16:62 1:1 21:81 26:102 39:155 24:94 18:72 10:38 24:94 16:60 5:19 4:16 34:134 28:112 18:68 2:8 30:116 30:118 28:112 29:113 26:100 40:160 23:89 14:52 22:86 4:14 29:113 24:92 15:57 35:139 24:92 28:112 7:27 28:108 7:25 36:140 10:38 39:153 20:78 10:38 23:91 27:107 13:51 29:115 10:38 22:88 30:116 86:344 21:81 8:32 2:4 16:60 39:153 20:78 7:27 28:108 5:19 36:140 18:72 22:88 22:88 16:60 29:115 18:72 27:105 7:25 43:169 40:158 16:62 33:129 17:65 40:160 39:155 11:43 33:129 7:25 16:60 39:153 6:22 9:35 19:75 6:24 2:6 21:81 39:153 12:48 25:97 7:25 30:116 32:124 40:156 25:99 6:24 23:91 16:60 15:57 32:126 11:43 26:104 7:25 10:36 29:115 14:54 6:24 34:132 9:33 14:52 17:65 54:212 2:8 16:64 10:38 38:148 36:144 34:132 32:126 25:99 2:6 27:107 38:152 27:107 24:92 27:107 34:132 6:20 26:100 28:110 40:156 13:51 9:35 16:60 36:144 28:108 38:152 7:25 40:158 23:89 57:225 7:27 23:89 23:91 24:96 38:150 28:110 10:36 21:81 30:120 36:144 32:128 22:86 28:112 29:115 34:136 12:44 10:40 14:52 9:35 12:48 2:4 1:1 27:107 17:65 43:171 12:48 21:83 22:86 36:140 17:67 40:156 34:136 31:121 11:43 4:14 14:52 13:51 10:38 13:49 23:89 11:43 21:81 16:62 20:76 26:104 2:8 31:121 39:155 18:70 38:150 30:120 29:113 27:105 2:6 4:12 1:3 1:3 8:28 17:67 4:14 28:108 4:12 24:96 22:84 2:6 16:64 23:91 36:140 9:33 5:19 20:78 36:144 4:14 3:9 25:99 27:105 31:121 26:104 5:19 6:20 4:16 12:46 17:67 20:78 30:118 2:6 33:131 40:160 14:54 16:64 14:54 20:78 29:113 7:25 0:0 15:59 25:97 14:52 36:140 37:145 25:99 23:89 15:57 31:123 26:102 24:92 24:96 14:54 20:78 6:22 40:158 16:60 15:57 20:76 35:139 24:94 13:51 36:142 25:97 30:116 23:91 16:64 33:129 29:115 21:81 5:17 30:120 28:108 44:174 26:102 16:64 1:1 33:129 8:32 32:128 27:105 27:107 40:156 27:107 33:129 18:70 18:72 40:158 13:51 19:75 29:115 13:49 23:91 10:40 15:59 24:92 34:134 29:113 22:86 16:62 38:152 30:116 2:4 24:96 20:76 12:46 28:112 6:24 39:153 14:54 13:51 15:57 4:14 40:160 16:60 24:96 34:132 1:1 26:100 38:150 19:73 36:144 7:25 38:148 12:46 14:54 32:126 20:76 26:102 8:32 4:14 22:86 26:104 22:88 23:89 10:36 38:150 7:27 7:25 5:19 31:123 4:12 24:92 20:80 38:152 17:65 12:46 15:59 28:110 10:40 37:145 11:41 3:11 20:76 1:3 36:144 50:198 26:100 23:91 3:9 10:38 36:142 36:140 10:38 15:57 20:80 22:88 24:92 12:46 13:51 17:65 32:128 25:99 8:30 11:43 42:166 25:97 9:35 6:22 6:24 16:60 37:147 19:75 22:88 7:25 51:201 25:99 39:155 59:235 22:88 36:142 2:8 22:84 30:118 14:56 7:25 32:124 5:19 40:158 ; 
L 40 -2 -47 -15 -33 20 -6 -2 24 -40 -6 19 33 -40 -2 -10 27 43 44 11 -46 35 11 -45 -2 -28 -12 -1 19 14 -21 3 27 49 -14 32 7 -34 11 21 -34 42 29 27 5 4 13 42 44 -1 -34 -38 6 -34 25 -12 -24 37 -3 -2 22 -4 -30 38 37 -18 -11 -30 12 18 -47 27 -39 13 10 47 -30 45 26 21 29 -30 -48 -38 11 31 -49 -10 46 25 -18 -17 20 6 -36 10 25 19 11 -4 -38 14 1 -15 -16 -31 26 -45 -18 36 -38 -6 39 44 -45 -40 -37 3 -48 -30 43 -46 -25 -11 -4 -39 10 31 5 -26 49 -37 -35 2 27 -43 43 -21 -17 25 9 -8 -30 9 -31 35 -28 2 26 -32 45 34 42 33 -6 -46 -4 -12 -28 -38 -10 -11 -33 18 -12 25 17 36 -4 35 9 33 -13 -5 -7 -38 23 -37 28 7 -1 16 -33 45 -30 -3 -46 37 -31 46 -6 22 -25 -2 -35 -49 3 -3 -2 17 -50 39 23 48 29 23 -3 45 -6 45 -17 19 39 -33 42 -36 31 25 -28 6 -31 -29 10 -45 4 2 36 8 -45 40 -48 36 -19 32 46 -27 -29 -11 31 -33 -28 -29 18 12 46 14 45 -10 1 30 -29 -12 -45 -28 -30 6 49 -25 1 35 -39 -12 8 -29 18 23 -41 -49 -25 -26 19 29 23 -3 -28 -19 -25 12 -49 26 -3 -32 -13 -49 14 -21 20 15 -6 -10 9 -43 -20 50 50 -1 14 28 36 -47 43 -37 26 -7 -30 21 -39 -7 -19 36 -7 33 6 -44 -24 5 -14 42 23 24 33 21 37 -42 26 19 42 39 33 -40 -11 -3 20 -36 1 -37 -12 48 -30 39 -11 -36 -32 -7 6 13 -34 -9 -41 -20 34 -47 -36 -36 -19 -11 -26 34 38 -43 -31 21 -35 4 39 17 -1 -45 -47 4 -18 -45 3 3 -33 41 9 -1 14 4 16 -49 27 -20 -50 37 25 -39 47 -22 -48 -37 1 -45 36 42 11 -5 5 43 -48 -33 -1 -6 -50 -20 47 9 42 -21 47 -20 5 31 -24 34 -28 -31 41 -47 -44 28 -35 -7 16 39 -23 26 -11 -13 42 -9 36 21 46 16 43 10 -22 -4 -2 10 26 49 3 32 22 -4 -4 5 -42 -11 -14 34 24 50 36 1 26 -10 48 45 -4 -18 7 -8 -26 -33 -18 37 -16 -3 -23 36 -19 -19 -4 -36 24 14 -20 11 -46 9 -19 9 2 19 -25 37 35 42 -44 21 34 10 6 -23 12 6 ; 
97 16 14 67 71 77 24 22 74 72 28 90 41 71 85 4 64 46 67 7 94 75 45 62 31 59 1 99 58 1 100 50 56 44 23 67 59 27 8 6 4 48 19 5 40 13 5 46 11 73 65 55 52 37 44 8 15 87 98 29 14 30 43 61 28 1 49 49 82 62 100 26 84 20 35 43 63 99 26 76 11 88 40 44 98 14 62 93 52 98 40 28 15 90 9 99 73 6 29 41 52 18 80 59 34 30 44 25 32 89 40 60 58 53 67 55 84 98 81 37 15 41 83 80 27 25 36 98 59 49 73 64 33 77 78 39 100 62 72 93 73 3 68 31 74 28 48 51 44 94 87 89 13 33 79 44 74 92 97 49 16 4 4 54 59 56 81 6 23 55 28 90 18 22 28 40 97 14 10 79 77 74 11 78 8 23 32 60 26 16 91 49 78 74 38 18 66 28 19 77 75 39 81 31 6 49 36 68 96 14 19 53 21 66 20 59 79 53 71 5 32 19 58 57 11 36 13 30 29 94 55 34 71 64 76 60 63 50 43 60 41 53 96 65 37 82 45 61 25 91 79 74 6 26 23 69 16 53 24 23 70 99 5 61 14 70 42 52 49 28 50 41 46 25 85 7 13 76 16 58 55 28 48 53 8 28 21 79 9 74 2 62 43 46 63 29 46 71 3 39 76 8 42 50 27 13 67 82 71 63 36 22 25 98 94 47 8 81 36 40 68 97 87 8 56 92 6 77 54 98 9 18 32 100 84 40 89 5 70 88 56 31 70 1 75 1 57 51 27 70 14 33 49 57 30 28 100 93 57 55 14 51 28 48 22 40 56 2 93 26 85 61 25 10 27 98 75 72 65 98 42 31 20 83 77 32 33 5 9 54 84 75 18 51 68 72 70 97 5 15 76 77 73 47 37 52 8 48 64 97 20 9 88 16 39 12 93 81 66 48 71 18 17 17 17 83 27 98 17 53 29 77 16 67 61 70 94 40 57 24 68 19 99 84 2 5 82 65 30 48 20 36 29 10 22 7 35 16 71 27 95 75 63 39 55 32 90 60 59 22 99 61 58 35 10 88 62 89 41 34 67 38 42 12 94 44 7 25 23 32 1 89 43 60 79 34 29 35 26 97 71 ; 
L 40 -2 -47 -33 20 -6 -2 24 -40 31 -28 35 -28 44 -41 31 28 -34 24 -31 -5 -1 36 -33 45 -17 19 -6 -46 43 -37 -37 26 -7 -30 77 21 -39 -7 -19 36 -7 68 33 6 23 -41 29 50 -55 6 1 33 -78 26 49 -32 45 34 42 33 9 -1 14 4 -45 33 43 -46 -11 16 -49 27 -20 3 11 40 1 -44 -42 -13 -4 25 -19 -2 -9 19 -3 -2 22 -4 -30 38 -18 -11 -30 12 80 18 4 47 -36 -28 -14 1 -50 20 -49 47 -22 -48 1 24 14 -20 11 -46 9 79 -37 24 12 34 42 6 -45 3 -23 -66 -48 -23 42 11 -5 72 5 20 -34 -30 -7 -32 14 -49 -18 37 -16 -3 -23 38 -4 -39 10 31 -26 -1 -14 -24 5 63 -14 25 -28 7 37 -23 38 7 5 -33 -9 -83 -35 4 -31 36 -51 12 28 45 -11 -35 46 -11 -44 -43 -27 10 2 40 -33 6 21 -35 -37 33 11 64 -37 -12 48 -30 39 -11 -26 23 -39 -16 -7 6 13 -34 -9 -41 -20 -47 -36 74 -36 -19 -11 -26 34 38 -43 71 7 -3 -46 82 37 -31 61 46 -6 22 -25 -2 30 -47 -10 -13 -27 47 21 46 16 43 10 -22 -4 4 39 17 -1 -45 -47 4 -23 -8 -30 9 -31 35 -28 26 -56 -1 19 14 -21 3 27 33 26 8 -7 18 4 -45 -48 10 -26 -1 -36 -34 14 11 42 -5 4 4 -22 -32 -3 -81 -19 -4 -36 -45 36 -39 50 -17 2 3 -3 49 35 45 -39 -1 16 70 -11 -84 -60 -19 -25 -10 36 -6 -20 -76 17 18 -25 -46 10 -73 39 -25 -37 -85 50 -48 -10 2 -42 26 19 36 -19 -39 -67 -41 33 -3 -3 -36 9 -42 13 11 -36 -32 6 -31 -29 10 -45 4 2 36 8 -45 40 -48 42 23 24 33 -12 -28 10 38 20 -62 21 -75 -9 -47 20 -26 49 -12 -65 25 19 28 3 -23 -29 -19 26 25 49 -11 31 -33 -28 -29 18 12 46 14 45 -10 1 30 -29 -18 -45 49 -37 -35 2 27 -43 43 -21 -17 25 69 6 38 -36 18 45 31 -53 16 15 18 -12 25 -42 33 -12 -45 -28 -30 6 49 1 35 -12 8 -29 18 38 -54 -9 -34 11 10 58 21 42 29 42 -44 21 34 6 -59 4 30 48 -3 37 40 45 26 21 29 -30 -48 -38 11 31 43 -9 10 6 -15 21 -52 -14 49 32 3 27 -46 -32 -57 19 -36 -36 12 6 ; 
39:155 7:25 6:22 28:108 31:123 10:38 9:35 30:118 29:115 24:92 10:36 8:32 7:27 8:28 20:78 27:105 33:129 38:148 5:19 16:62 7:25 32:128 34:134 27:107 6:20 8:30 22:84 38:152 18:70 41:161 4:12 16:60 14:56 20:80 11:43 15:57 30:118 27:107 33:131 29:113 26:100 15:57 10:40 40:160 10:40 56:222 17:67 30:120 16:60 2:6 19:73 19:75 30:116 37:145 41:161 34:134 36:142 35:139 36:142 6:20 14:52 37:145 29:115 26:104 40:156 14:52 32:124 34:134 17:65 50:200 9:35 13:49 8:32 16:60 13:51 8:28 4:14 30:118 30:116 5:17 19:73 2:8 9:33 10:36 10:40 3:11 18:70 39:155 12:46 6:22 12:48 18:68 25:97 1:3 20:78 20:78 33:131 24:96 11:41 11:43 20:78 16:62 2:4 29:113 19:73 12:46 9:35 23:89 20:76 22:86 34:134 21:81 7:27 14:54 27:107 16:60 17:67 5:19 10:38 31:123 35:139 6:24 7:25 34:132 1:1 39:153 28:108 15:57 24:94 26:100 13:49 44:174 28:112 39:155 17:67 6:24 48:188 67:267 5:19 19:73 24:94 27:107 10:36 21:81 9:35 40:158 25:97 24:92 14:54 26:104 10:40 15:57 40:156 6:22 44:172 32:128 33:129 19:75 36:142 16:62 9:35 29:113 6:20 3:11 6:22 39:155 16:64 12:44 16:60 36:144 14:52 25:99 22:88 22:88 32:126 18:68 41:161 1:1 19:73 25:99 18:72 30:120 38:150 3:11 27:107 19:73 26:102 2:6 34:136 29:113 12:48 9:33 12:44 20:76 34:134 2:6 4:16 18:72 36:142 2:8 28:112 36:140 23:89 14:52 40:156 11:43 34:132 2:8 30:120 1:1 23:91 21:81 11:43 28:112 19:75 20:78 12:46 36:144 12:48 12:44 40:160 38:148 23:91 22:88 5:19 34:136 8:32 13:51 2:6 35:137 11:41 26:102 4:16 37:145 20:78 32:124 30:118 27:105 26:100 18:68 14:56 24:94 11:41 60:236 25:97 28:112 38:150 16:64 23:91 10:38 5:17 9:35 16:64 23:89 1:3 38:148 11:41 6:20 7:25 28:108 13:49 30:118 12:44 20:76 18:70 30:118 29:115 24:92 1:1 40:160 20:80 23:89 21:83 24:96 36:144 13:51 22:88 16:62 26:100 30:120 38:152 11:43 29:113 7:25 1:3 4:16 12:46 15:57 8:32 20:76 12:48 26:104 33:131 2:8 20:80 39:153 25:99 36:142 30:120 28:108 18:70 16:62 30:120 31:123 8:30 12:44 27:105 8:28 16:64 40:156 3:9 30:118 5:17 19:73 12:46 31:123 9:33 3:9 30:116 40:158 4:14 36:144 5:19 30:116 12:44 16:64 40:156 21:83 22:86 21:83 2:8 14:52 14:54 34:132 18:70 30:120 8:30 26:104 23:89 37:147 4:14 4:16 8:30 6:22 15:59 40:156 11:43 4:16 6:20 7:25 31:123 12:46 22:84 6:24 28:112 2:8 13:51 8:30 24:92 23:91 5:17 15:57 6:20 12:48 12:46 38:150 22:88 27:107 15:57 16:64 28:108 25:99 39:155 3:11 7:25 33:129 25:97 9:35 21:83 30:118 20:76 4:12 22:84 24:92 7:25 27:105 9:35 6:20 3:11 34:136 10:40 19:73 17:65 20:80 12:44 20:78 11:43 18:68 24:96 17:65 22:84 39:153 26:104 15:59 33:131 18:72 25:97 10:40 37:145 32:126 21:81 25:97 30:118 26:102 14:52 31:123 32:124 16:62 40:160 25:99 29:115 38:148 19:75 37:145 24:96 16:64 36:142 13:51 13:51 17:67 11:41 14:54 8:32 24:94 23:89 28:110 8:32 16:64 3:9 11:41 10:36 28:110 7:25 18:68 10:36 54:212 2:8 25:97 6:22 8:28 32:128 19:75 22:84 4:12 10:36 29:113 11:41 15:57 8:30 4:14 18:68 24:96 32:126 21:83 20:76 19:73 4:14 15:59 33:129 40:156 34:134 35:137 11:41 31:121 5:17 36:140 16:64 18:70 40:156 6:22 20:78 25:99 1:3 30:118 4:14 8:30 39:155 15:57 4:12 30:118 12:44 32:126 24:96 31:121 37:147 8:32 29:113 19:75 55:219 39:155 29:113 ; 
L -30 42 -4 42 12 12 24 28 20 22 -44 -13 28 36 -13 11 -39 16 44 46 -36 -45 -50 -48 23 22 34 -20 -31 -17 30 -47 47 -9 -37 -5 33 -9 35 -22 47 50 -10 43 -11 39 46 -38 46 13 -26 -4 3 -24 48 2 49 -19 40 -10 13 -34 50 -13 -30 12 -24 10 -8 34 11 -44 20 29 31 39 -6 46 -42 -32 -35 -24 -48 2 12 -32 -17 11 -15 -5 -6 -43 -37 -40 -22 -33 -13 -45 -38 -25 -24 -37 -8 7 35 28 -13 30 5 -32 5 -40 -28 46 -6 26 -38 24 1 -16 36 -49 -31 -41 45 -17 28 -44 5 -8 -18 -46 -26 -48 36 17 -48 -21 36 22 9 27 42 16 15 -23 40 -2 -33 23 -39 -47 10 -2 4 -46 35 -12 5 10 -2 -15 38 -28 -14 47 -38 29 29 -14 -33 38 -42 -16 -4 -31 -28 47 48 35 -18 -29 -50 -30 -44 31 -5 8 -13 -11 44 -41 21 -25 -41 34 -50 -13 -5 -42 -33 17 50 -29 43 -16 -25 -38 4 30 -43 2 26 38 -47 17 24 18 10 -20 20 -24 -50 -13 11 -5 -27 18 -26 19 -23 10 29 -48 -5 15 31 1 26 -12 43 23 -27 24 -4 -4 28 48 22 1 32 -6 45 -29 20 -2 23 12 38 43 -38 -48 -4 -49 -2 -33 25 -29 45 49 36 33 -20 -43 34 10 -12 35 2 -19 -5 37 15 4 46 47 -16 15 -22 -28 48 -8 7 30 -28 -38 32 10 44 -48 41 24 -12 -18 -28 -6 33 45 -15 -25 26 42 9 -33 29 -36 40 39 -26 8 -38 38 22 15 -49 32 -20 20 4 -24 11 25 13 -4 -22 -30 -33 12 22 -15 17 -36 3 39 -47 37 35 -1 -7 -11 37 5 3 -32 36 -32 -47 -41 33 9 32 35 -21 -45 -29 -28 -19 22 42 2 27 47 -35 -21 33 -1 -2 -50 -24 -22 -13 -48 9 30 19 -25 42 39 48 7 -46 34 25 -9 29 -37 4 33 -33 -25 45 -37 30 -43 -32 -31 2 -22 -25 4 -10 15 32 -42 20 37 34 28 -20 36 -15 10 -24 44 34 -29 18 6 -48 35 36 -17 -8 -44 -6 33 5 -14 -21 -21 -22 18 45 -30 -9 -27 -4 -34 43 -20 49 -17 -18 -39 -12 30 -27 -28 12 -30 -43 -29 -19 -4 -14 -41 1 -44 22 38 -29 -28 -26 -36 22 39 28 14 36 -8 -20 -43 48 -23 34 -9 -18 -2 41 46 -14 28 11 -33 -42 -30 15 -49 -20 3 ; 
36 100 93 50 52 69 10 40 73 1 82 4 11 99 25 13 59 9 73 10 95 98 48 97 3 10 15 99 6 99 77 96 95 6 47 87 39 9 67 70 15 65 33 15 79 64 91 31 70 77 4 49 94 4 7 51 95 23 18 87 55 34 59 28 100 94 83 87 20 76 47 93 69 64 32 34 6 79 13 12 8 88 20 16 40 24 23 82 58 8 55 31 21 24 100 86 16 49 26 36 18 76 31 44 46 32 56 65 70 61 14 67 45 98 64 62 36 54 81 5 55 85 95 62 6 64 53 88 51 82 63 13 80 83 51 25 52 45 18 54 66 60 33 23 10 17 1 14 35 82 40 95 19 52 56 43 97 23 3 96 6 78 98 70 8 91 45 97 40 79 37 28 47 6 67 17 78 24 33 51 96 44 91 49 19 70 86 100 54 11 34 82 63 91 54 78 43 44 31 7 36 38 70 42 92 89 66 97 40 16 17 82 6 88 46 47 80 69 86 52 53 40 8 44 40 33 45 39 8 93 86 16 3 88 82 22 14 45 15 4 96 24 22 68 69 27 54 34 18 69 52 2 72 96 90 87 20 42 56 28 65 28 59 11 42 32 59 28 46 35 46 88 48 4 76 87 49 56 84 94 15 15 14 2 35 48 83 98 41 43 12 87 81 67 12 40 38 26 64 72 47 8 78 10 49 2 46 67 78 17 36 36 4 15 11 23 54 84 14 31 72 57 33 3 83 9 48 34 20 91 63 90 70 61 96 15 87 97 24 16 83 79 33 24 31 94 21 57 74 78 19 2 4 25 21 91 4 66 56 39 76 42 93 16 8 75 73 41 45 51 6 84 69 56 52 59 24 77 42 24 47 22 31 28 1 43 14 49 58 22 93 83 30 62 73 63 82 65 88 69 11 55 51 32 100 56 18 50 61 7 79 71 88 11 29 54 86 1 23 61 1 63 79 84 59 33 87 100 17 23 18 51 30 78 13 36 30 25 30 84 24 40 25 79 13 80 29 72 98 84 49 83 83 43 2 88 92 44 70 72 68 36 59 30 20 62 71 50 59 70 72 18 54 10 94 87 91 81 93 85 91 11 90 93 100 40 47 22 69 63 32 19 72 60 89 92 53 33 62 20 76 ; 
L 59 -30 42 -4 42 12 56 12 24 6 30 -14 -28 -85 -39 -22 36 26 29 -3 -5 -37 7 1 -35 -37 47 -39 22 78 -23 -43 -33 41 -74 -60 47 32 -36 32 12 -26 13 -28 -35 -7 8 37 24 25 38 45 13 -27 -4 -34 43 -20 49 -30 17 31 20 -34 -79 -22 -23 48 -63 -77 50 45 36 -46 -16 39 -11 13 -36 -28 13 44 -22 -1 -48 4 4 -24 27 38 -28 -14 47 -36 20 -51 -28 -37 -20 -28 42 -32 -69 -15 10 -4 25 22 -2 31 43 -30 37 -45 80 -12 5 10 25 15 -45 -33 6 28 12 -24 -17 33 42 5 13 50 -34 41 25 -21 41 -44 11 13 -8 5 -31 -15 10 44 34 54 -29 18 28 20 32 -10 38 28 -30 -7 -50 8 -48 28 22 -15 -12 28 27 -30 12 39 18 17 -19 26 -18 -73 27 5 -11 13 50 20 -10 -18 -24 -17 47 -38 -26 -2 -30 -9 48 13 22 24 -65 50 16 -48 -5 15 1 30 5 38 44 30 50 -6 45 -29 20 -2 23 38 43 -38 -48 -4 -49 -2 -33 -26 64 -4 -72 43 -6 -30 -43 -29 -19 -4 -14 -43 -50 -47 9 -22 -36 21 48 -17 -34 23 -48 43 20 -36 48 26 -71 -76 46 18 8 -5 44 -28 35 -47 -27 -47 -37 -5 33 4 -24 -13 -2 -48 24 29 29 -14 -5 32 25 -11 17 32 -12 -2 48 24 15 -23 40 -2 -33 23 -47 10 -2 4 -5 37 15 4 25 -29 49 33 -20 -9 -18 -2 41 46 -14 28 11 -33 -42 -43 67 34 10 -12 35 2 33 5 -14 -21 -21 -22 18 45 -30 -9 33 -62 22 40 37 43 6 5 15 16 -43 29 -68 -41 48 -44 29 -53 -35 -48 -47 -55 28 31 4 -38 33 -40 -28 46 -30 12 -24 10 -8 34 11 75 -44 20 29 31 39 46 -42 -32 -35 -16 38 -42 -27 -9 -2 -42 -22 -24 38 -26 6 13 -50 34 -83 -13 -70 -40 -84 -3 19 -25 42 39 61 48 7 -46 34 25 -9 29 4 33 -33 -25 66 -81 -35 46 2 1 25 -30 -4 38 82 19 -49 52 44 8 17 -36 -35 48 -29 -28 -19 26 15 -49 32 -20 20 58 39 8 -38 22 11 -33 21 36 -17 15 -12 30 22 -11 39 46 13 46 47 -29 -57 -10 23 -40 36 -29 1 36 -49 -31 -41 3 44 -1 41 4 42 9 45 -33 -2 -15 38 9 32 35 -21 -45 -36 -8 49 -15 -20 3 ; 
26:102 15:57 40:160 38:148 20:80 21:83 30:118 36:140 4:16 10:36 15:57 17:67 33:129 31:123 6:22 35:139 38:150 4:16 16:62 32:124 2:6 1:3 17:65 30:118 23:91 9:33 38:150 13:49 25:99 3:9 36:142 10:38 27:105 23:89 22:84 22:86 33:129 2:6 37:145 9:33 16:62 2:6 16:64 23:89 13:51 19:73 18:70 13:49 31:121 8:28 15:57 11:41 20:78 21:81 12:46 29:115 40:156 34:134 20:78 25:97 31:123 40:158 3:9 40:158 24:92 19:75 4:16 2:4 34:136 12:48 35:137 20:76 40:156 38:152 18:68 4:14 24:94 6:20 10:40 40:158 5:17 2:6 33:131 21:83 5:17 10:38 11:43 28:110 28:108 5:19 28:112 4:12 37:145 18:70 25:97 12:44 19:73 0:0 22:86 18:68 8:30 5:17 38:152 38:152 29:113 32:126 3:11 25:97 20:80 8:28 56:224 13:51 21:81 22:88 25:99 34:136 2:4 39:153 3:11 7:27 32:124 27:107 19:73 1:3 3:11 32:124 2:8 16:60 15:57 3:11 13:49 18:70 18:68 32:124 22:86 37:145 26:100 33:131 14:54 5:17 22:86 40:160 35:137 12:44 26:100 49:195 24:94 28:110 36:140 35:139 47:187 30:116 1:1 21:83 8:28 16:64 5:19 27:107 45:179 38:148 35:139 5:19 18:68 17:65 15:59 28:112 18:70 37:147 36:140 1:3 18:68 34:132 45:179 38:148 4:12 24:94 20:80 18:72 14:52 16:64 18:70 0:0 21:83 35:137 28:110 32:128 19:75 19:73 36:140 3:9 30:120 12:44 13:49 9:35 19:75 10:38 40:158 1:1 44:174 20:80 33:131 9:35 24:94 16:64 28:112 8:30 18:70 8:30 20:78 16:64 29:115 39:153 36:144 35:139 8:32 19:73 12:44 26:104 12:44 24:94 5:17 17:67 13:51 11:41 2:8 20:80 21:83 24:94 21:81 41:163 28:108 15:57 24:94 12:48 8:32 46:184 3:11 26:104 18:70 25:97 22:86 8:28 18:72 21:83 22:84 40:160 38:148 36:144 5:17 37:147 21:81 34:132 32:124 10:40 18:70 6:20 26:100 33:131 21:81 36:140 27:105 28:110 34:134 22:84 36:142 35:139 16:62 14:52 37:145 22:88 26:104 21:81 3:11 30:120 16:64 32:126 16:64 6:22 18:72 45:177 33:131 10:36 10:38 16:64 7:25 8:32 25:97 7:27 1:1 6:22 14:56 33:131 50:200 8:30 21:83 23:89 11:43 6:24 6:22 1:3 20:76 12:44 3:11 21:83 20:76 12:44 19:75 9:35 28:110 26:100 13:51 8:30 29:115 24:96 36:142 19:73 0:0 34:132 35:139 20:78 23:89 34:134 2:8 12:48 10:40 12:48 34:134 10:38 16:64 10:40 32:126 6:20 18:72 29:113 9:35 40:160 10:38 9:33 13:49 22:88 4:12 6:20 36:142 37:147 12:44 24:92 19:75 29:115 26:104 32:124 8:32 21:81 14:52 17:67 4:14 32:124 7:27 33:129 12:44 26:102 18:72 40:156 42:166 38:150 34:132 35:139 8:32 31:121 19:75 25:99 30:116 28:110 26:102 13:51 14:54 14:56 6:20 5:19 4:12 15:59 4:16 15:57 14:52 24:96 9:35 21:81 18:72 12:44 22:86 15:57 25:99 24:96 12:44 24:94 26:102 40:156 32:128 37:147 28:112 30:116 6:22 18:68 6:22 20:78 18:70 11:41 9:35 38:148 34:132 12:48 25:99 30:116 44:172 26:104 36:140 28:110 8:28 22:84 15:57 39:155 28:108 10:38 46:182 58:230 7:25 16:64 39:155 20:76 10:36 21:81 12:44 32:124 12:48 21:81 8:28 10:36 5:17 30:120 30:116 18:68 18:68 34:132 4:14 20:76 14:54 8:28 38:150 15:57 29:115 27:107 13:51 14:56 21:83 24:94 32:126 34:132 8:28 64:256 6:24 10:36 26:102 14:54 31:123 10:38 20:76 49:193 34:136 1:3 7:25 16:64 22:86 10:36 22:88 13:51 34:136 38:152 25:99 6:20 9:33 20:80 29:113 40:158 14:52 2:6 6:22 11:43 17:67 32:124 45:177 20:78 31:121 17:67 38:148 7:25 10:36 70:278 17:65 14:52 10:38 8:32 31:121 ; 
L -49 33 12 -10 -22 -16 34 -3 -25 47 -20 -7 18 -3 -21 -2 37 -10 -33 -36 25 -1 34 40 2 37 -12 -12 28 -43 3 -33 -20 22 -48 -13 -42 7 -6 -30 47 -37 -18 16 -14 15 35 -35 -40 12 34 24 13 -1 37 -22 27 -21 30 -28 38 44 36 -25 -42 36 -27 43 -1 -18 26 11 -2 16 -50 27 -10 -36 -26 -40 37 -10 -45 -3 17 -6 -25 1 1 -1 -44 -44 -28 -38 -36 -16 -42 -8 10 47 38 45 44 6 14 -37 37 1 -14 -38 21 36 50 -27 17 -1 21 19 27 46 46 2 42 -18 -33 43 -3 50 -11 -11 17 -30 15 15 -24 35 6 -21 44 -44 11 -11 12 28 39 -22 -26 21 -39 20 29 -10 35 49 -46 29 32 41 -27 21 -44 30 -24 -4 -44 -36 23 38 -48 25 -17 15 44 12 38 -17 11 11 -37 -49 -36 -48 2 28 29 16 4 -49 -30 41 -40 41 20 44 20 -31 -20 -45 -19 -10 28 -34 23 44 -26 -49 8 48 45 19 -14 -16 44 -12 40 -26 14 -50 13 7 3 -41 -30 47 -38 33 -12 -38 27 46 -11 -25 46 -49 16 33 18 46 -25 -2 -31 -19 43 -25 41 10 37 13 50 -39 -18 10 -37 43 4 -49 -36 -23 -40 -45 -18 35 -11 -24 29 4 10 14 24 7 49 41 23 44 28 20 -41 20 -32 -13 14 34 14 46 -25 -35 -31 13 37 1 -2 28 -23 5 -7 47 -26 -6 48 -6 39 -27 9 -28 -16 -23 -43 30 -30 19 -15 -30 31 10 36 -18 -36 22 45 -43 24 11 -35 1 -6 -23 4 42 -14 7 50 -36 -46 -4 -8 -48 35 35 -30 -39 25 -15 -37 14 -9 -9 18 48 -41 -34 47 26 45 48 -46 -24 -43 -12 6 -29 -40 -25 4 28 -31 -28 16 40 -42 -18 26 28 12 17 13 -34 48 -27 26 -11 36 -40 -17 -38 12 -21 6 -46 -31 -11 -40 47 28 -1 -19 8 -4 35 -5 31 -50 -27 -39 -30 -16 -5 -37 -49 12 23 -4 22 -8 -37 -49 48 39 -17 25 46 -45 -23 48 21 10 16 -40 33 20 -3 32 38 -46 -43 -20 42 31 -25 15 36 -42 -14 41 22 -23 -2 3 46 33 15 -18 -1 31 5 28 8 -46 44 -5 29 -35 -23 15 -47 47 31 -17 -31 47 -16 1 -16 -4 27 9 5 -24 -15 30 -4 -14 11 -25 -29 14 27 39 1 39 35 13 -32 -48 30 48 -29 -18 -40 9 -29 ; 
71 2 33 5 60 84 49 13 1 31 70 86 30 34 22 55 76 45 13 32 26 9 60 18 31 37 50 52 3 91 52 84 67 66 2 50 92 86 67 78 72 73 9 28 87 38 93 50 78 95 41 97 59 20 67 36 71 69 40 94 53 8 39 46 13 2 61 81 92 15 67 97 9 49 22 31 33 52 64 100 49 61 49 14 62 97 47 99 38 14 88 69 15 16 6 76 43 6 37 51 44 72 49 10 83 84 94 5 82 81 13 42 73 14 33 18 64 81 63 63 85 18 54 34 48 20 96 100 42 61 48 91 44 80 4 61 43 61 65 90 78 56 7 48 96 27 43 95 5 79 4 64 2 64 50 32 61 20 37 49 64 44 78 89 69 33 37 80 38 52 57 49 77 26 55 61 24 3 59 67 71 81 46 62 59 2 83 94 93 74 94 62 49 21 27 46 33 12 50 46 73 42 90 98 36 81 78 46 34 75 26 19 2 30 79 76 55 22 2 99 53 67 99 44 60 15 47 60 6 82 84 14 17 71 4 44 31 86 44 91 53 63 93 95 36 68 42 29 13 7 31 91 26 47 54 3 63 45 4 64 28 25 42 32 14 100 33 39 38 81 21 73 93 36 99 25 2 32 95 53 55 95 76 51 7 49 98 14 75 8 30 1 28 64 14 59 9 92 79 8 7 12 34 19 77 100 8 5 32 86 68 91 54 57 48 5 50 76 59 11 28 67 84 90 40 39 11 43 94 93 21 17 55 45 60 17 83 52 67 10 25 78 71 57 37 57 40 38 2 20 8 42 83 11 19 93 90 57 35 76 14 40 46 67 78 54 80 59 29 48 21 63 17 9 77 69 10 70 7 3 76 96 90 9 1 5 78 62 22 28 56 70 97 44 84 70 22 87 4 46 41 76 16 50 86 81 99 4 63 90 79 54 58 3 59 90 53 72 41 60 38 24 34 25 75 31 60 21 70 62 54 52 48 81 80 18 60 30 45 76 75 83 69 91 1 99 66 86 80 47 65 77 100 43 60 21 68 22 42 80 54 95 89 75 94 33 93 58 38 12 21 69 68 83 9 34 60 63 85 60 39 21 99 41 99 10 27 92 29 42 40 98 3 19 46 45 28 64 54 93 28 ; 
L -49 -48 25 -17 15 44 12 38 -17 -4 23 -1 35 -24 43 -22 36 18 -36 -26 14 -50 13 7 74 3 -41 -30 47 -38 33 -12 -38 27 -43 -12 6 -37 43 4 -49 -36 -23 -40 -45 31 25 -47 -20 22 -48 16 15 35 -35 42 13 37 -47 30 6 -7 -82 41 22 -2 34 -71 -77 -2 24 -30 44 -21 27 -41 -32 -29 46 -49 -30 15 24 -5 -9 -27 -80 16 -1 16 -47 28 29 16 34 -3 -25 47 -20 26 28 72 -7 -48 -8 49 26 -44 -23 34 -28 10 19 12 17 13 -34 48 -27 -4 -14 11 -25 -29 46 -11 -25 46 84 -49 16 33 18 46 -25 76 -14 -14 13 32 -20 41 -20 -23 -41 -49 -7 -24 -14 -10 -4 -29 24 -10 -21 30 -28 38 44 36 -25 -42 36 -27 43 -35 4 -8 19 1 -6 21 -12 38 17 40 13 -32 -48 30 68 38 28 44 1 -1 -1 6 -17 3 45 -1 31 -40 -45 -38 46 22 1 -5 -50 -27 -39 59 -30 -10 -78 8 66 -46 48 36 49 37 -11 36 -17 25 33 -3 43 -28 12 28 -9 27 -39 -48 6 26 -47 7 25 -31 -55 -42 20 43 46 -38 -32 3 -20 -33 40 -35 10 -29 39 -83 -21 26 -40 -34 1 31 61 -4 22 -8 -37 -53 -18 9 9 -14 37 15 -25 30 -73 44 40 29 -26 11 -35 6 14 62 -48 23 45 -46 47 1 -17 27 -50 -5 23 -28 2 -1 -37 -13 31 35 25 2 37 -46 -31 52 -11 -40 47 28 -36 58 -16 -42 -8 10 47 -2 -31 -19 43 41 10 37 -18 26 11 16 -50 27 -10 56 -36 -35 -35 48 -75 8 -12 11 -63 -11 44 -44 -30 -40 41 20 44 65 -31 -20 -45 18 42 -40 -16 28 -18 -15 -11 -11 10 -12 -33 -38 -40 37 -10 21 19 27 46 46 2 42 -18 -33 43 -3 50 -11 -11 17 -30 15 15 -24 70 -21 49 -39 -48 49 48 -41 4 46 36 -50 14 -42 51 -22 -81 -10 18 -37 2 21 3 45 19 -14 -16 44 -12 40 39 -50 -39 -28 -25 36 33 10 -35 -39 39 1 -27 -14 24 46 -48 -26 -47 69 46 33 15 -18 -48 79 -12 67 -16 -23 -43 30 64 57 -30 19 -30 31 -28 -5 14 42 -36 -15 -36 -21 38 14 -1 -37 37 -27 22 -37 1 -13 -24 -34 -12 -23 36 4 44 -5 29 -35 85 -23 -16 4 54 -16 60 -5 -37 -49 -17 -23 -12 -29 -18 -40 9 -29 ; 
29:113 16:60 21:83 23:91 20:78 31:123 11:41 22:88 25:97 4:12 5:17 24:96 36:144 44:176 12:44 6:24 31:121 20:80 2:8 20:80 22:88 9:35 1:3 40:158 40:160 11:41 27:107 40:158 18:70 24:96 6:24 19:75 24:96 3:9 27:105 23:91 14:56 30:120 19:75 22:86 2:4 26:100 18:72 2:6 26:102 11:43 32:126 5:19 33:131 27:105 1:3 8:28 47:185 38:148 20:80 52:206 37:147 15:57 30:116 29:115 32:124 27:107 13:51 30:118 37:145 20:80 1:3 22:88 8:28 2:6 21:83 32:124 18:70 26:102 20:78 15:59 8:32 25:97 13:51 20:80 34:136 34:136 26:100 24:96 14:54 4:14 40:156 5:19 28:110 9:33 5:19 30:116 24:94 1:3 6:20 6:20 1:1 13:49 28:112 15:59 26:100 32:128 35:139 32:126 19:73 32:124 33:129 15:57 40:156 36:144 17:67 30:116 19:73 5:17 4:14 31:123 28:110 4:16 28:112 23:91 16:62 9:33 40:158 17:65 19:75 34:134 6:22 7:27 14:54 39:153 2:6 18:70 13:49 35:137 18:70 5:17 34:136 21:81 22:88 22:84 38:152 13:51 1:3 33:131 38:148 30:116 9:33 33:129 16:60 16:62 14:52 40:160 6:22 5:19 35:139 16:64 38:150 22:84 4:12 16:62 19:73 6:20 1:3 25:97 33:129 5:17 35:139 9:35 28:112 34:134 6:20 32:124 2:8 1:1 4:14 36:144 30:118 40:156 2:4 8:30 10:36 23:89 7:25 6:24 33:131 6:22 16:60 38:148 39:155 25:99 6:22 22:84 40:160 17:67 9:35 29:115 7:27 9:35 4:12 34:136 32:124 31:121 7:25 8:28 37:147 14:54 28:108 24:94 9:35 22:88 10:36 33:129 29:113 27:107 21:81 31:121 20:76 17:65 50:196 34:134 21:83 37:145 2:4 1:1 8:30 14:54 5:19 0:0 32:126 37:147 4:14 24:94 10:36 12:48 39:153 17:67 8:28 32:128 33:129 20:76 21:83 22:86 25:99 28:112 9:33 4:14 1:3 26:102 2:4 24:94 1:1 38:152 21:81 8:28 24:96 8:28 14:52 36:144 22:86 24:92 2:4 24:92 38:150 16:64 23:91 15:59 23:91 29:113 32:124 2:8 16:62 20:78 10:36 6:22 20:78 10:40 17:67 9:33 34:132 25:97 41:163 14:54 10:38 16:60 7:25 26:104 8:28 14:52 6:22 26:102 26:102 12:44 1:1 12:48 4:12 30:120 6:22 40:156 20:78 4:12 15:59 24:94 9:35 7:25 35:139 23:89 28:112 39:155 16:64 38:150 26:100 18:68 3:9 15:59 21:81 30:116 22:84 26:100 38:148 26:100 28:108 17:67 11:43 27:107 39:155 14:52 9:35 13:49 14:52 10:36 22:86 24:92 21:83 34:132 2:6 37:145 10:36 3:11 36:144 12:44 32:124 36:144 18:70 66:262 25:99 20:78 9:33 14:56 31:121 14:52 5:19 15:59 20:76 12:46 24:94 32:128 22:88 38:150 25:97 2:4 17:67 2:8 14:52 1:3 45:177 20:78 25:97 12:44 33:129 26:100 26:100 34:136 8:28 22:86 14:54 20:76 8:32 39:153 40:160 17:67 25:97 20:76 37:145 18:70 32:128 2:6 14:56 24:94 46:182 44:172 22:84 36:144 39:153 1:3 19:73 18:72 22:88 7:27 21:81 38:150 49:193 46:184 36:140 0:0 37:145 21:83 31:121 22:88 9:35 6:20 30:120 11:41 8:30 1:3 12:48 32:126 23:91 3:11 9:35 39:153 24:96 11:41 13:51 6:20 10:38 17:67 17:65 37:147 6:24 4:16 64:252 38:148 8:30 6:20 17:67 4:16 40:158 32:128 19:75 26:104 28:108 14:56 20:80 22:84 36:142 40:160 4:12 2:8 38:150 10:40 36:142 35:137 5:17 22:86 11:43 24:96 10:40 34:132 30:120 31:121 18:72 17:67 6:20 33:129 33:131 2:8 38:150 18:68 29:113 15:57 27:107 8:32 24:94 39:155 17:65 58:232 15:59 1:3 33:131 17:67 32:128 22:86 16:64 37:147 30:120 48:190 6:24 54:216 12:44 30:120 40:158 2:6 18:70 22:88 36:144 17:65 12:44 26:102 22:86 38:148 12:44 ; 
L -15 14 -48 -27 -22 -26 -40 44 -35 -25 13 -9 -28 -11 22 25 -3 -50 49 -38 -26 1 -11 -24 13 -46 -43 38 47 -40 49 48 -33 24 -16 10 -13 22 4 -24 6 41 -44 50 16 -48 -43 30 1 50 -2 42 19 -9 -1 11 -19 28 -18 18 8 4 21 -4 -31 -39 -26 27 -30 -49 -20 -4 47 -39 -33 19 36 18 37 33 -38 -27 45 31 -42 44 46 26 15 2 33 23 14 30 21 -42 45 6 -11 -41 4 28 -15 -5 23 49 44 -4 37 22 -16 -47 -24 -29 4 37 -28 -35 31 -26 19 24 -34 34 29 -14 -41 11 -39 8 22 -16 -3 -16 21 38 -8 -28 -29 -34 -24 -43 25 -28 -7 39 -11 -41 38 11 18 -21 -31 -29 -48 19 14 48 26 -5 11 47 -3 47 -42 -49 -43 35 -17 -18 48 -16 24 7 12 17 15 -14 -6 -5 -32 -41 5 2 -33 -5 36 -43 -49 -11 18 8 9 -44 -39 -29 49 16 42 23 -37 -48 -37 -32 45 -33 -47 -17 36 -11 -7 -21 -5 41 38 -13 -26 -3 -14 -6 -20 2 29 -25 12 19 -27 -43 -26 -26 28 16 24 44 -28 -5 15 -27 26 -27 -24 36 38 45 -8 -30 -23 32 -49 33 -13 -50 -49 16 -16 -37 26 -7 -2 36 -30 -50 -49 32 -29 -2 -50 30 31 -25 -50 33 35 33 10 -3 -39 -4 -31 5 -49 -21 48 -27 38 27 25 -20 -30 -44 -49 30 2 49 -4 -36 -33 14 43 49 -40 -6 3 -44 35 -23 2 27 -2 -17 -35 -8 -8 -50 40 -23 -44 -29 24 -38 45 -50 36 -4 25 7 -15 27 -13 13 3 -39 -26 43 -1 16 23 -36 -12 -36 29 -17 50 25 -17 -45 -45 23 22 17 27 -44 27 -8 2 -1 -50 -24 48 -6 -3 -11 25 43 -22 -46 -19 -18 -15 7 8 -15 1 9 22 32 46 -37 -38 8 24 -31 33 -13 13 21 25 -36 -45 -20 35 -29 5 -9 -8 29 -43 29 11 -18 46 20 -31 31 4 4 6 -35 -21 41 -40 45 -10 -31 -10 18 -16 47 37 18 41 -20 -17 47 -43 -22 -5 18 31 -17 -37 -9 26 -21 7 38 -47 -49 37 -26 -17 29 2 49 -8 17 -13 17 -40 37 -46 27 7 45 49 -26 -50 -25 -9 -28 11 21 -4 3 -47 41 -13 -47 -34 7 24 16 27 -4 7 28 -45 4 17 44 50 34 -41 31 46 -46 -38 -31 30 -11 11 50 -30 35 -20 44 -40 -20 -38 18 ; 
83 56 63 37 68 35 84 35 74 5 34 83 17 83 87 49 32 45 58 90 33 39 40 96 54 4 23 38 69 74 11 75 20 67 1 67 23 41 50 21 27 92 88 52 82 88 55 63 54 8 50 62 65 76 81 76 38 82 73 35 12 3 68 14 1 37 31 100 5 80 54 68 5 89 33 64 25 80 49 50 14 23 74 100 32 13 23 98 88 61 46 29 43 64 88 63 97 35 40 82 36 57 21 14 88 41 52 40 38 51 37 65 95 82 26 77 31 98 29 58 36 50 87 56 20 41 25 59 28 93 45 24 56 68 54 69 26 100 9 91 96 31 88 15 58 23 67 12 54 40 16 35 78 64 57 5 80 51 22 72 6 64 91 45 41 65 25 22 30 86 11 40 50 19 76 57 92 62 80 36 58 46 11 15 12 85 81 55 77 25 61 99 76 30 62 80 36 11 91 14 19 29 59 96 99 76 34 15 89 41 1 76 61 60 59 65 23 91 98 24 7 48 28 7 22 51 52 32 23 76 39 55 27 74 63 42 81 60 60 56 55 4 1 33 42 57 44 68 44 5 12 31 71 47 39 25 33 54 25 54 79 35 95 62 11 31 43 97 4 98 83 30 81 8 61 79 82 17 59 43 85 67 60 9 75 29 84 40 78 70 26 72 81 27 17 39 24 51 28 73 86 26 85 87 100 20 27 74 34 95 38 60 34 81 59 80 86 76 31 36 46 67 85 46 28 90 50 83 76 6 4 64 69 61 33 30 54 45 7 66 25 86 59 30 84 45 77 57 54 23 11 53 10 8 89 10 24 15 9 51 25 70 67 83 38 14 86 74 43 87 90 13 95 5 14 67 19 58 23 27 20 92 79 32 99 49 36 71 98 100 89 88 8 22 27 73 14 9 51 60 68 53 82 45 24 71 33 93 21 73 32 5 49 84 78 69 78 21 47 70 78 24 61 6 21 48 57 95 91 11 9 95 39 35 89 33 37 45 66 15 44 50 58 88 20 94 77 4 79 61 33 97 14 26 42 66 63 70 77 42 47 55 31 93 32 73 7 52 4 64 41 96 73 47 100 92 95 77 56 87 15 18 85 73 73 21 17 26 47 66 97 97 15 44 11 57 8 66 3 77 13 ; 
L 14 -48 -27 -22 -26 -40 44 -35 29 28 -47 -49 37 -26 64 2 49 -8 17 -13 17 -40 37 -46 7 -49 8 73 -7 4 -27 -26 -3 -14 -6 -33 36 18 63 33 -38 -27 45 60 31 -42 44 46 26 15 2 33 23 14 30 -33 50 25 50 2 -32 49 50 30 -36 2 7 -26 37 16 -17 -18 48 -16 48 -16 -24 -29 -26 32 37 48 37 -23 15 5 17 -49 -11 18 16 -55 -22 43 -36 -4 85 -36 -33 14 43 49 -40 23 22 17 27 -44 27 -8 2 -1 -12 25 -29 -2 -3 -39 -4 -31 5 -49 -21 48 38 27 25 -20 -46 18 -35 20 45 36 -25 -21 28 9 -26 -36 -17 84 50 25 -17 -45 -6 3 -17 29 -44 82 35 2 59 -72 33 -5 -76 -3 -16 21 38 -8 -38 18 -16 47 81 37 57 18 -25 -43 30 1 50 -2 42 19 -9 -1 11 -19 28 -18 56 18 8 4 21 -4 -31 -39 -26 27 -20 -30 -44 -49 2 49 12 36 -23 -16 1 -43 26 39 32 -75 5 -79 -44 -24 -16 -28 45 -33 -47 -17 36 6 -41 -69 -3 -13 13 -27 15 -7 -25 -45 -36 24 27 -26 27 -31 35 28 -37 -4 47 8 -44 -39 -29 49 42 -45 44 -4 37 70 44 50 31 46 -46 3 -41 -22 43 27 -19 4 -21 -48 -14 -19 24 7 12 17 15 -14 -32 23 30 8 13 -38 -41 5 21 -61 7 11 42 -21 35 33 10 20 26 7 10 31 -53 -4 25 50 -71 -46 -32 -68 -22 -9 -58 -1 15 -8 -7 15 31 -24 -8 -11 -34 -24 -43 25 -28 -7 39 66 -11 -41 38 11 38 -52 26 -49 -80 -50 -24 48 -6 -3 -11 48 -16 44 -65 -41 -6 24 -4 -22 13 -10 16 -77 -24 33 18 31 -17 -37 -9 39 -47 4 20 49 30 -62 -31 31 4 4 6 20 40 -44 20 -35 -21 41 -40 45 -10 -49 50 3 -25 11 28 -13 25 -11 -29 43 -29 8 9 -5 29 11 -30 31 5 28 6 -49 51 33 -13 -13 -47 -34 7 24 54 16 78 28 4 27 -2 -17 -35 -8 -8 -50 40 -23 -44 -29 24 -26 19 -48 -49 40 -38 43 46 -39 -74 -23 5 15 -28 -4 41 -50 -49 -38 45 -13 24 11 -1 26 38 -13 13 -33 18 19 46 22 -67 41 -20 -17 47 -43 -5 24 -34 34 29 -14 -41 11 -50 36 -30 35 83 11 26 -5 11 -3 47 -42 -49 35 29 31 21 -18 -38 18 ; 
56:222 26:100 15:59 28:108 14:56 34:134 14:56 30:118 24:92 4:14 30:116 18:72 27:105 6:24 36:144 5:17 36:140 8:32 38:150 31:123 2:6 32:126 25:97 14:52 40:160 19:75 30:116 11:43 16:60 40:160 19:75 15:59 37:145 40:156 10:38 8:30 8:32 32:128 16:64 28:110 6:22 10:36 30:118 11:41 40:156 13:51 6:20 10:36 40:156 36:140 25:97 19:73 12:46 18:68 26:102 51:201 12:48 34:132 3:9 18:68 10:38 25:99 38:152 14:56 32:126 22:86 10:40 22:86 14:52 10:40 12:48 35:137 5:17 16:64 10:36 30:118 4:16 33:131 5:19 32:124 39:153 24:94 12:46 8:30 6:22 18:72 8:28 15:57 10:40 25:97 37:147 40:156 23:91 44:172 22:88 13:49 26:102 38:150 10:38 21:81 12:44 30:116 35:137 20:80 22:86 10:36 5:17 22:84 4:16 4:12 36:142 4:16 5:19 9:35 3:11 12:44 26:100 33:131 7:27 24:94 18:68 34:136 27:107 24:96 17:67 12:46 34:134 17:65 22:84 28:108 40:158 36:142 40:160 40:156 29:113 15:57 30:116 17:67 16:64 50:198 43:171 18:70 18:72 12:48 34:134 18:72 44:172 34:136 27:105 20:80 24:92 30:118 36:142 16:64 26:102 47:185 12:46 7:25 6:20 10:40 28:108 22:86 28:110 11:41 26:102 5:19 32:124 9:33 28:108 26:104 40:158 36:142 14:52 10:36 26:100 22:86 4:12 20:80 25:99 26:104 31:121 33:129 31:121 16:60 33:131 30:116 40:156 31:123 5:19 2:4 28:108 6:22 1:1 15:59 13:49 40:160 22:88 32:124 28:112 11:41 13:51 11:43 26:102 3:11 18:72 22:86 12:48 14:52 25:97 28:110 18:68 28:112 16:62 1:1 5:17 30:118 11:43 22:88 24:96 31:121 14:54 6:24 36:142 28:110 6:20 28:110 35:139 2:6 3:9 31:121 34:132 20:80 11:43 21:81 13:49 2:6 22:88 23:89 24:96 18:72 12:46 40:156 13:49 31:123 34:136 29:115 39:153 25:99 32:128 15:57 36:144 12:46 13:49 16:64 16:60 36:144 36:144 6:24 7:27 30:116 9:33 18:72 16:62 10:38 26:102 13:51 21:83 41:161 13:49 17:67 21:81 32:128 13:51 8:30 31:121 23:91 37:147 25:99 4:14 28:108 18:70 23:91 11:43 26:104 24:94 24:96 25:97 24:92 10:36 1:1 21:81 26:100 18:68 4:12 25:97 26:102 1:1 40:160 36:144 32:124 38:152 43:169 12:44 54:212 19:73 9:33 8:30 12:44 26:104 6:22 24:96 1:3 38:152 6:20 36:144 35:139 30:118 37:147 8:32 11:41 15:59 39:153 13:49 36:140 6:24 24:92 10:36 34:132 13:49 5:19 22:86 16:64 9:35 27:107 27:107 27:105 11:41 22:86 6:24 4:14 21:81 10:40 28:112 40:158 36:140 23:89 38:150 20:78 37:147 11:43 9:33 20:80 17:65 10:36 27:107 17:67 16:62 27:107 11:41 37:145 5:17 4:14 38:152 24:94 36:142 2:8 28:108 22:86 32:128 10:38 25:97 18:72 10:38 29:113 14:52 15:59 27:105 4:12 23:91 31:123 9:33 30:116 13:51 2:8 20:78 21:81 24:92 18:72 13:51 18:68 34:132 14:52 14:54 19:73 21:81 4:14 6:22 30:116 11:43 9:35 4:12 41:161 27:105 19:75 14:54 17:67 38:150 46:184 30:118 1:3 5:19 9:33 21:83 2:6 26:102 17:65 36:140 35:137 46:180 6:24 18:70 32:126 14:54 38:152 16:60 24:96 14:54 33:129 24:94 32:128 35:137 31:121 13:49 56:220 15:57 26:102 30:120 5:17 44:174 16:60 10:36 2:6 43:171 36:140 36:140 6:22 9:33 23:91 15:57 14:56 29:113 4:12 19:73 14:56 22:86 39:153 16:64 16:62 14:52 33:131 40:158 13:51 20:76 30:118 35:137 6:22 27:107 35:137 10:38 25:97 3:9 9:33 19:73 30:120 35:139 23:89 8:32 17:65 10:40 24:94 24:96 34:136 2:6 18:70 9:33 15:57 14:56 29:115 3:9 54:212 18:72 17:65 26:104 9:33 9:35 26:102 32:124 14:56 28:108 31:123 6:20 ; 
L 48 -22 2 -16 -19 9 -24 -28 -42 -33 1 -43 -1 41 -33 -17 -18 -28 -44 27 -32 50 -40 -30 -25 -46 34 -34 32 9 11 -3 -39 44 -38 20 19 -23 -45 -35 -18 18 -42 -30 -33 -13 12 -10 -24 -7 -29 -46 -26 -9 -45 -15 -26 14 22 34 -25 22 27 -45 -37 -19 -9 25 -48 1 35 -37 -12 -30 28 -26 29 -22 11 -30 -37 -36 -8 -28 48 -15 -27 6 29 15 34 -31 -41 21 11 -42 23 31 -9 14 13 -2 -27 13 6 -33 13 -5 -45 -17 -26 -44 -1 -2 32 -33 1 9 21 -5 25 -26 28 -11 7 41 -11 26 -34 -45 -39 24 24 26 -13 -37 24 21 -49 31 33 49 35 44 34 39 35 -15 -24 50 16 24 -21 -40 -9 -2 48 15 -15 18 23 -43 35 -20 42 42 -41 20 42 -3 -37 -23 49 -48 -48 20 26 -5 32 -13 14 -10 47 1 -38 -20 -44 47 -38 2 16 47 11 -2 50 -39 -29 1 -30 -21 -48 -49 39 15 13 26 -46 -44 -28 -44 -22 14 -26 -8 -37 -3 25 31 -30 35 45 25 -27 31 -3 -24 35 -37 -6 26 38 -35 9 32 9 -28 7 18 6 43 20 22 -8 -4 46 44 31 -6 -32 -9 -10 7 -43 26 -20 13 -3 -25 3 14 45 -6 -28 -6 -17 18 -30 40 -14 -28 -35 13 22 -19 -17 -22 -33 6 -20 7 -41 37 29 8 50 35 49 38 -41 43 -17 38 29 34 12 49 7 -40 3 9 28 32 6 -15 22 13 3 -19 10 -28 28 -46 35 -14 30 -29 -37 42 45 -13 36 -7 -30 -25 11 49 -50 37 2 12 28 -31 -11 6 5 28 -32 -39 -50 19 -48 15 -39 -4 42 -41 -31 -30 -31 16 48 5 16 -37 34 30 -49 -36 -38 44 50 1 7 48 -22 -19 30 -47 -20 -43 -37 37 -23 11 30 -4 -12 -26 35 19 -34 5 -46 -39 40 -37 45 -28 45 -48 -33 -13 -19 6 -16 -29 -47 -3 43 13 6 32 4 3 9 -32 -7 -17 23 13 -5 34 -38 7 -10 49 -3 -19 48 -29 32 2 24 42 25 34 -5 35 46 -16 -30 12 -23 27 -2 32 20 15 33 3 44 -29 -45 -44 38 27 -42 1 21 48 -48 43 28 -37 30 36 41 -3 -6 -14 12 -35 31 19 -7 -44 -30 24 -22 -37 -47 -50 -40 41 -32 -28 35 35 -16 33 -48 48 27 25 -4 46 -21 -40 45 38 -50 28 22 -24 -24 -10 7 3 -24 -7 ; 
25 62 35 31 87 57 100 99 98 66 86 46 39 93 89 32 77 35 21 44 40 43 61 4 13 97 39 40 95 52 59 10 28 53 9 6 34 28 46 28 44 86 87 77 8 72 24 46 22 15 20 57 65 91 20 7 46 32 68 9 64 90 90 72 34 27 1 52 76 49 82 58 75 80 83 10 27 1 75 90 86 71 24 15 43 22 42 89 92 51 99 87 18 18 96 39 47 39 25 87 31 47 33 17 5 25 10 44 9 59 65 13 2 76 38 66 60 60 30 26 43 32 9 76 40 43 97 14 31 27 89 58 84 8 86 22 82 39 58 76 80 1 91 1 68 48 4 5 20 84 86 50 59 66 60 85 21 52 89 12 52 81 33 33 76 36 92 74 77 96 23 54 84 85 81 90 51 88 51 50 84 97 33 56 9 10 88 66 32 72 29 50 12 2 81 84 92 81 29 39 78 28 40 98 57 43 41 99 3 12 9 92 63 52 46 63 87 52 95 35 35 99 28 6 35 56 51 94 70 98 76 66 7 52 99 53 77 70 42 97 56 86 16 10 64 31 48 28 6 45 27 73 9 7 17 33 63 34 82 86 12 92 77 30 32 33 74 52 38 2 41 76 23 71 64 72 62 1 30 4 2 19 21 100 10 92 77 21 16 4 29 15 15 16 55 6 30 80 27 39 33 3 25 78 31 4 42 79 85 82 15 97 40 56 83 15 63 12 46 17 70 88 21 90 77 38 80 46 38 36 85 13 81 38 55 14 12 84 62 75 21 20 93 21 74 52 88 95 88 63 71 17 48 2 74 56 41 70 23 67 81 26 49 95 98 51 74 6 66 30 1 7 40 9 38 75 30 67 52 35 32 42 69 1 12 69 2 25 10 18 35 11 3 8 97 57 54 51 47 12 46 56 96 60 88 47 87 42 11 72 22 81 65 7 97 54 29 12 51 87 31 35 49 7 94 58 72 96 77 36 81 66 94 96 7 53 22 85 7 30 87 32 51 58 82 67 31 65 63 48 100 57 21 93 95 16 19 3 28 58 31 13 51 49 91 19 63 57 74 96 88 85 10 52 77 75 42 100 4 24 43 47 4 11 17 81 50 82 20 3 52 13 79 85 41 89 4 5 28 28 15 ; 
L 3 47 29 16 -6 19 13 33 48 28 -45 -56 37 -40 39 46 -5 34 -19 -35 26 12 4 -30 -11 23 37 43 20 47 -30 19 22 42 -60 -75 -48 -7 -1 -50 -44 36 49 -30 -34 37 -16 -5 -48 -16 31 30 -55 17 7 32 -9 -3 -4 -32 -6 -13 -43 11 -22 -13 35 28 14 15 -35 -39 -34 -44 -35 -49 -33 -31 49 -21 44 20 41 31 -34 -15 -29 -6 27 15 3 -16 -50 24 -18 -28 -44 -32 50 -40 -30 -25 -46 34 -34 32 9 11 46 -21 -40 37 13 -26 -24 -24 -50 -8 -29 -37 41 -7 20 33 22 19 26 3 -13 20 -26 -32 -39 -50 19 62 -48 -30 -72 -35 -42 36 41 -3 -6 12 -35 31 19 -7 -22 -37 45 34 -79 12 28 -31 -11 6 5 28 43 -7 10 -40 9 28 -4 3 -35 24 3 -11 34 -27 23 -12 24 47 -38 16 47 11 -2 50 -39 -29 1 -69 -31 27 -25 -81 35 49 38 43 -17 38 -45 65 -25 -38 -40 -28 -44 44 -45 8 -53 -64 29 -30 14 -35 46 -28 28 -10 19 -9 -1 33 -32 2 1 44 23 -22 -48 20 70 26 -5 -13 14 -10 47 1 -38 21 11 23 31 -9 14 13 -2 -27 13 6 -33 13 -45 -17 -45 -15 -26 14 22 34 -25 22 -37 42 45 -13 36 -7 -30 -25 49 -50 -35 -35 32 40 -46 -35 5 -2 54 32 20 85 15 33 43 28 61 -37 30 83 -44 -30 59 24 20 -35 -23 -18 15 -15 -48 2 -46 -26 -9 -37 -36 80 78 27 -45 -37 -19 -9 25 -48 1 35 -37 -12 -30 28 -26 29 13 -5 34 7 24 10 -12 13 33 30 42 35 45 23 -19 -52 -77 -20 38 -44 39 -48 28 49 7 9 6 -31 -44 -46 4 8 -20 -43 9 40 21 48 -48 -21 -1 42 -27 -38 -73 44 -45 -14 -3 38 -35 8 26 -14 22 48 -50 28 10 -51 58 -7 -29 74 -6 -18 -7 -63 28 -76 -9 -32 -37 -3 25 31 -30 24 -84 24 22 13 3 21 30 -18 17 6 28 6 -25 -42 -24 -2 -48 3 -49 22 15 -6 -32 -47 -10 -25 -27 -48 48 32 -33 16 2 -26 -71 -82 11 -41 -7 -49 23 37 3 -20 41 15 -39 -4 42 -41 -31 57 -42 -16 -30 45 17 33 -41 43 -1 33 42 28 24 -9 19 -67 44 -26 -13 -15 -68 -39 49 21 30 -28 26 -25 5 16 -2 22 -48 -37 -6 26 66 -12 -29 3 -24 -7 ; 
50:200 21:81 22:86 23:91 39:155 4:12 2:4 5:17 14:56 7:27 10:40 20:80 14:54 28:110 5:19 1:1 28:110 17:67 13:51 14:56 21:83 27:107 12:48 30:120 16:60 4:14 19:73 1:1 12:48 27:105 3:9 30:118 21:81 20:80 10:40 40:156 23:91 38:152 20:78 11:41 33:129 14:56 28:112 17:65 23:89 30:118 1:3 20:76 7:27 29:113 26:100 36:140 16:64 6:24 17:67 35:139 19:75 36:140 24:96 39:153 23:89 19:73 5:19 16:62 41:161 10:36 31:121 17:65 1:3 2:8 2:8 2:6 20:76 28:108 1:1 37:145 1:1 32:128 31:121 24:92 10:38 36:140 11:43 8:28 35:139 40:158 21:81 37:147 36:142 17:67 14:56 31:123 35:137 34:134 19:73 14:56 9:33 11:41 18:68 25:97 2:6 6:20 39:155 16:62 16:64 38:152 21:83 24:94 28:110 20:80 33:131 34:132 9:35 35:137 4:12 34:134 38:148 4:16 40:160 9:33 8:30 1:3 2:6 11:41 25:99 36:140 31:123 26:102 26:100 14:52 7:27 1:3 34:134 25:99 30:120 21:83 20:80 10:36 14:56 30:118 6:22 30:118 8:30 2:4 12:44 6:24 6:20 21:81 20:78 37:145 28:108 39:153 46:182 11:43 10:40 15:59 34:136 6:20 33:129 16:60 22:88 6:22 7:27 4:14 30:116 16:62 2:4 14:52 12:44 14:52 55:219 21:81 23:89 39:153 14:52 13:49 39:153 38:150 29:115 33:129 13:51 29:113 20:80 5:19 1:3 33:129 34:134 37:147 33:129 14:56 5:17 3:9 12:44 40:158 41:161 31:123 9:33 8:30 12:46 6:24 2:4 3:11 8:28 27:107 14:54 4:12 5:19 10:38 28:112 18:68 12:46 36:142 18:68 6:24 34:132 23:89 16:64 39:155 6:24 33:131 34:136 31:123 24:96 24:96 27:105 16:60 31:121 1:3 10:38 10:38 4:16 36:144 40:158 15:57 36:140 32:124 34:134 39:155 14:52 23:89 4:14 1:1 39:153 29:115 16:62 10:40 35:139 13:49 19:75 14:52 7:27 2:8 10:40 4:16 1:1 24:94 34:136 3:11 19:73 13:51 28:108 4:14 26:102 36:144 21:81 5:19 19:73 7:27 28:112 36:140 9:33 36:144 12:44 32:128 7:27 40:160 27:105 27:105 31:121 31:123 39:153 20:76 4:14 26:102 9:35 1:1 39:153 3:11 20:80 9:33 36:142 12:46 38:152 23:89 5:19 26:100 22:86 29:113 10:36 14:52 2:4 21:83 5:19 36:142 21:83 9:33 48:188 26:104 37:145 29:113 29:113 2:6 14:56 25:97 29:115 14:54 11:43 1:1 21:83 31:121 20:78 33:131 24:92 30:120 32:128 34:132 4:16 11:43 20:78 9:35 33:129 4:16 24:94 9:35 19:73 10:38 29:115 4:12 31:123 19:73 12:44 19:73 12:44 28:112 33:129 7:27 3:9 4:14 22:84 6:24 18:68 7:25 12:48 28:108 13:51 12:44 20:76 13:49 26:102 4:16 16:62 23:89 38:150 24:96 27:105 15:59 40:160 20:76 26:100 26:104 13:49 27:107 34:134 2:4 38:150 5:19 35:137 36:140 27:105 31:123 21:83 26:100 37:147 16:60 36:140 6:20 24:96 20:78 45:179 11:41 8:32 13:51 6:22 17:67 28:112 6:20 27:105 35:139 5:19 40:158 1:3 26:100 35:139 21:83 38:152 28:112 34:136 22:84 19:75 2:6 17:67 13:51 26:104 30:118 14:52 13:51 12:48 31:123 25:99 38:150 3:11 20:78 10:40 7:27 12:46 30:116 28:110 32:124 10:40 12:48 11:43 6:22 5:17 2:6 19:75 11:41 15:57 10:38 2:4 5:19 37:145 32:124 26:100 39:155 18:68 13:49 34:134 22:86 10:36 51:203 30:118 14:56 38:148 9:33 30:118 21:83 36:140 32:128 40:156 12:48 33:129 6:20 22:84 13:51 36:142 41:163 19:73 35:137 27:105 40:156 40:158 40:160 23:91 35:139 8:30 35:137 18:68 23:91 39:155 3:11 16:64 4:14 16:62 28:112 4:14 13:51 18:68 4:16 13:49 14:56 25:99 18:72 28:112 40:156 2:4 23:91 8:28 10:38 12:44 12:44 6:24 ; 
L 34 -15 30 19 -29 45 20 28 41 13 -8 24 -20 42 -40 -32 33 27 -4 -23 38 -48 -12 5 -21 -29 12 -8 1 10 -45 28 -13 42 43 -19 -28 -24 11 -10 2 48 -2 37 -29 -43 -35 -2 -46 24 10 34 -11 42 46 -41 -1 -48 48 8 29 5 50 9 -36 21 -26 48 -8 25 14 23 37 25 1 -24 -30 -5 -36 -3 -19 3 14 10 -3 -35 44 49 -31 13 34 -30 -12 -1 19 33 -41 -32 -6 14 28 -16 -7 46 -49 -37 47 48 24 20 20 -18 3 33 2 -23 -7 50 35 41 -48 -22 -1 -25 48 36 43 43 1 48 11 -17 -16 23 -43 -38 -30 10 50 31 16 -26 -33 45 -9 -48 -10 5 33 -8 -28 -19 48 48 -36 42 -8 44 10 4 -39 49 41 -17 -46 34 -31 -15 -47 24 25 -26 -41 -3 -23 3 -22 42 15 5 -2 -11 19 46 -24 -39 -31 15 -14 -12 27 19 -45 10 43 30 34 -10 41 29 -25 34 -43 24 -32 17 20 -1 -45 -8 48 38 5 -39 -35 20 42 -27 -11 44 32 -36 -39 22 24 -49 -24 36 -2 -10 30 -33 45 41 -12 -33 -16 35 -1 27 -41 -4 -41 28 37 15 -40 20 27 -33 45 -12 -2 10 -38 -6 -44 14 -12 -43 -41 22 -42 -35 27 35 -9 -30 -6 -8 9 4 -29 -29 -42 47 49 17 19 -33 -27 -13 -6 -50 -3 -26 37 -48 10 45 -37 12 30 -8 -49 -28 -14 -2 34 -20 45 20 -6 6 22 31 -43 48 -31 42 -7 -22 25 -14 -24 -40 5 36 41 -47 32 2 30 25 -29 -17 -11 -14 -17 46 -42 35 4 9 40 -5 -28 -28 8 25 8 -40 15 15 -46 8 37 24 21 -43 -40 -23 -40 25 -16 -7 29 -16 28 23 -19 -32 -29 4 21 -24 -6 -21 50 -19 -15 -13 15 -8 -15 -20 43 -11 15 43 -12 -46 18 16 36 -25 -41 33 48 41 9 23 -30 14 23 10 -39 43 -33 18 -22 15 -11 -47 23 -36 -17 -26 -24 8 -41 39 -7 33 -32 -14 -3 -19 -10 16 -40 11 5 47 -43 -23 27 16 48 17 -15 29 10 22 -40 -28 -6 40 -42 -40 -1 -1 35 41 25 -45 15 24 26 -34 30 -42 11 -8 50 -2 10 -41 1 -31 -33 -21 -8 44 -36 6 50 15 13 23 11 -11 -29 -10 26 19 -3 36 24 21 19 -47 32 45 4 2 34 -30 -44 -1 -16 23 -31 21 41 4 10 24 8 -41 ; 
47 2 90 57 81 100 45 32 2 10 31 5 43 59 58 62 88 63 68 49 33 63 45 67 12 59 49 38 2 96 47 61 66 29 19 2 42 50 52 28 24 94 4 54 59 53 32 8 22 77 10 32 70 79 45 13 45 84 59 32 96 79 80 1 56 29 34 60 43 8 27 8 56 76 32 24 4 33 43 24 80 63 3 5 55 77 59 46 63 88 32 88 17 31 99 87 17 9 45 53 22 39 67 10 47 85 94 67 84 63 90 20 30 21 98 60 74 67 72 3 88 54 6 74 33 80 63 26 7 80 54 45 96 92 77 11 64 75 20 91 66 29 6 52 72 71 56 79 62 72 91 47 85 79 38 71 34 94 64 16 17 81 81 65 49 82 25 22 60 31 4 47 47 14 1 53 85 85 89 30 34 13 77 84 86 91 41 87 13 10 56 69 96 72 33 16 37 30 4 72 3 42 27 94 25 61 82 49 87 8 53 80 97 68 22 41 67 33 11 65 2 12 18 47 65 15 80 23 43 39 2 90 11 86 32 82 29 19 74 29 71 39 61 61 47 47 95 44 65 69 57 22 61 45 42 42 47 1 48 46 48 37 27 13 76 22 47 89 95 63 56 9 37 3 42 24 99 61 99 75 56 39 89 20 10 52 33 39 67 44 95 22 54 71 62 26 80 19 14 32 64 72 77 35 75 6 65 12 24 82 85 34 4 62 51 12 42 37 95 16 81 32 71 24 24 21 43 65 14 94 39 36 69 67 55 76 26 62 29 59 82 44 19 40 13 38 47 59 78 27 13 44 100 41 27 80 74 32 72 100 60 90 76 38 47 77 84 93 47 35 13 71 74 38 45 82 12 92 37 69 96 80 51 39 52 3 31 7 56 57 23 81 91 90 96 30 20 76 83 49 66 16 14 64 92 1 35 65 38 95 39 53 41 74 98 94 90 29 50 5 46 28 77 92 99 70 39 32 39 66 56 48 79 74 100 1 81 58 78 6 39 43 71 100 87 87 85 32 38 54 75 94 28 96 53 49 11 4 42 79 27 52 92 59 9 98 82 31 89 48 43 68 85 81 57 44 75 95 19 95 97 72 58 13 79 59 40 19 84 8 27 35 60 23 66 51 64 10 33 72 33 ; 
L 34 -15 30 19 -29 58 45 43 -34 -71 25 -29 -41 10 -2 -33 -3 18 -20 -20 -24 -48 15 -46 8 79 22 24 -49 51 36 -2 -10 30 -33 45 41 -12 48 17 -15 29 10 22 -40 32 -34 -30 -43 -10 23 -19 -32 -29 21 -24 -6 -21 50 32 -36 -40 12 44 -1 -16 23 -41 22 -42 -35 27 35 -9 -30 -6 -8 9 63 -29 -29 30 -34 -2 -4 -45 24 76 8 -40 -1 -1 41 25 81 -45 15 24 26 -34 30 -42 23 10 -39 43 -33 18 -22 15 -11 -47 23 -36 -24 8 -41 39 -7 33 -24 -39 -31 15 -14 -12 -14 -24 -40 5 36 -24 -37 39 23 -44 4 10 -57 -42 20 -24 8 -28 -64 -74 -9 -41 -16 -18 46 12 -43 11 8 -40 15 -39 -35 -6 9 -45 -43 -31 21 41 6 38 -13 -6 56 -50 -3 37 23 37 25 43 46 -31 -37 83 -10 2 12 -45 33 -27 -20 40 -15 -37 -28 41 4 1 27 -25 -8 28 -5 12 -73 -19 -15 -13 15 -8 -15 36 43 43 1 48 11 -17 -16 55 23 -38 -30 10 50 31 16 -26 -33 25 -16 -7 31 -28 -24 11 19 3 14 32 -46 -19 11 -82 2 -5 -15 -42 22 23 41 -1 -25 48 -20 43 3 -78 -10 -14 -3 19 3 36 -62 30 24 -11 44 -33 -16 -1 -19 48 48 -36 42 -8 44 10 4 -11 -23 -15 -50 -6 36 -14 30 -23 -20 -48 -22 53 26 -25 -24 47 15 31 -34 46 17 -41 -49 39 -65 -47 27 33 -19 -17 -48 -40 -32 33 70 52 27 -4 -23 38 -48 72 31 -49 -44 35 -20 -16 -27 23 43 -47 -5 40 -16 10 -10 2 48 -2 37 60 9 -29 -43 -35 84 -2 -46 66 24 67 34 -11 42 46 -41 -1 -48 48 8 29 5 50 -36 21 -26 48 -8 25 14 75 -48 10 45 -37 12 -8 -49 -28 -14 -2 -20 28 5 -41 -40 -9 -4 -35 42 -77 -46 17 14 11 17 29 -25 -30 -2 -32 47 -41 21 -40 42 -40 28 85 13 34 -30 -12 -1 19 33 -41 -7 50 35 -11 -59 47 21 19 -47 32 -36 3 -19 10 -49 50 -2 10 -41 1 -31 -33 -21 -8 44 41 24 17 -28 16 -29 54 42 -7 -22 25 27 19 -45 20 -1 -8 69 48 5 19 -43 -42 13 -28 -61 45 -10 -1 8 -80 -12 21 45 20 -6 6 22 7 16 -28 27 -48 68 -10 5 33 -8 -48 -33 41 25 -36 -42 -28 24 8 ; 
19:75 1:3 36:144 23:91 33:129 12:46 33:129 18:68 11:43 14:54 39:155 2:4 29:115 2:6 31:121 40:156 9:33 12:48 8:32 36:144 26:100 34:134 10:40 6:20 16:60 14:56 9:33 26:104 6:24 3:9 36:144 18:68 16:62 1:3 36:144 5:17 35:137 13:51 14:56 27:105 23:89 20:76 32:126 30:118 40:160 16:60 2:8 15:59 7:25 14:52 62:244 24:96 36:144 31:121 4:16 31:123 34:134 38:148 19:75 6:22 5:19 13:49 21:81 10:36 18:70 11:43 14:56 18:70 15:59 11:43 6:20 31:121 9:35 19:75 36:142 38:152 26:100 23:89 8:32 19:75 2:4 25:99 8:30 16:64 24:94 32:126 8:30 38:152 14:56 30:116 16:62 18:68 38:152 35:139 11:41 36:144 34:136 13:51 16:60 22:86 30:120 38:150 17:65 12:48 8:32 31:121 34:132 20:78 27:105 7:25 6:22 26:102 37:147 1:1 12:44 38:152 16:62 22:84 17:65 30:118 42:168 37:145 17:65 35:139 6:20 4:16 13:49 21:81 5:19 17:67 15:59 60:240 24:94 37:145 35:139 25:99 3:11 26:102 14:54 1:1 24:94 18:68 2:8 4:12 26:100 9:33 7:27 14:56 4:12 16:62 21:81 32:128 39:153 8:30 8:32 18:70 8:30 34:134 9:35 18:70 22:88 29:115 18:70 26:102 10:36 27:105 22:88 17:67 23:91 36:142 30:116 8:28 4:16 29:115 25:99 23:89 31:121 14:56 22:88 7:25 10:40 25:97 12:46 18:72 25:97 9:35 23:91 28:110 26:104 18:70 38:152 19:75 19:75 25:97 25:97 16:62 4:12 21:81 24:94 12:46 20:80 27:107 33:129 32:128 6:20 29:113 30:118 16:60 18:72 36:142 26:100 11:41 3:11 32:128 22:86 18:72 39:153 28:110 26:102 17:65 26:102 30:120 8:32 37:145 27:105 12:46 3:9 18:70 11:43 32:128 23:91 15:57 20:80 21:83 6:24 12:46 36:144 38:150 32:126 34:134 31:123 38:150 29:113 14:54 12:48 36:142 34:136 20:76 4:14 29:115 30:118 14:52 30:116 5:19 62:244 32:126 33:131 2:8 2:4 26:100 32:128 10:38 20:78 16:64 2:6 11:43 26:104 30:118 12:46 33:131 22:88 34:136 32:126 16:60 29:113 14:54 38:150 26:102 7:25 6:20 18:68 18:72 13:49 33:131 40:156 3:11 36:144 37:145 43:171 37:145 22:86 5:17 8:28 19:75 2:6 13:49 24:96 9:35 10:40 33:131 20:78 26:104 33:129 33:129 40:158 27:105 34:136 23:89 30:120 40:158 20:76 31:123 25:99 36:140 36:144 12:44 33:129 28:108 20:78 14:52 26:100 8:30 10:38 26:100 19:73 24:94 26:100 7:25 13:51 16:62 28:112 40:158 37:147 24:94 19:73 2:8 26:100 10:38 38:150 2:6 22:86 2:6 24:92 35:137 22:84 13:51 26:102 8:28 9:35 3:9 36:140 3:11 9:33 28:112 32:126 18:72 6:20 18:72 34:134 24:94 13:51 39:153 32:126 32:128 44:176 12:46 14:54 24:96 18:68 4:12 11:43 10:40 6:20 27:107 18:70 38:152 9:35 25:97 25:99 11:41 32:128 8:30 15:59 24:92 11:41 33:129 23:91 22:88 27:107 28:110 15:57 32:126 11:41 38:150 6:22 26:104 18:68 9:33 10:38 10:38 29:113 13:51 33:129 7:25 10:36 16:60 8:32 32:124 40:156 0:0 34:134 13:51 36:140 7:27 13:49 40:158 35:139 7:27 12:46 27:107 29:115 29:115 40:160 31:123 37:145 39:155 29:115 24:92 6:20 38:152 30:120 28:112 10:38 40:156 20:78 5:17 2:6 17:67 32:126 11:43 21:83 37:147 24:94 16:64 33:129 10:38 36:142 29:115 13:51 43:169 30:120 34:136 14:54 2:6 35:139 28:110 39:153 5:19 20:78 32:128 16:60 28:112 40:160 8:30 1:3 8:30 12:46 27:105 25:97 28:112 19:75 39:153 1:3 36:144 6:22 33:131 12:48 29:115 31:123 14:56 30:120 4:16 27:107 16:62 12:44 11:41 36:140 20:80 32:126 25:99 29:115 22:88 23:89 3:11 13:49 2:4 12:48 23:89 4:16 14:52 41:163 ; 
L 3 -5 -18 22 -49 38 -2 -24 -15 -10 45 9 -29 35 -29 -39 44 -4 -34 -34 18 40 27 -20 24 -4 39 32 -10 -24 34 16 -46 33 -18 -48 3 17 -23 26 35 -20 18 -27 48 -38 26 40 23 14 3 -11 22 38 29 -40 -4 -14 -47 -28 -26 1 50 -5 -14 -25 34 -15 -24 -29 -13 14 6 7 -28 -36 49 40 -25 40 17 -31 9 -41 -36 -11 -27 1 48 -8 -30 21 14 6 -38 -42 14 22 -6 42 -24 -11 48 -45 6 4 -38 44 22 49 -30 50 -22 20 -17 7 35 40 -1 -36 15 3 -26 -38 12 -31 -26 -16 -37 1 28 20 47 -9 -32 -23 -13 16 -17 -3 -18 38 18 6 2 50 -37 38 3 38 -32 33 -6 34 -45 -42 -3 -5 17 2 -14 1 44 19 5 30 44 29 -17 26 48 -36 -13 -46 20 14 -13 -27 29 35 17 -6 18 -44 40 -1 -33 -24 9 28 5 -29 -4 1 32 36 25 41 -21 -42 42 9 -32 -25 46 -42 39 29 26 20 -33 19 -48 30 -45 43 4 -18 34 -33 30 44 10 16 -19 41 -35 50 -46 -21 -6 -20 39 44 34 -31 11 43 -34 -25 10 32 1 -26 -15 -32 -21 -28 43 -37 -41 9 23 2 2 42 -40 -5 -49 -35 23 22 38 19 -48 36 38 35 13 -13 -33 -8 47 27 -8 -36 -2 13 -17 -29 -31 -38 23 35 17 -42 37 -41 45 -4 9 12 15 18 -40 -49 26 12 25 -4 -42 -18 -13 28 27 -12 -29 45 -46 8 23 -9 -7 11 32 13 24 14 30 -37 -21 19 7 37 36 -33 -20 -25 -28 -39 23 48 -39 -31 31 -8 1 -20 15 5 4 1 -8 27 -22 -24 -39 37 -4 -20 33 16 42 30 26 -36 -23 19 1 50 -14 -42 -8 -1 -48 -11 -49 -37 38 10 -28 4 15 -6 34 23 11 -13 44 49 -10 -23 18 -35 -5 -40 -13 33 9 33 -11 18 39 24 -28 7 -36 25 -45 20 14 21 50 -8 -38 26 -2 45 -48 -27 -38 27 -30 2 17 -47 -6 -19 -41 -14 36 -27 -11 50 26 -30 -11 -40 -35 22 -1 45 -7 -17 -19 -30 2 34 9 -33 28 -11 -7 42 -6 3 -16 -1 -39 4 -25 -13 12 26 -10 -3 16 -17 -25 -16 49 -49 44 24 -29 25 28 1 -43 23 -45 36 -25 -15 -36 19 10 36 15 48 14 29 -16 -49 -7 -50 -12 14 -40 -30 -5 -39 -19 11 -48 36 37 36 23 -12 ; 
70 78 71 74 97 73 99 25 13 63 30 79 18 63 59 71 67 25 27 37 32 50 67 99 96 10 23 55 68 18 92 28 77 75 76 22 73 81 48 63 48 98 24 3 95 10 14 45 30 85 51 16 55 61 20 14 36 62 52 20 94 86 26 19 12 26 10 32 42 76 5 83 42 1 67 84 11 89 36 10 2 82 3 19 100 62 30 13 84 73 45 69 66 80 79 84 85 5 60 7 99 13 21 6 21 64 81 95 29 17 35 20 33 98 14 52 70 58 21 12 83 30 88 45 52 72 13 61 46 51 54 29 27 34 17 66 67 50 27 94 94 60 56 89 31 93 37 64 12 60 79 14 53 11 27 99 20 87 99 50 71 54 14 41 94 37 65 22 83 99 35 95 83 10 15 20 58 77 35 67 79 73 10 70 78 52 74 28 28 1 80 78 78 95 3 17 19 28 7 10 19 94 66 74 52 79 69 54 12 3 17 82 56 48 98 1 84 78 83 39 46 10 58 100 1 16 14 44 74 49 55 12 69 83 60 95 41 51 6 44 66 46 33 53 3 71 32 41 32 33 36 94 22 56 35 16 62 82 79 58 42 53 70 3 46 83 37 20 52 64 30 75 49 54 19 68 98 21 1 80 62 9 64 59 64 21 88 16 62 25 16 98 87 33 92 88 31 6 23 84 87 76 56 41 20 46 57 29 77 42 50 61 82 74 34 83 5 69 74 25 18 26 85 53 55 4 23 84 84 42 30 53 5 91 20 94 11 20 31 25 59 25 42 74 92 80 77 60 10 24 80 59 44 77 17 17 84 90 11 96 37 64 65 68 50 36 2 96 34 54 98 81 98 62 8 83 17 90 73 45 31 48 46 76 46 26 100 12 85 90 82 81 45 36 58 60 90 83 49 32 33 95 66 14 27 62 4 90 8 7 34 36 64 67 77 36 3 4 19 55 60 15 93 29 21 69 79 77 39 78 13 21 43 81 53 28 65 1 95 67 29 57 100 54 31 26 49 97 71 83 44 39 38 47 75 37 76 95 77 85 1 44 66 64 50 85 65 83 81 60 23 81 83 50 23 92 95 41 86 8 67 76 27 82 78 50 79 92 28 61 93 25 7 5 64 74 6 26 66 50 41 ; 
L 3 -5 -18 22 -49 38 -2 13 -17 -16 2 -14 -29 -31 64 -5 -39 48 45 -25 10 32 1 -26 -15 68 -32 -21 -28 43 -37 -41 4 -38 44 -17 -35 -23 45 -7 -17 -19 -45 -84 10 15 24 81 -29 45 -46 8 -49 -37 38 10 -28 19 48 -30 -7 66 42 -6 3 -16 -1 -39 4 -13 26 -10 -3 16 -25 -16 37 16 26 31 -12 -72 12 -27 -28 13 18 -26 2 36 8 -28 33 -9 -34 -58 -2 -27 -75 -47 8 33 13 -38 -60 -22 -80 -79 -23 35 49 5 40 -42 -2 -2 -23 -9 -33 -67 -37 39 24 22 -27 29 -4 9 12 15 18 -40 -49 26 12 -4 -42 -65 1 -40 -35 -7 17 -20 22 -50 -49 -22 -42 37 -41 45 23 10 -85 11 48 42 38 -6 -21 30 8 -48 -70 -1 -48 -53 27 -18 20 -35 -26 23 -17 -3 48 18 -23 -36 46 -16 -34 24 10 -36 -37 -31 31 39 -23 39 28 -83 25 -62 20 33 -32 -39 -24 20 -27 -40 -18 34 34 4 -44 -45 20 14 -82 -48 11 -42 6 -22 -14 -77 1 8 42 14 30 -36 12 50 -29 35 -29 -39 59 -25 36 -24 -39 -18 -33 -33 13 40 48 6 14 30 34 -43 -11 31 -34 -38 -63 -44 -39 20 21 46 -50 35 -41 19 5 35 -18 50 -8 -38 26 -2 45 -48 -27 -38 27 -30 17 -47 -6 -19 -41 -14 36 -11 50 26 -30 -11 -40 22 -1 38 -50 -48 -1 -19 -23 -49 -44 -11 -23 -34 6 -15 -4 -13 -35 -38 -36 -16 -10 -44 -30 -55 -20 -26 -29 42 -46 25 -9 42 21 -41 -25 -36 -32 -69 -57 -1 4 29 -5 -28 -9 24 33 -40 44 -74 20 4 -18 6 -17 -21 56 78 28 20 47 -9 -32 54 -45 52 30 43 4 -18 34 -33 -43 -37 -21 19 7 -8 1 -20 14 -13 -27 8 -4 -5 -15 -20 -51 46 13 36 -48 -26 17 -29 -44 -30 -5 -19 -37 -36 -11 19 -38 26 40 23 14 3 -11 22 25 -40 -49 36 28 -7 -6 -14 13 29 -10 -19 36 15 25 -36 14 -40 27 11 36 5 3 42 41 -9 31 -17 -40 71 38 29 -40 -4 -14 -47 -28 -26 -49 -9 -7 11 32 13 24 16 42 73 30 26 -36 -23 44 24 -29 25 -38 37 -50 -2 -6 -18 -38 18 -1 49 1 -5 -14 -25 34 -15 28 1 -33 45 -34 33 -6 32 -3 -36 15 -24 14 29 61 -16 -49 -7 -9 -19 17 -13 3 1 76 -12 ; 
28:112 32:124 29:113 30:118 39:155 30:116 40:158 6:20 1:1 4:14 12:46 29:113 44:174 25:99 2:8 25:99 10:40 15:57 12:44 16:60 27:105 19:73 14:52 22:84 2:4 31:121 26:104 13:51 17:65 13:51 14:52 15:57 21:83 33:129 38:152 4:16 26:102 24:94 16:60 18:68 33:129 22:84 19:75 4:12 22:88 26:100 6:20 10:38 20:80 12:46 31:123 17:67 5:17 39:153 14:54 22:86 40:156 9:33 28:108 14:56 21:81 10:38 19:73 13:49 11:41 20:78 39:155 29:113 34:132 17:65 30:116 30:120 15:59 31:121 54:216 34:136 6:24 19:73 25:97 6:20 29:115 18:72 8:30 19:73 8:32 17:65 23:89 17:65 8:28 40:156 28:108 6:24 12:46 27:107 38:152 25:97 21:81 15:59 30:118 25:99 20:78 30:120 12:48 9:35 24:94 40:156 5:17 12:48 32:124 17:67 24:92 32:126 33:131 25:99 7:25 14:56 23:89 9:35 26:104 40:160 14:52 24:96 31:123 32:128 16:60 14:56 4:12 7:25 40:156 35:139 14:52 37:147 36:140 13:49 3:9 21:83 35:139 10:36 26:104 9:33 24:92 28:112 21:83 6:22 40:156 14:52 22:86 7:27 16:64 36:140 7:25 25:99 16:60 20:76 22:88 6:20 15:57 5:19 34:134 32:126 20:80 28:110 18:72 30:116 40:158 11:43 2:8 36:144 24:96 2:4 10:38 40:156 20:76 26:100 20:76 33:129 30:116 9:35 6:20 27:105 52:204 31:123 12:44 37:147 8:28 18:72 22:88 50:196 8:32 37:145 14:56 12:48 17:67 18:68 24:96 38:148 6:20 10:36 11:43 22:88 2:8 39:153 40:158 27:107 20:80 13:51 15:59 11:43 10:40 45:177 13:51 14:52 46:180 34:134 9:33 16:60 3:11 24:96 2:8 46:184 38:148 28:108 26:104 26:102 24:92 42:168 46:182 32:126 14:54 26:100 24:94 29:113 6:22 15:57 34:132 10:38 15:57 18:72 38:152 45:179 5:19 40:160 37:145 12:44 36:142 30:118 8:32 3:9 21:81 17:65 38:152 27:107 20:80 28:112 34:132 28:110 22:88 20:78 30:118 18:70 6:22 7:25 8:28 19:73 31:121 21:83 6:22 11:43 25:99 2:6 36:144 4:12 3:11 14:54 15:57 26:102 21:83 15:57 2:4 2:6 8:30 22:88 24:96 6:20 12:46 9:33 28:110 32:126 31:123 27:107 6:20 19:75 8:28 32:126 32:128 5:17 38:152 28:112 18:72 62:244 7:27 34:132 4:12 25:99 40:156 42:168 21:83 8:32 15:59 1:1 40:160 24:92 4:16 8:30 8:32 2:4 5:19 41:163 32:126 21:83 27:105 36:140 4:16 3:11 12:44 8:30 7:27 20:80 35:137 38:150 38:152 32:124 32:124 32:128 1:1 12:44 12:44 46:182 32:124 16:64 15:57 10:38 20:76 4:16 30:116 46:180 14:54 34:134 39:153 12:46 11:43 14:54 7:27 8:28 12:48 10:36 8:32 33:129 34:134 32:124 34:132 16:62 53:211 9:35 8:28 11:41 34:136 10:38 5:17 8:32 8:28 24:92 53:209 30:118 5:19 24:94 10:40 14:52 18:72 30:116 4:16 34:132 38:152 14:56 40:158 34:132 9:35 26:104 15:59 38:150 3:11 3:9 30:120 2:8 6:24 6:22 18:72 12:48 34:136 21:81 7:25 22:88 40:160 15:57 36:142 5:17 34:134 27:107 1:1 17:67 34:132 2:8 6:20 38:152 37:147 10:36 20:80 34:132 38:150 12:44 4:14 12:48 25:99 14:56 35:139 8:32 61:241 8:30 2:4 33:131 1:3 4:14 21:83 8:32 6:22 15:57 25:99 21:83 8:32 38:150 43:169 16:64 33:131 30:118 14:54 34:132 2:8 32:128 18:70 12:44 34:132 7:27 7:27 34:134 33:131 26:102 20:80 34:136 15:59 26:102 15:59 38:148 13:49 36:142 23:89 24:96 29:115 15:59 10:38 1:1 5:19 11:41 4:16 13:51 19:75 34:132 17:67 26:100 11:43 2:4 22:84 9:35 22:88 36:144 34:132 11:41 44:172 31:121 28:110 7:25 33:131 32:124 14:54 33:129 53:209 26:104 36:140 21:83 5:19 40:160 17:65 ; 
L 16 -24 31 -17 -23 -2 -40 -22 15 -29 -1 -38 -22 18 -36 -17 -39 -34 -2 -3 25 -16 49 45 46 -10 42 14 -37 16 19 25 -29 -7 22 36 -4 11 -48 4 3 19 -16 33 -10 23 46 43 42 -11 6 17 -24 16 13 -28 -47 7 33 3 30 29 -3 -9 -34 -13 -47 7 -34 16 -29 44 -4 40 -26 -2 12 43 8 31 23 -38 20 -9 -22 6 -27 3 -7 -17 -5 48 13 -41 43 -26 -6 -12 6 -44 -17 45 30 -25 20 -15 -25 29 -38 35 18 11 26 -3 -9 -34 -34 5 25 3 24 -39 10 -18 -43 30 -28 46 -50 -16 14 40 -18 -48 -28 30 -18 30 -35 11 7 -30 48 -41 44 31 -6 -16 6 27 -8 -34 36 27 -27 19 13 -37 -20 25 -33 -3 44 -34 17 -25 22 24 41 -40 -27 48 -11 -15 -39 25 -36 14 7 -15 44 45 31 -33 -46 -21 -48 -5 -13 -6 -7 23 -39 26 4 39 -18 12 19 -31 -37 -38 -24 16 -32 -15 -1 39 31 17 39 26 -41 41 -21 -44 12 24 35 -37 13 47 19 -47 10 1 -24 -9 -10 -45 49 28 2 -42 1 -49 23 -41 -24 -21 -14 -16 27 -40 -5 -20 31 24 12 -7 -44 -24 29 -16 50 38 -4 -18 25 29 -23 -31 -5 29 40 28 38 -21 -37 20 -30 -38 40 50 -50 -44 -47 43 21 -12 30 22 22 45 -31 -39 1 43 -23 -33 -24 -28 -4 18 -26 49 -5 -23 40 -1 -18 -28 -41 6 -24 34 -32 7 -6 -42 28 8 31 26 34 45 -43 4 -2 -45 23 42 25 -30 -11 11 -29 50 -47 31 -1 -5 -49 11 -1 -26 40 -5 -12 9 -28 23 38 -17 -36 28 18 14 20 42 15 -28 50 28 3 -30 -9 49 28 46 35 25 -21 -42 4 6 -36 44 -25 -43 -22 28 -37 -42 22 23 -3 40 16 -18 15 25 -32 39 -30 23 -17 -46 -2 -49 -22 -18 -11 7 -8 25 48 -20 5 -44 17 -46 -10 -24 7 -10 -19 -46 -42 -13 5 41 2 -21 -11 -13 -15 50 -15 -49 -50 9 35 31 47 -4 -43 6 -11 28 9 -26 7 -24 24 41 15 -4 24 -45 -46 5 -2 22 50 38 -4 44 -2 49 31 31 -37 43 -12 -6 -50 -24 -40 48 -16 17 -42 44 -40 11 -17 -46 -7 6 -20 40 -3 8 -43 -42 -40 -39 44 -40 -15 14 -49 1 41 -12 -22 50 45 3 -25 38 -14 14 -23 6 39 17 1 32 ; 
82 70 89 46 44 35 37 53 52 91 2 77 82 80 42 67 89 66 83 97 44 9 64 39 18 53 33 55 44 4 65 91 85 27 58 68 83 66 7 19 65 2 46 81 64 89 4 30 97 52 39 34 15 23 48 65 22 40 30 2 15 29 68 44 38 85 66 64 97 11 82 25 13 3 41 17 33 99 5 46 29 24 30 45 79 73 92 35 84 19 61 48 12 71 71 42 52 17 29 62 36 86 34 74 5 24 1 17 67 93 4 67 18 45 69 54 4 95 99 53 79 72 99 86 51 75 80 98 15 23 1 24 32 100 71 58 70 86 58 53 32 15 74 62 59 41 30 44 39 37 33 7 85 50 16 56 60 48 40 46 63 56 25 99 21 21 39 87 52 80 94 50 26 99 35 32 97 52 25 94 60 16 38 76 94 83 58 98 85 47 36 60 67 77 18 59 19 85 28 73 99 73 72 4 76 59 50 16 17 15 62 38 27 64 5 84 55 69 78 63 9 11 21 90 91 85 74 26 86 5 12 53 40 70 91 73 57 23 52 61 53 69 96 63 93 45 6 3 92 41 84 94 63 20 59 78 23 4 19 76 97 99 83 7 70 1 43 65 26 99 94 13 98 33 83 15 51 61 19 77 3 66 36 4 53 44 16 27 46 63 69 33 19 30 92 56 91 31 80 52 38 17 90 20 49 32 53 46 56 36 76 74 29 8 75 49 69 28 8 25 43 45 40 28 72 45 84 42 31 23 18 70 80 47 30 36 88 14 4 66 8 75 3 14 95 15 5 95 78 26 86 31 15 12 3 51 88 20 96 44 87 42 50 65 83 6 63 75 98 69 95 13 70 7 48 59 62 39 18 48 13 83 80 69 17 80 32 91 66 94 7 99 28 49 27 8 92 30 62 95 8 58 87 9 53 50 40 100 75 47 57 99 78 82 36 72 53 36 12 10 13 1 7 2 71 50 47 96 60 59 48 43 42 56 98 59 74 40 11 74 48 19 70 51 71 25 80 3 37 25 26 62 28 40 67 8 20 87 26 44 51 24 89 32 70 70 98 1 36 12 54 20 54 22 76 44 61 78 54 67 67 61 10 17 96 4 21 60 51 100 5 45 1 17 39 28 12 58 58 98 62 ; 
L 16 77 -24 31 53 63 -17 -23 -2 33 -10 23 -25 20 -15 -25 29 18 -30 28 48 18 50 36 -4 11 -48 75 -27 48 -48 5 -43 -12 2 20 -26 31 12 -7 -44 -24 29 50 38 -4 -18 25 29 25 48 -20 6 -11 28 9 -26 7 14 51 -23 6 39 67 -22 -70 7 29 -25 -19 -16 37 -14 10 -46 -45 -22 2 -5 46 -76 45 -24 4 -41 44 -25 -43 -22 28 -37 30 -3 66 -1 -16 -13 -47 7 -34 16 -29 44 -4 40 39 -23 7 5 48 21 46 33 -31 -45 -44 15 -7 -14 36 -25 39 -49 -71 26 -18 4 28 24 33 23 -57 31 31 -49 38 80 -17 -36 28 18 74 19 59 -47 10 1 -24 -9 -10 -45 85 42 58 -11 6 17 -24 16 13 -28 31 17 26 46 54 35 5 16 -48 -22 42 40 24 50 6 12 -43 37 25 -42 4 6 -36 -5 -23 40 -1 -18 -41 6 -24 34 7 64 -42 28 8 31 26 34 45 -43 4 -2 -45 -50 28 -42 -20 40 -41 -24 -49 -22 -18 -11 7 -23 -5 29 -41 41 -28 -49 -47 7 33 43 16 21 24 41 49 -62 -1 42 -2 -28 -49 -78 -11 -35 38 -35 26 4 39 -18 69 12 19 -31 -47 -13 37 -35 -24 44 21 40 28 38 -24 81 38 44 -2 72 49 5 -44 17 -46 -9 73 1 -10 -25 -5 17 7 -3 27 -6 9 -20 38 -23 -31 -8 34 34 9 3 -26 27 -40 83 -40 26 13 11 21 -2 -41 -5 -52 13 42 46 19 10 -7 24 3 24 -39 10 -18 -43 30 -28 46 -50 -16 14 40 -41 -1 -44 -30 -3 -30 -45 17 -6 12 -55 6 -7 6 -20 40 -3 -43 -42 -40 -39 -48 30 -38 -22 18 -36 -17 -39 -34 -2 -3 25 -16 49 -12 -22 61 50 47 -4 -43 -43 -1 39 31 -45 -22 -22 -30 -30 -41 43 -26 42 -17 46 17 -11 40 -79 -82 -44 1 -31 47 -50 29 12 -43 47 44 -84 50 -50 -40 38 30 -20 37 3 -25 37 -13 -19 27 -27 -36 34 8 -27 -6 16 6 -44 41 24 15 -23 28 -9 -68 12 5 -5 11 7 1 29 -15 22 40 34 9 3 -29 21 14 -38 25 -3 -45 -31 -35 -9 50 49 15 -50 15 -56 -28 -3 40 16 -18 15 25 39 -11 11 30 -25 -42 -23 14 14 -49 -34 17 -25 22 2 46 17 -23 -13 -11 65 11 -3 -4 -37 -38 -24 60 16 -15 40 -44 17 32 ; 
33:131 26:104 18:72 36:142 27:105 18:68 14:56 18:70 14:56 41:161 26:102 36:142 18:72 2:8 10:38 1:1 7:27 45:177 28:112 24:92 29:113 40:160 7:27 9:35 34:132 27:105 3:11 20:80 39:155 20:80 14:54 20:76 15:57 40:158 14:52 4:14 6:20 6:22 12:48 17:65 34:134 38:150 26:100 22:86 32:124 10:36 2:6 8:30 31:121 29:115 37:147 12:48 11:41 24:96 24:94 20:76 18:68 17:67 10:38 12:44 11:41 12:44 5:19 7:27 25:97 35:139 39:153 11:43 34:136 37:145 26:104 2:6 18:70 28:110 22:84 8:28 18:68 21:81 28:112 8:30 13:49 25:97 30:118 5:17 6:20 30:118 40:156 28:110 38:152 6:20 28:112 12:44 21:81 31:123 18:72 18:70 6:24 27:105 26:102 39:155 5:17 33:131 10:40 6:20 2:4 46:184 27:107 24:96 42:166 40:156 24:92 34:132 38:150 31:121 16:60 7:25 24:96 38:150 10:40 21:83 39:155 13:51 9:35 4:14 22:86 37:147 12:48 8:30 14:52 28:110 26:100 38:150 18:68 25:99 32:124 20:76 32:124 15:59 38:152 6:24 2:8 6:20 11:41 39:153 12:48 37:145 34:136 30:118 11:41 35:137 2:8 10:36 16:64 20:80 12:46 16:62 14:54 6:24 10:36 20:76 26:104 6:22 6:24 23:91 11:43 40:156 24:94 12:44 13:51 21:81 13:49 20:76 14:56 11:41 35:139 8:32 4:12 27:107 16:64 18:70 31:121 34:132 3:9 26:100 55:217 13:49 32:128 21:83 16:60 8:30 8:32 20:78 13:51 29:115 23:89 14:56 31:121 30:118 12:46 4:12 30:120 20:78 28:110 12:44 4:12 10:40 6:20 6:24 14:54 11:41 43:171 32:128 21:83 57:225 3:11 40:158 12:44 20:78 13:49 4:12 3:11 22:84 26:102 18:70 39:153 16:62 16:64 12:48 2:4 54:212 0:0 25:97 21:83 22:84 4:12 29:113 37:145 28:112 16:64 22:84 26:102 36:140 16:64 38:148 14:56 16:64 8:28 24:94 8:30 9:35 36:144 12:44 30:116 18:72 5:17 4:14 26:100 32:124 43:169 34:134 9:35 1:1 18:68 18:72 34:134 34:134 28:112 15:59 3:9 40:160 16:62 38:152 4:12 24:92 36:140 32:124 16:62 22:84 20:78 40:158 19:73 8:30 34:134 14:56 37:147 12:44 18:72 12:48 10:38 12:46 19:73 32:126 2:6 22:86 28:110 18:72 22:88 26:100 5:17 21:83 36:140 24:92 29:115 15:57 33:131 32:124 40:158 30:116 4:16 19:75 30:120 40:160 16:64 20:80 22:84 6:20 32:126 29:115 40:158 35:137 21:81 30:120 32:128 40:156 6:24 10:36 1:1 10:38 19:75 39:153 25:99 16:60 6:24 12:46 14:54 35:137 12:48 12:46 22:86 28:112 26:100 5:19 22:86 8:32 22:86 22:84 18:70 25:97 32:124 46:180 30:118 12:48 33:131 32:128 17:67 27:107 36:142 27:105 34:132 39:155 18:70 4:14 26:102 16:62 9:33 5:19 22:84 10:36 20:80 19:75 51:201 11:43 7:25 18:70 22:84 2:6 15:57 27:105 6:24 15:59 29:113 17:67 14:54 36:142 14:52 1:1 40:156 28:112 24:94 9:35 20:80 21:83 8:28 10:36 13:49 17:67 32:126 29:115 25:97 21:81 13:51 36:140 34:132 14:52 40:156 6:20 38:150 40:158 4:16 40:158 13:51 20:76 24:96 23:89 7:25 20:80 34:136 3:11 14:52 15:59 16:62 18:70 15:57 24:94 32:126 12:44 24:94 30:120 4:12 36:140 23:89 2:6 25:97 20:76 13:51 25:99 1:3 37:145 21:83 22:84 35:139 16:60 18:70 28:108 13:51 28:110 1:1 18:72 2:8 40:160 40:158 1:3 3:11 1:1 6:20 4:16 5:19 15:57 15:57 15:59 17:67 16:62 8:28 20:76 6:20 34:132 2:6 4:16 18:72 29:115 12:44 16:64 18:72 33:129 6:24 4:16 22:86 9:33 9:33 16:62 16:64 27:105 37:145 13:51 46:182 2:6 24:92 12:46 6:20 26:104 21:81 30:116 29:115 13:51 36:142 10:36 14:56 27:107 13:49 28:112 25:99 ; 
L -10 11 29 -39 -9 48 27 16 15 -41 50 6 5 32 -10 -21 -35 -33 4 46 35 23 32 -38 -33 40 44 22 -11 31 23 -47 2 -41 -25 -17 -22 -34 10 5 10 3 45 11 5 48 14 -21 -7 -36 -48 48 21 14 -31 -17 33 48 -50 -37 47 -50 49 -3 -2 -50 7 -23 1 -12 -14 10 -42 -12 36 -49 24 -20 -50 -10 -34 42 18 50 48 29 1 48 -31 48 17 -46 -41 -45 34 5 -44 -38 -23 -40 49 -16 27 -21 36 -8 -45 -44 22 48 34 -39 -48 -45 -12 -46 38 -32 5 34 -24 21 -48 -47 27 38 -20 34 -11 47 16 17 -3 32 42 26 49 -41 -24 29 -12 4 -34 33 6 -31 43 -44 31 4 4 -20 37 -42 26 9 38 23 -21 -33 -9 24 33 -42 -45 -14 29 6 6 -42 26 43 50 11 27 34 1 -5 -40 20 10 -5 27 -8 -31 39 35 -44 32 -40 32 -5 4 -45 37 -12 11 39 -6 -19 6 30 7 41 -46 16 14 34 -12 22 -35 24 29 -24 41 27 20 37 -14 -19 -9 10 50 21 -31 -2 38 -13 49 -14 48 35 40 -18 -50 23 31 -10 43 -30 16 -24 -8 -19 -19 40 -44 -10 -21 50 46 33 35 30 -23 -11 50 10 -45 48 -50 7 39 33 49 -7 -21 8 27 -25 -9 -40 35 -7 10 25 -21 -47 -9 50 34 24 -29 -22 -47 -32 -5 41 -7 10 -41 -9 -13 -50 12 -25 -10 43 -17 50 29 -25 -48 -29 30 3 7 -12 10 -48 -12 43 -9 -34 -14 -16 3 41 33 49 6 42 38 -18 21 -42 7 -1 -29 42 -26 36 14 -48 -24 18 37 -6 18 -8 -24 38 1 -3 -39 11 -26 23 17 35 45 30 -17 -19 -34 16 24 -36 15 -15 -39 3 24 -7 36 -41 31 28 16 21 -42 43 29 8 14 -26 44 -46 -37 25 -48 14 14 14 -40 29 -44 23 -33 -13 39 12 -7 -6 -47 -44 49 3 4 23 -44 43 46 -21 17 -40 -19 -50 47 -1 -8 -1 48 -17 12 12 25 44 3 -36 -27 12 -21 -43 21 9 -24 10 25 44 6 30 17 26 -40 42 4 1 39 -41 -8 -3 -17 -11 -5 -23 25 -9 -34 33 47 -23 -31 -10 -29 5 -49 14 3 -16 23 -43 -9 -11 36 25 8 -35 29 -33 5 17 1 24 -33 34 -46 7 -33 24 -40 -26 -15 -38 -6 29 -45 49 -4 17 -25 13 -8 36 -49 19 -13 46 42 38 ; 
31 23 50 32 61 22 41 81 14 34 52 62 38 39 100 95 25 85 24 29 96 73 40 46 57 81 18 24 51 14 36 72 84 8 50 10 98 82 52 91 24 47 23 17 2 26 8 95 79 18 42 50 99 75 68 13 53 55 67 76 8 33 17 100 54 47 41 45 22 20 74 18 84 61 53 98 13 43 74 14 12 95 63 12 70 74 57 88 78 46 40 4 55 27 95 52 67 42 56 99 16 30 21 36 17 98 23 74 23 60 63 7 12 5 38 73 96 35 12 90 58 65 32 80 48 7 100 68 40 63 8 77 14 4 68 68 40 78 62 63 54 87 72 72 24 99 15 96 64 1 23 33 53 1 13 43 54 15 33 62 70 31 84 52 35 1 18 6 66 18 88 34 80 5 42 77 81 78 18 37 98 90 70 12 66 21 85 1 41 16 63 53 93 89 28 17 7 92 83 17 90 17 15 32 22 8 75 91 78 33 87 65 64 33 65 10 84 53 97 88 21 36 45 53 44 36 80 24 44 2 98 61 67 91 75 44 31 65 21 68 80 63 69 6 91 81 97 87 85 93 2 92 98 8 83 83 27 53 52 36 39 39 20 13 18 15 51 10 66 64 100 25 3 27 92 24 28 34 96 41 18 62 54 14 60 98 36 49 23 7 42 80 49 41 7 45 48 51 76 65 23 75 97 3 87 61 60 99 73 2 96 22 79 60 81 71 61 85 50 86 17 84 14 29 44 47 86 74 53 35 83 25 68 21 2 22 48 74 85 30 79 82 67 82 47 56 21 76 59 78 34 90 50 23 16 64 34 7 3 42 36 62 1 19 97 48 82 42 1 59 91 100 65 66 70 11 57 91 16 40 71 41 82 47 43 92 88 82 89 33 72 8 15 57 26 81 72 98 45 52 50 85 37 81 24 65 84 80 58 57 29 45 55 26 13 56 55 99 48 69 86 29 77 31 55 25 95 11 53 85 66 12 96 37 54 13 72 76 39 27 78 43 66 55 83 86 7 24 43 9 94 55 22 78 78 22 71 63 96 53 31 49 63 83 28 93 95 100 28 35 60 68 16 45 31 63 37 89 10 45 15 90 77 52 8 21 66 47 80 34 11 57 23 3 73 6 19 7 67 89 48 ; 
L -10 29 55 -39 -9 48 27 16 15 -41 50 6 5 32 -10 -21 -35 -33 4 46 23 -38 85 -33 40 39 -6 -19 6 30 7 41 -46 16 14 34 -12 22 -35 24 29 -24 41 27 20 37 -14 67 73 -19 -9 10 50 21 -31 -2 38 -13 49 -14 48 35 -18 -50 31 75 -46 -30 -32 3 -17 -16 -47 11 -34 20 -38 -17 21 -46 -43 -71 44 -23 -4 -3 -49 44 47 6 7 -8 -29 -43 42 -21 -63 -16 -28 -31 41 -36 7 4 -45 37 -12 11 65 44 12 42 -83 16 24 -36 15 -15 -39 3 24 1 -12 -39 13 -14 -14 3 7 -12 54 10 -48 -12 43 -50 7 62 -23 1 -12 -14 10 41 -39 14 -26 44 -46 -37 25 -48 14 -10 43 -30 16 -24 46 30 -17 56 -19 -34 61 38 -18 21 -42 -8 -19 51 -19 -2 47 -23 -31 11 -22 -45 34 5 -44 -38 -33 34 -4 -82 -29 24 41 -27 -84 47 48 -21 -34 -5 32 -38 6 42 21 -12 27 36 -3 -44 -25 -12 -12 -48 23 -8 36 -49 19 -31 46 12 -42 34 -74 10 -45 -35 -23 26 -70 -11 -33 59 -1 -29 42 -26 48 -39 -45 18 50 48 29 36 14 -48 18 -8 -48 17 31 -14 -21 -47 -33 -9 -21 43 -81 -48 66 -8 -44 22 72 1 48 -24 -1 -8 21 7 -49 -39 -7 50 45 -10 -50 11 -11 36 25 8 -24 10 25 44 6 30 17 26 -40 42 4 5 -32 40 -32 -35 -39 -27 5 -10 5 -52 -1 -27 -11 -50 -7 -43 -26 42 -6 -29 -64 14 45 -33 -24 6 -31 43 57 29 -19 -50 47 6 -18 24 -41 -25 -17 -22 -34 10 3 45 11 5 48 14 -21 -7 58 -36 -48 10 -49 45 -29 6 38 15 26 40 -69 -24 33 -7 34 50 20 -24 49 23 -21 -33 -9 -23 -78 32 47 22 33 35 30 -23 9 43 -23 16 -3 -14 -5 5 17 27 -25 -9 -40 35 -7 25 -21 -47 -9 50 34 24 -29 -46 -50 -80 21 10 44 -40 -60 -1 -8 -1 13 4 77 4 -20 37 -42 26 9 38 79 -36 -36 -27 16 40 -49 -68 -26 -42 -50 -37 47 -50 49 -3 -2 -34 40 -76 -5 33 -23 44 -29 40 41 -7 10 -41 -9 -13 12 -25 -10 -33 -41 -3 16 -29 33 -24 25 -29 -50 17 -43 49 44 -8 -3 -17 -11 -5 -13 25 -17 31 23 53 -49 35 34 -25 38 41 46 -17 -48 31 39 3 -1 29 42 38 ; 
13:49 24:94 18:70 28:110 25:97 9:35 17:65 33:129 6:22 14:54 21:83 25:99 16:60 16:62 40:160 38:152 10:40 34:136 10:38 12:46 22:88 32:128 16:62 26:104 33:129 29:113 34:132 7:27 36:144 7:27 6:24 13:51 9:35 4:12 30:120 37:145 32:124 14:52 35:139 26:104 26:102 14:52 26:104 4:16 34:134 22:84 39:155 5:19 27:105 22:88 9:33 15:57 18:72 22:84 18:70 15:57 32:128 10:38 18:70 1:3 40:156 25:97 6:22 30:120 16:60 2:4 31:123 17:67 25:97 2:6 6:22 31:123 4:12 26:100 16:64 28:108 40:160 5:19 10:38 33:129 15:59 16:60 21:83 20:80 21:83 18:72 40:156 29:115 33:129 11:41 23:91 31:121 27:105 26:104 40:160 37:145 16:64 14:56 1:1 17:67 33:131 20:76 39:155 26:102 36:142 12:44 7:27 3:11 28:108 31:123 6:22 25:97 16:64 18:68 14:54 3:11 2:4 17:67 15:57 25:99 1:1 33:129 13:49 4:12 29:115 19:73 19:75 42:166 24:96 40:158 2:4 32:126 1:3 39:153 9:35 26:102 17:65 33:129 30:120 9:35 8:32 30:118 8:28 20:80 11:43 7:27 5:17 23:91 37:145 7:25 16:64 29:113 17:65 17:67 9:33 28:108 32:128 26:100 20:78 46:180 20:80 31:123 37:147 7:25 38:152 16:60 12:46 18:70 19:75 35:139 3:9 31:123 14:52 16:60 34:134 29:115 15:57 6:22 21:81 12:48 38:152 21:83 27:107 17:67 23:91 29:115 29:115 41:163 9:33 26:100 25:99 6:20 33:131 9:33 32:128 13:51 25:99 36:144 5:19 14:56 27:105 34:134 14:52 31:123 12:46 35:137 28:110 20:76 40:158 22:88 23:89 8:30 16:64 6:20 2:4 30:116 3:9 2:6 26:102 30:116 19:73 38:152 10:38 6:20 8:32 14:54 44:172 31:121 21:81 29:113 9:33 25:99 28:112 22:84 14:56 34:132 7:25 12:48 2:6 22:88 5:19 28:112 30:118 23:89 28:108 9:33 32:124 12:48 38:150 20:80 6:20 28:108 30:120 24:96 38:150 28:112 10:40 22:88 22:84 8:32 14:54 33:129 18:70 10:36 24:92 10:40 36:140 36:144 18:72 9:33 4:16 21:81 6:24 1:3 8:32 16:62 9:35 21:83 22:84 11:43 60:240 12:44 38:148 38:152 40:158 5:17 22:84 34:136 27:105 5:19 39:153 15:59 22:86 6:20 29:115 18:68 22:84 26:100 7:25 2:8 34:136 38:152 28:112 36:144 16:60 40:158 0:0 23:91 17:67 2:8 20:78 34:136 14:54 36:140 14:56 3:9 19:73 32:128 1:1 27:105 34:134 5:19 40:158 6:24 14:54 38:150 48:188 32:128 24:92 49:195 48:190 9:35 39:155 20:80 4:16 40:156 33:131 21:83 27:107 10:36 7:27 1:3 11:41 4:12 38:152 32:126 11:43 22:88 17:67 6:22 10:40 19:75 27:105 9:33 4:12 21:83 31:123 36:144 10:40 24:92 18:72 4:16 37:147 4:12 30:118 18:68 6:20 19:73 14:52 25:99 28:112 17:67 15:57 26:102 40:156 24:96 10:36 40:156 4:12 34:132 7:25 26:100 20:78 13:49 22:84 39:153 14:54 19:75 28:108 25:97 26:102 40:160 10:40 2:4 11:43 36:144 12:44 14:54 39:153 17:65 8:28 25:99 22:86 34:132 1:3 40:158 18:68 34:136 35:139 39:155 19:73 4:14 12:46 18:72 21:81 7:25 10:40 7:25 14:52 22:84 1:1 6:20 18:68 22:86 16:64 24:96 31:123 10:40 9:33 4:16 50:200 14:54 37:147 28:108 40:160 31:121 4:12 14:52 7:27 40:160 22:86 24:96 32:128 37:145 34:134 11:43 36:142 33:131 36:140 37:147 21:83 10:36 3:11 17:67 32:128 20:78 8:28 18:72 20:76 18:68 20:80 34:136 25:97 48:188 14:56 27:105 56:224 30:120 10:36 26:104 31:121 38:150 19:75 49:193 18:68 27:105 22:88 34:132 39:153 23:91 5:17 31:123 9:35 21:83 24:96 10:38 14:56 4:14 10:40 22:88 22:88 2:6 16:64 19:73 22:86 19:75 33:131 15:59 14:54 36:142 20:76 ; 
L -36 48 9 41 1 36 32 1 28 -46 26 30 27 43 20 -18 -37 42 -49 32 35 -43 30 -29 38 -22 10 38 9 6 -5 -23 -14 5 -47 34 31 -1 -44 12 15 -50 44 -44 -3 -35 -19 -25 16 -29 39 -50 -10 4 -22 -14 -38 -42 -38 -29 -31 42 -41 -26 21 39 31 29 14 -33 -10 -15 -4 -27 -45 5 18 -42 -31 -45 27 -3 7 -45 -10 -17 44 28 5 35 -17 -29 -26 26 2 6 -44 -14 42 -43 -41 29 -4 12 18 -15 -4 -43 -7 -36 -5 -23 -27 -28 2 46 -25 -7 22 12 -37 8 -26 -36 -38 6 43 43 43 -34 -29 -4 39 -3 -9 -16 -8 15 -16 -20 -26 39 -25 44 -31 -48 -19 23 -33 50 -11 -15 4 -35 13 -19 47 -42 -36 14 28 7 9 5 -42 -30 -42 -7 49 19 -1 -17 24 -40 9 -15 13 -17 21 18 37 -22 -49 14 -34 -32 -40 39 38 -29 -11 -24 2 1 -41 -12 40 31 -2 32 10 -7 -27 -24 -12 8 31 37 7 -25 -22 -16 -34 -39 38 33 -10 49 32 -38 -36 20 -19 7 43 -25 27 16 -18 1 -37 28 -50 -18 44 -38 -44 -3 -39 25 -44 -24 -1 24 -41 -17 43 33 -33 21 6 46 -49 -22 48 -41 17 -27 44 12 -37 -7 39 35 47 22 21 50 22 41 -42 39 -42 -16 33 15 -42 47 4 -50 -10 41 -45 -3 12 9 -44 -6 -37 32 -45 12 18 -46 16 30 -25 -15 -39 -12 -19 -10 -15 47 -42 41 -16 -7 26 22 -43 -9 1 -2 -27 18 -5 -24 23 37 3 38 47 38 -7 -25 -11 41 45 7 -9 1 48 7 -25 13 20 -18 49 -25 8 38 14 42 36 45 -4 32 -8 28 -35 2 -29 -25 -41 38 20 -1 -34 -14 9 -44 -38 -28 -30 -43 -12 14 16 -17 37 -9 -44 -19 10 -12 34 -29 -4 47 -46 -39 47 49 -31 39 -21 31 27 45 28 6 -17 -12 44 17 -11 -37 -49 -33 -19 -29 -14 47 -7 2 -10 -32 -50 -25 -14 -27 13 29 12 -3 -15 -10 -13 -17 3 22 32 41 29 25 48 42 48 -4 49 -5 -20 29 9 -13 -28 34 -7 31 -17 -11 37 29 46 -10 -27 4 31 29 -18 -6 42 11 34 31 -36 45 34 50 -43 -10 -34 -4 -1 -20 -24 42 -48 -50 26 -12 -42 13 37 21 11 -19 -4 2 22 -35 -27 -8 30 -44 6 -47 -28 34 31 36 21 -48 16 -17 -23 -30 -8 -50 ; 
79 13 54 52 29 92 32 87 11 63 79 4 77 77 27 78 18 11 93 53 39 42 31 41 92 65 97 73 29 17 37 57 82 6 30 16 99 16 19 3 13 88 43 90 52 74 93 17 93 44 3 27 8 15 48 50 70 91 49 46 13 13 92 95 10 30 74 100 11 84 30 71 12 35 95 55 68 68 81 79 58 98 76 61 95 9 59 36 90 14 100 76 70 17 70 53 19 98 91 12 98 36 73 82 9 50 88 39 46 44 79 38 11 29 55 32 97 12 47 96 96 22 25 71 7 39 17 52 55 95 36 81 50 3 8 7 27 59 35 17 9 25 23 39 81 45 15 10 64 67 45 89 70 9 67 50 43 85 18 66 76 54 38 74 26 88 8 15 51 96 13 83 92 72 25 64 15 93 16 80 5 16 99 53 98 17 14 87 38 8 37 10 52 98 52 16 63 65 70 43 77 2 70 39 45 20 32 52 59 71 59 11 22 100 56 10 34 59 53 5 51 78 76 16 62 79 89 75 18 95 97 68 6 57 22 5 30 44 41 16 43 77 13 55 7 93 92 80 57 33 73 95 93 89 28 37 68 60 30 13 3 71 88 17 9 59 81 81 78 56 70 75 30 89 26 61 86 86 21 84 71 1 14 12 8 96 17 73 81 100 73 99 19 33 44 21 30 72 62 21 58 96 49 34 26 41 67 5 79 51 54 74 22 2 55 99 83 4 79 13 40 79 40 81 10 3 1 18 21 96 66 81 33 3 64 68 89 16 72 81 38 15 25 46 67 32 21 53 76 21 52 27 20 82 76 32 99 17 9 36 37 52 40 47 28 53 5 20 45 100 73 86 97 34 68 38 1 10 10 76 37 98 4 73 96 18 83 5 39 74 29 80 12 56 75 5 28 99 20 38 23 89 19 9 17 22 75 66 77 81 24 48 21 37 11 77 2 43 4 45 79 94 74 75 58 39 42 47 58 8 2 94 75 76 85 60 47 18 80 63 8 31 52 96 59 61 96 61 43 70 7 34 5 57 24 11 29 18 79 25 85 16 65 2 78 58 78 71 37 62 70 90 45 22 68 34 51 13 80 32 47 33 3 84 83 12 91 38 57 51 83 17 22 13 52 93 14 88 97 15 82 ; 
L -36 48 9 74 41 1 36 32 1 28 85 -46 26 -4 39 -9 -8 15 -16 -20 -26 39 -25 -29 -17 -11 37 29 46 77 -25 -22 -16 -34 -39 38 33 19 48 -44 25 48 4 -48 -42 49 -19 37 -22 7 25 11 -4 2 31 36 21 -48 -6 32 32 -38 8 83 -26 -36 -38 6 43 -4 -47 -6 7 43 -25 27 16 -18 1 -37 28 -50 79 -18 44 -38 -44 -3 25 59 -44 -24 -1 24 -41 -17 43 33 -33 21 6 46 -49 48 -13 37 -49 14 -34 -32 -40 39 38 -29 -11 69 31 -2 32 10 -7 -27 -24 -12 8 31 60 37 7 -10 -27 4 31 29 -18 28 5 35 -17 -29 -49 18 -14 42 -43 -41 -5 -24 27 4 15 10 33 -14 5 -41 17 -27 44 12 -37 -7 39 35 47 22 21 50 41 -42 39 -42 -16 71 33 56 15 -42 47 -42 14 28 -42 -30 -42 -7 -8 28 -4 47 -46 -39 47 49 61 -31 39 -21 27 45 6 -17 -12 44 17 -11 -37 -49 -33 51 -29 78 -14 -18 -21 17 -13 15 -9 40 -24 17 1 -19 -49 -35 -19 -25 41 -42 31 29 38 42 38 -40 12 41 -1 10 43 -50 -34 53 -5 -9 -7 24 14 22 67 -10 -15 -82 -45 -41 11 7 -38 -47 -38 -3 -16 -14 12 3 44 50 -15 -12 -37 -23 -22 -26 -41 42 -47 19 36 -44 17 10 -7 3 -27 20 -1 -34 -14 9 -44 -38 -28 -30 -43 -32 -45 -36 -42 -31 7 23 -33 50 -11 -15 -58 3 -12 -29 -13 -12 -42 13 37 76 -20 29 9 -13 -28 34 -45 36 -34 47 -6 -57 29 34 27 2 -1 9 43 -80 81 -45 -43 -27 -30 44 -30 8 27 35 -64 -22 -34 -11 -42 7 -9 1 48 -25 13 -38 16 -17 -20 -24 31 29 16 65 -29 39 -50 -10 4 63 19 12 39 7 43 4 15 -18 -12 4 -29 -26 21 73 39 -46 -2 28 27 23 5 36 -46 16 30 -15 -18 -12 45 -49 10 -52 -15 -10 -13 -17 22 32 55 41 -14 -38 -8 -26 54 26 2 6 -44 -20 45 31 -18 -5 20 -18 -37 42 -49 32 35 72 -43 30 -50 -10 41 -45 -3 12 9 25 -2 35 35 -4 7 -70 16 62 2 -34 -4 -1 21 42 -48 -50 26 27 14 25 50 10 -2 -47 29 12 -75 -5 14 23 -6 -9 -38 -10 22 -38 29 -84 68 43 -10 19 44 -66 9 -37 17 44 1 -31 -34 47 43 -23 -30 -50 ; 
32:126 6:20 22:86 18:70 9:35 12:46 37:147 13:51 35:139 5:17 37:145 39:153 32:126 30:118 20:80 5:17 12:46 24:94 14:56 7:27 4:14 10:40 10:36 26:100 24:94 13:49 21:83 39:153 24:94 36:142 40:160 24:94 5:17 9:35 40:160 23:89 4:16 37:145 6:24 10:38 6:24 17:67 2:4 4:12 24:92 19:73 12:44 8:30 63:251 19:75 5:19 27:107 21:83 13:51 19:75 7:27 9:35 6:20 2:6 32:124 42:168 2:8 25:99 4:16 16:64 29:113 3:11 16:62 7:27 30:118 39:155 14:52 4:12 25:99 32:126 36:142 30:120 8:28 38:152 39:155 28:108 3:9 10:38 19:75 9:35 2:8 12:48 18:70 8:30 22:88 18:72 31:123 6:20 22:88 3:11 38:148 37:147 32:128 23:91 14:52 30:116 38:152 38:148 7:27 19:75 2:8 35:139 22:84 40:156 7:27 6:22 35:139 16:60 4:12 15:59 8:28 17:67 28:112 18:68 31:123 1:3 28:112 16:62 18:72 8:32 13:51 10:40 36:144 24:94 22:86 39:153 25:97 18:68 28:112 3:11 21:81 36:144 6:22 40:160 31:121 19:73 29:115 20:78 37:145 5:19 40:156 41:161 2:6 30:120 14:56 5:19 29:113 12:48 34:134 8:30 43:169 28:108 24:96 12:48 6:20 2:4 29:113 36:140 7:27 4:14 24:94 33:129 33:129 14:56 28:112 30:120 12:48 36:142 35:137 33:129 14:56 22:84 35:137 35:137 4:14 32:128 31:121 7:25 36:140 4:12 6:24 20:78 9:33 4:16 31:121 15:59 40:156 2:6 30:116 34:134 13:49 8:28 34:132 8:30 30:118 25:99 5:19 23:89 30:120 2:8 12:44 40:158 8:32 16:60 26:102 40:158 6:24 6:22 7:25 32:128 7:25 38:148 6:24 26:102 10:40 29:115 37:147 34:132 6:20 39:153 15:57 38:148 7:27 28:112 37:147 6:20 6:20 19:73 20:78 37:145 23:91 26:100 7:25 21:83 20:80 7:25 34:136 10:40 4:12 33:129 30:118 16:60 36:142 18:70 20:80 30:116 34:136 20:78 11:41 35:137 9:33 8:28 2:6 4:16 33:129 16:64 32:126 49:193 18:72 8:32 18:72 21:83 1:3 36:140 6:20 4:14 6:20 31:123 21:81 21:81 17:65 11:41 24:96 55:217 9:33 24:94 4:14 4:16 31:121 40:156 48:188 7:27 4:14 15:57 15:59 21:83 16:64 19:75 12:44 22:84 31:121 6:22 13:51 27:107 14:52 26:100 25:99 26:102 27:107 18:72 36:142 10:38 12:48 31:123 5:17 15:59 4:12 18:72 9:35 28:108 1:3 13:51 31:121 34:136 24:96 19:75 8:28 42:168 8:28 20:76 23:91 16:60 25:99 18:68 15:57 28:112 22:88 1:3 9:35 30:118 26:100 14:52 35:137 14:54 31:123 31:123 4:12 5:19 34:132 34:134 2:4 26:104 12:46 17:65 10:38 23:91 12:44 27:105 33:129 14:52 19:75 28:108 22:84 36:142 38:148 24:96 32:124 20:80 40:160 24:96 40:156 20:76 2:4 11:43 4:12 6:24 11:43 4:16 24:92 9:33 26:102 19:73 16:62 36:140 20:80 4:14 33:131 30:116 15:59 4:16 0:0 31:121 38:152 13:51 22:88 12:46 5:17 16:60 32:126 22:88 18:70 9:33 11:43 8:32 8:30 40:158 9:33 24:94 7:27 11:43 18:68 2:6 18:72 15:57 30:118 35:139 6:24 8:32 10:40 6:24 28:108 18:72 48:188 28:112 22:84 8:30 26:104 30:120 32:126 21:83 28:108 20:76 32:124 8:28 5:17 38:148 22:84 16:62 2:8 16:64 13:49 32:128 29:113 1:1 6:22 5:19 4:12 39:153 20:80 26:102 11:43 40:158 4:14 42:168 10:40 6:22 36:144 33:129 46:180 1:3 32:124 14:56 33:129 15:59 25:99 28:112 42:164 20:76 10:38 33:129 3:11 30:120 6:24 6:20 2:4 37:145 11:41 3:9 33:131 2:4 7:27 12:46 30:116 39:155 26:104 37:147 9:33 7:27 23:89 24:92 28:108 14:54 38:148 2:6 35:137 30:116 6:20 8:30 7:25 40:158 7:25 4:16 49:193 36:140 13:51 33:131 ; 
L 2 -29 -23 15 20 -28 7 -13 15 -20 -29 10 -25 -50 -23 -25 21 48 29 -1 -49 23 1 21 49 16 44 -27 8 -50 -26 32 3 -11 36 -19 42 -9 -35 -47 -41 33 -18 39 -33 -25 13 24 -46 50 32 -50 -35 -1 -7 -24 47 17 41 38 -10 -15 -42 5 23 -22 40 -13 31 30 27 -19 -1 47 5 -8 7 31 16 25 23 -22 37 -24 -4 9 31 -34 30 -50 -42 47 -37 -42 -17 -26 43 19 -24 12 42 -9 7 2 -49 38 28 4 -1 -39 -44 38 12 -41 -3 28 -38 15 12 21 -39 -29 -18 4 -47 -35 -27 30 21 -36 36 4 -9 -40 -48 13 43 -25 38 25 -48 -35 -31 -1 -21 39 -12 45 -18 6 -8 -47 -2 -48 -28 32 -28 32 28 -45 36 42 -14 -13 -47 14 45 -44 1 31 38 6 50 -24 13 48 38 16 -27 45 -3 44 -3 -17 38 41 -7 25 -50 -15 21 6 -3 1 -6 -34 -40 -37 -49 -29 -31 44 2 -24 -19 11 49 1 1 23 33 31 -11 24 47 -27 38 30 -1 3 -1 40 -49 36 17 4 44 -34 -41 -36 9 -1 9 35 18 -7 22 40 2 13 7 5 47 44 21 -43 -15 11 -29 20 -48 7 47 -50 -40 43 12 14 10 -4 -49 -41 -7 -39 50 -20 -48 -40 -44 -37 40 8 -1 -3 7 -50 12 -5 8 13 -28 -38 -39 1 3 2 39 15 -4 34 43 -24 26 19 -26 -8 -38 -31 33 -26 1 -32 -1 -19 33 -39 7 -32 33 23 9 41 -46 -28 -37 18 -41 1 -33 13 -50 -23 8 30 30 45 14 8 18 -48 19 -47 -27 42 -38 6 39 -2 -49 9 20 -44 -45 4 -25 -16 -23 -41 -28 -38 27 -50 14 11 44 -40 18 -32 -16 -3 -25 44 -16 -43 -16 -2 -45 3 -14 30 -10 46 2 24 38 4 8 -41 6 -37 -50 -42 -38 4 31 -7 43 -43 -40 -29 -36 -39 34 14 8 20 42 -31 -10 8 26 14 -47 44 30 -9 -2 -32 -1 -13 15 21 -11 43 15 17 -16 35 -45 12 13 25 -31 -38 -32 -30 15 -36 -23 -8 11 45 -2 36 -31 11 -11 22 -29 31 40 -14 -47 20 26 -26 27 -9 12 -42 -6 -29 23 16 -14 9 47 -43 -10 17 -37 -43 21 9 -3 -40 38 -48 41 46 5 -42 29 20 -27 -27 2 40 -36 13 -24 37 -32 -11 -39 -3 -23 40 -47 -41 12 -24 -13 17 -15 37 -44 4 38 -4 ; 
77 76 38 87 57 2 78 61 65 79 62 97 11 92 36 51 97 12 48 5 85 66 69 14 93 57 42 86 40 78 51 73 90 18 92 86 56 51 57 12 24 93 22 30 37 40 34 54 66 86 58 9 10 47 18 6 26 41 42 34 86 17 89 89 43 53 73 68 55 11 2 1 65 95 76 26 62 99 77 97 7 55 53 38 100 24 39 26 38 59 54 6 9 60 78 94 5 57 59 71 55 21 35 18 99 17 15 92 30 58 90 39 93 61 8 32 74 66 51 64 52 47 41 61 93 100 84 48 66 98 84 58 58 2 73 36 84 61 2 84 20 31 55 77 21 44 85 90 56 66 17 3 30 94 49 70 82 41 14 84 72 17 47 15 5 19 7 76 22 24 2 64 8 60 5 34 52 14 47 52 19 44 5 41 80 76 32 9 42 67 28 37 87 4 99 85 57 17 20 15 63 95 55 71 37 63 18 78 92 98 35 16 13 73 34 36 36 5 41 13 47 80 78 54 58 47 46 58 61 42 41 30 59 40 9 24 8 35 72 86 32 60 48 60 83 50 83 86 62 63 44 59 46 43 31 10 9 20 41 41 58 22 26 42 43 67 84 98 51 89 6 54 1 5 66 22 72 22 10 23 69 51 17 32 62 91 84 66 61 10 7 74 12 84 75 50 100 92 49 66 78 17 78 89 43 7 3 48 71 14 50 21 69 23 71 29 19 13 3 96 30 85 74 42 86 37 67 80 99 61 20 61 23 23 24 42 54 94 55 7 98 11 64 31 76 92 92 59 36 81 9 25 56 22 71 54 61 37 30 40 96 17 56 63 54 47 26 71 59 35 17 6 64 63 68 45 86 51 69 39 76 96 26 26 26 94 86 58 94 82 89 78 23 47 84 29 23 63 61 89 30 60 62 69 20 19 98 44 50 36 71 54 28 100 98 68 85 42 10 19 48 10 75 37 41 85 82 80 47 20 28 90 22 95 87 75 24 85 77 97 42 48 94 23 65 97 79 81 83 97 25 79 20 71 53 10 66 41 23 36 11 74 2 19 96 12 9 35 31 26 20 69 40 64 14 33 58 98 38 90 97 35 62 54 92 90 74 84 4 60 93 26 6 56 69 86 88 4 5 12 90 ; 
L 2 -29 -23 15 20 -28 15 -36 -31 17 52 -37 -13 31 30 27 -1 47 5 -8 7 31 16 56 67 25 23 32 -13 54 55 -47 14 45 -44 1 31 6 50 -66 42 50 -47 39 -2 3 32 -11 43 -47 -9 14 21 -39 85 1 3 2 39 70 15 -4 34 43 -24 26 19 -29 20 8 -37 31 -8 5 -12 50 1 -8 -40 37 44 40 48 20 -29 -18 4 -47 -35 -27 30 21 -36 36 4 -9 35 -13 48 40 13 -28 -38 -39 -50 39 41 49 -68 4 -10 20 -44 -45 4 -25 -16 -23 -41 -28 81 -38 27 -50 14 11 44 -40 18 40 -50 46 -24 -13 25 44 -16 -43 -16 -2 -45 -14 -4 -75 -21 39 -29 -48 25 29 20 -27 -27 -9 -21 42 -12 23 50 25 -10 29 20 -15 13 -16 -23 29 6 -12 -38 27 -11 -13 17 -15 37 73 3 40 -49 36 4 44 48 16 -27 45 -3 44 -3 -17 38 41 -7 25 -50 -15 34 14 35 -45 -40 38 -48 41 5 9 -27 26 10 33 -39 -26 3 -11 36 -19 -9 -47 -41 33 -18 50 -8 27 -44 -16 -49 -21 -1 -23 49 -53 1 -57 45 -18 6 -8 -47 -2 33 62 84 31 -11 24 47 -47 44 30 -9 -7 39 -33 19 1 32 -1 26 -33 -26 -20 -63 -79 -71 -11 8 23 38 46 -36 45 48 -25 -78 25 -43 -28 -32 28 -32 28 48 42 37 22 -23 -5 42 15 10 -38 -41 -17 -47 24 1 35 -51 50 -32 39 36 47 14 -40 -31 29 -22 -11 31 -36 2 -45 29 40 43 25 -82 3 32 1 -30 3 2 -50 21 6 -3 -6 -34 -40 -37 -31 44 2 60 -24 -19 11 49 1 1 23 4 24 -37 22 -15 -43 11 -21 -15 13 8 18 -48 -21 -44 -47 -5 -7 -13 -2 2 -49 38 -32 -30 -12 -15 38 -28 3 41 -38 44 39 1 -4 -28 38 31 -74 -25 -13 43 -40 -30 34 -31 24 -13 -40 -47 -7 48 -76 10 -30 -44 1 59 -12 41 47 -40 23 -49 9 -61 16 -17 33 23 9 41 58 -46 -28 -37 18 -41 72 1 -33 13 -50 -23 8 30 30 14 1 32 2 14 -42 12 14 80 8 20 2 24 38 69 4 8 -41 6 64 -37 -50 -42 -38 4 31 -7 43 14 24 -26 43 19 12 42 -9 7 -40 -22 7 -18 -9 1 -9 36 41 -13 24 -6 38 -42 43 -15 -77 -26 -8 10 -65 31 43 19 83 -47 -27 38 -4 ; 
31:123 31:121 16:60 35:139 23:91 1:3 40:160 32:128 9:33 16:62 30:118 38:152 29:115 22:88 5:17 1:3 11:43 38:152 31:121 11:41 25:99 40:158 31:123 8:30 19:73 38:150 3:11 32:128 4:12 2:8 31:121 28:110 8:30 3:11 31:121 9:35 10:38 8:30 4:12 28:112 28:110 22:86 21:83 25:97 38:150 34:134 22:88 35:139 25:97 17:65 27:105 4:16 22:84 21:83 14:56 34:134 25:99 37:145 34:134 37:145 8:28 25:97 4:16 3:11 30:118 5:19 34:134 21:83 26:100 18:72 9:35 3:11 1:3 4:16 9:35 29:115 13:49 1:1 22:86 3:9 36:142 21:81 40:156 34:134 16:62 17:65 25:97 38:148 40:160 34:134 20:76 27:105 40:156 34:134 24:92 24:92 23:91 3:11 15:57 30:116 9:33 28:110 21:81 7:27 37:147 18:68 20:78 9:35 17:65 24:96 17:65 34:132 5:17 26:102 13:49 31:121 37:147 37:147 24:94 15:57 20:76 24:96 4:14 10:40 23:89 9:35 29:113 22:86 25:97 17:67 7:27 35:137 27:105 22:86 14:54 16:60 23:89 26:100 22:86 19:75 11:41 37:145 14:52 26:100 11:43 18:70 2:4 20:76 28:108 10:40 26:102 6:22 14:52 50:198 8:30 8:30 39:155 29:115 15:57 37:147 5:17 39:155 25:99 32:126 26:104 15:59 29:113 8:32 32:126 19:75 7:27 15:57 8:32 58:230 23:89 28:110 35:137 38:148 8:32 27:105 32:124 22:86 32:126 19:73 6:22 17:65 19:75 21:83 8:30 18:70 2:8 17:65 32:128 31:121 13:51 4:14 17:67 27:107 10:38 19:75 42:166 4:16 4:16 4:14 14:56 13:49 13:51 16:62 33:129 32:126 30:120 9:35 15:59 7:27 32:128 8:28 37:147 35:137 12:46 20:80 10:38 38:148 9:35 26:102 32:124 16:64 35:137 17:67 23:91 38:148 6:22 28:110 27:105 38:150 40:156 32:124 39:155 23:89 27:105 7:27 2:4 12:48 16:62 39:155 22:86 8:30 6:20 30:116 14:54 23:91 28:110 8:32 8:30 56:224 2:4 3:11 18:68 36:142 32:124 7:27 32:124 27:105 28:108 26:104 27:105 39:153 19:75 20:78 12:44 8:32 48:188 50:200 14:52 29:115 20:76 8:32 35:137 6:22 25:97 58:230 6:22 17:65 33:131 28:112 20:78 28:108 24:96 17:67 22:84 18:68 36:142 36:142 7:27 35:137 14:54 17:67 17:65 11:41 0:0 19:75 35:139 9:33 4:14 19:73 32:124 31:121 38:150 20:76 17:67 39:155 31:123 38:152 30:120 35:139 38:152 9:35 40:156 33:131 38:150 20:80 23:89 28:110 23:91 2:4 17:65 4:14 12:48 33:131 22:84 15:59 35:139 7:25 34:136 23:91 7:27 9:35 38:152 22:88 6:22 33:129 15:59 26:100 8:28 32:124 37:147 40:156 2:4 40:160 16:60 22:84 8:32 40:156 40:160 12:44 22:86 29:113 17:65 40:158 25:97 20:76 34:132 24:96 20:76 24:96 13:51 35:137 2:6 40:158 7:27 16:62 34:136 45:179 21:81 27:105 30:118 13:51 4:12 35:137 16:62 36:144 24:92 12:48 37:147 7:27 15:59 30:116 21:83 4:16 4:14 28:112 19:75 16:60 11:41 16:64 39:155 24:94 24:94 19:73 24:94 5:17 27:107 7:27 4:12 16:62 67:265 2:4 38:148 24:96 2:6 34:134 18:72 3:11 25:99 8:30 34:136 38:150 6:22 20:80 9:33 15:59 13:51 10:36 29:113 12:46 8:30 28:108 16:60 2:4 39:153 12:48 34:136 30:118 17:67 35:137 18:68 30:120 20:80 18:70 6:20 19:75 17:65 8:32 7:27 7:27 12:46 6:24 26:100 28:108 14:52 21:83 35:137 21:81 28:110 30:118 33:129 31:121 39:153 11:41 11:41 11:41 38:150 35:137 23:89 24:96 42:168 2:8 23:91 24:94 22:88 9:33 14:56 35:137 14:56 4:12 10:38 15:59 24:94 12:48 17:65 17:67 18:72 2:8 27:105 17:67 10:38 6:20 38:152 16:62 9:33 12:48 36:142 18:68 14:52 8:28 9:35 0:0 38:150 10:36 15:59 5:19 36:144 ; 
L -4 49 -26 13 44 11 42 -12 45 10 -30 -8 39 47 21 28 -36 11 18 40 -22 45 -18 -6 -13 -8 -46 30 -34 -5 -45 7 2 -49 -16 30 36 -22 34 -5 -2 -41 -18 37 -32 20 -6 -26 -30 -11 -4 48 -42 -6 13 1 26 -29 33 35 28 32 29 5 50 -50 25 43 39 4 -4 10 -40 44 -22 13 -39 -41 33 -40 49 -25 -28 -5 -43 -29 -49 -14 -44 2 -21 -27 -4 -39 -22 -26 48 -20 2 22 10 8 -27 38 -20 12 23 29 -31 17 -29 12 -15 36 4 1 -17 -4 -45 31 -2 27 -31 -32 42 -46 -27 -6 27 -21 -11 -11 -2 -8 15 -19 28 31 17 -34 18 -3 -13 -18 -1 26 -3 -1 -17 -36 26 -43 12 48 -22 -17 19 -34 -31 -16 -14 40 7 35 8 -36 26 -39 33 -38 -6 -41 -33 35 -48 -50 5 14 22 -45 26 22 -44 49 46 -34 -26 -27 23 -25 47 9 -11 48 1 -4 25 -47 -7 36 -45 -27 33 15 1 -9 -9 -19 -48 -45 -11 43 -34 -4 37 -23 -39 28 -25 -49 -39 -1 18 1 6 16 10 -7 -21 -15 -45 6 32 -27 -17 31 41 -4 -28 -38 8 19 12 26 50 -2 -6 -31 46 24 -28 14 16 29 48 33 22 -7 4 -34 -27 -33 -25 44 7 -8 -39 32 11 -9 -43 -30 -45 -44 -28 -18 31 -4 34 1 48 -31 -16 -38 -38 -21 -30 -33 29 -23 -18 38 45 28 20 22 44 -9 3 42 -13 -17 13 -15 -24 -20 23 -46 -26 43 48 -4 40 -39 -12 25 -25 18 18 28 -10 31 39 -9 45 -11 -29 31 -36 18 -46 21 37 43 -15 -6 -16 30 -4 -23 44 -35 11 -32 -9 -23 -13 -16 -30 -14 29 -43 -9 -44 50 -2 47 2 -34 -35 3 5 -30 18 -44 -39 5 40 5 -29 -23 25 -50 50 -7 -15 -38 -12 -45 -44 38 44 -45 11 47 47 47 13 44 -13 10 -9 -35 29 -31 43 11 -2 16 -6 -31 9 -45 24 47 -47 -10 29 12 47 -22 -47 -43 38 -15 9 -43 -3 38 -45 -4 -42 22 -46 -14 31 -42 6 -8 19 -28 45 28 41 -7 36 -23 42 17 -18 -16 2 -48 -6 -12 47 -36 -10 -13 15 -42 15 4 12 25 13 -7 50 -27 -49 11 -26 44 -7 -2 37 -17 47 35 -19 -35 32 10 4 46 22 -3 -41 41 -19 -39 44 5 49 -12 24 -3 47 -46 10 27 2 -27 3 8 32 12 -5 24 -24 ; 
38 94 100 16 17 58 25 6 30 55 68 22 86 20 31 92 43 25 47 10 43 14 31 51 38 28 66 71 14 27 73 47 17 75 96 12 37 21 75 77 13 72 82 76 45 20 2 95 34 100 82 99 24 99 73 74 66 100 5 78 51 24 16 55 51 68 86 22 16 6 15 18 22 4 67 91 62 69 33 51 52 78 40 89 22 30 14 62 19 36 65 25 51 8 19 20 55 45 45 46 63 59 64 75 28 74 21 73 31 88 14 56 39 45 26 25 67 30 42 3 80 39 79 27 2 72 32 74 72 65 77 9 36 34 33 61 88 7 92 27 27 91 19 95 14 17 62 33 67 59 32 68 98 89 27 27 87 70 70 27 28 27 77 74 15 53 90 84 19 43 35 19 71 84 57 68 13 1 32 69 81 18 86 90 49 89 97 23 55 89 72 89 13 21 94 65 19 40 14 65 77 48 29 57 13 30 28 95 85 2 60 36 90 80 76 13 12 18 3 30 9 62 31 93 31 22 34 98 25 74 59 48 24 10 68 90 84 93 15 40 39 83 2 4 93 9 53 52 96 18 59 23 41 18 26 80 7 92 68 37 12 78 91 66 70 60 56 89 31 20 43 71 11 34 79 54 37 39 42 13 40 57 83 11 21 43 63 84 94 97 84 13 48 66 21 97 58 16 83 56 32 71 31 85 5 42 98 80 67 68 62 74 22 27 92 5 25 51 94 63 27 47 22 88 4 49 95 26 75 15 41 51 39 64 70 23 81 34 11 68 42 54 98 75 57 5 77 23 33 14 69 68 86 30 93 56 38 96 78 64 97 73 20 78 5 77 46 87 27 58 61 34 43 21 75 96 78 55 10 81 63 89 12 24 67 10 60 39 20 30 31 30 14 53 34 24 56 26 11 100 88 83 80 84 26 45 62 34 39 66 62 41 26 83 16 34 30 100 22 39 80 59 75 87 48 43 81 58 95 71 41 47 64 61 56 7 99 60 68 47 6 69 61 17 63 99 17 95 6 13 57 85 47 85 41 55 64 80 58 98 35 58 79 46 65 69 97 94 58 53 63 40 50 24 67 99 61 31 63 57 66 92 32 94 13 33 80 4 56 45 41 10 77 52 8 74 67 92 53 63 78 ; 
L -4 49 73 -26 13 44 42 19 -50 85 5 -12 45 10 -30 79 -8 39 47 21 28 -33 27 45 -82 -36 7 47 -25 -68 4 -1 11 -32 15 -12 29 -17 39 -40 4 -48 -43 46 46 31 -36 43 11 -2 16 -6 -31 33 27 34 19 -34 -31 -16 58 26 42 -63 38 3 8 32 11 21 -27 6 27 46 -14 29 -43 -9 -44 50 -2 47 -34 -35 3 5 -30 18 -44 -39 5 40 5 -29 44 -35 -48 11 -9 -47 25 -23 27 26 34 -46 -57 -49 44 -22 -42 6 -8 19 -28 52 45 28 41 -7 36 -23 42 17 64 -18 -16 -48 -6 -12 19 -49 -16 30 36 -22 34 -5 -2 -41 -18 37 -32 20 -48 12 31 -29 -23 -12 20 -38 27 -8 -10 -22 30 20 -6 80 -26 2 -10 -84 -32 19 -35 -47 17 -37 28 44 30 43 4 -38 3 43 -9 15 -38 -12 27 -2 -27 -10 46 -47 3 -43 -5 60 -1 -13 6 5 28 4 27 21 44 -59 14 25 -49 -33 41 39 -13 22 40 -10 -4 -24 49 29 5 50 -50 25 43 39 31 6 -50 -26 -12 -23 25 54 47 -36 -10 -13 15 -42 15 4 12 25 13 -7 50 29 12 47 -22 -47 46 24 -28 -27 -49 -26 44 -7 -17 -62 23 4 -30 5 31 43 -15 9 -32 39 27 -31 -32 42 -45 -31 -7 45 34 -30 46 8 13 6 18 -45 22 -40 -18 -11 36 15 1 -9 -9 -48 71 74 -45 -11 43 -25 44 7 -8 -37 -21 -67 46 31 -29 35 9 -10 10 47 -47 -23 24 38 -33 39 -26 -72 -32 -56 -28 -35 -30 76 9 -45 75 24 29 11 -45 -29 13 -14 40 7 35 8 -36 23 18 28 -10 15 -13 17 13 -42 -3 9 -55 -44 -22 -20 -28 -45 -38 18 -83 -44 39 14 22 -18 -1 26 -3 -1 -17 -36 26 12 -22 -17 -4 7 -22 -33 -48 -29 -66 -16 -14 -34 -4 37 78 -39 -25 -49 -39 -1 18 1 6 16 10 -7 -21 -45 6 32 -2 -18 -4 34 1 48 -31 -16 -38 -11 -2 -8 -19 77 70 28 31 17 18 -3 -13 13 -44 -13 -47 -47 -11 -38 44 45 12 38 7 -50 50 -8 38 49 -12 81 53 28 4 -41 2 -31 45 -69 4 17 -1 25 -25 18 -6 -16 23 -29 33 30 21 9 -11 36 4 65 -48 4 11 4 46 51 22 -3 -41 41 48 -35 33 41 6 31 39 -9 22 -14 2 -22 -26 -42 -43 -29 24 61 ; 
16:60 38:150 6:24 35:139 7:25 7:27 1:1 20:78 16:62 4:16 12:48 1:3 12:48 22:88 28:108 26:104 16:62 35:137 8:32 13:49 37:147 38:148 12:46 20:76 23:91 38:150 26:104 6:22 16:64 7:27 34:136 26:104 52:208 30:120 19:75 16:62 23:89 6:22 29:113 11:43 9:35 30:118 25:99 22:88 33:129 25:99 30:120 12:48 23:89 11:41 5:17 40:160 36:140 33:129 32:124 5:19 16:62 28:112 28:112 11:43 38:148 36:144 46:180 26:102 7:25 12:48 4:12 30:118 10:36 31:123 26:104 29:115 30:118 13:51 14:56 28:110 28:108 35:137 12:48 38:148 23:89 16:60 46:184 26:102 39:155 30:116 8:32 32:124 2:8 31:123 19:73 35:139 11:43 24:92 9:33 22:86 25:99 9:33 6:20 36:142 29:115 36:142 22:88 10:36 39:155 36:142 18:70 4:16 36:144 35:137 25:99 24:92 38:152 29:113 17:65 1:1 32:128 26:102 25:97 23:89 3:11 40:158 24:96 28:108 28:112 32:124 3:9 33:129 7:27 26:100 22:84 11:43 39:153 5:19 15:59 9:33 30:120 31:123 6:20 29:115 33:131 31:121 18:72 8:32 0:0 12:44 44:174 13:49 30:116 9:33 30:118 12:44 30:120 26:102 24:94 26:100 13:49 17:65 19:75 7:25 38:152 16:60 14:56 6:22 37:145 23:89 22:84 24:92 38:150 39:155 27:105 32:126 7:25 29:113 17:65 10:40 9:35 40:160 12:48 14:54 7:25 55:219 30:116 31:123 4:16 17:65 18:72 23:89 2:6 19:73 16:60 39:155 37:145 30:118 30:116 23:91 36:142 32:128 21:81 10:40 25:99 7:25 39:153 16:64 32:124 18:72 14:52 28:110 25:99 37:145 22:88 9:35 5:17 26:102 31:121 11:43 22:88 21:81 28:108 35:137 9:35 7:25 37:147 21:83 3:9 38:148 2:6 28:108 14:54 35:137 35:139 7:27 38:152 3:9 6:20 23:91 34:136 19:75 34:136 17:65 22:88 26:102 32:128 24:92 16:62 27:105 25:99 17:65 3:9 8:28 24:94 12:48 40:156 1:1 32:126 19:73 24:94 30:120 17:65 28:108 5:17 6:24 18:68 30:120 28:112 9:35 30:118 36:142 6:22 32:126 11:43 1:3 36:142 22:88 15:57 19:75 2:4 6:22 29:113 27:105 12:44 16:60 21:81 13:49 6:22 18:68 4:16 19:75 10:40 3:11 6:20 12:48 12:44 16:64 16:64 1:3 5:19 24:96 15:57 27:105 27:105 28:112 24:96 24:92 16:62 14:56 14:52 16:64 14:54 22:84 6:22 12:48 8:30 25:99 18:72 12:44 56:220 14:56 18:68 8:30 34:134 10:36 2:6 26:102 34:136 21:81 6:24 19:75 33:129 32:128 34:132 13:49 10:40 38:152 20:78 9:33 11:41 22:88 11:43 31:123 30:118 6:24 22:84 22:84 15:59 26:100 11:43 15:59 34:136 13:49 29:113 13:51 23:89 34:132 38:150 36:142 24:92 39:155 9:33 27:105 20:76 6:20 34:132 9:35 37:147 9:35 13:51 24:92 6:22 7:27 25:99 14:52 27:107 24:94 13:51 54:212 29:115 11:43 34:136 28:108 37:147 3:11 32:128 11:41 23:91 9:35 17:65 36:142 32:128 31:121 36:144 27:107 5:17 12:48 4:14 25:99 13:49 38:148 13:49 9:35 14:54 40:156 10:40 40:160 20:76 10:38 11:43 23:91 12:48 17:67 6:20 16:64 23:91 34:132 5:17 10:36 15:57 14:54 8:30 26:100 5:17 33:131 3:11 37:147 20:76 37:145 8:30 32:128 12:48 8:32 36:140 4:16 27:107 13:49 26:100 33:129 4:16 22:88 25:99 30:120 9:33 17:65 16:62 9:35 6:20 24:92 36:140 18:72 6:24 38:148 39:153 32:128 2:4 4:14 28:110 12:48 27:107 4:14 10:40 21:81 26:100 33:129 14:56 39:155 38:150 34:134 26:100 26:104 8:32 5:19 11:41 10:38 28:110 40:158 33:131 42:166 27:107 8:28 38:150 25:97 13:49 26:100 35:137 23:91 34:134 29:113 8:30 6:24 9:35 36:140 18:72 29:113 10:38 47:185 8:32 14:54 26:102 12:48 2:8 15:59 22:88 ; 
L -40 4 -3 -14 8 18 47 9 -12 -22 37 -19 -5 -6 43 -47 6 33 22 -43 22 -16 -31 -35 20 -8 -8 41 -48 -28 44 9 19 -35 18 -46 -15 -32 34 -50 -27 33 -42 26 32 20 12 -22 41 30 -39 10 11 30 17 24 44 -40 25 39 18 18 -50 -9 -48 -36 -22 15 50 38 -28 -38 -5 -48 39 13 43 49 -1 34 -4 -22 19 3 10 38 -49 -13 -37 43 -8 -19 10 -16 -13 23 -47 -3 16 29 21 39 -48 -42 -47 -12 13 31 27 8 6 -5 25 43 18 -20 39 33 12 -42 17 3 22 24 3 29 -46 44 -42 42 -50 20 -37 -15 14 -34 16 26 -5 48 43 -43 11 37 22 7 -11 15 23 38 37 -12 34 4 11 -23 -36 -17 3 14 16 21 40 -6 7 -9 -32 -7 41 4 37 -8 14 -28 3 -3 -3 -32 42 -41 -40 28 16 50 30 47 50 -44 -48 32 3 17 23 22 45 48 -7 -49 16 -47 -39 -50 45 35 -41 -35 -16 17 -16 27 -28 20 23 -11 -37 45 -35 6 -43 -8 3 37 10 -14 26 -17 -26 -2 -30 43 45 -34 -19 -17 22 8 -30 -38 10 33 -27 -38 -3 13 -33 -34 -5 30 16 3 -33 45 28 -45 -7 -28 -33 -33 34 -35 -18 6 -12 50 -37 15 -32 25 -13 -46 32 32 6 11 43 -27 30 -25 -7 49 30 -23 36 -10 -3 42 -36 -12 -2 -46 29 37 23 -27 40 48 -42 9 6 -7 10 39 -22 47 35 24 -40 6 -30 -41 4 -23 12 19 -6 47 -3 15 45 46 -25 35 -11 41 50 9 16 40 25 1 -50 20 3 20 -14 17 25 10 -37 2 -42 -15 -29 18 -24 38 -40 -3 -2 -47 18 -37 46 -3 -41 -34 -21 -29 2 -14 37 -34 31 11 5 36 -5 -42 -11 32 -2 22 -1 -36 -31 37 17 29 -23 -11 12 10 46 -21 44 -40 -3 -23 32 -38 17 12 23 -35 13 -42 26 -45 -13 46 -10 -14 -29 -7 -9 48 -15 13 30 37 39 -13 25 4 -34 20 8 9 -31 -25 6 -37 -13 4 23 31 -25 -43 1 -43 -18 31 28 27 -43 -39 3 -35 -20 -49 48 -28 23 8 -6 46 30 -3 45 -3 -50 -47 33 -43 21 -22 44 -50 -36 -38 -44 42 -1 -34 -18 42 47 50 -27 27 19 27 36 -44 36 29 -32 17 11 49 22 45 -23 14 36 -36 28 -45 20 10 22 -19 -35 -19 -9 -33 -46 -27 -46 -47 ; 
37 39 98 50 89 81 95 68 32 42 99 87 85 84 74 78 14 85 6 58 47 39 57 6 71 63 93 65 12 57 79 22 35 22 64 48 53 50 44 43 59 85 89 54 42 86 90 15 20 25 15 10 51 74 65 36 90 71 78 43 78 87 31 15 46 70 37 24 92 6 46 2 87 69 40 14 22 49 12 30 42 4 51 51 35 94 92 39 56 69 34 96 22 81 62 47 88 65 99 8 92 2 13 91 21 53 17 61 28 8 18 90 62 27 74 70 42 28 56 45 52 20 44 56 44 84 33 81 63 40 66 59 18 64 76 84 49 63 96 26 7 44 58 78 60 69 38 5 54 5 47 27 2 19 39 28 90 2 77 6 9 8 74 87 76 83 95 38 89 43 97 99 93 60 5 86 59 17 57 6 51 1 87 59 38 57 8 84 27 8 59 9 28 28 37 57 68 26 11 6 57 35 71 28 2 31 38 32 86 15 92 32 88 62 41 61 97 41 11 77 99 79 22 73 83 39 88 23 62 10 48 46 1 12 23 7 14 98 96 5 62 62 11 15 97 44 63 75 67 28 45 99 51 30 50 69 29 80 99 10 63 43 32 16 74 65 81 7 80 45 8 92 3 5 49 82 26 63 71 18 14 45 72 69 20 4 40 74 91 51 24 35 53 51 56 61 60 12 63 72 91 41 75 49 91 66 33 87 37 61 75 1 51 85 25 85 35 96 52 63 48 42 24 43 8 61 73 30 51 27 17 29 53 21 5 12 7 99 6 8 71 31 56 17 22 20 28 60 85 80 29 49 67 97 97 54 73 82 72 35 21 45 69 22 51 61 23 39 45 5 35 34 87 72 1 20 40 97 60 38 52 55 47 51 35 60 69 68 85 39 31 86 39 82 77 87 25 40 57 49 6 85 61 74 85 12 89 60 38 86 72 84 29 67 50 56 76 52 30 33 20 47 12 12 38 39 85 43 100 41 65 10 67 20 72 48 90 12 33 19 75 9 42 50 17 75 45 6 32 59 76 37 9 44 61 22 20 66 39 22 33 63 37 73 10 74 61 75 97 74 99 30 32 55 27 19 50 77 99 55 85 2 77 71 11 10 15 40 49 22 97 12 14 19 8 47 92 39 69 53 99 ; 
L 28 -14 -37 -4 -41 7 32 9 -7 -73 6 -70 -40 -16 -14 -3 17 36 23 -11 61 -37 -15 14 -34 16 26 -7 13 -26 42 -33 27 50 32 15 -75 46 -18 43 -22 -33 -6 47 -43 6 5 19 -37 22 6 -79 11 -42 -13 -39 48 38 28 -38 -34 20 8 9 -31 -25 69 44 -40 80 -3 32 -38 -41 8 8 -21 43 -35 -46 81 10 -16 -13 23 -47 -3 16 21 39 -48 -47 -12 13 5 -6 -8 -3 15 45 46 -25 35 -11 41 50 9 16 68 -36 18 -50 -9 -48 -10 11 -29 37 22 7 -11 15 23 38 32 11 43 31 -24 -22 -3 -17 -66 37 -12 34 4 -20 50 -42 42 -44 -83 46 -72 -29 -3 -8 -23 28 -48 -67 -3 -16 -30 -7 -28 -33 -33 -20 -3 -47 22 -17 -37 31 26 -45 -45 20 10 19 8 -43 37 13 49 -38 -10 33 26 17 -26 -71 -10 -37 -3 8 43 -6 35 -45 37 11 -23 -20 -52 -36 -22 50 -4 -20 36 28 -60 38 -18 -39 -25 40 38 -62 27 -33 -10 38 30 -8 -22 19 -63 34 -45 -43 30 2 -16 -28 40 41 -42 32 3 3 -3 -40 4 -3 -14 18 47 9 -14 25 10 15 42 -2 37 -29 18 -24 -36 36 29 -32 17 11 27 49 22 45 -23 14 21 34 41 3 -46 37 -78 -18 -85 47 2 3 40 44 -36 19 -22 27 84 76 -35 -19 -9 -33 22 -31 -35 -29 2 50 39 47 -16 49 -48 -40 27 -23 -37 -18 -29 46 2 -51 -3 -19 22 4 -34 1 -49 -43 -57 36 1 49 20 35 -3 39 43 -27 -28 -31 18 -1 43 -7 49 30 -23 36 -10 -3 42 -36 -12 50 30 47 50 -44 -48 32 3 23 22 45 48 -5 48 43 -43 11 12 47 50 3 -45 -65 3 -30 -46 12 19 -6 47 -31 25 43 18 -20 39 25 -31 -4 13 37 -6 64 -33 34 -35 -12 74 -37 58 54 -32 25 32 20 56 12 -22 41 30 -39 10 11 30 17 24 44 -3 -34 45 -28 -45 -22 2 -32 11 42 5 -36 -5 -32 46 77 -48 -28 44 -15 9 19 21 -46 28 -27 16 -17 35 41 -35 -45 55 -14 37 -34 -27 30 -25 12 23 -35 42 -12 -33 -17 -40 -82 -39 -10 -6 -20 50 -1 -25 30 37 53 39 -13 25 44 -50 23 -4 41 30 -6 40 -24 -35 42 -13 15 -48 9 7 14 10 -46 13 -44 42 -1 -34 -18 47 50 27 19 59 -47 ; 
12:46 24:96 5:17 39:155 18:68 36:142 16:60 38:152 34:132 18:68 27:105 39:153 2:8 30:116 4:14 3:9 31:123 1:3 36:144 12:44 8:28 32:124 26:102 31:121 34:134 20:78 26:100 26:104 12:48 16:64 22:86 36:142 34:136 24:94 19:73 20:80 38:152 10:40 20:76 17:65 24:92 3:9 34:136 6:22 32:124 30:118 34:134 34:136 35:139 40:158 5:17 20:76 9:35 61:243 7:25 6:22 16:64 13:51 1:3 19:73 2:8 23:89 31:121 21:83 12:48 14:52 8:32 20:76 24:96 22:88 37:145 0:0 16:62 11:43 26:104 38:148 14:56 25:97 7:27 32:126 5:17 10:38 33:129 25:99 19:75 36:140 26:104 40:158 20:78 1:3 6:20 11:43 22:84 7:27 18:68 36:144 8:28 7:25 39:153 21:83 26:100 20:76 17:67 10:38 18:68 4:12 25:97 30:116 16:62 9:35 12:46 13:49 6:24 19:73 18:70 40:160 19:73 39:153 24:96 28:110 16:60 2:8 22:86 2:8 18:72 3:9 20:78 32:126 4:14 23:89 18:70 8:32 14:54 20:76 11:43 1:3 8:30 48:188 24:94 27:105 16:64 26:100 38:148 2:4 14:52 14:52 34:134 19:75 20:80 17:67 4:14 13:49 43:169 12:44 27:107 15:59 28:110 12:46 13:49 3:9 9:33 16:62 20:78 37:147 16:64 8:32 29:115 16:64 19:75 20:78 9:35 10:38 39:153 14:54 28:110 23:89 16:62 37:147 38:150 35:139 4:14 36:140 16:62 39:155 15:57 9:35 32:126 40:158 31:123 5:17 17:65 39:155 25:97 17:65 25:99 36:140 28:108 32:124 15:59 47:185 21:81 37:147 7:25 10:36 21:83 21:81 32:128 32:124 18:68 32:124 11:43 16:60 16:60 25:99 2:8 39:153 40:156 6:22 3:11 4:16 15:57 40:158 19:73 20:76 4:16 25:99 35:137 35:139 1:1 21:81 3:9 23:91 7:27 24:94 35:137 6:20 16:62 40:156 20:80 64:256 38:152 28:108 8:32 5:19 40:158 22:86 13:49 29:113 4:12 4:12 7:27 9:35 6:24 1:3 8:30 20:80 31:123 40:158 8:30 38:152 34:136 1:3 31:123 29:113 28:112 30:116 22:86 39:155 39:155 27:107 18:72 21:83 1:1 29:113 32:128 34:136 24:96 7:25 22:88 29:113 5:19 32:124 20:76 31:121 10:38 8:30 4:12 19:75 34:132 4:12 3:9 32:124 29:115 29:115 14:56 23:91 3:9 5:17 9:35 25:97 23:89 21:81 22:84 14:54 40:160 10:38 21:81 36:140 4:16 21:81 21:81 2:6 17:67 12:48 5:19 20:78 23:91 3:9 29:115 54:214 8:30 14:52 5:19 36:144 20:76 29:115 8:32 27:107 4:16 17:65 40:160 28:110 8:28 6:22 18:72 29:115 28:110 8:32 2:6 16:64 30:118 14:56 16:60 23:91 4:12 34:134 11:43 4:12 24:94 8:30 12:44 15:59 23:91 40:158 11:41 3:11 18:70 24:92 36:144 8:32 15:59 31:121 24:94 20:78 29:113 3:9 18:72 14:56 34:136 10:40 34:136 18:68 32:128 11:43 30:118 28:112 17:67 26:100 34:136 17:65 5:19 5:19 19:75 16:60 34:136 40:158 4:16 15:57 39:153 6:24 35:137 38:148 1:3 3:11 33:131 35:137 18:70 24:92 6:24 8:32 10:40 6:24 4:16 21:81 30:118 26:104 15:57 36:144 22:88 34:134 16:60 12:48 21:81 16:60 14:54 14:56 2:8 18:72 16:62 10:36 25:97 11:43 4:12 12:48 29:113 23:91 32:126 15:59 20:78 14:56 26:102 21:81 5:19 37:147 6:24 35:137 5:17 13:49 1:3 12:44 13:51 15:57 9:33 18:72 29:115 11:41 26:100 14:56 16:62 33:131 22:88 18:72 23:89 25:97 4:12 11:43 21:81 17:65 35:139 28:110 12:46 7:27 11:43 9:35 35:137 2:6 32:124 34:134 12:46 12:48 27:105 25:97 1:1 30:120 25:97 15:59 35:139 14:52 27:105 28:110 46:184 24:96 36:142 5:19 34:136 24:92 34:136 3:9 20:78 16:60 26:100 15:59 30:116 4:16 8:32 30:120 36:144 40:158 19:75 37:147 40:158 ; 
L -46 25 -13 42 -2 -50 43 -37 -33 15 -24 -32 4 47 25 -32 33 -11 28 -6 10 -3 -49 -19 14 -48 23 39 26 -2 41 -32 -1 -26 -6 6 41 11 -23 -32 -34 -38 41 -25 -42 32 47 -42 -47 -26 48 -34 47 18 -2 13 26 -9 45 -46 -18 -46 22 21 -13 1 20 -15 43 11 -46 -50 -36 31 -45 -34 4 28 22 31 8 -19 26 -10 -47 -30 -21 12 -25 31 41 15 -38 36 -17 -9 30 26 8 -49 -36 -13 8 46 4 38 -1 -13 11 10 -43 -11 45 22 -16 46 39 -12 -12 30 -48 -50 -32 -8 47 39 -10 30 -17 44 -50 13 32 -36 -10 -17 -35 19 -15 17 -50 -24 -22 -34 -29 34 22 -5 25 12 5 -7 -2 -31 -1 -17 -4 -9 -32 -18 45 28 -12 27 33 36 -6 -48 37 43 9 21 10 37 44 -33 2 7 46 2 -31 -7 -33 -49 -31 -30 -10 -4 8 -48 46 31 -43 16 7 48 37 -47 -11 49 2 -1 -4 21 -5 -47 -50 9 -36 4 -14 -23 31 14 6 -18 -31 -4 23 28 41 3 36 20 4 -25 -50 -1 -45 -48 36 -22 20 -16 28 -48 -38 16 -6 44 17 31 -39 37 7 45 -34 -7 1 -13 9 22 -20 -6 -3 -19 -31 -4 -46 17 40 -18 25 42 42 32 24 -24 -50 42 25 14 -25 26 6 -48 -45 -34 -2 35 -39 17 20 4 14 -37 -3 -40 -21 32 -45 16 4 29 -21 40 -4 -36 46 11 18 32 30 -9 -9 43 30 -37 -7 49 -33 41 -17 -24 24 -26 18 48 28 36 -44 49 -43 17 -25 -39 26 -14 -31 -43 25 21 -17 20 -10 16 -30 -39 31 15 8 5 5 -19 17 -6 -42 -14 10 -14 -18 29 -4 -38 31 42 -20 -36 -37 45 -33 15 -18 44 15 13 2 -50 -5 -28 32 -32 -4 -10 -33 -24 12 -15 10 -15 -47 -48 -16 -23 -13 -5 46 39 34 40 -29 -27 49 -48 18 32 7 48 18 5 -4 8 -18 -45 -44 -11 -24 -48 -40 18 37 -8 5 17 -18 6 -22 24 -44 -13 -39 5 36 -26 22 30 13 3 -24 -34 37 48 35 33 8 34 50 33 -6 20 -47 20 35 19 23 -21 9 5 38 3 13 41 -16 27 -14 42 -45 4 -29 -21 28 9 -17 -41 20 -10 3 39 -41 33 -4 49 -49 9 5 5 -9 7 6 -49 -32 36 22 -1 35 23 -7 -5 3 -28 23 15 -11 32 -39 -33 -31 -18 4 -18 ; 
48 50 85 8 15 46 89 4 25 32 86 13 34 17 90 18 96 93 94 71 49 93 33 12 15 67 9 73 21 30 84 76 51 12 8 78 62 55 5 37 15 70 54 81 63 2 32 89 57 29 11 56 78 20 57 79 3 16 66 43 70 32 59 6 54 50 34 91 43 44 51 19 19 99 62 35 66 63 68 97 40 52 7 21 1 66 70 80 100 49 40 23 24 80 68 61 84 25 29 3 92 82 81 58 17 32 47 45 37 75 48 50 39 23 89 23 87 76 80 83 50 28 28 5 35 78 2 28 28 87 6 32 63 99 8 10 13 80 74 18 8 52 12 91 92 34 47 35 89 47 59 33 22 27 17 30 39 13 38 81 69 57 17 9 35 57 59 70 82 51 38 50 3 75 3 78 77 8 12 43 50 91 73 23 12 90 59 68 4 75 74 85 53 89 17 80 30 16 81 68 34 3 97 48 1 43 56 98 76 29 85 80 98 34 69 60 43 10 34 71 37 85 75 15 56 11 2 17 5 12 38 3 10 52 94 91 81 92 18 68 91 84 30 17 64 76 73 82 55 17 89 76 1 75 61 85 61 47 91 40 86 23 99 71 12 87 68 97 47 83 17 4 45 86 54 35 4 98 32 67 38 43 94 30 56 20 2 72 8 98 82 58 93 70 10 73 26 67 41 83 30 31 10 61 47 30 26 14 92 12 96 79 58 86 66 31 87 50 14 39 56 83 69 34 47 20 38 28 72 59 67 59 57 92 48 11 53 88 94 6 28 92 87 59 43 7 92 61 44 29 68 58 59 48 89 40 90 48 54 7 80 7 72 25 32 55 54 64 6 95 52 51 59 14 71 93 42 10 69 45 2 55 11 21 65 79 42 81 97 16 99 7 63 97 33 83 6 79 8 41 74 29 6 59 77 52 58 59 75 27 10 7 45 31 25 53 59 59 20 99 90 69 25 34 1 90 15 46 44 95 53 91 30 3 34 29 70 16 94 21 63 6 21 57 67 5 77 48 55 65 36 51 20 22 97 70 74 63 63 35 17 82 57 43 67 37 19 64 25 50 48 51 80 63 56 46 48 88 61 86 37 50 35 27 26 79 9 83 43 21 69 24 38 10 40 99 99 39 12 2 44 ; 
L -46 25 -13 -2 -50 43 -37 -16 -23 -13 70 77 -5 46 39 34 40 -29 -27 49 -48 18 7 48 18 -12 -12 30 -39 17 20 4 75 83 14 10 -39 -47 8 32 50 48 -35 2 34 45 48 -26 25 -14 -42 50 -82 24 -24 -42 -42 -25 18 -40 -57 -17 46 -16 38 48 -28 16 -85 -20 22 -36 48 45 1 50 25 -4 -20 -36 -64 -3 -41 -28 -23 4 31 18 4 31 -66 19 3 6 20 -76 -22 -9 13 -1 7 34 -7 -37 39 -31 29 -4 -5 31 49 33 7 31 -2 -46 -7 -2 33 -44 -30 -43 9 9 -30 -32 7 -24 -48 -40 18 37 -8 5 46 18 -60 -5 -12 -25 -47 -50 9 53 -36 -13 -39 5 -39 -46 16 -22 -45 11 43 -30 9 17 -36 38 -15 -41 -31 16 -80 5 9 71 13 -9 45 34 24 -3 -13 69 30 -24 22 -10 -21 -9 -43 48 6 -36 9 5 -20 17 -21 -28 21 41 -39 -37 21 -5 5 -22 -34 29 34 22 24 50 -17 15 -19 35 39 25 -17 43 -49 44 -36 -79 -28 -48 36 -26 13 36 49 -8 -26 -41 -11 32 -33 -31 63 -18 68 -19 -35 -20 47 -20 6 -33 -54 -50 -52 -34 42 -32 42 25 -41 -56 38 34 32 23 -23 -55 48 -14 19 49 3 -10 6 -28 11 -33 32 18 -17 84 -34 28 22 31 8 -19 26 -10 -47 78 8 46 4 38 24 -13 50 32 -32 74 -1 -26 -6 6 41 39 26 41 -32 65 1 20 73 43 11 -46 -50 -36 31 -45 -2 -5 -9 -49 -12 27 33 27 -47 -26 -34 47 18 22 21 -17 19 -5 -8 -15 -31 -13 -30 -21 12 -25 21 -3 -20 11 10 17 -9 50 -2 -13 -15 -44 18 -15 -45 36 20 -42 -31 -40 -21 32 -45 16 4 29 -21 -4 -36 46 11 18 7 6 11 45 18 -8 4 37 -4 -28 30 -17 44 -48 -33 58 -49 -32 22 -1 35 23 15 -24 51 -32 -4 -10 -33 12 -15 -4 -67 -44 4 35 8 -14 42 -45 3 -33 -17 6 -6 -14 23 14 -48 -28 23 15 -61 -25 72 10 -15 -47 28 5 -81 -25 43 31 -23 1 -59 -2 -49 11 47 -37 -48 -7 -16 43 -31 -46 48 -8 4 10 30 -18 -62 26 32 -36 -17 -14 -37 -7 49 -33 41 -17 -24 -1 -13 -4 -46 -7 -2 -31 -1 -4 -9 -32 -18 45 -3 38 4 -29 18 14 -10 14 42 6 39 30 -16 38 3 13 41 -6 4 -18 ; 
20:76 20:80 34:136 9:33 19:73 36:142 2:6 8:32 9:33 26:104 3:11 35:139 24:94 17:67 33:129 39:155 7:25 40:158 3:11 26:100 39:155 14:52 35:137 32:126 4:12 32:124 32:128 34:132 16:60 18:68 38:150 12:48 27:105 40:156 38:152 17:65 1:3 32:124 14:56 2:8 12:44 12:44 20:80 27:107 13:51 40:156 2:6 27:105 35:137 18:72 0:0 34:132 34:132 20:78 39:155 51:203 5:19 29:113 40:158 10:36 27:107 9:35 16:64 37:147 37:147 33:129 37:145 38:150 3:11 38:148 4:16 2:4 16:60 5:19 2:8 7:27 1:3 5:17 23:89 6:24 27:105 38:150 34:136 15:59 29:113 14:54 4:16 18:68 6:24 19:75 33:129 6:22 34:136 25:97 30:120 4:14 18:68 31:121 36:142 7:27 22:88 33:131 5:17 26:102 7:27 12:48 32:126 26:100 37:145 44:176 5:19 10:36 30:116 37:145 20:80 18:68 5:19 4:12 31:123 32:124 4:16 11:41 12:48 19:75 25:97 4:16 32:128 10:36 24:94 30:120 11:43 4:16 3:11 18:72 18:68 13:51 16:64 16:62 24:94 19:75 31:121 23:89 40:156 14:52 34:132 26:104 36:144 28:110 5:17 35:139 10:36 36:142 10:36 16:62 20:80 13:51 34:134 25:97 28:108 32:128 10:38 10:36 16:64 14:54 12:44 4:14 37:147 11:43 30:118 8:28 27:105 34:134 38:152 18:70 19:73 7:25 26:104 6:22 24:94 5:19 2:4 20:80 16:60 38:152 28:112 24:94 39:155 20:76 14:56 37:147 23:91 24:94 7:27 12:48 10:40 9:33 36:140 1:1 23:89 14:56 19:75 14:54 37:147 37:145 5:19 21:83 4:12 8:28 30:118 32:128 4:12 8:32 19:75 14:54 28:110 34:132 23:89 2:8 34:132 6:22 28:110 14:54 33:129 33:131 37:147 2:4 12:46 10:40 22:84 4:16 25:99 40:158 19:73 2:4 14:52 20:80 23:91 9:33 3:9 26:100 9:33 38:150 35:139 2:8 16:60 15:57 21:81 16:60 1:3 26:100 33:129 34:136 4:14 28:112 6:24 15:59 27:107 14:56 10:36 27:107 6:24 5:19 14:52 38:148 20:78 29:113 38:150 38:148 39:153 5:17 10:40 11:43 7:27 7:27 28:108 39:155 16:64 21:83 3:11 9:33 1:1 11:41 4:12 24:92 7:27 13:51 21:81 23:89 13:51 8:30 21:81 8:30 40:158 5:19 4:12 32:124 25:99 11:41 9:33 26:104 31:121 9:35 33:129 14:54 30:118 10:40 18:70 21:81 8:30 8:30 40:158 25:99 22:84 26:100 3:9 26:100 15:59 4:14 14:56 14:56 30:116 12:46 22:88 32:124 8:32 38:148 3:9 6:24 18:68 7:27 37:147 12:44 3:9 20:80 19:75 28:112 32:128 40:160 16:62 19:75 6:20 19:73 30:120 24:94 23:91 12:46 26:102 22:86 22:88 13:51 10:40 29:115 14:56 1:3 20:76 36:144 16:64 43:171 4:12 40:156 33:131 24:92 38:148 28:112 4:16 36:140 27:107 17:65 34:132 12:48 12:48 25:97 38:152 27:107 24:94 3:9 12:46 20:80 23:89 13:49 12:48 12:44 35:139 21:83 7:25 5:17 30:116 15:59 1:1 11:43 11:41 32:126 4:16 35:137 11:43 38:152 23:89 6:22 29:113 40:158 4:16 49:195 30:116 5:19 26:100 36:142 6:22 24:94 28:112 30:118 39:153 8:32 24:96 25:97 25:99 28:110 36:144 32:128 11:41 34:134 28:110 10:38 24:96 10:38 15:59 26:100 18:72 1:3 17:67 38:152 10:38 22:88 27:107 24:94 16:60 20:76 16:60 11:43 14:54 28:108 33:129 7:25 12:48 32:128 7:27 36:142 22:84 34:136 30:118 30:120 2:6 28:108 24:94 6:22 35:137 7:25 16:60 40:158 1:3 5:17 17:67 37:147 5:19 39:153 32:126 24:92 35:137 25:99 18:72 40:160 10:36 25:99 9:35 11:43 7:27 22:88 6:20 16:60 33:129 28:110 12:46 22:86 20:76 24:94 24:92 28:108 12:46 18:70 25:97 37:147 36:144 36:140 22:84 24:92 26:104 15:57 21:81 29:115 18:72 1:3 18:70 ; 
L 14 -21 12 11 50 28 48 -1 -42 6 -13 -35 -41 15 -7 47 38 -40 -10 -17 9 23 -31 4 13 14 -14 43 -49 -49 35 5 -38 -17 5 46 13 -32 -22 48 39 -39 6 21 35 -34 -21 -16 28 3 -20 -39 -46 -50 -8 -50 -3 -50 11 29 -46 10 -35 26 -5 29 47 -18 9 -49 41 10 13 28 5 3 33 48 7 40 5 -5 47 -35 -16 39 -50 -48 -48 23 31 -46 -32 -16 -10 4 -4 -19 19 28 1 -3 23 -18 22 -20 -27 -46 26 28 -6 39 22 -47 44 32 -9 -17 -8 -43 4 -39 43 17 -27 18 29 -20 -16 -38 -9 45 42 15 -35 -7 -50 -36 -15 -2 -25 32 29 -14 15 -31 -2 -43 -34 5 -19 23 31 11 13 36 -17 -46 2 48 45 33 26 49 -27 -38 -39 39 42 -50 18 19 32 -4 -18 27 18 35 34 -38 33 23 27 12 -32 -3 -12 18 2 -14 -15 -41 -11 -32 -22 -36 23 23 28 35 43 23 -43 21 -37 -9 16 -34 10 28 22 -31 -41 47 -1 -14 40 -7 33 -25 -36 42 -50 20 2 -17 35 -48 -5 41 2 30 32 -16 -37 -41 -23 -2 20 10 -27 -17 -9 4 -45 -4 32 -29 -50 -27 31 22 -30 30 -34 -13 -3 50 37 -2 37 44 -7 41 19 -43 19 18 -46 29 -17 33 4 41 -11 48 3 24 -38 1 13 47 12 41 11 -45 -3 8 38 49 10 -21 -1 -42 48 45 29 44 -1 34 38 29 -2 -6 -41 -14 22 2 1 30 32 35 15 4 31 -14 -5 -39 -8 13 45 8 -18 33 22 6 -27 14 11 -35 15 24 -23 -18 -13 47 50 -13 34 34 6 40 49 -9 -23 -48 11 -41 27 25 35 -31 -40 28 8 20 5 -44 -50 -25 -26 -48 -48 21 36 1 -6 27 -46 35 41 32 -27 17 -12 5 -35 -6 -13 50 -11 -21 45 -47 -47 9 27 -2 29 -11 -18 -1 -25 -6 8 -44 -49 2 -50 7 -43 -27 -13 -12 -31 28 9 3 23 -36 24 -8 -14 16 15 36 -37 -47 -37 39 -17 -24 -25 -18 -41 18 3 -8 -39 19 -33 -28 1 49 12 -32 27 -50 -43 -10 27 21 35 -28 -31 18 -44 -9 45 38 -48 17 20 -24 21 -3 39 -15 45 37 32 37 -41 16 -38 45 -24 10 -35 47 16 -16 -10 30 46 17 1 22 -14 8 46 38 40 -13 -13 -4 17 -5 -40 28 -38 50 -13 -11 -9 -9 45 4 -27 -9 ; 
76 37 26 49 2 65 9 25 62 81 54 30 14 98 15 32 12 49 48 15 23 1 24 27 9 82 22 63 18 32 14 31 18 24 22 69 91 63 35 81 84 44 7 66 50 34 49 40 75 3 36 37 48 13 16 60 18 43 90 42 38 83 24 74 8 62 66 96 43 9 56 43 61 77 65 90 66 9 45 44 17 83 27 43 30 46 7 37 32 69 69 2 33 56 56 24 4 56 69 89 43 63 70 90 17 15 20 32 12 14 74 48 84 15 74 7 8 16 52 6 90 50 86 91 22 96 17 9 10 20 52 6 48 22 36 27 87 86 15 77 57 18 89 53 98 4 27 8 24 96 95 27 33 53 87 17 69 52 39 17 34 43 10 75 32 94 97 87 1 66 70 20 88 36 13 34 74 78 97 89 9 28 100 17 99 52 2 14 54 92 78 9 6 28 25 50 37 52 82 72 18 96 21 7 77 30 37 37 19 88 100 61 95 21 74 97 81 91 49 47 41 90 3 88 58 30 21 40 26 4 29 13 13 71 16 59 11 64 87 74 73 35 66 86 37 77 73 11 43 73 75 56 86 69 94 28 72 100 76 40 8 19 86 51 28 15 48 58 10 92 98 90 31 23 66 33 86 18 80 81 55 74 29 48 46 72 20 11 86 36 47 20 31 14 25 85 96 20 38 28 4 91 11 50 75 21 92 81 15 75 71 49 41 96 5 59 8 89 15 11 12 77 83 2 11 55 59 95 79 11 41 4 3 21 18 50 67 71 28 15 73 68 29 90 91 67 35 79 20 31 69 7 19 32 98 44 5 34 59 94 100 34 18 80 67 81 62 45 74 37 31 85 54 44 52 90 97 49 84 58 94 84 19 20 22 4 80 27 82 79 94 54 65 86 56 24 28 46 51 62 81 91 2 44 95 15 79 22 18 92 93 78 28 76 68 19 95 74 33 57 42 35 53 72 1 49 85 30 72 19 98 73 68 17 73 49 79 60 5 36 45 63 54 21 17 78 71 20 12 8 40 33 47 6 40 98 84 12 52 59 12 5 25 57 70 74 39 23 8 46 33 91 11 39 38 55 58 47 9 44 92 51 100 73 72 85 89 29 22 68 2 95 17 44 100 53 95 56 96 79 36 ; 
L 14 -21 12 11 28 48 -1 -42 2 15 36 -47 9 -2 56 29 -11 3 -21 23 -18 78 68 -7 -25 32 29 15 -31 -47 13 21 11 -50 13 -34 13 -50 -2 -43 -34 5 -19 23 -6 39 59 6 -13 -35 -41 15 -7 47 74 38 -40 -10 -17 9 23 76 31 -71 83 4 13 43 -49 -49 35 5 -38 -17 5 46 -34 -21 -16 79 22 32 -13 22 16 35 -47 6 21 35 -31 27 50 29 -32 4 -45 -48 -31 -23 48 48 50 22 -18 18 -9 -9 45 -4 -48 -2 46 17 -36 -13 -11 -31 4 -19 -18 50 -42 -63 -39 39 38 27 -49 -26 -33 -45 -4 43 8 17 9 -32 -44 47 -22 9 -69 38 16 20 -29 -18 -17 -43 39 9 17 27 -10 -20 2 -2 49 44 -8 6 14 8 46 38 47 -18 9 -49 10 13 28 24 -35 17 -2 -20 50 -42 -16 -37 -41 -23 -9 16 -34 10 11 13 -50 -28 -13 22 -20 -27 43 77 8 -18 33 22 6 -27 10 -16 -47 35 -10 24 -80 -72 -45 38 -16 41 28 9 3 84 23 -36 24 -8 -14 16 15 -37 64 -47 -37 39 -17 -24 -25 -18 -41 18 3 -8 -39 19 -33 -28 1 49 12 -32 27 51 -50 -43 -10 27 21 35 -28 -31 18 -44 -9 -17 -46 42 -65 1 21 -49 -18 -52 -19 43 -19 7 -44 39 -15 45 37 28 22 -31 -41 47 -1 -17 48 -38 -45 2 30 32 35 15 32 -27 -23 -33 38 -34 -35 25 1 18 -37 2 -29 35 46 -29 -11 50 3 8 50 46 20 -3 32 -27 17 -12 -5 -40 -21 43 -23 31 12 13 27 43 21 36 1 82 27 -46 61 73 35 -66 -28 48 39 -39 -5 -40 -7 -48 -33 -3 -70 -5 -60 -48 -5 41 2 14 11 -35 24 50 7 35 -15 -42 -45 33 -25 -36 -32 -30 30 -32 -16 -10 4 -4 -19 -85 -7 15 14 -2 -57 -18 12 3 31 -14 -5 67 -39 -8 13 45 45 17 -1 -22 14 -49 -40 -6 -34 6 35 -5 -30 30 -34 -13 -3 81 50 37 40 -13 -37 -50 -41 -11 -32 53 -22 23 23 28 35 -23 58 -18 45 -47 32 37 -46 62 54 26 28 4 -40 14 20 3 -1 -28 -19 13 47 12 41 11 -45 -3 8 38 -46 29 4 4 41 -11 48 3 24 55 -38 1 48 48 26 25 50 44 -5 -20 -28 40 31 -75 -35 -25 41 44 -1 34 38 29 -2 -6 -9 -23 -48 11 -27 -9 ; 
31:121 15:59 11:41 20:78 1:3 4:14 10:40 25:99 4:16 31:123 6:24 6:22 2:6 43:169 30:116 20:80 32:126 58:228 40:156 16:64 36:144 17:67 25:97 19:75 27:107 8:28 36:142 18:72 2:6 15:59 20:80 8:30 34:134 38:150 24:92 10:40 12:44 29:113 23:91 4:12 10:38 39:153 38:152 11:43 13:49 20:76 20:80 32:126 22:86 12:48 6:22 40:156 6:24 13:51 2:6 30:120 20:78 20:76 6:24 10:36 1:1 4:14 19:75 20:76 32:128 25:97 4:14 31:121 8:28 13:51 6:22 13:49 8:28 10:38 9:35 28:110 35:137 20:78 16:64 18:72 16:64 14:56 26:100 18:68 20:80 12:48 18:68 0:0 27:105 20:80 21:83 30:120 30:116 18:68 5:17 30:116 26:104 34:136 3:11 28:110 28:110 13:51 15:59 23:89 22:86 8:32 53:209 22:84 24:94 15:59 31:121 7:27 16:62 21:83 28:110 7:27 35:139 22:84 11:43 1:1 8:32 28:112 27:105 3:11 38:148 35:139 39:155 38:150 13:51 30:120 4:16 18:68 31:121 36:144 3:9 21:83 7:25 4:12 3:11 30:118 6:24 14:52 4:12 34:134 8:32 4:16 4:14 7:27 25:99 37:145 35:137 8:28 27:105 14:56 30:116 30:118 35:139 15:57 19:73 12:44 10:38 23:89 39:155 23:89 37:147 21:81 29:113 39:153 18:68 4:14 6:22 25:97 31:123 17:67 9:33 9:33 12:48 24:92 36:140 2:4 39:153 7:25 24:94 5:17 21:81 15:59 15:59 8:30 28:108 18:70 7:27 7:25 27:105 7:25 6:24 8:32 4:14 58:232 31:123 34:132 1:3 5:17 22:88 24:94 27:105 31:123 14:52 19:73 4:12 10:36 19:75 23:89 4:14 30:118 28:112 23:91 17:67 32:126 9:35 14:54 2:4 37:147 38:148 32:124 12:44 31:121 28:108 20:76 19:75 16:62 14:52 23:91 17:67 14:56 22:84 29:115 1:1 20:78 34:136 12:48 29:115 8:30 40:156 30:116 28:108 7:27 30:116 20:78 32:126 37:147 26:104 2:8 15:57 18:72 26:100 22:86 9:33 7:27 32:124 29:113 8:32 3:11 22:88 14:56 8:32 0:0 13:49 8:32 14:52 21:83 21:81 20:76 6:24 32:124 35:137 8:32 5:19 21:83 24:94 24:96 40:160 25:97 38:152 9:33 30:118 38:152 14:52 16:64 4:12 32:128 19:75 29:113 20:78 17:65 5:17 31:121 40:160 12:44 4:14 36:142 39:155 4:16 26:104 22:86 14:54 4:12 9:33 14:56 40:160 16:60 17:67 36:144 18:68 12:46 7:25 6:20 9:33 15:57 44:172 22:86 18:70 21:83 28:112 9:35 43:169 3:11 9:33 9:35 38:152 18:70 1:3 37:145 38:150 27:107 33:129 7:25 19:75 30:118 14:54 21:81 30:120 10:36 26:100 56:224 34:134 18:70 3:11 7:27 18:70 18:72 4:14 27:105 26:100 30:116 36:144 10:40 11:41 2:6 12:46 18:68 32:126 5:17 10:36 22:86 35:139 11:43 15:57 9:35 20:76 17:65 19:75 17:65 26:104 6:20 16:60 15:57 23:89 23:89 10:38 2:6 23:89 18:72 7:25 3:9 32:124 37:147 40:160 30:116 6:22 1:3 41:161 24:94 4:12 19:73 36:144 6:24 5:17 5:19 27:107 44:172 15:57 26:102 37:147 35:137 12:46 28:108 30:116 30:118 20:78 39:155 35:137 28:110 38:150 12:44 29:115 14:52 39:155 31:121 46:182 30:116 18:72 24:92 26:104 3:9 12:44 23:91 7:25 34:132 21:83 33:131 29:115 20:78 4:14 24:92 8:28 8:32 5:19 2:8 14:52 16:64 38:148 38:150 6:22 15:59 35:139 33:129 20:78 34:134 26:100 18:68 36:142 39:153 30:118 12:46 20:76 19:73 29:115 8:32 5:17 35:137 6:20 37:147 40:160 22:88 9:35 27:105 14:52 35:137 8:28 14:52 35:137 33:129 28:108 8:28 14:54 40:160 38:150 24:94 14:54 2:8 30:120 13:51 8:30 37:147 14:56 28:110 14:56 33:129 16:60 12:44 2:6 37:145 5:17 20:80 22:84 15:57 27:107 14:56 18:70 32:126 15:57 ; 
L -19 24 -11 22 -33 27 1 22 -10 -23 10 -20 28 -18 -2 -22 30 -1 -37 32 -3 40 -24 20 -30 5 -17 -19 25 4 -21 32 35 -46 -34 14 -14 11 42 25 -29 2 6 40 -4 -37 30 10 -16 -38 -11 -40 41 -44 47 -12 9 13 19 -35 45 26 -15 -30 4 -23 -38 21 -38 -45 -15 3 25 11 -7 5 29 -11 39 45 -41 -5 -36 1 -39 35 -14 -37 31 -17 4 19 28 9 -27 32 1 -34 -32 -35 21 -8 48 10 -30 22 -43 -27 -20 -22 1 31 13 -29 38 -25 -33 36 15 -18 42 -44 31 -6 18 43 -44 -39 23 40 -44 28 -44 33 -43 -12 -24 -22 3 24 25 -4 31 6 39 6 48 12 -12 14 -46 -34 -5 -41 1 6 -49 -44 41 5 -11 11 -44 18 -34 -12 2 49 -16 40 34 43 9 -48 11 -37 7 -46 -16 -13 -25 -6 30 35 50 49 20 13 19 42 16 24 36 34 9 3 21 6 -40 16 3 -45 -43 -44 -41 32 -25 -17 -1 6 -19 -47 14 -33 -18 -31 -48 -46 -12 29 -47 32 -50 32 23 11 -6 -46 -27 -16 50 -41 -19 17 14 40 -36 -31 12 32 -34 47 46 -17 -34 -36 34 23 -6 29 46 -31 43 26 -36 35 -19 46 -14 -49 29 -19 40 23 26 -13 17 -39 -14 36 -7 45 -9 8 -33 13 44 -30 -16 -34 -31 43 -44 21 27 -32 7 27 -42 -20 10 -32 -13 -17 17 -5 32 -10 9 36 31 32 -36 35 45 43 17 38 -6 -7 -24 -37 -12 12 24 14 41 -23 19 22 -20 23 19 41 36 -15 28 -38 25 -25 -36 10 20 21 25 -27 -47 25 35 -45 -22 -40 -34 30 7 4 -41 -16 -20 -9 -36 -17 3 -36 12 -39 -32 -31 -18 -1 1 30 10 22 -34 5 8 -20 27 -20 25 15 43 -21 16 -38 -34 -38 34 40 29 45 -16 46 1 2 -43 -26 -39 46 -10 5 22 -7 1 34 44 -11 -17 -21 21 34 38 7 -23 -40 -8 41 38 -31 45 -36 -37 21 -24 2 -23 30 -40 -8 15 34 -38 45 19 36 -2 18 -24 -21 -26 38 -14 -27 -30 -5 -32 20 50 9 41 -48 -25 -33 18 -2 -7 14 1 10 -45 48 1 40 -38 43 -47 42 -3 -48 -1 44 18 -19 33 -33 47 22 9 23 44 21 34 -22 13 7 16 -30 19 31 39 17 -43 29 -43 43 36 -23 38 -49 19 -9 -19 -43 11 32 22 25 5 -8 ; 
74 59 92 99 81 9 49 91 71 41 69 54 79 94 32 40 70 53 92 22 80 8 4 42 68 15 2 52 50 22 41 40 55 89 22 32 65 95 93 36 33 49 10 1 36 4 7 3 61 6 9 84 7 27 90 19 33 73 43 50 37 74 11 40 64 11 89 47 43 70 62 94 44 47 90 84 5 74 85 41 99 93 80 95 37 35 79 51 46 18 43 43 96 2 45 60 13 33 32 56 20 46 80 15 37 75 47 46 50 44 46 16 53 56 18 69 28 19 68 75 14 72 29 68 33 77 25 56 29 54 31 17 5 32 72 91 31 99 74 10 56 91 31 30 16 5 53 10 89 61 65 62 60 82 80 39 82 79 21 63 92 80 34 3 29 68 93 38 71 24 75 22 60 19 4 98 29 37 98 82 71 69 78 23 68 54 50 26 47 32 24 80 56 36 38 16 60 41 12 63 4 95 39 15 41 75 11 44 98 65 27 66 31 85 36 58 70 95 27 7 66 10 82 76 73 100 75 81 20 82 38 26 91 66 70 63 4 52 60 77 42 24 85 79 88 29 25 91 25 42 99 28 29 60 27 18 56 52 96 38 93 65 62 4 26 21 28 79 71 81 67 67 75 42 40 20 86 89 50 63 93 64 52 7 77 89 68 13 83 36 69 30 23 14 45 87 53 40 15 47 87 33 52 13 91 65 9 74 28 71 34 57 71 9 87 92 49 48 86 6 57 58 35 61 22 61 38 77 99 93 1 86 73 34 6 48 10 99 56 88 76 39 99 68 80 98 61 4 63 44 100 10 12 10 62 52 6 48 40 37 73 100 90 1 75 20 9 42 33 36 37 95 86 95 53 71 13 38 1 1 11 52 21 88 49 48 54 88 47 81 55 10 39 57 8 23 29 85 25 36 49 77 89 59 68 30 55 84 1 61 11 67 28 46 31 63 17 38 86 10 53 46 97 32 60 65 42 64 71 19 39 74 91 52 8 96 74 44 40 11 65 65 44 1 82 97 74 98 11 15 83 89 56 60 77 40 53 34 1 91 69 43 88 69 2 3 38 18 26 84 8 19 97 44 61 30 50 27 7 96 11 20 48 65 22 58 90 12 41 3 17 38 27 100 62 58 81 62 55 45 4 ; 
L -19 24 -11 22 44 -11 80 -17 -21 21 34 27 1 22 -10 83 -31 12 32 -34 47 46 -34 -44 -64 -41 -14 -24 -12 -59 -75 12 36 -40 -14 -17 1 17 25 -6 -20 -9 -36 -23 19 22 -20 23 -1 -69 36 5 41 -45 -39 11 -14 -49 29 -19 40 23 26 17 -39 -14 36 -7 45 -9 -33 13 22 9 23 33 -33 19 -18 -44 1 48 3 -42 47 -43 38 -1 -48 45 -37 30 10 -16 68 -38 -11 -40 -44 47 -12 9 13 -35 -15 -30 -23 -38 84 21 -38 -45 -15 3 25 11 -7 5 29 -46 19 -35 36 -78 -74 -26 -43 31 -46 -29 6 -23 -34 36 34 34 -18 -67 44 -11 11 -5 -41 49 -55 -6 -1 41 5 34 -28 15 -36 -76 -41 -19 -39 35 -14 -37 31 -17 32 -3 40 -24 20 -30 5 -17 -19 25 4 -21 32 3 21 16 41 -4 -7 -30 27 46 -51 6 -11 -23 -30 -62 6 -21 -26 -17 3 -36 12 29 -16 -34 -31 27 -42 -20 -13 -17 17 -5 31 18 33 -14 47 65 34 -39 -32 -31 -32 20 35 -46 -15 8 40 23 -2 24 37 36 31 -36 77 35 45 43 17 38 -6 -7 -24 -37 1 30 10 22 -34 16 18 -2 -7 14 1 4 54 19 28 9 -27 32 56 -32 50 -7 32 40 -81 19 -22 3 24 25 -4 31 6 39 16 -38 -34 -38 34 40 29 -47 32 -44 21 -8 41 -31 45 12 14 -46 -25 38 -25 -36 10 20 21 25 19 42 16 24 36 34 9 50 9 41 -48 -25 -33 47 -32 -35 21 -8 48 10 -30 22 -31 -1 -73 22 9 -85 -19 -60 -43 -34 -40 16 -57 27 43 13 70 -29 38 -25 43 -39 23 40 5 8 -20 27 -20 15 43 -21 -66 12 46 48 32 -10 9 36 -48 -6 -27 -47 -45 -40 -34 29 -43 43 36 -23 -30 19 31 -12 58 2 49 -19 -16 50 -41 24 12 43 -33 44 -28 44 5 30 27 -32 -61 41 44 43 45 -3 -16 40 14 25 35 -38 -52 38 -49 9 -48 11 -37 -46 15 -18 -44 -5 10 -46 39 26 43 -2 -46 16 -45 -44 -82 -1 35 63 50 49 -19 -34 14 -14 11 42 25 -29 2 6 40 -4 33 -34 -1 7 -22 31 -6 18 -23 53 -20 28 13 7 -18 -1 79 -33 36 -16 -13 24 -18 2 -36 -19 -45 38 -13 -20 -6 23 -7 -38 -72 -10 37 1 -30 2 18 -17 39 -43 71 11 25 32 5 -8 ; 
30:118 24:94 37:147 40:158 36:142 34:136 16:64 37:147 15:57 20:78 31:123 8:28 20:78 37:145 29:113 34:132 19:73 24:96 31:123 17:67 10:38 34:136 46:182 39:155 31:123 29:115 20:78 37:147 35:139 7:27 39:153 16:64 36:140 2:6 26:100 28:112 30:118 40:156 18:70 5:19 17:65 18:70 40:160 8:30 35:137 3:9 23:91 24:92 19:73 1:1 40:158 32:128 38:148 40:158 17:65 34:136 50:196 16:60 38:148 26:104 25:99 2:6 11:41 3:11 32:126 29:113 33:129 27:107 27:107 30:120 32:126 8:32 31:123 9:33 34:134 9:33 2:4 1:3 28:110 36:140 18:68 28:110 37:145 1:1 14:54 22:84 16:64 9:35 23:89 36:142 23:91 3:11 2:4 25:97 1:3 5:19 4:14 34:134 10:36 36:144 8:30 14:52 30:116 26:100 24:92 16:64 18:68 36:142 20:76 14:56 18:68 28:112 25:99 38:150 18:70 19:75 36:144 34:134 2:8 19:75 21:83 23:89 8:28 24:92 8:32 40:156 24:96 12:46 12:44 40:158 17:67 10:40 37:145 10:40 12:46 8:30 12:46 11:43 15:59 14:54 32:128 37:147 26:100 6:24 15:57 23:91 16:62 32:128 33:131 24:96 24:96 16:60 25:97 7:25 5:19 25:97 11:41 14:56 32:126 21:81 19:73 8:28 14:56 32:128 4:12 2:6 17:67 28:108 6:24 1:3 21:83 20:80 9:35 17:65 16:64 8:32 24:96 26:100 2:6 25:97 40:156 32:128 25:97 8:32 19:75 34:132 30:120 40:160 30:116 34:136 23:91 17:67 16:62 27:105 5:19 4:16 25:99 11:41 38:148 26:100 38:148 40:160 34:132 15:57 31:123 6:22 18:72 35:139 24:96 24:92 15:57 34:136 13:49 39:153 34:136 49:193 3:9 20:76 26:104 18:70 27:107 36:142 6:22 22:84 4:16 22:88 7:27 26:100 19:73 12:44 11:41 10:36 2:4 9:33 37:145 26:104 4:14 30:118 12:44 29:113 14:54 23:91 25:99 40:160 36:144 1:1 30:120 17:67 5:19 39:155 30:118 40:156 5:17 4:16 35:139 6:24 39:153 1:3 18:72 24:96 26:102 7:25 31:121 29:113 28:108 14:54 18:70 3:9 29:115 30:118 4:16 23:89 37:145 13:49 12:48 7:25 5:17 29:113 6:20 16:60 1:1 1:1 5:17 10:38 4:16 14:54 3:11 70:278 34:134 23:89 5:17 22:86 54:216 26:104 24:94 40:158 46:180 1:1 35:137 30:116 14:54 3:9 14:52 13:51 10:38 32:128 23:89 15:57 16:60 10:38 5:17 26:104 26:104 18:70 1:1 39:153 3:11 23:89 8:32 19:73 32:128 6:24 15:59 30:120 12:46 7:25 35:139 27:107 18:72 16:64 12:44 17:67 20:80 9:35 30:120 10:38 38:150 12:44 19:73 29:113 24:92 26:102 8:28 28:110 24:94 12:44 12:46 22:86 6:22 4:14 17:67 14:52 15:57 22:88 35:137 38:152 18:70 18:70 11:43 38:152 26:100 16:64 6:24 19:75 34:134 22:84 20:78 4:16 67:267 3:9 40:158 30:116 9:35 24:92 36:144 5:19 19:75 3:11 39:153 27:105 8:32 31:123 16:60 9:33 54:216 16:60 11:41 48:188 13:49 37:145 29:115 13:51 2:8 7:27 10:38 39:153 4:12 10:40 34:132 14:54 17:65 6:24 16:62 38:152 2:6 26:100 16:60 6:20 23:89 40:156 36:140 14:56 2:4 15:57 8:30 2:6 40:156 12:48 28:110 30:120 31:121 24:96 4:16 22:88 33:129 19:75 36:140 22:86 17:67 36:140 9:33 56:222 20:80 12:46 6:22 26:100 12:46 22:86 18:72 17:67 13:51 26:104 38:152 38:148 15:57 14:52 20:78 4:16 1:1 15:57 2:6 9:33 10:36 4:12 23:91 4:12 28:108 14:52 11:41 36:140 36:140 32:126 14:52 12:48 28:112 15:59 27:105 27:105 8:30 39:155 33:131 39:153 29:113 26:102 17:67 26:104 24:96 13:51 12:48 11:41 13:51 36:144 28:108 24:94 36:142 31:123 14:56 37:147 22:84 7:27 13:51 36:142 33:131 9:33 0:0 26:100 33:129 26:100 33:129 18:72 2:6 ; 
L 19 -34 31 14 -41 -4 28 -45 -11 -19 -21 -22 -5 15 35 7 -50 -30 -31 16 -38 -47 27 -30 -40 -42 22 -16 -6 -38 -17 11 -1 46 47 -1 14 31 16 -3 32 -48 43 -45 21 14 -4 -18 -46 12 -47 -37 -6 26 -17 -12 -11 37 8 37 37 35 11 50 2 32 -30 -5 -2 -50 -1 9 41 19 -22 -27 -9 -5 -1 -8 -27 40 -19 -19 27 37 -44 26 3 -9 -32 20 -41 -34 33 -30 -10 23 15 -25 2 3 12 -15 24 -16 -33 15 -48 27 -46 39 -5 -1 42 -15 11 39 20 25 -3 31 1 50 -14 40 37 9 50 46 35 -46 -36 41 40 -17 -45 41 12 24 -11 35 35 -24 -1 49 -34 -37 -40 -45 6 15 -26 2 -47 -43 -20 -10 -29 -26 8 12 6 31 2 4 -6 8 39 -40 44 1 -30 31 -41 39 38 -8 3 43 -42 -10 -2 -23 9 -19 -23 -43 3 -42 44 12 16 -50 -6 1 -25 -12 -30 27 -13 23 40 -41 10 36 14 -45 -42 -32 -4 -37 -30 -18 47 -15 -37 25 15 -25 -15 6 -27 -6 39 -23 12 -17 -9 -25 -25 14 22 -23 -28 -14 -40 30 -5 -28 -7 11 38 35 -36 -49 -14 47 12 35 45 -39 -43 -40 -23 5 5 39 -22 10 47 7 -49 47 5 27 -40 46 -27 -36 -35 -4 -36 -23 18 4 -44 -37 24 -20 11 -42 -41 -10 50 40 8 26 -40 -6 27 20 36 -31 34 -6 -40 -20 44 -17 -19 -21 -25 23 -9 -24 10 -27 -37 50 12 -17 -5 13 41 -42 47 23 -20 -26 30 -1 26 -46 -25 -19 26 -1 -11 -18 -47 36 -50 -13 34 23 -5 8 44 -44 -16 44 -14 7 -4 38 27 33 -20 40 15 4 -49 -50 29 -24 4 40 -7 -8 -2 32 -12 -21 13 -30 -27 35 50 -47 -37 -28 4 27 21 42 32 6 4 18 15 42 -13 -6 -44 -36 38 24 27 22 -28 -16 24 19 -28 14 -39 -10 31 29 -46 28 13 -7 15 3 27 44 -23 25 22 -35 -5 44 36 -4 -18 40 -20 -49 -28 45 19 39 -28 10 -36 3 -1 19 21 -22 24 -8 45 -2 45 8 12 42 25 -9 29 -27 -31 20 12 -4 -29 -5 -38 48 -4 47 -25 -8 -22 6 -37 24 -43 1 5 -23 19 -26 -36 12 -28 35 -18 19 -19 -32 -12 -37 24 -33 36 36 -36 33 -45 -14 18 49 -38 26 47 -25 50 28 32 22 47 6 5 -8 20 -24 ; 
81 42 70 76 56 92 83 44 65 46 50 22 27 35 77 19 38 89 84 24 86 85 85 75 23 26 18 83 4 50 16 86 46 81 95 23 97 90 77 72 66 32 73 8 62 17 48 39 41 24 57 91 92 43 86 61 6 32 40 60 67 82 73 40 86 57 55 61 33 40 13 81 88 86 6 65 65 72 26 44 30 10 56 87 71 63 40 73 88 35 41 59 71 37 76 6 61 39 9 61 20 8 23 98 35 56 34 78 57 5 41 34 15 49 50 27 35 46 36 96 52 21 86 92 100 5 10 82 84 68 34 77 40 91 94 91 41 18 74 43 65 53 68 92 50 29 32 4 74 32 7 23 51 61 84 4 27 52 43 16 72 7 44 20 94 72 56 83 43 26 84 91 59 5 69 50 83 75 80 70 31 34 94 3 81 15 32 3 92 47 30 76 50 15 87 79 91 64 31 10 61 9 8 95 5 36 7 49 58 13 82 32 55 61 22 79 19 36 5 49 42 92 19 58 63 58 11 75 75 67 7 14 42 50 56 91 87 74 16 67 40 100 65 16 85 47 88 91 8 8 72 76 84 60 3 41 65 91 49 18 81 85 32 30 87 97 83 17 90 63 89 19 54 34 52 57 27 14 7 31 30 53 40 2 15 88 80 34 54 59 62 45 17 8 46 21 99 87 4 79 95 34 11 88 48 75 76 46 65 4 76 77 39 32 81 22 85 10 10 53 75 94 18 47 62 81 8 75 48 53 7 53 24 38 56 68 38 48 91 45 22 93 50 17 33 56 46 62 28 35 35 11 67 51 17 14 11 45 26 91 23 54 61 16 90 12 4 62 22 36 41 81 11 4 28 28 89 44 93 62 11 9 27 43 1 20 13 77 22 57 81 28 86 25 3 69 82 68 22 29 30 2 65 65 43 7 49 56 96 2 64 98 2 61 100 26 71 16 68 84 62 32 68 35 57 61 28 48 9 24 28 2 69 72 3 60 40 98 4 33 62 96 46 86 72 10 19 94 86 16 3 12 10 84 34 59 30 19 23 31 17 53 82 58 15 3 70 91 74 4 66 5 16 43 79 45 25 78 55 95 35 44 90 65 79 60 85 20 1 12 46 11 72 16 43 50 19 12 55 58 54 ; 
L 19 -34 31 14 -41 -4 -45 -11 -19 -21 -22 -5 15 35 7 -30 74 -31 -38 -47 27 -30 -42 69 22 24 11 39 20 25 55 -27 -9 -5 -1 -8 -27 40 -19 -19 27 37 -44 26 -9 70 -32 -16 -33 -16 -6 -17 11 59 -1 46 47 -1 14 31 16 80 -3 32 -48 43 -45 21 14 -4 -18 -12 -8 26 29 10 20 43 47 -2 26 -15 -6 45 40 34 -49 1 24 -35 -35 11 -6 -40 -20 44 -17 -19 -21 -81 -45 12 -17 -5 35 -22 23 -44 -27 28 49 20 -40 18 -1 -11 -18 36 -50 -1 42 -15 20 -41 -34 33 -30 -36 -10 -58 41 -40 -23 13 -27 30 12 47 5 27 -40 46 -27 -36 -35 -4 -36 -23 18 4 -44 -37 24 -20 -12 -41 4 -36 -44 5 -37 24 -43 -19 -26 38 47 -61 -22 10 47 -40 -41 46 -35 -71 -46 -8 -10 32 -12 -21 13 -30 -27 35 50 -47 44 1 -23 19 -36 12 -28 35 29 4 -12 -20 33 -45 18 -5 -38 48 -4 -18 14 -14 40 37 63 9 50 7 -40 4 -49 -50 29 -24 4 -15 -40 -83 -30 40 -84 14 28 -37 -37 11 12 17 -26 -79 6 37 -62 -48 72 27 -46 39 -36 33 -24 37 12 32 8 44 -27 6 40 -26 40 8 -50 27 -29 9 -42 -12 -8 -45 -4 -30 45 67 -2 32 -38 36 -5 -60 17 -8 36 -77 -25 50 -36 -13 34 -37 -28 4 66 27 21 42 32 6 4 41 42 -11 24 -34 31 -36 -20 -44 -16 44 -14 7 38 27 33 -20 -5 -28 -7 11 38 35 -49 -14 47 12 35 45 68 -39 -43 -40 -23 5 5 39 76 -32 -75 -2 -50 -11 -35 -64 -37 47 -12 46 31 2 4 -6 39 38 -8 17 -12 -6 -47 -22 23 -39 6 27 -6 15 25 -15 -18 32 47 51 28 19 6 -30 -5 -2 -23 9 -19 -43 3 -42 44 12 16 -50 -10 85 -26 19 46 -26 1 -30 26 20 -23 -47 42 -41 -13 -3 -15 7 -13 -28 46 -29 -65 -31 10 -15 -25 37 15 -47 18 -73 8 -24 22 30 -1 -44 40 -39 -8 -31 -21 1 -3 -9 52 -25 54 -25 56 14 22 -23 -78 -15 15 -12 -3 -2 25 -15 -23 -50 37 27 -10 24 9 -23 25 14 -39 42 -13 42 45 -14 -6 1 82 -25 28 -39 -57 16 28 -27 -24 7 -19 -45 -6 22 -50 -31 3 22 -19 -41 1 50 2 42 -43 -3 36 -10 28 -19 -24 53 20 -24 ; 
33:129 17:67 28:112 31:121 23:89 37:147 44:174 26:104 19:73 20:80 9:35 11:43 14:56 31:123 8:30 8:28 18:72 19:73 4:16 34:136 34:136 30:120 16:60 39:153 40:156 20:80 12:46 19:73 15:57 39:153 34:134 20:78 26:104 29:115 11:41 18:70 12:48 4:16 23:89 35:139 29:113 26:100 16:64 30:116 11:43 40:156 27:105 26:102 14:54 32:124 2:6 5:17 35:137 14:56 12:46 33:129 38:152 10:36 39:155 36:144 31:123 40:158 3:9 27:105 13:51 30:116 4:12 25:99 7:27 20:76 16:62 8:30 3:11 29:115 7:25 18:68 21:83 11:43 2:6 34:134 25:97 21:81 10:36 3:11 13:51 28:112 13:51 12:46 20:80 37:147 28:108 22:84 16:64 40:158 35:139 2:6 32:126 38:152 14:54 16:62 29:113 17:67 31:123 16:62 5:17 40:156 10:40 39:153 23:89 24:92 25:99 34:134 28:108 7:25 34:134 20:76 22:84 23:91 10:38 11:41 20:80 11:43 23:91 29:113 15:59 31:121 3:9 24:96 15:57 14:54 29:113 38:152 4:12 4:14 25:97 4:16 13:49 32:128 35:139 39:155 34:132 7:27 36:144 26:100 36:142 8:30 22:86 14:54 21:83 23:91 11:43 6:22 3:11 13:49 12:48 30:118 24:92 11:41 40:160 25:97 4:12 13:49 7:27 6:20 14:52 8:32 24:94 7:25 27:105 8:28 33:129 25:97 38:150 52:206 31:123 25:99 20:76 38:148 22:84 4:14 25:97 7:25 36:144 5:19 2:6 25:99 9:35 15:57 23:91 18:68 51:203 6:24 24:94 37:145 30:118 2:6 8:30 35:137 38:150 8:30 20:80 36:144 16:62 26:100 2:4 5:19 4:16 32:124 32:126 38:148 2:8 4:16 12:46 30:116 34:134 27:105 11:41 15:59 27:107 21:81 7:27 6:22 5:17 8:30 14:56 11:43 5:17 30:118 10:38 38:152 37:145 21:81 6:20 13:51 3:9 25:97 35:137 34:134 0:0 37:147 9:33 32:128 36:142 8:30 17:65 14:54 30:116 22:88 32:124 10:40 18:72 32:126 10:40 37:145 27:107 25:99 24:94 22:86 11:41 32:128 39:153 5:19 35:137 19:73 51:201 14:52 2:6 40:156 35:139 17:67 30:120 22:86 10:40 14:56 30:116 6:20 28:112 14:56 6:22 36:144 14:52 25:99 19:73 19:73 38:152 28:112 23:89 16:64 33:129 5:17 28:110 12:44 12:44 12:44 36:142 18:70 38:148 15:57 16:64 22:84 18:68 19:73 19:73 4:12 7:27 10:36 9:35 38:148 20:80 7:27 9:33 19:73 25:99 12:44 12:46 27:107 16:64 40:160 26:104 7:25 50:196 36:140 37:145 4:12 4:12 29:115 12:46 32:124 34:134 24:96 2:4 17:65 26:104 37:145 30:120 8:30 33:131 22:84 35:137 16:64 30:116 11:41 27:107 26:104 23:91 10:38 13:49 38:150 29:115 23:89 12:44 34:132 30:120 49:193 30:120 2:4 20:80 18:68 6:22 24:92 26:100 24:92 8:30 37:147 17:67 9:35 5:17 6:22 13:49 14:56 40:160 25:97 6:22 14:54 25:97 14:56 2:4 33:129 6:24 4:12 37:147 19:75 12:48 31:121 20:80 6:24 13:49 19:75 6:22 4:12 19:73 19:75 8:28 38:150 30:120 22:84 4:16 4:16 34:136 9:35 33:129 21:83 3:11 18:68 26:104 26:104 1:3 12:48 27:107 20:80 9:35 39:153 2:8 15:57 8:30 32:126 9:35 11:41 38:148 29:115 28:110 3:9 24:94 37:145 34:134 11:41 18:68 40:160 1:1 16:60 4:14 20:78 2:6 28:110 20:78 23:89 6:20 7:25 17:67 20:80 26:102 19:75 28:108 40:156 10:36 4:12 8:32 25:97 4:14 27:107 2:6 26:104 19:73 31:121 30:120 20:76 36:140 20:78 33:131 4:12 11:43 12:44 24:92 20:78 26:102 32:126 16:64 29:113 42:164 23:91 26:102 23:89 12:44 9:33 9:35 25:99 3:11 28:108 4:14 8:30 28:110 66:264 9:33 4:16 3:9 35:137 64:254 6:20 16:64 30:116 13:49 28:112 14:52 12:44 21:81 2:4 10:40 45:179 36:144 24:92 22:86 ; 
L 13 -7 -39 -15 21 16 -43 4 -22 -17 37 29 -34 -12 8 1 -26 -19 26 8 35 -2 15 24 50 -1 17 -20 29 47 -46 36 -14 -4 33 50 -21 -6 -25 16 44 -3 16 -6 1 -10 -38 -24 -23 -40 14 20 40 -49 23 -4 18 10 -26 -42 28 13 28 -49 -29 43 36 -26 5 -17 -40 40 22 48 22 -21 18 49 -47 11 28 -40 34 -50 -10 25 -3 -47 -10 -50 -22 8 -35 28 -2 -6 37 -9 -41 34 22 2 -28 -6 -50 -24 -21 -38 43 -26 -19 -17 10 -24 -38 14 26 -24 16 8 33 3 28 14 2 -8 -24 -17 -9 -22 -1 -36 48 -35 23 -4 -7 34 41 -20 -9 43 25 -28 -46 -32 -1 -2 -10 -31 -44 -23 34 30 -46 -39 -21 26 -6 2 2 -44 38 -41 -1 45 -44 -17 11 12 -3 14 -42 32 19 -5 -38 -27 42 50 -40 -42 9 -34 -45 11 22 2 -5 9 35 -19 37 -36 22 44 23 -37 -16 48 -44 -7 45 40 -35 -11 -15 -15 49 7 10 11 -44 3 -46 -34 46 12 40 46 27 -1 -46 -18 5 -12 -33 4 -46 -37 -16 -44 -9 -10 -29 39 8 15 -9 39 -5 -17 -42 25 27 -32 -50 3 33 50 -29 -50 42 28 -28 -21 -11 -10 45 -22 -23 42 39 -46 45 -11 15 -7 -38 26 -13 -34 32 -11 45 16 42 2 8 48 -4 49 -17 -1 7 -39 43 2 -33 17 37 13 20 -46 21 18 -41 -15 18 49 38 -49 -47 -27 -38 -41 -26 46 42 13 49 39 -40 5 -9 -29 38 5 24 44 12 38 45 -33 -2 20 -48 -31 -22 6 23 -9 -4 20 32 16 6 -48 50 1 16 13 32 -23 -18 17 -20 28 50 -2 -19 33 -4 8 -47 -49 1 41 35 -15 28 -26 -27 -46 -12 -23 14 17 8 9 -25 45 17 -10 -19 35 -27 -31 -14 -37 24 -5 18 -8 -30 -42 -10 30 40 33 10 -1 9 -22 -7 22 -27 35 -43 -12 -25 -50 31 50 -37 29 -41 47 29 -47 8 8 16 -23 -41 18 20 -3 50 22 10 -24 33 18 -37 39 -33 39 37 9 -35 -5 -48 14 35 -1 -32 4 -23 -2 35 39 27 -4 -28 -21 -20 19 -27 13 8 10 37 -45 20 -27 12 16 -35 48 12 -26 41 -39 -48 5 -47 20 5 -9 1 -8 3 27 37 -6 10 -4 -22 -50 -10 -28 28 -11 36 -49 16 -14 50 -8 4 -25 32 -21 -7 -12 -27 -29 -27 40 ; 
91 28 93 16 70 8 43 43 50 62 67 96 84 27 62 20 63 42 90 65 17 17 48 72 23 84 15 22 56 76 31 73 30 90 42 34 70 47 57 18 59 52 87 9 90 39 97 6 68 92 42 68 83 71 65 71 61 10 41 73 46 92 74 5 74 13 56 58 54 76 18 78 57 97 22 73 9 79 53 66 63 97 81 10 22 38 32 20 4 83 88 88 38 77 49 86 92 91 1 24 34 65 82 20 69 86 15 46 58 32 64 74 98 73 58 95 76 1 56 70 53 7 28 10 97 32 95 72 6 42 19 93 66 1 89 55 11 31 35 12 42 64 18 1 81 53 85 34 38 49 53 41 64 88 35 28 30 80 42 61 40 2 39 33 90 46 13 82 45 88 2 33 71 67 33 81 68 11 51 59 28 70 93 17 58 57 46 82 62 84 51 34 73 60 18 87 46 62 98 98 93 81 8 63 54 95 94 42 68 35 77 44 19 13 96 59 87 13 12 56 29 20 51 25 26 88 83 8 95 82 6 78 56 67 67 91 94 74 75 41 10 13 18 73 84 51 4 33 57 80 24 81 94 62 11 4 57 34 60 78 35 28 91 85 97 12 48 54 46 93 55 95 53 15 40 27 40 36 42 30 70 64 56 21 97 78 5 68 86 23 40 76 15 81 84 50 8 87 42 9 67 98 43 93 25 47 62 91 17 65 39 91 99 80 31 56 59 98 63 86 55 63 83 51 9 66 59 36 23 33 42 77 98 17 16 87 30 33 71 59 72 4 62 80 94 79 64 42 30 41 10 57 44 54 43 55 67 53 57 24 100 45 96 58 7 46 90 56 9 69 43 99 39 17 56 63 51 86 90 54 30 93 80 58 94 31 80 46 77 89 25 19 9 27 82 61 60 19 45 42 84 90 22 31 42 20 35 56 79 35 17 69 39 6 88 82 60 35 2 14 72 79 79 26 56 33 71 80 24 43 12 29 13 2 65 61 62 69 53 45 33 48 31 31 72 91 75 16 9 5 15 99 75 42 95 26 70 20 62 49 79 87 19 11 23 58 71 97 38 28 24 27 17 21 85 80 51 93 12 72 17 88 87 42 23 51 77 2 31 98 79 10 95 29 62 100 70 58 26 80 80 ; 
L 13 -7 -39 -15 21 16 -43 4 -22 -17 37 29 -34 -12 8 1 -26 -19 -62 -15 -35 -2 -2 42 -10 -55 -33 -15 18 50 -34 40 -28 -11 -18 21 -22 -48 -22 -40 40 -67 17 26 -36 -43 29 49 -13 48 -44 -7 45 40 -35 -11 -15 -43 39 1 17 -49 4 -48 -8 -42 -16 -45 11 -32 34 13 -26 38 7 -15 11 -45 -61 -41 -31 50 25 12 43 -79 -35 46 36 -37 19 -35 -9 -45 10 11 21 28 -28 8 -18 5 -24 37 14 31 27 -35 19 10 -69 -85 -42 50 29 -50 -33 -3 50 -83 -53 -60 32 -27 -25 42 17 -39 9 -15 -8 -39 29 10 9 44 16 37 1 -35 -14 28 -6 -50 -21 -38 43 -26 -19 -17 80 -42 -10 8 -50 14 25 -39 -52 -49 -13 -42 -46 -78 26 41 38 27 -56 47 -22 -23 42 39 -68 49 -38 21 18 -41 -40 -30 4 -25 18 20 -3 50 22 10 -24 33 18 -37 39 -33 39 81 -59 28 -2 -22 -34 41 9 -37 6 5 -6 -14 23 -43 -1 6 -16 3 -44 -16 25 6 21 -50 -33 4 14 -36 46 -47 -29 20 -17 1 10 -4 -50 -10 28 -11 75 36 16 45 17 -30 10 -38 23 44 31 10 2 1 32 46 28 -25 12 46 26 -28 15 -35 23 -16 -8 -8 47 -29 -76 -10 -8 -37 29 36 1 22 9 24 -66 8 -2 -14 -28 26 35 -2 -54 -8 22 50 10 47 3 -25 -20 4 9 -23 32 16 6 -48 50 1 17 37 16 13 -20 19 -27 13 26 -63 -10 -18 4 -23 49 -40 -20 -14 40 -46 5 24 44 23 22 44 -16 -32 8 -74 -46 37 9 -35 -37 -27 -3 8 -1 9 -5 47 -5 48 39 -29 -12 -7 27 -20 -37 41 48 -35 23 -4 -7 34 41 -20 -9 -10 73 22 -9 1 26 -12 -48 35 -16 -38 -1 -46 -18 5 -12 -33 4 -46 -32 4 -9 -29 38 34 27 -22 7 -12 46 -40 5 -20 -24 -3 44 -11 -10 -7 -49 15 -38 -12 -41 -1 -57 2 -72 -82 -50 -28 20 -17 18 23 -84 21 -51 -4 -28 -58 -27 -39 -35 2 -64 -65 -70 -50 -24 -3 -33 -8 -16 24 -26 -14 34 -46 -39 -21 26 2 -44 38 -1 45 -44 -17 11 12 -3 14 -42 32 -5 -38 -27 42 50 -40 9 -45 11 22 2 -5 -9 -8 -17 -47 -49 -19 33 -4 41 -71 -77 40 46 27 -13 33 -48 45 -2 -48 -31 -22 6 49 -21 -27 -27 40 ; 
37:145 12:44 38:148 7:25 28:112 4:12 18:68 18:68 20:80 25:99 27:107 39:153 34:134 11:43 25:99 8:32 26:100 17:67 46:184 18:72 20:76 1:3 17:65 22:84 21:81 16:64 8:32 27:105 17:67 2:8 4:16 33:129 39:155 26:100 52:204 4:14 30:116 9:35 39:155 23:91 32:124 9:33 1:3 47:187 24:92 23:89 6:20 30:118 20:78 42:168 38:148 33:129 4:12 26:100 22:86 38:152 38:150 27:105 2:8 17:65 9:33 23:89 26:102 28:112 12:48 18:70 16:64 11:43 16:64 6:24 22:84 38:152 22:88 38:148 19:73 22:86 20:76 5:19 40:156 25:97 6:20 9:35 36:144 34:134 17:67 36:142 22:84 25:99 24:94 24:96 30:116 14:54 21:81 18:70 24:96 14:54 23:91 2:6 5:17 17:67 24:92 32:128 38:148 12:48 22:86 36:144 35:137 21:81 26:100 23:89 27:105 31:121 10:36 38:150 33:129 10:38 32:128 23:91 14:52 35:137 37:147 34:136 23:91 21:81 34:134 30:116 8:28 8:30 17:65 30:120 30:118 38:150 37:145 27:107 27:107 23:89 32:124 3:9 44:176 25:97 26:104 12:46 35:137 28:110 37:147 19:73 24:92 13:51 26:102 30:118 28:108 17:65 32:128 28:110 40:156 13:49 24:94 24:96 26:100 24:94 16:62 26:104 7:27 37:147 6:22 25:99 19:75 10:40 27:107 36:142 47:185 14:56 12:44 37:145 26:104 15:59 40:156 25:99 20:80 4:12 44:176 31:123 23:89 4:16 47:185 24:96 14:56 1:3 6:22 29:115 32:126 32:126 11:41 23:89 14:52 29:113 32:128 10:40 15:59 10:38 33:131 26:104 14:54 10:38 1:1 37:145 37:147 38:150 37:145 19:73 36:144 16:60 22:86 36:144 4:14 35:139 21:83 24:94 8:28 23:91 19:75 28:112 14:54 17:67 36:144 12:48 30:116 13:49 31:121 23:89 9:35 6:24 41:163 38:148 1:3 7:27 13:49 17:67 3:9 31:121 21:83 17:67 16:62 40:160 18:70 24:92 46:184 17:65 22:84 20:78 16:60 14:54 34:136 22:84 33:129 1:1 11:41 3:11 53:211 18:72 40:160 10:38 12:44 3:9 16:62 28:110 7:27 14:56 14:54 45:177 40:158 20:76 8:32 21:83 38:148 8:30 17:67 17:67 22:86 23:91 13:51 39:155 4:16 3:11 17:65 7:27 12:48 16:60 36:140 36:140 34:132 2:6 8:32 13:51 2:6 7:27 40:156 31:123 17:67 35:139 12:48 14:52 29:113 24:94 13:49 16:64 19:73 2:6 30:118 7:25 4:14 2:8 18:68 37:147 18:70 4:16 25:97 29:113 26:104 29:113 34:132 28:108 17:67 15:59 46:184 26:100 35:137 36:142 19:73 35:139 61:243 9:35 34:134 14:56 12:48 8:32 18:68 5:19 8:28 34:136 9:33 7:27 11:43 10:38 12:44 47:185 29:113 24:92 10:36 23:89 30:120 16:60 18:68 11:41 0:0 9:33 20:78 1:1 36:142 22:88 5:17 13:49 14:56 5:19 17:67 20:78 2:6 40:158 11:43 4:14 3:11 35:139 32:126 20:78 25:99 37:147 7:25 21:81 10:40 11:41 36:140 34:132 4:12 38:152 14:54 28:110 32:128 23:89 24:94 28:112 7:25 24:96 25:97 10:38 47:187 32:124 32:128 34:134 7:25 31:123 6:20 8:30 18:70 31:123 14:56 28:108 34:132 26:100 19:73 22:84 26:104 11:41 20:76 39:155 11:41 12:48 17:67 26:102 32:126 38:150 23:89 1:1 33:129 19:73 29:115 35:139 30:116 13:49 20:76 14:52 19:73 22:86 21:83 6:22 10:36 17:65 3:11 22:84 28:112 23:89 1:1 31:121 18:70 22:86 12:44 12:48 32:128 40:156 11:41 16:62 50:196 19:73 6:20 33:131 18:72 36:140 1:3 14:52 29:113 27:107 4:12 28:108 5:17 21:81 24:94 12:44 35:137 22:84 23:91 19:73 33:131 25:99 47:185 28:110 4:14 18:72 22:88 4:12 23:91 18:70 13:49 22:88 11:43 24:96 23:89 12:46 4:14 38:150 20:80 4:16 6:24 40:158 15:57 10:36 14:52 7:27 36:144 22:84 31:123 32:128 32:128 ; 
L -6 -4 -23 18 11 -24 17 -13 -30 -46 -43 -14 4 16 -19 14 -46 50 -36 28 -20 -5 42 -12 36 24 -13 9 18 -35 37 -15 -19 -43 48 2 -29 -47 47 -31 -31 20 46 -35 35 -20 20 33 -41 -4 -39 22 -27 -33 36 47 -23 -7 -35 -5 8 -19 44 5 27 -29 42 24 23 -27 47 33 38 -4 -26 -50 7 20 -14 -27 23 -1 -14 -27 -38 45 8 -13 22 47 -39 44 -46 -24 47 -26 46 7 45 -25 -38 -36 -10 -31 4 29 19 -38 -39 -11 37 49 -41 39 -29 -10 4 -9 12 -23 40 -7 -42 9 2 -7 -12 23 14 -14 1 14 24 -45 -20 35 -25 31 -37 -20 -13 39 24 -32 -46 -26 -30 -29 -44 8 5 26 29 16 23 -28 38 2 19 -46 37 37 49 5 -26 -28 -25 -14 -12 -25 -37 36 35 35 -3 6 -47 -33 -38 49 10 -47 -4 -19 -23 -36 20 43 -36 10 16 19 -45 -30 -23 -13 14 46 -11 29 20 -37 -23 47 -4 40 -45 2 11 22 25 34 24 43 -24 46 17 4 42 39 -22 -44 -30 48 2 44 -25 11 -14 36 -12 -9 -15 40 -44 -29 1 -2 -1 23 -9 -28 -16 -4 -2 -15 25 -47 23 -16 -17 11 48 34 20 37 -5 49 10 -11 4 -19 -7 -33 -21 15 -39 4 -27 34 -9 32 -46 -47 -8 6 -26 18 36 20 20 29 -42 -31 -17 -1 -10 -11 -35 47 46 -5 25 -25 -9 45 24 -19 16 -18 -21 33 38 24 41 34 -44 -50 12 12 -41 30 -11 -13 -14 47 -6 -45 -22 -21 6 47 15 -29 -23 -48 -27 49 -44 19 -49 22 -9 10 4 21 -5 -22 22 -31 32 -2 42 -11 13 -47 23 -12 44 50 -50 36 -49 -30 -45 -30 49 27 11 -23 -17 -48 49 21 17 -34 19 10 2 7 8 -3 16 -28 47 -26 -41 24 44 19 21 3 -10 -49 4 -11 -44 18 -3 -38 50 -30 -29 10 24 -48 -25 41 -20 -12 -39 4 -26 -28 42 2 43 -31 18 36 -24 -4 -28 -1 47 -39 28 33 -46 37 -12 -8 -46 46 41 -16 -38 36 44 -50 -9 -50 -36 13 -4 -16 -48 -23 35 -16 26 23 -38 25 -10 -3 37 13 14 2 -2 4 -16 -13 -13 44 -29 -21 -43 17 -5 -14 -46 -35 -4 33 14 1 -34 22 11 4 14 27 -4 -2 40 -34 17 34 32 -30 -14 39 -5 11 -17 -41 -4 -30 -42 48 18 20 50 10 -19 36 41 -24 ; 
11 66 62 100 5 76 56 73 2 24 32 55 77 38 19 54 96 46 60 67 80 2 65 89 22 49 57 83 51 82 60 26 45 75 16 48 92 33 56 10 18 90 92 73 53 30 67 78 79 58 48 64 33 7 38 31 95 71 6 89 28 76 7 45 23 27 72 49 8 92 24 33 90 53 57 36 67 18 71 33 96 25 56 40 31 77 52 91 3 88 78 15 19 36 91 73 87 62 7 38 29 1 68 3 11 19 49 55 8 92 4 38 68 94 35 56 3 72 92 82 88 97 47 7 97 58 53 40 10 37 45 89 92 49 24 42 11 22 26 72 44 5 95 50 83 85 69 16 52 21 56 67 64 20 98 100 54 20 98 82 26 17 14 98 78 99 19 98 45 16 8 15 32 66 13 80 32 28 74 55 75 54 46 5 77 79 39 89 35 88 15 41 2 6 86 20 42 47 21 87 78 75 46 78 90 85 99 75 18 58 29 95 51 72 10 77 24 63 100 92 3 61 96 5 36 50 79 32 8 58 2 3 61 100 27 85 50 32 34 68 16 25 39 45 45 69 74 68 44 30 22 63 38 43 64 49 92 10 43 97 86 6 90 54 22 89 59 63 87 16 18 2 86 50 93 44 43 59 33 55 66 68 40 59 20 36 38 44 98 77 61 81 22 30 83 27 94 60 55 34 88 62 37 75 29 86 35 14 46 42 95 51 97 44 6 11 74 18 88 13 21 19 38 87 12 84 91 40 69 93 15 51 69 81 85 49 67 54 29 75 21 61 37 54 35 32 29 38 38 72 87 70 16 74 33 80 73 15 72 6 12 19 25 11 13 28 62 17 17 88 59 15 19 36 56 67 76 2 85 22 47 12 19 75 14 3 24 60 88 98 100 81 93 65 58 12 88 95 80 9 50 14 46 89 65 2 29 70 33 22 36 66 81 78 31 35 8 93 58 69 59 51 36 52 14 20 20 44 93 61 72 96 25 71 74 38 66 64 90 59 10 78 19 12 16 55 95 51 99 69 22 95 98 69 66 55 32 87 4 58 53 18 13 54 80 49 91 50 84 16 28 12 31 30 69 42 60 7 95 83 59 21 23 68 47 46 98 91 19 56 40 37 73 85 83 5 40 9 73 44 53 ; 
L -6 -4 -23 18 11 -24 17 -13 -30 -46 -43 -14 4 16 -19 14 72 -46 38 18 -35 37 -15 -19 -43 48 50 12 7 -2 -9 -10 2 19 -46 12 -41 48 -24 29 30 -50 38 3 -18 44 11 -4 49 10 5 -39 14 30 35 46 14 -56 5 -17 43 21 29 -63 -69 -34 4 -38 39 -47 -26 -50 7 20 -33 27 -23 -28 42 43 -31 30 46 32 -24 -39 13 -40 2 4 -27 -4 -11 -22 16 -41 -46 46 8 12 28 -27 -49 -37 -23 47 -4 40 -45 2 11 25 34 24 4 23 -11 23 29 -15 -47 -6 21 -85 22 45 6 -47 -54 14 -9 -66 13 -73 -24 -36 -55 12 -42 -79 20 -28 36 -50 -33 -58 14 -38 28 23 -29 -44 8 75 10 4 21 -5 -22 22 -31 32 -2 42 -44 12 -23 -77 19 14 -78 -11 25 -44 -2 -48 44 -41 -30 -42 48 18 -27 23 -1 37 38 -68 -65 27 7 45 -25 -38 -36 -31 13 -4 71 5 26 16 23 28 -18 -21 -59 -24 -42 -41 -38 36 44 -50 52 -9 -50 -20 -29 11 -46 -14 13 30 45 -19 35 -25 31 -37 70 -29 1 -2 -1 23 -9 -28 -16 -2 -15 -5 25 -25 -9 45 24 -19 4 14 -14 -46 26 -84 -47 24 46 -44 39 -47 -22 -8 49 46 32 -46 -47 -8 6 -26 18 24 -45 -20 -16 -10 36 -43 -20 36 23 -74 19 39 37 37 49 5 -26 -28 -25 -14 -12 -25 -37 36 35 35 -3 6 -47 -33 -38 10 -47 16 -4 37 -5 31 42 -29 -20 -20 -36 -1 51 -45 -30 -36 43 -24 46 17 4 42 39 -22 39 -29 4 -19 34 -17 -21 -49 13 11 -30 11 -17 11 67 48 34 20 -28 -33 4 -36 47 -13 11 20 -29 10 2 7 8 -3 50 81 61 -50 36 -49 -30 -26 -48 49 -44 57 19 -49 22 -9 -16 -48 -23 35 -16 26 23 -38 25 -10 -3 37 13 14 2 -2 4 -13 -13 44 62 20 7 19 -80 -4 -10 -49 83 -1 -10 -11 -35 64 47 29 -27 -5 -44 19 5 35 7 23 -76 -47 -36 33 27 -22 39 4 41 -33 -20 20 -35 35 -46 -20 31 31 -47 47 -3 -21 -44 -24 41 26 -47 -37 46 -33 -82 24 -36 -18 11 39 -19 -60 -29 -17 -48 24 41 34 -44 12 12 -41 -9 12 -23 40 -7 17 16 -23 47 -25 9 27 39 -15 21 44 -40 15 9 12 -36 -32 -34 -17 1 14 53 1 -34 -42 41 -24 ; 
5:17 27:105 25:99 40:160 2:8 31:121 23:89 30:116 1:3 10:38 13:51 22:88 31:123 16:60 8:30 22:86 33:129 33:129 10:38 31:123 33:131 24:96 11:41 18:72 30:120 7:25 43:169 13:51 22:84 24:92 39:155 16:62 8:32 40:156 33:131 9:35 10:40 70:276 5:19 49:193 40:158 33:129 40:160 40:156 36:140 24:96 10:38 2:4 6:22 30:120 7:27 19:75 28:108 10:36 34:136 22:86 6:20 31:123 38:148 22:84 24:92 2:6 35:139 39:153 1:3 7:25 17:67 22:84 31:121 14:56 14:56 15:57 27:107 8:28 23:89 14:56 37:147 36:142 13:51 10:38 28:112 27:107 26:100 34:132 20:80 38:152 2:8 2:4 24:96 17:67 28:110 8:28 5:19 12:44 12:44 8:32 6:22 21:83 15:57 21:81 24:94 43:169 6:24 28:112 19:73 32:124 36:144 34:136 40:158 30:120 8:28 25:99 38:152 21:81 15:59 10:40 3:9 38:150 5:19 35:139 16:60 8:30 9:33 8:32 26:102 36:140 8:28 30:118 12:46 36:142 20:78 34:132 38:152 34:134 1:3 20:78 3:11 36:140 36:142 11:41 14:54 32:128 27:107 24:96 24:94 23:91 22:86 8:30 22:86 38:150 8:32 21:83 9:33 39:153 17:67 34:136 20:78 27:107 22:86 12:46 30:120 9:33 25:97 15:59 3:11 16:60 16:60 20:78 12:46 22:84 7:25 23:91 13:51 32:126 20:80 15:57 41:161 34:134 13:49 16:64 15:59 30:116 51:203 39:153 10:40 11:41 42:168 40:156 28:110 33:131 5:17 3:11 16:60 12:46 1:1 23:91 19:75 30:118 8:32 22:88 27:107 23:91 40:156 13:49 36:142 36:140 25:99 16:60 20:78 38:150 4:14 18:70 38:148 25:97 7:27 30:120 39:153 14:54 32:124 35:139 9:33 19:75 17:67 12:44 3:9 1:3 19:75 5:17 9:35 11:41 8:30 40:158 20:80 13:51 14:54 28:108 7:25 10:40 16:62 23:89 28:110 18:68 9:35 12:48 34:132 11:43 38:150 24:96 6:24 28:112 15:59 8:30 35:139 34:132 8:32 37:145 15:57 8:30 6:24 32:124 36:140 26:104 4:16 34:136 18:68 35:137 20:80 38:148 18:70 18:68 24:94 38:150 20:78 10:38 15:57 6:24 36:140 14:56 36:142 16:62 32:126 9:33 27:107 8:28 22:86 7:27 6:22 40:156 32:124 40:158 8:30 40:156 18:72 7:25 4:12 6:24 13:51 27:105 6:20 32:128 13:51 12:44 30:118 44:172 22:86 18:68 12:44 7:27 37:147 23:91 24:94 16:64 28:108 27:105 22:88 25:97 20:80 9:33 32:128 28:110 28:112 4:16 31:123 10:38 26:100 40:160 37:147 2:4 5:17 14:56 22:84 7:25 25:99 12:44 6:20 5:17 6:24 18:70 39:155 19:75 40:156 41:161 14:54 15:57 18:68 26:102 46:180 28:112 20:78 14:54 6:24 13:51 14:56 47:185 28:112 12:48 7:27 36:140 24:94 6:24 7:27 12:44 21:81 20:76 28:112 7:25 30:118 11:41 18:72 22:88 28:110 5:19 37:147 6:24 21:81 28:110 51:201 27:105 26:102 36:144 24:94 4:16 32:124 8:30 5:19 7:25 22:88 38:152 21:81 40:158 28:110 9:35 38:152 51:203 27:105 22:88 18:68 21:83 28:108 36:144 24:96 24:92 16:64 18:68 10:38 34:134 16:60 18:70 40:156 22:86 14:56 9:35 11:43 10:36 18:72 3:11 8:30 36:142 3:9 29:113 19:73 26:100 13:49 16:60 3:11 14:52 26:102 20:76 24:92 32:126 32:124 27:107 12:48 22:84 30:116 37:147 36:144 8:28 4:16 23:89 12:44 5:19 22:86 34:136 1:3 31:121 27:107 36:142 28:110 24:92 33:131 21:81 15:57 9:35 6:20 37:147 24:92 32:126 8:32 3:9 8:30 7:25 12:46 35:137 14:56 16:60 17:67 38:152 40:160 37:147 33:131 36:140 39:155 12:48 9:35 12:48 18:70 28:108 29:113 7:27 55:217 24:94 36:142 2:8 11:43 40:160 25:97 2:4 1:3 5:17 24:94 34:132 43:169 40:158 18:72 33:129 34:134 52:206 23:91 18:70 22:84 ; 
L -39 35 32 30 -8 32 13 -12 26 -8 -15 -32 -3 -14 -3 3 2 -27 -21 49 -27 5 30 8 -31 -34 -5 46 -1 19 17 7 37 18 41 24 -45 -22 -24 -29 -41 9 -44 1 -10 42 29 21 -44 30 50 -38 2 23 7 -39 -34 -24 -32 31 -11 49 -5 10 -45 -47 15 16 -39 -2 40 47 24 18 -33 14 -20 30 23 -9 9 5 24 -17 45 -29 -9 -20 4 8 -31 -6 -37 45 39 12 14 -40 23 -33 -1 -19 -26 19 5 -40 -27 -16 9 -23 -38 -34 11 -26 38 21 -20 -22 -30 26 -11 -30 -19 47 30 28 -4 38 4 -44 -23 -45 43 -26 20 -20 -26 -30 -41 2 19 2 30 14 -21 46 -3 -8 33 -32 -1 -26 -40 -33 -13 33 14 47 -40 -23 41 -49 12 36 44 37 44 15 -7 20 21 -34 -32 -50 4 -50 -28 -31 49 -33 39 -45 -37 -24 -8 -9 27 -5 33 -19 -34 4 10 -34 -22 45 -49 -16 -17 -19 -29 -4 14 17 -13 38 27 -34 16 42 -8 -40 -47 -25 27 6 -19 -31 24 10 43 -23 -48 -24 22 36 25 34 9 26 -19 46 -48 31 26 -5 -8 -34 27 -20 -9 -29 8 -50 -20 48 23 -28 17 5 41 49 -5 28 -14 11 12 -43 -30 -18 14 -24 -15 8 -9 -47 -31 -27 -44 -11 -23 7 28 43 11 25 10 47 -27 -33 26 42 23 -25 30 -35 -47 -44 -12 37 -22 -27 50 -20 5 13 -20 -22 9 15 36 49 -48 -22 28 -38 3 40 -23 28 21 -24 -29 -38 -8 -26 -33 -43 -9 -14 1 20 29 -6 -23 47 -48 49 50 -18 21 28 -33 -43 31 2 25 48 47 -47 32 -38 -9 28 47 -50 27 -13 12 50 16 -28 -17 12 23 25 -9 -5 -10 -44 49 12 49 -23 -29 -31 34 7 9 7 -13 -45 43 -46 12 1 12 -2 -42 -1 -17 3 22 -27 43 -2 12 -2 -41 -19 39 48 -5 13 21 6 33 20 50 -12 -33 15 -9 -17 -35 -41 -44 -41 31 -16 -2 -4 -33 35 -10 8 -37 7 -32 49 31 26 -27 48 26 3 50 16 -35 -13 9 -18 49 9 25 9 26 -48 36 -40 22 13 -42 19 34 -23 13 36 -45 7 -2 44 -44 13 -19 9 -31 9 22 -26 16 -23 -49 49 -26 42 -29 26 49 -44 -46 -18 -31 9 15 -5 36 -15 39 7 -47 -48 44 22 -2 19 -25 42 -47 15 40 44 -4 48 -48 33 7 49 7 -9 ; 
28 48 83 13 60 99 43 51 32 3 66 95 57 24 25 37 94 33 41 4 52 60 15 31 70 62 78 98 50 1 59 8 21 83 82 58 95 33 52 28 52 23 21 79 26 3 52 96 56 38 5 16 99 36 79 86 35 93 25 69 19 63 38 10 60 32 59 68 27 29 76 66 76 52 62 38 54 12 70 24 90 35 20 15 25 90 61 8 22 59 17 5 96 95 18 52 2 90 86 84 99 1 23 54 33 86 49 61 69 89 98 72 51 64 93 19 18 56 96 40 62 91 85 2 28 69 58 72 13 35 30 9 82 72 1 54 10 12 72 83 55 15 19 100 78 60 43 64 14 2 92 55 35 4 85 9 64 72 27 85 21 9 25 16 53 62 24 16 46 65 92 96 16 10 75 99 94 76 8 48 67 41 91 90 30 31 17 14 8 42 12 8 34 91 89 89 10 9 11 29 66 79 77 65 14 51 43 88 46 34 18 74 60 84 93 20 11 54 4 74 31 91 40 17 5 2 72 85 42 5 34 6 93 53 45 84 67 40 9 24 49 88 52 57 73 30 99 31 42 71 100 43 77 22 6 15 73 49 83 72 74 22 6 85 59 77 86 10 31 30 86 52 57 94 32 72 27 35 77 6 84 21 27 58 47 41 12 2 98 29 98 85 100 66 72 6 58 2 7 76 99 51 62 14 89 89 58 3 59 44 70 1 40 33 14 11 37 63 33 13 70 49 44 56 71 55 5 48 79 13 74 37 15 15 18 17 84 58 22 60 33 40 5 91 8 2 92 80 88 82 71 32 82 82 70 14 83 47 26 59 95 42 57 27 87 37 63 71 99 71 80 52 20 74 62 3 81 68 26 12 9 80 98 79 60 47 42 84 30 85 17 18 75 4 64 82 100 95 94 25 65 42 84 85 79 34 69 53 80 79 46 28 16 91 34 60 52 32 15 22 77 60 48 82 74 19 65 89 88 42 29 73 27 60 98 84 59 71 87 32 31 20 23 25 93 100 68 11 28 44 41 88 50 17 8 8 66 7 18 37 26 47 64 28 40 55 47 7 45 22 41 23 19 94 83 19 89 82 78 40 54 11 88 60 10 65 71 23 18 86 7 41 38 66 40 85 78 48 93 25 45 ; 
L -39 35 32 2 -12 2 -42 10 44 -9 41 29 -44 -7 2 -7 45 -36 -13 23 -34 -19 42 -13 -22 40 -77 -36 48 -26 -9 -18 -24 -8 -41 40 -14 -12 -39 -45 37 -60 6 31 -33 -1 -19 -26 19 5 -40 -5 36 -7 -17 -19 -82 24 37 45 -39 -49 31 28 50 -4 50 32 -63 34 -80 -21 -20 7 -27 -49 44 10 5 9 -25 -23 49 -5 10 -45 -47 15 -26 54 -30 64 -41 2 19 2 -19 81 9 -31 9 22 -26 16 8 -37 7 -32 49 31 26 48 26 3 50 16 -35 -13 -45 49 23 29 17 28 -16 -50 32 -38 -9 28 47 58 -31 -46 19 -26 -9 34 19 -33 5 -27 9 8 -49 -12 33 22 48 -69 24 22 45 -24 -41 -18 48 47 -7 47 -40 -23 41 -49 73 36 51 -46 21 -30 1 -46 5 34 -71 31 -8 -30 -5 27 -26 -33 -43 -14 1 20 29 -23 74 -12 37 65 -46 12 12 42 15 40 -13 9 -18 -27 50 5 13 22 36 25 34 -20 -9 -29 -20 48 -28 17 -3 -76 38 -50 -30 44 -21 12 11 -31 32 24 34 39 -7 -8 -34 27 47 -48 49 50 -18 21 28 -33 -43 25 -20 -22 -30 26 -11 -30 10 -34 -22 45 -49 -16 -17 -19 -29 -4 8 -50 14 -2 -42 -1 3 -27 43 61 -15 39 -14 -33 13 33 40 26 -68 1 32 -78 -33 8 3 44 37 44 62 15 6 -19 -31 -26 12 -13 -32 8 -30 -28 -56 -75 5 -49 -28 -30 -47 -53 19 -13 5 -48 19 22 20 24 48 26 -43 45 23 -4 -38 4 -7 -33 48 -48 -4 20 9 29 -45 17 -24 -5 -9 9 -23 -30 20 -14 25 47 40 8 -70 -16 34 -38 13 -17 25 -19 2 -84 -44 -37 -79 10 49 67 13 -23 -29 -31 72 34 2 23 -23 28 21 -24 -38 -52 -40 2 39 -16 20 -20 44 47 35 -30 25 -23 -42 -26 33 27 -47 -10 -25 14 -24 -15 8 -50 27 -13 12 47 -47 -48 -25 -33 15 -9 -17 -35 -41 -44 -41 85 31 -16 -2 -4 -33 35 49 9 31 2 -50 -20 -33 4 -44 -9 -7 -28 -15 -9 18 46 44 -49 -26 -42 26 -55 -49 43 -36 -49 -41 -5 -83 -15 -9 -8 -6 -21 23 -43 -10 -24 57 -8 -15 59 -32 -3 66 -3 3 2 -27 -21 49 -27 -16 -23 -38 -34 11 -44 -11 7 28 43 11 18 30 43 -12 -11 14 -21 -38 27 31 26 -5 -40 7 -9 ; 
12:44 20:76 34:132 7:27 34:134 17:67 17:65 2:4 4:12 9:33 10:36 21:83 16:60 44:176 31:121 17:65 18:70 12:44 5:17 28:108 40:160 38:148 10:40 10:36 8:32 13:49 1:1 21:83 35:139 29:113 24:94 7:27 21:83 19:73 10:38 30:118 36:144 1:3 21:83 8:28 38:152 38:150 14:54 2:8 10:40 40:158 1:1 10:36 22:86 14:52 35:137 22:88 36:142 43:169 4:12 24:94 8:28 36:144 36:144 37:145 17:65 19:73 4:12 31:121 38:150 40:158 30:120 4:16 0:0 23:89 38:150 5:19 37:147 26:104 7:27 43:169 38:152 24:94 11:41 19:75 34:132 6:22 35:137 16:60 4:16 24:96 13:51 24:94 27:107 21:83 21:83 8:30 27:107 34:132 22:88 6:24 7:25 33:129 30:118 27:105 3:11 8:28 15:59 11:41 17:67 21:83 13:51 6:24 9:35 31:123 24:96 37:145 30:118 8:30 26:104 36:142 36:140 21:81 21:83 17:67 26:102 18:68 22:86 33:131 13:51 29:113 22:86 16:64 2:8 37:145 4:12 32:126 26:100 32:126 3:9 14:54 2:8 22:86 5:19 17:67 4:12 6:22 7:27 13:49 10:40 23:91 3:9 46:180 6:22 44:174 35:139 21:83 14:52 38:152 24:92 33:131 16:60 5:17 22:86 20:78 11:43 34:136 9:33 4:14 20:80 31:121 25:99 18:68 24:96 16:60 4:14 20:80 40:156 32:124 24:92 27:105 28:112 13:49 6:24 24:96 2:8 15:59 26:100 14:52 28:112 20:78 18:70 48:188 18:72 10:38 12:46 22:84 27:107 25:99 33:131 20:78 28:108 3:11 13:51 12:46 30:116 11:43 40:160 18:72 3:9 11:41 1:3 29:115 34:136 1:1 20:78 36:140 28:112 12:48 6:24 17:67 8:30 20:76 36:144 7:25 2:8 16:60 23:89 50:198 19:75 8:30 28:110 10:40 38:148 14:56 35:137 15:57 16:64 4:14 13:51 2:8 20:76 32:126 6:20 30:118 15:59 6:24 6:24 16:62 14:54 23:89 39:153 16:64 25:99 37:145 14:52 37:145 36:142 36:142 4:16 4:14 5:17 12:46 27:105 32:126 28:108 23:91 26:102 27:107 11:41 5:19 35:137 48:188 24:96 12:48 34:132 32:124 26:100 26:102 4:14 34:136 2:6 14:56 20:80 5:17 37:147 5:19 18:70 6:22 26:102 1:3 25:99 10:38 37:145 30:116 20:78 5:17 22:86 9:35 13:51 21:81 18:68 40:158 24:96 5:17 32:128 38:148 19:75 31:123 13:49 28:110 12:44 39:153 28:108 30:118 2:6 30:120 13:51 22:86 1:3 15:59 7:27 24:94 29:115 33:131 4:14 16:60 6:20 29:115 13:51 32:124 34:136 16:64 12:44 9:35 4:12 25:97 36:144 10:40 6:24 8:32 14:56 36:144 10:38 28:112 5:19 22:86 25:97 34:134 24:96 30:118 12:44 31:121 19:73 47:185 21:81 6:22 16:64 29:113 26:104 7:25 37:147 54:212 14:52 12:46 16:60 10:36 28:112 4:16 35:139 15:59 22:84 28:112 40:158 15:57 26:100 18:70 28:112 1:1 3:11 23:91 10:40 31:121 12:46 11:43 5:17 22:86 36:140 1:3 5:19 17:65 19:75 24:92 11:43 9:33 34:134 3:9 31:123 14:56 11:43 49:195 9:35 3:9 34:136 12:44 37:147 32:128 36:140 25:97 24:96 9:35 24:92 31:123 17:67 34:134 34:136 32:126 14:54 28:110 22:84 37:145 19:73 32:126 19:73 12:44 7:25 37:145 0:0 24:96 31:123 7:27 4:16 38:150 38:152 28:108 16:60 22:84 40:158 20:80 33:131 34:132 18:72 10:36 17:65 9:35 18:72 13:49 22:88 20:76 6:24 3:9 23:91 1:1 35:137 40:160 19:73 33:131 31:121 8:28 52:206 33:131 16:60 37:145 13:49 30:118 10:36 32:128 27:105 21:83 32:128 23:91 10:38 11:41 15:59 38:150 14:52 17:65 2:6 24:94 25:97 46:182 40:156 29:115 21:81 29:115 12:48 40:158 23:91 38:150 13:51 10:38 29:115 34:132 20:78 30:116 6:24 7:25 8:30 17:65 4:16 32:126 34:134 43:169 55:219 10:40 18:72 ; 
L -4 -50 49 48 -6 36 49 1 18 49 10 24 -27 -27 -39 33 3 -50 49 -10 -26 -24 45 -41 25 -28 15 -39 16 8 33 2 -46 -48 -49 28 18 -45 -19 40 -25 -13 -5 -9 -8 41 11 31 -40 -4 -25 10 -8 32 14 18 -26 -27 -22 45 -46 -42 -31 4 10 3 -36 -33 32 -49 -34 -9 38 32 -34 -2 -3 17 -37 47 -20 -45 -10 -31 -40 -23 -19 31 19 -50 29 49 19 34 -29 -32 -44 -18 46 -46 -41 -40 14 14 -18 -46 31 38 8 -19 12 -21 -12 -3 -38 44 2 -14 -23 -39 -5 -12 -11 -7 41 23 -21 35 -48 -50 -47 22 38 36 -21 -4 -19 -1 -45 2 -42 -34 -10 5 39 -30 11 -36 -8 42 -11 50 38 -30 -1 39 43 -27 9 42 29 29 -12 14 -37 -38 -10 15 -47 4 27 -37 25 -7 -26 -29 -7 -19 45 -42 -28 21 40 10 26 -45 -27 48 21 31 42 16 -30 50 44 -7 -30 -9 7 -40 13 -48 -16 32 31 -42 48 -42 49 37 -44 -32 -12 -31 19 36 -29 -39 27 -37 39 -17 29 47 45 -41 22 -23 -48 15 -13 3 -42 42 7 -23 -37 -7 -13 40 -16 -34 -17 -19 -38 28 -12 -11 46 -10 -47 -49 -31 -21 -10 40 21 -23 -49 -37 -34 31 -16 36 -30 29 -36 37 19 18 32 28 -50 44 -7 -16 1 -50 17 7 41 10 3 -22 -18 -30 35 12 -9 28 -17 44 16 38 -46 10 12 -31 -43 10 11 -32 -23 32 39 -37 15 5 -25 50 -34 -47 -17 -21 -47 1 -32 19 -29 -48 -37 -42 34 49 -7 -3 -37 -30 -31 15 49 41 -3 49 21 -25 -37 20 -23 36 -32 -25 -35 -45 1 45 50 4 -6 50 30 28 4 -6 -31 -24 -40 18 34 -13 -46 -4 -26 -1 4 -12 43 -37 14 -37 34 23 15 -24 -3 -36 22 1 -42 -50 19 42 -21 -25 22 20 -28 22 29 -10 37 28 -13 19 -36 -22 47 12 -7 32 -34 2 -49 -24 19 42 16 -32 10 31 50 -47 1 -32 -38 -3 -2 43 17 25 -24 -30 -35 -34 41 -37 -32 -41 -46 -28 23 47 34 -47 -7 44 -25 48 -1 38 43 16 38 -7 -20 -48 -47 23 48 46 -47 -8 -6 -48 33 -11 31 31 -4 -23 -13 -30 -7 25 -3 -24 -36 8 29 15 27 45 18 -24 26 -4 33 -2 -37 21 -15 -20 46 -20 34 -5 30 5 -2 6 14 -43 2 -44 -32 -4 16 35 -35 -44 ; 
14 28 16 56 89 31 69 55 2 31 1 69 1 86 65 49 29 89 76 94 72 38 49 74 39 23 99 13 91 15 54 83 35 18 62 78 9 85 28 7 36 65 75 22 2 16 43 94 57 90 25 69 14 99 91 81 71 3 6 91 85 100 17 19 34 24 24 17 46 18 59 31 90 47 100 54 87 29 29 94 52 71 32 34 80 91 38 85 4 15 2 44 70 74 49 1 65 74 74 100 36 42 26 86 41 8 51 53 76 85 28 30 19 53 44 78 30 86 52 85 84 82 81 7 72 54 95 34 39 66 99 28 3 31 4 8 5 40 79 94 57 42 62 49 16 67 94 66 93 62 51 62 95 80 95 45 76 6 71 16 86 48 80 53 93 3 32 51 85 16 72 49 40 94 34 69 17 52 92 14 85 25 98 30 67 37 37 79 31 100 99 39 70 23 47 44 28 96 33 61 57 58 38 38 58 5 53 90 15 23 69 29 16 65 37 33 82 59 74 48 76 81 99 98 20 7 36 81 68 22 85 78 21 64 54 67 62 85 32 77 50 6 80 66 77 91 85 58 13 14 22 35 76 71 2 43 61 80 81 49 5 57 68 24 56 3 7 57 47 35 4 21 48 15 46 31 25 27 15 90 22 99 18 54 70 58 37 66 9 55 72 39 47 42 84 35 86 16 94 11 45 34 4 60 16 88 46 69 46 62 52 99 1 38 26 79 78 96 80 37 100 64 42 45 63 19 8 94 15 97 73 92 73 17 88 11 61 8 46 31 26 50 35 13 2 43 89 90 84 24 16 35 72 45 93 45 79 48 46 68 76 84 42 61 58 45 48 49 88 49 92 30 88 63 34 35 53 59 90 12 98 76 5 100 59 54 55 58 69 15 44 22 71 54 32 55 93 75 27 17 94 9 50 8 49 25 13 21 71 14 35 30 45 64 61 20 99 6 55 37 26 86 95 39 22 16 64 17 28 38 11 69 23 71 56 33 62 1 13 75 4 30 42 69 91 2 73 6 47 31 48 56 79 26 31 66 89 35 49 12 63 44 28 37 34 10 49 11 35 43 43 55 95 47 45 65 51 27 42 32 48 84 5 24 57 50 74 82 79 97 79 52 23 51 70 45 13 75 18 59 16 ; 
L -50 49 48 -6 36 49 1 18 49 71 10 24 -27 18 32 -14 7 -49 -34 29 -19 32 -1 47 21 17 47 34 -9 3 -22 -18 -30 -43 -41 42 -21 -35 -27 -29 36 24 3 -32 -4 16 -25 7 47 -48 32 39 -37 5 -25 -29 -22 28 -20 -22 30 -16 -84 -77 -42 -31 -52 -21 -48 19 -27 34 37 49 -46 11 12 -28 38 40 41 46 -46 18 44 32 29 -81 -34 65 -22 47 12 -7 32 59 2 -49 -24 28 -43 19 16 -32 10 31 50 1 -32 17 7 41 10 80 10 33 37 28 -13 19 25 21 -42 -19 50 42 -1 -22 36 3 24 -15 -34 37 -14 37 -43 12 10 51 3 -36 -33 32 -49 -34 -43 -32 -25 -35 -45 -7 -2 6 20 42 13 23 4 -31 -31 11 -76 -33 48 45 -36 -20 37 25 -21 -49 3 -50 29 49 19 36 44 -7 -30 -50 12 5 39 14 -2 -44 38 3 -2 45 1 46 44 -7 -16 1 -50 30 54 -38 4 -6 34 16 -40 7 37 23 -7 42 -3 13 -15 -58 48 23 -22 41 -72 -45 -47 -29 -31 19 23 40 31 -68 -63 10 20 -47 37 -17 3 2 34 -32 -38 9 -38 -22 47 50 48 -4 -19 -4 -26 -1 4 -45 -27 36 -29 30 -36 16 -31 -8 32 4 -26 -10 -42 -34 83 73 -10 5 39 -30 11 -36 -8 34 35 30 -50 2 3 38 -18 -14 -28 21 40 -21 -40 10 -74 21 35 12 -9 82 28 67 -17 44 16 79 38 -46 10 12 -31 -43 10 11 -32 -23 -23 47 48 -7 4 -15 10 38 37 -14 12 -29 -29 -42 -9 27 -5 -30 5 -34 -46 20 15 -21 37 2 -33 4 -26 24 -18 -39 1 -38 -50 11 -30 -3 37 85 -44 -32 78 -13 -5 -8 41 11 31 -40 4 27 44 -37 25 -7 48 -13 -57 40 1 45 50 4 64 -6 -37 -32 -41 -46 -28 23 47 -47 -7 44 -25 48 -1 28 -50 -34 40 24 31 -17 -19 -8 -6 21 -23 -41 7 11 -10 3 -50 49 -10 -26 -24 45 -41 -28 15 -39 16 8 33 2 -46 -48 -49 75 60 28 18 -45 -19 40 62 -25 -12 -31 19 36 -29 -39 27 -37 39 -17 19 -55 -41 -49 -15 31 -70 30 37 -49 42 -48 42 -31 -32 16 56 -29 -7 -19 45 31 46 -45 -61 22 27 26 24 -17 31 -66 16 38 2 14 53 49 47 23 12 21 -12 19 -8 -69 -38 -31 46 18 -14 -43 35 -44 ; 
1:3 7:25 23:89 36:142 13:49 28:110 22:88 1:3 13:49 38:148 38:148 28:110 1:1 21:83 2:6 12:48 2:4 26:100 18:72 39:155 32:128 39:153 32:124 32:126 11:41 16:60 1:1 40:158 42:168 18:70 22:86 28:112 24:92 18:70 4:12 8:30 16:62 8:32 6:20 32:126 14:52 20:78 4:16 28:108 18:72 6:20 6:22 15:59 25:97 32:126 22:86 7:25 36:140 1:1 19:73 28:110 28:110 24:92 22:88 22:86 11:41 28:112 4:14 32:126 11:41 40:158 30:116 24:92 13:49 5:19 28:110 38:150 2:8 20:78 11:43 6:20 24:92 34:136 37:145 30:118 17:67 15:57 40:160 30:118 30:118 26:104 1:1 27:105 6:22 10:38 15:59 38:148 30:120 11:43 7:27 17:67 29:113 20:80 4:12 23:89 26:100 7:25 6:22 9:33 29:113 6:22 14:56 2:4 26:102 21:81 36:144 9:35 40:158 23:91 30:116 16:60 12:44 9:35 29:113 22:86 23:89 40:160 2:8 31:121 40:156 5:19 36:144 24:94 22:84 14:56 14:54 26:100 2:8 37:147 20:78 36:140 20:78 20:76 26:100 15:59 8:30 10:38 7:27 19:73 8:28 24:94 7:27 34:136 20:80 14:56 6:20 21:83 28:112 39:155 22:88 38:148 20:78 26:100 5:19 20:78 14:56 36:142 30:120 30:116 13:49 26:100 42:164 10:36 4:12 25:97 5:17 36:140 7:27 17:67 1:3 18:70 28:112 51:201 6:24 18:70 12:44 18:68 32:128 33:131 34:134 48:190 35:137 12:48 32:124 18:70 17:65 38:150 32:126 35:137 4:12 19:73 13:49 10:40 11:43 6:20 10:38 25:97 26:104 18:72 5:17 3:9 20:80 10:38 34:136 25:99 27:107 3:9 9:33 32:124 34:136 9:35 37:147 28:108 33:129 15:57 40:160 30:120 8:32 40:156 10:36 34:136 16:60 37:145 32:128 14:52 35:139 23:91 9:35 21:83 38:150 12:46 12:46 35:139 22:86 40:160 19:75 36:144 19:73 2:4 12:44 40:158 27:105 11:43 2:8 16:60 17:67 25:97 24:92 18:70 15:59 30:116 3:11 2:4 23:89 10:38 28:108 17:65 40:158 11:43 4:14 27:107 37:145 17:67 5:17 15:59 31:123 20:78 7:25 27:107 38:150 27:105 38:148 16:64 16:62 38:152 26:102 7:27 40:158 8:32 17:65 33:129 53:209 10:40 40:156 18:70 25:97 18:68 28:108 30:116 30:118 27:105 4:14 20:76 14:54 33:129 6:22 16:62 19:75 36:144 16:64 34:134 14:56 35:137 7:25 38:150 5:17 18:72 14:54 2:6 22:84 3:9 30:116 1:1 17:65 8:30 21:81 13:51 2:4 38:148 22:84 32:128 20:76 35:137 7:25 29:113 25:99 33:131 30:118 20:80 2:4 2:8 34:134 20:76 13:51 17:67 11:43 21:81 26:104 18:72 19:75 4:14 18:72 32:124 38:152 25:99 19:73 14:56 6:22 38:152 24:94 12:46 24:94 47:185 30:120 2:4 7:25 18:68 38:150 23:91 58:230 29:115 22:86 25:97 16:64 38:150 15:57 24:92 32:126 11:41 31:123 18:68 36:142 36:144 10:40 28:112 9:33 26:102 7:27 12:44 16:60 5:17 28:110 24:92 23:89 14:52 25:99 1:1 6:20 15:59 20:76 56:220 22:84 32:126 18:72 65:259 27:105 14:52 32:126 16:62 38:152 22:86 29:115 3:11 4:14 18:72 36:142 31:121 38:150 29:115 16:60 20:78 30:118 6:22 40:158 6:20 37:145 6:24 22:86 34:132 14:56 8:28 25:99 21:81 3:11 31:121 4:14 34:136 12:44 3:11 4:16 15:57 9:35 26:104 15:59 14:52 33:131 24:94 30:118 20:76 31:121 33:129 32:128 23:91 3:9 37:147 30:116 39:155 10:36 40:160 38:150 7:27 6:24 36:144 22:84 2:8 24:92 16:60 27:107 26:100 7:27 21:83 37:147 18:68 20:76 34:136 17:67 26:100 3:9 2:4 32:128 11:43 18:72 31:121 33:131 17:67 10:36 10:40 31:123 15:59 14:56 30:116 18:70 8:30 12:48 12:44 34:136 2:8 37:147 22:84 21:81 4:12 17:65 8:32 34:136 25:97 7:25 ; 
L -47 35 2 22 30 29 35 36 8 3 18 42 3 17 -19 42 34 -50 -11 32 -27 -28 -1 28 12 -35 -23 -32 -6 39 5 -35 -23 46 -12 -40 28 30 -17 37 30 -28 -50 45 -47 14 -5 -6 18 13 -39 -1 35 -47 50 -19 -26 13 3 36 -30 2 -46 -36 10 -29 3 -15 43 31 -35 -16 36 -42 -36 50 -13 -35 -33 -10 -15 49 42 50 13 -7 -20 6 -39 -33 10 33 4 -32 49 -35 8 -33 -25 -4 41 38 -42 -20 -41 -29 -4 50 -25 -45 12 29 3 32 1 38 9 -41 27 -24 -46 -13 24 -33 -46 5 -15 5 21 11 -9 -22 50 -34 -33 24 40 -42 28 26 50 18 27 40 -35 -27 -23 48 43 27 1 30 -2 -17 -42 30 -40 -19 30 -4 3 12 -48 -4 -36 26 25 33 27 -19 -35 -2 48 32 -1 18 -20 -28 24 -34 21 -32 -45 -42 -46 33 -41 -38 -20 -20 50 -50 31 16 2 42 37 45 -16 -25 -34 -32 -45 -47 45 9 50 -3 4 21 -39 13 13 17 -39 43 40 -39 -6 -30 -2 13 -49 24 -15 49 12 -12 27 -25 -38 -14 -49 -48 9 -40 -32 -37 -3 -14 46 33 44 23 35 30 -31 -10 42 -28 38 -7 -50 49 -37 36 31 13 9 -45 22 -29 -20 43 48 -22 -21 -42 -21 47 -10 22 -23 13 19 -24 -24 -22 -28 -22 -17 -21 12 23 -7 46 -34 26 6 -13 11 17 4 -35 -11 6 -1 31 49 -35 -33 36 35 -17 -44 -31 35 17 -37 -24 31 49 -2 23 -21 -15 41 43 50 39 -41 -28 -1 -39 -44 -43 -44 -34 -7 6 -14 -13 -9 -30 -43 -20 -2 -37 -50 -15 -20 -43 -41 -21 -32 -28 37 -43 16 44 18 28 35 20 4 -47 14 13 49 -36 16 42 37 50 -44 24 19 23 1 -14 39 38 -32 -16 49 -1 -12 -28 3 40 29 11 42 -21 41 34 38 28 7 -46 27 1 38 -6 -3 -40 -41 -18 32 -18 10 48 39 -11 45 -4 11 10 46 -17 33 -32 -20 -25 29 30 -27 9 -26 -39 30 8 -41 12 1 -37 -40 -19 -33 -16 14 -14 -22 15 5 -21 -33 3 5 11 -38 42 -16 -12 -29 -29 -20 35 -9 -19 39 -33 1 37 49 28 -17 -43 8 -8 40 -40 -43 32 -32 -15 1 45 -6 18 36 -6 28 -32 9 40 35 24 20 -40 39 49 -9 26 -17 -31 -44 -36 37 3 -15 -20 36 40 15 48 -22 -38 17 5 ; 
13 41 61 3 65 1 91 93 82 52 31 71 79 92 72 55 64 88 72 42 43 68 90 22 39 11 50 9 27 25 87 74 69 74 91 74 96 1 38 24 50 49 3 83 86 72 8 15 67 84 41 99 50 42 31 12 25 44 42 53 35 40 87 22 20 73 14 16 12 2 71 85 53 18 96 76 91 67 19 34 21 91 24 23 1 68 80 65 30 6 79 52 1 76 73 85 83 33 74 9 72 19 68 87 95 30 25 37 88 85 3 48 69 68 15 37 37 74 18 18 14 28 62 83 55 12 21 83 99 62 15 20 40 22 30 35 42 82 85 98 63 42 52 60 41 83 3 77 55 82 39 40 67 91 100 41 98 69 37 94 55 83 79 71 78 23 20 77 90 66 15 88 93 85 66 56 68 8 84 64 98 71 87 50 94 24 87 8 97 37 64 56 100 31 18 1 18 28 41 56 13 98 75 48 67 47 27 6 64 68 22 63 17 37 87 45 55 52 80 77 40 98 51 28 43 21 5 65 4 33 73 12 6 73 91 43 85 1 44 6 63 53 40 36 17 13 4 64 56 57 94 90 47 42 18 70 46 92 27 24 100 31 51 4 66 81 25 62 51 73 56 54 7 18 12 56 6 57 52 25 13 64 17 30 84 80 33 69 3 5 48 89 75 32 17 94 18 57 6 86 37 95 28 47 83 11 92 75 22 35 94 33 6 72 6 49 78 33 36 48 47 74 98 80 26 21 65 81 80 55 86 5 96 93 89 17 90 75 12 89 2 69 72 74 29 83 24 100 95 46 95 17 59 41 2 35 62 10 14 33 48 72 66 23 57 85 85 99 1 53 29 81 8 12 49 78 20 58 19 2 31 41 41 7 82 2 84 77 83 36 21 22 61 60 75 35 88 34 27 97 69 65 38 41 82 79 56 51 39 50 97 37 66 46 76 57 74 8 41 80 35 62 82 100 24 28 31 98 52 76 90 14 12 39 71 25 60 18 80 30 45 73 4 49 9 87 70 73 61 64 42 34 79 73 47 99 14 39 94 42 32 10 98 47 23 15 90 58 74 41 85 79 95 68 33 32 91 86 10 90 93 50 4 25 89 19 9 26 7 50 88 77 22 99 52 15 27 16 38 79 10 ; 
L 72 -47 35 2 29 30 36 47 -45 50 -30 -37 -30 40 12 -46 23 35 -5 -39 6 32 -20 69 35 20 4 -47 14 13 49 -36 16 42 37 -1 31 49 -35 15 -29 38 -7 -50 -37 36 31 13 9 -45 22 -29 -20 43 48 -22 -21 -42 -21 47 24 11 42 -21 -33 46 42 45 -30 2 33 -39 19 9 -35 20 29 29 12 -40 -32 -37 -3 20 -38 -41 4 25 33 -8 -49 32 -48 -15 -40 36 -43 -54 -4 49 -1 -12 -39 33 19 40 -1 -12 41 -30 4 -35 -11 -57 49 -48 26 44 -50 -6 28 -64 22 24 24 25 -19 -13 -85 -22 -2 23 42 50 13 -7 83 -20 -39 -36 16 35 -43 -16 -31 -50 20 20 38 41 -13 30 6 39 -40 -43 39 -17 39 -21 42 17 -33 -10 33 28 26 50 18 40 -35 -27 -23 48 43 27 1 30 -2 81 16 32 -38 14 -1 -23 -19 -24 -31 -44 -25 -26 -56 -24 13 46 24 -27 41 -9 -84 74 12 29 3 77 -4 50 -18 32 -18 10 48 39 -11 66 -1 -39 -44 67 -43 -44 28 -42 10 31 -30 -35 -23 -44 -33 14 -41 46 -7 -28 -38 -34 -41 -80 32 -1 50 39 -16 14 -14 -22 15 61 5 -21 -33 11 -38 15 -3 29 36 -59 46 1 82 37 49 28 -40 23 -22 -22 -17 -21 12 23 -7 76 46 34 -40 -3 28 28 41 29 27 -9 -45 -78 47 45 32 34 16 -45 -37 -42 -2 42 -16 38 -6 -3 -40 -41 -25 -45 17 -46 -10 -11 4 -45 49 -9 2 -52 -28 -18 -44 -16 43 -37 28 32 21 41 -70 43 -68 -6 7 -34 26 -33 36 35 79 -17 -44 -31 35 17 -24 31 -36 20 15 -3 -37 42 -62 -40 -24 33 -50 22 9 -11 -21 -5 15 -5 46 33 36 4 48 -12 -3 4 -30 19 40 -30 -4 3 -55 -50 -50 36 42 20 15 50 -65 37 -71 35 19 -27 -33 -20 -28 24 -34 21 -32 35 -12 -28 1 28 27 -32 11 50 -34 -42 19 -17 -3 -42 -18 -3 -8 -36 -35 -29 -30 -60 -22 11 17 39 26 -9 27 -3 -13 26 19 -50 47 -35 1 39 -13 -18 6 5 -14 43 30 13 -73 14 49 9 -9 32 -28 -36 -18 -53 6 -63 -45 -1 15 32 -58 -32 43 40 -40 8 -8 43 17 35 24 20 -40 32 1 15 -49 15 10 33 13 1 48 49 -75 14 38 25 -27 25 20 32 12 6 51 -13 41 -33 -38 17 ; 
15:59 13:51 17:65 25:97 28:110 23:91 22:86 11:41 35:137 34:132 1:1 20:80 8:30 24:92 30:118 37:145 30:118 28:110 30:118 35:139 10:40 11:43 5:17 29:113 10:36 17:65 1:3 14:56 25:99 4:16 6:22 14:52 20:76 29:115 27:105 15:59 23:91 3:9 35:137 15:57 12:48 24:92 36:144 19:75 21:83 28:112 19:73 37:147 11:43 10:38 40:160 13:49 21:81 2:6 27:105 33:129 10:40 25:99 21:81 30:116 35:139 22:86 17:65 3:11 26:100 10:38 38:150 20:80 16:60 16:64 16:64 14:54 17:67 26:102 25:97 30:116 28:112 35:139 4:14 35:137 34:136 1:1 18:70 30:120 7:25 8:30 29:115 4:14 30:118 14:52 53:209 30:116 10:40 6:24 21:83 26:102 13:49 28:112 25:99 15:57 32:124 8:32 20:80 37:145 21:83 40:156 4:16 10:38 40:160 32:126 32:126 13:51 7:27 57:227 1:1 23:91 10:40 36:142 23:91 2:6 16:60 1:3 24:94 23:91 3:9 12:48 27:105 5:19 30:118 17:65 12:48 29:115 5:19 10:36 1:1 28:108 40:156 13:51 27:107 8:28 22:84 34:136 10:38 6:20 13:49 28:112 26:102 15:59 39:155 4:12 31:123 47:185 31:123 32:128 21:83 22:88 18:72 35:139 34:134 9:35 13:51 40:160 33:131 21:83 32:126 1:1 40:156 26:100 17:67 31:121 17:65 34:132 2:4 31:123 22:88 33:131 16:62 16:64 27:107 14:56 8:30 5:19 4:12 27:107 22:84 1:1 40:158 34:136 27:107 4:14 9:35 8:32 41:161 3:11 25:99 12:44 6:22 8:28 8:28 30:118 10:38 13:49 23:91 20:76 28:110 26:102 36:140 15:59 46:182 11:43 39:155 28:110 26:104 16:60 17:65 45:179 14:54 32:128 11:41 27:105 31:121 26:104 30:118 23:91 23:89 26:102 2:6 6:20 7:27 15:57 16:64 11:41 11:41 8:30 15:57 34:132 31:123 34:134 1:3 28:108 46:182 27:105 51:203 20:76 50:198 36:144 6:22 5:19 16:62 8:30 39:153 10:40 24:96 17:65 18:72 2:6 7:25 6:22 4:16 25:97 30:118 51:201 20:78 35:139 19:75 40:158 6:20 25:99 3:11 12:48 6:20 26:102 7:27 12:48 34:134 12:48 33:131 36:142 30:118 1:3 8:30 20:80 30:118 23:91 13:51 11:43 19:75 25:99 34:134 20:76 30:120 40:156 12:46 17:65 12:44 8:28 1:1 35:137 2:6 16:62 24:96 30:120 14:56 36:140 4:12 34:136 44:176 20:80 16:62 21:81 23:89 32:126 24:96 2:6 2:6 21:81 32:124 7:27 38:152 19:73 38:152 40:160 10:38 34:132 12:46 30:118 24:92 7:27 17:65 16:64 22:88 10:38 28:110 8:28 38:152 12:44 26:100 29:113 34:132 5:17 37:147 30:120 13:49 38:150 29:113 9:35 31:123 36:140 20:80 20:80 37:147 2:8 17:67 14:56 8:32 16:64 8:32 6:24 25:99 40:158 34:132 9:33 5:19 22:88 6:22 32:124 29:113 32:126 34:132 22:88 38:150 15:59 28:110 40:156 31:123 26:102 20:76 31:123 32:124 31:121 39:153 19:75 1:3 36:142 8:28 17:65 31:121 8:28 6:24 27:105 36:144 30:120 4:12 34:134 26:102 40:156 29:113 33:131 5:17 16:62 9:35 36:144 28:108 18:68 17:67 29:115 36:140 26:102 22:88 29:115 37:147 32:126 29:113 13:49 21:83 33:131 38:148 37:145 1:1 34:134 8:30 14:54 36:142 13:49 32:128 17:65 4:12 30:116 17:67 18:70 10:40 5:19 13:49 17:67 20:80 40:158 17:65 34:134 27:107 6:24 4:12 26:102 36:142 59:233 33:131 15:57 50:196 3:9 19:75 14:52 28:108 64:256 34:136 18:72 8:30 10:40 32:126 24:92 36:144 6:24 17:67 5:17 19:75 40:156 4:16 13:51 17:67 38:150 16:62 37:147 35:137 4:16 36:144 10:36 6:24 13:49 6:20 37:145 9:33 14:54 11:41 14:56 42:168 30:116 40:156 28:110 5:19 30:116 14:52 10:38 19:73 27:105 4:16 22:88 9:35 31:121 35:137 11:41 31:123 16:60 36:140 ; 
L 3 -6 -8 -37 -27 -44 23 -28 43 31 6 18 -4 -37 8 17 24 -5 -39 -19 12 -44 -22 -2 5 -1 -35 -25 43 25 1 31 21 -50 -44 4 17 -47 30 50 -14 31 13 -44 -26 18 19 -20 -28 -8 -10 -2 -33 -15 18 42 -38 -34 -44 -15 29 -35 -49 21 -27 45 44 -16 -12 -1 -26 43 -39 -23 44 -39 -4 -22 34 -27 27 -43 22 50 -50 -26 6 14 -45 17 -22 8 -4 -7 34 47 21 -47 -6 26 -49 5 -45 -25 -32 -21 14 38 -17 37 -16 22 -49 -18 31 -26 -29 -27 24 44 -14 21 -1 49 49 47 -17 23 17 25 -36 22 38 -50 -28 9 -1 1 -14 48 32 -24 -44 18 -45 -1 -39 36 17 18 30 2 17 -48 47 -39 -31 1 -27 -10 22 -6 -16 45 -46 15 -44 18 -8 -5 -44 3 28 30 32 -25 4 -16 45 -5 32 -1 -49 -45 7 46 11 7 36 -47 -41 36 -32 -48 -48 -22 22 -20 -35 37 -29 -2 -32 8 -14 -3 -20 -3 41 46 -25 -28 47 5 -50 41 -19 48 -42 50 35 47 20 29 21 36 -11 40 12 2 -42 -32 17 -20 34 16 14 -49 -19 25 -38 -26 -26 -8 -16 -34 -43 -2 4 19 -40 27 -35 -25 26 11 -4 -20 -29 27 33 -25 -49 3 20 -39 49 -27 -1 22 34 5 -49 18 -44 -4 3 49 -3 16 14 13 -3 -19 22 9 -18 -27 20 13 -26 -8 4 -36 -1 33 47 28 28 -17 24 -45 39 -44 48 34 15 1 -50 -22 5 -3 -15 26 45 -9 -22 -35 17 -22 -4 2 -24 -6 16 5 -42 -20 -41 -13 -23 -35 -34 -20 -50 10 -11 -29 7 -20 -41 -9 47 -22 -11 -33 -19 -18 -10 -41 -44 42 -39 -20 29 -19 47 36 10 19 16 26 24 -43 38 -40 -35 -31 49 -20 -50 -11 -29 -50 -1 27 43 -28 -27 25 -24 10 -45 -20 -45 2 -45 -36 40 31 45 44 9 -40 28 33 -6 28 -18 37 10 -40 -35 -33 -21 8 -46 32 47 -17 35 -43 -37 -28 24 -47 2 36 25 37 -40 39 -2 16 35 18 -18 23 29 -20 37 47 5 -35 32 -19 -49 38 -1 -11 -9 50 -25 29 -21 -36 30 44 33 -2 -46 -14 12 17 13 6 -20 26 3 45 -32 26 12 -21 -31 33 -31 -26 5 -34 -33 14 23 -48 -22 45 -11 11 14 -5 -46 24 11 39 38 23 -7 47 -2 -14 -1 1 -38 -43 -12 -39 -12 -35 -49 -8 ; 
20 39 92 52 45 96 39 88 15 91 57 55 85 31 8 44 45 43 83 96 35 97 91 48 60 65 23 20 98 23 17 48 46 95 17 41 100 10 47 1 57 50 25 10 49 62 78 42 43 44 94 67 81 100 60 66 44 42 23 53 8 3 17 6 11 58 12 11 49 5 44 25 41 8 82 32 38 11 29 39 71 25 64 27 39 73 9 64 47 38 31 28 21 89 1 92 94 94 20 54 81 4 44 61 45 47 63 68 50 3 79 50 85 13 67 98 85 20 44 89 21 50 77 54 65 21 24 18 61 88 36 33 79 12 95 16 6 6 73 90 88 13 25 37 42 49 83 94 4 28 13 99 3 53 88 4 63 75 93 11 92 17 35 98 40 41 63 13 56 78 25 18 72 97 79 75 17 7 77 6 17 26 47 58 52 30 85 33 34 72 98 60 38 2 69 72 35 69 75 53 15 89 4 4 56 82 16 61 42 94 60 23 67 68 81 74 27 92 7 2 28 31 2 14 83 36 39 68 14 33 34 53 15 48 82 21 66 26 52 16 81 76 40 70 76 58 14 52 4 98 98 12 87 48 82 44 66 58 38 99 85 3 93 66 27 50 88 61 59 84 49 42 90 3 13 39 23 87 42 18 32 63 12 77 97 24 18 44 69 9 32 59 4 37 42 18 29 51 98 86 81 28 84 66 32 13 68 58 85 16 3 30 57 46 12 3 18 32 79 26 47 45 87 90 4 47 42 42 89 54 30 12 54 58 12 34 65 29 75 70 62 36 4 85 20 65 95 60 42 87 74 34 32 93 30 44 81 67 92 15 82 98 62 57 60 69 36 75 16 2 64 55 64 70 23 49 75 36 12 57 97 52 14 69 38 96 80 16 63 23 7 35 4 14 44 48 40 35 42 18 28 85 82 11 2 66 18 43 56 96 23 87 45 71 23 85 57 21 90 78 27 25 91 23 33 10 24 28 24 48 65 5 61 10 69 48 88 17 70 6 83 80 76 76 23 46 26 83 27 50 92 90 36 45 27 31 75 74 32 7 59 61 75 98 15 85 17 32 47 95 97 94 84 95 52 3 45 63 34 11 54 99 35 83 63 58 37 48 53 75 15 4 33 24 72 27 23 81 56 5 74 ; 
L -6 -8 -37 -27 36 -51 -84 6 24 -2 4 -42 -20 -41 39 -47 48 -17 -22 22 48 48 32 -44 -15 74 29 64 -35 -49 21 45 44 -16 -12 -10 1 -27 -10 22 68 -6 -16 -10 50 20 36 10 19 26 -43 38 -40 -35 49 -20 -50 -11 -29 -50 -65 -47 -13 -20 -35 -34 -1 27 43 22 -47 9 41 36 60 -11 35 40 -10 18 -28 6 -33 15 1 -50 -22 -3 -15 26 45 -9 -22 -35 17 -22 -33 14 23 -48 -22 57 45 -11 11 12 12 -58 43 38 39 -43 26 -82 1 8 28 20 -19 -18 26 44 -31 17 -47 50 -14 -4 44 50 -21 -1 -25 21 33 -81 -28 24 -47 2 36 -43 -71 25 35 1 -5 2 22 -49 -45 7 75 39 45 -18 44 -59 24 -32 -48 14 -1 1 -53 -9 50 -22 -44 23 -28 43 31 6 18 -4 -37 8 17 24 -5 -39 12 -44 50 32 2 29 -37 35 -29 27 -25 -49 3 38 6 14 -45 25 -46 -41 3 20 3 52 83 63 20 -31 -40 36 45 45 20 45 -10 42 -39 -20 -27 -1 22 34 -49 -5 -16 35 -2 -30 -76 -18 -12 -40 45 44 9 -40 28 -34 -48 44 -39 45 -24 17 -28 -28 18 -18 23 29 -28 47 21 32 25 -29 -20 -47 -35 -50 42 -48 19 -41 1 -32 -77 5 -45 16 -4 -32 -30 -5 49 20 4 -11 -26 -73 25 35 40 -19 2 43 -62 34 16 39 37 43 -17 23 -37 -25 8 -46 32 47 -17 79 49 -5 -44 3 21 -28 -27 25 -24 -55 18 19 33 11 20 -34 22 -13 -23 -85 27 18 -9 -22 19 3 -13 -14 -16 -32 26 12 -21 -31 33 -31 -26 5 -34 18 -44 66 -4 3 49 -45 -3 -26 20 -6 -13 14 46 2 -33 -44 -30 36 5 -49 44 -14 21 -1 49 -24 27 29 26 -31 18 49 -22 16 -37 -56 17 -70 -38 -14 38 -42 -18 15 33 2 31 2 -47 -6 26 20 14 69 -5 -46 11 39 38 23 -7 47 -2 1 -29 8 26 26 38 -25 19 49 -14 -16 -78 -34 20 -17 32 42 47 -33 19 -32 35 -10 -41 -44 -5 -47 -37 20 -22 -4 -7 34 47 45 54 -46 15 -44 18 1 36 -4 8 26 72 -23 44 -39 -4 -67 -25 -47 8 -14 -28 45 -61 -17 80 -40 39 -2 16 35 -11 -29 -27 27 -43 22 50 -50 -26 -1 -11 -9 50 -25 -21 1 14 -36 41 47 -36 -7 -11 -46 36 17 -49 -8 ; 
16:60 37:147 21:83 18:72 35:139 25:97 11:43 24:92 36:144 35:139 18:72 18:70 17:67 36:142 21:83 2:6 36:140 22:84 9:33 14:56 29:115 28:110 1:3 6:22 22:84 31:123 7:25 38:152 9:33 7:27 3:9 26:104 5:19 5:17 20:78 21:81 30:120 38:148 5:17 37:147 10:36 17:65 14:56 52:204 14:54 5:19 24:94 37:147 6:24 21:83 45:177 24:96 28:110 15:57 34:136 1:3 26:102 22:88 26:102 28:112 18:68 38:150 27:105 4:14 19:73 22:86 7:27 20:78 30:120 6:22 34:136 2:6 15:57 16:60 24:96 13:49 16:64 33:131 34:136 6:22 17:67 14:56 16:64 13:49 24:92 34:136 7:25 1:3 23:91 19:73 5:19 2:4 8:28 13:51 32:126 11:41 20:78 38:150 34:134 38:152 21:83 37:145 33:131 18:72 26:100 16:62 13:49 25:99 9:35 10:38 12:44 17:65 10:40 18:68 23:89 20:76 18:70 18:68 17:67 32:124 25:99 20:78 4:14 48:188 4:16 8:32 23:91 13:51 17:65 7:27 38:152 5:17 7:27 16:62 1:3 8:32 25:97 10:36 34:136 23:91 9:33 15:57 33:129 24:96 8:32 10:36 26:104 24:96 20:76 10:40 24:92 21:83 16:62 27:105 32:128 17:67 15:59 30:118 22:88 6:20 36:140 36:144 30:116 3:9 26:100 10:36 14:56 32:128 17:67 16:62 36:140 6:24 37:145 23:91 22:88 34:136 13:49 4:12 18:70 18:72 18:68 34:132 46:184 39:155 42:166 11:43 2:6 36:142 6:24 22:84 28:112 40:158 35:137 38:148 27:105 17:65 7:27 26:102 19:75 17:65 24:96 38:150 17:67 25:97 7:25 8:32 21:83 11:41 11:43 29:113 10:36 26:100 7:25 8:28 16:60 28:110 6:22 16:60 13:51 38:148 25:97 24:94 34:134 20:78 16:64 4:16 19:75 34:136 11:41 40:158 40:160 33:131 9:35 6:22 15:57 14:56 2:6 6:22 18:70 34:136 6:20 13:51 27:105 34:134 12:44 33:129 35:137 40:156 15:57 10:38 12:44 10:38 22:86 27:107 18:72 19:75 18:72 38:152 6:22 1:3 13:49 12:44 1:3 3:11 37:147 11:43 34:132 11:41 23:91 39:153 3:9 31:123 3:11 12:44 32:126 27:105 2:6 31:121 24:92 27:105 18:70 39:155 14:54 20:76 7:25 40:156 34:136 21:83 38:152 23:91 24:92 22:86 11:41 18:72 8:32 8:28 24:94 32:124 42:166 8:28 18:68 23:89 39:153 9:35 31:123 28:112 10:40 8:28 12:44 36:140 5:19 23:91 39:155 44:176 23:89 24:96 38:152 26:104 6:22 11:41 12:46 16:62 12:48 15:57 24:92 18:70 8:28 10:38 39:155 31:123 5:19 26:100 13:51 14:52 25:97 30:120 40:156 6:24 34:136 7:27 13:51 19:75 38:152 35:137 6:20 24:96 14:56 10:36 35:139 13:51 3:11 13:51 30:118 30:120 13:49 8:32 36:144 37:147 20:80 11:43 34:132 11:41 24:94 32:124 53:209 9:33 20:80 31:123 22:86 10:36 18:70 8:32 34:136 40:156 27:107 6:20 34:136 20:80 32:126 20:76 2:6 38:148 4:14 28:108 16:60 18:70 27:105 24:96 40:160 33:129 27:107 10:38 16:60 8:32 22:86 20:76 41:161 25:97 28:108 22:86 40:158 34:132 26:100 24:92 15:59 20:76 22:84 10:38 19:75 31:121 28:112 16:64 31:121 33:129 7:25 21:83 11:41 27:105 32:124 10:40 33:131 20:76 6:24 22:84 8:30 11:41 36:142 20:76 28:110 4:14 35:139 30:118 9:33 25:97 2:8 26:104 3:9 20:76 36:142 1:1 37:147 9:33 34:136 36:144 17:65 26:100 6:20 14:54 17:67 15:59 2:6 24:94 16:60 32:124 33:131 13:51 16:60 12:44 8:30 65:257 1:1 23:89 6:24 38:148 7:27 9:33 21:83 12:48 10:40 37:145 10:36 14:52 24:96 12:46 32:128 29:113 10:40 26:102 11:43 16:62 30:116 25:99 3:9 34:132 32:128 31:121 35:137 17:65 6:24 40:160 24:96 40:156 29:115 14:54 14:52 34:136 14:52 2:6 22:86 2:8 30:118 ; 
L 45 26 -2 -18 -13 36 -42 -4 31 -9 11 -12 31 -20 37 30 -8 50 -31 -37 39 44 -32 -48 36 43 42 48 1 -38 34 11 36 20 45 -24 39 47 36 -48 36 43 -33 -44 -17 48 -7 22 15 -2 -45 45 -44 39 42 -38 -43 -30 42 -5 -49 -43 35 -4 7 -3 11 -37 -50 9 -47 44 25 42 -2 -3 -44 -34 -25 -15 30 12 15 -1 39 -32 44 -11 13 -44 39 -9 -11 -34 -28 14 36 47 10 38 1 -32 2 32 -7 -5 -18 -32 -12 -3 -31 41 -21 -26 -47 -33 5 38 21 -13 -20 -28 17 28 46 34 -11 -42 -8 37 40 -19 23 -6 -40 -43 19 41 29 43 -3 35 -39 2 38 15 36 -46 1 10 43 -1 33 -49 -40 -41 -34 13 -34 44 24 24 -11 31 46 -22 -12 3 37 -8 15 -29 6 -48 4 -27 -35 -2 28 -28 22 -35 -47 30 10 46 -13 35 43 -19 -1 43 -13 -50 9 8 -3 21 3 -39 5 44 -10 8 12 -26 -39 -1 9 -8 -20 49 -13 36 44 -38 -35 -9 32 32 -43 37 -18 35 -49 -39 -37 -22 -48 -30 -4 5 -24 20 -32 40 -44 21 27 5 8 -46 8 -19 -42 -46 -30 -34 41 -18 -36 -46 -42 26 47 -22 21 5 -16 -5 -40 32 8 42 40 -31 -5 6 -7 25 16 1 19 -43 37 35 48 1 -29 -27 -23 8 45 42 17 26 41 31 41 -38 3 44 9 -47 33 8 -4 4 -5 -32 -6 30 28 33 50 37 48 -29 -5 -41 -43 -49 -20 -31 -46 20 31 -9 -16 -29 1 16 -12 -20 -4 41 18 35 17 36 -7 -5 -31 34 47 38 40 4 -29 19 39 -7 21 -36 -4 41 -35 -25 44 -34 21 19 6 -14 -8 23 -42 -24 -36 42 18 -41 -9 39 31 14 31 -42 4 20 46 40 11 24 -11 49 -48 -11 28 48 -46 42 20 -8 -27 18 43 45 1 3 -47 -26 40 -39 5 14 -21 -45 -34 49 -3 31 -21 -9 18 33 42 -43 9 -49 -28 36 17 -43 26 -23 9 1 -49 15 45 -50 13 -25 -30 -26 -32 -16 -19 5 -36 -2 -22 -38 -29 -44 42 -17 42 -1 26 -25 16 -46 -3 -19 49 24 24 5 11 -45 -12 -1 21 4 -38 -7 -42 46 38 -28 -13 -6 -17 -5 -29 -13 27 -41 -30 -16 -50 -15 3 -50 -49 -32 31 2 -30 23 9 29 29 -26 30 -19 -47 9 -9 -12 33 -42 46 32 10 -7 23 45 ; 
9 17 13 48 30 77 23 13 20 9 93 37 85 14 72 79 19 82 44 35 19 52 67 94 54 77 30 83 7 64 1 90 93 13 69 26 93 14 90 77 17 45 95 6 90 91 97 3 99 99 70 41 91 87 24 69 54 37 77 93 30 54 98 2 13 100 10 62 48 90 34 59 28 21 77 21 11 44 57 85 73 68 33 81 64 100 88 90 44 56 55 95 79 60 42 81 47 33 41 57 40 90 97 54 29 59 83 22 6 80 6 3 95 88 24 32 63 93 44 73 35 22 25 12 75 30 89 85 79 47 7 5 16 14 6 62 19 7 85 2 10 96 63 44 5 28 4 7 5 56 61 33 1 22 94 47 16 85 88 37 62 84 44 55 92 21 66 4 55 73 69 43 41 15 65 35 35 54 67 45 79 22 47 78 2 100 54 96 96 76 21 51 88 60 39 35 51 71 93 29 16 6 4 80 81 28 83 47 40 67 52 33 34 56 67 3 23 77 74 23 73 75 34 44 93 84 80 7 19 74 72 95 50 37 85 5 85 7 18 67 26 97 94 71 73 25 33 90 62 34 87 68 9 98 88 80 57 54 68 36 47 83 62 61 91 54 8 49 10 68 32 23 56 84 69 60 58 77 55 54 14 64 58 7 58 32 41 72 66 6 16 83 18 75 66 59 100 79 49 9 64 100 30 59 22 65 72 20 95 3 97 75 69 6 31 68 82 63 57 15 21 53 5 24 22 97 14 25 58 28 99 24 96 56 6 45 18 27 54 88 51 32 49 25 7 94 88 29 99 97 7 91 24 67 20 73 100 11 43 97 85 86 87 99 91 66 27 71 11 53 16 10 60 12 79 47 4 31 1 86 33 49 87 64 27 87 7 34 16 19 43 97 14 93 67 3 8 91 50 75 47 88 94 56 61 76 99 17 84 9 6 13 56 43 56 65 12 11 26 17 80 28 83 4 26 76 45 83 10 77 41 38 45 28 26 32 55 19 67 75 42 44 85 38 54 68 79 76 49 33 70 33 49 39 76 63 30 92 37 37 31 57 93 53 7 6 100 59 67 74 59 87 82 26 25 73 66 79 5 69 94 79 33 60 6 53 89 31 91 68 70 86 37 21 79 38 25 6 47 66 71 ; 
L 45 26 -2 -18 -13 36 -42 -4 31 -9 62 3 31 -9 -21 -16 -65 23 27 29 -18 27 8 -20 -42 46 -48 -28 11 48 -49 11 -24 -11 -40 -68 8 42 11 -34 -46 -26 43 -17 -36 -7 22 15 -2 -45 45 -44 39 42 81 -38 74 -43 -30 -5 -49 -43 -4 7 -3 11 -50 9 -47 60 44 25 42 -2 -3 -44 -34 -25 -15 30 12 15 -1 39 -32 44 -11 13 -44 39 -9 -11 31 41 -38 3 44 -34 38 -1 -48 -42 -43 -2 39 -35 3 -43 -29 -19 43 -14 28 34 -64 36 24 42 -23 -13 9 -3 11 -12 31 -20 37 30 -8 50 -31 -37 39 44 67 -32 -48 36 38 15 36 75 -46 1 34 -13 34 41 40 -30 22 2 36 -5 19 16 32 29 -1 29 -1 21 4 18 35 36 -5 -31 34 47 38 15 45 -50 13 31 -40 -57 -42 -8 -32 40 -24 73 79 -26 30 -49 -39 -22 -48 -30 -4 5 -24 20 -32 40 18 5 7 38 -48 17 44 33 -43 -36 48 -36 -39 -85 23 9 9 21 3 34 45 -58 -17 -42 -45 -8 45 -56 -11 -5 -24 -24 -49 19 49 -13 3 -53 46 -16 25 -26 1 -10 -32 -46 42 17 -42 44 29 38 24 -45 -77 -20 -36 -69 47 19 -43 41 -35 51 -25 71 44 -34 21 19 6 -14 -43 1 -83 19 -43 -35 -2 -31 -9 1 39 26 -20 46 31 -70 20 49 43 41 5 29 -48 -37 -50 -33 -28 -30 6 32 -84 5 -4 4 -8 47 -9 11 46 19 -8 35 -30 -28 -17 28 20 13 -29 19 39 -7 21 72 -36 -4 47 23 -46 42 -32 -33 1 -43 -10 12 -39 5 -45 9 -9 -12 33 -7 41 -18 -36 21 -14 5 -52 -47 -26 42 46 26 -46 38 -28 -13 -6 -17 21 5 -16 24 -11 31 46 -5 39 -40 -9 32 32 76 47 -3 -1 -10 -30 47 35 -54 -22 28 -28 -59 2 27 -4 48 -66 -6 29 -15 -55 -4 42 18 -41 -9 39 31 14 31 -42 4 20 46 37 -19 23 -44 -8 10 -49 13 -63 -61 -46 -6 -40 47 10 38 1 2 32 50 -3 15 50 30 41 -27 13 29 -22 -12 3 82 37 -8 -21 -38 -5 33 -1 43 -19 -80 -1 -16 -32 -12 -3 -31 41 -21 -26 9 -48 -35 78 1 -49 -8 -5 -27 -21 44 -25 7 -6 5 -25 -26 18 33 42 -43 9 -49 -28 -41 4 -34 20 12 -16 -8 -20 36 44 -35 -43 37 23 45 ; 
4:14 7:27 6:20 20:76 12:48 31:123 10:36 6:20 8:32 4:14 5:17 40:158 36:140 26:100 49:193 8:30 22:88 12:48 6:22 22:86 7:27 35:139 11:43 26:102 35:139 20:78 14:52 35:137 1:1 13:49 2:6 19:75 32:126 5:19 24:96 14:56 40:160 32:126 34:136 36:142 12:48 26:100 23:89 18:68 23:89 14:54 2:4 40:158 40:158 28:112 17:65 37:145 35:139 10:38 24:94 11:43 34:136 2:6 15:59 67:265 12:48 22:86 26:100 6:20 40:160 4:16 27:105 36:144 14:54 15:57 33:131 12:44 9:33 31:123 9:33 5:17 18:70 23:91 34:136 30:116 28:108 14:52 33:129 26:102 40:160 36:140 36:144 18:70 23:89 22:88 38:152 32:126 31:123 27:105 3:9 7:25 34:132 39:155 1:1 26:102 3:11 34:132 12:48 6:22 18:70 26:100 39:153 4:16 1:3 30:116 8:30 10:38 33:129 17:67 19:75 1:1 18:68 5:17 40:160 34:134 26:104 28:108 32:124 15:59 34:136 6:22 29:115 32:126 8:30 33:131 18:70 14:56 8:30 21:83 36:144 36:140 38:150 22:86 28:108 12:44 2:6 2:6 38:148 2:8 15:59 36:140 34:136 7:25 19:75 15:59 8:32 18:72 16:60 17:65 31:123 4:16 34:132 17:67 30:116 9:33 3:9 31:121 26:100 16:62 10:40 22:84 45:179 39:153 23:89 3:9 18:72 40:160 32:128 12:44 34:132 2:8 22:86 30:116 27:105 25:97 25:99 34:132 8:30 18:72 4:12 16:64 36:142 38:150 34:134 16:60 8:30 30:118 29:115 38:152 20:80 15:59 34:136 2:8 11:41 34:132 34:132 37:147 31:123 37:145 36:144 3:9 38:152 18:72 7:27 31:123 22:88 35:137 30:116 14:52 16:64 23:89 55:217 3:9 20:80 16:60 6:22 24:92 3:11 24:92 26:100 8:28 38:150 28:112 14:52 20:78 31:121 32:126 25:97 14:54 21:83 40:156 7:25 16:60 34:136 18:70 17:67 22:88 10:40 16:60 32:126 13:49 8:30 22:88 13:51 11:41 16:62 11:41 26:100 3:9 6:20 15:57 39:155 37:145 20:78 34:136 36:140 28:108 34:132 28:108 28:108 39:155 3:11 37:145 10:38 27:107 18:70 21:81 12:44 31:121 31:121 39:153 75:299 28:110 23:89 16:64 19:75 34:132 8:32 28:108 13:49 34:134 32:124 28:110 30:120 39:155 2:4 38:152 8:32 29:115 26:104 9:35 24:94 12:48 40:160 26:102 22:86 11:41 20:78 32:126 40:160 25:99 30:120 5:17 16:60 17:65 29:113 14:56 30:116 68:270 5:19 10:40 9:35 14:56 12:48 36:140 21:81 13:51 20:78 11:41 10:36 3:11 30:118 8:30 18:70 15:59 6:24 7:25 1:1 14:52 25:97 45:177 13:49 7:25 9:35 28:112 28:112 35:137 15:59 9:33 20:76 14:54 35:139 37:147 4:12 11:43 7:25 23:89 36:140 40:156 4:14 35:137 32:124 12:48 23:91 38:148 22:84 3:11 31:123 22:86 28:108 50:200 18:70 22:88 37:147 2:8 27:107 38:148 42:166 30:118 10:36 18:68 12:46 18:68 8:30 36:140 1:3 32:124 19:75 16:64 37:147 32:126 18:72 22:86 10:36 9:33 14:56 26:104 12:46 12:48 17:65 18:68 31:123 2:6 11:43 34:136 35:137 35:139 40:158 37:145 27:105 11:43 29:113 5:17 22:84 7:25 18:72 0:0 7:25 4:14 11:41 32:128 4:16 24:96 35:139 23:91 20:78 24:96 3:9 17:67 17:65 23:91 16:64 29:113 23:89 31:121 30:116 10:40 11:41 36:142 24:94 30:118 27:107 24:94 37:147 27:105 2:6 36:140 40:156 30:116 46:184 18:70 38:148 26:100 5:19 48:188 34:134 33:129 12:46 10:36 11:43 3:9 32:128 3:9 2:4 38:152 36:140 7:27 11:41 24:92 13:51 11:41 11:41 3:11 11:41 27:107 8:28 3:11 35:137 28:108 4:16 20:78 3:11 4:12 34:134 31:121 40:158 7:27 34:134 4:14 3:9 2:6 39:155 1:3 19:73 10:38 2:8 27:105 21:83 18:70 27:107 9:35 11:43 30:120 40:160 27:105 29:113 ; 
L -12 -36 -40 13 18 -32 -8 40 23 48 4 -20 44 4 -45 -33 -25 -47 -11 -15 8 -10 -18 -9 -2 -18 30 -15 39 -40 -25 39 -38 14 -25 -30 15 18 50 21 -32 28 -20 -11 -20 -13 22 27 16 34 6 -27 7 -48 35 38 2 8 15 -32 -48 -13 -3 9 3 -22 -42 -29 6 -16 -21 45 9 29 -4 -31 5 -39 37 6 3 -42 28 -6 -11 -35 44 -10 -49 -47 27 23 46 -22 -42 -41 -32 13 48 -40 -26 -39 -42 -15 -20 -13 -29 13 -40 -46 -17 18 19 -31 -12 -2 -45 -45 -48 8 26 44 43 7 2 -6 -45 19 34 -19 -33 -27 40 35 -7 -29 -5 5 -8 -6 25 42 -41 39 -41 -10 45 -6 36 34 -15 12 31 41 1 30 -28 47 46 -14 40 17 6 11 -41 19 45 -24 -3 -9 5 26 43 11 -22 -24 24 17 -13 -36 5 -2 -42 15 29 32 -50 -14 -34 35 -50 27 -2 -21 22 -47 -27 -17 17 47 -33 46 -6 26 29 -42 -48 -9 36 37 38 -43 35 27 40 32 7 36 -27 36 25 -25 8 9 9 7 -5 48 24 21 40 -14 28 29 -21 -3 50 44 20 16 -45 44 -42 3 11 41 42 25 21 -31 50 41 46 23 6 -7 -17 -3 -21 -2 -49 -38 -41 18 -50 9 43 22 26 50 26 -30 -49 -27 34 -39 43 -5 -9 -50 10 48 -31 -24 28 -47 20 14 29 42 12 18 7 -23 -23 40 -49 14 33 27 34 -20 8 3 15 -14 -40 29 -48 -41 21 28 -41 37 40 50 -4 -35 32 3 -49 -35 -36 -25 10 45 47 3 -37 -43 12 27 -43 -35 39 -45 41 37 25 -43 19 -24 11 6 -36 -22 -29 -12 30 -3 -21 44 -15 10 33 -6 25 -49 -2 -2 42 15 28 -31 18 -12 37 -30 37 5 -8 18 37 5 -38 16 -48 -43 25 31 42 21 -43 -28 -49 50 31 -5 -8 32 29 -27 -6 -26 -34 2 11 50 38 37 22 49 -39 -31 49 39 -13 9 -44 8 -1 14 5 -13 19 20 50 -30 49 -7 -27 -41 13 -17 -23 -28 38 -44 3 6 43 18 -27 34 -20 -43 35 9 39 -44 44 24 2 -32 14 -20 -15 2 -20 -40 48 42 27 3 2 -44 1 -35 48 -45 39 30 10 42 50 41 -2 4 -40 -22 -31 34 34 -19 10 20 -26 27 -8 -35 -37 49 -23 -7 -16 -34 -23 -4 -23 46 38 -18 -30 -31 -39 2 -44 2 9 33 ; 
50 37 87 58 81 41 15 47 83 49 97 33 83 1 12 41 24 58 76 73 9 1 1 70 100 29 25 5 63 17 56 45 1 57 75 68 79 87 67 8 38 94 5 57 73 92 83 13 16 94 37 16 98 84 32 10 77 11 78 100 31 11 37 39 73 48 38 93 47 66 86 78 49 28 15 35 54 85 37 32 60 10 88 4 48 75 69 65 16 54 3 6 34 97 53 72 1 55 76 75 23 15 48 64 93 87 91 66 95 48 38 48 11 55 32 45 44 77 36 37 10 65 26 63 81 89 48 88 2 65 85 74 96 72 72 10 96 10 66 44 77 10 26 53 32 20 72 46 52 32 31 28 21 29 71 65 36 36 13 68 78 44 75 98 65 10 69 5 40 45 29 52 67 32 26 68 77 17 66 87 41 15 44 93 84 83 35 45 46 62 42 32 40 60 18 23 89 20 24 18 59 66 6 11 1 40 77 8 82 87 39 34 28 61 43 45 13 90 65 53 9 15 11 45 91 26 58 79 20 11 23 71 94 22 70 59 7 98 15 15 85 81 18 14 4 10 63 83 48 70 59 27 43 51 42 20 53 83 62 75 40 27 37 67 62 32 56 31 92 1 64 51 47 4 24 72 25 52 71 53 100 99 33 81 23 86 62 42 36 67 19 80 79 43 32 4 50 69 34 9 97 80 95 81 66 79 69 67 22 95 78 21 5 32 61 9 83 73 83 61 81 57 92 49 60 64 49 43 13 13 13 92 18 1 65 100 61 99 99 26 61 45 29 94 97 97 17 86 32 71 12 14 70 69 58 19 6 64 97 24 54 74 52 45 49 88 33 60 77 70 83 29 100 25 26 94 92 98 53 91 57 80 26 32 88 1 16 20 82 5 23 10 66 28 95 36 3 63 45 66 15 61 28 16 18 72 38 2 97 35 21 20 37 53 63 75 83 15 72 17 53 59 94 1 4 75 1 90 58 21 96 92 49 85 30 48 3 78 88 24 61 53 14 80 86 83 85 62 59 85 81 30 77 57 86 20 32 27 57 6 76 63 28 14 21 6 68 43 46 36 61 91 9 14 3 72 58 44 25 42 57 100 48 66 39 23 57 84 55 70 86 15 94 94 25 39 97 12 96 60 43 ; 
L -12 -36 -40 51 13 72 18 -32 -8 40 23 58 48 4 -20 44 4 -45 -33 -25 -47 -11 -15 6 11 13 20 11 9 9 61 -5 24 2 -44 1 -35 39 30 10 -31 19 45 -24 -21 -3 -27 -42 -68 -14 42 22 -46 -23 -27 47 49 10 -44 35 11 -54 -75 6 -28 -82 5 -2 26 6 27 -29 -32 8 5 -27 8 -5 -21 22 -47 -38 -36 9 -37 -56 39 -5 31 4 -29 -9 15 42 39 26 40 -48 -49 -45 -48 53 8 -31 -25 43 48 49 39 -13 -44 17 -13 41 60 18 37 5 -38 36 -43 35 27 40 32 7 29 7 -35 -40 27 33 41 46 23 40 -4 -35 32 3 69 -49 -35 -50 31 -27 26 -65 -20 19 -34 31 22 40 -4 2 -41 -50 -42 -85 -19 -27 57 -39 43 -21 -25 -42 -41 62 -27 -17 20 -28 32 -21 -50 -18 -15 30 25 -43 30 -77 -39 -9 -35 43 20 -34 34 -15 12 31 41 -35 34 14 50 -32 -29 -15 42 -66 37 -30 37 25 42 -41 39 -41 -10 45 -6 36 27 -18 -43 -6 -3 -12 -2 -45 -18 17 46 40 -13 29 13 20 42 -6 48 42 -29 3 -30 12 29 22 -80 49 -55 2 21 3 32 -15 -8 -78 -2 -38 -35 48 38 -39 40 -39 15 -30 44 24 2 -32 14 -20 -15 2 -20 -40 -15 -45 21 16 -6 29 42 28 -47 20 14 29 42 8 41 -28 -21 41 48 -29 40 -10 -18 -9 -2 -18 76 -23 -28 -44 49 13 -5 -14 1 -8 44 -9 18 -38 -46 23 4 23 34 16 -70 17 47 67 -33 46 -6 26 44 -15 10 -6 25 -49 -2 83 -38 -41 18 -50 9 43 22 26 50 26 -13 41 37 6 -7 64 -17 -48 -13 9 3 -22 24 31 -48 -10 50 9 5 -27 -38 -79 -50 -11 -2 34 -63 12 -18 31 -28 -15 31 -37 -7 27 -6 -34 -16 -27 -22 30 -50 -20 -19 -31 -50 49 28 -74 43 -21 -42 26 44 43 7 59 -6 -45 19 34 -19 -36 -25 10 7 -2 44 23 -49 37 35 8 -39 35 -27 -12 -3 -81 -2 -42 2 36 -6 -11 -47 -24 24 73 -45 -3 5 -36 5 -8 -6 84 -27 25 -25 8 -3 42 -44 -16 -20 -44 -50 3 -29 -71 -28 14 -40 31 39 -49 -22 -37 1 30 52 -28 47 46 -14 40 17 12 -14 49 -40 23 23 -7 33 27 34 -20 8 3 16 13 22 -11 -43 -26 -45 41 37 25 -43 -24 9 33 ; 
20:80 15:59 35:139 4:16 33:131 38:148 16:62 17:65 6:24 19:75 34:132 25:97 31:121 39:155 14:52 34:132 1:1 5:19 17:65 10:38 24:92 31:121 30:116 20:80 40:156 15:57 37:147 30:116 6:22 37:145 16:60 12:44 33:129 32:124 8:32 13:51 11:43 18:70 26:100 12:44 33:129 31:123 28:110 2:8 6:20 8:30 23:91 31:123 8:32 46:180 28:108 22:84 39:155 14:54 3:9 2:4 22:86 7:25 26:104 28:110 30:120 36:142 3:11 2:8 2:6 20:78 20:80 6:24 33:131 12:44 27:105 4:16 10:36 2:8 33:131 4:12 38:152 34:132 33:129 8:28 10:36 24:94 34:136 33:131 10:40 22:84 5:19 34:136 22:86 14:56 6:24 12:44 10:38 26:102 20:76 6:24 10:36 30:120 34:134 5:19 15:57 15:59 10:36 18:70 37:145 22:84 40:156 15:57 29:115 16:60 8:32 13:51 1:1 38:150 14:52 29:115 40:160 10:40 11:41 40:158 14:54 12:44 25:97 18:68 18:72 6:20 28:108 4:16 29:115 29:115 39:153 30:118 17:67 18:68 21:81 25:97 12:44 30:116 34:132 25:97 10:40 39:153 23:91 29:113 24:94 30:118 18:70 31:123 36:142 23:91 6:22 4:14 25:97 15:57 19:73 18:68 28:108 3:9 9:33 22:84 22:84 2:6 24:96 9:35 10:40 18:72 20:76 34:132 26:100 5:17 33:129 8:32 28:110 2:8 38:150 16:60 4:12 27:107 35:139 32:126 28:108 19:75 34:134 28:110 10:38 36:140 32:124 2:4 20:76 12:48 1:3 13:49 12:44 9:33 12:46 12:46 25:99 19:73 18:72 14:56 34:132 34:134 38:148 20:76 9:33 24:96 31:123 10:38 4:16 11:41 22:84 13:51 8:32 29:115 19:73 21:83 46:184 20:78 37:147 39:153 9:33 8:32 18:72 18:70 31:121 20:76 16:60 20:76 38:152 27:105 37:145 35:139 32:128 1:1 6:24 31:123 16:64 2:4 29:113 13:51 35:137 7:27 21:81 25:99 13:49 11:43 30:120 25:99 14:56 40:160 32:124 16:64 1:3 31:123 4:16 13:51 33:129 1:1 18:68 7:27 26:100 2:8 16:62 22:84 6:22 32:128 35:137 34:132 34:136 25:99 24:94 34:136 20:80 28:108 32:124 35:137 27:105 19:75 38:148 20:78 35:137 25:99 17:67 15:57 27:107 2:6 2:8 2:8 9:33 32:124 38:152 9:35 27:107 16:60 1:1 28:112 40:160 12:46 31:123 9:35 30:120 17:65 40:156 26:104 22:84 15:59 8:32 9:33 14:56 39:155 24:94 6:24 35:137 28:112 22:88 34:134 23:91 10:36 31:121 9:35 8:28 21:81 31:121 27:105 3:9 5:17 2:8 28:112 28:110 2:4 3:9 26:102 39:155 38:148 10:40 15:59 27:107 25:99 13:51 23:89 13:49 37:147 1:1 26:102 28:110 6:20 26:100 17:67 8:32 17:65 30:116 32:126 5:17 16:60 30:116 20:76 5:19 33:129 14:52 40:158 40:160 22:84 29:113 10:36 18:72 36:140 32:128 26:100 2:4 15:57 23:91 24:94 36:140 20:78 18:72 21:83 43:169 11:41 32:126 40:156 7:25 15:59 38:150 7:25 6:20 26:104 6:24 34:132 30:120 11:43 7:25 1:1 36:140 30:116 6:24 11:41 32:128 10:36 26:104 11:41 26:100 31:121 37:145 20:76 36:140 1:3 26:104 37:145 20:78 24:96 5:17 17:67 5:19 24:96 20:76 40:160 23:91 17:67 10:38 26:104 1:3 37:147 4:16 33:131 22:84 10:36 22:86 23:89 39:155 38:150 27:105 23:89 31:123 35:137 14:54 22:86 12:48 16:60 33:131 27:105 18:70 32:126 35:139 2:6 6:24 5:17 16:64 6:22 8:28 4:14 6:24 6:24 40:156 3:11 39:155 3:11 7:25 38:150 29:113 9:35 7:25 12:44 25:97 6:24 46:180 26:104 26:100 4:14 15:57 6:20 28:108 32:124 18:70 20:78 2:6 28:110 20:80 2:6 13:51 18:68 12:48 4:14 39:155 32:128 38:152 33:129 30:116 62:246 51:203 11:41 13:51 27:107 41:163 25:97 40:158 40:158 11:41 33:131 64:252 24:96 18:68 ; 
L -34 -44 -27 16 -49 -16 39 7 38 45 23 -30 -17 -45 36 -16 35 15 -43 43 36 -13 3 16 47 -38 -42 -30 -7 -38 48 46 -36 -36 26 -26 7 35 -3 2 49 20 35 -33 -14 3 26 -21 -26 1 33 -23 -16 23 4 2 -11 -31 -29 -26 -16 47 7 46 -16 -41 31 50 -27 10 -11 21 -20 36 -37 -7 -29 22 -15 40 -38 22 41 -30 13 24 19 -15 -3 -48 25 18 -18 -4 -50 21 -8 19 -12 -26 23 23 41 14 -26 -38 12 27 38 -17 -12 -21 44 25 -34 -11 21 21 31 34 -32 17 -7 -14 9 -24 -7 -8 49 -30 21 17 -18 -44 12 -46 14 22 -3 2 12 -29 19 -41 29 48 27 -24 37 -36 -34 31 34 20 39 49 41 -10 -8 -18 -42 12 -34 -15 -49 24 -28 -43 -12 44 38 9 -49 -49 -21 26 -12 -31 10 -32 22 -49 11 12 44 15 5 47 -9 41 -37 -27 -17 -6 -8 22 38 3 -16 42 29 -38 -33 28 -7 -45 13 -44 -13 -46 49 13 -12 2 33 21 23 6 47 -41 -11 -25 41 -1 21 21 -18 -47 -38 19 -35 28 -6 43 -38 -40 -45 -35 -21 43 -18 -15 14 18 15 26 -18 49 -13 40 -47 -3 22 36 -4 50 -5 21 4 12 -14 13 11 27 25 37 26 6 -25 7 48 32 -32 29 28 35 -46 20 -13 13 1 24 47 11 34 22 -40 6 -49 -26 35 3 -15 25 -40 -16 -11 33 11 14 29 48 38 -20 -21 7 19 14 -17 25 10 9 37 -19 20 50 -16 -47 46 -25 31 27 -39 18 -1 35 -46 23 -31 -4 18 12 -23 -8 46 -29 -19 32 -44 -21 1 45 2 -17 -10 8 20 34 -2 6 -15 -22 -46 -1 -16 -10 -12 -42 -22 49 -31 17 -47 24 -46 -5 30 34 -4 -27 -13 -17 19 -1 -9 7 -21 28 29 18 -19 -46 4 -16 -31 -20 16 42 -5 -10 20 -10 46 -31 -25 25 29 19 38 40 36 14 -48 1 16 36 -39 -16 21 -18 27 -44 22 -8 5 7 -9 -48 -42 -49 19 8 8 33 37 25 -12 -39 32 -20 -43 -38 36 34 46 -28 -2 12 35 50 -19 -23 -7 -16 22 -18 45 45 23 2 3 -35 -42 -35 -40 -32 -37 11 -48 -24 5 27 23 -40 13 37 10 -10 -16 21 -42 -48 29 45 9 -14 39 11 25 43 47 39 44 -41 -14 -34 30 -16 -13 13 -22 -3 32 25 -1 -28 -12 -40 8 13 ; 
44 26 40 9 6 69 64 54 25 56 36 53 23 92 97 89 26 42 82 34 33 54 61 37 38 65 65 12 100 58 93 39 41 57 3 86 51 77 7 46 38 87 57 65 66 14 5 19 83 92 98 58 25 81 17 61 12 87 71 91 91 95 33 86 80 95 15 44 45 38 86 8 77 62 59 36 15 58 31 31 84 92 1 68 64 72 7 88 74 29 75 64 14 11 47 52 52 26 41 92 29 59 62 14 90 81 16 31 9 47 55 47 52 2 43 19 96 44 26 94 30 83 11 52 95 55 25 59 73 39 35 59 94 59 53 12 33 92 61 28 55 78 86 99 55 31 55 52 27 76 42 29 46 78 68 54 12 81 11 50 67 55 78 82 12 67 6 86 76 13 9 76 62 11 29 21 40 32 49 86 18 75 53 9 58 79 18 35 5 100 43 6 87 23 46 87 49 89 86 42 65 54 30 98 64 27 94 54 88 38 76 14 24 28 12 36 38 74 87 51 1 55 83 58 78 73 85 74 94 77 74 19 96 84 78 12 95 5 100 96 55 54 41 99 35 38 72 64 77 76 85 96 3 70 10 4 23 86 68 61 41 81 70 22 28 14 47 82 25 50 94 83 48 41 97 73 70 21 92 5 9 90 58 44 83 57 69 88 84 40 61 4 85 84 94 58 1 1 28 21 22 47 60 31 65 64 13 42 52 90 87 23 52 6 88 28 60 14 39 12 38 61 19 63 75 56 66 68 26 87 76 29 76 14 24 89 17 8 66 20 26 65 75 48 72 1 36 9 50 89 90 72 69 63 4 12 31 7 9 35 57 34 93 36 63 78 47 57 93 81 82 14 85 54 99 43 6 23 12 1 98 22 13 29 79 54 12 5 90 84 18 2 87 18 20 17 36 63 10 43 61 70 52 71 70 16 97 98 57 50 56 40 7 42 10 1 25 55 53 75 53 11 71 8 22 59 25 34 53 25 14 6 42 98 6 98 79 90 45 93 68 91 98 29 53 43 97 62 39 56 44 16 29 80 9 59 40 49 52 42 67 26 18 30 92 10 65 56 35 75 43 39 88 9 90 53 88 22 33 5 4 27 38 49 34 13 2 38 1 64 87 75 50 93 51 80 76 26 14 27 29 ; 
L -34 -44 -27 16 -49 -16 39 7 38 45 23 -49 -39 -20 -30 -17 -45 36 -39 -9 -45 48 42 -21 10 -10 -37 40 -23 -27 -5 24 9 1 16 36 29 -7 40 -53 12 28 1 -5 29 18 -19 -46 4 -16 -31 -20 16 42 -5 -10 60 20 -10 46 -31 33 -23 -16 23 4 2 -11 -31 -29 -26 -16 47 41 -1 35 -28 35 -44 21 12 17 -38 11 73 25 48 32 -32 28 35 -46 20 -13 13 1 47 34 22 -40 57 65 6 71 -49 -26 35 3 -50 -20 19 -37 -10 -25 17 -19 -7 21 20 -48 -29 -14 -11 -43 21 -13 13 16 -30 34 32 40 35 42 35 -3 -2 -78 -33 -47 -6 -23 11 16 40 -18 -42 26 -12 10 -32 22 -49 11 12 44 15 5 47 -9 77 41 -37 -27 -17 -6 -8 67 22 38 3 -16 42 83 29 -38 -33 28 -7 -45 13 -44 -13 -46 49 13 16 1 46 22 15 -6 2 -34 22 36 -4 50 -5 21 4 12 -14 13 11 82 27 25 37 26 -25 7 -2 3 -20 -49 43 47 39 44 25 -34 -11 21 21 31 69 21 49 -61 49 -38 -44 12 43 -64 -45 -22 -76 16 -39 32 -20 -43 -31 17 24 -46 -5 30 34 -4 -27 -13 -17 19 40 -38 22 -38 36 34 63 46 -10 -12 -42 -22 -28 -37 11 -48 -44 -8 -29 55 -19 32 66 80 -10 23 56 -18 -15 14 72 11 -10 27 -50 -31 41 16 -46 -7 -25 15 -16 -47 46 25 11 41 -44 -21 1 45 17 -2 -48 -29 -19 -32 17 -7 -14 9 -24 -15 -52 -35 16 -27 -12 38 26 -14 -41 -23 -23 -8 -15 41 -10 -8 -25 31 27 -39 18 -1 35 -46 -40 79 23 -31 -4 8 -3 2 12 -24 18 15 26 -18 49 -13 70 40 -47 -25 -22 -3 32 -85 26 12 -19 8 -21 50 4 18 -18 -74 -25 48 -51 3 15 -24 -13 -41 -49 -12 2 33 21 81 29 7 -36 20 -21 49 15 34 -12 34 -39 -16 21 -18 27 54 -28 -12 -14 49 21 -18 -44 -46 14 22 68 3 21 21 -18 -47 -38 19 2 14 33 -35 24 -27 3 26 -21 -26 1 -7 26 -26 36 36 -46 -48 7 30 42 38 -84 -16 -3 13 -36 -43 43 -37 -6 43 18 12 -21 28 8 23 -75 -7 9 1 -34 34 36 -62 -59 -48 -42 -49 19 8 8 33 37 25 -12 7 19 -58 -50 -35 -38 -45 -35 25 29 19 38 40 -48 -25 8 13 ; 
18:70 11:41 16:64 4:14 3:9 28:110 26:102 22:86 10:40 23:89 15:57 16:64 22:86 28:108 27:107 10:36 37:147 39:155 30:120 54:212 36:144 25:99 16:62 18:68 4:12 23:89 26:104 21:83 12:48 8:28 11:41 27:107 32:124 23:91 28:112 7:25 34:132 16:60 10:38 34:134 26:102 31:121 32:128 26:102 8:28 1:1 40:156 9:35 6:20 12:46 32:126 22:86 5:19 2:8 36:144 34:134 21:81 15:57 1:3 35:139 8:28 42:164 24:92 10:40 33:129 7:27 25:97 5:19 35:139 29:113 37:145 37:145 38:152 11:41 24:92 26:100 10:40 8:30 25:99 21:83 19:75 22:88 19:75 4:14 34:132 17:67 16:60 34:132 20:76 50:196 30:116 28:112 9:33 37:147 2:8 4:14 22:84 14:56 23:91 28:110 37:145 32:128 9:33 6:24 28:112 16:64 25:97 2:6 41:163 12:44 36:140 3:9 13:49 35:139 36:144 20:78 6:20 26:102 26:104 20:78 19:75 9:35 9:33 15:59 39:153 22:88 26:102 1:1 16:60 1:3 28:112 24:94 4:14 32:128 12:46 7:25 18:70 34:136 8:30 11:43 35:139 30:118 16:64 1:1 24:92 17:67 27:107 23:91 16:64 5:17 35:137 8:28 30:120 22:84 4:14 24:92 32:126 8:28 14:56 2:8 15:59 33:129 18:68 3:9 35:139 10:36 19:73 19:73 28:108 20:78 36:142 35:137 17:67 16:64 36:142 22:86 12:48 40:156 26:102 11:43 38:150 22:86 36:140 16:60 31:121 6:22 28:112 2:6 26:100 28:110 29:115 36:144 36:142 20:80 12:48 28:112 4:16 2:6 10:36 35:137 28:108 25:97 17:65 33:129 28:112 27:107 26:104 12:44 6:22 19:75 36:142 20:80 32:128 19:73 7:25 35:139 8:30 2:6 11:43 16:60 27:107 18:68 8:30 39:153 18:70 11:41 38:150 8:28 12:46 34:134 11:43 3:9 4:14 6:20 31:121 31:123 8:32 6:22 31:123 5:19 10:36 22:84 10:40 6:22 13:49 14:54 10:38 26:100 32:124 19:75 23:91 38:148 33:129 33:131 6:22 34:136 18:68 34:134 37:147 1:3 17:67 40:156 37:147 13:51 6:24 13:49 3:11 4:14 15:57 10:36 20:78 21:83 12:46 18:68 33:131 5:17 25:97 4:12 2:6 28:110 45:179 20:80 22:84 28:112 22:86 17:65 10:38 34:134 35:137 16:60 18:72 18:70 6:24 38:152 32:128 35:137 52:208 34:134 18:68 6:22 16:62 27:105 22:88 1:1 14:52 8:32 11:41 26:104 28:110 20:76 16:60 13:49 58:228 24:92 34:132 5:17 21:83 38:152 22:88 45:179 38:150 32:128 11:41 15:57 13:49 7:25 33:129 36:144 6:22 25:99 24:94 18:68 22:84 10:38 33:129 5:17 4:12 16:60 25:97 8:30 26:100 30:120 23:89 27:105 14:56 4:14 15:59 11:41 35:139 8:32 32:126 12:44 22:88 7:25 34:136 14:56 16:60 29:115 26:102 31:123 9:35 33:131 34:136 24:96 36:140 30:120 20:80 16:60 26:102 37:147 17:65 11:41 21:83 21:83 19:75 5:17 6:22 14:56 28:110 30:120 7:25 27:105 30:118 26:100 29:115 4:16 13:49 20:76 12:44 5:19 15:57 22:86 14:52 6:24 17:65 25:99 31:123 2:8 5:19 33:131 32:124 18:70 29:115 40:156 23:91 20:80 23:89 28:112 21:81 38:150 18:72 24:94 7:25 22:84 24:94 6:22 14:52 37:147 4:14 14:56 22:84 30:116 34:136 30:118 38:150 31:123 8:30 13:49 27:105 26:104 19:75 21:83 10:40 2:8 8:30 34:132 37:147 36:144 21:81 35:137 2:4 23:91 17:65 16:62 23:91 40:160 5:19 26:104 40:156 18:72 15:59 25:97 22:86 14:52 14:54 28:112 40:158 34:134 35:137 12:46 22:84 10:36 2:6 6:20 24:96 6:24 18:68 40:158 22:86 1:1 17:67 36:140 4:12 19:73 22:84 30:120 22:84 5:17 29:113 4:12 9:35 24:94 10:40 16:64 36:140 29:113 15:57 38:148 20:78 39:153 2:8 25:97 15:57 26:100 4:16 18:68 36:140 10:38 33:129 11:43 12:46 ; 
L -13 -32 25 35 -14 44 -29 5 -26 -7 -37 -39 -3 -13 -42 11 -30 44 -25 -49 -35 -50 -34 24 3 40 4 25 35 46 -21 -24 -20 -27 -45 25 -28 4 -13 17 28 -44 -23 1 -50 -32 -30 -5 -18 9 -30 26 10 33 -42 45 7 28 7 -45 27 -5 -45 41 -7 -29 -45 25 1 14 43 39 5 -32 31 27 -17 39 14 -39 28 -5 22 -8 -19 -3 -4 -29 22 12 13 29 5 -31 19 48 -1 8 -33 -49 25 -42 16 14 49 -48 -39 32 4 -5 35 -48 36 8 25 -16 8 44 15 -17 9 31 20 32 -6 -41 47 48 -34 37 -35 15 22 38 -26 -39 -24 25 11 -35 8 50 -48 8 -43 16 -43 41 -28 4 49 38 29 -31 25 1 -50 33 12 -46 -19 38 25 42 -38 -42 -34 -11 -38 -28 -2 45 -48 8 9 -12 3 -40 -35 -13 -24 -40 36 7 -25 -16 31 -44 31 28 12 3 -14 20 -39 -17 5 32 17 -37 -36 -42 45 -16 17 -13 -8 -14 -6 44 8 -18 4 -33 8 -29 30 -3 -9 2 -47 -46 25 15 38 -28 18 -40 8 25 48 13 3 -29 45 -13 -22 20 40 -45 -40 -49 11 2 -27 32 -28 41 -22 -2 17 -28 -1 -3 -49 30 18 47 30 37 21 -17 35 12 14 14 -25 30 33 48 32 -7 28 16 47 19 38 -14 -48 -29 -39 7 -46 -49 -43 -24 -24 43 9 -8 29 31 17 40 -34 16 24 -18 11 40 -43 1 -36 4 35 -29 -28 28 37 -39 48 32 -8 -49 -21 25 17 17 2 17 -22 22 -18 -14 -19 21 -11 46 28 -43 5 -27 -43 3 -49 -36 33 3 -21 -18 -2 37 16 11 19 -48 39 44 11 -15 -7 -3 -24 -41 43 44 -29 22 -9 -46 -13 -18 -5 -3 -39 -20 -45 -48 42 13 -10 14 18 42 31 -47 -44 47 -49 -39 40 47 -6 39 -13 -13 -33 -16 -46 38 26 -28 -42 -13 23 8 12 -13 -15 5 -33 -5 -38 -21 32 1 -22 -1 21 -40 23 -20 -48 25 23 15 23 42 -27 9 -44 13 24 -7 -22 44 47 35 44 16 41 -16 -34 -31 -34 -4 -36 36 45 9 28 -10 19 -32 -30 -9 -30 -23 4 13 31 34 -15 13 -25 33 36 -33 -19 -36 21 -46 -33 29 23 -9 19 13 49 27 9 -40 25 9 13 -25 43 -6 -26 -35 -1 42 -2 -11 44 -39 -24 -29 13 5 -1 -24 25 -39 16 48 -43 24 -2 -48 ; 
56 28 3 81 21 2 76 50 7 27 5 78 66 24 71 97 35 33 38 44 66 59 52 91 71 64 12 60 91 96 67 1 4 80 100 20 66 89 65 28 73 35 88 86 42 21 51 18 17 7 62 67 21 9 57 26 27 88 7 20 75 11 26 58 73 99 16 6 17 9 32 45 13 49 24 6 84 43 44 53 44 80 41 92 14 67 19 61 4 24 18 97 33 18 22 88 63 84 82 70 77 12 84 90 47 32 82 86 35 41 12 49 99 36 76 73 40 6 55 60 66 7 11 30 99 41 97 24 70 98 52 19 36 76 87 45 64 16 93 58 1 75 45 21 78 3 3 100 91 82 53 57 93 13 79 3 2 78 93 35 28 40 5 31 81 73 55 80 67 86 22 31 80 99 2 29 2 38 66 51 57 31 70 9 66 85 34 85 2 89 9 56 93 46 74 52 27 65 87 82 25 94 8 19 12 4 27 11 5 28 83 7 24 69 53 24 32 62 23 68 26 80 80 93 2 58 17 74 79 11 11 44 78 5 90 23 66 88 96 98 23 36 11 98 12 48 29 35 69 91 34 34 2 89 29 36 80 82 16 55 30 15 57 35 98 76 23 95 5 40 85 97 93 9 55 60 73 88 56 17 62 73 89 3 79 95 25 76 10 56 96 18 51 64 64 18 81 29 40 77 11 13 6 28 14 56 86 75 89 91 1 44 45 65 9 31 81 78 87 30 96 24 50 48 19 63 74 19 59 83 69 21 27 74 52 55 98 62 45 95 97 6 49 61 61 14 58 4 57 93 17 14 80 43 10 15 50 2 62 31 38 8 39 57 69 76 92 92 17 4 84 22 97 65 38 97 98 65 75 83 5 6 33 40 99 81 96 44 71 29 73 52 7 89 45 77 81 96 74 95 93 45 82 23 86 41 48 32 67 3 56 60 83 14 64 20 12 24 43 98 14 61 69 33 95 66 78 62 9 24 13 9 24 12 9 20 60 2 78 90 13 33 25 31 31 27 72 39 21 93 86 74 5 62 19 25 55 1 100 19 34 91 54 66 93 24 85 58 1 42 66 11 92 44 78 75 37 35 66 80 95 65 25 61 10 19 34 56 10 31 10 42 76 47 70 15 2 37 37 64 96 ; 
L -13 -32 40 45 25 42 -38 -42 -34 -11 -38 -28 -2 45 43 -25 21 49 8 39 -37 22 7 15 -11 -65 -11 -37 2 18 -46 44 47 35 44 16 32 1 -22 -1 21 -40 23 -20 -48 25 23 15 28 7 -45 27 70 -5 -45 -25 24 -5 -13 -13 -24 35 -29 -42 -56 -48 39 44 -42 76 16 -51 -7 -45 -55 -13 -61 29 24 -44 11 2 -42 1 35 26 22 7 -24 -13 -57 44 -9 27 -6 -41 47 48 -34 37 -35 -59 46 -12 -78 -33 43 44 -29 -40 36 -46 -35 -4 -40 -3 -24 34 26 -28 -42 50 -1 23 44 -28 12 -9 -8 48 3 83 -49 -36 33 3 -21 9 -3 -24 -41 50 -1 -29 -38 -49 -4 -54 28 -41 43 -16 43 -8 48 -50 -8 35 -71 -11 8 30 -3 -9 2 -47 -46 22 -8 -19 -3 -39 17 -27 -31 32 -5 -39 -43 -14 -1 -60 -25 45 39 26 -22 -15 2 -27 -11 42 13 3 39 37 -75 7 26 -5 29 -44 40 47 -6 8 44 15 -17 52 41 -16 -34 -31 -34 -15 13 -10 14 18 10 33 -17 14 49 -48 -39 32 4 -5 35 -48 36 8 25 -16 34 -46 38 50 35 49 25 -44 -10 19 -32 -30 -9 -30 -23 13 31 39 -13 -13 -6 44 8 -18 4 -33 -25 24 29 7 -41 14 -35 -25 -33 42 31 74 -44 47 -49 -39 -33 -16 77 -4 -36 36 45 28 32 -28 -45 29 -13 -48 33 -36 -66 14 21 -9 -2 -17 27 -5 -13 73 -22 20 40 -38 19 -11 -29 22 12 13 29 5 48 68 -1 8 43 -28 -64 11 49 -25 -8 -16 31 -44 31 28 12 3 -14 20 -39 -17 5 32 58 17 -37 -36 -42 45 -16 -16 34 -40 -17 -31 -29 8 -9 -43 -32 -80 -31 -72 -9 40 -3 -17 13 -4 28 -25 45 27 20 24 21 7 81 -25 40 -18 -28 28 24 43 -85 -79 -42 45 -63 20 39 -67 3 5 -13 49 46 12 14 14 30 33 48 32 -7 28 84 16 47 19 38 -14 -48 -29 -39 7 -35 17 -53 22 -41 -33 -49 25 62 19 13 49 27 9 -40 25 9 13 -25 43 -6 14 18 -21 -37 -30 -18 -30 3 1 28 -17 2 22 -17 69 19 24 -18 11 40 -43 1 4 28 -38 -15 -25 -19 -36 21 29 38 5 33 -5 15 13 -12 -8 -23 13 -32 -30 -5 -18 9 -30 26 25 18 -19 21 4 14 -39 82 28 -5 -39 16 48 -24 43 -2 -48 ; 
23:89 12:44 8:30 10:36 14:56 13:49 33:129 30:116 22:88 32:128 27:107 35:137 9:35 13:49 49:193 27:105 13:49 4:14 26:104 12:46 37:145 4:12 23:89 7:27 38:148 20:80 36:142 14:56 3:9 39:155 34:134 34:134 32:124 25:99 4:14 10:38 22:84 17:65 20:76 13:51 27:107 2:4 23:89 24:96 34:132 6:22 26:102 8:32 39:153 3:11 8:32 30:120 25:99 8:28 11:41 22:84 31:121 6:20 10:36 27:107 23:91 34:134 23:89 56:224 18:68 4:14 24:92 2:6 12:48 36:144 15:59 30:116 20:76 11:43 22:84 13:49 24:94 4:14 23:89 1:3 4:16 25:97 10:40 26:104 38:152 32:128 14:52 38:152 14:52 28:110 35:139 11:41 6:22 40:156 23:89 17:65 39:155 10:38 28:112 40:156 21:83 18:70 15:59 14:56 23:89 26:102 24:96 6:24 20:80 7:25 28:112 22:84 39:153 54:214 5:19 26:102 29:113 37:145 21:81 21:83 3:11 19:75 17:67 35:137 36:140 14:56 29:115 12:46 1:3 40:158 14:52 9:33 21:81 22:88 40:156 25:99 18:72 17:67 8:32 32:128 18:68 12:44 1:3 9:33 38:148 23:91 22:84 39:155 13:49 37:145 40:160 2:4 2:4 32:124 9:33 18:72 30:120 1:1 19:73 30:116 32:126 7:27 25:99 10:36 28:108 11:41 32:128 31:123 37:147 6:22 27:107 1:3 18:68 34:134 3:9 10:38 20:78 6:20 18:72 13:51 4:14 10:40 4:12 3:9 14:56 18:72 56:220 15:57 49:195 5:19 9:35 39:155 29:113 10:38 27:105 32:124 18:72 29:113 11:43 3:11 20:80 31:121 2:8 3:9 14:52 4:12 3:9 22:88 24:96 22:86 35:139 4:14 10:38 5:19 4:14 6:20 14:56 34:134 9:35 39:155 19:73 4:14 26:104 10:38 19:75 13:51 33:131 35:137 14:56 17:65 5:19 20:78 40:158 15:57 31:121 30:116 24:94 10:36 12:46 30:118 24:94 27:105 18:70 16:60 12:44 10:40 13:49 13:49 11:43 29:115 16:62 12:48 35:137 35:139 40:158 33:129 13:51 12:44 34:132 3:11 10:38 28:110 27:107 7:25 18:72 40:158 30:116 8:28 9:33 33:129 30:116 16:64 16:60 10:36 42:164 26:104 30:120 34:132 21:83 18:70 36:140 25:99 24:96 1:3 32:124 22:84 20:80 12:46 22:88 36:144 16:60 18:70 21:83 1:1 7:27 38:148 18:68 15:59 18:72 5:19 17:67 9:33 19:73 3:11 33:129 36:140 39:153 28:108 16:64 15:57 13:51 2:6 10:38 8:28 39:155 14:52 7:27 24:96 32:128 34:134 40:156 34:132 32:126 29:113 22:84 23:89 5:17 47:187 14:54 34:136 1:3 36:142 4:14 23:89 38:148 19:73 30:118 21:83 11:43 26:104 3:11 40:158 33:131 10:40 38:150 4:12 8:30 62:248 8:28 26:102 26:102 21:81 8:28 39:153 23:89 4:16 16:60 2:6 11:43 29:113 21:81 16:60 16:60 2:4 12:44 26:104 36:142 27:105 8:32 40:160 32:128 2:6 1:1 10:36 24:94 6:20 19:75 30:118 16:60 30:120 28:112 8:30 28:112 29:115 40:156 17:65 34:136 30:120 31:121 30:118 40:156 23:91 21:83 30:120 2:4 15:59 40:156 31:121 28:112 2:8 16:64 34:136 39:155 38:148 2:8 6:20 22:88 24:96 30:116 36:140 23:89 7:27 25:99 30:116 35:139 23:91 22:84 65:257 28:110 4:16 28:112 31:123 21:83 36:144 24:92 1:1 17:67 27:105 5:17 37:147 18:70 32:124 30:120 15:59 14:56 12:44 20:76 16:60 12:48 22:88 35:139 32:128 4:14 36:142 1:3 14:54 14:54 10:36 39:153 12:48 25:99 6:20 12:46 16:64 31:123 5:17 6:20 4:12 3:11 24:92 1:3 38:148 35:137 8:30 14:54 53:211 34:134 33:131 18:72 38:148 38:152 30:118 39:153 33:129 31:123 18:72 26:100 21:81 8:28 7:27 3:11 25:99 27:107 10:40 3:9 14:56 26:100 25:97 25:97 22:84 24:96 11:43 32:128 6:24 28:112 6:24 9:33 15:59 8:28 26:102 39:153 ; 
L -16 -42 18 10 -12 35 19 -41 45 6 42 -43 -10 -30 -18 -17 31 -44 34 -29 23 5 36 1 24 -42 3 27 -39 49 -12 -39 -5 -23 30 43 40 -18 29 30 22 -46 -28 -1 45 16 47 41 -33 -2 50 20 -19 -41 -25 48 32 19 9 -30 -1 27 -19 -35 -1 -24 37 -11 42 18 26 -14 -16 45 41 46 49 35 -48 -2 -6 -24 4 32 22 8 -28 27 17 -31 15 29 28 9 41 -21 1 -16 14 -41 -27 45 12 -14 25 -34 -18 21 -34 -1 27 -34 -18 -50 10 2 -5 -19 22 -25 -34 -44 12 39 38 5 -33 -10 24 -15 16 37 -31 -3 -41 -9 22 -45 -7 -32 21 -41 -7 20 7 -16 -50 -38 -9 -2 -6 -38 -45 -13 -9 2 49 -14 48 -21 48 36 21 37 22 34 -50 24 -36 -5 -41 34 33 -33 14 -29 -31 24 -14 -25 8 -14 8 -46 10 3 -4 -19 -49 45 -29 4 -18 19 32 -49 -1 -37 -49 -22 5 12 42 3 18 37 30 36 8 14 49 -49 -15 -15 -31 -49 47 18 42 48 33 -44 -3 -26 44 -28 36 39 7 -20 35 19 6 12 4 -36 47 -20 18 -8 44 1 -23 38 47 2 -24 37 42 47 31 -29 -14 32 49 10 -39 40 -9 -37 29 8 -1 -49 4 13 -1 -10 32 19 50 3 35 34 11 -5 28 -20 43 -13 25 47 -7 -36 5 1 21 -46 -35 41 37 -45 -12 46 33 -40 2 -40 -4 -27 -21 -43 -42 14 -40 2 25 -4 -14 33 -29 -13 33 -38 30 -35 -33 -35 9 46 -10 -9 14 -20 4 10 -9 -28 -12 -36 12 -3 8 18 -29 -44 -19 8 -43 3 3 4 -20 31 9 -8 50 36 6 24 39 -42 -38 -4 -28 4 -17 15 -7 41 -13 -3 -3 7 -39 -28 -14 -12 21 -42 -18 -46 -23 25 43 -38 -7 -5 -21 11 46 15 -37 44 -15 4 -37 5 -16 6 5 31 32 34 25 4 32 -2 -21 2 -8 44 30 -12 -17 -21 -50 -4 38 -26 -9 -21 22 -25 49 43 6 -5 4 19 46 34 34 50 49 -17 -25 -36 -17 -7 50 44 19 15 48 15 -41 31 15 -42 18 -12 -41 23 44 19 -9 -12 9 46 -10 -14 10 -6 -16 17 12 -25 -39 -12 -28 -43 -16 12 19 -44 22 16 -46 33 19 -7 -5 -27 -36 -22 -48 41 40 24 -23 39 4 30 -35 -14 42 24 -28 48 23 -37 29 29 -17 -26 37 21 20 29 ; 
43 69 26 20 44 73 69 73 77 41 65 19 13 97 1 5 97 28 27 42 20 96 9 11 48 97 15 87 95 86 89 78 64 37 96 90 11 54 88 78 53 59 62 82 72 38 27 20 39 65 37 91 75 40 17 34 11 19 68 69 26 88 77 93 52 10 1 88 58 6 15 25 22 31 32 94 56 36 71 21 31 90 67 63 80 32 6 37 68 40 2 36 99 23 65 43 18 39 22 90 8 45 33 9 63 16 38 2 19 48 9 67 96 74 89 72 46 100 67 76 93 45 17 60 41 4 70 65 13 18 63 46 6 79 91 38 73 81 54 4 91 65 21 57 32 16 80 75 71 16 82 9 55 60 76 42 24 72 25 19 25 1 74 10 47 86 30 39 35 93 90 92 22 89 94 77 68 36 98 7 13 96 75 7 11 89 31 86 24 2 41 3 40 38 27 66 4 26 4 14 48 2 87 28 61 37 5 89 10 93 81 49 57 27 65 41 3 87 31 10 6 80 96 69 60 84 24 65 9 61 9 15 30 93 10 24 61 20 100 78 66 95 25 32 94 77 63 61 28 58 53 46 92 59 27 72 40 90 66 91 54 27 46 63 21 59 84 21 43 4 98 62 17 31 50 42 39 28 79 25 75 28 73 88 45 92 53 20 99 41 34 21 97 58 97 67 53 56 24 51 53 39 78 71 56 45 53 34 45 85 10 43 46 47 96 28 43 56 20 54 33 61 16 79 58 66 59 99 9 95 81 60 99 10 71 42 4 44 60 17 4 73 66 78 7 11 51 95 90 13 85 92 42 20 57 19 1 61 54 42 96 82 70 41 38 82 58 64 43 2 90 28 90 77 60 48 32 53 76 58 86 84 25 25 17 12 52 39 16 70 70 63 41 69 83 47 57 6 68 62 64 79 13 14 31 92 57 20 50 96 79 74 76 21 24 90 63 52 4 56 50 60 26 55 94 2 64 19 66 18 97 84 11 28 8 38 99 70 47 99 99 68 30 37 36 76 90 23 54 64 48 88 99 17 89 23 59 35 36 35 9 83 77 79 19 15 64 29 42 55 96 16 28 60 23 73 39 73 4 97 59 66 94 59 24 15 24 85 95 15 22 26 26 9 64 61 59 8 42 54 87 ; 
L -16 18 10 74 -12 19 -41 45 6 23 -37 29 29 -17 -17 37 -5 36 7 -47 -25 13 -43 20 -28 5 -11 -75 -34 -35 -3 -50 -66 8 -18 20 -34 -46 -19 -10 -4 20 -14 9 -78 -1 -36 -5 -23 29 44 -31 -6 -19 -62 5 -49 25 -22 21 9 26 1 21 -46 -35 41 37 -45 -12 46 33 -40 2 67 18 -44 8 -2 2 -32 -4 -25 -34 -32 -31 9 -30 -1 -36 15 -44 37 -83 -15 3 31 -37 -16 15 -24 10 33 -5 -38 -39 -12 -81 44 34 -84 25 -22 19 29 5 -2 -47 28 21 27 4 40 50 -61 16 -20 7 41 -21 32 -57 7 38 33 30 -35 -33 -35 9 46 -35 -1 37 -11 42 18 80 26 -14 -16 45 69 -41 23 44 -9 -12 9 46 -10 -14 10 -6 -16 17 12 -25 -12 -28 -43 71 -16 12 19 -44 22 16 70 -46 33 19 -38 85 -4 -28 4 60 -17 15 -7 -13 -3 7 -39 -14 -12 10 43 -42 -35 20 -36 28 -44 26 3 43 40 -18 30 22 -46 -28 21 -14 8 -46 7 45 -22 9 41 -46 -11 21 50 21 5 -82 79 -22 -48 41 40 24 -23 39 4 30 -21 -18 -46 18 37 30 36 8 21 -41 -9 41 -15 -48 13 45 -43 3 3 4 -20 9 -8 -9 3 -6 -36 33 -33 14 -31 24 -14 -25 8 -42 -56 7 4 5 34 -50 24 -36 -5 -15 -19 -44 -50 7 -2 -6 -24 4 32 22 8 27 17 5 25 17 -14 25 -34 21 -1 27 -34 -18 -50 10 -68 17 36 -37 26 -48 28 -24 -42 14 35 -4 29 -45 49 19 4 -73 -3 -10 64 10 -39 40 72 -9 -37 29 8 -1 -49 13 -1 -10 32 19 44 1 -23 38 47 2 -24 -12 50 -23 30 44 -53 -33 13 29 -33 14 4 -25 -2 40 -14 42 43 42 -24 -77 19 -27 -4 -12 17 -38 -2 -6 -38 -19 -41 -25 48 32 19 -5 -6 16 -5 37 14 -49 -2 9 -65 -41 34 -30 -36 12 -3 8 18 -29 -44 18 -12 51 -1 45 16 47 41 -33 -2 50 20 -8 19 42 -15 -31 -28 -29 -15 -47 49 -54 31 15 49 -49 1 -16 14 -41 12 -49 -55 -50 -34 48 -49 -46 -41 12 4 48 -21 48 63 21 37 22 12 -49 -52 -27 24 39 -42 38 59 58 42 29 -31 -47 -14 32 49 -27 -36 18 42 48 -43 -25 23 -3 -42 -12 -5 22 37 1 49 -32 -19 18 -76 21 20 29 ; 
18:68 1:3 8:32 4:14 16:64 1:3 30:116 31:123 17:65 27:107 11:41 11:41 4:14 26:102 8:28 34:136 17:67 18:72 36:140 30:116 12:44 30:120 10:40 32:126 12:44 16:62 17:67 4:14 36:144 13:49 7:27 25:99 36:144 42:168 32:124 40:160 16:62 24:96 20:80 20:78 27:105 24:92 32:126 7:25 10:40 32:126 5:17 4:14 39:153 8:32 21:81 12:44 39:153 12:48 15:59 34:132 17:65 10:38 9:33 31:121 30:118 32:126 14:52 22:84 8:32 40:158 17:65 14:54 9:33 39:155 24:92 39:155 27:107 22:84 32:124 6:24 4:14 32:126 26:102 28:110 3:9 23:91 19:75 34:132 28:110 17:65 27:107 28:110 11:41 26:102 15:59 7:27 10:40 37:147 17:65 50:200 32:126 3:9 19:73 26:100 8:28 6:20 26:104 28:112 2:6 17:65 24:96 32:124 14:52 18:72 38:150 7:27 31:121 27:107 51:203 36:140 19:73 24:96 16:60 34:132 22:84 21:81 10:38 17:65 20:76 34:136 2:4 23:91 9:33 26:104 37:145 23:89 26:100 13:51 34:136 23:89 12:44 18:68 23:89 8:32 22:86 36:144 21:83 3:11 36:140 24:92 3:9 10:40 1:1 10:40 9:35 13:49 7:27 22:88 15:59 15:57 57:227 10:36 22:86 26:102 20:76 36:140 40:158 7:27 36:142 10:36 24:94 14:56 27:105 4:14 34:132 36:140 24:92 32:126 8:30 6:24 26:102 12:46 13:49 30:116 22:88 39:153 12:46 20:80 4:16 23:91 8:30 4:14 25:97 25:97 22:86 18:70 33:131 8:32 16:60 3:9 26:102 17:67 6:20 8:30 15:59 4:14 33:129 10:38 34:134 24:96 28:110 37:145 5:17 22:86 9:33 22:84 24:94 25:99 2:6 8:28 30:120 3:11 8:28 22:86 33:129 30:116 16:60 20:80 35:137 24:92 15:57 23:91 34:134 22:88 10:38 37:145 16:62 30:116 2:6 39:155 24:94 27:105 38:150 24:94 19:73 13:51 12:44 36:144 15:59 2:8 36:142 4:16 66:262 18:68 26:104 34:132 40:158 16:60 9:33 24:96 30:118 7:27 2:6 30:116 27:105 14:56 5:17 8:28 24:96 35:137 36:144 10:36 36:142 38:150 12:48 15:57 40:156 3:11 6:20 32:128 47:185 31:121 16:62 12:44 16:60 12:48 16:62 14:56 38:148 36:140 12:44 5:17 34:134 39:155 12:48 13:49 36:144 27:107 26:100 32:128 13:51 4:16 28:108 26:100 13:49 26:102 2:6 26:100 7:25 4:14 2:6 4:14 27:107 39:153 30:118 36:142 23:91 30:120 27:105 11:43 24:94 24:96 6:24 38:152 34:136 10:38 6:24 2:6 2:4 17:65 1:3 10:38 35:137 10:40 6:20 36:142 8:32 29:113 16:64 36:144 28:110 31:121 37:145 22:86 11:43 19:73 26:100 26:100 34:134 9:33 18:68 2:6 12:48 38:152 10:40 13:51 38:150 31:123 26:100 18:72 16:62 39:155 39:153 38:152 33:129 26:104 4:12 18:68 4:16 34:136 18:72 14:54 22:84 18:72 23:89 29:113 32:124 4:16 39:155 23:89 26:102 31:123 20:76 4:16 38:150 25:99 15:59 33:131 4:14 30:120 16:64 7:27 14:54 5:17 8:30 26:102 28:112 28:112 7:25 16:62 4:12 29:115 10:38 17:67 34:134 16:60 37:147 8:30 25:99 33:129 24:96 40:158 4:16 29:113 17:67 9:33 28:108 8:32 33:129 29:115 16:60 11:43 8:32 16:62 26:104 15:59 37:145 17:65 18:70 33:131 40:158 19:75 4:16 40:158 15:57 22:86 2:4 12:46 28:110 26:104 7:27 20:78 10:40 16:62 9:35 36:144 6:20 3:11 0:0 39:155 22:88 8:28 1:1 23:89 38:150 18:68 3:11 28:110 8:30 10:40 6:24 30:118 4:16 19:75 51:201 36:142 46:184 5:17 6:22 34:136 37:147 16:64 10:40 46:182 24:96 42:168 19:73 22:84 18:72 24:94 11:43 39:155 10:36 15:57 13:49 4:16 3:11 24:96 31:123 25:97 12:44 35:139 1:3 20:76 7:25 11:41 2:6 27:105 11:43 16:60 34:136 22:88 17:67 22:86 35:139 ; 
L 7 -31 -39 35 -32 18 -30 -18 25 13 23 31 2 -4 10 37 17 -48 -30 -22 -10 24 -1 42 6 16 -25 -10 12 27 -28 23 -3 -27 -34 -20 -12 -14 42 -49 25 31 -17 -12 42 -11 -38 -12 18 -25 -21 32 12 -19 6 -7 -7 38 -48 20 49 45 -16 38 -24 11 13 5 -25 -9 -41 12 21 -11 22 28 -5 12 31 -29 45 -44 -20 -24 28 41 38 -29 42 44 41 -11 45 -26 -46 -39 14 7 -28 -28 -29 43 -17 -34 44 -5 34 34 35 16 -25 -40 -6 -39 -4 -34 34 26 1 -17 -38 -35 -44 30 11 -46 38 32 -15 -3 28 5 3 -25 33 -13 15 18 -49 3 -6 34 -50 -40 -7 16 -13 -33 38 43 -10 20 -27 -29 40 -12 12 -25 -29 9 15 2 -36 -22 36 18 -10 9 -48 -1 39 24 -40 48 -49 10 12 2 37 -41 -47 8 6 8 -11 26 40 11 -44 -27 9 -44 12 27 48 -25 -35 18 -15 -12 -10 -46 -29 31 2 26 -6 50 31 32 -2 -16 31 -41 43 40 -41 -47 -9 50 -37 -31 -2 4 -33 -47 -33 5 34 49 23 9 24 -31 -41 -23 -34 29 -10 -47 2 -37 -3 -45 -20 -48 -12 35 -5 41 2 -16 34 19 -30 32 -9 49 -30 -48 -38 1 44 -13 42 -38 9 -13 22 -26 38 49 9 -38 24 25 -24 -19 18 42 -27 5 37 41 -14 -16 -24 -41 -39 -11 26 4 35 -8 13 -4 25 14 16 10 -8 -7 -18 23 38 15 50 -13 -32 45 -22 7 -10 -3 35 -9 6 -50 17 -3 39 -6 47 -42 -16 -22 -37 21 23 -26 -24 -33 23 -18 -47 2 27 -50 -33 -38 11 -19 8 20 17 22 -9 21 13 -4 -25 31 49 -26 -35 47 36 -10 14 -44 -26 5 -34 38 25 -13 -4 32 32 19 -49 40 -35 32 -49 25 16 -16 -44 18 29 14 40 37 49 -26 45 -22 -21 -8 46 16 25 4 32 -50 -24 -15 -29 -20 16 32 -11 -10 38 5 24 -32 -18 -26 -1 35 44 -21 11 48 -22 34 37 -19 -21 21 10 16 -27 -48 40 38 -7 31 -9 -14 24 -36 49 22 -34 4 -32 -39 8 44 -47 -3 -35 20 -17 29 -23 -39 -43 -33 -39 16 42 -28 -22 15 5 -25 20 21 -15 31 15 -14 -23 -16 39 27 25 40 -9 10 14 14 42 -22 -24 26 -27 -29 44 49 -36 32 -7 -45 -46 -23 -27 23 -18 9 33 36 -3 -6 35 -18 ; 
44 95 88 19 44 41 7 41 19 76 57 27 31 34 95 55 15 39 57 6 72 7 96 36 85 21 28 49 15 30 97 21 11 63 52 87 54 80 5 43 5 92 62 95 51 58 27 27 78 28 33 29 36 88 32 53 84 6 96 1 50 79 21 82 67 9 38 79 12 71 65 97 34 87 92 52 66 35 23 47 40 49 9 7 19 11 65 42 26 63 83 29 60 21 56 26 73 27 44 55 41 71 99 95 81 9 95 5 5 96 82 96 20 47 17 79 95 4 91 87 92 60 23 64 80 85 65 20 80 28 3 71 1 33 85 27 28 11 14 42 65 37 14 99 49 44 60 10 97 28 49 12 73 63 18 91 27 25 57 7 14 95 32 56 39 100 77 61 68 44 79 87 7 88 41 22 10 12 12 82 97 18 18 99 4 69 67 31 36 18 87 4 47 56 18 40 57 70 43 74 37 67 65 45 89 62 10 75 35 76 19 78 98 89 84 46 95 53 63 47 63 21 71 91 63 95 56 4 28 34 50 80 60 90 44 71 24 16 75 8 8 87 7 76 2 14 98 95 22 98 69 73 88 48 68 5 73 41 78 49 90 8 84 68 20 87 62 85 82 69 6 26 35 57 49 86 71 43 43 51 17 36 45 71 33 43 22 36 94 100 11 36 92 26 47 99 81 32 75 15 71 33 10 5 10 47 89 35 70 45 65 50 54 15 21 69 59 9 77 52 49 70 100 58 51 89 57 56 79 33 90 65 1 91 31 43 25 77 98 11 91 26 64 88 30 62 46 99 49 13 14 62 79 9 32 69 95 97 26 91 63 34 7 10 5 40 75 8 87 3 59 81 11 6 5 76 95 60 9 10 34 98 65 37 10 5 78 26 69 4 69 11 32 61 2 56 9 26 11 59 44 95 3 12 14 17 7 58 21 90 62 12 39 81 9 34 17 8 9 48 4 47 2 17 53 33 87 25 95 79 91 21 57 66 51 25 47 4 56 79 42 93 64 54 21 16 85 81 21 33 80 85 95 55 71 65 16 57 64 52 61 20 98 28 17 30 74 17 7 33 13 35 5 51 57 53 85 40 25 21 48 47 61 2 6 39 77 71 91 52 83 10 23 2 92 49 56 75 95 89 69 ; 
L 7 -31 -39 3 -17 -6 9 -35 3 10 -7 22 32 34 -7 -45 -46 -17 -12 42 -38 -12 21 25 32 12 -19 6 85 -7 66 -7 38 -48 20 49 45 -16 38 -24 11 13 5 -25 -9 9 34 4 39 6 40 25 -40 -14 -29 -18 44 16 -16 -25 41 -25 -10 9 -40 -25 -10 -12 -24 -19 18 42 -27 -2 47 10 -29 34 23 31 -9 -23 -44 39 23 -29 17 -20 35 47 42 -22 -24 -27 -29 44 49 -36 -36 -29 49 -44 -1 38 48 30 -49 -21 40 -35 32 -49 12 21 -11 28 59 -5 31 2 26 -6 31 32 -2 -16 -29 43 -17 -34 -28 -22 15 5 -25 20 21 -15 31 15 -14 -23 51 10 12 2 37 -41 -47 8 6 8 -11 26 40 11 55 -44 -28 3 15 -32 12 -40 29 27 -20 10 -43 -38 33 13 -16 7 -57 50 -34 6 -3 49 -18 -15 13 -33 25 -3 -5 -27 9 -44 12 27 48 -25 -35 18 -15 61 -12 -10 -46 -29 -62 -18 -36 22 36 -2 -15 -9 29 31 -41 43 70 45 -44 -20 -24 28 13 -4 -28 25 -12 -5 -30 71 -18 54 25 -13 3 37 32 -35 -38 -41 -37 44 -5 32 26 1 -17 -38 -35 -44 84 30 11 -46 63 12 31 -25 60 -38 10 11 -32 -16 -78 29 24 50 -32 -4 -25 -56 -16 -46 8 -73 21 22 -45 26 -49 -37 27 23 -4 -20 49 -18 -47 2 27 -50 -33 -38 11 -19 8 69 6 3 -36 -16 39 -24 31 49 52 -26 -35 -14 41 -40 -9 18 8 -14 32 19 -49 9 41 38 -29 42 41 45 -26 -39 14 7 -28 25 14 16 -64 -42 1 -24 10 22 30 48 -17 -37 4 -2 -31 -23 -13 -38 34 -5 26 44 -14 16 -41 6 16 -25 -10 12 -28 23 -3 -27 -34 -20 68 -12 -14 42 -49 -32 4 -45 -20 -48 34 77 19 -30 -45 32 13 -50 -15 -38 -23 -4 2 31 37 -50 9 35 -5 10 -8 -7 -18 -58 9 -31 7 -40 48 27 -16 -10 -21 21 19 -37 -81 -34 22 -48 -16 -35 -34 -34 -42 39 33 43 -49 -34 -5 -80 33 -9 38 -42 -76 33 -67 47 36 -79 -11 21 -44 -35 1 15 26 18 32 32 -4 34 -22 -23 33 24 26 -23 -75 -65 -21 22 16 42 -53 -47 -22 13 6 -39 -35 -4 -26 11 39 41 24 16 14 -10 83 9 82 -48 -1 39 74 24 -40 48 -13 -26 49 72 9 -38 25 47 -8 -22 35 -18 ; 
18:70 38:152 36:140 4:12 21:83 30:120 24:94 28:110 9:33 6:24 22:86 20:80 4:16 54:212 2:4 29:113 37:145 38:148 38:152 21:81 22:84 11:43 27:105 14:52 15:57 15:57 36:140 13:51 24:94 14:54 7:27 39:153 3:9 39:153 1:1 20:80 32:126 9:33 33:131 27:107 4:14 16:60 32:126 5:19 29:113 6:22 14:56 32:126 7:27 19:75 8:32 39:153 21:83 26:104 40:156 14:54 4:16 4:14 24:96 38:152 53:209 55:219 24:94 21:81 2:8 14:56 34:136 37:147 25:97 18:68 18:68 21:81 7:27 15:57 4:12 4:12 30:120 7:25 10:38 34:136 38:150 32:128 20:80 26:100 14:52 9:33 33:129 34:136 7:25 2:4 54:212 16:64 10:40 6:24 19:75 25:97 1:3 3:9 25:99 15:59 20:76 29:113 34:134 4:12 36:144 20:78 32:124 14:56 48:192 5:17 3:9 2:8 17:67 14:54 35:139 45:179 28:108 40:160 35:139 36:142 25:99 4:16 34:134 31:121 8:30 32:124 32:128 29:113 40:158 38:152 4:12 7:25 23:91 26:102 21:83 25:97 8:32 40:156 12:44 7:27 12:48 30:118 2:8 33:129 4:16 5:19 5:19 33:131 39:155 8:28 8:28 40:158 2:6 28:110 27:107 13:49 24:94 32:126 4:12 2:4 12:44 32:128 17:67 37:145 8:28 26:100 30:116 5:19 20:78 12:44 39:155 4:16 24:96 18:70 31:121 27:105 6:22 15:59 26:104 17:67 6:22 5:17 12:44 11:43 34:136 14:52 1:1 33:129 35:139 2:6 19:75 23:89 8:28 16:64 23:91 28:112 18:68 15:59 33:129 15:59 27:107 26:104 15:59 36:142 40:160 16:62 23:89 13:51 38:152 6:22 3:11 38:150 36:142 34:134 9:35 5:17 20:78 4:14 3:11 8:30 6:20 40:158 22:84 9:35 10:40 10:36 11:43 21:83 36:142 15:57 18:72 22:88 40:156 3:11 37:147 18:70 9:33 10:38 29:113 42:164 4:14 54:214 32:124 37:145 35:139 37:147 24:96 10:36 27:107 2:4 32:128 34:136 13:49 40:160 10:36 2:8 16:62 10:36 6:22 5:19 2:4 38:152 21:83 13:51 13:51 4:14 23:89 1:3 25:97 29:113 14:54 5:17 28:110 7:27 1:1 28:110 11:41 32:124 2:8 4:16 20:78 34:132 14:52 12:44 9:33 36:142 13:49 18:68 10:40 31:123 40:156 5:17 37:145 11:41 26:102 31:123 62:248 30:120 23:89 19:73 17:65 12:48 11:43 32:126 23:91 20:76 13:51 20:76 30:118 38:152 43:171 1:3 7:25 42:166 40:160 2:4 24:94 24:96 14:56 26:104 17:67 11:41 59:233 34:136 9:33 1:1 30:116 11:43 18:70 34:132 13:51 30:120 6:24 37:145 15:57 39:153 3:11 29:115 3:9 23:91 16:62 6:24 30:118 14:54 13:49 11:43 23:91 11:43 4:16 3:11 14:54 26:100 37:145 13:51 2:4 38:152 9:33 12:44 20:78 6:24 6:20 9:33 5:17 26:100 21:83 35:139 1:1 33:131 32:128 2:8 18:68 4:12 4:12 22:84 1:3 6:22 36:140 19:75 28:110 28:108 24:96 18:72 28:112 14:56 36:142 19:75 4:16 21:81 37:145 29:113 9:33 26:100 19:75 50:198 9:35 6:22 29:113 14:52 4:16 7:25 31:121 37:145 32:126 15:57 35:139 14:52 22:84 7:27 1:3 19:75 2:6 20:76 11:43 27:105 4:12 7:27 20:80 39:153 2:8 2:8 18:72 48:188 38:152 34:136 9:35 14:54 12:44 15:57 36:142 63:251 25:99 35:139 5:19 33:129 22:88 21:83 38:152 16:64 17:65 4:14 33:129 16:62 5:19 9:35 18:72 36:144 9:33 43:171 23:89 2:6 19:75 11:43 1:1 26:104 36:144 14:52 15:57 28:108 22:86 30:120 36:142 21:81 32:128 13:51 28:112 33:131 28:112 28:112 15:59 37:147 15:57 5:17 40:160 38:150 15:57 9:35 18:68 52:208 30:116 5:17 24:96 14:54 18:70 32:126 5:17 35:139 3:11 36:140 16:60 40:156 2:8 30:116 22:86 23:91 27:105 18:70 22:84 23:89 5:17 36:142 28:110 ; 
L -2 39 17 12 32 41 36 4 -43 46 -32 41 48 -22 34 36 -25 7 -15 9 -15 8 1 -22 12 22 5 -13 -26 -48 10 -27 -45 -9 12 -23 -33 35 -13 -18 16 -25 -46 47 -15 -47 -36 11 33 21 25 -2 4 46 49 17 1 11 -28 41 48 -37 39 25 -9 -16 -46 8 -30 -40 48 -9 -28 35 -41 -16 -44 -3 -34 -42 25 -24 -13 37 12 -8 -43 23 9 -26 -44 -43 43 10 -42 50 46 42 6 -45 38 42 -32 19 37 -26 -40 6 33 46 22 -41 -23 1 -42 -20 6 22 36 25 33 20 -38 -24 -4 -20 -39 -6 3 49 45 -18 -5 8 11 -30 10 -2 -33 -34 -46 32 24 -44 46 -22 -34 19 -39 -3 -46 25 41 40 21 -7 -50 28 -50 43 -19 -32 -8 -44 37 35 13 28 12 -8 -9 20 -2 40 -6 -7 36 -11 -5 2 -30 -12 -48 -32 -37 -20 -48 -36 42 4 34 -31 20 -25 7 -16 25 33 7 -4 12 -33 -19 -45 -50 2 37 36 40 -50 27 -12 -10 48 38 -38 -27 -44 -10 -8 -1 6 15 15 17 49 -31 -9 -9 6 50 42 33 40 -37 -26 -50 -19 -9 -11 19 -30 -30 48 29 10 16 -46 27 -30 25 -31 -43 32 18 -4 8 18 37 23 -38 -37 -40 -33 -23 -26 15 -13 -11 -36 -24 -31 -3 26 22 44 -32 -48 -42 -9 -11 36 45 -31 -50 31 -22 -27 -37 -8 -39 -36 3 43 -47 13 45 -16 30 -2 21 11 -4 29 -19 44 -16 41 13 2 -13 -39 27 45 -36 12 4 -13 28 -18 2 50 -8 -50 43 -25 -20 -43 -12 -4 1 37 -13 7 42 -18 25 23 4 3 29 -24 -7 26 -48 -9 -14 -15 -45 16 19 -11 -13 25 -19 28 -11 -11 -38 -11 47 38 -12 31 39 -40 -6 -19 -28 -15 30 15 -15 -31 48 42 36 46 44 15 -8 10 30 21 -43 7 -46 50 -32 40 27 -17 -46 18 -29 7 2 45 10 -28 -38 48 -12 -27 -26 2 46 38 21 -11 2 5 35 -38 19 -34 -2 -45 -18 40 31 43 -20 36 8 -32 -18 16 -1 -12 23 -39 46 -44 -44 -18 4 -39 25 -34 -2 -2 31 45 3 37 18 27 50 -46 -23 -3 24 50 -7 -49 46 -50 41 -9 -4 18 34 -29 17 40 -1 4 -47 -38 -19 20 5 23 41 -49 -8 -47 34 49 46 43 33 18 -25 -36 44 23 -28 44 24 -14 -41 -37 -4 -32 49 -20 31 -2 ; 
35 41 12 33 87 95 46 5 91 12 60 61 40 64 20 90 39 3 25 96 82 67 69 32 17 50 42 25 36 81 24 68 79 36 80 69 28 98 53 42 39 78 93 12 7 52 96 41 91 56 95 38 28 56 66 42 11 39 12 4 96 57 92 3 78 45 78 24 94 74 33 51 29 8 56 92 23 45 35 71 52 98 69 65 92 25 25 41 1 11 23 89 59 96 44 10 47 98 38 93 99 19 100 31 81 43 12 96 30 7 76 56 70 65 79 27 69 64 98 44 37 24 46 76 11 95 13 11 65 49 96 85 70 88 2 37 61 98 67 97 67 84 33 8 79 54 36 42 71 67 85 51 42 41 72 85 47 98 73 73 60 99 57 22 85 51 13 54 21 21 37 78 79 69 94 70 95 36 64 83 34 36 51 24 17 100 59 14 73 58 96 7 72 73 64 40 69 98 11 34 85 61 50 19 40 15 71 30 28 30 45 12 1 34 10 39 47 25 15 19 48 48 74 99 16 40 49 81 99 7 72 58 96 96 66 49 58 30 55 7 17 43 90 7 88 50 5 32 98 23 91 22 87 3 49 5 75 27 72 69 58 65 49 4 53 60 18 52 81 49 9 51 33 21 29 19 93 88 19 91 33 48 92 1 69 98 96 10 91 93 16 15 80 9 76 5 21 40 43 90 100 85 63 36 12 79 49 92 91 80 95 88 61 95 99 10 25 52 33 70 30 32 93 22 81 26 64 19 48 21 14 89 4 81 21 40 86 20 66 65 33 66 11 64 97 19 79 42 10 40 99 66 8 71 94 12 59 53 65 34 78 82 6 38 84 66 46 33 25 1 98 90 98 8 45 56 57 6 3 45 82 7 70 15 43 77 47 24 78 52 98 97 65 59 11 41 90 1 56 58 21 93 85 80 57 49 58 38 87 67 52 85 79 14 89 43 66 28 82 33 20 37 34 23 23 70 12 96 24 88 58 54 20 35 100 26 69 77 27 33 15 40 81 43 11 87 10 8 95 69 12 74 35 12 24 93 4 11 22 3 21 41 28 76 95 95 95 71 18 96 88 38 52 80 6 73 66 95 32 76 94 69 71 33 31 6 85 72 89 95 25 39 13 29 13 85 20 89 5 89 3 ; 
L -2 39 3 37 18 27 50 -46 -23 51 -3 24 62 70 50 -49 46 -50 41 -9 -4 18 34 -29 17 40 -1 10 12 -23 69 -33 45 44 27 -36 4 83 -47 -38 -50 43 -19 -32 -8 -44 37 35 13 28 12 -9 -2 40 -6 -7 -23 -26 15 -15 -47 -36 11 33 81 21 25 28 -2 46 49 17 11 -28 41 28 -18 2 50 -8 67 -50 48 -37 39 -9 -16 -46 8 -40 48 -9 -28 35 -41 -16 -3 24 -44 -9 43 -61 -4 -36 -12 -36 11 -24 -44 -19 20 5 -49 80 -8 -47 34 49 46 43 33 11 -28 19 -25 13 11 -16 15 14 9 48 -26 22 -46 7 24 -46 -2 26 27 12 -48 38 28 2 34 -19 38 -23 -37 -18 -8 4 -18 43 31 30 46 19 -4 38 -48 10 -11 -5 -32 -64 46 -74 34 33 -54 2 -10 30 -11 -8 5 18 -45 -49 -3 6 39 20 4 -20 -33 -25 39 8 37 27 22 -31 50 20 -47 13 -27 -42 50 46 42 6 66 -45 38 42 -32 19 37 -26 -40 6 33 46 22 58 -41 -23 1 -42 -20 6 22 36 -4 -23 -25 -42 -7 13 -37 4 12 43 20 25 -43 -65 -84 13 59 47 38 -12 85 31 39 78 -40 -2 11 -60 -29 56 13 2 -13 -39 25 -18 44 -16 41 27 -36 12 4 3 29 76 5 35 -38 -37 27 -41 8 10 -10 -45 -2 -7 29 46 17 -27 -40 -50 46 -7 32 11 9 48 -24 -31 -3 26 22 44 -32 36 11 13 -19 11 25 41 40 21 -43 -31 -40 18 -13 -18 -25 79 -46 47 -30 -30 48 29 10 68 -34 19 52 -39 -12 -17 -33 -19 -45 53 2 37 36 40 -50 16 -14 41 -15 -44 -10 -43 43 44 26 -23 43 8 -12 -82 -37 24 -25 42 34 2 -30 -12 -48 -32 71 -37 -20 6 -30 16 -45 -10 48 26 13 -5 -22 -12 22 -1 -8 -36 3 43 -26 15 -15 -31 33 73 40 -37 57 -40 -33 -38 -11 -9 -48 -36 42 4 34 -31 20 -25 7 -16 25 33 7 -4 12 -45 -31 2 2 34 -25 39 -4 18 44 44 -46 39 12 1 -16 18 32 -8 -36 -77 20 -63 -7 -50 28 38 21 -11 2 72 -15 30 31 -36 -7 25 -36 -34 -48 -46 46 3 43 -21 -30 9 45 -46 42 36 -48 -42 -50 -6 9 9 31 -49 -17 15 15 1 -15 -19 75 -28 -23 -49 32 4 -55 37 41 32 -8 44 19 50 31 -2 ; 
14:56 17:65 7:25 35:139 4:16 4:12 38:152 28:110 5:19 22:84 37:147 14:56 24:92 17:65 28:110 23:91 2:6 5:17 9:35 2:4 9:33 17:65 12:44 31:121 38:152 38:152 38:152 16:60 30:118 28:110 10:36 31:121 38:148 9:33 10:40 10:40 37:145 21:83 17:67 39:153 28:108 30:116 24:96 40:158 23:91 9:35 34:136 21:81 6:20 22:86 9:33 20:78 56:224 28:110 38:150 28:112 26:100 24:96 8:28 14:52 21:83 39:153 17:65 37:145 32:128 35:137 38:152 4:14 14:56 12:48 27:105 17:67 18:70 5:19 2:6 34:136 28:112 12:48 13:51 38:148 38:152 25:99 32:128 23:91 37:147 15:57 18:72 32:124 10:38 7:25 14:52 21:81 12:46 4:12 23:89 37:147 14:54 5:19 4:12 51:203 3:9 38:150 11:43 2:8 11:41 11:41 22:84 32:128 10:40 18:70 16:60 21:83 48:192 19:73 34:132 38:152 13:51 31:121 38:150 28:110 29:113 5:19 24:94 5:19 38:150 29:113 4:12 32:124 18:70 17:67 32:126 8:30 39:155 9:33 22:86 30:120 5:17 44:172 24:92 20:78 23:91 32:128 34:136 38:148 9:33 8:28 27:105 18:68 36:142 1:1 28:110 29:115 11:43 30:120 2:8 18:72 35:139 6:20 43:169 24:96 48:190 19:75 10:40 14:54 5:17 26:102 19:75 21:81 36:144 38:148 4:12 39:155 27:105 4:16 40:156 25:97 15:59 1:3 36:140 28:112 34:136 39:153 20:78 26:104 5:17 6:20 38:152 20:78 10:38 15:59 25:97 7:25 38:148 37:145 4:16 39:153 40:156 4:16 55:219 2:8 27:105 24:96 4:16 19:75 40:156 16:60 31:121 14:56 40:158 8:30 40:160 13:49 33:129 18:68 5:19 39:153 12:48 3:11 31:121 5:19 31:123 28:112 26:104 32:126 11:43 28:110 26:102 40:156 34:136 27:105 8:32 4:14 9:33 33:129 2:6 33:129 9:33 20:76 8:30 26:102 11:41 35:139 31:123 5:19 18:68 30:118 33:131 3:9 15:57 1:3 34:134 32:124 10:36 39:153 18:68 5:17 12:44 6:20 30:116 32:128 38:152 36:140 20:78 13:49 27:107 20:78 37:147 42:164 14:54 4:16 10:40 16:60 14:52 32:126 26:102 32:126 29:113 26:104 17:67 13:51 26:100 8:30 25:99 23:89 1:1 36:144 17:65 10:36 26:104 39:155 40:156 48:192 10:38 19:75 22:88 14:54 14:52 26:100 27:107 21:81 14:52 9:33 12:46 8:30 38:148 12:48 20:78 33:129 25:99 7:27 2:4 17:67 17:65 29:115 24:96 15:59 8:32 14:52 15:59 17:67 14:56 16:60 33:131 5:19 3:11 36:144 3:11 36:140 20:80 12:46 9:35 17:67 6:24 40:160 27:105 14:52 16:60 20:80 8:30 15:59 34:134 29:113 12:48 12:44 12:48 8:30 7:27 22:86 26:100 18:72 0:0 39:153 24:94 36:142 10:36 5:19 17:65 10:40 10:40 24:94 33:131 37:147 40:156 21:83 29:113 37:147 14:54 15:57 21:81 10:38 31:121 29:115 40:160 29:115 16:64 18:68 16:64 10:36 10:38 33:129 15:57 10:40 17:67 20:80 7:27 13:51 28:110 34:134 32:128 4:14 15:57 12:46 40:156 4:12 23:89 26:102 38:150 27:105 4:16 31:123 2:6 39:155 14:54 17:67 1:3 6:22 30:116 24:92 39:153 3:11 29:115 30:116 26:102 16:64 28:110 40:156 5:17 14:54 34:136 12:48 18:68 33:129 16:64 6:24 14:52 11:43 31:123 28:110 11:41 40:160 14:56 8:32 20:78 36:140 10:38 39:153 5:19 28:112 10:36 7:25 28:110 25:97 18:70 19:75 40:156 36:144 35:139 27:107 21:83 32:128 3:11 40:156 50:200 35:139 17:67 2:4 16:62 36:144 22:88 30:116 25:97 34:136 44:176 18:68 6:24 31:121 15:57 27:105 18:68 23:91 8:30 34:136 24:92 29:115 3:11 40:158 33:129 20:78 16:64 3:9 40:158 36:144 31:123 46:182 22:84 6:20 38:150 15:57 8:32 34:136 30:116 12:48 12:46 8:32 19:73 14:54 17:67 12:48 24:92 36:142 2:4 ; 
L -21 -40 5 39 -35 9 -17 -25 -46 3 -27 -41 45 33 -21 -18 22 38 -33 -47 41 15 -14 -4 2 -14 -10 -17 19 -17 -28 -7 -41 -5 -29 5 -34 -47 -37 43 3 -50 50 -46 40 -29 -5 -14 -5 -13 15 32 32 28 1 37 -32 22 4 2 -1 -14 22 -48 -35 41 -28 33 37 41 -25 -9 -11 33 -8 12 30 38 46 -19 40 -16 -42 -32 -11 -35 -50 2 25 -44 3 -11 -10 -23 19 -8 44 43 49 -12 -21 5 24 41 -40 -22 -38 -20 -50 -34 32 35 48 36 -45 -15 31 24 1 4 20 3 -34 16 -37 -30 -50 -31 24 38 -22 4 44 -14 15 -33 5 7 24 -34 -46 31 21 42 -21 11 -17 29 -30 43 49 35 -3 -35 20 11 19 -29 -42 -50 27 17 4 -42 -49 -1 13 20 7 -11 2 -46 29 18 40 4 -21 37 -27 -16 8 25 -18 -10 26 15 -19 -22 9 -33 41 -5 -28 7 39 5 -45 39 39 -45 -11 5 44 29 -14 -45 -45 -34 -21 -4 15 -7 -38 -44 -43 6 -20 44 13 50 3 4 -6 -1 26 -49 7 31 27 24 -24 22 15 -49 15 -32 13 48 15 -23 27 40 -34 -35 -50 16 -39 -6 -49 -38 -18 -29 50 -34 -38 -45 14 30 12 -27 -34 29 6 19 50 8 -37 17 11 31 -26 44 12 44 -23 -20 11 25 41 -42 -30 19 -42 26 35 -38 -50 -10 -39 -9 -8 -35 35 3 -13 -24 40 43 -2 -6 32 -17 -42 27 -40 37 50 -7 -2 22 -23 43 39 -41 -22 3 13 -1 -47 31 -41 -25 28 -27 22 8 -47 45 33 -20 8 46 28 -16 -3 -46 -44 18 -14 -31 45 47 48 -38 45 -15 -49 43 -27 39 -22 47 36 9 46 -11 -24 -12 5 -22 4 -24 13 39 23 -16 -7 29 15 -27 -33 5 31 -49 26 -40 21 -26 -44 -6 -44 -35 -23 18 -43 -31 4 9 -12 -36 -6 49 8 -15 -14 -41 49 49 -39 -3 -10 -22 16 25 -6 30 20 38 49 -46 44 26 -37 46 45 25 -30 23 42 -10 -15 3 50 11 11 -6 -27 -8 -7 -20 -38 14 -50 42 5 3 38 12 42 50 -50 25 -18 -8 -40 -47 42 -42 49 4 8 18 22 -42 24 13 34 -4 -41 -39 49 11 42 -22 -40 12 28 -38 27 29 6 -2 -40 -19 11 43 -40 -36 -40 26 -16 -50 -46 20 -43 -25 -36 -13 -3 -13 -22 29 -21 45 29 -29 21 -23 48 -5 ; 
77 82 74 2 2 96 93 27 8 10 40 66 57 45 24 83 53 100 46 1 84 32 9 33 35 3 78 2 88 56 40 81 8 86 29 5 25 65 64 94 26 21 87 4 71 17 63 89 54 34 97 27 77 39 39 72 80 15 46 55 89 54 67 54 49 47 72 41 15 20 89 16 73 33 78 76 92 68 72 86 50 43 56 3 50 8 20 1 12 72 8 82 83 35 45 44 72 95 66 88 22 6 27 6 3 4 67 31 43 56 97 65 99 49 76 64 64 12 96 29 29 49 72 12 68 46 65 63 28 98 72 16 85 35 94 13 19 60 31 97 5 72 65 86 47 76 58 46 66 4 93 72 99 54 85 21 62 22 97 37 9 21 84 68 2 15 10 85 86 77 90 50 30 44 66 56 27 8 10 36 67 99 65 38 37 83 65 78 66 34 45 40 68 4 37 79 74 72 63 70 34 68 90 98 3 40 75 72 71 66 8 52 62 77 75 28 27 97 49 92 93 37 81 66 57 16 63 31 34 96 62 48 56 20 26 33 11 24 45 23 37 55 38 83 12 78 56 50 20 43 79 97 10 100 6 76 84 57 88 31 35 53 66 74 33 63 5 13 77 10 89 66 100 47 67 12 80 26 33 57 43 65 86 78 99 82 48 8 84 18 77 10 26 31 73 68 8 48 66 8 92 21 74 8 26 93 96 24 84 53 93 15 29 85 26 27 93 90 2 3 60 71 53 16 100 47 94 18 77 6 58 34 16 35 83 26 69 66 71 30 8 76 99 91 81 15 92 98 63 51 16 64 2 43 80 1 89 38 36 23 7 98 19 99 62 48 94 16 89 2 39 49 8 37 23 34 79 45 77 52 20 50 21 89 15 29 48 11 2 34 66 23 85 32 81 56 77 56 5 15 68 54 90 68 82 14 86 26 75 35 49 44 10 80 51 11 48 69 10 9 59 40 7 47 6 53 79 21 63 95 49 52 73 88 41 37 23 100 72 61 26 79 42 31 30 76 66 2 33 55 20 22 28 52 16 85 32 15 92 19 30 62 70 66 34 8 66 12 13 59 38 62 91 97 69 40 14 89 8 88 74 76 97 96 12 13 82 79 83 65 96 16 91 95 5 96 43 89 49 75 66 ; 
L -21 -40 5 39 -47 31 -41 28 -27 22 -5 5 -34 -47 -37 43 80 3 -50 50 -46 40 10 -4 22 -78 52 -40 -47 42 -42 49 4 8 18 22 -42 24 13 34 -4 -41 72 85 -39 49 46 -64 25 17 -6 66 -49 -38 -18 -29 28 5 -41 29 6 30 -9 -8 63 -35 50 -50 25 65 -26 -44 46 -49 10 18 -25 -8 16 27 -37 21 -4 -40 -18 -29 -82 -14 38 44 29 -14 -45 68 -45 -34 50 30 -84 -73 37 -16 34 -3 -67 -4 -1 -24 15 51 62 -14 -4 6 -25 -16 22 -29 -14 -5 50 -34 -38 58 -45 71 14 46 -24 -12 5 -26 -19 30 -36 -6 49 8 -15 81 -14 -41 49 49 -39 -3 17 31 14 -20 -50 -34 32 35 48 36 -15 53 31 -41 47 -22 -42 -12 -36 -13 -21 40 -26 -31 29 54 -30 43 49 -21 -31 46 34 -7 33 -15 14 11 45 -39 -39 45 -5 -49 7 31 27 24 22 15 -49 15 13 75 48 15 -4 15 -7 -38 -44 -43 6 -20 13 50 3 4 -35 9 39 -16 50 35 34 -40 42 22 40 -41 -24 -5 21 -49 -43 -44 8 23 11 -3 -60 44 12 -9 -4 31 43 -18 23 35 -16 -3 -46 -44 18 38 -33 13 -2 -56 -4 -22 32 -37 -1 -28 -32 -32 -61 13 18 21 25 -20 46 50 16 -26 40 36 40 -43 -11 19 40 2 -6 -29 -27 38 -28 -12 40 22 -11 -17 37 -8 -50 -19 7 39 -77 -26 45 33 -3 -5 -42 50 6 -11 -79 -11 23 -45 -31 -11 22 13 3 10 14 -2 30 20 38 26 -19 -38 -5 33 -57 27 -15 21 -42 35 -35 20 11 19 -29 -42 -50 27 17 4 -42 -49 -1 -11 -29 7 16 -23 -39 -13 24 19 -17 -28 -7 -41 8 70 -47 33 -20 8 46 28 44 6 -55 44 26 45 47 48 -38 -22 9 -33 34 27 -12 -13 -24 40 43 59 -6 32 -17 -42 27 -40 37 50 -7 22 -23 43 39 -22 3 13 -1 23 -21 -29 -83 10 29 -36 -47 22 -39 -43 49 15 -45 21 3 20 7 -11 2 -46 -27 -8 -7 -20 -5 -44 -4 22 -38 -24 31 -23 27 -2 50 -3 -35 8 18 -33 28 -44 -44 -41 -76 -25 -11 20 -41 35 11 32 -69 42 16 -40 -46 -38 -30 -12 8 -33 11 9 25 -41 -37 -37 46 45 25 -30 23 42 -10 -15 74 3 50 35 48 -22 14 1 -27 -41 1 6 9 35 -38 -50 48 -5 ; 
31:123 33:131 30:118 1:3 0:0 2:4 24:96 43:169 7:25 40:160 30:120 4:16 10:40 26:104 26:102 38:150 25:97 8:32 9:33 35:139 2:6 29:113 12:44 15:57 3:11 38:152 8:30 13:49 31:121 27:105 1:3 14:52 22:88 8:32 9:35 12:44 21:83 7:25 34:136 13:51 6:24 37:147 8:28 17:67 19:73 12:48 23:89 26:100 10:36 11:43 19:73 16:64 28:112 18:68 32:126 39:155 2:6 28:108 16:64 10:40 27:105 16:62 19:75 31:123 10:40 8:30 23:91 11:41 32:126 23:89 6:20 18:70 20:78 14:56 20:80 16:60 26:104 40:158 27:107 15:57 4:16 4:12 11:43 23:89 27:105 18:70 14:52 15:59 21:83 15:57 40:156 2:4 16:64 18:70 22:88 29:115 33:131 26:104 18:72 20:78 30:116 28:108 5:19 29:115 22:88 40:158 12:46 39:153 12:46 36:140 32:124 23:89 14:52 12:46 33:131 28:108 36:144 18:68 20:76 22:86 10:36 40:160 3:9 4:14 29:113 38:150 21:81 53:211 25:99 16:60 15:57 8:30 36:144 26:104 9:35 27:105 10:36 34:136 13:51 15:59 30:116 23:89 31:123 23:89 2:8 6:24 39:155 7:27 12:48 24:92 18:68 23:89 39:155 26:104 40:158 20:78 52:204 26:102 15:57 6:24 34:134 10:38 21:83 29:115 7:27 32:126 26:100 32:126 14:54 24:94 5:19 31:121 7:27 2:6 38:148 26:104 26:104 29:115 2:8 16:60 4:14 6:20 38:150 34:132 14:54 28:112 26:100 29:115 30:118 24:92 26:100 13:49 14:54 39:153 26:102 23:89 8:32 11:41 10:38 21:81 2:8 18:72 31:123 4:12 21:83 25:99 31:123 30:120 12:44 11:43 15:59 37:147 38:148 15:59 18:68 39:153 39:155 23:89 32:124 5:19 34:132 16:60 24:96 7:25 2:6 2:4 3:9 11:43 3:9 3:9 27:105 38:152 29:115 5:17 8:32 33:131 17:65 2:8 27:105 1:3 5:17 20:76 12:46 6:24 36:142 9:33 16:60 34:132 11:41 28:110 27:105 26:102 19:73 4:14 5:19 38:150 19:73 19:73 6:24 32:128 29:115 16:62 16:62 31:123 34:136 6:22 17:67 34:132 35:137 7:25 39:153 39:155 31:121 30:118 36:140 4:12 36:142 6:22 16:64 28:110 39:155 37:145 25:99 16:60 24:94 6:20 5:19 27:105 4:12 14:54 18:72 43:169 6:20 2:8 26:100 14:52 13:49 15:59 25:97 2:4 22:88 18:72 10:38 15:59 17:65 36:140 52:204 22:84 38:152 4:12 5:17 12:46 13:49 4:16 13:51 39:153 26:104 19:75 32:124 2:4 8:32 35:137 11:41 25:99 6:24 37:145 4:14 20:78 35:139 26:100 1:3 41:163 19:75 38:148 7:25 34:136 9:33 25:99 9:35 39:155 15:59 4:14 9:33 34:134 28:108 1:3 6:24 49:195 26:100 7:25 38:150 20:76 25:99 40:158 8:30 49:193 23:89 16:64 33:129 4:12 24:92 3:11 40:156 24:96 3:9 24:92 14:54 7:25 19:75 8:32 14:56 14:56 31:123 5:17 31:121 40:158 37:145 42:164 27:105 14:54 30:116 14:56 13:49 19:75 28:108 4:12 20:76 18:70 11:43 37:147 9:33 30:118 4:12 11:41 38:148 39:153 10:38 45:179 38:148 6:24 12:46 38:148 11:43 38:148 36:144 12:48 36:142 31:121 40:156 11:43 49:195 26:100 1:3 26:102 7:25 5:17 40:156 37:147 3:9 38:152 10:40 34:134 35:137 31:123 36:144 20:80 9:33 9:33 26:100 38:152 42:164 8:32 34:136 7:25 29:115 40:156 12:44 19:75 15:59 27:105 1:1 52:204 13:49 12:46 13:49 8:32 17:65 12:44 23:91 64:252 20:80 19:73 11:41 32:128 37:145 13:49 4:12 20:80 37:147 7:27 23:89 18:68 3:11 29:115 28:108 37:147 31:121 32:124 14:52 30:116 7:25 36:142 8:32 3:9 32:128 21:81 5:17 20:76 28:110 4:16 4:14 24:94 9:35 38:150 3:11 21:81 20:78 22:86 27:107 22:86 48:188 27:105 24:94 27:105 20:76 24:94 33:131 20:76 21:81 30:120 27:105 ; 
L -40 -26 48 -32 -44 21 36 17 47 -16 -41 -42 -18 48 18 -34 -2 8 -20 -33 -20 -3 -24 -30 30 -22 -13 -19 22 -2 37 -45 34 31 -17 42 49 -23 -19 -13 -36 -10 12 37 9 -48 -40 -45 41 -23 -13 -19 -33 34 37 -32 31 -30 -27 33 -3 39 -44 4 24 -4 -38 15 -7 11 -21 48 -8 -4 28 -18 1 -23 50 -27 -7 37 5 -9 13 21 43 5 50 -43 -17 23 27 40 -11 -3 -43 -47 8 20 -49 -17 50 3 -5 -44 34 32 -35 8 32 11 -27 -16 40 -37 -45 44 47 -20 -20 -19 -49 1 43 38 -10 49 -47 41 32 -6 18 -35 -50 -21 10 -37 47 10 3 -6 -49 -31 -15 -36 -34 28 -8 -28 3 22 -38 -13 4 -31 40 -45 25 -14 -36 26 11 -5 37 50 14 26 -6 49 33 34 -28 26 -19 9 34 12 46 -15 -40 -16 -2 -39 -46 -24 -7 28 -37 -26 -48 -5 -24 5 -45 -11 29 -16 -36 -16 -3 -42 -5 -9 -19 -42 -22 24 32 -36 -38 10 42 28 -50 1 -4 -24 -11 -48 -27 -29 -4 -45 4 -50 41 -9 -31 -4 -29 26 12 41 10 -42 33 -26 -15 21 -14 -23 45 17 -50 -6 -9 -32 34 14 17 -44 -45 -2 49 16 -46 -9 -42 -29 -29 26 -4 -42 -47 25 -32 -17 19 -3 -2 -18 -4 -48 43 -32 -30 33 9 25 7 24 -38 49 -42 30 -37 -34 39 29 -9 2 -48 -6 -32 -40 -41 -25 -12 -9 -30 -20 -2 -44 -39 23 29 -25 6 15 -16 -36 33 -26 -20 1 -19 -32 30 -36 23 -21 11 24 -32 21 46 42 36 40 -29 22 -32 3 28 -17 -22 -46 -36 8 2 35 -28 -37 -8 44 1 -47 -23 -20 -42 13 45 -30 -13 12 -19 -36 18 -11 -40 -30 12 -41 22 -22 39 -7 36 -39 7 10 41 -32 25 38 -46 12 -33 -8 -12 49 -48 -37 -13 -21 9 -31 -29 27 28 31 37 -22 -14 -30 -18 -29 -49 -8 49 -46 -32 -13 44 4 -8 4 -40 25 29 10 -28 34 -37 -21 -5 7 -27 -42 -31 13 -22 -13 1 -25 12 2 -25 19 35 19 23 -16 43 9 -42 -1 13 34 14 4 -15 30 -33 -25 -2 22 3 15 -5 -5 -18 -34 36 -3 -2 -48 -32 49 20 -25 22 -32 3 50 32 -42 33 24 37 -17 37 -11 25 11 -17 40 -3 -27 -25 -32 -26 25 50 -19 -42 12 -43 -36 -49 -29 32 -31 -21 50 -24 -11 -26 -6 ; 
3 23 75 40 56 92 4 42 77 7 65 6 33 11 22 70 87 51 43 32 7 21 51 84 17 98 87 22 9 94 32 78 17 84 84 65 94 39 87 66 9 76 72 80 69 94 98 85 18 24 56 84 4 35 20 77 67 45 3 85 1 2 6 93 84 98 30 37 73 64 16 94 52 71 22 73 50 94 2 57 35 72 78 7 91 95 63 97 45 87 100 98 28 78 13 32 11 78 40 18 65 1 45 58 16 86 40 35 60 67 23 14 25 13 70 77 6 29 92 80 64 53 44 83 49 90 85 42 5 39 47 71 63 24 24 47 66 65 3 47 93 64 4 11 31 56 91 96 11 73 73 76 21 1 75 6 7 19 31 53 29 82 87 17 86 6 90 62 28 10 25 76 80 74 14 100 6 71 4 33 19 5 96 42 39 74 30 81 5 90 37 63 4 21 23 22 19 70 94 29 76 48 84 79 56 31 4 71 47 68 65 52 24 87 75 25 10 97 22 41 63 46 53 2 20 80 60 12 50 98 84 60 76 84 21 89 90 71 25 83 17 38 78 4 71 99 47 63 35 19 57 31 2 83 93 17 26 36 65 27 35 7 29 10 39 27 12 65 71 47 35 45 27 46 16 50 1 64 23 74 32 84 64 54 62 25 66 60 51 88 71 79 40 73 88 71 36 47 60 83 2 39 79 44 86 10 89 66 45 54 56 5 99 98 1 48 51 21 52 46 82 15 14 56 28 70 30 55 84 43 1 82 59 2 26 53 61 100 8 69 33 18 48 65 10 41 52 3 80 21 82 71 2 84 88 28 6 1 86 97 28 30 67 95 43 6 8 11 100 79 90 49 18 4 29 99 75 85 85 27 14 72 21 99 67 66 35 6 12 23 65 31 62 9 59 12 38 61 61 72 5 70 82 47 49 76 20 52 24 7 32 26 64 96 41 28 46 12 14 67 12 68 53 90 91 79 88 56 13 38 36 57 25 1 89 81 90 68 95 54 29 11 61 70 95 100 19 40 68 61 27 10 75 75 12 75 9 62 11 16 42 45 10 27 62 24 2 22 97 93 4 27 50 87 4 45 95 95 36 23 7 75 20 36 95 1 37 40 73 93 97 45 74 65 71 93 45 37 5 28 33 ; 
L -40 -26 48 -32 -44 36 47 -16 -41 79 -42 -18 48 -40 -41 -25 -12 -9 -30 -20 -2 -44 -39 23 29 37 -22 -14 -30 -18 -13 49 59 -29 -49 -49 76 -36 8 28 70 -8 -28 3 22 32 -41 -62 -10 39 -36 7 -39 22 14 -21 68 -45 84 49 16 30 -37 -34 64 39 29 -9 2 -48 -6 -32 18 17 49 -31 -34 45 49 20 -25 22 -8 -12 -48 -37 -29 -21 -31 -29 27 28 31 -25 6 2 16 40 15 5 10 42 28 -44 23 -8 49 -46 -13 44 4 -8 4 74 3 50 58 25 38 -46 12 77 -33 3 50 -42 33 24 56 71 37 69 -27 33 -19 35 -28 -37 -8 44 22 -48 -5 -24 -46 -20 -8 47 43 3 11 -83 -40 -27 -53 -23 43 -50 -43 -21 -13 37 -32 31 -30 37 -11 25 -19 -37 2 -22 19 13 22 -30 30 24 3 20 33 20 -8 2 -52 50 55 -24 -11 -48 -27 -29 -4 -45 4 -50 -9 -31 -4 -2 -12 11 25 30 40 11 -18 36 19 -12 13 2 3 -36 34 22 50 35 -18 6 -32 -41 47 10 -38 -43 -1 49 19 20 20 -47 -19 47 42 4 -26 29 38 -1 -3 -10 -47 37 21 27 -11 -32 35 -54 23 26 25 66 65 7 24 85 48 -8 -4 28 -42 -31 13 -16 40 -37 -45 44 -3 -2 -18 -4 -48 82 43 -32 21 37 -34 28 -10 -29 -25 40 4 -1 50 -17 6 50 -17 -45 9 5 42 16 36 16 -29 11 45 38 36 -32 -24 -26 28 -34 -33 -49 6 -26 -14 -67 -50 -37 5 -11 -26 36 14 -25 45 -40 31 -4 13 29 42 9 46 -9 -33 13 45 72 -30 19 35 19 51 23 32 -5 -44 34 39 25 -3 -19 34 12 -17 42 49 -23 -19 -13 -36 -10 12 37 9 -48 -40 -45 -16 9 -42 -1 13 14 4 -15 30 57 -33 -25 -2 22 -46 -24 -9 81 -32 60 34 14 -38 49 -42 37 7 21 -61 -11 7 -15 38 -24 -4 44 -73 9 -5 -37 7 27 -50 23 -1 18 27 -7 5 -30 78 42 20 23 47 -17 40 -22 -3 -27 63 -25 -32 -26 -34 33 19 13 23 -41 21 46 42 36 40 -29 22 3 28 -17 -22 32 -31 -21 48 25 -29 26 12 41 10 -42 -26 -15 36 -30 32 19 -1 20 26 -33 36 16 -15 -39 3 80 -5 75 -5 -18 12 -41 -6 -49 -31 -15 -36 -34 2 -24 -11 21 36 43 -12 32 50 -24 -26 -6 ; 
2:4 10:36 30:120 16:64 23:89 38:150 28:110 3:11 26:104 32:128 25:99 14:52 5:17 9:35 15:57 19:75 24:96 34:132 1:3 16:62 32:126 18:70 35:137 4:16 36:142 18:72 4:14 24:94 5:19 16:60 22:84 37:145 28:110 12:48 25:97 39:155 11:43 6:20 28:110 14:56 14:54 13:49 30:116 30:116 31:121 26:102 2:6 27:107 17:65 34:136 32:126 40:160 5:17 4:12 10:40 7:27 39:153 23:89 14:52 52:208 7:27 5:17 27:105 24:96 23:91 40:156 36:140 29:113 32:126 16:64 30:116 36:140 29:113 9:35 1:1 48:192 34:134 7:27 24:96 17:67 18:72 4:16 20:76 6:22 17:65 40:158 35:139 28:110 8:32 5:19 10:36 26:104 13:49 34:132 18:72 16:60 39:153 2:8 8:30 6:20 4:14 10:38 35:139 32:128 34:134 34:132 2:8 28:112 38:152 20:78 31:121 8:32 21:83 26:104 22:88 9:33 25:97 39:155 40:158 30:120 34:136 26:104 33:129 14:52 10:38 8:30 39:155 38:148 30:120 14:52 15:59 13:51 8:32 34:136 13:51 6:20 20:76 26:104 4:16 17:65 8:28 10:38 26:100 2:6 17:65 6:20 8:28 16:64 32:124 5:17 13:51 17:67 4:12 32:124 40:158 9:33 72:288 35:139 20:78 26:100 38:152 9:35 31:123 27:107 18:72 12:48 35:139 2:6 16:60 24:94 13:51 38:150 4:14 9:35 35:139 40:156 7:27 34:134 21:81 9:33 3:11 13:51 18:68 21:81 36:140 26:102 12:48 10:36 9:35 17:65 26:100 19:73 22:84 1:3 8:32 32:128 2:8 20:80 40:156 7:27 23:89 15:57 23:91 24:96 12:48 12:44 39:155 35:137 1:1 3:9 12:44 38:152 4:14 30:120 5:19 24:96 36:142 10:38 10:38 26:100 29:113 19:75 16:62 1:3 34:136 36:144 20:78 34:132 18:70 22:84 26:102 32:128 28:110 22:88 16:62 4:16 12:46 3:11 9:33 4:16 24:94 38:148 19:75 2:4 21:83 5:17 10:40 6:22 7:25 32:126 20:76 13:51 36:144 2:6 30:120 26:104 34:134 27:105 17:65 21:83 29:113 9:35 16:62 5:19 28:108 6:20 28:112 31:123 3:9 12:46 28:112 14:56 18:72 11:43 19:73 31:121 6:22 20:80 6:22 12:44 17:65 39:153 26:102 11:41 13:51 3:11 34:134 4:16 10:40 11:41 42:164 40:158 29:113 2:6 13:49 32:126 34:134 22:88 12:46 38:150 28:112 8:30 9:35 27:105 26:104 28:108 19:75 18:72 30:118 32:128 31:121 10:40 4:16 12:44 25:99 17:67 24:96 3:9 35:137 7:27 35:139 33:131 12:46 22:84 13:49 8:30 3:11 3:9 30:120 6:24 11:43 26:104 15:57 20:76 10:36 13:51 1:3 2:8 38:148 8:30 15:57 23:91 27:107 38:152 3:9 5:17 35:137 16:64 11:41 6:22 36:142 32:124 10:36 29:113 8:32 26:104 38:150 16:62 35:139 27:105 4:14 31:121 29:115 32:128 28:110 38:150 40:156 34:136 4:12 33:129 36:144 28:108 38:152 17:67 5:17 25:97 28:112 35:139 26:104 40:160 8:30 16:64 15:57 30:118 4:14 4:12 38:148 29:115 28:110 8:30 29:113 22:86 25:99 27:105 9:35 16:62 27:107 25:99 26:102 30:116 15:59 32:128 34:134 38:148 14:56 23:91 3:11 32:124 29:115 14:56 23:91 1:3 38:150 20:80 41:161 6:22 5:19 14:52 8:30 47:187 33:131 9:33 32:128 1:3 38:152 4:14 19:73 10:36 11:43 1:3 30:120 8:32 12:48 14:56 2:6 34:134 23:89 10:38 30:120 12:48 22:88 34:134 18:68 1:1 33:131 9:33 11:41 22:84 25:97 37:147 26:104 29:113 9:33 30:118 32:128 24:96 31:121 34:134 9:33 36:142 2:8 10:40 13:51 19:73 21:83 9:33 21:81 20:76 1:1 40:156 40:158 2:8 23:89 24:92 29:113 19:73 40:160 35:139 5:17 30:120 9:35 38:152 33:131 2:6 5:17 13:49 23:89 37:145 38:150 16:62 23:89 6:22 2:6 38:148 30:116 8:30 34:132 18:72 15:59 12:44 14:52 ; 
L 49 50 39 45 42 5 -50 13 -4 2 -11 -6 -40 -6 39 36 32 3 -7 -49 21 -16 11 18 -49 7 -2 -47 32 49 42 4 48 20 -12 47 -19 1 22 -7 -45 -45 24 -30 -35 7 -12 -39 40 31 19 -26 -13 44 -5 7 -19 19 45 15 -2 -43 24 15 -19 -21 5 -35 -31 49 -42 -46 -25 13 -49 15 15 -15 -42 -12 -31 33 42 32 -19 13 47 -33 5 17 -26 44 -19 -7 5 39 37 -32 19 -16 3 -40 -23 -46 23 -35 -10 3 -47 16 32 -19 29 -42 46 -7 -21 41 27 -43 42 10 -8 7 41 19 -37 -49 -36 -3 -4 29 11 -40 37 -1 -14 -4 -15 -10 -42 -18 -5 31 -46 6 2 23 -35 -12 -23 22 42 -30 12 47 -1 49 -45 27 2 -18 -22 42 -29 -32 2 -13 33 -20 -25 -21 -50 -43 23 -19 -3 -21 31 -25 6 5 50 -36 -40 7 -6 40 50 41 -10 29 -14 -36 -43 23 -19 -10 29 -1 -11 -50 32 41 29 24 4 10 37 -43 -35 -33 3 43 -34 -36 -24 5 29 15 -30 25 -47 -29 22 -21 40 -4 -31 9 -26 -39 18 -19 -16 38 49 50 20 38 -38 19 -4 -11 46 -1 -9 -40 -5 -8 5 -26 2 31 -37 -50 -13 1 22 38 5 -36 29 -34 -47 14 47 9 31 -6 33 -9 26 40 -9 5 -23 25 32 -25 7 -43 -8 19 8 -5 11 30 24 -4 -1 -4 17 -11 -19 -36 40 -21 -20 -35 25 41 -44 37 -24 -23 5 39 49 -43 -5 30 -36 10 6 28 -17 21 26 39 -38 40 44 -19 36 41 -31 8 -49 -13 24 -14 -44 -23 25 -47 -11 2 -49 -31 -35 23 -6 -6 23 -48 15 -46 43 -8 -45 -47 37 -40 8 -33 -45 -11 26 -3 20 47 17 -50 33 -47 29 44 13 -2 -3 41 -14 -39 -36 -32 43 21 -40 25 31 -14 16 16 15 4 -5 47 17 31 49 -38 2 -40 7 17 44 -46 21 -33 -23 -11 -22 14 12 -45 -44 34 -42 -38 40 -34 -18 2 37 -47 8 14 -26 -23 34 -45 5 4 -2 -8 27 -26 15 -8 15 15 13 37 50 -3 1 -45 -48 -31 -35 -30 50 -14 -37 38 14 -26 36 4 -27 -40 44 12 24 -7 1 -29 -24 -40 24 -44 15 -46 46 20 42 17 -29 -40 -44 -36 6 17 10 -28 20 -24 -7 12 15 39 -39 -43 -23 48 35 -10 32 34 36 -34 -17 -1 16 14 -43 -3 -36 11 ; 
19 48 66 40 90 37 43 37 55 74 85 36 70 83 7 94 67 89 72 93 2 84 1 19 42 57 44 82 6 89 56 43 19 3 21 46 36 22 18 87 3 19 89 25 7 79 84 35 99 9 37 11 14 19 46 3 17 69 81 11 10 34 41 75 69 33 8 90 95 9 33 51 18 74 10 46 20 77 66 31 29 21 75 23 8 85 75 73 22 18 2 5 8 66 70 99 54 52 66 58 60 40 5 41 91 12 17 18 60 96 67 40 70 78 7 57 79 55 56 86 94 25 67 14 53 12 46 69 77 42 36 19 83 53 18 3 18 43 99 44 77 45 62 32 96 85 84 60 30 66 57 28 42 98 65 100 58 27 96 97 74 15 51 57 49 52 4 71 49 71 95 45 93 87 39 80 33 13 35 59 22 50 16 31 21 51 89 83 70 84 60 21 74 39 96 54 58 59 61 18 3 71 9 86 35 64 45 60 7 17 1 98 11 85 72 71 37 10 87 82 11 41 55 4 31 51 94 70 64 30 3 61 60 31 93 81 29 21 73 68 62 74 95 5 70 68 15 60 15 92 26 28 47 94 50 92 73 42 82 4 13 42 86 4 57 27 38 36 5 97 87 22 36 74 83 34 76 84 61 75 11 82 91 39 64 1 36 44 51 65 56 4 100 100 52 7 55 48 81 11 49 79 74 92 1 15 55 13 45 88 97 6 15 9 86 77 58 57 31 14 52 4 26 40 50 21 99 70 81 61 9 2 86 27 64 79 51 69 71 75 54 38 60 47 8 38 80 85 100 85 1 23 76 93 87 97 49 99 37 42 44 99 81 52 50 31 30 1 68 74 100 39 30 21 53 84 81 35 57 4 9 32 71 55 52 20 95 2 36 92 52 60 4 93 97 58 64 25 93 60 79 1 15 29 74 79 65 43 55 74 75 82 57 52 90 6 20 31 86 46 82 19 69 72 63 86 67 12 100 42 89 17 63 95 53 8 91 42 8 70 64 66 31 39 62 57 33 1 62 86 21 15 61 85 73 35 39 82 53 67 38 15 76 88 25 95 96 97 74 78 2 21 40 12 31 34 38 93 72 75 30 28 84 41 68 22 87 74 67 21 95 76 46 98 42 53 17 33 82 14 55 ; 
L 49 50 39 45 42 -50 13 -4 2 -11 -6 -40 17 10 46 -23 6 6 -23 -6 13 47 -33 5 82 51 -26 44 -7 5 39 37 -32 19 -16 3 -40 -23 -46 23 -35 3 8 43 25 85 41 -44 37 -24 -23 5 -6 36 44 40 29 -17 -42 -20 -46 4 -30 -11 5 -19 -47 5 -10 32 34 36 -34 -1 16 24 -4 -1 80 -19 -36 40 -21 -35 -7 25 -32 -25 23 -5 9 -26 -40 -5 -8 5 60 -26 2 31 -37 -50 -13 42 15 -15 -15 49 -13 46 42 -49 31 35 -5 -70 21 19 -15 43 2 -15 -45 9 -33 6 -31 -9 -47 -25 30 -15 -29 -5 24 36 34 -43 -3 33 44 12 24 -7 1 -29 -40 24 -44 -45 79 -1 -9 -19 19 -7 5 -44 13 26 -19 -31 43 50 17 -77 -44 -48 20 42 -30 12 47 -1 49 -45 27 2 -18 -22 42 -29 -32 56 2 -13 22 17 19 39 26 -9 -64 31 4 -40 -47 -20 11 45 33 -8 40 -37 44 3 29 44 13 -12 -31 33 42 32 -19 36 32 3 -7 -49 21 -16 11 18 -49 55 7 -2 -37 66 -49 -36 -2 14 -50 30 35 31 48 45 -1 3 -50 -37 -13 -15 -48 23 39 -39 21 -33 -23 -11 12 -45 -44 34 -42 -47 14 -47 -29 74 -10 -38 40 83 -34 -18 52 4 -2 73 -23 22 -33 19 -23 43 36 14 -29 10 -38 19 -4 -11 75 46 24 -35 7 -12 -39 61 40 -2 -62 -7 40 36 -50 -5 -6 35 31 49 -2 -67 11 47 -25 46 -53 -15 76 -25 -21 -29 -41 -32 50 11 1 -25 40 14 -24 13 49 -8 -3 43 -8 -45 -47 -23 -21 57 31 19 -23 1 38 -8 27 -26 15 15 72 15 -47 32 42 68 4 48 16 58 32 -19 29 -42 46 -7 -21 41 27 -43 42 10 7 41 19 -46 17 78 -11 71 39 49 -47 8 14 -26 -23 34 -45 20 -12 36 -5 -28 -24 -7 12 15 -21 -43 32 39 14 3 -6 40 -14 -38 37 45 63 -3 -4 81 29 11 -40 37 -1 -14 -4 -15 -10 -42 -18 -46 6 2 38 -28 -6 -10 36 -30 5 -37 -38 16 -50 33 -47 25 31 -41 -36 -65 19 -44 -40 38 -39 -26 -21 17 -14 -54 -29 34 -29 -50 35 -59 43 -69 50 41 47 -19 1 22 -7 49 40 27 -4 26 -49 -31 -17 -47 5 -4 -15 -16 -16 14 -31 -37 -10 -4 -24 -7 40 -2 23 -35 -12 -36 11 84 ; 
8:30 20:76 27:105 16:64 36:144 0:0 15:59 22:88 30:118 34:136 15:57 28:112 37:145 13:49 24:92 25:97 4:12 19:75 24:96 8:30 38:150 30:120 30:116 9:35 22:88 29:113 11:43 2:8 25:97 28:112 40:158 22:86 21:83 27:105 24:92 24:96 16:64 2:8 17:65 37:145 5:19 4:14 23:91 37:145 34:134 37:145 36:140 30:118 37:147 1:1 6:24 22:88 7:27 16:64 9:33 1:3 32:124 30:118 39:155 39:153 38:152 40:156 17:65 18:70 15:57 23:91 17:67 34:134 29:115 27:107 9:33 38:152 31:121 36:140 17:67 12:48 26:104 23:89 2:6 30:116 3:11 22:88 20:76 8:30 19:75 5:17 30:120 25:97 34:134 31:121 14:54 38:152 30:116 6:24 37:147 11:41 28:112 33:129 19:75 38:150 20:80 37:147 30:116 7:27 27:105 31:123 8:32 19:73 4:16 35:139 21:81 14:52 4:14 38:152 36:144 38:148 40:158 14:52 28:110 39:153 14:54 4:16 5:17 10:38 9:35 35:139 39:155 2:8 15:57 22:84 17:65 5:17 33:131 35:139 4:16 15:59 29:113 29:115 34:136 5:17 44:172 34:136 30:116 14:56 16:62 33:131 0:0 16:60 6:24 5:19 20:78 21:83 6:24 32:128 28:110 7:27 2:4 19:73 8:30 6:22 5:17 15:59 16:62 35:139 32:126 1:3 12:48 50:198 16:64 35:137 40:156 26:104 40:160 24:92 11:43 39:153 39:155 30:118 6:24 21:81 23:91 20:78 21:83 10:40 36:142 29:113 10:38 44:172 35:137 9:33 25:97 2:4 20:76 20:78 26:102 28:112 2:8 40:158 17:67 40:158 20:78 39:155 35:139 38:148 36:142 23:91 13:51 1:1 28:108 20:78 12:46 9:33 30:120 10:36 4:12 24:96 27:107 36:142 29:115 38:148 1:3 34:134 1:1 8:30 17:67 3:11 34:132 18:70 39:153 4:14 32:124 31:123 4:16 21:81 16:62 13:49 27:105 26:102 28:112 4:12 17:67 37:145 4:12 22:84 38:152 26:100 10:40 9:35 18:72 34:134 18:68 24:96 32:126 1:1 15:59 32:126 26:104 18:68 22:88 37:145 11:43 16:64 2:6 12:46 8:32 15:59 30:120 20:78 20:80 23:91 16:64 5:17 26:100 5:19 49:195 12:44 11:43 44:174 24:92 22:86 39:153 16:62 30:118 9:33 9:33 30:118 38:152 2:8 11:41 38:150 38:150 4:14 32:126 34:134 14:56 14:54 29:113 19:75 53:211 1:3 21:81 9:33 13:49 7:25 20:80 6:20 22:86 30:120 29:113 35:137 15:57 21:81 32:126 28:110 31:121 38:152 27:107 37:147 18:72 38:150 14:56 35:137 4:14 29:113 2:4 21:83 2:6 36:140 1:3 4:14 25:97 33:129 6:24 26:102 34:136 1:1 10:36 6:22 18:70 6:20 10:38 35:139 32:128 18:68 18:68 15:59 27:107 5:19 40:160 34:136 4:16 25:97 44:176 3:9 16:60 14:52 5:17 8:30 22:86 26:102 20:78 16:64 28:112 32:124 3:11 23:91 32:126 22:88 23:89 35:137 38:150 10:40 0:0 22:84 5:19 4:16 11:43 37:147 13:49 22:88 37:147 18:72 38:152 8:32 13:49 35:137 19:73 33:131 8:30 12:48 9:33 27:107 17:67 6:24 12:48 29:115 30:120 12:48 32:128 14:56 33:129 28:108 9:33 14:54 27:105 34:132 21:83 14:52 23:91 24:96 7:27 15:57 15:57 25:99 30:116 34:132 22:84 8:28 2:4 8:28 18:68 40:158 18:70 31:123 18:72 28:110 34:136 34:134 22:88 22:86 31:123 35:137 4:14 6:24 3:9 20:80 44:176 33:129 24:94 20:80 13:49 6:20 24:96 40:158 9:33 31:121 36:140 16:64 11:41 2:6 21:83 6:22 13:49 23:91 29:113 43:169 12:46 26:102 2:6 14:52 9:33 34:132 34:132 3:9 17:67 34:134 31:121 15:57 9:35 8:28 35:139 4:16 21:81 6:24 9:33 46:184 6:22 21:83 37:147 15:57 1:3 38:152 8:32 21:83 22:88 29:113 13:51 5:19 3:11 24:96 18:72 17:67 39:155 38:148 4:14 12:48 27:105 20:80 6:22 6:20 32:126 ; 
L 12 5 33 -18 -24 11 45 -29 -16 -38 31 4 3 -28 -6 26 46 22 6 37 42 34 -50 -13 21 -28 15 32 -33 -37 39 50 -20 -45 -20 5 -2 19 8 14 16 -12 -37 8 -38 50 -31 42 31 26 6 -40 -12 -48 -29 -15 45 1 -33 33 11 -37 -11 -2 -48 -9 14 -37 14 -48 -34 33 -2 13 8 22 20 -42 -40 41 -4 -13 -13 1 -36 -45 7 -14 33 35 3 33 36 11 34 39 13 -10 27 41 -18 6 -45 -37 10 -22 -34 46 -21 49 22 -13 22 34 40 -4 -15 19 -35 40 41 15 34 -3 27 -11 -7 -2 -27 -49 -28 -21 48 31 17 11 6 -43 50 -8 10 3 -31 -23 -12 -26 -22 -32 12 -47 -43 -48 48 25 18 -12 -35 -34 26 3 -46 -21 21 -32 29 -20 -10 -14 -17 21 26 21 -19 38 22 30 -50 35 -12 20 -48 -15 45 5 35 4 20 -50 -31 46 38 -34 -47 -13 9 23 39 9 -16 -18 47 7 -32 -23 34 9 -30 15 -32 -22 -38 22 2 23 -10 36 28 -15 49 -28 28 -28 -48 43 -23 16 9 -3 38 -12 22 -28 -17 41 48 -2 45 23 -20 -40 14 4 5 9 -2 17 -1 10 -1 -16 -25 -31 26 -15 35 -5 -5 -42 32 42 -41 -38 5 9 15 9 -36 -47 -47 -8 -47 26 27 18 -23 -48 -43 49 28 23 41 38 -14 1 -17 27 -43 -46 -26 -38 24 -45 -5 -4 2 -45 45 20 -28 -28 -5 -44 -1 -39 48 -20 12 32 -41 48 33 21 31 36 -19 -19 1 -15 -34 7 28 10 -6 -25 -18 -50 16 29 32 16 -41 48 -30 6 28 -1 -43 -8 -25 21 43 -6 7 -25 -32 39 -9 15 -1 39 25 -29 46 43 -12 -13 -17 -31 21 44 30 -10 38 40 1 3 15 -43 47 -12 -43 -17 -38 50 -17 -46 -39 -5 -36 36 -15 4 -31 -40 -39 1 -29 31 -43 -40 12 -15 -40 -44 -39 36 15 -21 7 -33 -41 -7 -4 6 -6 -17 -11 20 41 -45 -44 -19 -44 1 -47 -15 -15 31 24 8 -45 -18 6 -5 -17 33 48 46 -31 -30 12 -22 9 28 41 16 -2 -44 9 2 41 -48 46 -19 -11 -6 -8 -5 -26 9 -26 -22 -35 45 15 -28 44 32 29 -1 -27 27 -42 19 38 -33 -3 34 -6 26 44 20 -4 4 -4 5 -25 -23 22 -40 40 -34 -12 11 8 -45 22 -42 -44 -33 -29 -31 35 4 -22 -15 -1 12 22 -41 ; 
83 71 46 59 46 14 91 96 30 51 69 19 92 8 39 73 15 6 64 38 2 49 11 47 95 11 27 97 81 97 50 56 21 60 4 24 78 41 61 31 28 82 44 95 56 85 7 50 4 71 9 8 96 43 3 22 70 23 39 89 44 4 65 38 28 9 52 34 23 24 92 80 91 37 21 97 92 11 67 75 25 63 81 1 70 86 7 50 62 25 85 52 75 49 4 96 74 38 83 71 25 51 84 77 44 95 47 15 5 75 95 91 79 100 20 5 1 87 35 1 34 46 97 42 38 98 20 98 67 52 69 83 90 90 95 56 12 95 36 30 60 41 55 36 96 66 9 19 17 3 64 25 11 59 6 85 9 59 22 79 67 39 77 56 56 39 85 17 20 11 9 10 17 53 98 74 19 74 19 80 34 93 15 7 50 57 81 99 90 48 79 90 30 76 63 28 24 54 20 98 87 10 2 77 5 81 86 77 64 11 44 33 43 19 1 66 8 86 98 35 56 44 79 56 100 15 23 97 34 37 63 69 17 63 2 43 90 60 4 94 55 18 46 73 38 84 13 67 4 66 59 68 25 95 76 70 1 57 6 23 88 17 10 75 66 67 40 51 41 55 28 35 35 38 8 33 53 66 35 70 98 53 97 73 14 16 33 69 33 90 80 25 40 36 1 75 34 98 90 8 37 30 23 74 28 60 20 15 19 86 52 94 16 52 11 29 39 22 71 23 6 100 24 18 89 42 78 15 2 17 37 81 24 26 7 39 76 97 25 27 70 35 37 24 58 10 93 40 54 28 43 35 90 97 3 6 82 27 74 52 51 76 87 54 57 8 96 56 21 56 34 24 89 49 96 11 34 73 53 93 2 25 43 55 41 44 49 31 12 78 68 95 30 70 25 88 14 84 55 100 89 31 60 13 43 95 8 70 41 3 95 47 57 96 31 6 67 95 95 32 24 62 6 84 61 6 36 35 94 71 20 62 74 99 47 34 7 16 22 80 44 43 98 21 16 17 63 95 18 79 30 22 41 96 1 49 12 24 17 7 95 10 84 8 7 46 85 5 69 46 50 28 92 89 58 80 20 39 36 20 83 90 64 71 72 26 93 87 58 1 37 68 69 64 24 13 99 33 91 11 27 ; 
L 12 -32 -29 -16 50 -1 -24 -31 15 15 47 9 -16 -18 47 -33 -3 34 -6 26 44 11 -57 17 21 -15 -36 39 44 40 15 -12 40 43 -31 29 -1 39 40 31 -77 -11 -7 -2 -27 -28 -21 48 31 17 11 6 -43 -29 23 39 -12 20 -48 39 1 3 15 -43 47 12 -67 -18 11 19 -61 -46 48 -41 -12 -48 -29 -15 45 71 1 -33 33 11 -37 -11 -2 -48 -9 14 -37 14 -48 -34 33 -2 13 66 8 79 22 20 -42 -40 41 -4 -13 1 -36 -45 7 -14 33 3 33 36 11 41 -32 34 39 13 -10 -20 -10 -14 37 42 34 -50 -13 21 -28 15 32 -33 -37 39 50 -15 35 -5 -42 32 42 10 -22 -34 -44 -28 28 -55 -72 15 27 22 26 -9 26 5 8 6 -25 -48 48 43 47 -12 32 22 26 12 23 31 -3 -10 8 -9 13 47 34 -38 -46 31 50 -20 33 -76 42 -40 -38 10 -30 -62 -65 -44 -21 31 13 1 60 16 -41 48 -30 6 28 -1 -8 21 35 28 41 16 -2 -44 9 2 4 -22 -15 28 -23 34 -11 34 -40 40 -22 23 -5 4 4 -82 -20 20 41 68 -45 -44 -19 -44 -43 -46 29 -1 -27 -85 -37 8 -38 50 -31 42 31 26 52 6 -40 5 33 -24 11 45 -29 -16 31 4 3 -28 -6 15 -1 39 25 -12 -43 -17 -17 80 -46 30 -9 -75 8 51 4 5 44 -35 31 -4 -5 15 48 -20 12 -35 -64 50 -30 -22 -29 32 -21 21 46 -53 -3 -26 -2 17 -84 38 41 -18 43 48 5 28 28 -41 -23 -28 -49 1 -10 8 -45 -18 6 -5 -17 33 -38 36 7 -33 -41 -7 -4 6 -6 -15 4 -16 -25 -31 26 -45 -20 5 -2 19 8 14 -12 -21 49 22 -13 22 47 36 -9 -15 -9 38 -83 41 15 4 -40 -70 -34 -47 -6 -43 -22 -46 -26 -39 -59 32 -69 25 -7 -14 40 20 -23 -45 2 -48 56 -28 -48 -23 16 9 -3 38 -12 -28 -17 41 19 38 33 31 36 -19 -19 -15 28 58 10 -6 -25 81 74 -18 43 -6 22 -42 -28 -36 10 -23 -22 38 22 32 -15 -39 -5 -36 24 -45 -5 -4 2 -45 45 -12 23 -18 -27 -26 -78 -17 21 63 26 21 -19 45 15 -1 -9 22 -12 30 31 -46 -48 26 43 -27 17 32 -7 -48 -27 -54 3 -34 -15 -41 -40 35 -19 37 45 -6 1 9 34 -73 35 44 32 29 -1 14 -38 -20 22 -41 ; 
34:132 10:38 1:3 6:24 32:124 12:44 28:110 38:152 38:152 27:107 3:9 32:126 8:32 40:156 35:139 20:78 34:136 2:8 28:110 19:73 20:80 5:19 4:14 3:9 19:73 34:134 6:22 36:140 10:40 28:112 12:48 38:152 28:108 32:124 5:19 13:49 20:78 18:70 17:65 22:88 17:65 65:257 8:32 40:156 27:107 41:163 34:132 36:144 36:144 38:152 23:89 5:19 38:152 8:28 28:108 10:38 20:76 8:32 24:96 12:44 24:92 4:12 39:153 23:89 9:33 14:56 32:128 23:91 4:12 7:25 34:136 37:147 40:156 18:68 25:99 18:68 2:4 9:35 28:112 4:16 36:140 16:62 36:142 18:70 2:6 26:104 16:60 12:44 4:14 21:83 14:54 10:36 10:38 37:147 32:128 37:145 15:59 14:54 31:121 15:57 28:110 37:147 5:17 27:107 30:120 10:40 3:9 1:1 28:112 35:137 3:11 20:80 25:99 44:174 21:83 30:120 20:78 34:134 8:30 4:14 39:153 30:118 16:60 13:49 34:136 7:27 14:54 1:3 20:78 5:17 19:75 38:152 5:17 11:43 39:155 33:129 39:155 20:80 23:89 36:144 31:121 28:112 22:88 3:9 10:36 38:152 38:152 19:75 1:1 8:28 23:89 31:121 6:24 21:81 26:100 34:136 9:35 12:48 32:126 8:28 38:152 26:100 6:24 24:94 5:17 10:40 26:102 2:4 7:27 8:30 4:14 27:105 39:153 15:57 22:88 17:65 24:96 28:112 26:100 31:121 12:48 36:144 32:126 20:76 36:144 40:158 40:156 12:48 13:51 15:59 22:86 35:139 31:121 39:155 21:83 39:153 21:83 30:118 4:14 27:107 15:57 2:4 15:59 33:129 10:38 11:41 3:11 16:62 26:102 3:11 37:145 52:208 19:75 14:54 3:11 7:25 9:35 32:128 38:152 10:38 6:20 36:140 49:193 2:8 16:62 45:179 36:144 34:132 8:32 15:57 20:78 32:128 34:132 8:32 31:121 35:137 17:65 35:137 7:27 38:152 19:75 23:91 13:51 39:155 36:144 12:44 10:36 19:73 20:76 38:152 23:89 34:136 9:35 20:80 2:6 29:113 0:0 36:142 4:12 43:171 19:73 36:142 6:22 37:145 39:153 12:48 7:27 8:30 37:147 4:12 16:62 5:19 22:86 12:44 18:68 20:78 14:54 10:38 46:182 26:104 22:84 40:160 35:137 14:54 52:208 34:132 3:11 19:73 11:43 9:33 28:110 10:40 17:65 5:17 38:148 14:54 32:128 8:30 13:49 19:75 8:30 30:118 29:113 23:89 23:89 31:123 16:62 26:102 28:112 32:126 19:73 34:134 28:108 33:131 18:72 10:40 23:91 22:84 24:96 15:59 4:12 9:33 40:156 28:112 14:56 16:64 2:6 12:48 10:38 25:99 3:9 34:134 25:97 3:9 22:88 55:217 22:86 40:160 36:142 13:49 24:96 6:20 18:68 21:83 10:40 7:25 24:94 28:108 10:40 8:32 2:6 10:38 32:124 17:65 25:97 13:49 44:176 8:32 30:120 38:152 37:145 32:126 39:153 21:81 16:64 27:107 27:105 23:91 30:116 2:6 14:52 1:1 2:8 34:134 32:128 18:72 7:27 48:188 22:88 3:9 6:24 27:105 2:8 4:16 34:132 14:56 10:38 14:54 22:88 38:150 2:6 24:96 36:144 18:68 2:4 19:73 32:126 35:139 6:24 10:36 39:155 14:54 15:59 28:112 7:27 26:100 1:1 3:11 16:62 44:174 21:83 5:17 12:46 10:38 4:16 20:78 38:148 10:38 8:28 26:100 28:112 36:140 17:67 14:56 42:164 35:139 31:121 4:12 27:105 1:1 15:57 14:52 18:70 5:17 26:102 5:17 30:116 22:84 15:59 10:40 16:64 15:57 1:1 30:120 14:54 42:164 5:19 4:12 16:60 14:56 39:153 4:16 5:17 14:56 39:155 4:16 7:27 25:99 1:1 4:12 8:32 30:118 25:99 8:32 29:113 38:150 14:56 29:113 7:27 14:52 7:25 4:14 1:3 8:32 17:65 17:67 34:132 17:67 39:155 19:73 14:54 1:1 14:56 37:145 31:123 34:134 38:148 28:110 6:22 7:25 30:120 5:17 10:38 7:27 4:14 30:116 39:155 49:195 35:137 5:17 11:43 ; 
L 33 -4 13 -43 41 -41 27 -33 -19 -36 33 15 -12 -23 -28 28 6 13 41 -2 -5 33 16 25 -49 -24 -23 -29 -1 -12 -20 46 34 13 36 -32 -3 35 29 -18 -39 3 13 -17 -40 14 31 32 -5 42 24 18 16 8 -3 39 -27 -30 42 -48 48 15 10 -49 -19 32 -33 -16 -49 -45 13 -40 -26 39 -2 9 -49 -2 -31 29 -21 -4 26 -46 39 -42 -21 8 -24 13 41 -5 -45 6 -26 47 -35 25 -1 14 -32 -42 11 29 28 -37 2 -15 -27 47 -16 -16 -42 -4 -1 7 -35 25 44 32 7 -38 43 -24 -31 13 35 5 41 -13 -3 10 17 -1 11 3 5 30 -22 -44 -34 5 11 49 47 46 38 22 -3 40 24 -43 32 37 45 -48 25 -31 -15 1 -17 3 37 8 17 30 -41 21 41 23 -18 42 -49 -37 32 -43 31 -33 11 -29 -26 16 31 -29 37 -44 31 -48 -10 -38 35 -21 -35 36 7 -23 9 -30 13 35 -27 -42 24 49 -15 -9 -9 20 -19 5 -26 40 -26 -18 23 48 -44 -42 1 -1 17 -26 40 24 -39 -11 -35 1 -40 -27 35 45 -40 8 -49 3 50 6 -43 29 -16 -6 45 19 -39 22 -22 23 -2 -2 15 -41 20 34 46 -8 15 -4 -8 22 -24 3 -5 15 -6 21 -38 -23 -7 50 23 24 -23 -5 -26 -22 -1 15 -31 16 -38 1 -18 24 42 14 -16 24 16 -10 4 47 -32 30 -45 -12 44 -1 -7 41 23 28 26 -37 -29 31 29 45 39 28 -9 -28 -8 -21 -19 -37 36 40 -14 -41 43 17 -45 21 8 38 -32 -48 -10 46 -28 -37 28 -25 -42 -24 40 48 46 43 -21 -13 12 32 20 40 29 37 46 -9 30 47 33 48 5 -6 29 42 -16 34 -37 8 -22 26 23 -45 3 -38 49 -6 35 2 -46 1 -18 -16 -49 -31 39 -43 47 -41 26 -49 -48 -25 -24 16 11 32 -8 -43 -21 43 11 23 -1 -27 -18 37 -5 -37 43 -13 1 -5 -14 50 -25 24 -43 -16 -4 -4 -49 -4 -37 -25 -26 -2 -8 -40 -34 39 50 -18 29 22 4 -28 28 39 24 38 -37 15 -23 -19 36 39 -41 -49 -5 -9 11 -38 -19 46 15 -27 -26 -20 2 -48 30 11 -7 6 -41 25 14 23 -32 -27 -17 -48 43 -21 26 13 -29 -20 -30 9 -38 6 -31 -14 -22 15 -39 -40 -30 39 -45 -1 19 27 2 36 50 -28 -35 35 48 -9 19 4 42 -44 ; 
22 12 69 11 23 83 52 61 23 63 4 92 58 35 50 77 64 36 73 42 56 79 84 93 14 100 19 85 50 33 41 100 36 28 31 53 67 68 63 27 91 95 66 87 91 33 97 25 11 30 82 98 1 56 17 21 30 46 41 19 36 82 46 29 91 40 17 96 73 98 18 69 84 71 69 65 52 48 98 96 28 67 16 38 85 98 9 9 91 56 3 37 87 35 84 21 92 31 7 36 11 31 69 87 19 86 14 65 69 50 62 35 72 64 94 65 99 41 44 72 75 24 100 17 64 12 38 52 92 44 45 55 90 32 14 16 85 41 35 90 57 40 48 2 47 32 9 92 91 59 31 60 49 23 5 17 86 25 33 46 94 64 89 64 51 55 3 77 34 64 61 23 10 15 34 56 52 95 53 88 26 65 23 34 28 88 49 18 10 18 79 19 23 38 86 73 51 91 49 31 38 10 70 44 4 56 73 26 41 44 54 28 37 9 75 13 29 100 86 79 69 86 2 25 6 62 53 26 75 85 98 44 67 3 25 76 90 31 76 94 50 35 30 50 53 39 49 25 37 45 81 84 63 31 61 30 6 65 71 71 28 81 75 53 76 9 64 42 26 97 78 85 93 90 1 85 39 53 53 22 100 32 31 53 74 97 88 50 57 66 78 72 12 98 56 14 59 79 18 70 87 12 84 31 78 76 54 85 76 50 57 45 37 80 39 76 31 32 3 55 44 30 72 26 95 48 55 94 98 7 83 56 64 8 1 77 81 83 21 63 38 97 99 22 82 18 87 64 32 83 97 68 32 14 80 85 41 56 64 22 29 34 63 51 27 82 97 69 45 22 6 42 90 32 59 80 36 100 58 85 15 30 89 70 36 26 5 82 36 43 75 15 85 27 100 1 9 41 50 49 82 94 96 58 7 4 70 8 5 55 25 69 89 34 18 88 15 87 71 60 18 49 44 21 86 63 89 71 82 58 47 21 55 75 3 63 64 76 12 5 84 86 5 79 67 36 3 7 9 83 61 70 2 36 97 32 5 58 39 82 64 20 8 86 50 13 62 19 17 59 62 31 72 59 58 3 85 11 72 45 6 85 83 74 16 58 22 6 32 48 85 14 56 60 24 59 4 54 37 43 80 ; 
L 33 29 46 -9 -22 -1 -50 7 23 38 -4 13 -43 41 -41 -75 31 24 -43 38 -7 -32 -44 -58 -51 2 -23 22 -22 39 -19 -45 6 -81 16 -29 43 -6 -50 -72 -3 -29 -44 31 2 -25 35 -7 1 4 42 16 16 -47 27 -25 35 -47 26 -6 45 5 -41 -13 24 -8 21 42 -39 46 -85 -26 -8 -40 -39 31 49 -79 30 -22 -44 -6 1 -1 -5 -53 -3 -11 1 -17 -10 3 13 -41 -5 -54 -20 2 -48 30 -37 15 52 -31 16 -12 44 -1 -7 41 23 28 66 11 23 -1 -27 -13 1 24 42 13 35 26 27 -15 -46 19 46 43 -37 -32 43 -24 -40 3 -38 -46 -47 -49 -11 -5 34 -15 5 -3 -62 24 8 4 -24 42 -35 30 -9 23 -7 19 23 37 -38 -49 38 -3 45 -23 -26 22 -8 9 -38 6 -31 -14 -22 15 -39 59 9 -48 35 28 -50 -36 26 -37 -29 31 29 70 35 15 -55 4 4 16 43 -69 -24 -39 -28 28 -4 -22 16 -1 38 -11 9 5 49 41 -39 -36 -29 18 -50 -39 34 -80 40 48 46 -21 -13 12 20 40 -21 -5 33 16 25 -49 -24 -23 -29 -1 65 -12 -20 46 34 24 -39 13 36 -32 -3 35 76 29 -45 -35 27 40 -1 35 11 -63 -40 26 -17 -36 35 -35 38 10 48 15 20 34 46 -8 15 12 -15 36 19 33 -27 -28 37 28 -46 10 -6 -14 50 -25 24 -48 48 11 -7 43 5 -37 18 -27 -19 45 49 -15 71 -9 -9 20 -19 5 -26 40 -26 -18 23 -44 -42 2 -41 42 14 -16 24 16 -10 4 47 -32 16 11 32 -38 1 -18 24 -77 -13 -6 -84 -28 28 -78 -8 40 57 82 -18 -39 -6 29 42 -16 34 -37 30 20 29 -13 -26 5 23 -24 -23 -3 17 -1 15 21 -43 3 13 -40 14 31 -5 18 16 8 -3 39 -27 -30 42 8 17 30 -41 23 -18 42 -49 -37 32 -43 31 -33 11 -29 -26 16 31 49 39 -9 -28 -8 -21 -19 -37 36 40 -14 -41 43 17 -45 45 -39 30 -42 40 14 41 -32 64 -42 29 -37 56 2 -49 -4 -37 -25 -26 -2 -61 4 30 -45 -8 -43 -21 6 21 8 38 -32 -48 15 10 -49 -19 32 -33 -16 -49 -45 13 -40 39 -2 9 -26 47 33 60 48 5 25 14 -27 -17 -48 41 -1 35 2 47 26 -49 -48 -25 -24 21 -29 31 2 49 31 -25 -68 48 -67 -83 -73 -45 19 74 -44 ; 
9:35 33:129 7:27 34:132 24:96 16:62 21:81 39:155 11:41 17:67 23:89 28:110 5:17 10:36 34:132 37:147 4:16 26:102 7:27 40:160 10:38 30:120 29:115 39:155 10:36 16:60 15:59 10:40 20:78 16:62 22:84 20:80 12:48 31:123 25:99 20:80 38:150 31:121 13:49 24:96 29:113 22:84 20:78 20:78 18:72 18:70 17:65 40:158 26:104 38:150 26:102 29:115 14:56 25:99 20:80 9:33 13:49 37:147 9:33 34:134 14:56 35:139 15:59 2:4 23:89 37:145 4:14 4:14 40:156 34:136 10:40 17:67 20:76 20:78 4:12 24:92 40:160 27:105 1:3 14:56 36:144 26:104 16:62 32:126 38:152 23:91 15:59 7:25 6:22 13:51 36:144 22:88 18:72 18:70 37:147 40:160 25:99 1:3 15:57 39:155 14:54 43:169 14:52 30:120 9:35 37:145 24:94 32:126 8:28 28:112 35:139 5:19 24:94 39:155 1:1 4:14 17:65 29:113 3:11 10:40 31:123 10:40 16:60 30:120 25:97 34:132 4:14 3:11 2:4 30:118 5:17 10:36 20:78 24:96 13:49 24:94 51:201 4:14 13:51 19:75 1:3 20:76 16:64 28:108 22:84 30:120 34:136 21:83 24:94 29:113 26:102 28:112 4:16 10:36 37:145 21:81 30:116 26:100 31:121 2:6 2:4 30:120 18:72 28:110 39:155 33:131 11:43 21:81 26:100 20:80 24:92 2:4 34:136 5:17 29:115 18:72 3:9 32:126 55:217 24:94 9:35 23:89 6:22 34:136 14:54 13:49 32:124 31:121 22:86 18:72 20:80 7:27 35:137 11:41 14:54 36:142 28:110 34:134 28:112 22:88 9:33 19:75 24:92 33:131 8:30 8:30 13:51 15:57 27:107 32:126 2:8 35:137 34:134 2:8 28:110 36:142 26:100 35:137 9:33 49:193 27:105 34:132 9:33 33:129 39:155 40:158 35:139 8:28 11:41 12:46 32:126 34:134 38:148 6:22 40:160 8:30 34:136 20:80 21:81 4:14 17:65 40:160 15:57 15:57 3:9 9:33 13:49 22:84 27:107 28:108 21:81 28:112 39:155 18:70 40:156 34:136 30:120 11:41 22:84 28:108 6:22 1:3 35:137 16:60 16:60 10:40 32:126 8:28 4:16 22:86 20:80 13:49 25:97 12:48 3:9 30:116 24:92 34:136 26:100 10:36 25:97 7:25 26:102 23:89 34:132 3:11 40:160 39:155 4:12 2:8 22:88 16:64 15:57 8:28 2:8 28:112 13:51 33:131 20:78 18:68 3:9 2:6 4:14 2:6 10:38 16:64 30:116 11:41 17:65 18:70 22:86 12:44 15:59 4:14 30:120 17:65 40:160 34:132 17:67 28:108 39:155 36:140 20:80 23:91 27:105 32:124 29:115 5:19 52:204 15:57 18:68 20:80 13:51 13:49 22:84 27:105 10:40 15:57 22:84 12:44 31:123 16:64 11:43 2:4 21:81 30:120 18:72 37:145 46:184 17:65 23:89 26:102 9:35 12:46 43:171 29:115 13:49 25:99 24:94 6:24 36:144 38:148 34:136 26:100 26:102 38:150 19:73 2:8 8:30 6:22 27:105 70:280 14:52 39:155 5:17 1:1 1:1 23:89 7:27 9:33 12:48 19:73 17:65 26:100 21:81 22:88 2:4 36:140 25:97 10:36 4:16 6:24 14:54 23:89 21:83 38:152 22:84 36:140 11:41 26:104 10:36 23:91 9:33 6:24 18:72 15:59 32:128 16:62 31:121 13:49 13:51 2:4 22:88 18:70 12:48 29:115 21:81 7:25 30:118 6:20 31:123 24:92 33:131 15:57 16:62 14:54 22:86 17:65 32:126 27:105 3:11 36:140 6:24 35:139 29:113 24:96 24:96 10:36 12:46 23:89 20:76 6:24 34:136 6:24 26:102 38:152 20:76 22:88 38:150 24:96 19:73 12:46 37:145 16:64 7:27 39:153 30:116 40:156 8:28 28:110 44:174 28:110 26:104 31:123 10:40 13:51 26:100 16:64 32:128 38:152 26:102 4:12 20:80 6:20 40:160 4:12 9:33 17:67 13:49 5:19 28:112 15:57 11:41 2:8 36:144 12:44 39:153 40:156 20:76 3:9 10:40 22:88 16:60 23:89 6:22 6:22 28:110 10:38 8:30 35:137 32:128 ; 
L 2 -47 -39 -6 -4 -14 -45 7 3 -25 -40 11 -4 40 23 31 3 35 -6 7 -24 18 -31 10 -37 -41 -16 37 -23 26 17 31 -24 50 12 -50 -1 -22 36 -50 3 -30 -41 32 38 -24 33 -2 -19 -45 32 -32 50 -45 32 -21 16 -17 -13 -9 17 -4 -32 37 47 -9 6 48 44 -30 -9 -31 -2 -43 19 -23 21 -40 43 -42 -18 30 12 -38 16 32 -39 -11 -24 -21 8 -3 49 -7 -46 31 31 -9 -12 -9 43 -24 -6 -22 -48 50 45 43 -8 10 45 -23 4 -26 -37 -4 -31 20 40 33 -16 26 -17 -14 11 -41 -27 -38 31 4 -41 -3 -3 -6 -39 -15 24 -29 -10 -5 13 -8 18 22 45 -41 -6 -19 -40 -4 -34 -8 43 6 -24 17 -41 35 -35 39 38 50 26 -34 24 11 -30 -46 7 -18 -46 -28 -41 1 20 -30 -7 15 30 40 41 21 14 34 10 10 -39 -25 -36 1 32 5 44 47 -5 23 -20 5 42 10 15 15 25 44 -30 49 -6 17 -23 -39 42 4 46 12 -17 -39 -21 25 -1 29 24 30 -8 -19 7 21 -22 9 -3 -2 37 2 -29 -11 11 36 36 -20 10 -11 34 41 46 -2 8 15 -12 7 -19 -42 -29 15 39 -10 17 -33 -20 -21 3 29 3 -14 24 -49 -8 -8 -11 -11 -2 50 18 23 -7 49 11 38 8 7 -12 -43 21 22 -45 -41 -38 -4 -10 33 7 14 46 -45 21 -6 -23 -32 -11 1 22 14 32 32 -32 23 39 21 18 26 18 43 26 14 -12 17 4 4 32 9 30 -45 -27 11 1 -48 -46 -12 -28 -44 -4 16 -11 46 -29 -14 46 29 -35 -11 -47 -14 -23 -29 -2 -31 -18 13 42 -14 -3 -49 6 -12 -38 50 28 9 48 -50 -22 15 30 32 47 -31 11 -41 49 -38 14 6 25 11 15 28 -13 -28 -29 -4 -40 39 41 27 7 -29 -38 -36 48 -33 36 -23 10 -9 -30 -25 -41 21 -40 -16 45 -6 26 -17 -18 12 26 36 13 47 7 -7 -13 -44 5 33 -44 34 30 10 3 3 -47 -27 -37 10 -26 40 22 38 5 45 -33 -5 30 -19 30 -22 10 -6 -28 -33 22 -49 -29 12 -10 20 48 -32 44 -33 -24 14 26 -31 17 40 -6 37 21 31 -42 -11 -36 -29 40 -42 43 -7 41 -24 37 -45 44 -3 43 9 23 -18 40 41 -45 6 12 -40 45 3 -28 -10 -23 2 -35 -35 48 42 -34 -6 46 30 -39 -20 ; 
5 72 5 77 84 47 94 28 23 51 20 7 68 89 13 42 45 87 74 66 75 45 18 43 98 75 18 12 90 21 98 2 19 88 89 27 60 15 18 25 84 97 78 7 55 5 9 23 6 16 96 64 29 100 91 40 91 49 50 58 24 28 23 66 72 67 87 62 25 94 7 5 74 22 38 9 26 96 50 72 61 51 50 26 91 11 59 92 60 46 43 49 17 25 17 85 87 39 51 8 39 33 64 13 79 29 59 36 90 67 57 56 99 58 78 52 60 89 79 85 23 27 8 99 90 70 53 73 91 33 66 9 28 10 31 51 56 70 72 31 3 71 81 92 53 26 93 89 28 63 26 7 85 17 99 71 79 1 5 10 39 8 60 6 32 24 45 72 92 32 58 12 47 64 27 62 3 68 64 78 4 95 29 6 73 43 29 68 96 8 71 40 21 69 50 51 47 1 21 19 53 67 30 11 19 38 48 96 87 12 35 60 29 2 56 58 80 13 34 80 49 16 3 81 98 2 89 96 50 24 47 61 51 38 2 8 29 55 9 53 74 54 43 5 4 28 49 11 41 71 18 43 88 88 31 51 17 81 46 14 79 93 68 68 71 37 71 69 54 59 45 93 60 55 21 69 71 31 76 70 64 84 57 34 44 37 18 46 6 82 26 52 7 93 76 12 70 82 100 90 20 13 59 53 48 3 73 68 27 56 50 85 94 46 3 3 15 43 96 4 3 81 16 14 87 85 78 26 18 82 50 76 92 37 14 1 2 31 96 20 87 45 74 99 76 99 77 50 60 67 53 95 57 50 32 61 24 65 65 59 56 34 74 98 27 60 61 52 75 72 63 35 31 99 1 27 14 5 10 64 94 36 15 69 88 46 95 40 80 3 65 48 42 53 39 56 7 37 38 38 66 69 86 95 37 19 5 5 49 89 12 25 29 11 15 98 91 34 6 28 33 83 87 64 49 60 4 15 59 14 9 28 88 56 75 25 8 99 69 47 37 51 92 69 30 38 96 11 6 95 31 38 98 61 79 85 22 22 13 68 89 82 24 25 22 88 40 87 78 50 41 66 89 23 93 15 30 47 92 68 38 92 9 85 10 90 50 58 43 99 93 7 22 86 13 36 58 60 2 41 97 ; 
L 2 -47 -39 -6 -4 -14 -45 7 3 -25 21 -40 43 -18 30 12 -38 16 -48 -6 -80 9 -47 -37 32 4 29 49 -22 19 -23 -40 -21 -7 8 6 12 45 15 -12 7 7 -43 42 -69 -40 29 36 11 42 -21 45 -46 -14 -7 -33 7 -12 -43 21 22 -45 -41 -38 -4 -10 20 48 68 -32 44 -24 14 -31 -39 40 -50 22 6 24 9 12 9 10 3 3 -37 10 -18 8 -13 5 10 29 -24 -22 -1 11 32 6 3 3 -72 41 -4 -31 38 27 41 -11 14 17 -26 39 6 43 9 23 -18 40 41 -35 48 42 -45 3 -10 -23 2 -35 -34 -9 -28 -50 38 12 -6 49 3 14 -42 -13 18 31 31 -31 -67 25 44 -30 49 -6 17 -23 -39 21 -40 -16 45 -6 79 62 -15 29 42 -64 19 -81 41 -24 37 5 33 -44 34 30 23 39 21 18 26 18 54 43 26 14 -12 51 17 4 4 32 9 30 -45 -27 11 1 -38 26 -17 -18 12 61 26 36 13 47 82 7 -7 -13 -44 77 47 21 -12 -46 -4 -42 41 -45 -26 40 22 38 11 -4 -32 16 -33 -40 -20 31 4 37 26 71 65 49 26 -34 24 11 -30 -46 7 -18 -46 -28 10 -39 -25 76 -36 1 32 5 44 -3 -41 32 38 -24 -2 -19 -45 32 -32 50 -45 32 -21 16 -17 -13 -9 17 -30 19 -30 5 33 -45 23 -7 49 11 38 8 78 10 75 -22 -6 -28 -33 43 2 31 9 30 -44 15 -74 46 -53 7 -57 3 -8 21 24 11 39 -32 -1 41 -29 1 -58 -25 -48 -46 -12 -4 -11 -31 11 -41 6 -24 -41 -10 -23 26 31 50 66 12 -50 -1 -22 36 -50 3 -30 37 2 17 -33 -21 3 29 3 -14 24 -49 -8 -8 -48 -56 46 -29 -14 29 14 6 25 11 15 28 -13 -28 -29 -4 -15 -10 -42 -5 -60 20 -23 5 -50 -38 -35 -11 -47 -14 -23 -29 -2 -70 32 -32 -40 39 84 41 27 7 -29 -38 -36 48 -33 36 -23 10 -9 -18 24 -7 -24 -34 -14 -41 -40 -30 -15 7 30 -20 -45 -10 8 -43 -45 23 31 3 35 -6 30 -6 73 -41 -16 37 83 46 -2 -55 -59 -41 -39 35 -35 -21 -37 19 6 41 30 -31 10 -37 -34 11 -10 20 -36 -36 -11 11 -18 -50 2 11 -50 15 30 32 -46 -85 -4 23 -8 -19 -5 -22 9 63 -3 -2 26 -31 17 40 -6 52 -40 -4 -34 -8 43 -47 30 -20 ; 
2:8 29:115 2:8 31:123 34:134 19:75 38:150 12:44 10:36 21:81 12:48 39:153 20:80 22:86 21:81 20:80 11:41 37:145 4:16 25:99 5:17 38:148 27:107 29:115 27:105 10:36 22:84 37:147 21:81 30:120 4:14 7:25 4:12 1:3 20:76 35:139 4:14 26:104 12:46 20:78 5:17 26:102 35:139 16:64 38:150 3:9 9:35 10:40 10:38 33:131 23:91 3:11 21:83 11:41 33:131 3:9 21:83 31:121 28:112 26:102 34:134 23:91 14:54 18:70 15:59 14:56 16:60 39:153 28:112 31:121 3:9 38:148 16:60 26:104 24:92 30:118 15:59 28:108 6:20 26:102 27:105 4:12 21:81 15:59 3:9 12:44 25:97 26:102 10:38 33:129 29:113 2:4 13:49 29:115 28:112 17:67 40:160 33:131 28:112 18:70 66:260 12:44 32:126 9:33 27:105 14:52 37:145 30:116 22:84 28:112 36:144 40:158 4:12 16:62 13:49 30:118 6:24 12:48 19:75 37:147 28:108 17:65 9:35 35:137 5:17 38:150 34:132 18:68 40:158 38:148 3:9 10:38 25:97 13:51 20:80 23:91 38:152 22:84 27:107 24:96 20:80 31:123 40:158 7:27 35:139 22:88 30:116 10:36 5:17 8:30 16:60 20:76 39:153 35:139 5:19 14:56 3:11 15:59 16:60 16:60 11:41 22:88 11:41 18:68 8:28 31:123 36:140 36:144 11:41 20:80 17:65 28:108 5:17 6:24 40:156 37:145 18:70 20:76 2:4 30:116 28:108 11:43 37:145 30:116 20:80 34:136 38:150 35:139 21:83 2:4 2:4 6:24 18:68 39:153 2:6 2:4 33:129 7:25 6:24 51:203 28:110 35:137 38:152 31:121 30:116 8:30 2:8 2:8 40:160 39:155 36:142 5:19 10:40 32:126 34:134 12:48 23:89 1:3 12:46 24:96 27:107 11:41 58:232 24:96 2:6 6:24 7:27 28:108 41:161 37:145 10:36 34:136 32:126 36:142 24:96 21:83 32:124 25:99 6:24 35:139 24:96 3:9 13:51 10:38 18:72 29:115 37:147 13:51 24:92 5:19 27:105 12:46 28:108 2:4 38:152 4:12 29:113 16:64 9:33 16:62 14:56 3:11 22:88 2:8 13:49 3:9 7:25 39:153 26:102 12:46 40:160 37:145 16:64 37:145 20:78 20:80 24:92 10:38 24:96 30:120 23:89 36:140 12:44 4:14 21:83 24:96 22:88 9:33 28:110 29:113 5:19 34:132 13:51 8:32 6:24 28:110 19:75 0:0 9:35 30:118 2:8 3:11 38:150 10:38 14:54 27:105 28:112 21:83 14:56 32:126 20:78 18:68 19:73 24:96 37:147 24:94 10:40 26:102 15:57 32:128 13:51 40:156 6:20 35:139 34:136 16:64 50:200 37:145 11:43 24:96 26:104 40:158 6:22 32:126 17:67 9:33 15:57 8:30 14:56 27:107 11:43 24:96 6:24 8:28 10:40 34:134 39:155 20:76 25:97 15:59 21:81 22:86 19:73 6:22 32:126 38:148 28:108 28:108 29:113 15:59 20:78 39:155 25:99 37:147 15:59 4:12 7:25 29:115 26:100 14:56 13:49 40:158 1:1 11:43 6:22 2:8 34:132 22:84 8:30 9:33 36:142 10:40 19:75 21:81 29:113 4:12 6:24 13:49 39:153 8:32 35:139 18:72 30:118 43:169 18:72 24:94 5:19 26:102 24:94 16:62 15:57 6:24 28:110 36:140 19:73 38:152 16:64 32:128 2:4 26:104 20:76 8:28 18:72 30:120 28:108 14:56 3:9 34:132 2:6 32:124 26:102 28:108 2:4 25:99 8:30 23:91 27:107 36:144 15:57 14:56 17:67 18:72 35:139 30:118 6:22 2:6 8:30 4:12 8:28 5:19 28:108 32:124 2:8 16:64 30:118 8:32 32:124 4:16 2:8 8:32 6:20 19:73 36:142 33:131 14:52 17:67 18:68 40:156 28:110 30:118 22:84 4:14 22:88 12:46 4:12 1:3 8:28 18:72 24:94 47:185 35:139 33:129 23:89 14:54 25:97 37:145 5:19 40:158 23:91 33:129 20:78 52:208 39:153 0:0 29:113 10:38 27:105 25:97 32:126 34:136 9:35 5:19 30:120 26:100 11:41 3:11 34:136 23:91 30:116 10:38 39:155 ; 
L 8 -33 1 -13 -42 45 -33 -13 -12 16 7 -15 36 -38 -21 -18 -38 -18 24 -40 10 -8 17 -4 -46 13 21 -11 -2 28 -19 -28 -9 48 9 7 -10 14 47 -45 14 -19 3 -42 19 45 -48 -10 -31 -20 35 -37 50 36 45 -40 37 18 -47 19 6 4 13 24 -50 -33 -17 49 14 4 21 35 -24 -17 -11 34 36 7 -5 10 32 49 27 -20 11 -20 33 7 19 -42 35 13 -12 -23 11 -12 3 21 -7 -19 1 43 -29 -45 -49 41 -10 -46 -16 -34 38 -20 -5 -49 42 -5 38 -20 48 -1 -45 18 11 -20 -11 34 27 -40 2 25 32 -25 -22 -4 32 -38 -34 8 43 -34 -18 -34 39 3 27 -50 -50 25 -28 -36 -35 -40 36 34 40 46 -6 17 -48 37 20 -10 -50 13 25 -38 17 21 -23 -40 34 27 -30 -45 45 47 -34 -40 16 44 -13 49 -39 -6 -22 -37 -25 -36 33 -44 20 -5 -9 35 14 6 4 -26 -4 31 -6 22 8 -43 -7 -40 37 -45 3 36 -10 -18 -27 2 18 50 26 -30 -37 14 -8 -24 -38 -43 5 -33 -1 24 6 -34 7 29 -9 36 16 1 -34 -41 40 -32 33 25 21 48 37 15 -10 2 -5 6 -46 -3 -6 -15 49 18 42 32 -4 26 -37 48 19 -5 30 -26 -3 -35 -39 15 -9 48 8 28 12 -31 -8 -43 35 20 -7 -34 -25 -19 7 44 -44 -43 12 -36 -7 -22 2 -42 -30 -38 34 -4 13 5 23 -43 -9 -2 -42 -50 -15 -43 2 -25 39 39 35 -41 46 15 30 -6 18 42 18 -36 24 -46 -4 30 28 -22 48 47 -31 34 -19 -17 -13 -10 15 -4 45 32 36 -26 -18 -32 26 44 50 14 34 30 -11 23 35 13 -45 18 -32 47 18 -11 29 -38 37 10 -24 37 -45 -28 -43 5 12 45 -45 3 -50 48 48 -14 -50 -1 15 35 27 5 -6 44 37 -45 -15 -14 29 34 10 19 27 37 -31 43 23 14 -26 2 20 -44 26 -42 -14 -46 46 -6 -35 19 29 16 5 -47 -20 -10 -47 26 -37 23 35 -48 13 2 -21 -45 50 35 21 -26 -34 29 41 10 24 29 29 -31 20 48 36 -22 35 -42 28 2 -17 -4 50 -49 -44 11 -28 3 -37 -9 40 -36 -33 -40 47 -16 -19 39 16 3 29 -35 46 40 -27 5 -19 -47 -31 -47 -11 -48 31 -14 -19 47 22 -18 27 32 4 12 19 -35 11 34 -37 4 -22 -8 -41 -40 ; 
56 75 74 15 47 30 18 25 49 10 76 16 88 57 16 71 11 25 29 10 4 24 17 40 40 30 97 44 88 84 47 51 53 32 92 65 62 17 99 43 93 77 69 42 15 70 44 20 28 58 66 18 85 11 18 37 10 47 73 64 49 32 50 52 22 8 8 70 1 52 98 16 100 7 88 14 3 19 37 91 17 41 75 14 58 57 17 7 70 92 94 47 55 12 79 8 91 6 90 91 2 58 24 3 71 29 33 16 34 79 76 44 19 53 72 94 40 39 36 44 6 70 37 71 63 19 34 45 48 60 86 59 61 89 53 92 88 12 79 57 31 100 21 65 60 13 69 52 15 12 19 10 80 86 29 48 35 47 39 20 85 9 37 1 76 24 3 21 65 79 27 72 50 84 70 51 21 44 17 52 29 12 73 47 22 30 52 2 21 27 31 23 54 13 85 17 56 31 19 36 7 48 18 61 32 17 59 17 40 74 21 24 48 75 41 55 80 44 30 1 55 16 84 22 52 44 93 100 60 55 99 92 85 34 39 98 6 28 31 3 63 94 57 9 74 63 79 28 85 66 24 59 70 88 99 66 24 32 47 67 98 39 66 81 30 47 6 75 61 83 21 7 71 81 58 45 54 17 2 58 63 55 26 86 45 42 23 68 93 74 64 86 93 7 76 59 10 19 51 44 92 40 8 64 9 35 81 19 87 15 79 80 55 75 64 97 8 82 34 6 48 70 23 29 96 36 95 45 92 42 63 48 88 82 36 99 2 86 71 6 71 64 94 45 41 52 89 78 59 20 56 37 31 24 16 72 61 53 58 42 11 71 53 50 32 19 44 10 30 82 46 54 60 24 72 72 98 13 37 58 77 60 99 98 22 7 64 83 34 74 45 100 55 45 98 98 49 46 48 19 27 23 53 96 88 95 38 84 31 74 36 60 94 37 18 30 34 45 31 1 84 3 9 28 72 49 4 31 32 66 83 52 25 76 25 54 19 76 25 18 40 56 95 97 30 100 23 2 96 54 51 93 28 31 18 81 98 26 95 43 77 38 4 59 31 77 64 27 55 79 56 93 51 57 59 1 70 84 97 72 13 6 76 75 60 11 24 78 93 76 4 2 93 76 70 66 3 6 23 48 55 ; 
L 8 1 -13 -42 -13 -12 7 -15 36 -38 -21 -18 -38 -18 56 24 -40 10 -8 17 -4 -46 13 21 39 -31 23 14 -26 2 -41 -32 33 74 25 21 59 -14 -50 -44 -47 32 -18 45 16 5 -47 -20 48 11 -10 41 -10 -46 -16 -46 -46 41 -29 -19 40 -45 -36 -8 -43 35 -70 47 -18 -37 4 12 19 -35 11 -35 -35 -50 45 21 -2 -13 48 -35 34 -47 -45 45 -27 -34 40 14 15 60 -28 42 -58 -35 -36 -48 -20 31 -24 -10 -41 -29 -4 -14 34 26 -21 45 -37 -44 6 -26 32 40 -48 20 -38 5 -42 -82 49 5 20 -38 34 -36 -34 -45 -49 -47 26 -37 23 18 48 6 -46 -7 -19 1 43 -29 11 17 24 -83 -68 -78 44 -13 49 -39 -6 -22 -37 -25 69 -32 4 -67 22 25 -32 -25 -2 -63 -80 -27 -34 11 20 -11 -36 33 -44 20 -5 -9 35 14 6 4 -26 -4 31 -6 22 8 -43 -7 -40 37 -45 3 75 36 -10 -18 -27 2 18 50 26 37 -65 23 30 -11 23 35 13 -35 -39 -39 25 -2 -51 43 15 50 42 62 10 37 -45 -28 -5 -27 45 -27 5 18 -34 38 30 42 -2 22 7 10 -7 -9 -48 9 28 19 -28 2 11 15 -9 48 44 49 4 17 -49 15 6 33 3 -2 46 52 -35 -15 1 50 14 -48 -48 50 -3 45 -45 -12 -5 -20 19 6 4 42 18 -36 35 -31 -47 31 -14 -19 84 47 35 3 26 -30 5 -19 -26 -19 -10 8 28 12 -31 -44 -16 40 -43 -7 -34 -25 -19 71 7 44 -44 -43 12 -36 14 47 -45 -19 3 -42 19 -28 3 -37 -9 61 40 -36 -33 -40 47 -16 -19 39 16 3 29 34 13 -12 -23 11 -12 3 21 -40 -34 -36 40 35 36 28 -25 50 46 14 -76 42 -26 -20 4 50 -27 -3 -39 34 18 34 -43 -54 -8 34 -53 38 47 19 -50 -35 20 -6 -24 1 33 -5 43 38 24 8 -57 -14 30 38 -29 11 37 20 -10 -50 77 13 25 17 21 -23 -18 46 -6 5 -2 22 -64 10 -37 34 -43 -2 -22 -37 -27 4 -32 -42 29 34 11 -37 34 -1 -36 9 -29 -55 -7 34 10 48 -28 -30 -19 -17 85 -13 66 -10 -4 45 73 32 36 -26 -32 -27 18 -5 4 6 81 7 -5 10 32 27 -20 11 -20 33 7 19 35 72 45 -22 48 47 -31 34 4 46 -79 -24 17 50 -24 -13 -18 6 -30 -15 -8 -40 ; 
23:89 20:78 6:24 19:75 4:14 20:78 16:60 7:25 36:140 23:91 7:25 29:113 5:17 10:40 36:140 24:94 4:16 2:6 10:38 7:27 16:64 16:64 12:48 39:155 20:78 22:88 21:83 8:30 11:43 10:36 13:49 12:46 26:100 38:150 28:112 23:91 14:52 35:137 32:124 36:142 11:41 22:84 25:97 29:115 18:68 8:28 12:48 14:54 20:78 29:115 19:73 17:65 14:52 7:25 14:54 8:28 38:148 26:102 16:64 38:150 8:28 15:59 8:28 30:116 7:27 1:3 40:158 5:19 30:116 19:75 32:124 31:121 2:6 1:3 38:148 24:96 46:184 27:105 13:51 13:49 2:6 20:78 29:115 12:44 14:54 9:33 21:81 28:112 52:206 29:115 11:43 46:182 30:118 24:94 20:80 10:36 40:158 2:4 7:25 38:152 23:89 16:64 5:19 8:30 22:86 10:40 3:9 21:83 55:217 10:40 21:83 14:54 34:132 26:102 3:11 22:88 17:65 8:30 15:59 15:57 16:62 16:64 38:150 6:20 32:124 22:84 8:30 18:70 31:121 28:108 2:4 0:0 29:113 8:30 1:1 34:134 2:4 11:43 15:59 5:19 14:56 24:92 37:145 1:3 24:92 10:38 7:27 36:140 3:11 43:169 20:80 28:108 16:64 12:46 5:19 30:116 19:75 9:35 12:48 21:83 35:139 23:91 22:84 38:150 7:27 25:97 24:94 35:137 24:96 38:148 14:54 2:4 14:54 8:30 26:100 29:113 3:11 9:33 11:43 13:49 10:36 22:86 6:20 34:136 7:27 23:89 13:49 8:30 15:57 3:11 20:76 8:28 25:97 13:51 7:27 24:94 7:27 16:64 37:145 20:80 9:33 10:38 20:76 30:120 17:65 22:88 32:128 26:100 49:195 33:131 15:57 23:89 15:59 13:49 10:38 18:72 22:88 32:128 32:126 6:24 24:96 28:108 8:30 33:129 14:56 12:48 14:52 1:1 18:70 4:16 16:62 40:156 33:129 10:38 23:91 18:72 14:52 4:16 24:94 31:121 3:11 38:148 35:137 14:56 25:99 26:104 37:147 13:51 22:84 21:81 19:75 34:134 36:140 32:124 9:33 3:11 29:115 12:44 20:78 22:86 32:126 40:158 36:140 14:54 16:60 19:73 1:3 37:145 22:84 24:96 31:123 24:92 15:59 6:20 40:156 29:115 29:115 10:38 24:96 22:86 19:73 30:120 18:70 20:78 13:51 14:56 20:76 28:112 25:99 45:179 34:134 24:96 3:9 31:121 8:30 26:102 38:152 30:120 3:9 19:75 12:48 33:129 14:56 17:65 18:72 8:28 33:129 24:92 18:72 10:40 21:81 7:27 14:54 28:112 22:88 11:41 35:137 24:94 33:129 17:67 10:36 28:108 38:148 30:118 19:73 40:158 18:68 61:243 28:110 17:67 6:24 12:44 33:129 40:156 11:41 19:75 26:100 18:68 31:123 16:60 2:6 24:94 13:49 31:123 26:102 11:43 22:88 38:152 25:99 22:88 5:19 32:126 4:12 37:145 3:9 32:128 12:46 35:137 32:128 4:16 8:30 5:19 6:24 21:83 14:52 34:134 38:148 23:91 38:152 44:176 17:65 28:110 6:20 24:96 26:104 9:33 40:160 13:49 23:91 18:68 22:84 5:19 35:139 26:104 19:73 1:1 17:67 14:56 27:105 19:75 24:96 40:160 38:148 18:70 21:83 9:35 34:134 7:25 19:73 19:75 12:44 14:54 29:113 5:17 10:40 34:136 4:14 15:59 40:160 19:75 31:121 8:30 9:33 26:104 12:44 39:153 10:38 27:105 34:136 6:22 13:51 8:32 6:20 14:52 10:38 5:17 18:70 8:32 40:156 50:198 19:75 13:51 3:9 40:160 27:107 4:16 30:120 3:9 38:152 14:54 34:136 13:49 33:131 40:158 21:83 8:32 8:28 38:152 32:128 33:131 24:94 27:105 2:8 39:155 20:78 29:113 26:100 36:142 29:113 26:102 32:126 32:124 10:38 26:104 38:152 14:56 27:107 29:115 15:59 37:145 7:27 21:83 6:22 24:92 23:91 7:27 3:11 28:112 5:17 28:108 27:105 29:113 37:147 17:67 26:100 20:76 18:70 39:153 10:36 31:121 9:33 6:22 9:35 21:83 9:33 14:54 33:131 4:12 1:3 27:105 22:88 ; 
L -41 -27 25 16 39 16 16 15 -4 -34 -15 -22 5 13 -19 8 -16 -16 23 -4 12 10 -7 43 23 -36 10 -42 39 46 -28 -8 33 50 -32 44 3 -43 36 38 36 -34 10 49 40 3 48 -11 -12 -26 -39 22 48 36 -18 8 -50 23 -31 15 45 -45 -1 -24 -6 1 35 -29 24 -40 -43 37 19 48 36 12 30 20 -14 38 15 -23 -27 -44 -33 -12 -40 -38 26 -10 -4 -32 -39 33 -34 -13 -14 -35 -38 -20 -48 -50 7 -39 -20 4 -41 -30 -11 -33 8 48 -24 -41 -32 7 -43 -33 -22 32 -48 10 -3 -12 -29 -2 36 41 -47 -32 -12 -31 -2 18 22 -15 -28 -33 49 -40 -40 50 -38 18 42 18 16 -21 1 -25 40 -26 23 -19 -23 -46 29 -28 -38 -44 -1 11 -36 20 33 -41 8 8 39 6 -48 -3 40 -31 26 -17 -45 12 -16 -49 -6 -13 -23 -20 32 -10 -7 -35 9 -26 25 27 8 15 -23 40 8 -30 39 23 -35 31 -11 46 36 13 -23 -3 34 12 47 -24 17 -27 -24 27 -24 38 -37 -13 -8 -12 3 -45 12 -41 -3 -6 -47 -39 49 -37 39 -10 -1 16 -1 46 34 -31 22 8 -37 8 -12 -30 1 -9 -27 33 7 -20 -14 -25 -42 46 17 -40 34 4 24 -15 -12 38 11 4 16 -40 19 -22 34 47 -43 19 48 -6 37 -34 20 32 -47 49 11 -1 19 32 -38 18 37 41 -31 -3 6 38 -27 -5 35 45 -2 6 11 30 -43 24 -24 -16 -25 30 3 -32 -48 -28 9 -45 -13 18 -13 19 42 -27 41 -19 -29 -40 24 23 10 -12 -47 32 38 10 -18 -10 32 -46 9 11 -13 -6 34 47 48 8 9 24 36 -17 15 34 7 44 -34 29 -15 -37 -49 -6 -14 26 -45 12 44 26 -20 -3 -46 26 -12 -8 12 13 47 -1 -14 40 -12 36 -15 5 -14 33 -17 30 36 -28 -8 24 -10 10 28 14 46 19 -5 4 39 32 45 44 31 37 -17 -10 5 1 -5 2 40 36 -22 -41 46 -17 23 -41 32 -14 43 -1 -49 -13 8 25 -18 40 -21 2 42 8 26 28 50 -12 -6 -27 9 -11 9 13 -5 -31 47 13 41 -31 -33 36 45 44 -23 31 -7 -30 17 44 -25 -27 -50 31 25 33 18 -6 50 -15 -12 -24 31 35 36 16 35 13 -35 -2 49 21 10 4 33 -18 20 43 24 -8 -22 18 14 34 28 25 30 -48 11 1 -41 38 14 19 ; 
62 86 30 8 28 44 24 13 37 16 39 19 27 84 67 82 34 10 24 30 32 48 37 93 10 3 81 76 82 2 26 74 68 93 84 1 33 15 74 68 18 74 70 46 57 70 20 62 55 3 74 91 19 44 20 95 59 44 27 29 48 66 94 81 53 87 49 82 19 81 33 28 67 80 93 17 92 13 13 36 60 22 19 10 92 81 87 93 76 83 45 78 65 80 16 68 86 98 12 54 94 48 92 85 41 73 47 39 23 62 42 51 42 70 32 27 33 4 5 50 97 97 44 24 42 87 52 80 32 93 26 9 93 39 8 77 99 90 87 34 37 80 90 92 22 4 72 13 52 13 88 33 68 12 71 55 57 1 70 60 69 6 58 81 3 77 41 85 58 89 100 69 52 92 36 24 23 29 21 93 29 98 43 93 76 91 47 71 26 48 79 57 38 50 46 77 75 35 32 99 10 12 95 81 20 65 99 80 95 7 70 68 87 24 53 82 64 48 73 73 89 84 65 42 27 71 27 16 3 27 17 61 76 30 61 93 87 92 30 39 92 34 19 97 43 98 84 86 48 46 39 47 53 43 41 24 86 51 65 27 88 38 87 100 54 72 94 31 82 100 74 89 85 90 86 16 40 74 73 68 28 91 99 8 4 94 66 8 15 5 38 23 80 55 38 18 82 100 64 98 93 57 17 71 10 94 29 79 92 94 1 31 24 64 1 70 86 42 75 96 75 83 51 97 40 89 38 13 11 41 81 97 93 11 2 58 20 94 95 82 89 5 86 8 30 34 27 7 34 83 6 58 6 45 33 61 43 61 92 54 17 73 73 48 79 26 13 56 97 42 38 25 37 82 55 81 82 69 100 79 79 92 92 16 2 56 27 53 47 81 68 39 90 72 16 98 47 66 69 52 76 60 65 29 95 59 90 37 58 31 6 74 28 83 65 99 6 98 80 26 19 83 34 77 13 52 71 10 12 12 96 97 81 13 27 4 95 14 79 78 4 63 4 19 17 8 33 73 55 18 47 9 95 34 98 11 61 49 83 43 41 73 39 48 75 71 69 99 13 100 70 75 32 30 56 21 53 33 33 60 54 99 35 36 30 79 73 35 10 12 68 96 47 38 50 91 40 87 43 11 32 ; 
L -41 -27 25 39 16 16 15 -4 -2 -28 -26 -8 -42 -26 46 3 20 -26 -44 -12 45 14 6 49 49 21 10 63 4 -18 18 42 18 16 51 -21 1 -25 40 -26 8 -46 42 -80 25 14 20 -7 -60 -33 27 9 -1 30 12 12 30 -1 -36 20 33 46 19 -5 -7 -30 17 44 -25 -27 -50 31 3 -10 48 -32 5 -1 -5 10 -4 10 40 -49 -13 8 69 25 -18 40 -10 38 40 12 33 -48 1 -41 66 36 -34 -54 -25 -28 -34 -14 -18 22 8 -24 -43 -20 38 -50 40 40 -49 33 -32 1 10 37 -49 39 -62 47 6 3 41 45 -3 -45 12 83 46 -28 -8 33 50 -32 44 3 -43 -40 19 -22 34 47 -43 19 48 -6 -23 -24 40 29 19 -41 26 -10 32 4 33 23 15 77 -2 21 -23 -3 -24 17 -27 -24 27 -24 38 -37 -13 -8 -12 -26 36 41 -47 -12 -31 18 22 -15 -28 74 -56 -6 2 -45 -35 23 -19 -23 28 -29 46 -38 1 -43 14 -32 41 -23 17 -46 22 -36 -40 -2 22 33 43 -7 -79 16 50 -12 -6 -27 9 -11 9 13 -5 -31 47 13 41 64 -31 36 22 48 36 -18 75 8 -50 34 -31 22 52 55 8 -37 8 34 -37 14 -20 -41 24 -24 -16 -25 68 30 3 -32 -48 57 -28 9 -45 -13 18 70 -13 53 73 19 -27 38 -31 15 45 -45 -1 -24 -6 1 35 -49 47 -8 23 -15 -40 34 4 -11 -46 9 11 36 38 -84 -14 -28 -10 10 35 24 78 -17 15 7 44 29 13 -71 -65 -6 3 31 -41 -37 -18 38 -32 -32 -20 43 -30 -13 -35 -16 -35 -31 24 12 15 -50 -18 -33 -25 -12 58 -29 -2 31 3 -1 46 -34 5 27 -38 37 15 -13 -36 11 -31 35 -23 -39 30 -82 -19 -11 -29 24 -40 -43 37 19 48 36 8 8 67 26 39 6 -48 44 10 -18 -10 -30 20 39 -7 50 48 20 38 35 14 13 -72 -27 -25 -9 35 7 -32 20 -48 -3 -44 38 -44 61 4 39 59 32 -41 -30 -11 -33 8 85 48 -24 -41 -32 23 -12 44 31 37 45 -34 39 26 12 23 13 6 49 16 -39 42 -10 36 -23 -43 7 -12 4 -23 16 16 -8 -13 -5 22 15 -24 8 28 -36 -24 -9 -81 -8 -47 -34 6 -12 -47 38 27 23 -12 -8 12 13 47 -1 -14 40 -12 36 -15 5 -14 33 -17 30 -15 -12 38 11 4 76 31 -45 14 19 ; 
25:99 35:137 12:48 5:19 18:70 10:38 6:20 15:59 10:38 15:59 39:155 39:153 5:19 30:116 23:89 6:20 11:41 32:126 20:76 30:116 30:116 5:19 37:147 25:97 14:56 14:52 14:52 23:91 35:137 51:203 30:118 9:35 2:6 29:115 27:105 2:4 21:83 6:20 36:140 14:52 37:147 31:123 10:38 34:136 21:81 18:68 22:84 19:75 6:20 38:148 19:73 20:76 35:137 34:134 40:156 21:81 37:147 20:78 18:70 33:129 2:4 43:171 29:115 7:25 33:131 14:54 40:156 5:17 25:97 20:78 34:132 18:68 24:92 18:70 39:155 39:155 20:76 36:144 24:94 38:152 13:51 19:75 25:97 10:40 34:132 14:54 7:25 38:148 6:20 21:83 2:8 22:84 16:64 35:139 33:129 32:126 23:91 16:64 42:166 9:33 30:118 30:118 22:86 39:153 28:108 5:19 4:16 14:56 30:116 32:126 12:48 15:57 22:84 36:144 32:128 15:59 14:54 35:139 34:132 13:51 25:97 28:110 25:97 7:27 37:145 12:48 2:4 7:25 11:43 29:113 17:67 25:99 12:46 37:145 4:12 11:41 30:118 28:108 38:148 34:134 1:1 14:52 6:24 24:94 33:131 40:160 30:118 36:142 34:136 36:144 35:137 7:25 16:62 36:142 16:64 39:155 21:81 34:132 24:96 34:132 5:17 32:124 21:81 21:83 30:116 24:96 6:22 4:16 16:60 32:128 18:72 35:139 10:38 22:84 33:131 26:102 20:76 30:116 30:116 36:142 34:134 18:72 22:84 32:128 13:51 21:81 4:14 21:83 4:12 31:123 40:158 37:147 57:225 22:84 40:156 26:102 40:160 18:68 5:19 29:113 38:150 1:1 23:91 13:49 22:88 11:41 32:128 40:156 3:9 40:158 26:104 34:132 27:107 3:9 13:49 24:92 16:62 2:8 2:6 14:52 9:35 14:56 33:129 6:20 11:43 2:6 38:152 6:22 32:126 32:124 2:6 26:100 2:6 8:30 7:27 32:126 11:41 42:168 28:112 8:30 18:70 8:32 36:144 10:36 24:94 8:28 16:62 37:147 2:8 2:6 23:89 8:30 39:155 39:153 30:118 9:35 6:20 5:17 12:44 4:16 38:150 12:46 19:75 31:121 37:147 38:150 1:1 28:112 11:41 10:38 26:102 1:1 28:112 2:8 40:156 8:30 32:128 19:75 24:92 37:145 27:107 12:46 20:76 27:105 38:150 33:129 22:84 35:139 20:78 54:214 37:145 14:54 19:73 19:73 12:46 26:104 11:43 30:120 3:9 8:32 38:150 22:88 28:108 8:32 20:78 16:62 28:108 33:129 15:59 40:156 4:12 17:65 14:54 13:49 24:92 13:49 32:124 40:160 42:166 32:128 32:128 10:36 16:60 2:8 6:24 4:12 27:105 33:129 28:108 24:94 7:27 12:44 12:48 13:51 38:152 40:160 6:20 40:158 28:110 29:113 42:168 16:62 30:116 3:11 27:107 21:81 35:139 14:56 16:64 13:51 37:147 8:32 14:52 8:28 16:60 16:64 25:97 38:148 26:104 40:160 38:152 5:19 4:16 40:158 13:51 16:62 12:46 1:3 19:75 8:30 33:129 14:52 12:44 27:107 32:128 38:148 5:17 34:136 12:46 38:148 16:62 36:142 40:160 38:152 23:91 38:148 5:17 8:28 36:140 17:65 34:136 37:147 20:76 38:150 22:86 5:19 40:156 35:137 36:144 7:27 23:91 31:123 11:41 29:113 4:16 31:121 38:148 8:32 28:110 19:73 32:126 17:65 39:153 19:75 5:17 24:96 22:88 16:62 10:36 25:99 17:67 6:20 24:92 17:67 28:112 13:51 8:30 36:140 7:27 31:121 24:96 24:96 17:67 36:144 30:118 2:4 6:20 18:68 40:156 12:46 38:148 20:76 33:131 31:121 33:129 2:4 4:16 38:148 31:123 13:51 12:48 10:38 4:16 14:54 10:36 34:134 11:43 8:30 6:22 22:84 11:43 9:33 11:43 14:54 3:9 13:51 17:65 2:8 36:142 34:134 5:17 34:136 20:80 8:30 49:195 17:67 16:60 10:40 15:59 33:131 22:88 33:129 33:131 28:110 40:160 32:126 32:126 37:147 37:147 7:25 21:83 35:139 40:160 22:86 29:115 40:156 19:75 9:35 10:40 5:17 13:51 ; 
L -44 -38 38 -20 -30 -37 40 8 48 43 9 -17 42 -16 -36 -43 13 -10 22 18 31 28 -31 32 6 -26 25 12 30 9 30 36 14 -12 -35 -40 -28 -30 -2 -29 4 -17 25 -1 -34 -27 -19 -23 39 39 -20 5 19 -38 36 15 -36 41 -49 -39 -9 -30 -10 -45 4 16 20 -4 12 -20 18 -19 -33 35 16 33 -36 27 18 -30 14 6 28 32 1 -8 -23 -33 26 -16 10 -3 -1 -33 24 32 18 37 50 -5 -31 -10 -43 5 39 4 33 29 10 -21 44 -37 -37 10 -42 -10 -22 -9 47 -19 15 -10 44 -50 -47 15 27 -44 -28 31 30 -12 37 -38 -9 -4 -4 -11 34 -23 -12 14 30 -19 26 12 49 42 21 4 48 25 -1 44 -3 16 -39 -9 -25 -7 48 -3 -1 2 -33 21 -12 2 17 10 -35 32 42 32 -35 35 -48 -37 14 -8 -26 -18 -3 43 47 -6 -34 16 4 17 12 23 3 -24 37 44 -5 -19 -29 6 -41 5 4 10 23 50 -38 20 17 6 21 14 2 -37 -23 -50 -39 6 31 -18 17 34 -28 12 33 -27 -31 -27 35 -22 3 -10 -5 -26 17 -9 29 29 22 -18 -2 5 -44 9 34 12 -35 3 23 2 -44 -9 -35 22 -44 -44 7 34 -10 10 34 -3 -31 -47 -44 31 6 19 1 -46 2 2 -37 -23 -34 8 -48 22 -33 -22 11 26 -7 -31 -9 -37 -48 18 3 -15 42 -46 -17 -1 34 -5 -34 -35 -49 28 47 -38 19 36 -43 50 30 -27 -18 22 -13 48 -23 33 -24 8 6 33 -32 -48 46 29 -41 -22 -48 30 -6 -27 18 34 -5 5 -30 50 46 13 -41 1 46 40 -21 50 -22 21 30 -26 9 -9 31 8 42 27 27 37 25 33 29 36 -1 -27 -39 38 -41 -22 1 45 32 47 -46 26 -10 15 18 -2 -11 40 45 45 -20 26 -2 -17 21 31 29 27 9 48 29 2 -42 -26 -19 46 -16 -46 -19 -16 37 -8 16 -49 23 -1 -7 26 21 -49 -36 44 12 -28 -20 -6 1 -7 -10 3 1 10 29 38 -40 -41 -45 42 -8 16 -44 30 -27 41 8 39 -44 -29 36 -13 50 34 -22 -12 18 28 -35 21 7 -36 21 28 14 8 32 30 -8 -25 17 -6 1 41 -15 -42 35 -26 11 15 -9 -24 1 34 -19 17 -27 2 20 45 -1 -25 -1 4 16 -49 -9 -2 11 12 43 42 -15 -16 -7 17 -16 43 -7 46 -22 20 23 15 ; 
25 99 48 85 22 3 80 83 81 91 15 74 31 55 67 80 80 27 25 75 15 37 53 40 96 34 90 68 53 30 96 44 55 64 66 47 23 25 74 22 70 75 96 59 19 8 84 33 21 32 77 13 9 38 62 94 31 6 36 89 14 50 75 66 2 18 24 50 87 88 90 89 24 85 46 89 1 13 12 49 43 43 40 69 20 20 29 84 41 98 34 88 22 14 84 76 84 40 46 2 34 85 30 4 38 22 78 72 46 73 73 10 52 73 80 54 75 36 8 29 25 78 32 89 64 65 86 55 2 83 75 44 97 20 85 44 58 11 53 55 81 26 99 37 98 29 29 3 64 35 52 42 25 47 95 52 71 82 73 68 21 74 52 2 5 55 59 69 61 57 85 3 32 44 77 49 42 18 27 75 77 6 52 49 31 6 44 34 63 28 87 53 31 20 68 1 86 88 23 14 31 88 46 88 73 78 1 67 50 20 83 16 38 13 11 16 81 1 91 82 88 50 57 61 44 93 26 37 64 84 88 57 88 54 44 82 82 12 9 2 21 86 70 61 52 17 40 12 10 59 4 95 66 88 52 63 62 47 10 83 48 69 96 26 27 48 74 99 42 35 44 39 17 99 27 100 30 84 17 92 18 2 51 36 96 54 3 1 99 30 27 100 74 85 15 33 67 34 31 49 43 73 98 91 28 53 71 21 11 28 74 98 64 27 15 16 89 93 30 18 56 81 62 95 11 87 4 85 70 34 60 34 44 28 39 58 54 80 46 63 93 90 4 89 86 16 48 81 38 62 40 24 36 28 95 43 67 14 26 23 35 1 99 6 59 47 3 72 90 55 79 68 71 93 11 35 78 89 48 60 10 87 2 20 66 41 95 89 13 46 19 79 89 14 38 26 26 7 62 59 22 42 64 21 92 66 5 67 94 38 59 36 10 58 18 95 14 91 66 9 8 56 6 35 25 53 68 68 36 17 90 12 69 68 52 98 37 83 36 28 63 81 54 23 43 79 78 55 43 39 21 54 3 14 24 13 1 55 89 37 64 40 10 81 67 35 93 40 94 61 14 2 89 59 99 16 95 68 36 54 56 79 44 39 26 13 67 22 43 45 18 12 1 78 48 24 65 12 25 4 70 ; 
L 64 -44 -38 38 61 -20 -30 -37 8 78 48 43 9 -17 83 42 -16 15 -68 34 6 -63 -47 -43 3 18 -37 24 -3 47 -19 67 17 12 23 9 22 -39 -33 35 16 33 -36 31 30 -12 79 37 -38 -9 -4 34 -19 17 -27 -6 -32 31 -28 -31 -62 -18 -22 10 -13 43 36 60 -16 70 -7 24 9 -27 -42 -31 9 41 -29 -46 48 32 28 -34 18 -31 -6 39 50 23 37 -2 21 30 -26 -10 3 1 10 29 38 -40 -8 -2 -17 26 8 37 48 -35 35 -32 -32 -10 -17 -2 12 -21 33 -2 1 3 -48 7 25 9 39 -16 3 -44 1 -25 -48 -4 -21 -42 -49 -12 19 -30 -14 12 23 -34 11 -2 11 12 43 42 16 -1 81 -33 24 32 18 37 26 21 -49 -36 1 45 47 -34 -27 -19 -34 -26 20 -45 -45 -49 -9 -19 -29 6 -41 5 4 10 23 -38 20 17 6 21 14 22 -50 21 -46 -1 41 -13 7 -1 6 20 28 -73 -12 -44 -9 44 -5 2 18 -22 -29 33 -22 26 42 -2 -29 -30 50 46 9 44 41 -38 39 27 1 -40 11 -18 -15 -54 -66 10 -46 -34 -52 1 -25 -38 19 18 -19 3 -10 -5 -26 17 29 -12 4 -20 -16 -4 45 -23 39 39 -17 -1 -28 -18 48 49 -41 36 -15 -42 45 -29 36 -13 34 -22 74 30 -8 -25 69 17 -6 1 41 -15 75 -42 35 -26 11 15 18 -33 26 10 -3 4 44 44 -22 9 44 -2 -23 -3 35 -12 41 -19 46 -22 11 26 -31 -9 -37 -48 18 3 -15 42 76 -46 -20 -31 22 25 1 -45 -20 12 59 -27 -31 -27 35 -22 -5 43 10 31 5 -50 7 1 -23 -20 36 -43 -12 51 -40 -28 -30 -29 4 9 12 -37 -85 3 -34 -10 10 7 -36 21 28 14 33 29 10 -21 44 -37 -42 -10 8 32 -8 16 -49 -80 10 30 9 39 17 -27 -29 5 19 72 -38 36 -8 16 4 16 -36 -29 -33 -25 -37 -27 -53 27 6 -30 48 22 30 -27 41 8 39 2 -33 -6 -8 24 23 -48 13 18 27 -30 -50 -14 -36 -30 -9 -12 -25 26 -55 -43 16 -17 -34 32 -8 -23 57 34 -5 5 -47 -28 49 35 34 5 -84 -34 -35 21 1 56 5 -44 77 58 -47 -44 31 -28 -71 -6 -14 30 -27 28 44 -27 47 50 -44 10 -15 7 82 -22 20 6 19 1 -46 2 2 -37 -23 -16 -46 65 -19 -16 -31 -46 23 15 ; 
32:126 16:64 40:158 20:76 2:6 38:152 9:35 2:4 6:20 16:60 38:152 37:145 6:24 30:118 10:40 39:153 22:88 25:97 24:96 19:75 18:70 33:131 37:145 13:49 20:78 21:83 2:6 28:108 8:32 13:49 12:46 5:17 26:100 35:139 22:84 4:12 15:57 32:124 14:52 34:136 19:73 36:142 1:1 23:91 30:120 18:70 21:81 31:123 8:32 34:136 38:148 6:20 6:22 1:3 36:142 8:30 39:153 16:64 22:84 15:59 23:91 39:155 30:120 10:40 11:43 32:128 32:128 32:126 36:144 2:8 8:28 39:153 16:64 18:68 10:38 19:75 16:60 19:73 25:99 33:129 23:89 8:28 28:112 23:91 43:169 33:131 37:145 1:1 33:129 7:25 5:17 6:20 34:134 35:137 7:25 24:96 37:145 27:105 4:14 4:12 23:89 3:9 36:144 30:120 35:139 11:43 31:123 38:152 8:28 17:67 20:78 31:123 17:65 15:59 23:91 25:97 28:110 24:94 22:88 2:8 1:3 21:83 30:118 9:33 28:108 30:116 33:131 29:113 21:83 38:152 19:75 10:40 17:67 21:83 14:56 26:102 2:4 12:46 36:144 15:59 40:158 11:41 33:129 22:88 22:84 16:64 11:41 6:20 27:107 9:35 25:97 30:120 32:126 2:8 34:134 31:121 34:134 16:64 30:116 2:8 27:107 38:150 6:20 19:75 15:59 22:86 4:12 34:134 14:56 14:56 24:96 20:76 36:142 36:142 18:70 16:64 10:36 6:22 13:49 36:140 19:73 36:140 30:116 16:64 27:107 20:80 8:32 34:132 7:25 18:68 2:6 36:144 55:217 19:73 32:128 22:86 11:41 38:152 8:28 24:92 4:16 21:81 33:129 24:94 26:104 25:97 28:112 35:137 9:33 1:3 4:14 43:169 7:27 28:112 32:126 8:30 19:73 14:56 12:44 16:62 14:54 30:118 10:38 40:158 1:1 14:56 10:36 34:134 14:56 34:134 29:113 40:160 5:17 17:65 13:49 13:51 40:160 8:32 24:94 23:91 40:156 51:203 36:142 31:121 23:91 36:140 22:86 18:70 32:124 10:38 35:139 20:80 10:38 8:28 1:3 8:30 9:33 13:51 12:46 34:136 4:16 10:36 10:40 39:155 15:57 3:9 13:49 22:86 22:84 17:65 15:59 34:132 26:100 26:100 22:84 39:153 10:38 6:20 2:4 36:140 22:88 36:142 15:59 26:102 7:27 23:91 4:16 33:129 27:107 14:56 37:145 40:156 17:65 12:46 36:140 4:16 12:46 26:100 21:83 18:68 38:152 2:6 24:94 4:16 5:19 16:64 2:4 14:54 6:22 8:28 8:28 1:3 4:16 39:153 22:86 2:4 1:1 40:158 12:48 11:43 20:76 26:104 49:195 14:56 29:115 26:102 28:108 38:152 7:25 16:60 25:99 36:142 11:41 15:59 26:102 34:134 17:65 2:6 12:48 34:136 14:54 1:3 16:62 37:147 9:33 29:113 22:86 12:44 23:91 19:73 30:118 10:36 10:40 33:131 28:112 52:208 48:188 23:91 28:110 10:38 28:110 20:76 34:132 14:52 22:88 18:68 16:62 9:33 5:17 29:115 19:73 30:116 30:116 4:16 15:59 22:86 20:78 2:4 42:168 9:35 17:67 34:136 12:48 30:120 20:80 6:22 18:70 16:64 17:65 18:70 4:14 30:120 1:1 25:99 44:172 28:108 16:64 23:89 4:16 6:22 27:107 18:68 38:152 12:44 16:60 29:113 34:136 2:6 35:139 5:17 30:116 36:144 5:19 28:110 28:108 36:144 33:131 38:148 36:142 7:25 17:67 26:102 40:156 41:163 5:17 9:33 29:113 24:96 22:88 18:70 39:153 21:81 28:108 36:144 12:44 38:152 32:124 1:1 7:25 23:89 16:64 12:46 31:121 38:148 24:96 14:54 33:131 18:68 20:78 13:49 14:54 27:107 1:3 30:118 20:76 32:126 20:78 31:123 40:158 35:137 3:9 40:158 17:65 11:43 20:76 26:104 26:102 8:30 18:68 18:68 1:1 16:62 1:3 22:88 20:76 26:102 36:142 13:51 32:124 34:134 28:110 51:203 5:19 5:17 40:158 17:67 14:56 18:70 16:62 7:27 40:158 20:76 11:41 38:150 6:22 3:11 66:262 26:100 39:155 2:6 28:112 ; 
L 30 31 24 -4 -21 -15 -45 -7 -37 -5 28 -17 16 -25 45 -11 23 31 36 -20 28 -25 40 -5 -33 -19 14 1 -9 -44 -42 2 -42 -39 12 49 37 44 -36 38 -18 -25 27 -39 -6 -20 27 43 -10 -2 -21 -13 25 19 -23 24 -8 13 46 5 40 -16 50 27 19 -2 32 -2 -35 8 -2 -3 25 -48 13 -32 41 -22 -25 -33 -17 5 32 40 3 -23 29 48 24 -39 -43 24 -8 -8 -19 -20 -29 47 41 33 -50 22 14 24 46 5 -25 -43 -35 -20 -11 23 -8 9 -40 -32 21 8 -19 42 37 -40 -4 39 -46 28 8 -49 -23 43 11 -48 -1 22 16 43 8 -45 -7 36 -22 16 21 39 -18 27 5 -4 7 8 40 8 -5 -33 45 -30 -5 -13 38 39 -24 -50 25 -46 -47 -47 -11 33 -33 24 -38 49 -1 -28 45 4 20 41 -22 8 -4 31 41 -10 7 -13 24 9 -18 -23 -49 42 -7 -34 25 29 -39 -8 -30 -37 -14 49 -36 -3 -49 -41 29 35 6 28 20 -4 -41 26 2 -4 -11 -4 -2 -49 -50 -32 -10 21 -50 -20 23 -6 -35 10 49 -35 36 -20 49 -27 22 -1 -43 36 2 -33 -37 3 -19 41 48 -3 -31 -48 -44 6 -46 1 19 -29 39 -27 -22 17 -8 28 -4 -15 -4 8 -15 48 4 3 24 12 -41 -45 -11 42 -18 -12 44 26 -44 -42 -24 37 38 -17 -40 -49 -3 25 6 -20 -32 33 -22 39 31 3 -27 9 13 -25 -5 14 -47 -37 -41 -50 -45 -31 25 -42 -24 -15 21 6 -14 7 -43 -35 44 42 6 -28 23 -36 -50 -43 6 38 8 34 -17 -40 -29 -40 -49 -43 -16 -10 -12 21 30 41 -38 -5 -34 -15 -38 -29 -19 42 33 2 -8 -25 -11 46 38 -42 30 -1 44 -39 -44 31 19 -9 14 7 46 -8 -27 12 -49 15 32 33 11 -31 -26 14 -31 5 11 2 7 -9 -48 15 -41 -8 43 -50 28 50 7 -5 -15 49 28 1 -11 -35 -36 -11 -35 30 39 -3 21 -28 20 -12 13 16 -5 6 -24 12 -47 1 12 -38 40 -37 -40 -43 -43 41 7 -39 -31 -16 44 30 43 13 -31 29 11 25 -7 -38 -30 47 -41 13 -44 28 -26 -19 5 -21 -22 -49 -48 -47 5 -46 46 25 -44 41 25 4 -26 -39 28 -46 16 -7 47 31 43 -48 22 -3 -41 -49 43 -48 -23 -10 40 -25 4 -31 7 -45 25 -32 18 22 -40 27 42 -5 -44 -19 ; 
84 4 95 56 72 54 46 22 12 22 43 97 99 90 5 21 7 72 87 95 58 91 51 16 17 56 15 4 43 42 73 5 43 4 62 34 80 19 1 99 28 61 66 99 76 76 25 65 64 62 79 76 92 84 49 17 95 48 14 79 79 81 62 73 41 15 66 46 45 70 1 40 50 9 49 9 79 91 17 88 74 57 87 98 68 90 2 8 50 51 21 60 100 25 46 8 27 51 93 67 37 13 13 60 55 50 6 71 12 51 54 45 62 18 80 47 98 9 16 74 2 22 71 50 53 15 82 99 46 83 94 12 34 70 98 4 26 69 81 65 94 43 19 47 72 44 72 35 77 23 24 61 93 61 63 45 97 81 26 57 83 27 37 76 34 98 92 79 10 28 35 64 61 80 74 35 84 15 1 97 16 14 47 45 85 10 4 52 38 8 57 27 65 39 17 76 75 2 62 27 55 73 60 39 38 1 33 63 71 51 59 17 40 87 14 58 21 60 69 58 90 94 17 23 65 63 2 62 84 9 98 58 10 10 96 96 62 53 69 84 47 84 44 81 81 41 78 70 58 63 26 26 33 31 2 61 37 69 2 89 24 15 68 70 76 14 2 48 20 56 38 10 36 10 18 9 27 84 67 81 71 3 20 71 99 45 17 69 22 54 28 42 20 92 98 68 29 43 13 24 70 60 1 93 27 11 40 84 65 48 44 53 6 48 61 19 95 46 89 86 99 67 29 67 100 95 96 76 28 57 91 74 56 90 33 45 79 94 61 24 74 42 20 95 36 31 6 92 59 40 27 57 12 77 5 13 86 31 30 75 19 74 80 57 76 10 37 72 5 51 33 25 66 34 33 18 13 99 95 5 84 7 9 69 46 81 33 86 98 33 1 100 33 42 78 97 94 88 25 47 84 74 61 78 8 24 9 74 76 60 67 12 13 40 67 62 23 46 2 38 53 23 76 82 1 19 46 85 5 75 10 71 46 78 12 97 43 14 14 56 32 85 4 70 3 8 77 46 59 24 27 43 46 2 14 69 18 63 20 88 6 87 99 79 79 26 62 78 96 91 66 9 2 81 37 34 35 95 77 20 64 68 76 15 21 47 58 87 100 39 80 57 18 53 67 53 67 74 23 23 90 ; 
L 30 31 58 24 -4 -21 56 5 79 11 2 7 -9 66 -48 15 -8 43 -50 28 7 42 44 9 -1 -68 38 7 -25 -11 31 -13 -43 -30 -44 16 31 39 -7 -41 43 43 40 -21 -16 22 -36 7 45 -8 -43 -16 -31 -47 7 -71 -16 46 -28 26 -21 -76 5 25 28 -26 5 -21 -49 -7 -34 83 25 54 40 -9 8 11 20 35 43 25 -5 -46 -24 -14 -22 50 -2 -49 -50 36 14 -84 37 38 39 -24 -50 25 -46 -47 -47 -11 70 -8 67 -30 13 5 -78 -45 33 5 -8 -40 -8 -7 4 -5 -57 -27 -16 18 -39 37 -40 -28 5 37 7 45 15 33 -33 39 -29 -32 -10 -48 -47 5 -46 69 46 52 25 -44 73 41 25 24 9 -18 -23 81 -49 -33 -17 5 75 -46 9 -31 -22 1 -11 -43 23 49 -8 -28 46 -39 4 40 -37 -24 -85 15 32 33 11 -31 -26 14 -31 49 -12 -63 27 8 32 40 36 -20 49 -27 22 -1 -43 36 -23 29 28 -4 -15 -4 8 -15 48 2 -4 37 20 19 8 8 2 -33 -15 -38 34 5 38 -30 -21 12 10 16 43 49 40 29 40 -35 44 42 6 -28 23 -36 24 13 46 5 40 46 -6 44 -51 48 31 -65 -64 38 -12 -1 47 -12 24 -6 5 -16 -13 12 -20 28 -9 27 -3 -31 -48 -25 13 2 -28 -36 -11 -35 30 39 74 -3 21 13 44 49 37 44 40 50 -25 27 -20 10 -35 3 -24 43 39 -24 -48 8 6 38 8 34 4 3 20 -41 -17 22 27 -61 -39 29 -19 -1 -22 -18 32 -10 8 23 13 -32 41 -25 -11 -4 72 -33 -41 -40 -43 3 -48 -41 19 -4 33 2 -8 -25 2 -8 2 -32 -50 -43 -22 39 -25 46 38 -42 30 -1 44 -39 -44 43 -48 -3 -41 62 -49 43 -48 -23 -3 -49 -41 35 6 35 11 -1 15 5 -42 -39 12 -13 41 -47 30 -77 -14 -59 19 33 5 -40 25 -55 -28 20 -36 23 -6 -35 -31 -23 11 -45 25 -16 17 32 -10 40 -25 4 -31 7 -45 -41 -31 4 -53 -8 -7 14 -28 -49 -6 -21 15 29 38 -17 24 42 -25 31 -82 45 50 41 37 47 -14 -33 32 20 -6 -25 3 49 22 -41 -20 -4 -45 1 -60 -49 38 -42 19 -80 37 -29 -19 42 13 -7 12 -41 -45 -11 42 -18 -12 44 26 -44 18 36 -20 27 43 -10 -19 -27 -42 -24 42 21 -50 -39 -6 27 42 -5 -44 -19 ; 
34:134 2:6 21:83 26:104 23:89 29:115 20:76 23:89 7:25 19:73 33:129 14:52 35:137 18:72 24:96 14:52 10:36 14:52 17:67 32:124 32:126 21:81 30:116 17:67 18:68 24:96 20:76 28:112 2:6 34:136 29:113 6:22 6:22 18:68 39:155 5:19 32:124 19:73 29:113 4:16 30:120 2:8 34:136 22:86 8:30 18:68 38:150 26:104 33:129 28:110 11:41 2:6 6:22 33:129 1:3 6:24 10:38 27:105 37:145 50:200 27:107 8:32 15:57 1:1 18:68 11:43 23:91 1:3 20:76 10:36 16:62 35:139 5:19 22:84 28:112 32:128 8:28 16:62 22:86 21:81 5:19 29:113 3:9 20:80 22:88 24:96 6:20 6:20 33:129 24:92 36:144 6:24 10:38 9:35 40:156 7:25 23:91 34:132 11:43 15:59 31:121 14:54 40:156 37:147 41:161 28:108 32:124 15:59 15:59 33:129 14:56 22:86 26:100 25:97 38:148 25:97 10:38 10:36 31:123 14:56 31:123 11:43 28:110 17:65 29:115 16:62 8:30 18:68 18:68 9:35 5:19 9:35 19:73 16:64 4:16 27:105 30:120 56:224 7:27 9:33 26:100 8:32 36:140 40:158 35:137 33:131 28:108 40:158 40:156 7:25 32:126 11:41 21:83 16:60 4:12 5:19 24:96 13:49 30:118 23:91 30:118 11:43 12:46 40:156 41:163 28:112 7:27 38:150 34:132 19:73 40:158 33:131 6:24 22:84 20:80 29:113 9:35 4:12 11:43 14:56 6:20 40:158 38:152 2:8 34:134 3:11 4:14 7:25 14:52 25:97 5:19 27:105 34:134 40:156 14:56 4:16 39:153 39:153 25:99 22:84 28:110 34:134 17:67 1:3 8:28 28:108 28:112 31:121 6:22 1:3 20:76 19:75 24:92 18:68 18:72 4:12 19:73 10:40 42:164 34:134 32:128 24:94 8:32 3:9 13:49 38:148 8:32 17:67 30:118 10:38 25:97 38:150 32:126 18:72 14:52 20:78 40:158 27:107 12:46 27:107 40:160 38:152 26:100 9:33 6:22 32:126 32:126 40:156 14:52 11:41 28:112 8:32 26:100 48:192 9:33 18:72 33:131 31:121 10:36 22:84 16:60 1:3 19:73 10:36 25:99 27:107 16:64 6:20 30:116 10:38 6:20 18:68 1:3 35:137 37:147 22:88 29:113 16:60 10:38 4:14 30:118 31:121 9:35 33:131 27:107 4:14 17:65 31:121 32:128 8:30 16:64 18:68 8:32 27:105 43:169 3:11 3:9 18:68 37:147 24:96 9:33 21:81 20:80 2:8 5:19 23:91 37:145 30:118 24:96 23:89 18:68 11:43 26:102 36:142 1:3 39:155 8:28 15:59 25:97 1:3 14:54 22:84 8:28 8:28 26:102 28:112 12:44 4:14 32:126 19:75 41:161 24:96 6:24 6:24 27:107 12:44 55:219 36:142 28:112 32:124 17:65 50:198 3:9 31:123 2:8 6:22 10:38 1:1 13:49 19:73 28:112 31:121 13:51 28:108 14:56 15:59 12:48 30:120 8:30 30:118 32:128 23:91 31:121 12:46 14:54 39:155 31:123 2:6 26:102 26:102 28:108 31:121 18:70 16:60 1:1 8:30 29:113 9:33 32:124 25:97 30:116 10:40 22:84 2:6 25:99 7:27 19:73 31:123 4:12 16:64 21:81 2:6 28:112 23:89 7:27 7:25 21:81 36:140 22:86 24:92 38:152 24:94 25:99 34:134 13:51 29:115 3:11 9:33 2:8 36:144 40:158 44:176 8:28 9:33 19:75 24:92 35:139 40:160 16:62 16:60 19:75 6:22 5:19 17:65 12:48 19:73 42:164 34:134 16:64 8:30 25:97 27:107 33:129 18:72 3:11 3:9 22:84 18:70 15:59 35:137 26:104 34:134 16:64 5:17 11:43 49:193 37:147 8:32 17:67 12:44 22:86 9:35 36:140 1:1 6:24 34:134 14:56 40:158 12:48 20:80 26:102 12:46 30:118 21:81 35:137 31:121 11:43 23:91 4:16 4:16 24:92 15:57 4:16 8:28 4:14 11:43 34:134 27:107 33:129 29:113 24:92 4:16 2:6 10:40 26:104 26:102 7:25 17:65 24:94 8:32 13:51 25:99 26:104 23:89 31:121 35:137 27:107 30:118 10:36 10:36 36:144 ; 
L 9 -24 30 22 27 47 45 39 43 -5 11 -9 -44 -27 49 -21 7 38 22 -3 16 11 33 -49 -7 -1 29 -24 32 43 -12 39 -38 22 -46 49 -27 -32 -42 -15 -48 2 29 25 13 -19 18 27 -30 -47 22 -6 -8 -18 -5 -21 46 11 17 8 -47 -12 -27 -33 40 -26 18 -34 -5 35 45 25 -35 25 27 36 -16 10 -4 41 -49 44 6 40 -35 -12 38 -6 -6 41 30 27 8 -34 -1 42 31 39 -37 -41 -47 -23 6 26 -45 -39 3 1 -24 -24 -27 -42 20 -36 45 -27 39 27 19 14 44 22 23 47 -27 -45 25 21 45 48 -10 -38 29 36 -14 -29 -50 -13 31 -34 36 25 10 16 -44 -12 32 -36 -44 9 18 -30 -23 46 22 38 13 -45 -1 39 2 -14 -46 13 15 -46 -38 31 -27 -12 21 39 -16 6 36 1 33 -4 23 11 49 42 -13 -20 43 36 23 -19 -3 -6 49 1 31 43 -41 29 -11 11 4 -38 -11 -4 27 -42 -20 7 -17 -20 -13 26 30 -4 45 50 -37 43 -42 48 20 3 3 -2 -9 8 -49 -26 -10 21 -11 2 46 9 -44 13 -44 21 -17 -26 47 -5 42 33 7 10 18 -11 20 38 38 -12 -20 7 6 -45 -6 20 28 38 50 -43 31 48 -35 25 10 -27 -46 -43 8 -49 -35 14 -27 23 -48 36 42 -5 -17 20 47 12 28 -35 44 -17 -12 -50 -8 4 4 11 -18 31 -2 -8 11 -49 14 10 27 -48 11 16 24 -47 -18 -46 -48 6 2 28 36 -43 17 22 -37 -49 19 -21 -18 -24 -20 8 23 -35 3 -38 -4 29 38 38 21 -11 42 27 4 39 27 -10 42 32 6 -35 4 -9 -37 30 -3 4 -47 -18 42 -17 36 37 -32 -6 -37 -20 32 -32 -23 43 26 2 -28 -41 -18 -45 38 9 13 -34 -46 24 40 -19 -49 -32 14 -26 34 2 -18 -48 -1 37 -50 -47 22 29 31 22 -22 26 -48 22 -45 42 -38 37 -36 31 -28 34 -1 -23 6 -19 -21 3 2 -27 -1 -29 -12 -33 21 36 -45 -46 -13 30 17 16 42 -14 26 -6 -18 -43 29 41 28 -6 -20 2 39 36 -18 -48 32 35 27 -23 -13 30 -33 -49 -26 -36 -34 9 4 -15 9 17 5 12 21 -50 -9 -10 -43 11 2 -43 -50 -41 45 -34 15 12 -25 -13 18 -36 13 -31 15 36 36 34 -36 29 -9 48 -28 -29 42 14 -24 -18 5 -29 -45 22 -2 -27 ; 
67 10 62 17 33 93 69 13 96 77 83 14 56 31 48 86 93 11 64 83 66 41 5 47 62 18 97 61 1 87 80 62 17 81 4 95 46 82 30 61 35 19 55 68 59 92 42 14 33 54 72 33 30 76 53 3 77 49 10 69 30 54 35 99 60 9 81 48 27 27 4 37 43 15 40 24 58 9 90 38 73 90 29 53 76 100 59 60 48 11 50 78 57 100 68 68 12 100 32 47 7 82 40 25 63 18 32 71 90 64 83 20 92 39 100 18 76 33 8 75 92 53 68 35 24 98 7 89 100 55 32 58 65 32 38 1 26 35 9 25 93 70 6 31 89 77 83 48 91 79 7 71 67 56 60 12 89 74 57 38 3 14 94 17 54 48 63 6 12 9 33 100 34 50 57 97 12 82 14 39 71 59 9 40 39 24 58 65 43 68 38 13 82 26 56 9 48 49 54 74 40 31 22 71 61 69 46 87 77 46 13 85 45 93 31 77 9 32 99 74 96 3 46 60 14 47 76 12 96 82 68 18 75 53 22 22 67 91 25 67 44 70 1 54 40 70 30 48 39 34 71 81 61 10 17 16 22 31 74 92 52 49 47 47 84 12 33 60 36 66 1 41 5 40 12 4 31 48 96 15 11 61 10 40 69 18 61 22 69 30 18 44 84 13 65 5 32 33 100 35 5 80 67 43 31 31 23 28 88 44 30 47 16 45 31 100 100 69 69 70 86 86 19 25 52 14 73 42 88 99 71 9 2 26 74 83 76 90 44 27 99 52 4 76 10 30 15 53 61 37 67 98 26 94 7 55 83 69 65 94 86 44 64 57 34 38 81 91 69 77 13 24 4 73 45 29 12 50 11 20 92 30 84 45 86 7 76 98 92 14 6 21 82 78 43 52 90 34 56 90 73 84 11 78 50 42 43 24 85 37 17 62 95 86 61 60 46 34 25 46 98 8 78 2 18 8 38 40 99 8 34 46 12 33 17 44 55 30 100 59 25 73 67 87 29 16 79 99 69 65 11 21 67 84 30 62 50 48 35 37 65 13 35 55 51 86 62 97 73 21 76 46 82 59 80 39 5 93 9 73 98 75 49 54 20 5 52 40 19 63 52 55 70 97 47 52 99 12 65 67 49 ; 
L 53 9 -24 30 22 27 47 45 39 43 -5 11 -9 -44 -27 49 -21 7 38 22 -3 16 11 33 -49 -7 -1 29 -24 32 43 6 -26 14 -42 -16 -17 -30 13 46 14 -24 -18 5 -29 -42 1 -45 39 2 -14 -46 13 15 23 11 49 -17 -26 -9 -10 -43 11 2 -43 -50 -41 45 15 12 -25 -13 72 18 -36 13 -31 34 2 -18 -78 -23 -36 11 41 -43 -46 21 -56 -42 29 28 8 -49 -35 14 -27 -18 19 -13 -29 -2 -68 48 15 42 17 5 -42 -36 22 49 -45 21 -11 75 2 -30 -26 20 17 -7 20 42 -27 4 11 38 -4 -43 20 13 -42 -39 35 -45 -35 5 34 -18 26 27 34 -31 -40 27 12 -54 47 -8 38 38 21 -11 42 27 4 39 -62 13 50 29 -83 14 -36 -29 38 10 -48 6 6 -38 12 35 63 -47 -18 -45 -49 44 6 40 -32 48 18 -36 -21 44 -13 5 18 6 -22 47 42 33 7 10 18 -11 20 38 38 -48 42 -43 -41 -21 45 -48 6 2 74 28 -43 17 20 -36 45 -48 -1 37 -50 22 29 31 -22 26 -48 22 -45 42 30 -18 -9 44 36 -32 -4 3 -30 37 9 -4 35 -6 -32 32 -32 -23 43 26 2 -41 76 -18 -45 38 61 -39 12 -18 -43 30 8 -34 43 49 33 -30 13 -85 23 -57 -27 -35 26 -14 32 49 19 -24 46 34 -44 -12 15 4 -10 -70 46 36 36 34 59 -36 29 -9 48 -48 -31 43 -58 -77 9 13 -16 -10 -25 -10 42 20 37 18 21 -19 3 2 -27 -1 -29 -12 -33 21 36 11 -49 69 14 10 27 -48 39 27 19 44 22 23 47 79 -13 -73 -38 -22 -46 23 12 21 -50 38 -17 47 30 -27 -48 6 -45 65 -6 82 20 60 -11 -2 20 6 -28 -41 -29 37 -50 -45 -27 -12 -20 7 -35 25 10 -38 18 47 -24 -16 -11 34 36 26 -19 9 -44 52 -3 -1 42 27 24 24 -1 -3 39 10 26 49 -8 9 2 -3 -20 9 -15 9 17 5 -38 37 -36 31 -28 34 -1 -23 64 6 -19 49 37 -22 -49 6 31 25 27 36 -16 -4 46 27 -50 -29 4 -80 38 35 -23 -8 20 24 6 -37 -36 17 -42 8 -81 -84 2 -67 -31 18 -11 -4 4 -33 -1 -36 -6 16 -39 -21 12 27 4 -46 -38 -71 8 50 12 17 -44 -28 -12 -47 32 -66 27 -26 -6 23 41 37 -39 -31 -51 -41 22 -2 55 -27 ; 
32:126 38:152 4:16 25:99 7:27 14:52 38:148 28:110 6:20 39:153 31:123 34:132 6:22 23:89 13:49 20:76 35:137 38:148 5:17 26:102 34:132 27:105 17:65 2:8 19:75 25:99 8:28 39:155 25:97 1:1 35:139 6:20 4:12 40:158 16:64 16:60 4:12 8:28 1:3 32:124 18:68 28:112 39:155 19:75 21:83 11:41 28:108 16:64 16:60 2:4 6:22 38:150 7:27 22:86 10:36 16:62 29:113 12:44 37:145 13:51 22:88 21:81 35:137 25:99 39:155 30:116 9:33 31:121 38:152 24:94 32:128 16:62 18:68 35:139 38:148 4:14 30:116 18:68 18:72 35:137 16:60 2:8 24:92 17:65 8:32 23:89 16:62 31:123 40:160 9:35 21:83 26:100 4:16 27:105 1:1 17:65 2:8 10:40 17:67 37:147 46:180 22:88 18:68 36:144 14:56 25:97 7:25 39:153 20:76 13:49 28:108 10:36 9:33 5:19 39:153 12:48 33:129 21:81 6:20 38:150 35:139 19:73 28:110 25:97 29:113 9:35 13:49 16:64 30:118 6:20 16:62 16:64 4:14 21:81 29:115 19:73 2:6 11:43 11:43 20:76 33:129 12:46 10:36 10:40 11:43 6:24 14:56 40:158 16:62 12:48 44:174 4:14 1:3 11:41 30:118 34:132 31:121 36:144 34:136 8:28 14:56 11:41 2:4 4:12 16:60 13:51 26:104 24:92 13:51 22:88 20:76 24:96 24:94 40:160 58:228 42:166 40:156 12:44 16:60 36:144 12:46 22:84 14:52 27:107 30:116 10:40 43:169 9:35 9:35 26:104 22:84 20:78 14:52 13:51 44:176 28:112 1:1 22:86 16:64 28:112 12:48 20:76 16:62 22:84 13:51 4:14 43:169 37:147 30:116 46:182 28:110 12:48 30:116 34:136 17:65 13:49 36:144 16:62 40:160 11:41 31:121 40:156 37:147 1:3 9:33 33:131 47:185 21:83 36:144 14:54 23:89 36:144 14:56 29:113 3:11 32:126 37:145 20:76 24:96 15:59 25:97 22:84 6:24 12:48 4:16 31:121 2:6 20:80 18:70 26:102 23:91 14:54 16:60 36:140 22:84 7:25 31:123 6:20 28:110 9:35 25:99 41:161 19:73 5:17 51:203 40:160 29:113 24:94 26:104 28:110 40:158 34:136 13:51 4:14 30:118 12:46 52:204 12:48 37:147 8:32 5:17 24:96 12:46 18:72 38:152 31:123 33:129 17:65 36:144 24:96 48:192 30:116 20:78 22:86 21:81 6:22 2:8 21:83 6:24 19:73 20:78 21:83 29:113 38:152 23:89 2:6 27:107 13:49 3:9 12:46 40:158 36:140 38:150 48:188 35:137 40:156 17:65 38:152 35:137 25:97 24:96 19:73 14:54 10:40 19:73 50:200 14:52 40:158 12:44 14:56 2:8 32:128 40:160 14:52 4:12 38:148 22:84 28:108 14:56 23:91 5:17 31:121 34:132 5:19 24:96 23:89 24:96 26:104 6:20 14:56 15:59 22:86 22:86 14:52 5:19 6:20 4:16 39:155 25:99 4:16 24:94 1:3 15:59 24:96 12:48 22:88 18:70 7:27 14:52 9:35 13:49 38:148 18:72 12:44 29:113 33:129 32:124 19:75 34:134 6:22 41:163 10:36 13:49 13:49 18:68 26:104 27:107 9:33 14:56 8:30 30:120 10:40 36:144 19:73 24:96 8:32 34:132 26:102 36:144 29:113 13:51 8:28 31:121 19:75 6:22 24:96 19:73 13:49 30:118 46:182 29:115 20:80 20:76 14:56 33:131 34:134 5:17 32:124 20:80 17:67 18:68 10:38 11:41 30:118 4:14 28:110 28:110 40:160 22:88 16:60 42:166 8:30 16:64 10:38 24:92 23:91 16:60 14:52 14:54 28:108 40:158 38:152 25:99 45:177 6:22 21:83 10:40 8:30 14:52 40:158 22:88 3:11 38:150 2:4 13:49 8:28 10:38 31:121 6:20 6:20 34:134 18:70 8:28 33:131 5:19 39:155 23:91 20:80 14:54 40:160 14:52 4:14 8:28 16:62 26:100 5:17 36:142 28:110 9:35 25:97 8:28 12:48 4:16 25:97 11:41 30:116 4:14 36:140 10:40 16:64 25:97 19:75 13:51 40:160 24:96 25:99 13:51 26:104 31:123 29:115 20:78 ; 
