L 10 21 29 -50 39 -21 -24 19 43 32 -35 -9 -23 29 38 -38 -38 -26 -13 39 -34 -23 -22 20 -16 -47 -35 -44 -45 38 15 32 33 -40 -6 21 10 -3 49 -15 32 -35 4 43 8 36 -47 20 6 -5 28 26 2 10 -6 -42 29 -39 39 41 -23 -6 -31 -19 -1 -47 19 -3 -11 -41 -24 -25 -42 -42 50 -3 28 -23 -25 -33 -43 5 -20 -3 -28 15 43 30 -37 13 -8 5 44 -24 -43 -29 -9 45 35 -21 23 -14 -38 -17 -25 20 32 37 -44 42 -43 5 -50 -42 35 -8 -46 3 37 5 31 26 -17 28 42 14 42 44 36 -31 26 34 -19 -40 -38 -50 -30 -30 -21 -36 26 -3 -29 -1 22 40 25 -45 24 25 2 -15 27 -21 49 -28 -3 -28 -17 -31 -30 -7 50 -50 37 -8 20 17 22 29 -22 12 -21 40 -9 21 24 -2 47 -39 -38 -20 16 15 36 -23 -10 35 49 -31 29 9 14 -5 21 -47 -12 -10 19 32 ; 
29 66 23 90 87 14 54 39 89 44 54 68 99 58 36 37 13 85 57 98 29 31 49 14 66 80 54 52 88 13 86 27 52 1 18 75 55 73 95 9 17 58 39 16 35 60 54 83 57 51 57 96 7 6 42 23 66 27 65 38 20 39 18 40 56 95 91 98 71 11 18 96 76 78 5 31 57 67 53 17 77 83 30 10 62 37 28 84 23 93 81 15 41 45 76 26 18 26 86 18 84 12 74 98 16 41 31 43 55 29 40 93 18 72 97 62 74 54 6 31 62 23 33 7 61 93 3 66 85 56 26 14 63 82 57 98 41 85 21 65 9 95 7 29 73 10 66 70 62 33 37 73 89 31 98 7 61 71 86 94 39 42 48 53 74 99 79 23 41 49 24 5 46 53 45 57 5 76 55 100 9 75 19 71 74 67 52 64 26 51 63 90 77 78 15 65 63 58 99 14 95 ; 
L 52 10 21 40 -21 49 -28 4 17 -32 10 -22 -5 -37 28 42 -23 -13 -47 -19 29 38 39 -47 11 24 29 3 14 -16 6 -6 33 21 10 23 -23 -19 47 37 -38 32 21 -30 -35 -3 -45 35 -40 -17 -20 -31 19 43 32 3 -50 -17 -31 -8 -46 -36 -44 9 -42 42 -55 -20 7 30 41 44 28 -23 -42 51 35 50 -5 -43 30 -45 16 -20 -42 38 -24 37 31 -47 36 8 -15 -38 -50 47 -49 27 26 38 -39 28 3 -6 -50 39 -21 14 -23 -43 -26 -38 5 40 25 26 -42 -42 -25 -38 -20 26 -2 -26 -9 -23 -1 50 -43 -36 5 -30 -21 14 37 -15 41 2 21 24 -10 20 -3 -3 21 -12 -35 54 -22 53 -12 -3 -28 15 -10 -29 43 29 50 -25 -9 -29 31 -49 35 -5 -5 39 13 28 -45 -25 36 32 39 -34 15 -2 33 -25 -24 29 8 -20 -17 19 -34 6 22 -29 -22 1 -9 -44 15 8 -24 -43 19 32 ; 
0:164 0:176 0:132 0:138 0:70 0:196 0:14 0:80 0:66 0:102 0:60 0:8 0:80 0:62 0:48 0:122 0:56 0:196 0:106 0:72 0:154 0:72 0:194 0:322 0:100 0:76 0:16 0:14 0:248 0:60 0:128 0:34 0:86 0:186 0:110 0:132 0:98 0:160 0:182 0:272 0:52 0:74 0:96 0:24 0:80 0:12 0:34 0:104 0:76 0:70 0:46 0:168 0:44 0:178 0:88 0:138 0:62 0:90 0:188 0:48 0:148 0:372 0:170 0:178 0:36 0:98 0:122 0:52 0:184 0:84 0:182 0:12 0:220 0:134 0:38 0:36 0:182 0:118 0:36 0:316 0:62 0:82 0:6 0:132 0:74 0:50 0:190 0:116 0:46 0:46 0:212 0:80 0:84 0:172 0:134 0:78 0:66 0:166 0:164 0:170 0:20 0:100 0:146 0:92 0:58 0:174 0:28 0:66 0:24 0:58 0:86 0:60 0:38 0:206 0:132 0:74 0:74 0:156 0:36 0:256 0:150 0:148 0:52 0:14 0:220 0:198 0:74 0:66 0:196 0:72 0:64 0:210 0:42 0:142 0:100 0:46 0:30 0:32 0:224 0:10 0:116 0:38 0:98 0:160 0:250 0:92 0:10 0:106 0:98 0:32 0:76 0:94 0:124 0:74 0:68 0:68 0:48 0:118 0:142 0:162 0:174 0:180 0:126 0:102 0:68 0:140 0:68 0:144 0:28 0:110 0:80 0:124 0:74 0:126 0:192 0:58 0:80 0:146 0:102 0:126 0:66 0:32 0:52 0:18 0:84 0:84 0:126 0:82 0:62 0:48 0:98 0:160 0:78 0:52 0:202 0:116 0:202 0:166 0:8 0:28 0:190 ; 
L -43 24 10 35 -2 -42 -19 49 17 -43 -22 -9 -2 24 -28 -45 -16 -4 1 -12 -49 49 20 46 -35 44 -8 -40 -22 8 -9 -31 15 -28 -34 4 -8 49 -26 -14 -1 45 14 -24 20 43 14 18 10 -21 -43 41 26 19 -29 32 27 23 23 -12 35 19 -36 -27 41 -9 40 50 41 16 -7 30 -32 -37 35 -3 -10 -37 -46 33 -45 45 16 -15 -46 -9 -18 23 -18 -17 -17 -31 40 -9 -30 -20 28 -16 45 -5 -40 -11 -7 -42 31 -14 -36 -25 -26 22 -24 -11 12 -34 43 -25 -18 -36 -50 29 -34 -21 33 -46 -23 -12 27 -18 -41 -30 -14 -45 36 20 49 -3 33 -5 3 -39 29 -4 -21 -32 50 -8 21 48 32 -28 50 -31 31 29 -27 -22 44 11 34 42 10 -30 49 22 7 -19 36 -23 30 22 -8 17 -29 -6 37 45 -50 -3 24 -9 26 -11 19 -29 -39 10 35 -13 -36 -29 -48 33 -21 -39 -36 -44 21 21 -19 8 ; 
33 100 48 2 18 12 49 73 28 92 39 26 41 79 24 27 17 11 11 39 14 36 4 8 54 71 5 46 65 73 89 74 87 23 38 40 14 31 59 84 28 66 37 30 39 8 34 66 7 33 58 11 40 40 52 44 96 13 56 89 85 57 96 39 7 84 100 8 78 58 68 8 56 90 10 20 37 9 43 54 62 29 70 72 24 81 77 48 73 54 42 52 92 68 96 44 48 22 35 31 97 21 29 37 46 92 15 88 74 14 100 83 73 38 26 28 38 95 73 53 59 1 39 74 32 6 47 55 59 24 97 12 66 80 7 4 36 54 48 83 73 39 56 54 71 56 9 42 85 5 1 93 42 42 16 64 61 96 45 56 38 59 70 38 39 14 16 30 39 68 67 35 4 8 82 23 28 33 78 63 43 8 65 64 95 86 7 38 46 83 71 3 13 96 30 43 80 99 49 31 3 ; 
L -43 24 -33 37 -33 23 -24 2 26 -11 45 -5 -40 9 -32 -49 44 22 -46 33 29 -19 -37 6 33 42 10 9 -12 -30 35 -3 -3 35 9 -9 -21 -23 -37 42 34 22 20 20 -34 4 -8 -3 1 10 23 -35 -50 -40 3 50 30 18 23 -54 45 -15 53 22 -24 49 22 14 -31 -46 -42 -18 35 -16 46 -36 45 49 43 52 -44 45 14 -29 28 -40 9 -17 -24 7 -19 36 -40 31 17 28 4 -36 49 7 -16 -41 20 43 -12 10 -17 -22 29 32 -50 28 21 19 -29 32 27 12 -39 -27 8 27 -29 -25 -45 45 -5 -41 27 -32 50 -14 16 21 34 -30 51 29 -49 14 26 -49 7 11 -36 -31 -8 21 48 43 -25 -36 -50 29 -13 -17 2 45 11 30 21 4 -24 43 -21 -39 -20 -10 39 18 9 1 -26 16 35 19 21 -10 -18 34 -12 11 46 -15 -22 36 31 14 30 -31 -55 36 8 26 48 -41 -44 -41 -19 8 ; 
0:66 0:200 0:108 0:164 0:18 0:58 0:68 0:158 0:16 0:16 0:80 0:170 0:18 0:200 0:116 0:176 0:34 0:100 0:26 0:108 0:94 0:128 0:96 0:164 0:36 0:152 0:76 0:30 0:28 0:122 0:28 0:40 0:8 0:108 0:202 0:116 0:138 0:84 0:42 0:34 0:52 0:18 0:50 0:90 0:124 0:80 0:28 0:238 0:120 0:74 0:100 0:86 0:88 0:192 0:50 0:66 0:4 0:122 0:180 0:160 0:34 0:38 0:82 0:170 0:200 0:144 0:76 0:122 0:184 0:84 0:34 0:32 0:96 0:122 0:72 0:128 0:132 0:94 0:66 0:172 0:110 0:222 0:74 0:42 0:58 0:66 0:78 0:158 0:152 0:50 0:28 0:32 0:94 0:184 0:104 0:104 0:66 0:108 0:146 0:26 0:136 0:116 0:90 0:16 0:34 0:24 0:72 0:166 0:168 0:102 0:84 0:2 0:170 0:202 0:170 0:88 0:192 0:112 0:142 0:62 0:72 0:204 0:32 0:104 0:130 0:58 0:40 0:84 0:14 0:88 0:142 0:14 0:100 0:40 0:2 0:114 0:168 0:38 0:28 0:102 0:168 0:118 0:68 0:58 0:84 0:156 0:56 0:18 0:84 0:52 0:56 0:176 0:146 0:106 0:70 0:46 0:150 0:32 0:244 0:52 0:94 0:112 0:240 0:52 0:106 0:240 0:58 0:14 0:172 0:206 0:154 0:58 0:36 0:34 0:86 0:114 0:256 0:66 0:14 0:84 0:76 0:146 0:156 0:56 0:114 0:92 0:104 0:18 0:194 0:32 0:100 0:206 0:32 0:74 0:56 0:72 0:62 0:164 0:48 0:62 0:6 ; 
L -31 49 43 44 11 -27 30 -44 -5 7 -37 3 49 -43 -37 25 30 -10 42 32 49 -48 49 5 16 -31 -49 -47 -45 -7 -2 -19 -39 37 -34 35 -7 15 -32 11 -6 48 8 -8 18 -45 33 1 45 -38 3 -31 -13 35 31 -38 -31 -43 -37 -1 46 -48 26 33 43 -15 10 -33 -39 -40 31 -14 -26 15 -26 27 13 41 -29 50 46 6 -27 20 -35 9 7 -44 50 31 -20 23 -13 -42 5 13 37 -46 5 -22 -12 -41 -40 -43 17 5 31 -26 3 -47 39 44 -46 43 -34 -49 40 -19 -1 -32 -16 -24 -47 13 -50 6 38 31 -25 11 46 27 -46 -48 -41 40 47 -26 35 42 -40 -20 22 5 45 -22 -41 -12 -29 -17 -43 -7 11 -16 -29 28 1 -28 -4 2 -42 -18 38 -41 -39 -11 35 -31 -12 -50 2 8 -4 4 3 10 -32 -10 -12 -4 -41 -16 -19 2 -5 29 -36 -45 -20 -35 -27 -42 35 -8 33 14 -45 -8 -26 1 ; 
56 86 6 93 60 34 94 82 23 46 35 25 96 66 79 100 78 20 38 78 15 93 86 66 24 87 88 61 96 86 39 65 52 9 16 12 10 68 37 56 85 8 3 23 16 45 87 2 84 40 47 87 72 19 41 71 37 94 43 92 34 11 86 23 77 10 52 83 63 6 85 54 62 96 76 88 99 69 71 5 18 88 23 93 74 50 45 47 53 40 37 5 52 46 34 47 82 89 30 81 35 54 99 52 32 36 59 63 72 20 42 22 46 65 27 38 42 36 35 91 61 67 61 80 29 90 68 84 57 86 52 67 20 1 77 78 50 60 66 37 81 95 88 98 97 53 37 24 29 39 72 49 78 94 53 36 55 78 97 73 81 87 52 46 50 25 50 77 22 69 35 82 37 22 56 94 65 14 93 84 34 38 82 48 29 8 17 96 38 48 59 72 23 49 11 58 63 100 86 36 51 ; 
L -27 -45 -1 49 -43 -37 8 -22 13 48 8 -35 8 48 28 -42 10 44 11 47 46 29 16 -43 -33 46 -43 -37 39 -45 43 -18 -5 -8 -30 12 -13 -5 22 -5 35 -7 -40 41 48 46 -31 4 13 -50 6 55 18 -35 -47 51 6 3 -49 45 -11 -54 -45 -15 -20 10 39 33 -31 -32 -43 -27 -42 -32 12 23 -50 -31 -45 -8 15 -38 12 47 43 -34 -38 -39 -11 -26 -31 -10 -12 -35 40 -16 -31 46 -44 -22 -31 40 36 44 41 6 35 -5 -41 -29 -46 53 -52 43 2 -39 -1 -1 49 31 27 -35 17 5 -38 -31 25 -31 -49 40 -19 42 -41 -16 30 -7 -49 -26 -14 -35 20 9 -29 5 -2 19 3 -45 -5 -38 7 13 -41 -20 -33 -49 10 19 2 7 -37 11 -26 37 -46 -1 -32 -16 -13 -27 -42 11 -14 47 29 -24 -48 -26 3 27 3 25 41 -4 -40 -33 20 -4 34 7 -37 -28 -4 -50 50 44 2 31 -26 1 ; 
0:50 0:182 0:168 0:98 0:132 0:158 0:100 0:6 0:180 0:36 0:90 0:98 0:14 0:146 0:56 0:212 0:76 0:114 0:120 0:66 0:134 0:38 0:106 0:164 0:154 0:68 0:102 0:86 0:188 0:102 0:84 0:176 0:104 0:78 0:58 0:182 0:50 0:94 0:34 0:162 0:206 0:20 0:88 0:156 0:154 0:2 0:102 0:178 0:148 0:58 0:180 0:120 0:72 0:150 0:234 0:34 0:172 0:60 0:192 0:62 0:198 0:112 0:120 0:176 0:58 0:130 0:72 0:126 0:4 0:78 0:182 0:126 0:144 0:198 0:254 0:16 0:70 0:184 0:164 0:200 0:130 0:68 0:56 0:174 0:94 0:54 0:154 0:76 0:50 0:154 0:208 0:236 0:186 0:152 0:120 0:152 0:190 0:38 0:92 0:48 0:48 0:170 0:222 0:50 0:84 0:110 0:68 0:12 0:46 0:184 0:84 0:14 0:40 0:40 0:180 0:58 0:104 0:60 0:56 0:176 0:110 0:106 0:56 0:72 0:190 0:74 0:156 0:114 0:90 0:84 0:72 0:168 0:74 0:76 0:36 0:194 0:60 0:96 0:88 0:102 0:34 0:170 0:118 0:16 0:58 0:96 0:204 0:118 0:94 0:102 0:246 0:126 0:152 0:30 0:44 0:118 0:116 0:96 0:130 0:154 0:70 0:94 0:82 0:154 0:178 0:66 0:182 0:122 0:134 0:198 0:82 0:102 0:72 0:130 0:152 0:72 0:2 0:58 0:144 0:172 0:104 0:134 0:148 0:44 0:4 0:12 0:186 0:164 0:68 0:134 0:42 0:70 0:194 0:30 0:38 0:32 0:194 0:222 0:26 0:72 0:102 ; 
L -42 37 15 -12 -36 38 -27 1 27 3 -16 40 8 49 -35 45 -16 50 -42 -50 -27 16 30 -37 -39 39 35 -29 -46 -21 -7 15 -24 -12 38 30 -36 -3 -34 -39 37 -49 -12 43 39 -45 -15 26 44 -11 17 36 37 18 23 -21 -48 43 -20 33 -1 -40 23 -29 6 -17 -48 -26 42 38 -38 -39 47 -15 -25 1 44 17 -8 -44 -5 34 3 -15 36 -25 -47 9 -12 34 -15 -24 -44 -13 -36 -19 -24 48 50 32 47 48 40 10 -30 37 -36 -18 25 27 -5 39 14 35 39 -4 37 44 -41 -27 -47 -30 3 38 46 -46 23 48 42 38 -14 40 13 37 3 38 6 44 -17 -11 25 12 43 33 45 46 34 35 -28 -4 7 -47 -24 15 -39 -50 33 13 29 -11 -4 26 -50 31 -8 47 -26 44 12 -39 15 43 14 21 4 31 -36 1 -12 28 12 -42 -46 -40 -44 -7 -37 -30 40 2 -46 -39 -30 -42 33 -48 7 -26 -16 -4 ; 
85 75 26 2 6 7 68 41 38 2 77 17 26 18 51 43 21 68 19 78 64 75 100 22 40 6 97 97 83 10 58 45 74 63 28 45 77 10 93 64 76 52 4 54 10 66 76 20 58 60 18 74 48 22 14 71 19 49 88 53 97 29 76 80 100 67 94 22 47 95 36 75 92 32 10 40 38 67 98 22 35 6 78 54 66 43 78 47 61 37 76 68 100 3 77 37 33 54 29 6 72 72 40 97 87 47 91 74 35 82 35 71 61 42 62 17 100 95 20 5 12 79 42 92 86 24 32 1 38 44 69 2 5 85 16 3 62 23 45 12 81 86 1 93 75 15 26 81 24 81 72 4 97 45 90 75 72 23 95 23 91 30 6 34 2 19 37 20 24 10 80 84 21 69 100 70 24 33 99 9 98 53 9 27 25 88 15 66 5 54 78 92 9 2 95 53 2 80 29 61 61 ; 
L -42 37 15 -44 -7 -55 13 39 -4 26 -29 53 39 36 -37 40 48 17 -6 30 -50 -18 24 11 15 47 15 40 13 51 -43 -47 -24 -35 -43 -37 -36 -44 -35 -14 44 54 33 45 46 34 7 4 -1 37 -30 3 44 16 -8 37 -46 -12 -49 -8 -43 12 49 -41 -27 48 -9 44 27 3 -7 -34 -4 7 -25 -31 -15 -24 -33 -4 -36 -25 -40 50 32 47 47 -36 15 -37 39 -16 37 21 38 -34 27 50 42 39 33 -15 -16 40 12 46 44 12 38 46 -48 5 -24 -30 29 -23 47 46 23 48 -26 20 52 27 1 3 38 -45 -35 -3 12 -44 -6 39 -45 -44 -36 -3 13 29 -11 39 14 -38 39 -17 -43 -26 42 15 -38 -50 14 21 -50 40 10 -30 39 -36 40 12 -42 -46 -28 31 30 2 30 -36 -19 -27 1 -26 38 -42 -17 48 -38 12 5 25 47 8 -42 -34 -18 1 -33 21 -23 -37 11 -12 26 -17 28 -35 -16 -4 ; 
0:170 0:150 0:52 0:6 0:176 0:70 0:118 0:98 0:34 0:258 0:218 0:152 0:134 0:68 0:44 0:64 0:8 0:188 0:134 0:14 0:42 0:36 0:164 0:152 0:92 0:118 0:96 0:40 0:10 0:82 0:82 0:10 0:194 0:124 0:332 0:78 0:96 0:134 0:32 0:84 0:58 0:44 0:86 0:150 0:30 0:52 0:278 0:42 0:188 0:136 0:18 0:84 0:314 0:166 0:138 0:84 0:126 0:18 0:8 0:36 0:188 0:108 0:8 0:140 0:10 0:22 0:32 0:82 0:60 0:4 0:122 0:40 0:30 0:144 0:150 0:190 0:134 0:136 0:156 0:74 0:14 0:138 0:100 0:30 0:12 0:144 0:36 0:118 0:132 0:168 0:152 0:148 0:80 0:22 0:80 0:158 0:16 0:128 0:156 0:14 0:174 0:136 0:18 0:34 0:160 0:8 0:72 0:48 0:210 0:172 0:14 0:76 0:174 0:80 0:234 0:160 0:238 0:164 0:36 0:2 0:90 0:38 0:106 0:88 0:38 0:170 0:124 0:112 0:102 0:246 0:122 0:182 0:46 0:10 0:132 0:154 0:92 0:20 0:134 0:190 0:46 0:262 0:72 0:138 0:24 0:250 0:76 0:58 0:94 0:84 0:54 0:104 0:44 0:138 0:180 0:84 0:194 0:174 0:128 0:62 0:58 0:100 0:106 0:18 0:150 0:22 0:14 0:68 0:152 0:224 0:74 0:10 0:82 0:112 0:230 0:222 0:38 0:46 0:48 0:56 0:200 0:112 0:108 0:10 0:2 0:78 0:114 0:70 0:194 0:108 0:142 0:26 0:156 0:124 0:200 0:54 0:62 0:48 0:42 0:122 0:122 ; 
L 10 29 5 -14 -21 -29 30 47 -29 15 32 3 -7 -47 9 -23 38 43 42 49 50 14 -14 -2 34 1 44 -20 -19 11 -29 28 -4 38 -47 -34 -13 24 -29 -22 35 25 -37 7 -30 2 1 33 -43 47 19 -29 -10 -49 30 -25 -4 -37 -11 5 1 -6 -11 11 13 30 18 -46 40 -18 -26 17 6 44 3 -21 -4 -31 3 -30 29 11 25 10 12 12 -17 47 4 25 12 -3 11 -44 -48 48 43 20 -33 27 -27 30 -5 25 -18 4 11 12 -40 6 -22 -15 -30 -5 16 18 17 -49 39 3 -34 -7 -45 38 -23 45 -18 15 -40 8 -4 23 21 19 -28 9 40 -27 16 37 -39 -28 27 -15 33 -45 -18 26 -23 11 -10 14 39 37 38 -12 44 40 31 39 25 -27 -32 -22 3 -50 41 -8 30 45 24 -1 29 -49 16 -27 41 25 -31 -49 -38 -6 32 8 -11 41 38 30 40 -32 27 -18 -7 34 36 -30 12 -29 10 21 ; 
64 64 46 85 13 60 53 84 63 88 63 63 82 52 76 64 53 29 81 15 1 43 30 56 1 3 93 84 22 17 39 21 38 10 88 20 95 70 77 47 60 60 96 17 29 43 52 98 78 99 25 43 98 17 38 63 46 38 5 81 5 28 78 15 67 84 82 35 81 8 57 44 78 42 22 13 86 14 3 40 72 2 30 92 24 43 85 97 18 65 75 35 28 46 23 61 28 81 8 45 93 24 31 75 91 98 53 95 59 97 64 33 96 72 57 28 79 68 48 20 23 19 90 88 61 87 64 78 47 5 49 27 41 38 92 11 4 2 61 26 84 16 28 94 32 53 79 29 97 62 76 17 61 53 9 98 29 95 54 28 96 92 50 36 60 12 72 58 51 26 54 94 15 20 35 4 36 54 39 23 3 53 41 99 41 54 100 35 21 2 31 32 87 9 12 43 8 5 51 89 90 ; 
L -49 30 -25 -44 12 -27 -18 12 12 -51 -23 -19 27 45 7 34 -6 40 -22 -17 -25 12 -40 -40 47 29 27 19 -29 -52 23 -55 -9 47 -34 48 13 30 18 26 -54 -10 -25 -11 -15 7 -6 8 40 -8 40 11 15 22 -20 -43 23 4 -5 -29 3 25 -4 38 -15 -21 -32 -3 33 -45 -18 -29 18 49 -29 2 -24 -45 44 3 -14 10 -11 23 18 -45 -33 38 -3 22 32 -7 -28 -9 28 -11 -53 21 15 -4 -27 10 29 -4 39 -25 -14 -1 -11 -42 -26 -47 30 46 -43 -17 34 -38 -41 -16 -24 13 33 31 -16 1 44 19 38 -36 40 30 -30 -50 41 27 -18 30 37 4 -30 49 31 -25 -41 30 6 27 37 -5 -37 39 -43 -38 -16 11 48 5 -20 30 14 -14 -50 -49 -39 49 7 -21 -6 18 -27 1 -47 4 -32 31 -12 11 37 -32 12 -17 -30 29 38 11 -1 28 39 -34 2 -8 25 -44 -35 -10 -29 29 10 21 ; 
0:128 0:76 0:126 0:54 0:58 0:108 0:32 0:142 0:86 0:102 0:128 0:50 0:54 0:202 0:180 0:38 0:34 0:194 0:166 0:100 0:142 0:188 0:96 0:48 0:148 0:76 0:54 0:2 0:152 0:16 0:130 0:156 0:184 0:152 0:44 0:38 0:180 0:168 0:164 0:74 0:126 0:46 0:184 0:60 0:190 0:222 0:126 0:302 0:28 0:66 0:10 0:58 0:172 0:166 0:94 0:16 0:180 0:32 0:188 0:92 0:142 0:228 0:102 0:20 0:122 0:40 0:106 0:30 0:126 0:106 0:158 0:66 0:112 0:108 0:40 0:78 0:130 0:108 0:160 0:44 0:8 0:34 0:152 0:124 0:246 0:128 0:174 0:112 0:26 0:56 0:72 0:120 0:50 0:62 0:22 0:110 0:20 0:46 0:112 0:142 0:156 0:66 0:196 0:126 0:30 0:70 0:112 0:190 0:136 0:34 0:136 0:2 0:40 0:176 0:130 0:104 0:18 0:44 0:200 0:106 0:246 0:140 0:60 0:84 0:52 0:130 0:186 0:122 0:34 0:32 0:208 0:68 0:140 0:22 0:144 0:80 0:64 0:136 0:24 0:76 0:94 0:44 0:46 0:78 0:108 0:72 0:40 0:108 0:142 0:188 0:72 0:56 0:160 0:58 0:130 0:60 0:120 0:128 0:122 0:78 0:106 0:60 0:86 0:2 0:40 0:96 0:136 0:84 0:12 0:74 0:88 0:76 0:188 0:72 0:36 0:44 0:126 0:46 0:200 0:92 0:56 0:124 0:158 0:144 0:122 0:74 0:36 0:196 0:32 0:66 0:20 0:74 0:42 0:64 0:106 0:128 0:86 0:214 0:132 0:178 0:180 ; 
L -42 -43 6 -13 -48 -5 1 1 6 -27 -17 -25 39 -4 27 34 44 -7 13 -25 8 5 -21 -37 40 42 31 40 -11 -22 -35 -3 -6 -38 13 43 -16 -35 -14 -40 32 -7 -48 45 50 49 -36 -26 -4 22 36 -39 -50 -23 -40 -13 -19 41 5 -30 31 -8 37 -11 28 -44 18 31 -36 17 9 42 27 23 27 -13 18 -24 40 46 7 21 31 -40 9 -41 32 6 27 -14 -29 -48 -22 -10 25 -44 24 16 -2 -2 -6 -6 44 -40 -31 20 -25 7 -39 -43 3 23 -24 11 35 -38 -6 -7 -22 24 -11 -49 -32 -18 5 -14 8 -11 -18 48 49 -36 -39 49 50 9 23 8 -49 8 46 28 -32 -38 29 6 9 -23 42 18 -44 -47 -42 -42 -48 7 -6 1 13 -25 -7 9 41 32 -48 38 -12 24 -21 -27 -25 33 -35 -30 -27 -11 48 -26 8 15 -23 17 22 -26 6 -14 12 40 -13 33 -45 -44 25 -16 -17 -7 -18 11 15 -31 ; 
23 51 79 60 79 63 29 74 34 91 8 61 38 15 86 6 95 20 47 14 24 72 10 39 52 62 69 76 57 11 85 23 17 1 87 9 74 94 57 22 61 95 98 98 94 89 21 85 83 82 83 64 1 58 60 18 81 58 41 22 27 76 34 36 73 61 79 54 19 70 7 12 7 84 76 32 86 14 15 16 42 65 10 90 1 13 43 24 75 37 90 87 88 28 22 85 44 51 74 45 54 96 67 14 44 50 14 38 11 44 27 65 73 80 4 53 12 99 25 19 26 75 17 86 44 99 73 44 61 86 66 26 56 66 7 78 74 74 73 41 10 55 91 59 11 85 15 31 3 32 88 8 13 23 31 89 45 97 95 76 92 17 84 14 60 66 24 99 48 44 77 10 99 33 5 80 49 33 74 11 58 54 18 96 77 19 4 66 76 99 13 72 99 65 53 62 75 76 54 11 72 ; 
L -31 31 -11 7 45 -42 18 31 7 40 -4 -22 -25 24 -11 -49 -48 47 23 11 -7 -40 29 -42 -44 -14 40 -18 -18 38 6 -54 -13 -44 -30 22 49 -8 -27 35 -55 -11 -8 -32 -44 38 -12 24 -21 6 -44 -32 -49 -48 -6 -29 38 13 -6 -25 -40 9 -41 -24 -44 24 16 6 -42 48 -36 17 9 -5 -11 36 -8 7 -2 38 26 7 17 -50 31 -25 -48 18 -23 43 3 -37 -35 -14 -8 -51 27 -30 -35 25 17 -25 -23 7 5 -24 40 -22 4 26 -39 32 -48 6 -13 33 1 13 27 -52 -7 -23 -22 9 -18 -42 -40 -13 -19 5 -8 -16 -1 -5 -14 -50 -42 -37 13 -27 -25 33 36 49 50 -15 48 -23 -42 -1 -2 -6 12 -48 -22 -10 -6 21 36 45 6 -41 16 49 46 28 -32 -26 6 -41 13 -14 44 -28 46 18 -21 8 9 35 17 27 -53 -43 -23 -3 -27 11 -40 -31 20 -25 43 39 -39 -39 -7 11 15 -31 ; 
0:198 0:68 0:28 0:14 0:134 0:210 0:204 0:108 0:192 0:146 0:118 0:124 0:4 0:58 0:52 0:150 0:76 0:60 0:86 0:144 0:42 0:122 0:188 0:210 0:304 0:26 0:106 0:144 0:62 0:96 0:2 0:78 0:138 0:50 0:174 0:50 0:76 0:146 0:144 0:2 0:94 0:28 0:254 0:18 0:82 0:78 0:48 0:198 0:96 0:174 0:74 0:58 0:28 0:134 0:90 0:170 0:22 0:202 0:120 0:20 0:166 0:2 0:26 0:96 0:38 0:88 0:102 0:70 0:30 0:188 0:42 0:140 0:14 0:134 0:60 0:82 0:44 0:56 0:276 0:62 0:94 0:64 0:124 0:90 0:224 0:190 0:108 0:172 0:6 0:30 0:24 0:96 0:118 0:114 0:28 0:104 0:66 0:194 0:32 0:116 0:122 0:102 0:54 0:118 0:78 0:48 0:30 0:192 0:164 0:166 0:244 0:28 0:120 0:188 0:110 0:198 0:126 0:190 0:66 0:184 0:38 0:74 0:18 0:328 0:92 0:64 0:122 0:36 0:162 0:34 0:216 0:228 0:34 0:102 0:122 0:6 0:170 0:46 0:164 0:64 0:92 0:20 0:42 0:104 0:14 0:52 0:108 0:38 0:4 0:86 0:82 0:108 0:92 0:118 0:176 0:56 0:24 0:62 0:6 0:72 0:94 0:94 0:44 0:130 0:18 0:110 0:182 0:116 0:154 0:36 0:240 0:38 0:66 0:122 0:98 0:110 0:18 0:106 0:82 0:230 0:124 0:76 0:212 0:46 0:78 0:130 0:88 0:118 0:60 0:88 0:100 0:28 0:66 0:140 0:54 0:50 0:72 0:248 0:96 0:22 0:144 ; 
L 13 -5 -27 -7 36 -33 -42 19 25 15 46 23 9 16 32 38 -45 -33 35 -23 -8 -26 -31 -21 1 -49 32 32 22 -43 5 -46 -23 -19 -26 -42 -34 23 -14 10 -11 10 -9 -26 -7 46 -44 29 -20 -44 -44 11 -32 11 -3 19 19 -49 -22 47 -30 48 -1 -3 1 -46 8 -20 -17 2 -47 -22 -14 22 -25 -43 -42 -28 -24 -24 47 -40 -21 -28 -23 -20 -18 35 13 -33 2 43 -14 14 -37 31 31 -21 5 31 -8 38 -12 -29 -16 44 5 -31 -50 13 49 -10 42 -21 -42 31 34 7 32 38 -11 19 -27 -23 -15 -49 27 14 42 -27 -8 -16 31 -40 -4 -3 -8 39 -9 10 -14 4 41 -24 35 -34 42 6 9 46 7 12 15 44 37 -21 31 -8 -40 31 -32 -24 -12 -49 34 43 -29 1 49 45 -32 27 -25 28 11 33 43 15 -33 16 -33 -44 -25 -45 22 -46 17 28 -23 48 -39 -3 38 9 -27 -2 34 -35 -12 33 ; 
94 4 51 98 7 12 89 35 54 94 44 87 19 58 79 13 55 88 66 74 50 88 92 77 97 88 33 92 91 76 53 46 32 71 81 67 58 91 72 83 38 29 89 26 85 23 52 12 37 81 71 12 57 69 66 6 29 51 56 99 38 2 2 31 86 57 32 33 15 21 43 49 51 45 30 5 65 75 32 8 48 66 58 32 70 95 10 22 32 72 6 48 13 91 24 51 1 21 28 68 36 49 81 12 16 44 23 41 43 20 7 60 77 16 67 92 7 43 89 92 9 58 14 98 62 37 23 2 80 92 65 32 81 36 73 43 38 12 91 63 28 12 55 29 16 82 47 83 4 35 25 47 89 87 22 43 48 44 70 74 55 24 30 49 91 22 68 18 93 96 39 18 97 81 96 54 79 16 38 97 59 56 61 21 53 24 70 4 96 9 12 20 90 20 75 83 34 71 17 36 94 ; 
L -44 5 29 -20 -45 -11 31 -9 49 15 -19 -47 22 -27 -23 3 1 30 17 20 -8 -2 -46 43 -54 -33 -23 -4 21 -42 -49 32 -35 -22 -23 -34 -10 34 7 31 -7 -40 43 -39 -23 33 -36 -42 -21 -8 16 32 18 20 23 -15 28 -32 24 -13 -41 -7 -51 5 -46 -23 -19 15 -24 49 -11 -43 12 1 49 -1 25 37 14 -45 52 -11 3 10 24 1 -2 29 -47 -22 10 27 -25 -43 -40 11 11 -38 16 3 12 26 27 42 -8 -44 23 9 -44 31 17 22 -37 -31 21 -53 4 -9 -38 33 -9 10 -32 -19 3 31 7 27 -16 55 35 -34 2 50 -31 21 -14 -42 34 32 -8 -8 -29 8 46 34 42 21 -31 35 13 16 -26 -46 38 25 44 33 28 -33 -49 -12 -49 28 42 27 -32 -48 -19 -5 -44 -14 6 -46 -9 -43 -39 40 27 -25 -26 5 24 47 15 19 -42 -22 14 28 -32 -45 31 -38 -33 -13 44 -46 -12 33 ; 
0:92 0:142 0:74 0:74 0:150 0:38 0:268 0:78 0:58 0:74 0:122 0:70 0:24 0:132 0:196 0:228 0:62 0:6 0:124 0:30 0:66 0:44 0:14 0:116 0:42 0:34 0:26 0:108 0:184 0:32 0:64 0:66 0:190 0:44 0:226 0:22 0:120 0:106 0:86 0:274 0:90 0:134 0:160 0:98 0:156 0:126 0:24 0:76 0:164 0:140 0:52 0:158 0:142 0:20 0:190 0:14 0:60 0:288 0:72 0:14 0:106 0:48 0:14 0:76 0:92 0:64 0:142 0:60 0:32 0:16 0:46 0:112 0:54 0:50 0:186 0:260 0:54 0:164 0:24 0:14 0:180 0:196 0:146 0:98 0:94 0:126 0:104 0:58 0:120 0:166 0:86 0:116 0:82 0:10 0:148 0:180 0:24 0:18 0:68 0:50 0:52 0:214 0:40 0:6 0:58 0:92 0:74 0:38 0:24 0:86 0:152 0:40 0:142 0:140 0:38 0:178 0:14 0:236 0:40 0:70 0:34 0:126 0:84 0:124 0:12 0:256 0:90 0:196 0:100 0:78 0:176 0:142 0:68 0:26 0:56 0:96 0:56 0:78 0:94 0:158 0:254 0:140 0:56 0:96 0:124 0:158 0:116 0:152 0:42 0:86 0:64 0:74 0:112 0:184 0:58 0:26 0:122 0:112 0:386 0:282 0:34 0:44 0:98 0:34 0:150 0:172 0:138 0:48 0:108 0:170 0:46 0:112 0:168 0:32 0:70 0:40 0:68 0:24 0:16 0:194 0:106 0:38 0:160 0:44 0:152 0:58 0:74 0:78 0:90 0:244 0:146 0:98 0:100 0:76 0:160 0:56 0:32 0:242 0:68 0:72 0:188 ; 
L 10 35 41 14 48 -24 -1 2 39 9 49 -24 -15 33 2 5 4 39 -49 4 -4 -13 25 9 23 -39 -42 -22 27 -43 -15 22 -18 18 43 10 -23 7 -45 -32 -7 11 -25 46 43 36 13 2 -26 -7 -5 3 -24 37 -39 18 -46 50 -38 -7 -8 -35 50 -49 27 33 -23 38 -13 -49 -36 -39 38 48 -11 -9 5 1 28 7 15 45 2 18 49 48 -18 49 -46 -24 12 36 -30 -23 -19 26 -27 35 -5 -2 41 -29 -44 40 -8 5 -44 -15 -19 -36 -24 18 44 -18 -28 -30 -41 -3 18 -22 23 12 48 50 -47 48 -10 -50 27 17 27 -37 -10 -30 -42 -6 -15 5 -19 -39 -30 44 -2 33 49 -43 -14 -10 6 -50 3 5 -10 19 -15 -13 -29 -36 -32 27 -40 -4 -4 21 26 -36 40 30 3 49 -8 5 36 -25 6 -37 -41 46 37 5 40 3 21 9 -31 8 20 -16 -46 35 50 -35 44 50 -46 2 -24 22 22 -23 ; 
82 94 3 37 8 99 26 78 63 59 46 40 6 59 69 34 39 100 82 37 83 90 14 19 58 33 48 32 83 31 60 75 51 9 71 37 25 92 66 78 15 87 10 92 56 15 63 1 15 65 63 32 80 14 41 78 64 64 81 92 78 71 88 26 69 21 83 32 25 32 64 1 30 44 25 18 4 73 6 75 69 5 86 76 99 80 38 86 78 40 44 54 72 18 16 30 92 94 59 16 73 12 27 71 84 26 54 89 80 1 50 72 85 52 100 23 96 10 72 59 99 44 89 17 61 73 51 100 40 77 7 61 88 82 90 47 64 22 42 67 59 40 34 32 35 68 37 7 93 65 98 86 77 81 82 41 88 71 51 70 87 64 8 26 71 32 1 75 57 35 78 7 7 87 100 96 85 60 58 13 41 65 47 79 12 21 22 76 63 21 74 56 1 64 73 20 98 96 68 38 20 ; 
L 10 17 27 28 18 -44 37 24 14 -45 26 24 -48 2 2 11 -4 -13 15 22 -42 52 -8 -35 -42 -41 46 25 30 -18 -36 -12 46 49 -10 -18 8 39 5 -35 14 5 40 21 37 18 -7 -36 -24 18 -37 -43 50 10 41 -9 -44 46 16 -35 -27 -48 -44 48 50 -47 -5 -12 -27 -50 46 38 -48 -43 -13 -36 -43 -36 37 43 9 49 27 -7 3 41 30 -10 19 -15 -13 -13 51 -36 -39 22 -19 26 48 -18 49 -2 -29 -7 -4 33 23 -10 -38 15 -38 -46 25 -23 -33 7 22 -35 40 33 20 32 -19 -39 -25 -5 15 49 6 -30 -40 36 -39 -4 50 -55 -15 -10 -24 5 -54 -7 -18 50 -49 11 -26 -2 46 29 2 -36 44 -18 39 6 -28 -1 -5 9 27 3 4 -4 -45 -32 -40 -5 49 23 35 -15 -22 27 -23 -3 -39 -2 1 44 21 -30 -23 -5 41 -24 -53 -19 31 -9 3 49 -8 5 6 -50 -8 -50 22 -23 ; 
0:164 0:132 0:14 0:84 0:200 0:104 0:36 0:126 0:38 0:120 0:128 0:12 0:198 0:38 0:166 0:134 0:122 0:180 0:30 0:88 0:126 0:16 0:268 0:142 0:62 0:266 0:120 0:16 0:98 0:104 0:130 0:108 0:112 0:298 0:126 0:122 0:92 0:18 0:130 0:118 0:10 0:104 0:82 0:18 0:158 0:58 0:64 0:126 0:100 0:144 0:202 0:142 0:46 0:200 0:98 0:52 0:34 0:116 0:126 0:86 0:88 0:196 0:74 0:106 0:34 0:122 0:180 0:162 0:124 0:164 0:128 0:40 0:20 0:146 0:134 0:126 0:30 0:90 0:36 0:26 0:154 0:92 0:184 0:92 0:202 0:20 0:192 0:40 0:162 0:164 0:82 0:292 0:138 0:180 0:2 0:172 0:20 0:60 0:120 0:76 0:172 0:160 0:100 0:46 0:208 0:42 0:160 0:50 0:16 0:38 0:152 0:302 0:184 0:94 0:156 0:68 0:142 0:192 0:68 0:108 0:76 0:92 0:190 0:134 0:40 0:98 0:44 0:70 0:74 0:48 0:150 0:2 0:88 0:200 0:148 0:180 0:124 0:158 0:142 0:66 0:130 0:126 0:168 0:82 0:52 0:52 0:76 0:204 0:40 0:304 0:44 0:194 0:38 0:84 0:156 0:70 0:108 0:12 0:146 0:8 0:122 0:38 0:136 0:70 0:20 0:156 0:112 0:110 0:304 0:134 0:174 0:130 0:176 0:166 0:30 0:96 0:46 0:126 0:156 0:100 0:68 0:86 0:36 0:62 0:166 0:90 0:134 0:78 0:132 0:24 0:88 0:70 0:156 0:14 0:46 0:156 0:168 0:74 0:68 0:76 0:40 ; 
L 43 30 22 -43 -47 -33 31 -31 6 -47 -14 -6 -33 40 -43 -46 33 36 -40 -47 44 12 44 34 -25 17 -16 6 -39 46 -2 8 4 -44 18 27 44 15 36 16 -26 13 -4 22 -35 -39 16 -7 -41 9 -8 38 -25 -38 -20 -47 48 -26 -24 -49 -40 -43 -25 29 20 -41 -29 43 21 42 31 29 38 -3 -39 36 46 39 16 34 -13 -30 -24 14 -29 45 16 -5 21 13 25 -8 -1 15 -7 -40 5 43 -45 -47 -47 44 25 36 46 -45 44 26 5 -13 9 5 10 20 -35 -2 -24 12 -32 29 2 15 30 -43 -33 33 32 41 11 41 44 -3 44 50 -6 38 -29 -50 1 -20 -35 24 8 -14 31 40 -32 -16 46 48 44 -23 31 -40 -32 36 -27 31 16 -24 45 3 50 21 -2 -26 13 13 37 28 10 40 26 2 2 46 -41 -33 2 -16 -7 -44 -50 30 -2 -11 -47 -3 50 -49 -39 11 17 -26 48 39 -22 -19 -38 47 ; 
77 38 48 60 25 53 69 72 20 34 9 26 26 86 30 84 31 31 64 29 76 1 35 56 35 81 16 82 22 81 17 33 55 14 59 23 21 7 42 32 47 91 77 91 79 24 18 59 55 92 83 16 54 81 9 53 13 87 46 5 59 63 88 20 21 61 67 74 91 71 8 87 12 79 65 21 8 12 6 81 2 24 25 16 99 86 37 52 53 14 95 18 11 80 19 18 52 53 71 66 89 61 7 6 67 12 57 1 84 8 25 59 90 62 87 88 25 81 60 39 11 11 12 89 90 27 23 63 43 23 48 33 42 45 7 37 51 60 37 13 7 73 79 52 86 23 19 66 57 19 58 5 81 8 80 80 77 28 15 90 58 84 26 8 77 23 78 7 14 71 24 60 4 8 15 43 60 15 96 48 12 67 64 71 52 15 24 16 86 59 69 47 30 88 98 66 32 9 5 35 95 ; 
L 40 -43 -5 47 40 -36 28 -2 -43 -47 -39 -48 -10 32 -20 -35 24 -52 -40 46 -37 38 -41 -24 -32 -39 36 -31 6 11 17 33 13 -29 -2 49 24 -40 -1 46 50 33 48 -44 -48 50 29 39 39 45 16 -5 25 47 -16 -7 36 54 -45 13 27 41 35 -36 -15 -27 -18 33 6 47 -7 13 -50 -44 16 29 20 -41 9 -8 -2 -4 22 38 -6 38 43 29 20 38 -45 -47 -14 30 13 43 -5 -45 -31 -43 53 -49 42 31 -14 41 11 -33 46 -31 43 -30 -15 -23 -40 -10 -4 2 -26 30 44 -33 40 -32 -44 -43 -40 3 25 -34 -3 -44 21 -2 -26 32 31 47 11 50 44 -29 -2 44 26 -21 -24 29 -33 -25 55 -26 46 16 -21 -13 9 5 24 -46 13 25 -51 30 22 -44 -20 26 -8 19 41 -50 3 7 34 -15 12 39 35 47 -8 -17 -2 -3 -36 -25 44 1 16 22 -16 -16 -16 2 -31 -6 26 12 -38 47 ; 
0:28 0:60 0:112 0:134 0:78 0:128 0:22 0:50 0:26 0:50 0:184 0:132 0:76 0:364 0:122 0:14 0:146 0:108 0:108 0:120 0:64 0:18 0:134 0:42 0:136 0:30 0:48 0:72 0:40 0:40 0:60 0:66 0:4 0:34 0:146 0:170 0:10 0:56 0:64 0:112 0:18 0:48 0:148 0:276 0:116 0:28 0:120 0:230 0:122 0:162 0:74 0:104 0:140 0:74 0:58 0:24 0:28 0:100 0:166 0:156 0:94 0:124 0:62 0:12 0:84 0:20 0:46 0:74 0:52 0:48 0:12 0:254 0:92 0:48 0:172 0:82 0:42 0:136 0:184 0:166 0:22 0:32 0:182 0:56 0:164 0:74 0:120 0:114 0:196 0:18 0:88 0:132 0:238 0:162 0:48 0:50 0:38 0:82 0:122 0:126 0:100 0:180 0:58 0:16 0:174 0:22 0:86 0:56 0:96 0:52 0:96 0:178 0:24 0:42 0:156 0:120 0:108 0:88 0:34 0:48 0:142 0:182 0:166 0:38 0:8 0:104 0:290 0:60 0:24 0:70 0:56 0:152 0:90 0:154 0:46 0:64 0:156 0:38 0:48 0:24 0:68 0:18 0:188 0:48 0:56 0:84 0:110 0:24 0:176 0:124 0:86 0:92 0:92 0:224 0:106 0:160 0:50 0:118 0:70 0:118 0:66 0:190 0:22 0:100 0:96 0:54 0:88 0:244 0:100 0:68 0:70 0:22 0:56 0:120 0:114 0:26 0:120 0:52 0:48 0:74 0:44 0:72 0:42 0:112 0:108 0:12 0:66 0:58 0:70 0:80 0:124 0:42 0:198 0:74 0:54 0:16 0:60 0:240 0:162 0:70 0:190 ; 
L 14 23 44 25 -37 -3 2 -22 -15 -21 1 45 6 -16 23 26 -2 -48 46 33 48 -9 -1 -20 49 -6 -20 -2 4 19 18 -24 13 -27 -17 -27 -40 -28 -35 -5 -48 45 14 44 14 40 -41 17 35 -35 28 -19 47 10 -36 -11 27 -7 26 12 50 42 -32 -11 18 13 -7 7 28 -8 -17 38 49 -25 -35 11 40 30 -41 27 -36 28 27 17 32 37 13 -33 42 4 10 30 -34 36 16 -43 22 -3 23 37 -28 26 -10 7 14 45 -26 49 27 41 2 16 -25 -2 25 -36 15 25 37 -27 50 25 32 16 38 32 -40 -43 5 21 -31 -20 41 -16 -14 27 33 -32 39 38 48 -9 -8 37 -30 25 17 -39 -8 12 43 -19 -37 7 34 -5 -5 -3 45 -22 13 -47 -27 -12 26 18 40 -13 -46 -49 -1 -16 -48 -29 -8 7 -7 7 -30 -3 -19 46 -16 3 8 -13 -23 -6 9 31 -20 20 14 -38 16 29 48 3 -30 -28 ; 
92 84 19 87 68 62 61 31 69 53 17 22 38 56 89 85 60 91 74 49 72 88 99 5 33 66 78 59 79 25 33 74 57 30 89 79 83 49 36 53 32 13 16 47 90 74 70 48 63 27 34 41 86 96 19 65 16 29 52 89 25 93 26 83 64 60 77 67 27 33 33 85 84 45 97 24 33 60 89 24 32 58 52 84 44 8 21 5 71 64 24 87 38 27 82 96 35 77 33 37 69 95 14 22 2 23 18 57 42 78 61 67 62 24 34 86 82 79 75 25 6 87 92 61 40 59 61 37 1 6 36 9 34 35 64 33 11 90 24 37 94 22 58 32 52 38 22 77 73 89 96 91 75 20 67 11 74 68 48 14 71 82 50 65 55 81 19 98 37 43 74 10 67 25 50 76 81 86 18 13 2 68 50 4 45 89 79 27 4 12 46 76 52 69 26 14 87 4 95 12 94 ; 
L 8 -32 39 -26 -18 -26 12 -14 -44 27 -7 8 53 6 -16 23 30 -43 3 38 27 41 -45 -7 26 49 28 17 16 51 -27 -6 40 -43 5 5 40 -45 -1 -20 27 -36 28 27 17 32 19 -41 42 4 -27 41 47 -16 30 -2 25 16 13 14 37 54 -33 -13 -23 11 32 -42 -50 -3 50 -41 -7 48 20 15 -14 -11 9 -48 -38 23 35 -10 -34 12 -22 43 -16 19 35 25 -30 -35 -14 -17 -2 -11 20 3 -49 -4 27 33 36 -28 37 1 39 7 38 5 -22 21 15 -32 -3 38 -32 14 26 -10 -7 28 -8 -12 -16 25 -30 -26 31 2 -36 31 -44 -23 37 -35 -14 -7 7 -9 -48 17 -27 -36 -20 -13 25 -37 24 -18 -55 -19 -1 -19 46 8 -45 -40 -13 -8 -17 -25 -16 -3 -16 -48 -37 27 40 -10 -2 6 -25 -28 37 25 -48 46 33 48 9 -29 34 -49 46 13 52 29 18 13 -3 -22 -5 2 47 -45 -30 -28 ; 
0:184 0:156 0:48 0:68 0:140 0:162 0:110 0:196 0:180 0:164 0:58 0:116 0:14 0:150 0:112 0:178 0:72 0:268 0:78 0:48 0:68 0:156 0:60 0:16 0:86 0:102 0:192 0:204 0:264 0:160 0:128 0:52 0:152 0:92 0:2 0:154 0:50 0:52 0:128 0:10 0:182 0:64 0:116 0:104 0:168 0:88 0:54 0:250 0:86 0:128 0:98 0:180 0:146 0:192 0:22 0:80 0:68 0:62 0:82 0:64 0:36 0:274 0:0 0:162 0:82 0:106 0:166 0:52 0:186 0:130 0:82 0:36 0:96 0:158 0:72 0:150 0:86 0:108 0:134 0:44 0:188 0:172 0:92 0:20 0:146 0:46 0:74 0:70 0:192 0:156 0:58 0:194 0:46 0:208 0:44 0:76 0:70 0:16 0:44 0:60 0:86 0:32 0:82 0:22 0:64 0:88 0:50 0:48 0:54 0:230 0:26 0:120 0:120 0:148 0:106 0:30 0:134 0:80 0:78 0:112 0:48 0:28 0:54 0:80 0:66 0:238 0:150 0:70 0:184 0:28 0:172 0:78 0:24 0:32 0:174 0:38 0:214 0:64 0:62 0:2 0:172 0:58 0:134 0:144 0:58 0:134 0:158 0:46 0:46 0:136 0:254 0:148 0:112 0:128 0:166 0:10 0:136 0:154 0:30 0:134 0:66 0:106 0:100 0:46 0:40 0:38 0:14 0:134 0:68 0:110 0:68 0:170 0:90 0:200 0:96 0:88 0:154 0:182 0:204 0:148 0:98 0:144 0:142 0:44 0:114 0:140 0:98 0:74 0:164 0:114 0:188 0:120 0:24 0:20 0:176 0:160 0:134 0:232 0:30 0:24 0:188 ; 
L -18 -24 -15 -39 -43 -50 -12 -24 43 -45 -4 25 41 23 28 28 -27 -22 4 -1 -21 9 -23 -9 -18 34 -11 -39 19 5 -7 -6 18 -45 -2 41 -41 -25 9 -36 19 -18 -12 15 17 -5 -27 27 -32 31 12 14 -27 -46 -21 2 -29 49 46 35 -45 -26 -24 -33 15 -49 38 18 47 -16 31 15 -33 16 12 -34 17 8 -20 22 -9 -5 -38 -30 26 19 48 33 22 -43 3 1 -16 -24 4 -23 49 14 -41 -17 -20 9 -31 -36 17 -49 24 43 18 9 5 -16 -35 -39 16 23 -34 -6 5 -13 -39 -2 44 19 47 50 39 38 -16 8 2 -3 -48 -24 -23 25 -10 -34 27 -6 11 -48 2 33 -1 2 -21 -39 14 40 5 -41 36 -19 -2 42 -25 1 -25 19 -1 -22 -32 26 23 41 26 -36 -35 13 1 -50 37 -27 3 26 40 -13 -49 -35 -10 -30 6 -43 -13 7 -5 -1 44 -7 -4 18 -10 47 -14 -36 29 39 -4 -13 ; 
89 62 76 37 56 33 67 13 65 87 51 37 5 73 4 12 48 91 3 46 12 19 70 47 10 2 82 15 88 3 83 85 93 52 15 59 80 12 21 58 77 47 51 42 59 1 22 10 59 25 61 75 45 78 93 74 28 47 25 65 86 95 49 54 26 68 93 27 18 73 48 51 30 100 100 93 19 14 16 93 78 73 47 99 96 39 83 15 52 18 60 31 75 77 18 84 51 64 83 94 18 99 71 87 65 42 35 47 55 17 35 40 16 95 77 17 5 52 86 92 46 47 27 53 69 43 28 43 71 49 36 84 85 96 4 71 38 13 56 69 44 7 16 14 71 56 78 86 70 11 82 52 72 18 19 44 74 65 64 89 54 74 81 23 27 66 64 95 67 3 45 8 29 98 93 77 31 90 50 47 98 33 6 8 45 91 98 15 27 72 77 53 10 43 29 78 9 15 62 1 59 ; 
L -49 24 -9 25 41 29 39 -13 35 22 1 2 -33 -6 -11 -50 -47 41 21 -38 -25 19 19 -41 -35 24 -38 -3 -39 -16 39 -28 -23 14 49 -43 -8 -25 15 19 5 40 -49 -35 -11 -13 17 16 12 -42 -9 38 47 4 23 48 4 27 18 1 -12 18 -10 47 51 22 -4 14 -18 27 -48 50 -1 -31 -6 5 -13 -39 52 -49 34 39 -20 22 27 -32 33 -16 31 15 -24 -33 -25 18 -13 2 -21 -41 36 -5 -43 5 36 -7 -15 41 45 6 7 -26 -40 -36 23 -2 -19 -9 48 54 -1 2 -43 -5 -6 -46 -30 24 12 50 55 24 34 10 26 19 4 4 18 14 -1 -43 23 -14 39 15 16 -1 2 -1 25 -33 -29 34 23 -16 5 -17 -34 17 -32 -45 45 12 3 -3 27 -28 44 -7 -26 -20 9 23 49 17 16 36 18 26 -26 31 24 -44 2 46 -21 -39 -43 -8 35 -41 30 10 9 -2 37 -27 -19 -9 53 -13 ; 
0:74 0:70 0:68 0:34 0:10 0:12 0:30 0:66 0:6 0:44 0:148 0:184 0:40 0:124 0:104 0:110 0:86 0:206 0:108 0:98 0:146 0:178 0:308 0:124 0:198 0:86 0:192 0:46 0:114 0:108 0:154 0:138 0:8 0:242 0:160 0:80 0:54 0:40 0:54 0:184 0:6 0:138 0:24 0:94 0:370 0:88 0:128 0:42 0:200 0:118 0:58 0:152 0:36 0:148 0:130 0:150 0:24 0:60 0:46 0:18 0:28 0:144 0:20 0:86 0:64 0:6 0:240 0:86 0:174 0:134 0:170 0:102 0:16 0:172 0:116 0:172 0:184 0:92 0:180 0:40 0:76 0:28 0:10 0:186 0:42 0:118 0:212 0:76 0:96 0:102 0:44 0:108 0:24 0:144 0:46 0:50 0:36 0:176 0:144 0:38 0:42 0:8 0:126 0:82 0:94 0:66 0:198 0:162 0:170 0:96 0:46 0:50 0:200 0:32 0:70 0:58 0:22 0:136 0:182 0:112 0:330 0:6 0:156 0:128 0:260 0:184 0:26 0:134 0:62 0:208 0:102 0:52 0:104 0:78 0:146 0:56 0:98 0:154 0:154 0:124 0:120 0:204 0:140 0:176 0:114 0:150 0:164 0:126 0:130 0:80 0:124 0:88 0:62 0:118 0:126 0:174 0:80 0:38 0:74 0:80 0:116 0:122 0:200 0:84 0:62 0:96 0:50 0:144 0:82 0:118 0:198 0:80 0:50 0:60 0:22 0:132 0:96 0:96 0:100 0:26 0:118 0:80 0:54 0:114 0:54 0:70 0:112 0:28 0:68 0:144 0:12 0:66 0:282 0:68 0:76 0:196 0:76 0:40 0:106 0:200 0:118 ; 
L 4 20 -29 -11 -27 24 6 -25 -48 4 42 42 11 37 -10 -25 -39 -19 47 21 -3 -49 -15 -7 -3 -49 33 -20 -35 23 25 -35 14 -34 47 -17 45 21 -13 45 23 -42 12 -17 -6 -13 14 -11 1 -32 -9 9 -6 -50 38 27 -5 -4 -46 23 -39 11 41 43 13 26 32 -44 20 -26 48 -44 27 17 26 37 -9 21 8 -25 17 -17 40 39 -18 -30 -35 9 9 8 -33 39 -47 -34 -19 -2 24 -7 -9 -3 37 26 49 43 1 -36 -23 34 -44 27 24 14 -9 50 -19 36 18 31 23 43 -39 46 9 44 -18 40 -2 34 -7 -17 -43 -27 23 3 -20 -23 36 -19 -39 33 7 -50 18 -13 37 -7 33 -38 -4 -12 -27 -41 34 -47 28 11 -11 -39 -7 1 1 -26 23 3 -4 29 26 37 20 50 -9 -50 -14 -35 5 -25 24 -19 13 -26 15 49 50 -5 24 42 -10 -38 -28 37 2 -37 -13 -36 35 -1 9 25 25 -3 ; 
83 38 79 82 90 32 21 96 31 67 78 40 18 49 84 89 2 39 80 26 49 83 50 3 53 18 23 88 96 3 1 57 75 91 94 63 10 79 26 81 41 31 13 77 13 6 89 38 10 1 5 50 81 97 74 17 100 14 35 85 100 87 1 94 37 97 86 51 67 42 4 69 7 93 15 82 97 5 79 19 39 87 95 60 36 3 68 85 3 46 54 28 30 47 93 9 88 71 53 52 43 99 67 45 41 26 2 97 37 81 58 66 75 73 23 51 74 29 61 80 95 76 89 45 79 11 88 35 14 35 79 66 96 30 19 42 30 90 95 28 2 50 18 46 89 30 68 59 100 47 63 13 80 31 71 63 90 96 37 44 35 13 32 23 47 83 100 83 55 73 70 62 6 14 62 69 19 65 96 39 2 46 53 27 80 40 31 43 12 5 31 60 71 24 78 68 67 60 16 22 87 ; 
L 4 12 43 -39 46 25 -49 23 -27 8 -19 36 45 17 50 -9 -50 -14 -35 40 50 -47 14 9 -9 -39 -36 -20 3 -2 7 -34 26 19 -15 -24 2 19 -13 -38 6 14 44 -18 5 6 -9 47 49 -17 18 25 -24 -24 5 -35 23 17 26 37 -36 -50 45 -50 23 3 11 20 -9 -3 38 27 -5 25 17 -18 -13 -40 26 48 27 39 -53 34 35 -1 13 -35 14 54 -52 3 -28 -43 4 25 4 -15 26 48 -51 31 23 10 -37 -42 -9 -7 4 33 -39 -21 55 37 13 -21 -47 -9 -32 50 -20 -39 37 -43 -1 -1 -36 23 -37 13 -18 1 -34 1 -41 8 -34 -12 -42 -11 26 -23 -25 9 -29 -17 9 -7 49 23 33 -27 44 -21 19 -24 38 -42 -27 44 7 39 11 -11 46 4 20 -29 -11 -27 24 -28 49 -37 37 -30 20 41 -43 -2 7 7 -33 -11 42 -39 -19 -26 -44 -25 -35 9 13 6 33 23 3 -32 25 -3 ; 
0:166 0:32 0:36 0:190 0:152 0:118 0:2 0:72 0:114 0:114 0:52 0:102 0:66 0:222 0:44 0:140 0:124 0:12 0:28 0:16 0:84 0:60 0:100 0:150 0:98 0:174 0:110 0:88 0:66 0:48 0:122 0:28 0:210 0:148 0:50 0:314 0:260 0:18 0:40 0:150 0:98 0:250 0:142 0:158 0:130 0:88 0:162 0:52 0:112 0:42 0:130 0:14 0:74 0:118 0:160 0:128 0:6 0:100 0:30 0:164 0:94 0:92 0:32 0:66 0:170 0:46 0:120 0:52 0:22 0:104 0:48 0:34 0:200 0:62 0:44 0:226 0:136 0:84 0:158 0:126 0:122 0:174 0:58 0:250 0:108 0:136 0:54 0:144 0:150 0:112 0:142 0:178 0:164 0:48 0:128 0:54 0:274 0:56 0:4 0:132 0:130 0:54 0:122 0:92 0:168 0:74 0:60 0:72 0:132 0:100 0:6 0:140 0:90 0:20 0:144 0:52 0:166 0:162 0:80 0:34 0:18 0:148 0:44 0:208 0:62 0:70 0:178 0:60 0:132 0:178 0:92 0:162 0:80 0:140 0:50 0:124 0:82 0:110 0:74 0:168 0:100 0:0 0:144 0:112 0:14 0:138 0:4 0:52 0:24 0:156 0:156 0:48 0:162 0:106 0:200 0:130 0:30 0:124 0:90 0:14 0:62 0:74 0:192 0:180 0:172 0:70 0:60 0:158 0:164 0:180 0:64 0:80 0:16 0:196 0:154 0:20 0:58 0:14 0:164 0:104 0:112 0:2 0:16 0:68 0:74 0:10 0:78 0:92 0:194 0:162 0:200 0:170 0:162 0:12 0:106 0:324 0:60 0:156 0:70 0:44 0:174 ; 
L -4 -44 1 -1 32 -20 29 2 -1 -20 37 30 30 -37 -30 -17 -37 2 -46 1 47 -30 -25 45 44 30 -27 -49 -9 -14 2 -35 7 -43 -17 -10 -15 -20 -42 -4 -41 5 -17 50 22 -13 -21 -45 25 -36 -42 39 49 -18 39 24 -16 6 3 30 -24 16 31 -41 4 16 22 -13 -8 -40 -46 -32 -25 13 -49 35 -26 9 -45 13 -45 34 50 -50 9 -32 4 24 30 16 11 12 46 3 -38 17 16 50 14 -12 3 28 -30 46 -19 -11 -50 -44 -48 -26 -40 -41 22 50 -14 37 -43 -12 -5 -12 9 -22 41 -47 22 48 13 16 1 45 19 -1 -11 -35 -6 -4 -18 -18 -18 -34 -26 37 14 -15 33 13 -41 20 -47 -32 45 25 21 -9 32 -49 -49 49 -25 -30 -13 -43 -21 -14 -2 32 -37 23 8 -37 -41 -47 -38 -16 -9 40 32 43 -46 -30 -4 -50 19 -28 -31 -21 -4 -34 -38 -6 -10 2 -50 -8 7 -30 -29 27 -40 -34 ; 
89 85 78 25 22 66 3 19 50 92 51 85 16 70 23 5 42 30 37 94 54 5 39 5 28 97 78 60 80 67 79 8 11 91 58 20 61 27 51 66 2 69 61 80 19 97 32 8 41 96 18 58 51 18 16 79 52 5 85 79 10 99 99 72 57 16 48 94 77 72 49 12 67 92 100 28 70 81 82 65 21 21 77 32 26 77 80 98 55 55 61 40 1 30 71 73 23 62 47 81 4 12 40 83 73 35 84 29 58 85 90 56 63 5 66 100 82 2 59 45 28 19 87 47 97 45 59 41 70 17 73 30 98 74 56 40 1 45 50 81 25 74 46 100 4 92 12 97 68 52 44 41 18 70 20 35 76 13 64 69 50 80 85 61 72 61 94 60 28 100 43 24 83 52 35 25 53 60 23 43 75 68 45 3 2 17 77 63 11 18 37 63 31 2 96 90 6 9 94 8 80 ; 
L -4 -38 -6 -10 -19 -45 -1 -12 12 30 -30 -14 14 -43 54 -48 27 -37 -22 -49 -9 -41 20 14 -28 1 -19 -32 48 -37 -9 25 50 -40 12 5 50 4 -43 -32 -20 29 -4 -41 -16 -13 41 6 4 -12 11 -13 46 -20 -18 -34 17 55 2 -50 -38 -16 -47 -13 -21 -46 -30 18 35 -45 26 -8 7 -3 -31 -21 -30 31 -41 4 11 -37 53 -41 -47 -2 -43 47 2 -1 44 34 -21 -46 30 -28 -37 5 -17 50 -13 9 -29 -15 33 -27 -1 32 39 49 -18 -32 4 24 -2 14 -20 -13 -16 32 13 1 -16 -37 -42 9 -3 -21 -16 6 -26 -8 14 -45 13 -37 30 -15 -30 -18 44 -22 42 22 9 -19 -22 39 24 32 -46 30 -49 50 -50 30 16 16 -37 -17 -10 -45 -49 25 -38 -41 22 -2 26 3 43 -7 35 30 -52 -23 -4 -35 -51 -11 -50 9 -46 -32 -25 40 25 -36 -47 -45 34 -17 -49 -25 45 44 50 1 -40 -34 ; 
0:178 0:80 0:36 0:74 0:80 0:146 0:34 0:118 0:18 0:130 0:36 0:82 0:104 0:50 0:174 0:42 0:44 0:74 0:256 0:120 0:160 0:88 0:194 0:84 0:64 0:210 0:152 0:236 0:22 0:198 0:162 0:48 0:78 0:116 0:52 0:90 0:146 0:136 0:52 0:164 0:134 0:6 0:46 0:4 0:60 0:82 0:160 0:54 0:52 0:12 0:98 0:136 0:76 0:58 0:10 0:162 0:80 0:66 0:98 0:62 0:122 0:104 0:86 0:98 0:64 0:34 0:86 0:66 0:62 0:62 0:34 0:126 0:192 0:204 0:88 0:34 0:108 0:158 0:144 0:114 0:22 0:144 0:100 0:136 0:92 0:116 0:62 0:148 0:58 0:38 0:156 0:112 0:218 0:12 0:166 0:80 0:198 0:76 0:122 0:160 0:280 0:166 0:50 0:14 0:8 0:128 0:156 0:44 0:80 0:102 0:36 0:54 0:160 0:196 0:82 0:210 0:98 0:18 0:202 0:26 0:12 0:118 0:114 0:32 0:38 0:34 0:112 0:16 0:184 0:10 0:200 0:112 0:84 0:158 0:130 0:80 0:236 0:168 0:28 0:70 0:282 0:232 0:90 0:60 0:108 0:96 0:48 0:114 0:158 0:170 0:62 0:170 0:64 0:176 0:74 0:32 0:54 0:216 0:186 0:90 0:40 0:120 0:220 0:94 0:66 0:84 0:126 0:80 0:256 0:134 0:86 0:182 0:22 0:44 0:90 0:176 0:282 0:114 0:96 0:84 0:228 0:52 0:264 0:24 0:134 0:144 0:228 0:192 0:18 0:68 0:42 0:132 0:172 0:20 0:10 0:56 0:12 0:130 0:138 0:16 0:160 ; 
L 8 -26 -13 42 1 -11 -29 26 -50 28 29 45 -21 12 -37 34 5 -32 -24 -27 -34 -13 -17 -13 39 17 -31 6 36 -1 8 48 -29 18 4 -12 -15 28 46 9 -21 39 21 -26 -47 -29 23 -11 22 20 -8 29 32 44 -16 -15 14 27 9 42 -44 -20 22 -14 -32 -49 -22 25 24 -37 32 40 10 -30 26 7 19 -2 23 9 -6 -26 37 29 8 -1 -4 10 25 -37 -35 18 34 -38 -42 -42 1 -12 -40 16 -43 -45 -22 48 -28 8 -37 6 14 -30 45 -42 7 -3 -34 7 -24 4 13 41 9 -8 45 32 50 -9 -22 -41 -27 -31 17 13 33 14 -28 25 44 7 15 34 -42 -6 24 -37 -3 41 -26 13 -39 33 -28 -40 -40 4 -21 25 37 -38 5 -31 -31 -47 49 32 -26 14 11 -24 -42 -39 -33 48 3 -48 25 -22 -36 13 -21 -28 21 -6 -19 34 -2 45 37 31 -21 45 9 -14 5 17 -31 -30 -24 -45 -4 1 ; 
13 55 41 35 48 34 33 82 41 98 54 59 2 71 55 36 83 62 17 71 89 11 83 33 23 75 15 55 79 56 52 21 86 63 7 13 4 8 96 51 44 24 17 98 58 49 78 63 49 77 26 43 75 62 8 68 38 51 89 69 20 22 32 19 25 82 90 61 63 22 11 77 5 76 59 61 44 52 3 10 46 38 15 97 22 13 6 83 23 41 93 68 77 27 3 96 95 12 47 66 13 100 45 75 27 61 43 39 58 78 39 26 45 6 89 55 90 76 63 40 18 21 48 33 50 51 55 3 90 63 12 83 47 89 18 20 31 10 88 13 41 36 69 56 24 38 89 18 55 56 98 66 100 91 19 45 49 12 39 24 85 75 11 51 43 31 19 61 96 40 73 84 23 48 50 78 63 1 68 57 99 92 96 60 20 73 55 26 95 52 88 58 54 33 94 27 45 21 35 87 40 ; 
L 8 26 -13 17 38 -37 -37 -23 2 -44 3 -31 13 -22 32 17 13 34 27 24 32 -50 -16 45 -4 -41 -31 28 -28 -40 -7 -36 16 -43 -5 -52 1 -12 5 -25 21 -31 -14 -34 39 10 -34 -1 54 10 -7 8 -48 42 42 -29 -4 -18 -26 -6 26 37 18 21 24 6 14 -22 53 -41 -13 -4 38 -17 -15 -7 -44 -25 -34 -1 -9 11 -30 -14 -26 -13 -22 20 -42 42 -44 55 -13 22 -45 29 -27 -28 -19 37 37 -51 -8 -21 -33 15 8 -35 -48 25 -7 -26 22 45 -29 23 -8 -40 -12 9 3 37 -24 -8 -46 -14 -3 -48 -32 -40 4 25 -42 47 24 -33 1 -11 42 -5 14 6 32 -9 -28 25 45 31 -24 -6 29 -30 48 -28 21 -27 -37 26 13 -39 -9 19 6 -21 40 37 -49 -14 29 -50 49 32 -34 31 -45 9 -21 33 -9 28 -29 24 -42 20 41 12 -2 17 -34 -39 -32 22 45 31 21 11 26 47 -4 1 ; 
0:26 0:156 0:64 0:138 0:22 0:24 0:76 0:98 0:6 0:172 0:144 0:106 0:22 0:38 0:166 0:88 0:166 0:22 0:178 0:142 0:34 0:88 0:40 0:26 0:66 0:30 0:60 0:126 0:182 0:132 0:230 0:118 0:114 0:26 0:248 0:106 0:76 0:24 0:106 0:124 0:90 0:94 0:50 0:54 0:134 0:36 0:112 0:150 0:40 0:186 0:4 0:128 0:202 0:94 0:192 0:10 0:134 0:14 0:26 0:152 0:64 0:208 0:196 0:172 0:94 0:76 0:116 0:242 0:2 0:22 0:220 0:126 0:94 0:42 0:26 0:176 0:20 0:62 0:32 0:104 0:96 0:44 0:98 0:100 0:16 0:82 0:156 0:64 0:32 0:110 0:40 0:76 0:112 0:64 0:124 0:122 0:204 0:52 0:104 0:122 0:46 0:186 0:142 0:104 0:128 0:66 0:264 0:106 0:218 0:100 0:120 0:122 0:140 0:90 0:88 0:156 0:144 0:60 0:128 0:184 0:28 0:48 0:112 0:22 0:168 0:176 0:10 0:46 0:146 0:84 0:182 0:176 0:90 0:68 0:152 0:130 0:82 0:68 0:176 0:98 0:108 0:70 0:126 0:42 0:82 0:30 0:30 0:160 0:180 0:40 0:82 0:94 0:128 0:54 0:42 0:36 0:194 0:30 0:48 0:110 0:86 0:86 0:192 0:184 0:104 0:42 0:122 0:32 0:142 0:98 0:180 0:164 0:148 0:48 0:18 0:30 0:88 0:68 0:336 0:44 0:70 0:114 0:62 0:84 0:210 0:126 0:4 0:46 0:114 0:40 0:136 0:124 0:106 0:40 0:190 0:162 0:66 0:102 0:68 0:174 0:80 ; 
L -8 23 43 23 -35 -7 -8 -28 -25 12 42 25 -10 24 49 -26 -44 -39 -34 47 -25 12 34 47 -29 32 -3 -19 -38 15 9 30 31 15 -45 31 13 -38 -50 -16 -8 -50 -27 39 -41 -7 -34 -14 7 41 26 6 5 13 -35 36 -6 8 -10 -23 -40 39 -9 36 -46 33 -50 25 26 -26 -28 23 -12 -10 38 -25 -2 -12 -20 -2 -21 -28 7 10 16 38 37 -20 -42 -6 8 -25 16 5 -20 -15 19 -24 10 -31 39 19 -47 39 10 18 -3 38 31 7 -16 -30 41 7 -28 -11 6 -10 38 33 -25 23 41 -36 25 27 5 21 1 13 32 -18 -10 -25 34 -17 49 -4 1 11 30 45 5 -5 -41 36 16 -9 42 -12 24 20 26 31 -8 -42 -48 -12 39 -20 -4 -17 37 35 -25 -13 49 -46 -49 28 -45 24 3 27 -29 -37 1 -6 -36 42 -22 -22 15 41 43 -50 44 19 -49 -33 16 -22 -35 -10 -15 -32 -32 -23 20 33 ; 
43 46 30 62 56 65 32 58 71 21 60 28 86 25 56 99 41 98 58 80 89 76 84 34 65 28 73 72 66 99 27 74 68 55 1 93 27 88 80 10 67 46 62 77 47 89 41 22 46 9 63 9 97 50 64 60 68 87 51 92 69 6 14 95 75 17 17 99 92 70 65 93 48 4 27 86 25 86 98 37 22 16 98 77 58 42 30 28 33 76 53 59 17 88 76 66 10 39 28 35 57 50 48 79 77 45 80 71 38 17 64 4 78 66 9 15 56 64 65 80 71 38 59 58 45 46 70 63 34 76 48 93 23 3 31 1 80 22 34 78 94 85 35 85 4 73 57 46 34 34 34 100 41 89 67 65 84 96 75 98 92 81 54 30 42 97 46 6 10 20 70 3 24 45 48 99 90 52 6 50 64 78 72 53 67 74 82 35 67 79 76 97 30 21 2 18 88 11 44 98 97 ; 
L -28 -28 -11 25 33 30 31 15 -45 -10 50 38 -7 -8 -1 -37 1 -50 44 5 7 41 3 -32 43 -6 13 35 -6 33 49 -32 -23 32 -1 -53 -25 -17 -41 -35 21 -37 34 31 -7 8 -31 -38 3 23 18 -36 9 -39 -10 -39 -6 -11 -13 46 -26 -28 -37 23 -52 -36 22 27 5 46 -39 -34 -14 5 -55 -49 40 -18 -6 23 31 -10 -15 20 10 -42 32 4 20 -39 -35 -12 -10 -5 -45 -30 33 -25 -7 -16 -10 -44 19 17 -4 -34 48 23 -38 30 20 25 8 -10 -10 28 -49 29 23 -22 -36 -35 13 49 8 -26 -24 -7 -10 42 12 51 -20 -24 -6 -16 -16 50 24 -19 -26 -12 42 -47 34 -50 38 -45 24 3 27 8 -16 15 15 9 -41 26 -49 25 38 54 -12 21 20 -22 -25 -41 -16 -13 39 19 16 -9 42 -12 -7 -25 25 25 47 26 -19 -27 43 -28 31 -8 -39 -25 12 42 -41 -41 -36 15 47 -29 20 33 ; 
0:180 0:108 0:30 0:34 0:204 0:82 0:136 0:110 0:2 0:158 0:88 0:160 0:156 0:64 0:40 0:36 0:180 0:198 0:164 0:124 0:140 0:18 0:280 0:146 0:154 0:54 0:50 0:150 0:90 0:70 0:158 0:128 0:22 0:100 0:126 0:140 0:148 0:52 0:182 0:80 0:170 0:66 0:130 0:130 0:28 0:138 0:56 0:76 0:142 0:10 0:70 0:180 0:190 0:42 0:124 0:154 0:176 0:170 0:196 0:42 0:52 0:130 0:82 0:32 0:146 0:26 0:136 0:112 0:86 0:98 0:48 0:116 0:44 0:2 0:152 0:128 0:144 0:288 0:10 0:178 0:98 0:70 0:24 0:220 0:156 0:126 0:196 0:50 0:184 0:196 0:158 0:64 0:8 0:50 0:70 0:170 0:90 0:142 0:34 0:78 0:116 0:130 0:56 0:86 0:78 0:86 0:116 0:154 0:282 0:182 0:172 0:108 0:72 0:102 0:160 0:40 0:6 0:86 0:126 0:66 0:88 0:110 0:118 0:38 0:142 0:212 0:168 0:30 0:50 0:32 0:170 0:294 0:320 0:200 0:148 0:16 0:134 0:22 0:168 0:78 0:26 0:50 0:14 0:160 0:160 0:116 0:184 0:46 0:6 0:48 0:90 0:62 0:210 0:94 0:128 0:54 0:42 0:128 0:198 0:144 0:126 0:168 0:100 0:80 0:10 0:154 0:214 0:184 0:158 0:60 0:232 0:100 0:116 0:92 0:68 0:68 0:62 0:8 0:150 0:24 0:52 0:162 0:218 0:200 0:48 0:152 0:108 0:134 0:58 0:130 0:62 0:120 0:52 0:76 0:52 0:82 0:106 0:130 0:110 0:196 0:194 ; 
L 15 -15 -50 -45 -18 50 17 8 -16 -49 -37 -20 -23 -25 14 -44 -4 29 -11 -37 3 -11 6 17 -5 28 34 13 5 -7 -24 5 20 46 -13 2 20 -2 -5 -22 -11 5 46 27 25 -11 41 10 27 20 -35 -2 -14 -11 -44 25 21 -35 -48 17 -22 -39 34 -25 16 -39 10 -20 -4 -8 1 -1 45 -25 -5 -49 -41 35 20 -28 -18 -31 -33 17 36 11 27 26 22 -44 -7 48 -45 -48 -17 33 12 -40 10 20 25 -2 -46 8 42 -45 -23 18 -10 6 10 -36 29 34 -42 -28 18 46 -6 10 -20 -39 -9 -15 39 -19 16 -7 -18 46 5 -5 29 -3 14 30 27 13 7 15 -7 -31 37 -46 -19 48 50 8 -20 -50 41 -18 -34 -41 30 -43 -6 -22 40 29 -29 -25 41 -33 31 -9 -45 14 24 46 22 31 41 25 6 -1 45 24 -2 5 -7 -28 20 -9 -20 26 -44 -43 25 30 -43 24 -33 -21 -47 -6 14 -45 -41 9 ; 
28 60 37 9 75 32 26 20 5 5 97 67 55 58 60 16 54 22 74 61 58 48 28 57 52 14 95 46 29 45 95 85 71 55 36 60 22 22 2 45 67 43 65 8 72 8 60 85 78 64 66 48 55 72 59 6 5 19 67 5 4 78 4 54 81 17 97 70 57 4 8 33 86 70 7 85 87 25 97 16 32 17 16 17 65 5 13 81 12 77 81 73 4 11 2 69 7 29 50 60 77 28 93 70 73 13 39 80 47 51 94 55 79 30 55 21 47 94 91 52 76 34 52 98 10 74 53 90 47 89 23 83 76 73 16 59 54 21 94 47 61 10 4 92 75 36 79 9 12 94 65 43 34 50 49 99 83 85 2 42 100 26 58 62 61 10 68 24 22 76 75 66 44 95 39 18 32 35 60 6 60 21 61 26 63 80 17 15 89 82 16 58 16 11 93 30 73 60 22 51 53 ; 
L 15 -15 -5 -46 -17 -11 -29 -40 -46 -20 39 -35 -9 45 -6 -25 -5 2 8 -23 -25 8 11 7 48 33 -41 -2 -5 -7 40 30 44 11 -31 14 -10 -18 6 -15 37 28 20 10 7 18 -50 -48 5 -28 5 45 34 -16 19 -49 20 25 -17 6 16 20 27 25 -11 41 19 -31 29 33 24 13 6 47 -54 -6 -37 -53 -18 16 -39 10 -20 27 -17 -13 27 20 46 -36 4 3 -29 17 36 -10 46 35 -21 -25 25 20 -7 -28 34 -23 18 -10 46 25 51 9 -25 -7 -24 -7 15 46 18 -30 20 11 2 33 17 3 -1 -30 44 41 45 -25 44 -22 13 22 6 -28 41 9 2 -41 31 43 -34 5 -41 -29 -5 -24 43 -4 45 -52 50 8 -20 26 -43 -2 -20 22 14 -18 -45 33 31 -42 11 14 14 21 -37 -1 48 46 -42 44 -39 8 -5 45 24 5 -22 -39 -22 -26 -27 34 35 20 -50 -12 -14 49 -45 -48 55 9 ; 
0:56 0:120 0:170 0:46 0:34 0:170 0:74 0:84 0:18 0:110 0:66 0:284 0:96 0:24 0:158 0:78 0:130 0:12 0:124 0:110 0:116 0:130 0:32 0:142 0:74 0:14 0:124 0:44 0:4 0:110 0:68 0:120 0:74 0:20 0:182 0:2 0:194 0:114 0:78 0:188 0:182 0:128 0:84 0:212 0:104 0:46 0:50 0:312 0:82 0:128 0:130 0:84 0:10 0:202 0:106 0:128 0:74 0:116 0:24 0:10 0:152 0:10 0:128 0:144 0:16 0:120 0:146 0:66 0:140 0:76 0:18 0:170 0:58 0:60 0:112 0:38 0:70 0:66 0:132 0:28 0:34 0:194 0:140 0:36 0:42 0:112 0:186 0:128 0:62 0:150 0:28 0:88 0:146 0:90 0:130 0:28 0:136 0:182 0:38 0:10 0:40 0:56 0:64 0:42 0:136 0:64 0:160 0:94 0:32 0:94 0:86 0:56 0:70 0:106 0:190 0:120 0:166 0:96 0:50 0:150 0:188 0:74 0:120 0:56 0:90 0:20 0:20 0:138 0:36 0:28 0:88 0:140 0:246 0:154 0:226 0:58 0:170 0:86 0:46 0:180 0:278 0:130 0:140 0:96 0:100 0:108 0:238 0:54 0:56 0:166 0:116 0:66 0:120 0:160 0:74 0:0 0:24 0:206 0:44 0:174 0:116 0:148 0:108 0:70 0:30 0:14 0:32 0:30 0:122 0:144 0:142 0:146 0:130 0:50 0:52 0:158 0:88 0:22 0:202 0:32 0:14 0:68 0:70 0:46 0:172 0:80 0:30 0:8 0:162 0:98 0:90 0:194 0:90 0:58 0:40 0:66 0:134 0:22 0:2 0:178 0:106 ; 
L -41 -15 -2 23 -4 -21 -25 -22 -32 -48 -32 18 39 35 2 -9 -42 -13 -11 17 18 45 -19 -8 -35 -12 -50 -26 29 -47 38 5 27 3 9 47 -26 37 15 -47 10 -39 21 -42 36 48 -46 4 -43 35 37 -5 -6 -19 41 -41 -46 40 13 -11 29 42 5 41 -28 17 11 25 -13 20 8 -16 21 -17 -14 -43 24 5 1 15 33 -7 15 -50 -7 -19 31 -10 -7 19 32 44 -43 -29 10 -22 -37 -7 -49 -25 -20 41 46 12 -9 -9 26 42 -21 -26 -50 45 44 49 -37 11 -46 22 -19 -28 -9 35 -50 27 10 16 -22 -17 46 37 27 -16 -36 48 -38 20 44 46 43 -47 -13 22 -50 44 7 24 -8 -18 -10 -22 15 20 -39 44 -8 21 -45 -38 29 -14 13 -35 40 -16 -12 -3 -15 36 43 48 19 -39 -7 8 17 -12 -42 -22 -27 43 -32 28 -35 -43 45 -2 -38 19 -35 -30 43 -1 -7 8 44 -21 -42 10 -37 -25 ; 
79 43 15 25 16 76 55 60 40 12 4 41 54 88 72 58 5 36 20 88 45 11 2 29 42 31 94 76 91 87 81 33 22 68 34 53 14 83 91 74 25 99 84 32 59 44 58 38 80 68 31 79 19 92 64 57 74 91 95 2 71 85 87 79 41 17 55 21 5 92 53 59 86 13 93 67 1 99 82 24 59 26 5 23 28 7 61 50 46 54 33 71 98 73 62 57 39 58 13 12 29 25 21 4 46 36 68 65 56 34 68 98 1 61 46 55 22 71 61 44 87 66 77 56 50 20 28 94 29 76 66 54 2 71 90 32 19 87 38 17 87 35 20 87 53 8 13 25 89 49 26 1 14 4 79 32 63 16 31 11 25 53 18 27 31 64 59 56 18 32 31 88 55 82 83 9 83 100 98 50 49 81 75 31 79 19 43 45 4 25 53 90 16 17 57 19 35 83 1 9 91 ; 
L -41 -15 -2 -5 -19 -48 27 -46 -52 -19 -37 -8 -26 -7 -18 -41 44 -15 -37 47 9 -15 22 -42 26 -21 -45 48 -38 20 -7 -22 -28 -9 -5 -53 -31 -7 50 -7 4 5 -37 -35 18 45 46 12 -15 42 12 -19 -48 -17 -8 -46 -41 -10 -39 -43 44 -43 -29 15 33 45 44 49 -48 25 10 -22 -37 -42 -35 -1 9 2 -11 -10 -22 -46 -43 -35 20 32 16 25 49 -36 30 14 15 3 13 -47 10 -39 -7 -21 -19 26 -13 35 -20 25 21 11 21 11 -27 -42 -13 20 -22 24 -8 29 -41 43 35 17 43 -44 54 -47 -13 19 13 -40 -40 42 21 -17 32 -32 -51 39 36 -12 17 19 -44 5 12 11 8 -44 7 46 -16 -10 16 -21 -6 -19 16 -50 24 7 -8 39 35 26 28 -14 -50 -42 -3 -43 22 38 2 -45 43 4 -23 37 -50 27 -41 22 32 -36 -55 43 50 8 38 29 -47 -9 -9 1 -46 -29 38 18 -37 -25 ; 
0:158 0:86 0:30 0:18 0:236 0:62 0:62 0:104 0:50 0:70 0:78 0:64 0:50 0:142 0:128 0:40 0:130 0:148 0:182 0:194 0:32 0:48 0:52 0:54 0:100 0:108 0:134 0:84 0:180 0:64 0:120 0:36 0:106 0:174 0:8 0:152 0:292 0:48 0:24 0:78 0:64 0:100 0:158 0:62 0:62 0:22 0:36 0:8 0:86 0:86 0:166 0:12 0:186 0:50 0:166 0:164 0:114 0:124 0:306 0:136 0:160 0:196 0:146 0:126 0:118 0:192 0:2 0:122 0:38 0:72 0:78 0:114 0:78 0:26 0:202 0:168 0:136 0:54 0:68 0:96 0:24 0:44 0:74 0:0 0:132 0:120 0:52 0:152 0:24 0:30 0:184 0:90 0:158 0:118 0:96 0:62 0:50 0:44 0:110 0:110 0:58 0:68 0:14 0:98 0:48 0:198 0:110 0:114 0:58 0:80 0:144 0:58 0:136 0:184 0:106 0:44 0:26 0:120 0:28 0:36 0:48 0:40 0:164 0:158 0:36 0:38 0:174 0:80 0:60 0:68 0:64 0:54 0:84 0:46 0:8 0:32 0:58 0:54 0:64 0:154 0:20 0:52 0:94 0:182 0:94 0:148 0:60 0:158 0:24 0:70 0:82 0:40 0:132 0:164 0:124 0:184 0:70 0:78 0:4 0:120 0:106 0:122 0:176 0:168 0:150 0:76 0:100 0:108 0:70 0:44 0:8 0:58 0:86 0:38 0:158 0:158 0:32 0:82 0:130 0:112 0:74 0:80 0:58 0:34 0:84 0:116 0:308 0:118 0:138 0:194 0:174 0:88 0:72 0:26 0:36 0:112 0:176 0:96 0:126 0:18 0:182 ; 
L -45 -16 14 10 -8 47 -44 25 -8 7 24 22 -5 40 -42 -50 -45 39 -16 7 3 15 29 -10 -46 6 29 45 48 -50 7 -14 -8 20 49 -50 9 -20 -29 -32 39 -24 -23 40 18 -36 49 17 27 44 11 -47 -39 -3 30 -35 38 28 -46 -47 -29 -17 22 -22 32 -49 -29 24 29 29 -30 -25 26 -12 -2 -15 17 -22 -36 -10 35 -28 9 -16 -40 -16 -25 27 21 -50 15 2 15 -36 -43 -12 19 16 -48 -7 -41 40 2 14 40 -7 40 42 28 47 -26 -7 32 42 -40 -1 -25 26 34 37 -28 31 46 -9 32 45 50 -24 4 -19 -22 40 22 14 -2 -8 31 26 21 -48 28 38 -39 30 -14 27 -45 47 24 -31 45 14 39 17 15 23 22 7 -43 -39 47 -47 -23 -8 -39 8 -21 -26 -49 -5 -46 33 44 -47 -45 6 7 46 38 36 -17 5 12 8 -46 -35 29 29 -45 2 39 17 -9 41 -47 50 41 26 -38 -45 ; 
36 89 42 74 75 26 39 7 64 27 66 43 12 45 91 3 9 48 68 26 67 23 60 1 87 81 2 16 85 51 15 23 88 96 70 78 46 52 76 93 8 26 30 58 68 8 25 80 78 21 19 72 45 91 21 29 5 98 59 74 52 83 81 91 65 14 97 46 50 12 18 38 97 28 33 83 78 97 90 31 15 50 41 75 33 20 43 2 47 86 69 60 97 24 47 85 51 82 21 25 85 98 31 10 50 45 35 22 34 28 68 56 16 73 82 61 95 86 78 14 80 55 76 81 20 8 31 92 19 24 40 34 35 52 57 82 71 25 2 91 73 74 97 19 29 56 88 90 96 32 1 82 35 46 31 26 3 34 50 94 50 21 33 71 47 7 61 63 51 72 98 19 37 1 94 5 61 52 54 78 81 68 69 88 26 41 33 79 21 85 61 43 97 42 52 8 46 26 3 10 46 ; 
L -45 -16 14 10 -26 -26 41 6 -17 38 48 -16 -40 24 -37 -19 -26 8 10 1 47 -49 -36 -23 7 53 -46 -35 -10 35 -28 9 47 -39 45 -36 -38 -9 -45 -42 -50 -27 -46 -47 -29 39 8 -25 -40 2 -39 30 39 45 12 22 17 15 12 27 -45 47 29 17 29 -17 -22 22 14 -2 50 -17 -49 46 38 -5 41 9 34 -4 54 -11 -44 -27 -50 35 -9 7 8 -24 19 36 22 -33 47 -26 -7 32 17 44 -32 45 -39 -7 42 -15 -20 -29 29 -30 -28 31 30 -22 31 -22 -16 32 7 44 -5 32 55 40 42 -24 -2 2 14 -7 -26 25 -15 43 -21 43 28 -40 8 -50 52 -28 -46 24 28 -14 23 21 -8 -40 -22 -21 -15 -2 -46 20 49 46 49 45 48 47 -47 -39 -25 -25 -50 15 -3 -14 -8 -47 18 -5 -45 -40 -40 -24 -16 7 3 -39 47 8 50 -16 -14 41 48 6 -29 39 -26 40 -29 36 -12 -51 -38 -45 ; 
0:72 0:178 0:84 0:148 0:86 0:128 0:94 0:336 0:252 0:62 0:142 0:142 0:22 0:104 0:58 0:66 0:28 0:164 0:208 0:228 0:108 0:48 0:94 0:4 0:90 0:64 0:14 0:82 0:70 0:30 0:100 0:82 0:94 0:44 0:96 0:238 0:156 0:222 0:100 0:244 0:6 0:58 0:106 0:148 0:104 0:172 0:26 0:128 0:24 0:136 0:154 0:38 0:54 0:12 0:66 0:292 0:118 0:62 0:20 0:78 0:176 0:180 0:36 0:30 0:164 0:84 0:188 0:46 0:104 0:114 0:70 0:274 0:160 0:104 0:80 0:226 0:22 0:98 0:86 0:10 0:0 0:348 0:38 0:42 0:80 0:80 0:44 0:42 0:40 0:162 0:112 0:74 0:180 0:176 0:144 0:136 0:112 0:32 0:136 0:94 0:46 0:114 0:50 0:34 0:104 0:64 0:96 0:152 0:76 0:36 0:208 0:110 0:170 0:80 0:52 0:80 0:56 0:50 0:28 0:80 0:34 0:88 0:234 0:104 0:44 0:78 0:42 0:62 0:20 0:92 0:140 0:172 0:78 0:18 0:242 0:44 0:96 0:86 0:66 0:102 0:66 0:112 0:168 0:48 0:64 0:20 0:240 0:20 0:122 0:114 0:102 0:66 0:94 0:194 0:192 0:164 0:140 0:74 0:190 0:150 0:170 0:124 0:54 0:90 0:34 0:40 0:252 0:138 0:54 0:84 0:90 0:98 0:56 0:66 0:50 0:100 0:70 0:92 0:156 0:52 0:134 0:216 0:100 0:70 0:246 0:108 0:18 0:136 0:220 0:96 0:176 0:64 0:6 0:148 0:54 0:64 0:62 0:26 0:2 0:20 0:92 ; 
L 20 -31 14 -8 44 27 -27 -23 34 26 -22 40 44 -33 50 40 -1 -3 47 -32 -11 -31 28 -13 13 2 13 -48 14 -12 -18 -5 -33 -44 8 30 49 29 -9 32 9 30 1 -24 -15 15 8 -13 9 -25 -38 29 5 39 1 28 41 15 4 -22 44 11 -44 -9 4 48 17 8 13 21 -45 13 -3 48 44 40 45 50 29 39 39 -42 23 6 -13 19 39 -48 -3 -43 39 26 29 -27 -42 -19 29 21 23 22 -34 3 14 7 -6 13 -28 20 21 10 25 21 -47 5 7 49 50 -2 40 -46 20 -23 -9 25 -44 -7 19 21 -46 18 -30 42 -2 26 49 25 -9 -8 -45 -45 -42 15 13 26 12 -25 -31 -18 3 -31 18 36 -38 -23 -14 -44 -40 -9 -35 -18 7 -1 -21 33 -21 -11 26 44 9 -50 29 -49 29 -1 -49 35 -1 -14 -28 17 -20 -34 7 24 14 -34 48 -44 -10 -7 45 -26 -20 -45 -28 23 20 -19 1 26 ; 
69 91 28 74 71 18 45 19 28 67 93 67 90 24 90 58 18 26 83 77 22 30 63 32 56 4 80 91 91 60 100 5 9 69 36 80 52 41 68 5 11 49 66 31 12 14 33 61 92 10 83 39 65 14 7 66 56 35 11 79 99 99 5 8 99 2 2 39 89 70 7 53 81 82 60 64 16 29 64 60 34 72 89 63 40 31 74 26 28 42 9 93 47 51 83 78 76 33 24 73 34 27 28 82 49 58 5 77 23 2 27 92 98 1 29 74 32 92 99 23 8 74 92 87 52 2 92 83 7 91 100 31 87 36 24 52 38 49 93 33 79 6 33 49 16 9 21 38 23 12 35 84 16 87 10 59 11 53 91 66 13 85 33 96 18 14 66 84 82 87 32 5 81 49 46 58 19 46 65 37 69 66 21 40 22 33 2 41 67 38 56 16 81 21 53 18 19 29 92 41 34 ; 
L -8 -7 45 1 -49 -13 -36 20 23 -49 -2 -9 32 -40 44 9 -49 -3 17 22 4 45 21 26 29 -27 13 43 -19 -45 -29 1 11 9 30 -46 -18 34 26 -26 42 45 31 20 18 -33 -44 23 -44 39 20 3 49 25 23 19 8 -14 -44 -48 -18 11 21 -33 27 9 27 -13 -21 -13 -8 -31 29 -24 -15 50 -9 -49 29 -1 40 -10 -42 13 -30 42 -48 10 -5 -2 19 39 -48 38 -20 7 -14 14 -9 4 44 -5 -46 -33 25 19 -40 15 -39 -8 -21 -18 15 13 8 -55 44 11 7 -17 50 26 -1 -47 3 14 21 26 -13 -34 -53 18 -2 -30 -39 -29 -50 -20 23 6 -40 -31 28 12 23 38 25 -9 1 28 5 39 -1 -35 -22 32 -42 48 26 44 -29 22 47 -21 -28 -13 50 40 -52 -12 -34 31 25 -34 3 7 -6 -9 -3 48 44 -23 -54 44 28 -15 -41 -28 51 21 -20 -14 -44 -45 35 -7 7 24 1 26 ; 
0:126 0:192 0:112 0:66 0:20 0:78 0:68 0:10 0:46 0:212 0:28 0:42 0:96 0:32 0:10 0:152 0:74 0:40 0:52 0:40 0:68 0:66 0:134 0:84 0:94 0:102 0:164 0:42 0:72 0:80 0:54 0:28 0:154 0:56 0:98 0:90 0:174 0:52 0:134 0:56 0:68 0:158 0:56 0:68 0:42 0:76 0:138 0:32 0:136 0:154 0:30 0:70 0:36 0:104 0:56 0:46 0:226 0:148 0:86 0:152 0:46 0:72 0:28 0:36 0:28 0:88 0:206 0:98 0:114 0:140 0:178 0:112 0:142 0:118 0:24 0:124 0:174 0:146 0:162 0:98 0:142 0:102 0:50 0:188 0:128 0:62 0:250 0:20 0:62 0:144 0:68 0:148 0:52 0:50 0:88 0:228 0:16 0:126 0:18 0:198 0:16 0:30 0:62 0:54 0:56 0:72 0:124 0:66 0:44 0:72 0:52 0:132 0:24 0:66 0:54 0:102 0:68 0:132 0:50 0:108 0:94 0:94 0:192 0:130 0:166 0:24 0:94 0:144 0:20 0:78 0:10 0:62 0:128 0:48 0:156 0:120 0:128 0:104 0:106 0:126 0:24 0:160 0:126 0:36 0:152 0:48 0:166 0:20 0:118 0:20 0:270 0:28 0:40 0:82 0:88 0:92 0:110 0:60 0:58 0:168 0:28 0:36 0:308 0:196 0:56 0:148 0:182 0:116 0:12 0:116 0:102 0:34 0:42 0:48 0:54 0:164 0:98 0:96 0:212 0:164 0:120 0:80 0:122 0:180 0:296 0:50 0:70 0:112 0:192 0:74 0:210 0:286 0:118 0:194 0:98 0:94 0:216 0:80 0:20 0:82 0:68 ; 
L 21 31 -38 -50 -9 -47 39 11 29 -36 -44 -25 41 -23 -40 -45 46 -41 -11 22 28 12 19 -22 -8 25 25 29 19 40 -34 40 -31 45 34 40 -20 21 8 -23 -18 17 34 13 13 43 21 -23 9 -29 -9 -12 -23 -19 47 -10 -50 17 -36 -5 -31 -31 40 -20 19 -23 -31 6 26 -2 -28 35 -23 -35 -2 47 20 -41 -50 -40 14 -3 2 12 11 -12 40 -19 -44 -6 -36 -38 31 -23 -40 6 7 -36 15 23 16 -2 -12 -25 -39 28 47 48 -44 15 41 33 42 11 -15 -27 -11 31 28 -19 -3 10 -12 33 -10 -47 33 -26 10 -42 -45 11 50 33 -3 -19 -8 20 41 -18 -36 11 50 -7 -9 -9 4 -38 -26 3 40 -39 43 6 -20 -4 26 -50 3 25 -4 -40 11 -3 27 -16 -18 -12 -27 37 -26 40 -1 -7 -26 15 -38 -5 -42 -23 -4 18 11 -45 -16 -20 -29 -37 -17 14 46 -41 -2 45 -15 41 -50 -11 -41 -4 ; 
28 6 78 20 95 94 8 97 65 4 85 25 37 92 47 23 89 56 41 29 89 35 36 14 91 12 67 96 68 56 21 27 96 56 100 60 42 96 98 66 64 68 44 12 11 69 80 67 95 40 14 40 74 51 46 18 3 16 95 33 92 40 39 50 52 42 25 61 44 81 95 50 48 13 46 67 81 58 5 64 13 44 47 23 11 55 59 82 53 80 44 11 44 49 87 100 22 42 67 9 66 63 42 15 90 8 97 89 88 81 76 67 65 31 7 80 96 84 12 12 88 36 91 3 40 7 11 72 64 88 42 40 38 2 6 53 57 14 96 12 34 6 98 17 25 5 16 57 66 77 26 90 60 44 94 32 62 47 26 30 2 45 63 8 83 53 2 51 39 84 75 2 27 57 42 27 24 31 21 77 55 46 71 49 86 5 99 21 86 60 19 57 43 87 85 35 11 22 27 35 12 ; 
L 21 47 20 -23 -19 47 9 27 15 -2 50 -25 18 40 23 -21 -33 -19 2 -33 47 -11 -11 41 -26 -17 14 23 -19 20 -40 31 3 -33 21 5 23 18 4 -41 12 9 -39 -34 40 -31 12 -36 -44 -25 46 -8 45 -13 -10 44 -48 38 -50 -15 11 -41 28 28 42 40 -1 15 29 -23 31 -35 -9 23 16 -3 50 -35 50 -3 -4 29 12 -20 -6 -26 18 -40 -27 55 17 34 13 17 -36 34 40 -11 38 26 -10 -16 -37 18 -41 12 22 -19 -12 -31 -10 -43 2 36 40 -29 11 -11 19 26 -2 -28 -36 3 7 -10 26 -31 -6 7 52 15 37 36 51 11 -40 -22 40 4 -38 40 -12 -19 -20 -50 -11 -39 -31 23 8 6 -20 46 -41 -38 -50 -9 -47 19 54 -5 -47 2 -33 42 -44 -9 -41 50 -7 27 -45 -25 -25 8 3 -14 45 -45 11 28 45 23 4 -43 39 20 41 3 40 -53 -15 23 -26 29 12 11 -41 -4 ; 
0:56 0:16 0:162 0:170 0:102 0:92 0:46 0:102 0:160 0:164 0:82 0:12 0:140 0:90 0:168 0:134 0:34 0:28 0:68 0:116 0:22 0:44 0:180 0:242 0:198 0:112 0:120 0:88 0:84 0:104 0:100 0:78 0:78 0:12 0:110 0:162 0:118 0:56 0:92 0:58 0:28 0:94 0:74 0:66 0:54 0:192 0:34 0:22 0:170 0:50 0:34 0:142 0:72 0:10 0:56 0:2 0:176 0:48 0:34 0:178 0:40 0:12 0:166 0:74 0:4 0:38 0:54 0:102 0:40 0:214 0:154 0:30 0:40 0:24 0:44 0:174 0:52 0:70 0:106 0:288 0:112 0:136 0:78 0:118 0:240 0:144 0:154 0:96 0:4 0:78 0:96 0:88 0:24 0:44 0:190 0:88 0:42 0:42 0:142 0:58 0:200 0:58 0:22 0:142 0:80 0:44 0:60 0:28 0:72 0:72 0:198 0:278 0:222 0:16 0:120 0:54 0:106 0:100 0:76 0:226 0:162 0:190 0:112 0:26 0:56 0:68 0:128 0:92 0:50 0:110 0:210 0:188 0:136 0:14 0:118 0:146 0:164 0:56 0:86 0:46 0:114 0:188 0:100 0:186 0:166 0:86 0:76 0:118 0:42 0:130 0:118 0:128 0:188 0:86 0:112 0:162 0:40 0:190 0:188 0:162 0:20 0:204 0:202 0:178 0:56 0:70 0:240 0:108 0:62 0:96 0:34 0:106 0:122 0:242 0:134 0:24 0:202 0:88 0:20 0:24 0:146 0:24 0:116 0:32 0:154 0:60 0:120 0:62 0:192 0:24 0:52 0:134 0:56 0:146 0:122 0:42 0:60 0:22 0:134 0:70 0:24 ; 
L 50 38 -14 4 5 8 40 5 -15 7 6 2 49 29 50 -12 50 26 -49 9 -36 32 14 22 23 -42 21 -32 3 -21 -1 -17 8 -36 25 17 38 -16 -47 42 -34 -2 -2 -38 26 34 40 -4 22 25 -7 -46 -39 19 28 6 -9 48 10 21 29 17 31 36 -19 50 -40 -11 33 -8 32 -10 22 25 10 -47 16 -23 -29 -16 -8 -6 22 -3 46 29 -3 32 14 -30 -22 6 38 49 -48 35 41 42 43 -29 -42 -27 -13 -11 46 22 -4 -8 -40 43 -6 7 -45 12 -42 -25 33 13 -33 -11 33 -34 46 30 15 31 -37 -43 -9 21 30 -9 34 -41 -6 -13 4 17 -21 -50 -37 -37 33 2 -47 6 18 -34 49 30 -45 -26 -7 -27 -10 -2 17 27 46 9 -16 41 -33 -25 3 -35 23 -7 1 36 -34 13 -50 30 3 18 -19 6 47 12 50 -40 -30 34 -26 -18 -2 -24 -30 42 -15 -31 28 36 -23 34 50 -39 -8 7 ; 
87 65 76 42 14 78 18 99 50 24 39 2 99 17 89 55 61 4 37 27 35 63 12 31 17 90 82 88 10 9 65 71 69 49 77 31 55 44 61 95 3 90 60 75 55 34 4 15 41 31 77 82 4 11 2 58 84 35 77 24 11 1 18 65 62 63 81 97 19 82 91 66 17 71 25 40 33 33 34 11 92 21 69 77 10 27 62 40 95 56 75 17 49 88 42 31 85 49 74 28 19 64 96 68 78 86 68 93 100 54 72 69 54 22 70 46 38 48 28 86 79 64 81 44 42 86 12 51 69 100 72 89 34 15 90 68 97 78 66 2 19 75 66 18 11 42 16 39 60 81 22 46 65 30 97 64 6 67 44 30 3 29 8 91 1 77 38 88 99 57 40 15 22 3 41 57 30 59 30 69 44 51 9 98 62 77 74 28 66 83 63 34 95 83 43 70 66 52 15 85 7 ; 
L 47 -43 -33 43 -16 -25 -13 39 40 7 -22 -14 -32 -9 -31 -15 -33 33 -15 4 -11 22 -2 8 -22 35 46 -50 -3 -46 -33 19 28 -26 -41 12 50 27 -36 -6 -37 10 7 4 -36 13 22 -48 46 -8 -5 -4 21 26 12 -50 50 6 29 22 10 29 -21 53 14 -30 -38 -50 -35 -34 -17 8 -36 19 36 -19 50 -21 8 -2 -6 -42 -11 -11 46 23 -7 25 17 34 -40 -48 -31 6 -9 3 2 -47 -30 40 5 -15 9 6 41 -34 29 -4 -7 -42 -27 -34 49 30 -45 -9 -26 30 -43 40 47 16 30 50 -49 -38 -6 -7 -32 32 -17 3 -13 2 10 51 41 1 45 -21 -39 37 -36 33 52 -2 -38 27 22 25 -29 -3 32 23 42 24 -25 -30 -23 -18 -3 34 29 -16 -18 -6 -18 -31 13 -14 -54 17 1 -55 42 -34 8 -38 34 -26 6 47 16 -9 -46 10 28 21 2 -23 34 50 -42 12 -42 33 49 -40 -8 7 ; 
0:52 0:206 0:120 0:72 0:64 0:166 0:138 0:34 0:38 0:108 0:136 0:62 0:24 0:138 0:192 0:172 0:170 0:24 0:230 0:70 0:160 0:14 0:176 0:182 0:92 0:64 0:118 0:38 0:118 0:12 0:180 0:78 0:4 0:16 0:68 0:44 0:88 0:72 0:26 0:50 0:204 0:86 0:88 0:162 0:124 0:124 0:146 0:104 0:54 0:36 0:156 0:28 0:88 0:10 0:38 0:110 0:96 0:36 0:14 0:46 0:138 0:24 0:100 0:26 0:132 0:112 0:132 0:130 0:174 0:144 0:150 0:138 0:98 0:178 0:74 0:124 0:126 0:340 0:8 0:144 0:4 0:54 0:240 0:186 0:90 0:112 0:176 0:82 0:62 0:132 0:58 0:124 0:152 0:106 0:168 0:82 0:124 0:22 0:104 0:88 0:198 0:100 0:48 0:44 0:180 0:30 0:84 0:138 0:86 0:108 0:128 0:60 0:120 0:162 0:44 0:74 0:42 0:162 0:154 0:108 0:276 0:122 0:18 0:172 0:98 0:176 0:98 0:92 0:42 0:74 0:132 0:92 0:192 0:224 0:128 0:78 0:120 0:204 0:22 0:52 0:104 0:114 0:10 0:82 0:90 0:40 0:150 0:124 0:110 0:62 0:52 0:28 0:20 0:130 0:164 0:160 0:120 0:138 0:14 0:238 0:114 0:102 0:38 0:86 0:114 0:32 0:118 0:142 0:170 0:94 0:50 0:176 0:34 0:140 0:54 0:6 0:40 0:234 0:24 0:124 0:108 0:60 0:152 0:6 0:60 0:66 0:124 0:48 0:174 0:222 0:140 0:132 0:232 0:88 0:140 0:168 0:114 0:58 0:196 0:170 0:14 ; 
L 42 49 -12 -26 9 -12 23 -28 35 48 45 -9 -21 9 32 5 -49 -45 3 19 -30 31 -7 19 39 -26 4 43 46 -10 -42 -2 39 16 -9 36 -10 -40 10 -32 -43 -37 -47 34 -24 2 1 3 2 -17 31 2 -42 -42 42 -19 16 -29 -13 44 -43 39 -49 36 2 -39 35 -37 -32 8 -13 13 6 17 13 -1 17 19 29 -40 -42 48 -41 8 -35 -5 11 9 33 31 21 1 -16 -29 -6 18 -40 -47 39 -22 -15 -48 45 49 10 -25 29 5 43 36 -46 45 42 47 50 -10 8 -38 50 -31 -3 18 -7 -26 -49 -48 -37 20 17 43 34 -16 17 25 -45 -22 28 6 -2 -49 -25 40 -3 4 -23 -41 9 17 9 -7 -3 -23 30 -19 35 -21 -26 26 19 -5 1 22 -3 34 27 22 26 -34 -27 13 -41 11 -38 8 -20 -30 43 43 23 -10 6 -1 -18 4 -45 -15 14 -24 -25 -37 18 -13 17 -9 42 -19 -45 25 11 37 ; 
25 27 53 49 74 99 76 36 30 56 38 16 70 40 72 23 3 34 41 33 89 13 91 80 40 15 90 78 8 74 64 29 85 57 20 30 44 43 58 38 46 88 32 76 40 98 36 32 25 54 51 80 37 93 13 58 7 33 73 3 92 13 68 98 9 90 34 18 99 78 76 78 45 80 80 88 30 26 81 10 12 26 8 50 20 100 78 5 42 88 90 66 98 92 17 63 45 61 13 84 58 11 11 13 96 74 37 45 9 8 64 83 94 48 16 24 29 86 38 40 78 29 44 13 98 74 86 37 55 4 77 18 11 51 64 46 47 98 87 56 89 60 33 34 65 81 94 6 10 92 67 67 22 91 67 22 81 57 17 50 34 69 61 94 7 6 19 43 1 60 39 4 90 56 90 72 43 34 71 88 96 12 87 55 35 49 27 4 47 33 12 76 89 41 73 37 95 47 34 24 2 ; 
L 42 49 39 -34 48 39 -1 19 -45 -41 -28 5 -13 13 5 -28 25 -9 13 -43 8 11 -25 -9 -8 49 39 -22 -46 45 48 -41 29 51 -14 -41 47 53 -2 -36 49 32 24 -10 -8 19 29 -40 1 26 -35 -31 -25 40 -3 38 -11 -49 42 -22 1 2 40 -43 -40 -47 -36 -20 13 29 -48 -27 -34 3 -22 -3 -23 30 -2 -49 19 -50 3 -21 36 -43 -25 42 -47 34 -16 -22 -35 44 -49 -48 45 -32 -43 -30 31 -7 19 39 -37 18 -10 -27 42 10 -34 -45 -16 -21 23 -17 4 9 -2 42 -26 42 19 19 -31 -33 -9 -39 -24 37 9 7 -18 3 -13 -18 4 1 -13 -17 -42 10 -26 21 -52 1 -12 -7 8 -38 50 -19 10 43 -18 -16 -43 -6 17 42 -17 16 17 -9 -23 15 45 35 -26 37 -46 -43 55 9 -12 23 17 -2 -54 -3 2 -6 45 6 45 -5 35 -5 -25 -26 4 20 -37 -32 -10 9 -15 -17 11 37 ; 
0:50 0:54 0:110 0:54 0:78 0:10 0:68 0:132 0:74 0:100 0:36 0:46 0:108 0:156 0:244 0:52 0:82 0:20 0:30 0:106 0:70 0:64 0:334 0:120 0:166 0:28 0:128 0:168 0:70 0:166 0:102 0:16 0:190 0:58 0:50 0:126 0:190 0:40 0:198 0:18 0:196 0:108 0:132 0:158 0:62 0:74 0:162 0:20 0:98 0:94 0:40 0:54 0:126 0:120 0:66 0:290 0:180 0:118 0:90 0:24 0:58 0:142 0:94 0:188 0:48 0:122 0:138 0:158 0:32 0:146 0:134 0:92 0:14 0:188 0:122 0:38 0:134 0:44 0:198 0:112 0:58 0:82 0:60 0:80 0:8 0:78 0:138 0:54 0:40 0:152 0:56 0:188 0:32 0:24 0:174 0:148 0:92 0:22 0:92 0:182 0:26 0:182 0:160 0:80 0:20 0:24 0:38 0:14 0:96 0:128 0:34 0:24 0:8 0:50 0:192 0:92 0:28 0:42 0:52 0:276 0:138 0:36 0:128 0:18 0:168 0:176 0:84 0:62 0:156 0:130 0:160 0:96 0:88 0:58 0:176 0:114 0:110 0:36 0:176 0:160 0:140 0:104 0:82 0:168 0:28 0:154 0:64 0:40 0:46 0:172 0:76 0:200 0:84 0:56 0:20 0:80 0:28 0:32 0:128 0:74 0:84 0:20 0:238 0:44 0:186 0:90 0:98 0:52 0:106 0:168 0:94 0:16 0:92 0:138 0:198 0:152 0:116 0:108 0:134 0:26 0:16 0:90 0:130 0:66 0:54 0:8 0:274 0:12 0:8 0:76 0:180 0:204 0:56 0:198 0:36 0:24 0:136 0:56 0:118 0:48 0:4 ; 
L 40 50 -17 -10 -25 30 40 38 20 -18 -19 23 41 -1 -37 -32 23 -15 38 -36 -14 50 31 -1 3 -27 13 -36 -14 38 -39 49 -18 -26 15 2 -23 -20 21 -49 7 -11 22 -28 -33 43 -9 -11 10 -39 -33 8 -5 -17 15 13 32 -19 34 -20 -26 -46 -42 -1 8 22 -27 -15 8 22 -42 -7 39 17 14 -10 28 -15 45 30 -11 -40 21 -26 -46 -35 -34 -34 13 -6 -5 -7 15 37 37 4 30 13 -48 23 30 12 23 -8 -16 35 33 39 33 -1 23 -8 -8 3 39 38 -29 30 -38 28 -3 17 1 -30 13 40 -2 -6 36 -44 -22 -3 -6 -40 -6 48 -36 -26 -50 20 38 -34 1 -34 -32 -41 -40 -25 -33 -25 -46 -17 -34 34 -3 26 -12 -29 12 -6 8 29 31 -16 13 46 -5 26 23 26 -20 -37 23 16 -15 20 19 27 -23 38 -3 24 -12 1 -5 50 -49 30 11 -48 -45 -18 -12 -24 14 -28 13 -7 -42 -44 ; 
73 95 69 99 85 64 29 66 19 88 90 5 35 59 9 50 69 4 38 59 80 61 49 6 57 43 68 30 54 100 30 38 25 4 38 79 26 37 23 37 9 50 7 47 27 65 41 64 70 14 16 31 93 66 99 66 32 86 20 67 65 90 82 71 6 75 39 4 61 35 57 87 9 58 10 32 50 70 98 53 46 96 65 52 33 10 92 5 55 36 34 83 35 27 55 62 67 87 23 29 31 15 58 95 1 52 100 18 21 71 13 77 27 22 93 56 90 74 17 41 16 52 74 57 69 78 95 29 27 87 27 91 46 52 87 65 74 4 99 2 52 60 47 12 71 66 100 94 43 25 3 68 66 97 12 99 32 12 41 57 22 38 95 8 79 79 45 47 13 69 56 1 49 82 88 65 85 60 74 39 96 31 81 6 86 64 38 48 64 83 69 43 9 24 33 48 72 29 86 1 39 ; 
L 40 50 33 28 -40 15 31 37 -3 38 -30 22 -36 41 -8 -51 -11 22 -7 18 -8 -34 -48 28 -15 30 -36 6 17 32 34 -8 -37 8 -43 -20 -45 32 -39 -28 -33 1 -15 7 -16 36 14 25 35 3 -13 -14 32 36 -48 -1 34 -34 34 -42 1 46 12 -24 -27 -39 -33 -35 16 5 -17 3 -28 12 18 3 -17 -46 -30 38 20 -15 -30 -50 -19 -1 23 -49 22 20 14 15 13 -6 29 -8 -26 37 30 -7 -23 40 40 6 22 -42 15 55 11 -17 8 -5 -17 15 10 5 -2 40 -9 46 26 20 -34 19 -20 -3 26 -23 21 38 -23 -12 39 -38 -1 -10 16 29 -26 27 30 -38 -10 30 13 -1 3 -27 -52 -24 40 -13 23 23 -48 -38 -44 -13 13 46 -5 26 -19 -31 -29 13 -4 50 25 -53 33 -33 25 -41 18 -50 49 12 -39 -14 54 -45 -26 -23 37 6 11 -23 -26 2 23 -8 1 7 -21 -38 49 20 -42 -44 ; 
0:146 0:190 0:38 0:110 0:164 0:52 0:178 0:148 0:108 0:24 0:34 0:46 0:62 0:90 0:118 0:38 0:122 0:14 0:134 0:24 0:26 0:130 0:72 0:118 0:140 0:206 0:58 0:54 0:60 0:124 0:142 0:150 0:132 0:26 0:286 0:30 0:132 0:10 0:162 0:104 0:54 0:110 0:56 0:70 0:108 0:114 0:140 0:74 0:224 0:72 0:98 0:112 0:234 0:94 0:148 0:22 0:94 0:76 0:194 0:62 0:114 0:140 0:40 0:162 0:34 0:234 0:36 0:200 0:104 0:46 0:32 0:104 0:32 0:54 0:18 0:236 0:136 0:14 0:60 0:152 0:38 0:112 0:88 0:268 0:106 0:42 0:40 0:50 0:72 0:120 0:38 0:42 0:56 0:72 0:180 0:324 0:50 0:60 0:44 0:150 0:32 0:68 0:162 0:104 0:166 0:114 0:24 0:158 0:80 0:48 0:214 0:186 0:132 0:198 0:186 0:154 0:178 0:84 0:34 0:48 0:180 0:130 0:134 0:40 0:112 0:10 0:198 0:64 0:186 0:54 0:46 0:116 0:38 0:60 0:104 0:100 0:190 0:152 0:36 0:118 0:84 0:44 0:98 0:52 0:174 0:44 0:114 0:86 0:98 0:66 0:58 0:48 0:50 0:44 0:42 0:172 0:90 0:52 0:236 0:158 0:90 0:94 0:26 0:74 0:190 0:202 0:140 0:46 0:136 0:98 0:36 0:62 0:96 0:184 0:64 0:38 0:84 0:48 0:42 0:64 0:142 0:130 0:156 0:138 0:44 0:146 0:204 0:56 0:94 0:50 0:118 0:154 0:102 0:78 0:98 0:104 0:122 0:140 0:232 0:2 0:78 ; 
L -16 -13 40 45 -36 21 21 43 3 -47 -7 48 20 20 -47 -10 -6 10 39 38 34 6 -15 -1 14 21 41 -15 -42 -47 38 47 -28 -19 47 25 -17 31 -35 13 9 -41 -19 31 23 -23 -48 -31 45 24 -36 -31 30 -47 -11 -18 -32 15 -24 47 10 29 17 -5 27 17 -26 37 -12 -26 21 -37 5 -3 -9 28 -19 -40 38 -50 40 -50 4 -47 -1 -26 -2 -40 34 -32 -4 -27 33 34 -27 -36 3 37 -28 -2 -13 13 -9 18 21 -30 42 9 36 -14 3 -43 -19 45 -42 -36 -24 30 22 12 12 36 4 7 -9 10 39 -37 -37 -26 -47 20 49 49 21 41 -8 17 -35 8 13 -6 -22 42 46 15 -12 6 29 -7 -24 40 -4 21 12 1 -34 4 -46 -48 -45 7 -43 48 -43 39 14 -24 12 -22 23 36 44 38 -12 7 7 -17 7 -2 -15 -14 3 -8 10 19 15 -33 -44 -48 -9 -21 -47 16 49 -20 -32 44 -43 7 ; 
15 92 97 68 90 74 34 66 4 77 54 50 76 89 44 69 6 73 91 92 100 20 29 22 24 42 25 6 4 61 89 17 78 85 75 68 57 2 61 62 4 41 84 38 3 31 82 79 69 48 44 35 95 14 31 17 15 19 4 63 31 21 49 97 10 35 10 71 56 88 51 53 69 23 23 97 42 18 86 80 28 55 28 71 2 9 55 93 77 61 7 5 39 63 2 63 19 35 46 80 36 4 51 93 42 98 72 26 63 30 28 16 66 45 23 82 41 71 90 34 18 97 12 73 50 25 52 49 68 38 15 87 48 51 78 75 31 68 48 63 14 89 73 24 48 81 58 4 71 2 48 38 35 80 11 38 97 94 44 49 34 39 92 47 36 85 69 93 66 61 100 63 4 84 70 69 42 38 24 54 71 98 40 18 77 74 28 54 30 72 30 99 34 69 93 83 36 3 7 12 44 ; 
L -23 -21 12 48 40 -26 43 -18 47 -15 -17 -32 15 -47 -39 43 10 48 7 14 -24 14 -8 -9 14 6 -33 -36 45 -7 34 -27 -48 -36 32 -5 44 -26 -5 13 -9 36 4 7 47 -34 -48 -20 3 -47 3 -38 -7 -39 18 -7 25 13 2 28 -37 -43 2 21 -12 12 -34 -40 50 47 -3 14 -36 -40 24 21 -22 23 36 -34 4 44 21 -15 47 -9 26 37 37 19 28 -22 -9 -17 35 -31 -24 -49 -41 33 27 38 -46 44 31 -3 10 6 -13 -43 -30 27 4 -4 7 -10 -13 -19 -8 -12 12 17 47 10 -15 -46 54 -21 40 45 -36 49 47 -29 28 -19 40 48 29 24 -47 -1 -31 53 42 9 21 -30 6 -15 41 -24 -26 -19 38 -45 19 -1 -12 -39 -10 -32 -23 -12 -22 -30 -9 13 49 52 -4 21 45 11 17 6 16 37 -41 -21 -16 -20 38 42 7 -42 -47 55 -2 -51 -15 42 36 20 8 31 -35 3 -43 7 ; 
0:34 0:124 0:78 0:168 0:296 0:40 0:134 0:162 0:48 0:12 0:36 0:108 0:38 0:14 0:136 0:126 0:72 0:74 0:84 0:32 0:186 0:284 0:158 0:142 0:18 0:164 0:106 0:204 0:82 0:4 0:94 0:4 0:44 0:120 0:24 0:150 0:106 0:138 0:72 0:20 0:102 0:216 0:24 0:146 0:42 0:50 0:120 0:88 0:40 0:154 0:64 0:170 0:44 0:126 0:48 0:80 0:258 0:96 0:72 0:160 0:92 0:50 0:44 0:102 0:46 0:22 0:94 0:158 0:56 0:200 0:132 0:56 0:60 0:112 0:124 0:106 0:20 0:200 0:126 0:140 0:188 0:92 0:10 0:186 0:128 0:52 0:92 0:76 0:136 0:102 0:170 0:272 0:48 0:16 0:132 0:122 0:12 0:138 0:132 0:50 0:148 0:46 0:82 0:56 0:16 0:8 0:56 0:48 0:178 0:120 0:110 0:160 0:10 0:50 0:98 0:132 0:24 0:186 0:62 0:148 0:18 0:100 0:20 0:68 0:72 0:52 0:90 0:126 0:288 0:92 0:180 0:228 0:170 0:88 0:126 0:84 0:140 0:280 0:80 0:96 0:10 0:26 0:12 0:140 0:110 0:52 0:38 0:196 0:98 0:58 0:116 0:48 0:186 0:160 0:112 0:112 0:54 0:62 0:76 0:34 0:182 0:184 0:68 0:22 0:68 0:180 0:64 0:104 0:122 0:32 0:186 0:160 0:150 0:64 0:166 0:80 0:172 0:148 0:192 0:58 0:106 0:134 0:250 0:30 0:20 0:48 0:122 0:120 0:168 0:60 0:4 0:64 0:98 0:230 0:70 0:12 0:14 0:92 0:130 0:24 0:88 ; 
L 29 -18 -25 42 -19 44 -33 -37 28 -20 3 18 -24 -16 -42 17 -39 -47 23 33 -31 -32 7 -19 10 34 15 46 -16 1 48 -7 30 -15 -34 33 42 -28 -42 -27 -9 46 -1 -28 -28 -20 -41 -38 31 1 7 -47 -4 -36 32 13 47 -12 -34 -18 6 36 17 19 -47 -33 14 22 -27 12 -6 14 -3 17 48 42 -27 -42 3 -17 1 13 23 43 -35 -29 30 23 -24 44 -48 10 -16 5 1 16 22 16 -35 -43 -6 10 -50 39 36 -47 -1 -27 -20 -29 11 -27 -6 -6 5 20 -45 -32 -31 -4 -44 -39 28 36 40 18 -33 -18 13 -21 50 50 -28 -11 34 -48 -29 -10 -48 -27 -9 2 36 -12 -15 -30 36 38 -28 -37 -34 -27 7 -45 -5 11 35 10 16 -29 -8 -6 -17 -25 21 11 30 40 -28 14 -39 35 26 -35 -1 7 13 38 -21 -2 -20 19 10 -31 27 16 -37 -12 -14 -33 -26 -50 -20 27 47 48 -43 50 -18 2 ; 
89 85 50 25 100 8 46 59 29 86 14 53 70 85 74 44 94 67 70 38 92 81 51 35 48 75 41 43 51 57 14 80 16 2 4 22 7 20 17 21 51 62 23 48 46 26 77 38 86 22 50 63 12 94 70 71 85 100 88 37 16 66 27 88 82 77 41 66 48 16 87 71 67 97 80 13 23 43 83 68 49 73 78 47 57 39 67 41 79 39 98 32 51 52 5 19 94 83 55 52 37 55 90 7 25 25 57 69 51 47 60 81 5 1 72 68 52 20 64 27 4 23 34 47 27 18 75 7 4 2 41 80 58 53 91 2 94 24 6 97 48 77 2 46 61 93 11 79 93 13 44 65 9 25 59 37 76 75 1 59 50 50 47 82 48 86 91 56 60 85 55 99 54 65 31 30 60 31 88 51 82 5 7 50 59 86 35 34 42 59 52 48 92 70 99 99 77 70 85 84 19 ; 
L 29 -18 -25 28 28 -54 11 -18 6 36 17 19 -14 -33 -26 -50 -5 31 7 8 34 -16 -22 -16 -1 20 2 51 -1 32 40 -26 47 -50 -44 -31 -37 -12 -50 -37 27 36 -33 -50 1 -42 45 -21 -10 46 52 28 -42 -15 -21 25 -5 11 -6 -19 38 53 17 28 -48 18 33 -36 -2 9 27 48 10 29 -28 -45 12 -29 42 39 -47 -27 -28 43 30 3 10 -10 28 42 -24 44 -7 -48 -30 -29 20 -16 13 -15 28 27 -39 -47 -12 48 42 27 -4 10 34 -24 -16 -42 -14 -1 -17 -47 -4 -17 36 -10 -9 -34 27 34 -33 -7 11 -5 6 6 47 35 -35 40 27 -43 -23 -13 19 1 -35 39 21 48 -20 -29 -11 55 30 23 -20 -32 7 22 17 20 -3 -18 -35 -16 18 23 33 -35 1 -30 -43 -6 -13 -7 -32 27 16 -50 -14 -36 -6 38 -37 19 14 -46 -48 1 -34 31 15 -13 44 -12 38 41 -39 -47 -31 20 -18 2 ; 
0:178 0:170 0:100 0:116 0:92 0:106 0:40 0:102 0:32 0:132 0:54 0:176 0:10 0:118 0:104 0:96 0:174 0:70 0:44 0:170 0:22 0:76 0:126 0:188 0:58 0:112 0:164 0:64 0:212 0:136 0:86 0:156 0:86 0:130 0:102 0:152 0:82 0:68 0:148 0:130 0:24 0:162 0:26 0:186 0:138 0:52 0:50 0:56 0:194 0:40 0:94 0:222 0:40 0:92 0:138 0:96 0:26 0:74 0:70 0:24 0:44 0:120 0:148 0:78 0:122 0:102 0:14 0:202 0:4 0:154 0:96 0:194 0:12 0:48 0:84 0:60 0:148 0:134 0:168 0:28 0:82 0:198 0:22 0:42 0:110 0:230 0:92 0:96 0:68 0:50 0:364 0:78 0:166 0:76 0:190 0:170 0:166 0:138 0:108 0:96 0:90 0:72 0:56 0:134 0:28 0:62 0:26 0:86 0:78 0:56 0:142 0:96 0:170 0:148 0:40 0:28 0:154 0:166 0:24 0:264 0:102 0:34 0:66 0:100 0:18 0:130 0:216 0:68 0:234 0:138 0:144 0:2 0:12 0:32 0:140 0:74 0:76 0:56 0:94 0:156 0:140 0:80 0:136 0:198 0:50 0:126 0:58 0:94 0:54 0:118 0:164 0:82 0:98 0:112 0:102 0:120 0:248 0:198 0:68 0:68 0:10 0:112 0:94 0:110 0:76 0:168 0:156 0:24 0:170 0:74 0:102 0:120 0:48 0:172 0:34 0:140 0:114 0:232 0:48 0:68 0:214 0:90 0:268 0:12 0:146 0:10 0:52 0:308 0:40 0:14 0:86 0:114 0:184 0:76 0:82 0:140 0:116 0:32 0:14 0:168 0:38 ; 
L 23 25 25 -21 -20 43 44 16 -43 -30 -40 -7 5 50 18 -33 -23 -26 -48 -33 -6 20 -35 -21 -43 43 -22 47 -27 10 -14 -24 11 -8 2 -24 -29 50 -15 -31 41 -49 41 12 43 22 -42 -24 29 32 -39 1 39 -12 35 -13 28 14 34 17 -36 -28 -22 -42 47 -23 -35 -10 -27 -37 -47 7 43 -21 -29 34 -5 -47 32 -24 -35 43 18 33 -35 37 -4 9 12 -7 -1 44 -13 -21 -32 18 16 28 50 -27 -24 -27 -22 -14 14 25 48 34 21 44 -15 -40 -29 36 43 39 22 11 -9 -18 45 -25 50 23 -36 -2 50 28 19 20 12 -48 16 1 35 39 36 -21 43 -1 19 -13 41 50 5 34 -2 50 47 -2 37 46 24 -3 -46 48 26 -44 48 32 -1 29 -2 6 19 -45 6 -42 40 -41 26 -32 -34 -23 4 -15 -46 -36 -28 41 -31 43 -24 25 -17 32 -30 21 6 -5 -25 -10 -24 -1 49 -21 -48 46 -44 49 ; 
2 8 67 22 71 22 28 69 6 40 84 88 99 53 28 25 53 85 13 75 39 11 47 37 13 39 21 84 91 6 40 20 11 93 22 47 37 5 64 11 8 45 89 46 48 57 98 74 58 32 41 2 77 82 4 53 24 23 44 70 51 37 67 81 98 67 47 13 45 60 40 64 97 73 79 95 3 68 25 16 64 58 64 49 97 89 34 81 65 1 1 71 74 60 84 54 52 52 62 37 94 7 66 67 31 9 28 38 44 61 37 56 93 31 20 50 45 7 73 50 83 11 72 98 35 26 30 14 29 71 16 86 49 52 60 23 9 25 63 45 20 33 29 72 63 38 61 67 35 98 51 92 20 31 2 40 84 64 16 67 62 60 43 33 38 60 90 47 90 87 77 32 24 73 46 5 90 86 6 3 7 93 15 20 20 92 50 30 27 8 54 57 15 31 76 16 72 45 12 70 57 ; 
L 23 -4 9 12 -7 16 -47 34 27 5 10 44 -26 -48 50 -24 7 40 -37 36 -43 -13 48 26 -7 -47 -43 2 44 13 22 27 6 19 24 -35 -21 -43 -4 -2 -1 -35 32 -39 45 42 20 50 -8 -14 14 -36 44 -39 -35 -16 -15 -46 -24 25 20 -25 -25 -37 -18 -37 18 -48 -32 36 -21 28 19 -13 34 -22 -42 -29 50 30 -32 46 -46 25 23 -12 -32 32 -24 -1 41 -40 40 28 50 23 33 -18 -27 -24 1 -21 21 -23 -1 49 -43 -46 48 21 16 28 -48 43 -22 32 -39 19 -1 24 52 -50 47 5 -34 29 21 -23 -26 47 -10 -50 -6 10 24 22 6 5 -12 -2 21 -25 48 -35 -35 -29 29 -31 41 9 -11 -22 -39 -43 2 -34 -5 -14 -25 -17 -34 -14 30 50 54 45 -43 -28 24 -3 -17 15 33 -35 -20 11 -15 42 -31 -18 -43 43 33 -41 55 53 2 36 -29 1 -43 -47 44 -12 -41 41 -51 6 -44 49 ; 
0:4 0:60 0:162 0:130 0:2 0:158 0:196 0:46 0:150 0:92 0:66 0:34 0:36 0:26 0:216 0:50 0:122 0:176 0:232 0:88 0:180 0:120 0:8 0:168 0:38 0:112 0:18 0:54 0:278 0:126 0:78 0:132 0:30 0:68 0:54 0:82 0:74 0:26 0:56 0:144 0:68 0:150 0:78 0:252 0:164 0:6 0:78 0:70 0:10 0:94 0:62 0:32 0:176 0:140 0:46 0:46 0:82 0:180 0:70 0:40 0:34 0:36 0:134 0:24 0:80 0:116 0:114 0:44 0:8 0:44 0:50 0:90 0:24 0:130 0:88 0:76 0:162 0:88 0:10 0:134 0:100 0:148 0:124 0:186 0:88 0:218 0:84 0:86 0:32 0:102 0:68 0:174 0:54 0:184 0:62 0:162 0:106 0:50 0:244 0:188 0:56 0:106 0:46 0:116 0:166 0:130 0:108 0:260 0:90 0:144 0:236 0:104 0:70 0:48 0:42 0:360 0:82 0:0 0:144 0:154 0:166 0:68 0:100 0:136 0:6 0:190 0:158 0:20 0:32 0:156 0:140 0:78 0:84 0:44 0:106 0:52 0:140 0:122 0:132 0:12 0:140 0:98 0:126 0:102 0:48 0:50 0:82 0:102 0:16 0:74 0:146 0:14 0:90 0:100 0:12 0:122 0:76 0:90 0:56 0:88 0:140 0:88 0:26 0:50 0:130 0:124 0:156 0:180 0:64 0:62 0:6 0:100 0:14 0:194 0:158 0:110 0:180 0:30 0:68 0:68 0:34 0:82 0:54 0:78 0:52 0:106 0:58 0:52 0:76 0:28 0:90 0:54 0:20 0:124 0:92 0:68 0:56 0:152 0:24 0:140 0:114 ; 
L -47 14 -50 -37 -27 -48 15 47 -37 15 -43 30 25 -45 20 -22 19 47 -46 -3 29 34 42 24 48 -36 42 -24 8 24 7 -27 32 -39 -20 -31 -6 1 -14 -47 -19 -8 -44 -49 13 42 48 -22 -36 -40 -28 -40 -48 -23 -27 46 16 -50 15 27 -42 -39 -18 34 24 -41 -42 -45 -12 41 -18 43 -16 -1 25 15 -14 18 -43 -13 -24 44 4 -1 -32 -19 -44 -50 36 18 38 -3 -34 40 45 -9 33 -49 -35 32 40 -27 29 -40 -39 -20 37 -47 34 -38 -13 -25 44 21 44 -48 -7 36 -44 -24 -6 35 18 -10 -27 45 -1 4 13 19 7 -33 -30 7 40 -14 16 23 -39 41 -14 -26 -28 -43 21 27 -42 47 13 -32 46 15 -24 -31 -7 -3 12 -41 36 44 4 -13 29 -8 29 -24 -49 17 -32 14 -26 -48 -8 -46 26 -47 50 -36 -28 -12 -10 22 -47 -11 18 -37 38 -14 27 -8 -15 -31 -21 -3 1 22 48 2 -23 -9 ; 
49 38 59 15 7 81 54 76 87 41 84 88 42 17 59 38 74 16 42 11 34 47 11 23 23 8 93 33 26 34 42 47 16 34 66 20 23 5 85 78 62 31 15 15 66 68 3 25 71 78 11 3 81 50 19 64 35 66 72 13 90 63 28 33 97 57 37 58 6 35 64 86 33 55 53 90 61 50 69 23 92 98 23 53 90 82 17 25 36 46 69 25 26 16 12 11 87 35 39 43 87 27 85 18 74 64 20 1 49 78 24 93 30 66 90 67 59 69 77 64 48 10 71 99 51 19 61 69 13 66 1 20 68 46 18 65 16 54 36 61 65 3 50 58 32 28 28 86 42 79 87 48 19 67 73 77 76 30 43 81 22 32 43 98 82 60 60 77 65 52 33 20 8 73 64 56 74 20 35 81 51 62 98 75 51 74 70 81 96 39 37 64 41 66 51 84 15 38 14 6 6 ; 
L 21 31 -40 7 32 -39 49 -36 -23 -45 46 19 -6 52 -39 48 24 40 -29 47 -42 -32 42 41 -24 -1 3 38 16 -43 41 -44 -50 36 18 38 -37 38 -12 34 48 26 24 37 -47 -8 3 -42 -33 -19 -33 32 -13 -18 3 42 -32 -14 44 -21 20 26 28 36 -50 -16 -46 47 -18 48 14 22 14 -1 -43 21 27 -46 9 -37 -27 -13 40 4 47 28 26 -44 7 14 -7 34 -15 -25 1 36 -1 32 -17 -16 7 40 -2 54 10 -18 27 -22 -44 12 -48 -42 -13 55 -27 45 4 13 -13 -25 8 -29 36 -48 -24 -42 -8 -15 13 -1 -8 -27 -7 -34 29 -18 -51 -23 41 -45 47 44 -20 -31 -6 -41 12 -8 -50 -27 11 22 -30 14 -4 35 28 -48 -24 -35 24 34 27 25 -45 20 -22 -15 15 47 -37 -44 15 -24 -24 -49 43 -18 48 -47 -36 -40 31 -14 -15 -44 14 30 10 -3 39 40 46 -47 -43 -50 -29 53 -23 -9 ; 
0:10 0:82 0:206 0:66 0:108 0:68 0:222 0:166 0:148 0:310 0:92 0:100 0:116 0:186 0:50 0:40 0:234 0:138 0:60 0:156 0:88 0:160 0:50 0:74 0:114 0:188 0:102 0:124 0:16 0:66 0:228 0:78 0:50 0:72 0:92 0:138 0:56 0:140 0:58 0:128 0:200 0:40 0:74 0:184 0:174 0:296 0:48 0:108 0:14 0:68 0:18 0:214 0:158 0:60 0:102 0:102 0:102 0:140 0:132 0:68 0:120 0:210 0:92 0:70 0:40 0:62 0:70 0:138 0:16 0:82 0:8 0:100 0:162 0:170 0:80 0:64 0:56 0:86 0:134 0:28 0:14 0:62 0:86 0:74 0:116 0:198 0:100 0:32 0:138 0:136 0:84 0:36 0:86 0:180 0:106 0:66 0:124 0:40 0:130 0:38 0:84 0:172 0:34 0:146 0:28 0:198 0:68 0:98 0:128 0:76 0:188 0:6 0:136 0:108 0:126 0:38 0:230 0:26 0:34 0:186 0:158 0:196 0:162 0:16 0:46 0:52 0:142 0:74 0:168 0:56 0:52 0:38 0:96 0:64 0:116 0:86 0:156 0:64 0:18 0:38 0:24 0:210 0:114 0:40 0:46 0:48 0:70 0:72 0:244 0:160 0:96 0:202 0:60 0:40 0:136 0:20 0:2 0:54 0:192 0:192 0:54 0:120 0:186 0:70 0:34 0:118 0:76 0:80 0:58 0:44 0:2 0:52 0:234 0:38 0:158 0:120 0:110 0:138 0:82 0:84 0:90 0:156 0:114 0:130 0:24 0:44 0:20 0:26 0:24 0:12 0:218 0:12 0:46 0:84 0:152 0:268 0:116 0:60 0:56 0:12 0:12 ; 
L 7 46 40 -14 -36 -37 40 -6 12 40 -20 -1 -44 -24 -34 -19 42 -49 12 -26 2 -33 -23 6 40 45 3 -37 -47 32 19 -45 -23 -14 -41 -6 43 44 -45 50 -44 46 -17 44 10 -46 39 14 -4 46 -22 40 4 42 -37 -25 38 -7 22 -45 -26 -2 -49 -41 12 12 -46 28 20 -37 37 -22 7 -33 -2 6 40 2 47 -22 4 41 8 20 -20 -34 12 -39 -48 20 -31 -8 8 -35 31 31 -3 -47 9 7 -13 5 32 -18 21 -26 2 -11 19 11 -5 -22 36 36 49 40 33 15 45 13 2 -2 -49 -7 -18 -19 17 32 40 35 12 -26 -37 -31 -47 15 24 -16 -4 29 -37 -14 20 -1 -23 -16 13 -7 -38 -5 -39 -47 -16 -6 9 -12 -12 -1 -30 27 10 -5 16 22 18 40 -12 -17 30 -5 -33 21 44 38 5 -25 -17 -47 28 -36 36 -22 42 -45 -13 -33 -12 -26 8 6 -29 -15 37 24 45 -30 -3 -8 -43 32 ; 
60 88 46 11 53 47 17 77 86 52 79 83 10 35 11 38 74 51 93 86 63 38 89 27 59 7 85 76 52 84 63 92 90 50 82 31 73 7 8 27 45 15 45 15 76 38 66 48 61 68 81 73 48 96 93 65 80 16 49 55 49 62 32 59 52 13 51 83 94 99 56 94 43 95 3 34 21 62 93 46 5 80 55 28 90 63 13 50 97 46 68 81 14 73 11 49 87 24 86 16 12 78 41 12 48 76 69 75 3 36 19 8 9 24 43 67 4 58 92 19 14 85 73 23 51 42 30 62 49 61 52 85 45 14 39 81 76 12 87 72 17 20 50 48 47 54 95 27 51 90 26 21 63 81 86 92 24 85 77 21 75 9 25 76 18 71 32 15 94 8 85 51 77 60 2 75 49 8 46 19 23 56 62 81 70 34 49 59 86 44 66 27 45 61 7 46 69 70 31 9 11 ; 
L 7 46 -25 37 15 29 32 26 34 17 2 -2 40 44 1 4 -20 -28 -13 -45 -46 -22 -16 5 8 -7 -1 -23 -40 26 -8 -11 -45 -10 36 -36 47 27 -6 -7 -38 -8 40 -20 -18 24 -15 -20 14 34 -37 37 47 -17 44 10 -19 17 3 30 -46 39 -14 -13 -17 30 -5 -12 53 31 37 -41 -4 -47 12 33 -45 -51 13 38 16 -35 22 -5 -23 -5 31 -44 19 -43 -49 -20 48 39 -12 -21 18 2 21 -54 -15 -33 -41 12 12 -46 -5 -49 -30 -7 -31 39 -41 -12 -13 -40 -6 -46 -37 36 14 -40 12 1 -40 -8 -11 19 -29 2 49 2 -55 12 -22 22 12 -9 3 -33 -23 36 40 16 -6 -28 -22 45 -6 26 -47 -32 -7 -9 40 -20 -33 -14 20 -36 22 3 -31 -40 -18 47 42 -37 -25 -32 -37 42 49 -37 -47 -12 -35 2 -5 -45 50 24 -42 -4 -16 45 2 26 45 -22 -38 24 -6 -7 6 -33 -52 -8 -43 32 ; 
0:120 0:176 0:158 0:98 0:84 0:54 0:58 0:30 0:38 0:34 0:40 0:64 0:30 0:56 0:20 0:136 0:80 0:188 0:148 0:38 0:204 0:46 0:152 0:50 0:64 0:72 0:174 0:94 0:62 0:202 0:112 0:166 0:66 0:154 0:6 0:298 0:30 0:82 0:18 0:24 0:102 0:104 0:64 0:158 0:94 0:62 0:122 0:144 0:116 0:166 0:54 0:112 0:196 0:70 0:30 0:152 0:90 0:60 0:108 0:138 0:20 0:132 0:68 0:46 0:78 0:188 0:16 0:72 0:178 0:66 0:64 0:146 0:160 0:18 0:118 0:98 0:78 0:22 0:166 0:48 0:134 0:122 0:20 0:104 0:32 0:62 0:44 0:126 0:104 0:68 0:60 0:182 0:92 0:194 0:100 0:140 0:96 0:132 0:172 0:204 0:72 0:116 0:8 0:104 0:100 0:120 0:152 0:144 0:282 0:32 0:128 0:36 0:156 0:30 0:82 0:80 0:118 0:44 0:106 0:114 0:106 0:22 0:86 0:84 0:104 0:156 0:94 0:6 0:118 0:132 0:66 0:146 0:148 0:14 0:162 0:60 0:90 0:184 0:54 0:246 0:178 0:88 0:28 0:174 0:30 0:264 0:84 0:148 0:50 0:78 0:56 0:54 0:142 0:32 0:216 0:82 0:150 0:22 0:100 0:50 0:18 0:16 0:174 0:86 0:142 0:30 0:348 0:186 0:130 0:220 0:188 0:102 0:40 0:136 0:104 0:208 0:104 0:156 0:146 0:126 0:54 0:16 0:76 0:118 0:80 0:124 0:104 0:124 0:98 0:110 0:30 0:26 0:26 0:316 0:196 0:186 0:16 0:112 0:148 0:18 0:22 ; 
L 28 -41 -14 4 -50 -24 -22 -40 -20 -21 49 -11 -35 -23 29 -14 24 33 40 -4 -14 32 -21 28 -7 24 -33 5 39 19 46 -31 4 11 18 -5 -39 18 11 -23 -30 -35 -43 -12 50 10 14 13 -38 16 -22 -5 -38 -17 -15 -5 45 -26 -29 -35 -12 -38 8 -2 26 -1 -12 15 42 -30 -7 13 -19 -17 41 -25 -24 12 8 30 15 31 23 23 -17 -23 -38 26 -34 -50 38 43 26 -27 43 32 2 10 -22 19 31 39 28 25 30 -21 -13 -15 46 30 -45 -39 -20 -42 -9 -16 43 -8 33 16 40 50 11 30 -18 -13 -16 2 -15 -24 -44 24 50 -15 44 29 22 -30 -27 50 -9 -49 -42 34 -27 -21 -7 37 -45 -25 -31 -43 -19 -37 -8 33 30 -44 -18 11 -8 -14 36 28 37 -3 -22 -16 6 -45 48 20 -5 14 -14 21 49 -39 -44 37 42 41 12 2 19 -14 11 -17 -33 21 12 -31 -36 40 36 -48 -11 -50 9 -21 ; 
17 34 39 100 74 33 89 77 70 23 61 82 78 22 27 85 57 48 33 16 32 53 84 61 92 66 23 55 58 96 71 47 81 87 85 42 85 69 17 43 56 55 2 10 44 38 33 68 37 74 15 97 44 28 14 76 6 50 35 69 60 60 45 51 36 4 53 24 58 8 53 23 25 50 83 10 47 33 38 65 99 72 46 81 10 90 11 17 87 11 66 13 67 20 58 9 53 85 15 1 4 1 71 22 23 74 14 82 48 7 98 77 15 81 19 63 7 10 25 82 79 71 98 22 5 60 59 38 64 30 57 41 66 90 17 39 100 60 27 6 74 5 90 72 77 72 9 85 61 29 38 67 77 49 4 33 39 75 74 71 52 74 43 16 77 44 30 63 48 78 39 24 62 54 83 79 44 87 49 68 11 9 24 81 68 55 63 78 54 67 84 66 51 59 100 11 86 73 97 60 96 ; 
L 28 -41 -14 4 14 23 5 -41 -7 30 -21 -15 46 38 -13 -14 -10 -50 12 51 36 -48 -11 11 49 -24 12 8 26 -19 -37 -18 -11 42 -16 -34 -27 2 19 20 -25 38 -43 15 -37 22 -45 -44 24 31 52 24 -5 -18 39 33 -18 24 -29 26 19 16 28 8 -11 -39 36 29 22 33 25 39 -17 -48 -43 16 -49 50 -9 -50 31 -22 40 -4 6 21 -16 2 -15 8 33 37 -3 25 45 -37 8 -43 16 40 -7 -33 21 12 -5 34 -27 12 38 30 -11 31 -54 -21 -32 14 42 -30 17 1 2 -8 38 12 35 -10 20 39 45 44 14 4 -44 15 -30 -27 55 -5 50 -14 -24 -29 -44 46 -23 42 -2 9 50 30 15 23 -11 31 31 23 -20 -50 -36 41 15 17 -21 35 14 13 18 -30 -28 -40 23 39 -49 -50 28 -38 -33 -13 30 43 42 -40 35 5 22 -11 -19 -24 -26 -30 -45 -21 -7 53 -22 -19 -43 14 9 -21 ; 
0:34 0:68 0:78 0:200 0:164 0:44 0:254 0:34 0:36 0:46 0:148 0:60 0:96 0:82 0:74 0:136 0:66 0:76 0:88 0:16 0:188 0:22 0:172 0:88 0:50 0:128 0:66 0:76 0:22 0:184 0:98 0:102 0:170 0:136 0:106 0:2 0:156 0:222 0:136 0:44 0:110 0:140 0:68 0:90 0:78 0:196 0:76 0:52 0:62 0:18 0:8 0:76 0:112 0:54 0:138 0:132 0:222 0:154 0:90 0:34 0:158 0:62 0:180 0:36 0:104 0:280 0:236 0:46 0:200 0:100 0:122 0:110 0:66 0:102 0:162 0:84 0:100 0:72 0:148 0:190 0:274 0:182 0:76 0:32 0:54 0:40 0:110 0:76 0:128 0:24 0:52 0:160 0:88 0:48 0:58 0:122 0:152 0:120 0:90 0:82 0:82 0:52 0:134 0:168 0:28 0:24 0:154 0:86 0:162 0:16 0:64 0:276 0:48 0:54 0:250 0:106 0:126 0:16 0:236 0:188 0:66 0:102 0:90 0:120 0:120 0:92 0:252 0:30 0:154 0:66 0:90 0:106 0:32 0:34 0:102 0:54 0:184 0:118 0:16 0:74 0:154 0:150 0:138 0:184 0:62 0:116 0:24 0:86 0:30 0:108 0:198 0:74 0:86 0:170 0:170 0:92 0:122 0:54 0:70 0:68 0:14 0:28 0:28 0:100 0:58 0:182 0:120 0:10 0:76 0:46 0:84 0:180 0:174 0:164 0:0 0:80 0:58 0:92 0:118 0:172 0:48 0:94 0:22 0:126 0:194 0:56 0:144 0:74 0:172 0:88 0:52 0:84 0:18 0:36 0:140 0:98 0:58 0:56 0:310 0:120 0:192 ; 
L -15 -13 2 43 24 40 41 -1 -38 7 28 -36 2 23 14 -23 -41 10 37 1 -43 41 37 6 48 -43 -8 -10 12 -34 15 25 38 37 19 -42 29 -15 41 41 27 -32 -28 -45 -40 5 -23 30 34 20 7 -16 3 25 -14 -6 -45 43 9 -28 -25 -21 -32 -6 -48 36 13 -2 49 -22 -9 7 47 13 10 -40 19 9 43 -46 31 34 5 -38 12 3 -5 43 -22 -10 -18 9 -33 5 24 -8 10 4 25 -18 -29 47 -23 -37 13 -12 -5 34 -26 -31 -7 -3 -40 -8 24 -11 -10 43 48 -48 -21 14 -6 26 -1 -10 24 29 -38 -32 9 32 12 47 23 -19 46 43 28 -23 24 -19 -46 8 -45 30 -11 46 12 11 13 15 -28 -28 -43 14 -15 -9 39 -48 -45 -3 -5 19 -30 -27 9 27 -32 -2 -42 -4 -35 -10 28 20 -11 -2 4 -25 -26 12 11 17 -29 -7 -50 31 -37 -46 -48 -8 -31 -32 -37 47 22 32 -30 7 ; 
94 54 7 63 24 14 22 54 75 37 65 4 40 49 41 36 3 78 35 44 90 38 13 41 36 19 95 19 70 8 3 79 88 74 55 44 20 48 86 45 8 36 1 5 20 35 63 99 1 83 67 71 45 9 8 78 46 51 87 77 86 30 64 91 53 94 94 76 48 35 82 84 23 31 55 27 81 99 70 100 31 67 91 42 17 81 62 68 28 68 9 100 28 56 44 56 25 83 46 64 42 82 50 72 12 57 33 37 32 17 3 4 85 3 88 88 35 99 15 28 34 41 94 94 5 23 57 57 19 38 63 3 95 3 96 9 57 32 31 70 29 59 42 16 62 32 33 94 67 99 4 26 52 4 53 98 30 71 23 56 82 91 25 88 33 30 3 15 19 50 7 50 23 81 78 19 4 76 32 16 28 32 39 49 22 36 91 37 42 10 88 32 65 2 49 100 58 19 4 92 27 ; 
L -55 -30 -11 -9 7 12 13 10 40 4 -25 -2 -36 -32 -28 -23 -23 40 -43 -48 36 -28 -7 38 28 10 11 -24 41 -5 -13 -23 6 9 46 40 45 32 -9 12 -34 -10 38 -29 -10 11 1 24 51 11 -3 25 10 4 -8 6 32 45 7 43 -1 41 -32 -2 38 -27 43 26 -34 22 -54 -47 -12 -32 -18 43 48 43 9 -37 30 -35 -47 43 -52 14 -18 -9 13 15 -24 10 31 -37 -25 -22 24 -19 -46 25 43 28 -26 47 -5 30 -43 -3 12 -22 -10 28 -37 -53 -13 -38 8 15 17 -34 -37 -43 31 19 -42 -41 -32 -11 9 -31 -23 49 -15 12 -5 -16 25 46 8 2 14 -21 23 40 3 -29 10 27 13 15 -28 -14 7 41 -20 6 -14 28 -47 -6 27 19 -23 -41 29 -45 2 -48 42 26 7 -29 8 37 48 37 34 20 -5 33 8 48 -32 5 3 45 48 -39 2 19 -4 -15 -9 46 12 -19 -21 -46 -30 7 ; 
0:150 0:36 0:88 0:50 0:168 0:60 0:56 0:110 0:176 0:120 0:32 0:106 0:86 0:152 0:2 0:50 0:74 0:134 0:26 0:82 0:52 0:8 0:130 0:74 0:110 0:82 0:70 0:176 0:156 0:80 0:240 0:52 0:104 0:134 0:180 0:32 0:60 0:64 0:26 0:48 0:16 0:10 0:82 0:38 0:78 0:96 0:58 0:76 0:190 0:54 0:26 0:64 0:64 0:42 0:166 0:108 0:182 0:120 0:200 0:78 0:212 0:130 0:274 0:100 0:116 0:18 0:30 0:54 0:64 0:38 0:44 0:164 0:6 0:190 0:156 0:60 0:92 0:96 0:38 0:48 0:68 0:56 0:166 0:298 0:14 0:36 0:24 0:234 0:126 0:108 0:198 0:114 0:34 0:84 0:164 0:36 0:76 0:118 0:84 0:124 0:96 0:62 0:194 0:50 0:104 0:134 0:158 0:68 0:18 0:48 0:112 0:156 0:92 0:68 0:130 0:94 0:52 0:34 0:54 0:78 0:34 0:46 0:164 0:106 0:88 0:44 0:74 0:10 0:136 0:40 0:62 0:54 0:192 0:16 0:210 0:116 0:52 0:40 0:194 0:118 0:76 0:46 0:108 0:40 0:170 0:96 0:112 0:82 0:148 0:52 0:104 0:176 0:132 0:188 0:106 0:28 0:70 0:148 0:104 0:236 0:10 0:110 0:18 0:68 0:76 0:114 0:8 0:100 0:40 0:116 0:64 0:86 0:90 0:72 0:130 0:132 0:108 0:166 0:92 0:112 0:54 0:64 0:78 0:126 0:50 0:182 0:164 0:112 0:58 0:160 0:100 0:60 0:142 0:114 0:134 0:260 0:120 0:74 0:100 0:184 0:54 ; 
L 7 -23 18 -27 -19 -15 43 13 14 45 28 -7 30 46 -33 -30 37 -45 -6 13 -32 47 7 -40 -36 -22 -19 47 23 -14 -28 21 -45 47 6 2 39 33 43 -11 -34 -28 -18 44 36 -11 11 40 -30 -17 -5 4 47 49 -25 12 6 -43 -34 -6 48 42 40 36 -50 -35 6 -43 -26 -42 28 43 42 -10 -25 -30 -35 18 -28 -7 -30 41 18 6 41 -31 3 -42 19 5 16 -6 14 12 -5 4 10 46 -1 47 35 24 -13 1 -28 -9 -22 -36 7 -18 46 10 25 -8 18 47 -27 15 -8 -47 -5 -45 -32 32 11 34 5 27 -22 20 -35 -32 -8 -15 26 33 -5 -6 47 19 46 -15 23 -19 -8 -34 17 -50 -26 41 30 2 49 46 8 -19 2 11 -28 -16 -26 -39 7 -23 -19 35 30 -46 -11 49 35 -29 24 -3 -38 -30 23 35 -15 15 2 -49 -19 -24 -18 -29 -15 39 -39 50 -4 36 49 2 -48 40 -36 30 16 10 ; 
37 82 64 70 94 60 26 53 27 38 19 50 94 41 40 2 63 30 61 42 99 51 68 46 99 43 11 75 59 14 1 20 25 40 91 81 49 34 64 5 40 74 99 42 35 64 16 63 20 95 27 68 98 21 23 19 89 64 53 14 23 83 88 21 21 67 98 56 42 21 73 62 89 52 42 5 51 10 32 50 63 21 75 1 21 32 20 24 29 84 94 85 53 97 31 74 23 96 63 62 17 30 91 23 69 84 84 55 50 65 27 86 42 76 53 19 50 30 87 49 96 3 44 15 34 61 48 63 23 23 88 46 86 28 16 64 11 96 2 9 55 49 10 57 4 62 31 56 41 77 63 58 92 30 84 97 5 47 52 95 7 91 6 85 8 53 45 20 85 95 84 33 71 27 50 69 85 26 41 58 75 13 86 27 32 25 55 68 17 18 11 61 89 74 97 62 19 54 65 74 55 ; 
L -49 -2 -42 6 45 30 -27 -23 23 -5 53 -36 37 8 22 54 -39 41 10 -40 43 -13 -50 43 -6 33 21 -47 -47 7 28 -24 5 -40 -7 -46 -19 49 2 23 -7 -45 -42 -47 -34 46 -18 -12 19 51 -41 6 19 -23 30 19 -17 -4 28 -1 5 16 40 -46 -1 19 -4 -26 -30 -30 6 5 -2 -15 15 49 -2 19 14 -6 -29 -15 34 39 49 -25 -7 38 -45 30 -24 -35 27 30 46 -33 10 -27 5 -18 5 47 25 -8 42 -52 -47 15 -36 4 -7 39 8 32 11 11 -40 32 -25 -9 -35 -43 -15 36 36 -55 -24 -47 19 30 30 35 20 -50 -26 19 -28 43 22 8 11 -17 6 -18 -2 43 11 16 28 33 -7 -34 -6 -28 14 -15 13 28 35 -26 -32 47 -35 11 49 -29 23 13 -3 -41 -31 3 47 -32 -36 -28 -45 -8 14 18 -34 48 42 -6 -18 44 36 -11 -50 39 -22 -18 46 -46 -10 -26 15 -18 16 10 ; 
0:58 0:184 0:46 0:120 0:122 0:76 0:32 0:76 0:72 0:162 0:142 0:68 0:66 0:42 0:58 0:282 0:112 0:54 0:120 0:30 0:242 0:134 0:22 0:42 0:112 0:38 0:18 0:62 0:46 0:164 0:100 0:122 0:108 0:94 0:198 0:48 0:110 0:182 0:148 0:64 0:164 0:94 0:72 0:100 0:248 0:26 0:48 0:152 0:58 0:66 0:164 0:70 0:114 0:114 0:16 0:68 0:198 0:50 0:76 0:138 0:118 0:188 0:190 0:70 0:84 0:20 0:104 0:198 0:238 0:104 0:68 0:192 0:26 0:52 0:116 0:88 0:26 0:116 0:68 0:196 0:76 0:110 0:144 0:80 0:46 0:46 0:150 0:178 0:170 0:28 0:210 0:60 0:84 0:70 0:82 0:80 0:164 0:86 0:56 0:50 0:76 0:192 0:96 0:152 0:136 0:82 0:148 0:58 0:16 0:122 0:144 0:12 0:38 0:172 0:28 0:60 0:200 0:134 0:190 0:148 0:128 0:44 0:54 0:112 0:78 0:124 0:212 0:150 0:80 0:114 0:222 0:90 0:90 0:48 0:82 0:78 0:60 0:34 0:62 0:22 0:8 0:186 0:6 0:146 0:40 0:248 0:142 0:78 0:82 0:96 0:178 0:114 0:28 0:182 0:16 0:110 0:34 0:80 0:220 0:176 0:58 0:102 0:144 0:62 0:58 0:106 0:110 0:94 0:24 0:10 0:142 0:40 0:56 0:64 0:94 0:56 0:38 0:84 0:64 0:22 0:78 0:12 0:166 0:156 0:288 0:84 0:70 0:128 0:16 0:36 0:48 0:28 0:54 0:244 0:192 0:66 0:32 0:202 0:40 0:148 0:110 ; 
L -10 26 42 41 30 -42 36 23 -50 -2 10 -7 40 -38 4 7 -18 -32 -49 9 40 -23 -25 -6 -31 43 -28 50 -21 15 -14 29 29 45 43 -16 16 -16 -44 47 -26 -34 50 -18 18 -28 48 -25 15 -31 1 47 -40 12 6 30 -47 -43 -37 -27 -22 47 -40 18 43 25 -30 34 -42 -4 -50 2 -16 40 43 28 -13 -30 -5 -22 -29 -36 -41 -39 -20 -44 39 -37 -29 1 -39 -12 13 33 -6 12 15 26 3 3 -39 -21 49 45 -30 -34 -19 -18 2 -38 46 6 29 -28 18 17 -43 8 40 30 -11 43 -25 -14 41 -27 -13 5 -11 -26 43 23 -20 27 -10 34 -20 -18 8 47 18 -38 -45 1 31 20 33 47 -17 -1 28 -36 19 27 -5 -43 -28 31 -3 -15 40 -25 -39 -11 -44 -11 6 -5 -3 -7 -17 35 33 39 -13 15 -45 26 -11 39 6 45 -37 -12 41 -1 48 27 3 49 6 13 22 -11 -41 25 44 -21 35 27 ; 
47 89 64 33 1 22 83 7 68 55 14 27 13 46 59 83 47 28 34 77 22 89 31 31 59 32 45 4 11 76 19 29 46 9 71 57 50 28 61 37 80 66 67 82 99 39 23 77 8 31 20 95 62 69 79 64 31 36 54 53 53 10 62 54 93 33 15 67 48 38 72 12 82 37 20 58 77 39 7 56 44 19 100 1 28 43 27 85 94 72 16 84 28 16 47 1 19 79 84 94 5 95 26 90 77 83 4 89 56 2 97 31 87 67 18 35 38 59 32 89 54 37 69 36 97 80 4 45 97 8 57 78 47 29 3 56 97 54 10 54 69 30 77 33 70 76 2 68 3 76 26 20 96 87 31 20 44 10 25 88 44 30 13 99 15 22 25 6 53 21 54 58 37 75 44 13 38 34 67 70 50 32 47 77 73 41 15 87 84 40 3 19 54 55 89 20 2 55 66 51 85 ; 
L -33 25 -30 -31 43 39 -40 -3 34 -41 18 45 -37 -37 -39 -8 -18 54 36 -2 -13 -17 -18 2 17 -8 31 -15 -50 -10 34 -33 -53 51 25 -27 -22 41 48 -27 20 50 -21 11 39 25 -10 -44 29 12 -3 -18 47 38 -23 39 -12 -19 36 -2 40 -47 -6 -52 3 -35 44 26 45 -29 45 38 -18 49 32 -9 -47 42 -50 -36 -4 55 -31 12 15 -15 -43 -45 -29 15 6 13 40 -43 -33 -43 -18 43 23 43 -14 39 -40 28 1 49 45 -30 -27 42 -29 -26 -34 50 20 -28 -30 -47 -1 -13 5 -41 1 -41 7 -18 -44 47 -11 49 -10 22 25 19 -15 -7 38 40 -31 20 -44 34 -3 -21 6 30 -47 -43 -37 -1 40 -1 28 18 30 6 -5 -3 -7 -42 6 25 -6 -4 43 -27 11 14 39 11 27 26 22 5 30 13 -28 -16 16 -16 -13 12 23 -6 -11 48 21 43 -20 -25 -17 -39 41 11 16 5 -29 28 35 27 ; 
0:116 0:78 0:30 0:88 0:64 0:78 0:96 0:48 0:128 0:136 0:108 0:108 0:94 0:186 0:258 0:74 0:36 0:256 0:158 0:14 0:136 0:90 0:34 0:112 0:54 0:26 0:28 0:62 0:54 0:166 0:112 0:106 0:64 0:38 0:136 0:86 0:106 0:28 0:50 0:120 0:246 0:60 0:22 0:8 0:198 0:26 0:46 0:58 0:40 0:108 0:180 0:46 0:34 0:62 0:68 0:84 0:138 0:172 0:192 0:68 0:48 0:124 0:222 0:26 0:148 0:66 0:150 0:112 0:160 0:104 0:182 0:154 0:60 0:222 0:68 0:52 0:70 0:56 0:26 0:24 0:152 0:34 0:52 0:20 0:38 0:96 0:118 0:142 0:18 0:70 0:78 0:38 0:10 0:138 0:180 0:18 0:186 0:28 0:156 0:134 0:142 0:68 0:8 0:56 0:102 0:56 0:180 0:154 0:50 0:90 0:20 0:34 0:132 0:134 0:144 0:102 0:124 0:142 0:88 0:4 0:90 0:154 0:28 0:82 0:140 0:94 0:42 0:74 0:236 0:60 0:6 0:90 0:70 0:120 0:56 0:138 0:128 0:102 0:164 0:118 0:100 0:72 0:150 0:60 0:34 0:128 0:62 0:72 0:108 0:66 0:30 0:212 0:52 0:124 0:12 0:84 0:12 0:106 0:42 0:92 0:178 0:62 0:82 0:132 0:76 0:198 0:258 0:62 0:260 0:60 0:94 0:84 0:24 0:112 0:14 0:78 0:154 0:90 0:100 0:56 0:120 0:56 0:168 0:64 0:26 0:104 0:114 0:20 0:178 0:230 0:6 0:120 0:32 0:178 0:174 0:56 0:44 0:138 0:156 0:102 0:170 ; 
L -47 -41 -12 -42 39 -1 -1 -22 48 36 -37 19 20 44 -25 -1 -37 37 -6 7 -2 -31 46 35 -37 18 -34 -6 -37 24 6 -43 1 -34 27 3 -17 27 -46 -37 10 -31 4 -5 5 11 -17 -38 -6 23 -19 16 -9 31 5 23 -22 -28 -50 -24 23 -21 26 21 -37 13 17 -6 -19 39 49 26 -49 -15 -22 -14 50 47 16 43 -3 41 -27 -36 -31 47 -22 10 46 -18 -14 -15 -18 -25 -8 -19 30 14 13 23 -26 35 40 -1 3 -4 1 28 -9 43 12 -24 46 -28 -42 -49 12 4 20 46 -25 -16 -49 5 2 -6 17 -22 22 15 34 12 -12 36 -46 17 11 11 19 -36 18 -11 -2 12 -8 -2 26 49 -20 -28 -47 -4 -30 -13 30 4 9 -19 -28 -1 33 50 4 -45 28 -22 -23 -46 15 44 12 -44 -45 28 27 35 9 -5 -38 7 -41 -42 3 -47 -45 -7 -47 -5 4 -49 -42 -33 -18 -22 9 -43 24 -50 -44 -45 ; 
88 97 57 87 33 24 50 72 34 76 99 64 35 18 93 74 76 32 49 14 91 82 49 80 11 93 41 81 92 67 95 93 40 87 100 96 84 42 38 11 27 50 72 35 71 70 21 77 69 60 81 38 70 100 38 75 45 100 97 56 73 64 17 58 93 60 92 2 85 32 77 57 97 76 38 23 43 33 35 31 77 71 61 28 53 70 25 46 26 52 46 18 42 54 86 8 23 21 46 68 77 95 48 65 98 51 28 34 51 70 64 23 90 3 19 38 33 8 46 80 44 73 45 50 89 37 28 95 2 11 53 37 6 50 3 10 58 44 10 31 14 31 5 94 87 12 77 1 78 13 100 88 86 57 79 96 75 64 54 40 1 37 36 73 59 28 55 31 73 41 4 88 45 30 37 73 52 99 10 14 22 35 21 40 92 83 91 97 42 30 53 45 59 72 93 91 43 48 84 49 57 ; 
L -47 -1 36 22 -4 33 2 -18 46 -13 37 -21 31 22 -6 42 -17 -4 31 -10 -15 -3 49 -2 22 30 49 31 -12 -43 -16 15 -19 -34 15 -24 9 -35 12 11 -49 -28 -1 4 -3 1 -48 -47 -9 -36 -17 5 19 22 1 17 -3 -27 34 28 19 -1 43 12 4 19 6 39 -1 18 30 14 45 44 -13 37 46 37 21 -23 35 9 27 49 42 7 12 -5 -28 -17 43 51 -46 26 47 46 -1 45 18 -4 -39 -42 -46 53 -22 27 6 25 -13 -8 44 -2 -14 -9 -42 26 12 -23 24 40 36 -44 -12 5 15 36 7 18 6 38 -22 -14 50 -7 -27 10 46 9 -50 -37 47 -45 -23 6 46 17 23 -24 33 28 34 -18 -6 25 -54 -41 -3 20 -28 4 -26 5 30 47 28 -38 24 -52 22 -47 31 37 -41 16 11 11 -37 19 -35 -19 -11 -5 5 20 -49 -26 -8 -2 16 25 -22 -23 49 -41 12 37 -20 55 -50 -44 ; 
0:176 0:118 0:12 0:172 0:252 0:84 0:186 0:184 0:126 0:122 0:120 0:186 0:130 0:2 0:42 0:158 0:14 0:166 0:144 0:100 0:98 0:92 0:74 0:160 0:100 0:196 0:48 0:68 0:28 0:128 0:130 0:100 0:58 0:148 0:36 0:110 0:178 0:68 0:318 0:112 0:28 0:82 0:68 0:56 0:102 0:196 0:134 0:20 0:134 0:64 0:134 0:60 0:190 0:130 0:144 0:48 0:168 0:192 0:200 0:118 0:108 0:110 0:80 0:204 0:16 0:82 0:8 0:94 0:48 0:66 0:40 0:42 0:158 0:90 0:282 0:18 0:22 0:44 0:180 0:34 0:80 0:104 0:298 0:100 0:76 0:88 0:126 0:52 0:196 0:122 0:78 0:62 0:30 0:144 0:124 0:44 0:50 0:130 0:218 0:102 0:144 0:68 0:158 0:190 0:22 0:178 0:236 0:306 0:86 0:112 0:40 0:8 0:108 0:246 0:120 0:142 0:150 0:34 0:146 0:30 0:148 0:204 0:2 0:48 0:18 0:100 0:24 0:116 0:88 0:138 0:32 0:46 0:86 0:108 0:88 0:46 0:52 0:136 0:138 0:108 0:170 0:318 0:80 0:78 0:180 0:138 0:116 0:196 0:72 0:68 0:106 0:82 0:128 0:274 0:56 0:20 0:106 0:108 0:22 0:66 0:116 0:66 0:106 0:22 0:200 0:24 0:226 0:94 0:180 0:50 0:140 0:64 0:70 0:92 0:200 0:144 0:74 0:68 0:112 0:48 0:20 0:106 0:142 0:62 0:156 0:2 0:198 0:24 0:24 0:146 0:98 0:110 0:118 0:116 0:110 0:44 0:78 0:24 0:84 0:168 0:188 ; 
L -3 -29 40 -15 -40 34 -2 -17 -33 12 -45 -23 -34 -44 -28 -27 -21 14 38 -20 39 -30 -31 22 38 4 39 -45 -49 -7 -7 -41 -37 29 31 -10 12 -2 35 -5 2 23 9 -11 43 43 42 -44 -30 16 -41 -13 -39 -44 8 20 39 21 -11 31 -27 -11 -3 -38 27 32 -11 28 34 -1 9 -2 46 -7 -26 43 49 -31 2 15 5 -47 -23 -40 -5 -43 -32 7 -2 -14 -10 35 18 5 24 42 -38 38 -24 -2 37 -50 -42 -48 -17 7 47 -9 -42 -48 32 -29 -13 34 24 29 -1 -44 -23 -12 -17 11 -31 16 -40 2 -35 4 25 26 18 10 34 -39 -31 -2 28 -28 48 -27 -39 43 -29 38 -28 -39 2 33 38 -10 -47 46 -28 -9 -13 -48 -2 -22 35 -44 7 1 -34 -16 38 -16 -35 17 -14 50 -14 -35 -27 37 45 -16 45 -35 -42 14 -50 17 25 -36 40 -39 -25 20 46 -7 -26 43 -42 -19 17 49 40 -33 2 -15 ; 
41 96 78 69 44 97 43 98 85 4 60 94 7 59 21 80 11 12 88 67 82 21 1 1 42 79 98 34 36 52 11 92 4 100 75 27 75 64 76 86 74 32 69 68 36 81 16 28 38 60 68 36 53 15 56 86 78 3 15 3 38 8 11 88 67 31 6 45 92 3 56 51 45 38 33 28 32 33 88 22 63 90 49 99 73 82 50 100 46 48 81 86 38 28 15 39 49 7 96 100 84 26 39 69 1 77 84 35 34 83 70 44 15 35 9 24 85 5 8 41 84 61 95 35 88 69 64 79 86 32 10 42 31 81 75 47 32 60 85 39 21 11 11 32 20 21 64 95 1 47 100 45 46 80 48 8 68 37 66 52 75 40 68 60 62 39 64 62 69 13 28 40 41 83 99 57 58 20 66 29 32 2 44 51 71 62 57 69 93 32 38 99 1 58 31 30 48 41 41 47 21 ; 
L 24 14 10 -38 -47 52 -1 42 26 -27 34 11 34 -49 40 -15 -40 53 -16 -16 -17 -17 7 27 9 31 39 41 -40 -2 31 38 -17 -11 -34 29 -20 39 36 -25 28 44 3 -2 -20 29 -23 -23 23 -32 38 -7 -34 -28 -42 -9 -25 -37 55 7 49 45 -12 43 -2 35 26 7 -32 7 38 -28 -39 5 15 38 -31 54 35 35 40 -39 17 44 33 -12 -43 38 -46 -19 30 -5 -18 -35 10 42 -2 46 16 14 -49 -5 7 -11 -2 21 13 26 37 41 -2 5 -46 47 34 -2 -47 -4 14 -50 -3 -21 -4 -44 2 39 -40 -23 -30 33 29 31 48 28 -45 -45 51 40 12 48 42 9 13 29 18 -13 -39 10 11 -14 38 -24 -2 37 17 -27 -39 43 50 -48 -2 -22 35 11 -32 -50 16 16 -43 -9 -42 -43 -8 -38 27 7 45 -48 -28 -2 31 -17 -33 35 -25 20 -28 27 39 -34 -10 -22 -14 42 35 -1 -44 29 2 -15 ; 
0:60 0:154 0:202 0:94 0:26 0:114 0:46 0:100 0:240 0:168 0:126 0:26 0:36 0:90 0:136 0:138 0:88 0:42 0:154 0:102 0:104 0:2 0:154 0:98 0:140 0:84 0:150 0:78 0:108 0:90 0:176 0:192 0:26 0:132 0:106 0:38 0:108 0:164 0:20 0:102 0:56 0:42 0:184 0:82 0:46 0:166 0:180 0:288 0:16 0:4 0:76 0:140 0:54 0:184 0:64 0:164 0:44 0:240 0:186 0:226 0:104 0:60 0:120 0:122 0:120 0:152 0:52 0:76 0:150 0:200 0:80 0:40 0:42 0:184 0:100 0:116 0:224 0:130 0:166 0:164 0:110 0:124 0:104 0:82 0:54 0:72 0:30 0:44 0:30 0:126 0:148 0:40 0:56 0:76 0:172 0:86 0:128 0:90 0:62 0:44 0:40 0:152 0:26 0:42 0:60 0:142 0:10 0:116 0:130 0:8 0:214 0:148 0:168 0:52 0:44 0:170 0:94 0:170 0:74 0:56 0:74 0:76 0:62 0:72 0:94 0:188 0:184 0:50 0:112 0:88 0:180 0:150 0:90 0:134 0:70 0:108 0:62 0:180 0:58 0:140 0:166 0:68 0:96 0:30 0:62 0:130 0:106 0:40 0:56 0:210 0:44 0:192 0:200 0:168 0:84 0:0 0:42 0:22 0:110 0:50 0:136 0:74 0:132 0:98 0:12 0:122 0:60 0:160 0:120 0:68 0:52 0:32 0:86 0:120 0:134 0:54 0:130 0:68 0:2 0:248 0:28 0:178 0:170 0:200 0:112 0:138 0:200 0:150 0:34 0:146 0:62 0:44 0:64 0:58 0:132 0:90 0:10 0:60 0:46 0:94 0:42 ; 
L 5 -48 -47 42 14 -7 29 35 -30 -3 -43 -7 37 -39 -13 38 31 22 50 26 -37 -50 45 -7 44 -39 -3 -32 -27 -50 -19 45 -12 25 -22 34 -15 22 -42 -41 28 -11 15 -36 49 -40 28 33 -43 50 -29 8 48 -37 19 -34 -29 11 11 -27 1 -28 43 39 46 -34 -29 44 -29 38 -10 -33 14 10 -42 29 41 -4 -12 46 -7 15 36 -31 46 20 -8 -43 -37 -16 -28 38 13 27 -33 4 14 22 -29 33 -29 -6 -44 11 5 -9 -21 34 43 -32 27 45 48 14 45 -1 32 31 37 24 14 40 -45 -25 41 33 28 11 36 -28 -48 47 33 -46 -6 -21 39 -28 -4 -10 -4 -7 -23 -28 -34 20 43 19 -48 -17 -13 -1 45 -49 40 -11 -41 39 25 -4 -5 26 18 11 -33 6 -23 17 20 15 50 -34 39 -32 -25 46 -44 -22 -9 32 -15 -5 39 -5 18 12 -24 -46 1 16 -20 30 -13 -5 42 -33 43 -17 -16 -40 ; 
58 100 72 67 33 68 99 76 76 64 27 84 20 66 57 78 36 46 87 46 53 71 14 35 91 83 94 61 33 78 60 18 33 21 64 85 64 29 65 26 82 94 56 46 38 19 32 53 8 26 79 79 37 36 78 42 58 41 20 45 100 2 69 54 9 16 32 43 75 7 37 89 52 78 9 20 10 15 24 94 57 67 28 65 91 82 55 78 65 23 92 40 32 40 95 38 83 40 24 63 40 86 44 39 20 59 35 49 33 48 42 91 95 17 57 22 12 48 37 40 50 47 52 55 90 75 29 42 65 61 54 57 7 29 11 69 45 88 94 23 95 63 32 84 75 91 8 78 83 80 1 24 9 75 3 35 31 46 79 33 85 3 69 7 24 93 17 36 46 57 94 26 69 7 21 43 51 82 75 70 60 69 94 75 59 72 57 63 53 14 87 53 10 7 80 35 37 90 92 100 37 ; 
L -47 -17 -48 17 -43 8 -11 -35 42 31 -36 1 31 -15 -43 -11 -39 39 -1 -14 -7 -48 16 28 -37 -7 -39 4 -37 7 43 -39 -13 24 44 21 9 29 28 25 -41 -5 42 5 -24 -10 -33 29 14 -45 34 25 -20 -10 31 22 4 -38 28 -32 12 12 -11 -37 41 -48 -48 -11 15 -40 -6 -44 -3 -47 42 36 -28 -43 -38 29 29 43 13 -40 49 -45 7 -14 49 -34 -29 38 -46 -21 -37 -53 -4 -5 -39 26 -6 33 -23 -43 10 -50 -22 45 50 -29 -17 50 5 15 52 22 15 -34 4 -19 -12 46 22 44 18 43 23 18 46 -20 34 30 -13 29 14 22 -45 -27 -34 -50 -11 30 -26 -19 33 -45 -50 -25 46 -28 20 -8 45 9 -55 -33 -14 -33 -33 -37 -40 28 33 -27 25 -41 39 -42 -41 -46 20 15 -4 28 -7 28 -36 32 32 -3 -32 -27 5 13 6 33 -46 39 -32 -27 1 51 1 5 -44 -54 -11 34 -16 -40 ; 
0:70 0:166 0:6 0:42 0:180 0:76 0:58 0:40 0:22 0:70 0:130 0:30 0:164 0:148 0:102 0:30 0:38 0:160 0:120 0:46 0:212 0:156 0:50 0:100 0:192 0:18 0:84 0:134 0:144 0:40 0:168 0:56 0:114 0:206 0:34 0:172 0:70 0:36 0:116 0:350 0:54 0:90 0:160 0:144 0:156 0:96 0:168 0:126 0:84 0:42 0:208 0:120 0:30 0:58 0:80 0:92 0:184 0:182 0:204 0:166 0:70 0:70 0:80 0:134 0:18 0:190 0:46 0:160 0:112 0:74 0:190 0:88 0:72 0:68 0:134 0:120 0:50 0:44 0:52 0:100 0:170 0:62 0:70 0:102 0:6 0:150 0:180 0:136 0:22 0:48 0:76 0:14 0:104 0:224 0:40 0:192 0:170 0:170 0:238 0:128 0:74 0:186 0:40 0:88 0:138 0:138 0:144 0:78 0:54 0:158 0:152 0:44 0:212 0:138 0:194 0:70 0:112 0:128 0:138 0:202 0:176 0:86 0:30 0:164 0:56 0:138 0:46 0:98 0:134 0:140 0:182 0:64 0:20 0:86 0:134 0:80 0:50 0:182 0:58 0:106 0:168 0:134 0:32 0:82 0:130 0:44 0:34 0:18 0:86 0:122 0:104 0:110 0:62 0:52 0:66 0:106 0:98 0:216 0:52 0:54 0:136 0:64 0:68 0:168 0:8 0:120 0:92 0:64 0:52 0:224 0:198 0:114 0:26 0:84 0:112 0:126 0:122 0:180 0:64 0:102 0:122 0:66 0:40 0:180 0:72 0:28 0:58 0:60 0:14 0:62 0:200 0:44 0:54 0:48 0:214 0:166 0:18 0:222 0:60 0:200 0:74 ; 
L -30 23 -50 49 11 21 23 11 35 15 -6 -34 -44 -36 -33 -1 -2 -19 24 9 -46 5 -2 -47 -23 31 -29 7 34 46 24 30 12 34 3 -32 -45 -19 39 33 4 -34 31 -11 -33 -33 22 -15 26 -6 2 -33 -24 28 -33 -15 32 -9 -20 5 -40 -28 6 -12 40 32 -19 11 50 -17 -50 -8 -9 -44 -44 9 -7 -41 30 47 -19 -21 -2 -29 -19 2 -1 36 -8 1 21 1 -21 24 -24 45 -17 -39 -2 40 -41 20 -43 31 -28 -47 46 50 48 37 -12 -16 -37 -44 23 12 50 22 -38 -48 5 45 -2 24 -3 -2 -22 24 -47 -41 -37 -47 47 42 2 -50 -27 29 43 12 18 9 -23 -30 -8 20 -16 4 -14 35 -45 26 26 8 41 -4 -41 -44 48 -33 -4 2 38 -2 -20 -13 -2 -37 -8 46 8 24 30 -27 46 -18 4 10 14 18 -6 -27 48 -18 -50 -22 23 -6 -33 -40 -45 46 32 25 -12 48 16 4 36 -35 ; 
21 33 37 87 29 5 69 78 17 64 40 24 1 73 77 36 51 73 84 30 47 5 19 23 34 47 65 89 90 75 72 91 69 65 57 50 50 82 41 60 42 25 96 67 25 25 54 30 91 38 62 47 67 31 10 74 2 84 72 88 1 40 55 43 36 75 19 5 24 95 44 4 75 36 47 81 5 44 28 42 18 95 96 31 8 47 44 94 71 69 75 56 68 67 58 37 91 54 57 72 43 36 87 46 2 83 7 82 15 84 4 50 12 80 24 1 95 19 91 79 49 15 83 43 18 26 80 35 22 31 35 71 91 66 62 92 72 8 4 96 36 40 82 85 33 9 1 62 88 2 48 52 47 74 99 68 48 92 19 86 23 52 12 5 98 7 22 21 84 55 40 1 50 55 16 26 57 88 73 18 6 30 68 96 21 18 76 81 68 28 85 17 78 89 27 3 90 68 76 77 90 ; 
L -30 2 54 12 18 2 38 4 33 40 32 -19 -32 -4 51 -47 -39 -5 23 -37 33 47 -24 -6 -8 33 4 -5 48 -18 20 -16 -18 31 -20 41 16 6 -15 -37 -44 -33 -19 4 -19 6 24 -35 14 -23 -29 27 24 9 55 48 -31 -43 50 2 13 -44 -22 8 8 -45 -49 9 -23 9 -40 2 -50 -20 5 -28 -22 -50 2 9 26 -6 2 -33 33 30 -2 -22 45 -20 -41 -44 3 50 -2 -22 46 -7 34 -8 -24 50 18 -11 -33 -33 50 -24 9 -24 44 -37 -43 41 -4 44 -40 45 -2 31 30 12 29 -21 19 23 11 41 -24 27 46 -2 -12 7 -1 11 50 -1 29 -46 47 28 37 -12 12 -23 -30 -8 -53 46 48 16 -45 -35 -32 -21 -1 8 -36 1 -2 -27 -24 -46 48 34 48 -21 -11 -17 2 39 17 -14 -10 -19 -21 -6 -12 34 -25 -15 -40 -32 -28 4 -47 -15 -47 45 -26 52 26 38 -3 47 42 -30 36 -35 ; 
0:42 0:102 0:114 0:54 0:72 0:46 0:24 0:90 0:46 0:140 0:150 0:38 0:30 0:122 0:146 0:6 0:64 0:96 0:58 0:158 0:180 0:122 0:44 0:110 0:100 0:16 0:114 0:48 0:98 0:44 0:28 0:2 0:32 0:52 0:138 0:72 0:24 0:124 0:80 0:66 0:160 0:74 0:156 0:10 0:18 0:110 0:56 0:120 0:4 0:200 0:58 0:16 0:78 0:60 0:130 0:150 0:122 0:16 0:92 0:52 0:44 0:84 0:36 0:104 0:198 0:158 0:184 0:128 0:188 0:38 0:190 0:88 0:24 0:190 0:176 0:32 0:94 0:38 0:102 0:58 0:58 0:76 0:124 0:94 0:136 0:52 0:66 0:160 0:20 0:166 0:38 0:184 0:102 0:64 0:184 0:90 0:130 0:286 0:98 0:84 0:74 0:98 0:42 0:204 0:50 0:50 0:42 0:100 0:36 0:56 0:10 0:22 0:308 0:154 0:136 0:82 0:40 0:166 0:166 0:12 0:62 0:138 0:180 0:148 0:120 0:116 0:156 0:52 0:56 0:62 0:50 0:66 0:242 0:184 0:102 0:82 0:48 0:94 0:66 0:188 0:14 0:166 0:116 0:8 0:112 0:198 0:170 0:66 0:78 0:46 0:130 0:180 0:46 0:140 0:68 0:106 0:150 0:138 0:142 0:188 0:88 0:48 0:106 0:144 0:58 0:66 0:50 0:40 0:10 0:184 0:30 0:114 0:108 0:138 0:146 0:178 0:190 0:32 0:302 0:286 0:86 0:118 0:134 0:66 0:184 0:124 0:34 0:72 0:72 0:60 0:62 0:250 0:102 0:200 0:80 0:170 0:132 0:92 0:90 0:154 0:180 ; 
L -17 -36 48 -16 -2 17 7 -44 48 2 49 10 -23 30 33 -24 46 50 31 17 28 4 -27 -42 -48 -21 17 24 -7 -48 32 -4 44 33 -40 6 -8 -32 14 32 -42 14 32 -50 46 22 42 41 26 -9 -38 -33 30 -43 14 6 -49 -44 13 -11 -3 -5 21 32 -26 27 43 -35 2 43 -46 45 -42 14 -17 -11 28 37 25 -1 3 16 41 30 27 -30 19 -40 36 -41 -5 31 44 11 26 28 -43 47 4 40 2 16 -13 -34 39 -22 -37 1 30 23 13 -33 -30 11 -24 -40 -18 31 19 7 -4 -12 -20 -33 20 33 34 5 -19 27 42 46 -49 6 47 -13 -49 48 -42 47 -26 -2 5 -48 -35 7 -27 -47 8 -42 5 25 -47 -9 3 38 -17 -14 -14 -15 41 -13 -3 -21 18 -2 8 -33 23 6 23 -4 43 5 -20 -13 -39 7 -1 -7 38 -29 -11 15 36 7 2 -43 -37 27 39 48 25 1 20 -29 -2 37 34 47 ; 
18 37 25 50 62 41 90 17 87 27 54 76 34 49 29 2 12 82 60 41 60 55 66 34 57 29 68 62 27 29 93 82 13 56 73 99 22 58 23 78 61 49 52 26 100 47 98 74 48 1 86 53 37 81 87 41 32 22 74 16 45 41 86 91 20 75 67 25 37 82 64 16 23 48 1 59 23 11 76 68 57 98 35 56 78 60 91 13 55 85 95 99 88 80 34 49 42 82 67 18 3 65 74 10 31 12 68 88 62 60 95 16 89 19 46 79 78 65 24 80 64 72 89 85 77 73 100 15 15 45 39 76 59 30 17 64 33 55 32 14 22 27 1 52 6 9 30 54 63 53 65 73 1 48 82 67 19 51 79 83 77 78 36 71 16 86 47 87 90 26 23 4 12 85 43 60 93 78 69 6 11 97 16 13 20 43 58 30 1 99 30 44 44 3 96 57 11 96 48 52 51 ; 
L 3 -20 -13 -7 -36 -15 -46 24 -25 6 23 1 39 -16 -5 8 -33 17 7 18 -2 -43 48 -30 -30 -38 14 29 45 -41 -33 3 11 -17 -25 -33 13 -6 16 26 23 47 -25 47 47 -42 -3 -20 -1 -37 54 -2 41 -38 -19 -37 32 49 -20 33 16 -49 14 -26 -21 -44 24 48 42 41 -13 -5 -50 -21 -51 5 2 -7 43 4 -27 43 42 -8 -2 2 -4 32 -17 2 38 1 -4 -42 14 -37 -28 11 17 -23 28 -49 -12 -48 -35 48 -5 -35 7 -4 6 -26 -11 -34 17 24 -7 -48 32 -9 4 -26 -46 5 41 -27 -52 21 -33 -44 -5 -43 -36 40 -14 42 -32 47 3 -10 -27 -47 -13 -44 37 39 -22 -29 -11 27 42 46 27 -30 -19 30 13 -43 -32 8 50 31 14 6 19 -22 -33 30 -33 39 55 -15 17 14 -31 18 40 43 40 2 -9 20 34 11 30 -2 -46 31 -36 48 44 -13 48 -7 49 -53 -7 42 34 47 ; 
0:94 0:64 0:120 0:166 0:86 0:40 0:84 0:24 0:36 0:26 0:46 0:10 0:198 0:100 0:154 0:130 0:174 0:66 0:180 0:48 0:172 0:130 0:154 0:90 0:40 0:58 0:122 0:36 0:242 0:18 0:26 0:52 0:90 0:104 0:56 0:110 0:44 0:168 0:112 0:26 0:118 0:60 0:2 0:68 0:36 0:152 0:212 0:58 0:192 0:40 0:150 0:80 0:176 0:92 0:54 0:140 0:382 0:64 0:134 0:154 0:94 0:46 0:50 0:16 0:58 0:18 0:108 0:86 0:114 0:78 0:156 0:94 0:80 0:94 0:80 0:32 0:16 0:182 0:160 0:196 0:132 0:94 0:20 0:106 0:40 0:40 0:50 0:78 0:60 0:64 0:36 0:78 0:78 0:80 0:96 0:138 0:22 0:46 0:118 0:42 0:156 0:16 0:118 0:186 0:80 0:96 0:104 0:94 0:40 0:10 0:32 0:104 0:68 0:120 0:176 0:124 0:54 0:58 0:186 0:128 0:74 0:38 0:94 0:152 0:190 0:54 0:238 0:246 0:144 0:112 0:50 0:108 0:238 0:110 0:56 0:98 0:122 0:104 0:6 0:138 0:22 0:108 0:228 0:60 0:68 0:82 0:24 0:278 0:32 0:0 0:78 0:152 0:98 0:120 0:150 0:118 0:308 0:112 0:92 0:318 0:96 0:120 0:64 0:82 0:64 0:44 0:116 0:74 0:82 0:106 0:122 0:108 0:78 0:68 0:12 0:130 0:156 0:242 0:86 0:6 0:140 0:196 0:170 0:18 0:124 0:110 0:14 0:202 0:22 0:50 0:114 0:50 0:212 0:124 0:72 0:18 0:264 0:256 0:136 0:104 0:102 ; 
L 13 26 50 8 -33 32 -36 1 -28 29 11 -41 -21 3 41 -8 -9 24 14 -9 -16 13 -34 -36 14 35 -35 26 -24 -41 -42 28 -12 -26 -4 48 24 21 -50 50 -6 15 36 49 45 -21 14 -26 43 -17 33 49 -45 -41 26 36 6 22 -31 -7 -11 -14 -39 41 -31 -34 -24 50 -25 -10 26 -36 -44 -7 19 -3 34 45 21 9 -38 27 -22 18 -10 -50 -46 -10 44 -24 41 44 25 43 49 21 -30 -25 46 34 12 -25 -9 -35 7 16 -23 40 -24 -19 -47 -16 -11 -6 40 -26 -27 42 -13 4 -12 47 17 32 -45 -35 -10 -38 -1 -13 -19 -44 -20 44 32 -25 -38 -15 -37 36 16 5 10 39 -37 47 -49 -48 4 -9 -3 -41 41 43 -1 28 -21 12 -26 16 -21 4 1 23 30 30 -11 19 -7 -33 26 -41 14 -37 46 -18 27 -4 47 27 44 -47 -42 -25 26 33 -45 -12 37 -37 47 26 27 14 -31 -39 37 41 9 -13 ; 
3 15 22 14 70 8 95 14 25 54 44 17 61 4 4 44 70 63 49 58 55 24 25 16 64 40 60 96 80 85 33 77 72 67 83 25 8 93 17 57 38 51 62 34 27 49 84 44 17 40 96 100 98 42 62 17 15 55 84 85 86 51 18 39 62 86 68 5 18 85 7 85 97 63 18 89 68 67 98 60 18 21 80 47 11 23 61 50 60 55 83 43 68 62 19 95 16 35 92 78 42 51 43 47 78 30 54 99 58 69 70 34 36 45 85 65 38 18 51 72 61 2 41 56 41 82 19 41 20 84 43 74 13 74 84 84 55 25 100 36 83 86 80 3 74 50 6 7 82 78 19 23 1 60 36 98 44 56 38 76 71 60 43 20 85 38 74 80 66 58 89 15 51 85 2 90 38 14 83 80 66 6 66 79 84 23 47 85 5 35 26 79 34 61 26 61 68 92 89 76 47 ; 
L 38 10 -6 -31 -7 -6 12 -37 -49 9 -4 -24 9 8 -41 20 44 19 -40 35 -10 26 -32 -41 -42 41 45 -26 -27 27 33 -48 -31 -37 33 19 -21 -49 36 11 16 14 -16 13 -34 -36 33 -8 26 12 -22 49 -24 -27 -55 46 -24 -41 7 -40 -54 46 25 42 7 -34 5 -50 -26 24 -14 -1 -26 -16 44 -13 19 9 -48 -36 26 42 -13 19 -3 -45 46 -13 3 11 -30 21 -41 28 36 43 4 -51 21 41 -4 -41 39 -45 -49 22 -9 26 45 -9 -38 -47 -52 41 44 -47 25 -28 26 25 25 -12 -44 -3 10 39 -47 37 18 -25 26 12 -43 -41 -18 -37 50 -21 -24 -37 36 44 -28 -7 35 24 43 -6 -34 -45 12 -26 -33 50 -50 -21 -27 32 -37 30 -30 15 29 26 -47 14 11 34 -31 -16 -39 -35 14 35 -11 -23 23 4 -25 -27 -14 47 4 17 -1 21 16 -14 -1 36 -44 -15 50 10 -38 53 32 41 9 -13 ; 
0:28 0:82 0:122 0:68 0:170 0:78 0:44 0:244 0:78 0:108 0:156 0:90 0:126 0:140 0:88 0:28 0:26 0:148 0:138 0:278 0:112 0:14 0:64 0:130 0:66 0:100 0:84 0:262 0:76 0:94 0:66 0:62 0:116 0:186 0:142 0:64 0:152 0:190 0:126 0:314 0:72 0:118 0:42 0:48 0:50 0:32 0:36 0:140 0:38 0:98 0:80 0:326 0:112 0:86 0:136 0:98 0:64 0:286 0:112 0:66 0:118 0:134 0:54 0:158 0:48 0:98 0:16 0:42 0:22 0:46 0:182 0:28 0:142 0:80 0:46 0:244 0:124 0:136 0:228 0:132 0:54 0:34 0:102 0:140 0:178 0:162 0:18 0:114 0:20 0:20 0:148 0:60 0:108 0:6 0:22 0:46 0:120 0:64 0:36 0:122 0:112 0:140 0:78 0:76 0:54 0:198 0:168 0:126 0:76 0:154 0:38 0:82 0:90 0:48 0:68 0:12 0:262 0:222 0:178 0:166 0:114 0:102 0:236 0:128 0:102 0:6 0:78 0:52 0:184 0:82 0:188 0:134 0:58 0:120 0:122 0:126 0:218 0:34 0:186 0:40 0:72 0:172 0:208 0:118 0:156 0:96 0:68 0:94 0:66 0:222 0:152 0:76 0:48 0:142 0:40 0:142 0:104 0:84 0:36 0:16 0:24 0:54 0:48 0:172 0:120 0:86 0:102 0:276 0:80 0:118 0:206 0:162 0:166 0:80 0:78 0:102 0:160 0:120 0:72 0:14 0:58 0:106 0:40 0:112 0:82 0:176 0:70 0:250 0:60 0:74 0:40 0:286 0:82 0:16 0:66 0:40 0:124 0:56 0:178 0:152 0:94 ; 
L 19 25 -41 22 22 -42 -14 20 -11 -45 -38 -17 50 19 -39 -25 4 -50 29 -33 -10 -46 -18 45 17 -2 -10 -4 47 -42 19 -19 -4 -45 -19 -40 37 -35 -31 -9 -49 45 -10 15 3 40 40 47 -43 -15 -50 3 -24 -18 27 27 -6 -7 30 -11 -49 -8 9 2 -2 29 34 -38 -14 46 39 37 -35 -41 -25 12 -45 28 -41 36 8 -16 1 -31 35 18 23 -20 -43 33 -44 23 48 -4 25 -28 -19 5 20 12 7 6 -32 23 -32 46 -28 30 17 17 -21 -11 -13 -42 42 -29 -27 13 -20 -19 17 -24 13 -44 3 -12 18 22 20 17 -13 -17 26 -43 -16 -14 39 11 -34 -19 1 3 -50 48 -49 40 38 -35 -1 11 -15 -40 -10 -25 -29 13 39 -42 -43 -38 49 -15 48 11 -12 11 -16 39 15 -46 19 17 33 -25 4 -12 2 38 32 29 7 -40 2 2 -39 -5 46 15 -5 34 17 47 16 -1 -36 -4 10 -44 16 -7 ; 
95 67 38 97 12 48 27 63 54 31 12 5 73 74 59 60 34 28 94 50 40 35 50 15 32 36 80 39 90 74 12 34 60 12 1 52 3 68 76 22 5 49 8 69 82 39 100 14 60 53 52 33 63 35 60 36 97 90 90 83 95 65 82 28 44 8 41 28 39 82 8 72 38 28 35 73 49 67 68 82 20 19 32 15 83 63 54 63 22 89 48 98 6 53 95 54 23 68 95 55 49 35 98 82 1 8 86 77 75 43 47 34 96 59 51 11 31 16 30 63 40 55 93 29 70 5 82 35 13 21 39 8 38 76 89 23 74 13 37 27 14 96 42 61 38 12 56 28 38 83 67 14 77 41 10 25 60 71 21 42 12 81 70 69 42 76 26 7 99 61 26 31 31 61 15 78 15 31 99 6 17 84 69 3 10 43 81 43 1 14 81 62 71 7 56 99 87 73 49 38 51 ; 
L -12 2 42 13 49 -7 13 2 -2 10 4 -15 -40 25 46 17 38 39 -41 45 3 15 14 -43 -38 -42 -10 -18 19 -12 -38 53 -39 -43 -16 -11 5 25 -35 -1 -47 4 -5 41 -54 32 -29 34 33 14 19 -19 -25 3 -50 48 -49 40 47 -28 -39 -12 15 -19 -11 39 -43 -10 -16 16 12 23 -25 -29 46 -19 1 -17 36 -50 23 48 -4 38 -39 50 -21 -29 -44 45 44 -27 13 4 -33 4 -17 -30 -42 42 41 -19 -2 -2 -36 26 -44 55 28 28 -13 -17 19 -11 -29 8 11 -7 14 -20 -20 40 50 25 49 -31 2 -17 11 20 19 -22 -22 -23 -40 -45 16 -8 5 31 -51 -1 -32 20 -46 4 -45 -38 15 3 40 52 -32 18 46 18 -33 -10 27 27 -6 -7 30 -11 -37 -34 48 -47 9 -19 25 15 -10 34 -17 29 11 17 -42 -37 -24 -35 -35 -6 46 -17 49 -1 -9 -45 -13 12 -3 -35 18 22 17 -24 16 -7 ; 
0:182 0:30 0:122 0:118 0:176 0:36 0:128 0:56 0:88 0:96 0:68 0:112 0:244 0:28 0:146 0:66 0:36 0:104 0:60 0:118 0:126 0:138 0:196 0:46 0:154 0:126 0:172 0:58 0:74 0:58 0:40 0:142 0:58 0:114 0:178 0:100 0:172 0:20 0:62 0:76 0:36 0:180 0:22 0:22 0:104 0:116 0:184 0:208 0:168 0:176 0:132 0:68 0:146 0:128 0:84 0:122 0:76 0:24 0:256 0:180 0:22 0:176 0:52 0:250 0:36 0:52 0:62 0:54 0:58 0:108 0:202 0:134 0:106 0:20 0:102 0:46 0:28 0:72 0:170 0:58 0:220 0:12 0:106 0:40 0:34 0:96 0:206 0:32 0:18 0:46 0:172 0:102 0:32 0:122 0:62 0:84 0:68 0:140 0:274 0:50 0:128 0:88 0:122 0:6 0:48 0:26 0:96 0:114 0:122 0:94 0:156 0:16 0:64 0:60 0:12 0:136 0:44 0:72 0:154 0:100 0:196 0:156 0:32 0:162 0:152 0:192 0:62 0:72 0:138 0:118 0:34 0:24 0:24 0:190 0:142 0:180 0:74 0:38 0:34 0:78 0:10 0:146 0:110 0:44 0:208 0:98 0:194 0:24 0:50 0:164 0:78 0:64 0:84 0:86 0:100 0:62 0:56 0:80 0:128 0:72 0:194 0:180 0:180 0:166 0:62 0:214 0:76 0:82 0:68 0:14 0:196 0:82 0:42 0:54 0:64 0:88 0:284 0:122 0:84 0:44 0:84 0:116 0:164 0:76 0:192 0:64 0:68 0:36 0:130 0:90 0:6 0:98 0:10 0:176 0:80 0:70 0:0 0:188 0:58 0:76 0:102 ; 
L 29 -9 -50 20 10 -29 21 -24 -11 -28 22 -11 15 1 31 -11 45 39 31 -47 8 -21 -24 31 -38 15 48 27 40 35 -26 4 13 28 -48 -14 -37 9 29 -18 22 37 -5 -9 -34 33 -15 -32 49 46 49 -31 17 34 -29 33 -44 -20 27 -46 26 41 -43 -41 -28 14 -21 20 -12 35 21 -25 -47 -26 -24 -18 -37 15 9 9 22 43 -3 15 6 -7 -17 20 8 -15 37 -6 -26 -1 -28 8 -43 -36 -11 -31 24 46 9 43 1 5 26 -40 -19 15 43 -25 -30 10 35 16 -29 -7 -40 39 -28 47 -6 16 -15 48 -34 47 -40 33 19 -31 30 15 16 1 37 40 9 17 29 26 -20 -37 31 46 -30 -34 19 -26 -34 -2 -7 48 16 -42 41 -23 14 19 1 -27 23 20 6 12 -17 -21 -29 -45 -14 18 -48 13 -6 9 -5 -4 -5 -30 -7 -39 39 33 8 9 -1 -4 -9 -6 12 -34 -5 -18 -26 38 -47 -32 -30 38 ; 
33 21 74 57 34 95 12 62 40 78 93 78 1 69 14 68 88 51 51 4 44 16 76 43 11 10 95 85 79 97 56 66 97 20 70 9 84 91 88 67 83 95 61 83 61 46 44 42 35 9 88 57 56 9 82 68 41 28 89 73 26 91 49 88 62 40 44 20 74 78 23 71 81 67 58 20 100 50 32 70 43 44 25 38 86 84 44 81 24 40 25 80 21 45 25 28 24 51 6 50 23 25 43 31 1 19 87 92 92 57 23 98 36 23 42 94 16 77 16 57 33 57 85 58 15 85 44 5 18 86 56 61 31 21 19 91 99 76 27 87 31 18 100 39 88 91 54 91 43 97 37 58 94 64 79 21 19 25 88 84 76 69 8 34 20 19 94 59 8 14 13 62 42 9 82 37 8 35 41 20 32 3 15 83 81 84 13 11 23 17 31 66 56 60 22 33 83 92 8 4 11 ; 
L 8 30 -27 20 24 31 46 -7 48 25 -21 9 3 5 -33 50 15 37 -5 -18 22 5 6 -43 28 43 -34 2 -7 6 -17 -21 30 -49 31 -52 6 -11 31 -1 4 -44 -49 -13 -19 41 -33 34 22 9 1 37 40 40 -8 45 -18 -26 -9 22 -29 29 -43 30 -23 20 37 -1 47 -1 31 26 -19 34 -20 26 31 11 36 -46 39 -14 8 -11 9 -15 17 7 16 -29 -7 -40 39 -28 -48 46 -29 -9 -28 -47 -1 20 35 -16 26 -24 -19 -14 -53 51 -10 30 -11 43 4 5 14 48 47 -15 37 -32 28 -55 -1 -15 -25 -32 31 47 26 15 -9 -9 -15 37 18 40 -34 -24 -34 -41 -5 54 31 42 -12 -15 26 -29 34 9 -38 15 48 27 40 35 -26 4 47 -6 16 -15 48 35 -45 38 21 -24 9 13 -16 43 -21 20 -12 39 -33 -39 17 -26 -29 -17 -46 -21 33 19 -37 18 -41 29 -8 -27 23 -6 -20 12 -30 38 ; 
0:80 0:22 0:126 0:178 0:54 0:38 0:182 0:168 0:128 0:80 0:142 0:110 0:38 0:64 0:84 0:28 0:94 0:174 0:122 0:130 0:166 0:110 0:58 0:104 0:180 0:70 0:60 0:156 0:106 0:52 0:108 0:118 0:132 0:124 0:76 0:152 0:194 0:206 0:60 0:104 0:8 0:32 0:74 0:52 0:228 0:172 0:36 0:92 0:170 0:96 0:100 0:198 0:152 0:204 0:58 0:90 0:142 0:44 0:182 0:76 0:20 0:68 0:102 0:242 0:80 0:40 0:78 0:144 0:58 0:50 0:18 0:38 0:194 0:86 0:218 0:186 0:92 0:100 0:12 0:80 0:32 0:122 0:102 0:38 0:156 0:60 0:82 0:88 0:120 0:32 0:154 0:32 0:114 0:66 0:132 0:80 0:172 0:176 0:40 0:56 0:56 0:32 0:42 0:178 0:130 0:16 0:136 0:168 0:186 0:38 0:206 0:46 0:20 0:112 0:82 0:70 0:24 0:18 0:52 0:58 0:50 0:164 0:70 0:90 0:150 0:138 0:10 0:70 0:142 0:80 0:204 0:170 0:182 0:140 0:64 0:100 0:200 0:50 0:248 0:54 0:214 0:210 0:62 0:22 0:178 0:134 0:118 0:184 0:122 0:100 0:110 0:88 0:16 0:20 0:190 0:170 0:158 0:194 0:112 0:132 0:138 0:170 0:116 0:30 0:170 0:50 0:98 0:66 0:140 0:124 0:126 0:58 0:34 0:96 0:164 0:40 0:148 0:100 0:32 0:166 0:78 0:96 0:36 0:62 0:24 0:40 0:184 0:112 0:52 0:192 0:106 0:76 0:158 0:208 0:16 0:28 0:40 0:78 0:52 0:8 0:22 ; 
L -37 -25 -40 47 28 36 -44 1 -11 -13 -19 -43 16 -43 6 38 -49 35 -48 -18 -28 16 36 48 -46 42 19 40 -17 -21 -12 -7 36 -11 -17 -28 22 18 -8 23 13 -5 11 -25 -50 -12 49 24 -40 -40 -13 22 2 -23 -14 13 16 36 -18 -34 -23 -6 35 -43 -21 -6 -50 -5 14 40 -25 -2 -18 1 -11 8 34 -43 -16 -13 -9 26 -28 -48 -37 -7 -9 -22 16 -34 -47 -39 31 20 -39 5 -35 13 -12 39 49 -3 28 -2 -10 -29 -9 31 50 -30 49 36 30 42 27 7 -9 17 8 7 -33 -5 37 34 -46 29 -40 19 -29 13 -4 5 -45 41 1 -46 27 -18 -39 -24 33 46 -6 47 19 -31 1 41 -21 -22 7 -38 1 21 11 37 41 -14 17 -25 30 20 38 2 -14 42 49 -27 -47 41 -31 11 -14 -4 19 3 -43 -18 -42 -35 -36 38 -3 10 -49 -42 5 -29 -15 19 21 30 -5 21 -12 5 45 46 41 27 ; 
14 51 71 44 69 21 81 8 9 47 13 80 76 63 30 81 50 44 94 19 88 31 87 59 29 58 77 89 10 55 40 84 22 34 47 66 87 77 100 96 29 41 86 50 19 57 13 34 5 100 2 17 42 3 76 62 64 39 22 34 1 23 76 95 6 30 55 20 32 28 15 95 81 31 1 71 74 23 75 45 31 24 67 61 61 28 24 62 53 72 41 14 11 88 86 36 39 38 30 14 17 85 56 33 97 62 17 61 60 30 4 5 24 30 82 78 54 59 11 69 14 86 29 52 58 90 37 34 46 4 43 90 40 44 98 18 14 87 50 90 33 37 79 1 2 82 10 69 82 35 66 58 40 88 95 92 98 52 8 68 60 12 34 37 87 72 12 94 100 55 78 20 58 2 14 84 50 97 11 44 75 75 71 32 57 78 4 45 42 92 60 59 20 89 24 17 88 80 74 14 67 ; 
L 7 -38 6 48 -35 20 -30 13 17 -13 -28 -38 -49 1 -40 51 -41 -1 18 5 28 -26 9 -34 -23 -35 43 -34 30 -50 -4 19 -5 -19 -42 7 -20 -31 19 -42 -23 -29 45 8 -9 46 -19 41 52 -22 -11 -30 -10 6 35 39 31 -5 21 -12 22 2 3 13 -21 -13 -34 -37 -7 -21 -6 -25 -50 -29 29 28 18 5 -11 -21 -1 -30 25 37 55 -12 40 -49 12 5 -19 40 -17 28 37 -14 47 27 -49 19 21 -17 54 -28 -5 11 -50 -14 5 40 -7 -42 -16 -13 49 -5 -2 -40 47 34 38 -21 10 2 38 -23 -14 13 -33 24 8 -40 -12 -25 -39 -31 11 -14 9 7 16 33 -16 -36 46 4 -43 16 -18 -22 -9 42 27 25 46 47 53 49 17 37 14 -18 2 -44 1 36 31 27 35 -43 8 -43 -3 46 -24 -41 47 1 -18 46 -48 -36 -39 6 -16 -39 36 -11 36 15 29 13 11 -45 43 3 -18 36 41 27 ; 
0:32 0:116 0:26 0:218 0:136 0:30 0:50 0:60 0:54 0:80 0:30 0:102 0:66 0:34 0:2 0:120 0:136 0:138 0:88 0:136 0:64 0:134 0:48 0:114 0:2 0:62 0:10 0:46 0:282 0:60 0:54 0:102 0:94 0:108 0:154 0:156 0:70 0:176 0:46 0:44 0:212 0:96 0:76 0:52 0:42 0:76 0:64 0:68 0:36 0:86 0:174 0:172 0:190 0:92 0:136 0:40 0:128 0:32 0:178 0:48 0:52 0:84 0:70 0:68 0:98 0:150 0:20 0:104 0:56 0:28 0:60 0:82 0:38 0:206 0:150 0:48 0:176 0:50 0:74 0:190 0:176 0:84 0:120 0:78 0:224 0:8 0:74 0:104 0:26 0:94 0:72 0:136 0:20 0:70 0:142 0:220 0:112 0:200 0:188 0:54 0:120 0:64 0:108 0:28 0:200 0:172 0:128 0:28 0:64 0:68 0:36 0:128 0:24 0:90 0:58 0:294 0:50 0:56 0:148 0:82 0:54 0:98 0:84 0:194 0:122 0:138 0:152 0:124 0:72 0:66 0:122 0:138 0:70 0:162 0:176 0:132 0:40 0:116 0:26 0:48 0:78 0:118 0:18 0:40 0:100 0:168 0:148 0:152 0:78 0:154 0:86 0:78 0:116 0:180 0:88 0:106 0:98 0:60 0:96 0:98 0:194 0:102 0:22 0:108 0:16 0:44 0:110 0:112 0:148 0:190 0:64 0:248 0:122 0:4 0:100 0:92 0:180 0:304 0:94 0:48 0:58 0:118 0:286 0:24 0:208 0:194 0:44 0:68 0:60 0:48 0:84 0:44 0:94 0:154 0:148 0:158 0:98 0:20 0:50 0:28 0:134 ; 
L -40 -3 12 -33 26 -42 -30 42 -16 -32 21 -1 -9 -2 -4 -34 -14 18 -16 -9 7 -25 10 -24 21 -30 32 2 -46 48 50 4 6 -7 23 -7 47 -40 -23 -33 43 17 -32 48 -49 -20 29 32 -40 4 -5 -35 4 -30 37 39 22 15 -33 39 16 -15 -7 -20 -29 -18 -18 34 43 34 -47 14 36 4 -32 -31 2 20 -17 33 -10 -3 -43 -37 -6 5 -49 -9 -10 -47 -22 15 -6 -10 -20 -32 11 14 -33 47 44 -12 20 -40 36 47 16 33 -3 42 48 -48 -25 -50 -21 11 -33 -12 13 35 -15 32 39 50 -26 -38 48 -16 -10 39 13 -14 -31 -44 4 -31 47 16 8 45 -18 14 -50 6 12 -43 49 2 6 -34 25 30 15 29 16 -19 -8 7 -2 -30 24 4 -6 14 -9 17 15 38 10 15 14 13 4 -23 48 40 17 -42 -11 34 -40 -17 -43 -13 -10 -40 -1 30 36 30 17 24 -40 1 46 3 -43 -32 39 43 ; 
30 21 8 65 14 41 24 69 53 74 33 64 97 78 85 63 35 37 49 87 65 6 76 87 42 15 12 36 40 74 19 39 40 85 61 78 26 3 72 17 3 13 49 86 100 42 71 58 36 13 87 97 45 82 7 1 79 84 27 81 18 93 94 80 56 92 24 34 59 61 15 51 95 49 4 61 13 90 78 52 48 80 71 20 86 61 85 41 8 5 33 5 49 96 37 58 30 5 68 12 35 86 33 93 38 20 18 63 64 30 29 65 64 37 47 4 63 31 5 94 49 95 10 11 50 69 58 58 93 31 63 63 78 55 71 43 38 50 18 19 38 49 49 5 38 10 98 52 62 56 99 33 20 3 64 86 49 25 42 32 32 60 74 84 75 83 84 93 50 10 43 8 55 24 34 80 35 90 78 17 47 18 5 26 92 71 55 53 10 71 72 61 7 18 58 48 50 14 57 37 22 ; 
L -40 -3 10 13 -15 -7 -20 -37 -49 -9 -33 -33 -30 -36 -12 13 -40 -17 30 -30 -25 -33 -47 31 -11 40 -47 -51 23 18 18 40 7 6 -15 39 32 8 -43 -14 -46 39 50 -26 -10 -33 33 -12 39 -18 14 -9 49 -5 6 43 36 47 40 -34 -24 -42 4 -6 -20 31 32 20 -2 31 48 -48 54 -26 32 16 -43 -10 22 -25 46 45 -21 11 -10 -47 -38 7 -15 40 -20 14 -3 48 52 -4 -34 16 -9 -14 1 33 -4 17 21 -48 55 -6 43 3 -25 32 -17 37 4 -32 43 16 10 50 -48 32 -4 -50 17 -4 18 30 -16 23 16 19 29 16 -33 -15 -8 -16 40 1 10 -23 -47 15 -2 -32 -3 42 30 53 -20 38 7 -2 -30 24 4 -6 -9 -48 42 -6 34 -47 14 -24 35 -2 -13 -49 40 17 15 -4 -17 -36 34 5 -44 -39 50 2 -43 -13 -10 -30 -11 34 -12 -44 -29 1 42 -15 -21 22 -29 -14 39 43 ; 
0:60 0:42 0:22 0:204 0:150 0:136 0:160 0:68 0:230 0:44 0:32 0:50 0:48 0:46 0:86 0:24 0:104 0:36 0:70 0:80 0:66 0:78 0:86 0:76 0:6 0:34 0:6 0:74 0:158 0:358 0:48 0:124 0:52 0:24 0:98 0:92 0:64 0:40 0:38 0:128 0:108 0:20 0:22 0:100 0:88 0:72 0:32 0:130 0:56 0:56 0:74 0:206 0:30 0:170 0:122 0:80 0:182 0:40 0:28 0:122 0:112 0:202 0:118 0:80 0:76 0:102 0:224 0:116 0:190 0:26 0:78 0:130 0:150 0:58 0:64 0:148 0:114 0:70 0:206 0:70 0:60 0:12 0:24 0:8 0:110 0:10 0:98 0:96 0:44 0:36 0:186 0:60 0:116 0:66 0:86 0:102 0:126 0:38 0:200 0:168 0:102 0:84 0:88 0:80 0:112 0:106 0:206 0:52 0:12 0:142 0:4 0:196 0:98 0:74 0:60 0:8 0:58 0:102 0:298 0:120 0:70 0:160 0:142 0:78 0:44 0:360 0:52 0:106 0:228 0:86 0:72 0:254 0:158 0:132 0:44 0:136 0:60 0:36 0:160 0:100 0:208 0:56 0:140 0:34 0:58 0:72 0:220 0:60 0:40 0:54 0:94 0:40 0:132 0:228 0:64 0:64 0:120 0:148 0:140 0:272 0:118 0:94 0:132 0:30 0:102 0:94 0:22 0:62 0:202 0:34 0:50 0:44 0:168 0:170 0:102 0:54 0:124 0:136 0:160 0:134 0:66 0:192 0:208 0:52 0:184 0:168 0:106 0:34 0:40 0:100 0:166 0:28 0:98 0:38 0:38 0:6 0:74 0:156 0:70 0:74 0:44 ; 
L -49 48 48 35 27 2 14 -36 3 -47 -14 -17 2 16 -32 -4 -35 45 22 11 -44 49 -14 -40 1 3 9 -37 -11 -1 41 46 -8 18 5 -25 -45 -42 -45 -31 15 -48 11 22 16 34 -1 12 22 43 33 -42 40 14 -42 46 -6 44 31 3 26 -6 -42 22 -8 -12 38 43 25 -48 33 -29 41 23 -44 -1 -44 11 20 39 -15 29 -3 22 50 -15 -2 -16 -36 8 -42 46 1 -22 -39 25 -20 7 30 -44 -36 22 25 4 48 20 -4 -19 -44 -29 -28 40 5 -22 7 20 50 -2 27 -9 -9 46 -5 -42 -28 -3 45 22 -15 -34 -45 -48 20 -35 -39 -24 12 23 -4 -44 42 1 4 36 34 -16 13 42 -16 -22 40 31 -10 4 28 25 -3 26 32 39 -14 -34 -45 -9 22 10 37 29 38 1 -48 2 -37 30 21 -33 35 -46 -36 -44 -48 -16 -43 -38 -26 -5 11 7 -10 38 -15 -20 44 21 -38 11 -49 -25 18 44 ; 
94 75 14 95 41 16 52 71 86 98 14 4 57 27 44 1 87 83 55 46 19 53 41 25 19 16 61 37 44 51 6 28 26 8 84 83 61 63 34 47 77 62 45 52 22 20 45 10 76 80 49 29 73 59 81 10 5 51 99 23 2 10 61 30 81 74 74 45 100 67 26 87 42 55 5 34 59 1 92 80 46 52 77 33 10 16 35 15 83 82 27 94 2 40 81 1 2 26 100 66 37 69 31 44 29 24 2 60 98 84 67 12 72 45 7 79 71 30 73 10 5 20 74 87 28 51 22 99 10 48 75 77 1 45 66 69 50 66 2 44 89 17 83 40 36 34 38 20 36 47 22 43 3 5 33 34 84 40 48 76 98 52 24 1 65 74 62 4 95 1 94 85 84 27 11 55 68 72 97 25 32 10 36 80 24 61 83 99 40 84 38 90 24 9 14 83 71 80 100 43 6 ; 
L 37 -3 -36 35 17 -45 -48 20 -4 -6 53 42 -45 -31 -24 -2 -39 -20 -11 -48 -42 -25 15 -50 14 -40 23 42 -28 -3 -22 -2 -11 22 15 16 25 10 -31 -10 -20 -28 -48 -29 41 -22 -28 -16 -45 -9 37 29 38 1 -48 -22 -41 1 11 -33 -46 1 -22 -45 39 34 -35 49 -11 45 -42 -43 40 -14 36 55 -48 -44 -7 12 -37 1 8 20 34 -20 44 43 -22 -11 25 49 2 -50 -30 -11 38 -54 -46 3 -26 -35 40 -45 39 -25 -9 -3 -15 15 2 22 16 -21 -22 34 -1 12 -46 46 16 -4 -19 -44 -29 -8 18 5 49 -44 -7 -30 25 38 40 5 42 -48 -4 -27 -35 -48 2 -27 23 -4 8 22 -6 -42 16 -14 -36 -4 10 26 38 -38 -5 -9 -9 -22 36 -47 31 16 52 -15 34 3 26 1 -22 -36 -4 -1 -42 44 -39 42 -44 3 -25 -51 -14 -43 46 -32 -29 13 7 20 21 -33 48 32 -44 44 18 44 ; 
0:124 0:138 0:74 0:62 0:78 0:130 0:154 0:2 0:10 0:58 0:232 0:104 0:130 0:94 0:306 0:88 0:164 0:160 0:184 0:56 0:64 0:62 0:130 0:12 0:182 0:252 0:130 0:90 0:106 0:102 0:72 0:50 0:204 0:36 0:46 0:132 0:136 0:84 0:48 0:146 0:152 0:122 0:136 0:158 0:84 0:92 0:60 0:28 0:44 0:2 0:164 0:8 0:190 0:2 0:188 0:110 0:56 0:12 0:212 0:82 0:38 0:22 0:8 0:198 0:152 0:108 0:118 0:192 0:28 0:38 0:14 0:112 0:36 0:100 0:76 0:152 0:124 0:82 0:56 0:196 0:142 0:174 0:36 0:50 0:82 0:184 0:48 0:32 0:106 0:104 0:66 0:160 0:90 0:60 0:22 0:140 0:166 0:28 0:98 0:66 0:162 0:74 0:88 0:86 0:54 0:10 0:134 0:122 0:44 0:92 0:64 0:86 0:94 0:174 0:18 0:112 0:90 0:20 0:38 0:134 0:210 0:26 0:120 0:196 0:168 0:138 0:16 0:168 0:118 0:126 0:242 0:72 0:14 0:52 0:46 0:144 0:14 0:14 0:18 0:46 0:82 0:198 0:32 0:16 0:168 0:4 0:112 0:66 0:84 0:122 0:84 0:100 0:166 0:68 0:10 0:66 0:48 0:164 0:74 0:74 0:10 0:62 0:138 0:102 0:92 0:30 0:92 0:4 0:134 0:14 0:4 0:48 0:80 0:126 0:80 0:166 0:34 0:178 0:112 0:106 0:96 0:70 0:168 0:8 0:142 0:154 0:198 0:190 0:88 0:66 0:118 0:158 0:142 0:110 0:94 0:12 0:122 0:88 0:58 0:86 0:12 ; 
L 34 -30 43 16 13 -6 -17 -46 -50 -27 -7 -34 38 15 -50 9 -16 -48 -13 19 43 -50 16 -17 -27 41 48 -13 -24 12 -39 -45 -1 30 20 -27 -15 21 28 -33 38 29 48 30 31 -22 -10 -22 -9 -9 5 26 -45 36 21 42 25 15 7 33 4 -44 -26 19 -22 -11 31 -34 44 42 44 44 -41 5 -29 19 -47 1 -30 23 -25 -39 -28 -5 30 -19 17 -33 -42 18 44 22 -19 -15 17 11 -30 11 11 -26 43 -7 18 2 21 50 35 -47 -43 -17 -9 39 -50 -18 -7 -17 33 -43 28 10 16 -22 10 -46 -35 31 -50 13 -3 36 48 -45 -6 9 -18 27 -43 36 -36 -22 46 -6 -36 38 35 -22 1 4 6 27 22 -44 12 -28 9 -32 50 29 -32 26 41 42 21 4 6 42 37 39 24 48 -11 -25 42 -47 29 -39 -18 46 14 -31 21 -6 -43 27 43 -39 48 50 -24 -45 2 32 -32 37 -31 39 41 22 37 31 ; 
79 24 76 91 22 93 7 97 96 49 44 65 75 79 59 67 35 17 75 99 76 1 43 89 86 48 25 81 62 1 49 59 71 99 62 31 45 36 70 60 67 12 28 66 23 62 31 64 76 68 40 53 46 39 62 53 45 85 46 55 88 91 3 72 65 91 51 81 87 59 23 13 26 48 88 56 98 32 6 21 19 7 37 11 5 11 45 79 59 89 14 49 26 41 26 87 96 95 64 43 63 65 63 99 68 81 38 15 79 21 82 8 40 42 73 11 43 66 50 35 10 13 47 26 98 18 85 22 30 44 9 96 37 46 30 7 44 7 25 81 10 10 95 56 40 63 54 84 8 19 67 47 34 19 13 19 35 43 39 41 88 20 34 51 94 78 50 9 85 89 75 40 6 3 66 16 1 77 69 3 66 97 18 62 62 92 46 39 16 84 87 100 66 74 57 61 2 87 19 69 65 ; 
L 34 -30 43 16 -9 31 28 10 16 -6 -4 -37 21 -42 25 -25 54 -25 -5 -46 18 -34 38 -15 -2 26 -1 47 41 -28 9 -43 -17 50 6 13 41 -36 45 -26 -5 -29 46 -21 15 -17 48 -11 -18 -7 -2 -30 23 -12 44 32 22 -31 -33 42 -43 -18 19 -48 -36 3 -43 -21 31 22 -22 -13 50 -24 9 -18 27 53 44 -45 -26 19 -22 -11 50 -45 -1 48 -50 -10 43 38 -42 42 33 -17 20 47 -35 -50 -21 -24 -39 -37 15 39 4 -44 -27 -13 22 -32 26 41 -15 7 27 35 32 -39 30 -41 -47 -22 -9 -43 36 -36 1 4 6 -43 -27 48 33 39 -32 -45 50 9 -16 39 -39 -22 27 -35 -27 -44 18 44 -39 -55 16 30 19 19 50 30 -50 34 -48 5 -11 28 22 -38 14 -31 -22 13 29 10 12 -29 -42 52 24 28 6 -46 6 44 -17 43 48 42 21 29 51 36 7 -11 -6 -17 -46 -30 33 -7 37 31 ; 
0:158 0:48 0:152 0:182 0:208 0:40 0:154 0:70 0:20 0:374 0:188 0:96 0:76 0:64 0:12 0:68 0:32 0:146 0:20 0:52 0:154 0:260 0:150 0:40 0:108 0:202 0:170 0:64 0:70 0:100 0:26 0:78 0:38 0:268 0:88 0:52 0:42 0:108 0:78 0:92 0:106 0:62 0:154 0:140 0:72 0:262 0:126 0:150 0:38 0:146 0:92 0:118 0:42 0:0 0:68 0:98 0:138 0:124 0:212 0:18 0:48 0:122 0:150 0:50 0:18 0:88 0:32 0:188 0:36 0:122 0:98 0:16 0:86 0:32 0:232 0:60 0:14 0:148 0:138 0:108 0:202 0:144 0:130 0:182 0:116 0:0 0:142 0:166 0:100 0:68 0:114 0:14 0:64 0:146 0:118 0:158 0:94 0:140 0:30 0:76 0:162 0:132 0:170 0:18 0:74 0:70 0:176 0:182 0:38 0:66 0:48 0:184 0:82 0:176 0:106 0:38 0:88 0:152 0:66 0:36 0:92 0:8 0:134 0:132 0:152 0:156 0:14 0:50 0:74 0:168 0:16 0:116 0:124 0:170 0:38 0:50 0:46 0:66 0:116 0:102 0:54 0:236 0:82 0:70 0:64 0:46 0:216 0:10 0:28 0:28 0:50 0:186 0:54 0:70 0:120 0:42 0:50 0:212 0:76 0:100 0:96 0:10 0:74 0:98 0:214 0:6 0:268 0:6 0:284 0:254 0:72 0:14 0:68 0:188 0:148 0:52 0:158 0:94 0:28 0:20 0:46 0:52 0:94 0:78 0:36 0:58 0:68 0:148 0:202 0:102 0:68 0:186 0:144 0:14 0:194 0:32 0:182 0:74 0:166 0:138 0:130 ; 
L -3 -14 15 2 15 25 -3 -48 -43 -12 6 -47 18 38 20 30 10 46 49 8 3 30 -8 -10 -49 29 -37 41 26 -21 -41 14 -47 33 -48 -26 -20 -34 -28 30 -49 -8 35 -44 36 -48 35 5 -41 42 12 30 39 45 -20 -5 -39 -39 17 -11 30 12 -4 20 -13 29 -45 8 -47 44 21 -44 6 -44 46 5 3 25 16 -35 30 17 8 15 4 21 27 38 25 -5 47 -2 37 -38 9 -42 -47 -39 26 -9 44 -47 12 -6 -31 -7 -40 9 2 -13 14 -15 -28 43 2 18 -35 -41 -5 6 26 15 8 -15 -21 31 -24 -25 -37 16 -22 -49 -50 30 25 -27 1 10 -9 46 44 48 -39 -34 41 15 49 45 50 -37 33 -22 12 47 16 43 -4 -32 -26 -12 47 27 -47 27 -48 -13 15 12 2 -8 -42 -27 -40 -48 -16 -48 37 2 -7 -42 -20 -2 -6 -49 -25 -28 -6 27 -33 -33 -44 16 -37 22 43 33 -7 -21 -14 1 ; 
38 26 79 6 86 52 71 2 48 97 48 53 81 72 19 21 67 56 93 74 90 67 23 5 1 27 92 59 75 2 38 86 4 4 69 49 83 46 17 39 70 9 41 72 22 59 23 36 46 5 28 47 19 78 56 37 88 98 41 40 100 78 5 11 94 28 49 18 54 82 64 6 17 46 15 10 33 4 48 94 74 13 27 78 69 2 14 67 29 63 76 1 62 16 47 22 8 89 18 83 24 71 57 33 53 88 75 54 48 61 39 63 53 41 40 61 15 64 96 54 100 71 29 66 9 68 81 62 14 78 12 72 95 92 6 49 55 44 10 89 27 4 17 66 52 69 23 49 64 17 100 45 64 15 82 85 24 11 65 54 61 35 41 54 16 93 5 45 74 41 15 49 13 43 91 54 60 92 87 84 50 91 40 14 55 64 59 7 53 87 51 17 56 74 86 95 83 42 20 43 92 ; 
L -29 17 -11 -33 -42 27 -37 -43 -22 37 -6 5 -48 -26 2 -13 -30 30 12 21 10 48 -50 -45 41 -8 -41 34 39 -48 16 48 44 -35 -4 20 6 -44 -42 -13 -49 -15 -37 33 -47 -16 25 -46 9 -26 -12 -7 25 -43 28 -28 -16 -25 4 47 -33 -53 -47 -49 -3 9 -12 -47 15 -8 -12 15 12 44 -43 34 39 -3 -27 42 -31 20 -26 -41 -5 26 21 -17 9 10 15 2 15 51 25 -30 -2 -22 -49 27 -48 -47 -55 -49 47 -14 -40 50 47 30 -12 47 38 14 22 -9 13 28 -16 7 -2 -45 27 30 -39 30 -8 49 2 37 25 24 7 20 14 -21 -37 44 -8 45 42 -2 44 -25 54 -27 -40 8 3 -21 -15 43 -4 44 -2 -5 18 6 5 46 33 -18 21 -26 -16 29 8 -27 15 -8 52 10 -39 -37 48 5 20 41 36 38 6 35 49 6 -12 6 -46 30 -39 -3 -48 38 -35 47 31 -20 33 -41 -14 1 ; 
0:96 0:80 0:80 0:48 0:84 0:88 0:40 0:68 0:172 0:148 0:204 0:108 0:106 0:98 0:22 0:122 0:30 0:54 0:174 0:74 0:2 0:4 0:34 0:128 0:134 0:176 0:120 0:104 0:132 0:34 0:192 0:182 0:52 0:144 0:48 0:22 0:140 0:92 0:42 0:70 0:48 0:46 0:46 0:200 0:194 0:58 0:68 0:84 0:30 0:184 0:78 0:236 0:138 0:88 0:82 0:222 0:216 0:96 0:132 0:8 0:76 0:144 0:56 0:80 0:192 0:64 0:84 0:210 0:64 0:24 0:130 0:32 0:90 0:148 0:122 0:20 0:8 0:172 0:74 0:100 0:164 0:258 0:32 0:150 0:120 0:38 0:114 0:50 0:90 0:100 0:30 0:12 0:172 0:116 0:144 0:82 0:54 0:46 0:144 0:32 0:32 0:132 0:88 0:8 0:170 0:8 0:224 0:82 0:266 0:32 0:116 0:114 0:104 0:104 0:246 0:12 0:90 0:24 0:54 0:30 0:174 0:68 0:56 0:80 0:76 0:152 0:174 0:70 0:142 0:152 0:28 0:124 0:168 0:86 0:144 0:26 0:108 0:150 0:66 0:36 0:62 0:104 0:72 0:62 0:116 0:94 0:26 0:14 0:180 0:82 0:142 0:70 0:48 0:36 0:66 0:118 0:30 0:30 0:116 0:180 0:38 0:128 0:158 0:54 0:108 0:16 0:74 0:22 0:116 0:28 0:178 0:164 0:134 0:140 0:120 0:74 0:74 0:146 0:116 0:186 0:236 0:26 0:20 0:28 0:76 0:96 0:128 0:80 0:126 0:22 0:4 0:132 0:32 0:334 0:164 0:32 0:66 0:96 0:138 0:86 0:184 ; 
L -12 -1 1 -21 -12 14 -43 16 43 -1 -26 -10 3 -18 -38 -34 -33 2 31 -10 -35 -32 -33 4 -20 18 -31 25 -25 -28 -49 36 32 3 -20 20 -38 33 47 -26 -3 49 -26 14 -36 -7 -46 4 40 12 -18 -13 -36 -40 -35 -20 8 -33 -11 21 -29 -19 -9 27 -23 7 -26 -46 -41 -30 -4 5 13 -28 -34 -33 -34 36 18 43 -11 -4 -34 -35 6 -6 30 -13 -46 -46 6 -22 -45 6 50 30 48 -12 11 40 40 -22 1 44 38 40 43 47 39 -48 -33 9 10 -43 -49 42 -24 -13 -32 -10 -34 42 26 17 34 -4 27 24 -10 -21 -41 -18 49 -29 30 -41 -13 -40 -50 -35 -22 -38 -6 -8 -38 -5 -36 -29 19 14 28 33 3 -28 -35 1 31 29 -34 40 40 14 41 -3 1 -23 23 29 -24 24 -49 25 -45 11 35 39 22 23 31 -10 -29 -33 31 -34 38 25 36 1 -46 -23 -32 30 35 -48 -9 -48 32 -19 -8 9 ; 
33 90 6 27 97 28 9 75 99 18 69 5 65 9 1 64 62 74 64 36 44 100 84 65 70 93 85 5 98 81 35 73 83 50 99 70 80 93 99 59 74 30 21 94 7 18 40 79 76 92 8 23 44 73 95 50 33 17 11 39 48 81 35 39 58 62 44 31 58 94 49 56 42 71 90 12 78 63 15 6 64 75 79 82 64 26 1 43 22 60 9 45 58 88 10 43 50 68 15 56 13 12 62 84 60 81 43 93 55 44 5 27 39 50 69 52 10 65 96 74 24 33 36 44 52 16 51 68 45 7 21 88 88 87 99 4 18 83 86 25 55 41 41 86 81 91 98 26 20 49 56 9 15 10 20 52 81 61 12 14 20 45 52 10 60 55 59 87 92 40 7 42 83 88 21 12 38 2 65 5 36 31 30 75 3 20 81 46 82 74 42 52 35 49 93 90 12 14 95 95 48 ; 
L 49 26 -49 -24 -35 28 -40 43 48 -12 -30 -36 -43 39 20 -26 -42 -3 24 -29 -23 -13 -11 52 -46 -46 4 -29 -33 -40 -41 10 -33 -46 4 -5 -9 48 -30 -38 -38 22 -40 -53 -40 34 -5 -10 18 50 30 -13 -40 -28 24 31 23 1 -8 -38 25 -27 11 32 31 -21 -22 35 -49 -34 -4 -34 -35 -43 10 19 -21 -32 48 32 10 3 26 29 -38 25 -3 -32 49 -13 36 38 18 -3 4 -34 -17 -31 -1 35 41 -14 34 -6 12 -11 -34 -33 -34 36 35 50 -49 -1 36 -42 40 -23 7 -26 -1 -26 -48 -23 -32 30 -20 46 -54 14 41 -46 -14 29 31 -28 -30 19 12 21 33 11 9 -22 -45 6 -6 -35 33 18 -35 13 1 -23 18 10 47 33 -33 -40 4 36 25 12 16 24 -47 2 1 45 29 -31 19 14 51 -10 27 43 -40 -20 -28 -25 -38 34 -7 43 -3 -18 -8 -29 6 -22 -39 13 -41 9 -33 55 -8 9 ; 
0:120 0:174 0:42 0:64 0:88 0:132 0:14 0:178 0:112 0:136 0:38 0:42 0:248 0:26 0:54 0:34 0:72 0:46 0:128 0:184 0:174 0:112 0:66 0:274 0:100 0:120 0:128 0:198 0:128 0:126 0:246 0:26 0:50 0:80 0:158 0:148 0:66 0:172 0:68 0:100 0:184 0:24 0:24 0:28 0:78 0:156 0:92 0:82 0:60 0:128 0:86 0:16 0:166 0:240 0:60 0:244 0:34 0:76 0:242 0:162 0:46 0:230 0:166 0:84 0:34 0:154 0:230 0:76 0:138 0:46 0:8 0:158 0:164 0:130 0:24 0:14 0:68 0:76 0:24 0:148 0:142 0:72 0:148 0:162 0:64 0:56 0:270 0:100 0:126 0:140 0:16 0:130 0:2 0:48 0:58 0:32 0:104 0:154 0:162 0:104 0:18 0:62 0:12 0:64 0:110 0:16 0:66 0:24 0:156 0:126 0:162 0:50 0:54 0:106 0:128 0:80 0:160 0:192 0:124 0:88 0:54 0:138 0:30 0:84 0:84 0:104 0:156 0:28 0:84 0:64 0:104 0:184 0:138 0:38 0:62 0:138 0:210 0:68 0:180 0:60 0:48 0:30 0:32 0:94 0:66 0:58 0:20 0:68 0:64 0:66 0:118 0:232 0:100 0:110 0:80 0:90 0:242 0:118 0:70 0:54 0:178 0:350 0:54 0:74 0:92 0:324 0:74 0:34 0:144 0:80 0:38 0:36 0:54 0:98 0:78 0:68 0:88 0:10 0:52 0:76 0:214 0:194 0:40 0:6 0:98 0:198 0:36 0:62 0:46 0:18 0:206 0:24 0:76 0:36 0:134 0:16 0:44 0:124 0:334 0:190 0:96 ; 
L -28 44 -14 13 32 -13 36 15 48 31 -32 -47 -1 4 40 -39 -22 -42 31 -19 46 38 15 -15 -12 -44 33 44 -44 -39 24 12 -9 28 -26 -4 41 -27 -28 -19 19 -50 24 24 -1 35 -35 41 12 -32 -17 -35 -7 44 -4 -7 -13 38 39 -37 36 49 11 15 -30 40 -13 -48 -36 -50 21 8 24 -12 30 -49 -11 7 -28 -5 -8 -16 30 -12 -44 5 -48 -30 8 -37 11 42 -24 48 -3 -11 23 10 48 -45 46 -48 13 38 -26 12 16 14 -17 28 -21 15 -29 -50 47 -3 -49 13 -33 23 44 9 11 -9 -11 25 46 -41 -28 25 36 -49 -16 -23 -41 -22 -10 24 30 7 -5 12 21 -26 33 -10 19 -40 2 36 42 -41 34 -12 -1 -12 1 -3 -10 -30 -3 -1 -29 -6 48 -17 30 -1 7 24 38 -31 43 -20 30 -46 48 38 -3 -10 -27 33 28 -49 15 33 28 31 25 -10 45 -28 -11 14 -45 21 -49 -6 -8 49 ; 
6 100 77 61 8 83 85 91 19 29 88 52 50 66 45 89 62 96 30 60 87 68 89 84 14 43 48 77 41 57 29 50 72 24 28 33 73 96 79 83 66 7 26 65 96 51 81 50 61 26 33 94 20 40 46 51 70 70 52 75 64 14 100 70 64 49 83 32 88 77 79 32 4 30 4 21 47 82 97 38 75 57 93 32 6 64 1 92 57 44 23 44 35 63 32 24 1 100 9 20 97 71 43 61 50 95 24 46 71 8 21 91 81 8 72 23 11 58 57 47 57 82 87 6 45 10 53 14 16 97 57 35 49 77 69 26 16 47 7 77 75 92 58 77 87 78 80 74 33 14 20 28 93 72 78 59 31 48 77 91 39 40 6 73 33 100 35 5 70 85 74 25 12 48 69 41 66 5 54 47 100 92 98 7 39 29 8 1 6 81 24 35 80 63 57 63 34 65 19 25 13 ; 
L -14 12 -39 -13 -26 -42 -51 -3 13 7 21 -28 12 50 36 48 -3 -11 -44 5 -48 55 -33 49 -36 -35 -16 -47 -44 -24 -3 -10 -11 25 46 -1 -38 -31 36 11 15 -48 6 -15 8 24 -32 54 -48 49 -36 -25 -21 15 11 -12 -41 -21 48 -44 45 -28 34 13 32 -17 -35 -7 -24 9 -28 -4 31 -46 -3 -42 38 -16 -1 25 -10 15 39 30 -28 -41 19 -43 -6 37 -52 -23 33 45 -30 14 -28 -30 23 -8 1 13 53 11 10 11 -24 1 -10 41 -49 29 -38 -46 -38 -48 -42 31 -19 49 9 28 -41 19 -10 50 29 7 38 28 -49 12 8 5 27 46 -30 20 -4 45 -48 -50 -24 12 15 -11 9 7 3 -24 -47 30 -17 30 44 -23 12 40 -22 12 32 -31 22 16 -33 30 -37 27 15 -19 -30 -44 -1 4 40 -39 -12 -17 44 1 -13 35 -5 41 -40 28 -7 -14 -26 12 21 44 10 -33 26 28 -13 36 -8 49 ; 
0:82 0:144 0:110 0:74 0:54 0:112 0:0 0:138 0:156 0:54 0:208 0:42 0:118 0:168 0:154 0:176 0:72 0:48 0:2 0:128 0:2 0:90 0:2 0:92 0:120 0:86 0:170 0:80 0:78 0:298 0:176 0:94 0:196 0:20 0:106 0:40 0:54 0:56 0:342 0:196 0:140 0:138 0:96 0:96 0:26 0:8 0:128 0:150 0:22 0:248 0:70 0:114 0:180 0:220 0:32 0:44 0:122 0:146 0:66 0:52 0:52 0:70 0:148 0:76 0:16 0:24 0:188 0:40 0:52 0:54 0:100 0:82 0:68 0:138 0:86 0:148 0:224 0:92 0:72 0:14 0:162 0:118 0:58 0:68 0:42 0:246 0:116 0:250 0:136 0:66 0:68 0:228 0:122 0:48 0:262 0:32 0:102 0:58 0:24 0:24 0:46 0:128 0:98 0:24 0:62 0:110 0:48 0:82 0:156 0:68 0:24 0:92 0:14 0:136 0:52 0:10 0:86 0:60 0:120 0:190 0:32 0:98 0:318 0:104 0:22 0:202 0:16 0:228 0:150 0:58 0:14 0:32 0:46 0:122 0:82 0:190 0:82 0:138 0:74 0:132 0:40 0:10 0:98 0:88 0:28 0:238 0:82 0:204 0:84 0:24 0:192 0:50 0:190 0:54 0:92 0:140 0:12 0:64 0:62 0:32 0:116 0:176 0:68 0:74 0:76 0:66 0:136 0:32 0:236 0:224 0:136 0:48 0:130 0:132 0:90 0:178 0:6 0:82 0:64 0:264 0:154 0:70 0:118 0:230 0:40 0:54 0:194 0:182 0:118 0:136 0:116 0:46 0:144 0:156 0:174 0:308 0:66 0:170 0:22 0:50 0:26 ; 
L -41 -10 -10 -1 -11 36 15 -47 -33 20 -38 5 -29 30 -20 -29 -14 -48 11 -15 22 32 5 50 30 35 30 -21 46 15 13 22 -37 -14 -13 37 12 33 4 8 -35 47 20 8 -36 -13 18 13 -50 -49 43 35 -30 26 38 40 -31 -4 26 43 9 -41 -12 42 39 31 23 -33 -3 50 12 -39 15 -3 -9 -31 -24 -14 -12 46 -50 23 46 -1 -10 -11 -45 -3 31 33 32 20 -15 -19 -48 -49 -34 -25 44 -11 -42 -27 30 41 19 25 -4 -9 21 3 -27 3 15 2 -41 12 -46 28 -25 -29 38 -32 -49 3 37 -5 -47 47 -20 -28 7 -7 -25 33 -26 -23 17 47 2 -32 5 -43 22 35 -22 24 -15 -28 28 6 -27 -37 46 -39 -20 -25 5 27 -48 14 40 2 -49 -46 37 -24 10 -26 -12 -30 48 -24 23 -26 -28 6 -46 25 49 -4 36 -32 24 29 -17 -49 14 -9 35 -28 20 27 -38 -24 -2 -2 7 -21 -50 5 ; 
31 74 77 14 5 56 88 70 16 53 23 77 26 22 1 8 42 95 70 97 63 63 7 44 99 93 36 9 4 31 88 58 56 39 30 33 20 48 16 100 38 26 66 1 76 73 69 14 31 32 50 100 72 44 63 12 75 6 12 53 27 81 35 11 58 37 16 45 4 100 42 86 54 35 4 4 77 5 77 3 14 11 53 91 17 32 17 26 27 5 3 79 2 55 27 25 85 51 99 45 36 58 12 74 25 92 38 77 62 52 20 75 55 35 28 79 84 85 60 93 23 90 58 83 13 73 18 91 1 50 20 23 83 73 52 29 67 81 82 9 33 53 58 100 61 15 13 47 82 72 39 33 10 99 79 96 55 86 5 1 16 99 63 55 78 80 88 3 5 29 13 61 29 52 64 20 19 82 6 47 38 75 47 34 77 8 93 15 15 85 20 4 70 81 13 95 68 10 51 13 93 ; 
L -6 -3 23 -10 -32 5 2 -3 50 31 7 -27 21 3 35 -8 -26 -23 17 -28 -15 -3 -33 18 -19 5 20 -47 -38 5 -45 -7 15 20 -52 26 -23 -32 49 17 -27 22 -2 -37 -33 5 25 -43 48 -42 24 40 -31 -4 12 11 -50 -5 41 46 12 28 28 -35 47 43 -30 26 38 -37 29 37 30 29 -37 -35 -43 22 1 -3 36 -36 -1 10 25 50 12 -39 -14 27 25 49 -8 -4 46 -22 -20 11 -49 55 13 -26 47 -30 48 -40 15 -51 -32 -25 -11 46 48 14 31 -2 -39 -24 9 46 -21 24 -15 -34 -24 14 -29 -12 41 53 -4 39 -46 -9 30 28 11 -25 -12 49 32 -38 19 13 27 -21 31 9 27 42 -41 20 -14 -13 37 15 -7 20 47 -30 46 -30 -54 -24 10 -22 -25 -48 14 12 41 -9 -33 10 -26 13 -50 -3 -49 -28 6 -46 -20 -23 44 20 -38 15 2 -49 -32 2 24 36 -47 -33 -28 -35 -50 5 ; 
0:58 0:178 0:48 0:110 0:100 0:66 0:100 0:8 0:200 0:134 0:168 0:100 0:102 0:104 0:142 0:164 0:16 0:58 0:134 0:256 0:86 0:28 0:36 0:44 0:26 0:120 0:42 0:2 0:174 0:154 0:44 0:62 0:26 0:56 0:92 0:102 0:104 0:84 0:208 0:16 0:118 0:22 0:172 0:190 0:34 0:190 0:204 0:32 0:80 0:120 0:18 0:168 0:150 0:12 0:90 0:224 0:32 0:88 0:72 0:68 0:114 0:88 0:100 0:36 0:52 0:74 0:56 0:88 0:126 0:52 0:82 0:20 0:98 0:98 0:92 0:94 0:62 0:116 0:210 0:34 0:38 0:98 0:278 0:8 0:196 0:44 0:100 0:172 0:68 0:74 0:82 0:12 0:20 0:200 0:84 0:8 0:24 0:182 0:108 0:138 0:134 0:60 0:68 0:32 0:40 0:72 0:60 0:48 0:174 0:12 0:184 0:36 0:30 0:190 0:98 0:92 0:180 0:118 0:56 0:178 0:28 0:36 0:26 0:114 0:90 0:72 0:22 0:132 0:158 0:90 0:98 0:84 0:198 0:160 0:34 0:150 0:76 0:72 0:44 0:90 0:116 0:180 0:78 0:154 0:46 0:74 0:98 0:8 0:48 0:116 0:16 0:264 0:2 0:60 0:66 0:124 0:266 0:64 0:54 0:46 0:180 0:162 0:130 0:200 0:78 0:74 0:90 0:66 0:2 0:26 0:70 0:162 0:56 0:124 0:6 0:26 0:62 0:110 0:118 0:114 0:40 0:38 0:144 0:86 0:174 0:88 0:206 0:142 0:70 0:24 0:118 0:144 0:26 0:132 0:170 0:32 0:82 0:264 0:22 0:26 0:186 ; 
L 22 19 -10 2 -2 14 -37 -47 -35 -49 -46 -47 44 18 37 -34 -30 38 -42 -20 -17 38 15 43 16 -44 45 32 23 -27 18 -17 1 -23 -44 33 17 -47 -42 38 34 33 -13 36 4 34 -39 -11 -35 -12 14 -9 22 -29 10 42 -6 50 11 39 -27 -20 -4 12 -42 13 -1 45 -14 -43 11 45 18 36 -34 -2 -50 -39 -27 -3 5 7 -20 -48 10 -23 8 -3 23 42 40 48 -20 -14 -32 14 -6 -23 -18 50 30 25 38 -46 -36 39 26 -4 -15 2 -24 -29 -47 -11 39 2 17 41 8 -32 -20 8 10 38 41 8 9 47 26 -21 1 40 40 33 -25 46 39 43 11 -35 -25 37 14 -8 -48 -42 44 -15 9 -49 9 5 21 39 -50 -40 21 33 -31 -4 38 -9 -8 -14 -27 -25 16 46 13 18 -43 37 -39 -41 -23 15 43 42 49 1 39 15 10 -39 -37 21 -30 -27 -44 48 25 -36 -4 7 -22 1 -29 4 -41 -8 ; 
63 7 13 6 20 29 68 60 9 83 66 91 15 66 14 69 69 27 78 47 31 97 2 65 13 70 62 33 28 95 50 18 52 55 58 12 40 9 94 29 12 38 50 98 21 61 10 38 80 41 55 64 50 15 70 34 90 59 64 22 15 72 24 73 40 90 55 48 76 43 81 57 5 12 37 43 89 43 71 9 10 59 59 92 75 16 10 93 56 62 49 5 26 99 58 95 56 2 40 78 32 17 7 50 30 3 14 5 6 39 56 59 44 78 86 54 69 30 97 87 48 56 84 94 66 57 9 84 96 83 25 31 88 52 44 33 22 63 33 35 54 59 95 2 57 80 32 51 48 11 64 41 8 8 61 57 29 86 45 62 87 37 65 54 85 68 57 22 64 86 63 82 51 82 3 45 84 22 26 81 3 34 13 68 30 51 4 12 82 49 78 44 49 76 9 29 95 35 2 87 62 ; 
L 22 30 42 4 4 -46 -47 44 37 -34 -1 -50 6 -23 -44 -4 5 7 -38 -42 -20 16 46 21 33 -31 -4 12 -39 -17 37 35 -47 33 14 43 16 -39 -11 15 -17 -33 21 23 41 39 -27 -44 3 14 -40 1 -9 -34 36 -50 -9 4 23 4 -22 -10 -14 25 27 -42 -36 18 -36 45 -46 -14 48 27 -39 11 38 -9 -8 23 -40 -42 -23 3 41 13 36 -41 -45 -49 7 -42 44 -20 -14 20 -44 2 39 -47 -18 -38 -42 -34 -38 49 -39 -39 -21 -5 -10 -32 15 43 30 -52 -50 -10 48 8 -8 11 14 -35 2 8 -37 -25 -20 -2 10 -19 -2 -17 -25 2 -43 37 -27 45 24 -37 15 -1 -39 -15 48 -40 -40 -32 -49 9 39 25 38 -46 -13 42 -12 11 8 47 -34 -50 18 -25 29 11 47 29 13 -43 -53 17 55 -51 38 15 6 35 -27 26 1 54 26 -8 -33 9 39 -10 -22 1 14 -20 -48 23 18 30 -41 -8 ; 
0:126 0:48 0:70 0:44 0:62 0:28 0:182 0:30 0:156 0:138 0:66 0:82 0:118 0:28 0:116 0:106 0:8 0:118 0:112 0:360 0:94 0:112 0:44 0:100 0:172 0:90 0:62 0:208 0:46 0:70 0:20 0:112 0:150 0:140 0:76 0:236 0:26 0:10 0:44 0:170 0:90 0:80 0:128 0:90 0:6 0:164 0:98 0:164 0:42 0:10 0:62 0:108 0:22 0:132 0:6 0:144 0:38 0:140 0:92 0:116 0:70 0:94 0:182 0:56 0:136 0:70 0:56 0:40 0:30 0:50 0:34 0:58 0:78 0:76 0:54 0:112 0:66 0:74 0:130 0:124 0:166 0:98 0:124 0:112 0:184 0:154 0:158 0:120 0:214 0:134 0:160 0:90 0:64 0:80 0:198 0:126 0:144 0:42 0:86 0:30 0:228 0:42 0:10 0:34 0:24 0:160 0:168 0:140 0:98 0:16 0:216 0:130 0:52 0:168 0:140 0:38 0:74 0:20 0:150 0:166 0:212 0:68 0:98 0:6 0:106 0:134 0:152 0:142 0:84 0:86 0:12 0:26 0:192 0:66 0:62 0:10 0:118 0:164 0:20 0:124 0:36 0:46 0:186 0:44 0:68 0:166 0:48 0:62 0:126 0:154 0:48 0:128 0:22 0:158 0:14 0:100 0:82 0:180 0:80 0:32 0:106 0:16 0:156 0:192 0:156 0:26 0:72 0:122 0:156 0:88 0:82 0:118 0:166 0:52 0:58 0:144 0:218 0:4 0:36 0:90 0:166 0:132 0:46 0:126 0:56 0:38 0:102 0:34 0:180 0:136 0:10 0:58 0:100 0:186 0:42 0:132 0:38 0:130 0:10 0:174 0:124 ; 
L 6 -34 41 42 -22 10 -1 -31 -40 -43 26 -42 50 41 -1 -30 43 -29 -37 48 31 21 36 -4 -20 -31 -34 -29 -11 -1 35 -28 33 14 -35 5 -25 -20 44 5 8 -2 25 -1 -36 47 36 4 -5 17 -35 18 1 35 50 -12 40 25 17 -47 8 -28 24 22 -37 4 -35 -32 4 -1 34 39 -3 -37 -46 44 -24 -15 -26 -32 -8 15 -3 -36 -27 -27 -22 -45 48 -22 38 26 -6 -15 47 36 -43 -33 43 10 -40 33 18 49 -34 -28 -5 49 -23 30 9 -31 -44 15 2 -3 13 -17 38 -34 28 -18 -5 23 -42 39 -36 16 -9 29 -43 -41 22 -23 -17 33 -46 35 -30 8 -38 43 16 -20 48 -14 41 29 -45 -13 -45 37 18 7 2 -18 -49 7 1 45 23 -11 -30 2 17 -32 -1 -16 -44 -26 40 -33 -41 -10 -26 44 -3 43 14 -26 -33 25 11 1 -35 -8 -2 -47 19 14 -49 23 -20 48 -23 24 9 -34 8 23 ; 
69 20 47 87 70 65 74 40 38 30 17 86 62 77 95 56 4 89 84 32 89 12 10 37 62 29 54 43 22 32 3 2 78 14 10 28 27 58 32 11 94 81 61 55 24 30 25 54 70 36 69 57 17 25 27 28 31 17 72 29 94 20 53 88 26 75 22 18 17 55 2 34 82 7 7 100 38 81 17 55 41 75 89 96 4 1 37 3 69 39 20 11 73 41 63 98 72 15 73 46 76 95 38 43 9 42 90 92 94 99 29 8 44 55 49 42 69 10 75 9 97 4 98 3 35 96 46 39 41 67 16 43 76 34 25 8 10 25 83 42 90 78 14 25 15 91 15 38 100 92 84 4 56 84 80 29 89 56 41 24 37 56 37 66 63 83 26 90 64 6 71 59 80 1 79 56 66 10 68 87 66 6 31 9 89 70 69 55 24 98 57 39 8 62 26 61 45 56 70 85 94 ; 
L 26 -31 36 9 -1 28 -19 13 45 22 -8 -31 -8 30 25 -4 -43 -34 17 -13 -29 34 -18 -49 7 -17 -14 36 -5 49 -29 35 38 -34 33 39 -47 55 -2 -14 -21 7 32 -1 36 2 25 14 18 -17 -44 -35 -49 52 36 -20 39 -36 -41 -46 44 -17 5 46 -38 22 23 -42 -2 4 35 -26 -33 25 14 -3 -24 -40 33 -10 -43 33 43 -23 -17 -41 -10 -26 -4 -26 -8 -10 -12 40 25 1 35 50 -18 -5 -4 -53 16 -41 -50 42 37 -32 9 -11 -43 48 -48 27 27 -20 37 44 -1 -31 1 11 24 9 -34 26 45 41 -28 1 43 48 -37 40 35 28 33 -8 -47 15 33 -40 44 -30 43 1 51 20 23 23 35 1 3 -28 -15 5 54 42 -16 49 -34 3 -37 32 18 -47 -38 47 2 8 29 34 -18 -16 -24 -15 -15 44 23 -11 -30 -31 23 -22 2 -3 45 22 45 29 -20 48 30 5 -6 -43 -41 -36 8 23 ; 
0:16 0:86 0:122 0:6 0:36 0:140 0:334 0:30 0:184 0:194 0:138 0:116 0:104 0:84 0:120 0:178 0:178 0:42 0:40 0:20 0:88 0:40 0:38 0:178 0:112 0:136 0:8 0:140 0:326 0:184 0:168 0:30 0:56 0:18 0:104 0:24 0:84 0:126 0:62 0:172 0:54 0:172 0:182 0:76 0:106 0:66 0:156 0:88 0:254 0:28 0:194 0:318 0:176 0:16 0:146 0:34 0:86 0:92 0:48 0:166 0:152 0:122 0:72 0:106 0:152 0:40 0:148 0:18 0:84 0:12 0:70 0:178 0:132 0:12 0:44 0:104 0:188 0:132 0:190 0:132 0:92 0:146 0:30 0:54 0:70 0:96 0:2 0:158 0:138 0:60 0:154 0:202 0:50 0:62 0:34 0:48 0:50 0:54 0:14 0:196 0:6 0:146 0:78 0:136 0:154 0:124 0:92 0:60 0:116 0:98 0:140 0:16 0:172 0:44 0:2 0:32 0:78 0:270 0:84 0:80 0:40 0:64 0:22 0:90 0:112 0:78 0:86 0:106 0:32 0:64 0:70 0:28 0:152 0:32 0:42 0:110 0:40 0:30 0:100 0:126 0:42 0:118 0:56 0:96 0:8 0:84 0:154 0:26 0:22 0:158 0:94 0:140 0:154 0:42 0:80 0:24 0:0 0:188 0:110 0:60 0:18 0:32 0:218 0:24 0:54 0:58 0:106 0:136 0:110 0:138 0:140 0:86 0:40 0:112 0:12 0:162 0:84 0:110 0:76 0:112 0:74 0:114 0:88 0:58 0:98 0:64 0:142 0:6 0:12 0:140 0:6 0:124 0:92 0:178 0:98 0:84 0:86 0:116 0:74 0:170 0:188 ; 
L -40 45 45 -48 -41 45 -42 40 -1 -12 -21 10 -37 15 -1 22 -40 33 41 47 -7 -40 -22 13 -44 45 -47 -47 23 -16 12 13 -9 3 41 44 45 38 -24 -41 12 33 -17 -23 17 28 29 -19 18 -28 30 -29 3 27 -27 14 -20 -12 -22 41 6 -6 3 17 19 29 -38 -19 -47 -23 -10 19 36 -8 -35 -30 -17 17 4 21 -3 -3 11 -44 7 -50 -10 40 -2 40 -32 -24 -28 -11 31 37 -16 -4 6 33 41 -12 -20 11 11 -14 -13 -18 23 -43 -30 2 -1 7 -26 16 25 41 -39 47 -42 -26 11 33 11 17 5 -17 -35 -21 -2 -10 -31 -48 46 -1 28 32 22 30 15 6 -34 -47 50 -11 -35 5 11 -14 -44 -2 -29 2 -26 -41 -25 40 -49 -47 -26 -23 -45 -6 27 -37 -22 6 -20 48 18 -12 22 32 46 16 -14 48 22 9 23 -42 36 3 43 1 -10 42 -7 39 12 -22 5 -2 -5 45 -19 33 -37 48 ; 
1 29 56 10 84 97 100 57 63 42 87 6 69 9 14 27 93 2 78 62 59 41 96 95 37 20 27 19 94 90 3 42 89 34 42 53 29 59 22 69 20 25 38 54 3 69 2 84 74 10 23 90 74 48 8 35 59 56 18 27 77 8 59 46 70 33 45 43 99 78 72 79 33 37 75 19 19 83 39 71 29 91 1 27 85 47 3 93 63 18 42 49 82 91 25 39 12 29 92 75 22 72 27 38 83 35 9 15 55 88 23 100 82 44 60 66 68 64 51 83 61 61 8 34 48 31 31 66 12 15 50 25 96 64 38 85 22 79 51 51 4 1 66 29 7 7 59 10 49 47 67 60 81 95 88 90 70 35 34 95 42 37 91 58 33 15 68 41 80 50 12 40 80 43 78 8 3 27 82 46 68 30 85 10 26 33 72 19 59 75 53 25 62 3 60 83 11 69 35 47 81 ; 
L -40 45 47 -7 44 29 -41 -10 -7 39 4 21 -19 6 -20 -17 -3 -17 22 2 -5 -14 -34 41 29 -28 17 -50 2 -46 -16 26 -16 18 13 6 33 6 -6 -26 22 22 30 24 -28 44 -10 21 29 -19 -39 47 22 -48 -3 45 -12 14 -11 7 -23 -27 1 -50 42 23 26 18 -12 2 -18 -42 36 3 -28 -12 11 -22 40 40 20 52 -23 40 -2 -12 41 37 44 10 23 -46 -6 38 37 -44 -14 17 24 43 1 -25 -9 3 32 -41 -33 -47 23 51 -22 -16 45 -26 42 -45 41 48 -1 -12 -19 13 30 43 -55 35 17 -16 -33 -41 -12 48 31 -40 15 4 19 5 -21 -7 10 -11 -2 -20 54 41 -27 -45 13 45 1 -15 -32 -11 -11 47 23 11 33 11 17 27 -37 6 19 3 22 32 10 -31 53 14 5 -5 -2 22 -40 35 -30 -17 25 28 48 40 47 49 -41 45 -3 29 -47 1 -11 35 8 -36 12 47 -37 48 ; 
0:2 0:58 0:48 0:118 0:66 0:84 0:120 0:150 0:20 0:150 0:110 0:142 0:204 0:102 0:160 0:52 0:150 0:8 0:208 0:216 0:6 0:36 0:86 0:94 0:72 0:152 0:100 0:98 0:86 0:58 0:144 0:132 0:102 0:106 0:30 0:42 0:150 0:174 0:16 0:126 0:12 0:88 0:102 0:136 0:48 0:150 0:142 0:12 0:124 0:64 0:102 0:166 0:26 0:10 0:68 0:180 0:158 0:44 0:94 0:42 0:82 0:104 0:76 0:36 0:16 0:154 0:74 0:94 0:80 0:30 0:36 0:86 0:170 0:12 0:138 0:38 0:68 0:66 0:32 0:266 0:200 0:174 0:28 0:62 0:126 0:18 0:28 0:52 0:228 0:88 0:144 0:114 0:98 0:56 0:62 0:68 0:88 0:36 0:20 0:42 0:66 0:122 0:130 0:76 0:108 0:110 0:156 0:186 0:88 0:122 0:162 0:94 0:102 0:108 0:80 0:200 0:194 0:168 0:18 0:84 0:116 0:122 0:214 0:46 0:132 0:192 0:24 0:58 0:188 0:104 0:34 0:78 0:128 0:36 0:14 0:160 0:84 0:26 0:72 0:76 0:102 0:168 0:42 0:86 0:172 0:12 0:66 0:46 0:214 0:60 0:332 0:28 0:28 0:104 0:166 0:178 0:142 0:106 0:68 0:96 0:62 0:202 0:30 0:136 0:126 0:106 0:186 0:86 0:108 0:64 0:68 0:64 0:58 0:76 0:130 0:88 0:186 0:18 0:44 0:38 0:114 0:186 0:18 0:216 0:78 0:190 0:38 0:88 0:90 0:148 0:114 0:66 0:168 0:112 0:150 0:74 0:58 0:76 0:182 0:94 0:162 ; 
L 19 -11 8 24 13 1 -24 35 38 25 -33 -42 -33 2 -37 27 11 25 28 37 36 -9 48 -14 47 -9 10 -48 28 -12 -13 43 38 -12 2 34 12 48 26 -31 25 50 7 18 42 47 -23 -1 27 -23 2 -24 12 46 -17 -36 -5 -9 -8 -29 46 21 15 -45 26 34 -27 -17 -5 -5 -2 -45 -17 16 36 -6 -42 -11 47 5 31 -38 22 -41 -12 17 10 -8 -35 27 28 28 22 40 -9 -31 9 18 11 -6 13 19 -9 -17 -4 -32 27 -17 -11 44 8 -2 -13 -41 29 -48 8 18 -29 24 4 41 29 36 21 -50 27 31 -8 49 -2 6 -16 -29 -18 -21 36 -37 -8 5 36 -15 47 3 29 42 1 8 15 44 -36 29 -20 -20 24 20 37 5 16 4 50 -23 -21 28 -3 11 13 -9 -3 -44 -19 -16 -38 31 37 -41 45 -32 47 -15 -20 28 -14 16 -9 8 -11 -41 -9 44 -50 -23 -30 34 -36 26 -19 36 -3 -31 ; 
21 63 92 13 35 71 68 33 45 2 4 26 26 8 94 94 16 20 19 87 27 90 19 18 75 37 17 94 53 91 13 71 34 66 27 62 9 42 81 77 62 89 63 44 60 25 32 56 55 63 27 58 68 54 95 85 14 90 51 78 25 60 98 10 34 72 89 55 41 79 28 87 55 17 64 88 54 66 65 51 36 13 21 91 4 52 92 81 90 5 67 13 38 46 56 35 27 33 99 48 21 38 69 75 91 45 4 98 94 20 92 8 15 53 83 66 98 22 28 37 64 69 86 27 100 19 25 34 34 41 74 9 56 20 24 26 50 54 67 58 80 47 47 30 10 88 65 52 75 71 39 2 99 95 76 38 32 18 82 87 61 1 45 72 66 29 89 4 18 29 5 93 18 57 78 91 100 40 97 46 55 45 62 99 51 20 97 42 61 95 18 24 73 47 62 28 8 81 3 48 61 ; 
L 7 -55 -29 -29 19 -26 -43 41 33 -8 -5 -24 35 44 47 3 -17 18 -45 26 -36 -8 -44 11 -19 42 32 -17 -12 -34 -2 12 -9 15 -10 47 36 9 -27 -20 -2 -19 23 50 48 -29 -36 16 -24 -44 -26 23 -27 -12 -13 -12 -24 -37 -31 21 18 4 17 9 14 9 -41 -9 -41 -28 -25 -2 -45 -16 -38 -29 5 -36 37 -36 36 15 -4 16 6 8 44 4 53 -13 -42 -11 47 -29 -15 -8 41 25 -6 31 33 -23 -42 11 -8 -50 11 -20 17 20 -11 -20 -5 -21 11 13 -13 -27 -3 -21 -46 -16 34 -27 29 42 1 48 -10 -36 -28 -11 38 -17 9 -40 -22 -32 -14 -30 -22 -15 -38 51 5 -52 36 -19 29 -5 -2 48 -2 1 8 -31 -27 41 38 -8 -35 -49 -25 54 -9 -9 -16 -8 -12 24 28 1 6 -36 24 48 2 31 8 37 -21 28 -3 23 -50 -34 -46 -31 9 45 -28 -28 -27 47 -37 -18 5 -13 -3 -31 ; 
0:246 0:180 0:86 0:38 0:192 0:16 0:210 0:18 0:126 0:4 0:100 0:20 0:66 0:104 0:22 0:60 0:90 0:246 0:190 0:68 0:32 0:56 0:184 0:40 0:372 0:208 0:84 0:26 0:104 0:18 0:124 0:54 0:52 0:48 0:98 0:52 0:70 0:34 0:82 0:32 0:54 0:132 0:60 0:48 0:22 0:132 0:162 0:70 0:200 0:84 0:112 0:66 0:126 0:14 0:26 0:132 0:164 0:238 0:156 0:90 0:52 0:94 0:182 0:150 0:100 0:148 0:350 0:122 0:76 0:112 0:38 0:104 0:174 0:104 0:36 0:200 0:22 0:196 0:34 0:22 0:26 0:84 0:136 0:146 0:120 0:84 0:48 0:62 0:206 0:150 0:100 0:132 0:130 0:158 0:66 0:150 0:92 0:132 0:116 0:30 0:160 0:20 0:102 0:76 0:124 0:38 0:46 0:12 0:2 0:138 0:80 0:288 0:106 0:116 0:94 0:178 0:106 0:98 0:140 0:126 0:120 0:72 0:28 0:178 0:40 0:176 0:130 0:228 0:188 0:158 0:106 0:96 0:114 0:72 0:126 0:112 0:92 0:80 0:148 0:60 0:176 0:60 0:44 0:106 0:182 0:62 0:0 0:228 0:74 0:100 0:96 0:16 0:8 0:126 0:146 0:68 0:68 0:34 0:80 0:152 0:180 0:160 0:70 0:62 0:200 0:22 0:68 0:24 0:42 0:136 0:288 0:278 0:38 0:176 0:46 0:76 0:150 0:114 0:86 0:204 0:82 0:144 0:132 0:216 0:2 0:24 0:70 0:136 0:54 0:168 0:76 0:26 0:134 0:86 0:26 0:134 0:164 0:24 0:18 0:96 0:122 ; 
L -26 -13 27 2 -28 -29 43 -48 -46 12 -1 -24 36 25 26 -12 -4 14 -12 -49 1 -43 -46 43 44 -31 -45 34 38 -7 12 -32 -2 -16 21 -44 16 39 -10 -14 -48 -12 14 -36 41 25 -27 -2 7 -33 27 17 32 -3 -16 -12 16 32 -8 42 -21 -50 -35 -42 38 1 8 -5 50 12 -18 6 27 -45 43 -11 42 1 -27 -34 43 16 50 22 -35 -44 9 25 4 43 -8 -10 -27 37 19 -32 -12 -18 -12 39 7 30 -45 -8 21 44 48 -21 -41 -24 -2 34 -44 1 -22 9 -14 27 -49 -23 34 -39 -11 15 -2 26 -12 14 -6 -17 -22 8 -27 -48 -19 22 -27 25 -26 -28 -31 -4 13 -22 -40 -1 -7 -24 -5 32 -10 -47 -8 -41 -37 47 -33 -22 11 50 42 -15 28 39 -16 -14 -36 4 21 39 -14 -27 33 42 -2 -36 18 -29 -43 -16 -41 -22 -28 -11 -22 36 -47 37 -27 34 -45 3 43 -47 27 31 -28 40 -14 -32 ; 
28 52 75 62 72 61 94 55 40 29 68 88 46 100 26 21 7 54 97 96 2 60 28 41 10 85 26 27 25 66 41 32 44 52 47 98 39 54 2 13 95 71 13 33 1 41 6 67 54 56 1 22 11 25 2 22 21 18 46 89 42 1 12 96 11 93 33 34 95 24 90 57 91 80 53 16 69 97 50 44 89 82 41 51 1 92 64 35 23 69 48 62 9 67 45 27 20 57 76 44 72 48 44 53 70 63 57 36 44 1 80 20 58 71 31 32 46 62 15 57 30 54 5 97 97 57 65 5 41 48 87 72 4 5 14 85 40 22 20 35 69 96 79 83 34 5 12 69 90 43 100 9 66 27 93 34 4 87 70 93 17 41 58 34 64 34 56 46 60 51 12 87 51 84 71 76 61 52 75 26 59 25 59 11 60 95 77 72 28 81 9 96 85 67 93 22 1 51 25 1 24 ; 
L -44 42 -32 -53 49 32 -19 8 47 43 50 -36 -32 36 -3 -16 -44 37 21 42 45 32 -22 -50 12 37 -2 -43 52 43 16 25 -27 34 13 26 14 -9 22 -1 44 -31 -10 22 -2 42 -27 37 -14 -1 -38 -12 -43 -4 -11 -32 48 34 27 26 -16 -33 -48 8 41 -12 21 -45 -21 -12 -54 -25 -22 14 10 55 -16 -41 -27 -6 -17 -22 -30 -7 -39 -15 28 -48 -27 -27 18 49 12 18 38 -7 -46 41 -2 -16 -22 39 1 -12 -13 11 -24 16 -26 -43 29 -22 28 9 25 7 -24 44 -2 18 5 4 -23 34 -39 -11 14 16 -33 43 24 1 -12 46 -45 -8 47 39 -39 -5 50 51 -11 21 -50 -35 43 8 -31 -27 -45 3 -29 40 12 -47 7 12 27 14 25 28 -2 -44 -14 8 -33 27 -22 19 48 26 -12 -34 10 28 -6 31 28 27 -14 4 -41 -17 -42 40 34 -1 1 47 42 35 -27 21 -15 -27 4 -2 -14 -32 ; 
0:158 0:66 0:40 0:158 0:42 0:168 0:54 0:86 0:132 0:88 0:226 0:194 0:104 0:4 0:66 0:4 0:238 0:224 0:44 0:32 0:32 0:118 0:106 0:102 0:54 0:40 0:210 0:112 0:162 0:176 0:164 0:102 0:4 0:162 0:152 0:104 0:16 0:92 0:64 0:62 0:142 0:120 0:198 0:28 0:42 0:142 0:188 0:134 0:130 0:46 0:186 0:98 0:6 0:138 0:44 0:160 0:94 0:24 0:88 0:132 0:64 0:106 0:148 0:120 0:30 0:120 0:2 0:118 0:98 0:246 0:78 0:338 0:34 0:124 0:26 0:84 0:68 0:118 0:58 0:128 0:96 0:174 0:120 0:96 0:144 0:38 0:60 0:184 0:30 0:22 0:84 0:68 0:192 0:204 0:194 0:132 0:138 0:14 0:184 0:104 0:146 0:60 0:36 0:138 0:86 0:230 0:32 0:86 0:114 0:30 0:188 0:98 0:90 0:40 0:70 0:30 0:108 0:206 0:146 0:28 0:58 0:126 0:160 0:60 0:108 0:10 0:142 0:68 0:222 0:132 0:34 0:176 0:136 0:58 0:72 0:106 0:22 0:44 0:106 0:52 0:190 0:138 0:38 0:68 0:14 0:24 0:174 0:50 0:76 0:76 0:16 0:192 0:154 0:56 0:18 0:76 0:134 0:52 0:130 0:174 0:34 0:6 0:144 0:104 0:24 0:148 0:174 0:46 0:80 0:170 0:28 0:84 0:130 0:74 0:42 0:94 0:126 0:94 0:10 0:120 0:54 0:108 0:22 0:20 0:120 0:38 0:14 0:106 0:22 0:200 0:50 0:180 0:6 0:138 0:164 0:160 0:16 0:86 0:56 0:2 0:48 ; 
L 47 -19 -47 40 33 33 -43 40 -4 -30 -18 -27 -42 8 25 14 -44 -50 -32 -43 -24 1 -19 -5 4 -6 -48 27 17 30 -46 33 48 -22 -11 -41 -11 -14 39 -26 -17 -21 39 -45 -46 9 35 4 -20 -26 -35 -16 49 17 -14 -16 27 2 24 -25 -1 -28 32 46 -32 -36 10 3 13 46 -12 1 30 -1 39 3 -36 -46 1 -45 -19 -11 11 44 -16 -37 -33 44 23 -3 44 -3 11 6 43 -15 -40 7 13 -3 21 -4 22 -43 17 -31 48 -10 5 48 -27 -47 42 -24 -39 44 -44 22 -9 5 47 49 42 -15 4 -13 29 -28 -19 -9 37 24 32 14 33 -46 -31 25 25 12 -6 26 34 3 -31 -32 -33 -22 9 -28 -41 27 -5 -41 -46 50 -22 -37 8 -20 -40 -4 -12 35 4 50 -14 -45 30 -38 7 -18 -3 -9 -5 10 2 -37 44 42 35 41 -9 -6 -41 -29 20 26 -23 -22 -1 -23 -35 43 -25 35 31 4 21 37 ; 
74 93 10 10 19 7 55 88 97 53 16 96 29 86 64 9 56 15 37 53 16 50 1 18 45 84 87 41 6 5 59 24 9 5 77 65 10 30 37 98 26 95 63 24 52 44 79 98 97 28 76 70 21 33 13 54 91 46 7 87 90 37 47 64 6 21 38 12 2 30 31 85 51 62 87 65 58 15 10 76 11 63 80 97 24 75 4 21 91 54 87 59 68 53 2 65 60 79 65 55 25 3 31 91 84 72 23 34 34 39 93 81 88 31 49 5 83 8 47 92 83 77 24 75 40 13 64 30 14 26 97 29 99 81 95 73 9 35 90 86 34 98 12 53 82 12 51 59 77 54 18 84 18 87 77 37 47 36 30 43 69 20 29 77 35 7 78 8 92 34 94 4 86 24 11 24 2 64 32 80 76 6 82 2 89 3 92 11 63 56 37 32 14 8 40 64 97 43 42 82 64 ; 
L 47 7 24 -42 47 -48 -19 -15 -20 -44 -11 -30 -1 -51 -49 -28 -41 13 -7 38 -18 -5 10 -22 31 -35 40 -9 45 41 40 -24 26 43 -25 9 -31 -1 25 -24 22 -50 41 9 -11 -37 9 -35 -16 1 42 -36 25 26 -5 -24 46 -12 49 -33 44 23 -44 -4 39 12 40 -27 3 -44 -28 19 30 -18 -3 -34 33 -16 -5 41 -35 -42 11 -47 4 53 -17 -33 11 -8 31 -4 22 3 -14 6 -12 14 44 -41 -47 9 -28 32 -29 -30 8 -44 -1 29 -6 -48 43 32 -43 15 -27 -35 48 -3 -4 5 16 46 31 46 -33 -14 -32 3 -50 -52 23 -46 -44 27 46 -30 -9 3 22 -39 55 4 -40 -46 -23 -22 1 -35 2 -37 11 27 -25 1 -45 -19 17 -14 32 50 27 -10 -20 5 35 17 -13 46 -19 -4 45 -26 -20 -2 -22 4 -21 39 -26 -17 -21 -36 -54 -42 37 -25 -37 -43 -6 39 -13 43 -33 32 -48 -10 21 37 ; 
0:148 0:182 0:160 0:62 0:176 0:10 0:66 0:84 0:16 0:98 0:194 0:134 0:102 0:16 0:74 0:34 0:74 0:216 0:240 0:188 0:56 0:60 0:68 0:20 0:72 0:32 0:74 0:126 0:126 0:160 0:222 0:264 0:224 0:4 0:80 0:94 0:136 0:30 0:198 0:174 0:78 0:94 0:74 0:140 0:76 0:46 0:194 0:122 0:140 0:82 0:8 0:46 0:48 0:44 0:78 0:190 0:34 0:62 0:300 0:10 0:42 0:182 0:242 0:202 0:12 0:68 0:88 0:56 0:292 0:32 0:26 0:26 0:20 0:76 0:70 0:106 0:124 0:72 0:136 0:72 0:230 0:152 0:78 0:72 0:112 0:148 0:96 0:12 0:232 0:208 0:58 0:70 0:96 0:66 0:92 0:170 0:68 0:186 0:34 0:212 0:8 0:60 0:108 0:56 0:48 0:8 0:72 0:102 0:120 0:60 0:90 0:174 0:66 0:106 0:212 0:48 0:190 0:126 0:6 0:2 0:62 0:90 0:142 0:30 0:28 0:18 0:146 0:190 0:162 0:102 0:118 0:56 0:280 0:146 0:80 0:140 0:24 0:118 0:38 0:92 0:40 0:10 0:48 0:90 0:194 0:186 0:82 0:54 0:14 0:40 0:12 0:128 0:104 0:116 0:14 0:128 0:152 0:22 0:72 0:26 0:138 0:62 0:212 0:184 0:102 0:86 0:56 0:42 0:100 0:86 0:124 0:80 0:80 0:146 0:22 0:26 0:118 0:62 0:66 0:130 0:196 0:52 0:130 0:122 0:48 0:206 0:46 0:94 0:234 0:42 0:4 0:26 0:160 0:66 0:110 0:212 0:66 0:16 0:54 0:164 0:128 ; 
L -1 2 -9 44 -11 33 15 -10 32 -40 -50 -35 -39 -24 -46 13 -35 -14 -31 -22 3 -28 -26 -6 49 -8 -48 -48 -44 -29 -49 50 -22 -20 21 -47 -33 49 34 -13 10 29 -19 21 -39 -36 34 -38 -2 -17 -7 10 12 -8 3 -3 -42 2 37 -24 -43 -9 35 -15 -40 -13 -42 34 31 -22 -16 -48 -37 28 36 25 -9 -36 -49 16 -6 -5 -35 -39 10 -25 46 -26 27 4 28 -38 8 -2 19 -16 10 -26 23 13 36 -19 -2 -25 -21 -35 26 50 14 14 -3 6 2 13 -28 -9 -21 29 -43 13 -10 -46 -29 -35 43 2 27 14 33 12 -46 26 7 30 -24 23 40 3 11 -19 -33 47 21 -50 -31 -34 -44 34 -32 -4 26 -24 -8 -4 -8 -1 -7 -13 -19 -26 4 13 49 19 37 29 45 -8 17 -14 -21 26 -49 47 -18 50 18 -20 -24 -11 12 8 -7 2 22 29 21 -21 -28 -8 -14 19 -21 49 28 -32 4 -19 -43 20 ; 
4 59 33 86 64 53 61 56 43 41 36 75 13 32 44 87 6 88 50 59 35 22 19 11 3 90 8 1 37 66 33 21 6 37 66 77 76 18 65 69 29 13 34 62 90 87 42 82 45 5 73 81 30 87 22 86 35 4 52 88 89 10 70 38 79 86 87 35 46 11 29 10 15 23 65 27 83 86 82 78 7 30 19 24 66 73 70 80 30 88 72 58 29 32 87 29 82 9 48 48 81 41 14 56 99 89 35 54 57 99 29 37 62 40 67 19 13 29 14 84 43 9 11 71 97 78 25 71 66 15 37 30 83 2 14 93 76 75 59 53 93 80 47 9 42 70 18 59 25 67 30 85 97 38 53 63 87 30 15 90 62 56 97 9 45 2 94 73 83 97 53 38 64 37 70 99 38 27 92 54 97 68 9 4 30 91 69 29 55 57 4 70 25 60 37 10 67 48 65 78 61 ; 
L -28 24 25 -10 29 -7 -23 50 1 26 8 35 13 38 28 -32 -13 -23 48 50 -10 20 35 -29 21 -7 -3 22 31 55 2 46 -34 -44 -33 35 -13 -42 34 28 -49 50 -21 -10 -35 -39 -26 27 -13 20 -34 -14 -34 21 -38 -16 30 29 -1 2 5 6 -18 50 40 -32 21 13 28 -28 -9 46 -3 -47 49 -24 -9 -8 -6 -11 -3 -40 -47 -18 -19 -33 -13 16 43 26 -35 9 13 -19 2 -8 31 -32 19 -29 8 4 8 24 49 31 -14 -49 -52 46 -12 17 -14 -21 26 45 33 -54 -42 -49 36 -13 -29 -22 19 -14 -4 -27 -16 -26 -50 -7 -11 33 15 -2 44 -43 -4 26 -14 36 22 2 -2 -2 -4 11 22 24 29 44 48 48 -24 -6 37 7 -8 -12 53 10 -26 37 8 9 -25 -36 -4 10 39 -12 -46 19 -47 21 -21 -51 21 2 -10 -14 35 -36 34 -28 -8 49 -26 3 -25 -21 37 -49 19 17 39 19 -43 20 ; 
0:32 0:150 0:32 0:146 0:0 0:88 0:206 0:126 0:66 0:78 0:308 0:134 0:164 0:116 0:82 0:20 0:188 0:96 0:84 0:28 0:64 0:244 0:40 0:236 0:58 0:120 0:114 0:70 0:118 0:190 0:40 0:116 0:126 0:36 0:68 0:70 0:58 0:10 0:70 0:72 0:130 0:184 0:86 0:40 0:52 0:26 0:126 0:120 0:64 0:82 0:102 0:136 0:50 0:66 0:130 0:44 0:226 0:116 0:14 0:118 0:90 0:60 0:104 0:228 0:72 0:82 0:50 0:152 0:142 0:32 0:38 0:106 0:16 0:74 0:74 0:232 0:22 0:28 0:88 0:24 0:118 0:150 0:102 0:114 0:156 0:186 0:178 0:34 0:112 0:50 0:122 0:140 0:164 0:124 0:174 0:64 0:122 0:34 0:114 0:110 0:28 0:106 0:76 0:194 0:160 0:108 0:80 0:142 0:76 0:6 0:74 0:200 0:194 0:106 0:76 0:126 0:72 0:32 0:202 0:36 0:180 0:92 0:54 0:182 0:40 0:216 0:176 0:176 0:98 0:328 0:88 0:92 0:12 0:106 0:122 0:94 0:162 0:20 0:152 0:124 0:222 0:114 0:176 0:82 0:116 0:4 0:138 0:118 0:114 0:70 0:40 0:132 0:74 0:2 0:26 0:150 0:174 0:30 0:18 0:136 0:124 0:108 0:18 0:52 0:166 0:124 0:166 0:54 0:38 0:52 0:158 0:88 0:100 0:26 0:6 0:230 0:58 0:56 0:56 0:130 0:4 0:42 0:194 0:32 0:84 0:46 0:114 0:32 0:98 0:90 0:132 0:198 0:152 0:108 0:388 0:126 0:152 0:52 0:44 0:156 0:122 ; 
L -48 -10 25 -6 -49 33 43 16 -29 -44 6 -5 -14 -28 37 15 -19 -26 35 11 -15 -3 -20 2 -38 -14 -20 -24 10 25 45 33 20 -28 27 -30 -48 32 44 -31 -3 36 -27 44 -32 -38 8 -19 22 41 -14 -9 15 -41 -7 -22 50 16 -21 4 -5 -22 -18 -5 2 -16 -18 25 -20 27 41 34 -18 -31 17 22 -8 -38 -34 12 41 20 44 -7 -50 50 -42 18 -30 -48 -11 11 -17 38 -49 1 15 37 -9 16 26 -25 22 35 -50 28 -28 7 11 -25 1 -37 18 19 -20 -26 49 14 36 -30 -38 49 -32 19 49 -20 -37 -23 34 7 20 -13 -36 -16 41 -41 7 23 48 -21 -28 38 31 31 49 -13 -1 -46 -39 -11 -30 -27 -40 16 -44 -50 -44 3 -20 8 5 -47 -9 -18 22 -35 -9 43 -19 -22 -48 39 -49 -47 4 -41 5 39 16 -32 -25 -3 -8 -13 3 1 42 2 33 -37 -2 -9 -47 49 37 -13 -14 41 41 42 ; 
4 38 47 96 19 77 7 72 100 89 23 74 18 84 17 85 50 51 89 10 33 24 69 39 34 1 89 68 29 60 95 59 60 47 12 27 78 8 36 42 12 30 26 69 2 13 66 35 34 91 41 70 89 57 4 75 22 34 61 25 90 55 55 98 31 59 73 100 2 56 15 56 84 82 88 31 32 15 30 53 27 42 33 35 22 69 47 70 30 52 81 79 72 52 79 37 29 85 85 42 7 44 34 20 6 58 47 13 87 29 83 28 90 83 57 91 90 74 35 84 41 59 17 55 69 88 34 45 71 44 3 83 9 59 68 59 49 41 71 1 82 56 71 94 77 33 86 87 90 51 52 2 96 54 47 76 58 61 83 74 24 49 2 22 70 14 77 6 74 9 38 9 27 54 41 14 28 51 31 61 12 76 73 52 2 73 71 25 10 93 69 9 64 17 47 67 26 32 33 42 92 ; 
L -48 -38 -34 3 -31 35 -19 -47 16 -21 16 -13 -36 -8 25 -49 -18 43 -14 52 -18 20 -19 -1 2 -14 -28 37 15 -19 55 -9 -2 24 -14 45 -30 -38 -49 -13 -49 22 39 -27 -23 38 -3 -11 -48 -23 -9 -22 35 30 -18 42 -41 37 -26 -37 -38 -14 -20 41 19 -16 19 -48 39 -3 44 -44 -50 3 -7 -30 -48 -42 -1 32 -26 25 -25 43 10 -5 17 1 30 -21 -31 -32 -9 53 49 -32 -27 25 -50 -40 41 -41 7 32 44 29 27 -36 49 3 41 16 -38 28 1 -37 -7 49 -48 13 -37 49 28 -11 -31 54 17 22 -8 -51 -34 -50 -15 -10 5 18 22 37 39 -18 20 -38 -16 11 -7 36 -22 -16 -20 -35 47 26 -20 46 20 -44 -33 -11 -50 -9 4 18 13 -44 41 -8 8 12 41 20 44 2 22 33 9 -41 5 -50 -20 -7 -6 -49 33 20 -6 -25 25 -28 5 15 -27 -47 34 -2 5 11 -15 -22 41 42 ; 
0:8 0:12 0:60 0:54 0:124 0:160 0:196 0:66 0:46 0:122 0:88 0:142 0:18 0:82 0:96 0:146 0:64 0:120 0:156 0:204 0:40 0:180 0:114 0:206 0:70 0:92 0:168 0:34 0:170 0:100 0:142 0:196 0:60 0:84 0:98 0:284 0:134 0:82 0:122 0:52 0:144 0:160 0:22 0:128 0:280 0:144 0:38 0:136 0:22 0:142 0:136 0:48 0:50 0:56 0:60 0:140 0:30 0:88 0:94 0:26 0:178 0:2 0:178 0:64 0:180 0:218 0:66 0:54 0:18 0:36 0:122 0:96 0:152 0:84 0:10 0:174 0:156 0:74 0:142 0:32 0:92 0:150 0:176 0:22 0:42 0:144 0:68 0:132 0:38 0:84 0:130 0:112 0:6 0:48 0:44 0:34 0:72 0:52 0:84 0:184 0:234 0:118 0:138 0:18 0:72 0:230 0:238 0:52 0:140 0:26 0:102 0:44 0:250 0:112 0:106 0:56 0:256 0:66 0:48 0:212 0:134 0:36 0:80 0:12 0:140 0:146 0:144 0:62 0:64 0:56 0:32 0:72 0:134 0:242 0:36 0:196 0:110 0:44 0:70 0:36 0:264 0:16 0:188 0:50 0:44 0:64 0:148 0:172 0:48 0:38 0:96 0:48 0:34 0:184 0:182 0:120 0:96 0:44 0:98 0:10 0:114 0:122 0:132 0:78 0:70 0:98 0:172 0:198 0:54 0:84 0:66 0:52 0:32 0:138 0:376 0:112 0:56 0:26 0:226 0:6 0:110 0:38 0:154 0:146 0:68 0:78 0:164 0:44 0:20 0:26 0:112 0:60 0:80 0:8 0:16 0:16 0:66 0:140 0:66 0:84 0:184 ; 
L -50 3 -34 3 -2 27 -10 -30 -34 -8 -8 -16 31 -13 -2 -2 -26 -14 -30 5 4 -33 -50 6 29 23 -44 -7 -18 -38 1 37 2 -46 5 49 44 45 -11 5 16 -21 -46 -22 26 -47 5 -7 -36 -47 18 9 50 35 -33 49 43 27 22 -10 -8 9 -26 29 25 -28 24 -29 -1 -50 29 -43 20 -3 -19 14 49 -43 -46 36 19 45 28 -15 30 -21 34 -47 10 -10 2 32 -24 -12 -22 -48 -9 -23 24 8 11 -44 10 31 11 -8 37 -2 -3 34 -19 -5 40 -32 28 15 16 -45 -31 12 6 25 41 28 45 -49 -42 -38 -20 43 32 27 14 -42 46 26 13 3 -48 -17 28 -27 28 -1 -1 -11 50 47 13 -4 36 38 49 -42 -17 -33 43 -22 -10 -31 44 50 33 -14 21 -45 -33 15 9 24 -7 40 -21 25 -20 3 -10 -23 7 -16 37 1 5 -46 26 -26 24 8 -31 6 -48 -25 -23 28 21 -29 -34 -3 -4 35 ; 
72 97 85 18 31 51 77 85 97 60 80 80 42 21 45 16 94 36 68 40 65 47 80 89 11 91 95 84 36 48 31 48 83 63 85 88 85 95 66 60 4 37 61 65 6 10 20 1 87 39 48 72 72 51 100 29 2 7 39 29 51 58 67 89 10 60 57 83 50 11 52 2 47 15 9 39 37 65 47 37 16 75 36 81 84 44 39 72 18 90 89 2 37 78 57 67 1 83 44 90 37 4 43 78 48 12 59 64 54 21 64 78 56 69 99 44 76 6 9 69 30 17 35 79 95 4 65 60 35 72 24 2 11 12 80 54 53 16 86 8 61 30 8 91 3 33 42 7 98 79 14 79 20 21 12 8 97 6 11 23 66 17 85 35 43 96 87 1 9 85 58 81 59 78 70 65 57 72 44 22 15 56 91 12 35 99 33 42 70 76 46 49 99 9 41 36 87 30 9 63 3 ; 
L -46 -28 29 -21 -22 -46 -27 -32 -30 44 -23 18 7 -26 -27 50 -50 -48 8 -9 -49 -10 -34 41 1 14 -10 -1 -1 47 13 -16 11 24 -32 -46 29 38 42 -14 -30 30 10 -50 6 -5 52 3 20 -35 31 46 -16 -15 33 45 -33 18 44 -45 -8 -50 22 -7 40 2 12 -19 37 10 45 38 17 42 -49 -33 31 -13 -2 -2 9 31 49 43 -28 -8 -5 34 32 -10 -23 -21 -7 -21 25 -2 -24 -42 -29 50 -43 -1 -34 -20 -29 -1 21 37 -36 4 29 25 -3 34 -19 -8 33 -48 14 27 -8 -28 24 -26 22 -40 -49 51 26 -31 6 -54 31 -23 -49 -43 10 -22 -9 -3 -50 -19 -26 -5 11 -34 44 27 -3 43 -25 -6 2 -3 36 12 -4 -24 20 24 11 -15 -28 26 -3 23 25 48 -16 43 -7 26 13 -5 -37 28 44 -11 5 47 -47 47 36 53 -14 21 -28 -28 -45 -33 45 -16 -15 -8 -9 5 55 38 -4 35 ; 
0:106 0:50 0:102 0:72 0:70 0:50 0:56 0:4 0:190 0:64 0:190 0:188 0:72 0:16 0:30 0:66 0:132 0:54 0:66 0:98 0:182 0:116 0:116 0:120 0:56 0:56 0:108 0:136 0:6 0:12 0:196 0:202 0:88 0:158 0:74 0:38 0:42 0:40 0:120 0:122 0:136 0:172 0:170 0:84 0:178 0:10 0:56 0:182 0:242 0:218 0:100 0:132 0:22 0:128 0:2 0:174 0:96 0:194 0:118 0:52 0:196 0:126 0:54 0:142 0:162 0:106 0:128 0:70 0:98 0:34 0:24 0:108 0:42 0:24 0:42 0:14 0:50 0:42 0:90 0:32 0:162 0:188 0:64 0:6 0:24 0:34 0:72 0:186 0:74 0:162 0:144 0:38 0:80 0:162 0:156 0:216 0:170 0:54 0:32 0:104 0:34 0:148 0:40 0:24 0:100 0:100 0:98 0:128 0:74 0:28 0:170 0:20 0:112 0:42 0:128 0:148 0:76 0:166 0:22 0:48 0:160 0:342 0:114 0:188 0:12 0:128 0:80 0:12 0:122 0:68 0:152 0:28 0:144 0:58 0:82 0:118 0:74 0:58 0:32 0:224 0:14 0:126 0:100 0:168 0:120 0:116 0:46 0:144 0:252 0:58 0:64 0:34 0:66 0:62 0:64 0:142 0:158 0:18 0:138 0:132 0:220 0:54 0:88 0:188 0:186 0:14 0:198 0:98 0:120 0:50 0:102 0:86 0:176 0:132 0:60 0:8 0:132 0:8 0:120 0:38 0:50 0:40 0:78 0:20 0:98 0:86 0:94 0:208 0:72 0:168 0:84 0:172 0:60 0:42 0:24 0:44 0:102 0:228 0:168 0:126 0:6 ; 
L 4 -41 28 -41 -18 42 -4 -36 -14 36 45 39 -6 16 -48 20 9 14 9 -27 1 42 -16 46 -49 29 -44 34 -10 21 48 -25 19 -38 35 -21 -30 48 -41 4 -15 -5 -33 2 -50 38 21 1 -11 -11 -10 24 -43 -19 -32 31 -40 5 -27 -12 -26 10 40 5 44 -9 -18 50 41 -32 8 46 -42 50 31 -46 20 23 6 24 -28 40 13 11 -19 7 28 -10 26 12 41 50 12 -24 26 3 -3 16 38 48 30 -5 -44 -18 33 -39 42 36 -22 -17 24 22 26 -5 17 -43 16 -50 1 -49 -26 -45 3 36 46 -22 33 23 -23 21 -42 49 -4 -15 11 12 49 29 47 21 -38 -25 12 16 -27 48 -14 2 39 5 39 17 -37 -35 4 -26 5 38 -16 30 -1 45 -3 -44 38 41 -15 31 -7 -48 20 -14 23 -17 -21 -23 4 35 23 33 12 21 22 9 12 -16 15 -12 17 2 13 -7 39 36 10 23 -37 26 36 4 ; 
1 82 3 44 34 95 32 76 14 73 97 86 61 38 41 11 24 70 45 75 46 21 65 62 59 52 66 51 35 47 62 55 28 77 74 70 42 74 80 97 76 84 76 73 51 100 27 72 13 95 67 11 54 95 46 88 34 90 19 46 82 65 84 58 36 54 42 82 51 50 13 94 28 62 51 17 69 7 11 93 29 38 61 6 83 95 85 94 63 43 5 33 77 29 66 73 84 58 98 49 3 19 10 75 81 92 53 42 55 8 1 66 41 80 15 71 84 68 19 66 12 91 14 25 32 67 91 87 44 90 58 74 45 60 84 14 81 65 66 75 49 4 66 65 28 53 74 25 44 65 84 71 59 48 96 57 15 67 17 24 41 3 94 64 58 61 74 100 26 9 77 95 20 16 51 79 43 90 73 1 86 17 90 45 24 99 3 48 88 34 69 9 58 71 49 12 2 13 97 56 71 ; 
L 4 36 -44 34 21 2 -5 17 -43 12 -47 -29 11 -19 5 -22 -24 33 -5 42 -37 41 16 21 -38 -17 -32 31 16 -5 -53 -48 -29 -16 -1 -16 -12 -22 -42 -10 16 2 11 -1 21 39 26 3 -12 17 27 -5 13 4 2 -36 7 -10 50 -50 12 -18 -15 32 3 23 -17 -38 -41 -17 27 -9 -14 -28 40 -48 -23 24 45 -30 -3 45 21 36 14 25 -20 -35 12 10 -28 26 -39 33 -24 -1 -33 21 -49 -26 -45 -51 18 10 11 21 14 -37 -36 36 -35 -4 23 21 -12 -26 24 -50 46 48 22 -25 39 -33 -1 -23 -13 9 -8 -15 -42 12 48 -16 6 49 -22 -44 52 -4 30 48 30 4 42 -14 23 -26 -41 4 -15 -5 41 -46 39 5 9 -44 11 12 49 46 23 -20 3 19 43 -7 40 6 -50 38 41 -28 41 -54 50 -19 23 -48 27 -16 -55 -20 46 -31 -44 38 10 40 -15 31 -7 -38 39 42 -18 -35 36 4 ; 
0:2 0:172 0:74 0:102 0:164 0:128 0:138 0:30 0:142 0:110 0:88 0:132 0:110 0:166 0:304 0:126 0:132 0:184 0:22 0:84 0:44 0:38 0:20 0:260 0:98 0:74 0:34 0:176 0:56 0:12 0:26 0:104 0:186 0:98 0:36 0:86 0:106 0:56 0:160 0:36 0:82 0:80 0:146 0:26 0:250 0:198 0:262 0:146 0:120 0:176 0:170 0:38 0:176 0:54 0:226 0:122 0:100 0:64 0:76 0:46 0:118 0:138 0:100 0:50 0:176 0:148 0:32 0:106 0:44 0:20 0:76 0:150 0:90 0:82 0:76 0:176 0:20 0:90 0:28 0:198 0:56 0:28 0:94 0:104 0:122 0:68 0:62 0:18 0:192 0:194 0:188 0:180 0:178 0:112 0:50 0:62 0:90 0:58 0:204 0:24 0:222 0:140 0:122 0:64 0:134 0:176 0:134 0:198 0:26 0:54 0:88 0:180 0:86 0:158 0:72 0:164 0:110 0:30 0:34 0:74 0:30 0:34 0:62 0:184 0:18 0:58 0:176 0:42 0:134 0:150 0:124 0:136 0:72 0:82 0:76 0:54 0:168 0:32 0:124 0:86 0:172 0:92 0:6 0:212 0:182 0:34 0:78 0:96 0:132 0:194 0:152 0:168 0:154 0:106 0:86 0:130 0:186 0:108 0:90 0:28 0:162 0:168 0:30 0:18 0:46 0:50 0:190 0:202 0:62 0:178 0:280 0:200 0:34 0:88 0:6 0:264 0:102 0:80 0:80 0:20 0:106 0:56 0:46 0:78 0:138 0:34 0:12 0:116 0:254 0:168 0:126 0:200 0:52 0:160 0:66 0:108 0:98 0:142 0:40 0:112 0:142 ; 
L 48 41 -19 42 24 4 43 -37 -16 -47 -5 46 -34 2 9 -17 43 43 -18 -3 -18 20 -13 -48 -32 20 -32 -14 -44 -7 -28 -17 2 35 1 15 -21 -13 19 37 29 5 49 33 25 -5 -14 -50 -30 22 -17 -46 -20 -40 44 -14 -44 -2 -26 18 -31 -22 -12 28 40 9 14 10 -24 -25 -50 -28 47 -33 -4 40 33 16 50 24 28 39 -48 -40 -23 -29 -40 -35 12 13 24 29 -46 10 36 9 13 -18 -22 45 15 -16 -36 -17 13 -8 32 24 33 -2 -25 23 -49 -17 -36 29 33 34 -47 42 31 29 18 44 22 8 -35 -45 -33 -37 -16 -13 41 -29 -11 -14 15 1 48 8 5 -39 2 18 -37 23 19 -13 16 -19 36 39 -34 37 10 46 -5 -3 -8 -15 15 5 -28 11 -33 40 38 40 -43 33 -31 -9 38 -16 -6 11 -1 -49 7 13 15 -35 -8 -10 -8 -36 -4 22 -49 17 -48 -1 14 -9 -40 -8 31 -28 21 -33 ; 
89 63 44 48 48 17 25 97 77 100 87 7 42 15 32 13 88 95 48 96 8 100 95 74 6 96 5 43 51 79 90 72 61 80 50 67 69 75 9 5 93 55 59 8 29 84 75 34 13 58 8 100 29 35 85 73 8 12 74 85 85 17 31 71 5 51 51 11 60 31 85 79 91 14 100 3 52 37 96 3 4 68 31 98 89 61 22 95 73 1 77 86 49 23 6 7 48 76 86 35 32 25 17 80 12 72 8 64 29 20 80 31 75 60 73 3 2 91 1 32 21 58 35 50 26 69 92 14 62 87 94 8 13 66 56 4 13 55 92 30 70 45 48 88 53 42 11 26 12 24 6 42 88 2 40 46 80 54 92 94 9 26 40 54 46 45 48 59 86 33 65 90 20 76 21 57 57 8 95 5 8 54 96 4 48 53 74 75 38 40 91 85 39 16 53 41 53 51 85 22 77 ; 
L 19 5 -8 21 5 44 48 30 -1 -7 -15 -39 -28 51 -28 -13 8 3 -39 -36 -14 -50 -29 -37 -19 48 -20 50 5 49 36 31 18 5 -49 -17 40 18 29 18 -44 40 9 8 -14 16 -41 14 -42 -1 52 -50 -28 47 -33 55 -4 -15 -33 -33 17 16 37 46 17 23 -40 16 -19 -20 -38 35 16 -15 -35 12 13 -32 54 48 25 24 -10 -34 -33 -8 35 13 -20 32 -22 38 -13 -28 11 -16 -15 13 -18 -22 45 14 13 -2 -48 6 -2 43 -9 -34 -47 9 31 -33 43 8 -19 42 11 -49 -40 44 1 -22 -28 40 5 37 29 29 9 36 1 -25 -33 -29 40 24 26 10 8 -22 14 23 4 -46 35 -53 37 13 -41 49 45 22 25 46 -36 -10 29 -43 -10 -14 -31 23 -2 46 -9 -28 12 -18 -3 -31 5 -39 -24 -48 47 -33 37 -18 -2 2 -11 -32 -40 -44 -17 24 -7 24 -8 -15 17 -17 15 -43 -16 4 21 -33 ; 
0:12 0:132 0:114 0:212 0:104 0:150 0:102 0:168 0:84 0:62 0:222 0:72 0:136 0:84 0:42 0:118 0:124 0:184 0:50 0:84 0:56 0:68 0:62 0:186 0:4 0:106 0:100 0:126 0:92 0:118 0:198 0:152 0:28 0:134 0:90 0:120 0:122 0:130 0:64 0:70 0:52 0:170 0:60 0:154 0:116 0:106 0:74 0:48 0:48 0:88 0:58 0:142 0:158 0:182 0:28 0:140 0:102 0:16 0:60 0:52 0:24 0:42 0:188 0:170 0:200 0:52 0:70 0:40 0:92 0:38 0:144 0:122 0:58 0:50 0:216 0:146 0:2 0:102 0:120 0:196 0:170 0:62 0:120 0:112 0:86 0:100 0:218 0:122 0:162 0:192 0:68 0:20 0:32 0:36 0:108 0:54 0:136 0:42 0:152 0:172 0:70 0:90 0:48 0:96 0:46 0:132 0:48 0:22 0:30 0:138 0:86 0:160 0:180 0:130 0:66 0:122 0:82 0:96 0:100 0:104 0:68 0:118 0:16 0:92 0:68 0:232 0:196 0:44 0:186 0:76 0:122 0:128 0:76 0:160 0:58 0:6 0:68 0:40 0:162 0:110 0:8 0:92 0:132 0:68 0:120 0:18 0:42 0:166 0:208 0:60 0:138 0:24 0:42 0:54 0:26 0:158 0:58 0:12 0:62 0:72 0:152 0:22 0:94 0:28 0:34 0:40 0:162 0:132 0:142 0:116 0:192 0:4 0:128 0:90 0:84 0:116 0:146 0:66 0:68 0:106 0:176 0:168 0:154 0:66 0:66 0:106 0:216 0:120 0:102 0:32 0:114 0:282 0:28 0:58 0:110 0:102 0:78 0:66 0:54 0:44 0:154 ; 
L -17 7 -47 4 -13 -5 -32 1 24 -40 32 25 -31 33 3 26 2 -41 -7 -22 -22 18 14 34 45 -45 27 -30 26 9 -24 8 -30 -26 1 15 40 -24 -13 13 21 18 15 31 49 -37 18 43 44 -19 15 9 -38 -4 17 2 -45 29 23 21 7 -50 32 -3 -33 -1 -48 -44 2 37 -7 -21 -15 8 10 7 -7 45 -41 48 -10 -5 50 -41 -18 -44 -48 20 24 50 40 -16 -20 19 -24 -36 24 32 -44 5 -5 1 11 -14 40 -25 -2 -2 41 36 32 18 6 4 -45 -6 28 31 -50 36 -4 -42 35 45 -5 -41 -34 26 24 5 -26 2 48 20 48 20 12 48 40 7 -37 29 -28 -16 25 -28 -36 32 -6 -34 39 47 40 27 -3 -9 4 -38 30 -38 -1 -32 -22 -41 23 -34 5 -1 -47 16 48 -28 -28 47 -15 -42 29 35 1 27 -43 10 -16 -48 -45 -21 -45 1 32 -12 41 24 1 18 -12 -6 -27 -42 5 -28 ; 
76 19 27 29 77 54 31 75 73 93 1 52 96 15 98 53 41 7 86 4 59 35 35 23 82 93 65 88 95 8 2 63 72 12 100 19 93 13 72 95 75 69 24 10 46 75 28 87 58 70 43 23 55 14 64 58 34 12 55 1 59 61 2 71 19 37 90 43 39 16 60 29 15 81 13 79 69 35 93 3 62 98 94 71 65 30 97 8 94 58 31 7 3 3 82 100 99 49 73 72 17 68 53 94 37 68 34 4 77 72 44 60 1 51 82 9 13 34 83 14 82 8 1 69 23 22 2 42 23 2 61 12 19 60 8 68 49 6 75 100 29 3 85 14 78 2 8 37 50 15 32 57 54 2 19 16 72 62 51 88 59 1 49 76 15 77 46 91 92 4 3 93 66 44 83 92 35 25 84 35 25 59 21 80 5 61 60 5 89 62 73 97 64 16 91 53 61 34 84 18 67 ; 
L -17 -25 26 30 -8 -30 48 -28 -40 -4 18 12 -18 44 -15 -18 7 38 -37 -2 -7 -40 -50 -5 -45 -7 45 -23 36 32 -44 9 -52 3 -15 53 -15 33 12 -45 -45 -14 23 21 -13 -2 47 40 18 43 -5 -1 -35 -48 -44 -21 -24 -24 24 -5 25 17 2 -22 6 -30 38 31 20 1 24 27 8 15 -18 31 -29 47 41 -50 5 -32 34 28 41 -3 -32 40 10 -29 45 -26 -20 -5 1 11 -14 -34 47 20 16 -24 41 -1 24 5 -26 47 7 -32 54 2 2 1 31 19 1 24 -55 21 28 -29 37 35 -51 37 -49 2 -32 42 48 -36 27 32 -44 -22 -41 -1 -38 -4 40 27 6 -42 13 -4 20 32 45 28 -4 -42 -16 15 48 -50 18 -48 41 5 24 19 32 1 -21 27 -10 43 -4 9 16 -45 -6 -36 28 -6 39 22 7 -12 41 -48 48 -50 1 33 34 -13 -41 -36 -26 48 26 9 40 -45 -10 -3 5 -28 ; 
0:152 0:98 0:86 0:24 0:144 0:80 0:42 0:186 0:128 0:134 0:50 0:98 0:182 0:48 0:64 0:48 0:150 0:34 0:182 0:32 0:62 0:76 0:110 0:74 0:32 0:36 0:70 0:122 0:262 0:174 0:146 0:40 0:26 0:196 0:24 0:80 0:254 0:42 0:92 0:22 0:78 0:174 0:158 0:2 0:168 0:104 0:116 0:108 0:160 0:174 0:164 0:132 0:168 0:100 0:86 0:50 0:144 0:124 0:176 0:24 0:292 0:82 0:116 0:132 0:52 0:8 0:102 0:214 0:152 0:108 0:170 0:36 0:130 0:206 0:114 0:16 0:170 0:34 0:182 0:142 0:188 0:210 0:28 0:104 0:40 0:52 0:224 0:2 0:62 0:152 0:24 0:114 0:216 0:6 0:136 0:106 0:188 0:44 0:66 0:18 0:6 0:118 0:94 0:178 0:138 0:4 0:122 0:14 0:72 0:88 0:60 0:208 0:8 0:182 0:26 0:254 0:34 0:204 0:86 0:160 0:30 0:170 0:6 0:102 0:224 0:172 0:150 0:108 0:26 0:128 0:10 0:242 0:26 0:62 0:50 0:42 0:152 0:174 0:92 0:28 0:120 0:90 0:122 0:108 0:124 0:154 0:86 0:94 0:18 0:32 0:56 0:16 0:34 0:18 0:84 0:60 0:98 0:72 0:72 0:44 0:84 0:36 0:36 0:2 0:136 0:100 0:30 0:118 0:82 0:144 0:22 0:18 0:142 0:76 0:156 0:48 0:30 0:20 0:8 0:164 0:146 0:30 0:52 0:134 0:72 0:74 0:244 0:64 0:100 0:130 0:54 0:144 0:176 0:16 0:10 0:16 0:84 0:128 0:98 0:36 0:134 ; 
L 10 -18 20 -3 29 -11 -15 17 -10 24 -50 12 -4 27 1 46 -20 36 -24 3 -18 -23 14 1 30 19 10 -29 3 11 43 3 -31 -43 41 -4 -15 -10 -11 -25 -43 50 22 -46 -42 44 11 -10 -20 -47 42 -34 27 -13 48 31 4 -27 -30 -48 -47 -29 -8 -1 50 44 26 49 27 41 -38 50 -43 -3 31 32 34 -28 39 50 16 9 6 -21 29 31 19 38 -33 -41 -15 49 19 -7 -4 24 28 -1 -50 43 12 31 26 -14 43 -42 37 8 36 -49 -21 -42 16 27 3 -23 12 -23 -48 36 26 6 -46 44 30 33 -4 -49 -1 39 -26 -22 -12 -38 -25 -36 26 -42 28 22 8 -11 -37 -50 11 -11 4 14 30 22 -50 -40 -1 -33 45 -9 2 -34 -11 -11 11 -18 6 35 9 30 -43 -13 -30 16 23 -13 -42 -32 17 18 -38 41 -12 17 -44 14 -15 15 -40 -27 -32 17 28 19 -11 50 9 29 44 -15 50 -44 -32 18 ; 
49 99 25 46 29 46 50 45 55 29 78 33 68 41 39 79 95 29 92 37 98 59 55 39 12 65 68 73 28 81 47 98 38 47 29 60 2 31 6 32 99 6 47 82 16 38 15 28 53 53 46 58 23 97 6 77 44 79 11 9 65 10 84 61 91 70 38 70 14 62 22 82 37 53 76 29 39 35 42 54 26 19 42 72 72 23 9 21 37 63 21 29 48 9 76 53 52 4 65 94 24 30 79 34 70 41 45 28 53 26 60 2 90 70 100 78 89 98 57 56 86 48 2 65 6 80 73 46 66 21 22 21 79 23 50 64 94 67 33 49 86 61 11 13 18 13 53 40 53 89 42 41 28 41 56 98 2 18 11 85 95 34 62 23 9 78 82 28 95 88 7 89 1 2 24 85 17 16 49 70 11 5 75 71 49 36 52 73 37 54 76 23 22 100 55 23 17 90 46 90 33 ; 
L 10 -18 26 49 27 29 10 15 -44 -50 1 8 35 9 11 -49 11 -16 42 21 44 38 -3 29 18 52 4 -50 -39 28 -29 38 -18 -17 31 -26 -12 -50 -40 8 50 -44 37 17 15 -23 14 31 -27 -9 -45 33 -23 -23 31 -18 -46 -17 9 29 19 -25 27 3 1 -6 12 10 -10 28 -43 -19 24 -50 34 31 19 43 -42 37 9 -46 22 -20 -44 -53 2 -40 11 -23 30 43 -42 -51 31 -30 44 21 -7 -12 -50 -33 -14 49 16 4 32 -33 -15 -11 41 -38 50 -43 -13 27 1 -11 4 -32 19 36 -28 -11 24 -36 -48 24 41 -1 -50 15 -16 32 55 -11 -22 -50 20 -46 -47 -36 -11 43 -6 42 -26 -13 8 36 -49 3 -26 -4 43 11 -27 -10 6 -30 -17 15 -22 14 -15 54 12 -3 -43 -48 -1 11 20 -3 29 -44 50 -22 -14 39 -26 -41 -13 34 -42 -34 30 30 -30 3 12 27 -42 -1 -28 11 48 -25 -32 18 ; 
0:98 0:198 0:92 0:140 0:28 0:184 0:40 0:126 0:46 0:148 0:182 0:122 0:26 0:18 0:114 0:214 0:18 0:208 0:180 0:4 0:148 0:14 0:158 0:56 0:24 0:156 0:162 0:40 0:108 0:84 0:52 0:12 0:34 0:170 0:252 0:42 0:52 0:114 0:14 0:24 0:148 0:180 0:80 0:64 0:36 0:44 0:110 0:80 0:182 0:30 0:74 0:112 0:128 0:136 0:42 0:146 0:136 0:14 0:70 0:200 0:192 0:38 0:158 0:200 0:110 0:8 0:68 0:118 0:116 0:52 0:104 0:156 0:52 0:156 0:86 0:64 0:18 0:30 0:82 0:90 0:60 0:202 0:200 0:86 0:148 0:142 0:76 0:76 0:28 0:224 0:144 0:132 0:18 0:10 0:114 0:108 0:92 0:146 0:18 0:72 0:72 0:32 0:76 0:186 0:98 0:42 0:86 0:64 0:12 0:54 0:52 0:44 0:164 0:74 0:120 0:18 0:56 0:56 0:106 0:58 0:106 0:98 0:104 0:38 0:58 0:184 0:46 0:24 0:102 0:72 0:130 0:174 0:80 0:30 0:12 0:186 0:56 0:94 0:38 0:190 0:86 0:222 0:190 0:6 0:88 0:44 0:134 0:134 0:122 0:106 0:52 0:86 0:40 0:276 0:102 0:126 0:40 0:82 0:154 0:26 0:18 0:90 0:180 0:20 0:150 0:166 0:272 0:178 0:196 0:130 0:204 0:116 0:104 0:92 0:58 0:22 0:66 0:84 0:58 0:138 0:44 0:24 0:180 0:100 0:116 0:46 0:12 0:52 0:296 0:94 0:146 0:126 0:70 0:8 0:76 0:46 0:98 0:200 0:66 0:180 0:66 ; 
L 24 -22 32 -43 -9 -1 47 -7 5 -29 16 -2 -37 -46 -22 5 -20 19 38 -37 -16 -27 -18 -50 36 32 -9 -6 -21 44 -29 -23 15 -49 -16 1 10 35 3 -13 -22 -30 -3 -6 40 -1 48 11 -18 24 12 -3 -26 -43 18 -13 -8 -31 5 7 -9 3 -17 -14 1 -5 15 14 16 17 -38 38 28 -25 -38 5 -1 22 12 39 12 -7 -49 40 6 -50 36 7 21 -38 -24 -22 50 -14 20 24 -3 -3 48 27 34 -36 -49 47 40 47 5 27 18 -8 -37 -46 1 -28 28 -7 26 -45 -44 -5 42 4 -22 40 -30 28 14 -31 6 45 28 -26 15 -46 18 -37 -5 2 21 -6 -20 -50 -39 -40 -21 -42 -44 -42 -39 12 18 44 14 45 -46 -38 -8 -41 20 13 41 43 26 42 -14 -46 43 -14 32 16 20 32 7 16 -25 42 -17 43 14 44 35 33 34 22 34 -21 4 -31 -47 13 13 -43 25 -3 41 4 13 -20 48 -18 ; 
5 49 59 26 93 21 19 53 90 100 81 53 12 45 65 88 17 67 65 16 44 70 50 5 65 97 2 34 50 98 29 31 27 51 59 23 72 50 66 99 44 79 76 67 53 64 30 32 1 31 15 39 37 50 82 29 20 37 39 96 92 64 68 52 19 50 75 56 22 96 93 48 73 58 3 61 61 66 92 10 16 5 67 66 5 42 84 90 55 54 26 59 71 28 73 14 11 91 13 15 30 63 62 84 88 14 29 28 73 29 11 97 13 70 95 33 16 71 36 37 44 5 8 57 42 67 19 14 68 20 56 12 20 64 72 74 74 53 86 95 99 81 43 7 6 59 38 79 69 10 50 97 38 46 58 26 16 40 57 64 15 50 7 57 79 28 75 63 24 25 81 15 7 43 54 44 67 66 10 40 34 77 69 65 95 27 13 80 31 8 39 19 100 96 45 21 20 96 15 37 89 ; 
L 47 31 -20 -20 -22 19 43 18 -14 50 -38 -3 48 38 46 37 23 29 -44 -50 -50 -5 -7 26 42 -1 9 3 5 18 -37 21 17 -38 38 28 -25 -6 -28 28 -1 -49 45 -30 40 -22 -25 3 -8 -15 11 -18 -44 41 24 20 -5 22 -16 -53 -32 43 2 -16 -5 20 14 27 18 -8 46 1 28 14 -31 26 -45 -44 -5 -32 -52 39 42 44 46 -41 -16 39 -42 18 24 12 26 5 -40 -47 49 27 -13 7 -12 41 5 -1 14 -26 -42 -22 -8 -31 40 20 34 -36 -34 -14 -15 36 -38 43 -14 15 3 -17 -9 3 -1 -32 49 37 -38 -1 47 6 -46 35 -37 -22 -13 40 -33 -13 -54 -18 32 43 -51 7 16 -27 4 -40 -21 -43 -34 6 -14 -35 30 -24 -22 -13 -20 -47 -55 -50 -39 6 -21 -2 -13 -12 -36 -28 14 -3 3 -48 -24 4 13 -16 12 45 -42 5 -46 -43 22 -4 -7 7 21 6 9 -25 -17 -21 48 -18 ; 
0:16 0:62 0:152 0:22 0:224 0:114 0:116 0:146 0:78 0:90 0:64 0:36 0:26 0:56 0:166 0:90 0:146 0:62 0:58 0:12 0:84 0:130 0:132 0:134 0:114 0:48 0:66 0:284 0:56 0:98 0:148 0:126 0:96 0:186 0:96 0:146 0:116 0:54 0:52 0:190 0:140 0:86 0:68 0:68 0:110 0:146 0:304 0:112 0:64 0:166 0:96 0:2 0:98 0:32 0:14 0:138 0:34 0:176 0:168 0:174 0:54 0:216 0:72 0:106 0:90 0:46 0:136 0:40 0:146 0:58 0:14 0:132 0:52 0:38 0:28 0:100 0:142 0:72 0:42 0:128 0:90 0:128 0:138 0:158 0:114 0:42 0:22 0:192 0:76 0:56 0:80 0:30 0:142 0:34 0:172 0:176 0:168 0:50 0:136 0:148 0:10 0:50 0:106 0:100 0:38 0:130 0:24 0:178 0:30 0:74 0:60 0:146 0:34 0:126 0:80 0:46 0:112 0:82 0:8 0:110 0:74 0:152 0:124 0:98 0:144 0:128 0:112 0:50 0:66 0:50 0:32 0:110 0:38 0:98 0:134 0:144 0:124 0:174 0:120 0:68 0:164 0:80 0:22 0:120 0:30 0:130 0:32 0:204 0:166 0:190 0:8 0:112 0:12 0:54 0:92 0:54 0:86 0:32 0:190 0:34 0:118 0:148 0:128 0:110 0:176 0:96 0:86 0:108 0:190 0:172 0:166 0:82 0:132 0:118 0:112 0:26 0:192 0:112 0:76 0:80 0:40 0:152 0:118 0:30 0:70 0:88 0:24 0:62 0:92 0:16 0:22 0:210 0:74 0:100 0:68 0:46 0:96 0:94 0:40 0:74 0:178 ; 
L 12 15 21 46 -9 -9 -10 -35 2 12 17 -36 -28 21 8 2 26 -31 -43 -50 -23 31 35 39 -37 -4 42 9 4 -14 -25 42 -6 19 4 -17 -31 43 -25 26 -25 -14 31 45 -18 -44 45 44 -2 -2 34 -7 -25 6 45 41 -43 -40 14 -20 -21 -49 13 -15 -16 50 -19 16 49 -31 -11 -27 -15 -22 6 -22 -31 -36 -4 26 -34 22 39 43 -2 33 11 -13 -40 14 34 10 -14 -5 15 19 -6 35 27 13 45 17 26 16 22 38 16 -5 44 -15 -43 48 39 8 -13 31 -18 -45 -16 38 47 -7 -15 46 -2 -17 20 11 34 34 43 7 4 44 -33 -16 -10 -16 -27 22 44 29 -33 7 -10 -40 -11 -19 -18 27 7 10 4 -37 41 1 37 -50 -10 28 20 36 -28 49 -36 -3 -22 37 29 49 -49 -35 27 -15 23 7 -7 12 -16 35 -11 42 27 33 -25 -46 -44 -4 38 -20 -14 25 -16 -30 8 -39 -40 18 -13 49 ; 
97 30 69 53 83 34 50 75 59 28 58 99 22 94 72 76 15 88 42 32 57 88 75 6 15 20 36 44 12 96 65 36 50 63 5 63 68 90 22 19 90 1 84 21 38 32 94 90 40 45 39 20 65 3 39 77 71 36 96 50 34 30 6 60 91 51 55 55 3 79 64 36 9 80 26 23 17 7 35 74 11 11 20 90 59 48 90 43 60 65 18 58 20 15 60 31 29 9 100 1 47 42 69 45 19 31 32 94 82 91 100 91 25 62 95 97 20 19 9 4 21 6 94 75 99 18 24 61 53 55 26 47 77 29 82 5 93 27 28 61 66 97 1 54 14 83 54 82 96 38 83 75 88 49 92 81 1 21 46 43 36 59 57 51 92 50 23 84 97 11 32 85 59 68 63 73 71 43 12 77 53 44 53 63 38 39 93 72 63 73 80 89 97 85 93 47 44 5 54 72 16 ; 
L 12 -23 -4 43 -14 -25 35 -11 6 -31 4 9 -15 33 -16 14 31 36 49 27 25 -44 34 34 33 34 4 -41 35 -54 -44 5 2 -46 37 -22 -25 2 -36 26 31 -31 28 -3 -22 42 -29 -37 -5 -25 -46 13 -8 16 19 -38 4 49 35 39 12 45 49 14 -14 40 -10 16 15 42 -11 13 -39 -7 -15 -10 16 45 18 -39 7 -2 -43 53 -26 -22 -4 55 45 11 -19 -34 27 -16 50 18 6 -49 -35 27 -15 -25 -14 18 -33 2 43 7 44 15 -22 -17 18 -31 23 -19 21 -25 6 45 -16 -8 -7 29 51 20 13 20 -21 7 11 -43 -50 44 22 10 -36 -20 35 -14 17 -16 -38 43 44 -17 7 43 -7 -40 48 40 -47 -38 2 34 -44 -26 -16 49 -31 27 16 -37 -4 42 -17 21 46 27 -36 -20 -28 10 50 33 -37 -1 -41 10 2 26 22 -6 -11 -27 -15 28 -12 -10 -40 39 -8 -9 -19 9 -52 -13 -13 49 ; 
0:194 0:60 0:116 0:82 0:202 0:130 0:42 0:106 0:94 0:50 0:104 0:88 0:38 0:78 0:136 0:46 0:168 0:52 0:14 0:88 0:188 0:168 0:88 0:120 0:200 0:64 0:50 0:132 0:80 0:90 0:270 0:164 0:152 0:198 0:92 0:286 0:32 0:142 0:130 0:106 0:54 0:136 0:114 0:28 0:46 0:164 0:180 0:194 0:72 0:176 0:78 0:96 0:190 0:116 0:112 0:36 0:126 0:72 0:166 0:12 0:68 0:176 0:50 0:134 0:82 0:192 0:166 0:124 0:182 0:80 0:140 0:112 0:92 0:176 0:132 0:118 0:66 0:18 0:38 0:214 0:112 0:112 0:38 0:162 0:16 0:252 0:34 0:34 0:192 0:62 0:112 0:60 0:202 0:56 0:24 0:82 0:202 0:26 0:170 0:118 0:136 0:110 0:2 0:64 0:194 0:96 0:214 0:94 0:74 0:228 0:248 0:132 0:36 0:62 0:176 0:134 0:92 0:80 0:6 0:78 0:36 0:100 0:110 0:276 0:12 0:100 0:96 0:24 0:62 0:112 0:38 0:78 0:64 0:104 0:26 0:146 0:182 0:130 0:100 0:96 0:54 0:72 0:64 0:10 0:50 0:26 0:108 0:92 0:62 0:96 0:52 0:126 0:120 0:42 0:36 0:96 0:162 0:200 0:140 0:84 0:158 0:46 0:24 0:40 0:40 0:72 0:126 0:182 0:174 0:84 0:154 0:118 0:72 0:86 0:92 0:32 0:16 0:2 0:162 0:96 0:246 0:30 0:74 0:46 0:158 0:72 0:18 0:52 0:52 0:102 0:166 0:170 0:94 0:18 0:136 0:30 0:206 0:46 0:108 0:144 0:32 ; 
L -30 14 8 -49 11 -29 -35 -27 2 -48 -38 11 6 -22 40 44 -44 -7 34 36 22 -21 1 -21 23 40 29 11 -10 -38 -34 -31 -5 -34 -37 -6 -19 -44 -44 -32 46 12 42 41 12 -27 3 35 -29 4 50 30 13 37 4 45 -48 -9 20 -16 -20 20 26 -5 5 15 -50 34 44 -4 40 -48 3 4 8 -45 35 -41 31 -16 11 15 48 48 5 32 48 -5 -25 22 -13 20 22 -4 32 -35 -36 -36 -48 47 -12 -35 21 -19 -27 -26 -33 32 -15 14 16 38 9 -50 43 -43 -48 19 -9 19 -3 -22 19 18 -20 -44 -47 -46 -2 -8 -41 -49 12 33 -8 -42 35 -40 -35 -21 30 -4 -47 -1 48 48 -15 24 -31 37 -5 30 -3 -39 19 7 -46 -28 -41 -18 23 -22 23 25 -1 -43 5 35 -9 41 -4 37 16 -4 38 -19 40 41 -31 32 -5 32 -29 12 -36 -37 -43 50 9 25 11 44 44 11 9 33 -24 39 -4 18 ; 
15 70 62 2 50 36 61 64 21 82 21 9 5 100 90 76 31 7 20 75 25 68 63 8 11 11 14 67 27 100 74 78 38 74 61 93 7 77 18 91 78 63 47 91 32 68 56 41 12 19 39 84 39 49 59 69 53 21 36 45 5 87 29 6 64 43 2 51 20 92 61 74 32 75 65 71 79 12 97 9 69 75 92 100 84 51 69 22 91 69 69 52 34 26 59 74 23 85 51 99 41 23 21 69 42 41 14 41 91 8 12 71 52 91 42 40 56 41 81 20 25 29 9 5 95 55 97 97 19 60 46 95 88 54 95 55 29 11 93 48 8 28 35 83 70 11 30 24 100 17 98 72 80 66 80 81 71 56 32 67 88 89 59 19 91 27 16 38 56 57 66 92 5 4 4 63 54 11 91 35 26 1 34 39 1 63 5 24 87 32 79 54 20 77 21 1 64 26 40 70 25 ; 
L -55 -40 11 47 -20 -44 -47 45 37 14 16 -41 42 41 12 15 -40 -30 -44 15 -20 -51 9 48 40 35 15 -30 53 -48 34 36 22 31 -27 3 35 5 -48 22 39 24 -46 -44 -7 -50 34 44 -15 31 48 -40 -5 -11 -25 -2 -22 48 5 38 9 34 29 -25 -21 28 -29 -35 -27 20 -50 43 -48 19 -23 22 19 -13 -33 13 -21 35 -4 -19 -49 -4 2 46 43 48 -41 -5 41 -35 45 -8 8 48 23 19 -9 -38 -34 9 -4 31 10 -11 16 -1 -46 38 -19 -41 -23 -48 47 -12 4 -16 -37 31 33 -24 39 -29 4 -22 -32 -38 11 6 -11 -44 37 27 40 41 37 -5 30 50 18 -42 -4 22 3 -19 9 36 30 12 21 8 -49 1 11 -44 6 20 26 -52 9 -48 -21 -32 -44 5 16 44 19 -32 -35 43 -50 20 -7 33 43 -5 32 36 -14 25 12 -36 3 35 32 54 12 37 4 -3 26 35 -32 -4 -4 18 ; 
0:54 0:162 0:130 0:190 0:168 0:110 0:194 0:102 0:62 0:78 0:24 0:148 0:198 0:182 0:64 0:100 0:106 0:62 0:186 0:142 0:8 0:108 0:34 0:42 0:190 0:122 0:228 0:54 0:144 0:116 0:24 0:150 0:50 0:38 0:88 0:112 0:82 0:72 0:44 0:62 0:158 0:10 0:144 0:28 0:14 0:34 0:102 0:40 0:158 0:50 0:122 0:148 0:48 0:154 0:158 0:168 0:96 0:64 0:168 0:146 0:104 0:190 0:134 0:134 0:110 0:64 0:182 0:122 0:128 0:96 0:66 0:48 0:42 0:82 0:126 0:118 0:224 0:70 0:10 0:42 0:22 0:42 0:128 0:68 0:84 0:14 0:180 0:38 0:124 0:70 0:262 0:100 0:354 0:76 0:158 0:142 0:36 0:234 0:60 0:56 0:14 0:52 0:148 0:26 0:86 0:304 0:84 0:54 0:208 0:144 0:146 0:14 0:126 0:142 0:194 0:260 0:198 0:82 0:102 0:8 0:10 0:128 0:14 0:128 0:52 0:110 0:40 0:52 0:34 0:30 0:18 0:10 0:22 0:154 0:80 0:112 0:84 0:22 0:116 0:196 0:144 0:104 0:76 0:174 0:78 0:6 0:58 0:50 0:40 0:134 0:2 0:70 0:16 0:70 0:4 0:192 0:14 0:52 0:148 0:62 0:262 0:202 0:270 0:60 0:88 0:104 0:56 0:166 0:48 0:112 0:154 0:48 0:160 0:60 0:84 0:168 0:300 0:62 0:12 0:26 0:116 0:48 0:174 0:126 0:24 0:74 0:114 0:98 0:56 0:40 0:34 0:236 0:118 0:174 0:58 0:36 0:102 0:142 0:136 0:140 0:50 ; 
L -4 13 -43 -10 -10 -3 -32 -31 -33 5 32 45 -46 3 37 3 41 -33 -22 -8 -20 -15 39 -31 -10 -12 10 -28 34 23 40 -47 1 4 -45 -17 -8 -4 -6 17 41 21 4 -19 -2 33 -35 -26 -21 -33 29 -48 -7 24 -26 43 -27 -40 38 -11 -14 40 34 28 -15 41 19 23 -27 18 -5 43 -1 27 6 27 43 36 8 -14 10 37 3 17 39 -21 -5 19 -42 -41 12 -5 27 -8 -40 10 25 31 11 41 25 -26 50 -34 21 42 37 12 -20 -22 48 45 -31 -32 33 18 -2 19 -41 -24 -38 32 31 -2 -47 -26 3 -26 -42 -38 12 48 -44 -35 27 14 1 -6 26 40 35 1 11 3 9 6 47 42 -11 29 20 18 18 -32 -19 -31 17 -47 -49 23 -16 -12 -26 2 25 -10 -32 2 50 -33 -21 -27 -27 49 18 40 44 14 -11 44 -41 40 40 44 21 -11 25 13 -16 29 -5 -35 -20 -12 40 -3 -18 13 -50 38 ; 
25 80 99 19 98 80 78 28 46 92 74 89 88 18 4 61 29 11 17 48 18 19 9 93 65 72 65 100 69 56 42 50 71 94 35 86 29 100 5 13 96 23 42 67 51 37 87 5 52 36 37 2 15 2 24 33 62 28 26 69 43 85 5 79 63 19 36 66 21 44 80 10 46 31 28 66 4 44 77 93 70 55 76 53 1 27 42 29 9 60 64 37 95 36 93 50 16 4 80 88 26 10 76 57 8 69 40 51 79 54 40 37 72 97 94 4 65 56 81 85 13 87 61 74 75 46 51 99 84 81 33 15 39 87 76 91 1 17 99 37 52 94 22 21 73 71 57 46 13 58 74 93 6 55 91 66 43 17 78 31 92 82 9 5 63 49 57 70 32 64 71 87 92 86 10 64 28 4 41 18 73 70 48 96 7 8 77 79 100 7 9 99 8 40 51 67 56 19 82 74 5 ; 
L 16 -13 -11 5 32 -12 10 -28 34 -31 26 35 -33 27 -35 -40 -55 16 -10 24 -2 -21 -3 -37 40 -37 -42 27 47 21 -8 -40 10 19 33 31 29 -5 -33 -27 6 8 12 -8 -11 42 5 -6 -26 -31 19 23 44 -1 27 6 -43 5 -2 -18 -43 25 -1 -17 17 39 -33 29 38 -14 -28 13 27 -15 -18 40 54 -20 -29 33 50 9 17 -12 32 6 -1 3 13 24 41 48 -11 21 -53 -43 -27 -31 -49 -32 -36 47 -25 14 11 -38 -51 45 -23 -34 21 35 -19 42 27 -45 43 -40 -26 -12 -26 -25 40 -3 -49 23 17 41 -41 12 34 -41 40 40 15 20 21 -18 -18 -10 -32 4 -19 -2 -4 -20 -35 -41 -44 -40 44 45 -31 -32 5 -19 2 -18 3 -33 -7 8 22 48 -18 27 41 -47 1 44 52 -26 10 -12 -41 -3 -37 -3 -11 -10 32 3 14 46 50 -2 -47 26 22 48 4 26 -25 -20 21 -39 11 -38 -50 38 ; 
0:50 0:200 0:154 0:132 0:148 0:148 0:130 0:200 0:138 0:146 0:82 0:10 0:174 0:108 0:52 0:104 0:74 0:132 0:136 0:52 0:70 0:56 0:104 0:152 0:56 0:118 0:80 0:142 0:126 0:158 0:62 0:186 0:100 0:50 0:166 0:14 0:168 0:18 0:104 0:152 0:32 0:144 0:48 0:126 0:128 0:184 0:184 0:136 0:158 0:262 0:54 0:132 0:160 0:42 0:62 0:56 0:52 0:20 0:108 0:118 0:122 0:134 0:22 0:186 0:12 0:124 0:56 0:74 0:92 0:140 0:116 0:106 0:178 0:88 0:108 0:54 0:92 0:30 0:148 0:168 0:88 0:226 0:76 0:82 0:70 0:70 0:34 0:34 0:68 0:16 0:170 0:98 0:42 0:122 0:116 0:72 0:8 0:144 0:26 0:298 0:142 0:168 0:76 0:190 0:86 0:138 0:262 0:144 0:166 0:54 0:16 0:148 0:52 0:42 0:42 0:88 0:64 0:76 0:166 0:136 0:82 0:146 0:126 0:134 0:84 0:62 0:60 0:192 0:76 0:128 0:54 0:272 0:140 0:96 0:122 0:38 0:176 0:194 0:12 0:146 0:114 0:160 0:134 0:102 0:132 0:162 0:160 0:12 0:56 0:28 0:32 0:58 0:144 0:194 0:56 0:170 0:112 0:130 0:60 0:108 0:42 0:44 0:96 0:22 0:90 0:88 0:178 0:72 0:142 0:190 0:0 0:6 0:88 0:176 0:44 0:58 0:122 0:8 0:10 0:188 0:34 0:156 0:158 0:36 0:60 0:174 0:150 0:70 0:10 0:118 0:120 0:94 0:20 0:56 0:98 0:62 0:20 0:16 0:46 0:148 0:10 ; 
L 38 46 -13 25 21 -15 36 43 1 -14 -3 -40 -30 -45 30 -12 -10 45 30 -41 -32 -33 -44 22 22 -22 -10 41 -28 -40 -3 32 40 36 -11 40 -25 -22 -29 -11 -23 -13 6 6 -9 45 -15 -19 28 30 8 41 -18 32 -21 22 -40 31 48 -11 -32 17 14 11 -44 11 15 -45 42 43 47 42 -21 12 -4 12 39 -23 -19 -24 -11 2 8 -7 38 34 -32 4 24 -33 -20 -3 22 40 -44 10 3 -6 -12 -17 -11 -23 -19 9 50 48 -45 -40 3 23 47 5 -38 38 35 18 12 -21 42 4 -26 -23 -14 -45 -45 -15 -43 28 19 17 -7 25 28 41 -29 8 30 -15 -17 -49 -38 27 -10 -13 21 -41 40 -15 -22 -21 -17 -5 48 9 -48 43 -35 15 20 21 -23 -47 41 -10 12 -7 -40 -24 25 -42 -31 1 37 45 18 25 -35 -13 -8 -17 -44 -46 -49 -40 40 -31 -33 -9 -42 -6 -6 47 -17 -20 -12 45 17 -15 -31 -2 ; 
38 71 12 79 82 22 75 53 21 67 23 91 98 51 45 65 78 39 58 37 2 64 52 20 34 88 12 82 23 42 46 39 5 22 1 1 97 88 9 23 43 79 65 60 95 50 2 55 3 19 99 71 75 12 44 21 87 88 39 76 51 65 92 84 57 62 17 18 44 62 55 93 40 66 39 49 13 28 78 43 93 4 52 4 72 65 26 26 59 42 13 89 75 43 67 47 40 81 80 25 16 95 6 96 41 75 10 66 100 81 62 29 46 77 100 99 97 63 91 16 48 7 40 98 10 35 90 8 23 35 100 45 99 45 17 86 50 53 67 94 97 9 46 5 57 36 12 31 31 27 98 98 18 43 69 44 11 3 27 23 75 92 9 62 56 56 93 75 18 3 8 42 69 9 18 68 50 3 55 23 19 19 98 23 48 17 39 42 37 14 67 54 98 42 53 18 94 90 21 94 56 ; 
L -13 41 -28 -40 32 -40 -24 25 -10 40 36 10 -19 -24 -44 -39 -15 -7 -55 -40 -14 -25 -18 -10 -20 12 13 17 40 -48 -31 3 22 40 11 -29 -18 21 41 20 11 41 32 9 -52 48 47 -22 -30 -45 30 -22 25 -40 11 12 -36 -48 43 -35 -4 10 -21 51 45 -42 -1 -9 -42 -12 -9 5 17 21 44 4 24 -33 -11 -23 12 -4 12 11 8 22 9 -17 -19 -15 -11 40 -31 -33 -45 13 -46 6 -30 -28 19 -28 -25 7 -17 -19 8 30 -15 15 29 31 -41 43 30 15 -45 42 43 -8 -3 15 -45 -34 -38 -22 -40 -45 38 23 -49 -14 -1 -27 21 32 -42 -6 22 17 -14 -21 43 15 -20 23 21 6 -28 37 -3 15 -17 -45 23 32 49 -45 11 -54 41 13 -50 -17 41 3 12 -7 -12 25 -23 3 42 -40 38 -46 -38 38 -5 44 33 53 45 -47 6 -23 26 21 -44 32 -6 -35 -47 2 10 -8 35 18 -31 -2 ; 
0:296 0:200 0:46 0:84 0:94 0:0 0:150 0:36 0:80 0:52 0:44 0:52 0:8 0:86 0:336 0:34 0:38 0:26 0:76 0:114 0:268 0:118 0:136 0:42 0:102 0:128 0:48 0:62 0:106 0:92 0:78 0:176 0:158 0:60 0:156 0:118 0:98 0:30 0:100 0:80 0:114 0:116 0:50 0:100 0:100 0:290 0:68 0:64 0:80 0:102 0:90 0:214 0:88 0:194 0:2 0:18 0:158 0:156 0:88 0:22 0:52 0:86 0:114 0:250 0:124 0:42 0:62 0:70 0:74 0:18 0:40 0:54 0:196 0:196 0:60 0:64 0:118 0:84 0:44 0:86 0:142 0:78 0:98 0:30 0:182 0:28 0:22 0:150 0:30 0:194 0:42 0:174 0:34 0:78 0:58 0:126 0:24 0:30 0:236 0:38 0:6 0:36 0:198 0:90 0:200 0:70 0:116 0:100 0:106 0:142 0:130 0:74 0:52 0:36 0:114 0:36 0:36 0:88 0:124 0:142 0:124 0:98 0:4 0:52 0:130 0:226 0:46 0:74 0:128 0:122 0:72 0:152 0:220 0:96 0:32 0:54 0:6 0:62 0:20 0:82 0:196 0:178 0:224 0:180 0:136 0:188 0:122 0:146 0:30 0:90 0:82 0:46 0:180 0:188 0:10 0:124 0:66 0:158 0:22 0:166 0:114 0:136 0:68 0:198 0:66 0:282 0:50 0:112 0:112 0:188 0:96 0:70 0:92 0:26 0:190 0:56 0:22 0:154 0:92 0:168 0:104 0:284 0:84 0:100 0:108 0:138 0:32 0:46 0:76 0:104 0:22 0:100 0:78 0:54 0:4 0:68 0:122 0:198 0:132 0:188 0:112 ; 
L -40 32 23 26 -24 29 33 3 24 26 -26 24 -9 13 26 33 -21 5 7 19 12 -28 -4 2 -16 36 6 -13 41 -27 -2 34 39 -18 4 42 -36 -15 -17 9 8 8 -17 -41 -24 19 12 43 30 18 -11 -45 -12 36 -39 -6 13 11 40 -42 11 9 -11 -37 -27 39 7 -2 -34 50 -32 -41 46 -13 -17 -26 48 -33 -10 -39 -30 49 35 6 -35 9 30 18 42 -47 -32 26 -49 22 21 21 27 -40 24 -38 -45 -22 -31 48 -27 47 -16 -10 48 46 41 26 22 -46 37 -41 15 40 39 -4 -18 32 -41 -24 34 -12 -41 34 -45 -26 43 -7 44 -21 21 48 8 2 -7 -48 -24 -7 -7 30 4 37 38 6 10 50 -39 28 -21 34 -23 23 -20 43 38 30 24 32 -49 41 26 -3 19 -33 -13 -15 -23 7 32 14 22 -41 -1 34 24 31 45 28 -39 16 -14 -19 -18 -15 6 9 -29 -23 40 -15 -33 -36 48 12 -48 35 ; 
74 91 100 95 61 87 68 24 23 93 97 64 49 63 13 16 9 16 93 14 52 63 10 49 15 19 73 78 64 59 89 52 37 8 8 3 6 78 99 30 39 81 38 53 85 88 24 100 71 60 98 46 89 97 1 32 93 6 82 30 63 62 3 16 50 31 51 38 15 63 78 36 82 55 78 93 29 53 8 20 79 38 47 6 88 15 58 77 45 9 28 78 9 19 33 22 42 52 61 4 24 70 61 25 67 45 99 84 19 94 10 22 96 22 27 39 26 3 79 75 98 79 10 3 94 31 80 49 43 25 27 10 40 32 24 91 41 54 9 78 40 90 100 90 91 34 40 39 52 51 43 54 43 69 68 53 82 91 18 71 95 16 56 54 39 74 83 89 67 24 67 12 73 61 95 41 64 10 12 19 14 27 62 12 87 98 3 64 55 13 18 9 37 17 55 67 84 46 12 19 12 ; 
L 24 48 -15 49 17 43 38 49 15 18 39 39 -50 -10 -6 -29 24 -20 -33 48 33 -9 41 26 -48 -33 3 -26 -23 -21 -39 -30 -9 35 -18 32 -5 -36 12 -9 -41 30 -14 45 48 -11 -27 -12 31 6 -45 40 -18 34 -27 -37 -4 -42 -34 -41 -8 -8 2 -26 36 7 -27 42 -40 -19 32 22 26 19 39 7 -34 21 42 6 53 -39 -15 48 34 40 -34 4 40 30 39 44 41 -13 -14 12 -10 34 2 -7 9 -29 16 18 35 45 11 -49 -7 -7 -26 -23 -32 -24 33 3 24 -6 -33 -36 48 2 38 51 -9 30 -17 7 4 -46 41 32 19 12 -28 -24 -52 7 -32 40 39 13 -11 17 26 -26 15 -21 45 24 41 22 1 -21 -21 -22 -10 32 24 -41 -4 47 -28 -12 -46 41 37 -15 -23 23 13 -6 -54 -22 -31 -21 41 -16 46 24 24 28 30 26 55 -27 50 13 11 13 -43 -47 26 36 -38 2 -16 43 -48 35 ; 
0:304 0:80 0:96 0:132 0:134 0:178 0:66 0:128 0:178 0:128 0:8 0:30 0:86 0:102 0:104 0:98 0:174 0:22 0:180 0:70 0:74 0:130 0:84 0:44 0:138 0:52 0:108 0:148 0:140 0:4 0:30 0:10 0:116 0:30 0:160 0:158 0:134 0:148 0:68 0:102 0:96 0:88 0:52 0:232 0:170 0:148 0:104 0:6 0:90 0:70 0:32 0:82 0:190 0:58 0:62 0:16 0:68 0:136 0:16 0:78 0:30 0:162 0:106 0:172 0:170 0:76 0:74 0:42 0:30 0:208 0:44 0:36 0:40 0:90 0:94 0:136 0:94 0:138 0:48 0:90 0:288 0:90 0:98 0:88 0:78 0:98 0:136 0:104 0:56 0:152 0:158 0:52 0:16 0:68 0:130 0:154 0:94 0:92 0:30 0:76 0:48 0:36 0:68 0:242 0:82 0:22 0:92 0:208 0:128 0:200 0:62 0:190 0:200 0:88 0:30 0:48 0:46 0:134 0:110 0:124 0:190 0:164 0:62 0:68 0:98 0:224 0:74 0:90 0:150 0:42 0:146 0:72 0:94 0:104 0:126 0:52 0:64 0:72 0:14 0:76 0:158 0:180 0:30 0:64 0:88 0:70 0:162 0:148 0:38 0:140 0:34 0:80 0:86 0:168 0:44 0:66 0:104 0:106 0:172 0:124 0:98 0:90 0:110 0:170 0:232 0:160 0:32 0:72 0:62 0:106 0:272 0:54 0:138 0:62 0:122 0:16 0:52 0:24 0:26 0:150 0:178 0:150 0:132 0:204 0:22 0:58 0:162 0:154 0:12 0:106 0:14 0:176 0:12 0:158 0:74 0:132 0:30 0:48 0:62 0:38 0:24 ; 
L -40 12 3 7 -2 -38 9 -22 -43 45 23 22 13 9 -7 30 -50 37 22 -23 2 50 4 7 1 -16 -27 -12 -1 37 22 -28 12 36 23 -23 18 30 18 -16 49 8 35 -13 -3 2 45 38 17 -48 36 -43 41 29 -1 22 -8 -12 -46 50 41 -1 25 48 11 11 8 1 -8 -19 -35 34 32 -14 -1 -34 39 -33 1 43 -46 31 33 39 -11 31 42 -26 -45 -8 2 -45 -24 -4 -50 41 -45 32 -36 -14 -50 -31 -33 -50 48 16 -45 3 -21 -21 -39 -44 -17 -7 4 -33 48 13 15 -25 -50 -5 -36 15 -1 30 -44 -41 25 -34 -26 19 -19 28 39 20 42 -29 -41 7 -2 15 -41 -30 37 -29 8 46 -23 35 -31 -49 28 -41 -48 -9 47 29 40 21 47 7 -8 -1 18 37 -27 -43 8 -29 1 14 30 39 -24 -24 41 -50 -44 32 -30 9 15 -14 29 49 39 -34 -42 -10 -11 38 12 39 -34 16 -35 32 10 -5 ; 
55 9 97 59 88 44 94 90 3 40 92 89 86 56 79 41 91 97 64 13 27 67 24 24 63 61 91 36 27 93 64 85 15 94 17 35 38 66 38 54 75 88 38 26 51 95 33 29 97 12 60 96 26 84 75 19 52 65 68 89 77 92 79 35 24 48 50 66 9 78 77 2 43 92 63 81 33 68 72 48 3 45 82 45 80 63 34 24 66 79 16 47 16 57 58 18 47 63 61 35 25 74 30 34 6 89 37 99 50 10 76 79 20 79 80 39 14 93 36 34 65 50 49 89 21 38 67 79 93 18 71 16 1 51 31 75 97 42 100 92 58 83 18 8 24 15 45 2 96 6 97 83 1 66 45 66 21 62 95 35 21 75 26 90 11 35 46 40 52 58 61 51 68 12 47 80 29 82 9 41 28 22 61 57 65 2 90 70 94 93 94 76 91 14 68 97 59 32 41 77 23 ; 
L -40 -7 41 32 55 -41 32 -8 -46 50 3 29 1 19 -19 -30 22 -9 38 26 37 -45 33 31 50 -21 -21 -9 16 8 -18 24 -14 -22 19 33 39 -42 -20 -39 1 -15 36 -33 48 35 39 50 1 17 7 -47 9 -44 11 -29 12 -39 -49 -52 26 7 -22 -41 -34 1 37 44 39 -12 -51 -42 28 -35 1 31 10 8 31 -45 11 11 -35 -37 -30 29 -18 23 38 16 41 37 -30 -27 -28 -45 13 -12 -1 28 48 -17 -38 -2 -23 -53 45 -16 -48 50 -27 -48 -32 25 -8 21 -11 -23 -1 -34 -15 1 14 -32 14 -15 -36 -14 -43 -15 -13 36 -44 -41 25 4 24 30 18 43 -7 -30 -42 45 23 8 1 -8 8 -22 1 43 -46 50 34 -29 8 46 41 -49 36 -24 54 23 7 12 -4 49 -41 -50 -3 9 16 -7 29 -25 31 33 -39 -41 -50 -5 -2 39 -50 -2 34 43 4 29 40 -35 -22 -47 -34 -13 -3 2 10 -5 ; 
0:110 0:84 0:184 0:84 0:8 0:172 0:48 0:56 0:166 0:82 0:200 0:24 0:36 0:188 0:2 0:20 0:84 0:180 0:188 0:266 0:36 0:56 0:72 0:60 0:244 0:132 0:20 0:96 0:78 0:104 0:80 0:96 0:108 0:26 0:224 0:300 0:90 0:110 0:194 0:150 0:158 0:42 0:178 0:104 0:28 0:144 0:88 0:178 0:194 0:240 0:126 0:36 0:42 0:122 0:174 0:36 0:114 0:76 0:180 0:132 0:34 0:180 0:160 0:2 0:38 0:80 0:372 0:88 0:158 0:96 0:116 0:308 0:32 0:16 0:202 0:130 0:98 0:230 0:86 0:82 0:72 0:96 0:34 0:104 0:204 0:190 0:18 0:76 0:58 0:162 0:78 0:80 0:186 0:68 0:166 0:44 0:112 0:46 0:54 0:108 0:32 0:24 0:194 0:46 0:122 0:102 0:122 0:74 0:178 0:12 0:98 0:56 0:36 0:184 0:118 0:68 0:172 0:96 0:40 0:126 0:64 0:250 0:126 0:184 0:92 0:114 0:96 0:70 0:96 0:54 0:72 0:98 0:122 0:158 0:186 0:114 0:114 0:156 0:76 0:108 0:146 0:262 0:60 0:102 0:184 0:174 0:132 0:18 0:186 0:96 0:58 0:96 0:6 0:60 0:192 0:42 0:90 0:4 0:58 0:94 0:38 0:116 0:132 0:138 0:200 0:66 0:72 0:96 0:194 0:14 0:68 0:124 0:56 0:152 0:74 0:56 0:42 0:114 0:136 0:38 0:110 0:100 0:72 0:104 0:80 0:134 0:196 0:68 0:136 0:108 0:190 0:10 0:224 0:104 0:82 0:98 0:102 0:190 0:30 0:154 0:46 ; 
L -14 -12 13 15 10 29 -1 43 -21 -45 37 41 35 5 -10 9 13 -47 -23 -50 -30 -20 -25 49 -36 25 18 -18 -36 9 -20 2 43 -38 50 22 35 -34 46 1 45 19 -32 -35 -28 -13 -33 -37 32 -3 23 38 29 45 -48 -50 -31 22 -28 -10 43 36 -37 -25 29 49 1 10 -43 29 -27 -9 -17 -35 45 11 6 5 -33 -13 -30 46 30 21 25 -3 -47 -6 -49 -18 -28 -44 23 -47 -7 -14 10 35 -4 -40 9 -49 49 -50 13 -19 11 -9 -1 35 38 43 7 17 -19 26 -6 27 -39 -50 -31 -3 -23 -23 49 -39 -16 22 47 28 -10 -36 -44 19 -3 47 -45 -10 -26 -14 8 9 5 23 -8 -43 -36 -22 -26 19 -2 1 38 20 -15 -24 -33 -40 24 19 26 -41 22 -27 -40 -34 -49 23 -37 34 38 -44 -29 15 48 26 -24 40 26 42 -10 -3 -50 -43 -30 41 -37 9 -36 -31 -49 8 -45 -5 1 -10 -16 10 -10 -22 ; 
90 62 72 33 88 35 54 96 65 7 80 100 39 51 94 82 51 3 44 65 41 51 97 70 99 45 15 5 83 26 31 19 73 47 17 50 63 75 19 39 52 58 100 4 91 58 84 64 65 64 74 59 11 53 85 88 27 97 30 14 8 10 52 64 3 90 60 23 28 56 98 49 36 97 56 88 23 39 18 89 36 92 14 55 97 8 33 41 89 91 55 26 14 8 74 45 58 23 21 40 49 23 99 13 65 68 76 27 4 59 82 23 37 48 39 56 33 54 55 53 94 87 62 70 84 74 88 86 9 66 87 66 8 97 28 13 4 85 93 71 11 5 28 20 58 57 35 71 5 67 90 23 65 84 48 55 53 32 50 28 45 28 88 43 71 43 81 27 41 59 96 33 2 12 46 93 32 32 55 98 98 89 36 40 39 85 3 33 54 14 68 95 1 94 90 100 27 96 99 30 90 ; 
L -14 -36 25 -17 -44 52 23 26 50 3 8 9 5 23 48 40 4 -35 -10 10 20 -9 -7 43 36 38 35 24 -10 -14 41 -26 33 19 26 -38 37 17 -10 47 28 2 43 -38 -18 45 -28 15 18 49 -9 -22 -26 11 -9 -13 15 -6 49 -12 -45 -40 36 -21 -8 -50 -19 -13 -1 35 32 19 -40 -26 -41 36 -36 1 34 -35 -47 -27 23 31 -40 -25 -13 -27 18 46 1 -35 39 -49 23 22 -22 43 37 -42 -28 29 55 -37 50 -16 34 -19 49 -38 -22 -29 -38 10 10 -3 6 -5 -3 -45 30 48 -30 41 -7 -54 24 19 24 25 -3 -47 -23 -50 -29 -45 -32 37 -50 13 9 -36 -35 -30 -20 -25 -26 49 49 -1 10 -43 -31 20 -33 13 23 53 33 -6 45 -39 -50 21 -1 44 -46 30 -47 3 49 51 -8 10 -29 34 2 -1 -49 37 -44 -10 43 -27 -11 -45 23 -43 -5 -29 15 -47 -10 -28 -14 -16 22 19 -10 -22 ; 
0:180 0:56 0:90 0:34 0:212 0:146 0:32 0:52 0:96 0:72 0:248 0:10 0:56 0:40 0:176 0:130 0:80 0:42 0:46 0:28 0:32 0:62 0:236 0:80 0:20 0:64 0:64 0:68 0:36 0:26 0:162 0:56 0:26 0:114 0:94 0:6 0:110 0:28 0:50 0:42 0:132 0:180 0:146 0:94 0:114 0:214 0:100 0:102 0:54 0:72 0:46 0:210 0:16 0:198 0:54 0:164 0:72 0:222 0:222 0:266 0:140 0:68 0:8 0:112 0:146 0:154 0:30 0:138 0:230 0:126 0:8 0:130 0:46 0:104 0:64 0:24 0:92 0:134 0:100 0:150 0:66 0:100 0:120 0:78 0:78 0:124 0:58 0:150 0:112 0:128 0:78 0:118 0:154 0:148 0:168 0:90 0:118 0:50 0:144 0:162 0:366 0:64 0:70 0:118 0:106 0:118 0:162 0:150 0:162 0:42 0:48 0:100 0:22 0:124 0:126 0:188 0:136 0:110 0:102 0:120 0:98 0:98 0:32 0:170 0:74 0:50 0:70 0:56 0:32 0:54 0:16 0:66 0:46 0:130 0:80 0:2 0:110 0:130 0:116 0:130 0:124 0:108 0:120 0:150 0:102 0:194 0:200 0:124 0:128 0:42 0:18 0:152 0:236 0:204 0:138 0:56 0:44 0:178 0:72 0:30 0:246 0:74 0:106 0:8 0:178 0:142 0:44 0:184 0:134 0:26 0:208 0:82 0:124 0:248 0:242 0:78 0:236 0:114 0:168 0:238 0:146 0:66 0:174 0:22 0:130 0:150 0:138 0:214 0:182 0:42 0:24 0:100 0:112 0:56 0:16 0:40 0:172 0:78 0:240 0:60 0:180 ; 
L -40 33 13 -37 20 -48 -35 9 38 -13 -14 -43 -48 -42 3 -35 -18 18 -43 -32 -30 36 -15 -18 31 8 30 46 -47 -10 21 -29 -10 23 -18 10 -15 48 9 12 45 -41 36 -47 -7 46 -10 18 -30 -8 21 -28 40 -39 -35 -12 -24 35 -28 17 -31 50 -12 40 19 23 15 -44 -9 39 -15 -14 44 47 -10 -2 -47 -29 -13 2 49 -3 23 -7 -5 -9 -15 -21 29 17 -10 14 30 41 -49 48 -29 40 41 -12 36 45 30 -21 21 34 -33 8 3 -11 -49 20 14 29 33 -32 5 5 -38 -13 20 34 1 22 50 -17 14 -48 -24 31 -2 18 46 -15 -50 44 45 -40 -25 5 49 -49 -18 24 35 -4 -37 -13 -5 -18 -32 40 -21 -20 11 -26 -19 50 5 -14 -25 11 -30 9 5 -16 46 -45 47 -47 20 35 4 -29 -15 5 -33 -4 -20 29 21 6 -43 -16 -46 -43 -43 26 -48 33 45 -29 36 -2 3 -13 -32 -32 -44 49 ; 
18 79 90 26 71 29 19 15 36 58 14 46 44 60 71 96 29 23 50 83 24 27 8 19 90 79 30 82 34 17 36 78 2 83 81 36 30 47 11 53 85 1 31 57 56 43 39 94 33 1 34 33 10 100 14 95 38 49 69 5 81 39 4 37 22 94 35 20 84 94 40 85 99 17 80 49 28 4 17 95 79 61 45 58 16 52 19 16 20 92 49 19 75 60 55 9 16 4 36 95 82 6 21 5 42 64 10 72 11 3 78 1 36 20 21 8 45 13 33 37 4 72 89 39 72 33 96 80 95 67 65 65 48 51 57 10 36 45 68 91 56 82 15 23 28 54 31 84 15 48 87 16 67 63 60 9 93 34 98 85 14 98 81 56 52 46 33 93 74 68 8 39 89 5 17 93 14 79 91 83 74 41 94 70 6 38 13 38 17 57 91 39 55 21 82 8 18 14 97 33 80 ; 
L 48 43 -11 -48 45 14 -5 -14 -10 23 -18 2 24 -41 36 5 -46 8 30 14 15 50 -33 -21 -10 -26 49 -13 -33 20 5 -39 -35 40 -18 -35 -53 9 44 -15 17 -43 35 -28 -1 -37 20 -48 20 -43 25 -21 40 -16 30 49 -3 47 -31 -46 7 4 11 31 -2 -35 25 -51 -26 9 12 -42 3 -35 -21 -47 -17 -29 38 11 -48 -29 45 47 47 49 -4 -50 44 45 -21 10 5 15 20 -40 -10 -24 43 -34 -20 -55 2 23 18 16 9 -3 41 -49 -18 -13 -14 50 -12 30 5 7 -12 19 34 -15 10 -8 50 -15 39 -22 36 20 -29 -31 18 -40 32 -43 -52 -14 17 -32 -29 -40 28 -37 -47 -10 24 23 40 19 -48 33 45 -29 13 29 48 -32 33 -32 -18 18 54 33 30 36 45 47 -5 35 5 -2 -46 -13 -18 -9 9 38 -14 -41 -30 15 -36 -5 21 -29 46 21 -4 13 -3 -6 -46 -44 15 -8 -30 -21 -32 -44 ; 
0:110 0:88 0:46 0:128 0:170 0:50 0:170 0:140 0:6 0:166 0:162 0:128 0:242 0:20 0:62 0:42 0:70 0:36 0:60 0:118 0:170 0:184 0:78 0:66 0:66 0:40 0:102 0:48 0:180 0:192 0:140 0:158 0:28 0:8 0:36 0:30 0:72 0:158 0:168 0:40 0:102 0:150 0:98 0:138 0:68 0:50 0:142 0:58 0:22 0:54 0:80 0:154 0:52 0:54 0:280 0:108 0:122 0:112 0:32 0:2 0:86 0:8 0:168 0:62 0:130 0:248 0:120 0:142 0:48 0:124 0:106 0:98 0:142 0:108 0:212 0:82 0:78 0:184 0:88 0:82 0:140 0:98 0:142 0:58 0:124 0:112 0:98 0:50 0:20 0:72 0:40 0:52 0:32 0:84 0:280 0:264 0:44 0:112 0:86 0:218 0:144 0:26 0:104 0:92 0:176 0:124 0:130 0:14 0:80 0:110 0:56 0:130 0:28 0:36 0:8 0:22 0:158 0:32 0:46 0:122 0:134 0:50 0:202 0:68 0:172 0:40 0:204 0:40 0:86 0:116 0:34 0:6 0:180 0:184 0:32 0:118 0:104 0:106 0:192 0:36 0:142 0:108 0:20 0:70 0:92 0:50 0:140 0:96 0:158 0:44 0:202 0:114 0:182 0:78 0:52 0:34 0:122 0:152 0:106 0:16 0:32 0:46 0:20 0:144 0:12 0:404 0:12 0:50 0:98 0:116 0:98 0:22 0:32 0:30 0:18 0:134 0:104 0:72 0:36 0:66 0:118 0:2 0:16 0:154 0:48 0:156 0:258 0:70 0:50 0:22 0:48 0:170 0:92 0:12 0:34 0:4 0:202 0:56 0:34 0:194 0:54 ; 
L -22 -14 -7 -42 -46 31 -37 -46 -35 -29 26 5 -13 19 33 27 32 -7 20 -42 -21 15 -31 10 40 -37 42 -11 -41 32 -20 -5 -49 31 36 -50 -26 -42 20 26 6 -21 38 6 -42 -34 -15 -9 5 7 28 -47 50 8 34 11 25 4 28 -17 -11 -3 -3 13 48 5 32 -41 7 6 20 -50 -44 -25 -5 -26 42 14 42 44 16 36 30 -24 -29 25 23 13 13 -2 -33 22 -32 50 7 -32 -22 23 -3 -4 21 46 -21 -35 -19 11 33 40 -42 -38 32 9 -39 -20 -15 33 47 48 -47 -41 14 13 39 41 26 -40 15 15 5 -42 32 -15 26 -12 49 -25 -4 -43 24 2 3 29 -29 12 6 22 10 21 -29 21 49 -33 49 41 34 19 18 47 -29 -41 32 -11 -3 -30 -10 34 39 48 22 39 -12 48 -20 -20 5 17 -16 -43 -29 -37 20 -8 -23 8 -45 26 -48 16 19 -21 -35 45 3 42 29 50 -6 10 -19 -17 ; 
56 5 28 51 5 47 33 96 4 4 76 18 27 59 78 67 18 62 9 34 95 77 97 6 53 89 57 58 79 58 27 22 74 78 12 36 87 94 68 24 39 63 34 74 7 88 31 16 23 64 44 39 54 21 52 51 1 79 86 33 70 18 26 76 9 22 62 86 22 1 23 92 4 93 82 46 36 94 28 55 50 89 62 54 76 80 85 73 91 70 73 61 12 45 40 32 51 24 83 57 58 36 65 35 84 82 91 52 56 13 8 47 33 2 43 19 36 32 72 60 65 87 23 46 92 41 81 67 83 85 61 88 25 44 100 29 30 95 49 89 41 51 3 57 61 10 94 49 65 100 91 41 76 61 93 98 57 7 80 84 97 38 6 66 67 32 28 98 33 97 21 52 47 1 43 33 41 15 98 75 10 74 73 55 41 1 91 51 49 56 75 77 63 7 25 40 60 22 33 62 3 ; 
L -22 39 -36 -16 -44 -14 41 -21 35 29 -50 -29 -42 33 -5 -15 -32 2 -6 -42 -14 -26 46 -4 -31 25 23 48 -30 -42 26 -45 35 48 22 22 -6 6 29 -7 -32 -41 -39 -8 -23 8 48 -26 45 16 47 -24 52 13 48 -29 26 -12 -31 -20 -20 -17 -50 -26 17 -28 -29 7 -21 -10 -33 -37 -13 -37 42 -29 21 -13 42 55 -46 -5 19 42 12 32 -20 11 -4 -50 32 -34 -19 11 -37 -10 6 -35 14 -22 -13 19 3 11 -39 -20 -32 -42 -34 32 -13 -7 -42 -27 3 15 -29 10 21 -50 -26 54 -33 -53 25 12 5 25 47 -41 -21 34 -36 49 -49 19 -40 38 6 20 -22 -20 7 -32 -26 -51 -50 -44 5 15 28 33 40 41 3 5 23 49 -49 -47 -33 15 -38 18 47 -29 -15 21 8 -42 -3 -2 10 30 3 -21 -4 -25 -43 -41 3 -42 -46 -11 -31 39 -9 32 -15 -11 -34 -5 -9 -20 43 -5 16 48 -19 -17 ; 
0:112 0:14 0:262 0:178 0:100 0:132 0:130 0:44 0:8 0:8 0:146 0:80 0:50 0:46 0:76 0:82 0:16 0:86 0:76 0:94 0:56 0:134 0:150 0:224 0:92 0:242 0:170 0:120 0:166 0:62 0:72 0:246 0:154 0:186 0:66 0:2 0:166 0:72 0:78 0:54 0:16 0:156 0:92 0:86 0:146 0:110 0:114 0:182 0:2 0:70 0:114 0:86 0:128 0:66 0:18 0:20 0:34 0:88 0:156 0:44 0:64 0:24 0:110 0:174 0:22 0:66 0:76 0:104 0:56 0:98 0:34 0:76 0:150 0:294 0:114 0:174 0:200 0:226 0:108 0:192 0:24 0:182 0:70 0:142 0:116 0:42 0:54 0:182 0:118 0:44 0:90 0:70 0:6 0:164 0:72 0:122 0:44 0:80 0:154 0:6 0:152 0:132 0:160 0:36 0:20 0:58 0:110 0:74 0:176 0:34 0:80 0:160 0:102 0:28 0:78 0:134 0:106 0:118 0:98 0:118 0:130 0:154 0:194 0:64 0:22 0:162 0:88 0:164 0:270 0:12 0:194 0:206 0:68 0:110 0:40 0:82 0:200 0:76 0:148 0:14 0:260 0:54 0:18 0:124 0:52 0:216 0:76 0:8 0:42 0:116 0:122 0:54 0:104 0:92 0:76 0:118 0:76 0:122 0:148 0:42 0:72 0:38 0:52 0:46 0:14 0:160 0:158 0:154 0:76 0:46 0:86 0:82 0:102 0:134 0:132 0:16 0:162 0:158 0:24 0:140 0:102 0:188 0:106 0:104 0:112 0:108 0:66 0:130 0:176 0:20 0:102 0:226 0:44 0:156 0:166 0:176 0:68 0:54 0:72 0:124 0:6 ; 
L -26 -48 1 -11 -6 -35 17 8 -29 -48 -4 31 -23 30 9 44 44 -20 19 -33 30 34 44 48 31 2 13 -35 -17 34 -11 16 12 -15 -43 -1 36 1 32 -14 -21 36 -12 22 8 -40 45 9 40 50 -1 12 49 -37 42 -34 -50 8 43 -8 -28 -34 -36 -50 1 -10 -15 32 31 -10 -3 30 49 39 -50 -5 -41 37 -34 36 -50 -2 48 20 -21 -37 -4 46 19 1 -21 -27 16 43 -22 -13 30 20 41 49 -28 -3 50 -10 -26 -38 -30 -48 10 46 31 -12 -28 26 41 44 -43 47 -28 -17 46 5 -22 16 -18 35 -4 17 18 5 -18 -42 -35 21 -21 -34 -21 6 4 15 -27 33 46 40 -40 18 -15 -33 18 30 -48 43 -42 32 40 46 -33 21 -31 -45 4 39 49 -1 -19 -36 -26 41 -32 21 -38 35 49 -3 41 -14 -3 -44 6 -8 19 -6 -29 17 16 -40 -23 25 29 -26 2 4 24 -36 42 -12 42 -48 -45 7 ; 
20 84 54 94 83 58 52 82 47 51 4 99 8 44 13 34 10 72 36 62 100 62 22 76 28 67 37 34 4 9 74 2 74 61 49 25 4 23 33 94 23 7 96 97 66 92 77 72 32 85 50 41 5 61 45 98 34 2 27 80 5 50 40 2 74 98 81 98 76 84 41 5 11 51 38 22 16 30 55 14 35 80 56 72 2 41 14 41 34 68 63 13 52 67 56 38 65 36 73 46 62 66 4 9 95 9 25 59 91 82 22 81 86 83 12 99 15 65 46 26 91 36 52 15 79 11 96 77 90 8 69 5 89 3 65 78 27 15 61 64 9 52 43 22 48 17 66 15 39 57 15 32 17 18 26 90 18 46 59 44 58 20 98 2 52 7 11 41 35 81 40 54 64 3 78 9 56 33 14 45 96 58 66 71 53 11 54 26 72 95 94 80 46 47 26 47 29 89 45 89 93 ; 
L -31 -45 4 -33 30 -31 -13 28 -26 14 -32 -34 -5 -53 -33 27 -44 -44 -12 1 -8 26 21 -16 25 -26 -6 -35 17 -16 -32 -18 -9 -35 -36 1 -17 4 -35 49 39 21 21 -50 51 -21 42 40 -37 -30 1 -10 -8 -21 36 42 18 18 30 -4 -6 1 -50 -40 41 48 50 6 48 -43 -42 48 31 15 48 20 54 -11 12 33 -22 20 39 49 -1 -32 42 -43 48 15 -26 -35 43 17 -19 4 37 14 30 -22 34 -19 4 24 -32 -3 21 -28 -48 -30 10 -46 -21 18 5 33 29 36 -55 34 27 49 -45 40 -12 -1 -46 40 41 -12 17 -42 -35 38 3 12 -13 1 49 -18 -10 -43 -4 -8 50 34 -44 -34 -46 17 21 44 -46 22 -5 -29 38 44 -2 23 -31 43 -8 -28 15 -8 -15 -2 52 -34 23 41 16 -40 26 36 19 49 -50 3 28 2 -20 -30 50 -36 -6 -36 9 -37 41 46 -41 -19 -31 -10 -47 -29 -45 7 ; 
0:82 0:88 0:116 0:182 0:142 0:40 0:78 0:30 0:96 0:56 0:188 0:178 0:116 0:18 0:12 0:104 0:102 0:20 0:90 0:82 0:176 0:72 0:136 0:6 0:106 0:214 0:172 0:116 0:104 0:66 0:24 0:74 0:94 0:120 0:34 0:8 0:96 0:154 0:192 0:2 0:102 0:62 0:12 0:38 0:30 0:138 0:66 0:216 0:40 0:102 0:74 0:196 0:70 0:108 0:34 0:22 0:10 0:84 0:114 0:80 0:122 0:130 0:100 0:170 0:44 0:120 0:192 0:22 0:40 0:40 0:148 0:68 0:56 0:90 0:170 0:144 0:18 0:74 0:98 0:242 0:106 0:44 0:152 0:196 0:4 0:96 0:36 0:34 0:64 0:78 0:84 0:294 0:88 0:8 0:76 0:136 0:28 0:32 0:20 0:80 0:56 0:124 0:98 0:92 0:26 0:134 0:144 0:104 0:224 0:8 0:58 0:106 0:128 0:52 0:16 0:132 0:58 0:118 0:122 0:34 0:18 0:38 0:120 0:154 0:92 0:90 0:300 0:74 0:132 0:160 0:156 0:102 0:134 0:108 0:182 0:64 0:96 0:20 0:178 0:112 0:124 0:148 0:132 0:38 0:4 0:68 0:184 0:44 0:106 0:182 0:86 0:84 0:154 0:58 0:104 0:82 0:110 0:54 0:122 0:32 0:16 0:214 0:160 0:10 0:192 0:214 0:126 0:230 0:180 0:0 0:44 0:70 0:132 0:22 0:120 0:22 0:14 0:48 0:100 0:8 0:132 0:90 0:196 0:72 0:190 0:70 0:8 0:118 0:32 0:92 0:60 0:54 0:82 0:52 0:130 0:312 0:168 0:12 0:34 0:178 0:186 ; 
L -3 20 -18 -27 11 29 -34 6 2 -13 21 -31 25 -26 -21 16 -38 22 40 8 22 14 46 42 -26 -49 -14 -40 -43 -3 45 48 30 15 -49 50 -42 -12 15 -25 10 25 -19 15 42 -48 44 11 6 7 -22 18 26 -49 -38 -42 -31 -23 50 8 -31 -36 -14 16 -5 -42 42 -28 14 -12 -30 29 -38 -11 -28 40 33 18 -48 24 -40 37 9 -26 -7 -21 39 33 28 40 -28 -17 50 -35 -30 -14 26 30 -46 25 37 -2 30 19 -32 13 -22 12 -17 2 12 6 -28 38 40 48 41 -28 -35 -41 48 45 -4 -37 -1 -1 11 42 42 -19 -11 49 -4 7 38 47 -19 3 33 49 37 -5 -43 -26 -49 25 -21 18 4 -29 -48 8 21 36 42 40 -13 -48 -46 14 -30 -26 32 35 -1 44 -30 -30 44 -17 -12 -42 31 -19 38 22 -22 -29 -6 1 -10 48 32 -19 9 39 -47 -8 -22 8 11 5 50 27 14 -23 18 49 -46 -18 ; 
83 19 62 94 59 43 72 43 94 40 86 31 78 17 51 98 73 53 54 40 10 7 12 96 100 44 27 69 88 54 14 59 60 4 66 99 24 29 41 72 75 36 46 18 68 11 40 15 30 38 14 32 33 17 9 45 77 80 40 57 13 19 99 88 72 95 2 56 86 30 48 8 27 56 35 6 82 29 43 32 51 56 59 91 8 62 25 17 33 71 91 67 77 65 52 14 66 79 20 10 92 11 30 52 16 18 35 40 80 56 31 23 39 94 82 99 74 18 81 5 18 19 33 2 92 32 99 25 11 62 29 83 76 57 76 18 81 83 61 76 20 42 71 89 35 76 14 58 7 50 55 15 11 79 95 54 91 48 89 85 73 86 61 10 29 49 63 78 7 20 37 70 95 15 51 12 45 7 60 86 55 10 54 77 66 99 93 21 93 45 6 54 89 44 16 100 28 21 77 15 86 ; 
L 10 25 -19 10 25 17 -3 53 -5 15 -1 -30 5 -38 -7 -22 28 -46 -8 48 -40 -29 -22 -40 35 -35 -40 -48 24 -46 -38 42 -11 13 -22 -8 -40 48 8 11 -26 14 -37 14 -47 -8 -22 1 -29 -38 -42 28 -6 -12 -30 -48 26 28 -30 55 44 -14 -40 -43 -12 23 -27 49 -31 -36 -14 16 -15 -21 -18 22 4 -4 -2 9 -33 -39 21 7 -35 49 11 37 -25 -3 20 -46 -9 26 -12 -25 37 18 48 -16 49 -26 -21 19 -32 -6 49 29 1 21 -31 -34 50 -50 23 31 -50 -19 -29 30 -30 -42 -25 26 28 -42 42 -49 -11 30 -8 40 42 -2 30 -33 37 13 -17 -38 -47 50 42 -6 49 -44 31 12 -6 -1 -26 -48 -40 -38 3 2 42 -42 32 11 -41 32 17 18 18 -7 19 22 -36 -45 -22 4 12 42 -52 5 33 19 43 18 28 -54 51 48 -11 30 -14 49 -27 -15 -19 13 38 45 44 -26 48 -14 -46 -18 ; 
0:188 0:72 0:180 0:80 0:56 0:192 0:126 0:44 0:184 0:226 0:124 0:114 0:74 0:136 0:152 0:90 0:18 0:108 0:18 0:30 0:56 0:20 0:262 0:68 0:98 0:150 0:168 0:26 0:64 0:86 0:112 0:38 0:60 0:128 0:10 0:20 0:80 0:112 0:104 0:12 0:192 0:132 0:2 0:90 0:168 0:42 0:186 0:74 0:122 0:62 0:90 0:212 0:78 0:46 0:24 0:120 0:210 0:48 0:128 0:52 0:156 0:68 0:138 0:176 0:142 0:82 0:66 0:28 0:82 0:38 0:198 0:176 0:90 0:86 0:60 0:58 0:114 0:58 0:112 0:90 0:200 0:34 0:50 0:124 0:180 0:94 0:58 0:78 0:124 0:128 0:38 0:52 0:108 0:96 0:206 0:36 0:192 0:48 0:72 0:112 0:28 0:118 0:102 0:256 0:66 0:4 0:160 0:148 0:116 0:128 0:62 0:170 0:12 0:178 0:192 0:160 0:8 0:162 0:62 0:16 0:74 0:60 0:176 0:100 0:170 0:112 0:4 0:16 0:122 0:108 0:30 0:128 0:262 0:42 0:60 0:44 0:64 0:82 0:44 0:140 0:14 0:78 0:64 0:102 0:74 0:104 0:236 0:14 0:102 0:68 0:264 0:216 0:198 0:164 0:116 0:206 0:106 0:66 0:218 0:50 0:104 0:54 0:44 0:94 0:132 0:92 0:120 0:58 0:126 0:136 0:14 0:20 0:88 0:58 0:182 0:150 0:114 0:88 0:188 0:58 0:70 0:28 0:210 0:20 0:10 0:106 0:146 0:68 0:164 0:144 0:184 0:160 0:220 0:72 0:98 0:74 0:128 0:32 0:28 0:30 0:172 ; 
L -44 -37 31 10 -44 1 31 16 -46 6 -21 17 -42 -30 -35 46 -14 19 9 19 21 40 -21 -14 -10 47 -12 42 -42 3 11 46 -19 -5 5 1 38 -42 29 -43 29 -41 -35 -31 -46 -48 14 -22 -1 -17 37 -14 -50 -3 -44 -47 -6 23 16 -27 14 24 -24 -35 -5 16 48 -1 -31 -13 -27 30 -4 -26 -46 26 -20 17 24 -1 30 -18 -47 40 8 21 -8 22 -3 34 -45 -19 -48 -43 36 37 -22 -9 40 -2 -26 -39 33 -5 -40 50 9 24 -26 -25 -12 -4 -5 27 2 43 -3 21 32 49 -48 -33 43 47 20 -30 50 -49 -41 23 50 44 6 -47 -33 -3 4 -26 18 -13 19 5 48 12 50 43 -10 42 1 46 -13 39 -31 -26 -13 -24 17 -36 14 -18 -36 12 27 -7 -34 -43 4 -37 20 24 2 47 -7 22 26 4 -34 17 -47 34 -9 -36 -7 -29 38 20 -5 -34 27 -10 -11 -46 23 32 -33 17 40 -23 -21 -14 ; 
54 19 74 60 50 69 55 77 34 5 74 34 96 31 54 41 10 23 40 18 90 18 61 12 2 57 70 32 14 65 20 15 79 8 59 11 39 2 19 81 85 68 89 51 94 2 35 9 77 95 50 81 36 69 41 45 95 13 33 38 64 87 39 21 22 3 23 43 50 65 74 43 68 16 24 89 20 74 21 81 99 64 70 64 100 48 44 68 40 58 12 66 14 73 27 33 36 54 80 100 11 55 77 8 57 57 98 89 12 66 94 25 41 19 73 94 24 57 96 63 30 36 36 95 58 78 30 22 71 52 70 96 88 96 11 94 57 99 9 6 34 12 24 89 44 37 57 9 69 38 9 96 88 2 27 64 68 36 6 99 82 5 14 36 11 9 14 17 91 2 6 97 71 17 36 77 45 69 39 83 64 16 16 92 6 41 28 12 26 21 48 72 61 87 57 14 45 93 1 56 53 ; 
L -44 -37 -24 -50 -23 40 22 1 -48 -19 -9 -36 17 35 12 -14 47 44 -3 -19 43 47 4 -11 -46 23 32 49 27 31 31 1 23 -4 3 33 -10 -3 14 -38 -33 26 -40 27 -37 37 -4 -26 -34 50 -49 30 -20 -13 11 46 -43 -2 -14 -48 -5 -39 46 -16 -23 -27 30 26 24 2 43 -54 2 24 24 5 47 6 -3 42 -42 12 -47 10 22 27 41 -16 -6 21 40 26 -17 21 -18 32 -33 -4 19 18 16 14 -38 30 -22 -9 -44 34 -13 35 9 -51 45 44 -34 7 -47 35 42 13 31 50 -14 -46 48 18 -31 -1 1 -24 48 5 -5 -21 17 40 8 1 26 4 -5 -41 -13 26 -20 17 21 -43 -36 -3 20 29 46 31 34 -9 -36 -7 -10 24 19 6 -36 43 -47 -42 29 19 -17 26 -48 53 50 -27 -12 -52 -8 22 46 -47 42 -39 -25 -12 14 21 55 -20 37 7 5 -29 5 1 -40 50 17 34 -21 -14 ; 
0:108 0:38 0:114 0:76 0:140 0:156 0:150 0:16 0:86 0:72 0:36 0:100 0:46 0:122 0:106 0:106 0:70 0:90 0:40 0:100 0:18 0:190 0:130 0:24 0:144 0:122 0:174 0:66 0:50 0:148 0:178 0:60 0:62 0:124 0:114 0:188 0:56 0:86 0:94 0:204 0:102 0:22 0:112 0:230 0:42 0:76 0:310 0:32 0:56 0:42 0:44 0:100 0:156 0:60 0:206 0:30 0:116 0:188 0:84 0:38 0:12 0:80 0:140 0:56 0:66 0:188 0:86 0:62 0:56 0:12 0:184 0:152 0:4 0:274 0:44 0:94 0:64 0:138 0:138 0:130 0:28 0:64 0:140 0:114 0:98 0:28 0:50 0:198 0:104 0:162 0:36 0:116 0:132 0:68 0:158 0:16 0:72 0:8 0:108 0:144 0:4 0:6 0:182 0:42 0:8 0:108 0:242 0:88 0:8 0:56 0:136 0:102 0:48 0:198 0:150 0:40 0:142 0:198 0:86 0:6 0:130 0:102 0:74 0:54 0:138 0:210 0:116 0:110 0:148 0:162 0:122 0:38 0:94 0:28 0:390 0:210 0:200 0:146 0:110 0:42 0:34 0:162 0:66 0:50 0:40 0:148 0:44 0:136 0:50 0:46 0:52 0:54 0:246 0:188 0:76 0:128 0:32 0:32 0:18 0:12 0:104 0:28 0:188 0:54 0:116 0:18 0:38 0:26 0:56 0:82 0:94 0:130 0:118 0:92 0:28 0:218 0:118 0:136 0:48 0:54 0:130 0:254 0:244 0:188 0:64 0:24 0:182 0:128 0:198 0:152 0:14 0:44 0:68 0:22 0:38 0:114 0:134 0:102 0:184 0:112 0:106 ; 
L 20 46 8 -32 -39 -41 10 -43 42 29 46 -39 40 -9 35 21 1 25 -49 -31 24 30 8 -2 -47 31 4 17 36 -26 -30 40 7 42 -41 -26 -7 22 -32 -2 -28 -19 -25 23 13 2 -8 34 49 36 27 -25 44 23 26 6 -50 35 -17 25 7 36 -28 -15 41 30 -45 42 28 14 -31 30 48 -20 41 -43 48 -5 41 15 15 -31 41 3 -20 42 -1 19 -41 44 -24 -32 7 28 17 -2 18 42 31 2 -50 -41 -20 45 -17 -21 -49 45 28 38 50 -21 -44 17 -10 -7 -37 -41 10 -19 -21 -25 48 -33 17 -43 11 31 35 42 22 39 46 18 -29 41 -1 16 9 16 -22 -19 -2 44 -20 -44 18 -7 -32 24 -7 29 6 -27 23 -21 25 6 38 -36 18 48 -30 44 3 -14 5 3 45 24 -33 -25 36 -6 -12 -41 -28 -8 -33 -3 10 25 -46 47 -16 33 -26 -48 -14 -27 17 29 24 11 -14 -20 -20 -22 14 -1 ; 
47 84 19 16 98 79 55 36 18 87 10 32 90 71 55 26 21 93 30 43 57 47 69 59 16 79 70 95 13 84 8 69 72 52 74 62 33 36 31 47 43 49 91 77 13 99 55 82 23 45 32 56 93 76 55 74 54 88 99 47 91 21 28 46 4 45 13 58 68 67 46 49 60 19 36 7 36 29 89 19 72 40 12 19 75 87 53 34 1 47 92 70 89 40 70 84 66 92 72 3 66 32 67 59 56 56 34 24 10 23 1 95 50 20 7 41 65 41 55 83 100 50 84 83 87 88 7 42 99 71 85 19 53 2 3 96 65 94 52 12 34 54 50 98 49 89 1 60 9 88 1 16 1 93 49 57 64 24 27 67 36 35 92 26 50 40 1 72 70 52 10 56 64 98 36 82 17 98 36 50 50 85 73 60 85 72 98 93 68 43 94 32 25 24 84 18 61 34 55 2 44 ; 
L -40 -2 -31 19 -7 -20 31 -15 -49 -46 -20 30 8 -10 41 37 26 -53 -17 9 44 23 -7 -14 -27 2 21 -45 20 2 47 -43 42 25 19 30 41 11 25 26 6 25 35 -17 -21 -42 -18 41 -51 -16 28 11 13 2 17 -10 -7 48 -32 16 24 20 38 42 -2 -41 -26 33 -24 25 21 -50 -36 22 4 1 -10 41 39 32 -8 -34 22 50 -1 -3 20 7 -41 -40 -35 9 39 -41 -1 -48 41 -23 19 -28 -48 -38 -29 54 41 -47 31 7 22 20 -29 -17 -32 25 -46 10 -48 -49 -45 -28 3 -45 -14 -15 -28 -45 49 21 31 -33 -21 19 -41 44 -24 15 14 5 44 -30 3 -20 36 -46 -39 36 -50 5 17 17 -43 52 -3 -7 -25 -18 44 24 -28 -8 48 -33 -22 -42 -28 6 -42 -35 41 -43 18 -29 23 -18 -42 32 -55 -24 -16 27 -6 -7 -30 31 -27 2 -30 31 -14 -12 44 -26 33 36 44 -25 -8 -36 14 -1 ; 
0:30 0:164 0:6 0:76 0:48 0:0 0:72 0:80 0:150 0:34 0:168 0:314 0:138 0:40 0:110 0:82 0:168 0:184 0:118 0:68 0:168 0:152 0:86 0:118 0:86 0:172 0:224 0:22 0:118 0:76 0:102 0:92 0:36 0:194 0:182 0:16 0:16 0:24 0:62 0:58 0:148 0:52 0:140 0:198 0:48 0:144 0:140 0:144 0:90 0:180 0:88 0:104 0:154 0:198 0:54 0:14 0:82 0:6 0:110 0:372 0:152 0:68 0:22 0:68 0:168 0:70 0:34 0:40 0:20 0:66 0:100 0:206 0:12 0:130 0:86 0:102 0:80 0:110 0:158 0:196 0:32 0:50 0:52 0:84 0:242 0:120 0:180 0:176 0:58 0:80 0:144 0:110 0:112 0:78 0:16 0:76 0:230 0:166 0:68 0:224 0:260 0:322 0:326 0:98 0:198 0:110 0:158 0:102 0:40 0:68 0:84 0:64 0:96 0:56 0:146 0:16 0:66 0:26 0:144 0:54 0:192 0:32 0:22 0:88 0:6 0:20 0:48 0:68 0:110 0:20 0:204 0:130 0:2 0:94 0:184 0:120 0:82 0:182 0:78 0:34 0:54 0:150 0:64 0:92 0:106 0:122 0:52 0:228 0:114 0:46 0:176 0:100 0:200 0:112 0:182 0:66 0:2 0:86 0:106 0:196 0:200 0:166 0:68 0:200 0:72 0:68 0:92 0:142 0:178 0:14 0:88 0:52 0:134 0:28 0:82 0:212 0:98 0:48 0:206 0:148 0:186 0:10 0:102 0:124 0:130 0:72 0:224 0:98 0:92 0:74 0:86 0:106 0:78 0:140 0:12 0:148 0:114 0:120 0:70 0:4 0:88 ; 
L -11 -18 -4 28 34 -43 -18 -46 -40 -14 16 -15 12 -5 20 -14 -26 -33 8 -7 28 34 -32 15 -14 45 -43 38 16 17 37 22 -5 17 20 48 31 41 -15 45 -45 -38 -8 -44 49 28 -49 46 26 37 -30 -7 26 10 -28 -1 23 -41 -24 49 -42 23 -49 -41 -6 48 -39 33 -44 44 -9 -18 -19 25 -34 40 8 45 -27 3 -44 13 -15 -36 -21 -36 -28 21 -38 -44 38 -49 -3 3 -31 3 29 -10 -16 -2 -32 29 33 31 -40 -24 -23 43 -42 6 -44 12 -39 34 45 9 33 -35 15 32 -2 26 24 -10 -46 -3 1 -25 -18 1 -25 -43 -49 -36 23 -44 29 5 -9 40 17 -18 -43 25 -38 49 -47 -9 21 -44 18 -28 36 4 3 -27 -5 -34 -27 -35 27 -1 31 27 49 -11 31 15 35 -29 12 -45 31 30 34 -32 -17 9 14 -41 7 40 -1 -43 39 46 -2 -5 46 -27 42 29 -39 -23 -47 47 -10 -42 -43 20 ; 
20 42 68 68 93 79 22 12 28 33 5 98 1 82 2 34 96 49 31 5 5 80 69 56 100 85 69 32 40 81 78 66 52 91 16 15 28 58 52 7 90 89 2 26 37 90 53 29 39 24 78 100 14 66 29 15 73 13 46 53 69 66 97 40 48 6 28 13 48 5 33 17 36 47 55 4 38 78 20 34 25 40 8 75 80 2 20 6 92 97 93 45 33 6 96 100 14 11 53 51 93 40 61 93 75 45 38 93 27 88 11 84 71 62 56 66 92 11 45 70 36 89 13 80 21 38 29 39 17 81 25 88 66 10 17 31 80 40 74 93 64 10 64 32 61 65 81 14 66 7 27 19 91 99 85 80 49 24 49 91 43 60 30 19 50 25 42 61 57 49 66 87 82 3 89 4 20 82 71 74 22 76 83 31 77 84 35 34 33 55 84 27 23 34 85 41 56 50 100 95 6 ; 
L -11 34 -44 44 -9 8 -23 -43 -18 33 12 -45 8 43 7 -12 42 -49 24 -26 45 -30 3 15 -41 -17 10 42 43 -34 40 -47 31 -3 40 8 18 -48 -33 -28 15 7 34 -14 49 -11 31 -5 -26 -33 -43 25 17 37 -38 -43 45 38 44 15 -27 -6 27 -44 -39 -3 29 -18 -5 44 -35 -33 -29 35 -29 -49 -3 32 30 -32 35 10 52 -49 46 26 44 23 -49 42 29 49 25 25 -1 18 25 -37 -28 28 -7 -1 48 -39 -21 -51 31 2 -38 40 -1 -28 36 -5 17 -22 39 -12 42 21 20 47 27 44 45 18 -50 -49 -29 -3 -31 6 -44 -34 -21 -19 -9 10 -46 -38 15 14 40 -13 5 -47 45 -38 36 36 -23 2 -41 -4 -43 26 24 -27 23 -49 -2 15 -46 -39 16 -27 -27 -54 -3 -4 -9 17 14 -20 5 -10 34 -32 16 -40 9 -28 18 -1 23 -41 -24 -1 31 -32 46 9 46 45 14 53 -15 -36 -43 20 ; 
0:40 0:110 0:174 0:10 0:66 0:52 0:184 0:302 0:44 0:30 0:68 0:174 0:78 0:160 0:186 0:106 0:36 0:138 0:106 0:80 0:174 0:80 0:46 0:32 0:104 0:68 0:108 0:114 0:24 0:188 0:8 0:170 0:200 0:192 0:78 0:196 0:112 0:76 0:70 0:172 0:52 0:72 0:242 0:70 0:78 0:184 0:84 0:82 0:114 0:98 0:66 0:64 0:148 0:156 0:32 0:98 0:96 0:128 0:134 0:134 0:168 0:94 0:118 0:84 0:58 0:54 0:78 0:90 0:150 0:114 0:216 0:86 0:122 0:66 0:98 0:134 0:210 0:98 0:146 0:46 0:130 0:66 0:18 0:160 0:58 0:78 0:114 0:46 0:174 0:118 0:84 0:88 0:166 0:98 0:50 0:162 0:34 0:138 0:138 0:12 0:198 0:94 0:72 0:56 0:104 0:10 0:78 0:46 0:186 0:46 0:166 0:64 0:182 0:116 0:182 0:6 0:60 0:142 0:190 0:16 0:60 0:24 0:118 0:108 0:146 0:106 0:184 0:140 0:70 0:28 0:34 0:176 0:46 0:50 0:28 0:108 0:32 0:220 0:210 0:260 0:24 0:188 0:66 0:66 0:78 0:38 0:26 0:294 0:96 0:34 0:22 0:206 0:138 0:26 0:104 0:158 0:26 0:60 0:210 0:220 0:84 0:42 0:166 0:168 0:40 0:86 0:34 0:120 0:142 0:170 0:54 0:164 0:96 0:68 0:4 0:106 0:22 0:138 0:14 0:126 0:186 0:98 0:98 0:64 0:146 0:26 0:20 0:112 0:60 0:16 0:92 0:28 0:70 0:46 0:310 0:16 0:170 0:150 0:74 0:190 0:12 ; 
L -17 47 -33 42 42 -7 42 49 49 -30 11 -9 -10 32 2 -10 -37 9 10 25 -47 20 -18 16 1 -31 1 39 -1 24 9 -24 11 38 -14 -44 -36 -27 -29 -49 35 -15 -16 -12 -32 23 -1 -16 18 -25 33 -47 -23 -39 -9 24 -12 50 -24 -14 18 4 21 -12 32 15 4 2 22 46 -37 -44 -9 -42 -31 2 5 -36 -23 -39 -41 11 -49 -40 39 38 26 43 -13 -6 -43 -46 -25 33 21 -18 -49 40 -32 -41 -16 14 9 36 -30 -26 26 -44 13 39 38 -39 49 9 27 7 -42 7 -49 46 -11 28 3 -19 4 3 -12 -7 -27 -40 -36 -40 -40 -25 -24 5 14 21 47 22 -38 -9 -9 2 -6 48 7 -47 42 29 -50 -32 -7 -23 25 38 48 9 -35 22 -24 -13 9 9 -15 11 -20 -28 7 -26 45 26 13 30 -47 -21 7 38 -46 -29 -7 36 6 8 11 41 39 -41 -5 36 50 -5 34 -26 -6 47 14 -27 26 -31 ; 
88 53 18 34 7 46 19 80 97 93 95 32 27 62 51 89 80 83 79 51 86 61 75 29 75 56 47 95 6 65 95 58 80 100 85 57 92 70 81 56 99 7 25 46 78 7 71 87 100 32 55 60 12 74 68 82 46 5 61 84 78 69 3 97 58 2 81 21 9 66 14 47 59 66 92 6 73 92 75 92 36 85 45 12 74 66 68 37 9 14 39 46 98 37 23 69 56 84 37 20 3 39 50 76 29 41 73 49 98 50 1 16 14 32 96 13 53 13 4 39 99 96 79 95 7 68 80 24 30 34 17 64 83 89 57 6 28 52 76 43 67 93 98 50 9 73 11 21 84 8 36 72 91 30 35 22 19 70 59 31 59 42 62 54 32 41 2 36 20 65 83 38 71 53 67 41 12 27 4 8 83 24 52 39 60 56 50 60 21 49 55 36 82 51 56 81 15 36 100 18 10 ; 
L -17 47 -30 -41 -11 -8 -49 -18 -36 7 13 -11 16 -28 32 14 -50 -32 12 -21 42 -7 42 49 49 40 -25 33 26 9 -5 9 27 -24 11 38 9 47 22 32 9 9 -42 25 24 9 16 -12 11 -12 50 -2 -30 -5 24 39 31 6 25 -28 18 49 25 -20 47 20 -10 26 -24 -36 50 5 32 42 9 44 1 26 47 22 -24 1 -40 -30 -46 -7 -27 11 48 14 -2 2 -1 -23 25 -19 38 7 -26 41 -9 -27 15 4 -21 -33 -39 -40 -40 15 -7 44 26 -41 -6 22 -10 -6 47 -36 -12 49 -7 23 7 -51 26 35 7 -21 -47 -21 42 -46 18 -36 16 5 39 -40 49 -9 54 13 -39 -13 -39 46 43 47 -7 46 -37 32 -38 -24 -48 9 44 53 -14 4 -45 -41 34 13 31 2 -10 -52 -49 38 29 -16 14 38 23 -18 14 -29 -36 36 -3 6 -42 33 39 -1 -38 -27 -55 -11 -3 -4 -35 23 29 -9 26 -31 ; 
0:176 0:106 0:146 0:96 0:112 0:120 0:72 0:14 0:68 0:48 0:44 0:136 0:52 0:164 0:246 0:94 0:140 0:158 0:116 0:194 0:34 0:92 0:38 0:160 0:194 0:80 0:74 0:110 0:192 0:112 0:234 0:234 0:192 0:88 0:160 0:200 0:56 0:168 0:86 0:162 0:56 0:108 0:120 0:82 0:28 0:190 0:60 0:148 0:132 0:134 0:10 0:114 0:26 0:32 0:12 0:98 0:40 0:116 0:22 0:58 0:98 0:202 0:102 0:168 0:122 0:186 0:118 0:26 0:40 0:46 0:86 0:116 0:102 0:124 0:132 0:118 0:42 0:118 0:6 0:86 0:118 0:130 0:90 0:96 0:32 0:52 0:60 0:72 0:316 0:76 0:50 0:238 0:98 0:64 0:150 0:102 0:146 0:96 0:130 0:220 0:116 0:134 0:6 0:162 0:100 0:46 0:72 0:180 0:166 0:110 0:50 0:58 0:122 0:142 0:116 0:42 0:12 0:140 0:162 0:88 0:164 0:66 0:8 0:14 0:60 0:116 0:112 0:174 0:14 0:168 0:18 0:82 0:104 0:22 0:128 0:58 0:96 0:156 0:94 0:14 0:168 0:30 0:84 0:132 0:6 0:100 0:96 0:140 0:92 0:144 0:42 0:20 0:198 0:174 0:210 0:84 0:94 0:96 0:144 0:142 0:142 0:66 0:62 0:68 0:108 0:196 0:86 0:76 0:98 0:46 0:36 0:188 0:324 0:58 0:78 0:54 0:8 0:38 0:60 0:166 0:110 0:118 0:182 0:38 0:138 0:68 0:144 0:306 0:84 0:12 0:48 0:76 0:166 0:136 0:36 0:254 0:30 0:80 0:70 0:36 0:20 ; 
L 46 1 -44 49 -18 -48 -17 -26 33 38 -21 -38 -15 -14 10 -2 -19 -24 8 -15 35 37 24 48 48 19 39 -20 -14 9 -13 15 -26 -26 26 -1 -47 12 4 -49 21 -33 5 -13 24 -17 -33 -11 -12 27 -26 -31 31 49 -31 -17 -18 22 44 -37 41 41 -48 13 6 4 33 4 36 22 -5 -16 14 -45 -43 -45 2 -49 -2 3 -13 24 26 -15 -45 -12 -1 -47 44 38 -7 3 34 -10 -27 29 -45 29 29 -28 9 8 27 20 -21 -17 -14 14 -2 -38 -26 -29 6 -36 50 25 -19 -28 -34 6 -21 -32 14 -10 45 39 -12 -9 38 1 -34 -14 23 -41 5 -9 -47 -6 7 36 3 35 45 -45 -39 -47 -39 -33 15 46 22 -12 36 -4 21 -20 -7 -48 -46 9 -37 -16 4 19 20 5 -38 -22 7 -5 29 -2 -20 -8 -18 -46 -16 -43 48 17 16 21 -30 -38 14 -39 19 4 18 -5 12 -43 2 -42 -17 -34 7 -25 -36 11 ; 
19 47 46 74 37 66 51 20 27 59 11 54 65 35 81 85 75 14 44 52 80 12 100 14 39 92 53 57 14 100 92 31 39 7 40 63 2 59 34 26 74 87 60 49 64 59 15 72 55 85 64 67 96 66 67 49 34 54 76 94 10 86 93 68 52 51 4 28 98 22 72 39 59 65 60 40 73 85 54 7 51 8 70 16 18 28 64 49 64 66 16 17 33 38 45 17 90 29 76 41 99 21 68 91 50 31 67 56 28 97 15 20 53 82 6 22 17 29 16 12 10 61 23 100 43 64 37 97 78 49 88 5 1 18 95 30 37 34 29 72 42 94 24 44 19 39 38 89 99 4 74 54 2 25 36 60 59 81 62 45 22 19 67 87 39 67 9 77 9 4 36 30 40 95 1 48 78 8 89 10 44 20 94 12 90 24 17 32 47 23 62 9 13 91 1 98 95 89 100 23 35 ; 
L 46 -22 45 -29 -31 -4 -48 24 19 -37 -46 12 -26 -45 -36 12 15 -12 -39 48 37 21 5 22 25 -47 7 15 -15 13 12 -14 -5 52 -10 -44 49 50 17 -45 -2 -16 22 -10 -27 -26 -19 -28 -34 5 -36 -4 14 -20 -19 -4 -37 -48 11 2 -49 -19 -24 13 -19 14 39 54 20 2 -45 35 20 -21 -7 2 -14 14 17 21 -20 32 3 -5 29 -2 -20 39 -18 34 43 -15 33 21 -38 -47 7 45 43 -17 17 -26 -29 6 6 6 48 -5 17 42 4 -49 -44 -34 -3 18 -33 17 1 13 -21 16 31 -29 15 45 -3 2 36 -41 35 39 -46 -9 -27 -8 -9 28 -24 24 36 -18 7 4 -46 -8 43 38 53 8 -33 26 16 -1 -47 12 -33 48 55 14 48 18 -1 44 38 -26 -26 -25 16 21 -30 -39 -38 -14 -26 -31 -38 -51 -9 -9 45 -7 -29 -12 47 -23 14 34 -4 1 38 13 -41 10 -41 5 -9 -27 -36 11 ; 
0:166 0:154 0:30 0:102 0:126 0:58 0:86 0:90 0:28 0:122 0:66 0:46 0:102 0:98 0:54 0:4 0:80 0:18 0:110 0:276 0:74 0:178 0:288 0:92 0:74 0:34 0:14 0:20 0:206 0:62 0:164 0:42 0:122 0:116 0:28 0:70 0:148 0:36 0:50 0:48 0:62 0:96 0:60 0:118 0:120 0:116 0:64 0:58 0:32 0:78 0:172 0:196 0:66 0:114 0:78 0:174 0:256 0:334 0:148 0:126 0:170 0:158 0:140 0:128 0:34 0:6 0:20 0:90 0:30 0:36 0:48 0:4 0:120 0:120 0:116 0:168 0:56 0:112 0:134 0:62 0:100 0:138 0:20 0:90 0:72 0:60 0:80 0:200 0:44 0:200 0:48 0:38 0:60 0:74 0:22 0:110 0:44 0:180 0:80 0:264 0:160 0:12 0:40 0:106 0:90 0:174 0:170 0:170 0:266 0:2 0:50 0:52 0:158 0:110 0:66 0:132 0:62 0:128 0:84 0:78 0:54 0:58 0:192 0:188 0:54 0:8 0:228 0:14 0:60 0:132 0:116 0:60 0:72 0:132 0:136 0:136 0:42 0:198 0:58 0:16 0:94 0:36 0:76 0:92 0:76 0:74 0:108 0:68 0:34 0:8 0:204 0:54 0:198 0:10 0:98 0:152 0:102 0:154 0:126 0:44 0:64 0:132 0:82 0:160 0:132 0:108 0:14 0:50 0:14 0:40 0:188 0:112 0:34 0:170 0:86 0:134 0:156 0:142 0:26 0:148 0:28 0:158 0:108 0:56 0:118 0:98 0:2 0:10 0:88 0:116 0:130 0:138 0:76 0:174 0:22 0:190 0:60 0:150 0:68 0:46 0:70 ; 
L 44 -26 22 -41 7 -46 -29 39 -2 -47 -14 41 -13 -34 -38 -11 43 -50 11 -26 44 -45 24 -33 25 -24 39 -49 -2 -45 37 2 -37 -40 -5 -11 24 13 8 -24 45 1 44 49 48 -8 49 -20 -9 -2 29 -29 -44 -36 -43 -19 13 29 -33 40 48 35 37 -30 -29 -42 20 -34 39 24 -6 42 48 9 -46 -43 27 -37 -6 -30 -3 -18 -3 50 20 -48 11 13 -7 -42 -2 -45 39 -39 14 -35 25 -30 -18 34 -31 -37 14 -42 44 -50 -24 29 21 -14 -30 27 43 10 29 27 41 40 -30 -16 -6 -10 -2 -44 39 30 16 13 20 -4 14 -7 -24 -25 -24 31 -7 -2 29 -29 -6 -9 -35 -27 26 22 -45 -7 5 -19 -3 28 36 -15 14 49 17 24 -4 -38 -31 -42 23 -12 -27 -30 18 3 -11 20 32 -42 -34 -37 -28 4 -39 -34 -46 26 33 39 45 -39 -5 -43 28 25 -37 25 18 21 49 8 45 42 -21 8 40 1 ; 
22 2 11 94 98 29 11 28 40 86 90 98 73 61 93 83 34 3 32 93 51 24 68 76 24 48 33 25 66 75 76 39 83 31 69 87 100 24 66 64 96 39 6 85 1 17 15 42 72 21 91 24 57 98 69 3 71 50 64 78 76 40 13 26 17 97 5 44 60 40 38 25 83 97 71 81 26 93 30 33 56 50 9 73 20 69 19 93 83 98 76 56 17 15 74 52 66 61 17 87 92 21 42 20 27 22 16 96 47 72 57 82 67 33 100 48 86 15 41 6 3 66 92 38 43 69 47 30 93 59 26 62 39 7 37 55 52 49 16 11 10 69 27 86 100 93 20 53 43 63 21 26 65 87 12 92 16 63 86 14 75 43 96 53 23 27 89 32 5 97 58 81 79 89 25 22 54 88 84 92 91 87 8 61 68 31 75 7 28 55 56 96 21 37 68 51 27 50 43 61 40 ; 
L 30 -39 -39 52 -44 -28 42 -16 -14 14 47 -29 -21 -38 11 -53 34 45 -43 51 42 -31 13 29 -33 40 48 -39 -43 -48 -20 -9 44 46 -45 -40 -33 -37 -28 -30 -3 -9 -35 40 44 -4 -35 24 -39 39 -22 26 -44 18 45 42 26 22 -37 -41 -24 45 23 13 8 -39 34 -20 42 6 30 -14 -38 -11 43 -50 -29 -25 -24 -2 -39 32 7 -34 13 8 3 -11 10 -10 -24 43 -41 -20 -44 18 -31 34 -37 -18 -5 -30 17 2 49 14 -19 -3 11 41 24 -12 6 -27 36 27 -50 -27 -3 50 20 -18 -25 37 26 -11 31 -7 24 -4 -2 -37 6 7 -49 -14 7 45 54 -28 -25 -21 8 -42 -45 -15 43 35 29 36 25 -30 13 46 45 -37 20 37 19 -49 -29 -1 -2 29 -29 -30 7 8 21 39 2 -24 29 30 48 -40 -27 -13 39 -2 24 49 -49 44 42 48 9 42 14 -25 -5 -26 46 34 33 27 -4 5 55 1 ; 
0:178 0:36 0:116 0:54 0:160 0:142 0:174 0:52 0:60 0:116 0:180 0:212 0:62 0:60 0:12 0:148 0:192 0:122 0:144 0:92 0:54 0:110 0:58 0:100 0:128 0:156 0:152 0:188 0:212 0:82 0:56 0:144 0:128 0:208 0:188 0:56 0:68 0:54 0:50 0:72 0:112 0:48 0:54 0:106 0:50 0:80 0:62 0:14 0:116 0:50 0:108 0:22 0:4 0:114 0:32 0:140 0:100 0:186 0:96 0:52 0:176 0:136 0:48 0:28 0:132 0:22 0:120 0:88 0:10 0:162 0:16 0:220 0:150 0:166 0:68 0:6 0:84 0:188 0:74 0:68 0:128 0:20 0:150 0:24 0:146 0:50 0:108 0:10 0:186 0:18 0:206 0:112 0:218 0:252 0:66 0:86 0:98 0:128 0:76 0:176 0:158 0:58 0:246 0:92 0:132 0:82 0:40 0:42 0:190 0:78 0:66 0:126 0:110 0:96 0:136 0:152 0:22 0:200 0:22 0:146 0:40 0:62 0:112 0:110 0:162 0:186 0:62 0:104 0:122 0:172 0:42 0:78 0:82 0:248 0:64 0:184 0:18 0:122 0:22 0:302 0:96 0:48 0:100 0:64 0:102 0:130 0:152 0:66 0:196 0:16 0:46 0:122 0:72 0:96 0:120 0:62 0:262 0:140 0:126 0:92 0:112 0:12 0:6 0:182 0:48 0:122 0:82 0:40 0:102 0:10 0:96 0:156 0:126 0:34 0:56 0:168 0:50 0:74 0:162 0:108 0:16 0:8 0:30 0:224 0:4 0:166 0:194 0:128 0:66 0:30 0:158 0:162 0:184 0:168 0:212 0:188 0:108 0:240 0:36 0:72 0:80 ; 
L 18 19 -6 25 38 -38 38 27 30 38 10 28 6 16 -15 7 -36 38 -4 43 -36 -49 36 -6 -23 48 -17 42 30 -26 36 11 2 30 -37 -8 -5 3 -8 5 18 25 -11 -7 42 7 -2 6 50 17 14 -41 -40 -46 29 14 -11 33 -8 -26 28 -16 -50 44 -23 -38 22 36 -22 31 43 44 50 -14 -23 43 25 16 -39 30 -46 -26 -28 -8 -13 -3 33 23 -31 -3 22 35 -44 -8 -4 31 -7 -15 -21 -36 -24 10 -15 -13 38 27 -21 35 -33 16 28 45 20 26 -4 -38 33 31 5 -6 -38 9 -12 -32 -7 -17 -20 -25 29 -33 -32 1 -4 1 -14 -26 23 -48 30 -30 50 26 -33 -4 41 47 -39 19 34 -24 -31 -35 -5 35 -8 27 45 13 -22 20 26 41 22 49 -40 -41 -3 34 43 36 48 20 27 33 -23 47 42 44 7 -12 -20 48 -16 32 4 -48 15 -47 -41 -42 -9 -29 -17 32 -17 -23 -18 -5 7 -21 ; 
78 100 38 42 6 95 42 38 29 42 4 58 91 10 41 98 95 21 44 98 14 13 62 93 92 59 2 29 26 50 37 37 95 34 1 73 23 49 26 40 14 13 97 68 79 54 68 24 70 68 10 9 89 17 31 94 83 90 64 93 2 73 28 32 12 73 10 74 82 9 26 72 92 54 17 13 66 67 42 48 9 92 85 73 61 14 70 13 93 4 76 37 60 90 58 78 99 25 6 9 68 16 66 43 22 93 26 12 6 83 63 89 35 88 60 13 96 37 70 75 96 46 60 6 43 93 4 90 17 47 20 100 77 19 29 75 99 79 47 72 17 25 54 97 6 33 98 93 51 42 89 32 11 24 53 49 5 33 51 8 89 17 35 91 43 52 58 99 95 1 21 60 30 75 85 53 15 50 51 63 86 88 39 98 44 28 9 8 2 97 96 51 46 47 24 21 19 6 78 47 67 ; 
L 18 19 45 52 13 -20 22 -38 -38 -13 45 14 -31 -3 41 30 -43 -48 23 -4 -11 33 -8 -26 33 26 14 -8 -44 -33 -23 2 30 17 -31 -7 -4 -32 23 6 -16 -30 -38 9 23 -5 3 31 21 -26 7 33 33 -2 6 -4 36 53 26 -50 44 -23 -12 43 44 41 27 15 4 -48 23 8 -43 17 7 -28 27 30 -3 24 -39 32 15 -26 -33 20 -16 51 32 -35 -40 -23 -17 -50 -26 -28 -8 -46 -36 -49 -10 -1 -36 -24 4 36 17 -34 -13 38 10 -12 41 47 55 -20 48 42 44 48 -38 22 29 -33 50 -7 14 38 -18 -5 29 -25 -5 -27 -6 -20 42 40 -54 28 -16 -8 -20 -30 21 15 -11 42 7 32 -31 -4 -15 -6 16 28 38 -31 22 -36 38 -38 -30 -11 -35 -22 43 -35 -25 50 -47 37 -5 -3 34 -14 -29 -41 17 -36 7 25 35 25 16 -39 -49 -22 36 27 -6 -41 -8 47 48 -46 5 -19 7 -21 ; 
0:156 0:200 0:80 0:122 0:110 0:218 0:16 0:78 0:32 0:60 0:144 0:258 0:76 0:8 0:44 0:72 0:162 0:12 0:56 0:272 0:212 0:180 0:128 0:186 0:196 0:72 0:150 0:64 0:118 0:122 0:54 0:60 0:68 0:30 0:168 0:64 0:98 0:66 0:150 0:184 0:106 0:244 0:108 0:92 0:166 0:98 0:98 0:72 0:54 0:64 0:62 0:54 0:92 0:32 0:48 0:130 0:36 0:118 0:24 0:116 0:64 0:24 0:84 0:142 0:138 0:216 0:26 0:174 0:52 0:56 0:86 0:62 0:62 0:14 0:124 0:14 0:12 0:58 0:54 0:94 0:94 0:210 0:62 0:80 0:198 0:136 0:302 0:112 0:172 0:110 0:202 0:188 0:38 0:148 0:272 0:170 0:146 0:66 0:14 0:26 0:58 0:64 0:20 0:136 0:98 0:138 0:82 0:150 0:104 0:58 0:8 0:92 0:134 0:66 0:154 0:140 0:176 0:18 0:100 0:28 0:96 0:20 0:24 0:94 0:32 0:210 0:108 0:28 0:72 0:12 0:98 0:122 0:52 0:186 0:72 0:124 0:28 0:84 0:80 0:132 0:146 0:144 0:134 0:44 0:20 0:12 0:52 0:36 0:108 0:36 0:158 0:52 0:154 0:50 0:320 0:126 0:78 0:154 0:18 0:164 0:138 0:190 0:104 0:48 0:128 0:74 0:180 0:26 0:34 0:36 0:140 0:74 0:148 0:118 0:198 0:94 0:188 0:78 0:156 0:198 0:60 0:166 0:140 0:72 0:134 0:84 0:106 0:182 0:58 0:136 0:6 0:54 0:66 0:34 0:12 0:8 0:48 0:4 0:22 0:94 0:134 ; 
L 14 -39 22 -37 46 47 -32 1 42 30 17 34 -17 -33 2 25 -32 -25 -27 18 -31 -46 15 -24 42 -2 -46 -40 -10 -3 2 -34 28 30 -10 -10 -45 -16 1 -35 -8 -3 48 8 -1 43 34 13 38 3 -27 -35 -14 9 -43 -14 -6 -13 -9 34 -25 -15 -12 32 -34 24 -31 44 -18 28 -3 16 14 -45 -19 -17 -38 -31 -7 -40 9 12 -7 -3 12 -12 46 -45 33 45 2 17 40 16 -47 50 -39 -24 -50 35 -18 -21 -5 23 -39 -8 -31 8 42 -13 18 14 -38 -31 -28 34 23 47 -37 -40 26 10 -39 -35 29 16 -17 -11 -35 17 33 -48 5 13 41 -35 27 -24 50 5 -21 -20 4 10 31 -32 -6 7 -49 -50 -8 -46 23 46 -22 -9 40 40 -20 -25 5 -16 -35 -46 -6 -40 -26 -20 14 41 11 -50 12 -7 15 -6 -34 -8 12 -3 -28 -32 -1 42 22 -21 -7 34 -5 -3 8 39 -6 -32 6 33 31 12 45 24 ; 
30 95 20 5 81 1 45 59 76 93 12 49 17 88 77 69 44 58 26 45 57 81 77 37 46 16 37 27 73 48 84 11 98 20 68 26 67 11 20 54 99 57 21 96 55 22 65 83 51 56 85 34 73 1 19 40 51 83 70 68 24 41 96 56 62 6 65 5 33 33 28 35 41 22 42 98 14 71 58 37 60 2 52 75 85 69 69 57 75 80 93 7 57 25 78 46 21 96 27 14 28 47 94 50 22 18 72 94 33 72 8 78 47 58 56 82 22 43 22 44 57 24 45 24 96 99 6 72 12 53 23 24 83 90 96 59 86 37 1 15 98 66 94 42 80 42 7 46 19 76 10 58 66 4 57 13 67 17 81 94 34 31 75 76 20 15 45 15 89 65 85 18 32 44 1 62 55 20 85 26 60 62 1 91 58 59 49 21 42 26 45 66 14 40 59 35 96 28 66 29 92 ; 
L 14 22 -37 -27 35 -20 -25 -34 -10 -47 -12 40 -27 -28 18 14 -8 31 8 -32 -34 7 -10 6 -21 -5 -46 16 45 -13 12 -38 35 39 32 12 -2 -32 -34 13 31 25 -3 48 47 -40 -39 -2 -31 50 54 2 25 46 -22 -9 32 5 -47 -32 -24 48 7 -46 11 17 -16 -29 -40 8 -24 -24 26 40 14 -35 -14 9 -43 -50 -34 6 -20 -50 -38 50 -12 45 6 1 -17 -33 35 37 23 46 39 25 -34 9 -46 3 3 -15 49 -13 -5 -35 17 -10 28 31 30 17 -46 33 -31 -3 -35 53 -21 34 15 10 12 -7 12 -42 -41 -8 45 31 43 13 -16 1 32 6 5 -46 -23 -28 3 2 -16 -19 -17 -38 40 -17 -34 -26 4 10 -14 3 55 15 -7 -40 -42 -1 -9 42 12 -30 18 1 -35 23 -33 -18 -31 -50 -21 -52 -28 6 -8 -24 33 -22 -42 -40 51 6 -14 20 7 -8 41 11 8 18 -27 5 -16 -39 45 24 ; 
0:60 0:78 0:10 0:68 0:172 0:46 0:188 0:162 0:114 0:62 0:174 0:132 0:76 0:92 0:48 0:98 0:140 0:188 0:144 0:260 0:166 0:42 0:110 0:2 0:162 0:188 0:66 0:42 0:22 0:190 0:98 0:432 0:10 0:48 0:50 0:68 0:84 0:86 0:50 0:164 0:68 0:56 0:72 0:42 0:12 0:66 0:144 0:62 0:68 0:84 0:44 0:82 0:138 0:18 0:114 0:26 0:102 0:56 0:172 0:70 0:290 0:134 0:48 0:44 0:26 0:144 0:12 0:198 0:144 0:96 0:18 0:14 0:108 0:90 0:134 0:56 0:146 0:2 0:38 0:74 0:6 0:92 0:138 0:68 0:50 0:34 0:116 0:98 0:42 0:38 0:132 0:176 0:226 0:194 0:62 0:80 0:8 0:66 0:48 0:136 0:88 0:136 0:94 0:36 0:22 0:102 0:180 0:254 0:106 0:52 0:144 0:112 0:102 0:44 0:142 0:190 0:72 0:110 0:110 0:138 0:116 0:54 0:10 0:104 0:158 0:88 0:14 0:44 0:44 0:62 0:78 0:178 0:114 0:288 0:128 0:216 0:2 0:146 0:62 0:6 0:80 0:60 0:38 0:118 0:56 0:74 0:196 0:28 0:96 0:110 0:104 0:68 0:154 0:84 0:158 0:78 0:92 0:72 0:164 0:74 0:220 0:152 0:8 0:100 0:218 0:116 0:38 0:44 0:124 0:220 0:28 0:94 0:190 0:22 0:156 0:68 0:142 0:92 0:80 0:110 0:108 0:44 0:116 0:16 0:92 0:66 0:46 0:178 0:134 0:76 0:112 0:170 0:136 0:140 0:208 0:102 0:62 0:94 0:36 0:58 0:184 ; 
L 6 31 -7 -1 16 15 -47 -44 -15 17 44 -17 9 6 -5 -43 8 -23 22 13 33 36 -48 -46 -4 -46 2 34 4 2 -14 1 -5 -8 -8 -47 43 -4 -33 -7 -4 17 -35 -2 -17 -8 17 18 -40 -7 -40 -50 -3 49 -8 42 -40 10 -21 -17 24 9 4 -3 14 -20 -4 -7 -3 -6 -36 -28 32 29 -5 -39 25 27 20 -39 -25 32 3 47 24 -39 10 10 -16 -38 -41 17 -32 43 44 -41 42 29 7 -3 -5 -9 -13 44 -32 12 -4 19 -25 -7 -2 -36 -48 24 37 -30 -17 48 -1 -11 -40 50 -38 46 50 50 14 -15 -4 -48 -48 39 -15 2 4 48 44 -39 -34 4 -44 -41 -48 -39 -37 42 -18 6 -7 47 -18 36 -37 -36 -5 31 39 -7 34 -16 43 6 -24 18 10 -30 -18 31 -36 1 -6 -37 13 23 16 19 11 -27 26 -9 47 -15 -3 9 -37 38 25 -29 9 2 -47 -42 -35 -11 -15 25 -29 -3 48 20 ; 
18 80 14 31 49 95 12 47 75 55 40 49 63 24 10 50 79 82 70 72 16 22 90 96 78 81 87 48 67 25 41 6 90 90 40 90 18 95 80 87 26 65 91 41 22 36 66 60 13 32 6 27 31 44 23 85 23 54 64 13 100 6 53 42 57 57 31 62 89 81 78 65 19 29 38 45 18 94 31 90 84 40 89 6 45 79 70 71 59 17 64 90 73 79 65 93 9 80 66 54 64 62 77 23 27 34 96 85 19 2 83 60 81 28 11 62 1 3 44 22 38 27 45 50 69 37 64 15 32 43 80 78 99 1 70 53 22 26 54 68 57 98 29 72 85 88 22 23 89 10 48 28 98 51 16 56 80 12 91 61 1 97 91 97 68 26 73 8 9 78 21 17 76 94 40 18 81 25 78 35 47 50 35 92 47 63 37 2 88 66 68 95 71 54 14 3 20 54 63 55 77 ; 
L 44 36 14 -20 -4 -7 -3 -9 44 5 36 -4 50 -47 42 -39 -37 -39 44 -39 17 16 -12 -44 11 -27 47 -6 -43 16 29 -5 -11 55 -40 18 10 -25 -7 -2 33 -23 -7 -13 46 9 5 3 3 15 -47 9 -41 9 -35 -30 -18 -36 -17 -22 23 1 -48 17 -52 30 6 11 -10 -8 42 25 -19 -40 -5 -39 -10 -37 38 -15 19 -21 -17 2 25 13 7 -8 14 -29 -42 53 2 -3 -47 -15 43 -37 39 6 27 50 29 4 44 -26 46 -34 -25 -32 -4 36 8 -4 -10 -48 43 41 38 9 32 3 47 24 -39 -6 -7 34 -2 -54 -34 4 -43 8 -13 -33 -8 -20 9 -15 -46 -17 3 2 -14 1 36 6 24 -18 -1 -31 44 29 7 15 -42 -1 16 15 -7 -4 17 -35 50 -38 37 36 -31 37 -48 39 -47 -48 -48 24 5 -28 -50 -3 25 -48 24 -49 17 16 48 4 7 -18 -17 -6 18 -41 -4 -51 -4 32 48 20 ; 
0:184 0:18 0:162 0:114 0:62 0:124 0:178 0:114 0:46 0:162 0:134 0:152 0:96 0:266 0:200 0:240 0:170 0:104 0:90 0:52 0:36 0:132 0:170 0:82 0:86 0:50 0:18 0:148 0:152 0:2 0:36 0:76 0:80 0:56 0:20 0:268 0:182 0:104 0:4 0:166 0:110 0:154 0:406 0:90 0:34 0:266 0:128 0:128 0:100 0:70 0:100 0:94 0:52 0:102 0:44 0:64 0:146 0:34 0:182 0:126 0:140 0:46 0:88 0:6 0:34 0:70 0:180 0:78 0:96 0:38 0:170 0:100 0:128 0:14 0:36 0:278 0:144 0:170 0:126 0:26 0:156 0:62 0:26 0:198 0:30 0:180 0:80 0:58 0:42 0:98 0:216 0:74 0:146 0:50 0:174 0:86 0:86 0:70 0:26 0:48 0:120 0:132 0:152 0:46 0:314 0:56 0:20 0:380 0:124 0:14 0:32 0:40 0:34 0:92 0:102 0:62 0:42 0:140 0:128 0:42 0:88 0:178 0:12 0:90 0:158 0:124 0:38 0:182 0:24 0:146 0:50 0:136 0:36 0:158 0:200 0:78 0:232 0:80 0:134 0:66 0:124 0:242 0:104 0:124 0:82 0:12 0:186 0:156 0:70 0:76 0:60 0:64 0:90 0:256 0:132 0:82 0:2 0:142 0:98 0:190 0:46 0:52 0:130 0:182 0:58 0:90 0:218 0:152 0:18 0:84 0:82 0:84 0:44 0:74 0:94 0:224 0:106 0:124 0:8 0:62 0:30 0:116 0:56 0:26 0:52 0:16 0:82 0:84 0:56 0:80 0:120 0:148 0:46 0:180 0:298 0:150 0:100 0:62 0:88 0:110 0:154 ; 
L -19 -38 -18 34 15 23 8 26 -37 30 -37 9 -40 -46 -34 -31 -19 46 7 24 -36 15 -41 -17 33 -43 14 -46 -44 -37 -11 28 -9 -7 -19 -20 -50 12 30 5 9 -24 -29 4 -27 -27 -37 44 -42 38 -22 -13 42 -18 -43 -43 27 47 37 45 28 16 -16 -16 10 16 24 11 34 -16 33 -30 -37 1 14 17 18 28 -49 -15 -14 25 -47 -1 36 5 50 -1 -30 -21 46 -35 -33 -10 4 17 -21 28 48 -3 -36 11 42 -14 -25 10 28 -30 25 -11 -50 20 8 38 -27 -24 31 -48 -44 -33 -3 37 -46 40 33 -42 29 -32 10 36 24 34 -2 1 -27 -20 -11 45 -20 -24 -16 23 10 20 13 40 2 -21 -20 26 42 -25 -22 -25 16 -32 -44 -1 -47 13 -9 6 -14 -27 -32 19 -34 -26 -18 -29 44 41 -50 -35 37 -46 41 -17 24 -1 -39 -33 14 -29 -17 -47 -30 9 37 17 49 -47 41 -23 48 41 25 2 -17 -50 ; 
13 50 71 64 53 76 99 42 39 73 95 49 81 60 8 94 22 73 6 25 96 65 36 88 61 55 14 68 52 98 95 63 11 27 33 67 35 22 79 71 75 68 52 27 8 72 2 77 93 70 49 93 30 18 21 85 100 77 2 70 5 11 46 95 34 99 3 72 50 85 35 5 32 57 66 21 64 100 89 86 38 55 6 53 5 87 62 45 57 27 100 7 93 30 10 45 13 100 34 88 98 78 59 45 31 68 40 5 26 35 99 85 24 29 87 27 80 1 79 48 45 24 51 51 21 4 9 46 16 44 97 13 78 59 66 96 39 65 4 59 58 27 86 20 50 8 18 55 75 56 86 45 26 82 58 88 30 8 87 66 36 75 43 2 34 58 35 89 72 46 86 80 57 73 8 60 37 99 76 85 87 75 47 38 37 28 58 90 10 62 86 70 89 33 70 90 26 21 70 82 48 ; 
L -46 14 -6 -34 37 -46 -30 -13 10 47 -18 -54 -46 -1 32 36 -25 16 -25 -22 -29 -37 -19 44 47 52 5 9 -24 7 24 13 22 -15 -14 -19 -20 -24 7 9 -19 -38 -20 33 39 43 -33 -4 10 -27 -11 45 -20 44 -2 -51 32 27 -13 -50 30 -10 36 24 -5 24 -24 17 37 15 -44 -17 -21 1 -41 1 -42 34 -16 33 35 45 -42 -1 -41 30 -18 -25 37 -9 -19 -17 -10 -26 29 -15 -34 18 14 -27 43 -46 -42 29 -32 48 -31 18 3 33 36 25 -11 10 20 49 49 2 28 25 16 -16 -28 -23 16 40 -53 23 -27 50 36 -48 23 -41 47 -38 42 8 -26 -17 46 -37 -41 -14 -25 -33 3 -48 40 9 -30 40 -50 20 -1 14 -30 -12 50 44 47 -9 37 -34 -31 14 8 38 -20 17 35 47 21 -46 -44 42 37 27 -2 37 -26 28 -11 -11 -24 -16 33 55 -43 -28 4 -27 -34 41 -1 -11 17 28 -17 -50 ; 
0:206 0:34 0:86 0:180 0:94 0:120 0:24 0:116 0:178 0:30 0:200 0:122 0:36 0:116 0:182 0:96 0:266 0:116 0:66 0:52 0:46 0:154 0:112 0:46 0:128 0:72 0:116 0:150 0:22 0:64 0:50 0:90 0:186 0:92 0:76 0:168 0:134 0:150 0:36 0:54 0:80 0:100 0:10 0:298 0:150 0:80 0:110 0:140 0:20 0:60 0:72 0:130 0:8 0:12 0:22 0:2 0:138 0:68 0:92 0:114 0:226 0:98 0:12 0:194 0:70 0:130 0:128 0:50 0:64 0:186 0:182 0:122 0:130 0:150 0:102 0:48 0:18 0:92 0:170 0:70 0:58 0:108 0:86 0:24 0:46 0:108 0:36 0:150 0:120 0:20 0:110 0:64 0:142 0:88 0:168 0:178 0:106 0:128 0:132 0:96 0:200 0:30 0:212 0:18 0:92 0:22 0:2 0:132 0:142 0:90 0:94 0:136 0:148 0:96 0:40 0:232 0:250 0:140 0:160 0:20 0:134 0:88 0:22 0:150 0:54 0:124 0:38 0:232 0:232 0:100 0:82 0:70 0:140 0:66 0:178 0:68 0:140 0:62 0:30 0:104 0:40 0:124 0:62 0:92 0:62 0:2 0:54 0:176 0:124 0:32 0:164 0:196 0:114 0:170 0:134 0:136 0:12 0:158 0:44 0:48 0:186 0:122 0:28 0:306 0:188 0:118 0:40 0:58 0:264 0:74 0:48 0:104 0:54 0:112 0:46 0:144 0:34 0:4 0:226 0:294 0:78 0:142 0:132 0:46 0:144 0:6 0:124 0:192 0:82 0:94 0:16 0:16 0:74 0:214 0:164 0:202 0:146 0:58 0:68 0:164 0:96 ; 
L -22 -23 39 -37 15 12 -37 23 -43 22 43 -37 44 3 50 -47 26 -30 -37 1 19 46 7 -48 46 -9 1 20 -40 17 34 -12 -9 -37 11 28 -35 49 18 40 2 28 13 -50 15 48 48 -44 41 29 -37 7 2 28 44 -3 20 19 -13 -34 2 -47 48 -3 -13 -19 41 25 13 39 -31 -43 -24 6 19 -44 46 -27 -34 27 24 -39 29 -18 -15 -33 3 -46 48 -43 34 -18 34 23 44 41 11 -8 39 -47 11 7 11 25 -35 -45 47 27 48 33 48 5 23 34 14 -25 8 -2 5 -38 24 16 -24 -1 -44 -5 25 -19 28 -29 38 -22 28 -28 5 -49 10 -10 -46 -18 40 -38 1 8 17 -31 -8 14 20 -34 11 -1 -24 -49 -34 -14 -10 50 -13 -44 -19 -36 36 26 -5 18 14 1 -39 -24 -47 -27 -41 49 37 -5 6 16 -13 -33 48 9 33 -34 -14 36 3 42 48 -24 9 23 41 27 34 41 28 35 -44 -20 ; 
57 45 43 66 51 38 21 89 29 70 14 3 56 74 37 12 78 78 19 87 95 22 34 98 13 63 71 3 54 59 59 38 35 54 13 4 27 88 88 8 75 98 44 46 8 46 40 28 10 5 68 26 40 94 91 79 91 55 41 74 54 6 28 64 48 64 59 71 99 18 12 18 23 62 47 31 34 94 27 87 11 5 76 70 46 43 66 63 26 39 61 76 75 56 75 51 6 54 28 3 40 65 97 88 20 3 64 3 31 78 42 57 86 44 58 12 92 100 41 15 75 50 17 83 45 38 95 76 98 42 12 15 94 10 10 60 79 1 44 79 43 96 55 91 55 55 5 99 49 79 90 74 11 3 62 95 8 29 49 96 35 28 77 78 52 21 44 35 17 67 44 89 28 71 47 72 12 92 65 33 27 2 81 50 64 95 86 1 90 96 30 11 38 26 75 44 91 7 23 54 25 ; 
L 49 -14 36 -35 37 -14 -10 -20 -1 -18 9 -11 34 -20 39 -10 -46 25 -35 -44 43 27 48 15 -29 15 38 -22 2 19 -44 25 8 17 1 34 -22 -27 -41 -37 44 -34 -34 53 40 26 2 39 -31 19 44 43 46 -27 -6 5 18 -44 -23 1 28 -28 -8 52 -49 -34 -47 45 35 13 -16 28 38 -9 -13 37 -39 12 3 -50 -23 -55 -49 -44 -46 -34 -11 -40 47 18 -48 -1 -5 -11 -5 7 1 28 47 -24 37 3 -46 -2 19 -25 -33 -1 -49 -48 3 8 31 11 -5 6 28 44 -3 -25 -27 -41 -23 15 -47 17 14 33 34 13 -19 27 22 12 43 18 -29 -14 9 48 -18 5 -36 36 -33 39 -11 -29 20 54 41 51 13 -8 -24 42 -24 19 -34 -41 -28 -24 34 -7 -30 -37 41 28 23 50 -48 40 2 -10 41 19 50 -34 48 5 39 48 -3 -13 9 -26 48 -24 43 -37 -47 -16 13 -24 38 -14 37 24 -44 -20 ; 
0:108 0:22 0:190 0:94 0:80 0:38 0:16 0:102 0:6 0:182 0:172 0:194 0:180 0:158 0:42 0:64 0:130 0:158 0:48 0:172 0:238 0:70 0:62 0:72 0:50 0:34 0:58 0:30 0:86 0:214 0:62 0:134 0:216 0:110 0:56 0:24 0:74 0:78 0:56 0:8 0:112 0:96 0:188 0:132 0:244 0:152 0:122 0:8 0:24 0:28 0:70 0:84 0:12 0:188 0:36 0:24 0:112 0:82 0:150 0:168 0:124 0:20 0:120 0:46 0:136 0:138 0:120 0:128 0:6 0:134 0:84 0:244 0:50 0:56 0:156 0:56 0:132 0:92 0:34 0:66 0:120 0:210 0:62 0:178 0:158 0:22 0:92 0:108 0:136 0:128 0:164 0:86 0:248 0:36 0:102 0:64 0:112 0:42 0:84 0:30 0:20 0:164 0:126 0:258 0:190 0:152 0:96 0:82 0:136 0:60 0:120 0:10 0:10 0:64 0:18 0:14 0:68 0:182 0:158 0:268 0:46 0:52 0:76 0:60 0:70 0:156 0:6 0:64 0:136 0:148 0:82 0:58 0:92 0:68 0:116 0:22 0:140 0:216 0:78 0:16 0:48 0:42 0:108 0:154 0:114 0:28 0:22 0:52 0:132 0:182 0:14 0:186 0:180 0:228 0:118 0:66 0:80 0:202 0:30 0:246 0:72 0:130 0:110 0:28 0:92 0:38 0:84 0:182 0:92 0:12 0:114 0:14 0:150 0:26 0:110 0:102 0:40 0:88 0:34 0:114 0:52 0:80 0:128 0:96 0:110 0:62 0:180 0:70 0:122 0:130 0:90 0:158 0:86 0:160 0:150 0:34 0:162 0:90 0:68 0:108 0:50 ; 
L 17 28 44 -26 -3 -43 45 -29 -22 -23 -50 22 -32 40 -34 42 -30 -22 -42 -30 40 43 -40 45 28 28 25 45 31 -44 3 -43 31 13 -21 -34 -8 -30 36 44 24 -33 -11 20 -18 6 39 35 -16 -35 -8 49 -23 6 -29 -40 10 36 -7 30 -21 -35 5 -25 -5 22 8 -8 36 -27 -37 19 37 24 9 35 -41 32 30 45 -42 -11 -30 -49 21 -6 -48 -12 -39 -34 -39 -25 45 -31 36 -19 -36 46 27 -22 -36 -44 -2 13 25 -6 12 47 -23 -20 22 -40 -16 -16 38 -7 15 36 -27 -10 25 -18 35 -35 4 10 -21 34 -13 14 29 35 -2 -29 -39 4 -2 26 8 -25 -11 -34 35 25 35 -46 43 24 -31 38 27 27 -15 43 -38 35 33 -49 -12 2 -20 17 -28 39 24 -45 -22 -32 -34 -7 3 34 -17 -13 -33 41 -2 -9 -48 14 44 33 -37 -19 -15 -28 24 1 -33 36 50 -38 -49 11 -5 -23 7 -30 -5 25 ; 
20 87 3 66 24 34 56 63 20 21 33 35 34 25 35 39 15 7 49 20 48 27 10 45 85 84 24 61 31 100 40 10 57 55 40 11 53 13 23 86 44 93 7 45 89 19 4 76 46 24 16 44 4 19 60 64 96 55 40 19 1 16 49 63 70 19 62 5 14 31 11 72 47 82 72 11 84 77 32 39 7 71 18 17 13 32 43 21 70 98 71 32 46 36 11 77 12 45 87 34 97 13 25 14 67 89 8 36 49 80 3 75 17 80 81 58 58 65 19 33 58 42 88 37 13 90 22 59 34 49 11 74 20 82 75 45 43 26 68 75 80 74 85 53 23 21 4 9 20 51 31 49 7 93 93 16 54 22 50 73 100 99 73 3 30 93 48 13 28 70 45 87 70 5 92 16 27 53 80 55 100 95 70 62 15 7 30 19 87 7 24 2 10 21 43 97 81 75 14 94 44 ; 
L 17 28 44 -26 45 -43 -30 -44 -14 48 29 35 54 33 -40 -16 -16 -41 -20 17 -7 -32 -34 10 36 -12 -34 -5 35 39 35 33 -49 -46 -18 -22 -23 21 -30 49 -28 39 -24 -22 38 -30 -30 -32 41 43 30 43 -27 25 35 -46 28 25 45 21 43 11 -13 35 5 -8 24 23 25 34 39 -34 22 13 17 36 -45 -22 3 -2 14 6 13 33 -34 39 29 -31 7 -3 -20 11 -31 29 38 -37 -25 29 -6 -40 28 15 -27 -27 -28 -36 8 -48 -18 36 19 -36 -10 -32 40 -34 42 45 31 -42 19 22 -2 -9 16 39 -36 30 34 33 -1 -47 6 45 -7 8 15 31 33 -24 -44 20 23 50 -38 -35 -2 -37 24 53 -4 -43 19 -2 13 -8 15 36 -27 -25 55 -25 5 12 -40 -22 50 -35 -40 37 11 35 51 -3 49 -35 24 9 49 30 11 42 21 23 22 2 -6 -27 52 26 7 21 -10 -36 -38 44 -25 4 -5 25 ; 
0:40 0:174 0:6 0:132 0:42 0:60 0:66 0:30 0:200 0:110 0:40 0:148 0:64 0:112 0:170 0:34 0:160 0:44 0:70 0:198 0:132 0:66 0:56 0:104 0:200 0:26 0:62 0:28 0:98 0:58 0:20 0:108 0:44 0:100 0:24 0:96 0:20 0:86 0:2 0:52 0:78 0:6 0:24 0:8 0:60 0:20 0:64 0:64 0:154 0:146 0:110 0:92 0:74 0:138 0:38 0:42 0:170 0:48 0:122 0:20 0:6 0:24 0:90 0:228 0:72 0:140 0:56 0:160 0:136 0:182 0:196 0:38 0:38 0:164 0:10 0:58 0:96 0:96 0:66 0:134 0:172 0:30 0:68 0:50 0:176 0:154 0:150 0:264 0:154 0:94 0:150 0:90 0:38 0:86 0:40 0:44 0:88 0:196 0:120 0:68 0:244 0:6 0:14 0:98 0:86 0:76 0:28 0:270 0:48 0:64 0:24 0:154 0:184 0:234 0:50 0:70 0:78 0:50 0:188 0:92 0:42 0:92 0:86 0:82 0:12 0:104 0:168 0:46 0:80 0:68 0:174 0:62 0:70 0:92 0:108 0:158 0:14 0:22 0:28 0:186 0:88 0:18 0:160 0:98 0:32 0:150 0:94 0:126 0:78 0:18 0:36 0:2 0:44 0:86 0:10 0:100 0:42 0:130 0:38 0:86 0:150 0:40 0:104 0:166 0:72 0:26 0:70 0:62 0:32 0:56 0:112 0:22 0:70 0:168 0:100 0:28 0:98 0:144 0:182 0:34 0:36 0:142 0:48 0:276 0:276 0:150 0:18 0:74 0:118 0:38 0:210 0:174 0:44 0:272 0:124 0:34 0:20 0:162 0:36 0:188 0:88 ; 
L 32 45 -49 31 44 -18 12 7 -3 30 39 -49 43 25 50 5 -41 28 9 4 -8 34 -24 24 18 -24 48 -33 16 35 36 3 -17 41 -42 39 39 1 34 -39 -16 26 33 36 8 -29 38 -36 39 36 -19 42 -24 45 -43 -44 29 32 44 -15 -10 28 -11 43 48 -31 -30 -31 -14 20 30 18 -46 6 3 -14 44 11 18 43 -47 5 6 45 27 35 6 6 33 45 20 14 2 -31 25 -11 5 16 -37 43 -32 29 -30 -49 -1 8 22 10 -9 2 -42 1 -16 35 30 -26 13 2 44 15 -41 32 -42 -31 5 30 44 45 -6 3 -12 -10 -23 -8 47 -45 -13 5 -10 36 42 2 48 24 7 -26 -49 27 -24 -15 46 -30 10 -11 -20 42 25 36 -37 13 13 -50 35 26 -35 -32 -49 -39 33 22 24 -19 -4 -32 33 -15 -14 2 -16 34 -40 49 -43 32 -39 8 -13 32 -44 50 -50 22 -4 -1 -23 32 11 -26 35 -39 ; 
71 41 79 9 43 95 1 17 10 67 65 93 96 4 86 39 71 58 3 72 82 64 50 92 24 23 8 76 20 89 61 40 62 13 93 82 97 42 26 75 24 42 76 3 3 16 100 57 80 7 97 75 42 24 99 76 96 29 96 42 81 82 6 11 88 5 26 73 97 92 45 19 75 51 64 30 64 73 50 44 71 10 19 35 87 2 27 7 46 71 94 63 75 85 38 29 47 62 63 47 15 95 97 43 64 87 16 56 76 27 9 53 92 4 63 17 4 14 78 79 97 88 92 90 86 95 4 72 40 91 33 58 82 68 50 44 94 53 77 4 79 41 58 41 10 13 57 92 11 84 77 9 40 5 33 69 38 3 60 67 56 8 45 59 58 84 58 18 81 71 44 16 47 32 50 91 81 20 9 7 53 65 39 87 52 97 90 82 63 65 11 95 33 53 11 41 25 16 30 23 81 ; 
L 32 -13 45 15 -32 -5 20 -16 4 19 -24 2 -45 5 30 33 45 30 -49 -13 32 -2 -10 -9 24 -18 5 -6 -35 52 48 -20 13 -29 -42 18 -22 51 -49 31 42 -32 41 -15 11 -26 42 18 -53 3 -7 30 45 27 35 30 -26 -4 -1 -23 30 -49 -39 -30 -8 39 -17 48 44 2 -24 14 -10 36 -55 -44 19 49 -11 -44 42 -49 -1 8 22 10 -30 6 -40 10 15 -44 36 -37 24 -34 44 50 -50 -33 36 3 14 -45 -22 34 -32 -11 -23 -33 14 46 41 -5 12 -8 35 -26 -35 50 -13 1 39 36 -14 8 -29 49 -54 31 -33 -25 -43 24 31 24 -18 11 -13 7 -26 -31 29 -47 44 -39 -31 36 -38 27 -35 32 -39 26 33 -16 -20 42 -28 46 -43 10 12 25 -37 43 -32 -32 16 24 -36 2 -16 5 -16 -42 39 39 3 6 34 28 -4 -9 25 32 43 45 -43 11 -8 47 -43 -41 -48 -15 -6 1 35 -39 ; 
0:142 0:92 0:24 0:110 0:278 0:112 0:170 0:70 0:88 0:94 0:32 0:156 0:296 0:26 0:190 0:84 0:132 0:64 0:172 0:62 0:164 0:46 0:44 0:140 0:120 0:178 0:72 0:60 0:54 0:62 0:70 0:180 0:98 0:190 0:162 0:44 0:116 0:138 0:48 0:226 0:180 0:184 0:176 0:194 0:168 0:32 0:66 0:40 0:92 0:52 0:20 0:110 0:82 0:174 0:4 0:126 0:34 0:58 0:106 0:22 0:130 0:120 0:36 0:252 0:296 0:24 0:158 0:42 0:78 0:278 0:90 0:62 0:150 0:8 0:32 0:56 0:82 0:264 0:130 0:146 0:170 0:86 0:128 0:174 0:32 0:112 0:176 0:72 0:104 0:128 0:162 0:84 0:96 0:120 0:228 0:100 0:198 0:76 0:22 0:58 0:84 0:80 0:82 0:202 0:100 0:120 0:76 0:92 0:16 0:106 0:54 0:252 0:14 0:142 0:18 0:322 0:56 0:116 0:118 0:90 0:16 0:8 0:64 0:14 0:144 0:108 0:32 0:192 0:96 0:32 0:64 0:32 0:8 0:42 0:76 0:82 0:46 0:42 0:154 0:92 0:26 0:38 0:110 0:112 0:66 0:50 0:84 0:148 0:114 0:192 0:180 0:8 0:104 0:112 0:152 0:72 0:84 0:112 0:36 0:202 0:148 0:170 0:116 0:70 0:82 0:94 0:30 0:74 0:114 0:210 0:30 0:0 0:18 0:40 0:306 0:62 0:164 0:194 0:78 0:40 0:56 0:248 0:50 0:144 0:46 0:8 0:88 0:30 0:198 0:70 0:104 0:100 0:18 0:142 0:54 0:168 0:84 0:92 0:160 0:46 0:162 ; 
L -29 45 38 -13 -34 38 20 -36 -34 -20 -18 36 -30 17 36 -22 14 20 27 5 44 29 10 43 -43 -11 -11 33 -14 33 -5 24 9 -49 33 -41 -19 31 -5 19 16 31 50 -5 40 -48 1 15 47 17 -43 -33 1 -9 40 20 -32 -13 49 -11 -9 -40 38 33 44 -19 34 31 2 -15 10 -29 -36 -6 -45 12 12 -11 33 20 5 6 -48 27 50 -47 -40 12 19 -38 -25 50 -27 2 -30 32 1 45 10 -17 -27 17 -18 26 47 20 -37 -50 19 -38 -39 37 45 -39 26 18 -36 -28 27 1 -10 48 -47 -2 -23 -35 25 -25 17 -46 19 14 -1 3 -44 -46 18 10 -29 -44 31 -13 38 8 -32 39 20 9 -31 -21 -37 -20 -26 -33 -31 -13 -4 -28 22 -37 -31 -35 -38 -33 -27 36 -30 -39 41 -34 -2 -33 11 -36 24 -40 -13 -45 -39 48 37 26 -18 16 30 41 28 17 35 15 30 -44 -20 -4 -36 -47 -12 29 2 -5 ; 
30 17 23 92 70 80 70 80 12 34 61 27 66 38 20 57 48 33 72 49 85 45 98 5 50 48 28 81 52 76 55 57 68 30 49 67 92 65 76 20 19 89 82 11 21 70 9 70 26 14 20 54 53 28 64 47 78 65 99 55 8 11 31 80 35 18 16 49 75 2 63 44 38 90 23 1 54 9 63 15 25 87 51 57 4 49 80 72 83 3 58 81 88 5 77 78 61 20 78 75 59 99 61 80 35 14 27 72 7 33 73 42 90 64 81 40 51 43 63 28 18 67 35 97 92 63 69 67 26 41 63 94 62 29 56 66 52 5 54 7 21 4 29 9 4 76 88 87 75 17 47 79 88 30 63 49 42 87 64 77 37 47 12 38 94 42 20 18 96 83 85 38 25 62 94 15 18 18 21 10 12 70 50 18 5 80 22 98 76 65 70 25 99 32 42 93 9 50 32 94 27 ; 
L -29 45 -6 49 40 -3 1 -31 -15 52 17 -36 17 -38 34 51 20 26 35 -17 -37 -29 -33 -38 -33 -17 -27 -9 -25 19 -14 -22 28 4 31 -19 5 1 19 -38 -39 27 -50 -50 11 -47 38 -34 33 -14 5 -29 -10 48 -44 -39 1 48 -29 -25 -5 -26 39 -45 -37 -44 31 -30 20 -40 -19 48 -46 -44 -16 34 -41 19 47 24 41 19 -47 48 26 32 -39 -23 26 -13 -45 -20 -27 2 -30 -15 9 10 -5 -20 -33 -54 -36 -46 17 -43 -33 31 -43 8 20 25 -20 38 -32 -43 33 41 28 -33 24 1 21 -37 -20 -16 -1 -27 -35 30 -13 -12 -47 11 11 13 27 -10 -45 -18 -2 -18 53 38 -20 15 11 49 36 -18 37 35 12 45 6 36 32 -20 -2 -31 -34 27 -40 13 -10 -40 40 31 -30 -29 12 -28 -44 -33 14 9 50 37 -55 38 22 -36 44 18 50 4 -36 -39 -36 -17 30 -36 18 5 -11 33 13 31 2 -5 ; 
0:60 0:34 0:98 0:38 0:94 0:226 0:58 0:102 0:26 0:26 0:92 0:70 0:50 0:104 0:160 0:92 0:118 0:36 0:16 0:184 0:148 0:30 0:20 0:86 0:76 0:326 0:118 0:108 0:208 0:132 0:186 0:138 0:128 0:174 0:72 0:128 0:40 0:132 0:56 0:66 0:146 0:102 0:176 0:70 0:68 0:130 0:56 0:38 0:56 0:104 0:144 0:16 0:42 0:134 0:44 0:252 0:12 0:240 0:92 0:92 0:114 0:76 0:162 0:128 0:180 0:190 0:130 0:86 0:128 0:206 0:242 0:36 0:98 0:90 0:136 0:92 0:166 0:262 0:46 0:70 0:164 0:140 0:122 0:78 0:70 0:156 0:92 0:296 0:138 0:22 0:36 0:58 0:108 0:18 0:132 0:140 0:190 0:190 0:186 0:50 0:30 0:200 0:158 0:114 0:12 0:40 0:108 0:272 0:172 0:100 0:20 0:110 0:100 0:158 0:80 0:72 0:58 0:198 0:44 0:58 0:170 0:80 0:52 0:28 0:158 0:28 0:64 0:56 0:122 0:182 0:36 0:46 0:108 0:34 0:56 0:90 0:116 0:12 0:156 0:114 0:114 0:104 0:20 0:144 0:252 0:24 0:0 0:170 0:98 0:102 0:62 0:68 0:68 0:26 0:46 0:180 0:110 0:156 0:46 0:150 0:98 0:110 0:114 0:34 0:46 0:96 0:54 0:112 0:58 0:56 0:68 0:170 0:30 0:70 0:94 0:146 0:14 0:144 0:20 0:32 0:84 0:64 0:58 0:82 0:22 0:254 0:76 0:88 0:136 0:40 0:76 0:132 0:54 0:112 0:62 0:172 0:158 0:98 0:128 0:188 0:54 ; 
L -15 -13 4 2 6 -2 32 37 10 44 -35 -30 10 -49 11 39 46 21 -38 -13 25 19 -47 25 24 -42 -15 21 26 -21 8 7 -22 -32 20 7 -16 -11 -20 44 1 10 17 -34 -33 6 -20 -5 1 -38 -12 3 -9 -24 24 -47 -48 10 -27 12 26 -21 21 -40 -3 44 12 2 35 -45 24 20 -47 13 -7 -9 -6 -49 -32 10 -13 -36 -16 -3 36 -42 -50 10 -5 23 30 5 14 -18 11 -13 -26 -45 -3 29 13 2 9 14 -2 17 -36 -5 -17 13 44 -34 -28 -39 -19 -22 -22 50 15 24 -31 -25 -47 -25 -31 -7 -2 -45 5 9 45 -28 22 4 48 28 -39 24 31 7 -19 27 5 6 -45 14 -42 12 19 -14 23 44 -42 -2 20 -5 -2 37 8 34 13 34 -4 -41 -48 -33 -8 -48 -8 -35 -21 35 -19 5 35 -9 -28 37 -26 39 41 -1 -31 -13 37 -41 8 -32 -32 -3 30 20 -26 49 -31 8 -29 -49 -7 -10 ; 
79 34 60 21 57 80 3 52 63 70 82 53 74 4 57 8 57 48 27 98 39 15 57 86 89 47 16 31 27 77 8 72 3 7 85 33 56 2 3 87 18 16 25 96 38 75 42 92 16 77 48 92 39 90 62 68 61 60 55 93 82 75 86 12 12 61 33 76 2 60 39 71 7 98 58 11 23 40 7 66 29 41 74 53 100 36 18 38 94 43 92 72 30 72 17 80 58 45 69 84 78 94 32 53 32 16 40 66 56 85 65 96 69 21 95 72 43 29 86 91 37 15 77 20 54 43 66 4 5 89 49 78 36 18 89 83 59 23 72 96 72 16 43 50 3 36 46 38 24 45 9 18 19 75 19 21 77 65 4 83 69 26 18 7 54 57 22 77 84 5 85 49 50 54 37 15 59 89 26 57 17 87 50 1 81 90 90 10 91 39 91 92 83 57 42 87 43 25 28 68 59 ; 
L -15 -13 4 28 -45 -30 -46 -39 -11 35 5 -1 19 -14 42 -5 1 -20 47 -20 -8 13 22 2 6 -26 10 -50 -16 -3 12 5 -20 38 -26 -34 -35 -5 -14 -55 44 34 -17 -22 27 21 35 -9 -7 -19 -9 -24 11 17 5 40 -21 -4 -10 30 -14 -27 -23 13 -22 54 21 -47 -48 3 6 -26 -5 -21 8 7 -22 -32 -25 36 20 -42 48 -3 28 31 1 -33 -2 -39 26 -21 -44 3 -37 8 -13 28 18 -35 -53 49 -29 -13 24 38 13 -47 -34 -10 -37 -32 2 -49 2 -31 31 -15 -6 -9 24 -26 -36 23 -24 -25 -49 49 -7 -29 3 45 -45 41 -32 10 -12 42 44 52 39 20 -16 45 -2 21 6 15 42 19 10 37 -41 8 -32 -32 -39 19 -25 -12 8 13 -9 2 -48 33 -10 -14 34 19 5 -2 17 -8 -37 -47 -25 -31 36 -20 31 9 -48 13 11 12 2 -45 24 -4 -41 7 30 51 13 -7 44 -24 -7 -10 ; 
0:158 0:68 0:120 0:12 0:156 0:192 0:62 0:114 0:16 0:154 0:94 0:66 0:8 0:90 0:90 0:184 0:32 0:38 0:96 0:14 0:128 0:192 0:180 0:92 0:114 0:118 0:50 0:34 0:96 0:182 0:184 0:56 0:42 0:168 0:170 0:72 0:76 0:74 0:54 0:58 0:40 0:58 0:192 0:54 0:134 0:202 0:170 0:42 0:132 0:146 0:196 0:50 0:30 0:80 0:112 0:176 0:24 0:48 0:16 0:26 0:118 0:26 0:104 0:14 0:150 0:190 0:464 0:160 0:122 0:180 0:28 0:40 0:54 0:208 0:16 0:144 0:6 0:14 0:112 0:266 0:72 0:10 0:174 0:86 0:58 0:180 0:100 0:214 0:154 0:34 0:114 0:82 0:82 0:122 0:74 0:76 0:40 0:40 0:188 0:160 0:8 0:136 0:118 0:112 0:210 0:154 0:138 0:110 0:30 0:158 0:126 0:104 0:6 0:82 0:12 0:20 0:84 0:224 0:22 0:108 0:96 0:126 0:150 0:174 0:300 0:178 0:210 0:110 0:12 0:96 0:168 0:138 0:50 0:42 0:0 0:132 0:32 0:76 0:36 0:124 0:36 0:208 0:130 0:42 0:26 0:60 0:64 0:202 0:32 0:284 0:80 0:114 0:180 0:180 0:20 0:182 0:66 0:170 0:38 0:64 0:174 0:62 0:50 0:128 0:176 0:244 0:178 0:54 0:108 0:40 0:8 0:148 0:32 0:38 0:8 0:134 0:40 0:108 0:74 0:150 0:94 0:54 0:44 0:74 0:122 0:30 0:152 0:124 0:78 0:66 0:14 0:164 0:78 0:136 0:138 0:116 0:74 0:180 0:38 0:136 0:118 ; 
L 4 -38 -41 -8 32 24 -14 27 -12 15 -27 -43 -22 31 34 43 -30 -31 43 24 36 -10 -34 -28 -18 5 48 45 -6 -12 -39 -35 -30 -40 -12 39 38 24 44 5 -45 -1 -9 14 12 22 -30 -8 36 29 -47 -1 -24 -38 -24 -42 -42 -14 12 30 -3 -39 -50 40 -6 25 -35 -44 -31 4 -46 -13 -33 -4 43 14 20 18 17 19 20 -46 -22 45 -1 -8 -21 18 24 -31 13 -46 -41 30 18 15 -2 34 50 -29 25 25 48 15 2 -31 44 16 14 -17 13 -29 14 -37 32 19 20 3 -39 44 -14 -34 44 -31 35 29 2 -24 28 33 -7 -31 -19 45 43 14 -47 -34 -50 -50 -23 -39 -31 37 11 8 -36 31 10 4 -16 17 33 -25 -39 -3 -17 -22 -22 -9 -19 35 -27 8 -17 -3 -49 -40 31 -14 28 -4 2 -50 6 41 16 -3 -31 7 -19 -26 -16 27 -12 -26 -22 -13 -19 -11 -28 -18 -26 47 32 26 19 20 -6 -3 ; 
82 35 54 1 58 93 10 68 87 39 9 99 19 16 8 7 35 47 20 44 73 60 9 15 89 9 7 51 99 7 99 51 4 37 82 59 48 53 41 37 66 66 38 48 62 60 84 48 61 76 18 90 41 51 39 26 33 74 24 20 65 60 74 89 78 10 29 42 24 92 15 2 75 72 32 42 23 63 56 65 74 84 78 81 24 9 63 3 88 74 16 76 89 85 57 62 32 49 43 92 45 100 95 66 1 62 96 58 1 81 78 25 74 85 87 69 60 79 49 95 60 42 78 91 10 20 98 93 47 21 82 78 85 97 45 44 88 43 32 24 18 43 3 87 40 21 33 59 9 51 57 74 35 84 21 14 25 39 89 42 12 45 28 94 75 99 24 7 78 86 92 78 53 93 45 68 99 31 16 14 85 3 81 91 30 92 74 23 63 98 28 4 28 77 19 32 85 97 80 70 67 ; 
L 19 19 40 -6 25 -29 -9 -18 -32 32 6 -8 27 -16 22 -25 -14 -30 39 44 -7 -31 -43 -34 -44 45 -4 -35 -27 -19 -30 -31 43 24 39 12 -20 -39 27 -7 20 -16 13 41 18 1 2 44 -34 42 42 -2 52 -3 -24 -32 8 31 4 28 33 36 -31 45 3 -35 -12 34 -12 -30 -43 -45 8 -14 -25 1 -16 17 -31 47 17 -26 -26 38 -39 -50 -31 13 46 -4 31 44 22 -30 -35 31 -22 19 15 -20 23 50 50 -10 -31 -36 29 40 -49 33 -24 -18 5 46 -24 -41 26 -38 -41 24 -8 50 -29 46 -51 -39 35 -24 -17 -18 -53 -20 -54 -14 -48 12 29 14 50 -22 34 -31 25 -33 38 3 -30 17 -14 -26 -16 -39 -10 -34 -28 19 -17 -22 -12 13 -43 14 -13 -19 -11 -28 -14 -3 3 22 -27 -14 28 -40 19 9 1 -5 -24 47 -2 -4 37 15 -15 -48 -43 55 -18 -8 -21 12 47 -36 2 37 11 -4 -6 -3 ; 
0:150 0:138 0:204 0:156 0:20 0:46 0:84 0:26 0:26 0:180 0:46 0:112 0:188 0:94 0:242 0:72 0:120 0:52 0:10 0:150 0:36 0:156 0:118 0:14 0:20 0:56 0:16 0:100 0:22 0:268 0:190 0:94 0:40 0:88 0:112 0:84 0:226 0:66 0:218 0:134 0:168 0:44 0:156 0:68 0:204 0:148 0:180 0:174 0:92 0:172 0:66 0:260 0:6 0:12 0:32 0:186 0:116 0:6 0:174 0:88 0:42 0:58 0:42 0:90 0:46 0:128 0:108 0:62 0:60 0:98 0:144 0:90 0:62 0:182 0:170 0:60 0:108 0:148 0:58 0:56 0:118 0:172 0:94 0:210 0:228 0:148 0:42 0:8 0:4 0:30 0:184 0:48 0:96 0:168 0:42 0:20 0:82 0:86 0:104 0:194 0:100 0:36 0:48 0:30 0:18 0:166 0:66 0:192 0:104 0:258 0:174 0:152 0:18 0:88 0:146 0:38 0:286 0:156 0:108 0:36 0:142 0:46 0:118 0:20 0:134 0:6 0:172 0:130 0:154 0:112 0:166 0:14 0:118 0:164 0:170 0:202 0:120 0:306 0:192 0:162 0:84 0:62 0:84 0:168 0:58 0:20 0:130 0:36 0:162 0:36 0:162 0:94 0:84 0:18 0:30 0:106 0:24 0:78 0:142 0:34 0:134 0:52 0:118 0:126 0:196 0:56 0:20 0:32 0:120 0:60 0:220 0:244 0:184 0:130 0:60 0:28 0:76 0:98 0:66 0:110 0:78 0:124 0:14 0:112 0:60 0:132 0:118 0:134 0:210 0:78 0:126 0:210 0:78 0:60 0:60 0:66 0:80 0:208 0:86 0:140 0:134 ; 
L 38 9 21 10 16 -47 -21 34 -17 19 -44 -29 -49 15 45 -33 -26 -30 7 4 -10 16 -3 36 -29 -9 -13 -17 -41 -22 50 5 -29 -31 35 5 9 -14 -14 -23 19 -18 3 -44 -29 -4 30 28 39 -21 -23 48 2 1 -41 -29 -47 -22 15 19 -8 -15 -50 27 -2 -28 49 5 29 22 -31 -1 48 -15 24 21 -5 -7 -2 -30 -42 3 12 -24 26 26 48 14 32 36 -16 45 4 -19 44 44 -33 -38 24 41 34 37 34 -15 7 -17 -11 10 38 50 -3 43 26 -47 14 -16 39 -13 -4 11 32 -45 48 -34 29 35 28 3 15 -3 -39 1 36 -1 -17 4 -34 47 5 -13 39 -42 -41 18 32 -17 -31 13 -19 -34 33 -43 -29 -7 -34 17 -43 50 -34 -42 4 -10 -40 -24 -30 50 12 -46 -45 7 37 3 -46 49 47 -15 -13 16 -9 -40 -34 -11 -35 -9 -23 -29 -16 -25 45 32 -3 -37 24 25 -28 -37 19 9 29 39 ; 
22 33 85 7 87 91 74 94 22 8 14 33 85 53 5 12 81 32 15 69 40 59 95 13 44 20 31 70 91 37 63 3 14 87 84 82 68 94 67 2 25 28 95 37 89 24 53 90 89 37 50 72 30 68 95 40 64 6 70 92 48 64 58 97 51 97 60 44 64 4 22 39 44 41 80 41 23 14 74 38 46 2 72 79 86 89 26 3 77 70 70 18 28 55 28 50 68 8 69 91 45 66 58 88 82 100 63 100 14 15 36 65 96 72 91 60 49 35 23 55 98 14 42 78 84 12 90 21 59 73 8 30 15 68 74 18 89 30 86 16 78 87 45 99 82 19 59 5 59 12 5 43 8 70 69 23 61 97 22 37 11 44 5 14 93 12 18 3 54 3 54 41 32 56 94 99 65 40 92 76 1 25 91 8 14 5 89 88 50 71 12 99 84 79 9 10 7 88 94 97 70 ; 
L 48 42 -26 23 14 10 26 -15 44 3 -16 8 55 -3 52 9 -21 -33 -4 -39 31 -11 -22 45 4 -32 -14 -1 48 16 -19 -15 -15 -4 11 28 -36 54 7 -17 26 33 32 3 11 9 -7 30 -7 21 -19 -5 29 -5 -38 16 35 37 28 50 -4 9 -35 -13 53 34 41 34 -15 32 27 -2 -43 -29 21 17 45 -5 10 30 34 -28 -35 -17 29 3 15 -30 47 40 14 17 -1 39 7 -5 -50 22 39 3 -13 -42 3 12 -24 -9 37 47 -31 -46 49 47 -17 41 41 13 -4 -40 -49 23 16 -18 41 -16 -47 34 46 -12 -34 24 21 2 -19 36 -1 -45 7 37 3 -33 -38 24 -4 -50 25 -29 -24 -29 -16 -49 44 -3 10 22 47 29 26 -25 -44 -44 50 19 -18 -24 -17 29 -37 -9 -1 -36 -23 48 34 9 -14 -2 -30 5 -13 39 51 38 -34 -15 -42 10 -34 -28 -50 19 -13 31 -15 -45 48 -43 29 32 29 39 ; 
0:72 0:94 0:132 0:86 0:4 0:136 0:222 0:30 0:44 0:38 0:190 0:228 0:8 0:184 0:116 0:50 0:74 0:176 0:144 0:102 0:54 0:246 0:42 0:106 0:56 0:150 0:154 0:60 0:88 0:146 0:136 0:184 0:218 0:146 0:62 0:50 0:48 0:30 0:82 0:200 0:68 0:162 0:56 0:12 0:62 0:40 0:46 0:30 0:40 0:102 0:132 0:10 0:124 0:20 0:104 0:84 0:172 0:218 0:20 0:54 0:10 0:74 0:80 0:44 0:146 0:156 0:50 0:210 0:70 0:122 0:60 0:102 0:60 0:16 0:102 0:140 0:158 0:80 0:64 0:106 0:152 0:94 0:180 0:44 0:48 0:76 0:222 0:54 0:102 0:28 0:220 0:260 0:190 0:60 0:116 0:26 0:6 0:126 0:180 0:78 0:92 0:218 0:4 0:144 0:158 0:82 0:128 0:132 0:22 0:38 0:112 0:188 0:90 0:226 0:76 0:164 0:156 0:18 0:72 0:94 0:52 0:116 0:198 0:88 0:54 0:60 0:210 0:6 0:76 0:132 0:82 0:192 0:74 0:24 0:136 0:210 0:6 0:108 0:82 0:100 0:16 0:138 0:20 0:64 0:224 0:72 0:124 0:22 0:178 0:126 0:114 0:74 0:310 0:152 0:12 0:128 0:148 0:50 0:246 0:100 0:44 0:52 0:56 0:112 0:156 0:34 0:170 0:176 0:120 0:78 0:174 0:144 0:30 0:150 0:188 0:144 0:76 0:72 0:32 0:156 0:62 0:170 0:10 0:30 0:102 0:14 0:162 0:232 0:46 0:44 0:118 0:10 0:24 0:112 0:84 0:130 0:92 0:96 0:24 0:194 0:140 ; 
L -4 34 37 -14 -9 -45 4 17 33 -4 -36 -26 -23 10 19 -31 50 -28 41 1 -19 42 -11 3 -8 4 -35 25 9 -3 -37 38 1 11 10 29 -41 47 32 48 32 -26 -29 28 50 -27 37 10 -24 -49 -46 -19 -38 -19 -40 23 11 16 -28 33 41 34 -26 6 9 43 -10 7 36 25 14 10 -35 47 2 38 22 46 26 21 -3 -3 12 -10 -16 32 -13 34 -27 -33 -33 -34 -20 -11 37 16 5 -4 -25 27 -33 -16 4 32 -50 27 -34 11 34 26 -9 -26 -46 43 -2 -47 35 13 30 -4 2 33 -46 40 -3 -26 -27 45 14 -40 22 -37 12 -19 35 10 14 22 48 5 42 -16 -7 -26 3 15 -7 37 13 2 26 -30 29 -29 29 -8 -36 -46 -49 30 -30 47 -18 -37 3 42 18 -2 -40 -13 -22 29 10 -43 -34 8 -13 2 -26 -4 -44 -5 11 13 4 9 -10 -25 37 36 -35 10 -14 32 12 -46 -4 -43 -34 -13 ; 
64 42 74 49 87 100 26 24 13 52 82 8 57 53 40 10 92 31 64 25 79 72 90 20 43 7 69 42 70 65 27 23 93 33 82 80 73 10 76 30 21 14 8 68 34 47 83 4 85 78 13 39 97 40 14 93 79 32 19 15 20 94 20 59 61 98 27 5 6 47 35 96 37 67 56 93 94 5 16 38 1 1 59 15 25 29 98 57 70 10 50 89 47 65 26 29 98 91 96 3 64 6 44 99 98 57 49 44 69 21 19 50 13 93 53 10 54 66 72 14 40 25 10 98 16 73 60 23 67 34 45 41 32 80 48 2 72 24 14 56 77 76 5 29 3 78 84 43 23 75 48 72 52 74 47 98 96 47 98 84 40 36 87 33 68 74 99 25 80 34 58 88 35 33 97 40 32 29 93 86 3 85 4 21 95 18 70 10 32 48 56 26 64 44 93 61 95 14 26 3 1 ; 
L -4 34 37 41 1 -46 17 33 35 -11 -23 54 -29 30 -26 -7 -37 34 50 -20 -11 37 29 26 -2 -26 10 3 9 9 -18 16 -36 26 53 -24 -9 -4 36 -10 -9 26 21 -27 -33 30 29 37 36 -35 10 -30 16 -14 55 12 -19 -26 49 -5 -27 25 4 -5 -16 -14 3 42 -32 -23 -2 -35 -26 10 38 32 34 29 2 47 -18 -12 3 8 38 1 11 -19 -13 -25 22 13 50 -28 -33 37 31 -46 -44 2 14 42 51 -25 8 37 -22 32 8 26 -15 -3 4 43 3 -19 42 -10 47 -25 35 -13 46 49 47 4 12 46 -33 16 -40 -46 14 10 3 -9 41 -10 -6 26 48 29 30 -43 -34 13 4 -14 45 -34 27 -50 7 -28 16 36 -32 -33 27 -5 34 13 -19 40 -52 -13 43 -35 -46 -22 -29 -37 -4 -11 -10 -4 2 -26 -37 -28 33 48 3 -40 34 47 2 11 -41 -19 -40 -4 4 -10 7 10 22 -43 -34 -13 ; 
0:128 0:84 0:148 0:136 0:50 0:6 0:116 0:26 0:84 0:32 0:158 0:154 0:234 0:104 0:144 0:22 0:52 0:168 0:40 0:92 0:130 0:52 0:24 0:16 0:84 0:124 0:60 0:4 0:36 0:130 0:78 0:260 0:88 0:10 0:168 0:128 0:24 0:36 0:104 0:142 0:86 0:122 0:76 0:184 0:20 0:142 0:168 0:202 0:96 0:112 0:52 0:180 0:74 0:218 0:72 0:178 0:42 0:32 0:180 0:114 0:20 0:6 0:192 0:182 0:196 0:138 0:100 0:148 0:78 0:60 0:80 0:30 0:86 0:126 0:154 0:80 0:78 0:42 0:66 0:82 0:174 0:70 0:118 0:100 0:72 0:186 0:66 0:166 0:78 0:88 0:44 0:116 0:70 0:62 0:98 0:216 0:148 0:100 0:114 0:104 0:146 0:218 0:122 0:176 0:62 0:146 0:82 0:116 0:12 0:100 0:138 0:156 0:88 0:172 0:118 0:100 0:144 0:98 0:54 0:130 0:84 0:264 0:52 0:26 0:198 0:84 0:194 0:84 0:20 0:82 0:232 0:8 0:42 0:192 0:92 0:130 0:64 0:110 0:92 0:118 0:38 0:294 0:182 0:78 0:42 0:114 0:132 0:74 0:60 0:104 0:130 0:94 0:40 0:8 0:108 0:110 0:146 0:82 0:14 0:38 0:118 0:4 0:24 0:144 0:44 0:62 0:260 0:172 0:104 0:10 0:112 0:52 0:86 0:50 0:52 0:242 0:74 0:186 0:118 0:78 0:30 0:70 0:28 0:32 0:80 0:116 0:20 0:32 0:116 0:106 0:28 0:116 0:26 0:48 0:84 0:8 0:136 0:66 0:138 0:6 0:2 ; 
L 31 -19 36 14 41 32 20 28 26 8 -43 -37 3 -10 -12 -16 -16 47 -6 45 -12 -18 4 -22 -15 11 15 -38 -40 -32 41 25 -25 -27 48 16 -18 9 -27 29 -35 -31 18 28 46 12 -37 48 -41 45 -38 6 -37 -16 9 -10 22 -4 38 46 43 -2 10 -7 -1 -17 13 -2 45 25 27 8 -16 48 -49 28 14 34 40 21 42 49 -9 -2 23 26 -44 -33 30 -40 11 -45 -45 10 -39 -18 -10 30 18 -36 41 33 12 47 8 -24 28 -32 -39 38 -1 -10 37 21 -26 -30 46 44 19 -12 -40 -11 49 46 -38 28 13 42 23 18 45 46 2 9 -17 -31 35 50 -20 42 -22 48 -14 28 -12 -14 44 -43 7 -36 -11 37 -46 1 5 41 -7 -24 -20 -40 -47 -48 25 41 14 -47 -32 12 39 -7 -13 4 -16 4 -14 16 -26 6 -27 30 -8 35 -8 -45 -29 -5 -50 23 41 9 33 -14 21 -32 14 7 47 -36 32 48 ; 
34 53 34 1 6 37 66 18 99 76 63 21 46 9 30 5 85 63 55 34 49 61 14 58 22 12 70 62 100 2 70 69 58 67 33 76 36 9 75 11 28 60 97 18 36 39 17 35 29 64 67 11 6 73 81 94 71 51 92 3 12 86 80 28 43 48 11 14 14 25 15 56 79 43 29 83 44 53 57 42 24 93 5 41 40 69 65 55 18 23 18 1 74 21 43 10 1 47 60 25 9 20 47 8 43 98 52 1 46 43 32 55 2 76 41 28 87 77 41 5 18 95 80 50 99 82 22 24 43 95 58 94 69 21 31 40 43 62 19 54 16 28 16 62 40 47 68 95 60 56 54 2 68 16 45 100 13 9 66 54 85 12 2 14 67 33 27 23 36 72 32 85 59 12 60 31 87 47 40 9 42 43 40 56 4 82 28 27 73 28 18 99 87 16 51 26 36 92 72 24 85 ; 
L 53 31 -15 -33 44 -26 -39 50 -20 -14 -16 -8 -1 -35 8 47 -10 45 11 14 -48 -32 -18 38 26 18 -4 -7 32 40 21 10 -7 28 33 -14 45 3 -45 -15 -51 17 -9 -28 -16 50 -9 -35 -31 33 41 -9 11 -12 -46 46 13 14 46 24 -8 27 -11 -16 32 47 -12 -14 49 24 -7 30 -20 -40 26 -28 -41 -23 -22 10 -37 -41 45 -44 -37 -41 -4 30 -28 7 -41 30 -36 12 6 -27 -41 21 -32 -1 30 -40 -47 -16 4 -38 -40 -7 40 -47 32 -37 25 -47 11 -12 -22 12 -19 48 34 1 -20 -28 46 45 -4 -2 43 -13 17 -31 -18 -36 6 -38 28 -35 -18 -8 -25 -42 -16 -48 9 39 -44 42 -22 42 49 -9 14 36 14 -55 2 -43 6 16 -8 37 21 -26 36 5 12 37 -54 2 14 46 -23 2 5 27 25 -25 -41 39 -27 29 -18 -43 -48 52 16 12 38 45 -45 10 23 18 -13 -10 -38 -46 32 48 ; 
0:154 0:186 0:48 0:144 0:124 0:130 0:52 0:116 0:38 0:98 0:156 0:26 0:100 0:212 0:86 0:68 0:182 0:44 0:42 0:122 0:32 0:16 0:144 0:62 0:150 0:68 0:48 0:174 0:52 0:120 0:84 0:102 0:56 0:134 0:34 0:198 0:126 0:96 0:56 0:134 0:100 0:148 0:62 0:50 0:60 0:48 0:24 0:114 0:120 0:86 0:264 0:126 0:70 0:82 0:78 0:58 0:190 0:76 0:216 0:40 0:196 0:70 0:152 0:14 0:22 0:54 0:48 0:94 0:208 0:72 0:58 0:10 0:52 0:108 0:134 0:224 0:70 0:146 0:32 0:142 0:60 0:14 0:128 0:254 0:64 0:124 0:50 0:158 0:42 0:10 0:26 0:56 0:184 0:228 0:100 0:80 0:60 0:28 0:32 0:22 0:194 0:46 0:32 0:116 0:24 0:194 0:200 0:110 0:108 0:6 0:60 0:128 0:12 0:46 0:30 0:52 0:90 0:34 0:10 0:8 0:56 0:62 0:122 0:26 0:204 0:66 0:6 0:28 0:130 0:114 0:22 0:90 0:30 0:88 0:106 0:184 0:164 0:122 0:126 0:138 0:192 0:22 0:34 0:152 0:34 0:58 0:80 0:154 0:32 0:160 0:186 0:10 0:230 0:16 0:2 0:102 0:94 0:172 0:28 0:72 0:158 0:50 0:152 0:82 0:54 0:40 0:188 0:48 0:120 0:124 0:80 0:74 0:116 0:80 0:70 0:108 0:134 0:116 0:138 0:66 0:60 0:22 0:72 0:98 0:42 0:14 0:110 0:10 0:62 0:66 0:12 0:14 0:154 0:190 0:106 0:58 0:52 0:18 0:160 0:48 0:170 ; 
L -36 25 26 -29 -13 -43 -14 -5 -11 40 29 7 3 25 28 22 9 -33 15 1 -8 27 -40 49 -45 -44 -42 36 -43 -23 15 -10 48 -49 30 1 12 -9 36 -5 -14 -20 25 36 -1 47 -36 22 -23 -5 -4 -7 -13 49 45 2 -45 11 -14 -21 -1 7 17 25 32 37 -48 7 -28 -8 -22 -26 -49 -30 -4 -27 -15 -32 -36 -3 33 12 -46 45 -9 27 48 -45 15 -9 47 1 49 4 -20 50 -12 -22 -8 5 -43 49 24 -1 -44 14 18 17 17 -3 22 -44 29 -3 -2 12 21 2 35 4 -33 -31 -49 14 -30 8 24 -42 13 4 -11 35 -27 30 48 -43 -41 -41 -39 -20 -23 35 40 -50 43 -11 22 -12 -42 44 -39 48 -35 43 -47 1 41 -23 -33 38 -8 42 -37 26 -49 -2 -2 18 -30 12 -45 -20 -32 32 43 -29 -49 24 -40 -33 39 9 -41 14 -13 25 -21 26 -7 -41 44 43 -42 -9 40 -36 -20 -22 31 42 ; 
99 80 65 91 53 25 41 82 93 76 30 72 51 33 76 73 19 95 53 18 15 56 93 18 3 52 78 56 16 3 23 3 4 73 1 91 17 45 36 78 48 90 36 29 22 11 31 100 16 94 86 38 16 8 94 8 93 40 67 34 18 29 76 26 37 10 26 24 61 40 41 1 73 15 99 13 52 90 25 18 61 82 64 78 21 5 23 89 96 94 99 44 80 60 68 23 91 29 24 48 52 7 92 100 60 51 76 29 100 57 34 35 100 73 26 57 26 92 57 77 2 55 16 17 27 8 1 36 93 87 16 66 22 33 81 24 36 65 84 44 80 79 22 96 93 6 13 40 68 83 57 65 33 57 98 89 76 58 58 87 74 24 16 60 22 81 82 61 75 52 17 32 13 55 10 100 77 61 39 96 36 83 36 82 81 88 21 4 10 77 57 67 27 51 7 76 32 41 76 25 52 ; 
L 17 -5 -44 10 -15 23 43 -36 33 23 -49 14 -9 47 1 49 2 -17 -41 -29 42 12 -7 4 -21 -1 7 17 -29 9 43 -35 -12 11 13 12 -26 -30 -55 27 4 5 32 37 26 40 -27 4 -33 -36 43 -22 22 24 13 -14 33 54 20 41 -13 48 36 -40 3 8 -1 -13 49 30 14 -9 43 -47 35 -27 30 49 11 12 -45 3 36 32 -31 -33 -18 -14 22 -9 29 -51 -32 -7 -9 36 -18 -39 -45 15 12 -50 49 25 30 -26 42 -45 -32 22 -48 -27 43 -38 -1 2 -41 44 36 -9 -39 -49 24 -42 -25 -3 -7 -8 -22 -8 5 -43 42 -43 20 4 5 1 41 40 14 21 2 52 35 -21 48 -49 -15 -37 42 29 40 -36 41 -20 -8 -23 48 4 -23 12 -46 -48 28 44 25 14 30 -24 28 25 26 -45 11 40 -50 53 43 -15 -45 8 39 -44 3 1 47 2 49 25 -2 45 33 44 -22 1 22 7 31 42 ; 
0:184 0:222 0:30 0:90 0:6 0:46 0:6 0:32 0:80 0:116 0:32 0:52 0:158 0:198 0:88 0:160 0:202 0:212 0:58 0:208 0:54 0:136 0:68 0:22 0:76 0:36 0:58 0:152 0:150 0:170 0:98 0:74 0:158 0:14 0:18 0:80 0:26 0:42 0:116 0:120 0:146 0:204 0:206 0:20 0:48 0:18 0:186 0:76 0:4 0:124 0:186 0:106 0:30 0:46 0:94 0:162 0:32 0:160 0:38 0:282 0:28 0:102 0:32 0:152 0:106 0:174 0:4 0:16 0:16 0:122 0:70 0:20 0:64 0:196 0:384 0:44 0:66 0:24 0:20 0:102 0:34 0:48 0:36 0:50 0:104 0:150 0:116 0:152 0:120 0:128 0:6 0:192 0:20 0:42 0:188 0:72 0:110 0:40 0:88 0:192 0:176 0:182 0:40 0:110 0:16 0:148 0:58 0:54 0:8 0:92 0:124 0:46 0:26 0:162 0:120 0:20 0:44 0:114 0:298 0:70 0:166 0:6 0:122 0:158 0:132 0:66 0:102 0:42 0:116 0:48 0:96 0:104 0:116 0:54 0:26 0:86 0:172 0:48 0:152 0:96 0:190 0:108 0:184 0:126 0:50 0:166 0:6 0:146 0:20 0:160 0:116 0:190 0:210 0:48 0:154 0:18 0:32 0:10 0:22 0:226 0:8 0:258 0:128 0:206 0:240 0:128 0:106 0:32 0:64 0:320 0:90 0:138 0:130 0:52 0:80 0:16 0:192 0:74 0:148 0:32 0:76 0:82 0:122 0:114 0:182 0:62 0:6 0:26 0:162 0:80 0:50 0:136 0:210 0:134 0:70 0:182 0:46 0:56 0:144 0:50 0:104 ; 
L -3 14 -8 43 -38 39 -38 -8 -42 -31 -3 -23 -26 -47 -2 -45 28 -33 -19 50 -26 -20 12 46 42 1 -29 -40 23 34 -48 12 30 25 -33 49 49 -24 -38 8 -2 -40 -8 -48 47 -45 -49 34 -11 -42 44 -40 5 -42 33 39 28 1 14 33 26 10 28 -47 -39 41 12 28 33 18 -36 -47 24 37 -30 15 36 -18 6 28 25 -4 12 -17 32 3 -34 41 4 31 18 23 39 19 32 18 -20 35 -33 8 -27 15 -7 40 21 38 49 15 -3 33 -26 39 18 -10 14 10 -1 -9 -14 -3 -33 42 -44 10 -17 -2 -12 -25 15 14 13 -36 15 31 -47 46 -12 -33 37 48 -16 11 6 50 32 24 37 22 44 -28 -21 -46 46 -21 15 7 -7 -34 -23 18 -38 16 -7 -27 16 22 29 9 -6 34 -38 12 -7 -34 -32 -42 14 -20 6 -3 28 -50 -39 28 39 -15 -35 -30 42 -48 20 -43 41 -9 19 -30 29 -2 32 -2 ; 
23 54 72 76 7 98 73 12 49 85 10 84 30 33 67 82 5 89 48 34 7 95 7 62 92 24 16 12 50 26 68 54 81 81 60 17 69 85 81 85 39 9 35 94 93 15 6 90 3 84 20 26 37 24 98 22 80 16 63 25 99 39 51 8 20 6 33 78 89 69 87 7 9 90 1 25 31 8 47 36 84 12 44 58 87 63 83 84 72 45 98 37 12 42 80 31 41 8 91 12 67 13 26 67 97 94 61 8 48 29 95 43 16 63 69 5 57 63 36 9 32 43 84 97 18 46 9 48 42 25 24 78 93 2 88 20 8 98 88 94 54 91 45 19 98 21 61 9 16 54 36 52 36 3 69 84 11 72 84 27 23 48 93 26 43 36 68 47 31 68 48 43 61 43 86 68 50 2 98 96 74 95 15 90 79 21 43 81 18 87 68 3 34 8 8 11 70 37 26 47 48 ; 
L -3 1 15 -26 -42 -37 33 34 -28 -39 2 -20 6 40 2 25 -17 -42 -33 -34 41 -45 -40 -14 38 -15 30 -30 -28 20 -6 -39 -48 -4 3 22 -28 -6 47 50 -12 -12 -51 8 -39 32 3 -16 -38 45 16 -48 -47 -8 -49 -49 33 -8 -23 31 18 33 -35 20 -3 28 -36 -7 27 48 -5 -26 25 -12 -4 -3 -23 44 -28 -42 -39 38 -33 29 -35 -39 48 16 -12 29 23 24 42 -34 1 -10 -55 1 9 21 13 41 18 36 39 47 -28 -42 -46 -19 -33 -19 50 9 3 -47 24 7 -17 8 43 40 12 -39 33 -37 -44 -12 38 36 -2 -18 46 -7 -27 -25 42 32 10 -18 -20 29 14 33 26 10 14 -52 8 -14 15 50 -49 -38 46 -6 -9 -10 38 24 37 -15 34 -47 -2 -11 15 26 -31 -23 11 -41 -22 44 -18 15 31 46 21 -21 7 -7 -12 -43 -32 40 14 -54 53 -28 -42 19 18 34 -49 34 14 33 32 -2 ; 
0:46 0:96 0:42 0:6 0:90 0:222 0:176 0:112 0:134 0:160 0:30 0:74 0:196 0:72 0:18 0:80 0:38 0:14 0:116 0:142 0:168 0:92 0:22 0:34 0:48 0:40 0:50 0:104 0:112 0:262 0:122 0:82 0:238 0:64 0:68 0:6 0:48 0:72 0:40 0:106 0:162 0:206 0:94 0:60 0:38 0:94 0:126 0:178 0:96 0:52 0:50 0:108 0:172 0:118 0:120 0:138 0:34 0:248 0:24 0:48 0:196 0:66 0:182 0:16 0:34 0:148 0:40 0:102 0:72 0:236 0:104 0:166 0:202 0:158 0:86 0:16 0:168 0:32 0:108 0:108 0:34 0:196 0:62 0:116 0:76 0:78 0:44 0:182 0:166 0:70 0:220 0:168 0:188 0:108 0:62 0:114 0:16 0:16 0:68 0:58 0:220 0:80 0:36 0:160 0:88 0:40 0:16 0:58 0:184 0:186 0:50 0:96 0:68 0:24 0:148 0:14 0:18 0:72 0:102 0:110 0:34 0:50 0:70 0:14 0:62 0:30 0:132 0:226 0:30 0:164 0:68 0:72 0:94 0:36 0:52 0:74 0:90 0:136 0:130 0:126 0:34 0:194 0:152 0:50 0:198 0:78 0:162 0:98 0:156 0:144 0:36 0:4 0:92 0:122 0:18 0:86 0:20 0:20 0:78 0:162 0:78 0:108 0:26 0:88 0:134 0:64 0:216 0:86 0:152 0:130 0:114 0:86 0:10 0:26 0:40 0:40 0:4 0:126 0:104 0:4 0:266 0:22 0:174 0:70 0:158 0:84 0:146 0:50 0:44 0:70 0:116 0:128 0:166 0:82 0:10 0:180 0:28 0:196 0:202 0:94 0:96 ; 
L 45 -35 -32 9 9 20 3 -29 28 -40 33 38 14 -14 -32 -4 -36 45 46 4 -40 6 21 -30 44 17 21 4 9 -6 40 13 -20 23 7 22 10 -29 -11 25 -48 -45 -27 2 43 -35 -11 -1 29 -27 5 18 -50 -6 -36 18 26 46 -8 36 -41 -5 40 -47 -39 -47 -31 -35 1 -35 -26 15 35 13 47 14 31 -15 -41 -42 -27 31 31 -13 -10 -2 6 -16 -12 -36 -12 -34 -42 26 -33 10 -17 22 49 23 17 -50 43 -48 -13 -28 -35 15 -17 27 8 -17 1 22 5 5 38 -50 -26 -25 -14 31 26 -41 47 31 49 -43 8 10 -43 11 -7 -1 -12 -2 47 11 33 -23 -41 -6 7 -15 33 45 -41 -16 -45 49 15 16 1 44 -19 12 10 -11 -23 -11 40 17 35 18 -7 32 -30 43 -26 -28 47 37 31 48 -17 21 -5 -32 -17 -30 -22 -35 2 9 28 42 30 -23 -45 -2 -45 -30 18 -42 39 -18 -16 7 -33 -5 ; 
15 30 73 59 42 91 2 77 88 71 76 79 65 29 99 1 16 90 99 28 95 21 75 67 62 96 99 86 45 12 79 6 44 91 21 54 61 32 70 29 22 30 79 78 55 29 34 29 43 64 30 71 6 8 37 35 6 27 51 73 45 6 35 11 75 58 64 54 97 77 95 73 2 4 37 82 56 43 43 35 68 69 52 30 17 8 23 17 52 84 3 50 68 80 21 71 30 79 44 26 39 34 21 58 44 82 77 72 61 52 34 79 41 4 2 58 65 61 6 80 38 72 63 18 93 45 80 2 27 97 93 94 81 11 61 84 33 4 12 91 98 52 82 59 3 33 87 14 91 72 71 89 23 35 97 14 94 11 16 33 2 65 75 29 39 83 97 44 64 13 52 80 45 1 75 20 74 13 77 84 62 46 31 79 44 93 22 3 87 71 44 62 38 35 56 40 10 81 54 68 23 ; 
L 30 27 -29 36 -35 -12 19 3 32 -51 -27 31 20 -44 -1 -32 49 5 37 31 48 -17 12 -31 14 45 55 -35 28 5 38 49 -40 33 -45 -26 32 -17 -9 32 9 -6 40 13 -20 23 -48 47 14 47 -35 16 31 41 -27 2 -25 -45 18 47 21 35 -15 1 31 18 -50 17 -6 28 26 50 -43 12 36 -4 -17 49 -2 22 10 -29 -11 -23 2 47 -45 -52 8 -46 15 7 -18 -21 -6 -30 43 -16 -26 -18 11 -53 -1 35 31 47 39 47 -41 -5 -35 40 30 -14 46 4 22 5 -17 10 -43 -17 -23 -41 -33 4 -45 28 -36 45 31 28 15 -35 -1 26 30 9 -9 -44 -11 -15 -41 -10 15 -35 -38 22 -7 42 29 43 -14 2 7 54 23 11 50 30 25 6 36 -40 -33 43 -5 8 42 -26 10 13 -16 48 -40 11 13 -8 -27 2 -17 -23 -17 -22 18 -39 42 -11 -45 -10 33 42 34 -6 -7 -12 -7 13 -33 -5 ; 
0:42 0:88 0:128 0:52 0:52 0:144 0:28 0:22 0:248 0:128 0:30 0:138 0:102 0:176 0:70 0:164 0:164 0:40 0:30 0:90 0:2 0:150 0:124 0:40 0:104 0:200 0:90 0:34 0:210 0:192 0:130 0:116 0:178 0:152 0:14 0:106 0:32 0:208 0:324 0:62 0:68 0:24 0:158 0:12 0:88 0:182 0:26 0:108 0:164 0:98 0:134 0:70 0:172 0:206 0:88 0:156 0:80 0:28 0:148 0:232 0:88 0:52 0:138 0:118 0:20 0:172 0:12 0:36 0:144 0:184 0:26 0:58 0:156 0:124 0:6 0:158 0:170 0:166 0:90 0:86 0:122 0:64 0:140 0:56 0:130 0:84 0:48 0:146 0:86 0:102 0:168 0:96 0:78 0:12 0:150 0:86 0:68 0:64 0:256 0:82 0:56 0:4 0:118 0:194 0:108 0:128 0:116 0:150 0:52 0:12 0:158 0:30 0:68 0:168 0:40 0:56 0:130 0:102 0:200 0:236 0:186 0:32 0:94 0:196 0:26 0:22 0:92 0:88 0:78 0:180 0:54 0:46 0:110 0:22 0:78 0:38 0:16 0:116 0:60 0:128 0:76 0:102 0:86 0:58 0:30 0:96 0:96 0:226 0:58 0:86 0:156 0:52 0:74 0:96 0:192 0:142 0:222 0:32 0:16 0:36 0:8 0:108 0:158 0:60 0:192 0:60 0:132 0:70 0:132 0:30 0:88 0:34 0:78 0:160 0:210 0:4 0:194 0:32 0:68 0:104 0:96 0:78 0:68 0:122 0:174 0:74 0:112 0:82 0:44 0:68 0:142 0:76 0:136 0:112 0:48 0:54 0:78 0:82 0:178 0:136 0:46 ; 
L 33 -36 30 -50 -30 20 -27 17 -4 -45 -28 28 41 -29 -3 -15 -4 -38 -20 42 -44 40 -17 9 -6 -5 14 40 -26 30 37 7 45 -11 7 -14 24 -10 -30 -28 11 -45 45 3 -32 38 2 -7 47 40 9 27 -11 -26 -5 -35 50 33 -19 -6 3 -50 9 39 41 23 -40 32 50 8 35 14 -14 -22 -30 -26 -11 -23 -17 -25 -13 -15 -41 -32 11 -30 -13 -31 30 10 14 12 45 -27 -6 21 -46 -36 33 -47 17 44 13 -6 6 -7 6 10 -9 -20 -12 48 -2 -28 48 43 38 22 14 -23 -22 3 -33 50 37 -4 -41 45 -14 46 -20 40 -42 43 -11 13 -50 -2 33 -46 7 -45 -12 21 23 -43 26 16 -26 -48 -38 -16 17 -24 34 37 21 -20 35 -22 35 24 34 -10 7 14 -12 8 -43 43 35 -47 47 47 -44 -25 36 23 -6 39 41 -23 -38 37 -47 -30 -47 -6 2 24 -15 -21 13 22 50 22 -38 12 15 -20 ; 
50 54 67 2 28 46 72 26 38 97 47 56 33 25 99 34 71 55 14 19 24 34 15 86 5 74 49 81 36 99 16 4 83 11 20 69 51 1 97 67 20 84 13 40 89 79 68 69 49 54 2 57 88 44 57 55 49 89 7 11 29 5 34 74 70 34 80 46 35 66 62 40 49 98 4 84 75 87 94 40 27 99 70 22 60 25 68 55 72 42 58 20 16 44 57 81 4 31 48 20 76 39 35 18 64 78 39 87 66 22 15 24 90 21 57 18 48 93 30 36 94 92 61 74 57 13 51 23 66 4 68 77 58 34 25 62 87 26 27 52 22 86 30 8 26 45 96 39 91 71 46 47 49 65 65 49 31 41 23 14 91 95 76 25 26 4 85 56 26 9 99 39 100 34 29 96 76 95 37 89 97 54 42 13 23 42 28 61 79 63 56 39 39 22 73 9 52 78 33 11 51 ; 
L 30 -34 24 -43 42 4 -37 11 -42 17 -30 45 -27 48 -21 -24 -35 23 41 -40 20 -40 12 20 -45 47 21 15 -2 6 6 -33 -38 -6 -7 -48 54 30 -20 47 -10 -6 -14 10 -14 -40 22 50 52 -51 47 -35 50 20 -27 17 47 -9 39 41 28 -4 -53 26 15 47 -37 46 11 28 7 -13 -26 -11 -22 -22 6 8 -9 26 -13 35 55 -43 43 27 -45 -14 41 39 41 37 28 47 40 -7 31 13 30 14 -5 14 40 -26 -50 -12 -29 3 -8 -12 -22 -2 45 35 7 -30 -44 -17 30 -19 6 4 15 6 13 -50 11 22 -33 38 12 -14 3 -43 9 -45 -37 46 -30 10 -26 33 -36 -23 -6 22 23 50 -14 13 -32 11 -30 9 -24 -3 46 -17 -38 47 -33 -25 -43 -11 -33 2 -3 21 34 20 -2 7 45 -5 44 36 -38 50 7 16 25 23 28 41 21 -50 -32 44 35 10 -23 -12 23 32 -14 16 36 -38 15 -20 ; 
0:82 0:48 0:130 0:76 0:68 0:96 0:26 0:16 0:56 0:126 0:46 0:118 0:88 0:12 0:220 0:172 0:190 0:358 0:126 0:122 0:154 0:266 0:54 0:30 0:46 0:28 0:202 0:78 0:152 0:158 0:138 0:112 0:230 0:38 0:72 0:138 0:20 0:124 0:150 0:202 0:98 0:174 0:68 0:96 0:14 0:32 0:96 0:146 0:20 0:150 0:44 0:106 0:98 0:64 0:144 0:52 0:194 0:18 0:170 0:194 0:20 0:148 0:284 0:124 0:132 0:120 0:46 0:220 0:112 0:68 0:84 0:56 0:192 0:150 0:56 0:68 0:78 0:46 0:48 0:100 0:116 0:66 0:58 0:218 0:18 0:118 0:58 0:32 0:42 0:94 0:140 0:98 0:90 0:36 0:108 0:70 0:4 0:110 0:136 0:4 0:148 0:98 0:162 0:72 0:162 0:54 0:24 0:198 0:34 0:20 0:90 0:6 0:104 0:68 0:22 0:16 0:46 0:78 0:16 0:80 0:112 0:52 0:142 0:32 0:128 0:174 0:18 0:238 0:84 0:98 0:100 0:170 0:104 0:6 0:66 0:122 0:26 0:24 0:248 0:88 0:94 0:92 0:108 0:104 0:154 0:26 0:30 0:8 0:112 0:308 0:38 0:120 0:62 0:74 0:108 0:42 0:196 0:86 0:132 0:50 0:40 0:134 0:64 0:44 0:122 0:54 0:194 0:198 0:48 0:40 0:42 0:104 0:118 0:120 0:90 0:104 0:110 0:18 0:32 0:146 0:122 0:202 0:252 0:66 0:42 0:128 0:70 0:150 0:6 0:32 0:154 0:94 0:70 0:204 0:244 0:116 0:208 0:182 0:26 0:22 0:102 ; 
L 14 15 21 39 31 20 -31 -32 10 -15 -42 19 -32 -27 47 -21 23 26 -49 -25 1 28 37 -6 35 14 42 26 -13 33 4 -10 -36 -3 3 -13 -34 40 -14 -11 48 34 26 -40 16 -9 -18 5 -8 -37 -31 5 -41 20 3 -1 44 -30 46 12 13 17 -6 14 1 -49 -48 -6 -10 -46 2 50 -33 -43 30 45 9 27 22 31 -18 6 32 -45 -15 -14 -22 50 50 -37 41 -46 -2 -3 -46 36 15 38 9 -1 8 30 33 -23 9 -37 -25 11 -32 -28 -12 -35 -45 -6 1 -46 23 24 6 -3 40 -25 -42 37 25 -18 37 13 -39 44 -1 8 -9 3 -45 38 9 46 29 -33 -31 24 -41 7 17 30 -45 -42 -4 28 -11 17 8 46 4 -26 45 -45 -29 23 38 -4 31 35 -6 50 28 -23 11 17 37 5 -33 34 -10 10 -47 39 19 -6 40 41 -40 -39 -1 33 44 12 32 -36 15 -36 23 -11 -9 43 -32 -22 -39 36 ; 
47 22 12 78 48 91 44 38 99 66 17 61 47 49 92 68 90 95 85 66 66 8 50 93 38 41 8 66 95 10 13 92 7 52 9 83 81 84 73 7 37 67 81 18 37 16 43 63 15 37 11 55 72 81 89 56 21 29 22 78 79 77 8 38 80 48 39 88 29 4 8 99 71 49 13 64 52 43 49 51 79 10 70 1 1 48 60 12 78 74 31 24 65 67 50 73 13 99 15 66 59 20 93 60 56 14 42 83 78 100 33 50 24 41 58 53 52 46 50 39 40 98 83 14 82 79 7 7 59 3 61 18 22 76 98 53 74 67 13 58 35 55 71 43 67 19 33 64 24 46 35 85 46 96 69 59 82 45 5 82 35 55 25 29 67 45 48 69 25 55 22 85 34 29 83 90 82 19 93 49 100 78 26 67 20 97 33 28 21 59 78 94 16 67 29 86 55 66 56 59 87 ; 
L 14 31 39 9 4 -10 -42 -13 -31 32 12 -6 1 -46 23 6 -3 5 37 -6 35 -42 -54 -1 8 -9 3 -45 3 35 32 -19 42 -22 -32 6 9 -16 40 -34 -48 15 23 -10 -46 2 -33 -36 -33 1 37 -26 -21 23 11 1 -44 5 -26 40 -25 52 -12 -14 -42 -17 -33 47 -43 49 41 -24 31 -32 41 -46 32 -29 -46 28 -46 44 -3 8 1 -6 -15 11 33 40 -4 -39 19 -31 31 -37 9 27 -23 9 -9 -38 -40 -45 50 47 -35 3 36 10 -18 50 2 28 -23 -21 36 -25 11 51 28 -30 1 -37 37 48 46 38 -4 -20 22 40 -14 -10 26 -10 17 8 46 -32 34 13 22 14 14 17 -18 45 11 -28 -1 11 -15 -25 -27 -6 -13 -41 49 5 33 25 -18 37 13 -39 7 -45 -55 -45 -36 15 9 -29 -37 -38 -23 -15 31 53 12 34 -30 -17 -39 -6 4 -45 -6 -3 20 41 -45 43 33 -50 44 -30 -39 36 ; 
0:94 0:16 0:28 0:108 0:124 0:146 0:90 0:26 0:148 0:92 0:46 0:34 0:116 0:106 0:104 0:148 0:78 0:108 0:104 0:186 0:76 0:190 0:48 0:256 0:36 0:44 0:152 0:196 0:46 0:168 0:48 0:94 0:122 0:106 0:234 0:118 0:154 0:32 0:74 0:138 0:134 0:136 0:40 0:54 0:8 0:16 0:196 0:248 0:20 0:194 0:34 0:154 0:228 0:180 0:284 0:272 0:26 0:144 0:12 0:164 0:142 0:152 0:28 0:110 0:170 0:106 0:26 0:74 0:142 0:52 0:116 0:142 0:110 0:32 0:40 0:76 0:148 0:188 0:26 0:80 0:134 0:192 0:46 0:132 0:158 0:104 0:56 0:190 0:30 0:128 0:90 0:96 0:238 0:134 0:64 0:124 0:190 0:86 0:104 0:112 0:66 0:30 0:194 0:98 0:34 0:354 0:54 0:138 0:104 0:14 0:208 0:16 0:48 0:58 0:138 0:16 0:16 0:148 0:58 0:94 0:30 0:86 0:96 0:94 0:162 0:114 0:148 0:156 0:52 0:116 0:92 0:180 0:146 0:50 0:222 0:210 0:160 0:92 0:192 0:112 0:120 0:162 0:140 0:120 0:104 0:144 0:114 0:66 0:14 0:232 0:16 0:44 0:134 0:32 0:120 0:188 0:22 0:30 0:80 0:48 0:50 0:68 0:158 0:14 0:14 0:118 0:42 0:110 0:280 0:162 0:364 0:156 0:112 0:106 0:62 0:46 0:70 0:50 0:30 0:86 0:64 0:14 0:232 0:38 0:120 0:38 0:24 0:118 0:48 0:56 0:62 0:138 0:66 0:118 0:98 0:142 0:98 0:58 0:96 0:118 0:174 ; 
L -37 -35 -16 -4 -1 -34 37 37 16 -14 36 14 12 -37 -3 -37 -9 22 43 17 -17 -10 -42 -4 -32 -2 26 -3 -30 -13 38 18 -28 -45 15 13 -18 27 -30 -13 35 -29 36 -42 30 5 -22 -27 31 25 42 11 15 48 23 -11 21 8 15 16 18 7 -13 -37 34 2 2 47 -13 -35 -48 45 -43 35 38 -30 36 -33 -15 -45 46 24 -18 37 39 -3 11 1 -47 -15 19 17 -13 -39 4 -43 -48 26 -13 47 -4 -38 -22 15 -6 32 -1 19 -13 50 -47 -10 -29 -45 21 -2 -26 -2 -15 50 46 -23 -42 -32 29 -50 -36 -26 -40 -10 14 19 -35 17 46 20 6 49 -1 -12 -28 39 -13 14 -36 3 -4 -30 -27 -6 -28 -48 -47 38 -7 19 -43 -22 1 7 18 -15 -19 -8 -29 -23 -23 -15 46 -42 3 22 -9 20 27 4 -20 22 41 13 44 9 44 -49 -47 45 -20 -12 -32 46 -50 6 -28 28 -39 -43 -31 40 -40 11 ; 
5 5 19 82 24 46 30 11 20 26 18 71 63 66 66 8 51 79 64 71 2 69 52 45 100 68 27 33 34 25 41 41 19 30 89 59 65 96 7 53 21 28 3 16 20 74 36 23 31 79 33 46 62 4 11 53 73 29 14 5 22 72 39 49 98 57 21 56 42 84 55 14 72 81 46 46 84 64 27 52 2 54 100 71 45 2 98 80 14 25 17 26 23 41 21 16 83 80 21 52 60 13 59 68 24 40 89 23 28 16 49 36 61 74 9 37 79 2 77 40 17 34 96 52 79 76 60 94 5 51 92 39 32 10 34 4 61 90 95 1 45 44 71 43 57 1 19 13 97 77 39 23 3 36 9 65 57 80 22 22 51 24 43 20 1 58 17 71 92 12 3 46 52 6 50 47 4 75 6 100 23 65 53 88 73 77 44 79 58 37 78 98 36 94 87 39 48 53 27 1 86 ; 
L 44 -42 -47 -27 -3 4 -29 45 -35 -45 -16 -46 -50 7 -13 -37 34 -40 32 -39 4 -43 -48 -15 -11 -43 -33 -15 -6 -42 -51 -21 11 52 3 -39 22 43 -15 -16 -28 -22 43 37 3 -26 -9 29 47 -4 4 31 -36 -22 48 -16 -9 -44 -13 32 -31 27 14 12 47 17 -15 35 -23 46 35 -29 -17 10 -29 -45 -6 20 -4 18 -28 -50 -13 2 -50 20 18 -13 42 20 13 23 8 -13 -3 -23 -38 -22 15 -49 2 55 -17 -10 22 41 35 -14 37 36 21 -2 -2 22 -15 -8 30 5 -46 -7 -12 -1 -15 45 -10 -19 -48 30 18 -6 32 -36 -48 -25 -36 -26 -40 46 20 -30 -27 -50 13 -19 -53 -47 34 1 35 -18 -18 -26 -32 17 -49 -37 -30 -2 14 -1 -12 19 24 38 -39 28 -23 -6 -37 -37 -54 47 -4 15 -37 1 42 -45 -36 26 -28 -28 -47 13 -42 -14 -7 38 -3 -30 -13 39 -38 1 43 19 13 -11 -40 11 ; 
0:4 0:88 0:12 0:74 0:30 0:0 0:258 0:94 0:104 0:98 0:50 0:62 0:34 0:154 0:78 0:98 0:196 0:88 0:180 0:148 0:42 0:32 0:166 0:198 0:124 0:142 0:136 0:54 0:78 0:44 0:26 0:170 0:146 0:220 0:102 0:4 0:28 0:128 0:244 0:32 0:90 0:86 0:34 0:184 0:16 0:140 0:38 0:256 0:128 0:58 0:108 0:152 0:88 0:136 0:14 0:62 0:82 0:130 0:46 0:74 0:252 0:62 0:92 0:126 0:72 0:68 0:82 0:120 0:66 0:40 0:20 0:56 0:122 0:102 0:82 0:148 0:6 0:20 0:170 0:20 0:38 0:86 0:34 0:34 0:10 0:146 0:18 0:232 0:56 0:108 0:94 0:26 0:104 0:46 0:98 0:22 0:52 0:118 0:136 0:148 0:76 0:84 0:60 0:138 0:146 0:12 0:104 0:76 0:148 0:12 0:58 0:74 0:242 0:114 0:76 0:28 0:168 0:148 0:14 0:16 0:164 0:230 0:90 0:178 0:52 0:176 0:78 0:140 0:80 0:120 0:80 0:68 0:38 0:56 0:58 0:188 0:10 0:68 0:8 0:50 0:194 0:102 0:32 0:56 0:164 0:86 0:156 0:92 0:106 0:106 0:142 0:206 0:32 0:142 0:150 0:128 0:52 0:150 0:30 0:60 0:2 0:68 0:60 0:84 0:208 0:88 0:114 0:146 0:98 0:22 0:18 0:56 0:8 0:118 0:64 0:70 0:30 0:138 0:80 0:58 0:198 0:116 0:116 0:104 0:264 0:76 0:194 0:26 0:42 0:68 0:50 0:70 0:84 0:44 0:50 0:24 0:86 0:154 0:228 0:2 0:172 ; 
L 10 -35 -6 50 30 15 -50 -32 21 -11 7 -6 25 33 5 -1 6 17 46 -5 34 -39 -49 -10 10 -3 50 19 16 -28 -26 -10 -1 4 15 -18 -28 40 20 24 22 -17 -28 33 -11 29 44 -29 -27 -32 22 -1 -21 -40 -38 -4 -40 -7 8 43 -32 -40 50 -22 16 -37 -30 -46 10 42 -43 -22 43 28 4 49 -33 -28 16 9 49 -46 -48 4 25 10 50 26 41 -21 49 47 -22 13 35 -5 -26 -1 -41 -20 -13 35 26 -40 -23 -9 17 7 29 -10 -12 -10 -12 40 -18 8 40 38 15 50 41 23 27 -47 23 5 -17 26 -19 -29 -31 1 11 -22 29 -49 42 -24 -3 28 -36 10 -49 -50 27 12 48 -28 50 1 4 -31 -5 2 -7 29 -13 -50 8 50 30 -8 38 -4 -18 -26 -14 3 26 33 21 7 -18 -33 -12 -43 -18 17 19 -23 -45 11 -46 41 -50 -29 -34 -39 30 25 13 -25 -44 -2 36 -26 9 -50 13 6 ; 
37 28 19 36 33 30 2 82 99 89 25 57 67 39 75 27 91 83 20 3 68 74 19 19 35 61 49 54 26 30 68 54 7 63 56 68 24 52 90 46 81 52 50 60 60 83 49 85 62 37 82 10 16 21 22 59 63 66 97 53 57 25 91 45 22 8 1 62 54 54 65 86 62 32 18 28 68 11 92 24 38 89 93 21 38 73 15 28 29 22 94 64 81 6 63 38 30 72 69 14 85 35 22 53 43 20 12 23 5 4 46 31 63 59 49 91 48 50 86 36 45 84 81 40 76 51 83 1 65 43 15 20 78 72 17 12 39 95 63 96 81 22 81 72 54 92 90 86 2 45 43 28 11 48 19 78 97 83 89 20 9 93 13 63 57 26 86 47 50 54 79 80 24 92 83 80 55 52 74 83 42 11 13 92 38 33 41 57 96 83 61 10 91 54 96 31 97 18 96 26 9 ; 
L 10 -35 26 -7 45 23 -19 -17 51 -31 -50 6 49 39 7 21 50 50 29 -16 -41 50 19 21 7 44 22 29 6 17 18 1 41 -43 -49 21 -8 54 34 -40 1 10 26 32 26 13 -29 50 3 -27 50 9 32 18 -36 2 -12 47 -15 -30 52 8 28 -18 17 50 11 13 46 -49 8 -4 -1 48 2 -12 28 -23 47 -25 16 55 4 -38 10 -5 11 9 4 -26 -26 46 29 -6 40 -32 -1 -21 -40 35 26 27 -43 11 -15 33 -49 10 -33 30 37 -16 22 -50 40 4 38 28 10 -3 -33 -12 13 20 -18 49 5 -3 14 -40 24 25 33 5 -18 -50 48 -42 33 -10 -22 29 -10 -38 7 -27 41 -12 40 28 17 7 40 -26 -20 44 -43 -41 46 42 -35 4 29 -26 -50 28 9 -39 -49 -25 -1 29 -23 -43 22 10 19 24 11 -34 1 -50 -15 -5 22 -28 -46 4 -53 -13 -30 -10 36 25 -8 50 -23 -30 13 6 ; 
0:74 0:56 0:226 0:134 0:114 0:84 0:166 0:148 0:88 0:74 0:74 0:72 0:60 0:282 0:120 0:212 0:86 0:116 0:46 0:20 0:194 0:138 0:108 0:28 0:160 0:40 0:62 0:164 0:226 0:166 0:74 0:16 0:62 0:110 0:48 0:188 0:24 0:60 0:140 0:78 0:62 0:14 0:108 0:72 0:184 0:50 0:194 0:164 0:200 0:134 0:108 0:90 0:132 0:214 0:58 0:192 0:104 0:158 0:120 0:60 0:70 0:112 0:42 0:50 0:120 0:114 0:40 0:140 0:112 0:178 0:106 0:78 0:86 0:32 0:132 0:8 0:128 0:118 0:72 0:56 0:180 0:104 0:62 0:126 0:66 0:42 0:190 0:148 0:400 0:56 0:66 0:68 0:70 0:90 0:24 0:46 0:170 0:32 0:182 0:72 0:44 0:78 0:146 0:100 0:44 0:18 0:168 0:74 0:72 0:58 0:2 0:16 0:44 0:90 0:182 0:38 0:118 0:64 0:114 0:122 0:24 0:166 0:134 0:170 0:74 0:52 0:76 0:28 0:94 0:110 0:24 0:110 0:78 0:150 0:166 0:132 0:76 0:94 0:118 0:56 0:140 0:34 0:6 0:90 0:178 0:206 0:162 0:192 0:88 0:124 0:28 0:46 0:88 0:116 0:166 0:180 0:222 0:34 0:184 0:72 0:124 0:82 0:112 0:138 0:56 0:42 0:72 0:14 0:38 0:142 0:94 0:14 0:100 0:146 0:124 0:94 0:78 0:102 0:290 0:170 0:174 0:64 0:124 0:134 0:90 0:182 0:186 0:56 0:192 0:34 0:66 0:72 0:44 0:70 0:30 0:126 0:90 0:110 0:94 0:52 0:18 ; 
L -21 4 11 -10 -6 -50 6 45 -7 -33 -8 28 43 47 -34 -1 41 -2 9 -32 16 14 -28 13 -6 -36 -14 -15 16 19 27 32 5 -15 -14 31 42 26 3 -40 33 39 36 44 6 14 -17 -11 -24 15 17 47 -12 50 42 -20 -38 32 3 35 4 27 50 -13 -38 -3 47 -10 20 34 -30 -8 31 -3 24 30 -43 47 33 -46 -21 -2 -42 -14 45 -5 23 -41 12 -22 3 -13 27 21 -25 -24 45 -16 30 39 -29 -9 46 27 7 -37 -47 -1 22 18 7 -2 1 -5 2 -36 32 32 -37 27 50 -6 4 13 -15 6 -22 41 36 -36 -48 -13 -30 4 29 5 12 26 -8 27 -15 8 26 38 46 23 -40 43 -37 -3 38 13 9 -9 -24 38 13 17 22 -7 47 3 13 34 -36 -17 -2 -14 8 -46 14 -6 -37 24 15 46 4 -2 15 18 -9 -2 -25 48 -11 -50 -27 -23 -40 -34 -35 -49 -7 34 32 -9 13 27 -24 -21 ; 
29 27 11 3 74 45 30 4 60 35 52 68 92 77 55 75 98 17 32 36 30 70 9 49 44 63 57 16 21 78 94 66 97 64 72 27 46 83 6 28 62 100 57 56 2 90 48 23 70 12 3 47 3 68 34 34 92 65 95 90 23 81 89 52 71 29 4 57 96 56 14 25 50 34 93 56 15 82 31 75 22 37 69 57 35 77 75 44 69 83 50 30 5 92 55 78 86 32 2 100 25 36 88 43 14 80 47 25 94 55 76 71 72 1 15 17 35 83 72 21 92 18 24 71 58 78 11 7 36 13 23 29 90 52 27 42 4 14 7 38 68 93 28 39 71 92 42 5 15 61 55 41 54 77 48 39 99 54 9 63 29 28 95 67 42 17 59 32 77 38 50 36 56 54 62 59 94 45 90 39 75 86 26 64 95 93 50 82 9 43 22 18 84 84 60 19 13 4 42 61 18 ; 
L -17 16 -45 -38 23 -49 29 5 34 42 -14 12 35 25 -21 -29 -9 38 13 -42 -48 -18 -24 -40 11 -10 -6 -35 48 -33 36 -36 52 -22 -2 -32 -47 -17 -22 -8 -44 -15 -27 -36 -27 -27 -19 -31 -15 -3 -27 38 13 4 -47 28 12 -6 15 8 -46 14 32 5 -2 -39 -41 -34 -50 -37 15 -37 -30 -36 39 13 6 -36 -14 47 -43 14 20 33 -6 -14 45 -5 -4 -46 -3 24 -8 15 1 3 15 -2 47 5 -7 -27 22 -6 30 -34 -20 50 -4 30 4 -55 -31 8 4 -3 -32 21 23 -41 -27 8 30 -26 -16 51 -38 1 10 -47 -40 -11 46 -34 25 9 26 46 -17 53 3 -13 28 -14 -16 32 -9 2 2 -24 -50 -13 -22 -43 -3 -17 6 42 2 21 46 -33 9 -27 37 -23 7 -15 -14 -38 -13 -43 50 -13 -40 11 -7 -50 36 37 12 26 -13 -2 1 3 -6 -7 34 32 -9 32 18 -9 -54 7 -13 41 -24 -21 ; 
0:46 0:94 0:64 0:300 0:54 0:30 0:46 0:84 0:52 0:48 0:40 0:208 0:100 0:174 0:110 0:12 0:72 0:86 0:100 0:226 0:222 0:176 0:52 0:42 0:14 0:6 0:148 0:86 0:40 0:34 0:58 0:26 0:208 0:134 0:140 0:142 0:30 0:94 0:30 0:84 0:152 0:124 0:50 0:48 0:132 0:110 0:188 0:150 0:30 0:24 0:150 0:182 0:182 0:134 0:70 0:58 0:206 0:52 0:38 0:72 0:76 0:100 0:96 0:194 0:76 0:148 0:32 0:270 0:90 0:66 0:54 0:88 0:102 0:190 0:62 0:76 0:126 0:74 0:114 0:44 0:22 0:216 0:62 0:64 0:82 0:62 0:70 0:154 0:88 0:188 0:92 0:186 0:130 0:40 0:208 0:96 0:130 0:120 0:12 0:30 0:86 0:28 0:128 0:22 0:114 0:28 0:112 0:72 0:134 0:104 0:206 0:198 0:26 0:100 0:46 0:294 0:190 0:56 0:42 0:88 0:148 0:76 0:50 0:168 0:74 0:162 0:90 0:208 0:126 0:114 0:162 0:196 0:84 0:18 0:30 0:126 0:8 0:168 0:78 0:48 0:42 0:62 0:98 0:18 0:140 0:60 0:72 0:12 0:30 0:4 0:180 0:8 0:104 0:24 0:90 0:58 0:180 0:78 0:138 0:74 0:44 0:150 0:166 0:202 0:42 0:80 0:134 0:86 0:144 0:50 0:166 0:240 0:230 0:104 0:160 0:122 0:50 0:150 0:50 0:148 0:22 0:28 0:114 0:20 0:36 0:116 0:36 0:36 0:168 0:120 0:38 0:28 0:344 0:150 0:48 0:162 0:120 0:26 0:4 0:122 0:36 ; 
