L -102 -76 87 138 -144 -65 82 -144 117 120 41 17 -39 57 -39 -68 -112 -49 -121 -50 -32 93 -2 -76 108 128 85 -47 85 12 40 124 44 -98 -12 56 142 105 66 -113 31 -148 82 26 -28 47 35 56 -34 -148 108 -53 78 -109 113 -7 -92 -142 29 131 -42 103 66 -86 -21 -116 -73 -48 100 69 -104 -37 -46 143 129 -59 -139 140 -120 29 9 -124 4 -7 -3 118 -40 -70 -97 -60 27 -96 31 35 20 56 51 -115 107 68 4 85 16 -146 145 -125 -41 -99 -60 39 99 139 -118 9 -142 8 -132 -50 -75 -42 28 148 95 -72 -104 -48 -88 -34 30 68 11 -120 138 90 53 80 -89 8 -127 -72 105 -93 100 4 -14 148 -7 43 80 -63 98 -116 -52 -62 136 106 110 132 -142 -28 -131 91 11 -117 -144 21 -76 85 13 -93 -77 2 72 143 131 -132 89 6 26 70 32 149 -19 85 70 54 -136 -41 -109 -92 11 -73 11 -92 -69 33 -52 -64 -148 9 ; 
32 40 76 83 12 31 34 15 50 24 91 63 76 51 55 24 44 30 13 79 18 23 92 13 69 58 13 63 16 78 51 48 45 52 100 99 83 68 69 32 27 53 58 20 81 90 53 58 93 68 13 25 23 67 44 80 81 44 94 88 46 64 46 58 3 37 47 22 88 95 81 9 49 98 96 93 88 85 23 84 90 34 13 23 1 13 35 96 98 75 100 45 86 30 3 82 87 54 43 35 7 86 83 99 29 96 53 98 97 33 40 45 30 76 25 31 27 43 11 47 100 12 90 79 86 60 90 93 82 98 31 30 31 59 98 94 59 85 15 31 34 32 20 15 17 18 16 91 3 78 91 68 57 25 24 32 59 33 24 8 2 43 22 56 81 38 70 71 14 63 48 40 54 6 9 68 94 43 73 80 18 26 48 33 90 29 77 56 19 19 39 16 59 35 41 43 71 72 69 46 16 ; 
L 153 136 -144 -31 113 -66 -106 48 -66 -103 -168 -142 138 -131 -75 -42 28 -40 68 -112 120 145 146 -118 33 4 -12 107 -51 -26 -118 -110 -2 -98 171 -39 -169 -41 93 -13 76 99 102 -19 -144 -35 -167 115 -26 85 -116 -11 8 -11 -31 96 -27 60 160 -132 -117 72 56 -125 60 -174 -124 53 80 -89 -68 97 156 -165 142 -132 44 -91 70 98 154 -85 -164 93 -2 -163 92 -138 120 14 -30 -43 7 -34 -28 47 -151 166 88 65 173 -129 63 -56 -149 93 -105 -142 21 157 113 -7 162 142 11 -73 109 -59 86 87 8 39 -57 -17 49 54 29 121 -40 42 143 -72 148 -152 16 -64 -41 -4 -92 -148 -11 -124 6 -99 -4 -89 34 85 62 132 -9 -52 3 7 109 -170 41 136 29 150 128 -32 -70 -35 172 -139 -76 108 -20 -53 32 -73 -48 -105 -155 92 -127 -72 104 143 70 148 -56 12 -158 131 46 37 -100 82 117 -161 21 -139 140 -120 76 -159 -148 9 ; 
5:19 9:33 28:110 30:116 11:43 13:51 27:105 16:62 10:40 19:73 20:80 32:128 22:88 15:57 11:41 19:75 40:160 14:56 6:20 9:33 6:20 48:192 19:75 22:86 8:28 54:212 9:35 26:102 24:94 52:208 20:76 40:156 34:132 33:129 6:20 26:100 15:57 8:28 34:132 26:100 28:110 8:30 22:84 20:76 12:46 10:36 16:60 1:3 36:142 25:97 29:113 26:102 64:252 8:30 29:115 35:137 18:72 40:160 29:115 4:14 9:35 32:128 18:72 69:275 30:116 28:110 22:88 10:36 38:150 24:94 32:124 38:150 23:89 33:129 4:16 10:38 18:70 4:14 17:65 12:46 10:36 38:150 22:88 22:84 37:147 6:24 18:72 31:123 13:49 15:57 23:91 28:110 37:145 36:142 7:27 36:144 20:76 47:185 34:134 36:140 29:113 8:30 70:280 22:86 25:99 45:179 13:51 14:56 14:56 16:60 15:59 32:128 22:88 18:70 8:28 7:25 26:102 44:174 6:20 44:176 24:94 15:57 22:88 20:76 44:176 3:11 47:185 20:76 7:27 58:228 37:145 15:59 22:86 34:132 2:8 28:108 37:147 14:52 4:16 18:68 5:19 19:73 11:41 19:75 22:84 12:48 38:152 10:36 30:116 4:16 10:38 13:51 20:76 1:1 36:140 19:75 10:40 23:89 17:65 5:17 30:116 19:75 8:28 28:110 25:97 16:64 13:51 24:94 30:116 14:52 12:48 45:179 9:35 9:35 8:32 20:78 13:49 13:49 39:155 12:48 27:105 3:9 42:168 40:158 26:104 32:126 22:84 20:78 10:40 30:116 6:24 3:9 38:150 32:124 34:136 10:36 14:52 13:51 17:67 19:73 7:25 ; 
L 99 -124 77 -120 104 16 -100 -113 47 -11 43 -48 -144 -10 -66 89 4 -65 34 63 14 20 -9 38 91 65 -73 -77 -36 135 70 126 -141 143 -143 26 -21 -108 132 42 114 43 -110 -51 -88 13 43 -56 -113 -87 47 41 -60 -27 -49 -81 65 -46 31 144 -21 18 12 -11 60 106 40 132 18 98 -82 62 106 35 7 -25 -63 7 -129 -144 57 -50 3 90 -3 26 -21 -38 6 5 86 -47 -19 -114 -91 -3 60 -143 -131 -46 128 -110 -108 -150 111 -103 45 66 56 20 -25 -38 42 2 49 40 -34 -140 42 -126 -62 10 63 -92 -127 -33 63 48 -119 48 131 127 54 50 82 -66 -59 -64 -109 150 -135 11 -119 12 -22 101 -117 -61 19 -38 46 -141 119 -72 -19 64 21 -47 17 63 77 -104 54 -137 -20 84 -3 -138 -51 89 -129 -32 -53 34 -141 16 144 -32 25 38 116 77 126 -75 -111 -26 -85 103 45 79 -9 -96 121 -57 -3 -60 -60 76 -68 -63 ; 
14 64 36 67 51 12 1 95 7 95 30 99 98 45 36 2 84 6 69 3 14 91 3 88 94 79 45 43 38 6 91 97 22 95 5 26 22 74 59 49 34 53 16 8 18 63 22 9 95 91 44 27 53 22 46 51 42 20 58 40 98 89 93 12 53 18 4 16 63 26 3 56 9 51 68 34 22 91 60 17 58 45 92 32 86 27 100 46 36 67 44 61 71 21 44 31 86 30 93 93 70 78 77 63 34 78 67 75 79 27 87 66 23 38 8 78 2 97 72 1 89 41 15 26 35 11 64 5 84 34 20 78 97 19 45 22 45 49 80 88 54 1 60 4 20 6 44 60 22 56 1 81 44 50 53 52 68 94 15 30 24 21 18 22 6 99 15 53 53 32 60 63 34 45 78 57 29 40 84 100 88 85 4 44 69 66 18 16 26 80 19 82 24 67 3 36 98 25 11 32 33 ; 
L -152 158 77 -20 2 173 49 40 -34 -43 -41 -47 -66 108 110 -48 -113 106 144 -66 50 82 100 -114 154 -91 -3 -62 126 43 -26 -64 -11 60 -25 -89 -165 19 60 -77 -168 -99 -167 -20 -156 -14 -63 -34 65 -73 -77 -7 26 -21 -13 56 -42 155 150 116 153 -84 21 -88 -121 -138 -51 -127 11 -36 -157 -86 -98 3 -16 38 20 6 5 -82 10 79 38 25 50 144 47 -89 -160 -45 -161 -175 12 170 119 -63 -57 -3 -9 -47 -19 -132 -143 -16 27 -103 -10 38 -19 -140 -163 143 119 -120 -111 159 63 -62 48 -9 -96 32 -85 103 -104 54 -137 -127 -108 -117 91 151 -113 -87 -53 35 -114 144 -45 -65 49 75 42 -141 92 -132 -101 22 141 -34 -17 47 -60 76 -129 166 -63 -21 -46 -66 172 40 43 169 -61 -7 72 119 -11 -126 -54 -150 109 59 51 -171 110 -131 25 -128 -144 -174 -65 81 -77 -4 60 -162 38 -126 -70 -90 3 -129 164 135 -143 -131 -68 -63 ; 
20:80 6:24 11:41 10:36 11:41 22:88 0:0 32:124 1:3 18:70 53:209 11:43 16:62 30:120 31:123 35:137 33:129 8:28 5:17 25:99 12:44 18:72 15:57 2:6 36:140 7:27 13:49 18:68 12:44 2:4 50:196 23:89 26:100 22:84 8:28 28:108 19:75 14:52 17:67 30:120 31:121 4:12 20:76 8:28 12:44 39:155 6:22 2:4 40:160 18:72 18:68 1:3 44:176 40:160 22:84 14:54 16:62 3:11 12:44 30:116 38:152 14:54 19:75 9:33 40:156 7:27 22:84 9:33 32:124 6:22 44:176 19:75 14:54 32:124 23:89 13:49 35:137 20:76 27:107 6:20 14:52 17:67 11:41 27:105 32:126 11:43 4:14 46:184 3:9 36:142 20:78 8:28 10:38 14:52 15:57 26:100 7:27 2:4 20:78 37:147 29:113 7:27 10:36 32:128 26:104 33:129 16:62 19:75 23:89 37:147 15:57 37:145 20:76 8:28 10:38 22:84 2:8 12:46 26:100 13:49 33:131 7:27 12:44 7:25 48:192 8:28 9:35 41:161 18:72 24:94 3:9 18:68 40:160 37:145 16:64 5:17 31:123 9:35 21:83 28:110 33:131 14:54 6:22 4:12 13:51 14:54 18:70 3:9 54:212 32:124 6:20 6:24 30:120 37:147 16:64 76:300 31:121 10:40 1:3 36:144 16:60 2:6 6:22 24:94 32:126 7:25 19:73 15:59 24:96 6:22 24:96 23:91 36:140 24:96 19:75 34:136 32:128 32:124 29:113 26:102 30:118 39:155 23:89 17:67 6:24 18:70 10:40 3:11 17:67 32:126 39:155 26:102 16:62 40:156 26:102 8:28 27:107 25:97 12:48 13:51 14:52 ; 
L 90 -80 48 141 -84 65 45 -41 42 -59 60 -40 -139 -26 -64 -54 15 -10 -66 -62 148 125 51 -77 55 42 119 -6 41 113 -10 80 41 96 112 100 -87 -55 42 71 -45 23 -70 -27 104 -71 134 -91 -34 -128 -21 -114 -32 -51 -93 144 75 146 5 -78 17 -85 61 13 27 60 94 101 -31 105 81 77 -142 133 9 35 51 -70 36 25 4 -15 -37 51 26 -77 100 140 72 39 60 7 -112 -81 -15 36 -74 -97 87 -102 -11 3 6 -135 -13 -125 92 126 -84 -72 -50 -78 -41 -147 148 -147 -146 11 122 -131 32 110 121 48 41 -103 -92 7 55 145 77 -147 28 -84 103 142 -16 -6 -48 5 100 -4 -129 93 -114 19 -69 132 147 -65 -131 123 11 82 39 -124 -36 62 125 24 -95 -25 78 -117 -7 -16 -101 -87 -50 34 92 -136 -31 -56 -135 116 -89 -28 -47 -135 30 102 -89 -8 29 112 -73 -73 -46 -137 -67 81 140 110 8 107 -82 -93 -83 -125 ; 
5 96 7 11 42 9 34 89 83 89 85 71 61 58 71 12 24 22 32 17 18 69 34 82 88 16 50 17 31 70 61 49 6 8 92 50 46 13 55 94 30 76 32 70 9 31 61 17 23 54 81 100 90 58 82 8 64 81 21 69 11 69 1 89 33 88 31 32 89 25 63 15 50 67 54 47 1 80 53 4 52 86 54 11 28 89 22 59 88 67 58 38 90 88 28 77 20 68 46 57 76 69 84 21 86 89 71 78 16 90 20 29 79 83 66 3 26 71 46 76 39 46 10 88 79 89 53 42 2 62 35 5 78 1 27 50 84 83 29 13 9 85 18 26 47 79 97 45 53 20 25 76 22 56 21 64 66 88 46 13 39 39 52 97 49 96 9 74 88 73 66 42 25 31 65 68 29 6 7 17 97 86 97 60 10 84 31 96 66 63 43 11 67 46 90 43 90 14 77 38 29 ; 
L 48 141 155 -84 27 70 48 34 91 -121 -131 -42 -45 -65 94 160 166 -23 144 39 60 7 -32 -105 -5 -164 135 93 -114 77 142 72 151 -26 162 100 65 147 25 4 85 135 -171 -51 -31 15 142 135 -159 -82 146 -147 -3 11 102 -87 -41 39 -165 87 67 -24 -77 -102 134 84 -28 -6 50 92 -128 -41 -154 -123 119 101 7 -150 -87 36 -107 75 146 -101 131 -78 10 -113 -73 -93 71 81 93 -6 -48 13 56 62 136 -29 8 153 54 -97 15 59 -41 77 116 47 -17 78 -5 42 -147 -51 -125 10 -26 -147 110 139 -95 112 -152 37 51 -35 -55 -7 72 -19 -60 -71 -30 78 -117 104 148 -28 42 173 11 -168 126 -84 132 70 133 9 15 -45 -112 -31 100 172 103 -170 -4 -129 -55 167 156 -27 -122 137 -92 125 13 74 -36 -40 16 -140 -100 -6 81 36 124 -55 64 -169 -92 -34 -161 145 -157 -149 46 81 158 89 163 -77 -32 -50 -114 -125 -83 -125 ; 
16:62 5:17 37:147 31:123 5:19 28:112 8:30 24:96 10:36 28:110 9:35 6:22 2:6 14:54 10:38 18:68 27:105 15:57 10:36 28:110 24:92 16:60 28:112 8:30 8:30 36:140 24:92 14:54 19:75 32:124 49:193 17:65 8:30 18:70 18:72 17:65 35:137 18:68 8:30 27:105 40:158 16:64 16:62 30:118 24:94 25:99 39:153 59:235 5:19 17:65 8:32 2:4 28:112 28:110 31:121 23:91 18:70 37:147 15:59 30:118 10:38 20:78 13:49 28:112 15:57 9:33 1:1 42:168 13:49 15:57 9:35 5:19 55:217 10:36 45:179 36:144 12:48 25:99 26:100 34:132 16:60 60:238 33:129 7:27 30:116 39:155 17:65 25:97 24:96 52:208 38:150 9:33 33:131 35:137 12:46 6:24 26:100 15:59 10:36 20:76 4:16 11:43 25:97 28:112 5:19 22:86 32:124 6:20 7:27 4:12 16:60 5:17 28:110 19:73 26:102 16:60 14:54 4:14 22:88 15:59 11:43 7:27 20:80 22:88 33:129 10:40 2:8 31:123 10:40 1:3 11:41 12:44 24:92 29:115 10:36 41:161 39:155 24:94 11:43 13:49 24:94 24:96 52:206 21:81 52:204 7:25 28:110 12:46 21:81 22:86 34:136 15:59 12:46 10:40 16:60 24:96 9:33 12:48 30:116 8:28 10:36 32:126 25:97 4:14 44:174 5:17 24:94 29:113 36:142 4:16 8:32 21:81 53:209 53:209 24:94 14:54 24:92 23:89 27:105 26:100 5:19 13:49 10:40 27:105 30:118 30:116 17:67 39:153 14:52 65:259 8:30 44:174 30:116 8:32 49:195 24:92 18:72 28:112 37:147 16:60 12:46 ; 
L 49 144 -79 -114 -83 -140 -136 -113 148 -145 -145 -32 69 130 -80 -107 -114 -23 45 -60 3 -142 -83 28 -17 7 -38 -42 49 -99 -44 -49 30 39 -77 -31 -89 -47 14 132 98 -149 -4 12 -63 110 150 146 -65 7 -81 61 18 -87 -12 6 -57 101 92 71 97 -136 119 42 66 -100 -54 -28 -148 -143 50 41 -83 5 -53 127 93 -147 36 -6 -32 -135 112 -122 -31 -141 132 12 99 62 65 37 -76 64 -4 -25 131 29 -51 110 41 140 27 -97 55 67 -75 -128 31 -39 -63 65 -3 120 39 77 -6 -67 -8 -74 -19 -136 -135 -86 -31 108 6 -40 102 98 58 68 -94 -109 -19 -124 71 1 -45 88 140 97 -18 -62 32 75 -119 65 -122 -79 -67 -71 47 31 -40 104 -16 38 49 -11 -112 -37 96 -95 148 -138 148 14 -16 111 -20 123 131 -48 87 -8 -71 67 -149 -64 -120 2 -122 113 -80 101 23 41 1 120 100 80 -18 -72 17 134 -84 104 37 80 ; 
5 24 3 18 60 75 55 57 20 84 88 45 44 15 69 2 93 29 98 57 8 50 97 73 51 89 100 81 74 40 15 32 2 7 42 84 72 100 23 21 37 85 83 17 50 31 46 58 20 11 16 65 10 74 84 96 77 67 43 29 62 77 33 13 3 6 16 87 64 88 85 25 86 72 19 9 50 4 96 67 96 78 3 77 1 33 52 95 96 40 76 64 45 12 94 30 85 69 73 23 64 52 57 26 81 92 36 53 90 27 69 98 30 58 4 17 62 84 13 53 33 23 63 38 3 90 52 36 83 22 33 66 44 39 82 91 87 51 82 17 62 93 73 91 16 82 78 16 73 58 6 99 8 94 85 39 72 69 16 6 28 66 5 83 71 29 46 14 17 92 13 44 9 48 56 85 18 59 4 11 27 27 80 72 47 36 28 5 92 68 71 78 29 40 78 98 98 55 68 41 39 ; 
L 136 -32 168 167 -31 -39 -172 99 158 -25 -120 -102 -84 107 145 -148 113 136 -19 -40 -148 -79 -67 -65 -37 -65 -49 -20 -30 3 32 54 -104 6 14 -16 -100 39 -122 -67 -147 -2 23 -142 -94 -109 -19 150 120 144 -161 63 113 1 -45 28 -14 47 89 28 149 -124 -37 -65 -157 -3 32 69 -58 -98 148 148 -71 -145 42 -111 -155 -112 79 131 29 110 75 -27 -39 -64 163 61 -87 -31 101 92 -23 49 173 -67 -87 48 -131 149 -151 -170 -96 37 112 -159 127 77 -8 -74 95 -6 31 100 80 -120 -140 -31 -47 -165 71 67 -18 104 -154 -77 55 169 98 174 -110 63 -12 4 -42 -66 99 -140 72 12 38 -7 -143 50 -5 83 -128 31 -123 49 -11 16 75 -53 -49 45 -60 83 -40 -41 93 97 65 -101 -97 -140 -88 6 -57 -141 132 -134 -18 86 135 83 156 122 76 -164 175 -130 4 119 119 -135 36 136 -171 -153 160 132 -6 -97 114 -166 152 -17 80 162 ; 
27:105 12:46 18:68 14:54 21:83 1:3 11:43 6:22 2:8 22:88 22:88 14:56 68:268 29:115 7:25 34:134 8:32 23:91 42:164 22:86 18:68 11:41 35:139 4:16 36:142 11:41 14:54 12:44 8:32 18:70 22:88 30:118 15:59 20:80 22:88 7:27 40:156 5:19 5:17 18:68 9:35 11:43 12:48 6:24 32:126 16:62 33:131 24:92 14:54 11:43 10:40 14:52 13:51 12:46 33:131 26:100 15:57 10:36 40:160 29:115 50:198 35:137 38:148 26:102 54:214 24:92 9:35 30:120 15:57 14:52 15:57 24:94 16:60 70:278 8:28 3:9 2:6 53:211 7:25 13:49 28:110 6:24 26:102 19:73 17:67 3:9 31:121 3:11 2:4 46:184 30:116 18:68 17:67 16:60 19:73 30:120 58:228 23:89 20:76 31:123 35:137 28:112 40:160 2:8 27:105 12:48 8:28 4:12 10:38 22:84 19:75 19:75 40:156 17:65 32:124 32:126 5:17 26:102 38:150 29:115 40:160 40:158 25:99 16:62 55:217 8:28 34:134 41:161 23:89 6:22 26:104 13:49 20:80 7:27 39:155 52:208 1:1 27:105 36:140 38:152 28:112 40:160 36:140 34:136 36:140 29:115 16:64 36:144 9:33 2:6 3:9 35:139 12:46 29:115 32:128 31:121 23:91 18:68 34:136 7:25 9:35 1:1 4:16 29:113 6:20 38:148 25:99 17:65 31:123 11:43 21:83 23:89 44:174 7:27 16:60 17:67 8:30 2:4 8:28 22:86 30:118 8:32 8:32 11:41 27:107 13:49 23:91 15:57 35:137 40:156 31:121 9:33 44:176 26:102 14:52 21:83 12:48 3:9 16:62 21:83 11:41 ; 
L -122 16 -128 97 133 43 87 -93 90 87 58 24 -144 16 -143 -145 51 -45 -114 95 83 86 -31 18 -53 44 -74 -97 -39 22 -38 5 -61 57 -78 -47 22 147 -94 119 -87 -28 67 -43 -94 -56 119 146 150 37 100 -47 -129 3 147 131 -103 18 105 -56 -99 125 99 -117 52 128 -110 103 140 -22 135 63 -48 -143 110 -114 -21 148 -63 -85 145 -9 136 65 22 31 -130 -141 -15 -88 70 -137 -36 -63 76 141 57 53 -104 -143 129 -131 66 25 -84 -49 139 72 87 51 119 -122 28 146 114 31 -36 63 134 14 -135 36 -87 -100 -91 -63 80 8 -65 -145 -9 -30 8 88 115 46 -106 104 15 -41 -87 -68 82 63 -61 84 -24 -141 -107 -59 -37 68 18 -37 -148 -3 72 108 68 116 -68 14 -128 -59 -109 56 -57 -144 24 -52 117 -90 69 54 148 129 136 -56 -69 16 35 -125 -138 -1 -133 -44 -97 47 118 -124 -38 62 -98 -94 -69 11 102 148 -105 -37 ; 
65 97 1 23 92 17 73 2 40 30 67 90 9 17 87 46 50 82 53 46 49 60 41 43 66 70 73 5 95 46 3 60 2 88 67 24 73 55 87 71 51 32 28 73 5 8 65 52 14 59 92 50 35 53 77 100 53 98 59 11 25 78 19 53 11 62 20 72 94 99 54 53 67 20 86 76 50 65 46 83 5 68 8 25 87 39 3 61 97 14 85 99 70 18 41 58 96 35 6 84 4 81 44 62 78 48 69 85 54 38 70 81 99 28 78 12 49 76 92 75 48 87 97 69 88 73 16 53 99 55 39 70 69 63 65 100 66 36 12 55 61 94 56 75 52 76 13 39 28 97 37 48 66 38 15 88 42 94 97 53 87 13 24 87 100 10 62 89 34 20 6 50 29 8 57 100 59 19 66 63 6 97 69 5 90 36 53 73 56 23 59 87 56 84 75 43 6 54 41 56 65 ; 
L -122 16 37 -151 -56 109 59 141 56 -37 105 147 117 11 148 -48 -143 129 -131 -153 116 147 -85 143 125 -175 171 145 28 94 -22 -72 -139 -57 -144 31 -86 -94 43 -95 -8 68 63 -90 152 -119 119 -30 -115 -88 47 -68 82 -167 140 110 -128 -47 -114 129 -63 -144 16 -138 -133 97 165 87 67 122 -119 52 -15 -88 70 -137 -169 146 31 -124 100 -76 -66 161 -51 145 -84 83 -108 22 91 100 104 -53 -57 -21 148 -68 -170 -141 43 -148 -54 -69 -38 37 -18 -61 -39 -61 -155 159 25 -18 -35 -28 -172 -22 -63 -173 174 97 69 -136 -158 -62 68 74 141 130 -31 131 -154 41 -97 133 -98 -148 150 57 -78 156 87 -94 134 -118 -9 51 -18 -128 -106 -114 36 -87 107 -110 -93 90 -24 -38 -45 -84 -99 -125 -160 -136 168 146 72 166 -143 163 99 -63 36 -103 14 -135 63 8 -65 -16 -49 -36 69 -157 -128 103 -162 -24 87 58 -164 -44 53 -46 3 -5 -105 -37 ; 
26:104 39:155 10:36 14:54 4:16 4:16 40:160 27:107 6:22 42:168 34:136 37:147 2:6 21:81 1:1 12:46 8:32 14:52 33:129 62:244 22:84 37:147 26:102 7:25 41:163 40:156 14:52 10:38 22:84 13:49 17:67 20:80 34:136 37:147 36:142 29:113 17:65 32:126 4:14 39:153 26:100 38:148 18:68 14:56 9:35 16:60 19:73 13:51 14:52 26:104 46:182 42:164 23:89 54:214 73:291 25:99 8:32 31:123 10:40 17:65 4:16 4:16 7:27 22:86 1:3 22:86 42:164 28:110 9:33 26:102 33:129 24:92 14:56 6:22 34:136 40:158 27:105 28:110 16:64 14:54 11:43 16:62 14:54 23:89 18:68 20:80 22:84 26:100 39:153 26:104 14:52 36:140 4:16 3:9 14:56 26:104 26:104 21:83 7:27 16:64 10:36 25:99 23:91 4:12 41:161 24:92 5:17 8:28 41:163 27:107 28:108 1:3 35:137 27:107 10:40 42:166 27:105 9:35 13:49 41:163 13:49 20:80 46:180 31:123 38:150 29:115 19:73 4:16 41:163 25:97 2:4 53:211 11:43 33:129 16:64 8:32 16:60 13:49 4:12 10:36 27:107 40:160 20:76 10:38 26:104 15:57 27:107 62:248 14:56 46:182 8:28 4:16 33:131 39:155 4:14 13:49 16:62 16:64 7:27 27:107 40:160 7:27 45:177 8:30 22:86 8:30 15:57 5:17 12:48 19:75 35:137 5:17 4:12 12:46 31:121 11:43 10:38 20:76 20:80 13:49 40:158 33:131 12:46 54:212 10:40 36:142 47:185 10:40 20:80 34:132 13:51 27:107 37:147 18:68 28:112 44:176 38:148 7:25 9:33 23:89 26:104 ; 
L -146 119 40 -45 -8 -72 16 -121 52 -17 92 -61 5 -98 14 65 118 14 77 140 -33 -127 121 -126 -126 17 53 143 21 108 10 -66 -46 73 -19 -110 33 -29 97 115 105 -118 129 -9 -5 126 -85 -139 -15 147 7 36 -119 -117 -102 -69 124 133 -50 -107 -149 -59 96 -111 -106 -122 -3 -107 129 138 -34 -106 127 65 11 -88 -137 -89 33 141 -48 -68 28 138 -55 131 142 -24 -61 -36 134 80 77 91 -146 -141 5 -88 -132 1 8 13 -78 12 82 -47 -1 95 -141 -127 84 84 -70 88 14 -17 -123 -77 -15 -143 22 -86 -112 -6 -83 19 -98 -113 -51 -41 150 146 -8 51 -46 108 -28 133 135 -60 -139 -114 -144 22 120 48 37 -96 -143 -11 -34 -24 -136 -33 -68 -129 76 -53 -70 -58 -44 -41 3 16 -112 130 58 -10 -31 58 -106 11 -36 -28 37 -27 -26 13 -149 -102 -78 -16 -15 -94 -13 -95 -74 -138 2 12 4 26 61 4 55 52 1 -67 105 35 ; 
74 85 25 98 46 8 73 47 75 89 41 3 81 5 67 100 79 40 92 27 61 19 2 58 72 91 74 12 76 73 28 21 40 55 78 38 99 68 47 20 54 8 55 71 22 98 57 32 45 1 65 66 18 27 53 22 78 27 26 27 99 32 64 25 39 18 80 68 6 19 31 46 43 33 65 25 47 87 76 27 23 66 77 13 41 44 95 30 73 34 18 67 19 83 35 28 70 68 6 4 78 48 71 100 63 68 81 85 4 42 16 96 5 89 98 85 30 8 41 62 15 71 57 50 29 24 46 18 48 54 65 81 32 5 33 32 36 16 27 85 16 47 75 6 21 26 43 57 89 75 99 39 13 58 7 87 58 62 6 23 59 34 5 21 39 11 97 23 79 42 7 54 57 74 24 26 67 50 43 35 67 95 87 59 36 10 30 13 88 30 77 73 97 67 46 22 42 41 63 11 82 ; 
L 55 97 115 -153 112 50 -133 127 78 -175 118 -28 5 -98 107 136 -8 -6 -134 36 67 -1 151 -14 -28 36 -11 -172 17 -14 -77 -80 158 -69 72 88 -150 -118 129 -11 -173 141 -78 -126 17 89 121 -33 -15 16 -162 -22 144 27 -83 -98 -124 105 -102 84 -8 -141 -126 -53 -112 5 -102 33 -140 51 -9 3 106 129 68 -154 -114 -55 77 58 -31 -74 46 -170 -139 -152 -41 3 138 70 -84 -174 157 41 8 13 53 142 -169 -113 47 -82 -12 -126 -16 21 108 147 7 -119 61 59 149 143 15 44 58 70 -52 -146 46 33 68 -26 -96 160 10 111 -96 159 -95 1 -14 -171 138 149 -65 28 131 129 165 16 5 146 -85 -52 95 37 -48 76 -146 61 22 133 58 -106 -91 -88 60 -166 168 -167 -106 127 65 11 155 141 73 -110 66 164 45 77 -127 -51 -163 -143 -88 -137 -138 12 -86 4 -161 -132 1 108 156 94 117 139 -123 -40 -135 119 -13 26 105 35 ; 
20:78 33:129 8:32 6:20 25:99 6:22 11:41 5:19 18:72 31:123 8:30 7:27 13:49 2:8 17:65 9:35 14:56 24:92 30:120 8:28 22:86 17:65 6:22 14:54 26:104 14:56 23:91 22:84 2:6 34:136 28:112 8:30 27:105 5:19 20:76 12:48 34:136 9:33 22:88 27:105 25:99 23:89 13:51 48:188 37:145 18:70 26:104 22:84 46:180 29:115 38:148 8:28 3:9 19:75 32:128 19:75 13:51 47:187 2:4 50:200 7:25 3:11 33:129 36:144 33:129 5:17 5:17 6:24 25:97 24:96 38:150 20:76 1:1 12:44 35:139 5:19 27:107 31:123 30:116 27:107 13:49 22:86 35:137 13:49 10:36 23:89 18:70 2:8 25:99 13:49 2:8 26:104 20:78 22:84 28:112 20:76 3:9 45:177 14:56 9:33 46:180 28:108 26:100 18:68 20:78 29:115 30:116 11:41 26:104 23:89 27:105 42:164 13:51 6:24 25:99 16:64 24:94 10:36 14:54 34:136 5:19 22:88 50:200 55:217 27:107 31:123 43:169 28:108 10:40 14:54 5:17 34:136 26:104 34:136 8:28 16:60 18:72 15:57 22:88 2:6 2:8 11:41 16:62 26:102 23:91 30:116 46:180 11:43 7:25 8:32 27:105 16:62 20:76 9:33 20:78 3:11 17:67 45:177 40:160 36:140 8:32 27:107 44:172 18:68 14:52 26:104 18:70 13:51 8:28 31:121 34:134 16:60 18:70 12:48 12:48 14:54 14:54 19:73 6:20 19:75 16:60 20:78 33:129 35:137 16:64 7:25 2:6 36:142 30:120 7:27 17:65 23:91 17:67 38:148 6:20 19:75 18:70 20:80 25:99 5:17 33:131 ; 
L -22 -72 -74 87 67 93 -93 -44 -27 -127 -105 -53 -131 -7 -39 53 32 3 107 138 -143 136 -104 -70 -125 144 146 36 134 -108 -19 -114 7 32 4 -74 -64 58 69 -15 59 138 22 53 69 -14 106 19 16 -134 -18 -109 -41 -110 135 27 147 123 95 -6 -116 30 -76 -26 8 67 -147 -20 -36 -97 77 17 1 -110 -77 -83 141 -23 83 53 -104 3 -104 115 26 77 -51 -118 -58 19 34 19 69 -124 20 -129 77 -100 120 51 -45 36 107 -121 -1 93 103 -2 -72 94 18 -21 -96 -150 103 -81 -137 -106 45 -93 102 105 3 -21 57 146 105 115 -86 -2 137 -41 -56 -115 9 -39 93 -88 -149 136 -5 -133 28 -33 -34 124 40 98 -44 22 22 -31 89 121 74 58 46 96 91 -110 26 5 -76 -78 103 88 46 -113 -36 87 52 137 -121 39 -149 21 42 143 -112 -50 -86 -13 145 -59 -105 -149 -81 -11 1 -126 109 -29 93 81 33 101 67 49 60 44 ; 
37 57 36 64 8 6 24 17 8 26 46 49 63 46 13 16 57 64 80 96 68 71 53 31 64 2 35 14 87 82 26 7 4 65 30 66 89 71 11 57 3 24 43 25 10 62 65 13 39 10 68 28 54 37 89 11 33 62 31 81 97 61 9 62 19 61 83 11 43 13 82 45 9 33 49 42 88 26 60 49 4 23 97 37 81 72 58 8 24 60 93 39 57 11 48 34 80 100 4 91 37 40 1 48 3 33 97 58 58 16 25 71 39 20 48 28 59 77 25 14 94 81 81 52 5 39 16 77 4 29 73 73 96 63 16 69 34 61 69 98 61 56 4 67 34 31 9 6 84 66 84 5 47 18 51 90 72 92 86 57 65 16 60 34 73 79 30 22 20 56 85 10 52 53 29 8 18 94 90 29 58 18 65 18 62 80 49 45 55 84 52 64 67 88 91 44 2 74 18 91 97 ; 
L -69 -105 -146 41 -36 19 16 -98 -40 -124 -133 -22 -22 57 -1 -20 -36 -104 152 115 -7 114 -58 19 30 -170 109 46 -93 39 -106 45 165 -64 -121 39 52 -81 -149 -5 147 -45 74 2 93 9 -105 -102 -136 143 -138 -107 -51 -19 -74 -69 -22 -59 -108 104 -14 59 154 87 -56 -76 2 -150 160 29 -159 67 58 -15 -144 26 107 -121 -78 -97 53 95 -6 34 46 96 91 -81 137 -105 113 -112 -50 -106 171 -77 -83 -163 115 -36 120 51 22 76 -19 -151 -58 146 -28 -32 -53 -131 39 7 74 -169 -145 -8 -103 -105 44 125 70 -81 -109 -172 -168 -77 141 -123 -134 110 31 11 -88 -21 149 -121 -89 -100 156 5 -104 49 167 -18 -94 72 115 86 -161 118 -135 -18 -166 -124 93 -136 21 153 88 -42 -67 -36 173 87 33 -101 -93 -67 162 -103 149 -21 -147 -174 -27 -137 -157 3 175 -158 -93 -53 -164 129 155 27 13 103 -4 -32 23 -33 77 17 -77 83 60 44 ; 
18:68 34:132 7:25 8:30 20:78 10:40 16:62 10:36 3:9 4:14 27:107 3:9 34:134 18:72 55:217 28:110 18:68 13:49 24:96 29:115 47:187 2:6 6:20 24:96 16:62 27:105 10:36 22:88 11:41 14:54 5:17 10:40 17:67 22:88 9:33 22:84 18:70 15:57 18:72 10:36 19:73 49:193 20:78 22:84 14:54 5:19 45:179 33:129 21:81 29:113 28:108 39:153 25:99 29:113 18:70 22:86 10:40 5:19 30:118 25:99 7:27 13:51 33:129 40:158 4:14 58:228 24:92 12:48 28:110 39:153 30:120 26:102 4:12 22:84 42:164 13:49 20:78 20:76 7:25 17:67 3:11 28:112 33:129 63:251 20:80 37:147 35:137 20:78 76:304 13:49 10:40 35:139 12:46 22:86 38:148 2:4 17:67 14:54 9:33 34:132 10:36 37:145 25:97 10:36 12:46 9:33 11:41 14:52 28:110 1:3 23:91 16:60 3:11 6:20 38:148 26:100 48:188 16:64 37:147 21:81 19:73 2:8 26:102 25:99 48:192 9:33 28:110 10:36 28:112 8:28 26:100 23:89 4:12 2:6 17:67 9:35 4:12 21:81 8:28 31:121 2:4 19:73 23:89 16:64 22:86 22:84 10:40 7:25 22:86 6:24 6:20 39:155 13:49 41:161 16:60 22:84 4:14 14:56 30:116 36:140 15:59 26:104 9:33 13:51 8:28 16:60 34:134 4:16 21:81 3:9 25:99 27:105 40:158 25:97 2:8 20:76 6:20 10:36 18:72 42:168 22:84 14:54 24:94 42:164 11:43 32:124 16:64 10:38 20:78 16:60 4:14 12:48 43:169 12:46 3:11 18:72 30:116 14:52 39:153 37:145 39:155 ; 
L -4 -80 -88 95 112 103 125 -69 71 141 7 -40 98 -119 83 62 7 -24 -132 -134 118 9 -112 -51 92 -134 -45 -24 89 16 122 -32 -42 -23 23 -19 22 83 131 -18 99 -67 -22 -141 -139 -44 -96 25 38 61 -138 -52 93 -24 -98 4 133 -23 51 123 24 -70 -122 75 -117 -135 129 -46 -80 137 -89 106 123 -112 -105 64 54 -3 -140 -90 115 -87 -39 -127 -17 -16 128 -1 -69 -66 -98 137 -27 -10 100 -30 33 -71 70 -71 -88 -124 -134 -142 2 96 -40 35 -80 -63 117 23 86 10 20 98 -77 -100 -94 139 -30 78 -90 -56 -99 -79 -48 105 -40 58 -23 106 103 -38 -42 -4 1 -92 -16 -109 -17 69 11 98 -67 -27 129 -7 143 -107 -111 70 48 23 20 94 149 97 15 -25 -67 -124 -28 2 148 -39 -7 -61 76 78 -93 1 -120 -99 100 -146 -12 135 118 -96 -15 131 -147 76 113 -36 -24 -30 49 -3 -23 -84 -37 77 24 -2 68 100 150 140 ; 
12 22 86 2 52 9 91 80 11 15 31 65 88 60 85 22 38 33 66 25 34 13 11 84 73 25 11 89 76 85 5 87 85 62 34 100 43 75 10 20 66 83 68 88 52 22 50 23 23 13 8 99 22 81 27 20 38 49 49 48 7 57 32 75 35 24 37 86 87 37 22 36 90 55 50 82 51 90 47 82 67 58 57 70 50 52 43 33 6 90 4 5 32 43 2 95 47 36 22 65 99 8 38 94 62 9 84 1 56 25 58 66 25 16 41 47 84 19 66 2 95 19 79 88 10 56 51 78 61 67 93 73 8 48 7 79 32 84 48 36 44 39 93 13 31 29 24 54 39 31 53 25 69 32 57 31 68 84 47 77 36 53 98 78 92 43 34 13 80 35 48 47 88 37 99 18 45 20 100 38 36 79 56 62 22 82 79 70 64 60 10 32 47 1 19 23 93 21 100 1 19 ; 
L 33 78 -106 54 30 -127 2 -24 -63 -131 124 67 98 -67 -76 -46 -61 -129 -15 -1 52 7 135 83 131 168 30 -71 10 20 98 -80 172 -99 167 87 24 -173 -48 -98 -166 88 69 -125 -103 120 151 -124 27 -118 17 -16 -40 23 42 -122 -162 174 170 -39 164 -49 18 -36 171 -19 -84 111 117 -75 122 -96 7 90 -40 58 24 -7 56 -153 138 -61 -38 -30 99 -71 -113 -40 -159 23 -11 -134 118 -45 -24 156 137 -139 112 -9 143 88 -86 -39 -80 152 70 -139 -154 94 -160 27 23 2 -100 -3 2 -70 92 -38 -4 1 -92 -16 23 20 71 100 98 117 23 -148 -146 -23 -90 -16 -1 -97 -149 69 -28 -96 -37 -67 -80 -158 -77 -161 -22 51 22 134 -10 100 -157 98 24 -93 -4 -12 25 -96 -25 48 140 3 -89 69 -134 -93 -94 -24 -15 -129 100 -51 23 -133 163 -64 -165 175 -35 -109 -107 -142 -135 132 -169 123 -105 155 68 -103 119 -115 83 -78 150 140 ; 
13:49 3:9 24:94 28:108 40:160 44:172 32:124 10:36 18:72 23:89 3:11 22:84 6:24 39:153 31:121 32:124 11:41 36:140 26:102 19:75 1:1 29:115 22:84 24:94 4:16 5:19 36:144 45:179 8:32 17:65 19:75 21:81 29:115 34:132 32:126 14:56 13:51 15:57 37:147 24:94 89:355 8:28 24:92 32:128 37:145 4:12 34:132 7:25 14:52 12:44 38:150 3:11 42:168 30:118 25:99 25:99 2:8 9:35 8:28 40:160 2:8 1:1 21:81 6:20 6:24 39:155 37:145 8:32 9:35 14:56 30:120 10:36 6:24 21:81 1:1 27:107 9:33 14:52 8:32 17:67 10:40 4:12 6:20 33:129 32:126 31:121 8:30 47:187 17:67 59:233 5:19 17:67 14:54 14:56 36:142 6:24 24:96 4:16 10:38 5:17 33:131 6:20 38:152 21:81 32:124 8:32 36:144 20:76 32:126 32:126 13:51 48:192 9:35 32:128 41:161 32:124 28:112 23:91 16:64 10:36 22:84 13:51 34:134 20:76 8:32 23:91 5:19 33:129 10:36 15:57 27:105 7:27 13:51 30:120 4:16 12:44 15:57 26:100 34:134 18:72 19:75 8:30 30:120 9:33 23:91 1:1 18:68 41:161 21:81 23:89 15:57 14:56 20:76 1:3 27:105 17:67 11:43 33:129 6:20 9:33 9:33 21:81 13:49 10:36 44:172 19:75 14:52 16:60 5:19 10:38 17:67 17:65 21:83 42:166 1:3 23:89 20:78 20:78 7:27 51:201 21:81 10:38 3:11 34:134 18:70 26:100 14:56 14:54 36:140 34:134 35:137 51:203 35:139 6:20 8:32 12:46 26:100 6:20 34:136 1:1 8:30 ; 
L -34 -108 -46 -20 136 -70 -35 -131 -112 18 133 22 129 -95 100 -34 -91 56 144 -5 -60 87 107 -69 105 -33 117 -51 -101 64 -148 -129 123 -73 -11 -117 -113 -32 111 -40 -111 -72 -115 28 -19 90 -127 7 53 -24 68 -83 133 25 122 108 -105 107 76 127 18 -128 69 85 84 123 -57 -21 75 -140 -109 120 -126 -138 50 31 -4 -91 -101 3 90 -52 22 -5 150 44 -6 22 -21 -71 -16 -68 82 -49 -61 -33 71 79 -10 11 -118 2 128 146 -113 79 122 19 -111 116 83 -55 39 -66 -52 100 -56 39 83 125 133 -114 69 -122 -48 -44 -39 -58 130 49 119 -60 -130 49 55 -34 37 -76 -98 22 8 -43 115 63 148 -150 -64 -73 30 -109 -104 2 99 -45 57 -103 -6 -57 140 85 5 -7 -7 -42 -12 -85 86 125 -55 95 133 -38 -21 -77 89 73 -138 -37 68 -109 -81 -129 -9 128 -81 90 26 53 -39 -47 -92 36 -9 81 44 88 59 50 51 -24 ; 
76 34 53 52 48 56 93 29 29 44 53 63 57 60 73 24 3 57 36 60 26 15 27 94 36 30 83 93 23 40 33 22 35 10 48 59 41 34 13 13 6 68 10 65 90 49 54 4 38 5 80 77 98 82 12 3 39 7 47 38 4 55 34 77 46 95 94 2 95 12 65 75 15 5 66 26 57 95 55 48 18 12 58 58 28 4 88 88 10 39 31 58 63 1 85 86 9 73 42 82 35 51 59 3 21 84 18 21 23 95 27 34 83 34 30 38 11 42 45 91 5 42 12 80 68 59 7 17 65 80 82 81 51 90 86 83 28 52 25 63 69 20 9 4 12 46 37 72 35 49 66 35 87 67 100 67 82 64 4 45 89 19 49 31 13 64 58 6 95 49 52 77 13 20 14 86 92 95 93 67 85 22 71 7 84 4 16 86 48 14 44 5 21 78 44 23 14 56 13 4 79 ; 
L -172 66 -122 -44 -33 11 73 -123 117 -21 155 98 -91 -101 85 111 68 -125 -99 -2 -63 138 -128 -2 167 158 -130 168 9 92 -127 22 129 -95 -60 -44 119 112 -37 68 55 -50 138 126 -6 111 -105 57 -123 -84 79 57 173 -131 -72 -151 39 -115 -165 70 -22 164 -55 157 -113 12 58 133 -71 -130 56 53 -39 -57 45 73 47 -44 128 -156 108 34 108 91 64 -49 -16 8 103 -133 83 -90 -109 114 18 -46 -40 159 -77 -51 -59 140 -75 69 -107 85 39 -9 128 24 -162 -154 -163 20 -69 -51 152 -90 11 153 -81 7 7 -85 81 150 -175 150 -148 -52 -26 -35 105 -129 25 122 -86 -129 166 -125 -95 -76 -107 -79 -31 -83 -82 21 21 -19 160 -28 144 133 -5 -120 -117 136 -171 -49 -43 60 -116 111 -30 -109 52 -90 -3 49 18 146 -133 61 81 -34 101 19 56 -170 -148 68 -34 -76 4 -71 161 -39 22 -5 73 -6 89 -113 169 100 -83 104 174 -24 ; 
24:96 29:115 13:49 2:6 4:16 32:128 20:76 4:16 33:131 9:35 24:96 30:118 16:60 22:88 24:94 21:81 41:161 26:100 40:158 35:139 24:96 23:91 29:113 24:94 20:80 8:28 24:92 12:48 20:78 10:36 6:24 22:88 23:91 24:96 30:116 4:14 4:12 21:81 25:99 38:148 5:19 15:57 27:105 2:8 16:64 8:28 7:25 14:54 38:150 38:152 33:129 18:68 35:139 11:41 3:11 33:131 60:238 36:142 27:105 57:225 5:19 37:145 11:43 46:184 4:12 17:65 9:33 4:14 33:129 32:126 18:72 23:91 14:56 24:92 40:160 52:204 26:102 5:17 21:81 29:113 1:1 14:54 17:65 15:57 9:35 36:142 13:51 27:105 9:33 10:40 40:156 24:94 24:92 19:75 17:67 31:123 59:235 2:6 22:84 14:54 9:35 35:139 5:19 24:96 40:156 16:64 9:33 8:32 3:11 30:118 16:62 12:46 4:16 35:137 40:158 19:73 32:124 10:40 54:212 29:115 15:57 6:22 20:78 28:108 18:68 17:67 32:126 16:62 19:73 20:80 30:116 18:72 17:65 44:176 20:76 5:19 7:27 17:67 14:56 26:100 34:132 15:59 18:68 24:94 12:44 10:38 14:54 11:41 12:46 21:83 3:11 46:180 13:51 32:126 5:19 36:140 35:139 22:84 9:33 2:6 28:112 30:118 24:92 38:152 18:68 17:67 22:86 5:19 8:28 34:136 4:16 16:62 12:46 25:97 28:108 14:54 9:33 18:70 28:110 26:104 4:16 20:78 28:108 21:81 33:131 41:163 30:118 16:62 10:38 24:92 12:44 9:33 26:102 11:41 14:52 7:25 4:14 21:83 8:28 33:131 32:126 ; 
L -119 46 127 -124 -58 129 -83 -55 -126 139 -96 -21 -38 -9 -101 76 91 11 30 -59 -117 -113 -75 -106 -24 95 -136 -123 114 -27 -58 -107 -126 22 -28 136 88 6 142 -3 82 111 -23 -121 61 -137 5 104 89 -129 -126 -114 81 -56 22 -71 -106 -148 -105 -107 41 69 -128 -30 130 -119 -38 14 -114 53 -2 -62 53 -3 -21 18 -100 -145 -150 -16 54 -129 25 -8 -87 41 31 -72 112 -125 142 -2 100 22 94 44 20 35 130 -119 -121 133 -63 -147 -6 -147 58 -63 85 -101 -109 -59 67 -26 22 -29 -19 117 -49 -23 -23 139 -82 70 74 129 -100 -1 102 -38 -124 121 117 121 117 -82 -56 -145 98 11 14 -56 -76 -125 117 23 131 -49 84 -130 119 28 129 -111 -1 -131 -19 -42 122 56 137 -22 111 -34 -143 24 48 -85 -85 -35 92 103 -26 -20 -117 33 -70 50 -145 68 -75 -23 -75 -113 4 -114 -147 39 21 -49 -116 54 -112 -28 -147 -59 105 7 -134 78 ; 
72 100 48 73 29 90 26 59 91 2 15 88 20 64 62 57 75 30 44 97 99 15 30 53 92 60 52 86 87 59 25 86 90 26 43 21 84 34 24 34 43 19 48 4 97 1 9 6 17 13 48 74 46 70 44 19 11 24 95 24 75 5 53 55 94 80 51 52 10 24 15 20 41 13 86 50 96 29 36 6 100 6 8 60 21 91 60 37 36 39 89 12 29 33 12 61 30 41 43 99 67 48 94 23 76 38 37 62 9 61 84 87 9 9 37 14 87 54 37 32 32 13 98 16 79 77 90 3 98 26 7 45 34 83 89 69 91 20 51 39 18 82 38 82 36 85 30 92 3 36 15 51 79 60 65 32 9 6 23 40 95 33 11 58 88 6 45 75 14 84 79 65 27 25 47 80 89 57 60 79 3 27 41 19 96 29 41 39 52 17 54 55 72 42 49 56 20 88 18 37 57 ; 
L 173 -18 3 62 2 -53 -14 38 -91 27 112 26 175 -7 -50 -154 159 128 -16 -82 -56 -44 -49 -167 63 121 119 -130 -35 -20 136 -76 117 26 -72 -168 -1 -19 -147 58 -88 -112 -3 129 -1 102 -158 -143 111 -56 -161 119 -130 30 -136 -123 -38 -124 145 84 -29 -165 -31 56 -81 -101 117 23 -14 48 -85 151 -22 24 22 117 -126 49 -49 67 -125 142 -23 -85 -126 160 -28 106 75 59 -5 -74 -70 54 150 130 -113 169 139 -96 -21 -9 55 -11 137 -94 22 6 121 -127 63 152 -117 -153 82 155 41 106 170 -69 -131 100 -98 4 19 -41 -101 76 157 24 -145 -59 105 -145 -23 113 30 -35 129 126 25 172 -59 100 119 82 -139 164 -171 -28 -89 129 -83 23 -70 -174 121 117 114 -22 -117 39 -163 -124 -109 -71 -114 28 92 103 147 -121 107 105 11 -137 -56 -122 42 -8 23 156 -20 58 107 54 116 -22 129 -111 87 -75 -166 34 -147 68 162 142 -134 78 ; 
28:110 46:184 35:137 16:64 8:32 6:24 9:33 21:83 8:30 10:38 35:139 9:33 19:73 29:115 26:102 4:14 6:20 44:174 32:124 25:97 37:145 5:19 36:142 8:30 28:108 39:153 27:107 40:158 18:68 17:65 31:123 36:144 43:169 14:52 4:16 19:75 2:8 1:1 9:33 15:59 8:30 9:35 16:64 24:92 36:142 40:156 12:44 19:73 1:1 22:86 23:91 16:64 18:72 38:150 12:46 35:137 22:84 3:11 18:72 11:43 10:40 30:120 6:24 40:158 8:32 21:83 20:78 20:78 30:118 11:43 32:126 37:147 21:81 7:25 11:43 34:132 8:30 4:12 43:169 16:62 34:132 36:142 6:24 19:75 5:19 8:28 38:152 31:121 22:84 8:28 8:32 12:48 32:126 9:35 6:20 7:25 6:22 32:128 5:17 6:24 36:140 9:33 53:211 13:49 10:36 31:123 6:20 15:59 19:73 40:160 31:123 25:97 8:30 34:136 9:33 3:11 13:51 22:84 15:57 49:193 6:22 18:68 15:59 53:209 14:56 32:126 37:145 23:91 25:99 16:62 8:30 12:46 8:32 34:134 35:139 2:8 12:48 10:38 10:36 6:20 8:28 18:70 24:92 31:123 14:56 18:68 40:156 6:24 27:105 52:206 36:140 6:20 11:41 6:20 15:59 43:169 12:48 14:54 38:150 33:131 4:12 22:86 13:49 21:83 46:180 3:11 5:19 6:24 33:129 26:104 22:86 2:6 46:184 10:38 10:38 27:107 38:152 16:64 10:36 14:52 3:11 13:49 36:144 36:144 3:9 34:132 20:78 20:78 12:44 24:96 18:72 20:76 10:40 32:126 24:96 37:145 19:75 75:297 8:32 15:59 23:91 ; 
L 148 147 127 58 -128 55 -45 -50 -142 87 -136 -42 -35 -73 -121 -39 -137 149 -55 -114 -108 -108 -53 -35 -137 75 -24 3 137 130 -119 -143 -132 -15 22 -10 -133 136 5 -124 -63 -147 -101 -105 -6 127 25 -41 141 -117 54 48 116 94 -38 2 60 136 -89 -135 149 -126 67 47 120 -113 32 139 -11 -118 74 -27 120 -136 -125 -65 103 -131 23 -35 31 -55 91 -74 -44 -34 70 -91 20 -142 -40 40 -42 8 -50 65 144 -102 46 60 36 74 -99 -27 118 -9 94 -85 84 19 80 30 -31 145 -12 142 -93 -24 -88 84 59 41 -116 120 80 -50 144 116 -100 98 70 3 -94 -77 85 -37 -35 2 -142 14 111 -127 127 115 10 -72 -44 -122 105 44 126 -23 -91 104 -100 -122 -12 106 141 -79 70 113 -124 -143 43 -124 76 -18 -87 -109 -36 82 -105 36 -36 25 9 67 -77 63 -48 -45 78 59 -111 80 -78 -106 -16 11 -53 -83 130 116 -57 -124 49 -96 -105 -115 ; 
36 74 63 81 98 82 88 76 89 62 50 34 34 91 77 32 7 99 80 16 57 17 93 81 95 63 53 87 62 55 58 28 1 31 68 84 40 6 46 68 4 28 46 44 29 17 30 30 72 51 31 22 48 96 26 74 41 24 18 99 73 50 81 12 9 26 16 72 22 52 68 22 73 20 88 44 5 7 16 32 70 67 52 77 67 27 30 87 12 12 43 73 98 44 70 76 9 44 60 52 89 7 2 47 4 25 6 100 32 99 55 82 15 70 35 14 71 84 15 84 64 48 35 67 86 81 16 5 56 44 58 52 82 48 31 85 86 68 27 34 58 92 80 73 88 10 63 57 20 27 30 79 19 82 32 11 23 78 35 11 91 4 32 95 66 93 14 6 19 2 91 95 22 13 16 74 49 13 45 49 54 4 33 6 14 13 12 14 32 44 24 33 70 85 42 66 11 9 55 91 17 ; 
L 148 147 127 58 -41 3 -16 -82 -116 152 31 -27 131 137 -122 57 76 135 60 136 -89 158 -2 85 18 -103 65 125 -120 39 -87 -109 -141 41 -172 -80 111 -79 -50 -174 48 102 -151 157 87 -72 -111 42 -54 117 22 -10 -53 35 -27 44 78 149 -55 55 -50 -24 -124 -142 63 44 -91 -12 142 150 -77 -36 -60 161 106 -37 91 -70 137 35 83 -154 119 -36 133 164 -23 -167 -40 -84 -24 -70 -20 -144 -155 -74 55 36 -130 15 142 166 104 94 -3 -124 -25 -127 -116 43 -126 -44 73 35 42 141 170 59 -139 -159 -156 115 10 67 -12 -144 -65 -101 153 -165 -136 99 50 36 -5 105 -98 70 113 -120 74 6 160 163 168 126 120 -80 2 47 11 63 -88 93 108 -136 121 -149 100 -45 59 77 -100 35 84 -128 -118 -31 94 -85 -116 -48 -40 46 -169 127 106 -132 -108 -53 130 94 -38 -124 -67 -173 -30 -19 171 -8 9 11 -23 -124 14 -162 142 -75 -96 -105 ; 
15:57 30:118 26:100 33:129 26:100 32:128 14:54 11:41 16:60 30:118 36:144 12:48 26:104 28:108 25:97 6:22 17:65 10:40 17:65 10:38 8:28 36:144 16:62 25:99 36:140 23:91 2:8 18:70 0:0 7:27 5:17 1:3 33:129 29:115 34:134 9:35 6:20 6:22 35:137 13:49 4:14 42:168 42:164 30:118 23:89 15:59 11:43 11:41 31:123 13:49 6:22 34:134 6:24 23:89 31:121 15:59 6:20 4:12 32:128 8:28 54:212 17:65 13:49 13:49 17:65 7:27 19:75 22:86 6:22 27:107 17:67 1:1 36:142 10:36 34:134 10:36 28:112 35:139 20:76 38:152 18:68 14:56 13:51 27:107 8:30 8:32 26:100 30:120 32:126 11:41 24:94 6:24 8:28 7:27 8:28 27:105 16:60 42:164 21:83 32:124 20:76 11:43 14:52 12:48 33:131 16:62 3:9 12:48 7:25 22:86 42:166 12:48 13:49 37:145 14:54 17:65 36:142 30:118 6:22 15:59 6:20 48:192 36:140 4:12 23:91 36:140 4:14 25:97 18:72 9:33 9:33 33:129 12:44 21:83 39:155 17:67 25:97 37:145 32:124 11:41 30:120 8:30 6:20 20:76 18:72 28:112 12:46 48:190 11:43 4:16 18:72 27:105 8:28 44:174 16:62 5:19 17:67 23:89 16:60 10:40 10:40 8:28 12:46 38:152 5:19 36:140 11:43 7:27 17:65 40:160 10:38 20:76 13:51 10:40 25:97 40:158 9:35 58:230 6:24 38:148 44:172 36:144 11:41 16:64 29:113 16:64 10:40 12:44 46:184 9:35 46:184 10:36 30:118 35:137 5:17 23:89 5:19 41:161 0:0 22:88 27:107 ; 
L 95 97 -142 -61 28 41 -53 106 -49 145 -36 68 85 -1 124 -108 -123 79 -95 -123 -82 69 -32 124 -88 149 114 -124 -126 -119 -138 62 -6 -2 -53 -85 -106 -61 97 136 32 41 76 -126 -7 126 89 -131 -66 52 8 -19 111 79 19 84 54 66 -115 22 129 -105 -94 -67 -32 137 -139 17 110 149 21 -104 -9 -111 -62 -95 77 -42 20 -105 51 46 18 24 -11 138 38 60 -29 -79 -47 22 -32 -137 45 -17 -26 -9 99 146 32 -73 140 -39 -130 5 -66 -69 -18 -91 -11 26 80 9 150 31 55 77 -22 15 41 6 68 -111 -90 2 -118 -118 -42 99 -11 -33 99 57 140 16 56 -15 108 139 108 -12 88 130 -73 57 145 78 -81 -99 1 -9 125 60 46 -59 66 -44 -19 -33 126 -49 -75 34 16 -21 -15 -117 7 -33 -109 54 -80 -18 -45 52 -131 118 -149 95 124 -117 8 126 -40 -47 -15 82 29 35 14 -148 139 80 -68 16 82 -145 -39 -31 ; 
51 87 18 9 5 14 20 62 88 13 26 52 20 71 42 53 75 89 91 56 1 21 75 92 97 58 18 18 88 43 88 24 17 38 64 61 52 86 1 56 91 96 13 98 89 50 5 5 80 62 60 68 97 95 27 7 99 60 5 90 50 32 61 82 1 38 83 97 71 45 7 50 56 83 6 74 100 78 46 30 26 40 5 8 87 54 95 14 30 67 27 44 13 95 93 43 84 51 63 5 66 7 40 15 56 84 90 13 69 25 45 51 9 52 74 23 28 39 30 49 73 80 49 17 53 64 65 82 65 38 34 98 68 6 77 60 4 54 79 10 36 70 19 54 11 78 4 61 40 46 100 7 44 15 100 9 63 67 46 10 79 77 15 93 50 7 16 25 71 13 83 7 24 16 35 21 17 25 26 7 97 75 15 10 22 64 80 30 13 83 17 20 65 45 11 88 46 5 20 94 13 ; 
L 95 -59 -6 -2 -53 -80 -166 -26 11 -73 57 170 34 16 -125 -167 39 -165 131 139 99 104 -21 -53 106 -28 61 -14 -157 -118 -85 95 -145 175 155 29 97 -19 -32 -146 -9 -111 -94 -66 -124 -95 149 -118 -138 -124 -108 -149 -47 -15 -152 7 35 -45 -106 -153 -8 -61 32 41 76 -126 -142 -123 -95 -9 46 99 172 -130 -22 62 -5 -49 105 -129 -67 -32 -11 40 -32 -137 82 22 -17 -171 -78 -66 89 138 38 32 80 1 -164 19 -9 -29 139 -151 18 69 -126 90 -145 -62 -26 169 -118 57 -20 -158 44 -2 -140 73 -66 -85 -68 42 -46 21 60 31 24 52 7 1 15 -56 33 -162 -82 -117 139 -137 -77 -174 -55 -161 -18 109 -16 15 150 -54 -84 111 -45 16 82 -77 66 -159 88 -124 156 51 -15 160 -148 8 126 -149 -110 -19 145 -119 -114 9 -42 154 41 -54 124 123 -173 6 -111 -11 75 168 -126 -163 -18 -12 -36 99 88 130 -79 105 68 81 -39 -31 ; 
21:81 28:112 26:104 16:60 26:102 24:96 12:46 7:27 21:81 34:134 32:124 30:120 35:139 20:80 1:3 40:158 20:78 14:54 11:43 15:59 7:25 20:76 20:80 14:52 25:99 8:32 2:8 13:49 21:81 26:100 15:57 10:36 11:41 11:43 19:73 22:88 12:48 34:132 4:12 27:105 6:20 34:132 5:17 23:91 7:25 39:155 3:11 11:41 16:60 31:123 15:57 6:22 14:54 32:128 5:19 1:1 14:52 41:161 24:96 24:94 23:89 56:220 2:8 39:153 6:20 5:17 51:203 19:73 18:70 26:102 32:128 9:35 15:59 24:94 33:131 47:187 8:28 23:91 38:150 13:51 20:80 1:1 14:54 29:115 20:76 38:152 18:72 10:38 43:171 43:169 42:166 15:57 3:9 10:40 38:152 26:102 74:296 17:65 6:24 39:153 22:88 13:51 16:62 31:123 10:36 28:110 5:19 35:139 23:89 7:25 34:136 7:27 30:120 18:72 36:142 9:33 18:70 40:160 31:123 16:64 8:28 26:102 8:32 19:75 1:3 12:46 8:32 20:80 10:38 29:113 12:48 29:113 28:112 22:86 24:92 36:142 31:123 11:43 18:70 34:132 6:24 28:110 36:142 26:100 31:123 16:62 12:46 12:48 4:14 32:124 40:158 16:60 26:100 35:139 8:28 5:19 14:54 7:25 12:44 39:155 31:123 36:140 11:43 34:136 21:83 9:33 4:16 10:36 18:72 8:32 18:68 23:91 14:52 4:12 26:100 28:108 11:41 3:9 20:80 2:4 19:73 45:179 18:68 24:94 35:139 8:32 38:152 42:166 8:32 46:180 6:22 18:68 14:52 22:86 12:46 16:60 12:48 20:76 10:40 38:150 6:20 ; 
L 124 137 -7 117 -52 128 111 -12 -47 -94 63 -120 -3 -20 106 59 150 90 66 -35 79 -1 2 -134 107 -89 -128 37 3 -121 49 23 -18 117 -121 53 25 -41 -107 10 139 -35 10 79 -12 -21 69 3 22 108 88 85 -103 -129 -115 -83 107 -43 -127 25 -45 -28 -34 -53 -108 47 -108 56 -2 19 81 -9 122 44 141 -77 106 128 57 49 -65 22 -132 -30 72 134 -80 119 120 -106 -142 126 -51 -138 -68 134 15 -67 -4 16 -120 15 -94 -101 80 18 29 26 75 110 -9 -16 -93 145 1 10 105 -75 100 -128 -27 47 -79 1 48 114 -64 -137 -63 -73 147 -33 -113 78 103 -13 83 -148 -135 -140 -40 43 38 -124 132 -49 -96 34 -93 52 -117 74 36 104 61 -83 -35 -82 -67 103 -86 110 -59 129 133 -56 -27 3 128 131 68 120 -107 11 -121 -34 -125 6 16 14 99 -51 -125 -116 28 12 1 -38 23 50 -25 30 -80 104 98 120 -1 -24 58 118 ; 
9 8 35 45 88 10 28 27 30 77 50 77 39 12 71 51 78 55 23 80 76 80 16 61 36 35 16 26 9 19 19 11 98 64 32 55 2 30 51 35 26 7 9 33 37 39 35 47 67 88 31 44 92 81 59 13 100 23 37 82 80 34 56 7 46 2 83 72 9 10 67 35 33 39 50 9 74 75 66 73 6 68 9 37 48 19 45 8 40 31 50 11 60 7 86 91 80 76 50 54 18 39 77 23 83 73 35 10 56 74 26 8 60 46 58 44 87 45 34 4 34 49 29 86 83 34 90 13 44 65 100 91 70 69 77 91 80 3 30 41 9 20 71 99 88 51 60 54 78 90 72 8 80 25 57 18 43 46 19 38 79 57 28 20 30 90 30 16 43 66 63 66 99 36 72 71 32 59 83 4 16 87 63 18 88 48 60 21 35 47 34 70 23 15 46 54 65 99 73 38 58 ; 
L 3 128 131 -6 125 -85 -132 -25 -53 121 -68 79 -1 -100 125 117 -138 -164 -24 58 170 -28 49 126 -80 -150 78 -3 158 16 -34 -128 -168 93 -22 103 174 -173 -121 -25 124 137 134 -12 134 43 2 74 -99 -79 -35 15 152 -67 140 -163 14 -116 28 16 -120 21 51 36 -115 135 -104 129 103 83 34 25 -142 88 77 -52 83 -98 151 -63 106 82 47 129 -56 -105 -141 153 75 -110 86 -103 -159 16 -47 -23 38 41 145 26 -122 132 119 120 -106 -37 -19 -172 -96 -120 108 -73 147 -113 -72 -52 128 161 -1 -67 -3 -160 50 -117 18 -30 12 35 83 -128 -27 -4 -167 -10 -56 127 -75 -106 29 79 93 1 48 154 114 -64 -137 80 124 -38 -155 162 59 -43 117 156 107 89 -107 9 -81 -139 120 110 23 169 -7 51 108 69 -61 15 -94 -101 66 11 -121 -34 -1 -94 165 63 80 -10 45 49 -166 65 -171 27 13 128 57 -30 -10 -157 -53 -47 118 175 ; 
3:11 18:68 27:105 15:59 24:94 4:12 13:49 42:164 1:3 22:88 7:27 37:145 32:128 14:56 13:51 20:78 20:78 27:105 12:48 30:116 17:67 27:105 21:81 5:19 57:225 26:100 29:115 39:155 15:59 8:28 20:78 27:107 28:110 16:60 17:65 17:67 36:142 28:110 16:62 12:48 7:27 4:12 24:96 63:249 14:52 17:67 15:59 10:40 21:83 22:84 21:81 41:163 5:19 30:120 20:76 28:108 12:48 6:24 36:140 20:76 8:28 37:147 23:91 24:92 19:75 12:44 14:54 15:59 33:129 35:139 9:35 20:76 34:134 5:19 15:59 18:68 40:158 19:73 6:24 4:12 16:62 30:116 40:158 8:28 34:136 28:112 19:75 5:19 27:105 18:68 23:91 32:126 60:236 10:36 31:123 16:64 14:56 11:41 7:27 30:118 15:59 24:92 6:24 16:64 13:49 30:116 16:64 9:35 14:54 28:112 23:89 10:40 40:160 53:209 10:36 31:121 4:16 6:24 6:24 20:80 7:27 12:46 27:105 20:78 26:102 6:20 32:128 3:9 18:68 29:113 14:54 20:80 37:145 9:33 3:11 51:203 13:49 18:72 2:4 35:137 21:81 26:104 34:132 15:59 30:120 36:144 6:20 36:140 44:174 40:158 30:118 31:121 41:163 12:48 26:102 2:4 41:161 13:51 14:56 15:57 14:56 8:30 5:19 25:97 12:48 15:57 18:70 23:91 12:44 19:73 4:14 26:100 31:123 10:36 34:132 18:72 29:115 29:113 10:36 28:110 34:134 31:121 7:27 20:80 5:17 28:110 24:92 13:51 14:52 10:38 9:35 23:91 27:105 14:52 12:48 8:30 14:56 5:17 18:70 35:137 28:108 ; 
L -6 116 -37 56 131 -26 137 97 -39 -20 -70 97 29 83 -31 132 -21 142 12 -2 -58 -35 -47 74 -31 105 -148 145 -142 -103 43 76 99 14 40 43 -66 30 -73 59 62 94 -13 -39 10 -45 -51 101 -17 -146 -18 -122 -106 27 -105 29 116 40 55 -140 4 -38 -102 55 -62 -28 21 -73 4 -141 -137 100 91 124 79 -143 49 41 -25 -108 -27 -102 17 125 -34 -105 91 64 56 39 128 34 -15 44 96 -36 47 -80 -21 -115 -110 -120 99 -141 -87 73 -110 32 63 67 -133 -47 29 -70 -11 -47 114 -117 78 -9 53 38 -89 36 -47 132 1 -129 70 117 38 73 -15 -142 72 88 -45 -55 -89 12 105 -140 92 -131 22 -144 62 -121 -72 144 -39 38 105 144 -69 -65 78 141 -43 -120 -39 122 -116 65 -114 -14 -5 93 112 -29 -54 15 45 -49 -141 -22 18 -77 134 -21 -14 -112 86 -129 138 128 7 10 45 -5 59 86 -37 -18 40 -67 82 -138 93 -69 ; 
5 73 77 67 77 71 86 32 46 70 59 28 94 97 35 16 87 69 40 90 11 94 73 25 23 55 86 37 97 91 23 11 11 79 13 72 46 6 49 38 28 64 53 82 18 12 52 48 81 50 94 56 82 10 38 94 30 40 93 93 23 30 75 82 24 23 16 84 45 19 18 93 78 45 81 60 1 41 86 32 82 6 29 94 24 16 75 6 10 95 30 43 20 87 66 35 60 2 24 47 31 15 62 11 56 52 36 84 14 71 60 41 50 51 45 21 2 22 99 30 53 37 12 28 71 93 16 100 83 12 83 45 30 8 46 22 85 4 50 49 72 4 19 79 39 69 50 99 79 95 60 4 89 9 83 53 16 11 8 81 83 45 35 27 31 28 33 1 100 25 79 64 77 46 94 76 36 72 26 30 62 66 20 90 26 46 89 2 55 4 5 13 5 71 93 10 93 14 7 3 51 ; 
L -6 116 -70 -97 -173 -70 165 114 -110 -105 -140 92 -88 -149 -72 5 -44 15 -1 -39 -146 106 -162 99 159 35 58 2 151 -38 -116 -142 137 154 155 -145 148 38 163 65 69 -140 4 -122 -76 -43 160 -70 -21 142 82 43 142 15 -73 -15 144 -39 65 13 -94 -62 -105 -12 -55 -47 -51 -20 80 -157 12 36 112 89 83 -31 132 156 30 -45 63 -166 -7 -138 -120 25 -122 143 -79 49 40 55 73 -110 32 -56 -27 124 -39 21 -26 -132 47 -36 -141 -66 -125 -17 74 -64 -91 11 -45 -29 144 -102 -120 93 47 -45 -14 -117 -150 -97 105 -27 -18 -53 -167 -34 -108 -172 28 -55 102 -105 -59 -171 -59 10 86 -54 -141 29 116 152 -169 21 134 -105 5 -77 100 91 89 -38 73 170 -131 43 121 -62 144 -22 37 -86 96 18 14 67 -141 -22 112 -164 -131 -56 37 -158 39 34 78 -9 -18 161 40 4 -137 73 -21 -38 -168 138 -115 153 39 103 78 129 93 -69 ; 
2:8 30:116 35:139 20:76 11:43 25:97 9:35 14:56 5:19 10:38 14:54 8:30 22:88 34:136 37:145 22:86 5:19 35:139 27:107 35:139 8:32 27:107 28:108 11:43 12:48 8:30 38:150 5:17 60:240 28:110 18:72 15:57 23:91 43:171 18:70 6:24 15:59 46:180 9:35 12:44 22:84 40:158 10:36 17:65 6:22 5:17 14:54 22:88 15:59 28:110 6:22 31:121 11:41 4:12 12:48 15:57 8:32 24:96 21:83 8:28 22:84 26:102 5:19 29:115 40:160 18:70 22:84 23:91 21:83 62:244 12:46 3:9 37:145 2:8 36:144 14:56 7:25 2:8 2:6 22:88 2:8 34:132 17:67 36:142 24:96 5:17 20:76 19:75 24:96 10:38 19:75 18:72 20:76 15:57 34:134 28:110 33:129 9:33 29:113 27:107 5:19 58:232 38:148 29:113 18:72 12:46 26:102 38:150 4:14 12:44 3:9 29:115 12:46 24:94 3:9 11:43 12:46 15:59 4:14 28:110 12:48 18:70 31:121 32:126 30:116 16:60 15:59 14:54 32:126 10:38 1:1 9:35 11:41 3:11 33:131 20:76 7:27 40:160 13:51 33:129 30:118 30:120 20:76 21:83 12:48 28:110 9:35 28:110 39:155 18:70 35:139 3:11 20:80 32:124 23:89 5:19 16:64 12:46 17:65 14:56 9:35 40:158 20:80 28:110 33:129 2:8 41:161 20:80 40:156 9:35 56:220 31:121 18:70 3:11 33:131 31:123 27:107 19:73 8:32 15:59 28:110 12:48 18:68 1:3 38:152 35:139 4:14 20:78 34:134 28:108 7:25 21:83 15:57 22:84 1:3 14:54 18:68 1:1 8:30 2:4 21:81 ; 
L 103 -62 -110 -57 10 -13 -131 58 -123 61 129 15 42 -75 -137 -48 -120 -93 -31 9 109 -28 14 76 -28 -65 79 147 98 -45 3 -89 83 -21 -37 108 -10 -105 -75 114 34 -77 -125 59 90 -95 -34 -145 31 -120 90 -30 -19 -131 107 -107 -139 -35 128 134 62 -20 -89 -150 -120 52 -22 -93 -109 -39 142 -137 -141 142 87 -32 24 63 27 135 -54 -112 -39 -32 118 -120 81 107 -110 113 -139 -12 24 143 -91 -87 122 137 -127 -120 -46 73 -6 -53 -39 -74 -117 -5 -62 22 122 -25 -47 50 -119 -109 -111 -42 148 -145 91 -108 15 -47 -114 -15 -43 90 28 -50 150 99 26 8 -97 -19 -122 -58 -81 -25 -50 -5 71 145 -137 143 68 132 -22 -29 149 119 -81 10 -93 39 37 28 -46 -47 61 140 65 31 -145 53 -131 -99 31 116 52 25 43 125 -90 128 67 26 55 -113 -68 -108 48 -33 94 -82 -126 -75 -53 -96 -83 -86 -28 -116 -29 -139 8 -87 26 30 ; 
90 80 79 49 66 74 31 3 15 57 60 93 31 34 54 100 12 15 30 31 3 72 12 35 47 62 5 40 43 31 95 26 79 35 96 7 46 27 39 16 92 70 23 73 51 67 70 2 80 32 12 65 82 92 71 100 78 25 49 2 89 37 43 17 90 7 39 1 46 83 6 92 95 47 93 12 84 16 71 96 79 47 14 8 81 81 81 8 14 77 19 92 66 98 55 83 18 57 88 30 25 32 8 76 6 44 13 86 58 15 13 83 45 25 2 9 42 94 10 28 43 30 36 35 40 97 27 33 37 95 66 44 35 56 91 63 97 74 83 12 79 42 81 50 19 100 62 14 85 67 17 40 65 53 25 90 9 27 48 79 35 2 22 22 93 20 44 67 27 9 63 25 76 36 62 87 23 13 52 66 38 76 2 18 2 1 25 69 97 2 69 46 18 14 76 69 94 87 4 95 17 ; 
L -42 52 -107 -109 -139 14 -25 29 -97 -19 -58 -154 122 161 -148 -50 150 9 39 37 -74 155 -119 -31 -39 22 28 -145 120 -137 -48 98 -131 107 105 10 -173 -120 45 -128 116 28 67 81 -119 -108 37 21 132 -75 -122 34 25 -10 174 131 -163 -48 -22 -140 -46 47 -43 -77 -126 -117 8 95 -90 -127 -79 -156 171 59 -32 30 110 111 -167 109 -113 61 165 129 99 -175 -81 -172 -139 170 50 -157 123 -120 -28 114 113 -32 24 8 76 -28 -118 -19 -12 24 62 -152 -58 131 13 57 110 43 149 -89 -150 114 91 -158 -89 137 39 73 -6 162 -82 53 62 93 96 -108 15 -107 151 142 -63 75 39 -153 -94 -169 90 87 -65 145 -137 166 120 147 -120 -83 -160 139 -5 -52 -116 33 -53 145 -31 -141 -168 125 -50 -46 -47 29 -143 54 -28 83 -145 137 -15 -68 -108 109 -164 25 143 91 159 31 68 90 15 20 -62 27 -26 99 87 -122 -22 -61 47 35 26 30 ; 
14:52 20:76 21:83 2:4 2:8 19:73 29:113 30:116 25:99 26:100 36:142 18:70 22:88 12:44 31:123 25:99 27:105 22:86 27:105 34:136 9:35 3:11 18:68 6:20 10:40 12:48 8:30 51:201 5:17 34:132 40:160 6:20 34:136 29:113 9:33 11:43 35:139 4:14 4:14 5:17 26:102 6:22 18:72 8:32 26:104 39:153 3:11 39:153 6:22 5:17 27:107 42:164 12:44 10:38 38:150 29:115 38:148 2:6 11:41 25:99 2:6 24:94 17:67 52:208 16:64 34:132 13:49 25:99 27:107 18:70 11:43 12:46 40:160 9:33 29:113 24:94 49:195 27:105 34:134 16:64 7:25 40:156 28:110 30:118 42:164 37:145 29:113 7:27 7:25 3:11 20:80 16:60 22:84 43:171 12:46 13:49 17:67 17:67 34:134 44:172 21:81 19:75 21:81 42:166 52:204 27:105 41:163 21:81 32:128 2:4 13:49 43:169 20:78 29:115 4:12 11:41 7:27 44:176 11:43 12:46 5:17 22:86 13:51 12:48 4:12 38:148 23:89 7:27 39:153 33:131 19:73 8:30 15:57 29:113 8:30 6:20 28:108 11:41 7:27 6:24 1:1 2:4 22:84 22:86 14:52 13:49 48:190 7:27 24:92 18:68 17:67 16:60 22:84 12:46 12:48 17:65 26:100 4:16 8:28 8:32 38:148 43:171 20:80 17:65 14:52 20:76 32:126 15:59 8:32 21:81 2:6 6:22 33:131 31:123 16:62 12:46 31:121 4:14 23:89 52:206 18:72 14:54 13:49 30:120 2:4 13:49 6:22 16:64 15:59 23:89 49:195 10:36 17:67 40:156 6:20 5:17 19:75 9:33 19:75 38:152 7:27 ; 
L -80 54 -96 45 -4 116 56 -16 58 105 -134 -147 18 -13 133 16 111 -92 -126 -144 146 -76 -83 115 93 147 -128 -50 -54 145 -69 1 -27 -52 -104 53 -53 69 -85 -27 99 -36 7 107 -120 -128 20 -20 -20 98 64 -46 -66 81 36 -122 -34 130 -136 7 133 148 89 -143 -28 -56 80 -78 -22 50 62 64 7 88 117 73 -16 -1 71 -136 -69 118 -102 134 -147 150 -48 -12 -51 -129 -11 144 57 -143 68 92 -50 82 24 28 -129 39 -50 -60 -142 -90 1 -98 -105 -149 -92 134 -46 37 80 29 -94 98 -30 -127 -6 144 -110 -149 -65 -129 150 -92 126 -123 -36 -56 6 113 99 86 -79 120 -130 33 -2 149 122 -105 -47 -94 -107 -79 -57 -104 141 40 -81 -64 -134 -29 -150 139 42 4 -56 22 31 -74 119 71 100 32 8 72 64 -10 -99 -5 -108 114 -8 -9 83 81 43 137 63 77 -99 -27 5 57 84 92 47 101 -124 127 33 -121 -24 -84 -113 149 ; 
35 90 24 36 97 6 11 57 30 2 26 56 54 78 67 44 21 81 25 100 56 20 11 96 27 99 59 74 33 34 80 24 88 16 81 10 48 66 51 46 76 10 71 29 82 28 88 80 88 67 86 21 55 45 60 4 69 13 72 100 42 13 99 80 74 44 30 70 10 99 22 81 6 44 98 86 99 21 81 74 22 11 31 99 23 61 40 82 61 12 14 73 28 39 38 59 56 17 72 26 17 4 15 89 59 22 43 28 13 96 22 9 82 69 71 67 25 18 77 88 18 14 32 11 94 87 6 23 8 17 42 26 93 62 71 28 6 63 59 52 40 31 87 45 84 90 37 41 5 13 33 53 15 99 28 74 32 66 43 24 100 14 94 49 52 68 92 56 78 79 96 40 57 23 11 49 98 3 49 36 87 76 34 35 43 93 14 57 72 83 30 31 4 34 71 21 68 29 8 59 10 ; 
L 54 -86 -31 -22 -169 -143 141 -82 -33 130 8 -62 -50 -99 -134 12 159 -89 -94 36 -122 -144 56 123 -5 158 -148 -104 -1 71 -168 -58 16 -13 133 16 171 111 -175 2 -174 -129 -11 -167 -32 -115 139 42 -120 142 100 -154 -143 10 -102 46 -72 -124 64 -1 105 114 99 -74 161 60 -110 128 -92 -79 120 144 -150 -162 -51 -84 -24 -113 -6 173 151 57 1 -98 -64 -98 93 147 69 116 -92 -5 -37 108 -165 -27 -78 -22 -153 136 20 -119 -56 80 -146 -28 -24 40 -81 54 50 71 -147 134 -172 -68 -127 107 147 92 99 33 8 50 81 -156 164 129 88 117 46 7 133 39 -145 -76 -83 27 -77 4 -57 -104 126 -157 136 53 105 -134 -96 -20 56 150 -48 -90 121 -9 126 65 -7 84 85 98 -127 -79 -130 -163 -53 99 63 6 94 47 -18 36 45 -4 -64 -134 -29 57 152 92 47 170 34 -137 -160 -80 -166 149 -129 150 122 43 -155 73 -28 -83 -113 149 ; 
43:169 8:32 19:73 38:150 36:142 3:9 20:80 23:91 3:11 21:83 18:70 30:120 9:35 7:27 2:4 34:134 42:166 44:174 15:57 12:48 2:6 29:113 41:161 25:99 3:9 8:28 22:86 27:105 26:104 33:129 31:123 28:108 5:17 30:116 27:107 18:70 6:22 37:147 15:57 29:115 3:11 20:80 6:22 38:152 35:137 20:80 5:19 18:68 4:14 11:43 32:126 36:140 16:60 16:60 41:163 12:48 56:220 47:187 24:94 6:22 22:88 43:171 26:102 13:49 23:91 23:91 13:49 26:102 27:107 4:16 26:100 32:126 22:84 16:60 11:43 6:24 13:51 62:246 25:99 20:78 27:107 25:97 38:148 12:44 9:33 35:137 11:43 40:158 20:76 24:92 23:91 24:94 12:48 7:27 17:67 38:152 7:27 4:16 25:99 26:102 20:80 26:104 24:96 12:48 48:190 18:70 11:41 28:108 6:24 17:65 14:52 30:116 17:65 33:131 6:24 14:54 8:28 11:43 46:184 32:128 10:38 42:164 6:20 32:128 2:6 29:115 12:48 9:35 4:12 40:156 31:123 16:62 17:67 12:44 8:28 6:20 5:17 15:57 62:248 7:25 4:14 6:20 19:73 11:43 32:126 37:145 2:4 27:105 4:14 6:22 7:25 21:83 16:64 8:30 24:92 5:17 30:120 16:62 5:17 24:96 27:107 19:75 52:206 5:19 25:99 22:88 21:83 20:76 48:188 24:96 15:59 36:144 4:12 67:265 5:19 39:155 8:28 12:44 30:118 3:11 47:185 31:123 12:48 14:54 32:124 20:80 66:260 12:48 15:59 38:150 8:28 3:9 8:32 50:198 74:292 50:200 14:56 36:140 17:65 24:94 4:16 ; 
L 78 23 27 -44 -55 40 -136 120 10 105 129 61 -67 24 -143 63 -109 22 -150 108 -1 129 -16 -127 119 34 107 138 125 -67 18 -102 -132 -126 -134 110 -30 68 -104 145 -42 -61 12 -2 -74 -48 -57 98 -65 93 -6 -104 -68 -121 98 -76 -59 84 15 -32 85 84 76 -84 116 41 -149 145 -8 -81 -15 -51 87 58 -121 -148 -81 59 -84 -75 2 15 -74 87 -58 -91 107 -128 -84 64 126 -112 130 -98 -64 144 106 64 -123 109 106 60 -56 -126 -65 -3 72 -107 135 -133 -146 -67 95 -111 99 117 -22 42 -107 -16 -68 116 84 -83 -127 140 -77 130 -34 -136 -61 -92 -77 144 130 91 46 -36 -17 119 39 24 -149 -59 73 -64 18 143 68 10 -26 -51 25 97 29 -103 -27 -133 30 68 70 41 -22 -20 -18 -91 80 108 22 -13 -131 -64 116 -97 -97 45 111 144 -79 4 83 -61 18 55 96 117 -125 88 56 65 -122 36 34 -128 65 142 24 25 29 -114 ; 
31 66 91 33 93 74 20 99 35 39 21 44 39 54 26 59 67 5 4 45 9 48 69 14 7 29 16 16 44 52 65 79 29 87 62 68 93 12 23 84 71 9 75 92 25 4 28 9 67 20 19 48 44 57 68 40 31 82 79 9 24 38 61 14 61 77 33 62 3 72 92 96 53 89 10 64 46 9 40 59 40 46 98 9 17 97 43 48 13 17 46 64 96 34 29 11 41 49 50 80 62 9 43 85 31 22 87 13 9 1 56 32 69 17 27 100 83 62 20 31 41 97 79 6 50 29 86 33 65 32 6 100 83 100 2 96 13 98 82 99 34 39 82 47 53 62 96 26 47 100 86 56 4 43 32 48 1 13 72 93 10 68 11 67 96 97 64 42 63 21 96 19 43 81 5 28 88 6 96 73 62 71 57 65 38 92 14 87 80 13 99 12 27 76 44 85 3 88 90 93 16 ; 
L 78 23 -8 -81 6 -93 -67 18 -102 -132 -126 -15 -87 -130 -148 -117 -99 -61 18 29 59 -135 107 107 -64 -149 145 122 -65 167 97 157 -27 -20 46 104 88 133 24 -51 98 163 3 129 -131 -142 -76 -34 -76 -154 -68 72 -25 91 110 -15 165 2 -134 -91 -149 92 -164 -143 -81 111 41 171 18 74 91 18 -172 -162 103 109 -67 83 127 -98 -119 -58 -44 -55 40 -136 120 10 105 48 -24 -57 84 85 84 -26 150 27 68 -96 77 -75 144 -61 -64 84 -166 116 -42 161 126 79 -144 -140 -168 55 -61 127 -146 2 68 159 -36 42 -87 -130 112 24 -22 -80 160 -65 45 111 34 152 41 151 -22 -126 -4 -145 -36 144 -77 -70 133 -84 -104 -68 116 -65 -61 13 -22 73 -130 116 -169 107 125 59 -34 109 -83 -84 -97 22 136 123 -59 -174 -56 98 -64 -106 -153 -39 -119 17 -128 -16 -173 -84 1 -175 107 158 108 156 -121 -170 -143 63 -10 129 56 -51 155 25 ; 
13:49 27:105 8:28 29:115 47:185 8:30 10:40 26:104 32:126 12:46 35:139 6:24 20:78 25:97 27:105 28:108 40:160 18:70 23:91 14:54 38:152 2:6 4:14 22:86 26:102 41:161 25:99 5:17 40:158 40:160 10:40 14:54 17:67 18:72 2:6 20:76 11:41 23:89 23:91 26:100 16:64 28:112 23:91 17:65 31:121 16:60 60:240 16:60 15:57 34:134 13:49 48:190 8:30 10:36 41:163 15:59 28:108 10:36 17:67 22:86 27:107 16:60 46:182 27:107 6:20 5:19 29:115 20:80 19:75 9:33 26:100 39:155 24:94 17:65 32:126 4:14 25:97 20:76 24:94 37:147 16:64 3:11 8:32 38:148 30:118 8:32 40:158 14:56 16:62 24:96 10:38 7:27 12:48 31:123 16:60 18:68 16:60 29:115 24:92 9:33 44:172 42:168 22:86 34:134 13:51 10:40 20:78 23:91 9:35 50:196 30:116 24:96 39:153 16:64 25:99 11:41 19:73 38:152 7:27 19:75 38:148 12:46 14:56 10:36 34:134 8:30 39:153 28:110 34:134 4:12 34:136 23:89 23:91 36:140 18:70 9:35 43:171 4:12 38:150 13:49 12:48 12:44 54:214 30:118 3:9 11:43 21:83 10:36 49:195 18:68 39:155 3:11 14:52 26:102 0:0 1:3 14:56 6:22 36:140 10:40 12:46 1:1 25:97 22:86 38:150 5:17 15:59 6:24 9:33 24:92 12:48 12:48 24:96 31:123 16:60 20:78 26:104 36:140 14:54 40:158 13:51 12:46 23:89 31:123 27:107 18:68 34:132 33:129 13:49 9:35 8:32 4:14 14:56 24:94 30:116 20:78 20:76 34:136 15:57 39:155 4:12 ; 
L -104 -140 94 -41 -85 -71 -126 123 -88 -80 -132 13 -78 45 -38 -77 -75 -44 -99 114 3 133 149 136 -4 146 24 -8 47 -30 -10 -95 32 -94 -103 -16 18 -79 83 -120 37 54 -93 -75 -37 -149 -35 141 -144 56 -82 122 140 -131 -62 -88 8 -105 -116 37 47 125 127 99 -71 29 122 99 -70 -12 -142 132 1 -99 132 38 -97 88 -10 149 6 113 -37 64 103 -19 -12 -80 -122 54 -144 -44 141 -90 29 -128 -115 94 52 -25 -126 134 -10 -145 111 -74 136 69 -32 -144 -89 -97 72 -145 -32 -55 -18 1 17 3 143 -18 -148 57 37 -72 -141 43 103 -122 144 -89 -47 42 -12 -1 11 -22 29 -44 -56 28 76 27 135 -27 140 -12 -14 106 22 -108 -51 150 99 -109 -59 3 -52 -45 -7 33 37 98 82 -40 -124 -45 -106 -110 -85 -136 -122 -135 -98 -146 -19 105 11 -94 -29 140 15 79 -129 79 84 -20 -110 -30 58 -111 136 107 -78 -110 59 -149 43 -93 ; 
69 98 51 55 52 70 64 57 37 18 82 44 98 94 26 71 83 26 33 33 74 22 77 3 28 52 77 93 45 92 25 9 4 9 21 81 25 15 50 64 72 10 8 42 6 62 88 15 73 58 63 68 93 81 8 49 30 46 32 89 7 34 96 21 49 52 87 89 55 95 12 36 81 69 77 9 60 65 91 71 73 33 91 99 23 40 60 45 46 3 75 76 20 47 85 86 12 23 75 18 53 58 5 48 12 8 29 84 7 91 60 28 8 46 85 30 70 97 14 85 71 10 60 68 46 38 84 40 77 85 60 63 82 9 82 8 13 61 38 93 30 45 76 13 4 26 8 27 95 59 4 100 41 36 98 17 30 62 94 30 37 99 2 48 90 15 78 31 96 15 45 18 11 93 6 21 96 31 44 69 65 62 5 46 11 32 9 87 93 30 70 94 58 41 3 52 88 46 54 25 67 ; 
L -104 -140 99 -70 -12 -142 94 -32 95 122 110 78 -18 11 -90 -82 -29 140 79 105 103 -47 -24 -29 -85 -51 1 12 -42 59 -160 -140 -45 149 -78 45 75 -43 110 20 -103 136 47 -52 80 163 29 167 -4 126 -47 -171 -107 141 -144 -22 -154 -97 -98 -166 3 89 122 -103 -136 -173 -165 -72 -10 -145 109 -8 -44 -99 17 -105 -44 132 -84 -133 99 88 -35 140 -27 37 -153 -175 -7 25 -52 -94 -37 120 124 -158 -151 -37 32 -69 -136 -111 145 -134 126 -170 56 -169 -40 -33 -54 99 99 -1 38 28 22 -108 85 -1 155 -19 168 -79 -122 127 144 152 144 132 30 56 -58 141 -94 -136 83 161 -37 -149 41 44 -14 106 -37 64 18 55 89 12 -54 132 76 -79 -122 45 75 -6 13 -82 -157 97 128 -146 149 -59 80 141 -57 148 18 -3 -144 -129 162 116 -29 -88 -19 -30 98 156 12 -111 164 110 106 -122 -3 -114 -11 131 113 159 -123 172 -43 77 174 -93 ; 
28:110 40:156 46:184 22:88 38:152 5:19 10:36 4:14 2:6 15:57 10:38 21:83 9:33 34:134 13:51 3:9 35:137 25:99 6:22 9:33 24:92 46:184 10:38 58:232 25:99 10:40 17:65 4:12 33:131 6:24 19:73 13:51 20:78 11:43 31:121 26:102 24:94 53:209 14:52 38:148 7:27 10:38 14:54 20:80 8:30 8:32 31:123 16:62 39:155 9:35 33:131 9:35 8:30 15:57 30:116 13:49 14:56 20:80 24:92 21:81 19:75 51:201 16:60 34:136 23:91 32:124 10:36 33:129 4:12 20:76 19:75 24:92 24:92 14:52 4:14 25:99 6:22 10:36 59:233 31:123 5:17 26:104 8:30 8:30 13:49 4:14 10:36 16:62 4:14 4:12 8:28 30:120 10:40 29:115 13:49 32:126 20:76 38:150 38:148 3:11 34:134 8:30 5:19 9:35 24:92 40:160 16:62 33:129 2:8 12:46 41:163 4:14 11:43 28:110 16:60 2:8 41:163 40:160 40:156 24:94 51:203 25:97 9:35 10:36 8:32 22:88 14:54 30:118 16:60 29:115 40:156 1:3 30:116 23:91 34:134 2:8 40:158 22:88 12:44 9:35 9:33 11:43 16:64 24:94 27:107 40:158 7:27 28:112 10:36 22:86 14:56 13:49 8:28 3:11 10:40 34:134 24:92 39:155 23:91 8:28 19:75 26:102 14:56 8:28 10:40 19:73 44:176 26:100 29:113 28:108 24:96 23:91 61:241 37:147 44:172 23:91 18:68 7:25 22:88 25:99 24:92 65:259 35:139 23:89 7:27 11:43 6:24 13:49 50:196 30:118 41:161 28:110 12:44 45:179 6:24 5:19 18:70 14:54 10:36 18:70 27:107 ; 
L 82 124 27 133 -131 -42 87 -88 111 41 -16 -150 -26 -126 141 25 50 114 81 -6 -75 -68 -20 -103 47 3 5 -20 -96 97 36 -144 -125 135 94 -4 -70 -80 124 -138 -9 47 133 89 12 37 -116 -117 -85 132 100 104 142 -139 82 -129 -141 81 25 127 -31 96 -84 17 -124 95 19 49 33 119 -51 38 -25 -83 34 107 83 -100 29 131 148 69 134 124 -42 -33 144 69 -37 39 -146 103 -38 -71 -114 -84 -86 -145 -149 113 -97 49 -106 104 60 -109 -89 -47 139 129 -96 -9 -58 -130 135 -63 -86 -135 19 120 34 -5 20 -11 -139 47 63 -25 -125 79 -149 80 92 -54 -131 119 134 32 -115 108 48 -125 132 -57 25 129 -78 -60 -43 -121 -48 31 -97 23 97 -60 -90 -103 -71 -137 55 15 93 23 130 116 -113 68 -56 13 137 -67 -117 -48 -22 107 -13 -138 35 64 -139 133 -114 107 -59 -77 68 9 -120 42 -80 67 10 14 128 -37 -34 -48 98 -34 ; 
17 1 48 24 51 22 82 13 76 98 78 15 36 41 78 93 30 60 37 55 78 48 84 82 96 67 11 38 56 79 79 96 31 11 76 83 8 53 11 26 68 82 50 72 68 44 79 16 38 61 56 96 92 12 15 45 65 66 72 86 15 45 84 32 88 18 76 92 66 76 94 93 99 75 60 98 2 34 75 88 74 30 59 6 64 20 85 52 13 37 26 79 20 62 94 99 14 85 18 47 20 98 64 78 19 14 9 33 70 49 81 75 70 91 98 81 89 52 77 29 59 64 5 27 57 58 95 28 90 82 67 78 74 28 95 24 56 55 44 86 18 54 52 60 81 73 81 81 84 38 45 24 36 85 93 91 72 37 85 41 66 39 62 11 24 13 66 73 5 61 1 18 10 46 41 50 55 78 3 25 91 42 4 8 63 63 87 70 21 16 41 59 99 29 63 31 43 80 37 74 61 ; 
L 14 68 85 -36 -97 -20 5 60 165 106 -125 100 -94 -135 81 80 172 149 103 25 166 -87 131 -125 -119 -159 -29 9 96 -129 -139 47 89 3 -68 133 -103 -58 -60 141 -138 163 -82 139 75 25 4 -19 124 -48 90 -114 141 38 -54 33 174 132 -13 56 23 -130 -97 -152 9 -169 -47 -5 -134 134 168 137 31 151 162 50 154 -111 -35 -97 23 -104 -47 -171 -20 -96 22 -67 117 -59 -124 60 -117 47 -115 108 48 -79 135 63 -26 -126 -48 113 96 -84 17 131 148 69 -64 25 -103 -43 104 81 41 -158 -120 67 -137 55 -37 -145 -71 -114 -128 13 130 12 37 -116 -107 173 -83 -71 -149 80 -92 -9 -135 -25 -34 -155 -49 -97 -19 49 39 -146 -129 114 -68 -20 157 42 -120 25 138 -124 80 70 116 -113 34 -121 -132 161 124 10 82 -88 -164 170 175 -16 153 167 133 89 125 -93 -15 -86 34 83 37 -119 160 -69 -144 42 -57 156 -100 -139 127 142 98 -34 ; 
6:24 44:176 18:70 27:105 32:126 1:1 2:8 10:36 8:30 29:115 25:99 29:115 44:176 31:121 12:48 10:40 14:52 38:150 7:25 10:36 32:126 16:64 18:68 9:33 33:129 19:73 12:44 14:52 30:120 33:129 20:78 28:112 14:52 14:54 18:72 5:17 18:68 15:59 11:41 26:100 23:89 34:136 23:89 6:24 16:64 21:81 19:75 23:89 20:76 41:161 25:97 31:121 23:91 43:171 19:73 19:73 2:8 5:17 8:32 25:97 22:84 8:30 64:256 36:140 22:88 38:152 5:19 22:88 2:6 14:54 9:35 33:129 11:43 32:126 41:163 26:102 29:115 19:75 14:56 6:20 34:136 12:48 27:105 13:51 32:124 23:89 31:121 57:225 37:147 33:131 6:20 28:110 36:142 16:60 16:64 35:137 8:28 27:107 39:153 3:11 13:49 17:65 27:107 22:84 22:88 34:134 13:51 34:132 30:118 12:48 30:120 16:60 26:102 52:204 6:24 9:35 50:196 44:172 22:86 13:49 8:28 5:19 22:84 29:115 36:144 38:150 12:46 10:40 6:22 24:94 18:70 32:126 30:116 11:43 6:24 10:36 23:89 32:124 35:139 31:121 21:81 27:107 17:67 58:228 28:108 46:180 2:4 22:88 26:104 11:41 3:11 26:104 7:27 34:134 28:112 14:54 17:67 27:105 18:70 11:41 5:17 22:84 15:59 27:105 22:84 17:65 26:102 10:36 55:219 17:67 13:49 22:84 30:116 28:110 10:40 15:57 31:123 4:14 25:97 29:115 17:65 45:177 25:99 28:108 19:75 35:137 9:33 12:44 14:54 28:112 21:83 4:14 22:84 27:107 6:20 37:145 29:115 16:60 44:172 30:118 25:97 ; 
L 24 116 -65 -51 92 37 36 23 36 -50 51 31 39 -112 -72 35 132 -113 -126 -45 -72 2 -43 45 -88 -74 -102 -20 -144 -2 -89 -130 -97 -125 81 125 -97 23 115 28 124 -77 -129 -31 86 66 -91 -6 103 -78 -137 30 46 -79 -115 148 -147 147 134 115 113 -141 -118 -122 -75 79 -23 -75 134 42 -53 -146 -10 47 -86 -107 -28 -38 93 -96 44 20 78 2 14 142 122 59 -115 -71 144 62 -29 108 102 18 115 70 112 -82 -53 44 145 30 -13 147 47 -36 -92 -75 -53 -70 101 86 -125 149 -118 38 98 44 95 144 86 -144 -109 27 118 98 -138 118 17 -135 -138 -95 -59 85 -56 -150 26 -86 -68 84 127 122 100 96 -101 69 65 6 -105 -132 84 -55 23 -40 -30 -114 97 -27 -51 45 -71 -133 71 58 -15 8 -17 133 -27 150 -71 46 32 104 -144 -13 -98 7 -137 -98 148 18 106 -81 51 87 -132 -114 -109 19 -134 -143 -113 -36 52 30 24 -88 ; 
58 45 21 41 30 22 32 46 55 9 91 89 43 92 74 49 59 92 48 97 18 95 87 20 35 72 21 60 99 50 95 94 98 96 33 5 67 53 100 66 75 54 11 35 50 74 40 58 19 58 31 1 57 70 33 96 67 45 34 91 8 74 11 53 11 100 28 23 45 70 9 69 22 79 12 54 45 76 57 49 57 91 58 36 26 42 27 71 82 12 79 31 84 75 4 100 64 25 70 23 41 70 85 64 28 34 96 32 13 5 81 28 65 8 16 71 43 36 88 90 47 74 7 26 20 23 26 1 68 16 74 40 97 35 17 4 46 71 44 44 32 77 64 79 99 5 38 91 94 50 93 81 10 98 97 43 100 23 19 41 41 28 91 41 66 77 35 51 12 18 36 75 53 88 95 88 84 81 31 83 20 30 3 38 25 93 37 17 1 20 20 13 12 45 46 1 91 84 55 92 6 ; 
L 24 116 155 -115 -38 118 15 -58 -152 149 153 112 91 18 30 37 36 23 -46 143 -71 -169 -72 148 -53 23 -98 -97 -125 -81 -44 138 -98 -118 113 150 -115 -134 -31 -20 162 -144 -75 -65 86 -144 82 -88 -74 158 -96 -66 -59 113 -144 -70 147 -45 -148 89 -122 -112 -51 92 -174 -84 132 -55 23 -72 -166 -13 14 142 -46 107 -102 53 -160 51 31 71 71 17 -135 150 56 20 -30 -145 -13 -79 -96 -2 -78 -168 -44 -98 101 159 8 -115 -71 6 27 -65 -70 -115 -87 163 75 -137 -98 103 126 -28 -38 -146 -45 100 29 118 165 -51 -68 84 -137 -122 23 115 28 124 -77 -129 42 -53 172 44 -122 -154 -170 -101 -39 -86 -47 -106 79 30 -36 2 -127 -167 156 -50 93 -10 35 105 -36 144 -86 102 -75 95 -175 -7 171 113 -40 130 -32 26 -134 -86 -157 -151 104 134 -19 27 17 47 -97 173 30 109 132 -147 43 161 -6 92 36 45 -164 125 -2 114 24 -88 ; 
24:92 18:72 2:4 7:27 20:80 15:57 10:38 14:56 30:120 14:54 23:89 13:51 30:120 2:8 10:38 16:64 13:51 19:73 11:43 21:83 6:20 12:44 13:49 10:40 20:76 17:65 2:4 8:32 32:128 2:8 5:17 6:20 28:108 1:1 1:3 43:169 10:40 37:145 16:60 27:105 14:54 33:129 9:35 24:94 2:4 11:41 9:35 30:120 29:115 21:81 22:84 21:83 12:44 20:78 20:80 29:115 7:25 11:43 6:24 59:235 28:110 1:1 16:64 12:48 45:179 36:144 4:16 15:57 39:155 9:35 11:43 22:88 15:59 17:67 3:9 34:132 29:113 18:68 13:51 27:105 36:142 58:228 11:43 12:44 16:64 46:180 29:113 12:46 12:44 26:102 46:184 23:89 38:148 10:40 15:57 24:94 20:78 36:144 40:160 3:9 63:251 36:142 5:19 28:112 8:30 24:94 29:113 10:40 20:76 11:41 41:163 7:27 12:48 17:67 36:140 18:72 31:121 30:118 4:14 28:110 38:150 20:76 36:144 27:107 14:56 22:84 17:67 18:70 14:56 40:160 27:105 30:120 22:86 5:17 40:158 4:14 22:84 15:59 24:94 44:174 11:43 14:52 4:12 16:60 5:17 43:171 4:14 18:72 22:86 48:190 22:84 8:32 14:56 16:64 14:52 16:62 11:43 18:68 19:75 46:180 38:150 27:105 5:17 8:30 20:76 7:27 80:318 4:16 33:129 16:64 32:128 13:51 5:17 29:113 5:17 19:75 30:118 29:115 5:19 11:41 8:30 36:144 14:52 39:155 64:252 40:158 14:56 37:145 6:20 40:160 62:248 3:11 6:20 32:126 19:75 17:65 39:153 5:19 16:62 37:147 3:9 ; 
L 114 -130 -137 -16 21 -58 64 22 -88 -123 38 -106 67 -2 -81 142 -47 -89 -82 -101 146 80 -73 62 20 -101 144 47 -40 -133 6 -40 -127 -19 19 -43 108 22 -33 93 -111 32 49 -94 -44 -84 76 -58 -75 -88 87 72 94 94 123 75 120 138 37 57 -100 -25 48 103 -135 -55 -121 104 144 -2 -30 141 16 -95 38 18 61 -70 58 -109 123 11 -142 -93 -90 40 -95 -79 150 15 40 61 -73 19 -128 145 -23 -135 -137 -7 141 65 22 -143 -145 4 26 -50 -33 13 -33 28 -18 -129 19 61 25 72 -70 15 -18 39 139 -52 34 5 -115 -101 64 -106 29 -125 -105 56 114 74 -69 -18 56 20 -134 -120 17 40 -82 60 70 13 -28 -91 -86 -49 110 -67 64 57 -24 81 148 122 -139 55 75 -125 10 -106 18 113 -87 38 -2 -17 38 111 -63 43 -37 24 126 -141 1 -8 -82 137 58 -128 104 -40 -129 139 32 -77 -48 -67 36 99 2 -74 130 -24 ; 
92 29 42 72 8 78 16 89 27 57 51 95 43 98 75 96 13 51 88 68 74 79 84 93 89 70 52 10 71 21 77 73 51 54 19 2 64 69 22 11 96 85 71 65 97 36 96 6 15 28 97 4 15 43 3 51 74 39 88 18 23 30 14 1 93 25 82 32 95 43 92 82 3 74 63 78 1 90 38 40 31 60 93 37 71 47 25 3 36 57 63 12 56 63 14 12 86 33 20 47 1 5 35 26 69 19 17 3 81 29 44 79 9 20 78 97 87 10 55 92 63 18 73 1 91 14 47 89 58 74 75 94 19 42 88 71 4 32 52 4 63 47 16 71 22 66 28 5 44 14 26 12 84 32 59 93 56 16 65 4 9 53 99 75 4 72 74 74 75 10 7 57 2 10 35 66 17 24 31 50 34 3 73 66 73 76 41 1 43 62 98 36 11 31 27 2 6 9 87 78 30 ; 
L -130 111 -127 43 19 -153 -155 -151 -160 67 -29 24 128 -108 40 169 56 -110 -170 -75 -161 -138 67 -2 -81 7 137 61 -139 -61 -18 25 100 74 30 2 130 23 -158 -6 -82 146 80 17 -129 -94 -113 33 -148 -36 89 47 -18 -38 -154 25 -21 82 37 57 133 -123 -94 88 67 143 159 164 11 -16 44 -87 -165 -1 120 -174 -5 -34 52 -8 19 -106 81 141 16 39 139 105 63 47 -75 175 64 40 -142 -2 -145 -115 56 -49 60 70 13 -28 -91 157 58 -49 20 -101 77 -111 -38 -76 84 -32 -18 -163 70 -72 -10 125 -93 18 -28 -95 38 -50 -156 -139 55 -65 -38 123 20 167 171 -120 -58 -61 74 -69 -22 129 93 135 -103 -58 15 -18 -135 -55 -168 114 101 -137 125 -32 -73 99 150 75 104 144 37 48 -40 -123 109 26 -58 64 -121 141 -33 13 -4 145 -15 88 -172 162 -142 141 166 122 128 137 -64 79 95 -40 144 -2 152 -48 -57 82 173 -24 ; 
1:3 5:17 28:108 6:20 6:24 27:107 24:92 38:152 7:27 12:46 39:153 31:123 22:88 16:60 32:126 26:104 7:27 28:110 44:172 29:113 15:57 13:49 16:64 40:156 30:120 12:46 19:75 35:137 15:57 34:134 1:1 15:57 12:48 34:134 23:91 37:147 25:99 16:64 12:44 33:129 50:198 13:49 32:126 2:6 4:14 17:65 29:113 30:116 3:11 9:35 13:51 21:81 43:169 5:17 12:46 20:76 3:9 15:57 4:14 8:28 21:81 36:142 2:4 18:68 19:75 16:62 16:62 38:152 24:94 29:115 5:19 41:161 63:249 27:105 12:46 22:84 38:152 6:22 37:145 11:41 20:76 20:80 6:22 1:3 8:32 30:118 30:116 22:88 22:86 6:20 19:73 40:158 6:24 39:155 4:12 11:41 18:70 18:72 18:72 15:57 35:139 12:44 2:8 18:70 6:22 21:81 29:113 16:64 58:228 28:112 22:88 18:72 4:16 15:57 39:153 19:73 10:40 30:116 16:64 22:88 28:112 2:6 21:81 18:70 4:14 12:46 26:100 2:4 11:43 14:56 22:84 45:177 2:8 21:81 18:72 28:110 3:9 23:89 14:54 42:168 24:92 2:6 11:43 16:64 16:60 56:220 12:44 4:12 16:64 26:100 12:46 10:40 35:139 49:195 28:110 38:150 8:32 20:80 48:188 18:68 9:33 16:60 37:147 38:152 12:44 20:80 4:14 10:36 13:49 10:40 31:123 37:147 34:132 8:30 28:108 12:46 25:99 8:30 13:49 16:60 34:136 6:22 38:150 17:65 29:115 14:56 12:46 19:75 31:123 20:80 2:4 10:40 15:59 13:49 3:9 14:54 16:60 48:192 43:171 26:104 12:48 ; 
L 4 -119 39 122 -114 59 126 -61 18 -147 -125 -141 95 18 12 -86 -149 -85 8 146 -110 -147 -24 -36 -66 85 -69 53 17 26 -72 117 -89 -84 116 -28 136 -81 -149 -4 111 -6 120 149 87 148 17 -60 -93 -74 -77 -146 -123 9 -83 -127 -117 132 -140 -47 111 -52 20 4 -114 -31 98 23 74 -74 -134 43 99 33 -37 -62 -104 6 130 -15 -7 -118 -96 -17 -131 47 62 -65 60 63 123 -114 52 -75 -128 -145 -34 -105 -82 24 -125 22 33 89 32 -16 -99 -118 -110 -124 -73 -123 93 107 130 -59 115 63 144 -8 -40 129 145 121 -74 -115 -123 -101 -132 -65 91 103 -118 124 72 -55 -57 124 77 -93 139 9 149 -129 21 134 6 4 107 21 -32 76 58 -89 -117 -85 -119 -38 -23 -81 -72 -24 88 -132 132 -66 114 -71 44 85 141 -59 17 -15 -30 -54 -25 87 100 142 -43 -92 15 64 -55 3 123 -66 -68 124 148 25 -89 10 101 46 79 64 -115 -26 ; 
33 90 47 10 18 47 49 11 8 57 44 91 97 75 10 8 74 18 47 46 10 49 49 43 75 72 7 94 76 56 100 60 57 69 37 9 96 7 71 11 24 3 89 48 25 1 85 8 48 75 65 94 35 3 16 75 91 53 58 71 93 20 94 15 1 15 85 8 74 60 37 87 13 20 73 8 71 99 73 73 53 45 40 100 95 100 47 40 9 22 87 73 12 84 61 2 93 16 74 15 30 81 95 94 46 77 94 88 58 71 33 14 3 86 9 53 93 5 36 86 54 79 41 71 41 30 36 81 87 97 68 6 77 21 59 1 16 44 28 47 45 47 84 98 87 41 28 62 24 57 96 20 55 9 75 45 95 4 62 37 41 81 83 78 97 18 99 81 12 86 10 1 79 93 43 99 23 28 75 36 67 93 34 71 59 22 36 29 6 59 4 30 56 32 80 28 86 93 2 53 10 ; 
L 54 -132 124 72 155 161 -139 -151 -93 -57 89 -117 149 87 59 -123 6 30 141 -100 -146 -15 40 -52 20 132 123 -107 69 -134 -21 -114 59 164 126 -4 87 9 -83 -127 -85 167 84 134 66 -16 115 18 59 145 128 17 -31 98 74 -170 148 -115 -121 74 55 110 99 156 89 -114 -147 -17 63 174 60 63 -124 130 -15 -118 -96 146 -147 -24 150 -9 -65 -129 149 -129 32 -62 -140 -47 -81 -4 153 -38 -17 -131 -66 -68 -91 33 -81 -130 6 25 -93 26 116 -28 136 88 148 -117 -123 23 -4 171 -24 -144 76 -46 -101 -10 89 72 -18 85 149 86 107 120 8 132 124 53 17 74 -165 125 119 158 -89 -99 39 122 154 -168 166 12 -52 114 85 -55 3 32 15 -64 -95 -66 61 -152 145 159 -123 -43 -77 82 157 173 -34 -72 37 172 33 -79 111 104 62 -75 -47 22 -119 160 -6 169 -118 132 125 -8 -93 -162 -142 141 -85 -163 -58 24 -73 -4 64 -115 ; 
9:33 46:182 23:89 24:94 32:124 6:22 28:112 8:28 10:38 19:75 29:113 23:91 13:51 10:40 24:92 14:56 12:46 22:88 26:104 36:142 52:206 11:41 21:81 25:99 38:150 2:8 34:134 13:49 12:46 8:32 17:65 21:83 19:75 12:48 39:155 22:86 8:30 10:38 7:25 30:120 31:121 31:123 10:38 28:108 6:22 9:33 33:131 26:100 23:89 48:192 1:3 30:116 38:150 34:136 32:124 13:51 16:60 19:73 18:72 28:112 18:70 37:147 45:179 10:40 15:59 32:126 24:96 8:32 8:32 22:84 20:76 9:35 23:89 10:38 30:116 4:16 16:64 51:201 5:17 20:78 14:56 27:105 30:118 20:76 33:129 40:156 24:94 51:201 24:96 29:113 7:27 26:104 20:78 28:110 2:8 38:152 14:52 3:11 20:76 18:70 12:48 8:30 2:4 26:104 23:89 34:134 10:36 4:14 39:153 14:52 34:132 8:30 37:147 30:116 35:137 8:30 18:72 32:126 15:57 10:36 16:64 32:128 8:32 4:14 28:112 8:32 17:65 30:118 20:76 22:86 31:123 10:36 26:102 28:108 31:121 42:168 57:225 15:59 29:115 15:57 22:86 14:54 19:73 4:16 15:59 27:105 11:43 32:126 27:105 5:19 11:43 48:192 9:35 8:28 52:204 25:99 15:57 23:91 6:24 35:137 20:80 36:144 16:64 40:158 14:54 8:28 12:46 26:100 24:92 17:65 24:94 28:108 44:174 17:65 20:78 38:148 29:113 16:64 18:70 55:217 41:161 18:72 9:35 2:4 25:99 25:99 12:48 7:25 29:113 26:102 23:91 7:25 1:3 23:91 26:104 29:115 46:180 26:104 12:44 1:3 2:6 ; 
L 134 89 -107 -2 64 -2 -118 -139 8 117 142 20 59 89 110 70 -142 49 20 -110 -109 -6 -111 123 60 -133 105 -123 -41 134 -43 -47 7 -64 -52 71 85 -43 -121 -27 -62 -142 -52 106 72 144 -134 143 -70 22 -114 53 104 -150 -103 139 100 -72 -93 121 -94 82 -131 -144 -70 -145 35 -82 115 -10 69 48 -105 9 79 127 8 32 4 150 -137 130 -90 -46 6 -13 -43 -111 43 140 34 -47 30 125 -135 141 78 -53 49 -108 52 51 -8 -123 -30 89 70 -127 76 70 -85 -92 36 49 -77 92 141 57 -121 123 108 -118 -116 19 -10 116 129 -16 -146 -3 60 -52 -42 -83 1 85 142 -105 -101 87 8 79 -54 -27 -141 -51 -139 112 -72 -112 14 47 -25 -103 -73 28 -50 149 3 -42 -139 25 108 -125 65 -126 -148 140 89 53 -125 12 -53 -65 -31 -65 -93 -137 -122 -25 -115 -123 -33 -102 -132 -146 81 90 42 44 -38 102 -19 -4 -113 -50 57 115 -126 -73 ; 
100 47 19 35 16 16 3 2 75 70 74 66 62 10 25 24 39 12 17 67 82 15 93 45 79 60 19 56 97 89 18 90 79 29 6 72 85 23 36 37 18 80 11 82 54 8 18 33 62 96 8 40 60 41 83 6 70 62 97 70 30 33 15 17 100 56 40 77 16 29 96 87 80 54 91 13 49 45 65 29 29 11 67 44 80 35 59 39 2 76 5 75 52 9 91 22 100 26 51 38 71 24 55 1 61 1 92 94 7 98 23 62 33 78 1 93 37 58 74 30 41 81 78 19 51 29 28 26 26 37 98 12 70 51 5 28 26 66 59 39 27 98 3 10 66 26 77 67 20 46 23 66 65 10 15 66 78 76 78 64 37 14 32 54 89 31 6 5 51 77 79 20 57 59 13 24 96 1 89 55 49 19 88 23 80 71 23 92 100 98 60 71 70 17 50 85 33 65 33 35 81 ; 
L 134 -107 -2 64 -2 3 146 -175 25 149 -34 36 142 144 163 116 -152 134 -115 113 -19 -142 -174 122 137 -93 -54 -27 -79 -10 -4 85 48 -31 -3 -102 170 -132 160 57 -116 -27 -156 -6 72 -112 -12 -111 28 -50 83 6 50 123 173 51 -8 49 -143 105 110 43 108 -139 162 -169 167 110 53 -141 41 137 -4 165 164 -100 -145 35 -101 82 51 -49 -103 89 -20 1 85 -59 -20 46 121 157 123 -125 92 141 47 -140 65 -153 76 70 -85 -92 158 7 -64 43 -42 42 -70 -52 71 -72 43 114 -44 -25 130 123 108 127 -70 13 -140 -93 -53 -105 9 87 -52 -52 -42 161 -142 -52 -8 -77 139 -150 -103 -33 -22 -117 -115 -115 111 43 -89 -123 125 53 104 -151 -118 -106 129 -30 142 155 -89 166 47 123 -146 81 90 -70 168 108 -125 65 -121 10 172 150 144 53 -72 171 133 -60 -109 -159 126 139 25 112 90 121 -57 30 127 38 -62 154 79 -65 -126 -73 ; 
40:160 13:49 14:56 7:25 7:25 24:92 15:59 8:32 48:188 24:92 35:137 17:65 18:68 12:48 9:35 22:86 30:116 14:52 28:110 20:80 13:51 33:131 7:27 40:160 36:142 22:84 22:84 4:16 31:123 6:24 26:102 16:62 28:108 3:11 13:51 22:84 38:148 5:19 11:41 38:152 11:43 12:46 6:20 17:65 13:51 8:32 31:123 13:49 23:91 32:124 19:75 43:169 34:132 10:40 2:8 5:17 22:88 14:52 18:72 7:27 9:35 22:86 43:169 11:41 2:4 28:112 4:14 41:161 22:84 7:27 42:164 1:3 15:57 19:73 47:185 10:36 21:83 16:64 56:224 10:38 11:41 36:142 31:121 13:51 40:156 14:52 12:44 20:78 25:99 22:86 14:54 38:150 17:65 28:110 25:99 15:59 16:60 9:33 58:232 2:4 4:14 40:156 10:36 25:99 10:40 6:24 12:46 30:116 31:123 26:104 37:147 32:128 29:115 25:99 7:25 30:116 23:91 35:139 8:28 23:91 17:65 0:0 38:150 18:72 8:30 6:22 8:32 23:89 22:86 21:83 7:25 29:115 28:112 19:75 20:80 8:32 4:16 12:48 13:49 6:20 34:132 14:56 12:48 59:235 26:100 28:110 17:65 16:62 43:169 2:8 43:169 7:27 24:96 19:73 14:54 1:3 28:110 9:33 5:17 25:97 10:40 4:12 11:41 55:219 36:142 10:36 37:147 47:187 45:177 16:64 22:86 36:142 8:30 15:59 26:100 16:60 9:33 33:129 20:78 29:115 8:30 24:96 28:110 9:33 1:1 10:38 20:80 9:33 20:76 16:64 30:118 29:115 9:33 15:59 15:57 32:126 41:161 6:22 34:136 14:56 33:129 ; 
L -69 -37 105 -48 145 86 -118 126 -46 120 133 -7 133 -78 -43 -40 -56 -114 -92 7 137 97 49 35 -36 -61 -51 17 -87 -118 132 -39 -146 -134 -108 25 110 -44 30 139 -106 -66 16 27 137 -92 -98 82 -27 94 -14 97 -129 134 -108 88 135 -82 -66 -33 144 -139 70 35 -146 142 148 -65 96 105 -120 59 -101 28 -31 -119 -9 -91 -100 38 85 64 -144 -56 -1 135 -135 -43 107 64 -135 148 124 -112 -123 -103 -24 -117 12 -98 -45 25 -47 132 143 -148 -67 132 -22 -131 -65 -39 117 -99 74 -49 38 -115 1 -23 -129 -113 -84 -137 109 -110 -17 -103 -88 -148 -88 -90 -62 -19 87 105 -69 -148 -128 -63 -40 47 -40 -53 113 145 -150 -62 82 136 -9 -139 -51 2 -65 94 52 -88 -77 145 -63 134 -85 -50 -55 143 144 105 83 -142 -99 4 -2 47 18 89 -36 84 -20 26 -107 -91 -101 -42 -91 125 146 26 118 -73 81 30 -91 -63 -40 21 -114 -35 67 -56 ; 
36 30 46 92 7 49 85 15 27 89 21 28 12 30 68 30 62 88 85 95 17 48 80 67 50 98 17 46 39 28 91 16 16 92 19 55 26 45 29 96 23 18 21 88 70 34 64 24 34 32 17 26 31 69 26 16 36 74 82 8 65 34 62 61 90 79 80 62 45 97 95 30 30 56 32 72 40 52 30 36 69 92 58 91 36 84 50 90 57 8 93 61 42 16 36 37 33 47 79 83 87 68 46 13 89 87 7 41 95 15 67 28 66 64 28 93 1 11 72 56 47 82 64 38 43 99 100 56 83 98 24 38 96 22 85 83 42 84 6 77 19 87 42 7 77 21 89 85 8 63 92 61 83 48 35 58 86 61 70 79 92 5 11 90 49 71 13 77 79 44 32 2 73 9 22 93 71 14 46 54 89 64 88 83 42 3 98 4 7 5 99 12 47 32 42 46 87 19 46 70 70 ; 
L -37 105 -48 145 86 -17 -132 -66 -134 -45 -145 -9 -148 163 82 -27 169 115 -56 -135 -40 146 39 64 -1 1 -30 63 128 105 -114 67 -133 109 82 123 137 56 144 -139 143 -165 -124 -47 143 -53 -119 -7 78 -110 30 21 135 139 -94 -117 52 -69 107 112 144 105 -113 49 -74 -63 -108 39 -85 50 173 -91 73 -66 -135 -134 -145 -87 19 -159 88 -161 -131 117 167 175 -114 -152 88 51 36 171 162 40 -146 -134 63 89 65 -43 146 26 -23 105 -155 -144 98 160 148 36 -118 82 -120 59 -26 20 -108 25 129 -97 -87 168 -91 2 -65 -77 97 49 35 99 -172 132 98 67 -148 40 135 -103 -118 126 -170 107 -28 101 -166 -101 -70 24 -43 -35 -133 -120 40 62 -156 118 -125 91 174 -22 -38 100 -106 -137 55 46 -16 25 -81 2 -153 -4 99 142 -83 -157 33 -12 -154 -164 -9 -51 -18 -47 -14 47 65 113 129 -151 137 -85 110 27 42 -150 -62 -84 158 -56 ; 
2:6 19:73 37:147 3:11 20:78 35:137 10:40 11:41 22:84 24:94 26:100 14:54 1:3 34:134 12:44 14:54 0:0 30:116 11:41 32:126 31:121 38:150 7:25 31:121 61:243 12:44 8:30 39:153 31:123 6:20 22:88 26:102 4:14 1:3 36:140 26:102 32:128 18:70 37:145 15:59 22:86 4:16 28:108 11:43 7:25 14:56 44:174 29:113 24:96 10:38 14:56 18:68 8:30 44:174 12:46 38:148 6:20 33:131 50:200 12:48 4:16 31:123 18:68 15:57 38:148 29:113 8:32 64:252 8:32 14:54 6:20 7:27 32:126 14:54 23:91 29:113 38:148 3:9 34:136 4:16 10:36 14:54 18:68 24:92 10:36 28:108 30:120 18:68 40:160 13:51 6:20 9:35 35:137 11:41 10:36 12:44 48:188 17:65 10:40 1:3 8:32 2:6 9:33 6:20 11:43 34:132 30:120 45:179 36:142 38:150 6:24 29:113 35:137 12:48 34:134 22:86 5:17 22:88 19:73 13:49 16:60 15:57 4:12 23:91 14:56 22:88 17:65 32:128 27:107 13:51 26:102 4:16 22:86 32:124 31:121 4:12 35:139 19:75 5:17 6:24 32:128 5:17 22:84 23:89 2:8 7:27 40:160 7:25 41:161 39:155 26:100 9:33 51:201 8:28 40:160 9:33 26:104 2:4 3:11 32:128 4:12 15:57 2:6 5:17 46:180 29:115 9:35 6:22 18:70 26:100 30:118 16:60 1:3 13:51 18:70 18:68 20:78 18:70 6:20 55:219 27:105 37:145 30:120 9:35 8:32 24:92 2:4 10:38 33:131 16:60 16:60 6:24 25:97 24:96 22:84 6:20 34:136 40:158 46:180 18:72 28:112 ; 
L 100 62 108 -14 -19 -71 -4 91 44 -40 117 -46 59 -136 105 -133 -86 -74 -137 55 -21 106 82 61 -20 -125 103 -54 119 -81 -45 84 137 30 -131 104 141 -75 -140 142 119 36 -18 -115 119 96 45 -128 59 90 60 77 83 -123 -58 148 145 79 148 7 66 113 60 -117 -26 -35 -112 141 -44 -14 -6 95 121 -99 80 -135 99 99 -104 138 126 -74 -42 107 135 120 -124 -130 137 73 23 57 47 141 -14 -61 123 -54 11 -33 -64 129 -16 63 -128 49 89 21 31 137 -20 -46 -125 72 -85 60 -93 144 -74 75 -144 37 25 101 11 56 67 -13 -139 -9 -100 87 140 -31 -140 124 58 -48 -141 -43 -94 -120 19 -76 -97 65 -95 30 47 -33 130 -106 56 -1 131 -68 111 -119 33 102 -117 71 -109 142 94 17 -20 6 -38 -145 -101 150 98 -94 5 134 139 -150 -3 -2 72 -80 117 -128 149 64 -135 -48 118 93 -39 2 -59 20 -137 20 43 -81 87 -15 ; 
41 34 35 66 31 14 68 49 59 54 44 36 12 50 74 44 8 57 59 46 78 85 84 8 41 85 54 85 23 40 1 1 95 26 78 5 62 39 73 60 26 53 60 46 94 72 3 58 85 65 43 41 49 94 81 61 48 42 22 6 86 64 67 41 43 11 40 21 16 66 73 22 94 13 85 11 25 96 70 99 34 81 34 59 90 18 31 77 92 98 42 31 32 78 75 68 16 21 82 44 97 50 45 94 49 69 100 73 31 35 50 44 50 21 5 79 33 19 18 14 30 70 76 55 11 21 93 100 4 28 85 35 79 95 62 66 66 28 79 9 77 56 86 17 24 55 5 89 47 69 20 96 85 86 88 57 42 88 36 24 59 47 52 34 25 82 80 31 66 93 53 31 64 48 12 96 57 30 100 5 12 72 2 18 83 99 11 20 98 86 97 2 63 92 63 80 8 77 36 81 76 ; 
L -72 2 -80 117 33 19 14 -108 137 49 -83 129 125 -100 170 87 68 -17 -150 140 140 -31 82 26 138 126 -117 71 -98 -20 103 9 66 37 -128 -120 -135 -107 11 44 -141 115 20 -94 161 5 59 123 137 93 -145 58 -44 -91 4 71 -174 112 35 -160 38 139 -145 -18 -167 -62 -104 150 -142 -101 -121 -166 87 84 137 30 13 -105 43 -163 86 141 48 -76 -97 -31 -21 106 -156 -142 -59 56 67 139 -20 -123 -73 -134 128 99 -54 11 -33 65 -43 30 47 -64 19 -58 -124 -3 75 -135 61 -169 -40 74 85 -72 -63 16 -152 -57 120 119 -75 -144 164 117 -172 -47 -137 130 48 -6 -165 -94 149 -77 99 159 -95 -154 -113 -118 89 153 151 168 158 95 90 109 -175 -7 -148 -117 21 -59 46 81 111 100 141 -55 -106 -135 -45 -96 137 -39 2 14 6 -141 -157 -171 -14 54 133 -101 20 104 -155 -128 -46 60 144 23 -140 45 42 74 -93 64 173 -102 -15 162 ; 
16:64 5:19 58:230 1:3 12:48 8:28 13:49 27:105 26:102 18:72 47:185 8:28 23:89 44:176 17:65 26:104 23:91 39:155 20:76 37:147 32:128 38:152 33:129 8:32 14:52 14:54 48:192 19:75 44:172 10:40 1:3 53:209 31:123 28:108 26:104 22:84 8:28 36:144 14:52 31:121 7:25 31:123 26:100 20:80 20:78 22:88 45:179 16:64 7:27 26:102 10:40 42:166 54:216 24:94 20:78 28:108 15:59 22:84 16:64 35:139 25:99 29:115 46:184 4:14 14:54 8:28 18:70 4:14 19:73 26:100 1:1 24:92 11:43 20:80 38:152 11:41 31:121 28:110 38:148 13:51 18:72 19:73 32:126 11:43 10:38 58:232 19:75 34:136 5:17 26:100 28:110 17:65 38:148 27:105 6:22 2:8 21:81 2:4 28:110 63:251 30:120 24:96 18:70 21:81 16:62 10:36 19:75 40:156 30:118 8:28 27:105 30:118 14:56 17:65 18:72 38:152 57:227 13:49 27:107 2:8 20:78 38:150 16:64 18:68 10:38 34:136 22:84 4:14 2:8 18:70 15:57 34:132 52:204 37:147 18:68 13:51 16:62 14:52 8:28 43:169 10:40 33:131 16:62 18:70 22:84 18:68 58:228 18:72 6:24 20:80 5:17 30:116 33:131 12:46 13:49 20:78 3:9 18:68 8:32 4:14 5:19 6:20 35:137 16:64 21:83 21:83 29:113 2:8 4:12 2:4 23:89 13:49 1:3 32:124 24:96 18:68 21:81 46:182 30:120 16:62 12:46 16:62 21:83 46:182 30:116 4:16 35:139 20:80 30:120 10:38 24:92 10:38 6:24 14:54 26:100 42:166 21:83 51:203 12:48 22:86 27:105 ; 
L 107 42 74 145 47 -103 -56 -75 41 -131 -68 110 61 -3 61 113 79 60 43 33 1 80 144 -88 -47 -14 -89 46 41 76 73 -9 10 66 -44 -10 108 148 -150 2 -51 -148 -143 95 73 54 -41 -29 -147 -124 -44 -4 128 120 -63 84 -119 -5 -87 145 39 -145 -147 10 145 -28 59 -105 91 86 -69 129 -106 5 9 2 -109 76 80 -136 122 112 60 11 -47 -119 -92 -42 33 114 -57 7 145 -12 -50 30 81 147 101 -72 -143 -109 -16 -76 -56 11 86 46 45 -10 148 124 135 94 60 -66 8 78 -25 17 -71 -111 -5 -131 -121 -136 22 141 -148 -126 -146 100 -124 110 80 8 -74 123 -109 -20 144 143 -68 115 -118 -112 -22 123 74 -76 -96 -118 5 84 147 -7 11 139 -93 44 -26 132 52 24 30 91 99 127 59 57 -9 141 -107 75 127 -87 -126 -44 -22 -60 64 -15 148 -127 -119 -145 39 -27 -71 43 24 -118 -20 -43 -76 -42 -24 137 -8 -89 ; 
7 53 60 43 97 92 32 61 41 84 26 20 36 86 3 42 57 4 75 69 62 19 85 90 31 41 82 76 92 40 53 13 62 45 96 8 33 12 99 40 34 94 46 96 41 46 75 100 6 42 74 47 77 12 47 35 46 34 67 69 53 42 56 10 84 25 82 89 16 92 99 12 33 14 12 59 49 45 62 59 71 18 88 52 73 66 21 53 78 45 81 39 60 19 24 40 43 57 13 57 73 63 74 44 2 26 64 71 73 81 1 100 33 29 68 28 41 6 74 19 73 54 39 61 93 32 5 43 12 42 43 96 78 90 39 28 57 28 65 73 62 68 73 25 11 2 62 83 88 19 74 49 87 31 2 25 29 38 46 65 78 36 65 28 22 50 74 82 83 94 76 91 73 54 43 77 84 23 30 24 76 5 77 100 51 38 25 72 24 58 53 22 52 34 88 80 36 18 81 9 12 ; 
L -39 -148 95 73 -124 118 -169 164 -136 -74 79 60 -84 63 -159 -108 -109 56 107 -147 -143 -110 131 -44 -15 145 -28 33 94 -43 71 24 145 -64 -45 68 -59 -156 9 -57 -154 -59 20 20 168 27 129 -174 161 173 -148 47 123 166 -127 -75 109 151 -147 -11 7 -147 12 25 -78 -71 91 -139 84 -155 33 -148 -145 115 -118 -3 -167 24 30 43 -30 9 -73 92 -44 -10 170 -106 -162 -41 -124 110 43 -50 5 145 93 107 76 99 -60 -60 -112 136 -96 -118 5 -144 42 152 150 -87 -126 -44 145 2 -80 -76 76 16 26 141 8 22 41 124 131 5 -2 76 -29 -172 -42 -91 75 56 103 22 -54 171 163 69 -127 -165 153 81 -11 89 100 -47 -44 -10 127 -72 -10 -145 74 87 105 -123 112 120 -66 8 4 146 119 47 -148 57 -126 24 86 -137 76 -7 -74 5 66 132 -143 -109 114 1 80 144 61 113 158 175 11 86 157 143 -160 -61 52 10 -8 -89 ; 
24:96 37:147 20:76 17:65 10:38 30:120 23:91 85:339 9:33 13:51 30:120 2:6 51:201 14:56 6:24 8:32 33:129 7:25 22:86 5:17 12:48 11:41 6:20 37:147 12:44 30:118 10:40 7:25 46:184 24:96 24:92 17:65 11:41 40:160 32:128 19:73 24:94 39:155 24:92 31:121 30:116 19:75 3:9 12:44 23:89 30:116 18:68 52:206 14:54 34:136 44:174 23:89 22:84 35:137 39:153 18:68 8:32 8:32 16:64 8:30 12:46 10:40 8:30 5:17 30:118 8:28 22:84 46:184 37:145 19:73 17:67 52:208 6:24 19:73 5:17 13:51 22:84 14:54 9:35 26:104 18:72 11:41 6:20 6:24 22:88 15:57 33:129 35:139 6:24 14:52 27:107 36:144 28:112 18:72 17:67 22:88 21:83 14:52 23:91 36:142 27:107 24:96 36:140 1:3 14:54 20:78 35:139 16:64 9:35 10:36 4:16 6:24 34:134 10:36 18:70 20:78 27:107 25:99 11:43 18:70 37:145 38:148 4:16 12:48 18:70 27:105 7:27 25:97 19:75 23:91 15:59 21:83 23:89 12:48 10:38 25:97 13:51 33:131 30:116 20:80 32:124 27:105 65:259 40:158 9:33 28:112 11:43 31:121 19:73 12:44 46:182 4:12 9:33 61:243 30:118 13:49 37:147 15:57 20:78 6:22 12:48 39:153 40:158 17:65 38:152 12:44 10:36 27:105 30:120 20:76 2:4 32:124 40:156 18:72 14:52 12:44 54:216 4:12 24:94 18:70 6:22 26:100 12:48 24:96 8:30 34:136 15:59 17:67 26:100 58:230 5:17 26:102 12:46 39:155 4:12 26:102 33:131 34:136 6:24 4:14 5:19 ; 
L -35 -46 -105 -21 -33 -1 37 57 70 109 -47 -49 144 137 -84 115 -64 53 120 -148 -104 -1 -94 10 121 81 -11 138 90 65 79 -73 -65 9 62 -53 -140 29 117 -85 25 99 60 -22 135 -76 -73 -102 37 -43 138 28 124 -145 63 -92 -76 -79 103 40 138 137 -37 113 -34 80 87 147 -61 15 48 -124 24 8 -86 -46 110 15 -10 58 53 99 -140 -142 -29 -80 129 125 -50 -113 -1 -114 147 -48 38 -19 105 -15 103 37 112 -137 -37 108 -90 -105 27 120 -94 -27 -36 9 10 40 -67 -96 57 49 -45 -116 131 137 -122 110 60 33 69 -26 -75 140 -57 -114 -37 -119 84 130 122 48 121 98 132 -113 -108 -8 110 -100 30 8 -45 3 48 -136 41 34 63 16 -108 109 2 28 -83 67 -97 -58 22 -84 -76 -88 48 -55 86 144 -121 -27 -39 -46 -99 139 21 4 -38 -26 100 150 95 -109 93 -12 141 -148 -94 -131 -136 58 -93 66 -36 -88 -79 -135 ; 
49 39 84 58 15 50 63 13 19 35 75 48 46 49 49 74 43 42 37 86 26 98 68 86 24 8 93 70 33 3 75 11 63 30 76 6 54 39 16 26 70 49 86 46 72 56 100 96 81 84 40 20 84 69 77 66 8 35 15 89 94 59 93 45 4 76 34 34 89 22 19 86 70 15 68 74 90 99 53 22 31 38 90 49 22 36 43 33 47 87 100 30 73 78 26 12 1 20 11 4 87 80 66 80 85 14 89 3 64 38 16 25 16 75 15 31 76 18 42 62 7 76 53 23 13 42 23 35 6 68 81 97 8 32 1 28 75 27 85 84 9 76 24 34 49 61 69 47 60 2 77 82 43 38 3 84 93 78 10 82 82 30 52 89 30 5 57 12 97 97 66 50 89 38 35 90 56 44 39 16 68 89 89 67 7 58 41 84 36 87 6 93 64 31 20 75 11 33 27 13 92 ; 
L -35 169 57 93 -22 -76 87 37 112 10 62 -53 50 109 88 -151 -27 -172 9 -36 41 139 -60 -110 174 -170 -138 11 -94 -27 -38 -161 -130 -39 -165 -48 -60 -15 -99 144 -113 -131 -136 58 9 -99 124 -164 -75 140 -48 -29 105 19 145 58 166 125 65 158 -95 -159 155 -16 -63 -25 48 -113 49 109 2 140 138 33 69 -26 -163 108 -162 -120 -64 -38 124 -168 -48 61 40 153 147 -10 4 136 104 -83 -122 -28 -21 -1 57 70 -131 -120 81 98 -86 -37 -99 132 -150 -100 26 -147 -36 171 34 -65 -138 80 -119 84 -100 24 -49 -55 86 -137 90 -66 93 -46 114 58 53 -22 173 137 -45 -116 79 -88 28 148 -97 110 94 148 12 -152 96 -76 -103 15 175 -142 160 -108 57 -8 -53 -34 80 -73 -102 156 30 144 -37 -121 1 -76 45 -8 154 137 -84 115 8 47 85 63 -10 -67 1 -157 -110 46 -67 -105 167 29 -21 -27 117 -40 90 3 -140 -129 -79 -135 ; 
20:78 10:36 25:97 9:33 13:51 10:40 22:84 38:150 19:73 32:124 21:83 3:9 19:75 18:72 25:99 27:105 17:65 20:76 26:100 8:28 10:40 20:78 26:100 6:20 2:6 14:52 21:83 28:112 22:88 16:60 13:51 59:233 29:113 14:54 14:52 28:110 19:73 30:120 73:291 6:20 21:81 13:49 26:102 13:49 21:81 36:140 29:113 66:264 9:35 28:108 30:118 21:81 15:59 7:25 19:75 0:0 27:107 26:102 13:49 60:236 26:102 12:44 22:86 15:59 34:134 15:59 23:91 31:123 15:59 12:48 4:16 24:92 32:126 1:3 10:36 14:56 10:36 50:200 40:160 22:86 7:25 18:70 26:102 50:196 8:30 2:8 34:132 14:54 30:118 33:129 13:51 13:49 17:67 43:171 3:9 6:22 38:148 11:43 20:78 8:30 4:16 13:49 14:54 24:96 7:25 32:126 40:156 16:62 15:57 27:107 36:142 8:28 7:27 28:108 17:67 9:33 0:0 50:198 18:70 1:1 6:20 8:32 4:16 31:121 27:105 25:97 4:16 1:1 30:120 16:60 13:51 34:134 13:49 25:99 21:83 32:126 14:56 25:99 28:112 7:27 47:185 26:104 23:89 26:100 42:166 3:9 42:164 32:128 24:94 37:147 10:36 5:17 12:48 0:0 18:70 26:100 25:97 27:107 6:20 19:73 31:121 33:129 39:153 15:59 5:19 8:32 12:46 5:17 2:4 22:86 3:11 24:96 5:19 23:91 20:78 30:118 11:43 6:20 55:217 10:38 26:100 9:35 8:30 27:105 41:161 41:161 11:43 9:33 24:96 5:17 37:145 40:156 4:12 18:72 8:30 26:100 26:100 31:121 11:43 6:20 37:147 ; 
L -68 -114 -34 149 -110 -109 32 -77 -104 31 34 -116 80 -130 -93 -90 -145 81 -5 -55 13 -127 -145 72 39 -8 -34 145 58 17 -51 23 -49 54 -65 64 -85 -91 -98 -44 117 149 -14 -93 69 -13 -42 -12 10 -148 134 -1 -86 92 138 -102 117 27 -83 146 -66 -54 -69 136 -56 124 65 141 -101 -23 125 73 68 14 33 -75 121 -17 -80 -3 -147 2 -137 140 144 -52 149 84 -76 66 -35 -33 71 147 54 133 96 39 -16 -46 98 -51 -53 11 39 -4 -8 -17 4 80 32 31 -136 106 -146 71 52 130 35 22 83 -45 -81 57 -122 15 123 54 73 52 73 11 128 36 112 -27 130 -73 -39 -26 51 77 55 46 -91 -77 -51 -59 23 73 -39 117 -27 -41 16 -106 -43 -134 100 101 10 24 50 -143 106 33 80 117 -84 72 -64 31 27 88 69 110 -61 -44 82 -7 -150 -38 107 -78 -109 28 78 -135 64 2 -125 82 -85 -100 -102 45 122 -73 18 120 ; 
62 44 52 5 61 36 84 72 70 72 37 42 63 1 39 94 68 85 95 49 26 14 57 15 14 82 68 22 67 47 21 40 69 63 28 50 48 76 65 66 59 12 26 9 67 62 5 2 4 49 61 28 72 76 69 19 57 79 10 94 75 36 54 55 26 65 11 62 96 93 4 14 96 6 82 57 62 7 79 73 26 45 22 24 71 15 13 48 71 16 85 79 76 16 93 10 77 81 7 67 31 30 92 33 78 1 20 52 58 60 13 80 87 56 18 62 63 31 38 94 9 95 69 31 24 41 11 8 96 20 75 70 48 56 95 90 82 76 85 38 67 18 22 37 99 75 11 45 53 50 49 12 83 66 70 1 76 89 23 23 96 69 9 98 4 65 95 17 43 90 49 35 37 17 6 56 48 13 95 51 88 61 2 8 66 19 45 44 77 84 25 75 90 31 26 78 63 19 97 68 20 ; 
L 174 -68 -114 -34 10 164 45 -56 123 -125 160 147 158 -86 -102 162 72 -64 -134 157 69 -17 -58 17 80 -149 -100 -78 73 -23 109 -35 -146 83 -27 -104 -106 -130 -90 7 46 14 -170 122 -71 -153 127 -13 -154 173 -34 -39 163 152 43 54 -26 -110 -54 -2 82 -91 49 51 116 -144 82 -27 159 -41 -55 134 171 16 34 -52 -156 -65 -124 53 39 -4 -8 -138 31 -136 -85 -66 76 -149 -83 -51 -11 141 -101 -45 -167 -78 33 130 -73 54 133 -73 77 91 75 -33 -14 -125 23 3 80 17 -121 -140 137 -50 -172 15 -77 -51 149 130 166 44 -31 -44 117 35 73 145 101 10 61 4 -52 32 112 -168 64 66 -161 122 117 1 54 -52 -39 150 175 -145 -11 -98 46 -135 -147 -106 72 59 -85 13 -69 12 -107 -42 -28 169 136 16 -96 80 146 -145 -102 -155 -33 77 -32 110 31 151 -80 -165 106 81 -5 -55 92 -128 -117 -84 -24 27 88 -57 -117 64 18 120 ; 
31:123 7:25 18:70 21:83 20:80 13:51 12:48 8:28 28:108 4:12 27:107 5:17 7:25 46:182 5:17 32:128 36:142 20:78 18:72 22:86 11:41 30:120 19:75 30:120 46:180 13:51 42:164 11:41 36:144 5:17 21:81 8:28 20:80 38:150 4:16 18:70 20:78 36:144 14:56 18:68 12:44 21:81 27:107 16:60 18:70 6:22 34:132 6:22 4:12 18:70 22:84 7:27 14:56 29:115 36:142 20:76 49:193 19:73 26:100 10:40 32:126 43:171 24:92 41:163 20:76 8:30 15:59 55:219 4:12 32:126 8:30 9:33 12:48 64:252 29:115 16:60 44:174 20:76 5:17 9:35 48:188 1:1 8:32 4:16 16:60 35:139 28:108 5:17 7:25 39:153 16:64 37:147 21:83 10:38 39:153 35:139 23:91 24:94 30:118 48:192 31:121 16:64 4:16 4:14 30:116 30:120 76:304 23:91 33:131 38:150 2:6 12:46 30:116 32:126 3:11 12:46 10:38 4:16 12:44 6:24 15:59 8:28 1:3 11:41 16:62 12:48 10:38 14:52 24:94 20:78 28:112 28:112 3:11 39:153 25:99 14:56 12:44 6:22 60:236 21:81 30:116 4:16 22:84 20:80 15:59 11:41 28:110 16:64 13:51 15:57 42:164 22:88 44:176 10:38 13:49 30:116 16:62 3:9 27:105 20:80 23:91 15:59 25:99 10:40 6:20 9:33 8:28 14:56 20:80 40:156 11:41 49:193 17:65 39:153 8:28 26:104 14:54 15:57 29:115 0:0 36:144 0:0 3:11 39:155 18:72 62:248 38:152 20:78 32:126 40:160 12:48 10:38 9:35 14:52 7:27 10:38 18:70 14:52 14:56 28:108 8:32 ; 
L -48 144 55 -110 55 147 11 116 -140 -113 -137 -19 -132 -103 -103 -5 -76 -67 -28 10 -140 98 122 75 132 -120 -107 77 38 -23 -145 71 -28 127 -47 -146 118 93 -128 -145 -52 74 -33 -69 120 112 115 -128 2 150 103 101 -95 17 -9 -43 -46 -101 12 85 -92 -114 73 -132 19 119 -134 93 138 74 88 -60 -128 148 -53 -141 -48 -119 -29 -109 -145 -20 127 -124 -65 -131 -33 71 -19 149 149 -132 -111 138 54 26 27 -131 -26 -42 94 115 53 -141 33 -113 92 108 115 -7 -104 -24 -87 -21 82 -45 -93 -123 44 126 67 16 -49 16 59 87 81 -6 100 101 44 -78 142 128 68 -31 109 -137 -55 -147 -116 134 1 -31 -113 -79 87 -88 -141 -95 60 -83 -47 -84 -110 70 88 -76 72 -130 117 48 -26 137 -42 80 -1 65 -107 72 -59 -148 -112 99 63 -79 127 106 -125 -63 -80 81 -44 -135 65 -3 -82 91 -139 -145 100 -144 -37 -97 14 -146 -115 -65 -64 80 ; 
6 56 33 22 69 38 62 97 87 18 6 65 40 56 35 43 74 51 13 78 64 2 41 28 50 37 86 78 54 20 91 23 68 100 46 4 83 34 20 2 68 36 3 17 71 37 53 99 4 24 55 84 66 88 96 86 71 3 94 22 63 51 24 9 33 32 71 99 23 63 3 42 68 83 96 46 31 96 81 81 20 87 89 34 45 47 42 4 51 38 29 29 54 82 23 51 59 11 87 14 5 74 77 49 94 30 13 46 17 70 19 54 56 41 45 22 74 28 27 31 29 4 29 92 94 80 32 55 7 30 57 70 39 92 10 58 7 78 21 54 26 33 26 24 76 59 55 78 91 71 43 45 78 23 56 13 22 1 55 20 16 35 87 61 9 2 6 65 21 17 33 93 68 43 92 75 29 6 4 90 49 51 59 59 89 40 38 39 61 57 57 42 15 25 71 12 13 19 96 49 32 ; 
L -170 -158 65 -94 -1 -101 103 28 145 -38 -77 -153 80 63 49 -16 -37 -113 29 119 151 -52 -24 174 70 55 -81 -100 -75 -48 -131 -42 118 95 165 -142 -44 -101 -100 53 -47 -110 -79 127 -93 -119 11 -135 -33 -33 -120 69 131 43 -17 93 166 -128 -53 -141 103 132 -139 -145 88 -93 -123 152 48 108 19 -71 175 -82 -20 -124 -109 -156 -72 87 -173 146 -161 -144 -97 -60 -65 -106 88 138 67 115 117 -27 -26 -92 104 137 -149 -164 76 115 6 -72 127 91 -107 160 125 144 111 132 157 -65 92 -145 87 81 128 31 137 159 -134 163 -137 -150 -169 -107 19 -68 -42 80 -101 -116 113 2 -54 -167 -126 -44 -149 146 -172 -132 -88 -74 154 -21 82 -45 -76 147 -122 -98 48 -33 83 3 67 63 87 -112 60 -74 116 -31 141 -99 -114 73 -132 -26 -59 110 -55 -138 140 -10 -155 -47 -112 46 -65 171 145 16 59 -19 128 -109 -140 -168 -162 148 115 115 -120 128 -64 80 ; 
10:36 10:40 30:116 19:73 16:64 7:25 41:163 39:155 2:4 19:75 22:86 36:144 46:180 20:78 54:214 12:46 2:8 9:33 20:76 33:129 10:40 4:12 15:57 18:70 4:12 14:54 2:8 24:92 25:97 10:38 12:44 18:70 11:41 38:152 12:48 69:275 29:115 23:91 12:48 20:76 53:209 24:92 42:164 12:46 27:107 46:184 13:49 20:80 28:108 28:112 19:73 29:113 7:27 13:51 64:256 11:43 19:73 31:123 7:27 19:73 28:108 16:64 9:33 23:91 26:100 12:44 12:44 7:27 20:78 9:35 42:168 21:81 6:20 33:131 14:52 23:91 13:51 4:16 40:160 20:78 17:65 20:78 44:176 18:70 6:22 19:73 12:46 3:11 12:46 40:158 26:100 4:14 4:12 8:28 24:94 14:52 36:142 7:25 49:195 37:145 24:96 22:86 19:73 12:44 29:115 10:40 17:65 28:110 14:52 7:27 20:78 22:86 10:38 14:54 23:91 17:65 10:40 1:1 3:11 63:251 17:65 49:195 17:65 14:52 30:116 6:22 11:43 18:70 9:35 11:41 18:68 1:3 24:92 14:52 17:67 4:14 28:108 11:43 20:78 13:49 26:100 39:153 7:25 7:25 14:56 2:4 1:3 28:108 18:72 9:35 19:75 26:100 40:158 17:65 1:1 9:33 31:121 8:30 9:33 12:44 34:132 23:89 46:182 6:24 22:86 36:142 17:65 38:152 4:12 10:38 4:14 17:65 37:145 38:148 9:35 9:33 18:70 26:102 13:49 38:152 36:140 14:56 11:43 15:57 53:211 17:65 38:150 24:92 17:67 16:60 4:16 18:70 34:132 32:128 7:25 14:54 1:3 26:102 70:278 20:78 13:51 ; 
L 123 8 125 -103 -123 51 -81 129 33 140 -75 -10 -42 103 55 93 114 -139 90 -55 -49 -75 9 28 -32 -66 3 -51 84 78 -100 62 66 11 47 113 48 79 -149 7 79 -123 -148 113 118 -3 -148 14 128 -102 53 -72 120 -129 63 -40 -15 -45 6 90 149 51 -140 78 -136 -52 133 -32 118 54 19 -83 -6 111 -52 36 -43 -131 46 56 97 -22 -141 65 -133 -46 133 -122 -3 -130 131 65 12 -8 -66 -71 -9 101 -40 6 -32 -136 -146 119 3 -79 42 95 -108 12 124 13 44 -76 -149 108 33 -59 -25 13 145 -77 106 -13 18 -96 140 -71 66 -8 137 55 -30 84 50 142 -5 -15 -11 -75 101 -116 147 -36 -98 59 -77 -145 107 128 103 35 85 -79 33 -107 -133 93 -46 57 -8 -19 36 -1 -65 31 7 -88 -108 55 -31 -81 1 92 -25 25 -60 -100 41 116 47 46 25 52 -75 -54 74 71 91 -59 21 82 126 -38 45 87 32 15 -139 -8 ; 
80 41 23 87 77 14 3 55 93 12 60 71 51 38 85 25 63 38 3 23 28 28 15 52 43 28 36 97 8 60 90 23 18 33 33 25 90 5 55 83 86 53 60 59 73 45 31 82 75 27 39 6 58 90 47 45 20 100 79 87 31 87 76 43 48 14 4 49 48 3 46 58 92 80 20 90 97 58 28 32 12 92 60 39 47 8 16 68 55 3 9 50 8 9 53 36 49 96 14 33 85 36 6 15 48 37 98 17 2 32 97 35 65 49 14 26 60 71 44 98 69 23 69 5 47 48 42 86 6 92 4 38 61 61 17 30 94 13 43 13 57 5 65 29 18 24 91 38 94 4 40 21 27 65 56 43 28 61 89 33 5 66 95 97 59 24 43 96 19 98 67 65 66 64 58 55 5 40 26 72 45 46 43 83 100 47 46 1 64 35 36 66 13 1 37 77 41 32 64 27 69 ; 
L 123 8 107 166 103 25 15 40 156 -79 92 -25 78 -59 145 167 -47 -11 -170 -124 141 -160 38 -47 -169 45 75 59 7 126 81 -66 13 -41 71 -98 -55 -32 74 -168 -22 13 -119 146 155 78 -65 31 7 -108 -66 93 3 96 48 79 44 -84 30 -8 -106 77 51 -103 -140 -93 -55 140 120 -147 116 -101 1 -36 19 8 -65 -131 32 25 33 15 -51 123 103 52 -28 -9 -53 -128 -14 148 -131 -59 46 35 85 -84 -90 66 8 -173 164 -15 -46 57 43 3 54 154 -161 -79 91 -76 -149 108 -79 172 42 95 36 111 -62 -163 3 -153 90 149 51 -12 -129 71 60 136 130 -97 82 -25 142 36 18 -137 6 133 -162 -113 -54 75 -81 32 6 83 158 46 157 -171 -113 -52 133 123 -3 -148 -129 -52 133 33 140 -10 -42 -71 66 -55 77 -118 -152 19 -50 -40 139 -114 122 -133 118 13 151 11 -107 159 75 72 100 150 46 174 56 -21 55 -165 -139 -8 ; 
32:128 17:65 17:65 16:64 22:86 11:43 27:105 8:32 11:41 43:169 2:8 24:92 22:84 34:132 25:97 1:1 19:73 14:52 16:60 28:108 17:67 30:120 15:59 35:137 38:148 4:16 3:9 6:20 11:43 6:22 7:25 23:89 15:59 1:3 29:113 16:62 12:44 13:51 13:51 17:67 11:41 34:136 18:68 6:24 32:128 35:137 13:49 10:38 18:68 40:158 30:116 24:96 7:27 25:99 26:100 2:8 10:38 34:136 25:97 54:216 6:24 28:110 6:20 54:216 26:104 21:81 10:40 17:67 44:176 23:89 26:104 2:8 27:105 39:155 38:152 27:105 37:147 20:80 9:35 16:64 41:163 19:73 11:41 6:22 31:123 32:126 10:36 21:83 14:54 9:35 30:120 33:131 38:150 30:116 7:27 15:59 11:43 10:40 31:123 4:12 22:84 6:24 57:227 3:11 20:78 14:52 18:70 14:52 17:67 12:46 7:27 18:68 36:140 13:49 6:22 11:41 2:4 16:64 40:156 7:27 29:115 21:81 40:156 13:49 16:64 42:168 46:184 13:49 35:139 8:28 13:49 36:140 22:86 6:24 19:73 16:64 19:73 9:35 52:204 54:216 18:70 31:123 8:28 4:16 19:75 34:134 17:67 20:80 37:147 10:36 15:57 37:147 1:3 19:75 24:96 19:73 32:126 10:36 2:6 28:112 27:105 15:57 28:108 16:60 43:169 23:91 5:19 34:134 21:81 24:94 3:9 8:28 16:62 16:60 34:134 22:84 1:1 6:20 2:4 16:60 19:75 28:108 24:94 3:11 22:86 44:172 16:64 16:60 18:70 8:30 6:20 7:27 40:156 13:49 30:120 13:51 33:131 10:36 25:99 11:43 28:110 ; 
L 141 -47 -59 17 -4 5 -36 -98 -60 -47 -110 -123 137 -98 38 76 -55 -53 -58 20 2 -127 17 -96 14 -124 59 79 130 28 46 67 -22 -122 10 -9 122 -79 72 -19 113 -57 -54 51 -102 70 -90 9 116 -149 64 -93 95 -44 -41 -94 -150 -88 -16 111 -119 110 145 -141 -115 -51 -122 32 58 -20 -98 -74 -74 -131 100 -4 120 -21 72 59 150 41 -27 -7 2 69 31 -1 111 38 -136 -39 -38 34 58 -6 -124 -59 70 -91 -106 7 6 72 -12 -145 -59 127 -52 -7 69 -117 -46 -30 -3 136 148 -29 -147 -82 -4 31 98 -31 -107 -61 88 119 -82 -63 19 -149 -53 46 75 -55 -123 -80 19 -144 -56 -58 -19 4 126 11 6 -148 5 32 -25 -94 -66 -55 -32 -46 -49 49 -30 127 35 -62 63 -1 61 -114 46 124 91 10 146 15 35 86 4 145 -106 -131 31 -144 -97 77 80 134 53 -75 52 25 -100 5 -105 83 140 -105 35 -149 -117 90 -101 -64 ; 
70 91 55 61 99 55 3 81 12 32 92 82 77 20 11 65 46 29 12 38 45 31 43 23 3 78 5 89 47 29 20 60 37 34 24 97 15 13 96 40 30 39 56 5 62 70 46 16 100 85 50 33 27 10 8 42 8 73 54 83 100 5 95 5 78 23 80 12 38 49 40 33 96 94 46 8 73 35 8 54 16 29 32 48 50 74 83 63 4 2 44 54 26 99 51 95 83 47 39 52 65 49 91 56 6 20 61 45 51 97 45 24 64 67 97 86 13 75 98 23 57 49 84 15 32 90 24 56 17 81 48 85 53 93 55 50 40 36 11 12 28 83 42 59 88 64 75 15 32 30 39 92 95 48 89 25 39 42 49 72 65 75 32 99 41 64 2 57 65 93 30 19 24 90 29 14 62 81 50 36 90 23 90 52 58 25 61 10 39 92 43 67 45 25 61 91 61 34 20 55 45 ; 
L -172 -59 80 -149 64 -79 -59 -49 145 -131 34 -49 -83 124 -16 115 30 122 -145 -4 -175 -12 -4 19 58 -124 -59 124 2 86 -144 -58 10 90 -9 51 -159 -161 -137 -105 -60 -9 6 -148 -75 -35 -15 -111 144 47 -171 -72 21 -120 -91 44 25 169 -11 140 -147 -82 -4 -126 154 51 -98 153 -134 20 174 158 -110 -123 7 52 -127 69 55 -119 107 -63 -100 19 2 156 -110 119 46 -55 -53 67 163 152 74 -116 -122 -141 -59 29 -148 113 -74 47 -173 -1 -4 -36 -130 -80 -70 -145 53 136 -55 46 -58 1 -31 -164 79 -122 31 -5 7 -41 38 151 -106 7 -59 -93 98 90 -101 -105 141 14 46 117 -72 19 -32 167 77 28 117 149 -165 19 56 -46 -149 72 -5 100 -127 155 -96 170 127 54 57 -53 69 -98 -166 35 -82 41 58 -20 -6 157 -22 -94 -88 168 -61 -17 94 -10 -3 -114 98 95 75 -39 162 -150 -150 32 -25 111 -31 38 6 76 -64 160 ; 
38:152 8:30 18:72 4:12 20:80 15:57 36:142 16:60 14:54 36:140 10:38 18:68 26:102 9:33 15:57 22:86 8:30 10:40 5:17 22:88 26:102 10:38 31:123 24:94 17:67 75:299 19:75 13:49 29:113 37:145 28:112 31:121 23:89 28:112 26:100 2:8 13:51 17:67 8:30 56:220 17:67 17:67 16:62 6:24 3:9 13:49 10:38 48:192 21:83 20:76 30:118 21:83 4:12 14:56 25:99 2:6 17:67 3:11 23:91 19:73 47:185 10:36 23:91 22:84 15:59 40:160 2:6 22:88 24:92 20:78 26:102 35:139 30:116 33:131 5:19 39:155 21:81 2:8 7:25 17:65 11:43 14:56 4:12 22:84 22:88 25:99 21:81 2:8 20:78 20:76 21:81 22:88 15:59 8:30 31:121 33:129 31:123 14:56 34:134 8:30 30:120 34:132 12:44 51:203 5:17 40:160 28:108 16:60 33:129 13:49 17:67 4:12 38:150 24:94 3:11 6:22 7:27 18:72 26:100 24:92 16:62 6:20 40:156 8:28 18:72 6:20 26:100 24:96 15:57 20:78 17:65 25:97 6:24 24:94 9:35 36:144 22:86 20:78 29:115 26:102 68:272 8:30 40:156 12:44 49:195 28:112 18:68 25:97 38:150 14:54 14:52 12:48 24:92 30:118 7:25 37:147 7:27 29:113 28:112 40:160 10:36 8:30 23:89 16:64 47:185 32:128 14:56 14:54 37:145 28:108 14:56 20:78 16:64 41:163 3:9 7:25 12:46 31:121 12:44 18:70 51:203 4:16 13:51 11:41 13:49 14:54 7:27 8:32 7:25 38:150 26:104 22:88 16:62 29:115 12:44 50:200 6:22 8:30 26:102 26:100 36:142 ; 
L 130 138 118 -82 -88 -85 -59 -89 -55 116 107 -68 83 -127 31 -141 62 148 -44 113 80 -102 -71 -95 66 -128 -21 45 33 -100 149 -138 91 87 82 -148 145 -90 136 129 -109 -91 -41 62 1 -26 1 82 6 -6 -116 127 121 -70 -83 -90 -140 -66 11 55 -49 115 132 80 -93 -39 76 95 30 -45 18 57 -103 -93 74 99 38 -56 64 -87 136 113 127 79 -43 106 -27 70 149 -72 143 31 141 -101 2 -26 130 -92 89 100 138 4 62 -93 47 -27 127 -18 -107 8 -88 77 -95 128 -32 132 28 -147 -94 11 -95 -132 -63 64 -142 125 114 -133 86 -75 -97 98 84 103 -98 -119 71 -112 -89 -77 -78 74 -39 25 111 2 128 -7 17 35 119 83 -85 -97 101 -139 -128 7 -109 -79 58 -61 -3 -32 -6 -124 -41 39 104 -50 135 150 65 -75 -146 -98 -22 -134 -43 66 24 7 -16 21 -93 -56 -1 16 -120 -3 136 136 -113 37 -128 -76 -72 -100 21 -85 ; 
20 22 86 43 58 77 88 60 94 19 56 66 82 17 65 18 1 66 50 55 82 84 17 16 12 6 63 14 39 85 91 78 49 39 45 81 12 29 2 49 66 14 48 93 99 9 95 36 85 90 77 40 5 41 40 73 1 22 12 88 74 27 87 54 66 12 57 38 70 26 20 73 70 68 31 55 45 34 63 66 55 78 33 74 56 29 62 5 52 45 38 86 51 90 27 47 25 76 7 16 59 11 70 7 21 6 41 84 66 75 20 100 65 46 56 13 90 100 61 34 37 8 68 95 80 60 65 98 70 43 22 91 95 39 15 62 100 65 54 99 65 75 16 96 13 51 15 95 87 4 94 95 83 73 58 25 7 1 38 70 44 9 10 20 25 83 5 20 60 3 2 54 19 65 55 36 53 63 40 37 37 56 34 8 96 28 43 11 40 53 75 17 42 40 9 30 11 10 84 16 71 ; 
L 130 -17 89 172 -4 -62 -141 -136 90 -128 -11 -106 -99 173 84 151 -98 -71 -26 -102 167 157 -93 -114 155 104 -50 127 66 159 24 7 -27 138 118 -82 -133 -75 -83 16 113 90 -160 -79 -77 -3 141 -93 76 156 30 136 66 140 -45 18 138 164 -146 -166 128 154 -2 161 -121 -174 -127 143 -93 74 149 -138 -63 64 43 -109 -163 -100 -124 -70 -41 135 95 88 113 -32 28 -101 97 -165 -115 3 120 33 -43 -83 153 11 -83 -70 1 -98 16 -170 136 55 130 -92 128 -152 56 162 56 -38 -95 -45 7 -82 -87 -91 41 -82 -75 -39 -6 136 91 -27 47 72 111 2 -49 -116 -80 -168 -149 109 150 65 -132 -147 31 21 -72 77 171 100 76 57 -103 -85 -94 -119 -35 97 100 -80 44 -148 88 -169 158 39 31 -139 -128 87 79 85 62 -62 -175 132 18 93 119 -59 -89 -55 116 107 -68 21 -101 -25 -125 -78 74 6 -32 -64 -112 98 8 -128 -95 66 21 -85 ; 
8:32 8:30 12:46 11:41 14:54 39:153 16:64 2:6 1:3 18:68 16:64 44:176 13:49 17:65 9:33 30:120 5:19 42:166 6:22 33:131 12:48 28:112 39:155 29:115 11:43 14:52 2:4 21:83 8:28 14:54 15:59 23:89 4:14 4:16 35:137 18:68 17:65 9:33 2:8 5:19 23:91 33:131 37:147 23:89 40:156 12:44 24:94 41:161 11:43 31:123 34:134 14:54 6:20 9:35 6:22 8:32 16:60 13:49 31:123 48:192 19:73 12:44 30:120 12:46 11:41 19:73 22:86 7:27 2:8 13:49 29:113 32:124 29:115 38:152 32:126 12:46 22:88 23:89 29:113 14:52 18:72 30:120 14:56 53:211 10:40 26:102 24:94 40:160 24:92 29:113 7:25 11:43 22:84 14:54 27:107 27:105 25:99 22:84 6:22 14:54 2:8 46:184 25:99 11:41 32:128 21:81 17:65 31:121 5:17 10:40 30:118 5:19 6:22 14:54 18:72 12:44 26:100 38:148 18:72 16:62 13:49 29:113 33:131 20:80 25:97 26:104 8:32 8:28 4:14 12:44 7:27 21:81 31:121 35:139 15:57 60:236 4:16 18:70 43:171 8:30 9:33 28:108 22:84 10:40 26:100 8:28 21:83 7:25 7:25 21:81 28:112 40:156 10:40 46:184 38:150 15:59 48:192 42:166 7:27 20:80 3:9 4:12 17:67 45:179 14:52 5:19 3:11 5:17 36:140 21:83 48:188 22:88 23:91 20:80 17:67 12:48 34:134 14:54 24:96 38:150 8:30 23:89 27:105 32:124 20:76 15:59 18:72 41:161 30:120 25:97 14:56 27:105 21:81 24:92 12:48 6:24 14:52 5:19 21:83 7:25 29:113 ; 
L -101 -31 -69 4 -102 -81 122 -111 145 -110 133 52 -135 -130 -66 111 132 135 133 19 -48 15 -56 -22 148 85 -43 48 91 -13 -141 43 -48 -131 112 -38 -107 148 -21 80 -4 6 93 65 39 104 -126 -7 -86 -131 92 117 50 -32 52 -148 140 -116 -40 61 124 -95 73 95 -112 -125 113 2 122 -90 -130 132 -20 -110 -127 137 116 -128 11 52 128 66 40 79 137 -17 6 148 15 125 5 137 -126 71 43 63 -109 -40 79 6 -83 33 107 116 -111 -56 -133 -106 -83 -9 -8 -37 -103 22 -24 74 38 86 2 67 6 146 -33 -42 94 -134 75 118 -5 -85 16 15 67 87 -104 118 4 -17 111 26 61 126 91 76 145 -106 97 -50 -147 -78 5 122 47 99 103 -4 -137 -120 114 -64 -55 -92 -74 64 65 8 -147 18 17 -82 97 103 -40 -18 35 49 -84 41 89 113 66 -62 69 10 -86 -94 70 75 -56 108 32 114 -145 -44 117 -113 -83 -141 82 53 ; 
91 93 45 62 30 100 26 96 93 91 69 80 74 9 64 24 89 52 52 55 29 16 93 97 42 10 53 1 97 58 24 12 83 58 25 17 36 13 90 11 58 61 1 29 85 88 20 90 51 1 58 66 26 10 25 77 30 50 18 26 23 85 57 13 57 50 74 59 100 12 55 28 36 41 1 88 20 48 11 5 73 36 30 12 4 39 16 43 44 72 40 37 38 44 82 39 93 63 44 34 48 5 27 15 87 12 33 75 34 8 34 72 1 54 14 78 63 37 75 4 7 68 84 93 78 39 11 51 40 29 52 58 30 57 91 53 7 53 4 49 32 7 47 52 71 66 70 6 90 69 58 79 68 57 49 45 34 10 55 18 1 29 21 17 93 62 2 14 62 28 66 27 27 85 85 2 95 38 62 66 56 13 14 16 72 49 36 66 79 4 96 73 78 82 77 6 56 13 92 50 93 ; 
L 110 39 -148 148 -48 -38 -107 21 -148 80 -4 6 93 65 20 -132 101 154 -22 -64 -145 160 -117 -75 157 85 4 17 -137 -161 141 -111 66 130 135 -52 -40 -128 -135 -132 150 52 170 -104 118 -111 -8 -50 40 -155 -5 -164 78 56 -168 -124 92 17 -2 79 111 -158 33 -156 -103 -122 -6 92 -48 43 -69 -110 133 113 -22 165 102 -133 41 -44 5 75 52 128 66 125 -147 18 -17 -172 -122 42 95 166 -5 -125 -151 64 65 -9 -90 -133 31 -162 149 -94 7 126 -83 -83 -116 32 114 120 -97 91 153 -62 104 -76 -114 -145 141 146 -118 67 87 63 -109 -15 -84 -106 -83 8 167 137 -86 -38 -74 24 103 -86 -131 -97 171 169 -66 -116 -33 113 -67 81 -37 -89 56 -15 32 -117 43 -11 -55 -116 -40 61 -82 -108 173 122 15 -126 -26 79 6 69 4 126 -137 -127 -71 -103 -85 -10 -145 -152 -56 113 137 4 163 47 99 159 -94 70 -19 49 -16 -40 82 53 ; 
15:59 35:137 14:54 22:84 13:51 10:38 15:57 9:35 36:144 1:3 24:92 25:97 1:1 12:46 16:64 15:57 61:241 33:129 10:40 10:40 16:64 22:84 24:94 19:73 22:88 9:33 12:48 28:108 8:28 8:32 28:108 32:124 10:38 26:102 4:14 30:118 31:121 23:89 29:115 21:83 17:65 6:22 31:121 33:131 22:84 22:84 1:3 16:64 22:84 17:67 29:113 40:158 0:0 28:112 15:59 4:16 8:28 6:20 4:14 18:68 14:56 39:155 32:126 27:107 16:62 12:48 9:33 13:51 30:120 16:62 20:80 30:116 28:110 14:56 21:83 36:144 28:108 13:49 5:17 18:70 16:62 12:48 29:115 30:116 15:57 10:36 14:56 6:22 19:75 2:6 19:75 26:100 19:75 4:12 28:110 16:64 8:30 10:36 38:148 11:43 25:99 14:54 25:99 6:22 22:88 18:70 4:14 36:144 22:84 14:56 10:40 27:107 30:116 17:67 10:40 28:108 25:99 16:62 17:65 32:126 23:89 37:145 23:89 6:20 9:33 8:32 23:91 51:201 38:148 15:57 22:86 41:163 14:54 18:68 5:19 22:88 15:59 15:59 26:100 32:124 24:94 21:81 1:1 16:60 43:171 9:33 1:3 49:193 16:60 11:41 12:48 14:52 25:99 3:11 44:176 38:148 29:115 4:12 15:59 12:44 11:41 14:52 8:28 11:41 15:59 20:78 33:129 15:59 39:155 16:64 15:59 15:57 14:54 26:104 25:97 5:17 16:60 10:38 26:100 20:76 4:12 25:99 14:56 5:19 29:113 31:121 9:33 14:54 20:80 34:134 23:91 9:35 23:91 15:57 4:12 48:190 19:73 17:67 24:96 20:80 38:148 ; 
L -51 -88 -113 -126 131 38 71 119 115 -47 -113 -68 87 -139 -134 94 -105 -10 -100 59 2 47 88 -15 134 -28 105 37 81 27 30 97 11 -11 99 -18 72 -99 126 140 81 -71 -38 -21 12 -124 -131 33 -3 -133 75 -119 36 -3 147 2 -75 -135 77 65 -84 -131 21 71 84 -137 61 3 42 -100 16 -120 -4 -149 -86 -50 69 -67 -62 130 59 -43 -33 128 120 -13 -81 -105 50 -91 -83 -72 -65 74 -104 -97 145 -108 -97 -19 -9 4 -148 52 -131 85 -110 -99 141 42 38 -103 136 21 -128 -34 106 121 10 -84 27 -69 46 -79 134 -99 86 -48 4 -40 -17 -98 92 127 59 57 149 65 116 15 96 4 66 132 -82 19 131 75 -113 17 -120 58 -36 -24 39 -62 -103 145 73 -119 142 -31 54 -124 -135 112 88 -90 113 27 139 -87 134 43 94 29 45 -150 101 68 -106 62 -14 53 -8 117 92 51 -143 -54 30 -125 44 -129 5 140 -73 -43 -125 -74 ; 
25 28 44 1 88 34 10 37 48 70 98 63 27 64 88 71 67 32 49 93 83 34 57 24 56 60 9 95 8 33 35 21 46 23 26 95 45 78 80 47 98 63 55 43 37 41 52 64 94 60 56 35 63 35 7 63 66 33 6 13 27 76 15 60 89 84 56 75 95 98 65 10 78 86 88 3 86 58 60 45 39 10 96 14 72 16 9 47 71 57 1 91 18 41 11 35 31 29 69 72 21 39 93 43 51 76 9 51 14 65 51 22 96 91 51 57 54 35 99 87 7 27 18 96 52 56 40 26 94 99 38 14 95 38 44 9 5 48 85 81 76 10 61 17 6 96 17 100 99 82 97 96 79 8 11 89 62 46 39 64 48 12 68 40 23 39 80 68 94 81 91 16 16 65 11 56 38 20 50 28 33 87 39 15 55 45 87 90 10 55 43 55 3 81 7 47 65 97 11 91 57 ; 
L -51 155 -88 -21 91 -50 -119 -170 117 128 149 -54 -105 141 127 152 59 160 124 88 -140 -100 72 99 134 139 -134 -24 62 19 97 108 -145 -4 10 -84 -112 33 43 66 159 -61 137 -84 -71 52 -90 113 -98 92 42 -151 29 45 -81 -87 135 -43 92 161 -143 -54 -103 100 -48 -40 -17 -2 4 -136 145 73 -113 -2 -75 -174 62 -133 94 -10 96 4 15 -28 105 175 124 -68 -101 150 165 62 36 167 -59 131 -169 -148 -8 -38 -120 -129 9 75 -37 38 99 110 -69 -34 -163 -3 147 82 -132 -75 19 -58 -97 59 -57 33 27 -69 -86 36 -74 153 77 -44 -86 -50 -72 18 11 -139 85 116 -120 81 47 -115 168 -120 104 21 -157 14 99 -87 -38 125 71 -94 68 -106 -113 21 -5 47 131 -53 88 -154 -119 -173 149 71 30 -134 -46 -172 39 3 -164 -126 3 42 -125 43 131 84 140 -73 162 -11 -97 -81 -15 31 119 13 171 166 158 130 135 -65 -74 156 ; 
10:40 35:139 32:128 13:49 4:14 23:91 7:25 46:184 14:56 2:4 12:46 20:78 22:86 27:107 34:132 13:51 27:105 22:88 5:17 10:38 6:22 23:89 11:41 16:62 35:137 36:140 42:166 9:35 35:139 5:19 29:115 28:110 13:51 38:152 6:20 35:139 13:49 17:65 39:153 25:97 14:56 35:137 23:89 34:134 36:142 18:68 91:363 38:150 12:46 38:152 8:32 13:49 12:48 16:60 27:105 32:128 12:48 26:102 32:128 21:81 7:25 22:88 34:134 36:142 14:52 54:216 16:60 7:27 26:104 14:54 14:56 15:57 17:67 18:72 46:180 26:102 3:9 22:86 4:16 37:147 16:62 4:16 29:115 20:76 4:14 39:155 30:116 6:20 12:44 20:80 5:17 3:11 7:25 13:51 4:16 27:107 6:22 30:120 21:81 6:24 28:112 13:51 32:126 14:52 51:203 22:86 4:16 21:81 4:16 22:84 10:36 15:59 3:11 24:94 3:9 18:70 18:70 5:19 27:107 16:60 26:102 24:92 9:35 11:43 39:153 38:150 11:41 40:160 13:49 7:27 29:115 2:4 24:94 18:72 22:86 5:19 5:19 10:40 7:27 29:115 43:169 28:112 4:14 21:83 26:102 24:96 27:105 19:73 6:20 47:185 2:6 24:94 32:126 25:97 22:86 31:123 12:48 36:140 37:147 6:24 21:81 8:32 10:40 4:16 8:30 9:33 16:62 11:41 15:57 35:139 37:147 41:161 27:105 38:152 40:160 43:171 52:204 38:152 26:104 3:9 25:99 31:121 14:56 26:104 12:48 26:100 19:73 5:19 20:78 42:166 18:68 10:36 40:156 30:118 13:49 37:145 32:126 16:64 26:102 10:40 17:65 ; 
L 71 -139 -2 -67 -94 148 71 -145 73 -139 -45 36 -105 -146 19 108 71 62 -11 121 77 -143 68 -117 117 -3 41 32 -8 -70 -3 123 96 -141 66 59 107 31 86 103 -96 128 -128 3 -84 -81 55 96 122 -97 -28 -69 88 -128 109 -26 55 -138 -63 84 133 -85 -91 -73 74 -63 120 -92 56 -143 2 43 -105 -140 116 51 49 -94 -73 37 120 6 -54 -65 112 -25 49 -38 26 -69 -92 96 -17 -23 79 143 -95 108 133 119 -138 39 -23 -137 56 139 37 91 62 7 -30 -43 132 130 56 71 50 73 -70 33 -138 -16 86 5 -79 39 -58 106 -47 149 -82 120 6 116 -23 -131 145 57 32 18 -102 -128 -60 66 -59 -12 -32 -15 -86 72 99 -26 -69 92 105 -56 -64 116 -24 -71 100 -63 100 -99 22 -136 105 44 66 139 74 -24 -127 -115 17 -69 118 -114 -93 41 -18 -31 73 11 38 105 78 107 43 24 23 93 -2 5 -22 -20 131 27 115 88 ; 
24 47 62 93 7 49 37 50 57 52 86 46 44 62 61 68 57 60 95 70 45 28 38 87 88 11 78 44 1 32 5 40 16 77 79 87 91 2 34 25 90 93 82 88 49 39 25 67 23 35 80 96 11 98 23 16 20 29 62 70 13 13 85 65 54 100 20 46 77 30 61 39 91 65 44 21 41 84 65 8 65 47 74 11 57 36 63 35 15 11 87 75 61 16 50 61 66 24 19 13 42 88 41 77 20 16 53 72 17 37 5 94 79 3 15 23 74 25 8 88 87 35 22 54 73 90 95 21 60 68 47 79 58 70 91 43 59 21 54 45 18 89 51 96 79 95 92 46 31 50 79 84 87 52 2 4 17 91 74 9 77 10 21 66 24 51 63 37 44 43 38 53 21 97 28 5 16 78 96 41 1 8 87 5 64 9 62 76 8 18 39 15 99 8 78 60 25 83 21 77 58 ; 
L 71 -84 3 167 -66 60 6 128 -128 73 59 31 69 -94 54 100 -105 -140 -84 -81 39 105 -36 -62 -43 -96 -128 -26 72 -93 -37 73 163 -94 2 100 133 119 -158 -139 -55 15 -20 131 -116 -160 7 -30 18 11 105 -49 -145 -159 -71 105 45 139 -92 12 -128 23 -157 -155 17 56 170 -22 44 66 -107 -88 41 -57 150 -123 3 -32 -41 -51 -116 33 156 -138 173 73 22 153 -132 43 74 -161 145 70 -73 58 69 117 -86 -107 -112 -39 138 -168 11 143 -143 96 -141 66 32 31 -154 17 114 -169 162 18 -56 -108 49 50 -27 -25 -115 151 -73 165 -91 71 -95 2 -38 -143 -79 -24 133 137 26 -3 74 120 -92 -171 -79 82 -68 106 -56 -93 152 -64 91 62 164 -59 -63 43 -24 166 28 97 -122 -55 23 56 -5 148 71 32 69 -99 -118 -121 -92 -23 2 -174 -6 -120 -172 -138 16 -139 149 127 24 -5 -86 -78 86 -131 103 -96 -77 -67 -99 -19 115 88 ; 
10:38 26:104 18:70 17:65 34:136 39:153 30:118 64:254 33:131 22:86 26:104 32:128 14:54 24:92 18:68 30:116 21:81 26:104 25:97 16:62 23:89 13:49 18:70 10:36 27:107 46:180 15:59 1:3 24:92 22:86 24:94 4:12 36:142 11:43 12:44 5:19 36:142 6:20 8:30 14:54 9:33 34:136 28:110 17:67 2:8 37:147 32:124 2:8 10:36 10:38 20:80 5:17 8:30 41:163 18:68 18:72 20:76 35:137 30:120 34:136 24:96 20:76 32:128 28:112 38:152 18:70 18:72 45:177 52:206 18:70 26:102 20:78 16:64 14:52 14:52 2:8 16:64 6:20 18:70 24:92 9:33 4:14 32:128 8:28 23:91 8:28 5:17 58:230 10:40 32:126 8:28 7:27 25:97 50:198 19:75 21:83 14:56 32:128 15:59 10:36 14:52 22:86 36:140 8:32 9:35 5:19 11:41 47:187 31:123 32:126 10:40 32:124 25:97 8:30 24:96 28:110 13:49 19:73 40:158 15:59 14:56 26:100 11:41 11:41 53:209 14:56 12:48 13:49 12:48 22:86 26:104 40:160 32:128 6:22 8:30 12:44 4:16 38:152 6:20 11:43 32:126 48:190 19:73 31:123 20:76 16:62 33:131 18:70 30:118 3:9 7:25 32:128 7:27 7:27 29:113 14:56 49:193 12:46 27:105 18:68 15:57 32:128 14:56 16:60 28:112 10:36 28:108 12:46 15:59 14:54 24:94 64:256 51:203 8:30 7:27 4:16 31:123 31:123 3:11 19:75 32:124 4:16 5:19 14:52 8:30 32:128 9:33 31:123 22:86 17:67 16:62 31:123 24:94 36:144 10:38 14:54 11:43 9:35 29:113 31:123 24:92 ; 
L 49 -8 -39 78 113 19 -115 -142 21 130 137 10 -67 -103 -64 1 98 39 -54 -52 -92 113 35 -45 -19 107 -134 43 63 71 -3 -65 -88 72 -70 24 -10 112 132 66 -108 79 -6 20 30 -75 -117 120 37 -60 -133 -19 145 103 132 42 -78 -17 141 4 16 -58 -107 -44 139 -144 -10 -55 -71 -95 -82 -34 -83 -29 17 139 -133 119 -63 -142 123 -25 -92 72 -21 -113 11 -42 100 -99 -125 52 37 73 -11 -52 -96 -42 -74 -78 80 -149 -53 -23 58 -28 58 -15 105 -130 37 -112 74 -70 18 -84 92 -35 -80 72 77 53 -108 -150 123 49 -12 66 -2 73 -1 4 -8 -48 23 57 60 119 54 104 -133 -124 -143 -39 59 80 77 22 -140 93 58 -130 -70 -61 107 -2 22 -119 44 138 -24 -29 -7 20 29 6 14 42 88 -103 54 -125 -84 -27 -71 100 118 -22 -93 -58 -125 81 -145 133 44 -100 -131 131 -144 52 -145 -70 -38 -22 96 83 51 114 -106 -64 ; 
38 22 76 2 7 83 27 81 49 58 79 59 72 34 30 24 5 88 65 47 37 49 73 67 54 73 24 30 97 6 81 3 66 40 69 6 36 92 27 65 32 24 51 21 63 44 76 8 49 48 88 73 62 18 90 15 70 88 75 18 72 44 25 36 68 66 59 68 87 25 78 86 52 67 70 41 55 72 36 53 81 82 59 37 77 5 19 34 12 59 95 34 54 39 95 10 74 11 95 34 66 89 39 32 51 75 49 99 41 11 69 89 75 94 4 64 60 100 28 40 67 30 76 92 9 2 62 88 26 94 26 7 60 79 88 35 56 80 82 93 23 90 37 53 52 63 6 2 37 19 24 82 31 3 52 71 42 20 20 55 94 50 90 22 92 11 39 85 45 80 53 45 56 9 33 92 28 49 6 97 6 46 96 96 62 22 72 37 20 44 27 77 18 11 24 2 60 12 55 10 1 ; 
L 49 -20 7 95 71 48 134 -107 -1 23 60 -10 163 -55 -79 49 -123 142 -119 -60 4 -8 43 -100 -44 139 -23 58 -52 -96 17 -39 -80 72 -21 21 14 42 155 78 19 52 -92 -153 -114 -10 149 -88 -139 -83 144 2 25 -112 -35 -80 152 -12 170 -108 -123 150 108 58 -29 -73 -37 -166 8 78 -103 112 132 -29 34 73 -142 -18 113 -115 24 -11 83 -96 29 67 84 54 -125 -164 15 -58 28 -145 66 130 137 -10 -71 171 -30 -20 100 173 -125 58 -130 107 -54 -42 16 -58 -104 -19 145 154 -107 27 38 -125 -6 119 174 172 124 -161 133 131 45 63 2 -92 -35 -77 -80 72 42 105 -120 117 169 -4 -141 24 -17 65 3 113 -44 119 -42 -74 -37 81 75 -133 22 151 -103 93 -157 -54 -52 -92 77 53 99 22 165 37 -167 156 158 51 6 -59 133 -162 -168 93 133 44 -100 -131 -143 -138 72 -70 82 -118 -160 -78 1 159 -175 74 -70 52 -106 -64 ; 
16:60 24:96 9:35 24:92 10:40 14:56 18:68 10:38 28:110 21:83 13:51 44:172 5:19 36:144 35:139 2:8 9:33 33:129 25:97 43:169 16:62 24:96 27:105 28:110 24:96 28:108 28:112 21:81 39:153 30:118 22:88 31:123 23:89 38:152 31:123 13:49 16:60 34:136 30:118 7:27 16:62 23:91 18:68 35:139 34:132 20:78 22:84 19:75 33:129 33:131 15:59 19:73 37:147 35:137 4:14 12:44 18:72 9:33 24:92 20:76 9:33 4:14 37:147 20:78 13:49 19:73 16:62 22:86 32:126 18:68 12:48 34:134 11:43 3:9 72:288 28:110 21:81 20:76 4:16 6:24 34:136 8:30 4:16 6:24 9:33 46:182 24:92 39:153 18:72 12:46 30:120 40:158 20:78 12:46 21:83 19:75 32:126 22:86 28:108 4:14 14:54 26:100 4:14 18:70 4:14 14:54 33:131 16:62 24:96 14:56 6:22 18:70 20:80 9:35 25:99 7:25 42:168 38:150 2:6 12:46 16:62 41:161 36:140 16:62 5:19 36:140 37:147 8:28 4:16 32:128 8:30 4:14 34:132 10:36 3:9 29:115 7:25 22:86 37:145 4:12 48:188 13:51 8:28 14:54 26:102 44:172 2:4 32:126 24:96 8:32 9:33 38:152 29:115 10:40 32:126 4:12 1:1 9:35 38:152 12:44 9:35 48:188 19:75 15:59 15:57 12:48 37:147 31:123 24:96 39:153 28:108 3:11 10:40 54:216 0:0 6:24 19:73 26:104 12:44 7:27 8:28 25:99 9:35 29:115 29:115 35:139 18:70 34:136 19:73 23:89 24:92 27:105 15:57 34:136 6:22 24:92 38:150 8:28 19:73 4:16 1:1 ; 
L 131 -95 32 -126 62 119 38 53 138 -55 95 -135 130 144 40 68 -23 144 -14 131 29 -6 -121 42 -53 -128 142 6 -91 -70 -124 -123 -32 -142 -29 -44 -108 -149 29 11 12 61 76 90 91 139 71 -66 -99 -77 -143 64 -52 86 -37 144 108 -131 -69 5 -4 -21 126 141 -23 -32 67 -149 123 -71 -78 -8 54 135 -140 -95 75 -131 -4 14 91 -66 106 130 21 -4 114 99 117 57 130 40 -81 -94 -74 70 -68 149 -68 46 88 14 -36 -118 62 32 -141 1 73 -93 -26 91 -13 41 14 122 47 134 103 -148 39 -66 61 39 -138 64 -74 -81 13 -138 140 -50 24 -95 91 91 13 -128 35 -149 104 74 82 43 -123 125 -123 -85 -77 -2 -21 30 90 -86 5 131 138 134 -92 -103 -134 -31 -108 84 -109 -140 -36 144 30 83 -45 -6 79 54 -27 42 96 11 72 28 -137 96 -37 144 7 -61 137 139 16 36 96 110 -73 -51 -107 136 100 14 -62 -11 ; 
49 33 83 53 4 44 88 38 55 26 23 2 19 85 63 56 35 6 19 19 93 61 84 90 28 22 86 59 27 45 3 81 36 44 16 81 87 53 19 48 64 3 87 82 2 91 92 72 15 65 73 14 61 22 54 29 49 56 3 24 73 24 49 52 33 87 38 50 7 61 94 42 47 27 27 68 71 92 89 19 69 76 95 45 26 81 71 97 81 94 77 80 29 40 23 1 80 94 95 37 66 17 6 65 47 43 66 75 7 34 54 69 86 17 11 19 29 35 25 96 19 31 42 50 15 53 25 99 21 31 78 81 20 43 10 40 65 2 24 35 30 58 15 63 10 16 26 50 75 47 36 4 60 56 59 12 82 92 28 57 100 78 79 52 35 54 97 3 45 63 2 10 72 49 68 48 71 34 94 14 63 62 72 84 17 3 82 21 63 53 35 41 3 41 54 75 33 20 31 63 91 ; 
L -35 -169 -6 21 162 151 23 -40 -165 -47 -122 160 -4 14 37 106 -77 134 103 123 119 -74 39 131 32 -36 173 -135 24 -166 -157 -107 -91 68 -84 -32 152 -168 26 -41 -138 -53 -144 -130 135 -99 -7 -144 6 -70 -156 -21 -30 123 91 2 77 -40 108 159 61 39 -138 -16 -4 -21 -71 155 117 57 -75 95 38 81 128 -96 -140 13 -142 158 -29 79 -108 -86 -138 144 96 -131 -140 -149 52 -37 -149 99 -32 -139 -137 163 -29 -170 141 -83 74 126 118 -167 36 -14 -88 -46 -149 -72 -11 171 -110 -4 130 81 -142 78 161 149 -67 32 -154 5 131 96 14 1 73 -93 -134 123 73 -14 74 82 43 95 12 8 85 144 51 136 100 -144 174 137 -70 66 -143 66 62 -148 -55 103 13 -54 53 -42 -64 -131 -69 5 -95 172 124 -164 123 138 -13 50 -36 -95 91 -54 -14 141 140 109 90 28 -121 -130 -27 91 -66 -71 -6 -92 125 -150 -153 -11 -29 90 -62 -11 ; 
10:40 25:99 1:1 42:166 50:196 24:94 19:75 30:116 42:164 10:38 12:46 38:148 20:78 8:30 33:129 41:163 20:76 13:49 40:160 17:65 8:28 19:75 16:64 9:33 24:96 41:163 28:110 7:25 6:24 23:91 36:142 40:156 43:169 30:116 29:113 28:112 23:89 8:28 21:81 34:132 7:27 22:88 17:65 4:16 38:152 8:32 3:9 7:27 28:112 0:0 36:144 31:123 13:49 19:75 22:88 20:78 19:75 18:70 78:310 17:67 28:112 20:80 6:24 10:38 13:49 10:38 39:155 20:80 18:70 38:150 22:86 29:113 12:46 2:4 26:102 20:80 37:145 8:32 6:22 30:116 16:60 31:123 18:72 15:59 42:166 22:84 10:36 20:78 33:131 44:174 0:0 30:118 13:51 26:100 24:94 32:128 9:33 29:113 19:75 3:9 21:83 6:22 33:131 30:116 36:140 7:27 38:152 3:9 7:27 27:105 2:6 9:35 38:150 20:76 12:48 24:92 19:75 7:25 29:115 20:76 12:44 34:136 20:80 16:60 10:40 13:51 5:19 17:65 13:51 21:81 3:11 14:54 29:113 7:25 6:22 16:62 7:27 6:24 26:100 16:62 14:56 0:0 37:145 29:113 27:107 31:123 14:52 12:44 16:60 19:73 8:30 9:33 24:92 6:22 21:83 34:134 12:48 11:43 24:96 17:67 2:4 12:44 17:67 24:94 2:4 10:38 2:8 30:120 16:62 4:14 24:96 10:36 13:49 13:51 10:40 18:72 4:16 12:46 36:142 14:56 25:97 22:86 10:38 23:91 15:57 25:99 16:60 32:128 31:121 28:112 32:128 35:139 13:51 10:36 0:0 16:64 20:76 12:46 14:54 26:100 37:145 ; 
L 112 -126 -39 -14 -65 82 -44 141 136 65 -122 -98 -107 -53 109 90 -17 -26 131 135 83 -129 80 47 44 -128 -68 123 78 103 57 99 -15 -54 -37 137 -132 -41 35 106 -28 -51 -2 -100 15 37 18 81 -74 90 62 48 -71 98 36 8 30 93 101 14 14 -66 -137 77 -46 85 -111 129 -114 39 115 142 -103 -92 59 -88 -34 -113 137 126 64 90 24 146 100 -116 -45 -29 61 9 -34 34 43 -91 24 -52 -112 17 -73 -80 51 -55 105 -148 147 30 -129 -67 -52 14 -124 -44 129 146 -41 22 69 -128 109 53 -57 -89 -110 131 -84 -111 131 36 65 75 49 -8 -76 -120 -17 85 126 -47 -82 -25 49 108 -86 67 -67 -110 -40 -124 -88 -60 73 110 48 -63 -30 4 -85 -57 72 -38 96 -108 -108 -29 3 70 65 -30 -54 -80 -78 90 -85 -132 -38 -63 71 2 50 -106 61 -12 -69 -68 98 144 -53 -140 -15 -20 2 -45 -73 44 -141 -3 96 17 118 9 ; 
58 100 9 8 15 16 90 1 88 7 68 26 11 41 9 4 84 53 23 55 66 90 61 79 52 72 91 30 29 91 42 100 36 98 10 21 61 24 85 71 52 96 75 16 24 32 83 18 72 22 53 68 21 60 49 89 17 31 20 28 32 55 64 70 30 36 96 22 75 57 15 81 77 1 12 78 5 89 20 23 49 76 74 17 45 53 4 77 95 56 10 97 33 64 66 5 83 39 19 77 32 27 31 5 72 69 66 59 17 63 49 73 98 99 83 80 56 9 82 33 37 83 45 71 24 6 87 44 49 37 76 60 77 46 14 51 50 61 99 25 37 96 59 50 3 90 20 93 87 94 26 17 98 64 72 15 59 13 84 19 86 93 59 30 56 86 96 2 10 8 34 95 59 22 33 6 32 28 70 4 67 20 98 70 51 9 20 22 77 22 21 100 35 2 30 47 25 96 27 10 18 ; 
L -2 -100 -150 132 -137 -141 126 -34 129 -151 -90 -100 -153 -64 -126 -137 -90 -171 -67 -110 85 -4 30 -167 -161 -73 60 108 -66 -137 -70 -57 30 154 93 105 14 -122 -98 82 14 113 -172 34 34 -112 -85 -152 78 -9 15 44 114 -129 110 103 -36 -48 -82 -30 65 39 -25 -126 116 -109 38 44 -41 26 -142 163 136 -141 65 -17 80 -83 -146 165 57 89 -2 68 65 29 -170 -98 -48 -62 74 -61 -15 -149 101 63 30 111 28 -106 -35 -44 47 44 -128 -53 -54 -43 78 -80 52 67 15 -164 -99 -115 -160 -162 -3 -24 -53 -140 129 -18 -124 20 -156 106 -63 50 -128 -68 109 85 -111 155 -51 -40 -124 -88 80 -86 67 92 103 -90 -107 -53 -47 -61 -81 131 -77 41 -49 -144 -166 -112 -2 159 85 -72 57 108 110 45 76 8 98 -96 -39 -73 -123 88 -59 -157 -65 -55 158 131 36 -84 -51 52 -173 12 45 169 17 120 -46 -129 147 108 69 71 -73 -168 17 9 ; 
26:104 7:25 9:35 20:78 25:97 25:97 26:104 24:96 48:188 20:76 29:115 31:123 9:33 70:280 20:78 10:36 5:17 23:89 5:19 36:144 4:14 24:94 6:24 26:100 14:52 6:20 11:41 10:40 56:222 26:102 47:185 31:121 26:100 27:105 33:129 19:73 28:112 14:56 11:41 4:16 13:51 23:89 32:124 5:19 23:89 19:75 5:19 26:100 31:121 6:20 28:112 8:30 23:91 30:120 8:28 10:40 23:89 21:83 34:132 5:17 4:16 1:3 4:14 26:102 42:168 10:36 8:28 18:70 19:73 10:36 42:164 34:132 38:148 11:41 9:33 18:70 14:54 28:112 24:96 20:80 25:99 38:150 42:164 44:174 13:51 20:80 13:51 12:44 28:108 28:108 12:44 27:105 57:225 12:44 4:16 4:12 17:65 9:35 9:33 21:83 29:113 21:83 6:22 21:83 29:115 15:57 12:44 18:70 4:12 40:156 6:24 7:27 72:284 21:81 29:115 17:65 20:78 16:64 17:67 27:107 43:171 9:35 10:36 18:72 33:131 57:227 38:148 22:86 12:44 50:198 7:27 15:57 8:28 11:43 39:153 24:96 4:14 2:4 38:148 35:139 12:44 32:128 20:80 27:107 1:1 28:112 18:70 17:65 6:22 48:190 42:168 22:86 17:67 12:48 12:46 26:102 9:35 13:51 28:112 10:36 14:54 11:43 34:134 39:155 10:40 36:144 1:3 31:123 20:76 8:32 9:33 23:89 19:73 8:32 32:124 27:105 18:70 30:118 14:56 31:123 18:70 7:25 33:129 9:33 2:4 33:131 24:96 57:227 50:200 6:22 16:62 17:67 17:67 9:33 36:140 14:52 26:100 22:88 18:72 14:56 8:28 ; 
L 68 -34 107 16 44 -148 57 5 34 114 -132 -12 -38 146 16 134 3 -114 95 135 88 74 53 86 -99 135 -144 -26 64 -52 -56 98 -104 -6 99 148 -57 -65 24 39 -1 7 -42 127 -77 -129 -57 60 -128 -133 104 7 -44 72 -56 -120 33 93 92 -90 7 42 41 95 -53 -145 -148 -26 -28 -27 43 60 -56 131 -77 63 -147 -143 -64 -117 -107 139 -31 98 -67 75 -89 -14 68 -146 -37 105 146 -84 -139 143 2 110 -134 113 -146 -92 -5 -146 108 16 -6 5 143 -38 134 -73 -30 110 -58 -41 -81 -148 -77 -122 14 80 78 131 41 142 129 48 115 59 50 -25 140 101 -30 -81 -113 -122 60 -64 13 24 -33 -43 117 -11 69 3 129 148 -31 -11 -143 26 129 120 3 53 -119 29 49 -123 -14 69 30 -65 -61 -130 126 33 72 40 4 21 -38 122 43 15 -79 -4 -56 -87 -16 5 42 108 123 135 -40 100 -22 46 89 -73 36 31 33 -42 43 -2 ; 
78 68 84 67 10 35 16 25 44 56 80 38 91 94 56 4 1 11 23 16 82 94 57 77 7 95 13 87 53 84 25 9 84 44 51 71 4 32 92 74 9 10 31 8 2 66 2 85 28 71 13 45 84 66 40 63 76 72 5 41 16 2 40 96 29 69 47 59 74 98 22 94 48 74 36 59 29 36 5 31 56 12 90 75 29 65 20 8 36 63 14 88 73 65 44 62 55 52 74 47 1 55 89 42 32 30 74 62 87 63 89 15 26 87 76 67 59 66 13 95 9 35 47 70 55 95 69 17 93 78 10 96 41 37 89 66 76 48 49 57 44 76 15 89 58 30 58 5 76 89 68 37 70 37 28 51 92 18 45 19 96 8 47 72 14 11 9 62 75 22 35 78 34 96 17 62 52 85 73 88 20 92 50 75 35 43 59 5 58 50 85 58 11 45 30 35 48 93 40 70 31 ; 
L 68 -34 107 44 -159 -24 65 -117 43 93 42 108 -154 -156 130 61 21 123 -33 -5 -142 113 146 58 14 89 -75 67 87 -22 46 5 34 33 164 65 41 95 -41 -77 -173 -28 146 104 -4 -56 -100 -143 80 -36 73 92 64 79 -56 98 52 -129 -168 64 134 -84 69 129 -44 56 148 -77 33 -7 147 -63 122 -42 13 24 -169 -41 161 -78 -89 -143 166 126 113 -146 -53 16 -6 -43 -4 -149 57 134 -157 -57 148 92 60 39 7 -25 -162 73 -134 5 -151 -110 -2 -68 -152 143 -29 119 26 105 -110 30 -49 -133 104 30 -57 167 163 5 69 -165 -139 72 -131 60 -26 -33 60 -122 -42 88 74 148 -140 123 -117 108 -15 -43 170 -43 -129 -3 -143 135 14 135 -144 -128 30 120 -171 1 -150 -131 95 135 -50 -115 -42 153 -90 -77 38 -31 -11 -120 -56 114 -3 -99 6 -99 16 -158 145 -27 -7 37 146 -146 38 172 -98 160 31 40 114 -132 -72 -11 155 -2 ; 
32:124 28:108 34:134 31:123 13:49 5:19 37:147 14:56 24:92 14:52 12:44 18:68 27:107 24:92 31:123 25:99 2:8 5:19 6:22 6:22 17:67 31:121 22:84 37:147 24:92 4:12 8:32 26:104 28:110 10:36 24:92 10:40 18:70 21:81 4:16 32:124 9:33 39:153 15:59 16:62 49:195 24:96 6:20 9:33 30:120 8:32 62:246 30:116 30:116 12:44 12:48 14:56 17:67 27:107 5:19 4:14 30:118 26:100 26:102 22:84 52:204 57:227 39:155 33:129 35:139 23:91 16:64 11:41 22:84 6:24 15:59 12:46 10:40 12:44 11:41 31:121 4:14 24:96 25:99 10:38 7:25 26:100 30:116 16:60 21:83 1:1 13:49 7:25 30:118 7:25 29:115 25:97 5:17 3:9 2:8 22:86 7:25 8:30 20:80 10:36 6:20 23:89 15:59 5:17 6:24 58:228 64:256 2:8 21:83 13:51 26:100 35:139 38:148 8:30 11:41 8:30 13:51 35:139 22:88 26:102 6:20 38:150 3:11 8:32 40:158 23:89 29:115 25:99 20:80 21:83 12:46 16:60 39:153 49:195 7:27 27:105 20:80 46:182 38:150 12:46 38:152 10:40 20:80 20:76 13:51 34:136 27:107 19:75 8:30 19:75 51:201 14:54 5:19 31:121 6:20 8:30 33:131 17:67 26:104 18:70 7:25 14:54 10:38 7:25 34:134 6:24 12:48 18:70 30:116 15:59 39:153 16:62 15:59 15:57 34:136 30:116 5:17 6:22 21:81 34:132 47:187 2:4 19:75 10:38 14:56 31:123 6:22 13:49 38:150 45:179 6:24 38:148 10:40 56:220 14:56 32:128 9:33 6:22 20:78 33:129 13:49 ; 
L -109 -61 -10 -37 -132 -43 -108 -81 -133 -122 144 -34 12 -142 29 142 90 81 90 75 39 -33 -52 82 -60 -64 -114 -111 142 91 -105 4 -100 -116 -128 -115 87 63 148 112 103 -18 -57 -89 -32 80 -102 -75 -28 95 2 -137 130 -50 -99 24 -111 -51 -15 34 -59 81 -18 32 48 -25 -150 44 14 104 12 1 47 -103 21 21 16 -13 -48 64 -87 -46 -148 -94 93 47 -107 40 -75 140 -131 -52 82 69 39 -6 120 143 -139 75 -104 -26 -88 80 144 110 -91 94 -19 -23 -49 -78 -108 16 18 128 -3 13 -59 30 -145 -146 131 26 42 4 66 -80 -69 -124 -131 -103 37 71 6 6 74 59 -71 -42 -55 106 66 -103 -20 -91 5 36 121 -96 120 89 -50 -6 127 26 73 98 -94 105 -79 -105 97 31 20 38 -141 -39 -38 9 101 86 87 17 98 -69 146 -11 68 30 107 -142 74 130 36 -55 58 47 -61 -7 -132 -56 99 91 -126 -123 144 28 -139 16 ; 
24 17 78 55 91 25 85 28 27 36 34 23 85 40 81 49 35 2 82 84 13 91 67 62 85 79 18 98 59 74 92 87 76 73 92 53 6 78 46 48 67 83 9 76 7 90 41 81 77 56 81 93 87 58 58 70 76 79 18 82 51 99 58 46 61 49 91 53 1 48 30 24 26 46 22 22 100 15 80 57 78 55 5 41 14 45 94 56 45 82 24 34 26 10 7 10 17 92 81 47 75 76 30 61 31 3 45 83 58 23 10 38 67 16 77 21 60 6 33 17 48 14 15 34 55 59 91 62 3 48 57 93 22 53 53 45 6 65 33 10 22 93 76 33 84 40 72 14 49 36 82 37 72 99 100 84 49 84 2 46 19 40 51 62 87 2 87 60 37 32 43 56 47 98 49 9 54 24 55 10 57 44 80 95 52 56 9 60 28 71 71 48 52 37 36 47 49 43 28 58 86 ; 
L -61 -87 128 -34 15 -163 71 80 -6 -38 90 81 90 -28 -146 -46 -148 51 111 -130 -66 -4 105 -91 133 108 -18 150 -94 -162 -14 -42 -55 106 -103 -93 -104 -78 159 -64 -34 111 114 139 -36 -131 171 94 43 -24 57 -160 69 -32 -121 23 -158 -11 48 87 108 -13 146 -123 13 71 39 141 139 16 -37 172 -132 151 124 69 -26 55 -36 -164 103 -18 -130 -97 -105 -56 52 33 6 44 -81 -19 -96 120 89 -80 -28 -88 -73 -127 -144 -153 -165 60 -82 75 -102 -75 152 38 -161 -21 142 98 -75 -157 -9 -142 -12 -6 -74 -18 -16 -40 30 -145 155 95 -25 59 122 80 112 -175 -39 -50 -100 -4 5 166 48 59 -169 -12 -75 -39 1 -32 140 -52 -47 2 173 -87 154 -103 21 107 99 -103 37 10 -126 -98 -142 29 -167 116 -137 -49 91 -110 -144 63 -47 -94 -174 104 -170 -42 -26 -131 -142 -61 -91 68 -168 132 -144 91 47 -64 17 101 -143 -120 -148 89 156 16 ; 
11:41 34:134 17:65 22:84 33:131 9:33 38:150 4:12 12:48 16:64 12:44 1:3 33:131 32:126 36:142 17:65 2:8 13:49 32:126 27:105 6:24 37:145 17:67 37:147 48:190 2:6 32:124 17:67 17:67 10:38 7:25 1:3 9:35 38:148 3:9 39:155 46:180 31:121 30:118 12:46 4:16 55:217 40:156 39:155 42:166 18:70 17:65 19:73 27:105 5:19 26:102 37:145 33:131 5:19 44:174 23:89 30:120 30:120 25:97 25:99 6:20 52:206 7:27 25:97 39:153 27:107 20:80 24:96 28:110 10:40 1:1 17:67 20:80 40:156 10:40 20:76 25:99 19:75 23:89 34:134 10:36 34:132 36:142 5:17 4:14 35:137 22:86 27:107 11:43 35:139 4:16 2:8 44:176 33:131 15:59 26:100 9:33 23:89 10:38 50:198 11:41 34:132 42:164 34:134 34:136 20:76 16:62 33:129 10:40 4:14 4:12 42:164 23:89 38:150 12:44 20:78 17:67 6:22 10:40 49:195 16:62 35:137 31:123 16:62 19:75 20:76 35:139 23:91 20:80 5:19 23:89 40:156 8:28 21:83 17:65 10:38 82:326 18:72 50:200 28:108 15:57 12:44 6:24 14:56 6:20 18:68 2:6 12:44 8:30 19:75 38:150 25:99 10:36 39:155 7:25 45:177 9:35 17:65 23:89 20:78 18:70 22:88 16:62 33:129 34:134 39:153 15:57 8:30 56:220 38:150 29:115 18:72 2:4 24:92 19:73 13:49 12:48 80:316 6:20 39:153 22:88 14:54 5:17 27:107 12:48 13:49 5:17 3:11 46:184 7:25 24:96 30:116 34:132 15:59 32:126 37:147 7:27 18:68 20:76 22:88 35:137 ; 
L -124 -23 121 71 46 -82 -68 -49 -150 -136 65 -1 135 -76 -68 53 -1 -48 -14 -122 44 60 32 -80 56 17 17 25 111 121 3 21 40 -7 40 -11 -139 150 68 -57 -53 -109 -149 -116 105 -34 -97 44 -53 136 138 83 108 30 16 18 -60 -43 66 -57 -122 48 -112 36 -17 52 121 -149 106 -143 8 -45 -91 34 18 42 111 -58 -77 76 -73 146 -92 73 142 -88 -134 -103 -106 -29 -70 -87 34 -101 135 -61 65 -41 66 62 -42 -120 68 -76 -75 -89 38 115 -91 3 100 123 8 -56 -112 67 33 19 8 -77 -56 -111 103 -123 45 146 30 -21 73 67 -105 -88 -40 12 -70 77 69 106 -3 -131 57 -45 -112 27 -143 55 4 128 -41 -150 -136 12 112 60 27 -66 -122 -49 39 -39 -108 -18 -65 131 26 -46 -66 8 88 110 37 116 -78 -4 -15 -75 16 -31 -127 47 -146 60 128 -35 19 37 125 35 122 127 145 -16 -51 53 27 -109 -73 -55 -21 -80 ; 
90 47 48 77 50 92 84 98 45 90 4 83 89 31 76 85 19 53 36 57 10 20 70 71 58 89 42 89 30 33 84 61 67 59 72 96 36 22 25 57 28 72 14 29 95 86 39 49 1 54 60 81 80 51 76 39 56 19 84 52 28 83 52 54 23 53 98 57 73 84 72 88 72 27 43 46 79 85 34 78 43 2 46 48 41 75 45 79 94 76 62 41 64 6 82 1 17 41 63 91 24 77 8 41 56 20 30 5 87 43 40 13 75 63 59 77 59 57 50 70 25 29 8 20 11 22 57 86 74 45 51 86 9 70 47 38 11 99 50 32 93 8 10 23 28 32 100 3 70 67 94 94 80 23 42 92 14 5 65 83 63 38 60 57 37 39 2 14 24 37 72 29 82 82 3 96 61 42 76 17 63 17 28 30 53 95 15 48 83 24 30 65 56 98 35 56 58 13 69 83 31 ; 
L -124 -23 121 -108 -136 -174 -169 111 -53 166 -106 103 -123 40 -105 -88 -40 12 -40 18 -3 -66 -16 -30 -158 -53 8 -122 66 -57 88 122 -168 155 -154 150 68 152 173 -1 101 -142 170 -31 47 156 -21 134 34 -149 -111 -45 -146 -49 8 -112 67 121 -60 75 76 48 -112 71 -55 -161 69 -37 -25 -157 -17 45 -143 77 21 -30 -35 -125 -37 -46 3 77 65 -159 -51 36 -66 111 42 -29 -70 73 -175 -41 131 105 -82 115 11 -150 -150 -18 41 128 109 -163 44 -123 -100 -42 -120 -43 80 162 57 68 -33 -7 -19 76 -135 34 -18 146 106 -62 -164 53 116 -172 -167 -56 88 -4 -53 136 83 108 14 48 -97 153 -68 -103 -16 -8 -106 149 -122 56 77 127 -160 110 -121 -116 -17 49 -27 -68 -73 92 27 -131 65 145 151 -89 39 -39 60 17 -58 61 73 146 91 139 32 165 -12 8 135 -15 -38 4 78 34 -19 35 44 112 -1 -26 -57 136 171 -109 -73 -21 ; 
36:144 19:75 20:76 14:54 48:192 45:177 46:182 8:30 45:177 24:96 15:57 9:35 8:32 24:94 12:46 35:137 4:14 28:112 15:57 17:65 36:140 19:73 7:25 31:121 45:177 11:43 32:126 24:94 30:116 21:83 4:12 44:176 30:116 11:43 18:70 8:32 10:40 12:44 21:83 13:51 16:64 26:102 31:123 20:78 5:17 33:129 21:83 15:57 8:28 20:78 18:68 3:11 10:40 2:8 22:84 46:182 31:123 31:123 17:67 4:14 23:89 13:51 21:83 18:68 14:56 31:121 26:102 5:17 27:105 40:156 18:70 33:129 17:67 7:25 13:51 35:137 32:124 20:76 6:24 26:100 17:65 6:20 11:41 15:59 22:88 15:57 58:228 25:97 31:123 30:120 25:99 7:25 5:17 44:174 10:40 15:57 39:153 14:54 8:32 48:192 26:100 5:19 24:92 2:4 6:20 43:169 6:24 15:59 6:20 32:124 31:123 11:41 12:48 65:259 6:20 11:43 14:54 23:89 28:112 40:158 13:49 36:142 3:9 12:44 51:203 10:40 35:139 40:160 6:20 22:84 6:24 18:72 17:65 34:132 58:228 22:86 50:198 32:128 17:65 15:57 20:78 48:188 23:91 42:166 9:35 37:147 14:54 30:116 17:67 4:12 10:40 14:56 10:38 22:84 14:56 8:30 7:27 10:40 31:121 62:248 16:62 20:76 12:48 28:110 23:91 16:60 26:100 13:49 6:24 34:132 28:112 12:44 14:54 10:40 22:84 26:102 14:54 10:40 26:102 8:30 11:41 14:54 32:128 5:19 9:33 4:14 33:131 18:70 24:92 22:84 14:56 12:44 24:92 17:65 29:115 21:83 46:184 32:124 18:68 26:102 13:49 ; 
L -46 -101 97 -84 -46 -75 -17 41 12 75 55 -89 -150 23 108 -45 110 -140 14 70 100 -105 86 72 -90 71 -118 122 -104 -4 -128 -44 -77 -32 -96 -95 -110 -76 131 -85 138 145 86 105 -110 36 -52 -150 28 148 145 29 128 94 -51 89 11 137 -60 -21 43 -27 -26 -116 23 148 109 -72 108 55 22 48 62 -112 19 138 11 97 -60 114 -7 33 -147 123 -117 136 38 42 77 -57 93 34 72 30 -26 -104 39 -84 13 -141 10 -90 -146 79 37 55 -120 -87 44 -31 122 -15 150 100 93 1 44 -21 34 -128 -3 82 -28 -141 -44 45 79 -145 22 -20 -1 -94 52 135 -112 -88 58 15 76 58 -113 -72 -101 62 82 -9 74 -75 144 22 119 -23 68 115 29 -61 -134 -44 97 -89 59 105 -51 -148 96 -7 119 55 96 92 117 -140 -128 13 105 128 69 34 -125 -40 111 16 -18 -7 19 125 73 122 -120 132 -145 146 -82 129 125 144 -69 -122 -25 -74 ; 
64 57 14 99 17 61 58 74 14 8 69 93 26 39 59 34 69 13 51 53 66 59 73 94 60 5 52 59 56 44 70 58 63 86 13 90 25 54 16 7 79 96 43 59 54 66 54 11 72 49 66 81 61 51 86 73 6 24 29 32 88 53 11 32 86 99 7 33 79 19 35 9 55 36 3 58 78 59 43 82 60 21 13 96 86 29 8 46 36 3 46 43 18 88 60 89 10 69 98 59 11 29 48 87 72 31 8 99 44 1 61 86 68 38 47 18 98 20 10 98 64 67 2 76 3 93 91 83 37 45 81 36 39 73 89 45 70 69 44 75 48 42 70 49 85 38 59 46 9 59 52 13 14 95 71 21 7 92 84 31 63 91 82 64 69 7 20 45 23 100 35 25 32 16 49 21 88 65 100 22 93 56 66 84 75 43 27 73 96 28 86 42 18 20 1 70 99 54 16 9 62 ; 
L -21 43 -161 122 -129 44 15 144 -116 -152 -28 150 52 -36 110 -105 -86 -146 145 1 23 39 44 13 110 69 34 97 -131 -128 -145 -90 168 175 46 -97 138 97 -87 172 154 -82 82 -28 51 -94 120 -147 62 20 33 -14 170 -29 45 -108 166 11 137 26 -155 134 -117 122 -104 108 55 48 62 164 94 125 136 111 26 -100 -117 73 -158 -159 -55 -119 93 -12 -105 -13 -59 -101 27 -96 148 51 44 19 89 -55 -150 44 -157 77 162 156 -18 -21 114 -7 128 141 120 -122 96 -128 -60 -46 89 -1 -140 23 -144 -75 -79 72 -90 19 167 4 -141 89 -113 3 -151 -132 -118 -122 -70 -55 -165 -105 -128 -44 145 -173 -115 -68 -77 -96 -23 -30 163 109 -72 38 146 140 -9 22 93 -125 -174 -79 31 -104 -100 45 58 -42 -145 -138 85 148 -72 -86 61 -153 -110 -76 76 58 -95 -75 -169 -82 105 -37 52 -112 -88 160 57 -112 171 15 10 150 40 -74 -34 60 -25 -74 ; 
6:24 36:140 30:118 7:27 32:124 16:64 1:3 9:33 17:65 2:6 17:67 29:115 5:17 22:86 27:105 22:86 24:94 24:92 17:67 10:36 29:113 32:124 12:46 42:164 23:89 23:89 26:104 32:126 15:59 22:86 33:129 6:20 27:105 32:126 16:60 42:166 6:20 54:212 12:46 14:52 13:49 20:78 13:51 1:3 24:92 35:137 34:132 25:99 14:54 24:92 22:84 12:46 40:160 32:128 19:73 14:54 18:68 38:152 10:38 20:76 32:124 5:17 6:20 13:51 23:89 36:142 8:30 9:33 22:88 12:48 14:56 26:104 15:57 9:33 23:91 10:40 11:43 8:32 21:81 34:134 11:41 18:72 4:14 19:73 13:49 20:78 34:136 24:96 3:11 21:81 28:110 26:102 17:65 14:52 8:28 38:148 26:104 20:78 0:0 40:160 22:86 17:65 23:91 51:201 14:56 24:96 36:140 43:171 16:64 39:153 28:112 35:137 42:168 33:129 24:96 29:113 36:140 5:19 32:124 22:86 40:160 36:142 24:96 11:43 50:200 10:40 37:147 18:68 39:153 39:155 30:120 35:139 15:59 2:6 32:128 16:64 20:76 32:126 13:49 24:92 11:41 7:25 29:115 38:152 34:134 6:22 26:104 14:56 24:92 31:123 14:52 36:144 28:108 5:17 6:22 26:100 17:65 15:57 11:41 26:102 56:224 4:16 34:136 26:102 58:230 13:51 9:33 39:153 32:126 24:96 31:123 29:113 2:4 32:128 16:60 22:86 20:76 30:120 30:118 10:36 4:14 10:38 39:153 27:105 14:54 45:177 18:72 26:100 23:89 4:14 1:3 33:129 19:75 12:44 12:48 27:107 18:70 9:33 3:9 4:14 25:99 ; 
L -131 -68 146 -41 -121 56 32 137 -10 112 -122 118 -58 74 -127 150 145 -111 4 11 -150 36 1 17 -68 127 24 -60 33 -145 -101 -48 -30 43 -54 109 -142 -42 -106 -8 88 -51 34 -46 -73 63 -89 -141 -104 -75 -6 71 -49 -89 -16 -147 -101 -26 -27 45 54 -145 -11 34 82 -49 -129 60 -15 25 -54 94 -44 -53 -88 92 32 -54 -49 38 145 -123 39 -16 -28 -16 -49 -129 75 103 105 12 -141 -56 57 77 -90 60 -49 12 -61 -103 -66 -8 -78 69 68 112 95 -33 -128 33 60 105 -73 -36 -84 65 -54 109 76 -16 -81 65 133 28 -51 71 -123 95 -42 -8 -54 -55 114 -20 113 -130 143 -120 -39 -72 113 59 -77 31 133 17 133 67 -8 87 -42 -31 109 128 3 126 76 70 -55 -64 91 142 -79 -59 -147 -80 31 -5 147 33 43 13 67 -48 92 106 65 33 -81 -72 -31 86 146 36 -141 115 -45 29 -144 2 146 -106 -16 1 116 41 -20 -45 ; 
90 17 82 87 45 48 21 87 77 55 82 27 91 78 7 61 37 3 60 61 36 38 58 50 29 61 11 57 50 95 69 67 17 87 9 83 44 70 78 91 56 77 2 43 59 63 99 88 44 19 11 68 53 32 12 72 50 84 63 2 87 56 66 90 62 82 47 85 15 64 74 42 18 42 60 66 72 39 66 52 15 89 70 79 5 61 65 73 74 86 88 68 81 63 4 66 86 96 57 7 92 25 78 39 83 44 52 48 71 6 63 82 5 75 56 34 1 69 56 44 70 48 11 90 32 28 19 1 9 2 15 26 75 36 33 87 5 33 28 90 84 59 95 13 6 63 51 64 11 15 61 11 100 88 32 51 66 94 25 99 70 14 17 81 6 85 1 63 15 62 26 1 27 44 35 35 52 30 29 68 13 90 27 12 98 13 77 25 9 27 17 79 2 41 41 95 45 67 78 64 7 ; 
L -131 -147 28 -51 -106 -174 82 163 -49 150 80 92 -123 95 103 105 89 73 133 168 159 79 55 -65 20 -114 -12 77 -49 -129 101 145 48 -167 -72 33 -172 126 -169 54 -10 65 145 81 -58 170 -33 -118 -151 76 -104 -64 -56 -25 -57 -141 -3 71 -81 -43 30 150 60 38 -77 31 46 -88 161 -76 34 142 -156 -32 16 -147 33 -42 -8 -153 -165 106 155 -41 -90 154 -78 1 -113 -106 54 146 -27 -68 59 -56 -175 -112 -2 144 109 -121 -51 -145 48 -31 -171 17 133 -129 60 -15 11 -53 -152 -128 122 -42 32 -87 8 26 -43 31 45 13 -146 68 -127 39 120 -166 130 -54 105 -73 -36 -33 -164 -36 54 66 72 -147 -101 44 88 -146 -86 -70 -116 -20 157 113 -74 103 61 49 31 -5 128 75 -24 -127 68 -16 109 -160 -34 39 -8 -111 4 -16 -55 -75 -6 -173 69 -42 -33 28 16 145 -60 -162 -17 -1 95 -67 -49 -89 -16 -112 -54 -29 -41 -45 158 -45 ; 
36:144 28:110 8:32 8:30 27:105 28:108 32:124 16:60 23:91 29:115 5:19 48:188 14:54 1:3 12:48 36:140 15:59 55:219 20:80 55:217 6:20 11:41 12:46 21:81 22:86 35:139 8:30 14:52 36:144 30:116 42:164 28:110 22:88 22:88 17:65 4:16 17:65 57:227 36:144 10:36 14:52 31:121 17:67 13:51 17:67 44:176 25:99 2:4 7:27 27:105 42:166 3:11 16:62 3:11 40:156 2:8 15:57 32:128 8:28 33:131 35:139 5:17 57:227 38:150 4:14 26:100 24:96 26:100 12:44 20:78 36:142 2:8 34:136 20:80 28:108 2:6 34:132 6:24 11:41 3:9 23:89 19:75 11:43 34:132 40:158 39:155 6:20 76:300 24:96 36:140 44:172 30:116 26:102 33:131 32:126 8:32 3:11 14:54 2:4 32:126 22:86 10:40 28:108 22:84 23:91 10:40 21:83 4:16 5:17 40:158 34:136 6:24 14:54 24:94 55:219 1:1 3:11 25:99 23:91 10:40 5:17 12:46 19:73 14:56 26:102 20:78 18:68 33:131 6:22 8:30 34:134 30:120 11:41 12:44 22:88 23:89 14:54 10:38 34:136 31:121 17:65 18:72 4:12 48:188 20:80 18:72 19:75 40:156 40:156 10:40 34:136 23:89 15:57 15:57 8:28 22:84 10:40 2:6 17:65 25:99 10:40 18:72 32:126 5:17 25:97 28:110 14:52 26:104 12:46 40:160 38:150 23:91 24:96 11:43 12:44 11:41 5:17 6:24 22:88 14:56 16:60 8:30 2:8 19:75 24:92 14:52 32:126 20:80 35:139 13:49 20:80 13:51 5:19 4:12 16:60 3:11 7:27 32:124 11:41 23:91 3:11 ; 
L 109 -19 -33 147 86 -38 60 12 62 -74 -47 -138 112 84 112 -99 96 -95 -21 -148 30 -116 112 83 116 38 -87 37 -69 19 63 90 113 -72 -38 45 85 -94 106 -15 -123 114 -23 138 -54 -40 75 73 -65 -58 108 -10 125 18 -2 -47 84 125 -30 46 44 122 130 111 147 -7 40 109 143 -67 -70 3 77 55 99 60 51 137 45 -143 144 48 -62 -96 -89 79 56 -88 -113 5 -126 -120 96 6 35 -63 10 83 136 -31 141 -41 70 144 51 -122 60 -137 -11 72 96 49 59 44 -45 35 -74 148 9 -94 -24 -141 -143 -130 -58 -101 95 -44 -12 28 82 -74 35 -87 145 -107 -79 69 117 139 66 104 139 62 83 149 91 89 -137 -100 -122 -79 124 -56 -41 91 -57 -73 62 -12 80 -41 85 102 118 112 99 76 -80 -126 26 -52 -28 -7 46 21 -83 -1 -101 -26 131 44 73 -55 -139 60 91 115 72 -76 -80 -72 128 -92 74 47 123 -88 116 26 ; 
32 57 37 75 51 94 51 53 20 19 46 31 16 18 16 26 64 44 50 51 91 50 8 36 8 50 87 77 80 15 3 87 89 88 90 11 52 78 52 64 57 39 41 45 93 53 6 13 22 66 97 67 95 46 3 16 29 48 70 14 42 16 17 76 70 1 66 25 54 28 20 56 31 87 63 6 18 44 86 66 22 42 61 56 43 56 81 64 81 80 36 46 32 15 29 99 95 74 32 23 46 14 11 42 21 92 69 11 11 82 6 88 65 73 40 14 53 51 97 31 22 31 56 65 61 48 45 65 19 74 85 5 68 89 24 72 58 10 5 87 95 76 1 80 78 38 65 23 27 65 23 88 79 29 60 38 28 71 21 67 96 76 36 68 58 8 4 9 52 6 95 65 80 78 73 12 68 68 93 60 52 1 6 11 26 92 26 68 95 59 71 62 35 44 50 89 48 68 46 53 45 ; 
L 70 -120 -11 107 -145 -85 -35 -6 -83 73 126 -28 -7 46 63 -164 -95 28 55 -155 -160 -123 114 -162 125 -2 -38 60 62 72 -7 40 -30 159 -80 12 44 -87 -49 -91 -149 94 -102 -85 33 19 3 -99 -80 12 -62 144 109 -21 -148 -45 -137 122 -168 -99 130 -113 5 -126 -143 51 31 44 45 -101 156 92 -128 -104 -101 -106 -172 73 10 -47 -147 -147 141 95 -154 87 -37 -84 -74 -23 73 57 -54 -76 72 122 100 -45 -30 -115 38 60 -15 -131 26 -150 99 -112 -72 -141 -62 -112 55 -169 -83 -90 -174 165 -88 -112 -44 -152 108 56 -96 -65 77 -91 -79 -96 82 74 47 137 -83 -1 -79 51 173 -91 -138 47 -63 74 9 -94 143 -60 139 -21 -80 52 -26 124 118 -166 -116 89 -138 -116 10 76 58 -59 -153 96 -161 -48 -144 143 -79 69 -123 46 19 -139 -116 -151 158 -40 75 163 41 86 139 137 -41 70 167 44 74 136 -171 -35 -157 -111 -67 -117 170 26 ; 
20:80 18:70 11:43 28:108 29:115 26:102 27:105 12:46 8:30 2:4 16:62 5:19 32:124 30:116 37:147 29:115 8:32 11:43 14:54 22:88 20:76 36:144 16:62 16:62 30:120 7:25 9:33 21:81 6:20 3:9 22:88 27:105 7:25 13:49 28:112 8:28 8:30 48:192 4:16 40:160 26:104 29:115 28:108 28:108 17:65 15:59 23:89 10:38 30:118 39:153 27:107 17:65 18:68 4:14 21:81 35:137 35:137 23:91 25:97 12:48 12:48 30:120 32:128 15:57 20:80 16:62 12:48 11:41 17:65 31:121 7:25 24:96 18:70 4:12 19:75 51:201 10:40 2:8 7:27 13:49 22:84 14:54 18:72 11:43 17:65 14:56 17:67 18:70 10:38 11:43 20:78 29:113 20:76 18:68 28:112 32:124 10:36 26:104 16:60 41:163 37:145 5:19 5:17 30:118 21:83 17:67 12:48 11:41 5:17 6:20 15:57 11:41 31:123 13:51 10:36 61:243 46:184 16:62 33:131 18:72 18:68 5:19 18:70 29:115 12:48 26:104 16:60 37:147 3:11 4:14 34:132 6:20 12:44 16:62 3:9 28:108 39:155 42:166 14:54 38:150 5:17 32:128 14:54 25:97 24:92 13:49 38:152 20:80 37:147 37:147 10:40 30:118 26:104 23:91 30:116 1:3 13:51 6:20 25:97 10:38 36:140 25:99 14:52 19:75 27:105 19:75 17:65 22:84 17:67 9:35 10:38 4:16 24:92 9:35 17:65 22:86 11:41 20:78 7:25 18:68 3:9 38:148 10:40 28:110 36:142 17:67 36:140 5:17 34:136 46:180 9:35 20:80 16:64 12:48 8:30 11:41 44:176 21:81 13:51 1:1 18:72 ; 
L -80 54 20 123 121 -130 -30 13 -32 24 14 143 -53 68 -62 -88 -46 150 91 -7 9 -107 -55 67 4 80 -51 127 -107 37 -5 51 24 -65 -110 35 2 -99 -127 52 -131 69 125 -107 47 12 86 122 -33 -41 -57 103 -102 109 89 -82 -65 85 -80 -46 56 -27 -25 40 -80 -135 111 82 -23 -86 -8 45 134 -134 -5 -142 141 -87 -95 58 -113 -135 -19 -27 -144 67 59 65 100 150 55 14 131 32 -93 39 -7 122 -149 -49 21 -129 -148 -82 -91 -145 80 132 51 -97 -75 8 -37 -116 -5 -69 52 -18 -147 20 39 -61 -46 51 95 110 -9 -43 57 -58 -15 149 -50 -115 -59 -149 67 126 102 15 32 -105 38 108 83 -84 -142 -34 50 52 -74 -108 -107 -119 -135 26 -123 51 -45 59 -106 -4 -19 48 -104 106 136 -127 -41 49 -115 -64 26 -131 -93 -68 36 -148 86 64 28 -137 115 -39 -85 -119 -116 62 51 -30 -69 2 105 -125 120 39 -81 -30 -139 55 ; 
36 28 40 92 67 97 61 76 26 22 24 56 74 91 26 29 88 62 65 50 29 5 42 87 80 51 18 70 3 95 18 64 37 70 84 82 85 74 95 88 18 92 77 98 47 97 85 5 76 15 3 26 90 53 30 15 93 65 82 61 4 28 73 91 61 70 26 37 42 31 22 56 65 76 7 30 65 86 51 60 53 54 86 84 16 95 53 21 93 31 85 18 13 44 1 18 93 4 86 54 50 1 95 70 26 5 94 93 60 40 1 57 49 89 89 97 19 55 9 83 14 72 38 75 80 65 63 97 51 84 97 6 64 30 31 54 2 16 92 51 4 61 2 19 93 73 44 69 48 71 46 31 32 32 92 2 19 95 55 82 23 9 19 60 60 67 36 88 16 34 18 25 81 44 41 40 35 64 35 78 67 18 88 43 13 25 77 37 22 37 92 69 42 8 18 7 56 63 68 76 26 ; 
L 15 58 -57 -45 59 -4 -52 -24 -67 51 -80 20 -61 -46 107 -51 -55 -24 -152 169 88 62 104 85 -80 9 -107 -148 -59 143 -131 144 -131 46 75 -30 -36 93 131 -26 -80 -102 130 -121 91 30 -84 35 -99 171 -51 -119 -52 -137 -8 27 5 -95 123 -148 120 -125 -4 67 -158 170 -81 -127 -127 -102 65 55 172 -105 7 -126 161 65 -41 49 49 123 135 135 68 106 136 -86 -12 103 -69 -80 80 -174 -40 67 -39 -50 151 48 65 160 5 -154 39 -28 62 -107 -82 -46 59 -33 166 57 -51 162 89 -108 13 -86 100 -64 8 32 64 116 85 -115 168 14 122 115 108 -142 150 -111 145 -14 38 -173 -56 -163 125 91 27 164 -19 -132 74 -107 37 -32 149 -32 -15 34 142 -105 -69 -18 20 -30 141 165 -87 51 -175 127 -156 -159 -153 23 47 82 -43 21 9 -95 -37 -116 -5 -50 58 -113 -167 45 134 157 19 -155 51 2 -39 83 -122 7 -41 -97 -139 55 ; 
8:30 39:155 34:134 25:99 33:131 9:33 30:116 10:36 34:136 24:94 2:4 22:84 21:81 16:60 38:148 6:22 2:6 35:139 31:123 33:131 25:99 12:46 13:51 30:118 33:131 26:104 2:8 22:84 40:156 11:41 4:16 49:193 13:49 8:30 32:124 19:73 32:126 21:83 17:65 18:70 5:19 33:129 36:140 39:155 3:9 35:137 46:182 17:65 44:172 16:62 17:67 6:22 37:147 17:67 32:128 54:212 14:54 20:78 42:164 17:67 9:33 32:126 9:35 28:110 17:67 11:43 30:120 26:102 12:46 34:132 24:96 27:105 7:27 11:41 4:16 29:113 15:57 11:43 53:211 14:54 23:91 13:49 2:6 12:44 30:116 25:97 15:57 22:88 34:136 45:179 46:184 33:131 14:54 30:120 24:94 15:59 23:89 4:12 45:177 9:35 60:236 26:104 7:27 11:43 19:73 13:51 10:38 0:0 25:97 2:8 27:105 14:54 8:30 13:51 8:32 7:27 28:112 5:19 61:241 38:152 17:65 7:25 34:136 9:35 4:14 32:128 16:62 11:41 35:137 10:36 19:75 30:116 16:60 16:60 18:70 4:16 26:100 30:118 14:52 3:11 20:78 10:40 8:28 29:115 20:80 6:22 30:120 30:118 9:33 1:1 38:152 25:97 10:36 38:152 2:6 16:60 28:110 27:107 21:81 12:44 22:86 21:83 21:81 32:124 5:17 3:11 33:131 12:44 36:144 7:27 28:112 34:136 12:44 30:120 13:49 20:78 47:187 15:57 13:51 36:142 36:142 17:65 35:137 22:84 28:110 12:48 26:104 11:43 42:166 5:17 34:134 35:137 31:123 26:102 12:46 2:6 14:52 10:36 1:3 31:121 11:41 ; 
L -61 72 94 29 -106 -101 63 33 -109 -15 -19 -8 38 -115 7 -127 -102 135 100 -43 146 28 84 -52 93 -148 41 -86 -57 80 59 -107 147 64 121 -106 88 -102 80 116 -135 -81 116 10 -83 -82 7 -2 134 84 144 -71 132 12 -60 -21 -138 43 36 19 83 -31 -120 97 121 103 -88 -16 17 109 41 -58 -14 -48 67 119 43 14 66 -11 -66 -52 111 -26 34 58 9 -80 -80 -67 -80 110 -115 -135 114 -147 -17 -114 -121 -8 11 124 -47 12 -44 131 88 -47 -41 60 87 78 -7 33 -100 86 -146 -48 -12 -37 70 78 -23 -18 -101 -24 95 25 8 36 54 -24 96 127 30 29 -90 -85 -88 14 106 150 -125 65 -122 141 -82 41 -38 128 90 34 -25 -22 -116 30 139 -84 -94 -79 -50 -26 -107 -91 -146 29 -28 26 92 66 -146 -107 149 -27 -134 97 53 129 115 -50 -40 -33 -130 -106 123 65 -71 135 -135 75 115 130 146 -37 -2 59 38 127 -26 -56 ; 
45 61 27 7 10 10 78 96 37 19 90 24 41 51 14 40 94 77 43 3 95 96 50 11 22 56 45 98 10 80 3 17 93 27 90 36 39 85 28 84 76 61 73 45 87 94 48 7 63 4 32 98 19 76 63 7 87 57 96 14 89 21 68 60 96 77 5 16 59 9 98 100 44 40 72 96 35 54 44 96 92 21 86 76 61 69 73 39 47 86 83 39 62 93 68 75 75 67 56 88 77 30 54 64 81 84 12 78 67 50 64 30 11 35 1 65 69 59 57 24 91 77 100 41 39 98 53 30 61 69 60 88 19 86 30 23 16 61 35 65 43 6 38 1 81 93 39 77 75 32 17 90 85 64 18 50 5 15 98 74 69 67 69 99 91 58 54 86 87 87 64 20 47 59 66 7 84 51 86 49 88 80 23 26 39 52 60 44 83 41 7 69 79 20 40 24 30 8 97 70 15 ; 
L 174 170 -12 -37 54 -38 29 -106 -21 -59 -58 -34 -58 157 -14 -11 -78 -48 52 66 -115 88 -37 -150 -106 -156 -52 93 -148 -71 -83 -82 167 -75 121 80 88 -38 160 -65 125 -86 -57 103 -146 146 -92 88 14 -63 19 -161 47 -131 -12 47 -28 -41 67 -101 59 -164 -50 29 135 -31 119 100 -33 7 -109 41 -25 97 -28 -146 17 9 -2 -80 80 -26 48 146 -86 -163 155 30 139 -84 -121 -135 110 30 144 129 -121 -124 -95 107 -114 135 -165 96 65 -71 -123 80 -7 -33 53 -158 -115 -19 -36 -43 175 70 17 154 162 72 94 -66 -23 135 11 -18 -115 61 79 -7 -168 -90 -128 -26 -172 -26 67 -8 -166 -153 -122 134 -40 146 107 101 102 127 152 60 -171 -115 29 -50 -111 141 33 -78 84 138 -94 -87 14 -130 43 -2 41 -127 169 -159 24 -147 -134 80 173 116 -135 132 -25 151 -22 -116 -107 149 -147 -114 -130 -106 85 90 -82 -106 -60 36 120 97 38 -56 ; 
20:80 36:142 18:72 10:38 22:84 19:73 4:12 4:16 8:30 42:168 24:92 28:110 40:160 3:9 27:107 41:161 19:73 16:62 32:124 9:33 21:81 4:16 7:27 19:75 3:9 16:62 12:48 9:35 23:89 43:171 12:44 38:150 11:43 17:65 33:131 9:33 34:134 13:49 27:105 37:147 1:1 14:56 4:16 18:72 4:12 33:129 7:27 42:164 9:35 35:137 7:25 10:38 26:102 35:137 13:49 26:102 13:49 12:44 30:116 36:140 20:80 4:16 57:225 58:232 63:249 54:212 54:214 16:60 1:1 14:56 1:1 8:30 34:132 11:43 16:64 39:153 14:52 12:48 14:54 28:108 23:89 26:104 16:62 24:94 28:110 28:112 13:51 25:99 2:8 6:24 14:56 20:76 7:27 23:89 25:97 13:51 18:72 55:219 18:72 20:78 31:121 28:108 49:193 18:68 17:67 24:96 17:65 14:52 4:16 45:179 30:120 18:70 31:121 6:22 6:22 39:153 33:131 5:19 23:89 9:33 31:123 35:139 11:43 22:84 33:131 16:64 41:161 26:104 20:80 23:89 35:137 18:70 22:88 3:11 7:27 24:92 34:132 16:60 33:129 45:177 7:27 24:96 20:76 36:144 3:9 14:56 68:270 38:148 34:132 38:150 32:128 6:22 38:148 30:120 37:145 35:139 34:132 26:102 33:131 19:75 9:33 19:75 34:132 34:136 19:73 3:9 13:49 39:153 28:112 16:60 31:123 12:46 10:38 15:59 3:11 14:52 5:19 40:158 31:121 10:40 50:200 7:25 24:92 8:28 10:40 19:75 39:155 40:156 29:113 11:41 20:76 25:97 20:80 40:158 12:44 22:84 17:65 6:22 50:196 45:177 6:24 ; 
L 95 -86 -39 122 -82 -31 111 136 -40 -71 83 12 -5 -125 137 7 -115 123 103 115 115 -48 13 129 18 80 142 119 -26 83 -42 -56 32 51 -109 109 -92 -115 85 -72 -129 -48 -29 32 -83 -30 112 -12 115 -116 -50 -47 -68 126 -105 46 120 4 -3 -146 89 137 71 -22 -107 -147 -33 4 -19 99 -35 -115 -5 19 31 -143 -141 -88 131 131 101 2 -149 85 -90 -132 56 86 107 -41 -126 102 -67 117 11 84 29 137 22 41 25 5 26 76 -149 3 -41 2 -138 -98 70 36 105 -16 -92 82 -68 142 -140 -102 88 -85 104 110 10 -74 -135 -54 -74 -7 119 100 -125 67 -105 -114 -111 148 73 57 -25 -71 141 -27 -45 -51 -46 91 -117 92 50 -23 18 67 118 -137 -61 14 69 -62 -54 53 56 75 52 -10 93 -58 60 -80 27 -47 -57 90 -128 71 -34 -126 -48 55 -137 -49 -77 130 -116 15 -20 56 -63 -137 27 99 -5 -131 -69 140 -83 -23 114 -55 ; 
79 9 26 71 18 72 19 2 81 65 100 52 8 70 54 45 74 94 77 2 80 70 84 65 85 72 66 100 41 49 37 34 36 51 4 26 21 60 36 41 5 87 30 31 100 74 13 27 61 20 26 13 6 55 38 36 47 60 70 93 87 16 97 93 77 37 30 1 40 68 73 99 87 76 40 17 47 61 75 89 46 93 78 25 24 13 57 2 83 38 57 43 100 66 1 49 28 51 28 37 81 98 99 37 77 76 55 28 18 39 43 68 99 10 97 75 88 28 4 21 36 84 25 5 1 97 10 19 52 21 73 95 75 69 63 32 40 92 2 75 33 62 83 74 29 16 44 37 83 4 75 13 52 19 99 69 5 31 54 28 52 59 21 1 49 4 74 69 96 38 50 61 50 58 48 27 8 32 75 71 1 43 52 93 23 56 38 47 74 96 67 100 62 71 29 61 46 43 6 6 69 ; 
L 95 -86 167 -46 -80 22 -19 99 165 -19 -72 -148 -25 53 -50 170 -142 -47 137 135 70 -109 109 -153 -27 171 -56 -126 102 115 5 -131 -136 -115 -105 -122 -137 25 -57 7 93 48 -4 -105 -151 32 -83 -30 35 155 -71 -119 -73 -129 -147 56 -31 -83 -90 161 -115 -16 -158 -116 -51 146 -142 115 -63 20 -110 15 -40 -88 102 99 -5 111 71 88 -137 -71 -166 -92 82 91 -117 -5 -29 -157 -131 -131 -163 10 -52 -75 -141 -114 -54 174 -74 -27 130 -160 -92 -132 -69 -92 156 -34 77 26 -119 103 115 -140 -23 18 118 82 32 -10 100 152 159 150 3 -41 2 -138 -68 -89 -169 -104 83 -22 -125 -76 -13 -149 -85 41 -107 -137 125 -84 -11 116 67 168 -47 -68 140 2 -115 7 -112 -55 111 -107 -154 -172 -46 -98 31 -12 56 51 -101 -123 -57 90 -143 -74 126 120 29 137 86 36 -49 12 164 162 -58 105 -126 -3 117 -48 23 -173 39 -33 4 -69 -14 -129 114 -55 ; 
32:126 4:14 2:6 26:100 20:78 2:8 16:60 28:108 30:116 1:1 33:131 1:1 63:249 8:30 21:81 18:72 26:100 6:24 6:20 2:6 18:72 30:120 11:41 21:81 42:164 14:56 26:100 45:179 18:68 25:97 70:280 18:68 17:67 1:3 55:219 17:67 19:73 30:116 14:52 38:148 24:96 36:142 12:44 20:78 34:132 7:25 40:160 30:118 6:24 32:126 35:139 19:73 22:88 3:9 15:59 18:70 3:9 14:54 26:100 16:62 18:68 24:96 4:16 16:60 16:64 23:89 46:182 14:52 41:161 25:99 5:19 22:84 5:19 20:76 15:57 34:132 25:99 9:35 48:190 8:30 4:12 4:12 13:51 25:97 30:120 25:99 34:132 37:147 25:97 36:144 6:20 36:142 21:83 5:17 2:6 20:78 0:0 37:145 14:52 16:62 10:40 27:105 51:201 11:41 18:72 16:62 26:102 26:100 16:60 19:75 11:43 16:60 17:65 31:123 1:3 21:83 24:96 21:83 43:171 54:216 14:52 24:92 36:140 12:48 22:84 36:140 8:32 22:88 12:44 8:28 11:43 7:25 39:155 14:56 25:99 36:144 46:184 40:156 41:163 26:100 30:116 20:78 16:60 26:100 22:86 15:59 20:78 15:59 33:131 44:172 2:8 3:9 21:83 2:8 17:67 27:105 26:104 9:33 12:48 2:4 21:81 4:14 17:65 30:120 4:16 0:0 42:168 20:80 47:185 14:56 52:206 24:92 9:35 19:75 8:32 24:92 16:60 10:40 8:30 27:105 10:38 14:56 3:9 20:80 23:89 35:139 16:60 5:17 37:147 28:110 10:36 1:1 18:72 25:97 1:1 15:57 22:86 9:35 10:36 3:9 28:110 ; 
L 31 101 -77 -67 45 117 -5 50 122 24 41 -134 141 -115 13 -40 -114 106 -122 -126 83 110 -9 40 -8 71 -41 40 -94 -145 -55 24 -150 -7 63 -73 -81 -104 147 -39 -117 -129 87 109 -17 -70 59 -16 -110 -149 -13 -103 -73 -112 -99 -107 -106 -94 64 -3 12 -70 59 80 79 -59 95 -75 131 147 -109 -74 -101 -122 87 32 -17 -149 -58 114 147 -18 135 -143 -52 -80 139 -60 -84 68 88 49 66 39 76 15 -104 -145 -17 142 87 -68 -91 67 38 -146 114 125 41 140 -49 79 -70 113 -1 -15 106 -70 -122 68 -140 -4 -93 -145 31 -9 88 -74 -30 -7 -88 -118 -45 150 65 117 -93 69 -134 51 35 78 -27 109 140 110 -112 -120 79 -105 99 -126 42 -60 -126 37 -123 -82 -125 -22 -116 74 -82 32 -29 5 111 134 -42 -106 24 81 125 -69 55 -44 -126 -147 -110 -76 60 114 -41 18 -106 -16 121 -47 141 -1 -52 118 112 -115 -91 -96 124 69 -140 -73 ; 
26 38 17 25 94 30 66 83 96 97 84 1 17 86 51 69 49 36 40 91 52 46 23 12 61 100 46 37 62 3 67 68 55 49 42 47 39 50 43 81 80 12 83 89 87 94 86 99 97 58 73 35 8 5 27 79 78 39 58 9 68 70 69 59 18 78 67 82 75 99 7 36 37 64 11 55 56 44 13 46 80 61 77 43 66 92 89 36 11 25 46 35 90 44 81 74 42 25 19 21 28 77 60 76 38 66 31 61 65 58 48 100 10 51 92 76 35 60 27 68 1 69 100 5 6 91 71 7 55 67 5 78 70 88 82 51 53 52 47 46 37 70 81 60 15 67 60 80 8 96 35 2 10 14 30 48 98 99 41 39 28 3 73 29 11 73 2 98 98 37 10 86 64 78 71 30 96 89 51 69 19 15 77 70 71 2 85 41 87 79 11 25 28 71 16 30 17 40 8 80 81 ; 
L 157 149 121 1 99 -70 59 31 101 -41 68 -152 74 17 -109 -112 -118 139 106 -115 126 -122 146 24 50 -17 -149 106 -134 -77 -55 -60 -37 42 -59 -69 112 -131 75 -165 -129 87 -13 -7 81 13 -113 106 -66 -49 -126 156 83 -71 110 106 -103 68 -64 94 160 163 -93 158 -145 93 -78 45 32 110 -112 49 -171 -69 -59 95 1 -114 -91 73 -79 -80 -60 173 106 114 122 -134 -111 -67 44 -79 -120 8 -40 9 109 -60 -104 147 -39 -84 -80 140 134 -76 51 70 -170 -115 -154 -167 -24 55 -16 150 22 125 70 -168 142 -164 145 -31 -99 -107 -41 155 -126 96 88 79 -105 -141 -124 -147 -76 41 -123 18 39 -65 104 -91 -88 15 -114 87 -68 41 140 -172 -5 88 45 169 126 30 162 -166 -117 87 3 153 159 145 -38 116 -161 29 82 -74 140 35 175 -174 -141 -9 -63 7 74 147 147 -18 135 122 16 143 151 -58 110 -24 118 5 125 -4 117 -52 69 -140 ; 
28:108 30:118 45:177 10:40 20:76 1:1 35:137 19:75 16:60 19:75 4:16 16:60 4:14 38:150 35:139 23:89 12:44 25:97 10:36 31:123 3:9 4:16 38:152 29:115 51:201 18:68 18:70 12:44 16:60 26:102 18:72 16:64 10:40 17:65 2:4 12:44 17:65 34:134 30:120 39:153 35:137 34:132 38:150 19:75 47:187 38:148 34:134 28:108 24:92 36:144 5:17 23:89 17:67 3:9 49:195 39:153 26:100 6:22 2:8 22:86 10:40 22:86 24:94 23:91 40:160 10:40 40:156 14:56 61:241 38:148 24:96 44:172 36:144 12:46 4:16 27:107 8:32 32:128 22:84 24:92 51:201 8:28 22:88 10:38 21:83 17:65 11:41 14:54 40:156 29:115 35:139 15:59 29:115 24:94 25:97 5:19 5:17 10:36 34:134 18:68 33:129 26:104 27:105 28:112 7:25 28:112 14:54 12:48 4:16 17:65 36:144 19:73 32:126 28:108 29:115 16:60 6:20 16:62 4:14 26:104 11:41 4:14 1:1 17:65 8:30 32:126 17:65 7:25 4:12 14:56 8:30 2:4 39:153 27:105 45:177 29:113 4:16 21:81 49:193 18:72 30:118 38:148 7:27 4:16 3:9 48:192 56:224 8:28 31:123 30:118 24:92 12:46 10:40 20:76 24:94 12:46 17:65 12:48 23:89 34:134 37:145 30:120 4:14 20:78 21:83 12:44 31:121 10:38 14:56 12:44 4:14 30:116 27:105 8:28 15:59 28:108 22:88 20:80 30:120 17:67 56:222 26:102 27:105 25:97 31:123 15:59 30:116 4:16 40:156 15:57 3:9 24:96 7:25 20:76 10:38 32:124 2:8 27:107 22:84 4:12 40:156 ; 
L -92 -119 -50 -1 94 -99 30 -73 35 16 -118 101 -52 94 108 -84 111 -110 125 36 29 95 -86 -7 43 106 77 13 97 150 48 -8 -23 -148 -99 -130 76 -50 17 54 130 75 -117 73 -135 91 -87 -127 48 143 25 -130 97 96 56 24 -144 -7 -110 85 -103 -76 -16 -108 -15 24 111 -142 -20 -128 60 96 61 54 -37 144 -125 -26 -147 -118 23 16 56 -144 48 -88 -72 35 129 80 56 148 57 -95 63 36 1 -4 -92 -33 -104 1 -23 141 127 -32 49 -12 -61 54 97 75 63 -62 -102 -135 -135 59 -63 23 150 138 -141 -39 1 -103 -15 139 21 -69 -7 -118 95 -15 1 -74 112 55 143 -150 -131 76 -88 29 56 -48 -58 -57 12 -133 -70 -105 -83 -68 133 -93 62 133 125 -88 -26 -38 86 23 94 -53 38 -45 58 76 -150 -100 93 70 -141 28 -68 -89 38 89 -26 -8 -82 -70 -141 -88 -68 -68 77 113 -92 -85 -26 -92 -15 -139 60 -125 -146 -113 ; 
39 63 64 62 53 90 97 57 17 2 57 65 75 64 79 48 26 82 65 34 1 23 16 49 30 85 19 61 44 36 56 71 36 20 84 6 6 89 64 90 9 4 33 8 32 1 63 74 50 91 69 97 80 12 60 86 83 82 87 49 58 55 37 59 8 81 97 45 54 66 21 67 80 7 62 57 74 42 45 96 48 4 30 94 41 20 97 94 46 89 79 27 7 2 84 58 11 24 40 70 93 66 56 46 28 20 28 9 24 75 13 61 8 51 41 8 32 52 83 19 35 38 10 100 44 62 82 85 72 29 19 78 11 96 25 47 17 45 83 39 79 24 25 29 20 42 26 12 82 40 98 31 92 97 20 38 75 32 96 7 92 89 72 27 89 82 42 24 50 59 80 30 10 67 54 28 31 57 13 81 77 4 70 98 68 29 20 53 6 78 97 24 47 65 12 36 23 20 12 95 82 ; 
L 59 63 23 125 26 -165 86 32 -23 127 -104 93 97 -159 -147 -138 -144 48 108 -84 -158 148 -168 -12 25 -55 -95 111 24 -110 -43 7 48 -75 -58 135 102 85 -130 76 175 -48 -144 157 130 -112 74 -76 -77 92 -97 -156 23 94 60 96 -143 -93 -129 13 -36 106 1 -70 61 -171 96 -151 7 -172 -167 56 -174 56 35 -38 53 -8 15 -95 69 68 82 -164 166 146 -162 -101 118 -16 15 -131 163 -26 8 89 -54 170 160 -95 63 36 54 103 39 17 100 150 142 -154 110 61 133 -15 -38 68 -28 141 76 70 -127 -125 -133 86 -117 -135 1 108 16 169 161 -62 1 -94 52 -50 88 91 141 -92 -12 -152 -105 -83 -68 57 -144 135 57 -26 -76 -58 45 -62 125 33 4 118 29 -26 -143 -113 68 103 -85 49 139 54 -60 -56 -37 -92 -50 -1 94 130 -88 56 173 24 -20 73 -30 -155 99 128 35 72 88 -148 -150 -23 -133 -21 -16 -87 -150 125 153 -113 ; 
16:64 50:198 11:41 22:88 28:110 35:139 22:88 12:48 25:97 14:54 10:40 24:96 53:209 15:57 24:96 22:88 1:1 17:65 10:38 20:76 25:97 26:100 40:158 4:14 27:105 22:84 4:12 23:89 26:102 22:86 6:22 12:48 19:75 26:100 23:89 7:27 4:12 22:88 50:200 3:9 20:78 16:62 20:80 4:12 3:9 24:92 7:27 21:83 10:38 4:12 4:16 36:142 31:123 36:142 42:164 27:107 54:212 24:94 33:129 5:19 19:73 41:163 40:156 19:73 28:110 8:28 6:20 6:24 16:62 10:36 2:6 14:52 7:25 22:86 38:152 18:70 17:67 17:65 4:12 39:153 12:44 2:4 40:156 38:152 10:38 8:30 10:38 9:35 26:104 23:91 15:59 24:94 2:4 21:81 16:64 47:187 26:104 8:32 17:67 25:99 34:134 24:92 4:16 17:67 37:147 34:132 14:54 12:48 20:76 20:76 20:80 20:76 24:94 6:24 15:59 1:3 13:49 12:44 15:59 38:148 56:222 43:171 39:153 29:113 5:17 14:52 4:12 28:112 24:94 21:83 39:153 8:28 33:129 40:158 26:102 41:163 16:64 6:22 12:48 47:187 15:59 16:60 15:57 37:147 39:155 26:102 24:92 18:72 1:3 50:198 1:1 24:94 20:80 9:35 9:35 5:17 31:123 23:91 18:68 6:24 20:78 39:153 34:136 11:41 24:92 24:96 7:25 25:99 6:20 52:206 36:140 26:100 30:118 25:99 22:84 45:177 17:67 33:131 34:132 17:65 6:22 32:126 23:91 39:153 30:116 34:136 2:6 40:158 39:155 2:8 21:83 14:56 21:83 19:73 10:40 18:70 29:113 29:115 20:76 20:78 33:131 ; 
L -77 -111 -132 87 54 122 29 110 148 -102 29 -25 -62 -44 -91 -114 94 -129 17 32 -141 -114 78 -48 46 23 93 3 -148 13 39 -136 53 -44 -134 61 -18 -149 82 -21 -91 74 144 -138 -125 -110 -8 61 -66 103 -11 114 -65 -110 125 -26 88 2 -52 -129 63 -114 -99 139 -109 -16 -65 -71 1 89 25 57 109 -5 41 147 -15 -8 14 70 -45 -87 -47 133 -37 57 -142 -67 135 58 -37 -19 87 -18 -124 -12 42 -120 -36 -9 -119 -28 139 -25 -36 108 -99 28 113 18 -110 -39 122 -101 93 -6 -18 -126 -70 -131 128 -135 109 -70 61 146 141 -133 95 -3 -43 45 -101 -148 78 -124 134 88 67 103 59 4 75 -140 95 -123 36 133 106 56 108 -4 -109 -55 91 124 123 -15 68 -138 -66 96 -91 90 -40 22 -4 -41 -83 -92 73 128 -136 140 28 92 -25 47 116 -7 -145 69 -84 44 -84 50 -19 23 -102 -137 127 78 -92 72 150 -103 -15 -130 5 -145 ; 
8 22 69 87 89 92 24 5 98 10 94 91 85 79 42 78 3 94 22 53 62 52 4 44 84 96 70 74 81 28 81 25 18 32 58 11 100 100 85 30 35 80 79 17 71 90 55 56 65 38 28 35 99 35 44 97 66 18 35 100 64 3 21 94 37 78 27 39 85 38 65 84 62 20 65 40 50 42 20 38 25 29 56 69 67 76 60 76 82 37 91 76 36 82 22 53 75 75 81 22 9 59 72 60 36 45 50 32 45 38 4 97 59 27 52 78 19 42 50 70 16 46 84 23 96 43 87 3 66 37 82 94 59 17 98 5 52 92 19 56 11 43 44 94 13 5 98 27 11 85 42 66 35 69 15 27 94 32 54 94 94 100 82 85 23 59 82 3 18 31 58 76 16 38 4 30 27 83 24 62 55 94 3 66 51 100 29 8 72 86 37 2 52 97 54 63 13 79 44 99 85 ; 
L -77 -46 48 -116 -47 25 -87 163 -37 -168 -45 -140 95 -114 148 -171 -133 -148 18 -39 -92 -119 162 -28 -87 124 15 66 138 114 91 -67 -92 72 140 -111 -132 89 25 -63 -141 -146 -50 84 -94 138 -40 169 136 93 8 110 145 36 133 -175 28 -41 106 -103 62 25 -73 -103 -52 -74 71 65 -124 88 -134 -174 150 -16 90 161 123 -152 101 87 82 -91 -70 78 -127 23 -172 -1 -151 114 -55 91 158 -84 -129 17 166 32 -3 -43 -75 109 99 -128 102 130 -57 39 -131 -135 125 108 -99 124 -154 -108 78 113 -157 -4 61 -96 36 -95 26 -125 7 123 -156 164 173 13 65 14 -149 -170 -92 167 36 -18 -110 59 165 -153 9 53 -12 -120 -88 -139 137 -58 -29 102 47 -67 -61 -6 155 -114 8 142 70 126 -101 -57 2 15 -122 11 109 -122 -68 -15 28 159 160 -37 18 5 136 -109 69 -44 -3 -93 -23 -103 83 109 -135 -129 78 141 -61 70 22 -29 5 -145 ; 
4:12 14:54 34:134 34:134 10:38 34:132 48:188 13:51 23:91 2:8 39:153 22:86 6:20 13:49 6:22 28:112 21:81 12:44 17:67 29:113 36:140 10:38 29:115 7:27 8:28 17:65 23:89 13:49 38:150 31:121 32:124 24:94 8:30 39:155 21:83 42:166 28:110 14:54 26:104 14:54 14:56 35:139 24:94 40:160 37:147 22:86 25:99 19:73 18:68 13:51 16:64 22:88 42:164 25:99 11:43 6:20 14:52 9:35 7:25 8:32 19:75 34:136 46:182 13:51 27:105 16:60 33:131 16:62 5:19 20:80 16:60 36:142 9:35 59:233 48:188 30:118 25:97 17:65 15:59 32:124 32:124 19:73 3:11 28:110 20:80 6:22 17:67 6:24 16:64 28:112 28:112 6:24 18:72 11:43 22:86 9:35 10:38 25:99 25:97 33:131 54:214 20:80 35:137 12:48 11:41 26:100 5:19 36:142 7:25 9:33 22:88 35:139 20:80 8:30 44:172 19:73 43:169 12:48 26:102 30:118 23:89 10:38 32:126 22:84 8:32 39:155 26:102 9:33 28:112 6:22 16:62 7:27 43:169 40:160 39:153 4:16 7:25 24:96 9:35 43:171 40:156 16:60 7:25 26:102 22:84 8:32 26:100 40:158 14:56 13:49 11:43 51:203 35:137 38:150 21:81 13:51 60:236 38:150 30:120 3:11 1:3 20:80 16:64 20:80 6:22 25:97 27:107 8:32 25:97 1:3 13:49 20:80 8:28 7:25 62:244 9:35 27:105 36:140 10:36 36:144 24:96 13:51 44:176 4:14 9:33 30:118 28:112 24:92 3:11 26:100 11:43 20:78 19:73 3:9 9:35 39:153 8:30 40:156 11:41 40:158 34:136 ; 
L -23 89 -114 77 113 148 79 -143 51 -17 49 79 -27 93 -44 -42 13 88 135 58 90 146 -144 72 -30 53 116 141 -45 116 -26 -88 -118 -56 112 116 65 120 63 65 1 -144 4 -87 -45 121 142 -57 -150 -111 -111 129 -34 13 -121 -132 -55 -52 -42 64 -58 48 -55 88 -37 -46 -144 -11 92 45 145 -24 136 99 49 14 -90 69 -85 31 34 143 55 108 60 99 50 14 -110 -47 -9 61 -53 60 14 12 -91 -60 -39 -23 -96 -52 12 104 131 26 130 42 -29 -128 125 -113 -127 32 -71 149 -83 -25 -135 53 115 49 -51 -101 120 138 97 -121 -55 -138 -77 56 -107 -111 -23 118 133 140 -93 138 112 -142 -55 -101 -65 -71 127 128 96 -24 -48 -107 -47 83 143 137 105 -15 128 -57 -120 -15 -25 40 -135 -89 101 -72 -96 67 -72 54 139 121 -110 -140 -4 -122 -82 145 -139 -115 -51 50 -150 -82 78 42 -6 115 4 67 -48 -108 111 -139 -94 122 -26 105 ; 
28 22 38 58 51 72 29 86 78 51 70 39 83 37 64 57 54 57 85 37 1 9 26 56 29 42 60 89 30 24 78 18 11 55 42 3 69 18 20 20 7 22 98 39 21 66 49 13 11 61 32 53 33 5 77 3 50 99 3 61 97 91 69 54 11 59 65 42 90 39 1 5 95 52 12 33 47 38 81 91 72 55 37 69 38 30 68 78 12 57 85 69 4 38 49 35 97 51 10 19 51 42 84 34 3 24 85 87 74 89 18 66 59 30 61 4 29 77 44 38 35 23 53 10 78 52 50 70 35 39 8 97 68 72 10 33 12 29 29 41 94 28 58 93 15 70 62 88 86 32 100 20 25 57 24 58 63 85 37 66 14 47 30 37 38 60 73 38 15 60 16 64 67 9 75 51 93 8 100 81 33 70 22 56 60 36 37 97 90 16 47 72 24 90 1 66 49 56 86 94 27 ; 
L 42 44 -60 53 -172 -48 158 -113 -127 -125 -104 162 -77 101 -72 45 -168 -88 55 169 -55 65 -128 -67 -165 -9 61 -97 47 -4 108 -56 77 138 55 121 135 -54 121 -13 -111 -157 -161 110 -50 -12 27 24 116 -141 -105 170 78 -90 -58 -135 60 -150 116 65 96 23 71 154 34 143 -130 -15 11 -167 -50 -96 101 -53 30 -72 -93 -24 -153 -175 23 13 58 -64 -136 -79 -49 17 -51 83 -142 47 -146 150 -115 -63 -174 51 115 89 -69 -87 120 15 14 163 53 115 -139 25 -46 171 -113 -25 40 160 139 143 -79 -148 -26 -90 -142 -131 -107 -23 118 -121 42 -6 159 88 -156 111 -149 39 60 91 89 88 -14 -118 -56 -34 52 132 72 -99 42 85 42 -26 128 48 -143 -173 -155 -82 -82 151 92 152 127 94 139 164 83 52 -108 122 122 -4 -1 111 144 133 140 145 -71 -112 -138 -140 -4 96 12 -37 138 -49 145 -137 116 -121 -51 -101 55 -114 -110 29 105 166 ; 
20:76 23:91 10:38 16:60 6:24 56:222 28:110 15:57 24:94 20:78 3:9 13:49 29:113 52:208 16:60 9:33 10:38 3:11 12:48 5:19 38:150 14:52 2:6 12:44 6:20 31:123 28:110 30:116 27:105 14:52 24:94 20:80 39:155 4:12 16:62 14:56 18:68 38:148 1:3 31:123 23:91 16:64 34:134 22:84 30:116 8:28 10:40 10:40 17:65 3:11 59:235 46:182 3:9 23:89 1:1 15:59 12:46 16:62 10:40 30:116 46:184 21:81 3:9 31:123 7:27 22:88 56:220 36:142 14:52 8:28 15:57 15:59 79:315 32:126 17:67 12:46 30:118 14:54 25:99 10:36 12:46 14:54 20:78 39:155 23:89 62:244 16:62 28:112 21:81 36:144 22:88 23:91 16:62 38:150 13:49 32:128 28:112 36:140 9:35 34:132 26:102 14:52 5:19 2:8 8:30 22:88 8:28 14:56 22:84 11:43 26:104 35:137 30:116 17:65 15:59 2:6 9:35 4:16 35:137 12:46 31:123 15:59 26:102 32:124 13:49 11:41 14:52 15:59 14:56 36:144 9:35 33:129 8:30 11:43 16:62 7:27 4:16 21:81 14:54 10:40 12:44 7:27 22:88 5:17 9:35 18:70 26:104 27:105 23:91 12:44 4:12 19:75 22:84 18:70 17:67 22:86 38:150 2:4 15:59 26:104 39:153 28:112 20:80 20:78 20:78 31:123 25:99 24:94 12:44 32:126 57:227 9:35 13:51 8:28 34:134 26:100 12:46 8:32 28:108 14:56 38:150 31:121 38:148 15:57 16:64 36:140 18:72 32:126 18:70 16:64 14:56 70:276 24:96 4:16 13:51 24:94 8:28 1:3 10:40 23:91 23:89 ; 
L -55 39 44 -140 -112 145 -148 120 -56 119 71 27 -50 -143 1 -119 83 -84 102 -147 69 -90 -140 12 78 -14 102 -6 86 117 45 1 -36 -145 -135 87 34 13 58 -117 -88 144 120 -58 -31 147 86 -49 -100 -39 8 23 -147 15 17 -127 -89 -65 -42 -120 -86 -118 92 -75 7 -68 110 -140 -99 128 73 -121 -141 -67 42 -26 27 -75 -112 -94 18 -81 12 -142 49 -88 -63 30 1 -36 -102 20 -8 65 138 97 -15 8 74 96 33 -67 -10 8 28 -22 76 -34 -52 50 -38 113 -6 -27 -84 22 19 -121 60 95 -69 112 -130 132 75 -57 65 -90 -63 31 -33 148 5 -131 -18 132 22 77 -83 -120 -21 -115 15 32 132 -90 119 -8 141 121 73 143 67 53 147 -97 -108 -141 103 -79 -119 70 -140 -149 56 109 -126 128 55 143 -131 -38 120 71 90 150 -125 -24 98 39 139 80 -106 -100 -38 32 50 110 98 -60 39 -99 -88 -73 46 -146 89 138 -71 26 ; 
78 38 59 75 60 44 50 39 86 66 3 64 16 43 90 98 38 53 68 79 81 22 78 82 68 4 24 15 53 48 33 53 12 6 63 64 70 45 96 43 64 26 88 73 60 90 52 49 6 73 45 87 76 19 57 11 17 73 24 45 95 55 33 82 86 68 58 34 9 51 40 40 70 26 27 85 80 90 30 77 88 51 25 52 40 40 93 44 79 60 85 51 73 53 39 50 48 37 81 61 40 19 4 53 74 3 14 52 3 99 56 92 42 19 22 91 56 99 17 68 39 71 74 45 69 41 68 99 49 3 40 78 65 67 48 29 35 92 47 85 83 65 24 35 17 23 2 39 94 14 61 20 61 72 45 78 62 74 27 11 79 74 55 55 62 8 63 50 97 100 19 67 54 69 18 25 78 71 95 22 92 15 60 86 83 60 68 100 91 19 3 35 59 11 46 47 76 51 90 99 55 ; 
L -55 175 39 147 -145 -33 -50 -143 -119 83 -84 -49 -33 -148 -143 -7 75 127 160 168 -67 -10 79 39 -73 46 -58 -13 -34 -20 135 -113 -65 75 110 6 -89 89 158 120 -87 148 -53 -170 -49 -56 97 -74 151 -36 -99 8 77 -83 -171 119 71 -96 -144 88 117 147 -164 38 24 -131 121 -26 -112 -162 -149 81 27 -125 -140 12 78 -90 -8 -112 120 -31 -28 112 140 -44 1 88 23 -95 -138 -117 -86 102 -27 -169 157 102 -138 71 -32 -60 36 -1 121 172 165 86 128 19 100 80 -106 -39 -63 -55 -152 -130 132 -60 -90 146 -73 57 94 98 108 90 32 50 -18 126 -109 120 142 167 120 30 174 156 27 173 -63 -84 -42 69 -118 92 8 155 -15 15 17 -141 -73 90 -22 76 -34 38 -115 69 38 -147 154 -119 159 -98 -68 -21 153 -8 22 -88 139 -52 132 65 6 128 -131 -50 -166 45 12 -22 -132 18 -161 -143 140 -70 -163 102 -110 15 97 75 -71 26 ; 
32:124 25:99 34:136 10:40 27:107 10:36 23:91 18:68 38:148 16:60 22:84 18:68 6:24 28:112 25:99 27:105 35:137 20:76 39:153 32:124 2:8 2:6 35:137 14:54 35:137 19:73 8:30 39:153 18:72 24:92 10:38 15:57 14:56 31:121 24:94 37:145 8:32 20:76 19:75 8:28 44:176 2:8 50:198 2:4 37:147 22:86 12:44 31:123 39:155 18:70 20:78 27:105 22:84 19:75 16:60 50:200 2:4 10:36 46:180 11:41 26:102 18:72 27:107 45:177 17:67 38:152 7:27 18:72 24:92 36:144 6:20 17:67 19:73 34:134 42:168 33:131 28:108 45:177 15:59 9:33 29:115 4:12 44:176 28:110 24:96 30:120 30:120 46:180 10:36 26:100 15:57 57:225 20:76 4:12 7:27 31:123 22:86 51:201 10:40 35:139 7:27 16:60 5:17 5:19 22:86 34:134 6:20 29:113 20:80 14:54 14:52 10:38 24:96 57:225 19:73 27:107 32:126 8:32 18:72 25:97 4:12 34:136 28:108 24:92 15:57 37:145 18:68 28:112 22:84 28:108 38:152 8:28 26:100 14:52 29:115 14:54 46:184 21:83 16:60 14:54 18:68 13:49 13:49 12:46 9:35 45:179 36:140 14:52 26:104 38:152 20:80 20:76 23:91 14:56 25:99 19:73 8:28 6:22 21:83 9:35 12:48 17:67 39:155 24:94 40:160 24:94 10:36 4:14 21:83 38:152 35:137 26:102 49:195 18:70 7:27 1:1 17:67 8:32 34:132 22:86 2:8 16:60 15:59 58:230 8:28 24:92 14:56 12:46 10:36 21:81 3:9 22:88 22:86 2:8 21:81 11:41 32:126 30:116 30:120 40:158 22:88 ; 
L 128 81 53 89 91 -59 -56 61 25 -70 38 -73 102 74 -26 59 -87 77 -138 -73 77 139 66 -134 78 36 40 126 71 150 9 128 -29 51 -107 54 15 -6 21 -130 -18 129 -89 -104 -129 18 -30 -53 144 -61 -93 -94 115 63 -60 140 102 87 77 112 81 -40 -127 -9 30 65 -126 -70 -107 123 -107 -21 28 13 -68 -66 -141 103 -54 95 123 7 80 -89 -132 -103 10 22 -59 -129 -126 -79 -133 -140 -20 58 123 -20 79 -109 120 60 105 -43 -57 141 -100 -87 93 25 30 94 13 24 -130 -14 136 -34 144 -135 83 -89 46 -79 -3 -146 -124 46 44 -133 -107 122 -88 -128 28 -110 -41 27 95 -98 11 -82 -104 -14 -149 -42 59 -82 -126 -73 -129 -128 -62 111 -58 -60 148 46 -84 149 51 -145 36 75 96 34 145 -83 -149 52 -88 -82 -32 -11 -97 86 16 -5 -129 57 -98 -27 -137 49 44 46 -62 94 75 15 -117 125 34 17 114 -144 55 54 71 50 ; 
62 22 34 33 57 43 35 72 22 90 4 96 63 10 44 42 72 16 3 82 8 39 53 37 89 43 57 59 65 32 51 14 69 9 99 69 5 50 48 30 14 8 38 7 19 100 59 44 83 33 41 80 50 37 74 3 46 39 42 52 5 72 93 80 40 57 78 96 46 61 93 13 52 25 4 96 6 33 44 62 86 56 98 32 54 78 11 34 99 97 16 64 78 36 31 88 33 81 74 76 16 38 51 37 3 81 89 50 96 12 72 52 78 32 62 58 32 56 84 57 5 100 51 30 45 44 17 28 60 84 57 41 25 58 87 9 61 14 55 44 98 6 24 7 62 17 8 41 96 68 23 43 86 42 29 34 63 100 86 79 18 78 96 97 45 90 98 61 90 61 29 78 71 57 92 85 55 5 35 98 91 72 96 78 36 51 37 83 58 36 25 12 53 87 82 36 55 90 34 66 52 ; 
L -127 -51 140 102 87 -14 -149 167 -171 5 -49 -102 -46 124 -162 -62 149 83 -98 -136 88 -128 28 36 80 -17 73 24 46 20 -170 -60 -40 128 -73 77 128 54 -160 -126 165 81 148 46 -74 55 129 -139 -30 32 82 -79 -115 -44 173 65 -11 -21 36 -89 -93 -63 -53 11 70 164 25 153 -174 161 -133 -140 -28 30 144 46 -122 -114 -66 -163 145 -9 21 68 -13 58 60 135 -103 141 -94 -26 16 158 129 70 25 156 -107 -51 29 -82 123 -3 128 -59 104 82 93 -87 77 -138 -109 -107 -130 20 126 -22 -10 -157 103 -120 -123 75 15 -44 -175 -88 34 61 105 56 -154 -78 134 168 -151 -59 -41 98 -27 146 81 53 89 155 129 73 -133 94 -96 132 -34 97 42 -107 54 15 -169 -59 117 91 -18 129 57 -43 -27 -137 -111 52 59 -166 152 89 150 9 144 83 -123 107 104 13 -159 61 -145 -57 -79 126 -126 -79 87 -172 -149 66 -100 -84 -77 95 71 50 ; 
45:179 43:169 7:25 19:73 16:62 25:97 25:99 11:43 46:182 2:4 8:28 10:38 26:102 12:44 14:52 8:28 16:60 36:144 50:198 22:84 56:224 32:124 35:139 28:110 14:52 32:126 8:32 3:11 22:88 36:142 21:81 24:92 2:8 18:68 25:99 4:12 16:60 19:73 8:30 11:43 60:240 14:52 52:208 40:160 48:192 6:20 4:14 16:60 50:200 32:128 29:113 7:27 10:38 14:52 31:123 30:116 16:62 18:68 18:72 24:92 5:17 30:116 12:46 33:131 18:72 18:70 8:30 26:104 19:75 46:184 38:150 15:57 26:102 20:76 32:128 50:196 9:35 5:19 48:192 54:214 6:22 21:83 18:70 36:142 2:6 9:33 25:97 4:12 37:145 14:52 18:70 19:75 32:124 4:14 2:6 18:72 22:84 35:139 18:70 24:96 4:14 28:112 26:102 4:16 12:44 16:64 26:102 10:38 32:124 23:89 7:25 2:4 15:57 20:76 17:67 81:323 44:172 30:116 14:54 11:43 30:116 18:72 7:27 14:56 15:57 12:46 33:129 18:72 4:12 19:73 21:83 20:78 39:153 34:134 36:142 13:51 55:217 29:115 5:19 4:14 20:80 4:12 10:36 14:54 14:52 20:78 11:41 10:36 7:25 14:54 39:153 49:193 17:67 24:96 24:92 10:38 28:110 2:8 34:136 30:120 27:107 40:156 23:91 40:160 20:80 36:142 19:73 39:153 1:3 36:140 10:38 25:97 20:78 12:46 15:59 21:81 17:65 12:46 34:136 25:97 12:44 21:83 54:214 21:83 3:9 20:76 5:17 35:139 19:75 26:102 18:72 21:83 10:36 26:104 14:56 6:24 26:100 7:27 12:48 27:105 21:83 ; 
L -130 51 -58 58 -111 -75 -146 70 9 -39 30 133 56 -43 -135 101 42 -121 67 112 -42 -136 2 -31 15 -86 76 -22 -130 -31 37 -129 79 11 -110 25 -35 86 -116 -121 72 -10 117 -57 -81 -133 39 -99 6 10 108 -117 -94 -129 -55 138 -111 76 -76 146 10 -147 41 -6 -37 -138 50 -47 150 86 65 112 93 -100 106 111 -149 -127 123 -107 -4 -101 -53 90 -113 -66 145 63 -118 -54 -76 -138 -13 -64 150 -134 131 -46 -37 -72 10 -70 32 103 49 14 31 35 63 32 -142 119 132 -80 75 81 -150 -75 -81 -66 -48 -57 -120 -7 40 -81 -54 -42 -122 54 81 -146 -31 -69 133 -101 -103 -127 6 -128 7 142 -128 -91 86 -114 86 -128 139 -45 15 -1 125 -149 35 -109 -58 -117 -56 -134 111 134 128 -69 -142 -3 50 -90 103 120 -77 -37 120 -68 96 -4 -78 96 -1 -142 -43 97 61 -16 -115 -119 22 62 70 29 -96 -91 -97 74 -52 56 -122 107 64 67 ; 
61 70 90 53 97 72 92 27 50 47 77 77 68 86 30 31 15 19 93 7 84 56 92 42 54 85 49 90 46 51 25 3 50 96 69 25 93 13 50 80 22 87 56 89 83 26 35 14 53 13 14 80 92 1 22 12 25 60 74 56 76 99 83 88 100 43 8 15 86 22 43 20 38 80 41 22 29 24 74 15 94 89 83 94 52 38 29 56 45 44 81 9 25 83 52 39 76 63 19 31 86 36 46 66 89 18 80 32 10 43 98 88 41 27 16 98 37 84 12 41 78 39 84 97 37 21 93 90 84 34 29 96 42 64 61 38 40 30 83 67 11 93 41 80 45 3 77 83 70 99 81 33 82 76 14 7 4 90 94 45 50 64 62 79 64 82 97 54 48 12 19 87 51 83 31 99 18 68 12 79 40 3 15 14 83 87 62 18 84 97 37 40 85 67 16 84 34 95 77 95 7 ; 
L -130 76 -112 48 133 -158 -10 -116 37 -13 -138 55 77 -3 22 -50 142 129 78 61 -150 69 81 51 -58 58 -111 172 151 -160 -169 37 6 80 72 97 -146 101 -133 69 -128 96 -4 -7 128 -163 -167 -37 -70 139 149 -125 1 64 42 -173 -159 -107 142 150 -134 2 127 -164 -128 -86 56 -52 -57 -86 -37 31 -120 -123 -147 108 -154 -10 -156 171 -113 -70 -62 -149 -127 39 -9 120 40 66 134 117 15 79 25 100 -93 -112 138 170 -31 14 -63 101 4 -76 111 -134 70 111 74 41 -142 117 152 31 146 -35 96 130 -63 -145 -76 -138 6 -131 136 -47 -65 150 86 -86 -142 -86 81 -91 -161 -75 -99 135 43 -109 -94 54 175 115 15 162 67 153 -97 43 -114 -119 157 -10 42 29 35 168 54 22 -42 35 -56 96 -119 91 -120 -117 -39 81 50 -103 90 -111 -106 81 75 30 155 54 -103 -32 128 165 -121 90 146 75 132 166 -122 16 -81 107 -49 174 64 67 ; 
25:97 22:84 11:43 37:147 18:68 11:43 44:172 10:38 28:110 42:168 8:32 5:19 2:4 52:206 28:108 26:102 7:25 9:33 10:40 7:27 26:100 59:235 36:140 8:28 36:144 22:84 39:155 14:52 4:16 19:75 22:84 6:24 40:160 8:30 47:187 27:105 38:148 26:100 16:60 25:97 18:70 57:225 40:158 16:64 5:17 26:104 18:68 10:38 18:68 34:134 41:163 31:121 33:131 29:115 32:126 38:152 68:272 25:97 14:54 20:80 16:62 6:22 10:38 29:113 18:72 26:104 31:123 41:163 49:193 60:238 36:142 10:40 14:52 4:16 45:179 21:83 17:67 15:59 26:102 35:139 31:123 23:89 34:134 12:44 10:38 6:24 19:75 26:102 21:83 2:8 9:35 2:6 29:115 10:40 46:182 38:148 32:128 16:60 11:41 28:112 28:110 18:70 33:131 24:94 36:142 20:78 24:96 22:84 16:64 10:38 10:40 22:86 28:108 11:43 36:140 32:126 17:67 20:76 3:9 9:33 15:57 23:89 30:116 4:14 13:49 7:27 62:246 5:19 26:100 36:144 9:35 39:153 36:142 29:115 26:100 19:75 38:152 3:11 11:43 15:59 12:48 14:52 19:73 4:16 29:115 22:86 7:25 8:30 34:136 8:32 18:68 2:4 6:22 20:76 8:32 34:132 13:49 9:33 19:73 17:65 15:57 26:102 59:235 22:84 24:96 37:145 24:92 15:59 9:33 4:14 16:62 1:1 31:121 10:38 20:76 4:14 9:35 23:89 5:19 44:174 29:115 14:52 23:91 27:105 13:51 12:48 16:60 8:28 6:20 37:147 21:83 41:161 37:147 4:16 57:225 29:113 8:32 12:44 10:36 38:152 3:11 ; 
L -81 -53 95 130 -5 -144 123 -51 -18 85 -8 -35 -25 -62 43 -106 92 -34 45 102 -13 43 -79 145 37 144 103 132 8 -94 67 43 -135 115 116 129 105 -76 -46 113 -146 -96 -10 136 -126 -10 51 83 69 45 10 -149 -79 -6 -111 -67 -27 112 -59 -110 87 -122 139 -34 34 -125 -31 -31 78 -48 108 -52 95 -97 -24 -100 94 18 -25 -37 68 19 68 -137 16 -121 125 133 94 97 136 -127 -75 45 124 -139 -61 98 -149 -10 48 -13 -99 -42 132 14 -133 -97 -53 -103 -142 138 -78 32 49 -92 66 -97 65 16 -58 10 -71 133 -146 51 -128 -80 31 121 5 -7 -3 -32 -24 -136 9 38 33 -127 50 -20 29 -100 -103 91 -39 147 -98 140 104 29 46 106 75 -3 57 80 -88 54 -62 -104 41 -119 -116 85 51 112 -2 13 -128 17 42 17 53 137 91 2 63 -4 90 133 -109 -123 -126 -9 -117 83 119 116 101 -3 107 -37 105 20 129 -111 -31 -106 ; 
62 3 99 91 30 57 2 36 86 56 27 26 38 12 100 33 47 8 17 95 3 33 42 19 11 59 30 76 64 48 1 47 22 57 22 12 8 94 58 67 96 12 22 92 34 40 81 69 100 35 66 48 33 68 79 44 25 71 10 18 87 39 32 85 29 2 94 80 13 34 37 46 36 96 83 22 65 26 22 91 73 27 70 50 93 3 2 63 60 15 96 21 68 86 45 80 39 3 4 27 40 38 20 51 36 90 51 29 7 66 62 14 70 15 95 22 45 72 34 63 73 53 43 55 14 49 7 17 69 95 66 23 64 36 46 71 56 67 49 75 39 77 54 68 77 71 46 20 91 16 22 34 67 87 27 12 6 2 45 52 55 98 62 77 57 87 76 96 10 48 72 38 47 63 56 87 42 36 4 54 20 85 4 15 1 22 18 59 67 55 6 20 92 91 6 7 34 97 63 63 87 ; 
L -29 20 -81 -53 -97 126 123 -41 -24 137 -103 132 -31 132 59 92 51 101 108 96 -121 3 -125 168 166 -167 -161 106 -17 -33 -130 -95 136 51 -125 42 99 61 -94 -174 170 -112 -119 158 169 163 -150 -144 123 -13 98 -85 -78 -162 19 -127 -164 117 9 8 51 153 -109 110 5 -83 -75 45 172 155 -37 149 13 -2 80 52 -159 146 139 46 -133 -144 50 -2 -91 136 51 -31 66 147 124 -16 -103 149 -10 -45 91 -9 -137 -122 -113 146 39 -154 38 152 -87 -103 -142 138 -78 32 49 -92 133 7 -100 -48 10 126 27 67 3 -100 94 -25 -121 -43 53 97 75 -10 -68 -48 34 62 105 -65 -171 3 -104 -97 -136 68 116 157 156 -133 -31 42 10 111 6 79 -76 -46 20 129 160 -111 10 -13 -128 53 37 -107 115 116 105 151 -29 -140 98 116 -97 -24 -5 63 80 -173 -18 -43 25 -37 -145 45 102 16 -112 18 14 127 71 -83 128 135 106 -165 -31 -106 ; 
33:129 22:86 27:107 2:4 10:36 18:72 1:1 13:51 18:70 61:241 21:83 16:62 21:83 4:12 1:3 24:92 39:153 7:27 4:12 17:65 14:54 9:35 11:41 19:75 7:27 2:6 2:6 15:57 4:12 18:70 12:48 37:145 69:275 4:12 12:46 9:33 21:81 7:25 23:91 20:80 10:36 15:59 46:184 18:68 5:17 14:56 8:30 32:124 1:3 13:49 3:11 7:27 4:16 6:20 13:49 30:118 24:94 12:46 8:28 5:19 23:89 27:107 12:48 18:68 26:100 8:32 15:59 35:137 11:41 28:108 58:232 14:56 25:99 10:38 20:78 22:88 12:46 4:16 4:12 27:107 65:257 47:187 6:24 15:59 15:57 14:56 33:129 32:124 26:100 25:99 26:104 1:1 11:43 34:134 20:76 27:105 37:147 30:116 26:100 22:84 48:192 17:65 20:78 29:115 11:41 19:73 19:73 17:67 25:99 6:22 28:112 6:24 38:152 9:35 16:62 67:267 3:9 15:57 16:62 16:64 22:88 10:40 18:70 14:52 26:104 6:24 10:36 35:139 11:41 3:11 8:32 9:33 16:60 24:94 17:65 26:100 4:16 39:153 12:44 38:152 9:33 18:68 16:60 40:160 28:108 12:46 44:172 15:59 37:145 23:91 29:115 16:60 32:126 28:108 12:44 24:92 12:48 14:54 23:91 18:72 19:73 12:46 5:17 16:64 33:131 37:145 49:195 9:35 2:8 11:43 22:84 8:28 7:25 35:139 16:60 34:132 8:28 18:68 6:22 7:27 30:116 12:48 30:118 6:20 5:17 29:115 38:152 14:56 8:32 70:278 35:137 32:128 29:115 16:62 10:36 11:43 18:70 35:139 4:12 26:100 35:139 ; 
L -10 125 -71 118 121 41 -125 -103 -138 -89 19 -113 109 -47 65 102 126 115 -79 -28 -110 -81 21 -121 -102 71 -122 -128 -120 -85 98 -28 -39 105 96 74 58 120 65 -9 27 -15 8 -73 77 110 65 67 63 -92 -86 -110 149 130 19 -10 18 -76 -31 -20 75 -38 -84 32 26 124 -103 -144 -126 -32 -85 -6 146 -43 48 -125 42 -147 102 31 35 -104 35 133 -98 18 -123 28 -18 -114 21 -130 64 29 120 -114 117 -35 -24 -105 -129 137 -103 19 118 -102 -100 16 -103 42 -11 140 26 12 -31 10 -139 -97 149 -142 70 62 -135 -121 79 -19 101 143 43 -116 115 -55 -31 70 -42 68 -15 -40 16 -119 -94 86 21 150 -66 -98 47 -70 136 -26 -88 -71 132 -48 -95 148 117 150 21 90 27 -42 48 148 84 8 16 -78 -105 45 134 -123 -92 116 37 -40 -147 -127 -34 -76 -4 136 -6 -83 -2 63 -68 81 -76 103 86 -120 -34 -132 88 59 79 104 -5 62 ; 
78 59 95 91 54 54 13 84 53 74 45 86 28 9 2 31 61 19 67 54 28 17 44 53 35 48 26 1 90 19 76 31 90 52 83 93 71 44 45 71 58 94 16 71 53 17 20 97 20 54 69 9 99 80 12 74 49 65 38 44 84 82 61 22 84 10 23 13 15 5 16 71 36 78 87 58 99 99 25 14 13 45 99 97 33 28 22 9 59 10 76 65 98 42 32 35 96 100 34 97 1 83 38 9 9 20 87 98 53 39 63 97 20 73 57 77 10 40 13 58 18 82 17 4 46 98 9 28 42 15 43 92 41 84 2 76 46 100 85 91 92 48 16 67 84 75 41 91 67 91 54 36 5 25 12 35 82 49 24 84 41 13 29 100 45 54 84 29 59 91 18 5 68 35 9 78 4 37 71 92 80 60 94 79 30 20 28 42 52 59 44 22 80 22 23 51 6 14 62 86 40 ; 
L -10 125 -71 -19 4 139 -157 -65 -110 -85 -6 113 -19 -142 -62 -70 122 172 -37 -34 -32 28 29 130 -103 88 -34 -16 -114 48 73 -27 12 117 -68 42 -35 175 65 -43 6 -123 -143 68 -63 173 86 -63 -40 144 -48 28 79 71 -41 147 -42 -92 26 115 -8 -121 -118 160 148 103 24 20 18 171 -76 -90 -21 -83 155 -105 -98 169 117 167 170 -89 -19 129 -156 -96 39 84 95 74 103 -21 -40 149 119 -70 -19 47 136 -35 -31 86 -8 130 -21 114 163 -18 -31 -152 132 -154 -151 98 -67 -16 102 -161 -166 -118 -164 18 109 -47 -26 -15 -75 -153 -101 -105 45 134 -85 -149 -116 103 -86 -110 -120 -26 -38 148 104 88 -42 -123 97 165 76 -110 -81 -31 162 -16 81 84 168 79 -15 66 -76 -43 159 -128 58 120 -64 -174 -146 35 32 -127 -92 -137 140 -28 -135 -121 136 -31 77 65 102 126 124 -116 115 -55 21 -121 -102 150 -71 132 104 59 79 -158 -5 62 ; 
32:124 24:94 38:152 41:163 12:48 16:64 36:140 6:20 8:32 16:62 29:113 46:184 35:137 8:30 20:76 33:131 6:20 21:83 24:96 29:115 13:51 22:88 15:59 29:115 18:70 52:208 25:97 14:56 28:108 13:49 10:40 23:91 8:32 20:76 32:126 31:121 19:73 14:54 31:123 2:8 22:88 14:54 6:24 18:70 12:44 15:59 48:190 22:88 11:41 4:12 11:41 15:57 22:86 8:30 13:49 14:52 40:158 45:179 11:41 25:97 16:62 3:11 22:86 5:17 30:120 9:33 17:67 24:94 3:9 7:27 30:120 2:8 34:134 9:35 4:16 47:185 3:11 10:40 33:131 14:56 21:83 23:89 8:32 14:52 17:67 36:140 39:153 23:91 13:51 37:145 34:136 11:41 18:70 22:86 32:128 50:196 56:224 11:41 20:78 21:83 6:20 23:89 8:30 27:105 26:104 31:121 9:35 29:113 26:102 5:19 7:25 25:97 16:64 23:91 16:60 48:188 70:276 34:134 11:41 22:84 19:73 26:100 15:59 4:14 7:25 22:88 8:28 25:99 6:22 14:52 37:145 8:28 9:33 20:78 5:17 38:148 12:46 4:14 6:20 6:20 2:4 26:102 67:267 23:91 10:38 22:84 22:88 22:88 30:116 22:86 7:27 24:92 56:220 13:51 8:32 30:116 34:132 30:120 15:59 17:67 22:88 16:64 10:38 71:283 26:104 18:70 55:217 12:44 44:176 7:25 9:33 11:41 27:105 32:124 22:84 4:14 31:121 2:6 36:140 26:102 13:51 10:40 13:49 25:97 7:27 13:51 18:68 37:147 11:43 22:84 14:56 64:254 14:54 2:8 4:14 36:142 3:9 26:100 20:80 35:137 16:64 ; 
L -95 47 -4 -68 5 -32 98 12 -142 -30 -112 140 98 77 20 -120 96 31 -108 -61 -2 -6 44 100 150 -148 -136 -54 -113 77 130 -148 80 42 53 11 9 69 46 -90 129 98 -132 -107 66 110 -4 85 71 3 39 131 -19 -34 -82 -21 -133 16 -148 -90 44 -85 122 -31 -75 -37 124 -22 30 -83 144 38 69 -146 110 -17 131 -102 97 -25 64 -112 30 96 16 -13 -106 1 8 -89 89 89 -70 49 -22 73 -61 -16 -99 -89 -8 -127 9 54 -12 -91 -18 26 -115 -114 -8 -113 -145 17 -115 -46 -63 -146 53 146 134 126 -34 62 -90 19 -78 18 -103 -65 -59 86 92 103 104 -74 65 -56 -32 15 114 5 115 96 120 -88 76 55 112 30 122 -101 -134 101 73 129 29 -20 80 -110 -65 101 -33 55 -112 -120 81 9 146 10 125 -5 125 -11 -1 -109 103 124 -40 -43 67 -18 128 117 107 119 -90 -116 -30 86 126 -115 143 -41 94 -42 20 -43 114 -98 ; 
68 77 98 51 78 64 2 83 26 76 83 69 31 2 90 17 97 26 75 9 68 67 28 24 13 80 19 3 58 46 52 20 13 7 84 31 98 14 34 89 100 90 89 22 4 88 60 45 82 84 54 52 33 70 21 6 21 4 48 78 98 1 31 61 3 42 62 81 68 94 48 63 47 27 2 86 30 88 95 15 80 97 87 93 95 18 25 95 91 55 17 43 97 9 60 10 94 7 32 47 27 69 73 49 77 43 43 60 55 93 2 59 15 33 18 76 25 42 76 25 78 22 60 51 91 54 59 57 5 80 59 98 60 39 83 85 77 89 65 40 51 39 42 97 72 25 26 15 5 52 64 38 82 62 27 93 45 19 89 55 41 92 64 74 56 56 13 18 47 74 34 26 3 59 78 77 7 14 6 82 42 15 4 85 90 68 28 9 29 41 35 51 91 46 83 25 28 40 16 99 83 ; 
L 34 -94 41 -175 4 119 18 49 -22 115 -148 -126 -43 16 99 67 -89 -8 15 114 -56 -53 54 80 170 125 103 -115 70 43 90 148 -92 -37 -103 -128 -13 -155 109 -144 -107 -145 31 -16 -168 9 77 32 -108 -61 -100 -44 -86 65 18 -117 -89 89 -110 146 8 -21 16 124 -116 -61 74 -65 134 -86 -47 95 160 -101 101 126 -34 62 -161 -17 131 148 -150 165 -2 110 -26 -146 -12 -98 -12 90 -122 -112 162 -90 18 82 73 -5 68 4 -73 120 -88 55 5 -124 169 -81 -9 55 -112 31 132 -129 6 3 -120 -46 110 158 -151 164 39 63 75 -20 96 143 -64 -69 154 22 -32 -127 174 42 53 -153 71 -129 90 173 -152 97 -10 159 -171 -167 -125 115 -91 163 66 46 107 -106 1 113 8 -103 44 -85 80 -140 112 114 -112 -130 -146 98 -54 -9 -40 -38 19 33 -101 120 -83 166 -85 20 142 -156 19 -146 -113 -78 -102 -157 -104 -5 77 172 20 42 114 -98 ; 
22:88 34:134 34:132 34:132 27:105 23:89 12:48 4:14 24:96 18:72 10:36 10:40 9:35 34:134 7:27 9:35 9:33 11:43 30:120 21:81 28:112 3:11 37:145 9:35 9:33 12:48 6:24 40:160 26:104 37:147 37:145 32:124 28:110 11:43 44:172 8:32 10:38 15:59 10:38 19:75 22:84 8:28 24:92 12:44 9:33 32:128 29:115 21:83 26:102 4:14 19:73 10:38 16:64 36:142 34:132 25:99 30:118 7:27 8:30 1:3 40:158 4:16 3:9 2:4 45:179 6:22 20:80 12:44 22:86 17:65 48:188 31:123 47:187 8:32 41:163 10:36 24:96 21:81 50:196 24:96 12:48 23:89 32:128 22:86 39:153 8:28 25:99 16:64 3:11 34:132 16:64 25:99 17:67 16:62 4:16 38:150 11:41 28:110 4:14 26:104 32:124 21:81 31:121 20:80 10:40 9:35 17:65 9:35 15:57 13:49 5:17 17:67 23:89 27:107 6:22 2:6 26:104 27:105 3:9 26:104 38:150 13:49 4:16 29:113 35:137 29:113 8:30 17:67 6:20 32:124 23:89 6:20 4:16 35:137 21:81 14:54 39:153 3:9 34:134 37:145 24:94 15:57 40:160 76:300 36:140 24:96 58:232 22:86 17:65 32:128 10:38 20:76 32:126 16:60 32:124 36:140 5:17 42:166 38:152 17:65 24:94 33:129 16:60 1:1 5:19 17:67 28:110 6:20 42:166 6:20 23:91 16:60 1:3 20:78 3:11 17:67 17:67 17:67 26:102 12:44 48:192 40:156 43:171 25:97 14:56 10:36 28:112 8:28 18:68 29:113 22:86 43:171 22:84 25:97 19:73 18:72 22:84 13:49 2:4 40:158 34:132 ; 
L -81 97 -65 128 22 95 51 128 26 30 -6 99 74 64 30 -144 -43 -94 -10 -51 148 57 -73 52 -22 53 -87 -121 -66 2 107 -77 116 9 -10 32 81 87 49 71 -32 35 -45 -86 -16 -20 -106 -119 -70 138 85 -13 -105 -128 105 -64 101 49 89 -140 85 -48 103 -74 58 -138 132 -8 -9 10 -60 120 101 -89 -81 141 -31 9 129 73 -32 -150 -144 60 3 123 128 -59 66 -48 -45 89 53 97 15 -27 -73 113 -25 143 83 -69 144 57 144 -128 59 -51 67 -12 117 70 -50 -6 18 -100 -82 -110 112 -5 115 7 -42 -22 133 33 26 -98 -3 -59 -91 45 -76 43 -130 78 -130 -76 4 91 -127 15 -94 75 18 -83 -124 54 23 120 59 90 -101 -71 123 94 71 137 27 144 124 -130 -15 12 110 -92 113 140 -104 -78 113 82 62 124 -75 32 147 -115 81 -86 29 141 -144 62 126 -12 -52 -111 -31 16 17 -127 -70 138 10 100 -60 -11 -130 68 ; 
74 26 89 27 15 8 79 65 71 28 16 33 71 100 92 56 21 1 52 89 3 61 82 34 96 46 56 85 70 55 29 41 53 7 60 15 64 29 5 90 91 31 42 51 61 16 41 15 91 44 45 11 55 95 90 79 94 56 52 2 47 60 17 94 17 18 9 72 3 3 8 47 41 46 71 62 6 87 28 43 84 69 48 29 42 33 73 57 46 92 56 80 77 73 52 41 40 67 64 87 81 14 80 72 14 17 84 67 46 81 30 67 19 17 80 93 31 85 5 30 78 33 7 69 40 61 14 42 52 91 82 60 31 64 73 85 14 42 47 63 47 83 44 40 47 82 55 24 92 28 39 26 29 45 28 82 68 3 76 63 43 10 89 11 2 14 64 66 48 13 28 74 16 1 7 77 7 52 35 31 75 74 92 55 12 54 94 24 35 52 89 71 91 56 5 20 20 83 63 34 44 ; 
L 7 -42 -12 -147 -156 -10 -104 175 76 20 73 27 -12 -49 -101 -89 -163 53 -30 100 -168 -103 -166 35 -45 18 -100 162 -53 22 75 58 -23 124 128 148 169 59 -51 -127 111 30 113 -64 95 32 -71 -13 -105 105 161 12 141 -57 -123 27 22 91 170 141 15 -94 -101 -59 -107 -132 67 94 -112 -9 113 86 -81 115 73 87 -130 -120 -123 -167 81 144 144 -11 -78 113 10 171 85 98 140 128 66 -48 -45 49 -16 130 -129 -151 117 -4 76 -9 -116 -86 173 -8 138 160 110 -82 -75 -32 69 -83 -143 -87 57 74 -5 -81 -51 -94 154 -31 158 -150 -144 -16 -78 81 89 31 64 127 51 83 -18 66 121 -6 -52 60 3 -32 -73 -157 -140 106 144 -126 90 -101 -60 -89 15 -2 133 26 85 -15 -97 77 -138 70 174 62 124 60 -59 -91 152 159 -45 -3 43 165 -172 -155 70 119 -137 71 -10 97 -65 128 144 9 10 50 43 124 164 6 153 -62 -130 68 ; 
43:171 3:11 14:52 25:99 10:40 15:59 35:139 6:22 26:104 38:150 35:139 16:64 6:24 12:46 23:89 41:163 14:54 11:43 13:51 12:48 34:134 16:60 18:72 7:25 17:67 26:102 38:148 26:104 16:62 19:73 12:48 8:32 11:41 29:115 27:105 4:16 24:96 14:54 27:107 22:88 3:11 11:43 9:35 25:99 27:107 29:113 37:145 8:30 22:88 12:46 37:145 10:38 9:33 66:260 25:97 56:220 9:35 18:68 18:68 10:38 19:73 18:70 34:136 20:80 22:84 13:51 11:41 24:96 3:9 31:121 20:78 32:124 13:49 14:56 5:19 8:30 24:94 22:84 19:73 17:65 16:62 30:120 58:228 26:104 24:94 12:44 26:102 10:38 13:49 25:99 13:49 6:22 15:59 37:147 23:89 14:52 29:115 7:27 10:40 11:41 2:6 44:176 19:75 26:100 3:11 8:28 32:124 30:120 3:11 28:112 16:60 8:30 45:177 10:36 9:33 6:22 33:129 1:3 32:124 22:86 26:100 16:64 20:76 2:8 38:148 8:32 10:38 18:68 20:76 28:112 14:52 19:75 29:113 41:163 27:105 28:108 28:112 22:86 33:131 4:14 28:112 28:108 9:33 16:64 17:67 29:113 35:139 8:30 7:25 25:99 18:72 24:96 34:134 12:46 3:9 25:99 14:54 43:169 32:126 6:20 24:92 28:110 21:83 39:155 20:76 23:89 28:110 13:51 1:1 16:60 56:222 33:131 28:108 5:17 6:20 6:24 5:19 13:49 1:1 31:121 22:86 37:145 14:56 38:150 8:28 14:52 36:142 11:43 4:12 8:28 24:92 10:38 6:20 43:169 5:17 20:78 25:99 10:40 22:84 14:54 18:70 ; 
L 50 -112 77 -71 -37 -118 -116 -128 -66 -27 115 -5 -59 -67 -141 -24 76 -98 24 41 94 93 -36 -125 78 -117 -66 65 -119 18 -88 -141 -106 138 132 29 -115 -95 62 113 112 -103 -137 -118 -11 18 92 -103 114 46 -118 71 -129 -66 -46 -70 146 -49 -78 -88 -6 90 91 20 27 129 -107 -100 58 93 109 -10 60 30 -73 -40 99 24 -31 -22 -26 28 -59 -27 -29 44 -17 -136 -92 35 -47 87 -117 3 96 9 -101 -53 5 -26 31 -88 -22 -64 43 114 110 -25 -117 -52 61 -93 134 -126 76 48 148 -8 9 -113 -32 64 -131 -107 22 -86 -93 28 -30 47 4 -9 132 100 81 49 -76 98 -37 49 -62 121 114 85 146 -38 92 116 -75 -64 55 73 -74 11 150 -84 -42 31 -6 69 -135 -78 68 121 52 -8 120 -109 121 -89 -148 -17 -64 -83 -71 30 76 138 -34 35 59 126 -123 33 -128 9 33 130 129 -55 19 -122 -105 -68 117 -94 -41 -78 36 -134 ; 
33 69 29 79 96 4 61 19 4 12 27 9 60 70 35 80 98 81 17 37 17 41 24 63 64 57 90 95 59 39 89 8 18 88 63 66 99 25 4 95 47 50 22 24 50 85 68 49 48 35 31 98 91 9 36 90 71 29 9 44 78 11 69 22 27 29 68 24 16 99 15 92 37 74 25 98 1 71 54 39 38 89 98 46 17 58 33 38 53 91 63 5 54 86 58 96 93 61 12 31 71 72 45 73 86 55 85 86 2 74 75 96 90 14 66 57 25 83 97 29 28 63 62 91 43 12 15 43 66 67 13 2 2 84 55 78 92 30 76 33 12 94 88 51 72 14 63 96 63 45 81 67 69 4 19 49 14 70 19 46 82 91 49 83 69 18 20 80 29 62 87 90 35 48 4 5 78 71 80 44 2 62 19 13 3 22 15 29 44 6 69 62 51 56 29 39 53 100 29 50 26 ; 
L 50 77 -129 -103 115 -52 -136 -19 -46 135 -69 -105 -155 -125 74 137 172 -118 -11 -67 71 -88 -141 -106 -113 169 -32 -76 98 -93 -84 -6 28 37 -93 -78 -78 -66 -151 -64 126 112 -66 -76 -99 118 55 -132 -163 27 -65 -152 68 93 126 -123 132 -64 66 128 -165 116 -47 -119 18 167 -78 -88 122 157 30 -117 -129 35 -47 168 -117 -59 -92 -96 -158 -89 100 -75 76 138 121 114 85 81 161 35 -166 46 48 26 -5 33 -150 3 64 22 88 52 -92 -130 41 -153 -109 -40 -59 92 43 -173 -33 -9 159 68 -162 117 110 -154 -117 -170 44 28 107 -91 103 26 22 31 -36 107 -87 18 -49 37 114 49 -146 29 73 160 -8 -30 134 156 73 9 118 76 -98 24 41 94 11 171 174 -8 -101 116 -5 -59 31 -93 -83 -71 148 53 20 -131 38 70 62 120 113 -9 115 -29 -24 90 -148 121 -86 -78 -175 -62 95 -71 -58 100 141 -60 10 -25 -164 -121 36 -134 ; 
14:52 30:120 31:121 9:33 35:137 20:78 16:60 27:105 18:72 8:32 33:131 38:148 19:73 26:104 1:1 20:78 10:36 29:115 20:80 38:150 14:54 58:232 4:12 8:28 37:145 5:19 52:208 38:152 12:48 6:22 8:32 26:102 10:40 33:129 14:52 23:91 18:70 52:204 34:132 77:305 38:152 45:177 16:60 21:81 12:46 23:89 11:43 23:91 13:51 16:60 20:76 30:120 6:20 29:115 6:20 8:30 44:174 29:113 2:8 2:6 4:14 34:134 24:92 12:46 16:62 43:169 31:123 18:70 14:56 58:230 45:179 23:91 36:144 6:22 26:100 38:150 30:118 48:190 18:68 50:198 33:129 10:40 26:104 24:96 16:60 29:113 28:108 36:140 21:81 19:73 26:100 19:75 20:80 16:62 17:67 27:107 13:49 14:52 24:94 38:150 34:134 30:116 18:72 14:54 11:41 49:193 13:49 23:91 32:124 30:120 18:70 7:27 15:57 14:56 38:152 6:24 17:65 22:88 33:129 19:73 46:184 29:115 1:1 35:137 21:83 25:99 32:128 28:110 14:56 21:83 16:60 16:62 7:25 21:83 14:52 24:94 3:11 14:52 19:75 30:120 6:22 35:137 8:28 22:88 12:44 19:73 26:102 13:51 43:169 31:123 6:20 55:219 33:129 7:27 15:59 7:27 10:36 6:24 18:68 28:112 20:78 26:104 24:92 24:96 21:83 20:80 26:100 2:6 5:17 12:44 36:142 6:24 19:75 24:96 14:54 7:25 29:113 12:46 10:38 40:158 20:80 34:136 23:91 4:16 22:84 36:142 52:208 14:56 2:6 6:24 22:88 7:25 10:40 11:43 15:59 11:41 16:64 28:112 38:150 20:80 11:41 ; 
L -20 49 -20 79 105 -77 -85 -121 -27 -57 11 90 73 56 -10 -91 123 135 -2 101 80 9 -112 15 -29 -69 -57 -31 74 43 -45 -139 -105 101 19 45 33 28 -20 -34 -63 -6 87 -57 35 -31 78 -124 -143 -135 -37 -71 -4 102 47 37 148 147 -137 146 -102 114 -108 -74 -143 -64 -53 150 -101 128 -81 80 18 -9 41 -122 119 -76 140 -54 -49 -128 23 28 -56 -95 -44 -53 3 40 -127 13 48 -102 56 51 55 -8 -85 -44 90 17 -19 83 32 -35 -134 48 -146 -4 96 118 23 -99 25 -52 80 -118 -142 -10 -53 -44 7 50 72 51 -3 67 132 -27 -126 109 21 101 19 -149 85 -32 127 -14 -50 41 -51 78 92 -127 -132 38 -143 -127 42 87 -79 -89 -94 4 -82 -46 -68 94 -19 146 36 104 122 -24 148 -13 -32 65 -101 103 17 56 58 32 25 78 83 148 -54 -83 40 113 97 66 136 -121 145 136 -135 -109 100 -118 -41 124 -55 -150 -67 15 ; 
36 5 67 72 76 66 52 91 4 35 62 80 72 29 66 99 70 1 43 100 60 15 63 69 85 43 46 58 35 97 84 91 31 3 49 4 100 53 55 10 30 5 22 80 46 77 5 62 81 29 39 47 27 31 34 81 93 26 69 97 71 26 8 26 20 100 42 85 85 55 8 25 31 10 81 57 45 83 40 52 24 61 13 14 54 46 4 79 70 90 15 1 45 65 50 92 33 83 15 70 42 80 23 36 81 30 53 75 70 69 69 28 99 64 6 68 25 71 1 47 74 25 49 42 17 33 49 70 21 96 50 10 37 23 65 77 48 33 58 34 84 53 63 13 39 55 66 26 87 75 23 1 57 71 73 17 63 77 25 4 21 35 96 48 76 47 42 53 4 54 8 88 79 65 1 91 61 43 30 95 56 68 37 76 76 92 43 39 13 13 30 38 84 43 73 68 86 75 82 96 53 ; 
L -151 14 -101 -143 -53 -53 31 -35 -63 13 -83 -76 134 -37 -47 -153 17 -19 83 32 -128 101 -55 123 -102 10 142 118 -80 52 -159 101 80 158 -124 135 -4 -33 24 -146 137 -78 23 32 79 -162 -40 -132 -172 -119 91 -122 163 -92 -78 104 -105 127 109 79 -87 -4 169 74 139 -43 85 -42 45 -15 -9 143 82 -143 -4 102 66 25 36 -148 -57 -18 -80 41 -51 -96 48 -126 -10 -41 9 -54 -94 31 -164 -49 -128 28 -166 101 19 -149 85 -67 3 -51 -72 78 83 69 148 -44 -71 160 109 -147 145 44 20 -168 37 85 -152 57 89 51 118 118 165 57 -56 -73 -90 2 -135 -171 -103 101 157 156 11 46 132 127 173 -21 56 -105 -45 74 108 -140 -113 8 -150 -3 27 -102 -54 100 27 -20 -34 77 28 -56 -155 44 -53 49 -25 99 65 -136 -121 -95 7 19 -161 -97 127 32 136 -148 170 -50 56 -19 48 -167 154 -40 -174 94 146 122 -124 41 15 175 ; 
10:36 25:97 15:57 18:68 53:211 52:206 23:91 31:123 14:52 40:158 14:52 9:35 32:126 12:46 33:129 9:33 2:4 10:36 15:57 33:129 5:19 22:88 40:156 2:4 18:70 50:198 19:75 1:1 29:113 10:40 17:67 41:163 24:96 2:6 44:172 27:105 6:24 44:176 51:203 14:54 39:155 8:28 30:120 19:73 6:22 32:126 2:4 43:171 13:51 49:195 22:84 10:36 32:128 17:65 16:62 9:33 30:118 21:83 48:190 30:116 23:91 43:169 24:96 22:86 38:150 35:139 34:132 8:28 13:51 7:25 24:92 19:73 34:136 30:118 19:73 13:49 41:161 15:59 50:200 29:113 50:200 34:132 13:49 22:88 26:100 2:8 24:96 16:60 22:88 54:212 33:129 2:8 6:20 37:145 36:140 5:19 25:97 1:3 17:67 28:108 26:104 31:123 20:76 25:99 28:112 20:78 14:52 16:62 12:48 7:25 10:36 15:59 24:96 4:14 10:38 29:113 19:73 31:121 7:27 15:57 38:152 19:75 32:126 11:43 15:57 13:49 31:121 21:81 19:73 24:94 7:25 12:46 29:115 27:107 18:68 1:3 14:54 36:140 2:6 14:54 27:105 26:100 18:68 12:44 42:164 18:70 26:100 16:62 13:49 15:59 11:41 16:62 8:28 13:49 28:112 36:144 24:96 30:120 19:73 8:28 12:44 24:94 4:16 11:41 20:78 21:83 18:70 35:137 6:24 6:20 46:184 8:32 29:115 10:36 9:33 4:14 5:19 8:30 19:73 16:62 40:158 25:97 27:107 10:40 42:166 14:54 27:107 36:140 17:67 41:161 13:49 29:115 24:94 15:59 11:43 8:30 27:105 25:97 38:150 26:104 22:84 ; 
L 64 -122 126 49 -59 -9 -95 86 32 -92 83 51 -25 -88 36 -11 -64 53 -16 -43 11 -124 37 110 56 -87 117 29 27 -43 101 -91 54 -78 -140 -87 -56 -11 123 -4 -29 3 -91 -86 5 -85 -71 -2 66 105 143 -83 -114 -76 76 -32 -94 -19 -110 66 -149 5 26 -102 -83 -128 -29 -34 126 -106 -40 19 -130 100 142 9 140 54 -92 16 21 -38 -4 72 43 -8 -31 16 -46 -140 45 78 -18 -89 -144 -119 -139 -113 60 -38 63 -42 -94 93 -72 20 -72 -91 79 -29 141 -121 31 54 -85 123 36 41 -10 38 68 126 -119 71 76 107 -5 -56 -97 -82 128 -36 -10 103 -9 48 27 51 -97 86 93 -8 91 112 -39 52 82 86 -19 88 -112 -135 -32 -131 84 44 11 -24 -113 93 109 128 96 -130 148 -67 -7 -77 -105 3 110 118 -145 90 51 -57 -101 24 -40 30 -19 -117 39 13 -6 -114 -98 49 57 61 -118 -137 -24 45 -138 -71 -5 -16 12 110 ; 
31 7 3 3 65 54 43 37 53 35 46 14 4 90 77 66 29 71 10 43 86 80 59 47 100 66 31 17 78 83 44 71 17 95 25 97 17 48 93 3 9 25 63 58 35 34 19 55 81 10 83 52 99 50 2 42 80 9 57 13 85 26 16 77 91 68 88 27 48 100 30 81 68 14 6 76 89 17 30 45 41 45 43 34 48 76 97 69 68 48 66 88 71 6 72 65 78 48 40 61 7 50 75 8 30 99 74 61 91 31 78 20 27 52 58 3 22 23 1 73 30 21 79 5 21 66 22 25 74 94 84 16 32 91 41 69 75 53 39 61 79 90 46 29 92 87 61 9 76 38 96 64 27 36 68 63 62 98 11 22 46 21 79 99 34 88 57 49 59 52 44 12 93 89 67 70 88 21 73 34 70 39 11 86 15 74 77 42 41 13 40 98 59 25 90 61 23 68 40 53 84 ; 
L -122 126 95 -63 -40 -168 167 -88 19 140 -19 -117 -110 -16 -43 11 41 174 36 29 154 -86 152 -77 85 -140 -89 -144 -139 -109 19 40 -24 159 94 -72 -44 10 -29 36 -128 49 24 137 155 106 101 26 71 -27 9 171 49 -43 34 -170 156 97 -51 -56 -16 31 -56 172 -97 -82 7 -148 130 135 112 -157 54 -92 105 29 -20 13 -5 -16 165 87 60 88 102 72 -128 126 11 -86 -82 -140 72 -96 -114 76 5 -61 118 -38 -160 -169 112 -39 52 -39 118 -91 -164 -37 87 -110 32 150 -38 -9 117 -130 100 -84 4 -162 -31 -173 121 -141 -113 163 -101 -93 -66 -64 -51 113 24 93 -123 83 -86 8 -93 45 -25 83 91 -3 -36 -92 27 126 158 -38 -4 43 76 107 -32 153 -131 19 166 57 32 128 83 143 -42 -11 -46 5 -2 -3 105 -29 51 -54 -79 103 -91 -119 161 -71 -149 5 142 -145 90 86 98 114 6 -54 -123 57 -66 151 -110 138 12 110 ; 
15:59 2:4 3:9 15:57 16:64 34:136 12:46 36:142 16:60 41:163 9:35 16:62 7:25 22:86 18:68 35:137 3:11 14:52 4:12 12:48 19:73 30:120 30:116 48:188 20:76 12:48 4:16 29:115 58:228 26:100 19:73 7:27 30:116 16:62 30:118 73:291 8:30 42:168 22:86 12:46 7:25 32:126 26:102 24:94 63:249 23:89 16:62 28:112 6:22 11:43 52:208 8:30 2:6 32:128 19:73 20:80 17:65 23:91 16:62 22:86 4:14 28:110 17:65 13:51 34:136 38:150 43:169 52:208 14:54 20:80 26:102 67:265 4:14 12:48 10:36 51:203 28:108 5:17 12:48 28:108 24:96 17:67 40:160 32:128 6:20 19:73 11:41 20:78 18:68 6:24 4:14 20:80 14:52 8:32 59:235 16:64 9:35 8:28 5:17 17:67 10:38 9:33 46:184 37:147 35:139 41:161 3:11 32:128 44:172 29:115 24:92 20:78 31:121 14:54 23:89 20:80 12:48 33:131 6:22 22:86 27:107 6:22 13:51 22:86 29:113 8:32 15:59 14:52 25:97 6:24 9:35 13:51 23:91 34:132 5:17 60:240 19:73 19:73 6:20 11:43 36:144 16:64 25:99 46:180 18:72 26:100 9:33 3:9 15:59 1:1 38:152 2:8 18:68 17:67 16:60 27:105 11:43 39:155 22:84 2:8 5:17 30:116 26:104 26:104 13:49 13:51 17:65 11:41 22:86 21:81 16:64 22:88 21:83 25:99 6:24 7:25 20:80 16:60 20:76 2:8 54:212 37:147 18:70 11:41 7:27 11:43 36:142 21:81 53:209 31:123 30:118 17:65 30:116 8:32 22:84 11:41 30:118 14:56 33:129 22:84 34:134 ; 
L -3 1 115 139 25 -60 -97 128 104 -120 -133 14 -43 78 -75 11 137 80 80 -50 58 144 -137 -137 21 85 -90 65 -94 -116 -8 110 -138 142 -8 -81 32 36 -4 3 -85 139 33 89 -16 46 -79 -92 -47 -121 132 -33 10 -126 55 -122 13 -115 91 118 109 -121 76 -62 106 36 -44 76 136 -111 104 -48 36 57 -112 -45 -21 -22 -138 90 29 -115 -42 49 -16 -29 -21 -29 -29 -132 99 -2 -113 67 9 147 142 124 101 14 -145 122 132 131 100 -57 -20 24 45 40 30 -83 75 87 -116 -129 114 -31 74 -140 138 -28 39 -120 109 -36 64 2 19 67 10 55 115 -55 -117 49 74 110 93 -73 143 87 -47 6 112 79 -6 -64 21 -6 96 -108 -146 92 -5 -31 40 -73 114 137 -113 -83 117 130 -1 33 -132 7 11 124 80 40 -24 -103 30 74 -117 -47 90 -145 124 41 -136 -30 126 -43 143 -145 61 14 -71 5 -17 -125 -36 -9 -112 68 -41 26 ; 
57 30 49 49 56 99 17 56 36 31 73 12 86 89 97 68 78 11 83 10 93 56 90 99 30 76 82 15 20 69 5 65 82 72 62 15 56 80 91 1 98 30 78 2 13 71 26 81 50 65 67 85 31 32 37 74 45 47 33 58 85 55 31 92 16 94 98 97 13 26 82 23 5 20 79 97 74 79 18 12 39 30 73 61 5 97 48 92 21 34 68 25 15 64 14 6 56 100 11 93 70 79 96 34 49 43 37 89 21 69 55 60 97 49 36 74 95 7 70 9 67 67 11 76 91 31 14 64 59 23 97 75 58 73 75 49 91 15 5 52 89 9 85 5 89 13 30 65 48 79 69 86 36 82 23 100 15 11 73 54 97 67 85 14 32 38 95 72 83 72 13 66 42 57 63 27 69 19 38 63 81 50 94 77 23 44 20 74 84 80 90 6 23 77 2 10 82 41 56 89 8 ; 
L -7 124 80 -61 132 -30 121 47 45 5 106 -44 -147 145 -162 -33 29 -20 36 -104 -31 -104 -115 114 126 157 74 -169 4 161 -47 171 -101 124 125 124 149 -116 -115 153 165 -42 -81 32 -76 -46 -138 -6 -100 -145 122 132 160 50 -80 64 6 -112 43 133 -13 122 -64 170 11 40 -24 30 148 29 -1 33 55 -73 143 166 30 138 -151 73 120 -21 137 140 16 -74 85 164 -75 83 96 89 -131 -126 -22 -143 43 111 55 -116 -155 67 -80 113 -159 36 154 -79 -2 -110 3 1 115 139 -130 163 -110 8 -136 -142 -172 150 19 129 49 145 -9 -47 90 55 -92 17 121 114 58 144 2 137 -90 -94 -115 21 -67 10 -11 75 -158 132 29 120 -39 28 128 -117 -48 24 -16 113 25 -5 -31 40 -99 62 118 109 137 156 132 76 -6 40 57 -146 152 9 112 79 168 -92 78 -41 112 109 -60 83 108 -139 -91 10 -136 87 8 -142 167 -29 3 -85 68 -41 ; 
15:57 39:155 6:20 8:28 47:187 36:142 24:92 26:104 22:86 20:80 21:81 22:86 16:60 7:27 24:94 10:36 10:40 38:148 19:73 7:25 18:72 28:110 21:81 6:20 13:49 34:134 29:115 50:198 10:38 26:100 43:171 43:171 14:52 5:19 13:49 23:91 4:12 11:41 36:142 39:153 6:20 16:60 8:32 23:89 42:166 8:32 7:27 24:94 61:241 14:54 32:126 39:153 2:6 36:142 4:16 15:57 26:104 35:139 20:80 14:52 25:99 18:72 10:36 42:168 31:123 4:12 17:67 24:94 21:83 21:83 40:158 16:60 17:65 35:137 36:142 25:99 27:105 21:81 22:88 10:40 16:60 31:123 12:48 40:156 21:81 8:28 13:49 38:148 5:17 39:155 22:84 16:60 25:97 7:27 31:123 1:3 8:32 7:27 13:51 25:97 4:14 60:240 11:43 11:43 22:84 18:72 12:48 30:116 43:169 30:116 20:80 8:28 20:78 20:78 11:43 46:184 15:57 26:104 51:203 50:198 12:44 45:177 8:32 6:20 20:80 31:121 14:54 11:43 16:60 46:180 32:126 25:99 7:27 32:128 48:188 23:89 26:104 26:100 32:126 8:30 33:129 28:110 47:187 16:60 30:116 28:108 38:152 17:65 14:54 19:75 31:121 5:17 22:86 25:99 6:22 20:76 22:84 9:35 30:118 24:92 40:160 6:24 14:54 19:75 18:72 34:136 40:160 2:8 26:102 13:51 16:64 13:51 28:108 10:40 3:11 42:168 32:128 6:20 2:4 8:32 6:20 23:91 13:51 22:86 31:123 10:36 27:105 44:174 22:88 14:52 38:148 4:16 32:128 25:99 26:104 15:57 12:46 40:156 10:36 23:89 36:142 ; 
L -138 4 -22 -148 -55 -20 -88 -127 -42 83 -18 -145 55 -39 15 -104 -96 -48 -138 109 93 118 -14 -47 64 103 -103 -13 -50 -114 -147 38 78 2 -39 15 26 136 -40 97 5 125 83 73 -31 -7 -12 22 12 59 1 -126 99 -79 51 -46 118 -22 -145 46 126 3 -114 20 125 -150 -43 -55 -18 -53 -130 -81 71 94 -95 134 -105 85 -105 67 44 140 113 15 130 60 98 -80 108 -105 95 -115 33 45 106 28 58 -68 -43 -9 90 70 148 78 24 -2 10 26 100 116 7 -70 -49 -23 -24 141 149 117 122 102 8 105 30 -65 82 149 -40 -1 105 76 -123 108 139 24 -124 126 146 -48 53 -145 115 -119 88 58 -131 88 -50 71 -59 -132 -63 129 67 -118 129 14 45 -20 -141 115 25 74 -50 -92 -125 6 -57 -76 5 128 120 -8 112 -120 -149 -25 -42 110 16 51 -2 -56 -18 84 129 -86 109 -106 54 -110 107 -71 -127 125 63 -19 135 106 -81 -142 ; 
36 74 57 9 99 87 50 25 39 11 71 3 42 58 46 68 48 8 58 64 42 10 51 64 26 68 14 5 41 40 66 94 83 77 57 99 21 6 11 84 21 27 11 4 73 12 58 54 35 20 2 100 96 78 67 1 92 12 56 96 30 20 94 24 29 46 88 85 19 31 81 71 81 3 28 60 33 49 70 36 43 5 19 20 61 94 11 32 36 73 44 17 36 16 64 50 80 54 14 17 88 90 4 44 92 38 81 89 39 72 44 13 80 58 12 46 58 75 37 52 16 81 10 80 1 55 67 27 49 82 79 94 20 18 5 81 79 22 14 98 18 80 53 67 42 54 61 94 67 87 73 60 33 85 54 2 53 25 83 79 70 50 35 7 46 87 57 25 1 99 99 38 43 93 20 71 28 2 96 48 41 7 88 7 30 13 46 83 43 24 91 19 6 57 65 74 54 8 37 90 59 ; 
L 42 25 154 57 -6 -105 160 -1 -130 71 50 -19 103 43 -157 68 105 49 -64 47 14 -118 169 4 63 153 -164 116 7 48 2 -24 -88 149 120 8 -110 107 -71 -127 -104 -96 -26 135 -79 -76 162 109 -106 -83 -125 166 115 123 161 -114 -147 163 106 173 -146 -175 -84 -92 -125 -105 7 -33 -155 38 45 -20 53 -78 109 -22 -50 167 140 148 59 -88 -159 12 174 53 46 3 -106 40 -149 -105 70 148 -136 138 105 125 -125 -20 114 -45 31 18 -168 -124 67 8 -145 54 -129 -108 -102 -152 -122 -117 -16 -110 56 2 55 -115 22 46 71 -156 10 138 -118 -130 -126 99 131 -149 -141 -113 -76 -108 -60 28 -119 15 26 -42 83 -1 39 -2 -58 -88 -55 -63 13 103 -115 -67 -127 15 94 134 -22 129 -74 -25 -172 -51 -59 -70 -40 86 55 18 15 -98 145 18 -80 39 145 78 171 43 141 85 -23 126 -9 -48 158 -170 24 165 73 128 -100 -5 95 -151 -81 -142 ; 
24:94 12:44 31:123 9:35 23:91 24:96 26:104 19:75 21:83 52:208 9:33 36:142 18:68 20:76 34:136 23:89 13:51 36:140 33:131 11:41 26:102 21:81 3:11 18:70 4:14 20:76 32:128 22:84 18:70 9:35 32:124 16:60 31:123 39:155 8:32 54:216 30:118 37:145 8:30 3:9 38:148 20:76 9:35 26:104 21:81 22:86 27:107 19:75 34:132 16:64 9:35 3:9 10:36 69:273 40:160 16:60 27:105 20:78 30:120 30:116 5:19 20:76 23:89 14:52 19:73 39:153 34:136 4:14 26:102 22:88 9:33 10:40 21:83 34:134 18:70 15:59 14:56 43:169 14:54 27:107 4:14 6:24 21:83 20:76 29:115 32:126 13:49 4:16 43:169 17:65 27:107 12:44 29:115 2:6 14:54 33:131 12:46 9:33 11:41 12:46 10:38 20:80 8:30 4:16 41:161 16:62 32:124 11:43 21:83 22:88 12:46 14:54 17:65 38:150 40:156 15:59 11:43 39:153 11:41 3:11 22:84 8:32 2:6 31:121 31:121 40:160 11:43 15:59 34:136 57:227 24:96 39:153 36:142 4:14 24:92 12:48 18:68 3:11 6:22 35:137 23:89 23:89 9:33 13:51 5:17 36:144 32:126 23:91 9:35 27:107 36:144 20:80 40:160 2:8 14:56 8:32 5:17 10:40 37:147 2:8 8:30 14:52 2:6 20:80 32:126 20:78 15:59 16:62 9:33 47:187 30:118 10:36 14:54 31:123 33:131 2:4 15:59 7:27 9:33 19:73 16:60 11:43 78:310 21:81 16:64 6:20 20:76 2:4 16:60 28:110 22:84 23:89 3:11 14:54 16:64 65:257 1:3 42:168 13:51 36:144 24:94 ; 
L 25 -30 75 73 -5 -137 16 103 -97 128 -6 64 -28 -27 84 -118 -67 -66 -109 -53 -8 121 115 83 -59 141 -120 -145 -111 -128 123 -80 59 -61 -49 3 -15 -71 -29 -5 112 85 30 -4 -133 -112 -39 127 -47 112 143 101 -51 -139 23 -94 -62 100 118 87 29 -148 -93 -16 103 78 114 -19 66 98 50 -73 76 -97 8 91 9 -54 -101 7 -101 -5 -7 102 66 141 17 -93 82 26 -3 -105 -5 -72 146 -143 66 -20 -28 -29 113 -89 43 135 15 -63 -6 -72 -29 -145 -95 -7 -66 -132 149 35 143 108 107 43 -145 -121 -100 -100 -110 122 127 100 87 -34 114 -126 78 20 -48 -7 61 65 28 -11 6 111 68 -105 -115 -100 111 -135 97 60 -130 -67 141 -84 84 -130 131 83 -126 112 97 124 -121 19 78 -105 47 92 129 67 77 11 -143 19 103 -89 15 -68 -85 109 92 -112 84 -28 39 -28 -68 -42 -95 130 54 122 -135 -75 -40 -115 -44 -45 -145 138 ; 
44 50 93 97 43 4 28 53 2 77 4 58 55 5 10 40 86 4 3 60 63 17 91 25 39 38 53 8 15 43 85 26 97 19 2 77 54 90 67 1 24 42 92 100 54 23 8 66 29 85 29 11 94 1 28 58 22 1 17 92 56 4 35 7 93 85 32 21 71 47 78 96 39 65 24 66 67 54 16 89 24 59 6 45 41 98 3 8 57 49 78 38 69 67 94 81 96 32 78 7 46 25 52 83 5 43 23 59 37 4 76 56 54 68 50 2 44 72 42 16 50 32 59 83 58 65 83 63 75 61 99 94 8 60 77 49 66 90 9 3 87 72 22 77 54 2 1 81 21 21 29 25 79 2 38 27 73 39 37 55 89 22 2 26 37 69 81 33 79 58 64 4 11 52 28 12 73 54 10 44 53 77 60 42 78 63 38 38 67 59 57 76 11 1 11 10 39 89 41 68 16 ; 
L 108 107 5 71 -66 19 -167 -156 97 146 -62 -28 17 -91 -101 -101 -5 -7 -137 16 103 94 -23 -97 122 -121 143 101 -15 -43 -135 66 -157 -9 -93 166 82 -121 154 122 -87 92 145 115 83 128 -158 100 -112 84 -28 97 100 68 110 172 -105 -3 102 -111 -78 -171 89 83 174 105 109 92 -76 -6 -6 -30 -85 -4 -112 -87 -126 68 28 -39 -40 -165 3 -15 143 25 -30 -28 -27 84 -42 67 85 68 -164 72 72 5 -124 118 -47 -151 -100 -39 -130 173 61 127 163 120 -141 8 78 -29 -5 148 161 -43 121 -168 -97 -112 126 -159 -28 -145 -155 -29 -112 -67 141 73 -15 113 -149 132 -95 80 -59 -54 60 129 78 114 152 -29 47 -145 89 -135 -63 -8 -44 -143 66 169 -20 66 -153 -19 65 -53 66 -103 16 -130 -100 -127 -95 7 -19 -34 -112 -61 -20 -84 84 11 111 35 98 162 -26 67 -73 -111 -6 -130 131 -51 49 115 170 -75 139 141 -150 -160 -45 138 ; 
25:97 17:67 12:44 3:9 27:107 29:113 6:24 12:46 17:67 11:41 9:35 6:20 4:12 10:36 12:48 30:116 24:94 3:9 21:83 12:44 22:84 16:60 24:92 3:11 12:44 7:27 10:36 5:17 9:33 34:132 13:51 18:70 5:19 10:40 21:83 1:3 24:92 12:44 17:67 54:214 13:51 41:161 54:214 13:51 10:40 22:84 21:83 8:28 26:104 37:145 17:67 2:6 17:67 8:30 16:62 25:99 29:115 7:25 8:30 17:67 24:94 14:56 18:70 24:94 13:49 16:60 5:17 22:84 24:96 3:11 14:56 53:211 37:147 19:75 1:1 33:129 40:160 2:4 16:60 26:100 30:118 37:145 4:16 22:86 40:160 22:88 20:80 20:80 2:8 12:44 13:51 23:89 46:182 4:16 95:379 7:27 16:60 38:152 4:14 14:56 10:38 28:112 34:132 1:1 39:153 14:56 4:16 20:80 38:152 18:68 22:84 14:54 47:187 16:62 22:84 27:107 35:139 8:32 9:33 0:0 28:108 36:142 22:88 8:28 19:73 4:12 13:49 13:51 57:227 11:41 32:126 1:1 9:33 10:36 8:28 20:80 17:67 38:148 34:136 31:121 4:16 29:113 27:105 13:51 22:84 4:12 25:97 13:49 19:73 29:115 17:65 5:17 21:81 36:140 39:153 5:19 8:32 33:129 17:67 2:8 14:52 22:88 28:108 26:102 38:148 16:62 26:100 26:100 24:94 1:3 8:28 14:54 21:83 30:118 21:81 11:41 16:60 20:76 6:24 8:28 6:22 31:123 59:233 13:51 30:120 22:86 29:115 27:105 30:116 18:68 31:121 6:22 9:35 40:158 14:54 26:102 19:73 48:188 4:12 30:116 7:25 ; 
L -88 16 -49 143 -83 73 -150 -79 -96 -19 38 19 -125 70 135 -148 -3 86 30 -64 -19 -1 131 -49 -133 95 23 34 53 -135 123 135 -87 -34 25 32 99 -109 -127 36 -45 -130 122 -63 -95 -111 134 -86 7 135 -62 106 27 -109 -47 -67 -121 -21 103 140 -142 86 -81 -78 -24 -86 87 -35 116 140 13 -13 -76 54 28 -87 -49 -110 -80 93 9 -16 -88 148 -35 -4 79 105 -48 -10 82 29 -120 -94 -46 81 101 -50 -53 -50 -105 112 88 -115 -147 60 129 94 -123 -51 22 -84 -10 -12 -16 -74 127 -107 52 -147 -4 49 -12 -16 -80 97 -101 51 113 72 -28 4 59 -59 81 15 89 -122 -127 -136 126 22 145 102 -112 -150 20 48 -42 -74 34 -2 21 -84 -150 52 24 -115 18 109 -17 -117 -14 19 96 -120 -135 -37 -5 18 -126 -55 -79 -39 103 82 30 -84 -147 -113 76 12 122 -45 -51 -44 61 -30 119 -43 69 112 -16 -92 137 67 -48 26 -24 57 ; 
37 54 88 39 4 70 28 41 93 83 17 42 56 42 82 14 46 78 3 91 87 51 29 17 17 47 62 64 84 68 27 34 16 63 11 53 96 77 53 91 11 96 12 26 25 11 60 23 37 63 67 5 6 50 36 55 25 21 15 55 14 68 43 89 81 91 96 6 21 10 98 2 77 63 16 17 73 16 67 50 93 55 84 32 74 89 86 96 26 51 25 87 68 87 28 44 30 41 90 44 28 33 2 99 83 62 81 44 59 42 92 21 27 53 69 14 26 91 45 10 52 49 56 2 3 5 30 65 70 91 56 72 92 65 99 2 42 60 52 59 16 29 93 38 44 22 20 43 25 75 83 48 29 13 29 53 58 88 45 99 34 33 87 2 94 79 34 36 40 89 2 99 93 44 39 45 16 63 9 87 46 2 31 11 53 15 13 12 33 4 89 46 57 27 85 65 38 66 22 39 62 ; 
L -101 -101 51 -127 -167 88 -1 169 80 12 -171 -49 38 -21 -109 -156 -18 115 -154 115 152 52 163 36 -79 88 24 103 -135 -10 15 -97 26 -160 -16 -27 -170 133 -140 -109 -129 -99 -32 131 -4 16 -122 112 -45 -51 -126 135 -24 -52 107 95 23 87 84 47 49 -54 113 147 -112 -50 164 22 30 -105 -158 -175 -174 34 -49 143 -83 73 168 42 -84 96 67 127 -80 5 37 12 -28 -92 25 -121 19 34 -2 16 21 157 -120 3 148 39 -116 -43 69 148 4 35 111 22 145 63 130 -117 -136 -76 59 88 12 -173 94 -155 95 -119 -35 87 16 74 24 -86 4 -112 105 -86 7 51 123 -72 -113 -135 30 -64 60 -150 61 46 94 -50 19 96 34 159 82 150 -122 -55 140 13 19 19 134 84 -166 -126 161 162 -18 -135 -70 172 30 81 89 76 13 109 -74 -150 20 81 -49 -9 120 -29 -10 -142 59 -53 -110 79 -48 123 16 151 48 -125 153 -127 57 165 ; 
8:28 8:32 26:104 47:187 30:118 11:43 48:190 16:62 17:65 2:4 3:9 42:166 22:86 13:49 18:70 14:52 32:124 18:72 40:158 53:209 48:190 2:6 28:110 16:64 36:142 4:16 5:19 10:38 18:68 25:99 23:91 28:108 6:22 36:144 22:86 21:81 17:67 33:129 6:24 31:123 12:48 25:99 39:153 7:27 18:68 17:65 26:100 26:100 2:8 22:84 3:11 11:41 38:152 23:91 18:72 6:24 25:99 12:48 9:35 11:43 12:48 22:84 32:126 35:139 16:62 28:110 28:108 12:48 10:38 1:3 35:139 8:30 8:32 33:129 33:129 16:62 2:6 28:112 9:35 35:137 54:216 34:134 9:35 13:51 14:56 17:65 16:64 5:17 8:28 16:60 12:44 14:54 13:51 27:107 20:76 12:46 1:3 23:89 40:156 10:38 19:73 28:112 32:128 4:14 36:142 49:193 26:104 36:142 7:25 37:147 38:148 2:4 2:4 18:70 23:91 7:27 44:174 23:91 39:153 27:105 3:11 24:92 21:83 39:155 1:1 22:86 8:30 50:198 21:81 18:70 34:132 20:80 14:52 34:134 15:59 26:104 17:67 43:169 37:145 16:60 20:78 37:145 21:83 13:49 33:129 16:60 12:44 38:148 2:6 34:132 16:60 16:64 38:150 23:89 25:97 10:38 35:139 40:156 9:33 44:174 8:32 12:46 30:116 29:113 18:72 29:113 2:4 43:171 33:131 32:124 12:44 8:28 6:22 7:27 31:123 4:12 6:20 48:190 8:32 25:97 4:16 16:64 43:169 28:108 2:8 9:33 12:46 10:38 32:124 23:89 13:51 7:25 24:92 16:64 12:46 16:62 12:44 2:8 14:52 27:107 30:120 ; 
L -27 -22 -127 -110 -112 118 -98 -124 -94 41 -142 132 -2 -95 -25 139 1 -107 63 -93 -2 17 -13 -17 95 85 31 -52 81 73 -7 145 -1 75 -70 43 -61 -130 21 -88 78 59 -11 59 63 94 87 -78 -85 114 -138 72 40 120 -42 -35 -81 -121 6 -138 83 117 120 129 -81 117 114 148 90 -120 61 -111 -19 67 6 54 97 55 -2 -120 91 90 -108 -122 145 61 -9 -68 18 33 -144 69 138 -38 -20 -13 97 105 95 -26 -102 34 -58 49 -123 123 -124 -83 75 69 -131 3 69 125 73 17 -92 -93 87 -126 -37 71 -66 -26 -9 122 135 99 142 123 -137 58 75 -54 144 -130 -37 150 -120 -132 30 -30 96 -54 -96 16 116 -15 77 -39 -115 -49 125 -58 -13 50 70 115 130 -119 136 -89 138 81 120 83 -22 -64 -61 -133 -29 117 92 -42 45 -136 137 -123 -82 42 -116 60 -87 -133 -26 117 35 -63 -14 -23 97 -76 105 91 -100 86 113 -126 58 20 ; 
43 57 1 8 51 29 46 3 53 7 60 37 100 35 29 75 37 16 69 74 88 29 18 84 10 81 49 76 59 50 13 46 78 80 76 1 13 92 23 79 85 96 31 17 92 38 57 66 17 79 19 10 83 67 75 36 39 77 34 98 86 39 7 28 42 10 67 29 47 70 79 99 25 97 59 91 79 30 73 62 41 1 18 50 70 68 83 86 25 99 65 42 64 99 2 16 29 59 93 83 33 6 46 14 59 66 17 34 77 40 81 5 24 75 62 90 91 26 63 53 95 12 69 89 53 20 15 28 5 92 85 64 74 34 6 86 41 93 30 50 15 15 36 85 66 84 21 29 63 80 16 33 60 60 87 39 81 86 32 89 26 73 35 8 9 74 28 54 72 55 13 96 62 80 91 62 100 5 17 55 15 14 15 15 89 41 85 88 17 5 93 73 84 31 100 91 85 13 44 46 61 ; 
L -87 -133 151 136 81 78 -105 -63 -110 160 171 157 81 83 59 -111 -19 132 168 -135 129 -137 119 81 17 -113 68 -150 174 -50 -70 -6 -166 -89 -2 -95 -112 118 -161 121 -169 -75 -58 99 142 -138 39 43 -117 -58 -30 96 -54 -132 -165 -69 123 -49 -97 26 88 -21 -82 15 -131 3 148 -120 -122 -170 -175 -42 -13 75 78 -87 54 -100 -138 -69 144 -18 -83 61 -125 49 115 22 125 73 -167 92 -85 -13 -6 -63 -58 133 61 -120 -59 -54 -93 -41 126 -155 -91 -64 -61 -120 102 -130 -1 156 -63 76 -26 124 -123 -114 9 -60 -97 144 107 -117 25 -130 -115 163 -164 34 -108 -97 -95 -159 67 27 85 52 -31 81 35 116 -117 120 117 -37 71 -66 -40 9 -61 105 -123 145 72 162 -130 -137 -29 -98 -124 -1 -153 -83 154 75 120 158 -70 -94 -14 -23 -87 -152 13 -120 -138 -145 -73 2 -142 116 38 -90 -173 22 -172 2 -20 45 -136 -17 26 -42 42 -77 58 20 ; 
27:107 6:24 23:89 10:40 22:86 25:99 3:11 8:28 16:60 30:116 1:1 35:139 29:115 42:166 7:27 52:208 10:40 14:56 33:129 9:35 42:164 50:196 27:105 27:105 36:142 8:28 4:14 11:43 14:52 10:36 16:60 40:156 25:97 18:68 6:24 14:56 2:4 12:46 12:44 26:100 30:116 27:107 30:118 11:43 2:8 31:123 20:76 40:158 46:180 35:137 12:44 15:57 34:136 65:257 18:68 12:46 16:62 24:94 20:76 22:86 16:60 32:126 3:9 30:116 10:38 2:8 1:1 43:171 2:6 5:17 3:9 34:134 25:97 17:67 13:51 27:105 22:86 4:14 36:142 26:102 17:67 7:25 39:153 58:232 27:107 24:96 14:52 8:28 18:72 25:99 28:108 7:25 42:168 8:32 14:54 55:219 14:54 6:22 22:88 6:20 32:126 29:115 5:17 48:192 23:91 20:78 19:73 19:73 40:160 6:24 4:14 19:75 34:134 23:91 49:193 21:81 30:116 24:96 7:27 25:99 28:110 21:83 42:164 30:118 42:168 10:40 36:142 3:9 13:51 6:20 28:110 3:9 38:150 18:72 27:105 6:24 35:137 10:36 19:75 22:84 31:121 6:24 16:62 21:83 38:150 5:19 2:8 19:75 5:19 28:110 19:75 18:68 34:132 14:52 11:41 12:44 42:164 26:100 56:222 12:46 30:120 15:57 2:4 33:129 21:81 10:38 6:22 32:128 13:51 50:198 35:139 20:76 28:112 2:8 13:51 38:150 40:156 46:180 48:190 9:35 18:72 3:11 12:44 5:19 12:44 2:6 46:182 23:91 18:70 24:94 14:54 19:73 25:99 4:16 3:11 16:64 34:136 40:156 20:76 19:73 25:97 ; 
L 144 36 59 117 -72 30 -25 101 77 97 -55 97 56 -53 27 37 60 121 133 132 117 27 -14 143 79 -44 126 -126 -53 145 116 94 43 -150 -88 55 20 -23 -121 77 -89 113 -91 112 59 -39 -17 -100 -52 41 -58 -90 100 137 -118 15 91 138 -124 -120 39 56 141 -26 -123 42 -87 -150 46 -127 -90 -125 -34 14 -61 45 101 -4 7 -37 -64 127 -16 75 121 -21 -122 -106 142 107 -111 107 127 88 -59 88 -110 143 -11 96 -140 38 -47 -139 36 -24 -68 -40 13 18 64 -130 116 135 112 -104 -65 25 -59 -95 34 25 -22 -80 74 133 70 -75 16 -49 77 17 79 37 26 -58 -100 -133 91 -25 72 -77 113 79 141 126 -30 16 -117 -89 -76 -114 -74 -115 -51 108 47 142 -113 20 32 137 -128 100 37 -44 -78 79 -16 -114 -37 61 96 133 46 104 13 5 -107 59 -9 -52 92 144 73 -86 131 -122 -131 121 49 24 -109 -51 101 -48 19 98 -100 -121 ; 
67 60 57 25 37 63 31 60 20 19 14 34 51 35 53 56 38 66 79 51 32 64 28 57 84 93 64 89 62 60 13 57 44 55 97 40 91 68 100 43 62 90 31 18 64 89 92 32 50 2 7 12 89 65 99 56 39 52 15 65 35 20 90 2 9 31 75 80 84 20 14 28 7 2 15 77 31 43 3 15 22 43 13 32 23 44 92 22 67 3 41 33 51 26 80 23 69 99 51 10 49 79 67 63 87 77 46 68 9 55 27 67 45 9 75 10 59 19 36 22 2 57 82 97 64 30 24 25 52 76 99 49 32 80 19 2 13 36 43 77 2 57 65 70 41 4 48 56 85 29 19 87 83 61 64 94 42 34 37 99 97 43 24 62 49 18 45 1 21 25 68 59 59 98 89 58 20 51 79 65 86 35 28 33 65 65 43 69 50 21 52 95 35 65 21 3 60 45 69 72 45 ; 
L 96 -42 41 100 137 127 -16 95 92 -77 -79 107 -107 74 -79 -58 56 77 34 116 121 -174 133 -16 -25 -154 123 26 -127 -45 75 -170 64 124 23 91 -104 171 91 -9 158 59 151 -55 97 -150 155 -150 16 121 160 116 27 -135 -26 -37 138 -140 38 -47 -30 72 -7 61 96 78 44 166 91 -25 -142 101 100 106 -157 59 -74 60 121 133 18 141 126 -159 -87 -144 172 -52 -49 17 167 168 -113 143 101 -113 130 -145 -37 114 -115 -51 108 47 -118 131 53 21 173 88 -110 164 -36 112 -80 127 -139 -40 13 -14 126 -126 44 -79 133 13 5 122 -109 -79 14 -152 175 56 141 -107 72 -77 52 68 24 -86 -53 101 114 133 -112 -20 88 88 -59 -111 161 -34 -4 -131 11 122 -37 -100 128 -137 132 117 27 156 -163 90 -37 98 -144 153 59 64 -117 -89 -76 117 70 143 43 -32 -48 162 -46 -94 100 75 -17 -169 -20 113 -142 -121 39 -39 165 120 -100 -121 ; 
23:89 28:110 4:12 3:11 26:104 34:132 6:20 4:12 12:44 3:11 11:43 17:67 21:81 30:120 7:27 12:48 5:19 28:110 12:48 53:209 26:102 11:41 7:27 26:102 23:91 9:33 11:41 4:14 4:16 18:72 4:14 15:57 12:48 48:190 24:96 17:65 26:100 18:72 26:102 25:99 24:96 38:152 20:78 9:35 14:54 13:51 31:121 20:78 27:107 6:22 29:115 26:104 23:89 17:65 8:30 8:30 15:57 16:62 32:126 27:107 64:252 26:100 17:65 8:28 24:94 56:220 18:72 6:24 14:56 31:123 1:1 44:172 6:22 22:88 14:52 22:84 40:158 36:144 27:105 32:126 42:166 5:17 2:6 7:25 16:60 6:22 12:46 41:161 41:161 8:30 6:22 24:94 6:20 8:28 16:60 6:24 18:70 20:76 15:57 25:97 22:84 26:102 38:150 17:67 13:51 16:62 12:48 62:248 18:68 14:52 28:110 38:152 6:24 9:33 16:64 42:166 12:44 4:16 4:14 41:163 34:134 36:142 26:102 38:148 21:81 12:46 21:81 13:49 6:24 32:128 12:44 28:112 23:89 5:19 14:54 18:68 2:6 23:91 14:52 22:86 19:73 22:86 11:43 18:72 20:80 27:105 13:49 18:72 14:52 33:129 43:171 23:91 1:3 19:75 6:24 10:40 13:49 6:22 4:14 15:59 25:99 10:38 10:36 13:51 26:102 26:100 14:52 34:132 5:19 34:132 30:116 12:46 30:116 34:132 10:38 12:46 8:30 15:59 1:1 11:43 3:9 29:115 34:132 13:49 8:28 19:75 10:38 15:59 32:126 30:118 2:6 40:158 15:59 26:104 15:57 5:17 28:108 18:68 32:124 29:115 18:72 ; 
L -53 21 -138 -121 138 38 14 24 -86 88 2 -55 90 -102 -15 98 -71 97 -128 117 147 -132 -103 -137 -102 56 134 -128 -19 -93 24 -113 108 -61 -6 148 141 -45 50 -111 -101 127 56 14 -2 -142 85 -57 -50 126 45 106 -112 96 -99 -133 100 86 -73 -57 110 -80 -82 -36 118 -25 -135 131 87 136 -21 69 35 -110 88 -60 -108 -15 102 -39 20 83 83 -74 8 -1 83 4 -134 96 -83 -23 -99 48 -15 145 -148 36 62 106 74 -78 74 16 -27 -95 82 146 127 87 112 -20 57 104 114 127 30 134 -10 31 58 -21 61 14 -8 -60 26 -101 -125 -127 -76 -116 90 -84 -131 105 45 129 130 -142 31 -104 118 -33 -115 102 -136 -141 111 7 54 67 11 -113 26 54 -24 146 36 -108 97 -138 146 83 -16 41 -124 26 -105 63 120 -10 -61 67 13 33 -6 107 -16 -55 54 -137 114 85 -77 -21 -145 -16 -69 141 -119 -92 108 -51 80 -19 80 -2 11 -120 ; 
43 91 100 2 75 95 1 32 47 8 14 28 76 88 60 15 73 51 33 20 37 63 60 100 78 17 48 78 12 62 68 31 83 67 87 25 17 23 76 71 80 87 96 13 79 24 22 41 75 82 77 67 94 94 12 50 9 28 22 18 31 12 58 98 15 4 70 43 54 83 26 25 47 88 96 16 81 55 76 54 8 58 17 16 74 91 98 87 78 27 94 16 24 77 90 76 54 16 37 63 38 61 7 69 6 74 40 60 44 31 20 36 17 63 97 41 29 44 66 83 7 99 32 42 19 25 5 11 11 23 62 20 8 43 20 59 63 64 15 31 86 89 53 28 16 80 27 24 22 4 2 64 69 75 39 64 56 47 64 10 36 19 19 35 93 45 10 41 95 65 82 13 61 86 35 2 72 76 12 82 10 70 25 5 77 72 53 91 28 31 30 86 88 49 34 22 41 10 20 89 63 ; 
L -86 -156 -127 -162 -114 83 114 -153 -121 138 93 171 15 -60 142 -45 25 102 -138 69 76 -26 104 56 134 -141 -97 -36 11 74 169 4 -2 168 165 -132 58 136 -90 116 149 -30 26 -106 -173 131 87 -56 131 87 161 38 24 -86 88 130 96 101 -83 -6 148 54 -154 113 67 -83 2 108 -63 -55 35 -7 172 -16 -55 -107 -110 73 -21 -142 85 -57 136 -134 96 99 23 83 48 137 -106 160 158 1 -8 74 24 16 95 -20 151 150 -16 102 -167 -45 141 -155 141 78 -21 85 112 13 -80 113 -24 2 105 80 115 118 -146 -105 -36 -145 138 -21 53 -83 137 128 51 135 -126 50 129 15 -104 -108 92 119 -82 10 50 -111 -101 77 -57 163 -166 -82 -27 -90 120 -164 36 170 -20 157 159 -45 -15 127 80 6 -33 99 31 102 19 10 -134 -124 -146 108 -54 74 152 -61 21 -71 -128 117 88 16 -84 39 147 -54 -19 67 -61 112 61 14 -60 118 11 -120 ; 
16:62 35:137 15:59 25:97 22:86 23:89 15:59 2:4 47:187 30:120 42:166 22:86 19:75 23:91 30:118 41:161 37:145 28:112 29:115 5:17 14:54 22:88 14:56 12:46 20:76 19:73 19:75 3:9 21:81 34:132 6:24 4:12 7:25 22:86 33:131 31:121 23:91 38:148 26:104 4:12 8:30 7:27 23:89 15:59 22:86 25:97 22:84 12:46 14:56 22:86 16:60 15:57 9:35 19:75 4:12 3:9 6:24 6:20 21:83 29:115 10:40 18:72 16:62 39:155 8:30 22:84 17:67 40:158 20:78 20:78 10:38 12:48 18:72 10:40 33:131 3:9 32:126 6:22 10:36 5:17 9:35 17:65 7:27 31:121 11:43 31:121 10:38 7:25 38:152 5:17 14:56 10:36 12:46 11:41 37:145 30:118 4:16 39:153 8:28 50:196 4:12 13:51 24:94 12:46 19:75 19:73 16:64 14:52 12:44 5:19 13:49 6:20 20:78 22:86 11:43 48:192 13:49 24:94 18:70 12:48 17:65 22:88 23:91 26:104 20:78 20:76 8:32 40:160 37:145 15:57 41:163 16:64 3:11 37:145 23:89 33:131 13:51 41:163 30:118 17:65 36:140 35:137 8:28 16:60 26:100 29:113 32:128 18:68 42:166 16:60 2:4 35:137 12:44 16:60 12:46 4:14 11:43 34:136 21:81 7:25 7:25 16:62 25:99 40:156 24:96 4:14 29:115 28:110 31:121 31:123 32:128 2:4 27:105 63:251 50:200 10:40 23:89 26:104 16:60 16:64 20:78 12:46 9:35 8:32 38:152 10:36 35:137 10:36 28:112 16:64 14:54 8:32 21:83 37:147 5:17 17:67 4:12 10:36 41:161 36:142 26:100 ; 
L -75 -96 1 -13 -110 -145 135 122 -117 9 59 149 -16 -65 -90 -112 77 96 16 42 9 47 -45 -22 -140 35 -52 -41 43 -114 115 -121 143 130 129 78 -138 50 12 34 78 -144 81 15 37 13 -69 88 46 -13 -12 -38 123 -89 131 26 -50 62 108 -147 -15 -58 -4 -99 -24 24 -31 -77 63 -123 44 -42 53 80 38 14 117 -73 20 -103 11 96 -31 -94 -76 -92 -76 -106 -117 98 -70 -126 -147 34 124 -76 -56 124 76 135 -108 -62 74 60 -45 39 76 -54 -15 141 110 -83 -49 -61 46 -147 -101 105 66 -141 -5 -105 67 -17 -135 126 -85 40 65 97 -112 -137 13 69 55 14 -7 -28 84 63 145 133 118 134 -76 -98 -72 94 -119 97 -100 -121 -93 110 57 -102 47 23 -51 120 -143 108 89 126 -5 -62 -121 -88 27 109 66 -114 143 -63 -20 -110 -36 107 -19 -5 72 -19 54 -142 68 -66 -120 -33 13 -130 -56 -49 74 -34 89 110 -30 -100 35 -126 ; 
77 57 90 28 25 25 71 48 82 27 15 73 39 12 56 30 100 3 16 34 4 34 37 63 28 38 56 11 50 74 49 37 69 37 38 33 99 94 90 10 44 54 34 74 89 70 81 31 69 99 24 91 35 25 32 51 71 78 59 32 72 25 7 8 38 31 43 65 52 12 16 31 13 83 37 79 93 62 62 90 74 20 40 6 22 78 95 28 37 16 95 27 2 77 66 16 32 91 23 52 18 100 5 47 47 17 59 61 48 51 34 3 4 29 79 74 12 90 53 28 78 21 1 87 29 80 2 54 92 34 17 24 17 76 42 89 55 13 84 4 78 27 39 27 96 94 67 47 29 18 90 58 2 42 48 77 7 70 99 15 41 82 72 16 66 59 33 28 69 65 99 65 61 74 10 8 75 1 90 68 76 100 40 47 4 96 91 13 90 16 40 83 93 18 79 18 47 66 98 9 75 ; 
L -75 -96 92 143 -76 1 81 15 26 63 108 -135 72 84 -5 -62 -169 -78 -94 -14 74 -130 -159 -77 112 90 -153 65 16 -149 -72 156 -88 24 99 40 -5 -166 -170 -131 38 122 171 -50 130 97 76 -121 -108 126 -123 -42 53 80 -154 66 -27 -49 23 42 118 108 133 163 -73 20 -103 70 65 -105 -142 155 16 -51 161 120 -143 164 -13 -12 123 -124 -34 -89 -106 -89 47 -105 101 -46 17 -109 69 -52 -13 168 141 -66 -36 -117 54 -60 -98 107 147 -30 -28 -14 110 15 41 173 9 162 -165 -157 74 -96 -11 -110 -62 -55 56 174 -35 -97 69 -20 141 -83 -76 160 144 -93 -96 -126 -135 -98 -5 -56 76 -120 -33 13 100 7 4 13 172 54 -76 -39 37 -135 -68 47 -31 -77 63 67 66 -114 -121 143 -78 -34 -45 -22 34 -43 31 -121 119 -145 -100 -137 158 13 -152 24 140 102 -167 -110 -114 115 -85 -112 49 124 -126 -63 61 134 138 62 150 35 151 -126 ; 
31:123 23:91 16:64 22:84 13:51 8:30 12:46 30:118 37:147 32:128 24:96 8:28 37:145 25:97 14:54 24:94 4:16 22:88 16:60 17:65 21:83 33:131 4:16 38:152 40:160 12:48 10:40 30:118 5:19 16:62 14:54 41:161 22:88 26:100 16:60 22:88 14:56 12:46 3:11 18:68 48:190 6:24 39:153 22:84 18:68 12:44 17:67 14:52 22:84 24:92 32:124 3:9 6:20 34:132 10:38 38:148 25:97 21:83 7:25 10:38 27:105 18:70 26:100 36:142 3:11 25:99 36:144 30:116 16:62 45:177 14:54 17:65 4:16 44:174 25:99 14:56 17:65 42:166 22:84 10:38 45:177 29:113 27:105 10:36 39:155 20:78 21:83 4:14 36:144 0:0 16:62 32:128 46:182 14:52 22:86 14:52 15:57 12:44 43:169 43:171 67:265 36:142 22:86 54:212 19:73 30:116 34:136 24:92 22:84 10:38 9:35 4:16 10:40 40:160 25:97 21:83 23:89 20:76 8:32 20:78 26:104 17:67 18:68 13:51 38:148 25:97 4:14 19:73 11:41 14:54 26:100 28:112 32:128 7:25 3:11 38:150 28:108 44:174 20:76 12:44 45:179 19:73 6:20 36:144 22:86 48:192 24:94 13:49 14:54 14:52 25:97 24:94 3:9 13:49 26:104 22:84 36:142 26:104 21:83 14:56 43:169 26:104 32:124 28:110 14:54 18:70 18:72 26:100 14:54 9:35 13:49 2:4 4:16 5:19 11:43 18:70 11:43 2:4 67:267 14:52 7:25 6:22 23:89 18:68 49:195 20:78 12:48 9:35 4:12 33:129 22:86 11:43 24:92 8:28 31:123 50:196 35:139 40:156 6:20 35:139 30:120 ; 
L -127 9 145 134 -10 -104 -10 -145 59 14 -40 -80 146 87 94 -105 -51 -92 128 -4 -84 81 132 -131 -84 -20 -115 -54 -102 42 20 -5 17 -150 124 -25 7 -88 107 15 13 71 122 -99 -124 13 -122 64 50 89 89 84 -19 -134 71 95 -111 -121 123 100 110 8 127 87 40 81 -27 76 -86 139 -54 -21 95 32 -110 -71 -121 96 56 -103 -25 -80 100 -128 129 39 -107 -66 87 102 -93 -53 73 -107 144 -68 -106 33 -147 99 46 -98 100 -106 -29 90 67 -1 137 -22 -16 -149 -86 29 20 82 138 -109 -26 133 75 -146 -106 55 -56 20 -22 -99 -145 -43 -70 -134 96 -102 -139 -14 -126 -68 59 12 -112 -98 130 -105 -121 -126 -9 103 23 -99 -22 26 -62 13 -46 49 -70 -107 -111 -89 79 -42 65 -115 -128 71 -20 -122 -129 -113 -31 60 -65 147 -76 144 -81 53 58 -102 -20 147 67 48 -48 110 73 -30 27 97 113 -110 -123 22 -73 -106 -109 -3 6 116 ; 
36 14 76 47 71 47 70 24 75 40 95 15 75 79 41 4 42 8 51 12 80 4 93 93 18 18 82 11 92 45 84 1 18 72 73 75 75 64 13 85 40 84 16 67 32 7 66 15 20 71 10 76 8 57 75 19 96 23 4 26 59 72 78 95 68 25 86 35 4 90 43 17 60 94 7 37 43 88 76 9 77 81 34 20 89 70 81 17 54 75 32 81 89 71 55 68 5 90 24 9 100 35 83 83 62 16 56 85 60 34 86 24 11 41 53 85 5 58 28 57 12 76 3 31 7 78 28 53 12 49 70 25 95 23 23 47 24 6 82 98 90 40 36 49 27 98 85 81 5 88 95 55 69 7 24 26 12 17 29 73 23 35 58 26 88 15 36 70 33 57 10 21 8 71 50 38 31 1 52 35 13 5 4 47 100 38 26 55 53 82 85 16 81 90 42 33 59 46 70 56 48 ; 
L -127 145 -88 -76 -81 -159 -65 147 123 -8 54 -139 -106 -99 110 -58 48 -102 134 40 68 13 -19 169 -9 23 87 10 -89 -89 -50 -129 -96 134 154 -162 -17 -156 22 -137 -170 1 -67 99 5 111 -104 84 151 121 110 -21 95 32 -84 -20 -115 126 -146 122 -29 90 126 -160 98 73 124 -70 -107 -66 -145 -149 -86 20 81 76 64 86 -95 134 110 133 30 25 54 121 59 55 -56 20 -4 144 138 -59 -155 -106 -127 -112 -115 7 153 -152 -171 106 -62 68 -128 13 -123 132 6 -20 20 -122 105 -167 14 172 99 -168 128 -10 -53 31 113 -124 -163 99 73 12 3 174 -102 73 -40 -145 14 -67 161 -97 121 -71 42 -147 60 105 -70 -139 48 84 46 -22 -109 147 80 25 113 -111 79 -42 46 -98 -175 -65 -128 103 -107 -166 -106 -173 129 26 -39 93 22 -53 110 -158 71 56 -164 150 165 22 -26 107 87 -81 16 102 -51 -92 -102 -87 -100 20 15 13 116 157 ; 
15:57 8:30 21:83 27:107 23:91 3:11 29:113 29:113 3:11 32:128 11:43 18:68 21:81 18:72 29:113 19:73 5:17 28:108 18:70 8:32 17:65 8:30 20:76 30:118 14:54 13:51 9:33 13:49 13:49 4:16 29:113 13:51 25:99 38:152 21:83 14:52 17:65 9:33 8:32 14:54 2:8 34:132 34:136 23:91 2:4 4:14 13:49 46:184 12:48 36:144 18:72 11:41 24:96 38:150 34:134 8:28 33:131 17:65 22:84 21:83 17:65 7:25 18:68 14:52 5:19 28:112 12:48 17:67 12:48 7:27 30:116 6:20 5:17 26:104 22:86 13:49 3:9 5:17 14:52 37:145 13:49 10:36 4:14 24:94 24:94 13:49 5:19 15:57 3:11 32:124 20:78 42:166 33:131 39:155 40:156 1:3 20:78 19:73 32:124 30:118 38:150 3:11 17:65 13:49 11:41 4:12 10:36 29:115 31:121 28:108 23:91 42:166 48:188 15:59 12:48 32:124 6:24 19:75 32:124 17:65 8:30 23:89 29:115 19:73 4:16 11:43 18:68 21:81 62:246 18:68 7:25 13:49 30:116 15:59 29:113 25:97 21:81 29:115 10:38 29:113 28:108 6:20 12:44 13:49 21:81 22:88 13:51 14:54 40:158 16:64 4:16 14:52 22:88 11:41 15:57 33:129 46:180 14:52 23:89 14:56 57:227 14:56 28:112 27:105 30:118 14:56 10:40 8:30 33:131 44:176 34:134 19:73 32:128 26:100 12:46 41:163 8:28 18:68 16:62 12:44 3:9 51:201 42:166 44:176 26:102 19:73 47:187 34:134 5:17 49:193 29:115 4:12 26:102 30:120 5:19 21:81 9:35 16:64 26:104 25:99 8:30 ; 
L -18 110 54 49 -115 -5 -33 50 127 55 -7 -63 -76 131 139 -70 12 -88 -41 79 85 -98 -129 96 -83 -113 137 130 32 -127 15 8 56 125 89 130 -72 -44 -66 -120 12 3 33 54 -44 -47 61 139 52 -93 126 70 -134 63 51 73 -36 68 143 118 97 -41 -46 85 -27 61 -91 -59 -18 125 28 94 128 -2 -131 54 116 117 75 -44 -21 -81 87 -104 -127 38 33 84 -55 -9 96 -50 58 118 80 41 40 148 -48 -125 147 -90 60 112 101 40 142 -79 -77 -145 38 -76 -2 -108 40 -15 -78 14 -106 -23 64 115 -87 -5 123 112 -3 -80 -6 -107 94 121 99 75 129 11 19 -14 34 -40 -37 -18 -108 138 110 -82 -92 -122 139 -117 -139 -87 -50 -16 -79 -22 30 110 -81 140 -54 94 134 145 7 -149 -31 -93 77 -83 -126 98 86 66 73 8 58 33 -52 107 -27 46 -52 12 98 -2 -9 90 2 -128 145 124 102 -25 106 26 36 -38 76 38 ; 
40 46 55 47 43 63 44 34 47 95 58 86 14 38 91 43 9 46 16 44 52 60 21 42 96 25 72 60 29 78 47 91 13 85 94 28 61 41 81 24 8 92 97 5 61 11 26 16 12 50 52 94 7 73 28 69 46 79 68 1 70 29 86 3 67 49 57 1 47 78 69 20 10 10 29 77 31 93 25 68 81 86 100 94 42 30 30 43 82 91 57 61 18 89 73 56 42 57 5 15 44 72 37 56 34 23 22 24 65 48 71 43 53 88 77 12 17 34 61 4 72 38 27 42 67 86 9 9 56 63 14 16 28 8 91 83 56 17 26 71 51 84 36 37 17 77 83 18 72 83 8 29 44 14 74 91 40 98 87 11 14 72 98 88 36 74 17 78 68 26 35 61 76 52 11 78 9 39 92 63 87 17 57 59 27 47 94 16 97 23 17 88 76 54 89 69 6 93 5 77 94 ; 
L 27 -12 -18 110 49 -5 -130 83 -96 129 98 -127 76 -148 -124 -139 156 -9 -87 130 54 47 44 164 61 -127 174 -5 -41 79 85 -85 -165 41 -112 37 -34 14 -162 -19 -11 -129 -75 -121 -140 -154 -153 -52 23 88 -16 -79 -160 -167 55 -68 -72 -98 -96 107 113 -172 -170 -64 -91 -59 -166 -41 -118 -79 90 -147 -52 134 128 -2 -131 -36 -33 -3 -93 73 8 21 -36 18 -149 84 143 12 9 -40 -2 -108 -6 -2 -90 52 -93 -145 3 161 94 -38 -97 -118 117 -44 63 51 169 -81 -139 106 -14 -26 -159 145 50 31 2 102 -40 -7 -63 -56 60 158 -89 -125 83 -128 171 101 -54 -87 125 22 104 -138 38 157 32 -155 78 15 82 -110 116 -92 -77 -106 -152 -150 80 58 33 151 -173 -73 76 115 -87 -33 50 55 -126 -125 -142 -168 145 30 15 163 -18 -122 -117 -12 -134 -38 -66 -77 -94 -137 -27 110 -81 139 108 86 -8 28 48 25 -94 54 33 7 76 38 ; 
9:35 10:36 22:84 19:73 37:145 12:48 35:139 2:8 39:153 17:67 9:33 14:52 7:25 9:35 20:78 6:20 21:83 24:92 25:99 13:49 3:11 19:73 5:17 32:128 28:108 12:46 16:60 28:110 2:8 18:70 21:83 18:70 28:110 14:54 14:52 26:102 16:62 11:41 11:43 34:132 23:89 34:132 37:145 10:40 5:17 37:145 11:41 32:128 10:38 11:41 8:28 30:118 14:54 32:124 20:80 17:67 40:156 24:94 27:105 32:128 27:107 16:62 3:9 23:91 5:17 1:1 33:129 32:124 50:200 14:56 27:105 29:115 18:70 43:171 21:81 4:16 12:46 36:142 16:64 39:155 26:104 27:107 32:124 33:131 32:124 1:1 30:120 8:28 44:172 1:1 42:164 9:33 18:70 36:140 20:76 23:91 39:155 11:43 20:80 14:52 20:78 17:67 26:104 14:54 13:51 28:112 6:20 36:140 23:89 12:44 2:8 62:248 37:147 15:59 25:97 17:65 20:78 38:152 2:6 35:139 51:203 26:102 26:102 20:80 35:137 21:83 9:35 19:73 15:57 38:150 16:64 24:96 12:44 39:155 13:49 22:86 7:27 34:132 62:248 35:139 16:60 7:25 21:81 21:83 10:40 7:27 24:96 31:123 7:27 18:70 16:60 8:30 16:60 14:56 22:86 5:17 16:62 16:64 25:97 22:88 39:155 16:64 11:43 22:86 14:54 36:140 16:64 34:134 16:62 16:60 4:14 12:48 46:182 24:96 8:30 13:49 29:113 7:27 24:92 78:310 13:49 29:113 3:11 28:112 37:147 7:25 35:139 29:113 25:99 40:158 4:12 30:118 9:33 28:112 27:107 29:115 6:24 11:41 28:110 31:123 38:150 ; 
L -19 -128 50 35 -45 135 43 11 -126 -59 -136 -6 64 -69 21 -64 -132 17 62 91 61 97 -95 -82 -82 -149 149 143 -39 -132 49 -89 -1 89 26 135 58 119 -58 -105 91 -71 -46 72 -82 -77 46 59 -89 72 14 -3 -3 -148 -4 31 74 -130 -137 -123 44 -97 92 74 89 10 67 9 56 69 -26 18 -97 59 -94 -102 -45 -58 -124 102 57 81 95 -102 -39 -9 -76 74 -18 -56 44 -138 -39 9 84 -72 121 -93 -70 -19 98 5 34 -71 -150 4 -31 -140 89 -58 31 122 -128 -72 140 124 -51 122 67 134 -114 1 -17 -11 116 76 -131 -19 7 88 90 -32 -5 -52 -83 28 123 -2 150 135 -138 27 -4 88 -32 -103 -105 107 120 -29 -139 -24 101 -99 -44 -92 68 -31 -35 132 19 -91 78 6 98 -125 -52 -128 62 -112 148 70 3 22 -120 -114 -97 61 123 93 135 110 -5 -71 -54 -14 -100 100 -11 -35 -68 55 -22 -27 136 -119 2 -7 142 29 ; 
85 17 11 73 79 18 40 45 63 76 65 89 5 50 28 15 6 99 34 12 10 49 96 93 56 88 78 30 18 30 24 19 73 3 17 95 77 46 14 25 53 67 20 97 18 12 3 45 79 49 12 45 80 42 94 96 86 61 71 10 59 26 73 1 18 65 54 35 69 77 68 62 2 79 88 90 28 86 32 54 71 57 51 35 17 9 47 22 83 20 12 2 19 99 25 98 87 33 65 85 98 15 64 63 67 87 73 45 25 47 84 90 32 84 57 99 46 5 64 98 100 87 3 8 97 100 50 35 92 65 7 5 56 82 15 36 24 67 14 36 27 66 3 68 49 90 46 72 80 43 78 79 47 67 90 85 68 36 58 81 10 71 14 64 83 23 96 15 70 87 4 53 29 55 74 53 74 55 54 9 99 36 8 42 72 31 100 33 59 29 67 54 79 48 36 18 13 82 28 15 9 ; 
L 57 95 -102 -174 71 -74 -58 -6 -26 -89 -3 -88 68 -28 161 155 89 -150 11 -120 -160 -3 34 168 -27 -11 -72 140 -162 19 -92 135 22 -97 -32 32 -135 -78 120 -3 72 82 -150 2 88 18 -74 -19 7 17 94 -97 71 156 44 -172 31 -122 -55 68 -93 -123 136 1 -35 -50 -138 67 119 132 -163 -35 -58 26 -173 -114 -102 -74 -39 105 -167 -59 -64 -159 -45 -59 -140 153 -91 -128 134 -70 -69 -52 -175 -27 136 -119 39 -125 -22 -44 77 -157 -170 -124 -18 -46 132 2 -7 83 -165 62 164 31 -151 -90 123 -49 -4 -97 -143 -149 -130 -116 114 76 148 -29 51 -149 -135 -72 -93 -10 -5 107 -110 -91 154 89 -70 -19 -95 -9 -58 -45 128 -91 -9 -76 131 -44 31 -126 -59 -35 56 98 -69 52 5 -148 -132 -92 -61 99 -71 169 4 -97 135 105 -31 21 -64 72 -138 -102 -61 9 84 158 -4 112 19 56 -171 -82 -82 14 54 100 -152 101 -166 -139 142 29 ; 
34:134 30:116 14:56 9:35 8:32 5:19 1:3 28:110 10:40 7:27 4:16 12:44 30:116 4:12 10:40 18:68 9:35 25:99 36:140 35:139 28:112 22:84 64:254 10:40 18:68 18:70 24:92 23:91 56:220 5:17 10:36 15:59 18:70 45:179 24:96 27:107 14:52 24:96 21:83 7:25 31:123 12:44 34:136 6:22 17:65 18:70 34:132 6:24 37:147 45:177 46:180 31:121 13:49 5:17 36:144 14:56 3:9 35:139 7:27 22:86 60:236 4:14 47:185 30:116 30:120 30:116 6:22 18:70 25:99 7:25 5:17 15:59 32:126 25:97 2:4 43:169 4:16 31:121 14:56 4:16 29:113 21:81 7:27 33:129 29:115 29:113 38:152 40:156 20:78 26:104 10:38 19:75 37:147 26:102 14:54 41:163 15:57 8:28 10:36 11:43 37:145 10:36 18:72 19:75 13:51 20:80 17:65 25:97 12:48 8:32 33:131 9:33 19:73 26:104 30:116 13:51 4:16 5:19 18:68 19:73 49:195 18:70 5:19 12:48 24:92 13:49 35:137 40:158 5:19 11:43 15:57 21:81 21:83 38:150 30:120 13:49 20:76 12:44 46:182 31:121 18:68 27:105 7:25 40:158 16:64 28:108 8:30 24:92 19:75 29:115 21:83 19:75 17:67 22:86 34:132 39:153 31:121 23:89 10:40 24:96 12:48 36:140 33:131 5:17 13:49 26:104 11:43 27:107 34:132 30:120 16:60 26:102 31:121 27:105 24:96 26:102 6:24 16:60 6:24 13:51 9:33 4:12 10:40 22:86 25:97 64:254 36:140 19:73 15:57 45:179 23:89 41:161 13:49 34:136 28:112 25:97 17:65 43:171 9:35 6:24 4:14 ; 
L -128 25 -110 143 -127 -139 -145 80 -101 -40 125 71 18 -13 8 -99 -18 -137 47 15 11 -110 29 54 -35 -89 63 -78 -44 36 -132 -38 -5 37 -3 140 134 29 125 -31 118 -44 -108 -68 94 -117 77 -112 -145 144 -75 73 -95 -132 27 28 101 -104 -124 54 -146 85 95 40 69 -64 -72 134 47 -2 39 107 22 -99 26 -53 147 19 2 -92 -69 -94 -63 -100 -59 -56 -98 130 -7 5 -69 -122 100 6 -48 -100 -97 -40 -13 122 150 49 38 -105 17 59 36 150 -75 -150 139 17 56 50 37 31 147 118 149 -38 64 -71 53 99 -21 -37 -31 150 25 71 89 -81 100 -122 -39 63 -45 -6 90 -123 -7 -44 -94 -11 -146 -136 -66 88 -81 -51 -136 121 -41 -134 -50 -109 -148 59 144 -149 44 -138 -122 132 80 -77 -56 9 34 -30 74 -76 -121 21 95 41 115 -78 34 -17 -15 79 128 141 129 -86 142 114 40 64 49 91 97 32 -113 5 143 -78 -74 86 ; 
78 65 3 7 73 96 19 88 38 11 55 10 23 29 9 91 74 45 51 10 80 51 11 71 22 52 13 96 24 60 85 73 69 85 39 63 39 96 40 42 29 91 48 8 93 83 29 22 65 91 88 60 80 92 62 37 53 100 45 65 32 44 1 55 46 14 93 67 76 83 61 74 46 18 64 75 67 29 37 2 6 51 5 38 33 5 57 69 49 84 42 75 50 15 93 15 61 65 60 52 33 14 77 20 90 73 37 81 72 23 51 57 23 60 53 26 71 70 63 19 92 87 20 62 88 60 39 12 35 97 82 15 95 74 93 37 32 18 83 62 24 83 63 78 84 53 89 30 21 22 26 65 51 1 59 3 95 71 42 35 12 71 39 69 17 74 32 74 51 88 19 73 89 78 35 31 94 13 92 39 21 56 83 81 77 36 43 64 48 43 50 61 99 12 13 96 48 88 75 48 53 ; 
L -128 -174 -5 54 63 -78 -44 -159 -101 50 -44 -151 -71 -40 125 -39 2 163 115 110 142 64 -153 121 -164 -109 -18 -81 -54 150 -110 29 -6 90 -123 -7 -44 -94 -53 147 -139 -19 -69 -37 71 18 75 74 145 100 -6 -100 122 69 -5 -130 -72 98 -31 34 78 118 -68 94 -39 -38 -158 95 -73 92 80 -71 66 25 -56 107 22 -36 168 132 -165 -94 128 146 -157 -122 -149 77 -99 26 -21 -31 -105 -47 -53 -150 13 -150 171 170 169 25 86 -129 63 -3 11 172 59 -143 30 -166 -127 147 9 34 144 143 -63 29 125 104 -161 -100 167 40 97 -81 27 28 122 -13 -154 21 -137 47 -117 77 -37 5 -146 85 122 -8 -138 -101 78 -38 -148 112 -75 -80 -59 -79 17 15 140 -41 32 45 -17 -141 155 -136 -173 95 132 -2 -162 139 64 -124 40 69 -152 -144 -76 59 -36 17 -50 41 -121 -160 38 95 -97 -91 -49 -150 56 99 -132 -49 -156 175 89 -64 -74 86 ; 
32:124 19:75 18:70 32:126 6:22 39:153 10:38 44:176 26:102 8:30 34:136 11:41 22:88 10:40 22:88 6:20 25:97 34:136 45:179 3:11 16:64 54:214 23:91 22:84 30:118 2:8 26:100 21:81 40:158 26:102 27:107 5:17 2:8 34:132 25:99 10:38 34:132 26:100 20:80 27:107 40:156 16:60 13:51 16:64 18:70 10:36 12:44 20:80 39:155 12:46 34:136 6:24 20:80 30:120 17:67 34:136 20:80 16:64 25:99 16:64 38:152 8:30 19:73 38:148 3:9 6:24 4:16 22:88 32:128 6:24 1:3 34:136 10:36 30:116 11:41 36:142 19:73 34:132 16:60 20:76 36:142 7:25 12:48 23:89 52:204 50:196 13:51 26:102 14:54 26:102 16:62 27:107 8:30 50:198 48:188 11:41 14:56 10:38 17:67 2:6 29:115 40:158 3:9 15:57 8:30 6:24 20:80 28:108 12:44 11:43 10:40 19:75 32:126 6:24 24:92 21:81 40:156 8:32 10:38 4:12 16:64 8:28 64:252 8:30 41:161 14:52 26:104 22:86 16:64 15:59 23:89 30:118 26:100 4:16 25:97 21:81 50:200 12:46 8:32 34:136 29:115 18:70 26:104 39:153 12:46 45:177 32:126 29:115 8:30 20:80 10:40 7:25 9:35 10:40 17:67 24:92 38:148 44:172 12:46 24:92 12:46 40:156 13:49 39:155 2:6 10:40 13:51 7:27 16:64 14:54 15:59 12:48 35:139 32:128 26:104 30:118 27:107 35:137 14:56 31:121 4:12 29:113 21:81 13:51 6:24 12:46 21:83 40:158 50:200 6:22 24:92 36:140 25:97 6:24 15:57 6:20 62:244 15:59 31:121 20:76 22:84 ; 
L -91 98 121 70 -45 112 -47 -36 -7 -70 135 -121 18 -35 -89 89 -128 -12 31 28 113 107 -150 117 145 -16 -92 45 147 74 -100 142 19 -3 -96 -68 113 89 -50 108 116 6 -93 77 26 -95 -3 128 -82 -108 29 -124 -67 75 -62 73 -35 124 -93 -103 148 98 19 -108 52 32 -19 80 -90 84 -85 -148 126 49 -148 -89 145 -101 84 -116 -119 118 -107 112 -124 132 -22 12 -22 24 70 65 103 -52 141 -50 33 6 -146 -76 100 -108 -16 87 24 -1 -15 149 109 149 150 120 9 42 131 33 143 68 -34 118 -18 -49 -71 -12 14 114 67 74 -113 13 -25 -35 1 55 2 -147 -148 126 137 133 -89 -46 -53 88 -5 10 31 -126 -128 -5 39 -137 -86 -49 135 64 30 3 -67 -57 53 94 -99 16 14 -35 110 -95 -13 -149 -119 97 78 -44 -137 21 26 -81 -2 -64 -140 -60 149 89 24 108 87 -21 71 -118 41 -111 -73 100 -72 -133 83 89 -112 -29 ; 
48 46 94 90 89 83 72 47 47 7 33 15 85 91 12 40 94 31 61 31 57 9 68 56 16 95 35 53 28 51 98 30 55 55 97 3 93 87 89 71 4 31 25 5 90 68 82 38 29 43 72 19 67 84 24 69 52 72 59 83 36 75 48 8 50 59 35 33 14 3 61 28 43 7 19 38 96 85 45 21 74 37 76 8 82 51 66 16 95 42 60 52 46 52 34 3 99 6 86 18 72 30 77 29 24 11 63 62 51 77 57 28 12 42 21 80 4 38 36 62 79 90 42 54 78 94 4 40 38 66 70 78 17 16 65 90 45 36 32 4 15 40 55 93 6 73 87 1 35 74 33 24 50 93 87 34 47 78 21 54 74 81 79 94 18 6 98 56 23 1 20 44 17 11 63 51 63 20 35 20 25 40 97 84 14 8 99 54 55 96 94 22 88 57 2 87 10 32 93 6 10 ; 
L 148 80 -133 -14 141 -119 -7 135 18 165 21 -45 112 118 50 -116 -67 -96 116 -30 -64 71 -118 -26 -77 128 3 170 -124 -126 -103 92 49 70 16 -67 -57 137 90 -32 -52 -9 -109 -146 -76 35 -169 -74 12 -49 39 22 -93 24 108 87 128 152 73 93 -35 -100 142 -113 86 137 -35 167 -71 158 24 28 113 -147 89 74 -67 149 155 150 -31 68 -108 -89 160 173 137 133 -89 -108 42 99 -45 -171 126 -117 -3 31 -148 110 -95 -6 -120 161 -145 -65 46 25 -82 -108 -68 -143 101 149 13 16 108 -124 -95 150 -73 -88 53 -172 84 -162 -55 72 -70 -159 -107 112 94 128 44 36 6 -12 -175 157 113 -140 -60 14 -35 168 -2 75 -62 107 53 -166 100 -18 -124 -5 52 -22 12 41 -111 33 153 13 -149 15 -24 -118 34 164 156 -10 -33 -121 -49 -126 -81 98 64 3 -19 100 135 174 85 -98 -148 -151 103 2 -147 -148 132 163 114 1 -89 -154 83 -112 ; 
39:153 3:11 8:28 40:156 16:64 22:86 10:40 15:59 11:41 34:134 23:89 24:96 34:132 24:92 31:121 13:49 25:97 59:233 7:25 7:27 19:75 16:60 39:153 35:137 36:144 17:65 12:48 8:30 12:48 17:67 6:24 13:49 27:105 34:134 17:67 25:99 22:86 41:163 33:131 9:33 24:94 11:43 1:1 37:147 8:28 35:139 26:102 33:131 12:48 50:198 14:56 30:120 34:132 18:70 4:12 40:158 3:11 17:67 46:184 22:86 34:132 67:267 12:48 28:110 28:108 20:80 11:41 14:56 6:20 8:28 1:3 20:76 16:64 15:57 36:140 12:46 32:126 10:40 24:94 12:44 17:65 32:124 2:4 36:142 38:150 42:166 9:35 2:6 6:24 21:81 26:104 46:180 7:25 46:180 19:75 36:142 20:78 16:60 46:182 30:116 23:89 6:24 2:4 25:97 48:188 33:129 18:70 12:44 18:68 18:68 5:17 16:60 18:68 13:51 1:1 12:44 31:123 23:89 10:40 36:142 6:20 23:89 38:148 34:134 15:57 17:65 29:113 20:80 2:4 22:86 4:12 4:12 23:89 32:128 25:97 14:56 35:139 3:9 8:32 20:78 55:219 7:27 16:64 14:52 3:9 25:99 30:120 8:28 10:38 5:17 7:25 42:164 4:16 3:11 34:136 14:56 15:57 34:136 7:25 30:120 9:35 57:225 4:16 44:174 31:123 25:99 13:51 5:17 25:99 18:70 29:113 5:19 14:54 14:56 18:72 3:11 12:48 34:134 38:150 15:59 22:88 24:96 20:78 18:70 2:4 8:30 30:120 39:155 36:144 18:72 36:144 18:72 10:36 6:22 34:134 11:41 46:184 13:51 25:97 50:198 4:14 ; 
L 42 83 111 27 35 10 -31 132 -65 85 103 -19 12 80 141 -127 134 91 142 -30 41 73 -143 -59 -69 -86 57 -134 98 61 4 -118 -89 116 16 -63 150 38 -132 75 -107 26 86 -36 29 -93 56 -58 -89 35 -129 -44 -110 41 101 123 -129 74 -73 -133 -119 -21 -72 -45 -79 49 -49 150 -128 13 -121 35 79 -95 -147 -143 73 -22 -84 -63 -125 -10 21 -106 -111 -93 142 63 -50 -92 -146 124 55 -19 132 47 145 -83 -130 97 -143 -63 -121 -118 -104 -56 -46 -108 117 118 -112 100 130 60 -130 -39 15 21 -64 42 147 74 -137 11 117 53 71 122 79 30 -17 -60 50 49 -30 48 -136 89 -129 -96 -117 -120 -89 -87 100 -91 50 -102 -103 150 -140 86 -79 -25 -14 -2 -77 8 -10 -143 -62 26 49 -8 -100 93 10 62 92 27 100 -58 80 53 59 -110 130 71 -86 -37 -123 -74 -142 40 -99 19 -2 -86 125 -101 132 -15 -101 40 147 1 -116 -51 -101 108 ; 
17 90 37 43 64 16 86 39 55 34 80 19 98 13 22 52 83 77 54 78 79 70 53 90 27 72 46 50 46 29 89 11 94 3 28 99 49 77 58 16 88 64 39 90 46 34 53 91 1 11 36 71 37 94 4 81 5 23 4 15 64 26 88 31 95 75 44 91 38 93 88 80 12 45 61 19 46 86 100 86 96 62 58 21 17 95 76 94 77 91 46 42 60 75 32 78 71 83 60 98 15 58 86 14 85 32 11 47 69 48 40 87 49 19 15 62 10 57 78 100 67 40 8 28 45 95 98 60 56 85 99 33 24 56 83 87 14 1 25 23 33 26 73 59 93 57 21 16 35 51 58 24 46 30 77 43 82 89 95 18 26 67 51 41 43 79 83 32 40 80 4 43 69 20 64 3 87 63 70 17 77 9 33 27 5 62 13 54 94 35 4 49 7 67 51 100 81 41 9 25 63 ; 
L -163 -41 -125 86 21 4 101 164 -35 -156 -27 -111 -83 -42 150 -15 -35 121 62 116 -1 -38 -118 -89 116 16 111 106 69 -93 -119 -100 -27 61 59 -110 -101 -150 -140 86 152 75 64 123 49 -168 -10 143 -161 -57 -47 55 -97 -56 -143 86 60 -53 -117 -11 49 -26 -134 174 25 46 -158 83 -71 36 -157 132 151 129 -58 80 53 77 -93 49 118 -59 142 159 8 -127 2 -40 93 2 79 -42 -86 102 -171 40 147 -10 154 -22 130 41 8 -167 143 101 107 -155 -112 124 -98 104 72 172 -110 -91 89 -153 63 26 -162 -130 10 -31 -58 19 -103 -79 -117 -21 -15 96 -165 -48 30 -50 -63 -125 -137 -170 120 117 133 73 -145 150 60 17 37 86 -30 71 -50 91 -100 100 62 -173 146 -121 74 123 -79 -122 129 -35 -134 -85 142 63 -21 -51 -169 19 103 -118 143 175 -166 -160 -73 -13 -14 142 -89 -87 -89 -74 63 45 12 80 141 -39 56 10 92 129 -101 108 ; 
15:59 1:1 40:160 38:150 23:91 51:201 25:99 39:153 22:84 9:33 30:120 18:68 15:59 36:144 6:22 16:60 3:9 32:128 16:64 19:73 33:129 16:64 7:27 38:150 2:4 12:44 20:80 7:27 10:36 18:72 20:80 15:57 2:6 29:113 17:67 2:4 18:70 15:57 19:75 10:38 18:72 12:44 20:78 39:153 28:110 29:113 27:105 2:4 1:3 14:56 24:94 33:131 46:180 34:134 13:49 11:43 12:44 15:57 38:152 18:72 13:49 17:67 21:81 6:22 30:120 3:9 38:150 120:476 33:129 9:33 27:105 18:72 14:54 13:49 6:24 28:110 8:32 20:78 34:136 27:107 38:150 15:57 44:172 18:72 31:121 19:75 28:110 22:88 18:72 18:72 11:43 56:222 4:12 23:89 14:54 26:102 9:33 10:40 36:142 38:150 6:20 23:89 12:48 16:64 54:216 2:4 33:129 26:102 10:38 5:17 14:54 25:97 33:129 47:187 33:129 28:108 6:24 19:73 29:115 28:110 21:83 22:88 4:14 35:137 24:96 26:102 8:30 11:41 18:68 12:44 23:91 30:120 10:38 62:248 35:139 13:49 9:35 39:153 4:14 36:142 31:121 11:41 2:6 6:24 45:177 26:102 50:200 14:52 66:260 7:27 22:86 40:160 16:62 9:33 23:91 52:208 42:164 8:32 16:64 26:104 20:78 4:14 27:105 23:89 25:99 15:57 22:86 33:129 40:158 38:150 10:38 8:28 23:89 11:41 26:104 9:33 38:148 23:91 15:57 37:145 32:126 12:44 7:27 15:57 8:28 24:94 23:91 17:65 58:230 34:134 21:83 6:20 9:35 23:89 13:49 19:75 34:136 60:238 11:41 10:40 26:100 ; 
L -61 59 63 9 -93 -27 -145 98 1 -53 148 140 64 -62 32 102 120 61 -117 93 -98 110 -35 -11 -66 112 -130 109 -14 65 -119 115 130 118 -144 -65 135 63 122 -134 22 -93 -125 -84 147 -119 -110 -84 95 -8 -8 149 102 -33 -115 -18 -104 -92 -30 -113 -21 14 83 -148 -32 143 -41 118 41 -71 35 69 -139 -16 121 141 122 73 117 69 -110 -26 -126 -8 150 -70 99 -46 7 -105 37 -85 13 40 39 -47 -52 19 -26 -148 55 -102 -6 -138 137 -141 -85 20 57 69 -95 -51 -91 -62 15 -120 -149 40 115 111 9 -106 45 -124 74 66 -100 -7 120 -103 44 110 18 4 -98 -112 -68 134 119 -50 -114 29 -66 -17 55 -75 5 -14 -3 -133 -33 -7 -10 -84 -6 -55 58 -76 -93 -60 -30 30 44 135 -119 25 51 26 64 38 -104 -91 24 128 43 -123 111 109 80 -71 -61 -92 132 121 69 91 82 -138 -111 19 -127 -119 -120 -143 -50 -42 -131 86 -44 -51 ; 
2 94 73 63 12 58 25 55 90 59 89 60 84 66 31 57 37 15 9 46 2 63 21 29 39 94 32 80 91 32 21 19 46 94 29 36 97 75 47 75 72 89 46 33 40 31 24 21 91 80 38 85 56 11 94 70 14 34 96 45 73 72 45 69 16 81 14 1 21 75 89 17 20 18 30 66 18 24 83 100 94 63 67 4 82 18 59 54 9 97 45 7 10 50 96 41 19 93 27 11 86 98 36 80 3 41 31 65 37 72 40 41 6 51 91 76 30 93 20 82 20 91 78 93 78 93 99 47 9 70 24 66 97 22 36 33 45 38 40 64 65 13 64 27 59 14 22 56 32 43 66 62 26 31 15 51 100 77 27 56 10 86 96 47 11 18 80 5 45 19 61 76 19 37 52 76 30 45 56 72 95 69 58 80 54 86 81 47 65 58 22 74 33 39 5 65 58 82 10 38 25 ; 
L -61 59 47 98 170 -163 -44 -6 122 73 102 -70 -115 110 -52 -26 -25 110 -69 -14 92 -40 -50 -42 -166 -154 -19 -143 -5 -125 -84 -135 -44 80 -71 -149 41 -71 -104 124 98 19 95 -69 141 -160 106 -9 -65 14 15 169 -120 -30 -111 -43 22 -93 -137 138 64 38 130 118 82 147 -61 164 114 -35 -58 -55 148 -155 51 156 -26 175 -143 32 165 33 133 3 172 -51 -91 -126 -8 150 -29 -171 -37 105 148 -39 -40 93 76 63 -62 18 112 100 -168 159 6 84 151 24 14 10 -99 -131 130 -141 66 11 35 -7 153 -91 112 -113 -118 95 -8 -121 173 162 -21 138 -161 17 66 158 -30 152 4 -60 -121 -132 -61 -120 -102 13 119 -9 104 41 -111 120 127 102 174 91 123 75 -55 -30 115 7 -45 46 119 -50 -109 -111 -167 110 120 -103 -33 157 -115 -84 16 139 32 122 83 63 128 65 144 -109 69 135 18 119 -140 117 -145 1 -53 148 74 66 86 -44 ; 
1:3 38:150 9:35 16:64 50:196 2:6 27:105 8:28 8:32 10:38 61:243 9:35 2:8 15:59 42:168 41:161 23:91 36:140 18:68 27:105 48:192 18:72 21:81 26:104 14:54 18:70 18:72 13:51 21:81 22:86 14:52 10:40 19:75 55:219 29:115 28:110 9:35 30:120 48:190 16:62 20:78 34:132 10:40 16:64 14:56 12:46 31:121 37:145 7:27 13:51 56:222 22:88 27:105 4:12 34:134 59:233 5:17 36:142 10:36 2:4 35:139 8:30 20:78 38:150 28:108 28:108 20:80 12:46 15:59 23:91 19:73 16:62 35:137 14:52 16:62 16:62 10:38 4:16 35:139 33:129 26:100 10:38 27:105 18:68 36:142 50:200 3:9 52:208 2:6 33:131 22:86 9:35 13:51 18:72 24:94 33:131 39:153 24:94 11:43 26:102 16:60 24:92 15:59 33:131 6:20 24:96 35:137 6:24 16:62 6:22 47:185 15:57 21:83 28:108 38:148 9:35 59:233 16:62 12:46 24:96 36:140 9:35 8:28 27:105 27:105 4:12 32:128 20:78 20:78 6:22 36:142 15:57 7:25 42:166 11:43 39:155 30:118 20:76 2:6 26:102 11:43 32:128 29:115 6:24 15:59 12:46 2:8 16:62 12:48 32:126 22:84 26:104 1:3 32:128 36:144 20:76 8:28 17:67 6:22 8:32 9:33 14:56 17:67 2:4 16:60 26:102 18:72 18:72 13:49 13:49 17:67 28:112 15:59 36:142 15:57 6:24 3:11 8:28 3:9 11:41 4:12 10:40 18:72 41:161 15:57 24:94 18:70 26:102 11:41 29:115 31:121 26:100 13:51 40:158 24:94 36:142 41:161 38:148 44:172 4:16 25:99 ; 
L 83 117 -138 -42 24 18 27 -6 76 -126 44 -99 134 28 1 -31 -85 2 140 -111 -32 82 -75 64 -46 132 14 -128 54 112 -127 -12 94 50 -67 -21 -83 60 -61 -94 124 -92 55 145 -82 56 -102 22 135 -81 119 -23 -43 -109 -19 -135 -61 1 28 31 98 -64 113 -31 -8 -3 12 -98 44 -136 -61 6 -55 -87 141 52 51 113 -139 45 2 -79 -27 134 -7 104 4 -127 44 -136 11 -109 -20 82 22 -150 100 -53 -81 132 -124 43 24 35 146 149 -130 38 -130 91 82 57 -3 95 7 147 -113 70 -141 132 -36 -100 8 -82 -31 -19 -109 -124 -9 57 148 122 39 72 100 61 -81 -74 -60 -18 9 23 142 78 23 -67 -97 94 43 -135 -128 102 128 105 20 -71 -68 25 -98 70 138 113 83 134 59 -30 -29 18 38 112 -107 -13 19 79 -82 -127 -88 -44 -15 92 -78 -149 58 -39 8 70 -78 -4 96 -91 119 -148 -104 -136 125 20 18 -105 147 -106 ; 
20 83 46 49 83 96 100 23 45 4 11 58 88 5 60 77 86 62 57 43 76 68 35 7 82 97 65 40 98 4 61 84 57 76 78 33 40 14 77 67 18 51 10 14 49 6 33 76 42 29 11 9 70 37 36 12 54 78 3 83 21 80 87 87 86 81 78 19 87 19 85 69 60 70 91 76 100 89 59 19 2 89 52 75 56 4 13 29 97 40 22 100 97 21 47 44 20 15 52 28 21 17 75 73 90 33 48 38 59 34 82 79 7 18 96 66 58 69 55 30 73 33 27 76 52 4 4 25 59 43 19 79 19 11 19 19 81 81 31 24 98 10 38 53 10 3 1 7 71 63 26 57 96 53 32 36 81 8 36 95 30 15 3 78 99 43 84 79 28 66 90 26 63 79 31 37 64 47 29 14 1 56 12 72 60 96 73 89 78 51 93 21 61 6 82 33 47 85 94 49 1 ; 
L 83 -138 -42 160 28 57 -175 166 55 -82 171 -98 -109 -70 -79 82 64 -19 147 -38 -6 76 -112 -38 -153 82 -75 -104 23 18 -102 -92 31 -99 134 28 -68 149 35 146 2 173 149 -130 -157 -27 -18 -94 36 -132 -18 -100 113 -31 -109 -20 44 81 -61 -20 -174 139 -14 -158 -2 -124 -78 -3 -25 67 -50 -24 32 150 92 -119 51 82 -168 18 -45 81 152 31 52 11 44 161 -130 172 -138 -159 113 23 72 148 60 -151 21 -167 -135 -88 -44 -102 128 135 -43 -94 -134 -97 127 29 30 -81 19 -67 8 100 125 27 -104 141 -70 -134 -140 -70 -136 148 136 -100 39 71 -31 91 82 112 -127 162 -132 -135 -119 -96 4 78 109 43 23 -19 61 -124 43 -126 141 113 111 1 60 74 -142 170 -107 98 94 -24 -163 -78 83 -3 -12 -124 22 -169 -98 44 39 105 -132 95 54 165 155 -64 -156 -61 -15 -58 -9 57 87 -83 113 -147 128 -164 -55 127 82 136 -106 154 ; 
8:32 10:38 20:78 19:75 36:140 43:171 4:12 19:73 30:116 17:67 8:28 27:105 6:20 9:33 2:8 6:20 31:123 16:64 38:150 28:110 21:81 18:72 9:35 27:105 14:56 24:94 14:56 9:35 5:19 37:145 30:116 22:84 48:188 15:57 36:140 2:8 24:96 6:24 15:57 36:144 50:196 38:150 26:100 20:76 17:67 0:0 40:160 24:94 10:38 30:116 8:32 52:208 20:80 16:64 36:144 39:155 2:6 7:25 33:129 11:41 28:110 4:16 20:76 39:155 19:75 38:148 5:17 74:294 34:134 20:78 32:124 24:92 21:81 20:76 16:60 4:12 10:36 28:110 38:148 44:172 26:100 6:22 7:27 24:94 25:97 42:168 35:137 28:112 21:81 22:86 9:35 4:16 6:24 16:60 6:20 9:35 4:14 24:96 24:94 1:3 28:110 8:28 19:75 12:46 23:91 11:41 26:100 29:113 11:41 14:54 20:78 21:81 34:134 21:83 9:35 26:102 8:30 21:83 22:88 31:123 9:35 15:57 22:88 11:43 6:20 46:182 8:32 38:148 15:57 24:94 5:17 31:123 26:100 12:48 33:131 19:75 25:97 35:137 22:84 8:28 36:140 19:75 32:124 36:142 8:28 15:59 28:112 2:4 5:17 27:107 7:27 16:60 9:33 12:46 51:203 40:156 19:75 13:49 20:78 18:70 7:27 16:64 18:68 62:244 24:96 1:1 24:92 15:59 25:97 9:33 36:144 22:84 12:44 35:139 15:57 17:65 13:49 9:35 46:184 16:60 12:46 55:219 22:84 32:124 36:140 8:32 23:89 18:68 35:139 18:72 2:8 24:92 11:43 28:112 12:44 18:72 14:54 11:41 32:124 29:115 6:22 ; 
L -125 57 112 -118 52 -7 -104 -89 -105 -85 123 -20 -23 -70 14 -118 22 143 78 111 69 -143 46 -72 -43 67 -26 -29 72 -15 -18 -83 -116 -119 -81 101 -30 125 -136 19 131 141 -96 34 -11 -107 -24 11 -95 78 81 27 -87 6 -42 120 124 -66 -60 -32 -149 -106 15 89 -65 51 -115 5 -139 128 -93 -128 -51 129 -55 -106 109 -97 -61 78 -37 34 53 91 74 -61 50 144 77 -78 26 131 -70 95 25 -85 -141 48 49 21 11 -131 75 124 -35 -129 100 -150 21 46 -127 -98 25 -41 4 -108 126 12 -87 -27 -92 -111 -63 83 61 53 -125 146 -117 93 -44 8 92 -57 83 -11 -90 -25 144 1 119 -145 3 122 53 36 84 87 84 -126 21 76 76 -28 -116 14 88 47 89 136 71 -77 -29 -18 -116 -121 93 79 -108 -93 -3 -21 88 82 18 -111 -146 -78 -12 -101 131 -64 -121 -137 -70 144 -9 121 147 -38 85 48 -37 -61 -75 -146 82 61 -40 -87 ; 
91 27 76 97 67 11 1 75 79 19 47 16 68 21 51 85 66 66 94 28 87 73 32 78 21 25 82 4 27 95 18 47 78 62 35 58 27 45 75 9 27 25 60 46 49 73 53 52 91 20 77 40 28 45 15 100 93 16 30 33 7 53 92 13 79 70 94 37 23 96 15 21 47 3 98 47 46 87 93 55 61 92 91 90 59 61 54 95 40 98 67 4 14 95 41 24 37 4 86 68 81 64 93 69 77 45 56 49 49 36 3 33 6 83 86 8 39 20 25 46 86 56 45 35 51 9 13 42 97 82 20 97 53 65 18 65 72 60 49 36 87 46 36 27 78 75 66 33 67 10 67 63 46 74 35 1 26 77 92 3 75 100 44 52 14 84 69 82 71 94 65 60 8 82 22 54 91 49 34 65 72 3 26 62 34 31 15 3 52 79 15 50 45 6 27 76 91 50 7 27 31 ; 
L -125 168 146 124 -66 112 -118 52 -7 -21 3 25 147 -119 -158 37 121 -151 -27 -18 53 126 -84 -87 -48 -85 78 170 -145 175 -49 34 -111 -23 115 85 105 106 -89 51 163 -78 -108 126 153 -143 -72 -43 162 61 88 53 91 87 -29 -141 -78 164 26 -172 -25 83 -116 -101 131 166 77 -93 -101 160 -19 -125 -67 -131 74 -85 -30 -29 72 -24 174 -128 -51 129 -106 -83 154 81 119 12 111 69 -53 35 48 -169 9 -144 46 -37 -61 -92 121 -167 152 -11 -11 -57 -38 -143 -22 89 104 -60 -3 61 70 137 131 -96 -116 14 -40 -82 -6 108 -79 -75 171 131 -12 32 100 -95 -157 -128 139 -5 -61 146 107 155 -116 -89 76 47 95 173 -65 -98 25 -136 -93 -124 -121 -15 70 -144 -44 11 -83 57 -75 -146 159 -4 8 71 78 -90 41 -28 -111 -81 123 -20 -120 -76 15 -117 125 -18 -82 -27 -150 -144 -50 93 34 -161 70 -42 97 18 165 -1 -77 129 156 -87 ; 
37:145 4:12 30:120 7:27 7:25 12:44 39:155 27:107 5:17 23:91 24:96 14:56 19:75 8:28 32:128 5:17 12:48 22:86 14:52 15:57 6:22 49:193 4:16 27:107 42:168 20:80 34:132 5:19 51:201 18:72 23:91 10:36 10:40 57:227 16:64 41:163 8:30 28:110 19:75 18:72 14:56 2:8 4:12 16:62 23:91 0:0 2:4 9:33 15:59 32:126 11:41 33:131 36:144 25:99 29:113 22:88 20:76 27:105 3:9 17:65 3:11 9:33 34:134 46:182 29:115 27:107 19:73 1:3 16:60 35:139 16:62 3:9 38:150 10:40 29:113 21:83 4:12 11:43 11:43 30:120 2:4 4:12 19:75 2:4 48:188 8:32 6:22 17:67 14:56 6:20 22:86 35:139 17:65 14:56 4:14 44:172 2:8 15:57 10:40 11:43 3:9 21:83 56:224 12:46 52:204 15:57 25:99 33:131 36:142 11:41 27:105 27:107 30:120 9:33 24:96 50:196 7:25 14:54 6:20 13:51 22:86 1:1 3:11 4:12 16:64 33:129 29:113 5:17 38:150 16:60 18:72 10:38 38:148 21:81 10:40 12:44 39:153 10:36 28:112 25:97 20:78 21:81 29:113 23:91 44:174 40:156 3:9 8:32 32:126 17:67 3:9 17:67 17:67 33:129 52:204 38:152 14:56 20:76 4:16 31:121 40:160 8:28 16:64 31:121 31:123 30:116 21:81 14:54 36:142 11:41 48:188 26:102 7:25 16:62 19:75 7:25 38:148 39:153 10:36 49:193 19:73 24:94 9:35 8:32 15:59 14:52 38:152 43:169 10:38 14:52 34:132 17:65 43:169 12:48 6:24 8:32 34:132 6:24 16:60 14:52 13:49 ; 
L -121 -16 126 26 -9 -99 -93 132 -40 -78 37 -147 -8 116 97 -26 -99 12 2 52 -62 80 -76 117 46 47 -53 92 100 -41 -81 16 -78 -43 70 32 63 -95 -7 -36 -84 69 -131 -7 -46 5 -119 47 -94 -79 -8 -3 -45 -28 -124 -80 -16 3 147 87 36 -129 23 -145 85 144 66 7 -34 132 83 -81 40 71 145 -68 111 -149 106 -141 -101 140 -5 -102 34 56 34 11 104 35 54 28 64 9 105 -57 -123 57 -39 55 82 -47 -91 111 -78 -145 -66 -2 146 -43 109 -134 -41 -65 -135 -20 -103 2 -3 107 -22 93 -45 112 -59 -36 -20 -33 -114 108 51 59 -6 -146 -73 -105 11 71 -90 -87 119 -72 19 27 -49 -91 126 37 -18 -48 -114 93 137 129 -69 64 -75 48 -118 -84 -26 27 96 -5 -94 -148 126 -145 -111 120 -150 -125 16 -86 -128 63 132 82 27 144 94 -29 -61 68 -19 -21 105 9 -128 71 -82 118 -76 -74 137 -7 -75 -93 -107 -5 ; 
25 73 23 84 6 6 91 87 61 90 10 38 96 68 30 98 4 40 46 90 40 89 17 61 49 83 89 50 18 13 94 6 85 48 57 12 25 100 6 12 61 5 48 53 73 17 53 97 39 69 35 14 39 26 30 43 48 28 51 35 79 61 72 87 2 29 52 26 77 33 47 7 10 100 41 49 79 23 36 42 3 98 2 87 80 100 45 93 50 26 60 95 19 95 98 100 30 1 48 1 80 48 28 88 21 17 73 41 75 76 23 55 100 50 62 48 56 50 96 32 11 7 89 10 47 18 92 15 10 99 47 84 32 9 21 16 7 5 8 3 98 10 42 27 84 50 52 78 73 62 95 81 64 61 34 58 5 19 36 98 43 11 27 84 1 16 98 46 28 64 27 90 99 48 83 81 100 76 70 28 99 37 87 96 11 17 66 28 72 24 73 24 47 59 51 64 22 30 43 10 13 ; 
L -29 72 -124 -27 7 -28 111 -114 93 129 -69 69 -131 -126 39 64 -118 -87 -132 34 86 145 -85 99 -65 78 -157 -51 16 75 -92 36 159 169 83 -81 40 71 -16 -132 -82 -47 155 160 41 -93 117 46 -70 8 147 -80 -164 -102 84 2 66 -34 -56 111 -96 -87 12 -91 -49 -150 145 78 116 -108 171 151 174 -144 -27 146 8 -55 -5 -148 -52 -71 128 -163 107 -2 103 -47 119 -5 105 -57 -123 32 63 -95 -7 -84 -19 94 -145 -22 93 165 -64 57 -6 137 -9 140 118 80 40 54 172 -107 125 104 94 5 -144 101 141 -106 -3 173 28 -81 97 -26 -99 -135 -59 149 -128 63 76 9 153 -168 -2 18 -105 -114 -94 -91 -16 26 -9 46 154 -68 61 45 111 19 -158 33 23 82 166 -36 -147 -3 20 -129 105 -156 68 -79 175 82 -75 -7 20 -170 -126 -167 -78 161 37 11 45 26 -112 -66 -152 43 48 62 126 -76 100 -37 134 145 137 -7 -5 162 ; 
12:48 28:110 44:172 39:155 9:35 50:196 14:54 36:140 33:129 30:116 14:54 20:76 20:76 42:168 17:67 24:94 4:12 9:35 23:91 17:67 34:134 12:44 28:112 14:52 29:115 16:64 25:97 35:137 10:38 28:108 27:105 29:113 38:152 16:64 18:70 3:11 4:16 40:160 25:97 41:161 42:166 12:46 35:139 14:56 12:44 18:68 9:33 20:78 11:41 32:124 39:153 17:67 13:49 30:120 20:80 20:80 17:65 21:83 18:72 54:212 28:112 5:17 28:112 25:97 25:97 42:166 32:124 7:27 27:107 18:72 26:100 11:43 23:89 62:248 12:44 9:35 5:19 10:40 7:27 21:81 15:59 59:235 10:38 16:64 9:35 12:46 20:80 17:67 39:155 22:84 6:20 40:160 12:48 30:118 10:40 40:160 3:9 17:67 7:25 13:51 32:126 28:108 3:11 10:38 9:35 8:28 3:11 5:17 10:38 32:128 36:140 31:121 35:139 14:56 22:86 8:30 10:40 48:188 31:121 1:1 34:136 25:97 2:4 17:67 30:118 7:25 32:124 41:163 6:22 40:156 2:6 29:115 14:54 29:115 1:1 33:129 6:20 24:92 2:4 18:68 8:30 2:8 32:124 4:12 32:128 16:62 22:84 11:43 3:9 5:17 40:158 10:40 39:153 7:27 45:177 29:113 19:73 4:12 6:22 18:68 20:80 29:115 27:107 21:81 8:30 26:102 15:57 11:43 36:144 16:64 8:32 33:129 4:14 22:84 28:108 14:52 50:196 18:70 20:78 21:83 11:41 18:70 3:11 9:33 28:108 10:40 11:41 9:33 29:115 20:78 41:161 22:84 29:113 30:116 28:112 12:44 5:19 4:12 15:59 25:97 23:89 ; 
L 131 23 -89 -107 95 -140 -11 83 -36 -3 37 85 48 -11 -126 -110 103 -81 -138 -18 -141 70 37 -140 97 -21 -142 -111 -57 107 -72 147 -62 -144 79 50 130 -46 -96 17 138 81 93 7 -101 90 88 78 -115 -79 -60 11 -126 149 -96 2 -133 86 -24 -98 114 106 -70 113 75 -53 -18 -25 2 50 89 -141 -39 -26 144 22 59 139 -3 -142 -78 -67 -38 149 26 -15 -50 79 111 28 100 -36 -5 52 139 -4 -19 34 43 -60 78 119 93 -47 -45 113 -104 134 -102 78 68 -91 29 127 -7 -41 3 -148 49 -91 -42 -130 55 86 -60 111 -43 94 -27 -132 111 -1 29 -61 -134 140 125 35 66 -149 -27 45 -65 46 -10 -64 -57 80 11 -140 146 -1 -115 74 67 15 -12 -53 145 131 99 -62 -65 -55 -87 70 96 83 58 -13 89 -50 59 -49 -98 -5 -83 113 -115 -84 72 -68 -76 -119 -98 55 3 115 -39 25 -56 -141 -72 81 -121 -112 146 53 -18 -51 ; 
68 46 5 82 9 41 89 62 18 16 72 15 94 14 52 92 89 6 74 18 12 85 80 57 32 94 83 15 54 69 99 13 12 60 95 9 100 64 16 78 12 58 60 69 79 76 24 95 9 68 21 10 29 48 62 31 9 65 88 42 91 9 61 15 22 37 83 17 22 42 25 45 58 39 65 37 55 25 84 57 27 72 62 11 72 19 52 63 79 57 29 19 92 54 65 28 98 11 3 25 47 61 22 39 38 76 95 26 54 56 92 27 35 15 83 4 89 35 76 97 95 57 68 47 42 23 71 25 51 21 30 30 36 42 77 93 25 56 21 70 68 42 4 100 94 78 1 87 76 84 77 28 14 75 90 1 35 62 48 42 55 90 85 56 34 95 36 4 9 28 69 39 1 27 19 5 75 82 42 23 88 22 98 31 87 71 12 71 43 39 15 43 89 92 63 55 76 17 56 33 100 ; 
L 131 -29 91 145 131 99 -58 81 130 68 41 -127 23 -89 -110 10 84 79 -18 -39 156 -165 -11 146 -115 -3 111 -72 -70 113 -132 -141 90 -3 -142 -11 -126 52 -83 4 -139 45 -83 -149 5 -111 45 161 107 -37 -159 -89 141 -126 158 -67 -38 -27 134 -15 7 -171 -70 -172 35 115 151 -81 -138 -18 26 39 115 81 93 22 -168 144 72 -65 15 42 -146 -91 -98 119 -103 -88 17 153 155 -163 -130 -79 2 86 111 -111 83 12 -3 98 -66 56 -50 29 -107 -140 -11 -169 37 144 140 119 57 25 -53 -64 74 67 25 166 -55 -121 28 -36 112 140 -11 75 -53 -138 173 -50 162 -147 62 -89 13 -170 -139 -59 -149 49 -59 55 -57 27 -94 -34 -102 148 -55 98 -154 -96 106 -164 96 -125 86 -60 141 70 115 -174 76 96 157 78 1 -78 152 -150 60 79 -46 62 -36 160 -167 -85 140 -78 101 68 -2 61 -43 43 -60 -113 -65 -24 49 97 -21 19 -18 -51 ; 
28:108 9:35 14:56 37:147 17:67 22:88 22:88 28:110 10:40 30:118 18:70 11:41 16:62 2:8 38:150 43:171 30:118 8:32 23:89 12:46 4:12 25:99 7:27 14:56 23:91 29:113 22:88 39:155 39:155 6:24 14:52 13:51 12:48 9:35 23:91 26:102 21:83 8:30 27:107 38:152 12:44 20:76 18:72 27:107 39:153 21:83 13:49 21:81 8:32 19:75 13:51 35:137 35:137 6:22 11:41 31:121 25:99 24:92 38:150 24:96 22:84 25:99 11:43 23:91 8:30 12:48 3:9 21:83 30:118 8:28 13:49 16:62 26:100 25:97 24:96 16:64 12:44 12:46 23:89 27:105 13:51 12:48 6:24 40:156 22:86 25:99 13:49 18:72 37:145 20:78 17:67 10:36 21:83 30:120 6:24 21:81 36:144 6:24 37:145 6:24 13:51 15:57 22:88 11:43 7:27 35:139 26:100 0:0 36:142 13:51 41:163 5:19 25:99 15:57 44:174 9:35 28:108 6:24 15:57 36:144 12:44 2:4 62:244 43:169 24:96 2:4 24:94 15:59 34:134 8:28 15:59 9:33 16:60 5:17 28:108 11:43 7:27 5:19 28:110 22:86 52:208 10:40 21:83 4:16 11:43 38:152 11:41 23:89 21:81 6:22 5:17 26:100 10:40 29:113 12:48 16:64 24:92 22:86 29:115 34:132 10:36 17:67 12:44 74:294 30:116 15:57 14:54 20:78 33:131 20:78 14:54 18:68 36:140 85:339 35:137 9:33 14:52 59:233 42:166 32:128 12:46 28:108 9:35 62:248 20:76 22:84 32:126 27:107 18:68 6:22 10:40 25:99 24:92 29:115 34:136 11:41 38:150 10:38 41:161 14:52 40:160 ; 
L 89 110 115 105 124 147 -18 95 -25 -100 -88 78 -82 -24 -38 86 -149 -50 -31 73 85 -9 -108 115 -108 -39 55 47 58 -46 53 30 -53 -138 -90 134 136 -112 -111 -51 -36 118 -30 -75 -136 85 -18 -87 -80 112 56 -150 101 66 5 104 -140 122 29 -15 28 55 -55 -62 -21 1 143 -19 51 -43 55 92 100 -115 46 -38 7 -57 -94 135 13 -98 121 12 -77 -63 -140 129 -90 -46 38 -71 -43 -79 -129 108 -61 45 134 10 -117 138 94 53 -96 -88 -14 74 -113 56 -32 74 -135 107 127 4 148 124 -14 -59 -124 138 29 -34 -95 -32 46 125 85 41 -91 47 -3 -65 -6 112 -85 -55 -100 -30 76 -107 -55 -144 -16 66 -116 52 31 22 23 24 14 -86 -110 62 -61 -35 -102 76 81 140 -51 72 66 30 61 -97 -20 65 52 36 -102 -46 135 69 -102 123 -121 -73 62 23 -17 -42 -90 146 -44 -25 28 -100 -133 -24 -18 84 -84 40 86 -76 104 -49 ; 
32 31 41 28 10 69 20 34 44 94 86 94 51 14 35 55 99 50 30 71 79 31 69 17 25 92 95 20 10 14 15 6 8 80 1 98 71 51 64 29 18 60 9 98 52 2 15 63 88 30 41 41 69 45 9 65 54 97 54 83 63 8 90 82 49 64 8 49 82 53 25 26 24 66 75 18 11 22 73 15 2 19 95 25 25 88 4 43 95 11 24 44 36 21 80 79 37 51 31 58 76 42 94 12 93 17 55 27 21 2 53 49 81 99 95 49 67 81 6 36 68 91 59 88 72 25 78 26 78 47 5 97 55 70 3 16 70 16 19 92 35 97 23 9 73 50 34 12 40 84 87 3 96 48 1 59 20 76 45 31 64 81 55 35 88 55 12 69 28 75 90 61 100 71 70 76 38 21 18 17 16 46 38 62 9 74 7 49 60 89 25 81 92 10 69 77 67 33 93 13 34 ; 
L 162 -32 -165 152 -61 -35 -102 25 6 -18 -18 -140 129 -124 138 29 76 31 56 73 65 112 -136 -168 -134 -108 -18 -85 -124 -71 -43 -9 62 44 -95 -32 146 -24 -105 -115 -51 -7 -46 -151 -100 115 46 55 -12 140 -61 -72 -62 -153 51 39 -88 92 161 166 -157 14 -86 -110 -100 -98 85 47 -85 100 55 -24 108 -81 24 47 -171 -74 -121 -73 56 -125 -66 19 -143 1 -46 89 110 124 147 96 -80 90 -150 101 -15 28 -160 -117 107 -76 -55 78 174 -102 133 -123 51 -170 84 -129 74 22 -144 -86 135 25 -41 -87 -53 -65 167 84 102 108 -61 154 42 -97 -20 50 -148 -127 -107 -14 -88 52 -40 79 -172 122 66 23 -104 -30 -75 -136 121 -43 -57 -94 13 86 36 3 31 159 -164 173 90 -111 95 -138 -55 -52 113 62 55 -46 53 30 -53 -138 -158 -156 69 -90 155 45 169 -115 82 55 112 30 38 63 77 -163 134 10 112 -46 38 -175 -36 21 -76 104 ; 
12:46 10:40 23:89 54:212 4:14 31:121 18:72 18:68 8:28 37:145 9:33 3:11 18:68 44:172 37:145 24:94 46:180 32:124 8:28 1:1 28:110 16:60 21:81 34:136 3:11 13:49 2:6 30:120 12:46 17:65 15:57 18:72 19:75 20:80 4:14 10:40 14:54 11:41 12:48 12:44 3:9 4:16 4:14 14:52 20:80 6:24 24:96 18:68 12:44 6:22 18:68 4:12 33:131 40:160 8:32 12:48 14:52 40:158 23:89 15:59 22:88 30:118 20:76 1:1 29:113 10:38 27:105 6:20 37:145 18:70 34:132 12:48 19:75 16:62 11:41 35:137 12:46 3:11 17:65 7:27 5:19 33:129 24:92 20:76 20:78 19:75 34:136 40:160 13:49 6:20 28:110 2:4 39:155 13:49 6:20 28:110 3:9 26:100 18:68 6:22 21:83 39:155 7:27 7:25 22:84 24:94 30:118 21:81 20:78 26:102 5:17 14:54 16:62 25:99 18:70 22:86 18:68 15:57 1:3 14:56 34:134 21:81 29:115 4:12 40:156 28:110 15:59 4:16 17:67 39:153 12:44 16:62 45:177 14:56 38:152 2:6 36:140 76:302 40:158 20:76 6:24 20:80 46:184 29:115 16:60 44:172 40:156 21:83 13:49 46:182 8:28 30:116 2:4 26:102 18:68 45:177 31:121 35:139 68:268 41:161 10:38 20:80 25:99 28:112 6:20 6:20 11:43 8:28 3:11 14:56 6:24 3:9 4:12 32:128 32:124 5:19 34:132 45:177 19:73 28:108 34:134 25:99 3:9 14:52 25:97 18:72 22:84 14:56 36:140 32:128 7:25 24:92 25:99 16:64 10:38 44:176 8:30 4:12 10:38 38:148 9:35 ; 
L 139 146 57 20 82 132 -35 69 68 87 140 -40 30 86 -40 40 -15 -87 6 -81 60 94 -5 31 -113 94 87 -131 -69 -34 64 1 -120 -88 26 -31 13 -123 -132 107 81 -114 145 -74 81 -68 -110 76 -89 -89 96 86 142 111 -74 141 -28 109 -130 51 -108 40 -1 -42 -101 -94 -65 128 40 -43 113 63 26 -6 -143 61 -91 -130 113 -69 -143 119 142 -72 -14 117 11 136 -19 106 131 -141 4 59 36 38 -10 150 -136 -144 -59 -22 -147 45 -107 68 -26 -46 -87 -99 -9 -107 105 3 -22 -124 -100 128 -148 -98 -78 38 125 133 109 58 72 -89 77 -93 -116 18 -117 29 -106 -54 -117 30 -110 -80 142 41 24 93 88 -8 -1 -124 -35 126 66 -57 4 77 -99 16 -99 75 -147 -47 -57 -32 -70 62 -108 -119 -117 79 149 64 -36 -6 18 -20 -82 41 72 -83 145 -70 -54 27 -70 84 -115 24 -7 16 -7 90 -142 -55 -133 -105 -106 136 140 -141 143 -141 ; 
74 3 50 35 57 30 51 28 64 55 49 46 68 40 39 72 18 19 27 24 26 25 78 46 23 80 16 57 13 29 7 38 31 64 92 70 23 3 84 43 20 1 57 60 48 65 60 52 51 56 16 83 28 40 42 50 36 93 13 55 27 7 93 3 2 46 69 51 48 84 92 17 25 22 6 19 13 15 8 34 20 98 88 87 40 6 69 55 99 8 88 8 68 83 55 58 100 61 92 78 48 100 57 83 73 74 84 65 35 79 15 70 83 64 33 90 51 29 8 6 86 24 69 43 1 7 45 58 98 66 74 37 56 55 20 15 13 7 97 89 78 82 8 80 12 34 24 87 45 58 65 34 21 53 4 88 50 30 7 11 19 86 99 84 12 11 45 31 26 72 83 24 2 52 37 73 62 92 10 52 13 84 25 20 31 31 34 43 66 71 85 91 97 19 41 28 67 72 95 82 45 ; 
L -142 57 20 -86 117 11 -119 143 76 -80 142 145 -162 126 100 124 22 -3 -109 -141 -88 -93 -160 47 -119 -40 140 -99 139 -40 7 -152 -175 165 94 42 -151 34 69 131 77 -1 60 24 108 -158 -154 113 -170 -116 -131 -54 -163 106 -91 -46 142 -14 87 89 -156 -153 140 -113 94 -38 40 59 109 174 70 -4 98 -8 94 -159 -74 136 -113 -61 143 -26 -63 -64 -149 117 -77 45 171 4 169 111 18 147 1 82 166 132 -35 69 -55 -106 -146 117 -148 167 -75 58 110 -81 -31 10 87 -87 -120 -31 13 141 -161 128 -43 66 -6 -132 -107 -144 -54 -90 -147 81 -6 164 -96 -130 -84 -142 -89 105 133 107 -30 150 -136 105 51 -108 -7 -168 18 -157 -72 22 -15 -123 59 83 -117 -172 -64 24 -155 -133 -62 -99 -36 82 20 -57 -35 27 69 5 -32 -68 1 115 173 65 -81 -107 9 99 87 -36 30 -141 72 89 -74 136 -19 -29 130 78 -41 125 -128 106 143 -141 ; 
23:91 21:83 14:56 43:171 12:44 28:110 35:139 40:156 8:32 14:56 32:124 21:81 44:176 27:105 16:62 21:81 36:144 14:52 20:80 4:16 15:57 5:19 26:100 36:144 30:118 18:70 14:52 46:184 16:64 1:1 4:12 17:67 3:11 12:44 7:27 12:48 2:6 5:19 12:46 6:20 17:67 36:144 24:92 12:44 19:75 5:17 18:68 18:68 2:6 51:201 28:110 25:97 20:76 11:41 18:68 18:68 12:48 38:148 15:59 11:43 31:121 37:145 20:80 22:84 32:128 32:124 4:14 42:168 24:94 24:94 10:40 26:100 16:64 7:27 11:43 28:108 11:41 22:88 10:36 14:54 8:30 2:4 10:40 31:123 6:22 18:68 4:14 34:134 8:32 17:67 18:72 3:9 14:56 11:41 17:67 8:28 2:8 12:44 21:81 12:44 33:129 30:120 2:8 5:17 4:14 12:48 7:25 17:65 3:9 13:51 18:68 21:83 16:60 20:76 43:169 9:35 10:36 38:150 12:48 16:64 32:128 34:136 8:32 27:105 24:96 14:56 8:30 14:56 26:100 53:209 10:38 17:65 39:153 25:97 5:17 11:41 24:96 14:56 8:30 39:153 32:126 6:22 37:147 51:201 26:100 11:43 43:171 33:131 28:108 29:115 12:48 6:20 6:20 11:43 21:83 25:99 23:91 46:180 12:44 17:65 34:132 23:91 9:35 18:72 12:44 5:19 15:59 27:107 14:54 37:147 10:38 22:84 11:41 3:11 36:142 10:40 41:163 11:43 46:182 8:32 22:84 6:24 32:126 12:44 3:11 50:196 25:97 14:52 25:97 25:99 40:158 22:86 7:25 9:33 7:27 36:142 28:108 28:108 6:20 33:131 18:72 ; 
L 59 55 103 -98 -92 -56 -50 72 66 -116 120 31 53 -15 -47 16 47 41 -27 52 74 -50 -28 -72 84 108 10 -62 68 86 13 62 121 118 138 -94 24 4 34 -89 21 86 -115 132 52 116 -51 150 -97 87 112 -74 -57 -15 25 130 -57 103 -39 -56 -86 -69 -37 100 -64 -76 -6 34 94 -86 -73 -49 52 68 12 -103 -39 -31 -38 136 3 102 131 103 -16 -113 -109 95 36 -44 -39 14 24 144 -66 122 131 -68 83 -89 103 33 14 118 75 133 -75 85 -114 -18 150 -105 -25 104 2 57 44 -90 33 26 75 -105 128 -147 102 132 91 146 92 -32 -79 96 -24 -5 -135 -96 8 67 -12 -104 -80 117 89 124 -144 -144 -104 -36 -19 -4 -55 128 -63 90 108 -25 16 -46 61 130 -1 45 129 -134 141 76 -111 98 53 -52 74 -36 -83 144 105 78 -148 45 33 -135 -76 71 -35 145 46 58 93 -87 -79 89 -83 113 -22 -95 -88 103 84 -149 115 -136 ; 
74 36 77 74 97 87 11 59 10 88 13 57 99 16 99 34 57 9 27 43 72 99 9 64 27 35 24 67 52 49 76 78 72 53 74 22 9 42 96 66 50 99 50 94 28 13 57 38 42 1 63 81 20 45 50 85 66 86 50 93 21 24 56 42 71 94 37 45 77 11 98 69 27 70 13 17 79 98 60 9 6 49 58 31 31 82 22 57 40 61 92 76 61 64 57 87 97 90 69 85 61 86 96 80 39 49 75 45 67 39 38 57 81 92 14 34 13 28 57 20 67 59 53 71 86 51 75 47 66 88 63 71 85 22 16 57 16 50 14 97 91 70 94 98 28 9 88 56 78 67 30 2 37 66 54 52 40 51 37 73 25 60 8 70 49 69 57 83 2 91 98 22 27 5 79 42 84 43 64 15 7 41 28 88 13 82 97 72 62 80 46 11 12 25 29 69 48 32 77 98 59 ; 
L 88 103 -156 -46 -109 -147 -154 -74 153 35 -166 -112 -93 144 -58 39 -56 150 148 -78 18 36 74 -121 44 36 -105 128 -27 -102 -161 -13 98 104 -16 -86 16 -103 -39 69 -159 94 -86 94 -165 -132 -89 33 -76 113 -62 97 116 21 113 -24 -71 164 168 44 -90 95 36 83 -135 -170 145 68 41 -68 -52 -91 47 -114 -103 115 34 115 -86 72 -162 -39 14 24 144 -144 -61 12 108 -63 8 174 -84 -103 122 -34 -103 -83 -4 169 128 -104 25 -167 72 -57 136 19 -132 -75 -33 -150 171 -26 -33 -10 2 51 38 31 -37 3 175 131 -53 -152 -73 -49 146 -92 -56 -50 -66 -50 -28 157 68 86 111 -144 62 89 45 129 -134 141 24 138 57 -118 -14 4 96 -116 120 31 89 -15 -45 79 12 105 -90 83 -160 -151 -89 -172 -117 -130 -118 64 25 124 -85 -103 -59 79 87 -87 163 -25 16 -46 75 173 32 -92 -130 52 -74 52 -95 -105 67 -100 -155 -96 158 -136 ; 
6:22 13:49 34:134 20:78 6:22 28:112 36:140 22:88 21:81 36:140 7:27 20:80 12:44 22:86 27:105 41:161 14:54 26:104 18:70 34:134 9:33 17:65 20:78 33:131 10:36 24:92 10:40 22:84 13:49 17:67 14:54 17:65 24:92 8:28 31:123 9:33 9:35 10:40 32:126 24:96 37:145 10:36 23:91 9:35 30:118 23:91 37:145 52:208 1:1 15:57 35:137 7:25 8:28 36:142 28:112 10:38 8:32 28:112 22:86 61:241 12:44 62:248 16:64 18:70 34:136 40:160 38:148 19:75 19:75 12:44 28:112 24:94 37:145 51:201 32:126 31:121 26:104 24:94 20:80 25:97 30:118 51:203 31:121 25:97 26:102 12:44 17:65 14:52 37:147 9:35 17:67 33:131 10:36 20:76 23:89 43:171 11:43 22:88 6:22 6:24 15:57 14:56 37:147 36:142 40:160 18:68 24:94 2:8 16:64 18:72 22:84 20:76 15:57 48:192 8:32 19:75 8:28 2:8 3:11 24:96 38:150 18:70 35:137 4:12 22:84 39:153 58:232 28:110 6:24 16:60 35:139 5:17 16:62 4:14 4:14 5:19 38:148 20:78 41:161 18:68 45:177 14:54 19:73 4:12 28:112 20:78 29:113 21:83 10:40 11:41 32:128 24:92 37:145 17:65 6:20 23:91 10:36 10:38 20:78 22:84 17:65 10:38 6:22 30:120 36:144 39:153 45:177 26:100 40:156 15:59 41:161 38:148 25:99 22:84 11:41 8:28 14:52 53:209 25:99 43:171 11:43 16:60 16:64 21:81 8:32 23:91 4:16 36:140 32:126 12:48 18:70 14:56 19:75 24:94 25:97 24:96 29:113 37:145 30:116 30:120 24:94 ; 
L 96 34 115 -60 -60 -29 102 -150 45 29 56 -112 -42 -101 21 -14 17 -14 -74 22 -51 119 71 -38 60 -3 120 -132 47 108 70 -65 75 64 113 -43 65 -115 -21 -63 11 -138 18 105 -110 105 -119 -85 4 -89 10 22 138 150 -18 85 49 -123 -15 -34 -150 -58 -1 -26 126 47 10 141 32 13 -76 -68 -36 -91 -10 31 37 62 -85 -118 89 148 -118 -61 101 127 11 -134 4 -117 42 -72 49 -25 -98 145 -32 -47 -103 23 95 -143 -80 -56 -62 -136 -140 121 -149 142 89 -114 -60 -20 -115 -112 13 -31 -115 112 37 -44 100 89 30 -92 134 1 -34 85 117 -87 -11 42 87 -29 -129 -14 -69 143 -22 64 -134 90 96 58 16 -103 -124 61 -142 -66 39 -49 25 -115 45 -69 30 -21 43 -90 -71 -130 -104 -102 10 -6 49 22 -17 72 55 -43 129 18 -150 -24 48 103 -86 -16 -112 95 -137 125 -48 32 82 -20 16 -16 145 142 67 132 39 30 -48 -72 ; 
4 52 14 40 42 10 77 19 5 45 41 65 27 34 46 9 9 60 33 77 24 11 93 48 17 42 67 64 46 11 14 62 78 92 36 89 71 85 10 69 96 79 15 17 50 19 84 46 16 28 15 100 62 67 16 85 64 91 28 52 85 95 86 84 94 89 65 37 62 83 32 50 51 99 78 44 51 57 17 93 96 25 9 11 54 69 1 86 84 23 29 56 7 80 78 42 75 26 51 58 9 38 47 51 34 69 25 33 96 95 69 27 15 82 41 73 24 54 65 83 36 13 88 99 40 92 21 83 15 20 31 72 34 68 5 32 23 64 65 10 34 19 5 68 11 4 27 78 35 47 22 2 3 89 96 14 28 16 55 16 5 67 97 72 57 71 30 58 80 32 31 73 22 13 52 100 16 72 30 81 6 31 91 52 87 89 93 6 89 7 100 97 82 8 89 13 67 70 50 32 92 ; 
L -18 69 -112 -42 -117 -103 -102 156 168 -134 4 72 -124 -96 -17 145 -150 -113 63 21 155 74 14 -17 -170 145 -115 -61 34 -60 160 -149 -29 58 -95 21 -76 23 -90 134 -64 -167 -36 86 -1 165 -60 -154 -142 -61 -95 -30 -39 -132 -32 -103 18 -42 11 -85 16 120 47 112 -118 159 -62 125 68 -60 -60 -20 143 -137 171 -51 71 29 56 67 -22 -101 -25 -142 3 138 -45 150 -102 161 69 13 -31 119 -105 -91 -21 49 22 -130 -104 121 -89 115 -22 -6 -48 32 -123 108 -45 58 38 -62 14 -89 -39 -115 112 37 -49 -150 169 30 -92 89 -4 85 114 -138 -11 -75 1 85 -47 -87 -43 129 -55 -16 163 162 118 -127 -101 -10 10 -150 -30 -80 -16 140 31 105 173 -110 157 158 -82 -18 -70 71 141 152 43 -90 72 34 15 -148 -89 48 -49 -10 -26 126 87 -129 -32 -25 164 37 142 -16 -172 151 -166 11 98 175 96 -49 115 112 10 22 -134 153 -72 174 ; 
4:14 17:67 14:52 11:43 32:128 17:65 24:94 8:32 17:65 10:40 34:134 18:72 40:156 24:94 25:99 47:187 7:25 28:108 41:161 28:110 23:89 24:94 14:52 24:96 0:0 18:70 8:30 12:44 16:64 18:72 17:65 25:99 23:89 24:94 49:193 30:118 10:36 22:84 11:41 28:108 2:8 3:11 34:136 16:62 2:6 27:105 11:43 3:11 32:126 12:48 25:99 25:99 28:112 27:107 43:169 26:104 8:32 41:163 28:108 15:59 15:57 27:105 6:22 32:126 32:128 6:22 62:244 22:84 30:118 18:72 12:46 33:131 9:35 29:115 27:107 1:3 12:44 5:17 17:65 36:144 3:11 36:142 5:19 16:60 10:38 19:75 29:115 2:8 8:30 16:64 35:137 31:123 28:112 10:40 34:134 32:124 7:27 14:52 13:51 23:91 23:91 14:54 29:115 20:76 53:211 10:36 34:132 3:9 59:235 6:22 10:38 37:145 4:14 26:104 29:113 18:72 69:273 3:11 34:132 15:57 43:169 8:32 21:81 11:43 37:147 32:124 12:44 7:25 17:67 17:65 17:65 26:104 29:115 50:200 21:81 11:41 2:4 21:83 28:108 12:44 8:32 29:113 53:211 24:94 28:110 8:32 13:51 20:80 20:80 18:68 10:36 12:46 52:208 1:3 32:124 18:70 4:16 40:160 59:233 28:108 11:41 33:131 6:24 16:62 14:52 27:107 6:24 4:12 21:83 15:59 10:40 18:68 13:49 13:49 11:43 38:150 16:62 6:22 24:92 38:148 37:147 2:8 20:78 5:17 6:20 21:81 13:51 2:6 33:129 34:134 8:32 39:153 26:102 11:41 56:222 40:160 42:164 8:32 24:96 32:128 12:46 ; 
L 35 -118 -33 -110 65 -103 87 26 39 -2 139 31 -123 -110 -19 -30 135 -18 -43 -27 132 -16 -2 38 15 -91 60 -122 -134 -86 101 30 -77 18 35 102 62 43 23 144 82 57 -97 -70 120 101 -8 95 -134 -32 127 9 66 -7 74 -17 3 -126 -35 98 95 112 81 -127 -86 -2 64 19 143 -132 -113 -148 65 -106 30 -52 22 140 47 51 -144 -117 51 54 -110 -108 -74 -103 -105 -131 59 26 -121 113 101 66 -62 -143 -149 -5 -136 26 -55 18 101 -30 -147 -40 -80 63 -42 -126 -5 44 -36 114 -23 -90 -104 104 -4 -118 130 -103 -27 -124 -131 -110 -126 -106 20 -140 -33 90 -143 102 117 20 -134 -12 -17 -51 72 -59 72 -71 132 -140 -27 98 5 44 28 -150 -91 -35 77 -105 112 103 -54 -137 138 -38 17 -136 -68 -92 -79 58 75 -53 -60 -45 20 -53 -64 119 96 -134 -82 -78 -74 -149 35 -107 89 4 -86 44 56 26 69 3 -119 -123 34 81 66 -134 ; 
81 48 49 30 90 52 72 79 67 18 52 100 57 49 26 8 42 97 66 46 9 96 82 72 90 12 22 37 4 90 31 81 28 22 84 44 73 47 13 32 79 72 59 39 61 73 46 52 72 95 81 82 5 62 94 97 36 42 17 92 59 73 62 28 19 74 40 23 90 1 26 69 14 29 41 65 26 33 75 27 93 97 83 53 18 53 28 62 19 29 53 45 81 94 27 90 100 97 1 85 33 79 8 65 18 42 13 67 28 14 92 61 63 5 36 40 94 25 87 87 45 87 70 39 85 86 73 5 49 11 65 42 21 19 34 54 23 61 7 46 70 13 84 53 58 29 50 79 90 16 20 60 76 90 70 85 46 71 28 14 66 36 48 27 2 32 69 39 98 94 33 5 38 75 58 59 19 23 67 15 22 60 3 99 1 34 7 5 14 42 72 42 53 70 1 68 76 55 89 76 64 ; 
L -135 -168 30 19 43 -98 157 101 -5 -166 -173 -126 75 16 44 17 82 3 -64 158 -134 -32 38 131 22 86 -95 101 30 107 -35 149 66 -7 74 20 -33 -143 102 155 -112 -165 -23 136 -4 62 -72 -103 132 -160 -69 -136 65 -101 -120 97 35 -72 -92 -3 17 -143 105 -101 -134 -163 -134 -86 8 51 -27 -91 -167 56 26 -104 104 -51 -63 147 -156 96 -134 159 -23 -90 35 78 175 -2 153 -126 -132 -38 53 2 -60 -45 -28 -44 -151 148 105 -150 66 -9 -152 -43 103 -172 103 -54 -137 59 110 -91 60 19 143 -77 18 35 117 -47 -162 30 -174 -40 -80 -74 81 -26 -164 -154 169 44 -36 114 27 -112 -95 -122 2 79 -18 -131 59 -89 64 110 77 130 31 -123 35 -58 68 -127 118 123 119 -161 -12 -138 -65 -5 -140 26 -110 26 -170 -86 82 57 98 -124 52 -15 -132 -87 -171 5 39 54 34 -113 -55 -62 149 -119 -33 106 -42 -20 -117 74 53 118 81 -134 ; 
40:160 13:49 8:28 4:12 8:30 35:137 13:51 21:83 2:4 24:92 31:121 30:118 21:83 8:32 46:182 24:94 27:105 24:94 36:142 8:32 25:97 38:152 44:174 32:124 21:83 25:97 11:43 23:91 33:129 29:113 14:54 1:1 13:51 25:99 38:150 16:62 18:70 3:9 22:86 5:19 8:32 6:20 24:92 17:65 12:46 2:6 9:35 18:72 36:144 12:44 4:14 12:44 31:121 9:33 30:116 17:65 29:115 20:78 26:104 13:49 15:57 9:33 7:25 8:28 32:126 30:118 40:156 36:144 11:41 32:124 11:43 4:14 49:193 13:51 17:67 24:94 35:139 13:49 52:208 4:16 7:27 26:100 6:24 21:83 32:128 10:40 20:78 18:72 23:91 38:152 44:172 5:19 31:123 23:89 10:40 11:43 18:68 30:120 28:108 31:121 25:97 14:56 10:38 40:156 46:180 17:65 12:44 24:92 14:56 0:0 27:107 27:105 15:57 39:153 16:60 5:19 9:35 12:48 36:144 5:19 9:35 34:134 5:17 28:110 9:33 8:32 5:17 56:220 12:44 8:30 38:152 12:44 36:144 32:126 16:60 7:27 15:57 16:64 45:179 28:110 30:116 10:36 41:163 45:179 15:57 4:14 22:84 33:131 8:28 13:51 8:32 40:158 16:62 23:91 30:120 18:72 32:128 32:128 14:56 4:16 28:108 16:64 26:102 11:41 4:12 4:14 26:102 33:131 24:94 38:148 8:32 10:38 2:8 29:115 32:126 14:54 19:75 10:40 10:38 34:132 46:184 1:3 35:139 8:28 14:54 27:105 23:91 33:129 15:57 13:49 21:81 36:142 18:72 4:12 25:97 33:129 6:22 22:88 13:51 0:0 26:102 ; 
L -108 -1 -90 -9 36 62 -115 -10 3 -51 43 -1 -33 89 105 89 -150 103 -2 -2 -18 -28 105 94 -61 113 26 5 -150 -148 -147 -27 -87 56 -123 34 98 15 -138 -28 2 -90 -66 -9 -122 -51 -27 -108 114 74 25 122 -143 74 -68 113 -132 -1 -90 63 58 12 79 132 69 -59 -53 -58 -85 -103 100 50 86 140 -52 -40 -101 149 -80 45 -147 -63 -14 139 -146 62 -37 -99 87 -110 -60 -40 -28 -53 29 149 101 76 118 30 -93 22 75 116 -122 -50 -57 -80 125 -1 -98 -2 -80 109 118 -89 5 138 -102 -147 35 42 -128 65 -137 -93 -133 8 132 -90 91 108 -91 -3 -87 -7 -51 39 -109 95 71 -44 109 -146 -44 -96 134 6 -101 -92 44 -129 -31 -81 -97 -35 -63 74 -120 122 -111 41 -138 81 32 -149 -47 32 27 61 25 126 -36 -22 -44 102 -30 -88 -87 -92 -149 150 -22 -57 -147 -145 -68 -119 119 -31 -86 -60 -10 -20 -51 -143 68 -43 44 134 ; 
89 1 28 23 85 75 18 74 92 9 45 60 98 69 54 62 76 42 8 3 34 59 51 46 44 14 48 38 76 46 47 99 63 10 26 38 73 83 87 12 4 38 40 96 82 4 77 3 64 91 16 39 30 4 87 30 78 99 30 35 25 44 59 41 80 70 40 33 41 18 36 92 73 89 52 28 31 11 2 47 23 34 29 20 39 39 2 90 2 11 17 52 34 88 98 23 79 72 3 23 97 38 37 17 33 77 81 81 70 96 39 89 70 1 99 74 90 29 47 62 80 97 62 64 12 16 23 94 65 47 1 52 38 85 67 87 99 90 9 99 96 50 64 12 70 59 7 18 8 19 82 46 27 87 56 24 13 77 76 29 100 2 85 34 55 82 41 67 36 69 83 85 6 84 46 66 42 61 24 50 48 27 11 97 66 82 96 80 4 35 52 71 68 11 88 21 4 52 52 66 85 ; 
L -2 122 123 -56 51 140 -40 10 -103 134 -44 149 108 -90 57 -74 -50 51 94 34 98 31 129 109 -137 -93 74 101 -71 76 118 -100 -165 -108 -47 154 81 -114 -101 22 -145 173 -75 -109 -147 138 -90 -113 68 -170 -28 175 -133 147 -164 148 150 -5 151 -43 32 27 25 126 -80 -87 51 153 122 -116 -96 -132 -97 -20 -8 105 -86 -50 44 -156 44 -171 -113 61 101 -95 109 -132 30 -93 -92 -43 1 -68 -57 -146 -12 -63 -163 150 81 15 102 -30 -88 -68 -1 -9 10 -7 3 91 -53 99 27 139 9 66 143 125 132 87 -45 -1 -98 -1 -157 37 89 -138 -5 28 40 60 2 143 90 -161 2 -159 -110 -36 147 -35 147 -91 -149 -105 -122 149 167 149 58 168 -22 -31 -166 -32 158 152 162 -44 -18 -119 119 -59 -108 14 63 35 89 -92 27 87 174 155 -62 60 -160 86 -41 111 28 103 -169 29 -80 -2 -79 69 172 74 122 -80 -39 65 -146 -36 44 134 ; 
2:4 14:52 21:81 11:41 12:44 1:3 22:84 18:72 6:22 5:17 25:97 28:108 22:84 11:43 16:64 9:35 28:110 37:147 46:180 24:94 30:116 54:212 11:43 24:96 7:27 7:25 23:89 14:54 5:17 17:67 2:4 32:124 8:28 28:110 1:1 19:73 4:12 31:121 6:24 14:54 30:116 34:132 21:83 44:176 6:20 30:120 36:144 15:57 12:48 9:33 28:112 19:75 16:64 24:92 24:92 30:116 19:73 31:121 23:89 24:94 31:121 15:57 49:195 34:136 2:8 4:12 32:128 37:147 16:62 14:52 9:33 8:30 27:105 9:35 12:46 39:153 40:158 30:116 13:49 38:148 48:190 23:91 19:75 6:22 27:107 51:201 40:158 33:129 13:51 39:155 26:104 68:270 13:51 16:60 28:110 5:19 7:25 23:89 23:91 4:12 13:51 15:59 4:12 17:67 25:97 12:48 37:145 12:44 13:49 40:156 15:57 34:136 19:75 12:46 41:163 39:155 40:156 39:153 20:78 24:94 18:70 15:59 22:88 49:193 16:62 40:156 3:11 19:73 31:121 9:35 12:46 40:160 14:54 21:83 32:124 29:113 42:166 33:131 19:73 14:52 3:9 4:16 38:148 27:107 32:128 28:108 10:38 8:30 32:124 12:46 26:100 28:108 31:121 18:72 19:73 42:168 10:36 5:17 3:9 37:145 19:75 40:160 24:96 20:76 2:6 14:52 13:49 22:88 12:46 24:94 6:20 29:115 6:20 29:113 26:104 18:70 8:30 17:67 5:19 52:204 29:113 1:3 24:92 34:132 14:54 81:321 17:67 11:41 30:118 5:17 18:68 24:92 27:107 26:100 30:116 4:16 6:24 27:107 44:174 27:105 34:136 ; 
L -101 125 18 -40 13 -54 -66 -141 -32 -123 64 -29 122 139 -47 7 -17 -9 64 23 36 18 137 83 -96 -37 143 26 -32 31 4 -108 40 -38 50 -65 -24 21 -69 -49 50 6 -138 43 -32 -64 -114 115 -124 29 103 136 -68 55 135 112 61 -138 2 -112 6 147 13 141 -124 136 47 110 102 -102 -53 35 -2 145 -129 110 -10 36 31 -114 -89 129 -112 -16 135 -78 -106 -83 -6 21 59 146 115 140 72 -95 136 39 60 -7 -40 -44 20 77 6 -132 145 91 76 150 92 -88 8 -55 -24 144 -87 -53 30 18 -78 -37 100 -11 104 61 -114 101 56 -3 37 -47 114 89 113 -35 -57 -61 -74 59 136 110 -122 72 61 60 -65 86 -70 89 -133 94 143 -139 -83 -27 45 -11 30 34 -141 -137 -68 -135 86 -88 -32 -72 45 87 32 -53 -57 124 -17 103 -116 77 109 -44 -131 -38 -29 -78 -85 -125 -2 -77 -24 -44 -21 83 56 40 -11 -126 136 103 2 40 ; 
97 84 57 19 93 86 24 76 59 91 56 36 59 48 3 55 97 71 88 59 19 67 3 49 59 19 84 97 28 46 60 73 83 11 46 78 29 91 17 82 47 94 41 64 35 5 11 11 83 8 93 13 40 87 12 65 48 3 74 19 18 97 82 46 92 63 83 24 81 16 52 94 68 92 23 85 7 95 25 12 78 78 71 37 34 54 85 52 63 67 72 85 56 51 52 2 77 43 73 44 72 5 81 48 82 76 64 22 18 47 37 33 48 20 42 73 80 29 68 14 92 69 77 45 39 100 73 32 25 27 24 72 11 62 100 66 34 71 70 48 91 21 48 16 39 75 7 90 66 17 37 81 3 59 9 74 51 32 10 67 60 49 37 74 5 19 61 54 65 85 87 16 80 73 36 93 87 99 9 62 36 40 9 75 88 42 76 53 45 73 84 98 86 57 31 40 23 59 55 59 53 ; 
L 76 112 -102 -53 35 -135 -7 -88 162 -32 -72 45 159 -31 138 59 -136 -18 -155 3 -102 89 114 -30 53 -55 103 136 -68 -26 -143 37 131 29 -114 40 -11 101 56 -157 37 137 -83 6 168 -72 -110 -38 64 -64 158 147 50 6 74 61 -112 -13 -109 -77 -72 122 112 86 47 140 115 -2 173 66 54 -83 135 83 -139 -122 -64 141 172 146 37 78 126 -43 -129 170 101 50 -65 11 -100 -83 164 -17 -95 174 -40 88 -171 9 92 136 39 156 60 135 -163 -17 -29 -151 53 55 -8 -104 34 -141 20 108 32 68 57 -96 -110 -161 35 -115 166 -160 -137 45 -11 30 -47 124 -113 -89 -114 60 -65 86 -21 167 -69 136 47 49 124 -141 -13 129 -32 24 57 61 -87 21 139 125 -70 94 -44 87 154 150 -175 44 -2 138 -77 38 -40 -91 -145 -31 -36 10 169 -18 -125 78 -61 -144 153 136 -165 6 152 -32 -116 -16 7 61 29 -24 -6 -18 103 44 2 40 ; 
24:94 16:60 5:17 21:83 38:150 9:33 22:88 4:12 38:148 16:64 22:86 26:104 27:107 10:36 43:169 15:59 14:52 30:116 36:144 19:75 27:105 35:139 32:124 31:121 28:108 6:24 33:131 6:20 16:64 30:118 39:155 34:134 12:44 10:36 5:17 8:28 13:49 18:68 10:40 23:91 5:19 9:33 19:73 15:57 8:30 8:28 21:81 14:56 4:14 7:25 28:110 16:60 27:105 38:150 21:83 17:67 29:115 20:78 15:59 4:14 38:152 7:25 18:68 17:67 27:105 30:118 28:110 21:81 31:123 40:160 10:38 13:49 30:120 18:70 6:24 20:76 24:94 50:200 14:54 11:43 14:54 28:110 31:121 35:137 27:107 33:129 43:171 38:148 32:124 3:9 18:72 38:152 40:156 31:121 8:32 25:99 7:25 22:86 8:30 36:140 17:65 1:3 18:68 2:6 35:139 10:40 10:40 32:128 48:192 18:72 52:204 16:62 8:32 38:152 26:104 24:96 5:17 28:108 22:86 50:200 14:54 6:20 6:24 16:60 17:67 19:75 7:25 6:20 25:99 9:33 13:51 4:16 10:36 24:96 47:185 40:160 25:99 8:32 3:11 36:144 17:67 24:92 12:46 28:112 34:132 17:65 30:120 37:147 19:73 24:92 1:3 14:56 31:123 29:113 40:156 26:104 23:89 13:49 28:112 0:0 65:257 19:75 24:92 26:102 8:30 18:68 26:100 30:118 36:144 16:64 5:17 13:51 9:35 23:89 10:40 38:152 35:139 4:12 23:91 23:89 26:102 40:158 10:36 46:182 30:118 11:41 19:73 37:147 28:108 6:20 21:81 12:48 10:38 17:65 24:92 13:51 4:16 40:156 51:203 24:94 22:84 ; 
L -98 100 58 75 91 -149 -81 -94 121 -93 71 128 88 -130 123 27 -150 19 -16 -115 -121 -52 28 10 -136 103 -88 19 -22 -15 104 -116 101 -71 91 -138 77 -15 144 147 -4 -75 48 -24 67 -35 72 86 137 -20 104 -86 118 143 142 56 -147 -14 14 -132 -23 104 -88 -108 126 40 -48 -89 4 -114 31 102 30 -91 148 -132 93 111 125 -68 -139 98 -18 -32 -106 132 132 7 -89 3 130 -149 34 131 66 103 34 -58 47 -2 -73 34 -121 27 -95 -72 -21 -55 -51 32 135 64 -150 5 38 13 -102 27 -28 -2 13 90 -20 -123 136 -32 144 108 -8 -35 86 84 68 -19 56 -10 101 -109 22 144 126 -126 32 -88 123 55 103 1 60 -79 -143 -32 -29 -111 124 -99 61 -129 131 -47 -125 -134 -46 -77 -15 -63 36 -143 109 -8 -49 99 -51 19 -142 125 35 -117 -64 105 -28 123 33 76 -102 -11 -128 -87 -109 -45 -59 -55 -115 -105 -85 10 -30 -16 -17 125 ; 
18 51 54 56 58 13 6 74 70 42 84 37 62 65 51 78 67 75 39 95 29 8 16 76 77 76 80 10 10 100 36 53 16 56 89 73 68 72 99 20 92 20 73 24 64 21 44 90 58 24 73 82 77 8 17 45 5 44 8 21 96 47 91 27 62 58 87 44 51 23 55 90 16 33 98 29 25 33 72 41 66 96 2 29 22 29 71 72 93 21 68 89 92 15 91 27 52 24 4 75 70 44 85 17 90 12 38 62 92 79 43 18 30 3 48 25 99 41 71 20 58 53 97 5 84 82 66 37 43 63 14 65 4 98 55 13 27 31 42 14 5 27 96 22 19 4 19 84 74 71 20 51 61 36 18 66 49 79 98 55 96 12 63 68 1 30 59 12 9 4 75 16 14 20 80 17 94 93 47 63 92 42 67 23 47 72 65 36 51 23 33 1 4 86 58 31 41 96 95 4 33 ; 
L -98 100 -89 -14 -1 -134 59 125 35 152 174 -35 88 108 -103 56 -51 -28 147 47 -60 109 -55 -115 -87 -32 102 32 166 -117 -64 -27 -34 123 130 172 -144 -160 109 -161 -20 -32 155 -116 49 8 -109 -111 -55 147 -154 -135 58 -73 153 -28 91 -30 -102 3 16 -159 -162 -137 91 -86 118 -121 -164 18 86 -132 32 -150 -20 -131 170 -32 -88 75 68 -66 -67 24 125 -79 -143 168 93 -46 -11 169 -81 139 68 28 111 29 -36 -132 10 129 -61 38 13 -58 -132 -123 -98 -94 76 -45 138 -157 -19 -103 136 -71 48 131 93 -151 -23 104 -167 -15 171 27 124 -31 -173 114 128 156 132 -72 21 4 -158 14 -128 -105 -85 10 89 48 22 -16 115 130 -142 -144 163 -47 99 175 35 40 13 -22 104 10 84 8 -125 -5 150 -64 143 -142 105 -4 -165 88 52 -149 -55 -51 71 -56 -99 -149 -102 -75 -143 63 15 19 -30 144 126 27 95 -2 -108 126 -121 148 -17 125 ; 
8:28 21:81 11:41 3:11 3:11 4:16 1:3 6:22 38:150 48:188 0:0 11:41 5:17 6:24 8:28 42:168 52:204 3:11 30:118 4:14 17:67 46:184 11:41 2:6 25:97 9:35 20:80 23:91 27:105 14:54 19:75 35:139 23:89 44:176 8:28 23:91 18:72 24:94 7:25 17:65 24:94 12:44 40:156 40:160 10:38 30:120 2:6 10:38 23:89 4:16 9:33 32:128 5:19 33:129 10:38 40:156 34:134 14:52 7:25 23:91 43:169 42:164 29:113 6:20 6:24 14:56 31:123 22:88 13:51 30:118 11:43 23:89 17:65 16:62 10:36 19:75 15:59 31:123 30:118 9:33 13:51 15:57 17:67 26:102 11:43 18:70 8:32 12:48 27:105 27:107 13:49 5:19 8:28 37:145 27:105 19:73 30:116 15:57 3:9 6:20 18:72 24:94 32:126 43:169 10:40 22:86 14:52 14:52 13:51 32:126 26:104 10:40 12:44 7:25 3:11 14:52 31:121 28:108 27:105 28:108 32:128 18:68 23:91 19:75 27:105 24:96 56:224 3:11 7:25 43:169 28:108 3:11 11:41 24:94 35:137 5:17 3:11 13:49 40:160 11:41 20:78 25:97 24:92 13:49 4:14 18:70 14:56 7:27 12:46 23:91 10:38 11:43 40:160 34:136 35:137 33:129 22:86 0:0 44:174 6:20 19:75 34:132 58:230 46:180 18:72 12:44 2:4 12:48 22:86 14:54 20:80 33:131 20:76 28:112 30:118 11:41 7:25 37:147 31:123 8:28 25:99 18:68 23:89 3:11 23:91 2:6 12:48 21:83 34:136 38:148 2:8 8:28 25:97 11:43 20:78 25:99 31:121 25:99 16:64 2:6 14:52 ; 
L -97 117 7 -51 16 91 -116 -150 -66 -126 114 -85 135 49 -41 42 -125 -40 28 -49 -9 -98 13 -114 5 60 24 -88 126 -6 -145 -56 -45 -48 -41 51 69 -10 -12 70 43 -129 59 -142 -21 31 -54 -61 82 77 -127 41 -50 32 -69 110 44 87 -141 -30 74 12 112 44 12 -115 -85 -28 -90 78 -70 64 3 -91 -5 115 28 133 -83 104 41 -62 -128 14 98 120 -81 -72 -49 -33 103 -85 -67 30 -107 -145 -28 -54 10 -130 -74 -19 -107 -74 85 61 -127 -67 -149 -90 4 -65 -89 -10 40 -94 -115 136 25 -42 49 -69 71 -39 36 -62 13 -47 105 -26 62 96 -88 42 -46 12 -97 -55 -27 -75 -9 138 47 -148 -121 -38 -89 70 96 -36 64 71 -71 -129 -95 -45 130 -57 43 96 -19 57 -48 -74 -29 86 125 -1 -94 -59 91 63 37 -125 -103 104 14 -16 -65 20 -137 46 -102 112 145 109 134 -13 45 88 -85 72 118 74 -10 146 74 -73 119 -47 ; 
97 91 42 63 71 61 9 2 3 95 21 3 98 49 87 81 23 66 9 91 46 34 64 15 88 43 61 68 12 3 52 66 5 45 99 25 67 48 49 53 94 67 26 25 3 54 82 3 89 24 80 96 86 79 10 37 60 24 31 91 86 76 32 6 83 76 2 59 27 97 76 74 27 8 65 66 84 36 73 53 9 28 46 8 37 78 15 34 67 28 5 30 98 98 32 33 31 15 91 92 13 6 6 27 10 72 18 70 77 1 68 79 80 23 56 34 72 14 24 54 84 30 42 45 32 22 86 91 77 12 66 24 26 80 90 45 98 71 84 47 93 28 12 85 57 82 28 40 63 37 74 51 75 12 96 81 49 88 32 46 80 20 58 78 17 13 81 16 34 77 15 22 44 59 19 22 77 79 56 76 38 34 53 2 58 30 94 27 40 34 40 48 13 64 81 42 1 38 87 3 43 ; 
L -148 59 94 133 31 69 -49 98 3 -91 -5 115 -153 -86 150 -159 116 142 168 175 12 129 96 64 71 -27 -28 40 -44 -112 7 -51 -67 162 125 120 161 -57 12 -163 -172 87 -74 114 -46 -174 30 -154 41 78 -16 -167 -9 103 -85 12 10 19 -128 160 69 -20 65 16 -146 10 10 -130 49 141 -73 -115 -13 -158 25 14 -70 -145 -56 -45 170 61 -85 72 118 54 -102 98 28 -104 125 -112 110 51 -136 28 -54 -61 126 -6 41 91 -171 -105 47 -74 -59 -104 115 -43 97 -166 -14 157 -62 -42 -121 -38 -36 74 -169 36 48 -57 -96 -24 -60 -173 62 42 117 70 -91 1 85 10 -134 96 135 49 -41 39 -155 -71 94 152 -88 42 -165 -129 -95 -45 37 43 -55 -126 107 89 -156 63 130 -28 -149 107 -114 -164 -67 -32 -41 127 -77 -82 26 89 -40 151 -12 74 -30 97 9 -65 -29 -66 145 -13 88 -49 69 5 70 -13 88 137 90 -125 145 -62 119 -47 ; 
31:121 16:60 31:123 18:70 36:140 13:51 12:48 20:76 23:91 4:12 26:104 27:105 27:105 4:12 2:6 14:56 9:33 26:100 27:105 12:44 28:112 16:62 21:83 2:8 21:81 19:75 30:120 4:14 32:126 3:9 20:78 26:100 17:65 4:12 11:43 17:67 2:8 27:107 60:236 2:8 13:51 20:76 11:41 40:158 4:16 26:100 25:99 14:54 21:81 9:35 32:128 41:161 9:35 26:104 12:44 27:107 3:11 4:12 14:52 4:12 20:76 26:104 31:121 23:89 39:155 17:67 35:137 37:147 16:62 47:187 18:68 15:57 14:52 43:171 22:84 13:51 26:104 30:116 27:105 2:8 25:99 19:73 14:54 20:76 6:20 3:9 10:40 5:17 13:49 31:121 7:27 22:88 11:41 24:92 13:51 18:70 9:35 2:4 11:41 2:4 12:46 24:94 2:8 14:56 31:123 9:35 28:110 4:12 28:112 30:120 39:155 38:152 28:112 4:14 17:65 23:91 18:70 33:131 11:43 9:35 40:156 33:129 14:54 24:92 15:59 13:51 25:97 57:225 27:105 36:144 33:131 23:89 8:30 9:33 29:115 19:73 20:80 3:9 12:44 20:78 35:139 25:99 14:52 8:32 50:200 18:70 13:49 32:128 15:57 22:84 39:153 33:129 24:92 2:4 18:72 20:80 4:12 9:33 3:9 17:67 14:56 22:86 8:30 19:73 4:14 9:35 25:99 7:25 39:155 39:153 32:128 10:38 24:94 2:4 16:62 12:46 7:27 19:73 25:99 44:176 17:67 5:17 44:176 5:19 55:217 3:11 25:99 37:145 24:94 8:30 54:212 26:104 31:121 36:140 19:73 7:25 34:132 28:110 28:112 2:4 18:68 ; 
L 91 -26 -120 -14 -106 132 69 -112 -139 -95 3 8 10 25 134 136 -43 -43 68 -128 97 -38 57 23 137 80 -77 95 142 30 -51 -80 92 -49 136 -64 -78 -24 -119 76 -15 -138 -93 -139 11 -65 86 -127 31 74 -84 117 46 -97 -95 58 -34 71 21 -23 -129 -78 -67 129 49 109 -28 28 -7 46 29 88 -6 -106 149 -150 -3 -11 73 35 -12 16 109 126 -53 37 60 52 -111 4 -120 18 -107 2 -112 -26 56 129 53 111 -122 -30 97 -45 149 68 -34 -110 -49 1 56 32 104 123 39 -76 71 81 -145 -78 115 -8 -120 -100 124 -88 125 -39 134 -142 138 -38 58 118 94 -112 -7 -99 -65 128 -62 -135 -42 124 130 33 24 84 111 -86 -115 -52 109 134 -1 -149 -131 45 76 -128 141 -73 76 31 -126 117 -42 59 -74 -19 35 137 66 -54 25 17 -114 113 -141 -82 4 144 -13 -16 -132 116 -20 -145 87 52 147 90 136 -25 -111 117 53 4 8 -35 ; 
44 55 57 44 48 51 22 11 21 97 17 30 100 4 75 90 33 51 76 60 85 6 9 48 6 13 99 90 14 58 62 33 75 9 32 99 59 39 38 52 40 78 52 54 85 3 65 66 19 22 36 33 97 97 67 53 27 20 52 53 53 21 97 36 55 79 62 77 87 45 70 42 74 1 54 17 4 11 27 97 40 3 17 42 51 51 67 17 38 81 86 62 6 44 95 33 24 84 83 9 82 55 18 30 55 17 79 100 80 31 90 4 1 25 62 27 46 60 57 54 1 15 7 25 52 27 14 42 94 94 5 53 30 52 32 97 33 49 11 39 48 45 87 61 23 28 85 38 67 17 59 4 6 80 63 75 34 55 94 92 10 7 63 20 73 16 37 13 85 35 34 34 93 48 53 58 28 3 45 21 53 50 61 41 45 20 84 68 41 100 97 2 15 63 8 15 92 18 88 86 26 ; 
L 91 -156 117 -23 -87 138 174 7 29 88 117 46 -76 -129 67 20 -30 -8 -46 -24 -33 -130 -26 -137 76 -173 65 11 129 -23 -28 -163 142 30 25 17 -114 -16 -132 -4 -52 73 35 52 -111 -115 -25 -95 43 54 -66 -152 -59 -154 76 -39 -155 120 -119 -109 52 -86 134 -1 49 -57 175 -78 3 -109 -128 141 -110 167 -49 -56 -68 73 -113 116 123 162 -107 149 157 -10 -8 19 74 -49 136 -145 134 -6 -106 -151 111 25 -15 126 84 -92 -136 -90 -106 -38 53 -126 -170 -109 -129 120 26 -60 -37 159 77 95 -34 95 112 -78 -117 160 53 139 93 99 58 139 58 111 56 2 43 64 -124 -150 165 -149 -131 118 -166 82 -168 141 42 135 -45 -153 -100 -97 128 115 169 171 71 149 158 69 -134 112 -88 -128 65 -16 -80 -127 31 74 71 -1 62 -11 111 -122 172 -104 -32 -76 39 14 68 97 -45 -7 84 145 -164 -3 161 4 18 -42 35 -31 -78 147 4 -35 ; 
18:70 18:72 4:16 41:161 58:230 52:204 8:30 21:83 7:27 17:67 8:32 39:155 24:94 22:84 15:57 28:110 21:83 3:11 15:59 24:94 34:136 12:44 18:72 19:75 12:46 26:100 10:36 8:28 13:51 7:27 18:70 14:56 11:41 24:92 18:70 24:92 12:44 14:52 18:72 15:57 30:118 9:33 39:155 10:38 16:60 14:52 8:28 5:17 30:118 18:70 20:76 14:54 9:33 6:24 26:102 11:43 26:100 17:67 4:12 26:100 3:9 6:24 29:113 26:100 8:32 11:41 8:28 32:126 21:81 8:32 43:169 4:16 5:19 18:68 35:137 16:62 15:59 29:115 38:148 2:4 36:144 16:64 11:43 10:38 29:115 7:27 40:160 36:142 14:56 9:35 13:51 16:62 24:94 24:92 1:1 50:198 12:46 4:12 3:11 17:65 34:136 30:116 9:33 6:24 4:12 17:65 8:32 21:81 13:49 39:153 27:107 33:131 23:91 22:88 27:107 15:57 36:144 18:72 41:161 40:156 12:44 10:36 2:8 22:84 34:134 24:94 22:86 20:80 16:64 10:36 7:25 36:140 18:72 13:49 20:76 14:52 28:108 32:124 8:28 40:158 14:54 41:161 5:17 18:68 22:88 32:126 27:107 35:139 30:118 29:115 4:16 34:136 34:136 13:49 1:3 27:105 40:158 48:192 14:56 16:60 9:35 38:148 20:78 32:126 16:62 20:78 10:36 46:184 8:30 9:35 3:11 45:179 8:28 29:115 14:56 33:131 9:35 4:16 1:1 3:11 38:148 22:84 18:72 13:51 12:48 47:187 10:38 18:72 18:68 26:100 18:68 17:65 23:89 5:17 40:160 14:52 7:25 70:276 15:59 58:232 11:41 ; 
L -68 100 -141 -53 -45 -143 69 90 -41 -70 -65 -71 71 -131 124 -129 -106 83 -23 60 -18 60 107 -6 -66 6 -23 -95 -12 31 6 8 -88 134 -121 -55 110 -12 -73 -69 98 -91 45 -133 40 105 70 61 92 -45 -67 29 68 57 12 134 71 86 -52 129 48 -85 75 132 47 -135 -122 -10 -113 -134 -9 3 -109 127 47 -57 56 -91 32 -105 -56 -16 -39 2 22 -23 102 -6 -80 148 105 -133 -54 30 -117 115 -114 80 -101 -12 -30 -122 14 -32 -136 -51 -43 -102 -28 -132 140 -46 -22 122 -34 -54 5 15 -4 -85 132 -45 -46 -23 -17 -132 32 -74 -78 -104 8 11 112 30 67 -78 75 -10 -112 -135 -95 118 -47 113 -36 -128 132 -131 19 -134 -6 115 -38 -20 57 -43 -128 15 -116 43 -118 -18 -117 -42 149 1 109 45 17 -41 -150 50 138 150 114 142 -30 -34 -145 89 -116 -131 133 42 -43 18 42 99 -116 112 37 -13 112 26 -131 39 40 103 96 -15 ; 
40 83 42 71 78 67 13 61 64 45 69 92 89 70 94 20 64 55 26 99 67 14 11 94 1 32 65 81 46 70 74 87 80 80 8 33 77 77 83 88 39 33 53 26 76 14 43 13 46 45 17 100 35 37 24 30 31 10 12 32 1 90 99 31 69 71 17 81 30 20 35 95 8 27 62 47 70 19 99 96 55 3 97 7 65 88 53 69 88 37 29 77 75 55 77 55 69 47 63 63 70 89 87 2 40 12 73 5 67 16 49 45 86 95 84 78 68 51 87 13 40 65 73 70 89 21 96 98 37 32 67 45 96 12 79 74 73 29 16 92 100 66 60 40 82 25 88 52 98 96 91 14 17 1 53 12 7 69 47 8 75 97 41 39 29 82 13 84 24 26 72 54 49 68 64 30 95 3 39 22 49 27 100 63 55 81 36 55 63 77 86 32 95 98 70 50 15 8 63 87 12 ; 
L -68 100 -103 -152 -132 -45 -143 69 90 -45 -80 -115 40 -31 -154 22 -6 34 -105 -117 -161 -138 -156 57 175 -12 -73 -133 131 116 6 136 -163 32 78 -2 39 104 78 -48 -113 67 -71 -55 110 -118 15 -47 -36 -38 -56 -47 -127 109 -3 9 -141 151 -53 135 169 16 98 133 -159 128 105 -171 46 -1 -54 5 15 -4 -85 -66 -106 83 -18 112 -116 174 -42 149 109 47 -145 89 131 -18 -32 132 -165 124 6 -23 -122 -91 -128 30 41 134 12 -121 -112 -42 118 -30 115 -23 -61 -70 112 -40 -39 155 -69 -95 160 166 23 92 102 -8 -45 162 -23 -122 80 22 -8 -6 -10 -101 132 45 -172 107 46 28 -43 -37 133 52 -86 43 95 -167 -67 -12 -68 -29 71 -12 -32 -10 -34 -129 14 -158 -134 -91 20 150 173 -30 -168 -74 164 132 30 88 116 -99 85 117 43 134 -19 131 -105 -157 11 75 -50 150 -122 -41 170 142 -17 42 -153 65 70 102 -6 13 96 -15 ; 
16:64 34:132 9:35 35:137 19:75 30:120 27:107 6:20 25:97 36:144 18:72 19:75 27:105 62:248 26:100 4:12 41:161 2:4 6:22 31:121 4:14 12:44 35:139 31:121 9:35 38:152 34:132 1:3 40:160 11:43 5:17 41:161 12:46 20:76 33:131 38:150 3:11 37:147 13:51 14:54 14:54 20:80 52:206 39:153 10:40 13:49 36:144 14:54 39:155 10:40 22:84 3:9 25:99 11:43 4:12 38:152 25:97 40:156 32:128 10:36 9:33 40:160 17:65 39:153 13:51 28:112 9:35 22:86 20:78 22:84 24:96 28:108 21:81 35:139 6:20 17:65 28:112 22:88 15:59 16:62 56:224 30:118 35:137 12:46 12:48 12:48 31:123 9:35 44:172 4:12 21:81 39:153 34:136 11:43 14:52 26:104 4:16 21:83 20:78 27:105 12:44 32:124 37:147 10:36 44:176 16:62 17:65 19:75 19:73 14:54 13:51 6:20 20:80 25:97 6:24 9:35 20:80 37:145 29:113 17:67 30:120 1:3 24:92 12:46 31:123 22:88 66:262 59:235 28:110 50:196 12:46 35:139 14:56 16:64 13:49 50:196 10:40 18:72 32:126 12:44 15:57 11:41 54:214 3:11 5:19 20:76 4:16 36:140 20:76 46:182 7:27 14:56 16:60 26:102 56:220 35:137 10:38 36:144 25:99 12:48 46:182 14:54 31:123 13:51 18:72 29:115 10:38 32:128 28:110 13:51 3:11 22:84 31:123 26:100 16:64 39:155 18:72 24:92 39:153 40:156 18:70 9:33 12:44 87:345 13:49 22:86 10:36 8:32 3:11 23:89 28:112 36:140 10:36 38:152 28:110 11:43 28:110 50:198 12:46 35:139 5:19 ; 
L 78 44 150 -145 -27 46 106 -27 -133 -102 -117 -95 -126 99 -145 -95 60 35 -56 -134 -136 138 10 29 139 23 92 149 -19 42 -25 82 -29 -134 -19 95 43 18 -134 89 57 134 5 -17 -6 64 122 -139 -63 98 75 95 -105 111 -47 142 -120 71 -78 94 74 50 -135 115 -14 -35 133 123 -19 146 42 -37 149 -3 101 -133 119 118 96 -91 97 77 -41 -76 -24 60 -69 81 93 -144 -134 -113 -94 33 -52 128 71 54 -149 -35 -92 70 25 -109 -70 -46 -99 142 -52 143 -10 144 -138 -141 50 114 -67 -96 -25 16 -27 -5 -85 72 82 -29 -97 47 -64 90 12 100 37 53 131 -108 64 -10 144 -33 -100 140 91 -28 94 -46 -27 -5 -16 139 -118 -36 -144 86 -30 -18 -105 55 2 95 -148 102 123 21 -2 -25 -33 -60 45 96 42 57 108 102 69 -112 -116 -116 44 56 35 113 141 -71 51 -125 98 94 69 46 141 148 16 -4 66 115 -101 -43 85 121 ; 
97 23 50 13 39 7 4 18 14 71 75 66 29 97 7 60 79 80 67 95 52 96 27 64 37 75 93 91 63 7 68 10 21 98 16 30 54 54 15 82 21 28 69 5 86 22 39 43 72 61 92 19 91 78 61 26 9 22 5 52 28 16 49 18 85 95 32 28 82 24 24 6 69 41 93 20 98 75 91 31 97 33 98 6 91 26 91 70 62 2 12 54 98 32 7 41 37 55 24 68 51 57 18 42 98 82 68 19 61 85 36 96 92 59 27 61 76 25 38 82 72 36 72 17 33 63 50 34 26 6 88 48 82 94 85 42 57 62 36 38 86 61 11 65 62 13 24 34 52 53 42 66 33 78 30 20 19 24 4 94 30 64 25 23 75 95 69 21 21 63 82 49 8 52 14 36 97 1 41 20 38 93 12 72 5 55 51 50 20 47 57 78 81 53 71 55 68 64 47 16 24 ; 
L 149 -19 119 25 125 -36 -19 -111 105 -95 60 47 5 27 46 109 -28 -91 97 158 92 -43 -95 29 -160 82 82 164 -75 50 -29 85 27 154 118 96 -19 52 -100 -133 102 69 -161 143 102 115 -14 93 30 -86 139 23 -149 76 41 -33 -113 -35 -44 -37 -52 128 54 -149 -35 98 -16 -64 -153 -131 -35 27 51 -95 10 141 169 -69 16 108 116 89 95 -5 -134 64 18 -63 78 -134 -102 -71 46 -134 81 -152 120 47 -101 67 -114 142 -156 -146 56 -35 144 135 145 -141 -46 57 138 112 -123 55 175 94 -33 94 -173 -6 -168 -144 -134 118 -139 43 -170 -10 -138 -77 166 -74 -94 -71 16 -151 141 -150 -44 -105 159 -144 -21 148 -60 165 -45 25 172 133 -140 -144 -163 96 -134 -25 -101 3 -60 -171 -72 50 122 18 -91 123 167 162 -99 -2 -99 117 -98 139 155 -64 2 136 -145 -27 157 25 42 24 4 -70 -115 -66 69 113 97 46 -126 53 -106 -174 85 121 ; 
4:16 26:100 6:24 37:147 13:51 14:54 12:48 21:81 32:124 42:168 32:126 33:131 6:20 14:54 10:38 6:20 14:56 7:25 39:155 0:0 14:56 10:36 22:86 22:84 39:153 7:25 6:22 45:177 15:59 4:14 29:115 18:68 11:43 26:102 22:88 30:120 34:132 1:3 8:30 10:36 43:169 6:22 19:73 34:132 20:80 8:32 34:136 22:88 8:28 12:48 9:33 30:120 20:80 3:11 3:9 18:72 11:41 38:148 7:25 8:30 17:65 17:65 26:104 10:38 28:108 17:67 34:136 26:104 28:112 11:43 30:118 14:52 9:35 4:12 17:65 13:51 44:176 5:19 32:126 4:12 24:92 22:86 36:142 62:246 22:86 11:41 11:41 20:76 56:222 32:128 2:8 52:208 8:30 47:187 3:11 38:152 24:92 12:46 13:51 15:57 31:121 48:188 22:84 8:30 5:17 27:107 26:100 9:33 13:49 28:108 23:91 32:124 10:36 40:158 26:100 8:28 19:73 32:128 10:36 13:51 36:144 23:89 12:48 6:24 5:19 28:108 17:67 24:92 12:48 27:107 11:43 38:148 10:40 9:35 12:44 22:84 18:68 14:52 7:27 9:35 20:80 10:36 8:28 24:92 31:121 13:51 34:132 15:57 32:128 12:44 48:190 30:120 4:16 18:72 32:128 4:16 25:99 37:145 29:115 38:148 14:52 24:92 21:81 25:99 8:30 42:168 24:96 12:46 40:158 11:41 10:38 11:41 9:35 22:88 59:235 30:120 26:102 12:44 4:14 34:134 15:59 16:62 2:4 3:9 10:40 6:20 54:216 40:160 17:67 22:88 40:160 12:44 23:91 41:161 15:59 28:108 6:22 8:28 26:104 7:25 10:38 ; 
L 147 -112 -123 -80 -94 8 -28 84 -61 63 -103 34 36 -6 -12 15 -14 -81 -60 139 32 137 -9 73 -10 103 -131 -89 91 47 -22 -99 -121 -118 -133 107 -77 24 62 33 -32 -89 90 50 99 75 4 75 -149 26 42 -150 100 -84 -116 -31 -13 143 120 63 -73 -138 52 -88 -150 -17 16 55 104 -14 -14 -2 6 -25 -49 -11 -118 -35 -109 -61 1 70 -118 -126 120 97 46 50 -131 6 -22 38 4 -41 -120 12 -121 53 -71 -29 56 8 43 114 39 -123 83 11 143 136 18 69 -114 -124 -89 -26 -49 6 104 -16 73 26 -31 -66 69 105 9 130 101 133 21 117 -90 -134 -115 94 -6 -85 10 -106 82 -48 88 142 -136 -78 -51 -2 81 24 51 -94 74 25 82 67 -54 7 -36 -40 53 -88 -150 -108 -114 107 -25 77 130 130 103 -30 30 73 4 127 120 34 -35 -132 135 141 -50 18 -101 27 96 -46 -42 -15 103 97 29 -82 -99 93 -8 -84 26 -143 ; 
3 34 14 34 15 52 43 55 27 11 99 88 77 94 62 61 71 46 16 17 39 85 70 78 74 68 95 34 54 43 23 18 29 12 10 14 53 48 2 36 88 55 75 79 8 29 16 93 88 1 73 20 47 84 70 21 43 6 1 18 80 22 35 94 80 20 89 98 99 88 38 35 29 14 75 87 59 20 68 30 63 80 63 28 83 11 90 83 61 2 77 5 38 31 3 61 42 7 100 99 2 35 73 95 71 43 41 51 45 68 81 7 69 40 30 81 28 39 5 43 14 13 49 39 6 31 24 78 36 23 57 11 39 17 50 9 35 24 68 20 47 58 91 49 91 35 1 8 26 18 24 34 87 35 26 73 30 34 89 44 13 55 66 80 86 70 49 36 19 48 38 3 3 72 19 90 66 90 50 74 79 30 69 93 44 54 55 28 50 92 20 75 33 56 24 54 89 21 23 83 25 ; 
L -34 -120 -118 -133 135 -15 12 94 -120 -157 126 -69 66 -36 -88 75 -25 75 -136 -169 147 8 -93 -114 -77 -151 -120 12 165 22 131 52 89 22 -160 89 -50 153 -103 82 -48 4 127 1 -73 -60 70 -118 69 97 25 -4 31 -101 -120 -143 -149 -14 -81 101 -18 -141 -18 150 -42 -173 -115 6 55 -166 -26 108 15 109 -39 -105 -99 114 -163 150 168 -46 53 -71 -104 -24 142 152 175 -159 9 -136 67 82 49 -138 61 74 34 107 -150 -27 88 -80 -94 8 -28 30 73 -84 171 130 88 -43 -10 85 -6 -56 121 -99 42 91 162 30 49 -63 -8 -103 -130 164 121 104 90 -117 172 -130 -25 116 84 -81 -36 14 14 -29 174 156 -41 -90 77 137 -123 114 -73 11 106 -29 167 -82 -124 -47 -170 -89 17 -4 -38 -11 6 155 63 -99 24 -73 -54 7 -83 6 35 118 -62 -158 -154 -133 13 112 123 51 -94 -46 -97 161 96 -132 107 -139 -51 -2 -2 143 26 -143 ; 
16:64 36:144 16:60 4:16 8:30 22:86 25:97 23:89 35:137 20:78 21:81 19:73 3:9 35:137 9:33 26:102 20:80 39:153 25:97 30:118 56:222 21:83 36:142 18:70 13:51 1:3 8:32 25:97 6:22 3:11 1:1 10:38 46:180 33:131 10:36 42:168 16:60 41:161 13:49 2:8 24:92 9:33 36:144 36:142 21:83 10:36 7:27 26:100 29:115 15:59 22:84 37:147 15:57 3:11 16:64 1:1 34:134 16:64 19:73 18:70 18:70 62:248 15:57 18:68 8:32 14:54 8:28 6:24 9:35 6:20 7:25 16:60 28:110 29:115 18:70 10:40 3:11 10:36 27:105 67:267 56:224 27:107 9:35 40:160 38:148 52:204 13:49 16:64 4:16 44:174 31:123 18:72 4:12 8:30 70:278 10:40 20:76 33:131 46:184 17:65 2:8 28:108 12:46 16:60 6:24 21:83 18:68 22:86 29:115 1:1 9:35 34:136 14:52 7:25 12:46 28:108 26:102 20:78 41:161 32:128 18:70 25:99 36:142 6:20 8:30 40:158 28:110 4:14 16:60 20:80 46:182 11:41 20:80 16:62 40:156 6:20 15:59 18:70 28:112 29:115 10:38 5:19 16:60 38:150 1:1 26:102 42:168 11:43 8:30 35:137 8:28 9:33 25:97 12:48 28:110 8:30 9:35 18:72 17:67 1:3 19:75 17:65 44:176 12:44 16:60 6:22 11:41 0:0 13:51 27:105 4:16 6:22 33:129 14:54 14:56 4:14 21:83 8:32 30:120 14:52 34:134 14:52 10:40 19:75 23:89 43:171 14:54 37:147 36:144 9:33 22:84 6:22 30:118 32:124 8:32 4:12 33:131 15:59 20:80 34:132 10:40 ; 
L 115 -74 9 31 139 -50 -8 22 -1 -67 125 17 -12 -1 69 -84 38 115 -96 58 -135 38 -56 -113 -133 -137 34 -132 -21 -144 -36 103 94 86 114 -55 40 -125 -70 3 118 -62 -54 80 -142 21 -101 131 139 -69 122 -21 -62 100 -27 -146 115 62 -140 -75 123 50 18 -96 144 7 -33 150 27 121 58 -22 67 -44 107 -111 -150 11 132 -90 -122 -110 -132 -76 -137 -67 32 -100 51 74 24 -80 -76 66 -116 -54 -2 -44 -135 93 -135 56 -49 41 -117 97 87 -62 -37 -19 -6 -131 -112 7 118 -101 114 40 114 -36 -43 150 19 19 135 101 -105 -58 -99 -61 -134 -50 -42 15 -27 85 16 22 27 -130 10 100 130 -22 46 117 113 66 135 -148 102 56 149 -24 -118 32 -91 12 32 -46 96 -62 91 86 -116 26 -104 30 142 -144 95 -145 75 28 71 95 72 11 68 144 -17 -120 57 60 73 14 144 -140 112 130 65 144 -117 86 -136 71 -93 -99 -27 23 ; 
20 93 9 88 86 36 28 7 94 59 40 72 24 80 96 82 57 20 49 91 53 57 73 96 42 37 86 46 3 99 82 58 63 16 4 52 14 37 8 52 10 63 24 40 76 94 19 83 78 54 9 1 19 55 91 53 88 79 28 6 47 30 98 18 100 36 3 79 36 39 10 94 91 97 85 14 69 48 35 46 48 83 2 3 80 37 81 34 89 97 7 64 42 29 5 3 72 18 6 77 57 38 2 20 92 39 86 5 4 83 94 26 2 4 95 93 67 57 50 23 57 37 79 82 66 74 88 50 78 63 82 20 82 3 15 41 75 39 7 91 14 14 45 77 50 71 11 84 76 27 94 68 1 23 86 2 35 1 47 80 81 97 3 43 73 57 30 27 46 94 83 34 71 77 20 4 81 81 45 35 93 82 54 32 47 73 82 82 73 38 1 93 9 20 49 64 33 32 60 21 11 ; 
L 10 130 -56 -76 -32 -159 -137 -24 -74 113 -44 -105 -58 164 -24 110 -135 3 130 -133 -111 -150 -114 -175 2 -58 17 -12 -1 69 -84 57 167 22 -1 -80 -62 -135 -66 -154 67 36 -102 -136 71 148 -36 131 91 -116 -169 93 27 -103 -75 -37 -7 112 151 -56 96 -18 80 -100 -170 34 -86 -94 86 17 -144 30 62 -100 -96 26 95 75 65 144 139 -69 -132 -123 16 -130 -41 11 11 -117 -153 -27 46 -9 -54 -120 -21 -137 -140 132 -68 -150 22 90 171 56 91 -55 40 -70 -144 165 -144 135 -122 158 -118 140 -144 27 -172 72 115 161 51 125 71 95 -163 -19 -19 -50 173 97 -131 162 -117 -15 62 -67 28 31 139 58 121 87 93 145 -122 44 -40 38 74 -115 135 -61 -134 149 -27 62 60 96 -99 101 -85 118 -101 114 -174 -150 43 101 -21 142 -152 -117 -146 38 -155 21 -76 66 -116 -54 -166 142 7 -33 46 99 -157 19 -62 -160 50 168 -42 -49 23 156 ; 
14:56 16:60 33:131 13:51 23:91 18:70 14:54 24:92 3:11 20:78 28:108 53:209 20:80 3:9 33:129 0:0 31:123 29:113 33:129 7:25 26:102 28:110 33:131 8:32 14:56 16:62 28:110 10:38 32:128 39:153 33:131 6:20 14:54 14:52 38:150 26:104 23:89 16:64 31:121 38:152 44:172 43:169 8:30 15:59 26:102 9:33 2:4 29:115 4:12 30:118 43:169 40:158 26:100 7:27 12:44 13:49 38:148 2:6 3:11 10:38 36:144 8:28 33:129 36:140 34:134 8:32 11:43 7:25 28:108 31:121 38:148 7:25 32:128 4:14 22:88 54:214 7:27 5:19 5:19 38:148 31:123 22:86 28:110 4:14 5:19 1:1 16:62 11:43 18:72 51:201 37:145 33:131 5:17 14:54 7:25 48:190 24:96 27:105 5:17 22:86 9:33 21:81 43:169 21:81 20:76 28:110 36:144 6:22 6:22 5:19 32:124 38:150 14:54 20:76 19:73 6:24 38:148 10:38 33:131 26:100 20:78 20:80 7:27 31:121 50:198 28:112 21:83 2:6 44:172 17:67 33:131 30:120 15:59 19:73 41:163 14:56 4:16 6:20 22:88 22:86 53:209 32:126 35:137 32:124 4:14 19:75 1:3 18:70 28:112 5:19 13:51 32:128 3:11 38:148 1:3 26:102 33:131 6:24 28:108 37:145 15:59 34:136 44:174 30:116 4:14 40:158 38:148 27:107 5:19 24:96 15:59 28:108 8:30 38:150 1:1 39:153 22:84 4:14 42:168 23:91 2:8 12:46 2:8 2:4 14:54 14:54 15:57 2:4 10:36 14:52 24:92 32:126 11:43 8:32 26:100 14:52 6:24 1:3 19:73 11:43 22:88 ; 
L 50 29 -108 -24 98 -85 -57 92 -129 -39 -55 141 -67 114 14 -143 137 48 31 144 92 -69 129 -121 -104 1 -48 -135 91 -46 99 -3 -5 138 8 -53 -8 6 129 14 -63 146 33 17 -78 -27 95 -51 -9 106 -78 32 109 92 -15 -112 140 -29 -76 83 -57 -97 135 -25 -141 -92 117 -5 -107 88 -13 67 70 -92 -38 146 122 65 117 -97 106 -18 -112 65 101 25 -59 -18 -135 -99 138 42 -17 71 -15 119 -125 -136 -30 92 51 66 84 -26 6 8 40 36 -11 -11 16 -113 -35 -25 42 79 69 -79 -96 -142 79 13 9 -54 -35 -1 54 -7 5 -105 -59 -3 -25 42 -125 69 51 103 -8 56 -147 123 37 76 12 76 -9 -16 89 4 -45 -100 84 -85 -16 51 -97 42 83 -83 -19 23 -15 -34 -120 -94 23 81 -66 140 -75 -78 34 -20 -71 -93 125 85 -132 -49 -111 122 -150 -60 -69 -106 -58 -82 -49 110 61 -102 -5 -95 -119 73 -6 -58 98 -103 ; 
44 54 49 46 57 79 92 44 59 79 32 54 47 98 34 99 25 69 18 47 30 100 11 48 20 32 49 41 69 85 31 36 51 51 14 9 5 10 69 44 50 42 74 25 35 93 78 6 4 82 52 100 67 29 2 10 60 61 77 2 14 79 49 96 42 65 90 89 69 65 77 37 95 42 58 2 36 42 85 2 44 20 11 65 32 63 99 79 97 64 44 16 19 11 2 32 36 100 38 37 35 84 53 61 24 3 8 43 77 8 21 2 47 61 4 55 15 57 12 29 73 75 24 65 67 68 20 37 66 9 10 43 19 33 45 86 48 56 44 3 17 88 19 52 82 81 53 41 22 29 47 89 9 14 31 39 73 85 52 8 47 45 64 92 32 5 95 21 37 41 60 99 12 75 43 15 6 47 8 33 23 68 55 8 38 33 51 42 46 30 44 3 8 48 75 28 81 25 100 27 30 ; 
L -167 -76 129 146 -19 95 -69 92 -129 -85 -109 -32 6 8 147 9 -54 -1 -63 -117 -25 -101 157 29 -24 98 49 -171 9 168 14 48 31 144 92 -113 -5 5 92 160 69 42 -83 -169 34 -92 -38 17 -155 78 65 71 -119 78 -110 -83 -34 -120 -141 55 39 162 78 -106 159 117 -97 106 125 152 -5 71 20 -57 -79 142 96 16 -69 129 164 73 -98 58 106 -111 122 -150 -60 -51 -5 -4 89 -135 51 -97 42 -161 8 -174 -175 -58 91 -46 99 135 48 102 84 156 -95 -103 -51 16 -81 -76 138 123 37 -121 -104 166 -42 -138 18 105 -141 18 30 173 -6 61 -6 8 -165 -70 13 3 59 -57 -35 -65 112 50 -97 140 146 122 -3 -154 16 -100 11 11 14 -135 40 36 59 -114 172 119 23 -93 -125 -8 15 125 51 -1 -54 -132 -69 49 -23 112 79 -163 -153 -56 25 170 -107 84 -151 -137 -85 9 -12 -92 -25 42 79 -66 25 -88 -27 -45 158 -103 ; 
31:121 24:96 15:59 24:92 10:40 18:68 5:19 14:54 24:94 31:121 18:72 27:107 52:204 2:4 31:123 16:60 26:104 38:150 17:67 11:41 7:25 26:100 7:25 25:99 12:48 23:91 10:38 12:48 28:112 5:17 4:12 18:68 8:28 19:75 12:48 34:134 26:104 3:9 4:16 20:76 26:102 41:161 4:12 26:102 9:35 30:120 24:92 33:131 38:152 4:12 56:222 24:94 15:59 4:16 48:192 16:60 50:200 13:51 41:161 22:86 13:51 23:91 12:46 21:83 24:92 39:153 1:3 18:70 22:88 43:171 15:57 32:124 18:68 24:94 33:131 30:116 12:46 10:36 21:83 5:17 5:17 17:65 19:73 40:160 30:118 7:27 28:108 22:88 4:12 10:40 52:204 17:65 21:83 40:158 10:40 30:116 34:136 28:112 8:30 4:16 40:158 10:40 25:99 36:142 13:49 38:152 17:65 10:38 24:92 5:17 5:19 53:211 23:89 11:43 21:83 4:16 15:57 19:75 8:30 11:43 8:32 6:20 14:54 7:25 41:163 89:355 1:1 22:86 5:19 23:91 21:83 43:169 4:14 4:16 3:11 38:152 35:139 15:57 16:62 2:8 38:148 30:116 26:104 4:16 19:73 12:48 52:208 15:57 6:22 8:30 10:36 2:8 12:44 4:12 44:172 15:59 4:16 18:68 2:6 47:185 9:35 38:152 31:123 28:112 8:28 26:102 25:99 28:108 4:16 27:107 38:148 41:163 14:56 23:91 23:89 12:44 12:44 36:144 20:78 11:41 24:92 6:24 25:97 28:110 18:72 17:67 35:137 21:81 21:83 10:40 38:150 2:6 22:88 5:19 12:46 24:96 12:46 8:32 13:49 38:150 12:48 ; 
L 68 -41 -91 -65 91 -12 64 77 -144 -124 -18 92 -122 57 -123 -107 -24 -89 98 -7 46 116 -76 -142 -33 32 24 -107 -119 100 13 125 107 110 -52 -105 -93 25 124 6 104 -23 73 -12 -119 43 -73 -59 -89 -32 -61 -9 -147 89 37 -28 45 -61 109 120 135 51 -96 -52 -32 126 87 -75 117 139 50 -95 81 47 -41 89 144 -55 54 54 73 1 47 9 -49 -28 131 -106 103 17 -24 -29 84 147 71 133 -122 56 11 83 -72 29 -125 5 -16 2 -60 -19 -133 -96 97 -67 114 103 -9 -43 -22 -9 -3 11 -41 -102 20 -105 29 -2 86 -17 36 93 -23 -124 124 74 -26 112 83 -123 -6 95 124 122 139 135 138 -103 22 -137 -55 -75 -23 17 105 -117 88 96 146 49 -10 96 -36 -71 -8 25 102 -133 -93 105 75 129 -105 45 -73 -96 126 127 -64 -44 19 49 147 45 78 -89 -99 -148 -135 150 -99 103 -61 46 121 8 -97 47 -97 107 93 -33 ; 
85 26 9 77 45 16 14 39 39 62 63 58 31 18 6 83 52 2 44 45 13 7 48 95 41 78 24 61 11 85 81 7 44 22 45 27 4 39 35 25 46 92 78 7 92 42 40 19 41 89 32 93 91 92 59 27 9 28 49 73 41 30 43 35 72 32 15 85 42 81 90 72 22 81 68 83 64 86 53 68 39 66 20 35 24 66 66 26 34 39 66 21 64 90 86 87 77 24 28 97 73 23 26 56 82 90 85 70 73 37 52 94 69 57 97 60 59 55 72 54 42 36 86 52 20 4 38 36 13 3 72 9 51 37 48 6 64 90 48 99 98 48 60 15 30 48 50 55 94 63 25 52 10 100 19 74 3 71 13 97 13 89 16 13 10 14 81 82 97 18 17 64 7 19 80 33 5 63 70 94 51 25 7 31 85 64 27 92 84 70 19 28 38 54 16 29 100 72 73 94 89 ; 
L -19 44 64 55 137 -159 153 133 133 60 -91 -83 -47 157 -37 -154 22 -175 124 2 -20 -75 -99 92 -122 -152 117 -67 16 -57 29 -96 -162 97 -87 -49 -41 164 -99 -109 -13 -91 11 -124 93 -73 125 107 -12 -25 -54 -161 -102 -119 -127 -65 83 -123 23 -133 -93 105 -150 -105 29 -9 73 45 -102 32 -1 -17 171 172 138 -103 -47 -17 166 36 -41 103 165 139 135 93 104 45 -100 -151 -169 -156 -126 -131 49 -107 116 -76 -170 89 8 -46 95 -120 22 -124 51 -167 -6 32 -9 9 103 17 -28 88 112 122 43 -59 -3 105 -103 -124 173 -41 61 -121 55 -144 23 -97 -50 -135 -81 95 117 139 148 -89 -78 -61 71 75 142 105 123 147 96 43 9 74 -26 -155 33 -18 56 -29 84 96 -36 168 -5 125 -107 -158 -24 -32 96 -10 24 -24 -89 -96 -2 -89 -52 46 160 -122 89 -7 -124 -77 163 147 106 -114 129 -47 119 12 -75 144 71 8 -174 110 93 -33 ; 
40:156 28:112 26:100 8:30 38:150 38:152 8:30 35:139 4:12 20:76 34:136 69:273 16:64 38:150 8:30 35:139 5:19 17:67 9:35 22:88 4:14 26:104 28:112 10:36 13:49 11:43 10:36 45:179 25:97 4:14 9:33 22:88 34:132 26:102 31:121 14:54 34:134 32:124 3:9 64:254 26:102 23:91 16:64 38:150 10:40 4:12 12:48 18:70 20:78 24:96 20:80 6:22 21:81 15:59 39:153 14:52 32:124 36:144 5:19 17:65 33:129 33:131 45:177 30:118 11:41 30:118 20:80 7:25 10:40 2:6 11:43 17:65 29:113 17:67 4:12 20:76 60:236 29:113 32:124 0:0 11:41 39:155 14:52 14:56 6:24 4:16 20:76 16:62 4:16 36:140 16:62 16:60 5:17 25:99 30:118 17:67 2:6 20:76 58:230 26:104 28:110 5:19 9:33 41:161 5:19 24:94 3:11 22:86 2:8 26:100 37:145 14:52 27:107 16:62 11:43 15:57 39:155 17:65 9:35 17:67 15:57 16:60 12:46 72:284 22:84 13:51 12:44 13:49 23:91 35:137 54:214 48:190 9:35 16:62 15:57 30:120 22:84 33:129 32:124 9:33 11:41 13:49 34:136 16:64 1:3 20:78 66:262 11:41 13:51 6:20 24:96 5:17 20:76 14:54 30:116 39:155 18:68 6:20 26:102 1:1 6:20 24:92 16:64 23:89 20:76 16:64 19:75 10:38 4:16 1:3 18:68 20:80 1:3 2:6 29:115 29:113 19:73 21:81 2:4 33:131 28:112 8:30 5:17 9:35 6:20 5:19 10:38 14:54 12:46 12:46 14:56 37:147 12:44 28:112 36:140 26:100 2:8 38:152 33:131 38:150 36:142 ; 
L -116 89 94 137 85 98 67 -92 -89 19 29 30 -132 -146 36 -41 -42 58 -138 -30 60 128 -147 93 -51 -135 -13 49 -18 -119 -8 27 29 -126 15 -106 -102 45 -3 95 -47 42 -74 -117 -16 -136 94 -130 -148 -124 -137 65 5 123 45 12 -68 139 -13 119 54 98 86 29 -85 -136 -67 -118 -68 78 22 132 130 124 25 35 -135 14 -80 -129 -33 6 -52 -134 7 -27 16 -9 -96 80 10 -82 113 113 -66 -78 56 -96 -103 -52 24 37 97 12 -112 85 -86 -8 75 117 -24 137 18 -32 132 68 -67 -114 -36 107 117 57 -134 112 50 77 -107 -102 -61 -42 -149 -58 -59 72 72 57 -120 -53 -145 28 -94 97 40 -115 -41 86 73 5 26 -82 -55 -142 1 -53 -127 -136 -92 49 105 -91 -62 76 -78 -119 26 48 -52 22 -58 85 -81 -42 90 22 127 -143 145 -32 -26 -96 -118 64 96 -93 -23 -25 92 90 -79 127 -52 -34 20 -39 17 36 -31 -74 -70 -83 ; 
99 87 73 67 96 60 18 58 27 25 86 29 33 34 9 32 92 26 56 42 80 81 46 32 11 19 41 81 23 78 26 83 54 44 81 48 23 78 8 71 11 68 44 55 50 34 81 15 33 70 58 17 86 91 62 4 41 62 60 97 22 72 22 40 74 48 63 83 42 34 28 88 90 90 9 64 2 76 65 54 90 17 43 95 27 17 23 5 98 6 62 19 45 30 22 71 99 35 67 28 31 26 34 21 52 75 80 25 67 99 98 21 44 28 42 65 46 68 2 8 37 45 3 62 89 56 73 28 1 35 49 53 77 92 66 85 12 30 68 27 93 84 28 88 47 81 39 71 69 96 14 94 66 14 38 41 49 70 37 31 44 37 32 53 62 45 88 61 89 25 17 28 100 61 3 50 55 63 39 22 33 97 99 39 45 45 78 29 44 44 61 51 70 17 24 39 90 58 77 98 95 ; 
L 119 -36 107 -57 143 -127 166 -49 -90 60 50 77 -1 78 -57 130 -102 45 119 152 26 52 98 -42 22 85 -29 170 -78 -25 -90 -15 -98 -85 74 -68 -52 -29 135 -86 -113 -12 -161 61 -139 51 -67 103 -169 34 82 -80 72 59 124 -127 -151 -154 79 -85 53 147 -91 162 -23 148 81 -85 58 -22 94 137 -53 -157 124 -25 92 -107 -47 42 164 -136 -135 138 -119 6 172 -76 -145 -118 58 150 156 -165 136 -72 173 -89 16 -134 -5 -65 -80 -93 -39 17 -160 -123 -153 30 174 48 -18 31 -36 9 14 137 -115 93 -26 -96 -130 -33 -67 -118 45 -64 149 -13 155 49 78 75 117 137 113 8 86 32 7 67 -12 -97 -24 96 102 13 168 132 -42 -73 -86 167 159 -106 16 74 126 -29 -27 95 32 120 -68 40 163 -20 134 41 -36 -112 58 -27 -35 -96 -142 96 127 112 128 116 -158 -22 105 26 -55 117 94 -28 97 18 -171 -136 -92 -132 -30 -42 -70 -83 ; 
21:81 30:116 4:12 8:30 20:76 20:80 4:12 8:30 36:144 41:161 25:99 23:89 14:52 11:43 26:100 2:6 7:27 32:124 18:68 22:86 32:128 16:60 3:11 19:73 30:120 19:73 30:118 17:67 20:76 22:86 76:302 46:182 21:83 24:96 39:155 17:65 38:152 24:92 35:139 4:16 16:62 12:48 3:11 29:115 19:75 18:68 6:20 16:60 18:70 9:35 13:51 4:16 22:86 43:171 40:156 28:112 22:86 6:22 2:4 30:118 7:25 17:65 33:129 34:136 13:51 6:24 14:54 7:27 10:40 36:142 1:3 27:107 9:35 20:76 26:104 40:160 32:124 6:20 4:16 28:108 6:20 10:40 14:54 32:124 34:134 7:27 5:17 20:80 25:97 14:54 25:97 7:27 11:43 60:240 2:6 18:70 47:187 7:25 12:44 17:67 48:192 35:137 24:92 9:35 8:32 10:38 10:40 4:12 42:166 0:0 18:68 12:44 7:27 32:126 36:144 7:27 13:51 10:38 2:6 30:118 2:8 9:35 37:147 26:100 8:32 34:132 49:195 37:147 30:120 9:35 36:144 8:30 22:86 14:54 40:158 44:174 6:24 8:30 10:40 46:184 20:80 8:30 18:70 9:33 2:6 24:92 56:222 27:107 3:9 22:88 32:124 17:65 16:62 4:14 30:118 5:17 26:102 21:83 21:83 18:70 22:86 8:28 22:88 13:49 7:27 11:43 16:62 40:160 19:75 25:97 13:51 21:83 32:126 14:52 4:12 14:52 45:179 18:70 14:52 26:102 44:172 20:76 19:73 31:121 23:89 13:49 34:136 15:57 32:128 38:148 25:97 54:216 36:140 25:99 20:78 28:108 12:46 39:155 19:73 40:156 38:152 ; 
L 82 94 73 114 -5 4 -46 -87 -35 -143 -97 -3 119 -36 -132 -23 -98 -80 -122 70 77 -68 111 108 -26 62 -95 150 105 133 -31 -99 74 -141 -10 123 -127 -117 127 -93 -98 -63 37 -97 -77 119 -14 -126 -3 83 110 -72 -141 102 -70 133 73 110 40 93 -21 -130 15 -23 -54 89 128 -33 135 131 -26 -135 -86 -9 48 106 127 -24 33 -91 132 144 84 85 -118 -79 136 67 -77 84 -31 -114 -65 86 -43 80 -2 -88 66 -56 -4 9 119 145 83 85 20 65 10 -142 -103 116 73 127 -68 108 -9 -92 14 -137 -91 -135 98 146 -27 148 17 -66 100 148 -41 -80 -78 -18 17 -127 -128 -148 94 -3 89 -122 86 139 99 53 -129 -34 -133 -16 -115 3 58 68 -82 100 34 -109 122 134 -71 -70 -30 -53 -97 -101 -98 62 -135 96 -11 -119 -90 -125 -2 90 88 15 88 150 -73 -105 147 132 68 144 -68 72 41 43 -25 130 118 -130 86 95 -114 -33 -65 66 ; 
7 12 4 50 50 78 34 56 36 23 53 70 58 92 50 91 37 34 98 40 29 16 60 71 92 73 16 31 36 84 26 72 46 72 94 36 99 11 79 63 34 77 100 38 5 96 35 10 1 82 99 21 47 8 99 93 63 56 49 47 29 68 87 35 62 22 51 28 7 27 19 96 14 52 45 84 5 28 25 65 67 64 54 5 88 62 15 46 21 57 38 38 50 21 9 32 66 3 23 25 48 46 34 51 45 49 37 53 45 18 8 62 87 72 51 50 48 11 72 63 55 4 59 41 21 90 79 98 93 21 25 78 53 23 2 4 7 10 16 18 93 94 17 29 26 3 80 66 32 50 93 38 21 62 39 90 20 29 65 45 97 10 23 63 87 58 8 3 97 54 49 56 1 4 35 90 88 42 97 24 15 92 23 78 100 21 40 91 82 97 93 13 90 87 92 78 17 43 25 41 46 ; 
L 41 -150 95 -68 160 134 10 -142 116 58 -126 -3 -114 80 -71 -36 68 -105 -110 -34 -133 -153 94 128 -18 17 90 99 130 -46 24 -174 -67 -30 68 -77 -70 -35 101 97 3 -89 23 132 147 3 56 -97 161 -141 117 148 154 -2 -66 88 151 162 9 33 132 109 66 -148 123 -99 -80 -122 133 -155 -105 23 31 -73 62 127 108 -9 135 48 -145 175 -106 85 -114 41 119 83 -72 40 93 143 43 167 86 -82 -80 65 111 108 -127 100 -21 137 -14 92 146 136 -163 -172 158 170 128 63 -130 3 -135 -11 168 122 37 165 78 -164 -171 14 159 -84 -34 -100 82 -65 148 87 114 -152 -53 70 -119 -62 70 43 -25 130 118 -33 135 131 -26 86 135 -79 144 -98 127 97 68 156 127 26 15 88 150 -119 20 -77 -84 -144 -173 133 86 -90 2 -127 125 129 -91 15 98 -86 -169 -4 5 98 157 -9 4 73 -95 118 -85 -102 -73 -27 94 -166 74 -132 -33 -65 ; 
28:110 12:44 10:40 62:244 17:67 12:46 12:46 8:28 22:84 24:94 20:76 1:1 32:128 6:20 13:49 7:25 30:120 6:22 15:57 7:25 13:51 22:84 27:107 21:81 10:38 1:3 4:16 33:129 6:20 15:59 16:60 17:65 5:17 12:48 25:99 7:25 12:46 4:16 12:48 24:92 47:185 8:28 30:118 37:145 27:105 32:126 20:80 6:24 26:104 53:209 16:62 27:105 19:73 24:96 7:25 10:36 10:36 28:110 12:48 23:91 42:168 24:92 38:150 37:145 18:72 20:80 9:35 40:156 22:88 24:92 26:102 20:78 17:65 24:94 2:8 6:22 33:131 20:76 20:80 18:70 26:100 26:104 6:24 11:41 31:121 18:70 25:97 36:140 54:214 14:54 19:75 13:49 9:35 6:24 12:46 26:104 7:25 5:17 19:75 29:113 36:144 20:78 10:38 30:118 26:100 29:115 12:44 8:32 31:121 32:124 24:94 22:86 22:84 43:171 20:76 11:41 12:46 24:92 27:107 22:86 26:102 9:33 11:41 34:132 27:105 18:70 3:9 26:104 28:110 8:32 36:144 28:110 18:72 30:116 19:75 17:67 26:104 25:99 35:137 41:163 38:152 22:88 38:148 6:20 36:144 25:99 3:11 11:43 8:30 25:97 6:22 30:120 7:27 35:137 9:35 2:8 22:86 2:8 19:75 35:139 39:155 39:155 12:48 15:59 8:28 8:28 6:22 22:86 27:107 24:96 51:203 32:126 36:144 7:25 10:36 20:76 22:86 13:51 14:54 11:41 39:153 11:43 32:124 8:30 38:148 14:52 19:73 19:75 18:70 21:83 36:140 29:113 18:68 7:25 27:107 1:3 16:62 30:120 13:49 10:40 23:91 ; 
L 123 30 -12 -37 15 124 -127 142 -34 37 -8 106 97 -45 33 -51 53 -123 -111 43 131 74 56 112 114 -9 14 -95 -25 -56 92 -63 -114 -125 -66 35 -54 -73 84 10 -122 -39 40 -60 93 -45 -24 -136 -9 -109 -120 109 -130 -48 147 95 101 -123 49 133 101 -136 58 73 -124 2 -12 124 132 72 -96 88 31 -70 9 140 130 -112 -39 10 52 -87 45 -27 111 119 54 123 -15 132 -31 -14 48 24 -40 32 56 12 -28 -108 -148 82 -76 6 21 -44 -86 61 -55 53 97 -1 -29 -98 -12 46 -29 104 -150 -81 4 10 111 2 68 -6 107 -53 127 -10 -91 75 37 -87 -25 35 -126 87 43 -1 107 -57 -115 124 -10 80 146 -2 127 96 -117 110 -54 -148 -97 -19 -44 51 8 149 76 88 -141 10 5 -48 -125 -2 58 -134 -58 36 74 -33 -23 18 -58 -142 -115 -22 131 103 -40 -102 65 -123 -118 140 -27 142 -30 79 77 62 -81 97 39 -74 27 49 ; 
58 9 67 43 61 5 33 13 93 3 74 87 17 31 54 23 26 14 90 31 73 90 68 32 32 9 3 19 81 8 97 51 51 57 50 83 81 87 43 48 96 61 9 74 41 84 24 4 23 17 46 57 47 70 84 69 24 34 58 70 69 49 19 21 46 38 92 21 16 52 23 95 76 27 41 95 7 57 89 38 3 97 9 10 99 98 44 3 52 72 72 68 65 36 58 60 100 15 34 94 81 78 68 9 14 4 67 15 16 14 44 93 99 33 20 77 24 26 1 28 74 26 90 32 9 61 45 44 47 53 59 18 58 17 32 16 81 74 95 11 43 80 66 57 10 64 73 28 53 67 71 90 88 35 91 98 41 74 80 5 92 51 25 16 28 27 85 35 11 72 37 88 38 61 23 64 72 64 96 64 86 57 65 94 44 99 45 16 14 74 25 49 17 26 59 10 48 96 48 7 19 ; 
L 123 -24 65 -123 -58 52 -27 152 114 -9 14 -12 84 -37 34 -77 43 -1 -35 25 -30 -44 51 154 -173 -36 58 -174 -168 148 -15 167 114 63 -149 -8 -48 -125 -2 97 -40 -96 -39 -25 -10 -37 124 -127 156 62 -162 122 -157 -159 142 150 -33 45 55 -130 -140 171 -92 51 -120 -44 -86 -151 -6 93 111 -2 -10 115 124 74 -109 49 79 -30 87 -6 53 132 10 153 -56 126 -111 43 74 -124 2 72 -96 109 45 -27 103 107 -57 125 98 -60 170 -88 -76 155 -131 123 -117 74 -172 -56 119 123 54 -75 -147 48 -56 -45 -161 -127 175 -88 97 39 142 -132 31 -9 -81 10 -40 -28 -108 -76 127 -91 -97 -106 8 -33 68 101 -123 -48 12 -61 -12 -160 165 -53 -95 -87 133 19 97 -12 14 31 111 102 -21 -112 -46 18 9 37 -140 118 73 22 130 58 66 169 87 -124 2 -158 54 112 58 29 -35 -163 107 164 -39 104 -53 166 81 70 141 -134 27 49 ; 
24:92 6:22 6:24 40:158 31:121 20:80 8:32 13:51 40:158 4:14 2:4 23:91 21:83 26:104 2:4 30:120 15:59 5:17 40:156 7:25 4:16 50:198 30:118 0:0 24:94 14:54 36:140 19:75 13:51 20:76 12:44 9:35 22:88 21:81 12:48 2:8 22:88 34:136 14:56 17:67 31:123 40:156 24:92 32:128 13:51 15:59 22:84 14:52 18:70 36:140 27:105 27:107 34:136 39:155 28:112 16:62 19:73 22:86 32:126 15:57 3:11 5:19 21:81 10:38 2:4 21:83 27:107 34:134 3:11 18:72 37:147 18:72 8:30 18:70 9:33 9:35 22:86 14:54 17:65 44:176 14:54 23:91 2:4 23:89 20:80 25:97 24:96 29:113 12:44 13:49 44:176 36:142 16:60 5:19 10:36 14:56 22:86 4:16 18:72 8:28 32:128 25:97 11:43 34:136 13:49 29:113 21:81 46:182 13:51 50:196 16:62 10:38 25:99 15:57 15:57 17:65 24:94 22:86 15:59 34:134 35:139 16:62 11:43 7:27 10:38 30:118 21:83 20:76 10:40 39:153 22:88 1:3 11:43 5:17 51:201 29:115 38:150 29:113 22:84 4:14 8:28 7:27 35:139 10:40 42:168 41:163 14:54 11:43 4:16 12:44 10:40 43:169 56:220 10:38 14:52 38:150 4:16 14:54 40:156 26:102 8:28 28:108 40:158 48:188 4:16 14:54 48:188 7:27 10:36 9:33 17:67 7:25 29:113 32:124 9:35 17:65 11:41 21:83 32:126 23:89 25:97 6:20 32:124 24:92 10:38 25:97 10:36 10:36 15:57 8:32 28:108 22:84 18:72 4:16 56:224 33:129 12:48 46:182 8:30 3:11 8:30 ; 
L 90 -9 -4 115 31 52 126 -109 -137 63 -21 116 30 -138 -58 17 -30 -23 -40 122 143 -107 -28 109 41 68 -69 -108 110 -69 -126 -85 27 -73 -61 73 60 -49 120 -103 -14 61 41 116 -65 73 128 -18 -107 49 53 -12 55 15 -11 114 135 94 -92 -132 64 -12 93 2 22 42 86 110 113 119 51 65 -92 -2 -113 145 52 -55 -65 -61 69 -83 -83 -85 -9 12 -118 69 -49 86 78 29 -142 -13 -119 -80 40 102 144 125 137 109 65 47 6 137 -149 2 1 -125 24 87 23 -9 -65 26 108 38 -5 49 135 -76 106 53 105 76 -22 131 67 37 111 -138 38 145 -146 -35 19 -63 76 129 148 4 127 -144 -81 41 -39 98 108 4 -108 -51 -75 -135 59 94 -91 -54 -35 -83 -39 -14 -138 -117 111 -123 -48 -2 -91 -36 33 -128 135 91 54 82 -99 -113 31 45 -38 -45 14 -78 76 141 23 36 52 -23 -14 -26 -67 -95 104 107 -140 -9 -101 130 ; 
100 27 53 41 51 42 61 37 58 61 36 42 74 30 77 37 33 31 61 88 83 22 52 51 14 81 83 27 98 43 70 82 42 73 12 53 57 70 35 76 96 60 7 35 61 20 97 65 16 41 75 94 84 39 35 92 6 48 68 27 42 1 28 87 20 87 8 76 73 92 9 45 99 54 22 39 11 60 76 17 46 37 84 32 72 13 50 26 94 70 65 76 7 72 68 78 34 26 33 54 34 99 97 37 50 90 78 61 95 37 74 21 32 3 13 49 48 77 59 12 70 50 52 78 21 38 22 64 14 15 4 61 55 65 22 40 57 20 50 40 89 60 76 13 26 52 43 16 66 52 60 82 23 27 40 61 81 57 66 46 45 60 14 71 20 77 91 4 6 76 77 45 16 32 37 5 27 11 11 12 38 72 51 3 95 62 8 4 28 14 10 19 48 7 49 60 71 11 22 54 89 ; 
L 90 -9 -23 -135 163 49 -126 4 60 -49 120 -108 154 -19 113 99 -87 145 -128 -45 -31 35 85 51 52 82 168 132 -159 63 -144 -152 -102 26 14 23 -76 69 38 -9 173 -85 -13 -119 18 -65 -164 55 135 -76 -123 -2 -91 -14 -12 -55 -67 104 59 -78 -86 49 -69 52 -40 80 160 86 -14 162 -14 -137 -106 -65 103 -171 -47 -170 113 -39 -114 156 61 116 -9 31 91 65 69 -165 -110 111 26 6 158 113 161 119 -153 145 76 -172 51 11 137 -149 -94 -73 126 -137 42 -169 -21 -53 -68 39 -125 -17 92 -35 63 52 2 92 -54 76 38 -167 61 73 -151 -135 -107 -2 -129 73 108 -28 -22 157 -115 4 166 110 41 -1 -75 138 81 144 122 -107 40 23 83 142 65 33 53 4 -118 -135 128 -24 -30 150 -108 5 -94 29 -116 -155 64 125 -111 91 131 -36 -23 98 58 -30 -65 69 -41 -109 -138 -93 -54 -2 -127 174 -105 -38 -36 67 37 83 -140 -9 ; 
40:160 11:43 4:14 4:14 11:41 18:72 36:142 35:137 10:38 28:112 14:56 34:134 23:91 1:3 11:41 5:17 16:64 12:44 10:40 36:140 5:19 14:52 26:100 34:132 7:25 5:17 4:12 29:115 6:24 26:104 28:108 34:134 2:8 16:64 8:30 4:16 9:33 19:75 18:68 12:44 12:44 10:36 46:184 28:108 28:108 50:200 50:200 39:155 32:128 20:80 46:184 10:38 3:9 34:132 3:11 12:46 46:184 14:56 18:72 16:64 26:104 28:112 38:150 26:100 25:99 14:54 12:48 30:118 30:116 50:198 14:56 7:25 11:43 12:44 28:110 23:89 23:89 22:88 11:43 8:32 15:59 12:46 25:97 6:22 17:65 18:68 13:51 42:168 12:48 41:161 10:38 25:97 12:44 6:20 25:97 10:36 11:43 38:148 9:35 22:86 18:72 25:97 18:68 38:152 29:113 32:124 23:91 20:78 18:72 12:48 52:206 25:97 5:19 16:60 45:177 4:16 14:56 22:86 2:8 58:228 16:60 13:49 8:30 22:86 25:97 3:11 23:91 34:134 47:185 5:19 22:86 17:65 8:28 15:57 5:17 26:102 29:113 18:68 34:134 12:48 32:126 17:65 33:131 24:92 10:40 18:72 5:19 14:54 1:3 11:41 14:54 22:84 51:203 25:97 16:60 21:83 12:48 30:118 24:96 11:41 41:163 2:8 7:25 3:11 22:84 40:158 20:80 9:35 36:144 39:155 11:43 18:70 37:147 12:44 13:51 17:67 22:88 38:150 28:108 7:27 28:110 40:160 20:76 21:83 13:49 6:22 7:25 6:22 35:139 23:89 2:6 8:28 34:136 28:110 26:104 16:64 6:24 8:30 21:83 5:17 30:120 ; 
