L 1 92 -91 47 94 -3 -59 77 -71 8 50 33 -77 27 67 19 -27 -33 -47 -65 -48 -49 -10 55 24 84 88 8 -46 81 17 -91 -32 79 72 27 2 98 11 -58 62 -72 67 44 59 -87 37 -21 64 -66 42 38 -74 -81 26 -58 -47 38 -30 -10 49 -71 -51 -77 -95 58 -31 77 88 87 20 65 -96 -48 -90 73 -69 -76 -46 -1 11 66 -11 17 -46 -91 40 -91 18 -89 70 12 -99 -78 -44 -31 84 -25 29 -10 82 88 86 81 67 -77 -70 42 -25 59 97 60 -59 -75 27 91 37 87 71 -36 -55 -100 46 -43 -90 -69 -96 14 4 38 -51 4 66 -8 26 30 -60 55 -67 -33 98 54 -42 -100 -56 32 67 -49 -53 -98 -8 8 -37 -34 -62 -70 -23 26 48 -66 6 -56 -47 68 27 -61 -93 63 -59 -99 -74 74 -57 -60 -52 92 -36 98 -62 -1 -2 35 47 -7 74 -60 -69 -50 -52 -85 83 95 78 72 6 -12 54 -56 -82 22 -90 24 -87 2 -75 -63 80 -93 -14 -16 5 23 -10 79 -64 91 74 46 91 25 83 -68 69 8 -19 -85 15 48 -95 7 -66 -98 -44 82 18 -95 1 -32 73 85 2 27 66 4 64 -13 -20 -34 -44 -21 -70 27 -97 15 42 53 60 64 -79 100 -16 17 -85 -98 -14 -76 -42 69 85 41 26 -69 -47 17 87 48 -4 -12 63 79 49 23 72 -21 -10 -81 81 27 -5 44 -60 -54 10 64 -75 -99 60 8 68 39 53 32 -89 31 78 -96 -29 -88 41 -60 75 60 86 -90 4 -6 -25 40 85 36 -10 -27 7 66 -37 -99 -90 -89 -60 58 -42 -10 42 -24 86 -10 -12 -50 -82 14 -44 -69 30 -100 11 -19 -95 -49 -57 36 12 -32 81 -62 3 95 85 -49 -54 -3 -36 85 -54 22 -58 13 99 -96 65 38 -90 36 37 42 6 12 42 -1 50 -6 -64 34 46 -25 -44 50 -36 64 -36 31 -56 41 44 -33 3 -12 8 -99 -13 14 -2 -63 -8 -75 -42 -58 63 52 70 21 39 66 85 -64 -81 -3 -6 65 -74 -2 63 41 -46 12 -95 -39 14 64 41 63 -23 -75 90 -25 -68 -54 -100 70 -52 57 -78 -18 -86 92 29 -48 -98 22 53 -91 85 93 -64 -71 -43 -8 86 74 -12 68 -27 61 31 -32 7 98 -27 -42 -39 -73 -20 -8 85 73 11 -35 60 83 62 41 -89 45 61 -2 24 -53 -32 50 -91 -50 99 32 -67 26 -52 -41 -68 -35 -6 -87 ; 
98 31 34 54 80 8 48 25 72 26 61 50 91 99 50 45 85 87 46 30 71 2 48 71 35 80 96 57 4 18 79 35 58 80 42 38 74 60 24 96 63 68 69 7 65 85 30 63 41 90 96 89 27 70 25 21 98 81 68 71 65 58 37 68 53 93 28 42 75 5 5 78 16 84 56 78 94 16 80 92 21 30 48 13 24 65 42 63 15 26 58 67 92 6 6 50 60 58 7 59 70 49 72 10 93 70 56 34 30 26 22 56 3 39 55 75 12 44 12 65 89 82 25 19 89 44 95 51 38 95 44 73 3 7 45 29 3 100 97 76 32 5 30 28 83 90 40 47 86 25 56 1 11 46 16 56 66 42 10 27 23 44 80 3 16 86 19 27 7 90 77 8 48 43 33 86 10 65 42 15 68 67 7 45 40 16 48 95 69 91 83 54 29 61 31 29 79 87 3 87 21 78 2 20 97 43 89 97 50 48 96 63 78 36 45 86 51 100 17 48 92 83 77 92 51 17 73 34 61 37 62 17 35 53 21 62 17 76 36 90 60 44 12 72 64 2 53 7 50 79 26 57 73 31 23 99 93 25 97 82 31 3 1 55 14 70 9 29 58 97 79 14 46 87 2 68 91 25 53 62 82 72 4 53 2 35 16 44 24 20 86 81 41 40 53 27 8 66 33 74 67 9 4 8 53 52 18 43 41 58 1 26 91 60 5 23 72 86 31 57 40 10 43 38 10 1 79 13 88 7 10 64 42 52 95 68 6 11 67 60 1 40 17 13 15 41 63 64 20 39 97 46 13 24 53 97 54 62 27 10 36 38 47 16 71 84 40 65 91 57 4 49 10 27 80 22 74 35 57 17 62 99 90 10 19 59 32 50 75 32 98 42 90 7 90 15 92 64 53 44 13 16 77 73 94 36 62 27 71 87 50 49 3 49 37 77 92 11 86 34 37 2 20 92 87 45 15 50 97 11 55 2 52 29 71 100 66 46 91 15 72 29 9 9 95 56 40 33 50 8 66 30 1 42 4 99 85 95 99 31 6 68 32 67 97 86 66 68 69 63 31 18 17 18 48 2 74 10 89 73 2 15 92 59 35 81 59 46 64 33 17 98 8 16 82 43 96 25 75 100 8 ; 
L 1 92 -34 -62 -70 -98 33 67 -55 -85 91 51 -38 -4 93 -38 -42 66 -13 -11 1 65 -55 10 49 69 7 -73 32 91 74 46 85 71 8 -66 18 -32 56 100 42 85 19 -8 -69 68 -64 -4 15 48 -95 -10 -81 81 27 -5 44 37 8 -79 -89 -60 -3 46 76 69 -74 -81 -7 -13 58 78 -96 -83 8 57 -74 74 99 -94 -91 58 -26 -100 11 91 -55 -64 -81 -3 -33 -47 -65 -48 82 56 30 -23 -75 -12 46 6 -23 95 -18 -63 58 29 -36 57 49 95 19 -4 -53 -17 16 -8 -75 8 -88 -36 31 65 -74 -2 63 -34 -44 -21 -70 27 70 30 -60 93 -64 26 91 37 87 71 -79 10 -52 60 -74 99 -63 93 -88 41 -36 90 49 -85 66 -48 -23 21 -87 37 -21 64 99 61 81 -51 -77 -95 58 -31 77 -78 -95 -83 85 52 50 69 25 -46 -34 73 -74 -86 -25 -91 -32 86 68 1 -42 -12 -6 -42 -37 99 37 17 -91 -86 24 -42 10 42 -58 -10 49 33 -77 90 -25 -68 63 2 72 26 32 -91 -76 -42 69 72 -27 -70 -52 -82 44 27 -75 60 -40 14 98 -8 12 -3 64 6 14 68 -14 12 -99 -78 67 19 -59 -44 41 -67 29 -48 -98 -44 -36 98 17 87 48 -4 -12 63 18 78 -31 -61 87 35 -100 46 42 27 90 -86 -60 -11 -98 -2 -27 -36 64 6 77 -67 -10 54 60 12 48 96 24 84 24 85 89 60 54 -56 -32 50 -91 -50 -31 89 -32 -53 10 -36 -85 -40 25 -12 -50 -46 -64 -47 98 -62 -1 -2 35 47 66 -7 -50 44 92 -56 41 44 66 -11 17 -82 14 -44 -69 30 2 -7 84 61 -54 32 -12 90 85 -22 26 60 83 62 41 79 -64 -60 -89 -39 -73 -20 -92 -99 -10 6 -4 95 -41 20 -39 -21 -6 -66 -38 -52 96 -36 87 20 -33 45 -25 -63 -86 -88 -82 10 -39 -68 -8 -60 -50 -8 71 -77 59 -35 -52 -24 -88 60 -47 38 -43 -47 68 41 -3 62 -81 -3 -36 85 -54 22 -71 22 -57 -50 -27 95 42 8 98 53 49 -67 100 54 -100 59 12 11 -70 -43 -27 75 59 -72 -97 -59 25 -42 -97 15 42 53 70 -65 -53 -47 -14 -16 5 1 64 69 -31 27 -90 32 99 -8 96 79 49 23 85 41 26 54 -66 -27 -2 -85 -46 81 90 29 -13 66 -27 98 67 -64 -14 39 72 -62 58 75 -90 73 -80 63 75 -2 -6 -87 ; 
40:156 13:49 20:80 7:25 23:89 6:24 13:51 31:121 39:155 37:147 27:105 32:126 18:70 38:152 8:32 25:97 36:142 39:153 42:166 18:72 9:33 51:203 4:16 29:113 20:76 11:41 11:43 37:145 15:57 24:94 21:81 40:160 8:32 14:56 25:99 3:11 18:68 14:54 36:144 34:132 12:44 9:33 7:27 21:81 37:147 31:123 12:48 26:102 33:131 14:54 25:97 18:72 14:56 7:25 18:70 10:38 8:32 29:113 8:30 14:56 10:38 36:140 5:19 2:4 32:128 7:25 22:84 28:112 18:68 16:64 34:134 11:43 21:83 22:84 56:222 34:136 20:76 4:12 31:123 27:105 27:105 31:121 9:33 6:22 6:24 4:12 13:51 11:41 15:59 31:123 36:140 19:73 12:48 29:113 9:35 2:4 46:182 12:48 1:3 15:59 37:147 4:14 20:78 26:100 25:99 11:41 25:99 17:67 31:121 16:62 8:32 26:102 26:100 4:12 1:3 9:35 2:4 28:110 30:116 27:105 20:78 21:81 13:51 42:168 35:137 14:54 15:59 2:4 20:80 32:126 11:41 23:91 32:128 27:107 2:4 16:60 1:1 10:40 35:139 5:19 18:70 5:19 33:129 15:57 18:68 6:20 7:25 16:64 21:81 11:43 23:91 17:65 2:4 20:78 6:24 25:99 16:64 11:43 7:27 15:57 10:40 12:48 26:100 17:65 16:62 8:30 16:60 13:49 28:108 22:84 38:148 12:44 17:67 34:136 12:46 22:86 34:132 37:145 28:110 38:152 23:91 4:16 36:144 11:43 29:115 38:152 16:60 20:76 4:12 22:84 3:11 7:27 14:56 30:118 9:35 32:128 11:43 17:67 1:1 17:65 14:56 30:116 38:152 21:83 17:67 26:102 4:16 2:6 26:104 26:100 37:145 68:272 12:46 29:113 17:67 7:25 2:8 13:51 34:134 44:172 11:41 4:14 12:46 16:64 15:59 55:217 29:113 22:86 22:84 3:11 38:148 1:1 53:211 35:137 6:22 18:70 37:147 6:24 48:188 25:99 14:56 8:30 18:72 4:14 37:147 3:9 14:56 18:72 65:257 26:104 35:139 8:32 3:9 23:89 16:64 2:8 8:32 26:104 17:67 1:3 28:108 37:145 10:40 22:84 19:73 12:46 14:52 13:51 8:32 4:16 29:113 10:40 11:43 28:108 26:104 24:96 37:145 15:59 10:38 24:96 30:118 19:75 20:80 39:155 25:97 28:112 33:131 17:65 33:129 21:81 18:68 34:134 17:65 32:128 30:120 15:57 8:28 19:73 22:88 13:51 40:156 19:73 26:102 14:52 34:132 4:12 2:6 4:14 8:28 16:64 23:91 13:49 35:137 4:14 5:17 19:73 10:36 22:84 27:107 16:64 6:24 28:108 27:107 3:11 14:56 25:99 22:88 24:94 34:132 6:22 17:67 36:144 5:17 20:76 6:20 18:72 24:96 1:1 16:64 7:27 8:28 15:57 20:76 43:171 24:96 5:19 19:73 33:131 18:72 12:46 4:12 52:208 4:16 36:142 30:116 37:147 39:155 10:40 1:3 26:104 26:100 13:49 27:107 22:86 4:14 28:110 10:36 10:36 20:76 3:9 30:120 20:80 17:67 15:59 7:27 15:57 18:68 8:28 36:144 2:8 20:80 24:94 18:68 8:30 15:57 29:115 20:78 28:112 20:78 30:118 14:52 27:105 12:44 25:97 11:41 29:115 10:40 16:64 11:41 7:25 33:129 16:62 10:40 33:129 20:78 36:142 24:94 39:153 10:36 22:84 10:38 5:17 15:57 16:60 19:75 7:25 16:62 37:145 22:88 2:8 19:73 13:49 37:145 12:46 23:89 10:40 35:137 19:75 36:142 27:105 39:155 18:70 7:27 30:120 34:132 22:86 14:54 22:88 16:62 1:1 28:108 9:35 11:41 12:48 11:43 13:49 10:36 40:158 32:128 45:179 16:62 17:65 21:83 20:76 39:153 7:27 42:164 43:169 15:57 22:88 4:16 28:110 25:97 12:48 46:182 22:84 33:131 29:115 9:35 39:155 6:24 20:78 29:115 5:19 18:70 24:96 12:44 8:28 20:78 1:3 8:32 11:43 6:20 19:75 39:153 7:27 20:80 6:24 43:171 28:108 26:100 35:137 34:132 32:124 42:166 36:142 18:68 39:155 40:158 40:160 4:12 ; 
L -7 -50 48 68 44 -78 52 -28 38 -33 1 92 -10 37 -22 35 9 4 45 -32 -14 -9 -15 -73 -100 -38 6 22 -9 51 -14 52 -78 -88 -8 -24 54 -68 95 -100 -4 17 -47 -63 -59 28 -15 -2 37 69 69 93 88 -59 -71 -68 3 -40 -45 17 43 -37 -61 60 49 94 -76 -14 9 -9 -56 -79 14 -87 12 -3 69 -14 19 25 73 66 53 -35 -59 -92 -99 59 84 -56 93 -45 -56 68 11 31 -1 -77 72 24 54 -39 73 -73 70 93 11 -89 16 33 76 75 8 -66 55 -27 4 -69 -5 -99 79 70 28 55 62 -39 29 98 81 87 -36 70 -83 1 12 72 -1 -58 -49 -29 81 22 -83 36 39 -22 12 6 -47 -99 -64 57 -32 -81 94 38 96 42 -100 -78 17 13 -58 -36 -66 2 86 -40 40 -17 47 -68 17 -62 64 75 -21 -49 -44 66 -76 60 -55 -52 92 -30 23 70 26 15 28 5 96 49 98 -46 -64 26 -92 -17 -24 61 -24 -94 10 -56 -77 59 -41 -65 51 83 -86 49 69 -75 -67 -59 51 74 -89 -89 -22 -58 50 20 -5 34 -6 87 -79 -39 69 -24 43 -71 9 79 -66 35 -11 -15 -88 75 45 -38 -22 -32 -25 33 -8 98 41 -61 56 10 -3 -69 39 -72 -99 90 66 46 -40 47 67 -71 -58 -44 -93 19 96 85 73 -66 86 -74 56 54 -31 -36 32 -72 72 99 65 82 -91 -69 -56 -86 -93 14 -79 76 -54 -46 52 67 -7 -45 -53 -59 68 -96 95 66 -45 -43 -39 -34 -57 -4 22 49 55 91 82 -72 24 -11 3 -42 -99 85 91 57 -79 -31 -50 54 44 -35 40 -36 -46 65 -38 -8 90 71 94 -45 86 -2 -13 -76 12 -5 84 99 47 -78 -46 -43 -42 60 -40 55 8 -51 -51 62 -42 83 -65 -15 -1 77 -83 52 -78 52 -10 85 93 -67 3 52 -13 -41 -65 -45 -83 -40 7 -20 51 -28 -10 94 83 35 -24 23 64 -44 -90 91 90 -18 -63 -80 -33 73 -78 -84 47 7 -80 -73 79 -89 -9 -32 60 60 -57 5 46 91 88 62 -87 -4 -23 46 93 -52 -5 -37 63 44 -49 -35 18 33 -27 9 84 12 22 -3 -63 -18 -68 -42 -34 47 -29 44 77 -30 -10 -92 -35 -33 8 -97 -43 -64 -11 17 -57 51 -73 20 -79 76 70 37 -84 -31 -40 41 88 99 -96 25 96 -26 -71 -3 83 -51 72 -78 12 53 -79 -48 -54 75 -51 17 15 -5 84 31 ; 
57 8 26 35 76 65 57 82 6 87 36 96 68 22 81 11 60 95 96 63 82 98 77 7 45 18 19 28 99 71 86 33 10 70 24 18 53 23 93 17 20 4 99 75 32 32 79 61 65 61 65 18 38 16 3 96 21 96 6 5 98 45 59 37 22 43 8 90 70 24 60 70 7 26 82 11 85 10 60 55 84 71 76 39 97 66 71 56 66 35 53 56 37 46 99 62 64 33 11 78 91 69 48 97 82 64 50 34 64 30 73 86 91 74 52 70 57 80 91 39 35 58 86 49 72 99 56 57 18 35 78 18 91 29 52 47 9 53 1 17 24 72 12 59 74 7 62 67 58 32 31 10 54 34 21 61 20 46 47 52 74 68 48 50 13 66 10 86 14 81 17 77 28 71 33 5 71 46 34 15 46 10 74 52 28 52 58 77 16 85 91 10 53 8 12 5 54 49 4 46 76 17 13 76 93 37 37 77 74 22 56 5 26 88 67 3 60 58 49 62 7 11 91 72 24 4 60 12 18 23 58 3 46 92 40 76 8 52 23 25 39 6 99 84 86 41 52 15 39 4 9 88 63 19 10 30 91 57 36 12 15 45 35 30 57 26 71 1 65 72 29 8 72 54 97 70 42 49 81 3 79 1 36 22 72 50 61 68 93 14 41 40 8 76 16 66 8 73 71 56 42 54 95 9 75 82 23 34 17 71 79 66 51 32 87 34 8 100 66 55 93 64 6 5 37 43 29 31 61 79 56 39 34 100 9 84 98 64 47 45 30 86 51 36 8 26 39 62 28 52 81 1 44 76 14 65 92 49 63 17 47 39 18 97 25 50 77 100 61 28 16 77 64 99 15 48 45 27 48 93 29 54 76 36 97 62 26 70 81 99 53 97 22 63 94 100 82 43 19 7 1 14 82 50 56 65 86 60 18 76 63 76 64 71 70 35 8 79 24 27 35 68 43 52 80 95 78 49 12 26 82 78 92 19 97 31 70 9 4 25 94 13 43 78 10 35 88 44 73 47 7 97 62 16 8 11 27 74 45 52 16 4 82 62 87 88 29 22 21 34 41 12 9 43 58 81 53 85 84 9 25 58 7 41 98 10 86 53 88 57 28 11 17 83 22 66 35 74 1 95 63 ; 
L 86 -74 56 54 -40 40 -90 9 -9 96 -15 -1 77 -83 59 53 65 41 33 -8 98 41 -61 -65 -69 -56 100 73 15 9 14 32 65 -24 69 93 -94 67 21 -75 -64 62 -72 -12 -69 -87 6 -34 5 17 -24 72 -82 22 -39 -61 60 49 94 -44 -68 -78 52 -32 -54 24 8 88 -66 39 -72 -99 90 93 -44 -32 -79 50 8 -97 -43 -2 66 -45 98 -70 -76 -69 41 45 -66 -95 79 -20 65 -83 36 -73 -15 -22 -30 42 -45 54 -76 90 -18 73 -35 22 88 -59 -71 33 28 42 -100 -52 40 80 20 -12 22 -83 42 -62 -47 -63 -59 28 -3 68 -9 27 -33 -18 1 92 79 79 70 -54 -24 -72 -10 37 -56 -92 -17 57 -32 -81 23 70 26 58 22 89 -48 -9 -22 98 81 87 36 -40 55 76 45 -38 -22 86 91 64 46 37 -84 -31 -38 28 -72 72 99 -55 -56 99 5 40 6 -47 -99 -64 45 -49 -35 33 -2 -3 96 99 -40 7 -20 5 -60 -66 35 -69 -7 84 12 39 43 88 99 -96 25 -10 -79 -91 17 13 -58 3 -10 -51 -25 -1 87 -14 50 31 79 -58 -44 -59 51 -55 -49 50 63 70 -22 78 -78 17 43 -39 -79 73 78 40 -46 -81 29 -86 -93 12 -3 75 8 -17 4 48 92 -89 -71 -90 8 38 86 68 -94 -78 -46 -43 7 -67 -52 46 -1 83 -70 -44 -14 23 64 36 -36 -68 95 -100 -85 -49 71 26 85 91 -53 -10 94 -13 -93 -54 75 42 -3 11 -1 42 68 18 -19 93 -88 75 -66 96 28 -51 -37 63 9 89 51 -8 60 -11 -93 -9 51 -14 -76 67 -57 -79 -35 57 -17 11 84 38 96 -92 52 -75 -44 -4 -69 -49 86 -83 47 31 -17 47 -45 -35 -83 -52 24 57 -60 52 -93 -46 23 4 87 -62 -88 4 5 -85 73 -56 41 -59 77 56 -10 94 -72 34 -66 -55 -3 83 -51 -57 -45 -83 -49 -96 -9 -73 39 28 55 62 -39 29 53 -35 -26 -77 -44 12 78 24 -61 24 -56 68 11 -32 -25 -78 52 37 -12 76 33 76 -34 47 -29 -68 52 -40 35 -44 -54 -5 47 7 51 14 -16 89 -10 27 65 82 -91 51 -99 -84 5 79 -51 -66 63 3 31 -19 91 -66 -59 38 -64 -59 99 92 6 13 43 -71 49 58 69 -14 74 -46 73 77 -69 -37 2 15 -33 73 47 67 -71 -36 -46 5 4 45 -30 15 15 60 -11 -17 -80 -84 84 31 ; 
18:70 20:78 33:129 2:4 24:96 6:22 27:107 6:22 10:38 34:136 30:118 25:97 12:44 7:25 16:60 4:14 21:81 31:121 15:57 4:14 36:140 26:100 8:30 9:35 9:33 17:65 15:57 18:72 3:11 31:123 40:156 33:131 45:179 20:76 12:46 8:28 23:89 15:57 24:92 10:36 2:8 14:52 5:17 19:75 62:246 24:92 10:36 8:28 5:19 48:192 28:112 38:148 22:88 11:43 3:11 16:62 15:59 9:35 18:68 8:30 31:121 29:113 23:91 25:97 15:57 22:84 8:28 10:38 12:48 20:76 5:19 6:24 18:72 40:160 32:126 8:32 10:38 7:25 37:145 21:83 7:25 14:56 27:105 3:9 8:30 3:11 17:65 8:32 51:203 16:64 7:27 14:54 26:104 9:33 21:83 29:115 24:94 40:158 15:59 13:51 36:144 17:65 56:220 33:131 4:12 4:14 6:22 26:102 29:115 5:17 4:16 7:25 2:4 11:41 21:83 9:35 19:75 23:91 2:6 35:139 8:32 8:32 12:44 7:27 20:80 10:40 37:145 30:120 13:51 13:51 50:196 9:33 22:86 10:40 2:6 4:14 6:22 39:153 25:99 2:8 24:92 29:113 37:145 32:124 7:27 9:35 46:184 4:16 19:73 12:46 22:86 14:54 5:17 31:123 7:25 31:121 29:115 37:145 16:60 25:99 14:54 13:51 8:28 14:56 2:8 4:14 7:27 8:32 10:36 17:65 21:83 0:0 18:70 29:115 22:86 4:16 4:14 18:68 4:16 3:9 18:68 29:115 20:80 20:76 14:54 40:160 16:62 18:72 31:121 24:92 13:51 13:49 10:38 30:118 13:49 37:147 37:147 31:123 40:156 19:75 26:100 11:41 28:112 11:43 47:187 3:11 10:40 20:78 18:68 29:115 6:20 13:49 32:126 34:134 34:136 34:134 4:14 14:54 5:17 24:92 8:28 28:110 20:76 14:52 37:145 4:16 73:291 40:158 17:67 11:41 22:86 23:89 32:126 31:123 29:115 25:97 20:78 12:46 4:12 14:56 14:54 40:160 10:40 9:35 2:8 30:118 39:155 6:22 19:73 12:48 14:54 32:126 23:91 41:163 10:38 7:25 4:12 86:340 5:17 77:307 37:145 42:168 2:6 14:52 14:54 4:12 6:24 35:137 12:48 18:72 30:120 4:12 19:73 26:100 6:22 26:104 4:12 17:67 23:89 29:113 6:20 12:46 37:145 1:1 17:67 11:41 33:131 24:96 34:136 10:36 38:148 7:27 8:28 14:54 35:137 3:11 22:86 12:46 12:48 16:64 39:155 6:24 18:68 13:49 34:132 11:43 2:8 3:9 26:100 16:62 18:70 36:140 7:25 4:12 40:160 34:134 44:174 3:9 52:206 40:158 53:211 37:147 14:54 28:112 17:67 16:62 15:59 36:142 20:80 56:220 29:113 35:137 6:22 10:36 21:83 12:46 2:6 27:105 35:139 25:99 23:91 14:54 8:32 11:41 12:44 32:124 17:67 25:97 2:8 27:107 36:140 11:41 13:51 23:91 40:160 7:27 27:107 11:41 26:100 15:57 28:108 16:60 10:38 18:70 11:41 5:19 20:78 32:124 38:152 32:128 21:83 3:9 16:60 22:88 20:80 20:78 4:16 30:118 31:123 15:59 15:59 38:148 17:67 27:105 66:264 18:70 2:8 40:156 4:16 29:113 13:49 39:155 4:16 4:12 43:171 34:136 20:76 34:134 20:78 29:115 40:158 23:89 6:22 16:62 11:43 11:43 25:99 50:200 8:32 35:139 6:20 7:27 28:112 19:73 40:158 20:76 16:62 21:83 40:158 13:49 14:52 12:44 8:30 30:116 23:89 19:75 3:11 26:100 46:182 31:123 4:14 40:160 14:54 30:120 11:41 31:121 14:54 26:102 16:64 26:102 10:40 14:52 34:132 28:108 38:148 20:78 7:27 1:1 33:129 35:139 19:75 30:118 34:134 4:16 17:67 8:32 40:160 30:116 21:83 12:46 4:12 37:145 23:89 29:113 23:89 46:182 11:43 31:121 14:52 1:1 4:16 4:16 38:148 14:56 31:123 11:43 19:73 25:97 26:104 25:97 9:33 26:104 14:52 29:113 1:1 9:35 40:156 21:83 17:65 39:153 10:36 23:91 6:24 10:36 48:188 11:41 38:152 41:163 17:65 38:152 26:100 ; 
L -66 88 24 11 27 15 69 -27 -100 74 71 64 54 73 -99 -53 7 22 -74 -82 -48 -74 45 47 55 82 -70 33 90 -40 -95 93 96 41 -44 73 35 -29 -20 39 50 58 -43 83 89 -49 -83 62 -21 26 40 -90 44 63 7 85 27 40 17 -81 -22 -48 5 57 -2 -62 21 100 18 28 30 92 -58 63 -79 56 -10 85 -52 70 84 -99 78 -86 74 17 88 84 40 -40 -92 23 23 -36 76 33 60 39 37 -93 50 -11 10 12 -96 -37 -99 -84 20 -84 53 43 -88 -55 47 -67 -79 13 -40 70 -19 57 -43 26 -80 42 66 60 34 -15 -43 -85 -67 73 52 -92 -23 62 -83 18 -8 46 -98 25 -17 -4 -87 -25 28 82 -42 -61 95 68 40 -82 29 -86 67 -21 -7 -88 16 -82 -17 -68 -9 -29 17 15 53 72 -18 -89 32 85 -64 28 56 -17 -11 -16 34 -37 -29 -78 82 39 -36 -4 -4 -52 -98 72 4 64 86 53 22 93 -91 -68 -57 -53 73 58 -57 -61 39 34 -22 38 -29 45 52 -35 -30 -61 -66 -47 70 93 50 46 15 24 -24 -33 -18 -55 79 36 69 64 -63 62 -62 -3 41 -26 -92 -85 48 -44 60 53 77 39 -7 32 -86 -40 4 -44 39 25 44 62 -84 -61 -2 59 -66 -9 -16 -71 3 23 -88 82 -100 -46 18 73 18 88 48 27 -76 -15 -35 -10 -60 -19 -21 -37 -62 20 -9 -86 33 75 -3 63 -43 73 -45 49 -47 -13 17 1 92 88 65 -20 -10 -89 21 -89 -55 51 98 -63 -65 5 -92 -18 100 -77 6 -58 -41 -46 72 43 21 -47 -36 48 14 72 94 40 59 7 49 69 -23 -47 -4 40 37 1 29 13 -12 66 -81 -99 37 25 -64 93 -52 31 94 -27 -55 83 -21 45 18 -33 15 -24 -10 46 90 36 87 -35 -95 20 -91 40 -75 -57 -47 53 27 -45 -32 -35 36 9 83 2 21 49 -65 86 -23 13 61 23 55 -16 -5 -67 -97 -48 11 -1 -22 89 -43 87 -85 98 -8 -92 -91 14 -53 -8 65 40 53 33 -16 -62 15 -46 -28 -32 -70 -79 33 -31 47 -5 9 -90 -38 24 26 47 -4 94 96 -72 56 -93 53 -23 20 -56 19 42 -33 -75 -69 21 71 -82 34 11 -7 -7 -96 -26 8 16 5 -79 98 -32 -32 38 -71 -21 -51 51 3 -66 -50 -10 -21 -15 -98 -17 -67 -55 -31 -78 -46 -27 -88 94 -61 94 -61 -92 -12 -41 -10 -58 -84 53 ; 
66 32 75 7 20 53 80 28 72 54 33 80 43 94 12 67 98 88 14 17 77 85 95 22 35 56 94 97 35 15 62 46 68 23 45 8 46 48 33 77 48 7 18 42 86 52 32 65 65 85 75 21 94 57 99 44 13 62 54 9 48 56 6 40 1 70 11 64 40 18 74 65 28 1 52 81 78 39 52 51 13 73 78 63 38 71 37 20 1 34 6 99 50 72 75 99 49 43 92 66 70 42 74 36 56 85 84 63 29 51 89 35 22 79 52 17 51 8 11 17 35 1 33 85 71 2 84 80 48 47 95 66 25 24 7 86 95 74 66 95 24 74 65 60 84 97 58 69 57 37 11 65 18 47 12 83 27 73 56 69 19 57 50 6 49 71 12 70 78 39 81 77 27 86 52 95 77 100 52 97 74 39 73 34 24 19 56 31 79 62 9 6 100 36 15 26 67 13 32 52 20 3 34 39 25 21 83 36 87 14 78 36 94 30 50 70 69 2 78 13 54 26 73 56 24 92 82 81 45 77 63 41 45 15 35 78 3 92 82 85 69 25 46 26 15 35 6 93 98 100 26 91 75 47 85 94 6 83 47 53 4 13 86 12 74 51 28 44 40 17 35 52 20 74 92 89 65 72 8 3 41 3 92 60 87 1 35 20 11 99 73 87 59 98 77 23 10 93 49 24 36 88 18 83 10 99 36 76 38 95 6 87 96 43 4 77 72 33 37 96 30 90 82 38 52 84 16 44 62 79 37 50 70 8 65 92 3 64 100 4 6 63 25 29 92 72 25 75 22 14 55 63 52 11 79 89 48 48 73 24 62 89 51 21 32 88 79 84 52 77 7 4 71 12 45 12 91 71 64 59 7 95 23 34 95 81 44 66 81 9 23 94 69 97 93 89 58 1 26 72 49 22 90 48 16 26 69 91 73 56 20 86 42 77 45 18 15 56 72 15 47 6 28 69 92 38 49 78 88 8 81 27 20 74 42 97 34 10 46 85 76 67 60 23 60 38 73 24 40 4 48 92 70 73 7 53 66 46 52 71 82 52 100 98 35 78 3 55 83 18 6 37 8 88 91 44 40 25 100 35 60 34 9 18 95 61 77 93 45 46 13 84 43 11 79 100 100 56 94 62 8 ; 
L -66 88 93 22 1 -11 51 3 -66 -79 6 -58 -41 -46 4 9 83 2 21 17 -64 -63 58 -92 -30 -17 73 55 67 17 82 74 40 -8 -55 83 -21 -78 -4 85 -52 -62 -50 -79 40 99 -33 86 45 73 -28 -18 56 -93 53 12 -76 -15 -39 92 61 4 53 27 -23 62 -21 -37 -62 20 77 -100 -88 -18 -73 -88 73 79 36 69 64 -63 62 70 84 85 47 -49 46 55 -40 10 -56 79 7 7 -64 28 56 54 85 100 -82 -17 -68 -9 58 -96 -47 -45 -52 -73 -16 34 -37 -7 -88 69 -27 -16 82 -46 18 95 52 4 4 36 -39 100 -82 56 29 -99 -53 -21 -51 17 -25 35 -87 -36 -90 -26 -61 -12 74 71 10 5 43 -55 -23 -25 -16 -75 -57 9 -90 -60 -33 -76 36 -47 -4 40 37 1 29 13 -12 66 51 10 35 34 -14 91 -27 -88 94 -27 46 -98 -95 42 -20 84 -57 -5 48 22 81 35 -98 66 61 30 35 -4 -72 43 -88 -55 -37 99 -81 55 89 -57 -53 72 -96 5 -40 39 -7 40 -90 44 64 24 -24 -89 -83 43 -58 34 11 50 16 20 -65 61 41 -44 -21 5 -37 -99 -41 65 74 3 23 -88 -31 52 -45 -32 86 52 -20 61 45 -73 43 -63 35 -50 40 -13 -68 -41 3 -18 -89 32 -72 19 60 98 -63 23 -10 11 -50 -78 -15 -27 10 -1 -67 -47 31 -33 58 -57 8 68 91 -93 -22 -53 -86 -83 18 53 33 92 -17 13 92 15 -34 -28 -84 53 -47 70 -67 -97 14 -43 -85 22 -65 8 53 -82 96 -74 -24 38 39 10 24 -15 33 -18 -11 -24 -98 -48 -27 -48 18 -16 77 91 -20 85 27 67 -47 25 -64 48 -44 -16 -71 15 43 39 25 44 -61 -10 -32 -32 38 -71 7 -92 89 -82 -36 36 17 88 21 71 96 46 15 -40 -84 69 75 -20 29 21 87 -19 57 -43 26 -80 42 66 86 -32 -60 18 66 -59 2 -39 23 -86 65 -49 26 -7 -63 -9 60 53 -62 94 40 -98 70 -21 44 -82 89 -98 -9 -86 33 75 -3 48 -48 55 82 -70 33 90 -40 -95 93 -72 26 -29 17 15 53 11 21 -62 83 49 -40 -92 23 23 23 -69 -49 -7 -59 93 40 -100 -21 62 2 -47 -26 -67 72 47 -85 -5 -13 93 -37 -94 -62 87 -8 -92 46 78 31 79 70 32 28 46 -15 -22 38 -29 45 42 -33 92 -47 -84 -61 94 -94 -21 29 -19 -84 53 ; 
27:105 13:51 23:91 14:54 7:25 20:76 33:131 37:145 18:70 26:100 14:54 36:144 33:131 16:60 38:150 34:136 18:70 27:105 33:129 40:156 43:171 35:137 1:1 12:44 26:104 39:155 20:76 31:123 8:28 4:14 20:78 7:27 15:57 28:108 46:182 10:38 25:99 15:59 16:60 28:110 21:83 2:4 20:78 19:73 3:11 37:145 45:179 38:152 46:184 8:30 9:33 8:28 32:124 10:36 24:96 13:51 20:78 2:4 15:57 26:102 5:17 5:17 18:72 3:11 22:88 30:118 40:156 1:1 14:56 8:32 2:8 39:153 2:8 36:142 37:147 6:20 22:84 34:136 17:65 18:72 6:24 14:56 32:124 21:81 6:20 18:68 4:16 20:78 15:59 10:36 45:177 18:72 32:124 33:129 43:171 29:113 21:81 40:160 21:83 14:52 40:160 51:203 4:14 20:78 29:113 5:19 29:115 13:51 29:113 9:35 22:86 3:11 6:24 30:116 14:54 14:54 23:91 20:78 12:44 28:110 14:54 24:96 8:32 30:116 64:252 3:9 4:14 25:99 32:126 10:36 14:56 9:33 17:67 6:20 27:107 22:86 4:12 32:126 34:134 24:92 2:6 3:11 31:123 10:40 27:105 41:163 7:25 14:52 18:72 49:195 31:123 6:20 24:92 7:27 13:49 8:30 29:113 20:80 30:118 27:105 20:78 40:158 30:120 22:84 3:9 26:100 10:40 12:46 37:147 29:115 10:40 30:120 16:64 51:203 2:4 8:30 27:107 31:123 34:132 18:72 19:73 20:76 14:52 26:104 30:116 17:67 10:36 12:46 12:44 16:64 3:9 23:89 20:76 5:17 35:139 7:27 32:124 1:3 28:110 26:100 6:24 17:65 9:35 32:126 16:62 22:88 21:81 13:51 3:9 21:83 16:62 2:6 27:107 49:195 40:156 40:156 40:156 52:208 9:33 38:150 10:40 14:56 33:131 16:64 35:137 17:67 8:28 21:81 19:73 10:40 26:104 20:78 40:158 7:25 9:33 18:72 32:126 6:20 28:110 34:134 24:92 22:88 28:112 44:174 18:70 16:64 30:120 36:142 24:94 10:36 17:67 18:72 8:28 40:156 38:148 4:16 10:36 31:123 69:275 18:70 22:86 5:17 6:20 37:147 33:131 6:20 35:137 21:83 38:148 41:163 24:96 25:97 18:68 6:24 17:67 30:118 17:67 9:33 42:164 22:84 8:32 12:44 13:49 7:27 33:129 4:12 33:129 34:132 28:112 7:27 2:4 8:32 21:83 13:51 6:20 15:59 38:152 12:44 6:24 16:64 49:195 15:57 16:62 66:262 19:75 28:108 28:112 36:142 11:41 22:86 15:57 20:78 13:49 10:40 27:105 22:88 14:54 6:24 8:28 12:44 21:83 25:99 41:161 39:155 8:30 34:132 32:126 36:140 13:51 9:33 25:97 3:11 12:44 25:99 16:60 29:115 39:155 16:64 3:11 3:11 18:72 9:35 6:20 30:118 7:27 31:121 21:83 11:41 11:41 27:107 21:81 41:161 12:46 6:24 38:150 3:9 24:94 34:134 26:104 34:132 8:28 3:9 33:129 40:156 59:235 21:83 24:96 18:72 18:68 15:59 17:67 3:11 37:145 42:166 10:38 36:144 1:1 21:81 28:112 17:65 30:120 4:14 36:144 22:86 1:1 14:52 34:136 29:113 1:3 34:134 9:35 11:41 12:46 46:184 15:57 35:137 6:20 6:24 49:195 28:110 38:150 10:36 5:17 11:41 40:158 4:14 9:35 14:56 2:8 26:102 4:12 10:40 19:75 20:76 35:137 32:126 20:78 27:105 2:8 40:158 30:116 35:139 24:94 22:88 12:44 24:92 23:89 38:150 39:155 14:56 6:24 25:99 19:73 18:70 10:40 31:123 32:124 16:62 33:129 39:153 24:94 26:104 26:104 13:51 20:76 3:9 40:158 20:80 10:36 40:160 26:102 2:4 37:147 38:152 27:105 20:78 26:102 5:17 28:112 2:6 4:16 8:32 12:46 31:123 20:80 24:92 13:49 18:72 27:105 28:110 2:8 66:264 18:68 35:137 21:83 31:123 25:97 19:73 32:124 20:78 16:60 37:147 28:110 20:76 15:57 38:150 12:48 22:88 20:76 22:86 55:219 20:80 22:84 14:52 12:44 28:112 7:25 11:43 11:41 25:99 4:12 ; 
L 39 2 -4 -89 54 83 85 84 44 36 -71 -48 -29 -93 -8 44 37 -39 -32 -39 -54 91 -14 -98 82 -7 -55 24 72 -75 46 -46 -31 -4 89 -23 -30 82 72 9 93 -46 61 -66 -38 37 86 21 30 87 -1 16 -36 94 69 -10 46 2 -84 -4 -64 7 31 -8 -23 49 49 94 -38 19 55 -28 -39 8 72 54 51 -68 -61 8 46 -37 -86 91 87 -48 75 23 -71 91 -35 68 38 91 -33 -93 -48 97 -85 77 -20 66 -30 98 18 -52 68 10 -25 41 -52 21 44 85 20 -55 -31 -21 -83 30 35 -21 71 -44 2 -75 69 -73 -19 -49 -74 -9 68 80 73 87 -68 61 -19 -61 -23 -96 35 -13 -91 6 2 -29 74 -41 75 83 74 91 -56 41 53 -19 61 87 37 -37 44 76 41 -23 -92 74 63 29 70 4 -56 92 -92 -62 17 78 -21 46 -39 -11 19 -76 -1 -10 -62 -29 47 -40 41 48 -76 -77 -35 -32 -83 -8 -4 -93 -89 -25 50 -52 -61 -48 -59 3 -33 76 78 -79 76 -28 63 -54 -57 -47 41 32 -60 67 -39 -7 -87 87 -24 90 -78 96 35 -91 -84 50 24 61 -39 13 -58 24 16 -46 -86 81 78 5 68 -66 -50 -71 -34 1 72 -44 8 -36 14 -10 -96 40 17 26 -44 85 58 -15 1 -15 -59 82 -47 -6 72 23 -70 -82 -39 18 -40 9 48 79 82 92 54 -87 -88 92 -52 -44 -98 16 -99 68 -89 -27 13 -12 -64 -7 -46 -44 63 22 90 -52 78 37 -62 65 -38 -70 92 31 86 -61 88 45 -24 8 53 -75 33 60 16 -99 22 9 -74 74 -1 -11 24 -48 -19 -66 -88 15 -60 51 72 7 -40 76 -65 35 -45 31 39 53 -74 83 14 -82 -29 41 72 -63 -67 -98 -38 64 -61 11 93 13 -48 81 -99 -92 6 74 91 -27 63 -28 32 89 -85 -24 89 20 4 -47 89 23 99 -43 -68 87 80 -33 77 -36 79 36 -60 43 65 -60 62 -44 -34 -78 36 -64 -41 -58 -15 3 -62 14 54 -20 -93 -77 -61 50 38 -47 -93 77 84 -96 34 75 72 76 -51 -32 -94 31 11 -81 31 35 59 -66 -65 -76 51 93 -1 80 79 81 45 37 -22 -68 47 58 61 13 89 -97 49 -78 52 88 -65 -52 -98 37 -74 -36 30 -5 9 47 16 73 -82 27 88 42 67 78 23 2 91 62 20 99 4 45 38 -18 -28 -7 -71 -34 1 75 83 80 -34 48 -19 -53 ; 
93 62 41 97 21 22 73 23 31 60 99 94 75 34 92 29 53 100 59 27 61 72 16 18 43 58 72 3 74 62 15 30 90 34 50 68 87 29 5 69 78 34 75 88 13 70 83 25 90 59 24 14 56 15 3 81 39 58 9 95 83 49 20 62 23 45 72 65 87 86 10 23 12 38 78 10 7 75 41 77 16 87 62 22 36 46 60 9 7 97 15 53 63 64 26 57 55 33 54 70 76 61 9 48 83 53 39 5 20 24 20 59 42 51 13 22 64 72 34 41 15 28 37 47 96 31 71 57 28 3 14 85 14 30 43 11 26 18 40 37 85 60 61 37 14 61 81 14 15 61 22 38 77 32 82 95 100 60 17 19 56 55 76 83 90 16 46 21 36 49 19 70 91 6 29 37 41 22 1 79 45 37 55 33 66 13 18 99 74 9 8 5 38 38 50 58 15 36 4 50 52 15 22 64 29 5 21 77 7 16 85 56 99 79 12 89 4 43 98 96 33 84 1 41 74 63 76 6 92 51 97 89 100 69 23 26 18 60 50 45 83 92 38 69 4 92 29 32 50 46 7 26 70 36 17 58 9 3 25 43 83 72 78 68 92 47 13 59 83 11 84 1 47 80 5 91 16 70 43 15 87 77 70 33 21 36 59 30 96 28 69 60 67 3 75 35 52 11 28 45 92 80 100 3 30 87 27 15 86 28 71 28 81 18 37 37 69 43 65 32 43 44 20 63 53 97 39 31 77 73 63 88 71 6 90 36 8 22 27 33 38 100 25 89 49 78 91 57 46 35 47 57 26 9 11 80 32 44 92 56 75 28 34 17 49 5 36 1 44 82 33 25 17 25 49 9 15 38 48 17 57 73 57 47 4 51 66 45 66 40 28 96 71 72 3 86 69 45 35 69 52 37 31 91 33 39 6 53 4 58 54 13 6 59 65 15 61 86 3 75 7 36 18 45 2 68 89 100 94 30 16 37 24 32 82 22 87 65 30 41 79 58 27 58 20 62 57 40 17 15 72 10 89 50 41 3 41 59 96 71 41 26 67 77 25 88 5 55 92 7 15 9 49 72 66 15 13 80 1 64 45 13 90 28 55 90 18 58 62 22 90 24 35 38 39 20 65 53 94 14 19 ; 
L 45 -41 -58 -15 -89 -98 93 -30 34 -85 -9 5 -30 53 -19 29 -86 81 -91 6 29 -92 56 -4 44 -26 38 -18 -28 -7 20 23 -75 -50 25 -85 -72 -72 -83 47 -1 80 -65 62 21 -41 -86 -21 47 65 -60 62 -4 -11 -29 -63 -62 17 -74 35 -16 -82 -29 -7 -24 55 78 23 -11 -31 94 32 51 -45 -2 -91 54 39 28 -76 4 -2 -39 52 -34 -93 -54 18 63 94 -82 98 14 16 -99 22 9 -20 30 -66 20 -72 -37 36 -64 -61 35 -74 33 -91 -89 50 24 61 -39 13 -52 -61 11 49 -5 48 19 -97 48 -35 65 -76 61 -64 38 68 -30 82 72 9 93 -46 37 -22 -68 47 58 61 13 -86 66 -59 -89 47 -4 -20 -89 24 85 66 -24 -58 24 16 -46 83 29 54 -81 -79 75 19 55 -28 73 -39 -82 -51 -74 65 -88 -52 78 -49 -86 -31 -92 70 38 -34 -78 45 -23 -92 74 -1 -7 61 97 -89 -66 -48 89 93 4 8 83 -49 68 -66 35 -91 77 39 -48 81 -99 -92 8 51 -68 7 69 13 -35 96 23 61 19 -61 68 -8 46 -46 -31 -44 41 -76 -72 -75 77 76 -48 -3 44 1 72 -44 8 2 -84 -4 -38 -41 -76 8 -15 1 -15 -59 93 -1 80 37 88 36 -30 83 21 31 55 70 85 58 46 -43 87 -48 46 -36 87 53 -75 33 60 -31 81 35 -39 -11 -88 15 -60 51 14 -92 -10 -68 52 -67 -77 44 36 -71 -48 -92 -82 -79 -48 -9 -78 52 -90 27 -41 25 38 -38 28 -93 77 84 -96 37 -37 -23 44 61 -67 37 -13 87 19 -76 -1 52 -93 -47 -6 72 33 -62 14 54 -71 -92 88 91 62 -84 -85 -83 -54 89 79 -78 -76 -50 61 77 -16 -43 60 -36 -79 -74 -63 32 -36 -53 -39 -31 52 78 34 -18 39 -87 21 60 -32 -57 -47 41 54 -63 -32 -4 -99 -20 14 -10 -96 40 17 -68 35 -91 71 -23 40 -40 88 42 48 -93 -39 8 -75 10 -32 94 -90 24 -87 87 -99 -23 -46 34 71 50 -37 98 -98 -44 6 74 89 -2 44 -71 -96 78 -38 83 74 91 75 65 -45 82 70 -87 -61 47 -80 -68 9 74 23 8 -31 -7 64 -56 41 -44 62 10 37 78 91 24 72 36 -74 -59 3 -41 -40 73 67 -82 -22 -63 44 46 -99 68 -75 27 -91 -27 16 7 64 12 -13 98 -76 -1 -80 -2 87 -84 69 49 19 73 -33 -21 -19 -53 ; 
20:78 28:112 22:84 2:6 17:65 10:36 35:137 24:94 12:46 18:72 11:43 37:147 22:88 26:104 24:96 20:76 36:144 28:110 5:19 25:97 38:152 34:136 3:9 37:145 52:206 32:124 24:94 13:51 25:99 9:35 26:102 9:33 31:123 10:40 9:35 22:86 31:121 45:179 15:59 5:19 32:124 5:17 13:51 12:44 11:43 18:70 22:84 8:32 28:112 17:67 28:110 21:83 12:46 25:97 10:36 20:78 30:120 17:65 4:16 19:75 32:126 1:1 5:17 32:126 25:99 2:4 30:120 1:1 20:78 10:38 15:59 7:25 12:48 13:49 18:72 34:132 29:115 25:97 4:16 32:126 46:184 17:65 25:99 50:200 26:100 29:115 18:72 6:24 40:156 19:75 24:94 18:68 8:28 5:17 39:155 16:62 13:49 13:49 14:56 4:14 25:97 41:161 13:49 35:137 16:62 4:16 44:176 14:54 7:27 11:41 44:172 32:124 10:36 11:41 8:28 24:96 20:78 12:46 56:220 21:81 12:46 11:43 38:150 12:46 43:171 16:60 32:124 20:78 44:174 14:54 12:44 37:145 34:132 12:46 2:8 28:110 32:124 14:54 21:83 7:27 6:24 29:115 4:16 36:142 20:80 15:57 22:84 26:104 28:108 2:6 19:75 23:91 30:116 23:91 7:27 6:24 32:126 10:36 18:72 34:132 37:147 23:91 3:9 6:20 8:32 25:99 9:35 37:145 4:16 10:36 5:17 4:16 13:51 14:54 26:100 42:166 17:65 29:113 39:153 24:94 15:57 15:59 8:28 33:129 12:44 42:166 48:188 3:11 2:8 19:73 9:33 9:35 12:44 29:113 17:67 2:4 6:22 9:35 1:3 21:83 20:80 2:6 15:57 14:52 29:115 13:51 50:200 36:142 41:163 19:73 19:73 1:1 18:70 33:131 15:57 22:86 30:120 5:19 1:3 10:38 15:59 25:97 24:96 34:136 15:59 16:64 8:28 18:70 26:102 12:48 36:144 17:67 20:76 9:35 40:160 36:142 27:107 16:60 16:60 16:62 23:91 6:20 28:112 15:57 7:27 31:121 4:14 38:152 24:96 9:33 36:144 46:180 8:32 6:20 24:94 34:132 14:56 11:43 24:92 12:46 43:169 2:6 23:89 17:65 14:54 29:115 26:102 4:16 4:14 37:147 18:68 28:110 9:33 19:73 9:33 16:64 4:16 10:40 18:70 8:32 26:100 12:44 33:131 7:25 42:168 15:59 12:46 9:35 11:43 14:52 11:43 5:19 6:24 2:8 16:62 19:75 19:73 13:49 24:96 40:158 38:150 34:132 14:52 28:112 31:123 35:139 10:40 11:43 35:139 14:52 12:48 10:38 8:32 12:44 22:88 4:12 15:57 8:28 18:72 14:52 22:88 14:54 23:91 19:75 43:169 4:14 36:144 2:8 17:65 14:52 27:105 18:68 14:56 40:160 1:1 19:75 22:88 7:25 6:20 3:9 23:89 23:91 12:48 45:177 6:20 18:72 10:36 30:116 9:35 9:33 33:129 23:89 34:136 4:16 35:137 25:97 8:28 4:12 18:72 28:110 35:137 12:46 22:84 21:81 34:136 9:33 14:56 19:73 24:94 15:59 37:145 18:68 28:112 16:64 2:8 37:147 14:52 11:41 18:68 40:156 30:118 36:142 16:62 33:131 22:88 12:44 27:105 2:4 10:40 18:68 34:132 31:121 22:84 6:24 39:155 3:11 33:129 4:14 5:19 6:24 10:38 2:4 3:11 16:60 5:19 32:124 25:97 19:75 14:52 3:9 31:121 26:100 12:46 27:105 4:16 22:84 3:11 19:73 6:22 16:60 26:100 14:52 11:41 10:40 6:22 23:89 39:153 19:75 42:166 21:81 59:233 14:52 31:123 13:51 3:9 16:62 15:59 20:78 37:145 11:43 8:30 18:68 10:36 12:48 6:22 34:136 20:76 10:36 25:99 8:32 20:78 54:214 38:152 11:41 32:128 8:28 18:68 15:59 2:4 38:148 53:211 5:19 9:35 6:24 31:123 5:17 7:27 8:32 12:48 16:64 28:110 2:4 40:160 32:128 22:86 2:4 20:80 26:102 10:40 16:60 23:89 42:168 18:72 12:44 5:17 23:89 8:32 32:126 16:64 22:84 13:49 24:94 10:38 6:22 2:4 12:44 59:235 8:32 21:83 6:22 8:30 ; 
L 37 -66 -63 -34 4 -55 -42 16 -88 10 -11 -13 13 -99 -28 -46 -23 -92 13 100 -98 -86 -54 69 18 -34 24 -43 85 -79 -40 11 -52 -38 67 66 70 87 -26 95 15 -66 19 70 -74 65 -71 15 -49 -89 32 8 -65 53 -71 -66 31 83 51 -75 69 28 7 -31 -42 100 -92 64 -32 -66 62 -89 44 -44 -50 -7 51 -63 1 -16 -93 -52 -99 67 -63 60 -24 -69 26 -88 65 -80 52 9 24 27 -75 48 -90 -1 -56 -15 58 -22 -5 -43 -19 -95 -62 42 -39 -91 14 -31 39 2 13 20 1 -10 -1 85 96 -37 39 83 -1 -56 36 -53 15 9 40 87 -80 -22 3 -88 38 37 32 -29 -14 12 46 45 88 17 16 88 -70 -41 33 -91 -69 -82 5 95 -43 60 -23 45 21 7 -11 60 -100 -1 50 -99 59 82 6 77 3 56 -39 -27 94 16 91 -66 95 78 -67 78 -36 -44 -22 33 37 86 -94 -19 -30 -79 -4 56 -9 75 96 -84 -31 -77 16 35 16 -42 30 -50 -3 -64 -45 -9 80 -66 49 42 -86 15 86 42 47 -65 91 36 -56 -14 81 -4 38 59 66 -90 77 -27 18 78 54 -17 16 95 -3 -24 14 -1 20 -60 1 -83 -1 -61 -38 67 68 -83 -98 -73 94 8 36 -42 -63 68 -22 18 35 -22 -4 13 39 -77 -97 31 95 -76 38 -93 -22 -46 9 15 -100 82 61 -41 -15 49 32 15 -84 -27 -30 87 61 39 5 -53 74 -6 80 -42 -12 -27 10 -18 66 -55 41 -5 -3 25 10 -29 -71 59 -8 -59 -94 52 84 -27 57 56 42 -57 -59 44 94 -61 22 30 -25 96 -90 7 57 -48 -53 -65 69 1 18 34 -63 9 -41 -6 -75 15 26 97 -20 -92 90 -7 -85 -13 -30 -44 -51 32 -30 62 -74 91 -39 -27 -23 -30 1 53 3 82 76 -75 89 -5 21 -57 -80 65 -79 41 26 -26 -19 94 97 -88 -29 45 81 41 54 97 44 -6 35 -54 34 69 -14 38 13 -58 12 -66 -76 67 -15 3 -98 -18 -7 -81 77 -19 -66 52 13 59 32 69 -31 -98 -17 -55 3 40 58 -91 -25 -78 16 -6 -69 33 -95 12 -24 64 75 96 -13 80 61 -19 41 84 -41 -27 11 44 98 -67 -44 -85 -34 -31 95 73 -95 -69 -94 56 77 67 92 48 -91 -91 92 2 -50 63 84 76 -22 25 -8 13 -48 11 -48 50 68 63 -7 14 -96 44 79 43 -97 43 -32 20 -11 -59 ; 
43 83 55 60 28 68 78 2 85 79 51 2 27 2 75 24 48 95 86 47 70 55 30 61 96 74 24 37 46 24 17 16 37 5 85 66 84 52 39 29 8 83 84 27 35 52 9 76 58 68 5 25 65 75 38 39 19 92 78 48 37 21 8 39 87 52 82 89 25 3 44 12 29 71 41 93 32 20 63 66 47 25 58 26 96 96 61 44 47 87 44 10 88 41 38 38 3 90 7 85 41 55 60 71 1 58 84 20 60 16 56 28 49 3 99 100 29 31 88 12 46 92 67 44 86 74 1 66 62 61 77 21 64 51 36 10 11 80 21 35 45 100 97 1 21 44 97 1 100 80 25 51 4 59 26 31 48 53 80 77 38 13 64 70 15 61 44 96 54 88 2 93 42 12 75 53 46 18 23 50 68 41 93 80 77 24 10 84 78 82 11 9 92 55 67 24 44 40 12 41 62 49 97 72 39 56 79 64 43 67 55 14 43 21 29 70 89 36 68 61 37 96 51 19 84 31 85 38 96 88 94 43 63 60 3 14 7 29 94 65 49 100 15 51 32 15 18 8 96 55 60 46 97 32 55 27 14 71 49 25 13 79 16 62 36 24 71 9 54 21 32 48 57 43 66 5 88 79 62 92 79 33 59 21 27 77 10 49 68 26 30 97 37 84 56 59 24 53 32 67 75 1 56 44 15 10 87 39 18 88 62 51 59 16 35 16 63 70 74 59 73 8 53 40 43 61 40 34 49 70 57 2 60 22 36 69 30 46 43 72 3 57 41 72 69 99 3 10 97 88 58 69 88 44 18 33 65 31 16 32 32 57 9 40 14 20 87 33 1 89 44 24 6 57 60 65 63 59 77 41 15 70 47 38 43 90 64 28 16 25 91 34 96 35 85 32 74 16 43 53 18 73 41 75 81 49 82 64 58 87 26 47 76 15 57 35 99 12 95 13 50 71 78 87 40 15 22 38 59 59 24 21 21 87 7 94 14 87 60 75 89 13 90 98 69 96 91 67 6 89 48 62 41 20 4 8 40 53 24 37 50 12 18 10 25 29 88 57 6 61 71 10 86 69 66 62 5 82 56 85 93 1 67 10 9 82 17 13 62 100 26 81 3 64 22 19 59 95 12 57 7 ; 
L 37 29 11 -52 -38 67 66 70 65 -71 -39 -61 -15 76 -95 17 -98 -53 65 -97 55 -31 -92 88 -3 88 -11 27 41 -27 94 16 -7 -85 -13 -30 -44 -51 -62 30 -7 -28 67 -49 -89 -32 -49 76 94 59 -15 5 -56 -75 69 54 -17 16 95 -3 -24 18 42 96 -90 7 80 61 -19 77 -98 -25 22 22 -29 -20 18 91 81 -15 -82 -3 48 -30 1 53 -97 -26 -15 75 6 41 62 95 19 43 5 22 24 -16 46 -63 1 -74 11 55 -4 34 63 66 45 81 41 54 83 43 -14 86 87 -52 79 43 -97 -1 -56 36 79 -65 80 57 53 41 26 -38 9 87 -80 -57 48 80 -66 49 42 -87 -44 97 44 -63 44 67 -98 -44 -12 14 29 -32 -37 -38 8 -59 71 8 -25 -78 -22 33 37 86 4 79 -34 54 -91 58 64 -40 -3 -94 19 26 13 -58 -94 56 -66 -76 67 -13 8 -63 95 -33 76 -16 5 -20 -92 -26 10 -30 -9 -74 53 -36 -91 -1 -14 66 -67 2 -50 60 -24 -78 -18 -23 -31 -35 23 100 -92 80 -65 88 90 46 45 88 17 -12 -91 91 -84 -27 69 91 -33 41 -18 1 77 -7 -21 63 59 66 -54 -95 26 -45 -15 86 -100 82 -75 -89 -25 3 5 96 -37 39 56 1 90 6 -12 63 84 69 -94 -19 21 15 34 -63 -9 44 -3 -56 23 27 39 -68 -50 -52 -16 7 -6 35 -51 7 50 44 30 -82 5 -31 15 66 84 4 22 -30 42 -16 -35 48 -69 75 -6 80 25 53 48 -57 13 -96 42 34 -18 -69 15 -66 19 65 95 -73 -95 -50 -3 -64 94 -84 -41 -97 -44 89 -15 32 27 -85 -34 -31 -42 46 61 -41 -64 96 -32 16 -70 83 -1 -88 66 19 -77 91 27 13 39 31 57 56 42 -22 68 3 56 -39 -61 22 30 -65 69 -7 -15 -67 -59 44 92 78 -36 -32 83 -68 -67 38 61 -1 20 66 71 99 52 10 -79 -40 14 -69 -24 82 -98 -73 94 -22 -52 -9 75 96 -74 14 -31 39 2 60 27 -77 38 -93 8 36 -42 -38 4 -14 81 -77 -77 -6 -66 62 39 -42 27 42 47 -69 12 18 9 40 13 59 32 41 -85 91 -58 55 -78 -95 90 86 98 -100 -13 92 -45 -9 -11 48 16 -88 10 -11 -13 13 -99 -28 1 10 75 -51 -83 -31 -60 -70 -59 -95 84 32 -85 43 -24 -69 -1 -20 -13 43 99 -50 1 60 -100 -93 -11 -59 ; 
18:68 30:116 27:105 15:59 2:8 34:136 27:105 34:134 20:80 4:14 38:150 24:94 23:89 43:171 2:8 34:132 26:100 7:27 30:120 28:112 6:22 9:33 13:51 8:32 32:128 10:38 4:14 17:65 25:99 28:112 10:36 20:80 32:126 26:104 13:49 7:25 13:51 13:51 16:60 16:64 12:48 4:12 20:78 20:78 28:108 3:11 28:108 21:81 33:129 30:118 29:113 3:9 51:203 18:70 8:32 14:56 26:104 20:78 40:160 6:24 21:81 25:99 9:35 2:6 15:57 28:110 32:124 37:145 27:107 14:54 15:59 9:33 34:136 34:136 9:35 8:28 2:6 32:128 14:52 13:51 24:92 23:91 13:49 10:36 18:70 10:38 5:17 28:110 24:92 36:140 39:155 4:16 4:12 24:96 8:32 34:134 24:92 1:1 8:30 33:129 23:91 18:70 26:100 16:64 18:72 8:32 28:108 12:44 24:96 22:88 18:70 39:153 14:56 34:136 17:67 4:16 16:64 37:145 26:102 14:54 36:140 26:102 9:35 4:16 27:105 25:99 31:123 19:75 28:112 6:24 21:81 9:35 18:68 23:89 19:73 7:25 15:57 21:81 27:105 7:25 28:112 36:142 15:57 14:52 34:136 6:24 30:118 11:43 12:48 16:64 4:12 2:6 11:43 1:1 39:155 40:160 18:72 14:56 6:24 26:100 7:25 3:9 14:52 35:139 33:131 33:131 5:17 4:14 37:145 18:70 6:22 8:28 24:94 21:83 26:104 18:70 24:94 25:97 12:44 26:102 46:184 20:78 12:48 12:46 26:100 24:92 35:139 22:84 1:1 38:150 42:168 24:96 35:137 21:83 8:30 38:148 18:70 36:144 22:84 31:123 12:46 15:59 13:51 5:17 13:49 13:49 6:20 23:91 12:46 27:107 27:105 42:168 25:97 42:164 12:46 17:65 34:136 5:19 20:80 8:32 33:131 22:86 4:16 18:70 6:24 11:43 18:70 39:155 1:1 52:204 23:91 6:24 11:41 39:155 12:48 11:41 24:94 2:6 3:11 31:121 40:156 19:73 28:112 15:59 4:12 26:100 27:105 14:52 12:46 15:57 2:8 25:97 38:150 9:33 18:68 44:172 39:153 21:81 25:99 25:97 18:70 35:137 34:136 17:65 34:136 8:30 18:68 18:70 2:8 34:132 16:62 22:88 38:150 27:107 31:123 28:110 4:16 10:40 15:59 10:40 28:112 1:1 14:52 12:48 7:27 14:56 16:60 30:116 21:81 18:68 17:65 13:51 38:148 17:65 32:128 16:60 20:76 44:172 10:36 28:110 33:129 8:28 22:86 29:113 18:68 26:102 32:126 7:27 18:72 31:121 31:121 30:120 8:30 27:107 18:68 19:73 20:76 28:110 5:17 16:62 30:118 39:153 15:57 34:132 34:134 32:124 5:19 8:28 5:19 17:65 22:88 6:22 17:67 15:59 36:142 12:46 50:200 12:46 14:56 10:38 21:83 24:94 10:38 15:59 36:142 32:128 52:206 31:123 7:25 44:172 18:72 26:102 25:97 25:99 22:88 16:64 22:88 38:152 5:19 31:121 37:147 5:17 13:51 11:41 11:43 16:64 18:68 8:32 26:102 34:134 22:84 19:73 12:46 23:91 1:3 26:104 2:4 16:60 18:72 9:33 22:84 14:54 33:131 11:41 4:16 7:27 4:16 11:43 22:88 13:51 39:155 20:76 8:28 3:9 16:62 28:112 24:92 11:43 4:12 7:27 37:147 17:65 33:129 5:19 16:64 29:113 20:78 24:92 22:86 11:41 17:65 25:99 10:36 22:86 2:4 40:158 40:160 8:32 2:6 6:22 47:185 32:126 12:46 6:20 32:126 21:81 38:150 21:83 39:153 52:208 6:22 5:19 4:14 18:70 4:14 23:89 9:35 26:102 21:81 7:27 31:123 13:51 7:25 26:102 38:150 29:113 32:124 37:145 38:150 28:110 9:33 4:12 35:139 32:128 11:43 10:38 22:88 28:112 19:75 35:137 36:144 9:33 9:35 4:16 28:112 34:136 32:126 21:81 1:3 11:43 1:3 30:120 16:62 19:73 9:33 20:76 32:124 37:147 9:33 33:129 46:182 18:68 17:67 24:94 2:8 19:73 15:59 17:65 12:44 36:140 13:49 35:137 16:62 36:140 22:86 25:97 18:70 30:116 4:14 23:91 3:11 ; 
L 78 91 -6 -80 -40 -50 67 47 -91 -22 13 79 78 84 -30 80 64 62 12 -5 59 -33 95 -46 18 -55 -46 -34 -47 14 -54 18 84 14 21 67 67 17 -93 9 11 92 28 2 -23 -2 42 -10 11 10 -100 -82 6 72 51 -77 71 -67 -64 -3 16 -58 -14 -28 -89 -64 19 -33 -70 -21 -44 93 -77 -93 16 69 -83 -81 57 -82 43 -84 90 -75 2 44 -65 -35 -31 -25 -36 19 -65 -31 49 72 -59 -62 42 19 -76 -66 -65 -32 71 96 49 82 -51 -29 -79 -25 -68 -89 90 54 -82 -12 23 -14 -18 78 -71 83 -16 96 -45 -25 -52 -98 -81 -55 -22 -6 -21 68 -1 -47 -58 56 44 54 -46 -32 45 7 3 -56 95 -65 -53 -5 -49 -20 -29 -2 -53 41 -89 -96 -4 -53 -71 93 -54 -89 18 -53 77 -43 84 -65 -99 9 -12 -79 26 -15 43 -79 8 -99 -90 33 84 -29 88 90 -29 -18 60 -20 89 93 100 -50 40 -49 -51 44 92 2 32 -5 28 55 74 70 57 32 -69 91 29 69 -23 -53 -3 -32 1 65 -36 47 -96 -74 57 -7 -55 -6 38 -41 -54 3 -95 7 -43 49 3 18 -90 -51 -62 76 -16 6 -16 49 -71 37 -46 -78 -74 -75 -52 -3 51 47 97 -78 -81 -39 -38 51 -21 -37 -16 -98 74 76 15 -99 -32 77 29 -81 -83 45 83 33 -20 45 -40 49 -56 -90 -24 -55 16 -39 6 -60 -39 40 54 67 90 -26 75 -95 -26 -79 78 -78 80 53 5 -54 75 35 94 99 53 -61 -84 -27 -48 17 -51 83 -93 -13 -98 -87 39 -74 -85 -33 62 20 37 47 92 -44 50 -28 -95 -37 27 42 5 99 74 -21 -66 -99 78 -29 -38 96 -32 55 88 -24 57 -2 -43 -99 32 32 59 13 78 56 -24 -68 -53 61 -87 42 -59 -5 11 3 57 60 -34 77 47 13 47 48 95 -80 2 23 -29 -93 -91 -84 15 21 -17 62 -75 54 -2 -65 58 40 -83 -64 37 19 -74 -68 -3 -74 90 -33 -64 -87 -10 -95 75 -71 15 55 -52 -73 61 -39 -7 87 92 52 30 32 96 -44 76 97 58 -75 -62 -4 -92 2 2 55 -29 5 23 -39 -67 85 -81 50 77 17 -43 16 32 -87 13 -81 23 98 92 6 25 -40 47 -75 2 -14 -60 -92 94 66 31 91 63 -41 -7 47 -30 76 77 -44 -96 74 53 -25 91 92 -95 2 15 70 24 38 9 13 -42 64 58 57 -11 80 -62 67 ; 
99 55 48 66 41 35 95 12 18 30 66 94 7 13 48 40 30 77 84 7 15 35 35 85 54 82 88 37 83 29 59 6 1 30 50 34 53 42 84 96 47 41 97 18 39 89 25 84 38 9 78 92 100 57 93 50 43 47 19 47 95 50 53 90 66 67 33 20 44 78 83 29 73 5 52 47 6 79 25 54 88 32 45 75 53 50 86 34 89 9 75 46 42 22 50 97 51 57 88 25 60 79 34 83 12 24 10 98 65 36 41 36 6 98 56 12 59 73 80 69 70 10 60 32 11 57 75 52 29 43 60 52 65 64 77 12 71 60 10 36 10 83 45 56 34 84 25 48 71 37 91 23 99 68 31 69 81 4 42 7 78 61 4 11 93 64 86 60 36 29 17 9 62 23 25 41 76 3 55 92 99 79 89 30 11 15 84 86 63 63 100 85 72 12 12 53 70 95 43 88 10 41 9 37 26 70 43 93 23 27 19 12 54 8 62 8 39 60 45 18 72 2 94 33 25 15 21 39 12 76 86 6 38 29 59 4 6 88 64 76 1 44 41 6 22 52 57 59 9 81 74 46 38 70 83 46 16 10 56 25 15 18 88 84 33 87 56 93 95 67 15 21 92 2 90 64 96 55 94 48 66 96 99 66 14 61 58 88 18 66 20 27 49 70 77 24 21 19 21 1 21 75 43 24 42 19 22 95 52 39 26 65 54 29 17 65 68 69 66 37 3 68 77 3 10 19 70 33 4 83 93 9 46 30 64 15 100 5 41 5 86 19 42 51 54 77 77 73 66 23 6 82 96 29 40 73 63 40 35 39 100 96 32 8 6 95 79 30 71 34 64 70 29 17 61 16 29 73 64 13 98 81 14 96 17 100 41 35 98 86 61 88 78 32 33 12 83 7 80 58 91 3 92 31 85 40 54 95 48 8 23 82 11 90 43 22 84 30 26 26 87 87 43 99 66 75 48 15 47 23 72 71 16 47 51 37 89 78 15 95 47 20 68 62 43 90 81 7 36 14 46 40 44 74 28 67 77 45 22 32 42 19 18 54 17 66 66 1 99 86 71 21 6 35 24 72 98 55 99 61 4 89 69 63 5 4 94 10 86 62 91 56 76 67 98 73 92 98 9 74 2 ; 
L 78 91 2 23 -2 -28 -92 -39 87 98 13 -20 -96 38 29 -78 -28 -5 5 99 -47 -58 63 -41 -7 24 53 -87 34 -82 -50 81 -85 67 -47 40 -25 -55 -89 -64 -32 71 96 49 -81 -74 -75 67 16 -39 6 -60 -44 8 -99 -90 33 84 -83 12 -9 77 29 -81 -83 18 -55 -24 -55 47 26 -90 57 39 54 -46 -93 -91 -92 -87 7 51 -21 43 -43 14 -2 75 -33 -70 -21 -44 93 99 -15 -15 7 3 -56 53 68 -1 74 -92 43 -77 -24 -70 -15 47 -87 -10 -95 58 40 -83 -64 74 -19 -37 71 -95 -66 -17 100 -88 6 -16 49 -32 -2 -92 -44 51 49 -40 50 -100 -47 -52 -66 -94 11 10 32 -16 7 78 -83 -81 57 -82 -13 -44 50 67 67 17 -93 9 11 -74 -85 -33 62 -17 -77 -12 95 -65 -53 -5 -49 -20 -29 -2 -53 41 -89 -60 13 51 -40 -88 16 32 33 -65 15 21 -48 17 -51 83 -93 -5 54 -19 -39 -43 -34 5 59 -42 84 28 14 58 -16 3 64 -57 -70 -74 -55 51 47 3 52 -95 61 -9 35 -3 96 74 76 54 67 92 -20 89 93 -37 -68 -3 -74 90 -33 -64 90 -7 73 31 91 54 -29 75 35 -57 -79 78 56 79 -43 -99 32 32 -96 -32 -30 -95 45 -40 49 -56 -90 -46 -66 -99 -21 -14 -84 -18 54 -14 43 82 -51 -29 -79 -25 -6 -92 -98 -23 20 37 33 23 -39 -78 -62 -64 75 -6 -80 61 -32 67 78 84 -76 6 55 -59 -55 -77 71 -79 -13 22 91 75 49 72 42 19 -76 -98 44 60 40 71 -18 57 58 57 -11 80 -15 -45 46 -95 38 39 81 78 -97 53 5 -95 -48 -47 -2 47 -96 62 90 -75 2 75 -71 -79 26 65 2 -55 -22 69 -71 83 31 52 25 45 -96 16 62 59 -93 16 -6 -21 47 -60 -92 32 -91 69 64 -50 13 44 -65 38 90 -4 -53 -78 76 52 10 36 -65 -1 32 3 53 23 -69 -29 -31 -53 -99 -94 -3 81 98 65 46 13 6 72 -42 -25 -36 19 14 -23 -74 54 41 -38 -74 26 -30 80 -42 -62 -2 76 29 -92 -91 25 23 18 -56 -78 -96 -54 -11 77 -68 -89 -30 65 -84 2 -29 -18 -77 -18 -3 27 84 82 -54 -89 -29 -32 45 24 99 44 21 4 62 75 42 28 -80 12 -5 59 -49 47 2 -68 -53 61 -87 51 90 -37 -77 -95 -16 -55 -80 2 93 -37 27 -58 -97 -84 -62 67 ; 
40:158 22:88 15:59 36:142 16:62 8:28 39:155 13:51 31:123 28:108 2:4 34:132 32:126 30:116 31:123 31:123 26:104 26:104 20:78 2:8 20:76 4:16 9:33 9:33 3:9 30:120 6:24 18:72 42:166 11:43 32:126 36:144 18:68 25:99 18:72 17:67 3:11 5:19 8:32 27:107 4:14 5:19 10:38 4:16 49:193 29:113 19:73 32:124 21:83 36:140 8:28 27:105 21:83 6:20 32:126 36:142 12:48 5:17 20:80 3:9 10:40 4:12 37:147 1:3 36:144 10:36 33:131 21:81 25:97 8:28 14:54 10:38 22:86 9:33 21:81 18:72 38:152 17:65 40:158 18:68 35:139 5:17 36:140 17:67 14:56 7:27 22:86 8:28 0:0 18:70 32:124 34:132 12:46 8:32 27:107 40:156 53:211 10:40 20:76 22:88 18:68 29:113 40:156 14:56 10:40 12:46 8:30 35:137 4:16 21:81 9:35 10:36 33:131 25:97 3:11 32:128 24:92 24:96 37:147 2:4 24:94 20:78 12:46 12:46 40:156 42:166 2:8 9:35 21:83 18:70 4:14 17:65 4:16 36:140 18:68 38:152 28:112 22:84 2:4 30:116 10:38 1:1 8:32 4:14 21:83 26:104 22:86 5:17 5:17 32:126 10:40 22:86 30:120 21:83 19:73 3:9 22:84 17:67 34:134 39:153 19:75 5:19 4:16 8:30 28:112 14:52 3:11 30:120 38:150 15:59 37:145 10:36 40:158 28:108 13:49 28:110 33:129 2:6 17:67 19:75 30:118 26:102 20:78 34:132 28:108 19:73 28:110 20:80 82:328 35:137 14:54 26:104 28:108 28:110 27:105 13:51 25:97 13:51 2:6 29:113 10:36 8:28 14:54 29:113 8:32 15:59 36:144 22:84 20:80 38:152 19:75 5:19 10:36 38:148 18:68 23:89 19:73 13:49 28:112 20:78 18:72 10:38 24:92 9:33 19:75 23:91 38:148 10:40 28:112 14:52 1:1 29:115 5:19 1:1 25:99 34:136 16:64 22:86 38:152 20:76 9:33 29:115 4:16 42:168 35:137 11:41 5:17 23:89 38:152 18:68 1:3 9:33 8:30 39:153 37:147 46:180 26:100 16:64 13:49 20:76 30:120 26:100 15:57 27:105 39:153 40:158 27:105 21:81 20:76 21:81 19:75 20:80 12:48 1:1 3:9 24:94 10:38 16:60 26:104 15:57 17:65 25:97 9:35 18:72 31:123 27:107 14:56 2:6 34:132 26:100 8:32 50:196 18:72 31:123 22:84 20:78 27:105 38:148 22:86 14:54 11:41 6:20 22:84 18:68 16:62 31:121 14:52 23:91 18:68 12:44 38:150 27:105 12:48 2:8 21:81 39:155 30:116 10:40 24:96 49:195 40:156 30:120 26:104 27:107 14:56 9:33 24:92 30:116 37:147 40:156 21:83 5:19 38:152 34:136 19:75 6:24 10:40 23:89 4:16 7:25 17:67 14:54 40:156 6:20 16:64 8:30 38:150 10:40 12:46 30:120 22:84 30:116 36:144 65:259 31:121 15:59 5:17 21:81 26:104 32:124 22:88 13:51 20:78 13:49 12:46 21:83 30:120 23:91 4:12 23:91 3:9 21:83 14:52 31:123 6:24 27:107 27:105 22:86 14:54 5:19 7:27 6:22 14:54 14:54 35:137 14:52 19:75 10:36 25:97 22:84 22:88 12:44 18:72 15:57 29:115 8:28 18:72 24:96 16:62 4:12 25:99 4:12 61:241 14:56 11:41 16:62 13:49 28:110 24:96 14:54 28:108 36:144 18:72 23:91 42:168 22:86 30:120 19:73 17:65 28:110 3:9 8:32 35:137 31:121 9:33 10:38 13:51 16:64 2:6 26:104 4:16 24:96 42:166 26:102 26:100 28:110 19:73 11:43 32:128 39:153 45:177 35:137 51:203 25:99 14:54 40:156 18:72 23:91 4:14 12:48 26:104 26:100 32:128 46:184 36:140 2:8 12:46 42:164 52:206 26:102 31:121 25:97 14:54 32:126 16:64 19:73 22:84 14:56 19:75 7:25 6:24 8:28 36:144 33:131 3:11 6:24 14:56 4:14 14:56 5:17 3:9 38:152 32:126 11:43 31:121 6:24 15:57 15:59 10:40 3:11 8:32 6:22 22:84 3:11 40:160 25:97 29:115 12:48 8:30 30:118 1:3 ; 
L -15 23 -13 -46 -47 60 39 28 75 73 57 13 -60 55 78 92 49 9 -19 -100 -42 -50 8 -73 84 69 -8 -19 50 -47 -13 -36 -63 83 68 -57 4 29 -35 -71 -8 -95 97 -39 72 23 93 -27 -33 -29 -82 30 -52 -87 79 -73 -71 -64 29 -94 -7 -52 -66 39 48 -78 80 22 -68 63 -63 91 72 -57 -18 -48 -46 -78 21 -31 4 -9 -20 -22 -62 -61 12 -73 -79 -97 -52 -8 48 -46 -19 -96 -68 -67 -57 18 -22 -20 -91 51 81 -56 15 -96 -80 20 22 -64 87 37 11 20 7 68 -13 88 -47 -26 -55 -51 56 33 -10 -28 4 -100 63 22 65 71 -70 99 69 59 23 -53 44 -38 -19 -10 -72 64 -64 87 56 -61 2 84 -67 84 -7 -98 80 -48 -27 11 1 -60 -12 78 -20 -89 -82 29 -95 73 -24 -99 68 3 -63 75 54 25 63 55 25 -27 19 41 -85 -7 -49 18 -32 -68 -79 61 -83 -24 10 -27 -60 14 -86 -90 95 -72 16 -66 68 -19 -4 68 17 -85 -16 26 -42 65 36 -66 4 87 -33 95 52 97 72 -53 -56 -74 -17 -25 -31 97 15 -65 83 85 -72 32 -62 70 95 7 62 50 76 60 -16 -57 -19 34 90 -2 91 -52 19 -34 -82 86 45 48 12 98 -98 75 -59 -20 89 -23 -78 82 -80 -36 -46 80 61 -5 -90 -86 -54 -96 -64 72 3 13 -34 6 -41 -10 -87 69 30 -44 27 36 -41 82 7 -100 -10 -36 -3 17 30 49 -47 -41 -19 91 63 -97 -43 -53 -68 86 -100 93 96 -73 -78 -23 47 -50 16 -13 12 -86 71 -19 25 -66 -67 93 -80 8 45 -21 -60 22 1 -71 54 -39 75 92 -16 -70 -68 14 -42 -52 -69 -14 98 -87 -49 -33 -25 -73 78 -43 55 31 70 -38 13 4 53 16 96 28 -86 -69 16 1 41 -8 80 45 -72 7 -64 -79 87 93 -9 63 96 19 81 43 -30 -2 -12 88 45 50 -98 -38 -90 38 -70 71 -95 62 15 -88 100 -83 -31 -64 -8 16 -29 -35 -11 -3 -18 -86 92 -9 -91 -7 59 -53 58 -98 85 -34 -35 -33 -42 -67 -26 -97 53 -9 40 27 -22 21 86 79 -9 9 -45 -31 80 -32 -33 -22 49 -47 71 93 8 -23 91 -74 -88 3 85 -24 6 28 -33 -47 71 63 97 66 -24 -22 74 -66 92 -32 12 -51 9 74 -69 -62 98 92 71 -17 -20 44 9 -64 -66 -9 45 -65 -10 -25 -50 64 -93 99 -43 1 ; 
42 59 40 46 49 96 97 89 29 9 37 77 67 71 100 68 32 24 70 91 32 100 41 70 55 82 15 5 70 51 59 16 17 44 42 64 55 42 47 98 76 48 33 26 1 14 37 3 86 35 58 10 33 28 32 99 50 100 94 78 94 35 46 54 66 37 58 13 35 41 89 66 84 15 96 13 60 71 91 34 78 81 8 71 92 10 58 37 68 91 70 73 94 49 82 80 74 28 36 34 42 98 29 3 11 30 32 89 99 84 95 23 67 68 45 41 76 13 99 87 43 71 27 21 99 80 50 43 15 44 80 42 78 32 60 78 37 5 22 92 64 57 43 63 6 57 12 71 27 100 2 90 79 7 35 73 1 76 36 12 95 1 26 44 12 94 8 33 70 18 96 25 97 33 90 64 95 98 16 67 77 69 80 70 37 85 64 99 7 3 51 13 3 88 88 70 57 27 67 88 7 38 42 16 87 99 82 58 59 5 38 28 38 49 79 91 34 17 66 57 68 67 89 63 64 16 15 59 31 75 58 63 47 94 18 46 31 17 76 44 97 94 1 88 17 94 78 70 23 41 25 3 73 83 62 88 40 11 56 70 62 9 35 7 38 35 82 25 7 69 16 45 44 59 11 62 85 94 42 40 3 48 60 77 6 73 59 52 90 52 7 26 14 66 78 15 66 71 24 74 64 44 4 83 1 70 19 1 68 69 3 49 14 100 30 17 23 50 46 41 39 27 70 20 45 51 82 1 99 95 22 74 71 64 87 29 71 62 35 82 89 28 15 95 71 38 40 49 38 28 55 54 24 18 71 1 4 94 18 57 22 26 46 30 55 94 22 48 83 3 11 39 1 13 59 7 45 71 67 95 40 50 64 24 42 82 57 5 12 5 92 5 20 97 12 100 80 2 96 93 20 3 40 37 23 88 12 99 54 37 25 90 50 54 71 72 55 31 87 4 42 75 50 98 26 18 94 46 2 34 21 67 40 12 97 77 81 44 54 48 41 38 81 26 86 97 1 20 54 12 89 65 98 18 88 34 12 32 53 90 25 43 82 51 72 78 71 75 76 23 6 36 32 3 15 79 54 55 58 26 77 25 6 98 90 15 42 44 39 2 12 85 8 98 15 38 35 37 99 70 75 ; 
L -15 -8 50 23 93 -83 -24 39 28 60 -19 52 -91 -16 -20 -22 -87 69 7 16 -92 20 22 -64 87 63 30 47 59 71 91 -90 -16 65 -15 -97 -55 43 95 -23 -86 -90 95 -72 16 -66 68 -86 -72 32 19 57 9 -4 31 96 -55 10 -27 -24 7 -64 -79 9 82 -60 22 1 -47 95 -71 70 -38 -29 20 -67 84 -7 96 -73 -78 -96 -16 -53 -56 -87 64 39 -39 -13 -53 -50 64 -19 -17 -68 4 18 -66 -100 93 64 -80 -36 13 47 -50 19 73 -24 31 25 17 74 56 25 10 65 -45 9 66 64 -27 -74 8 82 89 8 53 23 -63 -25 -54 -7 59 42 100 17 -68 33 -46 -78 21 90 -2 -98 85 -54 78 -22 74 3 11 35 -19 25 -66 44 2 -19 1 47 -49 -40 9 -53 69 -8 95 78 -14 91 72 -57 -18 -48 4 -83 -74 -49 -41 -12 73 -53 -68 -10 72 86 68 -19 71 -45 -67 -57 -51 91 20 22 -18 81 -56 15 -93 48 12 98 -98 75 72 3 13 -34 6 -41 -10 62 73 25 41 -8 80 -30 67 42 6 99 -9 9 60 38 -80 8 45 -11 -37 -8 -95 97 75 92 -23 -85 88 60 -13 -57 -29 -82 -16 69 -20 -21 -34 -52 -95 23 92 69 -29 -19 -73 84 97 26 70 4 -45 -31 -24 33 35 34 86 90 5 -61 -12 78 -86 7 68 -13 -65 -3 42 -19 3 72 -53 58 -60 -76 100 -62 70 -78 -61 70 -38 13 9 -93 50 -68 -69 63 36 85 -12 88 45 -14 68 97 66 55 56 33 -98 86 -19 59 -98 80 -48 -27 11 1 -60 -80 46 -30 -48 9 36 -87 79 -73 -71 -64 29 -94 -9 -49 -92 72 -45 -44 -52 36 10 100 -7 -82 41 -23 86 92 -55 -51 25 -27 19 41 -85 -7 63 -63 -68 -79 61 13 -16 46 -48 8 -3 70 62 50 88 -54 71 -22 -80 26 47 -88 98 -50 -10 -28 4 -100 63 22 65 14 -63 -91 -20 89 80 -32 -33 -22 27 -22 -62 63 -29 -4 57 -68 -83 -97 87 71 66 -36 -34 -82 28 -20 -69 62 15 47 46 -39 66 52 7 -26 -35 -71 -71 47 33 -28 -99 93 -87 51 -12 32 78 38 61 -96 16 85 -96 33 -96 -80 -75 -64 72 -97 -83 -18 49 -79 81 43 -30 -86 67 71 -17 -84 -2 99 31 31 -32 -21 -27 63 52 97 79 73 -12 -64 44 -93 -91 -75 -33 43 -52 9 42 -87 -49 -98 -43 1 ; 
17:67 1:3 17:65 12:46 15:59 6:24 36:140 12:46 36:142 38:148 30:120 30:116 2:4 27:107 33:129 29:113 21:81 21:83 74:296 43:171 6:24 24:96 38:152 10:36 27:107 45:179 30:120 34:136 2:6 16:64 6:20 7:27 9:35 23:89 26:100 24:92 31:121 8:28 22:86 9:33 38:152 36:140 3:11 16:60 17:67 7:25 29:113 6:24 28:110 19:73 27:105 32:124 9:33 33:129 32:124 12:44 47:185 42:166 28:112 13:51 35:139 27:107 38:152 6:20 19:73 18:68 12:46 29:113 22:86 17:65 8:32 38:148 39:153 2:8 9:33 43:171 3:11 14:56 19:75 7:27 10:36 13:49 9:35 38:150 10:38 11:43 29:113 3:11 10:38 8:30 4:14 14:56 16:60 40:156 25:97 24:94 24:92 18:72 28:110 18:70 40:160 14:52 18:70 28:110 9:33 24:94 21:81 28:112 7:25 39:153 18:70 13:49 24:94 6:24 7:25 18:70 40:156 4:12 34:136 5:19 1:3 16:62 11:43 10:40 22:88 7:27 4:12 9:33 22:88 28:112 25:99 7:25 40:156 18:70 17:67 38:150 13:51 47:185 15:57 11:41 32:128 29:113 37:145 7:25 17:65 9:33 11:41 32:126 32:124 6:22 3:9 16:60 22:86 20:80 35:139 33:131 1:1 40:158 5:19 10:38 16:60 37:145 5:19 19:75 39:155 5:19 32:128 6:24 3:11 24:94 22:86 34:136 34:134 6:24 39:153 6:20 11:41 25:99 25:97 4:12 17:67 2:6 19:75 6:22 2:4 8:32 24:94 33:131 10:38 40:158 54:216 21:81 24:96 15:57 6:20 2:4 12:46 40:156 17:67 13:51 12:48 13:51 53:209 10:40 23:89 28:112 25:99 4:14 18:68 2:4 20:76 24:96 31:123 3:9 30:116 10:36 23:91 1:1 2:6 6:20 24:94 21:81 8:30 14:54 7:27 24:92 19:73 9:35 3:11 12:46 7:27 30:118 29:113 31:123 18:72 35:137 20:76 14:52 22:88 1:1 54:214 12:46 30:120 26:100 27:107 31:123 15:57 24:92 10:36 5:17 11:41 12:44 25:99 34:134 28:108 22:88 39:155 9:35 17:67 18:70 45:177 22:88 17:67 27:107 34:132 15:57 19:75 11:41 43:171 4:16 19:73 38:150 10:38 25:99 5:17 24:94 25:97 18:70 17:65 22:84 6:20 40:158 25:99 1:3 23:91 60:236 20:78 1:3 27:105 20:80 21:83 36:140 8:30 24:94 7:27 47:185 14:54 21:83 11:41 19:73 16:64 26:102 30:118 22:86 8:28 19:75 7:27 34:136 41:161 2:8 8:32 20:78 16:60 18:70 30:120 44:176 65:259 32:128 8:30 19:73 7:27 7:27 22:88 1:1 31:121 15:57 5:19 38:152 1:1 4:14 18:72 28:108 36:144 13:49 18:68 9:35 13:51 40:158 20:80 40:160 38:150 32:124 6:20 10:38 13:51 25:97 18:72 4:12 15:57 11:41 29:113 27:105 6:24 32:124 27:105 16:60 44:172 1:3 6:22 9:33 6:22 28:110 32:128 28:112 15:59 34:136 22:86 36:142 14:56 21:81 6:20 9:33 11:43 12:48 20:78 38:150 26:102 34:134 34:136 38:150 2:8 15:57 14:56 12:48 6:20 4:16 29:113 18:68 21:83 5:19 21:81 18:68 6:24 18:70 32:128 17:67 32:124 13:51 4:16 8:30 24:96 16:60 22:86 39:155 1:1 8:32 34:134 33:129 20:78 11:41 26:102 17:67 22:88 26:102 17:67 7:25 26:104 31:121 24:92 37:145 46:180 25:99 12:48 22:86 40:156 33:129 16:64 25:99 20:78 43:169 22:86 19:73 14:56 17:65 14:52 40:156 10:38 29:115 21:81 33:131 18:70 15:59 2:6 33:129 32:126 6:24 26:102 37:145 24:92 10:36 8:32 16:60 10:38 40:158 9:35 40:158 21:83 38:150 23:91 15:57 19:75 8:28 40:158 21:83 22:88 2:8 5:19 13:49 21:81 7:27 40:156 25:99 36:144 27:107 15:59 30:118 1:1 20:76 9:35 59:233 40:158 28:112 37:145 28:108 15:59 22:84 26:100 25:99 58:230 22:88 2:6 37:145 26:100 16:60 16:64 49:195 10:38 8:28 13:49 28:112 30:120 ; 
L 45 -44 -57 20 -56 -5 -50 -54 34 -45 97 44 52 94 -78 63 11 -81 54 12 -35 -42 50 42 -30 -4 92 -8 50 84 65 57 57 -87 15 -44 -95 100 -43 6 -5 -44 2 75 29 67 76 34 -36 72 24 60 42 45 -68 7 -38 44 20 -2 33 57 57 -19 -83 13 49 -80 79 -90 -91 79 -69 11 -89 70 -83 -33 80 -41 -27 69 69 31 -11 -40 98 -5 51 79 74 -3 89 -35 -33 12 -57 43 -13 3 56 78 3 55 -63 42 -38 -89 -48 35 -5 85 -60 13 79 74 -50 44 -34 2 -38 -100 -70 -99 52 -15 -69 15 23 -42 -32 -11 16 -3 -4 74 82 18 72 85 1 16 -2 11 26 49 -43 -32 84 -84 11 71 -72 51 -52 -15 77 64 31 -99 33 -27 -77 46 100 14 -24 3 42 36 60 9 17 -59 -77 -65 -10 -2 -2 -30 11 6 -42 99 82 -11 42 -59 -84 34 -99 -52 81 -16 -8 -3 60 -54 72 1 20 -30 51 -76 -29 -30 12 5 3 21 -41 -80 -89 43 -19 9 -97 67 61 -88 44 48 -90 -81 -17 89 67 -40 97 -5 -11 -71 -43 -97 -8 -61 17 -100 43 -96 73 73 -83 -90 -31 6 15 -67 -23 46 -42 -72 62 -56 -49 -44 3 30 -97 81 56 26 1 -84 -17 5 -8 -81 46 -3 -2 12 41 -85 -42 40 11 -47 96 -55 82 9 57 11 48 55 -49 64 64 78 51 -71 -60 -67 -79 -93 8 28 11 -97 61 -42 42 58 -69 -63 -53 -45 -70 -18 -81 -72 -20 -3 -18 63 71 79 22 72 23 36 -56 -42 -59 -44 -52 15 53 -15 65 -52 88 59 7 78 27 -1 66 -39 56 23 -59 -78 -4 15 -7 23 -49 -39 -93 -13 -25 -69 100 -42 4 -86 -49 66 63 -36 74 -50 50 16 -65 -99 41 -49 47 31 -78 95 94 93 -3 21 -5 65 28 -43 -27 52 -62 98 21 57 -91 -41 29 -53 -91 -38 -50 90 -2 -90 13 90 97 -6 17 18 25 -75 58 38 3 -89 -39 -26 8 -10 -95 -83 89 6 -90 -57 -31 22 58 87 -7 69 -48 -4 -32 -85 78 25 45 -38 -60 16 26 37 22 -23 25 -32 -22 98 -31 -3 -97 17 -74 -3 23 -92 -39 88 3 -70 88 -79 14 52 84 71 88 -56 31 -97 -49 -50 7 -3 -2 -90 -67 -47 88 37 27 -74 -71 -67 -24 16 39 43 -78 -24 -5 -30 33 -73 11 64 -75 -54 -67 40 52 -32 13 -98 ; 
77 20 60 59 98 2 78 76 55 29 9 94 8 25 89 13 41 77 76 36 39 99 82 6 89 67 70 9 45 91 48 65 93 74 63 48 87 94 2 57 27 52 57 1 63 47 89 13 42 66 7 89 49 35 5 22 4 42 33 9 19 5 68 61 24 83 77 96 8 26 46 52 88 68 28 24 53 63 9 51 88 90 78 45 59 87 14 78 15 45 96 28 81 37 10 53 2 73 51 60 18 52 2 19 22 2 34 44 54 69 92 41 84 92 90 77 2 97 59 58 84 37 38 13 96 37 26 62 18 100 93 83 44 90 50 40 15 80 64 13 100 66 92 37 89 27 83 47 41 86 93 97 74 46 24 86 32 6 62 51 71 6 43 30 19 78 75 8 85 47 33 43 85 29 85 96 48 77 91 17 34 9 70 51 37 37 96 94 86 65 60 96 34 69 7 12 72 56 72 3 74 8 87 71 82 5 54 74 38 44 70 46 36 56 78 31 23 58 35 79 22 39 36 94 76 43 70 38 89 25 4 90 21 50 52 87 43 97 21 20 10 66 33 10 70 17 1 10 15 58 40 47 91 99 95 45 63 37 22 38 62 42 77 59 82 25 43 86 29 79 24 25 6 28 6 44 89 83 52 52 66 50 27 27 72 89 68 47 14 4 30 48 32 70 95 70 18 12 98 36 60 75 5 19 93 78 43 72 84 9 35 72 67 25 9 16 6 41 29 59 37 96 94 60 7 98 2 75 87 24 84 30 14 83 24 30 54 7 80 95 3 90 97 31 69 88 3 59 28 60 3 79 95 71 76 59 1 51 53 60 41 12 96 89 42 86 1 30 95 39 25 45 23 67 74 68 28 67 9 21 12 50 38 9 96 89 11 69 20 40 56 44 44 22 18 20 33 35 81 22 82 9 89 21 14 31 15 13 90 18 39 64 19 50 33 49 69 68 96 41 23 21 25 9 94 69 72 69 8 82 26 45 37 33 3 78 20 91 30 21 100 1 20 86 96 50 46 61 18 40 48 38 22 64 42 45 77 9 94 55 47 16 6 88 74 8 36 53 71 54 6 59 92 56 64 89 73 90 18 98 14 87 80 98 2 21 97 14 54 73 4 39 38 25 19 26 21 63 57 45 91 ; 
L 57 59 67 -15 -6 31 90 77 27 -50 30 2 2 -52 27 -85 78 25 58 67 -53 -15 -64 -40 -4 7 -87 -29 -75 -13 50 49 97 12 -7 3 -33 2 -19 -32 -11 67 61 32 43 -49 -26 79 -39 -93 -13 3 82 5 -84 44 -71 47 78 24 67 71 -31 27 29 43 -100 79 -78 63 -15 87 -57 55 -52 81 51 41 51 79 74 -50 44 -34 2 -38 5 56 -16 -8 -3 -13 -72 36 -34 46 3 -93 -72 -22 43 -28 -65 5 9 48 -90 -81 -17 89 -64 47 67 90 2 3 -81 -76 -45 31 -11 -40 8 97 -9 42 82 -21 -9 54 -31 56 5 -39 88 3 94 23 36 -100 69 2 -90 -42 -60 16 -16 -42 50 42 -11 -59 -20 -25 -18 78 27 20 74 54 75 83 19 -57 -57 51 -80 33 97 -7 -44 44 5 -6 -55 -3 65 -16 -50 50 77 59 81 18 -22 31 57 -6 -83 -32 -30 12 -3 86 -4 42 32 4 13 79 74 -33 100 14 -24 3 42 36 42 -46 23 42 -58 30 -75 -56 38 3 -64 -77 24 78 -43 3 56 78 -99 78 -31 -47 49 5 98 -31 -3 -22 -37 -26 -21 -3 -70 88 57 -88 52 -44 -52 88 -88 -71 -84 -52 -14 95 -59 -66 -61 97 -11 11 -81 -6 -48 28 2 -57 -65 -35 1 16 -2 -76 40 -67 -85 -42 40 11 -55 -23 -15 69 15 -41 57 -12 43 96 -20 -94 -42 63 -11 -57 -25 34 67 -65 -10 -62 -43 89 -97 -90 60 -54 26 39 89 -51 72 -71 -11 84 -84 -88 44 -41 -12 2 52 -79 -93 60 -85 18 72 85 33 72 49 -23 7 -15 4 45 -38 -35 -17 -70 89 -17 37 27 -74 -99 48 89 38 -95 -52 -15 -5 -30 -46 83 -73 -73 69 13 -79 91 90 -66 11 64 49 3 74 -41 -70 99 82 30 -20 56 23 69 96 -48 8 -89 3 -73 49 11 -53 -91 -38 -50 5 -97 -23 -80 -30 -4 92 -8 11 6 -91 3 -16 -45 29 -65 15 49 41 39 -10 -95 -83 89 7 8 -5 17 84 -1 -26 -56 -81 67 60 71 -52 99 70 100 -50 -54 72 -25 23 59 -97 43 -69 74 -38 44 -1 -8 -61 17 -100 17 -99 97 44 52 92 90 -60 -32 -22 -98 72 1 39 -78 63 -36 98 21 -79 -71 -63 18 68 -45 -42 -60 -24 90 84 -42 11 44 49 56 -62 34 -45 -80 -35 -33 -97 -42 69 -58 -42 -63 -53 -11 69 -43 13 -98 ; 
33:129 2:8 4:14 4:16 1:1 7:27 28:112 11:41 18:68 24:92 18:72 7:27 37:145 35:139 4:14 13:51 11:41 18:72 16:62 9:33 20:80 35:139 11:43 10:36 19:75 40:160 38:150 14:56 26:100 17:65 15:57 22:84 15:57 6:24 10:38 6:20 12:46 8:30 45:179 37:145 34:132 36:144 14:56 17:65 19:75 34:132 11:43 16:62 40:156 2:4 32:126 16:64 9:35 38:150 16:60 33:129 38:150 20:80 6:24 32:128 6:22 40:156 3:11 34:132 13:51 21:81 1:3 22:88 8:32 6:20 17:65 26:100 30:118 18:72 54:216 14:54 21:83 18:72 14:54 35:139 31:123 1:3 39:155 24:94 24:92 34:134 16:60 1:3 43:169 3:11 5:19 24:96 8:28 27:105 17:67 10:40 34:132 12:44 30:116 24:94 16:64 20:80 5:19 9:33 16:62 8:28 15:57 38:150 31:121 18:68 7:25 16:60 23:89 37:147 24:94 3:9 36:144 7:27 26:102 24:96 24:94 35:139 17:67 20:78 10:36 14:52 4:14 8:32 41:161 22:86 12:46 30:118 8:32 10:38 26:102 17:67 27:105 22:86 39:153 43:171 31:121 10:36 14:52 10:38 21:83 32:124 24:96 19:75 33:131 3:9 19:75 26:104 30:120 9:35 6:22 7:25 22:86 11:41 22:86 30:116 10:40 11:41 10:38 25:97 28:108 4:14 12:48 4:14 16:62 19:73 18:68 47:187 21:83 11:43 20:76 8:30 9:35 1:1 35:137 17:67 14:52 34:136 4:12 14:56 0:0 9:33 10:36 8:28 11:43 19:75 16:60 22:86 61:243 26:100 21:81 1:1 28:108 4:12 24:94 20:76 39:153 7:25 12:46 32:124 30:120 4:12 34:136 19:75 16:62 16:64 24:92 6:20 12:44 13:51 5:19 12:46 18:72 36:144 17:67 3:9 35:139 9:33 1:3 36:140 8:28 21:83 4:16 4:14 10:36 18:72 10:40 8:32 51:203 39:153 20:80 35:137 12:48 37:145 24:94 18:70 11:43 31:123 20:76 10:36 6:22 40:158 1:3 36:140 37:147 3:9 7:25 19:75 22:88 54:212 39:155 11:43 36:140 24:96 15:57 3:11 31:123 48:188 7:25 31:121 22:86 65:257 26:104 41:163 53:211 27:105 37:147 30:120 58:230 16:60 18:68 3:9 18:70 36:142 64:256 63:251 8:28 25:99 11:41 19:73 31:121 1:3 7:27 10:36 27:107 27:107 31:123 1:3 11:43 11:43 35:139 18:68 9:35 40:156 20:76 35:137 20:80 23:89 3:11 33:131 14:54 23:89 14:56 26:102 16:62 9:35 19:73 30:118 39:155 38:148 35:137 32:126 9:35 34:132 3:9 10:40 9:35 26:100 28:112 17:65 34:134 11:43 26:102 6:20 11:43 28:112 10:40 12:44 24:94 2:4 42:164 29:115 14:52 4:14 36:142 46:184 10:38 21:81 14:54 30:116 36:144 25:99 33:129 22:86 18:70 13:49 52:204 35:137 17:67 6:22 18:70 6:22 14:52 27:105 30:120 26:102 52:204 21:83 19:73 6:24 2:8 16:62 9:35 44:174 16:64 4:16 23:91 4:12 15:59 18:72 4:12 28:112 36:144 36:140 6:20 12:48 32:126 11:41 33:129 34:136 24:94 8:30 18:70 18:70 9:35 8:28 6:22 10:40 10:38 14:56 40:160 27:107 28:112 4:14 14:54 4:14 28:108 26:102 36:144 31:123 34:132 13:51 34:134 14:52 10:38 21:81 29:115 14:52 20:78 28:110 70:276 20:80 18:68 10:40 33:131 24:94 31:123 17:67 25:99 38:152 28:112 13:51 24:96 39:153 6:20 16:60 31:123 31:121 40:158 3:11 40:160 3:11 46:180 25:97 25:99 4:14 18:72 17:67 6:22 16:60 35:139 18:68 39:155 9:33 21:81 7:27 38:150 4:12 6:20 13:49 18:68 14:56 8:32 15:59 12:44 2:4 3:11 40:158 15:57 5:19 23:89 5:17 7:25 17:65 3:9 7:25 8:28 2:8 14:56 20:78 36:142 28:112 42:168 17:65 39:153 8:32 18:72 38:152 40:158 19:75 12:46 18:68 18:68 4:16 35:137 33:129 28:110 38:148 8:30 6:22 18:68 11:41 28:108 5:17 31:123 18:72 37:145 ; 
L 100 91 -25 -98 69 42 -36 -40 59 -73 78 -58 -95 -19 -66 43 -92 35 21 -45 -26 3 -29 -77 41 -24 33 -15 -7 6 -44 -12 -26 -92 -50 -50 -96 2 -60 87 100 2 48 97 -85 -65 50 -37 -44 91 41 -5 52 -41 -39 -50 -90 -97 -69 -83 -77 29 72 -25 -15 46 51 -48 36 5 58 -26 83 -11 14 23 -75 -28 68 73 -20 11 16 76 -76 -7 62 -90 -12 -90 43 -1 96 74 78 -22 -97 57 -2 86 18 61 77 20 95 -50 -63 -47 64 70 -63 26 -41 -36 86 -95 36 59 81 -16 -30 -29 -53 -23 -74 -23 54 -48 77 18 32 -75 38 15 -15 -85 -59 -1 53 -28 56 -34 -100 -6 -80 42 87 17 -62 -92 -88 -98 8 85 70 81 38 -24 66 93 69 61 -5 -19 -17 -24 55 -41 15 21 -2 -52 -5 -51 40 79 -79 -54 8 13 -90 84 -15 -63 -92 53 -9 -17 12 -29 -25 -88 86 13 -48 9 91 44 69 -68 -57 51 54 -86 99 -69 34 -24 -90 33 -25 31 -64 14 29 -45 -26 46 62 84 -16 -10 -78 -2 94 37 -44 75 -54 -33 90 -75 -33 13 -79 -20 -24 -73 -44 -26 -76 -84 -32 58 32 69 -25 -81 -98 20 23 -81 -43 -49 -54 -28 -97 55 17 -81 61 -4 71 -52 -14 -74 -98 -81 -79 69 -85 14 -22 -14 97 13 12 -51 -20 39 58 49 -4 -71 -15 36 76 83 98 -53 -84 -9 -45 -64 -64 -1 71 42 86 15 -53 98 67 37 25 81 -69 -85 -68 -10 11 92 -90 -72 64 40 -88 -44 52 51 14 -15 98 -80 81 -81 96 79 96 7 -95 49 45 56 41 -26 -92 53 98 -94 -83 -85 -85 2 -1 24 -34 -28 -63 -25 72 -10 -66 80 90 87 7 -1 14 -96 18 77 -76 -67 27 -46 68 -96 39 26 -35 82 -85 92 61 36 -93 71 73 -11 -47 -46 -91 -26 90 -1 12 60 -47 37 -76 37 94 -75 8 -8 -94 29 68 -10 -2 -52 49 37 24 -96 85 52 -18 18 -39 98 -64 68 42 72 -31 -16 -23 20 40 -100 57 -43 13 -29 11 -19 76 67 -46 100 84 -88 -35 -78 -32 26 -65 22 89 -25 62 -55 -27 16 87 -6 47 -64 -9 -100 -88 -61 -2 97 96 -56 -23 -51 -71 -2 -35 99 17 -81 -71 -61 -92 52 77 -42 39 -58 -8 -7 -45 98 -96 4 -7 54 72 -5 -62 76 -78 -68 58 -57 87 -48 -85 6 -57 79 17 -79 9 -1 ; 
11 20 29 56 75 44 48 46 23 87 64 99 22 6 45 38 9 22 18 68 24 16 52 88 48 89 60 4 51 85 40 7 22 56 17 92 68 37 6 35 83 93 1 67 79 66 32 93 78 58 56 8 4 70 57 2 24 32 57 90 43 13 73 89 50 46 65 83 2 99 99 59 67 28 57 46 8 49 41 8 96 26 32 98 99 5 15 62 24 11 94 26 74 97 90 45 27 97 13 99 6 24 97 50 19 64 28 84 14 70 8 68 51 55 34 51 98 28 7 1 4 27 1 18 10 13 98 63 78 81 13 15 97 54 8 5 82 52 62 86 72 71 22 61 60 63 85 12 32 81 45 59 12 21 2 11 73 36 87 42 85 28 32 6 95 21 22 57 76 33 66 23 17 52 90 39 8 16 80 25 75 93 8 82 82 53 32 24 17 63 51 40 28 31 54 100 12 3 83 14 10 88 66 88 21 25 51 15 81 55 88 4 1 50 17 1 21 22 1 49 49 1 100 96 72 66 56 20 50 52 21 1 21 48 5 37 21 48 49 2 6 84 97 3 60 26 53 23 3 40 92 78 38 71 79 80 52 22 18 76 15 69 33 8 24 77 33 74 19 73 37 57 29 100 24 34 81 27 14 99 65 98 14 44 41 83 93 21 10 92 64 78 91 98 31 75 71 39 76 17 55 91 17 85 57 68 13 20 37 54 8 14 36 61 55 97 39 52 50 73 51 89 7 88 57 17 81 94 74 2 27 26 67 81 80 66 51 71 12 1 57 19 80 21 4 18 67 66 36 18 43 60 60 23 69 36 40 59 36 59 65 5 20 39 41 10 5 60 17 33 1 79 59 74 24 59 38 54 90 56 36 30 26 91 81 62 63 26 99 67 58 33 38 72 44 100 68 28 54 41 46 86 25 90 84 20 21 61 52 32 24 29 23 95 16 94 4 100 15 24 53 27 53 68 99 47 15 46 55 77 64 82 60 42 20 64 97 27 61 24 34 17 50 6 42 93 98 76 57 77 18 76 95 34 41 54 50 12 84 10 50 13 65 80 80 39 63 72 55 70 84 71 88 52 92 37 70 31 28 51 37 72 88 24 57 50 5 15 38 78 35 70 52 29 6 63 74 8 100 75 32 ; 
L 100 91 -25 -98 69 72 90 -90 33 54 -82 35 -26 -39 96 -68 34 86 8 61 19 95 81 97 28 54 49 29 68 -10 -2 90 -1 12 60 -47 8 85 -79 69 92 -77 -52 -57 58 -78 73 -59 25 -85 14 -22 55 98 -96 61 -75 72 -10 -66 80 36 43 7 76 -76 -16 46 8 13 -90 -78 -100 57 -68 58 69 74 78 -22 41 -35 99 14 52 81 98 74 17 5 -96 -79 44 49 24 -34 -28 -63 -98 39 -93 71 -27 16 -62 -1 96 -98 61 29 59 81 -29 -77 -67 27 6 -9 25 -72 57 -6 26 -88 -44 -63 84 -33 -5 -51 43 81 75 -23 -14 11 -41 -91 -50 -90 18 -36 -98 14 94 8 -14 97 13 -26 -92 -41 76 -77 -18 96 -57 -12 -90 26 -70 77 -36 15 84 -21 11 46 51 -48 36 5 58 -26 83 -11 20 3 9 -53 92 76 88 92 62 -17 -87 -69 -85 87 -48 -85 -8 -16 -30 76 13 -29 -63 -68 28 -23 -20 98 81 -69 -93 -66 -25 -85 -65 50 -37 -58 49 37 24 29 -45 40 42 -7 -45 29 80 -98 15 -14 -87 2 -96 -43 -67 90 51 -12 23 16 31 -72 -71 32 -34 -39 20 -40 -20 12 44 74 -81 -94 -73 -44 -26 -69 -44 -91 -52 -70 -95 -20 96 -13 -86 88 12 -29 -25 17 90 77 83 69 -32 -18 -77 48 -54 23 -100 26 -41 32 69 15 50 -64 47 73 58 -39 42 -15 -19 42 5 -62 -46 -79 -53 53 -97 58 -36 86 -95 42 26 -17 -24 87 64 -47 -46 40 40 36 52 85 15 -54 -51 -89 -68 92 53 -72 -66 43 87 81 -86 2 -57 81 -81 96 95 52 -18 -97 -75 38 15 -15 -85 -59 -1 53 -28 56 -61 -64 -64 -1 -78 -2 94 15 -33 24 -50 -50 15 7 -64 76 67 1 -2 60 -2 -75 -33 13 23 -84 -9 -45 17 97 85 83 52 100 1 39 53 98 -88 -35 -78 -32 -38 -81 91 46 47 11 -31 25 -16 -10 71 42 -24 -90 52 -86 99 -68 -10 11 92 -6 7 37 -44 75 -63 -54 7 -92 2 71 -62 62 26 -85 96 -14 64 37 24 20 25 -64 68 -4 79 17 18 -26 55 -41 79 -41 -56 -45 -49 -7 -51 -9 48 -56 -23 -51 -55 73 -84 -98 37 -76 2 -71 4 -61 100 2 48 97 61 -5 -19 -65 22 -76 -84 79 -79 -54 -4 -71 -83 37 25 -85 -92 35 21 -45 80 6 100 94 -24 -88 9 -1 ; 
5:17 8:32 12:46 23:89 30:120 16:64 25:97 10:38 9:33 21:83 5:19 32:126 1:1 14:52 7:27 24:96 27:105 26:102 12:44 9:33 24:92 3:9 26:100 29:113 21:83 32:128 32:126 20:78 22:86 17:65 19:73 17:67 25:99 26:100 11:41 40:158 9:35 9:33 4:14 30:116 28:108 16:60 34:134 5:19 18:72 40:158 26:102 35:139 8:32 12:46 23:91 12:46 17:67 13:51 12:44 31:123 34:132 19:73 24:96 24:96 10:36 60:236 23:91 16:64 2:8 40:158 40:156 18:70 28:108 10:40 30:120 15:59 17:65 22:84 8:30 16:60 19:75 10:36 36:144 18:72 13:49 22:84 32:128 43:169 10:38 11:41 30:118 14:52 21:81 22:86 2:6 30:118 28:108 38:152 10:36 27:107 27:105 15:57 8:32 12:46 13:49 22:86 5:17 38:148 38:148 1:1 30:118 33:129 22:84 26:102 10:38 3:11 14:52 36:140 29:115 17:65 21:81 13:51 32:126 36:142 25:97 3:9 8:28 3:9 21:83 19:73 34:132 45:179 19:73 21:83 15:57 16:60 33:131 4:12 19:73 23:91 29:115 23:89 2:8 10:38 10:38 13:49 32:124 10:36 32:124 28:108 14:52 10:38 14:54 15:57 23:89 16:60 6:24 8:32 2:8 26:104 24:96 2:6 5:17 25:99 14:52 21:83 22:88 34:132 25:97 22:88 5:19 18:68 26:104 34:132 1:3 40:158 40:158 24:94 27:107 16:64 11:41 48:192 35:139 13:51 22:84 19:75 16:62 18:72 33:129 13:51 5:19 14:52 8:32 16:62 28:112 21:83 10:36 1:1 2:6 28:108 37:147 19:75 11:43 30:118 17:65 18:72 37:147 16:64 2:4 9:33 34:136 17:67 36:140 22:88 27:105 13:51 38:148 33:129 18:72 36:144 34:134 10:40 1:1 9:35 25:97 19:75 28:112 7:27 20:80 36:140 3:11 36:142 32:126 12:44 14:54 12:44 29:113 11:41 11:41 11:43 13:51 6:24 40:160 2:6 11:41 14:56 38:148 6:24 40:158 17:65 22:84 24:94 3:11 16:64 18:68 35:137 17:65 20:78 1:3 4:16 34:132 2:4 26:104 5:19 44:174 8:30 21:83 21:81 13:49 12:44 12:46 26:100 21:81 12:44 10:38 15:57 18:68 36:144 13:49 6:20 33:129 32:124 26:100 40:156 23:89 42:166 21:81 15:57 11:41 17:67 15:59 10:40 6:22 8:28 29:115 21:83 36:140 12:46 20:78 18:68 18:70 33:129 1:1 12:48 27:107 4:16 4:12 6:24 32:126 14:54 21:81 23:89 7:27 30:118 9:33 37:145 25:99 31:123 7:25 19:73 16:62 19:73 4:12 31:121 52:204 28:110 27:105 24:96 14:56 28:108 38:148 30:118 6:20 16:60 5:17 8:28 14:56 40:158 6:20 11:41 7:27 33:129 19:73 19:75 21:83 16:64 17:65 39:155 22:86 4:12 2:8 33:131 21:83 25:99 35:137 29:115 4:16 28:108 13:49 30:120 34:136 39:153 29:115 22:84 2:6 24:96 28:108 37:147 22:84 2:4 38:148 29:113 31:123 11:41 2:6 16:62 3:9 3:11 9:33 20:76 3:11 29:115 32:124 37:145 39:155 48:192 15:57 8:30 25:99 38:152 8:30 42:168 6:24 5:19 6:20 8:32 26:102 39:155 18:70 30:116 28:110 11:41 12:48 15:57 2:8 2:6 10:40 1:1 35:137 16:62 11:43 33:129 11:41 9:35 9:33 25:99 22:86 4:12 6:22 16:60 34:136 26:102 23:89 8:32 21:81 38:152 29:115 21:83 32:128 6:20 18:68 45:177 2:6 18:70 9:33 5:19 20:80 19:73 18:72 9:33 31:121 9:33 38:152 12:48 22:86 2:6 19:75 32:124 13:49 23:91 25:97 20:76 32:128 33:129 27:107 6:24 5:19 8:32 40:160 6:24 34:134 4:16 6:20 49:193 11:43 33:129 23:91 24:92 16:64 12:46 14:52 28:110 32:128 38:148 1:1 27:107 22:86 13:51 3:9 33:131 10:38 4:14 34:134 14:54 2:4 7:25 24:94 18:70 18:70 17:67 23:91 48:192 6:24 9:35 8:28 28:108 24:94 24:96 25:97 19:75 35:139 19:75 28:110 30:120 13:51 ; 
L 99 20 -42 55 -4 -56 65 -21 12 58 -2 25 -48 -85 -33 100 36 58 -12 12 55 -79 43 81 37 85 -53 -58 25 -60 1 -46 -88 86 -37 43 -18 13 86 -15 -20 -100 56 -88 61 -71 27 -57 7 12 -83 -41 -13 -65 51 -92 70 -35 -66 -14 -24 -9 -40 15 62 -13 11 -90 71 80 20 30 63 -99 -31 -34 -11 -66 44 81 -13 -18 -24 12 88 -43 23 -93 -36 67 -34 -97 2 26 -51 -93 -82 -99 18 -96 72 -67 31 9 48 59 -24 -51 -47 10 -30 -70 -13 27 29 72 -87 -10 -44 -30 82 -78 -72 13 74 26 41 -9 97 -36 78 -45 98 25 35 -29 -63 -69 37 -15 17 43 90 -32 81 -58 61 -51 -51 -34 -76 71 96 -36 -93 18 8 58 -17 -48 87 75 -85 -62 -25 -60 -94 55 -22 -83 -8 -80 20 -71 82 -12 59 39 -91 83 -42 75 63 -27 1 -98 -82 45 -50 -66 23 -15 87 -41 83 92 -42 59 85 76 43 31 -96 -81 40 21 -53 6 -81 -16 69 81 -68 -5 -47 2 -100 -70 2 86 26 -64 -74 17 -11 -26 -58 -81 49 13 3 -30 -13 86 88 59 52 52 94 62 22 -49 15 92 31 83 -35 -100 -35 -7 -26 10 -91 57 -70 92 41 -26 98 26 14 -93 61 -79 25 32 71 -13 -37 53 -27 -36 50 19 -63 -59 51 -37 -45 73 35 71 -89 -28 6 30 -7 93 -33 47 47 -5 95 87 -94 -84 -43 -46 73 75 -14 -7 59 -26 -79 81 -16 -35 72 56 -86 54 91 63 80 -65 -59 77 -31 34 77 32 -47 88 -8 -3 17 -75 -20 30 58 12 72 -5 82 -79 40 34 46 43 -87 -5 -3 45 -87 -76 -43 28 -64 30 55 -17 -95 -52 -27 82 87 -10 -11 87 -63 19 -83 -80 50 10 -8 59 96 61 17 35 10 26 44 -94 -60 8 1 59 3 83 28 51 10 18 -84 -22 15 -36 -60 55 12 -24 81 60 19 87 17 -66 90 -23 81 52 -89 16 49 -61 -50 -6 -97 -30 97 86 -68 95 -75 46 50 -100 -39 -15 -9 67 60 79 -27 -53 38 6 51 -99 85 -16 23 94 13 79 95 31 89 78 54 -74 52 92 -16 73 45 36 57 29 92 62 -9 65 14 -70 66 24 34 -85 98 -59 -65 51 -1 92 52 73 -6 75 34 -44 3 -91 57 68 72 -50 65 -2 -83 41 -47 52 9 -86 -90 -25 -2 57 38 -61 -77 80 46 -1 59 82 ; 
45 1 33 81 11 84 33 12 19 10 70 16 31 20 18 29 6 10 3 49 34 55 39 11 25 53 100 65 15 7 44 89 5 86 47 22 85 68 18 12 95 90 51 8 98 32 55 50 74 19 6 80 24 89 31 58 11 1 67 20 53 16 75 68 39 64 67 84 61 89 53 88 10 49 84 15 72 91 43 6 77 93 9 86 99 91 32 73 38 27 69 47 81 29 38 55 15 21 7 51 22 12 95 48 62 14 39 42 33 69 88 61 88 99 54 81 91 18 37 58 12 23 79 11 67 97 71 98 10 59 94 79 63 64 23 72 15 19 45 80 42 76 7 97 34 47 31 82 27 45 14 100 44 50 35 7 40 60 62 80 38 57 76 83 30 19 28 46 79 36 56 59 2 43 18 55 37 82 69 83 80 26 71 88 70 36 38 74 40 43 100 14 22 8 40 60 66 51 98 98 11 54 47 2 81 66 81 68 58 14 49 49 63 77 30 99 65 86 34 85 86 16 43 65 10 47 85 75 32 21 96 64 35 47 65 80 23 83 23 14 64 55 49 87 61 39 35 14 6 23 62 44 75 13 67 35 24 88 57 73 90 14 34 87 30 22 44 16 71 2 53 99 48 57 55 100 94 99 49 85 51 65 23 92 43 84 80 4 29 52 42 60 22 90 99 18 55 93 44 29 37 80 81 36 90 16 17 69 8 45 94 54 98 31 60 39 63 44 11 12 16 95 17 2 59 63 94 60 7 93 33 55 64 81 87 5 42 77 38 24 99 73 45 27 19 56 32 57 61 81 93 63 14 58 73 64 77 92 7 47 35 63 52 19 45 34 38 59 23 42 4 8 66 92 24 8 13 63 1 77 90 20 74 24 97 98 98 47 13 97 1 25 3 51 42 24 6 52 8 51 46 91 39 52 63 88 3 88 2 94 82 71 41 28 5 24 25 3 86 31 16 47 67 1 99 95 8 36 11 41 39 77 3 53 68 38 99 49 10 15 39 37 99 46 97 45 36 11 6 15 18 16 65 85 18 29 55 39 11 18 64 81 70 99 97 33 25 60 68 24 31 53 64 37 19 87 10 3 34 71 93 85 53 23 11 92 87 8 22 82 50 1 99 38 94 57 55 24 92 31 77 ; 
L -36 78 -2 -12 37 75 -14 -64 100 38 85 -59 44 82 -12 60 19 93 -35 -7 -26 81 -68 -31 94 72 -1 63 29 92 87 -17 -95 -52 -62 -5 -2 -83 41 -47 52 75 34 26 -64 15 -23 -2 70 100 -2 47 -57 96 -92 -76 71 96 31 -35 21 -65 -43 -46 73 -9 -31 53 3 -83 41 -87 86 30 58 -12 12 -79 40 34 3 63 8 1 59 3 -56 -72 -51 -26 -98 26 77 45 -87 39 100 -50 -37 53 -27 -36 50 19 60 94 -44 -26 -10 -58 89 -75 46 -67 9 43 -36 71 -20 80 -65 9 -27 62 -40 81 55 57 68 72 -50 65 92 -42 59 32 43 58 11 -17 -98 -82 45 -50 -79 -13 -29 -34 84 94 -10 -50 80 83 -19 17 -82 -87 -95 5 58 -81 32 -90 100 35 -52 -67 88 -56 75 -85 71 -61 51 51 80 46 -61 49 -22 21 -53 6 -81 -16 52 52 94 78 54 -10 -93 -61 -96 -59 8 -99 18 -70 87 -33 -9 89 39 -66 -28 6 24 43 -88 -12 24 18 72 -67 25 -45 73 35 71 -38 48 -25 2 -58 -12 16 -92 -72 13 31 -4 73 -34 -11 -58 -30 -92 1 14 26 -59 7 -32 -25 43 -79 -60 13 -71 65 -61 -47 -53 -66 -85 -5 -49 81 58 26 51 -37 55 12 -24 81 88 59 -61 -50 -6 -97 93 -14 -91 83 -42 13 -81 95 -1 27 -63 -75 -76 1 70 30 -95 89 96 -79 81 -16 -35 -13 35 -70 92 -51 65 13 -10 -51 -28 -57 2 82 -78 -99 85 -74 79 -61 -45 98 25 35 16 15 66 -44 3 -91 17 -43 -17 -16 23 31 -77 7 -30 -20 -80 -71 90 -11 13 -62 -51 -28 15 -52 -81 -87 -56 86 -15 22 84 -18 41 83 97 34 -46 -26 -26 -74 -97 9 -76 -85 -44 86 30 -59 -10 48 -6 59 -30 57 80 -65 -59 93 -33 47 13 -30 -41 -92 70 -66 -14 -7 57 -27 -10 -69 -49 15 -60 25 55 -22 -83 -8 94 60 25 62 -91 -36 -48 87 -99 45 85 86 -23 -81 -43 79 -55 36 -68 27 23 -90 -40 -29 -63 -69 37 -15 66 24 34 -13 27 90 86 -9 6 -73 -52 20 75 -17 3 8 -88 47 -41 -30 97 -74 -82 20 15 -93 99 -63 -20 -42 55 -36 60 36 -77 -34 18 -43 37 -86 88 46 -13 86 83 17 31 83 -51 59 -24 -51 -47 -8 -18 63 -87 11 10 -87 -82 12 72 -5 -100 -91 -54 98 59 82 ; 
10:38 38:150 28:112 24:94 13:49 17:67 15:59 43:171 6:20 23:91 11:43 16:62 33:131 14:56 22:88 9:33 3:9 3:11 12:44 10:36 25:99 17:65 26:100 12:46 7:27 40:158 29:115 32:128 10:40 26:104 24:96 26:100 6:22 24:92 12:44 65:257 30:120 22:84 10:36 5:17 37:147 33:129 26:102 36:142 7:25 5:19 6:22 32:124 14:54 35:137 26:104 40:158 30:116 6:22 28:108 21:83 40:160 18:70 23:91 23:91 4:12 5:19 19:73 38:148 18:70 18:72 20:76 24:92 8:32 8:32 16:64 4:12 14:52 1:1 7:25 2:4 20:78 10:38 17:67 31:123 14:54 42:164 28:108 1:1 31:123 36:144 8:32 18:72 26:100 20:80 30:116 23:91 29:113 17:67 8:30 34:134 7:25 13:49 26:100 1:3 22:84 40:158 20:76 23:91 20:80 6:20 4:12 10:38 37:147 24:96 30:120 34:136 2:4 46:184 1:1 16:62 8:30 11:43 18:68 1:3 20:78 12:46 26:100 12:44 26:104 33:129 30:118 3:9 2:4 14:54 29:113 38:148 38:152 27:105 21:81 29:115 6:24 16:62 1:3 4:16 8:32 16:60 30:118 16:64 8:30 20:78 33:129 8:32 34:136 8:28 24:94 14:54 18:72 8:30 21:83 13:51 7:27 37:145 36:144 9:35 6:22 19:75 14:54 39:155 10:38 6:22 33:131 34:134 40:156 4:12 34:136 31:121 37:145 13:51 12:46 11:43 21:83 22:88 9:33 6:24 22:88 26:104 33:129 28:108 24:92 6:22 14:56 34:132 10:36 20:76 40:158 16:62 12:44 15:57 17:67 10:36 24:94 4:12 3:11 23:89 7:27 21:81 9:35 32:124 26:100 16:64 18:72 18:68 21:83 19:73 37:145 40:158 35:137 4:14 16:64 5:19 19:73 43:169 34:136 21:81 26:104 26:100 5:17 13:49 7:25 28:112 4:16 4:14 15:57 28:112 5:17 3:11 4:16 19:73 10:40 29:115 14:52 14:52 28:112 24:96 15:57 12:46 15:57 33:129 8:30 9:35 20:78 38:152 38:152 32:124 7:25 25:97 28:110 31:123 22:88 31:121 43:171 24:94 20:78 13:51 30:120 34:136 35:139 40:158 22:84 2:4 21:81 17:67 5:17 32:128 16:64 1:3 38:150 33:131 12:46 6:22 39:155 34:132 32:128 26:104 31:123 30:116 2:8 28:112 36:140 29:113 24:92 26:102 18:68 25:97 15:57 17:65 14:54 38:152 7:25 7:27 28:110 23:91 21:81 1:1 5:17 24:92 13:49 36:142 25:99 39:155 10:38 30:120 1:1 22:84 10:36 30:118 2:4 16:60 23:91 35:139 9:33 26:100 26:102 10:36 68:268 22:86 26:104 13:51 8:30 35:139 5:19 16:62 31:121 18:70 28:108 26:104 5:17 12:44 6:22 36:140 22:84 36:142 25:97 34:134 27:107 26:102 21:81 13:49 34:136 11:41 21:83 10:40 16:62 20:76 39:155 6:20 19:75 40:156 24:96 32:128 12:44 19:75 12:48 11:41 20:78 39:155 24:96 4:16 37:147 40:156 4:16 9:35 41:161 25:97 42:164 3:9 10:38 24:92 48:190 22:88 21:81 16:62 26:100 8:32 12:46 21:83 20:76 2:6 30:120 10:38 14:56 5:19 8:32 18:72 30:118 20:80 5:17 21:83 34:136 5:17 9:35 7:25 3:11 32:126 15:57 23:89 27:105 12:44 8:30 12:48 45:177 6:22 41:161 16:60 6:20 31:121 9:33 8:30 12:48 3:11 5:17 16:62 22:88 18:72 36:144 26:102 11:41 37:145 36:144 19:73 6:24 8:30 18:72 32:128 13:51 8:28 26:102 66:264 40:158 26:104 9:35 4:12 24:94 13:49 10:38 37:145 3:11 24:96 38:150 26:100 24:94 1:3 8:30 46:184 17:65 20:76 30:116 36:140 38:152 22:88 36:142 20:78 7:25 26:102 33:129 14:54 4:14 1:1 32:128 7:25 7:27 34:136 9:35 19:75 35:137 2:8 20:78 22:86 38:150 11:41 21:81 16:62 4:16 12:46 16:62 17:67 14:52 54:212 16:64 3:9 14:56 19:75 3:11 37:147 31:123 33:131 26:102 33:129 36:142 19:73 40:156 29:113 7:27 13:49 31:123 ; 
L -81 57 82 42 94 84 15 46 97 53 -59 -31 -13 67 -66 71 11 -95 -43 -28 -49 -58 72 38 -83 11 -97 -44 -82 -70 83 2 -92 73 -7 -55 92 -68 -53 70 36 48 -45 35 -83 -90 -8 63 57 65 -78 28 -57 24 75 -7 42 96 37 -92 9 78 -88 -49 -73 50 60 18 29 -57 -69 58 -31 45 -59 -16 -59 -31 29 55 -69 28 -9 -27 -83 84 17 -59 -97 -73 83 -3 -32 -84 -69 79 -46 -75 -70 -72 -64 -90 -57 84 3 -91 24 43 -86 -60 -61 47 62 -98 82 -83 -89 29 90 -65 -4 84 72 -54 -96 8 -99 -10 -89 36 -86 11 69 -37 61 -88 -67 72 -21 38 88 59 -61 1 -94 17 -44 12 32 23 14 -9 -58 -44 -54 -86 -75 -52 -16 -5 70 -23 39 38 6 95 -15 -41 -60 29 2 84 34 -45 41 49 52 4 87 -85 62 -28 87 -67 32 -30 3 -95 -83 42 70 23 -9 9 50 -23 -100 -97 -58 -72 -80 43 -19 -93 -6 48 27 -93 99 20 51 -23 -33 32 -59 84 66 -59 -44 45 -67 -100 3 -38 -8 20 99 50 37 -69 51 56 -7 19 -45 90 99 68 -58 -23 -69 -57 -70 -62 54 -33 77 -35 97 -52 -84 38 -97 -64 -15 56 15 -24 56 -41 60 -8 -36 90 22 19 -97 -9 -91 -51 96 -82 -39 98 97 -32 35 -25 35 61 -32 73 62 87 -30 78 88 -60 -6 81 12 -56 -34 -46 37 -88 -13 -26 42 51 -55 25 68 62 -54 40 -17 -72 34 87 31 70 -1 68 -31 18 30 -53 -13 -35 39 95 -98 -4 -99 52 -94 -18 -80 -43 -65 80 71 -36 -28 26 86 1 58 -74 -61 98 -82 66 53 53 74 -79 -37 72 -44 28 -84 -15 20 -98 -58 86 -48 40 95 8 -79 9 -34 -39 55 -10 12 -17 -45 24 39 -91 -28 86 21 59 34 -100 26 87 -75 -7 83 17 10 9 11 60 18 44 43 28 -69 -15 -11 -43 81 75 -69 60 -33 -82 77 -52 7 71 85 59 52 -39 65 31 -49 -53 -78 14 83 83 -77 81 64 -14 -31 87 -62 -44 -15 67 83 -15 92 -62 65 1 19 -31 -85 -64 80 -33 61 -49 36 -54 28 -52 -63 48 -24 13 -37 -68 98 61 26 44 -5 93 39 9 -22 91 65 88 -94 -1 -22 -90 72 -89 -42 -65 -17 36 -62 -47 57 75 2 -67 -68 -18 -86 -48 -56 -41 -76 51 -13 33 -4 -36 -85 -89 35 26 -94 -93 ; 
75 74 25 79 13 51 71 100 12 97 41 29 49 32 40 37 54 69 29 64 63 70 49 83 18 71 34 11 77 95 35 57 84 5 25 27 6 66 78 54 77 97 83 21 12 80 70 36 32 33 45 37 90 99 92 89 3 72 13 84 22 32 94 51 58 60 33 84 73 41 22 60 92 42 65 80 20 13 56 95 99 64 60 88 1 78 64 42 19 97 33 74 65 72 95 86 66 58 21 52 99 91 92 62 37 83 82 62 95 59 36 31 55 60 41 5 17 38 96 83 83 41 84 59 5 79 3 57 71 17 13 70 92 61 84 73 38 31 43 11 14 67 13 63 56 12 25 60 55 13 22 100 26 25 1 22 43 62 40 5 80 51 88 27 72 35 78 28 48 11 19 39 14 80 58 48 13 73 56 86 73 5 84 100 70 23 84 34 67 4 25 81 72 97 5 25 25 59 97 57 88 96 75 23 74 4 2 91 34 21 57 5 42 55 68 63 75 14 63 5 59 93 42 30 53 29 42 87 86 61 5 56 80 5 80 95 36 14 27 21 84 59 99 40 50 4 42 90 56 83 62 38 72 24 98 96 84 37 40 20 19 72 90 12 33 88 19 92 18 86 59 46 76 54 99 28 77 18 60 90 69 55 63 42 35 61 50 76 18 86 30 14 58 90 97 93 54 63 80 41 74 67 90 21 56 69 87 10 87 21 33 14 21 33 47 18 9 69 1 88 81 89 7 38 48 1 90 63 16 29 5 100 90 38 55 17 47 7 98 27 17 15 86 54 86 97 94 100 29 11 68 80 22 67 21 9 44 45 8 69 51 67 73 44 53 92 58 60 60 20 94 96 4 91 61 5 63 98 34 54 93 83 23 42 53 96 36 93 80 58 12 75 12 80 56 57 57 44 5 32 52 54 27 20 49 11 35 97 74 80 35 64 88 61 6 94 64 95 28 84 45 90 73 73 34 93 83 80 59 87 58 37 88 62 72 97 58 10 16 6 13 70 8 37 75 74 2 21 61 99 12 30 32 37 4 83 25 53 57 92 92 6 38 12 94 58 70 52 64 33 75 63 18 50 73 45 27 47 54 34 92 36 62 77 6 34 88 84 54 1 85 20 48 16 90 80 79 92 87 1 1 ; 
L -81 57 82 42 33 -26 68 -98 63 -87 -34 72 -98 82 23 14 -45 44 66 53 53 33 72 38 14 -96 -23 45 -19 36 48 -45 35 -83 -90 -14 78 12 -87 -26 100 95 -7 30 -32 65 42 39 -44 19 -97 -9 -91 -51 83 -38 -40 54 -62 -68 -26 28 12 32 62 -87 31 -24 -88 -13 61 -32 64 85 31 -19 11 -97 -67 -55 39 34 70 82 44 -9 -58 -44 -54 -86 -75 -52 -16 -5 70 15 64 72 8 -33 32 -21 38 98 65 31 44 43 -52 -4 15 44 23 -51 -1 11 -61 -36 44 -17 94 -1 61 80 44 -5 69 -28 12 -56 -34 -72 -64 -90 -57 -50 -9 62 -28 80 59 24 61 -88 -67 72 45 60 86 -43 -3 100 -10 -80 75 11 -4 84 36 4 13 -51 76 15 -95 -6 -72 90 22 -84 95 39 55 86 38 71 -63 9 -3 42 96 37 -33 -82 91 69 -75 62 -56 -90 -100 82 -98 61 74 -58 20 85 -87 -4 -52 42 83 17 41 -82 -99 -20 8 69 -37 39 -91 -53 -2 50 37 -26 42 51 35 -25 -75 -70 15 28 43 95 65 -90 -83 81 83 95 -98 39 24 -15 17 -66 71 -68 97 -32 59 98 -49 52 25 86 1 -99 93 -47 -94 69 34 -40 48 -86 58 80 71 -9 2 -92 73 -7 -55 92 -93 -22 28 -59 -31 -13 67 17 11 60 18 31 8 -79 9 43 11 15 28 41 56 48 86 18 79 -46 35 61 -49 36 -54 28 -52 32 3 -83 73 97 -65 -17 -84 69 88 -45 10 -73 -70 23 -18 -78 30 -87 -62 89 10 99 -8 -31 -92 9 97 47 62 -36 17 -46 -15 7 -49 -79 -37 -54 62 70 57 69 -15 92 68 29 33 -94 -18 -60 36 27 9 -28 69 -55 -29 31 59 16 59 -45 -60 65 94 84 52 -68 69 84 31 70 -81 6 60 -88 -38 -39 23 -70 -35 97 -52 88 -78 67 -87 -22 54 -72 -85 -89 77 51 56 -7 -59 -88 99 57 84 34 -84 -2 -29 53 -1 24 91 -50 73 49 -75 -7 83 -89 58 -83 -67 58 97 59 -66 -84 -53 53 -62 3 -97 -64 -60 18 29 -57 -59 90 86 21 36 -49 -96 -1 -65 -84 -13 -35 83 83 -77 81 41 61 -99 23 -9 89 -20 -46 37 -43 -58 30 72 43 -19 -93 -6 48 27 77 67 57 75 13 -37 -68 48 -24 56 -41 60 -8 -26 -35 74 -58 59 -39 -83 -28 78 57 65 85 -94 -93 ; 
30:120 30:118 10:40 32:126 27:105 37:145 5:19 25:99 39:155 29:113 9:33 35:139 6:22 17:65 7:27 9:35 27:105 2:8 35:139 35:137 39:155 46:180 1:1 39:153 14:56 20:76 21:81 17:67 32:128 28:112 39:155 34:132 9:33 5:19 32:128 33:129 38:152 20:76 26:100 34:132 38:148 29:113 35:139 8:30 10:36 38:148 20:80 24:96 9:33 41:161 8:30 37:147 8:28 35:137 28:110 9:33 28:108 28:110 23:89 9:33 17:65 7:27 24:96 22:88 32:128 34:132 38:148 21:81 26:102 22:86 9:35 28:110 9:35 3:9 7:25 4:16 34:136 14:54 35:137 17:65 24:92 37:147 28:110 38:152 31:123 8:28 11:41 10:40 1:1 9:35 18:68 25:99 16:64 2:8 32:128 38:152 19:75 10:40 23:91 20:76 22:88 9:33 5:17 3:9 33:131 25:97 1:3 5:19 51:201 12:44 19:73 24:94 26:100 2:8 15:59 12:44 20:80 11:41 22:88 10:40 5:19 23:89 26:100 8:30 13:51 23:91 6:22 23:89 39:153 6:22 24:92 24:92 40:158 37:145 37:147 31:121 2:8 38:148 2:8 42:166 45:177 32:126 27:107 30:116 16:60 13:49 43:171 32:124 24:94 38:152 15:59 17:67 45:179 21:83 20:80 18:72 56:222 17:65 52:208 7:25 8:32 34:136 1:1 15:57 32:124 14:56 8:32 30:120 14:52 13:49 25:99 6:20 24:96 30:116 8:32 46:182 14:56 8:30 8:28 28:108 29:115 6:20 39:155 8:32 3:11 22:88 21:83 48:192 32:126 36:144 32:124 20:78 35:137 6:24 7:27 11:43 17:65 4:16 35:137 23:89 30:116 2:4 24:96 9:33 14:54 30:116 45:179 17:67 12:46 10:38 25:97 9:33 37:145 21:81 20:80 28:108 35:137 9:35 32:128 17:65 42:166 8:28 16:64 9:33 27:107 37:147 26:102 12:46 6:20 34:132 38:150 3:11 15:59 27:107 31:123 22:86 13:51 5:19 25:97 5:19 15:59 19:75 50:196 12:44 34:132 30:118 28:110 45:179 29:113 39:153 3:11 32:124 14:54 2:8 15:59 25:97 9:35 14:54 28:110 4:12 18:72 6:24 36:144 26:102 32:128 34:134 2:8 10:40 11:43 3:9 22:86 38:152 11:43 21:81 12:46 20:78 13:51 68:272 23:91 24:92 5:19 8:30 32:124 30:116 18:70 7:27 18:70 23:91 43:171 17:65 34:134 36:140 14:54 3:9 33:131 27:105 32:124 32:126 15:59 30:120 30:118 1:3 9:33 33:131 26:104 30:118 14:52 39:155 6:24 39:155 26:102 16:64 39:153 8:28 24:96 22:84 15:59 32:124 4:16 17:65 25:97 14:56 17:67 26:102 29:113 23:91 2:4 18:68 1:1 9:35 14:56 45:179 19:75 11:43 18:72 2:6 40:160 21:83 20:80 32:128 12:46 6:22 20:80 16:64 40:158 24:94 21:83 36:140 12:46 42:164 7:25 10:36 46:182 34:134 21:83 4:14 36:140 24:96 26:102 40:158 38:152 23:89 6:20 8:32 32:128 26:104 22:88 38:148 4:12 21:81 22:86 9:33 33:129 38:152 6:20 6:22 2:6 35:137 8:28 31:121 39:153 11:43 36:140 9:35 13:49 23:89 34:132 18:72 38:150 22:88 40:160 36:144 28:110 24:94 18:70 32:128 16:64 27:107 23:89 32:128 6:24 27:107 8:30 22:84 14:56 6:22 10:40 24:96 8:30 18:68 28:110 10:36 56:222 33:131 24:96 24:92 48:192 17:67 22:84 27:107 20:80 23:91 24:92 44:174 39:155 16:64 6:22 30:120 9:35 12:44 45:177 31:121 8:30 10:38 57:225 4:12 9:35 17:65 14:54 6:20 5:17 26:100 39:155 24:96 9:33 14:54 39:155 14:52 20:78 36:140 11:43 34:134 18:72 36:144 13:49 14:54 11:43 23:91 29:115 34:136 19:73 16:60 39:155 18:68 7:25 8:32 35:139 13:51 30:120 10:36 30:118 2:6 1:3 18:72 21:83 10:40 14:54 30:116 13:51 15:59 3:9 15:59 16:64 8:32 8:30 29:115 50:198 37:147 25:99 36:144 25:97 8:32 2:4 33:131 15:59 8:28 14:52 40:156 15:57 1:1 1:1 ; 
L 89 82 -49 -32 -20 -49 -18 51 53 89 44 52 93 -1 66 -66 90 7 -63 15 -95 -65 -71 -6 31 -24 19 1 -21 -47 -68 41 -71 -88 86 86 64 -76 -55 4 2 -57 -56 -80 22 57 83 29 -12 -51 78 73 -53 64 72 1 -76 9 -40 -68 71 -83 87 -69 -96 90 23 -50 12 78 -55 -90 -49 29 86 -40 -25 -73 -21 5 72 -99 61 42 -15 91 -80 -32 36 -73 -63 26 -13 -19 -68 57 -16 21 56 -4 47 1 -50 -95 18 -49 -16 -75 10 27 -21 -67 59 -63 40 66 -50 -81 -66 63 -28 -70 -95 35 53 47 -37 12 -75 -24 -51 94 38 1 98 37 99 -67 -20 100 11 78 26 -78 -69 9 -21 32 -28 46 87 68 92 82 -34 -19 55 -87 7 -7 13 -79 82 -90 -82 31 84 -86 15 17 44 14 4 -89 41 45 -64 -73 62 46 -47 -37 79 27 -44 -27 54 -95 21 28 -3 26 82 -74 -74 47 -68 70 48 -94 -84 -57 98 -4 -67 24 -56 64 -17 65 25 -1 91 47 -54 -14 -97 -4 -50 -53 75 -65 -89 63 -64 18 22 -34 -4 69 61 -49 -3 -88 35 39 -10 66 -11 -85 -22 17 75 100 7 14 28 -70 -53 -78 -33 92 85 -29 60 -55 83 -99 74 49 85 -50 -75 -61 -94 53 57 -14 81 79 26 24 23 -98 -25 66 31 -90 26 -70 38 95 -53 -89 90 3 -79 -49 -32 -10 54 30 6 85 -58 22 2 1 -39 69 -53 -68 -15 56 61 86 94 -12 -2 5 -69 34 81 94 42 80 -23 -20 -56 6 -48 53 97 60 -15 -51 22 35 -6 -56 18 9 -69 21 -6 45 -12 -80 10 -43 42 36 -35 8 83 74 1 18 -3 14 47 66 -39 99 69 -49 -29 18 -30 34 88 97 100 73 67 90 81 -74 94 54 84 -63 9 -18 -83 -24 93 34 -10 -1 -30 29 -85 81 21 21 -98 -91 95 -41 -34 -13 -59 -5 47 59 22 8 85 -82 13 7 9 98 55 17 87 -34 66 -65 -60 -30 -39 -90 -87 -4 -61 76 -62 90 -52 19 -91 -80 59 -86 -73 -63 -88 -30 -86 15 52 -49 74 86 -68 -4 28 -1 -30 22 2 75 98 67 -45 -22 -83 -11 -27 -54 17 -31 -18 -21 -44 99 57 45 -59 -18 56 7 8 31 -61 -41 -1 -12 -40 53 64 -47 41 31 -83 21 15 -51 -26 -21 -19 -66 88 -83 31 63 28 64 -31 63 -39 18 -20 46 -4 -11 -82 -48 ; 
95 79 9 45 79 43 77 37 89 48 68 8 76 30 26 40 70 47 48 60 64 44 15 2 69 44 27 91 94 58 82 79 83 74 26 73 51 66 34 77 74 44 63 95 63 25 72 16 17 32 66 19 75 91 54 70 71 68 19 29 31 46 69 65 9 12 52 98 64 71 19 39 37 13 25 47 42 48 8 24 93 96 42 25 7 71 63 70 58 41 39 77 68 45 96 17 25 73 57 63 39 82 14 54 43 57 99 99 41 10 5 60 22 53 4 62 16 73 82 47 61 39 82 92 69 20 15 24 14 86 28 59 34 80 79 45 36 73 22 7 74 72 25 26 97 52 11 2 59 3 8 78 14 32 98 92 51 57 20 67 72 69 48 3 93 76 29 45 59 40 16 48 24 72 73 89 45 56 65 24 22 90 40 72 38 43 25 4 56 31 67 31 45 73 66 42 54 62 64 93 47 69 38 3 56 36 31 28 15 38 57 79 57 29 69 93 4 3 5 59 98 85 70 7 51 88 24 44 70 41 6 47 12 2 34 67 51 61 16 72 29 67 24 56 21 93 29 64 16 9 98 49 27 52 44 1 89 76 52 8 70 93 80 20 50 61 99 53 41 96 56 18 47 75 57 24 62 62 22 25 44 13 38 58 91 38 70 8 58 52 78 54 29 83 66 5 11 62 100 27 89 63 97 85 91 82 69 98 8 4 55 96 42 66 71 82 16 98 71 98 46 51 68 43 34 27 31 74 13 39 94 12 99 68 70 98 68 56 54 67 7 40 88 40 80 40 17 49 55 63 37 83 63 37 20 40 88 67 43 52 21 41 30 84 31 72 11 79 23 50 27 45 40 64 28 82 9 43 14 22 38 40 92 72 69 69 16 77 75 40 61 17 32 16 29 50 81 63 51 44 16 74 44 59 88 26 83 87 80 84 26 8 20 99 75 30 75 7 86 73 71 88 52 43 100 37 87 73 84 98 41 1 16 78 73 48 65 8 74 42 3 49 51 21 28 25 11 48 79 79 80 31 100 89 95 23 94 45 61 87 28 69 53 42 88 43 99 7 46 63 68 74 70 67 24 91 24 42 28 85 15 41 64 52 64 7 94 49 34 71 2 91 2 56 10 32 60 20 95 17 22 ; 
L 89 82 -88 -34 30 3 19 62 40 15 -1 -72 -64 -18 64 -63 -13 -59 -5 57 -14 49 -52 -15 64 48 -94 -22 -4 -67 17 -64 65 -41 47 -71 74 1 18 46 -31 22 57 83 -31 85 -29 30 -51 22 35 -6 -74 69 -2 5 -69 14 47 8 31 9 98 55 -66 -7 -56 64 1 -93 -52 88 -11 -85 -53 -78 15 -60 53 50 66 49 -61 -69 4 34 -22 53 -73 3 -46 28 94 80 -23 53 86 30 40 50 -66 91 -59 80 -24 67 56 -45 -31 -90 59 22 8 85 17 44 14 4 -68 41 79 76 -64 -86 -86 -7 -64 -83 -8 35 10 -43 42 30 6 25 40 92 82 -34 32 -83 78 -47 -3 -90 89 53 82 21 28 75 -65 -89 34 -94 -86 -63 -44 -80 -66 25 87 -55 19 -31 99 98 -21 -21 -81 -41 47 30 60 65 -3 -88 38 1 98 -16 -75 10 27 -21 -67 59 70 -39 -63 42 -13 7 -1 100 73 67 87 -56 15 68 -98 -76 9 54 36 80 12 -45 -7 72 -91 -9 -4 -79 53 -51 -26 -21 -71 68 40 10 97 -63 -45 94 61 75 50 -9 -6 -51 18 49 51 12 -1 -21 -24 54 86 -7 -78 12 18 31 -17 -83 55 -60 29 -85 -36 84 -86 61 -7 -13 -88 66 -63 15 -86 -18 -56 -99 -37 49 -18 95 50 57 -16 53 68 84 20 32 -57 29 65 95 -15 -80 22 -90 -56 -20 -21 69 -9 -73 -63 -88 -20 -76 61 70 -26 90 -4 55 83 25 -1 91 -1 30 1 -28 4 68 -86 -74 81 79 26 24 -4 66 19 -95 -38 4 -31 -61 2 47 41 -53 48 97 90 -81 -34 58 -85 -73 -21 -29 -83 21 15 -69 39 -1 -2 18 -39 18 -20 46 -90 66 -66 -66 26 11 -79 -95 -81 68 -47 74 -18 13 -82 -21 -69 -96 90 23 -50 12 78 -55 -90 -81 94 42 35 39 -10 -71 91 -67 -49 -32 -49 -27 54 -95 -90 6 37 47 28 -33 92 -73 -63 -62 73 -6 31 -24 -1 -99 39 17 87 -34 4 97 12 22 2 75 34 -10 53 89 44 -24 93 18 -98 5 23 -98 63 -84 -54 -94 100 11 78 26 -100 -75 -17 22 70 -28 -14 -68 99 83 87 -56 82 -27 63 -28 -41 89 47 21 19 69 -49 -29 -52 19 -70 -95 35 53 47 -37 12 -75 14 -51 -32 21 -85 -49 -74 61 83 -11 -27 -54 87 -44 99 57 45 -59 74 -82 -26 56 57 49 -82 -48 ; 
38:152 32:126 14:54 9:33 21:83 13:49 28:110 35:139 23:89 30:116 4:14 28:112 22:86 23:89 36:140 21:81 6:20 13:51 7:25 20:76 22:84 29:115 32:124 7:25 18:68 34:132 38:148 1:3 14:56 23:89 13:51 6:24 19:75 20:80 24:96 24:92 9:33 7:27 20:78 8:30 38:152 10:40 10:40 29:115 8:32 25:99 37:147 16:64 26:102 13:49 30:118 6:20 28:110 8:30 32:126 2:6 22:88 22:88 15:59 45:179 18:68 25:99 24:94 36:140 22:84 24:94 17:67 47:185 44:172 12:48 31:121 5:19 26:102 29:115 4:16 4:14 6:22 14:54 39:155 24:94 12:48 25:97 19:75 3:9 17:65 28:112 18:70 24:94 30:120 24:94 5:19 2:4 28:108 35:137 7:25 13:51 12:44 17:65 50:196 28:112 7:25 24:96 38:152 40:160 28:110 13:51 2:8 18:68 5:19 26:100 24:92 33:129 26:100 21:81 18:68 7:25 20:76 10:38 26:104 32:126 6:24 31:123 27:105 21:81 30:116 34:136 12:48 20:80 32:128 16:64 26:104 27:107 3:11 18:72 12:46 20:80 17:67 9:33 13:51 40:156 29:115 25:99 25:99 9:33 35:139 16:60 37:145 24:92 12:44 2:6 13:49 37:147 34:136 28:112 5:17 9:35 28:110 43:169 29:113 38:152 40:160 10:38 30:116 23:91 21:81 28:108 22:88 33:129 7:25 28:110 28:110 41:161 10:38 16:64 4:12 11:41 14:56 1:3 20:78 32:128 32:126 18:70 40:158 17:65 4:16 2:8 24:96 9:35 34:134 12:44 34:136 40:156 24:92 29:115 6:22 7:25 34:134 13:49 25:97 34:134 34:136 39:155 6:24 28:108 28:108 27:105 20:78 31:123 23:89 28:108 30:120 26:104 37:147 46:184 19:73 9:35 12:48 57:225 6:24 17:65 22:88 13:49 12:46 13:49 15:57 16:64 21:81 27:105 20:80 8:32 32:128 37:147 26:104 12:44 15:59 31:123 12:48 13:51 7:25 30:120 42:164 21:83 14:56 35:139 14:54 11:41 25:99 38:152 36:142 24:92 36:142 1:1 18:70 21:83 14:56 16:62 18:72 10:38 33:129 30:118 12:44 40:160 28:108 15:59 6:24 11:43 14:54 19:73 15:57 40:160 23:91 18:68 22:86 6:24 10:40 4:12 10:36 22:88 2:4 32:126 32:124 15:57 7:25 18:70 26:102 9:35 35:139 25:99 14:56 6:20 20:76 28:108 40:158 29:115 30:116 34:134 46:184 48:190 3:11 6:24 10:40 9:35 20:76 31:123 14:54 5:17 32:126 23:91 6:24 19:73 2:4 17:67 30:118 4:12 26:104 20:76 17:67 39:153 23:89 8:28 37:145 9:33 21:83 35:139 6:20 42:166 10:40 8:28 21:81 19:73 16:62 34:136 21:81 32:128 11:41 18:70 17:67 32:124 27:105 33:129 4:12 14:52 8:32 17:67 12:44 14:52 11:43 40:160 25:99 42:168 11:43 23:89 4:16 13:51 32:124 28:112 16:64 10:40 54:216 38:148 15:59 7:25 26:104 18:72 22:86 17:67 32:128 1:3 6:20 24:94 56:222 4:14 5:19 21:83 40:156 26:102 29:113 8:30 14:54 31:123 14:52 29:113 6:24 27:107 21:81 18:70 18:72 9:35 21:81 24:92 13:51 20:76 10:40 2:6 22:88 16:60 6:20 36:144 32:124 29:113 20:78 14:52 16:62 49:193 26:104 11:43 28:110 18:70 7:25 8:28 15:59 15:57 34:132 35:139 22:88 2:4 14:52 27:105 21:81 9:33 36:142 6:22 31:123 20:76 28:108 18:68 4:14 24:94 5:17 10:38 6:20 30:120 14:52 18:72 11:43 20:80 8:32 30:118 29:115 10:40 6:20 23:89 10:38 27:107 14:56 26:102 12:46 19:73 26:100 10:36 9:33 19:75 17:67 15:57 18:72 25:97 41:161 30:116 36:142 24:92 42:168 38:148 16:64 36:140 11:43 36:140 22:86 33:131 37:147 28:110 8:32 6:24 10:38 6:22 10:38 28:110 20:80 1:3 5:19 28:112 4:12 30:118 33:131 29:115 32:128 13:49 66:262 8:32 18:72 25:97 35:139 12:44 22:88 30:116 18:72 31:121 26:100 22:86 21:83 7:27 9:35 ; 
L 48 75 -1 -4 7 -35 15 -33 -96 -25 -94 56 79 -14 -24 92 52 48 -76 99 -78 67 -73 -98 13 -64 -83 46 66 -79 51 54 -93 67 -65 37 -64 -78 11 -41 99 95 3 -16 -11 16 -40 21 85 -85 2 88 39 -34 -32 -4 -24 -23 -2 -93 1 -45 -48 13 66 -45 -7 -22 83 73 95 -93 -14 96 80 59 -78 87 -43 -89 -55 9 60 -72 71 36 -59 -46 -15 -18 -89 -40 -32 33 -85 14 25 -92 -74 8 -95 8 77 42 -64 57 -43 53 -63 77 -50 -52 73 -71 -51 -38 -18 13 55 39 -11 -79 77 76 -5 -16 62 42 -15 -47 -19 -80 -97 -77 53 -64 67 40 87 -62 20 83 30 60 15 -95 -61 90 90 -87 3 -80 49 89 -91 -37 -18 57 65 12 82 -82 22 41 -46 -16 -9 -84 -51 92 95 80 34 -59 89 53 -59 34 -35 -35 -36 -32 61 -79 73 11 67 93 -27 87 -73 28 36 -98 -5 58 -75 14 52 85 -74 48 -14 -2 34 42 91 -13 88 41 -25 -59 2 81 -66 99 23 22 37 47 17 -74 -36 -42 59 97 95 26 -100 82 -81 -11 17 -28 70 42 -9 -64 43 27 22 -65 -95 -44 97 94 15 -94 60 35 -11 44 34 -60 -22 -48 80 5 -25 -87 67 93 -17 -57 11 65 12 32 -77 -2 4 -41 87 55 9 -20 28 50 77 -67 98 91 19 79 12 64 -51 74 -26 57 -39 28 -89 -48 75 19 44 65 34 20 -28 -43 -75 -10 53 -94 44 94 22 11 -19 -40 -8 33 -12 -63 21 -20 42 66 12 10 -36 -97 -47 40 -83 -75 -29 -100 -63 34 76 62 64 86 24 85 -72 -37 97 26 -37 -93 -18 48 -13 18 -47 -45 -59 28 -85 -30 -36 -70 -50 90 -75 -77 -72 79 -26 -75 92 -96 -53 -44 -92 -68 -44 -87 -46 31 34 -58 -38 22 -36 17 55 64 -19 26 58 -46 30 12 -73 -98 36 -15 9 -41 -20 -86 88 86 39 58 -30 25 19 51 -74 65 22 -32 11 -69 -21 -35 87 24 47 -46 1 78 -22 -69 -6 -72 3 -72 74 -26 31 82 83 75 22 12 -74 -22 -91 72 20 -27 -15 -78 -19 96 -72 26 -6 70 -52 94 -21 51 26 88 -40 -32 75 -95 50 -75 82 57 11 46 -98 -20 61 -96 -26 89 -100 67 98 -1 -80 -7 38 -9 30 79 53 -85 -34 -84 -39 -38 -99 -12 -92 -73 -69 -79 29 89 77 -5 46 84 -96 15 8 -2 ; 
90 26 24 80 19 71 1 26 42 26 40 37 11 81 4 63 2 67 38 53 38 32 82 37 86 91 61 13 51 42 29 82 54 77 29 9 40 53 38 4 33 39 74 83 46 8 89 67 33 68 40 95 92 32 95 44 13 20 43 12 78 23 73 14 66 69 90 9 21 29 41 96 80 38 30 4 93 85 94 86 22 80 90 41 71 14 31 79 51 53 81 53 80 75 56 91 66 41 62 11 32 84 19 47 82 89 83 4 34 53 62 54 86 65 62 95 89 61 31 40 74 86 85 26 58 31 76 91 46 6 58 53 87 75 16 33 60 63 50 44 87 30 41 1 98 81 66 50 3 1 41 7 64 87 91 68 60 70 47 88 37 47 26 84 97 91 2 32 96 62 15 77 47 4 53 93 21 3 28 9 62 33 23 99 80 44 11 87 85 19 20 41 8 70 15 67 60 72 18 23 85 31 77 81 10 69 29 5 4 7 89 51 75 76 8 76 4 10 73 47 66 45 10 31 98 47 25 97 42 84 88 40 100 93 7 18 2 62 28 67 98 61 20 62 34 68 88 99 2 50 70 3 3 83 62 71 74 37 3 91 40 43 42 57 29 33 86 84 76 33 80 74 74 91 61 3 16 8 35 65 29 17 46 66 11 74 21 78 100 57 20 18 73 70 4 45 53 98 91 6 8 17 80 5 25 73 57 58 23 3 64 75 80 93 15 82 45 63 14 4 82 8 99 46 61 48 42 46 75 28 48 82 36 30 9 2 22 90 38 46 72 48 100 90 40 49 30 54 95 38 13 26 54 32 86 95 29 79 37 73 22 45 72 27 2 86 14 8 89 44 31 12 89 52 11 63 14 5 4 72 30 63 36 67 81 63 6 40 72 84 67 52 14 56 57 12 46 72 25 49 98 80 77 75 57 82 48 2 51 41 62 99 70 97 97 78 82 86 59 9 33 67 81 47 92 28 33 44 5 74 25 8 53 49 71 79 89 64 4 61 61 27 43 13 70 34 24 37 87 91 28 49 15 97 67 97 33 29 14 17 46 11 2 93 98 65 64 100 75 64 100 36 92 26 36 21 61 80 96 100 6 15 83 88 60 71 92 46 28 61 23 35 64 37 69 89 36 81 22 47 66 ; 
L 48 75 -1 -4 -40 -32 95 -71 76 62 15 46 48 45 85 -53 36 -32 75 80 34 -40 -67 64 -78 -47 -94 72 37 97 92 -78 50 77 -39 17 -93 98 -49 5 -67 87 25 54 -62 -37 26 12 65 67 -65 -22 82 28 36 89 -91 -24 -59 12 82 -95 -42 -93 22 -32 64 9 43 -65 -57 18 -97 -60 -9 55 -12 14 52 -26 -89 -15 -73 -98 13 -64 -32 60 15 100 -100 47 -18 13 -48 -21 40 -16 -35 -36 -5 22 27 22 31 67 94 -93 -31 -22 -75 -78 47 -65 -73 52 50 57 11 46 -98 -23 93 2 1 80 64 -53 77 -83 -72 3 -72 74 -26 -38 -96 -91 -42 -89 59 87 -62 20 -82 -25 30 -58 -39 -86 -19 -40 -8 -43 -75 -10 53 -19 27 -20 -72 91 22 25 -59 -80 -99 41 -11 78 19 79 -74 36 -22 89 -69 -85 2 88 39 -34 12 -33 22 -58 -26 19 -41 92 44 53 96 -92 -77 -89 -29 -96 -57 18 15 46 59 40 44 -4 2 77 -83 -76 -77 11 99 95 -42 -77 -8 95 -28 -51 -19 -58 -38 -24 -74 -15 9 -78 67 35 -7 -67 98 91 -66 -13 -34 -84 -33 -96 -25 -94 56 79 -17 -85 18 34 -14 -2 34 53 -45 -7 34 26 88 72 -73 79 -61 32 75 -86 -64 46 84 -96 48 -87 44 65 -97 -59 42 16 46 11 -39 -51 74 85 -63 34 -1 87 30 12 75 -7 38 -9 30 79 -71 -36 -20 -86 88 -11 -8 17 -35 -74 -95 -90 -90 61 -100 -46 1 28 -85 -30 -36 -70 -30 -32 -4 26 27 -93 16 33 -85 14 26 -75 -73 19 -28 20 -9 -55 -87 41 -3 52 -70 6 -26 72 46 66 -79 51 -5 -80 48 52 48 -76 99 -41 98 -36 -97 5 63 -53 43 -57 64 -74 11 -51 94 15 -37 -22 20 -21 63 -82 75 -92 -73 -69 -79 77 -83 -81 -11 17 -15 66 -81 -2 34 -70 -98 -67 -12 -66 -42 73 72 77 -43 -89 95 -93 -14 60 35 79 -20 61 -96 -26 10 73 48 89 -28 88 80 15 29 75 -47 40 97 80 19 47 -83 -51 -18 13 55 -64 -12 -38 44 34 -60 46 -41 37 -90 50 -23 -99 74 -57 11 65 12 -83 22 -87 3 59 25 -64 -55 42 11 -69 -21 -35 87 -14 -24 92 28 -20 -51 21 24 87 44 68 -37 16 75 -58 -39 13 -36 -85 59 45 -22 -94 -44 94 -6 -50 95 -95 -92 79 -9 -84 -82 -11 8 -2 ; 
36:144 11:41 10:38 32:128 32:126 32:128 30:116 14:54 22:84 12:48 12:48 12:44 38:152 30:116 6:20 40:160 43:171 8:30 27:107 68:270 19:75 1:1 26:100 24:96 10:38 22:86 37:145 11:43 2:6 20:76 46:184 30:118 24:94 14:56 12:44 35:139 17:67 7:27 28:112 15:59 17:65 16:64 37:145 14:52 19:75 29:113 24:96 7:27 12:48 6:22 12:46 8:32 11:41 17:65 4:12 35:139 37:145 19:73 2:8 10:40 15:59 16:62 3:9 40:156 45:177 1:3 16:62 25:99 6:22 39:153 19:75 28:112 20:76 44:174 36:144 32:128 27:105 26:102 8:28 41:163 36:142 8:32 11:43 15:59 35:137 37:145 12:46 18:70 40:156 46:180 22:88 22:88 38:152 22:86 12:48 1:3 27:107 36:142 7:25 25:99 12:48 30:116 26:100 40:156 6:22 6:22 26:102 59:235 6:24 10:38 10:40 15:57 35:139 14:56 21:81 35:137 22:86 28:112 19:73 5:17 1:3 37:145 19:75 5:19 30:118 7:27 15:57 16:62 7:25 6:20 26:100 33:129 19:75 37:147 12:44 6:24 5:19 15:59 12:46 37:147 22:84 22:84 18:70 35:139 28:110 28:110 32:128 40:156 20:78 10:40 15:57 30:120 32:128 27:107 32:128 2:8 10:40 50:196 8:30 26:102 36:142 32:126 29:113 18:72 24:96 2:6 15:59 14:52 2:6 16:60 33:129 27:105 8:30 32:124 2:6 21:83 16:64 17:65 16:64 38:152 37:147 13:51 22:84 6:24 42:166 8:32 33:129 27:107 36:140 6:22 36:142 4:12 6:22 35:137 6:22 26:102 14:56 15:59 14:52 20:78 22:84 21:81 32:126 44:174 7:25 28:108 32:128 14:52 44:172 10:40 11:41 8:30 16:60 32:128 4:16 19:75 8:30 34:134 15:59 4:16 28:112 27:105 6:22 6:20 38:152 8:30 6:22 35:139 13:51 23:89 29:113 28:108 12:46 7:27 14:54 27:105 8:32 6:24 21:81 17:67 11:41 16:64 15:59 5:17 11:41 29:115 32:128 15:57 18:72 33:129 4:16 28:112 29:113 36:144 5:19 12:46 20:78 13:49 4:12 32:128 40:158 10:36 12:44 13:51 1:3 15:59 36:142 15:57 30:118 9:33 12:46 40:156 35:139 19:75 40:156 22:86 14:54 17:65 30:118 13:51 32:124 9:33 28:108 33:131 21:83 29:115 1:3 16:64 28:108 14:54 15:57 9:33 25:97 32:128 2:4 32:126 21:83 5:19 19:73 40:160 11:43 2:8 16:60 8:28 52:208 11:41 2:4 20:80 32:128 30:116 33:131 8:32 22:86 13:51 35:137 38:152 4:14 44:174 18:70 7:27 36:140 34:136 7:25 15:59 23:89 37:145 15:59 14:52 54:214 28:108 24:92 7:25 2:4 25:97 37:145 30:118 47:185 74:294 10:38 14:54 28:112 6:20 4:12 21:81 17:67 12:46 21:83 15:59 30:118 1:1 27:107 16:60 22:84 3:11 29:115 55:219 19:73 18:72 29:113 14:54 2:6 34:132 36:142 26:100 36:140 19:73 24:92 36:140 22:88 30:116 4:14 26:100 18:72 14:54 6:22 30:120 19:73 12:44 25:97 20:78 13:49 20:78 16:64 40:160 32:124 30:120 4:12 31:121 26:100 1:3 11:41 40:160 16:64 33:131 2:6 20:76 26:102 9:35 16:62 35:137 22:88 39:153 32:128 6:20 20:80 11:41 3:11 40:156 26:104 26:102 28:110 19:73 4:12 28:112 30:116 8:32 24:96 3:9 22:86 30:120 24:94 20:76 42:166 35:139 22:84 24:92 26:104 18:70 26:102 25:97 13:49 12:46 30:118 20:78 16:64 2:4 34:132 62:248 39:155 30:116 18:70 32:126 15:59 2:6 16:62 64:252 12:46 14:52 35:137 8:32 9:33 1:1 17:65 10:40 21:81 15:59 26:100 15:57 12:44 17:65 25:99 40:158 28:112 41:163 2:6 26:100 5:17 4:12 2:8 37:145 15:57 17:67 5:19 13:49 46:180 14:54 17:67 24:96 20:76 1:3 2:4 22:88 34:136 6:20 4:16 10:36 24:92 23:91 5:17 20:80 14:52 2:8 6:24 47:185 36:142 13:51 23:91 17:65 24:96 19:75 27:105 ; 
L 99 60 27 99 -64 -83 -24 40 35 -64 -30 51 86 27 34 36 86 -73 93 74 31 90 34 -95 -78 -65 29 -31 -7 32 -66 -74 51 12 -47 -51 47 81 -48 12 74 43 77 -64 77 -85 62 -81 46 91 24 -30 29 51 -68 8 -54 44 2 -46 -88 -56 -82 18 14 89 -96 -46 -66 94 -69 6 -56 46 33 31 -67 45 77 -65 -29 -3 -50 -38 97 -59 -8 45 86 -6 -97 34 -89 99 83 -81 24 35 -75 -94 49 -12 -72 32 -40 -18 90 49 -24 -2 -1 -53 -74 83 -20 -32 3 3 -8 -30 36 -96 9 -86 66 -47 -86 84 71 -34 -61 -44 25 61 -98 25 -78 34 3 76 -12 26 -42 85 -37 -27 -6 -15 57 -13 -14 -99 -4 -81 -92 -73 35 63 2 -23 -59 -6 -55 1 98 -4 -21 70 -41 -78 -51 -2 -22 42 9 81 70 6 -7 -93 87 -21 -19 93 -65 -4 -48 10 72 -6 93 31 25 64 95 -59 29 -31 -28 48 24 -4 65 2 39 43 29 -2 -55 -46 -84 -79 54 -82 -24 -33 -41 96 1 -39 -90 6 8 92 -30 90 46 64 -2 -39 -36 -71 -79 -28 77 -35 -42 64 -30 -18 -47 -91 89 77 -14 -46 -82 2 -93 -56 -50 -31 -38 40 90 -50 57 -48 -39 -89 24 -96 59 -15 -26 -60 -45 24 47 -31 -69 -76 30 -15 32 37 14 -65 -3 -84 75 -31 84 83 66 -59 2 72 3 -84 -32 12 98 46 17 -96 70 -4 -78 46 69 -36 26 73 99 33 21 8 -38 -74 60 31 97 66 -20 15 -31 64 67 -9 30 -12 21 -69 89 -86 -45 37 22 -84 27 -45 -32 -9 -84 -87 41 -91 72 -99 48 -82 -28 51 -84 -42 -28 80 -76 -71 79 -3 52 -41 17 -33 95 75 92 21 -98 76 2 87 45 18 -53 -64 -36 81 17 36 -12 71 43 81 -86 48 -61 -84 79 72 -65 76 12 -90 12 77 80 -33 32 58 75 -45 -50 -91 -10 -35 63 93 7 -6 -53 -64 -51 -49 78 28 88 83 58 -69 16 1 29 -22 56 -84 -53 92 -50 86 11 -69 -92 -68 -94 67 79 -56 3 -40 -2 67 -79 -36 85 -62 -53 -19 12 -2 -68 -4 7 31 18 -95 73 68 86 -23 -8 -47 -43 4 -19 -88 89 -52 -90 -62 -74 92 15 96 25 -93 -11 -11 -97 82 39 -45 51 18 40 -8 -49 41 -4 -82 -10 65 16 32 -55 71 -70 -67 -100 -85 -57 -81 -22 -38 87 -28 -19 72 ; 
99 56 66 89 27 8 44 8 93 23 33 16 54 75 31 95 5 33 17 67 33 11 1 32 14 47 80 41 19 27 9 44 42 51 16 43 69 30 79 47 24 62 31 46 63 28 95 3 41 49 14 51 53 90 4 3 91 60 37 26 68 54 100 74 3 20 17 79 86 7 70 75 88 87 80 59 4 36 88 76 61 3 56 64 80 87 67 78 63 70 82 48 67 53 8 90 54 19 86 68 62 6 17 56 79 68 54 57 97 9 18 80 26 77 33 44 77 90 15 47 66 79 6 57 95 89 54 51 47 94 10 13 32 25 78 95 94 80 2 45 48 68 8 82 66 3 27 73 49 93 32 59 81 36 4 26 83 99 99 24 34 8 60 90 8 99 19 93 28 52 96 93 78 34 60 49 1 66 35 27 28 54 53 20 99 89 8 87 46 3 94 54 31 30 87 78 81 63 23 88 29 22 99 32 98 69 100 7 74 14 82 47 59 5 73 88 93 83 74 75 6 52 3 65 63 94 76 35 68 8 9 70 22 85 62 1 35 3 53 23 2 61 8 42 64 17 56 72 10 71 49 76 90 74 41 57 49 90 89 13 96 64 23 62 62 56 74 95 7 22 74 21 32 36 98 51 51 22 58 44 81 73 80 100 8 39 41 81 23 47 74 79 28 35 6 46 24 14 85 46 98 38 66 74 27 67 68 26 68 81 47 11 32 74 7 25 46 74 37 54 78 8 35 83 51 22 38 33 87 74 60 60 81 67 73 83 8 93 15 98 91 64 66 82 60 84 9 96 20 78 36 17 67 74 57 99 67 38 53 77 2 19 84 86 65 96 84 81 34 26 94 31 98 5 61 66 12 86 19 97 70 63 51 62 95 55 67 72 75 47 63 52 14 62 26 42 88 83 29 71 85 92 76 47 54 18 60 76 72 56 84 52 30 26 66 95 79 56 21 92 40 7 69 61 26 46 86 52 92 77 61 43 17 60 71 51 93 46 18 87 100 100 90 45 86 32 25 6 85 23 63 78 73 47 36 37 66 90 36 96 39 72 1 48 19 73 45 73 41 21 81 50 59 77 19 88 100 3 23 24 9 100 72 41 56 46 62 4 98 64 45 67 72 79 18 10 23 68 8 28 95 ; 
L 99 9 2 -43 -36 81 -51 -45 -32 -60 -45 24 47 -31 -69 -46 -82 71 -70 -67 -100 46 64 -2 28 79 71 -31 -7 -95 73 68 86 -23 -42 69 -43 -71 12 67 -9 30 -12 21 -82 -10 -15 -58 85 35 -16 -65 50 -90 -40 38 30 8 -3 -26 -96 -28 48 24 59 -18 -47 -56 -17 79 -48 74 38 -67 94 68 92 69 -11 33 -77 -45 -50 -31 69 -58 -83 61 -8 -98 -8 -21 -33 14 89 12 -76 -3 -34 78 -26 36 -69 -32 -86 -45 8 59 -63 35 85 -62 -53 83 -20 -3 32 -40 24 -55 97 -84 25 78 -22 42 9 81 -79 84 -18 -49 -90 18 -55 76 6 17 -4 -48 10 72 31 90 -95 -2 82 -86 -36 32 37 14 -64 77 -66 75 -50 -85 62 -40 -51 46 76 -2 -7 4 68 2 -12 19 74 -76 30 -15 89 56 -84 -26 -97 38 50 -97 34 -24 56 93 46 41 33 -53 17 64 -37 81 -93 19 21 -87 -12 64 -52 -38 -95 33 27 37 -79 -36 -29 59 34 -95 -78 -47 3 -81 -47 -47 12 77 -51 30 -96 -40 -11 -3 -72 70 -4 77 -65 89 35 -89 -73 44 61 34 -71 -36 53 15 30 -39 -42 -27 -60 -80 39 -1 74 66 -32 -96 31 10 91 -42 85 -31 -39 -4 81 -36 -29 65 -4 49 -25 -96 -15 -92 74 62 90 52 -39 -86 89 -36 65 33 -64 -74 -12 60 31 13 -77 -67 81 53 -18 -45 23 -2 -63 -35 73 92 83 64 18 11 -6 -15 57 -41 49 43 29 -59 29 -22 -86 -45 -92 -75 21 -98 76 2 87 -59 -6 -55 1 98 -4 -21 70 -41 -78 -51 -84 86 28 -3 -84 94 -69 6 -56 -41 71 90 93 7 -14 -46 24 -34 -27 20 -66 25 61 -46 6 -7 -93 -9 -22 99 2 -24 -91 -8 -32 12 96 35 -75 -94 51 -99 84 24 82 -54 79 84 -53 -64 -46 -90 30 -81 -46 73 99 -18 82 56 88 46 -30 29 81 -3 32 -40 2 -66 -83 54 -8 68 -1 -16 92 -50 86 -51 -49 78 96 2 48 -57 -31 64 93 87 57 -32 -97 -67 -86 66 99 14 -31 84 44 -12 -51 -88 -28 -87 41 -91 72 -99 48 -82 -28 -27 84 -22 -6 3 29 65 31 72 12 1 2 24 45 -75 -86 -90 6 8 92 -98 45 -39 -64 65 -72 70 6 -77 -89 91 -79 51 -4 65 2 84 -74 -93 -19 -88 48 -25 -31 -93 -80 28 -83 -47 -43 4 -19 72 ; 
40:158 12:44 20:78 34:136 12:44 11:41 19:75 40:158 33:129 11:43 30:118 38:152 3:11 9:35 30:118 1:3 42:164 8:30 40:156 26:102 18:72 26:100 14:56 28:108 15:59 34:136 9:35 28:110 8:30 20:76 34:136 10:36 26:100 32:124 23:91 20:76 9:35 25:97 2:8 42:168 22:86 32:124 4:12 14:56 48:190 29:115 14:54 25:97 26:104 19:75 32:126 23:89 26:102 23:91 17:65 30:118 26:100 19:75 6:24 20:78 19:73 48:188 36:140 12:46 8:32 9:35 1:3 17:67 54:212 21:81 22:86 26:104 33:129 11:41 21:83 35:137 19:73 11:41 25:97 15:57 34:132 36:140 19:73 31:121 24:96 21:83 34:134 15:59 12:44 5:19 5:17 11:41 28:108 1:1 8:32 16:62 20:76 18:72 1:3 32:128 31:121 27:105 16:60 2:8 21:81 26:100 32:124 27:107 3:11 12:46 14:52 19:73 8:28 40:156 14:52 40:158 31:123 3:11 4:12 27:107 14:56 8:28 16:64 22:86 44:172 14:54 24:96 20:78 23:89 28:112 42:168 15:57 23:91 22:86 26:102 2:4 19:75 26:102 22:84 4:12 35:139 19:73 13:51 5:17 18:72 34:132 29:115 6:22 2:8 21:81 21:81 21:81 20:78 26:100 7:27 34:134 22:84 8:30 38:152 7:25 6:24 26:100 25:99 18:68 14:54 35:137 18:72 36:144 40:160 40:160 27:105 21:81 13:51 15:57 13:51 24:94 23:89 8:28 49:193 32:128 26:102 20:76 20:76 32:124 30:116 29:113 1:1 18:68 38:148 14:52 0:0 10:38 17:65 8:32 15:59 8:32 22:84 22:86 27:105 4:14 28:108 32:126 54:212 27:107 18:70 2:4 36:140 21:81 50:196 33:129 14:54 13:51 6:22 8:30 14:56 17:67 12:48 36:142 50:198 29:115 26:104 7:25 22:88 31:123 44:172 44:176 10:36 23:89 6:22 19:75 8:30 12:48 12:48 9:33 40:156 39:155 6:20 4:16 38:150 34:136 46:184 26:104 26:100 22:88 61:243 27:105 27:105 39:153 8:32 30:120 13:49 18:70 4:14 12:46 28:110 34:132 36:140 13:49 33:131 11:43 9:35 7:27 44:172 7:27 17:67 32:128 29:115 28:110 24:92 18:72 30:116 8:30 20:76 1:1 29:115 16:62 26:102 2:6 26:104 20:76 27:107 40:158 34:136 28:108 10:38 12:46 24:94 7:27 21:81 10:40 8:32 12:44 34:134 39:153 6:22 10:38 40:158 40:158 34:132 11:41 18:68 4:12 38:150 6:20 15:57 30:116 20:78 11:43 10:38 20:80 40:160 7:25 18:68 38:152 17:67 16:60 10:38 22:84 2:6 1:3 8:30 34:134 35:137 34:136 4:12 24:96 36:144 4:12 40:158 8:30 38:148 12:44 21:83 39:153 15:59 21:81 27:105 36:144 18:70 2:6 28:112 30:120 36:140 43:169 17:67 12:46 7:27 11:43 27:105 7:27 30:116 68:272 13:49 11:43 3:11 20:80 10:40 6:22 34:132 37:147 34:136 51:201 44:172 28:112 28:112 22:86 6:22 25:97 49:195 32:126 12:44 8:28 35:137 28:108 29:115 9:33 39:155 36:142 30:116 2:8 24:94 19:75 30:120 19:75 26:102 81:323 38:150 44:172 38:148 34:134 11:43 28:110 30:118 40:160 22:86 28:108 10:36 22:84 28:108 12:48 16:60 32:126 32:124 12:48 4:12 32:126 37:145 2:4 6:24 11:41 16:64 16:64 3:11 24:92 8:28 24:96 8:28 24:96 29:115 36:144 16:60 30:118 17:65 2:6 6:24 24:94 13:49 22:86 24:94 38:152 51:201 24:94 55:219 32:128 33:129 8:30 21:81 21:83 29:115 17:67 4:12 38:148 6:24 40:156 37:145 26:102 27:105 18:68 24:96 30:118 22:88 36:144 2:4 25:97 21:83 8:28 7:27 15:57 8:28 4:14 4:16 25:99 11:41 20:80 21:83 2:4 26:104 20:78 26:100 31:123 8:30 4:14 21:81 4:12 27:105 14:52 17:67 4:12 39:153 34:134 14:52 40:158 13:51 12:48 19:75 27:107 19:73 36:144 23:91 16:62 13:49 22:86 27:107 39:153 6:20 12:48 15:57 15:59 2:4 12:44 38:152 ; 
L -40 26 87 -30 -76 -44 -74 58 98 38 33 -38 -99 67 -29 74 -99 5 41 55 78 59 -39 -32 -7 -4 -58 20 -72 68 79 -35 97 38 -23 -78 -31 74 58 -38 25 71 -63 -68 32 40 -23 -44 34 -79 97 99 -31 -28 25 2 4 87 -94 -94 -81 82 -44 -48 -7 -57 -1 -51 29 66 -25 38 -80 69 57 -37 -83 -27 98 -50 65 -74 -41 -47 51 -86 75 75 55 -81 49 -9 74 37 7 1 72 46 57 -52 -43 -84 39 -21 99 1 74 -9 25 85 20 92 -82 -61 2 90 -26 58 -95 -47 -91 -55 79 37 -75 -92 -45 54 84 -79 -97 23 89 85 60 -48 -90 70 79 16 38 -19 67 -95 -64 47 -50 -60 10 10 78 75 -89 -41 -36 28 -76 79 35 4 -46 -58 -84 45 86 -7 -41 30 -11 37 6 14 90 -75 44 -68 24 -64 -63 -94 65 -13 42 74 -14 -19 16 21 -24 -27 62 50 -63 9 94 39 -1 3 23 12 97 39 -10 62 -89 31 -31 40 -54 85 -33 -91 18 59 18 -89 -6 68 18 55 -4 -49 93 7 -62 -45 90 94 -10 17 -33 -83 -26 -100 -85 -33 -59 17 -23 11 -23 62 -20 -46 -85 -31 -96 -83 34 94 6 85 -85 64 -37 88 -45 75 -87 71 70 -90 12 90 -100 -83 -84 64 13 78 48 -53 -73 59 -92 -52 -26 -38 -1 39 66 11 -14 -98 -6 -33 27 -58 25 30 57 37 68 -93 88 -95 -54 60 82 -64 -27 99 83 -64 12 72 -36 33 22 -11 -73 -78 9 -97 -53 -95 87 5 87 -17 -52 -78 -15 -64 -51 -54 92 -24 -45 52 -77 8 12 53 35 87 67 81 57 -45 -46 55 100 -32 -24 -12 -66 85 -95 -2 12 -3 58 51 -78 -74 -33 -33 69 -87 34 -89 42 49 -90 82 86 53 69 45 -65 49 -13 -70 12 99 -100 43 -86 -72 25 -75 86 -96 -97 59 -95 88 11 51 -30 -9 -52 95 92 50 -19 4 -78 14 -6 -58 -84 28 -59 72 25 34 42 27 -55 -36 -23 87 -11 -75 -99 -85 39 34 -47 -28 36 -16 -23 -40 -10 -21 -44 -60 -2 68 72 -48 -14 -21 -34 -39 31 -80 9 -79 13 63 7 49 54 -72 -73 75 46 -8 34 29 -5 73 62 33 -13 58 21 14 -98 17 -43 11 39 74 -96 -15 -83 -15 82 -16 41 56 1 -48 40 -57 20 82 -8 91 19 -43 19 -70 54 63 44 15 67 -51 98 89 -86 -98 8 -26 ; 
92 8 82 27 55 70 7 30 83 99 94 83 71 45 34 3 71 93 40 30 94 54 9 16 6 60 93 49 81 56 54 19 41 19 15 17 85 24 96 8 32 96 61 6 35 22 66 38 13 71 2 9 29 16 77 17 77 76 82 64 22 92 23 57 9 99 78 52 3 74 55 41 69 89 61 68 84 93 39 42 17 68 82 45 45 69 93 90 43 2 78 26 38 41 93 99 38 30 26 45 2 68 68 46 51 90 70 9 89 78 31 17 74 66 34 46 98 95 4 69 24 28 21 59 67 86 97 4 35 80 20 53 80 98 77 50 79 58 17 27 26 97 71 4 27 40 95 12 20 5 34 93 69 1 11 44 93 78 61 66 80 29 82 50 34 40 22 73 58 25 32 88 12 63 45 83 27 72 71 56 40 74 68 86 68 87 23 97 47 34 61 7 74 81 63 16 15 74 63 81 72 86 21 72 56 42 29 43 29 42 9 94 12 87 88 97 9 1 60 13 96 31 59 40 97 34 5 3 74 39 91 67 61 60 1 42 97 21 30 26 25 8 36 4 47 92 45 89 100 43 20 33 50 78 86 2 92 88 49 53 28 45 48 82 48 9 13 33 83 100 34 94 1 7 9 2 98 72 80 76 21 8 38 6 89 64 1 86 14 65 3 88 43 10 4 33 62 60 59 34 88 51 20 73 13 98 25 91 91 6 91 21 47 82 16 59 15 96 100 74 99 81 2 73 5 14 41 98 2 1 86 65 15 4 94 30 51 71 16 62 73 29 87 12 35 83 10 68 44 29 65 26 26 56 94 51 39 57 10 82 99 65 89 98 13 32 47 31 22 14 16 89 24 47 97 100 79 76 4 64 40 18 70 48 69 8 97 46 58 14 68 88 66 13 45 24 27 82 71 69 67 13 74 70 16 72 78 63 65 39 23 76 1 33 83 12 4 90 24 95 12 79 68 58 60 46 42 37 51 81 26 17 82 2 70 91 16 81 23 59 18 75 12 57 5 65 77 16 95 76 93 31 40 22 43 42 93 75 92 74 56 9 15 47 34 95 44 75 49 5 29 10 4 64 47 25 91 63 29 47 3 40 54 48 39 35 28 27 41 69 20 96 9 35 58 31 7 71 40 75 45 ; 
L -54 -24 96 -64 -51 -54 -83 36 58 74 15 78 52 14 90 -37 -85 -6 51 -85 66 12 83 -10 62 48 -53 -48 -14 62 -2 61 82 -92 56 1 -82 92 -37 -83 64 64 -82 -60 54 95 58 -11 69 6 82 -20 -46 -43 -96 81 -55 -75 -75 67 27 -55 -55 -21 -44 34 -79 -92 -45 54 84 -79 35 -59 -78 -55 -34 28 47 -30 -33 -62 -25 58 98 -50 12 -11 -66 -39 1 96 -86 -58 85 100 26 83 33 90 -70 -71 87 -37 88 -45 75 11 94 -78 -13 60 -48 -34 -81 -67 -85 -89 -43 100 23 52 -57 -64 10 35 -89 31 -31 40 -54 -73 -79 -70 90 -89 -6 -37 34 68 49 -41 -70 63 18 85 39 -20 39 87 -95 94 98 89 -12 2 -44 75 50 -47 64 1 64 -83 -99 27 -24 86 -3 -99 -97 14 -98 -4 19 11 51 -30 -9 -52 -72 -21 75 -25 72 86 -60 -17 78 75 16 -26 -45 84 87 5 2 -42 85 -90 25 2 -32 68 63 -71 -25 38 -58 58 -95 -47 -90 6 65 -74 54 -26 -38 45 -15 -83 -91 18 59 18 -89 15 86 -74 9 -49 24 -89 44 -82 -26 87 -95 -58 25 -41 -36 -33 -33 -59 97 52 -77 -30 41 11 68 72 27 -63 -94 65 91 93 31 -19 -13 42 -87 23 36 23 -17 59 49 4 -57 99 38 -33 30 -87 -27 -21 88 -88 19 -43 70 13 -49 65 -45 -69 -53 84 39 95 53 97 -9 78 73 95 92 50 74 44 14 99 -40 -51 80 -33 -7 -63 -13 79 -9 80 -31 12 -98 17 72 -29 74 -99 5 34 -34 -12 76 -38 -98 39 -51 47 85 46 45 -57 11 8 12 53 -97 23 44 23 -40 4 -97 -12 -14 -19 16 21 -62 23 -57 29 -5 73 -13 -38 25 -66 -29 69 86 17 -87 -68 -37 -94 -81 -91 60 8 46 57 7 48 -3 1 87 68 44 15 -78 -74 98 14 72 -36 33 22 -94 100 -32 -34 -39 7 -95 -24 57 -40 48 33 51 67 4 9 -74 -1 -7 25 97 38 -23 -78 -31 74 28 31 1 72 -82 -21 99 32 -84 64 20 85 58 46 -76 79 35 4 -85 -40 86 -7 43 68 79 -67 19 -38 -16 75 46 -8 41 72 -27 33 6 28 20 59 -28 84 58 50 -63 9 -55 39 90 -100 -39 52 92 -59 73 -16 41 93 7 -62 -45 90 94 -10 -10 -10 74 -23 42 49 99 75 11 -55 79 37 -75 78 8 -26 ; 
33:131 3:11 3:9 14:54 2:8 6:22 21:83 52:208 35:139 14:56 36:140 1:3 33:129 25:97 5:19 22:88 29:115 14:52 10:40 24:94 28:108 4:16 7:25 6:20 29:115 18:68 38:150 23:91 28:112 39:153 1:3 14:54 27:105 30:118 21:83 37:145 4:16 38:148 27:105 34:134 26:100 12:48 14:54 24:94 24:96 25:99 11:41 14:54 44:172 33:131 5:17 30:118 22:84 4:12 22:86 22:86 1:3 18:68 36:144 16:62 21:81 10:36 46:182 6:24 17:65 6:20 29:113 29:115 39:155 2:6 14:56 32:128 4:12 12:46 22:86 38:150 12:44 16:60 32:126 2:8 22:88 30:120 21:83 6:22 20:78 17:67 7:27 24:94 4:12 9:33 31:121 5:17 20:76 29:115 22:88 1:1 24:96 25:97 27:107 23:89 18:72 12:44 22:84 32:128 1:3 37:147 36:140 14:52 18:70 4:14 40:160 27:107 20:80 31:121 16:60 29:113 9:33 40:156 7:27 31:121 20:80 12:48 18:72 23:91 34:132 21:81 30:120 17:67 12:46 18:68 12:46 23:91 34:132 7:27 24:92 16:62 27:107 13:51 31:123 5:17 21:83 21:83 14:56 19:75 13:51 12:48 2:8 14:52 3:11 4:16 20:76 14:52 22:84 13:49 3:11 26:104 22:86 18:72 18:68 38:152 16:64 7:25 25:99 30:116 8:32 21:81 52:208 30:118 11:41 18:68 4:14 8:30 18:68 30:116 33:131 13:49 6:22 28:108 36:140 27:105 13:49 24:96 22:86 8:28 16:64 26:102 8:28 17:67 16:60 38:148 28:112 34:132 7:27 20:80 13:51 39:153 48:190 35:137 32:128 24:92 16:64 7:27 30:116 14:56 3:9 25:97 39:153 13:51 4:12 38:148 2:6 28:110 10:40 16:62 16:62 28:108 43:171 4:12 29:115 30:116 1:1 12:46 15:57 5:19 35:139 36:140 39:155 1:3 31:121 7:27 16:60 11:41 6:24 23:91 12:46 10:36 31:123 18:70 8:30 56:220 23:91 7:25 5:17 27:107 23:91 3:9 4:12 27:105 35:137 27:107 30:116 39:153 8:32 33:131 26:100 41:161 23:89 16:64 19:73 15:59 4:12 32:124 32:126 28:108 26:102 14:52 1:1 29:115 12:48 9:33 52:204 13:49 36:142 31:121 29:113 34:132 35:137 11:43 23:91 23:89 22:88 22:86 3:9 14:56 9:33 19:75 10:38 36:142 7:25 6:22 9:35 39:153 24:96 40:158 24:94 7:25 33:131 19:75 9:33 16:64 18:72 10:38 15:59 3:11 26:100 9:35 30:120 48:190 32:128 11:43 12:48 2:8 23:91 5:19 30:120 8:28 24:94 35:139 38:148 19:75 20:80 25:97 2:4 29:113 38:148 8:28 11:41 22:88 8:28 26:100 40:158 12:46 4:14 18:72 21:81 19:75 10:38 25:99 10:38 23:89 6:24 2:6 43:169 22:84 52:208 20:76 27:105 11:41 36:144 29:115 28:110 35:139 10:36 39:155 8:32 4:12 10:40 3:9 18:68 17:67 58:228 42:164 17:65 22:88 30:118 5:19 34:134 35:137 30:118 10:36 18:68 44:172 9:35 45:179 5:17 18:70 19:73 14:54 40:158 4:14 49:195 30:118 39:155 1:1 20:76 39:153 33:129 21:81 3:9 3:9 31:123 10:40 37:145 37:145 17:67 20:78 5:19 10:40 33:129 26:100 32:128 7:27 22:88 19:75 12:46 37:147 4:12 9:35 20:78 25:99 4:14 28:112 19:75 35:139 18:68 8:30 6:24 7:27 34:136 10:38 33:129 7:25 60:236 16:60 16:60 22:84 21:81 20:78 15:59 14:52 8:32 17:65 26:100 12:46 13:49 32:124 25:97 27:105 6:22 40:158 10:40 16:64 9:33 16:64 22:86 20:78 29:113 39:155 11:41 8:32 38:148 13:49 25:99 23:89 20:76 1:1 26:102 40:158 64:254 32:128 7:25 28:112 30:118 10:40 30:118 33:129 41:161 10:40 49:195 20:76 7:27 28:112 1:3 4:14 3:11 4:12 19:75 3:11 16:64 39:155 14:54 2:8 2:4 30:118 14:56 2:8 21:83 32:128 24:92 40:156 18:72 2:6 5:19 36:144 9:33 24:94 27:107 27:105 16:60 30:120 18:72 ; 
L -11 -25 -39 -5 6 -49 30 -50 -99 -73 -38 -64 -93 64 25 93 -82 -85 -77 26 -26 27 8 40 10 -21 89 35 -23 37 37 -58 -34 66 -35 -81 -61 -90 -45 100 25 -57 25 92 48 -22 6 17 49 -48 -61 59 -29 -61 -92 -48 95 62 -39 14 57 -7 45 -72 -67 -56 -6 -11 20 96 -96 66 55 -88 90 -13 -57 17 92 -12 -25 -54 95 -54 -96 -33 -73 61 88 18 37 -84 -68 -92 2 79 -44 -9 -56 -10 -57 -38 30 62 -92 49 -18 -30 -60 -39 -26 81 -67 2 -48 -18 64 56 -16 93 16 91 82 -19 68 -66 -32 -9 80 -13 -11 -2 -22 65 66 4 14 -100 -90 -89 96 70 40 23 47 97 -2 96 80 -45 47 25 -14 -14 6 -96 59 76 -92 -30 9 -2 -32 -46 -12 62 58 48 -72 83 -100 40 -20 -5 15 72 88 -79 47 95 12 -44 46 -42 -70 -69 -42 4 -38 86 -97 45 16 32 90 -37 74 -31 60 -8 -70 -90 -11 15 -100 92 38 -65 -97 -85 -97 -5 -62 -85 -100 36 6 94 -17 27 89 -6 -98 59 -20 -72 -35 74 -60 -75 71 -2 -89 52 40 -91 93 40 -90 31 1 5 -36 -69 -68 -85 -15 -16 -48 -67 -51 -78 43 73 27 -25 -93 9 90 25 -60 82 -61 -83 -89 -4 23 94 -56 -33 -90 85 14 38 -90 45 -30 91 17 -78 46 36 14 65 -90 71 -22 88 1 -43 -19 63 12 -99 97 42 -16 56 97 -66 51 90 69 -37 20 70 -29 86 25 59 18 -32 96 48 94 7 -67 -10 -47 -78 -97 19 96 -39 57 76 17 73 29 -70 -57 22 -34 -49 -82 -16 20 29 36 19 -69 20 -74 70 -17 -50 85 91 50 -3 7 16 94 18 78 97 35 -17 -70 -65 -88 13 -40 -76 -82 -93 41 70 -99 -65 -52 -58 -49 -73 -84 40 -79 -88 -83 18 -96 -98 90 42 -91 -55 16 46 49 -100 -46 -67 -4 -38 26 65 -62 -78 73 -42 -82 98 -48 81 36 27 -87 64 100 48 -60 -31 67 41 -66 84 -87 28 -15 -86 99 -42 21 76 -47 98 -87 11 70 -59 -72 -67 37 91 29 -44 -50 -13 -81 -24 41 66 44 -87 -41 -40 25 40 -53 28 69 -60 42 -95 -90 57 -39 80 17 -87 66 -64 43 -25 -48 64 12 -23 -47 83 -68 -30 15 89 -4 17 28 72 31 -69 -38 -61 99 -21 31 -11 -55 -25 100 -58 19 21 10 88 2 90 -87 -3 14 -48 ; 
36 6 40 10 58 27 63 65 64 51 42 88 50 80 7 44 42 18 77 37 78 25 10 53 20 10 65 31 85 96 94 20 81 59 8 29 15 18 30 15 71 94 17 43 96 87 86 69 78 7 37 75 58 24 26 32 32 91 9 5 50 60 43 76 59 61 66 80 80 20 84 5 10 57 68 51 42 82 27 77 33 52 17 12 8 17 53 76 94 6 35 48 30 79 1 90 89 65 9 76 12 43 26 84 12 24 41 24 15 84 25 47 95 91 14 83 19 55 52 65 67 95 72 7 66 2 90 37 45 74 29 3 8 3 62 53 13 42 54 37 95 38 55 80 5 42 29 60 81 67 18 97 70 75 84 5 20 81 39 9 32 54 23 79 82 15 86 23 3 56 54 98 94 36 65 37 63 73 93 86 89 95 62 12 57 86 50 59 58 53 79 42 51 60 34 72 38 69 28 89 17 35 20 35 12 62 12 90 21 29 4 37 68 100 60 17 34 48 72 62 80 32 60 45 68 78 65 33 2 96 77 68 58 2 42 38 65 20 90 71 89 18 28 29 99 7 4 41 69 85 1 66 16 45 22 36 87 69 54 72 22 48 11 16 53 70 62 44 42 6 90 70 49 97 1 8 85 78 35 18 47 28 66 20 1 94 5 81 49 28 97 97 45 68 60 23 81 50 37 94 21 42 89 100 30 48 68 71 78 23 3 24 71 51 56 31 32 90 68 47 92 42 38 1 89 100 56 19 37 24 10 58 66 50 45 78 72 99 39 44 85 21 83 27 24 42 3 15 8 21 68 83 76 79 76 9 38 74 69 53 78 65 88 92 87 95 78 21 84 99 79 45 12 69 98 52 29 43 41 68 90 79 37 65 87 17 12 11 42 94 92 29 22 9 1 76 56 41 2 26 50 85 27 34 72 15 92 23 98 71 9 60 76 46 83 22 74 12 34 21 77 41 42 24 29 41 11 93 91 71 98 70 71 20 89 6 36 92 89 19 98 68 26 83 11 54 54 30 78 90 95 57 59 31 95 34 56 10 63 8 63 14 58 82 50 39 72 39 11 70 41 63 36 13 85 82 46 94 33 29 11 10 53 21 76 55 98 12 47 1 11 20 94 59 30 87 96 99 12 36 21 ; 
L -11 -37 -73 78 62 38 -98 90 -82 -56 61 58 48 -72 83 6 -96 90 -65 -12 39 -57 -3 99 -70 -41 93 -18 -42 87 -90 -2 -88 79 72 65 47 -43 57 13 -90 88 -55 -66 -84 -93 91 -40 -92 64 -66 87 95 -42 -59 -16 -45 97 13 48 92 61 -79 88 1 -43 -19 -12 -63 -90 -89 96 -37 67 72 59 -70 -11 87 17 28 72 31 -69 -38 38 -65 -97 -85 -60 -39 96 54 -95 54 32 66 25 88 -15 5 20 -80 94 18 -94 -47 -35 77 85 -25 -86 -11 27 -69 -90 -51 66 -97 -47 30 -37 23 -35 -89 21 -10 68 69 36 -82 95 -20 -72 -82 45 -72 -67 59 -12 -30 7 -99 86 15 -28 -82 13 -68 -80 -81 26 -33 -25 62 -39 14 6 -89 -27 35 -83 40 58 52 65 52 -76 -59 71 91 -92 -32 96 48 94 2 -96 -20 -17 -19 68 70 -25 -90 -2 -32 9 -9 -41 36 -100 -97 42 39 -42 -97 47 89 66 -50 85 91 50 96 45 -80 -96 7 -67 -10 -47 46 -4 9 44 29 -59 61 48 -49 -17 48 16 15 85 -40 -8 29 -44 -50 -89 -4 -87 -41 -22 6 -36 -14 38 57 -61 85 62 5 -93 22 49 -76 73 99 50 -93 64 -65 -88 34 58 26 -26 -81 -1 -31 90 -40 -95 -25 -39 -100 45 90 -100 36 -60 -75 71 -2 -29 73 27 46 -42 -70 -69 -42 -17 -60 -21 42 -57 -98 32 90 -37 74 87 -27 -36 -81 48 -76 5 76 40 -61 20 31 -11 -82 98 17 73 29 -70 -57 -55 -25 83 82 -61 -21 29 66 -56 -10 -57 -91 -55 16 46 49 -100 -46 66 -41 -67 31 60 -48 -100 -64 -31 -68 -6 44 -12 14 -20 37 88 79 -40 84 73 49 -67 -51 -17 78 -18 62 -92 -98 17 -70 4 -89 69 7 16 17 97 47 -67 2 -48 -99 -28 53 -40 -25 40 -48 -92 -90 60 34 -22 -16 73 -13 -81 -24 -25 -93 60 70 -64 18 92 -92 100 -33 -90 85 14 38 -90 45 -30 91 17 -78 57 -25 15 56 -94 -23 -44 -66 30 78 97 -49 88 30 19 -69 20 -74 2 11 -18 100 -58 19 21 10 99 -96 -4 -35 -8 -70 67 -26 -16 56 15 -6 -3 6 -49 30 -84 65 86 -74 9 -93 16 -25 16 91 -70 -38 -64 -87 -96 -19 97 78 -5 18 37 14 -100 -23 -40 56 43 25 -22 -2 -46 -14 -12 -64 48 25 11 90 -4 -38 83 62 -23 14 -48 ; 
15:57 32:128 36:144 1:3 17:65 14:52 50:200 15:59 15:59 14:56 25:97 17:65 10:36 2:4 23:89 12:48 2:8 22:86 1:1 35:139 6:22 23:89 11:43 18:72 34:134 9:33 32:124 16:62 17:67 62:244 39:153 35:139 12:48 26:100 26:102 6:24 18:70 30:118 34:132 17:67 21:81 28:108 23:91 4:16 11:41 24:92 26:104 16:60 10:38 12:46 6:22 26:100 4:16 13:49 48:188 16:60 21:81 17:67 23:91 43:171 13:51 11:41 20:78 6:22 20:78 12:44 39:155 42:166 18:72 12:46 15:59 38:152 23:89 29:113 28:112 40:156 29:113 37:145 38:148 6:22 19:73 38:150 14:52 12:46 5:17 2:8 36:144 9:33 12:46 13:51 34:134 10:36 4:12 5:19 7:27 9:33 36:144 7:27 32:124 19:73 26:104 15:57 30:120 21:83 32:126 21:81 32:126 15:57 20:76 31:123 5:17 32:124 28:108 11:41 18:72 36:142 17:67 9:33 38:150 8:28 30:118 5:19 39:153 34:136 13:49 26:104 4:16 7:25 40:158 12:46 30:116 10:36 21:83 32:124 6:20 22:88 31:121 24:94 23:89 13:51 13:49 15:57 28:110 31:123 9:33 14:54 24:92 26:104 55:219 51:201 18:72 19:75 8:30 40:160 31:123 4:14 2:8 22:84 13:51 32:128 16:62 16:62 21:81 32:126 18:72 32:126 26:100 23:91 33:129 24:96 9:35 13:49 13:49 29:113 21:81 23:89 13:51 11:43 8:32 46:182 3:11 27:105 1:3 17:65 29:115 28:108 10:36 22:84 16:64 20:76 29:113 17:67 12:48 19:75 25:99 16:64 10:36 20:76 8:30 20:76 13:49 2:4 6:24 4:12 9:35 38:152 27:107 33:129 24:94 13:51 36:144 28:108 29:113 2:4 21:81 26:104 26:102 24:92 30:120 15:59 3:11 32:124 45:177 28:110 17:65 2:6 5:17 22:84 5:17 3:9 15:57 18:72 28:112 33:131 5:17 27:105 35:137 26:102 15:59 38:152 18:68 4:12 20:76 40:160 28:108 24:96 7:27 29:113 19:73 17:65 21:81 26:102 38:148 32:128 18:68 32:124 40:160 33:129 9:33 32:124 8:28 34:136 36:142 29:113 36:144 42:164 8:30 16:64 12:44 6:24 12:48 12:48 7:27 14:56 39:153 31:123 28:108 14:56 48:190 9:35 22:86 5:19 23:91 35:137 20:80 32:124 20:80 15:59 17:67 13:51 23:91 27:107 14:54 29:115 16:60 22:88 37:147 6:24 29:115 14:54 27:105 14:56 17:67 37:147 50:200 44:172 28:112 22:88 18:68 34:136 7:27 8:30 15:59 10:38 4:16 58:230 5:19 10:36 24:94 5:17 1:3 42:168 12:44 5:17 31:121 7:27 46:182 7:27 5:19 5:17 17:67 38:150 37:147 8:28 34:132 19:73 31:121 24:96 4:14 29:113 40:156 15:59 20:80 34:134 14:56 38:152 7:25 14:56 12:48 15:57 18:68 12:46 21:83 40:156 28:110 7:27 1:1 32:128 6:24 3:9 21:83 5:19 11:43 10:38 10:38 16:64 34:136 26:100 19:73 34:132 36:144 18:72 4:14 47:187 37:145 6:22 16:60 18:72 36:144 32:124 12:48 22:86 30:120 39:153 8:28 15:57 39:155 27:105 11:43 16:64 32:128 36:142 8:30 24:94 35:139 16:64 23:89 13:51 8:30 35:139 4:16 25:99 4:16 36:144 28:112 20:78 39:155 1:1 4:12 34:136 32:124 14:56 8:28 8:32 38:150 11:43 4:12 17:67 18:70 26:100 11:41 21:83 21:81 4:14 28:110 8:30 3:11 21:81 34:136 9:33 34:132 0:0 2:4 34:132 37:147 1:1 5:17 8:32 38:150 41:161 20:76 5:19 22:88 5:17 7:27 18:70 13:49 12:48 20:80 12:48 24:92 26:102 24:94 11:43 26:100 15:59 32:124 31:121 16:64 14:56 43:169 26:104 9:35 12:46 38:152 30:118 4:12 36:140 24:94 9:33 16:60 17:67 37:147 26:100 14:54 14:56 6:20 17:67 28:108 32:128 32:124 28:108 4:12 23:91 63:251 18:70 6:24 13:51 29:115 16:62 20:80 37:147 8:32 6:20 4:14 17:67 7:27 24:94 5:19 15:57 9:33 ; 
L -14 78 57 9 -62 52 13 -7 13 83 17 60 87 98 -12 62 -81 45 -83 43 -43 -93 68 -4 -67 53 87 -78 -41 64 86 10 -9 -90 -70 -15 28 95 -14 -96 72 53 -24 13 56 -63 -67 -46 99 -58 55 44 93 27 86 -14 83 75 -69 -15 86 9 -70 -42 56 48 3 -83 -68 -64 -8 25 -76 60 -58 -64 89 -35 6 -61 -88 -59 -79 -10 -22 -33 -83 -82 84 16 46 -52 3 -100 -26 -96 -9 20 -53 23 -73 -44 -92 92 -76 9 -5 50 -2 -7 -83 97 93 60 93 10 1 -1 10 51 46 -23 -36 -65 -14 11 92 -75 88 23 -64 -47 -99 -12 87 76 76 6 -94 -34 -18 57 -51 82 -6 -10 93 -28 -28 -24 7 31 -62 -65 70 72 61 94 -39 -98 -53 55 78 -93 -9 64 87 -7 -31 65 -54 37 57 41 -14 94 -46 34 -45 65 -42 -3 53 -60 53 -70 -98 -88 11 -68 68 -54 33 -11 14 -43 68 -80 -28 2 -72 72 -81 3 -47 -54 -92 37 63 -1 -66 -24 4 79 -26 -27 -19 9 16 -61 -93 78 -6 -20 -33 -93 -44 13 82 -72 -8 47 69 27 49 -48 64 -48 90 51 -28 60 -27 94 -74 62 37 -15 10 25 -59 62 2 -99 -84 25 -21 -47 -82 -20 13 23 22 88 -54 -39 -89 -25 6 25 -47 -29 -43 15 -97 -21 56 -54 98 47 -13 53 55 58 -23 7 -32 -42 31 -12 -20 15 83 -20 -72 -38 -43 33 96 -80 75 -74 13 65 -54 -52 -36 44 -42 -40 -58 -70 1 91 -63 -10 19 70 49 48 77 44 80 49 -85 17 -57 8 -48 -91 -34 70 36 -94 42 57 -88 -27 -54 -74 -37 7 -34 3 76 88 -33 -83 93 71 -71 -68 -63 -30 -23 -25 -68 -99 90 -14 65 61 41 42 39 -83 9 -68 77 33 -52 71 -65 -84 99 -89 -53 -69 77 -73 -80 84 90 -38 -53 5 58 -46 -1 22 79 81 -36 -59 58 29 -51 -39 -96 60 44 -1 42 64 44 65 -63 64 76 -97 -72 6 -99 52 -72 4 -35 -26 -75 83 -23 93 63 19 -12 30 -65 47 -4 -3 -33 95 85 22 -76 -37 1 -96 -27 41 -76 5 22 55 62 -75 -97 46 -32 -17 -75 56 28 -31 48 69 -96 -3 -11 49 40 39 -28 6 2 -3 -98 43 3 91 38 50 45 96 23 51 -1 -84 12 -79 -62 -68 -70 -100 6 -65 29 -51 -27 -77 -65 86 -42 3 74 95 -4 -75 27 57 ; 
41 91 2 57 19 42 93 64 53 47 46 14 23 55 35 1 67 58 18 66 82 95 65 14 92 78 87 60 61 95 20 16 100 28 10 64 42 84 85 52 85 4 24 32 94 96 3 29 43 54 93 22 61 46 79 85 43 40 73 4 72 72 42 35 41 99 59 66 69 46 98 85 38 13 34 26 84 66 25 99 49 12 93 23 50 20 35 94 26 4 41 100 79 31 51 93 77 71 53 21 22 24 72 26 54 79 73 86 37 36 59 39 51 76 2 12 51 10 61 69 58 57 51 69 26 78 81 4 39 17 28 21 98 34 15 35 87 33 6 61 99 40 30 37 22 68 40 59 7 21 74 3 55 24 95 55 22 15 78 66 62 12 2 77 22 97 90 15 72 50 99 19 31 74 50 95 89 47 34 32 79 17 3 71 20 14 27 35 28 5 66 69 35 89 63 10 100 55 99 36 13 64 62 80 40 60 44 76 63 100 31 26 98 30 1 70 2 68 45 88 17 71 24 12 74 3 31 25 55 75 17 94 71 86 53 63 43 19 26 7 90 77 83 49 79 1 6 71 8 74 76 2 27 37 20 94 56 43 43 74 60 86 26 48 82 97 67 6 63 17 45 57 89 28 52 11 38 21 94 89 56 40 50 47 81 52 99 57 25 18 64 85 69 89 32 98 14 46 72 19 50 60 99 28 82 81 41 26 97 61 86 79 20 67 42 82 98 29 23 97 49 28 11 54 50 89 84 16 39 58 83 77 46 30 92 67 25 18 37 1 7 63 84 53 85 93 8 12 38 25 91 82 82 70 19 46 94 41 15 93 37 7 51 76 18 98 58 30 25 94 18 93 85 78 76 98 66 24 64 14 61 21 21 23 66 5 82 10 29 53 77 45 17 69 11 45 11 17 97 11 34 73 30 7 52 68 53 78 61 32 85 70 87 68 79 46 53 48 87 25 82 67 27 12 44 38 13 47 86 69 64 44 14 75 54 40 55 6 78 22 88 72 79 90 49 6 57 83 12 92 41 69 53 76 30 46 20 13 49 60 57 92 20 36 1 44 78 50 90 6 70 89 39 46 20 37 54 32 40 22 1 81 98 9 24 47 5 62 52 50 57 81 36 74 86 91 86 8 33 40 16 ; 
L -14 76 -91 22 -76 55 -34 -18 57 -51 95 -53 23 65 85 -1 5 58 -46 25 33 -52 79 -26 -27 -19 9 16 -5 76 -41 62 -9 14 -86 -27 -50 -38 78 47 -25 -6 25 89 39 54 -88 -14 45 -83 56 -54 98 47 -13 53 55 58 -23 7 -32 -42 31 -12 28 -51 11 8 -48 -30 -87 -53 -45 -79 -22 -3 1 69 -96 -3 70 -39 -98 -54 78 -48 -32 -17 -3 -44 -60 -80 -44 -21 -57 -33 54 -68 -13 -69 -58 -64 -47 13 92 -76 -92 63 88 -22 -28 6 2 1 8 -39 -96 49 -85 6 -97 83 4 13 -1 37 53 47 -3 81 -65 86 -42 3 74 4 -47 65 -30 9 24 66 1 23 -11 -16 -84 82 83 -36 -59 -9 -64 -93 -63 -37 92 94 72 -76 97 77 7 -56 -9 87 76 42 57 80 -17 -69 -37 53 38 -78 99 -6 74 54 -19 -63 -20 -61 51 -29 -47 -82 33 3 95 4 -68 65 61 -15 28 -10 15 2 -99 -14 10 -58 12 -98 -87 28 80 -68 46 -23 -36 72 22 96 82 -72 51 -29 -15 86 9 -70 -42 27 88 -52 -36 42 -44 65 -42 -3 53 96 26 100 -3 52 -46 12 99 52 76 98 -11 49 40 -27 -6 35 -48 64 -48 -78 93 75 91 -57 71 1 -43 94 -74 62 -93 -44 -97 -21 43 64 75 -25 -64 89 -64 41 86 10 98 -84 -2 -93 -60 -93 90 81 72 -2 -93 39 3 -83 -68 64 87 -7 -31 65 -54 37 57 41 -14 94 -46 34 64 44 65 93 -68 -4 33 20 53 89 -99 84 -73 -90 -84 -72 77 -73 -59 -23 -3 34 -43 96 14 -82 95 35 -13 -88 75 -92 23 10 44 22 62 24 -53 -72 -28 -56 26 68 8 -83 -15 20 60 14 -12 -50 5 -34 70 88 20 25 -59 -84 25 -77 -65 -33 43 38 -51 -10 1 -1 40 75 -29 -43 15 -67 96 23 77 -76 60 -58 -28 43 -93 63 68 71 -71 -93 83 -94 -61 -72 -70 65 62 -31 -7 24 -6 -96 -93 -44 -55 58 -99 46 42 -45 -97 46 -56 -12 -90 -70 41 42 39 65 -28 -48 -49 -70 -19 7 91 -79 -10 -55 -27 52 13 -90 99 83 75 7 53 33 47 69 27 49 -11 88 6 -62 -61 -23 -27 17 60 -31 48 -51 68 -83 -6 -10 -63 -63 -67 62 -37 72 94 33 -4 -70 -79 -62 -68 -70 -100 81 -36 20 -83 9 60 -9 -80 83 75 -74 13 65 -54 -75 27 57 ; 
17:65 35:139 26:102 37:147 22:86 5:19 14:52 40:158 16:64 12:48 16:62 29:113 9:33 33:129 46:182 20:80 14:52 33:131 4:16 42:164 19:73 8:28 13:49 1:1 28:112 1:3 28:108 18:72 30:118 29:115 36:140 10:38 8:30 15:59 34:136 32:126 20:76 36:142 6:24 17:65 18:72 7:27 26:100 3:9 27:107 39:155 33:131 15:57 10:38 8:28 21:81 9:33 38:150 36:142 23:89 16:64 20:80 19:75 33:129 21:83 40:158 23:91 10:40 8:28 22:84 36:144 23:89 16:62 16:62 3:11 5:19 35:139 38:150 7:27 31:123 22:86 21:81 19:75 8:32 6:20 30:118 10:36 27:105 24:94 17:65 5:17 21:81 37:147 10:36 42:164 14:54 8:32 5:17 20:76 28:108 27:105 14:56 28:110 11:43 27:105 15:59 2:8 9:33 9:35 12:48 22:86 15:57 49:193 29:113 10:38 16:62 15:57 1:1 18:68 20:76 6:20 39:155 18:72 20:80 29:113 17:67 16:62 11:43 23:89 16:62 22:88 16:64 26:100 16:64 32:128 38:150 33:129 15:57 30:118 35:137 42:166 35:137 19:75 6:20 14:56 39:153 11:41 13:49 30:120 34:134 4:12 2:6 11:41 38:150 6:20 6:24 26:102 21:81 14:54 37:147 26:100 31:121 14:52 26:100 7:27 33:131 16:64 16:62 80:316 58:228 44:174 14:56 31:123 27:107 6:20 10:36 12:46 34:134 8:32 10:40 9:35 33:129 35:139 4:12 1:1 16:60 5:19 44:176 25:97 13:49 25:99 28:110 18:68 34:132 26:102 23:89 34:136 6:22 34:134 3:11 11:43 17:67 26:100 4:12 27:107 15:59 10:40 8:32 44:174 12:46 14:56 22:88 10:38 40:158 22:88 40:158 23:91 21:81 44:176 26:102 24:92 9:35 30:120 9:33 5:17 5:19 29:115 29:115 17:67 14:56 10:36 8:28 44:176 17:65 18:70 39:155 15:57 32:126 7:27 2:4 46:184 38:148 21:81 13:49 32:126 40:160 10:36 14:54 24:96 33:129 22:86 1:3 24:96 23:91 34:134 10:40 10:40 38:152 18:68 8:30 18:72 29:113 21:83 10:38 37:147 38:150 10:36 24:96 49:193 32:126 1:1 9:35 13:49 22:84 5:17 22:84 12:44 7:25 50:200 19:75 34:134 10:36 38:152 11:43 7:25 31:123 24:94 8:30 8:30 1:3 31:121 6:22 20:76 6:22 6:20 28:110 32:124 4:12 27:105 28:110 37:147 36:144 6:24 29:115 20:80 40:158 8:30 13:49 30:118 20:80 38:152 36:142 19:75 7:25 21:83 28:108 18:72 12:46 24:94 10:38 30:118 10:40 27:105 40:156 31:121 8:30 2:4 9:33 29:113 20:78 6:22 25:97 14:54 25:99 22:84 15:59 2:8 21:83 17:65 34:134 50:196 41:163 4:12 16:62 2:6 21:83 18:72 28:110 1:3 19:75 13:51 10:38 2:6 59:233 22:84 19:75 24:94 6:22 28:112 28:110 34:136 36:140 13:49 27:105 24:92 35:137 24:96 31:123 18:68 18:70 18:70 31:121 6:20 38:150 15:57 10:38 17:65 19:73 6:22 18:68 28:110 25:97 4:16 12:44 15:59 42:164 36:142 12:44 25:97 12:48 8:32 20:80 35:137 6:20 14:54 42:164 15:57 52:204 38:148 33:131 33:131 37:145 10:40 16:60 32:128 6:24 9:35 22:88 38:152 10:38 22:88 2:4 30:118 16:62 14:56 8:28 25:97 9:35 38:148 22:86 18:68 9:33 10:40 24:94 34:132 24:96 25:97 13:49 4:16 36:140 31:121 8:28 21:81 18:70 22:86 39:155 10:36 12:46 17:67 22:84 32:126 10:36 21:83 44:176 16:64 38:148 39:155 6:24 28:112 16:64 24:96 1:1 17:67 30:118 29:113 35:137 22:84 4:16 12:44 6:22 24:96 36:142 36:144 7:25 19:75 6:22 29:113 12:48 22:84 5:19 8:28 8:28 28:108 20:76 31:123 2:4 10:40 13:49 4:14 40:160 21:83 16:64 16:62 3:11 1:1 33:129 40:156 4:14 24:92 7:27 26:102 6:22 24:92 34:136 14:52 31:121 10:36 29:115 24:96 40:158 17:65 33:131 13:51 14:52 16:64 7:25 ; 
L -70 59 1 7 -96 65 -94 -59 -52 -75 -18 -59 -67 -39 72 68 -94 7 61 -47 -9 16 -13 24 -49 15 66 64 -34 77 -82 -10 -9 43 89 -36 65 -14 68 -34 38 91 19 16 95 82 58 16 -26 -98 29 14 -74 51 -56 -38 31 -86 -55 48 7 -72 4 -11 34 -21 60 17 87 9 22 11 52 -87 50 81 17 3 -90 -9 78 46 24 -76 -93 69 66 -16 22 72 85 61 -98 62 87 -81 -77 -50 29 19 -79 30 1 32 -54 96 81 34 29 91 -22 -61 35 7 -11 61 -78 -64 -44 1 -1 44 -52 -14 -20 -10 70 57 -1 19 -72 -13 -36 44 -54 35 -74 -93 -65 -6 -98 -85 -70 60 -99 93 6 -22 63 -28 -80 -44 -30 23 32 -90 -98 2 35 -100 -79 -78 -34 -38 -31 14 58 22 45 -18 -68 19 38 81 -29 -1 -88 74 93 -69 -49 -34 -24 -94 22 64 32 42 31 -51 21 -46 70 -79 89 92 -76 -72 94 -46 86 -63 36 -37 -3 43 80 39 25 -100 72 -74 44 22 -29 21 -71 -83 -79 -69 41 49 -48 -25 -32 -5 20 -86 -56 -70 -8 34 -2 -89 -18 93 -33 44 39 -1 -90 -93 -92 23 -57 25 -3 83 72 -63 -67 -79 40 25 -47 -89 23 -48 44 58 49 61 89 -42 8 -46 -68 36 41 29 -83 -28 -87 24 99 -61 -56 93 33 17 9 -92 -73 -72 -67 1 64 28 23 89 41 -7 -8 -44 22 53 20 6 -6 -63 -74 16 61 -3 31 40 -40 78 -68 -36 -51 -28 15 22 -79 5 8 -37 1 27 18 -27 -1 -98 95 -23 -86 -5 -39 97 -19 -21 -94 45 -94 1 -3 79 33 -58 95 -75 -12 -23 -36 17 -95 -75 65 43 -37 53 24 35 50 -8 -3 91 23 2 -77 85 38 71 -46 -35 70 47 6 -69 49 85 70 -60 53 -62 -56 37 20 46 43 18 6 -63 86 58 -40 -73 96 -4 -30 -78 -54 7 27 100 -94 -3 -79 -50 -85 -45 -13 63 56 -46 -62 26 21 -33 48 48 92 -28 -89 -55 -88 51 15 -76 -11 -100 59 18 88 -70 -27 36 -90 59 -58 64 -26 9 58 2 -70 -2 -50 -2 -52 -94 4 -8 -54 54 -15 -35 -54 64 26 -22 50 75 29 24 73 92 87 -49 38 -57 80 -50 -40 -40 -31 -91 28 -9 50 14 96 -89 -70 -58 34 96 -64 45 12 -45 -5 42 -60 -31 -99 -24 26 73 75 -61 -62 96 -99 -38 84 -4 -73 -6 ; 
24 84 15 29 62 59 53 90 91 69 58 9 61 86 34 53 58 87 15 38 7 93 69 99 22 97 65 12 46 31 77 35 4 47 71 21 50 35 37 29 43 70 39 97 36 88 86 77 25 33 62 16 81 69 39 1 85 47 15 71 84 18 32 9 19 12 31 1 37 75 55 18 3 91 62 27 46 60 60 50 80 66 52 40 85 98 65 65 16 91 3 2 19 34 78 31 72 91 24 29 83 69 98 54 19 8 74 15 65 64 72 42 61 5 1 74 50 58 100 60 55 35 53 5 36 97 96 28 64 87 68 43 39 24 83 99 95 35 40 32 24 5 52 75 60 40 10 25 42 17 39 57 18 75 17 3 53 53 69 40 9 43 62 1 15 79 57 43 79 73 68 45 70 54 69 37 31 14 2 93 35 14 6 65 93 23 78 85 80 41 47 59 47 26 5 86 63 79 11 31 80 29 7 89 50 50 92 72 22 43 27 6 84 90 59 13 70 78 32 73 75 74 43 37 45 4 1 36 1 18 2 17 65 10 49 42 57 63 4 64 96 95 91 53 26 75 47 66 87 1 85 39 22 85 55 41 62 5 99 18 91 88 75 2 21 65 11 63 2 13 82 89 66 18 100 80 11 22 40 82 60 91 75 48 26 1 38 89 67 32 91 67 37 76 82 88 10 11 69 81 36 24 17 63 34 81 35 60 24 60 54 10 87 40 27 65 22 56 73 23 70 44 93 51 88 41 33 19 35 9 34 19 95 35 96 44 58 22 34 40 49 60 98 85 96 24 92 58 91 86 78 42 29 2 100 95 20 49 30 4 35 56 89 19 75 21 14 71 40 3 84 25 15 76 65 54 4 83 24 65 53 15 56 11 39 69 69 11 77 81 90 14 47 92 33 29 86 81 100 54 3 99 85 70 56 49 68 37 21 88 36 18 76 75 3 45 92 48 61 69 44 15 43 34 21 46 66 98 34 54 40 2 7 96 38 1 6 44 86 32 93 62 100 15 51 14 81 5 18 38 48 87 11 29 93 52 77 30 51 92 21 89 100 40 14 2 65 9 75 38 21 92 56 9 9 82 45 34 71 47 83 88 33 25 2 92 51 44 91 14 73 61 62 3 76 5 32 53 64 22 51 ; 
L -98 2 -1 94 68 -94 -68 89 -42 8 -46 -68 37 -48 -25 -32 46 25 -100 58 16 -26 -28 90 27 -7 -53 -1 -32 24 -57 59 53 88 -70 -27 36 97 6 24 19 16 -51 -28 -1 39 67 59 72 58 -85 -33 -36 -61 -89 -18 93 43 80 9 47 86 24 35 -12 -45 64 65 54 35 15 -43 91 29 19 -79 30 -93 -66 -69 -16 22 72 -58 95 -75 -12 -23 -36 80 28 -63 22 -6 -74 -93 -65 40 40 50 -79 -73 76 32 42 -72 94 -22 -44 -79 40 95 82 59 -50 87 -32 22 29 -65 18 -35 13 72 -19 1 99 3 94 -100 -27 -7 26 99 50 -8 -3 91 23 2 -77 -9 -17 -3 50 2 -78 9 -39 16 -13 -75 50 -50 51 -31 -63 -74 62 -14 21 93 49 44 39 -1 -90 -93 -92 -49 -34 87 36 -37 -3 -33 -70 59 75 70 -79 89 92 -76 -19 -21 61 -71 -38 83 72 -63 -22 -78 -54 -64 70 96 -1 -88 74 -88 45 85 -74 -78 -34 -38 -31 14 58 22 -5 20 -18 -43 -46 -20 -77 79 -61 -56 4 85 23 -11 -72 100 -25 -87 -1 20 83 71 -21 29 -46 62 46 -56 -63 13 36 -89 -43 -26 86 -63 91 -22 17 87 9 -58 24 29 -81 81 -87 4 -38 -19 -95 45 -18 -68 -17 -44 86 -31 38 -98 -85 -70 29 14 -74 51 -56 4 38 -17 -81 18 76 -24 67 72 -3 89 55 89 73 22 14 65 -21 9 -70 10 20 -80 57 -34 -81 -96 54 22 -22 44 8 -91 -38 34 -68 61 -78 23 -57 25 28 -89 -23 -28 -64 -8 -54 54 -49 -41 69 92 -24 -94 -23 30 -55 48 7 -72 93 33 -9 27 -18 -15 -51 52 -44 -37 -15 -5 79 7 -96 -96 -34 58 -59 90 39 5 64 -41 -92 -95 -45 54 -44 -14 7 61 -56 -70 -8 34 -2 -16 -84 38 -49 69 -6 -47 -70 35 46 -8 94 -31 30 6 64 -26 -1 -98 92 -11 -90 79 100 -35 -3 79 67 85 11 52 34 -21 -44 1 -1 -75 69 -94 35 6 40 -62 -56 37 -63 86 58 -40 -73 96 49 -98 60 -99 93 83 -29 -48 44 -61 -36 1 -4 94 86 23 49 61 -46 70 -2 -58 52 2 6 -89 -70 61 -73 -26 -60 -50 47 11 -31 -99 29 24 60 -42 5 45 -62 98 -64 28 -9 50 -78 36 41 -7 75 52 10 82 -77 34 -64 -66 -15 -33 48 48 40 -53 60 -3 31 96 -73 -6 ; 
14:56 22:84 35:139 18:70 5:19 24:92 32:124 28:108 1:3 9:33 26:104 5:17 6:22 16:62 15:59 18:72 18:68 18:70 7:27 14:56 31:123 10:40 51:201 8:30 1:1 15:59 8:30 20:76 9:33 8:28 4:12 41:163 20:76 7:27 19:73 27:105 40:156 7:27 32:124 3:11 44:172 39:155 32:126 4:16 18:68 25:97 35:137 25:97 16:62 25:99 6:20 4:14 17:67 30:118 11:43 20:78 17:67 24:92 37:147 45:179 3:11 9:33 15:59 1:3 64:254 34:132 19:75 8:28 18:70 8:28 2:8 63:251 25:99 25:97 12:46 34:132 28:110 26:104 6:20 26:104 60:240 7:25 37:145 14:54 20:78 24:96 40:156 34:136 39:153 4:14 16:62 7:27 17:67 10:40 8:28 14:56 16:64 19:75 1:3 6:22 10:36 34:136 26:104 7:27 34:136 34:134 5:17 14:54 36:144 23:89 9:35 5:17 36:140 38:150 18:72 25:99 31:123 41:161 38:150 25:99 10:36 5:17 14:52 18:68 28:108 35:139 63:249 31:123 33:129 35:137 12:46 14:52 35:139 3:11 20:80 38:152 8:32 20:78 12:48 2:6 14:56 35:139 24:96 42:164 9:33 35:137 40:158 32:128 9:35 22:84 28:110 35:137 8:30 47:187 2:6 17:65 12:44 15:57 12:46 19:73 2:4 40:158 44:172 12:48 2:6 26:102 39:153 38:152 37:145 18:72 6:22 12:48 16:60 36:142 20:80 20:78 17:65 34:134 11:41 32:126 11:41 2:8 35:137 26:100 34:134 8:30 14:54 26:102 8:30 24:92 35:139 1:1 22:88 2:8 19:75 22:84 6:24 25:99 5:17 13:49 6:22 10:38 22:84 40:158 15:57 15:57 25:99 1:1 6:24 32:126 23:91 18:68 5:19 1:1 6:24 6:24 22:84 26:104 18:70 12:44 42:164 5:17 20:76 15:59 46:180 4:14 26:104 11:43 18:68 39:155 22:86 40:156 4:12 32:124 28:112 6:20 23:89 11:43 28:108 20:78 23:89 28:112 18:72 9:33 29:113 5:19 36:144 12:46 5:19 29:115 8:32 15:59 30:120 18:68 11:43 66:262 28:110 26:104 13:49 25:97 7:27 28:112 40:160 22:86 30:116 28:108 15:59 29:115 7:25 19:75 34:136 0:0 2:8 21:83 22:88 7:25 33:129 28:110 16:62 21:81 13:49 28:108 19:73 7:25 14:54 16:64 22:88 11:41 14:56 19:73 34:134 18:72 2:8 31:121 26:100 24:96 29:115 23:89 3:9 39:153 39:155 18:72 40:160 2:6 6:24 30:118 4:12 18:68 40:156 33:131 31:121 20:76 28:112 18:68 12:46 24:94 20:80 51:203 11:41 30:120 24:92 18:72 13:51 27:107 36:142 14:54 21:81 6:22 3:9 30:118 30:120 8:28 11:43 26:104 4:14 30:120 7:27 29:113 34:134 8:28 3:9 16:64 23:89 48:190 18:70 16:60 25:97 12:48 22:84 29:115 28:108 21:81 26:104 17:67 25:99 45:179 14:54 4:12 16:64 22:86 11:41 14:56 30:116 77:307 49:193 32:128 54:214 17:65 34:132 19:75 35:137 6:24 8:28 8:28 1:3 7:27 26:104 0:0 13:49 13:51 9:33 34:134 2:4 16:64 29:113 6:22 9:33 21:81 25:97 22:86 4:12 26:102 4:16 3:11 28:112 21:81 24:96 13:51 2:8 28:112 4:14 16:64 16:64 9:35 48:188 48:190 5:17 2:4 13:49 5:19 22:86 24:96 22:88 16:64 16:64 50:198 38:148 11:43 33:131 8:28 2:6 34:132 19:73 16:62 28:110 28:110 5:17 31:123 29:113 8:30 33:131 24:96 16:64 24:94 33:131 1:1 40:158 15:57 27:107 4:14 8:30 40:160 26:102 14:52 35:137 36:140 18:72 5:17 3:9 1:1 36:144 38:148 14:54 8:28 4:14 29:113 7:27 6:22 28:110 4:12 6:22 22:84 30:116 21:81 26:104 21:83 30:120 1:3 10:40 14:52 36:140 14:54 4:14 40:158 16:60 9:33 16:62 28:108 1:3 4:14 21:83 28:110 6:24 14:56 31:123 13:49 19:73 5:19 26:104 35:137 15:57 8:28 25:97 29:113 26:104 23:91 14:54 4:12 20:76 9:35 21:81 ; 
L -25 86 -42 -68 55 -35 -31 30 -67 -80 -37 64 94 -80 -68 -85 12 99 31 23 71 57 -36 86 60 28 31 -76 85 40 -23 -70 -13 94 32 -42 57 44 94 19 64 -43 79 -38 -21 -8 -81 84 -29 61 1 45 33 9 -67 -36 -8 96 -10 60 -32 10 -77 -4 -17 -10 71 -77 73 -29 26 -32 91 77 -17 -44 30 -61 -88 87 -8 82 -26 53 -52 49 -82 -43 -30 56 42 47 -16 68 -46 70 -43 16 -100 48 -34 35 100 -77 13 30 91 99 55 11 -85 -37 -23 61 -92 19 -30 55 17 28 28 -37 -44 -81 -30 -5 60 89 13 -76 -93 61 8 26 14 -89 83 92 -36 -13 -25 -60 -97 32 73 89 -78 88 9 76 39 78 97 -40 -60 54 -36 -54 75 80 -65 -19 90 -39 -39 -25 85 92 97 36 -49 -75 49 -21 -71 26 1 -91 -52 60 -54 -40 -82 -66 47 80 63 -83 -54 36 -3 22 -48 -59 66 71 -91 -41 -51 -34 -31 2 21 -46 -90 -41 91 89 -68 -30 51 -3 -37 41 -69 -53 -74 97 37 86 75 -89 6 18 18 -21 75 51 85 -48 -97 -34 -98 61 -74 30 31 -33 27 42 99 4 24 -37 -70 73 -81 21 -8 54 14 1 73 36 96 -97 78 -69 34 80 -96 -45 93 -100 96 84 16 40 51 88 -95 64 96 -100 -3 -58 13 32 22 -44 -25 -47 -90 20 89 28 39 -7 -57 -36 45 66 -40 -57 -21 84 -58 42 46 70 100 -35 90 54 47 34 76 55 -73 -57 -2 15 -77 -49 22 -51 -18 82 56 -41 5 97 95 -95 86 1 99 22 88 -78 58 -35 -79 78 27 36 48 -6 -50 31 53 69 83 89 -94 59 51 40 -16 62 -1 6 -23 -22 -54 -68 2 -22 -15 -14 -67 -99 -8 15 -7 -53 52 32 -69 12 -31 88 76 -93 -42 -18 -85 41 62 90 2 -78 -25 88 -26 -81 -18 -52 -28 4 -71 -98 -13 41 -19 71 -17 90 80 -7 -57 64 -29 38 -6 17 46 -3 -7 -22 -39 -30 -14 -24 21 -100 -9 -15 -8 -46 22 -97 57 85 20 -97 40 8 6 -40 84 -76 -89 34 3 -13 55 70 -12 -71 32 33 74 92 -49 -97 86 -42 60 -49 96 -8 8 67 -60 -86 47 -3 45 55 91 42 -50 -38 -43 -29 53 -9 92 -19 51 -61 -31 -22 -44 -24 73 -54 -78 -90 -27 -19 30 52 -72 92 26 77 13 -71 70 74 -4 58 -69 75 -88 -17 80 -36 ; 
79 62 52 64 35 41 53 44 89 73 15 11 4 93 33 89 47 12 93 92 15 18 29 75 19 7 62 57 76 77 56 60 39 84 92 6 17 33 47 55 14 11 17 99 100 17 13 81 58 12 91 32 74 18 27 10 98 46 40 61 90 34 100 34 88 75 11 70 44 86 41 82 45 7 80 51 15 60 17 8 46 21 8 56 56 43 22 2 39 50 51 16 27 27 68 55 80 17 42 60 9 45 69 99 1 83 76 24 33 80 32 34 14 42 88 59 96 63 6 7 9 27 97 51 83 39 28 34 55 31 43 85 74 35 17 48 7 77 1 30 15 15 87 56 37 15 1 3 38 43 67 54 84 33 67 48 21 58 21 5 55 24 9 45 9 100 74 25 28 41 71 73 17 17 33 79 77 82 61 71 79 24 55 79 96 27 96 1 31 27 70 87 17 55 90 87 19 73 24 86 14 50 41 74 47 92 56 56 94 91 63 58 97 13 71 21 24 57 83 76 90 94 52 83 51 25 11 55 30 37 68 52 82 76 6 82 71 39 66 3 15 81 95 8 52 96 35 30 59 100 10 19 12 51 19 43 54 5 41 16 91 95 27 22 18 74 43 94 21 34 63 37 89 51 78 96 99 29 12 79 81 38 13 2 67 89 25 84 73 32 99 2 92 45 92 78 25 3 66 69 46 36 48 57 9 29 77 42 99 65 1 51 26 82 88 3 4 29 12 79 97 76 13 46 36 90 100 96 30 18 51 70 42 99 15 46 42 100 22 14 5 66 57 33 17 34 50 68 44 67 35 26 84 17 65 50 66 24 68 91 88 36 60 28 37 85 3 33 57 43 70 42 85 37 35 4 65 69 61 7 83 96 10 26 73 11 52 78 41 62 61 39 87 77 6 1 76 58 52 40 39 48 51 22 57 41 24 51 100 69 70 25 89 29 56 48 38 4 15 19 38 76 26 100 10 60 12 99 33 14 29 70 52 5 28 69 25 48 33 46 57 66 46 46 21 77 36 30 45 5 56 51 89 98 62 78 86 72 58 30 32 100 7 48 88 94 78 66 9 27 6 4 27 78 23 69 71 68 78 99 38 58 20 70 72 9 71 58 15 42 7 81 50 47 8 14 74 98 47 40 54 ; 
L 32 -32 91 77 52 18 81 -55 -99 -51 30 -30 43 -70 90 47 89 -14 24 -43 -30 32 -42 -26 -6 68 42 -86 -53 -42 -18 33 -51 -34 16 -40 18 18 61 -74 30 31 30 52 -32 97 25 -24 73 -54 -78 88 44 94 19 37 -28 -28 45 66 37 3 36 -73 70 37 -24 -4 -89 67 -9 76 20 -97 40 8 6 -40 84 32 -60 -31 -54 -6 96 90 60 -54 -40 -82 -66 47 -71 -25 76 -13 39 -12 66 -49 -52 67 14 15 -42 -49 22 91 89 -68 -67 18 51 41 90 37 86 -13 -69 -34 -52 80 65 -80 -35 19 27 90 -68 89 -25 85 23 37 85 -11 -50 31 -31 16 -100 48 -19 92 -89 -34 -28 4 61 55 91 42 -97 -92 99 -13 94 56 42 47 -16 68 -36 -8 26 -88 -64 37 -70 31 -92 -83 -88 87 -8 77 -58 -30 -60 -86 36 -57 -71 -23 -36 100 1 73 21 57 7 16 -80 12 -70 26 84 3 -46 -69 82 56 -41 5 97 -80 75 -88 8 85 41 -69 -53 -74 74 -27 -78 -57 64 -22 14 84 -58 -45 93 57 7 -39 -28 -61 100 -96 -64 95 -57 33 -90 35 -70 9 76 39 -86 97 27 77 -48 22 -47 -54 -20 91 -1 -26 71 21 -49 75 49 -42 60 -49 96 44 -29 -71 -57 22 57 3 -36 61 17 -81 21 -8 54 -10 60 25 71 -15 -26 43 -64 82 97 46 -21 -21 -48 -59 69 -32 -52 53 7 -97 -22 -81 -60 54 -36 -54 75 19 34 3 -13 -38 -15 40 22 17 -1 -61 29 -84 91 51 -15 -70 -46 -21 75 51 85 81 8 -50 -38 -43 -29 53 -9 26 -82 -76 -88 22 10 17 -71 19 -41 55 -73 78 36 -39 51 -61 -99 -1 -86 95 -95 100 -2 31 -32 -13 58 3 -72 92 -55 -36 -97 78 -69 34 80 -96 42 98 34 -85 -92 29 -73 77 -71 10 54 83 -63 -78 -74 -14 -77 -4 45 -13 -98 -13 -73 -8 8 -90 100 -77 13 30 91 30 19 -92 -9 93 21 38 -79 -8 -45 3 -47 86 60 -39 23 -6 93 -96 -76 -89 -7 79 35 -58 78 -88 -2 -17 67 55 -35 53 96 -97 -2 -90 -62 -41 99 49 -30 55 17 36 -60 5 40 -40 4 44 22 31 28 31 -76 85 40 -23 89 46 8 25 -12 85 22 -2 -100 94 -80 -68 99 71 -33 83 89 -94 97 -44 30 48 -41 75 -88 78 44 62 -1 46 6 -51 -59 -17 80 -36 ; 
32:128 20:78 18:72 3:11 3:11 32:124 21:83 17:65 14:52 6:24 26:100 41:163 6:24 32:128 14:54 6:20 6:22 20:76 6:20 24:96 16:62 14:56 3:9 10:38 13:49 18:68 26:102 21:83 40:160 8:28 2:6 42:164 30:118 35:137 7:27 18:70 22:84 21:81 10:40 3:9 33:131 29:113 16:62 28:112 9:35 23:89 30:116 10:36 29:113 28:108 32:124 23:89 19:73 19:75 22:88 14:52 11:43 4:14 12:44 1:3 33:131 39:155 30:118 29:115 39:153 21:83 4:12 38:152 31:123 14:52 11:43 15:57 19:75 24:96 5:19 40:158 14:52 6:22 12:46 26:104 36:144 31:121 20:76 57:227 11:43 32:124 8:28 32:126 10:38 22:88 32:126 39:153 18:70 23:89 8:32 13:49 31:123 2:4 21:81 36:144 5:19 23:91 36:140 37:145 20:78 26:102 36:140 19:73 23:89 38:150 32:124 19:75 2:6 6:20 37:147 26:100 31:121 27:105 4:16 25:97 7:25 42:168 3:11 22:88 23:91 12:44 24:92 16:60 16:64 4:14 32:124 30:118 29:113 6:22 14:54 13:51 22:86 6:22 9:35 19:73 17:67 24:96 38:150 24:94 60:240 44:174 29:115 25:99 35:137 20:76 13:51 40:160 28:112 12:44 7:27 44:174 34:134 43:171 21:81 7:25 11:43 11:43 9:33 40:156 15:59 30:116 9:33 5:17 1:3 10:36 32:124 31:123 4:14 4:12 19:73 5:19 6:20 38:152 18:68 8:30 30:120 12:46 8:28 6:24 6:24 18:72 14:54 5:19 26:102 37:147 30:120 44:172 59:235 12:46 14:52 31:121 31:123 14:56 21:81 5:19 24:92 5:19 32:126 39:155 31:121 15:57 10:40 30:118 16:64 16:62 26:102 29:113 9:33 10:38 24:92 15:59 6:24 26:104 20:76 30:116 9:35 28:110 10:40 28:110 11:43 9:33 30:116 34:134 10:40 11:43 11:41 21:81 36:142 15:59 20:80 37:147 10:40 20:76 13:49 13:49 18:68 27:107 22:84 15:57 34:132 9:33 7:25 24:96 22:84 4:14 4:12 27:107 33:131 31:123 32:126 14:52 7:27 7:27 30:116 33:131 18:72 2:8 23:89 17:65 23:91 8:28 39:153 16:60 7:27 4:16 28:112 9:35 24:96 16:60 12:48 24:94 40:160 26:102 14:56 6:24 11:43 5:19 12:48 10:40 5:17 3:11 10:36 27:107 30:118 6:24 16:64 22:88 33:131 23:91 14:52 2:4 34:136 18:70 32:126 20:76 27:107 20:76 9:33 24:92 9:33 2:6 16:60 12:44 28:110 4:12 8:32 4:16 19:73 13:49 42:168 37:145 5:19 24:92 33:131 17:67 22:88 21:81 28:110 53:209 5:17 22:88 12:48 38:148 6:20 10:36 20:76 36:140 38:150 32:124 27:105 5:19 4:12 16:64 34:136 24:94 28:108 8:32 31:121 1:1 3:9 24:94 40:158 10:40 16:64 21:83 8:32 2:6 8:28 40:160 36:144 15:57 19:73 16:62 30:118 20:80 2:8 12:46 40:158 39:153 38:150 4:14 18:68 19:75 25:97 18:70 2:8 17:65 7:25 37:145 12:46 5:17 33:131 2:8 9:35 40:156 35:137 18:70 28:112 5:17 3:9 13:49 1:1 49:193 20:76 29:113 19:73 14:54 6:24 16:64 11:43 35:139 24:94 31:123 36:142 18:68 9:35 40:158 1:1 34:132 31:121 32:124 5:17 11:43 12:44 21:83 19:75 40:160 40:158 11:43 23:89 24:92 29:115 35:137 32:124 18:70 4:16 34:134 23:91 25:97 15:57 21:83 10:38 30:116 17:67 28:112 21:81 8:28 6:22 9:35 42:166 19:75 17:65 15:57 18:70 18:68 7:27 34:132 3:11 25:97 36:144 9:35 15:59 26:100 3:9 32:124 16:64 12:44 32:128 4:12 14:56 24:92 10:36 32:124 11:43 25:99 23:91 31:121 31:123 23:89 22:86 15:57 8:30 42:166 20:80 19:75 23:91 10:38 34:134 4:14 38:148 14:52 27:105 4:12 16:64 45:179 14:52 7:27 14:56 45:177 6:24 13:49 7:25 19:75 42:166 2:4 3:9 37:145 14:56 17:67 31:121 40:156 20:80 16:62 10:38 16:64 22:86 ; 
L -94 73 74 -94 -4 -94 1 -96 9 70 -82 -10 -10 36 -6 11 57 58 -85 -50 -92 40 100 98 -36 18 -99 -14 -65 -13 -26 28 -56 51 -73 -100 -72 12 -15 -98 58 -9 89 -79 -44 88 -55 53 -20 -93 1 -47 -27 -6 49 -13 -59 -86 8 13 -78 -53 -84 -77 -52 -11 27 -20 56 1 19 3 -32 45 -74 37 7 -22 -82 -41 40 70 13 20 -91 74 41 67 -94 33 -2 93 -2 61 -65 33 13 -22 17 -68 -8 -23 66 -7 52 46 29 14 18 61 33 -52 -45 -47 -19 85 94 -1 80 -48 71 -27 -62 87 66 9 20 89 -29 -63 -23 93 52 -74 46 -52 60 -32 18 88 46 58 91 43 62 -75 53 80 27 19 21 25 49 47 -90 18 26 100 48 -69 -45 -42 -37 44 73 92 -53 50 4 -77 -95 -30 71 7 -54 100 -61 -5 20 -12 78 -90 54 -60 -41 -38 -27 -99 50 -32 -79 -49 -45 79 -56 48 -36 -2 -83 42 52 39 23 60 -80 -27 18 -40 -19 78 -40 -60 35 -60 32 -80 22 61 31 -100 -63 58 -96 -77 -14 -79 -46 -97 79 -45 -4 -32 89 -60 -88 -19 78 -37 -39 -69 -31 -27 -49 60 35 50 65 35 -17 -69 93 -78 -90 -57 -18 21 14 -28 -9 -54 92 34 61 61 82 -60 25 25 -39 37 53 15 71 -22 85 64 -56 -70 37 97 -56 -26 76 -60 29 95 83 59 -60 -49 82 53 -22 56 31 -86 22 -22 74 75 49 48 62 -64 13 56 -32 -75 -61 -88 -18 -47 -74 -77 80 -10 27 -56 76 73 -88 -99 54 -52 -72 -26 -63 56 -91 -4 13 -48 53 99 -34 -86 -37 -2 27 -48 -11 33 10 -25 49 -40 90 87 84 -91 99 -54 -55 11 -17 37 19 -95 -54 -57 -21 51 -10 -44 -69 94 45 -43 -89 71 11 2 90 71 95 86 48 -13 -85 -6 30 -97 -28 -47 -87 -36 51 22 89 65 -34 4 8 -83 -35 -99 -59 -73 -14 37 66 -51 32 -47 -44 1 74 -6 75 -91 96 81 -97 29 36 60 -73 21 -98 89 54 -1 -74 -10 -15 -68 89 -15 -71 78 4 66 67 84 -81 55 9 29 64 49 -77 84 -82 -94 11 96 -80 -79 -3 41 -94 -3 -63 -99 51 -36 63 -22 -96 3 62 82 -95 -67 -5 -96 99 99 42 89 -92 99 -85 69 -93 93 -25 -95 46 47 -52 61 18 -99 22 -46 13 97 -83 -34 -10 -3 4 57 -61 -94 -11 81 -97 -52 ; 
5 37 79 69 11 43 46 61 13 6 92 1 100 95 8 48 85 94 9 79 30 69 65 71 31 99 79 39 54 73 95 89 57 59 99 15 47 16 52 56 83 6 92 5 45 26 6 30 35 93 31 92 6 42 5 30 76 38 51 69 72 20 56 83 36 8 19 59 15 58 32 72 17 5 48 59 24 40 66 85 97 74 75 79 73 99 2 48 34 96 48 40 43 69 73 71 71 50 22 66 78 88 60 16 30 85 95 38 68 50 99 81 98 32 13 58 69 27 41 91 18 49 62 4 49 87 28 37 56 91 5 38 1 7 29 27 7 89 8 84 19 13 15 37 23 100 19 64 56 73 69 99 87 48 8 92 13 60 14 64 21 4 26 77 71 21 16 64 20 70 7 4 82 36 51 52 22 4 10 94 83 84 81 5 1 17 96 80 32 14 57 75 71 24 37 48 49 70 17 27 20 98 53 52 54 80 34 31 62 89 76 45 40 92 50 48 31 70 67 54 85 27 40 39 93 9 4 96 78 82 76 80 100 31 2 55 95 25 24 74 64 7 82 46 5 20 23 20 64 61 15 33 55 60 55 29 25 5 53 79 40 95 74 46 27 34 100 73 18 38 76 29 24 58 85 77 45 91 48 7 54 24 37 39 92 14 1 63 100 97 36 66 91 18 95 11 78 10 82 32 94 18 28 77 88 6 66 56 52 97 83 31 67 39 83 51 82 36 16 10 75 5 30 3 80 50 68 32 67 9 25 2 18 100 86 50 37 70 15 44 6 79 17 32 70 71 87 9 74 30 43 90 28 54 36 61 16 28 33 85 15 21 16 78 96 85 12 12 69 74 82 35 16 26 64 1 93 1 77 78 76 47 66 19 1 42 6 61 12 89 16 70 26 67 79 21 98 28 77 45 15 25 28 84 92 80 5 97 33 52 66 75 63 2 70 89 52 59 99 76 28 12 44 20 47 32 32 46 21 59 82 56 21 15 29 16 67 11 56 85 91 89 88 77 61 34 87 36 51 30 86 92 12 82 81 6 72 11 5 55 82 49 47 100 18 40 25 94 14 11 66 45 89 96 31 63 70 28 77 86 66 48 53 94 93 61 7 62 86 41 37 99 100 4 45 96 10 95 18 52 45 ; 
L -94 73 -17 22 -13 -33 65 95 -10 -23 -39 -52 -42 83 2 36 -48 -96 -45 -61 -82 -86 48 85 94 -1 95 79 -78 -84 -77 -61 78 32 -60 -79 97 46 -10 36 -6 11 -73 -100 -61 -27 -99 50 -32 4 66 67 84 -81 55 -74 -50 -92 60 22 -63 36 -51 99 -27 -49 60 45 56 1 19 3 -32 -34 -92 54 98 15 -12 -1 -71 -90 85 64 37 66 -51 -82 71 15 -89 68 -32 27 61 -57 -60 -20 -9 -66 14 73 59 99 35 92 -89 37 19 34 -99 -15 -53 75 -54 100 52 7 -22 20 -27 -9 -65 -50 -21 73 -60 -36 -29 61 -93 -18 40 100 33 -52 -87 -90 -18 71 -22 -2 11 30 -97 42 45 69 64 -62 -49 6 27 47 80 52 -7 46 -48 -100 22 -60 35 -4 3 -88 -99 -80 77 74 47 -27 -51 -44 88 -1 93 20 -53 55 -90 54 -21 46 58 91 18 88 97 -81 79 -56 28 -37 44 47 -90 -55 11 -17 89 54 -52 -94 -56 -26 -41 15 10 85 73 22 -22 26 -60 29 17 58 -9 89 -79 8 -96 -77 100 -31 -94 11 96 -80 -79 25 25 -39 -14 -70 37 97 -94 -3 -63 31 69 39 37 -99 -35 96 72 -41 74 75 49 80 -35 6 85 -88 10 -10 13 20 -91 48 78 -93 -49 25 -12 57 90 -59 -71 18 61 98 32 -56 -13 47 -52 96 37 -84 -7 52 46 -66 23 -60 -49 -65 -13 -26 28 -56 -13 -59 74 -6 75 -14 -31 -56 26 72 -36 -44 1 -86 8 13 -78 -53 18 -33 11 48 76 -83 -56 -29 -58 2 -33 99 -18 78 54 -1 9 -82 95 -86 -37 -2 -93 23 63 29 42 -22 -51 36 -57 -70 -40 -27 99 -37 40 -99 -99 38 41 60 25 49 -58 63 -14 13 -80 22 82 -60 -21 75 -62 -43 -96 3 62 82 -95 -67 -5 88 25 -74 64 52 -74 46 -61 -5 -81 11 19 40 87 47 -76 56 41 -30 71 -62 87 22 13 -48 53 54 -2 53 4 91 -27 -80 -53 54 19 47 94 -67 4 -77 79 46 40 -89 -10 -44 -69 94 45 -43 -93 93 -45 61 61 -98 -51 21 57 65 -34 4 8 -83 9 28 -14 -3 49 68 74 4 94 -94 95 86 48 -13 -19 -63 56 -95 -69 -89 -97 -32 -83 45 -91 27 -50 53 -92 -73 -77 84 29 60 -89 32 4 -34 -69 85 20 18 19 -89 71 11 70 -82 -10 -49 91 78 18 -99 74 -47 -97 -52 ; 
2:8 15:59 28:108 9:35 20:80 29:113 29:113 25:99 25:97 16:64 22:84 40:156 8:32 11:43 7:27 28:112 20:78 28:110 41:161 8:32 42:166 3:11 30:116 30:116 28:110 11:43 4:16 17:65 39:153 27:107 34:132 20:80 26:104 19:75 36:142 31:121 32:124 39:153 13:51 38:152 4:12 20:76 27:107 6:24 16:64 7:27 32:128 13:51 6:22 18:68 23:89 9:33 6:24 12:46 7:25 36:142 10:40 12:48 32:124 7:27 5:17 29:115 3:9 33:129 25:97 33:131 19:73 12:46 40:158 24:92 13:51 28:108 7:27 15:57 38:152 16:64 11:41 23:89 21:83 16:62 28:110 11:41 25:99 31:123 22:84 6:24 10:40 13:51 36:140 9:33 19:73 13:51 6:22 28:112 4:12 18:72 13:51 22:88 12:44 35:139 26:102 31:123 12:44 40:156 9:33 6:24 27:105 10:38 7:25 18:68 35:137 17:67 12:46 38:148 16:62 21:83 18:68 4:16 16:64 20:78 24:94 7:27 3:11 10:36 45:177 24:94 21:83 36:142 28:112 26:102 19:75 19:73 19:75 26:104 24:92 33:129 37:147 4:14 22:86 26:102 24:92 16:62 11:43 15:59 19:75 6:22 2:6 9:33 55:217 31:123 12:44 2:8 17:67 3:9 24:92 15:57 33:131 42:168 23:89 6:22 23:89 21:81 16:64 26:102 40:160 63:249 2:8 6:24 34:132 16:62 27:107 37:147 76:304 15:59 11:41 14:56 13:49 38:148 14:56 12:48 23:89 33:129 13:49 21:83 6:20 6:24 28:108 34:132 14:56 26:100 2:4 15:59 18:70 32:124 31:123 24:94 4:12 14:56 22:86 15:57 21:83 35:137 39:153 38:148 14:54 10:38 14:54 28:112 19:75 30:118 4:14 30:120 4:16 6:24 16:64 37:147 21:81 28:112 3:9 37:147 2:8 16:60 13:51 16:62 31:123 22:86 22:84 25:97 14:54 35:139 15:57 34:134 30:116 8:28 28:110 12:48 20:76 3:11 34:134 37:147 5:19 12:44 26:102 30:118 10:38 25:99 56:220 11:41 16:60 37:147 15:57 13:51 38:150 10:40 22:84 31:121 32:124 12:44 30:120 25:97 12:46 32:126 30:116 23:91 16:62 14:52 3:11 28:112 32:124 24:94 24:96 54:212 13:51 12:44 20:80 45:179 6:24 27:105 3:9 19:73 27:105 46:180 44:176 12:48 26:104 12:48 34:136 12:44 24:96 38:148 39:155 13:51 30:116 38:152 36:142 23:91 15:59 31:121 10:36 39:155 14:52 11:41 25:99 38:152 11:41 20:80 31:121 27:105 32:128 8:32 21:81 28:110 29:115 8:32 11:43 11:41 32:126 3:9 20:78 42:164 32:124 40:158 19:75 16:64 20:76 22:86 38:150 14:54 11:43 5:19 9:35 16:64 6:22 14:56 15:59 28:112 4:14 16:60 2:8 37:145 16:62 4:12 25:97 3:9 25:99 22:88 30:118 58:230 3:9 40:156 26:100 30:116 38:150 16:62 7:27 1:1 30:116 35:139 27:107 11:43 41:161 1:1 22:84 13:49 34:132 14:54 11:43 12:48 40:160 10:36 10:38 22:88 33:131 20:78 19:75 40:160 8:28 11:43 4:12 14:56 22:86 6:20 3:11 12:46 5:19 2:6 12:44 38:152 22:88 25:99 24:94 1:1 5:17 7:25 11:41 19:75 33:131 8:32 2:6 7:27 3:11 1:3 8:28 42:164 10:36 13:49 44:174 4:14 25:99 23:89 26:102 8:30 20:78 6:20 36:142 14:54 17:67 28:112 13:51 6:24 22:88 31:123 15:59 32:124 39:153 34:136 5:19 5:19 15:59 26:100 34:132 18:68 19:73 6:24 24:94 9:33 6:24 36:140 7:25 28:112 11:41 27:107 41:161 22:84 2:8 26:104 10:36 27:105 31:123 33:131 5:17 12:48 17:65 1:1 38:148 1:1 34:136 25:99 13:51 2:6 10:38 15:59 12:44 23:91 36:144 16:64 9:33 41:163 10:38 26:102 7:25 9:33 42:166 36:142 24:94 3:9 13:49 40:160 32:128 31:123 13:49 39:153 19:75 21:83 24:96 18:68 30:118 33:131 7:25 37:147 1:1 33:129 15:57 3:11 16:60 32:126 26:104 14:54 37:147 21:83 18:72 ; 
L 18 24 62 -100 99 12 -13 -10 25 -54 -66 85 100 -41 20 -91 83 68 -14 -84 -34 -83 -60 -1 -67 29 -97 -17 -68 -95 23 -9 20 30 86 -68 36 -59 -2 3 96 -83 -86 100 -8 22 41 -87 54 -89 -77 66 89 -17 -10 -1 -40 -31 -86 51 -32 23 -20 -25 -92 -74 45 51 6 -57 41 11 -27 -91 67 -23 -67 -75 -62 -44 -65 -52 26 38 -18 -3 -69 44 68 69 26 -37 65 48 88 19 10 -18 -31 -3 -33 53 -66 -9 64 -83 -96 49 -29 17 8 95 -9 55 -33 -77 -94 -57 -23 90 23 -17 69 59 80 95 53 47 -72 -49 -56 26 -39 -86 96 13 -92 57 56 -18 77 -87 -50 82 25 27 74 48 -96 -96 -23 -14 -22 -67 -17 21 -58 73 25 -38 58 4 72 90 -27 -30 96 -70 17 -53 -94 81 21 -32 4 -16 -3 -84 -92 -68 -58 5 -60 -82 -72 -45 -26 13 -77 80 -21 14 88 81 31 -62 26 -74 68 52 98 -33 -21 -74 60 -73 2 -97 100 -59 86 -10 11 10 -25 92 88 -38 -66 -93 14 18 -84 82 44 -40 55 45 28 14 -49 -84 49 -27 -98 -22 8 -95 -100 -67 29 -46 -52 -47 6 -20 -55 -74 -56 -23 62 8 36 6 -33 -61 -72 -10 -42 -31 64 -42 -94 50 -62 -11 89 57 -75 81 -71 -57 -75 64 -38 54 25 39 -73 -81 91 33 6 -38 -65 -51 -19 85 -10 67 -70 80 40 67 83 -90 50 -44 53 -79 -82 100 -89 -25 46 60 -83 22 9 56 -52 69 51 33 22 41 7 -100 -75 -51 -90 -58 70 -97 -87 -58 -70 -59 93 -48 43 24 -47 38 16 40 57 -11 55 -67 -51 90 73 46 100 -12 9 -1 -31 47 47 -66 21 40 -56 -10 39 -86 22 97 55 100 -34 89 27 -78 -48 66 43 86 -19 15 79 25 -27 -11 90 30 -81 -61 -87 85 -50 20 -82 57 -98 -40 -70 -67 -85 -59 -89 -11 -1 94 -22 65 58 -64 46 -46 -42 75 7 59 -58 70 5 -72 87 74 -31 -61 46 -59 90 84 96 38 55 -52 65 16 -68 -54 -22 -81 82 88 -5 3 82 36 67 46 -79 -91 15 19 14 24 -48 -28 -49 -15 -55 -22 -51 3 48 -91 -100 26 -49 64 61 28 -42 30 -1 96 94 -75 -99 -16 -96 -24 -91 -56 -73 -99 -70 -23 -35 -16 -57 99 -28 89 -54 -95 85 45 -45 26 46 97 -62 38 -69 -59 -81 -98 82 82 -52 94 -76 -96 ; 
37 59 11 12 59 44 82 29 34 62 37 72 11 1 2 46 7 12 88 14 77 100 58 68 95 94 52 37 22 96 67 40 21 56 59 75 54 3 16 15 32 45 64 18 38 7 59 53 47 94 14 14 65 61 11 66 86 30 43 18 55 77 95 75 53 77 2 54 74 62 92 79 13 87 37 7 43 59 69 78 25 60 55 83 64 73 28 84 60 59 92 90 71 17 79 91 11 87 98 53 49 56 2 27 8 72 10 67 52 55 67 40 43 75 89 57 63 69 33 42 58 94 49 37 9 70 52 55 89 88 91 5 5 2 44 14 74 72 23 58 22 13 39 91 44 47 90 78 23 100 22 47 12 66 96 80 68 44 74 91 55 25 11 83 89 42 46 9 89 78 83 84 59 17 46 84 3 90 5 90 50 66 38 54 60 82 40 98 21 9 36 54 39 6 32 14 71 71 11 67 30 5 73 96 42 21 68 19 9 91 75 87 100 77 3 27 8 75 73 65 93 37 47 85 68 13 55 74 78 69 100 85 23 21 91 62 41 99 74 86 8 72 73 89 61 19 81 46 52 18 18 32 38 35 74 7 100 5 88 64 9 59 99 88 68 84 94 44 79 47 96 93 41 39 88 8 90 42 81 47 7 79 52 36 84 45 68 2 6 31 55 82 3 48 84 41 95 16 69 10 18 51 1 84 35 25 61 3 98 65 3 71 24 85 81 68 66 91 76 15 81 7 74 31 13 27 64 31 68 23 15 77 6 33 9 35 70 71 16 27 90 71 90 82 5 42 26 62 46 53 75 78 37 28 39 10 74 70 77 45 20 8 65 76 52 59 13 53 100 88 53 86 93 59 79 83 27 60 93 80 80 82 35 19 36 73 25 85 87 30 94 99 8 3 99 49 6 30 9 5 78 60 4 99 61 40 96 9 21 4 15 31 38 97 56 12 59 91 22 99 66 39 51 81 95 70 55 34 10 83 69 16 19 10 43 63 36 98 86 19 14 48 27 90 96 61 34 39 19 63 74 72 79 57 15 85 19 19 19 21 36 26 30 73 31 88 74 54 48 13 26 16 86 78 69 14 61 80 94 28 70 100 3 88 24 82 78 100 6 44 36 52 79 42 71 56 66 8 44 28 76 ; 
L 18 49 -50 94 74 -56 -57 92 -13 -100 29 -100 -55 -97 -22 68 -35 -91 81 -11 -95 -15 -88 -31 64 -42 -27 -25 -82 50 87 71 -58 70 5 -72 87 -59 93 -48 23 83 68 -75 81 -59 -51 86 -48 -51 65 38 -42 -65 22 -94 -96 39 -26 56 8 -66 85 100 -97 -17 91 27 -12 -87 54 -89 -85 -21 -49 96 96 96 3 98 33 22 41 7 -100 72 90 -27 56 -26 62 16 -4 32 67 -10 -64 62 75 -30 -57 -67 -20 9 -23 95 68 -62 -86 -30 69 9 66 92 84 -18 54 2 -81 82 88 -5 -48 89 59 33 -98 52 49 -14 -28 -45 -55 40 44 75 57 56 91 -49 -15 75 7 -32 23 -20 -25 -95 -40 -21 30 -94 -81 -42 -55 -22 -51 3 48 -91 60 -89 40 1 10 17 -89 -66 77 58 68 -25 10 13 -11 -96 1 -30 58 -64 46 -46 -96 83 -84 82 -95 85 31 -56 86 -10 39 81 -14 -19 -82 26 -98 82 82 -52 45 51 22 80 27 -78 -19 -16 80 40 67 83 -90 50 -44 51 67 -55 -24 74 55 20 -6 -70 -62 38 -69 -61 -64 24 58 90 51 17 41 -81 94 53 -81 -38 69 59 -86 96 -21 94 -75 -99 -16 -96 -93 23 70 99 73 -62 -11 89 -8 57 -20 -38 -45 90 -15 91 46 -34 -99 -26 -57 99 -85 19 53 -36 -56 -9 -52 -59 22 25 -10 -11 -36 -64 3 18 -23 -82 -23 -67 57 -6 -48 -28 -41 75 -86 100 -8 22 70 12 -100 40 98 36 79 -46 -47 -73 -52 -47 -46 -47 31 -90 66 43 86 -41 -26 45 -45 24 16 38 -42 -92 52 46 1 -9 -77 6 -33 -33 -77 -94 -57 -23 90 23 -17 -96 -84 -90 59 -46 -8 -17 29 33 6 -28 -55 27 -49 84 66 38 -72 14 67 -97 -46 43 24 -47 72 82 60 -5 -21 31 -74 58 87 97 -70 62 -100 38 -14 -84 -34 -51 -69 52 -14 -22 -67 -17 21 -58 73 25 -38 -29 67 1 -85 87 54 25 39 -73 -53 44 66 -1 -83 -4 -58 14 88 -3 77 -13 26 11 -91 83 68 -86 59 3 80 31 18 -10 -19 -33 57 -100 97 -2 73 -60 40 -65 -22 -67 10 -28 89 -54 -47 -53 -95 -3 -88 -48 -65 37 -26 -69 -68 -44 54 68 -16 -65 25 89 -100 82 79 18 -11 -83 -60 -50 49 72 -70 10 -74 -59 74 92 -9 55 -61 -61 -70 74 -31 -61 67 100 79 25 -27 -20 -76 -96 ; 
15:59 46:182 40:156 36:140 32:126 18:72 10:36 29:115 30:118 36:140 14:54 23:89 4:12 8:32 18:72 4:16 30:120 29:115 3:11 20:80 58:232 23:89 10:40 2:8 4:14 24:94 44:176 19:75 18:70 37:145 16:62 7:25 66:264 4:14 9:33 2:6 6:24 6:20 28:108 10:36 9:35 4:12 18:68 17:65 19:75 11:43 18:70 8:28 12:44 44:174 15:59 34:134 12:44 9:33 12:48 3:9 21:83 7:27 2:8 2:8 9:35 31:121 29:115 5:17 4:12 15:59 14:56 35:139 9:35 11:41 19:75 38:150 21:81 33:131 41:163 27:107 10:38 40:160 8:32 15:57 44:174 33:129 28:108 27:105 37:145 18:72 34:132 36:142 6:20 14:54 29:113 8:30 34:134 19:73 15:59 40:156 33:129 30:118 28:110 40:160 15:59 8:32 8:32 9:33 16:64 27:107 39:153 26:102 28:108 24:94 39:155 5:17 11:43 43:171 14:52 19:75 20:76 16:60 17:67 4:16 34:132 28:110 8:30 18:68 4:12 36:144 2:8 9:35 32:128 40:160 28:110 32:124 30:118 22:88 25:99 18:68 17:65 26:100 6:20 20:80 25:97 11:43 25:97 21:81 31:123 38:152 30:120 14:56 28:112 12:44 8:28 17:65 26:104 2:4 43:169 16:62 8:30 26:100 30:118 29:115 16:64 27:105 12:44 35:137 27:105 5:17 25:97 26:104 6:22 22:84 20:80 36:140 14:54 12:46 30:116 43:171 11:41 15:57 4:14 2:8 32:124 24:96 1:3 17:67 16:62 23:91 26:102 2:4 37:147 21:81 5:17 31:123 30:118 6:22 11:43 6:22 4:12 10:38 9:33 29:113 23:89 27:105 0:0 22:86 43:171 51:201 14:52 24:94 5:17 20:80 32:124 2:4 20:76 34:134 17:65 38:152 7:25 20:76 14:56 11:43 10:38 27:107 19:73 33:129 8:30 25:99 10:38 18:70 15:57 40:160 8:30 12:48 6:22 3:11 33:129 33:129 14:56 15:59 34:134 34:132 31:121 5:17 36:142 15:59 3:11 18:70 11:41 10:38 30:116 13:49 36:140 30:118 16:62 41:163 32:124 35:137 7:25 4:16 34:134 38:150 38:150 5:19 23:91 8:32 36:144 10:36 17:67 35:137 26:102 33:129 21:83 54:212 22:86 32:128 32:124 1:3 36:142 3:11 3:11 26:104 36:142 38:152 4:12 21:81 2:4 31:123 11:41 34:132 10:40 30:116 24:96 17:67 24:96 18:68 45:177 25:99 4:14 36:144 64:252 8:32 18:72 8:28 16:60 3:11 25:99 16:60 17:67 18:72 34:136 11:43 18:72 15:57 27:107 24:94 43:171 36:142 19:73 40:156 22:84 20:76 32:124 40:160 36:140 18:68 2:4 33:131 10:38 20:78 39:155 14:54 38:152 27:107 12:46 25:97 12:48 25:99 18:72 13:49 30:118 10:40 23:91 26:100 28:110 14:52 17:67 24:92 38:150 24:94 9:35 37:145 24:94 5:19 25:99 27:107 22:88 36:144 21:83 11:43 10:36 38:152 9:33 10:36 4:16 30:116 44:176 16:60 26:104 5:19 40:160 14:56 31:123 3:9 10:40 24:96 22:86 16:60 14:56 22:88 29:113 15:57 11:43 6:20 13:49 29:113 5:19 4:14 13:51 6:22 31:123 14:52 10:38 29:113 8:32 5:19 27:105 39:153 32:128 28:108 18:70 30:118 37:145 34:132 38:150 38:152 11:43 33:131 33:129 36:144 17:67 33:129 12:44 35:137 11:41 35:137 17:67 25:97 10:40 18:68 16:62 11:43 7:25 9:33 40:156 18:70 17:67 3:11 5:19 42:164 30:120 4:12 8:30 31:121 40:156 35:139 5:17 19:75 34:134 24:94 4:14 8:30 28:108 9:33 19:75 8:32 28:110 7:27 13:49 9:35 12:44 28:112 39:153 22:88 21:83 19:75 38:148 32:126 7:27 29:113 36:144 37:147 24:94 24:96 6:24 28:112 38:152 33:129 14:52 34:134 1:1 21:81 8:28 12:46 21:81 34:136 24:92 31:121 3:9 36:140 19:75 20:76 26:102 14:54 10:38 31:123 25:97 30:120 29:113 31:121 13:49 20:78 16:60 39:155 8:30 35:137 45:177 24:94 32:126 35:139 2:6 12:44 31:121 ; 
L 95 -52 24 37 -65 37 20 88 81 70 -82 86 -82 -3 67 -9 -71 -61 20 30 -97 -17 -10 86 99 -99 3 33 50 86 22 51 -49 10 -41 68 99 24 -26 -22 -73 -76 -99 15 25 -17 -19 2 84 66 11 -5 -36 -97 -62 -39 -61 -76 44 25 16 81 71 -68 64 97 -89 58 50 27 1 78 -8 -79 -50 39 -27 -38 59 78 21 -21 -11 -14 -29 100 87 33 -3 30 44 -35 -48 82 10 -55 -26 -90 -24 -83 80 -90 16 41 -53 19 -38 18 -92 -10 -47 97 -69 -32 67 -54 16 34 87 -84 -3 -51 -79 46 69 -56 36 81 25 94 46 -38 41 31 -43 11 99 19 -3 63 -87 -25 23 81 -55 41 -58 29 6 -58 82 52 -66 -74 4 -32 -24 70 79 -28 35 84 -15 -68 40 34 91 -15 -33 -88 -55 -50 -47 -74 -74 72 70 90 -31 -100 -91 -51 -66 48 70 -2 36 30 3 -39 27 -17 -71 -86 -82 -65 -87 99 43 -79 -11 -33 98 -12 93 -71 76 68 -78 -80 -85 27 31 43 -91 67 82 92 20 -48 59 84 -57 83 44 53 -90 93 5 9 -44 -99 -65 -61 -50 36 -36 40 -9 77 -3 10 -62 62 -66 -28 41 -76 87 -4 89 49 -30 -35 83 34 11 -35 -52 -59 -50 97 -99 -5 82 -47 33 57 -76 46 8 58 -37 -17 -87 -87 -18 -57 -91 43 66 76 18 41 -98 16 -42 -93 25 -29 -82 -44 -21 -78 26 100 53 -73 12 -78 -92 -29 58 -66 -31 65 -79 -36 -15 -80 84 -57 -60 -34 37 38 -52 -45 -51 72 7 33 76 95 40 42 76 -63 -61 -74 34 -4 78 -8 -60 -32 4 81 -29 -17 -96 50 -87 -62 69 -97 77 5 42 -18 14 -74 54 -63 -67 38 -73 67 80 79 32 -54 -66 72 -48 -37 53 57 81 8 -86 -4 69 -88 -21 -89 -16 -73 -4 -28 -31 -86 -9 82 46 -2 14 -84 60 57 -6 -23 -27 -6 45 56 57 81 86 -43 40 52 -92 -2 80 -88 -74 -39 -55 59 71 67 -40 65 -45 43 -67 64 48 72 46 88 98 -22 -44 -71 -11 -37 17 -94 -67 24 20 18 -56 66 93 3 25 -61 -56 30 -24 -47 64 99 -22 7 78 -12 -85 -55 85 -42 -41 89 -53 43 1 90 64 26 39 6 56 -63 90 24 -25 48 -52 28 -12 48 -57 3 50 23 72 -87 -88 -84 87 95 -27 26 -79 -39 -36 -3 14 -51 -41 41 -40 -27 -58 34 57 50 ; 
49 53 45 52 34 1 17 53 49 56 59 17 66 11 53 87 98 59 1 10 54 24 80 50 70 69 17 68 8 70 20 3 26 87 29 39 32 74 53 61 21 60 15 38 75 66 50 50 69 69 67 92 90 20 11 33 2 3 54 68 11 8 73 65 88 35 60 96 83 3 19 44 90 50 69 36 2 61 59 67 35 63 37 48 86 48 70 69 23 28 27 24 10 80 99 48 22 59 50 78 6 56 62 79 51 32 42 97 82 56 72 95 45 59 5 86 40 71 71 4 53 69 92 67 20 58 1 53 32 39 19 54 2 20 72 66 11 29 52 59 99 46 54 84 38 64 35 2 78 43 55 72 65 33 99 86 48 27 38 50 35 17 70 3 17 16 60 33 30 57 38 40 8 31 53 28 68 69 47 27 34 72 93 11 73 11 97 60 1 25 90 78 82 44 92 73 94 84 68 33 88 1 48 9 92 25 82 96 53 89 2 81 24 47 11 10 69 61 7 66 100 31 14 69 27 77 47 80 92 83 64 93 87 57 38 30 87 64 6 96 27 7 53 46 48 63 63 9 74 93 68 3 53 3 25 71 69 93 89 86 42 32 55 23 41 80 65 46 77 80 40 65 35 92 54 90 93 48 39 13 34 32 70 36 14 52 63 18 39 54 23 89 14 70 75 28 48 15 20 92 64 9 87 48 18 17 5 48 43 46 7 52 78 11 40 22 24 49 93 37 69 83 43 49 94 87 100 12 78 80 66 67 80 4 80 71 38 45 37 98 79 45 71 7 59 58 75 65 82 31 76 25 51 74 93 73 12 69 20 72 68 86 82 2 35 77 82 80 94 91 19 38 81 1 38 85 98 24 58 91 71 20 13 4 89 61 52 72 16 54 100 59 35 69 91 62 42 49 49 84 26 33 39 58 10 28 28 65 90 12 16 99 46 13 43 68 76 84 21 83 92 89 77 20 6 89 16 44 1 49 12 61 63 53 79 52 55 94 79 96 27 48 91 57 51 46 15 69 35 10 17 14 20 63 39 31 49 32 52 4 63 53 61 47 21 74 43 31 55 71 35 46 63 19 72 66 73 15 54 28 95 70 93 87 39 66 16 52 3 23 15 70 84 49 4 60 18 32 99 68 25 ; 
L 95 -52 24 37 -65 -54 88 -18 79 51 -36 67 -40 66 -44 -48 -34 -48 86 -43 -81 -56 -45 45 -65 56 -18 -20 -24 19 51 -49 78 21 28 46 22 74 -100 29 14 -6 -97 50 55 -92 -2 -93 11 21 -57 -60 84 -14 -28 27 -99 -86 40 52 36 -30 -29 5 -8 -46 82 -70 -81 -21 -89 -16 33 11 -59 55 -53 67 -88 -34 -40 68 19 -11 74 -77 97 -14 78 -12 -87 68 22 -99 -64 47 -48 -64 67 -80 -67 46 84 50 59 52 -26 -64 -90 -1 -86 35 99 -3 41 42 -63 90 -91 -31 65 -79 86 -8 -39 -61 -43 66 -58 -87 56 50 6 -21 -78 -59 38 25 -24 -90 34 60 57 -84 80 15 -84 -35 44 82 29 -17 -10 -37 -27 -15 -36 2 -39 -3 -30 -72 66 54 37 -25 93 42 -16 -33 47 -82 87 -84 -3 -8 -60 -32 4 -76 62 -66 82 -50 39 -27 -81 18 38 -86 -50 44 41 31 -43 52 -48 56 -97 -46 78 -78 4 -34 -99 15 25 -17 -24 72 -80 -85 -49 -89 4 57 -76 86 -20 97 -30 -20 61 71 9 -67 -99 3 33 -84 -2 -8 -79 73 -38 67 63 -64 61 63 -76 -42 -40 -95 -76 -33 -7 -72 51 45 52 -38 -37 88 98 -22 -44 -71 -62 -41 -26 27 -95 -87 84 88 -9 2 -15 -33 -88 -55 -50 -47 51 91 100 31 29 6 -58 -4 -36 40 -9 -7 -10 3 50 61 65 99 -71 -3 -71 41 -40 -79 -69 16 41 -73 -53 57 43 -16 -69 9 61 -37 17 -94 82 52 -66 -74 63 -3 57 -25 -4 -5 -58 -76 -38 -99 32 -78 -82 -81 -24 -99 -81 -89 58 -23 25 -27 85 -51 -41 79 -43 -71 -86 -82 -65 81 -58 -73 -4 -28 -31 -25 -3 -93 -35 -30 17 72 29 92 -14 80 -42 -5 -6 43 -70 -48 66 -67 91 -43 -31 -27 47 10 92 -18 19 3 -33 -85 -76 44 25 41 -76 98 -89 -87 -11 -26 -22 36 39 -1 -82 58 -41 55 -81 -68 -55 -26 -90 -24 -83 80 -90 -32 -70 -72 74 -100 -26 10 -41 -10 -53 -79 57 -87 -96 50 -39 27 -23 -18 -57 -53 -44 -83 11 17 -36 -97 -62 -37 -17 -11 -66 -62 48 -20 -71 76 68 -69 -36 -77 46 69 -56 66 67 -54 16 34 -87 -59 90 -3 23 87 87 98 -93 12 -92 -82 -74 53 -73 70 -32 -24 48 94 -79 -30 -35 83 34 57 97 -99 -5 -91 -88 28 -12 12 -78 -87 39 74 57 50 ; 
20:78 22:84 18:72 21:83 14:54 26:104 8:30 2:4 8:28 37:147 33:129 25:99 19:73 9:35 21:83 4:16 6:24 33:131 41:163 27:107 20:78 38:152 25:99 31:123 18:68 18:68 32:126 22:84 26:100 18:70 13:51 11:41 39:155 28:112 3:11 7:25 26:100 20:80 16:64 20:76 35:137 10:38 14:54 39:153 7:25 17:65 24:92 26:100 23:91 15:59 6:20 22:86 7:25 29:115 14:52 23:91 30:120 35:139 11:41 14:52 5:17 24:94 14:54 60:240 22:86 16:64 14:56 24:94 23:89 31:121 34:136 40:156 8:30 1:1 12:46 5:19 15:57 20:78 15:59 9:33 7:25 7:27 16:62 14:54 35:137 32:126 30:120 23:91 52:206 4:16 6:20 39:153 30:118 6:24 19:73 21:81 44:176 9:33 34:134 28:112 8:32 19:75 26:100 3:9 17:67 35:137 44:172 22:84 26:100 2:6 26:102 36:144 9:33 14:54 10:40 16:62 36:140 30:120 9:33 2:6 7:27 2:8 14:56 8:30 10:40 1:3 10:40 11:43 20:76 35:137 50:200 30:120 13:51 60:240 14:56 27:107 24:94 31:123 22:88 13:49 26:100 5:17 32:124 21:83 3:11 19:73 28:108 7:27 17:67 36:142 10:36 10:36 32:128 10:40 38:148 6:24 8:28 39:155 14:54 4:12 1:1 20:76 1:3 33:131 15:59 13:51 16:62 8:28 26:100 20:78 26:104 32:128 22:84 2:6 22:84 14:52 32:128 29:113 16:60 6:24 6:24 20:76 29:115 28:112 15:57 1:3 13:49 40:160 6:22 5:17 28:112 10:40 18:68 8:32 29:115 38:148 14:56 30:120 32:126 44:176 29:113 11:41 32:128 27:107 7:27 16:60 30:120 27:105 19:73 12:48 44:176 1:3 14:52 2:4 28:108 30:116 31:123 25:99 35:137 16:64 22:86 4:16 1:1 24:94 40:156 35:139 27:105 7:27 28:108 22:84 28:110 38:152 20:80 44:176 5:19 30:116 38:148 4:16 41:163 32:124 5:19 40:160 35:139 38:150 20:78 18:68 34:132 28:110 15:59 38:148 20:78 10:38 9:35 18:68 31:123 8:32 3:9 36:142 6:22 14:52 12:46 27:105 16:62 35:139 38:148 28:112 13:49 6:22 26:100 12:48 23:91 16:60 16:64 4:12 37:145 29:115 14:54 11:43 15:59 32:124 18:68 20:80 8:30 26:102 3:9 46:180 27:107 3:11 16:62 16:60 23:91 35:139 37:147 18:72 26:102 31:121 2:6 11:43 38:152 13:49 32:126 28:112 27:107 3:11 9:33 4:16 6:20 16:64 19:73 16:60 1:1 20:78 3:9 29:115 26:104 14:52 24:96 29:115 27:105 24:96 28:110 46:184 18:70 17:67 11:43 21:81 23:89 6:24 6:22 29:115 13:51 30:118 20:76 32:124 39:153 18:68 22:86 13:49 3:11 19:73 34:134 20:76 14:52 40:160 18:70 37:147 30:116 25:97 18:72 31:123 24:92 37:145 29:113 31:121 32:126 38:150 11:43 11:43 22:86 26:100 12:46 4:14 42:168 13:49 23:89 33:131 20:78 33:131 8:28 30:116 5:17 17:67 4:16 5:17 19:75 10:38 57:227 29:115 23:89 33:131 30:120 17:67 10:36 30:116 2:6 22:86 28:108 15:57 4:14 10:38 8:32 14:52 4:14 22:84 25:97 12:44 2:4 25:99 44:172 4:14 14:56 26:102 16:60 25:97 22:88 9:35 24:94 20:80 32:124 3:9 23:89 36:144 16:62 28:108 12:44 8:28 12:44 26:104 12:46 13:51 40:158 7:25 40:160 51:203 10:36 18:72 7:27 36:144 28:110 18:70 20:76 26:104 31:123 11:43 43:169 85:339 16:60 8:32 5:17 36:142 37:147 34:136 27:107 19:73 48:192 27:105 10:36 33:131 39:153 5:19 60:238 8:28 6:22 8:32 24:92 4:16 5:19 35:137 16:64 29:113 51:203 6:24 27:105 6:22 7:25 37:145 36:144 20:76 1:1 37:147 7:27 25:97 24:96 34:132 6:24 16:60 12:44 20:76 6:22 21:81 22:84 26:102 2:4 10:40 29:113 13:51 16:64 22:88 10:36 14:56 20:80 10:40 26:100 6:22 37:147 23:91 21:81 26:104 19:75 28:108 10:40 ; 
L 98 54 31 -85 -71 26 -62 -11 -3 -75 -82 43 -58 32 -27 -91 -64 92 56 -49 -95 32 29 -6 14 -37 44 -58 -38 56 24 -69 -8 -23 39 -29 12 -43 -22 -80 -57 46 86 20 70 -30 72 -21 12 59 -81 -76 -2 95 63 70 32 38 8 83 68 -17 96 18 -14 57 67 -70 56 47 -33 -53 91 -44 83 -19 46 -66 55 84 -41 84 -20 -87 12 -6 57 15 -79 60 -65 -84 14 79 -64 -85 -60 50 -56 -60 -64 -48 -18 39 97 -79 37 -37 75 -46 -45 29 70 60 -66 -79 -92 -47 4 17 80 -56 20 -66 43 -97 52 89 -13 73 17 65 94 -99 25 -45 -85 84 -74 54 62 -61 78 85 -49 84 -46 98 53 97 -67 -60 -33 50 93 -43 -64 5 98 97 -47 61 -84 69 61 2 55 -19 54 49 93 -48 15 21 -3 74 87 98 -22 62 -89 77 89 -95 27 26 57 -35 -77 -11 -89 79 -18 64 -22 -10 83 77 55 -94 -56 11 49 52 45 63 -61 -76 -80 49 -79 -26 -9 -1 -9 -56 88 -100 89 9 33 -85 -34 -14 74 -62 -1 41 -45 -60 85 -81 -68 -77 -84 -3 -31 22 43 -77 95 64 69 21 -65 92 12 -28 -93 -7 37 -60 2 -100 10 82 -91 -14 -16 72 -64 25 -96 -97 -73 -94 -74 12 -53 38 89 -74 20 55 36 -78 -57 53 -100 -82 77 31 4 -48 -6 -48 71 -99 50 -23 -67 -80 96 92 -22 -7 85 7 89 -55 -75 30 4 54 -93 81 35 -82 28 51 -4 -49 49 30 -17 -96 5 7 -98 19 -84 20 -39 49 6 26 -50 82 -4 -94 30 60 3 55 -32 56 19 -53 -17 59 -27 -58 -60 -77 63 -30 97 -17 83 -100 41 -33 1 46 -66 -100 95 58 23 -50 16 -59 81 3 47 -31 100 43 19 -62 4 53 18 69 14 81 72 81 23 85 -47 -59 -98 9 -26 -58 37 63 -51 -9 -1 17 -65 87 -73 42 90 -72 -87 78 70 -59 66 84 91 -58 6 88 -89 90 17 -18 -17 40 -40 73 -67 -42 -41 -69 83 28 -51 -45 31 68 5 83 63 98 13 39 -79 -72 4 47 60 -57 22 -89 -82 58 -80 87 93 -4 48 10 -74 94 -40 -89 85 78 -81 -20 -72 14 59 16 51 45 87 51 32 -2 -57 38 -93 -7 21 43 -40 -22 -26 3 -89 -60 90 -61 11 -51 -95 38 70 -52 61 20 -47 -28 -62 9 98 -49 -30 -22 24 -69 -55 60 ; 
35 57 55 14 8 46 26 88 51 77 87 5 74 68 36 36 11 61 79 24 82 54 91 86 26 21 33 54 89 48 22 13 97 48 87 84 72 98 16 64 19 32 52 43 27 40 31 1 23 29 83 81 26 82 68 84 56 30 17 45 79 79 17 100 87 71 15 43 25 53 35 65 37 22 50 34 72 95 9 76 2 16 40 58 50 31 10 64 83 35 70 86 95 41 5 76 70 80 24 90 69 41 78 53 34 78 42 84 62 56 91 25 27 70 54 29 21 4 84 74 31 42 39 49 50 17 32 31 47 1 74 76 80 60 55 46 27 76 1 52 56 72 3 47 39 62 99 59 19 33 74 1 57 53 97 18 28 93 58 98 57 82 3 92 31 13 79 59 19 84 68 52 30 93 33 47 46 63 23 83 29 91 67 18 58 72 85 92 77 4 4 11 47 79 76 60 35 78 41 97 12 80 72 21 88 83 84 42 70 15 10 9 61 52 52 31 73 2 62 49 44 88 71 94 84 30 80 14 37 5 78 43 11 65 59 100 85 59 46 36 65 52 71 23 64 43 59 51 87 93 77 73 37 69 71 1 43 66 47 16 73 61 46 84 41 49 60 79 38 13 52 78 98 2 16 13 65 43 80 8 78 80 88 30 54 73 44 48 62 38 96 18 48 21 16 7 76 78 47 9 35 76 23 29 98 78 60 35 65 21 27 40 93 5 99 15 85 58 82 45 90 19 86 39 57 47 47 28 56 47 23 23 70 62 87 3 84 48 29 50 46 1 49 88 21 32 68 50 25 11 19 38 53 10 32 98 39 39 67 82 50 96 10 25 99 93 98 86 81 66 76 22 13 8 69 59 87 60 28 43 83 100 83 54 12 91 47 58 12 89 17 87 63 92 65 10 94 8 45 1 14 68 92 41 23 69 54 51 41 47 50 78 55 64 21 2 41 70 16 16 40 74 5 64 61 22 31 39 15 99 88 20 84 35 92 86 83 58 55 6 69 4 24 63 24 77 88 94 54 8 26 39 78 15 39 89 75 98 99 67 84 68 34 70 28 79 73 68 12 63 91 44 14 66 32 81 88 13 73 78 64 53 3 82 68 44 67 62 38 62 55 61 82 66 45 9 94 24 71 13 72 ; 
L 98 -17 -4 -74 14 34 84 -41 84 -70 56 97 -67 -30 -21 -46 -45 -62 -4 -49 -85 6 -80 37 -14 6 84 49 4 30 -17 71 -18 39 -59 -14 72 20 81 -78 -85 -52 -77 8 43 -97 51 58 -47 85 -11 28 -38 -32 -70 -3 26 72 95 76 -31 -65 81 -19 -56 -47 -92 44 66 53 18 69 -35 70 -39 23 8 69 -24 -56 -12 -75 46 -80 54 35 -57 -26 -7 -5 57 -60 -47 -23 -86 95 73 90 -57 6 38 -84 49 -85 -48 -6 -48 -97 16 26 79 -33 1 12 68 -17 96 18 -14 57 61 20 -27 18 87 64 60 56 -50 60 85 64 90 -61 82 -49 -80 49 84 91 -58 28 47 -89 88 56 12 9 -87 74 -10 -48 4 -93 -87 -79 -14 20 -39 -19 98 89 88 -100 89 9 -9 -1 17 30 -63 46 -66 67 -50 -95 55 74 -84 85 -64 5 98 97 -47 61 -84 69 60 4 2 77 31 4 -29 -32 -53 -50 -70 -29 -42 -100 10 -79 60 -60 85 -81 11 7 89 -55 33 -66 59 62 -89 77 89 10 22 -64 60 -31 100 43 19 24 -69 32 -62 46 58 -100 -20 85 19 48 -91 -64 92 56 -4 -94 30 60 3 55 -32 -66 -79 -29 12 -43 72 30 53 -2 -83 69 41 -63 -37 -39 -94 78 -53 -17 59 -27 -58 -60 -77 3 70 -52 81 -59 -83 -80 96 -59 81 57 -20 66 98 53 47 -33 76 67 -65 87 -73 -22 31 -83 -5 -68 -31 45 51 6 -99 -84 -91 -14 -16 22 40 -2 -57 38 74 45 -25 99 -94 14 -79 -72 37 -93 -49 96 -22 -7 22 -79 -51 -9 -55 65 22 30 -89 89 -13 73 17 65 63 -61 44 -91 -70 -20 83 -43 45 -41 9 -78 -54 19 -1 -9 -38 49 -92 95 51 -11 50 -26 48 55 67 82 -45 -52 79 -96 22 -89 -82 58 45 87 51 32 -62 -54 36 -78 -57 93 -43 -89 -38 -18 83 77 -3 74 87 98 -21 -69 -64 -95 77 -43 42 46 -4 -54 60 -37 56 94 -55 74 94 73 -100 -82 -56 -71 26 -62 -11 -3 -75 -82 43 -58 17 53 15 82 -3 63 98 -95 -89 -60 93 26 7 93 20 28 -49 -84 -16 63 -61 17 -97 80 22 98 -27 -37 75 -62 40 -13 -17 40 -40 58 23 50 -1 81 72 81 23 85 -47 -59 -98 -28 -93 -7 -68 -77 -97 51 -49 -2 -61 -33 -100 21 92 -25 64 -41 90 -72 83 15 -12 -21 -55 60 ; 
14:56 30:116 30:118 18:72 34:134 38:150 52:206 1:3 7:25 7:25 10:40 12:44 30:118 9:35 1:3 38:150 37:145 11:41 22:84 26:102 6:20 16:60 8:32 19:73 9:33 11:41 7:27 58:230 16:64 1:3 40:158 34:136 23:91 22:84 18:72 40:158 40:156 30:120 36:142 16:62 6:24 39:155 19:75 7:27 23:89 7:27 47:185 21:83 28:110 33:129 37:147 12:44 4:14 12:48 23:89 38:148 33:129 4:14 25:97 10:38 45:179 18:68 10:40 20:80 34:134 14:52 44:176 24:92 8:32 7:25 6:20 4:12 44:174 5:19 30:116 35:139 20:76 39:155 6:20 9:35 12:44 24:96 54:214 26:102 6:24 15:57 37:147 34:136 14:56 24:92 32:128 24:92 34:132 30:116 12:48 10:36 8:32 5:19 20:78 4:16 21:81 34:136 25:99 16:62 9:35 22:86 30:116 17:65 23:89 11:43 4:14 6:20 22:84 20:76 12:46 32:126 7:27 40:160 35:139 29:113 24:94 25:99 25:97 33:129 12:44 4:16 28:110 36:144 10:38 32:128 28:112 31:121 6:22 32:124 20:80 30:118 52:204 6:24 5:17 10:36 28:110 28:112 25:99 22:84 43:171 7:25 4:16 31:121 35:137 2:8 22:86 38:150 36:140 31:123 10:38 24:92 17:65 35:139 35:137 45:177 18:72 53:209 40:156 1:3 25:99 20:78 23:89 7:27 35:139 22:86 13:51 14:54 40:158 8:28 29:113 19:75 1:3 21:81 1:1 31:121 19:73 38:148 24:92 40:156 23:91 33:131 2:4 37:147 10:40 1:3 26:100 29:115 32:128 36:140 26:100 37:145 26:104 35:139 10:36 11:43 14:56 9:35 29:113 30:120 14:56 8:28 32:124 18:68 17:65 55:219 19:75 4:14 9:35 27:105 37:147 23:91 12:46 37:145 27:107 16:64 24:96 31:121 34:136 32:126 40:156 35:137 33:129 18:72 10:38 13:51 12:48 23:91 42:164 53:211 8:28 2:8 7:27 13:49 10:40 5:17 25:97 32:126 3:9 19:75 10:36 10:36 28:112 25:99 35:139 16:60 12:46 32:126 29:115 40:156 14:54 20:76 3:11 33:129 35:137 16:64 7:25 9:35 24:92 33:131 7:27 2:6 24:96 12:46 20:80 19:73 1:1 20:78 36:140 15:57 23:91 18:70 13:51 34:132 32:126 16:62 20:76 4:12 4:16 4:12 25:99 5:19 40:156 8:30 24:92 14:56 4:16 29:115 21:81 37:147 26:104 20:76 24:94 35:137 16:62 13:49 9:35 25:97 26:102 20:80 31:123 13:49 24:96 27:105 19:75 16:62 27:105 30:120 30:116 28:108 36:142 30:120 19:73 22:88 24:96 35:139 24:94 14:56 30:120 16:62 28:108 38:150 20:78 3:11 45:177 10:38 4:16 48:188 40:160 17:65 48:188 4:14 20:78 5:19 19:75 1:1 30:118 31:121 11:43 34:134 10:36 9:35 28:112 11:43 14:56 20:80 13:51 15:59 10:38 35:137 16:62 8:30 5:17 21:83 32:128 15:59 10:40 22:86 2:4 22:84 17:67 19:75 16:62 35:137 16:64 12:46 18:70 36:140 7:25 5:17 24:96 3:9 28:110 2:6 7:27 14:54 28:112 12:44 29:115 23:89 7:27 6:20 26:104 22:84 8:28 5:19 21:83 9:33 20:78 32:124 9:35 19:75 19:73 26:100 34:134 10:36 29:113 21:83 26:104 15:57 4:12 14:52 16:60 40:156 2:4 30:116 48:192 5:19 39:155 34:136 24:96 20:78 29:113 4:12 17:65 17:67 19:73 11:41 36:140 21:81 31:123 35:139 2:8 30:118 28:112 28:112 14:54 4:14 34:132 6:22 40:158 12:46 33:131 6:20 38:150 26:100 4:12 26:100 9:33 28:112 5:19 8:28 41:163 29:113 16:64 34:132 20:80 20:80 26:102 14:56 24:96 44:172 25:99 10:38 26:104 12:46 32:124 26:102 9:33 9:33 27:107 39:155 32:124 18:68 35:139 24:96 12:44 18:68 34:132 40:160 34:132 12:46 35:139 38:148 3:11 26:104 24:92 22:84 12:48 30:116 6:20 26:100 3:11 6:24 9:35 6:20 25:97 4:14 20:80 4:12 10:38 14:52 43:171 19:73 37:147 6:20 29:115 ; 
L 47 -89 -20 -69 57 -58 -21 23 -97 48 3 -24 82 81 -9 -50 82 51 -90 53 91 -23 -76 90 -10 6 1 37 32 95 43 -28 -26 -60 51 -6 -79 -40 -17 -33 70 -54 39 63 -87 -67 96 72 -75 -98 83 -96 -95 83 -25 -67 30 -33 86 70 93 -76 88 17 -18 61 6 51 50 -49 13 5 51 -83 50 83 -97 -20 8 -26 72 43 -34 23 -57 -12 -80 2 59 -92 55 87 27 -35 -100 58 -85 2 -74 71 -2 24 -16 -33 83 -99 31 16 21 -55 -15 22 28 -46 -44 -93 19 11 5 50 -59 -52 -83 74 -99 -74 -15 -69 -50 68 43 -55 -82 91 -12 -78 70 -23 -92 21 -36 10 2 3 97 -90 -72 -59 -47 -57 34 82 -22 2 16 52 -20 -21 -71 66 66 48 -53 -53 -52 84 -45 -3 57 25 -84 5 88 9 -26 43 -68 -29 -64 -23 77 -86 -27 -31 -14 98 -76 -13 78 4 16 -99 7 76 46 74 -49 -2 -11 -28 -33 -1 -5 -36 58 -46 -71 40 37 65 79 -52 32 -71 75 -17 52 24 -32 -94 66 -71 63 -54 -57 6 19 -18 -1 -22 70 49 -3 -36 32 8 58 -59 20 -93 -16 -28 -27 -8 96 34 -54 -85 82 -43 1 21 70 -9 -77 -15 17 81 -47 -82 75 -41 56 27 -23 2 -87 97 79 49 -21 26 -81 70 -5 -43 46 -80 -13 56 -45 75 5 -66 -57 61 -49 34 91 29 86 -77 -1 69 5 88 -78 58 -43 -75 98 94 -23 -71 -89 61 2 -39 22 56 -30 -24 -37 -92 58 -50 -55 -8 2 54 -15 29 -25 73 60 35 76 9 46 -63 5 -73 -18 18 8 -2 30 48 2 -42 -90 60 -46 -41 48 -48 -80 -19 -23 21 43 20 79 -93 -1 50 81 -78 71 -62 62 98 -39 78 -84 84 50 -80 -68 -37 -40 49 25 48 84 32 -32 -7 -59 96 40 -65 2 86 22 24 7 31 88 64 -17 -82 25 59 -34 -16 62 -6 32 73 38 -99 52 -75 47 -30 -67 -96 -91 71 68 4 -97 -58 24 -1 -10 -36 77 -37 -37 -77 18 -79 -1 91 93 90 25 49 -45 48 -38 57 15 -18 20 -72 33 -2 13 -29 -22 -11 -51 78 -89 90 38 -43 -45 68 -17 35 11 95 -44 -23 -72 -18 54 -28 98 43 -53 89 -75 -12 23 88 -63 -34 57 47 43 77 34 -52 33 -63 59 18 9 10 43 -96 25 15 -10 -96 -58 29 -91 -64 -43 -30 -22 -61 93 -9 ; 
70 71 36 68 87 2 5 55 61 95 93 25 20 17 78 36 91 62 13 95 59 58 36 63 36 88 47 24 6 45 78 3 39 22 75 70 49 81 40 63 25 55 61 67 80 71 70 8 28 47 12 3 87 98 2 55 63 80 15 5 4 12 92 90 5 21 91 49 19 11 79 76 47 31 35 4 65 57 33 59 81 79 81 95 6 47 31 9 10 83 64 37 47 25 90 84 38 13 84 70 31 25 13 47 49 20 81 1 56 93 88 67 92 72 90 46 87 96 94 34 45 51 96 27 91 73 72 3 59 34 73 1 90 53 63 63 74 64 55 8 91 92 32 68 31 28 58 37 65 57 80 90 62 24 35 9 22 71 52 12 20 79 83 93 13 6 35 81 19 19 78 27 11 55 15 35 48 27 45 84 24 39 65 38 9 51 62 39 5 93 11 82 58 100 18 45 71 77 96 40 67 5 18 27 85 50 49 59 49 65 89 36 55 1 19 42 15 43 74 80 39 42 86 41 15 74 51 19 63 65 15 38 44 76 4 97 58 29 13 42 50 12 52 46 13 76 77 98 93 55 67 24 92 12 84 57 72 16 3 24 79 22 71 57 30 19 42 51 59 37 77 37 61 73 17 96 60 14 10 1 41 72 22 30 67 77 93 33 39 6 83 9 72 75 72 89 16 1 13 69 100 76 94 65 22 12 23 69 38 26 53 80 43 55 59 37 60 47 89 30 12 6 54 51 82 55 40 38 82 40 23 54 10 9 90 16 32 73 28 15 41 29 59 81 58 36 24 40 32 67 94 78 44 78 82 89 90 43 54 83 78 50 96 76 45 31 98 14 37 61 87 76 51 36 66 68 18 50 14 56 78 48 31 39 13 89 72 32 11 23 2 21 68 61 26 89 4 47 70 99 23 69 81 59 9 13 57 94 6 63 32 58 86 73 73 1 84 45 52 67 5 42 58 15 30 32 46 14 86 96 92 61 64 65 47 99 45 75 24 9 89 92 36 82 77 65 7 82 89 13 92 65 48 6 40 85 16 73 33 16 19 91 95 95 48 87 85 61 70 1 7 19 50 42 20 11 15 32 74 22 80 93 81 31 9 35 12 21 11 17 87 44 68 97 52 32 63 2 61 16 8 ; 
L 47 -89 -20 29 -25 73 20 97 20 -83 -43 -72 26 -2 22 -82 -20 53 21 -39 78 -84 -78 51 -2 23 -48 -80 -19 -23 -60 38 -48 -37 -37 -77 18 -79 -1 91 93 90 90 -9 -77 19 34 91 -96 36 -32 -94 66 43 -32 84 71 79 -72 -90 76 21 -36 10 2 3 97 -57 -49 80 -7 -24 -43 1 21 70 42 47 -71 79 -95 -32 -37 -1 82 -59 -27 -31 -14 59 -92 -11 -35 -89 -66 -57 61 61 3 45 -84 47 79 6 -51 -18 18 30 -33 90 98 59 -55 -82 -52 -52 32 -71 -25 27 -48 41 46 -2 -1 69 5 88 -43 -75 -35 -60 8 -100 58 -85 2 -74 -23 -18 77 -86 -29 72 -87 1 21 43 43 26 52 24 -86 -6 40 -94 -98 -2 65 -79 33 16 -24 2 -34 82 -22 68 4 -97 -58 33 -12 -80 76 9 -18 16 93 -34 44 -28 40 52 -55 -27 -58 56 51 49 -3 56 11 68 80 32 -65 -37 -40 50 -54 -98 -62 58 -57 69 15 -54 -43 -84 5 68 88 56 -30 92 -67 92 -23 77 38 -43 -45 68 -17 -55 -57 34 63 -46 31 -95 15 74 99 -74 -34 23 -57 -16 6 -48 -30 59 7 96 67 57 25 -40 -17 -33 70 -48 97 -17 15 52 53 53 -48 -66 -66 18 2 -39 -28 -15 -25 -86 -83 -50 83 85 -4 -78 13 76 -98 22 1 18 -19 78 -57 -57 -96 24 -89 -70 -37 87 -63 -63 -97 -10 32 8 -75 47 -30 -22 39 -2 82 47 -81 -23 21 62 -71 84 16 34 38 -99 37 5 50 -43 -31 -46 43 88 9 -26 75 -17 -81 -5 -36 13 -70 -54 -61 89 71 -15 12 -91 30 43 10 64 91 -29 58 96 81 -9 -50 82 51 -90 53 -77 -32 62 -5 2 -8 60 26 28 -43 -87 -54 96 -83 5 51 -96 8 -88 -23 72 23 -75 -12 -18 -49 27 -29 -64 23 -45 75 58 -50 -91 71 59 -70 1 33 49 25 48 78 -81 -50 6 86 88 17 -52 24 -8 13 83 -99 -63 59 -28 95 11 76 46 74 -49 -2 -7 99 73 -59 -25 82 17 -64 22 20 50 69 -3 58 10 96 -43 -10 -9 46 -63 5 -73 58 -34 91 -23 -41 49 -45 -77 36 16 52 -61 71 21 20 54 -11 -75 -98 70 -5 76 -93 72 90 93 44 46 -28 -22 15 55 -21 -16 -49 2 -68 -35 67 25 -83 -24 -6 33 -2 13 -29 -22 -71 -93 -1 -50 -78 -75 93 -9 ; 
28:112 29:113 15:57 16:64 22:86 21:81 25:99 23:91 32:124 50:200 11:43 32:126 33:129 20:78 10:38 25:99 47:185 22:88 17:65 30:118 31:121 18:72 11:41 26:104 31:121 8:30 11:41 10:38 16:64 13:51 16:60 22:86 26:102 18:72 2:8 17:67 24:92 6:24 12:48 13:51 19:73 6:22 31:121 5:17 34:134 23:89 37:147 16:62 2:8 20:78 20:80 32:128 16:62 13:49 4:16 2:6 17:65 64:252 17:67 16:60 26:100 9:33 37:145 37:147 13:51 28:108 13:49 15:57 50:200 4:16 14:56 29:115 42:168 27:107 10:38 37:147 17:67 22:86 13:49 11:43 20:78 18:72 3:9 10:38 8:30 6:24 16:64 16:60 4:14 17:65 34:132 35:139 16:64 3:9 15:59 27:107 31:123 21:81 3:9 33:129 14:56 31:123 28:112 20:78 28:112 30:118 4:14 20:80 32:128 9:33 37:147 36:142 16:60 36:144 15:57 16:64 22:88 1:1 50:200 24:92 16:64 24:92 33:129 23:89 12:44 30:120 29:115 36:142 77:305 28:110 12:48 22:88 22:84 9:35 34:134 16:60 6:20 34:134 25:99 34:136 17:65 4:14 34:132 4:14 10:36 34:132 13:49 38:150 35:137 18:70 19:73 18:68 12:44 16:60 41:163 42:168 31:121 7:25 13:49 38:148 24:92 19:75 6:20 10:40 9:33 11:41 16:62 30:118 24:92 35:137 30:116 45:177 20:76 13:49 4:12 16:60 38:148 21:81 20:80 7:25 12:46 10:36 33:129 26:102 33:131 10:38 12:48 14:52 13:51 22:86 41:161 22:88 8:30 39:155 15:59 30:120 42:168 26:104 20:78 7:27 26:104 28:112 20:80 10:36 1:3 35:139 14:54 5:19 6:20 14:54 11:43 27:107 5:17 16:60 22:84 9:35 35:139 32:124 42:164 10:38 10:36 6:20 37:147 26:104 20:76 20:78 9:33 20:80 21:83 13:49 26:104 25:99 7:25 29:115 30:116 37:145 33:129 38:152 3:9 7:27 30:116 16:62 30:116 12:44 6:22 12:46 38:150 26:100 8:30 29:115 16:64 26:100 10:40 47:187 38:152 23:89 29:115 4:16 6:20 38:148 34:132 32:126 8:32 6:24 6:20 2:8 32:126 40:160 9:33 8:32 29:113 2:6 14:56 32:126 34:132 38:148 2:8 16:62 25:99 32:128 26:104 26:100 8:30 23:91 36:144 9:33 20:80 32:124 39:155 35:137 44:174 16:62 32:128 8:32 48:188 21:83 18:70 39:155 8:32 4:14 6:20 4:16 16:60 28:110 14:56 10:38 2:4 9:33 22:88 24:96 34:132 26:100 2:4 36:142 9:35 28:110 42:166 24:92 14:54 4:12 30:116 5:17 24:96 14:56 22:88 6:24 19:73 17:67 12:48 13:49 11:43 22:84 16:60 16:60 13:49 5:19 9:35 32:126 8:32 26:100 22:86 13:51 17:67 10:38 39:155 28:108 18:70 35:139 13:51 32:124 15:57 37:145 25:99 6:20 38:152 28:110 8:30 28:110 18:68 20:78 7:25 37:145 9:35 16:62 2:4 37:145 6:22 13:49 2:4 4:16 19:75 38:152 6:20 17:67 1:1 9:35 14:52 25:99 25:97 26:102 20:76 9:35 6:20 18:72 15:57 24:94 29:115 3:11 15:59 19:73 26:100 22:88 8:32 24:96 2:8 25:99 21:81 15:57 23:91 18:68 36:144 24:92 30:116 12:46 36:144 21:81 15:57 13:49 27:105 29:113 8:32 4:16 32:128 22:86 36:144 14:52 54:212 8:28 18:72 29:113 31:123 26:100 24:92 27:105 11:43 25:97 28:108 9:33 1:3 4:16 30:120 30:116 24:94 16:62 28:110 7:25 5:17 14:56 4:14 13:49 15:59 16:64 10:36 22:86 1:3 8:28 2:8 24:92 14:54 13:49 37:147 34:132 21:83 2:8 4:14 6:24 8:28 21:83 29:113 21:81 60:236 20:76 19:75 21:83 14:52 10:38 5:19 2:8 24:92 23:89 19:73 36:144 29:115 37:147 27:107 36:140 38:148 23:89 6:22 41:163 26:104 16:62 30:120 22:88 1:3 29:113 20:76 39:153 4:14 36:142 37:147 15:57 9:33 12:48 33:131 16:64 16:64 6:22 20:76 7:25 4:12 ; 
L 52 -45 -28 -44 -42 88 34 75 76 -25 -82 -40 83 29 94 85 21 6 13 -3 24 1 -40 100 -12 -27 8 -21 -12 -72 -72 -64 -24 -99 49 -35 -39 -54 57 -52 47 -50 -48 -4 68 68 40 -23 -56 -25 14 11 -70 90 58 -91 4 95 -2 -84 16 42 89 66 43 54 65 9 -75 96 -94 -71 -86 82 -29 -65 37 61 -72 -87 -78 -76 -29 73 -13 -26 -90 -5 77 92 98 31 -22 95 -34 7 35 46 -57 -55 77 24 33 -13 54 9 -94 61 -2 -92 77 -57 -82 -78 85 -28 -41 -6 35 -4 -75 -27 77 100 76 -35 64 86 95 32 -7 40 77 -45 -66 15 -18 47 -48 27 -29 -18 59 68 69 -79 89 -89 54 -74 -29 23 -35 27 78 -88 47 11 -11 -63 12 -96 -10 6 -18 96 94 87 90 -65 -20 32 95 -43 86 -81 57 -79 43 18 -88 -45 43 25 4 14 85 -90 58 -71 -97 -75 81 -75 18 55 -89 -61 33 71 12 99 98 49 66 25 -62 89 -34 -4 21 -31 38 -25 -30 -9 -17 70 19 7 88 -56 -100 -67 34 -31 74 -5 34 -87 -13 -24 31 -39 -100 58 75 27 91 -6 -36 26 -52 -5 -10 28 -57 -73 60 75 -25 -69 43 -62 85 -89 -51 36 67 -31 -1 -46 85 94 11 -11 -12 55 -74 -29 54 -26 18 -12 41 -25 -58 45 -28 38 -37 26 -16 -64 -58 44 33 -15 2 -14 1 12 24 -11 -17 -67 98 -40 -65 -39 -22 28 65 -13 52 72 81 -62 -5 -56 36 -79 -45 52 94 54 -91 17 -35 83 6 37 -96 -82 45 77 -57 -67 78 -88 -99 70 22 -82 77 -28 -17 55 -27 89 -45 -21 -2 47 -65 -91 -96 -29 31 -86 -67 69 50 -55 -96 18 48 -83 -88 62 -88 95 -30 88 46 71 95 -43 62 60 -81 74 -68 34 76 18 -88 78 -20 85 -49 87 29 43 65 70 11 40 31 65 56 -76 -69 -46 -96 -57 -88 -19 -33 54 -60 29 78 45 -4 -74 44 50 76 -90 13 36 82 16 28 -43 -64 -12 -22 63 85 -58 71 41 74 -58 -12 -14 -13 -18 -71 27 74 -38 -29 -14 -43 9 -12 41 -20 -33 77 96 69 -91 -69 -49 -30 31 -18 -66 -58 -31 63 -28 -43 31 -29 -23 -62 -12 88 67 95 -5 -35 -98 -49 -76 23 61 -15 37 -53 18 85 26 -14 63 -17 82 16 50 -15 85 80 -96 81 6 37 73 -6 -39 -27 15 -94 30 -1 -37 ; 
94 59 76 17 15 12 41 53 92 78 73 61 50 71 45 63 57 16 76 26 21 97 32 36 8 39 17 92 22 15 90 33 1 46 40 95 1 63 20 25 33 83 95 45 63 24 83 62 50 38 57 80 1 59 7 89 92 69 19 68 23 94 62 17 95 53 83 58 81 6 69 68 34 47 89 4 80 12 39 30 19 94 45 72 36 41 8 36 3 86 72 24 92 95 69 77 21 90 62 43 66 14 93 50 22 78 60 52 91 23 28 24 73 100 40 36 73 47 45 62 76 26 93 39 82 83 35 81 64 33 65 52 17 81 66 68 28 62 23 82 71 99 12 12 59 54 17 43 87 33 69 95 21 100 56 84 96 82 90 13 100 10 81 36 5 91 61 59 22 43 40 70 68 80 77 61 65 81 20 45 51 44 82 62 41 76 69 58 77 10 18 50 37 75 68 97 78 66 98 78 15 84 14 70 75 30 61 91 75 5 78 35 53 34 95 36 24 60 38 10 42 96 47 9 78 38 9 8 42 86 59 89 100 29 10 61 54 45 74 59 46 60 79 60 2 17 86 64 13 15 88 88 89 79 40 89 79 43 10 81 67 28 64 3 47 74 81 58 83 5 81 73 71 26 21 59 77 64 73 59 82 44 19 9 21 87 45 62 31 72 23 5 51 36 96 43 21 10 57 2 91 68 82 95 27 90 91 9 89 63 24 35 69 25 14 79 29 57 33 19 91 73 75 53 30 63 41 2 82 39 90 50 28 14 42 56 60 26 60 33 78 77 70 43 24 24 90 86 51 11 34 13 53 23 26 83 71 53 92 68 65 32 29 30 31 68 39 13 100 6 31 93 75 95 72 74 3 3 37 6 67 96 14 49 68 98 43 5 14 81 32 84 27 49 39 40 47 47 86 82 30 86 81 87 90 66 25 42 92 63 16 84 33 60 73 93 62 31 58 50 4 70 11 14 4 42 38 15 44 18 92 49 35 15 15 58 94 61 27 5 55 54 99 58 48 81 57 17 1 23 49 17 74 37 51 20 48 21 42 58 58 56 96 78 63 24 6 60 67 20 5 36 31 88 13 31 27 63 50 83 28 61 37 17 64 87 43 87 66 95 92 96 2 24 28 36 76 93 6 20 30 ; 
L 52 41 28 -85 78 -77 -35 64 86 -34 -14 31 -89 -51 36 67 -31 28 -94 -96 18 -6 10 96 -29 31 65 9 -6 -21 -85 -94 -29 82 26 18 -57 -88 50 76 -64 -95 22 -31 -98 7 -43 -64 25 56 7 88 -56 45 -49 72 -58 65 -95 -40 66 -85 -18 78 -34 -57 -82 20 65 -52 47 -50 13 76 -25 -97 -75 81 -75 -74 -29 -58 -90 70 -11 -58 71 -29 -68 -27 48 -47 62 -25 20 -41 12 86 -81 2 -61 94 80 -96 88 38 -27 89 34 -87 -13 -24 31 -39 -100 58 -18 67 -90 -87 45 -7 -72 36 -11 73 -13 96 57 95 -78 67 57 -77 -45 82 46 -18 -55 75 27 91 -6 -36 26 -52 52 72 81 -62 -5 -18 29 43 -31 65 29 -82 86 61 -95 -4 -24 -99 49 -35 -39 -54 57 96 55 -50 -69 67 86 -27 -74 -24 3 -13 -75 96 31 65 -89 64 -44 -68 -70 -28 33 20 76 -90 37 -38 -50 -16 -90 -11 -5 48 -18 54 -83 49 77 96 -28 56 -88 74 -38 60 -81 74 43 28 54 -60 29 -63 17 -63 14 99 88 75 70 -45 -94 -11 -12 55 98 -69 43 -62 -82 -18 63 85 -14 78 -25 -58 48 -83 -88 62 -88 77 24 -5 77 -85 15 -67 -89 79 -69 11 40 -94 4 71 14 -69 -57 -73 60 89 98 35 5 -95 -67 -83 40 -25 -34 -33 61 89 17 79 -24 27 12 -45 -78 88 -58 44 33 -15 2 -79 43 -32 27 -55 -27 -21 -71 -37 72 12 21 -8 1 -40 100 -4 39 -13 -76 41 74 -58 -12 77 -45 -22 95 -30 88 46 71 95 -87 91 -4 68 22 -82 77 -28 -17 78 -88 47 11 -11 26 1 16 -26 -85 16 28 -32 45 92 40 -49 -98 -99 -12 1 13 -65 -28 22 39 -30 81 6 29 35 -23 29 -12 91 6 35 96 58 35 -4 -75 14 85 -90 -37 -35 -30 -75 -45 43 25 4 82 71 54 -91 17 -6 -26 18 -31 66 85 74 46 74 52 94 65 -47 2 21 -68 34 76 -87 49 44 5 -15 37 -100 -9 -54 13 -33 -85 -54 -34 56 -76 -33 -63 -65 23 -40 -89 -42 -16 84 2 -12 31 -62 43 10 25 -43 -36 -14 -43 9 -12 41 23 61 -55 -54 -43 -66 -42 88 69 19 -12 -66 15 -18 -29 -23 -62 -12 -9 -17 70 19 -71 46 -69 91 -57 -92 -76 -100 -77 -31 -53 -18 59 -29 37 73 -6 -30 94 -15 27 -96 -1 -37 ; 
38:150 20:80 30:116 15:57 16:64 39:155 34:134 14:56 33:129 16:60 4:16 12:44 30:118 32:126 18:68 4:16 33:129 26:102 36:142 25:97 37:145 2:8 15:57 33:129 11:41 30:118 9:33 24:92 51:203 7:25 23:91 26:100 18:72 9:33 3:11 13:49 8:30 19:75 25:99 4:12 17:67 28:108 38:152 37:147 10:38 29:113 24:94 25:99 33:129 16:60 6:20 17:67 39:153 22:88 47:185 5:17 21:81 23:89 24:94 4:16 43:169 9:33 11:43 21:81 15:57 30:116 30:116 4:12 16:64 18:68 14:52 34:132 20:78 20:80 32:124 12:48 20:80 15:59 30:120 46:180 2:8 32:124 3:11 24:94 1:1 40:158 5:17 2:6 40:160 20:78 33:131 10:36 32:128 25:97 8:32 15:57 9:33 18:68 25:97 8:28 37:145 21:83 35:139 35:139 25:97 45:177 6:24 49:195 25:99 35:137 24:94 36:142 40:160 12:46 4:16 25:97 24:94 10:38 32:124 9:35 19:73 11:43 59:233 16:60 6:22 45:177 15:57 30:120 23:91 12:48 11:43 33:131 1:3 17:65 26:100 12:48 19:73 40:160 44:174 37:147 18:72 30:118 24:94 19:73 24:96 32:126 12:48 36:144 37:145 4:14 36:142 10:36 28:112 20:78 20:78 17:65 2:6 36:142 19:75 7:25 16:64 28:110 14:52 19:73 16:64 38:152 1:1 26:100 8:32 12:46 11:41 10:36 22:84 6:20 14:54 20:78 9:35 46:184 9:33 11:41 12:48 3:9 24:94 33:129 12:44 12:48 9:35 3:9 9:33 24:94 33:129 22:86 30:118 26:100 22:84 33:131 21:81 7:27 16:60 12:48 7:25 18:70 26:102 24:92 40:160 4:12 33:129 24:92 10:38 10:40 18:68 2:6 6:24 4:16 13:49 38:148 29:113 20:76 26:100 12:48 26:100 3:9 23:91 12:44 34:132 32:126 36:144 14:52 70:278 8:32 21:81 21:81 33:129 24:92 14:56 39:153 36:142 32:126 23:91 21:83 15:59 2:6 21:81 2:6 24:96 31:123 31:121 22:84 37:147 28:108 26:104 13:49 6:22 20:80 2:4 12:46 35:139 19:73 25:99 7:27 22:86 17:67 2:8 10:38 36:140 25:97 6:24 39:155 44:176 26:102 6:20 16:62 12:46 24:96 3:9 10:38 26:100 42:164 20:80 21:81 34:134 9:35 40:156 27:105 6:20 27:105 23:91 17:65 16:62 13:51 35:139 23:91 3:9 35:139 18:72 25:99 13:49 22:86 8:32 19:73 7:27 24:96 11:41 40:156 24:92 12:48 46:180 6:24 9:35 37:147 16:64 13:51 15:57 27:105 19:75 19:73 30:120 22:88 2:6 17:67 16:60 3:9 33:129 23:91 29:113 12:46 12:48 13:49 28:108 16:62 1:1 18:70 28:112 26:100 13:49 6:22 17:67 23:89 24:96 23:89 34:134 39:153 33:131 36:144 35:139 6:24 3:11 8:30 15:59 18:68 30:116 40:158 29:113 18:68 22:84 32:124 28:112 6:22 34:134 10:36 2:6 38:152 33:131 28:108 37:145 23:91 23:89 38:152 46:184 4:16 9:33 38:152 16:60 29:115 9:33 20:80 39:155 51:201 22:84 25:99 31:121 36:144 28:110 24:92 11:41 15:57 5:19 33:129 4:12 33:131 25:99 17:65 17:65 25:97 4:14 12:46 23:91 28:112 26:102 29:113 38:152 8:32 7:25 18:70 18:72 16:60 6:20 6:22 30:120 10:38 18:68 28:112 25:99 38:152 29:115 8:28 39:153 20:76 9:33 35:137 36:140 16:60 20:78 32:124 9:35 20:80 30:120 40:156 11:41 26:100 34:134 30:120 16:62 17:65 27:107 25:99 38:152 25:99 38:150 10:36 28:108 5:19 29:113 16:64 40:160 8:32 3:11 14:52 33:129 10:40 38:150 25:97 11:43 2:8 28:112 15:57 3:11 48:192 22:84 38:152 6:22 5:19 22:86 16:60 4:16 27:107 28:108 12:44 17:65 24:92 24:92 23:89 33:129 10:38 24:96 16:60 20:76 11:41 20:76 11:43 34:132 28:112 11:43 33:131 16:62 59:235 3:11 33:131 5:19 14:54 12:46 39:153 1:3 3:11 38:148 31:121 15:57 17:65 4:14 8:32 12:48 ; 
L -69 78 28 -34 -76 -39 68 -81 -47 29 -49 -50 -53 -2 62 14 -61 30 60 48 3 -5 62 -95 -73 20 -48 -46 -38 60 71 -30 86 -6 32 -66 2 -90 -79 -30 -82 -36 67 1 39 -37 10 -55 -97 -25 94 -74 -86 -37 55 52 -37 48 41 44 1 -50 75 -35 -87 -89 -19 -7 -86 66 94 44 -33 76 54 -40 59 -24 -13 64 22 -36 -18 -37 -17 5 33 -87 38 -33 -9 48 28 49 49 99 52 21 -53 -58 -74 -79 -31 -77 -36 80 39 88 -47 81 -48 -55 41 -77 -3 -23 -40 96 -100 92 -9 -8 33 87 19 -53 -12 -52 69 54 -90 42 45 7 -58 41 25 76 -18 73 -96 45 -66 23 -36 -94 -51 -39 49 -55 92 -32 -57 24 -31 -19 -33 -7 82 -14 64 -80 -1 -49 64 -10 59 -26 18 32 -85 23 6 32 20 58 -1 -71 -47 50 63 64 66 -87 37 -46 -99 65 73 15 28 62 -78 35 -38 -54 -62 -20 69 3 21 -65 16 75 3 -46 -95 55 21 -83 -20 -34 -69 -97 10 -66 -8 79 -61 30 -29 81 -87 -9 -15 49 -14 -45 1 97 -13 80 -68 -13 83 -96 16 -47 -50 53 -37 2 19 -86 -37 31 86 -72 34 -56 -74 36 -1 36 -98 -23 -99 -67 -41 38 -100 76 -20 -51 -68 -17 -79 49 94 -93 75 -91 -65 47 56 46 61 3 84 87 92 -40 88 -9 -95 4 76 -91 -46 94 51 -99 -32 28 87 74 62 39 14 67 -35 -63 21 94 -78 13 -54 69 67 78 -81 -99 -33 3 40 35 85 -19 69 63 -99 79 46 -5 100 -96 -66 -6 58 94 48 99 -32 90 2 -61 -91 35 -26 3 -13 -17 75 69 -56 66 -1 86 -77 88 9 -29 19 -73 -82 -85 -26 -17 2 9 3 -44 68 -80 10 -12 33 -55 89 82 97 82 26 76 -61 -1 89 40 -52 23 -35 63 -39 67 24 -46 52 21 -14 -75 37 23 52 74 74 -6 -36 71 -36 7 -9 82 8 31 -37 -97 -28 -12 72 -55 -63 -94 80 -75 64 -74 62 -78 65 -25 -13 65 44 -46 -29 41 77 -54 -96 -52 -29 -44 100 26 54 -59 36 -19 -1 31 -75 18 -32 67 -56 -60 48 89 -46 8 -79 -1 -42 8 27 -46 26 33 -52 78 -27 50 52 -94 95 -51 73 87 58 55 59 -30 -54 47 23 85 22 -28 -52 -46 6 -42 94 64 77 81 57 -6 -31 -45 18 -44 21 -20 75 -8 64 -43 73 -18 ; 
39 33 52 49 63 1 68 63 30 49 50 32 64 22 62 58 7 2 22 95 18 24 95 14 72 58 17 88 12 65 79 43 38 75 75 7 34 76 25 89 5 55 44 100 3 81 3 21 90 67 16 7 41 45 84 56 82 53 18 48 85 53 13 63 96 93 9 79 76 36 90 2 68 14 42 96 55 92 99 88 1 15 5 17 36 28 8 17 66 78 99 16 99 57 35 20 11 14 29 89 88 4 16 65 75 91 99 69 8 64 21 77 66 11 33 89 43 100 18 39 23 10 24 57 26 46 23 100 24 96 42 81 30 99 100 39 1 64 96 56 4 50 12 17 98 30 93 33 95 87 90 52 85 79 76 62 2 75 31 2 49 99 77 95 34 42 25 68 66 46 50 38 72 73 38 26 15 33 45 77 33 30 70 53 9 15 92 32 71 21 51 28 6 12 24 40 66 81 8 61 39 8 18 28 91 59 75 92 50 48 82 50 14 66 98 9 52 20 75 26 1 49 58 73 33 23 66 5 23 18 69 19 8 70 76 27 17 100 73 94 32 13 84 47 83 63 43 29 18 68 22 67 33 68 63 94 2 32 28 57 23 8 51 3 56 100 37 72 29 61 8 58 53 33 84 45 54 83 48 81 2 79 35 38 15 99 12 89 26 27 12 68 42 51 39 47 27 55 85 36 100 33 63 42 73 70 47 39 1 14 27 49 52 51 54 38 33 28 36 49 51 80 19 50 10 91 22 9 6 42 15 59 60 46 52 20 58 87 40 6 88 100 37 10 23 56 99 37 84 92 22 67 21 63 3 48 60 77 46 88 95 45 46 79 23 25 94 72 11 85 30 12 21 97 5 85 69 97 67 6 27 7 21 19 18 19 91 60 44 36 92 10 31 77 59 98 83 51 93 35 60 15 70 44 49 34 13 35 22 52 30 67 28 96 75 68 50 47 13 92 83 13 67 31 18 92 16 59 56 97 42 25 85 11 52 42 14 1 32 55 9 18 93 19 56 81 100 11 27 90 29 31 95 15 64 23 85 29 37 77 14 50 14 15 13 6 87 77 41 73 6 86 48 34 30 79 9 70 16 92 73 32 57 73 31 3 18 64 65 69 60 74 91 46 13 81 40 62 44 78 62 ; 
L -69 19 -86 -95 4 -19 -7 -86 66 94 1 -66 20 -55 -58 -87 -73 -79 -30 -45 96 -32 67 -56 -60 48 -76 -87 34 -36 -62 -32 -85 58 -3 36 -71 36 -46 -29 -22 -85 -23 -47 54 30 -59 25 -67 36 82 30 3 84 -97 10 24 -31 -6 32 -66 -45 18 -44 21 -36 74 56 24 -46 29 -74 -87 -28 -14 -39 -62 -16 96 -83 -83 -39 -80 -9 32 -55 -97 1 56 -69 -75 17 -92 -55 67 21 13 -78 13 -54 69 -22 -64 13 -36 -18 -60 38 -6 -9 37 -89 76 -91 33 -38 87 31 -58 -31 -78 -6 86 -72 34 -67 46 -57 -81 -77 -64 -69 -61 -66 23 -36 -67 -82 -1 -63 3 21 -65 -44 68 -44 99 -55 -16 -46 -99 65 -40 -1 -49 64 -92 55 -49 39 51 94 44 -47 -62 -94 -21 -14 -10 80 6 -1 -42 8 27 2 -61 -91 -87 -12 72 -55 78 28 -49 15 9 87 -81 20 -60 -61 44 -77 -3 -23 -82 9 -7 -9 39 -63 35 -94 95 -51 90 87 19 -53 -12 77 -33 -5 17 1 14 -41 38 -100 76 -20 20 -35 -40 -92 -25 -41 58 -7 -45 -42 -9 99 -69 19 94 -74 -2 37 -53 50 47 -30 26 33 23 98 -36 1 45 14 96 -100 -2 69 65 66 47 -34 -76 -87 -8 33 -81 68 9 73 -52 -33 10 8 -79 50 -1 -41 48 41 -95 55 78 -81 13 18 31 -75 100 48 -20 73 95 -46 -46 -23 52 62 75 -80 -17 48 61 -79 -53 -2 -40 -26 -17 46 -5 -68 75 -8 20 28 49 49 99 52 21 -53 -58 -74 -79 94 48 18 51 -94 37 86 -19 -23 85 -85 -89 37 71 8 44 -33 76 54 73 15 28 63 3 49 94 -93 3 -5 -71 -47 50 63 -26 -82 -97 -82 -89 55 -33 12 31 -19 -1 -73 18 54 -77 64 66 52 28 41 77 -29 54 -48 90 -46 64 26 54 -59 -10 59 -37 37 -39 -13 65 -33 -86 -2 -79 -75 37 23 52 74 74 75 -35 35 -26 3 -81 57 32 36 -37 -7 97 -13 80 -88 76 -61 75 -91 -65 47 56 52 -99 -96 -51 -32 52 -37 -79 -40 88 90 -54 -69 52 -49 -50 -30 14 -97 -28 31 6 74 -25 -68 94 62 -8 -40 96 62 -78 1 -99 26 86 48 63 35 -67 38 -35 66 -88 75 3 -46 89 -46 29 -52 -50 27 -78 52 -99 100 32 64 82 -29 19 21 24 -59 43 -64 39 -46 6 -42 94 -80 73 -18 ; 
16:62 24:94 29:115 4:16 40:158 4:14 32:126 31:121 15:57 36:144 10:38 40:158 21:83 11:41 30:116 17:65 31:123 30:116 41:161 5:19 20:80 22:84 8:30 23:89 33:129 40:160 16:60 10:38 23:91 26:102 24:94 22:86 20:80 8:32 9:35 42:166 38:148 21:81 43:171 8:28 14:54 4:14 32:126 12:48 14:54 20:76 35:137 31:123 54:212 18:70 22:88 2:8 17:67 20:76 26:104 40:156 37:145 31:121 26:104 30:120 3:11 15:59 24:96 30:118 37:145 24:96 27:107 9:35 15:57 8:30 20:76 3:9 19:75 16:62 22:84 34:136 22:88 17:65 7:27 11:43 24:94 38:150 40:158 2:4 10:36 17:65 36:144 56:224 6:22 10:36 4:16 15:59 48:188 18:72 27:105 17:65 26:104 51:203 28:112 19:75 16:62 20:78 1:1 36:140 18:68 2:8 14:56 26:104 11:41 9:35 4:14 32:128 5:19 36:142 53:209 32:124 27:105 12:48 1:3 9:35 16:62 7:27 14:52 12:46 8:28 20:80 5:19 57:225 8:28 2:4 13:49 14:52 3:11 1:3 7:27 40:156 14:52 9:33 9:33 12:46 49:193 16:62 4:12 15:57 19:73 6:24 23:91 23:91 29:113 8:32 37:147 13:51 46:184 17:65 38:152 14:54 22:86 36:144 35:139 38:152 14:52 38:148 41:163 6:20 26:102 2:8 17:67 8:32 20:78 10:36 29:113 36:144 38:152 6:24 26:102 9:33 8:32 24:92 59:233 38:152 9:35 21:83 2:8 21:83 27:105 10:36 14:52 30:116 24:92 29:113 46:180 21:81 16:60 11:43 14:52 36:142 37:147 6:24 24:96 11:41 9:35 9:33 3:11 8:30 6:20 3:9 16:62 24:94 11:41 19:73 10:36 22:86 21:83 4:12 12:44 16:62 10:36 4:14 23:91 10:36 4:12 21:81 16:60 16:62 16:60 10:40 17:67 1:1 16:62 40:160 40:158 12:48 40:156 31:123 28:110 15:57 2:8 3:11 18:68 6:20 13:51 38:150 30:116 33:129 36:144 12:46 6:22 38:150 26:100 28:108 1:3 2:8 8:30 37:145 30:120 10:38 19:75 27:107 12:44 19:73 26:100 16:62 4:16 10:38 23:89 38:152 2:4 21:81 24:96 19:75 7:27 15:57 12:46 14:54 22:84 28:110 6:22 9:35 32:124 37:147 10:36 11:43 34:134 20:76 30:120 4:14 18:72 9:33 7:27 24:92 29:115 20:78 25:97 4:16 3:9 47:187 36:142 39:153 38:148 12:44 8:30 30:120 40:160 9:35 5:19 36:144 31:123 8:32 20:80 7:25 26:104 33:129 17:65 29:115 23:91 14:56 8:32 5:17 6:22 12:46 36:142 36:140 2:6 23:89 6:24 36:142 20:80 6:22 12:44 34:132 19:75 26:102 16:60 24:94 27:107 27:105 25:97 11:41 25:97 28:108 6:22 17:67 21:83 9:33 21:81 16:62 24:96 31:123 12:46 25:97 12:44 10:38 16:60 18:72 31:123 14:52 37:147 9:33 5:19 12:48 34:136 5:17 29:115 38:150 14:56 6:22 13:51 10:38 23:89 22:86 22:84 18:72 28:112 19:75 7:25 52:204 6:24 10:40 21:81 12:46 16:62 22:86 8:28 24:92 21:83 17:67 12:48 10:40 32:126 5:17 33:129 17:65 6:20 25:99 18:70 12:44 18:72 22:88 37:147 4:16 13:49 31:123 24:94 8:28 26:100 15:59 16:64 3:9 13:51 14:52 34:136 10:38 15:57 31:123 12:44 28:110 8:30 11:43 34:132 2:8 36:142 24:92 22:84 14:52 34:134 26:102 46:184 22:88 20:80 1:1 40:160 33:131 25:99 42:164 14:56 9:33 17:67 39:153 10:38 56:220 13:51 1:1 11:43 17:67 6:20 21:83 26:104 8:32 13:49 17:65 14:56 23:89 6:24 9:33 40:160 16:60 19:75 22:86 0:0 15:57 14:54 24:92 2:6 14:52 40:160 4:16 10:38 2:6 6:22 20:76 37:145 19:75 20:80 11:43 33:129 15:57 6:22 20:80 6:22 31:123 10:40 5:19 22:86 21:81 16:62 8:30 9:33 26:100 20:80 37:147 21:83 25:99 6:24 24:96 30:116 13:51 23:91 33:131 34:132 32:124 25:99 ; 
L 12 -39 -97 -46 -14 50 21 75 -93 -45 -24 -57 -48 85 -82 -94 -27 -9 -31 -41 -88 15 53 97 92 72 62 30 66 -8 -23 18 -99 -24 36 -84 16 33 42 85 55 51 52 -3 1 -63 85 43 -80 20 87 -9 -95 -61 -12 -64 1 6 46 81 88 -52 11 7 -8 58 21 -36 -35 -84 21 -74 3 -84 -79 -12 94 61 54 -29 -13 -46 -33 87 71 8 -61 61 -15 15 -83 -1 -92 86 74 7 -66 -67 60 -23 99 47 -72 -100 43 4 56 -86 90 51 89 99 92 11 -94 -59 -31 64 85 56 76 100 -35 -29 73 -86 68 -69 -54 23 94 37 -67 52 -71 -94 -57 72 97 -25 -37 -23 -72 12 -47 76 22 82 64 -14 -23 -12 -65 80 54 14 -25 81 -25 74 -29 -80 97 4 -83 3 -18 -19 -61 25 48 77 83 -15 98 -64 37 71 -73 36 -74 -34 -66 89 -50 -9 -19 45 90 -54 -15 -93 -21 41 -94 -16 -52 90 58 44 40 86 -70 91 -87 35 11 -71 -43 20 -15 -86 -25 66 74 -87 -83 89 -37 88 -51 -14 96 -15 71 -53 82 -32 -71 36 -16 -15 -69 27 82 46 -2 17 80 -71 -7 25 -82 76 83 -14 -55 -70 -83 70 54 37 -17 -8 -27 78 18 67 -63 89 -46 28 62 -4 54 72 68 50 90 66 63 -2 69 44 -71 33 -62 -79 -20 27 98 -43 -77 22 -2 -5 -100 80 34 12 -91 -62 -24 -23 -34 -93 -66 26 -95 -82 13 49 30 -4 14 -54 -64 -49 27 70 11 56 -44 -6 -34 -64 67 47 -60 -82 -14 61 -14 -96 21 84 26 20 9 -57 85 41 9 -59 91 44 -64 -11 1 26 68 19 36 -38 -37 88 97 -58 -1 24 55 -30 28 82 -13 -27 17 -80 34 -40 2 -97 -92 70 -8 -39 -99 -27 -29 69 -47 -76 -66 71 -83 75 87 -1 -59 -11 78 55 49 17 13 -44 29 1 15 88 -37 -37 -58 87 -44 83 46 -23 59 8 62 54 -2 58 -33 -92 -6 -28 41 -40 -14 -48 -45 -89 54 55 -17 23 -26 -67 -98 10 30 80 12 64 25 39 -3 46 47 25 95 70 -64 53 -59 50 -32 13 77 97 19 25 -75 94 -4 -70 -47 -1 -45 40 50 -79 -65 47 -18 84 -7 -69 31 -65 -57 -49 56 -98 79 21 56 -77 26 -58 -97 -80 85 -83 -36 36 40 5 -7 12 28 31 38 -24 -49 -28 74 -11 -38 -68 -3 -23 -92 27 94 90 -9 6 ; 
19 49 18 30 88 63 20 81 28 13 1 9 68 45 12 7 34 53 4 69 65 31 4 70 5 91 30 44 29 28 59 54 35 43 21 35 38 40 26 69 56 38 97 54 28 53 9 1 80 49 75 79 84 37 92 33 25 93 36 45 84 41 26 89 84 91 81 94 83 56 55 9 37 13 40 29 10 21 88 8 54 37 22 20 2 66 56 3 60 3 22 100 6 56 35 9 2 74 92 62 28 10 89 45 77 10 89 55 97 21 80 79 91 2 16 44 23 85 97 76 39 10 37 75 85 56 8 94 69 30 71 98 28 35 33 80 28 45 75 69 81 64 38 98 3 11 74 94 18 24 12 27 71 90 2 36 78 3 87 42 7 64 28 96 46 9 4 73 42 86 52 80 8 9 66 81 51 37 64 82 80 10 42 88 89 87 42 38 4 95 49 83 87 50 72 57 75 83 87 74 84 27 53 11 65 13 76 2 98 16 43 16 34 29 45 100 46 86 23 60 43 47 85 65 33 11 2 82 64 73 50 11 74 16 86 8 81 81 46 70 66 75 50 47 99 53 31 39 100 7 87 66 17 67 56 5 62 86 72 8 27 14 8 42 46 89 9 84 74 25 58 1 70 28 92 66 56 64 44 37 78 98 43 78 53 85 82 3 88 12 73 25 90 29 56 95 41 29 17 14 23 47 63 28 43 26 16 12 21 87 83 61 44 46 22 3 9 59 54 70 34 81 6 4 56 2 49 99 25 73 78 96 97 90 53 7 49 46 2 74 35 7 64 27 96 93 17 77 59 12 14 47 65 80 57 22 75 23 85 11 38 20 100 3 11 87 93 72 37 31 84 8 34 42 71 2 88 94 58 63 36 11 54 12 12 99 20 1 51 84 26 70 46 46 32 75 53 21 25 82 2 34 47 56 74 9 12 26 68 89 67 48 63 6 29 43 65 95 24 1 18 95 94 96 12 42 81 23 9 36 43 47 45 23 77 81 89 26 20 26 30 76 25 35 31 49 17 61 33 40 18 91 89 97 46 13 14 90 70 18 99 96 21 74 26 90 9 94 16 14 77 13 76 25 57 52 72 19 74 23 64 42 16 80 32 31 48 7 31 9 72 74 74 28 16 86 65 67 43 44 72 ; 
L -19 -68 37 65 12 -44 51 52 -87 -20 80 -2 58 -69 -25 81 -25 74 -57 85 41 9 -59 -17 53 22 -79 -89 25 48 14 98 67 -92 25 86 -33 87 71 -61 36 -14 -48 -45 -89 54 -97 9 61 46 -2 17 80 -71 75 -93 -45 -24 -57 -18 23 8 55 -21 -79 98 -56 44 -71 33 -31 64 -1 -45 -37 83 71 -52 71 88 -76 -74 72 -85 -25 -37 82 14 -82 -27 63 63 -97 -83 -36 -37 -54 -29 -80 97 86 -73 29 -88 -15 27 98 -43 -77 22 77 65 -31 69 -91 70 -86 -40 -44 -58 -90 52 -70 92 97 92 -12 -76 -7 50 90 66 63 -2 94 82 -42 26 -58 -50 -40 71 70 4 -30 -49 -13 85 43 -80 34 -40 2 -97 -98 -1 3 -23 87 54 30 -35 87 -74 -66 -99 -56 -85 94 87 -44 -1 -29 13 12 64 25 39 -33 -55 -70 11 15 -83 -77 96 -68 -88 -29 55 -28 11 7 -8 58 21 -19 45 90 -54 -15 18 -67 64 30 -91 26 -23 17 -55 26 -29 69 -47 80 54 -27 92 23 3 68 38 60 -41 28 -14 47 72 23 -97 11 -94 13 28 -68 -72 -62 24 -94 -16 -8 -100 81 37 -89 -46 -6 -1 64 -34 -66 -16 84 -36 24 12 -11 -70 -27 49 64 54 -82 -67 -18 -23 99 47 -72 -43 100 4 56 27 99 -82 53 82 4 -62 -28 36 -74 8 17 26 20 9 5 84 -3 83 -4 -95 -61 56 -44 -6 -34 49 1 58 -32 13 -2 18 25 -94 12 79 84 -3 83 46 -32 47 10 -23 59 8 62 57 94 -78 11 86 54 -17 27 24 -13 -46 -39 -100 80 25 95 70 -64 53 -59 50 20 79 56 -77 -3 -37 -37 46 88 -52 30 -54 8 -61 61 -15 15 -83 -1 -92 -14 -43 20 -15 -19 -97 -57 58 -51 -92 -14 7 -36 67 -37 84 36 -31 -41 -88 -40 9 -66 71 21 93 61 19 35 -39 -33 80 -71 15 -47 -87 -75 83 -59 -62 91 44 -64 -49 -55 67 66 -7 -21 -50 14 46 97 -47 65 73 75 -25 -12 94 -4 -70 83 -80 11 -71 89 -50 -9 -36 -35 -84 21 -74 -1 11 -74 -86 -83 -76 82 64 -76 47 -38 -1 -59 90 27 6 51 40 -78 27 99 -48 85 85 64 93 34 23 -72 46 -89 26 -15 -69 66 5 -7 12 -90 31 38 -24 -49 -28 15 -16 -95 34 12 66 -96 21 -94 -69 -54 23 -60 -82 -14 14 -62 -41 -9 6 ; 
14:52 3:11 26:100 15:57 29:113 15:57 12:48 39:155 44:176 30:120 23:89 10:38 23:89 30:120 22:86 2:4 35:139 17:67 7:25 32:124 39:153 39:155 36:144 9:33 24:94 34:134 54:216 15:59 12:48 21:83 33:129 16:60 8:28 3:9 7:27 14:54 12:46 8:32 1:3 29:115 22:84 28:108 20:76 26:100 3:9 12:46 26:100 8:30 25:97 4:14 33:129 33:129 19:73 28:112 8:30 12:44 6:20 1:1 4:14 40:156 22:86 24:94 6:20 12:48 38:150 4:14 36:144 10:38 37:147 27:105 7:27 34:136 40:156 8:28 23:91 22:88 20:80 14:52 18:68 51:203 13:51 32:124 29:113 32:126 20:76 33:129 10:40 2:6 2:8 35:137 3:9 4:14 19:73 20:76 29:115 10:40 27:105 26:102 26:102 12:44 34:136 23:89 34:136 54:212 34:134 38:152 32:124 40:156 18:68 32:124 32:126 24:96 39:153 40:158 10:38 5:17 22:84 11:43 34:134 30:118 35:139 34:132 14:54 2:4 60:236 2:8 34:136 26:102 3:11 32:124 30:118 10:40 24:92 1:1 9:33 3:11 26:104 13:51 6:20 33:129 36:142 29:113 6:22 26:104 12:44 26:100 19:75 13:49 1:1 32:128 32:124 5:17 16:60 8:32 12:48 36:142 12:44 9:35 14:56 56:220 62:246 36:144 6:20 18:68 18:72 42:164 16:62 31:121 10:40 17:65 13:51 10:38 1:1 9:35 17:65 17:67 33:129 10:36 8:28 19:73 16:62 41:163 6:22 4:14 4:12 34:134 34:132 5:19 32:128 21:81 4:14 12:46 36:142 34:134 37:145 33:129 32:124 16:60 2:6 38:152 20:78 28:110 42:166 4:14 7:25 25:99 16:64 10:38 38:152 26:104 17:67 12:48 13:49 34:134 32:126 1:3 21:83 35:137 7:25 12:44 30:118 30:118 32:128 29:115 28:108 34:136 26:100 29:113 16:60 36:144 4:14 7:25 18:70 14:52 40:158 4:14 11:41 6:24 60:236 23:91 21:83 23:89 4:16 27:107 10:36 29:115 15:57 38:148 10:40 5:19 17:67 15:57 16:60 14:56 9:33 24:94 35:137 34:132 35:139 9:33 5:19 7:25 25:97 26:102 35:137 24:92 12:44 4:16 36:142 15:59 31:123 8:28 36:142 11:41 29:115 46:184 1:3 2:8 23:91 17:67 4:12 23:91 32:128 10:38 27:107 21:83 40:158 10:40 33:131 28:112 24:94 4:14 19:73 36:142 15:59 27:107 18:70 19:73 9:35 1:1 32:128 24:94 21:83 11:41 2:6 42:168 28:112 15:59 4:16 12:46 16:64 6:20 21:83 22:84 11:43 22:86 13:51 28:112 10:40 33:131 1:3 16:64 12:44 21:83 15:57 17:65 18:72 19:73 30:120 9:33 7:27 15:59 11:43 6:24 2:4 44:174 18:72 10:36 31:123 33:129 36:142 11:41 14:54 18:70 14:52 6:22 25:99 27:105 28:112 11:43 2:4 17:65 25:99 8:32 33:131 23:89 2:4 24:96 2:4 9:35 40:160 3:9 24:92 29:113 7:25 18:68 5:17 10:40 15:59 28:112 28:110 2:4 8:32 19:75 40:160 26:104 12:44 40:156 4:12 3:9 28:110 26:104 14:52 29:115 7:27 17:67 16:60 35:139 33:131 17:67 12:46 28:108 19:73 8:30 9:35 14:52 22:88 10:40 36:140 1:3 21:81 25:99 27:107 3:11 20:78 8:28 22:86 29:113 30:118 1:3 3:11 8:32 26:100 36:140 12:48 16:64 6:20 19:73 31:121 13:49 22:88 14:54 7:27 25:97 22:88 29:115 33:131 1:3 42:166 36:142 35:139 24:92 34:132 23:89 22:88 4:14 21:83 1:3 15:57 14:56 21:81 40:158 19:75 10:36 26:100 5:17 10:40 55:219 24:92 48:190 23:91 20:76 10:36 25:97 34:132 2:8 19:75 2:8 18:72 7:25 28:108 10:36 38:152 23:89 18:70 6:24 11:43 11:43 5:19 30:118 8:32 30:116 26:102 17:67 14:54 3:11 13:51 13:49 20:76 3:11 8:32 12:46 7:25 19:73 5:19 16:64 9:33 23:89 1:3 26:104 28:110 12:48 33:129 28:112 14:54 14:52 14:52 6:22 15:59 18:70 29:115 ; 
L 70 -48 -14 -56 23 -29 78 21 79 47 -18 -77 -66 -82 -72 68 70 40 39 -91 19 4 -65 41 -2 -72 46 -6 71 -78 -38 32 -21 9 -53 84 58 -77 52 61 -55 72 52 55 -95 23 15 -24 71 -97 24 -91 16 7 90 -54 96 -33 -55 -18 19 -89 64 -86 -9 71 -3 -35 5 -15 53 52 -93 90 91 -59 18 13 -13 -63 -53 -45 25 -1 -59 59 -6 5 41 98 98 93 38 -19 7 -72 -16 -68 72 -36 39 33 70 -39 90 -36 -100 -74 99 -93 30 -29 -10 100 44 -3 58 -27 80 17 54 74 25 -2 -40 -76 -58 -43 1 46 7 45 -1 40 -16 -20 94 -57 78 78 30 -68 34 -44 -53 -73 -58 -50 81 -45 -100 67 96 1 -59 -93 5 -33 27 86 60 -53 27 77 -33 23 -31 -72 49 34 41 1 64 65 70 13 -27 36 -84 -88 -75 -74 12 -38 94 80 -79 7 3 78 48 -88 -40 -15 78 50 67 -52 -34 59 -61 -91 -33 35 90 -38 47 79 -16 -99 -59 -98 54 -66 58 49 -53 58 4 -96 -17 -83 -30 -73 -60 -22 68 80 -19 -79 62 -5 23 65 45 -17 -19 -53 -94 -49 34 -85 -77 16 -100 -96 -46 -34 -72 75 67 64 48 50 67 88 -18 -5 -48 74 41 35 29 59 74 40 23 -96 -42 -97 12 37 -30 -98 -97 96 90 53 54 37 27 -78 -5 -77 65 -58 -46 97 -37 -62 -18 21 -8 -70 -76 89 24 69 -95 36 -60 98 -65 69 -57 -26 97 100 14 -16 -37 -56 43 82 91 -94 -48 26 -3 48 -21 -15 -81 -86 87 25 -83 23 58 -51 88 -66 12 75 -28 73 4 -27 -60 86 -17 -15 -69 11 -68 79 64 80 51 90 -18 -13 -80 -100 -43 -40 -38 56 40 -83 64 71 -58 99 -60 82 19 -58 -71 -27 -94 -73 -50 -4 -14 19 79 22 -95 -23 -45 78 -18 25 40 -72 43 -33 95 82 26 25 9 -38 -56 -32 21 -51 -66 67 -86 40 61 98 -61 24 4 -70 -68 -6 -18 -67 -93 53 64 -49 97 37 -83 47 31 40 -68 34 -40 -23 29 28 9 -49 52 41 -30 -63 55 9 -84 -96 -8 -1 54 92 -88 76 21 -8 -43 9 -66 76 -25 -69 11 73 86 -49 -81 42 -95 86 64 6 -28 -56 -25 92 -76 27 27 14 -57 -55 60 -47 -91 -27 90 -16 52 -3 -78 -97 -95 82 83 56 -40 -34 37 98 92 -7 -49 59 66 35 80 -31 55 -37 ; 
41 35 3 66 9 85 8 1 85 35 84 37 34 58 16 6 89 30 100 55 19 91 47 52 41 3 6 75 90 100 42 94 82 63 76 21 45 95 54 10 74 14 38 95 21 74 55 94 13 32 56 100 32 28 8 59 88 50 5 25 9 32 48 81 9 80 41 26 17 43 86 66 67 29 31 29 3 36 48 16 59 8 15 31 15 70 37 45 41 71 46 72 91 22 18 65 15 30 8 83 61 83 46 18 7 15 60 16 35 65 12 45 20 21 90 1 46 94 77 43 24 50 75 26 30 3 98 9 92 74 84 44 89 78 61 37 89 13 31 15 89 8 47 52 9 51 58 83 76 25 92 11 84 10 78 66 85 70 41 73 17 35 2 24 38 68 36 75 15 98 53 82 74 96 77 19 43 2 96 76 69 61 41 61 82 74 43 56 37 12 83 75 55 24 7 5 72 54 70 87 10 84 23 64 16 28 85 27 32 64 72 52 39 10 59 4 26 82 31 47 83 4 60 41 86 13 53 53 34 26 75 74 51 20 28 66 44 39 19 45 85 32 6 22 21 3 29 42 2 54 61 5 73 92 81 41 79 11 9 60 91 99 27 67 36 73 70 67 61 58 26 2 89 56 77 18 94 71 98 45 49 48 62 86 34 26 77 32 14 79 64 90 73 18 19 100 39 2 96 22 87 31 46 96 64 81 80 80 13 2 32 59 38 23 4 29 90 54 77 94 54 52 90 7 80 78 8 76 11 90 39 7 31 12 60 34 94 88 100 100 65 25 85 44 35 77 26 4 95 88 32 17 98 96 86 2 84 56 20 42 20 53 19 84 6 55 69 80 42 6 2 30 55 47 1 17 25 21 75 64 95 73 33 23 31 45 68 62 58 4 33 61 63 23 39 21 62 27 84 93 97 82 92 58 79 13 59 67 71 88 2 21 73 62 5 20 98 21 49 55 30 39 52 62 32 67 45 82 86 8 16 84 53 92 26 33 66 97 42 53 21 50 3 52 8 84 62 85 37 30 49 40 41 44 73 66 93 9 76 66 49 8 15 9 16 86 35 33 32 88 86 58 78 8 38 27 51 97 43 71 17 53 5 86 71 73 58 89 40 9 7 23 73 75 15 20 78 67 92 31 78 ; 
L 70 30 -41 -52 49 -9 -28 -42 91 68 -40 98 -18 -79 68 -90 93 -52 70 42 -95 86 64 -69 -23 34 -45 -7 69 -57 -26 97 100 -5 38 2 -25 -74 -16 -63 -72 68 -56 -5 -48 74 41 65 45 -78 -36 -25 96 84 -9 -54 -17 93 -58 -46 97 -79 -47 1 64 -30 -73 -79 -31 23 -96 -60 -48 -78 -3 68 -59 9 -66 76 -23 29 78 50 67 -52 55 -90 27 91 47 18 66 -54 94 53 -40 97 -34 -72 19 81 -26 -82 -95 33 -43 72 -40 -25 18 -78 45 23 95 -22 -13 -80 -100 -43 -40 -47 -79 -21 -7 9 -38 -59 -65 21 -76 89 -40 34 -85 -5 6 47 31 -41 -16 -37 -56 -62 79 -98 71 27 -4 -36 -34 37 -58 -16 27 -17 34 40 -56 -83 -82 95 97 90 58 49 70 81 15 -19 14 58 -71 -64 61 59 1 -4 50 -52 -72 55 -61 -52 77 68 39 -19 -48 -14 68 5 -25 19 -38 -93 -3 48 56 28 -6 15 17 -86 27 77 -33 23 7 -67 66 51 -21 32 -27 88 -66 12 75 -28 -58 -43 86 56 27 -97 -2 -72 45 -8 -77 16 -100 94 64 -91 -82 -43 14 -7 -49 59 14 -57 -55 69 25 -80 -58 -33 -39 -18 -77 -66 -4 -53 -73 -94 20 -37 -100 -8 -52 21 -98 -88 -67 -65 83 71 -44 33 -5 -80 27 -58 3 33 91 46 96 -61 -58 43 86 60 -53 60 58 -19 -82 88 -99 53 91 72 -7 92 -76 18 13 -13 -63 90 -38 50 -1 -96 -33 31 -30 9 86 -64 89 -19 3 48 -88 -40 -15 -79 77 80 -73 -50 16 -59 27 27 -92 -98 -57 78 78 30 -60 6 -100 67 -96 54 -90 -78 29 -64 -53 93 67 18 93 17 -11 -29 -10 1 -97 12 37 -30 19 -98 15 -5 35 3 35 59 53 -68 36 55 -95 -32 38 78 -71 -75 -74 12 -92 -54 100 -83 51 -46 24 -74 -45 25 53 54 34 -44 99 59 -37 6 -94 -69 -24 8 -21 -76 88 -40 -76 72 82 22 -41 1 46 65 -98 60 -98 80 51 -34 40 61 53 18 62 37 -16 -99 58 -70 -67 -75 66 35 80 35 29 59 74 90 -65 41 -23 83 -25 -87 78 -86 -83 -40 -27 84 -70 60 -13 -73 95 96 49 -94 -48 26 4 81 49 -86 -73 -11 23 -49 -72 49 -40 -56 38 40 9 -53 84 70 -39 90 -36 64 4 -96 21 23 15 -24 71 -97 24 -55 -18 -1 -16 91 55 -37 ; 
17:65 18:72 22:84 34:134 7:25 4:12 35:137 18:70 21:83 26:102 21:83 12:44 34:134 2:8 31:123 12:46 12:46 27:107 57:225 17:65 31:121 27:105 20:78 32:128 21:81 4:12 21:81 18:70 67:265 26:102 33:129 32:128 32:128 22:88 54:214 24:96 11:41 30:120 37:145 12:44 18:72 4:12 24:94 11:43 4:14 24:96 37:145 7:25 12:44 43:169 35:137 18:72 29:115 39:155 27:105 22:86 10:38 34:132 4:16 31:123 13:51 9:33 11:43 36:142 30:118 23:91 17:65 34:134 11:43 8:28 27:107 8:32 9:35 34:132 5:19 52:206 2:6 50:196 15:59 12:48 14:56 18:72 32:128 2:8 29:115 22:86 4:14 14:56 21:81 11:43 16:60 9:35 26:100 4:16 18:70 20:80 32:128 24:96 18:68 1:3 12:48 56:224 11:43 14:52 2:6 24:92 25:99 28:108 18:72 13:49 10:36 14:52 30:116 38:152 26:102 30:120 20:78 40:156 39:153 35:137 1:3 59:235 14:56 34:136 0:0 22:88 10:36 12:46 33:131 7:27 9:33 40:160 16:60 66:262 13:51 16:62 18:72 27:105 12:48 33:131 4:14 13:51 24:94 19:75 30:120 18:68 18:68 30:120 36:140 29:113 35:137 16:64 15:57 31:121 29:115 4:12 28:112 8:30 24:92 30:116 29:113 35:137 2:8 66:262 12:44 2:6 12:46 12:46 36:144 30:118 7:27 19:75 8:30 22:84 34:132 9:33 6:24 31:123 11:43 32:126 16:60 6:22 30:118 4:16 22:86 34:134 7:25 11:43 46:180 2:4 17:67 23:91 28:112 36:140 9:35 37:145 42:168 38:150 7:25 4:14 6:24 6:20 10:40 26:104 33:131 10:38 16:60 28:108 26:104 8:28 38:148 34:134 11:43 25:99 23:89 21:83 3:11 13:49 5:19 24:96 36:140 4:14 17:65 9:33 22:88 16:64 30:120 2:4 40:160 12:46 23:89 9:35 9:33 9:33 5:17 8:28 2:6 10:36 10:36 14:56 30:116 30:120 21:83 35:137 24:92 18:70 16:64 15:59 11:43 22:84 34:132 19:75 15:59 14:54 26:104 6:22 21:81 14:54 36:142 6:22 19:75 6:24 21:83 23:89 52:204 17:65 17:65 14:52 40:158 16:62 14:52 37:145 28:112 18:72 31:123 38:150 19:73 26:100 10:36 15:59 12:46 34:136 9:33 9:33 42:164 7:27 14:56 8:32 27:107 32:128 28:110 27:105 46:180 10:38 33:131 8:32 26:104 7:25 14:56 9:35 15:57 20:76 7:25 10:40 12:44 57:227 22:84 4:16 27:105 36:140 13:49 13:49 4:14 33:129 20:76 13:51 1:3 6:22 32:124 22:88 10:38 13:49 8:32 33:131 11:41 22:88 20:76 10:38 6:22 13:51 22:84 3:11 4:16 13:49 6:24 36:142 26:104 41:163 7:27 5:17 28:108 36:140 24:94 4:14 4:12 38:148 2:8 25:99 30:116 9:33 2:8 5:19 25:99 32:124 8:32 3:11 3:9 11:41 1:3 36:142 16:62 6:22 28:110 18:68 7:27 11:41 4:16 12:48 39:153 35:137 6:22 32:128 9:33 38:150 38:150 17:67 40:160 19:73 25:97 17:65 10:40 20:80 14:56 4:12 12:44 19:75 37:145 3:9 8:30 6:24 6:22 40:156 18:72 21:83 14:52 2:6 27:105 9:33 59:233 18:72 1:3 31:123 34:134 4:12 21:83 4:14 2:4 18:72 7:25 16:64 7:25 16:64 30:118 6:22 19:73 13:49 12:48 17:67 38:152 40:158 22:86 37:147 18:70 23:91 26:102 32:126 10:40 26:102 24:92 11:43 11:41 25:97 11:43 8:32 32:124 40:158 11:43 27:107 15:57 26:102 24:92 21:83 15:59 31:121 4:12 32:124 9:35 18:72 22:84 8:30 30:116 9:33 38:148 46:180 4:14 18:72 6:20 12:44 10:38 6:20 36:144 22:86 18:68 14:56 38:148 27:105 30:116 18:70 29:115 5:19 30:116 6:24 46:184 8:32 23:89 21:81 38:148 31:121 9:33 16:60 8:28 3:11 6:24 29:115 40:160 19:75 32:126 25:99 22:88 38:150 6:20 13:51 23:89 32:126 10:40 22:86 22:84 13:51 12:48 13:49 32:124 ; 
L -59 41 93 -6 -27 23 81 -55 -34 -42 88 28 -55 12 -16 -43 93 -64 74 -4 50 -59 -25 -64 -69 63 -59 -77 -9 -78 -29 56 87 -40 -69 95 81 36 22 -100 61 -26 25 -19 -92 63 86 72 -98 -71 -83 -20 -51 -49 84 92 -64 -35 55 23 -95 -9 -59 70 -58 43 55 -85 48 10 26 21 -39 35 66 -8 29 24 -31 -58 82 61 -47 98 -84 23 53 -94 -58 10 21 34 70 -49 63 -93 -98 -36 -5 -73 -44 57 -85 55 9 9 53 23 -51 -30 -43 -55 -62 38 53 -58 5 -33 90 -49 -28 -28 7 -89 -67 -37 -11 4 -68 66 -52 -100 -39 80 43 86 -78 -12 93 -75 -59 39 -79 64 -25 41 30 57 44 79 94 -82 60 19 35 69 -53 6 -52 -64 27 69 49 -17 -72 48 -53 -41 65 20 -63 26 -31 19 14 -76 -42 72 -97 -25 35 -20 -88 -55 -72 -100 -8 98 72 75 7 42 25 -80 66 95 -59 -45 28 -31 95 40 61 -46 -26 -97 -40 96 50 12 89 57 13 94 7 -80 9 -100 26 -11 -65 -42 -14 51 -68 92 -50 -87 -74 74 17 84 89 5 86 -57 52 84 -68 51 -85 -89 -52 79 -51 -17 17 46 -15 -99 -49 -55 -60 88 76 -30 85 -92 99 93 -36 -51 70 -23 -11 51 84 38 -28 45 -76 -17 85 53 -66 -12 -25 -18 -100 -25 63 78 -9 -77 34 50 26 40 -68 71 -48 -97 59 -51 -67 -38 2 -31 -97 67 -57 -28 51 9 66 -46 -7 36 31 46 13 -17 68 25 34 99 -53 35 8 -50 -87 -88 -28 -30 -8 29 -15 20 29 -56 90 -50 44 27 -61 81 -36 93 -6 17 -34 34 -49 82 7 74 -57 -31 -12 15 28 -22 85 27 82 2 32 19 82 -11 59 2 71 -54 18 -9 -51 69 76 59 43 -53 49 -48 -84 -89 -66 -32 -66 64 46 -77 100 11 38 36 -77 48 90 -80 10 -7 47 -89 24 -10 -77 87 35 -96 -73 -48 -12 -43 9 41 -44 34 -76 3 -48 9 -30 65 -55 80 75 -40 14 -84 79 -41 -14 -14 -22 39 89 30 52 -62 46 17 -49 1 -96 -43 37 79 -60 -10 -61 -60 47 -10 39 -100 -27 -16 56 -75 -38 -25 -30 73 -78 20 -88 49 -34 -52 -70 -44 95 49 22 -17 -12 86 50 -38 -53 -6 42 -30 -93 7 -20 -20 31 -79 -84 -25 25 51 -67 24 -53 68 13 94 -21 46 71 69 39 -76 -51 37 -35 97 ; 
58 19 9 73 31 90 76 24 84 89 79 4 8 87 42 66 46 86 93 14 61 84 6 47 54 35 72 71 86 35 90 84 26 19 35 34 91 52 51 72 81 72 17 82 40 77 65 74 83 60 68 75 92 73 79 5 25 33 85 28 40 53 92 22 37 77 95 99 11 83 54 43 96 96 49 61 41 38 91 92 21 98 74 82 5 20 92 73 99 79 97 45 5 33 96 25 64 89 6 12 84 100 57 19 45 89 30 24 95 38 16 34 73 79 36 80 26 22 73 55 92 45 6 53 50 13 65 81 51 92 11 72 87 80 37 33 97 83 98 65 25 84 8 97 41 6 21 80 80 89 24 36 2 19 25 12 57 32 93 95 70 34 41 13 56 55 37 55 39 18 5 54 92 93 91 20 62 68 59 97 2 84 51 67 51 61 62 27 18 69 20 60 76 11 60 28 92 6 99 100 94 28 51 59 69 23 12 35 86 90 41 83 9 36 34 25 44 44 68 92 9 38 99 55 46 29 96 47 35 78 32 34 50 30 43 20 47 33 84 41 51 62 38 15 47 55 21 18 37 58 57 84 84 47 68 98 60 85 72 19 80 87 60 74 97 52 41 16 52 12 80 6 86 67 41 17 31 54 26 56 84 81 27 82 91 89 62 42 47 60 74 73 29 57 93 4 59 88 27 96 81 43 37 56 15 51 91 31 95 83 4 37 42 67 68 21 79 16 78 8 50 10 39 88 91 88 36 21 35 1 85 46 37 60 15 9 19 35 23 47 93 90 94 24 84 64 55 84 21 2 2 33 73 84 83 87 21 70 98 84 81 75 88 38 95 92 46 56 91 65 95 26 69 53 77 90 19 46 44 71 69 40 43 34 22 93 8 60 4 26 50 98 14 68 70 90 96 76 44 83 76 7 89 40 59 76 52 2 14 23 62 71 30 41 33 93 87 8 59 52 99 76 9 98 79 94 24 87 4 38 71 30 19 76 19 16 70 79 52 13 29 60 67 29 43 66 70 90 22 15 59 85 3 39 26 87 36 48 86 41 52 90 30 39 40 12 4 92 49 50 22 2 24 20 64 26 19 76 78 24 76 87 100 33 91 98 29 98 29 90 68 8 20 95 4 72 42 100 18 38 47 ; 
L -59 41 -5 -79 5 -48 -53 -53 -38 20 -77 87 60 -3 76 -82 -58 -41 46 -28 45 -76 -29 -89 -38 50 87 58 -30 -69 -35 99 93 -36 8 30 28 -20 11 23 12 51 -68 92 -60 -7 -94 -13 -57 -89 -79 -37 -69 95 -31 -15 -2 -59 11 -34 44 44 79 94 -80 52 85 83 -53 -41 65 20 55 -85 -12 34 -17 6 -93 -64 -93 34 78 -64 -48 63 -59 -5 -89 -11 4 25 -57 81 -46 -31 22 14 14 -64 -69 -12 38 -61 -40 -53 80 35 -68 75 -40 14 -84 -75 -59 -74 64 -93 43 50 -30 -41 -64 25 100 -90 -48 -9 -77 -39 13 94 -21 86 -57 52 49 9 -39 -96 -43 -95 9 80 43 33 10 26 21 -39 35 66 -93 88 -36 93 -6 -24 67 -51 -27 -34 -42 98 9 -100 26 -11 -65 -42 -14 -17 85 53 -66 88 -56 16 84 79 49 -70 -34 -55 -48 9 -20 78 -73 30 -80 10 -7 47 -17 -11 -100 77 -46 -73 -44 57 -85 -18 54 25 -19 -92 63 86 72 -98 -71 43 -84 -98 47 -61 -6 53 -99 -17 -72 -71 -51 68 -84 -85 -89 -52 79 -51 -17 -76 -88 60 55 43 30 51 -55 -72 -100 -8 12 17 -22 -49 -95 44 70 55 -65 30 -36 13 17 84 -27 23 53 -94 -58 10 -56 90 86 28 -31 9 77 27 -9 -9 -21 -29 69 76 59 43 -53 15 28 -68 71 -48 -97 -40 -26 -50 -34 -57 -19 -32 38 46 -66 -9 -51 63 -74 -52 52 -62 46 17 -49 1 -55 12 -96 81 -55 53 23 61 -20 -51 -49 84 25 82 2 -4 -82 49 95 51 25 25 -25 -60 35 8 -50 -87 -15 35 -96 -73 27 69 49 43 78 77 -36 32 66 61 10 -81 -12 -25 -18 25 38 75 62 39 -100 24 -10 -35 -68 28 28 49 -90 -74 74 -89 82 -37 -92 25 84 79 -67 97 -55 12 75 7 42 25 -80 66 -51 -27 23 40 97 66 31 -2 -98 53 38 -50 -86 42 76 -14 -19 31 89 -37 -51 70 -22 -88 49 -34 -59 89 -7 -20 -20 31 -57 -28 72 51 -26 -72 -6 42 -30 -93 7 66 -50 -82 8 -63 -41 84 48 -49 -16 -34 59 19 92 -85 30 17 46 7 10 -47 -99 -48 26 -61 100 64 58 -70 40 -87 -56 29 55 23 -95 -9 -59 44 46 71 69 -97 -26 63 76 -39 -50 88 28 39 100 31 -24 -29 -36 7 67 51 22 -67 -52 45 59 68 36 78 -35 97 ; 
24:92 8:30 4:14 10:36 29:115 28:110 18:72 48:188 15:57 31:123 3:9 31:121 4:12 14:54 10:36 17:67 46:182 8:28 21:83 19:75 5:19 32:128 8:32 42:166 18:72 14:56 12:48 15:59 15:57 23:89 5:19 11:41 8:30 32:128 59:233 37:145 36:140 7:25 9:33 39:155 17:67 13:49 19:73 12:46 48:192 4:12 14:54 15:57 4:14 34:132 14:56 32:126 8:32 14:54 43:171 9:35 39:153 30:120 33:129 23:89 1:3 32:124 36:142 10:38 40:158 28:110 14:52 53:209 27:107 22:88 16:62 8:28 4:14 40:158 10:36 62:248 38:148 19:75 10:36 17:65 27:107 14:52 35:139 36:142 11:41 39:153 29:115 20:78 12:48 10:40 33:129 15:57 46:182 28:108 16:60 34:132 17:67 32:126 40:156 9:35 22:86 12:44 11:41 26:102 21:81 38:152 14:52 16:60 11:43 18:70 4:12 24:94 20:80 22:86 10:40 30:116 38:148 35:137 19:73 20:78 3:11 9:33 16:62 36:140 23:89 12:44 2:6 24:94 33:131 38:150 14:54 36:144 28:108 23:91 8:32 19:75 33:131 13:49 37:145 35:137 7:25 42:166 24:96 26:104 15:59 10:38 15:57 22:86 18:68 39:153 39:153 20:78 17:65 13:51 12:46 3:9 30:116 14:52 40:156 37:145 36:140 23:89 36:142 12:46 30:116 18:70 28:108 37:147 4:14 16:60 40:158 18:72 35:137 27:107 17:65 20:78 7:25 9:35 13:51 32:128 39:153 14:52 2:8 12:48 18:68 29:113 16:62 35:139 11:41 16:62 4:12 20:80 40:156 6:22 11:43 5:19 14:54 18:68 16:64 13:49 34:134 40:160 23:91 13:51 38:152 12:48 33:131 16:64 31:123 26:104 30:118 34:132 24:96 47:187 13:51 10:38 33:131 30:118 40:160 13:51 42:166 27:107 23:89 22:88 24:92 17:65 34:134 5:17 25:99 16:60 6:24 19:75 22:88 9:35 28:108 19:75 34:134 16:60 7:25 16:60 29:113 21:81 25:97 25:99 9:33 2:6 5:19 16:64 16:62 12:48 36:144 31:121 14:52 17:65 23:91 8:28 5:19 14:54 11:41 32:124 37:147 30:116 40:158 32:126 6:24 34:136 28:112 41:163 40:160 48:192 35:137 29:113 1:3 36:142 24:96 34:132 29:115 37:145 26:104 38:152 11:41 26:100 1:3 4:16 24:96 30:118 30:116 18:70 17:67 25:99 36:142 3:9 16:64 28:112 28:112 26:100 21:81 6:24 23:89 22:86 9:33 32:128 11:41 16:60 29:113 12:48 8:30 31:121 14:54 23:91 54:216 20:80 10:38 14:52 10:38 11:41 27:105 37:147 30:116 32:126 12:44 12:44 35:139 14:52 39:153 10:38 19:75 6:22 26:104 22:84 18:72 29:115 5:17 32:124 4:12 20:80 15:59 36:142 34:132 31:121 21:81 14:54 17:65 6:22 5:17 12:44 4:12 35:137 19:73 27:107 12:46 13:51 17:67 13:49 22:86 8:30 34:136 24:94 21:83 17:67 27:105 42:164 36:144 70:278 7:27 16:62 18:72 37:147 22:88 26:100 32:124 40:156 20:78 20:78 13:49 31:123 35:139 31:121 36:140 39:153 27:107 35:139 10:40 8:32 24:96 31:121 5:17 24:96 6:22 12:48 36:144 25:97 5:19 24:96 17:67 36:140 22:86 10:40 9:35 20:80 20:78 17:67 25:99 8:32 37:145 38:148 30:118 15:57 24:96 24:96 38:148 9:33 20:76 35:137 42:164 16:62 22:84 9:35 31:121 32:124 7:27 18:68 8:32 12:44 14:54 30:116 41:161 10:38 8:32 26:102 11:41 23:89 14:56 17:67 11:43 18:72 31:121 9:33 31:123 22:84 10:36 19:75 12:46 5:17 29:113 34:136 24:96 39:155 8:28 33:129 27:107 12:46 29:115 3:9 10:40 29:115 33:129 10:38 31:123 15:59 8:32 8:30 11:41 34:134 45:179 12:44 16:64 22:84 37:147 20:78 2:8 8:32 38:152 10:38 22:88 12:48 70:280 29:115 28:108 36:140 2:6 10:36 35:139 43:169 37:145 16:60 21:83 13:49 13:51 38:148 14:56 27:105 22:88 40:160 3:9 32:128 20:78 17:67 16:64 16:60 19:75 ; 
L 56 78 -26 15 -89 48 96 55 19 97 7 -70 -1 -17 52 15 -20 20 -27 -37 13 -1 13 66 64 14 -98 86 -54 35 9 92 91 5 42 -89 -31 36 64 42 -73 76 -69 -1 -16 -96 9 -51 -54 -58 67 73 46 -65 11 5 -10 -24 -89 -5 -15 79 -22 90 -9 -53 -55 -27 -22 -24 57 -64 11 22 -95 38 -48 76 93 -37 -95 87 -72 -53 -45 -37 -53 -89 -55 17 -69 10 -38 51 -75 -83 39 34 15 5 64 -79 63 37 -96 9 -28 78 36 1 -45 -75 -82 -56 -96 -51 10 84 81 -10 87 5 93 92 62 25 -14 10 65 55 -12 -32 -31 66 -12 77 49 -59 54 43 -21 -86 -91 85 66 -97 72 9 48 -70 64 -21 76 -22 25 92 76 67 -95 86 -38 -1 -79 -30 39 4 -5 -73 -96 94 31 -90 27 60 -6 -75 -40 84 40 -82 -32 31 -32 88 -46 -43 52 9 35 21 75 71 58 9 42 93 6 -48 13 88 -15 -6 -50 -10 -54 -100 -46 -55 -33 -34 16 90 37 16 88 -53 -78 -41 27 -78 27 61 34 11 -43 -37 -46 -87 16 33 -15 99 80 13 -39 70 27 27 -85 -81 -99 -41 7 -20 -77 -32 -14 72 67 27 -29 -55 -86 -94 -51 -87 74 -6 94 35 98 15 -28 -66 -94 -78 98 50 59 55 -69 -55 27 -93 -97 -32 -3 49 70 13 -80 -1 -96 -21 -37 84 69 -78 -37 -98 28 63 -93 -43 35 -84 -89 60 50 -27 99 -94 -32 -64 -46 77 -68 -90 -76 4 75 15 10 -2 -65 37 3 64 69 -48 58 81 -41 42 -23 -8 -65 -36 6 -68 29 -95 65 73 -12 76 28 8 70 35 66 41 -30 92 -48 -48 54 32 98 61 -8 -19 -96 -99 -73 -23 100 66 50 -78 -71 82 68 -93 18 90 54 -15 -46 -79 -18 10 -78 40 89 -34 -51 -49 -29 71 90 89 -84 -10 -7 -35 16 72 87 -60 -47 -87 -74 43 69 -52 -68 -64 74 95 96 -72 -8 -37 -39 88 18 52 3 -40 -100 -83 49 -76 37 -72 -57 53 59 79 -95 82 15 24 -79 -62 -64 3 32 78 -43 61 26 -31 -15 -55 33 -67 78 80 -77 24 -26 -53 90 54 54 -17 -8 95 19 -25 85 34 -84 56 -65 71 -54 -35 83 -7 -71 8 -48 -64 28 73 -24 -93 -23 -19 -29 89 -72 20 28 18 26 -37 -96 -45 -16 4 40 -41 -22 82 -71 8 -19 -8 -68 -81 -21 -67 -93 81 -1 -74 ; 
73 59 85 2 38 65 96 80 84 30 43 16 20 71 76 23 67 44 85 42 74 12 95 50 2 35 33 30 40 90 69 69 30 64 68 6 53 51 10 15 68 29 95 12 66 36 96 77 11 40 78 88 45 67 37 11 17 58 75 5 22 24 84 98 87 20 38 81 1 14 85 84 70 73 26 67 98 3 82 41 97 66 71 45 35 21 79 58 7 86 43 29 39 11 4 21 81 78 2 13 95 61 15 26 92 90 28 69 23 2 31 33 16 85 60 94 14 75 81 85 34 66 65 45 72 92 31 80 21 35 13 36 68 18 64 18 25 27 20 1 83 30 47 89 59 82 9 100 39 34 8 91 25 28 31 79 80 95 9 7 19 92 17 3 72 67 65 88 62 21 31 63 93 99 95 50 56 31 35 73 30 69 83 30 18 48 18 31 56 4 68 12 80 4 23 60 66 55 33 40 99 39 13 85 41 82 52 79 11 91 56 17 89 43 64 85 33 45 65 100 10 71 53 5 50 24 27 1 61 12 76 1 90 30 19 86 72 79 65 84 64 12 97 81 23 7 84 82 41 59 32 70 99 93 14 35 92 52 66 32 79 59 74 29 48 4 28 86 91 22 14 27 60 89 64 51 6 24 57 61 24 44 73 69 23 38 42 4 6 71 24 97 5 39 71 20 16 49 50 100 43 69 61 40 4 98 46 50 17 86 61 71 64 86 35 63 83 35 48 5 67 48 38 32 8 84 94 63 19 54 19 77 45 49 39 18 13 68 100 70 68 75 11 45 66 73 63 93 89 83 89 87 6 14 100 100 23 22 8 86 88 33 80 49 41 86 1 27 11 82 75 8 74 91 39 53 98 72 27 2 36 2 83 25 90 79 10 100 49 68 42 79 53 39 91 19 71 24 67 70 87 2 100 25 75 15 8 63 30 92 67 91 59 49 27 73 96 3 56 40 29 8 56 86 65 35 83 89 37 85 50 56 39 53 50 99 22 62 8 55 62 42 38 99 77 77 73 40 64 61 95 25 5 98 92 74 5 25 52 2 34 74 59 3 3 61 3 62 66 15 61 21 15 29 3 39 8 92 97 9 92 41 51 29 43 17 99 90 92 35 73 60 65 25 54 6 14 99 9 38 68 ; 
L 56 10 -78 98 -37 -96 9 53 34 64 -79 37 -24 -93 -23 -19 -100 -71 14 32 77 27 -50 -17 -90 -71 11 -88 87 -60 -47 -40 -11 -10 -7 -35 16 -15 32 97 93 14 -25 -90 15 -33 96 -94 -78 48 -92 29 -45 -75 -79 -31 2 -10 66 50 -78 -71 -68 -64 84 81 68 15 -54 -90 -78 35 -73 -53 90 54 -97 -37 73 73 5 -4 25 88 -73 -65 -70 -1 56 -65 8 -42 58 54 83 100 9 48 -70 64 -21 -20 66 -75 53 37 19 79 -24 -80 -78 67 -33 55 15 31 -26 -15 54 -37 -39 92 -39 30 16 45 8 45 27 -20 -96 -37 94 86 55 29 -27 -67 -72 -10 -24 -89 -5 88 -46 -43 83 -89 -55 -74 87 4 54 43 37 85 -27 -15 -52 -67 80 -23 -8 -54 7 22 -76 -27 -98 -40 84 46 -75 -55 -86 95 20 -10 -98 16 67 72 -10 77 -6 -15 -98 -35 -94 6 17 -69 10 -38 -72 -73 46 100 54 46 64 32 -35 -70 66 -12 77 49 -59 -86 -91 93 -68 -82 52 -69 3 32 -62 -33 -5 -15 -34 -27 92 91 5 42 -89 -89 92 -20 -31 -94 56 82 -6 -63 -70 39 43 -54 66 57 74 95 96 82 -79 4 40 71 -82 22 40 1 38 95 -22 72 72 -16 95 -29 68 -87 16 55 41 -81 37 78 -69 -64 -36 -65 -67 13 -1 -14 -36 6 9 28 63 -93 27 60 -37 -46 -35 75 -59 -50 -98 -29 -60 53 9 -3 -19 -55 -96 -48 89 -15 -22 -1 -16 -96 9 -51 41 99 81 -49 7 55 53 68 -26 -28 64 48 -8 71 -19 -96 -41 24 22 -97 65 -17 -8 95 19 -78 86 -83 18 52 3 -40 51 76 90 -24 77 -15 -82 75 71 58 9 42 93 -78 39 -52 23 73 -90 -76 -69 90 64 69 -48 58 21 96 1 -41 27 -28 32 76 -93 -76 48 -38 21 -27 55 69 66 -54 48 -84 -51 -28 78 36 1 -61 43 -25 42 -13 -70 -49 21 95 -79 -59 -53 57 72 -37 46 -65 11 5 -34 -85 -12 -32 -31 -8 -28 -76 12 18 32 -31 32 51 64 49 89 -21 84 -35 43 99 80 13 41 8 -62 -64 -43 84 -7 -93 81 28 18 26 -37 -96 37 99 -30 89 10 84 81 -10 87 5 93 -55 -27 -66 -85 18 -26 -79 99 -94 -48 13 88 -15 -6 -50 -72 76 -78 65 -13 -95 87 51 34 -89 -87 -74 64 -34 -61 9 35 3 61 -8 -1 -74 ; 
30:116 3:11 38:150 26:100 22:84 6:24 36:144 24:94 25:97 53:211 25:97 5:17 27:105 6:24 25:97 9:33 18:72 8:28 18:68 34:134 3:11 8:32 40:160 41:163 7:25 15:57 5:17 23:89 42:164 28:108 17:67 22:88 52:206 3:11 36:144 32:126 4:16 18:72 4:14 21:81 26:102 16:62 13:49 6:22 22:86 31:121 22:86 24:94 2:6 22:84 27:105 27:105 14:54 14:52 8:30 19:73 28:112 35:137 7:27 4:12 35:137 36:140 23:91 10:38 10:40 13:51 10:40 8:32 11:43 1:1 26:104 28:112 11:43 38:152 31:123 31:123 17:67 2:4 52:204 10:36 36:140 26:104 28:110 24:92 4:14 20:78 12:48 8:32 19:73 2:8 8:30 32:128 9:33 16:64 8:32 37:145 4:16 16:62 14:54 4:12 37:145 18:68 17:67 1:3 6:22 32:126 15:59 12:48 26:104 30:120 22:88 4:12 25:99 9:35 40:158 20:80 22:84 18:70 31:121 20:78 30:120 15:57 26:104 29:115 9:33 21:81 32:128 18:70 12:44 34:136 15:59 31:121 20:78 38:148 40:158 28:112 13:51 24:94 17:65 23:91 24:92 30:120 2:8 15:57 8:28 20:76 17:67 26:104 3:11 12:48 37:147 8:30 27:107 1:1 30:120 25:99 26:104 34:134 10:36 35:137 5:17 10:36 34:134 8:30 30:118 8:28 12:44 18:70 35:137 34:132 13:49 42:164 4:12 17:65 35:139 3:11 6:20 18:72 17:67 19:73 34:134 14:56 46:184 25:99 19:75 37:147 24:94 32:126 13:51 27:105 44:172 18:68 12:46 16:62 4:16 36:140 4:16 21:83 33:131 31:123 2:6 16:64 44:176 28:112 26:100 26:102 8:28 10:40 11:43 14:56 19:75 38:148 20:78 32:128 19:75 8:30 41:161 15:59 3:9 27:105 22:86 6:20 1:3 39:155 1:3 12:48 26:102 28:108 3:9 5:17 14:54 15:59 62:244 13:49 5:17 34:136 14:54 30:116 20:76 35:137 42:164 25:97 15:57 13:51 52:206 28:112 35:139 1:1 21:83 5:17 18:68 7:27 37:147 36:144 23:89 16:60 37:147 18:68 11:41 25:99 50:196 4:16 20:78 31:123 8:30 30:116 25:97 24:92 10:40 16:60 16:64 3:9 2:6 6:24 4:16 7:25 10:36 26:104 5:19 18:70 14:56 8:30 14:52 16:60 39:155 2:8 18:68 40:158 19:75 11:43 8:28 9:35 1:3 37:145 35:137 20:78 16:64 22:88 8:32 37:147 44:176 34:134 32:128 39:153 26:104 16:60 24:96 35:137 27:105 15:57 39:153 31:123 22:84 5:19 26:102 19:75 38:150 25:97 52:208 35:137 21:83 27:105 2:4 25:97 2:4 2:4 31:121 3:9 7:25 52:204 6:22 1:3 10:40 46:184 26:102 25:97 38:152 20:80 50:198 14:56 10:38 15:57 12:48 37:147 14:54 28:110 12:44 38:150 17:67 30:116 23:89 28:110 5:19 32:128 2:6 10:36 24:96 22:88 13:51 18:68 14:52 40:160 10:38 7:27 33:131 10:38 12:48 20:76 2:8 27:107 20:78 28:110 30:116 20:80 26:104 30:116 26:102 7:25 26:104 33:131 2:4 40:156 20:76 42:166 24:96 11:43 15:57 24:92 26:100 22:86 32:126 12:44 28:110 10:36 1:3 13:49 23:89 10:40 7:25 4:14 25:97 23:91 3:11 3:11 12:46 16:64 23:89 2:4 39:153 30:116 34:132 27:107 15:59 5:17 16:60 40:156 4:14 15:57 28:108 22:88 28:108 6:20 8:28 16:60 25:99 34:132 28:110 13:51 2:6 31:123 4:16 42:168 6:24 8:32 29:113 15:57 36:144 12:48 4:12 14:56 32:124 34:132 32:126 40:156 46:182 2:6 40:158 6:22 37:147 39:155 4:14 37:147 5:19 34:134 4:14 4:12 22:86 30:120 33:129 34:136 14:54 27:105 26:104 18:68 33:129 33:129 24:94 15:59 43:169 11:41 21:81 28:110 5:19 14:52 16:64 40:158 16:62 6:20 23:89 10:36 36:142 4:16 8:32 70:276 27:105 40:160 40:156 22:84 26:100 22:84 4:14 8:32 22:84 16:64 23:89 9:33 12:48 36:142 31:123 16:60 28:108 ; 
L -100 -50 68 -82 29 88 13 -88 -17 -21 30 -30 57 -43 13 -24 35 64 -55 62 4 -100 -87 38 -84 82 -80 90 -92 98 39 62 -69 -12 28 -86 -74 -59 31 -8 -2 -18 69 -1 69 96 87 23 -5 15 -68 54 35 -13 35 27 65 -13 -26 -89 34 84 6 85 67 83 -38 58 46 60 -66 28 -59 19 34 63 -4 -67 -28 46 54 -60 60 50 93 51 -7 -39 -75 37 21 75 73 39 -80 -66 -92 87 22 -1 -82 -26 -47 -99 -35 -94 67 -84 -63 -7 75 87 -20 74 -22 -6 12 72 -59 77 77 -77 7 -3 -1 -79 63 -83 -40 98 -36 61 -47 1 -24 37 -81 2 -58 -36 -60 -35 -89 -66 66 -86 -96 -4 -41 61 -46 3 10 -11 60 16 37 93 -62 -47 -33 -31 89 34 79 55 -100 3 -44 43 -68 -89 -3 92 34 91 -18 -76 53 -8 5 87 -89 -42 -86 18 -48 -13 8 27 -96 -12 37 -21 -1 21 44 3 -58 -57 4 -24 23 16 39 58 85 91 -14 69 85 80 -20 -93 -4 -59 -27 -77 -97 -2 94 22 60 -2 31 -71 -43 -29 -34 -60 -100 -18 90 -73 -32 92 6 17 100 -31 62 -10 -22 79 66 -31 13 -59 97 -56 -55 3 47 -40 -45 -45 -25 86 97 57 48 13 99 -98 -37 -30 31 23 16 52 63 -65 -95 69 70 -60 -59 -33 64 38 40 80 61 76 -56 -40 64 84 28 -75 -51 -48 -92 71 -3 88 -82 1 -69 49 -83 -92 24 -71 25 50 -66 -41 31 -63 -91 -50 -84 26 62 94 50 100 40 -66 -27 -29 92 47 -30 -69 1 -92 82 -57 42 -73 -4 -74 -18 -91 -25 100 -46 84 32 -17 65 -27 -91 52 32 8 -83 9 -76 -39 20 -33 -1 85 -44 -70 83 -65 48 -20 24 13 -36 -15 40 -69 -76 -87 -52 88 -20 -32 -22 59 -55 40 -14 -86 96 31 83 29 -54 55 -7 9 -61 -42 -76 -46 -89 -81 -35 -29 -10 78 58 -31 36 15 -84 -43 -4 56 -89 -87 -58 81 94 23 55 -36 55 -6 10 -86 65 -74 -79 -9 27 52 85 11 9 56 -77 61 -33 88 40 -10 98 10 1 8 -40 76 50 -28 -62 -15 -94 9 62 -84 -67 -35 24 48 -76 -45 -20 32 84 -2 14 17 85 42 83 18 -11 -2 86 -70 -28 47 54 -40 87 -23 -88 -34 64 -88 -80 -88 96 17 49 -43 -43 3 -95 -45 17 43 80 -31 34 7 63 -62 60 -54 -95 21 ; 
15 20 85 20 70 12 81 17 19 48 23 24 85 9 96 38 65 73 57 77 68 87 45 71 94 83 100 60 3 8 60 66 10 21 20 20 39 53 54 32 24 39 87 90 87 27 42 76 61 55 26 49 65 5 75 11 4 66 1 99 88 65 19 95 98 53 14 5 67 43 47 82 30 2 96 45 51 82 49 62 28 46 60 10 66 5 20 89 4 23 91 74 34 89 43 47 44 52 61 13 53 54 65 18 78 49 10 41 91 59 29 46 46 82 75 95 2 65 31 23 41 23 84 97 18 29 13 26 73 34 55 6 4 38 83 35 38 61 44 14 63 27 80 68 3 98 98 3 100 88 80 96 14 87 33 90 24 28 26 82 7 64 70 65 78 91 33 89 36 6 94 49 20 16 39 25 84 54 62 49 35 62 79 12 6 87 30 23 87 98 66 35 75 53 45 46 33 61 37 11 46 27 42 70 61 77 5 79 82 37 62 25 59 52 18 25 49 33 85 11 69 75 11 11 99 93 95 72 92 1 42 21 69 63 39 6 42 27 47 35 89 31 2 72 30 26 29 97 77 37 1 53 44 72 10 2 44 67 8 29 50 39 100 32 7 73 90 16 8 8 41 86 39 75 65 96 26 11 38 35 51 71 76 67 38 30 76 19 35 18 27 86 99 39 87 19 1 26 24 52 27 36 60 73 19 51 48 44 63 18 98 30 25 78 70 9 30 2 9 2 95 71 62 33 9 57 64 36 29 42 66 90 82 91 66 84 44 40 37 5 85 46 1 66 45 94 40 80 10 95 24 12 7 91 50 27 4 39 63 30 1 3 29 58 60 68 96 28 75 88 40 42 60 90 44 25 33 59 86 44 97 59 27 54 11 88 57 54 23 34 16 63 24 1 25 45 51 53 30 86 6 4 94 31 30 51 8 17 86 10 68 33 21 88 93 45 40 95 49 48 13 3 68 31 42 86 70 2 77 78 19 26 25 14 92 24 27 37 95 87 14 94 17 9 15 53 27 100 40 78 85 99 10 21 92 31 63 44 13 6 74 24 71 49 46 14 73 81 31 9 95 51 13 15 50 61 4 78 37 85 12 83 42 22 37 46 73 15 5 59 1 65 44 26 4 86 92 91 75 35 97 ; 
L -100 -50 -92 -1 92 -34 -4 -81 -31 30 -34 64 21 74 -86 65 -63 -7 80 -31 -49 -17 -51 59 4 93 2 97 77 27 -62 55 -64 -35 24 -24 69 96 35 63 52 85 11 9 56 -77 62 -47 28 89 20 -33 40 62 54 -40 87 -23 -88 -85 -1 -60 -22 -94 20 -80 -85 63 -83 84 6 85 51 -7 -39 1 86 42 -55 -71 -27 13 -59 -64 40 56 -17 45 -69 -44 84 -15 86 -58 -39 -11 38 70 -55 -42 92 52 32 65 34 79 55 -100 3 18 -52 -16 -23 -43 3 -95 -40 83 -89 31 34 63 48 -25 100 -46 -82 -66 66 -47 94 -80 -86 -74 -24 76 69 -87 -83 -42 -98 40 83 -27 9 31 87 22 -1 48 52 18 -16 -86 -60 -35 24 48 -76 -45 -20 -47 -63 18 100 76 -77 -77 59 -72 8 -34 -4 -62 -63 -7 -92 -50 61 90 -73 -32 56 26 61 -74 -18 -91 91 -95 69 -1 65 79 74 -6 -82 1 6 -77 -83 15 36 -13 -24 40 10 29 -15 97 -75 6 17 100 33 -39 -73 -75 -21 -37 75 21 44 -59 59 60 -50 -60 60 -54 -46 28 67 4 8 -83 -9 7 -55 54 60 16 37 93 -62 -13 35 27 12 5 87 -89 12 96 -27 -8 13 -65 -84 -33 -71 26 13 -65 -69 49 -31 41 56 -89 -87 -58 -40 76 -82 29 88 13 -88 -17 66 -50 -25 67 84 -62 -9 94 15 62 28 -89 -3 76 18 -91 -53 92 -100 -87 38 -90 80 -82 29 11 40 -87 89 60 3 57 61 32 4 73 79 66 92 66 -61 -96 36 58 -2 43 34 -58 -57 4 8 -31 -33 64 -50 -76 -46 -89 -81 79 -2 -10 75 -28 -84 36 -8 -1 -10 -7 37 98 -99 -13 -48 -57 -68 -43 22 31 58 -31 36 25 39 76 -9 -61 86 69 -62 -39 -98 -81 -85 35 87 23 -5 85 91 -14 69 88 -20 -32 -98 10 -20 -3 -2 60 12 -70 43 43 -68 47 26 82 -27 -91 -1 17 -3 -2 -42 -38 58 46 60 -66 28 -59 19 -31 -47 67 -84 -45 -13 43 -57 30 -30 -88 -80 -88 96 78 -71 -43 -10 -22 -55 -69 67 20 -50 -84 -97 84 32 23 -36 55 -48 -40 30 -47 68 59 37 -21 18 54 -45 -14 2 -93 -70 -24 37 54 -17 92 -14 44 22 -88 3 88 -10 -3 46 -40 94 35 -66 41 -28 34 29 -23 86 100 -80 99 1 31 83 84 -92 94 -96 -4 29 -35 -95 21 ; 
6:24 8:32 23:91 33:131 22:86 22:86 22:84 21:81 10:40 36:144 6:24 2:6 15:57 16:60 38:148 20:78 19:73 2:6 7:27 26:104 10:36 17:67 15:57 30:120 10:40 8:28 30:116 5:17 34:136 14:52 8:28 14:56 23:91 30:116 26:104 34:134 38:148 11:43 22:84 8:28 6:20 17:67 35:137 28:112 1:3 31:123 34:132 11:43 4:14 19:75 13:49 37:145 26:104 24:92 39:153 21:81 6:20 6:24 20:80 24:92 10:38 4:12 5:17 30:120 20:76 24:94 10:40 9:33 9:35 19:75 8:30 38:152 22:88 8:32 36:142 10:38 13:51 3:9 13:49 9:33 22:86 13:51 39:155 14:56 31:121 12:48 15:57 2:8 15:57 26:102 11:43 38:150 25:97 2:4 31:123 5:19 4:12 30:120 24:96 14:52 22:88 32:126 16:64 7:27 13:51 32:124 37:145 14:52 36:142 24:94 8:28 4:12 4:12 23:89 19:73 30:116 31:121 16:62 26:100 28:112 21:81 18:72 16:60 5:17 16:64 15:59 8:28 28:112 2:4 13:49 2:6 26:102 3:9 16:62 14:54 21:83 30:120 8:30 10:36 29:113 18:70 14:54 30:116 18:70 28:108 4:16 9:35 25:97 6:20 19:73 4:14 27:105 38:152 24:94 36:142 10:38 34:136 40:158 4:16 9:33 37:147 10:36 28:108 27:107 9:33 39:153 35:137 17:65 10:36 13:49 30:120 14:54 48:190 28:108 36:142 24:94 22:84 1:1 17:67 15:59 26:100 16:62 11:43 32:124 26:104 56:220 27:105 34:134 24:96 44:172 30:120 41:161 10:38 56:224 6:20 30:118 2:4 11:41 5:19 8:30 30:118 34:134 28:108 24:96 24:92 12:44 17:65 21:81 8:32 24:96 28:112 8:28 11:43 19:75 30:120 17:67 36:142 14:54 30:118 37:145 10:36 11:41 14:52 33:129 13:51 11:41 26:104 4:16 24:96 19:73 12:44 25:99 20:78 33:131 31:123 4:16 38:148 22:86 23:91 36:140 8:28 36:144 10:38 12:44 11:41 13:49 30:120 5:17 2:4 10:40 25:99 32:126 22:84 14:56 27:105 40:156 35:139 14:56 20:78 9:33 24:92 38:152 1:1 27:105 6:24 21:83 10:36 26:100 23:89 4:12 7:27 35:137 24:94 30:120 2:6 28:112 5:19 33:129 7:27 8:30 13:51 20:76 21:81 23:91 16:64 40:160 11:43 22:84 6:24 4:14 7:27 16:62 8:32 16:62 22:86 34:134 16:64 16:62 3:11 18:72 29:113 30:118 24:96 40:160 46:184 11:41 11:41 14:54 25:97 34:134 30:120 39:155 9:33 5:19 6:22 33:131 42:168 12:48 23:89 18:70 41:161 28:110 29:113 6:22 18:70 14:52 18:68 17:65 5:17 19:73 14:52 13:51 14:52 16:60 29:115 6:22 30:120 10:38 1:1 8:32 13:51 38:150 15:59 8:28 14:56 21:83 23:91 15:59 11:43 33:129 19:75 3:11 13:51 40:160 16:62 20:80 34:132 7:27 30:118 33:131 41:161 35:137 3:9 4:16 15:57 5:19 10:38 10:40 10:40 34:136 4:16 27:105 24:96 15:57 10:38 25:97 18:70 31:121 25:97 2:8 32:126 33:131 15:59 18:72 24:96 36:144 16:60 37:147 11:41 36:140 7:27 16:64 1:1 7:27 20:78 4:16 38:150 16:62 26:104 22:86 25:97 18:72 21:81 1:1 36:142 6:22 33:131 19:75 2:8 27:107 18:68 19:75 33:131 12:48 1:3 28:110 22:84 3:11 17:65 9:35 19:75 39:153 4:14 34:136 10:38 26:104 15:59 34:136 5:19 42:166 9:35 38:152 17:67 1:3 11:43 10:40 21:83 27:105 3:9 10:40 15:59 10:36 34:136 18:70 20:80 38:148 41:161 55:219 37:145 4:14 25:97 12:46 10:38 22:84 40:160 17:67 12:48 10:40 6:20 22:88 39:155 19:75 14:56 15:57 32:124 4:12 20:76 29:115 10:36 12:46 8:30 22:88 35:137 6:22 39:153 7:25 1:3 20:78 4:14 14:56 10:36 8:32 37:147 10:40 35:139 16:62 8:28 33:129 24:94 57:225 11:43 9:35 10:36 16:64 18:70 2:4 54:216 30:120 36:144 14:56 39:155 ; 
L -49 60 32 -75 -21 80 15 -82 91 -30 16 -85 4 -68 -21 -22 55 -69 -29 -76 -35 -95 -2 -17 38 -2 -45 35 51 34 20 -59 -96 73 -68 16 -58 -67 11 12 -15 -87 56 34 -52 -54 -72 -72 -53 80 -57 -48 61 -58 48 -27 -14 -1 -19 54 -3 95 4 -41 -90 -81 75 3 65 7 8 -83 -95 -76 -39 -33 -88 10 -32 89 -33 -18 -32 82 -7 -90 68 -50 57 97 14 -2 -24 -7 22 17 16 55 57 9 38 -48 11 -63 99 67 27 70 23 94 -67 -70 35 -44 38 91 44 69 53 39 25 99 36 61 -93 -69 -95 -2 44 -11 -20 -91 -100 -82 -73 -14 56 97 -96 -34 31 15 -62 -82 -38 24 -88 56 -55 47 -8 -57 22 10 86 -85 94 46 -53 60 65 7 -58 19 61 -90 -45 -51 -51 58 -40 -1 -69 -31 -30 53 98 67 -96 -25 -23 -57 -26 -95 -39 -10 -96 -25 11 16 80 54 -77 -59 -57 99 -81 -95 22 68 56 15 -63 -86 48 -82 -86 9 -30 87 54 23 -61 -62 100 -73 99 18 -58 61 18 51 -7 95 -53 -44 78 -55 40 -24 -57 -94 -45 -70 -5 70 57 4 24 -33 40 54 -33 11 86 -60 -83 42 -18 -73 -34 -72 -56 -18 4 26 -30 29 -48 -60 -21 -97 -1 57 5 48 9 98 50 -72 -10 -94 -54 -19 14 -23 90 12 17 36 -80 35 27 -4 -64 57 68 -61 81 53 54 -66 87 41 -70 9 84 29 20 -63 73 -48 -67 -12 31 -53 -82 -25 95 -10 79 66 -67 -36 20 37 -23 54 3 39 94 -52 -19 -75 65 51 -59 10 23 -88 13 80 -52 91 83 -51 4 86 24 3 21 -95 -21 5 29 -95 95 40 -6 -43 30 -76 53 90 -59 -24 40 99 -76 38 -70 51 -16 -94 81 82 14 9 -99 94 46 43 -85 97 29 54 -47 81 -16 -2 -60 -63 31 41 -20 -30 -18 61 -84 12 -21 -64 -72 -82 78 -6 -75 -42 68 38 -33 10 -74 7 -5 -42 88 68 -60 -30 -21 -25 -90 83 -42 68 -83 -26 -43 40 54 100 -77 34 -64 9 41 19 -90 99 -1 -83 -38 15 56 50 -60 95 -39 -26 78 -54 97 -60 20 -61 -71 44 -88 23 -50 91 -14 -89 -54 44 -25 24 -32 73 52 -69 -41 -85 56 50 62 -24 41 8 -88 6 -55 -78 97 -34 82 68 10 -84 -59 68 -67 -4 34 -13 -13 -52 -74 92 -70 -84 21 -57 79 33 -93 29 -2 -4 ; 
29 39 30 18 55 54 50 59 26 86 19 37 94 82 55 39 23 37 100 89 49 80 94 51 68 52 82 34 20 73 76 83 72 25 75 49 56 75 55 19 40 33 96 92 10 33 14 24 100 25 27 97 62 58 34 100 48 29 23 27 32 57 100 74 16 89 69 26 58 100 78 67 49 72 54 31 78 43 37 55 21 51 49 49 19 71 24 23 44 3 12 38 39 7 53 70 10 87 87 88 86 94 72 2 25 65 69 44 84 18 4 45 87 84 86 43 50 27 54 19 10 43 18 84 39 55 27 82 83 29 22 13 81 99 9 24 96 44 78 11 6 62 75 14 9 93 72 36 70 96 99 92 98 37 13 1 10 62 90 61 29 74 90 84 70 41 30 29 20 11 53 39 15 54 16 2 89 97 48 71 22 11 22 14 44 69 29 89 86 56 96 25 99 31 22 71 53 82 36 7 37 38 69 29 69 82 86 36 55 90 8 80 70 30 6 53 69 93 10 12 87 48 99 77 40 2 98 45 9 10 89 84 28 39 70 98 11 10 46 13 6 78 70 64 17 92 37 56 24 27 70 12 22 7 71 42 68 63 86 41 61 54 9 86 23 82 90 75 21 36 40 91 77 74 64 17 84 7 55 95 38 75 71 99 23 41 24 2 52 23 33 56 67 18 95 18 96 73 72 14 97 62 37 74 88 97 46 32 57 3 81 75 2 72 90 37 6 86 48 35 30 66 8 49 33 55 78 3 31 51 43 31 44 67 12 94 78 95 96 13 56 45 87 35 65 9 54 4 5 75 67 32 7 54 96 53 29 63 9 84 78 45 46 1 5 65 15 2 58 53 86 72 40 79 40 82 41 17 11 35 41 62 91 22 9 43 25 56 73 41 70 66 54 79 36 83 18 94 30 5 31 51 22 45 64 58 98 81 69 78 47 98 94 66 27 62 7 62 69 19 70 63 76 31 53 5 41 45 63 54 63 15 74 56 16 27 85 98 49 2 39 73 23 33 89 20 38 32 15 59 56 6 32 64 50 3 65 80 20 72 35 84 70 43 48 61 22 71 86 90 25 2 10 91 94 34 55 82 46 74 58 9 34 47 59 79 98 64 49 36 67 2 28 90 35 31 50 76 1 35 93 ; 
L -49 94 51 45 66 82 -7 -100 62 -23 88 -44 71 -57 -57 -15 -54 -23 23 -14 79 -15 38 83 -58 61 6 -55 -78 97 -34 -97 54 83 60 39 45 -21 54 52 -34 -56 87 -11 -88 -7 36 -29 -84 -9 70 -90 68 -50 57 -39 -26 78 95 -5 -42 68 -58 42 -5 70 -82 -81 94 -20 41 69 -52 90 -34 -72 -19 97 -13 25 22 -11 61 21 -85 -29 27 -48 58 -61 48 -62 -82 -38 24 -88 -13 88 -90 99 -21 73 -68 16 -58 96 -12 99 13 -59 -96 76 95 83 61 73 -10 -73 67 -68 99 -76 38 67 48 -18 83 -51 4 73 -86 54 -47 81 -16 -2 -40 -1 -22 7 24 2 63 4 26 -30 -80 -31 -14 -34 4 67 -21 -97 55 -78 42 75 -76 53 90 -59 -24 72 -50 -19 -57 50 9 -57 14 9 -99 94 46 43 2 16 -85 4 -68 -21 -22 55 -69 -29 80 -52 10 86 11 93 -61 -36 -99 -26 -95 -39 -10 -96 56 50 -60 95 -53 35 20 -99 63 15 -77 78 -95 33 33 -93 -54 30 -34 53 81 90 41 -4 -95 3 -54 -75 65 51 -59 10 23 -61 18 30 -33 -88 10 -32 -25 -90 83 -42 68 -83 -82 91 -40 -6 -30 43 6 63 48 95 30 40 9 -45 -70 3 -69 -95 -2 44 -11 -20 43 26 39 94 74 52 18 41 16 64 21 -1 7 8 29 73 89 69 1 40 -65 -29 -97 -95 -85 -20 -91 -100 -82 57 59 84 16 80 54 -77 -59 -57 99 -81 -57 48 32 -25 -56 -95 25 82 53 -41 50 62 -18 -24 -56 85 -53 30 31 -21 80 15 60 -95 7 -51 -18 -10 79 66 -9 -48 -5 -84 -31 -69 -44 -91 -38 44 -55 8 -70 35 -52 -34 82 92 -40 33 -24 -4 -57 -56 -18 60 -24 -57 40 54 25 -53 -81 61 -7 95 17 16 -70 -84 -17 -12 -44 54 89 14 -20 60 82 68 10 -11 100 -12 -23 -20 -34 1 31 47 -8 54 17 2 -65 -53 -44 68 41 -15 -56 -68 -22 -61 91 -3 -24 -86 14 -5 -39 98 67 32 -24 72 -51 70 -86 53 -46 -94 68 -60 -94 38 12 82 -48 86 63 67 27 -4 -64 -91 -37 3 88 67 -94 -23 -70 -60 -54 -98 -67 -36 -80 -74 21 38 -33 10 72 72 -75 -41 -60 27 32 -75 -33 -90 -57 -25 35 51 96 -97 -56 14 73 -55 38 29 -87 -51 58 -19 19 -64 35 76 9 -30 87 54 23 19 -2 -4 ; 
12:46 15:57 35:139 12:46 14:54 16:64 8:30 8:28 3:9 18:68 24:94 6:24 13:51 22:88 38:148 34:134 26:102 12:46 37:145 7:27 17:67 12:44 23:89 30:118 4:16 5:19 31:121 4:16 37:145 38:150 14:54 18:70 10:36 29:113 15:59 30:116 2:4 6:24 30:120 14:52 4:16 37:147 39:153 3:9 22:86 8:32 38:152 43:169 30:116 39:153 8:28 64:254 10:38 10:36 18:70 22:88 1:3 16:62 11:43 41:163 24:92 49:195 26:104 31:121 26:100 40:156 6:24 26:104 2:8 4:14 19:75 28:112 34:134 33:131 20:78 5:19 5:19 6:24 30:118 13:49 18:72 15:59 46:184 16:64 19:75 28:110 21:81 40:160 14:54 24:92 25:99 36:140 6:22 4:14 38:148 29:115 12:46 18:68 31:121 22:86 13:49 10:36 30:120 20:78 23:89 28:112 30:116 28:108 19:73 34:136 29:115 16:62 29:115 20:78 28:110 25:99 16:64 15:59 23:91 14:54 8:28 4:14 34:134 42:166 15:59 17:67 5:17 38:150 32:124 15:57 24:96 7:27 17:65 7:27 5:17 14:56 13:49 4:12 7:25 22:84 3:11 16:62 6:20 30:116 17:67 28:108 13:51 33:131 47:185 7:27 24:94 10:36 37:147 22:86 4:16 18:72 21:83 38:150 10:36 3:11 22:86 39:153 22:84 26:102 15:57 23:89 26:102 24:94 18:72 9:33 5:17 1:3 24:92 22:84 35:137 29:115 42:166 20:78 15:59 38:150 33:131 22:88 16:62 10:36 15:59 40:160 19:73 18:70 20:80 6:20 16:62 20:80 16:62 34:134 8:28 6:22 6:22 18:70 28:110 12:46 15:57 11:43 34:136 40:156 43:169 16:62 64:254 32:128 10:40 12:46 18:70 3:11 18:70 7:27 6:24 20:80 34:132 11:43 31:121 23:89 26:100 36:142 7:25 30:118 40:160 23:91 13:51 12:46 14:52 22:88 32:124 2:4 13:49 14:56 23:89 10:40 29:115 32:124 18:68 15:59 25:99 38:150 27:105 11:43 25:99 3:11 16:64 11:41 4:14 18:68 11:43 27:107 30:120 24:94 20:80 56:222 20:76 3:9 44:176 2:4 16:62 28:112 40:158 11:43 33:131 34:132 12:46 17:65 21:81 28:110 6:20 12:48 8:32 20:78 45:177 3:9 1:1 14:56 27:105 9:35 8:32 32:124 46:180 16:64 12:46 21:81 6:24 16:62 40:160 19:73 16:64 8:30 26:100 16:64 6:20 33:129 40:158 30:118 13:51 24:92 39:153 39:153 10:40 40:158 13:49 9:35 29:113 22:84 10:38 28:112 40:156 16:62 20:80 10:38 23:91 13:51 19:73 29:113 38:148 9:35 24:92 23:89 22:86 20:76 26:104 1:3 7:25 11:43 22:86 20:80 16:60 18:72 31:123 40:158 20:76 17:67 33:129 30:120 27:107 36:144 33:131 19:73 17:65 2:6 11:43 20:80 18:68 35:137 41:161 39:153 5:19 35:139 39:155 17:67 24:96 13:51 36:142 3:9 6:20 19:73 11:43 23:89 3:11 24:96 8:32 36:142 30:120 28:112 14:52 52:204 10:36 21:83 11:43 34:134 14:54 4:16 18:72 1:3 22:88 22:88 24:94 2:4 20:80 26:102 12:46 36:142 18:70 33:131 19:73 14:54 47:185 29:115 14:56 58:230 31:121 12:44 40:156 47:185 40:158 18:70 18:70 21:81 34:134 10:38 1:3 31:121 11:43 8:28 16:60 15:59 3:11 35:137 13:51 16:62 6:20 39:153 30:118 25:99 21:83 9:35 39:155 41:163 8:32 46:184 26:104 18:72 36:144 36:142 36:144 25:99 6:22 28:110 19:73 45:177 26:102 18:70 33:131 28:110 12:46 2:8 20:78 40:158 10:36 6:20 3:11 18:68 7:27 24:92 2:6 8:28 34:134 5:17 32:128 16:62 4:16 29:115 7:25 9:35 8:28 29:113 13:49 21:81 19:75 10:38 4:12 11:41 35:137 16:60 26:100 8:28 21:83 13:49 2:6 21:81 17:65 8:32 14:52 32:124 18:70 39:153 10:38 9:35 20:78 28:110 6:22 2:4 5:17 23:89 19:75 8:30 42:166 20:78 35:139 22:88 36:144 4:12 32:128 24:94 4:14 14:56 38:148 ; 
L -18 -43 -40 -6 91 62 -87 65 -40 -17 78 22 57 20 -29 96 27 -70 60 36 -55 63 -64 -89 -79 -35 74 -72 10 -88 -25 23 61 -13 -78 -92 -24 -100 71 46 6 62 -67 -94 -81 -6 69 -23 -33 74 18 100 -92 -29 -17 -11 -67 63 -24 14 -54 18 45 -3 -33 57 98 -43 53 -5 -57 9 -87 40 27 -78 38 97 -41 97 -29 -79 -20 -24 57 19 -56 17 51 -99 25 -41 -48 85 -71 -1 36 -25 89 -11 48 44 78 47 -1 65 46 22 -66 -74 -63 -74 -21 -85 29 76 16 -59 -3 -49 -99 -76 42 17 8 -68 -90 -86 -51 -28 50 -75 -98 -100 -93 3 -10 -23 45 87 -45 98 -35 45 78 -39 -3 -12 -90 -75 -50 82 -29 -80 -93 40 49 95 -76 10 86 37 66 -60 43 9 54 -62 -36 51 -85 -1 64 81 96 -14 44 -2 -76 -74 20 -2 -3 50 -39 -85 -95 -44 -90 -83 62 76 70 -49 -16 -62 69 29 32 -84 -47 9 -64 -46 58 -17 19 -39 -70 54 89 -78 15 39 24 -69 -48 92 29 -63 80 -26 22 83 -25 77 -30 59 -47 -38 66 66 -83 43 -22 92 -64 -24 25 67 76 -17 -50 -96 5 -56 -30 -96 -31 56 17 -33 -21 90 -7 -50 71 -14 99 28 16 7 13 41 -17 -99 45 -39 44 94 -66 -27 22 -86 -11 38 -24 69 8 78 39 17 -26 99 62 -28 54 68 93 58 86 46 80 -76 -28 34 8 -20 72 72 -74 53 34 -93 -39 44 73 98 -82 -61 74 93 -35 -93 -92 46 -73 67 40 -91 66 -54 10 63 46 -42 -79 -20 61 49 -44 -64 57 45 -74 36 90 91 36 -12 2 92 -26 -97 -16 -45 49 60 10 5 5 85 -6 -39 29 -45 -67 -72 69 2 -84 31 -17 -72 -44 12 -84 87 10 2 86 65 54 89 -93 89 95 -39 -97 -78 51 30 66 58 41 61 43 46 70 -82 32 -73 -36 -31 24 -68 -13 37 16 -49 29 -66 -12 30 10 -92 -11 40 -62 88 78 -6 68 -54 -69 36 -86 -97 -8 -27 -39 99 70 73 95 96 -47 -52 -80 -73 27 -27 -11 -82 71 -11 -85 52 63 -94 -88 -68 -100 -26 66 -71 89 -53 28 -9 76 8 53 60 -45 -64 1 77 43 -91 21 -62 22 -1 65 4 -23 -18 -21 51 -10 -69 -30 17 72 -41 25 4 -83 -1 -47 -15 47 -44 -93 -20 -98 84 48 12 93 37 -19 38 81 -44 46 4 -62 32 ; 
26 1 70 91 33 86 77 31 62 46 68 51 40 8 4 87 91 27 35 97 27 2 52 66 62 17 61 6 60 14 73 31 62 41 3 65 43 71 77 22 36 17 26 61 57 77 73 97 6 94 31 67 22 82 89 86 50 51 6 44 6 52 83 91 29 4 65 25 65 82 53 73 54 48 35 7 20 27 75 41 82 57 60 50 36 57 1 96 88 93 8 7 45 67 71 86 20 47 30 51 41 45 33 69 79 22 89 14 96 3 94 42 1 76 64 28 82 64 63 56 20 1 16 38 65 52 48 71 55 57 54 6 23 18 63 57 26 66 48 54 29 17 39 8 38 94 8 30 39 37 12 6 76 6 12 68 36 36 3 34 74 95 22 75 75 51 11 55 91 14 90 56 15 84 98 15 63 42 4 41 40 40 62 96 90 12 32 36 2 47 3 67 53 9 36 9 39 73 44 97 89 33 72 26 46 40 71 44 69 50 23 53 59 58 3 10 77 36 62 45 71 9 61 95 35 53 32 46 36 27 20 24 35 10 100 66 3 42 27 73 77 48 33 52 37 88 29 22 26 89 93 46 40 90 35 68 80 34 18 54 88 72 42 49 82 90 75 82 69 30 13 65 65 78 58 41 77 65 76 52 79 58 3 97 6 96 28 8 29 27 27 14 89 21 17 6 9 36 26 21 62 75 69 72 59 19 4 77 53 64 87 48 78 93 64 36 72 33 87 56 79 42 88 56 10 45 26 87 87 60 94 29 62 12 88 56 72 35 66 73 63 55 30 89 92 21 28 19 4 55 75 43 87 69 78 31 5 34 53 93 26 33 86 53 84 63 53 86 14 64 2 92 3 39 33 41 69 96 10 85 41 11 32 24 69 95 73 44 37 12 52 59 47 16 17 64 97 36 50 90 71 70 67 82 95 75 6 71 6 20 23 4 63 46 26 5 14 42 78 59 60 41 8 3 54 99 3 97 39 26 52 25 25 8 49 29 35 13 16 32 12 52 73 63 19 95 61 58 41 39 65 83 12 10 90 90 31 77 99 79 94 43 87 16 40 50 68 79 69 64 17 13 31 1 48 38 69 57 44 64 53 67 34 19 49 54 54 33 56 13 37 65 32 59 93 72 95 67 50 75 7 ; 
L -18 -43 -40 -36 -91 -17 54 -65 -74 -26 -49 45 -56 -93 59 -47 -38 82 93 72 99 8 97 86 -36 69 97 -66 -66 71 64 -16 -28 63 -64 8 -20 62 -28 -46 -43 -61 73 -93 20 -62 39 -50 3 -70 54 68 37 16 77 -30 6 -78 -45 98 21 76 -83 -92 -11 40 93 -8 -17 67 76 -17 -44 26 100 98 -83 -22 2 -84 35 83 -63 -11 73 80 81 -44 79 89 9 93 62 -67 -94 -81 -6 -45 43 -53 74 -34 -98 66 -94 -44 39 -45 99 -19 -57 17 -72 66 58 41 79 51 -92 61 -22 -75 -25 -49 -64 -24 25 -17 -11 -67 63 54 -45 -18 -24 14 -12 -91 -31 -29 -73 -36 -31 33 -47 89 -53 28 -29 39 -47 9 -97 -38 -40 93 80 -16 -76 -29 -74 -87 84 39 27 -99 -86 -69 72 67 45 3 99 29 32 -84 -29 -42 -24 57 -27 22 69 8 -92 -2 12 72 24 20 -70 -78 -44 -48 11 30 -74 33 -69 -30 -88 -68 -68 -27 53 66 -76 -28 -99 25 -41 -48 10 47 78 -25 -62 -96 80 52 37 -66 26 74 -72 -85 -36 51 -66 -27 -86 -16 17 -54 11 -100 60 12 -70 -49 -16 -36 -5 57 20 -29 96 90 -78 49 95 3 59 29 -82 50 75 90 12 3 39 65 46 22 -66 56 -68 -12 -48 -84 -58 -74 -63 62 -89 -54 35 40 -64 76 70 60 29 -95 97 51 -89 25 18 100 -46 -58 46 64 -41 -85 -1 64 -32 82 2 -20 46 6 76 8 -1 -47 -15 2 -50 -96 -22 -78 17 40 -65 87 -62 -91 6 -14 5 -17 -72 -44 -40 -67 73 -46 92 93 17 -33 -21 90 -7 -56 31 -69 -48 92 81 96 49 -76 10 86 97 26 78 39 -80 63 45 -74 36 -36 -13 -41 -30 -17 19 -39 98 -82 -43 73 -70 54 89 -78 15 39 24 -46 1 71 -85 -30 10 5 5 90 -24 -55 -99 -44 -90 -1 65 4 -23 -18 -21 51 -10 23 -69 -60 -53 83 -4 -89 -1 -78 -45 35 -39 44 -94 -93 -54 10 86 85 -6 -38 27 19 -37 17 51 34 -41 -39 -71 100 24 92 78 13 -61 -23 25 88 -10 -98 -28 50 92 29 -93 3 -10 -23 45 87 -88 -85 -95 1 77 43 -91 21 -62 22 62 14 -71 13 46 -42 -79 -20 61 49 -10 -63 -52 85 11 57 -50 4 95 96 87 -9 57 68 27 38 -86 -2 -44 7 44 -47 -76 -74 69 71 43 9 -66 60 -62 32 ; 
11:41 1:1 28:112 41:161 27:105 18:70 16:64 33:131 14:56 31:121 17:65 12:44 18:72 31:123 24:96 15:57 11:43 8:28 42:168 16:62 11:41 10:36 32:124 17:67 6:22 2:8 9:35 40:160 10:38 21:81 8:28 26:100 36:140 22:88 21:83 30:120 15:57 2:6 39:153 9:35 18:70 30:116 4:12 27:105 21:83 14:52 6:24 36:144 39:153 11:43 18:68 4:12 10:40 20:80 18:70 13:51 20:78 2:6 12:46 7:27 10:36 2:4 11:43 26:102 3:9 29:113 11:43 11:43 26:104 32:124 31:123 20:76 11:41 19:75 27:105 8:28 13:49 38:152 13:51 11:41 25:99 23:89 16:62 27:105 5:17 11:41 8:30 29:115 13:49 25:99 4:12 10:38 6:20 11:41 25:97 23:91 31:123 44:174 38:152 32:128 30:120 15:59 6:22 30:118 6:20 12:48 28:110 33:131 30:120 8:32 23:91 11:41 8:28 8:28 10:38 28:110 6:24 24:92 12:48 53:211 16:60 18:68 11:43 40:158 8:28 17:67 11:43 22:88 35:137 20:80 21:81 15:57 10:38 34:132 9:35 18:70 14:54 34:136 34:134 9:33 28:112 19:75 7:25 3:9 6:24 6:24 24:92 17:65 28:110 32:124 16:60 14:52 40:160 11:43 12:46 28:108 5:19 14:52 33:131 12:44 28:108 4:14 35:137 5:17 24:96 12:46 28:108 6:24 22:84 14:54 2:8 36:144 49:195 27:105 18:70 39:155 25:97 27:107 8:30 6:24 23:89 26:104 20:80 31:121 6:20 22:88 26:100 29:115 7:25 20:80 54:216 42:166 14:52 18:72 17:65 5:17 13:49 38:150 6:24 13:49 24:92 21:83 30:118 4:14 8:30 26:104 6:20 7:27 5:19 4:12 3:11 18:72 35:137 11:43 12:44 20:80 1:1 16:64 1:1 30:118 22:88 39:153 8:30 18:70 3:9 49:193 31:121 6:22 60:238 21:83 13:51 7:25 19:75 19:73 3:11 46:180 17:67 0:0 17:67 3:9 15:57 9:35 5:19 14:56 4:12 2:6 35:139 52:208 19:73 11:43 15:57 7:27 26:100 15:59 31:121 3:9 5:19 15:59 16:62 12:48 4:12 23:89 36:142 6:22 39:153 3:11 21:81 15:59 6:20 23:89 34:134 7:27 38:150 22:84 33:131 16:62 19:73 25:97 31:121 27:107 22:84 16:60 32:128 13:49 42:168 10:40 21:81 12:48 21:83 27:107 4:14 41:161 19:73 11:41 19:75 20:78 23:89 6:24 42:164 21:83 19:75 16:64 7:27 15:57 4:14 34:132 12:46 22:84 27:107 8:32 20:78 21:83 17:67 21:81 28:108 19:73 25:99 13:49 31:123 35:137 14:52 5:19 45:177 40:156 22:84 34:134 14:54 35:139 14:52 29:115 15:57 26:102 43:171 19:73 16:64 36:144 14:56 15:57 36:142 10:40 31:123 15:57 13:51 40:156 20:78 17:67 14:54 30:118 72:286 36:142 28:110 32:126 9:35 29:113 33:129 36:140 23:89 20:80 22:84 19:75 24:94 5:19 29:113 18:70 27:105 22:84 51:201 10:40 32:128 20:80 10:36 22:84 24:94 24:92 2:4 40:158 10:40 35:137 29:113 31:121 35:137 22:88 30:120 22:88 36:144 22:86 1:1 19:75 1:3 23:91 16:64 20:80 28:108 32:126 28:110 26:102 7:27 2:6 39:155 22:86 4:16 19:75 18:70 23:89 9:33 24:96 16:60 4:12 34:136 8:30 14:54 4:16 14:56 36:140 20:76 31:121 35:139 1:1 33:131 12:46 13:51 34:134 36:140 35:139 38:150 34:132 10:36 31:123 29:113 18:68 26:104 2:4 17:65 25:99 13:49 30:116 6:22 3:11 23:89 22:86 12:46 23:89 4:14 23:91 11:41 27:105 20:76 22:86 10:36 7:27 13:51 7:27 31:123 40:158 32:126 38:150 18:68 35:139 21:81 9:33 14:54 10:38 8:30 18:72 11:41 35:139 35:139 24:96 6:22 21:83 7:25 6:20 14:56 30:116 15:59 22:88 34:134 40:158 3:11 22:86 30:116 41:163 27:105 22:88 39:153 1:3 58:230 16:60 19:73 8:30 8:28 17:65 13:51 11:41 35:139 21:81 5:17 4:14 30:116 30:120 3:11 ; 
L 46 -53 -63 27 10 70 -58 -84 32 -85 -35 -63 52 57 -12 -74 -39 86 27 79 -96 -1 -94 -37 62 80 -61 64 -32 93 9 -14 -21 17 -78 43 76 26 -54 28 -19 14 -2 2 93 88 46 -45 18 94 11 -17 -36 62 -16 35 -55 57 84 61 -24 -75 -93 54 26 -1 28 -75 16 3 -54 -67 -22 12 -7 -84 95 89 -21 31 -15 30 20 84 -81 36 48 61 -26 -95 97 5 2 -10 37 6 33 -98 -93 -63 -83 9 -60 22 33 77 -51 15 33 6 -99 27 -42 83 100 -38 -46 98 -36 -41 90 85 -34 56 -15 69 13 -39 68 27 13 71 95 37 -19 88 -27 -55 -89 81 -39 -57 -10 99 -57 40 87 -22 -87 -10 -40 -70 76 13 -78 -17 71 90 75 -75 -75 -22 87 -68 27 -80 -72 -64 -22 19 -57 -21 35 -45 -19 73 -27 -15 14 -92 56 80 -65 52 -29 -77 29 62 -98 -41 -95 -42 66 41 -58 63 60 -52 35 -78 -82 48 -55 -60 23 -82 14 -23 -7 -39 55 -56 1 -81 22 -3 -27 -53 76 -46 -84 -63 43 -92 -68 -79 61 97 4 -9 -55 73 61 -40 44 -100 30 57 -49 87 -18 -23 95 -5 -84 -62 22 92 -45 -54 55 30 -39 -98 70 59 11 32 -18 -7 82 88 -48 -61 65 5 41 -28 -70 37 93 56 -43 -96 -74 -21 12 94 62 57 -63 47 -45 -74 -63 62 -58 -40 100 51 -75 40 -80 2 -66 -24 -21 1 -48 62 -67 -46 -26 -25 -96 -13 -77 -21 95 69 -81 5 98 -75 27 -15 -28 -43 38 -17 37 -4 71 70 -30 79 73 -36 53 73 -51 -34 62 -1 80 -48 -44 -34 -56 -82 -50 61 -48 -77 91 -100 -73 -58 5 -23 56 63 27 16 -97 -62 -27 42 76 -6 99 -72 -36 -93 4 42 -22 12 -36 -60 22 -91 -74 17 80 50 27 24 -15 -62 74 -98 26 -24 -27 -93 31 54 -96 -4 -42 94 -50 21 77 9 -74 76 82 -89 42 36 50 92 -7 29 -74 -9 -77 -9 -28 -11 -98 -82 44 24 99 39 -21 57 44 -96 -16 -83 -4 -7 -10 58 82 -58 -14 38 -73 3 -1 -48 -22 -45 -63 18 -17 -2 97 62 -3 -31 -84 -37 63 21 36 16 85 -72 66 -3 -1 98 48 -99 33 48 87 -88 95 31 67 92 -82 -62 6 12 10 -75 -18 -30 32 14 -56 -8 28 18 78 99 -47 71 -80 6 -80 -92 93 22 -47 -12 -44 54 33 -81 19 -93 ; 
81 13 85 61 99 76 25 52 77 20 21 19 75 1 32 100 56 32 59 13 51 10 34 96 15 46 88 66 99 56 58 46 93 76 39 81 21 3 94 64 49 86 93 8 53 71 29 62 59 61 10 87 64 83 50 44 83 35 98 92 98 94 4 15 94 55 47 16 15 89 13 90 41 38 5 87 59 78 8 100 84 19 67 84 28 87 74 45 47 37 76 59 32 25 12 32 58 17 10 1 70 35 14 15 9 73 39 75 35 37 100 71 46 31 42 75 59 48 2 58 49 49 66 96 41 87 25 72 33 59 17 56 34 70 91 38 1 25 97 27 39 81 35 71 63 24 52 89 87 80 43 48 73 35 20 85 80 52 48 42 38 31 44 20 81 24 61 54 69 66 48 54 62 20 94 73 59 3 99 67 40 15 19 5 54 87 90 40 86 21 25 38 44 46 20 26 17 64 97 6 88 29 35 89 3 2 24 65 32 93 9 59 90 82 38 32 6 69 74 94 55 10 78 24 11 74 20 23 56 69 79 50 12 26 88 64 57 14 26 44 68 48 68 6 38 80 46 99 8 10 9 96 73 65 41 92 70 23 77 96 27 88 100 23 23 92 22 49 65 73 98 38 6 61 45 76 65 60 16 95 13 19 5 9 55 30 84 22 47 88 30 32 83 88 40 32 58 57 48 10 26 13 24 83 57 95 31 18 57 26 55 34 9 89 10 68 7 41 99 60 99 30 31 49 12 60 41 22 27 18 71 2 49 51 40 83 37 40 28 21 90 45 25 14 51 37 100 16 31 45 37 44 82 56 65 67 88 66 58 79 62 19 91 73 27 95 25 74 56 90 20 6 25 15 20 91 52 89 67 20 10 64 48 52 53 10 54 44 12 67 16 96 90 92 26 57 87 60 80 96 97 28 41 41 89 37 43 59 66 99 43 57 48 73 42 62 93 70 80 41 55 70 41 62 35 51 4 27 40 16 30 93 7 97 2 54 46 47 15 90 84 69 45 3 3 23 16 58 34 76 44 72 90 15 50 94 94 34 86 67 59 42 51 51 79 18 88 29 66 65 88 75 13 81 65 83 6 91 17 100 86 65 25 97 66 4 28 87 67 26 73 37 19 86 3 25 3 2 46 86 85 ; 
L 46 -53 -27 99 40 87 -57 70 28 -41 -5 -65 61 48 -88 -8 28 18 78 80 -93 -77 -21 50 23 18 -99 6 -87 -10 77 27 -1 21 1 -67 -46 81 74 -92 -67 -31 73 12 94 62 57 -63 47 9 100 63 35 85 -32 63 74 45 -93 7 -12 95 4 -39 68 -66 42 95 -80 -72 -95 -94 -14 15 27 -57 21 -39 -7 82 -45 -19 73 63 -3 -1 11 28 33 97 5 -26 19 -79 46 -76 53 50 27 24 -16 55 -47 71 81 -61 -21 35 -28 1 -26 -29 -77 29 62 -98 -41 95 69 82 62 80 -61 64 -32 -98 -82 -14 -32 -84 79 -44 -34 -98 31 54 -96 -43 80 56 -43 -96 -74 -48 62 -3 55 27 -80 73 57 -37 -95 -10 58 82 -58 54 -26 -76 89 -68 -22 48 -13 -92 -89 42 36 50 52 57 -38 2 93 15 -31 -40 74 12 -17 37 -4 -85 -16 -4 100 -91 -10 -12 -6 62 82 5 -23 56 -58 1 -62 34 51 44 -100 82 -83 6 12 5 -81 36 -4 93 36 62 84 5 -64 -22 19 -37 -45 18 94 11 -17 31 -84 -86 48 -56 -3 -100 40 -61 -48 -75 16 -53 36 -73 -79 45 -48 -44 -95 77 -51 15 33 -33 33 75 -60 23 -82 14 -23 -7 18 -17 -2 97 93 9 -14 -40 -81 58 13 -78 -17 -75 16 -48 -22 -24 -27 3 -62 93 61 -24 -24 30 -39 -98 70 59 11 32 -18 -99 -24 -44 -74 -83 42 -97 -48 -56 -61 50 -40 43 28 15 -27 35 -55 57 27 -84 -66 72 38 10 70 -58 -63 -39 54 34 -85 -90 -93 -71 84 54 -52 65 92 -9 99 -72 22 92 -7 -47 -12 -22 -93 -88 43 -92 -68 -76 70 81 -35 52 -60 63 -29 -44 54 99 -61 -63 -98 38 -80 -17 74 91 -22 67 -83 27 -19 14 -2 -30 -3 -28 77 13 96 -76 98 -36 -41 -84 -26 -46 13 80 -21 17 -78 2 -10 37 6 33 -98 -42 27 62 89 73 -60 15 37 84 9 2 -66 -75 -77 -9 -22 -62 74 99 -36 -21 -63 -98 -56 1 76 82 56 55 -42 -96 -1 -94 -27 30 20 -87 49 -57 92 -45 97 -16 -27 -4 -7 -37 -6 -26 -25 21 21 -14 71 70 -30 39 -54 55 51 55 -48 75 21 -87 22 75 75 -75 -90 -71 56 9 41 -96 -80 -73 -58 63 46 -15 69 -36 -60 -22 87 -88 62 10 57 39 -78 -88 95 -62 22 -63 27 -36 42 -22 18 30 19 -93 ; 
33:129 6:20 30:118 29:113 39:155 21:83 36:140 24:96 26:104 20:78 9:35 37:147 10:36 10:36 40:160 27:107 35:137 26:104 10:40 64:252 12:44 13:51 11:41 37:147 50:196 20:76 6:22 11:41 29:115 32:128 2:8 25:97 25:99 23:91 20:76 6:20 6:20 16:60 7:27 30:118 12:46 36:140 4:14 34:134 31:123 7:25 38:152 6:20 8:30 13:51 25:97 16:60 8:30 9:33 8:32 8:28 24:92 4:14 2:8 31:121 2:8 22:88 19:75 21:81 14:52 11:43 18:70 16:60 18:68 25:97 10:38 14:56 37:147 40:158 2:4 39:153 17:65 32:128 28:110 11:43 35:139 38:150 30:116 13:51 32:128 38:150 17:67 23:91 16:64 16:60 24:94 5:19 29:115 14:52 6:20 38:150 30:118 19:75 21:83 36:142 15:57 15:57 30:116 2:6 4:14 26:104 11:41 25:99 25:99 19:75 22:88 47:187 35:139 36:144 16:64 35:137 9:33 10:36 11:41 24:96 11:43 19:73 36:140 27:105 40:158 31:123 30:116 20:76 37:145 7:25 12:48 10:40 16:64 8:30 19:75 18:70 5:19 22:84 20:78 39:155 3:9 25:97 18:72 25:97 4:16 6:24 37:147 10:40 4:14 7:25 16:64 20:80 28:112 16:62 11:43 16:64 7:25 14:52 38:150 2:4 23:91 1:3 32:126 21:83 30:118 12:44 25:99 39:155 12:44 17:65 24:92 1:1 18:68 28:112 22:84 10:40 34:134 26:100 9:35 40:160 20:78 40:158 12:48 12:44 36:144 48:188 39:155 15:59 24:96 6:20 30:120 36:140 26:104 13:51 18:72 15:59 18:72 20:78 21:81 20:78 1:3 19:75 26:102 19:73 53:211 22:86 25:97 16:64 13:51 35:139 30:116 11:43 30:116 26:104 32:128 16:60 15:57 28:110 27:105 26:100 18:70 24:94 25:97 4:16 35:139 9:33 13:49 48:192 4:14 14:56 11:43 41:163 19:75 12:48 18:72 20:78 14:56 26:100 11:43 9:35 17:65 9:35 15:59 12:46 23:91 45:177 16:62 30:120 14:56 10:38 4:14 1:3 21:81 2:4 1:3 10:38 26:104 13:51 29:113 34:134 28:110 18:72 8:30 24:92 19:73 33:131 13:51 48:192 8:32 8:32 34:136 23:91 6:24 26:100 19:73 34:136 22:84 7:25 2:4 4:16 32:124 40:156 37:147 26:104 30:116 26:104 17:65 37:147 28:112 10:36 31:123 39:155 38:148 25:99 2:8 16:64 13:49 11:43 10:40 38:152 8:28 18:72 19:73 23:89 17:65 3:11 28:108 8:30 34:132 14:56 15:59 22:88 10:38 20:80 11:41 3:9 31:121 10:40 17:65 45:179 18:70 33:131 27:105 20:78 13:51 22:84 20:78 11:41 13:49 2:8 30:118 7:27 18:68 8:30 29:115 10:36 36:142 4:16 35:137 1:3 15:59 4:16 4:16 10:38 5:17 62:248 30:116 36:140 10:40 39:155 26:102 8:30 16:60 19:75 10:40 22:84 26:104 22:88 50:196 10:38 44:172 8:32 6:24 10:40 3:9 16:60 33:129 43:169 14:56 35:137 38:148 32:128 6:22 8:32 27:105 13:49 38:152 14:56 23:91 1:3 24:92 27:105 40:156 34:132 10:36 39:155 38:150 31:121 16:62 33:131 10:40 5:19 13:51 24:92 7:27 8:30 27:105 36:140 25:97 41:163 2:8 5:19 9:35 24:92 23:89 33:129 16:64 14:54 16:60 40:158 5:19 10:36 4:16 9:33 10:40 18:70 31:121 60:236 6:22 36:144 50:200 32:128 30:118 20:78 21:83 57:225 4:16 14:54 24:94 16:64 27:107 14:56 18:70 11:41 36:144 4:12 10:36 26:104 23:89 18:72 21:81 18:70 16:64 11:43 34:132 42:168 17:65 6:20 34:136 20:78 5:19 20:80 6:22 4:14 43:171 28:108 14:56 22:88 59:235 11:41 18:70 13:49 16:60 17:67 20:76 21:83 13:49 15:59 39:155 3:11 25:99 36:140 7:25 15:57 12:44 16:64 35:139 27:105 36:144 10:36 11:41 21:81 19:73 30:118 14:56 33:129 8:32 9:35 45:177 6:22 13:51 36:140 25:97 32:126 58:228 10:40 35:137 20:80 5:19 35:137 34:136 ; 
L 45 -51 -30 92 70 -62 80 -16 -17 22 -17 -60 -9 -30 -100 -77 4 66 -43 19 -43 80 94 34 -12 81 -69 -67 44 6 94 -85 56 8 68 -35 1 29 11 35 87 4 54 -2 -18 36 56 45 12 -49 41 -88 -15 -49 77 72 -22 32 -12 -10 -75 19 -57 -90 47 42 54 -89 -92 -4 -80 -79 11 8 -87 -27 64 7 41 -73 85 61 85 -9 -81 70 -52 49 3 -93 -95 -40 -74 -83 9 97 40 -92 19 63 45 -8 -11 30 -31 -90 -76 92 -92 -99 46 93 -11 92 44 -68 -70 -58 -1 15 -70 -78 -24 -66 -19 20 1 -36 -58 68 -13 -81 -78 -96 -40 54 -53 -88 -35 -18 -81 -25 59 39 -36 -94 26 76 -66 -80 29 62 -61 -5 39 31 -51 -50 46 73 -75 -68 -47 -65 8 -26 -68 38 33 3 83 -21 32 4 -54 24 93 -14 89 29 -25 40 28 40 13 43 44 -58 4 29 48 -35 17 23 -26 -7 -80 39 -33 41 -39 14 -87 -16 67 -53 -88 87 62 96 37 -19 -19 6 -71 -90 -99 -71 68 -88 38 -28 -59 60 65 -17 65 -72 -36 -60 15 -46 -99 -18 -36 8 95 67 -32 46 83 94 -70 38 -10 -42 -60 -86 65 35 12 -23 17 83 -25 -95 -71 -75 91 -72 -97 -58 15 -39 3 59 -88 -32 85 50 -18 97 47 -19 6 60 -21 -30 -56 18 24 -37 44 51 39 76 -31 36 8 93 77 86 33 90 -19 -54 29 100 -16 -19 72 66 19 10 17 31 -35 9 -75 -33 68 -40 -2 72 -4 -33 -99 -70 90 -86 44 64 59 7 57 8 -33 77 -22 -86 -36 43 -85 75 13 43 -65 85 -96 -85 -69 -39 83 -53 90 14 -65 72 -66 45 -13 37 82 42 86 27 -69 -96 -94 -86 43 79 -20 -48 33 -92 -98 91 -97 -9 77 50 69 95 56 -41 -100 78 78 -34 55 -47 -70 -15 19 -39 -77 -48 87 -75 10 58 33 -1 -23 -1 -84 27 -26 95 -48 -8 7 41 -19 24 90 -18 -69 -19 -59 -99 33 63 96 82 68 6 -57 55 63 1 12 -4 33 -77 -16 -13 22 -67 50 58 10 -63 27 -55 67 -87 -67 50 29 -38 63 -23 -7 -12 65 81 77 -14 18 -57 37 -85 17 -16 -79 21 -7 29 -11 13 45 98 -3 -92 29 62 81 -21 -74 -26 -36 7 -84 55 90 51 88 -71 1 82 -41 100 -2 -54 20 -32 96 81 76 37 -67 -61 -32 40 -40 -69 69 98 ; 
55 67 80 74 44 5 40 99 14 73 59 51 77 82 30 9 22 53 84 97 1 76 53 30 4 32 44 64 65 98 16 16 23 85 57 88 3 80 67 83 1 9 59 100 27 8 31 39 28 84 11 3 2 11 38 55 50 76 75 48 25 44 91 90 9 67 64 88 8 5 65 45 90 62 77 44 70 31 89 89 97 80 77 29 50 12 12 84 32 23 60 11 74 15 20 90 34 26 77 29 97 77 83 74 30 100 84 25 72 48 41 67 76 41 7 100 37 71 94 25 35 83 6 37 52 19 47 6 49 64 34 46 80 55 89 86 13 78 78 75 81 79 72 20 44 51 39 82 29 6 83 38 3 61 21 33 98 5 83 52 53 46 9 63 2 59 72 65 28 17 17 12 51 62 18 32 78 87 36 52 99 64 27 98 79 38 4 63 99 75 29 67 60 74 48 75 75 67 95 47 81 38 91 27 79 24 19 27 59 99 95 27 94 98 49 6 56 12 95 11 81 88 93 47 48 4 88 63 37 32 37 48 65 80 66 98 69 14 39 52 69 91 54 85 10 84 79 37 77 99 67 58 74 84 26 84 61 51 39 66 21 21 77 52 63 99 16 52 97 96 2 11 41 60 68 45 69 59 55 29 26 31 95 22 43 50 55 6 51 61 43 72 74 29 71 31 35 60 75 84 58 23 42 68 91 52 32 85 81 45 19 39 27 82 65 42 94 94 83 8 29 33 48 85 47 36 68 38 44 71 25 69 56 72 97 26 2 48 89 49 58 94 50 8 28 28 25 76 75 9 30 17 68 38 5 20 13 86 15 15 70 79 33 5 94 84 11 99 24 47 98 69 46 23 65 64 19 6 8 86 94 65 73 54 12 44 53 88 2 51 21 57 38 2 81 51 23 63 19 21 54 92 58 70 65 62 3 37 89 96 98 6 33 90 60 16 20 5 63 25 31 19 41 5 23 64 12 14 40 75 7 97 46 13 8 31 37 20 45 39 28 69 37 73 9 61 42 11 42 51 9 48 26 22 7 78 83 49 44 55 32 96 91 23 100 80 3 39 67 48 50 49 90 79 29 21 7 31 46 60 22 70 36 8 70 10 75 9 60 58 15 67 91 65 7 22 23 51 4 68 6 ; 
L -81 -96 32 -72 62 -70 -92 -29 6 94 -85 -77 -29 -50 67 76 37 31 96 39 -41 88 53 69 13 -52 -79 -87 -30 55 -96 -62 -20 -48 33 -92 -98 91 -69 -60 -9 -14 89 82 -41 100 -2 -17 85 -36 -94 84 1 -44 -43 58 -49 77 72 -22 32 -12 36 -1 -99 33 63 96 9 97 -66 -72 19 16 80 -16 -17 -8 -57 -7 -59 -27 64 -69 88 -68 -33 32 51 92 3 -98 -45 -13 -46 92 -92 -99 46 -46 77 -22 -86 -36 43 99 33 47 37 -19 -58 68 90 -18 -69 78 70 -15 1 58 70 68 -44 -92 11 -93 75 71 95 -35 -57 -93 -95 -69 67 51 88 -70 -15 -8 65 47 68 -70 -8 36 99 90 79 80 -59 -3 39 26 74 21 61 -62 32 88 -90 -76 -36 -94 26 13 -45 66 -72 65 -81 -36 -60 15 17 -69 -39 83 -100 -30 -56 18 24 53 2 -88 -71 72 23 19 -47 -86 -77 27 -4 41 85 40 45 -8 -44 67 9 97 4 -24 -25 10 -32 100 -18 -81 54 -4 83 -25 -50 -1 -19 -10 -42 -60 19 -64 7 23 21 -60 -6 -19 22 -75 -94 -83 -45 87 -67 -12 37 67 -73 -46 -54 20 -4 71 1 29 -25 -42 -82 -37 76 -66 -80 29 -86 43 79 77 7 41 -19 33 27 -26 42 54 -89 58 33 -1 -23 -58 49 -12 -45 -77 -40 11 -55 33 -77 75 -9 -43 74 40 73 -37 44 -7 -80 39 -88 -15 86 28 40 -11 -65 12 27 18 2 -54 -4 -93 -56 24 16 -29 -66 -19 61 -4 57 -6 -68 21 -49 14 -38 30 -82 -87 24 -13 -81 54 86 -19 -59 -93 68 -60 59 28 -38 -96 51 -11 87 85 63 -96 -85 23 -26 51 39 76 34 -78 -78 100 41 -56 -95 -55 -90 75 -95 85 -4 -67 -61 -32 40 -40 38 70 -85 75 13 -83 -67 -33 40 -97 18 -50 95 -48 -8 50 -19 43 -66 -14 -39 -33 -38 68 26 22 -17 -43 80 94 34 21 -83 -3 10 -63 57 -18 -12 -35 -65 19 -90 -33 -92 19 -9 -81 15 -90 -55 84 -7 36 -68 -8 -56 -14 17 -65 -85 -86 91 -72 -36 -35 -90 47 -41 -7 -39 -77 -48 87 -75 59 39 -99 -18 -71 48 -35 -11 -97 -58 12 -53 90 78 29 63 -16 31 29 62 81 10 -19 6 -35 -54 40 -30 -29 7 3 -87 31 -16 -13 63 1 5 50 -70 81 8 -20 92 -17 -65 10 17 31 -35 -65 -44 8 69 98 ; 
16:64 24:92 24:96 26:102 12:48 2:8 18:70 8:30 18:72 7:25 7:25 11:41 28:112 12:44 16:62 10:36 27:107 42:168 40:156 13:51 33:129 3:11 8:30 8:30 34:132 29:113 40:158 28:110 24:94 6:22 48:188 40:158 16:62 2:8 38:150 34:134 5:17 40:158 21:81 14:56 31:123 40:158 15:57 15:57 15:57 4:12 28:112 15:57 3:11 9:33 12:46 5:19 10:36 21:83 2:6 29:113 26:100 16:60 22:88 20:80 31:121 30:120 32:128 3:9 15:57 14:52 36:144 24:96 4:12 19:75 8:30 10:36 24:92 34:134 47:187 40:158 6:22 71:283 15:57 19:75 34:136 18:72 5:19 7:25 21:83 5:17 41:163 22:86 27:107 2:6 32:128 40:160 10:36 37:145 24:96 16:60 29:115 20:76 17:65 10:38 15:57 18:70 29:113 10:40 28:110 36:144 38:150 22:88 17:67 11:43 39:153 26:102 6:20 15:59 36:142 6:22 34:132 14:56 10:40 38:150 29:113 15:59 40:160 3:11 17:65 31:121 44:172 21:81 25:97 22:86 6:24 14:56 13:49 38:152 8:28 4:16 19:73 25:99 22:86 19:75 1:3 26:100 4:14 19:75 3:11 40:156 19:75 23:89 24:92 18:72 45:179 40:158 26:100 43:169 20:78 20:80 30:120 2:4 16:62 21:83 15:59 34:134 24:92 21:81 16:62 20:80 12:48 4:14 30:120 31:121 6:20 10:40 13:51 15:59 26:102 16:64 38:150 20:80 6:22 13:51 22:88 12:46 11:41 51:201 14:56 7:25 23:91 22:88 11:41 27:107 24:96 18:72 29:115 10:40 7:27 39:153 23:89 19:75 40:158 31:123 37:145 26:104 6:22 36:144 20:76 25:97 1:1 25:97 19:75 28:112 38:152 33:129 44:176 8:28 39:153 11:41 46:184 17:67 32:126 6:22 34:134 32:126 7:27 2:6 32:126 4:14 52:204 28:110 18:72 17:65 15:59 34:136 22:84 37:145 39:155 21:83 8:32 10:36 16:64 6:20 18:68 21:83 6:24 30:120 4:16 11:43 22:84 35:137 40:158 33:129 16:60 28:108 20:78 12:46 3:9 34:132 18:70 28:112 32:126 47:185 12:44 28:112 26:104 26:100 30:118 8:30 26:102 26:102 36:140 10:36 16:60 1:3 33:129 25:99 6:22 34:134 12:44 4:12 9:33 35:139 54:214 7:27 26:102 7:25 33:129 34:134 6:24 30:118 28:108 41:163 38:152 28:112 30:120 27:107 35:137 1:3 12:44 9:33 40:156 11:41 3:9 17:67 21:83 5:19 11:43 40:160 24:94 10:40 21:81 28:108 17:65 22:86 43:169 21:83 2:8 27:107 8:28 26:100 2:8 15:57 10:36 21:81 22:84 24:94 17:65 18:68 27:105 10:38 19:73 41:163 12:48 37:145 40:156 14:54 6:24 21:83 19:75 38:148 36:140 46:184 19:75 35:139 16:64 17:65 15:57 13:49 20:78 37:147 20:76 11:43 18:68 20:80 24:96 35:137 4:12 3:9 8:30 26:102 26:104 5:17 9:35 17:65 17:67 16:64 6:22 8:28 26:104 3:11 9:35 10:36 42:164 33:131 24:96 29:115 39:155 11:41 30:120 42:164 13:51 20:80 5:17 1:3 10:38 22:86 37:147 40:158 16:62 39:155 34:134 46:180 12:48 5:17 12:44 26:104 29:115 6:24 24:94 10:38 31:121 22:84 12:48 4:14 5:19 7:27 8:30 6:20 8:32 20:76 19:73 27:107 40:158 32:124 29:113 12:46 19:73 31:123 9:35 33:131 15:59 11:41 3:11 9:33 12:46 32:126 5:17 23:91 34:136 20:76 36:140 2:6 37:145 22:88 3:9 27:105 26:102 1:3 35:139 4:14 12:48 36:142 29:113 22:84 36:140 1:3 21:81 13:51 8:32 16:60 32:128 13:49 23:91 27:107 4:14 9:33 9:33 29:115 5:17 12:44 18:72 6:20 11:43 1:1 26:102 39:155 16:62 27:107 22:84 6:24 40:156 28:112 4:12 35:137 9:33 16:60 22:88 22:84 3:11 2:8 25:97 6:22 17:67 8:30 7:27 13:49 2:8 5:19 18:70 22:84 34:136 18:72 45:177 20:78 37:145 21:83 13:51 2:4 14:54 7:27 12:48 28:108 3:9 ; 
L 14 54 -38 -42 54 -73 -17 -47 -45 92 50 86 -65 28 -82 78 -47 -91 -20 -66 28 41 -29 -42 59 -56 -98 -18 11 -12 -60 -76 16 -69 71 95 -74 -4 13 35 -23 3 99 -16 -53 51 -37 -58 90 -5 40 51 67 18 27 95 87 -49 -58 -55 -43 81 -11 -13 -30 -36 -75 58 -83 -79 28 76 -81 -87 65 47 -15 -34 -87 58 -3 48 16 47 9 -98 56 -72 -73 34 52 -11 -22 -52 23 -75 -17 -55 -88 32 -62 -53 -27 -71 -20 80 -27 -85 22 21 70 -97 65 -11 -45 67 -44 58 63 22 -24 33 -85 -94 9 -25 23 -67 71 -27 -21 90 93 73 -32 -65 11 13 -62 -14 33 -38 -72 -66 -16 -55 12 -80 98 -95 80 50 -79 5 76 -9 -82 -72 8 -61 -94 -13 -57 64 49 -55 -64 -42 50 -21 -15 75 64 -20 -98 70 12 84 51 -26 -8 80 49 -46 -63 28 45 56 -72 31 79 57 -22 97 -86 6 44 64 47 -31 55 -100 91 26 -35 -26 63 -34 27 36 -78 -25 -1 -11 -17 -100 51 -7 24 -23 5 46 76 -25 -44 -66 -43 43 -39 15 -96 -93 72 -78 8 -34 -14 50 97 21 -83 -69 44 -72 67 -42 -2 -60 34 -63 41 -60 -98 78 -66 -50 -93 47 66 -87 36 -100 97 1 10 -46 30 -40 -67 73 8 38 52 29 -15 64 -68 -9 1 4 7 -80 14 -56 74 -31 92 -38 -33 -18 -18 80 74 75 -67 83 38 80 -51 16 -51 -40 97 23 -54 -38 -68 57 34 27 -23 49 68 -9 -40 37 48 10 40 65 -32 -16 -5 -60 86 -26 -29 -29 -29 -32 -8 96 -41 -8 27 99 37 56 -80 30 -66 -55 74 -37 43 46 -44 -74 -97 -59 -24 -10 -48 4 -71 -79 7 -81 52 -40 11 -27 65 29 -87 35 -78 100 54 10 -25 39 -97 81 -9 -5 28 99 94 44 -33 1 20 79 90 -74 -48 -62 78 -77 31 81 -74 91 54 -23 57 -85 97 25 92 -29 -47 44 41 67 17 75 -87 53 98 -79 -22 -16 28 -92 67 -75 -41 65 -77 9 93 82 -4 87 6 42 4 35 -36 30 25 -65 -21 93 -8 -65 17 -25 33 75 76 28 78 -42 -41 46 54 -8 -30 23 -41 -56 -32 -83 28 -88 -24 -26 -66 61 -62 30 25 55 -98 -83 44 94 -90 -37 71 44 30 28 53 34 45 81 29 26 51 -7 24 29 10 44 31 64 44 -15 37 16 43 -29 50 -74 47 -88 ; 
23 12 1 95 40 39 82 53 53 23 59 81 42 89 78 48 52 54 6 91 97 95 20 47 21 70 45 51 68 57 88 79 34 26 3 73 77 24 11 15 53 74 80 60 24 70 95 16 70 71 49 51 32 99 89 79 81 99 96 47 83 10 32 2 85 4 92 48 63 7 99 93 46 55 11 22 50 37 66 25 62 6 50 75 10 42 49 36 22 92 92 37 92 90 48 10 59 71 81 54 7 95 52 41 42 92 46 59 69 49 80 52 67 28 87 66 28 57 19 96 36 24 70 89 20 31 74 62 5 2 52 51 55 61 24 28 39 13 22 99 91 21 8 60 56 8 29 28 18 89 86 8 21 94 8 67 44 62 3 71 99 84 24 28 98 93 16 35 90 77 58 99 88 36 42 32 29 50 8 27 25 60 84 36 29 6 67 38 93 92 48 94 99 6 44 100 20 78 92 65 81 53 50 66 56 11 61 56 26 10 48 91 74 50 16 68 32 62 21 80 19 95 7 72 33 38 62 25 18 62 20 28 74 50 45 35 27 54 55 68 52 8 59 16 23 59 39 49 76 74 68 57 47 30 74 31 86 57 24 52 1 95 51 10 44 49 55 79 16 7 82 94 62 60 66 71 83 39 4 94 43 69 40 52 17 42 64 83 86 16 20 44 54 97 81 89 9 60 87 92 42 19 8 68 99 10 8 90 90 94 21 21 31 16 2 31 63 67 21 57 97 80 69 1 62 2 98 97 88 62 44 51 34 15 51 36 25 62 50 42 90 11 23 87 27 7 73 100 12 17 80 44 55 7 60 68 49 35 29 61 17 74 22 74 71 20 58 66 74 86 61 61 38 47 62 91 48 9 61 58 35 95 34 10 48 4 83 60 52 98 62 94 55 18 100 3 4 72 65 99 99 84 59 62 8 5 56 35 37 9 37 45 28 81 97 51 7 64 63 3 91 80 23 99 93 77 9 99 53 19 22 7 37 95 45 43 26 56 86 66 9 81 91 82 89 10 42 64 5 41 62 51 10 69 52 69 75 81 57 10 1 96 90 69 72 41 7 30 70 91 26 12 79 100 48 69 79 21 22 14 3 19 61 25 79 35 60 95 8 64 98 42 82 18 87 88 71 8 23 71 12 ; 
L 14 54 -63 -58 44 -67 8 41 43 -90 -29 94 44 -68 64 -67 73 -39 46 54 97 25 28 75 -29 -56 13 94 61 74 -29 74 49 -17 97 60 33 74 -31 98 29 29 -37 -58 -81 -44 6 -30 23 -41 -24 7 38 15 -22 -9 -47 -16 -70 98 67 -75 -74 -24 33 -85 -94 9 -25 -28 66 20 91 -21 -22 85 27 -80 4 -60 27 83 -21 -97 -50 14 34 65 8 -93 21 45 38 82 71 -27 -21 90 17 25 82 -28 65 -86 -50 7 -81 52 -40 -100 -17 53 -30 62 73 -4 52 29 10 -72 31 79 57 -22 97 -86 -18 55 60 -41 63 46 -26 8 38 -12 -60 -76 16 -69 75 9 -68 32 21 -50 42 55 -79 5 76 -9 -82 -72 -97 65 16 63 -34 41 -44 83 30 -40 47 -56 -32 50 -64 -30 36 -35 -4 -42 -67 91 26 -83 -95 73 -15 12 55 66 -30 80 -53 51 26 -28 79 13 -69 -32 16 66 -18 -55 48 41 -93 -9 77 -65 74 33 38 -92 11 -27 40 51 -16 98 -95 80 50 17 71 42 -56 23 -54 -91 -33 1 -28 -79 -22 -81 -87 16 43 28 -88 8 85 -57 -98 -18 11 52 29 -15 92 -29 -47 44 41 20 71 23 -67 -98 -5 64 -68 -9 -84 -12 -48 3 -58 87 34 -98 56 54 51 67 72 -100 78 -35 87 -10 51 -59 42 29 54 -73 -17 -47 -1 -74 38 34 -97 32 -49 -58 -55 -43 81 -11 53 62 -87 -95 -27 -61 66 26 78 -47 70 -97 65 -11 -45 77 -78 62 46 76 -25 45 81 34 87 -66 -43 71 -1 -5 23 44 41 42 -78 -28 -76 -37 40 -23 52 22 -45 92 79 71 79 26 51 37 56 16 -99 -75 58 -83 -30 -36 -3 13 47 -46 -43 66 -78 -36 87 -66 -20 -92 67 65 -23 8 -4 13 35 -23 -11 65 -49 34 27 -23 83 -44 55 24 -4 48 10 24 59 88 64 100 -55 31 -11 -80 18 -98 -28 -57 25 -65 -10 -48 -75 -33 25 -97 99 -62 90 -5 40 10 -25 -29 -5 14 -9 -75 87 56 -80 8 86 -47 16 -37 15 -44 -64 -31 -44 -32 -8 96 37 90 -94 27 99 -35 -26 63 74 -76 -53 -28 -30 -44 24 20 -64 -75 -65 -40 -57 -34 7 -51 100 93 31 81 -74 -80 51 -80 -38 -72 67 -42 -2 7 -80 14 49 11 1 -50 -93 -78 8 -44 -6 -72 93 96 -15 39 72 -54 27 36 -78 -25 46 -37 47 -88 ; 
10:36 5:19 30:120 8:30 23:91 12:44 8:28 6:24 11:43 17:67 2:4 23:89 24:92 4:16 22:88 21:81 3:11 45:177 24:92 2:8 8:30 40:158 13:49 15:59 6:24 20:80 7:27 34:134 40:158 18:68 33:129 20:78 7:27 56:224 29:115 4:14 5:17 11:41 17:67 16:60 28:112 39:155 14:54 7:25 20:78 8:30 5:19 28:112 21:81 4:16 32:128 32:126 34:136 22:86 28:112 2:4 4:16 30:120 10:36 13:51 7:25 33:129 39:155 20:80 10:38 28:112 36:142 8:32 13:49 42:164 39:155 37:145 3:9 50:196 20:78 28:110 24:94 19:73 26:104 9:35 22:84 20:76 21:83 28:108 22:88 22:86 6:24 11:41 23:89 11:41 18:68 14:56 7:25 13:51 38:148 1:3 21:83 21:81 32:124 21:83 26:100 32:124 36:142 17:67 33:129 33:131 14:56 12:46 25:97 38:152 2:4 2:8 21:83 28:110 34:134 5:17 30:116 11:41 24:96 37:145 37:147 20:76 38:150 40:158 3:9 18:70 68:270 9:35 17:67 23:91 20:80 12:46 19:75 19:75 38:150 26:102 36:140 32:126 14:54 11:41 23:89 3:11 7:25 14:52 12:46 31:123 36:144 6:22 11:41 38:150 4:12 27:107 18:70 25:99 12:48 6:20 20:80 36:140 30:118 34:132 13:49 28:112 10:38 32:126 23:91 25:97 21:83 34:136 36:142 20:78 3:11 9:35 8:30 22:84 27:107 18:72 27:105 18:70 35:137 32:124 22:84 19:75 20:78 5:17 36:144 17:67 23:89 28:112 64:254 2:4 40:158 19:73 2:6 51:201 29:113 23:89 1:3 6:22 24:94 11:41 45:177 10:36 32:128 37:145 24:96 4:12 35:137 34:132 20:76 30:118 7:27 8:30 17:67 37:145 36:142 35:137 4:12 27:105 3:9 13:49 32:128 2:4 2:4 40:160 8:28 38:152 30:116 46:180 12:44 33:131 22:88 6:20 35:139 30:116 33:129 21:81 35:139 29:115 19:73 21:81 28:108 22:88 24:96 27:105 31:121 34:134 24:94 25:99 4:12 18:72 17:67 19:75 25:99 2:8 9:35 45:177 34:132 16:62 4:16 20:80 23:89 3:9 25:99 10:40 27:105 18:70 20:78 10:38 43:171 13:51 46:182 35:137 27:105 24:92 8:32 34:132 20:80 16:64 9:33 19:75 10:40 16:62 33:131 22:84 10:38 26:100 8:32 2:4 5:17 15:57 12:44 39:153 19:75 34:132 4:16 13:51 4:16 38:152 32:124 33:129 32:126 46:182 39:153 1:1 6:20 21:83 5:17 21:83 27:107 12:44 35:139 24:96 40:156 21:83 21:83 3:11 29:115 29:113 6:22 22:84 39:153 14:56 25:99 13:49 60:236 10:38 8:30 38:152 26:100 17:67 4:16 36:142 33:131 28:110 13:49 2:8 20:76 36:144 34:134 10:36 11:41 28:108 14:52 26:102 25:97 13:51 25:99 8:28 24:96 58:230 20:76 26:100 19:73 2:6 12:44 15:59 11:43 28:108 3:11 10:40 30:118 10:40 1:1 21:83 45:177 5:19 3:11 4:16 9:33 17:65 21:83 5:17 6:24 22:84 20:80 16:62 11:41 16:64 38:150 9:33 44:174 2:4 33:129 1:3 12:46 3:11 22:88 18:70 32:128 14:56 41:163 16:60 22:84 33:129 16:62 6:22 18:70 6:20 33:131 5:17 7:25 38:152 11:41 27:107 34:136 33:129 4:14 41:161 22:88 3:9 44:174 29:113 20:78 12:48 25:97 18:72 38:148 33:129 30:116 54:212 18:72 10:36 26:100 24:96 16:64 18:72 4:14 13:51 33:131 17:67 40:156 26:102 4:12 44:174 18:70 21:81 32:128 5:19 11:41 41:163 15:57 18:72 5:17 25:97 23:91 25:99 13:49 32:126 28:110 20:76 28:108 53:209 15:57 36:140 12:48 23:91 18:68 48:188 10:40 25:99 13:51 18:72 48:190 38:150 22:88 6:24 8:30 35:139 24:96 9:35 10:36 24:94 16:62 28:112 28:110 16:64 30:116 8:28 20:80 15:57 35:137 10:36 18:72 12:48 8:32 13:51 30:118 12:44 8:32 25:99 19:73 28:112 14:52 4:16 20:76 37:145 20:78 10:36 15:57 29:113 5:19 ; 
L 35 -26 69 -30 -10 -85 -13 72 -22 53 -45 -56 -6 85 47 -58 28 -50 -86 60 40 -29 1 -37 45 -87 -91 -30 81 87 9 64 29 -41 46 -25 51 72 -29 70 42 28 91 51 -51 74 26 43 -55 -68 -56 -62 38 69 51 89 30 59 28 -61 99 71 86 -84 54 41 -79 44 98 77 95 40 -31 -100 92 39 -54 -28 -83 80 -99 33 78 -48 -88 50 59 29 -68 88 78 -80 35 68 88 69 51 20 74 53 -78 -69 -8 46 -42 -68 86 78 -33 62 -86 15 38 -53 97 28 2 -71 78 -68 -49 -24 40 -7 -11 -8 -16 44 74 -81 15 -91 76 73 -98 42 -82 -19 -59 -2 -25 -99 -17 -96 -49 50 -61 -89 -89 -68 -6 -28 47 92 90 26 -4 16 -51 -18 75 -68 -38 -91 -81 -5 38 -94 81 -36 3 -99 45 -81 -59 -25 -3 87 -44 -57 -73 70 -21 -80 48 -47 50 63 53 -68 56 -71 24 -2 -42 71 64 -5 -39 76 38 -81 100 -16 -69 37 -31 64 -4 -88 -61 -5 -86 -90 68 92 -21 78 -35 36 -97 -32 84 -91 49 -66 -64 -86 80 -64 14 48 95 -46 -58 -86 -81 -82 18 76 -59 63 5 -17 -49 80 66 47 -26 -84 -67 -85 -10 77 46 -61 -21 -51 4 -4 -73 33 72 22 69 80 1 92 -93 93 47 60 -90 90 20 6 -38 -12 -37 -40 88 50 36 2 -20 96 -64 -71 -17 -65 100 2 45 21 -55 -97 11 84 85 90 46 11 -58 -31 81 -81 63 85 71 -52 -9 72 -76 87 -13 -24 -85 -61 -42 -15 -72 -72 -30 -64 -100 -73 59 -1 91 -16 64 51 56 -73 -31 30 37 -95 39 -94 -98 84 26 67 12 11 -34 79 -15 20 88 -60 -39 6 99 -79 -4 -60 -88 23 -86 70 -36 -1 22 33 61 81 50 1 9 -51 80 100 -45 -29 71 -57 30 68 -95 -66 60 -14 -70 -86 -11 23 -85 91 -18 -77 -69 -60 62 -30 94 -33 53 -56 90 71 44 -47 12 15 -63 -66 34 -24 -10 -72 -52 23 27 -14 22 -98 21 9 -54 -82 73 -91 58 72 -28 -79 -28 2 -16 -53 -19 -6 -49 -11 55 -68 23 12 -94 -37 15 43 55 56 -5 90 -68 40 81 100 48 -19 -7 77 44 -30 -40 -1 53 -33 -47 -41 5 46 -93 -19 -79 -27 -65 -2 22 -85 -94 82 58 23 -58 -31 -80 54 -55 -25 -74 -49 35 37 39 46 20 -66 -44 -96 -59 -35 100 96 -51 -3 ; 
13 46 81 76 91 79 38 68 7 73 88 62 95 11 59 40 68 3 26 5 32 28 32 22 91 32 44 3 58 52 93 26 34 26 11 9 9 62 94 2 90 68 9 20 82 99 62 84 74 69 59 34 9 48 82 59 81 91 14 19 49 88 92 50 77 5 64 94 91 41 56 51 6 59 94 58 72 69 70 40 8 24 60 68 57 26 72 85 17 67 67 53 5 34 13 100 17 56 11 98 23 50 55 32 58 28 96 8 51 51 49 100 58 55 54 40 17 60 5 40 69 47 58 73 99 47 14 16 15 92 63 75 30 81 77 52 78 56 50 26 7 48 18 7 90 39 87 80 23 87 15 39 78 3 83 59 100 100 48 66 27 26 89 26 37 29 59 86 26 53 50 95 95 87 43 74 75 57 98 91 88 80 39 35 100 69 53 16 97 60 38 100 69 66 49 82 91 24 49 89 89 11 13 13 78 44 37 62 52 77 79 4 78 89 42 27 59 27 52 23 58 62 33 79 28 50 27 28 91 32 19 48 68 11 63 16 99 99 37 55 96 36 44 63 50 77 48 35 39 72 92 31 33 65 89 30 21 78 27 86 51 98 75 32 21 2 49 89 41 61 20 19 9 87 55 44 92 38 37 76 64 82 88 89 15 64 40 87 97 99 21 49 42 69 48 3 13 65 9 56 19 5 73 45 70 69 7 70 80 93 83 45 67 44 50 96 30 28 32 80 4 10 75 56 94 66 77 36 69 95 83 11 40 32 74 39 39 5 95 22 3 3 23 9 79 42 16 32 52 98 85 29 16 56 65 63 56 1 46 78 75 79 33 14 65 55 76 61 77 92 23 21 68 37 35 32 1 26 71 38 39 22 93 65 20 85 24 47 36 60 14 8 2 2 7 9 51 81 23 98 13 30 2 44 56 54 2 43 48 70 99 6 91 49 92 30 18 23 90 62 99 58 52 33 17 41 74 49 97 85 44 8 36 94 75 40 10 18 2 47 4 88 52 74 77 74 38 23 30 52 86 85 4 44 65 34 81 41 98 44 50 78 4 79 100 33 26 94 2 43 6 15 90 77 59 61 37 95 68 60 64 24 69 54 65 10 14 52 35 93 94 38 66 70 29 3 3 73 88 96 67 ; 
L 35 -85 -10 40 68 -90 5 -56 -55 88 -74 -44 16 58 -11 68 66 2 99 -80 83 28 54 -39 -92 -91 11 -34 79 -15 20 88 -60 46 47 33 -86 81 -38 -76 39 5 -64 72 -55 76 12 23 35 68 96 35 -64 -89 -68 -6 -28 47 92 90 26 -31 89 61 -2 -66 -64 -50 -29 70 -40 88 84 -81 -40 -36 -66 31 -51 -69 -38 62 56 8 11 -43 -26 -74 66 47 71 59 -1 91 -16 26 67 -74 -20 25 2 59 19 82 -42 -85 -63 29 -68 88 87 -13 -24 -85 -59 -26 30 76 -72 9 36 -90 56 -53 33 99 -3 95 -68 96 2 -100 -73 21 93 -73 -60 -100 18 51 -16 -81 94 -44 -68 56 -71 24 -39 6 -30 81 -80 86 23 -61 -30 -10 -53 -19 -51 57 58 -23 -33 77 44 -30 -20 -90 58 -71 42 45 -87 -91 -6 -81 -59 -25 -3 87 85 -23 11 -97 -90 91 -73 -1 29 -36 77 46 -61 -60 -47 96 -64 -71 -17 -65 46 11 -2 28 63 -79 -50 -93 -86 72 72 -59 89 -72 -51 25 -29 100 49 24 -34 66 20 -48 80 21 37 39 46 20 100 48 22 -72 13 85 -45 -100 -90 -85 -84 -11 97 67 -61 -5 -53 95 -46 -58 37 58 21 -55 97 -35 49 74 25 55 -54 -41 -54 65 27 79 19 -88 -94 48 42 -69 -14 22 -98 21 100 -45 -30 -91 -28 -42 51 -81 82 -4 51 81 -81 -70 -22 40 -40 -60 86 -6 78 -80 -47 -85 22 69 80 17 -5 -63 98 -73 -76 64 30 -84 88 4 31 12 38 99 -79 -77 -98 99 -51 -69 95 44 80 31 -71 -81 -82 16 -86 -1 55 -51 80 9 -54 -57 -88 50 -4 75 -68 78 -49 -24 -93 -46 -5 84 -86 99 71 61 -28 68 -14 86 -85 -94 82 58 91 38 -69 -8 71 44 -47 12 15 -63 -28 -59 91 -15 -37 2 -70 92 4 -37 69 18 47 -2 56 -12 53 68 -78 71 -50 49 96 17 -79 44 59 81 -78 -37 15 43 -100 -33 45 -16 -53 -19 -6 -49 80 70 28 -49 60 69 77 18 -73 33 72 41 -42 -68 86 -1 -15 -46 41 -29 -64 87 9 45 40 62 -86 15 38 -53 -26 7 7 91 -84 32 68 92 60 4 62 22 33 61 81 50 1 9 -27 -23 52 72 10 -64 14 -94 30 1 52 -53 -36 -50 98 94 -39 95 -37 -35 -31 30 -78 64 51 21 90 28 -5 38 78 73 48 -56 -51 -3 ; 
6:20 11:41 14:52 46:182 47:187 12:48 10:36 16:60 30:118 20:78 25:99 6:24 7:25 6:20 6:20 4:16 40:160 19:75 15:57 4:12 16:64 28:112 28:110 29:115 24:92 26:100 32:124 7:25 13:51 21:83 40:156 34:136 12:46 8:32 29:113 2:6 22:84 8:30 5:17 36:142 36:142 20:78 10:38 49:195 32:124 22:88 6:24 14:52 0:0 14:54 12:44 6:22 10:38 28:110 35:139 6:24 16:62 32:124 2:4 34:132 24:94 2:8 7:25 32:128 44:176 13:51 11:43 6:22 10:40 1:3 31:123 26:102 29:115 32:128 35:137 39:155 8:28 32:128 38:152 33:131 20:76 4:14 14:54 11:41 19:75 32:124 34:134 25:99 46:182 14:56 39:155 24:94 15:57 28:110 38:152 26:104 4:14 42:168 5:17 25:99 3:11 11:41 20:80 23:89 32:124 20:80 28:112 14:56 7:27 27:107 8:30 20:80 39:153 12:48 34:132 10:38 42:166 31:121 27:107 18:72 18:70 10:40 6:20 40:156 10:36 8:28 38:152 22:86 16:62 11:43 44:176 17:67 27:105 33:129 33:131 16:62 22:88 29:115 21:81 27:105 20:76 40:160 11:41 60:236 24:92 16:60 40:160 28:110 9:35 23:89 9:35 24:92 48:190 37:145 7:27 30:116 33:129 37:145 45:179 12:46 20:76 12:48 13:49 28:108 6:20 13:51 33:129 17:65 19:73 22:88 18:72 4:16 33:131 14:54 13:51 18:70 2:8 24:92 18:68 30:118 30:120 23:91 16:62 15:57 19:75 30:118 16:60 24:94 14:52 17:67 13:51 6:20 19:73 36:142 12:48 20:78 8:30 18:70 16:64 35:139 39:155 40:158 2:4 2:8 36:142 34:136 32:128 54:212 14:52 12:46 11:43 44:176 4:16 3:11 3:11 13:49 25:99 4:14 14:54 2:6 24:96 18:72 28:112 20:76 18:70 22:86 40:160 14:56 12:48 14:56 38:148 38:150 26:102 2:6 36:140 3:11 28:108 16:60 22:88 18:70 15:59 23:89 4:14 26:104 6:20 25:99 31:121 2:6 42:164 31:123 5:17 26:100 3:11 10:38 14:52 20:76 2:8 32:128 6:22 4:16 26:104 22:86 28:110 22:86 2:8 8:28 3:9 18:68 1:3 13:51 20:78 10:36 13:51 11:43 16:64 8:28 10:36 36:144 23:91 14:56 16:62 25:97 4:14 28:108 25:99 45:179 22:86 21:83 5:19 44:172 8:28 2:4 54:212 8:30 8:28 13:51 2:8 36:144 28:108 22:84 29:113 24:94 38:152 9:33 1:3 16:60 26:100 18:70 15:57 31:123 33:129 43:169 23:89 46:180 38:152 31:123 8:30 24:92 16:60 54:212 26:100 26:102 17:65 10:40 17:67 7:27 39:153 33:131 1:1 26:102 22:88 25:99 40:158 14:56 12:46 48:190 61:241 32:126 28:108 17:67 40:158 30:120 28:110 11:41 23:89 7:25 11:41 24:96 5:17 19:75 22:86 27:107 14:52 32:126 20:80 9:35 36:140 48:190 8:28 41:163 20:78 21:81 12:46 24:94 25:97 15:59 56:224 11:41 32:126 22:88 14:56 1:3 18:70 23:89 22:86 1:3 4:16 6:22 11:41 30:120 17:65 43:169 30:120 20:78 9:35 53:211 18:70 32:128 23:89 12:48 10:36 17:65 29:115 33:129 16:64 2:8 15:59 16:62 36:144 3:11 35:139 38:150 24:92 23:91 33:129 4:16 21:83 30:118 35:137 7:25 12:48 26:102 4:12 15:57 38:150 31:123 31:123 36:140 9:33 14:56 12:46 1:3 1:3 4:12 23:89 40:156 30:120 13:51 27:105 12:44 39:153 2:4 36:142 2:8 5:17 11:41 14:54 10:40 38:148 10:36 16:62 6:22 20:78 40:160 24:92 22:88 17:65 35:137 45:179 14:56 32:126 14:52 10:38 11:43 34:136 1:1 16:64 26:102 22:88 31:121 25:97 31:123 37:147 10:36 9:35 37:147 20:78 37:145 3:9 37:147 8:30 38:150 21:81 4:16 22:84 25:99 43:171 36:140 6:20 2:4 9:35 38:152 2:8 27:107 25:97 16:62 10:38 4:12 11:41 32:124 10:36 24:94 23:89 24:94 30:116 23:89 31:121 24:94 22:86 39:153 27:107 ; 
L -21 -66 69 29 87 -62 74 61 -60 -69 45 -100 -82 94 15 -54 -15 12 -39 -47 -94 88 -59 -19 -81 -75 -95 65 -98 30 -75 1 -49 23 64 -63 -95 79 -16 30 83 -14 11 13 -9 94 -58 -13 -64 -100 92 -27 -37 -14 21 81 13 1 36 -87 68 17 -38 -29 -8 78 -97 -84 -96 4 -50 -99 91 9 42 75 -26 -64 -49 25 2 1 -17 85 91 22 -71 64 -34 64 -93 -4 43 -19 -95 -60 25 -21 78 -29 -40 -92 6 90 -49 -80 52 -36 -84 69 69 -31 -17 -80 -25 -18 70 86 8 12 94 61 95 58 -82 -20 -55 16 39 -41 -65 -46 6 -17 -84 -56 86 74 -66 92 -82 3 -82 -5 4 -92 79 -2 31 -63 89 22 -3 -8 -44 16 18 67 72 -25 -100 -50 29 66 -11 -16 -2 88 -6 -44 -51 55 80 4 -49 64 6 -77 53 -69 -43 57 -70 62 -19 44 78 41 82 -72 -30 88 -87 -26 47 5 64 64 74 41 5 79 -27 -92 24 -45 68 33 21 -13 14 60 39 36 -29 73 -87 -24 24 -48 97 -47 40 5 -96 -4 -15 63 2 56 68 -21 34 97 90 51 21 93 -37 -20 -24 -56 -17 45 -88 55 -48 -36 -76 -46 -35 67 -17 53 10 -33 -68 -86 -77 -89 44 -77 90 -26 -60 34 62 55 44 -27 -70 80 90 -57 -79 -71 -8 -58 -63 13 48 -19 -78 71 56 -4 53 31 52 96 85 -52 63 65 86 -63 -84 73 58 -75 -6 -95 48 -18 85 -11 -69 -20 85 51 -28 -97 -61 -37 14 -39 4 10 -60 78 67 93 95 -77 -78 -15 -12 -14 95 -39 -10 20 25 -40 -77 -77 -21 -88 16 -57 -19 18 78 61 -59 63 -71 -49 89 81 59 77 -4 28 -24 60 90 28 -38 71 -47 -25 -49 -29 96 -74 -67 -86 86 48 -77 100 -19 98 85 86 81 41 -79 6 -86 -71 56 -7 -19 -25 16 -43 70 -34 60 62 -40 63 -54 75 26 26 -53 1 69 -35 26 28 -86 43 84 -3 68 -56 -29 34 30 -57 75 -55 -91 -48 -30 75 -61 -27 36 -34 -3 52 45 94 -68 -16 -58 41 -89 -19 33 23 78 -24 46 85 13 56 -36 93 -66 -35 5 -49 28 93 -91 -91 -73 54 -99 10 -66 28 -98 8 -52 17 -80 14 -14 -20 65 -42 -94 45 -77 -4 -77 -87 8 54 79 71 49 -31 -84 -73 -70 57 29 55 83 -64 63 42 -50 4 -44 -24 3 78 98 29 -100 69 ; 
90 53 30 84 28 66 7 57 98 47 94 80 100 41 95 40 72 64 69 89 40 94 91 58 26 66 79 80 96 15 56 67 74 22 45 39 88 27 74 15 62 96 74 74 56 81 19 42 74 72 16 91 19 83 35 32 3 94 85 8 39 43 31 56 38 55 7 34 3 30 54 82 88 31 93 41 23 18 34 97 87 57 56 13 45 5 24 25 17 5 43 66 18 14 20 69 73 65 50 42 76 60 93 54 11 86 46 48 5 7 89 33 43 63 60 96 64 57 10 69 18 60 35 29 85 40 76 30 87 45 72 11 73 59 19 20 90 27 38 59 13 51 10 59 9 27 27 12 19 44 73 63 61 53 45 43 61 56 19 65 99 46 86 76 50 100 18 29 100 95 59 20 99 60 59 31 54 54 66 8 6 57 4 68 45 2 36 10 5 30 40 87 31 74 1 51 50 42 95 50 97 64 80 48 59 100 98 27 41 31 56 46 89 10 24 98 57 97 10 82 71 87 46 42 82 74 70 47 38 91 97 16 64 47 3 42 10 3 90 74 35 54 72 31 74 100 1 68 57 70 57 1 90 55 30 94 86 88 3 84 89 77 42 69 73 95 42 51 15 59 16 84 60 86 67 82 72 10 20 24 96 69 46 97 38 76 65 49 76 49 86 5 90 32 36 43 34 89 4 95 82 1 15 88 19 10 16 17 2 18 2 22 40 32 75 15 70 90 85 62 88 71 46 72 77 21 29 27 53 20 19 100 53 59 16 36 13 90 44 50 38 83 66 43 5 8 91 52 11 4 46 57 3 11 64 47 24 28 35 10 95 1 43 82 9 85 2 39 38 11 30 74 98 18 89 44 82 92 40 12 38 59 31 63 78 10 84 53 42 4 56 68 28 97 52 7 9 43 83 78 45 4 69 20 14 54 77 17 46 17 18 16 55 89 74 36 78 38 69 2 57 80 59 60 18 50 57 75 91 5 1 92 39 74 97 63 61 58 47 31 66 18 9 28 20 93 3 8 68 40 20 51 77 70 87 69 50 85 15 99 96 72 16 62 95 49 74 14 68 39 47 92 57 54 98 43 61 39 78 91 74 94 81 11 94 17 42 58 90 48 100 70 70 74 20 47 56 50 29 88 69 ; 
L -59 -19 -9 94 -58 -13 -64 -19 -42 -2 -52 80 49 -90 11 63 58 8 -39 -47 -94 88 -21 78 77 71 89 -65 96 85 -52 -64 63 -20 -75 -6 -95 -36 27 61 -75 -6 85 -30 88 1 -74 -67 -86 16 89 22 -3 -8 -44 16 -5 -64 -37 -14 -61 -48 -43 4 -77 28 30 -26 33 21 -24 46 85 86 23 -20 4 -39 4 10 -60 29 -78 37 -93 -21 -84 69 69 -31 -17 -80 -25 -18 70 53 -17 55 -48 -36 62 -48 -5 35 -29 -40 26 34 30 -57 75 -55 -16 88 21 -87 -45 17 56 77 -45 94 57 -91 -48 -36 18 -4 49 -86 -49 64 -18 85 -77 -77 -89 1 -79 95 -78 -23 49 -16 30 -14 95 -39 -92 19 89 72 71 68 -26 71 46 65 -20 -100 -53 17 -43 56 -36 93 -66 29 -36 -39 -60 -83 12 15 -82 70 24 -28 4 -77 43 84 -3 77 -44 75 84 97 68 29 87 -62 74 61 67 65 -66 69 -56 -82 -41 -78 -44 -65 -45 78 28 -51 -85 59 34 62 -55 -29 -57 63 82 -14 -29 11 13 -95 -69 41 -69 -43 -93 -98 -36 -51 86 81 41 -79 -2 -25 49 64 10 -33 -68 -86 -25 -97 -34 -40 -73 35 46 76 -60 70 84 -86 -13 -81 -19 -64 -56 86 -63 59 57 -70 96 -22 -26 97 5 79 91 91 -93 -88 2 -20 -55 -63 -24 38 -28 66 -10 99 -54 73 -27 -92 -86 49 -63 34 -80 70 27 -44 73 58 -48 97 -40 47 -21 -60 -75 54 3 -82 -5 4 -92 79 -19 -96 29 49 -15 63 2 56 68 -21 16 3 1 69 -48 -13 29 66 -11 -16 26 -75 -81 -75 98 -28 -90 -60 -34 84 31 -49 45 -24 -6 25 -93 -96 4 -50 -99 91 95 8 -52 -6 92 17 -50 69 60 -55 83 27 -92 100 25 77 77 40 -25 -20 10 -14 80 -24 24 -47 -61 -37 -13 -60 86 -28 -26 35 -19 -78 71 56 -4 53 74 -66 -62 78 6 -77 53 -39 63 -31 52 71 31 52 9 42 100 73 -87 -91 -85 -19 98 -44 -79 -54 -8 87 1 84 63 -78 47 -71 -4 45 -100 -82 94 15 -54 -15 12 71 79 57 -90 58 16 68 -94 -56 -95 21 -34 -3 -38 44 17 -7 -19 41 -90 67 24 -29 -8 64 -4 -80 -55 51 42 -50 90 14 -14 13 -78 -30 98 81 25 -72 -67 -18 -94 -12 -8 17 -6 61 95 58 -87 68 88 -14 -41 -74 -64 -64 -5 33 -100 69 ; 
25:99 24:92 43:171 33:129 8:30 17:67 30:118 7:25 1:1 7:27 17:65 19:73 35:137 5:17 14:56 8:30 8:32 4:16 16:64 36:142 16:64 38:150 48:190 19:73 31:123 6:20 27:107 12:46 26:100 35:137 2:8 40:158 36:144 20:80 77:305 33:131 1:1 7:27 24:94 32:128 23:91 26:102 28:112 20:76 35:139 21:81 21:83 1:3 16:62 9:35 18:70 26:100 25:97 22:84 18:72 18:68 5:17 8:28 4:12 34:132 8:30 4:16 18:68 8:28 30:118 28:112 12:44 19:73 22:84 17:65 16:62 19:75 13:49 18:70 10:36 13:49 5:19 25:97 28:112 36:144 34:136 18:70 17:67 21:81 36:144 2:4 2:6 3:11 36:142 14:52 18:68 26:100 24:96 39:153 26:102 42:166 12:48 28:112 1:1 28:108 10:40 11:41 2:8 2:4 48:188 26:100 55:217 28:110 22:88 36:142 30:118 15:57 42:164 18:70 36:144 13:49 58:228 13:49 29:115 47:187 19:75 16:62 24:96 10:40 16:60 17:67 76:300 17:65 24:94 6:22 27:105 13:49 38:150 8:30 7:25 8:32 34:134 28:110 45:177 11:43 27:105 17:67 9:35 15:59 6:24 28:112 22:84 8:32 5:19 44:174 30:118 14:54 8:30 20:80 7:27 6:22 52:208 5:17 20:80 24:96 8:30 22:88 13:51 20:76 4:14 12:44 8:32 32:124 10:38 4:16 36:142 29:113 8:30 12:46 12:46 13:49 18:70 26:102 5:17 2:4 30:116 31:123 7:27 14:54 31:123 35:139 7:27 14:54 18:68 12:48 12:44 27:105 3:11 23:91 16:62 31:121 13:51 12:48 29:113 20:80 2:8 4:16 15:57 6:24 12:44 6:22 23:89 1:3 8:28 14:52 16:62 17:67 20:80 7:27 38:150 7:25 25:97 41:163 14:56 34:136 30:118 12:46 15:59 16:62 6:24 3:9 13:49 40:156 27:105 5:17 15:57 33:131 37:147 16:64 17:67 35:139 39:155 14:54 30:116 38:150 35:137 36:140 19:75 6:22 19:75 15:59 38:152 0:0 23:91 28:112 40:160 27:107 16:64 8:30 26:102 2:4 7:27 8:32 9:35 36:144 34:134 4:12 19:73 2:6 58:228 16:64 4:14 5:19 40:156 26:102 20:80 21:81 8:32 20:80 12:46 19:73 31:121 18:72 20:80 1:1 14:56 13:51 20:80 28:110 35:139 28:112 43:171 20:76 21:83 2:4 8:28 2:8 4:16 34:134 7:25 24:94 17:67 2:6 12:44 29:113 8:30 19:73 47:187 45:179 47:185 3:11 17:67 4:16 24:94 4:14 11:43 11:43 17:65 6:20 4:14 33:131 35:137 19:75 16:60 37:145 39:155 7:25 38:152 22:86 13:51 18:72 14:56 39:153 39:153 31:121 20:80 40:160 4:16 10:36 4:16 27:105 28:112 6:24 33:129 10:38 3:11 32:128 30:118 37:145 51:201 40:160 18:72 22:84 18:68 20:78 12:48 22:86 33:131 36:140 17:65 44:172 39:153 34:134 38:148 3:9 7:27 38:152 19:75 48:190 18:68 24:96 37:145 7:25 47:187 1:1 15:57 7:25 24:94 22:84 40:160 6:20 25:99 23:91 4:16 43:171 12:46 13:51 5:17 17:65 38:150 6:22 8:32 28:110 16:60 19:73 39:155 16:60 31:121 26:104 18:72 16:60 14:56 10:38 33:129 22:86 27:105 16:60 47:185 18:70 48:188 35:139 16:60 31:121 23:89 38:148 27:105 31:121 23:91 17:67 18:72 10:38 8:28 46:182 15:59 25:97 18:68 40:156 2:6 32:128 14:54 13:49 16:60 38:152 16:60 14:56 32:128 40:160 17:65 38:152 16:64 29:115 26:102 41:161 33:131 27:107 35:137 47:185 1:1 2:8 37:145 22:84 36:144 19:75 18:70 8:28 18:70 12:44 13:51 20:76 32:124 6:22 19:75 3:9 31:123 41:163 16:60 24:92 14:52 24:96 40:158 8:32 21:83 40:160 34:132 2:8 29:113 23:89 20:80 16:62 6:24 29:113 22:86 26:104 8:30 23:89 21:83 8:28 28:110 4:16 24:94 27:107 14:56 12:46 32:126 16:62 30:116 5:17 26:100 20:80 38:152 17:67 20:80 7:27 18:72 36:140 28:110 ; 
L -33 -61 63 4 92 -70 39 10 91 -91 91 -80 45 -3 23 66 -75 17 -73 21 -84 61 24 50 -18 -12 -34 -81 37 -79 96 16 71 52 -49 -23 -90 -55 -11 11 47 -39 -70 25 -24 11 75 -42 -92 -40 85 69 -39 -71 58 34 55 -65 98 97 -66 -85 10 24 22 62 -48 32 -84 -75 73 -59 11 -87 74 29 -82 -95 50 -72 -71 3 -46 -44 -83 96 89 -15 32 35 80 -56 -98 94 46 -99 -83 83 80 94 -71 17 29 -14 -84 -4 -70 79 -16 67 -19 -81 95 14 49 -90 -28 69 -33 54 -32 11 -78 32 -93 -84 1 60 -70 87 -75 24 40 -66 -22 -30 -21 -56 -38 -1 -40 -78 96 -64 47 -42 -14 -67 34 17 -35 61 -98 3 92 27 -19 54 -20 75 56 -15 -16 -92 -46 59 -94 -81 -65 -74 -97 -46 -4 94 -62 -17 -67 -12 78 -40 -46 -92 -74 93 23 89 -27 -69 72 24 6 -79 81 31 47 8 -61 52 -7 -85 -38 80 96 51 -76 -46 80 92 35 21 26 -49 -87 44 45 -20 83 19 55 76 -52 -57 26 9 26 27 -79 -93 -64 -55 90 91 85 -42 66 52 47 -97 -36 -92 -24 54 -62 -96 11 79 88 -4 46 -99 86 -84 49 -36 -72 49 76 16 27 -28 87 40 27 41 -69 6 -83 73 -28 -79 -4 -68 4 -57 -38 -12 -6 29 90 -27 17 -6 -61 74 -33 -89 7 80 -79 94 36 -100 -48 -94 -7 -2 -94 -8 -13 -99 77 5 49 -29 20 -57 -92 -99 -84 -91 49 32 -27 17 -84 -30 42 -90 94 -42 65 15 -96 -2 65 57 -41 -69 -68 79 -77 95 -75 84 -94 21 71 88 -12 78 54 -12 -96 -51 -28 100 -40 4 73 87 -20 4 -56 55 36 -42 57 16 -45 77 68 -54 14 29 -94 -27 92 56 39 83 30 -100 -57 44 10 96 -16 -66 56 -33 41 -5 100 -98 -46 -71 -29 18 -18 65 -44 -3 99 38 24 -21 -90 -11 3 47 -54 65 -20 -43 -75 17 8 -27 -52 -29 -100 -26 42 97 -32 25 -22 96 42 24 -83 -15 -40 -87 29 -22 68 -85 -32 91 9 31 94 -100 59 -84 -12 -14 64 3 -55 -83 -36 31 27 84 -30 -46 -62 -23 59 -87 -91 -25 30 -81 -71 -58 -32 3 -23 -55 -45 59 -65 86 -26 -65 -66 43 -92 -90 58 -64 -78 87 84 76 1 -37 11 28 94 24 -67 62 -51 -8 69 -3 42 62 -59 37 -22 60 -4 6 -58 54 ; 
60 86 92 48 77 44 77 35 38 9 53 68 83 35 42 97 78 85 33 71 69 72 67 25 58 74 11 65 74 37 91 6 52 73 48 23 75 28 1 13 18 50 28 24 13 48 19 94 85 37 24 49 97 12 81 30 27 14 73 30 48 54 86 60 32 34 58 19 80 47 5 49 60 20 59 35 50 72 33 14 5 15 46 72 45 53 71 37 87 44 91 42 15 80 27 7 34 23 69 52 33 92 53 70 98 79 60 89 27 21 69 47 23 78 31 16 75 66 91 73 11 59 60 9 50 79 12 85 25 61 25 17 97 51 11 33 10 4 15 57 41 23 24 37 2 79 79 26 71 78 1 26 33 28 31 26 85 26 7 28 41 61 7 68 20 42 4 93 32 7 97 39 63 37 92 21 38 40 97 22 54 10 28 78 9 35 50 16 33 16 78 51 81 1 39 88 22 3 65 95 67 7 65 48 37 16 41 96 71 88 5 44 24 68 89 14 53 85 5 24 75 49 100 49 31 12 77 91 20 3 19 53 78 67 80 41 78 66 62 42 10 13 15 53 1 97 93 11 79 55 5 78 36 100 77 31 40 53 62 81 92 63 46 56 1 39 41 47 5 50 42 25 98 80 38 92 48 11 63 34 31 39 83 42 96 76 58 46 59 73 45 48 7 83 39 84 40 20 72 77 70 30 15 98 83 48 46 46 10 68 83 48 20 65 50 50 45 85 26 48 87 43 15 9 27 44 2 22 76 99 62 92 22 60 31 2 92 10 37 25 71 47 92 100 52 34 57 94 79 65 84 28 7 42 42 93 71 56 43 63 61 61 51 68 31 3 55 34 48 86 51 46 14 73 22 34 84 36 55 5 54 31 17 86 68 37 25 32 36 36 4 10 83 83 26 31 100 21 4 93 39 15 69 100 71 70 60 31 45 34 70 94 84 67 62 80 38 67 30 37 93 88 61 52 41 61 87 2 57 95 73 55 44 7 41 29 20 11 92 11 60 77 42 95 48 61 20 46 87 4 71 38 47 45 96 88 51 95 29 11 8 71 63 94 85 100 51 26 12 94 37 11 84 33 60 65 13 41 84 98 40 100 2 97 13 45 95 93 13 98 93 6 3 42 39 69 84 22 71 77 93 ; 
L -33 -61 63 4 92 -70 39 10 95 14 49 -62 20 27 -65 42 -94 90 87 -20 4 -100 -57 -3 -57 -100 -25 70 39 -47 -11 11 23 89 57 16 -45 77 68 -54 -71 58 -47 -69 26 100 -92 -99 84 -59 -24 -27 -92 -42 -96 28 94 -3 71 72 -50 -26 57 65 91 9 31 -11 -28 100 -96 17 -21 84 -17 27 -11 58 -64 -78 -24 15 21 30 22 66 -40 -24 75 -87 70 -60 -1 -88 40 65 40 12 -54 -42 -21 73 -86 36 55 64 93 79 -59 11 -87 74 -49 57 -4 -91 -76 -17 71 -94 -80 -83 96 69 27 -84 -96 69 -84 68 62 -73 21 6 12 94 46 92 36 -45 -44 44 46 29 -22 68 -8 -3 66 -29 -76 -58 -79 -92 -32 -85 10 24 22 -96 11 56 33 -56 66 16 27 -28 87 32 85 41 -52 -24 -61 83 32 75 94 -82 -95 9 26 27 42 97 -32 25 -38 80 96 51 28 -61 32 32 35 80 -56 -98 38 -46 -4 -42 66 41 -34 67 14 -55 -93 -52 54 49 22 26 -86 -59 -17 98 6 -79 100 -4 -70 40 -26 -35 78 -36 -92 42 -47 -49 52 27 -18 29 71 46 -76 -5 -2 -46 -55 -45 59 87 40 15 83 -24 -3 98 -61 12 -94 -41 -28 62 -85 75 -95 6 -23 -6 -61 74 -33 -89 7 80 52 29 -64 76 16 -42 -92 -11 37 -1 75 -17 71 -79 94 46 -99 4 -88 27 32 -54 -90 90 92 16 15 19 90 92 77 -79 68 -10 -84 87 34 55 -65 98 80 92 35 -30 -91 81 19 -67 16 -79 85 -56 -29 -14 -51 -8 -73 75 84 -32 48 -62 -65 -66 81 34 12 84 93 15 -89 -96 83 4 79 67 -50 78 94 27 33 -69 3 -55 -49 74 -3 23 40 -36 31 27 84 -30 -79 83 99 -24 -80 45 90 23 -18 -96 78 40 99 38 69 -83 -39 52 47 -37 59 -62 -42 -44 -69 -64 14 -73 91 30 -56 55 46 -71 -21 94 -56 -38 -1 43 -47 54 -65 30 -99 -100 -48 -94 -2 65 57 20 -81 90 91 85 75 -81 -71 3 44 4 91 54 -12 51 87 84 78 20 -46 59 -94 -4 -23 97 -49 -19 -83 -90 -11 3 -39 7 -31 81 -60 22 -17 65 24 7 96 77 5 55 29 -14 -84 -24 -72 16 29 72 36 -49 84 -97 -42 20 -18 -62 -17 -67 -12 -75 -87 -91 -25 -74 -97 -8 43 13 8 94 37 -46 66 29 6 -83 -58 54 ; 
24:96 35:137 37:147 20:76 31:123 18:70 31:123 14:56 7:25 32:124 13:49 15:59 37:145 20:76 25:99 35:139 20:76 11:41 30:118 34:134 12:44 9:35 6:22 5:19 36:140 12:44 18:72 10:38 12:44 20:80 8:28 6:20 3:11 14:56 12:48 23:89 18:68 26:100 25:97 25:97 8:30 33:129 18:70 16:60 6:24 38:150 17:65 19:73 7:25 12:46 4:14 44:172 11:41 18:68 12:48 13:49 1:3 26:102 6:24 2:8 6:22 9:33 40:160 12:46 37:147 30:116 22:88 18:68 39:155 14:54 43:171 10:38 2:4 16:64 20:80 26:104 9:33 28:108 14:52 5:17 29:113 11:41 7:25 4:16 14:52 5:17 21:81 39:155 7:27 10:40 25:97 10:40 34:136 5:17 23:91 18:70 8:30 17:67 19:75 46:184 8:28 29:113 34:134 6:24 35:139 2:4 8:32 37:145 14:52 24:96 8:32 24:94 9:35 8:30 32:128 33:129 25:97 14:54 37:147 14:52 21:83 28:110 30:116 8:30 7:25 57:227 28:110 11:41 8:28 34:136 16:62 4:12 18:68 4:12 20:76 24:92 11:43 4:12 17:67 6:22 36:142 27:105 29:115 24:96 25:97 35:139 6:20 19:75 15:59 33:131 36:142 7:25 20:78 34:132 2:4 12:44 35:137 24:96 13:51 13:51 1:1 20:76 24:92 2:8 22:88 15:57 16:60 33:129 37:147 11:41 23:91 6:22 28:112 2:6 27:107 10:36 24:94 8:28 30:118 11:43 29:115 25:97 13:49 5:19 14:52 27:107 25:99 32:128 7:25 3:11 26:104 20:76 25:99 36:144 4:16 12:44 18:70 37:145 17:67 6:24 46:182 26:104 26:100 8:28 32:128 17:65 18:72 29:113 11:41 5:19 2:4 41:161 14:56 6:22 40:158 17:67 21:81 35:139 14:56 29:115 23:91 21:81 20:76 63:251 24:96 3:11 24:92 2:4 12:44 20:78 8:32 19:75 32:126 5:19 15:59 18:72 16:62 13:51 10:40 15:59 39:155 16:60 12:48 50:200 25:97 26:100 38:150 28:110 21:83 25:97 36:140 38:148 10:40 12:44 14:52 3:9 22:88 31:121 3:9 10:38 20:80 24:94 9:35 10:36 4:12 9:35 34:132 17:67 39:153 31:121 24:92 19:73 35:137 25:97 28:112 12:48 22:84 22:86 34:136 24:96 16:64 40:156 22:84 19:73 23:91 19:73 30:116 32:124 22:88 15:57 5:17 50:200 33:131 5:17 18:72 15:57 41:163 28:108 3:11 45:179 17:65 5:17 50:196 25:99 40:158 34:134 14:56 25:99 14:56 11:43 6:22 30:116 14:52 39:153 29:113 40:156 1:3 18:72 19:75 28:110 9:33 11:43 43:169 14:56 22:86 28:108 12:44 38:148 19:73 2:8 19:75 32:128 8:30 24:92 37:147 5:19 25:97 26:104 12:44 16:60 32:126 44:174 15:59 29:113 22:84 4:12 17:67 29:113 6:24 10:36 25:97 8:30 25:99 37:145 7:27 24:96 27:105 30:118 29:113 17:67 37:147 18:72 38:152 20:76 25:97 8:32 14:56 17:65 14:54 4:14 8:28 34:132 16:64 30:120 12:44 22:88 10:38 10:36 24:92 34:132 15:57 7:27 35:137 18:70 32:124 10:38 17:67 2:4 3:9 20:76 64:254 20:80 37:147 16:60 23:91 21:81 13:49 17:67 13:51 3:11 37:147 1:3 9:35 6:24 23:91 22:88 20:80 0:0 4:12 12:44 42:164 5:17 3:11 34:132 4:14 11:43 18:70 9:33 8:30 8:30 22:84 32:124 8:30 18:70 21:81 34:132 4:16 32:126 30:120 26:100 10:38 7:27 36:144 6:20 48:188 20:78 11:41 17:67 2:6 34:132 2:6 20:76 26:102 0:0 34:136 34:136 9:33 2:6 61:243 63:249 30:118 6:20 38:150 28:110 25:99 31:121 31:121 8:32 16:62 21:83 12:48 8:32 18:68 28:112 40:156 12:46 7:25 8:32 25:97 12:44 31:123 40:160 15:57 19:73 32:124 24:96 45:179 45:177 9:33 16:60 16:64 44:172 24:96 19:75 18:72 30:120 39:155 7:25 56:220 34:136 29:115 8:32 18:72 20:76 29:115 12:48 20:78 17:65 20:76 31:123 38:148 ; 
L -12 -59 -38 65 -84 -66 78 -56 -69 -9 67 55 -24 -69 74 -41 9 81 50 -22 97 -17 -11 -62 26 81 61 -78 10 82 -78 -63 73 -90 -83 -17 33 -25 3 -75 58 -66 -32 71 51 42 -15 64 69 -1 25 -17 49 -43 -5 -97 99 11 -60 15 -53 -57 -29 -20 72 -47 -29 32 18 56 71 21 -29 53 -36 63 -2 -1 -37 -90 -93 49 23 -51 -40 -18 11 -5 16 42 72 93 -1 -21 -75 51 -73 42 -50 37 -10 -73 -32 -77 -80 -59 -31 52 -42 83 87 29 9 45 -42 95 -76 -76 84 -49 1 6 30 -56 -23 -27 -9 -60 -79 8 2 -2 -97 -68 85 49 81 76 55 3 -28 -41 76 70 97 5 43 -73 -11 -3 -11 11 99 -40 -53 -53 -54 99 47 -86 -21 -84 -24 -41 70 -93 66 -17 4 9 70 73 48 40 -45 -22 16 27 49 92 49 24 -8 -39 87 28 28 6 96 -86 -96 52 -68 64 -80 -17 47 60 -2 -87 -19 84 94 4 -98 -96 -96 22 88 -20 -86 99 -1 91 -56 -29 -63 73 71 39 67 -81 19 84 12 44 -43 88 100 -62 -28 -80 -2 -85 -82 -13 84 -36 9 30 78 66 24 42 98 60 -85 43 59 52 63 -42 -45 49 11 -69 57 -70 93 32 38 -21 50 17 41 52 95 54 -78 50 100 -6 37 -13 -20 -60 18 84 84 -41 -3 63 -42 -40 -71 -64 -82 -63 -15 3 84 -52 70 -94 -90 -16 74 56 -13 -67 57 64 -26 14 -49 -21 -80 -40 89 -45 80 35 10 -5 -15 23 -3 49 -56 -7 -84 43 -43 -38 -82 -23 33 -59 -28 38 5 -97 -41 -89 96 78 85 -43 64 -15 84 -35 35 -88 40 -1 -55 -5 -37 74 -29 -55 11 85 -54 -79 -55 -43 -75 -45 -13 -83 19 49 96 -92 54 -68 -80 -11 39 -43 74 46 44 -54 -18 -6 -31 -80 48 5 -63 40 -58 31 -38 26 -98 -44 46 69 96 -6 -61 -41 -41 -78 -15 -20 -35 9 -86 36 33 58 -62 -4 -59 -40 59 91 -73 -52 69 82 69 88 -44 -92 -49 9 -19 -66 89 38 81 37 -50 6 69 35 -67 20 55 -68 -20 -84 -42 74 -14 19 -50 -100 -37 71 95 36 60 83 -86 80 2 -29 45 -59 -95 -65 -42 -69 69 34 43 44 91 -62 -21 -73 -81 -98 97 37 99 98 64 58 -89 -75 -25 -70 -70 -17 72 -49 -90 -92 -14 -22 57 57 68 61 22 74 -10 86 86 77 -51 -38 ; 
5 26 4 16 83 32 91 88 27 73 42 98 66 62 21 27 19 82 1 11 86 100 67 43 73 18 30 28 94 73 48 75 75 83 72 62 33 29 25 75 94 44 10 55 54 10 68 20 93 68 60 97 30 3 25 75 65 48 88 17 71 16 66 41 83 56 97 96 48 41 66 66 53 15 78 29 55 77 46 85 45 67 27 95 14 96 70 22 84 61 10 16 97 37 29 48 2 89 78 4 42 37 28 96 45 44 17 47 57 56 49 8 36 10 57 70 86 96 43 85 15 99 40 90 4 4 19 12 76 25 10 23 75 78 81 97 7 70 10 13 16 58 58 80 90 20 42 54 39 81 51 12 88 89 54 81 25 58 24 69 31 44 1 13 70 57 26 29 56 66 64 14 14 35 72 18 70 11 75 20 89 52 100 21 52 92 45 19 79 43 8 52 74 34 91 80 94 20 94 95 77 49 87 73 5 86 50 34 70 13 61 6 85 31 67 2 70 41 1 2 17 54 42 17 87 40 69 57 62 14 87 55 68 62 19 39 44 26 100 88 42 80 87 3 5 58 48 36 47 75 22 85 42 78 61 6 5 84 63 27 32 97 34 95 15 6 19 66 25 61 48 65 32 28 53 51 13 52 26 52 61 11 17 24 76 4 99 1 66 2 12 54 48 33 94 97 38 50 6 43 18 36 65 79 6 87 68 64 16 50 28 13 19 54 73 57 90 6 36 74 31 33 38 6 97 100 93 78 69 60 28 66 40 52 85 54 65 100 87 58 57 98 93 66 68 38 66 78 48 10 76 31 100 43 34 66 12 90 15 26 24 58 16 37 89 86 48 22 96 82 72 3 88 14 74 25 20 25 37 49 81 95 59 31 25 5 62 29 82 7 41 43 70 19 96 30 27 23 90 68 50 44 42 53 36 16 82 82 38 63 68 12 12 51 32 22 17 67 62 83 19 84 93 67 11 68 86 41 47 7 64 54 69 19 65 21 67 19 90 82 52 15 31 22 32 48 75 20 37 55 98 55 21 70 94 20 94 64 85 42 32 76 33 74 92 6 40 72 2 69 30 52 50 32 61 42 57 67 96 33 54 30 57 1 98 74 72 13 84 41 79 5 15 55 13 54 40 4 24 84 28 ; 
L -97 22 -63 40 -14 -22 72 -2 29 47 11 -11 18 -96 -96 22 -45 -80 -64 -98 -73 -11 -11 -62 26 81 -67 -43 -34 -69 69 -76 -37 71 63 -2 -1 -37 -90 -13 -67 -26 38 -31 58 54 15 11 -77 -58 -33 -36 86 -9 35 20 -85 -71 -56 -18 -32 -8 -29 28 -33 91 -56 -29 -28 -59 -28 38 5 36 -55 -61 -81 78 69 96 72 -23 15 54 -56 -89 66 -16 5 58 15 -64 43 -85 92 90 -93 49 76 -95 42 -45 -80 -24 83 90 -73 -100 62 66 -84 -78 50 -21 -73 -27 -9 -60 -75 -60 -97 -41 -89 -91 -44 -32 71 46 72 93 -1 55 80 -40 -39 51 -23 18 -29 68 -75 48 40 -45 -22 25 -76 55 -6 -45 -29 53 20 29 30 -70 42 -83 -60 -49 -21 11 -37 -80 35 -88 -99 86 20 -88 75 43 -71 -64 -82 -63 -3 28 50 16 90 -43 17 80 -3 -55 -57 -53 -53 54 -44 74 -84 -2 21 -73 -70 -9 -49 45 -41 64 80 31 6 18 -54 99 47 -86 51 -73 42 42 -82 -10 78 -61 -81 24 -55 -67 9 -56 -74 -63 79 19 -9 49 92 44 3 -49 -5 -97 99 -41 -84 -12 -59 -38 5 -50 84 -98 -86 57 -70 93 14 -36 84 -49 1 6 37 -50 6 69 35 -67 20 55 -68 -20 -84 -42 -4 40 42 -63 3 41 -5 -97 -88 -69 -82 -69 -10 86 69 32 -77 -44 98 -43 -37 -70 -70 -17 31 -17 -50 21 -38 -32 26 48 65 -96 -6 23 -89 40 -45 -62 74 -14 -84 78 -87 -83 59 91 -73 -52 -2 81 -37 -13 -83 -30 -81 -38 35 10 -5 -95 -52 -41 59 -96 52 69 -33 17 -69 74 -41 9 81 -89 -54 92 -96 9 -49 -85 -1 23 82 38 43 -4 -86 24 43 71 39 -19 -84 -19 40 95 1 -69 -64 15 -42 -51 -98 -42 -41 70 -93 66 -17 4 78 17 -25 76 60 59 5 40 -1 -2 19 56 19 49 43 -49 84 21 75 -66 -50 -100 56 -21 -11 6 -2 3 17 -68 -57 -57 -87 -80 87 -11 11 99 -39 -66 78 29 -74 -22 -61 -16 3 20 79 100 -62 -28 41 -63 99 -73 -49 -98 97 25 64 37 -10 -68 96 94 -70 52 -84 -15 42 -63 -52 -59 -43 85 -60 -74 -80 86 13 -60 15 -53 -57 -92 -49 -27 12 44 -43 88 -97 -68 -46 -59 -95 -65 -94 -84 -85 -82 -13 84 -36 9 49 24 -8 -58 52 -42 7 -47 35 40 78 -73 -51 -38 ; 
22:84 35:137 6:20 13:49 34:136 6:20 49:193 27:107 28:112 39:155 27:107 26:100 28:112 49:195 20:80 14:54 24:94 32:126 16:62 25:97 12:48 16:62 33:129 18:68 30:116 30:116 22:86 24:92 14:52 31:121 13:51 26:104 14:56 20:76 11:43 22:88 31:123 19:73 34:136 7:25 18:68 2:4 12:46 25:99 2:8 6:24 4:14 26:104 22:86 37:145 7:25 15:57 22:84 17:67 18:70 20:80 38:148 33:129 27:105 17:65 20:76 15:57 46:180 41:163 13:49 36:142 27:107 1:3 31:121 37:147 28:110 24:96 12:44 23:89 10:40 18:70 7:25 12:48 14:56 28:112 11:41 24:96 23:91 41:161 6:24 34:132 5:17 43:169 34:134 18:70 27:107 24:92 35:139 40:160 40:158 30:118 16:64 27:107 12:48 35:137 28:112 23:91 6:20 6:20 10:40 29:115 34:132 14:52 24:96 32:128 43:169 19:75 25:97 12:44 29:115 8:28 8:30 5:19 27:107 17:67 16:60 16:64 21:83 46:182 37:147 6:24 22:88 20:76 5:19 7:25 39:155 14:56 14:54 42:168 22:84 15:57 38:152 32:126 20:78 14:54 6:20 21:83 14:56 29:115 8:28 18:68 22:84 35:139 43:171 4:14 41:161 6:24 38:148 17:65 35:139 6:24 23:91 21:81 22:88 13:49 35:139 17:67 23:89 18:72 72:284 27:105 20:80 3:9 25:97 6:20 15:59 6:24 54:216 2:6 40:158 1:1 11:43 6:20 4:14 15:57 39:155 14:52 14:52 32:128 27:107 6:20 2:6 17:65 33:129 13:51 10:40 26:102 33:129 12:44 25:99 29:113 6:22 26:102 9:33 32:124 23:89 23:91 34:132 20:78 15:59 10:40 6:20 24:92 10:38 28:110 21:81 1:3 36:142 21:81 8:28 30:116 38:150 12:44 12:48 26:102 27:105 40:156 17:67 22:88 20:80 33:131 5:19 8:28 38:148 34:134 8:30 34:132 34:136 13:49 13:51 30:120 26:104 3:11 16:62 8:30 11:41 2:6 11:41 23:91 12:48 24:92 2:6 2:8 34:134 26:100 17:65 5:19 20:76 34:136 6:24 40:158 8:28 19:75 3:11 26:102 22:86 28:110 8:30 26:104 9:33 27:107 8:30 36:144 38:152 14:56 10:38 7:27 5:17 25:97 10:40 8:32 18:68 27:107 7:27 9:35 4:14 22:86 16:64 20:76 10:38 3:11 12:44 14:56 13:49 20:80 22:86 12:48 48:192 10:38 38:152 14:54 39:155 13:51 26:104 26:100 34:136 10:38 32:126 1:3 7:27 7:25 29:115 13:51 28:110 21:83 8:28 30:120 4:16 20:78 24:92 5:19 5:19 21:81 28:112 9:33 21:81 22:84 24:92 41:163 26:100 35:137 19:75 8:30 22:86 16:60 8:30 3:9 4:12 6:24 21:83 28:112 15:57 14:52 22:84 9:33 11:43 8:30 33:131 8:28 31:121 20:76 35:137 30:116 2:6 39:155 56:224 14:56 40:160 39:155 3:9 4:12 81:321 10:36 2:8 7:27 1:3 15:57 32:128 7:27 12:46 23:89 13:49 28:108 38:148 8:32 28:108 4:16 8:30 2:8 14:56 28:112 23:91 11:41 12:46 23:89 53:209 22:86 39:155 18:70 11:43 3:11 6:22 16:62 16:60 40:160 5:17 28:110 2:6 15:59 20:76 2:4 10:40 18:70 12:44 33:129 10:36 9:35 3:11 27:107 12:44 61:243 17:67 35:139 27:107 8:32 32:126 17:65 11:43 9:35 15:59 24:94 5:19 36:140 28:112 9:33 37:145 27:107 15:57 22:88 6:24 5:17 21:83 43:169 13:51 14:56 6:22 35:139 21:83 6:20 22:88 16:64 15:59 39:153 12:48 14:56 20:78 14:56 17:67 34:136 12:44 44:172 14:52 20:76 22:86 21:81 14:52 34:136 9:35 30:120 19:75 15:57 20:76 24:94 23:89 15:59 12:48 24:96 7:27 29:113 7:25 22:86 8:32 30:120 20:76 16:64 28:110 23:91 28:112 32:124 6:22 18:68 38:150 26:102 2:6 35:139 40:160 8:30 16:62 18:70 11:41 40:160 41:163 21:83 40:160 8:32 33:129 23:91 8:28 25:97 16:64 60:240 12:46 19:75 12:44 34:134 12:44 ; 
L -67 -55 4 62 -71 -60 -95 64 -8 -53 -18 -60 77 37 -98 -56 -2 25 31 72 -41 -74 -81 -34 -20 -44 -66 -96 -25 -78 -84 -13 -97 8 73 -35 86 73 -73 -41 57 50 -67 -78 9 -60 46 79 47 -15 55 -38 12 49 -16 29 49 78 32 -80 -68 26 12 -74 52 -47 9 -87 36 -11 16 -18 54 15 -99 -66 -29 13 -19 4 39 -81 29 -24 -95 -10 -57 -62 -29 38 -81 9 -92 -82 -37 -33 33 40 9 40 46 -5 48 21 -20 -73 -51 -60 -13 59 -41 -45 50 -29 -9 -40 41 -58 -74 -26 26 -68 -75 -36 -64 40 28 29 -48 57 38 -14 48 38 -17 9 -61 -51 -65 17 -30 46 95 65 -46 -82 30 -39 23 -16 60 19 -20 -46 64 31 -46 38 -94 -46 72 10 -3 -97 -78 26 63 100 31 23 23 84 -72 84 53 95 -71 -73 15 52 2 48 52 -56 -12 22 51 -86 -92 -34 4 95 87 -12 60 -26 67 -42 -12 -3 3 77 -34 71 -48 60 20 -99 48 -87 6 67 35 11 77 -34 91 25 9 77 -59 4 -5 -57 44 4 78 -37 -79 21 63 19 29 -67 -82 37 92 60 91 -1 58 29 57 95 84 13 62 24 -83 73 89 85 97 91 50 98 60 -68 -7 29 -36 81 -89 31 2 -97 95 -15 65 -71 80 51 29 -95 12 65 -83 93 -78 -40 -72 -67 -85 17 63 -78 -30 84 -97 40 60 -82 93 17 64 -15 28 -23 -65 4 26 -31 33 79 -68 -92 -70 -53 72 -35 90 51 8 -92 67 60 53 -46 72 71 -37 -32 78 -83 -93 -69 -59 -35 -64 -3 -52 -32 15 10 -18 31 -8 -3 65 42 -63 -2 -40 100 -26 17 -59 -28 78 -86 40 -6 -77 29 22 99 76 69 13 -77 -4 93 -7 90 -83 53 84 -72 -75 -55 77 -41 -98 -4 -58 -23 -82 -56 -10 -4 -25 -76 55 46 -82 65 -97 -28 -78 80 -8 45 -35 -54 -82 -73 -36 -92 -80 -65 46 10 -1 -88 56 76 -71 16 23 -71 -6 -60 95 -77 26 -15 46 -80 -44 -2 94 -77 53 -70 -9 -75 -40 -87 -44 -11 69 -76 -2 98 -20 11 -99 -91 -18 -56 -63 100 -23 -88 25 95 19 -8 76 -10 -52 26 -27 28 70 -97 1 -90 69 -83 63 22 57 -58 -54 43 -70 -34 -12 -9 15 -48 54 -43 98 32 -85 23 -67 35 -89 17 47 22 -33 -12 -51 -98 -60 29 -80 -35 59 57 -57 -35 65 79 42 -91 ; 
21 53 94 1 98 29 37 34 57 94 38 58 17 85 7 50 19 49 43 67 14 54 99 55 34 91 85 36 27 1 93 49 61 42 10 68 53 24 56 70 63 71 63 92 52 8 39 73 99 83 11 67 5 98 53 14 56 35 13 93 52 8 34 11 65 96 98 75 80 100 18 100 95 12 58 57 31 10 51 46 87 89 59 10 62 23 93 47 81 54 9 96 81 46 100 47 33 4 73 30 38 57 74 14 21 20 72 30 36 82 94 18 52 4 79 35 83 68 22 65 4 13 61 64 7 26 75 10 18 81 61 58 6 60 11 49 67 24 47 64 58 38 89 68 1 28 42 35 24 97 11 25 90 68 19 11 28 35 17 90 58 13 50 48 63 46 22 41 10 4 3 30 89 12 90 25 90 60 93 63 53 50 47 43 86 20 9 7 46 79 85 26 65 75 19 37 72 11 42 52 63 17 52 31 21 29 18 22 89 62 98 90 23 16 12 3 74 98 21 76 79 33 79 21 90 71 36 38 56 18 90 84 73 81 7 11 78 63 2 3 74 96 12 71 8 67 22 84 68 64 65 33 93 45 95 20 51 55 25 37 80 65 19 35 5 76 52 5 97 8 57 22 60 58 44 46 96 66 35 12 100 49 42 94 74 44 37 16 95 6 46 93 40 66 67 71 29 70 59 42 58 18 85 44 70 10 53 91 68 100 26 64 19 47 69 82 37 40 38 69 57 2 59 21 16 21 63 64 95 23 81 41 46 79 88 98 98 27 5 38 60 37 65 63 14 49 30 38 29 36 30 17 57 51 77 49 43 28 70 88 65 75 8 42 72 13 59 64 67 66 89 3 53 91 98 62 34 42 69 76 96 48 89 59 26 67 10 64 99 11 44 95 65 96 41 72 60 57 3 54 41 81 58 52 67 27 10 9 70 2 4 52 78 24 16 70 39 46 94 10 89 22 41 72 51 53 48 44 40 93 54 78 65 3 43 32 99 83 3 12 92 97 17 25 83 10 42 67 50 42 98 95 91 97 36 13 11 98 11 98 30 31 68 86 92 25 69 9 69 43 64 26 6 10 76 48 82 6 80 77 82 81 44 10 61 79 33 81 78 91 4 35 61 23 41 33 31 56 98 9 43 ; 
L -67 -55 32 6 67 35 11 77 3 35 -29 38 -81 -58 1 -91 -60 -92 94 46 79 48 -29 -62 -13 -3 50 26 -60 -38 9 -56 -77 -80 2 76 -69 11 87 -28 71 -76 -56 88 1 -10 58 -41 -23 -65 4 -50 -57 28 -84 15 71 17 -59 -28 78 -86 49 78 -83 7 68 81 -89 34 70 -43 -30 22 40 35 77 6 51 -17 18 91 -74 -26 26 -15 -32 -94 -51 -90 35 -72 -85 -89 -46 -40 -33 -20 53 -46 -5 48 4 -46 -50 45 41 -59 13 25 86 -40 -9 65 95 65 -46 -82 30 -91 55 60 31 -26 -67 8 -19 16 -49 -12 60 68 -10 -4 -92 -34 -99 -66 -29 13 10 -52 -73 84 21 -20 95 23 72 72 -42 -12 -54 -82 35 -89 -56 -63 100 -23 -88 -40 -72 -67 -85 17 63 -57 -22 -80 71 -15 -54 -37 -95 97 -2 -31 65 79 35 -40 100 84 78 25 96 66 44 77 35 -60 64 36 12 9 -61 -63 -26 78 65 51 100 -83 -6 -60 -29 4 92 36 -97 98 67 -41 -24 -35 -73 -86 -73 -46 -47 33 79 -68 33 60 36 -29 93 -78 25 84 -62 -45 15 -98 43 -48 54 -60 52 -47 -46 -10 -52 16 -38 -48 -22 12 -46 72 71 -37 -32 78 -67 92 99 76 69 13 -2 25 82 92 4 98 -46 -55 -53 19 9 75 68 -79 81 -39 -4 19 56 97 -44 -95 -4 -65 -80 -72 -46 52 -56 -53 77 -34 71 -20 -75 98 -29 -8 -99 -73 83 -74 -81 -34 37 -31 -64 -29 -9 -40 17 64 -15 -63 -21 29 -24 -95 -10 -20 11 90 -83 53 65 -32 80 74 -93 29 -67 -64 -3 -52 87 95 34 -73 -8 97 13 69 31 23 -77 26 -15 46 -80 23 -18 31 -8 -3 65 85 -97 63 -82 -78 -4 -44 57 5 -4 59 -77 -9 67 -23 -16 -82 93 -31 39 25 78 7 -12 -19 57 -57 -59 -65 -26 84 -72 -18 97 -70 -28 27 -9 78 76 -78 -30 -26 -38 -57 47 -15 55 -38 57 -48 99 -20 -60 48 -10 -15 29 -95 12 40 16 23 58 -37 87 -9 -14 -18 37 -70 -9 -75 -40 -87 -84 2 17 53 8 -64 95 60 98 51 12 -92 -70 -53 -58 -23 -82 40 60 11 -36 -33 -77 44 29 -60 3 62 -71 1 -90 -26 -95 76 -97 17 -54 41 -77 95 -22 -29 59 69 93 83 60 57 -98 -41 2 63 -42 51 -48 -2 -91 73 80 -8 28 71 -82 -12 51 73 42 -91 ; 
9:33 22:84 21:83 32:124 36:144 10:36 7:25 5:19 11:43 45:179 39:153 22:86 4:14 50:198 30:118 2:4 1:3 26:100 42:168 7:25 30:116 30:120 8:28 19:75 9:35 19:73 36:142 14:54 22:86 16:64 30:120 40:158 34:134 8:30 20:80 26:104 32:124 22:86 40:156 35:137 6:24 4:16 11:43 27:107 21:83 24:92 15:59 28:108 36:142 24:94 17:67 17:65 29:113 30:118 28:108 32:128 46:182 40:158 12:48 16:60 12:46 15:57 16:62 14:56 8:32 28:108 10:40 30:120 8:30 24:96 4:14 28:110 17:67 14:54 18:70 9:35 38:150 23:91 3:9 19:73 36:144 2:4 33:129 26:104 2:6 22:86 11:43 5:17 8:30 26:102 11:41 40:160 78:312 14:52 26:104 24:96 2:6 24:96 11:43 34:136 25:97 30:118 24:96 13:49 6:20 21:83 8:28 38:150 33:131 20:78 24:92 4:16 12:48 22:86 36:140 28:108 1:1 12:44 17:67 28:112 26:100 20:78 61:241 8:28 32:128 12:48 27:107 0:0 22:84 33:129 8:30 8:28 8:28 31:121 34:134 32:126 10:40 23:91 13:49 4:16 6:20 9:35 4:14 19:73 5:19 9:33 9:33 8:28 4:14 22:88 5:17 17:67 15:57 17:65 16:62 33:131 2:4 37:147 39:155 7:27 10:40 14:52 40:160 20:78 17:67 38:150 30:118 15:57 28:108 7:25 23:91 12:48 5:19 12:44 4:12 21:83 31:121 2:8 22:86 23:89 18:72 10:38 26:100 11:41 38:148 1:1 11:43 15:57 34:136 42:168 38:148 8:28 26:102 3:11 17:65 24:96 27:107 19:73 9:35 19:73 10:40 19:75 8:30 8:30 13:49 21:83 19:73 43:169 20:78 23:91 22:88 22:86 15:59 6:22 43:171 19:73 33:131 10:38 11:43 30:118 6:22 13:51 18:70 28:112 10:40 26:100 18:72 32:128 14:56 14:56 25:99 4:12 20:80 20:80 52:206 24:96 31:121 2:8 3:9 11:43 20:80 39:153 16:60 21:81 40:156 22:86 7:25 24:96 5:17 8:32 22:84 16:60 28:110 23:91 1:3 24:94 7:25 28:110 35:139 18:68 12:44 28:112 10:36 20:78 30:116 19:73 12:46 37:145 20:80 24:94 30:118 13:49 18:68 27:105 25:97 5:19 23:89 36:142 35:139 19:73 35:139 9:35 35:139 24:96 11:41 39:153 66:260 27:107 22:86 32:128 18:68 30:116 6:24 21:83 13:49 23:89 36:144 22:88 21:83 14:56 6:24 28:108 26:102 6:24 40:158 22:88 8:30 13:51 5:17 4:16 32:126 14:56 32:124 27:107 29:113 23:89 36:144 9:33 4:16 25:99 10:36 12:44 13:51 9:35 29:115 6:20 9:33 8:32 8:28 21:83 5:17 37:145 33:129 40:156 10:36 33:129 25:97 32:124 30:118 12:46 4:16 17:67 25:97 13:49 36:142 2:6 4:14 7:25 28:112 16:62 19:73 20:80 50:200 40:156 40:156 11:43 2:8 7:27 29:115 24:94 12:48 12:48 15:57 29:113 36:144 9:33 32:126 14:52 32:126 31:121 35:139 32:128 31:121 15:57 16:64 34:136 10:38 26:100 10:38 54:212 4:12 9:33 32:128 17:65 10:36 28:108 17:67 31:121 26:102 26:102 9:35 6:20 15:57 39:155 18:72 21:83 45:179 24:92 15:59 29:113 26:100 25:97 42:168 34:132 5:17 27:107 7:25 22:88 36:142 20:80 8:28 12:46 36:142 32:126 30:118 24:92 18:70 9:33 28:110 28:112 11:43 40:160 29:115 30:120 38:148 13:49 35:137 20:80 21:81 22:84 20:76 18:70 20:76 38:150 7:27 6:20 38:150 23:91 14:54 15:59 24:92 33:129 14:52 26:102 22:84 37:145 6:20 14:54 14:54 11:41 19:73 30:120 40:160 22:88 30:116 14:56 28:110 6:22 10:38 21:81 40:156 35:139 40:156 7:27 16:64 16:64 24:94 41:163 40:158 9:33 2:4 15:57 12:48 31:123 9:33 26:100 9:33 7:25 35:139 23:91 44:172 2:6 16:64 15:59 24:96 10:38 1:3 20:80 35:139 20:80 13:49 18:70 2:8 4:12 7:27 32:126 7:27 29:115 15:57 4:14 18:68 ; 
L 60 74 20 70 -81 83 -78 87 26 77 49 -1 99 43 62 38 -86 -35 71 72 -21 7 98 12 -7 95 -72 80 -49 58 13 28 67 74 100 -93 38 41 58 -59 79 23 -18 32 -66 62 -45 -6 26 50 10 -55 64 -87 95 -6 62 -53 -14 28 -21 63 -44 40 85 -38 57 -18 -53 59 40 49 36 94 74 -32 87 -99 -78 91 84 17 -49 56 -65 -31 29 -94 -43 -100 -30 -99 75 -29 19 64 12 -39 75 5 -26 -30 -57 -28 -81 -76 85 -99 -27 -44 -30 -60 95 -11 97 -71 77 -21 -57 -11 -38 41 5 -94 38 61 59 60 20 -71 -67 -44 -25 -35 -30 -83 -38 -77 -65 -9 38 49 39 -68 1 32 49 -100 31 70 34 21 59 -80 -93 -93 -93 -57 78 -94 -98 57 82 75 -5 58 -72 -11 -93 -82 80 95 -13 7 44 91 34 -68 -85 54 40 -50 36 -38 -96 -97 -32 -17 -74 95 -57 -42 -20 -12 17 86 -70 29 -69 46 -50 -48 90 99 9 60 7 74 -20 53 -35 2 -28 -53 1 84 -64 13 80 52 -10 -46 -90 17 -16 -53 8 33 32 -74 99 -29 -92 14 2 77 -39 11 -58 65 92 18 66 28 -9 -21 -26 22 -36 37 33 -3 -52 -53 85 77 7 25 44 21 -99 -87 -35 32 -13 -34 -20 -66 89 19 -55 -88 76 -27 65 -1 46 28 -72 -64 -27 10 12 -23 100 -93 -42 -36 -43 -94 -13 -44 10 -69 92 56 81 83 33 67 49 22 -78 44 -21 -74 -52 -71 -97 -28 81 26 -72 -4 49 95 69 36 10 53 -77 -57 89 -53 22 71 -63 -74 -37 -47 4 65 26 -82 94 21 -25 -4 94 -51 -47 87 35 -20 -74 -17 70 38 59 41 -23 -70 -42 67 80 26 51 54 -9 -64 -65 -81 79 98 98 80 -59 -66 98 -50 -44 12 -46 -91 82 99 -20 56 17 41 -75 -65 -87 -38 -27 67 22 85 -8 94 64 90 41 46 -31 -78 70 100 -64 -2 97 -86 -82 9 -94 14 -4 -82 51 18 -6 32 -48 -34 -42 95 11 -27 -94 75 21 -37 32 59 61 -22 19 -38 -75 75 4 70 77 -89 44 71 44 -53 -6 9 3 -53 11 82 79 24 73 -44 -15 -69 -37 20 -93 24 -16 33 49 2 -66 22 81 -40 58 -17 13 84 -10 83 14 64 12 27 30 -93 -19 76 -26 45 -65 -20 53 13 -34 2 -34 20 31 84 4 -47 -53 46 -18 14 -47 82 -46 -35 37 39 ; 
11 91 48 19 46 44 96 66 14 3 26 77 49 44 91 33 47 84 53 42 82 53 39 92 22 10 49 64 63 43 26 51 66 75 10 68 51 32 86 20 69 69 6 39 52 16 5 76 78 30 68 2 81 30 38 100 49 70 9 36 94 40 4 70 65 50 65 42 94 42 52 80 82 38 86 3 28 56 45 31 99 100 73 69 99 18 91 30 90 11 60 65 38 7 48 72 98 83 91 36 57 6 62 71 83 43 1 83 30 39 57 47 38 51 79 18 72 80 72 90 69 42 87 70 28 69 92 12 41 99 39 39 27 59 92 36 8 70 62 78 69 10 45 48 88 75 45 88 12 45 77 31 77 99 6 13 99 33 47 92 1 9 71 36 82 25 13 94 66 84 31 80 78 67 73 28 49 35 95 68 65 27 54 71 63 99 8 4 19 27 32 68 4 45 12 22 46 66 11 38 64 63 34 97 47 40 69 48 28 77 14 59 33 44 76 6 8 56 1 92 35 10 14 34 97 5 54 47 41 84 91 64 73 58 85 29 83 78 48 85 96 18 72 44 30 60 92 39 100 99 40 3 11 79 89 34 24 13 62 26 96 9 22 24 15 46 80 67 59 97 45 92 39 70 46 19 39 48 91 23 45 98 56 17 21 82 96 31 1 5 90 60 49 86 56 100 75 54 14 5 97 51 22 61 7 30 53 81 34 3 25 33 34 53 54 12 85 22 63 54 68 63 13 33 18 69 84 87 48 49 27 63 83 20 64 59 11 68 38 77 79 16 27 61 38 97 14 25 66 36 4 40 56 3 88 36 74 89 16 71 79 57 3 92 13 20 90 75 38 33 83 35 39 85 17 70 18 50 37 7 11 95 28 71 87 77 5 52 93 24 41 47 8 5 92 77 30 15 91 98 4 10 59 36 65 89 26 41 35 17 47 2 65 32 99 9 68 9 50 57 62 96 71 16 66 53 39 19 69 19 91 60 90 38 98 35 46 79 41 92 1 96 67 81 51 63 87 77 61 58 48 26 99 43 46 64 5 50 38 15 3 81 65 47 10 29 96 34 61 2 14 44 81 96 96 94 89 90 20 96 57 79 8 20 57 10 15 92 20 81 45 18 97 69 79 91 61 32 6 29 82 ; 
L 95 -32 6 -18 -82 9 -94 75 -41 -17 -56 77 47 -18 -62 66 -32 18 -23 -75 75 -10 -36 -69 -41 -97 11 84 38 6 -48 53 64 -100 -70 -20 53 47 -14 79 65 94 -78 57 22 -66 29 -70 -96 -97 -32 -22 -80 -67 -65 -91 11 -27 -94 75 21 43 94 34 -68 -85 18 71 77 84 10 -71 -22 53 -72 57 -18 -40 38 93 -30 -87 -85 -23 -75 99 10 -12 32 -13 -34 -31 29 89 19 -55 -88 76 -62 11 57 21 -1 -38 -98 74 21 2 -34 -4 -84 -1 46 28 -72 -64 -27 10 30 100 -37 32 23 -12 53 49 39 -1 68 32 49 -100 17 97 74 13 -35 -87 -95 74 81 -9 77 20 37 82 -66 -54 -51 -26 94 -50 -26 6 85 -24 93 -20 37 69 15 44 -26 33 67 49 22 -86 -51 70 -80 -93 -93 -93 21 -36 -74 -26 -65 -94 -42 95 -53 -70 -4 -74 -60 9 64 -87 20 70 -81 -81 -56 73 -48 90 99 9 -25 -92 -45 53 52 -13 64 -46 -78 91 84 31 70 -44 12 79 27 65 14 -4 -82 -52 -80 -69 92 -24 58 -11 39 -53 71 76 28 -21 63 74 20 -44 10 -27 -9 -64 -65 -7 -60 44 66 -2 -49 -57 -21 -34 63 -57 90 -83 20 31 42 83 38 41 59 40 -93 -42 98 12 -17 55 77 -53 38 16 -17 98 53 85 93 -44 -30 -60 95 -95 8 33 32 -74 99 -29 -5 -75 39 -12 -64 -19 -52 35 53 17 -58 17 -50 91 -20 81 -40 -46 46 99 -6 -16 33 -10 43 94 21 -25 -4 94 -51 -47 -12 -35 4 -5 -41 -32 87 -99 -30 -57 -28 13 -34 -44 -82 86 -70 29 36 -7 75 -5 58 44 7 -50 36 -71 22 -57 -42 -20 -99 -41 -59 -97 2 -3 19 -19 76 -26 45 -65 -100 -74 -67 -28 -13 -58 49 -80 72 -13 -44 -90 -64 -94 8 -85 -22 -98 -38 -59 89 7 -82 -69 46 -50 94 -11 -93 78 -98 54 40 44 81 59 -58 -82 -11 -59 17 13 -95 28 -80 -83 -38 26 77 49 -1 99 43 62 38 -86 -35 71 72 -21 -82 -61 53 28 -2 35 -53 -26 -81 28 -49 56 -65 -20 -82 -72 66 -9 -21 -26 83 -78 -74 44 80 -59 -2 -14 92 -79 -36 -49 -100 59 61 34 60 78 31 -46 -95 -49 37 89 -4 -47 -30 99 -67 -44 -25 65 77 -38 -27 67 -7 38 -87 -35 -64 -14 -38 -77 71 -20 3 -33 87 -14 27 -46 37 39 ; 
9:33 22:88 1:3 19:75 16:62 15:57 26:104 48:188 5:17 3:11 15:59 26:102 12:48 21:81 15:59 7:25 21:83 16:62 3:9 33:129 8:30 41:161 26:100 9:35 18:70 12:44 32:126 30:118 44:174 28:112 44:176 6:22 34:134 37:145 6:24 12:44 23:91 60:236 32:126 41:161 13:51 46:180 37:147 19:75 3:11 5:19 21:83 17:65 19:75 40:158 4:12 18:70 12:44 36:140 25:97 20:80 29:115 4:14 20:80 23:91 25:99 4:14 36:144 22:88 14:56 38:152 36:140 51:201 31:121 18:70 6:24 8:28 28:110 8:28 26:104 18:72 17:67 48:192 42:168 21:81 39:153 16:62 20:76 1:3 3:9 16:60 28:108 29:115 11:41 6:24 19:73 12:46 37:145 23:91 39:155 18:72 37:147 16:62 42:166 20:76 36:144 29:115 17:67 15:57 28:112 23:89 12:48 4:12 23:91 4:14 8:32 19:75 16:62 20:76 37:145 10:36 18:72 40:156 7:27 24:96 40:156 29:113 6:20 7:27 20:80 3:9 18:72 13:51 36:140 37:145 18:72 36:140 18:72 21:83 8:32 14:52 30:120 11:43 19:73 11:43 26:102 18:72 16:62 23:91 22:86 21:81 6:22 6:22 36:142 30:118 14:56 14:56 12:48 32:124 12:46 18:68 18:68 40:158 11:41 20:76 24:92 25:97 51:201 5:17 2:8 39:155 21:81 4:12 15:59 15:57 32:128 3:9 6:20 40:158 18:68 68:268 30:116 5:19 34:132 10:36 10:38 4:14 1:3 30:116 24:96 13:51 37:145 10:36 52:208 12:48 28:110 8:30 19:73 19:73 30:120 13:49 17:65 14:54 39:155 19:75 24:96 1:1 9:33 55:217 32:126 19:75 23:89 2:4 14:54 13:49 40:158 27:107 18:72 16:64 14:56 9:33 33:131 28:112 27:105 11:41 2:6 50:198 37:147 14:52 23:89 63:249 47:185 20:76 32:124 40:156 8:30 1:1 12:48 38:150 16:64 16:64 16:60 25:97 20:78 20:78 10:38 29:113 32:126 13:49 17:65 17:67 10:38 16:60 20:80 2:6 16:64 13:49 74:296 20:76 3:9 5:19 6:22 6:24 3:9 16:60 7:25 13:51 16:64 21:83 47:187 39:153 20:76 37:147 16:60 4:14 24:96 28:108 26:104 4:14 39:155 15:59 9:35 16:62 46:184 24:96 23:91 19:75 16:60 12:48 23:89 19:75 17:65 34:134 37:145 26:102 18:68 15:57 37:145 34:132 40:156 29:115 13:49 8:28 19:75 32:126 19:75 5:19 22:88 3:9 26:104 11:43 33:129 12:46 11:43 37:147 15:59 36:144 26:102 3:9 16:60 5:17 24:94 5:17 28:108 16:60 31:123 32:126 8:32 10:40 3:9 44:176 35:139 8:28 12:44 23:89 9:35 25:99 29:113 19:75 4:12 8:30 12:44 8:30 19:73 27:105 1:1 9:35 36:140 33:131 10:40 5:19 33:131 19:73 22:86 7:27 20:80 7:27 28:108 2:6 16:60 22:84 15:57 7:27 2:6 44:176 8:28 26:102 38:150 36:142 36:144 8:32 34:132 4:16 30:120 27:105 21:81 11:41 18:68 26:100 26:102 10:40 4:16 13:49 19:75 17:65 10:38 38:148 21:83 17:65 26:100 18:70 20:80 10:36 23:89 26:102 16:60 26:102 7:27 22:88 27:105 47:187 10:36 10:38 26:104 22:86 18:68 22:84 8:32 7:25 33:129 16:64 10:36 19:73 32:124 14:54 28:108 17:65 4:12 26:102 2:4 11:41 31:123 20:78 18:70 37:145 14:52 19:75 34:134 22:84 17:67 33:131 16:60 33:131 44:174 18:70 14:52 24:94 6:22 21:81 14:52 10:40 10:38 28:110 40:158 28:110 37:147 42:168 34:136 21:83 24:96 37:147 9:35 39:153 9:33 38:152 5:19 36:144 22:86 34:136 24:92 17:67 13:49 33:131 18:72 10:38 27:105 10:38 23:91 23:89 31:123 37:147 19:73 5:19 25:97 21:81 24:92 17:67 46:180 33:129 34:136 16:62 11:43 27:105 25:99 33:131 35:139 31:123 24:92 25:99 10:40 9:35 5:19 1:3 13:49 22:84 4:16 40:158 6:22 2:4 27:107 6:22 27:105 18:70 26:102 12:46 33:131 ; 
L 73 29 -78 -14 -35 48 -43 16 15 22 84 100 -21 -16 -40 51 -42 -75 69 59 97 43 2 -5 -67 -95 11 37 85 -73 24 96 37 -74 83 -7 -61 25 -19 36 3 -96 20 97 69 8 65 28 44 40 86 44 -57 84 -49 16 52 88 -43 -58 -73 36 -35 93 99 44 74 -48 27 13 9 -24 -48 58 90 -67 93 17 -47 -35 -46 -69 31 80 31 -60 19 -48 28 -53 -43 -100 37 4 74 95 71 6 23 -39 -81 -58 85 -11 -84 88 -95 37 -3 -77 12 -3 13 -20 2 -76 69 80 -32 17 77 65 -51 -94 -39 30 -36 79 -65 69 -20 -69 -63 -84 -13 22 12 -35 -48 49 39 86 30 -12 67 35 24 -46 -9 -88 96 -34 -56 12 -43 87 84 -38 -26 -3 61 -86 9 -8 25 58 66 -95 -100 77 47 25 49 -27 96 -64 -73 -52 4 -3 -25 -74 99 -71 -87 78 21 -71 75 -6 5 50 57 -18 9 -15 -32 -40 -72 79 42 -50 13 -50 33 82 46 9 -7 -35 67 -64 92 -22 6 -68 41 62 40 -82 74 31 94 53 -24 90 44 -45 -71 -81 5 84 -50 34 13 1 80 59 9 -20 3 -88 -16 64 53 96 -34 25 77 7 -81 42 -80 -15 5 11 13 -28 46 -63 -8 -39 48 -67 14 32 52 -65 -34 61 -58 -37 -44 88 36 26 32 -21 26 8 21 -8 28 -43 -14 -39 -41 -65 66 -59 49 3 69 4 29 46 65 84 -37 22 87 -90 -30 85 94 -76 96 31 -2 -19 -59 -65 38 -22 -88 -83 47 2 -63 -30 -44 6 74 -29 -97 29 12 -33 -49 9 78 -84 18 -17 -80 -57 19 -12 -32 -10 -67 -64 27 68 -27 19 52 -54 -34 93 -98 -38 -9 -78 87 -33 9 -85 -78 -12 87 -20 10 -37 -15 18 -95 -39 -64 49 41 55 -45 -6 75 8 -82 57 -78 -43 13 26 1 -85 98 79 -73 7 68 43 -77 -26 -74 82 -72 92 51 -62 94 44 -72 86 -48 -75 87 52 -85 -60 -13 -40 55 37 7 20 -43 -28 9 91 48 21 -5 -39 -3 25 90 78 3 89 -81 42 -46 -8 -22 34 -32 79 54 -30 -29 -15 -80 -92 -23 -54 -95 -53 50 91 23 -25 82 -18 93 -78 70 65 -84 14 66 7 6 92 -21 93 76 24 54 41 98 -45 97 -85 -60 67 28 -4 -56 -23 48 -86 -41 27 77 -63 86 77 87 98 -12 -97 68 88 -44 76 2 -83 -39 59 96 -97 ; 
43 62 37 34 58 46 4 10 3 59 42 76 95 40 59 81 51 31 67 44 68 27 22 61 49 20 22 38 79 82 90 87 96 74 73 77 78 50 4 52 80 20 15 84 93 74 77 82 6 6 64 34 11 8 35 58 11 29 55 23 88 23 54 90 54 24 56 37 79 91 68 34 94 82 50 2 70 13 100 26 89 10 25 95 76 16 9 23 21 55 9 86 17 19 10 68 31 92 79 42 65 1 63 28 4 1 30 59 15 24 59 84 23 40 7 47 6 95 88 2 64 28 54 94 78 47 100 88 50 90 11 69 98 63 62 92 8 87 43 32 74 73 93 27 5 60 17 79 58 39 25 23 3 18 15 17 73 99 91 97 9 85 83 33 85 47 83 68 89 95 38 5 40 65 26 58 47 40 80 82 52 67 60 91 77 23 58 11 70 76 53 47 4 14 66 73 39 45 37 35 78 71 26 53 27 17 77 95 74 51 33 48 51 36 11 26 67 41 43 3 63 44 41 79 33 42 94 85 16 76 88 94 47 56 41 74 90 44 62 100 55 96 18 3 49 76 31 3 5 22 34 52 85 66 30 36 23 98 74 5 19 23 46 34 99 7 70 97 35 12 78 10 60 93 63 63 17 24 23 87 60 10 84 16 81 55 1 97 7 47 33 72 41 96 17 73 4 10 88 91 47 49 52 93 63 48 20 33 99 32 75 47 89 51 13 43 9 34 34 12 13 77 47 7 33 65 16 40 59 52 1 44 91 6 54 94 71 14 38 77 38 3 38 41 28 78 76 38 8 38 99 22 31 86 2 65 32 9 59 49 39 50 79 54 33 9 44 5 65 45 94 78 67 3 46 4 85 20 46 86 58 19 80 27 84 49 71 54 88 57 24 31 25 26 75 4 73 8 28 75 93 52 82 16 51 29 46 39 28 1 77 70 86 53 60 19 96 50 18 5 20 50 28 50 67 11 17 100 81 28 35 14 92 64 4 86 59 13 3 60 9 60 5 13 89 51 21 10 14 83 51 66 39 41 62 97 71 93 21 84 20 27 44 24 18 15 71 87 100 89 79 35 28 22 60 68 55 6 57 91 39 54 98 96 80 70 71 36 41 33 6 41 40 89 56 54 31 21 15 6 26 ; 
L 73 29 -78 -14 53 -28 -36 4 -28 -67 63 86 44 -57 84 18 -57 -50 -5 -29 47 48 87 52 -25 63 69 20 -69 71 -99 -76 44 -3 -78 37 -3 -26 -36 -58 -37 -12 -29 97 83 54 39 77 -34 93 -24 -76 -93 21 -26 -27 19 56 19 8 63 78 -84 -23 -6 -71 -45 -71 -81 52 -12 85 90 -87 -22 40 -2 -65 -65 -16 46 25 49 -74 5 46 -24 -35 -67 -37 78 -95 69 18 74 25 3 -5 100 95 -55 40 13 60 85 25 -23 -91 -31 -96 76 -94 -85 48 12 -78 -93 -26 58 -22 24 -9 -13 -44 -82 78 85 -9 33 -23 74 25 39 83 -7 -61 -72 86 -48 -75 87 -90 -25 3 41 98 -3 -35 67 -64 92 -34 50 -72 -79 77 92 51 -62 94 -39 3 -73 -52 4 -44 84 -76 8 -27 41 86 -48 -44 -57 37 4 74 75 -8 -87 12 -3 -49 59 23 92 80 22 77 -43 16 -21 -48 -91 -9 28 -66 65 80 -42 -18 15 9 -7 20 -44 -90 -84 -13 17 32 -6 -7 -49 64 13 -20 2 -73 -21 -87 2 -5 9 -46 28 -13 54 -30 52 -65 -34 61 -97 -15 -69 -65 -46 -29 -4 53 -24 -44 31 64 -96 27 -37 84 6 -75 71 -21 -78 87 84 -77 -25 58 81 74 31 94 14 -53 -64 16 88 -45 97 20 50 -10 6 -68 41 -40 30 54 69 19 2 32 51 83 100 -21 9 80 -32 -48 58 90 -84 -8 -26 -11 -68 6 15 84 -34 22 -18 -39 -10 20 -11 95 48 -67 93 17 -47 -35 -47 54 -82 74 1 -79 72 40 32 15 -9 -49 16 5 -28 -65 -8 -69 68 85 -1 21 -32 -77 12 41 -33 -49 -67 77 -63 -6 75 8 -14 -39 -56 12 -43 -43 -88 44 34 -9 -35 48 87 -69 95 -82 -52 -59 -42 81 -89 -88 98 79 -73 7 68 43 -77 -46 -8 -17 -80 -57 13 -3 61 -86 -43 -100 82 43 -28 30 -66 -14 19 -12 -27 -86 -39 -49 -35 -88 96 42 -39 59 62 -94 -39 30 -36 79 38 2 92 38 -67 -59 24 96 37 -74 73 80 -42 81 -7 -65 -70 78 -43 12 86 -95 53 95 -9 -59 -80 -88 -11 -84 -85 34 -96 32 -29 -15 -93 35 -27 64 67 99 -45 -98 -30 -55 -36 60 85 96 -3 48 -19 60 -31 -50 13 -50 33 -38 -9 43 -20 -7 -37 -66 88 -43 -58 -22 97 97 13 26 98 88 22 65 -51 40 -82 -37 -46 -41 96 -97 ; 
18:68 25:99 15:59 14:54 21:83 22:88 20:76 24:94 28:108 24:96 3:11 20:76 14:54 5:17 4:12 19:75 6:22 2:6 19:75 27:107 11:43 28:112 18:70 40:158 14:56 6:24 40:156 28:110 5:17 34:132 37:145 25:97 36:142 48:190 7:27 12:46 6:24 12:44 26:100 27:105 4:16 21:83 7:25 26:104 6:24 16:60 28:108 15:57 10:36 16:60 39:153 6:24 8:28 10:38 28:108 37:147 32:124 10:38 20:76 23:89 8:30 0:0 18:70 15:59 32:126 37:147 27:105 7:25 31:121 30:116 5:17 9:35 31:121 20:78 19:75 18:70 20:80 22:84 34:132 23:89 9:35 34:132 16:64 16:62 8:32 9:35 32:126 7:27 24:96 25:99 6:22 31:121 37:145 11:43 29:113 27:107 21:83 16:64 44:174 36:142 12:44 31:123 1:1 12:44 16:62 28:110 34:132 6:22 14:54 14:52 8:32 20:76 26:100 40:158 26:104 18:72 8:28 19:73 16:60 3:9 69:273 14:54 28:108 26:104 32:124 13:51 24:94 4:14 13:51 10:38 10:36 12:48 18:72 10:40 31:123 32:124 40:156 21:83 33:131 7:25 21:81 10:40 27:107 20:80 19:75 40:160 45:177 30:116 14:52 20:76 21:81 30:118 23:89 16:60 19:73 37:147 3:9 30:116 4:12 12:44 12:44 12:44 46:180 16:64 32:128 3:9 6:24 29:113 19:75 39:153 22:86 16:62 37:145 36:144 31:123 12:46 8:30 4:16 18:70 12:44 40:156 16:62 2:8 29:115 14:52 11:43 2:8 24:96 8:28 66:264 10:40 4:16 21:83 2:8 8:28 20:80 39:153 6:22 3:11 44:174 43:171 36:144 4:14 17:67 30:118 14:52 29:113 38:150 15:57 25:99 2:8 24:92 43:169 8:32 28:110 18:72 24:96 16:64 3:11 8:30 34:134 30:120 12:48 25:97 16:60 3:9 30:118 16:60 10:40 6:20 4:16 39:155 14:56 5:19 23:89 20:76 24:94 25:97 2:6 30:116 7:27 74:296 14:52 40:158 30:116 15:57 24:92 11:41 24:94 32:128 20:76 31:121 28:112 5:17 24:92 10:36 31:123 35:137 2:8 13:49 1:1 4:16 18:70 17:65 6:20 32:124 20:78 2:4 8:28 30:118 32:126 13:49 26:104 38:150 10:36 11:41 27:107 9:35 44:174 16:62 26:100 31:121 13:51 24:92 8:30 16:64 4:12 38:152 12:48 25:99 36:140 5:19 33:131 20:80 10:36 24:92 35:139 30:120 19:73 16:60 23:91 7:25 8:30 26:102 21:81 39:153 36:142 32:126 11:41 9:35 5:19 14:54 51:201 6:20 40:160 11:41 5:17 10:36 24:94 11:41 17:67 26:102 14:56 15:59 18:72 16:62 30:116 22:86 24:92 11:41 34:136 33:131 31:123 30:118 33:129 30:120 11:43 20:76 10:38 6:20 24:94 26:104 12:44 24:94 26:100 3:11 39:153 17:65 19:73 2:6 20:76 22:88 6:20 8:28 6:24 4:14 19:73 38:148 5:17 14:56 15:59 19:73 20:80 4:12 2:6 10:36 12:44 32:124 12:44 12:44 33:129 9:33 20:80 20:78 29:113 22:86 36:140 23:91 10:38 20:76 6:22 19:75 22:86 38:150 17:67 33:129 4:14 34:136 25:97 35:137 4:12 48:188 7:25 36:140 57:225 9:33 46:180 6:22 12:48 42:168 30:116 30:118 34:136 12:48 10:40 10:38 17:67 9:33 32:126 34:134 32:124 19:75 40:160 36:140 23:89 8:28 12:44 27:107 32:124 8:30 3:11 35:139 39:153 30:118 17:65 61:241 34:136 21:83 14:54 3:11 39:155 25:99 44:174 16:62 12:44 10:40 12:46 21:81 39:155 25:99 18:70 12:44 2:4 2:6 11:41 14:56 13:49 2:8 26:100 24:96 6:20 36:144 25:97 16:60 2:4 20:78 4:16 22:88 29:113 14:52 48:188 19:75 12:44 8:30 8:32 22:84 10:36 4:14 7:25 16:64 11:41 22:84 11:43 15:59 13:49 2:6 24:96 22:84 35:137 44:176 32:124 22:88 10:36 12:46 23:91 8:28 21:83 8:30 12:44 32:126 9:35 7:27 22:86 22:84 2:4 34:132 35:137 13:51 2:4 3:9 11:41 ; 
L 32 5 53 -90 -22 32 89 -19 91 -86 -32 -51 -68 36 -97 68 31 -100 -80 87 54 50 -2 -19 -13 22 -25 -95 47 8 47 -79 -66 93 -3 87 7 71 -55 49 7 -28 -46 98 -49 57 -76 -73 78 -95 -38 70 2 90 -57 8 -42 -73 45 3 74 92 71 -27 -58 14 -97 -89 -58 60 -1 39 31 23 50 -39 -37 -22 61 100 8 33 -58 -26 17 -75 90 -9 -59 -96 26 -87 -65 74 -87 47 74 100 93 -26 86 47 31 42 58 62 -51 94 -50 -1 -13 51 -80 -99 20 7 -8 34 -97 50 83 90 68 46 8 59 -40 -96 -23 7 -73 -92 -81 84 -60 3 85 -13 30 -1 -41 3 -30 41 13 -99 -12 -48 -28 15 -21 -72 -21 36 83 -7 79 65 60 -30 71 -86 82 67 93 34 -6 88 86 44 -47 55 -30 -29 -68 65 47 3 49 -98 34 83 -67 -39 -59 -88 22 -50 -92 -93 -35 78 -71 33 40 -72 76 -100 91 77 7 -2 -24 79 48 35 -29 91 54 21 -30 -65 -70 29 -52 -72 53 96 93 17 98 98 -67 2 68 67 33 -58 28 -38 33 -16 -60 45 38 -27 35 70 -21 -95 -89 -93 -74 74 88 62 71 44 36 82 -69 -89 8 45 -65 61 59 60 48 -27 23 41 -8 -98 -81 96 -37 -85 -15 31 -55 -88 -20 57 16 -92 79 -55 -76 -10 62 -68 -74 68 6 -43 -71 -35 39 -1 45 79 94 1 -47 16 45 -91 -80 -24 -88 -89 -53 96 -73 -3 23 -1 42 -90 -9 41 -100 -94 -68 93 -59 21 -36 22 64 -9 34 -41 40 -27 47 75 -34 98 65 -36 -22 -73 -38 -80 98 63 26 -90 -7 17 61 -26 -19 -96 60 -73 -56 -44 28 32 66 31 -70 79 -15 95 -93 47 -13 70 95 -91 53 85 -17 17 -37 -82 -15 -41 -69 -92 -33 -81 -6 -56 88 24 -61 2 -27 88 28 76 -7 -70 14 82 -98 -3 -91 5 -95 -58 -66 -24 82 76 -23 -14 82 91 19 -90 96 -8 -43 -23 19 67 -40 -21 -76 -46 -97 -27 -48 -7 -56 84 98 17 1 56 26 -31 -99 -57 84 15 19 -78 40 20 -69 4 -43 49 87 -71 -100 -28 20 -42 -14 98 -42 94 47 -68 81 -62 -36 -4 40 63 56 33 74 -56 80 -15 27 85 -33 38 23 -46 65 99 45 93 46 -10 28 2 48 -72 19 -94 -87 86 -82 -46 -50 -9 -59 98 -84 79 -35 25 9 -32 -82 -2 96 6 ; 
20 75 61 7 82 100 53 43 47 26 89 48 44 93 73 41 55 75 97 35 10 79 37 98 91 14 39 1 33 26 63 63 21 99 93 97 95 87 53 69 69 88 77 30 55 55 40 77 96 34 27 35 20 43 24 67 82 68 72 72 26 93 5 50 50 15 78 67 34 93 41 52 78 10 57 88 78 75 47 91 83 85 32 50 24 2 23 55 41 29 10 94 31 50 5 70 95 72 65 100 84 62 12 59 49 16 48 77 30 79 84 10 35 76 27 70 45 1 26 71 63 18 5 74 79 72 78 85 15 27 87 80 39 79 34 97 54 62 40 76 43 44 30 81 46 17 4 87 95 4 56 63 29 83 34 21 61 40 89 27 16 30 40 65 26 11 89 45 13 35 40 87 25 71 79 6 6 85 71 6 47 100 35 72 37 41 88 8 54 99 29 1 64 2 66 21 67 93 75 71 66 52 43 36 68 80 98 16 85 73 2 69 9 71 45 28 90 82 70 94 80 17 70 20 19 39 73 35 70 17 49 10 22 85 17 51 9 54 58 72 30 89 60 19 21 72 84 70 97 66 66 86 31 5 23 99 68 71 85 33 95 31 50 70 55 43 60 62 61 2 80 85 21 21 80 40 94 47 34 69 66 47 79 47 60 16 82 28 90 18 85 52 98 30 12 64 60 20 27 40 4 74 33 42 14 64 87 64 4 1 84 89 19 4 21 31 57 75 9 51 54 75 55 88 87 88 10 98 17 79 71 14 24 4 41 92 88 78 87 93 5 15 68 87 4 65 25 11 4 45 74 66 77 94 22 13 13 24 27 10 83 95 66 74 13 81 99 5 83 83 54 1 28 97 47 70 84 34 4 24 6 99 46 33 83 90 62 51 5 53 28 69 94 61 69 67 10 18 32 31 61 61 68 67 48 76 50 80 71 18 62 68 25 39 10 87 97 62 53 11 50 81 39 52 84 77 26 22 86 67 13 42 28 60 9 50 6 22 28 68 81 4 20 99 14 35 17 1 80 86 47 36 61 30 6 20 75 60 8 70 21 81 88 87 48 1 68 25 88 67 15 7 89 37 47 71 64 34 32 56 11 63 95 30 22 81 43 39 85 88 6 51 40 51 23 32 33 85 58 61 33 ; 
L 32 5 90 -57 67 -47 -92 -33 -81 47 75 -34 74 -56 47 1 -60 -2 -19 89 95 21 14 82 -98 2 -27 88 28 -36 40 -3 41 -21 49 58 53 79 100 -27 15 13 -47 35 -63 -98 79 -55 84 8 45 -65 65 -97 68 31 -100 -80 1 67 -98 92 -79 4 8 -96 25 -8 -42 -65 -42 -14 93 -26 -7 17 61 -26 -47 30 -55 47 -44 -86 -88 -27 -7 -56 74 93 51 -80 53 89 -78 -73 13 52 -29 -30 81 22 -42 -2 -31 -99 -30 55 -71 -7 -87 3 -70 37 45 93 65 -9 68 46 -34 98 -50 -54 46 -40 41 -34 9 -36 22 64 -21 59 -49 50 -22 28 32 66 31 -33 -27 -6 -56 88 -76 62 -81 68 73 -96 81 25 19 -83 -36 21 -2 -86 90 -26 -98 32 66 83 -67 -39 -59 -88 59 -40 -96 32 -9 72 -48 72 -45 60 82 -86 87 -23 3 -98 -84 40 -3 -45 -70 -93 89 -19 91 -86 -32 -51 -68 20 7 59 -90 -83 -31 62 84 -1 -19 -30 41 -69 26 -4 -56 -1 -17 -19 27 100 71 -87 -49 62 -68 72 1 -14 -1 48 35 -29 91 -6 -68 74 -69 -35 79 46 -57 -92 -93 42 -98 -100 -13 -20 28 -36 -22 -73 -38 -80 92 -45 -48 -28 17 -75 90 -71 -92 47 -99 -12 -16 74 -78 71 88 62 71 -68 -19 -96 60 -73 99 96 -73 67 -40 -21 -76 -19 -15 69 -20 -40 -35 39 91 3 -41 -23 27 -48 -60 -59 -61 82 -74 -47 87 -74 24 66 70 -7 79 65 60 17 -74 -78 41 15 -45 1 5 -95 -58 -43 -23 -50 -23 -50 97 -34 8 -96 26 -87 8 -82 -93 -79 -43 -37 -71 33 89 97 -14 58 -39 -99 -36 -56 -23 7 -76 -2 -70 -33 -56 -63 16 -70 84 -65 -94 -17 17 -85 -53 -95 68 67 33 -58 28 -38 -35 -28 10 -46 -47 -94 -89 -60 -22 61 38 6 -34 -93 -68 -8 -47 95 90 -15 -36 -29 -73 82 37 2 -38 22 -76 72 -91 -82 23 -76 -82 10 53 -90 -100 91 77 7 -2 -24 48 27 44 65 80 -38 33 -85 -41 9 90 23 -46 -98 59 15 85 88 24 80 91 -16 -57 20 88 55 -31 9 50 46 -97 94 93 -98 -94 -79 -8 -98 93 -95 15 -96 87 91 -95 -70 26 58 -33 -8 -100 -3 39 -58 -42 -31 -13 -13 -98 43 54 21 -57 -51 94 -50 -30 71 28 -7 -49 61 -24 -7 -82 86 -76 3 -44 -85 96 6 ; 
8:32 30:120 36:142 10:38 38:148 14:52 39:155 19:75 28:112 18:70 40:156 7:27 14:54 33:129 27:107 18:72 17:65 11:43 40:156 19:73 12:48 29:115 5:19 22:84 12:44 22:84 19:73 14:52 34:132 30:116 44:172 0:0 18:70 43:171 30:118 24:92 26:102 5:19 2:8 7:25 20:76 25:97 34:132 2:8 40:156 32:124 43:171 19:75 8:30 15:59 2:8 10:36 4:16 29:115 17:65 22:88 30:120 39:155 14:52 20:76 28:112 7:27 35:137 30:116 21:83 32:128 5:17 18:70 14:52 35:139 37:147 7:27 3:11 40:160 23:89 6:24 28:108 35:139 22:86 16:62 10:40 35:139 16:64 14:56 6:20 15:57 12:46 20:80 8:28 24:96 33:131 14:56 35:139 14:52 37:145 25:97 46:182 6:20 18:72 41:161 9:35 15:57 31:123 46:180 5:19 35:137 14:52 20:78 22:84 35:139 38:152 39:155 31:121 40:158 53:209 15:59 34:136 23:91 3:9 30:118 30:116 19:75 21:81 32:126 40:156 63:249 35:139 36:140 22:88 17:67 21:81 22:86 17:67 30:120 15:57 24:92 4:12 46:182 27:105 31:123 38:150 2:8 39:153 20:80 14:54 2:6 24:96 10:36 12:48 25:97 15:57 29:115 18:68 37:145 4:14 12:46 14:54 34:132 9:35 14:54 14:52 38:148 3:9 48:188 24:94 32:126 14:56 29:115 15:59 17:65 18:70 32:124 34:136 12:46 13:51 10:40 23:89 16:62 24:96 34:136 5:17 9:35 12:48 32:128 35:139 18:70 16:62 21:83 16:62 29:115 23:91 28:108 38:148 18:68 19:75 11:41 36:142 20:76 18:70 5:19 28:112 26:104 16:64 8:28 22:86 15:59 11:43 20:80 6:20 27:105 33:129 5:19 29:115 13:51 40:156 31:123 34:134 24:94 52:208 23:89 8:32 2:6 33:129 3:9 19:75 26:102 25:99 24:96 18:68 36:140 32:128 40:156 7:25 7:25 24:96 19:75 11:41 7:25 8:28 10:36 26:102 21:81 40:158 18:72 32:128 24:94 12:44 28:110 6:22 22:86 10:38 2:6 17:65 37:147 30:120 10:36 15:59 38:152 20:78 1:3 10:36 21:81 2:8 3:11 7:25 2:6 44:176 9:33 65:259 4:16 17:65 29:115 34:134 7:27 10:38 26:104 10:40 5:17 10:38 13:49 6:22 33:129 10:40 16:62 4:16 8:28 12:44 4:12 3:9 20:80 11:43 36:144 10:40 38:150 38:148 13:49 38:152 14:52 34:136 29:113 28:108 34:134 28:110 38:152 28:112 2:8 20:76 8:28 16:64 3:11 25:97 16:64 36:142 45:179 39:153 19:75 18:70 1:1 20:80 34:136 22:86 28:110 27:107 15:57 8:28 20:80 23:91 8:30 29:113 11:41 1:1 4:14 4:16 38:150 22:88 16:62 19:75 7:27 6:24 28:108 21:83 1:3 12:46 27:107 32:124 6:24 8:32 15:57 4:12 36:140 18:72 11:43 36:142 15:57 8:32 16:62 28:112 4:12 48:190 11:43 4:14 25:99 23:91 20:80 2:8 40:158 33:129 1:3 6:24 16:62 30:116 14:56 28:112 7:27 29:115 15:59 26:102 29:113 20:80 19:75 16:64 12:44 16:62 19:75 10:36 24:96 36:142 5:17 22:88 30:118 11:41 14:52 16:64 22:88 33:131 42:164 13:51 4:14 34:132 34:134 13:49 18:70 57:227 27:107 14:52 27:107 9:35 25:97 13:49 27:105 20:76 3:11 14:52 30:120 29:113 27:105 21:83 18:68 4:14 22:84 34:132 9:33 11:43 21:81 10:40 28:108 2:6 36:142 34:134 23:91 27:107 12:44 36:140 27:105 25:97 23:91 2:6 16:64 11:43 15:59 32:128 9:33 9:33 34:136 32:128 9:33 16:62 18:68 31:121 22:84 8:30 31:121 7:27 40:156 18:70 28:112 8:32 11:43 10:38 27:105 6:20 12:48 30:118 27:105 19:75 20:80 13:51 34:136 34:132 34:136 37:147 23:91 20:78 24:94 20:80 25:99 7:27 19:73 34:136 30:116 15:57 14:54 31:123 12:48 33:131 7:25 13:51 36:140 28:110 53:211 3:9 11:41 24:92 16:64 21:81 39:153 5:19 31:121 34:134 25:97 14:52 ; 
L -86 -34 64 36 -2 -30 95 57 -8 -10 100 -18 -3 -43 -59 -78 93 47 12 88 -43 17 10 13 64 70 -3 80 66 -22 21 -63 -24 -84 32 -49 38 69 -1 76 4 -90 -39 -30 -8 -84 71 -90 58 -8 -81 -92 65 51 14 -41 -96 -76 21 -77 26 -84 -78 65 50 21 -10 -52 66 24 -89 -46 3 38 92 -94 62 38 7 100 -58 56 45 -72 33 -45 -18 7 -96 -56 -83 -19 -28 -20 -66 -74 -6 -35 5 26 22 -60 45 -68 85 86 72 15 -15 72 60 -86 39 82 -37 -50 -71 30 14 19 -77 -41 89 5 62 -38 48 -84 -7 -43 -63 53 -78 17 -71 -22 40 -33 59 -79 6 24 21 -95 -35 95 -7 95 3 67 18 90 12 -59 -90 32 78 -62 37 94 19 19 -39 -77 -42 52 -25 60 81 77 -41 -36 -89 58 -72 89 55 -64 95 -46 75 -44 22 100 -66 89 68 -62 -6 -45 -84 31 89 87 89 68 -68 -60 -13 -3 -86 -58 -57 50 22 36 27 -94 93 96 93 -42 -63 13 24 21 22 -92 -61 -87 13 -45 82 64 -91 -78 -27 -57 -33 -68 -49 31 42 48 -37 -66 44 4 99 19 -71 85 -67 -56 -92 -38 -68 16 78 38 -32 88 -19 -70 21 25 -44 -51 78 -85 39 -19 -42 86 66 -14 81 22 2 -18 -52 -67 74 -28 100 -81 -74 69 92 10 -77 55 50 -61 -38 -77 41 -40 42 54 -73 68 -99 40 8 87 -58 -58 -95 -89 -66 48 -60 -42 -31 -96 -84 -4 1 25 1 -38 -9 -100 79 -96 -98 -27 -67 46 -78 62 -46 -42 -71 -96 62 -14 -44 2 27 16 -95 -85 24 -59 74 17 -54 -64 86 -52 -21 -36 69 26 15 -28 50 55 92 100 -3 -69 -67 -38 45 -78 37 -10 22 42 -86 -90 1 11 1 78 52 26 38 60 -7 86 21 -3 -19 -69 58 94 21 13 -15 46 -77 -31 84 -98 -16 23 37 -58 52 -97 39 58 39 -46 -6 6 27 -16 -23 27 -38 -31 47 -95 -76 -38 -69 81 100 -58 78 21 15 -1 -15 -96 -43 -8 40 65 69 -85 -37 97 56 13 -65 43 -65 33 -78 -58 98 89 12 -58 2 80 58 -8 45 8 8 -23 -79 -45 67 -17 66 11 1 5 39 -80 35 39 -28 88 -52 -37 80 5 -83 -17 89 -100 29 -4 18 99 30 -50 10 -79 -44 -58 -78 -80 35 -48 34 -89 53 6 84 -4 -76 -69 -92 -13 86 -44 -75 89 62 35 ; 
83 56 46 89 63 61 59 55 56 96 31 93 35 61 75 30 81 96 8 20 12 4 33 16 62 78 8 66 37 78 62 88 78 88 97 55 70 54 52 96 26 62 25 29 96 46 91 55 41 67 63 14 25 51 1 78 49 62 64 100 20 7 88 44 94 54 64 5 11 79 37 65 40 18 100 69 30 70 17 42 91 86 96 22 64 48 7 87 42 52 39 43 23 4 51 40 28 11 14 99 43 16 56 8 16 100 82 78 17 99 75 84 41 76 24 19 66 69 93 70 56 100 89 64 11 85 53 33 52 72 63 9 1 38 40 77 60 16 71 63 100 50 30 18 55 3 99 83 46 23 41 98 95 35 7 98 5 76 18 91 26 90 14 38 25 75 73 84 84 65 11 54 25 51 23 60 52 84 42 80 92 98 64 51 4 89 62 71 53 64 21 94 19 92 97 86 87 70 95 35 10 27 78 39 48 48 29 78 28 61 41 23 90 69 91 4 88 67 46 88 43 36 1 54 17 76 77 97 9 31 47 81 81 93 89 41 93 60 34 32 87 7 50 89 26 49 79 73 1 67 8 55 15 14 38 65 71 48 97 96 65 58 89 37 4 96 25 31 12 27 95 93 68 37 24 83 12 35 86 100 65 56 7 20 85 50 4 61 55 86 78 64 92 66 67 2 64 68 68 33 74 12 72 34 2 40 72 69 6 86 23 15 93 83 85 39 16 20 88 2 26 65 20 27 35 93 60 64 52 85 21 37 82 62 36 21 28 2 54 93 78 75 15 4 17 7 99 57 46 87 48 41 49 23 18 48 97 35 61 67 90 11 2 92 35 17 39 43 95 43 100 91 69 87 91 46 4 84 95 88 18 11 47 69 94 54 24 30 52 21 6 11 26 40 30 46 82 1 45 85 21 92 47 53 70 55 6 76 76 83 43 64 40 60 32 55 73 37 84 94 67 19 67 74 42 54 53 77 7 72 89 82 65 66 32 2 31 86 98 54 67 81 63 6 34 1 92 27 8 62 84 31 32 1 12 92 30 35 96 94 95 26 64 19 55 50 89 27 80 95 28 67 35 34 87 98 46 49 9 45 46 66 61 29 61 94 54 81 15 54 90 21 14 17 53 26 87 82 7 94 26 ; 
L -86 62 -68 -89 66 -100 -22 -91 -78 -27 -57 -33 -62 25 7 84 -48 67 -80 -76 -13 -3 -51 -65 92 81 8 -33 71 -19 -99 -25 -80 35 39 25 1 -38 -9 -100 79 -96 69 -80 3 26 13 -98 -27 29 -4 -14 -86 -58 10 31 94 19 3 -46 3 38 -69 -40 22 98 84 96 31 41 -77 -81 -60 90 35 -78 17 -71 58 -54 -42 -37 4 -88 -12 -69 -38 49 -89 -87 -89 -70 21 16 -5 -84 32 68 67 -17 36 27 74 -41 -96 -76 24 21 22 -92 -61 -60 45 -68 63 -3 -69 5 -83 -95 86 -57 56 96 -7 18 -23 -88 32 -38 -78 2 80 58 -8 60 68 39 82 -37 -50 -95 -89 -43 100 -95 19 -74 69 92 10 -8 -84 71 44 96 22 42 55 95 78 58 44 22 -87 -81 14 40 -41 77 38 -58 52 -97 39 58 -75 89 -66 38 4 -38 -31 87 8 -71 23 16 -27 -6 6 38 92 56 -47 92 -59 7 100 -58 56 45 -72 -38 -62 94 -92 -45 82 39 -13 -90 58 -66 44 4 -52 42 77 39 -19 33 -78 -73 68 -99 40 -77 55 50 28 -74 67 86 -58 69 5 39 1 11 1 89 63 42 -13 -43 17 89 -72 15 -15 -72 -21 -94 21 -3 -19 -15 86 66 -24 85 67 -28 65 50 21 21 -54 -84 -81 76 95 92 8 8 -23 -42 -64 31 77 -46 26 -84 -78 84 -100 -96 21 15 -1 -15 13 -40 8 43 -86 27 -46 -1 21 -77 44 14 -68 -42 -36 -89 58 -72 89 55 -64 95 -46 -100 -28 88 -1 -11 -66 59 -79 6 37 -37 -86 45 64 -38 85 -69 -65 76 4 -59 -94 93 96 93 -34 48 65 -43 65 -13 46 -78 62 -46 -42 -71 -22 -67 89 37 -66 -74 -6 -35 5 19 83 -95 30 2 -36 -64 34 -6 -45 -84 31 19 -26 -52 -78 44 -75 -78 95 -21 79 -10 -69 36 21 52 -86 64 16 -52 7 -24 66 24 58 -12 18 90 18 99 24 85 86 -90 -39 -30 -58 -58 -56 -97 -16 68 38 10 -6 -53 -62 -45 79 60 45 -48 66 3 18 -8 -10 100 45 -22 -61 70 -28 -20 -58 -53 63 43 -44 50 -48 -52 81 30 -50 26 17 52 10 67 -85 -78 -60 -38 -51 78 -85 39 49 60 37 1 -62 -13 93 47 -78 -32 90 59 -12 -37 78 -35 80 2 -18 98 -89 -77 -41 -19 -14 -30 -27 -2 42 7 -17 22 33 15 100 -89 -50 57 62 35 ; 
34:132 21:83 29:113 25:99 36:142 2:6 21:81 7:25 31:121 31:123 39:155 4:14 19:75 34:132 13:49 21:83 14:52 38:150 18:70 27:105 20:78 14:56 2:8 21:81 10:40 6:22 26:100 29:113 9:33 35:139 13:51 18:70 24:92 39:153 38:150 34:132 10:36 6:24 38:148 34:132 34:136 16:62 16:60 17:67 27:105 20:76 29:115 20:76 8:32 51:201 27:107 26:102 3:9 11:43 30:120 41:161 31:123 11:41 36:144 16:64 16:64 8:28 45:177 25:99 24:96 35:137 12:48 29:115 16:64 17:67 5:17 26:104 34:134 34:132 5:17 1:3 16:60 16:64 9:35 31:123 35:137 22:86 6:24 18:68 8:32 10:38 22:86 28:112 27:107 39:155 37:147 6:24 16:60 12:44 0:0 29:113 17:67 30:118 52:208 13:49 25:97 12:46 28:108 14:52 20:78 25:99 43:171 2:6 36:140 27:107 19:73 14:52 23:89 4:12 16:62 6:22 10:36 10:38 36:142 16:60 34:134 15:57 22:88 21:83 17:67 35:139 2:6 2:8 22:88 4:12 27:107 20:78 33:129 26:100 3:9 66:260 28:112 14:56 31:121 10:38 8:30 25:97 14:52 51:203 35:139 19:75 20:78 10:36 14:56 35:137 40:160 15:57 19:73 37:145 38:150 16:62 18:70 12:48 14:54 33:131 22:84 19:73 18:72 40:160 46:182 15:59 10:40 38:148 25:97 2:6 20:80 4:12 11:41 16:64 12:48 19:73 60:236 33:131 26:104 16:60 35:139 30:118 22:88 2:8 16:64 25:97 23:89 19:75 37:147 9:33 34:136 18:70 8:28 11:41 60:238 12:46 12:46 26:102 17:67 37:145 35:137 39:153 9:35 8:28 28:112 12:48 28:110 22:86 1:1 13:49 6:20 3:11 17:65 20:76 38:148 24:96 26:100 30:120 10:40 16:60 6:22 14:56 13:51 2:4 26:102 37:147 27:105 6:22 23:89 3:11 14:56 15:59 28:108 46:184 34:132 38:152 64:252 12:48 6:20 7:27 16:62 38:148 37:145 36:144 12:48 6:22 2:6 10:36 46:180 40:158 7:27 32:124 26:102 8:28 39:153 19:73 2:6 21:81 5:19 2:6 10:38 15:57 6:22 9:33 33:129 38:150 22:86 30:118 31:121 3:9 5:17 6:24 31:121 7:25 5:17 37:147 11:43 6:22 50:198 25:97 22:86 38:150 14:56 3:11 36:140 13:49 18:72 20:76 29:115 30:116 15:59 34:134 35:139 16:60 27:107 8:30 22:86 17:65 10:38 25:97 12:46 40:160 36:144 21:83 20:76 10:36 6:22 10:40 21:81 10:36 24:96 21:83 34:134 17:67 32:128 60:238 10:38 11:41 24:94 5:19 1:1 22:86 26:100 40:160 12:48 49:193 19:73 19:75 37:145 12:48 3:9 22:86 17:67 12:44 36:144 15:59 16:60 12:44 25:97 17:65 26:102 25:97 28:110 26:104 33:131 36:142 26:102 11:41 26:104 8:32 11:43 14:56 17:67 29:113 20:76 13:51 26:104 16:64 12:44 5:17 6:22 20:80 18:68 16:62 24:94 25:97 26:100 36:142 19:73 23:91 26:102 9:33 38:150 8:28 20:76 18:68 38:152 26:104 40:156 10:40 7:25 8:28 12:48 20:78 16:60 7:27 2:6 6:24 30:120 32:124 31:121 41:161 26:104 29:113 14:52 32:126 39:155 22:86 7:27 40:156 8:32 14:54 63:251 22:88 40:160 19:73 10:40 12:46 81:323 28:108 4:16 3:11 2:6 30:116 32:126 35:139 7:27 33:129 38:148 47:187 25:97 19:75 19:75 20:80 5:19 4:12 14:56 42:168 39:153 13:49 8:32 2:6 19:75 7:25 13:51 2:6 23:89 28:112 4:14 26:100 45:179 17:67 37:145 18:70 6:22 23:89 40:156 6:24 50:198 9:33 2:8 8:30 20:80 6:24 46:182 37:145 34:134 39:155 39:153 26:104 22:86 24:92 24:94 22:86 28:108 11:43 28:110 39:153 18:70 2:8 40:156 3:11 14:56 24:96 25:97 13:49 25:97 18:70 11:43 19:73 10:36 40:160 40:160 18:72 28:112 38:148 29:115 9:33 30:118 50:196 36:140 34:134 15:57 10:38 11:41 38:152 18:70 16:62 14:56 38:150 11:41 ; 
L -63 4 -79 94 64 -27 59 -43 -77 80 100 11 37 -72 -45 -83 -42 22 48 31 52 5 93 -42 -74 26 -55 38 -87 -29 -82 -38 -8 99 96 -80 79 57 7 39 82 74 41 -47 57 63 78 10 -33 -68 -89 14 23 -38 -54 -63 71 -67 13 41 -31 -45 -45 20 -92 -21 -98 -36 32 -52 -77 55 -9 -32 28 -23 -22 58 -21 -8 88 -29 -67 44 -54 76 55 -4 -38 -67 -85 51 19 -96 81 -94 -27 12 33 45 100 53 -53 -25 49 66 -4 -90 -5 35 -30 -49 -58 61 -59 88 -56 89 -57 34 -7 52 -100 15 43 -70 47 -70 -14 36 3 -10 -75 -15 88 -85 18 78 -40 -81 32 -93 -57 -66 -68 98 -94 95 100 72 -59 77 37 28 75 45 -22 88 -97 -4 -62 64 27 -5 91 30 -1 -22 58 -24 -86 28 3 16 -14 4 -87 -90 -48 76 -19 -73 59 -70 84 20 30 36 21 47 -76 -44 53 -70 -53 46 6 89 -27 -81 7 26 77 16 -40 83 -19 92 99 -81 24 12 -95 -74 87 10 -23 42 5 23 -11 -76 -81 -85 15 78 47 55 -12 -38 86 -20 61 -16 44 85 -37 -74 85 97 73 -2 91 -42 -73 -37 86 13 81 2 65 -64 64 -46 38 -44 56 -25 -57 62 -46 7 40 -51 57 -75 76 11 -61 96 26 30 -43 -2 10 97 -70 47 24 -7 10 -25 -82 69 76 -57 -19 -59 -85 12 41 77 -25 -82 71 -62 6 37 -46 -15 100 -57 -93 -30 91 -72 70 16 -35 68 12 -59 7 2 -86 84 90 75 14 58 59 -21 -7 -25 -79 -18 69 -22 -4 -4 -4 91 42 -88 89 25 97 95 95 87 -62 22 70 96 -57 95 -81 -58 -83 35 54 98 -94 -68 -33 10 19 94 3 -88 -58 -20 -8 49 32 55 85 69 -41 5 42 76 100 45 -32 36 69 -68 -8 96 -36 -91 56 98 50 -80 56 27 59 77 38 90 -5 35 -72 -67 95 -64 29 1 81 -19 -10 -97 -25 42 48 84 73 27 48 97 61 78 -60 -35 -42 67 98 45 63 -41 -55 44 -6 -14 -67 92 -17 87 73 96 -26 -33 4 41 50 88 -14 -22 84 99 26 -71 -18 -40 95 -66 86 -31 21 68 -55 -44 86 -29 73 -5 26 -4 12 -21 -33 -81 -91 75 96 34 90 -25 -84 -64 -53 -79 4 -55 82 -72 -69 -71 -78 59 -63 43 54 -92 -35 38 40 -95 -67 48 8 -97 12 -31 -10 38 -74 50 ; 
38 36 59 73 69 2 28 39 64 78 1 68 57 89 22 37 12 31 69 51 5 64 67 3 5 63 49 44 53 57 59 12 93 95 44 46 11 9 99 70 90 43 67 5 47 48 47 86 37 69 45 73 55 100 18 49 61 34 27 35 61 1 70 56 6 68 23 61 54 37 11 68 61 78 65 65 65 76 29 82 93 1 53 15 82 100 38 91 93 42 19 21 14 4 34 15 76 80 92 8 37 12 10 25 23 4 34 99 27 74 27 15 38 79 88 5 57 19 19 44 65 69 4 65 65 92 13 17 96 32 64 84 90 18 27 37 19 47 33 64 55 55 80 36 39 23 26 64 31 88 80 69 33 22 53 15 3 6 67 49 13 72 25 50 85 4 47 36 9 32 15 45 58 57 9 88 6 32 81 10 53 58 33 96 18 7 29 90 87 11 9 29 85 4 27 19 57 91 9 56 61 67 31 93 41 40 97 28 14 95 17 58 47 24 88 6 90 88 29 33 54 2 22 17 76 55 3 62 61 96 8 29 74 65 63 21 63 64 58 5 8 24 81 18 59 57 87 75 16 9 10 27 56 98 54 38 46 16 97 74 66 95 77 95 13 79 47 69 14 63 58 27 28 5 56 94 97 70 44 94 18 39 25 86 52 35 22 36 23 50 53 47 41 24 75 9 60 90 28 45 65 44 6 95 3 21 62 55 8 72 22 95 6 46 100 51 70 74 93 31 32 86 20 62 29 6 51 78 18 26 12 82 23 49 1 57 49 66 80 21 89 24 98 98 33 18 92 61 92 3 85 57 77 41 90 78 27 88 49 97 26 53 52 66 41 93 74 56 23 36 17 75 8 41 51 34 26 55 37 89 100 36 82 16 64 80 36 72 83 74 5 65 42 99 88 39 66 3 64 99 95 28 50 49 62 69 9 1 95 43 55 80 41 38 20 53 2 42 52 21 40 98 80 22 65 78 89 56 11 18 60 42 11 90 40 42 22 64 50 81 12 23 99 39 42 7 80 62 42 73 2 77 56 25 51 9 29 17 98 95 5 13 81 14 53 9 84 15 88 99 49 93 96 2 8 54 49 85 89 56 55 86 72 29 31 28 8 98 88 70 43 39 5 63 10 29 27 90 17 88 25 ; 
L -63 4 -79 94 64 -64 55 53 -88 22 -45 -75 -63 90 -63 -57 47 -84 -3 -36 94 14 -4 44 75 10 -64 38 -33 -100 15 43 -70 47 -70 -7 -25 -79 15 87 -77 55 -48 -42 25 97 10 -80 56 27 -78 -50 95 81 2 -31 14 -83 35 54 98 -94 -34 -12 27 100 30 36 21 47 -10 2 24 89 -57 33 45 96 -73 -97 -85 -23 -22 -69 -18 83 -19 51 13 100 72 -31 5 -90 -76 -81 -85 15 78 -31 -45 -45 -76 -76 -96 62 -71 82 25 -7 46 -62 58 89 -27 -81 7 -44 -25 -44 16 -61 20 -85 12 -99 43 41 97 61 78 -75 -90 26 77 -92 57 -39 -7 42 76 -27 -73 68 12 38 -62 85 6 81 -95 57 80 -96 36 98 -33 -81 -91 53 -90 8 69 -68 21 92 -3 -28 -50 89 -57 -72 -67 -7 10 -25 -82 -2 91 -42 -73 -37 57 -100 15 46 -37 -6 -73 27 -5 91 30 -1 34 -5 35 95 -35 -84 -6 -94 -69 -85 -55 59 95 88 -85 18 78 -40 -81 32 -93 25 97 -30 -49 -58 61 -59 11 -23 -5 -42 23 -10 -87 74 95 -2 -16 99 -72 12 65 7 -68 -33 10 82 -32 -49 8 86 24 -23 -14 -27 59 77 40 -86 -93 -30 91 88 -42 -91 4 -83 58 88 -3 -86 59 84 20 19 -96 81 25 -56 -53 -100 8 21 -12 4 -26 29 69 -22 74 37 -54 -63 -12 -38 86 59 -72 11 96 -93 -56 95 -64 29 52 -76 66 -4 67 79 57 -5 41 -19 -51 -38 55 -44 87 26 94 -32 41 -31 -81 -1 35 -89 -86 84 -10 -70 72 -91 56 98 55 -68 -21 35 -66 -57 -19 -37 -11 -32 28 9 19 -12 -24 -87 -40 -62 22 70 -55 45 -32 36 38 82 5 -73 29 -86 57 97 -70 47 43 -30 -76 48 90 -22 58 -92 -36 -87 17 -92 -82 -75 -26 -33 74 41 68 -45 4 4 96 -81 -59 -95 40 18 71 -45 -98 -67 42 35 60 21 -58 76 -68 59 -21 -14 -44 -4 67 -98 38 -54 -16 59 55 71 -67 13 41 -96 -85 38 -99 -84 22 14 -88 20 -42 22 48 63 -41 -38 -67 -75 -25 49 40 8 100 -4 79 53 46 -64 -61 64 52 77 37 28 -59 78 -20 55 77 43 97 -80 -16 71 69 47 77 38 88 -97 -4 -19 70 -73 66 -48 7 -48 -26 74 42 26 5 -70 -53 46 -58 -14 -8 88 -29 -67 44 -54 -4 -52 -95 10 -74 50 ; 
16:60 15:57 24:94 30:116 28:110 6:20 10:38 68:270 3:11 2:8 2:4 6:24 15:59 11:41 39:153 20:76 19:75 2:6 30:120 26:102 14:52 23:89 33:129 28:112 22:88 36:144 41:163 40:158 6:20 12:48 26:104 26:104 37:147 6:20 7:27 4:12 25:99 12:46 23:89 6:22 27:107 28:108 23:89 4:14 28:110 25:99 20:78 12:48 15:57 29:115 35:137 30:120 26:100 13:49 4:14 11:41 35:137 34:132 2:4 34:136 23:91 31:123 38:148 50:198 32:128 13:51 25:97 36:144 35:139 5:17 18:68 23:89 2:6 26:100 8:30 5:19 4:12 24:96 16:60 4:12 2:8 29:113 26:104 18:68 26:102 23:91 39:155 10:40 12:46 7:25 36:140 44:174 6:22 17:67 6:24 9:35 7:27 31:121 22:88 20:80 1:1 28:112 20:76 43:169 16:64 12:48 4:14 30:120 10:38 5:17 38:152 27:105 13:51 11:41 4:14 23:89 25:97 41:161 40:160 17:65 26:100 26:104 30:118 6:20 20:80 53:209 20:76 17:65 40:160 17:65 16:60 44:174 30:118 21:81 13:49 20:80 7:25 28:112 28:112 47:185 30:120 8:30 18:68 23:89 9:35 23:89 6:22 4:12 8:30 51:201 37:147 8:28 21:83 19:73 4:12 25:97 36:140 6:22 22:84 6:22 10:36 51:201 16:60 22:88 3:11 28:108 15:59 24:92 32:124 13:51 8:28 17:67 16:62 31:121 8:28 16:62 10:40 17:65 33:129 8:28 24:94 23:91 13:49 18:70 26:104 18:72 12:44 36:144 29:115 10:38 20:80 34:136 2:6 19:75 18:72 16:62 30:118 27:105 30:116 45:177 24:94 34:136 37:147 23:89 30:118 26:102 22:88 26:102 15:59 8:30 19:75 14:52 26:102 22:88 22:88 48:190 20:78 11:43 6:24 16:60 32:126 36:140 1:3 22:86 14:52 12:46 36:140 36:144 3:9 36:140 10:38 15:57 3:11 23:91 30:116 12:48 6:20 26:104 6:20 36:144 32:124 17:67 28:112 17:65 27:105 7:25 6:24 34:134 22:88 14:54 12:44 16:62 43:171 57:225 25:99 38:152 2:4 2:8 20:78 10:36 33:131 17:67 7:25 11:41 39:155 13:51 6:24 39:155 3:11 8:28 2:6 14:54 53:209 7:25 13:51 5:19 27:105 19:73 6:20 2:8 38:152 43:171 10:38 32:124 20:80 26:102 17:65 20:78 26:104 39:153 4:12 16:62 28:108 26:102 12:44 13:49 36:144 16:64 2:4 26:102 10:36 7:25 19:75 14:54 23:89 12:48 4:14 0:0 15:57 8:30 14:52 32:126 18:70 20:78 29:115 60:236 17:65 17:65 5:19 12:44 16:60 38:152 41:163 22:86 36:144 21:81 19:75 24:96 25:99 27:107 33:131 7:25 28:110 23:89 31:123 35:139 33:131 18:68 9:35 23:91 23:91 15:57 26:104 29:113 22:88 16:62 24:92 7:27 25:99 6:22 10:38 40:156 64:256 3:9 21:81 14:54 33:129 5:19 20:80 7:27 12:46 4:14 33:129 9:33 39:155 28:112 18:72 12:44 25:99 4:16 33:129 11:41 4:14 18:70 7:27 14:56 8:28 5:17 24:94 40:158 8:28 36:144 20:76 27:107 2:4 25:99 3:11 11:41 9:35 10:38 23:91 17:65 32:128 3:11 17:67 18:70 9:33 21:83 17:67 1:3 22:84 21:81 12:46 34:136 13:49 6:20 35:137 44:172 8:32 15:59 13:51 18:68 28:110 13:51 12:48 32:124 24:92 23:91 14:54 11:43 14:56 7:27 19:73 5:17 46:182 10:36 5:19 33:129 20:80 27:107 20:78 13:49 28:110 38:152 40:156 8:30 17:67 23:91 8:32 10:36 1:3 15:59 14:56 12:46 4:12 1:3 21:81 40:156 26:100 17:67 13:49 1:3 14:52 9:35 36:140 35:137 13:51 19:73 31:121 26:102 18:70 12:46 9:33 20:78 23:89 9:35 32:124 2:8 23:89 27:107 20:78 6:20 14:56 16:64 24:96 4:16 15:59 20:76 6:24 26:100 2:8 12:48 28:110 13:49 11:43 8:30 21:81 13:49 14:56 38:148 1:1 22:84 6:24 33:131 76:304 28:108 8:32 2:6 7:27 36:140 10:40 ; 
L 88 10 26 68 -5 61 -92 58 11 40 -89 22 17 36 -45 16 -78 55 -57 -71 -1 -74 -27 27 -47 -94 20 54 -8 -85 57 11 -45 57 -7 74 27 -89 -16 57 -16 95 28 -28 100 22 24 1 28 15 -91 26 -77 -32 -14 14 12 68 52 -61 -90 -48 33 -97 35 87 7 -62 -94 -42 6 85 -6 31 -24 52 -91 38 27 -44 -18 25 30 -84 -34 -32 93 -49 -25 21 29 26 -19 48 45 70 7 31 -75 23 98 47 39 -75 73 -11 -64 76 78 11 -23 80 -54 32 -43 -54 -86 53 -30 11 79 -85 -97 -35 -100 -63 8 -56 -94 -5 -53 -96 84 -59 39 52 87 -23 17 2 -79 64 82 -14 43 73 -50 62 -84 96 93 -9 -27 -54 2 41 -19 -97 -35 -31 86 -45 -7 -46 -22 71 48 -54 22 31 -34 -81 41 -19 -21 18 93 -74 -5 -29 -5 -81 -71 33 -87 -57 -36 -93 37 81 -30 96 40 -78 -62 95 96 -67 73 -81 -54 -18 89 67 -56 -96 -7 71 -49 -27 -23 74 -58 28 -9 -24 33 -51 73 -8 34 72 -22 -34 -90 61 42 -12 11 60 97 -52 43 -12 11 16 54 -77 42 7 85 -35 21 -36 -71 30 98 -51 -47 75 -57 -37 -78 50 1 -60 75 59 -6 84 78 -31 -26 -46 43 63 -77 92 -41 27 -51 -68 -2 -50 97 -4 -67 74 -21 78 -86 -35 51 -60 6 -33 54 47 1 -21 -73 74 39 -28 44 40 29 13 23 -94 -32 -56 -39 87 -16 88 16 28 -97 97 -57 79 96 89 -86 -37 -55 -2 8 72 -18 -22 -19 -13 41 58 99 87 22 3 -99 -29 14 -26 -85 -59 93 2 43 30 -49 63 -15 -89 -99 -69 -32 -53 -3 98 89 -93 37 -44 90 -72 21 -46 53 35 -69 61 -23 -27 49 25 -94 71 67 58 -85 -63 20 -47 -60 56 77 16 55 25 -4 -56 12 -50 -83 -12 -28 -96 52 40 -21 28 57 -42 -90 59 41 74 -68 -6 12 -35 -87 -19 40 -93 91 18 -5 -91 82 -24 -57 -50 -99 -25 -41 -74 5 40 21 75 86 -25 76 -39 -44 68 84 36 -65 62 -8 91 87 86 -88 54 -90 -38 64 9 -47 -8 -71 58 59 47 -88 -24 69 32 58 -93 36 -36 62 -62 81 -16 -82 83 82 -18 24 49 -90 40 -86 9 27 -66 7 -32 -62 -30 25 57 -35 -70 -84 -7 99 62 21 -24 -40 -84 -9 61 59 -17 92 58 38 80 18 -50 16 -81 ; 
86 75 85 77 64 55 65 23 43 42 89 49 72 43 14 42 4 91 96 69 11 8 3 85 36 49 28 2 15 40 53 12 65 56 38 84 48 28 22 79 66 63 70 11 23 55 50 66 80 59 92 35 58 40 83 33 45 83 40 40 17 92 64 50 73 82 22 18 40 32 78 71 77 31 88 61 17 83 43 9 54 96 13 57 36 1 47 76 49 93 30 61 73 92 92 92 38 26 61 18 21 33 48 98 74 71 60 100 89 87 12 4 61 72 40 17 94 1 60 43 95 80 24 52 78 47 76 52 47 48 76 35 33 34 72 63 100 11 57 17 62 37 93 95 22 3 35 98 25 61 12 96 76 2 13 31 57 70 70 26 67 98 37 9 40 31 77 77 61 63 4 12 75 92 55 93 36 53 40 11 91 74 64 44 2 58 31 78 12 99 90 96 37 97 60 22 45 71 98 60 8 75 11 20 36 60 12 68 15 53 25 42 88 44 48 5 42 12 94 12 10 70 67 10 72 54 43 100 76 5 64 78 40 79 29 29 96 89 41 87 43 74 78 7 56 31 81 98 88 3 18 1 17 45 66 20 96 47 45 54 8 9 58 28 91 8 88 57 5 43 40 61 25 6 92 61 5 54 21 84 29 66 38 98 7 64 7 32 62 89 64 73 32 84 26 53 96 58 9 64 83 10 44 91 90 36 18 87 15 83 72 22 90 34 57 96 83 19 10 5 88 72 89 50 26 6 15 69 18 15 58 10 90 87 64 84 13 43 98 32 69 57 44 89 38 75 48 6 13 37 5 89 66 44 46 39 88 73 60 3 51 25 44 41 70 6 29 41 65 75 96 98 61 27 14 32 40 90 84 12 24 70 59 71 73 4 77 54 28 34 10 53 11 66 2 52 36 30 72 43 31 7 10 56 47 37 91 49 72 46 86 26 31 28 57 67 33 27 87 96 83 31 31 100 22 78 88 37 45 21 36 79 39 40 33 6 69 52 13 100 66 57 100 50 13 25 43 48 4 64 67 80 55 14 23 60 77 56 10 82 100 26 37 91 65 10 21 27 67 15 14 40 48 14 82 60 46 81 24 21 67 99 14 7 45 50 27 23 89 26 50 51 71 92 26 50 1 37 1 65 15 ; 
L 88 -45 57 -7 74 27 -89 -16 -79 -84 71 -62 68 1 -21 -73 74 39 -89 -94 79 96 31 35 97 19 -41 85 -78 65 3 16 -93 -2 8 72 -18 -22 -19 46 7 45 -7 -87 -78 -63 49 -30 -43 -2 -67 -71 57 -29 33 32 -86 -25 -49 27 23 24 -78 -71 86 -40 90 -49 -23 27 -23 80 -54 32 -43 -81 91 -67 1 28 15 -91 -3 64 11 5 94 92 -41 -51 35 -17 27 74 1 -78 50 37 57 -75 -91 62 -62 36 -36 97 -4 26 68 -5 75 -9 78 -40 86 -55 24 1 -60 75 59 -6 84 -15 -89 58 -37 88 78 -89 59 -10 -11 -57 85 26 -85 -63 20 -53 46 81 -25 76 -62 -9 87 11 86 -81 -50 -21 27 72 -90 -84 -34 -27 -54 94 -23 -13 38 -40 73 -81 -54 -35 97 57 -55 -91 82 -24 -57 -51 51 -14 29 99 26 -53 -96 84 -67 34 -12 6 -74 -36 -11 44 21 31 -75 -77 -32 -14 -30 -47 16 -87 39 96 -77 42 -93 59 -71 7 -30 71 36 -85 -6 42 94 62 -56 -79 -40 -84 -9 61 59 -17 75 -39 33 -6 -39 -44 -30 -25 18 4 -25 58 50 2 12 -43 13 -60 -84 96 93 -52 96 28 12 83 21 -61 -90 -48 98 39 52 50 -73 -43 14 -16 -92 -12 -14 21 -74 -54 -82 -64 24 -52 -68 -62 -31 -26 99 87 -56 77 -63 -43 46 -58 -41 52 -97 -60 86 -37 69 -68 32 58 93 -57 -85 -97 -35 -100 99 -42 -38 -7 91 -52 24 -92 58 11 11 47 -90 61 42 -12 -61 8 2 50 67 -16 -88 -8 -71 58 -49 -27 -23 74 93 -18 76 -86 53 -98 -23 -44 -21 -33 -20 -47 -94 -37 96 56 28 -97 -22 54 -48 84 70 35 -57 7 -9 -64 38 90 -54 54 -8 70 -29 -40 -28 -55 -16 -77 -56 60 47 35 -69 -93 -18 28 57 -19 40 61 18 -82 -40 66 -27 -9 93 36 57 18 -5 26 -19 48 45 -97 31 -35 -87 62 50 -12 -99 -25 -41 -22 -100 28 -28 -95 16 -27 -22 71 -21 -80 -90 59 47 35 -85 -7 58 -98 54 -59 7 86 83 -44 28 -16 -82 -30 56 32 2 -8 41 -19 68 89 -93 32 63 73 34 22 -72 -34 8 -73 51 -33 24 -62 95 96 87 -54 -74 5 29 5 -81 -49 -25 21 -41 53 32 69 99 -11 31 -22 89 -40 87 -47 45 -36 -17 -18 -22 47 21 -6 -30 25 -88 -24 -74 5 16 -81 ; 
35:137 26:102 23:89 16:60 34:134 20:76 12:44 9:35 28:112 35:137 42:166 61:243 30:116 16:64 36:142 26:102 30:116 13:51 26:100 13:49 8:28 36:144 8:30 11:41 28:112 28:112 23:91 18:70 40:156 4:12 27:105 34:132 12:48 19:73 4:16 2:8 36:140 29:115 36:142 31:121 4:14 15:59 14:56 16:60 8:32 11:43 23:91 28:110 13:51 40:156 17:67 26:104 18:72 81:321 14:56 11:43 31:123 32:128 3:9 28:112 17:65 16:64 4:14 30:120 12:48 27:107 11:43 9:33 3:11 27:107 15:59 2:6 25:97 29:115 16:64 5:19 10:36 19:75 24:96 32:128 24:94 37:147 21:81 37:147 24:96 8:28 20:76 18:70 2:8 38:150 16:60 22:88 30:120 2:4 4:12 5:17 18:72 32:126 1:1 8:28 31:121 16:64 23:89 31:123 24:96 44:176 25:97 30:118 31:123 26:102 23:91 11:43 24:96 39:155 13:51 22:86 8:30 12:44 8:32 39:153 19:75 18:72 22:86 10:40 36:142 13:51 8:28 3:11 23:89 26:100 19:75 8:32 31:121 5:19 19:73 26:102 30:116 40:156 25:97 1:1 24:96 30:118 35:137 9:35 32:124 19:73 9:35 37:147 32:128 44:174 20:80 12:44 37:145 38:148 16:62 14:56 15:57 30:120 1:3 17:67 26:102 4:14 19:73 14:56 37:145 24:96 4:12 42:166 30:116 9:35 39:153 13:51 35:137 11:41 13:49 22:84 33:129 38:148 36:144 4:16 17:67 15:57 14:56 14:52 12:48 23:91 1:3 13:49 18:68 6:20 12:48 6:20 2:6 14:52 25:97 11:43 16:64 34:132 9:35 34:134 17:67 36:144 37:145 22:88 18:68 17:65 26:100 6:20 10:38 28:108 31:121 13:49 23:89 22:88 29:113 32:124 13:51 16:64 37:145 23:89 12:46 10:36 36:142 11:41 20:80 21:81 16:60 40:156 23:89 26:102 8:30 36:140 14:56 6:20 39:153 17:65 10:38 16:62 22:88 3:9 7:25 32:126 15:57 14:54 6:20 25:97 5:19 42:166 12:44 22:86 31:123 2:6 37:147 16:64 7:27 37:147 8:30 12:48 26:100 50:198 14:56 2:4 9:35 68:268 42:168 23:89 18:72 27:107 9:33 6:22 10:40 38:148 14:56 20:80 16:64 36:140 35:139 24:92 1:3 28:110 17:65 24:96 36:140 4:12 37:145 17:65 3:9 12:48 32:124 26:102 8:28 32:128 35:139 25:99 36:144 22:88 18:72 25:97 36:142 10:38 21:83 32:124 0:0 22:84 2:6 40:158 21:83 7:27 25:97 12:44 10:36 18:68 39:153 6:22 11:43 22:86 18:68 40:160 40:158 6:20 11:43 20:76 24:92 29:115 8:28 18:70 6:20 10:40 8:32 22:84 10:40 17:67 16:60 2:8 24:92 6:24 1:1 6:22 9:33 24:96 36:140 12:46 22:84 1:1 20:78 22:86 8:28 24:96 21:81 6:24 35:139 25:97 31:123 24:94 27:107 9:33 10:38 8:32 23:89 23:91 27:105 40:160 6:20 11:43 6:24 16:60 33:129 39:153 16:64 7:27 34:134 36:144 16:64 13:51 6:22 12:46 21:81 13:49 20:76 10:36 5:17 18:72 19:75 13:49 28:110 37:145 27:105 16:60 16:64 6:22 4:12 32:124 13:49 42:168 29:115 19:73 30:116 37:147 37:147 24:92 24:94 4:14 4:16 13:49 11:41 29:113 30:118 27:107 14:52 8:28 22:88 10:36 5:17 28:112 26:100 20:80 11:43 13:49 18:70 13:49 20:76 21:83 17:67 62:244 30:118 18:68 40:160 46:184 4:16 19:73 48:192 29:113 29:113 20:76 11:41 21:81 40:160 24:94 34:136 4:16 22:86 27:105 37:147 37:147 15:59 3:11 26:100 19:75 21:83 21:83 32:126 4:16 27:107 28:112 4:16 5:19 38:150 5:19 17:67 2:8 9:35 18:72 23:91 23:91 8:30 35:137 37:145 5:17 12:44 54:214 20:78 38:148 26:102 8:28 3:9 20:76 30:120 9:35 10:40 10:38 20:78 36:142 27:105 19:73 15:59 6:22 18:68 34:132 3:9 15:59 6:24 12:46 13:49 19:73 17:65 24:92 24:94 35:139 0:0 26:104 6:24 ; 
L -4 73 63 12 -8 -94 83 -43 57 51 -19 -10 -69 59 81 55 19 -51 85 38 65 64 -1 41 81 -40 -24 61 38 92 -21 15 -69 -88 100 -48 -48 -6 14 -95 65 94 -14 -65 68 -39 7 -58 14 -64 37 -63 74 -90 45 81 91 -42 -81 -5 -43 -27 29 -81 82 26 77 21 15 -62 -40 38 -4 13 64 -44 -7 -31 -78 -27 -99 100 -38 82 -70 -80 -81 90 5 20 43 -99 50 53 15 63 41 -82 -82 39 -33 -71 26 41 62 24 31 19 69 -19 -93 83 59 48 53 83 90 44 53 63 98 -100 -85 -27 89 98 -53 39 74 -68 -95 -81 -86 -36 89 14 76 19 28 -51 55 -26 -89 -63 -94 33 72 -65 -88 -89 -81 -55 64 1 -17 62 -69 -59 44 11 71 -55 97 40 -98 -53 -23 -42 67 -22 -30 67 -75 44 20 -1 53 -19 21 82 51 91 -22 -87 -87 -2 -46 -54 84 -71 30 -10 -55 -95 -70 82 74 -68 -92 -99 -31 -38 -62 76 80 -43 -94 84 -15 -54 -34 -30 13 -6 46 89 10 -13 -9 53 40 -3 -72 -17 51 12 -61 -7 2 88 -72 -99 3 -7 -1 25 62 83 -91 -50 -19 78 98 -16 -61 77 10 -91 96 -31 20 52 69 2 20 33 89 80 36 -69 -73 -33 -41 -33 -36 65 42 64 15 95 96 -18 22 -50 75 -16 -2 -90 3 -82 -56 44 85 1 88 50 -99 -75 -13 32 -31 -36 -25 -88 4 -89 93 -75 23 57 -42 34 -19 -60 -37 -91 72 50 25 -92 67 53 88 -94 78 -6 18 25 27 -9 33 87 20 -29 45 49 -92 -92 7 59 -95 -94 -19 -28 -90 84 -62 46 -85 12 41 66 80 -85 -34 -63 -4 -93 -1 3 -41 -37 -74 31 36 68 98 46 -87 36 7 24 -73 -44 -18 85 15 15 -17 -92 -65 24 -76 39 -4 -38 -88 -95 -37 81 -95 17 98 59 59 81 -30 94 -33 -72 -68 -29 4 -6 81 51 -86 93 -36 61 -68 83 -46 37 -74 -61 78 99 -56 -8 -25 -43 33 28 -19 -25 64 -15 -93 5 -44 -89 33 75 -9 -8 84 -6 14 -51 -46 72 -4 -27 -20 -62 68 93 68 48 96 -96 -57 -85 21 18 -99 -88 15 -13 83 21 87 15 43 -64 -33 78 95 78 28 -92 81 87 87 -86 42 -32 -20 -70 -22 -59 91 55 25 20 22 -77 -72 -11 -81 -31 -31 46 -93 -74 54 6 -47 59 -42 -38 5 -86 91 -87 82 81 -57 -86 ; 
50 21 76 74 3 68 95 31 88 97 22 100 39 62 67 37 88 11 47 88 61 21 25 5 3 83 81 39 35 30 92 86 76 26 80 64 74 92 21 22 60 100 49 37 16 59 62 69 7 94 60 5 64 80 56 83 63 69 99 95 87 56 59 44 78 74 92 64 9 57 54 15 69 5 94 6 64 47 10 35 25 1 2 16 4 66 9 35 2 31 56 13 43 31 32 76 63 50 76 90 99 58 97 25 68 7 95 21 16 15 6 19 55 64 99 63 25 28 2 47 82 30 76 35 48 84 43 84 7 32 42 21 10 32 76 53 97 72 83 92 17 82 38 11 21 62 71 17 34 16 65 46 43 66 41 21 96 65 72 23 44 8 13 35 87 8 32 98 97 26 32 2 44 61 7 4 79 59 10 60 92 19 5 94 81 71 46 58 14 98 92 45 80 26 83 12 80 34 85 19 6 94 58 35 7 72 13 67 76 91 25 83 69 27 23 88 80 70 53 18 70 24 44 32 89 48 71 24 6 72 53 47 96 98 48 9 41 20 48 89 16 47 9 20 61 9 54 21 89 63 89 61 93 54 53 15 36 8 67 98 22 97 31 57 20 40 62 75 94 16 42 17 99 60 89 87 4 20 41 71 97 51 51 63 36 16 18 13 68 61 85 18 78 87 62 82 84 56 97 98 25 23 29 84 79 29 31 59 78 19 65 48 9 14 22 37 84 9 8 80 25 85 15 30 32 43 16 97 89 62 97 72 22 41 87 78 34 84 24 70 16 28 47 15 32 35 9 6 83 54 77 66 62 66 89 77 97 62 7 46 13 70 10 64 29 41 79 83 39 52 79 61 58 22 69 12 60 83 45 39 58 14 83 3 60 10 99 71 64 23 30 47 87 75 80 62 25 74 83 22 79 21 41 10 44 17 99 46 88 79 95 75 44 77 20 28 93 59 43 87 53 28 3 40 42 24 67 62 69 35 28 24 61 38 16 40 5 34 19 41 64 20 77 12 46 70 45 11 5 32 18 21 95 28 66 2 37 99 2 13 91 94 24 67 30 60 67 16 46 61 19 37 11 1 22 32 86 70 89 69 16 8 41 4 52 58 25 39 93 81 36 84 41 2 39 91 11 21 77 52 54 ; 
L -4 73 63 12 -8 -94 83 -43 13 57 84 -22 83 37 95 -81 -62 -41 -26 -13 83 -61 36 -93 86 -51 -81 6 5 -44 69 -2 -90 32 -46 14 -64 37 -63 -69 59 43 98 -100 -85 -63 -53 -44 95 -87 93 15 -64 25 19 -28 -51 29 -20 -61 -36 -68 -46 -54 -81 -59 20 -68 -65 72 92 -28 -78 -82 -42 -31 29 -26 -82 33 97 13 -72 -33 94 63 41 37 -62 -99 50 53 -23 75 -8 -59 -7 92 84 88 88 99 -18 -21 85 57 18 -96 1 -17 62 74 19 50 -80 87 -86 77 -29 -81 -55 64 77 52 69 2 65 -83 -55 61 -99 -50 -10 -27 -74 31 36 -25 -81 81 72 -4 -3 -20 71 -28 23 53 98 -40 4 -51 15 -13 30 33 73 -65 -45 -98 -7 -38 -88 -95 -27 17 72 -5 84 -6 14 75 99 -36 -25 -88 33 -94 30 -68 59 -30 68 -74 -39 90 70 95 55 -9 53 40 -12 85 -46 -22 -41 44 -64 -95 -81 -86 -36 94 -91 9 -75 44 22 70 -91 -44 6 -67 92 -54 74 -89 42 65 14 -20 -92 1 -20 -89 -46 -93 78 59 -90 45 81 91 -42 -81 -5 -15 -54 -34 51 -51 55 -71 -11 -44 7 -58 -4 89 15 95 -71 -6 -42 -43 33 87 87 22 -91 -51 -84 94 -82 -62 89 80 31 -85 -59 -39 59 78 98 -16 88 20 33 -93 -68 68 48 -11 -81 -31 1 88 50 -86 98 83 -46 19 74 -37 -41 -33 -36 -2 -17 19 -7 2 88 -72 -99 3 -7 -1 -13 77 10 -91 96 -31 -21 15 -69 -88 -14 -39 76 -24 65 92 17 -15 -15 -85 94 55 -26 -89 -31 25 62 -68 -22 -20 68 91 38 42 -59 -87 36 90 5 20 -81 89 -19 -72 -78 18 44 73 -24 64 -9 -99 -78 -69 94 21 15 -62 -40 38 -28 61 72 50 25 -95 -78 -99 100 -38 82 -70 -80 -81 46 47 -6 -53 -19 21 82 -43 82 37 41 -3 1 93 4 63 34 85 4 62 38 55 19 -51 85 38 65 64 -1 -7 67 27 96 -96 -27 33 -43 -57 32 -31 90 10 53 -98 -89 27 -64 -80 -76 75 -67 30 -15 -87 -21 -43 33 -39 82 69 10 19 15 63 25 8 56 33 87 16 -75 -24 3 41 66 -87 -93 14 76 -25 -18 6 -56 -91 -12 -74 -38 -61 24 40 82 42 48 4 -89 93 46 -81 53 81 -60 -31 92 -49 95 100 -48 -48 53 -92 34 -19 83 19 -57 -86 ; 
20:80 9:33 31:121 30:118 2:4 28:108 38:152 13:49 6:22 47:187 20:80 29:115 29:113 4:12 11:41 24:92 7:27 28:108 10:40 21:83 4:14 15:59 9:35 34:132 30:118 10:40 25:99 32:128 24:94 22:84 8:28 6:20 8:32 20:76 5:17 3:11 38:150 24:96 2:8 34:132 17:67 2:8 15:57 12:48 31:121 30:120 19:75 1:3 9:33 40:160 9:33 18:68 24:94 38:148 12:44 8:32 12:44 29:113 12:48 8:30 22:88 15:59 25:99 24:92 14:54 27:107 36:144 17:65 2:8 25:99 8:32 38:150 37:145 8:30 20:76 24:92 7:27 13:51 30:118 16:64 14:52 2:6 20:76 29:113 25:99 9:33 29:115 4:14 6:22 30:116 18:68 13:49 19:75 39:155 10:36 18:72 25:99 36:142 38:148 42:164 6:20 5:17 18:72 28:112 19:73 5:19 46:184 7:27 37:147 17:65 9:33 31:123 38:152 7:25 7:25 23:89 24:96 18:68 30:116 23:89 19:73 18:68 27:105 26:104 38:148 22:86 19:75 20:80 16:60 13:49 47:187 36:144 31:123 31:121 15:57 27:105 36:142 8:32 30:116 6:24 42:166 25:97 18:70 16:62 16:64 32:128 36:144 13:51 4:12 35:139 15:57 13:51 2:8 13:51 32:124 18:72 39:155 32:128 27:107 14:54 40:160 6:20 24:96 34:132 9:33 23:89 13:51 8:32 48:192 25:99 28:110 12:46 6:20 11:41 32:124 35:139 18:70 26:102 29:113 8:28 6:22 28:108 44:174 13:51 3:11 22:86 24:94 34:132 11:41 46:180 8:28 28:112 5:17 28:112 10:38 7:25 5:17 18:72 3:9 6:20 9:33 4:16 13:51 23:89 10:40 23:89 17:67 20:78 22:86 8:30 38:150 28:108 12:48 24:94 26:104 12:44 10:40 19:73 38:148 24:94 15:59 21:83 14:56 11:43 2:6 4:12 36:140 8:28 13:49 9:33 36:140 23:89 34:132 26:100 28:110 40:158 38:152 27:107 37:145 10:40 9:35 13:51 10:38 4:12 18:70 10:36 24:92 28:110 29:115 39:153 34:134 7:25 5:19 29:115 13:51 30:116 18:70 30:118 33:129 38:150 2:8 8:30 28:112 27:107 19:75 4:14 3:9 4:12 5:19 18:68 14:54 16:60 31:121 11:43 4:14 8:32 10:36 16:64 6:24 18:72 14:54 4:14 17:65 18:72 7:25 4:12 25:97 15:57 7:25 12:46 42:164 23:89 17:65 16:64 6:22 18:70 12:46 23:91 8:32 35:137 9:35 28:108 10:38 3:9 29:115 22:84 19:75 39:153 40:156 20:76 11:41 4:12 22:86 9:33 36:142 26:100 59:233 35:137 31:121 11:41 8:30 22:84 9:35 24:92 25:97 32:126 21:83 16:62 34:132 32:126 15:59 8:28 33:131 16:60 3:11 17:65 17:65 10:40 18:70 35:137 36:142 14:52 13:49 34:134 15:57 22:86 19:73 14:56 1:3 13:49 30:116 17:65 11:41 34:132 21:81 11:41 12:46 26:102 4:16 19:75 12:48 20:80 19:73 57:227 17:67 23:91 4:14 23:91 22:86 6:24 52:206 34:132 28:108 24:94 32:124 36:144 1:3 26:102 1:1 1:3 7:25 2:6 27:105 4:14 2:8 14:54 38:148 8:32 39:155 4:16 24:96 48:188 22:88 30:116 27:105 31:123 22:86 34:132 3:9 4:14 14:56 13:51 17:65 39:155 24:92 14:52 36:140 5:17 19:75 36:140 25:97 9:33 10:40 10:38 35:137 22:84 29:115 8:32 20:80 24:96 24:92 38:150 54:216 34:136 21:81 18:72 42:166 18:68 34:134 20:76 4:12 21:81 3:11 3:9 18:70 1:3 32:128 12:44 38:152 6:20 34:132 40:158 36:144 32:126 16:62 40:160 12:48 31:121 20:76 38:152 32:126 26:100 34:136 2:8 35:139 48:190 1:3 12:46 12:44 9:33 13:51 26:104 39:155 17:67 4:14 34:134 40:160 15:59 14:54 15:59 16:60 14:56 16:62 33:129 10:38 12:48 8:32 40:160 33:131 34:134 22:88 35:139 18:70 6:24 18:72 2:4 33:131 7:25 15:57 34:132 26:102 30:118 33:129 36:140 10:40 12:46 37:147 2:4 25:99 21:83 22:86 ; 
L 10 -11 84 93 -16 -19 19 28 29 40 79 -92 -32 33 -51 14 -32 -41 -37 -4 33 -84 100 -30 69 83 -9 65 -97 42 -73 -67 78 -99 66 -19 -79 -35 59 80 -18 14 -50 89 59 29 -90 40 67 -16 79 88 53 -93 -9 43 46 63 -50 45 -45 90 -96 67 51 -89 2 73 86 -87 15 22 -20 90 -37 -13 -64 -11 -36 2 57 96 1 -61 16 -69 -95 -87 -10 -35 45 2 44 83 52 27 73 -51 59 -51 49 65 -66 76 61 -74 43 21 14 -96 -50 -6 -44 68 25 -54 -95 -43 81 -97 35 -30 -93 14 -50 52 15 43 79 13 82 82 -67 -44 -51 -100 -10 -31 -63 25 -29 -13 14 19 34 -48 -59 53 -94 19 -95 29 -57 93 -69 -50 -88 46 -87 -40 59 -79 49 82 86 -59 -13 12 -54 92 23 12 -13 85 -35 -79 15 -85 54 71 11 9 12 65 64 95 91 -76 -4 -80 65 91 -45 63 94 76 -52 88 19 -11 -36 95 60 19 -18 -26 22 -47 -91 10 93 -56 88 25 79 -56 -64 71 61 98 93 -43 -92 -39 -28 -55 84 95 85 -53 47 -30 -75 -65 -78 43 -84 -4 -66 73 74 46 -61 -58 -8 18 90 -83 -93 79 -37 94 -30 26 40 -23 91 74 -67 -48 45 -57 -39 95 -46 75 -52 -5 -99 15 18 72 -97 60 -49 -28 69 71 -9 10 -25 -39 36 98 -17 -82 50 45 -5 26 21 71 60 -59 30 77 -38 -64 -82 -47 13 -4 -81 -30 18 -86 -44 -51 -35 89 2 33 -33 66 13 86 -21 -30 -85 -52 -69 92 46 -83 -46 -1 64 4 -52 36 3 44 96 -30 -31 -5 47 24 68 27 94 -29 10 74 79 56 -10 -53 -90 66 -92 -30 35 28 6 -74 -44 92 -64 -94 63 -30 -80 30 4 -30 -35 86 77 -92 9 78 -95 -50 82 95 -55 -9 41 48 11 -50 99 -6 -68 -34 -41 -82 77 -67 -36 -52 -37 60 84 -15 -43 47 28 28 47 -60 3 2 30 -89 19 -81 -97 1 72 54 30 19 49 -79 26 62 -73 91 1 -51 4 33 -66 13 76 -80 92 -68 12 -85 -18 40 -5 -9 -97 -5 -12 16 59 -32 45 -88 100 7 -43 30 3 -60 71 -9 -31 -49 -43 -31 -49 -69 -59 93 -67 -72 -41 -72 64 -86 19 70 -82 -13 81 42 62 -92 -78 -58 73 9 59 -9 71 82 -50 -48 14 32 41 -56 97 -48 -11 -31 -5 -45 66 -85 70 -3 -71 66 ; 
16 73 87 32 11 5 38 80 90 51 32 43 96 67 47 81 3 66 73 65 86 14 86 10 6 91 88 86 90 44 91 79 47 77 12 45 59 25 84 56 10 18 34 37 85 30 61 88 52 31 62 32 29 17 48 36 57 48 54 90 95 12 82 63 84 28 77 9 35 54 32 23 81 61 71 58 59 22 75 24 75 31 43 30 46 34 99 57 65 92 93 55 3 4 92 84 95 61 39 32 36 88 58 44 56 8 96 58 10 57 23 54 13 23 55 2 13 52 98 8 85 51 85 36 88 37 61 54 50 84 47 75 82 12 48 11 25 65 91 66 62 44 67 33 50 74 4 54 11 37 99 72 71 82 30 79 55 46 46 29 5 34 64 90 65 92 64 11 43 55 43 29 71 10 43 12 77 69 15 69 64 30 78 40 69 34 99 96 62 89 33 70 98 75 60 50 93 47 20 69 17 42 59 98 8 100 33 12 87 87 36 38 44 67 2 60 13 13 100 79 53 22 85 96 43 6 78 46 9 93 28 45 74 68 77 94 21 96 18 39 86 33 69 57 1 67 94 94 2 64 74 48 2 65 91 49 95 24 60 84 61 9 91 98 42 56 61 43 93 8 37 76 34 83 83 9 63 5 34 81 2 38 94 8 26 40 12 53 56 78 73 48 92 71 99 85 12 88 33 87 88 71 80 69 80 62 55 68 14 92 29 87 51 37 74 6 90 82 15 21 64 58 60 49 49 71 31 64 19 58 51 78 30 66 23 28 23 60 94 99 44 5 29 36 21 63 89 1 89 61 38 12 1 81 2 21 29 39 12 61 79 76 72 70 81 52 31 66 5 28 28 59 97 63 95 22 13 1 15 25 14 96 50 98 70 57 56 45 86 22 61 81 50 26 20 4 58 93 81 91 20 66 54 57 80 92 94 64 82 75 19 45 24 87 95 38 37 96 64 21 98 58 96 94 14 27 51 92 62 47 41 50 32 64 33 54 23 26 14 51 9 52 81 88 16 13 72 76 14 42 10 69 34 76 45 18 70 100 31 68 9 95 41 20 30 75 38 17 7 90 64 33 41 59 76 24 55 63 52 35 35 40 44 14 89 24 36 5 1 52 43 94 62 51 51 88 17 64 1 43 6 ; 
L 10 88 -49 -85 -47 -28 -37 -4 33 -84 -9 43 53 -68 -24 -33 66 13 86 78 -95 -50 82 -25 -39 -27 -52 45 2 44 -95 54 71 11 9 12 65 64 76 3 46 -95 -36 -3 -30 -45 -17 96 -30 89 -51 -67 96 -90 45 -6 -35 -99 -50 -93 82 -70 -19 -73 32 92 -79 50 96 -59 93 32 98 93 -43 64 28 41 32 13 -33 36 7 -43 -56 30 -35 -67 59 -86 -29 14 -59 -10 63 -30 -80 30 4 -30 -48 18 -86 -44 -6 -78 43 -84 -4 -66 73 56 -79 -25 -88 59 -48 -59 -61 -58 -8 -13 -64 -93 57 -29 45 40 22 -47 -91 -11 -48 -41 -82 77 30 -47 -30 -71 9 -90 -18 37 -90 20 80 4 61 -78 -58 -50 -88 46 -87 -42 96 -44 92 19 -18 -26 -100 51 -73 -50 -48 31 66 67 -11 -31 -5 -45 9 -15 -43 -71 60 -32 -14 -49 -43 -31 -48 74 -6 -28 63 -90 -11 -12 -23 -92 54 -12 -81 -29 94 64 -55 84 95 -47 5 31 2 -50 89 100 14 13 -52 86 10 -13 -83 91 -5 26 -79 16 -79 15 -85 -94 5 -40 18 18 -80 -59 -50 -98 -53 76 -88 -46 -1 64 4 -52 36 82 82 -67 61 -16 -19 19 -74 -91 -69 -56 66 29 -25 63 -93 -13 85 77 -38 65 75 -67 -84 -60 37 52 52 15 69 -16 61 -1 14 69 49 -97 13 -72 -18 -73 72 54 82 -86 9 62 -5 -99 15 50 -14 93 30 -94 -45 -37 30 92 -66 -19 33 85 -100 83 -46 -92 82 -44 75 -52 -73 91 1 19 97 -9 -97 -5 -51 -14 51 -28 69 71 4 -13 26 -85 82 -9 92 -12 68 -30 51 -59 53 -94 19 -95 -91 -65 -22 -15 87 93 -53 -88 21 71 60 -34 -29 -59 74 -76 49 12 44 79 79 16 59 95 54 -25 -44 68 33 49 -60 97 76 -79 -43 66 -19 51 -80 92 21 89 -30 -2 -67 78 93 -74 43 21 19 -85 -28 -13 -57 -2 59 46 35 79 4 -64 72 41 72 3 -70 -49 41 83 -30 45 -57 -39 -74 35 51 -40 79 -47 -63 45 -71 64 89 2 30 -35 -90 69 52 -60 3 73 -42 92 -62 65 -97 -9 10 95 -55 -9 41 69 83 -9 -40 -10 -31 -35 86 77 -1 97 81 -19 23 -40 -56 -79 -36 95 -28 -60 67 -30 34 68 -46 -50 47 82 -92 -39 11 66 -65 26 81 -43 81 -36 -11 84 -99 -95 94 35 10 87 -27 10 -71 66 ; 
7:25 34:134 6:20 11:41 27:107 8:32 41:163 26:104 35:137 6:22 22:84 15:57 20:80 5:17 38:150 10:36 15:59 30:118 3:9 31:123 39:155 26:100 38:152 10:38 16:60 43:171 34:134 29:115 22:88 2:4 14:56 14:54 28:110 26:102 12:48 32:124 16:64 28:110 13:49 10:36 36:140 17:67 33:129 9:33 6:22 5:17 14:54 14:52 27:105 11:41 12:44 34:134 26:100 33:131 5:19 25:99 12:44 52:204 20:76 9:35 26:100 3:11 7:27 8:28 22:84 39:153 18:68 27:105 10:36 14:52 28:108 15:59 17:67 22:84 9:35 14:54 18:68 25:99 27:105 18:70 17:67 64:254 39:153 29:115 34:134 13:49 18:70 12:44 27:107 37:147 32:126 3:9 14:56 9:33 19:73 31:121 29:115 28:112 33:129 21:83 32:126 20:78 25:99 22:88 18:70 28:112 38:150 9:33 39:153 8:28 16:62 28:110 24:96 1:3 27:107 45:179 27:107 22:84 40:160 23:91 1:1 14:52 24:94 43:171 33:131 29:113 50:198 36:142 34:134 5:19 35:139 35:139 6:22 10:40 22:88 35:137 24:96 18:72 28:108 3:11 14:56 32:128 38:150 37:147 29:113 25:97 29:115 36:142 37:147 24:92 10:38 15:59 22:88 19:73 19:73 30:118 16:60 18:70 16:62 22:84 4:12 40:160 11:43 46:182 25:97 32:126 6:22 24:92 15:57 45:179 14:56 38:150 25:99 21:81 20:78 13:51 24:92 50:196 4:16 23:91 10:38 43:171 18:72 8:28 33:129 7:25 9:33 1:3 46:184 44:172 40:156 38:152 12:46 18:68 22:88 18:68 7:25 6:22 25:99 25:97 2:4 32:124 19:73 24:94 10:36 12:44 30:118 23:91 15:59 5:17 13:49 6:24 42:168 14:52 25:99 26:100 32:124 28:108 58:228 32:124 8:32 25:99 6:24 31:123 28:110 14:54 13:49 14:52 26:102 30:120 4:16 6:22 16:60 19:75 5:19 2:6 10:36 18:72 29:113 13:49 26:102 8:30 24:92 12:44 30:120 33:131 7:25 7:27 2:8 16:60 11:41 10:38 12:48 41:161 10:40 7:25 25:99 27:105 22:84 14:54 4:16 34:134 5:19 51:201 28:108 15:57 10:40 8:32 11:41 20:80 26:102 39:153 5:19 14:54 19:73 12:48 8:28 22:88 40:160 17:65 6:24 18:68 31:121 5:19 4:16 18:72 23:91 14:52 34:132 29:115 17:65 38:148 4:12 26:102 36:140 15:57 34:136 5:17 16:64 17:67 5:19 5:19 16:60 13:51 32:126 16:60 3:9 8:32 20:78 24:96 16:62 15:59 19:73 25:97 27:105 9:33 40:156 22:88 29:113 16:60 10:36 11:41 13:49 3:9 33:129 14:56 26:100 2:8 18:70 29:113 73:289 35:137 34:134 22:88 12:44 26:100 17:65 29:115 10:40 10:40 22:86 5:17 15:59 40:158 33:131 28:112 17:67 10:36 13:51 23:89 7:27 12:46 34:136 20:76 37:147 32:124 18:68 12:48 46:182 13:49 30:116 6:20 13:49 13:49 18:68 31:121 4:14 7:27 6:20 1:3 7:25 10:36 10:40 9:33 34:132 34:132 17:67 53:209 20:80 12:46 18:72 21:81 27:105 25:99 23:91 27:107 37:147 32:128 23:89 19:75 18:72 1:3 39:153 24:92 19:75 17:65 24:94 22:86 9:33 30:120 7:25 25:97 22:84 10:40 42:166 10:38 12:48 8:32 17:65 21:81 26:102 10:36 10:38 3:11 36:142 37:147 4:14 37:145 22:84 40:156 6:22 18:70 25:97 44:172 20:80 30:120 38:152 6:20 10:38 12:46 58:228 17:67 33:131 41:161 26:102 8:32 22:86 32:128 37:145 22:88 24:94 21:81 36:144 23:89 33:129 0:0 6:20 1:1 2:8 8:32 37:145 36:140 13:49 2:8 26:104 32:126 27:105 2:8 10:38 30:120 33:131 26:102 28:110 20:78 8:28 21:81 14:54 17:67 28:112 24:96 9:33 17:65 17:67 23:91 23:89 17:67 10:36 35:139 34:134 39:153 12:48 18:68 24:92 10:40 36:142 58:232 40:156 20:80 22:84 35:139 26:102 50:198 20:78 36:144 37:147 26:104 21:83 36:142 5:19 18:68 3:9 ; 
L 94 39 74 10 -2 -25 -40 49 37 -20 -71 -33 -36 73 4 -69 25 77 23 54 40 -32 -50 -66 -88 -7 65 44 -52 88 -23 -7 5 -43 -55 42 62 -76 97 -54 35 86 -73 74 -80 -42 -43 99 77 -91 92 30 -98 -77 97 -76 -57 -19 97 -91 -54 73 -74 -56 -78 69 18 52 -86 37 43 -18 65 -54 -32 58 55 82 -79 94 95 -85 -78 83 100 -69 -50 -88 95 -10 16 -17 -64 71 26 87 59 85 52 -20 -47 -54 -29 12 14 -1 -47 -33 -31 15 -9 81 -25 -14 -96 -42 -32 -60 14 64 35 -63 35 -27 -99 -79 49 -42 17 -42 -58 60 55 23 -23 -69 19 -3 -7 51 49 13 18 53 -70 43 34 84 62 -58 64 8 87 -60 -59 46 -48 -26 -72 83 -8 -12 -77 -4 -29 71 36 39 21 -42 40 -43 -90 98 3 -93 -73 38 99 -54 -93 -80 85 79 -58 -75 -53 66 -97 74 -30 3 100 36 -32 -18 97 -58 -15 5 -6 -44 -94 84 -21 -61 -14 -73 11 -63 -55 12 70 65 1 -40 19 20 52 -29 73 -44 57 -3 -51 -53 57 46 85 -93 -43 -39 -39 -61 97 -22 85 -2 3 -51 -91 -81 33 -6 9 57 -46 26 89 86 50 87 -61 51 -47 -14 88 -22 -55 53 22 -9 -23 -52 -72 34 -28 -6 -70 91 -75 52 11 -60 -98 -21 17 -72 -4 -72 23 -16 -58 52 -33 88 89 -60 59 -54 -16 -43 32 -53 32 -96 -79 -82 -85 81 9 43 -45 -8 81 -83 2 58 56 66 -95 -49 52 59 -80 -60 96 -10 50 -55 -59 -83 6 -66 -48 5 60 -89 93 61 -3 16 68 -31 12 -55 4 71 57 -9 -70 95 69 4 -43 -69 -80 37 -57 97 8 -81 -94 85 21 39 16 -70 -32 16 65 64 62 64 -8 -37 27 -77 75 47 88 -42 -45 -72 20 79 -52 -15 42 -15 -44 -70 -43 89 -57 -19 -4 2 -16 -25 2 -5 24 -84 90 -9 -56 -96 -44 81 45 20 -86 -57 44 -98 6 -65 -46 33 69 -33 12 59 -2 52 57 -50 2 67 36 -53 -99 34 -63 26 -95 69 -11 11 54 -76 -91 -73 94 48 -24 -51 -57 -98 -39 15 -40 -17 87 81 61 11 -21 -91 81 99 -42 -87 35 -82 -2 -48 -41 6 -10 4 -36 -45 -13 -49 -15 -86 -65 -16 20 -34 61 77 -33 76 -77 -1 60 56 -69 -77 -32 -53 69 -90 -61 85 -50 -100 78 7 29 17 -50 -94 100 30 18 -11 ; 
100 58 38 80 24 23 36 93 41 15 40 1 12 72 29 89 14 30 13 8 16 63 22 87 31 4 30 83 8 41 52 6 61 59 95 9 48 62 97 17 86 18 36 55 89 44 51 41 26 4 4 74 56 52 74 31 54 96 64 58 14 86 14 73 87 78 97 45 95 60 1 66 9 98 45 20 31 11 85 66 38 35 5 73 14 40 41 5 58 18 29 87 48 8 51 21 10 34 62 79 5 7 26 28 41 100 17 53 63 1 43 87 17 63 26 15 3 31 7 10 39 50 46 19 24 64 42 23 40 58 73 91 92 48 53 1 90 87 20 30 7 60 74 63 36 75 55 45 35 37 1 29 31 80 11 35 92 14 50 93 84 35 50 63 49 62 12 87 81 20 94 44 55 86 87 66 30 45 54 17 27 68 21 53 79 81 7 60 15 91 68 31 46 2 90 94 85 74 56 5 1 61 83 66 54 49 21 94 67 91 90 10 25 41 8 7 47 78 64 14 73 99 76 15 38 88 26 62 53 52 94 7 43 3 89 19 98 89 53 11 15 21 58 46 13 83 81 65 39 99 65 93 67 78 96 11 94 17 78 40 13 90 96 83 64 62 25 36 49 71 26 49 22 24 87 26 38 60 59 33 4 48 98 94 40 1 91 60 69 4 56 17 13 35 57 16 64 88 4 96 41 49 23 7 26 36 71 62 53 7 30 66 51 39 42 92 63 52 4 16 68 97 16 20 29 64 62 72 47 48 67 52 17 19 27 12 81 2 42 30 98 21 60 52 62 94 30 21 92 54 84 38 27 57 59 16 87 88 52 19 34 83 7 8 19 21 26 95 14 25 47 78 96 83 84 59 21 98 27 36 20 82 29 66 19 22 54 80 42 87 88 59 76 78 27 68 14 62 20 17 68 89 35 45 81 98 62 29 93 55 66 85 92 58 45 74 93 24 39 63 18 22 87 70 55 74 59 68 69 66 6 55 54 9 85 19 4 15 29 12 100 76 21 71 33 14 67 22 14 6 69 3 73 53 64 99 59 38 28 55 84 36 31 14 4 6 33 51 84 86 58 23 4 94 67 79 30 22 32 81 72 11 4 66 11 53 34 68 62 54 91 93 94 50 51 25 21 97 80 31 6 ; 
L 57 -58 -30 -92 91 -27 -99 -79 -70 -12 18 -85 -6 9 94 39 74 -48 -26 -9 81 -3 -51 -53 57 -1 -45 -8 -8 -20 -45 -57 97 8 -81 -94 78 85 -95 30 26 87 6 -33 76 20 -52 -85 -59 41 48 2 82 9 -90 46 -4 2 -61 97 -69 78 -52 58 32 39 57 -75 52 -57 -71 -53 -86 -57 44 -98 6 -65 -64 71 35 86 -73 74 -80 -29 12 14 -60 -5 54 91 -97 19 52 -86 -36 -100 -10 50 21 39 16 -70 -32 16 77 17 71 20 -37 -43 45 36 21 -42 40 69 -11 32 11 -25 2 -5 20 17 50 64 8 87 -95 70 94 29 4 61 21 -85 -65 49 -42 17 3 -61 -93 89 46 12 -55 4 -9 -81 44 77 -89 23 55 -58 60 55 50 87 -79 -1 -19 40 -85 -57 -85 81 -100 -83 -76 -91 -73 94 48 -24 -51 -82 42 -88 -47 20 52 -29 -52 60 78 7 29 -86 -89 -26 69 -98 43 -93 -43 -79 35 74 -54 -11 -95 -49 15 50 -59 -52 -72 34 -87 17 40 19 57 -89 -77 5 -6 46 56 74 -73 48 66 -6 83 59 -61 51 81 91 51 -3 2 -85 22 52 2 -39 61 90 -69 -97 76 99 -33 -31 15 -4 -73 36 33 -72 -4 -72 94 -34 61 -39 -32 58 55 70 -87 94 -26 63 -34 99 53 -36 -67 -15 -44 -70 -55 -58 2 -11 73 -57 72 45 55 -43 100 -33 46 17 77 12 -18 -13 35 -43 -69 -80 -42 43 54 40 -32 -50 71 36 -98 -21 -30 3 -96 60 80 -59 83 -81 42 96 7 55 22 50 -84 23 -16 -18 82 79 98 3 96 56 97 -66 53 75 77 -69 62 10 20 79 65 -16 75 60 56 84 -24 16 54 54 -65 -38 73 93 -61 4 -49 40 25 2 -10 -33 -88 14 47 33 31 -68 -16 -85 88 -23 -7 -69 -1 -95 88 64 -49 -51 -59 -58 37 8 -64 -62 -64 -14 -84 -34 -15 -86 -2 37 43 47 54 -65 18 33 -69 6 28 42 -99 -81 91 21 16 93 99 23 42 62 -13 -49 -43 70 -59 -44 -88 37 -15 97 -76 -57 -80 52 -44 -65 7 88 66 -77 -25 -50 77 42 -97 95 81 10 -72 83 -32 -12 58 56 66 -53 -54 -14 60 -54 -16 -43 32 -53 32 -96 90 9 11 100 -52 -15 42 -63 -98 -39 5 -23 -69 19 -3 53 43 -60 23 9 -22 60 69 4 -63 35 44 -73 91 -25 -14 47 77 -27 18 -11 ; 
43:171 36:142 2:4 30:118 2:6 9:35 10:38 26:102 6:24 10:40 37:147 14:56 12:48 6:20 31:121 24:92 16:60 22:88 6:22 33:131 35:139 8:28 16:60 36:140 11:41 27:105 9:35 3:11 17:67 10:38 36:142 30:116 22:86 34:134 16:60 11:43 46:182 2:8 14:56 38:152 28:108 9:33 6:24 38:148 32:126 2:8 32:126 25:99 14:54 20:80 12:44 16:60 24:94 65:257 28:108 31:123 32:124 32:128 10:38 36:142 6:22 32:124 7:27 38:150 36:140 58:228 29:113 4:14 20:78 7:27 17:67 7:25 20:80 18:72 33:129 40:156 25:99 12:46 25:99 4:12 11:43 8:28 15:57 22:88 36:142 11:43 12:44 17:65 25:97 25:99 19:73 6:22 24:92 26:102 17:65 38:152 14:52 1:3 34:132 2:6 12:48 7:25 35:139 36:140 21:83 8:30 4:12 24:92 20:78 16:64 6:24 14:52 9:35 6:22 11:43 8:32 38:150 8:32 28:110 8:32 5:17 26:102 36:140 24:94 17:65 19:75 25:97 6:24 12:46 13:49 42:168 9:33 22:84 15:57 20:78 6:24 20:78 28:110 30:118 28:108 10:36 16:64 28:110 27:107 20:76 19:75 43:171 20:80 5:19 33:129 17:65 17:65 21:83 4:12 5:19 48:190 0:0 39:155 37:145 37:147 19:73 38:148 27:105 19:73 24:96 19:75 21:81 19:75 4:16 25:97 26:102 6:22 7:27 22:86 4:14 34:136 8:30 2:6 6:24 31:123 48:190 32:124 19:75 8:32 26:102 6:22 12:46 68:272 17:67 38:148 38:150 25:99 40:158 16:62 21:83 32:124 27:105 18:68 38:150 12:46 15:59 12:48 6:22 3:9 27:107 27:105 25:99 30:120 7:25 14:52 26:102 25:99 23:89 11:41 29:113 25:99 9:35 8:30 21:83 14:56 1:1 20:80 60:236 30:116 6:22 42:166 12:46 8:32 7:25 39:155 32:126 32:124 18:72 9:33 6:24 5:17 22:84 36:142 40:156 8:30 34:134 6:20 12:48 14:54 22:84 8:28 39:155 12:46 12:44 26:100 1:1 34:132 12:46 29:115 5:19 5:19 24:94 14:52 18:72 28:112 2:6 42:166 19:75 8:32 13:49 17:67 8:32 40:160 14:52 30:118 22:88 28:112 35:139 9:35 8:28 25:97 8:32 33:131 16:60 28:110 30:120 31:121 27:107 22:86 25:99 34:132 4:12 15:57 5:17 36:140 22:88 32:126 35:139 20:80 24:94 30:118 36:140 22:88 38:150 12:48 10:40 29:113 21:83 7:25 26:100 4:12 21:81 5:19 5:19 11:41 30:120 13:49 6:24 26:100 37:147 17:67 11:41 15:57 2:6 6:24 15:59 18:72 32:124 26:100 19:75 10:40 20:76 42:166 28:108 36:140 27:107 35:139 2:6 25:99 6:20 6:24 24:96 3:11 24:94 25:97 10:40 23:91 33:129 24:94 17:65 55:217 14:54 22:88 33:129 10:40 32:124 38:148 10:40 5:17 38:150 40:156 18:72 12:48 36:142 38:148 19:75 38:148 15:57 10:36 10:38 32:126 4:16 38:150 5:17 44:174 19:73 8:30 7:27 22:86 12:48 21:83 3:9 24:94 11:43 4:16 24:92 2:4 5:17 3:11 16:60 20:80 2:4 9:33 8:30 4:12 3:11 7:25 13:51 18:72 24:94 21:81 2:8 16:64 1:1 13:49 13:51 40:156 4:14 27:107 34:136 26:102 15:57 9:35 30:116 2:4 28:110 3:9 15:59 11:41 18:70 1:3 25:99 20:76 23:89 3:9 12:46 30:120 10:38 19:73 7:25 5:17 38:150 18:70 13:49 22:86 42:164 13:51 4:12 34:132 12:48 2:6 13:49 10:38 12:48 23:89 19:75 14:56 11:41 15:59 10:36 4:16 6:22 38:148 27:107 10:36 49:193 22:84 3:11 30:120 4:16 34:134 3:11 10:38 23:89 7:27 6:20 14:56 23:91 7:25 34:132 44:176 14:56 30:116 3:9 40:156 11:43 22:84 53:211 40:160 26:102 6:24 10:38 36:144 35:139 6:24 4:14 17:67 48:190 39:153 36:144 9:33 14:56 21:83 23:91 19:73 28:108 40:158 51:203 13:49 26:100 8:28 2:8 38:152 18:70 13:49 3:9 ; 
L 51 -10 -82 52 -51 -36 2 19 -12 95 45 -76 -6 76 -37 28 -45 -97 -98 72 -24 80 -24 91 100 -52 -82 54 82 1 -70 67 100 23 61 15 46 72 -37 -54 -74 46 53 72 -51 54 51 75 19 25 -31 43 58 27 -68 20 -69 -61 36 -76 8 90 -26 93 5 -74 -73 -15 90 -94 -94 11 -48 53 95 -54 99 77 -88 97 -85 -4 27 -14 83 -45 -73 21 -28 -14 -41 31 29 -58 -81 44 39 -79 51 -23 88 99 -52 -97 -90 -40 -47 44 46 86 -73 -32 71 -88 -19 -59 73 90 -98 5 -39 65 94 -2 38 -31 76 -96 7 -42 -100 21 63 -64 -91 -76 -47 -90 -10 40 -44 18 53 -35 52 63 38 1 -68 56 40 51 -26 18 -25 81 25 9 82 -98 47 -45 58 5 -66 54 -7 89 88 -43 -69 45 -41 92 38 36 30 18 84 4 -70 -74 99 86 39 62 46 37 38 62 99 9 88 -95 -19 53 68 98 12 -13 36 19 -100 -79 -43 -21 26 -60 40 28 -21 -12 -82 42 -60 69 -19 -81 -55 6 -98 -47 52 -5 77 -51 -99 -30 40 -56 -18 -24 15 79 75 -28 -9 -51 -77 6 29 -28 -25 7 -13 -12 -63 -21 21 87 67 -90 -21 75 -64 -97 37 87 85 -18 -10 73 61 -65 -15 -19 -96 -56 -43 15 42 4 -23 97 98 -3 -87 -38 80 -60 -30 -88 81 91 -76 22 79 100 57 -32 14 51 -91 12 96 22 91 -65 79 65 42 45 30 -1 -2 78 24 12 58 -16 62 -20 85 -29 70 40 19 33 23 -42 -21 -8 55 -46 -36 -71 -79 71 88 -82 -24 30 -61 -42 -5 -12 11 -12 -12 30 56 60 -36 62 -62 73 -53 10 -65 12 57 47 16 -85 5 92 99 -90 -18 90 -30 -15 46 78 49 -26 92 11 66 -46 -77 30 -77 12 53 82 -88 -98 62 52 -13 31 78 33 -82 71 -11 51 70 -90 62 76 -66 -9 90 22 -96 -1 90 -15 52 23 -97 -60 28 55 -78 -9 62 -37 -74 -83 -60 -4 46 -7 -70 48 73 49 -5 55 44 28 40 -97 -55 69 17 -69 -18 -15 -32 70 -39 85 -15 54 -32 -71 -21 67 3 61 53 41 -85 95 49 35 -47 55 -76 -26 67 -49 35 43 -20 9 -35 -78 87 -58 -17 99 -31 47 -43 29 74 42 -44 75 5 -2 65 10 16 63 -34 66 34 -43 11 -59 -77 -62 37 45 -80 -75 -41 33 73 90 -48 -86 -46 11 ; 
8 71 28 68 8 41 95 7 56 2 68 83 56 76 8 95 77 33 99 77 58 85 73 65 25 97 87 96 97 34 22 58 15 34 36 95 90 16 98 81 22 4 23 21 56 87 2 40 24 78 11 67 79 75 35 47 84 25 60 40 52 85 43 32 9 30 31 22 88 26 34 56 72 96 45 96 89 67 27 14 47 19 91 39 63 30 39 52 98 66 34 33 2 88 11 64 11 43 20 27 93 28 20 41 84 49 60 98 77 61 31 32 58 36 63 76 36 8 6 68 78 4 68 80 74 42 56 46 20 40 94 85 80 47 35 98 78 81 8 69 51 85 79 17 9 78 34 82 32 26 8 97 37 66 55 49 28 78 23 61 55 50 89 18 97 66 40 75 75 63 53 90 40 36 25 76 21 50 6 58 57 96 72 2 21 20 58 64 85 33 61 5 78 77 1 85 2 93 31 31 27 49 87 1 97 64 89 65 45 24 74 16 82 84 25 30 1 75 21 8 43 21 8 1 92 88 57 35 1 24 94 65 37 72 73 2 65 35 91 93 17 42 62 53 48 62 21 64 76 12 41 68 73 39 87 20 41 31 10 87 58 38 51 44 15 59 43 84 92 97 21 31 13 15 49 5 66 35 87 60 46 6 92 33 85 24 55 91 63 74 11 73 72 47 90 1 22 55 94 11 63 92 72 60 40 25 47 1 41 21 5 11 63 40 10 49 29 33 40 81 92 77 74 67 8 85 37 22 20 85 8 20 43 4 20 8 22 31 32 20 47 52 42 95 23 11 97 80 55 56 5 65 93 57 1 5 70 90 49 59 86 26 100 64 100 48 81 11 99 3 23 96 38 92 62 18 55 49 99 75 51 17 45 77 16 84 83 93 61 64 62 27 27 26 1 78 72 81 68 29 17 56 38 28 93 94 42 28 85 58 17 84 2 61 7 20 95 63 46 52 27 28 71 55 73 42 85 80 97 35 83 11 13 67 93 83 42 76 21 39 53 33 61 2 31 66 55 87 20 74 7 8 68 84 2 31 42 86 15 51 83 16 1 98 9 20 79 94 77 45 29 69 9 39 6 71 44 55 56 19 41 68 47 42 81 93 64 67 3 54 35 35 38 85 12 25 10 88 67 86 36 ; 
L 51 91 64 -63 -21 100 12 -11 -12 33 73 29 41 -14 83 2 74 -24 99 -31 47 -30 40 88 3 61 53 4 -23 -89 7 -86 -99 30 -90 18 90 -99 -92 -5 85 19 -100 -54 15 -85 92 11 66 -76 93 -21 67 75 19 -9 62 -47 98 -82 -99 -88 -6 77 51 9 28 31 -85 -38 65 94 -97 70 62 78 49 -26 39 -70 36 82 -5 -26 21 43 30 -35 54 -70 15 -90 1 96 -22 63 12 13 -48 12 96 22 -75 95 47 -36 -4 -84 97 -23 -52 -53 35 -47 59 86 -28 -40 60 77 51 -72 75 -90 -26 -26 -38 -63 -52 -38 -55 -60 -73 -46 -25 97 98 -12 -87 78 35 -9 81 69 -20 -77 45 -28 37 -18 26 -90 -21 75 -68 -53 19 95 -88 -9 -99 -45 -73 21 -82 -53 87 -68 55 -46 -77 30 -77 12 -36 61 61 -65 -15 -5 55 38 -79 -71 30 -53 10 20 -18 -44 18 -49 -95 87 3 -90 9 66 -17 62 -46 74 -94 -94 -5 98 41 14 62 -73 62 2 19 -58 -17 76 -69 -18 -90 -59 73 -90 -8 92 -72 98 97 -15 10 18 -85 -87 -37 97 -44 88 46 72 -37 -54 -90 15 73 74 -88 81 91 -76 22 -46 -62 -58 -21 79 56 36 -16 -47 62 78 -6 82 52 -100 -91 24 -19 -10 34 -63 -16 -10 -65 2 -4 27 -53 43 -80 91 -65 79 65 42 45 30 -1 -5 29 74 42 -99 54 -15 6 76 -73 -91 -66 77 -88 97 -52 -56 73 51 -52 -51 -23 -33 -19 20 70 79 -1 -82 40 85 5 86 -36 41 -45 44 54 42 61 -14 32 -57 -100 -48 -62 12 -25 76 -10 37 45 -39 28 -29 23 -51 21 -76 37 -45 100 23 61 15 43 47 40 90 67 98 16 -34 -66 40 -76 -32 28 -55 -28 51 54 51 90 -7 25 -44 81 58 -29 -96 7 -42 -12 36 46 -55 8 21 42 -40 47 98 24 70 71 79 -32 -71 48 -11 -39 80 -60 -30 -30 24 82 -88 -71 7 -46 -64 15 74 -27 -58 -43 -45 -95 -9 -76 31 -53 75 5 85 -33 -78 -31 13 -60 -4 82 78 -69 -11 51 70 -90 28 15 42 65 -56 -18 13 -2 -98 -51 52 -58 -67 12 43 99 31 -41 62 52 19 -69 55 97 -40 5 -25 -49 60 -43 -46 -44 42 -60 49 -24 80 88 -71 32 -12 -35 69 -19 -81 -67 1 -68 57 -38 -37 21 -79 -12 -82 56 96 83 39 -43 11 -46 11 ; 
4:12 13:49 14:56 19:75 32:128 34:136 20:78 13:49 14:52 2:4 5:19 18:70 26:104 3:9 26:100 12:48 34:132 8:32 6:22 32:126 38:150 35:137 1:1 10:38 3:11 1:3 13:49 32:126 6:20 9:33 30:120 21:81 1:3 39:155 35:137 24:94 20:78 36:144 28:112 2:8 1:1 20:76 35:139 3:11 31:121 17:67 48:188 5:17 40:158 12:48 30:120 3:9 14:52 37:145 10:38 28:108 34:136 20:76 22:88 25:97 10:36 12:44 21:81 38:148 37:145 14:56 26:104 6:22 23:91 33:131 24:94 28:108 47:187 44:174 24:94 17:65 40:160 20:76 19:73 38:148 33:131 25:99 0:0 45:179 36:142 26:102 26:100 20:78 15:59 26:104 9:33 12:46 28:108 33:129 29:115 19:73 9:33 25:99 7:27 30:116 36:144 1:1 15:59 45:179 2:8 18:68 38:148 24:92 12:46 16:60 23:89 5:19 8:32 3:11 8:32 47:185 19:75 10:38 18:72 18:72 40:156 23:89 31:123 2:8 15:59 17:65 28:110 14:54 32:124 6:24 3:9 23:91 13:51 44:176 36:142 15:57 20:78 3:11 23:89 1:1 7:25 34:132 11:43 15:57 34:134 6:22 10:38 31:123 38:152 2:6 27:105 26:104 30:116 16:62 14:54 1:3 34:136 1:1 31:123 32:124 2:8 24:94 16:62 21:83 46:184 8:28 6:20 10:36 34:136 17:65 10:36 39:153 16:60 37:147 37:147 24:96 19:73 18:70 6:24 21:81 12:44 8:30 10:38 25:99 18:68 21:81 32:128 29:115 2:8 29:115 34:136 54:212 8:32 16:64 27:105 23:91 1:1 11:41 16:64 5:19 31:121 2:6 3:11 14:54 50:200 28:108 9:35 14:54 24:94 52:208 5:17 13:49 3:11 35:139 4:14 11:41 9:35 34:132 35:139 14:52 15:57 6:22 34:136 44:172 10:36 31:123 40:158 21:81 18:70 24:92 35:139 4:16 13:49 17:65 28:110 18:70 45:179 7:25 40:156 33:129 17:65 36:140 9:35 13:49 12:46 37:147 14:52 34:136 10:38 19:73 24:92 5:19 26:100 23:91 16:62 26:100 24:92 38:148 31:123 11:43 3:11 9:33 35:139 39:155 10:40 26:104 26:102 21:81 31:121 17:65 8:30 23:89 22:88 18:70 10:40 37:145 2:6 13:49 2:4 8:32 22:88 38:150 5:17 26:100 37:147 29:115 24:96 7:27 12:44 12:46 28:110 28:108 36:142 39:153 20:78 23:89 35:139 45:179 10:36 11:41 11:43 6:22 21:83 4:14 16:60 6:20 4:12 17:67 22:86 16:64 14:52 30:116 17:67 24:96 15:59 14:54 33:129 8:30 21:83 45:177 24:94 9:33 16:64 42:164 20:76 16:60 2:6 15:57 5:17 30:118 26:100 30:120 13:51 12:48 10:40 27:105 56:220 13:51 22:86 28:110 7:27 17:67 24:94 11:43 16:62 4:14 6:24 24:96 32:124 14:54 15:57 38:152 8:30 25:99 24:96 20:78 24:94 53:209 3:9 20:80 19:75 25:97 5:19 16:64 4:12 20:78 38:150 26:102 31:123 1:3 10:36 17:65 22:84 23:89 26:102 5:17 36:140 9:35 8:32 16:64 31:123 37:147 4:12 27:107 30:118 31:123 37:147 50:198 3:11 9:33 34:132 6:22 9:35 19:75 6:24 16:62 52:206 29:115 4:14 13:51 24:96 19:73 13:49 8:32 4:12 34:136 8:32 23:91 8:32 15:57 26:104 1:1 26:104 30:120 32:126 18:70 28:108 14:54 10:36 23:89 14:56 9:33 3:9 26:104 5:19 31:123 18:72 7:27 17:67 25:97 21:83 16:60 29:115 28:112 38:148 25:97 26:102 28:110 38:150 9:33 9:33 36:142 38:150 17:65 19:73 53:209 13:51 8:30 5:17 11:41 18:72 16:64 11:41 34:134 7:25 38:152 30:120 6:22 44:172 32:128 34:136 17:67 16:62 30:120 5:17 30:116 6:24 43:171 31:123 75:297 10:40 1:1 35:139 34:136 29:115 15:57 24:92 4:12 9:33 29:113 1:1 30:120 8:30 6:24 13:51 7:27 9:33 34:136 28:112 48:188 8:30 33:131 11:41 34:134 16:64 7:25 9:33 33:129 18:70 35:137 15:57 ; 
L -51 -71 -87 85 93 -19 59 56 4 -63 -71 88 -86 -92 84 94 -71 -77 -19 -32 47 99 -1 -40 -46 69 -50 -44 -98 32 69 44 -93 68 -94 29 -96 -43 42 65 97 -87 -25 17 -20 53 33 -24 -51 -67 -46 -73 -23 -52 22 65 -67 -24 11 -4 -38 24 5 -52 -40 -35 14 -81 -42 -27 -64 6 -37 62 -31 -58 -46 -98 22 55 94 44 -75 66 50 -79 -95 -33 82 -21 21 -51 83 61 97 -11 23 -13 -73 46 -57 50 17 -71 72 -5 -12 -15 -63 -27 44 -77 6 -37 -28 -27 51 -31 -28 -8 6 -88 11 -63 63 5 64 46 -57 58 76 -24 34 -71 41 -88 -95 -73 -73 -37 10 -66 -90 43 46 31 87 55 85 73 48 -36 -59 -31 23 -58 -84 72 -36 28 -98 -20 -64 86 -73 -53 77 40 -73 -88 28 -69 100 -75 10 -8 -34 66 -30 45 -38 20 -55 24 29 16 80 66 44 -96 -40 91 -27 56 -32 -46 21 -37 -45 -50 -27 7 -65 95 36 58 26 42 -50 -84 -46 46 -33 -77 79 55 -45 -48 -88 -34 -4 28 -8 81 -60 -1 -40 -31 60 25 -75 -25 -3 -55 75 39 -4 -62 -48 -9 -30 -69 72 98 21 77 79 44 62 75 93 -97 -49 97 -33 -67 35 -22 -94 -72 62 -7 -27 14 37 18 -11 -87 -65 -95 65 -40 -28 -32 86 -63 -82 -73 27 26 92 -63 -84 27 -88 19 18 -10 30 79 13 99 8 50 -97 94 -26 -84 -37 -35 -28 -35 74 -55 47 -49 35 89 22 92 78 -18 32 3 7 -66 -91 39 56 81 40 86 34 -24 -86 -57 -59 77 46 89 -36 -55 41 47 55 17 90 -75 -39 -69 -23 89 91 -33 -67 -69 43 -7 35 76 94 59 -64 56 23 18 19 99 -97 99 55 70 -75 88 -40 -5 -37 -38 84 -19 4 -51 -52 51 11 -62 -59 -43 -100 93 -32 16 34 69 81 -8 -63 57 1 -69 -74 67 -6 22 -5 15 34 -74 27 -58 -63 -35 -100 66 -56 24 19 -91 40 -85 -97 13 94 59 -45 73 54 -92 -37 60 17 98 59 -53 -4 4 -95 24 79 -78 -38 78 -61 36 -15 -81 21 8 -10 80 56 -62 76 71 43 -54 36 -44 -23 8 94 -90 -55 45 -52 -49 5 72 -59 22 47 -68 -89 -44 5 -73 -21 64 89 -36 17 -69 -10 -22 -41 -37 -40 44 73 26 -37 4 76 95 77 23 -20 47 35 -47 8 49 58 -7 -49 -44 -89 -46 83 -40 ; 
19 23 59 55 76 56 42 83 62 93 54 7 52 18 4 58 10 60 22 36 48 31 72 64 90 86 38 66 9 86 11 25 7 100 69 98 77 93 66 76 73 78 12 35 60 24 81 9 12 4 71 93 7 30 26 28 33 87 53 25 21 57 60 25 55 72 53 15 47 41 61 34 14 4 80 59 21 43 73 63 16 79 10 2 50 92 91 69 27 43 97 70 31 77 51 41 53 58 16 65 80 64 18 93 43 62 84 69 74 27 54 8 86 76 74 98 100 29 35 32 56 56 22 74 50 73 22 15 47 18 51 94 18 67 99 43 55 10 6 12 11 53 84 55 22 77 73 22 67 95 96 13 66 66 38 19 63 36 33 22 24 71 100 6 54 61 74 14 11 7 97 46 2 97 25 98 3 15 55 67 80 14 26 78 31 18 60 82 88 83 44 71 50 76 76 7 17 51 43 29 68 54 8 35 7 28 27 46 94 58 25 13 47 70 39 88 35 71 44 63 74 31 36 61 1 56 43 83 49 60 19 86 25 56 29 43 1 37 3 98 7 69 41 63 32 8 89 54 92 82 67 40 45 37 62 15 71 1 80 2 33 26 26 68 10 70 41 23 37 77 91 35 83 2 75 16 28 63 55 14 47 42 2 98 78 27 27 25 74 54 51 2 42 46 36 7 21 62 62 71 52 42 7 9 92 23 10 33 75 16 34 16 62 1 94 44 60 88 87 31 67 1 13 85 42 93 86 45 38 100 61 81 69 81 58 54 16 24 6 11 13 37 1 27 54 6 26 87 83 51 21 80 3 59 39 32 3 17 94 12 92 24 90 92 28 57 3 41 82 6 35 32 78 54 57 27 7 37 79 90 41 54 99 46 22 60 98 40 6 75 53 63 29 73 19 74 94 14 2 86 4 92 3 72 33 72 1 76 30 51 97 13 79 1 8 84 60 84 62 66 91 31 53 37 34 67 9 21 92 34 13 42 24 67 36 73 53 38 57 89 10 98 87 43 73 11 69 18 39 80 20 31 76 7 19 13 73 65 20 22 55 22 58 97 92 87 81 15 64 64 79 3 39 33 67 39 8 13 75 55 11 16 19 89 96 52 24 32 86 83 10 6 47 92 86 32 21 19 4 67 87 ; 
L 88 -71 72 -5 -66 -91 73 12 41 47 -71 -42 48 62 4 -39 -75 55 3 25 75 -25 -60 31 36 -72 84 -69 63 5 64 46 5 -68 93 -44 -69 75 -100 69 -53 -85 -55 -87 -31 -46 -43 -19 34 37 -4 -56 -59 -45 30 -70 -55 -99 7 -98 99 -97 -3 -32 18 -78 -23 -50 -31 -58 57 86 90 -75 -51 -71 -91 -89 -99 46 -48 100 35 63 58 10 -8 -21 81 15 -77 -19 55 -37 -35 -10 -20 -77 18 19 5 22 -35 67 33 -97 49 -94 -84 64 27 42 -67 63 8 -81 -27 44 -77 44 62 28 14 -94 76 71 43 -54 36 -77 -82 27 26 -6 40 13 -17 -55 34 8 -10 20 98 -59 21 -37 -45 65 -40 45 18 -11 -95 -73 -53 62 -1 -40 -67 -39 27 80 -87 -65 -95 -32 46 67 51 24 73 26 94 -90 -55 -27 56 -15 5 -11 -36 -59 -31 23 -58 39 38 -55 59 -72 62 95 -87 -25 51 -31 -46 73 7 65 24 -34 -86 -40 -81 -56 -46 46 71 5 -79 -95 -33 97 -50 -8 -15 -28 17 48 -28 -32 86 -73 -32 -18 8 -56 88 -41 84 50 -46 46 89 -36 78 -79 -93 -97 -65 37 -6 92 86 -64 -98 -33 -69 74 -55 47 -49 44 -4 4 -95 24 -81 -65 50 -14 35 -40 -77 73 -41 -30 -64 86 -63 96 46 -73 -88 11 -63 -71 88 -59 77 -98 22 -20 38 69 -33 -44 -44 40 37 -59 -94 -76 -35 -24 38 4 -20 47 35 -47 -19 -8 23 -56 24 24 -93 22 -27 7 62 -97 17 63 -45 73 54 58 -52 -40 -92 -37 60 21 77 79 6 21 -51 83 -37 4 23 -11 -79 -30 10 -87 85 96 -59 -43 57 44 82 -21 -74 67 -28 -35 -37 -28 -27 66 -75 88 -28 -8 -5 -37 -93 100 -49 -76 -94 -73 53 33 75 52 23 -69 94 -73 -21 64 89 -36 17 72 98 -19 -50 -44 56 97 85 -40 22 10 29 16 80 66 1 -99 -47 32 -55 24 29 -94 73 -34 -4 -66 91 90 66 6 69 -40 91 45 -52 -49 -69 -34 -16 32 13 -23 49 62 57 76 95 -92 -22 -89 -35 92 -63 -84 27 -88 -69 46 78 -61 36 11 -97 -61 43 -7 -51 52 51 -4 81 -60 7 -17 34 -74 42 9 43 36 -28 88 -40 89 55 -37 -26 -84 94 44 -75 66 57 1 -63 -23 58 89 44 -22 -26 -68 -79 27 -38 84 -19 8 58 22 47 59 -72 -50 -24 13 83 -40 ; 
12:46 14:56 18:68 25:99 18:72 24:96 24:94 23:89 34:132 33:129 6:20 20:78 20:78 2:4 15:59 1:1 18:68 12:46 23:89 10:40 35:137 8:30 24:96 20:78 46:184 14:52 15:57 26:102 11:41 30:116 9:35 6:24 39:153 21:83 40:160 3:11 10:40 9:35 39:155 1:3 7:27 25:99 27:107 9:35 30:116 31:123 9:35 46:180 2:6 14:54 9:35 25:99 34:132 30:116 27:107 25:99 10:38 37:147 14:52 13:49 16:62 38:150 30:116 1:1 25:99 7:25 8:32 2:6 6:22 24:94 25:97 38:148 6:22 10:38 16:62 10:36 19:75 1:1 26:100 1:3 8:30 22:84 2:4 37:147 2:6 32:128 23:91 16:60 22:84 30:116 18:72 9:35 10:40 4:12 29:113 16:60 19:75 14:54 42:164 2:4 13:51 17:65 1:1 29:113 6:24 25:99 15:59 25:99 24:92 10:40 25:97 17:65 24:96 16:60 40:156 24:96 25:99 22:86 4:12 26:104 37:147 26:104 37:145 7:27 5:17 18:68 30:116 5:17 28:110 6:22 19:75 3:11 6:22 8:28 21:83 8:32 21:83 22:86 10:38 2:4 40:156 18:68 29:113 21:83 7:25 21:81 18:68 9:35 14:56 23:91 24:94 17:65 10:36 4:16 15:57 8:30 14:56 18:68 5:19 6:24 4:14 38:152 4:14 15:59 31:123 38:150 28:108 29:113 2:6 5:19 6:22 22:88 16:64 13:49 31:121 13:49 31:121 21:83 30:118 6:22 5:19 27:105 27:105 16:60 8:30 4:16 13:51 7:27 37:145 3:9 14:52 6:22 14:52 5:19 45:179 12:46 2:8 26:104 10:36 19:75 14:56 34:136 6:20 1:1 27:107 13:49 16:60 6:20 30:116 17:65 24:92 37:145 28:110 18:70 15:57 19:73 44:174 15:59 24:94 41:163 39:155 1:3 16:62 22:86 21:83 23:89 11:43 58:230 23:89 18:68 21:81 24:92 10:40 16:60 40:160 25:97 31:123 14:54 50:200 34:136 30:116 12:46 6:22 6:20 8:28 18:70 11:41 18:72 29:115 22:84 4:14 37:147 10:36 42:166 28:110 27:107 4:14 9:33 15:57 8:32 20:80 13:51 22:84 6:22 6:22 43:171 25:97 29:115 25:97 17:67 7:25 11:41 22:88 3:9 1:3 9:35 18:72 22:86 3:11 32:128 18:72 18:68 30:116 8:32 6:22 2:4 35:139 30:118 30:116 6:20 4:12 4:14 32:128 9:33 21:81 32:126 23:91 9:33 10:40 13:51 35:137 34:132 4:16 16:62 32:128 4:16 29:115 6:24 10:36 16:64 19:73 22:86 35:137 19:73 11:41 15:57 7:27 34:134 24:96 27:105 12:44 22:88 13:51 25:99 27:105 2:8 4:12 36:142 30:120 5:19 28:112 13:49 15:57 7:25 19:73 10:38 11:43 22:86 30:118 20:78 22:88 31:121 15:57 15:59 23:91 18:68 29:113 10:38 14:56 26:100 53:211 17:67 54:212 30:118 40:156 11:41 34:132 37:147 58:228 13:51 25:97 2:4 24:92 36:144 16:62 10:40 35:139 2:4 7:25 33:129 27:105 22:84 12:48 12:48 44:174 42:166 33:129 6:24 26:102 26:102 32:126 5:17 26:100 10:40 25:99 27:105 17:67 12:44 39:155 21:81 28:108 14:52 7:27 8:28 24:96 33:131 20:78 29:115 13:49 20:76 32:128 32:124 17:67 10:38 29:115 14:52 30:118 17:65 34:132 8:28 34:134 10:38 12:44 26:100 29:113 11:41 8:30 6:20 16:64 19:73 40:158 22:86 9:33 24:92 6:24 35:137 52:208 23:89 36:142 16:62 7:25 30:120 14:52 20:80 17:67 1:3 40:156 32:124 17:65 35:137 13:49 10:38 27:107 23:91 17:65 21:81 11:43 35:139 13:51 22:86 32:124 13:51 29:115 1:1 40:158 43:169 74:296 6:22 12:46 5:17 46:184 26:102 19:73 39:155 20:78 58:232 34:134 19:73 6:22 25:99 28:112 32:126 4:16 1:3 17:65 3:9 18:70 15:59 20:78 22:84 9:33 8:32 14:54 14:56 25:99 21:81 9:35 33:131 3:9 10:38 21:81 10:40 22:88 5:17 8:32 40:158 40:156 31:123 2:6 27:107 35:139 ; 
L -87 26 -94 17 72 -60 -92 97 11 -43 90 -37 53 -83 24 -41 74 -28 -96 11 78 54 -11 -19 80 -9 -12 -19 15 -75 -50 73 30 -58 98 42 3 67 17 -54 100 -61 -12 22 -59 -22 -21 -27 -10 53 -90 92 99 -10 22 -64 -78 -6 45 -87 -25 -38 -45 64 79 -81 -92 -45 -5 24 70 60 86 -33 68 -30 64 1 -57 -93 -24 -32 33 -80 -88 34 -97 31 39 -68 50 -43 -92 80 -81 -48 -63 63 -16 -47 -46 -16 -58 8 -74 -100 60 21 -12 67 -91 -66 -81 -93 42 -32 -46 -95 66 94 -61 84 45 -66 36 -66 34 -36 27 72 58 34 96 37 -89 -14 -34 70 -72 25 -35 65 -33 35 -18 -82 -10 -57 88 43 48 15 43 90 -73 95 62 73 58 64 34 100 71 79 26 45 -36 -39 -91 -79 31 10 -38 -35 23 -28 90 -80 94 36 -24 11 -68 93 80 66 55 -69 -58 -71 -32 -62 -46 62 -54 -10 -40 41 4 -95 -37 -63 -31 -12 86 66 79 -39 4 44 4 -60 -19 84 72 -71 -31 -7 15 55 -11 -54 89 -30 48 94 94 -35 -91 60 -20 49 -33 69 12 -13 38 -88 18 -27 75 -85 -55 23 10 68 53 59 41 56 -79 37 1 34 -41 -41 10 37 9 93 81 -8 80 -93 27 -92 -68 -33 -56 -25 -32 35 -26 -93 -69 81 -50 -43 91 -97 75 33 55 53 -23 43 -4 -82 -38 17 -23 26 -9 -59 83 35 6 70 -20 58 -92 -20 -35 100 15 13 20 57 25 100 89 -5 4 -72 -55 -43 38 81 47 8 100 -39 93 -75 -87 -41 -52 -20 -71 -34 25 82 3 31 33 20 -54 53 -12 -27 65 64 9 -85 -82 -29 -88 59 58 -25 -81 -26 6 -20 -37 -28 -30 76 63 20 -46 23 56 85 -84 81 -73 68 -39 11 20 16 -84 77 -66 44 -56 60 -87 -21 69 -47 41 -3 -39 -64 8 -92 -31 -73 -80 -37 -47 47 -65 75 -66 -1 24 -41 4 3 63 28 -49 86 -44 -30 38 -14 28 -3 62 -97 31 9 58 -68 -60 78 -79 -95 19 -85 -17 -24 -21 -22 -48 100 68 93 28 38 87 59 83 78 11 -3 5 14 -3 -41 -44 67 -43 45 6 58 -64 -96 -48 87 -32 -49 16 52 -82 -69 46 -7 31 5 63 88 24 20 -66 27 94 91 87 -9 -81 60 53 -46 -82 48 -70 -57 -7 -84 85 45 -47 -44 -11 8 9 20 64 11 80 96 -1 -34 -27 -44 ; 
16 88 98 65 53 59 78 18 66 50 39 73 24 14 36 9 82 59 16 48 39 63 6 95 67 70 90 76 88 83 15 92 97 87 27 60 78 51 76 97 74 74 37 52 19 31 49 50 50 47 76 33 86 67 12 97 26 100 96 72 35 34 39 53 61 93 11 68 17 77 48 62 29 84 73 55 24 90 18 74 25 53 48 22 4 2 80 7 10 32 11 44 100 27 93 74 94 97 90 3 20 45 66 70 50 57 3 50 54 16 2 50 35 100 34 63 92 29 77 79 57 1 35 26 50 82 30 12 50 17 18 94 87 64 32 2 49 45 39 59 60 26 87 35 52 28 26 24 62 40 13 35 53 3 93 72 67 66 41 16 96 75 40 47 53 9 27 8 57 63 79 99 52 83 47 88 9 14 9 75 56 14 89 26 10 82 67 73 26 74 46 16 43 73 74 42 22 88 31 6 53 33 86 7 79 55 84 17 40 56 48 20 77 35 79 13 52 52 83 12 63 10 56 1 99 85 33 59 64 45 91 39 64 36 27 43 81 47 22 21 73 97 51 75 100 22 74 54 78 4 43 42 92 13 30 57 82 4 93 59 39 41 18 24 55 46 45 62 97 71 85 8 56 54 56 42 3 92 78 67 84 23 68 77 26 63 61 8 81 84 71 41 35 99 19 10 57 26 13 63 52 41 91 79 86 30 15 62 48 13 59 15 13 61 37 55 46 93 2 44 82 36 70 8 3 68 18 39 3 71 43 100 68 82 14 1 21 28 77 89 90 61 81 28 84 55 91 14 90 67 60 73 51 75 42 63 65 28 95 53 91 7 22 47 92 100 47 43 60 74 76 83 49 70 9 12 70 14 48 4 25 63 26 83 56 62 82 61 74 56 50 64 88 81 5 66 17 95 64 88 98 8 84 47 27 20 57 47 59 68 46 52 17 84 76 94 40 71 77 41 7 52 24 79 62 87 78 100 29 2 17 61 15 84 71 12 68 5 51 60 40 37 53 62 92 63 59 12 17 17 46 6 27 51 90 48 27 88 99 91 8 20 67 49 85 26 15 44 75 18 48 81 5 24 35 15 50 43 83 11 83 49 56 21 39 42 90 62 57 12 49 98 42 55 6 51 47 88 17 50 77 ; 
L -87 26 26 -98 58 -30 -73 -58 49 -33 -5 87 63 88 60 31 92 -8 87 -9 -81 -44 -30 94 -35 -91 60 -4 -69 17 -23 26 -34 -1 -53 54 46 -7 31 -49 81 -80 92 43 -50 -81 -26 38 -10 30 -89 27 93 95 46 -4 -24 1 66 -29 -88 59 58 -80 -93 68 -11 24 75 61 -100 54 -17 47 -97 75 59 36 -80 -37 54 -62 -9 -4 -44 87 -22 -73 68 -39 11 20 16 100 71 79 -3 -41 -44 24 40 10 -21 -27 70 -72 18 -68 -100 -70 31 33 -93 41 -67 -3 -42 23 10 87 31 64 -58 18 -35 -9 64 -91 45 92 -65 27 68 11 -15 7 -33 -93 27 -92 -68 -33 81 -8 -5 -93 -95 73 37 -20 64 83 -58 8 35 -39 -31 -72 -27 -20 60 86 24 20 -66 27 94 91 64 39 49 82 -90 28 -23 72 9 41 -80 15 -75 -50 -68 -79 31 48 94 38 -43 85 8 100 -88 25 -35 65 14 89 -20 57 -1 -64 -79 -66 -86 12 -38 -60 60 28 48 22 21 -25 -3 -12 -60 100 74 -17 94 47 -84 81 -30 76 63 90 72 -71 -62 -72 -55 -43 93 -75 20 52 41 -4 -78 66 91 -67 12 -21 -80 -11 -35 -92 -33 -82 -28 66 94 -61 23 -84 46 85 -9 -64 34 -69 21 87 -55 -97 -86 3 66 59 -47 47 19 12 -20 -19 80 -94 80 -3 -82 -25 34 71 -10 32 97 58 69 -55 -66 24 17 85 96 37 69 90 -53 10 34 55 38 43 90 -81 88 -78 16 46 -99 -92 -36 -39 79 22 59 12 -13 38 36 84 7 -37 -64 -78 -6 45 -87 -25 -38 -67 -35 68 -54 43 48 -83 24 -41 74 -28 -96 11 84 -34 54 11 -43 -39 32 -42 20 41 -28 -63 -3 31 63 6 36 82 -20 43 -11 45 69 38 81 -14 -5 34 -12 50 -81 20 57 25 100 25 56 -93 -9 -37 -10 41 -39 -70 -24 -79 -95 19 -85 -60 56 -44 66 -77 79 -56 -41 -65 31 73 58 46 62 32 -14 28 -3 62 -71 85 45 -47 -44 -11 -6 -45 37 95 -4 75 -34 66 73 53 -46 -82 48 -70 -47 41 45 33 55 53 -23 43 -10 -57 22 -15 -53 37 -84 19 60 -8 9 93 -56 45 -53 -68 63 48 16 52 -82 1 20 92 91 16 -63 58 64 6 26 -35 32 89 -5 4 -96 -96 -48 97 -34 88 80 -33 32 57 -13 -15 -100 -11 -78 -83 -59 -81 -30 -58 -27 -44 ; 
7:25 36:140 12:48 23:89 11:43 35:139 39:155 28:112 2:4 26:102 24:94 14:56 7:25 11:41 4:14 30:116 30:118 25:97 8:30 10:38 14:56 21:83 19:75 23:89 24:94 26:102 18:72 40:156 13:51 53:211 29:113 17:65 10:36 6:20 27:105 12:44 9:33 8:32 27:107 8:32 24:92 38:148 11:43 40:160 18:70 21:83 30:116 22:84 21:83 24:96 1:1 2:8 16:60 32:128 12:46 21:81 18:72 26:102 38:152 18:72 37:145 6:22 36:144 21:83 4:16 11:41 36:142 6:22 28:112 13:51 30:118 30:118 39:155 10:40 2:6 34:134 16:60 45:177 40:158 26:102 40:156 30:118 41:161 18:68 20:76 41:163 29:113 12:44 18:68 24:96 30:118 31:121 34:132 39:155 16:64 19:75 42:168 25:99 37:147 14:56 33:129 9:35 50:198 20:80 34:136 16:62 30:118 18:70 7:27 7:25 18:68 6:22 24:94 13:51 20:80 21:81 32:124 31:123 40:160 30:120 25:97 17:65 19:73 11:41 21:83 20:76 24:92 20:78 20:80 28:108 20:80 36:144 23:89 5:17 24:94 34:132 15:59 15:59 22:88 19:73 18:72 25:99 14:52 17:65 10:36 24:92 33:131 29:115 53:211 49:193 9:33 28:108 30:118 28:112 12:48 16:62 4:16 4:12 7:27 19:75 25:99 12:46 22:88 18:70 30:120 8:28 20:76 33:129 28:108 25:99 9:35 13:49 2:4 4:14 36:140 20:80 6:24 24:94 7:25 37:145 34:132 6:24 38:148 16:64 32:126 56:220 34:136 15:57 37:145 23:89 12:48 33:131 14:56 3:11 24:96 11:41 18:68 1:3 15:59 7:25 8:28 36:144 6:24 34:134 22:88 32:126 21:83 20:78 21:83 14:56 18:72 12:46 40:160 47:185 10:38 25:99 53:209 2:4 23:91 28:112 26:104 13:49 43:169 40:160 16:60 12:44 38:152 23:91 6:22 6:20 9:35 16:64 15:59 22:88 38:150 4:12 1:1 16:62 8:28 9:35 25:97 6:20 20:80 1:3 7:25 22:86 16:60 3:9 9:35 5:17 7:25 13:51 31:123 1:3 32:126 23:91 2:6 11:41 2:6 44:174 12:44 33:129 2:4 48:188 10:40 2:6 27:105 12:48 23:91 22:86 40:158 20:80 21:81 33:129 6:24 31:121 50:196 30:116 27:107 66:264 4:14 24:94 28:108 40:160 18:68 29:113 3:11 3:11 42:168 29:115 11:41 30:116 27:107 24:94 35:139 25:99 30:116 26:102 2:4 6:20 31:121 19:75 4:16 9:33 8:30 54:212 2:4 21:83 24:92 32:128 24:92 18:72 14:52 35:137 4:16 4:12 28:110 5:17 13:49 10:40 18:68 33:129 4:14 9:33 9:33 17:67 31:123 11:41 40:160 39:153 29:115 14:56 14:54 10:36 43:171 26:102 17:67 20:76 6:20 4:16 15:57 4:14 33:131 24:94 7:25 20:76 22:84 11:43 38:152 4:16 75:297 9:35 6:20 26:100 8:28 11:41 33:131 19:75 34:134 4:12 35:137 28:110 32:124 14:54 27:105 14:56 20:80 19:75 15:57 5:19 38:148 16:64 15:59 15:59 62:246 8:30 2:4 12:48 25:99 20:76 6:20 39:155 29:113 42:164 24:94 38:148 2:6 33:131 7:27 16:60 20:76 23:91 21:83 10:38 17:65 14:52 6:22 28:112 5:19 4:14 12:46 18:68 2:6 13:51 40:160 39:153 17:65 26:104 18:68 7:25 14:54 19:73 21:83 7:27 35:137 33:131 17:67 36:144 25:99 23:91 4:14 7:27 2:8 22:84 3:9 10:38 2:8 12:48 14:52 14:52 18:68 34:132 5:17 34:132 21:83 11:41 7:27 19:75 28:108 31:123 11:41 26:100 12:44 10:38 11:43 36:140 16:62 10:38 56:220 14:56 31:123 11:41 29:115 37:147 46:184 13:49 12:48 30:118 32:124 38:150 18:68 36:140 40:158 47:185 32:126 17:65 36:144 27:105 36:144 7:25 24:94 36:144 20:78 23:89 4:12 19:75 6:24 6:20 41:161 6:24 11:43 8:28 32:128 1:3 2:6 9:35 20:76 9:35 14:52 12:48 35:137 28:112 21:81 2:8 28:108 39:155 12:48 18:70 54:216 20:80 31:123 ; 
L 86 95 -14 33 41 15 -92 24 -27 -58 48 -63 -53 -24 -7 59 76 -29 94 -80 -91 -41 77 -42 -3 -82 36 94 93 -79 -86 39 82 -98 -64 80 -33 -54 70 -69 58 -5 -21 21 -82 97 -27 74 -89 83 -2 2 -90 -30 95 -41 97 89 -20 29 90 -3 33 43 -20 -71 20 -51 -75 -26 -54 69 -17 -30 -16 -12 100 55 75 -31 3 29 25 -24 -8 34 26 80 -72 87 69 3 -60 -18 -66 29 -47 -40 -22 -97 51 -47 46 58 83 6 95 -29 11 76 16 3 -15 5 -82 26 86 9 85 -62 15 17 -64 50 66 -19 20 75 50 -22 -30 65 -32 9 12 5 74 -63 79 -55 -30 -49 45 -24 14 85 -79 94 -24 92 -83 81 84 -84 66 -77 -50 -81 -96 58 -58 8 -96 -74 54 -53 -24 -88 100 69 -7 -10 -61 -52 36 75 99 16 -94 -71 48 -59 -12 14 37 99 34 -12 -25 6 91 86 -74 -45 14 -26 -71 -69 -74 -77 41 -10 63 50 92 -92 96 81 39 -59 -82 23 -97 -13 67 -80 15 1 -60 -1 1 40 -92 -86 -79 -38 67 -98 68 42 -16 -14 45 2 94 44 -59 -76 56 3 71 -12 -47 78 -19 49 92 -80 62 -29 37 -76 14 93 5 70 87 8 39 -68 56 66 19 -27 47 -86 -46 -38 94 41 -20 63 -34 -26 -44 -1 -95 20 -29 61 -29 -69 83 -21 -60 -51 -4 85 60 58 -45 -36 -20 56 -59 40 1 -46 43 -11 96 -65 -57 51 -11 -32 48 -81 48 11 -96 11 -30 -6 -11 -55 -90 82 30 20 35 95 -12 -41 -74 1 19 3 90 -64 -2 77 -98 -10 -60 -12 13 -88 -90 44 -92 -2 -64 16 38 74 -40 5 93 30 34 -55 -57 96 -65 -87 -68 83 50 50 -71 49 49 74 -64 -14 33 17 2 -61 71 19 71 -58 -90 -50 3 18 2 -34 95 -97 -48 76 -81 -58 -84 56 100 -34 76 19 -52 74 -45 15 -80 92 -45 -18 8 -37 38 -67 -64 55 -62 31 47 -70 -90 34 -17 43 29 -96 4 -7 -16 -64 -67 -29 99 -26 38 8 43 -77 -30 42 -79 100 -81 -44 -92 -97 62 42 -91 -82 -11 -78 -50 79 23 -1 43 5 58 -69 12 -69 23 82 -63 -71 -14 -26 50 -83 25 85 -13 -38 -24 18 -48 -76 -14 -15 29 -56 79 -3 -99 39 -91 77 9 97 -8 -61 77 -26 74 39 -63 -58 28 -73 -4 -94 92 15 -91 99 -11 -42 -33 -34 ; 
75 21 33 95 18 63 42 92 70 56 46 96 69 45 73 33 58 74 10 48 85 27 9 72 73 77 74 66 88 58 94 49 88 33 33 51 40 11 95 33 57 42 60 76 40 88 37 82 23 43 24 97 73 6 31 39 98 43 57 97 29 44 19 3 37 15 95 4 28 52 59 11 79 38 56 86 64 26 7 77 10 11 90 54 25 100 64 82 85 24 82 28 86 50 2 73 94 88 13 87 54 57 1 91 9 59 94 72 59 68 36 11 18 39 41 15 50 75 64 45 80 42 12 59 61 98 54 65 51 68 11 83 16 30 79 49 44 2 82 97 16 86 1 69 59 19 12 37 48 2 83 67 51 71 100 68 10 26 67 20 75 25 41 23 64 59 65 54 54 47 12 95 63 73 63 85 50 82 50 42 89 25 97 95 96 18 28 46 18 74 99 5 47 49 82 28 18 71 27 9 90 22 11 43 39 11 95 18 25 48 70 8 63 77 52 81 2 26 95 49 34 74 86 54 5 47 18 49 5 49 33 51 95 86 85 59 30 96 27 59 10 2 63 59 49 25 64 22 24 86 53 95 46 33 72 16 31 78 75 41 4 44 39 23 29 67 84 69 71 58 30 54 93 68 73 10 83 77 95 5 76 77 45 36 10 59 19 49 11 6 62 60 42 1 57 60 84 61 6 51 48 59 83 26 52 94 66 15 7 41 81 50 72 4 8 30 88 79 25 20 78 37 2 75 33 36 82 94 69 92 91 9 52 50 85 50 86 46 84 57 34 83 28 99 14 30 11 21 5 43 80 22 33 20 76 13 5 29 90 79 93 13 96 87 70 37 21 32 52 19 43 15 14 79 13 81 95 12 35 24 100 10 2 64 9 9 27 64 74 88 67 100 62 27 9 61 43 58 26 12 42 81 42 80 76 60 81 76 74 66 33 62 53 33 31 20 5 86 20 1 24 26 35 66 47 72 37 100 13 55 45 38 7 31 16 71 30 88 11 94 7 31 8 28 78 66 96 32 6 64 95 57 28 76 42 67 8 67 68 74 31 53 59 30 16 69 100 27 48 94 93 46 78 5 20 73 53 65 31 53 67 24 69 6 91 63 20 6 27 70 83 82 97 82 24 68 7 38 18 96 25 ; 
L 86 95 -14 37 -8 18 97 -95 34 -71 30 -2 2 -83 65 -96 57 -1 -40 59 49 38 -87 20 -51 -75 94 93 -79 -86 -67 13 97 -23 82 -39 79 3 -11 92 44 81 -96 -74 54 66 19 -27 47 61 -25 70 -69 -60 -18 -8 34 16 38 -18 24 38 13 -85 -71 -14 -79 69 15 -92 -3 -82 36 -77 34 -12 -25 6 91 86 -74 -45 2 19 71 -58 -90 -50 3 18 23 -33 11 -96 2 -92 80 -15 6 30 77 -47 -3 -19 -41 -19 49 12 29 -76 92 27 -97 82 -21 21 -1 74 95 -43 71 -50 -2 -64 26 15 17 -14 -15 -14 24 49 49 100 -8 75 -99 73 -28 -76 -92 -50 -83 -41 77 -42 24 78 -41 -1 48 74 -40 5 93 -16 -99 -7 -10 29 -56 79 -65 55 -79 66 -77 37 68 87 -3 33 17 -97 62 43 59 -39 -81 -96 -81 12 60 10 98 -84 56 -63 -79 -58 -50 26 71 -94 -2 -45 -5 -82 -11 20 58 -69 -59 7 24 53 63 -48 77 84 52 61 -56 68 -11 69 21 14 59 -9 -86 -22 -97 51 74 39 100 71 20 -43 -94 -71 48 6 8 -33 -7 -16 -64 -2 58 -14 45 -89 -97 95 -12 -41 24 53 34 72 -1 -15 20 3 -26 38 8 -58 -67 30 91 -42 -64 85 26 27 -50 47 -70 -11 29 -16 -14 57 85 -62 15 -70 -42 30 77 35 -78 47 12 -74 30 22 74 -89 -90 -29 -61 -96 -100 91 -47 -31 55 75 -31 87 95 -42 -68 -79 74 30 71 46 58 83 96 40 90 46 -34 -30 94 -24 92 -83 81 -55 -36 -16 -76 -11 -32 29 -62 -90 25 -24 -66 99 -11 3 29 85 60 58 -45 -36 38 -67 -64 55 -62 -100 12 16 -64 -29 -4 -94 81 -98 29 -96 4 14 67 -60 -51 -4 15 -3 86 -69 92 -80 5 -82 26 13 95 63 -34 -26 -44 -1 20 -41 -94 38 46 86 19 -66 -50 64 88 -56 20 -69 83 12 5 -51 74 -63 -84 3 17 44 50 92 -92 50 48 -81 48 41 -10 63 29 -55 -90 82 30 20 99 80 39 82 -98 -64 80 -33 -54 -88 -90 44 76 19 -52 74 -45 -5 -26 -54 69 65 -32 9 12 99 -59 -76 -91 77 9 76 43 5 58 92 -40 -63 -45 -48 29 8 -97 29 -26 -69 23 82 90 -43 37 58 61 11 -58 50 80 -60 -1 1 34 -17 -93 -14 76 91 80 -94 39 56 75 -83 20 -42 -33 -34 ; 
30:120 9:33 14:52 26:104 33:129 17:67 4:16 4:16 40:160 10:38 14:54 34:134 39:155 10:38 10:38 31:121 8:32 24:92 34:134 24:96 20:80 28:112 21:81 38:152 2:6 12:44 41:163 36:140 24:92 38:150 17:67 21:83 31:123 26:100 4:12 14:52 26:102 24:96 18:68 19:75 7:25 13:49 10:38 10:36 26:102 26:102 16:62 10:36 12:46 18:68 9:33 59:235 14:52 4:16 20:80 10:36 40:160 40:158 6:22 41:163 28:110 7:25 12:48 24:94 42:164 4:12 13:49 32:124 15:59 17:67 56:220 31:123 30:118 5:19 42:164 19:73 8:28 30:118 40:158 2:8 19:75 46:182 1:1 6:24 6:22 32:126 6:20 33:129 38:152 5:19 22:84 31:121 31:121 33:129 30:118 15:59 24:92 18:68 2:4 2:6 24:96 18:68 34:132 38:150 36:144 54:216 10:40 19:73 30:116 30:118 12:46 20:80 15:59 36:140 16:64 31:121 6:24 15:57 14:54 46:182 13:51 38:148 42:166 12:44 26:102 18:70 17:65 46:180 38:150 6:22 24:94 10:40 39:153 26:102 10:38 33:131 38:152 26:100 28:112 10:36 31:123 24:92 36:144 9:33 4:14 29:115 11:43 12:48 12:48 4:12 38:148 12:44 5:17 9:33 2:8 6:20 33:131 20:80 38:152 4:16 19:73 32:124 38:148 24:92 39:155 36:144 28:108 6:22 21:81 2:8 18:72 8:30 13:51 21:83 12:48 18:70 49:193 20:76 10:40 8:28 20:80 18:72 20:80 34:136 20:80 14:54 26:102 30:120 15:57 23:89 6:22 28:108 40:160 3:11 34:136 35:137 9:35 46:180 3:11 11:43 4:12 31:121 24:96 14:52 30:116 18:72 28:110 39:153 14:54 13:51 5:17 30:116 8:28 2:6 4:12 8:32 6:20 17:65 65:259 13:51 30:120 10:38 35:139 22:86 24:92 26:100 8:30 8:32 6:24 15:59 15:57 17:67 36:142 15:59 38:152 30:120 2:6 8:32 1:1 8:32 9:33 18:70 33:131 19:73 18:68 12:46 1:3 30:120 24:94 26:104 18:72 37:147 4:14 11:41 3:11 28:112 26:104 19:75 29:115 8:32 20:78 14:54 19:75 5:17 20:76 68:268 21:81 16:64 20:76 0:0 13:51 9:35 24:94 11:43 21:81 10:40 12:44 18:72 32:128 10:38 14:56 22:88 6:20 10:40 8:32 24:94 26:100 12:48 60:236 5:17 20:76 10:36 13:49 12:46 27:105 4:14 30:120 28:108 27:107 30:118 3:9 3:11 31:123 3:9 31:123 32:124 20:78 5:17 25:97 33:131 13:49 6:24 37:145 4:14 2:8 24:92 30:118 38:150 3:11 32:128 8:32 20:76 1:3 34:132 27:107 17:67 25:99 16:64 15:57 15:59 38:150 23:91 35:137 29:113 1:3 22:86 2:6 10:36 3:11 5:19 5:17 10:40 5:17 3:9 25:99 24:96 14:56 32:128 31:121 24:96 33:129 39:153 26:102 35:137 18:70 19:73 22:88 33:131 13:51 6:20 8:28 8:32 2:8 42:164 7:27 9:33 24:94 8:30 8:32 8:28 2:6 12:44 46:180 9:35 32:126 17:65 6:24 36:142 10:40 11:41 38:148 28:108 30:116 4:16 45:177 12:48 24:92 29:113 28:110 34:134 32:124 40:156 25:97 24:94 18:68 7:27 1:1 14:56 18:72 36:144 22:86 31:123 48:188 1:3 42:166 32:128 7:27 28:112 16:64 16:62 5:17 29:113 24:92 6:24 3:11 10:40 9:35 5:17 37:145 15:59 36:140 32:126 10:40 8:32 33:131 8:30 36:140 36:140 14:52 14:52 21:81 16:64 5:17 6:22 34:134 23:91 32:124 40:160 25:99 11:43 4:14 17:65 15:59 24:94 5:17 28:110 7:25 12:48 32:126 17:65 8:28 39:153 11:43 26:104 13:49 10:36 12:48 13:51 3:9 36:144 35:137 27:107 2:6 2:6 6:24 25:99 27:107 16:60 23:91 28:110 12:44 31:121 18:72 20:80 6:20 27:107 20:78 28:110 27:107 36:144 69:275 69:273 20:78 14:54 27:105 22:84 28:110 14:52 19:73 32:126 34:136 20:76 8:32 22:84 25:99 62:248 26:100 15:57 8:28 39:153 10:40 ; 
L 48 79 -66 62 -91 -22 66 70 -20 -52 -99 -42 100 44 -71 13 35 83 42 -81 3 83 -31 -31 -65 19 -81 -24 -75 -38 -69 -48 -54 33 -21 -2 -56 51 -32 -11 -94 87 28 -56 -64 3 -100 22 52 76 8 15 -94 -4 -82 77 96 68 -9 -30 70 -20 97 -15 -74 -67 -99 -26 -47 33 -33 86 -9 -31 79 31 80 -60 -53 54 95 -31 -90 72 -76 15 -3 49 7 -76 85 90 4 21 92 -87 -90 68 -85 -75 64 -99 -80 -9 25 -20 74 -71 71 -25 31 -57 51 -34 -52 -31 5 51 -17 14 -64 -19 -58 48 -97 99 25 -61 52 -93 -2 20 -10 -22 -6 -94 53 -68 60 -65 38 52 -96 -37 57 12 70 -8 -31 -67 -86 -20 10 -67 -9 -15 -79 29 54 79 -14 -26 42 58 86 -42 60 -98 -38 85 -28 -95 -64 55 -99 -8 -64 25 -70 86 6 55 86 -79 -8 100 -5 -88 -64 -92 71 78 39 42 -58 -1 84 -82 -44 -81 55 -1 78 74 -9 -92 -7 -25 -25 16 -69 -96 -82 -36 -49 15 -66 50 -17 -27 17 66 12 -38 93 -40 46 -66 -28 11 -67 28 58 -85 -47 -28 -54 38 46 -17 -12 -3 53 97 28 32 -1 -4 -43 98 2 -64 82 88 -80 -97 38 -82 -43 -89 5 -63 -83 16 48 -8 73 71 11 -19 12 -26 -22 60 94 11 12 21 -30 32 -43 -90 -19 17 -85 97 27 -41 -36 -40 19 -77 -31 85 -27 19 -16 -96 -48 -88 91 -16 -6 -6 -94 94 84 86 -26 -72 -44 -69 85 -93 -14 14 27 -59 91 -20 -50 45 -81 34 73 90 -73 48 -43 -3 -91 96 10 95 53 -84 8 -2 -81 63 -98 75 35 -32 15 -40 43 -99 -28 -15 -35 -24 -58 -69 61 -84 -99 61 -23 55 -19 44 -4 -17 -44 -3 54 34 44 -72 -69 89 -14 29 21 -72 -38 72 -95 -83 -61 -24 85 95 76 -84 -18 -30 14 -67 -71 98 68 74 -2 -55 78 69 65 88 -87 6 40 -56 77 1 48 -75 10 56 16 -96 27 -43 -44 29 -72 -88 -47 23 60 5 96 34 -11 -80 -7 -37 93 56 71 -81 81 40 -48 -67 -20 72 -78 69 -51 67 54 6 65 92 -73 47 -46 -87 77 -9 21 100 55 -80 50 83 20 68 -85 -74 -85 -18 50 4 8 -64 95 -91 -58 60 34 48 -77 39 21 41 -49 94 54 -94 -14 44 8 5 -12 -67 -23 23 29 -22 17 -22 53 1 -66 -71 -9 -92 ; 
47 79 84 11 89 5 53 17 90 94 64 98 66 98 44 80 45 51 23 30 77 8 14 18 52 83 21 79 64 61 42 4 91 37 66 20 12 77 28 1 22 13 63 46 36 36 22 27 5 63 82 37 79 13 15 4 88 98 65 68 41 92 26 50 44 59 9 100 56 65 15 59 53 31 12 63 60 18 36 70 98 78 3 29 65 17 72 86 84 96 73 2 5 33 65 29 46 54 34 77 4 85 100 55 35 15 49 97 27 34 1 43 50 17 50 27 35 5 40 62 40 97 58 82 18 76 45 31 93 88 71 3 77 79 85 43 26 58 13 46 81 47 60 77 19 6 10 31 7 57 66 66 5 12 89 30 16 70 37 57 40 42 65 73 66 14 37 44 68 61 28 60 70 14 76 54 90 83 6 6 26 64 30 98 40 61 41 99 75 36 89 9 39 33 76 3 40 51 47 98 47 11 16 91 5 70 51 64 70 90 14 99 23 98 19 12 11 27 69 2 59 33 31 58 2 87 71 9 35 48 80 71 10 96 86 43 14 87 63 51 33 55 100 79 58 17 90 33 76 58 97 77 93 47 84 44 20 62 83 82 70 88 75 78 1 13 91 47 22 11 78 84 67 91 51 24 15 29 33 99 5 91 78 69 23 1 77 98 93 2 53 14 64 69 9 99 89 59 4 58 81 85 60 21 46 42 26 47 20 4 13 81 8 1 36 87 52 62 5 18 59 39 60 32 3 72 14 50 43 95 9 30 93 64 47 85 69 63 50 25 47 77 50 9 60 43 10 90 30 98 8 27 90 57 95 67 9 27 70 17 82 59 55 57 28 84 32 67 40 64 32 48 55 52 1 93 6 11 23 76 14 12 46 83 49 26 100 56 99 62 38 60 88 68 28 31 31 44 73 4 26 18 93 61 60 51 78 87 61 95 85 2 2 22 59 7 1 97 91 18 33 21 81 51 39 89 51 15 64 88 88 2 5 51 71 94 88 57 63 30 70 69 60 43 40 11 69 6 58 85 59 49 5 16 40 69 47 7 46 37 10 87 18 19 24 84 92 77 4 26 62 76 67 78 17 9 73 72 58 41 79 13 59 1 70 20 46 96 77 64 98 85 72 70 49 36 51 12 34 76 1 ; 
L 68 81 -71 -56 -93 37 7 80 71 11 99 77 -48 -34 -58 -21 -88 -64 74 15 -94 71 -54 3 -9 42 -86 -60 -18 -97 6 -64 -90 -73 -34 81 -45 54 -94 -14 44 95 -72 -88 -82 64 -2 -98 30 58 -42 -39 -78 -30 -68 -98 71 81 25 -8 -31 99 -55 64 85 -68 -20 -53 -95 58 -68 90 87 51 -32 -11 -94 87 -93 -14 14 27 -59 -42 9 -54 61 6 -94 49 -40 60 -68 20 86 -66 -17 27 -44 48 -97 -19 -31 85 -17 -51 -5 31 -8 -48 94 11 2 -8 -20 -52 -99 39 21 41 -55 23 -61 99 -74 -78 17 -96 -77 82 -98 53 -100 -4 -17 -50 22 -40 19 -77 -31 85 -27 19 -16 -96 -16 25 55 10 -20 96 10 85 -91 66 -79 -48 60 -100 38 72 -88 91 56 -28 4 21 54 95 54 87 46 -47 73 6 65 34 44 -72 -96 -15 -47 9 5 96 34 26 12 21 -71 92 32 -43 69 94 9 52 53 60 -80 -31 -79 84 44 -21 100 46 -66 -28 11 -67 3 43 4 1 -32 -28 2 -8 84 -83 -50 -74 -6 -38 54 28 80 -60 -23 47 97 -3 53 -24 -75 -38 -69 -48 -20 -32 -95 -74 -1 83 -10 19 -81 -60 22 26 -12 19 -28 -15 19 -56 77 1 48 14 81 40 -48 27 -41 -36 -69 89 -14 75 1 -90 50 4 8 -64 79 -86 66 3 43 -67 -20 -8 -65 76 -7 -49 44 -17 -14 -85 -75 -95 64 -99 -61 -70 -66 -64 85 -28 -25 -67 -23 23 29 -22 17 -22 -38 -16 -6 35 83 42 -81 3 83 -31 29 5 73 -92 -7 22 -28 63 -98 36 93 -40 -67 25 -14 82 -84 1 18 84 -76 -2 -56 12 -34 -52 5 -51 99 33 -33 86 -20 97 10 56 16 -31 -65 19 -81 87 -88 -79 69 58 24 -67 12 -38 96 -61 -5 89 43 82 -38 97 55 92 -77 -76 -52 -22 100 -80 -35 -58 -31 -90 72 -76 6 -13 71 -50 66 88 72 15 9 67 -43 40 -15 -70 86 46 -17 -12 -4 -38 65 -72 -94 94 15 -3 -11 -73 8 -48 -16 83 63 52 -91 58 -85 -47 -9 25 -54 33 -21 57 12 70 48 53 -35 -70 30 75 -29 79 -29 -55 78 91 -95 72 -78 69 -51 67 93 -62 -82 44 43 -27 -86 -64 55 -80 91 -20 -44 84 85 90 -85 69 44 26 99 67 74 -15 49 57 -31 25 -71 71 -42 26 69 -8 -92 -96 -37 2 -24 85 -9 -92 ; 
15:57 17:67 1:3 36:140 36:140 26:102 6:24 21:81 10:38 9:35 2:4 26:102 7:27 32:124 16:62 27:107 32:128 30:120 17:65 24:96 32:126 9:35 19:73 13:51 27:105 18:70 6:22 38:150 4:16 7:27 11:41 24:94 10:38 29:115 2:4 13:51 24:96 59:235 6:20 24:94 1:1 37:145 10:36 32:124 19:75 38:148 31:123 39:155 30:116 18:72 31:121 14:52 16:62 3:9 30:116 36:140 24:96 55:219 39:155 13:49 3:11 6:22 31:121 6:22 8:32 4:16 15:59 33:129 19:75 31:121 12:44 22:86 19:73 33:129 12:44 1:1 9:35 6:20 22:84 15:57 35:139 21:83 25:99 7:27 4:12 25:99 21:83 18:70 4:16 17:65 55:217 20:76 8:28 25:99 27:105 10:36 14:52 24:94 8:32 14:52 8:28 11:43 23:91 2:8 10:36 35:139 2:8 14:56 6:22 7:27 4:14 10:38 1:3 2:8 22:86 38:150 26:102 40:158 30:116 29:115 8:32 7:27 28:112 11:43 4:14 37:145 7:27 18:68 36:140 2:6 8:28 28:112 13:49 16:60 23:91 25:97 19:73 30:118 22:84 6:22 26:102 28:110 4:14 40:158 36:142 24:94 12:44 36:144 6:20 7:27 31:123 4:14 38:148 30:116 18:72 6:20 34:134 32:126 10:38 22:86 11:41 3:9 46:184 33:129 25:97 19:73 1:3 14:52 19:73 40:156 16:60 16:64 34:136 24:92 3:9 21:81 16:64 20:76 16:64 26:102 48:188 9:35 19:75 25:97 27:105 33:129 21:81 12:46 8:28 12:46 15:57 36:142 36:142 2:8 35:137 4:12 43:169 20:78 16:62 15:57 8:28 24:96 26:100 17:65 13:51 14:52 26:100 48:188 4:14 14:56 20:76 32:128 8:28 26:100 31:121 14:52 36:144 7:27 23:89 26:100 28:110 20:80 3:11 8:30 19:75 26:102 35:139 6:22 26:102 25:99 14:52 8:28 4:16 33:129 40:160 40:160 26:102 25:97 17:67 2:6 12:46 6:20 16:62 55:219 6:20 8:28 29:115 8:32 26:100 26:100 37:145 27:107 34:134 32:124 16:60 40:156 15:59 18:72 24:96 21:81 32:124 15:57 10:36 21:81 29:113 28:112 40:156 38:148 2:4 20:76 22:88 14:56 45:179 7:25 30:118 34:134 37:147 31:123 24:96 40:156 6:24 8:32 38:152 22:86 36:140 13:51 5:17 44:176 39:153 34:134 56:224 14:54 7:27 7:27 31:123 8:32 4:12 34:136 34:136 36:140 7:27 44:176 31:121 12:44 22:84 38:152 31:123 26:102 40:156 34:136 29:115 28:112 19:75 7:27 24:96 11:41 21:81 10:36 12:48 31:123 4:12 6:22 12:46 8:32 7:27 32:126 21:81 26:100 6:22 29:113 19:75 19:75 11:41 35:139 16:64 2:8 11:43 22:84 21:81 16:64 6:22 40:160 11:41 22:84 5:19 34:132 14:54 20:80 14:52 12:46 50:198 20:78 6:24 24:94 21:83 11:41 8:28 38:152 34:136 40:160 21:83 34:132 9:33 20:80 11:41 16:64 40:158 29:113 36:144 24:96 30:118 24:92 8:30 5:17 29:115 28:112 33:131 34:132 25:99 8:32 19:75 5:17 20:76 41:163 26:100 2:8 11:43 19:75 24:94 25:97 43:171 2:4 12:46 26:104 11:41 16:64 32:128 32:126 11:43 39:153 39:155 6:20 12:48 36:142 7:25 4:16 18:68 14:54 3:9 10:40 21:81 14:52 44:172 35:137 33:129 20:80 2:4 17:67 15:59 29:115 25:97 45:179 37:145 6:20 1:1 32:124 30:120 44:174 45:179 1:1 39:153 35:137 14:54 14:56 31:123 15:59 27:105 6:24 3:9 4:16 14:56 4:12 15:59 17:65 17:65 23:89 17:65 28:112 2:6 2:8 13:49 24:92 11:41 4:14 26:100 12:48 28:112 28:110 34:132 26:104 0:0 37:145 24:94 9:35 6:22 19:73 14:56 28:110 22:84 8:28 11:41 10:36 28:108 1:3 6:22 4:12 33:129 4:16 40:160 4:14 24:94 17:67 5:19 13:51 18:68 1:1 14:54 11:43 14:56 26:104 32:126 24:94 13:49 44:176 31:123 31:121 4:12 19:73 17:67 31:121 1:1 ; 
L -33 -66 -96 -2 77 26 64 2 72 36 -76 -30 46 -37 18 -96 77 -51 68 7 20 47 -98 40 -14 -10 -60 -4 33 -59 -63 -82 43 -59 -69 -35 -29 -29 98 -56 -97 90 -54 -69 -87 89 21 -86 -50 -13 99 8 -44 -53 80 -25 99 95 -52 -6 8 -8 44 44 6 -1 100 -59 94 -45 28 1 -96 -74 -8 -51 -35 99 95 76 -63 47 -48 77 -18 -15 50 87 -33 -87 89 -16 -1 -16 -8 -23 94 -38 -79 -31 54 46 -22 4 21 77 -67 94 96 26 37 53 3 -87 -75 70 11 -57 -68 -11 -32 85 -82 2 -55 12 -2 -25 -49 -40 34 -73 -75 -60 6 100 -37 30 -24 -47 -45 -56 30 37 65 -9 -47 33 -74 -92 -56 92 80 -59 25 42 71 -88 -90 77 -89 97 40 2 -15 -44 -73 62 26 32 90 28 -24 99 -10 -38 27 -91 -30 -36 -3 -33 90 60 -76 27 -36 -10 -68 32 35 -16 -95 2 -30 45 55 91 -32 1 13 56 44 69 -22 48 -93 8 -54 -16 -67 -26 75 -70 31 80 60 -97 -8 -41 98 -29 -13 -66 94 -60 -88 60 80 74 9 1 8 -22 -82 94 15 8 -59 -54 -65 76 -55 67 93 67 -19 86 -97 -27 14 -100 -51 -75 40 -2 66 65 52 -4 23 -42 4 76 2 26 59 -13 -87 49 -26 42 15 20 76 96 -45 73 -27 -82 -76 16 12 -35 -77 -67 78 -98 99 -70 16 94 63 10 -90 93 67 59 -69 -83 64 -18 -86 47 55 -91 -46 -89 36 -84 -39 85 -81 66 20 54 10 -96 24 -40 -93 -39 -26 -74 -83 91 -21 -93 -84 -43 -17 27 -40 48 -6 33 -17 49 51 64 64 -1 -85 88 -5 7 90 89 73 37 -43 96 4 -28 -31 -17 -82 87 -92 -15 36 -38 -47 -84 13 48 22 96 83 34 38 -37 -36 61 -80 53 -80 69 57 97 -10 35 68 -20 -13 -5 4 -66 -99 -53 91 55 45 56 37 -86 -48 9 72 -28 -22 -12 35 30 1 33 32 -37 85 28 64 -86 27 6 -73 -63 -13 -11 -43 24 -26 -36 -66 17 58 -49 88 -66 27 -2 -74 -65 42 -23 24 -51 85 -82 -39 49 65 -82 -45 -52 -39 -35 -24 86 47 76 58 13 -40 -21 -46 54 -100 -59 11 61 46 -27 26 -38 -28 52 24 88 -95 93 28 -88 -8 84 -45 36 64 -67 -63 -60 -30 82 7 37 93 97 46 39 1 80 96 -24 -27 96 57 21 -26 -23 -65 -32 ; 
51 26 6 44 88 57 92 25 35 24 76 75 2 47 26 36 61 99 60 56 83 76 1 30 28 53 10 49 93 72 92 38 12 92 35 17 43 62 47 86 60 89 73 28 80 12 43 13 95 67 4 11 48 66 26 41 100 24 92 90 78 27 63 71 71 4 16 100 70 95 67 47 14 56 25 88 100 63 76 27 6 67 19 59 62 13 91 94 10 93 50 6 59 79 29 31 78 99 39 18 89 60 38 50 3 30 24 4 89 60 21 49 4 11 93 47 84 47 84 55 43 85 27 93 47 9 57 27 31 91 85 38 67 90 51 22 86 54 35 69 54 100 17 76 66 20 87 33 88 32 64 93 91 53 45 8 92 97 6 22 61 22 97 99 88 32 60 28 58 76 74 84 71 49 3 63 41 44 76 21 66 27 31 74 46 13 96 51 74 92 82 69 63 26 66 95 14 2 94 2 20 23 87 38 28 91 38 3 79 1 100 33 63 20 24 65 83 44 91 80 95 44 54 13 77 53 73 41 78 58 86 21 28 93 22 10 83 30 8 13 33 66 66 4 33 73 73 32 13 60 43 40 78 87 32 35 65 100 59 9 59 72 51 67 6 47 16 24 40 81 58 25 1 34 58 25 33 96 32 9 47 3 92 96 42 45 47 94 24 80 39 47 31 18 2 100 22 26 15 91 24 82 32 64 76 71 74 39 16 3 58 58 32 54 69 95 66 81 28 4 72 58 33 91 11 13 12 5 46 23 92 43 70 72 66 22 18 64 81 73 63 55 67 80 10 48 70 40 7 88 47 10 94 94 45 39 46 54 27 93 2 90 30 95 64 42 73 88 49 9 80 68 20 45 39 63 13 38 54 21 83 44 36 96 98 10 73 94 73 69 81 12 94 42 53 82 77 53 82 88 86 3 100 15 98 82 81 39 39 12 38 61 53 79 8 21 56 69 42 61 56 63 94 61 33 22 96 38 15 71 16 25 13 94 44 89 6 90 28 40 75 33 15 91 54 100 25 53 82 92 95 80 82 90 22 53 35 91 60 30 74 5 18 16 13 50 32 58 41 88 15 69 76 26 78 71 9 63 97 27 56 67 90 98 72 52 93 4 10 53 72 78 19 48 65 16 72 100 88 46 54 ; 
L 100 8 -36 45 -84 8 88 -28 -66 -59 -63 5 -37 67 -23 55 -58 -76 -47 54 -28 -90 -32 13 56 44 86 36 26 -24 -27 16 -35 -32 67 -64 -59 -54 -65 -24 -74 -92 17 44 44 26 -26 -74 30 67 77 76 -91 26 37 79 38 -94 23 8 -37 26 -22 -21 -4 98 -10 -47 33 -82 43 -12 35 30 1 33 32 -37 33 -17 66 27 -73 -56 -51 -35 -20 11 68 57 -31 -28 -85 89 2 80 60 -94 59 -45 30 -2 95 85 50 64 -1 15 -7 -68 87 24 88 -95 93 -88 49 -58 -87 -64 -51 60 -35 36 -38 43 13 50 -25 99 95 42 71 99 8 -29 -13 -66 45 -18 76 82 31 80 -49 -56 92 80 -59 25 -52 -6 63 22 93 -81 66 33 -43 96 -89 87 -47 -96 84 47 -17 27 83 -80 -60 82 56 37 -86 -48 9 72 -28 36 -76 -30 46 10 -96 24 -46 -67 63 10 -90 93 67 59 -69 -2 -74 -3 -10 -60 -4 -96 27 52 -24 99 49 -26 42 15 20 40 -39 97 -72 -2 -27 4 88 63 73 -83 -96 -94 67 36 30 59 -13 2 100 -59 94 8 74 96 -1 -28 45 74 9 1 8 -22 -82 -19 -23 17 21 54 -16 -1 20 -68 -35 10 67 94 15 -54 46 48 -93 8 -11 -77 90 5 31 33 29 35 69 -56 30 -7 -97 -91 -26 -2 -76 -6 -11 40 49 -97 -8 -41 98 80 -53 69 57 -32 85 44 80 -61 53 13 -16 89 -26 27 -46 -59 -93 46 91 -55 64 -86 -21 -89 87 83 24 -21 -25 39 24 -96 -52 -65 -66 -15 -24 -96 -16 -97 -93 -15 -44 88 -38 -34 3 -87 -75 70 34 -73 -75 -60 6 100 -37 69 2 -12 55 -91 -40 98 -47 75 -70 53 22 91 -32 84 -86 6 -1 55 45 43 -40 11 61 -33 77 20 54 -37 16 12 -35 -90 40 64 -18 -86 47 16 94 -46 -54 70 -99 77 -65 65 -82 -45 -90 -64 -26 90 -47 95 76 -63 -37 -45 -98 29 27 7 -1 -39 -38 -28 52 80 -4 23 -42 -66 -96 -36 -73 -97 65 -9 36 -84 75 51 100 -14 27 -40 -21 48 -6 33 8 -8 -14 -37 -73 -89 62 26 -1 -88 4 -48 -13 77 13 -51 85 -82 -39 49 42 93 -97 -57 -86 -99 -53 -60 78 87 82 -85 68 10 36 -27 76 -60 -48 77 -18 28 -4 13 96 30 76 -38 2 55 -99 39 40 -2 92 66 22 69 -51 82 -65 -32 ; 
21:81 11:43 4:12 29:113 32:124 11:41 31:121 28:110 17:65 8:32 37:147 10:36 26:100 8:28 19:73 8:30 38:152 38:152 37:147 30:118 26:102 34:134 30:118 28:108 10:36 35:139 28:108 35:139 26:100 23:89 18:70 22:84 28:110 33:131 26:104 26:100 4:14 6:20 14:52 13:51 31:121 13:51 10:36 19:75 29:113 50:196 20:80 37:145 8:30 28:108 18:72 5:19 12:48 7:27 9:33 9:33 16:62 40:158 32:124 13:49 21:83 4:14 16:64 8:30 2:4 21:83 17:67 43:171 14:52 14:56 5:19 7:25 40:160 6:24 40:156 33:131 33:129 16:62 42:166 0:0 25:97 32:124 13:51 36:142 12:44 40:160 7:27 22:84 22:88 34:134 9:33 21:81 5:19 17:67 29:113 25:99 8:30 22:84 35:139 4:14 38:152 27:105 11:41 36:142 45:179 30:118 22:88 19:73 12:48 23:89 36:144 4:12 24:92 17:65 36:140 5:19 39:153 9:35 18:68 34:132 30:116 19:75 50:198 4:14 36:144 9:33 11:43 27:107 12:48 40:160 10:38 22:86 37:147 1:3 5:17 15:59 22:86 6:20 7:25 26:100 10:40 19:75 16:60 26:104 47:187 42:168 31:121 37:145 22:84 18:72 19:73 36:144 22:84 8:32 33:129 9:33 22:86 39:153 18:72 4:16 22:88 20:80 28:108 11:43 21:83 38:152 41:161 18:68 30:118 17:67 32:124 26:102 9:35 22:84 33:131 31:123 22:84 33:131 36:140 13:49 31:121 30:120 1:3 26:100 33:129 12:44 24:94 38:150 20:76 8:28 1:3 40:160 9:35 11:41 6:24 31:121 7:25 14:54 8:32 4:16 20:78 25:97 20:76 14:54 31:123 20:78 16:62 24:92 10:40 1:1 14:54 60:236 3:11 13:51 6:22 14:56 11:41 24:96 14:56 24:94 9:33 25:97 23:89 36:142 2:6 24:96 9:33 12:46 10:38 43:169 6:24 40:160 28:112 31:121 10:40 23:89 6:22 19:75 27:107 33:131 35:137 9:33 12:44 38:148 9:35 9:33 12:48 40:160 9:35 2:6 51:201 24:94 61:243 39:153 15:57 18:70 39:155 25:99 34:132 16:60 22:84 32:124 16:60 2:4 18:72 16:60 9:35 17:65 11:41 29:113 40:158 18:68 7:27 44:174 7:27 57:225 42:168 48:190 26:100 19:75 3:9 6:24 29:115 24:94 37:145 11:41 37:145 32:128 38:152 29:115 6:20 20:78 34:132 18:70 34:136 18:68 14:56 16:62 33:129 9:33 10:40 15:59 2:8 8:28 2:8 46:180 4:16 48:188 30:118 29:113 29:113 25:97 29:115 18:68 5:19 18:72 43:171 34:132 18:68 10:40 16:62 32:124 8:28 24:94 40:160 15:59 8:28 15:57 2:6 40:158 21:83 26:102 13:51 10:38 6:24 32:128 13:51 5:17 38:148 19:75 44:176 16:60 27:107 36:144 21:81 9:35 35:137 40:160 11:41 23:91 4:14 17:65 28:110 12:48 1:1 43:169 8:32 20:78 47:185 2:8 38:150 32:128 18:68 20:80 2:6 8:30 38:150 37:147 6:24 49:195 12:48 21:83 7:27 17:65 38:152 20:80 2:6 37:147 39:153 10:36 5:19 8:32 33:131 13:51 26:102 44:172 19:75 6:22 24:96 5:19 32:128 14:52 9:33 12:46 14:52 6:24 38:150 6:20 37:147 8:32 21:81 36:142 11:43 3:9 41:163 35:137 38:148 19:75 12:48 34:134 15:59 4:16 4:16 6:20 20:80 28:110 26:100 24:94 29:115 8:28 3:9 4:16 7:25 14:54 12:44 8:32 14:52 2:4 2:4 35:139 32:124 16:64 18:68 24:96 36:144 12:48 27:105 9:35 14:54 11:43 22:88 25:99 36:140 3:11 20:76 24:92 12:44 7:27 16:60 10:40 17:67 30:116 7:27 45:177 3:9 36:144 12:44 16:64 24:94 33:129 24:94 9:33 8:32 26:102 28:110 15:59 14:56 39:155 11:43 19:73 44:176 30:118 21:81 39:153 6:20 19:73 17:67 24:94 25:99 18:70 38:150 9:35 26:104 16:60 28:110 24:94 45:177 16:64 4:16 24:94 35:139 14:56 49:193 28:110 57:227 60:240 37:147 17:65 14:54 19:73 22:86 ; 
L 40 -31 -17 30 93 65 83 -72 -2 -22 32 23 -44 5 -6 -1 20 -4 -55 83 72 -43 64 94 -10 65 99 -22 -20 91 -86 -80 -52 36 72 34 43 37 -14 57 -93 16 46 -62 -93 90 29 27 -9 18 18 -37 -50 35 -63 -99 53 12 -64 -76 -29 -68 81 -87 50 66 69 92 95 -35 15 93 32 -89 -77 51 96 -7 97 -88 -60 -97 47 11 -99 -93 81 -12 29 -93 -21 84 94 -55 -71 -24 -35 -7 15 17 23 -27 -12 -8 -15 -32 55 -87 13 -67 -1 -28 18 -29 69 -55 28 -100 -14 14 86 27 4 -83 71 78 -48 -6 -66 77 2 -34 13 37 19 47 -85 -86 -63 16 -70 81 -11 -6 18 -64 -68 97 64 -42 -5 -12 -9 -23 8 -74 -44 2 81 66 40 -14 22 78 59 -44 -71 -95 -88 -56 90 -87 -87 44 17 -41 1 -33 -75 -73 17 17 -32 60 93 58 16 -28 89 31 43 -30 43 22 -71 54 -45 -40 -64 -9 -43 53 -91 81 59 -93 53 21 -45 71 -81 51 -52 81 39 82 -40 -72 -50 -29 45 84 -12 67 -52 -95 28 84 -90 -60 63 -33 -2 61 -33 51 58 -13 66 -41 3 81 22 91 16 19 68 -87 22 -42 94 8 9 12 -32 -99 57 51 70 -79 -50 29 -8 -64 -72 59 99 82 76 50 93 -66 22 -63 47 -84 7 93 85 -31 -43 -96 -15 -25 -76 89 -45 -60 -16 87 -26 -49 89 -45 51 92 72 98 -43 39 -54 94 71 -97 10 -70 58 40 -88 -16 -57 -66 77 -68 85 52 6 -32 -18 -4 -70 56 67 24 56 -100 80 -58 19 26 61 -88 2 4 39 24 -90 -50 -47 29 -64 -27 -88 -72 -80 -20 -1 52 39 -99 -67 -22 40 -67 -29 46 -41 8 21 87 -68 27 6 -39 84 -69 13 -90 36 -7 92 -80 17 -47 62 -75 49 -38 51 45 -71 -75 46 21 -91 54 -51 21 13 65 70 -20 81 40 27 -99 20 -74 72 -73 24 40 -72 62 -11 28 -32 -34 33 96 -96 -59 8 -39 23 -67 -53 40 -63 -1 -14 22 -36 19 85 60 44 -37 -74 -24 41 -25 -74 -56 13 -29 53 -62 -75 -71 -20 64 42 -6 -38 95 -44 47 2 -99 -82 -48 64 6 -44 44 1 -44 -99 -89 -10 -63 67 13 18 -92 -28 -64 55 33 -44 -31 75 -28 -17 -29 -76 67 62 57 -36 -67 85 31 17 67 -10 45 -89 20 7 59 -74 -71 -32 57 34 -24 -16 -45 ; 
18 82 11 23 63 99 47 58 39 95 41 59 79 83 21 24 63 53 52 87 16 8 57 91 51 99 29 81 44 56 38 48 74 38 10 24 62 96 90 95 84 88 59 57 57 36 2 12 14 3 47 69 11 85 71 81 51 82 57 17 21 13 57 64 11 37 2 87 15 29 93 52 79 77 15 88 27 19 30 61 16 42 71 59 6 76 75 23 62 25 13 2 45 69 53 33 86 23 67 16 71 46 11 33 30 37 62 57 52 87 65 69 78 63 98 40 32 32 13 53 6 29 91 59 53 72 41 58 62 7 30 100 49 59 25 68 57 69 51 86 100 3 88 22 40 53 42 78 23 65 19 80 71 5 33 66 73 69 2 8 26 8 28 50 70 36 33 70 45 98 21 19 29 52 59 65 87 3 22 91 21 2 43 61 83 89 29 75 2 18 82 3 68 41 68 93 80 12 82 58 59 49 22 70 36 43 32 11 89 99 67 2 17 81 95 40 5 21 81 94 26 97 77 55 74 58 93 42 60 17 5 51 84 53 37 91 49 81 85 11 5 3 91 99 69 99 93 52 5 70 49 16 8 22 100 36 7 98 1 1 86 61 83 21 3 24 40 82 21 53 18 94 38 56 10 77 23 96 19 18 28 22 27 11 6 50 59 62 51 75 25 19 10 74 1 13 92 96 67 61 56 37 10 30 59 90 6 47 42 40 51 8 49 16 96 21 9 72 35 6 36 80 1 8 22 30 73 38 68 34 68 61 31 93 91 67 95 9 76 56 1 65 61 96 96 28 19 54 3 75 27 98 7 58 2 18 70 75 76 17 4 97 82 4 23 84 54 32 57 94 30 48 24 59 4 36 19 8 32 27 31 21 75 78 89 37 73 3 15 13 34 48 67 98 53 80 34 22 66 12 42 5 8 61 21 6 51 18 92 35 38 69 93 7 71 33 4 21 25 79 8 8 60 29 65 87 19 36 93 31 59 76 38 11 72 29 11 36 20 70 97 63 44 51 44 9 99 25 54 21 74 28 41 52 45 41 19 68 26 62 7 79 29 79 67 65 57 16 2 95 45 63 17 62 83 35 60 34 80 17 22 28 54 35 4 81 85 47 36 90 27 64 60 53 99 21 13 88 80 64 15 ; 
L 40 -31 -33 -2 61 -33 51 58 -13 66 -41 -95 28 84 -90 -71 23 -27 -12 -21 20 -18 -15 7 35 -38 -4 75 -62 41 -76 89 54 -45 -40 -64 -9 -43 53 -91 81 59 -93 33 -53 -69 29 20 7 10 -67 -14 57 -93 -89 33 -44 -76 -82 -27 -90 -64 -76 -29 89 -45 51 92 72 -39 84 -69 13 50 90 47 11 -99 -93 81 71 -87 13 -67 -1 -28 -72 -83 -57 -62 -27 -88 -72 68 64 63 86 27 -71 94 -29 17 29 -64 -67 50 79 -70 -44 -99 24 74 67 -76 -97 53 -62 22 6 -32 100 -56 -24 -67 -56 70 4 60 88 -80 -18 -97 81 -11 -6 18 -71 87 41 -17 27 43 -6 -77 51 68 60 99 -9 -20 91 -86 -80 -52 36 -66 77 -68 -39 -52 1 20 80 66 8 -39 23 34 -72 53 -16 -83 71 78 -64 -72 59 99 -49 -44 87 87 68 -12 -33 34 32 -28 11 81 -40 74 -8 -72 62 20 -70 43 37 67 48 -42 -5 -12 -45 -51 93 58 16 -28 96 -96 86 85 -47 -12 -53 -26 -30 -94 54 -39 32 -89 -1 20 -4 94 8 9 -72 -16 -57 -52 60 2 49 -19 36 -22 14 1 63 -40 22 -64 -81 51 43 -13 55 16 91 -93 -15 -57 66 6 2 44 -95 38 6 -42 5 -63 61 -88 -87 -21 10 -36 90 -47 37 -18 -18 9 -27 -29 43 -43 -46 78 59 42 -22 87 -68 -19 89 -45 -63 -7 99 -50 -21 -55 15 8 -45 -17 34 23 14 100 -28 55 32 -12 40 -82 -37 -10 -63 89 99 -6 47 -84 63 -30 25 -14 22 29 -17 -31 -85 1 -44 98 65 99 -40 -92 -67 85 59 -74 -71 -41 -18 -13 22 52 -67 12 -84 2 72 -83 -65 -93 8 3 81 97 -50 -10 65 -92 -58 19 26 -40 -77 55 -81 73 -72 -97 -28 93 -29 47 2 -99 -82 -48 64 6 -44 44 67 36 -32 -16 31 -71 17 35 60 44 -24 85 -64 88 -40 -58 70 84 94 29 -85 69 92 95 39 24 64 -45 -60 -34 -87 50 66 -93 -7 16 -70 -22 22 52 -32 -64 15 96 43 -75 -73 17 -88 -56 -19 -37 -13 -32 71 55 46 -62 -93 90 -74 32 -25 -74 -56 13 -29 7 -96 24 40 23 29 17 -31 75 -28 50 93 59 35 -14 -51 -57 99 45 -44 2 81 66 -80 17 -47 8 -21 -95 1 67 31 -75 -71 -20 -39 -81 51 -54 91 -21 -46 75 -4 44 22 -24 -16 -45 ; 
8:28 33:131 2:6 34:134 22:84 15:59 37:145 20:78 33:129 34:136 5:17 20:76 38:148 17:67 24:96 28:110 33:129 19:73 5:17 24:94 12:48 26:102 27:107 27:107 10:36 30:118 40:160 19:75 15:57 21:83 22:88 20:80 16:64 32:128 5:19 33:131 24:92 24:94 20:78 9:35 28:112 15:57 18:68 4:14 1:3 8:28 40:156 12:48 11:43 4:16 34:136 21:83 38:152 34:134 11:43 40:158 18:72 32:126 9:33 41:161 19:73 44:174 7:27 9:33 6:22 30:118 1:1 6:20 37:147 41:161 10:36 34:134 22:86 14:54 4:14 22:88 24:94 3:9 31:121 30:120 28:108 39:155 21:83 35:139 26:104 28:110 9:33 7:25 35:139 7:27 20:76 25:97 39:153 16:64 17:67 23:89 20:80 12:46 32:124 49:195 19:75 16:60 21:83 1:1 39:155 19:73 35:137 1:1 6:20 1:1 24:94 13:49 28:110 42:168 26:104 16:64 15:57 16:60 6:22 29:115 28:112 12:48 9:35 4:12 1:1 32:128 15:57 2:8 7:25 20:76 16:60 18:68 2:8 36:140 9:35 16:64 23:91 21:83 26:104 26:104 17:67 21:81 7:27 7:25 36:140 19:73 7:27 3:9 34:134 13:49 23:89 16:60 20:76 30:118 16:60 7:25 20:78 7:25 42:166 2:4 22:86 8:30 12:44 40:160 72:286 3:11 29:113 10:36 35:137 14:56 18:72 32:124 22:84 29:115 47:185 2:4 10:38 16:64 4:16 17:65 21:83 12:46 28:112 11:43 20:76 37:147 8:28 21:81 3:9 20:78 33:131 24:92 27:105 10:38 25:97 16:62 20:76 11:43 39:153 22:84 14:52 21:83 8:30 32:128 16:62 11:43 22:86 36:142 12:46 30:120 2:6 16:60 29:115 28:110 23:91 8:30 33:131 35:137 18:68 5:19 15:59 23:89 22:88 31:123 10:36 26:100 22:84 42:168 7:25 4:12 10:38 16:60 21:81 14:54 43:171 21:83 26:104 1:3 12:46 24:96 4:12 4:12 32:126 10:40 8:30 65:259 15:57 1:3 8:30 10:36 9:35 42:166 46:182 32:126 21:83 34:132 6:24 25:99 26:104 22:86 40:158 4:14 18:70 21:81 18:72 20:80 13:51 25:97 1:3 7:27 40:156 31:123 23:91 30:118 16:60 28:110 19:75 2:4 6:22 5:19 3:9 14:56 30:120 6:20 28:112 8:28 28:112 2:8 21:83 38:148 60:238 15:57 37:147 15:59 17:65 32:126 3:9 1:3 20:80 12:48 26:100 36:142 12:44 41:163 32:124 6:20 13:51 13:51 17:67 40:160 8:30 2:8 20:80 14:52 32:126 11:43 25:99 0:0 30:118 31:123 19:73 6:20 6:22 10:38 12:44 22:88 28:108 2:6 14:56 6:22 28:108 10:40 23:91 6:20 14:52 12:48 7:25 38:150 13:51 24:96 22:84 43:171 9:33 27:107 12:46 40:156 30:118 22:88 31:123 33:131 16:62 24:92 19:75 40:158 15:57 13:51 2:4 33:129 38:150 40:156 40:158 30:116 28:112 28:108 14:54 25:99 26:102 7:25 5:19 17:65 5:19 16:62 14:54 6:20 10:40 15:57 22:86 9:33 30:118 12:44 17:65 21:83 18:72 17:65 24:94 12:44 4:14 35:137 32:126 8:28 9:33 9:33 22:88 8:30 15:57 34:132 24:96 5:19 17:67 19:75 3:9 9:33 18:72 22:84 24:96 3:9 35:139 6:24 4:16 27:107 16:64 21:83 25:99 31:123 28:108 5:17 15:59 6:24 39:153 26:100 40:160 50:200 33:131 22:86 3:11 1:1 20:76 11:43 9:35 8:30 37:145 9:33 22:84 40:156 8:28 10:40 24:94 12:48 16:64 22:84 18:68 23:91 23:91 15:57 12:44 20:76 28:108 16:60 5:17 29:115 12:46 1:1 8:30 16:62 2:8 7:27 11:43 14:56 28:112 7:27 25:99 20:80 8:28 4:12 61:243 11:43 17:67 40:156 3:11 7:27 6:22 28:110 1:3 4:12 18:70 10:38 24:94 11:43 11:41 14:52 20:76 2:8 6:24 11:41 28:112 39:155 2:4 38:152 18:68 30:116 15:59 36:142 32:124 30:120 10:40 19:73 6:20 18:68 32:128 26:102 6:24 ; 
L -92 78 51 53 -29 -15 33 -42 42 -99 18 61 5 54 -15 -68 -11 -28 92 -66 -85 89 -65 10 83 15 82 81 40 -50 86 -31 27 7 -27 -55 8 44 -61 4 12 -21 9 89 -96 91 94 89 68 4 -72 -88 86 70 59 -96 -57 -55 63 -11 73 77 83 24 100 86 -89 -35 65 50 95 -33 93 7 -85 89 -19 28 -100 -82 6 95 -26 -68 -57 81 -59 8 -91 -89 69 32 41 -87 100 -77 -76 70 36 -100 -87 1 -21 21 -24 -19 86 -37 44 72 -39 26 -30 46 -34 15 77 95 -24 41 -73 23 -1 -35 26 86 14 34 52 26 70 64 -49 28 -69 83 26 61 -57 67 21 32 19 -90 -16 76 -95 -92 75 55 -76 87 -98 -9 77 -56 -18 -63 58 52 47 -15 -31 55 90 2 59 -87 82 11 -32 78 46 35 -38 40 79 -81 44 -35 -23 -37 -23 -77 27 70 87 53 24 -6 46 -51 34 -99 -76 -30 -86 -16 62 -12 -84 60 -65 -14 -18 -47 7 -43 23 -98 32 86 70 -63 14 77 -12 -30 -52 92 54 -97 -1 -49 -35 -63 -54 -51 -5 87 -13 63 23 70 -30 -77 3 -8 15 -24 -37 -91 54 -46 -19 -7 58 10 19 8 -76 79 87 -72 -79 46 49 -18 -35 61 17 -6 -63 -27 31 98 94 -3 -36 -99 32 45 97 -24 -79 -42 82 -98 91 62 -40 51 49 -47 -74 20 69 21 98 -85 25 -86 60 28 40 79 -55 -11 -34 32 -50 -16 77 -45 85 -80 84 -96 98 73 3 -31 65 -27 2 -3 -26 54 -90 33 -8 -86 -16 -81 -61 79 -13 72 -40 84 34 -81 -16 5 47 37 97 -95 -61 99 47 -15 75 -92 -73 -15 -17 52 -12 -84 -24 44 71 -76 87 -68 61 -60 46 -5 -6 -48 72 -58 76 -95 -53 -50 -15 58 -9 53 60 -99 -93 -98 -65 50 -70 -32 64 13 -43 -91 -98 -52 88 87 -34 -41 -75 -77 34 -24 60 -28 83 47 80 -41 66 76 -6 50 -11 36 63 72 -2 32 -62 -96 -4 -61 -100 -28 -56 -31 -42 53 -15 -83 -9 37 81 65 -99 27 -74 65 -96 96 -11 -89 44 -2 -49 -31 12 100 61 -88 -86 64 94 -29 55 -64 -78 76 -5 91 -13 88 21 98 42 93 -36 28 -100 25 93 94 40 -82 13 -15 83 85 51 75 -46 -90 29 36 63 18 -76 39 -64 -98 20 -61 45 56 97 -65 95 34 73 -68 67 11 -5 82 -24 -86 9 3 ; 
64 4 35 84 73 73 96 36 72 25 12 80 27 74 16 88 65 9 78 84 78 44 59 39 90 62 14 5 69 27 42 69 55 7 45 48 37 67 95 100 30 48 96 34 88 86 21 80 10 5 36 40 69 67 55 19 23 55 45 65 20 84 17 82 10 90 53 43 26 12 95 9 82 48 36 15 9 91 91 99 70 63 23 55 46 93 8 61 14 48 7 57 55 42 4 24 6 38 71 4 97 73 26 22 78 31 47 31 100 65 39 30 9 96 55 12 41 42 54 46 46 63 39 5 13 37 56 10 36 72 52 100 69 83 54 93 38 83 6 82 78 3 35 30 33 55 47 63 20 6 62 41 85 9 67 55 71 4 66 31 31 70 47 60 21 63 53 24 70 82 59 52 2 36 16 11 97 5 65 37 75 91 24 97 30 7 54 99 82 62 72 15 34 93 16 87 1 65 15 91 78 99 8 48 32 67 6 58 66 82 41 41 60 90 10 77 92 35 7 76 50 45 96 75 7 98 19 43 61 1 5 37 1 14 3 85 69 39 82 6 100 11 54 35 55 62 63 46 6 87 13 85 74 94 52 38 44 65 56 99 42 70 37 43 17 72 19 31 97 77 20 92 99 77 63 18 24 50 66 44 42 46 71 52 50 94 25 89 82 64 68 95 36 53 79 77 14 61 61 1 81 79 6 84 7 11 61 41 54 12 97 85 67 12 33 95 32 86 62 87 92 53 88 13 98 6 49 44 87 25 47 16 71 96 47 95 70 48 61 10 32 88 8 61 63 49 94 23 52 71 30 63 43 63 40 56 18 87 53 5 61 70 89 79 15 99 83 67 11 54 50 50 15 84 82 43 49 99 20 1 54 90 51 65 65 94 87 34 51 63 84 77 43 88 56 31 86 25 96 71 97 10 70 26 67 20 73 25 43 63 5 95 15 66 52 58 40 55 87 16 53 47 66 80 88 78 81 27 36 1 47 20 33 33 14 27 17 20 97 30 28 31 62 53 75 51 82 85 12 12 65 46 10 75 80 7 15 46 10 58 2 19 26 67 61 23 46 13 95 5 45 66 16 57 26 6 27 93 28 19 68 72 7 60 12 82 27 77 48 54 20 75 86 38 11 94 77 1 43 9 24 ; 
L -92 78 97 -52 -58 92 -75 -8 21 -50 -16 78 -56 -31 -42 29 -97 47 96 81 8 -13 34 -81 -16 5 46 72 77 -91 -89 34 -91 -50 21 -69 -41 7 -43 23 -27 2 87 -98 -9 77 -56 36 3 95 -76 58 82 -86 -24 -97 -85 89 -65 10 83 15 46 -51 34 -53 -51 -37 -47 -90 100 -77 61 5 44 -89 -73 32 70 -50 65 -89 44 15 -24 -79 -42 82 -98 -96 -4 -61 -90 -70 -82 -100 25 93 99 75 -37 87 57 80 17 15 -63 39 28 6 -24 -53 59 -87 82 -24 -15 34 12 -77 -14 -33 90 -54 49 -47 -86 -55 31 15 -86 -30 24 -15 21 -24 -19 -77 34 -24 60 -28 -52 -83 -92 28 69 -28 40 -72 -94 18 -76 81 -72 -44 37 -35 89 -86 -100 -24 12 32 73 65 50 95 -16 -81 -61 79 -13 30 76 99 36 -100 -42 42 34 11 -95 65 -97 -84 -24 44 71 1 66 -9 37 -59 -70 -3 -47 -95 -61 99 47 -15 -86 88 -40 -39 86 -25 85 50 53 -91 -98 -15 96 -84 65 76 -6 9 74 26 54 8 86 75 -63 -85 -83 26 70 -98 -63 55 62 20 -61 -32 86 91 45 56 55 -64 28 -64 74 -35 61 17 -6 -84 -89 -6 -87 76 -49 -35 75 55 96 1 12 -52 46 35 76 -8 -19 -88 13 -96 87 30 -46 30 51 18 -76 -32 98 -76 -18 12 40 -36 -95 -77 41 -73 23 -86 64 94 -29 60 -65 -14 -18 -27 31 -83 -19 -7 -6 82 -77 -65 94 43 -32 2 -70 -27 87 -79 61 -44 -52 88 -55 65 80 -85 45 68 15 -54 81 54 -2 13 61 -60 46 49 -68 -89 -94 -3 81 -59 8 -18 -27 99 31 -3 85 23 70 -33 93 7 -63 19 -98 -52 -34 -14 -4 100 64 13 -62 -98 -21 -69 -4 -40 -63 -66 41 -78 95 -49 -46 79 36 51 70 73 26 28 40 79 -63 -35 77 83 -20 -26 -68 -57 -63 98 64 36 -93 -42 -98 -21 -10 -58 32 -11 -29 87 -41 11 -31 27 63 -68 67 11 -5 -96 86 -72 -50 90 -32 -21 -67 57 -61 1 72 11 -77 -11 72 83 31 49 26 87 -68 -23 100 -28 19 -35 -23 -37 -87 -79 -38 54 -76 -16 76 -95 -92 -26 -51 -73 -34 55 -45 -32 99 -91 -60 2 58 -9 53 60 -99 -93 -98 5 -48 -82 -40 -86 -16 62 -12 -84 27 -7 -47 11 -91 5 5 -46 -92 15 -53 -15 33 100 61 -88 9 3 ; 
26:102 2:6 22:88 27:105 13:49 35:137 25:97 14:56 11:43 10:38 32:126 18:72 8:28 22:88 35:139 21:81 9:33 5:19 37:147 35:137 25:99 14:56 13:51 7:25 29:113 39:153 20:76 11:43 55:219 62:244 20:76 17:65 9:35 15:57 22:88 38:150 12:46 22:84 24:92 27:105 10:36 14:52 12:46 34:136 4:14 27:107 22:88 34:132 39:155 17:67 40:158 6:24 40:156 14:56 26:100 12:48 30:120 18:70 24:94 16:62 36:144 25:99 4:16 6:24 14:54 10:36 34:134 20:80 38:152 23:89 4:14 10:38 17:65 11:43 12:44 7:27 36:144 11:41 1:1 8:32 40:158 16:64 6:22 26:100 23:89 26:100 8:28 10:38 20:80 14:56 6:24 27:105 20:76 8:32 14:52 6:22 8:30 11:41 16:62 26:100 19:75 5:19 39:153 11:43 14:56 38:150 19:73 9:35 37:145 26:102 25:99 33:131 39:153 10:38 28:112 18:72 18:70 5:19 16:64 37:147 31:123 22:88 35:139 25:99 19:73 21:83 33:129 17:65 24:96 19:75 24:96 30:120 30:116 3:9 31:123 32:124 13:49 22:86 18:68 36:140 23:89 13:49 7:25 14:54 10:40 32:124 35:139 22:86 6:22 35:139 17:67 16:64 18:72 4:16 7:25 26:104 40:160 3:11 14:56 22:84 36:144 4:16 36:142 5:17 26:104 11:41 5:19 38:152 9:35 6:20 40:156 3:9 20:78 8:30 35:139 7:25 92:368 2:6 4:16 29:115 2:6 25:97 23:91 20:76 31:123 16:64 12:48 26:100 18:68 45:177 40:158 50:200 32:128 9:33 22:88 22:88 10:40 6:20 25:97 4:16 13:51 36:140 10:38 28:110 18:68 37:147 8:30 38:152 28:108 23:91 27:107 37:145 26:104 27:107 39:153 17:65 8:28 6:20 28:112 27:107 33:129 28:108 34:134 13:49 18:70 30:116 6:22 33:131 2:8 29:113 21:83 36:140 18:68 18:72 13:51 17:67 24:96 25:97 12:46 16:60 3:9 33:131 15:59 34:136 14:54 6:20 10:40 34:136 40:158 17:67 28:112 19:73 8:30 14:54 42:164 10:38 11:43 3:11 31:123 3:9 32:124 19:73 35:137 21:83 9:35 15:57 26:100 6:20 35:139 25:97 30:120 6:24 11:41 14:56 20:80 39:153 15:57 35:139 12:44 17:65 17:65 27:105 28:108 12:46 3:9 6:20 22:88 17:67 18:68 19:73 26:100 8:30 22:84 30:120 21:81 37:147 4:12 20:76 13:51 10:36 22:88 4:12 16:64 25:99 32:126 28:112 54:212 25:99 3:11 19:73 1:3 26:100 6:22 3:11 17:67 27:105 34:132 38:152 29:115 35:139 17:67 22:84 30:118 5:17 3:11 18:70 36:140 7:25 45:177 13:49 6:24 25:99 17:65 35:139 22:84 31:121 21:83 4:16 32:128 27:107 11:41 4:12 25:97 6:24 3:11 11:43 47:187 34:136 9:35 15:57 6:22 2:4 33:131 20:76 1:1 11:43 24:96 22:86 15:57 4:16 20:78 27:107 6:22 36:144 22:86 35:139 33:131 36:142 14:56 46:182 8:28 3:11 39:155 16:62 31:121 26:100 18:70 16:60 16:64 15:57 22:84 38:148 4:14 10:38 32:126 31:123 3:11 22:88 34:134 7:27 6:20 13:49 22:88 19:73 10:40 9:33 29:115 14:56 4:16 19:73 6:24 3:11 10:40 19:73 10:36 24:94 17:67 9:33 17:67 4:16 38:150 7:27 18:68 36:144 35:137 16:60 5:17 33:129 28:112 18:68 10:38 9:35 19:73 2:4 32:124 33:131 3:9 18:70 21:83 2:8 42:168 18:68 13:51 48:192 67:267 8:32 11:43 25:97 23:89 8:30 26:100 37:145 37:145 12:46 30:120 37:145 2:4 30:118 16:60 15:59 8:28 6:24 22:88 19:75 26:100 48:192 45:177 29:115 8:32 24:92 10:38 37:147 8:32 24:92 33:131 15:59 8:28 20:80 20:80 6:24 34:134 33:131 18:68 7:25 31:121 38:148 17:65 18:72 26:104 6:24 37:145 32:124 37:145 18:72 21:81 17:67 12:44 19:73 16:64 19:73 27:105 36:142 22:84 16:60 39:153 23:89 12:44 13:49 34:132 4:14 10:38 ; 
L 16 -47 -19 6 -53 -16 65 59 -41 38 -41 -58 -88 -32 7 -63 86 -13 -99 42 34 -30 40 -12 -73 71 94 64 -83 98 -22 6 -63 29 46 12 32 20 -6 88 88 -77 2 -81 96 -81 -7 -36 92 -25 91 28 16 40 48 80 60 -7 43 14 54 25 56 -7 33 -3 71 44 16 -35 -10 85 -13 29 70 38 7 -94 49 32 62 -24 90 -93 76 73 -54 -95 45 -5 43 99 5 92 45 75 55 -28 38 -54 64 -97 -96 6 49 40 37 -17 -14 54 -59 -55 25 -3 27 49 51 100 -42 82 41 30 93 99 -72 -16 70 -59 45 -86 -20 -95 99 -44 31 11 -81 12 4 -86 42 60 -40 78 61 16 -58 54 -45 -55 -97 -24 2 52 -73 75 -65 -58 16 21 22 -19 69 51 18 -30 -88 22 -19 -70 33 41 -98 -27 41 70 -64 -43 31 63 97 50 -10 15 78 55 84 -37 31 -15 75 -30 21 45 59 93 85 -15 -89 -37 71 100 65 54 24 -81 85 81 -5 84 5 66 -82 61 68 -79 -38 74 -8 30 43 -7 -70 -85 13 -90 -72 3 96 49 -63 -73 -44 23 -80 -67 64 75 -60 -5 -68 78 7 -61 -36 58 -72 24 -35 -78 -65 -99 5 20 -87 -81 1 -15 -42 37 42 20 7 -53 -94 67 54 83 42 27 67 -56 -13 2 -2 -38 -2 22 -16 -21 -23 -65 89 -85 48 -94 -10 18 79 -37 -21 58 2 -84 38 25 50 99 81 -26 -19 -38 -35 50 -76 47 40 -1 44 -79 -71 -61 63 -17 -59 -5 -1 -49 7 41 42 -9 -40 99 -48 -36 -61 -45 43 46 4 48 24 -32 95 -81 -83 -63 47 93 -9 -2 -3 -17 22 35 -76 -81 -7 -69 4 -79 81 3 12 14 59 -18 98 42 23 -20 87 13 78 22 -41 52 60 -56 -100 84 -11 34 95 20 -4 83 91 25 80 -87 -1 23 10 35 -92 51 -36 -18 -85 90 67 54 31 -29 61 -7 -21 21 12 30 -8 77 59 19 -9 11 27 2 -8 49 -73 -61 38 49 2 -70 45 77 -59 -12 53 -97 -71 16 -35 27 -71 92 34 -74 11 -59 6 9 89 -53 -68 -25 -69 -94 11 62 -54 80 47 -8 -85 -68 31 38 55 99 62 87 -55 -70 -91 7 80 8 83 96 -3 58 79 -70 28 27 41 -10 -26 -64 -78 31 52 -4 -62 -12 -34 55 -39 -49 37 -17 7 -18 60 -43 -49 24 -69 25 37 60 16 8 28 -36 ; 
21 48 93 63 94 5 98 14 32 89 53 31 45 16 71 60 85 62 32 10 74 87 43 70 38 72 71 99 11 77 8 56 26 10 71 27 63 27 46 21 96 22 66 17 12 51 94 31 35 20 48 45 71 97 65 63 64 71 23 57 82 50 2 20 30 65 34 89 41 69 50 51 94 57 36 96 69 9 98 82 38 47 24 88 18 40 45 98 94 53 70 17 5 46 80 91 30 9 69 89 62 86 80 5 22 15 66 86 96 12 46 9 75 47 74 7 25 30 39 22 91 37 49 3 30 19 7 99 5 38 27 25 42 49 66 21 67 36 73 65 33 50 77 44 44 3 95 49 38 73 17 74 94 60 91 45 53 41 21 36 38 46 4 80 36 88 32 73 57 59 15 55 65 65 53 81 34 48 20 45 11 13 52 29 7 46 16 39 22 79 16 8 2 8 87 10 19 20 94 35 37 36 29 24 60 22 50 11 15 71 13 41 46 95 30 47 43 81 55 39 24 27 44 23 21 8 18 29 74 62 14 94 19 7 10 8 50 17 4 10 64 28 84 66 91 93 58 15 63 9 6 34 81 17 27 70 31 2 57 91 9 75 67 94 56 63 95 33 76 30 21 47 56 6 4 58 6 72 19 52 4 93 59 83 37 16 81 93 76 12 57 93 63 55 33 5 37 21 90 64 70 100 34 36 69 54 15 34 20 81 74 79 5 37 34 47 56 8 25 36 49 80 88 8 4 90 93 60 41 91 8 45 36 21 38 11 94 29 44 29 51 40 3 20 83 32 63 15 75 90 89 18 84 38 5 99 13 63 55 38 71 22 74 83 41 14 8 11 33 4 92 55 67 55 80 100 70 95 61 44 36 56 81 45 71 20 88 28 92 58 42 92 52 30 70 85 98 53 75 71 93 8 61 80 17 23 66 44 77 67 99 82 40 77 81 63 62 29 55 86 93 80 43 12 12 23 50 59 33 70 45 91 2 22 16 6 37 58 66 72 10 74 79 3 78 73 60 59 30 12 8 84 72 29 63 90 42 50 55 54 87 42 85 74 81 73 58 74 94 42 20 74 32 14 36 14 57 86 4 95 6 55 5 56 83 75 82 32 44 6 47 83 90 12 71 94 67 73 48 99 63 ; 
L 16 -7 -7 33 -3 71 -79 81 3 12 14 52 60 -25 92 91 16 -31 -54 52 -4 -12 -45 -71 -61 63 -59 -54 58 -16 66 -82 61 37 -88 13 -86 10 35 12 32 19 26 -24 2 -27 58 98 42 23 -20 59 -28 -60 -42 21 -13 2 -2 -38 62 -54 80 47 -75 73 74 -8 -38 65 83 81 -95 32 -24 -48 55 3 17 3 2 9 -93 42 94 53 -7 -20 -49 -59 -77 8 -30 -95 1 87 -80 -25 -8 -34 -78 31 27 41 -10 43 -40 -16 -54 -50 -25 -38 34 99 5 -35 -78 -65 -99 5 -5 -20 60 -75 -68 78 -61 38 -25 -96 -83 42 39 -55 -67 -24 90 -93 76 -70 -29 13 -85 79 -81 1 40 -2 21 -22 88 87 -70 -91 7 80 8 -1 -55 -75 -81 38 -56 -65 89 30 43 -25 69 -65 -58 3 96 49 13 -38 -6 -5 -84 -94 62 13 -90 -72 16 21 22 -19 -59 48 78 -37 19 -9 11 27 2 31 63 97 -63 29 46 59 -11 74 60 92 34 18 -7 17 -23 -34 -81 58 -64 -7 43 14 62 87 -55 -63 -73 -44 23 -80 75 -30 21 45 77 3 61 9 89 -53 -59 -79 -17 -14 -36 19 47 5 -81 -85 81 38 89 15 -5 96 7 68 -79 68 -41 51 -43 5 -45 2 61 -62 -12 -85 45 79 -44 55 30 -18 -51 -69 93 85 59 17 32 73 42 -100 -51 -49 10 35 -16 -44 -4 69 7 81 76 -35 -83 -54 -67 60 -40 49 -18 10 94 -16 -58 2 30 -56 16 18 59 12 81 37 41 -98 -27 41 70 -64 -43 37 -24 -18 -85 -31 68 70 -2 -24 15 -16 71 47 86 -54 28 -49 7 41 42 6 -20 63 23 99 88 58 41 -38 -69 -94 11 -41 -82 -54 -95 -86 -20 -95 -15 10 48 -53 12 -59 41 -22 -78 55 99 50 99 -31 16 72 -99 -93 11 -84 90 67 22 21 12 -100 -38 -60 42 -71 37 97 -99 40 9 -32 7 45 99 -44 31 43 46 4 -97 -84 -55 -97 6 -53 -15 -67 64 -87 -37 -21 92 45 -8 -85 85 70 -73 71 48 80 37 -40 30 -22 -25 1 -40 -47 76 -50 35 -8 78 65 54 24 4 -52 -28 70 -25 -29 61 -7 -19 -70 33 63 11 -81 -96 6 49 -35 27 -71 94 -49 -92 36 7 45 64 -83 98 -22 6 54 -84 88 -77 70 36 42 27 36 72 -91 -83 4 -20 56 49 -73 7 -61 64 26 -49 100 28 -36 ; 
9:33 16:60 22:84 12:48 26:104 14:54 24:92 34:134 16:60 2:8 40:158 5:19 14:52 20:78 19:73 12:48 26:102 67:265 28:112 23:91 14:56 30:116 28:112 23:89 32:126 2:8 56:222 3:11 20:78 38:152 17:67 19:73 38:152 30:118 57:227 6:24 25:99 40:156 8:32 42:168 26:100 14:54 28:112 2:4 38:150 27:107 12:48 7:25 16:60 29:113 9:35 17:67 24:94 20:76 8:28 4:16 21:81 3:9 2:6 24:92 5:17 32:124 30:116 24:96 36:140 18:72 37:147 48:192 30:120 8:30 18:68 38:150 5:17 16:60 9:33 15:57 6:20 8:32 10:38 8:32 2:4 16:64 21:81 15:57 8:30 23:89 38:150 27:107 24:94 38:148 7:27 32:128 25:97 32:124 8:32 33:129 23:89 15:57 16:60 12:48 22:84 6:22 18:72 8:32 30:118 14:52 37:145 39:155 24:92 15:57 13:49 2:8 26:104 14:52 2:8 8:28 4:14 3:9 14:54 33:129 1:3 8:32 10:40 2:6 4:16 12:44 38:148 33:129 22:84 27:105 30:118 11:43 29:115 2:8 16:60 10:38 10:38 36:140 8:28 33:129 15:57 23:91 38:150 19:73 6:24 13:49 14:56 18:70 18:70 10:40 30:116 14:52 28:110 22:88 22:86 35:139 17:67 51:201 4:14 12:48 37:145 14:56 15:57 14:52 25:97 34:136 10:38 8:28 5:19 42:164 17:65 12:46 30:118 25:99 8:32 32:124 25:99 9:35 6:20 11:43 17:65 17:65 4:12 8:28 9:33 15:57 16:60 19:73 5:17 20:78 12:44 16:62 17:65 27:105 18:70 31:123 27:107 18:70 18:72 5:17 4:16 4:16 29:113 30:120 9:35 1:3 5:17 0:0 18:72 50:198 13:51 33:131 25:99 42:168 16:64 42:168 22:88 31:121 10:36 23:91 20:78 36:144 17:67 24:92 38:150 8:30 3:11 4:16 1:1 4:12 1:3 4:12 27:105 10:36 46:180 21:83 15:59 24:92 17:67 15:59 19:75 39:153 16:64 15:59 38:148 26:100 6:24 5:17 20:80 11:43 19:75 38:150 22:86 6:22 14:52 15:57 19:75 21:81 23:89 19:75 60:238 28:112 22:84 36:140 32:126 27:105 38:152 6:20 29:115 22:86 33:129 34:132 16:64 36:140 15:57 32:128 2:4 8:30 6:20 14:54 5:19 20:78 16:64 16:62 12:48 10:40 4:16 20:80 28:110 17:65 20:78 36:142 36:144 30:120 6:24 26:100 14:56 14:52 38:152 38:150 31:123 27:107 43:169 38:148 33:129 20:76 50:200 32:124 2:4 22:88 23:91 33:129 44:172 27:105 8:28 5:17 42:168 26:104 26:104 22:84 33:129 14:54 20:76 14:54 30:116 54:212 17:67 13:51 4:12 27:105 12:46 48:190 5:19 12:44 10:36 17:67 11:41 49:195 21:81 4:12 10:40 15:57 20:78 10:36 19:73 36:142 32:126 2:6 20:76 18:72 13:49 22:84 14:54 30:118 32:126 13:51 37:145 11:43 40:156 30:118 11:43 10:40 8:32 12:46 32:124 2:4 18:68 14:56 5:19 4:12 6:22 14:56 12:46 18:68 9:33 34:132 10:36 8:30 12:48 2:4 11:43 27:107 24:92 21:83 28:112 28:112 38:148 36:142 6:24 30:120 5:17 23:89 15:59 3:9 6:20 4:12 36:140 26:100 29:113 19:75 6:24 20:78 27:105 18:70 37:145 4:12 20:78 33:129 7:25 7:27 22:88 38:150 30:118 10:36 20:80 32:124 27:107 23:91 25:97 32:128 13:49 12:48 24:96 10:36 34:136 29:115 28:112 26:100 58:230 19:75 18:68 15:57 43:169 5:19 14:54 6:24 22:86 28:110 15:57 32:128 13:49 27:107 10:38 24:96 4:12 35:137 22:86 38:150 8:32 10:40 40:156 22:84 43:171 24:94 6:24 9:33 13:49 27:107 16:60 2:8 9:35 2:6 24:94 14:52 21:81 32:124 12:48 14:56 13:49 10:36 37:145 5:17 31:123 4:12 23:89 36:140 15:57 29:115 9:35 18:70 4:16 21:81 12:48 56:224 20:76 1:3 25:97 38:152 28:112 14:52 11:41 16:64 28:108 27:105 42:166 6:22 19:73 11:43 22:86 40:158 26:100 ; 
L 94 89 -99 24 -1 11 -80 60 -58 44 29 -13 -98 91 92 -60 96 77 -85 -15 82 -13 27 48 -76 22 84 51 22 40 -15 -15 56 22 -51 37 -30 92 76 -52 23 -58 -17 -48 69 54 -89 -60 -23 -88 -72 14 2 -18 43 -62 16 -73 -72 53 -23 63 33 32 100 11 -76 96 70 -48 -68 48 -87 -71 -70 -31 -45 21 -23 -30 -38 89 82 50 -36 -7 -37 -74 -52 88 57 33 -21 -50 -94 -21 67 -70 -32 -27 -43 -90 26 15 -43 -80 -3 -30 -87 27 -78 -15 -38 -84 49 -3 -27 -58 -67 -5 -38 -27 27 80 57 -45 -4 -52 46 53 32 56 52 -5 -97 -9 -71 -7 94 -39 -22 44 -91 62 22 9 14 10 94 95 62 45 83 -19 2 98 -17 -18 31 -25 -77 54 63 -89 60 41 38 -13 81 -30 17 -29 -64 -12 -68 -61 -52 87 -98 -75 1 94 29 51 62 46 85 -40 -36 -92 20 88 53 -31 -22 92 -31 81 -86 69 78 -24 22 -60 38 -41 16 47 -35 -20 69 -8 -38 90 -27 -5 -27 58 -6 -89 22 -16 -93 40 -40 39 -62 -93 63 22 57 98 -22 -48 83 -100 96 -2 2 -32 -3 99 -27 -82 97 -21 26 -65 76 -48 79 59 70 45 54 46 -30 -84 58 43 26 -72 38 68 -23 30 18 50 -52 -95 49 58 -62 -98 21 -93 20 -67 -34 20 80 57 -1 67 -3 26 44 -46 -52 -44 -46 -79 -98 -27 33 69 45 32 -86 -51 70 -55 -87 -5 88 84 19 -55 32 -84 10 73 79 23 11 -63 -53 22 65 -2 -95 85 -16 96 70 9 -44 36 58 -97 18 31 -39 97 -37 77 -80 -1 -31 -90 7 -71 -50 79 -56 29 36 73 76 18 -6 -52 63 -78 89 -35 -83 47 3 -72 64 87 80 -50 28 75 49 18 7 69 -90 -10 14 5 11 -8 50 -99 8 -71 85 -86 -49 -69 -90 67 75 86 70 -77 -28 44 79 -30 75 -93 -42 -86 92 -36 40 -80 62 22 -19 -87 -95 -42 49 63 51 -98 -34 52 -42 70 77 5 -86 -93 -24 -88 1 43 -30 6 58 -75 54 94 23 54 -76 -18 55 -27 77 -63 -5 -92 52 11 -34 20 90 90 64 -86 31 -41 94 13 44 -19 -59 -65 -5 -2 98 19 81 -50 -20 -74 -76 62 -89 -82 21 91 4 -28 99 -19 40 67 -5 31 -80 -12 -81 25 -41 45 21 22 -17 36 24 -21 71 20 -54 23 -43 -35 -51 -11 -13 -52 ; 
2 48 5 33 43 71 99 65 19 97 59 79 24 21 3 13 54 96 55 24 10 22 88 41 6 77 73 8 28 70 32 92 58 54 50 57 32 58 43 3 54 52 51 39 54 44 89 38 69 51 16 43 57 59 32 81 92 13 18 60 60 59 12 33 81 98 2 96 61 73 86 25 35 89 64 98 56 2 82 73 27 94 17 28 27 53 28 5 62 22 19 88 12 17 41 42 56 32 95 50 43 95 91 62 7 89 82 1 69 41 18 23 87 34 40 94 69 70 97 48 31 29 99 5 53 37 18 42 72 14 23 4 15 43 71 13 35 93 79 67 18 46 39 76 57 60 38 20 67 83 56 15 30 74 15 12 62 38 36 100 52 38 36 4 19 63 81 64 88 2 81 25 58 74 83 89 20 52 33 81 64 36 97 67 90 87 66 55 43 36 20 56 6 50 83 35 27 4 45 52 59 28 26 92 43 28 61 19 83 26 35 58 18 34 75 67 83 25 17 42 86 59 37 46 99 78 60 41 6 79 45 85 25 45 86 5 16 33 23 18 33 79 43 13 73 22 7 50 86 38 90 84 87 9 9 43 9 81 25 14 99 9 13 58 83 60 66 16 78 84 67 71 28 99 5 37 78 65 47 72 54 69 82 8 12 66 38 51 79 59 89 81 23 75 30 64 73 4 66 25 39 61 44 58 95 18 77 16 18 53 1 8 40 61 25 11 9 42 95 42 57 43 47 13 69 31 88 30 11 34 35 79 46 7 60 20 36 63 68 100 22 96 90 41 37 50 59 40 38 46 99 94 19 39 67 53 37 34 75 17 86 74 19 27 48 75 46 73 85 42 53 22 77 78 97 73 73 66 59 45 29 3 34 21 30 88 81 52 91 79 22 18 94 65 42 73 34 17 37 46 62 99 84 32 10 23 48 53 98 73 42 37 97 14 34 35 36 59 27 84 27 17 39 90 73 19 72 82 69 65 96 17 34 85 88 90 96 6 61 37 77 43 5 64 94 11 1 62 17 4 85 78 71 71 98 62 69 62 51 80 64 17 81 9 88 47 77 72 64 78 89 17 88 50 63 96 10 18 61 14 51 50 34 55 2 2 34 61 3 29 4 38 3 69 6 93 46 11 32 75 89 ; 
L -7 -37 41 -38 51 62 46 85 -87 69 71 -52 41 38 48 19 -55 25 -31 18 -52 -86 31 60 50 21 -33 -27 -82 97 -21 26 -65 58 -23 52 -76 63 -2 79 -20 -65 -22 58 43 -4 49 -54 -45 34 67 -20 40 67 -5 1 94 29 68 -31 23 -21 17 -29 -64 43 27 -81 -75 -78 -82 15 85 45 31 70 -90 -38 89 -98 2 5 65 27 3 88 -98 -27 33 83 28 98 18 -2 -14 72 -85 31 -53 -88 -20 -74 -76 80 -84 -90 -10 -2 19 -83 77 -70 -46 -67 -22 -82 -44 -26 3 -19 11 -98 11 -70 -96 76 77 93 22 -51 11 -8 50 -87 -5 3 80 35 -47 -16 41 -31 -17 77 30 -7 90 22 39 -94 7 71 -84 88 57 -90 26 -43 -23 60 -36 -92 84 30 -46 86 -27 -22 -18 97 -49 95 50 -54 -69 17 96 -42 -73 58 95 2 46 -1 -31 -22 92 54 -88 5 27 -90 23 54 60 -22 6 58 -75 54 94 38 8 9 86 -64 -90 -90 -2 -44 -48 -87 -64 72 -3 -52 -75 -62 -32 -53 80 -77 37 62 22 9 14 -89 -22 -43 -60 -23 28 71 -8 99 55 -70 51 86 38 68 -23 30 18 50 -36 44 -9 -70 -96 16 -85 -62 -98 21 92 5 -63 52 6 15 -43 -30 -45 41 -25 81 12 80 -52 -48 -5 -70 -32 -12 -68 22 57 88 -10 4 87 30 -49 52 74 -48 -36 -29 -49 -75 -28 99 61 -63 93 62 -39 40 -40 93 -32 58 3 32 -62 72 -26 45 -57 -80 -27 79 -100 -1 1 -24 99 -89 -94 36 -11 -23 -79 70 22 84 51 -80 69 45 50 -63 -53 83 35 -89 78 63 -42 -86 -13 -34 18 -92 -91 98 13 -29 -13 -48 -27 -76 77 5 34 98 55 -27 31 -39 97 91 -44 -24 94 95 62 45 56 15 -40 -22 -30 92 23 -53 72 73 -16 56 52 79 58 59 19 -44 -13 -94 17 76 -14 -82 -56 -50 -30 75 -15 -69 86 -52 87 -98 -70 -59 -92 1 -57 -48 16 -22 89 6 -58 -40 36 -67 -5 -38 -27 50 71 -81 93 51 18 36 24 -21 71 20 -76 -73 76 20 89 -62 60 -58 -96 43 -20 69 11 51 37 -89 -35 -5 -24 21 97 -67 21 94 20 80 -80 38 15 78 -27 32 -10 84 -32 -77 54 63 -91 -21 7 -69 79 46 44 52 -18 -81 -19 99 -19 93 86 100 11 33 -40 47 -87 -95 -42 49 63 44 -30 67 -13 -52 ; 
21:83 12:44 7:25 12:44 12:44 36:144 35:139 27:105 16:60 19:75 38:150 32:124 36:140 33:129 39:155 27:107 7:25 8:32 40:160 15:57 7:27 8:28 10:36 20:76 26:102 7:27 5:19 34:136 6:20 30:116 9:35 3:11 20:80 44:174 21:83 22:86 2:4 25:97 11:43 18:70 36:144 27:107 38:152 2:8 6:22 14:54 12:48 15:57 4:14 32:124 19:75 26:104 16:60 39:153 4:16 26:104 15:57 39:155 1:1 35:137 9:33 33:131 11:43 10:40 24:92 7:27 18:68 17:67 43:171 17:65 16:60 4:16 10:38 21:81 23:89 40:156 14:54 6:20 38:150 26:100 21:81 25:99 28:110 44:174 28:110 20:80 15:59 30:120 12:48 30:118 33:131 12:48 9:33 24:94 23:91 18:68 3:9 23:89 20:80 3:9 34:136 4:14 36:140 25:97 37:145 2:4 9:35 32:124 6:24 30:118 2:4 32:126 26:102 16:64 16:64 23:89 44:176 16:60 27:105 5:19 0:0 30:116 27:107 37:145 25:97 39:153 31:121 3:11 61:241 20:80 13:49 30:116 30:116 8:30 24:92 23:89 33:131 36:140 34:132 8:30 42:164 2:6 6:24 10:38 24:96 29:115 9:35 16:62 8:28 27:107 32:126 38:148 24:94 7:25 8:30 21:81 37:145 41:161 10:36 8:28 14:52 15:57 16:64 33:129 4:14 17:65 24:96 13:51 34:136 14:56 27:107 27:107 36:144 6:24 18:70 37:147 12:46 51:203 12:44 6:22 8:28 23:91 9:35 5:19 28:108 33:131 14:56 36:142 6:20 15:57 27:107 30:120 17:65 7:27 5:17 37:147 6:20 29:115 33:131 28:110 26:104 36:142 8:28 18:68 24:92 25:99 1:1 5:17 12:48 30:116 11:41 9:33 30:118 35:137 7:27 42:164 30:116 22:84 36:140 10:36 26:104 15:57 8:32 25:97 23:91 24:96 16:60 27:107 8:30 2:8 30:120 28:110 19:73 14:56 18:72 24:94 37:145 25:97 16:62 10:40 14:52 15:59 34:132 24:96 27:105 7:25 28:108 12:48 36:140 13:49 28:110 6:20 19:75 22:84 40:158 2:8 32:128 15:59 5:17 8:30 38:150 24:92 3:11 11:43 9:33 22:88 14:54 20:80 21:81 6:22 7:25 20:80 20:80 8:32 38:152 35:139 34:132 44:176 18:72 36:144 20:78 16:60 11:43 28:110 34:134 19:73 25:99 6:22 18:72 24:94 28:112 19:73 30:120 7:27 16:64 24:92 3:9 17:65 24:96 32:124 40:158 19:73 21:83 16:60 40:158 14:52 7:27 9:33 4:14 34:132 15:59 22:84 2:8 52:208 14:52 36:142 16:60 18:68 14:52 2:8 20:76 2:4 6:20 10:40 25:97 19:75 24:96 30:116 4:12 23:89 30:118 30:116 4:14 10:40 4:14 28:110 15:59 22:84 27:107 36:142 14:52 7:27 8:30 18:70 19:73 17:67 2:4 9:33 10:38 32:126 26:102 4:12 17:65 35:137 22:84 24:94 10:36 39:155 43:171 36:144 17:65 19:73 3:11 30:120 16:62 13:49 14:56 34:132 23:89 6:24 41:163 15:57 13:51 28:112 21:81 24:92 17:65 24:96 24:96 8:28 6:20 4:12 6:24 34:132 64:254 10:36 40:156 29:113 29:113 32:124 23:91 12:44 29:113 1:3 8:28 8:30 11:43 17:67 13:51 18:68 21:83 38:148 21:83 14:52 7:25 35:139 26:100 3:9 33:131 5:17 39:153 24:94 35:137 17:67 7:27 7:27 25:99 2:8 20:76 13:49 12:46 4:16 36:144 11:41 11:43 24:96 8:28 51:201 2:4 12:46 2:6 16:60 6:20 6:20 1:3 26:102 46:180 31:123 21:81 8:30 36:140 7:27 30:116 14:56 20:76 5:17 30:118 22:86 23:89 38:152 10:38 6:20 4:16 34:132 23:89 17:67 4:14 22:86 28:110 31:121 44:172 10:36 8:28 14:52 14:56 1:1 22:84 20:80 16:60 15:57 4:12 32:124 13:51 16:62 8:32 33:129 36:142 24:94 31:121 21:81 26:102 13:49 20:80 42:164 6:20 49:195 40:156 27:107 32:126 7:27 16:60 20:76 22:84 40:156 30:116 24:96 19:73 41:163 30:116 30:120 36:142 ; 
L 6 -2 -41 53 10 58 36 1 47 -91 -41 98 -28 -38 77 -64 -92 -91 -53 11 -72 63 -56 -30 20 56 -89 -59 -55 -87 -19 -26 42 84 50 -43 54 41 15 -41 80 -90 -68 -84 -92 -71 -43 -98 57 34 83 41 -56 32 -55 36 -30 27 -4 -58 30 -41 -63 13 60 -28 52 -89 57 30 -27 75 39 78 -56 86 -92 88 -18 -39 82 -99 -21 7 -19 57 -15 -48 -40 -84 96 44 -96 54 -7 99 -72 -94 -57 -74 -84 43 75 87 49 -75 93 3 37 -26 89 -52 -42 41 31 18 36 92 -15 81 26 -92 45 16 -78 -95 -36 -78 -6 56 21 49 -27 77 -5 23 -18 36 -82 72 68 39 59 55 -98 48 57 -33 9 -26 -13 -57 88 -90 78 -72 -34 54 -69 -59 30 47 34 83 12 82 26 76 -81 63 13 -54 -5 -31 -15 -12 -24 23 99 -30 -37 -65 84 -75 4 22 -74 -45 26 67 -54 -89 -65 28 -100 -42 -13 82 10 -37 90 -36 -49 62 -97 -11 -84 65 80 87 -92 -35 87 5 -6 -68 -30 -42 88 -12 -63 -88 65 71 9 -31 -78 -51 19 85 -100 23 35 53 25 94 92 -26 54 70 66 4 44 -46 -62 54 70 -8 -42 -89 -73 30 -72 -31 -61 -28 93 55 -95 5 -21 -8 -10 56 9 19 100 1 -77 -52 -41 -47 33 -95 -5 99 82 -62 36 -85 -80 78 10 14 -46 -90 -56 -65 98 -82 -66 61 -96 -3 -79 90 22 62 -46 -23 -59 -37 -83 -72 -37 26 56 -98 -52 -46 -77 -20 77 -51 42 61 6 71 76 -85 -10 -53 -67 -73 99 -41 76 86 31 37 34 38 -13 -3 76 -54 90 -5 -73 -61 -48 82 6 -10 74 66 27 50 43 28 60 32 -45 -14 -20 87 -73 65 -12 34 -89 -31 -68 15 100 75 56 28 84 13 -76 25 30 85 -87 81 -42 -13 -82 -66 39 -85 -13 43 22 44 -65 -35 75 11 63 92 -5 67 -45 80 -37 2 80 -24 92 -69 -76 50 35 64 -63 -24 -52 62 -77 -72 -81 -15 39 -65 92 31 61 26 80 -54 84 90 95 -69 75 28 -99 18 22 -29 64 54 -13 -52 -89 35 -30 59 -16 14 48 2 81 75 64 93 44 -73 -96 95 -10 -4 5 63 12 -64 80 -98 82 24 -59 18 -99 5 -69 71 -30 94 91 -65 37 -39 35 10 84 67 -66 -31 69 61 2 83 -64 -61 4 -70 33 71 43 34 -7 81 19 26 -50 76 20 73 ; 
48 45 34 94 33 86 3 38 39 89 72 44 31 9 72 83 87 49 11 52 8 46 96 81 48 58 72 86 44 12 9 61 42 19 45 14 8 30 47 69 1 83 71 18 66 66 39 21 82 94 100 43 94 70 3 34 33 71 1 71 11 67 29 23 33 26 79 36 22 67 61 62 97 58 34 32 36 62 19 6 78 63 34 81 89 8 29 76 61 72 51 55 51 90 77 75 43 7 22 65 92 56 16 94 26 100 31 65 50 8 68 76 28 2 76 43 32 53 43 17 9 16 2 56 3 25 77 69 15 47 53 29 19 55 25 79 46 48 14 53 11 25 94 74 23 33 44 64 75 15 95 56 3 71 56 75 78 54 21 43 22 66 66 85 14 47 28 86 81 69 73 49 12 59 19 4 77 67 51 18 12 67 79 82 2 65 95 9 18 5 66 51 68 72 47 35 30 43 9 7 35 79 30 19 31 33 2 79 78 74 77 32 33 97 90 59 66 84 53 81 51 6 5 89 84 26 100 50 50 98 90 26 5 21 46 50 98 93 7 30 22 55 96 55 59 58 37 49 73 1 63 98 49 62 65 65 96 5 41 86 1 39 23 76 89 31 42 89 68 6 43 74 79 98 54 55 1 36 46 54 88 16 59 89 4 27 34 94 28 31 26 26 90 48 94 72 23 13 20 77 66 47 19 61 40 13 94 100 3 74 61 76 6 5 12 18 90 18 66 99 84 28 78 83 7 28 54 85 63 30 71 91 94 91 100 54 40 64 29 74 7 74 52 12 98 92 57 24 50 71 16 73 18 14 42 35 70 3 36 49 86 68 86 13 54 99 74 85 79 40 79 3 34 93 17 2 76 65 53 78 51 85 98 14 47 100 11 84 62 46 27 87 78 29 74 28 61 59 77 29 9 93 50 95 86 59 12 58 99 73 90 5 60 4 2 1 85 79 90 38 18 95 19 17 67 51 22 69 68 69 91 37 57 81 21 3 9 17 28 1 19 96 57 38 14 31 58 3 21 6 7 9 14 26 39 54 52 58 37 61 15 88 47 45 26 54 73 77 81 83 54 79 43 33 31 100 8 63 61 47 40 27 82 74 48 59 9 70 30 40 16 9 80 27 100 2 80 60 42 2 47 ; 
L 6 -2 -41 53 10 50 -26 -19 73 31 44 -57 89 -52 28 -60 -63 93 -68 32 79 18 36 39 89 42 8 -70 80 87 -92 -35 -26 92 -26 -5 -81 63 -13 92 -30 -76 55 -95 18 -25 76 30 -71 61 49 -75 84 -75 4 -63 13 -56 -30 -56 32 -55 36 65 -73 30 -72 -31 -93 4 -27 -34 -57 -65 84 12 -31 -68 -28 -14 42 61 -44 -76 -26 -82 81 -96 -9 -48 -40 -84 11 -48 -14 -63 -77 -52 99 -28 77 -62 52 24 -64 -10 -75 -100 -15 36 1 47 -91 71 76 87 5 -6 20 84 -57 -74 -26 -26 42 84 50 -41 22 -74 5 -41 -47 33 -95 -90 59 48 57 -56 -69 4 -70 33 -76 50 -45 26 99 -30 82 -36 -98 69 -54 34 77 -51 61 -96 -3 56 28 -98 41 -49 -75 -56 -13 -52 -89 35 30 -41 -83 -37 -65 72 -61 -28 99 10 -6 78 -44 -93 -64 -75 -81 -2 28 60 54 -13 -39 82 94 -12 -24 85 -100 82 13 -67 -23 -19 -5 23 -18 -55 -59 -80 -75 66 82 -89 -59 -55 -87 5 6 91 -65 37 2 83 63 18 -88 -31 -92 65 -72 -94 72 68 39 -54 84 30 47 34 83 12 -71 -65 88 -90 -81 15 7 -34 -43 45 16 -33 9 -13 -84 -28 42 -5 91 12 -26 -61 -90 37 -10 -90 -56 -77 27 89 -52 -42 8 21 -69 75 -72 64 54 -26 -31 -15 78 36 -67 34 -89 -21 -66 30 84 -45 -14 -20 87 -73 65 85 11 97 -62 49 -65 96 67 80 -90 83 -80 45 41 95 58 -19 76 7 -46 -82 13 -38 -92 75 53 25 94 92 -85 -10 -39 4 44 -46 -62 98 -78 80 85 -36 62 -82 -99 -64 -35 57 13 41 -87 98 78 6 -71 92 78 -58 -30 95 -99 4 -31 -41 -37 -59 19 100 1 -5 73 35 10 98 -56 43 -90 82 24 -59 -53 -65 -35 -54 96 -56 86 -88 100 -72 20 77 46 52 5 -84 -92 -71 -43 10 27 9 -31 -98 -43 -64 -22 -81 -15 39 -99 86 31 37 -18 -99 -21 7 -19 57 -15 66 23 35 -16 -46 -23 -59 -37 -37 2 80 -24 92 -69 -63 -11 -43 -50 -27 -66 -74 30 85 -87 81 -42 -54 -89 29 -22 34 38 -13 -3 76 -54 90 -5 -73 41 15 61 -54 43 -72 -10 56 -66 -88 -62 -22 -54 -12 -63 77 -64 -92 -36 42 30 68 3 37 -26 54 70 51 -82 48 80 69 61 -39 67 53 -78 -95 20 73 ; 
20:76 18:72 14:54 38:150 14:52 6:22 32:128 1:3 27:107 11:41 16:64 14:54 9:35 15:57 32:126 11:41 13:51 12:46 38:152 11:43 6:22 24:96 13:51 15:57 18:68 1:1 30:116 20:78 32:126 30:118 31:123 13:51 44:174 4:14 7:25 13:49 40:156 4:14 12:44 15:57 28:110 25:97 18:70 17:65 33:131 6:24 2:4 16:62 33:129 10:36 15:57 40:160 20:76 33:131 1:3 14:52 10:36 39:155 33:129 64:252 28:112 2:4 14:54 31:123 25:97 40:156 20:78 25:99 11:41 48:192 1:1 44:174 38:150 19:73 12:44 19:73 31:121 35:137 16:64 23:91 19:73 8:28 12:44 9:33 35:137 12:44 20:78 16:64 12:48 28:110 25:97 29:115 22:84 5:17 23:91 7:25 5:17 3:9 40:158 28:108 13:51 36:144 30:116 40:158 33:129 22:88 22:86 40:158 22:86 6:20 16:60 16:62 36:142 14:56 27:105 16:64 39:155 36:144 31:121 22:84 46:182 26:104 22:84 11:41 17:67 8:30 18:72 4:12 25:97 38:152 14:54 14:52 30:118 32:126 42:168 27:107 14:52 22:88 18:70 9:35 23:89 26:100 28:112 12:48 38:152 38:152 22:86 8:28 13:51 8:28 6:20 6:22 16:62 9:33 9:33 22:86 16:62 2:8 7:25 36:144 20:76 30:118 34:136 14:56 18:70 28:112 33:129 18:70 14:52 2:4 4:14 7:27 2:6 16:60 18:68 42:168 27:107 32:126 12:46 26:104 8:30 41:163 5:19 22:86 40:160 9:33 2:4 24:92 13:49 6:22 13:49 7:25 12:48 20:78 20:78 32:124 8:32 21:81 31:123 19:73 36:144 23:91 22:84 10:40 10:38 48:190 20:78 32:126 19:73 13:51 30:118 47:187 17:65 27:105 11:41 26:104 35:137 18:70 5:19 7:27 26:102 6:20 32:126 18:68 36:142 30:118 34:136 12:48 8:30 12:46 32:126 34:136 6:20 3:11 2:4 5:17 10:40 29:115 8:30 3:9 27:105 27:105 34:136 6:22 22:88 36:142 10:36 29:113 3:11 7:27 4:14 32:128 4:14 2:8 23:89 29:113 30:120 27:107 16:64 30:120 12:44 13:49 16:62 23:89 23:91 16:60 34:134 14:56 3:11 7:27 14:54 19:73 22:88 29:113 31:121 12:44 10:36 16:62 26:104 9:35 17:67 22:84 33:129 33:131 11:43 8:30 4:14 28:110 20:76 27:105 35:137 16:60 33:129 26:100 14:56 10:40 6:22 17:67 14:56 28:112 2:4 14:52 6:24 14:52 13:49 8:30 44:176 29:113 19:73 7:25 34:132 12:46 4:12 12:44 24:94 35:137 35:139 4:16 51:201 17:67 3:9 8:30 18:68 5:17 20:76 71:283 20:80 19:73 20:80 40:156 11:41 34:134 18:72 33:131 39:153 22:88 24:94 26:100 6:22 7:25 36:140 22:86 19:73 15:57 1:1 15:59 24:94 25:99 23:89 24:92 11:41 14:52 37:145 36:144 2:8 4:16 42:168 29:115 14:56 4:12 4:16 3:9 20:78 31:121 10:38 8:32 2:4 17:67 36:142 45:177 16:64 27:107 40:160 4:12 16:60 25:97 3:9 27:107 36:140 19:75 9:33 11:41 34:134 32:124 36:144 23:91 13:51 22:86 24:94 31:123 18:72 31:121 25:97 30:118 3:9 19:73 27:105 27:105 16:62 27:105 25:97 32:128 11:41 19:73 18:68 28:112 29:113 43:169 2:6 1:3 13:49 48:188 26:100 12:48 34:132 10:38 14:54 33:129 36:142 4:12 12:46 24:92 19:75 2:8 9:33 22:86 31:123 27:105 19:75 29:115 24:94 31:123 12:46 4:14 38:148 29:115 11:43 20:78 20:80 10:38 23:91 37:147 17:65 38:148 7:27 1:3 31:121 43:169 21:81 2:6 15:59 32:126 37:145 38:150 37:145 40:160 22:86 16:64 26:102 12:46 40:158 19:75 14:56 2:8 4:12 20:76 8:28 31:121 25:99 35:139 12:48 6:20 21:81 24:94 21:81 5:19 34:132 35:139 18:72 15:57 34:134 27:105 11:43 20:80 24:92 3:11 12:48 25:99 20:76 30:118 17:67 14:56 11:43 11:41 19:75 32:124 6:20 10:40 20:78 1:3 19:75 ; 
L -98 37 -43 -9 75 73 71 -94 34 -35 98 99 -44 -16 -81 -3 79 -67 -87 -26 47 -98 55 -9 71 66 18 -86 95 48 -73 -31 70 -11 -40 -93 95 45 70 44 85 -29 -54 -16 -72 -45 83 60 10 39 78 -18 -80 -15 -40 99 -16 -53 23 63 66 96 71 -15 25 -43 -24 95 5 -72 81 31 82 99 -66 -77 40 -57 29 -72 78 -59 -87 -28 12 -65 -25 43 -46 -76 -15 30 21 59 -61 -45 59 77 -58 93 41 71 -57 -92 -94 -52 -38 -81 -32 -14 55 -46 -6 -22 -10 34 -16 -23 -28 60 -43 -70 44 -51 1 67 66 5 -51 32 -90 59 -91 78 -5 9 74 52 80 90 33 75 -26 29 28 3 75 -77 27 -67 55 -69 -41 -15 -83 -35 -17 61 -88 -59 47 81 -2 74 84 55 46 -97 76 7 -59 -78 3 -82 35 -48 29 -52 7 -70 -86 81 91 -6 52 1 9 -50 -76 15 -80 -16 52 -27 7 79 -22 -56 -11 99 -70 -80 -5 56 -74 -11 -40 -16 52 -69 99 84 -92 84 -67 86 35 -26 -35 17 -92 65 -49 100 -100 -32 87 -8 1 -83 -17 -13 -33 -16 -85 75 -72 -74 -4 76 53 91 78 -100 -40 -19 64 -60 34 37 -29 -55 31 -51 47 63 57 65 86 99 -78 4 61 -67 -48 -79 -87 11 31 -59 23 60 65 19 -86 79 85 -25 30 49 -83 -71 46 99 -32 -28 -46 43 -79 28 92 97 -85 50 -89 -13 -91 55 -35 -83 27 -50 -96 -22 -99 -7 -95 -15 -49 -3 -9 9 85 23 -61 82 64 6 74 39 28 -17 -85 84 -1 46 61 -74 -13 -62 46 -31 63 -29 -98 38 32 -36 68 35 -72 -22 -100 -11 -53 -9 -88 -38 67 22 -63 49 72 21 -79 53 4 -50 -48 72 54 96 16 -89 -91 -42 68 14 59 14 78 84 52 -64 38 21 -19 -38 73 -23 -72 -15 82 -33 90 -97 90 46 53 49 -94 38 -13 80 75 -37 -87 60 -5 -20 -15 69 -57 96 -60 -60 59 15 -86 -44 81 -36 -14 9 -64 -18 -95 44 -67 41 -6 -67 -12 -17 26 -70 -51 76 53 -69 54 -19 91 -48 -46 11 60 31 100 78 66 6 -68 83 -31 -6 -78 -56 -78 47 8 -56 29 -3 60 69 -88 72 77 6 66 4 -91 -46 84 96 40 32 79 74 -17 -30 -38 1 48 -82 85 -61 60 -94 31 -1 85 4 -91 55 -65 -42 -61 -37 18 -1 -67 -89 -53 3 76 -34 16 -27 ; 
14 41 29 1 59 94 19 94 15 57 17 36 100 52 10 21 16 14 46 54 75 8 69 88 59 89 55 32 84 15 67 85 9 68 13 62 87 94 18 50 27 92 2 82 36 10 54 8 68 66 4 53 49 53 43 28 11 71 89 88 97 85 76 98 8 36 100 82 65 18 72 22 91 36 57 70 17 93 45 40 20 34 33 89 91 2 66 35 21 92 94 68 53 81 8 1 36 10 48 16 47 58 79 68 78 10 62 81 18 5 53 67 99 85 75 36 40 56 50 45 93 11 4 79 11 69 4 73 40 18 96 64 76 96 6 37 57 43 12 37 87 74 15 94 43 25 33 42 52 15 46 41 92 41 56 89 17 79 27 16 2 51 53 58 21 59 86 85 91 80 87 69 81 68 83 1 29 91 72 7 83 48 19 9 29 85 99 21 81 98 65 26 22 78 43 30 42 13 79 10 34 66 100 74 6 77 34 46 15 9 14 15 17 62 70 28 95 9 44 14 42 80 42 23 6 45 30 7 20 65 7 97 86 76 15 80 94 56 26 47 84 81 72 34 57 18 44 66 60 49 68 33 4 70 28 81 65 63 67 50 89 62 47 39 33 79 21 35 32 93 26 35 53 56 26 46 9 79 88 32 56 22 11 98 73 42 91 24 33 4 16 41 15 63 17 58 38 54 98 15 66 32 41 46 7 17 53 13 34 74 79 53 28 61 94 37 25 53 25 63 64 83 54 89 12 18 27 80 35 26 14 52 46 54 81 49 2 64 33 14 60 30 79 53 73 29 13 52 52 69 94 21 26 70 29 80 17 58 18 64 61 18 29 1 92 55 51 92 40 82 44 6 90 25 34 34 15 15 38 71 4 76 84 95 48 77 2 55 35 25 90 17 89 31 82 15 20 10 98 59 97 48 81 2 99 23 82 39 83 13 33 34 53 47 71 97 31 89 57 42 40 80 4 86 24 94 96 68 75 70 3 74 62 91 53 11 83 30 14 62 50 96 37 15 68 33 100 6 36 77 51 98 79 5 1 15 96 35 19 29 88 56 26 45 97 26 39 18 96 7 10 93 91 60 60 59 82 61 39 24 33 20 38 29 75 52 22 9 76 81 48 46 88 86 6 43 38 70 42 82 5 ; 
L -98 37 -80 -15 -60 -76 84 45 27 96 40 -99 -46 71 83 -49 -5 87 66 -99 -82 -95 -71 9 -83 -35 -41 -15 -70 -74 55 -69 -9 -47 59 -31 64 44 90 -88 -46 -92 -28 79 -43 46 -20 -15 69 -57 84 -40 99 -16 -53 85 99 22 96 -61 -46 -56 5 80 -93 -62 83 -16 25 65 -12 -23 50 -89 -13 -76 -69 99 84 32 -36 68 35 -72 -22 -91 -46 15 -71 46 48 59 14 78 -3 -67 2 -81 61 59 32 50 -17 59 -15 82 14 67 6 -75 -33 51 70 -26 -65 -17 -91 55 -41 70 -99 55 -7 78 -80 13 80 38 -52 46 53 96 -32 -14 38 61 94 -64 -72 92 -38 29 28 3 75 -77 27 78 31 100 78 66 6 -68 -30 25 -85 12 -94 -21 -30 15 76 82 35 56 22 -18 -66 -75 81 16 63 66 88 -61 97 -7 -95 -15 -53 -76 34 -11 98 -47 26 87 31 -52 -1 51 -44 70 43 54 -19 91 66 5 78 -59 -87 -28 44 -99 -98 9 -100 42 63 11 74 84 -67 28 23 -65 33 -68 79 -67 -42 97 -90 92 5 -24 51 72 -29 -28 78 72 1 -95 19 -21 -48 -60 -71 -73 -75 9 43 39 78 -18 18 79 -57 82 -48 -1 38 85 -29 -54 -30 16 -66 25 -43 58 -74 -4 85 55 -46 52 72 -78 -76 15 -80 -16 -6 -60 -83 -90 -74 73 -48 -95 86 -79 -7 27 -49 -65 -60 3 49 -69 -60 -69 -60 3 -29 56 -8 -47 9 -64 -18 -31 59 77 -99 -86 21 -34 53 91 -63 -47 51 -31 55 29 -37 81 36 -81 6 74 39 59 15 -86 54 53 -94 19 -86 26 35 -48 -44 -37 -91 -4 4 -50 -48 91 -59 90 72 45 -1 -74 -79 -32 -32 57 -40 77 -50 -74 -13 49 6 16 -89 52 -1 8 -87 32 28 -17 -14 3 -87 7 -67 38 17 -52 44 67 -61 -4 55 46 -97 -52 -38 43 -46 -35 -86 -88 22 10 37 45 70 89 -67 -13 -81 86 84 96 17 83 -100 -11 -53 -100 49 -6 -77 -72 -10 34 -16 84 79 60 -96 -38 73 -23 -72 22 -63 -61 -95 93 40 29 -52 67 1 -35 17 -31 94 -60 56 78 6 71 -57 -92 -33 9 85 23 -61 82 91 -64 -85 -75 85 16 9 -23 59 -85 78 -100 -40 -19 4 35 -55 91 60 83 -31 -65 34 -76 -3 11 -11 -67 41 -26 98 29 -40 -53 79 11 60 1 -81 72 -5 9 -70 31 16 -27 ; 
6:22 17:65 9:35 22:84 19:73 48:188 46:182 6:20 16:62 10:38 16:62 18:70 40:156 5:17 9:35 23:89 18:72 29:115 25:97 23:91 15:57 25:97 28:110 24:94 14:54 36:142 28:108 17:65 16:60 10:38 21:81 17:65 23:91 47:187 1:3 22:88 9:33 24:92 30:116 16:62 6:20 16:64 7:25 2:6 14:52 10:38 26:102 39:155 20:76 33:129 1:1 14:52 12:44 5:17 29:113 31:123 5:17 3:11 19:73 28:108 11:43 31:121 30:118 40:160 22:84 13:49 15:57 21:81 12:46 27:105 1:3 34:134 30:120 7:27 24:92 4:12 35:139 6:22 6:24 1:1 26:102 14:52 6:22 24:96 12:48 11:41 18:72 27:105 40:156 29:115 22:84 48:192 33:131 18:70 32:126 26:102 22:84 22:84 28:108 47:187 10:40 8:32 2:8 15:57 40:160 34:134 50:200 4:12 32:128 10:40 30:118 6:22 39:153 38:150 24:92 7:25 49:195 21:83 12:48 24:96 14:54 29:113 32:126 8:30 33:129 13:49 6:22 9:35 35:139 8:30 14:56 2:8 17:67 2:8 28:112 2:4 2:4 33:129 6:24 4:14 8:28 40:160 18:68 10:40 14:52 17:67 21:83 13:51 5:19 6:22 25:99 20:80 39:153 15:59 24:92 36:140 32:126 36:140 15:59 15:59 22:84 28:108 38:150 49:195 5:19 25:99 6:20 12:48 22:88 2:6 7:27 4:16 26:100 39:155 23:89 2:8 3:11 9:33 22:84 6:20 34:134 30:120 29:113 30:118 4:12 4:12 30:120 22:86 11:41 10:40 34:134 5:17 32:126 2:6 5:17 1:3 30:118 25:99 12:48 30:116 8:32 14:54 14:52 36:142 34:134 40:160 15:57 7:25 7:27 14:56 23:91 22:86 31:123 10:36 28:112 18:72 20:80 32:128 24:94 25:99 29:115 6:22 20:78 2:6 31:123 28:110 34:132 26:104 2:6 16:64 16:64 18:68 18:68 40:158 16:60 11:43 33:129 6:24 10:36 24:92 37:145 8:30 38:150 24:94 1:1 41:161 2:6 22:84 3:9 26:102 36:142 36:140 24:94 24:96 24:96 5:17 37:147 1:3 36:144 36:140 22:86 22:84 15:57 3:9 7:25 11:41 9:35 14:54 27:107 34:134 2:6 24:92 48:188 40:156 26:104 11:41 15:59 35:139 4:12 12:48 6:20 36:144 27:107 6:24 34:134 18:70 12:48 18:68 40:160 50:200 22:84 22:84 30:118 8:32 38:150 28:108 6:24 1:1 2:8 32:126 40:156 21:81 45:179 29:113 39:155 25:97 18:68 4:16 32:124 20:80 8:32 17:65 11:41 33:129 39:155 33:129 12:44 28:112 2:6 14:52 28:108 8:32 27:107 14:54 12:44 10:40 26:100 37:145 16:62 34:132 24:92 20:80 17:65 10:36 11:41 20:76 20:78 1:1 22:84 48:192 18:70 39:155 23:89 24:92 8:28 28:112 31:121 26:102 52:206 17:65 18:70 7:27 3:11 39:153 19:75 18:70 38:148 7:27 18:70 22:84 14:56 17:67 14:54 13:49 1:1 12:44 25:97 8:32 3:11 12:48 22:88 34:132 28:112 4:16 8:32 34:136 25:99 21:83 26:100 18:68 12:46 12:48 16:62 19:75 30:120 35:137 34:136 6:20 20:76 25:97 9:33 6:20 38:152 23:89 29:113 27:105 26:100 13:49 8:28 29:113 2:6 30:116 4:16 20:76 32:128 17:67 21:81 3:11 30:116 22:84 30:116 8:28 10:36 6:22 12:46 8:30 16:62 15:57 16:64 32:124 8:32 18:70 40:158 3:9 16:60 29:113 2:6 28:112 38:150 11:43 58:230 35:139 25:99 14:52 37:145 36:142 36:140 10:38 6:22 7:27 14:52 10:38 24:96 3:9 40:160 30:116 32:126 28:108 12:48 32:126 12:44 25:97 38:150 15:59 20:76 74:294 10:40 38:150 32:128 6:24 20:80 25:97 11:41 55:217 14:54 14:54 23:91 8:28 20:76 1:3 40:156 22:86 14:56 17:67 28:108 4:16 6:24 28:112 16:60 9:33 27:107 6:20 17:67 12:48 18:68 33:129 14:54 4:14 32:128 4:12 34:132 16:62 6:22 29:115 34:136 15:59 26:104 4:14 11:43 33:131 2:8 ; 
L -52 25 -20 2 -5 66 -52 -39 -20 -78 10 9 -71 -19 69 -88 -12 -55 -49 -81 -55 15 96 -25 -62 4 -69 -93 -98 27 18 72 63 6 61 34 13 -81 40 -35 -40 92 -59 99 34 -6 95 44 -75 -62 -71 -29 -20 -13 -16 -71 -15 76 66 -52 98 8 87 -16 -23 84 61 24 15 -94 -57 21 -68 4 71 85 76 72 -39 30 67 36 20 -28 75 -29 -78 23 -29 -59 -83 -85 17 -96 27 -15 -41 -99 25 92 -18 -33 74 -44 -76 81 -34 -53 60 -59 20 -83 96 77 11 91 6 -84 45 100 87 -40 90 95 91 -9 22 -42 4 -57 -69 20 -54 -82 18 -97 -3 -93 82 37 43 -1 -94 2 65 -69 -21 63 18 -29 93 -96 -95 43 -100 -52 -28 -29 36 18 2 88 -19 -68 -28 19 93 37 -55 -6 -63 13 81 -47 -34 -5 48 12 -28 73 72 37 -12 64 5 -61 -4 96 -64 -51 -15 -93 -5 71 76 50 89 -62 -58 -90 84 -92 31 45 82 23 -5 91 -39 80 -68 -38 -90 94 69 -94 21 77 19 11 -67 7 63 -50 -27 90 78 43 64 92 29 -42 65 14 -97 50 -72 53 70 60 92 -42 -6 -55 -62 -83 -6 -26 16 7 78 43 18 9 28 -9 -16 -56 11 87 -92 4 -73 -51 42 47 -53 15 14 -32 38 36 46 -1 85 -99 49 35 39 45 -41 93 47 -30 -73 32 -44 18 84 -85 81 85 33 -34 20 36 -7 -87 -26 9 -4 -12 26 79 -73 68 82 80 -37 95 80 8 -21 -2 21 15 82 76 28 -97 8 47 69 49 -99 84 57 -10 93 44 -81 82 31 -47 -50 -9 -61 14 -67 -36 -23 51 -18 40 -85 14 -34 21 84 -43 70 31 60 -34 65 -40 -85 95 20 68 65 61 79 -43 46 27 -6 -37 -23 -78 62 30 36 8 10 82 -82 -50 56 -13 67 -97 -94 83 72 77 -66 9 46 10 85 36 -64 -4 80 -97 89 36 47 15 -99 -56 -63 -9 -17 4 -10 5 -77 -40 32 -67 33 15 -2 34 72 -69 72 81 100 67 -21 83 -46 -63 43 91 2 -42 55 43 -25 -71 8 61 -12 -30 -86 -23 -85 79 -28 -70 -72 18 -61 -30 95 -17 -90 -24 -40 69 79 -34 58 89 38 -76 76 93 10 77 78 39 -3 -79 -5 48 -24 99 88 -47 -1 4 98 83 57 -18 18 -6 7 66 -22 -60 -58 -2 -79 95 49 45 36 50 -61 6 5 70 -76 39 ; 
71 51 26 47 15 75 82 9 72 51 22 80 76 41 47 79 64 78 46 31 30 65 45 99 97 13 24 76 88 95 99 3 11 76 44 79 26 48 85 39 66 48 83 73 18 52 61 7 48 99 99 24 19 21 25 6 54 62 35 47 90 82 44 32 96 41 93 10 82 17 60 99 39 15 11 56 26 12 7 83 95 92 98 29 7 77 97 26 27 35 24 36 7 72 79 2 37 70 83 36 23 61 64 78 77 9 28 23 88 46 33 76 61 29 34 96 5 45 54 79 22 44 12 88 30 26 9 15 93 73 42 21 74 21 84 54 58 82 91 69 36 94 20 19 100 91 46 92 61 87 20 20 91 86 71 16 58 29 94 34 94 11 65 13 58 90 80 14 3 71 12 36 70 75 79 71 4 31 20 11 15 35 77 78 9 96 89 88 11 80 87 54 76 99 10 62 14 68 34 93 49 88 17 13 34 22 89 84 85 61 28 75 69 55 34 56 87 86 54 7 73 10 42 69 46 6 96 52 47 12 69 20 99 47 42 6 2 97 22 66 42 73 87 67 76 2 16 58 1 14 10 70 66 21 29 83 47 96 8 77 74 97 15 60 73 44 92 64 13 55 79 65 91 9 26 34 61 28 20 85 60 32 58 3 92 4 94 16 100 79 68 85 68 13 41 7 57 64 76 56 11 52 99 5 28 72 88 100 73 39 86 67 70 97 42 40 53 72 47 35 20 87 99 91 81 5 35 77 51 70 58 67 100 58 76 57 27 88 57 56 91 47 52 44 9 94 100 63 88 25 94 68 19 88 24 10 87 60 43 54 77 42 74 47 14 97 4 50 48 58 73 74 3 6 47 96 45 52 10 65 31 90 76 41 4 7 69 52 56 63 19 14 92 13 37 75 61 16 51 40 86 57 68 8 48 81 8 88 94 24 5 3 45 19 35 75 79 50 93 42 69 87 83 10 21 90 85 52 21 68 25 13 33 79 46 8 92 44 6 92 71 77 38 48 59 57 8 66 9 64 18 82 26 92 66 80 29 28 53 91 82 42 50 4 91 81 65 55 54 13 17 99 74 68 94 46 9 59 1 89 5 77 40 71 59 55 91 52 92 62 24 23 52 15 3 69 47 64 24 6 82 ; 
L -52 25 22 -66 -7 61 -5 -64 -99 -6 -91 -11 93 70 60 -93 41 50 21 -71 -29 -20 72 77 -66 27 -62 78 33 97 -18 82 70 -6 -75 -9 77 -5 62 63 57 -4 82 -69 -94 90 -19 28 -23 -29 93 4 -57 -69 -13 -10 93 99 34 -6 95 -80 -95 37 -80 54 -20 44 -80 39 -96 -95 -15 -93 -5 6 49 32 -44 18 84 86 30 45 100 87 -45 -49 -5 48 -24 99 88 -47 84 53 34 -15 -41 -99 25 -2 89 -62 78 -60 -85 -43 -37 -82 -4 -63 43 30 8 47 69 -2 -79 95 -52 14 -77 42 66 -91 79 3 58 15 67 -32 40 55 6 64 -36 -85 -97 53 -47 -76 15 -38 32 -14 -90 -24 -28 73 5 -2 20 29 -55 15 21 69 -65 -15 87 -16 19 -88 -10 78 20 39 20 -28 -5 15 -72 -61 6 -50 96 -25 -62 4 -85 83 50 -72 53 -36 49 12 -37 -72 66 -52 -85 79 63 -40 -36 -27 98 92 -59 44 -81 82 100 76 -11 56 -67 70 18 81 50 47 -31 -9 -15 14 -47 -34 -65 -90 47 -8 -92 -82 91 -9 22 85 40 -63 -72 -18 -23 -20 -95 76 72 -39 2 -42 55 18 82 -82 -10 -27 -46 43 3 79 37 6 -8 -36 -30 -61 98 -84 90 -2 72 40 35 -1 -42 20 -68 -38 -51 43 -25 -71 -55 -57 90 78 43 64 42 34 -33 -85 -81 85 68 96 -64 -51 43 -100 -52 -28 -29 36 28 97 -28 -76 36 67 19 11 -67 7 63 -50 -94 87 63 6 55 -9 26 94 1 14 -34 21 84 -43 70 31 60 43 85 -99 83 62 -17 4 59 -60 84 -8 12 88 -69 21 -67 76 93 10 77 78 12 -61 -94 21 18 16 9 -59 -89 18 -83 96 89 38 -57 21 -68 -23 84 61 24 17 81 49 -92 4 -73 65 6 -34 -67 13 -56 50 -21 92 93 -85 17 -96 27 -81 76 44 18 9 28 -78 -7 -16 58 77 34 -83 -18 36 -97 82 75 -95 30 26 71 -10 -46 -9 23 92 29 -91 5 -23 46 -34 61 -18 -4 -12 26 15 69 -72 -34 2 2 9 -71 -19 83 -79 69 68 65 61 -5 48 12 -40 69 -93 37 87 7 -98 58 -40 18 -51 23 20 36 83 -10 56 99 -39 -40 81 -13 61 35 39 45 -76 -13 -16 -71 36 46 -1 -74 33 79 -73 68 -80 4 42 -92 47 -30 4 71 94 -73 -97 31 45 -95 -8 81 29 -76 39 ; 
29:113 21:81 18:70 24:94 29:113 8:30 39:153 4:14 23:91 18:72 2:8 39:153 15:59 44:176 27:105 22:86 13:51 24:94 7:25 20:80 10:38 8:30 8:28 3:11 28:110 26:100 29:115 30:116 26:100 27:107 22:86 34:134 16:64 22:88 15:59 22:86 11:43 38:150 24:94 22:84 5:19 4:12 9:35 22:88 14:54 22:88 34:132 36:144 28:110 22:86 8:32 29:113 30:116 17:67 12:48 47:185 21:81 42:168 8:28 21:83 25:97 4:12 35:137 16:62 30:116 40:156 30:118 8:28 7:27 25:97 55:219 37:145 27:107 22:86 31:121 55:219 20:76 24:94 38:150 7:25 40:160 19:73 3:9 22:84 32:126 9:35 25:97 10:36 20:76 6:20 7:27 40:158 30:118 28:108 20:76 21:81 10:36 6:20 15:59 28:112 34:132 40:156 16:64 28:108 29:115 43:171 5:19 59:233 15:57 28:110 52:204 26:104 34:136 18:68 24:96 35:139 40:158 62:246 37:147 25:99 20:80 32:126 24:94 51:203 26:102 7:25 20:78 22:88 44:176 8:30 22:84 2:4 2:8 5:19 27:107 7:27 37:147 6:22 23:91 28:110 37:147 6:24 25:99 5:19 32:126 22:88 17:67 33:131 17:67 5:17 31:121 6:24 19:75 11:43 11:43 26:104 13:51 19:73 37:145 4:16 23:89 13:51 30:116 26:104 34:132 9:35 21:81 29:115 39:155 12:46 11:41 10:38 12:48 25:99 28:110 9:35 7:25 40:158 39:155 6:20 10:40 20:76 12:44 1:3 39:155 7:25 10:40 41:163 31:123 14:56 6:22 33:131 41:163 31:123 14:54 20:78 7:27 12:44 38:152 26:100 34:132 16:60 24:92 27:107 6:20 49:193 34:132 4:12 22:88 15:57 24:92 36:140 54:212 31:121 24:92 32:128 2:4 18:70 5:17 32:126 16:60 41:163 19:73 12:44 46:180 12:46 17:65 11:41 4:14 10:36 35:139 22:84 5:17 2:4 35:139 25:99 18:68 24:94 5:19 3:11 30:120 28:108 10:40 4:16 34:136 18:72 39:153 5:17 39:155 6:22 27:107 19:73 32:124 20:80 16:64 3:9 19:73 27:107 40:158 23:91 20:78 13:51 18:70 28:112 27:105 21:83 23:89 20:80 13:51 30:120 15:57 4:16 14:52 32:126 12:46 8:28 18:72 39:153 21:83 19:75 21:83 11:41 6:20 28:108 34:136 28:108 46:182 24:92 5:17 32:128 43:169 29:113 7:25 24:92 12:46 38:150 10:38 21:83 14:56 19:75 2:4 23:89 21:83 3:11 30:116 4:16 17:67 28:110 18:70 14:56 11:43 5:19 29:113 11:41 23:89 6:20 8:32 17:67 40:160 26:100 36:140 10:40 38:150 28:108 8:30 21:83 20:76 14:54 12:46 1:3 44:174 33:129 17:65 19:73 17:67 8:28 38:152 26:102 32:126 6:22 34:132 20:76 17:67 20:80 2:6 37:145 30:118 37:147 22:86 35:139 12:48 39:155 19:75 25:97 48:192 21:81 18:70 25:97 22:86 22:84 44:176 40:158 16:62 30:118 17:65 38:148 4:16 10:38 37:145 13:49 29:115 39:155 6:24 32:124 14:52 6:24 24:94 13:49 26:104 4:16 6:22 14:56 48:188 12:46 3:11 29:115 32:126 7:27 4:14 14:54 12:48 9:33 12:46 31:121 4:16 6:22 18:68 2:4 14:52 8:30 17:67 45:177 21:83 1:1 12:44 22:84 4:14 2:6 8:32 8:28 26:100 23:89 24:94 8:28 28:110 12:44 34:134 36:142 5:19 16:62 20:78 4:12 11:43 21:83 40:158 10:38 33:131 20:80 32:126 30:120 13:49 4:12 31:121 17:65 18:68 25:99 37:147 8:28 31:123 17:67 30:118 2:6 13:49 2:6 37:147 20:80 19:75 23:89 26:102 36:140 11:41 36:140 18:70 21:83 19:75 16:60 3:11 12:44 2:6 29:115 23:91 77:307 34:136 34:136 20:76 22:88 26:104 8:32 34:136 26:100 6:20 10:40 3:9 43:171 37:145 4:14 37:147 26:102 19:75 12:44 29:115 36:140 15:59 34:132 30:116 19:73 2:4 16:60 5:17 20:78 32:124 8:28 33:131 6:20 10:36 28:112 44:174 14:56 22:84 3:9 33:131 ; 
L 46 -97 54 -73 -31 84 8 -35 83 77 -23 38 -20 -4 87 -26 42 63 86 19 -84 -11 74 -62 -45 -39 83 20 29 88 -93 42 95 -81 -96 60 -21 83 89 -26 59 69 -34 -88 22 -96 36 -81 12 16 79 -57 4 -25 8 42 -15 10 80 2 8 -36 100 83 58 -57 95 -46 -80 -36 -86 -72 -99 -4 -64 -84 72 -63 -5 -7 -18 14 32 -92 86 -30 -15 -40 -4 -82 -67 -45 77 26 62 -19 -26 -85 -77 96 31 86 -57 30 67 -39 83 50 44 55 -56 -19 42 -42 34 -57 48 69 13 -99 -76 20 -78 43 -81 -3 -88 -34 -76 -90 -6 73 25 73 33 16 -90 -6 6 -82 73 -23 -50 91 85 6 77 -13 10 83 40 -26 71 40 -79 67 -8 57 -9 84 74 29 -83 9 -35 51 10 55 81 93 76 57 -18 -97 -66 83 -52 76 -55 90 22 -69 50 85 -80 -26 -81 88 -71 -31 -24 82 -16 30 -18 98 67 1 75 -58 -23 41 65 -93 -93 72 52 -8 96 73 -66 52 -42 -60 87 -9 100 75 94 45 -30 -55 72 -93 38 -50 -14 73 3 -52 -19 52 -6 -74 38 -60 93 -50 -67 -12 -41 31 -59 -93 52 30 -16 -45 -77 32 -55 -88 83 -13 87 16 -47 -57 28 2 33 -83 96 -79 32 86 -11 -27 -32 -53 46 -65 -20 -60 90 -83 99 -15 -18 -12 -74 -80 69 94 89 -43 -18 54 -23 56 -17 -86 -7 70 -86 22 -64 -54 56 63 18 61 6 -60 57 -17 50 98 79 -30 1 31 -4 -83 54 -2 -85 -37 -51 71 -67 83 72 79 68 70 12 77 -26 28 -12 -69 24 60 35 -39 -58 -53 -54 -20 -34 -75 -38 -58 -36 29 -36 52 -12 61 100 39 71 -64 -3 17 -1 100 7 80 86 97 86 -63 54 62 76 52 -50 91 -82 -55 4 -14 4 -13 -40 39 76 62 71 88 -50 61 97 -21 -11 62 98 -80 45 53 23 -55 29 14 -52 -57 -21 -65 54 -40 10 -72 -70 59 -95 44 -68 15 -34 -44 -19 -60 8 20 37 33 -27 -34 65 1 70 -53 -16 58 76 -87 74 16 98 -27 -29 26 88 74 -15 -19 54 70 82 -79 4 80 82 38 1 5 62 59 28 -47 -31 -67 34 -74 -85 60 -21 66 80 43 -14 84 -41 -32 31 -68 25 92 -26 -51 88 30 16 -93 -61 -56 57 100 -57 80 -3 -43 -8 -18 -42 2 -78 -94 -24 50 -23 -62 90 -5 -64 93 29 -49 ; 
43 3 100 44 50 48 46 21 43 68 25 47 69 100 97 46 50 48 85 72 50 90 74 50 95 69 10 53 90 70 11 43 93 99 23 38 38 34 37 6 32 41 78 95 19 100 16 100 65 57 76 82 100 27 90 21 22 56 21 22 8 20 51 35 51 57 62 11 62 2 86 82 18 11 93 27 77 3 2 55 99 97 33 41 82 49 26 52 36 90 90 81 96 26 71 95 29 65 14 35 57 90 62 60 33 38 91 33 52 84 99 60 14 93 77 6 98 42 78 88 93 21 80 37 84 55 17 95 10 87 7 62 68 57 64 60 66 83 36 64 71 34 69 98 44 1 61 91 52 43 69 79 75 99 56 8 8 24 99 90 72 68 29 23 100 3 61 14 11 2 5 59 42 37 52 27 55 70 54 98 65 77 88 8 86 6 69 22 90 51 5 15 68 4 87 95 15 48 98 99 93 78 80 92 70 42 75 74 5 94 54 79 15 16 89 74 31 48 41 7 77 54 45 25 61 3 71 47 6 37 42 62 17 96 76 43 83 2 62 79 54 67 50 100 22 80 25 38 81 66 6 50 76 63 16 65 38 11 65 74 11 5 34 27 60 9 73 4 28 54 17 82 89 19 15 74 74 3 35 50 20 40 79 53 17 18 32 78 28 41 91 11 59 62 39 35 99 48 25 77 25 65 4 50 96 33 40 7 52 69 46 64 89 57 26 73 55 27 19 6 79 61 9 4 26 39 32 93 26 86 33 7 65 23 72 34 61 69 18 83 30 12 46 42 91 37 98 52 18 3 30 94 23 27 25 25 71 1 86 68 57 78 88 13 83 45 67 24 65 51 99 66 88 83 16 75 48 93 56 85 39 89 97 77 5 36 72 11 2 65 57 32 12 86 31 50 60 100 55 6 79 43 90 24 91 42 31 38 63 43 56 25 90 90 21 100 37 68 35 26 68 89 88 45 72 19 28 50 87 25 54 20 24 87 31 31 81 95 58 87 33 14 39 93 7 84 9 20 16 85 34 66 11 5 98 80 20 50 39 14 26 12 67 68 90 46 11 31 51 23 42 39 5 24 24 11 64 12 87 53 80 57 77 39 77 27 77 11 71 94 23 68 34 22 50 21 65 5 57 14 79 ; 
L 46 -97 -40 94 78 -24 -38 -58 -36 -52 76 85 -12 53 -70 41 -84 7 29 -83 9 -35 51 8 -52 -76 -90 -6 69 -100 -68 25 85 42 18 8 43 3 30 23 58 -75 -1 -67 -21 -11 -54 80 -57 -54 -36 -80 -8 25 -84 -11 74 -93 30 3 81 98 79 93 -93 14 -70 7 86 17 -35 -60 71 5 -90 -65 -15 85 -72 -99 -66 21 -33 1 5 -19 -60 8 12 18 -82 -37 -20 69 -47 -31 -67 -4 79 54 -73 -31 84 -56 54 64 -22 27 -98 -16 -74 87 -76 15 30 -61 -96 -44 -4 64 85 -4 -83 54 59 -74 -80 69 52 2 -71 26 -40 -17 50 34 -74 57 -18 -51 -82 -70 -56 -19 42 67 50 -62 15 -74 -54 -20 -65 -86 -12 97 26 43 -38 31 -73 -26 60 18 -78 -2 -42 34 81 -36 42 -15 10 4 -86 31 -59 -11 -41 -18 -60 90 -83 99 -15 -91 50 -6 6 -30 -55 50 -38 10 -77 -88 -6 -61 -19 32 86 -93 94 -100 9 -87 60 42 42 95 -73 -25 -50 55 -64 -84 72 -32 77 -23 38 -20 6 77 -13 10 83 -88 83 58 45 -52 36 -29 35 -74 31 52 -2 -80 95 -46 46 81 -92 -28 12 77 -26 62 -19 -26 23 43 -96 60 -21 -27 80 69 -66 83 83 75 34 -17 -16 -39 83 20 29 88 -67 100 -16 58 -40 -4 -13 -69 -48 57 -76 -79 -72 -83 67 -71 51 43 88 4 -13 -40 39 67 -8 57 -54 19 -12 61 -30 16 -47 -57 20 37 -55 90 22 -57 80 53 32 55 33 83 -82 24 -64 -3 53 58 39 -56 23 -54 -81 -55 -10 96 -92 6 90 -16 93 76 -84 9 30 -28 -59 -62 57 -86 -31 -96 77 68 -44 95 75 94 45 65 23 -55 29 14 -26 29 -98 72 -72 -88 83 -33 -2 88 89 34 96 -79 -86 -63 -42 26 -87 -76 28 -52 -57 88 55 93 -34 -82 -77 45 67 82 -62 12 16 79 -57 4 -18 -63 24 -86 -50 91 52 -3 -73 14 -1 60 -44 -50 -83 39 93 62 23 100 7 80 86 97 86 -63 -100 36 -8 34 -16 -45 -72 -70 59 -97 -20 98 -22 -89 50 -88 -71 -99 4 -85 40 62 -19 52 -52 -76 -62 27 -34 -14 -18 14 32 32 -1 -53 -45 80 79 82 38 -81 -60 57 93 -16 -30 -61 -56 57 73 -66 -80 -26 31 26 -93 -87 13 -83 -21 -65 8 5 63 -1 -50 -73 -41 68 70 -74 -71 -39 29 -49 ; 
18:68 2:4 33:129 22:88 38:150 8:28 54:212 17:67 37:145 16:64 28:112 10:36 4:16 8:32 18:72 40:156 36:144 33:129 14:56 12:46 10:36 40:160 2:4 16:62 30:118 13:49 35:139 3:11 18:72 36:142 18:68 21:81 8:28 5:17 31:123 11:43 31:123 16:62 30:120 44:172 38:148 40:158 40:156 20:76 28:108 29:115 10:38 35:139 17:67 27:105 6:22 27:107 9:33 36:144 10:38 36:144 30:118 7:25 16:60 16:62 22:88 28:112 21:83 19:73 4:16 38:150 16:62 25:99 24:94 5:17 12:44 29:115 26:104 11:43 9:33 35:139 27:105 16:60 17:67 8:28 5:17 6:22 8:30 14:54 8:32 8:28 36:144 9:33 32:128 20:80 45:179 29:115 15:59 18:72 18:70 5:17 2:8 16:62 6:22 30:120 18:70 20:80 20:76 10:40 10:40 20:76 40:158 7:27 8:32 22:86 10:40 35:139 20:80 16:60 11:41 19:73 33:129 5:17 4:16 22:88 20:76 46:184 23:91 11:41 25:99 15:57 16:64 32:126 11:41 36:142 48:192 30:120 32:126 4:14 16:64 8:28 32:128 21:81 17:67 8:32 11:43 14:52 35:139 24:96 6:22 42:168 25:99 15:57 24:94 33:129 8:32 34:132 34:134 22:84 26:104 4:16 23:89 20:80 22:86 29:115 10:38 36:144 22:88 44:176 26:102 16:62 45:179 31:123 29:113 40:160 26:104 9:35 23:89 30:116 34:132 34:134 20:80 11:43 16:62 23:91 10:38 6:24 30:118 30:118 2:4 9:35 21:81 23:89 44:172 42:168 22:86 16:60 2:4 56:224 25:97 29:115 18:70 2:6 34:132 12:46 4:14 59:233 20:78 14:56 13:49 30:118 36:142 7:25 10:38 38:148 18:70 23:91 45:177 58:232 16:62 11:43 31:123 20:80 22:86 10:40 19:75 28:110 24:92 25:97 37:145 21:83 18:68 29:115 2:8 21:81 29:113 28:108 21:83 40:156 16:62 22:86 9:35 10:40 2:8 9:35 2:8 5:17 24:94 22:86 14:54 20:80 22:84 38:148 11:41 18:72 38:152 12:46 33:129 8:28 28:110 16:60 16:60 17:65 38:152 11:43 20:78 11:43 23:89 3:11 5:19 19:73 16:64 10:38 4:16 22:84 36:144 28:112 1:1 9:35 38:152 8:30 17:67 15:57 38:148 32:124 17:67 40:156 1:3 9:35 2:6 4:14 25:97 32:126 3:9 8:30 3:11 19:75 30:120 20:76 38:148 20:76 4:12 10:38 28:110 24:92 33:129 2:4 17:65 48:188 16:60 5:17 22:88 20:76 24:92 40:156 26:104 28:108 23:91 6:24 22:86 13:49 25:99 12:44 24:94 6:24 6:24 10:40 12:48 28:110 25:97 39:155 17:65 12:44 2:6 5:17 6:22 11:43 25:97 22:84 34:132 27:105 19:73 2:8 10:40 36:144 42:164 23:91 14:54 34:136 16:60 25:99 36:144 23:91 14:56 8:30 26:100 16:60 15:57 17:65 3:11 25:99 21:83 35:137 13:49 20:80 35:139 35:139 11:43 30:118 22:84 18:68 16:60 2:8 5:17 26:104 12:48 4:16 37:145 11:43 42:164 34:136 20:76 20:80 19:73 57:227 13:49 6:20 40:160 4:12 20:80 1:3 2:6 17:67 15:59 39:153 33:129 36:144 17:67 34:132 23:91 31:121 33:131 40:160 14:56 10:40 33:129 13:51 38:148 40:156 7:27 15:59 3:9 19:75 27:107 37:145 31:123 21:83 14:52 37:145 44:172 22:88 9:35 2:4 35:137 28:108 23:91 32:124 36:140 6:20 13:49 21:81 8:32 3:11 28:108 16:60 18:70 37:145 17:67 8:32 18:70 36:144 16:62 12:48 18:72 39:155 36:142 33:131 20:76 18:68 8:30 12:48 22:88 25:99 11:41 10:38 27:107 28:110 14:56 11:43 35:137 39:155 14:52 23:89 15:57 20:78 13:51 23:91 28:112 18:72 34:134 38:150 14:52 39:153 30:118 5:17 10:38 14:56 5:19 35:139 36:142 22:86 46:182 3:9 13:49 8:28 9:35 24:92 7:25 26:100 50:196 3:9 29:113 22:88 1:3 4:12 13:51 11:43 35:139 16:60 16:62 13:51 9:33 10:36 46:180 6:22 32:126 ; 
L -33 78 71 -80 75 58 55 -59 -42 92 93 33 14 -8 50 -64 -42 79 51 -69 -29 38 -39 48 -41 -67 -54 -10 43 73 -81 -6 70 66 96 44 17 -29 4 -1 92 2 -21 -97 -10 -15 -92 -46 64 82 27 65 6 55 -76 22 92 64 -69 -33 92 -21 -17 -47 67 -76 22 54 37 -78 -49 -85 -75 -89 43 3 -85 15 -28 -85 -75 65 24 -1 -94 36 -95 -45 -48 85 -29 -73 92 49 -19 -6 52 -67 -100 34 52 23 100 79 -27 74 81 -37 -31 50 -38 -73 41 43 58 57 27 -23 -47 -49 -70 -5 48 82 -30 -1 -5 -30 -21 76 16 90 2 -63 -88 -65 -49 63 -29 15 77 -12 -33 48 53 -36 -73 34 78 100 -81 59 -29 26 24 8 67 -12 70 -63 20 -74 40 52 3 7 31 -45 -63 40 -72 44 -62 -46 14 -46 -35 30 10 46 -71 53 -20 32 -79 -38 98 1 -82 3 -21 -23 -49 -50 -30 96 2 88 82 -43 -68 70 -34 -95 62 -81 97 20 -86 -81 -82 -60 5 91 -58 83 50 100 -49 55 65 13 -77 32 -83 58 41 62 79 64 83 -42 -93 79 70 75 97 55 70 73 -30 -53 63 -39 -14 -53 78 -28 32 -84 -50 -55 -92 -31 51 71 -69 2 81 -88 44 -67 -80 -57 46 -4 -7 -56 76 -15 49 -62 90 -57 -89 19 -16 31 -29 -98 9 24 -24 -54 86 -93 88 -11 95 -7 -22 6 47 -24 10 -72 59 52 -1 87 79 -92 51 21 17 91 6 -68 69 19 -15 -65 16 -28 -48 -64 8 61 93 -9 -62 -44 93 23 -25 58 -32 -76 4 49 -73 -40 78 -50 -86 4 69 45 5 2 92 2 -53 24 99 27 -10 -74 43 86 35 10 -42 29 27 61 -89 -16 -28 62 71 -23 59 61 11 45 -69 11 67 87 -81 -5 6 -94 35 86 -57 80 36 49 -7 -40 -44 -46 -85 -97 -75 -71 17 -81 -6 -71 -71 98 27 -38 39 59 -41 12 -7 23 -43 56 76 54 -40 7 32 -48 87 -49 -86 -10 -57 56 -55 12 -95 5 88 -78 -67 33 94 -40 59 25 76 -22 66 13 69 3 32 -66 57 81 57 47 -88 -27 17 64 -33 71 22 67 11 92 -12 50 -32 -97 95 22 8 -89 -87 -70 -52 25 -23 80 75 -25 20 -6 -73 22 79 -1 53 -50 39 -76 5 16 -84 94 73 -34 -16 36 -16 -29 -96 37 69 22 -91 88 -41 44 -18 -5 52 -60 27 89 ; 
91 79 22 89 35 52 39 36 99 1 34 4 61 39 73 75 49 17 98 6 46 41 98 55 17 89 87 11 96 87 48 10 66 72 83 16 59 82 65 98 24 87 79 93 30 47 62 83 11 94 41 82 93 20 26 10 13 30 56 5 14 62 52 42 98 28 44 12 52 98 49 71 92 91 68 13 47 7 52 99 13 31 92 74 63 87 83 67 29 3 60 87 56 14 43 78 62 22 55 83 77 78 100 53 94 34 2 98 59 62 48 60 8 60 91 8 48 54 36 96 4 33 42 33 28 39 38 9 52 3 30 36 51 36 1 76 53 25 49 92 60 10 32 93 48 19 87 48 85 79 15 35 89 87 63 75 78 21 77 25 47 43 65 32 57 40 60 12 7 89 66 38 83 60 21 86 36 27 77 31 26 66 99 2 83 30 92 46 99 92 76 58 53 33 85 2 76 20 81 53 83 38 1 70 44 14 16 80 20 100 27 40 74 73 36 62 32 17 21 68 84 87 66 27 21 3 81 37 85 95 68 55 77 28 13 99 30 82 22 81 6 6 34 56 36 49 28 69 85 92 11 40 24 21 93 27 40 25 98 86 23 52 9 64 35 81 55 79 22 18 1 14 16 20 66 10 54 6 21 64 99 46 29 25 35 52 67 82 99 23 92 49 40 86 62 50 21 37 14 18 36 21 5 40 88 34 57 61 97 31 61 58 45 69 25 63 91 54 19 23 90 90 82 67 32 1 99 81 89 8 61 30 17 96 83 88 48 5 7 33 42 92 67 20 81 27 71 66 51 64 55 8 52 64 23 79 55 75 65 51 57 68 74 23 49 35 7 71 57 40 13 11 3 85 39 67 35 100 50 100 71 63 27 70 64 64 54 61 29 98 83 46 54 12 5 32 58 47 3 84 81 72 10 20 2 65 21 60 95 9 99 46 99 26 9 68 75 78 10 23 33 6 97 43 74 41 41 40 61 61 14 27 86 28 64 91 99 53 81 74 73 27 16 21 84 23 49 22 23 5 53 17 87 81 98 19 87 23 60 42 6 20 14 10 37 48 79 44 95 1 12 89 55 7 28 22 64 56 54 22 79 54 90 61 86 62 69 4 33 16 60 80 72 85 69 15 77 61 71 70 62 ; 
L 56 -55 33 19 54 40 -72 44 -62 -97 -75 -69 -4 86 -16 -18 -52 5 71 -69 2 21 -27 -57 67 -44 7 -95 11 -2 -5 -48 33 -46 14 -46 -70 -10 -30 35 82 27 -32 1 -90 -12 41 -59 -39 38 63 -70 94 73 -86 43 -54 -10 43 73 34 98 24 82 40 -10 -57 -35 2 53 -36 -73 34 36 49 40 7 -21 -17 -47 90 2 -89 9 8 -63 -88 24 49 -50 8 -14 -33 -93 -92 42 -88 22 -52 25 -65 75 40 76 81 -37 -71 -5 95 -12 -53 78 63 95 -21 79 64 5 81 48 -33 92 38 -50 -32 -1 96 12 -77 -15 3 7 49 78 -69 4 49 -73 86 49 16 -19 -13 -65 -62 28 16 -92 1 -4 29 -17 -44 -88 -29 -96 62 87 -62 -44 93 23 -25 -67 -100 -81 92 28 -16 65 15 71 73 -43 89 75 85 31 -45 92 87 -25 19 29 1 30 -65 -49 -79 -64 -93 -61 -95 97 -4 -7 -56 15 15 -30 -23 59 61 11 60 99 27 -10 -89 -86 -43 -23 -47 64 3 -83 -80 21 -3 82 -1 -98 -89 -32 -62 -53 39 -63 57 80 67 12 91 -6 -71 -71 98 27 36 -95 -34 -69 -22 -8 43 58 -59 17 -81 -58 78 100 -10 -15 100 -49 55 -59 72 -10 24 49 -62 -54 -76 -56 43 -23 7 -40 7 -25 20 -6 -73 22 79 -57 38 75 97 55 57 -86 -35 94 60 -6 -31 29 75 -74 41 64 48 -76 -29 38 -39 48 -88 -27 17 64 -69 68 -6 -91 70 73 -30 -53 46 -22 66 37 69 22 -91 -87 -66 -87 48 -14 88 74 93 -86 85 28 -2 76 -67 -16 -76 32 45 -50 -94 20 -74 40 52 20 -53 11 -32 -3 -69 -13 -44 -96 -22 76 -55 63 -80 23 -52 -31 -24 -94 -33 46 92 -70 68 -81 78 -50 34 50 -53 -45 55 50 84 -11 -67 -22 -31 47 76 -66 57 81 57 47 85 -5 79 -58 -78 -67 71 -46 -79 93 42 -83 -24 -9 52 23 100 79 -27 73 46 -22 -51 -79 42 64 -92 -32 28 -41 -67 -82 -88 88 -41 44 -77 -6 29 71 -45 -92 51 21 -27 -29 42 -10 -33 78 71 -80 75 58 55 -59 30 50 49 23 65 6 -17 61 -12 48 82 2 -41 -58 83 -97 -81 59 -29 26 24 8 67 -76 5 16 -84 -92 85 -5 -51 32 81 50 36 -16 -39 -20 70 -81 97 54 -69 -70 6 -37 -49 -92 5 70 -1 -85 -6 52 27 89 ; 
14:54 30:120 26:104 28:108 19:75 4:14 27:105 16:60 34:132 37:145 22:86 23:89 20:76 36:140 26:100 38:150 4:16 31:123 28:112 16:64 10:40 5:17 21:81 20:76 20:80 16:62 23:91 10:36 40:158 14:56 14:52 5:19 38:148 8:28 9:33 35:137 23:89 16:64 31:123 11:43 17:65 17:65 40:160 14:56 4:16 29:115 34:134 2:4 19:75 24:92 13:49 10:40 18:72 32:126 12:46 48:188 46:184 5:17 39:153 35:139 42:164 38:152 12:46 26:100 4:12 16:60 4:14 6:22 42:166 33:131 8:30 35:139 20:76 76:300 40:160 36:142 26:100 32:126 21:83 17:67 40:156 21:81 20:78 45:179 9:33 4:16 1:1 46:180 5:19 29:115 30:116 16:62 25:97 2:6 14:54 1:1 26:100 20:78 5:19 8:32 12:46 13:49 19:73 24:96 5:17 40:156 13:51 2:6 10:36 4:16 27:107 12:44 16:62 15:59 39:153 19:73 38:152 3:9 5:17 1:1 15:59 6:22 8:28 20:76 14:56 42:164 36:140 25:99 4:16 24:96 28:110 16:64 2:6 20:78 25:99 5:19 4:12 25:97 8:28 40:158 5:19 22:86 18:72 35:139 11:43 21:81 26:104 18:68 10:38 40:156 26:104 33:131 24:94 20:80 27:107 28:110 2:4 6:20 16:60 36:144 33:131 27:107 13:51 5:19 22:88 12:44 14:56 19:73 28:110 18:72 24:92 23:91 2:6 6:20 28:108 37:145 37:147 51:203 5:19 2:6 14:56 20:78 27:105 49:193 16:62 16:62 16:62 22:84 20:78 38:150 17:65 8:30 25:99 40:156 3:9 22:88 32:126 20:78 2:8 22:84 6:22 30:118 10:36 20:78 34:134 24:92 11:43 29:113 20:80 28:112 26:102 13:49 15:57 32:126 10:36 5:17 2:6 35:137 31:121 37:147 40:158 19:73 16:62 30:118 28:110 18:68 15:59 23:89 18:70 26:102 4:14 21:81 28:108 35:137 19:73 22:86 5:19 2:8 31:123 34:132 12:46 23:91 24:92 5:17 15:57 37:145 16:62 6:20 40:156 14:52 2:8 32:126 17:67 19:75 21:83 9:33 28:108 45:179 9:33 20:80 25:99 0:0 6:22 9:33 26:104 1:3 8:32 4:16 29:115 10:40 24:96 30:118 32:126 18:70 38:152 1:1 5:19 40:158 48:190 28:108 12:48 33:131 2:4 14:56 27:107 16:62 28:112 20:76 13:49 35:137 11:43 25:99 12:44 46:184 26:100 10:38 50:196 17:65 40:156 22:88 14:52 11:43 7:25 9:33 19:75 39:155 25:97 23:91 21:81 33:129 3:9 3:9 10:40 44:176 6:22 3:11 14:52 7:25 24:96 10:38 6:20 22:86 40:158 21:81 19:75 12:46 34:136 21:83 7:25 40:158 4:12 28:110 12:44 15:57 12:48 32:124 7:25 26:100 22:84 24:92 18:68 26:104 13:51 19:75 40:158 22:86 6:24 26:102 12:44 35:137 13:51 10:40 21:81 4:16 11:41 2:8 24:94 4:16 5:19 3:9 8:32 24:92 30:118 41:163 34:132 2:4 16:60 26:104 15:57 39:153 44:176 20:76 3:11 13:49 3:9 16:64 5:17 30:120 10:36 9:35 31:121 37:145 24:96 22:86 40:158 22:84 33:129 30:118 28:108 24:94 31:121 26:100 2:8 39:155 10:40 11:41 2:6 12:44 31:123 22:88 12:46 19:73 33:129 32:124 40:160 22:84 38:150 6:22 23:91 42:168 4:12 40:156 7:27 20:78 26:100 9:35 34:136 30:118 36:142 10:40 33:129 15:57 29:115 34:136 18:70 34:134 37:145 22:86 12:48 8:30 2:8 16:64 39:153 10:36 26:102 21:83 48:190 32:126 9:35 36:142 14:56 21:83 16:62 15:57 34:134 34:136 14:52 22:84 43:171 38:148 10:36 29:113 12:46 24:96 14:52 18:72 25:97 33:129 2:4 34:132 2:4 14:56 36:142 35:139 26:100 30:120 32:124 3:11 26:102 23:89 22:86 29:113 16:64 21:83 6:22 35:139 48:188 8:30 15:57 35:137 22:88 10:40 15:59 18:68 7:25 20:78 23:91 2:8 27:105 20:76 15:59 6:22 23:89 14:52 27:105 32:124 28:112 25:99 8:30 28:112 25:99 ; 
L 21 -67 53 -92 3 2 14 -54 30 -28 40 -72 -40 -70 -81 -91 34 -29 -59 -14 -84 -38 -61 97 -2 -14 -41 2 -18 97 -71 50 -94 -52 -63 22 -18 -18 -73 -74 94 19 -4 -46 95 2 -61 -84 -93 87 2 -58 -52 20 -20 48 -27 59 -69 40 85 53 -13 59 35 -9 -60 52 -28 36 -70 -9 -89 97 21 6 80 -1 -44 9 78 61 -60 52 33 89 22 26 10 61 82 -11 -95 -59 -100 11 42 -98 56 -61 -15 31 -90 43 -69 17 -100 -62 77 26 -23 35 93 62 24 -16 -71 37 -33 -58 97 32 -89 2 -98 -76 16 89 -77 -27 49 24 -94 -73 59 -93 87 -10 -19 -38 31 75 -99 -5 -34 -38 -54 -54 71 23 -6 92 69 53 30 -53 96 -72 42 80 -91 -50 -56 93 -72 -78 -47 -94 66 72 -32 23 68 65 33 -65 -27 49 64 -73 -16 42 85 -1 -70 89 -82 26 -1 -88 -40 13 -80 -13 -28 -83 32 -97 -95 -82 33 4 5 -1 -48 62 -65 -17 -72 -93 -50 94 -40 -50 65 -71 -3 65 -22 -88 -66 -93 54 34 87 -52 -12 61 45 -23 -52 -79 -1 -90 64 41 87 21 -38 93 -42 82 -94 -86 -76 37 38 -60 18 62 -29 -81 8 75 77 62 96 -65 21 35 24 30 72 82 -77 -13 -49 -30 -44 68 -80 85 18 -99 -36 -31 -81 2 4 -26 -35 81 52 -80 -2 57 -57 -48 -76 18 92 -86 32 98 -21 -35 -26 -70 55 -42 -31 21 -59 30 6 -8 -5 27 -51 -77 47 9 -3 -65 75 85 16 36 -2 -27 86 62 95 -37 44 52 -47 39 35 81 -77 39 70 34 -65 12 57 -75 -74 -94 -71 73 -77 -41 46 63 -36 -35 -67 49 -78 62 -26 47 -56 -46 -43 67 -84 23 -78 12 -48 1 73 56 12 -96 65 52 20 90 70 -19 14 71 100 -67 12 27 82 -66 17 39 60 55 -50 89 -84 51 -100 -14 53 -82 88 -14 -20 -97 -86 10 91 29 -86 2 -14 40 -86 -18 -38 -10 -82 -89 36 72 -79 -49 54 -91 53 94 -79 -13 91 -55 -80 -74 44 68 -23 -95 -20 -43 37 37 -21 34 -27 -90 7 -19 -96 12 -78 -26 -77 99 -60 62 -25 -65 82 -86 -97 -49 27 -15 -36 -88 -3 -59 -61 -68 -37 46 -96 35 92 71 -87 2 96 -4 -34 -7 37 -5 -33 30 56 -53 54 43 -34 -52 83 -96 54 81 53 25 -39 100 92 28 64 -40 -73 -1 -52 96 ; 
58 37 40 44 36 20 13 24 83 79 71 61 80 79 93 48 59 61 73 45 27 56 43 6 30 56 97 63 56 81 27 22 87 5 72 58 35 56 3 99 50 23 17 8 14 52 96 77 77 46 8 68 17 57 18 92 44 17 43 67 65 100 52 29 31 17 11 47 39 30 14 70 78 21 89 50 35 36 1 11 51 89 88 34 34 18 25 46 8 48 10 33 99 51 75 29 12 28 14 51 28 10 69 90 42 19 26 51 41 90 13 24 15 73 26 78 87 47 49 55 61 96 50 19 92 46 81 77 25 5 62 59 89 92 69 59 8 63 15 88 85 39 62 77 91 14 20 84 20 15 10 89 24 34 22 51 35 8 30 2 38 42 45 8 18 38 35 4 23 84 2 16 64 38 41 21 55 32 79 15 25 34 66 65 15 93 19 24 56 64 36 80 44 33 12 100 79 4 93 53 71 22 100 7 74 36 1 54 56 61 41 16 95 9 58 15 65 97 84 98 4 84 33 91 26 52 43 2 46 46 66 20 93 73 88 84 51 51 99 71 21 62 88 97 41 87 42 26 94 36 19 20 6 29 38 1 67 90 49 70 51 29 62 78 64 16 28 71 99 95 7 15 4 46 15 67 79 60 48 59 30 15 31 25 4 95 95 52 93 44 81 7 14 45 5 7 10 85 47 54 55 85 38 16 60 79 86 51 89 37 67 18 69 95 54 89 24 67 46 12 55 43 57 63 46 19 92 12 19 57 59 23 47 63 22 33 47 34 82 21 67 92 10 67 53 44 69 52 9 89 8 88 80 1 96 56 100 87 50 54 22 56 26 89 51 7 75 70 24 92 98 10 82 71 41 71 15 94 61 69 67 53 92 75 77 51 60 4 14 16 45 30 51 42 27 64 55 57 5 79 54 38 67 28 72 25 85 55 96 9 95 80 16 86 57 57 15 71 5 54 75 7 20 37 84 64 6 38 75 48 81 45 49 94 30 45 13 90 92 2 43 66 52 36 46 89 69 5 99 7 84 24 61 56 76 79 93 69 32 88 27 96 34 37 5 79 72 96 17 67 24 60 4 96 50 81 15 21 82 39 59 42 38 45 84 44 24 27 54 27 54 30 5 33 80 58 49 96 60 42 86 ; 
L 21 56 19 -4 -46 95 2 -61 -84 -93 87 2 -58 -52 61 22 26 10 61 -21 65 -96 -69 -38 -10 -19 14 59 79 73 94 -24 80 11 27 -15 -36 -88 -3 -59 18 -99 54 35 21 -9 -89 97 21 -86 37 -31 89 -32 -97 85 -32 23 -34 20 56 -53 13 77 -82 81 -20 -68 -37 -38 -61 97 -2 27 77 35 26 -12 67 -100 -71 -14 77 -73 71 -79 62 40 -18 75 -100 -93 -50 -4 -33 30 90 70 -82 65 -99 -5 -34 42 -55 -35 91 81 -99 2 14 -54 30 -28 40 -72 -40 -70 78 94 79 -72 -36 89 -9 95 97 -32 83 -90 19 -41 53 -38 41 73 75 -12 76 48 57 -57 -89 -16 76 98 -2 2 -26 66 88 22 -65 3 49 -13 -28 -31 15 61 -56 98 -42 -11 48 -57 -95 17 82 -84 65 -62 78 52 33 89 -60 -49 67 34 90 77 62 47 -73 -16 42 85 -1 -70 77 51 -52 -73 -75 -62 77 26 -23 53 -92 3 -84 -29 -81 2 80 -52 -91 -30 59 -21 31 -69 17 85 74 -27 5 8 -6 55 -50 17 65 -62 36 -2 4 -4 88 -60 -20 -97 65 -16 94 50 -100 -14 43 -43 -96 12 -1 -48 33 -52 -64 -49 -6 54 -72 -30 -24 -35 82 -69 40 86 -29 -81 8 72 26 -38 -54 -26 43 46 56 74 100 27 27 -84 46 -96 35 92 71 -87 2 -18 97 -71 50 -94 -52 -63 22 89 -82 88 -14 91 -55 -80 -74 44 78 -1 -83 52 34 -3 -75 38 -60 18 62 51 -49 -30 -44 68 -70 -39 77 -37 -44 37 -95 -62 6 -93 -35 67 93 -72 -78 -47 14 -2 58 33 -37 -43 59 -25 -65 82 -86 87 21 -38 93 -61 12 53 -30 -53 -61 93 -59 9 -27 65 -34 -78 -7 -27 59 18 37 50 82 -66 -41 46 63 -36 32 98 96 40 -1 -23 39 13 86 -40 -94 66 47 -94 -48 20 100 92 89 -72 42 80 -91 34 -40 23 -45 29 39 -25 -7 37 -5 -33 96 56 -2 81 82 -94 -86 -76 52 -47 39 35 81 -53 -18 -92 70 -36 28 -52 60 -77 92 -86 -12 19 10 -87 73 -64 -28 -65 -21 -85 80 -49 54 96 -12 -96 64 1 -26 -14 -82 71 80 -1 -44 90 -31 42 -1 36 71 23 27 65 13 70 -97 -49 67 -18 -94 5 53 54 24 -16 -71 20 -60 -35 -59 13 -53 91 52 -87 68 -23 -95 62 9 -34 -54 93 72 -10 86 -68 -52 96 ; 
24:92 12:46 3:9 7:27 4:12 6:22 21:83 39:153 31:123 31:123 19:73 4:12 28:108 7:27 37:147 18:72 19:73 4:12 20:76 26:100 20:78 36:144 20:80 6:20 4:14 61:243 17:65 18:72 46:180 20:76 37:147 36:142 24:92 16:62 31:123 32:126 38:148 28:110 13:51 36:140 14:54 19:73 5:19 3:11 3:11 24:96 32:124 9:33 36:142 15:57 40:156 26:102 14:56 20:80 39:153 15:59 1:1 7:25 13:49 18:70 9:33 16:62 20:76 7:25 26:102 7:25 22:84 25:97 14:54 20:76 18:68 3:9 12:48 11:41 2:8 28:110 12:48 15:59 25:97 38:150 6:24 29:113 28:110 4:16 37:147 45:177 10:40 8:28 20:76 14:56 26:100 37:147 17:65 16:62 9:35 14:56 29:113 33:131 6:22 27:107 41:163 31:123 37:145 14:56 22:86 18:72 8:30 20:76 32:124 44:174 6:20 10:38 34:132 32:126 29:113 25:97 32:128 32:126 22:88 39:155 19:75 23:91 35:137 7:25 14:56 23:91 38:148 2:6 32:126 31:123 34:136 30:118 73:291 16:64 27:107 23:91 20:80 11:43 19:73 38:148 21:83 38:152 13:51 31:123 33:129 19:73 37:147 26:104 30:120 42:166 2:6 40:156 34:134 39:155 56:220 14:54 5:19 37:147 4:16 12:44 21:81 6:22 12:44 5:19 13:51 14:52 28:108 35:139 21:83 28:110 4:12 2:6 36:140 3:11 14:54 8:28 23:91 14:56 36:142 20:78 56:220 30:120 1:1 17:67 3:9 10:40 14:54 27:105 26:104 6:24 25:99 15:59 16:62 37:147 28:110 10:40 17:65 36:144 6:20 13:51 18:70 15:57 16:60 4:14 13:51 14:54 2:6 10:40 15:59 12:44 7:25 16:60 34:136 28:112 8:30 21:83 17:65 44:172 21:81 35:137 32:126 41:163 24:96 23:89 22:86 1:1 20:78 19:73 8:28 16:64 7:27 15:59 34:132 23:91 15:59 14:56 14:52 25:99 12:44 12:48 18:72 10:40 20:76 27:105 14:56 30:118 24:96 37:147 4:16 32:126 12:44 41:163 36:142 25:99 12:46 21:81 7:27 13:49 27:107 26:102 27:107 8:32 3:9 10:38 6:22 18:70 8:32 35:139 22:88 40:160 23:89 40:156 16:60 9:33 32:128 16:62 18:72 2:8 32:126 29:115 39:153 7:27 27:107 20:80 33:129 11:43 9:35 35:139 2:8 29:115 24:92 5:19 7:27 11:43 26:102 14:54 15:59 34:134 26:102 3:9 31:121 26:104 42:168 34:134 8:28 29:115 22:88 13:49 11:41 38:150 15:57 11:41 26:102 29:113 40:158 38:152 26:100 19:75 10:36 26:102 32:124 19:73 26:100 23:91 23:91 26:102 6:24 13:51 7:25 8:28 16:60 14:56 4:16 29:115 22:84 22:88 20:78 7:25 24:96 19:73 3:11 34:134 10:38 25:97 21:81 40:158 29:113 16:60 1:3 18:68 21:81 9:35 21:83 12:48 24:94 24:92 4:16 6:20 9:35 7:27 14:52 23:91 7:27 17:65 27:105 16:62 3:11 22:84 59:233 22:84 18:70 28:110 8:30 18:72 4:16 28:108 61:241 31:121 43:169 14:56 4:12 34:136 8:30 10:36 8:32 8:30 1:1 37:147 8:30 2:8 15:57 13:51 12:48 1:3 16:60 30:120 10:36 27:105 19:73 22:86 5:19 22:86 29:115 20:80 33:129 6:24 18:70 12:44 5:19 24:96 19:75 36:140 39:155 17:65 12:44 37:147 5:19 8:30 23:91 19:73 16:62 43:171 7:25 6:22 12:48 16:62 19:75 12:46 18:72 3:11 34:134 5:17 6:24 26:100 22:84 7:27 32:128 23:91 20:78 23:91 6:24 21:81 6:24 32:124 17:67 55:217 25:97 11:41 23:89 6:20 12:44 12:48 33:129 15:57 1:1 6:20 27:107 38:150 12:44 30:116 10:36 6:24 6:22 22:88 4:14 20:76 24:96 23:89 24:96 8:28 42:164 31:123 2:8 4:16 22:88 32:124 35:139 31:121 29:115 8:30 13:49 12:46 38:150 2:8 12:44 21:83 5:19 30:120 20:76 42:168 28:108 11:43 37:145 14:52 18:72 16:62 32:126 3:9 20:76 17:67 35:137 ; 
L -75 -53 -60 32 -99 96 48 -14 -69 66 19 -51 -41 63 30 87 -31 -53 -38 -10 88 -49 57 -81 -32 -21 29 -45 37 66 -50 63 -52 -78 63 76 -9 29 5 -6 63 36 10 -86 16 91 -79 -29 -28 -91 5 -25 -74 -61 -87 78 38 -51 -45 -70 59 -40 64 56 -36 7 73 50 5 53 19 -45 -70 21 10 -69 50 91 -40 -67 50 -65 -18 -31 28 -72 -17 -78 -91 58 -68 49 3 77 77 83 52 42 -34 -26 -96 -16 8 21 47 66 55 57 58 -60 -95 39 12 6 48 -96 -27 -37 10 97 94 62 -6 -23 -39 -21 -55 -66 32 -9 18 68 -35 34 -65 -3 47 -70 11 23 -32 43 89 -90 -31 62 -12 -90 58 -25 -15 -48 45 22 -89 -6 60 56 28 28 59 -55 -62 49 23 35 29 80 46 -82 61 -54 -58 19 41 -42 -9 1 -70 69 34 -77 24 -60 20 21 67 55 58 72 -67 42 79 -9 -36 20 70 -69 -95 99 -33 -15 -29 83 57 14 9 -20 -96 58 37 6 25 -65 -95 89 47 20 -47 -44 -4 35 64 30 -46 -17 -18 -8 -100 -84 -52 16 26 16 15 -56 -21 -14 -90 -33 78 46 -56 42 26 -86 -100 -67 -69 14 51 72 65 -56 25 -91 -16 46 80 81 48 48 -75 93 46 63 55 -63 99 32 -77 71 -12 32 26 -96 -50 46 83 -73 -1 -6 34 73 21 100 -77 22 -39 -57 77 -24 -63 -28 64 -5 40 42 -60 20 -16 31 61 23 -21 88 -42 -2 -92 46 -93 -26 57 -58 -79 4 -90 87 -45 39 76 -6 28 19 -98 33 -63 -25 -62 -44 -55 9 28 69 86 62 -22 72 -53 15 24 -7 82 -56 -38 -75 -83 -23 48 57 -4 93 38 18 74 -98 -54 -80 91 44 61 -68 -55 -90 -71 38 19 -21 -49 -43 -36 7 18 -41 94 21 14 8 81 -6 44 -83 71 -84 64 8 11 16 -79 -67 20 -33 -24 -53 -74 15 53 -59 -59 4 65 21 62 92 44 54 23 -88 59 -97 -18 45 -93 -30 75 89 94 28 -61 19 -43 8 -18 36 90 -8 63 -62 -87 69 88 -62 -43 -35 41 -53 10 72 -83 -9 27 -57 30 -59 -34 -73 83 86 -97 -81 -76 -69 12 -19 100 -80 38 67 97 -59 -41 -76 16 6 -66 13 57 -56 -60 -8 16 -35 27 44 91 77 -1 75 -13 93 -20 28 -91 18 -59 -95 62 -37 98 84 -36 -40 29 56 -98 -17 -40 -99 36 48 ; 
64 6 51 14 64 20 31 10 94 15 36 26 34 91 91 19 96 70 30 44 62 1 95 57 86 98 1 9 28 68 19 78 50 94 100 43 92 35 25 74 85 67 94 3 12 87 26 41 86 6 72 52 38 36 52 64 86 35 58 18 63 85 81 87 43 95 82 53 77 10 78 49 2 33 40 87 7 29 65 6 89 62 57 97 13 48 76 45 6 58 75 65 64 21 89 51 34 94 23 35 84 86 18 44 11 31 43 33 10 85 12 57 59 73 46 32 11 38 55 7 99 73 69 43 73 12 51 41 99 91 40 89 8 84 28 72 26 79 54 81 3 83 29 62 85 70 2 18 75 2 65 8 49 49 14 55 100 1 15 27 46 18 46 25 53 56 79 2 65 24 82 23 37 96 19 45 8 100 70 93 42 84 35 8 99 52 15 37 74 32 10 11 7 8 100 2 10 69 59 74 91 59 43 30 45 58 43 86 25 44 54 55 98 32 56 53 67 64 54 81 28 50 84 42 77 40 84 38 59 31 26 17 92 79 85 28 18 20 83 94 7 22 9 46 44 22 15 92 2 90 17 83 79 62 70 47 42 60 60 50 58 1 18 83 72 2 40 77 58 91 40 31 69 8 96 68 81 13 47 82 39 68 53 67 51 94 13 62 88 42 48 70 52 99 61 71 23 99 84 49 50 53 6 66 39 28 36 1 53 27 42 57 88 71 59 72 76 57 9 98 70 99 92 50 81 42 84 56 10 43 48 94 47 74 58 3 58 28 40 77 46 94 5 73 27 85 10 63 85 81 90 56 30 43 24 99 14 34 65 68 71 19 100 78 13 21 38 30 14 31 70 22 10 71 72 92 8 24 96 98 85 14 22 88 21 91 11 42 90 75 53 41 77 13 30 19 64 38 88 63 90 59 59 90 86 47 17 8 16 8 54 58 84 52 97 30 9 70 74 26 17 100 97 37 79 92 5 57 52 64 3 21 17 39 85 97 98 54 41 65 26 66 41 49 11 29 37 97 58 41 14 53 57 2 44 44 22 76 30 73 38 63 59 71 61 68 68 18 60 66 62 29 3 21 45 97 69 36 92 33 53 69 69 66 54 55 60 68 46 88 2 32 46 13 89 96 45 88 58 49 49 ; 
L -75 -53 -60 32 80 30 -59 -34 -73 35 9 51 -63 8 -90 -36 18 56 28 28 59 4 -90 -96 -70 -18 45 95 69 -70 -20 28 83 86 -97 91 77 -1 -76 16 38 56 -82 7 -24 -15 53 -72 22 -62 -77 24 69 88 -62 27 15 -80 -29 62 25 63 -34 6 40 -91 48 20 -100 43 -5 -40 -6 -12 -39 95 -86 -69 -78 42 62 -77 37 27 -57 -100 19 -12 69 76 -91 18 -53 -38 -10 -61 -44 -36 7 18 -41 94 -62 -87 -47 -69 -66 90 5 -25 -21 -73 42 79 -9 -36 -52 58 72 -19 86 -10 -36 -63 -72 21 14 8 -15 23 -20 -47 -31 76 -9 32 -40 -99 81 -44 -61 -60 -8 16 57 14 9 93 -20 84 100 -5 -66 58 37 6 25 -46 9 83 -21 -55 -51 -41 -96 99 38 -15 95 21 32 81 9 28 -25 27 96 -48 46 -30 -21 -65 -72 -10 53 -41 16 26 16 -49 -88 -17 -18 8 -35 -69 96 48 78 66 55 -98 -89 -29 -17 36 -84 -98 -82 61 42 -60 20 -80 -46 16 -83 98 -56 -29 -64 67 41 -25 18 65 -50 -35 34 -65 -3 79 -91 -16 58 54 -40 -46 50 -58 -57 42 26 -86 57 -4 93 22 -60 94 62 -57 -13 18 74 56 -46 53 -63 50 -66 -37 45 -92 62 -12 9 -32 -33 -2 -41 34 -54 16 79 -16 -11 -8 -64 84 -71 83 -67 20 -33 -38 49 -88 -68 67 100 76 -6 31 61 -33 98 -19 -28 55 81 -50 -19 83 -73 -1 -48 -90 -31 -62 -28 -43 -35 48 -14 57 55 -93 -30 75 89 -59 45 22 -89 73 50 63 24 -77 57 -39 45 -87 95 59 -99 -91 1 -44 6 -81 -56 -21 -14 91 28 29 33 83 52 42 -65 29 44 -77 -53 -74 15 -40 -69 -71 77 47 -70 -87 -19 -39 -67 -68 -18 -90 58 -49 68 -58 91 -74 -61 -87 -42 -14 69 -55 23 4 -75 -83 59 -97 -67 -64 34 63 55 -63 99 32 56 -36 7 -6 -97 -10 46 -93 -26 57 -70 21 10 -44 -54 -80 91 43 49 21 -19 -38 71 90 -89 -43 29 5 -6 65 20 21 67 16 -4 59 59 -53 88 -23 48 35 -63 -66 -24 -77 -3 78 38 70 45 51 23 -21 -52 -47 -21 -8 -44 -19 -64 28 -56 -93 97 -63 -60 56 -23 -75 -26 -58 -79 -55 92 -8 78 -23 -39 45 -30 -59 94 -75 96 -26 -32 12 -60 13 -11 6 62 -37 -46 -31 28 -72 -17 6 36 48 ; 
26:102 3:9 21:81 6:22 21:83 11:43 20:78 5:17 12:46 16:60 24:92 6:24 14:56 2:8 37:147 32:126 15:59 41:163 6:24 11:43 19:73 30:116 31:121 26:102 70:276 25:97 24:92 17:67 24:94 28:110 8:28 28:110 8:32 39:155 24:92 4:14 39:155 28:110 4:12 24:94 12:44 11:43 30:116 2:8 38:150 19:73 31:123 16:64 12:44 24:92 22:86 14:56 31:121 2:4 9:33 16:64 6:22 16:64 1:3 11:41 4:16 23:89 46:184 22:84 23:91 26:104 9:35 2:4 17:65 40:158 35:139 19:73 23:91 30:116 24:94 23:91 3:11 24:92 15:59 1:1 12:48 16:62 25:97 13:51 27:105 24:92 18:70 1:3 23:91 22:84 18:68 27:105 37:147 12:48 18:70 11:43 29:113 40:158 9:35 4:16 29:113 29:115 36:142 21:83 27:107 56:224 5:19 14:56 52:208 21:83 16:62 21:81 30:120 3:11 4:12 40:160 9:33 26:102 13:51 6:24 28:112 2:4 38:150 27:107 34:136 44:172 4:12 10:38 17:65 13:51 2:8 26:102 30:120 4:16 37:147 25:99 9:33 36:140 16:62 31:123 36:144 8:28 27:105 25:99 20:76 24:92 18:68 17:67 18:72 3:11 13:49 34:134 15:59 8:32 22:86 22:88 40:156 7:25 35:137 26:104 21:81 21:81 18:68 14:54 5:17 8:32 14:54 32:128 22:86 14:56 40:156 35:137 40:160 19:75 15:59 6:24 5:17 13:51 18:68 31:123 2:6 24:94 28:112 22:86 40:156 39:155 6:20 37:147 32:126 43:169 13:49 15:59 34:134 12:44 11:43 50:198 16:62 10:36 40:156 13:51 18:68 6:24 33:129 17:67 15:57 24:96 1:3 36:140 22:88 33:131 39:155 34:134 20:78 18:70 24:96 24:96 2:4 36:144 36:142 6:20 26:102 18:68 6:22 21:83 49:195 23:91 25:99 22:84 34:134 12:44 29:115 18:68 11:41 35:139 16:60 15:59 10:40 10:38 6:20 28:112 4:16 26:100 18:70 9:35 12:44 36:144 23:89 17:67 5:19 49:195 30:116 33:131 28:108 26:102 10:38 40:160 4:14 24:92 10:40 32:124 8:30 28:108 12:44 25:97 50:196 1:3 10:38 37:145 64:252 3:11 28:110 29:113 20:76 22:84 10:40 36:144 17:67 5:17 37:145 9:33 36:140 9:35 10:40 22:84 17:65 29:115 31:123 1:1 22:86 28:112 37:147 20:80 40:158 36:144 3:9 17:65 17:67 33:129 20:80 23:89 22:88 26:104 8:30 18:72 33:131 16:62 13:51 26:100 37:147 15:59 21:83 8:30 16:62 20:76 4:16 38:150 21:81 18:68 21:83 39:155 12:48 7:27 3:11 20:78 6:22 49:193 22:84 27:105 21:83 28:112 20:76 23:89 40:156 4:14 21:81 22:88 52:206 29:115 43:171 9:35 34:136 40:156 34:132 8:28 8:32 10:40 3:9 35:137 10:40 19:73 14:54 38:150 8:30 9:35 14:54 24:96 34:134 12:48 8:30 4:12 14:54 23:91 13:49 22:84 32:126 21:83 24:92 49:195 24:94 18:70 36:142 14:54 30:120 6:24 26:104 30:120 24:92 10:38 15:57 21:83 32:126 4:16 36:144 13:51 40:160 34:134 12:48 4:16 15:57 30:116 12:48 40:158 36:142 10:36 16:64 31:123 24:92 37:145 12:46 18:68 38:152 7:25 31:123 3:11 15:57 17:67 23:91 36:140 0:0 14:52 16:64 12:44 20:80 14:54 26:104 16:62 13:49 6:22 12:48 16:60 9:33 3:9 25:99 12:46 23:89 10:40 30:118 32:126 9:33 21:83 6:24 15:57 34:132 26:100 36:140 16:60 5:19 4:12 6:22 4:16 14:54 50:196 21:83 8:28 9:33 12:46 35:137 21:81 8:28 24:92 30:116 16:62 15:59 38:148 5:17 18:70 35:139 0:0 30:116 25:97 46:182 30:116 52:208 17:65 29:113 13:51 5:17 48:190 22:88 38:148 24:94 7:27 7:27 10:38 31:121 19:73 30:116 9:35 4:16 22:88 55:219 28:108 34:136 28:108 39:153 4:12 5:17 34:136 22:86 40:158 34:134 28:108 6:24 26:104 6:20 20:76 31:121 17:67 1:1 20:78 20:78 ; 
L 84 -78 80 -91 -69 3 -95 -58 -13 -1 90 -4 76 63 23 85 -44 32 47 -56 -50 -43 -42 82 88 -33 12 86 -13 91 78 -79 -63 -77 -45 26 28 -62 21 39 33 37 -15 100 -52 78 33 -49 -45 71 67 49 60 -71 -14 -17 -52 46 -56 -49 86 -81 83 64 -31 -34 90 -86 -91 -36 -15 15 8 52 59 -45 51 40 1 82 45 -92 -38 -10 94 1 82 -25 10 2 52 -52 61 78 -77 92 40 -99 75 -20 5 35 -15 -17 16 18 -10 75 45 -75 -71 14 -71 86 -6 13 -42 -46 8 -20 95 -71 -7 33 -49 -8 100 -87 21 22 -35 84 -5 -49 -91 -53 69 -7 -2 30 64 52 -40 -3 23 31 -2 -60 7 -13 -23 77 -22 -88 -85 -51 -52 -9 -45 27 -62 -15 57 37 -22 59 -3 -42 -75 -67 69 -36 89 -4 -15 -32 94 -85 -36 10 42 88 -33 62 49 -93 21 78 -6 -99 -11 65 68 -42 -70 -20 -4 29 -91 99 -28 24 1 -72 -31 -32 9 17 -60 41 39 -46 100 13 -67 -20 90 2 69 45 -75 -29 25 -19 -97 -60 -26 47 99 -10 7 -73 48 -56 -36 9 70 97 -89 -30 -36 -81 -25 -79 1 88 -10 -75 5 -17 -35 -14 -94 -16 38 3 6 22 39 87 67 -89 76 -93 -45 78 64 -8 79 99 32 -9 -30 84 -97 13 30 -89 -35 -63 70 -90 60 68 -26 -1 79 71 35 -48 -60 -87 -65 56 -61 30 26 -60 92 42 7 72 46 66 25 41 81 97 -9 -93 -71 -68 -30 -79 74 53 -50 10 -2 75 71 -14 -92 14 -95 33 -93 59 -44 -46 47 -24 45 29 -21 -50 34 -83 60 42 6 54 20 -9 43 -61 8 61 33 9 -61 56 13 -95 54 43 -29 50 -62 80 -26 43 -83 -99 -93 23 -48 15 -18 73 44 27 13 -48 -25 -13 -94 50 -72 -77 -26 37 -22 58 -4 -2 1 -51 -97 95 -100 -73 -58 92 -9 -31 -82 91 -34 24 -54 29 13 -85 -74 -64 -45 19 9 65 80 -5 -75 20 -38 49 -65 36 -36 95 -60 -5 64 -84 -10 14 4 99 -84 -38 -76 -77 -71 -74 32 99 -86 -40 10 -42 -66 -44 25 96 -20 -71 35 -70 15 61 72 -69 -65 15 -97 -33 -82 59 68 42 73 -83 20 -21 -15 -38 -45 80 -98 18 -66 73 9 71 -30 -55 -36 88 99 -81 -48 29 -69 -42 -27 -74 -97 74 21 -68 87 -87 -82 39 60 -20 34 14 55 25 ; 
4 64 76 9 24 78 90 23 12 85 37 5 28 44 58 87 82 12 48 30 73 5 75 43 53 81 93 96 61 12 39 45 96 29 54 83 83 40 95 59 51 41 54 25 24 40 29 93 29 63 27 42 83 79 22 4 37 59 72 64 32 6 94 1 86 86 36 19 22 89 76 40 48 94 9 14 24 16 49 14 41 85 99 81 25 84 84 35 22 21 82 71 20 1 88 19 44 4 63 26 97 59 2 72 56 91 82 24 19 26 18 99 55 8 28 67 62 61 72 33 57 44 82 35 41 57 41 68 74 53 1 11 38 89 67 6 74 79 34 49 35 98 1 77 23 41 7 10 89 59 18 62 85 100 65 15 43 96 58 69 64 35 55 45 33 68 17 38 90 96 66 44 86 44 66 82 1 11 54 29 53 95 55 2 40 70 6 11 45 89 4 15 74 98 61 76 95 28 78 44 22 92 10 49 84 4 63 37 43 31 78 24 15 20 72 10 15 16 81 43 15 15 61 74 26 79 41 68 71 58 48 95 92 13 11 51 40 69 48 55 54 50 88 51 49 40 96 85 48 88 29 33 97 16 44 74 9 96 96 17 41 7 50 9 50 11 8 42 28 10 61 59 8 84 42 23 75 75 65 54 59 90 44 13 29 87 93 84 85 21 29 78 82 61 38 4 46 23 61 55 9 72 5 31 78 9 88 65 36 60 68 82 90 27 5 44 2 10 94 76 87 67 29 18 96 3 80 58 56 46 59 1 5 19 59 67 82 14 96 71 95 3 25 28 66 98 100 35 69 2 63 7 1 85 8 52 64 63 84 19 1 40 100 64 54 12 95 44 25 26 95 79 81 58 86 40 71 4 82 50 9 14 13 35 48 63 33 51 77 61 28 38 42 55 66 2 55 91 57 32 24 11 53 58 77 89 10 84 53 32 72 61 75 36 19 75 45 100 38 1 90 75 75 4 67 29 44 85 81 13 73 59 1 89 57 34 51 34 95 57 46 66 22 50 16 17 59 4 34 8 75 97 14 52 18 43 26 77 50 18 50 46 22 28 72 55 40 68 40 68 26 75 97 23 25 42 19 84 43 19 79 57 47 1 69 50 46 25 77 93 4 6 61 38 56 21 35 90 64 36 4 ; 
L 84 -19 -34 92 -83 -99 48 -4 -81 -41 -25 -66 65 -75 19 -60 -30 -72 -31 -50 44 46 -56 -49 -82 91 -34 32 -9 70 -35 -25 29 75 -3 -38 -94 -25 10 2 35 84 -64 95 -13 -56 -30 84 -97 -94 95 -14 92 15 77 -79 1 -35 -39 48 93 39 33 37 -15 100 -52 78 -10 49 61 58 11 99 6 -78 -21 93 -49 -62 33 71 29 -21 -5 -49 13 -87 -82 -84 20 -96 -25 -15 -32 -71 -79 -45 26 28 -62 -8 100 3 -95 7 -13 -23 97 74 100 -95 97 51 -1 2 4 -45 24 -27 40 67 14 -21 49 -14 -99 -56 -50 -43 -42 -44 -15 58 73 46 42 15 62 -27 45 -22 54 22 -25 -83 78 -97 -70 -9 36 56 9 74 85 -75 -38 84 -99 -4 94 93 -76 -86 14 -71 86 -6 90 -86 -91 81 -79 -63 -22 58 -33 7 71 -95 -74 -97 5 60 -95 36 -36 15 -35 -5 20 -49 38 -20 75 5 -80 -24 28 -99 -38 -92 45 -75 -71 31 9 -76 -45 71 1 82 42 73 -8 -15 92 63 74 21 -68 87 -86 -12 36 13 23 -86 -40 10 54 53 70 61 -75 -91 -69 -87 53 -50 10 -13 73 -7 -61 -54 -6 93 -13 9 17 -88 44 88 45 38 -82 -1 -45 78 -81 18 14 26 -80 62 -50 -52 60 68 -26 24 42 3 -59 -61 -8 -90 88 -43 9 -20 -1 -70 -20 -4 35 -22 68 45 -76 -77 -71 -74 32 -47 -48 29 -69 -42 -27 23 31 -2 -60 65 68 -42 89 -10 -89 46 44 -59 85 88 -1 -65 25 98 -80 -33 17 -5 -75 10 -18 -16 17 -46 47 99 -10 -87 -65 56 60 48 -35 69 -72 -97 -33 -64 -82 59 71 -60 9 -78 -45 -14 -97 26 15 32 43 -29 -43 -42 -10 36 85 16 -67 48 -73 6 22 39 87 67 -89 -89 -30 -36 77 33 68 71 93 9 -34 50 -37 -57 -13 34 31 -64 -23 -2 -69 -2 -90 -15 61 -9 -30 72 -51 -52 -9 -77 -8 -99 -8 21 -61 39 -46 100 21 -20 83 52 59 -45 51 52 17 14 71 -52 -41 60 -10 -13 -29 -30 -55 -88 -64 33 -49 4 -90 1 13 -15 85 82 66 42 -72 -7 -42 91 91 -36 -81 -79 -83 60 42 -33 -73 18 20 -60 -63 -37 26 77 -32 79 99 30 60 -26 92 -67 -20 91 -29 -71 -78 80 45 -69 13 65 40 -3 20 -47 36 -69 40 99 -75 94 -66 -7 -2 30 64 52 55 25 ; 
2:6 36:142 20:76 4:16 5:19 26:102 16:60 17:67 8:30 36:140 4:14 32:124 46:184 25:99 12:44 4:16 52:206 14:54 34:134 14:56 9:33 52:208 29:115 26:102 24:94 37:145 23:91 14:56 24:94 6:20 2:6 34:134 25:97 6:24 9:33 30:118 20:76 10:36 9:35 9:33 22:84 20:78 2:6 21:83 34:136 1:1 4:12 34:134 17:67 6:22 32:124 39:153 8:28 28:110 23:89 18:68 20:78 26:104 17:65 29:113 0:0 16:60 21:81 17:65 22:86 10:40 10:38 16:64 19:73 12:44 10:40 28:110 9:35 2:6 36:142 18:72 5:17 3:9 28:112 16:64 1:3 60:238 13:51 24:94 15:57 36:142 22:84 22:88 25:97 39:153 8:28 7:25 20:80 27:107 33:131 10:40 34:134 46:180 34:132 34:132 16:64 23:91 17:65 20:76 36:144 21:81 24:94 8:28 20:80 3:11 10:36 12:44 25:97 31:123 21:81 14:52 26:100 8:30 2:8 8:32 4:12 10:40 18:68 34:134 38:152 29:113 15:57 9:35 30:116 2:8 30:120 26:100 19:73 20:80 17:67 2:6 25:97 31:121 14:56 26:102 28:110 34:136 8:32 36:142 10:36 2:4 15:57 16:62 28:110 16:64 21:81 5:17 15:59 7:25 31:123 44:176 23:91 13:51 33:129 34:136 12:44 31:121 4:14 13:51 15:57 22:88 4:12 12:44 19:73 8:30 9:35 42:166 8:28 39:153 24:92 14:56 22:84 14:56 33:131 18:70 40:160 19:73 15:59 30:120 36:144 1:1 16:60 17:65 1:3 24:94 39:155 4:14 30:120 8:30 15:57 30:120 25:97 26:104 37:147 9:35 3:11 52:206 39:155 11:41 8:28 37:145 1:3 9:35 12:46 26:100 21:81 6:22 14:56 20:80 11:41 20:76 18:72 36:140 28:108 31:123 38:148 2:6 5:19 39:153 10:36 28:112 28:112 38:148 14:54 38:152 14:54 20:76 20:76 25:97 22:88 39:155 10:38 40:156 20:80 1:3 4:16 21:83 20:76 38:152 31:121 31:123 2:4 20:76 39:153 8:30 15:59 39:153 23:89 33:131 49:193 16:64 25:99 34:134 24:92 5:17 9:33 28:108 40:158 18:70 1:1 8:30 34:134 38:150 22:84 6:20 12:46 26:104 39:155 16:60 7:27 11:43 14:56 52:206 12:46 15:57 27:105 12:44 8:30 33:131 31:121 38:152 6:24 1:1 12:44 10:38 12:46 24:94 1:1 36:142 23:91 17:67 32:124 23:91 19:75 1:1 28:110 11:41 17:65 3:11 4:16 22:86 30:118 40:156 16:64 31:123 7:27 31:121 19:73 23:89 34:136 26:104 42:168 7:27 30:116 36:140 16:64 12:44 46:184 36:140 5:19 10:38 33:131 37:145 23:89 19:75 3:9 29:113 24:92 28:112 33:131 25:97 8:28 12:46 9:33 20:78 39:155 9:33 18:68 7:27 16:62 31:123 9:33 42:168 12:48 22:88 4:12 32:124 28:108 13:51 20:76 34:134 13:51 26:102 50:196 46:184 22:84 12:46 22:86 3:11 18:68 34:134 30:116 24:94 39:153 39:153 7:27 17:65 34:132 24:96 22:88 22:86 17:65 20:76 2:6 33:131 28:108 24:96 13:49 33:131 15:57 18:72 17:65 23:91 35:137 35:137 12:46 47:185 3:9 33:129 7:25 9:33 12:44 26:100 36:140 23:91 17:65 18:68 39:153 24:92 12:46 9:35 10:38 61:241 19:75 22:88 10:38 6:24 21:83 12:44 9:35 46:182 4:14 6:22 10:38 7:25 15:59 2:6 9:35 34:134 18:68 13:49 18:68 14:52 22:84 22:86 17:67 13:49 44:174 2:8 38:148 12:44 2:8 15:59 34:136 6:24 39:153 25:99 15:59 19:73 6:22 29:115 4:14 13:49 11:41 33:131 16:64 7:27 7:27 39:153 29:113 24:92 2:4 11:41 16:64 9:33 28:110 5:17 6:22 4:14 21:83 11:43 4:16 6:20 36:140 10:36 8:30 20:80 4:16 12:44 32:124 10:36 10:38 31:121 10:40 36:144 41:163 21:83 33:129 12:46 2:6 13:51 28:110 18:70 2:6 12:46 38:152 28:110 10:38 4:12 14:54 20:78 14:56 40:156 20:80 15:57 2:6 ; 
L -30 -10 -58 81 -25 65 -64 -12 40 79 13 65 73 65 -56 -4 58 77 -24 -76 -83 77 -38 19 -39 13 94 -39 46 16 -55 21 -7 41 72 46 -36 7 -89 -53 -44 6 -49 -100 -80 -65 -85 -94 30 -33 -49 -59 -57 -68 19 -50 32 -96 63 -35 -22 31 -18 99 60 -84 -62 -44 91 88 33 48 22 60 -94 -88 -8 31 46 66 3 72 26 17 79 -64 -80 -93 3 43 93 69 -11 95 -92 14 -84 88 38 -16 -46 7 -13 54 81 27 -53 9 -92 31 36 60 6 21 -47 -30 67 -4 36 -64 -50 7 97 -46 3 -73 45 -36 66 -61 -56 96 -94 91 45 19 -56 86 13 28 22 -49 -87 37 36 -61 -50 72 -13 -33 -17 26 67 -95 66 -92 -66 83 -82 36 46 52 -69 47 -5 63 -84 7 8 -53 67 -93 25 -2 28 -83 12 -84 -95 68 80 -43 -40 -11 34 -30 38 -99 55 -57 77 -36 74 -24 -81 -27 -16 -62 20 52 58 -87 -88 -10 28 -25 -23 31 -100 -19 79 37 93 -34 60 91 -67 -86 10 65 -19 -69 69 -75 13 44 92 91 -78 7 43 -75 1 34 28 -15 35 -44 70 -45 -36 -18 27 66 -37 47 13 -84 27 66 25 52 -62 25 -50 12 35 14 -26 80 69 73 81 80 -15 -97 -90 86 -75 -66 79 -29 -71 -43 -33 -72 69 -80 -95 92 61 -59 -28 44 -23 -22 -77 -12 -35 -4 -15 51 90 -96 18 -80 -87 100 -77 29 -85 -54 9 95 -66 -8 51 6 -52 -24 -94 -55 37 11 -32 -66 66 -21 16 3 -49 -78 1 57 35 67 33 35 -8 -47 -41 -11 13 -51 -31 -91 15 -72 -16 58 51 -63 41 100 -5 53 -46 -39 -63 10 10 69 70 -33 -42 -20 -40 -51 -79 -57 23 -12 70 12 74 21 -3 -8 35 -85 48 71 -37 -41 28 -84 -62 -85 -15 -88 -90 -54 -71 -92 5 19 -38 -78 90 40 48 61 -65 60 -22 -33 100 93 40 -31 -11 -26 -73 -42 31 97 98 98 5 88 91 -90 32 -99 -84 -23 -83 42 -98 -57 52 66 55 43 85 -10 22 -80 -55 91 -76 -20 50 -43 7 -57 -89 98 -73 -41 59 -24 -34 60 -28 84 15 97 49 33 -92 54 -44 58 -36 -60 -87 82 -84 -19 57 37 100 62 87 5 -24 39 40 -41 -1 -92 -21 -5 84 -57 -24 -45 75 9 -93 64 79 87 -72 43 17 -71 -57 100 52 71 6 -89 12 -56 -81 30 46 9 ; 
9 97 42 56 82 58 95 95 54 14 66 29 45 19 8 10 81 29 21 26 5 84 90 55 45 10 96 14 2 69 42 51 17 17 98 38 96 28 43 37 73 1 72 29 25 79 88 74 28 45 79 39 48 92 39 78 56 33 64 22 84 32 40 53 70 56 40 90 7 76 31 87 93 9 2 2 61 88 31 85 44 31 9 67 43 86 88 66 65 43 86 36 95 90 95 61 66 72 48 71 63 6 80 2 98 55 64 89 38 80 33 24 43 8 57 35 20 7 49 63 23 43 39 78 79 28 85 9 18 87 86 50 88 62 33 78 60 93 70 16 52 50 30 62 56 20 6 82 8 84 57 27 44 51 31 46 58 51 84 36 60 56 60 79 35 27 51 85 68 99 56 22 89 74 77 18 64 20 99 91 50 41 60 8 15 67 31 99 3 48 41 45 89 88 94 14 8 96 67 18 35 68 57 5 68 87 41 90 6 91 38 10 26 53 10 58 24 92 67 45 39 28 49 10 45 57 70 6 87 22 45 36 20 42 50 57 87 63 5 83 37 44 33 48 6 85 80 81 94 26 48 76 40 67 58 92 87 65 94 79 80 39 13 1 22 44 59 61 41 9 88 25 90 51 43 49 2 11 34 40 17 66 40 51 50 67 54 67 4 18 10 69 50 26 65 69 83 36 67 41 51 72 3 2 46 81 80 76 35 68 64 84 25 80 27 38 85 32 30 54 43 82 3 90 39 19 7 4 73 31 46 35 19 88 34 97 48 10 100 99 6 78 82 16 43 61 49 56 64 89 20 20 36 27 88 46 85 57 23 80 26 75 60 64 98 51 33 56 27 87 36 78 89 5 62 12 90 85 43 79 39 42 34 29 5 75 87 19 77 28 89 88 12 27 74 61 79 77 31 23 43 58 37 92 85 22 33 39 52 48 22 49 29 78 2 89 13 20 44 50 28 97 99 68 91 47 23 3 78 5 75 16 41 47 14 41 55 49 11 84 21 93 15 32 34 94 10 90 100 26 65 46 4 8 67 47 3 9 85 12 95 86 5 82 66 48 71 29 79 4 16 18 62 55 45 21 79 55 55 97 55 66 65 60 14 93 28 77 23 47 49 12 87 33 94 60 70 99 20 93 58 ; 
L -30 -10 -58 81 -31 42 73 26 -83 100 31 51 40 -57 97 -7 46 -60 -27 67 85 -67 30 6 -89 55 -65 -13 -79 -40 12 64 -65 25 -57 -24 66 92 83 88 5 88 29 19 83 -33 76 -43 7 -5 87 19 72 -49 -87 37 36 15 15 6 81 80 -60 -36 -31 92 -9 53 -27 -47 69 -52 -46 -36 -100 -80 -65 -23 -11 95 -92 14 -84 88 -40 3 -49 -78 1 7 -11 -37 55 94 24 -64 -50 73 -41 28 -84 85 -35 -9 54 97 98 98 -93 -16 -62 20 52 58 84 18 52 -6 -36 -18 -3 46 94 45 -70 -98 -35 -33 -80 -87 -1 54 81 -85 -43 62 43 51 90 -96 18 -66 27 66 -37 47 13 -84 94 -60 -22 -5 33 31 -77 57 73 -38 30 -34 -94 30 71 91 -90 -91 -53 30 92 -33 -49 -90 40 -31 -11 77 22 -69 22 16 -38 98 -42 33 -93 -43 -3 93 11 -20 33 43 -92 95 80 -69 72 71 -17 77 -38 -52 48 71 13 91 45 19 -91 15 -72 -16 -38 -78 90 12 -84 28 -15 -1 40 -41 100 -64 93 -16 -46 39 40 48 69 -75 22 46 57 -79 84 90 88 37 93 -34 -53 84 44 56 -44 86 42 33 -70 -69 41 -29 77 -23 -12 -35 -4 -15 74 21 -3 4 54 -44 58 7 -57 46 -28 2 28 -60 34 24 -24 -81 65 -61 69 19 -35 84 85 35 -57 19 84 -82 87 60 -60 -99 49 -6 44 53 89 -7 36 10 10 -87 -39 24 -5 -87 -62 -100 75 21 12 35 14 -26 80 69 73 95 -66 91 -78 7 82 -8 48 -59 41 8 -26 17 33 72 71 32 -21 -73 -10 -80 13 -51 -79 -34 -39 -63 65 62 -52 -25 46 -100 27 -13 63 86 -88 88 97 7 100 -62 -36 74 66 -81 54 99 -32 -50 -21 16 -11 85 13 44 -20 -10 -99 12 -80 -44 28 59 -61 97 -8 -47 66 55 -72 -41 -55 -8 92 -8 51 -96 56 61 -66 36 -45 -91 10 65 25 84 15 -23 57 -95 68 80 -43 -57 52 32 -96 63 -35 -22 31 -36 67 -95 66 -45 61 -79 -22 -28 66 86 -75 -66 79 -5 92 -13 50 58 -12 -70 12 75 -43 56 67 93 89 50 -19 58 77 -24 -76 9 -55 -36 37 -92 -21 -49 -59 -57 -68 4 56 25 37 -71 19 -39 13 94 83 47 50 -64 28 -25 -23 31 66 3 72 26 17 79 5 -100 -41 63 -51 60 91 -67 46 9 ; 
4:14 39:155 17:67 23:89 21:83 34:136 37:147 15:59 11:43 6:20 52:204 18:72 23:91 10:38 18:70 27:107 3:9 13:51 6:22 4:16 15:57 21:83 8:32 7:27 14:52 28:108 19:75 12:46 27:105 6:22 22:86 38:152 38:152 24:92 14:54 32:126 14:54 24:92 38:148 44:176 10:36 20:76 18:70 29:113 2:8 8:32 19:73 32:124 38:152 10:38 18:70 14:56 16:64 21:83 12:48 25:99 23:89 8:30 25:97 13:51 10:38 1:1 14:52 10:38 14:52 32:128 16:60 36:142 26:102 28:108 32:126 24:96 23:89 24:96 8:30 10:40 32:126 30:118 14:56 36:144 38:152 25:97 27:105 29:115 20:76 4:14 18:68 33:131 2:4 43:169 13:51 32:128 10:40 34:134 26:102 40:156 10:36 12:48 4:16 25:99 5:19 50:198 35:139 6:22 2:4 8:32 14:52 16:62 14:52 13:49 39:153 27:107 8:28 14:56 5:17 36:144 18:68 14:56 20:80 18:70 11:41 32:126 14:54 28:112 34:132 5:17 32:126 2:6 19:75 34:132 17:67 6:24 40:156 23:91 37:145 32:124 8:30 30:120 20:80 11:41 26:104 24:92 22:86 20:76 3:9 34:136 32:128 33:129 49:193 1:3 4:14 40:158 30:120 48:188 25:99 17:65 19:73 24:96 13:49 27:107 18:68 12:44 31:121 28:108 20:78 23:89 42:164 60:240 20:76 26:104 11:41 22:84 12:46 10:36 18:68 24:92 22:86 51:203 10:40 42:168 29:113 30:118 18:70 35:137 29:115 35:137 18:68 26:104 22:86 14:54 29:115 18:68 13:49 16:64 14:54 5:17 1:3 25:97 31:123 36:140 36:144 17:65 6:20 32:124 7:27 48:190 14:52 32:124 28:110 20:76 4:16 40:160 39:155 8:30 31:123 9:35 8:32 34:136 23:91 12:46 51:201 2:6 4:16 18:72 27:105 10:38 28:110 1:3 11:41 36:142 20:80 4:16 19:73 12:46 16:64 25:97 42:166 1:3 16:62 34:136 11:41 22:84 11:41 36:144 24:92 10:38 24:92 8:32 42:164 36:140 11:43 15:57 7:27 12:46 17:65 29:115 22:84 2:6 8:28 4:16 39:153 21:81 14:52 20:80 18:68 2:6 4:12 22:86 17:65 15:59 4:12 31:123 62:246 14:54 13:51 6:24 6:22 38:150 11:43 5:19 35:139 12:44 7:27 16:62 37:145 26:100 2:4 38:152 5:19 34:136 4:14 2:4 16:64 28:112 8:28 29:115 1:1 30:116 15:59 18:68 12:44 19:75 18:68 34:136 14:54 12:46 29:113 20:76 27:105 33:131 28:112 36:142 39:153 35:139 26:104 38:150 32:126 32:128 16:62 2:4 19:73 13:51 35:139 9:35 15:57 14:56 23:91 32:128 9:33 29:113 29:115 11:43 23:91 29:115 6:20 8:32 5:19 30:116 36:142 15:59 13:49 36:140 5:19 38:150 42:168 26:102 45:177 26:102 16:64 31:121 10:36 32:126 29:113 9:35 13:51 39:153 9:33 20:76 45:177 42:168 17:67 16:60 54:212 36:142 35:139 10:38 12:44 17:67 32:124 15:59 13:49 12:48 22:84 19:73 20:80 23:91 32:128 12:48 15:57 12:46 14:56 18:70 21:81 16:64 27:105 4:16 16:60 13:49 30:116 40:158 24:94 40:156 32:128 1:1 31:123 22:88 32:128 33:129 20:80 35:137 35:139 8:28 4:14 12:46 22:86 18:72 31:121 6:22 4:16 11:43 11:41 20:80 37:145 20:80 17:65 15:57 12:44 41:163 14:52 26:102 9:35 34:134 13:51 12:48 11:43 21:81 13:49 10:40 2:8 2:8 6:24 21:83 8:32 29:113 17:65 4:14 36:140 12:46 2:8 10:38 38:150 16:62 38:150 26:102 24:96 10:36 15:57 20:76 12:46 4:14 7:27 21:83 32:124 34:132 12:46 9:33 11:41 10:40 30:116 25:97 2:8 31:123 25:99 25:97 16:62 20:76 37:147 15:59 4:16 5:17 41:161 16:60 11:41 18:72 4:16 39:153 24:92 21:81 22:84 30:118 48:190 35:139 17:65 36:144 5:19 18:70 13:49 4:14 27:107 18:68 23:91 18:68 7:25 33:131 32:124 11:43 24:92 10:38 14:56 38:148 24:92 ; 
L 60 100 -12 93 40 83 -95 24 -87 -94 -99 11 -85 65 -32 -5 1 -24 -62 44 2 -13 -59 -66 -35 -38 14 95 -70 9 99 -44 -29 39 15 -44 33 1 -39 -48 -83 -68 89 67 -23 -32 -42 39 36 29 -26 32 87 95 37 -36 89 5 61 -81 99 -25 99 19 -56 85 100 -56 -12 22 -75 -2 85 90 -63 -30 -69 40 -44 93 59 32 -28 -39 74 9 77 70 86 -4 4 -100 -47 -63 46 -14 66 -55 -44 -81 -8 64 34 36 -13 -91 -39 37 73 3 -98 82 4 17 6 -34 88 -56 -84 79 -97 43 52 -99 90 -94 -44 -6 -45 84 74 24 23 27 20 61 70 -83 -75 -2 -95 -38 82 96 -92 -81 5 37 56 -36 32 24 -46 -59 5 80 -93 15 85 -40 -4 53 41 24 -7 -17 33 9 7 -17 55 -90 -33 -75 70 -64 35 -31 69 17 63 51 -87 64 55 68 -35 95 11 -59 -71 -38 -81 -12 80 -25 29 -11 1 12 -66 -24 68 -12 -13 -39 -20 84 -79 61 79 -47 -94 41 83 92 -86 45 53 58 -2 -43 -7 -27 28 -62 -89 95 98 63 -75 -42 -2 1 10 51 79 33 79 -28 56 1 -32 -67 -24 8 -23 71 2 32 -25 -7 -69 -3 -91 80 50 93 44 55 15 56 59 -48 34 -96 -68 35 -43 -23 -93 23 -76 27 -100 14 27 -52 57 88 -56 47 10 -95 81 -10 89 25 -2 -92 -92 -10 -22 -50 -58 -40 10 -100 -89 -46 -91 52 50 73 -21 47 -82 -75 -89 -9 -47 -21 -11 29 -97 10 -48 43 79 -50 -14 -10 41 90 -6 22 82 -5 14 -77 79 -15 -30 -51 -45 35 61 70 -21 -12 -8 60 29 -54 87 -4 85 44 -19 62 -57 -42 98 32 37 19 94 14 24 98 88 -97 36 33 -59 81 -66 67 38 3 29 38 39 52 -31 -36 33 -65 66 -94 -69 -45 84 -58 -19 -86 85 61 3 -29 -94 83 -51 42 -57 -83 63 61 -12 -82 23 97 59 56 45 -17 19 -84 25 81 71 -45 93 -90 -37 35 16 -31 49 95 45 -47 -58 1 -68 55 77 -46 -64 -69 -29 -73 68 -56 -26 23 99 29 59 -74 97 45 -23 -42 29 -67 -56 -35 -8 -86 31 62 55 -57 -65 12 22 41 -11 -33 17 76 -18 -82 -28 38 -27 24 -99 41 -7 -72 -24 -44 95 50 78 -39 -53 -7 -92 59 94 32 -30 8 -95 77 82 67 87 27 14 40 93 54 -17 73 -50 36 ; 
64 28 27 88 4 12 15 22 13 99 27 41 94 56 27 62 88 69 51 72 47 68 50 90 55 19 59 87 48 30 94 81 55 2 59 51 97 88 44 93 39 33 84 73 81 4 9 99 69 66 26 88 6 32 51 28 90 28 26 72 3 5 42 62 25 42 53 24 31 79 34 20 18 22 6 43 95 25 91 27 75 59 87 95 64 76 89 81 23 51 23 67 59 38 79 98 24 15 66 42 38 76 17 76 20 99 76 52 14 4 1 48 74 69 1 40 20 36 75 93 47 6 51 26 68 63 69 87 50 67 90 91 51 1 92 42 81 21 22 30 96 94 59 46 35 32 5 77 50 64 46 6 11 53 62 50 63 44 83 90 47 96 55 43 78 67 22 65 62 15 84 36 87 73 44 7 47 23 20 90 73 1 15 38 30 81 100 30 16 20 35 98 2 64 11 36 28 81 62 42 97 3 85 28 31 50 35 39 54 63 39 32 56 45 51 60 84 24 8 22 97 60 97 80 42 2 35 39 50 3 62 31 4 48 52 88 59 73 81 60 81 76 17 23 1 32 58 49 15 86 66 35 70 93 57 34 91 44 43 85 56 46 30 50 77 89 95 18 31 12 47 9 26 17 93 100 43 76 37 43 9 77 92 35 31 87 99 8 5 35 80 8 60 29 83 51 82 61 64 39 50 95 60 17 8 46 49 27 36 9 45 44 48 71 17 2 83 67 24 93 60 8 59 81 77 94 4 19 56 28 59 3 68 14 5 67 26 61 13 33 33 49 60 61 95 26 64 100 99 42 100 44 90 82 78 25 81 17 42 69 88 98 11 63 97 67 42 11 80 19 9 90 55 46 73 72 77 73 93 65 8 56 13 57 16 63 87 66 11 27 94 26 63 67 49 87 59 83 16 81 20 19 72 37 51 55 9 91 59 81 2 30 7 37 13 18 45 66 27 98 93 83 93 17 20 31 81 27 24 64 12 6 53 3 96 25 62 44 71 3 33 80 58 10 8 28 100 51 27 34 9 61 36 66 80 1 89 80 10 82 7 18 8 7 95 52 56 35 55 21 11 84 63 67 93 46 27 79 93 67 63 71 37 79 17 66 79 76 63 62 25 5 79 71 55 81 64 59 98 6 96 ; 
L 60 100 -1 58 47 73 -83 -83 -68 6 30 -32 -94 100 -24 -62 63 51 74 36 -37 -32 36 -36 33 -65 66 -94 -69 -45 84 -58 11 -41 -22 89 67 69 17 44 2 48 -10 97 -38 87 42 73 -33 -87 -67 -82 -32 -59 -93 44 46 100 83 92 -4 85 57 85 59 50 22 47 -82 98 -15 -55 -44 -3 -38 -91 29 93 94 47 -79 79 32 -25 -56 -54 -1 59 -8 64 34 36 -61 -35 48 39 56 -41 -11 -51 -23 26 56 -68 23 -45 -97 74 -59 -29 -61 -59 81 77 -46 -64 -14 -27 -73 39 -84 20 39 -47 -44 95 -61 -20 6 -34 88 -56 -84 37 19 94 14 -89 97 -88 -98 -90 5 -82 -91 80 96 68 68 -57 35 -43 42 57 45 53 58 -2 -43 54 5 7 -88 -57 52 -27 -14 -99 42 -66 -85 86 19 -63 -7 -27 40 93 12 99 -25 99 -93 23 -76 27 -100 -21 10 92 2 75 29 -45 -7 81 92 -96 -25 84 -19 17 -11 -11 52 78 33 9 7 10 -81 95 36 29 8 10 51 79 -26 32 70 99 -24 86 -59 -29 -60 8 12 21 -70 -13 -91 -39 37 73 3 -98 82 -80 -14 64 -29 -33 53 39 17 7 -24 -41 -53 4 -90 99 -52 -43 51 75 47 10 95 -70 -29 87 -99 -9 97 -79 -32 36 25 -13 81 44 55 -66 14 -46 63 67 -100 77 70 -1 -33 44 -21 56 -41 95 -1 84 -13 -59 92 7 -9 -74 8 35 -58 -40 70 40 -67 66 -55 -62 19 -44 79 -2 -92 85 90 -23 17 89 -87 50 50 11 93 40 83 -95 24 -87 -94 -99 -79 77 -14 42 30 15 29 44 -35 -83 -55 89 45 -71 -81 -69 -3 -22 6 -24 -28 38 -27 68 56 -19 93 62 -56 -17 55 -90 29 69 -82 23 97 59 81 -61 -5 31 -2 -95 -39 -38 -45 35 12 -59 -71 -38 5 37 56 28 -56 -94 -44 31 55 -34 48 72 -32 -75 -89 -9 -47 -15 -2 -22 95 86 39 28 -77 -83 62 -28 12 -61 25 -80 12 -8 24 67 32 4 17 -27 -23 -24 94 29 -3 -61 -35 -76 -33 -39 42 85 -95 -49 31 -16 93 -68 24 66 -12 -12 45 -63 -41 10 14 50 -79 -43 24 -17 -71 23 81 32 23 31 -63 -30 -69 -64 35 -5 1 -4 4 -86 -12 -38 52 -10 75 -33 82 18 95 98 82 65 56 1 40 -85 -15 65 -45 24 -46 2 75 -89 -50 -95 37 90 -50 36 ; 
26:102 12:44 2:4 7:27 38:148 42:164 22:86 5:17 84:336 4:12 20:80 7:27 32:126 18:72 35:139 21:81 12:44 1:1 37:147 26:100 12:44 20:78 19:73 18:70 31:123 30:116 38:148 26:104 4:12 23:89 6:20 23:91 14:56 4:16 32:128 41:163 30:116 14:56 36:144 47:187 19:75 29:115 34:132 1:3 18:68 16:60 6:20 19:73 29:113 3:9 10:40 25:99 17:67 24:94 30:120 11:43 35:137 19:73 9:35 24:96 20:78 26:102 40:158 20:80 14:54 14:56 12:46 33:131 20:78 4:16 22:86 23:89 34:136 18:70 8:30 9:35 28:108 10:40 18:70 23:89 13:51 13:49 36:142 27:105 14:54 23:89 32:124 22:86 28:110 31:121 7:27 31:121 20:80 9:35 11:43 38:148 18:70 22:84 1:1 14:56 32:124 10:40 39:153 2:4 7:27 24:92 32:128 14:52 2:4 29:113 42:164 52:204 27:107 29:113 11:43 10:38 11:41 32:126 5:17 1:3 28:108 16:62 14:56 23:91 24:96 38:148 5:17 17:67 4:12 16:64 8:32 15:57 30:120 26:100 10:40 33:129 7:27 25:99 9:35 40:156 36:140 26:104 14:54 8:30 20:78 14:54 11:43 31:123 51:201 32:126 30:120 13:49 34:134 18:70 23:91 4:12 9:35 39:155 24:96 28:108 28:108 30:118 6:22 18:68 15:59 31:121 18:68 10:36 21:81 16:64 19:73 35:139 26:100 8:32 58:232 32:128 16:62 22:88 36:142 3:9 2:8 17:67 6:22 4:14 11:41 7:27 38:148 34:134 10:38 4:12 5:19 8:32 10:40 32:124 21:83 22:84 13:51 14:56 35:137 24:94 37:145 4:14 24:92 12:46 40:156 19:73 10:36 26:104 25:99 24:96 35:139 13:49 34:136 27:105 24:94 34:136 36:140 24:94 11:43 36:140 30:120 12:48 22:88 14:52 24:94 22:88 24:96 20:78 14:52 14:52 6:20 13:49 40:158 31:121 21:83 6:22 2:6 1:1 20:76 38:152 17:67 24:94 20:76 16:64 10:38 38:148 32:124 27:107 32:124 18:68 22:88 39:153 22:84 28:108 11:41 21:81 8:28 14:54 14:56 37:147 40:160 20:76 20:78 11:43 16:62 38:150 15:57 19:75 44:172 36:144 23:89 8:30 8:30 17:67 27:105 6:24 10:38 40:156 32:126 38:150 30:120 48:188 33:129 10:36 36:140 39:155 25:99 34:136 3:9 12:46 19:73 13:51 9:33 18:70 29:113 26:100 6:22 31:121 25:97 11:43 5:19 21:81 13:51 8:32 46:180 5:17 21:83 27:107 17:67 40:158 32:124 7:27 14:56 35:137 9:35 6:20 17:65 25:99 15:57 19:75 17:65 14:54 21:83 2:6 5:19 6:24 9:35 6:20 40:158 11:43 8:30 24:94 12:44 26:102 5:17 28:108 4:12 22:88 21:83 18:68 8:32 16:62 22:84 12:48 1:3 8:30 38:148 5:19 38:150 33:129 30:118 21:83 23:89 14:52 56:222 10:40 32:126 14:52 16:62 11:43 34:134 15:57 9:35 5:19 66:264 8:32 8:30 29:115 12:46 29:115 11:41 10:38 6:22 15:59 4:12 22:88 12:44 27:107 6:24 29:113 14:56 40:156 18:72 31:123 20:80 18:70 37:147 52:204 28:110 34:136 6:24 38:148 31:123 39:153 16:62 15:59 15:57 4:14 18:72 14:52 17:67 9:35 17:67 8:28 15:59 38:152 44:172 24:94 4:16 1:3 12:44 7:25 26:100 15:57 5:17 13:49 13:51 1:1 10:36 13:51 28:110 34:136 1:1 21:81 33:131 38:150 11:43 5:17 30:120 2:8 40:156 30:116 40:158 8:28 57:227 40:156 11:43 27:105 19:75 15:59 34:136 2:4 39:155 8:30 33:129 29:115 34:136 24:94 4:12 24:96 38:148 10:38 21:81 8:30 7:27 20:78 37:145 2:4 2:6 27:105 14:52 18:68 38:152 5:19 19:75 18:68 36:140 20:78 10:36 21:81 13:49 53:209 27:107 22:86 38:150 18:68 7:25 3:11 16:64 20:80 12:48 18:72 40:158 31:121 18:72 36:144 34:132 13:51 26:104 22:86 5:17 36:142 12:48 19:75 6:22 14:52 7:27 6:20 29:115 3:9 39:153 ; 
L 41 -17 20 32 -52 79 39 46 56 -32 -69 53 -13 -17 -36 -23 1 79 99 -23 -29 32 3 -36 -52 -8 -76 -35 -58 16 -93 12 56 -2 60 49 53 -94 97 61 2 21 15 16 78 93 41 84 76 -15 10 58 38 94 -3 -78 9 -26 64 -14 -74 -45 32 -77 36 -36 -97 -16 71 -37 -79 81 -80 2 97 -17 -4 30 88 91 57 45 -43 -98 81 96 89 87 -100 81 -73 -29 -49 -82 35 -99 94 -57 75 75 -37 52 -3 50 48 -12 38 99 82 97 -7 100 99 -87 1 -77 -17 65 10 51 -76 -100 -26 -30 20 5 -88 -37 20 80 20 50 -5 -16 4 -52 -17 69 17 -69 -45 88 -64 52 -96 -99 77 -59 64 -73 57 90 28 27 11 -96 -17 -28 -19 77 -17 -85 -92 -16 -38 -44 -4 -72 -77 64 43 93 77 -26 86 71 -16 66 -60 80 3 -24 -71 25 49 27 -4 -40 -66 -66 -23 38 -50 -72 28 94 -43 97 -64 -60 -31 93 91 -87 12 -44 -3 23 -63 -40 13 -81 -86 -78 -20 13 99 11 -32 -84 53 76 -57 -88 -85 -57 5 94 28 38 10 -35 52 -39 -68 -43 -50 -26 53 -62 91 -86 -71 83 -26 38 -42 -18 89 28 -22 40 -68 72 37 97 80 22 66 -81 -35 22 -88 -66 -73 5 44 26 29 -27 99 58 -47 36 -16 74 -31 37 -99 37 33 -7 -84 -26 98 -60 -56 13 -40 98 -70 24 89 -66 -13 -44 49 91 78 93 -60 -36 1 8 -43 -78 100 -26 43 -79 58 93 71 -83 -84 -2 -4 51 -94 71 -6 -52 17 64 88 -96 -11 35 -52 83 -39 -21 -36 3 1 -13 23 22 74 -81 -81 62 40 -82 -14 21 44 100 -44 75 -62 84 -27 -34 -100 86 100 3 42 79 -79 91 -57 86 -71 -74 25 31 -40 -49 -82 -4 97 -98 66 -76 54 1 54 69 37 7 -16 34 -66 -94 -72 94 -30 -38 86 -20 61 78 -45 -61 32 5 -65 -87 26 -35 1 -46 15 -79 28 -84 -26 20 29 -79 8 -12 -99 65 -98 -79 -21 39 72 97 -51 15 34 39 14 -13 -26 47 29 -73 29 21 -64 -100 -64 -37 -30 -66 -71 92 -15 -42 4 -27 95 18 -99 -88 39 23 -62 7 -64 -45 -53 60 -82 27 13 -50 89 28 -6 38 91 -8 -37 32 -39 -62 73 -72 -91 -69 -92 -21 -13 -51 -3 42 -48 -63 -94 54 16 18 -73 38 -14 -91 -28 -92 -96 -67 35 18 67 -45 ; 
11 100 21 75 64 11 90 14 31 26 9 5 36 62 64 77 18 47 62 73 62 7 98 67 76 9 1 57 30 58 33 17 9 60 70 62 45 63 87 58 75 49 36 87 15 91 65 46 93 82 58 30 45 7 80 38 33 72 87 15 33 89 70 63 38 32 53 4 21 67 55 100 81 6 44 83 53 3 48 35 14 12 20 40 79 54 26 3 74 47 23 73 43 84 24 75 27 30 79 68 54 91 25 53 95 64 58 33 14 22 59 50 68 68 87 88 16 71 19 97 94 70 31 97 88 73 91 36 92 16 31 10 98 82 99 29 92 37 86 64 16 30 6 10 41 92 89 17 47 80 3 28 25 79 28 76 63 4 69 13 81 19 31 89 24 22 8 99 41 60 9 67 20 51 34 30 82 93 66 46 45 68 91 61 82 25 77 56 53 46 68 61 66 72 30 35 83 38 21 91 42 92 73 56 12 81 82 26 41 94 69 64 7 75 69 60 77 87 9 2 11 76 56 92 66 47 55 86 1 25 69 60 29 93 48 59 83 61 99 38 53 5 84 57 63 84 91 44 70 89 82 31 16 49 78 23 100 66 3 87 24 11 36 76 86 32 66 23 72 83 87 86 16 70 38 90 43 39 31 23 85 79 45 78 89 17 37 64 31 22 62 52 64 79 35 16 56 18 4 94 37 54 44 33 92 25 46 64 50 79 15 91 45 74 39 42 53 85 82 9 80 42 22 26 35 51 80 82 66 15 7 3 84 23 40 75 41 13 8 5 99 81 21 50 54 6 76 49 96 19 52 10 64 76 50 83 89 2 61 29 43 69 71 15 27 74 92 41 100 3 85 34 11 66 80 65 73 68 21 92 9 50 69 26 53 76 67 3 43 46 46 62 93 87 37 5 95 81 44 96 15 28 88 57 37 85 18 20 69 89 76 14 63 82 94 94 28 98 90 63 66 64 13 10 39 34 40 20 26 9 40 16 37 48 50 67 85 81 92 80 52 73 77 93 54 14 87 31 33 70 22 49 76 50 85 77 57 41 95 44 12 16 21 57 1 78 48 4 43 30 88 16 17 51 44 64 3 95 7 28 81 85 48 23 42 21 8 13 72 28 88 40 32 63 68 9 84 84 71 29 24 ; 
L -64 59 -77 99 96 -52 64 -88 -88 -85 -57 -97 94 -53 -43 -83 -84 -18 26 -83 -56 -51 4 2 -36 -93 72 37 97 80 22 66 35 -52 3 -64 -100 -86 100 34 38 16 92 85 97 -75 44 -100 -44 20 50 -88 -38 23 71 63 -23 3 44 -71 38 91 27 -4 88 -22 35 43 -13 72 -79 28 -36 47 65 10 60 -86 29 73 -81 100 -9 78 -5 20 -42 10 -35 52 94 -58 -86 26 46 -64 -21 22 -32 -36 63 16 97 3 65 -52 -99 -79 -1 23 36 17 13 40 -68 -86 -12 87 93 38 66 98 11 96 95 -15 51 90 -72 -45 -53 56 -25 71 -32 -81 -81 17 -69 -45 57 -76 -57 27 -21 14 82 -32 -20 26 84 -16 74 -31 -31 89 51 -32 37 -17 -30 -35 82 -44 -4 76 -66 98 -97 4 82 49 40 -56 13 -40 16 -7 -37 -69 -7 100 99 -87 77 -24 -84 -45 76 -39 -62 -57 75 57 -100 -64 -78 13 -26 -35 67 96 92 31 41 84 66 -89 41 -17 45 -43 61 79 98 -37 -76 -35 -17 -69 62 40 5 18 -29 61 45 -42 -79 69 -74 -27 -28 -39 -70 24 -73 75 -37 52 -3 -40 -66 34 10 58 38 94 38 -37 -30 50 81 -87 -89 94 77 -39 -34 -7 62 66 15 88 -15 -21 62 -53 26 -12 -99 -1 -54 -72 -77 3 42 79 -91 8 -43 -78 62 -60 -93 -78 -16 -5 -15 32 -43 26 -100 16 -71 -99 27 91 49 -78 2 -29 93 73 -72 52 -21 80 -81 92 69 91 1 -46 -19 77 -17 49 -8 -97 -2 5 65 -71 -23 -29 32 3 -36 4 38 -14 -91 6 -28 -54 44 26 50 47 29 -73 22 -64 94 -100 -42 3 71 -20 30 26 -48 93 -60 99 -93 -58 79 -52 89 28 -11 -99 -13 20 -4 16 5 60 -82 27 17 96 -11 -14 -74 -94 54 16 18 -73 -80 -20 -66 -73 39 87 -2 60 49 -94 -28 -23 37 -99 37 33 -7 -84 -26 98 81 -99 -88 39 23 17 77 -1 -16 58 53 -29 -28 15 -60 80 83 -39 -21 -36 3 97 64 -17 52 6 -71 94 -12 27 -84 66 -43 91 20 -86 38 30 -94 64 18 -13 40 97 -32 28 91 64 -49 44 -61 78 88 91 -1 36 -38 12 -48 79 -57 86 26 13 -14 -39 -79 4 13 -1 -72 -53 -92 71 66 -8 35 76 8 -74 25 50 13 21 82 26 -68 -51 28 -98 81 96 99 79 -37 50 67 -45 ; 
17:67 19:75 7:27 36:142 37:147 17:65 4:16 3:9 23:91 27:105 19:75 15:59 35:139 26:100 12:46 25:97 16:62 34:132 4:12 26:100 17:67 27:107 34:136 22:84 18:70 23:91 28:112 32:124 10:36 40:160 27:105 2:4 12:46 27:105 7:27 28:110 24:92 36:142 34:132 20:80 15:57 10:38 36:142 13:49 6:20 8:30 8:30 39:153 20:78 20:80 4:16 22:86 13:51 25:97 11:41 16:62 17:65 11:41 33:131 38:148 11:41 20:76 4:16 31:123 26:104 15:57 5:17 38:152 14:52 4:14 25:97 8:28 13:49 28:112 22:88 8:30 23:89 8:30 23:89 30:116 10:36 19:75 25:97 14:52 28:110 10:40 24:94 32:126 24:96 12:46 47:187 14:54 30:116 14:54 2:6 15:57 22:86 17:65 6:20 8:28 9:33 12:44 2:6 26:100 20:76 10:38 17:65 25:99 19:75 8:28 31:123 26:102 25:99 24:94 7:25 3:11 29:115 5:19 18:68 10:40 51:203 3:9 38:148 32:128 37:147 25:97 4:16 5:17 24:96 7:27 23:91 20:80 17:65 25:97 19:73 2:4 40:158 21:81 29:115 7:25 26:104 23:89 39:155 16:64 20:78 3:9 22:86 23:89 47:187 36:142 28:110 11:43 36:144 18:68 54:214 17:65 21:83 33:129 12:48 10:40 24:94 17:67 10:38 30:116 4:12 51:201 26:104 32:128 27:105 5:17 14:54 34:136 2:4 17:67 26:102 13:49 25:99 28:110 20:80 4:14 10:38 20:80 28:108 28:108 33:129 11:41 32:126 36:144 27:107 41:161 7:25 16:62 32:126 17:65 20:78 34:136 22:88 8:32 8:28 28:112 34:134 4:14 28:108 18:70 23:89 19:73 34:136 32:126 14:54 40:160 4:14 8:32 21:83 33:129 40:156 33:131 25:99 22:84 36:144 35:137 27:107 9:33 30:120 31:123 22:86 22:86 2:8 22:84 2:6 28:108 5:17 4:12 32:126 4:12 20:78 21:83 32:126 12:48 22:86 37:145 10:40 18:72 22:84 11:41 20:78 12:48 18:72 3:11 61:241 41:161 37:147 44:176 5:19 40:158 2:4 15:59 7:27 25:97 5:19 10:38 20:80 42:166 25:99 41:161 29:113 15:57 43:169 16:60 40:158 22:88 38:150 18:68 28:108 19:73 17:65 2:6 25:97 12:46 6:24 31:123 37:147 10:40 11:41 33:129 21:81 37:145 6:24 43:171 14:56 44:174 34:136 20:80 26:102 15:59 33:131 18:68 35:139 15:57 8:28 25:99 13:49 18:68 48:192 5:17 21:81 30:118 24:96 14:54 33:129 42:166 2:4 26:102 21:83 23:91 34:136 6:20 33:129 32:124 8:30 41:161 18:70 10:38 24:94 11:43 20:80 25:99 3:11 40:156 27:107 16:64 7:25 36:140 16:64 38:148 1:1 56:220 32:126 10:36 20:78 8:30 16:64 7:25 14:56 7:25 42:166 10:40 16:60 34:136 28:110 8:28 36:140 39:155 17:65 20:78 15:59 23:91 24:94 37:145 6:24 24:92 3:9 36:142 32:124 35:139 31:123 24:96 37:145 40:158 33:131 20:80 38:152 18:70 4:16 26:100 31:121 11:43 14:52 16:64 9:33 4:12 6:20 29:115 14:54 7:25 13:49 35:137 18:68 54:216 35:137 28:112 25:99 40:158 14:56 14:56 17:67 13:49 10:36 34:136 32:126 18:72 32:124 36:142 2:8 6:20 28:112 9:35 20:78 19:73 7:25 36:140 8:32 24:92 6:20 6:24 3:11 9:33 24:96 19:73 18:68 3:11 2:4 34:134 10:36 4:16 20:76 9:35 9:35 17:67 32:128 4:14 10:38 20:78 26:102 35:137 29:115 6:22 27:105 25:99 19:73 19:73 18:68 26:100 28:112 34:134 28:110 43:169 7:27 20:78 30:116 45:179 22:84 23:89 34:132 13:49 34:136 14:56 33:131 18:70 12:48 24:92 26:102 8:32 40:158 6:24 15:57 11:41 8:32 16:64 45:179 8:30 18:68 30:120 38:150 12:44 24:92 30:116 21:83 24:92 7:27 23:91 1:1 26:104 37:147 9:33 20:80 3:11 25:97 28:112 38:150 8:32 31:121 3:11 32:126 22:86 7:25 24:96 4:16 55:217 11:43 12:46 10:38 ; 
L 8 21 -70 46 62 44 -10 -40 10 -81 -74 -53 87 -50 -23 61 15 -52 22 77 -84 -20 -13 67 92 41 -6 89 16 56 7 -57 95 35 80 26 -58 -16 2 92 22 -72 70 58 73 -63 -10 -34 -16 -90 93 -82 -56 -78 98 -6 -100 -13 37 -8 -59 -50 -6 -83 94 -31 72 -31 -8 -70 -95 77 -24 43 -3 80 -3 11 33 -26 91 23 -46 64 -99 -10 -64 -18 15 -35 -61 10 65 -43 -47 -58 33 38 13 40 63 -88 -68 -41 -6 74 33 33 27 -78 -55 9 73 56 49 98 94 -46 -70 73 -20 91 -69 42 -40 -22 39 2 -34 -53 -76 -87 -11 -14 -21 -26 -72 -52 77 -6 4 -85 74 -98 -31 79 72 -45 1 -65 -24 6 42 54 -46 -81 88 8 37 92 84 11 -2 -47 -20 9 -71 98 -12 1 -31 -19 -50 -41 75 -86 -39 8 21 34 -42 43 36 -73 74 37 -77 96 54 21 34 -44 -16 83 -55 87 -13 -52 -4 65 7 -68 -98 -26 -77 22 31 76 -24 -7 13 27 18 -44 80 47 -79 -59 -99 -54 -86 -98 -17 -33 -33 8 -88 -24 3 -28 97 -23 72 22 -41 -19 85 -22 -14 31 27 -62 -72 34 -19 23 -99 87 -81 86 75 -4 13 30 -21 -79 27 -39 -90 -36 -72 34 26 98 -24 16 70 11 76 -21 10 85 10 -28 74 -79 79 82 -79 -36 -13 -88 -50 41 69 46 -9 -69 68 -73 -66 47 -58 30 -48 58 -39 -48 34 -1 34 77 66 -40 -90 11 -51 -34 20 -37 86 -58 -39 93 98 55 -19 -6 81 25 -28 -83 45 95 -19 -52 60 31 76 16 -42 6 23 -27 -59 -58 -47 -90 55 12 79 -96 -15 -11 55 51 24 -88 -74 -36 -16 46 -36 39 -72 68 -44 -65 -61 66 -34 85 -97 71 -87 -33 52 -97 -60 -54 82 -40 -84 97 58 38 -69 40 -50 5 -8 -41 34 -41 6 -98 -26 9 -43 31 -81 17 49 16 52 74 -8 -77 89 99 30 39 -82 -62 90 -72 20 -21 82 -59 100 -76 9 42 -91 82 1 -43 19 16 49 56 97 -12 -13 16 13 19 -64 9 -92 19 -58 -60 -83 -54 75 86 -66 -87 8 46 -60 45 73 86 16 95 -78 -92 20 63 81 -64 82 35 -53 -41 -78 -28 26 49 -6 -84 50 -73 25 76 -45 -59 82 25 18 16 -70 36 -15 -8 52 96 -90 -95 79 99 -12 24 -44 -5 61 85 -52 -62 28 -81 -50 84 -7 -8 32 -95 ; 
9 98 52 77 26 25 10 38 50 13 28 91 69 16 31 67 53 85 75 23 83 91 17 51 67 56 71 45 4 10 73 30 86 13 97 29 63 28 63 80 68 35 74 66 15 40 34 76 25 74 34 34 25 87 83 3 85 86 43 20 76 48 84 88 70 57 53 40 91 57 2 38 41 19 30 34 51 70 67 70 54 36 53 38 50 37 42 62 77 96 50 34 4 77 75 15 92 73 84 24 42 35 10 34 43 41 39 70 16 6 55 89 22 24 10 71 46 83 15 52 21 75 71 35 68 1 64 55 92 26 85 99 96 95 32 63 78 52 58 54 79 25 53 44 36 13 3 87 58 23 20 77 54 51 6 66 91 76 15 46 61 79 32 26 54 5 48 85 29 49 15 1 51 91 55 79 98 46 12 53 77 28 37 58 97 37 66 44 12 96 96 48 52 23 21 65 80 28 20 75 53 80 47 27 42 99 81 72 29 54 9 54 4 72 25 85 59 45 1 34 49 17 54 29 9 92 77 86 94 39 81 28 16 62 42 97 45 74 4 76 69 86 69 39 62 11 58 25 3 45 6 30 86 82 72 53 33 15 41 49 57 85 21 95 42 68 53 75 55 51 71 98 77 66 86 3 4 49 62 2 11 99 45 49 27 93 48 50 32 99 30 48 87 21 51 34 80 16 23 38 99 48 17 59 93 12 8 73 70 24 42 90 11 21 37 4 34 74 17 89 64 75 75 74 13 60 53 69 14 78 75 88 80 57 81 46 31 7 55 76 25 28 98 68 59 37 6 45 17 32 78 10 26 3 9 21 8 76 44 65 58 30 79 53 21 94 83 78 76 39 93 38 97 4 80 9 93 92 37 14 27 38 54 16 89 25 45 13 71 1 51 82 22 83 72 53 10 64 58 48 80 34 15 69 72 55 19 64 46 24 10 12 31 53 88 42 35 52 25 63 27 7 46 6 2 49 94 68 40 63 85 9 12 40 12 74 99 41 73 76 58 22 40 18 74 55 24 66 93 12 63 32 24 44 94 90 20 24 47 50 48 62 25 12 57 43 86 16 88 32 96 82 69 61 92 72 31 69 57 32 66 81 21 27 9 27 29 70 81 15 27 58 76 23 58 17 54 60 44 81 75 ; 
L 8 21 -70 21 8 46 -87 55 -83 -37 72 39 86 -75 56 49 43 70 74 -75 -86 -82 -79 79 -26 -80 9 31 -94 83 6 23 66 -40 -90 72 -72 10 65 80 47 -1 92 13 19 -8 -90 68 -73 -66 41 -80 3 85 27 -44 -92 19 -31 42 -40 -22 -11 55 51 24 -88 -68 -3 17 -99 -33 -11 51 -44 72 -43 31 -81 -34 20 -37 86 -58 -39 31 -10 -62 23 73 -36 -43 42 -34 15 96 16 -60 28 -81 -52 -62 8 -39 -13 -52 -85 -13 -79 97 98 39 2 -34 43 96 -90 -95 -9 2 92 22 -72 70 58 73 -63 -24 -37 3 -72 46 16 44 -24 12 76 -19 23 -99 87 -81 30 46 -36 19 -55 11 -85 34 22 -41 -19 85 -22 -13 95 35 -53 -41 -52 -28 92 84 11 -2 -47 -20 66 76 -45 58 59 27 -23 -6 -4 6 67 10 66 76 53 99 59 79 7 13 69 50 59 8 -16 -14 93 36 -15 -8 -34 61 35 -15 18 64 10 99 -4 65 7 -68 81 25 -91 98 86 60 -48 -39 58 71 -87 73 41 50 19 31 -1 45 58 38 -82 -62 69 16 58 -4 13 46 -54 61 25 18 16 28 -10 -85 -10 21 -76 -11 -64 84 -77 -22 52 -77 52 -16 50 -13 -38 31 76 16 6 -6 99 -26 87 47 44 -18 -34 41 -6 50 -49 -26 28 -33 -100 -13 37 34 -20 91 -69 79 -21 -54 58 -50 -23 -79 21 14 -27 47 -58 -79 -36 -42 97 -12 -86 -75 54 -50 -94 -98 98 -77 -34 1 -31 34 83 7 -84 -45 83 28 -33 -25 73 -50 84 6 -40 69 88 77 -10 -73 70 -98 26 -52 -42 56 -30 49 16 -8 -88 81 9 -5 61 77 8 -74 53 74 81 88 -8 33 33 17 82 1 -43 19 -95 -58 48 34 -22 77 26 98 -97 41 8 -5 89 16 56 7 -57 95 35 -52 24 65 -74 -82 59 -47 -90 55 12 -97 -42 40 72 65 68 89 9 -78 33 27 -78 -55 9 41 46 74 -24 -21 -70 12 -98 71 15 -46 26 61 -8 -70 73 86 16 95 -78 -92 20 63 81 -64 82 -45 54 -77 96 62 44 -87 -20 -78 98 -6 -74 6 79 21 -39 -56 -90 93 -82 40 63 -88 -74 -36 -16 72 36 90 39 11 87 9 -49 -16 -19 -52 60 -33 13 20 30 72 -64 -27 -24 41 -34 -60 -54 82 -76 -31 26 98 -24 -100 59 -82 91 -97 84 40 6 46 32 -95 ; 
4:14 40:156 21:83 16:64 44:172 9:35 28:110 26:104 9:33 9:35 7:25 12:48 40:156 32:126 19:73 4:16 30:120 19:73 17:67 12:48 3:9 13:51 20:78 2:6 9:35 12:46 9:33 17:67 23:91 28:112 36:140 40:160 9:33 24:94 38:148 34:132 16:62 18:72 2:6 30:116 34:136 11:41 37:145 14:56 28:108 23:91 29:113 38:148 40:158 12:48 10:38 3:11 14:54 28:110 23:91 9:33 19:75 4:14 6:20 5:19 28:108 1:1 31:121 24:94 15:59 3:9 18:72 4:14 32:124 38:152 10:38 18:72 27:107 14:56 4:12 23:89 5:17 1:1 21:81 38:152 28:112 10:38 17:67 36:144 5:17 31:121 12:46 58:230 32:126 20:78 24:92 15:59 12:44 31:123 20:78 40:156 23:89 1:3 19:75 10:36 26:104 24:92 14:54 28:112 21:83 12:44 4:16 15:57 9:33 9:33 24:92 17:65 22:88 37:147 12:44 7:27 27:105 33:129 22:88 29:115 32:128 28:108 14:56 30:118 27:105 6:24 16:64 28:108 20:80 8:28 17:67 24:92 21:83 21:83 14:52 11:43 32:128 3:9 5:17 24:92 10:40 2:4 32:124 17:65 11:41 10:40 14:54 5:17 30:120 12:48 40:160 17:67 39:155 18:72 30:118 7:25 38:150 16:62 8:32 10:38 16:60 27:105 28:110 25:97 32:126 13:51 11:41 22:86 11:41 17:65 36:140 17:67 19:73 33:129 23:91 32:128 2:8 32:126 14:56 24:92 26:100 31:121 34:136 11:41 1:1 18:72 23:89 11:43 12:44 14:56 20:76 31:121 12:44 8:28 9:33 32:128 13:49 28:110 22:84 12:44 20:80 39:153 31:123 25:99 17:67 15:59 12:44 30:120 22:84 32:128 10:38 36:142 21:83 4:12 7:27 16:64 6:24 8:30 12:48 22:86 9:33 10:36 14:52 37:145 21:81 1:1 7:25 24:92 42:164 4:14 39:153 28:110 5:17 17:65 12:44 18:70 35:137 26:104 3:9 16:60 28:108 28:110 25:97 55:217 27:105 31:123 40:156 29:113 21:81 22:88 17:67 30:118 34:132 10:36 30:120 30:120 24:92 24:92 20:80 14:54 34:134 14:54 6:22 32:124 23:89 24:94 20:78 10:38 26:100 5:19 30:118 29:115 11:43 22:84 29:113 12:44 16:62 25:99 20:76 21:81 22:84 35:137 18:68 7:27 20:76 30:120 29:113 15:57 32:124 39:153 20:80 8:30 13:49 47:185 30:116 13:51 16:60 26:100 35:139 8:28 1:3 13:51 12:48 3:9 4:12 17:65 40:158 31:123 25:99 19:73 4:14 10:38 20:76 40:158 22:86 9:35 27:107 9:35 22:86 20:78 30:120 30:120 30:120 26:104 35:137 18:68 23:91 5:19 10:36 37:147 6:20 18:68 3:11 20:78 21:83 9:33 38:152 14:54 26:100 2:8 28:112 32:124 34:132 13:49 31:121 37:145 35:139 44:172 33:129 17:65 26:102 4:16 14:54 37:145 12:44 36:144 31:123 37:147 4:14 12:46 36:140 14:56 21:83 9:35 6:20 30:116 14:54 34:136 18:70 40:158 17:67 11:43 25:99 34:136 16:60 11:43 13:49 2:6 4:16 30:116 12:48 35:137 6:20 46:182 34:134 8:32 6:24 7:25 39:153 9:33 3:11 22:88 31:121 6:24 21:83 29:113 8:30 18:72 17:65 10:36 20:78 38:152 28:110 7:25 3:9 22:88 36:142 40:158 14:52 41:161 20:76 34:132 12:44 14:52 12:46 34:136 17:67 12:46 39:153 28:108 31:123 23:91 8:30 22:88 10:38 27:105 38:148 5:19 26:100 13:51 10:38 18:70 38:150 44:172 11:43 17:65 18:70 6:20 10:40 10:36 6:22 8:28 34:132 2:4 29:113 17:65 15:59 22:84 49:193 8:32 35:137 14:54 14:54 4:14 17:67 14:56 8:28 13:51 32:124 8:32 23:91 20:78 17:65 29:115 39:153 28:110 22:88 11:43 26:100 26:100 22:84 44:172 48:188 7:27 31:121 13:49 18:70 12:48 20:78 45:177 7:25 18:72 16:62 38:148 7:25 29:115 24:92 38:152 17:67 16:62 4:16 10:38 17:65 21:81 2:6 39:155 38:150 8:30 21:81 33:129 30:120 ; 
L 45 -81 -87 -2 -98 -17 -95 63 -86 -82 80 -38 -96 -73 -13 -78 2 -92 -46 -50 92 -61 3 -29 53 98 -51 74 79 -8 -25 -83 -64 25 -73 85 -89 -86 87 -91 12 -57 -52 66 51 9 59 27 -2 -72 80 -10 39 10 2 14 -55 -12 24 -45 60 91 87 -64 -98 37 -6 -78 92 -63 -42 38 -23 41 -60 -61 -82 -82 -91 62 -81 -50 11 -26 -39 26 14 -79 -22 -45 -29 -13 81 -12 -76 -52 -87 -63 -9 5 -100 24 -49 -90 -56 17 27 67 -81 -77 5 -22 57 -60 4 27 66 -88 -50 -26 7 79 -87 77 90 -80 45 73 55 -40 95 -48 99 12 66 16 -40 34 70 -60 4 80 87 11 -42 -92 85 -72 -16 -54 15 -77 92 24 -98 89 97 -10 -83 -42 63 -62 -41 -25 -52 19 -2 -6 -84 6 72 -94 -12 23 -9 -46 -35 61 42 -26 14 36 68 -65 -76 -87 -19 -31 99 -70 4 70 59 -7 31 62 56 62 -100 -80 -73 14 7 -65 43 -16 -59 11 -38 5 69 -17 -73 -13 -71 43 -74 15 42 83 -38 66 -100 -39 -59 -79 -62 43 29 47 -32 33 -32 64 -91 -53 -87 66 34 30 -69 -5 42 7 19 84 67 -61 -64 1 -17 43 2 -54 -2 -86 65 -90 -78 -69 15 44 27 -57 3 -44 38 61 -97 81 -55 51 -45 2 9 84 95 74 75 -65 -31 -83 98 -10 -87 33 -43 32 -74 42 -51 -24 -8 -19 12 -52 95 -55 -15 -54 23 -19 -74 89 5 -85 -1 25 28 22 -7 87 26 -70 -26 59 69 -89 83 63 -41 87 -25 64 37 -88 73 15 -53 -65 37 10 61 -48 70 -5 -87 -80 -17 37 9 88 -11 35 81 6 5 -17 60 -58 25 -37 -97 -44 -78 17 1 -93 32 17 -86 19 87 -83 -72 85 -80 -4 92 95 -54 -4 -5 -69 88 -73 88 43 99 98 48 60 -51 64 -1 34 27 -14 -48 80 6 52 2 6 93 38 85 -3 -70 56 84 -95 -17 -3 -38 20 -31 89 27 -93 24 1 57 39 -93 88 2 17 1 -97 -15 -69 27 -8 -57 55 -64 -2 -74 -45 92 -49 91 21 -75 -58 -25 97 -98 61 30 -64 39 22 -95 -47 42 -59 -32 39 -3 91 17 -71 31 1 -69 30 31 57 -33 -57 -46 82 89 14 36 5 11 38 92 64 -21 9 -81 19 79 -54 12 -4 -87 17 14 -41 -7 -67 -1 -75 60 -53 -32 95 -34 69 49 2 75 44 82 -53 ; 
49 40 85 54 99 21 87 14 58 57 58 56 61 14 96 95 49 39 58 52 74 47 85 71 50 1 38 13 9 19 21 78 63 90 51 52 8 91 19 58 74 30 59 97 28 6 14 14 31 36 23 35 42 15 67 12 59 20 77 42 4 62 26 78 20 86 55 61 30 24 3 91 70 22 59 59 7 69 35 64 30 63 16 40 11 6 83 50 34 20 45 25 75 62 22 96 54 89 11 35 96 17 11 43 50 21 66 19 97 36 53 5 68 1 49 18 69 13 93 46 95 25 84 74 27 15 15 30 22 28 7 82 15 37 75 90 74 79 16 68 98 31 72 52 15 82 45 70 29 78 22 43 38 37 75 50 87 49 97 7 42 8 77 98 65 61 86 33 20 16 45 8 68 87 51 79 69 90 35 100 61 60 17 38 95 84 77 6 64 43 50 87 71 11 41 18 41 64 69 29 81 66 6 93 52 71 87 75 86 55 49 43 39 63 4 40 8 1 32 40 80 10 31 26 43 14 9 56 74 45 10 20 34 83 73 69 46 84 100 57 8 64 1 71 30 15 93 52 88 85 36 60 81 98 56 61 86 77 98 60 95 13 85 46 27 55 58 91 39 61 38 54 76 94 71 65 12 9 4 72 4 73 68 63 83 5 94 85 54 19 35 99 10 10 100 21 46 58 29 55 19 53 25 31 96 42 51 43 15 60 17 59 94 8 7 84 82 87 14 40 54 17 67 49 24 51 37 86 100 54 39 47 35 92 53 78 91 75 74 37 2 99 73 85 90 76 34 53 19 65 92 19 63 12 49 67 27 8 91 98 14 54 93 92 12 45 6 13 86 68 34 31 76 56 82 55 7 22 96 5 2 38 3 33 4 46 77 59 46 20 68 82 79 77 24 16 12 52 53 52 69 57 68 38 88 2 80 58 13 77 31 18 39 81 76 60 17 5 70 91 76 40 12 87 10 94 13 55 75 65 23 43 7 33 43 4 8 90 6 51 69 85 3 67 6 82 59 93 3 94 45 92 19 68 45 31 96 57 52 12 72 10 45 49 7 31 12 7 65 9 44 41 8 96 24 38 100 71 56 77 6 30 90 43 14 82 22 67 99 92 3 93 73 34 93 65 90 37 66 8 36 ; 
L -11 67 89 -51 -21 -8 -57 -1 -24 -59 57 -47 -80 -93 -6 -17 7 19 64 -91 3 -95 -84 58 -60 17 -53 34 98 -15 69 62 -81 -11 50 -95 52 -12 70 -37 17 80 -38 -96 -19 -4 -74 42 49 40 40 93 -72 41 57 87 -26 64 -91 -53 -83 -42 63 -11 -88 -7 87 26 -70 -26 -43 -6 -78 -87 -78 17 1 -93 32 -17 -42 -92 85 -72 -16 -54 -48 80 6 52 2 95 -84 -22 -28 85 -80 -4 92 95 17 -86 19 87 -54 -4 -5 -69 -48 75 1 39 -79 97 -61 -38 7 -69 61 -64 39 -20 -13 -78 2 -25 61 63 73 17 -69 -5 14 1 85 -5 -89 60 65 -75 -74 -29 75 32 -5 -3 -38 73 -89 98 -24 93 -27 -12 -76 61 -92 50 -55 -79 70 -83 79 -46 -25 -22 -31 -98 56 52 69 64 2 -68 -36 -59 81 -29 -13 81 -98 -53 -56 70 3 -5 37 -61 -10 88 -80 82 86 38 -62 -31 73 -25 21 62 12 94 -77 87 -34 -92 23 -89 -86 44 97 37 -25 -9 37 -26 39 10 -22 -45 -70 17 14 -48 99 12 66 -33 17 -71 -95 32 -38 66 -100 -39 -17 15 42 52 25 41 62 -88 74 -6 -84 8 -79 -61 98 -14 26 -42 54 -79 15 41 -60 60 -85 -38 -54 -2 -86 65 -90 -78 91 82 14 -67 -84 25 -87 41 -72 97 1 -17 50 39 -3 91 24 51 91 -57 -46 82 89 14 36 -59 7 -65 2 -27 -80 -4 60 -67 -27 -83 -72 -87 -17 59 -51 -14 73 35 81 6 65 32 80 -90 92 58 -54 23 -19 -74 -45 60 91 -12 82 -2 59 69 -89 83 63 2 -27 -45 -55 -12 2 74 73 87 95 65 14 2 98 55 -31 16 95 30 31 57 1 -97 -15 -88 -55 -98 83 2 87 81 -45 -76 38 -11 -95 63 2 -19 -6 47 -32 33 -32 -39 26 -4 -24 -69 -10 -87 33 -43 53 88 43 99 92 64 66 51 9 59 16 -43 -49 -61 35 46 -7 85 -38 -87 -92 77 -15 -87 -19 -31 99 9 -75 97 -10 -87 66 -42 45 -43 71 13 1 9 -52 -87 74 64 -57 22 -5 77 -100 24 -49 -90 -56 -11 8 -5 9 -23 -100 -80 -66 -27 81 -44 -19 4 -62 70 -5 -25 -27 -34 1 -64 51 -60 -48 7 83 43 29 -64 -2 9 63 -45 -42 5 69 -30 -73 -15 -44 10 42 64 34 31 -92 37 -88 73 -3 57 -27 -44 -30 81 -55 12 82 -53 ; 
11:43 13:49 26:100 26:104 28:112 2:4 36:142 16:62 15:57 19:73 35:137 27:105 28:108 8:32 10:38 15:57 16:64 12:48 14:52 10:38 56:224 16:64 5:19 34:134 26:104 8:30 29:115 26:102 16:60 30:120 38:152 2:8 12:48 20:80 7:25 26:100 19:73 9:33 48:188 14:54 15:59 30:118 31:121 25:97 50:198 30:116 20:76 8:30 16:62 34:134 9:35 18:70 21:83 20:76 19:75 9:33 11:41 36:142 30:116 28:110 40:158 3:11 17:67 24:96 4:12 16:60 24:94 38:150 4:12 3:11 54:212 11:41 25:97 15:59 10:36 27:107 11:43 4:12 37:145 4:16 9:35 33:131 18:72 28:112 12:46 32:124 12:48 8:32 28:108 33:131 32:126 44:174 23:91 11:41 24:96 26:102 3:9 6:20 35:137 28:108 56:220 6:22 22:86 38:148 47:185 13:49 31:121 23:89 8:30 10:36 27:107 16:60 31:123 32:124 16:62 37:145 34:134 42:166 24:96 18:70 2:4 20:76 7:25 38:152 20:78 10:38 8:30 22:88 29:115 16:62 18:68 20:78 20:80 15:57 21:81 17:67 39:153 15:59 1:1 29:115 2:6 16:64 80:316 38:150 2:6 15:59 36:140 33:131 7:25 20:80 23:91 13:49 31:123 10:38 9:35 28:110 19:75 30:118 25:99 9:35 5:17 31:121 32:124 3:11 11:41 52:208 40:158 28:110 14:52 36:140 65:259 50:196 26:100 15:57 7:27 25:97 9:35 22:84 10:40 30:120 10:38 1:1 12:48 21:83 22:84 34:132 12:44 20:78 14:56 62:244 20:80 24:92 23:91 20:80 17:65 8:28 16:64 21:81 17:65 20:76 25:99 28:108 10:36 30:118 21:81 16:60 22:84 28:108 37:145 18:72 5:19 26:100 8:30 30:116 15:59 28:110 38:152 6:24 10:36 8:32 27:105 19:73 36:144 12:46 6:24 15:59 30:120 11:43 4:14 28:108 21:81 38:148 22:86 4:16 13:49 11:41 14:52 0:0 13:51 22:84 26:104 40:156 31:123 9:33 3:11 14:56 8:32 5:19 8:30 26:104 21:81 25:97 25:97 40:160 10:36 29:113 37:147 18:68 24:94 30:116 17:67 5:19 40:158 23:89 25:97 35:137 31:123 40:156 48:190 14:56 25:97 35:139 38:148 13:49 27:107 7:27 5:19 13:51 14:52 15:57 27:105 6:20 18:72 27:107 16:64 40:158 12:44 8:32 18:72 20:78 3:11 13:49 5:19 3:11 8:28 38:148 34:136 27:107 23:89 13:49 40:156 37:145 8:30 11:41 5:19 6:22 18:72 32:128 12:44 23:89 27:105 40:156 36:144 31:121 18:72 12:44 4:14 6:24 16:60 10:36 7:25 8:30 22:84 10:40 18:72 2:6 25:99 14:56 15:59 26:102 13:51 33:131 35:139 6:22 16:64 32:124 13:49 25:99 42:166 8:32 8:32 3:9 7:27 15:57 14:54 3:9 6:22 20:78 48:192 12:46 13:51 60:238 24:94 2:4 21:83 5:19 44:172 37:145 31:121 12:46 18:70 20:80 28:108 17:67 22:86 34:136 16:64 13:49 45:177 35:137 30:120 6:22 11:41 35:137 14:52 18:70 4:16 8:32 14:54 2:8 3:9 31:123 16:64 34:136 11:43 34:132 2:8 38:150 45:177 13:49 9:35 39:153 7:25 17:65 14:52 12:44 3:9 9:33 35:139 29:113 13:51 18:70 36:144 28:110 15:59 22:84 4:16 36:140 8:32 16:60 18:68 7:25 31:123 3:9 26:102 5:17 32:124 5:19 20:78 18:70 34:134 22:84 9:33 9:33 16:64 2:6 16:64 48:188 13:51 22:86 30:118 8:32 29:115 28:108 2:8 22:84 44:174 7:27 5:17 18:68 20:80 6:22 18:70 30:118 22:84 21:81 38:150 12:46 30:116 28:110 15:59 27:105 7:27 13:51 34:136 34:136 32:124 30:116 27:105 31:123 19:73 2:6 14:52 2:4 16:60 4:16 11:41 19:73 30:118 2:4 22:88 30:118 5:17 32:128 7:27 1:1 26:102 4:12 22:88 31:121 16:60 7:25 11:41 36:142 25:99 27:107 3:9 21:81 21:81 15:59 42:164 11:43 19:73 34:136 24:92 8:30 16:60 8:30 16:60 4:12 15:57 ; 
L -36 97 4 81 41 69 92 69 11 11 81 60 -71 -23 -12 69 66 -65 -89 -46 -81 -24 -62 -35 -96 39 48 -96 87 -25 -7 76 74 28 -78 -47 -21 -76 -46 20 40 34 -23 -9 68 30 38 -64 -61 8 -48 -69 -2 -66 -48 36 -92 27 26 90 -54 -93 20 81 10 -14 -1 -52 35 -15 -57 47 28 -53 53 -48 51 -5 57 16 32 90 83 -83 93 -46 -23 23 -22 -25 -39 -50 47 58 -89 -87 -79 35 -43 92 23 -90 7 -64 92 72 67 54 91 94 -66 39 -28 -55 -33 -92 5 80 -27 4 -72 42 69 -87 8 -93 -69 76 -68 -97 94 36 98 99 39 96 -66 -76 38 83 -70 -13 99 -98 -50 39 37 94 -53 45 53 -95 -44 -13 -12 -67 43 92 53 99 -83 97 -9 2 -14 97 -28 -74 -16 19 70 4 -16 79 78 -36 -56 -31 -100 44 95 -22 26 20 63 -4 -99 -62 57 10 16 -90 31 -66 -12 50 32 52 62 -27 -78 26 -10 -1 81 62 99 -91 -99 19 -1 79 58 -97 -70 47 17 -98 89 22 71 -71 -52 15 19 32 -91 -89 -3 5 38 -70 -73 57 -11 69 68 14 100 -74 -31 -69 91 90 -40 12 -56 91 -14 -79 42 -81 -8 -7 64 -38 -60 -23 -86 11 -16 -30 71 93 -91 34 9 -47 90 84 17 37 -87 9 17 62 77 -83 82 -40 -73 -86 10 20 66 -2 -51 5 -85 9 41 24 -32 -32 -46 90 -33 13 54 -19 -33 81 -87 47 49 18 55 -89 22 64 81 -58 1 -65 -85 -1 -4 16 -90 8 85 2 -72 38 2 89 43 -52 67 -80 -69 62 27 -92 -20 -55 59 54 -79 13 -58 -85 -2 60 20 43 -18 80 96 -5 96 53 1 3 -83 -82 96 -10 -23 -93 -35 -13 -86 -19 -57 6 30 -2 11 68 93 -89 55 -16 64 -13 -94 20 -44 46 -42 -48 88 -12 54 56 15 -62 -44 -21 -42 -84 78 -32 -83 -59 56 99 -52 -69 -67 68 81 51 -38 -47 27 -14 -28 52 -80 4 72 63 -7 95 20 43 71 77 23 -65 -50 63 -77 65 -86 -86 61 -73 14 -43 72 19 -17 -92 70 -83 -2 -53 97 -52 3 25 98 58 15 26 -9 18 -87 60 6 36 -71 79 76 -66 75 31 -62 -45 -50 -5 58 74 -76 45 97 67 52 82 85 24 -90 32 -60 -44 25 -45 -21 -59 -37 20 90 34 78 68 -4 -99 31 60 63 -2 -12 -67 -50 -88 49 -41 ; 
60 39 31 67 60 30 95 2 72 35 94 23 91 51 21 98 65 10 28 37 76 3 25 55 66 14 77 53 81 27 47 68 59 32 16 4 61 44 74 98 79 5 55 57 28 60 69 70 50 57 25 8 82 18 61 100 55 17 17 46 47 28 15 80 12 87 59 97 19 33 72 67 66 97 72 3 6 60 80 79 51 57 10 72 12 42 71 11 94 85 17 58 75 5 68 53 43 19 15 19 36 30 93 27 96 24 66 20 96 35 29 25 48 96 92 27 4 55 1 75 32 81 17 12 71 10 44 46 31 5 39 69 100 13 61 20 32 85 96 31 96 33 64 22 64 58 23 34 32 28 16 97 24 43 65 77 23 16 97 15 95 3 34 61 67 70 37 55 37 38 34 22 86 56 63 60 68 19 29 77 34 65 9 50 60 25 83 65 68 66 16 82 81 29 70 22 67 30 3 23 58 22 32 34 24 82 19 82 14 40 12 6 87 25 75 13 65 78 97 79 28 53 53 19 46 51 77 9 10 72 84 25 30 54 93 21 53 47 2 93 20 20 54 67 10 39 73 32 96 28 43 61 89 81 76 74 75 21 47 69 18 60 50 43 24 70 32 42 32 97 93 54 71 65 38 34 2 52 5 31 30 50 53 41 1 25 39 86 26 45 59 37 86 68 48 5 73 84 73 95 32 80 43 91 92 83 42 24 46 21 66 80 95 29 15 80 69 33 58 97 78 35 91 9 59 83 41 27 8 19 33 89 3 13 100 43 19 52 47 53 76 47 75 65 74 45 77 94 75 57 5 49 64 10 3 59 75 84 33 1 44 92 27 19 38 10 39 74 60 73 89 27 49 83 73 21 11 11 89 27 8 21 65 21 58 69 65 100 30 12 46 82 79 88 66 25 23 100 68 93 94 33 89 36 64 95 89 82 31 26 19 8 47 10 82 11 23 7 76 18 80 44 18 32 31 17 29 37 83 28 29 33 68 93 59 36 52 82 33 76 9 64 100 3 28 48 43 47 93 94 38 34 77 13 58 2 20 85 75 32 29 56 98 83 43 97 9 66 5 75 74 22 18 82 30 12 56 65 77 78 67 89 1 39 63 72 8 34 97 31 20 62 6 50 92 62 13 76 67 33 78 ; 
L -36 97 4 81 41 -7 95 20 -44 46 65 -66 -69 12 23 71 -60 -83 15 99 -79 1 -46 -23 23 -54 62 -62 83 -81 -11 -11 -69 -87 96 -48 -39 96 81 -58 66 -26 37 59 61 64 -38 -13 -94 20 78 -92 -20 93 54 -90 -98 5 -83 -82 96 -10 -23 -93 -35 -2 3 -50 47 58 -89 39 -28 -55 -33 -37 -39 50 98 -99 13 70 -83 -38 76 66 34 -57 47 28 14 -27 26 58 89 -97 14 -83 -59 56 1 -65 -85 -1 -72 54 91 18 -43 -20 -60 2 4 -72 42 69 16 -90 89 -42 -48 88 -12 -37 -17 -84 -64 -32 90 9 -47 90 -38 -64 16 -55 89 -93 -68 -11 2 -30 -6 -54 -13 33 -90 10 31 56 36 53 99 66 -2 -32 -21 -35 -76 7 27 -62 -52 -32 74 -78 26 20 90 -81 1 10 99 -52 -69 -67 81 94 -85 -8 -46 -81 -24 -62 -35 -19 99 91 79 91 -14 56 -12 -56 -54 57 -85 60 -32 90 48 66 -68 -17 -82 -89 -71 97 -52 3 25 51 63 78 68 19 96 -9 2 -73 31 32 -24 -41 60 -67 -72 -92 -23 -9 99 -50 -88 83 -31 -75 13 -58 -85 27 -16 -9 8 -64 -34 94 -53 6 36 39 25 22 44 -5 -50 12 66 -32 -46 -79 -26 78 25 -92 43 71 77 23 -65 -50 63 -49 -47 87 61 -91 4 13 43 81 10 -4 86 -65 77 18 55 -52 -67 39 69 48 42 -81 -8 -7 -73 20 40 35 -43 92 23 -52 -57 -25 86 -92 5 80 80 -67 52 40 70 -83 -77 -74 -85 -92 -34 91 -93 -68 -95 -68 -97 46 76 45 97 67 53 1 45 72 19 47 -30 -68 -98 -36 -94 -87 69 -79 53 62 12 -64 92 -36 -30 71 -100 -14 -74 16 -53 90 -87 8 -93 -69 2 -63 -4 -90 14 -43 67 27 -92 -20 -55 15 -52 15 19 32 -91 -28 -95 -44 -62 -17 -9 58 74 -76 -18 21 45 -4 -70 -19 -31 -69 -5 57 15 28 -78 -58 7 -99 -20 -70 -57 62 20 16 -60 87 21 47 -97 45 53 31 60 38 99 -97 -22 84 42 -10 86 73 40 -82 83 -9 -38 -5 3 22 -27 -71 -22 -89 98 -17 -47 70 -12 100 90 -96 -2 -93 1 14 -76 -79 71 -96 -80 51 -24 2 -44 -59 -43 -89 -2 -38 72 -13 -62 50 -80 76 -23 -86 11 -16 -44 -5 86 79 87 66 -52 28 69 -51 48 -16 11 -81 33 19 -53 69 -63 -4 49 -41 ; 
24:96 16:62 13:49 27:107 24:96 2:8 5:17 10:40 36:142 11:43 3:11 4:16 26:104 40:156 9:33 21:81 37:145 18:70 18:72 39:155 21:81 3:9 23:91 29:113 5:17 21:83 38:152 6:22 10:38 21:81 38:150 14:56 29:115 4:14 33:129 22:84 31:123 6:22 10:36 32:128 24:94 15:57 9:33 1:1 41:163 20:80 28:112 29:115 5:17 4:14 28:112 4:14 30:118 6:24 12:44 19:75 8:32 8:30 2:4 24:94 30:120 34:134 14:52 1:1 18:70 35:137 5:19 17:65 30:120 2:8 28:108 25:97 20:76 39:153 37:147 7:25 10:36 24:92 26:102 9:35 26:102 14:52 39:153 13:49 39:153 34:136 8:30 8:32 27:107 27:105 19:73 33:131 9:33 30:118 4:12 17:67 28:112 30:118 10:40 10:36 37:145 12:46 6:24 32:128 4:16 5:17 39:153 18:70 31:123 18:72 30:118 26:104 36:144 13:51 33:129 7:27 11:41 24:92 27:105 12:46 9:33 26:104 9:33 27:107 22:86 38:148 49:193 30:120 8:28 14:56 17:67 13:51 24:92 7:27 30:116 34:132 20:78 11:43 36:142 30:116 24:96 30:118 16:62 22:86 30:116 34:134 30:116 11:41 11:41 8:30 28:108 60:236 6:24 16:62 10:40 26:100 17:65 19:73 11:43 28:108 23:91 10:36 2:4 12:48 25:99 25:97 30:118 20:80 18:72 28:108 10:38 14:54 40:156 28:108 38:148 38:150 52:204 14:56 24:92 32:124 28:108 31:121 2:4 10:40 22:88 22:86 16:64 6:22 20:78 12:44 39:153 13:51 30:116 20:76 28:110 6:24 13:49 31:123 23:89 5:19 25:99 25:97 14:54 7:27 7:25 12:44 28:108 41:163 26:102 40:160 2:4 26:102 20:76 22:86 14:54 26:100 6:24 28:112 25:97 16:60 33:131 4:16 35:137 15:59 23:89 26:102 27:105 10:38 18:72 23:91 7:27 11:41 31:121 5:17 17:67 13:51 36:144 31:121 19:75 24:96 15:59 42:168 29:113 21:81 43:169 20:76 13:51 26:104 6:20 33:131 7:27 34:136 31:123 28:112 24:96 9:35 28:112 35:139 20:76 15:57 7:27 4:16 20:76 8:32 4:14 31:121 8:28 32:128 18:70 8:28 13:51 23:91 37:147 37:145 30:116 40:156 15:57 20:76 18:68 9:35 5:19 12:48 26:102 12:46 7:27 23:91 17:67 8:28 30:118 24:92 3:11 4:12 9:33 25:97 36:142 33:129 27:105 45:177 32:126 4:12 6:24 8:30 15:57 24:92 24:96 7:25 43:169 19:75 2:6 22:88 2:8 8:30 4:12 15:59 14:52 33:131 23:91 39:155 34:132 16:60 11:41 28:112 10:38 16:64 50:200 12:44 2:8 20:78 30:118 31:121 2:8 26:104 38:150 26:102 22:88 16:64 38:148 39:153 39:153 24:96 10:38 40:160 28:110 32:124 16:62 35:137 7:25 15:57 22:84 46:184 18:72 22:88 46:180 20:80 53:209 1:3 5:19 11:43 14:56 8:28 8:28 29:113 4:16 18:70 7:27 20:80 28:108 38:150 12:44 14:52 10:40 11:43 6:20 40:160 18:68 16:60 22:84 8:30 19:73 21:81 31:123 2:6 26:102 14:54 9:35 14:54 16:60 24:92 39:155 4:14 14:52 27:107 27:107 16:62 9:35 14:54 13:49 8:32 20:76 32:128 48:190 8:32 7:25 9:35 48:192 23:89 20:78 22:86 18:68 28:108 14:52 22:86 16:60 14:54 16:62 25:97 3:11 19:73 7:25 16:64 25:99 2:8 18:70 8:28 7:25 6:22 33:131 3:11 22:84 20:80 12:48 13:49 2:8 20:78 6:20 34:134 29:115 2:6 5:17 3:11 12:44 32:126 39:155 32:124 26:104 6:20 28:108 11:41 12:44 34:136 38:152 10:36 19:73 24:94 34:136 8:32 1:3 20:80 30:120 35:137 4:12 36:142 2:8 16:62 11:43 17:65 34:132 24:94 4:14 39:155 5:17 18:68 12:46 32:128 10:40 19:75 28:110 8:28 24:94 7:27 16:64 15:57 18:68 7:27 15:59 11:41 54:216 32:124 3:9 35:137 34:132 38:152 32:128 13:51 31:123 20:80 26:100 28:110 16:62 14:52 32:124 ; 
L 18 -33 -42 75 96 -19 59 55 -17 -12 -2 -84 3 45 29 -62 -49 82 -78 -18 93 -30 49 63 93 -34 -59 -22 7 -69 65 -29 84 -60 56 87 -61 39 48 -67 -57 -4 -89 -79 -73 -3 24 -65 12 -14 55 -64 49 17 -20 -68 47 -98 76 100 47 100 61 -98 -69 6 41 -93 47 99 34 37 -63 60 2 42 -71 6 9 -59 -92 7 -23 -20 -40 -7 96 65 83 -66 78 -52 -75 27 87 -48 -89 15 27 7 82 53 -23 66 -44 47 -11 17 -81 20 30 -27 -49 46 22 -54 -14 -56 76 -17 28 -89 -83 79 65 -15 11 -86 -48 82 -7 38 29 -92 -7 -9 66 -38 34 -12 86 -36 -54 -68 -8 -35 88 77 -63 -39 -34 -80 17 28 23 4 14 8 -84 -99 87 -98 74 60 3 96 77 -94 -81 80 54 -1 -10 -94 -74 7 61 -17 -18 -39 -32 -23 20 16 22 -32 -100 -77 -50 82 53 21 31 44 38 49 -9 -41 18 -63 -22 82 -88 92 99 45 66 -40 44 -76 -25 -14 73 97 -6 -20 -45 86 7 -72 -54 -43 -75 -6 35 72 -88 -92 -82 -53 -64 -44 -64 7 -13 -33 26 2 -62 -76 21 -73 -27 26 7 13 -87 60 63 -53 59 32 -68 6 2 15 89 43 -89 -75 -60 -84 96 -92 100 83 80 -30 -30 -61 -18 18 -82 -68 29 -89 59 4 -58 89 -56 60 -6 87 -32 -40 -8 -99 -37 14 -27 73 -7 1 79 -83 -91 -42 10 -6 69 -82 -29 15 -9 -26 25 83 66 -34 48 -78 4 94 57 6 59 -100 21 -14 30 85 -10 -56 32 92 -82 -37 40 11 4 -83 -66 62 -61 20 -21 -34 -10 -56 -8 -23 73 -56 62 25 1 -94 42 43 -35 -94 6 62 56 -22 -42 -46 -79 -23 18 51 84 -80 69 7 -48 -89 13 -79 48 -2 -98 -43 45 -60 9 14 -30 18 -82 -49 -59 -82 -17 -66 -50 -7 72 36 85 -42 48 44 -75 66 99 43 -39 65 89 -16 68 27 92 -10 -36 51 -93 -77 95 85 -26 12 20 28 16 -34 -37 64 48 10 -27 4 65 -37 3 42 68 -56 -87 -100 80 8 80 -24 -97 -21 -16 -93 -97 -49 20 73 70 76 40 -30 -2 -90 -2 -1 78 -43 -44 -39 -66 -17 -85 36 99 -91 -18 36 8 64 -32 16 -14 68 -40 -33 -99 10 8 10 46 10 35 52 68 96 61 -16 -94 -36 5 35 33 60 54 -43 20 -49 5 -70 -21 25 -1 -54 ; 
51 74 9 34 75 74 21 28 94 14 44 20 6 47 16 97 9 15 65 92 64 61 73 10 82 68 87 89 23 100 84 49 54 51 67 64 93 52 47 21 7 7 52 23 21 63 96 28 6 31 11 57 9 10 50 88 86 25 93 58 96 45 11 3 80 100 59 27 98 78 1 57 3 99 82 97 17 63 49 11 19 85 85 76 2 2 26 50 40 78 77 67 86 93 17 37 15 63 95 70 72 43 20 46 68 48 51 62 89 39 64 99 67 33 47 92 13 49 37 92 79 92 60 65 24 45 39 60 68 21 22 78 10 31 57 57 46 93 59 96 79 10 27 47 63 57 81 40 30 10 11 97 24 64 25 51 27 6 16 36 65 56 76 81 27 14 71 44 83 64 29 86 100 33 75 12 16 60 49 22 95 99 95 43 22 20 18 68 82 2 88 26 65 78 2 82 73 58 54 77 38 74 58 95 7 62 3 2 43 36 99 37 49 34 32 60 8 42 25 27 95 85 83 65 96 87 9 52 16 47 78 47 86 30 22 66 99 48 47 10 87 98 33 65 28 36 62 41 29 25 18 33 34 23 62 51 18 91 16 26 61 85 25 15 53 58 43 75 36 79 73 36 88 64 57 53 37 12 46 47 95 25 92 93 77 60 21 39 15 5 37 3 25 23 58 1 57 47 66 96 43 81 33 64 14 1 64 9 56 23 6 82 39 71 82 67 40 14 24 6 17 5 5 14 18 38 60 35 62 54 93 3 83 45 81 88 56 2 79 49 24 94 2 80 6 41 63 14 99 27 50 50 85 99 33 79 37 88 60 24 84 40 13 81 36 98 56 50 16 91 14 13 69 49 62 14 8 69 65 88 68 74 7 49 80 39 82 94 98 3 36 58 31 84 77 85 87 82 63 32 17 94 37 31 1 21 100 40 27 13 56 48 69 81 34 99 60 47 73 78 49 67 68 20 15 41 87 37 80 17 59 14 75 100 65 63 12 54 20 76 81 15 3 23 84 53 67 32 92 79 5 38 19 83 81 35 76 82 11 73 78 47 23 66 13 23 48 40 85 74 63 83 84 98 49 35 23 21 76 67 8 56 27 72 100 88 61 27 8 23 20 77 34 55 98 80 32 23 23 22 68 ; 
L 18 -33 -42 75 96 -19 59 55 -17 -3 24 -65 12 -14 55 -64 49 17 -20 22 -10 -7 74 94 10 42 -38 34 -12 59 49 -16 -66 78 -52 -100 -10 -35 -98 74 -63 -39 -34 94 -56 20 -57 43 -66 -17 -79 -48 -89 13 -54 -9 60 -45 43 98 2 -48 73 79 89 4 57 -14 -14 59 34 -93 -61 -36 51 -16 48 26 9 -15 29 -27 -46 -14 30 30 -73 23 8 84 1 21 -76 -99 80 -24 -97 34 -62 -82 -7 -27 32 -22 97 23 -80 -96 49 -43 87 -37 93 30 30 10 -25 -28 97 -34 54 42 99 9 7 92 -29 -38 7 -82 48 86 -11 4 21 29 -80 -14 73 -20 -12 -39 -16 -20 27 87 7 -1 66 -6 -43 91 83 -90 -2 -1 88 -82 22 63 -18 41 96 65 -15 -11 -40 -6 71 -42 -2 -60 63 -83 -89 -65 39 89 -43 -89 -15 33 44 69 -82 100 -63 -60 -36 5 35 33 60 -56 8 -21 -16 -61 -40 -76 83 -48 -64 37 34 62 -11 -78 -18 93 -30 -73 27 4 -82 -35 10 -27 4 -77 22 41 82 -36 85 53 87 -14 -20 49 -32 -23 -68 -42 48 -21 70 20 -49 5 -94 85 -26 -9 7 40 -56 76 -79 -23 50 -20 61 -62 66 -66 -8 -80 16 89 99 18 -92 100 -88 75 -59 -6 -84 29 -65 -58 89 -56 60 -6 -4 -59 -3 -23 -66 32 -92 -82 -53 -64 -44 -64 -34 -99 -94 65 -47 18 -8 -36 18 91 18 -30 53 36 66 -40 8 83 -72 7 50 66 17 82 62 100 61 -98 -69 -68 16 -17 -82 -12 -2 -56 60 -69 87 -84 9 88 -42 -46 -17 28 92 20 23 -7 92 59 32 92 -82 -37 -51 -18 7 13 -87 -79 83 -63 -49 -7 -26 27 73 21 -10 -8 -10 -3 37 -65 -27 -47 44 -53 86 -36 -54 -68 -66 81 -44 -31 68 72 83 95 69 -6 -85 84 87 -15 89 6 -45 86 -46 7 -72 94 22 77 93 56 -2 -73 96 61 -2 -89 96 77 -94 -81 80 54 -1 99 33 62 -29 -45 -3 -45 -99 -92 78 -43 -44 -39 -54 -68 14 -40 -75 -60 -84 25 -70 2 60 -68 -52 -35 -21 -42 10 -6 -75 -59 37 32 -64 17 38 49 -100 -76 98 -47 68 7 -49 79 6 75 43 48 -78 -68 14 82 -18 85 -10 -56 35 44 -76 -25 20 30 77 100 -61 39 48 -67 26 -56 -93 47 13 4 -28 -32 -40 -8 -99 -6 -80 17 -7 25 -1 -54 ; 
21:81 30:118 4:14 14:54 30:120 30:118 9:33 12:44 38:150 16:62 39:153 12:44 3:9 13:49 5:17 23:91 4:14 4:16 20:80 34:134 9:35 36:144 5:19 30:120 14:52 14:54 16:62 24:94 39:153 42:164 3:11 43:169 29:115 44:174 27:107 4:16 10:40 24:94 19:73 31:121 24:96 4:16 5:17 53:209 19:75 2:6 25:99 19:73 45:179 33:131 4:12 18:70 20:80 7:25 29:115 22:86 4:12 6:22 25:99 20:78 28:110 6:20 19:73 9:33 10:36 21:83 3:11 28:108 12:44 20:76 35:139 28:108 31:121 11:41 16:64 3:9 25:97 11:43 1:1 6:22 26:102 32:126 25:97 7:27 7:27 19:75 15:57 1:3 38:150 14:52 6:20 12:44 14:56 15:59 23:89 26:100 5:19 28:110 3:11 30:116 29:115 28:112 6:20 8:32 18:72 4:16 22:84 34:136 2:8 8:28 25:97 1:1 32:128 14:56 15:57 3:9 34:136 11:43 7:25 10:38 14:56 19:75 13:49 30:118 23:91 23:91 13:49 4:16 32:124 9:35 9:33 28:108 24:96 35:139 4:14 26:100 40:158 32:124 20:78 47:187 14:54 66:260 6:24 18:68 40:160 7:27 50:200 28:112 26:102 13:49 34:134 32:124 23:91 21:83 2:8 16:60 19:73 24:92 30:118 16:60 31:123 22:86 29:113 6:20 18:72 18:72 22:86 21:83 26:100 7:27 39:155 33:131 40:158 13:51 35:137 7:27 13:51 21:81 7:25 37:145 8:28 26:102 29:115 5:17 33:129 22:86 2:6 12:46 38:148 25:97 11:43 4:12 10:36 8:28 20:80 18:72 8:32 48:192 34:134 27:107 20:78 23:89 20:78 32:124 30:116 8:32 16:62 8:28 37:147 26:102 25:97 4:16 2:4 15:57 12:44 45:179 20:78 28:108 8:32 21:81 21:81 30:120 29:113 12:44 30:116 6:24 14:56 6:24 33:131 2:4 29:115 40:158 39:153 14:54 13:49 43:171 14:52 46:180 22:88 40:156 15:59 36:142 28:110 10:36 6:20 1:3 2:8 15:59 27:105 10:38 2:4 17:65 36:140 33:129 18:72 12:44 13:49 40:160 10:40 34:134 25:99 22:86 12:48 22:84 14:56 8:28 36:144 16:64 32:124 22:86 20:78 16:62 19:75 38:152 10:40 37:147 38:152 5:19 7:27 15:59 45:177 31:121 24:96 7:25 19:75 32:124 19:75 35:137 31:123 1:1 45:179 28:112 22:88 8:28 26:102 6:20 27:105 10:36 12:46 9:33 20:80 9:33 10:40 1:3 23:89 40:158 1:3 40:156 38:150 33:131 16:62 32:128 18:68 11:43 5:17 2:4 32:128 28:108 15:59 27:105 44:174 6:22 18:70 15:57 27:107 23:89 23:91 44:174 3:9 30:118 11:41 36:140 35:137 32:126 6:20 35:137 31:121 34:136 34:136 8:30 11:41 16:60 24:96 14:56 27:105 16:64 15:57 21:83 25:99 11:43 26:104 32:126 4:16 29:115 12:44 26:104 14:52 13:49 5:19 14:56 20:78 13:49 35:139 17:65 37:147 19:73 20:76 22:88 24:92 4:16 11:43 19:75 22:86 14:54 20:76 32:124 24:94 16:62 13:51 19:75 11:41 32:126 19:75 6:24 20:76 62:246 26:100 23:91 34:132 17:67 11:43 19:75 11:43 59:235 15:57 38:148 6:20 22:86 50:198 13:51 34:136 11:43 22:84 23:91 14:54 29:113 18:70 34:132 26:102 12:46 35:137 68:272 34:134 18:70 39:155 7:25 19:75 2:8 25:99 3:11 28:108 34:132 33:129 14:56 17:65 8:30 21:83 3:11 27:107 25:97 34:136 20:78 6:20 7:27 30:120 4:14 4:12 27:107 57:227 41:161 27:105 39:153 44:174 17:67 4:12 7:27 20:76 4:12 7:27 33:131 28:108 24:92 38:148 10:40 35:137 11:43 7:27 3:11 30:116 26:104 34:132 23:89 33:131 39:153 30:118 22:84 28:108 19:73 2:8 6:22 4:16 18:70 15:57 40:158 8:28 26:102 28:110 28:108 16:62 21:83 19:75 9:33 23:89 26:100 8:28 40:156 46:182 20:80 9:33 23:91 24:96 9:33 16:62 3:9 21:81 10:38 11:41 31:121 10:36 9:35 28:108 ; 
L -37 -31 -96 11 -12 89 -19 -51 -63 33 62 -23 -25 -39 96 18 81 87 -88 36 45 -24 80 5 -21 -20 -42 -78 39 -73 -49 51 -65 -61 73 91 -76 -81 54 -56 28 1 -98 -19 -76 70 -85 42 -88 60 -7 71 58 73 93 -1 -9 -22 1 -7 -61 -32 -55 -97 57 60 -70 -19 42 -79 100 -21 24 76 56 35 57 66 8 -78 77 -99 85 47 -40 -64 -75 71 -98 50 95 -57 19 40 1 45 -36 61 -72 9 23 -76 -37 -14 85 30 57 53 26 -52 95 18 -34 11 49 -99 -34 -26 -30 58 -33 11 -20 3 -67 -78 56 -83 41 -75 50 -19 33 24 62 54 -7 86 -41 25 54 21 51 -77 36 -72 63 -94 87 26 -94 67 6 62 4 -35 46 -10 -72 26 -58 -60 96 -1 -46 -24 -26 -70 80 7 81 -43 -97 -58 95 57 13 -45 25 37 -94 84 88 -8 -9 38 35 -21 41 38 71 -35 22 -86 -22 -22 5 -20 94 20 79 -62 8 16 31 -96 -23 -12 -59 51 35 81 -66 -69 78 63 -7 -28 -99 -94 -54 -55 -32 43 -38 99 68 -59 -51 8 -39 66 79 46 85 -33 -80 51 6 81 -56 -64 89 72 -85 -23 -96 -28 70 99 -65 -70 79 43 -58 -74 8 84 92 12 -91 -6 81 -78 -68 39 13 26 33 62 -39 30 -24 14 -73 -44 10 -84 84 -60 -65 85 -94 97 54 12 -59 -84 6 -70 57 -41 -80 -57 47 -53 52 8 62 -92 -16 -91 -42 -9 -11 -98 -18 -46 -30 90 -12 93 53 17 61 -47 -55 -58 -46 -2 -40 83 -30 9 -61 -42 2 4 -48 -33 -13 74 -99 19 69 46 -75 6 19 -84 73 23 -40 8 89 23 -55 18 -67 42 -34 20 -94 -78 -7 2 -24 -26 -75 90 12 24 -93 -46 43 100 -48 42 -91 -33 10 -89 -75 24 30 86 98 61 63 2 -70 77 -60 -53 95 -66 -43 -54 48 58 -65 78 -97 6 26 53 78 81 -44 53 -92 -52 -43 -44 90 14 15 -45 57 -9 6 14 -64 -75 46 -13 -28 18 -59 16 -49 25 -25 58 -57 37 -8 20 52 27 99 -3 95 -100 -16 28 -31 88 68 -59 70 -86 -25 -46 47 24 -35 70 84 -49 98 30 -63 29 92 73 58 28 -82 -20 87 -12 -41 -70 -26 -76 78 62 29 81 58 -10 13 39 27 83 71 83 -35 9 7 -39 -88 -94 -74 -59 -88 24 -18 37 -4 -75 99 -24 -37 -67 -22 -68 -84 55 ; 
32 71 80 80 20 47 57 34 44 52 45 40 18 63 79 82 82 75 66 78 49 57 67 81 36 62 51 37 44 16 62 20 45 5 77 92 78 90 28 76 62 84 96 42 6 65 78 56 64 23 86 95 64 47 35 21 30 8 12 52 22 97 67 67 86 68 86 74 33 8 29 38 29 39 89 69 10 65 40 24 25 48 62 84 64 86 65 70 91 17 67 51 56 2 81 46 30 25 66 7 58 81 36 89 63 91 30 9 44 52 3 87 45 67 69 14 8 65 38 47 56 73 50 39 58 15 63 93 77 71 19 82 76 78 22 6 94 10 10 64 1 42 99 95 7 81 88 61 61 45 98 75 11 4 22 72 69 74 69 95 9 70 21 65 39 63 7 67 8 14 28 79 39 47 86 39 30 48 33 53 5 74 65 96 41 4 40 83 85 25 54 98 74 23 15 47 3 47 58 56 52 97 95 9 96 18 47 45 55 69 28 56 95 73 56 61 25 33 30 61 82 74 40 15 3 92 36 80 12 4 24 89 56 47 66 97 30 69 84 55 84 87 75 91 94 14 58 12 68 56 28 55 75 87 55 20 62 48 76 35 1 72 27 25 39 36 55 20 28 77 33 29 78 8 63 99 61 65 100 91 78 41 54 75 64 51 56 59 56 27 83 86 30 3 22 90 43 11 20 42 31 76 79 38 50 45 7 33 26 58 22 33 46 38 90 28 12 73 23 2 44 20 69 24 43 58 87 2 57 80 56 36 100 87 75 16 14 32 45 64 71 52 95 62 25 58 31 30 89 44 22 78 83 92 22 62 73 3 43 35 78 85 16 77 7 66 86 19 82 75 43 80 49 13 12 12 21 93 7 3 87 30 71 95 53 61 44 15 65 55 94 17 59 92 88 72 12 27 77 80 26 28 19 28 52 16 29 27 77 86 8 8 25 17 33 95 72 59 25 73 87 38 46 38 58 67 27 85 49 70 40 6 16 99 51 57 45 32 62 39 84 2 86 6 85 9 54 75 68 76 1 14 31 93 10 62 74 31 22 65 57 42 91 57 52 11 42 95 38 71 83 10 15 90 47 53 61 44 34 1 66 79 41 68 39 31 56 12 96 13 64 43 42 51 23 57 53 99 80 82 66 ; 
L -37 -31 -96 11 -99 85 -7 -80 70 -20 -94 39 27 -53 -93 12 63 -30 -72 -7 2 -24 -26 -75 -78 -73 76 -62 8 -9 81 19 40 1 9 38 71 51 35 -85 -19 -58 95 97 43 44 -94 -78 63 -53 -78 83 89 23 -99 18 -59 -88 24 -43 -99 19 52 27 -85 14 37 6 91 88 14 -24 -37 -67 -22 -68 75 -70 79 84 -19 -6 75 -46 -46 -74 1 -93 -73 -58 53 -92 -52 -43 34 -25 84 59 -78 24 -45 -58 -46 75 -21 -54 -25 41 -86 7 29 92 73 58 1 81 -44 -42 -61 73 48 65 -50 35 -21 41 20 12 24 -93 -69 56 -67 -12 -54 -97 11 -20 96 23 85 -72 -77 37 -8 -79 -9 72 -61 24 46 62 -39 30 -16 28 55 54 94 99 28 7 -61 -32 6 62 4 -35 46 97 55 -67 -3 40 -26 -65 -94 33 -58 30 -51 -92 -16 42 -80 -57 -80 -22 24 62 76 -23 -45 6 53 -5 -33 19 -35 22 -86 24 68 -59 33 -12 -41 -70 -26 -76 8 -70 64 -14 -91 -81 54 -90 30 46 -77 78 -8 8 -38 26 -12 60 -13 -84 -92 43 -58 18 90 -26 37 -91 21 -5 -80 56 -8 40 12 23 33 48 -60 39 -7 -12 -96 39 25 23 -62 -33 63 51 57 13 26 88 -87 -35 -86 -30 -24 -47 -55 -36 -58 -46 -2 -40 83 -99 1 -7 81 -1 -28 56 -54 81 39 -89 -89 -75 -61 -17 83 71 94 41 -57 70 98 13 94 -26 -60 82 -28 -33 -22 13 96 26 -52 95 87 -20 -42 -78 39 -73 -49 -62 -48 54 43 65 60 -84 -73 -28 -38 99 45 -36 -26 72 10 57 -20 -44 23 -70 99 -3 95 8 -32 43 18 -59 16 -49 25 -25 58 -57 70 -2 -63 -61 24 33 58 -65 78 -6 -34 -47 76 56 30 62 29 81 58 -10 -85 -46 -79 -66 -66 -57 -81 -18 -90 84 -10 -50 98 -71 75 20 -64 84 9 -61 -42 2 -11 -10 20 83 -35 -70 28 -64 59 -87 -18 55 -11 18 37 91 -9 4 13 -6 -51 -77 36 -98 49 -57 -30 -19 42 -79 100 -21 31 68 78 49 -99 97 -51 84 19 98 -66 -69 78 63 -74 -42 -45 57 -9 6 -76 -22 -81 47 -94 -67 -15 -14 89 66 -95 53 53 -51 41 -75 9 88 68 -59 70 -86 -25 -46 47 24 -35 70 -98 100 -52 34 39 -85 42 -88 60 -7 71 -4 -100 74 94 88 95 -57 96 -31 -16 8 -84 55 ; 
13:51 29:113 32:128 32:128 18:68 25:99 33:129 6:22 4:12 16:62 23:89 46:180 19:75 9:33 19:73 14:52 54:212 13:49 18:68 12:46 25:99 30:116 2:4 18:68 24:94 20:80 15:59 62:244 38:152 12:44 3:11 22:84 1:3 33:129 12:44 3:11 22:86 12:46 12:44 31:123 21:81 14:56 35:137 23:91 16:62 23:89 23:91 37:147 33:129 26:100 22:88 25:97 40:156 24:92 15:57 18:68 40:156 23:89 5:19 10:36 38:152 35:139 25:99 28:112 36:142 26:100 36:142 22:86 29:115 15:59 5:17 18:70 10:36 23:91 22:84 40:158 22:88 26:100 30:120 32:128 26:102 18:72 13:51 6:22 22:88 5:19 19:73 9:33 14:56 19:75 27:107 11:41 12:44 8:30 11:43 26:104 10:36 24:94 22:84 39:155 23:91 6:22 35:137 14:52 26:100 17:67 1:1 26:102 4:16 4:16 17:67 4:16 25:99 30:118 16:60 11:43 31:123 28:108 19:75 31:123 40:156 26:102 9:33 13:51 34:132 34:136 25:99 23:89 34:136 7:25 16:60 13:51 36:142 8:28 21:81 26:102 24:96 20:80 19:75 24:92 6:22 38:150 10:40 16:62 11:43 20:76 18:68 3:11 27:105 6:20 26:100 42:168 14:52 12:46 19:75 23:91 11:41 30:118 33:131 25:97 12:48 14:52 10:40 39:155 10:40 2:6 9:35 29:115 28:110 46:184 27:107 22:84 25:99 8:32 36:140 9:33 5:17 36:140 23:89 19:75 25:99 13:49 13:49 21:83 6:22 2:4 8:30 32:124 25:97 9:35 4:14 33:129 12:46 27:105 13:49 32:124 8:32 31:121 15:57 30:118 10:36 5:17 28:112 32:128 11:43 52:208 37:145 23:91 21:83 5:17 12:46 40:158 48:190 10:40 26:100 3:11 3:9 14:54 24:92 11:41 16:62 10:40 10:38 4:12 30:120 8:32 7:27 24:92 32:126 14:56 2:8 48:190 22:88 10:40 19:75 33:131 19:75 38:148 6:24 15:57 33:129 14:52 8:32 25:99 44:172 18:72 12:44 32:128 36:140 12:44 32:126 44:172 14:54 32:126 26:100 8:28 16:64 18:72 21:83 18:70 12:44 12:48 46:182 15:57 27:105 18:68 20:80 5:19 5:19 11:43 5:19 34:132 24:92 10:36 1:3 18:70 8:32 20:78 33:131 21:83 17:67 65:257 34:134 25:99 31:121 12:44 44:176 17:65 30:116 20:78 6:22 36:144 28:112 25:97 37:145 36:140 35:137 34:132 3:11 14:56 36:140 40:156 5:19 38:148 9:35 2:6 8:32 6:20 8:30 10:36 21:83 2:4 19:75 14:54 21:81 15:59 18:70 7:25 25:99 13:49 7:25 26:104 6:24 8:30 32:124 37:145 18:68 29:115 0:0 37:147 17:67 12:48 15:59 38:152 28:110 18:72 16:64 48:190 33:131 62:248 33:129 3:9 7:25 36:142 31:123 6:24 25:99 10:40 30:116 35:139 16:60 19:73 16:60 24:92 24:92 35:139 2:4 3:11 35:139 29:115 33:129 38:150 7:27 36:144 28:112 17:65 3:9 36:142 23:89 37:145 16:60 29:113 34:132 4:16 14:52 27:105 19:75 23:89 18:68 26:104 17:67 33:131 23:91 32:126 26:104 18:70 7:27 37:145 28:112 20:76 47:187 10:38 30:118 18:68 24:92 35:139 17:67 42:168 11:41 8:32 14:54 4:16 28:108 28:112 25:97 3:9 14:54 12:48 22:88 19:73 14:52 5:19 25:99 4:16 48:192 21:83 34:134 24:92 3:11 21:83 1:1 4:12 12:48 14:56 14:52 4:12 12:46 16:60 13:49 18:68 16:62 19:75 6:22 12:48 24:96 38:150 7:25 17:67 12:48 30:116 23:89 25:97 16:64 38:152 19:73 31:123 35:137 4:12 10:36 5:17 34:132 10:40 36:140 47:185 10:40 12:46 22:86 29:115 25:97 22:84 50:196 23:89 14:52 29:113 11:41 9:33 25:99 16:62 34:134 1:3 35:137 3:9 34:136 4:14 22:86 30:120 27:105 14:54 9:33 28:108 27:107 2:4 23:89 26:102 10:36 35:137 38:152 25:99 23:91 29:115 16:62 28:108 18:70 21:81 23:89 8:28 39:153 9:35 21:83 33:131 27:105 ; 
L 37 -94 -16 -5 43 -78 -78 -88 47 -8 35 -94 89 77 84 -17 54 -45 -58 90 -12 -85 -4 33 -17 29 85 -43 -69 -85 -62 54 78 -13 81 90 -6 -2 31 -26 -69 -54 -22 80 -7 10 -57 63 -97 -97 99 -81 88 93 86 74 44 -34 -91 76 -41 -21 -26 -91 74 -49 69 85 -85 -14 -33 -64 94 -34 -86 -77 -86 -79 53 38 79 88 94 -35 -12 70 99 35 31 -74 -16 -14 85 23 -97 55 56 34 89 -13 45 -72 29 -68 77 -18 19 45 -15 -73 -42 66 -64 -94 44 -27 -5 -30 -18 84 -98 -28 -87 64 -11 -23 86 23 76 33 -75 41 -62 -30 -56 68 80 -95 -41 98 16 -5 -53 -73 59 -80 26 -28 73 74 96 92 -69 -29 76 -10 -73 -56 77 -82 90 -94 92 -73 34 -97 -36 48 -97 -31 17 -63 88 81 -41 -32 -11 -18 -78 23 -6 14 71 80 38 80 -29 50 -56 51 43 -79 -56 -74 4 -86 22 63 -82 43 32 -43 14 70 70 -32 100 -50 -76 40 -96 -50 -99 -8 -7 8 46 18 55 46 47 -83 -97 78 -40 72 -74 45 5 -48 -36 29 63 -56 -82 68 78 -88 -71 -33 68 -75 20 15 -32 48 -95 39 28 -10 -3 -17 77 47 -27 29 -77 2 -69 48 36 88 -23 81 -38 54 -71 69 -20 -47 98 -59 -21 -89 6 -54 -16 26 -65 76 8 48 -69 -74 -15 29 48 88 -7 -43 -80 61 87 96 56 30 86 -20 51 -15 20 -94 -96 -89 -65 23 -77 -21 45 35 93 11 46 26 -11 -7 37 17 -55 58 -9 18 6 -12 88 38 69 -24 79 -75 76 -81 7 -66 80 -81 -43 -63 35 -18 -64 3 80 26 -6 -7 68 62 -36 30 -62 75 -56 -97 -85 79 -46 -76 28 21 -81 53 47 -81 67 88 -32 4 -10 56 -6 32 74 85 -39 28 88 66 -83 -17 83 -97 -33 38 -99 -55 -16 69 29 15 79 40 -4 60 -65 -1 -39 61 -20 15 98 -92 -32 30 -62 -73 99 50 64 -51 63 -86 52 -53 -83 -76 99 50 85 -35 80 82 86 57 81 49 -4 41 84 42 -42 41 -34 43 66 -24 73 86 66 -74 -41 -20 5 -38 -5 -73 -22 48 42 77 78 23 93 9 2 67 -41 83 17 86 -7 -26 96 -46 63 57 -10 27 86 33 -9 -77 91 10 61 79 92 59 -9 60 -16 25 4 72 -70 98 -85 -4 -77 -93 -96 -93 18 -32 -4 -30 76 54 21 -100 ; 
52 80 50 53 76 41 38 80 83 91 75 55 56 64 73 18 51 85 72 96 79 72 8 92 36 80 3 13 66 83 24 27 22 54 83 13 24 14 87 55 38 61 97 13 55 46 79 30 84 68 26 9 4 90 95 46 77 82 65 96 75 68 4 34 18 14 28 31 28 19 94 21 82 23 43 94 35 4 10 66 16 88 75 22 98 52 68 39 58 44 89 56 63 18 31 8 81 36 14 68 40 34 28 78 62 25 18 7 98 84 76 3 76 66 78 51 15 61 51 15 38 69 15 41 70 84 19 82 100 43 8 45 26 1 10 68 40 2 11 58 49 96 19 66 94 15 8 8 63 12 65 26 76 39 48 62 46 20 13 21 84 83 75 1 77 34 26 93 28 16 45 80 17 6 72 90 35 4 10 47 89 65 10 86 93 65 59 87 81 45 4 87 98 75 71 50 17 55 49 30 6 50 38 34 55 23 93 2 3 69 49 80 75 65 69 11 86 91 39 9 67 90 11 11 81 27 45 92 23 76 73 1 60 30 3 59 23 97 38 3 39 61 81 70 94 97 16 68 51 63 27 30 75 35 4 74 48 89 88 50 5 45 88 60 91 98 3 61 96 53 31 15 72 5 100 13 92 58 97 99 42 90 72 96 45 62 59 91 9 60 66 77 95 10 40 23 59 98 66 88 92 84 69 65 50 88 99 78 24 83 77 55 70 9 47 85 10 16 8 6 11 67 17 36 20 59 6 60 54 1 9 14 48 46 69 66 43 5 79 2 42 46 91 36 46 58 18 41 13 3 83 81 48 88 6 96 48 8 18 42 70 27 45 24 15 23 89 38 18 51 59 34 27 47 79 76 67 72 63 56 47 12 95 90 70 25 80 30 66 16 37 56 89 59 90 98 51 66 51 44 100 92 38 54 20 70 33 64 58 94 99 44 68 91 82 28 30 73 5 77 29 93 11 42 85 65 59 54 63 24 94 17 92 36 55 40 11 13 16 52 60 5 33 40 6 60 26 36 69 94 41 52 8 63 53 64 83 68 62 30 47 40 43 62 26 30 77 67 30 20 96 25 58 86 96 75 32 54 66 48 86 47 96 31 58 23 6 6 20 7 62 84 80 52 11 31 64 1 14 28 52 ; 
L -76 -97 32 -15 -20 98 16 43 66 48 -5 -45 63 57 -10 27 48 -69 -81 73 66 -6 -85 -50 -67 -2 -9 82 4 -79 24 -56 77 -46 74 33 -9 -96 56 30 62 -30 49 -74 91 26 7 -85 -4 33 -17 -79 -56 -74 4 -86 -54 56 -93 -96 -93 -28 39 50 -94 92 -73 34 -35 -26 -33 -76 -15 -73 -42 -4 43 7 36 97 70 -32 100 -50 -86 -17 -83 41 -6 32 74 85 -99 -89 94 -35 28 -26 -43 82 -4 -7 85 -65 76 -86 68 78 -88 -69 77 81 92 93 8 -72 47 -83 -97 7 -66 80 62 -3 -79 -61 -75 41 95 -32 -56 64 20 18 -81 -57 -86 -26 -69 -54 43 -80 -68 -20 15 88 32 41 33 44 -41 -20 -24 73 -16 69 29 85 69 -15 81 -35 78 -33 -48 -40 83 -77 -21 45 -27 29 81 -47 88 34 -56 -30 89 -13 45 78 78 -94 -96 85 -98 70 -72 -75 69 -62 88 -72 91 10 38 -81 -40 54 -71 69 -20 -29 -1 -88 18 -32 66 -73 -22 48 42 77 -17 68 82 -77 -50 -99 74 22 63 94 -47 78 -13 81 90 -6 -25 -7 37 17 -55 58 -9 -86 -4 -41 30 -62 75 -56 -97 67 88 -32 -68 7 6 -26 84 -98 -28 -87 86 34 -94 64 -95 39 28 -10 -85 79 -46 -8 73 74 96 92 73 -74 -62 -64 35 93 -54 -34 -91 -7 -26 -48 -29 15 32 11 36 -77 14 70 31 -74 -16 -98 47 82 56 -63 -29 36 -43 -11 -69 -29 -90 93 86 74 -80 14 71 47 -86 35 -94 -88 -79 -38 -53 79 -12 66 -83 78 23 -14 18 -76 30 46 26 -11 16 79 -22 4 68 52 -53 -83 -76 97 97 -63 -76 28 -23 -85 14 -59 -21 -89 6 -54 -16 88 29 -80 86 -63 51 51 5 38 -5 85 -64 3 80 18 30 5 27 -77 17 55 46 -38 -80 80 -44 -59 73 53 77 84 -17 41 84 -57 77 64 -11 -23 -88 -15 20 -75 -76 40 -96 76 -10 -86 55 99 -38 -18 -2 31 34 -41 42 -63 42 -17 31 99 -29 -43 -51 4 65 -60 -60 9 92 59 -18 -46 -8 21 41 -76 -77 -21 85 -5 -71 -33 -89 -65 23 -10 56 -99 -81 53 2 -54 -99 -50 48 -97 -70 -39 61 -98 -10 -43 48 36 88 -23 -78 81 37 -94 -16 23 -6 -12 -38 -86 -8 23 -45 -80 35 49 -55 97 -69 -18 19 12 -90 58 -63 -5 -80 61 87 45 -96 43 21 -100 ; 
15:59 7:25 44:176 38:150 28:112 24:92 20:78 10:40 22:88 30:118 31:121 10:36 18:72 12:48 31:123 27:107 20:76 29:115 32:128 10:40 7:27 6:22 10:38 2:8 47:185 26:102 22:84 24:94 10:38 2:6 22:86 25:99 24:96 10:40 30:116 23:91 39:153 25:99 15:59 4:16 25:99 8:32 32:126 6:22 8:28 14:54 5:19 28:108 4:12 37:147 15:57 22:88 40:156 30:120 29:113 20:80 22:88 19:75 5:17 25:99 34:134 34:132 31:121 35:137 20:78 30:120 1:1 31:123 18:72 9:35 34:132 18:68 42:168 34:134 31:121 5:19 21:83 24:96 4:12 11:41 31:121 10:36 38:148 1:3 10:40 12:48 25:99 28:108 34:136 14:54 11:43 19:75 28:108 14:56 23:89 22:88 18:72 4:12 3:11 12:48 28:108 28:108 8:28 18:68 40:158 13:51 6:24 10:36 39:155 18:72 9:33 18:68 2:6 2:8 17:65 7:27 6:22 36:144 5:17 9:35 19:73 28:110 17:65 10:40 9:35 30:120 17:67 33:129 5:17 10:40 11:43 5:17 40:158 46:182 18:68 34:136 17:67 44:174 16:60 25:97 17:65 11:43 16:64 2:8 18:70 12:46 14:52 36:144 27:105 21:81 11:43 2:8 5:17 5:17 16:62 12:48 27:105 9:33 34:132 16:60 6:20 18:72 34:136 14:54 10:40 70:276 36:144 33:129 32:124 10:38 10:36 30:118 6:20 10:38 8:28 14:54 4:16 35:139 11:43 28:108 16:64 10:38 16:60 16:64 28:110 28:108 3:9 10:36 24:92 12:44 13:51 40:158 18:70 36:144 24:92 35:137 16:64 37:145 50:200 68:268 2:4 25:97 39:153 20:76 26:104 41:161 26:102 21:83 1:3 28:110 11:41 15:57 28:110 38:150 18:70 13:51 25:97 9:33 24:96 26:102 16:62 27:105 22:88 3:9 8:30 37:145 22:86 34:132 6:20 10:38 27:105 29:113 4:16 7:25 4:12 3:9 5:17 21:81 9:35 24:96 9:35 34:132 33:129 20:76 36:140 1:1 10:36 36:142 6:20 8:28 24:92 19:73 9:35 16:60 28:110 6:24 31:123 18:68 10:36 33:131 5:19 28:108 21:81 26:100 5:17 39:153 20:76 19:73 38:148 5:19 26:104 11:41 32:128 20:80 23:91 10:36 45:177 31:123 20:76 14:54 26:104 22:88 29:115 16:64 24:94 25:99 5:19 10:40 5:17 3:11 18:72 14:54 11:41 18:70 36:142 14:52 13:49 59:235 2:4 12:48 24:96 1:1 26:102 17:67 8:28 16:62 51:201 16:64 38:152 19:73 21:81 14:56 4:16 36:142 17:65 3:11 9:35 30:120 36:140 7:25 27:105 4:16 38:152 12:48 26:100 22:84 21:83 44:174 28:112 1:3 26:102 34:134 4:14 19:75 25:97 10:40 37:147 14:54 3:9 42:166 37:145 33:131 12:44 13:49 28:108 34:134 17:65 8:28 18:70 8:28 26:100 16:60 29:115 2:8 40:160 6:20 37:147 44:174 72:288 24:94 26:100 18:70 40:158 25:97 35:137 3:9 16:64 16:64 13:49 19:73 37:145 12:46 21:81 25:97 6:24 12:46 30:120 21:81 4:14 21:81 38:148 12:44 38:152 17:65 38:150 27:105 21:81 30:116 8:28 18:70 26:100 20:76 15:57 24:92 28:112 34:134 29:115 34:136 37:147 8:32 11:41 28:110 20:78 15:57 25:99 18:72 22:86 10:40 28:112 22:84 20:80 35:139 17:67 37:147 7:27 33:131 29:115 37:147 18:72 19:75 17:67 45:179 2:6 24:94 22:86 36:144 37:147 20:76 26:104 22:86 12:46 37:145 35:137 2:4 28:108 30:120 34:132 30:118 8:28 13:49 22:88 2:4 15:57 20:80 36:140 9:35 21:81 6:22 27:107 11:43 10:40 10:36 9:33 13:49 1:1 12:44 15:59 18:70 27:105 29:115 29:113 17:65 25:97 2:8 18:72 36:140 7:25 15:59 12:46 32:128 20:80 22:86 36:142 20:80 39:153 20:80 29:115 37:147 38:148 34:134 12:46 37:147 35:139 4:12 17:67 4:16 8:28 21:83 32:126 39:153 2:8 16:64 26:104 31:123 38:152 30:116 3:11 4:14 18:72 12:44 21:83 ; 
L -25 44 -36 67 87 -9 -35 61 -14 -78 98 -99 19 -33 -66 -84 -100 90 90 -55 6 -49 35 -13 18 -47 -99 84 -52 32 -66 -6 94 40 -38 45 -85 -77 70 100 8 73 100 -96 -42 90 8 32 99 8 98 79 4 -96 -46 14 -1 88 76 -35 -76 12 -70 -98 -47 49 -52 87 -2 -91 -48 -20 -70 14 -73 96 -43 -4 42 -91 49 55 72 78 30 58 12 64 -83 -61 -65 93 -68 -37 53 7 -62 10 -79 85 -8 15 47 16 38 -19 -16 41 5 37 -100 -85 -99 36 -36 31 24 29 60 -67 17 97 89 6 -95 -15 29 -3 51 -16 59 23 -5 54 -46 74 -81 40 -31 -52 49 -46 -84 -62 -78 35 -4 54 -36 -98 6 -6 39 61 33 64 -82 99 88 -80 -69 31 53 -9 50 -53 -62 63 -99 35 28 19 26 -77 -100 -100 95 -90 -86 12 -49 -72 68 -100 -81 89 66 8 -17 -82 59 34 80 20 32 -20 13 54 41 -69 17 16 41 -14 73 44 10 83 -49 -10 18 75 80 75 55 -70 -76 -26 18 86 53 21 -2 75 19 -14 98 4 36 -49 -59 65 60 46 -53 21 -86 -5 91 33 62 -83 -73 63 -40 -96 -92 20 -99 -32 50 81 51 10 41 68 -15 -65 -4 -70 1 28 76 74 -72 -21 11 -19 72 10 26 -28 15 80 35 9 -13 -86 -13 -29 -37 -29 -34 74 60 -90 66 -46 55 29 -61 -52 -22 -61 -72 -44 -61 -4 -37 92 61 89 -41 27 31 -91 30 3 -53 35 49 -64 -92 19 -56 -81 7 -68 -5 -6 67 15 -95 -94 29 -95 -61 47 -22 -15 -25 43 -7 -63 -30 -41 -62 -64 -15 -34 3 -52 8 -91 14 40 83 85 -78 -98 45 13 -46 -50 -9 57 -7 89 61 35 65 -50 -40 -89 -18 29 -97 -46 21 65 -64 -39 -49 -27 56 -28 -10 -86 86 74 -58 -60 -92 -29 35 51 -66 -30 59 -55 -21 11 70 50 -76 -6 -5 -32 28 58 -37 46 59 -30 1 -37 87 44 -48 45 -49 -29 -3 -4 75 -9 -92 -66 -19 -7 -60 -31 -55 -49 -79 36 -57 -51 19 -34 -17 -22 -56 98 13 -50 -14 6 79 -41 35 13 -59 -49 62 56 23 -77 -25 18 -39 68 -36 89 8 7 -56 -45 -7 32 -55 40 79 89 7 89 81 -48 26 13 -28 81 -26 -14 -60 92 -19 89 -89 -100 -60 51 -72 -8 -85 34 -4 -29 -32 -71 56 -48 -20 -78 -36 82 65 79 10 -13 ; 
99 2 23 85 12 50 56 89 60 19 14 27 42 66 74 85 43 7 66 86 43 54 71 10 60 8 71 49 26 97 35 29 60 3 52 73 83 83 98 83 56 53 32 90 68 45 97 2 57 90 2 84 52 95 49 83 79 70 20 10 15 31 10 32 76 57 15 32 83 75 94 47 58 59 7 35 75 11 27 21 14 43 34 10 70 72 100 75 82 57 73 39 11 56 5 52 70 70 49 22 1 61 66 20 18 78 58 50 49 75 10 77 61 55 94 4 34 74 19 18 91 6 70 15 28 49 67 37 72 79 9 12 39 81 25 4 61 59 20 79 7 83 24 60 90 29 10 50 44 39 79 64 54 61 80 35 89 36 97 22 15 24 85 50 8 54 22 61 33 39 42 25 55 74 60 73 2 54 31 74 80 54 15 91 42 94 43 35 69 6 30 28 68 41 58 42 43 64 81 73 10 38 88 88 58 51 51 33 28 74 79 47 53 14 85 40 82 84 34 55 66 23 24 49 84 93 46 70 20 84 69 89 15 65 11 16 1 59 93 41 49 35 29 69 71 57 87 82 17 100 79 98 58 71 17 77 65 39 53 83 30 65 28 66 50 34 59 40 39 73 63 48 92 34 16 27 52 1 14 26 7 65 38 52 79 100 89 36 19 99 30 76 12 40 28 9 27 34 50 84 64 18 13 64 18 5 37 50 38 44 72 71 44 17 92 20 99 63 79 28 52 84 54 88 32 54 24 45 76 81 89 15 86 41 91 27 28 24 69 40 43 24 10 48 53 11 65 49 38 32 95 54 48 24 49 61 38 12 43 91 47 46 29 15 84 83 38 91 33 17 79 91 97 15 16 62 6 21 81 37 45 55 13 17 13 10 31 9 92 66 52 35 73 47 56 27 72 58 4 96 58 34 2 44 44 40 86 40 83 39 10 40 80 24 63 32 56 68 1 21 15 21 28 85 75 71 61 91 20 47 27 14 85 93 86 4 66 42 68 8 97 19 21 83 50 4 85 98 94 100 56 57 56 78 93 2 1 18 17 33 49 87 58 35 96 28 79 92 70 83 79 56 4 11 47 23 37 85 53 20 92 74 32 84 12 78 1 100 82 62 29 15 24 49 84 6 4 30 10 30 4 ; 
L 52 36 -54 4 -35 78 77 -23 -56 -81 7 40 79 89 7 -49 -35 -30 78 30 58 86 10 51 98 87 28 -26 -10 -68 82 17 -8 -66 -89 -79 36 -57 -51 19 -34 -17 41 -79 -6 89 -56 -62 13 86 13 -9 -66 -48 61 73 33 -19 14 50 -13 68 73 -51 73 -14 70 60 29 49 59 -95 83 -66 -100 -81 -40 -96 -92 20 -99 -82 36 -20 55 -32 7 45 56 95 -90 74 -72 -21 11 -2 -91 66 49 69 50 81 28 -35 53 -3 -30 91 -31 -27 41 -10 18 90 -100 10 -79 20 -32 -20 -59 -92 26 98 70 -12 76 35 -76 -80 -72 100 -37 -5 49 -64 -37 -29 19 -92 -89 50 46 -13 19 66 -19 -62 20 48 -12 86 -77 -29 -32 -71 -78 -70 -76 -25 18 -39 51 -54 5 -8 52 -3 34 89 99 59 -55 -21 84 46 6 -9 42 -69 17 16 41 -53 52 28 76 -59 -91 14 40 -87 -67 36 -44 25 -72 6 -6 13 54 41 10 41 -45 82 -64 -33 -61 -39 4 -30 1 -37 87 44 -48 -3 -59 85 52 61 -29 90 8 32 -65 57 -7 4 36 -83 -36 -4 65 60 49 55 -16 -63 73 83 -62 55 98 -49 47 62 11 70 50 -76 -6 -5 -32 28 58 -7 -63 -78 -72 19 -29 15 -17 67 -100 -100 -7 -15 -81 28 -9 99 88 -34 -60 -92 -29 35 51 -29 -24 -31 65 61 97 89 6 -46 21 65 6 -47 61 95 53 53 -9 50 -53 -28 -35 99 -63 -35 -80 -5 -8 -89 36 -8 -100 -70 77 85 -45 38 -40 -94 6 31 -46 31 60 7 68 -15 -65 -4 -70 1 -62 -60 -98 56 22 -56 100 -96 -42 -55 -15 49 -88 49 -33 -38 -47 58 -74 55 -19 -16 12 64 85 8 89 81 -48 26 13 -22 -15 -25 1 -14 46 96 -4 -85 -99 -16 -23 -26 -80 -34 32 -72 61 22 83 -49 13 -19 34 -4 93 -68 -37 53 7 -49 -27 68 -84 -56 72 -96 -10 -89 -18 29 -97 86 75 55 67 -86 -18 29 49 -45 -60 -74 -15 8 -85 75 -49 35 -13 18 -47 -98 -8 78 -9 -35 61 -14 -91 5 86 -21 -29 94 95 59 60 39 64 -98 -14 31 -40 91 99 79 -74 46 81 -44 -61 -4 -37 92 61 89 -80 41 -100 90 90 -37 46 -75 66 62 41 43 -32 52 -84 43 -36 3 -99 -50 -40 64 26 65 79 -44 46 -30 14 21 -2 75 19 -14 98 -92 -35 15 10 -13 ; 
30:120 16:60 18:70 20:80 4:16 12:46 24:96 40:156 34:136 2:4 40:158 8:28 24:92 14:56 39:153 25:99 38:148 6:24 12:44 28:112 29:115 43:169 9:33 26:102 11:43 17:65 22:88 20:76 26:100 25:97 36:144 3:9 28:110 14:56 18:68 41:163 29:113 25:97 37:145 8:32 19:75 11:43 40:156 4:12 28:108 4:16 15:59 9:33 21:81 6:22 1:1 21:83 24:96 6:24 13:51 32:128 17:67 27:105 13:49 27:105 2:6 6:24 24:96 5:19 11:43 3:11 24:94 16:60 5:19 10:40 34:132 27:107 22:88 30:120 29:115 17:67 25:99 23:91 35:139 33:131 7:27 30:116 3:9 16:64 48:188 20:78 14:52 7:27 8:28 1:3 22:86 16:64 20:80 14:54 24:94 41:163 30:120 16:64 10:38 18:68 11:41 40:156 0:0 45:179 18:70 16:60 20:80 15:59 2:8 8:28 26:102 54:212 32:126 31:121 18:68 35:137 20:78 19:73 17:67 24:92 2:4 49:195 6:20 18:72 13:51 4:16 13:49 6:24 4:16 5:19 15:59 30:116 4:16 30:120 22:86 29:113 16:60 26:104 36:144 15:59 18:70 16:60 10:38 20:76 16:62 1:1 36:142 11:41 5:17 19:75 48:188 30:118 29:113 24:92 33:131 25:99 11:43 20:78 33:131 38:152 40:160 23:89 20:76 10:40 33:129 16:64 4:16 10:38 18:68 11:41 29:113 26:100 27:105 21:83 31:121 10:38 27:107 10:38 12:44 14:56 4:16 16:60 36:140 16:62 28:110 52:206 12:44 22:86 12:48 22:84 5:17 21:83 5:19 34:136 10:36 1:3 22:84 22:84 26:102 1:3 26:102 33:129 33:129 7:27 14:56 14:56 36:142 14:56 32:128 25:97 5:17 7:27 18:70 16:64 35:137 16:64 34:132 38:150 21:81 27:107 6:22 31:121 12:48 39:155 39:155 1:3 27:105 4:16 16:60 10:36 8:32 24:94 22:86 5:17 9:35 6:24 7:25 34:136 24:96 16:64 28:110 12:46 14:56 21:83 24:96 7:25 23:91 58:230 8:30 30:116 19:75 23:89 11:43 29:115 24:92 2:6 39:153 42:164 17:65 9:33 36:140 16:62 1:3 27:107 20:80 37:145 14:56 30:116 1:1 10:40 32:128 23:89 10:40 36:144 39:155 13:51 31:123 6:20 7:27 6:20 4:16 10:36 30:118 14:54 12:44 30:116 3:11 28:112 6:24 29:113 14:52 7:27 26:104 10:36 18:72 10:38 9:33 22:86 20:80 4:12 22:86 9:33 17:67 16:62 14:52 26:102 7:25 12:44 14:54 38:148 32:124 20:78 23:89 34:132 40:156 34:132 34:132 30:116 21:83 2:4 24:96 11:41 17:67 13:49 9:33 6:24 32:124 26:104 16:62 22:84 34:132 12:48 13:49 31:121 62:246 38:148 34:136 3:11 38:150 36:144 28:108 19:75 17:67 31:121 32:128 16:62 16:64 15:59 24:96 8:32 18:72 4:16 19:73 24:92 16:64 30:120 32:126 5:19 10:40 32:126 37:147 28:112 34:132 56:222 33:129 36:142 26:102 32:126 34:132 20:78 38:152 10:38 25:97 19:75 11:41 8:28 15:59 28:108 29:115 6:22 14:56 16:64 13:49 16:60 4:12 21:81 21:81 1:1 30:120 5:17 23:89 2:8 21:83 48:190 6:24 1:1 42:166 23:89 12:48 30:118 16:64 8:28 34:134 34:132 16:60 35:137 12:44 34:136 33:131 5:19 22:88 22:88 16:64 4:16 36:140 32:126 31:121 25:97 1:1 50:196 25:99 29:113 4:16 24:96 4:12 25:97 1:3 9:33 28:112 23:89 36:142 24:96 36:140 38:148 24:94 1:1 20:78 13:51 36:140 12:46 19:73 14:54 37:145 3:11 37:145 18:72 8:32 24:94 16:62 38:150 25:99 2:6 17:65 16:64 11:43 14:54 20:80 34:134 26:102 8:28 12:46 6:24 2:6 3:11 27:105 31:121 14:54 18:68 24:96 13:51 12:44 1:1 27:105 39:155 11:41 6:20 21:81 38:148 48:188 15:59 12:46 2:8 1:1 2:8 12:48 15:57 25:99 17:65 14:52 29:115 10:38 20:78 34:134 38:148 19:73 28:112 16:60 33:129 35:137 12:48 2:6 ; 
L -3 -94 99 89 4 47 -37 55 -32 -28 69 80 -51 2 -3 51 7 26 93 28 -37 -91 96 -90 58 99 -12 2 -57 73 -44 62 92 99 -89 35 -43 14 80 11 8 33 -32 87 75 45 -25 87 -49 -88 -61 9 -60 6 2 -41 81 48 -60 92 -67 -18 75 45 26 96 -51 24 74 82 -97 37 47 -15 60 61 -88 -96 -70 72 31 -35 8 81 -37 35 14 -68 60 -36 11 -89 69 -70 34 -69 96 -52 -26 87 -60 56 -30 -28 -86 32 -33 21 54 -72 18 -25 15 76 -10 21 23 51 -59 46 -69 89 18 -51 7 76 -44 35 70 -26 -42 -57 74 1 8 -57 70 11 -83 -43 -82 -95 71 -9 -55 -62 39 -55 -43 -37 -37 12 32 -52 -53 59 -62 -56 -38 76 -39 -9 -47 98 7 -41 -89 36 92 -53 69 1 34 89 -88 47 -32 62 84 -48 -15 -32 52 -27 -26 49 -58 17 2 -32 68 57 82 -33 -98 -15 -97 -26 -11 61 -12 49 -41 24 23 -5 88 47 -84 -3 55 -60 43 -69 -97 28 -31 48 -58 -17 99 -80 11 21 14 -68 -69 30 -89 32 98 -56 -10 -68 47 -61 -12 -40 92 -34 51 -24 -94 51 -3 -91 55 -40 -70 -45 63 -73 63 -35 62 52 -46 -10 2 90 -28 -10 72 21 16 38 93 100 100 -53 -49 44 43 -36 -52 8 -16 72 76 43 91 87 74 10 77 -79 -16 -18 75 14 -19 -43 -80 49 -98 -17 9 -98 -26 6 83 -58 -80 37 77 -17 36 71 4 86 87 6 -54 -74 -54 -48 -70 99 -69 15 58 -99 -7 -68 -25 -97 9 57 25 -75 -85 31 -90 22 -25 -4 -17 -56 60 -96 -40 39 -39 -63 88 -12 -43 3 -16 21 -84 -64 -15 38 29 87 -23 -98 34 -77 -66 56 -86 21 41 21 27 82 66 -2 -14 -38 6 27 56 -17 69 -11 51 -2 65 77 -46 16 50 87 -62 32 6 17 72 -25 -8 -36 92 2 53 4 -60 -62 -53 13 -33 -54 95 2 -19 -50 -14 -94 -74 -76 -54 21 10 -97 -9 -60 60 22 9 7 49 -66 -47 8 51 78 99 90 50 67 -54 -95 76 -54 -68 35 80 -89 -58 -75 75 -14 37 9 61 4 55 -23 28 82 -24 -77 -50 -37 -29 -4 54 33 -36 -79 -13 -45 -31 5 -23 36 27 -30 -20 26 -73 -61 59 -19 86 21 -61 41 31 -90 -44 -74 -15 19 -9 98 21 -43 96 -61 -33 -17 -53 -63 53 -19 -97 -57 ; 
6 90 54 32 26 20 35 90 43 24 4 8 39 39 54 11 61 65 58 23 39 44 94 55 63 31 72 91 47 16 69 45 54 69 87 49 14 54 62 52 7 70 68 55 91 45 39 20 59 56 99 54 13 72 45 22 6 85 19 52 78 64 53 62 72 1 98 26 32 80 12 44 16 44 78 14 15 59 8 2 79 97 76 42 28 18 38 29 84 35 62 10 54 31 21 31 38 25 63 73 50 18 43 60 55 62 97 67 2 90 22 18 49 59 55 46 79 27 14 32 62 7 68 86 35 13 7 26 12 94 18 75 4 60 38 91 85 52 74 1 59 86 65 88 62 80 69 82 8 14 45 37 55 23 47 41 94 28 61 63 56 69 97 27 65 88 47 95 9 9 9 59 52 16 77 85 22 37 96 76 12 58 4 28 74 67 26 13 31 4 29 18 48 85 98 21 47 12 77 61 39 88 12 90 53 39 32 68 14 23 84 16 14 96 43 72 36 22 11 75 75 50 11 41 41 96 64 53 99 97 100 1 26 65 32 77 22 2 1 71 24 23 30 84 28 55 86 31 12 18 1 71 41 59 36 61 52 84 61 96 96 27 96 12 86 82 89 14 24 55 95 24 88 82 46 72 2 7 9 25 51 2 98 16 58 54 12 15 27 39 53 48 44 73 62 90 5 3 81 32 77 51 52 67 91 4 57 41 93 27 35 57 3 39 20 7 73 14 59 28 88 70 72 41 80 10 22 53 35 24 57 99 43 50 1 16 82 4 5 44 73 54 71 33 76 49 30 79 4 69 99 74 33 96 96 62 52 8 40 13 48 38 85 87 62 14 99 25 8 17 52 74 88 61 13 26 17 33 70 85 28 21 46 49 76 63 30 23 26 56 91 85 1 87 74 76 50 84 32 23 96 24 25 25 45 33 20 81 93 45 59 39 60 77 14 77 5 16 80 46 88 34 78 30 38 84 66 57 56 46 63 36 93 62 13 76 76 58 17 21 75 10 41 26 95 24 2 34 99 20 14 5 38 59 31 74 4 94 40 5 83 96 6 4 81 78 3 94 37 28 3 11 40 9 47 89 44 81 68 62 24 25 2 18 71 26 59 31 19 24 75 93 5 67 45 49 54 92 61 65 7 ; 
L -3 -94 99 89 4 47 56 -72 18 -10 2 32 -26 -45 -75 10 -76 -15 -49 80 -22 -25 53 -75 -47 -24 -77 -50 -37 -29 8 81 -17 58 -49 -45 52 -96 49 -87 -60 15 -47 -37 53 6 26 -5 88 -52 -36 17 -77 3 70 11 -83 53 67 -92 58 89 -98 47 9 57 99 66 -49 -7 -9 43 -56 -61 -29 14 66 77 52 -46 -10 70 -11 -80 -100 35 -62 -56 -38 87 74 10 77 -32 86 33 -18 -60 56 -30 -28 -51 43 91 45 -80 -37 80 58 -83 -6 26 98 -9 17 98 25 -87 92 -34 51 36 92 -53 -96 -19 -90 41 100 -53 -49 44 35 70 -26 99 -12 2 -7 -68 -44 62 15 64 84 -21 69 -23 36 -3 -91 48 54 -52 8 -62 55 9 61 4 6 -69 25 -22 97 -57 2 -34 98 79 -62 35 -63 78 70 74 59 -47 88 -89 43 55 -39 -16 -2 -89 -24 -94 74 -10 26 -18 -89 69 17 33 23 87 -14 -38 6 27 56 -17 -1 -74 57 42 43 97 -90 -99 48 -60 -94 -27 -26 -54 -95 24 74 82 -97 -2 -92 -76 -60 60 -40 8 -75 -87 -93 -88 88 -61 -2 -95 12 61 55 -38 -96 -40 14 -75 28 41 -7 63 -57 35 -31 -72 70 -28 -93 -54 -15 69 -97 51 7 26 -60 -37 -47 68 10 62 84 -33 36 71 4 68 57 82 -33 -98 -15 -8 69 -12 -43 3 -50 -14 98 -79 32 6 17 72 -55 -11 36 -60 -71 -66 -82 -27 -21 -97 60 -9 61 -32 -28 28 82 -32 89 -99 -92 87 -23 -16 -18 -14 -21 -11 80 -99 17 58 -30 -20 -73 -61 91 37 -41 -75 -85 31 -90 26 33 54 -11 -38 -34 -1 2 -39 37 9 69 -34 70 -69 89 -21 33 -32 86 27 -13 53 62 -41 -55 -35 68 54 36 8 25 -21 2 -3 9 -4 90 -31 -41 51 73 81 -48 95 -76 -54 21 25 -67 -50 73 76 -8 44 58 -51 7 -25 -31 5 80 -54 -40 -50 -21 51 -59 23 -72 -99 -48 -15 74 -11 51 -65 2 77 -46 16 16 -37 -37 -54 36 28 -31 -21 -86 72 76 -44 -58 90 -96 -32 -12 17 4 69 -43 60 -63 76 -39 -51 9 21 -43 96 -61 -24 -15 19 -9 19 -53 87 4 -60 55 -23 16 19 21 47 45 -68 -69 30 -89 32 -37 35 14 -68 61 -12 49 56 -86 51 -39 -63 88 -52 32 -59 -43 -82 -43 -14 -75 13 62 96 -19 -98 84 46 -97 -57 ; 
3:9 36:144 22:86 13:51 11:41 8:32 12:46 3:11 9:35 16:62 20:78 25:99 16:60 29:115 25:99 20:80 22:88 24:94 8:30 30:116 34:134 9:35 17:65 27:107 13:51 22:84 24:94 13:49 30:118 2:6 41:163 17:67 14:56 6:20 11:41 32:126 15:59 10:40 22:86 24:94 8:28 32:124 18:70 7:25 28:110 44:174 12:48 17:67 13:51 25:97 21:81 23:91 2:6 25:99 11:43 21:83 30:118 12:46 30:118 32:124 12:48 30:120 46:184 11:43 39:155 8:32 9:33 18:68 12:48 32:124 14:54 20:76 19:73 22:84 13:51 18:70 10:36 20:76 8:32 21:83 34:134 42:168 6:20 21:83 20:78 16:60 39:155 12:44 25:97 24:96 40:156 7:25 24:92 25:99 14:56 10:36 18:70 12:46 8:28 18:68 24:96 14:56 15:59 21:81 1:1 3:11 42:164 27:107 21:83 21:81 31:123 13:51 33:129 2:4 2:8 36:144 37:147 8:30 19:75 29:113 10:38 37:147 4:14 4:14 25:99 4:14 36:140 14:54 10:36 22:88 38:152 10:38 26:100 5:19 38:150 15:59 29:115 37:145 19:75 17:65 22:84 18:72 55:217 14:52 30:118 40:158 7:27 2:8 38:150 22:88 22:88 25:97 3:11 4:14 29:115 28:112 29:113 25:99 15:59 14:54 39:155 17:67 6:22 1:1 13:49 32:124 45:177 9:33 16:64 4:16 12:46 15:57 24:94 27:107 18:72 6:20 12:44 26:104 34:136 31:123 0:0 4:12 33:131 4:16 9:35 24:96 11:41 12:48 8:30 12:48 30:118 36:140 28:108 3:11 22:88 27:107 14:56 26:100 28:110 30:118 36:140 25:97 6:20 11:41 10:36 24:96 2:6 30:120 11:43 44:174 24:96 19:73 28:112 8:30 23:89 9:33 30:118 35:137 25:99 10:38 13:51 32:128 5:19 10:40 31:121 49:195 3:11 32:128 19:75 3:9 7:27 37:145 2:6 24:92 24:92 6:24 10:36 14:52 6:22 9:35 27:107 37:147 29:115 30:116 28:112 11:41 16:62 13:49 36:140 17:65 16:60 19:75 39:155 32:126 1:3 6:24 10:36 6:22 23:89 12:44 12:48 6:22 25:97 26:104 36:142 5:17 40:160 13:51 26:104 2:4 39:153 44:176 20:76 27:105 38:148 9:33 8:28 20:76 34:136 40:156 9:33 24:96 13:51 12:46 12:48 32:126 18:68 38:148 20:78 25:97 4:12 11:41 23:89 37:145 38:148 7:27 25:99 14:56 14:52 14:52 4:12 10:40 40:158 38:150 11:41 6:20 22:86 49:193 10:38 5:19 2:8 11:43 31:121 35:139 28:110 29:113 21:83 4:16 6:24 38:150 17:65 17:65 5:17 20:80 30:120 30:120 25:99 2:4 15:57 4:14 16:62 18:70 3:9 11:41 23:91 40:158 18:68 16:60 50:198 38:148 20:80 31:123 4:16 21:83 25:99 14:56 32:126 10:38 27:105 13:49 9:33 13:49 22:86 8:32 27:107 39:155 25:99 12:48 9:33 10:38 39:153 11:43 6:24 11:43 24:92 31:121 12:44 35:139 3:9 24:96 40:156 22:86 8:30 30:118 12:44 10:40 10:38 24:94 13:49 18:72 4:14 10:40 26:102 24:96 31:123 4:12 14:54 15:57 5:19 12:44 12:46 36:144 19:73 35:139 14:56 33:129 32:128 32:124 3:9 37:147 14:52 7:27 34:136 4:16 6:22 18:70 12:46 8:28 12:46 5:19 10:38 32:124 28:112 15:57 12:44 28:112 19:73 20:78 31:123 41:163 18:72 38:150 47:187 18:72 15:57 24:94 33:129 10:36 4:14 19:73 15:57 26:100 22:88 31:121 22:88 12:48 33:131 18:68 39:153 6:22 14:52 2:8 23:89 42:164 10:38 3:11 10:38 30:120 38:148 10:36 26:104 11:41 24:94 12:48 37:147 20:80 13:51 13:51 21:83 8:32 24:92 17:67 10:36 19:73 14:56 11:41 26:102 22:84 40:158 39:155 16:60 8:28 16:60 12:46 38:148 16:62 36:140 17:65 34:136 12:44 11:41 14:52 31:121 17:65 2:6 22:88 6:20 24:94 21:81 19:75 16:62 3:11 9:33 6:20 17:67 2:4 23:89 6:22 8:30 26:104 3:11 ; 
L 67 47 3 -44 -18 -90 -33 -18 70 34 48 1 -5 -58 -84 52 87 -99 -7 16 -20 30 -35 38 -31 -33 35 -73 -21 71 98 -31 45 -44 -72 33 -22 -82 2 48 -78 32 -69 -75 -14 57 -4 -62 84 -81 -52 -13 23 -40 100 97 51 -60 -50 -77 55 -68 -34 -80 -98 14 71 -84 88 -83 -81 58 -83 55 -59 -68 68 -7 57 -7 -68 -52 62 79 -87 -20 -70 16 13 -85 -79 11 85 -15 96 47 54 -83 -41 50 -31 73 -96 9 9 55 41 -53 -50 -90 -91 37 -83 -83 -55 27 -80 -14 -77 -18 77 -94 -96 12 -90 -64 -91 -79 50 -93 -14 38 -43 -78 13 73 -6 -18 -95 -58 36 -32 69 21 10 -14 -63 -4 17 -11 -78 -92 25 -74 69 9 -64 5 34 44 -49 -87 -14 -24 -11 -97 -50 2 -39 -20 97 -39 -34 -23 -10 21 -38 -14 64 50 -12 34 96 14 51 -33 -14 60 86 -96 38 44 27 8 -39 -58 78 -22 19 -90 -98 28 54 84 -86 -79 64 -53 80 -94 -91 57 -56 32 -14 75 -52 -57 -50 9 19 33 -74 26 58 41 -89 -69 -13 51 -68 -30 97 5 6 69 56 -10 76 17 56 85 37 76 -14 -43 66 81 20 80 -37 -44 -15 32 3 30 24 87 97 100 65 72 78 -31 26 10 18 -32 -73 15 22 -30 39 -61 87 -61 9 59 -1 99 -81 -33 -81 -32 38 21 90 -96 -87 -34 59 -11 96 26 18 -11 82 -42 -26 64 -98 84 16 -30 -36 36 16 -47 -18 27 4 -31 82 23 -17 44 86 66 -7 -36 -25 92 -97 96 91 -64 7 -77 100 -10 69 -32 7 95 -97 -60 -56 -100 67 -57 -18 -80 76 -37 -94 86 -99 81 28 92 73 47 4 -3 -20 -25 -37 -27 23 -18 -27 14 -71 22 -53 -93 88 8 -54 -50 -73 95 -91 59 1 -84 -69 -67 70 -69 60 94 72 81 11 54 96 78 92 -60 -16 22 69 13 47 98 57 82 75 -1 -41 -16 48 21 13 64 -63 -43 83 -51 -50 -83 -75 47 21 -48 -18 88 18 14 -13 -78 -56 -55 10 -65 79 48 -39 28 -18 -47 78 100 -63 -13 -71 -88 -40 64 59 -4 89 -29 14 4 -76 5 -41 -35 -87 77 -6 11 -81 28 -25 -88 2 69 -65 -70 -96 6 97 68 -89 46 85 27 96 23 1 -77 -89 -58 87 11 -50 32 7 29 -35 -85 24 30 67 -63 -55 2 -100 -14 -37 44 82 -84 -12 -6 58 -28 ; 
29 17 36 72 19 52 92 59 25 3 38 67 41 3 88 60 73 25 3 36 33 91 24 65 46 96 94 7 2 100 17 33 80 39 47 66 62 22 26 15 31 9 92 32 43 59 44 83 46 86 93 18 73 21 78 51 17 53 63 25 12 92 68 77 42 86 54 73 84 48 34 70 58 93 76 93 57 41 88 41 95 63 43 78 79 89 100 78 45 44 50 26 86 31 87 45 19 33 45 51 55 92 67 80 30 61 83 2 12 74 95 10 82 61 34 68 6 30 22 99 66 61 74 39 63 40 45 48 96 58 69 11 31 64 99 24 35 65 73 87 50 30 80 75 41 20 83 97 62 12 45 53 54 17 57 97 89 92 1 19 12 60 54 35 80 95 89 1 98 38 81 76 82 59 17 64 28 90 82 42 62 98 72 73 12 34 46 57 90 37 2 75 57 17 94 19 64 56 76 52 36 84 43 6 41 62 35 79 91 72 20 18 29 40 73 9 30 54 10 62 22 40 32 98 25 31 100 95 70 16 7 3 61 28 63 22 12 9 97 87 17 61 42 41 27 100 21 21 21 59 71 92 36 73 47 43 49 4 9 8 60 57 37 56 22 4 71 66 61 96 68 29 35 54 28 22 47 66 87 59 86 91 65 30 60 71 83 46 46 10 86 13 14 17 69 4 1 30 53 46 41 69 4 77 40 27 78 47 97 75 28 72 54 3 3 10 70 70 39 98 87 49 62 68 61 58 93 41 29 26 16 27 73 77 11 60 28 39 56 45 18 89 65 24 59 73 47 3 15 21 26 68 79 72 70 96 44 84 78 64 1 17 22 55 96 23 61 42 24 54 29 69 99 72 62 49 18 80 23 6 59 5 98 4 18 86 32 52 9 79 74 48 63 35 70 45 26 74 46 78 33 25 52 76 94 99 44 79 2 24 56 45 47 12 98 10 18 18 1 28 7 23 67 11 34 48 33 37 48 82 30 48 30 48 64 43 91 45 6 100 5 61 79 39 100 25 66 82 21 21 60 62 65 97 96 93 2 3 36 83 41 94 74 66 1 52 35 40 36 55 88 79 12 2 63 92 90 81 73 79 73 83 17 42 57 19 100 7 97 12 11 66 50 25 17 83 9 24 37 87 56 ; 
L 67 57 -56 -73 -92 95 -91 -23 13 52 81 -84 64 50 -12 -7 -68 -52 62 93 -91 -79 50 -69 -13 -1 -88 -79 69 -60 -16 9 55 41 -78 -96 16 41 1 -27 61 -39 30 -76 -37 -85 90 -19 39 -97 -41 50 -31 73 -96 87 -28 39 30 -46 -26 -96 11 98 -43 83 -58 -79 11 85 -15 96 13 -14 -47 32 -14 38 44 44 -45 31 97 -58 32 3 4 -33 -68 -100 77 -94 -73 -21 71 98 -80 -14 -52 84 58 5 -1 -59 33 81 39 9 22 88 10 -65 79 -4 -73 -13 78 98 55 56 -16 54 -8 -88 93 -88 -68 -34 -80 -98 14 71 -84 -55 -14 -10 23 71 -14 10 83 -54 -47 -32 78 -48 -2 20 3 -81 -32 38 21 90 -96 28 73 61 -36 -44 -14 7 99 -18 -47 78 100 7 -51 36 30 -16 60 -99 11 -17 -78 -24 -57 14 -4 20 -41 58 -36 -57 -59 72 69 -31 82 23 -27 34 96 14 51 -33 -14 89 -41 -78 -13 78 -83 -30 2 37 -83 -48 -34 -70 18 34 87 -81 -96 12 -90 -92 25 82 -84 -65 -100 -96 43 14 -22 -15 73 32 -75 -16 -36 7 -66 -86 -44 -38 -14 55 24 30 97 -68 -62 29 -35 -82 11 -18 89 -68 -97 -6 66 81 20 -84 30 -50 94 37 -76 80 23 -18 -17 48 21 9 -94 16 -20 43 50 -81 28 -67 70 -69 -72 -94 -26 74 -33 -19 -57 22 -64 -35 -87 77 -6 37 25 82 22 -77 -63 -13 86 24 97 5 -69 -2 -67 -100 -89 -97 -60 -56 -97 -7 -32 44 67 -57 -18 27 6 12 -35 38 -31 -33 72 78 -31 26 -13 -17 -76 6 -83 55 -11 39 -8 -5 -100 -14 -37 4 -76 5 85 -60 -11 11 84 -44 -34 -27 32 -2 50 -18 -90 -33 -48 -18 -87 -20 -70 -4 -95 -7 32 81 83 53 69 9 74 -25 92 80 -37 18 77 82 75 75 -91 -96 97 -64 60 86 -96 75 -52 -57 -50 9 69 56 38 -55 27 44 -3 -47 91 29 40 -98 10 7 -77 100 -59 34 22 -51 -50 -83 21 77 -54 -28 -92 35 99 90 50 53 -59 -64 40 87 21 4 21 10 -14 -63 48 14 80 59 -87 18 47 69 1 -50 -15 58 89 53 -95 -58 -18 -10 64 -63 -56 -71 -64 -49 -87 -54 -11 84 -1 64 81 -69 96 23 13 47 69 91 47 -18 70 65 85 27 -25 -88 -63 85 -42 -26 -86 -79 64 18 6 68 51 87 58 -28 ; 
12:46 4:14 12:46 39:155 11:41 23:89 40:158 32:124 7:25 8:28 38:148 35:137 16:60 17:67 25:99 35:139 38:152 26:100 18:68 19:73 13:49 20:76 39:153 40:160 28:112 21:81 3:9 15:59 36:144 13:49 30:118 24:92 25:97 34:132 6:20 21:83 29:115 10:40 14:52 16:60 28:110 22:86 14:56 6:22 17:65 17:67 16:62 21:83 15:57 31:121 23:89 21:81 22:88 37:147 27:107 62:248 10:36 33:131 24:92 25:99 38:148 7:27 6:22 16:64 23:89 1:3 11:43 9:35 11:41 35:137 13:49 35:139 26:104 3:11 23:89 5:17 30:116 2:8 30:120 4:16 16:62 32:128 29:115 21:83 15:59 19:75 24:96 18:68 49:193 10:36 16:60 25:97 30:120 1:3 40:160 7:27 23:89 12:48 18:70 24:96 36:140 2:4 17:65 42:164 10:40 37:145 10:36 37:147 8:32 38:148 16:64 20:76 14:52 17:67 13:51 10:38 40:158 13:51 13:49 5:17 28:110 5:17 10:38 17:67 25:97 8:28 63:249 28:108 31:123 17:67 35:137 22:86 30:116 8:32 17:65 8:28 44:174 13:49 9:35 18:72 23:91 14:52 8:30 29:115 4:14 13:49 6:24 11:43 28:112 24:94 12:48 24:96 29:113 34:132 19:73 9:35 14:54 22:88 8:32 8:32 9:33 43:171 2:4 13:51 20:76 12:48 20:76 3:11 22:88 25:97 16:64 31:123 14:52 26:104 44:176 5:19 11:41 26:104 6:24 24:94 43:169 48:188 12:48 16:62 14:52 33:131 17:67 16:60 44:172 18:72 22:86 2:4 2:6 5:19 29:115 30:116 5:19 14:54 19:73 30:116 40:160 23:91 19:73 18:68 4:12 46:182 15:59 8:32 33:131 6:24 16:60 2:4 10:40 16:60 4:16 16:62 2:6 16:62 26:100 30:118 20:78 34:134 34:132 20:80 24:96 11:43 10:40 40:160 17:67 28:108 39:153 25:97 45:177 3:9 32:124 26:102 16:62 28:112 28:112 14:52 36:144 22:88 34:134 8:30 42:164 3:9 14:54 26:102 7:27 18:70 1:1 2:6 7:25 14:56 21:83 1:1 25:99 9:33 9:33 0:0 52:206 26:100 25:97 24:94 10:38 26:104 7:25 26:102 0:0 12:44 31:121 25:99 13:51 20:76 14:52 26:100 9:33 27:105 38:148 26:102 10:36 3:9 34:134 40:156 25:99 40:156 13:51 16:64 5:17 12:48 48:190 28:110 24:96 25:99 26:104 44:174 18:70 38:152 9:35 6:22 49:195 18:68 18:72 8:28 23:91 12:44 3:9 34:132 4:16 20:76 20:76 26:102 24:96 12:44 14:56 13:51 30:116 32:126 40:158 18:72 8:28 61:241 28:112 10:38 15:59 26:104 19:73 39:153 26:104 15:59 23:89 9:35 20:78 16:62 35:139 14:54 19:73 38:148 24:96 25:99 38:150 7:27 4:16 27:105 20:80 12:46 27:105 33:131 10:36 27:107 38:148 8:30 21:81 11:43 8:30 1:1 27:105 17:67 1:1 6:24 21:83 37:147 17:67 8:28 24:96 36:142 40:160 28:112 11:41 31:123 30:116 20:76 14:54 22:84 40:158 39:155 10:38 7:27 22:86 21:83 29:113 31:123 40:158 14:52 19:73 41:161 8:28 25:97 28:108 12:44 21:81 36:144 15:59 3:9 12:48 22:86 4:16 25:99 10:36 5:19 1:3 16:60 28:108 2:6 29:115 15:57 11:41 1:1 28:110 17:65 19:73 42:164 17:65 12:46 24:96 22:84 49:195 11:43 23:89 18:72 3:11 28:110 2:4 18:68 52:208 15:59 2:8 22:86 30:118 5:19 17:67 2:8 40:160 8:28 9:35 13:51 41:163 17:65 8:32 34:132 37:147 12:46 22:84 43:169 22:86 14:54 39:155 21:81 5:19 11:43 15:57 35:139 37:147 12:46 42:164 35:139 16:62 29:113 22:86 18:70 33:129 36:142 20:78 10:38 24:96 19:73 35:137 9:35 20:78 8:28 2:6 6:22 30:118 32:126 14:56 28:112 6:24 18:72 43:169 42:166 24:94 38:150 24:94 22:88 13:51 2:4 14:52 28:112 12:44 22:84 20:76 25:99 14:56 20:78 26:104 25:99 2:6 35:139 41:161 35:139 23:89 ; 
L -37 -71 72 72 -80 -22 -58 52 -53 37 -1 42 36 86 14 -64 56 70 3 -69 -32 -72 54 -76 77 41 39 -23 1 93 56 49 -50 -2 28 -71 -37 -48 81 38 90 -87 9 34 17 -93 -56 -95 64 -87 70 5 6 -95 -82 81 -60 65 97 -51 -8 77 7 88 -86 -7 80 92 -86 -23 97 -5 84 95 41 93 -51 50 -59 52 32 -72 89 70 -95 47 -3 19 14 -36 -18 -52 1 47 97 -47 -44 -98 -97 -48 -74 -73 54 -86 -87 -31 25 96 -33 87 43 34 -25 70 -46 -2 -30 -73 -76 -94 -89 93 23 48 -71 15 -17 -74 22 -41 16 87 85 30 -41 65 45 -52 21 -40 65 -22 27 -85 -67 19 82 -68 85 19 -36 -11 79 86 62 46 -87 59 -60 77 39 -87 95 -12 -8 98 32 -70 64 -15 79 8 70 84 65 100 -89 -75 5 40 83 87 19 -80 -1 34 51 -32 -51 66 -37 -86 30 77 -22 -44 82 -30 -52 28 -22 -16 21 45 80 -55 -7 67 -22 48 -47 -96 -75 -20 -2 64 -54 -100 96 -99 50 -73 71 38 -60 10 -33 -60 -38 83 -46 -48 -70 -66 37 -82 -79 53 -8 -42 25 48 18 17 98 57 -68 9 61 -25 40 99 12 27 -28 47 -11 -19 59 49 24 80 54 32 -21 -82 -32 21 27 41 43 -10 92 -26 -96 -95 -12 69 1 -88 17 98 18 54 -45 65 8 -26 62 -32 -36 -31 -41 26 26 52 -46 26 2 43 91 -81 -88 64 -75 11 -82 19 59 84 60 88 2 -14 -14 -73 76 82 45 88 79 -57 8 -4 -70 -24 -42 -83 -42 45 -60 64 9 60 92 70 11 -56 -4 48 100 20 -69 51 64 -98 71 -12 -38 45 24 81 -34 53 30 -69 -20 -4 39 24 -13 89 -7 -26 -98 39 64 21 43 -42 -90 43 9 -84 -73 -32 62 79 75 92 -76 65 50 44 88 -68 -20 -9 44 71 -70 55 -69 54 -93 100 -25 -43 72 41 -76 -57 14 -66 49 -30 63 62 -34 -16 85 55 -20 69 38 -33 -92 49 37 69 -30 92 55 50 -18 4 52 53 72 -77 -25 -3 -20 42 -44 91 -29 -13 22 26 -73 -90 73 96 -32 94 -81 -65 41 7 25 -2 68 24 99 61 89 82 -22 6 -35 69 96 -88 62 30 -5 61 -76 -43 -11 45 -89 -90 9 -60 73 -32 89 97 -6 15 -35 -13 -4 -56 -36 -98 4 64 -96 34 -39 24 -30 -23 98 -39 91 79 ; 
33 84 71 59 23 51 39 54 72 84 51 83 57 13 2 88 71 58 46 59 63 76 51 78 17 46 33 15 34 95 29 86 84 9 91 57 83 91 2 53 16 57 22 53 40 74 85 46 98 87 95 55 63 83 91 1 8 39 6 10 27 56 64 6 76 58 89 69 9 81 42 67 55 13 5 72 60 59 90 61 32 20 42 86 6 84 72 59 33 90 68 91 56 75 28 100 95 9 11 8 62 98 94 40 13 44 69 84 97 21 22 18 17 90 15 15 41 93 88 71 40 74 6 31 99 30 31 98 92 36 12 89 57 30 72 64 38 63 46 69 98 77 19 89 4 38 28 73 25 71 8 83 32 32 13 76 91 65 58 92 67 73 82 76 78 61 24 5 94 30 92 53 39 70 92 22 64 40 80 44 34 56 10 54 86 34 5 61 83 52 35 26 64 36 45 63 34 92 98 86 71 41 56 85 56 93 54 19 33 81 60 52 45 47 88 27 55 30 45 36 47 63 38 30 67 40 61 36 17 70 49 37 77 39 92 87 30 11 84 98 76 37 66 37 4 9 95 16 76 51 41 53 3 17 41 69 32 77 81 13 64 40 83 55 57 92 57 95 81 76 77 39 89 27 22 6 13 28 21 66 37 59 17 24 99 87 79 14 76 1 16 11 53 36 90 16 53 59 64 9 45 96 84 17 67 33 76 34 18 71 30 23 81 94 25 54 19 70 100 44 53 11 48 14 29 69 42 95 38 96 4 90 32 75 46 33 56 55 18 66 94 38 44 21 88 41 39 82 57 99 31 93 25 16 52 37 44 56 4 69 81 23 42 56 30 53 93 39 30 17 31 39 21 25 94 47 37 23 3 36 65 51 52 89 96 71 33 48 70 48 24 73 69 40 67 38 20 10 99 73 68 7 49 48 88 80 67 58 24 47 4 55 26 20 39 73 57 32 85 33 65 45 9 90 75 50 35 71 30 2 16 94 36 91 72 46 20 23 71 93 74 70 54 25 86 59 15 41 2 88 10 79 40 12 78 76 66 10 24 42 17 35 89 87 18 25 21 90 64 4 69 50 33 11 25 44 19 19 50 96 4 31 80 83 87 61 23 72 85 31 99 52 13 47 10 91 18 33 3 46 95 ; 
L -37 -71 72 -87 -70 -98 -97 -33 48 37 90 89 -87 33 -96 -25 -53 79 -91 -43 100 -25 -43 -56 49 -50 99 -96 -53 -52 -4 -27 50 -73 -99 36 45 43 -51 -8 77 7 73 -26 -22 32 64 8 -24 -64 2 -57 14 -66 51 32 7 86 38 -59 -19 82 48 -9 -82 -92 -80 -82 39 -96 -20 26 26 -62 99 97 -47 -44 64 -98 71 -12 -5 84 -22 74 17 -15 71 2 34 -32 89 97 -6 -40 25 -61 -9 68 -57 -98 -30 -68 2 -25 -7 -41 28 23 48 -26 46 -52 79 75 92 -76 65 50 -42 -16 1 -37 53 -52 58 22 80 -72 86 -31 26 -12 81 -60 7 55 -41 -18 41 -96 69 -55 70 -71 -44 9 20 68 -88 -44 -14 -19 3 38 60 -74 -84 -70 96 -82 44 22 -77 -93 60 88 95 -85 68 -51 -73 -60 64 9 60 24 70 69 38 -33 -92 -54 -88 60 19 -36 -11 61 72 -32 -52 87 -90 3 56 -42 -90 43 9 -20 51 -93 98 -36 37 -66 49 -79 -82 -89 89 70 -95 -90 1 88 -18 -52 25 -47 1 -45 42 83 82 95 69 83 87 19 -80 -11 -70 -92 -32 81 -34 53 30 54 -76 -30 65 45 -52 21 2 -14 -56 -93 -1 23 -39 -88 62 -8 71 96 47 -95 73 84 -69 57 -30 82 45 88 -22 4 80 19 -38 -93 -56 -48 -11 40 -5 -95 47 -11 -97 23 86 -81 13 29 -91 44 -42 20 -86 -50 -3 -70 -56 64 -14 85 55 -23 98 -39 32 64 -87 -51 69 -20 -100 65 100 -87 -16 41 65 81 -94 32 -41 -4 -93 8 -6 87 -46 -62 88 71 -28 -4 39 -24 95 -92 10 -12 69 73 24 -13 89 -7 -26 -98 79 86 64 -75 11 81 38 30 60 54 -30 -59 9 34 -49 32 -21 32 82 21 65 8 -26 62 -42 -8 -73 -76 45 -15 79 -34 75 30 -24 100 64 67 85 -27 22 -65 40 -43 -41 -27 15 -35 -13 -4 72 -48 4 1 -89 69 -77 20 -21 42 36 86 16 34 -62 -63 -76 73 14 -36 -98 -54 73 41 -76 59 49 22 -67 5 -17 -18 -2 2 46 77 31 -85 -46 -48 -70 -66 -10 60 84 -39 -77 17 98 -6 37 -41 59 -83 -70 25 -34 -97 -65 61 -76 43 -54 55 50 96 -30 -52 28 -22 25 48 92 -39 -94 -89 17 45 87 24 72 32 -75 5 80 -43 -21 19 -35 18 54 -69 12 -37 45 -30 -47 -72 -64 70 91 79 ; 
14:52 34:134 29:113 20:76 9:35 14:54 5:17 41:163 16:60 15:59 17:67 5:17 12:44 9:33 39:155 34:134 40:158 5:17 8:32 18:72 10:36 8:32 4:16 17:67 34:132 34:134 14:56 15:57 2:8 29:113 14:56 26:102 20:80 26:100 41:161 20:78 21:81 11:43 8:30 11:43 23:89 26:102 10:36 30:118 38:148 19:73 11:43 33:131 28:112 10:38 11:43 21:81 20:78 15:57 21:83 34:132 16:62 24:92 38:152 23:89 8:28 14:54 9:35 11:41 28:112 44:174 28:110 8:30 3:9 17:67 28:112 25:97 36:144 6:22 8:30 3:11 40:160 38:152 10:38 17:65 16:62 33:131 31:121 22:88 11:43 37:147 40:156 13:49 12:48 25:99 52:208 4:14 20:80 39:153 2:6 24:96 17:65 21:81 31:121 7:25 38:152 4:14 6:20 6:24 16:64 32:126 4:16 36:140 7:27 10:36 13:49 41:161 24:94 22:84 10:40 2:4 15:57 26:104 21:81 21:83 40:158 34:132 19:73 21:81 34:134 29:115 22:86 16:62 21:81 10:36 10:38 17:67 20:80 6:22 7:25 4:12 19:75 22:86 32:128 17:65 6:20 10:38 37:147 28:110 30:116 10:38 20:76 28:112 20:76 14:52 29:113 39:153 22:86 14:52 24:94 14:52 7:27 24:96 38:150 28:112 2:6 32:124 14:54 26:100 18:72 11:43 16:62 10:36 16:64 22:84 10:40 66:264 6:24 14:54 36:144 13:51 30:120 30:120 28:110 10:36 16:62 30:116 23:91 9:35 27:105 11:43 23:89 4:12 34:132 8:32 21:83 8:32 13:51 17:65 23:91 19:73 43:169 3:11 13:49 16:62 9:33 16:64 10:36 24:96 5:19 17:67 5:19 19:75 36:140 18:68 26:104 4:16 23:89 35:137 3:9 27:105 27:105 27:105 38:148 37:145 8:28 28:112 4:14 50:196 39:153 16:60 29:113 37:145 20:78 13:49 23:89 4:16 22:86 5:19 23:89 14:52 5:17 45:177 10:40 7:25 21:83 10:40 32:124 21:83 10:36 16:60 26:100 19:73 40:158 38:150 1:3 12:46 38:152 14:54 6:24 39:153 8:28 17:67 2:6 10:38 21:83 20:80 52:208 38:150 28:110 6:24 20:76 17:67 40:160 18:70 5:19 26:102 16:62 34:134 2:4 54:214 34:136 23:89 42:164 52:208 56:220 17:67 28:108 13:51 49:195 17:67 33:129 3:9 61:241 10:36 8:32 19:73 29:115 37:145 5:19 33:131 19:75 19:73 24:92 29:113 36:140 2:6 22:88 22:84 8:28 14:52 4:16 6:24 35:139 54:214 9:33 18:70 16:60 22:88 9:35 22:88 36:142 5:19 4:12 17:65 6:24 24:94 5:17 5:17 6:24 35:137 25:97 22:86 37:145 31:121 6:20 2:8 23:91 16:60 2:6 20:76 5:17 36:142 36:142 11:43 12:44 4:14 21:83 33:129 10:36 17:67 23:89 12:48 19:73 13:51 7:27 27:107 14:52 23:89 22:84 10:38 7:27 26:104 31:121 29:115 17:67 22:84 31:121 26:104 28:112 38:152 23:91 37:147 33:129 32:126 6:22 31:121 2:4 35:139 52:206 36:140 10:40 11:41 37:147 17:65 12:46 10:36 4:16 22:88 11:41 20:76 2:6 36:142 8:30 31:123 40:156 15:57 31:123 31:121 24:96 32:128 34:132 35:139 48:188 58:230 27:105 18:70 42:164 12:48 41:163 7:27 64:256 38:148 23:91 6:20 1:3 19:75 10:38 24:92 38:152 8:30 22:86 20:78 29:115 28:108 38:150 26:102 28:108 8:30 6:20 10:38 14:52 26:100 5:19 15:59 12:46 40:156 6:24 5:19 16:60 10:40 5:17 15:59 31:123 16:62 9:35 16:64 33:131 17:65 27:107 41:163 24:94 20:78 4:14 39:155 18:70 42:164 24:92 36:144 7:27 4:14 3:9 16:60 26:102 30:116 20:78 2:8 36:144 30:116 19:73 40:156 35:137 29:113 14:54 15:59 18:70 41:161 31:121 16:64 11:41 16:62 41:163 4:16 23:89 31:121 30:116 32:128 32:124 30:116 12:48 12:46 14:52 15:59 10:38 3:11 8:32 23:89 12:48 63:251 3:11 2:8 40:156 38:150 6:20 19:73 38:152 ; 
L 18 -59 -25 18 82 -72 67 88 -66 -5 38 70 23 -94 -64 -79 4 -2 -24 -61 -94 91 -35 -28 -78 -98 -25 98 90 90 -43 95 41 -54 72 5 79 94 68 38 73 -30 -4 -50 -9 -29 -73 74 18 11 76 52 -20 -19 -32 69 -14 44 79 -100 30 -48 -41 -57 -57 45 35 -27 -13 -77 -94 67 -99 96 56 38 -29 14 34 72 -63 34 94 -15 3 -41 -52 47 -7 79 65 -88 22 42 85 -44 29 -86 90 -84 38 22 79 72 80 86 88 78 91 -71 5 -8 39 -34 28 -14 -54 45 61 59 -48 -47 73 -11 -82 29 -68 1 63 71 24 -25 -92 10 53 77 -98 -23 -89 -74 -11 44 23 73 20 -15 -60 -11 -46 92 78 -46 26 -88 95 -90 -5 -47 -45 -57 46 -70 74 -63 -77 -1 85 -41 61 -65 -18 76 81 -80 86 -62 -3 -24 -25 -32 41 -67 -26 -96 -46 -92 -12 -61 73 -27 77 -20 -14 65 34 53 -37 1 -53 99 99 -15 81 -70 -1 21 -94 34 11 -32 -14 -74 -6 57 67 95 -12 39 -39 -33 -7 78 -86 23 -4 37 65 -94 -21 -3 92 -57 -78 -81 11 -29 -14 40 -35 -10 -47 -57 92 54 -87 -9 67 -53 39 -34 48 22 34 30 76 73 -79 -2 -4 71 -52 98 -95 -32 -48 60 13 88 65 -41 -60 -25 98 -68 11 -96 -3 -54 -27 -34 -34 -70 31 -80 57 -53 79 -6 69 -89 4 -40 -75 87 -91 -17 -30 29 -21 -29 76 45 -75 56 -44 -40 -6 -100 12 72 53 62 -70 -43 -96 -30 60 6 -86 81 10 88 79 9 -66 -13 -5 -31 -38 -31 -42 9 1 99 -21 5 -19 -97 100 -76 41 41 93 3 94 72 65 43 -70 -12 4 70 51 -1 82 92 -19 5 96 96 -1 -60 48 -37 -61 65 -36 18 -31 -54 -63 -64 88 -66 90 -59 73 -94 66 81 -54 13 -51 91 26 21 15 63 -27 83 -77 87 34 -30 18 -64 -4 -29 7 -69 63 48 -38 87 -66 66 58 -74 -98 -41 -62 11 85 76 80 19 -67 -50 81 85 70 87 33 77 27 12 -35 -30 -42 -21 49 -97 9 -85 -38 96 67 -59 -62 -74 -81 79 55 63 -94 71 64 49 60 -79 80 -95 64 -85 71 -23 -37 9 -31 57 -42 -18 79 -47 -71 52 -56 79 -87 90 -16 39 -49 10 18 85 -27 97 90 82 84 -63 42 -83 7 -45 -24 -21 -40 5 51 65 58 -51 -96 -2 -50 -74 58 34 ; 
87 64 3 2 84 95 50 61 3 37 57 69 63 38 89 26 33 7 100 21 74 1 1 10 35 56 51 44 38 23 31 71 100 10 82 35 27 51 70 55 91 38 45 47 10 39 100 21 4 27 61 91 43 50 98 26 48 20 93 17 74 1 67 60 26 67 85 36 19 16 17 81 3 53 30 51 83 61 9 39 94 17 40 18 81 76 37 42 31 6 7 46 61 64 11 6 75 18 100 11 16 56 81 31 51 51 68 18 20 42 96 74 54 99 95 34 83 47 82 69 33 32 57 59 44 71 6 22 94 84 18 46 57 41 13 11 85 88 11 49 24 81 6 52 5 24 59 30 56 57 99 15 35 77 63 41 47 47 81 20 64 37 70 26 3 20 76 81 33 10 55 91 50 88 29 74 83 94 69 29 56 31 77 64 29 84 83 29 97 88 62 14 100 90 40 89 90 64 57 83 14 1 100 78 68 56 66 57 60 60 96 58 30 83 52 81 29 35 25 81 48 37 86 68 29 97 66 11 62 13 20 11 100 46 92 78 58 21 49 78 59 22 14 14 14 68 80 66 93 94 4 57 37 94 22 7 39 78 17 85 21 21 74 49 76 36 41 6 32 4 3 29 23 17 23 6 70 8 17 13 26 29 68 84 57 83 35 30 19 72 63 90 60 1 58 32 81 17 21 37 14 15 70 43 10 97 98 21 4 51 18 3 21 78 24 25 46 72 7 29 68 6 11 87 9 87 63 41 98 93 52 17 19 84 89 48 34 52 85 73 27 80 17 90 70 94 81 76 22 21 21 18 44 46 24 2 75 56 7 24 23 11 30 48 35 100 27 57 13 94 34 46 100 58 76 34 62 28 11 38 93 79 81 81 91 57 17 66 18 36 56 36 4 100 87 50 1 38 51 53 97 62 3 26 98 12 44 54 86 82 23 35 15 62 20 61 60 99 92 14 4 7 54 60 93 77 83 56 5 17 68 62 1 84 72 41 33 69 26 44 3 68 84 83 54 70 67 34 63 42 6 82 80 9 66 34 17 76 34 2 35 94 27 19 92 86 3 97 69 34 89 61 43 94 65 16 61 98 55 35 10 47 40 37 6 45 72 83 67 47 29 36 7 68 90 59 8 25 80 75 45 ; 
L 18 -59 -21 49 -97 9 -85 -38 96 34 34 -55 -79 81 74 -5 -72 54 -96 39 21 -94 30 63 71 -91 -78 -88 29 21 -29 14 34 72 -9 -12 100 6 -37 1 -53 67 -59 88 -65 -22 -68 11 -54 -11 -18 -74 73 6 -86 -4 70 -46 67 -9 42 -11 -30 11 -32 1 70 88 -54 76 -42 -95 -32 -48 60 -15 3 -65 -72 61 -70 -43 -96 -23 68 81 -88 -13 39 -34 -58 -65 -51 -77 -94 -34 19 20 -52 -90 65 32 1 63 63 -79 -5 -92 -79 19 -67 21 24 45 90 -4 37 65 9 -31 57 45 -75 56 2 70 44 -85 56 -52 -22 -15 42 79 -87 90 -16 39 8 -62 -29 34 18 -64 -4 70 51 38 90 -95 -81 -54 -63 -100 97 19 -5 21 87 -69 6 -66 66 58 -74 90 14 20 10 53 -92 46 11 60 15 -20 -73 -23 -44 41 -21 -26 -24 86 -78 -96 -5 19 -72 57 -12 47 -79 18 35 57 41 48 -95 43 62 -67 81 -59 -61 -45 -86 -80 -72 -79 -22 -38 84 -82 29 -68 -71 94 -63 27 54 -21 -3 -51 11 -73 -9 -29 -60 63 -3 47 48 -73 12 -35 -41 -41 76 93 -89 -87 39 -39 -74 -1 -79 -2 -64 88 -66 90 34 -57 -54 26 14 -28 3 -71 85 -64 49 -84 -82 -90 -97 27 -85 92 53 100 -79 -44 -63 -77 -1 -98 52 25 24 3 -18 76 -71 -48 99 99 -15 31 -18 36 -65 -34 5 13 66 5 -98 25 -50 38 73 -30 -4 -50 23 98 -77 60 -7 83 -42 30 -94 -64 -79 4 -2 -24 -28 -33 -7 -38 12 32 -71 74 14 79 44 -34 -87 77 -83 27 94 29 -86 -35 -10 -47 96 -40 -53 61 99 33 77 27 -79 7 -80 79 -60 -96 40 25 -94 91 -35 -61 42 30 51 -13 -11 -46 -53 -94 37 23 57 -53 -69 -10 -77 27 96 56 -67 71 4 70 -43 76 73 -41 -95 -98 -41 -98 25 98 78 14 -34 -41 -30 62 12 92 -67 9 85 -94 -89 -74 -47 -45 -10 69 -7 29 -94 80 -31 -13 -5 85 76 80 63 48 91 18 -82 1 70 87 -67 -57 -78 -81 11 -29 -14 40 -91 -41 -87 75 40 -4 73 -94 74 50 23 -49 -64 72 52 96 26 -92 95 -47 -81 -66 46 -78 -30 -92 -70 27 65 -61 41 -85 -45 57 -18 76 81 -80 86 -62 82 88 -66 65 -17 -59 -1 -60 48 -37 -88 25 -5 38 31 38 31 -99 -57 6 58 34 ; 
35:139 26:102 18:70 28:108 25:99 1:1 34:134 29:115 17:65 20:76 11:41 29:113 34:134 28:108 2:4 7:25 14:56 33:131 5:19 37:145 26:104 27:105 36:142 11:43 5:19 17:67 8:32 8:28 22:88 15:59 9:33 17:65 4:14 16:62 55:219 5:17 2:6 9:33 65:259 26:102 23:91 18:72 28:110 26:102 19:73 24:92 13:51 10:36 4:12 10:36 11:43 2:6 9:33 16:60 3:11 20:78 40:158 15:59 18:68 6:22 7:27 8:30 39:155 12:46 24:96 34:136 28:108 26:104 24:92 9:35 10:38 32:126 20:78 31:121 15:57 7:25 33:129 32:126 33:129 26:104 19:73 32:124 10:38 12:48 26:100 32:128 11:43 3:9 33:131 38:150 6:20 3:11 15:57 14:56 7:27 38:150 10:36 20:80 18:68 20:78 22:86 20:78 12:44 38:150 22:88 19:73 64:254 20:78 40:156 6:22 24:96 15:57 34:132 29:115 35:137 5:19 39:155 27:105 12:48 14:54 1:3 11:41 28:112 18:68 6:20 26:102 30:116 3:9 4:14 2:4 19:75 4:16 19:75 40:158 28:110 14:54 36:142 25:97 23:91 15:57 8:30 2:8 48:188 20:80 1:1 6:24 18:70 11:41 3:11 17:65 31:121 33:131 14:54 34:136 34:136 21:83 14:54 20:76 9:33 30:116 8:30 22:86 5:19 18:70 22:86 22:84 24:94 40:160 11:41 6:20 22:86 23:91 23:89 12:48 24:94 10:38 2:8 21:83 3:9 30:116 30:116 23:91 15:57 12:46 35:137 19:73 3:11 23:89 34:136 18:68 12:48 25:97 8:30 11:43 30:120 18:72 24:96 27:107 19:75 29:113 18:72 28:112 3:11 18:70 28:110 33:131 21:83 21:81 21:81 13:49 33:129 23:89 7:25 12:46 29:113 3:9 8:28 28:112 22:86 10:40 7:27 15:57 6:20 26:100 50:196 24:94 22:84 16:62 54:214 16:62 13:51 12:46 13:51 25:99 40:158 34:132 15:57 32:128 11:43 23:91 16:62 18:70 2:6 10:40 44:174 9:33 9:33 32:124 5:17 40:160 24:92 31:121 29:113 4:16 15:59 12:48 41:163 14:54 40:158 12:48 27:105 4:14 31:121 14:54 4:16 14:56 22:88 40:156 25:97 4:16 4:12 13:51 7:27 38:148 11:43 2:4 8:32 31:123 9:33 9:35 28:110 38:150 33:129 10:38 24:92 57:227 8:30 6:22 1:1 45:179 6:20 23:91 11:43 43:171 12:48 26:100 35:139 20:80 19:73 10:36 30:116 27:107 37:145 16:60 18:72 19:75 2:8 36:140 34:136 29:113 9:33 3:9 15:59 19:75 14:52 36:142 11:41 14:52 3:11 40:160 6:24 10:38 20:76 21:83 23:91 26:102 12:44 23:89 8:30 16:60 14:52 4:14 2:6 15:57 23:89 15:57 10:36 29:115 8:28 9:35 32:124 24:94 8:32 53:209 11:41 33:131 15:59 8:28 24:96 38:148 8:30 3:9 8:32 3:9 17:67 28:112 4:16 8:28 11:41 1:1 1:1 7:25 10:38 2:8 36:140 33:129 7:25 21:81 27:107 22:86 48:188 7:27 18:72 34:132 18:72 17:67 8:28 25:99 21:81 12:48 8:32 69:273 21:83 5:17 9:35 16:64 12:44 15:57 9:33 37:147 33:131 13:49 18:70 21:81 23:89 17:65 41:161 23:89 22:86 18:72 2:6 34:132 34:132 32:128 15:59 10:38 10:40 20:78 21:81 33:129 19:73 19:73 22:84 21:81 29:115 35:137 34:134 4:16 4:16 40:158 25:99 8:32 36:144 25:99 9:35 34:136 4:12 10:38 6:22 3:11 16:62 23:89 40:160 19:73 37:147 32:124 24:92 9:33 15:59 11:41 36:142 1:1 24:96 36:144 36:140 12:44 46:180 10:40 16:64 2:4 14:54 30:116 8:32 10:36 26:102 28:108 44:174 38:148 42:164 16:60 21:83 6:24 22:84 15:57 20:78 31:123 17:67 4:16 14:52 33:129 40:156 27:107 12:48 37:145 20:80 36:140 12:46 30:118 35:137 30:118 2:4 36:144 4:16 14:54 10:36 5:17 12:48 20:76 41:163 10:40 27:105 23:91 20:80 38:148 40:156 27:105 30:118 34:132 33:131 30:120 18:72 ; 
L -53 -74 65 -69 -96 -35 50 13 -88 68 61 19 92 87 2 -86 29 -76 40 43 -47 60 84 49 -97 -80 2 39 -68 -28 43 34 -22 -49 45 35 -4 -98 21 -65 -64 -31 30 -57 18 72 43 46 35 -39 2 -44 40 -64 27 55 17 5 31 79 -96 -12 27 -10 59 -100 -100 -50 -52 17 80 -26 -24 -65 -58 -23 64 37 -54 95 -67 44 45 -49 -12 -60 -73 -10 24 84 80 -84 -93 64 29 15 -49 55 9 44 46 -57 72 97 40 -74 -29 -27 -13 51 58 -62 -11 82 -67 -92 43 -33 30 35 92 -77 47 -72 -65 43 9 7 -3 -48 97 3 38 25 8 80 40 15 30 58 16 -61 100 97 -43 54 -55 -67 -10 30 94 -1 78 73 85 -16 -79 4 91 -45 53 29 -84 -35 -36 -62 10 19 -93 29 -56 -28 63 35 -92 52 -34 -22 61 -25 -58 31 -3 46 37 57 72 60 100 9 84 -74 99 -19 -11 -30 -5 -12 -56 -50 -10 -51 89 96 -50 -35 74 8 99 16 -86 100 -17 86 25 73 31 62 59 16 -32 14 -88 -79 -79 20 24 88 65 -37 -39 58 -78 -85 63 17 -64 -48 75 36 -69 -87 -40 -81 6 -37 -36 -5 -96 -6 10 -45 55 -97 -52 -64 -16 -38 76 99 29 -3 -92 96 -76 -44 -14 66 -6 -89 -23 -92 -1 -93 -59 31 -98 23 80 -7 -16 -64 -86 -85 -27 41 10 -69 4 -33 -32 41 72 91 -58 -89 -22 -92 25 -5 -15 5 -70 -10 45 -43 57 14 35 39 -4 -72 27 22 59 -84 -12 -64 -90 1 -77 41 -18 -4 -34 -11 -16 83 93 29 -27 -66 57 24 -99 -12 -5 -12 26 32 46 -24 -20 -53 89 -26 41 -5 77 31 53 34 83 -27 63 86 69 68 -52 38 -87 -28 65 -1 48 6 -27 -64 -92 -1 -48 10 87 -41 -27 -81 -90 -28 -63 -67 15 -68 94 -74 40 -68 -14 94 54 79 -75 89 10 9 -62 -38 -21 -8 -6 -94 -59 -1 -69 50 75 59 29 23 97 37 -19 -49 -64 51 -11 -16 87 7 71 100 83 56 91 71 -63 30 -89 -83 96 13 -51 11 -57 -22 26 56 21 73 28 52 87 59 13 -75 -34 96 85 16 -94 17 -16 89 88 85 70 69 -96 100 76 81 -98 49 -48 43 27 90 -91 40 -57 -83 50 44 3 26 52 -50 -54 -52 -77 -84 -71 -49 59 -75 81 -38 -50 -11 -31 -86 -50 -46 -19 73 21 -78 -15 88 -87 14 ; 
87 41 42 64 60 32 55 30 56 43 18 24 7 53 67 99 34 28 90 35 99 59 26 37 87 14 51 10 39 37 33 18 78 80 46 70 53 1 96 67 64 48 54 85 97 58 19 69 13 55 36 59 3 72 17 36 93 68 41 56 81 76 35 77 23 64 94 73 34 39 43 66 66 83 76 17 76 14 18 96 55 14 51 58 46 94 37 25 57 21 21 27 98 14 66 56 66 20 31 19 57 13 32 15 99 74 71 6 24 62 73 23 33 83 74 41 61 4 88 94 15 81 74 42 3 18 21 80 17 64 12 33 85 24 76 93 93 42 100 3 62 79 1 10 24 83 34 53 20 82 33 88 3 13 68 65 72 7 82 57 45 44 48 22 55 53 12 48 38 89 38 53 61 80 65 12 77 69 6 78 36 22 1 43 34 58 50 7 3 94 90 3 10 55 7 48 61 84 39 80 99 72 28 21 70 67 91 66 39 55 20 45 5 8 41 93 53 89 69 72 30 21 35 14 3 3 74 64 19 88 65 54 56 90 55 95 11 69 3 81 36 59 14 69 65 33 87 69 93 77 43 20 58 17 3 33 88 78 71 35 71 56 44 42 91 68 16 16 70 62 23 41 31 38 62 89 99 66 82 25 70 74 44 51 89 50 73 76 5 40 88 95 4 24 12 13 46 24 40 8 10 3 32 57 3 50 19 90 18 51 95 69 84 71 100 7 71 45 88 42 2 20 1 77 26 2 33 51 43 77 50 91 97 40 88 25 69 38 90 46 84 95 84 5 52 73 47 80 14 68 99 69 16 47 53 2 4 54 2 41 15 48 50 98 2 78 78 42 31 50 23 8 63 96 89 21 85 87 55 58 73 93 84 53 51 84 72 38 41 76 63 63 4 97 93 32 28 26 25 60 94 3 10 19 80 53 40 96 65 6 59 82 78 40 21 97 85 30 6 15 37 26 49 11 98 74 20 79 33 84 93 65 94 61 71 6 74 24 60 71 31 60 58 44 20 27 92 21 8 55 46 33 12 51 90 58 5 67 7 41 71 23 67 37 1 48 10 1 61 79 30 96 84 95 38 92 99 92 56 73 89 18 90 78 7 95 17 7 51 18 12 55 43 97 89 32 75 1 90 38 82 ; 
L -50 -52 17 80 -26 -24 51 10 -64 51 37 -19 100 -17 38 59 6 -3 -1 -98 -19 -10 -44 67 -79 -54 -90 16 -3 -48 45 -29 85 -12 54 -35 -63 61 -41 29 -3 -92 96 -76 -44 -14 66 100 76 25 -5 -53 -31 -77 5 -41 26 -89 -57 -88 68 61 19 -94 -24 10 84 -59 9 7 11 -13 -16 -79 4 91 23 97 -11 -16 87 100 -87 64 16 -40 -80 -8 56 91 62 -68 94 -74 96 89 -30 -13 -31 51 58 -35 -46 -29 -27 -13 5 -85 -88 -89 16 -17 4 30 35 92 -27 -81 -94 14 -62 12 5 -96 27 -29 31 62 -39 58 -78 -85 63 -96 -72 -5 93 -27 32 83 -75 -72 97 60 30 50 59 -32 14 33 -4 69 -10 -41 68 -40 -6 58 6 8 21 -22 -7 15 30 -89 -23 -92 -1 -93 -59 -43 48 -49 98 -81 -36 52 87 -37 60 -97 89 56 -37 59 16 86 -2 1 -65 28 58 -25 -38 58 25 -24 -20 -9 -100 86 -48 10 87 -41 -77 -1 -65 79 17 -67 15 92 43 -22 77 -1 50 75 -82 11 71 -63 50 -81 76 -29 36 -69 -87 -99 -8 -46 -100 -47 78 27 65 67 -57 -83 50 34 -52 92 -37 -28 84 77 -12 26 59 -75 81 -38 -40 49 -45 50 59 84 -80 10 -27 12 -46 3 -31 64 70 74 -40 -97 -72 -13 -50 35 -66 10 -45 55 -70 -10 45 -91 26 52 40 16 -86 4 18 -41 -27 35 84 26 56 100 -59 -84 43 -73 -97 39 -68 -28 43 -49 -94 15 34 -6 40 22 21 -78 43 -71 -7 -53 -74 -57 -48 -47 -96 -89 -69 74 -84 79 79 88 5 -57 -75 -46 -44 -53 89 10 24 -99 100 -22 -92 37 83 52 54 -16 -67 -92 43 -33 -39 -35 -14 88 65 -96 83 -69 -34 -32 -99 -76 86 25 73 85 -43 54 -55 21 73 28 65 -69 30 49 -57 6 96 -83 -64 23 58 -38 -1 4 -35 -45 49 -15 88 15 -49 55 9 44 -2 39 19 46 50 86 31 11 90 64 12 73 60 12 20 24 -74 35 -34 96 85 16 -94 52 18 72 -30 99 -19 -11 50 73 -10 22 44 3 -72 -90 -27 31 -98 23 80 -29 55 -48 -87 -92 52 -68 -69 -86 -63 27 -40 -34 -64 -31 84 16 -61 -43 57 -91 -97 -2 80 53 -5 -17 -95 -27 64 -29 -64 93 28 56 -29 93 21 -65 -75 9 -62 -38 57 -11 51 64 -72 -36 49 63 -71 -64 -87 14 ; 
30:118 14:54 16:62 18:68 27:105 27:105 4:14 29:115 46:184 16:64 10:36 24:94 13:49 2:8 13:51 14:52 39:153 26:102 18:70 3:9 30:118 20:76 25:97 6:22 38:148 31:121 36:142 22:88 10:40 26:102 19:75 5:19 11:43 6:20 54:212 9:35 32:128 2:8 22:84 53:211 23:89 18:70 17:67 37:145 28:108 7:25 7:25 21:83 3:11 22:86 4:12 1:3 40:158 28:108 6:22 32:128 19:75 15:59 6:22 8:32 18:68 8:28 10:38 13:51 13:51 23:91 37:147 3:11 17:67 32:128 10:40 18:68 16:62 29:115 3:11 33:131 57:225 26:104 2:6 39:155 34:136 15:57 16:62 4:16 30:118 26:102 38:148 38:148 23:91 20:78 6:22 12:46 34:134 22:84 28:112 14:56 8:32 18:72 8:28 4:12 30:116 32:126 6:20 6:22 3:9 10:38 45:179 22:86 21:81 5:19 14:52 19:73 13:51 34:132 38:150 6:24 27:105 9:33 15:59 16:60 20:80 18:70 34:134 20:76 39:155 20:80 44:174 36:142 29:113 22:86 23:89 36:144 22:88 64:252 37:147 14:54 8:28 14:54 41:163 36:140 12:46 12:48 2:4 12:44 26:102 10:40 34:134 10:36 9:33 10:38 16:64 2:8 31:121 30:116 6:20 34:134 27:105 7:27 18:68 10:40 11:41 34:136 21:83 20:76 40:160 20:76 10:36 17:65 13:49 16:60 25:99 16:62 15:59 27:107 10:36 29:113 41:163 14:56 13:49 32:124 6:20 19:75 21:83 36:142 30:120 26:100 29:115 13:51 40:158 24:92 40:156 20:80 17:67 14:52 10:38 28:110 15:57 18:68 30:118 18:72 38:150 2:4 12:44 4:12 26:100 39:153 42:166 12:44 34:136 31:123 8:28 25:97 30:116 35:139 34:134 32:126 10:40 1:3 24:92 32:128 15:59 34:132 12:48 40:156 45:177 8:32 29:113 12:44 20:80 15:57 24:94 11:41 16:62 21:81 14:52 25:99 19:75 9:35 8:32 2:6 40:156 32:126 12:48 43:171 31:123 5:19 5:17 26:102 28:108 30:116 7:27 36:144 24:94 32:124 3:11 38:152 17:65 6:20 24:92 20:76 22:84 5:17 11:43 8:32 31:123 14:56 5:19 18:68 1:1 10:36 23:91 38:152 30:118 40:158 6:24 28:108 12:48 22:88 11:41 26:100 8:32 24:92 5:17 23:91 2:4 26:100 15:57 16:60 57:225 18:68 8:32 24:94 31:123 1:1 27:105 21:83 9:35 24:96 3:9 53:211 26:102 10:38 3:11 27:105 29:115 4:12 16:62 15:59 14:52 35:137 23:89 50:200 31:123 13:49 34:134 35:139 38:148 13:51 30:120 21:83 3:9 32:128 17:65 8:32 26:100 6:24 27:105 9:33 11:43 4:16 2:4 20:76 2:4 6:22 14:54 16:62 44:172 25:99 23:91 1:3 21:83 16:64 52:204 36:140 35:137 2:6 10:38 5:19 8:28 10:36 37:147 29:115 54:216 17:65 25:97 2:6 40:160 21:81 8:28 38:150 8:30 13:49 14:52 20:78 39:155 10:38 14:54 14:56 19:75 17:65 38:148 31:121 12:44 34:132 14:54 49:195 10:38 24:96 47:187 26:102 30:116 24:94 12:46 31:123 31:123 48:188 14:52 31:121 7:27 38:150 30:118 23:91 22:84 28:112 19:73 12:44 1:1 8:28 27:105 8:32 13:49 6:20 24:94 15:57 16:64 18:68 22:88 5:19 8:28 21:81 6:24 36:140 18:72 2:6 15:59 38:150 18:72 34:134 44:176 37:145 13:49 11:43 37:147 9:33 4:12 5:19 36:144 24:92 14:54 14:54 22:88 3:11 21:81 6:22 14:54 26:100 24:92 34:134 34:132 18:70 20:76 21:81 40:158 27:105 33:131 13:51 3:11 6:24 5:17 22:84 12:48 1:3 22:86 2:6 1:3 22:84 29:113 12:44 12:46 20:76 7:25 24:96 32:126 14:52 8:30 5:19 9:35 9:33 21:81 2:8 18:70 28:108 20:80 16:62 7:27 43:171 27:105 6:22 51:203 22:84 16:60 36:142 24:96 27:107 16:60 22:86 38:148 13:51 2:6 38:150 26:104 51:201 46:180 35:139 35:139 7:25 31:121 4:16 13:49 16:60 33:131 ; 
L 19 -78 -94 -51 -95 26 -59 -61 31 19 -34 -42 -67 83 -91 32 54 -22 -23 -51 -12 4 49 -35 87 -23 -70 97 3 -12 97 27 90 56 36 -12 88 -66 43 93 87 -88 43 -4 -32 74 -51 14 49 22 95 75 2 -80 33 -93 93 79 -38 -58 -13 10 89 51 -15 -21 -71 -22 40 -80 18 46 21 -89 2 -43 -49 51 -67 25 -35 -75 97 75 34 -100 -78 83 86 19 83 -39 -97 69 -76 -78 -81 33 100 30 69 -65 56 -18 -45 9 -24 16 -8 1 67 -84 -15 16 19 -32 -60 90 73 10 86 -57 96 98 17 -67 -18 -18 1 4 -6 3 13 26 -50 11 -86 -65 60 22 48 38 20 25 76 48 -21 -58 66 96 -59 63 80 -85 -96 31 24 22 -99 -11 -42 -22 69 -68 69 -99 71 -66 -46 -63 -72 9 70 36 -3 65 -60 17 -86 88 -86 88 -23 82 -53 51 -25 80 -56 -26 38 42 -44 -96 80 -43 67 26 92 -54 74 70 23 74 -28 90 -45 -90 -1 94 -89 98 11 72 64 -5 55 61 46 77 -90 -39 65 73 93 -58 -27 1 -45 -31 21 73 25 5 87 79 72 15 48 -51 -70 -11 17 -53 75 29 -20 -35 -12 93 -4 91 -52 12 -78 -100 44 40 -84 53 26 80 -80 -79 70 -29 -88 78 -18 86 -87 75 -44 -28 9 100 91 98 44 52 -92 -89 -44 51 -17 16 33 46 82 40 45 -72 -35 49 -90 70 65 -33 -89 -99 7 -23 -50 96 50 91 -92 67 -78 -62 28 -68 -10 -51 74 11 60 -49 -56 -18 -42 57 -25 -42 24 41 46 63 -24 -23 -4 27 -67 -42 98 62 -44 49 -8 -48 54 -21 76 50 -30 32 53 29 34 35 2 -79 45 -46 -49 13 79 -8 -45 22 22 51 92 65 94 -82 -65 -52 -68 17 24 100 87 72 58 -60 100 15 -60 -47 96 -99 -88 -65 44 18 25 87 -90 46 -4 -25 52 59 -80 -35 -30 -65 -77 -48 -62 1 -37 -55 -33 12 -21 -67 50 85 75 -10 -68 -62 56 83 -45 44 -58 32 -34 -10 -17 -23 -1 -96 81 -59 68 40 -40 40 -16 -47 -8 -20 -9 31 26 -40 47 44 3 77 81 -61 75 13 50 31 49 19 -76 -56 18 26 -7 62 -12 43 -71 9 57 -68 26 72 -64 -19 -66 -40 -10 59 -99 -61 -32 58 68 25 -59 86 -73 33 94 80 -2 -70 83 42 -23 -45 -95 30 -69 66 -15 51 65 8 86 -86 ; 
79 73 50 33 92 84 9 94 66 2 56 21 29 66 53 15 77 66 62 79 64 64 78 2 10 65 34 69 61 32 54 40 79 32 59 28 5 24 38 60 95 2 24 43 78 74 46 96 10 21 99 41 50 69 70 44 72 38 80 37 76 17 17 8 98 59 40 98 14 83 50 27 53 95 95 17 12 11 55 18 81 11 69 75 8 67 82 69 82 55 42 81 45 55 90 17 31 100 12 69 64 84 73 8 53 98 46 73 47 93 96 91 15 13 99 82 49 20 68 47 40 82 8 31 54 79 52 44 99 28 17 4 55 21 53 19 71 28 98 81 76 52 17 97 98 47 91 72 40 73 96 41 25 46 63 91 93 28 50 30 94 34 34 92 68 85 19 50 78 71 57 36 68 45 53 91 38 17 95 6 22 76 35 54 25 73 77 30 34 13 86 79 30 85 94 93 30 99 8 74 1 45 1 100 4 100 83 37 38 82 11 95 67 15 63 48 32 79 11 86 21 36 76 98 5 97 75 51 15 82 92 97 93 94 90 4 89 39 78 4 98 19 80 24 14 47 46 38 95 29 11 58 50 53 20 32 92 80 50 63 9 13 7 96 11 71 1 84 87 51 10 4 22 7 41 78 31 58 80 9 58 95 86 61 100 36 13 42 100 75 62 5 33 10 35 16 70 61 94 87 6 59 43 75 33 26 8 15 84 3 3 58 8 19 61 53 31 47 70 94 35 60 54 55 8 87 20 99 12 63 22 85 24 93 99 83 54 76 58 29 54 84 98 63 81 94 8 35 43 69 15 27 13 27 69 6 79 49 82 11 70 70 80 93 39 92 49 28 80 45 24 87 88 64 25 14 50 28 50 73 82 71 29 80 85 7 82 14 44 53 17 64 53 62 65 8 92 95 5 51 84 100 20 89 80 99 66 60 16 93 52 61 6 8 42 20 6 48 85 65 3 30 9 97 37 27 1 72 39 81 56 75 81 32 51 9 79 14 42 87 86 23 50 27 26 40 25 33 55 64 89 9 96 8 18 12 66 49 23 91 94 47 45 52 35 86 94 41 3 5 99 99 20 69 79 46 80 65 59 37 4 7 8 81 50 61 55 70 25 42 93 44 74 96 47 43 71 7 100 63 60 ; 
L 19 100 30 69 23 74 -16 15 84 15 -60 -47 -73 68 72 58 -19 -66 -40 -10 59 -99 66 76 -19 62 78 100 -34 78 10 -75 19 -65 56 -18 -45 9 -24 79 -38 -45 -12 -34 10 -70 79 80 -80 -26 72 15 48 -51 -67 -70 90 70 12 -82 -38 -75 64 -72 -26 11 59 -25 80 -43 45 -90 28 -42 -38 26 -91 49 -35 87 -23 -70 97 3 -12 99 35 -99 -22 -60 -43 93 36 -24 42 35 80 98 78 -62 42 96 -23 24 -63 -46 86 -88 86 -17 60 2 -79 45 -46 -49 45 -46 -63 -72 56 83 -58 -13 -97 75 77 34 -32 11 5 87 -20 23 100 87 -28 62 -18 -18 1 -61 21 -81 -7 -51 65 86 30 -37 -90 -1 94 -78 70 26 -65 44 18 -15 79 12 -62 -50 57 -86 -10 -96 25 -65 95 -67 -1 8 -61 22 -54 -32 91 63 80 -85 -59 -86 -83 68 -33 54 -49 -18 44 97 39 -83 -71 9 57 32 26 99 -69 68 -69 -52 93 -58 -10 -24 -31 27 -67 -42 -68 -58 32 -23 -51 -53 17 -73 -65 39 90 -34 -29 -53 86 78 76 -69 -85 -50 3 77 67 80 -2 83 42 -46 98 17 -67 78 -67 92 -21 -67 -44 -47 40 -20 -49 -36 -70 -9 65 94 -82 -65 -52 -68 17 24 -56 -98 -91 -100 -25 -51 74 11 60 -35 -12 93 41 88 -22 45 8 68 -92 -11 17 -53 -56 22 59 -42 -67 83 -55 -4 -100 -49 -14 88 29 -96 4 -27 1 75 -25 23 -49 51 33 -93 -50 -8 -40 88 -66 43 31 19 -44 -90 -27 -97 86 -73 33 94 45 44 3 90 -22 60 9 20 25 76 40 -40 28 -9 -15 -21 -71 -22 40 -80 18 46 -51 -89 -10 -96 -21 -58 -16 51 13 -19 65 -2 89 -21 -68 -58 50 71 -66 87 -81 48 8 61 -81 25 -73 -77 -48 -62 89 -18 -32 -74 54 -92 88 26 18 56 4 56 96 52 59 -80 -35 -1 98 11 72 30 -69 66 -49 -31 -50 -13 95 45 23 48 -60 -33 12 65 -2 -8 -65 25 87 -90 46 -4 1 23 75 64 -5 55 44 22 51 44 -33 -89 -99 96 50 -31 93 87 -88 43 -4 -32 74 -3 6 -4 59 -26 95 51 94 -75 40 -16 -47 -76 21 -57 -100 44 40 -84 53 43 31 26 -29 42 -79 -46 -33 -16 17 -51 44 89 92 -91 13 82 52 -7 -48 -61 -75 -80 25 -30 49 35 72 -70 51 -22 12 96 86 -86 ; 
32:126 10:38 28:110 26:102 8:28 40:160 8:30 6:20 6:24 33:131 20:80 30:116 33:129 6:24 19:75 10:40 17:67 32:128 2:8 40:158 40:158 8:32 36:144 18:72 39:153 4:12 18:70 33:131 27:107 4:14 6:24 25:97 5:19 28:108 30:116 4:12 22:84 40:156 19:73 10:36 32:128 11:43 6:20 6:24 13:49 15:57 5:17 39:153 3:11 6:20 43:171 16:62 32:124 2:6 17:65 28:110 7:25 11:41 1:1 20:78 8:30 11:41 23:91 38:150 35:137 3:11 6:24 24:94 28:112 38:148 12:48 34:132 40:160 30:118 32:126 35:137 25:99 45:177 1:3 4:16 26:104 14:54 28:110 25:97 13:51 18:70 14:56 37:145 12:44 33:129 32:126 12:48 41:163 21:83 4:12 20:80 19:75 7:25 36:140 30:118 19:73 7:27 39:153 25:99 5:19 40:158 24:96 9:35 3:9 38:152 7:27 20:76 11:43 6:20 11:43 28:110 3:9 16:62 29:113 23:91 23:89 8:32 7:25 31:121 16:62 28:110 13:49 24:94 2:4 26:104 48:190 36:144 10:36 21:83 22:84 36:140 30:120 2:4 3:9 18:70 40:158 36:140 46:180 50:200 29:113 26:102 13:51 12:44 31:121 22:84 10:40 16:60 33:131 27:107 26:102 63:249 6:22 34:136 3:11 14:52 2:8 26:104 10:36 42:168 6:20 33:131 16:64 27:107 38:150 26:104 9:33 38:148 39:153 38:148 8:30 42:168 27:105 31:123 6:24 2:8 10:40 19:73 22:88 6:24 33:131 14:52 21:83 12:48 26:104 25:99 36:140 42:168 18:72 33:129 29:113 19:75 18:72 24:94 12:48 14:56 34:136 28:108 37:147 8:30 20:80 39:155 9:35 2:6 38:148 63:249 10:38 38:148 47:187 32:128 19:73 15:57 32:126 16:64 35:137 4:14 40:156 31:121 15:57 18:70 18:68 14:56 16:60 4:12 7:27 36:144 12:46 38:148 18:70 11:43 10:38 28:112 28:110 56:220 28:112 10:36 18:70 22:86 32:126 20:78 34:134 6:24 7:25 24:96 9:35 10:36 35:137 40:160 23:89 18:72 18:72 28:108 39:155 16:62 37:147 20:78 12:44 32:128 18:72 10:38 18:68 17:67 24:92 13:49 9:33 9:33 25:97 22:84 13:49 12:46 38:152 12:46 9:35 15:57 30:116 5:17 33:131 30:116 5:17 16:60 32:128 10:38 19:75 7:25 18:68 36:142 12:46 27:105 34:134 38:148 13:49 18:72 4:16 30:120 1:1 32:128 8:32 30:118 21:81 3:9 11:41 10:36 5:17 5:17 22:88 18:70 35:139 38:148 23:91 5:19 10:38 16:60 20:78 1:3 20:80 28:112 32:126 16:64 25:99 2:6 3:11 4:12 15:57 22:88 25:99 27:105 40:158 11:41 4:14 32:126 6:20 40:156 6:22 23:89 8:28 3:11 52:204 24:94 16:64 40:156 6:22 34:132 20:80 11:43 9:33 4:12 7:27 14:56 27:105 29:115 19:75 62:248 20:80 30:116 28:110 6:22 38:152 38:152 43:169 20:76 8:30 15:59 20:80 21:83 14:52 50:198 12:46 8:30 16:64 8:32 17:65 21:83 21:81 34:134 16:62 13:49 9:33 47:185 1:1 30:118 30:118 16:64 6:22 38:150 9:35 7:27 15:57 20:76 25:99 26:104 4:12 24:94 63:249 27:107 6:24 19:73 30:118 39:153 9:33 36:142 26:102 22:88 20:80 38:148 17:67 25:97 29:115 9:35 40:158 33:129 13:49 45:177 3:11 53:209 6:22 18:70 22:84 7:27 16:64 15:59 52:206 18:70 20:76 13:51 25:97 5:17 28:112 36:140 22:88 38:150 35:139 19:75 14:52 7:25 23:89 38:152 1:3 10:38 18:68 32:124 30:118 21:81 2:6 7:27 14:54 4:14 34:134 37:147 14:52 20:78 48:190 33:129 13:51 24:92 40:156 8:32 17:65 37:147 32:128 20:80 26:100 7:27 17:67 17:67 14:52 33:131 40:156 60:240 17:67 6:20 15:57 40:160 25:97 35:137 38:152 28:112 37:147 12:46 28:108 26:102 7:27 2:8 22:84 1:1 12:48 16:60 10:38 8:28 14:52 12:48 30:118 37:145 13:51 32:128 22:88 26:100 24:96 ; 
L -50 -39 -86 -86 -53 -18 -7 -72 -51 -22 -71 -10 -94 -25 10 -24 30 3 -64 -84 59 22 -84 -76 28 -19 -70 -57 -32 84 6 -14 71 78 -4 -19 65 50 -18 71 65 -9 74 52 25 -81 -1 -72 -98 86 -20 6 -93 -12 48 39 91 83 99 18 -37 -95 19 100 70 88 -10 66 -48 20 -47 -83 -25 2 34 -36 29 -18 43 46 79 92 96 87 57 -99 51 -14 -9 84 9 75 -30 81 -91 40 -36 82 -51 9 86 6 97 -94 -90 69 12 -86 67 54 -44 53 43 5 -18 -35 -76 -46 74 -97 -96 34 29 -81 -29 -66 86 60 -86 -15 38 -34 -44 -46 -49 21 -82 77 -52 -34 14 68 45 17 -31 -55 -99 -43 -87 -80 -16 -64 -4 45 -71 -38 75 57 -7 22 2 -27 7 48 -39 -40 -80 71 -83 80 74 -93 4 -54 17 -43 -35 88 -97 97 42 52 71 83 -66 86 16 100 80 45 100 33 59 8 -56 -29 -5 83 -15 -77 23 45 -62 -97 17 -48 41 -48 20 35 -39 -2 -57 43 12 -57 62 -1 -47 -92 -91 -42 -12 58 5 3 -5 -100 -62 -74 -45 -92 -92 -84 5 88 79 81 44 92 -81 -65 30 88 47 -79 -75 89 87 -99 48 -87 -37 5 -61 -80 -92 36 33 -95 52 27 -28 92 12 19 42 -78 -24 16 -5 -8 -94 -66 33 -54 84 -35 48 -8 35 -33 -89 22 27 -39 -53 -89 -66 100 -58 -15 -5 29 81 -21 46 -51 -45 -30 81 48 16 -24 -48 -71 42 71 -30 -82 35 -67 -9 -100 68 29 82 33 -63 35 89 -75 75 -61 60 29 -67 -91 -10 -90 -8 -6 -68 -81 4 -49 -45 82 15 -95 92 -97 -65 -93 -73 -11 16 -99 -10 -62 -64 5 -18 42 1 29 92 30 -100 -81 -53 8 -18 7 -35 -50 -5 -40 -43 -18 -70 -27 26 37 59 9 -7 60 -77 59 89 -91 55 70 -26 -9 -82 -27 75 29 18 95 -72 25 -85 -37 34 -72 -56 -57 68 24 -74 -8 2 78 79 -96 -51 -91 74 -2 94 -58 44 -68 -35 26 30 93 -9 48 -67 -22 -28 -21 -7 58 -64 98 75 -36 79 40 66 91 32 -93 -42 -38 -82 54 82 -38 71 -64 91 -39 -11 32 4 -93 -70 1 4 -11 40 -26 -93 50 3 -60 99 47 -73 56 -48 36 -13 -97 -85 92 -8 -87 -17 68 -18 40 -82 59 24 45 78 -47 -89 35 70 -25 -6 -26 -17 -37 20 -8 29 24 -93 32 26 -27 ; 
24 22 81 53 12 2 51 48 80 66 85 44 15 1 13 43 7 70 40 23 97 79 72 25 5 74 64 88 54 47 51 86 48 26 56 99 28 71 92 24 28 46 11 43 24 12 61 92 50 51 91 56 2 62 51 65 11 29 78 3 96 55 44 79 70 51 37 5 51 79 20 48 73 20 23 8 80 77 72 22 24 94 42 81 33 5 55 29 92 49 89 13 51 87 7 29 99 64 95 64 49 7 37 20 99 78 59 88 22 73 98 86 29 24 100 65 87 10 87 25 91 84 56 32 41 50 59 59 6 11 47 82 72 71 12 57 14 31 89 55 19 45 41 40 100 80 99 82 11 81 70 25 80 76 15 5 48 5 14 14 31 23 16 11 40 73 3 91 40 60 28 11 72 11 40 56 54 88 77 55 97 82 55 91 3 75 21 81 69 6 18 71 98 31 30 51 72 80 7 23 60 81 17 28 65 96 49 48 75 29 76 73 20 57 3 84 4 6 46 61 78 66 34 21 90 41 21 40 16 32 72 8 85 42 35 51 58 46 40 68 37 81 7 62 3 61 41 87 13 20 82 28 58 6 68 30 77 48 23 67 92 16 72 17 46 81 94 90 83 30 2 86 48 2 40 63 47 30 55 95 66 8 65 26 97 67 10 65 48 68 80 51 45 67 18 29 20 85 95 57 86 99 87 64 83 68 5 97 52 21 36 84 68 99 82 71 64 17 70 59 90 26 14 20 94 86 84 65 20 73 24 35 19 69 93 78 62 41 34 39 35 26 48 16 16 86 8 67 11 24 83 88 83 32 45 36 90 69 70 97 10 88 1 75 8 65 46 27 65 33 44 26 22 36 27 83 98 98 68 75 41 70 97 39 10 11 6 56 55 80 11 45 80 3 79 24 92 48 63 34 79 12 73 93 49 52 7 64 72 22 48 75 28 54 35 22 14 32 25 33 41 57 34 72 16 100 10 97 66 75 79 71 97 21 31 20 86 19 58 16 38 23 27 11 74 26 19 51 66 82 81 95 95 1 46 35 8 33 9 36 81 59 90 76 59 1 68 10 2 35 12 29 55 17 33 64 8 18 44 61 16 98 8 16 99 97 22 40 57 30 15 55 10 1 31 63 44 1 75 58 6 ; 
L -50 71 -66 10 -70 -27 26 37 -93 -70 72 1 81 -87 47 -79 82 -38 71 -64 -29 -34 -45 25 94 10 71 -54 84 -100 -19 80 -63 35 89 -4 24 -93 32 -45 -24 -59 -60 -86 71 -82 -8 36 45 -71 -38 75 -18 43 42 -79 -86 78 -4 33 74 -93 4 -7 -16 24 64 72 7 18 53 86 86 53 43 5 -18 -35 -76 -46 -35 -20 48 -30 -26 -9 48 -35 -55 91 29 -91 92 -8 -87 -17 68 24 -74 18 -44 -81 72 -95 87 -54 82 57 -7 -84 32 57 34 -66 69 12 -88 -5 84 92 92 45 74 62 -18 -14 19 -82 -62 -97 17 -31 -55 58 -25 -29 5 15 -45 22 -84 -8 2 -94 -38 15 86 82 57 2 -51 -22 -33 36 -75 100 5 64 -18 -29 -28 92 12 19 -48 99 -99 60 -75 -5 -59 56 -8 6 8 -15 30 3 -94 -48 93 26 -40 11 -75 5 5 -64 98 22 -65 46 89 83 -15 30 -75 -6 22 89 -18 -29 35 87 14 68 -17 99 -37 -95 -89 -41 48 -94 2 82 34 2 -27 7 -80 -71 91 67 -29 -60 -57 62 47 -73 56 62 10 99 -16 11 25 -97 -6 -86 -9 51 -82 68 -59 -33 -44 -92 24 -44 58 45 -88 -70 -35 48 -8 35 -92 -70 -44 -46 70 21 57 -99 -27 -18 20 -86 74 79 -96 -51 -91 71 65 -9 74 52 16 83 -66 86 92 -81 -67 -33 -37 88 -96 -92 78 -47 83 -32 -27 24 100 34 52 -77 82 -21 49 3 -84 59 -29 89 -91 -81 -29 52 43 -17 54 -35 -50 -5 -40 -65 -10 4 64 -33 -36 19 -28 76 -95 52 27 -5 51 -14 -53 -89 39 39 29 96 97 -74 -68 100 9 67 54 39 36 -13 35 -30 -97 82 95 90 73 -9 -84 9 39 92 -47 -85 -39 -90 79 46 79 78 37 70 -25 -6 -72 -56 100 80 45 100 17 26 -34 37 85 -50 -43 -18 -49 88 -97 97 -77 59 -1 -42 6 -93 -68 57 -16 -12 -77 23 10 -48 20 -47 -83 -61 -12 32 4 81 -25 -68 -35 26 30 93 -9 -5 -40 -80 -8 53 81 -48 -81 30 -8 29 -1 -98 -51 58 -21 -7 58 -61 -30 -2 71 -93 -42 -38 83 99 18 12 42 91 92 81 -91 40 -36 -81 4 9 -7 60 40 66 91 -39 -11 -43 -40 93 65 97 -66 100 28 -67 -22 -48 16 80 87 43 -48 -71 -42 66 75 42 -78 48 -1 -45 75 50 3 20 26 -27 ; 
10:38 8:28 22:84 2:8 11:43 11:41 9:35 15:57 44:176 38:152 18:72 37:147 25:97 10:38 5:19 25:97 21:83 5:17 30:118 11:41 6:22 23:89 38:150 26:100 1:1 6:24 18:70 24:96 19:75 28:110 32:126 17:67 24:94 24:94 36:144 17:67 10:36 18:70 1:1 50:198 40:156 7:25 11:43 24:94 14:54 15:59 25:99 49:193 8:30 6:24 2:8 20:76 10:38 29:115 6:20 14:56 10:38 2:6 23:89 6:22 16:62 5:17 29:115 3:9 30:116 12:48 58:232 46:182 20:76 21:81 1:3 5:19 22:84 12:46 12:46 10:38 40:160 26:104 35:139 4:16 21:81 12:46 30:120 15:57 4:12 5:17 15:59 34:134 8:28 39:155 7:25 11:41 16:60 22:88 7:27 14:52 26:102 17:67 30:116 4:16 4:16 16:64 8:28 32:128 10:36 6:20 10:36 24:94 6:22 12:44 19:75 22:86 21:83 2:6 49:193 24:94 49:195 21:81 14:56 17:67 34:136 4:12 29:115 13:51 5:19 18:72 24:94 41:163 4:16 12:44 33:129 40:160 32:128 5:19 23:89 20:76 27:107 18:72 36:140 28:112 29:115 39:153 20:78 16:64 32:128 19:75 5:17 16:64 29:115 8:32 19:73 27:105 36:140 26:104 29:113 23:91 16:64 12:48 67:265 22:88 4:12 7:27 19:73 33:129 19:75 33:131 21:81 36:144 40:160 27:105 48:192 18:72 12:48 4:16 14:56 8:28 8:30 28:112 6:24 21:83 38:150 4:14 14:52 4:12 8:30 8:32 21:83 27:105 30:120 8:30 27:107 3:9 14:54 45:179 3:11 30:116 21:81 14:56 15:59 13:51 14:56 5:17 14:52 23:89 2:6 18:72 34:136 14:56 20:80 22:88 48:192 3:11 20:78 20:78 12:44 15:59 16:64 3:9 10:36 7:25 20:76 17:67 11:41 26:104 34:134 35:137 37:145 2:6 6:20 24:94 1:1 11:43 10:38 5:17 27:107 4:12 47:185 13:49 15:59 3:11 20:78 26:102 38:152 41:161 16:64 41:161 26:104 4:14 10:36 18:72 14:56 23:91 32:126 21:81 13:49 22:88 38:152 27:105 26:100 18:70 44:172 29:113 14:56 10:36 14:54 2:8 42:168 29:115 10:40 37:145 10:40 10:40 26:102 29:115 9:35 10:40 12:44 19:73 5:17 18:68 26:104 37:145 2:4 30:120 12:46 15:59 73:289 33:129 20:80 27:105 29:115 17:67 11:41 7:25 17:65 16:64 50:200 6:20 7:25 37:145 22:88 36:142 13:49 6:22 23:91 17:65 6:22 39:155 17:65 22:84 50:200 15:59 17:65 12:48 16:62 23:89 16:64 6:20 26:104 19:73 11:43 26:104 5:17 45:177 32:128 15:57 10:36 28:108 30:118 2:8 33:131 37:147 7:25 28:112 12:48 12:46 9:33 26:104 54:214 40:160 24:94 25:97 37:145 10:40 50:198 33:131 40:158 4:12 30:116 42:166 6:22 1:3 8:32 35:137 10:38 4:16 14:54 18:72 4:14 9:33 36:142 20:78 33:129 22:86 36:144 14:56 1:3 45:179 12:46 8:32 10:38 4:12 4:12 10:38 16:64 23:91 6:24 26:100 17:65 28:110 3:9 8:28 31:121 6:24 26:100 37:147 10:38 8:30 29:113 14:52 14:54 44:176 31:123 22:88 39:153 30:120 10:38 18:72 26:100 1:3 22:86 32:126 30:118 10:36 10:36 24:96 13:49 10:40 32:126 8:32 20:76 7:27 35:139 2:8 33:129 10:38 7:25 22:88 6:22 13:51 10:40 14:52 17:65 36:144 14:56 2:4 23:91 36:140 4:16 52:206 40:158 35:137 9:33 13:49 35:137 3:9 44:174 24:92 40:156 4:16 39:155 28:108 11:41 2:6 10:40 8:30 24:92 7:25 16:64 32:124 2:4 62:246 14:54 27:105 32:124 34:132 3:11 12:46 40:158 13:51 38:148 15:59 40:156 40:156 32:126 13:49 8:32 16:64 27:105 32:128 12:46 13:51 7:25 20:76 28:110 28:108 33:131 18:68 29:115 3:11 10:36 28:112 33:129 5:17 9:35 8:30 39:155 12:48 67:265 19:73 36:144 23:89 28:110 23:89 8:30 32:124 33:129 46:182 19:75 24:92 3:9 ; 
L -79 64 40 93 -15 100 -75 -70 51 -49 -72 -16 -63 -100 90 -23 -13 -35 66 43 -49 -57 78 97 -77 99 13 -69 -92 29 -6 70 73 64 96 15 86 -29 36 -47 33 -69 98 16 84 25 32 48 -13 26 -76 -14 47 -13 -71 -4 -60 -54 81 77 -16 -24 -9 42 79 -29 -82 -28 -79 -100 -99 9 56 -39 -87 -66 -26 82 4 80 4 -9 80 88 -33 44 64 12 -58 -70 64 46 -8 -43 -29 40 -90 2 96 91 -34 -8 90 -60 23 93 100 -36 -52 42 -100 85 -15 53 -73 37 -12 11 -64 -70 -90 2 -24 -10 -90 41 -33 -23 27 80 -7 96 13 56 77 41 -17 27 -29 -56 71 33 -99 5 52 36 -1 -15 -99 -45 -58 3 76 -94 39 74 96 80 -61 -68 -51 -53 87 12 2 23 -75 -98 19 73 23 37 -65 68 26 10 -94 60 -42 -56 -17 -81 -52 -62 -78 84 -7 -1 -80 89 24 -1 -13 38 -71 -36 35 -26 -24 -84 -65 94 -33 -67 -77 -70 -71 64 -50 91 16 38 96 34 -64 -90 16 69 -36 -38 88 -6 70 70 57 96 1 -15 -49 95 62 64 -57 67 16 48 -91 29 36 -83 78 46 -36 1 62 78 -79 -35 91 9 -75 37 17 28 -68 59 56 10 -20 60 92 -99 93 -52 27 -100 -42 94 -89 55 9 -39 -12 -26 33 84 74 -86 23 -64 24 -33 -75 -56 -5 -17 66 29 -59 16 49 -45 97 97 -94 92 71 -16 -94 95 -65 -91 -78 -76 -83 87 -62 75 79 93 1 90 90 59 17 91 88 -64 -90 85 -18 54 -85 56 -65 -85 -64 47 -65 7 -9 -56 20 11 41 -92 65 -47 86 -80 -40 53 -60 100 -66 -91 90 -47 -34 -55 -70 -95 -18 84 6 -22 -82 -93 64 24 6 98 70 79 -81 -2 -10 64 -59 -81 3 50 -37 -13 -50 -54 83 -59 10 -45 84 -86 57 42 10 23 -28 -56 49 42 27 -61 8 33 74 -78 -51 22 80 -56 90 -72 46 -41 41 -59 84 2 -11 -42 -45 6 79 -34 -91 -49 25 14 -34 -96 33 -95 -28 56 -91 -34 96 11 -76 74 -35 60 39 -85 53 -33 -2 -59 -49 -73 -41 -2 59 -37 -45 63 -99 17 -98 27 -91 -33 52 -65 83 84 13 -12 12 -29 11 17 90 43 72 -65 50 -15 -62 95 -90 -25 25 37 73 -67 10 15 -72 -78 41 -21 68 -3 15 -38 -46 -7 79 48 -7 42 -61 -44 -33 39 73 -4 -51 -31 ; 
70 11 13 3 27 80 61 96 71 29 37 53 86 93 65 45 96 17 4 18 59 44 87 70 98 86 40 64 24 77 84 54 16 28 44 96 93 48 6 61 37 19 93 50 77 61 88 52 68 34 77 72 73 48 87 97 59 77 26 26 59 70 95 45 41 16 9 66 11 8 41 64 46 3 43 73 32 23 94 88 53 64 89 98 23 23 87 98 99 59 62 40 3 73 100 77 54 27 88 86 31 78 27 14 10 48 11 70 11 49 94 94 42 51 50 9 30 19 69 59 35 32 10 5 62 84 3 80 18 96 45 66 30 35 82 69 75 12 19 23 51 33 12 77 95 61 80 61 93 85 39 39 89 48 41 68 14 48 26 85 4 91 13 33 81 23 17 81 100 79 15 51 10 37 97 70 57 52 79 76 7 39 91 76 20 81 32 94 60 55 51 46 80 100 24 62 58 96 70 61 52 29 83 84 12 22 58 9 29 55 22 17 77 79 49 97 3 68 53 14 42 11 95 83 67 9 4 42 66 6 48 77 88 94 96 18 84 9 1 18 33 65 85 76 12 20 15 1 99 64 7 89 57 92 29 10 11 15 9 49 8 10 95 96 36 37 68 13 81 39 88 6 88 66 12 40 67 2 99 90 61 66 67 80 53 22 42 85 4 82 44 1 29 25 60 34 23 80 65 30 50 86 67 30 11 29 90 65 51 25 20 96 56 48 43 56 16 7 31 5 40 73 68 40 23 60 62 31 11 65 70 63 31 52 69 29 48 86 94 45 41 24 71 41 32 73 6 25 34 23 16 13 76 98 91 99 16 17 25 57 19 74 85 99 40 43 57 43 19 6 88 69 32 37 33 48 82 70 89 16 14 64 42 49 83 34 18 5 92 42 10 18 43 36 11 52 6 18 30 1 67 40 4 90 96 67 34 82 93 34 21 41 5 27 35 79 19 49 51 16 56 100 27 37 51 82 96 18 4 83 17 28 95 88 100 84 46 44 85 49 23 20 53 99 36 64 5 53 31 3 37 77 28 8 34 47 14 36 55 30 1 96 57 30 66 75 45 74 84 1 20 84 65 68 69 71 73 35 73 37 61 44 75 74 16 87 49 81 30 55 79 66 22 27 68 58 72 11 30 75 99 ; 
L 42 -40 -64 -3 18 -54 -28 70 2 46 -41 41 -24 -10 -23 -2 -86 -69 -16 -40 29 75 -100 15 75 -9 -91 90 -47 -34 -55 -86 47 80 -7 64 -23 -90 10 -45 16 -71 -13 -35 66 -95 78 26 66 -78 -51 -79 -35 15 -1 65 -37 -23 -73 -65 24 -1 -13 80 89 -25 -67 -77 -70 -71 64 -50 -49 -57 78 97 -77 99 13 34 43 -33 -56 71 26 -76 -14 66 29 -59 17 5 92 -99 62 15 -50 65 -72 -43 -24 -64 93 -60 95 -11 12 -13 84 25 32 80 1 56 77 90 -81 10 23 -28 8 -46 -64 70 58 84 -7 77 -70 51 -49 -72 65 91 34 -79 -78 -76 90 -96 -57 -70 -70 6 -88 91 -29 59 -48 -56 90 97 97 -33 45 99 16 -27 52 -93 56 75 33 90 -91 -59 -49 -15 78 62 52 81 62 53 -33 72 -23 -92 71 -42 -86 -15 -96 -64 -26 -24 -84 -16 67 -73 -37 -90 -41 2 96 91 20 6 82 -93 -60 15 1 41 73 -42 7 17 -79 -70 -98 -6 90 33 74 -64 34 42 -2 -10 96 -56 56 9 94 -10 16 -21 68 96 34 -85 -64 47 -19 98 75 -90 -60 -65 94 -33 73 -84 -33 -12 -87 -93 -73 37 -65 83 29 -96 -74 -39 94 -76 -52 -5 99 -70 -7 84 -75 17 -66 -91 79 -52 -65 92 -41 12 -14 95 -36 -38 -6 45 -29 47 -36 33 -69 98 16 -84 7 46 38 -61 96 49 -45 40 -68 53 -22 -82 88 -64 -90 91 -27 98 20 11 37 17 -2 -49 72 27 -29 96 34 61 -27 -42 -49 56 -95 -28 56 51 68 61 45 37 -59 2 -3 81 59 87 39 -56 -9 99 100 -59 68 81 -13 -42 11 -76 74 -35 60 39 -24 -44 -33 -73 -70 6 -29 92 69 8 -79 -42 9 -46 -100 36 -2 99 -63 -80 -91 -17 50 -37 -13 35 39 78 -48 -16 -53 15 -85 -26 38 85 17 -100 60 -78 83 -36 -16 -83 87 3 -27 23 33 -41 67 49 -84 58 -11 -17 -11 79 83 -59 -25 64 44 -93 -23 60 -57 -33 -100 12 4 71 13 -47 -4 -62 -1 36 24 10 15 -36 95 -10 -56 79 28 82 29 -56 85 -54 -59 -63 -100 57 -64 -62 43 48 -13 18 -85 -33 12 64 -84 90 90 91 22 80 54 79 94 -88 -80 9 -4 -80 -4 1 -94 50 36 -38 -100 -42 94 -89 55 9 -39 -12 -8 -74 -41 26 -52 -86 25 64 65 53 -91 -90 -51 -31 ; 
28:108 22:86 6:20 10:38 44:176 22:86 11:41 35:139 3:11 15:59 36:144 39:153 8:30 2:8 16:64 10:36 9:33 34:132 28:108 19:75 31:123 37:147 25:97 32:128 25:99 3:11 40:158 3:9 10:40 14:54 10:36 10:38 38:150 24:92 18:72 10:40 36:144 28:112 30:116 7:25 50:196 32:128 36:142 7:27 2:6 18:72 9:35 24:96 13:51 34:136 3:9 22:84 1:1 36:142 17:67 2:8 4:16 21:81 6:24 17:67 12:48 19:73 32:128 4:12 29:115 23:89 7:25 5:19 9:35 24:92 4:14 12:46 53:209 18:70 35:139 28:112 40:156 35:137 16:64 44:176 36:142 38:150 2:6 21:81 10:36 31:123 29:115 17:67 34:136 2:6 33:129 9:35 6:20 4:16 2:4 34:134 30:118 18:72 30:120 27:105 17:67 23:91 10:40 2:4 40:158 18:68 14:54 15:57 6:24 25:97 36:140 14:52 24:96 33:131 33:131 32:126 12:46 12:48 14:54 8:28 32:126 2:4 16:64 25:99 24:94 35:137 13:51 13:49 21:81 29:113 12:46 15:59 33:129 10:38 14:56 11:43 3:11 12:48 14:54 7:25 4:14 27:107 34:132 38:152 5:17 30:118 8:30 20:78 28:108 6:24 27:107 20:78 10:40 18:68 29:113 34:136 44:174 8:32 15:57 39:153 44:176 32:128 27:107 12:48 42:164 13:51 34:136 18:68 32:128 8:32 31:121 37:145 19:73 53:211 34:134 6:20 3:11 12:48 12:44 6:24 25:97 38:148 39:153 18:70 6:22 28:112 25:97 38:152 38:148 29:113 28:110 43:171 8:30 7:27 36:140 35:137 14:52 24:96 8:32 12:46 15:59 10:36 25:97 26:100 10:36 16:64 27:105 22:86 10:40 40:158 34:136 30:118 6:22 7:25 5:17 3:11 32:126 33:131 39:153 23:91 24:96 10:40 12:46 26:100 4:16 23:91 7:27 6:22 30:120 56:222 32:126 26:104 25:99 13:49 20:76 40:160 33:129 16:62 8:30 11:43 12:46 34:132 6:20 33:129 16:64 30:116 14:52 6:24 34:134 4:14 11:41 14:54 2:6 3:9 6:22 28:108 17:65 20:76 34:136 38:152 31:123 17:67 11:43 24:94 29:115 24:92 4:16 16:60 29:115 11:41 20:78 20:76 12:46 42:166 12:46 0:0 8:30 6:22 14:52 17:65 4:12 2:8 25:97 16:60 8:30 38:148 20:80 31:121 13:49 33:129 20:78 30:120 24:92 29:115 1:1 13:49 26:102 29:113 33:131 7:25 30:116 3:11 13:49 8:32 15:59 2:4 16:60 21:83 11:41 23:91 28:108 26:104 10:38 19:73 8:30 30:120 7:25 22:88 8:28 4:16 17:67 37:147 2:8 11:43 15:59 48:192 2:6 34:136 24:94 15:57 40:158 22:84 20:80 36:140 3:9 21:83 18:68 2:4 19:73 26:102 17:65 1:1 4:16 12:46 17:67 15:59 28:110 2:6 34:132 7:27 12:44 38:152 57:225 29:113 28:108 29:115 7:25 22:86 34:134 31:123 10:38 21:83 4:14 17:65 18:72 37:147 42:164 8:32 9:33 24:96 2:8 13:49 14:54 44:172 2:8 13:51 15:59 12:44 39:153 28:110 16:62 8:28 11:43 21:81 17:67 37:147 67:265 16:62 4:12 10:38 17:65 17:67 14:52 8:28 16:64 19:75 12:46 7:25 31:123 8:28 32:128 2:4 74:294 20:80 54:214 11:43 17:67 24:92 39:153 18:68 48:190 28:112 40:160 23:91 8:28 29:113 20:76 4:16 21:83 10:40 16:60 20:76 22:86 39:155 35:139 20:76 30:118 36:144 5:19 31:121 36:140 20:80 14:56 36:144 18:72 5:17 6:24 8:28 5:17 27:105 4:14 7:25 16:64 28:108 67:265 43:169 38:148 14:56 36:140 31:123 9:33 11:43 28:108 8:32 16:64 25:99 23:89 31:121 22:86 16:62 23:89 4:12 10:40 12:48 2:6 10:40 22:88 16:64 40:156 36:142 26:102 22:84 36:140 34:136 6:20 24:96 26:100 30:118 14:54 28:108 6:20 33:129 16:62 36:140 3:9 36:140 2:8 8:30 32:126 24:94 26:100 32:128 22:86 24:92 18:70 15:57 9:35 5:17 10:38 30:120 40:158 ; 
L -84 34 76 6 61 74 -77 -28 -38 -43 4 -23 53 13 49 88 9 -100 59 10 -67 -49 65 -45 -69 -64 78 -68 -80 87 -20 -15 -72 60 -42 -45 -31 -95 -95 -67 1 -86 39 -7 81 -71 -26 30 87 -64 33 43 81 77 45 -65 14 -38 -30 -34 -49 52 8 47 47 -42 57 -97 -41 -43 -6 19 -55 89 51 -60 19 -84 -1 63 -31 -82 61 -4 -32 89 39 -24 -94 71 -2 -22 -83 20 51 -26 16 53 20 -70 26 66 -27 57 13 -96 -75 72 -73 -99 -56 -92 -47 -100 -44 79 -44 -68 -93 98 22 27 95 -77 -41 99 43 51 -60 -15 -7 4 71 -10 84 91 -50 64 53 89 -65 -78 64 -49 -92 62 65 -59 -15 94 -37 27 69 -18 -78 -13 38 -24 -26 -33 99 92 -19 11 75 1 87 93 93 -69 -38 21 -8 31 39 -86 43 92 -1 -41 87 -89 75 -52 34 -27 -66 -44 -20 -19 63 -25 68 -94 32 4 71 -56 -88 4 -38 -74 10 -36 -38 -78 45 73 58 -9 96 56 54 48 -86 80 81 74 -30 -31 -84 -41 77 43 74 37 -84 10 49 76 -98 63 44 94 -32 67 2 -34 -16 -37 -73 88 -8 58 -32 100 51 -27 52 29 5 70 52 31 -66 80 45 49 -9 -50 -25 -5 25 81 -59 19 19 10 -12 22 -20 -24 8 -27 -44 -13 62 77 -15 43 -67 27 -69 2 -67 78 38 -18 10 -61 -94 -81 -56 32 -20 -6 85 -28 29 -93 -81 41 95 -3 -30 64 -28 72 -9 43 22 64 -74 58 -29 90 27 6 -48 32 44 -56 95 64 -54 10 85 -69 -61 10 1 58 -44 7 67 31 -2 29 14 80 -82 38 -1 84 -87 -58 71 83 -19 37 -38 59 71 68 58 41 39 7 27 -25 42 3 -94 66 -25 19 15 22 22 46 88 -42 -35 87 76 99 -38 -44 19 -35 5 -96 94 74 2 -44 -6 33 -78 -13 25 62 12 76 6 15 79 98 60 90 16 10 20 44 -31 -17 -72 -87 -90 -2 64 33 -65 53 -29 33 -82 -66 93 18 -78 9 -43 84 -92 100 65 3 -52 -100 -96 -33 -42 13 66 -24 -53 91 84 -53 -40 95 -97 34 -81 -28 22 -10 -47 -59 21 -43 52 -37 -96 51 -55 -25 -61 98 9 16 28 -92 -54 2 52 68 95 24 58 29 44 -53 -36 62 -76 94 48 -89 -38 -45 13 27 -42 -17 -72 -7 7 88 58 64 -66 -43 6 -22 28 94 51 -4 ; 
87 80 72 66 9 31 39 99 47 98 93 3 22 65 43 30 69 34 47 30 29 74 82 2 15 26 28 15 27 92 37 62 44 25 8 34 25 92 97 12 67 63 27 33 87 40 52 81 65 44 64 17 35 48 41 17 12 33 31 91 100 74 99 99 22 100 16 63 35 100 100 73 27 59 83 53 74 94 66 19 65 80 93 44 85 27 30 38 25 35 35 30 43 22 23 90 21 26 27 98 70 72 9 77 68 78 18 45 93 29 93 23 67 75 46 42 81 56 13 56 100 51 85 69 34 94 3 45 48 42 51 81 35 40 53 29 7 57 58 92 72 13 79 91 22 67 100 15 12 29 81 26 46 52 75 58 52 69 50 86 65 68 59 8 70 92 69 93 43 49 36 79 24 65 100 12 84 72 84 76 49 48 82 92 56 36 51 83 95 63 100 28 12 15 16 48 36 86 17 99 68 53 61 96 50 67 38 7 11 9 78 35 20 83 30 35 40 90 37 79 23 82 34 61 8 16 31 86 78 92 93 42 62 97 45 59 11 39 97 50 97 40 11 69 4 55 96 50 53 38 41 12 19 28 80 82 79 58 50 3 77 63 34 71 77 90 65 76 60 4 95 51 40 97 46 48 33 48 45 85 5 23 1 39 84 87 9 55 48 4 37 46 39 46 70 88 34 58 65 27 42 13 23 23 78 86 62 11 87 73 87 87 72 16 72 58 46 28 48 55 39 64 50 59 79 56 100 14 55 25 27 68 59 14 48 11 12 52 45 2 14 94 34 55 47 93 39 54 69 16 88 19 6 7 25 86 67 39 96 43 73 15 71 3 54 9 1 63 17 48 30 100 76 40 12 85 34 49 70 16 86 3 80 59 56 89 28 25 45 40 29 36 78 50 74 20 45 67 84 11 23 52 89 75 77 77 94 53 42 4 80 24 100 43 63 33 16 81 59 92 52 63 65 81 42 96 10 11 6 70 14 73 93 70 87 78 6 95 45 28 37 92 58 68 7 52 77 20 48 52 75 51 77 65 24 46 100 62 5 80 85 43 65 23 78 55 31 72 15 52 15 17 92 89 40 41 73 39 81 80 85 59 41 46 31 50 94 70 86 76 82 40 88 46 70 44 34 95 92 4 73 ; 
L -84 34 -52 49 34 22 33 64 -99 81 -71 -26 30 87 -64 33 43 81 77 62 77 -42 29 2 52 68 43 -9 78 -18 -39 86 -1 67 -27 86 -39 49 -72 -93 -31 47 47 64 69 45 -65 49 67 -10 -59 100 -9 -29 6 61 74 -77 -54 10 85 -69 -61 44 -8 41 97 13 -94 71 -2 -76 -37 -62 4 58 -32 100 10 88 63 44 58 38 2 -78 -4 -32 89 39 -24 -43 -43 9 -72 28 38 65 19 -69 71 22 64 -74 58 58 14 80 -82 -36 -66 -13 42 18 10 70 -20 -53 1 58 42 -27 -96 -19 11 31 -2 29 -37 27 58 26 -65 -56 -44 4 38 62 12 -79 6 -96 -75 72 -73 -99 -56 -92 -47 20 -22 24 -25 -61 98 9 16 28 -92 -6 72 82 -19 -51 -89 55 99 43 66 27 95 -77 -41 99 80 52 -3 23 -31 8 38 89 -16 26 -51 -20 83 74 61 -10 18 54 44 25 66 27 -84 -91 53 -44 -100 51 95 68 -81 -43 -7 -39 -9 -25 -25 -5 50 -26 -33 -92 -27 -90 88 56 89 -65 -78 41 3 -95 -41 -2 -67 32 -94 -34 -16 -37 -73 -28 -38 -35 5 31 6 69 -93 -81 -28 22 -10 -47 -59 21 -43 52 -37 -96 51 6 -90 45 53 13 49 88 -93 -81 73 -1 63 68 58 28 44 -27 1 -1 -75 -67 -7 -81 -56 32 -20 -41 87 -89 75 -52 34 -53 -40 95 -30 64 -78 -13 17 22 13 44 27 -8 24 20 -22 12 -95 84 -92 100 65 24 58 29 44 -53 -36 62 -76 94 48 -10 -32 48 45 49 -64 -20 -19 59 44 76 -60 -95 -42 57 45 -21 33 96 100 45 66 76 -98 -8 -38 -74 10 38 -1 84 -87 -15 -19 25 -77 41 84 54 48 -56 -96 9 19 -64 2 90 17 -44 -69 -14 -29 -52 16 94 -3 -15 94 -86 80 81 2 13 25 76 53 59 19 -84 -29 -61 82 31 43 51 -60 -15 -31 72 15 -38 -78 67 38 55 85 -28 4 -42 -45 -60 -98 -79 -37 -94 -27 67 -43 30 64 -22 -98 93 78 -68 -80 87 -20 -53 -27 57 -66 -31 -4 -32 94 -68 25 -35 87 -70 -5 59 19 -65 -43 -13 22 15 87 33 -78 -84 42 -88 -46 91 24 -38 -66 -93 -7 71 -71 -52 -84 10 49 -44 -60 95 -43 -50 64 66 83 -19 -6 92 94 -15 -6 71 -10 -63 -88 33 38 -97 -87 -92 -7 7 -34 30 -74 -74 -94 7 51 -4 ; 
35:139 32:128 29:115 30:118 40:160 30:120 20:80 18:72 3:9 28:110 16:64 21:83 33:129 26:104 18:70 26:102 7:27 14:56 20:76 18:68 20:76 13:51 19:73 54:212 13:49 29:115 18:72 26:104 26:100 21:83 21:81 11:43 26:100 27:107 4:14 27:107 5:19 44:172 19:73 7:25 12:46 15:57 9:35 22:84 11:41 6:24 1:3 33:131 30:118 12:46 12:48 19:75 14:54 7:25 23:89 4:14 13:49 16:62 38:152 23:89 40:160 6:22 22:88 15:57 16:62 40:160 14:56 24:94 27:105 14:56 14:56 11:43 30:116 45:179 26:100 25:97 2:6 22:88 29:115 24:94 20:76 25:99 20:80 20:80 18:72 27:107 6:24 34:136 11:43 12:48 16:60 0:0 38:152 30:116 35:139 5:17 13:51 8:32 16:64 13:51 13:49 22:86 35:139 29:115 7:25 47:185 7:25 1:3 6:22 54:212 16:62 35:139 28:112 39:153 39:153 27:105 40:156 11:43 11:41 28:108 27:107 13:49 3:9 43:169 4:12 26:104 5:19 21:83 33:129 11:41 22:86 14:56 14:56 14:54 10:36 23:89 12:44 18:68 32:124 44:174 3:11 20:78 8:28 18:72 38:148 12:46 38:148 10:36 27:107 24:94 24:94 10:40 30:118 2:8 32:128 34:136 18:68 26:104 10:36 32:124 16:64 37:147 2:8 18:72 34:132 24:94 21:83 28:112 19:73 21:81 34:136 28:110 14:54 38:150 6:24 46:180 3:9 8:30 45:177 26:104 25:97 34:136 15:57 9:33 36:144 10:36 9:35 8:32 11:43 2:6 20:76 7:27 12:44 25:97 50:196 21:81 7:25 18:72 38:152 4:16 45:177 24:94 12:48 14:56 24:92 18:68 46:180 16:62 12:48 6:24 35:139 26:100 10:38 9:33 35:137 4:16 10:38 25:99 56:224 7:27 38:148 29:115 6:20 26:104 19:75 10:36 10:36 39:153 5:17 24:94 18:72 18:68 39:155 20:80 39:155 19:73 19:75 39:155 35:137 18:70 12:48 15:57 20:78 28:110 21:83 31:123 8:32 20:76 21:83 30:120 21:81 31:123 26:104 10:38 19:73 6:22 20:78 18:68 33:129 26:104 18:68 12:48 32:128 17:67 2:8 9:35 8:30 6:22 10:40 28:112 57:225 30:120 38:150 24:94 37:147 7:25 20:76 8:32 16:62 19:73 28:112 27:107 20:78 20:76 33:131 37:147 23:89 20:76 15:59 37:147 68:272 35:137 18:68 24:92 12:48 40:156 20:76 20:76 19:73 39:155 16:64 21:81 38:152 2:6 21:83 21:81 17:67 39:153 4:16 12:48 6:24 7:27 37:147 36:142 16:64 17:65 30:116 16:62 33:129 29:113 12:44 22:88 14:54 16:64 37:145 28:112 2:4 36:144 30:120 9:35 28:112 23:91 22:88 7:25 18:72 9:35 56:220 30:116 6:22 15:57 7:27 12:46 38:148 2:8 31:121 22:84 25:97 23:91 14:54 22:88 19:75 56:220 1:1 4:14 18:70 14:54 33:131 12:48 34:132 3:11 14:56 32:124 37:147 24:92 32:128 2:6 37:145 17:67 12:46 11:43 6:22 16:60 6:22 1:1 29:113 7:25 12:46 20:78 14:56 16:64 35:139 23:91 10:36 19:75 25:99 8:28 47:185 38:150 5:17 33:131 38:148 32:128 30:120 18:72 20:76 17:67 13:51 24:96 18:70 18:72 4:14 35:139 34:134 31:123 48:192 24:92 25:99 4:12 14:54 1:1 34:134 27:107 21:81 11:41 5:19 10:36 2:8 22:86 9:33 36:140 40:160 23:89 38:152 6:24 11:43 37:147 15:59 16:64 34:132 31:123 16:62 10:36 12:46 20:76 7:25 6:24 5:19 28:112 16:64 6:24 5:19 18:72 36:140 12:46 26:104 52:206 11:41 26:102 12:44 16:60 18:72 14:56 16:64 40:160 12:48 28:110 16:62 28:110 42:168 40:158 14:54 17:67 15:57 14:56 12:46 35:137 32:124 100:396 32:124 36:142 17:67 41:161 23:91 10:38 26:100 28:110 10:40 28:108 14:52 11:43 8:32 16:62 16:64 19:75 22:84 20:80 24:92 26:104 60:238 38:150 54:212 35:137 14:56 25:99 15:59 24:94 31:121 27:107 29:115 2:6 30:116 ; 
L 45 -97 -9 60 47 13 -54 7 -23 -67 59 23 22 -38 33 -62 51 -79 -14 37 -62 -9 88 -69 52 -23 -71 75 -87 -29 -83 56 26 -27 -88 87 -74 -61 27 4 -53 22 100 2 61 -79 4 10 -94 -86 99 8 -83 67 -97 35 -79 100 -56 -51 -49 39 47 -37 93 24 -67 70 99 72 -61 78 11 -96 -5 85 -98 57 93 -84 43 -61 89 -67 -30 99 -61 -95 75 58 6 92 -2 -45 45 -33 66 -93 -72 6 -42 45 -64 -63 77 91 -96 -2 58 -65 -41 5 17 92 71 76 -45 66 87 -18 -62 28 -94 28 -86 12 -80 -44 -94 29 -26 -69 19 91 -39 66 80 92 -18 -81 -18 59 43 2 12 18 -31 66 34 -36 -75 -70 -42 -9 16 -94 80 87 -10 -42 -28 -90 -81 -79 -92 58 77 -23 -92 2 90 13 -52 -92 12 -49 -28 42 -30 -16 97 -92 -96 -23 36 64 46 -43 -99 69 -3 85 -68 35 33 -60 -23 -35 16 72 -45 -62 -20 91 15 -77 -11 -62 -100 -89 57 41 43 28 -72 47 -36 -34 84 -23 24 -37 39 30 27 78 -27 -89 -69 -72 -86 -64 -84 96 99 -81 -83 33 -79 -74 -30 82 -15 -100 48 -14 69 89 -83 -63 34 -47 81 -21 9 34 -81 92 74 -67 18 -50 16 -53 99 -91 -74 -14 -97 24 -98 6 94 85 89 62 22 -17 50 78 8 56 -32 14 14 -25 96 -94 92 -45 81 15 36 -66 42 -71 -72 97 61 -34 -16 25 -77 24 17 58 47 -49 12 21 6 -76 -90 -34 20 -65 -5 20 -99 -60 18 -64 -72 90 -62 40 -34 -65 -23 33 -14 42 -7 78 1 -100 -27 -68 -50 -99 -46 54 30 2 54 65 36 -88 -70 -55 -88 69 37 85 53 4 36 -57 -69 62 28 -14 -59 -24 57 42 62 51 47 -16 37 65 -100 -82 39 -15 91 38 94 -1 -2 -67 71 -55 -44 -6 27 -24 12 32 -59 28 46 94 -43 -45 -57 73 -25 -92 97 51 89 37 -36 89 -54 -3 46 53 81 -50 -98 -51 17 -83 -50 -54 -7 -47 50 97 -75 -78 -67 9 -100 -36 81 -20 -55 -71 -20 24 65 27 -85 -74 22 95 26 -18 -80 96 -20 -39 24 49 -44 -19 40 66 65 -3 -71 -65 92 -63 77 -40 12 27 84 -18 33 -59 -7 -13 26 62 -31 32 -72 69 -42 -42 -41 67 -80 100 21 -55 -54 -19 -12 31 -30 26 81 100 -31 47 -56 -89 61 92 -27 12 40 25 ; 
86 20 60 96 3 19 74 88 75 53 59 91 49 43 64 30 55 22 2 24 74 89 37 10 83 47 64 61 2 6 96 83 97 73 24 90 38 99 1 74 16 47 100 62 19 81 93 78 56 5 33 22 81 64 65 64 36 79 93 55 87 85 2 5 93 57 80 89 71 19 28 86 34 35 17 8 24 49 89 51 57 70 18 91 88 69 33 73 99 98 49 54 63 31 62 39 22 40 53 14 19 34 84 99 40 6 30 44 33 61 16 96 32 13 14 100 23 84 75 82 22 63 65 15 84 46 15 79 60 89 70 26 53 30 17 37 29 75 68 8 89 1 7 64 79 54 19 69 49 53 65 66 39 60 46 5 92 27 59 1 82 39 63 50 53 57 86 81 78 67 76 80 32 69 1 28 12 3 50 67 18 22 59 87 36 32 75 26 57 89 94 7 48 90 74 37 70 90 4 48 8 25 43 21 81 48 81 14 68 89 73 8 47 93 81 78 39 99 12 66 37 87 38 65 99 10 69 68 12 51 1 38 19 5 46 94 27 98 45 86 60 90 32 67 15 76 64 100 1 15 76 90 43 60 74 84 87 74 43 23 39 27 24 66 99 94 51 46 18 75 46 21 37 49 91 7 95 99 33 16 63 42 5 63 55 12 60 79 97 80 12 52 62 64 69 98 13 75 75 75 95 22 77 44 23 62 100 14 85 2 22 36 50 76 30 42 28 6 41 48 83 32 88 76 95 90 85 40 93 67 81 16 99 79 56 1 74 2 80 18 66 98 28 62 40 47 39 37 51 89 54 49 79 82 21 72 35 3 29 77 44 17 20 38 62 98 8 71 72 48 93 51 28 45 39 5 72 51 46 10 15 15 71 3 28 48 39 39 27 6 26 36 43 40 24 47 42 42 4 46 25 86 83 21 42 51 1 50 65 47 60 69 90 5 13 86 12 53 31 79 42 78 84 94 58 67 45 46 3 89 45 74 11 66 90 58 72 33 32 35 61 85 38 89 4 92 51 20 15 71 56 66 71 27 50 17 37 81 36 46 93 25 71 50 29 25 7 74 75 56 10 20 88 2 12 50 21 46 40 45 77 18 13 10 8 71 46 6 9 42 76 81 79 27 46 49 16 96 82 45 79 ; 
L -87 -29 -83 30 38 94 66 -93 -72 6 -62 -89 -69 72 -42 -41 67 -36 7 -30 -89 -3 4 59 -33 31 57 93 -23 -27 -10 -7 -99 69 94 6 94 85 -42 -32 -63 34 -47 81 -21 -55 -54 -49 39 -62 -100 -89 57 41 43 28 -24 14 -55 99 -91 -74 -14 -66 45 -76 -71 -92 92 -2 -45 66 80 92 -28 33 -79 -74 -30 82 -15 23 -77 -58 65 -45 39 94 -34 -4 91 85 -68 35 91 -96 -42 96 42 22 -17 20 -67 83 -8 -99 86 -23 -71 23 60 45 -74 22 20 -100 -82 5 -55 -71 -65 -37 14 -25 34 90 76 -6 -56 41 -40 12 81 15 47 -16 -14 12 55 70 79 -92 81 -34 -9 89 -1 -2 -67 62 -94 -25 64 46 -43 -92 -51 17 -83 -92 -65 -5 20 -99 -62 -20 91 15 -16 50 27 -66 42 -71 -72 97 -36 -65 -74 34 -36 -75 -62 61 23 92 -100 40 -56 -88 -92 47 -66 -81 -81 32 -99 -96 84 -16 18 -84 -27 -1 -78 7 -42 39 -83 31 -62 -67 59 14 45 -98 -18 -12 -54 -20 -89 -69 14 6 -27 43 -18 60 45 -72 -16 -100 13 -87 88 27 -26 26 -18 -80 96 45 -13 -64 -23 24 -37 -39 -89 36 -37 -39 49 51 -99 57 42 62 51 -12 27 64 85 47 32 -59 50 78 8 61 -34 98 15 59 43 2 -47 72 18 81 18 49 -12 92 -80 45 -19 36 30 2 54 21 74 -67 96 -11 -78 -33 73 16 26 22 36 -100 -85 -37 -69 -28 69 -88 31 79 -61 75 -97 92 25 -24 47 -56 90 13 -52 87 -10 -42 -28 -90 -81 -12 49 -47 -78 -27 -30 11 77 -53 -20 -69 -72 97 -95 24 -60 9 -12 27 -92 -61 89 -46 3 54 -23 80 100 90 -62 40 -34 -65 -85 -26 5 -33 -58 -17 -24 77 46 99 50 68 -75 -3 -67 -63 31 35 -65 -83 -52 -70 -42 33 -62 51 -79 -14 37 -62 -9 -66 97 -50 44 -19 -12 69 57 -36 -4 -53 79 -35 97 -18 -77 53 -84 -33 -57 -77 63 -96 -2 -100 -22 97 87 -81 36 100 -9 50 -81 -53 -2 29 -91 -19 69 64 86 43 -94 -46 -28 18 88 -80 -44 48 27 -24 -59 -92 65 71 100 21 -37 93 24 -67 70 24 -30 99 -61 -95 -28 71 54 -2 58 -65 -16 9 38 23 -94 28 -86 -7 54 -47 -89 -51 58 94 -6 98 67 78 75 -97 72 -84 61 50 61 -72 56 -44 26 -17 40 25 ; 
5:19 3:9 39:153 31:123 20:76 19:73 10:40 16:64 22:84 6:22 10:36 3:11 36:142 1:3 26:102 9:33 19:73 14:56 25:99 48:188 18:72 4:12 20:78 31:121 10:40 10:38 2:4 36:142 18:68 48:192 21:81 4:14 46:180 36:142 12:44 4:16 15:59 20:78 6:22 30:118 12:44 31:121 36:144 18:68 24:96 14:54 6:20 3:11 8:30 22:88 28:108 36:142 30:116 4:12 19:75 38:148 20:80 15:59 15:57 23:89 38:150 21:81 19:73 2:8 34:134 10:36 40:160 6:22 12:46 26:100 13:49 32:124 12:46 30:120 6:22 15:57 18:72 35:137 24:96 36:144 13:51 44:176 33:129 35:137 32:126 29:115 9:33 27:105 25:97 1:1 26:102 11:43 20:76 36:144 6:22 12:48 16:62 35:137 12:44 37:145 40:158 24:96 44:176 26:102 33:129 9:35 14:52 10:38 26:102 34:134 28:112 10:40 2:8 13:51 24:96 3:9 18:72 10:36 8:28 30:118 14:52 21:81 24:92 5:19 34:132 31:121 20:80 15:57 13:49 42:168 20:76 38:148 1:1 21:83 26:102 20:76 36:144 10:36 7:27 36:142 30:118 11:41 30:118 35:139 34:134 10:36 6:24 6:24 6:24 44:176 4:16 14:52 15:59 30:120 11:41 15:57 36:144 6:20 35:137 5:17 13:49 12:44 3:9 17:65 14:56 18:68 9:33 33:129 10:36 10:38 10:36 29:115 28:110 40:156 6:20 30:120 29:115 16:62 30:120 55:217 22:84 26:104 28:112 18:70 17:67 8:28 14:56 26:100 29:113 19:75 12:48 6:24 22:88 32:126 15:57 25:97 6:24 19:73 2:8 22:88 9:35 20:80 29:113 10:36 23:89 32:126 40:158 12:48 7:27 3:11 4:16 19:75 12:46 8:32 9:33 9:35 26:104 22:86 7:27 27:107 31:121 40:160 26:102 31:121 18:72 25:97 19:75 34:132 16:60 4:12 20:76 25:97 11:41 8:32 36:144 10:38 30:116 38:148 34:136 16:60 36:142 35:139 25:99 35:137 29:115 15:59 35:139 15:57 2:6 21:81 17:67 6:24 34:136 35:139 22:88 20:76 40:156 4:12 29:113 7:25 11:41 24:96 45:179 6:22 31:123 11:41 21:81 7:25 26:100 14:56 30:120 13:49 17:67 2:4 3:11 26:102 38:152 32:124 15:59 36:142 4:12 27:105 12:44 1:1 21:83 40:156 21:83 40:158 14:54 25:99 16:64 8:30 19:73 10:36 8:30 14:56 14:54 21:83 31:121 41:161 44:176 30:118 15:57 24:94 10:36 33:131 32:126 3:11 13:49 4:16 32:124 30:116 33:129 5:17 33:131 10:40 19:73 16:64 41:161 32:126 17:67 32:128 13:51 18:70 24:94 1:1 33:131 16:62 26:100 13:49 34:136 6:22 17:65 4:16 40:158 10:38 33:129 37:145 13:49 6:20 21:81 5:19 10:36 17:65 23:89 39:153 22:86 39:153 7:25 20:78 19:73 23:91 26:104 20:80 9:33 30:116 29:113 12:44 38:152 36:144 34:136 16:64 12:48 4:12 2:4 30:116 30:120 25:99 10:36 18:70 31:121 27:105 8:28 32:128 8:32 9:33 15:57 28:108 24:96 8:30 30:116 17:67 29:113 37:147 16:62 18:68 12:48 22:88 9:35 1:3 10:38 30:118 36:142 22:86 28:112 10:36 22:86 8:28 4:12 15:57 12:46 2:4 14:56 29:115 31:123 15:57 26:102 10:40 5:17 10:38 41:161 9:33 24:96 13:51 16:64 32:128 22:88 25:99 40:160 22:86 36:140 41:161 2:4 19:73 18:72 21:81 28:110 24:96 21:81 50:196 5:17 12:48 22:84 20:80 16:60 4:12 10:38 16:64 18:68 9:35 40:160 21:83 32:126 3:11 16:62 16:62 15:57 29:115 15:59 7:27 16:62 31:123 13:49 38:148 23:91 32:128 36:142 34:136 39:155 28:110 14:52 30:116 40:158 10:38 6:24 29:115 14:52 25:97 8:32 19:73 33:129 18:68 42:168 6:24 34:134 41:161 36:140 35:139 4:12 34:132 41:163 18:70 42:164 7:27 43:169 24:92 38:150 34:134 30:116 33:131 12:46 22:88 19:75 12:44 8:30 28:110 37:147 28:112 9:35 18:72 32:126 ; 
L 58 -96 -10 67 80 -81 20 65 -15 58 -74 40 81 27 48 -94 -80 45 35 31 22 25 -40 91 53 90 55 -74 -64 17 2 82 -50 -94 -13 -12 -78 -36 -95 -83 -78 23 -3 77 28 -21 -71 66 31 72 -93 16 -62 -2 75 41 33 47 34 -17 -23 -44 74 98 -87 39 -64 -91 57 -79 28 -61 99 -16 97 2 98 6 13 56 -56 98 -92 11 77 51 -91 90 -92 -55 -56 -43 -2 16 -81 61 -8 -49 51 83 61 86 16 16 8 55 -57 -56 -42 20 23 15 75 -55 -15 -14 58 8 -24 79 31 74 -19 78 5 60 32 74 47 -36 88 -50 89 17 -88 -8 70 -57 39 -26 26 5 45 -73 18 -27 89 -99 -54 -70 -55 -38 90 -98 29 -74 7 36 1 -14 -15 -41 17 -93 29 89 -22 56 13 -79 57 5 -68 95 -95 -1 50 -67 -38 -30 6 -100 -77 33 97 55 -97 -56 41 -62 -78 25 -86 -65 -26 -38 90 -94 6 93 -49 -50 83 42 33 -34 64 -29 53 -83 82 -76 60 79 37 40 44 -20 -28 53 -44 -30 -59 -61 -27 -30 93 72 58 -51 10 -53 72 67 20 -2 -13 75 -10 -48 39 34 33 -74 72 20 85 71 81 -36 20 53 40 -47 33 78 -90 56 -82 59 32 -43 2 -25 -69 -45 -41 -80 -43 20 74 -50 -76 13 -27 -6 11 29 11 -90 -32 93 32 33 -67 -77 67 13 -68 -51 -48 -4 -67 3 -82 -42 -37 99 -55 -92 25 25 91 -45 1 76 -97 -42 74 -25 64 -3 -84 -44 100 -83 -30 -29 -61 17 -93 -19 1 25 -69 18 59 19 34 -99 -51 60 -28 -8 -70 86 -60 24 -29 -83 89 72 92 -52 2 27 -41 -23 25 27 99 -16 -69 -64 -23 -100 -20 57 78 32 82 53 -23 -92 -45 -41 -95 -4 -69 -34 92 -79 -50 -63 86 37 -33 80 -21 13 43 44 -74 57 -98 -83 81 61 42 -44 -47 -82 -2 -5 47 35 -81 77 9 -10 74 -90 -55 69 67 91 79 -8 -73 -40 92 71 99 93 31 89 -56 -52 -6 -83 39 -25 64 26 -42 -42 -81 -47 56 10 38 -67 93 -10 52 75 -77 -12 41 39 77 4 90 86 -19 3 24 6 86 7 -8 84 15 -80 -3 -73 5 15 36 -81 -16 88 77 28 62 73 98 35 -45 -38 61 60 -76 24 4 -10 91 49 -61 -74 -71 -95 86 51 39 -94 82 -19 80 31 68 -33 -19 70 -36 43 73 73 -37 -72 ; 
37 22 87 92 79 28 6 59 85 33 97 52 28 12 59 40 23 31 89 75 69 83 53 70 52 62 16 10 44 50 21 10 87 65 22 60 53 53 63 97 69 31 37 58 94 43 10 72 82 35 74 60 28 10 25 98 67 73 20 70 94 53 92 6 21 11 95 28 60 79 62 4 72 33 35 21 20 61 68 80 15 3 13 42 3 93 84 93 64 48 90 48 24 60 88 41 8 57 96 80 86 18 24 49 66 63 36 97 61 72 39 71 72 82 100 99 13 16 48 13 75 92 93 38 71 92 23 9 15 72 64 58 6 41 93 42 84 74 66 62 18 45 62 76 42 68 38 1 40 78 84 79 46 44 52 55 25 36 75 34 78 59 67 19 67 67 62 77 9 75 3 94 18 67 68 90 4 94 73 64 21 96 92 51 70 7 12 95 41 7 27 5 18 25 100 12 40 87 31 35 70 67 65 6 8 55 23 77 83 78 90 72 36 16 23 55 45 17 51 61 61 25 1 12 40 11 71 66 6 13 78 47 39 59 76 60 49 91 3 19 41 80 87 32 52 18 72 24 98 19 54 21 49 10 53 77 65 62 56 81 83 34 20 36 84 13 88 5 35 72 32 99 38 28 80 36 76 12 27 2 17 58 73 81 73 5 59 19 94 41 59 46 25 66 25 14 83 50 39 28 79 77 76 68 76 59 55 7 72 10 20 44 84 19 28 83 56 21 3 42 32 74 56 90 22 3 40 69 69 26 51 31 12 61 95 71 82 95 40 7 4 39 52 34 49 8 82 78 37 52 57 79 66 49 53 59 20 89 7 92 39 13 40 6 42 12 87 13 83 50 63 2 93 4 72 26 29 89 31 53 1 78 15 55 50 22 45 18 60 31 83 74 67 44 27 85 96 61 50 59 71 37 88 41 9 85 97 80 97 18 70 96 93 97 46 51 76 99 33 13 100 87 94 42 56 40 49 48 22 17 38 68 37 78 34 74 52 90 87 90 45 8 50 67 19 8 93 45 74 100 74 69 40 88 29 95 9 4 89 33 79 78 97 13 26 31 18 7 17 51 11 19 71 93 10 15 16 36 87 63 55 16 61 39 22 47 25 34 25 61 96 9 26 31 88 53 68 25 89 41 22 ; 
L 58 -96 -10 67 -97 -56 41 -62 -78 25 -79 74 20 100 23 29 -74 -35 -98 18 -27 -25 23 41 36 99 -89 27 99 82 -76 60 -93 -44 100 -19 -39 83 -79 -20 -67 61 59 30 2 -31 93 73 -79 -98 64 69 -40 64 -29 53 -52 65 86 37 40 -21 13 43 44 -74 63 50 16 8 -31 -35 -45 38 45 74 -83 -56 -13 -6 -98 -2 -34 -3 -73 5 15 -78 23 -3 13 -14 -15 -41 10 -93 67 -38 -74 -73 16 -12 74 -58 15 -65 -20 10 13 94 47 44 -6 -15 -23 -20 42 8 -79 -91 -8 -49 51 70 -57 -73 -71 -55 -33 77 82 -1 -61 -52 55 -57 -56 42 97 -76 26 -82 -42 -37 36 26 43 80 -32 93 36 86 16 78 -90 33 81 -80 80 44 33 39 -64 -74 -43 22 25 -40 91 53 60 -28 -8 -70 86 -60 -98 19 -25 86 50 -89 50 -92 34 55 -99 53 -10 72 58 -51 -30 95 72 -1 -82 47 6 -45 -41 40 81 27 48 81 71 99 40 -47 -8 -27 61 -62 -2 75 26 5 90 -56 -53 83 -73 31 17 45 -37 25 -2 43 -32 -34 89 -22 56 13 -56 50 -30 2 13 -68 57 78 32 31 -77 67 -33 -41 78 81 42 42 92 -90 -33 88 67 4 48 51 -90 -95 86 51 39 19 93 -17 61 29 30 -56 98 -92 11 77 -92 94 -82 59 -1 -77 56 -89 64 -90 38 -75 80 -15 -84 8 -7 -86 -6 -24 -3 19 -68 95 -95 -1 50 -67 -38 -93 -3 27 -13 76 -43 -64 25 -6 -92 34 69 56 28 62 -23 -44 -20 91 -51 23 -53 44 -53 28 20 -34 -39 48 10 11 88 -100 28 -87 -60 -5 -78 -26 67 -33 97 55 75 -77 83 -10 91 49 -61 97 -66 7 32 73 36 -47 -74 33 21 19 79 -57 85 71 -84 29 -19 -59 -18 81 61 42 93 -70 17 10 -9 -77 81 -33 81 -36 -80 -74 69 -25 -58 14 15 55 55 47 57 5 -86 -90 -4 -77 -39 55 -74 -64 17 2 82 -50 -20 -72 20 -95 -4 -2 -5 47 35 -68 83 45 29 11 -90 75 12 -4 -24 76 -60 38 72 17 3 -55 -79 25 91 -31 69 67 -61 81 -16 2 94 91 16 -99 61 24 -29 -83 89 72 92 -52 41 -39 57 -49 -42 -83 -69 -28 -77 24 -8 -27 -74 74 -82 94 -16 88 98 -54 -70 80 -99 -51 90 41 45 -25 92 -71 -16 93 -32 83 6 -36 -37 -72 ; 
15:59 9:35 35:139 37:147 38:152 38:152 17:65 3:11 11:43 2:8 9:33 5:17 42:168 8:32 24:94 24:96 22:88 3:9 3:11 41:163 28:108 20:78 15:59 32:124 34:132 38:150 1:1 17:65 23:91 36:140 29:115 15:57 14:56 13:49 12:44 42:164 28:112 40:160 3:9 50:198 31:121 21:81 5:19 1:1 13:49 26:100 20:76 11:41 15:57 8:32 18:72 20:78 6:22 11:43 31:123 34:132 78:312 28:112 10:40 8:32 22:88 19:73 22:84 1:1 32:124 6:24 29:113 2:6 33:129 27:105 31:123 30:120 36:142 9:35 21:81 13:49 30:116 9:33 32:128 28:108 25:97 8:32 2:4 3:9 38:152 4:14 2:6 16:60 13:49 15:59 11:41 13:51 32:124 24:94 32:128 32:124 15:59 28:108 6:20 31:123 28:112 44:174 46:184 39:155 14:52 34:136 24:94 25:97 22:86 4:16 27:107 34:132 12:44 12:48 29:113 16:62 29:115 44:172 32:128 39:155 19:73 23:91 39:153 56:222 18:68 26:104 22:88 25:99 8:30 21:81 22:84 6:22 17:67 18:68 6:24 15:57 39:155 24:96 3:11 22:88 18:68 4:14 6:22 34:132 9:35 14:56 20:76 14:56 16:60 24:92 35:137 21:81 10:38 20:78 26:104 13:51 3:11 12:44 19:75 12:48 34:132 12:48 38:152 32:128 28:108 20:80 34:132 22:84 28:112 21:83 16:62 5:19 25:97 38:152 29:113 33:131 13:49 6:20 9:35 19:75 36:140 33:131 3:9 8:28 27:105 12:48 16:62 26:104 19:75 22:84 3:9 6:20 24:94 24:92 26:104 25:97 23:89 23:89 18:68 24:96 44:176 10:38 12:44 5:19 24:94 18:70 33:131 38:148 22:84 4:16 11:43 53:211 0:0 22:84 4:16 10:40 42:168 18:72 50:198 28:108 46:182 15:57 6:24 27:107 5:17 26:104 12:44 26:100 15:57 8:32 14:54 25:99 14:52 25:99 31:123 4:14 16:62 30:118 33:129 4:16 9:35 38:150 16:60 3:11 37:147 3:9 13:49 24:94 32:128 27:107 12:46 25:99 20:78 16:64 32:124 26:102 6:24 28:108 58:232 10:40 19:73 24:94 10:38 17:67 25:97 16:62 9:35 18:72 30:118 13:51 17:67 2:4 9:33 20:80 2:4 6:20 17:67 2:4 9:33 6:24 30:120 33:129 18:70 7:27 38:150 31:121 22:88 24:94 19:73 41:163 21:83 36:140 16:64 28:110 30:118 40:160 30:118 18:72 38:148 4:12 5:17 27:107 28:108 36:144 2:6 38:150 30:116 39:153 39:153 23:89 32:128 12:44 5:19 32:128 38:150 36:140 4:14 26:100 20:80 10:38 48:190 11:41 21:83 22:84 40:160 20:80 34:134 32:124 16:64 18:70 25:97 25:97 21:81 9:33 32:128 17:65 8:30 30:116 24:96 50:200 15:57 17:67 16:62 37:147 29:113 12:48 5:19 30:116 31:123 3:11 6:20 21:83 25:99 25:97 7:25 15:57 35:139 6:20 28:108 14:56 10:36 12:44 15:59 29:115 6:24 6:24 18:70 24:96 11:43 32:126 29:115 10:38 14:54 22:88 42:164 28:110 16:64 1:1 8:28 24:96 16:60 35:139 6:24 24:96 24:94 20:80 25:97 40:156 27:105 8:30 52:208 8:28 10:38 9:35 30:118 6:20 40:158 40:160 24:94 33:131 28:108 38:150 11:41 27:107 20:80 4:12 18:72 16:64 4:16 18:70 20:80 9:33 4:16 35:139 32:126 8:28 36:140 25:99 6:20 37:147 18:70 11:43 34:136 3:11 17:65 22:86 22:88 11:43 1:3 28:112 1:3 24:94 4:16 38:148 29:113 7:27 4:14 14:56 6:22 17:67 51:201 23:89 31:121 43:171 26:104 4:14 19:75 17:65 36:140 24:96 9:35 19:73 14:52 14:52 29:115 19:75 16:64 3:11 2:6 16:62 21:83 14:54 8:32 21:83 27:105 23:91 6:20 3:9 10:38 38:152 38:150 22:84 20:76 8:30 12:46 22:88 9:35 10:40 34:134 32:124 25:97 17:65 32:124 8:32 8:28 21:81 22:86 12:46 5:19 19:75 32:126 8:30 19:75 24:96 22:86 8:28 24:96 24:92 18:72 17:65 9:35 ; 
L -77 -37 -43 -90 -48 40 73 23 11 -82 -86 -35 -68 -6 20 -27 47 -56 -91 57 31 -25 -87 -65 73 73 -2 -4 15 -76 30 -43 -25 -11 -5 -41 -24 -26 17 2 -55 -87 -48 -9 28 -89 41 -85 67 -3 3 -38 5 19 84 13 -9 50 8 50 23 -11 -66 -72 -51 43 -77 3 26 -36 -32 -71 -10 -100 29 88 -21 -44 9 -51 57 -2 44 -97 85 17 24 -64 -64 -15 -60 87 -88 -54 -96 61 -67 -90 90 -77 -10 -37 -36 -55 71 -94 -54 -72 -23 54 -96 44 74 68 -25 -13 -39 78 -18 -46 -72 -12 92 81 -31 -14 11 -8 25 20 61 -46 -73 -68 60 62 -36 -67 -59 -21 24 45 1 -61 81 22 -63 -93 -66 -11 -87 47 -24 44 -67 -80 -39 94 2 16 27 -16 93 47 -12 -47 -86 70 -36 46 -74 -48 14 68 27 100 73 40 68 -62 95 56 -74 46 84 -24 -25 37 30 24 -93 -71 48 90 10 48 -10 -14 -39 60 90 30 -39 -37 -99 -50 -23 2 48 -23 11 16 -1 -93 -39 58 -89 -65 24 -67 76 70 43 77 -32 -44 50 78 58 -96 11 48 -77 -97 37 39 -5 -60 -61 -6 -13 -4 11 31 72 41 -18 96 -100 35 -27 -87 -84 70 44 85 -83 -97 75 -93 45 90 92 -97 -93 59 -11 -53 -67 -17 -41 24 7 92 -54 88 -33 -44 -67 -65 -21 -65 6 -63 -19 -8 2 11 36 -58 29 40 54 87 -47 -27 41 89 83 93 39 31 -4 -60 -35 -94 90 8 80 38 77 61 95 -15 99 56 58 14 -67 24 -87 -20 85 -87 43 -20 -14 -58 -26 -25 -5 -6 19 -87 96 -70 -5 4 78 -77 56 -7 -7 75 47 -70 47 -44 -15 1 94 -41 -96 86 -17 40 25 -26 6 16 -40 -17 6 6 -11 -51 70 -48 90 -4 7 20 7 -73 -49 73 -47 84 71 20 55 -67 7 66 88 -82 38 -17 -30 -29 -34 79 -97 73 -54 46 -15 -25 78 -44 -59 10 -17 -43 -79 -59 6 13 13 88 55 -86 91 -84 81 51 94 -49 39 99 -13 38 -100 -35 -9 -42 -28 -43 30 -77 -19 -67 25 -95 -65 13 -69 -47 71 64 45 -78 11 -69 71 -3 8 -68 -27 2 -90 -75 59 -10 68 -85 49 -82 77 97 76 27 -92 -45 -97 -6 33 -18 -100 60 -61 21 -83 -5 23 30 22 61 32 58 84 -53 66 17 -16 -14 100 49 84 -21 -46 88 70 98 33 -26 99 -9 12 39 ; 
81 63 92 59 7 89 22 23 89 48 2 33 58 19 4 35 97 21 55 69 2 38 39 64 100 25 80 37 46 47 91 27 93 55 100 25 46 72 91 15 2 14 34 48 85 75 96 46 53 89 38 82 83 77 89 62 24 51 98 28 87 78 20 28 90 59 44 79 36 50 48 88 59 49 43 24 27 89 82 41 44 63 68 13 49 70 96 29 73 23 78 15 59 74 49 17 18 100 11 57 16 45 65 23 51 74 35 97 56 14 30 29 6 42 58 94 76 12 97 49 25 57 17 18 5 23 20 74 28 32 63 58 29 78 13 21 30 42 65 41 99 4 98 64 26 55 81 9 91 31 13 9 40 55 74 71 75 67 30 66 31 70 49 81 37 44 71 11 99 8 6 79 13 53 66 23 13 43 95 20 13 8 27 65 75 33 81 17 53 78 28 80 78 58 87 83 86 71 1 92 94 95 83 21 64 20 70 34 74 19 97 90 83 54 88 91 5 9 77 72 83 100 46 34 29 57 83 34 81 12 40 77 23 68 70 67 6 96 92 48 89 21 57 79 9 24 80 100 40 79 74 71 64 63 70 77 61 29 1 8 88 16 98 19 17 77 1 97 62 5 81 49 96 59 33 81 27 6 82 88 59 26 46 23 91 21 15 54 33 81 26 8 21 58 39 36 2 67 19 45 5 5 27 100 8 48 36 81 16 17 60 42 1 60 100 91 23 53 4 65 60 16 34 67 50 41 67 66 76 35 58 90 57 16 61 29 43 65 95 8 40 4 42 96 94 13 64 15 18 20 71 28 69 34 82 51 81 53 85 77 16 83 82 23 74 46 96 26 1 41 92 24 88 51 73 43 54 90 27 54 61 91 31 19 42 54 65 27 50 63 12 16 89 46 95 46 96 39 9 62 97 38 4 1 15 94 58 12 10 21 4 41 31 14 36 52 46 40 73 76 94 15 38 7 52 5 22 100 16 67 81 58 78 52 96 77 75 24 49 58 2 54 51 67 86 50 62 47 74 12 90 38 79 9 15 15 11 96 72 6 48 57 58 92 65 44 17 25 61 94 33 50 43 3 2 95 24 92 92 15 95 38 32 6 58 17 88 14 3 100 43 41 56 88 12 83 64 5 26 15 54 ; 
L -77 74 -56 41 89 83 93 8 11 -84 -46 -37 -43 -90 -48 40 39 85 -67 -62 97 83 100 49 84 28 42 55 -86 -35 -54 96 -33 -44 31 65 87 56 -27 -87 -84 41 58 -89 -65 -82 77 97 -47 97 -92 -77 -97 37 39 -5 -50 46 -61 -87 80 -3 3 57 -2 -4 94 -60 -73 58 82 -11 68 27 100 -67 2 48 -99 59 -54 -40 24 -64 95 -25 67 19 -73 2 -90 -75 -58 -32 -30 -37 90 67 -61 96 74 -86 -6 94 -70 11 87 25 -73 -73 17 70 87 -5 4 88 23 17 2 -55 -87 -48 -9 28 -89 92 -54 -21 -33 -98 88 70 -32 -44 -73 -63 -93 -66 73 -7 -20 -7 4 -90 48 -51 61 -1 -45 -24 71 41 5 -47 -27 -26 93 27 71 32 36 -2 96 -100 35 76 27 -92 -45 -97 -100 60 -61 -60 -78 25 15 -10 -100 -29 58 -72 39 13 68 -24 78 -1 -93 -39 -25 46 18 26 -70 -64 -59 -21 69 -11 78 -45 -35 -9 -20 68 -85 49 24 -67 -39 -67 -24 -17 -53 66 17 -84 -44 -30 50 99 58 -96 11 48 -90 -45 -19 -8 2 11 -43 51 72 66 11 -23 -50 7 66 -23 16 -27 -16 -6 65 16 -50 9 -44 71 -94 -54 -36 -77 3 26 26 58 14 -88 -49 73 -47 84 71 59 -30 -23 5 83 -21 90 81 22 -68 -54 46 -20 6 5 19 84 13 24 -93 -71 48 90 72 -12 -47 -24 44 49 7 -78 67 53 -39 59 79 43 17 -10 10 -18 21 -23 -5 -68 -40 77 -90 13 6 61 60 47 -44 -15 1 67 -59 21 -88 -29 55 -86 72 -15 -60 -8 -23 92 81 -31 16 -41 91 -84 81 -40 -17 6 33 -36 -67 -71 47 -85 -44 -70 70 12 47 68 -25 -39 -77 -10 -37 -36 -55 96 60 -76 30 3 -96 86 82 11 99 -11 -91 38 -77 29 30 -16 -77 -43 -43 10 48 -10 -14 -39 -13 100 -38 13 27 68 -8 -44 22 61 -88 -13 75 -93 63 -2 51 11 -6 6 -43 -95 -61 -14 11 -8 80 37 -46 -36 -31 26 -25 -40 65 87 25 46 70 -88 -47 -75 7 7 -56 -34 67 -14 -54 41 -62 95 73 93 47 -77 -38 20 20 -43 87 -85 20 87 94 35 78 -18 -6 -57 -76 31 -4 -74 -48 14 41 17 9 -51 -38 64 -65 13 -69 14 -11 4 24 25 -15 99 56 97 25 -24 79 -19 6 -94 -30 -90 -15 44 -97 85 9 -17 12 39 ; 
33:129 30:118 11:43 12:48 27:107 8:30 18:72 36:142 14:52 24:94 30:120 22:86 37:147 24:94 3:11 36:142 6:20 47:187 6:22 28:110 17:65 12:46 36:140 6:22 2:4 17:65 9:35 4:16 32:128 14:52 16:62 24:92 15:59 3:9 41:161 13:51 14:56 12:44 18:68 29:113 26:102 41:161 32:128 2:8 4:14 20:78 29:115 3:9 25:97 33:129 8:30 32:126 28:108 28:112 27:107 3:9 30:118 23:89 24:92 21:81 1:3 19:73 16:60 48:190 24:92 15:59 3:11 34:132 4:16 14:54 20:80 20:76 21:81 27:105 10:36 4:14 8:32 30:118 3:9 28:110 2:8 9:33 17:67 12:46 27:107 21:83 32:124 24:92 22:86 6:24 36:144 16:60 22:86 6:24 31:121 22:84 6:24 40:160 8:28 7:27 12:46 15:57 3:9 19:73 18:72 28:108 22:86 32:126 1:3 10:40 31:121 42:164 13:49 6:24 26:104 48:192 54:212 15:59 6:24 1:3 6:22 14:54 20:76 34:136 30:120 53:209 14:52 9:35 39:153 5:19 9:35 23:89 21:83 23:91 23:89 11:43 4:14 37:145 12:48 21:81 36:140 10:38 37:147 17:65 1:1 11:43 4:14 26:102 40:156 2:6 2:6 38:152 42:168 8:28 15:57 3:9 29:115 14:52 18:68 36:140 20:76 46:184 54:214 16:64 32:126 16:62 23:91 24:92 37:147 26:104 26:102 38:150 14:52 12:46 18:70 4:14 16:62 42:168 20:78 5:19 11:41 58:228 11:43 31:121 8:32 39:153 32:128 22:88 22:86 36:140 26:104 6:20 20:78 54:212 29:115 5:19 14:56 17:65 73:289 27:107 21:81 22:86 3:9 21:83 23:89 9:35 6:24 5:17 50:198 29:115 32:126 25:99 26:102 25:99 25:97 13:51 3:9 15:57 23:89 20:76 30:118 8:32 51:203 5:19 16:64 31:123 17:67 7:25 26:102 9:33 6:24 22:86 6:20 24:94 36:144 12:44 8:32 32:124 35:139 18:70 8:30 27:107 1:3 28:112 13:49 32:126 19:73 24:94 23:89 21:81 16:64 24:96 30:118 14:56 14:56 26:102 32:126 15:57 22:84 31:121 27:105 28:110 41:163 18:68 22:86 36:144 11:43 10:40 23:91 38:152 1:3 2:4 18:68 12:48 12:46 22:88 53:211 40:156 19:73 17:67 2:6 13:51 31:123 36:142 25:99 15:57 12:44 32:128 32:124 24:92 28:110 9:33 18:70 36:144 22:88 39:153 17:65 8:32 6:22 25:99 70:280 32:126 38:150 6:24 1:1 2:6 24:96 1:3 16:64 14:52 39:153 11:43 38:152 28:112 40:158 8:28 36:142 20:76 37:147 22:84 6:24 8:28 8:32 27:107 36:142 62:244 11:43 10:38 23:89 17:65 27:105 4:14 32:124 12:46 39:155 7:27 8:28 2:8 21:81 21:83 5:17 6:22 15:57 23:91 34:132 33:131 8:32 14:52 17:67 36:140 20:78 3:11 31:123 28:112 25:97 64:254 17:67 11:43 24:92 60:240 35:139 7:25 18:72 26:104 10:36 8:32 13:49 5:17 37:145 26:104 10:38 14:54 34:134 8:28 22:86 19:75 16:64 41:163 6:20 4:12 26:100 20:78 1:1 14:54 13:49 14:52 34:132 35:137 29:113 1:1 4:12 4:12 16:60 6:24 19:75 30:118 19:75 27:107 26:102 37:147 21:83 9:33 4:14 4:12 46:184 4:16 6:20 19:73 30:118 36:140 18:70 46:184 1:1 4:14 8:32 30:118 28:108 14:52 9:35 56:222 2:8 6:22 22:84 33:129 30:120 26:102 16:62 17:65 28:108 8:30 30:116 38:150 39:153 17:67 2:6 18:70 31:123 2:6 26:100 26:100 8:28 6:20 5:19 28:112 33:129 10:36 24:96 15:57 28:110 17:65 20:80 27:107 14:54 7:25 10:40 20:76 3:9 4:14 17:65 2:8 11:43 4:14 11:43 11:43 32:126 6:20 4:16 33:129 8:28 17:65 3:11 26:104 41:163 31:123 30:120 32:124 2:6 23:91 29:113 12:46 16:60 40:160 37:145 14:56 18:72 34:134 2:6 42:164 23:91 6:20 10:36 38:152 52:208 28:110 6:20 20:78 11:43 19:75 28:110 6:24 22:86 ; 
L 2 64 -44 94 -93 -28 57 -78 73 -88 34 -38 19 -23 83 -95 68 -41 22 44 -88 -35 4 -58 50 43 24 28 5 -91 31 78 61 -26 -48 96 77 35 -86 -97 -61 -69 -30 -33 4 92 -3 -46 27 99 11 48 49 -24 77 70 -6 4 42 14 16 92 -84 81 49 67 18 -19 -77 -7 24 93 63 1 -90 -26 48 -53 52 70 52 -9 42 5 -76 66 40 62 53 -9 30 -79 -48 -18 -5 45 -69 65 8 -14 81 -52 57 -71 59 -93 -3 4 75 88 -59 -48 -41 85 -17 22 7 -43 -21 84 -11 -45 -9 -50 -100 -79 82 -62 54 -95 11 33 -82 -54 95 93 -71 26 45 -1 26 41 -6 91 -58 -96 -54 7 -37 -41 28 100 -19 93 -24 40 -88 67 16 52 -36 27 23 -37 -80 2 -68 -17 75 -58 28 3 -35 -23 82 -82 -94 -78 41 -23 6 -66 -85 -91 -87 -27 43 83 -26 -70 -43 -84 99 4 -60 -65 26 -38 -93 -41 5 -21 -21 -42 10 -39 -96 -38 -20 -25 -86 -1 -75 13 -44 60 63 -76 20 -71 12 -27 -49 -95 -93 76 -92 -8 74 -25 46 5 4 -76 3 -56 25 -78 -99 -13 -10 14 -95 -59 -32 -2 -59 21 27 34 -84 -47 39 -51 -98 9 -70 5 -68 34 -50 42 -42 -60 -11 -62 5 88 65 -74 57 24 32 15 54 93 -48 3 52 53 14 -82 54 -4 -24 -97 77 25 -63 -7 -66 20 51 -30 27 97 7 -85 80 -41 -52 32 -52 45 71 38 99 70 90 16 71 -59 -13 27 -11 20 -24 96 -7 66 -91 -65 -97 -78 22 -50 41 66 -22 42 -3 62 72 -7 33 55 -98 51 -74 62 90 -79 82 14 -80 -19 -4 -9 -34 -23 -84 12 93 55 5 8 53 29 57 9 -32 -52 59 -21 -47 -85 28 48 -43 98 -44 -88 34 -56 4 88 50 -93 96 -10 -4 -73 43 22 -99 76 22 61 -8 -68 83 59 6 76 63 -97 80 -17 31 69 1 6 -95 -63 -34 64 56 54 -43 -40 -71 -84 -45 -90 -41 -75 -1 15 14 -63 -49 -30 56 -49 -74 -97 -90 -25 -91 -88 62 32 85 -47 38 23 -76 -4 -63 68 -65 -59 -92 54 -79 -28 2 -32 -26 -60 -5 76 44 -27 -32 -70 -66 -80 84 63 70 51 -9 -64 3 -14 76 -11 -89 97 -18 -68 -3 21 33 -69 58 75 -15 -92 -47 -24 87 -92 -44 -19 -49 -50 69 62 -91 -96 1 39 51 94 -4 9 28 55 ; 
45 23 1 51 43 32 4 18 4 46 87 59 10 36 20 11 95 62 30 98 9 99 21 37 59 4 84 27 38 9 25 56 86 73 53 26 61 1 3 59 48 77 73 61 6 75 24 86 5 32 61 93 14 91 66 99 5 33 3 92 17 97 96 9 3 76 44 68 82 75 66 6 4 3 10 81 34 5 46 88 75 81 52 46 67 30 77 32 7 83 17 26 38 28 8 100 30 33 72 37 49 25 18 65 25 86 71 38 74 10 52 47 44 41 84 89 28 9 77 46 97 49 19 30 86 44 8 83 53 73 100 77 8 20 5 48 63 75 62 20 76 80 15 76 5 90 83 57 84 40 68 77 61 37 6 7 84 4 85 45 2 52 4 85 37 20 9 69 12 51 26 26 34 34 100 100 41 60 14 53 38 1 52 3 93 9 12 3 48 53 22 98 87 53 65 9 1 38 99 63 6 83 95 34 65 14 24 60 96 11 73 47 69 7 89 4 7 75 61 89 90 69 23 51 1 92 9 95 84 54 14 17 96 26 43 21 85 55 52 48 97 64 73 36 69 79 36 27 86 92 30 25 84 75 89 60 33 82 52 80 25 74 28 1 11 78 30 44 97 79 76 35 46 52 44 80 12 18 47 77 94 17 12 73 100 74 6 69 8 85 72 16 54 84 82 14 79 89 35 8 11 58 48 64 63 28 1 38 6 90 34 59 89 56 75 78 81 84 71 17 34 96 44 18 5 1 47 50 93 26 53 89 78 1 58 74 62 1 46 74 99 91 35 24 25 32 23 8 6 3 93 43 58 33 96 43 31 21 78 93 50 59 69 12 4 63 15 40 90 36 96 79 93 7 94 77 5 91 30 67 75 100 60 45 55 35 67 83 61 69 58 49 50 34 37 20 40 6 2 49 91 94 65 37 43 14 29 63 59 41 51 56 78 60 54 25 2 49 36 59 25 75 73 45 59 49 65 70 66 34 10 31 48 71 97 26 61 88 71 40 99 95 33 9 12 34 60 88 52 60 59 42 11 14 19 86 85 80 35 35 88 11 58 94 32 88 4 99 49 94 68 16 14 96 75 89 95 70 40 69 99 78 9 66 50 55 41 78 5 55 32 33 99 88 68 43 100 52 41 78 51 ; 
L -40 -77 69 1 6 -50 41 -17 -19 38 -34 75 85 -99 -93 19 91 -62 -69 50 49 19 44 92 93 -31 91 -5 -28 -34 -25 -55 -7 -27 13 59 -71 -16 -90 41 -80 69 54 93 -48 3 14 16 95 -22 78 97 65 91 -90 -11 20 -24 -43 11 -76 -96 63 4 83 32 93 -9 98 51 97 -68 -56 -23 83 -42 22 11 33 -27 46 3 -92 -4 33 30 69 61 97 -44 94 91 -58 14 -3 64 49 -61 84 -92 38 -14 42 -42 -90 -63 -74 -15 1 -70 52 70 52 -27 -49 7 -98 32 59 -43 -50 69 -41 -76 3 48 26 -61 -78 95 -48 -14 81 -52 57 -71 59 32 27 -58 84 -3 -32 4 88 50 -93 -20 54 77 25 87 -33 7 -72 -2 43 -48 -28 85 -71 26 -56 -82 -54 95 93 47 -82 -18 79 -30 9 -21 -70 -99 -38 -71 59 83 -70 -5 -65 26 21 -59 52 -96 10 -96 -54 62 -82 79 -56 -7 -23 62 54 66 4 -94 -51 92 59 65 -68 63 4 -58 21 43 -4 -9 -34 -23 -84 12 -75 -96 -11 88 -73 78 -4 -68 -17 -4 -24 -41 22 -66 63 24 38 23 45 -82 79 76 14 34 -57 74 -65 -88 -81 -22 64 -28 41 37 95 -71 12 -62 3 -73 43 22 -50 -100 63 -7 24 93 63 -51 -28 98 -52 59 23 -80 97 63 -76 -68 97 74 49 45 -1 26 41 -6 14 -39 -67 88 -40 1 79 -80 84 68 -48 -18 -80 2 -66 74 -40 -71 -84 -45 -66 -53 9 -17 31 54 -43 -25 -5 -62 5 9 -60 -84 99 4 -60 -52 -16 82 -82 -94 -78 88 -92 -95 -24 95 -14 10 -97 89 21 -21 -90 -26 1 86 32 -9 -57 -35 -77 -93 -3 -76 8 13 39 1 -42 10 -39 -48 -11 -15 -92 -47 47 -85 27 87 91 85 -97 -75 -7 2 -19 -66 76 -5 -42 9 -32 -26 -60 -5 76 44 -4 35 88 -44 -24 96 -41 5 -53 41 -6 -59 20 38 96 -2 -27 -70 -20 66 62 -49 -30 99 76 -18 -67 -8 -68 13 99 78 -25 19 80 -27 -21 -37 -5 45 -15 -70 -43 44 47 84 -64 34 63 36 26 42 52 53 -27 30 -51 -49 23 35 -3 -28 58 41 9 45 85 76 44 -32 52 33 -22 -60 -11 -55 -34 -90 -25 -91 -88 62 -7 54 4 -65 93 -46 8 53 29 -86 100 -24 -28 57 51 75 -8 75 88 -56 24 -4 6 -70 -77 93 -48 50 5 -6 28 55 ; 
26:104 18:68 18:72 37:145 38:150 26:104 19:75 33:129 24:96 4:16 24:94 11:41 18:70 23:89 4:12 15:59 28:110 13:51 22:88 2:8 32:124 17:65 22:88 20:80 30:116 23:89 10:40 4:14 16:60 17:67 20:78 30:116 31:123 31:123 23:89 36:142 24:94 14:54 36:144 28:110 4:12 3:9 5:19 32:128 5:19 8:28 32:124 7:27 17:67 1:1 2:8 8:28 18:70 39:153 14:56 32:124 32:124 33:129 12:44 8:28 40:158 22:88 20:80 35:139 2:4 14:54 32:124 17:65 24:96 34:134 18:68 20:80 11:43 18:70 8:32 23:91 8:32 18:72 31:123 7:27 2:8 35:137 10:38 30:120 3:9 25:97 30:116 31:123 20:76 1:1 21:81 9:35 2:8 16:62 36:140 13:51 0:0 32:128 34:134 39:153 52:206 5:17 10:38 12:44 27:105 53:211 18:72 38:148 20:78 30:116 10:40 36:140 30:120 8:30 10:36 12:44 22:86 18:68 28:110 9:33 2:6 40:160 33:131 12:44 18:68 9:35 22:84 30:116 35:137 1:1 14:56 19:75 20:78 10:40 8:28 26:104 10:40 8:32 8:30 12:44 16:62 6:24 20:78 19:75 31:123 2:8 37:145 20:76 10:36 24:94 28:110 6:24 14:52 24:92 1:1 47:185 26:102 36:144 16:64 6:24 43:171 30:120 20:76 20:76 8:32 2:8 20:76 8:30 12:44 39:155 9:35 11:41 7:27 32:124 6:20 16:60 1:1 12:44 34:134 36:144 18:72 6:20 16:60 1:1 8:32 5:19 28:110 37:145 53:209 27:107 29:115 22:84 34:132 4:12 54:216 3:11 26:104 26:102 12:48 3:11 38:150 40:160 18:68 26:104 14:52 38:152 40:158 16:64 29:113 8:28 25:97 31:123 8:32 4:12 3:9 2:4 38:148 18:68 12:46 38:148 9:33 34:134 19:73 2:6 4:16 26:102 28:110 16:60 40:160 35:137 15:57 38:148 18:72 1:3 34:136 11:41 6:22 10:38 14:56 75:297 23:91 9:35 14:56 31:121 32:126 39:155 40:156 4:12 10:38 44:174 28:108 16:64 37:147 29:115 36:144 42:168 36:142 14:52 24:96 18:72 5:17 35:137 4:16 51:203 27:105 3:9 2:6 23:89 8:30 13:51 18:72 27:105 14:56 22:88 16:64 5:19 30:120 17:65 34:134 20:78 24:94 24:94 8:32 31:121 32:128 6:24 16:62 4:12 44:172 2:6 34:134 17:65 45:179 34:136 14:56 14:54 13:51 12:44 13:51 8:32 4:16 47:187 12:46 21:81 23:89 32:124 24:94 4:16 26:102 8:30 1:3 21:81 24:94 27:105 21:83 24:94 12:48 18:68 8:28 14:52 35:139 22:84 26:104 3:11 18:72 36:142 40:160 17:65 24:96 15:59 9:33 8:30 24:96 40:158 30:116 26:102 29:115 38:150 52:206 37:147 16:60 33:129 27:107 19:75 19:75 20:80 38:148 24:92 1:1 20:78 29:113 16:60 18:70 29:113 26:100 9:35 3:9 26:104 6:22 6:24 38:148 19:73 28:110 40:158 36:144 29:113 4:14 4:14 38:148 2:4 9:35 26:102 30:116 18:68 20:78 47:185 12:48 27:107 19:73 21:83 31:121 21:83 24:96 24:94 17:67 5:17 10:36 9:33 40:158 4:14 33:129 26:104 7:25 3:9 36:140 45:177 16:64 20:80 13:51 39:153 24:96 18:68 2:8 31:123 23:91 7:25 17:65 2:4 30:120 20:76 34:132 34:136 18:70 23:91 28:110 16:62 20:76 21:83 22:88 36:144 13:51 38:152 35:137 18:72 6:20 40:160 25:99 24:96 9:35 28:110 44:176 10:40 14:52 6:22 18:68 12:46 15:59 5:17 25:97 31:123 33:129 33:131 34:134 40:158 1:1 14:54 14:54 11:41 11:41 20:76 27:107 8:30 3:9 56:220 27:107 40:158 24:92 6:20 10:36 8:30 5:17 46:184 17:67 25:97 28:112 27:105 14:54 4:16 36:142 23:91 28:112 36:144 3:9 9:35 2:8 13:49 9:33 10:36 11:43 16:62 8:28 2:6 9:33 22:86 11:41 23:89 4:16 31:123 11:41 21:83 14:52 2:8 40:158 32:128 20:76 28:108 5:17 13:51 22:88 32:124 21:81 ; 
L -37 -41 -48 14 56 45 -29 -99 14 -44 -79 -90 -91 1 75 31 24 59 -92 43 8 16 38 91 84 -53 17 -23 56 97 79 55 88 30 -46 36 -57 76 2 98 69 -31 95 87 -49 78 71 11 -49 5 -75 -10 -36 36 20 22 -42 4 -81 9 -19 91 30 66 69 -90 -25 1 -84 -36 96 -83 -85 14 46 27 89 -55 14 85 -26 27 49 -10 93 -30 -51 98 41 -75 -56 71 -16 -77 34 -35 -31 61 93 56 -61 -12 71 38 44 -14 97 -51 68 38 42 -62 -13 -51 -10 27 -99 -31 -3 47 -23 -55 18 -96 -31 -93 99 11 -31 -99 -59 -70 11 67 49 48 -72 21 98 28 48 65 -74 -59 -69 -55 27 -98 -5 -28 -92 -73 90 72 -58 29 -52 -31 41 12 -32 -91 -17 38 -53 95 10 12 35 -84 -7 -91 77 -85 -57 -70 61 -55 -93 90 75 73 -63 -16 76 91 3 -33 -70 49 89 46 -95 42 -80 99 -62 -37 -91 -49 -22 4 -16 -33 -50 82 -12 76 86 -29 -43 84 26 -82 -7 16 84 -63 32 40 10 -82 91 47 -52 -57 60 -21 -41 -54 47 42 53 50 -61 99 -14 -15 -14 13 -14 91 -23 -69 32 78 21 7 -82 -89 19 57 -73 -11 92 -97 -26 -33 20 45 23 79 -24 46 -85 -39 -50 37 96 -68 -1 -89 -19 -99 -65 -90 -1 -17 33 31 -14 -26 -46 98 -59 49 82 -46 -48 -29 25 2 -78 -72 42 28 63 82 -33 -71 70 58 -72 -84 -44 -74 14 -75 -51 -21 39 97 -60 -20 2 39 -81 77 -47 59 59 22 100 13 -99 82 -73 -33 -76 93 85 -73 -92 -40 -21 91 47 17 -51 -43 52 -92 -89 89 93 -9 20 -60 100 -98 97 -65 31 -27 35 97 -83 15 61 4 -6 -74 -2 -5 -37 20 -26 17 17 65 96 100 11 -55 -48 -40 84 63 38 -12 63 -36 -27 83 87 59 -19 52 92 94 30 100 59 -66 -38 -19 79 -80 78 85 74 -69 -77 -44 -76 -59 75 -1 -11 86 39 2 -56 -76 71 -61 26 -90 30 -88 8 -34 -81 -19 -87 68 56 -98 -11 -82 -72 91 39 46 4 -13 -48 -70 12 -22 -46 -2 -25 54 -73 -93 82 -71 -52 -27 -64 94 28 84 27 67 48 -40 -94 -55 -31 -96 -28 57 64 -50 12 30 100 -42 -76 -65 80 93 21 -12 78 85 67 -88 -21 -12 7 -3 -87 18 -72 98 -65 -57 74 -55 -77 -100 -18 -48 60 93 24 94 ; 
13 92 56 11 77 18 63 65 16 85 18 67 2 1 88 47 20 97 80 58 28 37 21 90 93 57 5 10 51 34 41 57 38 51 76 93 100 86 61 48 31 24 73 94 76 37 88 14 55 74 43 2 54 17 22 96 81 91 53 28 50 41 26 93 8 97 86 2 59 75 66 27 93 61 58 7 65 5 52 32 92 43 71 44 69 36 27 24 24 68 62 93 1 96 6 13 12 54 35 91 64 72 92 83 64 30 61 77 51 6 30 60 85 39 26 63 71 36 59 92 54 73 10 46 33 78 33 52 66 41 79 4 64 73 86 23 54 89 38 61 19 96 15 83 10 11 24 80 18 14 75 81 1 3 3 39 19 12 47 47 30 77 88 10 40 68 62 11 88 22 18 63 74 51 40 7 89 79 44 5 37 46 42 55 96 61 31 60 98 10 62 14 57 15 25 43 8 10 19 32 94 24 24 31 91 91 47 75 58 78 29 37 75 55 32 26 57 86 15 27 55 18 26 90 18 53 8 3 56 95 32 68 90 19 38 38 36 73 6 71 34 71 20 67 3 52 36 17 22 59 79 91 1 74 34 76 10 19 40 100 61 92 48 97 2 12 9 81 76 58 66 64 72 19 67 81 89 71 43 19 55 56 38 56 5 92 92 100 65 14 1 47 3 31 26 91 94 84 40 11 64 21 38 92 63 46 12 91 100 21 34 9 80 26 1 19 30 100 88 44 21 58 36 81 2 28 3 56 11 51 43 10 4 17 80 38 80 76 22 42 28 56 94 74 87 57 43 97 58 6 51 60 90 62 56 28 99 14 14 77 63 8 91 48 73 69 59 95 57 21 77 89 75 3 44 67 86 82 96 40 22 99 94 41 59 12 39 42 32 57 66 44 34 83 14 78 39 66 77 57 59 26 81 32 67 17 16 96 34 49 20 50 98 47 76 55 18 27 48 45 23 45 63 63 45 35 78 84 25 26 63 98 88 23 17 22 39 4 20 69 58 12 55 9 58 32 18 54 64 43 16 43 1 20 50 32 35 51 14 39 8 94 29 52 3 74 82 7 55 98 29 67 20 37 75 34 67 57 26 10 52 63 79 20 50 16 13 30 2 49 17 55 35 46 42 53 36 100 33 12 35 ; 
L -47 3 -91 4 -6 -12 -10 38 66 -59 -100 -30 -17 33 31 7 -39 -50 -20 -11 -89 -19 -31 95 -91 1 68 -96 -37 44 11 -49 21 -46 36 10 -82 -55 87 19 -33 -61 99 -20 37 14 4 65 -52 -57 -27 -84 -28 54 -73 -93 82 -71 -52 57 85 -59 -16 -73 22 49 -96 9 73 -57 -19 89 82 78 71 84 26 -82 -33 -71 -58 -70 46 27 89 -55 -84 85 74 -84 -36 11 1 -45 -56 -14 48 41 37 76 -91 -19 70 59 97 -92 45 13 44 -14 97 -51 -30 -88 -55 -79 -97 90 -85 -78 12 -21 -42 91 3 -17 -47 -91 -67 14 -38 -92 -52 19 -21 -74 -86 91 47 43 29 98 -56 80 93 55 -53 -91 50 16 38 91 83 91 31 40 12 10 -49 59 -65 31 74 -48 -29 30 66 -17 41 12 -32 -91 -17 38 -70 61 50 -64 -57 22 100 -97 16 63 -21 72 -22 5 98 -27 55 77 -47 59 -100 60 -20 -98 -16 -33 46 26 14 -91 77 74 -65 -48 -28 -35 -12 7 -3 -14 92 -59 -24 -59 -82 -57 53 50 -70 -90 30 59 61 93 93 -11 -41 67 48 -40 -94 -55 -39 -2 29 -75 -93 30 -71 99 -9 26 -85 -14 17 55 51 98 15 61 51 -25 1 -69 -77 13 -90 36 10 23 79 -24 46 -85 84 -2 -25 42 28 63 12 -38 -44 79 82 -46 -77 60 93 -98 -8 -43 52 28 -32 -78 -32 73 92 49 -87 -54 47 42 76 2 75 46 -44 -79 -90 95 -19 56 -61 -12 70 48 73 -82 99 53 -78 -68 -48 -40 84 63 46 40 63 27 -87 -83 27 36 81 -4 5 -75 -1 -94 -71 12 -48 -49 21 96 -18 17 65 96 100 11 -78 -2 42 -22 -82 1 75 -72 -56 -5 21 23 10 51 13 62 -42 -38 -68 75 -92 -7 -85 76 56 -41 -98 83 -97 -35 27 -31 76 60 -97 -39 81 34 -8 88 -30 90 -26 61 -71 -93 -18 -26 98 59 -20 -36 67 -88 -11 -99 93 37 62 -99 80 -93 -80 65 76 42 -100 -16 -89 89 -14 -60 -49 87 -39 31 99 -27 12 14 7 86 39 2 31 35 -34 -76 -72 98 -65 -57 74 -55 -77 -96 -28 -15 -14 -84 -85 -21 -20 33 26 -4 -92 -27 -64 94 25 2 -82 -72 23 69 49 89 46 -95 -76 72 -73 -52 43 51 11 99 31 56 75 -13 -33 81 -31 -100 -18 -48 63 -84 -69 -29 58 -72 -90 69 23 69 -31 99 24 94 ; 
16:62 37:147 19:75 72:284 26:100 20:78 18:68 31:123 6:22 34:132 14:54 18:70 29:113 18:68 8:30 14:56 4:14 4:14 38:150 16:64 34:134 29:115 3:9 30:116 26:100 15:57 27:105 24:92 31:121 10:40 2:4 22:88 8:30 21:81 38:148 49:193 8:28 14:54 20:78 18:72 15:57 36:142 16:60 21:81 28:110 16:60 32:128 36:142 16:62 22:84 9:33 20:80 8:32 3:11 24:92 13:51 8:28 22:86 26:102 13:51 16:64 28:110 9:35 8:30 4:14 38:150 14:56 6:24 43:171 1:1 37:145 32:126 24:94 12:46 36:140 32:128 30:120 22:88 29:113 5:17 21:83 9:33 14:56 3:11 26:104 2:8 33:131 19:75 24:94 8:32 30:120 38:150 14:54 42:168 8:28 31:123 5:17 23:89 37:147 16:62 16:62 16:64 20:78 2:6 7:27 31:121 13:49 16:62 21:81 12:48 25:97 31:123 6:24 21:81 16:60 23:91 17:65 16:60 42:164 23:91 27:107 14:54 30:118 24:92 13:49 20:78 31:121 32:128 26:102 28:110 19:75 24:94 13:51 17:67 20:78 9:35 20:78 7:27 36:144 25:99 12:46 22:86 34:134 43:171 32:124 18:70 37:147 7:27 23:91 19:73 9:33 36:144 24:92 10:38 26:104 11:43 6:22 8:30 18:70 23:89 23:89 26:100 3:11 18:70 6:22 9:35 38:148 4:14 15:57 19:75 12:48 31:123 36:140 4:16 12:48 36:142 25:97 30:118 2:4 24:96 15:57 17:67 73:289 22:88 23:91 36:142 18:72 19:75 8:28 32:128 10:38 11:41 36:140 18:70 1:3 24:92 39:155 34:134 5:19 13:49 45:179 16:60 23:89 34:132 30:118 26:104 6:24 39:153 8:30 8:28 36:140 19:75 8:32 22:88 17:65 32:128 39:155 5:17 36:140 35:137 15:57 8:30 19:75 24:96 34:132 19:73 53:211 14:56 13:51 10:38 28:112 16:64 14:56 21:81 6:22 16:62 7:25 8:30 2:6 22:86 3:9 23:91 17:65 28:110 29:113 24:92 37:147 13:51 16:64 23:89 12:46 57:227 8:30 6:22 12:44 12:48 1:3 26:104 33:129 7:25 8:28 8:30 22:86 25:97 37:147 20:76 39:155 1:3 9:33 21:83 19:75 9:35 37:145 38:150 10:36 16:64 24:94 17:65 11:43 40:160 97:387 25:99 40:160 13:51 11:41 12:44 14:54 47:185 7:27 38:150 21:83 2:6 33:129 12:48 31:121 32:126 13:51 28:108 56:224 25:97 3:9 31:123 9:35 8:28 27:107 22:84 26:100 10:36 26:102 29:115 31:123 2:6 36:142 2:4 12:44 8:28 30:118 20:76 12:48 27:107 35:137 33:131 9:33 14:56 13:49 12:46 11:43 24:94 17:65 38:150 24:96 22:84 7:27 18:68 24:94 27:105 33:129 14:56 32:124 10:36 24:96 35:137 19:73 5:17 9:33 31:123 36:142 30:120 7:27 6:24 6:24 33:129 49:193 14:56 36:140 14:52 16:60 32:124 6:24 26:104 12:46 11:41 16:62 34:136 24:96 12:48 3:9 23:89 24:96 32:126 7:27 15:57 19:75 4:12 10:38 3:11 40:158 12:44 23:89 25:99 13:51 22:88 32:128 4:14 20:80 26:100 18:72 10:36 18:72 20:76 11:43 8:28 22:88 34:132 7:27 11:43 24:94 10:40 16:62 9:35 11:41 4:16 14:56 21:83 14:52 13:51 4:16 4:12 18:68 11:41 15:59 8:32 27:107 12:46 40:156 6:24 17:67 30:118 42:164 6:22 21:81 13:49 13:51 40:160 15:57 29:113 40:156 36:142 6:24 11:43 8:32 20:80 13:51 5:19 6:20 4:14 19:75 12:48 1:3 20:78 7:27 22:88 14:56 24:92 12:46 7:27 3:9 16:64 52:204 20:80 36:142 16:64 8:30 25:97 8:30 16:62 7:25 18:68 2:4 22:88 27:105 26:100 8:32 4:14 19:75 25:99 6:22 23:91 8:28 10:38 10:36 17:67 12:44 17:67 20:78 42:166 17:65 44:172 25:99 23:89 3:9 24:92 9:35 33:131 17:67 22:84 2:8 35:137 18:72 6:20 16:62 2:4 2:4 0:0 27:107 3:11 8:30 38:148 28:110 5:19 14:56 ; 
L 19 -94 97 -16 -5 -55 -71 -90 54 -64 56 -6 -45 46 -7 -22 -63 93 -65 -27 -30 -38 -8 -46 -78 -67 -94 -99 -6 63 98 -100 -49 -83 -28 -39 67 21 88 -98 89 -67 31 54 -60 -19 73 -97 -38 -54 75 65 1 -32 9 -32 -29 86 -2 66 -45 -10 -90 7 -5 22 -67 -61 -50 79 -68 -86 -27 -86 -69 -13 38 82 85 35 -31 95 -95 -56 27 -24 -39 -9 75 89 10 -46 -97 -83 -59 70 96 -46 -81 -71 57 88 65 -64 -7 -58 -50 -54 42 83 -47 95 -82 -71 35 90 54 -96 -18 49 46 -81 -94 26 -48 78 -9 -43 -15 68 -44 -83 88 -79 -61 -16 5 52 -46 -11 14 84 -54 79 -48 40 -68 92 -21 -91 -70 8 53 31 -37 98 -77 93 -4 -25 -79 42 -57 60 -25 -5 61 -86 -13 -72 -5 73 -63 84 -69 -10 43 -5 -89 68 27 -82 90 -3 57 -42 -32 -67 53 85 -36 41 53 -99 -45 77 -97 4 -86 58 49 17 64 -85 -2 9 83 -45 31 -83 63 22 -78 33 -76 -91 42 56 81 -56 76 89 -57 -100 63 31 39 36 46 -71 -64 -39 -25 -83 3 32 2 -70 23 -2 -46 -94 75 -55 -71 -48 -31 42 -57 10 84 89 71 -87 -11 77 64 -17 81 5 -84 26 -81 -35 -100 24 70 86 -17 -93 -41 -17 -29 31 -28 -15 62 -48 63 -44 12 1 -63 -60 13 87 -6 -96 -11 -91 -66 63 22 -63 -66 -37 -32 15 75 -23 84 65 -80 -71 -64 -76 -39 50 53 15 -90 -48 26 55 27 29 50 -12 50 -70 -20 40 100 -32 74 -85 55 -33 10 -81 4 -18 48 -58 61 -31 -44 -92 52 -34 41 -11 92 5 -33 -6 -40 -40 29 -10 -9 -69 -95 -20 45 -61 10 78 43 49 17 19 27 87 28 -19 2 6 95 -76 41 65 30 85 -11 -78 -76 46 90 -44 12 32 17 72 -14 -85 73 -19 89 -48 -90 23 72 14 31 38 -16 -70 13 92 54 -56 -79 -38 18 -51 3 77 -73 -23 76 96 94 -62 -52 95 -11 20 59 85 -30 6 -74 6 -38 81 4 39 84 -57 1 -90 40 -49 86 -53 17 -77 59 9 48 -22 61 47 -59 4 43 -53 -96 77 -53 -40 -98 45 -1 -7 -14 11 6 27 22 72 -39 22 76 67 72 -27 -62 65 6 56 96 -88 -57 79 48 -77 -12 -100 41 -75 52 -58 -21 -71 -8 -77 -18 -12 -93 53 -55 -63 44 -96 -43 94 -14 10 ; 
94 78 62 19 80 48 16 4 27 22 98 21 45 22 38 10 91 70 45 65 36 43 53 64 46 91 48 65 55 93 87 33 69 89 61 69 96 49 99 11 82 93 72 99 38 65 43 14 11 64 26 71 38 5 53 51 53 72 8 37 75 5 26 47 59 82 48 9 43 37 41 5 13 78 45 98 34 20 81 84 31 98 31 99 68 15 22 47 3 87 43 41 65 52 100 69 86 45 26 21 65 78 22 81 87 50 75 39 22 17 9 75 15 48 79 13 34 72 26 54 79 77 99 72 81 100 27 94 7 72 63 54 86 81 66 12 92 69 4 81 22 88 34 50 40 51 14 64 11 44 55 81 29 71 58 62 89 24 89 80 61 59 95 32 73 10 28 6 36 80 48 78 83 40 15 59 43 61 42 71 31 7 38 37 26 49 92 45 5 15 42 70 13 2 97 80 20 49 51 19 81 39 17 23 25 3 19 12 25 3 32 89 31 11 53 82 44 17 77 52 7 10 98 26 25 9 41 18 91 71 73 83 13 2 94 50 41 81 68 15 97 77 93 14 58 11 36 44 23 1 52 63 68 55 64 79 100 29 68 22 47 18 84 58 50 10 23 68 29 62 44 77 6 66 62 64 19 93 91 84 33 26 43 91 13 26 73 100 99 49 68 23 4 93 28 84 97 40 52 44 41 93 22 55 17 10 69 44 27 18 71 98 43 69 99 22 77 89 68 82 9 5 75 4 54 21 46 83 59 56 74 48 65 52 23 69 15 62 87 47 82 97 35 64 100 89 85 39 31 23 11 88 84 79 16 86 42 28 54 48 7 23 57 8 97 59 59 68 67 55 45 33 84 24 11 50 77 51 67 4 37 98 17 2 92 92 40 93 56 95 23 70 82 94 34 59 9 89 60 8 47 95 71 67 40 22 64 44 96 76 6 59 78 52 34 37 29 17 14 42 84 21 72 80 12 98 37 27 56 8 66 81 51 33 2 96 69 85 13 10 100 53 24 87 55 51 17 99 80 83 10 95 88 16 90 30 39 45 67 24 41 62 46 20 86 62 21 40 39 90 49 78 5 4 84 37 76 28 10 36 18 38 89 30 90 31 38 54 62 86 58 20 69 16 92 24 79 7 76 18 76 ; 
L 19 -94 97 5 35 90 -53 39 -46 -11 14 84 -54 79 -48 40 -68 86 37 -32 74 -85 55 -46 -97 -83 58 7 -33 78 -22 -20 11 -63 -46 -49 47 -27 1 -90 -4 97 -77 45 99 10 -62 64 -54 -67 10 45 -66 7 -46 45 -93 -52 95 22 -22 41 -11 -65 -75 66 63 76 77 86 68 50 19 15 69 -84 63 83 -93 -83 -28 -39 -72 -53 17 -12 44 -63 48 -62 15 -90 -48 26 55 27 29 -45 4 -84 -10 -30 26 -81 -35 -100 24 70 86 -42 31 48 71 55 -75 94 54 38 97 -6 79 48 -77 -12 -100 -32 81 -56 -4 46 23 39 67 71 -60 57 4 85 -30 57 -5 61 -76 -92 -13 60 -25 88 -96 -77 -3 -96 -94 -2 -9 -43 -10 43 21 88 42 38 -90 23 72 89 10 -78 48 38 -57 6 95 -71 49 -14 -63 13 87 -6 -96 39 36 -2 41 53 -9 -96 -6 74 -73 19 -32 40 -49 86 -48 -9 -59 -89 63 -20 40 44 -68 79 -54 75 14 -75 40 40 6 33 41 -27 -30 -38 -8 -46 31 5 -17 -20 71 -71 -89 -75 -2 11 -31 70 -50 -72 -67 55 -29 -81 -83 3 -86 58 -6 -19 -17 -49 -43 -78 -10 -85 17 -64 -17 -54 42 27 53 -52 -5 -11 77 64 -23 -59 70 96 -46 -81 -95 65 -92 57 -84 21 -92 31 -28 -15 71 -61 58 -48 18 -4 -17 25 18 -81 100 27 -82 95 -43 -65 7 1 -45 98 40 87 28 6 26 13 69 86 -85 -82 32 -9 32 -1 -73 -46 76 -27 56 95 -71 57 88 31 -35 52 -34 -2 -46 -68 89 89 -57 -100 19 -56 84 -5 -95 90 -3 -15 92 70 90 -44 12 -79 52 -58 37 -67 -78 83 24 -65 62 27 -31 -25 32 17 72 -14 61 -45 -90 -89 67 -22 5 -7 90 31 9 11 -85 57 -73 -23 76 100 -16 -70 50 61 98 2 -50 39 54 -56 81 66 91 84 65 -80 -41 76 -9 -82 -49 -42 -32 -64 -33 10 -16 6 27 22 -22 61 47 -59 -42 91 76 -5 73 88 -53 -8 70 91 31 44 21 98 -77 -77 -53 -86 29 6 -56 53 -55 -63 44 -38 -31 -1 -77 93 85 -56 41 -63 96 94 5 -64 -29 -13 -72 60 83 50 -12 -83 63 59 39 -79 -61 -43 76 -16 18 96 -54 85 -36 -22 -63 93 -65 -48 -78 -67 -94 79 -94 99 -38 18 -51 -98 11 87 -71 -8 12 -81 39 64 -53 -69 -14 10 ; 
38:150 32:124 25:99 11:41 26:102 6:20 14:56 24:92 1:3 33:129 9:35 36:140 14:54 20:80 16:64 21:81 6:22 14:52 31:121 19:73 22:86 9:33 19:73 22:84 26:104 21:83 58:232 20:80 38:150 5:17 13:49 6:22 7:27 10:38 16:62 32:126 16:62 4:14 54:212 33:129 28:112 20:78 8:32 32:128 39:155 1:1 13:51 24:96 9:35 40:160 11:43 2:8 30:120 18:72 16:60 9:35 22:86 6:22 15:59 4:14 28:112 8:32 39:155 17:65 29:113 26:102 12:44 44:174 7:27 2:4 2:8 11:43 19:75 22:86 13:51 6:24 16:64 48:188 17:65 6:20 25:97 28:110 35:139 16:60 28:110 33:131 14:52 34:134 37:145 38:148 11:43 29:113 40:156 18:68 28:110 40:158 9:35 30:118 30:116 23:89 21:83 4:12 6:24 34:134 24:92 20:80 4:16 10:36 28:108 8:28 18:70 15:57 5:17 24:92 6:22 38:148 10:38 26:102 5:17 28:108 17:67 31:121 12:44 4:16 15:57 11:41 42:168 21:83 6:22 32:128 17:65 10:38 22:88 24:92 35:139 31:123 25:97 9:33 34:134 7:25 11:43 12:44 1:1 30:120 4:12 21:81 30:116 27:107 2:6 38:150 18:70 2:8 39:155 8:32 12:48 38:150 14:54 18:68 27:107 40:158 8:32 28:110 20:78 28:112 33:131 33:129 18:68 12:44 40:160 25:97 11:43 3:9 27:107 6:24 5:17 24:92 27:105 3:9 11:41 30:116 40:160 31:123 8:28 40:156 26:100 6:20 5:19 44:172 12:46 32:128 8:28 18:68 26:102 14:52 14:52 1:3 52:204 40:160 4:16 4:12 21:81 5:19 2:8 15:59 26:100 24:92 19:73 14:56 40:160 8:32 6:24 16:62 34:136 36:142 39:155 23:91 15:57 18:68 22:84 26:102 4:16 36:144 32:128 32:128 6:22 18:68 28:108 32:126 32:124 18:70 26:100 3:9 33:131 4:16 9:33 11:43 16:62 12:48 15:57 38:150 20:78 8:30 45:177 15:59 10:36 3:11 20:76 22:86 12:44 23:89 51:201 6:24 7:27 10:38 9:35 24:94 24:94 12:48 28:110 47:185 39:153 40:160 8:28 8:28 28:110 35:137 18:72 11:41 19:75 30:116 44:176 19:75 4:12 21:81 5:17 24:92 25:99 26:102 0:0 25:97 10:36 21:83 26:104 20:76 31:121 14:54 51:201 20:76 49:193 12:46 3:11 31:121 15:57 37:145 13:51 12:48 36:144 7:25 36:140 18:70 39:155 38:148 28:112 22:86 40:156 18:72 23:91 33:129 24:92 21:81 22:84 2:8 20:78 34:132 21:81 20:78 28:108 40:158 2:8 26:104 32:124 19:75 13:49 32:124 19:75 30:116 39:155 24:94 29:113 13:51 40:156 11:41 12:48 31:121 3:11 19:75 18:72 4:12 15:59 25:99 5:19 32:128 8:32 2:6 15:59 26:104 12:48 12:48 29:113 21:81 5:17 16:60 6:22 13:51 36:144 16:62 13:49 13:51 38:150 7:27 1:3 37:147 32:124 35:137 3:9 8:32 30:118 20:76 33:131 24:94 19:75 29:113 27:107 14:52 5:17 7:27 2:8 31:121 3:9 32:124 6:20 36:142 11:43 18:68 7:27 43:169 9:35 18:70 17:65 38:152 48:190 25:97 28:108 28:112 38:148 9:35 50:200 18:72 2:6 2:6 16:60 13:49 37:147 12:44 51:201 24:94 14:56 18:68 10:38 17:65 18:72 10:38 35:139 22:88 9:35 18:70 33:131 9:33 32:124 21:81 14:54 12:46 33:129 22:88 16:62 23:91 28:112 33:129 36:142 26:104 25:97 7:27 29:115 37:147 9:33 32:124 28:110 7:25 37:147 18:72 24:94 18:70 12:46 5:19 11:41 18:70 23:89 21:81 26:102 32:124 21:83 36:144 6:20 30:120 32:128 12:46 11:43 6:24 36:142 28:112 13:51 36:142 20:76 52:204 27:105 34:136 4:16 6:20 21:83 11:41 29:115 6:22 17:67 4:14 37:145 28:112 18:72 56:224 20:78 37:145 20:76 36:142 21:81 23:91 18:68 16:64 9:35 27:107 20:78 26:102 20:78 16:60 21:83 20:80 10:36 34:132 34:132 5:17 35:137 8:28 31:121 ; 
L 64 -82 -68 -44 -33 -14 10 62 8 -95 15 -47 84 29 -53 55 71 31 -35 30 95 -36 27 -83 -60 -89 -46 -81 -93 -84 84 61 -47 -44 -38 59 52 -39 43 -74 -66 25 21 83 27 -44 44 -65 -85 15 -28 60 25 -75 71 -9 95 -53 -74 58 -95 -32 37 37 -27 -18 49 15 -53 -40 -34 36 -64 38 59 -53 -9 63 -2 94 85 70 91 71 92 30 -83 -6 88 -84 -65 -19 -17 -21 -34 66 70 65 22 85 -67 94 -8 -48 -68 7 -11 -89 60 2 15 71 75 19 11 26 -2 28 52 88 -45 -46 -62 -41 10 -1 -1 16 92 46 -63 -85 94 8 -100 36 26 -7 -58 65 91 -57 -40 -6 25 -82 -15 15 32 -15 16 -93 -47 -42 99 -22 69 -21 -32 -12 -35 90 55 -26 23 -76 -70 -59 -6 -26 13 63 -94 52 -42 59 63 3 54 69 -29 62 2 -62 -34 -94 -30 -70 79 39 -61 -65 -36 18 -55 -14 39 -12 -17 -31 -44 -99 -17 -42 -4 -55 -82 86 -53 -93 90 -80 66 87 64 -43 43 52 -31 -15 -78 -35 64 50 79 12 -44 -81 -21 -48 -14 -16 -22 16 9 -49 -20 83 50 -65 26 25 -1 -69 -24 -74 75 97 4 -33 -68 -52 -60 35 40 16 -57 46 37 74 -1 51 27 -60 -31 -82 -16 53 90 -72 69 24 -31 -78 -94 -22 48 -87 76 57 35 -31 -38 -10 90 -75 62 58 -16 74 -9 -56 -47 74 -39 -54 72 95 -35 14 7 -73 -58 76 -40 95 -82 100 -100 -75 3 -93 -42 52 -40 -26 -13 74 -87 86 32 -31 77 6 58 -9 -38 -32 23 11 -31 41 14 -6 57 90 -29 -83 -27 -11 -1 19 -42 -85 84 -62 -15 -43 1 77 2 -6 -66 5 -42 64 59 -97 67 -43 -1 34 -97 -65 29 23 -51 -62 48 57 -91 13 2 56 -18 40 -27 69 -55 27 57 59 56 5 -26 -64 -7 44 65 98 51 59 -82 -82 -39 -73 -76 64 70 75 -81 -80 53 -86 79 -5 -29 -54 88 86 -69 67 -31 7 58 -66 5 27 37 48 37 -18 -66 -88 49 13 -71 -58 30 46 10 -19 79 -63 5 8 49 87 36 -96 -90 9 -57 96 11 -49 -38 -87 74 -50 36 74 62 6 35 45 92 82 -9 73 5 22 -4 -80 -29 -41 21 -13 85 73 -15 22 9 -65 -33 -81 73 98 57 -88 -12 -5 -95 34 3 -48 6 59 99 96 -77 -90 -40 19 35 -67 -64 -41 -8 40 ; 
67 46 54 56 72 65 8 90 35 91 48 15 52 26 90 86 37 98 4 86 22 58 68 55 91 90 75 51 96 91 14 59 45 97 41 53 26 60 89 4 68 75 39 19 53 1 45 40 50 14 11 44 12 19 85 36 34 31 31 23 39 6 100 48 26 43 38 49 25 11 87 27 57 9 82 11 66 60 92 82 25 35 4 69 30 66 44 51 43 57 84 59 53 14 98 42 77 94 49 70 2 77 34 75 53 17 33 33 61 52 53 26 17 2 28 93 99 5 3 47 67 66 77 18 81 81 18 85 35 14 22 6 48 21 43 15 86 35 89 51 98 51 98 18 33 84 66 84 22 38 97 39 80 47 53 56 63 63 98 37 75 75 28 14 11 98 45 77 33 88 68 5 100 6 33 87 82 12 98 62 62 14 58 65 57 93 37 30 85 98 2 70 49 37 4 89 71 27 3 34 10 97 61 70 31 63 45 30 56 75 60 45 8 56 1 28 24 12 78 74 44 57 86 79 60 25 71 63 7 90 27 29 53 27 46 8 97 96 2 22 6 17 77 43 64 24 97 48 55 83 70 90 20 52 57 77 43 65 6 31 55 65 38 41 83 30 8 27 7 80 8 22 75 96 41 45 75 25 98 91 62 27 71 7 56 36 33 71 59 87 20 18 70 44 77 85 99 94 90 54 5 100 55 59 10 27 16 76 28 85 42 63 96 82 52 89 76 50 64 46 7 17 53 9 55 16 97 97 70 93 33 60 31 64 83 6 39 64 33 71 55 54 99 28 35 38 6 68 80 25 78 51 56 82 24 7 22 91 20 51 31 19 93 19 63 78 23 13 75 93 39 83 27 53 60 31 29 98 49 57 94 56 39 59 25 29 29 42 88 69 35 53 53 17 53 63 91 23 20 73 91 88 86 31 10 10 91 22 22 88 10 72 72 44 38 6 55 5 79 29 69 23 80 62 33 22 49 19 3 31 97 54 29 32 16 18 60 58 57 19 100 15 61 18 37 7 74 1 8 16 60 72 40 48 29 1 10 31 22 59 98 61 66 90 55 90 44 73 89 41 90 92 71 79 64 12 18 83 23 63 71 79 17 26 22 44 60 46 88 50 44 13 65 94 51 69 50 56 42 57 79 ; 
L 64 -82 -68 -10 62 46 9 -74 16 -58 -62 21 83 27 70 85 70 -60 28 33 -4 -56 -38 -10 90 16 -93 -47 58 7 40 76 -9 -60 94 8 -100 36 -24 85 -67 94 -8 -48 -68 7 -11 -89 6 -14 -41 -36 27 26 25 -1 -69 100 -100 5 -79 86 -53 80 -70 -15 8 49 -73 29 -82 -39 -31 7 58 -66 5 27 -1 16 -40 95 51 27 -60 48 57 -88 30 95 -50 -83 20 -19 1 -91 13 2 31 -35 -57 -76 -27 44 -65 -85 15 -68 -52 32 75 19 65 -34 36 12 35 -31 -71 -42 -4 82 1 -74 -14 35 -95 -72 69 -55 27 57 59 19 81 44 64 -64 59 -82 42 29 23 -16 -81 -93 -84 44 47 -55 53 69 -86 -88 44 31 -15 -78 36 35 -67 -64 -41 24 85 73 -15 22 9 -65 43 -59 -34 66 70 65 -5 9 -58 -6 -77 31 23 -90 -57 -74 -32 7 -73 -35 -37 -45 69 92 30 -18 12 -5 63 -79 19 -26 -86 82 55 15 -47 -97 -65 49 -9 -16 -31 44 -76 58 87 64 5 94 82 -9 11 26 -2 94 -26 13 63 -94 52 64 -51 -62 18 -55 57 -16 -42 59 63 3 -48 -38 15 63 21 -65 -19 -17 -58 -22 -76 99 54 -14 39 -87 86 32 32 83 -17 90 60 -36 41 -46 -30 -74 34 3 -92 30 -63 -87 -66 80 -12 -84 -93 -43 43 52 17 82 15 -71 -15 -12 -79 -50 90 77 -85 84 -62 -64 -7 44 65 98 51 -10 55 85 -48 6 81 -75 -70 -91 45 -88 -84 -95 75 97 -1 -26 -75 3 -93 83 -37 -48 -37 69 -29 56 -38 -41 21 -13 -31 -78 -94 74 -43 -23 26 37 37 -10 14 33 -11 -29 -83 40 96 -36 -90 -18 -59 -6 -66 95 -58 74 53 -95 9 -62 -74 -49 -53 -40 -42 52 33 -1 34 53 -46 53 90 62 2 -92 4 -22 -5 -80 65 61 -39 -79 -99 42 40 57 -91 -65 77 2 -6 -66 5 -42 64 59 -97 67 99 -21 54 49 -11 -96 57 53 -59 -38 -18 40 -27 54 39 -74 47 56 -31 -6 88 -84 22 16 95 -8 -62 -27 9 26 40 -13 -73 67 -88 49 13 -71 -90 35 -52 -28 25 -75 71 6 35 72 -96 32 21 48 35 50 -74 87 -29 46 -87 39 -52 -59 15 82 -25 6 -1 43 15 89 -81 73 98 57 -75 -25 66 -22 -69 22 -44 -11 -38 14 2 -46 -62 -34 -2 -29 -60 61 31 71 -8 40 ; 
27:107 19:73 22:86 16:62 18:70 31:123 20:78 8:32 35:139 24:94 29:113 18:68 8:30 22:84 48:192 11:43 14:56 2:6 18:70 25:97 34:132 18:70 19:75 3:11 23:89 4:12 16:62 32:128 5:17 36:142 14:52 12:48 28:112 16:62 23:89 9:33 18:68 6:24 6:22 5:17 1:3 31:123 14:54 30:120 22:84 7:27 14:52 14:52 38:150 26:102 13:49 24:92 28:108 3:9 7:27 31:123 18:68 62:246 12:44 12:48 4:16 4:16 13:49 35:137 20:78 25:97 8:28 24:96 36:142 30:120 51:203 22:84 24:92 18:70 16:60 3:9 22:88 2:8 32:128 34:136 20:80 11:43 18:72 16:60 17:65 25:97 26:100 26:100 12:48 9:35 33:129 1:3 39:153 41:163 22:86 33:131 34:132 11:43 31:123 11:43 25:99 37:145 15:57 37:147 16:64 20:80 6:22 8:32 36:144 15:57 7:27 1:3 14:56 16:64 11:43 43:171 51:203 2:6 40:156 16:60 13:49 38:148 15:57 22:88 15:57 22:86 36:144 38:150 62:244 20:78 23:91 38:150 23:89 29:113 29:115 26:100 7:25 6:20 10:40 22:84 13:51 26:100 32:124 14:56 10:36 39:153 37:145 6:20 39:155 29:115 35:137 22:84 4:16 36:140 28:112 4:16 20:80 18:70 14:52 14:52 28:110 20:80 23:89 13:51 35:137 17:65 36:144 37:147 29:113 32:126 24:92 6:24 36:144 17:67 31:123 38:150 24:92 16:60 7:25 22:88 4:14 22:84 6:20 11:43 3:9 26:104 4:14 9:35 40:160 55:217 15:59 5:17 2:6 12:46 27:105 25:99 6:22 12:46 7:25 13:51 12:46 22:84 18:70 12:48 18:72 14:54 6:24 54:212 8:30 38:150 4:12 19:73 16:62 10:36 30:120 24:94 17:67 33:129 11:41 71:281 39:153 9:35 0:0 38:148 12:46 33:131 47:187 28:108 2:8 40:160 3:9 24:94 10:38 6:20 18:68 2:6 47:187 18:68 30:118 35:139 33:131 5:19 28:110 20:76 14:52 11:43 6:22 12:48 24:94 22:84 14:56 26:100 51:203 24:92 12:48 14:52 29:113 32:124 19:73 3:11 30:118 37:145 20:80 33:129 8:32 14:56 8:32 29:113 13:49 10:36 37:147 9:35 15:59 7:27 13:49 4:14 23:89 4:12 10:36 5:17 31:123 22:84 10:38 5:19 36:144 8:32 16:60 16:60 11:41 48:192 10:40 24:96 12:46 6:20 26:102 14:56 16:60 20:80 12:46 17:67 36:140 28:110 14:56 41:163 18:72 20:80 13:51 24:96 32:128 37:145 30:116 22:86 16:62 27:107 30:118 5:19 13:49 20:76 28:110 8:28 27:107 17:67 26:100 32:128 2:8 28:110 12:46 26:102 25:99 23:91 48:188 54:216 18:70 30:116 32:124 39:153 17:65 31:123 2:6 12:46 5:17 20:78 20:76 10:36 4:12 26:104 29:113 42:168 26:102 12:46 16:64 8:30 55:217 13:49 16:60 14:52 33:131 22:88 16:62 10:36 13:49 13:49 14:54 7:25 16:64 26:102 17:65 5:17 20:80 33:131 21:83 15:59 8:30 4:16 19:73 22:88 3:11 22:88 24:92 6:24 8:28 27:105 25:97 30:118 30:120 28:112 1:3 40:156 8:30 22:84 29:115 40:156 21:81 40:156 10:36 32:124 21:81 23:89 33:131 10:38 3:11 9:35 37:145 8:32 50:198 6:22 48:190 32:124 3:11 15:59 8:28 15:59 5:17 33:131 8:28 13:49 12:46 18:70 34:136 31:123 18:70 28:112 19:73 26:104 18:68 23:91 60:236 22:84 38:150 37:145 14:56 38:148 11:43 34:136 36:142 11:41 33:129 32:124 20:80 14:52 9:35 20:78 11:43 30:120 29:113 2:4 4:16 8:30 34:136 28:108 12:46 2:8 24:96 22:86 40:156 23:89 12:48 34:134 7:25 4:12 3:9 11:41 7:27 20:80 24:96 11:41 42:166 27:105 34:134 14:52 14:56 32:128 28:108 11:41 4:16 8:28 34:132 22:84 20:78 12:46 30:120 15:57 33:131 26:100 2:4 10:38 22:86 21:81 8:30 10:40 26:102 23:91 4:12 19:73 21:83 30:120 21:81 12:48 14:52 23:91 32:126 ; 
L -85 -69 -5 -57 54 -28 49 82 95 78 -36 -28 100 83 -30 -6 88 48 21 -87 -80 -8 24 -33 39 -73 -7 -28 -11 -67 95 -80 9 -60 60 -74 -99 23 56 -53 -8 59 -89 -53 -41 24 -27 -98 -64 -90 -100 -45 -51 80 -53 90 -43 34 21 56 66 100 -38 69 31 -40 -86 76 -85 -44 -99 -63 -98 26 -47 -76 -51 -84 59 23 17 43 54 -42 -74 -16 4 70 -100 60 -75 35 70 -1 -80 -87 -70 85 97 -73 -4 -51 -63 -21 -98 -95 67 65 -16 -19 10 -19 83 -6 44 -4 53 12 24 -58 -88 -77 -82 -89 -1 49 81 26 -5 -63 96 -52 1 -17 32 14 47 62 -28 46 34 1 5 -49 27 93 11 73 26 -64 -44 -61 33 -62 28 -68 -76 73 -94 -48 -17 -38 -18 90 84 12 -18 88 56 53 50 -94 14 91 55 -25 -79 14 77 -20 -48 37 13 -83 48 -54 49 8 -64 42 -96 -99 8 88 53 -62 23 -29 6 28 3 -40 -30 -23 -48 -85 99 -55 87 77 -43 -92 99 -72 -72 49 -5 -23 54 -23 72 -59 83 -39 30 -75 73 15 56 -90 -1 69 -5 7 10 -22 -49 -67 35 55 59 36 51 98 -32 73 84 -8 -39 -99 -23 93 -16 42 36 37 -47 78 -3 55 91 95 85 49 -89 1 96 61 -88 -55 -47 38 96 -25 -46 10 -22 -86 -10 -35 -24 -22 32 55 -45 -8 -42 81 -6 17 -14 -66 46 24 -83 33 -47 11 100 32 -66 -66 32 79 93 -33 9 23 81 -22 82 70 -55 34 -53 -41 -66 71 9 -73 -79 62 -43 5 73 96 70 22 -41 -48 -54 -35 65 -55 -49 -95 -52 -6 -91 28 20 -49 -86 -77 -27 45 98 28 66 59 87 -95 -31 -30 -77 -85 -93 -62 -40 -3 -81 97 71 82 -95 24 10 83 -74 -3 -54 77 76 18 -45 -69 -87 -86 -22 50 -63 -48 10 18 54 -18 -18 -22 45 -44 16 -53 6 91 -67 -26 15 37 48 -9 79 -30 -18 46 -92 -6 65 -34 -18 14 -84 -39 59 20 20 -98 -2 42 81 -66 -34 -65 -98 -51 1 64 -27 -47 79 -69 -48 5 12 -21 11 -79 -82 -33 76 -55 -5 22 -50 5 -76 31 -88 54 -92 -15 -3 -52 56 64 -30 42 34 30 99 76 88 -91 48 -35 -43 -82 34 9 -12 81 -21 54 36 69 -61 -33 -23 -51 -95 46 51 51 -95 4 -34 -26 -22 -97 -15 -39 40 79 84 -36 -14 -22 80 -75 -25 89 ; 
16 14 10 36 84 22 44 71 73 10 57 74 51 8 18 3 79 94 73 98 5 90 40 76 79 22 6 29 44 95 41 45 99 76 95 85 37 53 60 36 83 23 23 25 63 75 93 47 62 72 66 31 25 97 3 7 75 3 62 82 17 69 11 29 3 61 19 81 80 83 84 87 65 36 88 99 32 72 12 61 77 39 52 57 11 19 43 79 15 68 17 61 79 30 22 89 64 63 89 48 17 56 25 20 84 28 83 4 63 15 56 24 4 52 23 73 62 93 13 63 47 30 54 91 27 19 14 91 42 52 84 50 42 71 18 17 82 12 6 72 26 91 39 54 90 92 51 78 78 62 77 87 51 43 84 88 21 5 7 35 89 86 53 49 86 66 15 8 73 51 9 20 88 23 74 17 98 22 60 66 92 13 85 30 61 54 69 73 47 100 34 65 38 91 4 5 100 98 68 77 29 17 66 84 18 95 92 54 8 36 42 61 54 64 90 77 8 55 89 85 81 25 11 12 62 59 23 87 42 28 84 6 98 32 36 18 52 9 7 22 67 91 44 6 88 59 33 84 99 96 44 28 59 11 84 39 48 83 35 90 7 12 32 87 21 65 46 4 78 35 41 2 100 82 81 14 25 88 79 97 78 98 64 85 40 78 76 95 48 63 15 65 45 19 58 20 35 2 50 55 24 83 33 58 62 3 93 90 83 71 11 88 46 75 94 41 70 78 57 57 57 16 45 47 78 70 7 64 72 44 78 53 41 50 72 17 71 24 29 24 43 78 21 16 66 68 57 39 76 86 97 85 33 11 28 32 5 5 11 85 23 82 24 5 77 50 16 99 23 90 53 100 81 47 5 6 12 62 59 26 14 71 48 33 14 89 51 86 90 16 22 65 49 44 76 89 10 57 10 23 87 59 83 49 54 60 10 96 65 39 37 58 31 61 29 66 8 83 68 26 9 74 97 83 80 14 77 60 6 5 95 71 91 99 89 34 65 23 71 91 29 14 49 13 61 76 14 40 31 19 54 87 1 89 65 56 73 20 44 22 99 30 53 87 58 96 3 28 35 55 36 45 27 38 34 75 56 45 35 62 8 47 6 88 88 32 32 89 90 19 61 59 48 39 4 88 46 96 72 77 12 ; 
L -85 -69 -5 -57 32 83 -30 -49 27 73 84 5 12 -21 11 -7 -62 -40 -3 -81 97 71 -83 -28 -72 23 -54 -35 -43 -66 27 77 -31 -30 -77 99 -54 -54 -11 -93 40 95 78 -36 -28 100 44 -4 -86 -10 38 10 -8 -39 -99 -64 -44 -61 -7 5 -69 1 90 -42 -47 78 86 49 -20 -28 -40 -88 18 -12 1 21 20 -74 -99 23 56 -53 -8 59 91 55 52 -49 -95 -82 -24 -46 45 98 5 -49 10 -63 -85 -88 -76 55 98 21 63 51 4 36 -84 -95 -81 -46 28 -62 -47 64 98 27 -24 -79 -82 -33 76 52 -37 -36 -42 -96 47 27 90 65 34 66 -81 -42 -69 -70 97 22 -87 -95 67 32 59 87 -54 22 33 -93 -79 17 43 54 34 -3 44 85 -76 86 63 3 74 -77 -82 -76 -77 -75 18 -31 95 85 -4 -11 47 -33 -79 -82 -20 -59 39 84 -14 79 -51 -41 -48 -12 67 -55 -47 69 -91 -55 54 -18 -83 -10 -24 -90 -35 62 -33 -64 -54 73 5 -76 55 95 -80 9 -60 60 55 -99 -70 -4 16 74 42 35 21 -87 83 -43 -92 24 -53 -1 -64 -37 -15 26 -15 -39 50 -22 -88 73 18 89 55 -1 15 56 16 -93 23 -26 -73 49 8 52 -35 -3 53 20 -98 43 -90 -28 -6 29 -23 -23 -59 84 71 9 96 61 -88 -53 -41 84 17 6 91 -67 -82 80 1 -70 56 53 -24 -87 -9 93 -91 48 23 28 -42 81 -6 17 -35 38 -91 53 -62 -32 66 66 -5 43 -62 -75 -97 -22 -66 -18 3 15 92 34 49 -77 26 19 -50 22 81 -89 92 -46 53 12 24 -99 8 14 -22 -6 -10 46 25 -96 6 -25 -79 14 77 17 48 94 -73 -58 5 55 56 36 69 65 -16 48 -55 -54 88 -31 99 -72 -72 19 89 -22 8 80 -30 39 40 -80 -30 42 45 -44 16 -18 82 88 65 -87 86 -23 23 30 -83 48 -60 26 -5 28 -68 -76 -33 1 5 -6 88 48 -99 -30 -34 22 18 -32 -100 -49 30 -79 9 -48 49 81 -59 37 13 -73 -73 32 -98 -51 -36 100 85 48 -70 85 -28 -11 -67 34 96 70 22 -63 96 54 -9 -34 -10 48 -83 59 49 -80 51 65 -34 -53 -41 73 -39 33 50 -94 14 -95 -98 26 -47 -76 -18 95 -51 -51 -46 95 51 -14 -22 -100 -66 -56 -21 -34 -2 -79 61 23 -45 -8 66 14 -98 -51 1 64 -100 -45 45 -6 -69 -48 -38 -75 -25 89 ; 
7:25 6:22 4:16 15:57 40:156 16:64 8:28 4:14 36:144 20:76 29:115 15:57 37:145 40:158 36:142 14:52 2:6 5:17 34:136 10:36 33:131 10:38 2:6 12:46 13:51 33:129 34:136 50:198 24:92 50:200 35:137 27:105 5:19 5:17 12:44 52:204 28:110 51:201 28:110 21:81 38:150 27:107 4:16 23:91 30:118 21:81 22:84 30:116 30:118 32:126 8:28 15:57 22:88 40:158 39:153 37:147 31:123 35:139 15:57 13:51 40:156 3:9 34:134 9:33 12:48 34:132 30:116 9:33 32:124 18:68 12:44 10:36 4:12 6:24 17:65 15:59 26:102 41:161 15:59 22:84 24:96 15:57 34:132 10:36 8:32 30:118 10:38 7:27 7:27 32:126 24:94 8:30 11:43 23:91 11:41 4:12 38:152 3:11 20:80 7:25 40:158 11:41 23:91 34:134 8:32 10:40 23:89 12:48 16:62 14:52 7:25 10:38 29:115 3:9 5:19 17:67 25:99 19:75 38:148 27:107 26:104 10:36 29:113 8:32 46:180 16:62 34:134 15:59 9:33 24:96 6:20 32:126 30:118 4:14 11:41 28:108 14:52 19:73 34:134 36:142 12:44 16:64 34:132 2:4 18:68 39:155 47:185 20:80 14:54 2:4 25:99 40:160 16:62 21:83 22:84 16:62 28:108 34:132 32:128 33:129 12:44 30:118 14:54 22:88 22:86 22:84 33:129 12:44 2:4 46:182 4:14 13:51 9:35 13:49 1:3 14:56 13:51 26:104 14:56 25:97 13:49 24:92 15:59 15:57 23:91 20:80 18:70 10:38 24:92 26:100 17:65 4:16 3:9 3:11 36:140 36:142 26:102 40:158 7:25 26:102 23:91 17:65 18:68 20:78 14:54 18:72 20:80 25:97 12:48 42:166 18:72 40:158 31:121 38:152 25:99 22:86 32:128 32:126 18:68 8:30 5:17 4:16 22:88 40:156 3:11 2:4 25:97 24:96 25:97 20:76 27:107 14:52 23:91 4:16 50:200 8:30 4:16 20:78 5:17 24:94 16:64 24:96 35:139 22:84 25:97 17:67 6:24 24:94 12:44 6:22 32:124 32:124 30:116 9:35 35:137 4:16 5:19 7:25 27:105 3:9 30:120 10:38 31:123 28:108 40:156 13:51 25:97 5:19 52:208 23:91 6:20 2:6 32:124 20:78 17:65 27:107 29:115 29:115 18:70 31:121 24:92 40:156 9:35 12:48 6:20 21:81 27:105 8:28 17:67 38:148 8:30 22:84 21:83 28:108 41:161 38:152 20:76 26:100 15:57 60:240 25:97 6:20 2:8 42:164 14:52 34:132 5:19 19:75 18:72 19:73 14:56 30:120 36:140 17:65 16:64 22:86 8:30 13:49 11:41 8:32 16:64 2:8 13:49 11:41 38:150 46:184 12:44 22:86 12:48 38:148 6:20 37:145 16:60 16:62 25:99 50:196 16:64 6:22 33:129 33:131 28:108 7:27 40:156 9:35 24:96 19:75 36:142 14:56 3:11 11:41 20:80 12:46 29:115 33:131 16:60 14:52 26:100 34:134 38:152 30:120 16:64 6:22 59:233 26:102 36:144 16:60 23:89 25:97 10:38 36:144 21:83 25:99 22:88 26:100 21:83 23:89 53:211 7:25 9:35 2:4 10:36 36:140 14:56 13:51 13:51 32:124 47:185 34:134 32:126 25:97 7:27 21:83 17:67 47:185 36:140 9:33 8:30 42:164 16:62 20:76 32:126 38:150 15:57 18:70 8:32 13:49 35:137 7:25 22:88 25:97 26:100 24:94 35:139 10:36 7:25 6:22 25:97 4:16 34:136 31:123 12:46 24:94 36:140 3:9 18:70 55:219 11:43 38:152 6:22 26:100 4:16 18:70 38:152 9:33 37:147 3:11 26:102 32:126 8:32 7:27 36:142 12:44 6:20 20:76 3:11 5:17 15:59 21:83 39:155 8:28 39:153 12:48 26:100 6:24 9:35 32:126 8:30 8:32 36:140 12:44 39:153 15:57 36:140 40:158 5:17 19:75 3:9 19:75 4:12 25:99 14:56 19:75 36:140 15:57 28:110 7:27 33:131 25:99 2:8 22:88 23:91 4:16 18:70 32:124 21:81 24:96 52:208 34:132 32:128 6:22 52:208 13:49 5:19 79:315 5:17 8:30 15:57 14:52 16:60 31:123 5:19 ; 
L 36 -74 -81 5 -74 51 82 -49 36 15 -1 54 -57 85 36 -61 42 17 -73 56 -71 82 -89 -15 -18 -24 -45 -22 -28 -67 95 -4 -89 -92 -51 -91 -65 -12 -48 59 89 -86 -14 96 90 -66 17 -99 97 67 87 -29 34 32 -85 -99 -30 59 48 -37 6 -78 16 -14 -60 -27 3 -92 14 58 12 -74 -7 31 -10 24 -51 -59 -20 -92 -27 100 -39 -74 33 100 -32 -32 18 92 93 56 -31 73 -91 -94 75 99 92 -60 34 84 -15 57 -82 -41 53 -89 -52 -28 -12 -34 71 -42 54 60 -67 16 -58 -26 -74 -4 65 -44 -49 64 -91 -42 -49 -53 86 5 -30 55 34 59 25 43 100 -97 -50 -4 -1 -75 78 -78 50 -30 -73 95 100 38 -3 -46 93 -38 42 13 -75 72 -88 34 31 -60 78 -75 -48 59 -4 6 -31 31 32 -53 35 21 20 24 28 -15 -64 -100 73 -33 -43 -84 87 14 6 -51 94 66 98 -61 39 72 -84 -92 -4 59 96 43 -79 77 41 22 -63 96 -57 64 -100 -73 63 -91 -100 15 -47 43 62 -72 -100 -44 13 -20 -67 55 -95 -1 -64 -76 15 80 78 -30 91 -57 -31 -83 83 -18 70 11 -72 74 8 -86 -42 -42 8 72 -72 49 94 50 51 -45 46 13 -62 -24 75 55 -74 35 91 -40 -24 94 38 -82 87 -9 18 -18 -99 21 -46 -17 58 -4 -48 -74 -58 84 35 -90 34 34 -96 -6 -86 54 28 -11 87 -51 68 99 -2 44 63 84 34 -75 -37 92 7 74 71 -29 -79 -17 52 -13 -37 -42 -90 -46 79 -75 43 -93 -64 -1 -26 -76 -21 -60 59 -25 -10 -79 -59 1 47 14 7 -15 82 49 1 -54 -52 47 -83 -63 59 16 -16 4 60 1 -30 2 -46 -82 33 -8 -51 94 -30 -99 -90 -3 -13 9 67 -3 -53 -18 -57 -98 92 56 48 4 -97 -23 -20 -64 98 28 -14 -94 -67 3 55 -7 -74 20 44 93 -70 -98 23 11 20 3 36 38 79 39 99 -59 35 6 -21 -60 56 63 55 -43 49 76 -96 -56 100 17 -73 -25 80 58 39 24 13 -50 -74 -82 -52 12 95 68 2 -51 59 47 26 -98 72 -37 -51 -55 17 -92 -46 53 100 -50 -66 -68 -96 73 -9 65 62 25 39 -39 56 60 -9 -55 -66 93 -65 -71 -24 97 1 6 -5 85 -28 8 -95 -53 -33 -63 16 61 23 36 43 -5 -20 36 -42 -72 -94 -82 -32 45 -40 68 -57 -39 15 -41 86 -41 ; 
4 93 60 64 51 84 31 68 87 90 68 39 100 38 59 38 67 5 41 62 75 93 66 3 18 29 22 90 24 22 13 99 44 26 80 39 15 79 46 66 86 59 87 41 90 53 82 23 27 28 31 43 60 59 6 68 62 38 99 79 36 14 63 84 82 26 88 14 18 18 87 4 4 4 43 50 9 8 77 43 99 81 44 80 96 15 37 84 70 43 8 19 97 45 44 86 82 29 15 83 99 24 37 43 3 33 26 93 100 38 75 39 53 14 16 39 93 54 77 69 13 45 89 86 20 94 71 43 70 60 29 69 18 8 88 100 59 59 1 17 15 33 35 6 43 73 97 5 36 1 3 62 28 7 98 85 18 59 57 5 4 29 98 71 53 64 44 29 98 67 17 75 79 4 52 45 6 60 11 40 23 35 8 37 58 46 84 26 9 28 98 25 39 35 23 36 20 21 69 95 24 50 71 21 93 24 70 37 34 33 31 30 94 44 96 39 31 87 85 72 73 36 68 44 46 96 39 38 42 72 97 86 25 32 41 24 61 47 25 83 32 53 41 29 26 52 70 91 77 32 53 35 87 31 66 23 89 85 35 66 84 37 17 16 79 81 50 26 29 49 17 65 86 95 77 25 94 9 65 90 67 38 31 32 70 55 37 51 63 93 24 76 96 40 26 18 43 19 37 70 77 43 7 86 95 56 22 61 51 29 23 3 5 91 50 41 86 57 39 75 26 86 32 21 93 33 11 41 5 18 87 17 86 48 60 68 43 1 88 75 43 81 39 39 54 87 99 74 76 85 53 80 44 68 41 58 44 71 87 27 26 91 16 32 8 92 19 20 12 80 35 12 34 63 42 64 53 2 91 100 8 56 49 34 94 49 62 21 98 57 26 71 54 39 47 56 8 61 39 49 65 94 23 69 1 82 60 100 72 83 76 51 22 28 64 27 80 19 40 58 94 5 4 40 3 29 72 63 14 12 82 3 41 94 61 64 61 18 63 89 40 29 3 93 61 91 70 67 92 96 73 46 89 19 28 32 61 14 34 71 51 57 48 84 15 55 66 96 21 38 21 7 23 100 78 73 2 51 37 25 30 55 61 14 86 36 100 66 51 15 32 95 48 67 98 17 84 30 77 62 68 ; 
L 36 -74 -81 5 -74 3 -38 97 1 58 -56 39 -39 -60 34 64 15 87 -29 -67 -97 99 -77 79 23 11 20 26 -98 -63 73 -24 -20 -21 -43 47 54 -66 66 50 -100 4 92 -35 53 -63 -71 13 3 90 78 -78 -24 -31 7 -34 -55 30 -4 93 -59 63 59 13 -37 28 -28 -98 47 1 -22 -8 -61 60 -9 -55 -66 -6 37 75 -30 -99 -30 -38 -94 -59 -82 87 -9 -89 75 -78 60 -31 -34 88 96 43 98 37 40 -57 12 -74 59 4 60 1 -30 64 93 -4 51 17 -31 31 58 -50 -4 -1 -75 18 72 82 49 94 50 -42 38 49 94 -59 10 59 -16 14 46 90 42 -12 -34 71 -42 44 -91 -65 -12 -59 48 100 84 -15 66 82 94 72 42 -17 -6 -14 -21 -60 56 -37 -51 -55 -72 -100 51 95 100 -67 -9 -34 95 25 -49 43 -55 84 -33 -63 16 61 23 36 43 -68 40 -45 32 98 -74 39 59 -18 -57 -98 -56 -93 46 39 24 -72 -51 13 -75 -45 -58 -62 -24 74 44 15 -6 -86 54 -52 34 95 1 -15 -18 -99 68 94 46 42 -14 -47 -1 99 -18 -91 -30 -73 -70 -96 -56 73 -17 50 3 -92 -10 -8 -45 -22 -28 -67 95 -43 75 51 -87 -92 93 -35 -79 -24 99 42 26 58 -16 67 -60 42 73 -9 65 79 -92 -30 61 -36 -85 57 -54 8 -62 -17 -89 -92 13 1 -54 20 5 -57 -39 39 -100 27 -5 -86 53 -32 29 -6 -50 -74 -82 25 43 100 -97 -48 -20 63 58 -34 -84 64 -83 -53 8 -33 -20 11 -28 74 7 -55 -3 67 94 14 52 89 -53 41 82 -90 -13 -96 93 -92 -31 27 60 14 -1 -26 -76 32 32 -100 -33 -83 38 79 72 -65 4 47 3 36 83 28 -85 5 21 -46 -25 60 21 -33 -4 -48 82 -89 -15 24 86 -64 49 44 -11 -70 18 -31 73 46 64 75 99 92 76 -96 -56 100 17 -73 6 -78 -57 -36 51 82 -49 -46 -72 16 -20 -67 55 39 72 -84 -90 -59 82 -91 -94 20 23 97 -43 -84 87 -71 -74 -7 -92 36 18 92 13 -16 -52 12 95 68 2 -86 -42 15 -51 68 99 -2 44 63 7 100 -64 57 -96 100 91 -72 62 -74 -59 -3 -53 53 49 -56 -65 -71 -24 51 -41 -17 -79 -52 -2 -73 -48 -25 80 -96 14 48 35 51 -6 4 -59 75 55 -74 35 91 -91 85 -32 -34 -28 -41 15 80 78 -15 -74 -76 86 -41 ; 
2:6 38:148 24:96 26:102 21:81 16:60 12:44 27:107 9:33 16:64 32:128 14:54 6:22 24:92 40:158 12:48 10:36 12:44 18:68 7:27 12:44 11:43 36:140 9:33 29:115 23:89 4:12 12:46 8:28 12:46 38:150 12:46 24:96 3:9 30:116 35:139 8:32 18:72 46:182 37:147 27:107 35:137 28:110 15:57 24:96 38:148 11:41 60:238 9:33 13:51 27:107 30:116 24:92 26:102 2:6 21:81 36:140 4:12 30:116 45:179 52:208 40:158 54:216 7:25 20:80 20:76 18:68 23:89 20:80 31:121 5:17 18:72 12:44 24:96 21:81 23:91 20:76 12:44 14:52 38:152 30:116 29:113 25:99 9:33 12:46 15:57 27:105 7:27 26:104 42:164 29:113 26:102 22:84 29:113 40:156 12:46 1:1 20:80 19:73 11:41 31:121 8:30 33:129 2:6 22:84 20:78 22:84 32:128 18:70 29:113 13:51 51:203 15:59 8:32 59:233 30:120 16:64 7:25 14:52 14:56 3:9 6:22 14:52 46:184 30:120 49:195 13:51 34:134 8:28 11:43 35:139 17:65 7:25 2:8 30:120 2:6 15:57 23:91 35:137 28:108 16:62 22:84 6:22 17:67 2:4 6:24 32:126 22:84 27:105 6:20 12:46 15:59 31:121 10:40 6:24 21:81 27:105 14:54 15:57 4:14 27:105 40:160 29:115 13:49 16:64 12:46 10:38 30:116 29:115 30:120 2:4 18:68 8:30 28:108 25:97 10:36 42:166 9:35 21:81 12:48 5:19 21:81 15:59 10:40 12:48 22:88 25:97 18:70 27:107 20:76 38:152 19:73 14:52 29:115 24:92 21:83 14:56 5:19 30:118 8:30 34:136 4:12 16:64 6:22 4:16 17:65 23:91 8:28 5:17 8:30 27:105 20:78 18:72 28:112 8:30 18:72 31:121 64:254 10:40 27:107 12:48 28:108 32:128 31:123 44:172 41:163 42:166 22:84 22:86 28:108 24:96 6:20 35:137 30:118 20:76 15:57 10:38 4:14 25:97 25:99 17:65 16:60 35:137 6:22 29:115 22:84 10:40 36:144 10:38 9:35 6:20 24:92 11:41 14:56 23:91 4:16 48:192 12:44 1:3 28:110 5:17 36:142 18:72 28:110 31:123 22:86 38:148 10:40 40:158 36:142 8:30 12:44 14:54 23:91 28:110 16:60 24:94 16:60 40:160 23:91 35:139 2:4 7:27 11:41 5:19 8:28 33:129 13:49 35:137 28:108 7:27 36:142 18:70 33:129 14:56 28:110 12:46 15:59 6:24 6:24 43:171 29:115 26:100 39:153 24:94 1:1 7:27 13:49 8:30 61:243 32:124 27:105 3:11 16:60 8:32 13:49 11:41 29:113 24:96 24:94 16:64 32:126 40:156 9:33 25:99 20:78 38:150 14:54 18:70 40:160 38:148 11:41 14:52 4:14 1:1 35:139 60:238 9:33 7:27 7:27 11:41 33:131 2:4 38:148 14:52 27:107 34:134 15:59 6:24 19:75 10:36 26:104 21:81 22:86 36:142 18:70 38:148 16:62 21:81 14:52 10:36 3:11 17:67 38:150 12:46 35:139 17:65 17:67 26:102 26:102 14:52 27:105 2:4 6:22 8:30 16:62 38:150 8:32 30:116 22:84 13:51 67:267 18:72 28:112 3:9 38:150 12:46 6:24 4:16 26:102 11:43 32:128 8:30 16:64 13:51 6:22 30:118 16:60 37:147 13:49 28:108 20:76 11:43 15:59 32:126 19:73 39:153 14:56 15:57 8:32 16:64 6:24 25:97 13:51 35:137 36:140 37:145 1:3 19:75 19:73 34:134 14:54 21:81 25:97 9:35 24:96 37:145 18:68 23:91 17:65 6:20 5:19 33:131 2:4 17:65 10:40 28:112 13:49 13:51 18:68 8:30 15:59 28:112 31:123 8:32 2:6 13:49 14:52 14:54 29:113 39:153 26:104 21:83 9:33 26:104 17:67 5:19 28:110 11:43 22:88 23:91 22:88 27:105 35:139 40:160 12:44 12:46 2:8 13:51 3:9 19:75 13:51 38:150 39:155 17:65 59:233 33:129 6:22 14:54 27:107 40:156 28:108 15:59 7:27 7:25 32:126 35:137 16:60 3:9 24:94 35:137 5:17 32:126 35:137 10:40 8:28 30:120 51:203 38:152 25:99 28:108 ; 
L -60 18 82 5 63 -33 -96 -96 -38 48 67 -75 18 -65 -79 -4 45 -53 -73 54 -59 38 75 12 56 -3 -88 -35 -23 61 -3 31 -9 45 -59 29 62 79 7 1 -83 29 59 83 -48 -73 18 58 -4 -3 90 -60 91 -68 60 -90 -98 -69 70 77 96 61 -58 -4 31 -63 -53 -47 66 70 -4 -63 -77 82 52 17 -14 -54 44 -31 28 23 76 29 -17 -9 81 -2 86 29 -23 -49 72 6 -8 -68 -64 98 52 -86 -9 40 69 75 39 -94 -79 -48 11 -38 -73 61 -62 -22 -81 -59 37 80 81 41 -65 29 -78 -2 -37 -90 91 -17 -85 -68 65 -12 87 95 15 56 18 60 -47 33 -80 93 34 74 -57 51 -45 -7 88 2 61 -47 -53 100 -25 37 97 -69 68 -86 -65 -11 57 65 74 11 10 78 91 -86 74 12 -74 -7 -2 -13 -53 29 -13 85 -88 -59 -12 -12 73 63 51 83 1 -62 85 -76 -3 -83 -87 26 26 76 -93 -66 68 49 90 -41 61 96 -45 -48 56 -19 -26 -39 16 -63 86 76 41 25 -59 7 -14 -14 -98 -50 48 74 -88 39 44 8 -74 -51 -84 -21 39 66 -28 -12 36 95 29 70 -88 -85 -40 88 52 14 8 92 43 -4 -33 -23 -85 -93 -91 -58 -74 -40 59 65 -77 41 -83 -51 54 49 -40 100 -56 -26 -94 -38 -19 83 38 -19 88 22 34 30 74 71 -23 63 -43 87 17 56 -80 -74 57 -59 10 -23 -77 2 -11 -29 -43 -33 -65 30 -61 -63 -83 -47 -40 -43 -8 -86 80 86 12 -54 1 89 -54 93 -89 97 -6 -36 44 84 12 -58 24 -73 95 25 -29 -45 -63 90 -37 82 -51 77 -7 -35 56 11 29 50 39 80 -14 -45 -7 59 14 73 18 73 38 -89 -60 -36 -79 12 -77 -13 -34 96 7 -32 -66 9 -19 -95 47 37 70 -32 -83 53 -59 67 -29 -8 89 -95 -37 -72 6 39 -80 83 84 -25 30 63 75 -8 34 12 -90 -61 -57 -7 -70 32 16 36 89 -78 -17 -46 42 -58 96 74 55 -50 -7 80 -100 82 -79 71 84 -26 -5 92 -92 68 13 97 13 -41 6 -53 -64 26 19 86 90 19 65 4 93 30 30 64 36 -72 -35 -79 95 -96 -83 12 60 40 -81 -8 -94 -33 47 99 -69 -39 87 -89 67 -78 88 -36 -39 15 -7 90 5 29 -24 17 -43 -23 -46 -15 -73 -96 19 67 90 75 51 -73 74 70 67 95 -78 13 -46 8 14 37 ; 
60 60 10 91 99 26 73 18 89 12 59 83 7 59 9 83 80 40 34 81 66 83 50 40 8 98 79 38 36 45 11 27 77 21 34 52 53 61 86 56 42 67 74 8 80 32 11 95 94 75 1 56 60 40 21 4 89 72 75 15 83 60 9 62 6 87 66 72 97 7 56 10 99 57 16 58 27 26 74 79 7 52 31 59 49 41 95 2 53 55 20 28 11 13 11 20 3 39 100 51 21 72 81 94 66 97 25 80 95 33 86 56 26 54 49 28 41 14 87 7 43 91 45 44 59 88 100 40 40 98 18 98 33 23 94 4 53 44 77 77 52 14 57 58 58 21 8 64 77 92 58 42 24 62 100 38 17 75 36 27 89 53 3 75 72 21 59 86 22 52 82 66 63 17 72 84 23 87 12 36 34 41 61 91 45 88 13 48 49 78 34 81 38 19 58 78 66 75 95 49 24 62 73 26 97 21 86 38 35 59 22 47 24 27 35 80 82 36 25 31 71 81 87 9 35 44 91 16 23 1 23 2 26 82 60 59 56 15 81 87 72 14 42 95 59 22 17 56 92 9 30 29 65 28 38 29 2 5 33 2 2 12 84 45 53 14 33 75 64 28 5 24 49 24 12 10 90 89 44 75 91 7 38 43 61 37 99 80 49 55 27 87 7 1 38 99 18 21 35 94 92 62 52 27 65 54 28 96 81 20 31 15 19 98 44 88 69 71 12 70 86 27 23 16 88 31 100 3 8 38 64 76 99 85 44 68 70 38 64 67 25 72 99 75 78 69 84 36 63 45 90 69 56 57 44 85 79 68 11 67 72 74 65 43 75 88 74 92 30 74 43 85 21 9 85 55 55 56 25 38 1 73 6 19 22 48 63 78 13 56 48 97 27 48 91 11 26 14 29 10 16 38 52 42 81 99 42 32 67 35 64 88 27 100 47 33 70 39 23 35 31 32 76 37 75 37 11 20 29 77 62 67 26 42 52 44 23 65 68 95 97 99 22 100 7 10 88 64 53 87 61 64 17 42 88 69 61 78 20 83 82 24 18 56 50 6 9 52 61 70 63 9 26 72 13 93 100 53 22 96 69 75 73 4 64 93 75 48 81 82 41 28 59 60 95 50 5 94 72 18 7 ; 
L -60 -29 96 76 -93 43 -58 -4 48 -53 91 34 26 -74 29 -25 -28 -12 85 -76 -3 -83 62 17 45 -17 -93 61 -3 -92 -8 -14 88 52 43 -80 83 89 -40 41 79 23 43 96 -95 93 -22 -81 -59 -33 47 39 17 17 44 84 12 -58 24 -73 78 18 82 5 47 37 34 13 77 53 -45 -18 73 -6 72 -53 -64 90 91 18 19 65 4 -65 -15 -13 85 -88 73 -95 63 -33 -96 58 -5 -96 58 -42 90 97 -69 68 -86 -65 -11 57 -48 50 74 80 -56 39 -90 -95 -36 -87 26 26 7 -32 -66 9 25 -89 -18 75 -67 59 38 -89 -60 8 -93 -51 -65 30 -61 -63 -83 -68 92 -92 5 26 -84 62 -61 73 -29 -67 -83 57 90 60 87 7 -73 54 -59 38 75 12 -75 -68 16 98 -24 37 -90 73 -53 -95 -2 -37 -37 25 -100 53 47 57 -59 10 -13 -90 47 13 15 63 51 51 74 -30 -7 -4 -14 -59 7 45 -23 -28 31 -46 -51 -62 -29 59 -45 9 -31 -60 91 53 -6 14 14 -7 59 -56 -38 -83 19 94 2 -11 -29 -36 -79 12 -29 -8 89 78 -95 -67 -70 90 -12 -45 -63 -63 -77 74 8 -6 81 35 -70 -41 -76 -86 -60 -12 83 96 -95 77 31 74 -87 43 -63 -23 -77 -39 -75 -69 -40 -63 -8 -44 -1 -70 34 30 -63 37 -19 -61 -86 54 -17 -9 79 4 12 -87 23 -71 -23 37 80 81 75 -74 -40 59 65 38 -61 54 95 -29 -66 -68 -64 98 52 -86 38 -11 48 -54 -78 -52 -82 7 -19 97 -15 39 36 -88 78 -67 84 -25 -51 -96 -77 -83 -84 -21 39 55 -50 17 48 -83 -73 -18 -29 83 -1 -7 -65 -44 -56 48 -4 -86 -40 -8 -19 96 10 78 91 -86 -49 12 59 -11 -74 -65 74 -88 39 82 54 -45 85 85 -80 70 -70 -66 47 -68 74 -57 79 -36 80 -81 -8 -94 -56 -2 86 -19 30 -6 -36 7 -77 33 43 29 -36 -64 -30 -97 89 -41 46 -13 -82 100 -80 -80 86 -41 79 35 72 96 8 56 -3 -88 -35 -26 -94 -2 12 3 4 63 -61 -93 -19 -60 -34 -49 72 71 -39 -50 56 -100 40 23 -29 1 89 -73 23 -29 -11 -33 13 -41 -26 -39 66 -90 -69 -22 -88 -90 -98 -79 -12 -33 -2 -88 40 -14 76 29 14 -32 -83 46 69 -99 -47 -67 59 85 88 -70 -9 49 -58 51 61 -16 -32 74 12 -74 -7 -38 -65 68 -7 -73 14 37 ; 
24:96 36:144 25:97 13:49 38:152 10:40 11:43 25:99 7:27 24:96 26:102 22:84 48:190 11:41 15:57 40:158 23:91 6:24 26:104 33:129 16:60 8:30 14:52 10:40 16:60 29:115 36:142 22:86 5:17 16:62 4:14 37:147 29:115 7:27 13:49 12:46 23:89 20:78 30:116 10:40 43:169 12:44 39:153 8:30 20:78 4:16 13:51 20:78 12:44 25:97 31:123 40:156 29:115 9:35 37:145 13:49 40:160 2:4 4:12 16:60 26:100 6:24 4:16 37:145 13:49 4:14 50:200 30:120 18:68 7:27 16:64 19:75 5:17 47:187 26:100 24:94 29:113 13:49 8:30 7:25 11:43 39:155 40:158 9:35 34:136 20:80 15:57 14:54 16:64 53:211 36:142 11:41 30:116 26:104 9:35 23:91 11:43 36:140 44:176 37:147 30:120 15:57 11:43 36:142 22:84 2:4 25:99 14:56 8:28 35:139 11:43 9:33 12:44 50:196 35:139 30:120 32:124 27:105 48:188 37:147 12:48 30:118 7:27 32:124 5:17 3:11 34:132 11:43 26:100 28:108 5:17 33:131 32:124 30:120 14:54 11:43 26:104 22:86 12:44 4:14 8:32 5:17 15:59 30:120 15:59 31:121 11:41 23:89 34:132 10:38 28:108 1:1 22:84 45:179 12:46 29:115 20:76 33:129 27:105 34:132 20:80 16:64 3:11 12:44 11:41 10:36 51:201 20:80 28:112 23:91 8:32 46:182 18:72 24:94 6:20 16:60 40:160 25:99 10:38 13:51 1:1 16:60 18:68 22:84 6:22 47:185 33:131 14:56 6:20 20:76 1:3 10:40 15:57 19:75 8:32 23:89 28:110 36:144 28:110 21:83 3:11 17:65 33:131 12:44 22:84 21:83 14:54 9:33 31:123 12:46 24:96 21:81 17:67 21:83 33:129 29:113 13:49 14:52 2:6 36:144 4:16 0:0 15:59 14:56 38:150 48:190 29:115 30:118 14:56 30:116 3:9 12:48 38:152 24:96 24:94 4:14 12:46 3:11 18:70 24:92 40:158 21:81 11:41 5:17 28:112 24:96 24:96 11:43 33:131 32:128 26:104 36:140 17:67 7:27 26:102 16:62 32:124 34:136 16:62 32:128 40:158 18:72 8:28 33:129 27:105 38:150 33:129 56:224 19:73 1:1 40:160 6:20 38:152 3:11 16:64 22:88 16:64 11:41 13:49 45:179 11:43 17:65 15:59 30:116 6:20 34:132 35:139 25:97 16:62 8:30 6:22 35:139 3:9 19:75 1:3 1:3 5:19 3:11 27:107 23:89 14:56 23:89 20:76 15:57 2:4 16:62 40:160 21:81 10:38 14:52 38:152 32:128 13:51 42:164 7:25 7:25 42:164 9:33 19:73 4:14 26:100 28:112 25:97 21:83 4:12 39:155 17:67 15:59 34:132 21:81 11:41 33:131 24:96 26:102 14:52 13:51 11:43 32:128 10:38 34:136 10:36 27:107 17:67 23:89 40:158 36:140 3:9 14:56 15:57 14:54 25:99 3:9 35:137 26:102 23:91 35:137 9:35 21:83 18:68 29:113 25:97 3:11 9:33 29:115 23:91 37:145 7:25 7:27 24:94 12:44 43:169 37:147 21:81 37:145 25:97 3:11 39:155 17:67 14:52 24:92 22:86 31:123 24:92 12:46 32:124 8:32 12:44 17:65 22:84 40:156 14:52 8:30 7:25 18:72 10:40 34:136 25:99 44:174 20:76 36:140 4:16 5:17 11:43 12:44 13:49 2:8 12:46 14:56 10:36 45:177 8:30 3:11 27:107 35:139 22:84 14:56 11:43 5:19 40:156 32:126 16:60 3:9 20:78 6:24 32:124 33:131 30:120 16:64 5:19 12:46 41:161 10:38 19:73 4:16 5:17 14:52 28:108 34:134 14:54 2:8 12:44 47:187 8:32 13:49 29:113 16:60 18:68 36:142 32:124 52:208 47:187 27:107 2:6 19:75 9:35 28:110 13:51 29:113 30:120 10:38 36:142 32:124 36:140 30:120 16:62 37:147 19:75 38:152 3:11 24:94 20:76 19:73 22:88 19:73 8:30 8:28 10:38 3:11 16:60 45:177 38:152 17:67 6:22 23:91 16:60 27:107 53:211 17:65 33:129 4:14 27:105 26:100 7:27 33:129 7:25 8:28 23:89 62:244 36:144 8:28 3:11 ; 
L 63 -77 3 -46 67 8 73 -37 -83 73 -87 95 71 -35 20 -52 -29 87 -3 71 -77 73 -68 87 -56 -29 -51 47 -41 -63 -3 16 33 -83 61 99 -5 -92 -51 73 -48 50 -53 28 -82 -14 -54 -63 -57 -70 57 -12 -75 36 100 90 43 68 -44 -63 -41 -22 -24 -68 30 -17 37 -47 44 -97 -32 -73 7 12 75 -74 -69 -93 -98 98 51 -4 28 -87 89 73 -94 -37 -12 60 -98 -40 -92 -32 -38 47 56 69 56 64 -50 89 96 18 34 69 95 53 -21 45 74 -53 -22 2 -12 -3 74 56 85 -44 46 -99 71 4 8 -32 96 1 82 -30 -25 23 61 54 -36 -21 35 -99 -85 -36 35 -20 -78 5 92 26 -85 59 91 69 -80 27 -8 4 72 -29 -91 62 -86 -3 88 1 -39 -25 32 -65 -49 83 -33 -1 -14 89 -66 100 -11 49 44 -13 73 -50 -12 44 -87 -32 40 15 -99 59 -99 -36 -24 51 -51 8 84 5 -63 -32 -17 28 -48 -30 -42 5 50 -69 -59 21 52 63 54 -15 -58 12 10 25 -57 29 41 74 65 -95 86 -20 -15 8 -97 -42 -59 -99 60 -90 -49 -19 68 41 59 -100 -16 -30 -20 -20 26 19 79 38 -88 70 -35 -26 -23 -74 -75 100 41 -90 97 10 99 72 -73 93 29 37 71 -28 -26 -28 -23 6 42 68 49 3 -5 -87 92 -80 8 67 29 -39 -48 47 76 92 55 -65 -41 -22 -98 -91 -67 31 12 -65 10 -66 9 59 -74 13 -86 29 9 -33 -71 14 -24 27 -4 -64 -71 -100 -41 53 -96 62 26 4 38 3 37 60 49 -89 -95 43 -17 -36 48 -58 -94 54 50 35 -19 -24 -51 43 64 9 -4 -29 -99 15 -83 -98 -51 -25 9 74 3 -74 85 48 -2 9 -16 -99 -3 -78 89 17 88 -96 99 63 -37 86 37 24 74 -24 83 71 -1 29 -99 -12 22 90 -80 52 -53 31 -12 -10 79 -39 -49 -72 84 46 -84 -99 -26 -53 46 -88 -8 -30 83 100 81 9 47 -31 22 -21 81 71 -53 -27 76 -36 -99 -10 -91 59 -46 -77 13 -40 72 -89 -89 1 63 -52 21 31 -25 65 47 25 -35 -27 19 -17 -25 52 -88 -100 73 2 -18 -50 45 -59 98 5 55 -69 21 51 -99 84 44 98 -35 -16 4 -41 -40 -55 79 28 -83 46 88 -87 -39 -56 -100 84 74 2 8 15 14 -52 63 82 81 -26 48 98 10 -63 -8 5 54 -61 -5 64 -30 29 -23 85 ; 
48 69 95 7 90 74 91 14 8 59 43 81 42 39 93 88 64 19 63 77 68 54 97 4 23 50 68 62 42 74 96 28 8 7 81 55 6 74 7 10 65 90 82 83 57 3 57 35 76 65 47 90 59 31 33 24 69 10 13 99 88 1 56 96 24 3 46 61 91 45 47 14 9 6 24 65 47 65 15 9 57 65 78 6 67 38 76 81 98 70 47 10 86 41 16 18 76 76 90 40 64 9 32 52 46 75 92 39 34 91 70 28 35 97 57 78 87 84 96 59 70 50 69 29 84 3 13 59 99 23 76 62 80 21 82 77 40 77 28 50 77 12 7 38 12 28 13 44 2 90 18 51 30 23 57 58 60 91 3 50 10 99 63 80 22 97 42 12 77 8 92 19 79 16 73 88 51 97 81 86 31 10 67 91 79 6 62 5 23 65 22 3 57 86 66 83 54 82 73 43 87 19 23 2 83 75 95 6 34 85 5 27 1 52 79 59 22 78 70 40 27 38 23 91 45 37 88 50 46 75 69 79 48 100 59 89 98 99 85 15 39 79 93 79 1 20 69 75 69 55 11 45 69 32 29 82 13 94 95 100 15 90 13 42 97 79 64 31 26 1 40 59 7 67 33 21 46 26 45 58 72 72 29 40 82 35 81 23 37 98 62 95 98 47 23 13 79 90 36 15 54 14 27 73 72 27 97 72 34 69 96 5 100 70 28 87 74 34 35 4 71 17 97 5 80 9 90 31 10 26 10 61 50 48 38 56 54 36 25 89 30 86 14 83 2 54 85 37 16 81 87 70 69 70 30 50 62 66 89 92 46 96 24 46 93 50 94 93 48 45 12 63 21 91 82 68 16 28 37 20 57 64 31 25 48 53 81 38 36 18 21 65 96 42 40 93 37 22 95 100 53 47 81 99 48 79 82 82 20 21 52 22 79 68 90 49 10 44 11 3 13 35 87 28 51 69 99 54 67 38 60 16 20 11 39 45 88 25 88 54 59 9 28 89 31 66 49 36 75 84 96 81 46 7 24 12 72 52 76 18 98 80 88 76 4 36 79 24 66 72 23 28 14 10 2 96 9 40 58 3 60 24 53 37 44 67 63 10 67 22 30 48 22 48 35 58 4 32 80 74 86 ; 
L 63 -77 3 -46 99 -29 37 -99 2 -12 39 71 -3 -78 -74 -9 26 28 30 50 100 88 -52 25 17 -19 22 40 -13 77 -48 50 -52 64 98 26 35 -70 -31 -21 44 98 -35 -16 75 74 -16 -30 -20 -20 26 19 -9 -81 15 -54 -63 -89 -89 -93 -14 89 29 37 71 -42 36 -54 -61 -49 -19 21 72 -82 -40 -44 -99 -26 -53 46 -88 -44 12 68 -53 -21 35 -99 -85 59 69 47 -27 -71 9 83 -74 68 -55 12 -10 -91 -63 42 -74 -69 29 52 -24 69 41 -65 47 56 -51 -21 69 -55 -5 -67 56 46 -11 -28 -79 -50 45 5 -63 -32 -17 24 -17 -8 -30 96 18 34 -84 72 49 -3 36 -49 -83 -2 -83 24 -74 57 41 29 -39 37 3 -74 -45 21 -95 87 -73 83 64 -4 -4 100 41 -90 97 -89 88 -49 27 -23 35 -71 -59 -31 -1 82 83 -22 -24 -68 30 -17 22 -65 25 -55 -92 -76 -47 -85 59 51 84 -46 -3 10 -63 9 -33 99 87 5 -3 -73 13 -44 91 29 29 65 -12 -31 67 49 73 12 10 25 30 -61 -5 15 20 -4 -71 -41 99 -44 -38 21 86 -14 25 -35 -73 -65 -73 77 -71 63 -87 48 -28 -52 95 -8 -98 -7 73 32 65 99 -16 3 63 -26 -8 -2 -74 -31 53 8 -27 80 -69 -12 -1 -88 59 -53 28 54 60 24 -14 -79 10 12 -84 100 -93 -98 -10 -51 -98 -58 2 -48 36 17 -99 59 -99 -38 -79 -29 86 -13 74 -59 -9 66 -100 -96 6 40 98 -92 28 -87 -89 50 100 -91 8 84 -48 -4 16 62 15 14 -52 -53 -95 19 -35 -50 -54 94 58 -18 -98 -63 -57 -72 -85 74 32 87 -89 3 40 -41 -63 -4 -12 15 -29 -51 47 -67 -8 80 -92 -52 80 10 99 72 -73 -49 83 -33 -41 -51 81 -32 47 -37 -98 -91 -68 64 -54 -5 8 15 64 62 -86 69 -24 -51 99 -46 44 -85 -56 -74 71 -100 25 89 73 -94 -38 -37 86 37 33 56 23 83 100 -59 -41 -68 81 71 -53 -27 76 -8 48 -50 -5 41 96 -88 36 97 -29 3 -87 56 39 -20 30 61 99 -5 -92 -51 73 46 -59 42 97 -36 -43 -90 43 -84 -32 25 -60 -99 75 -26 -92 -5 78 20 -35 36 -1 -90 -22 12 -43 95 63 75 -57 -70 87 -88 -100 66 1 -1 -96 32 -8 82 -48 26 47 -37 -53 -22 60 -90 -23 4 28 25 51 9 -4 -29 -99 -39 -23 85 ; 
20:76 28:110 38:152 3:11 17:67 15:59 6:20 17:67 26:100 23:91 14:52 25:97 34:134 39:153 11:41 28:112 42:164 26:102 34:134 4:12 23:89 36:142 12:44 4:14 24:94 22:86 8:30 17:67 12:44 35:139 30:118 36:144 13:51 31:123 19:75 13:49 22:88 28:110 14:54 7:25 22:86 8:28 40:156 32:128 34:132 28:110 23:91 6:24 16:62 32:126 38:148 32:126 31:123 32:126 14:56 11:43 2:8 30:120 40:158 10:36 15:59 8:30 7:27 17:67 39:155 8:28 46:180 33:131 9:33 23:89 40:160 14:54 12:48 21:83 8:30 15:59 22:88 15:59 9:35 38:152 40:160 14:54 4:16 14:54 31:121 2:8 16:64 31:123 12:44 8:30 38:152 10:36 18:68 16:64 26:104 27:107 12:46 9:33 5:19 36:144 23:89 5:17 8:30 11:43 34:134 19:75 5:19 26:102 30:120 12:44 28:110 20:78 15:57 31:121 23:91 5:19 10:38 3:11 19:73 30:116 24:94 46:184 29:113 41:161 10:38 12:48 30:120 15:57 22:86 33:131 30:116 14:52 17:67 23:89 19:75 5:17 21:83 19:73 22:84 39:153 26:104 27:105 20:78 12:48 22:84 6:22 28:110 33:131 37:145 10:36 37:145 40:158 29:115 4:16 26:104 6:22 28:112 37:145 28:112 33:129 18:68 24:94 36:140 13:49 39:153 15:59 12:46 33:131 6:20 35:139 44:174 34:134 22:88 31:123 31:121 16:62 12:46 36:140 26:104 26:100 5:17 2:8 23:89 39:153 10:38 2:4 23:89 44:172 5:17 9:33 33:129 14:56 33:131 21:83 18:70 16:62 22:86 16:64 22:86 1:3 9:35 14:52 11:43 24:94 37:147 9:33 14:52 24:94 33:129 39:155 19:73 24:96 9:33 10:40 6:20 10:36 19:75 32:128 28:110 32:128 32:126 24:94 4:16 10:38 14:56 20:80 18:72 19:73 12:46 38:150 19:75 8:32 18:72 8:30 15:57 25:99 28:110 36:140 10:36 12:44 44:172 22:86 28:108 19:75 16:62 5:19 35:139 18:70 9:33 41:161 33:131 4:16 4:14 6:22 14:52 33:131 51:203 12:44 39:153 30:120 14:56 24:92 16:64 14:54 22:84 27:105 12:48 21:81 8:28 68:272 50:198 40:158 24:92 32:128 34:132 14:54 8:32 38:150 14:54 12:46 15:57 16:60 23:89 39:153 16:64 6:24 16:62 44:174 23:91 8:30 16:60 3:9 4:16 11:41 18:70 2:8 10:36 17:67 8:32 9:33 30:116 11:43 6:22 22:86 6:24 15:57 22:88 34:134 24:94 30:120 4:16 41:161 14:56 3:9 26:102 4:14 38:148 6:24 20:78 27:105 52:204 18:68 14:56 28:108 2:4 24:96 10:38 26:102 16:62 26:100 22:86 23:89 16:60 20:76 20:80 42:166 42:166 16:60 29:113 46:184 26:102 12:48 34:136 37:145 31:121 27:107 26:102 22:84 9:35 14:54 1:3 26:104 22:86 28:108 25:99 6:24 24:92 18:72 11:41 7:25 10:40 46:184 38:152 40:160 6:24 9:35 5:19 31:123 3:11 15:57 16:64 29:113 25:99 25:97 21:83 38:152 10:40 4:16 12:44 9:35 20:76 6:20 38:150 28:112 2:4 24:96 26:104 10:40 20:78 20:80 28:112 24:94 39:153 34:134 20:76 32:124 17:67 29:115 16:60 31:121 14:52 6:20 18:72 5:19 3:11 10:38 26:100 7:27 17:65 40:158 40:156 36:142 31:123 9:35 32:126 28:108 36:144 16:62 6:20 30:120 34:132 20:76 52:204 20:80 30:116 28:108 44:172 26:102 26:100 14:54 4:16 27:105 23:89 38:148 22:88 3:9 30:118 3:11 4:16 11:41 6:20 28:108 20:80 40:156 8:30 28:110 48:192 14:56 27:107 9:35 37:145 2:4 5:19 26:100 12:44 5:19 16:60 3:11 5:19 31:123 16:60 21:81 26:102 23:91 14:52 13:49 34:132 32:124 36:142 26:104 3:9 12:44 10:40 7:25 43:169 40:158 24:94 6:20 2:4 28:112 12:48 26:100 16:64 8:28 45:177 14:56 42:164 32:126 29:115 9:33 18:72 6:24 33:129 22:88 6:22 34:132 1:3 16:62 20:78 30:118 35:137 ; 
L -14 -63 -49 69 -97 82 50 -84 18 61 -88 -41 11 49 82 -19 11 67 71 -71 74 -84 -31 -48 26 95 100 -69 31 23 49 8 -21 -76 94 -41 89 -10 -81 14 41 -1 -37 -67 15 46 -50 1 53 -72 14 36 -94 -18 22 10 47 -5 -6 7 82 81 94 -72 -28 -77 -53 42 86 85 20 -42 61 2 20 -86 -41 -88 22 -40 35 -92 84 35 -44 -15 39 6 80 52 -27 -46 20 -85 -84 -68 -20 -22 -60 82 55 -82 -12 -72 28 9 -42 25 86 -1 -47 -46 87 3 -94 88 -60 -37 59 94 -43 -16 -25 -83 -17 30 -23 8 -18 -10 55 1 78 62 35 88 -81 79 48 27 83 -20 25 -22 -69 49 44 86 8 34 -94 -95 -3 29 -49 10 -93 -41 16 20 -10 82 -87 -36 -60 -26 16 17 -32 8 -69 100 -27 79 -61 57 -17 100 39 -75 -51 12 -96 10 -100 40 -40 -73 -48 41 84 -51 51 -66 -31 37 66 55 41 -99 -55 -44 47 -66 -78 28 -2 -51 32 -21 75 69 -4 75 -38 -97 -78 -1 -59 -7 -98 -48 -67 -57 -29 -42 -29 -1 99 14 31 -95 -54 -73 -97 99 2 -19 83 54 -54 57 17 31 14 -82 22 97 33 22 67 -56 -65 78 14 46 74 84 34 -12 95 7 -92 -86 -99 66 -27 80 -10 -93 73 -41 34 -50 39 -82 73 -79 86 29 -73 -56 79 -49 -2 -82 -34 -98 83 70 -57 -47 -5 24 -20 5 -51 86 96 74 29 -53 -43 74 -28 95 -76 8 20 77 -70 -78 1 79 4 -43 -75 18 52 -30 -23 65 -44 -85 59 -49 100 6 -55 17 -25 -49 2 -86 16 -19 -1 -43 29 73 98 -55 -61 90 -87 -45 40 -60 99 -48 41 -5 87 5 47 -83 -21 -98 66 -95 78 -54 -80 91 -61 -50 -37 79 24 -27 -86 37 -81 -95 9 68 -8 -81 1 -52 -36 -21 77 -36 50 78 -83 -88 -43 19 32 33 -51 68 -28 88 -89 -26 -28 19 99 -27 93 -67 -6 -46 13 75 53 56 -70 26 90 -51 -54 14 -3 -84 67 35 -58 -54 -95 -92 91 32 -13 -34 -6 -96 -25 -48 48 -70 -45 55 36 -93 17 -48 1 18 -78 -82 34 -96 -66 60 47 -28 -4 86 49 -35 -84 -59 -84 -14 96 -54 -93 -52 81 -40 -14 68 87 -79 6 -27 30 49 -70 -44 -36 -99 -47 44 -62 -91 -46 6 2 -26 19 -8 28 41 92 33 -48 71 65 -90 -54 -71 -7 -59 27 93 ; 
62 48 87 44 96 13 82 53 97 4 53 31 69 49 100 79 87 95 29 87 43 58 43 43 43 52 30 71 86 48 71 42 79 44 85 67 61 36 90 58 38 17 49 50 18 11 3 68 64 89 40 46 35 82 59 95 16 46 55 80 47 30 29 66 18 22 33 56 23 55 67 82 35 48 2 10 51 48 71 16 62 27 37 61 46 63 76 98 21 49 11 24 37 73 91 18 84 34 36 94 78 47 45 53 83 15 25 95 11 7 7 92 47 3 82 17 82 51 97 99 89 87 90 32 38 28 72 73 53 82 63 70 31 75 36 12 54 26 1 29 52 51 11 10 87 34 76 38 8 13 50 46 20 21 88 47 92 8 34 42 56 22 39 47 8 70 43 23 32 29 2 1 75 87 80 10 83 30 49 57 93 24 10 95 49 53 63 64 40 82 52 46 78 74 12 60 10 75 63 12 31 39 73 39 80 90 2 6 87 91 30 56 57 65 49 16 32 96 65 20 86 7 6 13 30 81 58 72 11 10 87 5 93 71 23 15 53 65 97 83 16 24 27 74 70 16 91 1 94 98 65 44 9 69 80 20 6 44 53 66 18 46 90 27 18 88 27 11 85 83 27 34 97 89 28 25 76 37 46 96 96 98 19 95 61 56 56 91 88 62 33 53 12 21 95 50 64 79 16 39 8 82 95 31 88 95 46 65 17 23 39 46 14 50 97 75 84 32 40 65 42 57 20 30 19 93 92 25 10 34 16 43 44 64 25 74 71 79 71 63 63 69 82 70 91 38 75 78 32 24 38 64 93 31 48 2 91 88 31 10 44 20 39 67 26 34 16 83 21 36 73 35 31 97 20 43 15 95 18 4 29 55 17 75 35 39 33 25 7 39 91 93 64 57 42 74 74 95 18 92 21 60 17 38 67 12 5 49 49 68 12 51 22 78 56 81 67 51 67 31 49 55 80 91 97 45 17 70 35 93 36 25 42 10 76 9 19 64 16 91 52 18 43 5 78 6 19 29 23 60 97 31 79 14 10 28 85 46 68 11 74 3 27 25 74 85 62 1 81 22 49 37 21 94 91 89 84 21 21 79 62 59 37 20 51 98 47 90 22 7 25 68 63 93 37 27 43 17 64 77 94 ; 
L 86 29 -73 -82 -12 -19 26 -29 -83 98 34 -8 82 -99 -53 -43 74 48 66 96 -34 82 -4 86 31 -22 -71 74 -84 1 78 -61 -67 25 -69 36 -94 -18 -78 80 52 60 27 48 87 3 18 -94 -20 16 20 -10 1 94 -55 -61 99 -14 48 -30 41 -98 -73 -29 22 2 -79 19 -26 -28 -40 -73 14 85 -6 -96 78 62 35 -53 -97 -55 -82 60 22 20 68 -21 75 69 -4 75 -49 37 -31 -99 -44 95 -76 20 77 -70 -93 -52 81 -81 14 -80 -21 -98 66 -95 -1 -55 -49 100 49 63 -81 36 87 -82 -51 -13 -36 -55 45 -94 76 21 -37 39 -67 36 86 27 -19 35 -92 -92 -6 100 -79 37 50 -34 -47 98 -2 50 8 -68 47 79 -46 -86 17 -25 -29 -7 -91 51 -84 -28 8 2 -19 47 57 -70 -1 99 14 37 -87 5 -41 5 -9 95 10 24 -14 78 66 -84 -84 97 38 -35 -84 14 44 70 10 -93 -41 59 -71 -7 54 83 46 -86 -41 -88 59 96 -54 54 95 49 82 89 -2 -6 -59 85 44 -65 23 30 -52 -18 68 87 -79 6 -1 90 78 -34 -8 -29 -42 -88 -84 67 49 54 -33 -97 -26 16 74 59 -31 -48 26 95 -86 -10 77 -36 50 78 -83 -88 -43 -42 53 -88 94 -83 27 -66 99 86 15 46 -50 1 73 81 -41 -10 -93 73 -41 34 -34 20 86 -2 -61 42 16 49 44 86 49 -78 -27 35 -58 -54 -95 -92 91 32 -54 14 -3 28 -68 51 -33 29 -49 -90 74 22 -40 -8 -25 44 -62 47 99 49 -56 -65 75 72 70 -48 67 1 -52 99 -41 55 47 46 27 89 69 -97 -71 48 54 -36 -21 -54 57 17 31 14 -82 -71 -67 -11 27 -100 70 95 44 -35 -84 51 26 75 -39 -100 17 -57 -93 27 -16 -25 -83 -17 30 -23 8 -18 -10 55 78 28 20 -85 -84 -32 51 2 -28 72 88 -81 -56 -4 28 51 -5 20 -24 -11 41 5 -88 -31 57 67 48 69 -6 45 87 -90 46 40 60 -66 22 10 47 -5 -6 7 82 -65 -19 -40 22 -25 -79 -43 -75 14 40 13 -6 -39 15 9 -42 -1 -43 51 -66 46 91 -48 -96 -60 79 86 96 17 -32 -17 93 -61 -12 95 7 12 -55 19 32 3 -56 -53 -28 -77 -60 -37 59 94 -43 79 -73 82 48 23 49 8 41 41 92 33 -83 -61 -18 84 -50 -82 1 81 20 47 1 100 -69 -72 28 -80 27 93 ; 
9:33 39:153 39:153 33:131 18:72 47:185 21:81 24:92 14:52 36:140 37:145 16:64 14:56 44:172 8:32 38:152 13:49 3:11 12:48 8:30 3:9 32:124 41:163 13:49 10:40 2:4 32:128 18:68 24:92 18:72 39:153 41:163 9:35 38:148 33:131 7:27 14:56 33:131 10:36 10:40 20:78 13:49 20:76 24:94 41:161 2:4 12:44 32:124 14:56 21:83 17:67 23:89 10:38 8:32 7:25 33:131 18:72 10:38 12:46 18:70 32:128 48:192 26:100 26:100 34:132 34:136 28:108 51:201 36:142 8:28 17:65 26:102 26:104 12:48 13:49 38:148 7:27 30:120 15:57 29:115 14:54 44:174 32:124 38:150 15:57 14:54 34:134 10:36 12:48 23:89 23:91 26:104 6:20 46:182 8:30 44:176 6:22 26:102 19:73 26:100 10:36 16:62 18:70 2:4 11:43 2:4 24:92 42:164 12:46 36:140 13:49 4:16 19:73 10:36 14:52 37:147 10:40 35:139 26:102 17:65 19:75 16:62 15:57 11:41 11:43 8:30 4:14 36:140 37:147 18:70 18:70 18:68 8:32 7:27 13:51 30:116 16:64 12:48 11:43 32:128 16:60 30:120 18:72 34:132 7:25 27:105 26:104 23:89 5:19 15:57 31:121 6:24 30:120 12:44 12:48 18:72 14:56 7:25 12:44 10:40 16:64 40:160 19:73 30:120 19:75 16:64 26:104 19:73 22:84 14:52 41:161 5:17 4:16 6:24 6:24 38:148 26:102 16:64 7:25 8:32 36:144 10:40 31:123 9:35 32:128 11:43 8:28 15:59 7:25 20:80 4:16 9:35 10:38 38:150 3:9 37:147 4:12 22:84 15:59 18:68 3:11 14:56 14:54 23:91 21:81 20:76 47:185 30:118 5:17 25:99 38:148 17:65 40:160 34:136 10:36 15:59 19:75 8:30 12:48 8:32 23:91 17:67 26:104 16:64 23:91 25:99 1:1 33:129 6:24 19:75 17:65 6:24 6:20 37:147 33:129 29:113 18:72 27:107 9:33 9:35 42:164 38:150 24:96 18:68 14:54 2:4 26:100 18:68 18:68 21:83 2:4 4:12 8:28 30:120 14:56 16:62 14:52 10:40 3:11 10:36 23:89 18:72 7:27 14:52 30:116 11:43 36:140 8:28 4:12 5:17 2:4 28:108 22:84 29:113 8:30 8:32 34:132 11:43 14:54 39:155 63:251 29:113 15:59 26:102 25:97 14:56 28:112 23:89 31:121 16:60 9:35 6:24 28:108 11:41 20:78 22:88 32:128 37:145 39:155 18:72 19:75 33:129 27:107 32:128 17:67 23:91 26:102 9:33 36:140 24:96 8:28 27:105 7:25 12:44 22:84 29:115 9:33 5:19 46:182 7:27 36:144 4:14 40:160 0:0 22:86 4:16 7:27 25:97 2:6 12:46 5:19 28:110 24:92 17:67 10:38 14:54 21:81 39:153 46:182 28:108 19:75 14:52 22:88 12:44 10:38 11:43 30:118 28:112 7:25 40:156 12:46 38:152 20:76 30:120 9:35 8:32 29:115 19:73 25:97 12:46 22:88 16:64 23:91 20:78 12:48 34:132 11:41 7:27 38:152 36:144 13:51 16:60 12:44 29:115 30:116 22:84 33:131 26:100 23:89 20:76 22:88 30:116 37:145 35:137 35:139 3:9 1:3 44:172 12:46 22:86 15:59 8:28 53:209 26:102 26:102 20:80 38:152 8:32 28:110 4:14 20:78 15:57 8:30 6:20 3:9 12:46 19:73 19:75 16:60 37:145 12:48 16:64 24:92 14:54 33:129 38:152 7:25 19:73 22:88 32:128 19:75 20:76 18:70 46:182 6:24 4:16 35:137 31:121 34:134 24:96 30:118 11:43 6:22 40:156 31:121 14:54 10:40 40:160 32:126 3:11 30:118 14:54 25:99 17:65 8:30 28:110 17:65 39:155 7:25 12:44 13:51 23:89 7:25 37:145 14:54 8:28 19:73 17:67 10:40 16:60 37:145 38:148 5:19 28:108 27:107 9:35 28:112 21:81 39:155 40:158 36:142 46:184 15:59 31:121 26:102 20:78 29:113 17:67 42:164 27:107 9:35 3:11 25:97 27:107 2:6 39:155 22:84 33:131 30:116 2:6 12:46 18:72 3:11 14:54 29:113 10:38 34:132 19:73 16:62 31:123 38:150 ; 
L -52 -16 51 88 -64 71 78 -31 5 76 -98 71 24 84 86 -9 19 9 16 -34 -35 86 57 -31 86 -6 -35 33 7 41 15 80 -5 -70 24 16 29 -54 41 -96 -48 69 -84 33 -49 -31 40 59 83 -6 77 59 -81 -34 77 42 -65 95 69 -36 -69 1 10 34 -12 -20 44 93 46 -12 -2 28 -30 74 -80 81 43 19 61 -56 -37 -98 -38 70 -89 -5 1 -32 84 51 -4 -11 5 24 7 -24 61 -56 -32 -76 -76 -67 40 -65 20 52 45 26 81 -24 60 44 52 -28 -92 -22 41 39 76 36 -87 83 -14 81 70 2 54 97 82 -49 93 4 35 36 10 35 88 41 32 -75 -60 -63 -20 68 -38 -78 -46 74 -46 81 5 -71 76 -30 -56 -62 70 30 82 48 -34 74 20 98 27 75 -88 -1 98 -13 9 2 -63 9 -71 87 21 57 74 96 -14 19 43 18 -71 27 -56 -20 -57 -40 8 42 61 -56 -66 35 21 -66 -54 -60 -96 -34 -43 -41 26 54 82 14 4 -68 66 59 54 11 13 -29 49 86 56 -78 -91 5 26 -19 14 24 15 73 71 -32 5 -47 -62 63 -86 -15 15 58 38 -4 -80 -2 91 -54 -29 54 -64 18 -86 -82 -45 -50 22 -91 -50 -13 14 69 -25 58 52 -16 27 -27 -42 -57 -22 -78 -53 65 20 93 80 -3 45 -30 -3 28 89 31 23 49 -46 -41 29 -31 36 -23 16 -99 -96 86 50 -36 -48 -48 -48 57 -90 -41 -86 -52 91 -65 -8 72 -65 47 58 -55 -22 9 -91 58 -35 -100 53 -51 54 72 54 -62 40 2 7 9 -90 12 -29 73 -43 17 44 -36 83 9 71 85 -74 -20 85 57 -99 65 -43 49 -3 50 93 82 -50 100 -38 -54 -47 88 -9 -52 -84 -76 -62 81 53 50 44 44 -30 -10 55 -47 96 71 -86 -80 88 -89 39 -82 83 95 18 9 29 93 -41 -47 -72 84 -39 -27 11 -2 70 32 -37 -60 -24 11 15 -86 52 16 -11 29 71 -21 -60 53 29 -90 -41 92 -10 74 -93 63 72 70 13 -4 49 18 -12 -79 -39 25 -96 -47 -75 -43 20 -65 65 62 -11 64 52 -54 -83 -79 -73 90 34 27 49 -43 -88 97 68 32 14 89 98 1 -11 18 -63 49 -98 -16 -60 -82 -81 -87 -6 -33 18 3 -74 76 -14 -49 80 62 44 9 43 -43 50 22 57 -98 84 -14 -63 73 -66 -68 22 -29 29 -48 -77 16 27 -10 26 39 -96 -41 ; 
56 77 79 51 69 65 64 83 90 32 60 18 75 91 47 16 27 20 39 25 100 94 69 53 46 85 52 24 43 99 29 77 44 1 51 16 63 45 31 72 100 54 16 18 98 91 54 90 11 99 49 78 19 34 79 53 95 100 57 30 2 4 81 4 92 100 13 39 31 52 13 48 49 81 10 58 66 86 79 58 17 25 10 87 88 27 30 97 34 88 25 57 38 97 72 1 57 55 49 12 74 36 25 40 60 2 61 31 2 39 90 34 27 38 49 72 48 100 100 28 25 17 36 47 43 18 50 26 66 16 73 6 89 67 60 28 60 82 17 19 32 31 34 70 76 75 88 78 55 9 91 8 25 98 32 18 81 12 97 17 5 41 6 27 2 28 81 14 54 13 18 22 51 37 29 32 11 71 7 33 11 34 99 51 64 70 59 33 22 84 4 30 91 86 100 89 31 13 37 65 60 47 86 60 32 29 41 85 36 38 82 66 8 87 41 48 10 70 55 60 46 84 1 100 94 77 54 61 75 26 23 43 82 97 93 49 16 14 34 12 57 72 5 70 6 7 79 67 38 1 91 7 62 27 85 99 82 16 41 71 33 12 68 93 79 26 10 2 17 39 87 50 71 15 57 94 57 29 45 78 3 8 41 18 53 31 11 99 54 94 71 57 55 32 99 92 71 41 82 57 94 13 85 19 4 92 97 34 37 53 91 33 66 24 31 44 17 30 62 33 92 6 9 100 40 19 7 44 67 33 67 67 39 63 44 99 42 88 42 86 93 35 6 56 91 87 53 82 30 84 79 40 12 92 20 49 72 98 35 11 38 6 61 6 27 89 25 60 5 33 12 38 73 58 32 36 72 21 55 73 40 42 72 51 65 81 9 42 11 66 50 38 25 61 74 41 97 44 44 37 8 95 6 29 73 36 41 64 91 55 22 36 38 86 77 88 93 28 54 78 46 98 5 80 60 84 2 4 89 16 73 53 1 28 3 5 82 58 53 5 87 33 54 27 97 53 43 3 85 62 78 92 67 16 67 64 34 96 51 39 25 52 77 25 60 97 35 71 63 27 75 26 22 57 10 30 53 99 33 55 6 81 38 70 1 19 78 91 83 32 74 57 18 97 75 27 71 17 86 34 8 ; 
L -52 -16 51 88 -12 90 -9 -5 -62 -27 -42 95 69 -36 -58 25 -69 -14 -32 -68 63 72 70 47 54 38 -39 29 -48 -77 18 -15 34 -8 2 -10 -54 -22 9 -91 70 -43 17 44 -36 84 -29 20 52 -19 -43 -81 83 95 -46 81 5 -54 3 43 -63 -78 -91 5 -43 20 -65 8 -30 74 22 57 24 60 77 42 -65 56 36 66 59 -60 26 78 -1 -72 84 -100 52 -4 22 57 86 49 -46 -41 29 -31 96 99 -16 -27 76 -30 -87 83 -21 -35 66 69 52 -16 -41 -88 -35 -91 -50 -68 12 34 96 15 -13 -11 -54 73 71 -98 -20 -91 57 81 -74 -24 70 5 -80 -61 24 -7 -25 39 79 72 54 -14 78 -31 96 71 3 -49 43 -65 47 58 11 66 16 -9 63 -2 -9 45 31 14 52 -59 53 -30 -82 -53 -44 -12 33 6 87 19 43 97 82 -49 -73 90 34 27 49 47 24 -54 29 54 -74 28 35 -50 -53 -81 62 93 80 -41 -89 -14 -27 86 -52 -93 -29 89 -88 82 -50 100 10 13 -4 -14 -18 49 -86 65 98 29 -90 -41 86 -86 -49 -91 -3 13 -98 1 88 41 90 65 -72 -56 -63 -20 -45 -48 -32 6 -83 60 -73 29 61 -56 -37 -98 19 -29 -9 84 51 71 -32 -24 -71 98 -76 9 -11 97 93 -74 10 -92 13 48 48 47 -55 47 -56 33 7 41 58 -35 -39 -27 -55 -80 49 86 -63 -2 28 80 4 -38 -58 -62 12 -46 -93 -44 -70 2 -71 64 65 20 76 84 52 9 -88 -80 -93 -50 -51 -33 -74 76 -14 -15 15 71 85 -74 -20 85 57 -99 -68 62 35 6 -40 59 -81 42 61 -4 49 18 -43 -35 -43 -88 -64 5 -22 68 66 29 62 44 9 43 48 96 10 48 44 -41 -56 89 -98 84 -62 -64 18 44 -75 26 60 21 -71 -82 2 54 60 75 -32 27 -65 -49 -31 40 -57 54 -29 -16 -57 -73 -70 71 -18 -32 -76 -76 -67 -24 -14 19 -7 -2 -86 -30 -3 28 89 31 23 -20 -57 -40 -22 50 -23 75 -71 87 21 -16 -60 -38 10 34 53 78 -93 -86 52 16 -11 65 -40 37 -82 -30 -34 -92 -22 41 39 76 36 96 -77 20 5 98 1 -50 83 9 5 -47 84 86 -82 -45 -36 86 50 -36 11 1 -32 -82 -54 -26 41 34 -16 4 -63 -81 -81 -46 -15 -11 -70 38 9 56 -27 96 -11 18 69 80 -74 79 83 54 24 14 26 39 -96 -41 ; 
23:89 31:123 32:126 21:81 42:168 16:64 3:11 1:3 8:32 33:129 32:126 16:60 23:91 12:48 9:35 29:113 17:65 9:35 32:124 25:99 54:212 38:148 12:44 30:118 8:32 37:147 18:68 22:86 23:91 8:28 18:68 16:60 18:70 11:41 6:24 12:48 24:94 35:139 14:52 27:105 8:28 5:17 27:107 16:62 26:100 10:38 12:44 8:32 1:3 10:40 35:137 27:105 24:96 30:116 41:161 4:14 37:145 13:51 34:136 20:78 13:51 34:134 19:73 34:134 4:16 30:116 22:84 33:129 15:57 33:129 10:38 3:9 31:123 39:155 18:70 22:84 38:152 46:182 24:96 16:60 27:105 23:89 8:30 24:94 44:176 23:89 17:67 13:49 13:49 29:113 3:11 4:16 37:145 22:86 17:65 8:28 22:84 13:49 21:81 29:113 38:150 20:78 8:28 40:156 19:75 7:27 17:65 13:49 36:142 10:36 6:20 5:19 4:16 33:131 24:96 4:12 34:136 29:115 46:180 33:131 19:75 36:140 6:22 17:65 35:139 11:41 30:120 6:24 11:43 3:9 6:24 15:57 20:80 5:19 21:81 1:1 18:70 26:100 23:91 1:1 20:78 34:134 24:96 18:72 37:147 12:46 2:8 34:132 12:48 16:60 14:52 22:84 35:139 42:168 14:54 15:59 21:81 6:20 26:102 10:38 15:59 21:81 9:35 18:72 14:54 26:102 34:132 13:51 14:54 64:254 12:48 32:126 6:20 23:89 38:148 39:155 24:96 12:44 40:158 15:57 27:105 7:25 17:65 14:52 22:86 11:43 39:155 10:36 39:155 24:92 3:11 3:9 28:112 23:89 23:89 42:166 3:9 25:97 3:9 13:49 29:113 37:145 9:33 35:137 17:67 28:108 15:57 27:107 21:81 52:204 15:57 8:30 32:126 16:64 23:89 27:107 26:104 15:57 20:76 8:28 12:44 17:65 1:3 17:67 22:88 9:35 22:84 41:161 28:112 6:22 3:11 12:48 6:20 22:86 6:22 40:158 23:91 26:102 34:132 26:102 22:84 14:54 28:112 12:48 22:86 26:102 40:158 31:123 4:16 14:52 37:145 24:92 7:27 10:40 13:51 6:22 15:57 13:49 36:140 9:33 17:65 22:84 30:120 8:28 24:96 15:59 19:73 13:49 16:64 31:123 35:137 16:60 10:40 9:35 37:147 24:96 14:52 8:28 1:3 11:43 18:68 40:158 24:94 13:49 10:38 27:105 21:83 24:94 9:35 24:92 38:148 22:88 20:76 10:38 23:91 5:19 14:54 9:35 22:88 21:83 13:49 16:62 15:59 10:40 12:46 26:104 24:92 35:139 23:91 5:17 14:56 40:156 29:115 18:72 39:155 12:48 22:86 27:105 11:41 11:43 30:120 7:27 7:25 15:57 36:140 17:67 35:137 38:148 14:56 3:9 37:145 17:65 6:24 21:83 7:27 1:3 8:30 16:60 37:145 30:120 19:73 40:156 4:14 42:168 17:65 18:68 1:3 35:139 14:52 34:132 37:145 21:83 40:156 4:16 12:48 22:84 40:158 40:160 13:51 32:126 28:108 5:19 26:100 46:182 18:70 16:60 19:75 6:20 27:107 40:158 28:112 3:11 16:60 17:65 15:57 4:14 20:80 20:80 9:35 13:51 8:30 30:120 16:64 20:78 37:145 22:86 56:220 11:41 18:72 26:100 5:17 20:80 10:36 15:57 26:102 19:73 5:19 30:118 15:57 23:89 31:123 38:150 16:64 16:64 68:268 43:169 23:91 12:46 18:72 32:124 2:4 3:9 9:35 34:134 23:91 25:99 11:41 14:52 26:104 13:51 5:17 40:158 10:40 42:168 19:73 2:6 15:59 7:27 1:1 41:163 4:12 38:152 3:9 28:110 16:64 22:88 15:59 39:155 41:163 14:54 29:115 20:76 40:160 40:160 12:44 5:19 48:188 9:35 21:81 51:203 7:25 12:44 24:94 40:158 26:102 18:68 31:123 19:75 8:28 37:145 32:128 7:27 22:88 13:51 12:46 6:20 39:155 33:131 17:65 12:46 13:51 22:88 10:40 20:80 21:83 17:65 13:51 13:49 21:83 18:70 37:147 35:139 2:8 5:19 24:94 24:96 9:35 26:102 23:89 8:28 10:36 32:128 2:8 22:84 20:80 16:60 14:52 7:27 35:137 14:54 4:12 ; 
