-148 -133 -133 -103 -89 -92 -22 144 -86 57 -22 129 97 -123 -131 -26 87 -1 101 -114 -76 51 31 142 -46 147 -65 147 36 69 50 28 62 147 150 -2 60 -98 -4 75 112 -12 136 82 -80 65 50 34 82 -109 133 127 -114 -116 119 -90 -12 1 -150 -60 38 133 -116 137 128 -85 -128 20 147 -150 -107 86 -126 -55 125 4 -17 -33 -124 114 145 -131 -32 112 47 -24 142 102 -27 135 -113 -74 90 -4 79 -19 -33 -11 -57 98 113 -21 -36 -8 -84 -11 136 -41 10 146 -59 109 137 102 -92 -130 98 120 -14 33 -95 21 89 85 -19 -133 -61 -49 23 145 -119 21 -19 127 141 -124 -76 -73 68 -143 -150 38 -57 43 109 54 -36 -124 45 18 25 122 -51 146 122 -77 -51 -27 8 18 129 -130 -2 64 -22 79 27 -66 -128 146 3 46 -62 -85 -113 92 -117 54 120 142 78 -61 43 113 -24 -84 85 -80 137 -28 35 -88 118 131 150 117 120 149 -115 -116
-148 -133 22 128 135 -113 -147 -20 128 85 27 -102 122 -82 -8 -84 -114 -76 51 31 144 -150 -131 -118 88 -35 28 -126 -55 125 4 85 122 -77 127 -114 -116 119 98 -60 2 -142 24 -47 -112 32 131 -145 -114 -113 74 -150 21 89 57 -22 147 -34 41 150 142 1 -87 -150 -76 8 -133 -33 -86 -14 -18 10 146 -59 109 -19 73 27 51 -133 -38 -133 -117 -124 33 61 -18 -116 23 4 43 19 -28 -85 84 24 -113 60 124 -141 43 -150 82 -109 62 129 113 -50 78 -79 -142 -11 136 -133 17 -86 12 90 26 131 25 109 36 69 50 -80 137 -123 -149 -120 36 -120 137 -64 -46 -3 -146 128 66 -27 143 -21 119 -97 92 -117 85 38 -57 -127 -130 98 103 36 21 124 22 92 89 120 137 107 -147 65 -147 -61 -49 -54 4 -90 -11 -57 98 146 62 2 130 -129 -19 -33 51 -80 65 -68 -1 -145 75 112 -12 136 79 102 -101 45 -54 95 46 -92 -115 -116
-141 -120 132 -140 100 150 86 -33 -1 80 83 131 -114 95 -74 60 46 23 -28 1 -93 38 -75 108 -84 -108 -128 69 -143 -77 -103 9 14 139 70 85 108 -68 -115 -111 106 50 -138 -9 150 22 26 -105 148 -65 85 29 -103 -97 122 44 -100 -11 22 -38 148 42 -90 70 136 105 -18 -52 109 -116 -94 137 -30 -69 -48 42 133 -75 129 -4 -13 19 -40 -65 54 94 129 104 89 30 -84 -73 51 -146 -41 -13 87 73 121 104 -125 6 -74 5 122 150 -143 124 4 80 86 -99 -147 46 -102 -44 43 -93 119 86 73 -95 40 -4 -17 45 -102 58 -148 137 94 2 47 63 -131 -16 -136 139 -82 143 -1 113 -123 32 -6 99 128 -28 98 -5 -71 20 3 37 -24 82 103 -143 91 53 25 -42 -52 148 -115 41 -45 -90 -44 147 131 -8 -125 112 45 -94 47 -147 -89 -96 7 5 -125 70 -141 -18 -13 -112 6 -30 -132 65 87 61 -124 18 36 33 -41 -22
-141 -73 131 -8 -125 112 -38 148 -4 -17 108 13 -93 -9 103 77 108 -73 -87 29 147 99 -86 -80 -4 37 -65 85 -131 -16 18 -26 -121 5 -143 82 28 -68 -141 -65 42 -86 128 -105 148 -44 45 -94 47 3 75 -7 -44 109 -52 148 75 -133 150 -131 -147 52 18 129 -74 5 120 -95 99 128 -112 -9 150 -90 -25 -53 136 -13 -38 147 87 96 89 14 139 70 85 143 -69 129 104 -125 6 -13 -70 90 124 2 -42 108 -84 -125 42 -33 70 30 136 28 -139 -65 -97 122 44 -100 103 61 -124 -40 -132 -111 -73 51 -146 -41 -82 24 102 -46 -103 54 40 91 86 115 116 47 71 -50 -106 48 69 22 43 -93 119 -94 -95 114 -143 -33 -36 45 -102 58 -148 137 94 138 5 -98 -23 -46 -122 132 -140 100 150 6 41 -45 22 104 89 30 -84 6 -63 20 -1 113 -123 32 115 -60 74 -94 137 -30 11 -4 -1 105 -80 1 18 83 -143 -19 -41 -22
-129 -85 138 144 -20 -86 -10 104 95 -107 138 -64 49 -14 -39 132 -44 -1 138 -143 57 -6 -93 -147 76 32 -131 52 -119 74 -103 -10 -64 8 71 -70 142 101 -82 -86 85 -23 -80 61 -10 -140 146 48 26 25 -88 63 57 -83 141 -58 -90 -6 120 122 1 113 48 42 148 -42 -65 -59 138 134 -129 -83 -100 -44 -58 50 -65 -125 22 -56 149 64 42 -52 134 15 -80 71 -3 -44 -18 -84 19 120 69 12 -85 117 -116 -71 46 73 61 52 106 63 38 -57 -16 -84 78 -102 -91 97 -150 -40 -93 -84 -82 99 17 -66 -144 57 -150 -20 128 -34 91 102 25 26 -100 -96 142 -122 12 -72 -91 -54 -49 -73 89 143 -30 16 103 -87 -75 34 119 -85 95 11 92 -129 -1 120 140 -105 -6 -120 84 70 77 119 -8 113 140 17 -77 7 101 111 -145 102 65 -123 17 96 60 24 45 128 -115 98 113 -121 -105 35 -131 -75 -3 42 107 129 7 -81 45 126
91 102 -64 119 -85 -97 -100 140 10 -39 -8 84 85 49 69 119 142 -95 -104 19 -86 -10 84 91 102 -61 -72 -91 -54 -96 -17 123 71 -3 -44 -18 -147 76 32 -131 52 -1 -122 65 42 -148 -42 113 140 17 -77 26 25 116 -117 93 119 -22 125 -42 3 115 83 -57 -63 57 63 38 -57 -16 -84 78 44 -141 129 7 -81 129 -73 -11 -95 -150 -40 -56 149 -92 71 -48 98 -23 -80 61 82 73 -12 -77 -134 1 129 144 6 24 45 128 -44 74 58 52 107 -132 96 146 75 131 -35 105 121 150 -106 -101 -7 52 20 -113 -17 -99 -82 -86 -85 -46 -49 -89 120 140 -105 12 -143 -128 111 -145 102 65 80 -15 -143 57 -60 71 -70 -34 103 50 -65 25 26 93 66 138 -8 120 -42 -70 48 129 -85 -84 64 134 122 -107 138 -64 -103 -16 142 101 14 -30 6 -138 1 120 -59 138 -83 -100 -58 -90 -6 -120 144 -113 88 10 -87 -75 34 20 45 126
32 -50 -75 102 -54 38 110 150 6 -39 -75 61 -116 74 149 -35 35 100 -99 -77 -101 24 -128 69 15 25 -76 80 -137 144 -82 23 34 -142 70 -103 -22 26 1 13 -12 -72 -89 -84 94 136 135 17 56 88 61 -59 -72 -25 -30 130 98 7 3 78 148 47 -50 -54 47 125 19 -30 69 -15 105 -113 -147 9 82 87 45 108 -123 -3 -5 -86 9 72 -121 -94 65 -30 128 -110 29 -127 95 -31 37 92 -91 -138 111 -33 -4 -149 -54 -97 -44 132 -147 -113 -145 -92 -144 -136 22 34 -146 132 103 -97 130 85 46 -30 -149 -2 53 45 -107 32 -43 86 -45 59 -77 -65 -21 62 77 110 -98 29 -73 -86 28 16 79 -2 73 7 68 107 136 -30 135 50 35 -140 48 76 -76 -132 -13 131 104 98 26 25 -131 149 44 -30 20 -68 -133 -54 -139 -39 67 51 -143 -135 32 -92 -29 116 84 -97 -134 45 -14 107 147 -119 -116 -15 52 57 -149 107 -15 -74
32 149 -35 98 26 -131 13 132 76 30 -44 -149 -104 -19 -125 -140 48 107 91 -92 95 -132 146 -47 149 130 85 -142 -136 -46 -73 -86 28 110 -128 -4 -149 -54 -30 33 -111 108 -30 45 -14 107 147 39 139 54 133 -65 94 -53 32 65 -103 -29 116 -84 30 -136 97 68 -73 2 -79 -16 29 -54 30 -25 -145 -15 -25 21 92 97 113 50 -74 97 -84 -149 -2 135 52 -147 9 82 87 45 138 144 -30 -135 32 136 -119 -116 -107 -86 -43 -105 15 72 -61 80 -137 98 7 3 78 148 47 -50 -127 -37 31 92 -35 -50 -34 -22 -100 12 56 128 -24 101 144 -76 45 -107 67 51 -76 -68 -7 -20 -143 -69 131 -23 82 134 116 59 -61 -88 69 135 15 75 147 -132 72 -110 -38 -34 -110 -77 -62 35 -72 -89 77 -75 86 -94 5 3 123 -29 98 -25 54 -102 -99 44 -77 121 150 6 -26 22 103 -70 -17 130 -59 45 9 39 1 13 -113 57 -15 -74
-24 -144 24 103 -43 -141 -7 135 -141 48 -94 -71 134 25 80 -141 31 91 -76 53 -124 -120 -58 102 -108 -53 133 70 -139 -126 -113 -150 -124 -124 -51 -4 -58 117 -99 92 -20 108 125 125 -65 47 16 18 -111 23 -82 -23 -78 26 -143 141 -55 5 125 90 -124 118 18 -5 -101 148 125 -58 145 103 112 -90 55 57 68 1 -57 60 -81 -108 -44 65 79 105 -93 -94 -24 18 37 69 -48 -91 -114 29 -58 129 -63 -11 -29 145 -8 -52 77 1 33 135 -2 13 -67 -129 -90 -17 -37 -4 83 -73 142 -108 135 111 -58 21 70 108 -56 -25 16 -3 -17 -129 36 101 33 12 83 142 60 108 121 -95 -6 142 -101 -35 5 78 110 117 -110 123 -114 -90 -50 80 112 -18 -71 -97 -25 -127 -58 129 -61 140 132 40 143 13 -137 101 -105 92 36 122 -65 83 8 68 -124 -146 -63 128 112 -21 122 -41 -77 129 40 46 30 19 -114 -43 -13 111 125 -12 17 144
-24 135 -143 93 -1 57 -5 -129 108 -142 73 -125 92 114 -123 117 -110 -110 43 -90 55 -63 -11 -29 103 -43 -141 -7 135 -141 145 58 -29 112 69 8 129 48 -94 -71 80 23 -91 -114 141 -40 -129 -129 58 -112 -78 26 -143 -23 -21 58 58 -117 58 -51 124 -57 -139 111 -124 118 -142 -4 83 -65 -124 -101 112 -21 90 135 55 -18 -18 52 -48 82 -25 -127 -40 -132 -140 61 77 41 -122 -50 37 134 25 -78 -5 31 91 -76 53 24 -101 148 125 -58 -47 17 90 6 65 68 -68 -8 60 -120 -150 -124 111 -125 -142 -83 -80 -125 36 -128 63 146 124 -19 -30 -46 90 -101 -35 141 -125 105 99 113 126 5 -92 105 -4 -1 -77 -71 -97 83 -67 -122 -36 145 103 95 144 -33 -101 137 -53 -24 -94 129 17 3 -16 25 56 -108 -70 -12 -33 70 -13 2 -37 60 108 -44 65 79 -108 20 16 18 -81 -108 -108 -13 133 114 -121 -102 18 -111 13 -12 17 144
-60 117 -107 -110 -112 -74 -126 -75 -113 -64 -101 -26 -68 145 49 90 46 -21 90 -26 49 -65 -106 -10 138 -58 -84 -115 91 8 -18 82 -83 -110 108 49 -33 -53 -20 -65 -28 -136 -68 -46 -43 -140 141 80 -90 101 54 70 63 -31 -93 -38 -67 1 -81 -38 45 64 -108 120 -115 64 47 141 -46 -125 102 135 113 75 -97 148 89 103 -90 -28 139 -32 -100 48 -144 -78 91 -19 -91 -53 -121 -61 -42 -131 132 23 -132 -26 82 131 -29 -150 -27 -139 -101 19 83 148 25 -18 -43 37 124 2 114 -87 -37 57 -108 109 -20 -138 -10 2 7 73 -147 -83 73 -49 -17 72 -41 14 -139 24 78 -16 33 -72 21 -107 99 116 131 -135 -15 -1 11 69 34 55 -65 -68 -87 91 137 -6 94 89 30 -108 11 104 105 66 -133 -9 -148 -22 -88 65 53 -37 -71 83 134 -87 8 -70 73 98 66 -129 79 72 -61 -142 -44 -102 -54 -123 68 -101 -85 40 -16 5 65 145
115 -75 72 91 97 -138 -10 -38 98 49 90 46 -21 -54 -101 90 -80 10 8 68 -131 138 -58 -60 17 -78 -135 140 43 -81 -66 -145 68 26 101 -126 -78 -24 49 -73 33 -49 -108 20 -47 -64 -16 -99 107 -21 -113 -110 -112 -74 64 107 -117 72 -41 14 -8 94 89 30 -108 -33 116 16 139 -115 84 34 55 -65 -68 -82 26 132 73 -79 82 -83 -129 141 -46 -65 70 72 -135 -102 -93 2 7 73 18 -40 131 131 42 -114 -2 -124 -120 71 37 61 121 53 91 -69 -87 -37 57 -108 109 -18 -43 37 150 83 -65 -104 38 101 32 -27 -139 -87 91 137 -6 28 -23 28 53 87 -134 -19 101 -85 -75 -113 -91 88 22 148 9 133 -136 -68 -46 123 -148 106 65 -49 70 63 -31 125 20 90 -103 -89 54 102 44 142 61 -19 -110 1 -48 100 -144 132 139 -67 105 66 -83 -147 -83 -11 1 15 141 -25 -148 53 29 11 45 64 -108 26 -90 5 65 145
-18 98 -125 108 50 -22 -68 -8 36 -29 46 80 146 -39 73 -21 145 38 -9 -96 -109 -122 54 -7 -1 22 -78 -61 111 63 147 -37 -123 27 44 17 -55 -2 73 -128 49 -24 13 -70 -127 -80 -83 -96 -2 125 130 41 142 -76 -49 15 -16 150 -24 -52 95 -120 27 142 120 -39 -137 -35 -8 -88 -47 -8 -56 -100 90 85 -1 150 66 126 -128 -69 -105 -141 145 98 -76 -139 58 7 -102 -2 97 116 -54 -64 94 -97 15 -110 -16 -128 -84 138 -51 -72 81 69 43 -64 -61 -146 -65 146 58 37 28 100 -41 -97 113 87 148 -73 149 -16 -107 29 -23 -62 -81 -134 -148 -37 -108 -18 90 -97 142 -142 122 -138 -18 -77 119 98 18 -138 37 83 139 -108 -6 -134 73 -46 -91 -111 -116 26 -24 44 -74 68 69 71 -127 81 19 -114 -27 -109 -50 24 6 -11 -25 -146 49 73 -145 89 -34 31 120 63 89 19 -31 -133 53 -60 -74 45 -56 64 56 -87 143 -94
-139 41 -107 -54 -64 94 81 62 63 -19 -89 -97 -148 -113 -76 -73 83 80 127 70 -68 -8 36 -29 46 -64 109 27 114 -19 -27 123 37 -147 1 6 -11 -25 -146 49 73 -145 89 -73 -127 81 -31 2 125 -49 15 -120 126 -60 18 -138 37 83 -63 100 16 -149 -120 6 -13 24 142 120 -39 -27 -66 39 -146 -80 109 22 -76 71 65 150 73 -146 58 37 28 -84 -18 -78 -56 -85 -90 -18 98 -125 108 50 -22 61 41 142 97 -18 -77 119 141 69 111 26 -24 44 -74 68 69 -134 37 87 -90 -98 -145 98 -53 133 31 -45 -108 148 -34 128 -73 49 116 51 -138 -21 145 38 -9 -96 44 17 -35 138 -130 16 110 -15 29 -23 105 -24 -52 95 -16 56 8 47 88 8 -72 81 69 43 128 87 142 -108 146 61 -50 74 -128 -137 1 7 -102 -2 -24 -122 54 -7 -58 139 -97 -116 -97 111 91 46 -56 64 -2 -150 -100 -142 122 96 134 -55 143 -94
31 -72 102 80 -132 26 -104 -122 -67 115 -53 73 -102 -135 120 -108 -43 -49 -138 -106 -55 -53 -52 14 82 46 -49 -25 -37 -45 145 94 90 -28 -68 -69 150 93 -48 -95 -105 66 108 109 -78 35 46 73 22 106 99 141 21 -76 -41 -54 72 -80 -110 -40 112 67 134 -114 -141 -143 -64 87 -132 -68 116 61 146 -69 61 113 -65 -122 -100 -72 75 148 -144 -146 -72 133 -127 -62 72 84 3 46 138 79 -61 36 120 104 -85 70 -82 73 139 141 -9 64 63 128 73 -34 29 113 41 44 59 -77 -9 -10 95 125 96 -22 14 10 -41 -37 35 33 -48 5 -113 -95 -139 99 112 -42 106 -55 31 -56 109 -73 11 51 -4 -120 100 -119 45 -88 -136 141 -70 -110 131 -141 -42 131 19 -116 -114 99 145 -12 -36 -2 131 61 49 -89 97 -36 26 -149 -111 -28 148 113 30 9 -75 32 145 -1 85 -137 117 -121 -27 -88 107 24 30 -39 -69 113 -104 -114 33 -82
-88 5 -113 -14 -64 -77 -36 26 120 89 35 -73 82 42 -133 -56 26 -30 -115 10 -41 -37 -141 136 -4 -48 131 19 -116 -114 -88 107 24 -52 14 -112 40 -139 99 120 -33 -97 104 -85 70 -90 -80 49 21 -25 -116 -68 -69 -128 109 94 30 9 61 -79 -73 51 45 49 31 -43 -145 -106 137 -85 117 111 -110 -150 -114 -141 -143 -64 87 -131 -36 -75 32 -95 145 -12 -36 -2 131 61 -102 105 95 35 66 -149 -113 69 -29 34 -73 -45 -55 78 -138 48 99 -100 148 -144 -146 -72 -31 119 53 93 27 121 -28 148 -109 -72 46 73 112 -37 122 104 -104 -114 61 -59 -44 -41 -62 72 84 3 46 138 -102 -72 -76 -41 -106 67 134 -73 -100 -72 46 -49 54 53 55 108 67 108 -120 135 110 70 -141 -99 -106 -95 10 9 -141 139 141 -75 -82 -80 28 22 125 96 -22 63 145 -1 -9 146 -69 61 113 -65 -122 11 -132 113 42 -132 -68 -39 113 127 33 -82
40 43 40 -141 -78 -1 7 -115 -131 32 -44 4 18 55 76 -87 -79 95 143 -41 65 111 47 -137 -47 56 34 -128 -103 -84 99 -56 -81 -88 23 16 28 -30 114 -24 -43 74 -136 -110 107 96 -110 -79 104 -21 -1 -62 130 -116 49 -84 31 -32 90 -10 -131 34 116 -57 -143 -28 37 123 -4 -13 8 -41 57 67 23 -118 -68 -89 114 -121 -150 88 -122 90 136 -39 -113 -59 -120 -75 69 29 -58 72 -81 141 109 -36 117 -14 -37 77 -36 -16 67 -86 121 -150 19 80 53 -122 -47 64 -134 57 12 -9 40 -29 56 39 -138 78 88 50 -11 -55 -39 -91 -21 -133 68 12 -73 -55 14 119 57 -92 79 -148 -86 -44 110 80 -96 -71 25 29 -15 61 145 71 18 -23 94 3 -81 -147 -91 -63 -20 -54 -84 99 71 -30 131 -38 20 -94 -37 -24 -16 95 121 25 -27 18 150 76 -27 -32 -49 -13 -84 81 46 150 74 -128 -51 -146 -102 -108 10 -85 44 -23
-131 34 -24 128 -34 -56 47 71 -84 99 -1 -71 -55 -18 -4 116 79 21 -20 29 -7 96 -115 -131 32 77 -36 -16 3 59 -39 25 -134 84 -49 116 113 -10 -96 -107 49 136 -76 102 -23 94 91 39 55 -25 73 12 92 75 87 91 -55 14 119 57 111 -90 122 67 -86 121 -150 -23 -150 -65 -41 57 88 -94 -37 -24 -16 95 16 28 -30 114 44 37 -36 117 -14 -109 -29 54 20 -95 -141 -78 15 69 38 -76 78 88 50 -11 64 138 -39 -23 -68 133 21 -104 79 56 -120 13 4 -123 -37 -121 19 80 53 -122 -47 -27 74 147 103 -43 -110 44 47 -137 61 145 88 31 -32 -1 -62 130 30 -56 -81 85 -108 -40 9 -12 -57 -150 -51 -146 136 -27 -32 -110 -13 58 -29 -63 86 148 131 90 -10 40 43 40 79 67 150 121 -114 89 68 118 -81 -84 99 143 -41 -110 8 -80 71 18 28 143 57 -141 81 74 -128 -46 84 -18 72 81 44 -23
-82 48 105 26 -44 67 -99 -19 115 -106 34 130 150 114 -3 130 -68 7 -80 5 84 -36 56 135 147 -52 13 114 40 -138 52 -78 40 -88 97 -121 63 -25 15 -41 -135 18 -85 76 -101 71 113 -100 62 -57 -7 96 -47 139 16 62 -11 -46 -140 -145 -107 116 108 22 62 -147 53 38 -57 -60 115 -37 -45 146 -118 -136 134 -46 51 -3 -46 -11 -32 111 38 -123 21 -104 126 148 87 84 135 147 -108 105 14 96 -134 6 -15 92 -10 79 -54 56 -32 51 44 -138 -114 -28 7 71 -135 143 -62 103 108 -134 142 115 135 8 -65 -59 39 -134 137 -112 -14 107 15 -47 -147 19 114 -68 146 64 57 -73 26 -61 133 -53 -70 124 6 -132 -41 36 -32 -147 -13 -37 136 11 16 -147 99 -145 -120 50 -11 -16 22 -43 37 109 -78 -79 -82 -127 87 138 9 145 -94 103 -62 -4 -94 -25 -22 -83 17 -63 -114 -128 96 19 74 -49 -122 120 40 49 128 56
-82 48 105 26 -120 22 126 135 136 118 -146 45 37 -32 -15 92 -10 79 -8 -46 -17 -99 46 11 121 -97 52 21 7 37 109 -78 -79 -82 115 -106 34 130 150 51 44 -138 53 -133 -9 -16 14 -5 80 16 -147 -140 -145 -57 -76 -107 14 135 6 51 -3 142 41 114 36 83 -56 -11 88 134 -108 -103 87 138 -44 67 -99 -107 -19 101 -60 114 -40 -120 122 49 145 62 -94 103 -147 -7 54 135 4 115 135 -38 -111 78 -52 138 -6 -124 70 -108 105 -65 -59 39 -134 137 64 73 -57 -19 -96 128 85 -26 -68 146 -104 -25 -22 62 19 46 -134 15 -47 -147 127 -143 148 87 84 112 28 132 7 57 -62 100 32 -71 96 -47 139 135 147 123 -147 -71 134 -96 84 -49 74 147 32 -108 -116 115 -56 40 -18 -63 -114 13 114 40 13 -145 -130 3 -114 -38 -53 -11 -11 -16 -50 -36 -62 94 -25 15 -41 -63 -61 -113 -37 136 22 -43 -62 -68 128 56
-84 74 -102 101 -107 17 134 -39 83 -42 -58 -150 27 -58 17 97 -107 -75 116 -24 132 -60 72 78 43 24 -88 126 141 -62 9 3 -74 -108 77 55 -62 94 -92 21 -56 -119 49 134 -53 55 139 -105 -33 89 -100 -49 147 25 -109 -83 -6 -137 118 -37 88 14 40 60 55 127 76 112 123 38 -144 -59 13 -34 -89 -142 -13 -126 101 -51 2 20 -128 -53 106 -115 -130 -22 106 138 -57 13 -117 49 126 12 -31 -124 34 -135 143 112 -137 -67 127 -61 -17 -101 20 -108 -102 -77 79 105 10 43 -138 32 -25 -113 56 -82 -107 69 -13 -30 133 -13 114 14 -134 -5 -73 106 -146 -142 -94 -135 -107 -146 -45 -49 60 -112 59 -7 33 -75 -80 -59 -125 -55 137 -78 -9 -57 -104 -141 -29 27 -76 76 -64 -66 -19 -75 125 30 -48 -84 120 114 -109 -132 45 -98 -56 90 -133 21 -146 -54 -108 -59 -7 -116 114 95 149 -1 127 105 -4 25 -33 46 -123 -46 104 -99
-84 134 -125 75 19 -13 -66 49 126 89 -100 -49 147 -108 -102 -77 -134 150 -34 -97 -13 139 126 141 -62 -48 -84 -74 -17 107 75 24 -88 22 130 40 60 101 17 61 -127 67 137 -112 -143 135 -46 29 -33 7 133 -13 -20 -25 -58 -146 -127 1 104 57 9 78 -55 137 125 -79 -14 37 -51 2 -59 -92 21 95 149 -24 43 -77 108 6 83 109 -25 -82 -107 135 56 -32 138 55 -74 -108 133 -80 -38 -49 4 -105 -54 -137 -132 45 109 -114 -120 -142 -76 76 -146 -90 -134 106 112 123 98 46 64 107 69 117 -13 57 -138 88 14 115 -106 53 105 10 -101 102 -25 56 -94 -53 55 78 -114 -112 -123 124 31 33 105 -49 -12 119 56 60 -33 132 89 34 -13 -94 62 -59 -126 -76 -127 -55 -75 116 -141 -43 30 -17 58 -42 -3 72 128 -27 -118 -45 107 146 -106 73 5 -101 -114 142 -21 -27 30 83 -20 144 -113 60 116 7 9 -59 -39 59 104 -99
-121 119 -2 -22 82 98 84 -102 -82 -11 115 -120 97 -124 85 -11 -46 -64 -80 77 106 82 -106 120 -96 -75 -23 -5 7 -87 93 -131 72 123 8 -147 -96 -71 -77 -103 70 108 77 -36 -55 -56 30 -27 128 104 103 137 -70 -63 77 107 -22 51 -90 -129 51 -30 -136 47 135 55 -63 -11 -82 37 92 -55 76 -118 -58 138 35 -118 29 70 -35 118 112 -21 -77 -5 -41 -85 35 2 -22 106 140 92 78 99 99 66 135 -63 88 29 13 133 -36 -54 42 -96 -66 20 73 -68 -1 -145 -108 7 -11 -110 -139 -64 -91 -74 45 -27 150 81 129 -20 23 21 -27 -59 18 -57 -68 -89 59 -128 115 -73 67 2 -89 -4 -70 -93 -67 -99 -108 -29 8 123 -72 -24 -30 -50 -90 -3 6 147 75 -145 136 -104 97 -139 -121 72 25 32 67 81 -144 -94 -61 -104 -125 137 -70 18 48 47 -130 -70 -121 9 79 85 10 -47 -110 -31 140 -89 112 -45 -125 -125 59 -146
7 -11 128 104 103 137 106 82 -106 120 -37 10 -73 -20 66 96 -42 82 11 -121 94 81 -144 -67 -32 -25 -47 -18 70 -97 -147 88 29 72 -106 22 89 68 23 21 70 -85 35 -140 3 150 21 -77 -63 48 -54 30 125 -82 147 8 2 59 125 125 45 -41 118 72 -123 -27 36 -133 -22 -96 -71 -27 90 50 -92 -136 47 135 85 -11 -46 -64 61 91 -102 -82 77 81 115 -73 67 2 -135 -66 -99 -99 -78 30 24 -112 -45 29 -99 -108 -29 -8 -118 -5 -108 67 115 -4 -136 103 77 1 -22 51 -90 -129 77 59 27 -70 -93 -96 -75 -23 -5 7 -87 93 -131 20 -129 -85 -79 -9 -110 -31 -84 -98 -108 -121 119 -124 -139 80 -104 72 123 -70 -36 -55 -56 -120 -74 6 121 18 -57 145 92 -55 130 -112 89 -104 97 70 137 -70 -63 77 107 68 -128 11 -58 138 35 -118 35 145 -75 140 30 -51 55 -63 -89 -2 -76 -47 -110 -139 -64 -13 59 -146
112 26 146 123 37 76 13 91 109 -49 92 3 -123 -8 70 71 -45 -40 33 -14 -117 35 65 -78 126 46 -47 -56 4 145 -15 -73 50 106 130 72 -118 140 -100 101 138 73 150 -18 70 129 62 22 80 -149 67 44 46 143 -45 -47 56 -65 77 -47 65 -142 -128 -83 91 -126 -111 111 27 -94 -111 -10 38 109 -23 141 62 -129 -96 -99 135 -139 62 100 -52 36 2 79 128 -1 3 6 -148 139 73 -77 35 29 -44 -75 -115 -98 116 139 -6 76 63 133 -147 -91 6 -82 122 -31 -14 112 -141 -25 71 56 -149 56 -103 -125 -117 -125 95 -100 -101 -91 -121 -76 66 -98 -85 -23 -137 -124 145 -34 -51 -2 120 24 -36 -87 126 -117 9 -65 102 117 149 135 -3 -130 -94 32 60 77 58 51 -128 -120 -139 -140 108 -22 92 -28 34 -49 86 -100 23 31 38 81 139 140 111 -59 -36 45 -149 28 2 102 8 -50 119 47 -40 63 37 -6 109 -122 137 67
112 26 147 -142 -128 -91 -40 122 -56 149 -117 83 140 111 145 -32 1 -128 -79 -2 -143 133 6 -139 9 87 117 -18 70 111 94 -27 -10 38 34 -145 124 137 23 85 98 -66 -50 73 -139 72 70 -65 102 120 128 -63 109 6 -101 117 -23 3 -111 -149 -150 91 47 -46 -126 -13 -76 3 -123 109 100 -52 36 65 2 102 78 -65 -35 91 45 -51 76 121 4 126 -117 -125 -135 139 -33 38 -140 14 -120 -71 25 56 130 -71 -59 111 129 125 103 -75 24 -36 92 -28 139 -118 -56 2 -126 -62 34 -140 -141 23 44 -29 -35 130 -81 138 73 8 -50 -100 101 -116 98 115 -40 -67 -62 47 45 77 -47 -58 -77 -60 73 -77 -94 22 -108 51 37 -37 -123 139 146 3 95 -100 141 -112 14 31 -8 -135 46 106 -22 -62 -148 31 100 -86 49 76 63 -15 65 -122 82 -6 -47 -119 -91 -36 45 -149 28 80 -149 -129 -96 -99 -44 56 109 -49 92 -6 137 67
21 13 -58 80 51 125 -143 -18 80 -83 92 -30 -140 -110 136 -124 46 92 117 -128 83 -63 121 -86 37 -128 -106 -21 38 -81 -67 -26 -80 38 71 -84 -101 -62 -103 -23 -149 105 115 111 -74 132 -53 55 -20 -54 -51 -67 -37 40 59 142 80 112 -96 13 104 -133 -139 140 -138 47 -85 121 -20 136 -27 -19 -5 -3 -146 116 58 -18 -4 89 5 -84 -6 -33 -104 -90 106 49 -30 76 -2 118 -105 -111 4 90 62 98 2 126 -83 35 -55 -3 -79 -117 -17 -31 48 -59 -18 87 28 89 -116 50 -51 -135 -85 88 32 103 -110 38 103 -127 46 38 3 59 -140 -127 15 6 -34 -28 145 35 72 -148 42 -119 24 -59 -80 7 -140 5 105 87 -149 -142 -77 -130 50 93 -12 146 -132 -17 147 99 -102 24 13 87 13 69 26 -66 16 -42 13 -53 -139 -46 71 103 20 -57 120 -98 -28 -121 120 -134 14 93 -45 140 88 -27 49 40 -67 134 -132 4 -31 -13
21 13 -58 -14 -42 13 92 -30 87 -105 -23 103 3 59 -140 88 -48 149 -13 -66 -140 58 -16 104 -101 134 -120 87 -26 -49 -85 -80 18 143 -125 -139 140 40 -67 -135 6 5 -84 -51 -67 -105 2 24 -59 -80 7 -140 71 -84 -90 -26 62 4 -110 136 -124 46 92 18 98 -69 -5 -38 85 102 -121 120 147 99 28 98 17 132 -146 12 -19 -5 -17 13 86 -121 63 -37 -80 -142 27 -136 20 103 -110 38 -83 -53 -139 59 -55 53 -132 -93 -50 130 77 142 149 -87 76 -2 21 -20 -54 -96 -126 88 32 38 -34 -89 4 18 -62 -112 40 50 -51 127 -103 121 4 67 20 -57 37 146 3 28 -27 -80 115 111 28 89 140 117 -128 -127 15 24 -42 148 -72 -35 -145 -55 -3 -79 -117 -46 -35 83 13 71 103 81 -38 106 128 116 45 -93 80 -116 59 74 30 -49 -31 46 -83 -138 51 119 132 -134 -6 -33 -104 -90 106 111 105 -118 133 -47 -31 -13
-75 -27 6 -13 -19 -80 104 58 69 30 37 -111 -53 -60 -11 -2 136 -121 110 -42 107 139 -77 147 -37 72 48 59 -11 70 -81 90 -146 66 -91 -16 43 -109 60 70 -114 -33 -33 -139 -55 -25 128 32 97 104 -101 134 72 115 -9 59 21 -112 112 82 -144 139 69 -23 88 -143 -12 -66 -22 9 -16 18 -117 78 36 34 -66 48 -64 -57 -71 -92 2 68 -31 17 -35 72 -25 -63 76 53 -123 -131 -150 -58 -24 -89 26 114 3 18 146 56 18 -63 17 -6 -84 -95 148 -7 119 70 -146 2 -53 -25 19 -141 -13 63 -126 -88 -122 -90 -56 52 -96 -92 33 -130 -93 -122 -118 123 -123 2 130 -120 132 20 58 50 122 143 -78 64 111 140 -46 -9 45 -92 37 -114 -124 -64 131 19 -13 -93 10 37 -134 113 85 -149 32 66 -13 -13 -92 85 106 -33 -73 135 -12 92 147 -14 -117 -28 21 12 -116 138 -57 -95 4 11 54 93 74 -1 -51 -30 -66 -33
-97 -111 -64 78 -60 139 -77 147 -37 123 -53 -76 -75 -27 6 46 104 -34 -36 -60 33 -106 -85 92 13 70 146 -70 -119 7 -37 92 33 33 114 2 130 148 52 -50 -78 -81 90 23 13 28 117 18 -74 -93 4 -37 -30 -53 -88 -18 117 -1 33 -130 31 63 25 -72 -143 95 -32 149 -85 131 112 30 51 92 96 150 19 -141 72 115 -9 -122 -144 -9 45 66 -101 134 -139 -146 126 -63 -69 21 25 53 -2 92 71 -123 -91 -13 48 -64 -57 -146 66 -11 -2 16 11 123 135 25 55 139 95 93 -6 -84 -122 -118 -63 17 120 93 13 -43 16 64 124 114 128 32 12 -92 12 -82 -112 -104 80 19 -58 -24 -21 -59 143 35 -111 -69 -58 -68 13 66 -89 26 14 3 -114 136 134 -37 57 -138 116 10 66 12 -58 -20 -132 -73 -88 -122 -90 2 56 -19 -131 -113 -140 -107 -109 17 11 54 147 -70 -56 72 -18 -9 22 -121 110 -42 -59 -48 -66 -33
39 -72 115 37 -35 7 -8 13 24 -149 -147 148 132 7 66 53 -47 33 -6 -51 20 -112 -22 103 -129 49 -91 -77 -9 -78 -118 -25 -104 53 -144 3 121 145 108 -101 120 134 -99 72 81 -2 120 -135 -126 -147 89 116 91 29 -132 -89 -118 -40 -99 -68 132 -58 -72 50 22 127 95 -144 -117 71 -112 -36 -39 -74 36 92 44 -144 92 -63 12 -86 21 -57 80 11 71 88 76 -136 -50 144 82 92 -126 -35 129 -118 -78 104 -73 60 -95 -95 -126 -132 137 -57 63 -34 84 -121 -48 17 107 -117 85 -133 18 -144 -147 14 -62 25 55 57 -107 -41 -125 50 -115 -32 70 -73 -91 -113 -53 115 128 149 53 47 131 -54 -88 102 -89 -106 -6 28 -147 -124 72 77 24 -16 37 135 112 4 -46 -33 35 49 22 104 62 -89 77 100 -89 -92 74 140 112 -15 -149 -12 118 -61 -146 -126 114 2 -2 -13 -51 -7 -25 125 111 133 -132 -125 -28 -116 50 94 -148 -103
39 -72 115 37 -89 -126 114 -36 -145 -121 -147 74 -89 -118 -40 -99 -68 -22 103 -92 12 53 120 63 126 135 -120 -71 66 -35 -50 125 -77 37 22 125 -48 -132 51 13 53 47 -128 137 -50 144 82 92 -53 49 22 134 -99 72 81 -2 -35 129 -118 -78 41 107 -57 115 25 95 -144 -132 2 -149 -121 21 -57 80 11 -7 -132 -148 147 149 -24 -13 8 -7 -131 24 -16 -112 107 58 -112 -140 -74 104 14 -62 25 55 112 4 -46 -33 -85 117 -7 132 -47 -133 18 -144 144 -44 -77 89 149 -61 -6 -147 -12 118 28 -50 -84 34 -73 -91 135 104 -6 -51 20 136 -76 -88 39 36 -146 -9 -78 -32 70 -147 89 -102 88 54 35 -113 101 -124 72 -91 -116 29 53 -144 3 63 -129 -108 126 95 95 -60 73 25 -94 -116 118 115 33 57 -50 -117 71 -112 15 -132 -111 -125 89 -100 -92 2 106 133 17 86 -126 -62 -104 72 92 -28 -127 -91 -77 49 -148 -103
-28 86 -33 79 34 -84 -38 100 11 137 73 120 47 39 46 7 -94 -15 -110 10 108 -136 -138 -17 -121 138 -82 25 -68 -133 -4 -108 100 -31 10 -99 142 -43 -48 -67 52 48 -138 93 -22 104 -98 51 -115 9 -90 87 -123 22 -48 -132 5 -74 30 -4 -114 28 88 105 -44 -143 -25 27 19 62 144 128 9 -53 -149 -63 4 14 108 -61 104 138 -113 10 46 -136 -59 67 -54 50 -123 78 -79 -59 -46 -87 89 25 60 -142 -54 99 -110 8 -66 41 81 51 -65 -146 -119 133 122 149 98 -45 -78 -146 39 103 109 136 -35 148 -59 116 -4 -122 43 135 44 -138 70 67 -31 -137 123 -109 2 15 87 -60 -96 -26 -39 -28 99 -107 -28 4 -58 101 139 63 -113 -25 -113 -136 -55 -16 -8 23 -8 -12 138 -60 -122 134 -63 101 145 17 131 -9 -38 69 41 48 -148 -91 122 -115 -10 66 -36 -141 130 -22 -97 76 -26 43 43 46 -110 -105 -11 -17 -27 -43
-28 46 123 -121 -2 -122 43 135 44 -76 48 63 -113 -25 -38 58 -4 101 105 -100 -133 -4 5 -60 10 -87 -15 138 132 48 65 35 -136 -100 -8 -120 -73 -137 -11 -39 -47 23 -8 -12 138 66 110 -46 -43 145 -14 -4 87 46 78 -48 61 -48 -52 7 -108 -115 87 10 108 26 96 50 17 -31 10 -99 142 -43 -54 99 -110 8 -89 148 -11 22 -146 -119 123 110 -9 -133 -31 68 105 -44 -143 -25 27 19 62 63 -28 114 98 109 -123 -149 101 136 -39 -28 -82 25 -88 -134 -107 -28 -30 74 -60 116 -4 -104 78 45 -98 137 54 -67 59 141 69 34 39 138 66 25 -22 -146 36 -99 38 -9 26 -122 -53 -149 41 97 22 -130 -122 91 63 -128 -144 -4 46 67 17 86 -33 113 84 -94 -15 -131 -17 108 139 -138 122 59 -148 90 -9 115 -51 -10 113 -138 -104 -43 -142 -136 -55 -16 -60 -93 103 109 41 81 51 136 59 79 79 -67 -70 138 -27 -43
-132 -73 38 -109 120 30 89 -86 -79 -62 -43 -75 -101 -53 -99 42 109 125 81 -111 44 -136 -28 -53 29 31 -115 -45 147 -35 -9 -131 -132 -119 52 -106 45 -113 149 85 116 83 138 134 -125 -53 150 -107 -82 84 7 -2 -146 39 114 58 -74 -127 92 -61 -18 -78 -8 -92 -58 73 78 -32 98 36 147 40 121 13 -102 23 56 26 29 -70 -13 12 36 -104 -66 -33 45 -69 -51 -33 -48 -146 85 135 144 45 26 -24 -115 53 48 -96 26 -123 100 138 -128 -129 -58 -47 79 -109 -139 67 -89 75 -75 128 -134 133 80 143 -52 2 -11 -116 -95 -42 27 -138 137 -41 -131 -52 -115 -37 -63 131 -78 79 -122 -149 118 -114 -87 49 20 49 -110 -1 96 -116 85 -38 76 -90 124 26 -143 33 -117 -117 -35 -3 -148 124 17 -70 21 -50 -17 -21 119 -139 71 98 -8 77 -60 -57 -103 93 95 -106 -114 -43 -91 -84 -150 -123 53 140 -84 112 51 -86 18 -79 93 -18
33 -45 106 33 -117 -117 -35 -3 -101 -53 -99 147 87 114 84 91 17 50 -21 75 -75 -58 109 -79 47 -116 98 -45 -73 58 92 -132 60 66 -9 44 63 37 115 52 128 -138 26 -135 -85 56 52 49 -124 148 143 43 -78 119 84 -123 113 -77 8 -26 43 -121 -40 -86 42 61 -92 -134 133 80 -53 150 -107 -134 62 79 -36 -118 -138 132 -137 129 131 -38 73 111 -81 38 -85 116 51 -17 -13 49 20 -109 120 -131 147 -35 -78 79 -119 26 74 2 -11 -116 18 -144 -24 33 -53 -32 98 21 102 -110 -1 96 123 -23 -90 -30 -136 -28 -53 29 31 -115 -84 112 70 -86 8 78 -95 -42 -75 -71 45 -69 -124 27 149 29 -70 -13 12 36 -104 -131 -18 45 -140 -122 -138 103 57 51 26 -143 41 -127 -39 146 2 -7 150 -93 -146 -100 128 114 58 52 79 139 83 -125 -95 109 125 115 -48 -76 53 48 -96 -82 -139 149 85 67 -89 -106 -114 -89 93 -18
-4 -63 65 133 48 49 -95 -140 83 14 62 -143 100 77 -30 3 -146 19 -93 -137 47 140 34 -69 101 47 -123 -52 84 12 -2 -75 2 75 8 5 120 -150 38 58 12 88 -94 133 -127 -57 -140 -4 50 -122 104 -108 -21 143 -102 -8 141 132 -143 -51 25 -46 27 16 -97 -45 -43 -81 44 -138 -6 -86 32 20 -54 -76 121 92 90 -126 137 -67 -36 104 -12 -102 17 -122 49 136 132 30 -16 -61 29 -133 -40 25 92 -143 -73 -48 65 125 73 -99 -131 -137 79 66 -50 41 113 -38 106 -82 -140 -3 -84 -26 57 103 86 -32 -126 -23 -88 97 27 -145 -71 -96 -47 -37 133 -59 -94 -75 134 -94 130 -94 45 38 -86 -76 145 -113 24 -72 49 54 -122 -118 98 118 -31 130 -142 -77 -92 -56 3 17 -58 47 -118 114 -59 41 -84 11 59 9 -76 -12 148 43 146 54 116 54 -33 106 105 56 -49 -47 -105 -17 50 69 105 -28 25 -124 -61 -4 90 -21
145 -54 -76 121 20 150 -61 -41 -145 76 86 -38 -12 92 59 -76 50 -122 104 -108 43 146 -75 -2 -61 29 -133 -105 -58 47 -118 -143 100 77 -30 3 12 146 -122 -118 120 -84 72 -24 83 14 17 -69 54 134 50 -66 -79 -126 56 148 -16 75 2 -27 -97 88 23 -8 141 132 127 142 -130 31 -4 -95 -140 -106 -57 26 84 -34 -140 -47 137 47 96 37 65 125 -93 -36 104 -12 -143 -51 25 -46 27 -3 -92 -56 -48 57 103 -33 -17 102 102 -143 21 -44 -3 -98 -17 50 106 -82 45 -86 32 92 25 -49 -47 113 -143 -73 -48 -65 63 -122 49 136 132 19 -62 16 -97 40 9 -54 -49 11 124 105 -94 130 43 -140 -138 -88 -12 -58 -38 75 114 -94 -25 73 -99 6 -84 52 123 -47 -101 -54 8 5 133 -77 32 -86 30 -105 -4 -45 94 131 28 49 -126 137 -67 -59 -94 90 -116 69 118 59 71 41 113 -38 133 137 -81 133 140 4 90 -21
-75 1 -34 104 136 120 -150 -43 -43 -66 52 -107 -56 -113 -34 78 120 -4 106 -95 146 98 -78 150 56 99 -118 112 -67 -77 -126 29 136 128 -98 128 -87 -97 38 -95 -103 -115 -28 17 -61 -66 84 -82 4 -19 -138 105 -68 65 1 74 -92 -99 34 118 -82 124 -56 117 -18 -79 -112 103 -37 126 -21 -60 18 50 126 113 -85 121 -101 -50 129 21 71 30 91 -53 130 83 123 91 -71 56 -104 17 69 125 -42 39 74 150 -32 -30 -145 -96 139 91 -16 -9 9 -6 -54 1 -26 105 27 -105 45 -99 -106 -104 -136 65 27 120 -32 68 -54 -44 32 60 -24 -112 83 108 -62 69 103 75 145 -59 -95 33 -105 -71 -143 -73 34 -32 150 -18 -82 140 -64 -93 -52 121 17 100 13 144 -64 -96 -135 -131 -37 58 144 -133 47 132 121 16 132 -8 22 39 -28 22 91 100 101 50 -102 141 -145 -22 -7 -96 -100 -8 141 -141 123 25 107 42 -118 126 148 20
-131 -37 -47 133 -140 82 18 -150 32 -22 9 -52 -95 146 126 24 32 128 -87 105 -101 -50 107 32 -91 -139 -98 -71 -43 -43 1 -34 -61 -66 96 96 -99 34 113 42 -125 82 -118 -126 -50 -18 60 -34 73 -135 128 -56 -113 95 59 -145 60 44 54 -68 21 -126 37 -103 112 -65 68 123 25 27 150 -120 56 -101 -100 -91 -83 -130 53 -91 -30 -107 82 -84 -100 138 -105 45 85 54 -1 79 18 42 -118 67 39 74 150 -32 -30 39 -28 9 -97 145 -75 -136 -1 16 132 -121 -132 58 144 -26 -22 8 -112 118 83 -16 -103 64 -56 112 77 -6 99 117 7 22 145 -29 -126 -71 -143 96 -69 62 -91 -52 66 75 -33 -34 78 120 -17 28 123 -27 -144 -13 -100 -17 -121 -106 4 4 -19 115 103 124 106 99 -121 -71 56 -104 17 69 -136 -93 -38 102 -50 -104 -136 65 104 95 -78 -105 -150 141 -141 -141 92 -74 -129 -98 105 21 120 108 -64 8 148 20
-94 59 -113 -116 114 -137 134 50 150 -82 -116 68 -106 139 -49 -10 -70 -14 137 -98 49 -71 38 126 -22 74 -6 47 50 -24 3 146 143 -31 -144 67 -3 38 -77 -137 99 -143 -62 -148 -120 -36 145 -139 137 -60 -21 147 39 41 118 140 -148 117 29 -88 -55 -148 -5 -60 100 129 60 37 94 105 -9 129 137 -125 -32 78 -141 32 41 -86 -83 -31 -93 131 82 83 81 -28 -99 -101 99 115 -132 -120 89 -110 -116 89 51 36 122 -12 -134 35 -38 143 -97 42 108 8 58 -36 62 58 138 -68 -38 -76 -87 75 -2 -130 123 106 -80 100 -76 -35 22 -11 42 -21 73 60 -59 92 11 -128 -17 -120 -105 -121 -42 -87 145 -50 -28 -94 127 -26 150 147 82 47 -23 22 -9 2 -4 -32 68 73 119 50 -118 -13 17 -74 -125 -86 33 -118 -132 18 17 34 48 -37 71 66 48 -106 88 87 76 62 49 -89 -7 -69 -56 137 112 -72 -123 73 -45 -22 96 -94
-94 59 -101 -31 82 113 99 -11 -92 59 -116 -140 -76 -80 11 -22 35 -106 147 125 -73 89 106 50 -28 120 125 -87 144 33 -118 -72 -123 73 -139 87 42 76 38 68 50 -83 -82 -98 49 36 -55 -148 -28 -94 127 -26 150 147 -93 131 97 -143 38 -88 41 -42 120 17 128 -105 -24 3 -35 134 -99 -148 145 -50 116 110 -71 37 -48 -34 -17 -123 130 2 -75 99 -143 121 105 114 -137 -71 58 60 120 148 62 -137 87 32 86 100 129 134 -17 13 -74 41 -86 -39 -74 69 7 -56 137 -38 -45 -117 31 -143 -36 146 -58 -12 115 -132 -66 -89 -9 -94 150 -82 -116 68 49 -77 -83 -47 6 -137 14 70 10 -60 -18 60 -139 137 -3 112 -5 -106 -50 8 -122 -36 -51 -89 129 137 76 62 42 -21 22 29 -88 37 -68 32 -67 62 73 119 -108 -141 22 -9 2 -4 21 132 -118 -48 -32 78 118 -100 49 23 -47 -60 22 -126 -38 -138 145 81 96 -94
112 -94 1 95 -33 78 -88 -4 53 136 -10 103 -16 -78 -146 35 72 80 121 135 -16 78 86 18 140 -93 25 -82 -12 -67 -40 47 81 5 141 42 79 58 9 12 -139 -74 131 -77 -12 105 -1 -5 23 -135 -133 -83 -128 74 -26 -27 18 -107 92 39 -4 50 11 141 -82 -147 -27 89 41 -48 39 14 55 105 22 -86 11 126 -27 -1 88 -133 -91 91 40 -48 -143 90 44 -24 -1 81 -69 -48 114 18 99 -28 57 88 123 12 16 -114 39 -120 54 91 46 135 -126 101 11 -134 -117 106 117 73 -144 7 -145 -124 -76 144 108 -95 121 31 144 81 87 35 96 -130 -121 -97 -67 59 -34 40 -9 104 130 65 -97 -64 139 -139 -52 46 -21 29 -22 115 -84 125 3 -64 54 -8 135 -148 -73 89 56 -44 -115 16 26 -137 62 142 -149 -107 22 16 -61 10 93 43 15 1 -130 146 9 -122 -8 145 -91 148 -132 146 39 -96 140 148 148 -105 -84 -64
-88 -57 144 -132 58 9 12 -139 -74 131 -77 -12 105 10 121 130 81 24 101 11 -134 -88 -44 -96 -35 -87 -81 31 144 81 5 141 -95 97 -44 -90 143 48 40 -9 104 130 65 7 11 -16 115 1 -69 -48 114 4 -39 139 -139 64 -89 27 -52 46 -33 15 -125 84 -92 -16 -22 145 -56 67 29 -18 4 -135 -133 39 14 -74 -91 78 8 -54 64 40 -18 -128 94 -112 123 -39 106 -83 -130 -133 -91 5 -96 -76 -3 1 -47 -28 -115 148 -117 48 -41 -146 21 43 148 -73 -9 121 91 46 135 -126 -93 61 11 141 -82 -147 91 27 -86 -78 16 42 79 27 -23 -140 -18 -126 -108 -144 -107 -88 59 -34 -135 -121 -80 -54 120 12 16 -114 62 142 -149 -107 -39 -146 53 -117 137 -148 -73 89 -72 -35 -1 8 122 -140 97 93 1 95 124 145 86 -22 -105 -55 -26 -50 1 67 12 82 -25 105 -148 22 -99 -135 136 -10 103 -16 -78 -146 -26 -40 -84 -64
19 66 130 -43 3 97 17 100 -8 116 -22 -43 -85 -15 34 -127 116 -145 56 -116 -110 -23 88 139 94 98 -125 -138 -46 84 118 -23 121 70 84 74 42 109 -98 94 110 -138 105 -129 35 -107 132 84 -75 57 -49 -10 5 -14 -99 -101 63 -77 -24 40 3 -34 -99 56 -107 -57 -30 -108 -23 129 -48 -130 -112 89 -40 -74 94 -58 87 2 8 22 -47 -31 -70 -132 40 -41 130 52 29 -75 134 19 30 -57 -81 -104 67 40 117 -10 117 -138 -22 5 -102 -114 20 -20 44 49 101 -101 145 -12 -22 92 41 46 9 124 -96 -12 -10 -85 53 -54 -6 -66 -8 53 -32 68 149 -93 20 77 -94 56 -88 -40 112 -144 115 138 -46 5 45 37 56 -150 -136 -91 -86 -7 -119 -104 -133 -134 -105 -70 -64 -62 -43 -11 -92 133 -45 -150 -27 -39 -6 -8 134 49 32 -100 -138 -25 145 -135 73 -56 62 79 22 16 82 -103 146 66 -13 136 -126 139 -122 139 100 -49
19 66 133 30 134 -32 58 -42 -5 -39 22 96 129 -48 -130 -112 89 -40 -74 40 -56 62 -144 -23 -27 15 85 43 -114 -66 -8 53 70 70 138 49 47 93 -149 -11 57 -49 -10 5 -14 -6 -138 -87 68 43 -22 34 -88 150 44 10 98 -117 56 -116 19 -130 135 -145 -132 40 52 29 -64 139 -45 -5 -31 -115 110 -134 75 49 101 -101 -24 85 10 56 -150 -91 133 104 119 7 35 -107 -23 -20 12 -130 105 -57 -81 74 -20 102 100 -32 -66 -146 8 22 127 3 97 17 100 -8 116 -22 -122 -77 56 139 94 92 41 138 -121 84 118 20 -124 -139 126 -136 13 -16 -22 -79 -112 40 88 -73 25 45 -41 92 67 40 145 -116 82 -103 -2 -43 3 -34 -99 -125 -138 -46 23 -62 12 -145 -37 86 -136 -99 -101 63 -6 129 -105 46 9 8 -117 134 -54 -77 46 -53 94 109 -98 94 138 -84 -132 108 30 57 107 -56 94 110 70 84 -104 75 100 -49
18 -46 87 38 102 -63 -116 7 -77 -132 -133 67 124 -77 -60 -62 -103 -112 -123 -55 5 50 30 89 91 -26 -69 -85 133 52 59 -49 19 97 -131 -71 -118 -133 120 -15 139 30 -2 -48 107 139 -12 -114 -2 71 49 72 48 143 -123 75 133 -88 76 55 -23 141 90 -102 24 7 87 -131 -92 46 -63 106 -83 66 -102 60 29 -100 150 30 62 56 6 -28 68 69 -122 -37 -89 -36 -25 58 -96 -71 -88 146 138 -129 150 111 104 46 -59 -55 -57 -144 -11 53 133 -78 -86 31 130 -16 25 21 -71 -104 115 149 34 -5 7 15 118 70 -52 81 -103 137 -48 -105 135 35 -73 -62 -84 -102 -150 -71 54 51 120 137 1 42 7 -64 -14 81 105 62 135 -26 7 5 78 145 -132 47 -83 12 26 76 55 59 48 -99 -82 101 -79 -12 -124 -47 -66 111 -134 53 33 59 107 91 -74 32 68 10 66 137 -4 90 -28 8 -117 14 105 18 -94 -3 -9 -83
5 48 82 99 -48 84 -137 -66 -111 -150 -103 137 101 10 129 16 -130 -31 86 -59 -55 -76 -78 -102 -143 141 102 150 62 73 60 29 -100 23 -85 123 133 -26 12 7 -62 75 133 -88 37 122 -69 55 69 26 -91 -89 134 3 -79 -48 -72 89 105 -133 -49 19 -32 74 -71 145 -132 18 -46 -105 2 15 118 111 104 71 -21 -25 42 -47 97 -131 -120 -51 -54 87 38 102 103 62 60 77 5 50 -34 -149 -115 7 5 78 -118 -133 120 -15 139 -26 124 -105 -81 14 135 30 -28 68 11 144 57 55 104 46 -59 -64 -62 1 -90 -63 -116 56 6 -2 8 112 77 28 -88 -83 91 96 -59 -76 139 -48 63 -46 92 131 -117 14 -7 -36 -25 -52 81 55 123 -87 -59 -66 70 58 67 124 -7 150 30 30 83 -18 132 49 71 -12 -114 135 35 102 -66 -107 -7 -24 -137 4 133 52 -71 -53 12 -47 71 -90 -94 -68 -33 -138 -146 -106 107 53 -9 -83
73 66 4 85 82 -41 -86 -117 -138 1 79 64 74 -47 -101 93 47 -124 -134 -15 -63 -119 126 -77 57 -92 68 142 117 -41 -17 -117 -74 -117 -67 128 -30 -124 132 23 -87 -87 73 -28 137 -5 -121 -5 -3 -67 1 -148 116 -82 -47 126 87 59 -55 -58 -146 -58 -115 3 56 -68 82 40 5 120 28 31 3 80 123 24 22 -78 -28 125 21 -33 28 79 130 -8 79 139 -25 22 -72 -141 119 37 -90 -79 -84 40 -110 96 -74 141 -37 9 43 95 42 -141 13 -138 -146 59 -17 101 43 -5 -85 -47 97 -68 93 -13 111 87 112 -18 -4 146 -116 -145 -65 84 114 132 -143 6 82 17 -62 50 67 125 148 20 119 136 141 -133 37 -89 -123 -62 17 65 2 -7 108 -132 13 53 -43 -108 67 123 -36 -14 -20 -64 109 -24 12 90 -56 44 -46 -116 -115 97 38 100 -57 18 65 122 131 32 -58 6 60 65 99 41 -77 87 126 -75 -136 -8 -6 56
73 -112 50 123 -7 101 43 -146 -58 -115 -17 -143 84 79 90 126 87 -57 99 -109 -136 64 2 13 4 85 148 20 119 -125 -97 -65 115 36 -121 148 66 -17 5 116 -82 60 82 -41 124 -67 -17 -92 68 142 3 132 -108 65 122 -6 58 -74 -64 -138 -146 128 -22 -24 -123 -80 43 -87 -111 -124 -139 -79 -89 -108 67 123 -117 -138 1 77 -126 -20 -65 -47 14 62 12 90 -56 -117 -132 -114 -97 130 -8 84 96 -87 -87 -87 41 -77 5 58 55 -59 119 37 119 63 15 72 -22 25 -134 -17 -18 8 -23 -5 86 132 -137 100 75 -126 73 -28 -38 -53 41 -24 -5 -40 37 -141 13 141 -59 67 117 74 -82 -6 -47 -93 -56 -3 -42 -95 -43 -9 -82 68 47 68 120 28 33 -21 -125 -146 4 18 -110 62 30 -78 -28 -116 -145 -65 -37 136 141 -133 -74 141 -3 -67 1 -40 101 13 -93 -46 -116 44 -32 -131 -57 79 -79 -117 -31 28 -85 -47 -6 56
-129 145 105 -44 53 -55 53 56 -128 -103 -126 108 7 -139 141 -102 102 -81 16 70 -116 147 67 -61 -101 21 -141 95 -74 80 -80 -54 -95 -139 -8 91 94 50 49 -22 47 56 109 -115 137 -69 148 33 57 106 3 65 21 108 -61 -74 -22 142 95 -50 -79 148 -84 35 -71 146 147 114 -114 -125 86 -104 -76 141 -112 115 148 128 133 -71 6 72 -54 146 60 31 -139 117 139 119 91 -126 68 26 -113 20 -95 136 80 -79 9 -96 -38 -144 -10 146 128 -112 -27 -96 -146 27 144 24 145 -110 -44 59 -14 -66 -28 -25 125 131 -149 140 27 -33 -76 8 -94 -103 42 22 -56 -146 58 129 85 -132 -90 -42 -71 12 16 -100 -38 65 103 11 88 -124 108 117 50 100 -88 46 -10 118 -68 -107 2 -101 -148 -139 9 -45 -149 -134 -112 -22 -9 -79 70 3 -50 7 -54 -65 46 150 -6 -131 -33 -27 141 -137 -25 75 -119 51 -81 -24 88 83 -106 -99 -150 -86
-129 -65 38 -117 -80 -141 76 -22 -144 -10 -60 -146 54 -72 -21 140 -102 102 -141 112 25 -148 -6 -35 128 -105 -145 103 11 88 103 -79 70 3 -50 7 -54 -99 95 -74 80 -80 141 69 -137 115 -71 -71 -139 -139 -117 139 -31 45 -55 53 56 16 46 150 139 148 -91 8 -126 108 7 -139 -27 95 -109 25 28 66 -47 22 -49 53 -9 74 -110 -44 -95 136 -68 126 146 147 137 -141 27 -61 -101 65 106 -83 -88 24 81 96 -59 114 108 -116 147 50 146 65 21 -68 -133 -44 -50 -94 101 -2 107 -131 -33 -114 67 128 16 -144 20 33 57 149 149 -131 -125 50 58 129 85 -132 -90 -124 -33 -76 8 -94 -103 42 148 22 -27 -145 70 -134 -112 71 51 42 112 -108 -27 -61 -79 9 -14 56 100 -88 46 -10 118 22 -146 -119 -113 12 -128 9 146 96 -91 -6 54 -24 -95 -142 -38 84 -125 86 -104 -56 -3 -106 -148 -115 81 79 -100 75 -119 26 -150 -86
127 -145 24 132 -59 59 -45 -113 -125 119 -110 -111 80 -75 -63 60 -9 -37 129 49 1 -115 -33 134 91 -67 76 -103 147 76 46 62 66 -29 -134 87 -94 65 147 94 -88 49 41 -149 -110 -48 -38 -13 50 124 -138 -142 148 34 -72 -140 -57 93 -44 -104 100 -140 146 17 61 -7 -123 118 96 100 -84 109 -12 -71 124 71 93 91 -95 48 -27 43 58 -122 126 -19 117 -57 -119 -102 -5 77 -13 111 -75 -75 68 -79 -79 139 96 -9 56 88 112 -91 -138 -8 71 8 142 7 -115 -68 150 -79 90 -123 50 101 -44 -11 76 136 1 145 -66 -147 -95 138 71 12 1 -108 -51 -85 -58 133 -129 -2 43 111 -143 -56 89 144 -9 13 -45 -19 145 145 -24 -113 22 52 -141 -66 45 104 12 -45 55 56 -100 5 -10 25 -71 86 39 39 -88 -12 -2 -117 88 44 -102 -94 -117 -97 -106 128 -100 69 -116 6 -16 69 -103 -37 75 -88 -46 36 129 32 -58 74
127 -147 -115 9 -149 -129 -16 -46 119 88 -91 -134 -65 126 -12 138 -124 -116 -146 -56 89 -100 -88 52 25 93 91 44 -93 117 -57 143 -111 100 -71 -142 -27 43 90 24 132 140 -144 -32 -41 -104 50 -104 -45 -24 66 141 -129 37 -48 -136 -76 13 -66 36 45 -109 84 -100 -96 -118 123 76 -7 124 71 103 12 88 -39 -39 147 -110 -111 80 -75 -145 -1 -38 128 -66 -145 -139 79 117 2 -67 76 142 -145 -134 87 -60 63 29 91 -112 -88 -56 9 -96 -123 59 -45 -113 -125 119 -110 9 -94 7 -61 48 -8 -71 -95 10 -5 100 -56 -55 -94 -117 -97 -106 -69 115 -12 1 8 -138 46 62 -58 133 108 -1 -12 -71 -138 94 13 -45 -22 77 -13 -17 -49 -147 33 -68 150 -79 58 -43 2 -6 95 -59 50 140 -49 -19 145 111 -75 -75 68 -79 -86 71 -37 75 -69 34 -72 113 -51 -85 102 -44 -88 44 -101 -57 19 122 -102 -5 -148 -103 -11 129 -58 74
78 -79 66 -85 5 -5 -25 54 -82 15 123 -101 -144 -140 -12 136 -56 -74 68 -24 -30 32 62 -82 -145 148 -17 3 107 -56 128 53 -108 -19 28 143 23 -103 76 -51 79 125 92 -31 61 -18 -35 -90 -66 -7 -91 49 139 -56 -3 -37 113 -8 -65 97 146 143 -134 -104 -146 103 63 54 -64 27 -79 -93 92 -122 68 -108 -58 -88 21 37 -49 8 22 58 133 62 2 -80 -120 -31 -48 70 -80 67 77 110 137 24 113 -74 21 -6 128 109 20 -61 -115 113 46 -21 -59 26 34 -92 -5 142 133 -108 44 -63 93 -13 -85 93 -65 -108 -26 -133 -8 31 -103 -61 99 59 -101 135 -37 -105 -109 -63 -51 -19 -123 104 -96 -20 83 -48 83 110 -56 3 96 -25 -83 -144 53 59 112 -77 -57 24 -149 57 111 -150 137 74 -138 139 5 -71 142 -80 129 -124 -7 -128 -60 -130 111 -139 130 -145 82 78 -61 116 68 -45 -137 32 -117 5 -88 116 136 -16 -45 -35
78 -103 146 -19 28 143 -57 24 49 149 103 -23 -128 -19 -123 108 -53 -128 -17 3 107 124 -7 -79 66 -99 -136 -44 -63 -16 -133 -5 145 -137 -56 -57 80 -142 -37 148 56 71 -5 -116 61 56 -139 -6 128 -62 -26 -65 -108 -26 -133 -85 5 -5 -25 54 21 -96 53 59 112 61 63 -49 56 -136 79 -145 -8 48 67 77 65 8 -113 -92 -125 130 -116 -104 -3 -3 91 7 66 59 -101 135 -20 -74 24 -68 -60 -31 138 -5 117 -88 64 -54 -32 137 -58 77 130 76 -51 22 63 -74 108 142 150 -111 90 35 18 -61 -109 2 -80 21 12 140 144 101 -123 -15 82 -70 48 31 120 88 -82 139 143 -134 -104 68 -108 -58 -62 -32 21 -46 -30 -59 68 -45 133 37 -61 -115 113 -78 -82 -13 -85 -97 110 137 24 113 -25 -83 83 -20 93 -122 139 -93 146 -111 -144 80 74 -96 110 83 93 79 -27 -34 -8 31 -103 -51 -105 -109 -129 -92 -37 92 -45 -35
-83 -18 -102 -33 -134 -50 113 -13 62 141 42 139 -29 57 -85 78 -72 -118 36 33 -93 55 -92 33 -42 -103 87 -98 129 60 79 -18 26 -117 18 -127 54 141 -133 62 42 -142 -15 -59 66 -109 -38 140 -110 104 98 -6 -133 -51 -140 -66 101 -126 95 133 -85 -45 25 -143 -60 71 81 84 -68 115 -138 126 48 67 -11 84 80 -123 14 -87 62 -48 46 -21 53 121 -124 149 -65 114 -37 124 95 1 47 -10 -53 132 42 77 -130 -146 56 -136 37 129 148 -105 141 116 47 -17 -28 51 90 77 -40 -41 -50 29 -50 79 48 -113 -87 -149 57 146 -83 125 -135 -118 20 104 149 -26 -99 33 59 76 -12 34 56 39 5 -49 36 120 -70 -34 -72 77 -7 -29 -24 80 59 123 42 115 -89 82 130 63 -33 -94 93 29 -111 -81 54 -30 -124 123 57 8 126 96 -109 64 -111 -31 -134 56 91 -3 103 107 29 129 -87 -86 -125 -84 42 -122 -85 145 -63 14
-83 -18 -102 -34 -72 77 11 -67 -48 -66 59 6 14 -85 126 56 -80 93 -18 -134 26 -101 -129 -37 136 42 -62 -86 -125 59 -79 92 -55 -84 -109 -38 140 -110 104 -107 -36 -81 48 -113 -87 -149 57 146 51 115 122 -48 54 141 -133 -123 -98 -39 -85 -45 25 -17 -118 36 33 -127 46 -21 146 -33 -87 -145 124 -121 -53 56 -98 -105 141 116 47 -143 40 -77 117 29 -33 -94 93 135 -95 90 31 111 26 -149 -99 42 77 113 -13 109 -96 -29 -129 -148 89 29 -115 68 82 -33 -60 64 -125 20 104 66 140 51 -10 -80 -132 53 59 -124 60 -29 50 41 -63 -130 -42 -103 87 120 -70 130 87 -118 -7 -126 -1 24 133 15 142 -42 -62 -133 5 -49 84 -56 18 -138 126 83 -34 12 -123 30 -54 81 111 -50 -37 124 29 -139 -42 -76 141 42 149 8 47 -114 65 -57 -79 50 33 -84 -103 -71 57 -85 78 -123 3 95 134 72 -91 28 62 129 -63 14
-80 -10 -150 39 1 128 -95 45 61 93 105 135 68 -54 -38 -27 -22 -41 -52 -86 19 -18 -23 94 -41 66 -79 -124 116 -17 107 -16 -63 136 19 127 -93 -137 -112 -116 109 21 -60 66 129 -130 80 105 -130 119 121 -47 51 -23 11 124 50 -65 -68 64 -70 43 -42 93 130 -128 140 119 55 -6 -94 -66 -10 61 -2 1 -17 119 39 -68 -106 102 -104 -76 93 132 95 105 -10 -106 105 -16 -64 144 -38 -62 -104 -82 105 -1 141 82 -136 -48 25 -9 -143 -37 64 -142 112 -22 -58 84 22 118 -139 21 52 87 -56 -77 -64 -87 -92 38 25 -77 18 20 -127 6 67 76 128 101 81 -88 120 81 90 -137 -119 18 -1 -75 -114 79 -78 68 -126 -37 58 -96 2 -86 -142 -9 -126 -101 48 -96 121 -74 -21 90 -16 101 45 2 -106 45 15 -80 43 -63 131 -141 57 -140 -94 -19 18 89 70 -6 142 136 -135 29 -113 98 -32 132 40 -48 -145 2 -50 123
-80 -136 63 16 -107 17 -116 -2 -130 1 -102 -87 57 -68 129 -130 -87 -18 132 40 -48 38 -144 -95 45 90 -150 39 -135 10 -105 -95 -132 -68 -106 64 77 -104 119 -130 -93 42 -43 70 -135 -9 -6 -114 120 -128 -37 74 105 -29 -106 78 -88 -105 82 104 23 -51 47 -121 -54 -38 124 -101 142 -68 -75 -94 -66 -10 61 -106 -19 -10 -6 128 77 -25 127 -20 -18 93 39 76 -52 -119 17 -21 -16 82 -80 43 -63 131 -101 16 48 -96 121 145 -118 -61 -137 -112 -116 -60 66 -105 -80 -62 93 -128 1 67 76 -38 92 93 105 45 15 9 -25 48 136 -143 140 119 -81 137 66 -79 -2 -45 18 -142 109 90 101 126 -55 64 -142 112 -22 79 86 124 -2 -141 -22 -84 58 -32 94 -41 22 119 -56 -52 -21 139 -64 68 65 2 -86 64 -58 37 126 -140 -94 -19 18 89 41 -23 11 -6 113 -1 141 -96 -50 81 19 136 70 -27 1 98 21 127 -50 123
-53 133 8 144 -37 -149 32 -66 47 -35 62 139 -77 -127 -132 107 73 137 139 -131 -105 72 68 29 57 -60 -70 -107 -10 103 -117 81 -91 17 -71 -33 -34 78 62 20 -91 -25 -119 5 38 72 118 65 63 -127 75 70 12 49 40 27 -138 35 78 124 -21 -80 44 -89 -11 -115 -132 141 23 -47 -24 40 143 -114 92 149 103 -22 -7 80 31 8 -126 -101 -79 47 -5 17 26 -24 -139 47 -59 60 -115 12 -56 72 -100 -45 -86 -17 30 -15 -129 -89 39 105 61 -132 14 -3 -113 -37 -72 91 112 -13 -54 81 10 127 123 -4 47 4 -114 -117 -124 -107 -99 -114 7 -27 28 -8 149 86 116 44 104 -85 -71 93 -118 120 -71 144 64 120 -146 -77 138 -142 125 14 -22 9 24 -119 -56 34 142 95 143 -35 -65 -18 -95 2 50 -119 34 89 124 11 -39 -136 7 97 119 -138 19 80 98 -60 121 -139 65 -78 26 89 118 -145 103 81 -138 78 34 110
-53 133 139 -131 -37 -149 32 -66 47 -35 -139 -72 -119 -81 77 21 95 18 65 35 -143 -95 50 78 62 20 -91 -25 -119 77 -116 -39 -79 -80 12 125 14 89 129 15 -5 -100 105 -60 -33 78 -65 139 -12 115 71 85 -71 -149 7 10 81 29 126 24 -117 107 70 93 -127 75 -103 -112 -91 72 37 113 3 124 117 -47 -45 -86 -17 30 132 127 -7 136 142 -138 54 17 -71 -138 78 145 -132 -26 -78 -89 -11 -115 60 -57 -92 -22 -7 -70 -118 -62 44 -8 -31 114 -138 -39 -47 119 34 -103 -9 22 101 -56 34 72 14 149 104 -120 118 4 -118 -89 -26 -107 -99 -114 8 -17 132 -61 86 -13 91 -68 -34 144 64 120 -47 121 -56 35 -44 10 141 123 -4 -28 27 103 -38 -5 97 63 -146 -80 -114 107 73 -72 -139 -142 59 124 2 -23 -127 -24 105 -144 -8 -143 -40 24 47 60 -98 -80 -19 27 -138 65 119 -137 89 124 11 -40 -49 81 34 110
94 -86 -22 -11 -132 -14 37 -143 -29 135 145 -48 141 134 83 -124 -131 77 -114 108 -31 80 -30 76 4 103 -51 -51 134 -96 -76 -121 -51 57 35 8 -108 -108 -27 42 18 102 -71 -3 -65 99 130 80 -38 27 -146 -5 -45 -89 40 -129 -140 -74 -119 30 143 -26 64 -107 -78 84 -26 46 88 -115 22 -62 -18 36 -85 -90 105 -131 102 -33 -26 44 11 7 -90 -134 101 -137 -6 43 88 52 -144 -92 -129 117 94 31 -82 -121 -93 18 -122 -48 -104 -126 -32 -132 39 66 -75 115 -133 -107 -118 -61 -135 11 -94 -7 11 12 -89 61 -58 47 54 62 -109 -128 -34 -39 -58 -93 -10 78 -120 113 -37 -136 -144 89 -61 -64 136 87 38 -124 -43 -23 135 -94 -13 118 8 144 33 -3 7 11 88 86 110 -106 3 -93 128 -2 47 87 105 -97 126 -149 90 -141 -109 -71 69 52 -7 72 45 122 -45 119 -72 -128 -71 53 90 -106 -45 -90 -121 71 -119 28 -68 -17
94 -86 72 -119 121 90 -137 80 -38 -87 -136 64 93 135 61 118 -126 97 -105 -120 103 -3 136 129 92 144 108 131 -105 89 45 -66 -39 132 121 82 -53 -42 106 106 -109 -110 58 -128 -128 -124 -62 -135 35 8 18 134 -48 141 118 8 71 -28 58 -61 89 -12 27 47 146 -72 7 -27 46 -115 75 5 -6 -71 18 102 26 7 -90 -48 -104 -51 57 -39 94 31 90 3 30 -124 -43 -23 13 94 -135 -11 7 94 -11 76 -26 64 -87 -47 2 -34 -88 134 122 -22 115 -14 37 -71 113 -37 117 93 32 33 -102 108 29 -99 65 -144 89 -61 -130 -132 -107 -78 86 4 69 -119 30 134 -26 51 51 71 44 11 126 -128 108 -31 -40 -85 -90 -36 18 62 3 -33 -144 -45 43 -88 -133 -107 -149 90 -141 -83 -145 -78 10 93 -143 -45 -101 -54 121 76 96 131 -109 11 22 -52 7 74 140 129 122 -45 -119 -52 11 88 -143 38 -80 -84 77 -114 -68 -17
101 105 -9 141 -90 -68 147 62 -55 -65 137 12 -76 147 -29 -23 -48 134 72 -91 125 111 -137 99 -66 -77 71 25 -132 74 138 124 -62 118 -117 138 -117 98 -104 -99 34 -27 142 -96 78 -123 116 -23 85 17 118 -113 2 25 -16 -31 -36 13 51 -25 115 -52 -4 52 -70 142 -43 -69 -135 111 -14 13 -113 59 145 -88 -64 -122 -125 78 113 45 24 -21 -138 -34 64 -34 -125 76 -50 -42 -97 26 49 -91 -145 121 -6 71 75 57 150 26 36 14 -7 108 -63 -89 -124 -41 -51 101 -60 -96 -38 -63 20 -92 123 -60 54 81 78 85 142 60 71 -79 1 -51 85 109 -106 112 100 104 -28 -150 -33 54 28 -76 12 35 -33 63 51 43 101 -97 -7 150 -10 34 88 -32 48 -51 11 101 139 -50 67 26 118 -25 102 134 -69 101 -125 -53 -144 -31 -128 10 -30 -46 -70 80 -127 119 -65 -45 -139 82 53 119 -109 -141 35 -68 2 61 106 -58 3 76
101 -34 76 -52 4 52 98 -104 -113 -23 -124 -138 27 -34 99 -137 99 106 -109 -92 -145 102 134 -85 -53 125 -141 -51 85 30 -10 -70 80 -127 119 109 65 -31 138 -117 -69 -77 132 -25 -71 74 147 -29 134 72 -85 -144 -75 -71 6 -41 16 -101 -117 63 51 -97 -7 150 60 11 101 139 -50 67 -150 -63 -89 49 -91 36 31 112 100 104 -14 96 142 33 -108 7 -28 -101 97 42 50 -76 125 51 139 45 -59 -57 122 21 145 -20 63 78 113 -43 -69 -135 111 -14 13 -91 125 111 -125 -53 -10 34 -32 48 -51 62 26 118 -25 118 -46 13 51 -25 115 142 23 -55 -65 71 -79 1 105 128 -78 -119 33 101 -64 -64 66 -26 -121 138 -35 -12 76 -123 -88 82 -38 96 60 -48 2 25 43 124 88 -81 -54 35 -68 2 61 -118 -17 34 -137 54 28 -60 -70 -142 58 -106 12 -24 -45 -113 150 26 36 78 -123 141 -90 -68 147 62 -116 9 3 76
136 -111 81 -146 126 97 95 133 138 -125 51 140 121 69 135 -133 130 116 -141 -141 -127 -104 2 -139 -94 -29 -66 -38 -14 46 -84 -10 103 113 -74 105 -98 -129 108 140 19 -132 -61 54 -27 124 28 -77 6 -68 130 64 -87 -23 -80 -95 -57 138 144 141 -122 -16 -68 117 58 -90 -102 92 -122 61 -123 -22 -43 -120 32 131 -65 -76 -12 59 -129 33 4 -101 7 8 -41 91 131 -130 -20 -102 -16 -37 67 -150 85 -128 148 -84 -33 -56 46 -21 49 -115 -86 -8 -129 39 -43 29 69 -14 35 95 128 82 110 -6 44 -60 -54 46 26 -147 -95 -58 -66 -117 78 -131 -100 107 -104 70 -125 -110 88 -31 24 -55 -45 -139 -127 65 46 98 11 -95 51 -87 74 -107 8 -101 28 -87 74 147 -23 36 -136 -134 143 -68 -55 -94 14 -99 130 10 -16 -80 -42 119 -105 -41 55 -149 39 -69 -72 -111 35 -63 58 126 -135 29 85 -65 -38 -25 -139 148 -106 60 -23 145
-148 -91 41 -80 87 19 147 84 -46 85 127 -22 -43 122 135 125 -138 -133 -61 122 -16 138 108 140 -28 101 55 127 110 125 -33 -74 105 -98 -129 -33 -139 106 101 -4 -70 -139 7 37 -129 -29 -66 94 139 -69 -29 43 -14 94 98 11 -95 51 -87 49 -115 -86 -8 -129 39 -69 -72 -111 35 -29 -38 -14 150 -67 -8 105 32 131 -124 -117 133 -128 -6 -54 46 26 -147 -95 -131 60 126 -58 74 38 2 107 92 -61 -120 23 95 99 -39 69 -113 -103 10 -35 14 100 131 55 68 88 -31 24 -104 141 141 -116 54 10 -16 -63 21 -46 56 -60 44 -55 41 23 87 -64 -130 68 -123 80 85 -65 82 110 130 -46 135 -90 -102 -104 45 -8 -132 143 -65 28 68 16 -74 -95 -57 -59 12 76 65 -6 -95 148 -84 144 141 58 -130 -20 -102 27 -58 -66 -78 130 149 25 -107 117 -134 146 -81 111 -136 -42 119 36 -136 128 -77 126 97 51 140 121 -23 145
-19 71 -118 94 -7 20 94 53 -48 -9 -31 -73 -80 -19 -9 13 -29 128 39 -144 -121 97 33 20 -12 -69 80 -67 -139 107 -28 -78 87 -83 117 117 -98 -81 -8 -128 44 4 -88 -59 -93 52 -105 90 -12 81 114 32 107 -67 -92 -53 5 35 25 -53 -132 146 4 -139 -137 40 25 -131 -2 -85 -134 -5 75 -65 -28 59 -107 41 -33 77 54 59 -137 120 71 -57 23 -125 93 122 29 -57 110 20 7 109 -51 -54 -83 -147 141 -54 -142 -108 -128 -7 22 62 -86 -108 -51 -21 117 108 -17 -8 77 -133 -46 21 64 -132 20 22 141 57 72 12 116 -108 -109 65 24 35 52 112 -119 -91 -150 -33 24 87 -92 -73 33 22 130 14 11 105 -23 88 100 86 75 -105 111 -32 69 119 120 -129 79 95 -27 -49 72 16 24 -102 126 85 -110 70 -17 55 50 -144 14 -65 2 25 139 -126 -42 111 105 3 55 138 -26 91 -74 116 83 136 140 -59 133 52
119 120 -129 79 95 -118 94 -11 24 35 -83 40 108 -81 12 -92 -53 5 35 141 -42 65 -111 -97 121 134 -21 -138 -141 8 109 -51 -54 72 12 136 -55 17 33 22 -59 -93 -107 70 -20 65 -75 5 144 -39 73 92 -87 -24 -8 150 -64 12 -20 111 105 122 -105 -107 -32 -69 -105 116 33 24 -102 85 -93 51 147 -139 107 -28 -2 3 140 -27 -49 72 59 69 -19 54 59 -137 120 71 -77 98 -74 -71 -41 7 108 -116 52 14 88 -2 65 -14 144 -50 16 32 28 -105 -23 88 100 86 -112 -130 52 -110 44 4 17 -108 -4 -146 114 80 -67 83 -57 126 85 -128 13 -86 132 -117 -25 25 -131 -78 87 -83 117 29 -62 -22 7 128 108 142 -75 59 125 -23 128 139 -126 -54 -110 -55 109 81 33 -57 -91 -132 -29 -22 -20 -25 -117 119 -33 -91 26 90 67 -7 20 94 53 -48 -9 -31 -73 -80 -19 -9 137 139 53 57 77 -133 -46 21 133 52
-149 -26 -1 -147 -65 61 -136 135 122 -18 -137 -55 -145 25 49 116 112 27 23 5 -140 58 54 19 110 107 8 -54 -79 37 18 118 -139 -11 -3 -135 -136 -18 -81 21 16 114 -38 92 -134 147 60 106 -63 -121 -114 -128 -80 -38 -53 -107 -129 119 70 3 127 60 38 11 -92 -111 113 16 -55 -85 62 77 -143 -10 -86 -102 -109 -99 118 -96 -12 68 4 148 70 10 150 -146 -117 -81 8 -32 88 -98 -121 -66 62 -100 -145 74 96 -114 137 125 -125 97 105 -107 -121 -33 94 10 32 -103 -136 -145 99 -126 -30 96 -33 -6 -108 62 26 -35 97 -149 71 -82 -2 134 -138 71 -21 -60 56 87 -55 -32 77 -121 9 -107 -8 -40 -52 134 -121 -24 -19 111 79 113 -101 114 -126 129 57 -47 70 28 135 92 -144 -51 16 21 112 43 133 51 -122 117 -23 -56 -110 114 -16 38 -86 -83 -131 -54 74 -42 85 117 33 148 92 61 37 -41 -32 42 -108 -117 144 9
-149 112 -19 111 79 114 -38 32 -8 116 118 -47 70 8 117 96 -18 -37 -55 -32 77 -121 9 -10 -21 -98 -121 -66 62 149 -97 28 135 92 52 144 61 110 56 23 -57 -129 38 -86 56 140 138 -1 68 33 -96 -33 -6 -37 -61 79 54 54 16 -55 -85 -81 -102 -35 -136 111 92 -11 25 18 113 10 32 -145 74 96 -38 16 21 -145 -114 -42 85 117 -117 122 -145 -94 -121 -33 -106 -60 -147 134 136 107 135 3 11 86 -122 -135 126 -99 30 -18 107 97 105 114 -16 -129 -3 -70 -119 -10 -70 -148 -4 -63 -121 127 60 -5 -23 -27 83 -100 -103 -136 -134 2 62 77 -143 -107 -8 87 114 -88 92 16 -19 -74 -148 -12 -147 -65 134 -121 60 21 -71 107 53 80 -55 -112 108 71 -42 92 -24 -38 -131 137 125 -125 -110 113 -101 43 133 51 26 -118 99 109 -49 -32 81 117 146 -150 -114 -128 -126 51 -54 -58 -40 -82 41 -108 62 26 139 137 144 9
66 -91 58 107 11 20 -42 -23 1 -135 103 18 -86 27 -42 150 -66 -128 32 -73 -125 2 42 13 -95 18 -57 74 -103 80 38 104 10 -59 10 -119 143 -121 -71 129 43 139 138 79 -14 127 122 -51 2 -105 80 110 -149 -113 131 -58 143 -49 9 105 -48 -12 63 143 -130 -88 27 -116 88 144 -38 53 121 77 127 16 70 8 -28 -42 76 -66 144 50 -144 71 71 43 -104 -1 93 7 40 -46 -23 110 -33 70 -81 -17 -121 -42 -101 -12 -145 -91 123 -137 -80 -141 137 -69 28 -28 -133 -39 136 144 -39 120 -79 116 -90 140 29 144 -121 -81 -83 -54 -82 40 -140 -31 -37 -34 10 49 64 119 -140 -36 -14 58 97 77 -34 -57 121 112 101 131 -133 -103 118 103 2 -120 -127 -85 87 -46 -133 1 -101 131 -63 46 109 -23 -6 -33 -70 -14 13 -128 -13 -84 -69 -108 -18 -123 111 -149 -63 92 -56 -138 78 -111 -12 111 -134 -84 134 8 16 24 -118 125
66 -91 -109 -119 143 14 -79 122 -51 2 -38 -80 103 -74 57 144 -38 -8 -113 131 111 -78 43 139 138 28 -10 80 63 50 -33 27 53 121 69 93 7 40 -46 -23 110 -33 70 128 -80 120 103 112 101 88 42 -48 -12 -49 28 -8 16 -137 -143 58 134 -111 42 70 -29 -125 2 42 54 83 81 121 24 -87 2 118 31 -143 140 133 -131 -79 86 -18 40 -13 101 -116 -120 97 14 36 63 46 37 34 -140 -58 77 134 149 -110 -34 133 28 -12 -145 -64 -49 76 -66 -81 -17 128 -71 144 6 23 -43 -71 -14 13 -18 -70 -116 66 -150 -135 -141 137 -73 -121 57 -88 -144 32 1 104 58 107 11 20 -42 -23 1 -84 -82 -127 119 -140 46 133 1 -101 131 10 -59 10 -104 -105 -127 -85 -103 103 -130 -39 63 149 -136 92 -56 -138 27 -71 129 123 9 105 -111 123 18 108 69 42 121 84 13 -121 90 91 -77 -127 -12 16 -144 95 -39 144 -118 125
113 -32 45 -70 -20 -81 -43 -97 137 90 107 -29 -120 -53 98 -57 -97 116 123 79 117 -62 -2 51 -122 -150 -8 -34 -149 132 -94 -46 -101 84 16 -92 91 6 122 -91 138 117 91 85 12 -23 92 -97 21 99 -51 -84 71 -98 -118 -120 43 2 -30 146 50 -110 110 -112 -78 -131 44 -103 -116 -38 49 88 65 -80 40 -59 58 122 -21 -132 122 -52 101 -130 -39 94 117 47 -49 46 28 108 -76 127 -48 -8 2 -115 -30 116 80 129 18 86 -125 -63 -85 114 130 18 -77 57 31 86 -23 -110 147 -150 131 67 -76 -2 90 125 -114 -54 31 -110 6 28 127 -116 46 58 -132 7 108 -12 49 -78 134 -63 140 -61 -121 110 -4 70 112 67 -3 -30 -132 -122 115 98 97 1 -30 -145 77 139 96 46 -135 -99 36 21 60 137 107 87 -84 76 136 -92 71 70 -92 89 -23 8 32 7 34 9 62 138 -93 -12 93 12 19 -109 -42 -4 -138 -120 -73 -127
113 -32 45 -70 -20 117 -86 -139 -77 -115 122 132 149 12 -98 -118 84 -87 92 -136 -51 2 62 -117 44 79 -21 -90 -47 147 -150 131 30 3 90 125 -114 -54 49 129 -107 -116 52 -122 132 21 -122 -59 94 132 -4 70 112 67 140 -103 -116 -38 -91 -117 -150 -8 -34 -76 -120 97 -42 -4 -138 -120 -101 46 -120 -53 98 -122 131 96 -62 -9 -115 81 -1 -97 123 -61 -121 76 -67 -29 -63 23 -12 -85 78 -145 98 -116 57 31 86 114 77 -28 -46 49 99 -51 -84 71 132 -127 60 97 91 6 -137 97 43 8 48 -127 76 -108 -18 -63 -85 -138 46 -65 125 -23 -110 -49 110 -23 8 32 7 34 -80 -84 101 -108 -7 -71 -134 78 -16 40 -58 -46 -12 -2 -30 116 92 30 -57 80 146 -110 70 -92 89 93 109 -19 12 107 -135 -99 36 -28 -6 110 -31 -2 -43 -92 2 110 -137 -130 94 50 -21 88 -91 138 122 39 -130 -93 -58 -112 30 -18 -73 -127
-60 50 117 142 -106 118 53 55 -13 -15 56 -123 111 24 -23 5 -59 63 53 -44 -45 -56 142 -67 -150 -12 58 72 -49 86 -15 -46 71 -100 -1 -112 108 136 -12 -33 -109 -96 146 -6 108 25 -78 113 -103 -79 -41 -116 -41 6 139 145 91 -123 -50 136 -136 113 -14 112 -44 121 -62 -110 25 94 150 -81 35 82 48 15 83 -82 37 -111 -134 -49 -42 -22 -137 3 2 -103 -79 -49 -41 -5 88 110 47 70 50 -59 -115 63 -139 68 -20 -13 -8 143 -1 -141 -110 -39 146 -48 -49 108 121 -59 -107 95 35 10 143 138 150 121 58 -27 -6 -89 141 71 -140 73 13 149 -89 -68 -71 -92 43 126 -64 1 31 80 -98 -34 31 49 -20 36 -77 101 80 -16 142 60 -36 -30 116 -125 -142 -41 97 -130 -141 -63 143 90 90 -50 -92 -7 -1 117 70 -43 -56 -114 103 71 -92 -70 -4 132 -141 79 86 88 28 97 -99 95 -17 -92 -130 -68 -92 -64 98 -8
-60 -130 125 -141 -142 -5 108 -46 113 -103 -6 63 -49 86 -15 59 -58 -15 -48 -82 143 -39 146 -48 79 27 -5 -3 137 22 -132 -143 -12 58 -23 97 -130 -49 25 -78 142 -59 -13 -73 140 -71 -141 89 97 -6 -100 -53 -63 -118 -123 31 -70 -4 -112 43 126 -99 -106 -59 1 -50 -35 -136 -68 -141 -72 -24 -64 14 -113 136 -136 8 13 20 -56 15 13 44 -88 6 -103 114 56 43 -70 -110 -145 -139 -2 41 96 109 33 12 81 -150 -83 1 -94 -25 110 -92 -36 138 150 121 142 -91 -28 -92 -7 110 35 149 -89 -108 103 -41 -71 -134 -80 92 -71 -55 -53 -141 -95 -82 37 -111 -146 41 49 49 -98 62 -121 44 -30 116 42 79 17 -95 108 121 -111 88 -64 -107 -71 -90 -143 116 41 -1 117 47 70 50 80 -16 142 60 50 117 10 -92 -45 -56 67 77 -36 20 -49 -31 34 -101 50 -90 150 -1 -112 123 92 68 -115 -86 -79 -68 139 -63 98 -8
100 -137 -62 -58 141 -13 -63 142 129 134 103 75 -41 49 143 -91 143 136 -143 -36 11 -142 -28 -51 103 -24 85 -1 18 13 -2 130 -136 103 128 -37 -129 76 52 -62 72 -69 100 111 3 -38 -70 129 112 54 87 56 -13 5 109 20 134 39 81 69 85 45 -40 -112 64 130 128 -31 -34 71 -145 136 23 143 -18 -93 6 -71 59 41 105 -144 8 -18 -69 -41 -125 125 76 -6 42 70 78 -60 -102 125 112 37 -18 128 141 -96 -147 -76 -135 121 1 88 -78 -5 -97 -26 83 -51 -69 46 -85 -3 137 -68 -55 -29 -24 -103 17 -124 112 -56 -88 -71 90 150 -128 -142 -55 148 -115 70 -107 -50 -65 48 117 9 -49 -42 16 -9 92 79 109 94 36 -123 95 105 31 -61 58 20 10 28 60 -95 99 47 91 42 14 -115 -114 119 140 100 106 -140 -52 -59 -3 -131 30 109 -79 111 84 85 71 -28 65 -93 24 -82 147 134 -93 112 103 -149 48 110
100 26 142 70 112 40 -111 114 115 -14 -42 70 -91 143 136 82 85 -3 -37 -112 -125 102 60 -78 100 59 41 39 81 69 103 -149 -134 148 -115 -70 -42 -103 136 -2 -28 -51 128 -31 -34 84 -13 -63 -129 -17 125 -18 -97 50 107 129 6 -42 16 49 -1 -137 88 56 -58 61 -31 -105 -71 -28 -10 -28 18 -24 69 -13 5 109 24 -103 -130 -64 38 -3 130 -141 58 62 -71 56 -72 100 106 -99 -140 -59 45 -37 -142 -111 -36 -94 -135 121 1 88 76 -65 48 117 -125 46 -145 -129 -85 47 91 -109 -68 -65 79 -20 93 49 143 -128 18 -131 30 -137 3 85 -109 -79 -92 -105 -83 18 13 112 54 87 90 150 -128 76 -11 36 143 147 -143 124 -142 -55 -112 93 93 60 -95 -76 9 141 -96 -147 -123 -95 -6 51 -41 -8 -29 -24 -103 69 136 23 112 85 71 52 -62 -9 -144 55 41 -75 -103 -134 20 134 69 5 78 -140 -52 -119 128 -71 48 110
-53 -100 -34 129 63 -42 -19 99 -132 121 149 3 44 75 49 66 43 110 84 94 -32 99 93 -78 -88 116 130 148 9 -87 86 71 -128 -140 76 52 95 121 -13 34 6 28 -119 -48 -103 14 -39 -67 40 16 -24 27 27 -104 139 134 -97 -71 -79 -68 92 -141 5 47 -85 -54 -139 21 -39 79 -39 94 -91 12 43 31 -96 3 -66 35 78 -13 146 139 45 9 -32 121 -133 -120 36 116 92 -21 138 110 46 123 11 -59 -83 63 77 65 87 -89 -141 60 -62 88 116 -122 -55 -79 14 -138 119 89 34 146 132 128 126 -47 -3 135 124 50 -150 98 105 41 -78 52 63 -55 97 140 146 -7 -48 16 138 108 -132 -12 53 54 113 -46 -75 84 -3 58 65 50 -125 -20 -143 -98 117 34 -31 -87 147 -51 48 69 39 122 34 99 -88 -94 133 24 91 -42 134 45 -101 -139 -59 -26 -131 93 135 39 143 -46 68 -51 -42 102 56 -25 -48 -124 32 -129
-53 3 47 68 79 139 -46 -75 -78 52 63 52 -43 -66 116 -122 -87 121 149 -97 -71 53 54 -89 -141 60 -102 -31 -148 -14 103 77 84 140 42 48 66 -3 96 99 76 -119 138 -14 79 65 31 -34 48 -16 -122 -39 139 24 27 -116 -36 -78 -143 -25 -28 -19 39 150 -86 -9 -95 124 116 130 -39 -67 40 125 -50 -32 99 93 -94 -88 50 71 108 -75 27 -12 91 -94 134 -100 -34 129 63 -42 68 -51 -12 -59 -26 -131 93 -132 -146 -34 119 49 -88 62 56 -16 -132 55 -128 135 99 -132 -110 143 -138 7 -128 -43 -85 -54 -139 21 -39 -5 141 -78 -88 -94 133 45 -47 79 -39 -139 -41 -105 -98 -87 147 -51 48 69 -146 -6 -34 32 -101 -113 -24 92 89 -48 -63 83 123 11 -59 -46 138 -98 117 34 -124 121 -13 121 -133 -120 -104 87 84 -3 58 65 -35 -42 134 45 -140 135 110 21 -146 -9 -92 -126 -91 -44 -3 -97 55 13 -20 46 32 -129
97 97 -44 150 -15 -41 -10 -148 -86 10 -108 96 114 -107 85 -28 75 71 141 -79 -44 -131 -30 40 15 56 -7 -36 135 54 -121 63 -59 -19 92 -122 64 121 132 -3 -98 107 -130 142 -63 114 22 144 -126 34 100 84 -56 44 -14 75 83 -53 29 60 -27 -41 21 -60 117 -91 -92 -97 -40 13 115 -33 135 -64 -90 37 -74 -122 -116 -44 -61 -59 -126 135 140 -43 -43 114 96 130 18 -94 -47 118 64 -40 -139 103 -97 -8 7 -20 -99 107 115 -85 -62 142 -3 55 -96 -136 111 48 -15 -105 21 5 98 105 118 -87 49 3 -133 -94 -68 79 87 -68 -24 -139 2 139 29 108 64 -95 143 -138 -97 -61 40 -145 116 129 144 -126 -53 96 -26 15 93 -7 135 -13 -142 -18 -54 130 49 70 -105 51 13 -54 -16 60 31 -103 -54 -70 -101 -131 -98 -64 -76 -40 -102 28 101 -77 49 -146 29 -125 -80 30 -88 80 21 -33 -17 21 97 150 -58 -81 -135 112
97 97 -44 150 -40 -139 61 -10 -148 -7 132 22 -142 -56 47 94 -18 -139 -14 -58 -135 7 -27 -41 92 -29 -139 -2 -44 28 -53 29 -64 -90 -108 -86 107 115 -85 114 -83 5 -142 96 130 -126 -48 -111 -41 107 96 -55 150 130 -51 105 -70 64 135 -103 40 54 18 49 3 -133 -94 -76 -40 -102 -97 -126 34 100 26 -96 53 101 3 -114 135 108 64 -95 -135 126 -144 -74 -122 -116 -44 54 103 -101 -131 -98 -24 -8 -121 -64 122 -68 79 87 129 98 105 118 -87 -118 75 116 -68 -64 -15 75 -136 15 -79 -13 -140 -97 -20 -99 -97 98 145 -30 -40 71 56 -7 -36 63 -142 84 54 -121 63 -59 -19 -21 17 21 -77 49 -146 29 -125 -131 -49 13 -54 -43 15 -28 13 15 93 3 144 -60 117 -91 -92 44 115 -33 -141 40 -60 -62 -97 21 -37 33 -16 10 -80 143 -43 59 61 -70 -31 -60 138 -105 21 -130 -85 107 -114 -96 -80 88 -30 -81 -135 112
-12 -110 139 -41 15 -100 125 -61 143 -97 131 7 101 -77 99 33 -94 51 -20 17 -56 37 -81 85 -17 98 -75 -68 -69 -142 113 -78 137 -47 -51 33 71 40 10 58 69 -126 94 -123 -76 84 46 101 120 88 -24 -18 -98 -142 -89 -22 -38 42 -112 57 97 95 -147 63 -58 109 82 -4 8 81 31 87 -55 -140 -101 -13 -88 -49 14 69 120 -4 90 6 11 -134 108 -44 13 -47 117 135 46 47 -95 81 130 133 -21 84 -75 74 16 -68 -59 136 8 -69 18 -1 140 -128 -129 137 -116 85 -121 73 -99 -120 121 33 17 129 149 -119 -66 78 -63 -111 -72 -65 11 -24 38 111 131 18 47 -129 44 -46 -146 -108 -48 -110 -147 84 -87 -70 54 -117 -130 -104 -38 -103 -118 141 54 118 39 -110 -144 -63 18 144 96 -94 -27 -137 45 -26 149 52 -123 40 1 62 -128 100 -80 -41 48 -57 47 9 -12 57 49 81 -65 -84 43 -54 70 33 -138 4 -114 -9
65 1 52 88 47 -84 21 -133 63 -58 109 82 -4 -43 69 120 -4 -59 -99 -120 85 -121 63 130 -129 44 -24 -101 -84 138 84 51 8 -108 -143 -73 18 -33 -99 77 -96 147 -40 -71 -33 51 47 -137 126 117 135 46 47 -95 81 -58 -10 49 33 12 -75 118 103 87 94 144 57 40 1 11 26 -45 137 27 7 101 37 17 -72 146 46 112 -149 -69 -142 41 80 54 118 123 -120 88 -129 137 -116 121 33 -100 128 -70 54 39 75 -98 78 -113 48 66 119 -18 125 147 -95 -144 69 -81 -70 -94 -17 128 -142 -18 69 24 -63 -111 129 -61 49 -149 -9 -47 -104 117 -18 -46 62 38 -130 -42 38 22 89 57 -20 17 -56 8 81 31 -11 65 -131 97 -48 -110 -84 87 -55 -140 85 38 111 15 -100 -98 -140 78 134 -13 44 -108 -68 90 6 54 -131 41 -139 110 12 57 97 16 -136 -74 141 47 -4 76 123 -94 13 101 81 68 -110 14 -114 -9
-99 -100 80 -95 -60 84 -13 -41 -9 50 -136 91 48 17 -6 -59 -2 -121 -61 55 56 13 -106 -136 93 7 -32 -86 -71 -24 140 -49 95 116 -29 89 65 -97 -9 -144 25 67 85 -106 11 17 -9 101 131 133 107 -77 -104 -81 -34 143 44 81 83 -149 1 -118 140 33 -1 124 45 75 121 -103 146 142 -81 133 22 -37 112 -135 -125 -125 -32 -11 -138 -103 -38 -90 -71 -66 146 12 -141 132 19 -5 -55 78 -59 -112 -123 76 39 -112 95 -99 84 -30 17 -47 58 -142 128 15 -62 54 144 -146 -28 29 -107 -2 20 63 -77 -22 -4 15 -52 85 -146 104 59 -42 -68 36 -10 51 69 126 -116 110 -13 106 93 -51 68 115 -88 -73 -95 -100 105 -60 45 57 -45 -149 112 -33 -76 46 98 115 100 14 -64 -121 137 19 -60 43 -15 62 59 -46 -137 73 87 -109 72 106 -150 100 -49 -21 -5 -103 123 -58 106 -36 -41 135 126 -144 92 -99 95 -87 7 131
-99 -100 80 55 5 -19 125 -60 -116 -13 45 136 -50 112 -135 -125 -105 100 -99 95 -142 -71 133 115 -17 30 -84 99 1 141 -12 100 13 -110 -146 -95 14 -81 -49 -21 -5 128 15 -62 54 144 -146 68 -142 -146 83 84 36 135 -64 -121 -103 20 63 51 -93 -106 112 -33 -46 76 -39 -76 123 -106 -118 140 33 132 -32 -11 -7 -2 -121 -45 62 59 -106 92 -106 11 17 -9 25 67 95 136 24 77 -34 126 58 -123 2 137 46 -15 -32 -86 -144 -137 49 103 138 51 69 126 116 71 103 -95 81 90 48 -38 65 -52 85 -146 -43 60 -19 -149 4 107 -29 28 85 -100 -47 58 45 75 17 -6 144 9 101 37 -22 -61 55 1 107 -77 -104 -81 -44 -143 -93 15 112 59 -78 -95 -60 98 22 -150 -106 140 -59 115 -88 -56 149 73 13 -41 104 59 -42 -68 36 -10 -97 121 124 66 -29 89 -91 57 73 87 -109 72 -133 -131 9 41 -112 -87 7 131
-61 -64 -36 54 148 -116 -127 -78 -129 -36 19 79 -140 -146 -2 8 -122 -24 128 -76 107 57 -105 71 106 89 49 54 -104 -130 -74 132 -148 -10 -38 63 -38 -107 78 -122 -24 -139 28 6 145 54 110 -101 121 -87 23 113 141 29 -92 34 -118 -108 64 -126 23 -4 89 -12 -134 -68 110 -69 -81 -141 98 -122 114 -30 -53 -11 65 -62 42 -143 140 -27 -105 -14 -32 -89 48 -96 90 -128 -100 -46 -106 -4 93 -12 112 -36 -51 -64 -150 -73 143 -56 73 59 19 1 15 109 19 74 9 84 137 -12 -82 150 137 74 49 -74 86 -36 -53 125 62 75 22 102 84 -123 -134 -134 49 81 137 -1 -148 55 -133 -86 -84 -75 101 -45 115 143 -28 76 -54 -72 96 -16 57 -10 -144 -69 -121 -48 143 -28 -46 -12 -135 -71 78 125 -36 -109 15 -37 9 48 -69 149 59 -123 -52 100 -23 -106 47 -110 -45 73 -97 -14 49 -24 148 129 -140 150 24 -85 -147 -116 -34 -127
-61 -64 -36 54 148 -113 -23 125 -16 89 36 -1 -140 150 24 -23 87 -121 -89 4 -23 126 -64 -107 78 -122 -24 -139 28 6 -59 128 -76 107 57 -19 36 69 148 -30 19 -49 57 -10 -144 -69 -121 140 49 132 -96 90 106 89 -10 -38 63 -143 73 -114 -85 -143 123 93 -12 101 36 -123 62 -19 32 14 105 27 -140 -127 -116 -24 -149 150 64 51 36 -112 109 8 -122 141 81 69 -78 -129 15 12 -97 -14 133 -55 -81 -62 71 -1 -148 -84 -75 101 28 -143 -115 24 102 84 148 -49 -86 -137 -84 -9 135 -54 -45 48 74 141 68 46 100 128 122 -98 -22 -75 42 -147 -65 145 54 -129 59 -53 -96 72 54 -76 -130 -74 134 134 -37 9 -105 110 -53 -109 15 137 79 -86 74 -49 -74 -38 116 -29 28 71 -48 -146 -2 -12 -82 150 -11 -12 -134 -106 143 -56 48 34 -118 -108 -52 100 78 125 -73 110 46 -4 -104 -73 45 110 -47 106 137 -92 -34 -127
-31 84 -54 -28 67 90 -1 -42 -140 18 -38 4 53 -118 43 46 74 -57 133 -76 -90 -89 -112 51 137 15 92 -60 123 92 145 -63 149 -141 145 12 -103 -28 120 22 -12 53 -42 -144 118 70 133 -75 139 -85 93 -12 -119 101 -18 144 90 -143 -46 -121 -115 -115 21 -88 33 -79 56 58 135 -3 134 -99 -24 108 114 16 -118 147 136 -22 133 -149 -20 14 108 94 145 52 -44 78 136 -50 83 7 -130 119 -57 121 47 -58 94 -76 76 83 7 -15 -12 130 -123 -38 -50 57 -60 86 -84 -52 -37 -80 -53 -121 62 55 -16 -105 33 -88 -95 -107 121 -86 -26 94 107 -33 85 -116 39 147 111 -136 -132 -12 -3 -14 20 -75 -41 50 -118 123 -16 133 -29 73 93 -37 -116 -86 146 79 -92 -86 -26 92 71 -88 -18 -56 -101 -85 -9 69 45 138 56 -5 100 -51 -12 131 17 45 -94 99 77 -59 -50 -117 -71 98 81 -55 -142 -4 95 105 73 -123 106 -54
-45 116 -42 54 136 -50 46 -26 92 71 -88 -18 114 105 -94 22 141 -149 63 56 -71 -123 -33 88 -3 -14 20 -75 -123 107 -33 75 -84 31 138 -86 143 -90 -144 22 -136 -147 118 -79 56 58 15 12 7 88 -33 16 99 -149 -20 14 -60 123 -28 120 79 -92 119 -57 116 -85 -133 43 130 38 12 -12 -132 -12 -50 57 -94 121 -86 -26 -94 -53 -4 121 47 -58 73 93 -37 -135 -83 -76 -44 78 139 -50 -117 95 55 -38 133 -7 -112 -92 -85 -9 69 81 136 -16 -21 115 115 121 51 -111 -76 145 52 108 -76 51 -100 5 52 -42 -144 118 70 -90 -89 101 -145 -131 12 -90 -67 28 -140 -108 -92 -62 -99 -146 86 -50 41 46 74 -57 133 -121 83 -85 145 -60 -95 -107 29 73 142 105 -93 -103 56 39 147 53 80 24 118 -98 55 -16 -15 -137 118 18 53 84 -86 -94 -45 -17 123 -4 130 59 -77 -133 18 -101 119 12 -37 -1 -3 134 106 -54
83 -67 -82 129 -5 -93 78 -95 -60 3 -97 -131 79 -147 -83 -68 -42 -57 100 5 69 -18 113 -51 -65 -96 38 30 -3 31 -146 82 -91 -16 6 -43 -10 -119 83 -63 13 79 -100 -138 57 -136 121 5 87 -115 58 79 48 -42 70 128 -22 8 -50 71 -80 92 -148 109 10 89 -127 -132 143 90 -88 -25 -122 54 -97 -125 126 129 25 48 53 7 -21 32 -65 141 -31 6 -131 80 -114 42 -69 -52 -41 -100 -3 -95 114 109 -53 81 -19 96 6 109 -102 35 -123 -42 133 83 -90 121 127 -53 102 -22 92 84 63 -8 6 -51 -145 -15 91 147 50 17 -28 -110 -63 -75 -121 133 31 -70 7 26 -99 127 112 59 -136 53 -9 -121 87 -43 -146 24 114 65 68 -82 129 -91 -42 128 38 -136 26 149 -119 28 -42 45 -16 -124 120 -128 60 149 -73 4 -86 109 -18 7 39 -132 -117 -49 -37 -150 -33 31 75 76 -103 -76 97 18 -123 -52 1 24 129 25
83 -97 76 -97 -63 -75 33 -45 -84 -92 -5 -93 -42 51 -113 18 102 31 -67 -82 -8 22 -128 -52 -41 -100 -3 -95 120 -128 -100 -42 63 60 8 -109 51 -6 149 141 -63 13 19 -10 -109 148 121 50 17 -28 -110 22 69 -5 -37 -150 -129 82 24 60 48 53 7 -21 83 102 -70 -24 -91 79 -147 -52 -124 114 109 -53 1 -68 -65 -114 121 -109 -6 -26 -7 70 -31 121 127 -132 149 -119 -18 81 89 -127 126 75 86 80 -114 42 87 4 131 -6 31 -132 143 90 100 -79 96 -65 99 -32 119 -91 -16 18 -133 -7 -92 80 -42 -57 -146 83 53 -39 -50 71 68 -82 57 -136 15 145 -43 -28 83 123 3 103 -76 -87 121 9 -96 -48 -79 -58 115 -65 54 -31 3 38 30 -42 -69 42 123 -35 133 90 43 -6 -10 -131 78 -38 -128 49 117 -26 136 -95 -25 91 147 -16 125 97 -146 138 -112 -127 -5 73 129 -88 -25 -122 -53 136 -59 129 129 25
5 135 106 -41 -30 -113 30 -48 -139 68 126 47 -136 -71 -64 -136 -135 -40 3 14 -73 139 -34 74 -65 68 73 -114 49 -64 7 -147 -145 42 -80 -118 -101 -88 134 138 92 -134 -127 -122 -13 -69 136 16 -83 -43 14 -144 -98 146 -70 -145 -77 -67 -150 -27 43 -10 54 37 -126 -6 53 8 -76 -35 78 -111 -138 85 21 -139 24 11 -69 -5 -24 -127 140 -131 16 112 17 -72 -129 -88 24 64 -15 -116 -14 129 -77 -74 141 -93 -114 101 -145 -5 -140 -127 38 -96 -67 138 138 64 137 15 13 -148 -33 128 -73 -146 -100 -31 53 42 150 -76 145 -30 102 -131 -132 -123 -95 129 64 50 -34 131 -136 124 146 -106 -52 38 -126 -122 -75 22 -8 -115 -52 83 -2 65 23 104 131 -88 129 136 -21 -14 125 11 149 65 -99 -115 53 -39 90 -35 63 104 2 -141 75 66 5 -56 -126 -64 -125 17 -37 37 -117 -94 96 89 -24 -16 -29 -20 -60 128 -7 146 -124 8
141 -85 138 111 -78 35 76 -11 65 75 66 67 145 147 -13 68 73 73 -128 33 148 136 64 -10 126 -37 -96 -67 138 138 74 104 39 -53 -135 -124 88 -42 -131 24 -2 123 -131 -122 -76 -102 30 -145 -42 -150 132 99 83 64 -15 -116 -14 -17 141 -2 112 -49 31 146 149 -136 -71 -43 -16 145 -27 24 -21 -14 145 -129 -37 37 64 137 15 6 -106 -52 72 -139 73 -47 90 -35 63 77 128 -5 21 -139 24 135 106 -41 -48 138 92 80 -131 -115 115 8 -22 75 122 -52 131 -136 129 20 64 -101 -88 134 -139 -100 -40 -53 11 54 127 134 -118 126 34 -50 104 -38 136 16 -83 -43 14 -144 -98 146 -5 -17 -7 -56 127 140 -126 125 64 23 -64 -140 127 24 5 69 -8 -53 65 129 -94 -70 60 136 95 96 77 125 -93 -101 114 -89 -13 -69 -113 30 -3 146 38 -65 -7 -117 14 -30 114 -146 68 126 -16 29 -129 150 5 88 -74 34 -124 8
-145 83 92 -64 -8 -72 -122 43 -120 28 60 64 120 24 -24 -78 -79 73 92 100 -32 136 131 126 -51 -65 -47 41 -78 2 -31 -27 -47 -80 -142 81 143 64 -58 132 -59 -141 -133 49 98 -89 -5 -79 -123 46 -101 3 123 -53 -49 -56 7 94 -1 86 134 77 -109 -103 -28 -76 7 -127 135 113 -38 57 -37 69 11 -119 3 21 41 -92 69 -107 -69 121 -105 70 7 88 -6 -11 22 -48 13 -57 43 -16 67 52 -70 106 66 117 -86 -53 -39 -76 80 -46 -110 46 -77 22 -49 -88 -146 147 139 86 43 -43 109 -30 -61 -142 129 -4 123 -49 -84 8 -45 137 92 -143 14 131 68 -27 8 60 46 -25 -16 84 79 113 116 133 -50 36 -85 -68 32 143 -47 -101 -17 -124 28 79 76 141 -47 5 -58 -105 83 -126 -40 41 74 -68 -95 -75 147 118 -40 -128 -121 -30 118 -71 -25 -53 17 -72 123 -13 -92 90 -50 -109 79 -123 -101 -150 -138 -139 75 -76
-145 83 -103 -28 -76 7 -50 36 -85 -31 3 21 -68 32 143 101 -46 68 79 5 16 25 -46 98 48 -22 -101 53 -142 116 133 123 -123 4 101 139 127 -49 -84 89 92 -64 -49 -88 -147 -30 -61 -17 146 123 -43 -86 -139 -79 -105 70 7 88 -47 8 150 -49 45 110 -60 -8 27 -59 -141 106 66 119 -11 -46 -67 16 -43 57 -13 -65 71 -118 30 -75 -126 -131 118 -40 -128 -37 -64 92 78 -147 113 -38 57 -121 95 -81 -86 -53 -5 47 8 47 129 -56 17 80 -134 -79 -14 92 117 142 80 11 6 -25 -43 -69 41 -92 -3 -47 109 -27 -113 -79 -84 -141 -76 40 41 -78 2 41 -92 69 107 -143 -73 131 123 -132 58 -64 -143 68 -74 109 53 -7 100 28 79 121 122 72 126 76 13 -123 72 77 -109 77 -86 22 -137 28 60 90 -50 -124 -32 136 24 -24 -120 69 39 -58 -105 83 120 -43 70 -52 -133 49 46 94 -1 51 -138 135 75 -76
132 106 65 78 -13 -30 -117 -29 78 26 16 -52 -64 33 -4 -37 128 14 29 -105 -139 -66 86 -104 108 67 -105 37 56 48 -136 -45 81 -145 85 95 137 -28 72 -68 149 7 -117 -97 -9 -5 -124 75 -20 129 49 -55 132 -130 64 107 128 -113 86 79 42 -35 115 25 -140 -46 -59 38 -30 -48 71 51 141 -150 -54 91 -56 53 -35 41 79 -105 -65 42 64 -43 -27 135 -118 -40 -129 -141 -78 -1 139 -143 46 -76 94 -92 102 -77 -57 -123 -49 19 149 -19 136 59 -133 9 105 -133 -106 -55 140 -2 35 66 39 117 112 -142 53 -54 -97 -81 -81 4 -94 -98 120 85 -71 54 14 148 2 -126 130 -105 -93 43 68 -101 -61 77 -111 23 123 21 64 -64 -57 -101 -28 36 -51 -35 -149 138 135 -136 77 87 -109 103 42 27 30 113 141 120 6 18 -110 -83 115 18 -95 -37 11 75 -43 97 -27 -105 -8 -13 -63 -50 68 -51 136 -126 37 -138 -88 -150
-18 68 -98 -30 -117 -29 78 27 30 -109 9 -54 -106 -55 -28 72 -97 -81 -81 4 -94 35 -113 86 79 -43 141 129 64 14 -64 -117 -97 -105 -93 -97 43 -75 50 39 -81 45 -138 -37 115 25 -140 94 27 -54 -48 -105 37 56 -67 -108 -28 105 -104 101 126 123 57 77 -102 92 -51 -71 48 30 76 5 9 101 -68 42 -35 -95 -85 145 117 -113 -64 -115 129 -124 -68 36 20 13 49 -55 -53 -85 -120 -71 54 -78 51 105 -133 -130 136 59 -136 -132 -35 41 79 -86 66 -38 141 120 -61 140 -2 35 -132 -110 -83 -53 142 -112 51 -6 128 14 65 149 -136 77 -105 -8 126 -52 19 149 -19 57 148 2 -49 64 -66 -87 42 40 139 105 13 -78 -65 -106 -29 137 77 -111 23 123 21 64 130 -7 -135 -138 149 -46 -75 141 -150 26 16 -133 103 42 -135 27 43 -118 63 4 -33 18 -95 -37 11 107 128 1 -56 139 -143 46 37 136 91 59 -88 -150
52 121 -78 47 -134 22 -14 59 20 116 -104 -146 3 -65 -25 -83 38 58 2 62 96 -144 -83 1 -142 -61 54 46 87 -149 -86 -126 110 -143 2 135 -5 129 -107 75 -87 14 133 4 -6 -141 -3 149 -78 38 34 -86 108 150 -76 97 -40 -71 118 -112 -114 121 62 -78 -21 -115 -33 33 -34 88 -25 90 72 -51 -58 45 55 -141 -59 56 -48 -138 99 15 -144 114 -120 -128 6 -65 -145 71 -26 -141 -101 -46 140 -30 58 -137 145 34 -116 21 59 21 31 -126 -5 -109 -132 -69 -95 -7 108 -41 -98 -66 60 137 -140 -86 79 -71 -2 -24 -76 -70 81 132 -40 -147 -69 -125 -142 -101 -127 11 -9 -31 -91 20 -118 121 4 -79 -106 114 118 -43 17 132 -28 -72 80 107 93 -101 -3 -87 -65 -100 -22 51 96 -11 -50 21 -67 -16 -138 -36 127 61 -17 107 67 22 -80 127 3 101 -89 -14 100 97 -150 8 -57 147 -108 115 -1 -139 -114 -69 -13 61 -71 117
52 121 -78 21 -7 -6 -141 -71 145 93 -95 -40 -71 67 -21 60 145 34 121 108 -147 -69 137 -58 31 -126 -5 -109 -132 22 87 -149 -86 -126 110 78 -25 -51 -78 -21 31 -65 -107 4 -2 96 -3 146 6 -16 -138 121 -104 -51 -58 -26 101 138 -128 -72 -142 -59 56 -48 -127 -149 3 45 -81 76 24 2 71 -79 50 116 100 65 38 114 118 -43 17 132 -70 114 -66 -114 -14 -9 -97 76 -101 -20 91 -33 33 115 98 41 -108 62 132 -40 -147 143 -14 142 125 -30 -36 127 -116 21 127 101 137 1 83 3 -69 20 -140 -86 -65 80 107 67 22 17 11 28 75 -87 14 96 -144 -83 11 -1 55 -62 115 139 4 -79 -106 34 -86 -2 22 -69 107 -129 5 -135 108 150 -141 -61 54 46 120 -114 144 -15 -99 90 38 58 -13 -118 25 -88 34 112 -118 -8 150 -97 -140 46 -141 -57 -134 61 -59 -72 80 -133 61 59 -100 -101 -3 -89 87 -47 -71 117
146 -150 -33 -5 130 -20 135 59 103 -4 14 -47 125 -43 -139 -20 10 37 -49 -30 137 142 -55 19 34 -127 -80 130 -60 66 106 19 24 94 60 -80 -4 -108 84 -99 -143 132 -133 86 -77 51 141 24 -147 84 40 6 117 75 58 49 44 148 29 97 -18 -84 61 66 -68 139 57 83 106 -82 -2 -9 147 -107 -145 -6 -148 -25 -45 119 54 28 74 81 143 55 -95 -105 -80 -45 -60 -44 86 97 47 -101 48 46 11 -82 141 -9 -119 52 96 140 -104 8 -4 -131 107 -101 76 -80 -6 145 -109 -18 -31 123 46 145 145 53 96 138 109 41 -121 -64 -88 -148 -67 114 -23 -38 -14 61 9 -23 -42 94 -128 67 -39 51 -89 89 -83 -76 49 -21 -88 -132 -108 -144 -79 -96 -114 -76 34 101 13 90 31 136 -78 -48 126 -67 -88 -124 33 -77 39 -117 -138 66 -89 -58 42 -41 -124 -101 96 112 -15 92 66 73 -98 106 -42 34 -80 -15 107 -90 37 66
146 -59 -46 126 -67 121 -141 -92 -37 -10 20 -89 33 -58 21 -19 55 45 80 -47 -97 -66 -39 51 -86 133 -132 83 106 -82 -2 -95 150 103 -4 14 -47 49 -80 -67 -19 -52 119 40 76 83 -123 31 18 24 -147 84 9 -88 101 -107 33 -105 -45 119 106 81 -15 29 97 -18 137 -139 38 23 54 28 74 -60 -101 -79 -88 108 -5 -76 34 144 -96 -11 -46 -48 101 -58 -75 -117 -6 -53 -145 117 125 -114 24 94 -68 -107 -39 -109 31 136 -6 145 -106 -147 9 25 -84 4 80 67 -61 84 124 34 89 57 143 42 23 -9 -61 60 128 -94 99 148 6 -139 -141 -51 -49 -30 -66 73 131 4 -8 104 -140 -20 124 41 -49 -138 -96 80 -44 78 -42 -15 77 -76 -148 109 41 64 108 132 88 -127 -44 86 14 82 -114 -89 -80 143 55 130 -60 66 -43 145 107 -135 -142 148 -48 130 -96 -101 96 112 -98 145 13 90 -66 138 90 77 -42 -34 37 66
117 -112 -76 121 121 56 45 -39 -25 -60 -40 24 15 -10 150 -16 -82 -1 -73 88 -149 -53 -22 104 -10 51 12 -40 56 -142 -44 -45 145 -56 130 -16 19 -131 -142 -28 -11 53 -62 -35 -121 -67 -69 -93 85 -133 98 129 122 61 73 11 94 86 145 -5 -42 25 -130 100 -107 -99 59 -137 79 13 -42 55 143 -15 -70 37 43 79 9 67 -123 -81 107 12 -136 79 104 -143 -147 125 134 -113 -58 -66 135 -11 113 -150 131 -107 -110 127 -13 -77 -29 107 14 69 86 85 -45 4 -88 87 125 147 115 62 27 -25 -49 -102 -123 -80 97 -120 35 80 140 34 133 -86 32 140 36 61 100 -8 -136 62 -90 94 139 -117 82 19 59 62 -114 46 -88 34 25 -84 -68 -41 -4 133 134 -43 48 -80 91 6 -116 -52 31 -13 17 144 -107 -25 -85 -100 138 -108 65 -27 70 -136 12 -17 9 -99 113 -12 72 76 -95 -61 -64 -35 52 31 6 -39 62 -136 90 115
-140 -82 -107 29 80 -102 -123 -39 -143 45 134 -140 -80 -35 120 -97 -137 79 13 -42 55 -56 -121 -121 56 -145 25 -84 52 116 -70 65 100 98 129 122 145 -95 11 28 -27 88 11 94 86 61 -53 -9 34 133 -147 125 -39 -25 -60 66 -81 69 -4 113 -25 91 6 -31 14 -12 72 76 -136 -67 -22 104 -10 51 61 -139 35 -131 86 117 62 -114 -59 -19 -32 17 117 100 -8 -136 62 -90 15 27 150 107 -144 -142 86 143 -104 -79 115 12 -40 56 -142 -85 36 62 -112 -76 130 49 25 62 45 44 6 -16 19 -73 -62 12 -17 -24 40 135 -11 53 149 -88 73 1 82 -150 10 123 136 -67 46 107 147 121 35 113 15 131 -107 -110 -52 58 -61 -69 -85 -13 -77 -59 99 130 -25 107 12 87 125 133 -85 93 43 79 -70 45 94 31 -13 -68 -41 37 80 -48 43 -134 -133 4 -88 -5 -113 99 -9 136 -127 -16 42 -64 -100 138 -108 34 90 115
134 147 -112 44 -118 29 -90 29 100 -125 78 -63 136 -150 8 19 -72 102 123 113 -52 -69 68 -114 -24 138 -22 30 -47 9 134 -53 62 -86 -46 5 141 -97 -35 71 108 28 -29 -104 -115 94 -112 -25 7 -146 119 11 122 -5 102 -48 -39 -32 -99 -90 -65 10 -16 131 -65 119 -59 107 112 72 127 121 -61 -87 25 20 -87 -79 -42 -88 140 67 -77 93 -80 72 68 36 -36 -45 52 88 -127 143 73 -98 -148 5 112 -78 145 61 121 49 -53 -123 -86 -89 104 -31 -139 -76 -75 20 -57 -81 12 122 -48 123 -110 63 69 -54 -149 -33 28 109 -9 -147 18 106 -82 -129 122 95 -55 -59 84 13 -51 11 -106 126 -90 113 89 124 135 -40 106 39 69 -88 -19 -9 -143 -70 71 -2 -73 -120 -49 -7 137 67 -102 -94 30 -82 73 133 -9 -39 56 -78 144 -3 103 16 -35 -104 62 60 82 9 114 16 -88 79 17 115 103 -49 -44 -57 -95 83 107 127
134 -22 16 -88 79 39 -137 7 -127 75 76 -25 -82 108 28 -62 -47 107 112 3 -113 90 70 -87 -13 49 59 55 -87 -79 103 16 62 -86 104 -9 -39 56 -78 106 48 -122 -12 95 102 35 106 61 -121 -127 -44 -11 -119 146 -7 -104 -115 82 77 -67 -60 -29 -5 5 42 -32 -99 -90 -72 -122 -83 10 -78 145 61 121 -84 81 57 -20 143 -24 89 124 95 -11 30 45 36 -65 119 73 133 -9 -126 53 -134 -9 94 -112 -25 63 -78 -129 -112 44 112 -16 150 -2 -73 -120 -135 149 54 -69 -63 110 -123 17 -48 147 9 -109 -28 33 -71 -147 -138 49 -148 46 -139 -140 88 141 -97 -35 93 -80 72 68 36 -131 51 -30 94 102 40 98 57 -88 106 71 -122 29 -90 29 100 -125 59 -136 -49 -123 20 -52 -19 -8 -114 143 31 -104 89 86 123 53 65 82 9 113 -52 -69 -18 -118 -115 19 88 -69 68 -114 73 -144 103 -72 102 67 -39 -5 107 127
96 57 -59 87 -8 8 -41 -17 -123 11 -127 60 -6 104 57 24 -110 43 -17 87 -9 30 121 136 46 -145 71 -125 127 -53 -47 133 -71 130 -84 -31 -41 149 -119 -21 111 92 102 95 3 23 42 -60 79 -132 -102 147 148 -35 3 6 49 -16 84 10 -116 54 -21 42 -47 -59 43 134 135 -118 -32 138 -41 -99 -52 -74 29 110 -39 132 -123 -108 79 -96 4 10 31 118 -137 -18 -65 -67 -103 -137 13 -94 -132 3 -88 -42 -85 67 -135 16 -69 -98 -71 -102 93 14 34 -137 -9 106 48 -7 -127 20 18 -136 11 -30 -46 -54 57 -58 -56 24 40 -11 -14 135 -138 -114 -22 -139 126 83 -78 147 80 -117 -66 149 105 -63 -133 145 -146 -78 1 2 -89 73 -89 -92 -68 116 51 -136 -137 30 145 7 34 139 37 -129 13 10 7 -103 89 23 -39 80 49 -102 -90 109 146 -31 141 -72 -81 -148 -114 -125 -101 -99 63 141 74 -30 -27 118 13 -39 77 -122
-110 -29 -54 57 -58 -56 -18 -20 148 -35 3 -16 -118 -31 -60 3 -23 -89 103 -7 -10 -8 2 -89 73 -88 1 8 -102 -90 -41 10 132 -79 41 -41 149 -119 11 -137 40 -11 -80 -147 78 -81 -148 -114 -125 63 -146 -78 -42 43 -17 87 30 145 7 34 139 -30 9 -6 104 -46 74 137 -111 -17 136 -69 -145 47 -110 -85 67 71 -125 -13 149 105 -95 -102 -92 84 123 -135 -136 116 -3 -66 139 127 -135 63 -137 -59 43 141 133 14 -138 32 -136 11 -37 121 145 -46 18 93 14 22 102 72 -87 59 71 -27 118 39 67 65 6 48 -7 49 -16 103 118 -135 -134 -116 54 49 109 -89 -92 -68 34 -137 -9 -99 -101 -30 147 146 -80 39 23 42 -60 -126 52 99 -10 42 -24 -57 30 -51 21 -130 -117 132 94 127 -74 -129 13 -21 79 -96 4 108 123 -132 39 96 57 -138 -114 -24 127 -106 -53 -47 133 31 84 102 -141 -98 -71 -83 31 -13 77 -122
29 63 72 64 -61 -109 -129 -138 20 128 17 108 98 56 -125 -126 -90 -57 -116 -80 104 -120 -122 3 -71 91 -71 -49 92 114 87 74 -65 138 112 -84 -122 -28 85 -76 75 122 -17 1 15 23 104 40 96 44 70 36 -8 87 -93 86 18 118 24 82 85 10 -127 -20 90 59 -39 -144 61 60 28 -109 -117 94 12 -98 -7 -55 -23 62 150 -10 -24 -36 -133 117 -74 -27 108 73 111 -38 110 -91 -40 -37 -53 -122 141 -88 -83 93 145 16 110 -84 -79 -108 -29 -60 52 77 150 -5 93 -149 142 108 109 -147 91 -117 9 61 4 77 -63 -110 116 54 -130 51 99 149 76 -96 -72 146 42 123 -56 -17 -66 -73 -115 137 -119 -115 -99 62 -30 32 72 44 4 48 109 135 -39 126 61 122 -45 -81 -28 72 86 16 -134 -106 107 -39 -91 135 85 2 -75 68 3 -3 35 -88 67 -134 -34 -99 -129 42 98 114 -113 -67 7 -113 -66 -143 42 16 53 137
93 145 16 -115 -99 -129 82 150 -129 -138 20 -99 -51 130 -77 -138 -35 -143 61 60 28 -109 -117 -44 -96 -44 122 84 16 85 116 54 -122 -71 -123 -98 -42 -24 17 -122 39 -32 62 -76 75 -91 -4 37 40 91 -110 -59 53 -5 93 60 -75 -57 149 150 -10 -24 -115 -12 73 -111 -73 2 -8 87 -93 117 -66 67 113 42 16 7 -113 -74 -27 -56 -98 63 109 61 -64 -72 38 -34 -99 -86 45 110 -108 -17 4 72 86 36 -36 -125 -126 -90 118 -94 70 55 -108 -142 149 52 77 39 -63 -29 -68 -56 -17 -66 -122 -61 -126 108 -85 -135 48 109 135 -39 65 -74 -87 -114 -92 84 -110 -91 147 -109 7 96 -28 85 -119 18 28 -67 88 -133 -134 10 81 -127 -117 9 61 -128 -116 120 -104 80 -122 3 -71 91 141 144 137 3 -3 -20 90 -40 -104 -23 -15 -134 -106 107 -30 72 98 -23 -108 62 76 -72 -112 -49 -79 146 42 114 -1 29 83 88 53 137
-149 149 -47 115 37 -137 -69 114 -67 47 -67 -147 137 65 -66 50 -24 -83 9 -146 53 34 58 -16 -118 -132 47 -76 -15 -103 -21 -121 120 -22 -125 -27 115 76 14 28 -45 91 -145 -100 -5 -148 3 94 42 -59 125 -41 -81 53 -99 4 -46 30 7 -118 24 148 69 107 123 54 -143 135 -15 -57 8 -62 -65 73 -91 -105 122 -5 -129 40 125 -18 89 -1 -44 -66 -72 6 -146 31 142 113 133 -114 68 -88 13 141 143 80 -100 87 109 -47 -78 148 117 14 -141 -120 -9 52 -60 69 57 60 -54 -5 -138 -123 74 98 -147 94 -147 116 59 -3 -131 18 58 126 -26 -31 63 80 -128 -70 58 -94 -102 142 27 34 -118 -97 -107 115 -12 -48 113 -27 -1 -130 146 62 113 81 -110 7 -131 108 -147 77 115 -121 -76 -125 74 109 -94 -91 -51 -20 -127 24 -143 -61 -72 -76 10 -106 44 107 137 -104 -70 -111 46 64 98 3 -50 137 46 147 -54 -70 -110 108
-149 128 137 149 -47 115 37 -115 -66 -99 4 94 -104 74 -121 147 122 -14 58 126 -26 -31 63 80 -103 -129 -69 -94 -109 -74 6 -146 -70 81 -110 18 -117 -65 78 47 66 -120 121 -52 9 120 141 -5 -21 -62 -27 -142 102 15 47 -137 114 -67 62 -107 -53 -46 -109 -87 146 -143 148 -65 146 67 91 143 -54 -123 -107 -69 -70 46 -98 -64 -24 118 -7 -30 50 -106 44 118 113 133 -24 114 -60 -57 -69 60 113 58 -94 44 1 -83 91 -145 -100 -5 -148 3 125 -41 -81 -97 -107 46 -54 -5 -138 48 53 137 76 72 61 70 54 -147 3 -59 -72 94 148 47 -105 73 -10 42 115 76 14 34 -15 24 12 -125 -27 -50 137 22 123 -115 -77 147 -108 -147 -116 147 -91 -51 -20 -127 68 -88 13 141 27 -113 34 -142 -31 -111 -18 89 -131 100 16 -58 76 135 132 143 80 -118 45 -28 -8 57 -76 -1 125 9 40 98 130 125 59 -3 -131 7 -110 108
100 113 -114 -43 108 81 -6 95 67 -67 138 93 -23 45 52 29 95 -126 125 -84 33 -16 39 -20 -57 57 -64 94 113 70 115 103 42 25 20 2 -145 80 -13 107 16 -19 128 -107 39 -142 -35 112 -17 95 -38 -96 149 -30 -47 -148 68 -89 -85 47 60 -88 -39 84 -87 81 -116 -136 125 86 -65 38 -9 131 -150 -80 -47 -17 7 -59 55 102 -79 105 -22 -99 -67 -71 78 -100 -116 39 28 -95 125 -65 -64 -125 14 -50 -94 25 9 150 -25 -22 139 -149 64 -105 47 124 -124 43 -7 -68 88 -138 103 -113 95 25 -120 123 -132 -30 -85 71 -122 -51 -81 109 -133 -61 -115 139 -75 130 1 -134 39 -48 -92 144 -54 9 -21 -37 -128 99 -139 -28 -111 -19 -143 112 144 19 -111 2 -117 -49 56 -122 38 -72 -104 -2 -126 -20 118 59 50 -119 120 55 -118 -47 -71 -81 104 -40 28 132 93 -11 51 54 -41 127 -11 26 -34 -19 65 -71 129 72 -52 117
-59 55 95 67 -67 138 -20 -57 57 -64 94 -143 -93 103 -113 104 -94 25 -43 16 -128 125 64 -124 -34 -126 125 95 -126 -59 -118 20 -39 84 -19 14 -81 -95 139 -88 50 65 -85 47 60 111 28 139 19 -111 127 89 47 -67 -99 80 68 22 103 84 112 -17 95 -38 -45 71 -65 19 -61 -95 -72 -129 -109 -39 -85 71 -122 -51 118 30 6 -81 -108 43 114 21 -47 105 -64 28 -41 25 -150 2 150 -131 9 -38 -99 128 25 -49 -2 -145 80 -13 107 133 23 -93 81 -47 33 117 56 -116 -39 149 78 -100 -72 -105 122 -136 125 86 19 65 -29 -52 -96 149 102 -79 139 -22 144 -123 120 -25 -148 39 28 -75 -92 144 -54 -120 119 -132 -30 16 20 -68 -48 130 1 -134 40 132 -9 -7 38 116 -81 87 -115 -125 -26 37 -113 -100 -7 17 54 11 -11 51 2 -71 -50 124 138 -88 104 71 35 142 -39 107 47 -55 -9 -112 113 70 115 42 -52 117
-121 93 92 97 -66 -92 145 -27 -12 -34 144 -101 113 75 73 -132 -90 135 -144 -127 -69 -92 -140 -20 39 27 -50 136 -22 114 142 -70 -142 42 39 128 -122 -5 -31 66 149 -37 -23 5 64 66 82 -106 -41 149 58 -10 -75 -45 32 78 49 26 -79 55 -47 24 19 101 131 71 114 8 58 -93 -43 -22 19 -63 83 -62 95 143 53 23 -132 73 11 126 45 -20 -16 145 -88 69 37 -126 4 59 115 93 -131 -142 1 105 106 80 -37 28 42 28 108 -9 -60 82 -18 135 -2 28 74 53 -110 137 -74 23 -71 131 60 -149 146 -33 -126 -51 -69 3 -88 12 -124 -92 -141 39 66 139 -138 -91 -149 -33 63 -76 -99 21 8 -63 89 39 138 26 -140 96 68 70 117 -10 -14 -134 -96 -117 -120 -138 15 135 28 -73 74 -34 58 -47 -99 -122 -73 -74 -48 71 -22 48 32 62 44 -10 28 -125 -114 127 -43 -80 -37 -135 143 -50 112 -42 104 -52 -72 135
-145 92 66 -97 -92 -93 121 -27 -3 113 47 76 43 -60 -75 24 -90 149 50 -95 91 -104 42 27 -73 122 -128 -39 136 -22 114 142 -19 132 80 -42 48 -28 -135 93 52 -37 -34 -69 -8 47 -58 144 -135 -74 125 88 5 132 -23 12 -14 -134 10 -117 -138 -39 -89 63 -8 -21 99 10 -135 142 -126 -80 -37 -31 66 82 -106 -41 149 74 -4 63 -106 -105 -48 22 -71 45 33 28 32 78 49 26 -79 -82 -51 -69 -149 9 50 -143 92 110 -19 22 75 59 115 -112 -66 -64 -114 -71 -131 -101 -70 -142 42 -39 20 12 96 68 70 126 33 -127 -69 55 53 -140 -124 145 43 93 -127 10 108 -5 23 114 -126 -11 143 53 -58 -28 -62 -15 -140 88 -28 34 45 -20 -16 -92 -83 63 99 73 -73 -74 -58 -96 -117 -120 -138 1 66 2 -135 18 137 -74 23 -71 149 -60 -131 138 -139 144 -101 39 32 62 44 -28 37 -131 -26 73 122 146 37 -141 -72 135
-82 -41 98 145 73 87 12 77 28 141 -1 23 28 63 -16 39 124 -61 -96 11 -5 131 9 124 127 -82 69 73 -132 -79 -136 146 -113 -25 -47 42 41 36 73 25 -76 93 84 80 -61 83 -108 -48 -109 -144 -90 83 -26 135 1 92 -108 92 -58 -130 26 -105 25 136 -30 6 -76 88 85 121 84 -64 -19 4 -117 80 -32 -134 -110 18 51 52 -129 136 -47 -125 -31 38 -124 58 -50 -101 -4 129 98 102 -112 36 -89 81 131 -86 127 -83 -128 -65 21 -90 87 -50 51 -45 44 -64 -39 143 70 62 70 -71 -28 115 126 145 -110 -116 30 58 -80 125 38 56 -83 -101 95 -58 3 -40 -93 34 73 -92 18 15 -114 -150 -96 132 84 -142 101 82 68 -13 -147 -72 -70 72 13 -103 -124 118 -83 -2 90 87 94 111 -140 24 -70 -37 118 30 46 -44 -120 -2 -38 67 -69 -116 89 17 -32 -133 31 -53 107 78 17 -124 -132 92 136 19 -116 -10 -138 -139
-82 -41 134 32 -80 117 -39 143 70 -89 101 82 80 10 19 2 76 -6 13 -103 -124 73 108 -105 25 30 58 127 65 -83 61 58 -45 90 96 150 114 -16 39 124 -61 -96 -71 147 62 83 4 101 50 -58 12 68 -87 -40 38 73 -92 -69 -116 69 73 -132 -93 76 -132 -17 31 125 19 64 -133 31 -107 -126 -115 28 -136 129 -52 3 -24 -80 125 -79 -17 -78 116 -18 -44 70 11 -5 38 -53 73 25 145 -110 -87 -84 -121 -85 -88 93 124 144 109 48 142 72 30 -9 13 -51 38 -90 34 -92 -32 -131 84 4 64 -47 110 113 23 28 63 -15 -18 -67 -118 37 70 56 -111 -94 58 120 44 -46 -30 -136 82 21 -90 87 -116 136 124 140 -130 28 141 -1 127 -83 36 124 118 129 98 102 -112 36 -89 81 98 145 -136 146 2 83 51 -83 -101 -92 108 -92 -1 -135 26 50 -25 -47 42 41 -128 -95 -77 -72 -70 86 -131 132 84 26 -138 -139
-140 -74 46 68 46 81 -63 110 -110 101 149 -26 2 39 104 -66 75 31 122 97 -127 79 130 46 -71 130 57 -25 -32 13 -26 -1 -36 110 -45 -58 -56 96 15 -144 -100 -4 5 -26 -63 93 144 -63 -87 -72 104 128 23 -121 87 -42 99 78 -69 -23 -32 119 -144 -56 -79 76 72 -34 90 117 -26 -16 54 46 -118 68 -112 -32 64 -18 28 31 33 -97 -126 84 95 -18 73 -148 -44 -34 -54 43 -8 -102 96 -144 -101 53 -15 -4 129 15 -8 -73 -126 31 93 -136 52 39 -3 -91 6 27 -66 78 38 -86 1 73 3 -95 -37 94 46 -126 60 34 -105 56 42 -124 -91 -116 -137 90 -33 56 22 -91 -128 -27 31 1 9 109 86 -63 73 132 102 -12 -109 30 -142 -11 64 -88 140 115 74 93 27 20 148 -137 -26 148 -30 76 -136 -26 98 -51 20 141 -136 -71 103 -15 -16 11 -127 134 -34 -3 -123 23 -38 -91 -24 48 -42 80 129 88 -43 91
-99 15 24 -144 -44 109 -42 79 56 8 -144 5 112 97 79 -34 90 117 -26 -16 148 -26 -1 -36 110 -45 141 74 93 97 -127 -58 -43 144 103 12 -102 -132 -73 -129 -26 -51 -68 118 -148 -87 121 -73 18 -105 56 -27 -6 91 104 102 95 -34 -54 -93 63 -126 76 72 130 46 -128 -91 -116 -137 72 87 -101 110 88 -64 52 39 69 -78 71 16 42 -101 53 -15 -4 -96 56 -32 64 94 46 -126 30 -13 32 25 -57 126 73 -84 54 46 -23 -71 130 31 -33 109 -91 -123 23 -38 -119 32 23 -31 -122 -11 -3 -39 -2 26 140 -18 28 31 60 34 -95 -115 37 -3 -128 -27 27 136 20 124 -42 -66 -68 -46 74 140 34 -134 98 20 148 4 100 -1 104 26 -8 -63 149 86 -63 -66 75 31 80 137 91 136 -76 -48 26 -15 -129 15 -144 9 56 22 -110 63 -81 -46 73 3 33 -93 -30 -38 88 -1 86 90 -142 -11 136 127 78 -96 -43 91
-36 60 15 -34 -55 17 -96 -12 73 120 -47 -20 -65 9 -143 41 150 -29 66 74 88 -130 137 4 -20 -61 -114 -93 -134 34 -111 128 120 130 144 -53 37 89 -43 -53 -114 122 -119 -76 102 -77 66 2 -99 -74 9 -71 36 -76 43 -92 121 -27 4 89 -97 142 66 113 -74 -90 2 -134 -90 90 -128 94 54 142 -31 106 -139 -23 46 143 58 -82 -83 -134 37 100 81 12 -8 -113 -67 89 84 -112 -139 100 48 115 143 -130 88 91 -61 -58 -113 26 34 7 -110 -91 99 -6 -147 -114 94 148 19 42 -41 -61 -142 -127 52 -81 111 114 36 38 -102 114 95 -46 53 -22 108 -148 2 -10 -143 49 -93 127 -103 92 -80 64 73 114 -95 -37 146 2 -29 -16 89 -55 -148 91 -149 -47 -77 -140 -105 62 34 74 -83 43 124 26 -80 31 57 9 -123 91 -17 121 106 -64 -91 40 -83 116 27 -118 -59 -13 -53 -146 1 -141 139 114 -32 -123 -90 -138 -2 -15
96 106 -139 -23 46 61 20 -4 -137 130 144 -9 9 143 -9 -17 -110 -91 -113 -66 -142 -148 -94 91 62 81 52 -146 89 84 -112 -139 -73 -36 100 -148 91 -74 -90 106 -146 118 -27 148 -108 102 64 -103 92 34 -134 127 -90 90 12 -8 -113 -67 37 95 -114 -114 -111 81 89 99 -71 -73 46 -95 -114 82 -105 -83 58 61 -91 -88 58 -37 -10 -43 34 -111 128 -90 -130 -143 -114 -93 -134 83 -47 -97 -53 -64 -91 116 2 42 60 15 -2 -143 -115 -149 -36 120 -74 -48 55 -34 -134 102 -77 66 99 -2 -74 -76 -80 -6 -147 -114 16 -92 -55 17 41 -140 100 -123 89 -113 26 34 -65 22 -53 -124 -143 -1 40 150 49 -93 83 114 -141 -19 13 119 -122 43 -77 76 26 43 -89 -37 57 59 -114 -139 121 -27 4 2 -29 47 -20 54 142 -31 138 -121 12 -36 -41 -61 -142 -128 94 7 130 -88 -74 -66 29 53 -53 -31 80 -120 123 32 127 38 -2 -15
37 49 135 -127 -149 23 -30 -59 -136 -29 -41 125 -6 -109 -58 -136 150 88 -136 -42 82 -113 73 139 -126 -91 84 -106 -12 -84 -60 -3 45 -128 134 72 91 -140 6 -87 73 -51 -1 138 130 143 -144 -36 -105 11 65 -112 128 -142 -18 -7 50 90 -94 -123 18 -68 126 3 119 55 88 -33 59 145 -49 54 130 -69 75 -90 64 53 63 -93 -125 -9 -118 -145 -48 -62 90 -99 13 -21 -73 107 -59 -98 -1 52 -60 -87 -24 118 -115 142 44 -64 22 -65 -13 -3 125 120 33 -36 84 -84 120 10 -2 -140 23 -7 87 90 -70 61 92 2 105 -128 -83 -124 -10 -45 -95 52 92 71 32 23 -77 -117 71 -28 -47 114 -14 -113 -63 19 37 -130 66 -36 74 -12 77 -5 -53 -109 -112 -70 -102 -104 -53 -18 130 112 75 -117 -28 -149 141 147 28 -87 53 -24 79 -16 147 59 10 103 9 -68 110 23 55 -144 -147 93 48 -143 146 144 36 -87 -13 -10 86 -84
37 -134 128 -45 3 49 135 125 142 -128 112 -6 77 -23 -32 -142 -90 79 55 88 118 -115 59 -12 -84 -52 95 45 10 124 83 128 41 29 117 -94 63 -53 -93 -18 -147 -36 74 -12 77 -5 -53 -109 -112 84 -106 -107 -21 -52 23 -7 -99 136 59 30 -16 13 18 88 -136 -92 -61 -84 120 87 -91 -70 -24 -114 -136 73 66 93 48 -143 87 -60 -144 -9 -90 92 36 73 -51 60 144 -143 -130 -98 -1 103 9 -120 -55 49 -145 -59 33 24 87 -1 138 130 -75 69 -54 126 -53 87 28 -63 -28 -110 68 -64 -10 147 -125 139 -33 130 112 -147 -141 149 -28 75 -90 -50 146 144 149 3 64 72 91 -6 -109 -58 47 123 -42 82 -113 150 71 70 -90 -87 -118 -145 62 48 -14 -113 -65 -11 105 -44 23 18 53 104 102 68 84 2 -10 -59 -140 -117 71 127 -73 23 140 -3 125 36 13 10 -2 13 65 -22 119 19 37 -130 -105 -7 -126 -36 86 -84
69 28 -57 25 111 125 31 39 123 -31 -6 -149 -80 -88 44 80 -50 -57 -12 -37 -66 -109 133 -70 130 -138 -40 131 -66 98 -90 -93 -100 -4 -71 -25 42 -76 -3 68 50 68 62 23 -79 -76 54 -94 -12 -146 112 -29 -75 -71 -37 15 27 -123 103 -34 97 112 -88 -80 -43 34 33 138 -100 81 93 104 18 15 1 105 14 -52 76 -47 144 -91 87 82 -11 -48 -81 -55 124 67 -29 -107 -64 -43 -13 76 -44 -118 68 -52 -19 -56 -140 144 -33 -32 11 -38 33 111 75 110 -132 -12 -1 119 115 149 -108 -45 103 -39 -70 -31 49 150 17 -14 -11 40 53 12 17 110 -91 64 -112 -79 -147 -45 91 -82 -36 125 62 -106 54 -94 66 16 -25 -117 -61 119 -42 33 9 -67 -99 140 129 3 -42 -13 115 -124 54 6 -3 105 -66 57 86 -59 -138 -74 28 31 59 123 32 42 -132 -56 137 28 -86 62 55 -92 -144 116 8 -79 -140 -112 -105 81 46 -18
-82 62 -106 54 140 79 124 98 -90 -93 -100 -125 125 71 4 -42 1 -91 -144 88 -45 103 70 -43 -66 -92 -144 -40 -117 -87 81 48 -31 49 150 17 56 19 23 -79 -76 56 57 86 32 -76 -11 -112 -79 -147 91 52 3 -42 74 138 129 110 -62 -68 3 -42 -61 68 -31 -50 14 -52 -119 -112 -93 -94 -132 -12 -81 100 -138 -33 -57 -12 -37 -66 -109 -34 -140 -71 -37 86 -28 -80 -88 44 80 -50 149 -108 -112 -97 66 11 -62 15 27 -123 103 -34 94 132 70 -133 -119 31 29 -112 -18 -13 -81 105 99 25 -16 -28 -69 -55 137 -38 -54 149 6 15 -40 11 14 140 -91 64 45 -55 -8 -116 138 -130 13 -76 -115 -25 -105 -1 53 -146 -59 31 -123 -39 -28 76 -44 -118 68 -105 115 42 -124 54 6 -3 33 9 -67 131 -66 67 -29 111 123 43 80 59 36 -75 -111 -33 -82 -104 -39 64 107 -25 57 32 33 -75 -110 -17 -144 47 -12 12 46 -18
-108 47 55 -20 -62 83 74 -49 -75 -8 -47 -15 -111 83 -77 54 47 129 -84 99 -88 -38 -10 15 -142 -110 -35 33 9 -16 -76 144 59 -47 93 -66 -122 -77 -33 -127 -115 -91 -102 -130 125 -126 -72 54 49 -133 -22 -114 134 -9 -105 -16 -28 -8 -55 134 70 -105 126 64 -17 51 -6 95 66 -20 -125 114 -147 86 -40 50 -7 65 -57 123 -69 150 -47 -129 90 29 45 122 -115 -2 -1 104 111 -44 17 56 27 -48 13 -6 -93 118 52 -72 -36 104 134 -122 -43 -146 -48 -68 -104 10 141 -64 -58 139 -43 136 -70 -64 53 3 -94 -109 -17 -67 -20 -136 65 -113 -136 -96 72 -130 36 -123 113 -50 -11 15 23 76 -24 -111 91 -66 40 52 -36 -56 130 -12 70 -142 -96 106 -17 -50 11 -35 -126 -149 106 35 -109 110 87 -14 79 -44 -100 -72 -150 4 -50 -48 45 -70 65 -102 109 64 -25 -54 111 142 100 -69 -96 -6 75 -46 30 -6 51 -126 -145 -95
-108 47 55 -55 15 47 -114 134 -50 48 -27 45 49 -133 -22 8 75 49 -74 -83 59 136 113 106 35 -122 -43 58 64 -141 -87 -110 109 -67 -13 -129 -47 -54 35 110 93 147 -88 -38 -10 -104 10 134 109 -96 56 46 -75 4 -50 17 -20 -136 65 149 -52 -40 66 130 -115 3 -94 -17 111 -44 114 54 -23 -30 -144 76 15 -52 51 36 -104 36 109 64 -25 -146 -126 77 -6 -65 70 17 -64 -126 105 -70 -150 69 -1 -95 6 -51 79 -44 -100 -72 -150 16 -9 -36 130 -72 -11 -126 -72 -86 -66 -122 -77 -33 -127 102 -142 47 -91 -15 -99 -7 -118 -111 83 130 -48 91 40 123 106 -24 17 -45 -93 -84 -50 -12 70 96 142 115 -122 -35 62 20 8 -76 14 68 48 100 -69 -96 -6 113 -50 -33 11 -2 -123 57 -65 56 111 125 20 136 -70 104 -9 -105 -16 -28 -125 -64 53 -72 -66 -142 -111 54 139 -43 102 -29 -90 129 47 -134 126 -6 -145 -95
-23 -123 60 -99 13 32 -140 53 121 -30 13 46 -6 -45 -74 98 -55 13 -121 -43 65 129 -32 17 -102 7 96 8 -120 -134 135 44 -100 129 26 116 26 52 -2 84 119 -44 77 137 -134 15 -121 45 -30 39 7 108 55 58 41 -10 -4 -103 103 84 120 14 -48 109 58 1 53 -145 -93 -69 -13 -29 -21 1 -105 12 76 41 69 -44 -1 -90 -52 38 63 56 -53 114 102 35 -126 46 -75 -149 83 2 -148 -34 -104 59 -62 -150 -150 47 91 95 4 136 29 -96 -147 -118 75 45 44 112 91 -99 36 19 132 -31 47 144 82 96 56 84 -41 -70 -52 -17 -65 55 -98 -47 99 112 129 -75 -99 31 10 -141 -134 124 -64 16 99 22 -87 12 79 48 128 80 -45 -94 -142 -141 97 108 146 136 80 44 85 -86 -149 -145 29 80 102 -135 64 55 -40 -93 48 -64 -70 102 147 26 -92 140 -30 148 96 -123 72 103 19 -19 149 107 -100 -40 -74 10
-23 14 -48 72 -63 -38 59 -62 30 -121 -53 140 -4 119 22 69 -26 -147 -102 -55 -64 135 -102 -80 80 -75 132 -91 19 112 96 -29 -93 -64 -99 -16 55 121 -13 -55 -108 -7 -44 -46 -35 -102 103 141 30 -148 -34 -44 -137 -8 -96 -7 102 -129 -147 -118 75 45 44 -126 112 -46 96 99 149 -96 -108 -97 4 60 -84 -74 98 -140 129 77 -30 65 17 12 76 149 86 -85 -39 -120 -84 -103 -114 -92 2 -45 121 -87 12 79 48 128 45 6 -2 84 52 56 -53 104 148 -13 -99 -142 91 95 70 150 56 43 -29 145 41 69 -44 136 93 145 -53 -1 -29 -21 32 13 44 -83 75 -17 1 -105 32 134 -58 -109 123 31 10 -36 99 -31 47 82 -13 94 -19 -52 -26 80 40 136 -40 -98 -47 -120 -134 90 1 100 -107 -52 -129 100 -65 -116 -26 -141 -19 -103 135 -15 149 -99 -48 -124 134 70 41 -146 -150 47 -123 10 -41 -58 55 -64 -144 45 -74 10
145 -90 -103 -104 -135 -14 -91 -148 -145 -91 -19 29 -53 57 11 -50 27 19 -15 -16 10 111 -3 -119 71 -44 -91 122 62 38 132 70 -1 132 -107 29 66 37 -45 130 78 -90 -36 -46 150 28 111 -85 -25 15 -81 -101 97 40 116 82 74 -120 -112 -75 30 14 -74 -17 148 -83 -126 44 70 36 30 148 -28 66 -131 -31 -35 65 117 148 132 -88 -112 -135 63 -102 -133 143 -46 -39 127 66 -148 -104 -101 -102 -114 70 3 146 83 91 -29 -63 -10 -107 75 -52 -127 -135 123 6 84 29 99 130 1 125 -130 -100 39 -100 129 113 -77 22 99 -78 66 10 -115 106 -55 -99 89 47 110 -114 -23 133 -102 -73 -81 -35 146 -117 40 -49 -58 -49 -9 -136 -1 132 83 40 1 20 -22 -142 -147 26 -1 -80 -127 150 -136 -15 23 25 -54 -56 20 149 70 135 40 -145 100 -111 -115 141 -68 39 58 -54 98 38 133 -69 47 -60 82 13 -117 -126 -126 -88 19 -90
-31 -35 127 52 133 -135 148 -28 116 136 9 -3 -97 -75 -10 -147 26 -1 -117 68 -141 115 111 -100 63 -70 -15 14 -74 -22 -39 100 -77 -100 129 113 130 -125 -45 -30 78 -1 -22 148 91 84 29 -146 -19 29 40 1 -106 46 -81 -101 117 -114 -37 -66 -29 63 29 -91 -80 -127 73 102 -133 23 112 -15 -16 10 107 149 70 -66 -40 88 102 115 -10 -66 -98 -150 83 35 88 126 65 117 148 -58 -123 135 90 -145 131 -130 104 103 -85 -132 126 91 111 -89 -135 -148 -104 -101 -111 75 112 120 -74 -82 -1 -150 36 15 136 119 3 -20 36 90 -28 54 132 -1 -82 60 -47 69 130 -38 20 142 143 -114 70 -19 -27 -55 -99 40 -145 135 -145 -102 6 14 -53 57 11 -50 81 -110 -47 71 -44 23 25 -54 -56 -62 -122 91 -46 -39 127 66 30 25 107 -132 13 -132 -70 -44 126 83 -148 17 99 -78 38 133 -83 -146 49 58 49 -40 39 -99 19 -90
80 72 74 -103 60 25 -21 97 -16 -29 -82 25 3 93 -11 -134 -52 -64 -46 122 -111 -136 -129 -81 60 -132 -90 43 79 -32 69 -75 -120 -135 145 9 29 68 21 22 -48 -102 68 100 97 -75 6 116 64 -111 -64 -14 -130 117 97 102 20 -132 62 136 118 -146 -141 72 66 -32 113 99 109 -2 -5 -67 58 13 17 -148 -93 73 106 -131 -102 -28 -54 115 -56 -56 94 -40 -36 -150 -138 -129 -85 -19 -108 -83 117 -40 9 118 -134 86 5 98 88 -14 149 -121 -18 59 -124 36 64 139 147 -36 -137 107 59 -67 4 13 75 56 -59 62 102 -109 -41 90 -149 55 -139 -10 45 -96 -124 -10 -51 23 109 57 -61 69 84 129 139 -129 -13 -89 -20 8 49 -134 -59 102 54 70 -95 55 46 123 -74 91 28 85 56 26 -42 49 -96 95 -116 22 -63 -57 -1 -16 4 95 113 -80 62 121 89 10 50 119 -49 109 49 121 144 147 57 -35 73 37 -66 46
-86 134 -118 19 -54 -149 55 -108 -83 117 -139 -59 102 54 57 -35 -17 -25 109 57 -61 51 -49 -132 -90 43 -59 62 102 129 124 81 -60 -69 23 98 107 -36 -137 88 26 49 121 89 11 -93 -42 -70 75 138 119 106 67 -29 95 49 102 141 -14 -5 -85 -14 149 -121 -102 -13 89 129 136 129 96 -97 -79 -40 -103 60 -64 -56 16 -46 -55 -82 64 139 147 59 -67 4 13 -147 -90 41 120 75 -69 32 6 116 64 -111 25 -117 130 58 -21 97 4 95 113 -80 62 121 -134 74 -36 -150 28 132 -20 -18 -131 135 22 -48 -102 59 -124 36 -145 -56 -20 8 -21 -68 -29 -9 68 -74 91 136 -9 116 -95 -40 22 -45 10 139 32 -66 -72 99 -49 109 37 109 -2 -5 -148 -93 73 -129 -85 -115 -144 -73 72 -52 -64 -46 122 -111 -80 -16 -28 -62 146 -118 113 -50 -10 -3 -13 75 -97 -100 -123 1 94 -56 96 -63 -57 56 109 -84 134 10 -66 46
97 -96 14 52 16 -124 23 -69 93 56 -111 -114 123 119 -71 31 -127 58 -83 141 143 51 65 -34 -117 149 -82 35 28 -18 -1 -30 82 77 118 -87 -54 124 -36 56 -6 39 116 -92 -61 -144 -53 -135 -16 83 95 131 -51 112 43 134 -89 -45 14 49 44 53 -13 91 31 4 -48 -122 115 -129 -3 107 -69 -55 113 109 71 74 -21 -33 26 -125 -132 128 -107 -22 82 125 126 96 -111 72 -66 117 -23 126 -80 57 47 131 -127 47 116 146 86 53 145 60 30 59 -70 147 -17 30 12 -139 -113 -93 106 11 -127 -90 -117 139 12 -125 -5 -89 -118 18 96 -97 29 -145 -49 113 -13 107 -41 -85 -88 -55 -66 38 -44 -82 -132 50 -100 -111 123 -139 82 29 -132 -118 92 -126 109 -99 130 -120 22 148 66 149 -131 59 -35 94 -71 -78 -40 84 13 -127 68 -14 -137 -130 -67 -123 67 100 54 133 35 150 -117 139 -127 119 112 28 -94 -87 22 48 122 148
99 -109 -60 -145 -17 53 -29 -82 139 -59 -30 133 -87 -58 127 -31 47 -67 123 67 -113 -77 -82 30 1 -66 127 -94 139 52 16 -124 131 48 100 44 53 38 -44 127 88 85 41 -107 13 -40 84 118 89 5 -22 -125 -82 22 -21 65 -78 -49 -71 -39 6 -56 36 93 -150 -35 -112 74 107 115 117 34 71 -139 -113 18 -92 -82 -29 97 106 -97 130 -120 57 -71 -109 132 54 -148 -22 149 83 -11 -96 14 114 -66 87 -118 49 118 132 95 131 -116 53 -145 -134 -43 -112 -92 -89 -45 -13 91 31 4 -48 -122 123 -111 127 18 96 126 -28 23 -93 69 -26 35 -59 131 -149 111 -56 -119 3 129 96 -55 -66 47 116 -139 -126 -69 -55 113 128 14 -119 -132 50 83 51 144 61 107 23 -117 -137 -130 54 -28 -82 -127 68 90 14 -117 141 143 51 -33 -70 147 -125 30 12 -94 100 16 135 -123 12 -124 -80 -126 -125 -35 -13 -86 -146 -111 72 -117 122 148
137 -108 73 -55 -91 -73 107 67 -147 19 -130 55 80 106 100 -81 66 -5 -49 -72 -118 -64 60 -16 44 -93 -11 36 16 -75 137 57 84 23 137 106 -121 98 -95 -94 138 97 -46 143 -125 -120 103 98 76 -125 63 117 -9 -43 12 -89 -147 53 -91 -92 -141 -12 149 74 -25 49 -64 -65 94 -66 -49 -54 123 11 -93 19 48 -98 -134 99 -124 24 -10 -104 -80 148 -47 145 57 -84 -105 -58 -105 147 126 -120 122 21 -142 125 150 73 -119 31 97 128 43 50 -45 -104 -127 119 10 36 -6 142 -19 62 140 -98 115 -7 -131 66 -144 142 80 74 -113 -62 -128 -54 98 -100 146 -89 105 -125 20 -33 -24 -86 -93 -117 34 -74 -79 -118 -131 -102 -146 4 -71 6 -131 -62 -69 -144 123 -69 -149 47 41 -102 -7 80 72 -51 -35 -44 55 -69 -12 -18 -43 -115 71 -77 94 149 111 -22 -74 103 -52 65 77 88 39 -75 119 142 105 9 -31 -127 82 105 -127 -14
137 93 -147 145 123 72 -80 -16 -21 49 -117 55 -60 -149 -94 -150 99 -69 -144 123 111 -22 -94 65 64 -18 57 -122 -48 -138 94 23 -62 -128 -54 98 127 104 45 24 140 7 93 -67 -107 73 91 55 -73 108 -100 146 -89 105 -125 47 -148 43 142 137 130 -19 147 33 -9 -105 120 125 -50 -43 106 -84 -55 44 -12 -51 -35 -25 106 80 104 -91 -92 -141 -9 -43 117 -115 98 -131 66 34 -74 -79 74 11 -134 -128 11 -47 149 69 127 71 -77 -119 -63 131 -6 71 -4 146 102 131 75 -39 -62 19 115 105 -10 64 118 -93 -77 20 -31 113 -74 88 86 149 -118 119 -142 125 98 76 -125 -62 52 -103 74 142 97 49 5 -98 -103 -31 36 -6 -137 75 -16 -36 97 -46 143 126 -24 -58 -65 -124 105 84 -57 54 49 66 44 12 -19 81 121 95 105 72 66 -80 7 102 -41 -82 73 -119 100 98 -80 -142 144 12 -89 -147 53 10 120 69 -127 -14
-57 -99 75 63 136 140 -79 -80 -55 -42 79 -70 -17 30 18 75 117 57 83 -87 -41 -125 32 -32 70 -1 -90 63 74 -147 -103 -109 66 -99 3 -63 134 78 23 10 -25 126 -85 129 90 -144 120 9 147 105 32 96 118 2 124 -119 -111 8 -26 -37 -139 93 106 136 68 -51 -111 -3 103 -44 -6 150 -1 50 133 19 99 -141 143 32 -56 55 -144 122 -77 -141 145 62 -98 -8 13 92 83 -66 -11 110 140 -43 -131 124 -10 5 -138 -92 10 124 -62 -130 71 16 2 149 -21 88 -89 -31 99 111 -92 112 -85 24 -87 43 140 -25 -131 70 -31 -6 -126 -100 74 -105 -10 -145 51 17 125 18 50 66 -92 74 -7 87 143 51 -45 -110 14 139 -127 79 96 39 -118 46 71 135 -56 128 41 -149 139 -150 -71 -48 142 137 39 67 -78 10 122 98 93 -125 17 -32 -131 114 -15 41 55 49 22 -108 80 -65 -90 72 -89 56 -79 140 -71 92 -138 76
-57 -99 -74 100 126 6 144 -90 -129 31 -98 -141 66 -83 -10 -145 51 -70 32 -109 66 133 -74 37 -96 -32 -105 -145 134 78 99 105 75 17 -139 93 106 -6 24 147 62 32 -71 -75 39 -118 46 -79 42 55 13 92 126 17 143 32 63 55 49 -140 -63 135 -72 90 -30 17 70 -31 -127 112 110 140 10 -25 149 79 -56 89 2 -79 125 41 124 -10 5 -138 85 119 -124 -50 -111 -3 -131 -136 139 99 -7 43 -108 10 122 96 43 140 -25 79 -140 -149 -92 87 -9 -120 45 111 -142 48 71 150 -139 -32 50 89 -88 21 -144 -92 -14 26 -1 -90 63 74 -147 -103 98 103 -44 -56 128 19 23 -8 111 11 22 -41 -87 92 -66 -2 -118 51 -68 87 57 83 -10 -18 65 -70 -78 80 93 -125 -137 -15 41 136 92 -143 -51 -55 56 117 124 -62 80 -131 -67 -39 -71 125 18 110 85 141 77 -122 -114 131 1 -150 -16 -71 130 8 99 3 -138 76
93 3 -98 139 121 -61 -17 116 -50 24 100 -32 57 34 -48 129 -16 -3 89 -8 20 -66 101 143 -18 123 133 -8 -95 107 143 -111 63 -90 -107 26 103 39 -145 34 -72 -115 143 -52 120 128 -128 79 28 134 18 -60 -104 103 68 -7 44 -128 -37 -133 56 -26 54 -115 -150 79 137 61 -100 -56 -19 135 -12 -104 -86 53 98 -22 110 135 134 -35 -65 -89 -22 -69 40 38 -28 -122 109 -52 -52 -37 117 81 -35 -107 -23 32 126 -133 143 33 64 -84 75 6 -77 -64 -96 -109 149 -139 17 68 132 99 -97 -22 -100 89 -142 135 50 88 -14 -79 133 -131 -26 -43 -55 124 76 -85 -30 125 -133 52 62 8 -110 69 -91 -109 -8 -9 -111 126 -14 -148 147 96 124 -60 -74 -31 83 -119 74 -34 -118 -74 138 -29 -82 4 18 -49 -124 -121 -7 81 -43 -122 -10 -12 -72 27 23 77 -125 77 -50 71 -121 87 -93 -45 30 4 88 36 54 136 56 -6 -112 22
56 -129 -26 107 90 -63 75 134 87 -93 -45 8 -48 -77 -72 -34 -89 -22 -128 79 28 134 18 -74 119 -135 -110 121 -61 -17 60 95 -100 -24 50 72 82 29 139 -149 37 -28 110 107 -137 -79 150 115 50 -77 -3 89 -8 -6 4 -52 142 -22 -139 98 -4 -30 -124 -19 -128 -37 -133 93 3 143 -34 -64 -96 -109 18 -74 69 -128 62 10 122 43 -81 7 121 124 -125 30 85 -76 -104 103 68 -7 -103 79 14 -88 -50 101 145 -39 44 109 -52 18 -49 -133 52 -83 31 40 -107 138 17 68 65 35 23 77 -125 16 -100 118 -34 -131 -26 -53 133 -115 122 60 26 55 43 -143 -133 -111 121 9 52 -126 -132 -57 32 98 -89 -74 -36 99 -97 54 71 -6 -135 -38 -27 117 91 -88 135 -12 -109 -8 120 69 143 -111 81 -35 61 -100 -56 33 64 -84 54 136 22 133 -126 -32 23 -8 -12 -104 14 143 66 -20 116 -124 -96 -147 148 -86 -123 56 -112 22
-24 -85 48 17 147 32 -81 19 -137 5 75 -4 -113 -121 -92 -27 -74 118 126 -122 -120 -138 -133 -80 -139 109 -37 134 59 -122 -69 70 -88 71 -142 46 -91 26 60 -90 97 101 49 99 44 44 -44 145 84 -121 -62 -33 -48 47 148 -59 16 27 -74 -5 -23 -21 -9 19 -82 112 -29 70 67 -54 -43 -50 -124 147 -149 117 63 -82 -23 -126 46 63 -60 -110 -67 73 -89 25 63 69 -69 62 -85 -17 -30 -72 -146 -110 96 -31 -97 65 13 -16 133 -20 -130 80 19 145 -108 100 42 92 30 91 17 -114 -47 24 -112 101 -11 93 -78 96 97 78 49 -19 105 13 -36 -143 -38 75 -146 -143 -50 2 -129 127 -76 27 53 100 98 112 18 -68 97 34 -96 -50 109 -47 -71 -103 95 -109 -24 101 -138 138 -59 70 19 59 -92 129 145 -67 -20 93 -63 20 -132 9 -91 120 -149 -114 4 -32 22 134 -25 -9 78 -30 -30 -50 -6 98 36 -133 32 139 2 -101
-24 -85 48 -118 -11 93 73 -89 25 96 97 78 49 -19 20 127 -76 -23 -21 -9 19 -82 112 88 -70 69 122 -59 -67 149 -120 -101 112 108 -145 -62 109 -37 -46 78 -50 80 30 91 -133 16 -44 145 117 98 112 20 -132 120 122 -60 -110 -138 138 -59 70 99 50 143 2 44 44 20 -97 114 -69 -63 67 -101 24 134 -25 113 13 -36 5 114 -17 -91 -92 -43 124 50 96 -34 67 -138 -133 -100 75 -146 -30 -50 -6 98 18 -68 4 -90 97 -62 -139 27 -147 30 -101 -19 42 74 92 81 126 -9 105 -13 -65 9 -23 -126 36 84 -121 -69 139 -47 -91 109 134 -54 24 100 96 -31 63 27 59 -133 -26 -22 32 75 -4 -145 -129 -46 142 -71 -29 70 60 -5 137 -19 -17 -32 -74 80 -93 27 53 -63 49 19 59 149 -110 -129 -63 -95 -16 92 121 -33 -48 47 148 147 146 72 30 17 85 97 38 143 32 103 71 47 -109 130 78 -82 2 -101
42 21 -99 64 102 94 91 -7 -8 -117 -44 -93 138 25 -37 -53 71 48 112 -119 -112 96 -7 -56 41 73 70 128 -33 131 -57 -42 -9 103 -129 -90 -71 90 -3 84 138 38 92 -18 -72 49 57 52 104 -82 -30 81 11 17 -49 126 114 -84 -56 78 19 74 -149 -66 139 -116 16 118 69 147 -129 118 -6 119 89 -132 73 -135 -75 -100 -5 -115 149 -143 67 109 -77 91 -135 -18 -36 42 -114 -101 71 120 36 64 -17 -131 102 132 82 -97 106 113 -51 17 91 -3 14 -118 70 -23 99 84 -149 -30 143 45 -124 8 -8 107 -127 -66 -129 -137 -8 72 -62 -58 41 20 -13 10 -1 77 29 101 -145 -82 131 -146 -25 40 105 64 -32 -73 -125 64 -65 -74 -39 -21 -139 -147 -87 71 -81 -130 143 39 68 -90 -54 -51 78 131 33 -75 122 15 149 -86 1 -103 -148 4 57 77 -32 84 -98 48 119 65 129 -90 66 131 -116 -53 33 -38 34 -137 -133 46
42 21 -99 129 32 -77 -149 -38 -127 33 -81 -49 72 18 -138 -130 143 -132 -102 -90 -16 116 -139 66 -13 10 -1 77 29 84 -114 -82 -30 81 11 -74 -19 -54 -69 82 143 -149 115 5 52 -131 -131 147 -90 17 -57 -3 -91 77 84 118 -14 119 -131 -71 90 78 100 75 -73 -138 -84 -107 8 -8 33 -38 34 -137 -68 149 89 148 -102 -32 -73 -125 -122 -137 64 71 42 57 -74 -39 -21 -139 -3 -41 56 -72 8 118 -6 -124 53 116 -9 49 75 -51 17 91 -4 84 -98 8 7 -91 -94 -105 -135 65 -1 86 -119 -45 -82 39 -71 53 37 -25 -92 -30 126 -104 48 90 -117 -44 -93 -64 15 -7 -51 78 131 33 109 -132 73 -112 -67 145 -135 70 96 120 112 119 -103 64 101 114 -42 -36 128 25 -113 -106 97 65 57 146 -18 -36 129 -62 -58 41 20 149 70 66 131 -23 99 48 -40 -71 87 17 -129 64 -101 -56 -147 -66 118 -143 103 -129 -133 46
-19 -116 40 36 -40 -135 9 -81 105 -150 82 38 -18 60 25 28 -39 117 107 120 -70 -104 19 111 -91 67 32 134 -12 130 148 -67 112 -34 47 -73 105 -52 -140 97 -119 24 -132 127 -108 -140 -57 112 -90 -98 21 -21 -128 102 -106 -41 29 79 -109 137 -16 -12 -44 50 -75 10 25 -22 -80 48 -73 -86 -131 -75 -4 38 25 22 -142 3 -148 134 -108 94 18 129 55 -42 101 -68 -143 -139 -110 32 -104 2 11 46 88 -42 24 115 -59 69 -141 139 -77 -59 -42 -71 -9 -96 51 -31 -140 -98 -132 53 -54 -23 -31 139 128 99 48 -136 43 -135 18 140 15 -137 -98 121 -96 -113 75 19 48 5 -77 -148 49 -27 21 107 114 83 -43 4 -42 54 -55 -80 -41 71 -66 34 -77 -136 -123 128 -5 94 79 -111 120 102 -134 -47 26 -141 -55 -14 20 -130 62 48 -43 79 -95 39 -63 66 45 7 -126 -6 -67 64 69 -93 70 -13 103 -90 -87 10 121 11
46 -7 98 45 5 77 -34 66 -139 141 -69 21 9 71 42 -135 67 32 -83 135 137 -15 4 -42 54 47 -16 77 -128 106 31 103 -136 68 -101 -73 -54 -23 -43 -50 114 117 69 -93 -48 20 -130 -107 -64 -9 39 -28 -70 75 131 34 -112 111 -91 -22 -80 48 -26 148 -75 113 128 143 -123 128 -5 94 -108 -132 53 105 -24 -148 134 -108 94 18 129 55 -42 -148 -27 21 43 119 140 98 67 -47 86 73 -141 -55 -14 -19 77 121 -96 -139 31 134 -102 -120 111 -79 25 -112 -130 -55 -80 -41 71 140 90 79 -18 79 -95 39 88 -42 -3 142 -115 -51 104 70 -38 4 -29 36 -40 -66 137 -62 59 -38 -57 25 -87 10 -13 107 44 12 -59 140 52 -18 60 -132 -90 -98 -96 19 -97 -102 -41 -40 116 19 -11 -2 104 -6 99 48 -136 -75 -63 -25 -10 49 -120 -21 -82 109 -139 -110 32 126 12 -134 -43 -140 -67 -81 105 -150 -22 127 -24 -48 121 11
95 87 94 -112 66 -127 2 44 57 -74 78 121 43 -78 -51 95 82 -104 -45 50 44 123 115 5 107 -98 23 88 -23 -82 -118 -101 -18 37 3 29 64 -33 88 -119 -71 46 -140 149 -145 -95 4 -81 -91 119 -65 55 77 55 -120 -64 -92 118 67 74 146 -144 22 134 -12 -103 98 54 -21 -149 46 35 10 -16 15 23 69 -113 -40 57 -62 23 37 81 -132 -97 132 98 126 85 109 -68 139 -20 84 -54 69 19 -122 -62 122 -113 -46 -24 21 18 127 -89 -107 122 67 113 -44 -123 19 122 23 -106 -139 -15 -105 -15 -108 -125 -144 -33 -103 57 -109 -131 35 49 -26 19 -111 2 33 -51 12 -41 5 -91 -112 -85 10 100 150 -52 126 -93 -67 68 -99 84 125 2 -29 -50 -51 64 -89 -111 29 132 -127 -105 -20 145 -9 -2 -134 -143 135 16 19 -1 -111 75 -122 -51 -48 29 -13 -106 -125 -24 -32 122 -123 -75 22 -139 -24 -79 27 99 -115 113 -50 20
95 29 -22 144 -29 67 74 146 -13 -113 -46 -24 125 108 84 24 64 -89 132 88 -119 -71 46 -66 112 -145 -95 4 88 -23 -82 3 35 10 51 -33 -2 111 -139 -127 -15 -109 -85 -126 122 23 -85 119 -65 55 -16 -135 121 43 -78 -51 18 127 -89 -20 -68 -140 149 15 -123 -67 -106 2 139 -79 -10 -112 -106 103 33 144 21 95 37 -118 -101 5 -35 91 49 -44 -134 -143 44 40 92 67 -55 145 -9 2 12 -99 -105 2 115 5 107 -98 23 -81 84 125 -122 -74 -91 -27 97 -111 29 48 51 20 105 127 -123 19 -50 45 104 -82 99 -115 -132 24 41 131 109 -57 103 -111 75 -19 -78 100 93 -46 149 21 -94 -87 51 50 139 -22 98 44 23 -123 62 -57 120 113 -64 -81 134 -68 54 132 75 64 -1 122 33 32 -118 18 125 37 69 19 -122 -62 122 -122 -113 77 52 -150 29 113 -69 -23 -15 16 12 -19 26 57 -98 -107 54 -126 -50 20
105 -139 6 -90 -103 129 95 85 -3 37 -143 27 81 128 66 35 -82 10 -113 -20 -38 139 -35 -18 -22 66 -65 118 -32 27 -10 -51 9 -148 30 -17 -50 -111 150 10 90 102 -109 -111 74 -7 -123 64 65 67 -75 -48 -33 97 -49 127 34 -104 89 73 136 84 -137 -59 -128 20 90 -15 38 47 -116 53 98 -43 28 92 66 -83 -130 125 -53 -119 -66 -150 10 -34 -41 -62 38 -35 111 63 15 -26 122 49 79 -8 -115 72 -137 -83 69 -116 123 23 28 -62 54 106 2 -34 -146 91 -41 8 10 -17 127 63 29 -117 89 37 -115 137 136 -107 82 -28 135 -129 -147 59 -122 48 -112 28 -98 -13 26 108 11 11 129 -138 142 -38 -49 -6 56 114 66 -95 100 -11 20 99 -131 -11 37 1 105 140 -64 -125 134 -73 -89 -110 -35 -116 -61 -98 76 -43 -126 1 114 9 68 -2 74 -114 97 117 16 -65 -135 -77 14 -19 74 -90 78 139 -51 -21 32 60
105 -139 -110 -35 -116 89 -35 140 -90 150 73 -134 -98 -13 78 139 136 49 -79 -128 -54 62 -28 -43 28 -138 111 -90 81 76 -43 84 -59 -117 89 -128 20 90 11 -2 108 -82 107 -136 -74 19 27 113 -10 -32 27 -63 -137 115 -118 -38 67 -75 -48 -92 -15 -65 10 -34 102 -109 -111 74 49 -147 106 2 26 -15 -64 123 7 -122 -95 -129 -139 83 137 66 69 -53 74 -21 -62 -90 -10 137 10 150 66 119 -97 -29 9 68 -105 -1 -37 11 131 116 -125 130 83 -66 100 -11 20 99 123 23 -98 -9 51 -38 -73 -89 51 -11 16 -65 -135 38 22 30 -17 -6 -61 -98 -50 -111 -127 49 -97 33 -53 116 -47 65 -148 -91 103 34 -104 8 -77 14 -125 -6 56 114 66 -95 38 20 -35 -126 1 114 -72 115 146 34 85 -3 -127 -37 35 -82 -66 -129 142 -18 129 -135 28 -117 41 -64 -48 122 -59 63 -28 37 -143 -114 17 -10 -8 -26 41 -112 32 60
79 75 113 34 -42 -13 99 142 28 84 -65 116 105 86 -58 4 1 -111 -22 -128 -129 73 13 -60 15 -19 -44 -22 101 -126 -120 75 95 146 -13 -6 28 -24 -114 -29 -47 22 -146 -78 -113 -52 -121 50 -89 107 -68 -56 88 -150 93 -13 -68 124 -136 116 9 -120 -120 1 90 96 -140 -149 85 18 78 -144 23 -21 42 3 -145 55 45 -36 89 -100 -124 67 43 15 -56 -118 126 -13 -100 45 -64 17 64 -135 -129 -8 49 -94 62 17 41 -148 146 -32 5 -93 -147 -116 -55 96 -121 53 -1 40 90 107 -133 49 27 -110 71 -32 -24 102 -120 -29 -99 31 99 -142 -96 -38 2 -114 43 62 82 104 -134 6 -49 91 -71 -34 84 31 -53 -54 -56 -138 66 -131 -113 117 16 -87 126 -66 119 -37 -62 -30 -41 -71 -10 149 -33 -107 110 103 -147 -113 110 -128 21 -52 -98 52 116 -53 4 -48 134 -19 -32 4 88 38 -132 7 -22 -31 -31 -74 90 -141 15 -70
100 -89 140 -96 -1 -22 147 142 -44 -55 96 53 -116 -52 98 52 -21 128 -3 -50 -67 -71 -10 149 -33 107 -133 -102 -144 64 -135 -90 -124 -126 118 56 -87 126 -23 17 -64 107 42 -90 52 -49 88 -150 93 -13 -68 -136 116 9 45 -36 -149 85 18 128 -113 -66 -21 -32 5 -27 -49 113 60 -13 -73 -132 8 129 -13 -100 -2 38 96 -1 -4 58 -86 -105 -116 65 -84 -28 45 41 129 -107 113 78 15 13 -121 -38 -88 -17 141 62 -4 32 19 -111 -22 48 -4 -54 -56 -138 -142 -68 94 89 -56 -116 49 -6 134 -104 -99 13 42 -34 91 34 -24 -78 -146 -95 -90 -40 1 -53 47 29 148 43 120 126 -6 31 -62 99 66 28 -24 -114 146 37 -119 -15 101 75 53 103 -82 -62 -43 114 -134 -22 121 146 -16 -117 79 75 -74 120 120 -55 -131 41 -113 -124 30 -31 99 29 120 110 71 84 31 -32 -145 -19 31 22 -7 147 93 110 -71 110 15 -70
13 -122 138 -133 -142 -66 -147 -131 41 132 -133 29 -12 86 23 -133 -78 -25 13 -90 -113 -58 120 15 -59 -38 -80 -78 -97 52 2 54 -95 -5 -66 109 104 -67 11 101 46 64 -65 -41 91 24 27 -138 -7 137 13 -83 123 -8 21 121 -51 -84 64 103 -150 -12 -143 -69 17 35 -96 85 105 57 47 -104 -150 -79 145 -134 -48 -76 -39 -46 -43 -64 115 -135 91 -121 1 -40 101 -47 -108 96 -9 -120 34 79 118 140 -33 74 104 -70 115 -2 -84 -35 61 -119 -66 -19 -118 61 100 -100 -55 -70 -61 124 -93 49 108 -18 138 66 87 130 -46 -59 -47 -67 -134 -58 110 7 48 68 139 -116 3 -54 -27 -147 -34 -28 -25 68 76 -27 -115 20 139 113 89 -91 16 37 116 110 119 41 125 -141 -65 85 144 17 -32 -89 -71 -93 67 18 -48 105 118 35 39 3 4 147 -90 58 59 136 -123 -26 52 75 -121 43 -139 -78 -96 49 39 141 131 -75 -131 54
13 -122 138 66 87 -123 13 -83 108 -58 110 7 -25 -57 -105 -85 35 67 -23 -131 -141 28 -48 -78 138 -133 -108 -49 59 46 -147 -34 59 -104 133 52 -100 104 -70 84 13 48 68 -38 -7 -115 103 140 -33 74 27 -19 139 -43 121 -75 -120 34 79 118 96 143 95 -49 65 -64 -46 -101 -11 -145 79 150 105 118 -96 61 -121 -61 118 -24 -91 41 -18 -67 93 -120 58 113 -100 97 115 -67 -134 139 61 47 80 138 64 -15 -113 47 9 -96 -69 17 35 35 55 -2 -70 -18 -25 2 -115 -134 -48 -1 -124 -85 65 141 -125 68 76 -27 -21 8 -123 -91 109 104 -12 78 -51 -84 64 20 47 -116 3 -54 32 -131 -66 39 -90 27 139 -101 40 -76 -39 -91 16 37 116 110 119 41 3 4 147 -90 58 59 136 147 66 142 -86 12 -29 133 -132 -41 119 66 5 144 17 130 -39 -52 135 -89 -71 89 -46 75 93 121 78 150 -137 -26 -54 43 -131 54
125 61 -40 145 -67 139 -127 -50 -28 53 46 -56 -60 24 147 -36 23 -52 -53 146 -137 -105 -59 -5 90 -33 -143 -76 59 -26 121 -10 -78 -133 -27 -75 -30 -34 -87 -33 -136 39 21 132 105 117 -138 62 -21 -9 80 4 -91 70 45 -11 -134 38 68 -7 146 5 16 -120 -72 -111 106 98 17 97 81 -127 112 122 127 109 116 105 63 -33 81 32 -53 78 120 -10 64 -1 -113 -58 133 14 -100 -7 99 -20 12 -78 -95 146 -13 -104 -85 118 -74 82 69 19 -101 143 -52 57 136 125 -150 -112 115 127 85 37 61 -124 22 43 -71 62 141 -132 -130 119 119 -44 -146 20 13 -30 -109 76 89 -89 74 125 63 106 47 11 110 19 -95 85 61 -106 140 79 100 -72 -20 -131 -34 1 142 37 -145 -55 -56 -80 -2 75 98 129 -139 128 -15 43 -115 -77 18 10 -81 113 -117 -72 83 -127 -149 36 83 -57 -71 -107 106 -71 45 146 137 -41 56 67 -77 -48
-7 12 -78 34 -62 -20 -112 115 -112 -47 -106 81 -44 67 109 26 -59 76 143 -87 -33 150 -125 -52 -53 1 -72 83 -146 95 -74 89 13 -30 105 117 -138 22 43 -133 147 79 100 -72 -20 -131 -21 14 -100 127 105 137 -146 -63 -105 -116 69 143 19 111 72 119 119 -59 -5 90 -120 -78 95 -136 -57 45 21 132 -109 82 -122 -134 -139 67 -60 113 -33 117 -20 146 -56 124 80 -107 140 61 -142 -1 125 127 133 78 -77 -39 -52 64 81 -98 -106 -101 -19 -110 127 106 83 -68 -38 104 -10 99 58 -30 -127 -85 -24 75 -9 37 -145 -55 -56 -145 57 91 -4 10 -121 98 -61 -125 -63 11 -85 53 -32 17 23 136 61 -106 -13 -33 34 18 10 -81 113 37 -36 97 70 7 -146 -41 118 127 -85 -27 -71 62 141 -132 -15 43 -115 71 -128 139 -129 40 -130 120 -16 -5 -11 74 45 146 71 89 -75 2 80 56 -76 -149 36 -46 -53 28 50 137 -77 -48
-107 -48 135 118 -39 53 -147 -114 -9 109 60 100 88 -85 1 30 -59 -138 -33 -118 -117 -90 -124 77 29 -79 71 -134 -33 140 117 -98 -131 94 -76 95 124 -97 23 -120 -134 -116 45 149 -139 -40 87 -36 -26 66 9 27 44 1 100 51 10 12 73 14 -110 25 -114 50 51 128 -17 -88 -55 -20 -67 132 95 -52 -144 12 96 -123 136 61 -57 20 142 -9 -54 94 -129 -131 -85 50 146 -24 112 89 -71 -24 36 -54 -110 56 -109 -116 78 96 -61 4 5 -37 138 -15 67 -136 147 9 -47 -23 -11 133 -94 117 102 -60 21 149 17 81 42 47 -146 -140 54 85 -41 141 46 -131 -62 106 10 -78 -132 -12 24 -103 111 105 -65 -21 -140 -94 -100 67 147 73 111 -26 94 3 32 70 -139 50 148 -62 66 -144 16 -146 -109 5 -10 -125 60 136 -12 150 82 48 44 -108 -40 121 118 44 48 40 14 -130 -93 -114 81 99 -101 64 88 -81 147 75 69 113
-107 -48 135 118 -39 -14 -40 -114 -109 9 96 -61 4 5 85 -41 141 -54 -50 81 -117 -60 111 -26 -148 -50 125 -75 -147 -73 -12 67 -136 -33 -118 -23 97 -40 121 118 44 -82 -150 12 -136 29 27 47 90 117 -124 14 -110 -101 130 134 81 -134 -98 -131 94 -40 87 -36 -26 71 149 17 36 46 94 146 116 -124 77 111 105 -65 -21 103 -24 12 132 78 -24 112 -15 138 59 54 47 42 146 55 88 17 62 131 66 -110 -100 67 62 45 9 -142 88 -85 1 30 94 -129 -133 11 -61 33 -44 -48 -81 60 9 -64 100 51 48 93 -1 -44 53 -147 -114 -25 94 -128 -51 -109 -116 -21 -73 -147 -88 71 -89 -140 -76 95 -66 79 5 -10 -24 -120 114 106 10 94 -20 -144 12 96 -123 136 140 -102 146 -140 -50 85 131 -108 100 3 32 70 -139 60 95 -52 57 147 9 -10 99 23 -78 56 117 -138 37 -54 139 -149 -132 16 -20 -67 144 -109 69 113
125 -88 -148 -62 16 -72 43 -143 47 -52 -70 71 22 20 140 82 116 111 61 -100 103 -57 -73 -111 136 -67 109 -5 103 69 -11 -11 -2 -3 -37 98 9 -74 -29 149 -128 82 143 -140 -73 38 -109 -21 -103 -75 98 105 123 -135 52 54 10 93 146 6 76 55 106 -142 -56 -98 -58 16 101 71 31 -147 39 -95 20 -135 41 60 18 28 -12 -106 6 29 58 60 15 85 68 95 143 114 -64 94 -57 36 117 125 -64 67 -29 -15 -109 128 22 103 113 -21 -129 23 -111 -45 46 -34 -34 -88 -84 -125 -77 -149 -12 -21 -110 73 73 23 88 -1 -67 99 49 58 -66 149 82 -128 -137 120 -144 133 103 89 -89 138 100 87 138 18 -45 -38 -7 7 -16 3 31 15 29 22 143 68 -111 63 -113 -1 36 -23 -45 -32 84 -33 -53 -2 -84 -75 86 4 50 71 -63 -98 95 -82 -66 14 39 30 126 131 -128 123 144 84 -28 -82 -120 -137 -64 -11 61 69
-109 -31 -16 -103 -22 -128 -57 -73 143 -140 -20 -67 109 64 -144 -123 128 -133 144 -137 100 -61 -111 15 29 22 140 -143 99 -12 -21 103 -29 149 -88 149 -120 45 23 -36 82 37 3 -111 63 -113 15 85 68 -73 33 -84 73 -53 103 67 -29 11 -89 138 -111 -7 -41 84 -54 88 -64 94 -137 84 95 -114 126 131 -111 -63 77 38 -109 -21 -23 4 50 71 -30 89 -113 3 -7 16 -72 -106 6 29 148 -52 -62 60 -82 128 -5 103 -34 98 105 55 39 143 -46 58 98 56 142 -52 -70 71 22 -39 -116 -82 68 32 -136 38 45 -23 129 21 -93 -10 -28 -146 66 -58 -49 149 -98 95 98 9 -74 -106 87 138 18 -110 6 76 18 28 -12 43 75 -117 -125 15 -95 -45 66 1 -60 -58 14 -86 75 135 -20 -34 69 -11 -2 -71 -101 -16 135 -123 2 125 -64 -31 -82 -120 -1 -100 143 -88 -84 -125 73 47 -147 -67 -82 128 -103 -36 57 -11 61 69
78 94 123 78 -19 -120 -141 -77 -91 30 120 126 12 80 92 -144 -25 -103 -112 -54 58 -71 -116 38 39 -104 -63 -139 -83 -2 -55 -18 -39 -116 -45 -127 -80 -53 149 107 130 143 1 -84 93 23 42 -56 98 -129 117 97 3 -30 10 30 -52 -131 -55 96 57 -5 10 -54 43 48 -148 -19 -8 13 -58 -118 129 56 -147 -70 90 -97 13 -89 -1 -63 -89 -41 87 -27 -96 42 -93 82 118 40 -70 116 115 124 -21 -42 -63 -84 -97 37 83 -116 28 -124 136 116 -44 76 -90 59 150 -6 115 77 -145 31 -112 79 7 -78 44 -116 26 39 101 109 -19 -82 -82 62 85 108 -46 90 -10 -9 140 115 82 60 139 124 105 26 5 94 -148 -146 -76 144 -122 117 103 71 75 -83 -26 103 -32 -85 73 122 127 83 46 -43 8 -89 -78 -20 132 -8 126 -49 -128 35 -81 132 34 143 34 -135 -92 -8 109 -39 132 -118 103 -133 96 138 6 83 100 143 -15 6
124 -90 -83 -71 -103 -117 -104 -13 8 -97 112 117 79 93 148 -48 -97 13 109 -55 -41 133 -116 116 -70 -120 -30 91 -90 46 -63 89 -8 43 87 -58 54 112 -44 78 126 92 -116 97 84 90 -78 135 -34 55 -27 -103 -37 7 28 -124 54 -10 -89 -1 -19 -39 -103 94 -85 8 -132 70 -147 46 -19 -115 59 -127 10 30 -52 -131 96 57 -5 96 138 6 83 100 143 81 5 94 -148 -146 -76 -132 39 -12 -126 80 -35 103 -127 139 63 -58 -118 129 -39 -26 144 2 83 -80 -53 115 124 122 -38 116 71 -122 -92 -139 -60 96 25 144 115 82 45 116 39 18 -143 -34 -30 -118 128 143 1 -84 40 -120 -141 -77 -118 -82 -3 -8 105 23 42 -56 -26 -43 26 -6 44 -116 -136 -93 -10 -9 140 -109 -101 56 -42 77 -145 150 -49 -130 -107 -149 -19 -82 -82 62 83 -75 20 76 -63 -89 -78 -123 108 42 21 -73 85 32 98 -129 -31 132 -78 -83 -15 6
-126 4 95 -12 -24 108 -52 110 -69 149 -111 114 -130 -69 73 -48 -141 63 33 -119 -41 -98 -56 -111 146 -73 132 -73 29 42 53 13 113 -47 73 -110 58 98 -18 -93 -141 72 89 -14 136 45 -125 -103 -34 149 70 -7 3 -23 -126 148 64 -143 55 86 -75 18 93 -116 65 -114 84 122 -30 -121 -117 19 -53 -22 84 -32 -32 -30 59 101 -115 102 -123 -135 -62 10 70 30 -120 12 137 -96 -132 83 86 -66 53 -106 74 45 -68 108 109 53 79 -31 59 -20 23 109 104 63 -79 -31 58 -107 59 113 -96 -142 -76 112 12 49 -46 96 -119 49 -148 -133 -106 -107 97 138 135 -97 -2 53 -67 -42 -38 -63 29 11 -21 -120 80 -57 -121 -60 -108 142 6 -8 -101 130 -50 137 -140 66 146 -73 4 -146 132 -93 148 -97 -138 66 -85 93 -36 -120 133 -80 -107 46 47 -113 -80 -78 87 4 -94 137 44 127 103 -30 -40 45 114 -18 53 107 -96 74 -72 92
-123 -93 148 -97 -42 114 127 103 56 -103 -34 149 -101 -53 -42 113 -47 -143 -14 136 45 -125 -108 -30 -70 -10 62 53 79 -49 119 -53 -18 53 107 -137 50 -130 13 138 135 -138 66 132 -64 121 -30 -45 -74 106 -113 -59 93 -53 2 97 -116 65 -93 133 -96 49 -46 -110 52 98 96 -140 -36 -120 133 12 -109 -32 148 -31 107 4 -146 132 -135 78 80 113 -29 -58 110 -7 3 -23 -126 109 -102 141 -96 -142 -76 -86 -55 -89 -72 6 4 -73 80 44 95 -12 -24 -120 12 -137 96 146 137 -122 4 29 -146 -66 101 -115 -73 98 119 -33 -63 73 -112 67 -8 70 -41 -22 84 -23 -107 97 -111 114 -130 -69 73 -48 148 -75 108 -142 -60 141 93 18 -20 106 68 -121 -117 19 108 57 -80 120 21 -11 -66 -74 53 -45 40 30 -47 -46 59 -58 31 79 -63 -104 -132 83 87 -84 114 86 -32 -30 59 -149 69 -126 -111 -94 -107 -18 -38 -63 -73 -85 -72 92
2 -5 29 -109 -38 67 85 61 -116 120 91 -43 -26 -89 5 -57 67 42 -86 1 139 32 3 32 69 -92 -41 120 144 139 -47 69 121 -61 35 93 136 47 -86 -22 65 6 124 37 36 81 43 -19 34 1 -141 -102 -71 -103 7 -86 69 -2 113 12 -119 118 52 -59 -116 117 -79 -99 119 -138 -65 -11 20 106 143 -8 16 51 -43 -30 -18 126 82 -53 -105 -26 -129 -28 -98 81 130 110 -11 58 -96 -125 -117 15 -20 8 62 104 15 82 -137 81 128 -92 144 -144 -147 -23 10 -83 34 137 -64 68 -110 -98 -75 130 -128 -68 71 -118 -10 4 147 -136 110 -99 98 -149 -116 -58 147 -22 -77 -25 140 53 -16 41 -17 143 -127 -28 -135 -135 30 -38 -122 -64 92 -125 -36 33 -6 122 103 57 -71 117 42 -109 -2 -106 4 13 -79 149 -134 59 54 -20 -116 44 -60 132 -73 15 139 -19 40 -100 145 -61 50 140 81 -109 106 9 -79 86 12 -144 3 146
2 -5 59 15 -30 116 -64 92 -125 -36 33 -149 86 -7 68 71 -4 -38 67 47 144 -103 81 43 -19 -109 -11 58 -96 -42 -92 -85 -61 35 109 -29 -116 117 -113 2 -69 -144 -117 127 20 67 79 12 86 12 -52 -118 -6 -65 22 86 43 -149 -116 -8 20 -15 -71 117 -128 -81 137 -110 -130 -81 98 15 -79 -119 124 -13 -118 40 -4 10 -110 -98 -75 130 -68 132 109 98 -120 93 136 47 -100 6 119 82 -53 -139 -1 -103 -30 11 34 28 -41 -99 25 77 22 83 69 121 -10 23 147 -122 145 -135 -135 -129 -28 73 106 9 139 -19 -128 61 -138 -65 137 -64 60 -44 116 20 -54 86 -42 -99 -134 59 125 -32 -3 -110 102 141 -1 147 -2 -57 -106 -144 -34 144 -104 -62 -58 69 -92 -61 -38 -122 -43 -26 -89 5 -57 -106 -32 79 37 36 147 -81 -140 -50 -139 -105 -26 -143 17 -41 140 53 -16 82 -136 -71 -126 51 -91 -120 -18 -16 8 -143 3 146
-61 116 133 12 97 11 -82 23 -67 1 130 112 36 -150 112 37 -66 -25 29 -140 -23 -119 -80 148 -66 46 -56 -145 -45 100 88 -50 79 63 129 25 -5 -130 8 144 -99 130 -72 -53 55 -22 42 -27 48 -144 93 -126 -130 -12 -31 -87 -9 96 -88 -31 -82 -33 -28 53 44 -101 49 -57 -120 -60 -71 -145 -18 3 -15 -72 130 -91 98 52 111 -115 -135 -139 -46 -139 22 148 110 -132 -131 -135 106 74 -92 38 32 -149 146 -122 -94 99 69 28 -58 -1 124 -103 138 45 56 126 -70 -72 -97 39 74 135 -102 -95 69 -8 -78 -86 38 11 145 -33 -57 85 36 75 80 36 137 30 -93 111 131 -28 46 -113 110 113 7 3 -111 -63 -139 -77 68 51 113 -76 -60 38 139 44 22 141 -78 -93 -131 11 -24 -5 100 31 33 -28 -65 -119 94 -35 89 -72 96 8 -102 149 21 41 -68 14 23 -38 140 150 123 129 82 -124 93 88 -101 -148 81 68 -89 -106
32 -149 -135 -67 1 130 -23 135 -110 -93 93 -41 -28 -122 56 -1 124 -77 99 -112 -88 66 -95 106 -38 -45 100 -36 -103 60 25 148 37 102 -110 -112 150 -3 -25 -82 -139 139 63 -69 131 -28 130 -72 12 97 8 -88 75 70 -126 130 -126 -130 139 131 93 78 92 -74 -145 98 52 137 30 -93 111 -68 145 56 129 116 133 61 11 -24 -5 88 -50 -100 113 -46 8 144 -99 -11 -96 144 -48 27 53 -148 38 81 80 119 -33 -28 -42 22 58 111 -36 72 80 -146 -132 87 31 12 -63 68 -45 -72 -97 72 -89 -138 76 -101 -94 68 -120 -60 -71 -145 -18 3 -15 -7 -74 148 -66 46 -82 23 140 -29 119 65 28 23 -38 140 150 123 129 82 -124 39 -33 -31 -14 -141 -22 -44 -113 115 -111 -36 130 -91 -11 -38 86 78 8 -69 31 57 44 -101 49 -21 -149 102 -113 -51 35 -94 135 131 -9 -79 96 -55 53 5 -22 139 46 -85 57 33 -89 -106
-30 -16 36 -49 34 89 -21 -127 -16 -148 129 37 -93 131 133 -111 28 85 -111 -71 120 53 -31 -92 52 -143 122 86 -77 -34 21 -139 14 72 -7 124 146 -146 -146 -129 -123 1 -17 -2 141 -86 20 86 125 57 16 -72 45 -145 -65 104 -62 -58 -105 127 71 -17 121 55 57 6 70 -125 -29 44 74 9 2 -51 88 68 -77 137 149 -141 -127 19 143 47 83 129 14 129 106 -2 4 35 -143 36 -93 -20 -88 146 65 2 127 -9 -46 12 -106 -73 104 68 138 -14 -120 89 17 73 90 25 -126 11 -18 117 142 -16 -90 -49 -145 -123 131 93 -48 93 140 -76 -135 2 -14 -31 -125 27 -147 37 85 43 94 11 38 11 86 -98 7 -60 95 -128 -92 -103 81 -61 69 -7 7 129 149 110 120 32 147 -36 -74 -107 -112 -38 -119 18 -127 -102 -110 -128 125 64 -19 9 72 52 80 96 89 104 -53 46 -89 -87 -39 87 7 -55 102 -114 16 130 30 90
92 31 -53 -120 71 111 -85 -28 111 -133 -131 -140 -52 73 143 47 83 129 122 -77 -19 2 -2 124 146 17 -72 127 -9 7 -30 -105 -74 -131 61 -81 58 -36 -128 125 64 -106 127 -86 20 86 53 -9 -6 -7 129 37 -93 70 -125 103 92 89 69 -114 16 130 -65 16 52 -143 -36 57 129 149 110 -2 -65 -146 16 125 57 14 129 46 -87 14 39 -55 102 -89 120 -126 -72 25 14 -107 -16 55 123 145 -142 -93 48 -74 -11 -7 98 -86 -11 -38 -7 -7 43 148 -45 104 68 -11 88 90 145 120 32 46 146 -110 35 -143 1 -86 44 94 -60 95 -128 -87 139 -21 -141 -51 88 68 20 93 149 129 146 16 -29 -138 -117 18 80 96 89 34 -49 34 -104 21 -89 -4 127 141 -123 -127 -76 -135 2 12 73 106 93 36 -37 147 -27 125 31 14 147 85 102 127 -18 119 38 112 49 90 104 -62 -137 77 -19 9 72 -17 -2 -121 17 -71 30 90
-137 129 -126 11 17 63 129 40 -67 -149 61 116 -59 -87 -130 -57 116 -83 84 25 69 -133 128 55 -119 -20 -63 22 -146 12 -82 -94 22 -127 125 54 -80 -96 92 21 -66 -54 100 -74 -74 -51 -20 -44 -103 -94 48 22 150 132 -61 125 -25 111 -94 -70 112 -51 -140 11 61 97 -150 94 43 -146 119 -8 133 79 -82 113 -54 34 -33 -9 125 -62 93 148 -43 -22 110 -74 -116 88 -14 -73 124 -107 -94 -131 33 -34 -91 -90 -90 5 86 142 -77 -15 -136 98 37 -133 -124 -10 -26 -19 -58 32 93 -74 99 -80 -147 42 133 20 149 -57 -76 -109 89 -68 6 -99 -135 115 51 32 148 144 -57 -132 137 -54 96 -12 -1 -137 99 15 -9 -104 27 103 75 138 31 141 -109 -3 -82 60 45 -36 -44 -16 35 126 140 -85 -35 57 31 102 54 80 46 -29 101 29 -70 47 -144 -136 7 46 49 -66 -82 6 -33 -44 73 -29 59 -119 83 12 50 -38 -81 -150
-137 129 -60 82 3 -127 125 -89 -50 54 148 -33 -44 -96 -140 -126 -35 67 -40 -129 -63 -46 42 113 11 17 83 -62 9 16 44 -147 -80 -12 146 -22 63 20 119 -55 -58 116 74 9 103 -130 -15 133 -37 -98 136 -43 -22 110 125 88 33 93 54 -75 87 -31 -48 124 -140 11 54 -73 124 -107 -94 34 133 99 15 -149 -137 -27 104 -49 -19 -46 -7 136 73 51 32 148 144 -57 -132 -6 -70 112 -29 101 57 77 -142 -80 -20 -133 31 38 -102 109 -141 -116 -137 -61 54 -82 -82 84 -92 96 80 -85 -35 57 -82 -29 132 -61 125 -25 111 -126 -25 131 -12 -54 100 -74 -74 -51 -20 109 -119 146 -43 -94 150 -36 93 -74 99 -103 -94 26 45 -119 32 -51 128 -99 -135 115 -21 138 22 150 10 -66 -90 -90 5 -79 -133 8 76 57 -69 149 6 -66 -68 14 116 -59 -83 33 -34 -91 144 -47 70 -29 1 12 94 59 -97 -61 -44 -86 -94 22 -81 -150
35 48 -111 -61 43 22 -111 -115 -118 -22 142 -141 -130 -104 96 -145 -113 -106 2 -9 71 40 -148 -31 17 54 -3 -106 2 4 -48 -12 104 142 43 127 -1 64 132 80 -87 83 83 98 -68 41 -142 149 81 83 -128 -23 15 93 113 143 -139 -23 101 -55 -140 -51 8 -30 -114 -6 -5 115 104 -128 -10 72 118 134 73 80 -22 -28 93 -17 78 -35 -105 -39 -144 -36 40 -39 -130 69 -143 -133 -113 39 -28 44 -58 67 -126 -78 125 -103 -77 6 -87 59 -18 146 -23 -6 98 -107 80 -102 140 141 116 -74 -117 -20 19 -15 -30 132 -81 -54 33 37 -92 -127 -13 -55 148 -35 -72 76 143 -79 150 18 99 -36 59 146 11 142 -9 72 30 128 -117 34 107 -115 -148 -142 111 -78 -19 146 96 -143 -131 134 97 71 105 -112 135 84 -14 67 -69 91 -47 56 -92 55 103 32 -1 66 -72 132 -2 -150 123 62 -29 107 138 95 -51 107 -64 43 -70 128 -105 -97
35 48 -111 127 -1 -107 -34 -115 -148 19 -15 -18 -31 17 -35 -80 128 104 142 128 87 -6 77 103 -64 71 -37 -96 -128 14 132 -81 -72 -17 -30 -72 105 35 -80 107 -98 6 78 69 -79 150 40 -132 106 3 141 -130 143 74 -68 -44 28 -39 113 133 -22 142 -8 115 111 -36 40 -39 -30 -114 -140 102 41 -142 149 -95 -104 -115 5 6 -117 -20 15 -116 -141 -2 106 -55 -140 -51 -118 -78 125 19 78 145 -33 -62 -123 2 55 69 54 143 -23 2 4 47 -91 84 30 -150 -113 -66 13 -61 43 -144 -22 39 9 -142 -11 -146 -59 36 -99 -111 -103 -132 -64 1 55 80 -134 127 92 -56 -48 -12 -10 72 118 -43 73 81 83 -128 -23 -148 130 59 -126 -70 43 104 -92 -138 -107 51 -32 9 -23 101 -72 139 93 113 143 142 -76 -146 18 -67 -146 -107 -87 83 83 98 -135 112 -105 -71 -97 -134 131 143 -96 -54 -29 -117 -58 -22 -28 93 148 -67 -105 -97
109 -149 24 81 18 -140 74 -10 36 14 147 -91 -112 92 -32 -26 -126 -17 68 -94 -98 -112 138 -59 -89 -124 -27 137 2 7 38 2 67 129 -132 93 25 97 14 -104 -130 142 102 -147 24 78 -108 115 -98 -117 116 74 25 -117 -62 -3 99 -50 -23 102 42 111 -139 9 -138 -3 145 135 11 -89 97 -51 137 -37 58 -34 5 85 -116 -137 112 110 42 -11 10 -111 53 76 31 -17 -142 -93 48 -78 -114 -149 -55 111 19 101 -93 138 39 136 112 -57 118 -105 28 -95 -102 77 74 -1 -148 53 -92 -108 88 -18 -59 116 102 -11 -19 -77 -12 144 -23 57 35 95 16 -44 -66 66 118 148 53 67 -97 34 -137 6 100 116 -37 -116 71 -62 127 -148 -12 130 -135 3 -117 113 1 -115 -91 -6 -127 30 -25 -16 128 129 16 -132 -105 -66 104 -41 101 118 102 -54 -122 130 -46 -99 83 136 -16 145 -11 -145 -31 81 142 137 -45 70 4 115 -80 28 38 -35
-74 -38 -7 -2 18 -88 81 -114 37 112 110 42 16 138 145 6 91 122 11 -147 59 -41 101 118 102 -54 130 34 -83 99 142 17 132 5 85 17 126 26 32 -92 112 -112 -108 44 102 115 -1 -23 57 57 89 -11 -16 -95 -35 78 3 -89 112 -58 -130 62 117 137 -34 101 144 -67 -129 -67 -2 45 -25 137 -62 36 14 137 137 -148 -118 -100 98 94 31 102 -11 -19 -51 -74 -116 117 98 -115 147 -102 48 99 -50 116 -53 145 142 93 46 12 27 124 -25 42 111 81 18 109 -149 24 140 66 116 -37 -116 71 3 -117 113 10 66 -25 -16 128 129 91 -127 -28 80 -11 10 -111 53 76 70 -39 -138 142 -93 14 -104 97 -77 -136 111 19 -132 -105 -66 104 108 -59 116 -115 16 -138 6 -78 -24 68 -137 -97 -3 -93 118 -105 148 1 -74 -77 102 135 -130 12 148 -127 145 135 136 92 -53 28 -95 97 -31 -139 9 -4 55 149 23 -30 38 -35
-96 -23 -52 -132 -71 127 122 -148 -60 -20 136 -82 32 -12 78 40 29 102 56 146 125 -67 -61 28 55 -127 65 -144 -55 -148 13 146 -28 -101 -26 -110 75 -3 -22 -141 133 -146 -129 23 84 -38 -105 98 85 -93 -135 6 -129 55 132 -82 131 -14 142 -121 -132 -127 -64 -93 -106 66 26 -89 107 -131 13 17 131 -14 -32 117 114 -123 -129 150 -60 -37 2 -26 -18 135 -105 23 97 -41 -73 -87 111 -78 -65 119 53 -107 -105 2 -76 100 136 -138 -97 -45 -92 25 -127 -89 23 -35 45 68 -106 -57 60 54 -53 -143 18 69 -148 -144 36 69 -53 61 -135 45 -124 -82 -83 -125 -27 -30 18 6 -24 -146 -32 -22 -8 -93 56 -110 -58 -88 116 23 -110 67 104 -29 74 11 93 23 68 -92 58 114 -89 41 -145 -108 -62 59 -149 84 77 -56 131 -19 100 -90 -121 -62 43 -115 -38 138 65 26 -29 103 -139 79 -128 -92 -75 -48 37 40 -80 -25 -83 88 70 42
59 -149 -36 -2 105 -25 30 27 80 144 60 -135 6 93 8 22 32 146 -131 13 53 -78 -65 -29 103 131 100 -90 -121 -62 116 23 -110 67 104 -29 -55 -148 13 146 92 -2 65 -35 45 -54 -106 -57 60 -68 -43 88 145 -41 119 -87 117 -22 -18 143 17 75 -25 48 -6 -18 32 -125 82 -58 -146 -40 -37 -56 148 -69 -141 84 -38 -105 98 -93 77 -56 -82 -83 -139 55 -127 -26 -18 135 -132 127 -111 -69 133 142 -121 -132 -129 55 71 132 52 3 -127 -127 -64 -93 -108 101 28 85 68 93 -23 58 114 -89 -61 53 -144 -26 -66 106 -125 107 76 -83 -23 89 92 128 -79 -28 61 67 14 -131 110 26 96 100 136 -138 -97 73 41 -97 148 74 19 -23 114 -45 89 -122 75 -129 20 26 -23 105 110 32 -12 -14 -146 -56 -102 11 -135 107 24 62 -53 -45 -92 82 -136 23 84 -131 124 -123 -129 150 -40 -78 29 -60 -37 -115 -38 138 -88 -65 70 42
-125 8 78 -106 80 60 33 107 76 -18 40 -150 -85 -35 -140 -22 5 -39 141 72 -56 81 43 -87 67 32 -121 -94 -129 -80 -61 86 -33 -76 -67 -74 -37 -121 67 -128 96 17 -70 103 -78 100 -102 84 99 38 106 -67 137 58 56 91 95 129 29 -46 130 -43 -16 -32 18 113 -112 91 -92 89 -79 -98 -43 76 110 -121 -112 129 22 -148 70 -32 -96 -135 -115 39 82 99 -111 31 -112 -148 9 11 25 -68 59 21 -19 75 33 -87 84 -62 -106 11 -30 -126 -32 -19 86 -107 -122 -60 -44 -75 66 112 6 -8 -91 102 75 -60 -102 -147 63 -32 66 -52 21 10 57 7 78 -5 -66 112 -69 -115 -70 112 117 -5 -23 88 121 27 55 104 -116 -88 -92 -20 10 -83 70 -138 45 -25 45 -141 -133 15 42 24 -75 112 -109 -133 93 -53 10 -15 143 66 -113 59 -143 108 -46 -57 -136 119 -45 -29 -88 37 -69 -101 -135 -31 -25 7 -80 146 -68 -64 63 29
60 -75 31 96 -148 78 43 -130 21 68 67 -135 -69 -126 72 -56 81 -33 -75 8 18 -122 -60 -44 108 -46 -57 -136 -106 -38 25 -102 96 32 -35 -140 -21 52 -66 32 -63 147 112 6 -66 20 92 88 75 -116 86 -107 -70 -5 -23 88 -112 19 -70 -113 86 -33 -76 -67 -74 -37 -121 141 -45 150 -40 -62 -106 11 -30 -7 -133 15 42 24 -104 -117 -112 -68 -85 61 7 78 -79 10 -113 -84 125 87 -43 111 -99 -82 -39 115 135 -112 -133 93 58 -32 9 11 -101 10 119 -45 -17 91 95 -5 -66 112 -99 -84 -60 55 88 29 -70 141 -103 39 -5 128 -67 22 121 -32 -138 45 -25 137 109 148 -22 -129 110 -121 -112 -76 46 -107 -33 102 129 -69 64 27 -80 106 -16 115 29 76 32 8 -31 121 -91 -94 -129 -80 -57 -87 -37 -80 146 89 -92 70 56 -53 10 -15 143 -25 83 -67 43 98 -18 59 -78 100 102 -59 -19 -112 91 -143 -75 66 63 29
-28 124 24 35 132 -8 -26 -39 -59 -75 -90 70 -35 -71 -136 49 104 119 88 -67 84 -45 21 8 -97 -108 123 -79 -119 104 -117 82 -125 -63 119 92 -41 -114 43 99 -70 -124 83 -47 109 -140 71 -94 31 149 98 -3 148 -141 -113 -44 74 -105 -48 97 104 -5 -66 -77 18 -18 -12 84 139 101 12 129 -11 -35 -98 38 80 -116 38 -101 128 -87 94 -101 14 50 -3 -9 139 126 -146 108 99 14 91 9 140 -21 -56 -76 75 36 -38 114 70 -95 -12 -52 -143 23 -8 -61 -84 -145 59 -38 124 41 -31 89 -36 -65 -43 29 107 -128 -126 98 -93 -141 118 -86 82 -54 56 -32 101 -131 -14 -104 -64 16 8 141 36 120 -4 -121 -129 -14 106 36 17 149 104 -109 -38 -113 -141 22 35 116 -141 -31 25 -28 -46 53 58 84 -105 -134 -23 -147 -128 44 109 127 -14 -48 -57 -18 112 -39 -52 -18 52 -98 86 -84 -150 90 108 -30 -142 5 16 -15 -28 -71
-14 106 -89 41 -31 -50 -14 -48 97 -58 -53 46 28 -25 31 -99 71 -94 139 -12 12 95 -70 35 -70 84 38 -59 79 -120 41 -92 -119 63 125 -82 117 -105 -52 21 -140 -141 118 -86 82 -54 56 -18 -12 84 141 113 -29 -143 123 -109 47 -83 124 70 -99 104 66 5 18 57 48 -43 114 -36 76 56 -16 -108 104 98 -32 49 14 -127 -109 -31 -136 18 52 114 -71 116 -80 -38 22 21 8 -97 -108 88 -148 64 104 38 -36 -101 -139 -141 87 -128 44 -30 91 9 38 -119 104 75 145 84 61 108 126 128 -107 -116 -74 94 -101 105 -140 -104 -39 36 -14 -75 -141 -8 149 113 -124 45 98 -93 9 -59 -101 129 121 4 -35 -38 -3 -18 150 84 -24 147 23 134 39 -112 119 5 -90 77 52 -84 67 -141 26 8 146 -126 129 -11 -35 -98 -98 86 15 35 132 -90 8 -23 -17 -36 131 -101 109 43 65 3 -149 -44 128 -124 28 14 142 16 -28 -71
33 2 -24 -26 -69 116 -105 -150 146 148 -16 -66 56 -44 -16 -67 -66 -120 61 -100 -146 79 35 30 -32 77 -120 -106 -5 19 -7 8 13 -99 7 115 61 11 -59 -138 101 89 85 67 90 58 56 5 67 -13 140 38 145 75 -38 118 -83 120 4 28 -5 8 120 58 -26 -19 44 -116 -47 -57 8 -40 -11 49 -11 55 -75 36 -30 22 133 145 -122 16 -108 -15 120 -35 144 -120 126 113 -63 123 -37 69 -55 -50 -38 -78 -19 -106 -65 10 136 95 50 86 16 129 -94 -9 27 -41 -149 -103 11 71 50 -27 50 -17 -33 93 132 74 111 -59 -42 -140 37 -140 67 -106 -31 9 -83 -9 -144 -26 89 -2 11 27 -72 -43 -64 113 19 138 -64 29 -57 36 98 149 -125 -33 75 -32 -130 -4 -49 27 41 8 -36 120 68 -12 148 -98 103 94 47 14 36 -77 106 -59 112 127 -106 102 17 82 147 -1 98 85 58 70 62 -85 135 51 62 -99 91 37
33 2 -24 -26 -69 49 4 -36 75 -28 -58 -17 -33 93 -19 -51 -138 132 74 111 -26 89 44 59 9 -83 -9 -144 31 106 44 -56 -106 77 -36 -98 103 -135 85 -113 -67 -9 -108 -35 65 82 -75 33 -11 103 149 19 -146 150 105 -116 -89 -101 -11 40 -8 49 138 -130 -50 -38 -67 140 -37 140 -147 -32 -2 11 27 -72 -43 68 -12 16 42 67 90 58 56 136 133 145 -17 -61 -115 85 118 -83 -127 -78 -19 -106 -122 16 -71 -120 15 5 4 70 62 -85 -98 -86 -148 140 38 38 27 -50 27 55 -113 -126 -102 19 145 75 98 -112 -5 -66 62 -99 -10 -120 -77 32 -30 106 -120 50 -146 79 100 -61 -50 -95 -55 -11 57 47 116 -7 8 99 -13 7 27 -64 29 -57 36 -106 -1 120 41 -66 -36 11 -26 16 149 -125 -14 -47 -94 41 -123 63 -69 37 120 -144 35 8 120 58 -59 13 64 -120 67 -22 30 148 94 5 129 16 8 -59 91 37
107 90 -50 144 88 -119 -147 -66 150 10 100 119 -92 -33 49 -34 -127 83 117 20 149 -10 136 16 128 -111 123 -90 -148 86 52 -105 -6 -43 84 119 138 127 -92 25 -66 39 28 -29 48 44 -8 -27 -18 76 101 -68 68 -89 93 -12 95 13 -66 63 -100 -92 94 -14 -30 26 57 -109 -2 28 66 -29 18 -89 -52 88 -107 17 31 21 57 -31 -116 -64 -75 12 50 106 -3 81 138 107 -67 110 2 105 -107 -73 -64 -48 -29 16 -128 -38 -50 4 7 37 -48 2 73 -114 -47 123 -101 128 94 -139 137 -104 134 53 140 -44 127 148 -140 -41 21 98 88 -16 131 -33 -80 32 -12 90 42 41 1 -108 9 -13 -51 -139 6 122 -100 137 -68 73 33 -140 -51 -66 148 -116 -54 36 82 85 -4 -85 42 94 12 -41 -27 57 -56 -136 43 141 123 54 -25 50 83 -11 39 76 23 -98 -105 -78 -103 -51 -149 -60 -90 -15 103 42 -1 26 80 95 -15 -106
107 -49 88 -107 17 -83 88 -8 -9 -127 44 -140 -53 28 16 -64 -105 60 66 -29 57 -109 -2 26 -25 92 -127 6 82 140 -57 103 -144 50 -90 -34 86 52 -119 -84 110 148 27 10 51 38 128 -26 107 -105 -2 -94 52 95 -21 -89 -36 33 92 -119 -13 -123 111 30 33 -140 -11 -42 -42 -48 29 -94 -128 101 -123 -104 -107 -138 80 -39 31 15 90 -4 43 -138 56 90 51 -127 83 117 76 123 2 -147 -66 150 10 100 136 16 1 39 -149 68 50 -85 44 -103 -3 81 54 136 -48 -29 16 18 98 67 12 50 14 98 89 -68 -73 68 -137 28 88 -119 73 -114 -47 -137 139 78 105 -128 -101 32 -12 12 -100 42 41 -122 -6 139 41 85 -51 -66 94 27 -66 -149 -20 13 -116 -64 -75 134 37 -48 54 -25 -7 -4 50 -148 108 106 21 57 -31 -66 63 -100 -92 148 -116 43 141 23 93 -12 95 41 1 131 -33 -80 -76 18 90 -73 -15 -106
-81 116 115 -72 134 -119 -124 -125 59 53 45 -115 -136 -10 -98 -150 -74 -47 21 19 -100 -148 137 -132 -72 5 -85 58 102 54 89 16 58 -77 -17 20 64 -101 -134 128 -25 -70 -31 49 42 -14 -59 52 147 18 114 79 -33 -100 72 -126 97 -35 94 -78 -40 92 -91 -67 -67 123 33 120 -114 54 -145 148 -94 53 -11 -45 45 116 68 -80 35 -35 16 83 30 -23 -41 92 -92 -11 -76 -82 -89 -82 32 -60 -136 -30 115 79 -94 -89 -1 -4 20 -82 -27 -146 -26 144 -35 -81 75 13 72 -83 61 -39 79 15 -38 -17 -28 143 -149 137 90 -61 138 79 64 49 37 -52 -119 -137 -119 101 -31 92 -2 -40 -44 28 -148 93 -77 109 134 130 -124 131 -17 -145 -85 30 95 -5 -97 -53 119 -117 33 145 -17 147 30 -12 -118 -120 -43 9 137 20 -3 88 7 83 -30 -58 -141 -54 7 -104 35 19 133 58 24 -63 112 -96 -52 -41 -118 -98 29 79 142 97
-81 116 -92 31 -101 -52 -38 -17 -28 -94 -25 -15 116 119 33 145 -17 147 30 148 53 45 93 -77 109 -124 -125 59 -28 -119 -59 85 -64 -79 -148 -49 -145 -85 58 132 -137 -5 -20 -37 74 150 120 -114 -70 133 58 -134 -26 -131 124 -2 4 1 -43 45 12 114 -91 -16 -89 67 67 94 47 41 52 141 58 16 81 35 40 78 149 54 -95 -30 120 118 -53 -128 134 101 -64 -94 -75 -7 -88 3 -20 54 123 33 42 98 118 147 18 -115 -52 -30 -83 83 -17 -19 115 -72 61 -90 -35 -130 -134 119 79 -33 -100 -89 -82 32 -60 -136 -30 -35 80 -68 -54 10 136 5 96 -112 79 -145 -100 137 14 29 -49 31 -19 9 137 -102 144 -72 82 76 11 -79 98 35 45 17 77 -58 -89 -146 63 -24 -11 117 -119 53 97 137 115 138 143 7 -79 39 -61 83 148 72 -126 97 -35 13 72 21 27 82 -20 -40 -92 92 -92 41 23 104 -44 30 142 97
70 -21 -13 -61 -146 78 31 -41 -68 -113 12 -43 -49 -6 35 -73 -137 53 70 -110 -31 145 126 71 69 -24 -135 -32 -89 82 -13 -147 -84 110 -27 -35 107 12 33 80 -120 89 -133 115 -126 83 16 -51 37 38 -93 138 44 -48 -107 61 -129 106 -42 -28 -126 96 -123 147 -104 99 -9 -62 -22 -42 -93 -36 96 66 70 14 -55 103 -140 105 -9 144 124 145 -41 -48 82 -97 115 -59 -31 -124 41 84 -30 131 -71 57 76 37 -76 -59 -49 147 -30 -122 -86 -61 -37 -55 39 -72 -3 100 -67 99 -27 77 -128 87 18 44 -58 -36 -132 55 102 -69 -9 75 -88 78 148 68 -80 -145 66 -109 -33 106 -91 -138 101 109 -93 -22 85 33 127 -137 -63 15 -146 133 27 140 -150 83 -34 -126 -75 142 64 -53 -1 -46 74 -78 89 84 143 -120 -115 -118 -55 27 -98 -140 3 23 -56 -59 -53 99 -120 56 32 -31 84 88 -4 65 65 -73 -118 -64 -29 -70 36 -22
70 -21 -97 69 96 66 35 15 -146 -48 -83 126 -129 106 -42 -68 -148 -78 88 46 1 53 -104 138 91 -106 33 109 12 -124 -41 55 115 -32 -9 75 74 -78 3 -99 -137 -150 145 -65 4 -88 -84 -93 34 -83 31 65 86 42 22 62 9 -120 107 -72 -64 61 -110 84 -122 -110 37 73 -27 61 49 66 -49 31 -41 -68 -113 59 77 -128 118 -140 105 -103 82 100 -67 99 -78 146 28 -80 39 96 -123 -132 55 69 -102 -89 120 -80 87 18 44 -58 -36 -57 145 -115 133 27 140 53 27 147 13 101 -35 6 -85 22 93 -109 -73 53 59 56 -23 -3 126 76 -9 93 -143 -84 70 31 115 -59 -31 -124 -36 -24 -33 -12 -82 33 127 -137 -131 64 -147 55 -14 -70 -38 -140 48 -44 -138 84 -30 -142 75 126 144 145 -41 -118 -55 27 -98 -37 133 -56 120 -107 -29 71 -37 -71 43 -89 -16 76 126 -13 -61 -51 -63 -99 -135 -32 -89 147 70 30 36 -22
-127 -70 -18 120 -57 -13 -26 83 -127 35 106 74 115 70 121 20 76 -51 -47 78 80 -148 75 107 141 -101 -22 50 -18 83 146 -128 62 128 -20 -86 53 -6 98 118 -134 122 -10 -52 10 22 29 124 -37 -18 88 -33 109 -40 -30 4 -133 24 100 -143 39 85 67 53 50 -110 63 -41 -121 -135 -36 23 -6 116 -99 -133 -97 -16 55 120 76 -103 107 -72 78 -97 -127 -47 -25 -30 -100 86 -54 -123 32 -85 -29 1 -131 116 135 2 113 89 -120 65 111 -115 -88 64 133 59 14 -1 97 32 -41 -113 -113 -132 -6 31 90 123 -91 27 47 -94 -25 9 37 147 3 73 35 123 -85 116 127 150 89 -9 -71 79 69 -76 -120 24 -14 -19 68 42 -4 46 -104 56 -64 125 11 79 116 -44 59 123 -87 16 -13 130 -104 104 138 -150 -84 132 -108 129 -34 90 21 85 140 -88 -83 137 -137 80 -69 131 -61 118 -94 86 12 129 -18 125 -36 -46 -96 123
113 89 -47 -25 -30 -100 86 -44 97 133 99 -116 31 -120 18 6 4 125 11 79 116 104 -106 -62 128 -16 86 9 116 -131 72 -146 -127 -1 1 -14 127 78 120 118 53 50 -46 -27 91 -132 -108 89 116 135 -9 51 -76 -20 -121 87 -40 -98 6 -71 -100 -24 127 -67 90 -36 97 -35 118 123 54 137 -137 -147 -37 -113 120 -57 -13 -26 -35 -107 -150 -42 -68 123 -16 -70 -115 -74 -125 18 127 -83 123 18 -22 79 -3 80 123 -109 19 14 -24 22 101 -141 59 -20 -86 135 121 41 -63 110 32 133 -128 -10 52 10 -122 134 12 129 61 -131 69 64 -56 83 88 129 76 -103 -140 21 85 -90 34 37 -124 -33 104 -130 13 -4 46 -115 32 -41 -88 -85 -59 -133 -64 88 -97 70 -85 -29 50 -18 83 29 2 -113 -132 30 76 -69 -80 -78 47 25 94 -47 148 -111 -65 -150 -84 75 107 -73 120 -55 94 -53 -36 23 -6 104 138 -143 39 85 -96 123
21 -111 124 -132 135 -4 -23 25 28 -92 -108 -21 50 61 93 75 8 -17 138 -117 -148 -146 74 59 -30 -123 -134 -142 -102 -29 87 -140 45 -48 106 -1 -10 -88 -145 130 -95 -64 -17 39 55 101 -10 -85 96 -39 48 105 -135 -75 88 -18 28 -35 29 -17 58 -32 107 12 64 109 -129 127 67 72 124 -98 60 -16 10 25 -129 47 148 89 -116 -130 -134 -110 112 147 95 99 -57 -29 56 84 112 138 145 39 96 -29 -129 28 -10 -144 -5 49 -17 -90 -100 -33 -54 92 89 -111 -81 -1 -43 142 -139 -40 9 -51 -29 26 62 -138 19 1 75 130 -23 -18 -70 -48 35 130 103 71 -139 -46 -1 148 -65 59 90 -95 -1 60 111 -150 -108 25 34 -51 29 129 127 -44 85 -98 -59 85 35 75 18 -47 74 12 -15 29 -10 -18 120 -51 -85 -93 123 -5 6 -50 5 -37 150 117 107 20 -56 116 -70 -130 -147 -122 -72 7 38 -102 97 -57 -41 -102 -7 -32
21 -111 124 -134 -142 -45 6 -142 43 1 81 111 -89 5 144 32 48 -85 96 10 -112 110 134 -129 116 -41 -93 -61 35 130 103 -50 5 25 28 -92 -108 -39 -58 17 102 -139 44 -127 -129 25 34 -59 18 -47 57 -99 -95 -147 29 59 17 -147 -48 -138 -35 85 -98 -10 -88 -145 -15 29 -10 37 -107 -117 -150 -4 -23 57 -97 -95 135 1 100 -107 10 123 30 -59 18 -130 -25 -139 -46 75 135 -105 112 138 67 19 71 -56 29 -93 123 -5 17 64 72 122 47 12 64 109 146 -130 -8 74 28 72 130 -23 -18 -70 -98 -75 -102 124 -132 -33 -54 90 -75 138 -148 130 -95 7 38 90 17 -49 148 89 20 39 55 101 -129 1 -106 28 84 -21 74 56 140 -87 29 102 117 29 65 -1 -92 9 -51 -29 26 62 -127 129 48 88 -40 -51 70 -12 116 29 108 150 -111 -60 85 35 85 51 -120 18 50 -10 16 -60 145 39 -148 1 96 75 -7 -32
-137 98 -77 -96 -84 32 123 -69 32 -22 -145 -120 59 126 37 3 -75 69 92 -138 38 59 -120 -15 52 84 14 143 -27 93 -34 -68 -42 -46 124 64 -125 8 124 -32 51 42 -142 28 84 116 114 -9 3 -5 -27 -65 49 128 -34 -87 134 -72 -85 75 -40 -143 -3 39 -86 25 46 -141 90 60 96 -145 117 -121 -23 -70 50 -104 82 46 -88 85 -108 -97 94 71 -147 3 103 45 -32 -49 107 -23 59 -29 -78 17 79 -121 64 -35 -100 110 30 122 97 -63 -130 12 129 121 14 37 136 -53 125 53 55 120 60 127 -54 96 122 -123 54 -133 -33 -145 -76 41 32 -57 -120 45 50 93 -83 21 21 8 19 84 128 -120 117 33 134 -130 99 -68 46 44 97 -67 1 -37 -40 -145 6 123 -74 89 -94 76 -7 -125 93 51 -144 134 121 -95 106 100 -36 74 105 31 2 150 -105 10 -113 78 -19 95 -40 -108 -85 -138 49 99 18 -48 -18 32 109 104
-120 -108 -85 -138 90 60 51 -144 120 -128 -84 -19 -8 -124 46 -100 110 127 -54 96 27 5 37 106 100 10 -113 78 -46 114 -9 3 -40 -83 21 21 64 -88 78 -93 -2 120 -95 19 125 -32 -41 42 -134 -93 -36 74 23 121 -117 142 -8 -68 95 -145 6 -33 -117 -121 -129 -12 130 63 -97 -122 35 145 -96 -15 52 84 -30 -86 25 46 -141 40 -75 85 -18 50 -70 -49 -76 14 143 65 53 -136 -22 -75 69 104 -72 7 -76 94 -89 74 -123 -121 -123 27 49 -143 -49 107 -23 105 31 123 37 -59 -145 128 -38 138 147 79 -121 64 28 84 116 71 -17 85 -108 -97 94 -82 92 -32 69 -32 84 -124 87 34 59 -120 29 -59 -134 126 -98 137 -39 3 32 -45 96 57 99 3 -32 -18 77 51 -48 32 -103 -42 122 -134 -55 -53 -125 -60 -120 14 -99 130 -1 67 -97 -37 -68 46 44 3 105 -93 54 45 50 150 -34 125 -40 -133 -33 145 109 104
