-12 -120 -144 -46 -120 -131 -126 45 45 -43 -138 -56 32 71 135 96 -147 -86 -77 175 -147 -108 -107 14 45 -131 -40 -7 148 195 109 121 23 -13 96 -68 -99 138 171 -164 -151 -32 10 -69 -19 120 119 91 -144 162 -83 196 12 107 138 120 54 136 105 -132 19 -133 -174 -4 44 -180 -113 -160 120 -129 -130 -50 -157 31 -64 150 -170 59 -22 -185 -10 -53 -97 137 77 40 -131 187 60 -68 167 187 -34 -104 -130 96 76 -136 -72 51 -16 142 -151 27 -137 -145 5 -185 198 17 -45 -130 79 -123 98 -37 -50 63 -144 -62 -200 -134 -170 -139 20 -83 -190 199 -141 -146 -57 185 -78 94 -152 8 43 -90 179 -63 -34 129 -94 -57 5 61 79 -125 -129 -100 65 -20 -143 184 90 95 -46 -143 -116 -104 -180 50 53 -115 -123 -142 139 77 156 -66 51 -139 -19 -74 -152 -169 157 68 152 -171 31 189 -94 168 -154 37 75 37 -187 -82 79 -188 -59 -152 22 185 22 -9 -79 -124 -3 -138 -151 134 118 -160 102 139 1 -197 148 -167 110 -190 -182 134 130 14 86 145 171 120 -46 177 26 -184 99 -16 -37 -170 122 139 45 -187 -41 -71 -74 -36 -101 -38 -173 72 -161 32 113 -24 -28 70 -32 -94 39 -175 169 56 -160 -108 106 -111 -86 -27 113 -49 -67 -67 -158 160 -183 -61 -78 39 72 129 -167 21 117 199 -81 -114 -38 -63 -180 -141 97 -191 -145 -33 103 -62 155 62 8 72 40 196 173 141 -157 -50 167 33 -127 -140 -141 -56 96 62 -68 50 -30 122 -137 163 -81 -146 96 -143 126 -11 87 68 -171 132 -131 -175 9 138 -131 153 167 -169 -155 -136 10 73 146 -156 167 39 -53 108 -178 1 48 71 -139 -75 -124 -110 -175 -198 -158 144 -9 -172 189 73 180 -111 -80 -56 115 -162 -181 -92 -135 -162 -131 -18 -89 -71 57 -79 -80 -10 9 158 64 -191 -193 159 -190 -182 -24 87 162 165 185 -152 113 -101 123 -15 -199 -142 -90 -158 198 -40 -180 110 12 -94 -199 40 -135 -135 -5 92 -155 -19 -47 162 -56 192 -46 -179 -180 -67 -161 -121 149 -23 -185 -143 -13 -84 -154 112 36 106 -182 -27 146 -25 -70 -7 176 38 169 180 -176 -125 -33 163 -168 -134 49 185 35 134 -117 14 -22 -56 11 -78 -72 -77 -5 -86 160 32 87 85 186 -116 -14 -140 25 97 141 70 -181 -92 66 81 -143 148 -94 56 -9 103 17 137 47 32 130 -176 -78 105 -102 152 195 108 -182 -161 119 120 174 -55
-12 -120 -144 -46 -120 157 50 130 129 -90 179 162 90 95 9 17 176 -130 -32 -47 -137 -78 105 -102 152 195 -120 182 -185 -114 -38 -63 135 92 159 -190 -182 59 188 -32 10 -69 -19 120 119 91 -144 -63 -34 25 97 141 70 -63 50 37 -98 123 -79 130 -175 9 138 -67 -67 -158 -144 -62 -200 -134 -170 -139 20 -171 -145 -86 -14 23 -149 121 161 67 -45 131 -132 171 -68 -87 -27 146 -163 47 19 155 -92 5 135 135 40 -198 158 90 142 199 -146 -73 -51 66 -156 -77 -139 142 26 -184 -110 167 -148 197 -1 -139 -102 160 -162 -131 -18 -89 -71 57 94 -129 140 14 116 161 182 -108 54 136 -196 -40 72 96 -68 -99 138 32 -162 -181 193 191 -64 -158 -77 37 -160 -108 106 -111 -86 -169 175 -39 94 32 -70 28 -168 -94 -119 -186 -85 -87 -32 -160 86 5 -170 -81 -146 152 74 19 139 -10 136 -113 152 -185 -165 113 -199 96 -71 -160 120 -43 -8 152 -94 78 -185 -99 169 170 -150 64 167 100 129 125 -79 -61 -5 57 -79 -80 -10 9 72 78 -11 56 22 -14 117 -134 -35 -185 -49 -53 -97 137 77 40 -131 187 -169 157 68 152 -171 31 151 164 -171 -68 167 187 -101 -38 -25 -70 153 167 -169 -155 -101 -32 56 138 43 -45 -24 37 75 37 -187 -82 79 189 -94 168 -154 -140 -141 -56 -173 105 -132 19 -133 -174 -4 44 -180 -113 -31 -131 -126 45 -141 -146 -57 -16 190 -38 -176 7 131 49 -113 27 56 -182 134 130 -106 -36 -112 154 84 13 143 81 -199 -117 -21 167 53 -115 -152 22 185 22 -103 9 -142 16 -51 -180 50 -129 13 -23 116 143 46 -79 -124 -3 -138 -151 180 -176 -125 -33 115 -162 -87 24 -123 -177 46 -124 -110 158 198 175 144 -9 -172 189 73 180 -111 -80 -56 163 181 160 -148 7 40 131 -45 -14 107 108 147 -175 96 72 71 135 96 -147 -86 -77 180 104 -121 -109 -195 -183 -61 -78 39 -72 -8 -62 -155 62 -103 33 145 -107 -12 -180 66 81 -143 148 -134 10 185 22 -59 134 118 -180 -141 97 -191 138 127 -33 65 -20 -143 184 -83 196 -40 199 94 -12 -110 92 126 -11 143 173 122 139 45 -187 -41 -17 -145 5 -185 198 137 -27 137 50 157 -141 96 62 1 48 71 -120 56 -151 162 -56 192 -46 -179 72 136 -76 60 161 123 -15 -156 167 39 -53 108 -178 -68 50 -30 122 -74 -36 -34 -104 -130 190 83 120 75 139 174 -55
-80 152 16 32 -19 153 99 11 95 192 -72 63 89 -122 -132 -20 -40 143 190 94 65 -195 -171 62 -110 111 94 -184 -46 -174 177 11 -139 -30 122 -68 -199 28 24 45 -35 36 136 95 71 -5 -118 -78 -91 33 -1 74 160 110 -39 -56 -173 37 185 61 -131 84 80 -34 37 -60 30 -18 -101 92 -180 -142 -198 110 -102 199 -84 -87 59 -143 154 -93 -32 -72 -99 -21 -151 194 69 -57 157 -163 -111 -86 -182 98 -78 -169 -158 -45 -78 117 -64 64 -48 -17 -85 10 -98 131 146 -167 8 116 -73 135 172 -78 170 -48 -112 -111 -91 122 195 -184 128 -22 -60 151 -2 182 -167 -20 -86 155 147 150 -56 -174 -75 -138 -15 60 -148 112 -3 155 166 -134 -172 -98 -29 -55 86 -98 -62 1 188 -17 102 47 -56 -178 61 153 -28 171 -39 -141 193 -141 -179 17 -35 166 64 107 9 -63 159 -152 151 137 184 -63 -62 -147 -92 -2 45 108 -156 187 -198 175 55 -17 132 88 -56 3 126 -67 94 -63 -76 16 58 -13 108 68 66 -144 -157 -184 -132 -68 24 173 117 41 144 -78 -55 -80 169 147 26 35 175 -136 69 189 111 90 71 -53 174 154 187 85 -16 165 139 -52 -126 114 -25 -89 8 90 -40 83 39 -58 -90 -118 -22 2 -93 -129 55 -99 -93 197 -127 -100 -16 -29 -154 -84 129 193 -104 53 31 -186 -41 199 -94 191 179 111 107 -31 185 168 146 104 20 112 -48 -163 -75 1 166 163 -184 -182 -79 64 -135 -177 168 121 -26 188 -94 -64 30 176 109 -38 -177 -37 -170 159 -109 -132 24 -112 12 -96 -188 -82 20 -194 87 -3 -68 118 37 66 -127 174 88 -192 -142 -134 -79 -159 -84 -75 44 -146 119 6 -146 64 -4 -78 -160 118 -190 -144 -5 -125 59 -127 141 109 100 110 -114 -187 55 -171 18 -85 184 -149 -5 -33 167 184 -85 -158 -15 142 140 -61 -144 -176 -140 -103 -99 46 -137 -141 -161 73 21 -115 -171 9 -195 169 64 -142 125 -168 118 -37 175 111 -153 -162 110 -135 84 2 40 69 77 49 75 182 -141 -127 30 171 -136 72 159 -178 92 -18 -155 7 180 95 -81 -102 113 -120 106 135 -136 -88 46 171 -146 55 -169 127 -54 63 -183 192 -120 -197 31 16 -32 139 -37 -199 176 126 140 152 -102 103 65 -19 -27 -121 172 -169 102 93 -152 -89 -199 -136 168 -91 137 30 98 111 -43 138 87 -108 -134 -190 -198 -170 156 -55 54 -137 163 120 86 104 -183 79
-80 152 16 32 -19 153 99 11 95 192 -72 -104 -86 -16 -29 -32 -72 -99 -95 -136 -36 35 64 -117 78 45 81 -95 -180 -7 -73 135 172 -78 170 -136 -88 46 17 -35 166 64 107 9 135 17 48 -64 -45 84 -102 -131 84 80 -34 37 -64 30 176 109 -38 -177 -37 173 68 -122 30 -85 10 -47 -102 17 -188 -1 62 98 -86 55 29 -56 -104 53 31 -186 -41 199 -94 191 179 111 107 -31 185 168 146 104 -78 146 -44 -26 188 -94 8 90 -40 83 -167 33 -198 -170 -92 178 -159 -20 -37 -199 176 126 168 121 75 84 159 79 134 142 192 98 -127 30 171 -136 -102 199 -84 -91 -114 126 100 127 128 -22 -60 151 72 112 109 -118 68 3 -87 147 62 63 -184 -137 -151 152 -37 175 137 30 -88 -174 127 -78 -160 85 93 -84 135 195 -65 -94 -190 -143 40 20 132 147 150 -56 169 -63 74 -60 15 138 75 174 -48 13 -58 -59 125 5 144 190 -118 -187 -154 -174 53 -71 -90 -111 -189 -24 -28 199 117 41 144 -139 32 -16 -31 197 -188 -185 -37 173 -137 163 120 52 -139 -165 16 39 -58 -73 161 147 26 35 175 -136 69 129 -197 -90 -118 -22 2 -93 -129 55 -99 -93 21 -115 -171 9 -92 -2 45 108 -156 187 -198 175 55 -17 -141 127 152 -102 103 65 -19 -27 -121 172 -169 118 5 -71 -21 -78 -87 59 -143 154 -93 -154 158 169 78 -159 63 -89 -199 -136 168 54 111 -153 -162 110 178 56 -98 131 146 -167 8 116 99 103 140 176 -82 20 -194 -195 169 64 -142 125 -168 -24 68 132 184 157 144 -182 2 -110 198 -49 -77 -69 -40 60 89 2 30 -151 194 142 180 -92 101 18 102 64 -141 89 -122 -155 86 20 167 -66 -68 -108 -163 109 -159 170 118 -88 -132 5 149 -184 85 -18 171 -55 187 114 -110 -100 -39 -56 -110 -160 -148 112 -3 -193 141 39 -171 28 -153 -61 -171 62 -110 111 94 -184 -46 -174 177 11 -139 -48 -112 18 156 -55 54 37 66 4 -64 79 182 184 -163 -166 -1 75 -132 46 -137 -135 -177 140 -16 76 190 134 108 -87 -138 43 -111 141 -182 -75 -91 -127 169 -55 146 -171 179 141 155 166 -134 -33 -25 -152 -106 120 -113 -61 144 61 -140 -142 15 158 85 -184 146 -6 -119 -55 -80 63 -94 67 -126 -3 -193 184 -195 -122 91 111 -155 24 -112 12 -96 120 -192 183 -63 69 -57 157 -163 -111 -86 -98 182 98 172 -1 -183 79
-153 -154 -96 192 96 -132 -88 -85 80 134 89 94 -195 47 127 -62 -181 48 -33 71 33 179 -92 -42 -159 -140 91 86 -67 -113 132 44 5 -83 -168 -139 -144 -116 187 -79 -1 -73 -69 97 30 -42 109 -27 -184 1 134 25 -11 195 61 160 23 152 -146 -174 112 -26 123 -104 -164 127 -174 197 142 171 111 -21 177 -162 3 -185 -177 144 80 -128 -173 -103 178 -189 13 67 62 -54 -166 100 -42 -181 -78 -33 59 -25 150 192 17 -187 194 55 175 -139 -119 76 -165 130 15 178 -118 19 -99 -104 94 25 58 179 48 -83 84 66 69 -154 -24 -166 59 -104 144 112 189 119 -25 -158 -110 -3 -186 -144 -104 148 -93 32 128 -167 186 108 161 -59 -37 7 -64 -162 -95 189 -131 -115 142 -137 -178 -44 186 184 -117 79 -197 -73 137 199 -51 -119 101 29 50 -110 -81 162 132 -33 62 192 170 98 -37 40 13 -126 7 24 -45 -191 198 133 40 -83 147 -44 115 -95 89 39 -48 -86 155 -84 -107 -100 83 44 -114 -131 -83 167 77 -124 -24 46 133 114 -121 28 198 -29 -89 -73 -30 165 -21 157 7 -107 144 -79 -41 -124 152 146 -76 138 -84 -47 -107 -91 -97 -55 157 93 169 121 51 24 184 -48 165 67 156 -118 139 -178 -62 -15 -119 -114 133 90 -176 160 -150 -94 160 -110 121 -67 92 -11 144 79 -170 27 -110 -184 101 141 -156 72 93 -188 3 70 -188 52 115 -146 -92 -30 92 -83 -39 114 -66 98 142 -1 119 -31 70 -58 -28 94 -82 -133 -198 -188 -171 87 43 30 -126 -96 11 96 153 -27 -91 83 -59 -146 42 -96 -142 -95 -187 -87 -33 87 122 -114 -190 142 79 -180 70 -39 168 168 51 190 -125 -31 -145 30 -48 -115 155 -103 -38 -184 -84 75 182 -94 156 -56 -18 -185 79 -190 127 -133 -60 162 -102 187 90 1 -6 -83 -107 -15 -117 -55 -105 195 -166 151 128 195 107 -120 -159 -97 -164 151 -133 48 56 35 196 -47 -121 -170 37 -34 162 -109 -83 152 46 -40 99 86 -175 127 -132 -94 109 -147 97 32 -69 165 -27 -148 93 -124 57 37 67 183 8 -127 -101 -102 189 129 153 -128 -163 -44 170 33 -178 -136 79 -171 27 135 77 170 136 -72 -7 75 88 129 -168 39 -55 -186 -28 112 -26 -187 195 178 39 190 87 20 -48 -143 151 -194 85 14 -24 191 13 -63 7 -123 -148 -34 192 -50 124 -96 -189 106 63 61 -26 -164 115 -61 140 113 -53 112 165 67
-153 -154 -96 192 96 -132 -88 190 114 -122 -87 5 -169 -60 162 -102 124 73 89 29 96 -30 106 92 146 -115 90 -55 157 93 133 -127 190 -79 185 18 56 -156 -118 -7 -157 21 171 3 -185 -100 83 44 170 41 31 43 30 -126 -96 11 96 153 -27 104 -20 -87 -190 -39 -178 130 15 178 -118 -52 188 -70 143 48 -148 -34 -168 39 -55 -186 -28 112 -26 -187 195 165 -76 119 139 148 27 47 84 -138 76 -146 110 158 25 -119 -45 -191 198 133 40 107 -30 155 -84 -107 -177 144 80 -128 -173 -103 178 -189 13 67 62 90 1 -6 -83 -107 -15 -117 -55 -105 195 -166 151 128 195 107 -181 48 -128 -163 -44 170 33 -179 -33 -71 33 145 189 -75 7 72 -136 -170 -77 83 184 -184 1 150 192 17 -187 194 55 175 -38 100 -42 -181 -132 -94 114 119 15 179 48 -83 -79 -162 -24 -7 126 -13 -40 37 -98 -124 152 103 182 -94 -33 -89 95 -115 44 -147 83 144 -79 165 27 135 -39 114 -66 98 -147 97 32 -69 165 -107 -66 -137 73 197 -79 67 -121 110 -160 79 -170 42 -92 30 26 -61 -63 -164 115 -61 140 113 -53 112 59 87 187 -174 112 92 109 47 127 133 -151 164 97 159 120 123 -7 63 -13 -191 24 -14 -85 194 -151 -3 188 -93 -72 156 97 -109 -83 152 46 -40 168 51 190 -25 134 25 -11 195 61 160 23 152 -146 95 142 160 -150 124 -93 -3 -186 142 79 101 141 69 73 1 79 -187 116 144 139 168 83 121 51 -58 -25 -94 104 99 -37 -57 -94 -144 11 -92 62 178 -139 -51 -119 101 29 109 142 -1 142 171 111 -21 177 136 178 42 -199 -86 -99 -168 39 -70 180 184 110 -27 -159 -140 113 67 -86 -91 132 44 33 -125 -87 171 48 56 35 196 -47 -121 -170 37 -70 31 -119 -197 174 -127 164 -91 83 -59 -146 42 -96 176 97 91 69 -154 -24 -166 59 -104 144 112 189 84 -175 127 -114 -131 -83 167 77 -124 -24 46 133 114 -121 28 198 34 -58 -28 94 -82 -133 -198 -188 -62 166 54 -187 -156 -67 -165 48 -184 -24 117 27 155 129 192 -50 78 -192 -62 33 -132 -162 81 110 -50 133 19 67 183 8 -127 -101 -102 189 129 153 30 -48 -115 88 -75 84 184 -123 26 -186 44 178 -167 186 108 161 -59 -37 7 -64 -162 -95 189 -131 -115 142 -137 -128 -80 85 -144 -104 148 -93 32 134 89 94 -195 162 86 48 -39 165 67
65 185 -19 58 52 78 -113 53 25 118 146 -143 -75 -43 -123 -199 80 -93 -171 -198 80 -96 -107 -113 -139 -129 115 -42 -145 -184 11 -150 5 9 64 193 65 -88 174 -184 35 82 -116 171 -30 -84 -22 -23 -32 -144 18 -198 -63 120 -147 122 123 122 58 158 19 -122 -97 -194 -144 -163 -179 190 -54 -48 108 -174 188 -13 32 41 26 93 -151 189 52 42 177 45 -30 -124 177 189 60 -191 -152 79 1 137 74 27 176 110 37 144 -168 132 -72 59 85 145 99 119 121 -123 40 -164 -23 -75 -152 29 154 -93 159 -128 -37 126 -137 -92 20 -146 15 -18 -187 76 -142 -89 -109 -36 92 -31 -127 24 -22 84 184 165 110 102 -71 73 129 -75 50 160 -63 127 84 -100 112 70 72 -35 96 -48 32 -32 -87 172 -162 51 49 -36 54 123 -4 165 -67 119 -161 -147 165 -57 40 142 68 -196 -31 -97 -173 137 75 131 -131 145 176 -82 114 -124 172 -22 135 -71 -163 -2 140 -70 5 -26 82 -194 -169 -196 -42 1 156 -28 198 -167 -123 -135 -7 112 63 189 -120 -9 -184 12 -91 -166 -153 155 -6 46 -134 158 175 88 40 134 -124 -136 -105 41 -172 -4 116 133 17 89 -128 133 67 69 -199 200 -49 101 -1 -136 -3 187 23 -56 144 -100 62 42 -198 6 77 -115 91 38 178 176 97 45 -80 -162 32 3 117 72 -36 -18 129 -193 -191 -55 152 67 -99 115 76 2 -121 -21 87 149 19 -130 77 -158 -15 -36 146 179 -112 85 197 122 -101 -26 -101 -86 32 -75 -116 -59 -164 -137 13 -167 -69 103 165 28 31 184 -187 157 -60 -107 -61 -159 49 -194 -141 -73 63 54 -82 114 79 -171 11 35 -136 -85 -191 -63 14 -106 -52 -11 -31 -194 -14 41 -139 -174 57 -93 93 -74 88 -74 29 -9 86 -200 -27 -74 66 13 142 76 -153 -182 -85 -177 161 -177 118 -100 84 35 195 34 61 -113 74 -42 -88 196 103 138 101 36 126 -38 164 113 -104 -21 130 121 -152 -125 -45 -188 2 136 114 11 -53 198 -101 110 97 193 144 134 -56 -198 102 23 -154 -108 96 -3 -145 -121 161 -156 -77 -176 68 117 -183 -100 83 150 -119 -122 70 115 15 10 -20 -191 -181 151 118 192 -134 -48 118 -7 -164 192 -89 120 -61 -150 47 49 93 18 -139 120 -7 84 -49 16 42 -153 -154 -138 -177 -138 -80 59 -168 -97 -17 -32 -170 180 -91 -75 164 55 -155 -16 66 -193 -198 -131 -16 89 -200 -38
65 185 -19 -97 41 26 93 75 131 -131 145 176 -82 114 -102 198 -158 -58 -152 55 191 53 25 118 146 -124 172 -22 135 -52 -5 70 -140 2 163 71 42 183 -117 -68 176 77 -198 53 -54 36 -49 -51 162 -172 87 32 -32 48 -96 35 -72 -70 -112 100 82 -116 114 79 -152 29 154 -93 159 -128 103 165 -67 119 52 106 -14 63 191 85 136 -35 -11 171 75 -12 184 9 120 -189 -63 -112 -89 -17 -133 -71 -199 200 -35 184 -174 88 -65 84 30 -171 82 -54 -63 73 141 194 -49 159 59 116 75 -32 86 -73 19 -130 77 -158 -15 -36 146 179 -112 85 197 122 -101 -26 42 167 -13 137 -120 107 31 11 -161 -147 165 -108 96 -3 -145 23 164 -40 123 -122 70 115 15 -127 63 180 -91 -75 164 22 -24 127 31 66 131 126 -137 -92 20 -146 15 -40 -88 101 36 -16 49 -110 101 97 31 196 -68 -142 63 198 -18 144 -49 101 -1 -136 -3 187 23 -56 144 -100 -150 -113 74 -42 157 -1 42 43 75 143 23 -154 -57 40 188 45 125 101 -145 109 89 196 -37 11 -137 173 188 -13 32 84 166 91 -121 -89 16 -193 -198 184 -36 92 16 155 -55 164 7 -118 103 165 28 31 184 -139 -129 115 138 -9 -5 7 135 123 -124 -136 -105 41 -150 32 -110 -165 -184 -153 155 -6 46 -134 158 175 64 -129 -128 -69 -160 -50 75 193 -22 -69 -67 -9 86 -200 -27 -74 66 13 142 76 -153 -182 -85 -177 161 -177 118 -100 84 138 154 153 104 -113 -164 38 -126 42 -21 -150 -83 100 177 -85 -59 72 -132 168 -144 -37 -110 -176 -27 -74 -137 -1 -79 152 191 -60 -189 -177 124 30 -45 145 99 119 121 119 130 -99 115 76 2 -121 -21 87 149 -195 170 32 17 152 28 -156 -60 -194 -14 41 -139 -174 57 -93 93 -67 -122 -123 -122 147 -120 2 136 114 11 123 -4 133 -29 74 -88 74 121 198 -167 -134 -18 -187 76 -142 88 187 113 134 -56 19 -122 -97 -192 -118 -151 181 191 20 -38 -115 91 -89 120 -61 62 42 -198 6 77 -192 -176 -178 -10 84 32 23 34 61 47 49 93 18 -139 -61 -164 -7 84 -172 -4 116 -102 3 117 72 -36 -199 80 -93 -171 -198 80 -96 -107 -144 -193 -97 -151 189 -26 82 -194 -169 -196 -123 -18 129 -193 113 -78 80 138 177 35 48 134 -194 -144 -163 -179 54 -190 -48 108 -168 -97 162 80 -45 58 52 59 -174 156 -161 -200 -38
-157 117 38 -45 -101 -23 -171 -83 -200 84 76 149 -190 -78 -159 -43 -58 -198 163 101 89 -136 -97 110 -91 -112 -157 -110 95 65 -115 166 -49 -63 56 -158 -10 115 -80 15 102 -62 -86 18 -43 -144 -52 -95 -82 139 -62 -182 21 133 -98 107 153 188 183 -63 19 -200 85 -188 176 13 -170 -145 47 10 -64 23 100 175 -21 10 116 142 -38 100 83 155 39 77 91 -197 13 82 -135 -139 191 171 -87 7 -116 -193 73 -173 97 73 3 -134 182 198 -12 17 -182 -154 188 42 45 180 66 88 97 -77 -111 86 126 36 43 -116 124 166 147 -43 125 57 -9 -107 42 69 50 97 160 116 148 -27 1 -170 45 -163 33 197 -77 113 -56 -73 197 -104 -83 189 -71 125 68 -156 75 -169 -164 -154 147 -89 -70 142 4 109 -12 -101 144 64 -20 187 171 76 113 -12 -87 -74 -109 -34 118 -120 100 21 -121 105 121 195 -50 -2 54 -69 47 35 -114 -72 141 7 -43 186 -23 172 -93 10 -2 -137 -120 158 29 58 180 -72 -136 146 -70 -130 -121 116 139 24 159 -60 -170 199 92 -191 -182 -193 108 193 134 -47 -64 114 69 122 119 189 2 191 38 6 -90 62 -151 -32 31 148 107 34 -98 103 131 27 -53 87 -194 84 79 -84 82 -84 -15 -100 31 131 -52 -44 169 -12 46 168 -9 -115 27 177 18 132 76 154 -44 -134 -184 144 -35 -149 -36 -33 -56 10 -53 89 98 -120 -79 113 -182 81 150 189 -184 100 -39 -102 122 64 -81 -19 175 -137 78 40 89 50 -87 101 -22 90 29 84 -125 -79 172 -35 100 180 184 78 -155 111 -105 -106 -92 152 90 188 -198 26 -5 166 -160 199 -81 -29 54 3 48 176 196 -76 -9 161 -194 -87 -79 -153 187 10 -46 -85 52 -4 -183 -10 36 -21 136 -64 67 -109 133 66 55 -78 3 190 36 -7 -144 172 -57 -8 96 -175 22 -195 123 -143 136 194 -188 46 32 164 -64 -144 -129 8 149 -52 -52 37 3 171 -23 -71 -36 142 -185 -93 101 172 -164 -197 141 160 131 8 103 147 -50 129 -11 120 19 67 157 -200 -144 -160 18 155 105 148 120 174 57 178 58 3 132 -4 -43 47 104 -165 173 164 -84 -89 159 93 189 -97 -69 -68 11 187 14 78 -126 29 73 -136 -115 187 -62 146 -75 68 -110 78 -57 -200 -150 -42 138 -46 73 -141 85 46 4 -115 -53 195 -150 95 -78 186 84 -62 -126 43 94 113 -108 93 -109 58
-157 117 38 -45 -101 133 -98 107 153 188 183 -63 62 -139 82 95 199 -81 -29 54 -106 -23 172 -93 10 -2 -137 -120 158 -32 -82 44 -43 -193 173 -73 97 110 -57 -174 -11 120 19 67 157 -200 -144 -84 194 -112 -157 -110 95 10 158 -56 63 49 -166 115 -65 115 -80 15 102 -62 -173 -15 154 164 169 -75 -193 -108 193 182 191 -92 -199 170 -147 -166 -124 116 176 196 -76 -9 -188 154 182 -17 12 18 200 57 -78 110 -68 75 -146 62 -187 115 12 -169 44 52 97 136 7 -116 -170 45 -3 -37 52 52 89 87 -171 -191 139 135 -46 188 -194 -142 70 89 -147 -100 31 131 73 3 -78 137 -175 19 81 -64 -71 125 68 -156 136 78 -95 150 -195 53 115 -4 -46 -85 141 -73 64 -20 187 171 76 113 -12 -87 -74 -109 -141 197 -19 -182 -134 -184 144 -35 -149 -36 93 136 -73 66 55 -46 185 -9 -115 27 177 40 89 50 144 46 -138 164 -172 -101 4 -131 122 119 189 2 53 -10 56 -36 142 -168 60 -159 -165 84 -82 -8 129 144 64 -164 29 58 -68 11 187 14 78 -126 29 -133 109 -67 183 4 -52 85 46 182 -113 79 120 -98 -89 191 38 6 -90 62 -151 -32 31 155 39 77 189 -186 -149 -76 -84 -3 -58 -178 -91 -87 160 116 148 -27 120 -118 34 160 -69 -42 143 -123 195 -22 175 -96 8 57 -172 -47 69 -54 2 -176 188 -85 -100 -56 104 -197 -132 200 83 171 23 -186 43 -72 141 7 114 -35 144 7 -36 -190 -3 78 -200 -39 -102 122 -189 -94 -163 33 197 -113 -77 113 184 -64 -10 36 -21 136 -83 -100 38 -142 -116 -10 21 -175 -100 -23 64 -10 -47 145 170 -13 50 79 87 194 -161 134 -47 -64 114 45 180 66 88 97 -77 -111 139 24 -104 -47 43 4 73 -70 -130 -121 116 86 126 36 21 -92 152 90 188 -198 26 -5 43 159 78 190 -33 71 23 -171 -43 126 62 -84 148 107 34 -98 103 131 27 153 -195 -121 -105 121 187 10 81 150 91 -197 13 43 -48 86 164 -180 -100 35 -172 79 125 -84 -29 -90 22 -101 87 101 12 -109 8 103 147 -50 129 -120 -148 155 105 -150 -160 -198 -182 134 18 132 76 154 42 79 -84 149 -101 -163 198 58 166 -160 52 144 43 -18 -42 107 9 -57 -125 -1 100 21 -53 -97 -50 -180 69 97 -189 -93 -159 89 84 184 78 -155 111 -105 3 69 -72 -136 146 93 -108 -83 -109 58
83 37 -191 -92 80 46 -68 -32 -144 159 -98 192 -142 -57 -153 -25 -110 -65 -82 -67 -29 -170 24 181 118 7 -113 -34 -144 -52 143 131 150 58 17 21 1 -164 -83 -105 56 197 -192 -28 -13 30 161 -118 -199 -47 46 110 98 100 -193 47 -136 127 -47 125 170 49 136 127 156 24 -154 -111 187 9 200 181 144 -13 -150 18 -158 -71 163 -174 78 68 150 -121 141 -132 66 71 129 130 23 34 -74 163 40 -65 94 32 85 36 137 75 102 -126 -148 112 107 88 -1 -129 -123 13 -160 143 196 55 129 70 187 -86 -55 80 186 -19 -58 14 105 -54 -64 165 126 -33 73 197 2 31 -198 72 192 85 -17 81 54 142 -17 96 167 32 -156 -74 -12 -111 -105 145 -107 95 50 11 -198 -200 -20 -143 -143 194 9 -127 88 -140 -178 -140 -66 30 -103 -155 -8 -92 -179 63 -80 1 -157 148 101 22 163 -162 -70 61 -36 -112 -35 121 -60 -138 -193 136 111 -23 -12 -88 -182 -79 38 -104 170 89 162 -144 175 130 27 -76 -51 28 7 -64 -138 -3 146 -43 90 59 -111 -157 71 -140 155 133 40 -59 154 -3 -121 155 19 161 -34 -70 -40 76 -77 179 -169 88 -2 -88 121 37 -103 -97 -171 83 23 28 23 82 54 -175 -108 10 -7 106 113 100 -115 -31 -180 -155 -127 -176 -179 70 143 -118 -53 92 -157 116 69 -151 86 91 174 -199 2 80 -20 21 -4 -156 -101 -102 29 -161 197 -154 181 165 22 25 126 -147 136 199 73 3 156 -68 142 -120 39 -75 95 1 -150 -123 31 14 -97 -99 165 -90 -150 165 47 -4 -17 129 -159 -72 -34 -33 -200 -39 -137 -11 -26 -117 121 -193 -44 -1 16 -175 164 -25 -193 -174 139 198 142 -185 80 -63 35 -28 -9 -74 -163 130 -24 147 -49 142 -48 125 24 -123 -147 -97 -64 58 -76 59 189 -77 168 144 4 -20 -85 -133 -8 176 40 149 58 26 59 -168 -168 140 68 -183 1 70 108 -6 151 -70 -75 26 -132 -40 117 158 156 155 -141 -46 -196 148 -20 60 -60 193 -23 -180 -138 7 151 179 -93 -118 96 91 61 -58 -165 -134 73 -93 32 -6 75 -11 132 100 -15 132 -54 114 -182 15 -162 172 157 -121 196 -34 -26 -163 -81 66 64 197 -15 -76 83 -122 -140 -8 129 -5 91 -64 -96 13 105 -87 145 119 83 126 -174 -163 -192 16 -68 168 87 -15 182 -56 -169 13 103 45 189 151 -133 -23 92 -60 59 123 -136 -157 -194 -84
83 37 -191 -92 80 46 -68 -32 -144 159 -98 4 -47 -165 150 90 -165 99 97 -14 -31 123 150 -1 -95 75 -39 120 11 -19 -58 14 105 -54 113 -7 -118 -181 -24 -102 -75 -164 -83 -105 56 197 -192 -28 -13 30 161 -118 -199 -47 46 130 -24 147 3 138 159 163 -9 -149 -40 -176 8 133 85 20 -91 132 -121 88 2 144 4 61 -58 -165 6 -108 -87 140 68 -70 179 176 127 -80 -174 139 198 67 -168 13 92 8 155 103 -30 66 140 178 140 -70 -75 179 -93 -118 96 -26 -151 -7 138 2 80 -20 175 -16 1 44 193 -121 117 26 -51 28 -134 127 -9 -194 143 -68 168 -192 26 59 -168 -168 -155 140 -71 157 111 -59 -90 43 13 -69 -116 157 -92 53 118 -143 -58 -103 -72 -34 -33 -129 8 140 -148 112 175 -54 88 82 65 110 25 153 -111 83 60 -92 23 133 -151 -189 -45 -150 -131 -143 52 64 -7 -192 -17 129 -161 -19 -155 121 3 -154 59 -40 -133 -68 -78 174 -163 71 158 -104 -88 -182 -79 38 -18 150 75 -11 -95 107 -145 105 111 12 74 156 -32 -167 -96 17 -142 -54 -81 151 -160 143 196 55 129 70 -163 123 157 136 -193 47 -136 127 -47 125 170 -163 -81 66 64 -6 13 -144 -181 -200 -9 -187 169 -35 63 -80 185 -142 -196 148 70 34 110 98 100 49 117 158 -141 121 -150 145 -60 20 -40 76 -77 179 -169 -126 122 -83 74 -34 -23 -130 -129 -71 -66 180 23 -193 60 119 77 -189 -59 -181 154 -197 161 -29 102 101 156 4 -100 -132 50 11 -198 -200 -20 -143 -76 163 40 -65 -68 142 76 -27 -130 -175 144 -193 1 -157 148 101 22 163 -162 -70 61 -36 -112 -35 46 141 -155 -156 37 -103 -97 -171 83 23 28 23 82 170 72 -29 198 -31 -170 12 23 -111 -136 193 21 73 197 2 -151 -142 -57 154 -24 -156 -127 -136 40 146 89 162 25 -164 138 60 -15 132 -54 114 -182 15 -162 -64 -174 -91 -86 17 -85 -192 121 33 -126 -165 64 -34 137 39 200 -5 91 -56 -28 74 58 16 15 -197 -32 93 -73 126 -174 187 -86 -55 80 186 -126 -25 -22 -165 76 -58 64 97 -123 -147 -49 142 -48 125 24 132 199 -96 13 105 -70 -1 183 17 21 1 -137 -36 -85 -32 -94 -156 -3 -73 -199 -136 147 -144 -179 63 155 180 31 115 -100 -113 -106 7 -10 108 107 88 -1 -129 -123 -157 -172 -182 15 -87 -59 88 -121 196 -34 -26 -194 -84
10 -160 98 -165 -15 190 -47 -14 -51 35 -162 -137 -15 135 160 -19 81 168 -150 90 -105 44 -114 -137 38 129 -124 -196 195 40 -73 91 -192 -158 -105 -194 -197 145 86 76 104 112 -148 -175 -88 -168 -110 23 160 156 -69 -34 165 135 -129 166 -108 179 -91 132 -127 -80 59 -136 -30 -108 -80 128 -73 -195 128 -58 -191 1 -183 -12 116 120 186 -16 -142 61 -146 -197 -113 69 137 66 4 -114 166 15 -86 132 93 -166 10 -90 -125 -191 -152 -185 45 191 -21 142 -24 192 -42 -3 -171 -110 -46 -152 138 86 -70 -17 -49 -68 64 -151 12 -192 18 192 46 50 -93 15 48 -47 114 81 -147 133 -112 48 -111 120 177 -55 -177 183 -40 -32 156 -109 -39 -41 -197 115 128 -143 181 59 41 -122 -41 12 -139 106 -85 170 196 -61 65 119 -98 -88 -145 -185 162 97 25 123 -137 75 -200 194 -128 71 175 -16 140 -81 -185 38 194 116 97 -50 -133 -45 -88 -56 -23 128 23 41 -189 -144 167 -187 110 42 -166 -131 -123 -3 -23 -182 -73 37 34 -140 -64 23 -157 -29 -70 -75 197 148 22 -199 185 99 -6 174 -65 -78 183 55 49 -185 -144 16 185 -51 49 168 31 -145 198 161 -25 94 -152 -95 88 26 184 193 79 -40 56 -115 166 169 124 -40 68 25 -176 168 63 50 -82 182 -158 53 -197 -35 -15 -134 -181 200 61 142 -52 -72 -23 65 -127 58 175 -149 -15 -60 -96 -170 -147 -11 -177 186 11 174 186 25 38 134 85 175 25 161 -66 99 66 -143 -128 123 -110 153 -97 -175 -153 -2 -2 -175 74 95 -63 148 77 -59 -59 -182 193 -71 -126 -54 175 -68 154 -7 -95 -196 -33 118 -34 105 87 -136 177 84 52 87 93 98 -149 171 -151 133 200 58 -165 146 31 -8 26 -45 -27 -164 -69 33 -131 -192 -135 -150 1 -181 -11 185 -98 191 87 -156 -172 -15 150 39 -67 -77 137 -94 188 189 -182 105 18 100 29 -200 -68 151 -149 7 -152 179 173 46 -128 61 189 48 -102 77 -140 -26 97 167 -125 62 81 143 -59 -5 -56 53 -52 170 123 40 -89 -181 111 -192 145 -194 6 31 143 -144 148 -8 34 34 -128 -174 122 -90 -143 192 88 178 197 53 37 72 75 139 -198 -104 -76 110 -124 -188 -191 -136 191 169 51 172 -146 50 -150 117 14 97 -6 7 81 -106 64 79 -126 -30 -97 138 23 -85 9 51 -163 -49 -169 154 168 -22 6 -189 -90 -42 65 -82 30 54 -144 93
137 -123 -25 -97 -162 185 145 88 -175 -88 -168 -110 23 160 16 185 -51 49 168 31 -145 198 161 -161 -25 -175 -85 -134 -38 -25 -186 -174 -11 -186 177 11 147 170 98 -153 -2 -2 -175 74 95 98 -165 -15 190 -47 -14 -51 35 -162 -137 -15 135 160 -19 81 168 -150 90 -105 44 -114 -14 -117 150 -50 146 -172 -51 -137 38 129 -124 -196 88 45 60 15 139 -198 -104 -76 110 12 -90 108 -166 129 -135 -165 34 69 -156 144 185 -49 -90 -143 192 144 66 4 -114 166 15 -86 -61 136 -87 -105 34 -118 33 196 95 7 -154 68 -175 54 -172 -15 150 39 -67 -77 137 -94 23 -152 -95 88 26 -178 -88 -86 -138 152 46 110 171 3 42 -56 52 -53 56 5 59 -143 -81 97 167 -125 6 31 143 -144 194 -145 -90 -125 -191 -152 -185 45 191 -194 -197 145 148 -8 34 34 -128 -174 122 -55 -183 78 65 175 -16 -30 179 -192 -115 -75 124 41 -192 -18 192 133 50 -97 -116 -194 -38 185 -135 -150 1 -181 -11 185 -98 191 58 -10 166 -12 116 197 146 23 97 -6 7 81 -106 61 142 -52 -72 -169 -75 10 -160 -63 148 77 -59 48 15 48 -47 114 59 -41 -195 -192 24 -142 21 191 -200 194 82 -65 -189 -139 -131 -122 46 50 -93 -102 77 -140 -26 197 -181 143 -128 -115 197 41 39 109 -156 32 40 -183 177 55 -166 -176 168 63 50 -87 -52 -84 91 -192 -158 -105 -174 6 -99 -185 199 23 -85 9 -37 73 182 188 189 -182 105 18 99 66 -143 -127 58 175 -149 166 -25 -65 113 120 186 -16 -142 177 73 -40 192 -170 85 -106 -33 69 -191 -136 -71 -22 -148 -197 75 70 29 157 -23 64 -61 128 -46 -173 -42 -49 -169 31 -8 112 -148 -154 -146 73 -128 80 108 -111 68 49 -151 133 200 58 -165 -195 128 -177 -120 -112 48 -111 -133 147 -81 -53 158 -182 -137 -69 132 93 183 -1 191 87 96 -12 151 -64 -17 -171 149 -98 -93 -82 189 -41 -23 -128 23 170 123 40 -89 -181 70 66 169 124 -40 68 25 -131 -123 -3 -94 -128 123 -110 153 -97 -175 149 -151 68 200 -29 -100 -119 -65 -62 86 76 -189 140 -34 51 -163 -110 187 -167 7 -152 -97 138 128 -35 -15 -134 -181 200 64 79 -126 140 -81 -56 40 -79 -193 -184 -193 182 59 104 26 -45 -27 -164 188 -72 -37 -53 -197 -71 -126 156 168 -22 6 42 179 -91 132 -127 -80 59 -136 -30 196 -61 30 54 -144 93
-109 44 -72 12 -189 26 15 -186 179 -193 -84 184 -126 -69 26 153 -161 -110 198 26 186 -91 195 193 159 -97 8 -48 30 -105 -135 149 -50 42 -142 22 -13 -108 -167 67 192 143 174 -74 140 12 162 186 -16 -80 -54 67 -163 85 89 -160 -164 -71 -153 -19 172 133 116 152 -6 58 50 -114 -24 -54 -187 154 38 75 41 14 193 -146 -117 62 -9 -68 165 -125 -162 -70 -25 -55 -80 82 -47 70 143 156 72 61 -176 80 126 -43 159 177 -193 -77 -72 -165 -38 126 56 -96 88 -83 41 120 200 -171 165 -78 177 -102 -146 126 -131 -42 33 -170 -97 -45 180 103 138 82 133 62 -131 197 67 132 99 -152 131 -45 36 -163 -62 -91 -45 -52 -139 -21 1 48 -79 173 5 185 -152 -16 3 27 -111 151 -77 -130 50 -145 -126 -80 -16 -194 -3 -151 200 183 100 162 41 -17 -194 -173 107 -188 -93 -48 -134 96 106 62 -145 123 -141 -78 -67 46 -174 -67 107 129 -11 -172 -48 -124 -178 -104 -173 47 9 -196 197 -24 -193 -34 -126 -35 72 169 124 -85 -154 118 -184 13 172 8 98 29 70 -185 -181 144 -45 131 65 122 -26 24 159 181 -41 9 -186 150 134 63 181 143 -87 -22 140 -183 -5 183 -1 192 14 65 61 80 -68 -16 140 4 -124 -70 -134 -53 -25 67 152 -188 106 -34 151 50 -187 -130 -80 115 33 46 94 -135 53 -7 -175 -78 -136 -175 2 -13 -155 -59 -147 76 -85 117 45 18 113 64 104 -124 71 -136 -195 -65 66 198 88 88 -88 3 -90 -22 -116 137 -81 78 106 197 11 -81 45 3 109 -46 -60 -150 101 109 -170 184 -33 125 69 -67 -105 70 -62 161 -188 141 102 47 77 -41 -31 145 53 -99 -173 31 175 70 -195 9 -52 156 148 -92 -3 -109 165 184 -29 19 68 166 -194 146 22 63 36 197 167 -86 -45 193 188 -165 -131 -152 -73 81 -9 91 -19 -87 -189 -165 76 9 48 136 31 -69 -80 136 38 72 -53 -109 1 -68 -125 110 -42 86 31 61 51 -173 -60 -34 -135 27 174 43 54 144 -74 158 102 -22 126 80 -6 -65 39 80 -29 29 45 35 -125 -44 -88 -155 90 77 -171 -160 -31 -36 44 13 -44 148 9 152 -77 70 -191 33 -1 178 106 200 78 -141 -44 -10 -144 38 16 176 126 37 -97 87 -137 -16 27 183 66 -20 -18 83 -154 39 7 182 64 151 -191 -177 75 -26 -68 -36 -31 -39 -139 -126 -99 152 192 81 27 -187
-87 -22 140 145 152 131 165 -191 -177 31 41 -77 -47 -102 -141 188 -161 -187 -193 -14 -118 -72 29 45 -84 184 -126 -69 26 153 -161 -110 165 184 -126 -99 197 167 -86 -45 -130 50 -145 -126 -80 154 85 -124 -169 -72 -17 -194 -173 107 122 -26 24 159 181 -94 -46 -33 -115 80 3 -90 -22 -116 137 -81 78 106 197 11 -81 -30 48 -8 97 -35 193 -179 186 -15 -26 -81 140 4 -124 -70 -2 113 64 -192 -152 -14 -192 1 -183 5 183 75 41 120 200 -171 -70 47 -82 80 46 88 86 -139 -78 -12 -140 74 -174 -143 -192 -67 167 108 13 -25 67 152 -188 -16 3 27 34 193 -159 -193 -195 97 -3 -45 -105 -135 149 -50 42 67 -7 -175 -78 -136 -175 -18 -72 -38 -136 80 69 -31 -136 -48 -83 18 20 -66 -183 -27 6 -152 -116 -133 -172 19 153 -178 -104 -173 47 9 -53 -109 1 -68 -125 110 73 -44 109 -143 -117 62 -9 -68 165 -125 -162 -70 -25 -55 24 -197 196 -45 -117 126 37 109 -151 -64 -159 43 -150 186 -9 41 -163 85 16 -186 -162 -200 -106 -42 -22 126 80 -6 -65 39 80 -29 -156 -143 107 129 -11 -38 144 10 44 141 -21 -53 -22 142 165 -78 177 -102 -146 126 -131 -42 33 -170 -97 -45 180 103 138 82 -31 -39 -139 52 -9 195 -70 -175 80 89 -160 -164 -71 124 48 172 16 36 68 26 83 -88 96 -56 -126 88 -88 -102 -158 74 -80 176 -61 -16 -194 -3 -114 135 -1 77 -151 111 -126 -35 -41 -162 -100 -183 -200 151 -50 125 69 -67 -78 80 -68 -16 -67 54 -31 173 134 -13 -155 -59 -147 76 -85 -176 133 62 -131 197 67 132 99 -152 131 -45 36 -170 184 -33 -58 16 137 -87 91 46 -174 -53 -24 -54 62 -70 105 141 -44 -51 -61 -91 9 189 -12 72 53 -99 22 63 -148 -156 -29 19 -131 45 -144 181 185 -70 -29 -98 -8 -172 -13 184 -41 -75 -38 -154 -146 -166 -68 65 -188 -93 -48 -134 96 106 62 -123 145 13 -44 148 9 152 -77 70 -191 33 -178 -146 194 -181 185 -152 106 -34 151 50 -187 -130 38 -60 -150 101 109 -163 -62 -91 -45 -52 31 -19 -87 -189 -165 76 9 -154 39 7 182 177 -193 -77 -72 -188 -193 1 48 -79 173 -36 -173 -60 -34 -135 27 -92 165 -198 -66 -63 -134 -126 -144 -54 -43 -174 36 104 -124 71 195 136 -65 -5 31 160 171 -77 -90 155 88 44 125 61 -67 -186 -26 -198 109 3 -65 81 27 -187
171 -23 127 66 46 61 119 3 -118 -5 -169 -90 -82 182 -27 -163 96 174 -17 66 -177 -77 -13 57 144 127 -148 180 -8 -182 -7 -103 45 63 143 -141 -134 -71 41 60 -28 -60 -54 -13 15 -5 75 199 102 -78 110 -11 200 -116 155 114 -16 -20 64 193 61 -52 14 -125 -48 41 67 -131 -55 -73 -200 34 94 173 77 87 -69 -72 188 -169 148 -9 -182 64 -36 -49 -37 -107 -76 84 -142 -78 195 -186 -168 -73 -122 20 181 -112 -57 188 183 155 129 48 -104 151 198 97 40 118 43 152 -37 181 -77 14 -36 -25 193 67 -146 -8 92 -175 -138 -106 -7 -172 90 70 -125 -167 -3 123 118 38 192 76 8 180 67 -194 169 106 -35 -168 22 -172 32 4 61 135 -142 10 89 -192 -165 139 -96 44 91 -145 157 45 -66 50 -99 -77 68 181 18 -151 196 158 -161 37 -160 -58 -172 -116 -96 -83 94 -125 -148 169 -156 -197 -196 -175 -150 -102 -35 -71 15 -116 -75 84 -66 31 68 -87 118 8 -186 130 -112 -90 46 -165 -98 -170 151 -160 -54 157 115 190 153 -17 160 112 -61 16 -2 83 -30 -134 85 -5 105 -86 -34 -59 -73 -186 -149 179 151 -165 -187 -141 168 108 -81 -161 -9 -70 -142 177 175 -173 74 107 151 64 185 76 79 -48 187 -4 38 152 163 73 -97 -187 -75 -150 -166 168 -11 55 169 177 -69 30 187 -76 147 -60 -9 -188 -89 -78 49 96 -183 -54 -166 -36 -20 -127 95 11 -92 138 -200 -148 103 108 -52 -74 70 76 -73 -133 -81 -60 -80 -3 -113 -13 -123 -47 -179 -91 -172 -151 -81 17 107 -50 46 122 -155 31 23 -153 92 35 -15 19 11 81 159 62 -81 -172 23 -28 -46 135 5 24 -14 -133 -58 -39 174 -84 190 51 -129 -141 -110 76 108 -104 7 140 104 -98 128 -62 97 173 199 67 191 -86 -3 186 127 -176 -146 -92 -36 81 199 -75 141 168 -102 -124 21 -89 -125 -159 145 74 -196 190 -107 184 -94 130 -68 -10 -77 -57 7 156 68 183 -79 190 38 -16 19 -60 -172 -4 182 32 110 -45 52 10 183 64 -51 113 -67 35 -108 -140 -81 -166 118 81 191 -88 -96 107 -139 72 105 7 -185 -106 87 -149 -114 -92 192 195 -78 197 -94 -18 118 145 48 178 -147 -78 8 -65 -136 -137 -94 -112 126 58 152 131 -107 -144 -68 76 -160 143 135 -110 -129 25 82 189 -99 -200 19 149 -13 -93 65 -78 -83 -85 24 58 62 -103 156 -34 -61 -93
171 -151 -179 149 186 73 151 198 97 40 -103 -25 193 67 -146 170 98 165 -46 155 31 23 -153 92 35 -15 19 11 81 159 -46 50 -107 107 -139 72 105 7 -185 -106 87 -149 -114 -92 192 195 -78 197 -94 -18 118 145 48 178 -87 118 8 -186 130 -112 -90 -8 92 -175 106 138 -7 -172 -22 123 13 182 9 -177 142 70 9 161 -187 -141 168 159 125 89 84 -66 31 68 -147 172 -19 -148 169 -156 -58 149 73 -63 -45 103 7 182 -174 39 58 133 -96 -49 78 -183 107 151 64 185 76 79 -48 60 -65 93 13 -69 30 187 -76 147 -60 -9 -188 183 14 -24 -5 -68 77 99 -50 66 -45 -157 145 -91 -44 96 -139 10 61 135 -142 165 192 -89 -4 59 34 86 -105 5 -85 134 30 -83 2 -16 61 -112 -160 17 -127 -144 -57 13 77 104 -48 -129 -155 91 179 47 168 35 -106 -169 127 -176 -146 82 189 -99 -200 -67 -199 -125 64 94 137 136 65 -129 25 -34 200 73 55 78 142 -84 76 107 37 -8 -62 122 177 -122 187 97 -73 -116 -96 -83 94 -144 -68 76 -49 -180 148 -153 -96 163 27 -182 82 90 169 5 92 -67 -41 48 125 -14 52 -61 -193 -64 20 16 -114 -155 116 -15 116 -15 71 35 102 150 175 196 126 58 152 131 -107 -173 -62 97 -128 98 -104 -8 78 187 -4 -28 -46 135 76 108 -181 110 141 129 92 -11 -95 127 20 55 169 68 183 -79 190 38 -16 -21 124 102 -168 -60 -172 -4 10 68 143 135 -110 -140 -7 104 18 -151 186 -195 131 94 173 77 87 182 32 110 -45 -38 -118 -123 3 167 125 -70 -86 -3 186 -78 110 -11 200 -5 75 199 102 89 -54 156 -172 -151 -81 17 -17 66 -177 -32 172 90 -191 152 163 -80 -3 -60 -54 -13 -75 -3 -119 -61 -46 -66 -127 23 -165 81 -108 188 -169 -191 -81 -118 166 81 140 108 -35 67 -113 51 -64 -183 -10 -52 192 76 8 180 67 -194 -168 143 -141 -134 -71 41 60 -28 -113 -38 14 -36 148 200 72 166 103 -62 -58 -24 145 74 -196 190 -107 184 -160 -197 -112 -57 188 -74 173 -175 -148 -88 -96 -174 -190 -115 -157 54 160 -151 -156 -7 57 77 -69 -36 11 -168 166 150 75 -141 75 -199 -81 36 118 43 152 -37 181 -77 -23 172 81 -84 190 51 -20 -19 -118 108 -52 -74 70 76 -73 -133 -81 -78 -83 -85 -138 181 112 -36 -160 196 158 -161 37 -94 130 -34 -61 -93
-74 60 131 85 -1 98 -28 -144 59 101 73 -47 -194 142 28 -18 -144 -112 -140 -99 -105 -170 -161 -52 167 17 3 -124 67 93 105 -17 -114 -93 200 69 147 101 84 198 198 -36 57 -148 106 -56 -196 -95 -166 -64 64 98 9 43 53 39 -159 28 -90 65 23 176 49 21 -147 27 -60 134 -11 36 123 16 148 35 -54 165 -1 -11 110 -166 -130 185 -198 107 -72 108 102 -25 196 -143 -85 -148 16 -41 -55 17 67 -73 137 62 -26 -33 -27 -10 -163 -25 -51 -7 -117 107 119 171 -56 88 196 -7 2 -129 -22 93 37 197 -188 110 34 116 166 -40 161 -85 -189 -148 3 48 -40 68 -96 48 -119 183 164 -150 -161 168 109 -34 -30 -28 60 65 -78 127 152 36 115 129 62 197 -185 -173 -21 60 47 95 -191 -108 -120 36 134 -171 78 -97 -114 71 186 -107 -28 116 138 -4 -174 -115 6 -43 -3 140 -44 79 -92 -95 175 -116 -71 -118 -75 198 164 164 -134 -14 109 89 31 107 44 -63 -159 -53 -44 86 60 -181 139 -178 -62 161 40 -179 151 -45 -120 -41 -176 117 -184 20 79 60 -135 154 86 124 55 -12 179 46 -92 149 159 -20 131 -148 153 -123 60 -65 41 199 -57 29 -168 -76 -93 -74 41 184 175 -17 50 1 124 146 197 132 -22 121 153 146 -158 50 -5 -141 198 -113 -92 95 81 -3 -128 -184 83 -111 64 -48 -180 50 30 -31 -23 -136 189 22 -11 66 145 -107 167 77 83 -10 97 -188 -65 -38 39 34 -36 12 195 101 -41 -87 -149 106 130 179 157 137 56 -12 -120 -4 -18 37 -27 66 -86 77 37 -34 -105 21 -37 -93 -72 13 48 -29 -110 -132 49 196 92 106 128 6 21 163 -195 156 -30 37 -82 60 62 41 -165 80 -116 -114 84 169 56 57 -142 -149 -141 7 136 84 156 -24 -43 -173 22 -16 -88 52 -92 94 -115 -73 90 -53 -61 121 -139 59 -70 182 66 128 184 -190 -184 73 49 93 -142 157 -172 -83 196 -159 142 -41 -36 102 -136 -114 -86 -190 -146 41 -37 -59 -90 -154 134 -85 114 -30 -168 196 127 98 -143 -146 141 -154 -199 129 56 -67 -195 133 100 18 -155 27 -184 -3 -99 66 -141 45 176 -132 79 -164 -166 -192 -21 16 -165 59 -191 -11 -140 -49 35 -142 -82 192 -191 129 130 6 145 -10 39 -58 150 -111 -24 -42 -54 -92 -134 178 -10 -174 -62 -91 101 46 -112 -115 -98 -125 176 164 78 73 -19 128 107 -175 -107 -165
-74 60 131 85 -1 98 -28 83 -111 64 -48 -180 50 66 -141 -134 -120 -41 -176 117 -184 -46 -101 91 62 174 10 100 18 -155 27 124 -198 42 24 111 -150 58 -39 10 -145 -6 176 -132 -21 105 73 -19 11 66 -31 106 130 179 157 137 -73 -101 -144 -112 -140 -99 -105 -170 198 -185 130 166 141 149 -92 94 192 166 184 175 -17 50 1 124 146 197 132 -22 121 153 146 -68 40 -48 -3 148 189 -139 59 -70 182 66 -60 134 -145 -179 151 -45 178 -108 -120 171 -134 -85 29 -99 30 -40 90 -53 101 -92 95 81 -85 114 18 -28 49 140 128 119 171 -176 125 7 167 77 83 -10 27 116 138 -4 -174 -115 6 142 -57 -56 -169 -139 181 -60 -86 44 53 175 -116 -37 -102 -108 72 -107 -161 -52 -165 80 -116 -114 84 -178 93 184 -190 60 47 95 -191 -133 195 65 188 -97 66 -86 77 -25 101 84 -54 87 41 113 -198 141 5 -50 158 -96 48 -119 183 164 -150 -161 168 109 164 -79 -37 -93 -72 13 48 -21 -6 -128 -106 -92 -41 73 115 -21 16 -165 59 195 -163 -107 51 25 163 10 -67 124 -3 -17 -167 -41 -62 -60 82 -37 30 -156 -191 11 -22 -189 136 23 149 -92 45 -130 -129 191 -192 82 142 -35 -142 -78 -164 -56 88 188 -197 -37 -93 22 129 -2 7 -90 -154 134 154 -141 146 143 -179 12 -55 -92 149 159 -20 131 -148 153 -123 60 -65 41 199 -57 -148 16 -196 -49 132 110 29 -11 24 36 -34 -39 38 -43 -3 140 -44 79 -118 -75 198 164 -89 37 -41 146 190 86 114 197 -185 -173 -21 -184 73 49 34 -71 -92 -95 -109 14 134 -164 -106 148 -57 135 -60 -79 -20 -112 -26 -33 -27 -62 -107 117 98 115 -161 107 127 98 46 198 -36 154 86 -184 -3 95 196 56 31 107 44 67 -73 137 62 -121 61 129 62 136 -102 36 41 129 52 67 -56 88 16 -22 173 43 36 123 16 148 35 -54 165 -1 -11 110 -128 -27 147 -21 -49 -176 -23 -65 90 -28 159 -39 -53 -43 -9 -98 -64 64 166 110 34 116 166 -40 161 -85 -186 -71 114 97 -78 36 34 -41 74 93 76 168 196 -28 -37 18 4 -115 -36 -152 -127 78 -65 -60 28 30 143 -196 -147 -69 -200 93 114 17 -105 7 136 84 156 12 195 93 -142 157 -172 -83 196 -159 142 199 -3 -128 -184 -144 59 59 159 63 -17 55 -107 -30 -168 196 12 -56 -47 -194 120 -175 -107 -165
42 -154 -24 76 -7 -177 153 -184 -174 15 -12 54 75 92 -154 -89 114 -25 -57 -88 11 142 194 -176 -55 1 189 -59 -46 86 83 -97 -59 -191 84 -2 -110 138 -16 -63 -18 -171 -91 15 19 -64 79 105 -148 90 -166 88 -84 42 -191 182 -112 -20 -61 104 8 -110 84 -66 58 -7 193 -9 -124 133 35 -40 158 -9 -78 -43 -115 -55 67 174 -144 195 -171 -137 142 -182 68 45 123 -86 -21 69 29 185 -176 27 -90 124 -96 -77 170 -56 -167 -99 10 108 -148 55 -138 -72 26 74 78 113 80 20 -84 -35 148 135 173 187 53 64 -151 18 -147 91 4 -24 -177 -149 -111 101 86 183 95 -9 -116 -5 55 95 -62 54 -38 69 -99 200 76 -61 26 -152 110 -159 143 194 168 -143 94 165 -55 113 -61 147 34 64 -51 62 199 -173 51 -94 71 114 -183 107 -192 91 -49 190 40 -59 -133 130 -185 134 70 -28 -102 194 186 -185 103 -76 50 -58 -53 -115 173 200 171 62 132 135 -11 -93 -29 106 34 -164 24 146 21 -188 -159 -116 -66 25 102 60 -16 -13 -68 -168 -27 -125 120 -76 14 121 132 -188 138 111 184 -86 -51 -111 -102 -192 -200 -121 41 179 -2 -139 80 -135 153 -68 -9 60 79 -126 198 -7 47 -112 167 -83 -1 170 -83 -129 -34 -59 -14 -20 166 -3 90 79 -21 -162 -124 144 76 -135 140 58 -172 -3 -134 176 31 -53 -37 -53 -127 166 -112 157 179 -17 -11 -27 -81 -6 68 41 58 98 184 -172 -49 -39 -64 18 86 186 174 -76 -90 -133 -145 -62 87 -156 -146 -151 89 -73 -146 -102 129 14 -36 96 83 -80 85 -63 188 187 -81 -113 -185 94 -179 -124 -17 -191 143 -125 -186 -183 170 39 -25 76 149 38 138 93 94 176 105 -58 95 -169 62 -149 -87 44 44 -46 -105 111 -14 -136 -83 -130 36 -104 195 -132 143 3 172 -135 -173 -72 -82 -6 97 -51 -68 -72 -149 191 139 126 -33 152 -161 -168 -156 -89 143 6 -6 183 -109 -149 142 -102 -16 -181 -199 -82 -165 -151 35 117 -72 66 73 45 -142 43 -85 100 91 -84 -58 21 -192 12 37 -11 62 -64 -107 -72 -178 69 36 -182 110 -24 6 -154 80 39 -51 92 -128 181 112 29 198 -68 -174 -124 34 -188 -72 23 105 -110 -182 12 156 -54 -49 -138 -112 125 -138 102 -129 -85 -195 -100 30 -34 52 -107 152 28 -61 -121 178 104 29 55 32 183 -110 -196 -15 -164 -113 -121 131 -67 -55 -13 -11 -36
42 -154 94 -100 30 -34 52 -107 152 28 -61 196 110 -183 -32 -55 -29 -104 -79 -60 9 39 49 172 -184 -98 -58 -41 -68 -11 -81 -6 -135 -132 91 4 -112 167 110 2 -84 191 59 -168 -24 3 -166 20 14 59 -182 -78 -110 84 -66 58 -7 193 -9 -124 133 -149 148 142 -182 68 68 -153 135 -80 139 2 -61 20 29 185 -176 -53 -37 -53 -147 66 116 159 -76 45 177 7 -76 90 183 -114 -111 -72 -82 -6 97 -51 -68 -115 173 200 171 62 25 102 6 -6 -143 -149 121 113 164 15 151 -198 -29 72 138 -55 -111 101 86 183 -148 35 84 89 -73 -146 138 -16 13 55 67 -131 -87 44 44 -46 -105 111 58 -172 -3 -134 176 31 -184 -174 15 -12 54 75 110 -24 6 -154 80 39 -51 92 -140 135 -76 -144 110 -105 -23 72 188 -34 124 174 68 -64 -53 -187 -173 -135 11 17 -15 91 -143 191 17 124 179 -94 129 -102 138 -21 58 84 -91 -100 85 -43 142 -45 -72 66 73 -117 -35 -120 125 -76 156 -87 199 181 69 151 146 86 186 106 34 -164 -5 55 9 -95 -27 -93 -29 174 103 -76 50 -58 -86 -108 -10 99 -59 -133 130 -21 59 107 64 -62 11 158 89 156 168 161 -152 33 -126 -139 -191 149 72 53 83 -97 -94 -93 -138 -38 -149 27 168 68 13 16 -142 149 109 -183 60 -102 -16 -46 137 171 -195 -185 134 70 -28 55 176 -90 55 115 74 -8 -104 61 20 112 34 129 83 -170 1 83 -128 25 173 194 95 -169 62 -9 -78 -43 -26 -112 -181 -18 64 -143 132 -195 104 -36 130 83 136 -86 -51 143 47 -24 -177 35 -40 -37 -49 -138 -112 125 -192 12 -107 79 -64 79 105 -148 67 174 -144 86 -123 153 18 -127 166 -112 157 179 19 -21 -162 -198 126 -178 121 27 -90 124 -96 -77 170 -56 -167 51 -94 71 -25 -57 -88 11 142 194 -166 88 -84 42 -191 113 80 26 -152 110 -159 143 194 173 -199 -62 51 -64 -34 -147 61 -113 55 -165 195 85 185 113 81 -187 -188 63 -85 80 -83 -96 36 -14 -129 102 -14 -184 -111 -138 188 -132 -121 -14 3 172 -135 102 1 -36 -69 178 72 -189 -182 92 -154 -89 114 -40 -190 49 -91 192 54 -156 -12 182 124 -116 24 146 21 -188 151 165 82 62 145 133 90 76 185 -186 58 -105 -176 7 95 -62 54 -38 69 -99 200 76 -179 -41 121 -63 -18 -171 -125 -186 -183 170 39 192 102 -200 -11 -36
18 193 -20 151 -20 -169 -195 33 -65 -9 -97 59 -188 -94 -133 97 74 147 -191 -172 2 61 41 45 184 -178 -121 -155 195 138 190 141 182 136 30 145 -92 -50 -151 -191 -37 -92 135 83 84 -68 -156 12 16 -78 -190 -185 156 137 -35 48 92 160 68 96 21 -26 -52 47 23 110 -170 64 -180 129 -198 -66 -78 -100 -181 148 175 -39 -189 138 105 -88 -80 -105 93 -131 -95 -19 165 -166 -69 144 102 -117 129 -162 -140 140 -48 97 -99 141 -191 140 140 91 -121 189 -112 -14 99 51 157 -79 165 63 7 40 167 174 145 -197 38 -194 5 -30 57 -32 133 161 122 -162 -14 164 22 94 80 95 55 -31 120 198 173 135 -41 -131 85 138 29 54 -133 -68 25 -15 141 187 -75 195 -16 16 -134 -123 -180 24 79 -14 139 -155 50 104 -192 -7 -12 -49 156 -162 200 180 -193 149 -134 -198 7 116 -18 187 181 111 120 62 -143 -190 -93 -26 -139 8 -152 -107 -172 -184 -17 -159 -98 -168 115 -161 -37 83 -165 31 25 -1 -161 123 43 -143 188 -89 -70 153 45 80 -9 96 48 105 58 160 194 65 -135 151 -175 -12 3 -18 -162 -69 -171 14 -194 -142 33 56 4 22 -176 169 -70 119 34 -178 -23 6 194 146 45 178 43 -10 -37 -78 -172 60 -123 -86 76 153 -168 -180 30 -24 -87 -164 -45 178 63 23 159 59 90 146 60 193 -136 96 -92 36 -161 -34 53 -81 -167 -96 131 -184 184 136 -23 -170 187 161 137 -55 148 52 -198 -104 88 113 -71 -96 105 -9 191 -129 67 74 49 -43 165 140 84 -75 125 -152 -11 -121 112 -169 11 -7 116 29 42 126 -105 -198 -120 -167 -138 136 119 -169 73 -42 -121 -47 186 118 118 96 -148 108 -145 74 -8 -131 -93 -92 -154 -57 -94 112 151 -28 -23 117 -89 -80 -22 96 -169 -101 113 -97 92 84 181 -133 -117 -39 147 148 121 -62 9 178 -154 12 -200 86 85 -63 -134 17 13 37 179 59 -114 11 130 31 92 -11 -85 -102 -185 40 145 -114 -63 159 41 158 12 -33 73 198 148 163 164 -193 -16 -1 -199 43 135 77 -177 152 -179 168 145 -76 -48 -90 4 168 -108 167 134 -125 -127 -43 63 107 -42 73 -19 180 -2 23 16 -96 -52 111 -8 -139 -20 127 -114 112 88 -24 -13 119 -82 -70 132 80 -87 -93 97 192 -61 -60 -72 -74 -43 -185 -140 51 -55 43 -155 -119 -36 35 -172 -128 -199 188 142 -134 -137 39 -143 111
18 193 -20 151 -178 -88 -188 199 -16 16 -134 -123 -180 112 151 -28 -23 10 26 -21 -164 -163 -148 -18 187 181 111 120 62 174 145 -187 170 23 -136 -184 184 -131 96 167 193 179 -152 -198 -73 33 -12 164 22 94 80 95 55 -31 -101 113 70 148 175 -39 -189 -42 73 -19 180 -2 23 16 -96 -52 111 76 -40 185 102 85 11 -92 -31 -130 -11 114 96 48 -56 -33 142 194 -14 171 69 162 18 -3 113 -71 -96 105 -9 -167 156 -162 132 80 -87 -93 97 192 -48 -90 4 9 178 -154 12 14 -79 -24 94 -72 -74 -43 -39 137 134 -129 -16 -12 156 68 -84 -83 -135 92 37 191 151 50 54 47 23 110 -138 -195 51 185 194 11 -7 116 29 42 126 -105 -45 -146 -123 -51 -99 14 112 162 -122 -55 178 -184 -45 -41 -61 -2 172 191 -147 -74 -140 128 172 -35 36 119 -191 134 -125 -127 -43 63 -137 -156 -35 48 -94 -133 97 -140 140 -48 97 96 -166 -69 144 102 -117 -78 -190 -185 107 138 105 -121 14 -189 -158 -41 -159 63 114 -145 -145 -168 -180 -200 88 12 175 -151 107 152 -8 139 26 93 190 143 -198 -120 -167 -138 136 119 -169 73 -42 -121 -47 186 118 118 96 -148 108 -98 -168 115 -161 -37 83 -165 31 25 59 32 63 -79 165 133 52 -43 -20 -169 -154 -57 60 159 17 184 172 149 -134 -198 7 116 177 -77 -135 -43 199 1 16 193 -165 19 95 131 -93 105 7 192 -104 -66 -78 -180 30 -24 -87 -164 -45 178 63 23 159 59 90 146 60 193 -136 96 -92 36 -161 -34 53 -81 135 -34 -15 141 -70 119 -25 68 63 7 -136 -165 43 -49 -200 86 85 -157 -86 76 153 -168 -100 153 45 80 -9 133 161 -140 155 121 40 167 92 13 37 179 -1 -161 123 43 -135 -173 -198 -120 169 -170 64 -180 129 -198 -59 97 188 -127 20 139 8 -61 104 198 -52 -148 55 -74 -67 129 155 -43 -60 75 -187 78 37 169 -172 195 -140 191 -141 99 -68 -160 -92 9 65 -33 195 -82 -70 -145 74 -8 -131 -93 -138 -85 131 41 -143 88 -24 -13 119 30 145 -92 -29 -17 134 -57 30 -5 194 -38 197 161 137 139 -155 50 -114 112 188 -89 181 -97 92 84 181 -133 -117 -39 147 148 121 -62 168 -108 49 12 80 142 -162 91 169 -112 121 11 152 -125 75 -84 -140 -182 -141 -190 -96 22 80 89 -117 176 -22 -4 105 58 160 194 65 -178 -23 6 -143 111
128 -25 -159 -120 -17 -70 163 -128 26 -171 173 128 -68 -141 -150 81 160 173 -56 2 -159 -108 -82 -54 -55 3 50 -166 -166 48 -170 -7 -133 18 198 -136 -144 33 -180 -64 -122 39 -97 -83 73 -179 -194 192 -188 -53 -21 -116 169 106 115 -143 -27 143 95 -76 23 -120 -36 -115 -159 89 -25 -31 -177 19 65 -53 8 -113 172 96 184 182 -89 68 -43 63 84 145 94 -141 -128 -119 131 -129 9 57 -113 156 98 99 -190 -43 -113 165 41 192 4 -145 77 47 -197 -102 -110 -9 29 -122 -101 -107 76 111 -136 121 -1 -200 -48 80 133 -127 -5 53 112 190 -2 -8 81 -115 76 69 83 134 31 171 97 -145 120 24 -146 21 106 72 42 95 191 16 -179 39 83 -48 -109 -118 -117 -40 79 -49 -182 -51 117 173 -174 148 -110 11 61 -27 -42 126 -173 -37 -123 11 196 44 156 177 -127 106 -152 35 -75 95 -5 58 -151 70 -38 190 -105 65 -191 32 6 -51 28 100 136 -9 102 -194 -28 81 42 40 178 -39 18 -8 -134 -22 -71 107 -99 -152 -171 170 -123 157 169 65 105 -41 -146 -8 -149 -11 181 -90 157 187 -104 -145 178 -89 20 -9 -67 -65 -192 110 155 -177 -8 -191 -68 18 -78 186 97 46 -173 90 -38 -65 135 -129 -175 -182 101 -63 20 -107 -72 171 -187 141 92 120 4 145 200 -21 161 82 92 -93 -120 144 91 -50 5 187 166 -24 64 81 -85 178 -11 -148 141 120 -10 -134 -100 -177 168 -132 -20 8 -162 111 27 -64 -4 -12 155 125 41 173 -161 30 -172 -146 -178 -141 -141 76 -142 -175 -40 -190 -29 -109 -118 70 46 21 -52 73 -175 -47 -142 -182 80 -143 187 110 -19 198 69 -47 -154 -72 -16 85 -94 -68 -82 -172 98 -50 176 -82 185 4 141 40 -78 148 -26 -183 -3 -128 -125 50 -56 28 -15 -44 33 91 -184 122 29 10 180 -7 -160 -186 197 -118 73 63 6 -38 69 13 64 -90 47 23 -26 -143 -63 23 13 164 -120 23 -186 71 97 -181 150 -107 -163 -24 -158 -106 -171 140 139 18 -69 145 165 -126 130 108 -111 196 -72 -126 68 156 -41 79 157 -51 43 -22 -80 21 99 107 -160 -69 64 178 -107 -135 -151 24 182 74 -108 33 134 -161 146 -31 165 -150 83 -188 44 -178 174 -157 134 -143 -114 106 -81 -84 -146 -180 -74 -109 -28 -67 145 -160 -109 -142 128 61 -74 133 187 1 -85 61 81 17 81 110 -39 175 -114 -191 35 153 -164 25
128 -25 -159 -120 -17 -70 163 -128 26 -191 35 61 17 81 110 -39 -81 -145 67 -84 56 -173 -160 -81 -89 68 -43 63 -74 133 187 109 44 -178 174 -157 141 40 -78 148 -48 166 166 -50 -3 55 54 -39 122 64 -150 -182 -184 -96 -172 113 -8 53 -65 -19 177 31 25 -89 -173 -117 -82 185 -116 -157 178 53 188 -112 -53 -106 -169 169 65 105 -41 33 -180 141 68 -128 12 4 -187 -157 90 -102 -110 69 160 -107 -146 21 106 72 200 1 -121 136 -35 152 -171 151 135 108 -74 -182 -24 186 -40 -42 -81 28 194 -102 9 -136 92 -93 -120 144 91 -50 5 187 166 -24 64 81 -85 178 -8 81 -115 76 69 -47 -77 145 -4 8 -68 126 72 78 -113 156 134 10 -120 -141 51 198 69 -47 -154 -72 -16 -190 155 -177 -8 -191 -10 -29 -98 172 82 68 94 -85 40 175 142 -76 141 141 178 146 172 -30 161 -97 192 20 186 -23 192 65 67 9 161 82 -100 -28 51 -6 -32 156 -41 -140 99 -107 71 -115 5 127 -114 -171 173 155 125 27 -61 -11 110 -148 174 159 -42 118 -197 186 160 7 157 19 -110 -187 143 -80 -24 181 -97 -71 132 -168 177 100 98 99 -190 -43 -113 165 145 -97 -171 -31 142 109 -69 145 165 -126 130 108 -111 196 -117 -40 79 -49 -182 -51 -176 50 -139 79 -180 -68 18 -57 -9 129 -131 119 128 141 -94 -145 28 -177 -156 -44 -196 -11 123 37 173 -126 73 -33 44 15 -28 56 -109 -118 70 46 148 -3 -128 -125 50 29 -110 52 -21 -21 -89 20 -178 -41 82 108 159 -2 175 91 -184 122 18 160 -61 145 200 43 -22 182 142 47 175 -73 120 -164 -13 -23 63 143 173 -46 -115 41 173 36 120 -23 76 -95 -143 27 143 22 -107 175 129 -135 65 38 -90 26 -23 -47 90 -64 -13 -69 38 -6 -63 -133 -80 48 42 95 191 16 -70 151 -58 5 -95 75 29 -122 -101 -21 80 163 107 -150 -158 -106 -134 -83 -197 -48 -109 -118 72 107 -20 63 -101 182 33 134 -161 146 -31 165 -136 -144 -146 -8 -149 -11 181 -83 -39 179 -38 190 -120 -92 -141 187 -106 127 1 4 85 -105 65 -191 64 178 134 8 -18 39 -21 4 134 -143 81 -106 114 -84 -146 -180 -74 188 -83 150 -198 -18 133 7 170 -26 -183 11 2 -190 -192 194 179 -73 83 97 120 24 -99 -107 76 111 9 -162 111 27 123 -170 171 152 171 128 153 104 64 145 -164 25
-151 -139 95 -178 -83 -162 -13 54 -83 -179 -109 -10 197 159 154 85 -173 -163 37 192 -108 130 41 -160 99 175 -160 58 47 163 24 147 108 -22 2 -151 -142 -129 -161 96 -116 -4 -91 -21 67 59 44 -18 163 -111 28 -21 163 -184 -59 60 181 -80 21 -75 88 21 170 -94 -19 175 150 144 164 131 -45 67 -164 -18 177 119 -2 70 -100 82 -101 -27 137 189 -65 32 -60 161 -195 -26 -168 148 -125 -111 -169 173 139 7 108 -30 143 54 -169 -155 19 32 147 151 78 -200 -40 -198 -66 116 -178 170 184 -190 -190 -181 199 106 -200 158 -85 -191 -109 -155 -6 -87 87 46 -16 -114 66 10 -5 37 -99 -18 -111 168 -50 121 193 19 114 -60 -73 -156 71 -128 63 -5 106 5 -148 186 -88 65 -113 -70 -107 -125 -42 -47 103 155 -120 174 49 180 -100 162 -193 -146 -39 189 93 51 -13 110 -172 -34 -124 -140 -123 106 -14 -112 121 -109 127 -116 -99 124 114 128 131 21 -73 43 -33 -21 -148 -136 -84 131 108 -161 -90 -145 67 -151 172 -149 -37 -8 -146 -160 123 9 -29 179 -120 95 109 -55 -74 36 112 -7 -40 59 -47 -140 -36 -80 92 -141 -48 20 102 182 181 -47 -171 25 -68 40 153 -149 -123 -37 44 -166 -98 105 -15 -20 55 157 61 -69 136 111 50 -155 -113 133 -30 162 -101 108 189 -83 22 170 134 -38 -2 -133 180 77 -173 144 -40 -55 -52 -52 -99 -5 9 117 -16 -190 3 -107 -73 -25 187 -90 -109 -14 -16 -36 -105 -71 -21 6 -116 -115 -9 37 164 43 52 124 -142 -149 -8 -14 39 -176 -62 88 108 -73 8 -43 -132 39 23 1 90 136 92 198 -141 -165 -46 61 -135 137 -135 -178 -4 101 179 -28 -109 -189 126 -127 176 -105 -79 112 155 9 -59 -71 -44 -56 -31 -147 58 66 102 36 -90 -135 -73 190 155 187 121 -81 -158 -166 -79 139 40 38 157 -31 -15 -27 -59 -78 173 8 -166 188 -80 -180 -108 181 -37 159 185 -16 -59 -99 19 157 55 93 -105 59 141 11 -42 156 130 -139 101 -43 31 177 -125 -157 79 -113 20 89 -94 149 91 -187 -30 -10 98 69 -107 158 28 -12 -118 -110 -1 85 -29 191 -37 -142 -67 -38 85 193 -103 -82 -22 -195 -156 51 42 -134 -193 27 128 70 192 95 74 -127 90 106 -161 -129 -79 -37 17 -153 45 -24 97 -85 146 -58 -178 41 -179 135 43 -126 141 86 200 -89 -43 -120 -159 -177 -93 93 178 -181 -197 187
-151 -74 36 112 -7 -40 59 -47 -140 -36 -80 92 -141 144 -40 -55 -52 -52 51 -13 110 -172 -34 -124 93 -85 -154 -159 -198 -66 -180 -49 -174 120 -155 -102 -66 -21 135 -61 46 189 -83 22 170 134 -38 -2 37 -191 29 -85 -175 19 47 -181 -182 139 -130 -134 -193 -83 -162 -13 54 -155 -90 -1 -23 37 164 43 52 -151 -142 -37 163 173 38 67 142 -133 180 77 -173 -48 20 -146 -160 123 9 -29 42 125 107 70 113 -65 88 -186 -70 2 -119 -177 18 -71 -44 181 -178 -93 -140 9 -91 151 31 177 -125 -157 79 -112 79 105 -176 -107 158 28 -12 -118 -86 -141 126 73 -82 100 148 -5 -106 5 -63 116 94 87 133 -30 162 -101 108 165 141 -198 -92 -136 -10 -8 102 101 -43 -67 145 90 108 -192 -129 191 161 -109 184 -163 21 -28 121 193 19 132 -149 -37 197 40 200 -78 -151 -147 -32 -19 155 169 156 -42 -51 156 195 22 82 103 -193 -85 177 159 -178 -4 101 25 73 107 67 -164 59 -9 -83 -179 -109 -113 20 89 -37 5 -10 98 69 -27 -94 -171 30 -108 -81 -158 -166 -79 -9 -178 170 184 -190 -190 -181 199 106 -200 158 -2 22 -108 -147 -24 -153 45 -173 78 59 27 15 31 -157 -38 79 129 -168 -116 -99 124 114 128 131 137 -135 -100 162 -193 -146 -39 189 93 -99 -5 -116 120 43 15 -105 98 166 -44 37 123 149 -153 -40 68 -25 143 54 -155 -113 6 155 -59 60 181 -80 21 -75 88 21 -90 -135 -101 127 -126 -62 -131 84 136 148 43 -8 73 -108 -88 108 -161 -32 65 -189 -137 -170 -36 139 7 -121 -187 -155 -190 -58 160 -175 -99 160 -41 -130 -60 161 -195 -26 -168 148 -69 136 111 50 42 -11 -141 -59 105 -93 -55 -157 -19 99 59 16 -185 -159 37 8 -166 188 40 -37 17 -163 -47 -43 -109 -95 117 -16 -190 3 45 91 -61 -157 -55 20 89 -200 -110 -1 121 187 115 116 -6 21 50 161 -106 -90 127 -74 -95 -192 36 16 -73 -156 71 -128 -4 -125 8 149 142 -124 -85 96 149 172 21 33 -43 73 -58 147 31 56 150 144 164 131 -21 67 59 44 -18 163 -111 71 105 -70 -128 -27 178 -95 139 55 -135 179 -41 178 58 -146 85 -97 24 -181 108 180 80 -139 120 -179 -47 103 -173 169 111 -14 39 -176 189 109 28 -179 187 -90 -109 -14 60 -114 114 16 87 46 -112 18 10 -111 -127 109 66 99 14 -106 123 -39 -30 -197 187
192 107 143 -154 132 30 27 164 -61 -170 55 -191 -87 -113 -28 -152 -41 140 18 -172 -77 -171 -43 175 133 -167 -179 109 -137 115 -24 -153 -171 -156 166 28 102 -45 22 -155 169 -24 -143 -165 -161 -153 102 135 -127 55 -54 134 23 -31 131 169 174 4 -12 149 12 112 -71 86 81 -60 -26 41 158 31 15 -186 -152 -180 42 -128 102 69 2 14 81 42 20 -101 -65 -183 184 134 104 -89 35 166 12 -175 -165 93 65 186 -167 -187 -137 112 194 48 165 -26 15 58 -157 5 113 -105 1 -62 -31 56 168 -119 49 195 159 92 167 83 -34 -63 148 101 -54 81 54 190 66 -92 -146 140 128 -113 -76 -85 28 -68 46 187 -9 175 35 167 -170 3 166 81 -185 7 106 2 -165 -192 -121 -114 107 -188 -55 49 57 118 71 123 89 -184 -42 -29 -196 65 -110 80 -145 -35 -87 -151 90 -166 -63 -67 -44 -107 184 -5 164 154 -97 -130 74 180 112 -3 -103 199 -26 64 -121 73 -102 -38 176 -174 -86 -65 33 117 41 164 -38 -14 124 -100 -108 190 74 115 -66 -59 170 9 107 148 -127 69 22 161 -104 178 -172 124 35 192 150 -58 3 -196 79 -146 -67 107 124 -47 139 -144 57 -123 115 -119 105 151 12 -71 54 -13 83 -161 102 96 -171 59 56 188 -129 -89 -121 -150 2 -185 -112 161 -75 -45 -49 -53 87 -48 54 -178 -171 184 10 -71 73 -124 -39 8 7 35 -34 37 -142 95 -5 41 117 -113 118 95 -62 184 -34 -94 -200 -168 -8 -129 -9 114 -169 -199 -7 168 199 6 145 -43 -83 -137 27 -155 97 -191 -169 176 -179 -64 -49 -70 -35 165 -134 -76 19 149 -170 -117 -57 -104 147 -16 122 -29 -196 182 11 -188 51 1 46 27 -33 -181 113 190 82 28 -16 -36 12 17 71 134 194 -110 83 -90 84 -97 24 -61 187 144 -50 -196 150 8 -183 -29 139 3 -82 4 -62 -176 55 147 157 -69 178 2 43 -53 -195 193 21 -167 -188 100 152 57 11 89 -145 -104 -111 -101 30 123 125 13 118 -142 33 35 -19 154 -85 156 80 93 73 1 -75 86 -127 185 -37 -163 -45 46 -109 -1 171 -155 167 47 121 36 7 26 49 153 174 98 -108 110 -160 43 -114 134 -175 -83 -196 -77 97 176 -59 63 1 -104 -132 -87 154 141 181 -192 171 -51 65 -98 147 82 -10 125 35 -187 -48 -137 60 -161 -50 -4 -178 124 -37 86 -131 -81 141 132 109 -46 -74 28 -96 -13
192 107 143 -154 132 30 27 164 -61 -137 -107 184 -5 164 -28 -166 54 190 66 -92 -146 93 -147 -55 176 170 113 -128 -140 -80 -156 85 -154 19 -35 -121 38 102 -73 121 143 24 -169 155 -22 45 -102 4 50 -65 186 -167 -187 -137 112 194 36 -196 182 11 -188 51 1 46 27 -33 -181 -87 175 -12 -166 -35 89 -54 48 -87 53 49 45 75 -161 112 185 -2 150 121 -95 81 42 -7 9 -71 54 -13 83 -161 102 96 -171 59 56 -107 114 176 -174 -86 -65 33 117 41 164 -79 196 -3 58 -150 -192 -35 -124 171 -112 -180 -181 -141 134 113 -170 55 -82 -190 -113 191 28 29 -122 16 133 -167 -179 109 139 -144 175 -147 104 57 117 170 -149 -19 76 -28 74 46 -172 -44 115 11 89 -145 -104 -111 -101 30 94 34 -184 62 -95 -118 113 -117 -41 5 89 191 -97 155 -27 165 -113 -28 -89 -123 -71 -118 109 -46 7 199 169 -114 9 57 -16 -23 -134 54 123 125 13 118 -142 33 -60 137 48 187 -35 97 -125 10 -82 -147 98 -65 51 -3 -1 -73 12 -4 -174 -169 -131 31 -36 12 -105 1 -62 -81 54 -101 -148 63 34 -83 -167 -92 -159 -195 -49 119 -168 -56 31 83 14 142 -37 34 -35 -7 -8 39 124 -73 -48 -121 -26 15 58 -157 -180 42 -128 102 69 2 -90 115 -66 -59 62 -55 49 57 -1 171 -155 167 47 -165 -193 195 53 -43 -2 -178 69 -157 137 83 43 -145 -6 -199 -168 45 -61 187 144 -50 -31 -110 -10 -184 171 178 -127 69 22 161 -104 178 -109 -132 -141 -149 -178 124 38 -146 -67 130 196 83 108 100 -124 -175 190 14 -37 86 -131 -81 12 105 151 -199 103 -75 86 -127 185 -37 -163 119 -115 -192 -71 21 -167 -188 80 -145 -35 169 129 -188 -188 -4 82 -3 -139 29 183 -8 -150 -2 -106 20 -101 -65 -183 184 134 104 -148 -107 -12 -26 64 -165 -161 -153 102 135 -127 55 -200 -168 -68 46 187 -9 175 35 167 -170 3 166 81 -185 -134 -71 -17 47 -124 -107 74 -49 -26 -7 -24 -153 -171 -156 110 -194 -76 -85 28 -8 -129 -152 -100 67 63 166 -90 151 87 176 108 -98 -174 -153 -71 86 81 -60 93 65 196 -26 41 158 161 192 165 196 18 -172 -77 -171 -43 57 -123 -112 -35 165 -5 152 186 -15 -140 41 152 -184 -42 -29 154 -97 -77 97 176 -59 63 1 -104 -132 -87 154 70 49 -110 -179 -64 -160 43 -114 134 74 -24 -84 -96 -13
-49 11 56 152 131 1 -150 110 185 48 194 11 41 -115 165 184 67 -164 52 -135 70 -38 -152 -191 57 197 -133 169 -26 -159 127 38 187 5 154 66 -112 -110 -110 -125 95 -108 25 -165 -90 -31 -175 -35 45 -27 128 -175 -26 -111 145 46 170 12 -4 -70 147 112 43 -14 117 97 -17 -21 19 -33 -191 148 33 -5 -98 162 -76 -22 151 -122 141 75 -15 -176 -148 124 -89 -148 78 26 160 -91 -146 -107 166 173 -24 31 -156 -52 108 100 -179 -58 -100 30 -77 21 -41 17 58 121 36 168 116 102 93 -162 -174 70 -73 -171 111 10 -191 61 -181 -85 -119 -124 169 59 -94 -144 95 167 150 -27 165 83 13 -2 -72 -129 -176 30 -15 -22 74 102 -34 -199 -141 112 121 170 145 -176 -90 17 -11 26 -104 -132 103 123 -10 -133 191 -50 -19 170 34 56 -145 36 75 -149 -149 63 185 23 -22 -69 -147 5 -18 -127 79 -85 77 55 164 -153 127 -41 130 99 -10 -103 -159 132 -52 156 11 51 76 124 -166 -123 -116 93 133 -81 -63 -146 -12 -75 168 163 123 191 -153 129 -128 -117 45 -49 14 -127 -112 -78 151 184 47 174 145 -188 -14 -35 4 87 -163 -90 190 180 -77 160 -141 -161 68 107 -40 47 178 76 64 -14 196 -106 -154 -198 45 -99 111 -125 119 90 108 3 25 -81 -34 58 -169 25 62 122 -55 84 -61 81 25 -76 127 -140 141 89 87 -5 58 40 147 138 -139 -27 89 120 178 -102 -29 -33 14 -126 -25 -75 9 38 -1 28 -171 -154 -107 187 172 128 -38 60 133 29 64 10 21 7 -92 -111 120 -197 183 48 -57 -123 90 42 -34 79 160 -5 -149 -67 165 83 13 -190 133 188 189 155 95 135 7 64 -97 30 -30 -69 -134 10 -87 46 159 -52 40 19 100 -123 -47 6 -45 127 132 -80 -53 102 -159 -5 -121 60 143 -184 -52 123 -1 -30 -56 92 121 -83 190 198 154 88 48 43 -105 -120 35 59 163 56 24 -86 -137 -140 41 -69 -132 -106 181 25 74 146 -12 -188 61 72 199 -111 195 -10 176 134 -22 189 6 -64 -79 130 72 -137 55 16 -11 31 -92 -68 -37 122 -140 -43 14 25 -147 95 -79 -66 23 197 120 -168 9 -172 56 67 -126 -129 -55 -27 159 -155 -193 -174 112 -154 174 -58 -141 -40 179 73 184 73 36 -28 83 115 42 84 -145 29 -77 -30 -183 178 -191 107 188 -186 185 47 -148 12 88 -8 -22 172 7 35 21 -179
-49 11 56 152 -29 145 159 -102 -174 -47 -112 -110 -110 -141 76 141 58 -174 154 100 58 76 -25 -81 61 127 -140 -3 -108 -90 149 149 7 -92 -111 120 13 40 5 154 66 -184 -151 -185 5 45 -99 -10 85 -79 127 -153 -25 -75 55 -122 -73 -179 40 145 -188 -14 -35 4 87 -163 -90 84 -5 -121 -51 -11 -10 -103 -115 -83 28 -36 -30 -183 178 -191 107 188 -186 58 27 55 -178 -47 40 -107 -68 161 41 120 105 -43 -48 -88 -154 -146 -14 33 -127 66 79 123 -150 -167 -95 144 94 172 7 35 -69 -132 184 67 -164 52 -135 70 -38 -190 83 -121 -17 -106 -154 -198 -87 -89 78 -12 -170 -46 -145 111 26 175 -128 27 -45 35 175 31 -124 169 59 22 8 -88 -12 148 -47 40 19 100 -123 -47 6 -45 23 197 120 -168 9 -5 -159 -12 -188 61 72 199 122 -140 -43 14 25 -147 95 -116 93 133 -81 53 80 -132 29 193 12 146 63 97 -17 -21 164 18 -172 -52 -154 -107 187 172 128 -38 60 133 147 69 22 -23 -185 156 -31 24 -173 -166 107 146 91 -86 -137 -140 129 126 -67 -56 -132 -198 38 187 147 138 -139 -27 89 120 178 78 26 160 -24 -56 -25 -181 106 -165 115 -41 -11 -194 -48 -121 -112 141 199 34 -102 -70 -191 61 -181 -85 -119 90 165 -25 108 -95 125 -160 77 -180 -64 -7 -36 145 -56 -34 -170 19 30 -15 -22 74 -73 -171 111 26 -169 133 -197 -57 191 152 176 155 95 135 -45 117 128 -129 75 76 124 -166 -27 165 83 -197 183 48 -57 -123 90 42 -34 79 160 -5 -149 -67 165 83 13 -190 133 188 189 134 -148 124 -89 -148 -190 -42 29 64 77 55 19 -33 -191 148 33 -5 -98 162 -76 -22 151 -122 141 75 -15 -176 -22 189 6 -64 -79 130 72 -137 55 -176 -90 -196 -155 60 143 -184 -52 123 -1 -30 -56 92 -11 26 -104 -132 103 123 -10 -133 191 -50 176 129 72 2 -30 97 -10 -159 127 10 -195 111 37 68 92 -31 11 -81 -34 58 -169 25 62 184 73 77 131 1 -150 110 185 170 -111 21 -75 -100 64 -14 -159 -30 -69 -134 10 -87 46 159 -52 -163 -168 153 -191 -123 -141 25 -16 -145 -125 119 74 -126 127 -38 -9 84 156 -99 -130 121 -30 -112 174 -14 49 -179 -36 -77 21 -41 17 58 41 4 112 127 102 174 162 -93 -102 -116 -168 171 -28 1 -70 63 -52 108 -117 14 -43 -112 -147 -163 -59 -35 21 -179
-140 148 68 122 85 -88 -166 -54 4 -151 41 -1 -186 -2 89 69 191 196 31 -95 -12 -84 -50 -140 54 23 -145 -173 -166 57 -162 78 27 4 -10 -148 167 84 -25 -45 5 50 150 -79 85 181 -177 -96 86 -156 90 153 150 -96 140 -131 82 170 63 144 -173 183 125 55 -189 -58 184 -151 154 -17 -146 -104 -44 154 131 -95 -41 133 88 94 -108 12 38 93 -21 148 159 55 -179 145 -3 147 84 -180 -82 -154 58 147 113 2 47 141 -79 79 175 -196 -108 -60 -5 -194 -154 -41 135 188 95 167 -52 -186 20 21 -13 51 -171 33 -82 115 -100 113 153 27 183 -117 -121 54 119 61 141 -101 57 -135 -89 -33 17 -144 -188 -187 -150 -171 43 76 155 56 27 -195 -149 -15 80 -88 -59 -26 20 -20 -55 -94 -143 84 138 -53 -192 70 -81 -168 2 85 93 -195 199 197 53 -154 -74 181 174 -185 45 52 76 10 -158 -95 187 -189 -128 151 185 79 126 -6 193 -197 52 -174 13 31 -124 188 165 -183 -136 -81 53 -49 -62 -35 -122 143 13 -140 180 -71 -39 49 -121 128 59 -76 -187 163 -6 134 173 -120 -73 -84 -56 -111 -192 67 -4 187 5 -164 142 -166 38 -83 104 112 152 31 -114 -67 114 195 -180 -20 -108 -57 56 -125 -14 12 -72 96 -182 -164 -145 -108 76 173 -152 -25 -102 -169 94 -63 143 -168 -113 39 152 -37 -51 37 75 41 83 80 185 -107 -131 144 -87 -86 -91 78 101 189 199 -151 193 -164 132 126 -182 -125 118 179 -167 76 -179 27 -70 18 27 118 -119 -166 -49 -103 -8 184 7 10 149 40 -1 -43 -178 -189 -118 163 -86 -55 90 -20 -145 -154 -145 -187 43 84 -115 67 94 63 -169 -63 15 10 80 104 -188 162 -124 -2 128 -44 21 -69 -79 132 -150 115 -90 87 -134 -66 -13 -117 140 -172 55 -101 -53 -30 -198 -3 115 -57 2 25 -124 -30 -77 89 -188 26 176 187 60 12 -55 -15 -30 16 10 -110 -115 -79 -22 25 8 141 37 6 -196 42 -99 -10 105 -166 -51 102 -195 181 -112 -188 172 165 111 161 22 172 131 -33 -14 -67 200 -157 56 -22 -31 22 -189 -163 -56 -82 148 -120 189 -158 117 -128 161 136 183 182 188 -16 -10 144 95 137 -153 84 116 -72 -72 147 -182 33 25 -193 126 -153 -95 49 89 57 85 -43 -60 20 -90 -170 55 -60 -55 179 39 -59 31 92 68 60 -50 -148 -121 81 -179 -109 -115 -171 -167 -59 -86 -153 26 195
135 -57 151 -4 54 166 88 -85 -122 -68 -148 140 -89 -63 143 -167 76 -179 27 -70 18 -170 49 -121 128 -55 -94 -143 84 138 -53 -192 70 -81 -168 2 85 93 -195 199 197 53 -154 -74 181 174 -185 45 52 145 188 131 107 -185 -80 -83 -41 -58 154 -58 184 -111 -192 67 -4 43 -85 -57 -89 42 -99 -10 105 -166 -51 102 -195 -20 26 59 -90 55 86 -163 176 187 -140 117 13 66 134 63 -169 -60 20 -90 162 -57 166 173 145 -23 -54 140 50 84 12 95 -31 -196 -191 -69 -89 2 -81 53 -49 -62 112 152 31 -114 -67 114 128 -117 -167 -59 -50 -55 -125 -125 -187 43 -95 -41 133 -30 20 88 -149 -15 80 195 -27 -56 -20 186 -94 -67 115 -84 144 -173 183 -56 -20 -96 144 -17 33 -94 169 102 25 152 141 38 -83 104 -35 -161 -111 -165 150 149 40 -1 -43 -178 141 -101 153 -126 193 -25 -184 187 -189 -128 151 -60 -55 179 -177 59 -76 -173 -76 108 145 10 -110 -115 -79 -22 25 8 141 37 6 -196 -170 55 27 183 -117 150 -132 -10 172 109 179 -81 121 148 33 -131 -172 -22 -122 143 -145 -154 172 -171 -10 144 95 137 -153 84 116 -72 -72 147 -20 -108 -57 108 -182 -85 79 182 -96 90 63 187 5 -164 142 -166 17 -154 151 56 84 73 120 -173 -134 6 -163 187 -47 -2 -113 -147 -75 -100 113 153 -22 -115 3 198 13 -140 180 22 -39 -82 -186 136 183 -165 -188 -146 25 -44 154 131 -63 27 118 -119 -95 49 78 27 4 79 16 -188 -182 -183 -136 53 101 -55 -148 167 84 -25 -45 5 -189 -124 -2 128 -44 21 -69 -51 37 194 5 -72 156 -86 -188 -187 -10 -7 -33 182 180 -195 161 88 92 68 60 -50 -14 -67 200 -157 56 185 79 126 -6 193 -197 52 -153 15 10 80 104 -188 162 82 180 -84 -147 3 -145 179 -55 -159 -148 21 -93 -38 -189 -118 -26 188 -89 -189 -163 -56 -82 148 -120 189 -158 171 115 60 12 115 -154 -41 -104 -124 -30 -77 71 31 -57 2 135 188 95 -140 96 168 -179 -118 125 181 39 -59 31 94 -108 12 150 -164 -16 181 -112 144 -87 -86 -91 78 101 189 199 -151 193 -164 132 126 196 -175 -79 79 124 -31 -13 174 -155 -76 -43 37 -152 -39 113 -150 1 -41 -166 -49 -103 -8 95 158 -10 -76 -14 12 60 30 15 55 82 -33 171 -51 13 -21 131 167 -52 -87 90 -115 -121 54 119 -86 -153 -61 26 195
136 -110 140 -200 -13 -189 -4 120 -68 65 13 -89 -178 -127 -161 -47 -45 166 -39 -107 -35 149 187 24 -47 1 -6 179 76 158 114 187 139 24 -165 86 -117 -41 69 -67 163 -47 75 176 180 85 143 32 160 130 163 -163 -130 146 76 25 193 -118 -25 126 -30 -91 -46 -190 -150 10 10 95 -113 -78 -193 -47 -195 35 194 14 -7 54 -28 160 -133 -165 27 -14 102 -57 -196 195 6 8 134 106 107 -64 -9 -36 -157 62 -103 -171 105 -3 197 107 -146 17 57 -23 -110 54 -180 48 2 160 -106 122 -38 -127 155 71 -18 -141 -21 -152 176 6 103 147 22 -67 -106 -150 -7 -30 -117 150 86 58 -114 -143 -24 -145 37 26 -46 169 192 119 10 157 97 64 -93 -185 -17 -20 -82 160 189 -34 114 136 39 -199 175 -110 -61 6 -53 157 -176 181 -185 22 6 72 189 40 16 12 -198 195 123 -175 -86 -69 -165 -176 -81 -185 68 -174 -42 -114 118 60 26 -99 105 -141 81 66 -90 86 48 -128 -159 -83 44 -154 120 -13 -116 121 182 158 27 -144 188 160 145 181 120 145 -161 -20 149 -53 95 24 -97 -28 -6 196 -117 59 119 141 -176 -6 -12 -54 7 44 84 -93 62 21 -99 57 10 87 111 -116 163 157 -55 -102 -140 -175 64 -13 119 171 -197 199 127 177 -176 35 -184 128 -145 -112 162 95 129 93 -34 -171 -100 140 -7 -2 -200 33 179 -169 110 164 -180 -56 142 -194 84 49 -169 -52 -74 2 33 -21 -128 -113 -71 -113 -143 136 -113 150 -136 -29 168 38 -136 -188 -80 123 68 -134 -10 109 160 152 -46 -151 154 -176 -14 -5 -73 -58 182 -55 199 -119 140 41 -106 -164 -24 -62 -99 -154 167 151 66 -74 -158 -2 127 176 20 -69 -102 126 119 -147 68 -105 167 189 -128 -158 -167 194 165 16 66 147 173 -7 -105 160 -133 119 -135 147 106 62 -89 -178 46 101 44 22 49 -151 169 12 174 -100 174 -89 -71 -163 63 -140 91 193 192 167 9 -28 -6 137 -120 -15 -110 153 -71 -52 154 -179 -96 -56 183 79 69 59 105 26 -47 36 19 -123 98 97 26 155 139 4 171 41 -126 -101 195 149 95 157 -64 61 -19 -116 -12 197 95 -140 159 155 -35 -194 27 7 -157 -34 78 -171 -61 -96 -57 117 150 125 -82 -49 170 44 -70 150 -174 -70 -178 25 56 77 55 -9 -123 -13 85 78 125 -76 37 142 -166 -17 -41 196 101 192 57 6 54 16 -24 -95 38 -91
136 -110 140 -200 -13 47 193 78 113 -95 -10 -10 150 190 46 91 30 -126 167 189 -128 159 128 -48 -86 -42 -114 118 60 -119 13 150 -136 -29 168 38 -136 -188 -80 -154 120 -13 -116 7 -82 -49 113 128 21 -33 -2 74 52 169 -49 -44 -101 -46 178 171 41 -126 194 -142 56 180 20 -176 -81 -16 -40 -189 167 152 -110 -61 6 -53 157 185 -181 176 22 6 72 75 176 180 85 143 32 160 130 163 -68 -83 57 17 57 -23 -30 -117 55 -157 -163 116 -84 -101 195 -70 150 -174 69 -154 167 -69 41 117 -86 165 -24 47 -163 67 151 -74 -158 -160 -2 -48 180 -19 -116 -12 197 95 -140 159 -24 -89 25 118 -193 -25 -16 -165 -194 -114 135 -119 133 -160 105 149 -97 -28 -6 196 -117 59 119 141 -176 -6 -12 -54 7 44 -140 -46 169 192 119 10 157 97 64 -134 -10 109 160 152 -46 -151 171 -78 34 -24 -187 -149 35 107 39 -166 45 47 -145 -112 162 95 129 93 52 -85 13 -113 61 142 -166 -17 -197 199 127 177 -176 93 -79 -183 -105 128 -66 -2 127 176 119 73 5 56 96 179 -154 -34 -171 -58 182 -55 199 -119 197 107 -146 -8 -6 -195 196 44 123 68 -93 -185 120 -68 65 13 -89 -178 -127 67 -22 -147 -103 -6 81 66 -90 114 136 -110 153 -71 78 -184 -4 -139 -155 -26 -97 96 137 -120 -15 39 -199 175 21 141 18 -71 -155 -149 20 161 -145 -120 -181 -145 -160 -188 144 -27 -158 -182 -121 -110 54 -37 -111 -176 14 -7 -37 145 24 143 114 -58 -86 -150 -171 105 -3 140 41 -106 -164 -24 -62 -99 86 175 -198 195 123 -69 -102 126 -123 106 22 49 -151 169 12 174 -100 174 194 35 -155 -16 -189 -160 82 20 17 4 189 -195 35 194 -139 -187 158 185 12 165 174 -163 -130 146 76 -175 64 113 -136 143 64 -157 -95 -24 -95 53 127 38 -122 106 161 76 -125 -35 62 21 -99 57 91 193 71 -150 -19 -36 47 -26 -105 -59 -69 -84 -63 163 167 9 -28 -6 61 154 -176 -14 -68 147 -100 140 -7 -2 -200 33 179 -169 -44 -170 98 -57 117 150 125 -164 -110 7 -173 -147 -66 140 102 103 -62 157 36 9 64 -107 -106 -134 -102 14 -27 165 133 -160 28 -54 26 -196 41 -171 26 -99 105 -141 -87 -10 101 192 57 6 54 -62 -106 -147 -158 -76 -179 6 -1 47 157 -7 -27 -89 -71 -192 123 9 -55 -77 -56 -25 178 70 34 -95 38 -91
-41 -149 -141 -123 126 42 177 11 -42 176 2 -190 -62 9 -14 186 -82 -97 22 -129 43 167 46 -43 -33 126 -10 -71 7 -83 -182 -59 131 -157 139 71 145 161 -176 -17 -19 19 194 -35 -56 -173 -120 -147 -146 -140 103 -136 -190 -72 -86 171 -98 136 56 81 -169 -181 92 -163 74 192 198 -8 -109 14 -66 -181 117 3 153 107 -115 -21 -188 -9 38 44 164 53 -79 116 -119 -28 65 13 76 -194 -146 -178 95 130 47 178 110 28 -69 -2 175 57 42 -51 141 -151 140 94 118 -68 5 -113 104 170 -94 -170 -108 -14 -134 174 -141 -119 173 -4 -160 -125 188 70 -136 191 179 112 -137 -177 -65 90 -198 -82 35 -98 -82 189 24 156 -26 166 -109 -5 68 -169 97 126 186 134 -126 -102 45 57 -186 106 46 -67 187 -173 -196 -4 142 137 -32 -39 45 -89 -39 -196 -127 36 180 -100 26 -190 -68 61 -172 -146 17 -195 172 -144 96 -192 -163 116 64 68 -142 -68 -41 -65 -165 65 -105 -112 166 -24 -183 101 86 66 10 -71 -55 116 83 140 -16 198 87 195 28 -170 -12 174 139 -32 175 194 92 -83 -163 2 -176 121 8 -22 24 167 -198 38 179 -99 113 32 -62 -146 -98 -86 -19 168 87 58 34 2 -109 -116 -186 -160 -69 156 169 -127 -159 -46 87 -15 -97 22 119 146 -72 111 194 -122 -56 -116 117 -188 116 127 126 -42 52 70 -92 86 193 -34 -56 132 -175 152 -90 -185 162 57 -9 -84 30 -70 -168 151 -36 92 -158 -12 40 -74 -168 -165 86 -154 91 113 -85 77 153 -54 -193 -142 146 -176 152 -178 -112 179 -37 187 18 189 15 -49 -100 77 25 153 187 -38 106 200 -45 127 -31 -131 -39 95 -147 -74 133 38 -99 -128 -164 -100 -175 163 84 51 80 -187 -10 23 -177 150 -138 -19 -9 184 76 -199 152 -170 143 -75 -97 -123 -193 -153 -39 132 -57 194 53 -36 84 136 45 -139 137 -23 -23 -33 -23 130 102 169 149 194 33 -154 131 160 107 -1 74 -57 69 104 -80 80 64 17 60 -188 -74 52 -55 -168 -94 -27 56 -87 -146 191 -121 -165 -30 -200 200 145 -90 -100 -147 -70 -36 20 -1 9 177 175 36 -20 -138 -177 97 91 -9 -185 9 130 166 190 13 28 -182 101 -98 56 -188 44 -158 84 -26 -180 79 177 36 -188 -39 143 46 105 97 180 -148 195 85 94 -191 -187 54 -142 127 24 -97 6 4 44 -39 -98 78 57 -17 -151 47 -193 -77 189 -6 -88
-41 -149 -141 -123 126 42 177 11 -42 176 2 -84 36 -53 -194 57 -12 174 34 26 -84 158 -44 188 -56 -181 117 3 153 107 -115 -21 -188 -9 38 44 164 53 -79 -133 74 -113 99 -179 -19 168 56 35 -156 69 160 186 116 109 -2 -34 56 -87 -146 191 -121 -165 -30 -200 31 -101 183 161 -116 55 71 -10 74 -57 69 61 -172 -46 -143 39 188 -36 -177 -79 77 25 -142 90 -198 -82 35 -98 -82 166 49 -185 162 57 -9 -84 107 -1 -66 -15 -97 22 119 146 -72 111 194 -122 -56 -173 -120 -147 -146 -140 94 -140 95 -116 38 -99 -128 175 -86 -38 -195 -39 56 32 -137 153 187 -38 106 127 126 -42 -74 -54 -193 32 -19 19 17 13 76 -194 -146 -178 -70 -36 20 -1 126 -10 -71 7 -83 40 -74 -96 144 147 -95 136 45 -139 137 -23 -146 -160 -131 154 -33 -194 -149 -169 -102 101 -98 98 146 62 -165 -153 -77 86 -154 91 113 -85 199 -76 -184 9 19 138 -188 125 160 4 -173 119 -30 17 198 -167 -24 22 -8 -121 176 -2 163 109 47 178 110 28 -69 -2 175 57 42 -51 141 -151 140 94 118 -97 22 -33 -23 127 -169 23 116 200 -45 127 86 -87 126 -134 -186 -126 -97 127 196 39 89 -45 132 -175 152 -90 -15 -189 -18 -187 37 -179 -8 -130 -139 5 -113 104 170 -94 -170 -108 -14 -134 174 -141 -70 -168 -187 -46 -106 -182 -130 -193 -86 65 176 83 147 100 90 -145 -200 -131 -39 -190 -92 36 -151 -80 -51 -84 -163 175 100 164 -177 -9 33 43 -46 -167 -43 129 23 66 -14 -150 177 188 -117 116 87 58 27 94 87 195 28 -170 -132 39 64 68 -142 -68 -41 -104 68 190 -97 -123 -193 -153 -116 163 192 -168 194 10 -67 187 -173 -196 -4 65 46 159 83 -92 -194 -175 32 -119 -28 -17 -47 -198 -168 -198 -190 -72 -86 171 -98 136 56 81 -169 64 152 -170 143 -75 -26 100 -180 -36 169 -68 5 109 -166 26 -156 -24 -189 -130 -9 185 9 -91 -97 45 57 -186 -28 -20 -138 -177 102 177 137 -112 -179 -191 136 -70 -180 100 190 13 -36 105 97 180 -148 195 85 103 54 -142 127 24 -97 6 188 -60 92 -70 -52 4 44 68 82 -186 14 -9 62 -158 -12 -182 -59 131 -157 139 71 145 24 -166 112 105 -65 165 65 -80 80 -181 92 136 187 191 -16 -163 74 192 55 -52 -193 -172 -39 -98 78 -189 77 -142 146 -176 152 -178 -112 151 17 -57 -6 -88
56 -156 -109 -113 -76 178 75 -137 104 -172 85 61 -80 97 -131 -177 198 125 25 -140 -73 -15 -158 -48 -180 60 178 127 -194 168 86 -62 -156 -12 25 -111 -147 130 -156 36 17 -144 116 35 -85 100 -143 41 -197 101 -64 -10 -139 56 -116 -44 -95 199 36 -12 -3 17 -66 81 -139 -73 194 -116 -26 -122 41 -13 -198 155 120 -188 -196 92 -24 121 103 -60 -59 -126 150 17 -2 -63 38 -193 157 72 -114 110 119 4 108 -135 -5 -51 89 34 15 -94 -100 184 106 158 190 80 109 -136 144 11 -188 10 -133 157 -171 197 -164 191 12 -18 -198 94 71 47 -93 -11 -105 -121 9 -69 -53 5 94 193 -64 -118 -193 175 -76 166 -60 124 150 72 153 196 105 -107 67 -149 65 -151 177 -149 -73 39 56 -127 64 50 -164 61 176 126 158 190 -56 23 -80 -140 -199 -137 58 150 -117 -71 19 -114 -25 -65 74 -118 158 21 -34 -89 -193 173 -65 65 132 -166 -104 -82 69 -196 54 65 -20 134 32 -90 130 -25 -5 -75 140 30 -168 92 138 -25 -90 94 -35 102 17 140 -157 -191 -124 -162 45 66 -159 -59 150 172 -105 173 -125 -5 190 180 -40 23 19 80 152 -95 13 169 115 20 -196 -55 88 -195 -169 -62 158 -104 133 43 182 -172 -138 -153 -131 147 -175 -8 59 -35 52 -92 -39 -152 89 -46 -48 113 -32 -86 -197 -80 -197 160 -151 118 -34 -197 131 -176 -92 -140 -164 14 140 36 -115 -96 42 -190 75 -62 -89 -120 97 108 127 -25 179 -173 108 -57 85 50 14 70 -128 77 162 82 -2 -186 66 -81 -82 53 -6 -160 -157 -112 190 -179 173 -43 -152 59 174 -31 -200 103 -149 -170 -140 -62 47 -57 173 167 115 -6 142 191 105 -126 18 -4 -171 -32 -185 -142 -158 124 103 -64 -191 -137 -83 -58 -33 -126 38 -143 -167 -91 129 -163 -181 -122 -73 48 91 -92 -29 -62 154 140 106 18 99 116 -140 133 139 57 18 195 -156 -131 -180 -79 -104 -35 -164 59 178 159 -189 1 53 175 -191 15 40 128 88 -181 -37 42 -22 -197 8 -175 104 -174 143 7 -199 89 2 152 -10 -155 26 139 -66 -42 -132 139 110 -91 -154 15 141 175 59 140 -189 125 96 43 -54 132 139 199 106 -181 -11 -143 27 20 -2 157 157 -157 137 -62 108 112 -121 -6 -48 -142 108 83 -76 -165 102 88 179 -42 89 -32 -75 69 127 -172 99 -185 -173 -166 151 -19 -33 -94 -141 -122 47 -43 -154 -61 171 -9
96 115 179 -42 89 -32 -75 69 127 42 66 -139 -26 -197 200 107 -153 150 101 105 -126 18 173 -125 -5 190 -94 -100 184 106 158 190 80 -23 56 194 -127 -190 -158 -126 -176 -61 164 -50 -62 158 -104 133 43 17 -2 -63 38 -193 157 72 122 29 92 -35 -173 76 -83 -108 142 48 6 121 -112 -108 62 61 -80 97 -131 -177 -71 -94 -94 -141 -99 -18 -118 158 169 115 198 125 25 -140 32 -113 48 127 -56 -39 -197 -80 -197 -106 -199 -70 -34 -89 -193 -165 102 88 18 15 -15 196 105 154 91 -110 -149 199 36 -195 36 17 -60 124 -34 124 191 157 -140 -17 -102 35 -94 90 25 -138 -92 -116 -44 -95 -164 59 178 -25 179 -173 176 152 -21 -13 95 -152 -80 -19 -23 40 14 39 53 69 -9 106 -74 65 25 114 -19 71 117 -150 -89 51 115 -6 142 191 -64 -47 20 -196 -55 88 173 -43 -152 59 198 59 60 -103 -121 24 -92 196 188 -120 -155 -153 -131 166 -144 116 35 -85 100 -143 41 -197 72 195 -46 64 169 156 -130 147 111 -25 12 156 181 163 89 27 20 -2 157 157 -157 137 -85 172 -104 137 -75 -178 76 113 -108 -138 198 13 -41 122 26 108 127 -120 -62 -33 174 109 156 -56 42 -190 75 -62 -89 159 -189 1 56 168 -30 -140 75 5 25 -130 90 -32 -134 20 -65 -54 196 -112 190 -179 118 -34 -197 131 -157 133 151 -160 -180 -79 -58 137 199 140 80 109 -14 164 140 92 172 181 131 -116 -62 154 140 121 105 48 91 104 -119 -110 52 -92 5 94 193 -64 -118 -193 175 -76 59 140 -189 125 96 43 -54 132 139 -128 18 -12 -191 164 155 10 -152 -2 -89 199 -7 -143 174 -104 175 -8 197 -182 -150 126 77 162 82 -2 -186 66 -81 -162 45 66 -159 -59 150 172 -105 -4 -171 -32 -185 -142 -158 124 173 185 -99 172 -132 139 -67 31 -57 85 50 -180 65 -151 177 -129 91 167 143 -83 -58 -33 -126 38 137 191 64 -103 -166 151 -19 -122 -73 11 93 -10 -139 53 175 -191 15 40 128 88 -181 -37 42 -22 -11 -166 -104 -82 69 157 160 6 -53 82 4 108 -135 -5 -167 -173 57 -47 62 140 170 149 -103 171 -149 -73 86 -73 -15 -158 -48 -178 -60 180 168 86 97 116 -194 73 139 -81 66 -17 8 175 -147 -175 -141 -65 65 132 -143 -156 -140 133 139 57 -36 -140 -136 144 11 -188 10 -12 -3 59 -35 -61 -114 154 43 -47 171 -9
-87 -37 43 -101 -2 43 74 116 50 7 167 55 161 120 58 -105 56 -198 104 -93 -68 -97 -18 -29 185 -118 -91 -64 -191 93 -39 -187 69 35 -77 -20 -60 7 -39 72 -76 -38 147 -56 37 189 161 -141 107 -33 -139 -35 155 -118 81 -141 -103 179 -29 -193 -19 -185 65 148 -118 167 -169 102 -30 133 61 -187 -160 160 -80 186 -48 156 -75 -106 178 15 -77 6 -51 77 -70 111 178 129 -176 65 -107 -188 163 186 -24 181 -193 53 -21 29 -87 -3 -92 -18 -19 -36 193 155 -156 84 7 -148 10 -88 91 177 68 -33 160 5 -29 -44 45 -4 -200 -83 -11 -178 -111 140 -110 -128 53 34 125 -187 51 -100 -117 61 43 -185 -170 -78 103 116 135 10 -191 86 78 -6 -177 114 -86 -66 -135 103 97 193 -190 175 197 -50 -165 143 -168 -56 -156 -125 79 105 -162 -124 -195 -29 -64 58 -76 -121 178 12 -126 -165 59 163 154 -5 -121 53 -106 -137 -160 -42 11 -98 -83 -167 -47 111 -83 -176 -178 -143 -40 25 -104 -67 -171 179 150 -158 44 112 -76 39 -171 9 -8 -50 66 39 -133 -65 21 200 -133 51 147 -157 -121 -3 -32 1 -179 -174 43 -177 52 89 -72 112 -87 -125 -85 -97 -21 -179 -116 172 40 186 130 -130 147 146 -148 -155 80 -198 164 -157 -184 187 110 9 -130 -42 100 -185 -173 109 -48 100 -36 24 -17 72 157 -74 -83 72 -109 53 86 187 1 33 -169 -103 141 -192 116 14 110 110 26 -77 145 -55 168 -107 -107 56 -68 94 125 -35 -193 200 -69 96 -195 -198 25 -182 183 -3 160 -177 32 -62 57 -147 164 14 -103 -22 69 -5 -66 -92 -40 -167 -46 -178 13 -16 68 -61 149 -199 39 154 -193 80 117 162 -133 -29 -68 -134 113 -38 -72 -4 182 -11 70 98 -126 64 30 162 -155 114 -51 192 3 -85 151 -101 140 137 116 -59 55 -91 -169 179 -135 117 141 -30 34 46 122 -23 -59 114 -170 167 -53 -87 -43 9 -28 -95 115 -73 97 27 -150 -46 -4 -152 -161 -164 -49 -140 55 17 -142 -14 139 3 -140 92 -159 -12 -116 -10 -151 -106 -187 125 -22 -157 51 -114 197 142 54 107 -193 55 12 186 70 -139 -117 -190 161 175 8 -42 25 -46 -4 -154 79 -189 182 54 126 -149 -64 -127 -17 14 -78 22 -143 -89 171 -36 -51 156 101 -39 -15 -146 79 34 -78 177 -23 28 -65 193 86 -164 69 -30 88 -102 172 92 116 126 -199 105 -109 57 24 -82 11 64
-181 24 -186 -163 188 107 -65 176 -129 -178 -111 70 -77 51 -133 51 -18 -29 -160 33 -199 39 154 -193 -135 -116 -103 78 -66 -135 37 7 -148 10 -88 91 177 68 -149 61 -68 -190 161 175 -185 -173 15 -77 6 -35 155 94 -200 -21 65 111 -74 -200 193 -45 44 29 9 -8 -50 43 -101 -2 43 195 -96 69 -198 25 22 103 124 162 38 76 -72 39 11 -98 -171 -5 20 77 -35 -137 -42 -187 -86 -53 58 17 24 -82 -106 -187 125 -22 -157 51 109 -105 72 -109 64 29 -97 -103 -53 128 110 -140 111 178 11 83 200 4 35 -125 139 -32 1 -179 -174 43 -177 52 89 -72 112 -87 -125 -85 -97 -21 -179 -4 64 30 162 -155 114 -51 192 3 -85 151 -55 168 -107 -107 56 -68 -118 81 -141 -103 179 172 40 186 130 143 -168 127 -155 147 -56 -59 55 -91 -169 179 -135 117 141 -30 34 46 122 -23 -59 114 -170 167 -189 182 54 -56 -156 185 -186 -12 -55 193 -107 -54 -142 -197 114 77 -26 72 38 -113 134 68 29 133 -87 -3 -92 -18 -19 -36 193 -105 -79 125 65 148 -118 76 -112 -44 158 -150 -179 171 67 -133 30 -102 169 -182 4 -5 -66 -92 -40 -167 -46 187 -42 25 -14 17 10 116 12 159 -92 140 184 157 -164 198 -80 155 148 -146 -147 130 -95 115 126 -199 83 74 -176 -178 -143 -40 -193 -146 79 -197 -175 190 25 -104 61 -102 172 92 -140 101 193 -87 1 33 110 9 70 98 -126 39 -83 -167 -100 -117 61 43 -185 -170 114 -86 177 160 -177 32 -62 57 -121 -3 33 -107 141 -161 -189 -84 156 64 149 -126 156 101 -39 -15 195 -14 -164 147 157 -147 97 68 93 -104 198 -56 105 -58 -120 -161 -55 -167 -7 -50 -116 -83 -17 72 157 -24 36 -100 48 -109 -16 117 139 -70 19 193 29 116 66 39 -11 -130 -160 160 -80 116 14 110 110 -69 -182 183 -3 6 -78 -86 191 -10 80 117 162 -29 21 -169 -103 141 -37 46 137 106 -53 121 5 -154 -163 -59 165 126 -12 -178 121 76 -55 140 49 -118 -91 -64 -191 93 -39 -187 69 116 34 125 -187 51 -47 133 -167 -152 -161 -164 -185 -60 7 -192 186 -48 156 -100 27 -150 -160 116 4 46 -78 22 -143 -89 -139 9 -28 -8 -43 14 142 -57 145 53 165 50 34 -78 177 -23 28 -65 193 86 -164 69 -30 88 -187 -42 -97 73 -154 79 -53 -87 -75 -106 178 -13 178 -3 171 -36 -51 -151 11 64
36 -185 41 -44 -122 135 -80 182 1 158 156 -77 -47 -14 -89 44 7 195 -24 89 86 121 -93 166 -57 162 -200 -34 -163 -57 110 -151 -197 -87 -99 56 67 -8 -160 193 -112 134 191 160 -180 -83 56 -7 12 -172 -97 146 -133 147 -176 179 199 -84 -39 29 186 133 -124 104 56 8 -161 -95 74 -62 30 194 200 -68 165 151 93 164 -180 -53 90 -87 5 132 -20 -81 116 -174 108 95 -67 -70 -9 32 174 26 -178 113 192 -81 -125 16 67 -60 -76 -61 13 -125 -109 -141 -156 109 110 20 -155 -97 -4 -189 127 30 -113 -151 40 -155 -179 178 38 -172 138 88 82 -142 -167 -193 120 -51 19 74 -102 -16 -181 -180 -169 162 -68 -16 -141 -107 -132 -188 71 131 -99 195 154 147 -21 163 -86 -101 82 -123 -27 -134 -37 17 108 -122 40 -8 -154 3 -71 139 193 -112 -29 -103 -136 95 -98 11 69 -101 123 -188 1 17 -34 23 67 95 80 178 41 71 -135 -176 93 -58 -138 33 -129 37 70 122 -41 157 -100 -24 -183 70 120 182 131 -74 121 102 -82 -188 69 163 -108 -94 37 189 -131 93 -60 34 -48 -148 -177 -14 50 73 -190 -3 125 92 136 190 118 143 -108 -158 154 -46 113 54 113 60 -11 2 -85 162 86 -32 -192 29 -172 60 23 -52 -21 145 -195 -131 -189 -168 -129 -26 136 30 -35 -7 186 -119 141 -95 121 132 141 62 104 166 158 -48 34 123 27 -113 -36 -88 107 168 -142 -144 -104 -130 -18 165 -94 -5 25 114 108 111 113 -159 172 -51 -110 56 -32 176 53 161 -126 -146 160 65 121 187 -53 -52 -113 145 69 -136 29 94 -193 -62 -69 40 138 -24 -26 -15 -72 -131 14 -193 -103 -21 89 1 -143 39 181 68 -159 -111 -165 67 -93 -163 48 -138 -5 72 -30 -119 -162 18 70 -112 -9 110 -119 150 -136 88 -165 195 141 41 -45 -24 -72 176 87 120 198 -198 94 91 -8 -147 97 5 -3 17 -76 -49 -4 166 -139 -52 -63 -89 64 113 180 -127 -66 131 -18 160 -77 -194 178 64 -82 -154 -107 -140 -158 -49 58 -11 110 56 46 191 192 167 -41 196 -161 164 47 61 -194 177 85 -79 177 -90 -140 -99 -149 -115 -176 53 103 -46 65 -176 163 194 -68 18 -89 -96 131 -173 160 -141 118 96 140 -91 160 94 108 -184 70 171 64 -95 178 78 -60 -37 -124 51 -128 -47 -1 -109 98 -57 -191 53 -66 -75 -96 134 -184 54 90 199 -81 44 -130 -178 123 -41
36 -183 70 120 182 131 -74 40 -114 -25 108 111 21 103 193 -14 131 -1 191 57 192 -81 -8 104 41 71 -64 -178 194 77 -160 18 -185 5 101 86 -120 -87 -176 72 24 45 -41 -36 -186 7 35 -136 88 -165 100 -157 41 -122 -70 -37 129 -95 -11 2 -34 23 67 17 108 -122 188 74 -102 136 30 -150 120 -51 19 -198 94 147 8 -91 145 -195 -131 -189 -168 -129 -26 -16 -181 -180 -169 162 -68 155 5 94 -165 3 -198 -163 21 -147 112 -172 138 88 82 -142 37 134 27 123 -82 -119 141 -29 192 32 131 -173 160 -141 118 -97 -4 -189 -128 -47 72 15 26 24 -166 -104 -158 -138 -40 69 62 158 108 98 -113 178 -26 -174 -32 9 -56 83 180 -160 -191 -134 112 124 -133 -186 -29 39 84 -199 -179 176 -147 113 -159 172 -51 -52 -113 99 140 90 -177 79 163 -108 -94 109 53 -66 -75 -7 -44 89 14 47 77 -156 -158 -1 -182 113 180 -127 -66 131 24 174 -116 191 192 167 -141 -195 107 168 -138 33 161 -8 -56 -125 -86 -162 85 -17 -1 188 -123 101 -69 -11 95 -98 136 103 29 113 60 74 176 53 161 -126 -146 160 65 121 187 -53 162 -73 -50 14 177 148 -190 82 -102 -138 -88 108 95 -5 87 -90 53 -112 71 131 -99 195 154 -54 -113 46 -154 193 -94 -29 136 -69 -145 -149 -115 89 1 -143 39 130 -44 34 -48 -200 -34 -163 -57 110 -109 156 141 109 125 -176 53 103 -46 65 40 -139 71 60 -78 -178 -130 -18 96 89 -18 68 -194 -163 176 69 -85 -177 194 -61 -47 -164 161 -196 41 -151 -197 -87 -184 54 90 199 -81 60 -93 131 -189 -37 -143 -118 -190 -136 -92 72 -30 -30 -127 -51 124 37 -3 121 18 -76 -49 -4 166 -139 -52 -63 -89 56 67 -8 -160 -93 -151 -165 68 -200 -194 -30 62 32 -56 110 57 -166 93 -121 188 132 107 141 16 -179 178 -64 -171 -70 184 -108 -94 -160 91 -140 -96 155 -20 -110 113 -27 -123 -34 48 -62 -141 154 82 -135 -176 93 -58 -142 -144 -178 -80 -95 -167 -193 119 -110 9 -86 -89 24 -195 -80 -64 99 60 -67 -133 23 -52 3 -5 -97 21 17 70 180 -164 -38 -95 -154 151 113 -119 -162 -48 163 93 -67 -58 49 158 140 107 -132 -121 95 -172 60 -13 61 76 -134 96 -135 122 44 -41 -104 -193 -193 -125 16 -146 97 172 -12 7 70 67 132 -20 -81 -46 -56 -110 11 165 111 159 -68 -181 -178 123 -41
38 109 24 138 -188 47 72 82 8 -72 3 40 -57 -19 110 91 -186 -180 182 49 -15 145 133 65 141 165 -123 30 20 7 13 -189 18 -169 139 60 -58 -76 155 171 -11 120 112 -162 100 196 77 -26 -124 -169 -69 -116 119 74 -168 189 -142 -111 -23 -128 -47 7 34 -93 -25 50 42 -183 196 -47 68 86 -58 64 191 -103 133 43 120 195 -46 -22 122 -32 79 172 101 -91 -119 46 88 176 176 -91 -168 -13 195 180 -51 87 197 -61 31 -180 59 -30 156 -69 85 55 199 -112 -72 193 -20 72 -25 -195 -6 -60 82 153 49 -12 -181 26 -189 -11 138 148 -120 193 153 -130 22 -147 76 99 92 -82 75 -103 155 -197 -177 186 -176 -171 24 -183 196 -15 80 121 47 115 -57 101 -11 93 160 7 -105 6 131 109 129 195 -118 25 -78 106 -124 148 91 -134 53 121 -130 -25 132 -134 14 -17 -194 3 157 -7 -189 128 21 164 92 -25 -195 103 -75 86 145 64 111 -175 -78 138 73 -121 -46 -75 -181 191 -24 -61 102 -29 -107 185 -51 20 -53 1 122 -70 -71 -118 193 -64 143 186 -2 -191 74 -196 -97 -156 147 -127 3 146 -12 -123 -88 -99 -26 1 -149 -193 -108 145 -86 49 -37 124 79 -172 -53 -192 -179 -103 -164 155 -153 172 108 -6 -45 -171 -79 -200 187 -127 137 -193 -13 -2 -157 -53 -85 118 -21 28 -132 166 35 169 9 117 -111 67 36 171 -192 -44 189 -121 -170 110 69 -5 43 -82 -103 105 115 48 -72 -199 -141 -94 43 162 -171 155 160 -107 119 11 105 37 101 -38 -104 -16 159 -124 69 99 -195 145 -84 90 194 -120 197 -25 52 200 -185 -42 8 -71 37 -146 17 -176 -107 -137 69 -159 -79 35 -127 -114 174 141 -73 -91 -122 -121 83 -134 -158 -150 99 26 180 -122 150 -90 -89 -4 79 110 -101 153 147 140 72 150 -134 22 -46 184 109 -19 -37 55 -153 -128 86 131 161 -188 100 71 -126 -70 -117 161 160 -138 87 165 175 29 -18 17 106 99 103 136 -91 -21 3 -200 -31 76 -121 -58 -190 -31 8 -47 145 -30 -72 64 167 -67 -137 182 59 102 -185 26 -192 185 155 137 -132 -93 -200 119 50 159 -113 112 -46 -165 -55 -132 -40 28 -81 -132 -31 14 92 -61 -99 -136 192 180 74 6 -185 77 -182 -37 113 -91 -84 183 88 155 3 187 -142 109 166 170 -162 139 26 3 117 165 125 58 51 -147 159 133 -126 133 197 145 76 14 89 40
-172 -53 -192 -179 -103 -164 92 -82 75 -128 -47 7 34 -93 -25 -185 189 -13 -7 142 -189 77 -26 69 99 -195 19 57 -40 -3 72 -8 -82 197 -25 -71 -100 188 -161 185 -200 -81 134 99 61 -92 -14 31 132 22 -46 184 -88 -99 -26 1 -50 192 -31 -44 156 97 196 -74 191 2 -186 -103 133 43 -28 40 132 -145 110 91 -186 -153 -82 60 6 195 25 -72 -175 -165 131 -46 -22 122 -32 -8 42 -195 -120 -87 58 -86 -68 -193 120 -148 155 -78 138 73 -121 -46 -75 80 121 47 115 -57 101 -11 93 79 -13 195 180 -51 -116 119 74 -168 26 -192 185 61 24 -191 181 -76 155 171 -11 120 -171 -120 29 -18 17 106 -4 3 157 186 -176 -171 24 -183 -111 67 36 171 -192 8 -47 141 199 72 -48 -115 -105 103 82 -43 58 -134 53 121 -130 -25 132 49 -12 -181 26 -189 -11 138 -88 -69 17 -176 -107 -137 69 -159 -79 35 -165 -55 -86 128 153 129 159 139 26 3 117 165 125 150 -90 103 136 -91 -21 3 124 162 -170 -166 149 42 -183 196 -47 153 -64 200 160 7 -105 6 131 109 -55 -76 -145 58 51 -147 159 133 -126 133 197 122 -180 -26 -99 150 158 134 -83 -157 -53 -85 118 -21 28 -132 166 35 169 9 -141 15 -196 17 -14 122 91 73 117 -72 -140 -147 -70 -117 161 160 -138 187 -127 137 123 12 -146 -3 127 -147 189 -137 182 59 -94 43 162 -171 155 160 -107 -70 -119 -122 -1 53 -20 51 -185 79 110 -101 153 91 -176 -176 -88 -46 119 91 -168 -194 -90 84 -52 -126 -101 71 79 172 37 -58 -190 180 74 6 -185 77 -182 -99 89 -6 -45 112 -162 100 195 -118 -103 155 -197 -177 -7 193 -64 -191 -130 22 -147 76 99 155 -153 172 108 -37 113 -91 -84 183 -5 -174 114 127 46 -112 -86 -86 75 -103 195 25 -92 -164 -21 -128 189 118 71 11 105 37 101 -38 123 -165 -141 -65 -133 -143 -145 15 -49 -182 -38 -79 -124 37 -49 145 64 111 -175 3 187 -142 109 -124 -169 -69 87 197 -61 31 -180 59 -30 156 -69 85 55 199 -112 -72 193 -20 -72 -47 188 -138 -24 -109 -148 124 -106 78 -25 23 111 -20 -30 -104 -16 196 18 -169 139 60 -91 180 -134 -121 2 13 193 109 31 200 -193 -108 145 113 -159 -50 -119 200 93 132 -137 -155 102 -29 -107 194 150 -136 -102 145 -30 -72 64 167 -67 -121 -170 110 146 -14 37 -19 76 -121 89 40
-165 -65 42 76 -120 -189 47 82 70 -125 -169 -57 -163 149 -4 53 -200 -139 134 169 -122 -25 53 -103 84 52 -173 98 185 -140 -91 118 -167 -42 110 -91 -126 -71 163 161 -165 -18 -117 -160 95 28 -10 60 143 -184 142 198 -141 117 26 71 -141 -121 128 -57 195 -117 50 -31 149 79 -179 -116 31 -187 -151 -180 -123 108 -104 137 -197 21 -140 145 142 46 180 17 -120 146 120 -87 194 -85 -30 144 -107 144 180 15 147 -145 181 -61 4 79 -83 45 44 24 173 27 -161 -27 -17 141 -170 177 143 -55 -156 105 124 -52 -80 -108 131 -76 187 -116 -113 24 -96 -116 -130 77 -19 -93 137 177 -178 24 62 101 -58 -159 95 -170 -67 60 -119 156 -90 -192 172 -38 12 117 147 -67 -43 121 -194 -21 -193 -173 169 62 50 82 -51 19 100 174 -100 -154 1 143 -188 180 -138 158 -132 186 79 -109 91 -138 -52 -106 77 51 140 133 -96 -59 -199 196 -122 -86 -119 96 -111 18 -198 120 158 71 16 -79 -7 -158 27 110 72 69 -138 -59 -147 -144 30 -185 160 -103 -12 -102 -61 -167 89 125 75 147 6 110 -116 39 -100 -103 -84 -84 -39 -140 91 142 -120 111 28 -53 -65 117 -190 70 -99 -146 -171 156 -122 -43 -69 189 -184 -188 6 35 -121 -80 -57 149 -139 64 38 -115 -125 186 -122 -170 -12 52 111 -149 -168 55 -30 -77 -2 149 -127 -132 -66 72 -51 -150 -105 -33 17 -83 158 -16 69 -200 -21 -136 156 -55 -182 -14 125 169 -124 147 -187 180 -27 68 129 -129 -174 64 127 55 -37 -100 -28 -93 -21 -84 108 -194 169 95 -53 -159 143 151 71 -119 -107 -112 -12 169 69 98 -194 120 -182 161 -27 73 -17 45 106 -67 76 -75 -106 -12 -125 95 179 -70 -55 20 36 -101 -107 -29 141 25 -17 32 118 -98 57 -179 165 -75 7 171 123 170 -48 166 -34 39 -76 -194 -144 66 -153 187 -184 4 -173 -163 93 191 -49 192 -75 72 161 -77 -136 52 -131 172 61 113 101 -189 118 -98 -80 28 -149 -183 -173 92 -19 109 82 17 110 -51 -53 -132 35 7 167 116 60 104 -3 -62 -123 -147 -108 33 -186 -140 86 139 -82 4 35 -181 -157 -3 -153 -41 -81 154 137 193 -31 48 26 -44 -87 -147 -72 134 -134 -82 117 165 194 -57 -46 190 68 95 -159 39 -94 -140 162 -18 191 -85 -126 151 120 87 150 -10 -90 190 -80 14 65 -6 154 94 134 -89 -63 -105 -63 198 -58 56 -126 -139
-165 -65 42 76 -120 -189 47 82 70 -125 -169 -57 -163 149 -4 53 -200 -95 -68 -125 -129 -174 64 127 55 -37 -100 -28 91 140 -185 -98 173 -193 -28 77 30 -55 168 -118 -93 106 162 -69 -169 188 -143 -1 154 142 -157 -3 -153 -41 -81 154 -72 -46 -146 120 -143 -60 104 -3 -62 -123 -147 -191 18 98 -194 -121 -80 -57 149 79 -179 -116 31 107 101 165 -161 -100 -145 140 -21 197 -137 104 -108 123 180 134 -134 -82 142 198 -141 117 -171 -7 -106 -12 -125 95 179 -70 -55 20 36 16 -158 83 -17 33 105 150 51 -28 -48 166 -34 39 -76 -169 -127 -132 -119 -107 -112 -12 -172 -194 -21 -189 118 -98 -80 105 134 -89 -63 -94 -154 6 133 -96 90 38 -115 -138 158 -132 55 -143 -177 170 -141 17 27 -84 108 -194 60 10 -122 -170 -12 52 111 -149 118 -98 57 -43 -69 189 -184 -188 6 35 7 167 116 66 79 -182 180 184 -187 153 -4 61 161 -27 -173 -24 -144 107 -144 30 85 -194 87 -120 181 -35 -4 82 -139 -86 140 186 -128 121 10 116 96 -24 113 116 -187 76 49 -191 -93 -48 31 -193 -137 69 -138 4 -173 -149 -183 -173 92 -19 109 82 -170 -123 2 -95 142 -120 111 28 -53 -65 117 -190 70 -99 -101 -62 -24 178 -177 -31 149 -139 64 -156 119 -60 67 170 -95 159 44 -14 -129 -68 27 -180 187 -147 124 -169 -190 46 57 -80 -108 131 192 -75 72 161 -77 -136 52 -131 172 61 113 103 -160 185 -30 144 147 59 15 147 -145 181 21 77 51 140 -65 -83 45 58 -146 -171 156 -122 -179 165 192 -59 -199 196 -122 -86 -119 96 -111 18 -198 -194 -144 63 -91 109 -79 -186 -156 105 124 -52 -194 -165 -117 184 -17 -180 -110 -27 158 7 -160 26 -44 -87 -17 45 106 -67 76 -75 75 -121 43 67 -147 -117 -12 38 180 -125 -158 -120 95 -53 -159 143 151 71 -66 72 71 108 -140 52 138 -27 73 174 -163 71 126 91 -110 42 167 -32 17 -25 -141 29 -187 -151 72 147 -100 -19 51 -82 -50 -62 -169 173 -186 71 16 -79 117 18 69 14 55 -156 136 21 200 80 -190 90 141 33 -57 195 -117 50 61 102 -39 159 -139 134 169 -122 -25 53 -103 84 52 -101 -12 -94 -26 149 -91 140 -51 132 53 -58 35 198 56 -110 -17 -161 182 -120 163 -85 -126 151 -87 -120 150 -130 77 -19 -93 137 -167 89 125 -39 116 -110 -6 -147 -75 -100 -103 -84 -84 -39 -126 -139
30 158 -70 186 -148 110 -196 -93 148 21 -16 -124 18 -188 -177 70 170 -107 -8 -22 -59 -120 -37 -56 9 -28 -79 57 134 171 -58 145 120 -66 -104 -100 -185 21 154 -159 -2 -97 104 -61 -1 69 -67 -46 14 -166 -132 -142 173 -1 198 -90 -97 -107 -70 128 156 128 -125 -4 131 172 -176 67 16 -31 -75 172 -50 -42 105 191 -123 136 -192 -39 193 -103 52 -154 -155 104 -172 157 -67 12 94 185 -106 -137 92 101 -8 -147 170 126 -184 -196 77 97 -133 -81 127 61 -74 -166 -154 38 -185 35 -171 176 -160 -177 -37 -40 -108 196 116 118 -66 10 -40 -65 97 187 -134 148 160 -155 -37 37 -81 72 -74 116 -19 121 -11 11 1 101 -38 151 -43 98 -49 179 10 98 -55 -125 156 194 -53 -168 191 -186 -180 63 -94 182 -124 -166 58 -29 -194 -51 159 -11 -150 -32 74 -125 -198 -188 -127 -12 114 146 -25 -128 12 -108 54 -112 43 -117 -97 140 -22 178 160 112 -13 57 34 -167 26 -184 140 31 -139 39 -106 -119 166 -90 121 -45 -194 -190 -135 -96 15 54 54 11 -87 38 43 -82 166 106 194 167 -199 20 26 -187 -114 23 101 74 81 -152 3 89 43 193 103 135 197 -33 183 93 -40 -156 26 196 -68 -75 -14 -2 -81 64 178 77 22 -13 -77 90 -145 16 -138 -98 -83 133 -42 35 -23 -34 199 -93 -110 -182 169 -59 10 -138 142 169 148 32 73 183 -160 -182 26 -77 47 95 12 94 72 -48 147 123 -188 -196 -171 -34 -179 182 -62 -132 -111 -41 -78 -190 14 195 187 184 118 -128 -118 128 26 -26 8 -67 -132 -109 -77 -29 155 -136 -168 47 -107 -46 50 -20 -173 39 104 35 121 -124 24 -155 -22 -70 -190 182 -171 36 52 158 118 90 124 -147 -33 -63 -117 32 -91 -65 -103 -1 46 99 43 181 9 -129 -39 123 -145 -39 160 61 -173 -121 -60 -195 97 23 -127 118 192 87 6 -135 186 -21 -72 63 15 -112 -147 39 -111 179 3 -56 63 121 -145 97 -197 -63 -37 -173 15 -112 184 -171 23 162 63 -141 147 -167 -134 -135 -36 -170 200 -49 143 90 -93 44 -190 -59 -126 -174 174 -109 -5 -122 -171 -198 -164 -72 49 -72 73 -170 -37 -162 -184 -47 102 157 -59 53 -88 45 -96 183 120 -104 -186 16 40 -103 51 45 -190 -53 -161 117 -171 18 127 58 -113 -111 173 27 -40 161 28 65 189 148 190 -168 85 -6 192 63 -57 128 25 -54 -91 118 99 -195 -16 187
30 158 -70 186 -148 110 124 50 -20 -173 39 104 35 121 46 128 26 -96 74 156 -40 -37 37 -81 72 125 55 -98 -10 -179 182 -124 168 53 -194 -93 -183 33 -197 -135 1 26 -190 -59 -126 -39 139 -31 -140 184 -26 167 -34 -57 13 -85 168 -190 -43 -38 87 -11 -54 -54 -15 116 -19 121 -170 -171 -34 -179 182 -62 -132 -111 -41 138 152 178 77 8 104 63 -141 147 127 61 -74 118 -101 196 -184 -166 -104 97 2 -106 -119 169 -59 10 -138 142 177 112 -54 -32 147 123 -188 -166 -134 -135 195 35 -89 -94 -12 -3 -108 150 11 -159 51 194 29 -190 182 -171 36 52 158 -45 -51 103 -123 39 129 -174 174 -109 -170 -70 177 188 -18 124 16 -21 -148 93 196 -1 46 99 43 90 -46 14 -166 -54 -91 -23 114 187 -26 -20 199 -167 -194 -106 -166 82 -148 -58 -61 -123 136 -192 -39 193 -103 52 -154 -155 -128 -118 107 -47 168 136 -155 29 -90 121 -45 -194 -190 -135 -26 8 -67 -132 -109 -77 -166 -155 183 120 -104 -186 16 40 -145 -39 160 121 173 -61 -60 -195 -111 -37 -191 -43 -199 34 -103 -98 43 156 128 -125 -4 -9 -107 -70 128 196 184 -126 -170 147 22 -13 -77 90 -145 16 -12 128 25 -146 -114 11 1 101 -38 151 77 97 23 -93 -110 -182 -160 -148 134 -187 -97 65 122 5 -107 -8 -22 -59 -131 159 -154 -21 185 100 104 66 -120 -145 58 -53 59 -157 -102 47 184 -6 192 63 -57 128 25 -132 -142 173 182 160 -183 -73 -32 -148 -169 53 190 118 90 124 -147 -33 -63 -117 32 -91 66 -118 -116 -196 108 -160 -178 22 -140 97 117 67 181 97 90 -198 -103 -193 -105 42 50 -172 75 31 -16 -143 23 -127 118 -112 40 -28 -79 57 134 171 186 -21 -72 63 15 -112 -147 39 -111 179 3 -56 63 121 -145 97 -197 -63 -37 -173 15 -112 1 67 -69 184 -171 23 162 -172 157 -67 12 -72 -95 -47 77 -44 93 -9 56 37 120 172 -176 -43 160 -186 -180 63 -94 49 24 -155 -22 -70 -189 -65 -28 -161 40 -27 -173 -161 117 -171 18 127 58 -113 97 49 -92 137 106 -185 -94 -48 74 -125 -198 -188 -127 -12 11 36 -101 118 74 81 -64 81 2 14 -65 -133 -81 191 -176 171 156 96 -45 88 135 -6 -87 -192 162 37 170 -73 72 -49 72 164 198 171 40 -10 75 68 -154 38 -185 35 26 196 167 -187 -195 -78 -190 14 -200 -98 -83 42 -133 -99 -16 187
39 111 6 -12 -96 107 163 -61 136 -64 149 -77 -1 -55 -142 -102 115 -154 148 8 -7 174 130 -14 1 163 -107 168 -77 -128 -128 72 -79 -39 24 15 168 -63 -125 -181 50 -82 129 29 -30 -56 -45 -8 179 -148 120 -170 -55 -62 -12 -95 -45 -184 171 -1 17 166 3 97 192 -134 -8 -95 -142 143 -95 -74 146 183 -69 7 -14 137 -40 44 -112 -161 -119 -95 -70 69 -131 193 -24 89 -126 -49 -109 -187 127 65 10 -46 72 -189 61 112 13 -165 78 -153 155 64 36 -135 9 58 65 70 -106 -189 109 69 -64 -59 25 -18 174 -17 -112 -39 -142 197 188 -12 -58 -136 113 80 163 -157 -160 -38 91 -152 -93 85 -76 -200 -131 -21 -126 -198 -107 182 108 43 -61 153 -105 19 167 -128 -124 -156 68 -138 19 -10 9 -127 46 38 -69 -128 -198 178 170 83 44 181 -50 96 18 66 -198 155 -199 -166 -137 -160 -14 131 36 -149 151 148 14 -150 -96 -198 62 52 29 -108 53 -70 87 30 64 32 -188 -192 -130 142 -149 -39 -34 65 154 -118 -12 -182 -130 -147 34 115 -91 -122 -130 -106 143 -199 -16 183 -72 -193 30 -68 -135 196 20 122 51 -125 93 38 -142 -122 -46 -139 149 -126 122 184 43 179 8 109 -193 -186 95 -21 -3 -25 -43 -21 165 41 163 116 142 182 180 -188 -200 24 -195 90 -93 -81 200 21 -182 147 -180 -43 154 -55 -153 -113 173 -163 -169 -123 26 -35 -196 -60 -182 -66 198 -200 176 121 -108 -171 48 1 4 -168 50 -1 139 -48 -144 36 -193 -41 -106 -178 142 154 72 87 143 -60 126 -167 -48 111 -118 -123 197 37 -49 -47 138 -190 145 -93 38 -137 9 -3 195 171 115 -73 -74 109 -37 -162 180 -41 -195 -159 -169 155 125 65 95 -199 103 129 -152 -67 190 -144 -120 -182 -171 199 -191 148 -17 54 -149 -195 93 -175 -172 -42 76 -3 41 73 68 103 11 117 46 -189 98 48 89 56 25 123 175 59 88 -121 45 175 -168 93 -136 158 78 -72 -83 108 162 -196 -159 -60 25 -6 -36 158 83 3 -117 21 -123 29 94 -154 150 193 -116 -112 189 -49 -26 73 153 144 -102 -37 -116 70 22 -134 134 -83 -117 -189 29 -198 -178 -28 115 -4 59 117 -172 -197 -95 198 -106 -24 101 -118 180 77 -69 -92 -193 146 -62 72 -128 117 96 28 164 -14 60 -168 150 25 187 -43 147 -182 -68 -116 126 112 193 32 -109 -27 -114 148 -74 -99 176 189 194 -58 85 -12
39 111 6 -12 -96 29 94 -154 175 59 88 -121 45 -106 143 -28 136 7 -14 -118 -12 -182 -130 -123 168 -77 -128 -128 89 -10 9 195 65 154 137 -29 -179 -43 194 93 193 32 74 -76 -200 -131 189 -21 -200 81 93 -90 195 -24 -193 -92 -193 146 -62 -58 -28 -64 -155 -122 126 -149 139 46 122 142 -38 -93 125 -51 -122 -20 -196 135 175 78 -153 184 -182 147 -180 12 62 -199 171 182 156 124 -131 48 89 14 160 137 166 199 -155 198 -66 117 146 25 -148 -151 149 -149 193 -24 72 -79 -154 43 -95 -45 -139 1 -50 168 -123 -12 -58 -136 114 27 109 44 -189 98 56 25 123 150 193 -116 -112 189 -49 -26 73 153 144 -102 -37 -116 -176 99 -72 -154 -142 178 106 41 -70 -21 -126 -198 -107 182 -113 61 -163 -107 -116 46 -134 -188 -197 44 181 -50 96 18 128 -72 168 165 -13 -112 -61 -42 76 -3 41 73 68 103 11 -134 142 182 180 -188 179 -148 120 -170 -55 -189 172 175 -93 106 -56 -45 -4 -1 25 -6 -36 158 83 3 -117 21 -8 -200 -36 144 48 -184 171 83 142 117 83 50 -82 129 77 -69 22 38 -69 -128 -198 178 170 -1 17 166 3 97 60 -143 -87 40 -198 -178 64 -136 -36 128 -167 -121 -176 200 -198 66 182 60 196 35 -26 9 -3 -127 17 -174 18 -25 59 64 -69 -109 189 106 -70 -65 -58 -9 135 -36 -43 -159 -60 118 -101 24 195 149 -54 17 -148 191 -72 46 -10 -65 -127 -95 186 193 -109 -8 189 39 112 -163 -41 -165 21 43 183 -69 198 30 -29 -180 -48 171 108 -19 105 -112 -161 159 195 41 -49 -109 -187 -21 -3 14 -150 -96 -198 62 52 29 -108 53 -70 87 30 64 32 -188 -192 -130 142 -149 108 162 -196 -108 39 144 -190 67 152 -129 -103 199 -95 -65 -125 -155 199 34 39 83 72 -78 -158 115 148 8 -7 174 130 -14 1 163 -107 137 -38 93 -145 190 -138 47 49 19 -169 -16 183 -72 -193 30 -68 130 122 163 -173 -147 34 115 -91 -169 113 153 55 -120 68 -138 -37 -197 123 118 -111 48 167 -126 192 -134 -8 -95 -142 143 -95 148 -85 93 152 -91 38 160 157 -163 -80 24 15 168 -63 -125 -181 117 46 -126 -180 162 37 -109 74 73 -115 -171 131 -69 70 95 119 -153 61 -96 74 -77 -1 -55 -142 -102 115 -154 -4 59 117 -172 -197 -95 -112 -126 -182 -68 -116 -147 43 -187 -25 -150 168 -60 14 -164 85 -12
81 -35 15 -155 -165 -125 -14 -148 -188 -124 -70 189 134 -140 165 52 28 -41 -26 13 -80 2 -8 -47 16 -34 -79 70 124 19 -129 -5 -143 139 12 158 44 -178 -22 60 124 62 111 -136 -59 -17 16 77 -79 133 200 -179 -80 16 167 109 -107 -41 75 184 11 -72 34 -102 160 -184 8 113 187 -97 141 55 188 -3 -123 94 -188 -74 -189 138 154 -102 67 -78 -7 -166 -92 96 116 187 -63 -21 161 -180 -189 176 22 -105 -130 -104 153 19 -128 -188 -157 160 -169 -68 -20 182 -103 -158 -42 8 55 73 -17 -118 199 -14 84 154 49 -15 -175 -28 42 -145 149 -46 47 128 140 111 188 -63 141 49 11 -125 145 -165 -53 40 74 181 28 -86 -7 160 -22 166 -187 -34 18 132 -96 -24 121 92 78 -47 73 -191 -120 65 14 29 151 44 55 194 -41 -104 190 -27 -162 -153 53 163 146 72 119 188 -65 -155 -8 179 49 5 -118 29 167 130 107 -11 -71 172 72 -112 -139 -17 -123 185 13 -64 180 128 105 19 184 111 18 -170 198 65 -6 71 24 92 -148 -7 195 -124 -70 85 94 49 45 -101 -199 -43 -50 8 81 -49 37 13 -63 165 60 -159 -140 133 -30 -170 198 193 165 -95 -97 151 164 -44 125 -81 58 157 -93 102 101 138 -65 177 -33 -183 -12 53 -82 -132 -47 95 -86 -15 18 6 -132 -162 46 194 36 108 -125 59 1 76 -191 -118 55 189 3 61 -6 23 -194 125 -173 -41 167 -35 -101 -28 -133 11 -150 137 -81 189 -18 -4 -52 -136 -35 -99 -19 93 56 -104 77 -180 80 171 185 -181 -13 -196 -194 -188 -83 55 -88 -6 28 103 72 141 -60 -169 -86 21 -23 179 -152 51 -120 177 190 4 155 -125 -87 -136 -67 -29 -40 98 35 116 -113 94 -103 115 192 55 -58 192 -154 30 99 -54 196 41 14 12 57 -107 -128 32 -136 -92 24 70 69 52 -83 -38 -167 34 33 172 -99 83 136 23 158 -125 121 8 -1 127 -187 -198 163 -73 107 -113 188 -18 161 -113 -143 157 176 177 115 -95 74 182 147 42 105 117 80 36 -162 13 -68 -55 -173 -79 -15 95 125 -69 136 -108 -159 133 -68 -7 -194 178 -164 122 176 -170 40 -2 -29 94 -44 -163 -111 -3 -186 33 -55 -20 -89 106 -98 -191 51 -91 -70 185 153 89 34 120 -105 102 21 200 -32 -48 -130 188 -106 110 -187 -168 150 -85 44 -89 -110 -72 -116 100 -169 41 92 -9 -79 -160 -161 -51 200 15
81 -35 15 -155 -165 -125 -16 47 8 -2 80 -13 26 41 -28 -99 -30 154 8 55 -162 46 194 77 -78 -92 -121 24 96 -81 189 -198 191 -76 -14 84 154 49 -15 -175 -28 -159 148 -92 -11 -71 172 72 -112 -28 -133 11 -150 137 -132 -18 34 187 18 -16 17 59 136 -111 -62 166 7 -18 -4 -56 75 184 11 -72 34 -102 -104 196 13 181 -185 19 80 179 -200 -133 46 94 -188 -74 160 -184 8 -37 49 -81 -8 -83 55 -88 -6 28 -177 120 -51 -151 -29 -14 -65 99 16 -15 -166 -95 47 132 5 -118 29 167 122 21 63 -187 -116 -17 -123 185 13 -64 -170 198 103 -94 188 6 -132 73 -17 -67 34 120 -105 -124 -70 79 -44 -163 -111 -3 -186 33 125 -155 113 187 -97 141 55 188 -3 -123 -149 145 -42 108 -136 69 -125 -95 -32 -48 -130 188 -106 110 -187 -168 150 -85 161 70 124 -195 7 89 -164 -151 63 -153 53 163 146 72 119 65 5 129 -19 102 21 200 15 79 105 -22 -51 191 -92 24 70 69 52 -83 -38 -167 34 33 172 184 111 18 180 128 105 -171 180 -161 74 182 147 -4 133 -30 -170 -79 47 128 140 111 188 -63 141 49 11 -125 145 -165 -53 40 74 181 28 -86 -7 160 -23 6 -61 -3 -189 -194 125 -143 157 176 177 115 -95 -162 13 -68 -55 -173 -130 -104 153 196 41 188 148 14 143 -6 71 43 199 101 -45 -49 -94 -85 160 -57 -12 -14 -124 -70 189 134 -140 165 52 -54 19 -128 36 108 -106 133 -68 -7 -194 178 -164 -165 98 -104 77 -180 80 -65 -155 -8 179 49 82 -34 -94 29 2 -40 170 -176 -36 44 -178 -22 60 124 -92 96 139 101 35 -167 41 173 113 -161 18 -188 113 -107 73 -163 -118 55 -116 -35 -98 40 29 67 136 87 -55 -20 -44 125 -81 -70 185 153 89 44 55 194 -41 -189 138 154 -102 152 -179 23 -21 86 169 190 140 159 -60 -165 97 -169 -68 107 -51 110 89 -44 41 92 -9 -190 -47 73 -191 -120 83 103 72 141 -60 136 23 158 -125 121 8 -1 127 128 107 79 -27 -162 -13 42 105 117 80 -158 -12 -139 -53 12 183 33 -177 65 -138 -101 -102 93 93 41 107 -109 -167 86 22 -113 -157 160 95 130 -20 182 -103 -158 -42 -192 58 -55 -192 -115 188 -189 176 -91 58 157 19 99 35 136 52 136 -32 -187 78 -118 199 -1 -59 125 -193 -198 -194 -188 50 24 100 72 116 -169 200 15
-93 144 134 83 -66 -116 32 -8 -200 80 173 -192 160 180 -8 143 181 -146 -196 80 16 -165 28 -157 140 141 -151 122 52 22 -180 8 -74 164 176 -169 -68 93 58 2 76 -53 124 12 -61 60 -162 77 76 -182 185 126 -151 157 187 38 -170 147 80 5 61 115 161 130 -136 104 114 76 168 -169 18 76 195 -10 113 64 149 196 72 117 73 -115 -163 132 -94 -185 51 -28 -112 -183 -147 -28 -37 -30 26 -183 90 -193 -148 151 -55 -156 148 173 34 188 -114 -76 -172 -27 148 157 48 95 -199 191 -146 -14 65 -175 192 26 -154 8 -118 -115 128 -173 111 98 -57 97 -119 62 79 64 -185 188 -180 7 138 167 2 41 -134 -122 76 -64 182 89 61 -41 54 193 196 -52 -166 58 -167 -1 -106 -43 153 115 122 -26 -33 157 143 144 4 -79 -135 -142 9 34 103 -62 195 -69 -192 -80 -22 -120 -22 -64 -140 -4 78 -59 171 -175 179 71 63 160 70 90 152 171 -151 -132 46 80 45 -63 139 -180 77 -142 103 -31 -72 -195 69 -132 -147 198 39 -40 -81 27 -160 200 -163 -97 175 -56 68 -76 189 100 -148 29 -41 51 -2 -72 -72 -133 135 -3 -72 186 -28 -117 -137 117 -166 -24 -135 -173 21 -173 -99 133 140 15 120 -180 -110 56 179 -139 169 42 45 -86 -71 132 127 11 -154 -186 31 149 167 -120 129 -147 149 -56 186 198 -196 -143 7 -157 -88 -36 15 -131 35 -179 83 173 -100 146 -1 -126 35 168 83 -89 129 77 -186 -134 -10 -159 153 -72 -168 122 57 3 125 108 -200 -93 148 85 75 183 -69 66 -21 71 -52 72 -144 -151 -146 -23 -188 107 37 -44 20 -148 -11 -110 -136 137 -110 13 117 191 89 -60 -98 -165 185 129 115 15 167 -81 -2 169 117 91 56 169 -178 45 -46 -62 63 198 -79 90 38 68 180 58 -88 -67 1 -66 -6 20 113 47 -113 -8 -7 -28 -1 -146 69 -88 -55 -132 31 163 -99 86 -155 -47 -190 -41 -18 103 -120 -32 135 -144 -199 -69 135 -43 1 173 -39 176 -125 -158 -116 5 -11 160 111 162 -26 161 -105 -13 -96 -145 -91 49 -81 193 1 138 108 -139 -173 184 -96 140 97 62 -193 99 -67 143 34 -176 27 -162 -93 -115 191 171 -139 -118 -93 69 158 -172 97 184 -7 198 -137 64 61 190 200 156 -104 -140 -89 -145 -41 198 96 -109 41 -167 -150 -164 -129 122 160 75 -107 -108 194 182 121 168 -195 -174 60 -166 126 133
-93 144 -57 -122 168 72 -153 103 -120 -32 74 -8 180 67 -126 35 168 83 -89 -169 -68 93 58 2 104 -156 -200 -190 160 70 90 152 171 -151 -132 -198 -63 62 46 -79 90 -11 -127 -172 97 184 -7 198 -137 -163 -31 132 55 88 -69 146 -24 -185 188 -180 27 172 48 199 -95 -93 148 85 91 145 96 150 167 -41 109 -96 -198 41 145 89 140 -18 -57 97 -119 62 -186 31 -93 -115 191 -133 135 -3 -76 -77 162 -60 61 -12 -124 -41 -2 -167 -187 -157 26 -78 4 52 -108 -125 -3 134 83 88 157 161 130 -195 -56 -91 -186 -134 137 -72 -195 37 -44 20 -148 -11 -110 -136 137 66 -21 -96 140 97 62 -193 99 1 -146 -20 6 61 -117 -169 2 -108 -138 -1 -193 81 -49 167 -120 129 -147 -132 -147 198 39 -40 -81 27 -160 157 -28 165 -16 -59 171 64 66 -1 67 88 -58 -180 -68 -38 142 -77 180 -139 160 75 -46 -45 178 -169 62 -103 9 34 142 135 79 -4 -144 30 37 28 147 -107 -108 194 125 69 -183 -75 133 140 15 120 -180 144 -72 52 -71 -184 173 139 81 115 118 -8 154 -26 -192 175 -65 14 146 56 179 -139 169 42 -64 -140 -122 151 -141 -140 22 143 34 -176 27 -171 72 72 2 -51 41 -29 69 -136 104 114 41 -61 -89 -182 64 -76 122 134 79 64 -135 -173 21 -173 -99 -149 18 41 110 -151 -146 -23 -188 -153 43 160 111 162 -26 161 -105 -13 76 114 -188 -34 -135 164 176 129 77 -192 -80 -22 -120 -22 -131 35 -179 83 173 -100 113 47 -113 111 98 169 -160 192 -173 -80 200 8 -32 -15 36 -66 -116 45 80 146 -181 -143 8 -180 -168 -76 -39 176 -110 13 117 167 -58 166 52 -196 -193 1 -174 60 -166 -173 -148 156 55 117 73 -115 -163 132 -94 -185 51 -28 -112 -183 -86 -71 31 -103 -154 53 -76 76 -166 1 28 7 8 173 -128 -167 -15 -168 -121 -182 -158 -116 5 -11 106 1 191 -86 99 -175 179 71 63 148 -100 -189 76 -68 56 -175 97 163 -72 -196 -149 -64 -148 7 138 38 -170 147 -200 191 190 -199 -69 135 -43 -54 -173 195 -115 -129 -185 165 186 198 -196 -143 7 -115 -61 -72 186 -28 -117 132 -158 -69 93 118 139 -162 159 10 117 -200 80 5 -182 185 126 -151 -33 157 143 26 -183 90 -193 -148 151 195 -10 113 157 -164 -129 122 63 -45 -196 80 -122 -115 107 69 149 -56 98 60 -89 -155 -47 144 126 133
62 73 23 -184 -29 -56 72 67 196 9 61 -142 -170 -147 -50 101 -180 158 62 187 109 -92 -28 83 -66 164 -63 -106 -17 -132 197 -191 85 5 -193 120 -17 -180 12 -200 130 -57 -3 26 99 -59 15 -118 51 190 78 125 -30 -36 -65 46 122 -2 -114 47 77 -125 -93 -78 4 8 4 -34 -179 144 119 134 -14 173 43 -45 -101 50 126 -5 -16 -135 -163 92 55 111 -24 71 -160 122 125 -85 94 -165 -192 100 199 -172 106 -94 -162 90 62 -91 -123 -117 -116 -145 76 46 -74 98 16 -29 23 -20 -60 125 -3 -170 -119 -37 179 -122 -113 -142 -156 -61 -16 22 193 -16 -90 196 -62 -67 -100 -130 126 -200 182 -118 20 -104 31 148 -38 -18 63 -153 -170 142 -86 75 162 98 -54 156 53 183 -155 -128 177 -88 -126 169 -128 -20 -127 -138 -139 -16 -85 -165 -149 -190 -45 -27 5 -194 -31 127 157 -156 1 120 93 119 192 -67 -108 191 -178 -36 -182 -41 -173 -145 -191 -29 156 -151 -9 -154 199 -151 -63 -133 146 -34 119 142 -45 190 -112 90 44 38 53 -113 -106 -81 172 72 -165 118 -50 96 64 124 136 140 -7 -88 -89 -10 -71 188 51 138 27 99 143 -78 197 169 -155 -138 180 31 3 -126 -132 108 -131 -18 -135 -30 133 76 -40 163 74 76 -196 94 25 144 -82 -196 -31 -36 -103 173 186 -79 181 9 -98 36 177 -23 177 200 -140 -82 -123 -177 -37 93 -29 125 -196 18 179 195 -154 35 16 -37 -140 134 106 -104 92 153 -105 -66 34 -79 -113 18 150 -167 121 -160 16 54 -132 39 -161 -112 150 103 -129 183 -150 154 28 -183 149 -41 31 126 -4 -36 -116 -61 -138 -85 54 140 63 77 -146 -66 178 -65 -109 -13 -41 175 108 161 24 -181 -85 184 39 -35 -181 139 -15 169 -95 -45 -177 5 -67 162 125 45 -92 -86 -198 -92 -171 -33 -107 187 -187 -39 -66 -41 140 150 -183 38 159 124 -182 70 67 87 -3 11 -144 191 -183 -46 -151 68 -132 168 -73 14 -147 -135 -192 -100 -169 184 -129 190 -3 185 -33 -41 -111 47 -148 -184 197 2 -119 10 -189 -81 -139 121 190 -90 103 -128 -4 90 -50 -66 -34 62 116 -137 -57 -68 159 -132 32 -12 45 -180 112 124 135 -133 18 -66 186 46 184 -169 56 30 -111 -59 102 161 -99 -58 102 -192 -135 -46 -158 85 193 -137 182 130 111 85 -57 10 27 186 -80 -169 3 126 -164 152 176 130 -141 123 -157 45 65 191 -87 75
62 73 23 56 29 184 72 67 -169 -142 -85 94 -165 -192 -199 -100 -172 106 -191 -187 -108 -175 41 13 162 98 -54 156 -61 -16 22 193 -16 -90 196 132 17 -169 3 -72 -67 -70 182 -124 -159 -38 183 -39 -66 -41 140 150 187 -93 -120 -1 43 23 26 99 -59 -128 -4 -18 63 -153 -170 142 -86 75 -45 190 -112 90 160 -71 24 179 195 11 -144 135 18 131 -108 132 126 -3 -31 -180 138 144 -20 -127 -138 -139 15 -139 181 35 -39 -184 85 181 28 92 -109 -187 -62 -158 180 -101 50 147 170 142 -61 -9 135 100 -94 196 -76 54 -132 113 36 -106 80 -186 -27 -10 57 -85 -111 -24 -33 -107 196 -46 -158 85 193 119 -2 -197 184 148 -66 164 -63 177 -23 177 200 -140 -82 -123 -177 -37 93 -29 125 -130 126 -200 182 -118 20 -104 31 148 186 46 184 -169 56 30 192 66 -18 133 -135 -124 -59 -177 128 155 -183 -53 156 92 198 86 92 -45 98 16 136 111 41 -91 -123 31 194 -5 -160 -50 -63 -133 146 -34 119 142 109 65 -178 66 146 -77 -63 90 62 40 -76 -133 30 191 -183 -46 -151 -32 132 -159 68 57 137 -116 -62 34 66 14 -134 -119 128 -169 126 88 90 -190 -121 139 81 189 -10 -137 182 130 85 16 169 -125 -162 67 -5 177 45 95 74 -46 82 -144 154 28 -183 149 -41 31 126 -4 -36 -116 -61 -138 -85 54 140 162 94 51 190 -124 65 191 -45 152 176 130 -141 123 -157 164 -126 -165 118 -50 96 64 172 87 -3 -154 35 16 -18 39 129 126 -5 -16 -135 -163 92 55 111 -18 -196 -31 -36 -103 173 -92 104 -106 -134 140 37 150 -167 121 27 45 190 149 165 67 -192 -78 197 169 -155 179 34 -4 -8 -4 78 93 125 -77 -47 114 2 -122 -119 -29 156 -151 -129 -62 -67 -108 191 -178 -36 -199 188 51 138 27 99 143 79 -34 66 105 -153 186 -79 181 9 -98 -46 65 36 30 -125 170 3 -125 60 20 -191 190 -3 -14 73 -168 132 -68 -12 45 -180 112 111 179 -122 -113 184 -9 -57 -185 -147 -135 -38 90 16 -74 -163 33 -3 -100 161 171 83 -47 140 71 10 89 88 7 154 -130 200 -12 180 17 -125 -122 44 38 53 -113 -106 118 -15 -103 102 161 -99 -58 102 -192 -145 -193 120 25 150 -183 -161 -112 150 103 -50 101 45 29 78 -119 -37 -197 85 5 76 196 116 117 127 157 -156 -173 151 -182 -41 -173 -145 -81 -87 75
41 169 47 -170 28 65 174 -164 94 -70 -172 -107 -160 -191 191 -10 6 181 -186 -138 -135 196 -30 -6 11 143 -133 -9 -115 81 62 -177 -148 -124 -75 -164 -107 -129 -158 -136 113 -193 -23 -30 -30 155 137 134 -144 -81 -39 -13 -48 61 -61 -126 -87 75 148 28 -193 -107 -93 149 -30 180 147 -177 103 163 37 23 25 120 193 -190 189 -102 -113 -173 142 -149 71 -170 177 -28 -5 -99 -194 -180 57 -28 27 -97 60 107 167 53 -148 40 -170 -27 -109 41 148 58 -119 -126 63 -194 31 56 35 61 24 -32 -51 32 -31 -42 -155 88 80 -183 20 127 -192 193 38 123 41 154 86 -29 12 17 -4 168 18 -52 48 115 185 -115 -95 -52 -46 -175 130 -38 119 1 -13 136 -135 -163 78 56 -97 -152 -95 -56 -113 58 -24 63 151 -59 -7 178 19 -128 134 -81 2 -70 89 130 25 153 -37 -47 131 66 52 -170 53 80 -157 41 -195 -182 76 75 72 184 -26 -104 -62 -42 43 -15 177 -142 -111 108 47 116 -182 -4 -40 53 108 195 -30 56 -156 -165 -86 92 -53 197 20 90 -111 142 127 -90 -197 194 18 24 89 71 36 -176 30 33 122 194 139 -151 120 -132 51 78 186 -29 -94 105 54 117 90 129 73 161 -7 -1 -188 54 -19 -181 58 180 38 2 142 139 -37 -129 14 -88 -47 72 142 -188 -118 52 -92 143 -145 18 13 -17 136 -132 -49 -50 81 -7 -149 141 -8 45 15 160 -75 137 173 -194 -15 -178 69 182 84 116 178 33 49 -4 -5 190 -70 -42 -137 178 110 -87 -94 -63 -67 74 -56 198 -121 -54 -58 -157 38 159 20 -85 -139 -59 81 -94 139 48 -104 -142 174 175 -119 -26 76 125 -197 -121 -187 42 -58 80 -139 -60 163 196 -22 55 -27 -127 137 -53 -183 169 -28 -168 141 13 -199 -72 -122 124 -92 -7 5 -18 169 -123 34 9 -16 24 91 169 178 45 -132 67 -29 175 112 9 -130 132 3 189 -177 -132 78 -188 -96 4 178 -122 -107 -126 -82 150 -1 -145 169 -103 12 77 35 -66 62 179 -165 -111 -37 163 -171 30 123 61 -69 77 11 -174 -107 -97 -1 -150 -170 161 97 85 159 -67 189 190 -70 -108 177 2 136 -29 -114 176 82 -5 -50 68 -165 -145 68 151 131 -107 -105 -94 -57 178 112 -196 -169 75 156 -92 131 -73 130 49 59 121 -33 -50 73 68 -141 -118 -168 43 44 -173 154 111 -87 -143 -12 -26 164 131 67 183 -144 49 -76 107
41 169 47 -170 28 65 174 -164 94 -30 176 -30 56 -120 -25 -22 55 39 81 -7 103 163 37 23 -196 -163 60 139 -53 -183 169 -28 -77 -12 103 -169 -149 56 95 152 97 35 -66 -131 47 37 -153 -25 -130 -89 -12 29 -86 -177 -32 92 -178 78 -188 -94 105 54 117 90 129 73 75 -160 -56 -31 -7 5 -18 72 172 52 95 115 -185 -115 -48 52 -18 -168 4 -130 189 -177 -1 -190 -189 112 -196 144 -134 -137 -155 30 30 23 193 -27 -109 41 148 58 170 150 1 97 107 174 -11 -77 69 90 -111 142 127 -90 165 -107 -105 -94 87 -111 -154 195 -111 12 143 -57 178 67 -159 -85 -97 -161 126 107 84 116 178 33 -17 -126 63 -194 92 -124 -125 -76 -47 -45 8 -184 -72 -34 20 127 41 -195 -182 76 148 13 -17 136 -69 178 56 -15 -89 -24 -108 -53 40 4 182 -116 -108 177 2 136 -156 -75 169 -161 137 173 -194 -15 -78 163 -10 6 181 -186 -138 -135 196 -30 -145 7 -81 50 49 127 27 -13 -48 61 -61 -126 -87 75 75 9 -16 24 164 -42 -155 88 80 -183 123 -169 -52 61 24 -32 -51 -137 148 177 -62 -81 115 9 133 -143 -11 6 1 49 59 35 -66 62 179 -165 -124 -75 -164 -86 92 -53 197 20 130 -150 82 -122 15 -43 42 94 87 -110 -178 137 42 70 -190 5 122 194 139 -151 120 -132 -31 131 67 183 -144 107 167 53 -148 40 -170 -113 136 158 129 107 165 132 3 156 193 -190 189 -102 -113 -173 142 -149 -30 171 -163 37 59 -151 -63 -145 18 28 -193 -107 -132 -169 -91 26 108 58 -24 -93 149 -30 180 147 -177 -143 92 -52 118 188 -142 -72 47 88 -14 129 37 -139 123 61 73 -131 -80 58 -42 187 50 5 -82 -176 114 29 45 -132 67 -29 175 112 9 49 -4 -33 -70 -46 -175 130 -177 170 -71 168 118 141 -68 -73 58 54 121 -198 56 -74 67 63 81 -134 128 -19 -178 7 111 132 182 121 -122 -197 -121 68 -188 54 -19 -181 58 180 38 2 142 43 44 -173 -18 -194 197 -145 68 151 131 -70 26 119 -175 -174 142 104 28 -38 119 1 -13 136 -135 -191 26 -141 -113 71 36 142 -154 -41 -123 -38 -193 192 157 -80 -53 170 -33 -50 -157 38 159 20 -85 -139 -59 81 -94 139 48 -5 -99 -194 -180 57 -28 27 -96 4 178 -119 70 -2 62 104 191 160 107 199 -13 -141 168 51 78 186 -29 -97 60 49 -76 107
-90 -116 49 138 -130 100 200 150 -110 -150 123 8 79 -111 -182 173 134 -41 -92 -104 93 -45 187 104 74 99 -3 -40 117 96 -10 65 195 -23 137 -175 74 -134 -126 -1 119 9 171 85 167 5 -173 96 -100 88 -187 -199 -139 -105 177 -156 -44 69 -113 -177 48 -140 -82 -141 115 59 196 189 44 105 4 -193 -126 178 -111 -71 166 62 56 -109 -153 70 -109 146 -135 190 -80 -182 93 -179 172 -164 80 7 34 121 44 136 -125 -19 -80 182 107 -119 99 143 -113 107 -166 -142 -46 -13 -25 -93 45 -105 -93 -20 15 -107 50 95 -68 -128 -92 191 -115 -52 -113 -112 -5 -157 116 -49 -134 -124 117 -159 -129 164 34 85 -181 -191 200 147 191 40 128 -51 25 -161 -190 -30 -145 49 71 -153 96 1 131 -88 -135 104 -18 168 117 43 126 -184 51 -56 65 128 107 8 -29 125 -70 -150 -100 -43 -108 107 57 -23 173 -118 137 -58 -105 150 2 -9 -79 140 -125 -164 193 -105 -157 120 34 -126 -83 123 191 22 -195 -117 -197 -49 106 174 -189 166 181 -152 -55 -51 -2 123 7 -148 -110 -16 85 22 -124 129 63 97 -162 -91 135 98 -171 -136 -161 -156 -42 55 186 -80 -181 101 -182 122 191 147 57 91 -38 120 2 -61 -109 -106 -4 195 72 152 64 -80 -7 -147 -142 -90 62 55 153 200 73 136 -48 192 -91 -183 -175 33 -68 -75 63 78 -4 90 71 101 -80 147 -116 172 94 167 120 50 -121 143 -153 -75 -81 -182 -189 135 -87 173 159 -122 153 164 149 -19 -200 121 -112 80 -186 138 136 -21 -15 31 182 -43 -185 167 -160 153 188 -97 -62 158 -61 79 171 -39 39 151 112 131 115 35 -2 -92 130 -23 -80 27 -94 42 80 71 -177 1 25 174 -153 -51 -70 -43 -136 -164 -125 163 151 161 -88 146 84 -28 -92 -191 -194 60 186 -144 110 -130 190 -188 -91 67 90 -5 -166 163 -89 -160 26 196 -56 59 -2 23 -85 -197 103 149 82 -169 141 83 143 -15 165 55 86 -74 28 -155 -38 174 103 -191 80 163 -80 -138 -28 3 -70 100 -147 -156 108 -94 -72 170 90 69 73 176 15 -6 -181 -28 -196 -151 41 -152 -155 199 -78 -193 -57 168 -101 -54 -54 -26 -190 49 -176 16 -182 12 -10 3 -51 -92 -168 -160 78 -132 -92 -100 73 -89 39 94 58 -43 -145 193 -110 -23 13 -155 20 46 -192 -99 71 -55 99 175 -104 -198 -8 -119 -169 110 147 187 -116 22 -49 -22 -52 196
-90 -116 49 138 -181 101 -182 122 191 -188 97 -162 -191 -147 -200 191 189 -174 -106 49 197 117 195 -159 -173 87 -135 189 182 81 75 153 -143 121 -44 -35 -80 147 -116 72 -2 -92 153 -22 116 -187 104 -18 -177 105 -28 -92 -191 -194 60 186 -144 63 94 167 120 50 105 40 128 -51 74 -92 191 -115 -52 -113 -112 -5 -157 -96 23 -130 -195 -65 -104 93 -189 -196 -59 -115 141 82 140 -48 177 113 -69 116 163 -164 193 -105 -2 -150 105 58 15 -6 -164 80 7 34 121 44 136 -125 -19 -80 182 107 -119 99 143 -113 107 -166 -142 -46 -13 -25 -93 45 143 -15 165 -80 -7 -147 -142 -129 164 -148 136 171 43 100 150 70 -125 29 -8 -78 61 -158 62 97 -188 -153 -176 16 -182 12 -10 3 -51 -92 -168 -160 -71 -49 145 30 99 -85 -171 -9 95 -68 -20 155 -199 -139 -84 63 137 -176 161 -88 146 -38 120 2 -61 -190 55 -71 26 196 -56 59 -2 23 -85 -197 103 149 54 101 -168 23 -185 167 -160 -49 190 26 54 82 -57 137 -175 -166 181 -85 -34 -7 -123 -111 -71 28 -86 -38 174 103 -191 181 153 -174 -25 -1 177 -71 -80 -42 -163 -80 -71 -90 4 120 124 134 -155 64 55 -109 -106 -4 195 72 152 161 -25 166 62 51 -56 65 128 107 -132 -92 -100 73 -89 39 94 58 -43 -145 193 -110 164 -70 -43 -136 -164 -125 -49 128 46 -192 -99 -141 169 193 -112 80 -186 138 136 -21 -15 43 -182 -31 182 111 -79 -8 -123 150 110 -150 -200 -100 130 80 -186 -55 42 156 161 -110 -16 85 22 -124 129 45 -93 104 92 41 -134 -173 -80 27 -94 199 -78 -121 200 19 -149 51 -172 184 -126 -43 22 -122 153 -23 96 -100 88 -187 -13 173 -5 -167 175 -192 48 -136 -190 135 -146 109 -70 153 109 -56 179 94 -108 156 147 -100 70 -3 28 138 80 -93 -20 15 -107 50 -119 1 126 152 -181 89 -163 166 5 -90 -67 91 101 -115 157 -9 -79 140 -125 151 -73 -69 -90 -170 172 78 -131 -112 -151 -39 39 -171 -79 -49 153 200 73 -80 -182 -198 -8 -119 -169 118 -173 23 -57 -107 108 10 -96 -117 40 3 -99 -74 -104 -110 -28 -196 -151 41 -152 -155 105 -83 160 74 -134 -75 110 -130 51 55 68 -33 175 183 91 -98 -135 91 4 -193 -126 178 2 190 147 57 91 187 147 135 88 -131 -1 44 156 168 117 -55 -62 -34 117 -159 -90 -126 -83 123 22 -191 -52 196
-197 -181 95 -112 16 21 64 109 67 -109 178 156 -94 -3 158 -65 126 -67 148 -127 -199 55 -8 149 -171 -85 185 56 -78 76 -92 92 -104 -146 -110 74 98 -68 -175 -111 183 -22 -190 -180 -188 -21 174 -136 -61 -61 144 -140 81 27 46 54 -80 -16 -68 -175 159 -108 51 -178 -24 9 123 -142 -41 83 -119 -142 42 10 149 114 -137 194 86 -159 112 -115 129 127 -123 69 -72 -192 66 60 22 -85 136 -37 150 106 146 -124 59 7 37 -45 197 -168 78 -177 82 63 -168 7 -25 87 53 28 144 -85 -99 -175 17 81 168 78 169 -180 -91 -32 -107 168 -185 120 -172 -129 103 67 80 -34 -186 -97 -111 -150 54 130 176 -129 157 3 200 19 -99 160 -13 -150 -196 -93 180 113 -193 54 110 59 -17 84 -185 -181 -128 161 -30 -41 -2 -137 -161 -17 -84 73 -113 116 109 150 -50 -79 141 -44 -174 102 -60 60 78 -94 -181 57 20 -185 -164 156 -76 -92 70 -128 198 -158 171 102 111 185 -185 199 49 -192 -196 -172 13 -26 15 -67 -40 -149 178 -63 13 -123 129 -73 -113 -63 12 190 -47 -75 131 60 -70 103 -59 -121 155 -31 23 55 25 -94 62 25 -174 164 -183 -76 114 157 -178 49 -67 17 -128 70 -115 14 -146 -130 164 25 -100 -13 -161 84 26 -178 -142 -197 190 -149 87 155 -128 15 183 -177 88 -137 71 -132 175 183 -121 -44 12 -6 -171 134 -16 -127 130 -120 77 159 -125 186 62 -151 -142 36 -126 31 33 132 -158 -8 97 102 -29 -146 3 61 149 176 119 169 -62 -34 -58 -56 37 -62 -90 -120 -114 61 196 190 26 -160 167 166 -176 50 -106 122 -63 138 164 -131 182 30 -8 -40 23 56 -2 -157 -187 -98 -28 -156 149 118 167 40 -48 -75 126 186 -31 -192 -92 2 -51 50 -67 -129 184 21 -158 41 182 79 68 -9 -130 -167 -114 76 -28 5 -50 24 19 199 145 22 -37 142 111 -112 -50 18 -52 159 -29 -16 11 -33 22 -26 42 183 178 -163 -177 192 16 92 -46 -70 -94 -119 9 74 4 -80 -120 -43 120 22 -195 53 -45 -193 -136 -40 156 -144 -140 -106 -200 -141 -124 127 -156 177 78 -160 135 -60 26 -164 -163 -199 -76 -169 -25 -82 -108 39 -6 -66 83 -78 140 64 186 -109 -151 -143 -107 143 -60 185 -34 8 -15 -114 30 -73 -60 -173 -200 -91 -41 -5 195 26 -135 -75 105 -125 54 76 25 -40 -114 -82 1 62 93 -144 115 -154 2 -159 -134 128
-197 -181 95 130 -120 26 -13 144 -85 -99 -175 -22 2 80 -54 -46 -27 -81 140 -144 28 -76 114 167 158 -21 -184 146 104 183 -121 -185 199 49 -192 -196 -172 -156 164 185 -20 -57 181 94 -78 -60 60 -102 174 -102 -171 158 -198 128 -70 92 76 -16 -127 -112 16 21 64 109 67 9 30 -161 128 181 -10 -42 -175 151 109 -186 -64 -140 78 -83 66 6 -39 108 82 2 -56 -23 40 8 -30 -182 131 -164 -138 63 -122 106 -193 -136 -40 156 -65 -164 -163 -199 -76 -169 -25 1 62 -123 178 156 -77 15 -67 -40 -120 -114 17 -26 -195 5 41 91 -176 -130 -54 -125 54 76 25 -40 -114 -82 -157 -180 -91 -32 -25 -164 130 146 -14 115 -185 -68 -175 159 149 90 62 -37 56 58 34 62 -169 -119 -176 -149 78 -56 -185 85 171 -149 -200 -141 -124 127 -156 177 76 -168 -81 -17 43 120 -37 142 111 17 -128 70 159 -16 149 114 -137 21 188 180 190 22 -183 111 -143 70 46 -92 -16 -192 53 13 -123 129 -113 82 9 123 -142 -41 83 150 -163 190 26 107 -94 -119 9 74 4 -80 61 -8 97 102 -29 -146 3 61 76 -92 129 67 -50 51 -2 92 192 31 -186 -126 17 161 137 2 41 -68 -79 -182 -41 -185 -111 24 19 199 159 60 -135 160 -78 114 157 -178 49 -67 -112 -12 44 130 -109 69 -72 -192 66 60 87 155 -128 15 183 -177 31 33 132 -158 136 -174 -112 159 -86 -194 -115 129 127 -45 -50 176 171 6 -50 18 -52 159 -29 -16 11 -33 22 -59 124 -146 71 -132 175 -73 -60 -173 -200 -137 -126 99 -19 -200 -3 -157 129 -88 126 -36 142 151 -62 -186 125 26 160 -13 63 -168 7 -25 87 177 -177 -63 12 190 -47 62 -93 -55 -23 178 -51 108 178 -63 -53 195 -22 -120 26 7 37 -45 197 -168 -61 84 59 -103 70 -60 -131 75 -121 155 -31 -24 -150 -196 -93 180 -28 25 -73 113 -193 54 110 59 -135 -75 105 150 111 97 186 34 -80 -67 -103 129 172 -120 -145 -61 5 -50 44 -141 79 50 -168 107 -100 -13 -161 84 15 -8 -98 -74 110 92 -30 114 26 -178 -142 -197 190 -149 154 -115 144 25 -174 164 -183 78 169 -187 -98 -28 -156 149 118 167 40 -48 -75 -84 73 -113 116 109 68 34 -185 142 119 37 -136 85 42 183 178 106 -67 148 -196 78 -127 -199 55 -8 106 94 -134 -166 -160 167 143 -60 150 -185 22 -94 -3 158 -144 -140 -134 128
24 197 -6 83 5 47 -65 28 -155 -19 -179 66 -98 112 -95 100 100 117 174 2 172 -144 -25 107 23 31 -80 -162 -61 188 157 -75 95 -168 65 -178 -61 -159 197 3 62 -192 -180 171 -143 158 41 -94 193 -200 47 -99 192 -180 26 -117 91 139 48 -10 -2 122 -87 -101 79 8 52 -180 -171 195 2 -149 -40 93 169 -158 128 -64 -179 -161 -196 -56 -93 98 -148 -59 -150 -41 113 -23 122 115 102 135 -71 151 -59 9 -175 192 9 81 -59 62 69 100 -113 -12 102 23 -129 167 -32 155 -33 21 -144 100 -135 41 47 -84 -17 -5 39 -51 -44 120 75 -195 -87 -115 -46 -26 187 58 33 115 -94 19 9 -90 184 189 158 -151 53 -141 -190 -9 37 -8 -98 24 181 -166 -57 -6 152 187 175 -35 16 -145 17 -56 158 -94 18 -83 -16 153 -169 53 -154 121 3 147 157 164 -118 -140 4 112 -144 -9 76 -195 -154 -170 -75 143 -21 -39 107 106 68 -122 56 108 -44 8 17 -149 -11 -98 -89 8 -133 156 -167 -164 -82 -41 174 -76 54 197 27 -149 -145 107 127 -139 -186 83 -18 94 -35 -155 30 -197 157 8 -75 -99 -125 -111 -40 6 -174 160 -26 -36 -34 16 -124 -154 -96 -48 -130 148 -39 115 -71 87 -152 152 9 183 -162 44 -109 -44 171 87 168 -69 -30 69 44 -129 -11 -149 48 189 173 64 -91 124 198 42 44 15 -89 119 -88 -162 -11 114 65 139 -23 98 4 27 -25 -39 -72 -124 194 -91 178 83 -155 130 -134 -99 172 -55 -154 34 127 152 189 111 89 77 113 -160 67 146 141 131 -117 8 -19 -183 171 -64 -38 -155 -42 75 174 -142 22 -45 7 34 9 -104 -76 -62 57 -92 115 35 -190 30 60 91 62 -121 -10 -10 -55 -142 -138 -68 -26 -93 -15 -44 193 -91 116 141 -104 176 157 -142 -41 -168 -191 2 -40 96 -168 75 178 -109 164 28 -196 92 -84 -184 52 196 125 -145 -148 -197 -186 -22 129 -75 64 123 171 126 127 -1 24 -2 133 -187 199 -183 48 200 -185 157 -95 -56 38 47 133 -188 11 158 21 -126 38 -67 -28 71 -150 -45 32 50 180 -108 186 10 139 -40 194 -23 20 175 -9 139 196 -87 79 17 124 -191 -90 -10 128 146 89 -135 158 -157 -178 101 -97 4 18 136 198 -88 -185 106 70 113 70 156 -114 41 24 -95 90 -62 70 -109 19 52 72 128 140 -194 -69 37 -95 -4 -148 43 -195 26 -155 -59 -23 -84 -180 -11
24 197 -6 83 5 47 -65 28 -155 -19 33 115 -94 19 9 -90 184 189 158 -151 53 -141 -190 -9 37 -4 -148 43 -64 -179 -161 -108 186 157 -194 124 -58 -168 65 124 -93 81 160 -113 -35 -155 30 -122 23 52 -180 -171 195 2 -71 28 67 -38 126 149 -150 -200 47 -41 135 39 25 -27 -4 -8 -42 75 10 140 118 -98 112 -95 100 -98 24 181 -87 197 115 4 48 -10 -2 122 -166 -171 174 -76 -48 -130 148 -39 185 88 99 134 -130 155 -83 -178 91 -158 135 -89 -146 -128 10 90 191 169 -158 128 -195 26 -155 -59 -23 -59 62 69 183 19 -180 -50 -32 45 -193 57 -92 -3 168 -96 40 69 -168 -87 -171 44 -102 38 64 -39 107 139 196 -87 79 17 -178 153 164 167 -23 -107 25 144 -172 100 104 -16 -61 -159 197 3 62 -192 -180 41 82 -156 -70 -113 -70 -106 72 -19 109 -193 18 136 198 172 -55 -154 34 -122 56 108 -44 8 -6 152 187 175 -35 16 -145 17 -56 158 -94 18 -83 -9 -34 -46 -26 187 -133 156 31 -80 -162 -61 188 157 -75 95 -97 4 -143 158 41 -94 62 76 -113 -12 102 23 -179 66 -164 -157 -147 115 35 -190 30 60 91 62 -121 -10 -146 -67 -84 56 90 -62 70 -91 116 -27 -197 -54 96 154 124 -16 34 11 162 88 -119 89 -15 38 -91 117 -149 -11 -98 -89 8 -101 178 47 133 -188 11 158 21 -40 -9 -192 175 -9 59 -151 71 -135 109 -44 162 75 -129 22 186 197 6 -174 160 -26 -36 114 65 139 -23 98 -157 185 -200 -48 183 -150 77 -94 18 -83 68 127 152 189 111 195 -75 -120 44 51 -39 5 17 84 -47 40 -44 -42 -198 -124 91 -64 -173 -8 117 -131 95 -167 129 115 -71 87 -152 152 9 -133 2 -24 1 -127 -126 -171 -123 -64 -183 -187 199 59 148 -98 93 56 194 89 -41 113 -32 155 -33 21 -144 100 100 117 174 2 22 -45 7 115 87 -140 -69 -195 -154 -170 -75 143 -21 -171 142 -174 -76 -178 -75 -121 154 -53 169 -114 41 24 -95 -141 -10 -55 -142 -138 -68 107 127 -139 -186 -106 9 -175 -20 23 -194 -99 192 -180 26 -17 57 44 -26 -93 -15 145 149 141 -104 176 157 -142 -112 -139 37 128 196 -189 -48 149 11 129 -44 -69 30 -2 191 168 41 -144 -9 -109 164 28 -196 92 -84 -184 52 196 125 -145 -148 40 111 125 99 75 -8 8 95 -72 -52 -157 -101 79 -139 -155 -180 -11
-173 97 59 -175 150 -55 36 151 175 -96 84 -22 50 -64 151 52 39 -139 -173 110 -16 -191 65 -119 -16 143 -7 115 143 -105 15 88 139 -6 -95 -170 13 -40 -25 -104 -130 78 192 -97 -19 64 -80 -163 -74 59 169 132 -76 -163 3 106 53 -178 3 100 -191 131 -148 -30 32 150 -120 49 18 -128 3 -14 17 -200 -29 -76 32 191 -140 -68 -129 181 -119 108 138 178 -126 -137 168 -118 -116 -117 -60 196 -50 171 -56 117 -159 50 -118 46 111 -173 -13 -194 -69 8 -88 -141 -48 9 -177 -176 176 99 192 -67 -159 -80 141 54 -53 81 31 135 -8 131 -172 -88 179 110 193 188 -62 38 -115 15 61 -102 -170 -164 60 -178 42 -149 154 167 89 164 156 -157 70 179 43 -105 102 -16 156 33 40 61 176 118 2 91 10 -41 188 -155 -72 28 -125 -123 -72 -32 150 -61 -70 -76 -107 -87 72 136 -69 -79 -92 41 -7 -119 107 4 -164 -19 -186 -20 41 -129 190 102 73 -150 -24 139 73 -176 43 -93 -55 -176 -12 -147 -175 81 8 -31 103 116 152 146 -111 17 -42 123 179 -79 -1 -113 118 -92 41 76 -185 56 177 -157 -79 -196 132 -62 -191 131 164 113 97 -158 10 -156 -89 -178 32 194 -91 8 84 200 -189 88 -32 171 -193 -157 45 -68 -179 -179 169 142 -39 -165 -158 175 88 -172 -37 -60 197 103 125 -63 14 28 195 -109 -9 -141 -112 -19 -190 4 183 69 -124 14 -113 51 -187 -99 112 55 137 -135 -66 45 -65 -14 -33 123 184 98 136 74 200 -154 94 -31 162 127 -10 99 -94 -117 -137 176 83 20 19 -105 -160 -157 196 47 -111 -69 200 43 159 117 118 197 188 -36 133 163 -119 -145 101 124 81 -55 -88 16 -162 -151 -108 75 -85 95 -80 176 161 131 -2 -99 162 -111 141 -134 -138 167 -82 10 64 -187 186 -68 38 -29 -30 -192 120 -107 22 -63 -6 -126 157 -72 -50 104 -129 -96 -4 -185 -103 127 101 163 169 159 175 58 161 -182 94 -123 -128 22 185 188 165 -88 124 74 -37 61 53 140 196 -27 -137 141 -193 -143 186 60 176 -16 68 -195 -123 -11 -19 164 -192 8 -23 -8 107 -66 -27 -28 -143 -190 9 -176 -158 -170 17 -176 179 75 -200 -114 -90 -39 -78 -68 56 118 -67 -128 20 169 -63 73 34 181 188 16 -69 -57 -53 -159 130 -19 -191 39 113 -12 -86 128 -3 148 -199 -153 13 -79 35 66 29 176 182 -164 -89 -139 112 -97 64 -47
-173 97 59 -175 150 -55 36 151 175 -96 -22 -88 179 103 125 -63 14 -88 124 74 -37 76 -195 -28 69 -16 -188 -181 -34 -6 -95 -170 13 67 -118 -56 68 -181 129 68 140 -191 -32 46 137 -177 -176 176 99 192 -67 -159 -200 -74 -64 19 97 -16 143 -7 115 143 -105 20 -175 -178 -138 -197 60 -72 -50 84 -22 50 -64 16 -176 104 25 40 61 60 -130 78 192 119 -16 -191 65 -110 173 139 -39 -52 24 150 -73 -102 -190 129 -41 20 186 19 -162 -8 192 -164 127 105 15 88 139 -73 -190 193 -141 137 -11 -19 118 -76 -14 124 -69 -4 -107 119 -172 128 123 -94 182 -161 29 176 -92 41 113 1 200 -19 -190 19 -83 -176 137 117 94 -99 10 -160 -188 -197 -118 -117 154 -80 141 54 -53 -86 128 -3 148 -199 -153 -90 -39 -78 -17 170 117 -159 50 -118 76 29 200 -17 14 -3 128 -18 -49 -136 -40 -33 39 113 -12 81 31 135 -8 10 -41 188 -116 -117 -60 196 -50 171 119 -176 179 192 30 29 -75 120 -107 22 -63 -6 -126 157 61 186 200 43 159 133 163 -119 -145 100 -191 131 -148 -30 32 150 -165 -188 -185 104 -129 -96 -4 -185 -103 163 76 -132 -169 -59 74 -191 131 164 113 97 -114 13 -79 35 66 -103 31 -8 -81 175 147 -109 -9 -141 -112 -38 68 69 111 -47 -196 157 164 150 -61 -70 12 176 55 93 -43 176 -15 115 -123 27 53 140 196 -186 143 -152 -116 -58 4 -28 66 -107 8 23 31 -94 36 -89 -139 -195 -38 62 61 176 118 2 91 131 7 -41 92 79 69 -136 69 194 13 173 -111 -55 158 79 -179 -123 72 73 37 172 -88 -175 158 165 167 89 164 156 -157 70 193 -171 32 -88 189 -200 -84 -8 91 -194 -32 178 89 156 -10 -112 99 187 -51 113 164 -183 27 132 -62 163 80 120 -57 -53 -159 130 -19 -191 -156 -178 42 -149 154 39 -55 -88 16 -162 -151 -108 75 -85 95 -80 176 161 131 -185 56 177 -157 -79 -101 -3 110 193 188 -98 -184 158 176 -9 123 56 108 178 -53 -106 -3 -196 -143 63 -169 -20 128 87 107 42 -17 111 -146 -168 137 126 -159 -169 -163 -101 -127 124 81 -142 -169 179 179 68 -45 157 179 43 -105 102 -16 -60 164 170 102 187 -64 -10 82 -167 138 134 -141 111 -162 99 2 182 32 72 123 125 -28 72 155 118 33 14 -66 45 -65 135 -9 48 141 88 -8 -139 -151 68 112 -97 64 -47
-72 79 -73 -194 -99 12 22 116 53 10 33 -4 105 44 169 -145 150 -85 -36 -143 86 -125 31 130 -176 19 42 137 -64 -60 -111 32 72 59 104 148 199 -130 25 78 -3 -145 -152 125 10 -142 197 12 147 61 -49 -134 -1 -26 29 -90 154 64 117 -42 175 -58 -191 -66 -149 104 -134 77 -67 181 142 -99 92 -161 92 177 -71 -37 12 -197 -162 106 90 -46 91 -27 -189 -40 97 -179 116 102 199 -72 -129 79 -66 -185 -18 -133 -150 -200 196 144 120 31 35 -94 -200 -198 95 -120 79 -83 -147 -66 99 -50 -165 109 -131 -94 174 146 75 26 -62 -75 -6 90 -30 195 -4 -192 -94 22 -83 -59 -39 -197 -126 7 -128 80 9 -159 -77 46 -21 -91 65 195 105 110 -200 55 27 -163 13 -122 3 -2 -7 21 -136 18 184 101 24 192 -33 -108 90 130 164 107 195 -5 -187 -199 167 13 -78 -26 174 190 -109 190 15 164 -54 91 -132 -80 184 114 -55 -32 85 -77 -134 -40 45 124 180 -191 -79 85 -19 -188 26 66 127 1 -14 -155 -40 168 126 -166 -34 -180 69 -32 142 12 106 -123 -139 -22 -56 -100 -69 -170 -108 -133 -4 -163 168 -100 -125 -144 -67 -177 -136 -148 108 37 -40 130 -105 -38 53 -124 -63 133 91 197 21 132 96 23 197 114 -164 47 110 -91 87 -112 119 -129 -142 49 -32 -74 -195 63 81 -25 135 157 -116 165 121 121 162 -5 169 140 -37 136 174 -116 154 -41 138 -149 -172 -56 171 -85 149 188 194 -161 45 141 39 -136 -155 -124 76 -2 -28 -53 41 98 91 171 -90 59 58 -138 -196 6 -30 -148 -183 29 164 -124 -104 94 -172 -154 111 -71 -63 -78 -37 -197 -168 128 -13 5 117 -144 125 -137 -70 44 46 113 -88 -76 -62 -108 -169 67 -31 191 70 -189 171 31 60 -193 164 2 -117 -59 10 178 -191 -72 -14 194 65 -14 28 -90 -131 43 -88 17 149 17 117 46 186 148 193 26 -200 -173 38 -180 -28 -88 -152 -189 -178 134 -134 31 -114 -106 -191 45 -75 180 -150 183 -39 -147 -84 -99 -55 174 -64 -118 -9 92 23 -21 -185 31 107 37 171 -137 -30 121 75 4 -173 124 113 -58 18 133 100 -2 -124 34 163 -82 -5 145 -31 -71 -76 -140 140 -186 31 -161 176 74 -128 -197 175 -102 -111 -77 184 -132 -119 119 189 -103 30 -91 6 -57 17 -143 -102 4 111 10 182 -184 103 116 -5 34 44 -24 -158 -198 -38 -146 -182 35 -159 -35 -186 175
-136 -148 108 37 -192 -163 168 -100 -175 197 -193 164 -142 49 -32 -180 -124 -45 40 134 105 -102 -111 -77 184 -132 -119 150 133 18 -136 -155 -103 184 -36 -69 200 -5 145 -31 60 185 21 -23 -92 9 118 64 124 -164 -29 183 148 30 -6 196 -83 -147 -66 99 -79 120 -95 198 125 10 -142 197 12 147 61 -49 -134 -1 -26 29 -90 197 21 132 96 23 42 137 -64 65 195 163 -27 -55 -91 -98 -41 -91 6 -57 17 -143 -102 4 129 -119 112 -87 91 -110 -47 164 -114 -197 -19 176 31 -67 169 108 62 76 88 -113 -46 -144 -77 46 137 -171 -37 -107 -31 91 21 -30 121 75 4 -173 138 -149 -172 -56 -66 -149 104 -134 77 -67 -5 -69 -14 142 -99 92 -161 92 177 -71 -37 12 -197 -162 -109 190 15 164 -54 91 -189 106 90 -46 91 -27 111 10 182 85 -150 -18 58 5 -200 196 144 120 34 163 -82 -10 -53 186 -140 140 76 71 -111 10 178 -116 -124 76 180 34 166 -126 -168 -143 86 -125 31 130 191 70 -132 -80 58 -138 -50 -165 109 -131 -94 -31 -171 -190 -174 26 78 -13 -167 199 187 66 -1 -127 -14 -155 -199 -102 -116 179 -99 12 22 -114 -184 -59 90 -171 -170 -158 -198 -38 129 72 -40 100 56 22 139 123 32 55 116 -154 -91 -133 63 44 169 -145 133 100 -2 -124 53 -124 -105 4 -33 -110 -130 -90 28 -90 -131 -12 -142 32 -26 188 19 -85 -189 -178 134 164 107 195 181 108 33 -192 -24 -101 -184 -18 136 -21 188 194 -161 45 141 39 -159 -5 34 44 -24 94 -35 -31 38 105 -130 40 4 -195 30 -90 -133 -4 -94 22 -83 -59 -39 169 140 -37 -191 13 -128 168 197 -104 94 -194 -97 40 189 2 -117 -59 32 72 59 104 148 199 37 78 63 71 -111 154 172 73 -79 72 177 67 144 125 26 -200 -173 38 -180 -28 -88 -152 -5 -197 -126 7 -64 31 -161 176 74 -128 -60 174 146 -88 194 65 -121 -165 116 -159 125 -137 -70 44 -117 135 157 85 -77 13 -122 3 -2 -7 -149 85 -171 -113 -124 41 -154 116 -174 -136 58 -175 42 -117 -128 80 9 -106 43 75 26 -62 -75 -6 108 -146 -182 72 191 -14 17 25 -17 -149 -55 174 -130 25 78 -3 -145 -152 200 -180 75 -45 191 106 114 -31 134 -193 -148 -186 -46 -117 -81 -63 30 53 28 2 121 162 79 191 -74 -195 35 185 66 -79 -150 183 -39 -147 -84 -99 119 189 -103 -35 -186 175
-99 188 55 105 -58 54 -159 -169 -30 34 17 71 12 -64 -110 63 -79 25 196 68 -193 102 184 160 -185 57 -28 -93 91 177 154 -13 -180 171 91 190 1 -148 -97 -143 -155 -6 -65 -54 188 116 49 -27 82 10 136 -83 105 -118 2 118 132 -130 -3 -25 167 5 -141 74 -167 -49 -25 -122 6 21 -69 150 -200 96 -41 158 196 86 -32 103 -192 73 133 95 -5 -70 -119 55 -180 -183 184 -105 91 -35 -32 72 -39 19 48 134 -175 -126 -198 -53 -140 -111 -63 45 7 -53 -50 -137 -67 143 -188 -89 -144 7 -26 -189 125 -115 -51 104 -11 168 146 97 176 -123 138 96 -54 4 -1 85 -193 96 136 89 -174 -76 66 -171 -51 -184 36 140 -148 142 -102 -166 -30 -97 -135 136 -191 -109 44 92 143 -16 -195 62 191 71 -150 6 34 -141 -156 -59 49 4 3 85 -61 76 115 -181 -168 -161 -160 184 193 6 32 62 -34 7 -53 -92 169 -168 -178 25 155 -199 -194 -70 -142 186 131 -153 -111 56 -89 60 -126 108 -89 -181 64 -103 108 58 53 -147 100 -113 130 -11 1 -54 115 123 6 83 70 -184 144 78 -145 -176 -110 -167 -130 107 -188 156 90 73 94 -199 -150 -180 38 -169 -193 -126 -66 12 -118 -135 -101 -114 92 -47 20 58 -160 -5 116 -123 149 -187 95 -10 37 -111 127 181 121 92 -32 83 -128 153 -112 -49 95 -198 -98 99 104 -103 -182 -196 168 -112 -182 102 114 -150 -128 79 159 156 -18 126 96 74 134 24 185 157 10 -83 60 34 66 -180 157 77 -185 -120 197 83 80 -143 173 -25 -24 -40 122 183 -10 -154 174 170 149 -74 161 21 -191 -170 196 120 -56 -50 -74 191 121 -156 12 -179 117 105 -135 150 -32 67 173 165 38 -158 -59 172 59 -180 -12 150 188 92 19 57 -139 -60 186 119 -85 124 -93 -148 -193 -39 -16 -140 152 71 -116 66 -70 26 168 62 -24 -174 -79 149 -180 1 -130 -145 107 -195 -66 -11 -23 94 -141 -172 143 105 -68 -160 -185 -34 -71 92 93 -138 8 -22 142 84 54 -190 159 -90 46 -59 -106 -194 88 -180 8 1 159 -52 117 19 -171 19 157 -198 33 -126 -78 -178 25 199 97 -193 -103 -180 -36 -121 -172 -84 -141 -111 -128 -144 172 -23 132 171 68 -162 -26 -79 -71 -28 116 159 34 -122 -93 -23 152 108 163 -39 100 100 45 75 -168 -115 88 -133 -48 -161 100 179 159 -129 23 -38 39 25 65 154 10 192 -189 -190 162 -77
-99 188 55 105 -58 54 -159 -169 -30 34 17 71 12 -64 -110 63 -79 25 196 68 150 -71 -191 48 134 193 -97 -199 102 -59 172 59 -180 -12 108 -185 -34 -71 189 26 -7 144 89 188 -143 67 137 50 125 177 -53 -140 -111 -63 45 7 -93 91 -115 -51 104 -11 168 84 174 148 93 174 -135 -101 62 -180 171 91 -199 139 -149 -1 -8 95 -198 -98 99 104 -103 -182 7 38 -172 143 105 -68 199 -134 -74 -96 -126 18 -156 180 103 -175 117 19 -171 -6 -193 -184 160 161 168 -102 193 6 34 -141 169 116 -123 128 -83 -128 79 159 -152 59 -46 90 -159 190 193 32 62 -34 -194 -185 -120 197 83 69 -21 -6 83 110 -88 115 168 91 -35 -111 -128 -144 172 -23 132 171 68 -162 -36 184 51 171 -66 76 174 -89 -67 32 -150 135 -105 -117 179 -12 156 -121 -191 74 126 -53 -92 169 -168 -178 -37 10 -95 187 -149 153 -112 -49 150 -159 -179 23 -38 39 25 65 154 115 -181 184 6 155 86 -32 103 -192 89 -3 -25 167 5 -141 74 -167 -75 -45 -100 -100 39 -5 -70 -19 149 -180 1 -130 -145 107 -195 195 16 -143 -92 -44 135 -127 111 25 155 -109 136 -191 24 185 157 10 -167 -130 -172 -84 -141 -32 144 78 -122 40 24 -88 -77 -157 180 -182 102 96 176 145 183 -10 -154 70 194 -160 147 -53 -58 100 -113 130 -11 1 -54 115 123 6 83 70 -184 72 -39 79 -21 -161 74 200 62 -119 190 -119 -60 186 -150 -180 38 114 -129 -92 -47 20 58 -160 -5 -57 -19 -100 161 48 140 16 39 -54 -142 186 131 52 -159 -170 19 157 -198 33 -80 150 -66 -11 -23 94 -141 -158 -142 148 -140 -26 -79 -71 189 -192 -10 -76 61 -85 -3 -4 -49 -49 -25 -122 60 34 66 112 -168 196 106 23 93 122 -34 -159 -116 28 -85 124 -191 -170 196 120 -56 -50 -2 118 -105 83 -136 -10 -82 27 -49 -116 -188 54 65 160 -185 57 -28 -53 92 -108 123 -176 -97 -146 -142 22 -8 138 -93 130 -132 -118 138 96 -54 4 -1 85 -193 96 25 -166 -30 -97 -118 24 13 -154 198 126 -153 -111 56 -89 60 -165 -173 -136 178 78 126 -143 173 -25 -180 32 -92 -121 -181 -12 66 126 193 -156 -59 105 -184 183 180 -152 133 -41 158 196 143 97 148 -1 -163 -108 -36 -121 107 -188 156 90 73 94 190 -95 -133 -73 -181 64 -103 150 188 -92 114 -168 -26 70 -66 116 -71 -55 162 -77
73 66 -136 139 -51 41 76 -189 -53 -146 79 -91 -34 122 46 129 85 -172 192 -102 -160 -170 49 56 197 43 -167 42 -58 -111 -124 -91 166 113 -61 24 -126 145 -129 -83 -15 107 197 110 196 128 191 93 162 -122 9 79 143 103 27 -94 18 -55 -175 -25 -97 19 188 197 85 -137 -89 54 33 -130 153 142 53 21 -156 -87 134 -110 112 32 48 145 136 -92 98 22 78 76 100 42 51 -122 141 41 -75 49 -87 -39 163 108 70 -61 -77 67 104 189 119 -121 14 154 -108 1 55 -174 170 -18 90 -190 -53 30 166 77 -37 152 135 -98 -166 55 -72 -141 91 -171 107 143 171 73 6 14 -94 189 67 -120 -91 6 -139 89 67 148 196 -66 -179 55 45 -160 -198 156 -171 30 23 8 97 50 -84 -49 45 -117 -67 37 -40 -115 103 97 -9 -78 -72 75 -50 148 166 -178 104 112 -106 -185 -48 100 159 -159 -93 -134 -15 -18 1 -59 -101 -177 150 -50 188 151 185 126 -73 -80 178 -113 155 -49 -182 -2 128 139 -13 74 45 98 135 115 28 184 66 -11 -5 15 53 134 15 -177 -104 23 -195 -195 95 -52 -66 25 28 21 106 -185 -198 -144 -171 190 30 128 -124 -103 -59 -146 -119 49 -196 -5 123 87 -49 -180 -104 56 132 -8 -153 -117 -1 110 -26 -180 -40 164 -123 35 -25 -143 178 -183 -144 85 -150 -160 81 -167 -200 66 25 192 -39 -72 -135 -46 -53 -3 69 -49 46 72 86 144 143 46 -111 -100 32 18 126 110 165 -136 -114 118 69 -102 -146 -156 -158 -182 -144 -185 180 -182 80 194 -92 13 53 29 -49 -198 -181 -81 -116 -12 -136 193 40 83 85 16 -33 -88 -109 179 199 -75 142 45 62 121 4 37 49 139 134 175 19 -73 166 34 29 -73 -114 -71 135 28 -153 184 -3 127 -53 29 24 -44 110 -107 126 -37 13 -27 -151 50 80 -83 48 -194 -62 67 -43 -19 -146 -108 -34 198 169 36 85 25 195 -62 -36 27 70 114 -83 67 -121 19 -106 -99 -63 134 -196 131 32 -107 90 52 -81 158 -104 24 33 -153 122 -29 158 -123 -186 -85 90 -21 148 168 -69 -152 7 -188 54 -188 -30 113 41 72 12 -111 -13 107 -62 -162 -161 166 -74 -20 116 182 -109 139 -189 -52 -45 -167 -143 118 95 -189 54 106 160 -27 13 -65 -37 -104 -114 -28 -199 -33 28 200 -75 5 -106 -133 -52 -184 136 45 -140 -68 -131 127 -41 47 -171 200 200 -134 149 181 164 145
73 66 -136 139 -51 41 76 -189 -53 180 85 -139 -109 139 20 74 -166 161 162 117 166 -178 104 112 -106 -185 -48 100 159 -159 -93 -6 -73 -171 84 153 8 -132 66 25 192 -39 -72 -135 -46 98 22 12 -111 -13 107 -62 -1 95 -189 54 -134 -53 -32 -112 110 -134 87 134 -121 14 154 -108 1 55 -174 170 -113 155 -49 50 200 200 -134 41 -75 101 59 -1 -153 130 -33 142 53 21 -156 -37 -4 28 -153 184 -3 127 19 -73 166 34 29 -73 -114 -71 135 -121 -171 -148 50 -75 72 107 88 67 -43 -19 -146 -108 -98 -166 55 -30 171 -156 198 160 -45 -26 30 128 -124 136 -165 -110 66 52 -61 24 -126 197 126 25 28 21 106 -185 -198 -144 37 65 -13 27 -160 -106 15 -177 -104 23 -195 -136 184 52 49 -196 -5 123 87 -49 -180 -104 56 200 167 -81 160 150 78 76 100 42 51 -122 141 149 181 -36 -169 -198 34 -114 -197 15 48 145 178 -107 -34 122 -171 91 -79 146 185 144 126 -73 -80 178 -144 -86 -72 -46 49 -69 124 111 58 -42 167 -43 -197 -56 -162 -93 -134 63 99 106 -19 121 -67 83 -156 -15 107 -18 -54 89 137 -122 9 -103 -143 -44 110 -109 179 199 -75 142 45 62 13 53 29 -49 -198 -181 -81 -116 -12 -136 193 40 75 -200 -28 -189 91 46 129 85 -172 192 -102 -160 -170 49 -145 -188 -19 -18 -32 100 111 -196 -148 -67 -89 139 -6 91 120 -67 33 199 28 114 104 -171 190 -180 -40 164 97 -143 -183 -144 83 129 -85 13 -27 -151 50 80 -83 48 -194 103 -123 35 -25 -143 136 -92 -53 -3 -182 -2 128 -45 -74 13 -163 39 87 -49 -177 150 104 189 47 92 -194 -80 182 131 68 140 195 195 25 -45 108 70 -61 -77 67 -50 188 151 107 -32 -131 196 -191 30 188 -54 188 -7 152 69 -168 -148 -110 -103 -59 -146 -119 133 106 -5 83 85 158 -123 -186 -85 90 -21 -55 179 66 -46 -143 -18 -116 -189 -52 -45 -167 -143 118 -135 -152 37 -77 -166 -30 53 190 -90 182 98 135 115 28 184 66 -11 -5 -94 15 49 139 -40 -115 -62 33 -16 29 -122 153 -97 -8 -23 -72 -141 -14 -119 41 -27 36 62 95 -113 -166 91 -33 -24 104 -158 81 -52 -90 185 182 158 78 9 -49 45 -117 -37 67 134 175 -53 29 24 -79 27 -94 -118 110 196 128 -97 37 -126 85 -72 -41 -113 25 175 55 -18 69 -102 -146 -114 -70 -127 164 145
-184 89 -169 -3 -101 82 -45 92 57 -162 124 -192 -133 43 -168 67 183 -10 168 -69 -106 -36 -169 -114 -6 98 107 186 -154 92 175 -14 131 150 183 172 116 23 -8 22 99 -13 122 69 -15 -132 -83 -33 71 -18 -171 141 -13 58 116 -120 179 -107 -187 -5 -56 114 103 154 198 178 -95 -131 117 -73 37 131 -56 -80 150 -146 39 -40 -98 84 -15 152 92 -145 -129 -193 -50 108 117 -159 93 -32 -81 148 -147 -144 88 -149 -120 -199 113 106 147 -159 10 1 -138 32 -123 -22 -36 -118 131 168 -86 -195 -92 -165 18 -154 -119 190 2 178 -41 -9 -117 135 -3 198 -111 -112 127 -173 -70 123 56 5 44 -179 127 88 181 181 108 10 66 40 92 -105 18 19 149 159 -166 -184 -171 -142 -197 61 34 174 -189 26 -117 -70 -55 -71 -140 198 51 -65 -51 -191 -38 -166 53 -38 -146 164 69 -114 3 70 -23 -72 127 -98 188 -88 -158 -138 94 -102 33 -115 -136 6 45 -132 78 -159 5 -110 105 157 104 -46 -148 -20 40 -144 6 -91 151 108 -49 80 -88 -125 -29 -151 -137 96 -174 -91 -29 -102 -162 199 30 -158 78 50 56 -190 -163 183 176 105 176 15 166 -105 -78 147 163 124 -163 -30 -131 92 -53 15 108 111 -50 -41 171 34 129 -135 8 -162 -167 -155 -153 -91 -199 138 159 97 131 62 191 -150 -118 -37 -167 173 113 -172 178 13 -115 -194 -13 22 -46 -175 39 173 97 -118 16 30 134 61 117 -22 -100 130 -82 103 141 57 -145 -2 189 -149 -35 194 164 -57 167 -34 136 30 55 -125 -14 -35 191 169 27 160 -176 152 -68 100 131 -77 31 98 -147 -63 -120 100 -13 149 11 164 98 -66 72 -143 122 -148 6 46 107 -140 147 89 60 104 83 199 -96 -136 -37 -52 -112 -152 39 -104 -153 124 117 -115 -198 -165 -5 151 170 46 -77 -59 -40 -29 67 -159 -10 -93 -164 110 -139 -200 173 -87 -117 -83 -72 67 -181 -101 6 -71 153 112 -31 -12 -111 -48 51 -159 192 -188 185 12 -139 106 154 185 192 -151 -72 -123 166 123 -151 -192 -15 -92 -197 -15 116 -31 116 -168 -80 160 48 -150 156 -138 113 194 67 179 -184 15 157 38 53 2 -170 40 81 -98 -88 -131 146 -139 -54 77 -173 -31 190 81 72 49 -78 77 120 195 2 -45 41 -8 -106 82 -188 -112 -172 55 160 -18 -135 62 65 81 46 -146 -65 38 170 -190 -146 134 -45 45 -196 -33 -90 -77 7 8 6 -77
-184 89 -169 -3 -101 82 -45 92 57 -162 124 -192 -133 39 -40 -98 84 -15 -2 -53 -38 -157 -15 184 -102 -162 199 194 -73 37 131 -33 -90 -175 -31 -12 -111 -48 51 -159 192 -188 185 12 -139 154 198 178 -95 -131 117 164 -57 -153 71 -6 101 -31 190 81 72 193 171 34 -92 154 -186 -107 -98 6 114 169 -106 -103 -114 -92 -40 -66 194 123 -151 -192 -15 -92 31 -116 15 197 116 174 -107 194 -144 88 -149 -120 115 22 99 -13 122 69 -15 131 30 163 -124 -163 -147 78 105 -166 -15 181 -199 113 106 147 -159 10 30 134 61 117 -22 -100 130 -82 103 141 49 -78 77 120 195 2 -45 41 150 -131 18 19 149 159 -166 -184 -50 -41 57 -198 3 -135 191 -173 200 139 -110 46 -77 -59 -40 178 13 8 -23 -116 -172 -183 62 191 6 46 107 -140 152 112 -29 67 -159 -10 -93 -164 -91 91 153 155 167 -38 -146 -152 176 -72 66 -98 -135 -145 -129 -65 -51 -87 -117 -83 -72 67 -181 -162 -53 166 38 117 9 41 -178 -2 -190 119 154 -18 165 92 195 86 -67 168 -43 146 -104 -52 172 -113 -173 167 37 159 -136 118 150 148 -122 197 142 171 -111 -108 -18 -16 -5 123 56 70 140 71 55 70 151 -192 -185 -154 -168 -80 160 48 -150 187 -13 22 35 149 -189 2 145 -111 -112 -5 -56 -55 -30 97 105 -125 -14 -35 191 -81 -65 -62 -110 105 157 104 -46 -148 -20 143 -160 -27 -169 44 -179 127 88 14 72 -115 -136 -164 -68 100 131 -77 31 98 -147 -63 141 -13 58 196 -151 -137 96 -179 120 -116 -56 83 132 129 -135 6 45 -132 78 -159 5 -92 -152 -170 40 81 -98 -88 -131 146 -139 -54 77 -173 -8 -146 -65 38 170 -190 -146 -33 71 -8 -7 77 46 -23 -33 102 -138 94 158 -10 127 -98 188 -34 -138 -115 -198 -165 -5 80 134 -45 45 29 125 88 -80 49 -108 -151 91 -6 144 -40 46 18 -160 -55 172 112 188 -199 -83 -104 -60 -89 -147 39 -150 151 170 36 106 69 -168 10 -183 -168 -131 118 36 22 123 -32 138 -1 -171 -120 100 -13 149 11 164 69 -114 3 70 30 -158 78 50 56 -156 127 -173 198 51 -50 108 117 -159 93 -32 -81 148 -147 181 108 -123 166 67 179 29 -199 -117 -124 153 37 136 96 -82 106 8 -131 -176 -105 -176 -183 163 190 -138 113 88 -167 112 39 173 97 -118 61 34 174 -189 26 -117 -72 -175 53 -92 15 6 -77
-56 -162 -144 -90 -134 -50 8 81 79 92 111 56 34 56 31 -191 -127 -107 -176 -99 -181 -115 -47 52 117 165 -126 17 -66 103 -169 189 -58 -152 79 -28 -27 109 -31 -111 -116 -188 -190 26 49 -86 -45 -196 158 -77 -54 -114 -190 167 106 -161 124 167 157 -32 -73 -187 -184 -10 -132 111 3 -77 -30 -130 15 31 13 -166 -17 -181 -189 -155 17 32 70 -149 125 -118 78 -200 148 187 163 44 -22 -52 86 189 -40 55 73 -158 188 -169 190 123 -98 -28 -58 174 192 -24 144 76 -32 -5 -89 -111 -30 52 -47 -126 -101 118 -177 -153 192 119 -142 -100 -98 -174 28 -144 -170 -1 161 24 -146 -153 -185 64 55 -186 191 40 -131 -160 82 39 42 -24 117 -69 76 -51 144 33 -33 -165 44 -20 154 -123 -92 -55 46 -185 -89 109 192 -198 35 -183 -73 -167 17 90 31 -106 -153 122 37 189 -174 -150 87 -114 -176 134 -163 -110 169 136 2 97 -72 -4 26 94 88 121 169 81 -15 124 -173 194 2 -36 -177 -115 128 -49 73 -77 -161 -170 -136 171 77 -3 143 -47 134 75 159 77 145 18 80 -86 107 -104 -175 137 130 25 33 132 60 101 134 133 -78 6 -86 84 149 193 166 -47 133 -142 91 -152 9 156 28 -13 -197 -102 184 -50 61 2 -17 86 131 60 -145 120 -110 -87 -195 -129 78 54 -25 78 -61 173 173 140 -21 142 138 83 14 -136 -145 -198 -165 130 86 -131 -59 15 -8 -73 14 145 122 56 2 35 127 -10 97 -107 199 -85 106 48 -77 44 100 111 -174 18 -128 60 -45 116 6 33 192 -13 178 -63 160 129 -21 -165 -110 158 -173 -89 3 -198 88 -95 23 16 -45 155 -75 146 -35 181 -90 173 157 47 -168 -189 7 35 142 196 61 5 -124 89 -72 -110 33 -188 -137 -174 -37 -97 -51 -137 -93 -173 -76 -112 24 83 -149 43 171 -68 78 63 -52 -126 -172 -139 86 -93 -42 40 7 -82 -44 -200 149 -69 167 175 81 21 148 174 179 142 -14 109 -34 -144 83 132 24 -93 -84 137 19 3 -5 -45 -175 -52 -170 -139 -20 94 -22 -39 83 60 -198 182 -15 28 -73 26 -131 -67 180 155 174 -187 -163 -149 3 145 128 78 1 89 -27 109 -189 193 -39 20 21 -135 6 2 38 -88 -155 4 -181 -141 65 40 156 84 149 183 91 -46 71 187 127 33 43 131 -11 163 186 49 -92 -9 -128 -187 197 123 -151 15 -183 156 35 -194 -132 102 -104 -26 24 -41
-56 -189 -88 -155 4 -181 -141 -128 60 -45 116 6 33 192 92 107 142 -119 -192 153 177 -118 -183 -73 -167 102 197 13 -32 -5 24 -192 -174 58 28 98 -123 -190 169 -35 198 -192 -109 89 185 -46 55 92 123 -154 49 86 -80 -18 -145 -77 -159 -47 -137 -93 -173 -76 -112 24 83 -149 43 171 -68 60 101 134 4 72 87 -149 66 -132 110 72 -89 179 -79 152 146 -35 195 -139 -20 -155 45 -3 -19 -137 84 93 -165 51 -76 -139 86 173 173 140 -21 -169 189 -58 145 2 -36 -177 -115 128 -49 73 -77 -161 -170 -136 -78 33 -131 -200 149 -69 167 175 81 21 -198 61 -78 25 -54 -78 129 181 -90 173 -135 6 2 14 196 45 86 193 -198 88 -95 23 16 75 94 -7 -40 42 93 -109 184 -50 61 2 -76 -144 -89 -144 -110 158 86 131 60 -145 120 -110 178 -63 160 -121 -98 109 -31 125 -118 78 -200 148 187 163 44 -22 -52 196 87 -114 -128 -145 2 97 26 104 54 77 -158 170 144 42 -24 117 -136 -169 110 163 51 97 37 174 137 188 -33 -102 132 194 -35 -156 183 -15 63 -52 -126 -172 69 -111 -30 52 -47 -126 -101 -188 155 174 -187 -165 -26 73 -28 15 -182 134 -137 103 142 138 83 14 -136 -194 173 -124 15 -81 -169 129 -21 -24 -1 161 34 -109 1 89 -27 166 115 181 99 176 107 185 153 146 -24 -144 83 132 -142 -77 -73 -187 -184 -10 -17 126 -165 -158 -180 67 44 82 -22 -39 83 60 -198 73 8 -15 59 131 -86 -130 165 -189 117 -73 -55 40 -162 -144 -90 -134 -50 8 81 79 92 163 186 20 -156 -40 -65 -18 174 -111 -100 -44 77 -48 -114 -190 167 106 -161 124 167 157 -32 -171 38 -176 14 145 122 56 2 35 127 -10 97 -107 199 -85 106 111 3 -77 -30 -130 15 31 13 -166 -17 33 197 123 -151 -78 -132 -33 -25 -130 -188 -190 26 49 -149 -84 86 -6 78 -133 106 -31 -90 -17 -3 143 -75 -134 116 47 -47 52 193 -39 20 21 157 47 -168 -189 7 35 142 86 -3 149 163 33 44 84 175 104 -100 -88 -94 -26 -153 174 27 28 -3 89 173 17 -28 -156 -9 152 -91 142 -133 111 -131 -43 187 128 9 -13 183 91 -46 71 187 127 -181 -189 -155 17 32 70 -149 -11 111 56 34 56 31 -191 -127 64 55 -186 191 40 -131 -160 82 39 -28 122 37 189 -174 -150 61 5 -124 -174 -148 -5 -45 -175 -52 -170 24 -41
-3 183 134 -12 60 173 141 -116 -116 51 9 40 -116 168 182 -68 101 -41 86 -160 109 -172 179 135 -100 -143 -92 98 73 -66 -159 167 -66 -22 -7 -34 -104 131 -170 -160 -148 199 37 -157 84 125 70 15 -90 28 133 -76 84 -73 -69 75 -161 -15 113 155 -151 161 -136 -107 27 184 -23 99 134 134 57 89 125 196 75 -93 -197 -96 187 26 -107 180 102 -152 65 72 -32 -79 63 -81 -110 -128 -168 144 -59 167 110 -28 -41 -85 -143 27 183 137 -196 -138 72 -110 -98 12 -48 48 -149 -163 -105 -181 -169 -102 103 -51 -191 -100 -197 -64 37 -113 69 195 -109 186 -169 8 -80 -30 159 -129 -78 -103 -115 176 68 117 50 -182 122 67 171 -110 20 4 67 155 175 116 51 119 -64 -51 -89 -137 150 -114 -105 -36 -19 117 -64 106 35 -92 164 166 -176 -79 -29 134 13 -150 -57 26 45 -19 4 98 -9 194 140 -16 -184 -28 138 67 193 158 -53 -58 -117 -186 123 168 -34 -31 198 -153 -92 113 198 -73 43 -68 40 3 -161 27 -55 -200 106 182 135 119 155 -41 -49 36 -36 -33 180 -150 -72 -78 62 -12 -167 -44 -118 -162 -100 -193 101 188 110 -58 -21 157 -190 -44 90 87 23 123 31 -30 101 118 -80 -29 -6 76 -130 70 -11 37 185 -103 14 -88 119 100 -136 10 178 -156 -30 150 132 -131 -112 -112 27 -145 -3 -162 39 165 166 77 -11 200 -200 100 83 -74 99 -162 72 138 16 141 189 91 -148 -98 -145 -124 87 170 82 -145 -130 170 -197 -176 31 -194 162 -193 -199 34 -86 22 149 198 -100 -108 -27 -63 147 -131 -81 156 8 -124 -65 17 -71 -62 23 -100 35 128 -178 26 61 158 195 -163 86 -2 163 109 65 72 145 -134 176 -10 41 20 -135 -11 -56 140 43 26 13 -34 -50 -113 65 189 -28 116 95 110 90 12 -115 49 -6 -108 101 62 63 119 -74 -28 74 85 -133 -124 -125 -81 114 140 24 97 -34 -61 -102 -190 -32 55 -13 131 118 32 -29 64 -64 80 142 182 47 107 8 40 -185 154 -36 -187 -184 151 138 -115 127 54 -74 -154 -187 160 80 -136 -161 -132 -114 -126 107 -42 -152 84 96 95 -127 -33 -77 -162 196 -141 -118 18 98 80 111 -180 89 -133 -151 63 47 82 89 -168 -125 76 -45 -199 193 142 106 -31 -22 -112 -6 179 -102 186 55 -16 -10 15 41 167 -116 -41 4 -148 94 198 -129 64 37 109 -67 120 140 183 -188 35 117 -11
-3 183 134 -12 60 173 -166 -164 92 110 -58 72 145 -134 176 20 4 67 155 175 116 137 89 51 64 -119 184 187 100 -131 104 34 7 22 -58 -117 -186 123 168 -118 18 170 82 -145 -130 170 -197 -176 31 -41 10 110 -171 32 -29 168 182 -68 -122 182 -50 -117 -86 22 149 198 -100 -108 -27 106 35 -188 -101 193 -3 -162 61 34 80 -136 -161 -132 -114 -126 -16 -199 127 54 -74 81 125 76 -133 -28 90 -15 -70 -148 94 -141 -176 -79 -29 134 189 79 32 36 -154 185 -40 103 78 129 -159 30 80 -8 169 -186 109 -195 -69 61 158 195 -163 -36 -44 -118 -162 -75 31 -106 64 -64 193 142 80 -85 -74 28 74 -119 -63 -62 55 -31 198 -153 178 113 -37 64 197 100 -181 -169 -161 -15 -27 161 -3 -40 68 -43 73 -198 -113 92 -10 136 -100 -119 88 -85 100 6 29 -179 6 -167 -64 127 -74 99 -162 72 138 200 -200 100 83 -95 -96 -26 178 -128 -67 23 -184 -27 107 136 -161 151 -155 -134 -134 -99 101 -41 86 -160 109 103 -185 41 131 118 -35 -143 30 -31 -123 -23 -87 -90 44 190 -157 21 -107 141 189 130 -76 -23 62 71 -17 -78 -109 -163 2 -86 37 109 -67 120 140 183 -107 -47 -182 -142 -133 -124 84 -73 -69 -72 65 124 -8 51 151 138 -115 116 -40 -9 -51 116 116 198 -129 -33 -77 -162 196 140 43 26 13 -34 -50 -113 65 -65 155 -41 -49 -151 63 47 82 89 -168 -125 76 -170 -34 -115 176 16 11 -70 -135 -182 119 -117 19 105 114 -150 -156 81 131 -147 63 64 62 67 193 158 -53 66 -167 159 -24 -57 26 45 -19 194 150 -13 -42 -51 -191 -48 48 -149 -163 -91 -106 200 55 113 57 89 125 196 75 -93 -197 -96 187 26 -107 180 102 -152 65 72 132 -131 -112 -112 27 -145 -150 30 156 -84 152 -103 102 -45 11 -77 -166 -165 -39 -102 -190 -32 -101 108 6 -49 115 -12 -90 -110 -95 -116 28 63 -81 -110 -128 -168 144 -59 167 110 -28 -41 -14 -154 -187 160 -97 66 -73 -98 92 143 89 -133 36 -36 -33 180 -150 98 -9 194 140 -16 -184 -28 138 -12 112 22 -4 162 -193 -199 -8 -188 35 10 -111 -80 -98 -87 124 145 98 148 -105 -12 98 110 -72 138 196 -137 -183 -27 101 118 -80 -102 4 -125 -84 157 -37 -199 148 160 -68 -180 100 -135 -179 172 114 140 20 -135 -11 -56 -141 -34 -13 116 55 37 186 -167 15 41 117 -11
8 -158 116 -187 103 -111 -84 133 196 140 -119 160 16 76 -10 98 129 59 104 -128 -147 163 -160 73 -123 -57 -117 79 37 -190 51 89 83 169 119 55 -4 55 -143 38 -165 -123 -8 7 41 -7 2 -38 189 -26 -141 94 172 21 -139 -79 172 -78 181 -14 -171 195 -36 107 34 -80 4 200 44 -70 127 71 113 169 -178 103 -81 -125 -46 130 -87 -196 80 21 -19 91 -154 -172 100 -51 140 3 -164 -162 52 74 98 -65 -58 -162 181 44 122 99 131 -110 119 -150 7 60 -191 -37 -171 102 -57 120 -182 151 81 -57 79 106 182 -180 -170 -111 145 95 -141 -196 42 -74 49 133 7 152 14 -56 -63 52 171 70 154 31 -181 -143 119 -32 -128 -132 166 1 80 115 -178 -8 -57 -27 120 15 162 -114 -66 -129 -2 -115 -65 127 134 -184 -151 192 118 -130 176 -200 18 40 127 -53 -152 -87 1 -179 64 -83 194 158 -76 -47 191 2 13 119 5 -108 -81 -102 53 138 -120 162 -153 99 -87 9 -183 -117 13 -35 -130 197 149 51 -52 -39 -76 -12 -122 190 -5 118 66 43 40 176 -91 186 -47 165 -91 -133 -112 -40 -13 141 -192 -83 -158 117 183 -118 8 -132 -155 -84 -63 15 -130 -41 -118 -82 -200 50 46 124 -53 6 -84 133 110 -106 -183 -28 -111 -97 -106 190 -6 154 186 -161 -186 97 -14 -113 -179 -48 98 -59 -77 29 -144 -127 -118 93 -81 160 43 -198 168 -200 -99 -144 164 -97 111 103 22 -57 164 71 186 185 -136 -114 -33 -110 -189 -142 100 54 49 78 -142 31 -15 78 -28 69 -77 -1 -108 169 18 168 -3 92 -4 57 28 -124 76 -9 -149 164 71 108 171 -196 19 -144 -119 176 -7 18 -138 128 -191 -10 143 -51 13 72 175 179 -74 120 41 93 169 101 -168 -78 -101 194 185 -153 -144 -133 37 57 -115 194 -27 155 43 -84 -62 115 -25 -156 -123 -94 -44 189 -69 -44 18 8 66 1 -67 64 117 -156 101 -46 130 -160 -42 19 -198 66 177 146 -10 -27 40 -16 43 -92 -87 43 -154 -125 -136 -74 -76 199 -92 -141 168 -199 -8 28 -86 -174 34 110 27 -184 -1 144 10 -42 59 -26 -61 197 20 124 -35 -118 18 -150 -175 33 161 100 158 35 86 44 -22 83 -132 -24 -69 155 -170 -57 -169 127 -152 -27 169 -195 -182 8 194 -144 136 138 -188 163 95 109 -83 74 74 19 -112 -178 -184 -140 -12 -162 81 143 49 30 -23 57 -75 56 -63 -42 35 71
8 -158 116 -187 103 -111 -84 133 196 140 -119 160 16 76 -31 -154 -70 -171 -52 63 56 -14 -152 -7 -133 -49 -52 162 164 -190 -117 -57 -66 -8 -18 44 69 -189 10 -42 -161 -33 175 150 -83 12 140 -66 194 -168 198 -43 163 95 109 -83 -125 -136 -74 -76 199 -92 -141 168 -199 -8 110 -106 -183 -111 97 -164 144 99 200 -168 -18 -169 108 1 77 -69 28 -74 74 111 28 -154 6 -3 144 28 -124 -5 158 35 86 44 -22 -162 81 143 -80 43 40 176 -91 -16 39 52 -51 -149 -197 103 -81 -185 -194 101 184 178 112 -57 23 -75 42 -124 -20 -197 61 115 -25 -164 149 -111 200 82 118 41 130 -15 63 84 155 132 29 -144 -30 -49 -34 -107 36 -66 -129 101 -46 130 -160 -42 19 -198 66 -181 78 -19 -87 -130 -171 -108 140 136 138 -188 -160 81 -93 118 127 -19 -74 -74 154 -43 87 92 -43 -76 -12 -122 -172 79 139 -21 162 -153 35 183 -118 8 -4 -83 -158 -194 -47 165 -91 -133 -112 -40 -13 141 -192 -91 -99 156 71 51 -100 172 154 115 -57 -37 -114 -178 -8 27 57 -60 -7 150 -119 110 -131 -99 -122 -44 -106 -125 53 -124 -46 -50 145 95 176 -7 18 -138 128 -115 -21 -80 196 87 -130 46 6 -84 133 -94 141 26 -189 38 -2 7 -41 -7 27 -184 -1 169 101 -168 -78 9 -183 103 22 -57 164 71 186 185 13 -59 100 -119 -13 -2 -191 47 76 -158 -3 92 -4 1 -67 119 -32 -128 -98 10 -86 89 83 169 -55 -119 -4 55 -143 38 -165 -123 -8 -110 -34 174 -51 -127 70 -44 -40 27 127 134 -184 -118 5 -190 -80 -1 18 83 -64 179 -1 87 152 53 -127 -40 -18 200 -176 130 -118 -192 151 -106 -26 62 84 -117 79 37 -190 71 113 169 -178 -196 19 -144 -15 -120 -191 -37 142 -78 -49 -54 -166 132 129 59 104 -128 -147 163 -48 98 -59 78 98 -65 -58 -162 181 182 -180 -170 9 -76 -108 -81 -102 53 138 -120 -172 28 -181 -143 -186 -200 77 15 -31 -171 177 146 -10 65 115 2 156 -117 -64 -8 182 195 -169 27 152 -127 169 57 170 -155 69 24 132 97 -42 196 141 119 162 133 144 153 -79 57 -81 -151 182 -120 57 -102 -14 -171 195 51 -143 10 191 13 72 175 179 -74 120 41 93 144 44 94 123 194 -27 155 43 57 123 -73 160 179 117 186 -161 -186 97 -14 -113 -136 -114 -33 -110 -189 -142 100 118 35 56 -63 35 71
101 -28 -48 127 78 -64 -184 -36 70 -78 96 -164 -58 55 -96 98 105 70 59 -101 -73 1 -11 172 151 111 -80 -169 169 -60 162 85 -140 64 197 -139 169 -22 -200 -113 -49 -161 181 -179 161 14 189 88 -59 196 128 -31 -181 135 -132 -40 160 165 149 -4 -113 148 146 -14 -68 -38 61 -46 18 -65 -5 82 -47 -139 -197 -42 -5 1 140 -163 -61 159 -158 -104 -193 85 73 -172 6 -21 3 -143 -68 82 -10 151 90 18 -120 -143 -150 36 130 30 -178 -57 65 1 28 165 187 -156 -56 81 50 91 137 120 -97 -83 -114 100 -14 77 -175 82 -30 169 -24 -133 109 -33 9 -189 83 -80 17 -20 1 11 29 22 -191 37 175 -185 -44 -110 66 -197 -19 71 -87 -80 108 -147 -193 1 126 114 -7 102 -82 -13 10 -139 -149 100 74 -130 -47 -162 -4 163 -108 138 -36 32 -51 -122 148 164 -61 80 -108 178 135 113 22 -29 110 -132 168 156 -172 -42 -195 63 52 118 -113 125 105 62 -173 -70 -31 -20 -156 178 158 172 25 124 -185 -132 -26 151 68 58 93 136 -164 -55 -73 -174 71 -101 179 65 151 -64 -60 19 -47 196 12 10 -156 -32 50 -59 136 130 45 -60 -172 154 118 142 80 19 183 48 -188 -187 126 -145 -89 -59 -19 -166 185 197 89 68 -113 -146 30 -52 -112 106 -23 -59 -177 -45 -78 152 22 -4 18 92 -22 -138 -86 -131 -171 99 -9 179 -65 -85 -132 87 -121 96 -79 -38 13 110 -120 -21 -43 -29 197 69 129 146 12 63 30 86 81 -43 54 -10 159 196 -53 1 -193 -37 157 155 -38 -164 -68 71 69 25 49 -181 36 183 -163 89 198 -173 175 198 120 -131 59 177 77 164 20 60 -85 43 -79 178 16 45 89 17 111 -170 -12 -149 -29 -100 -29 25 178 3 118 156 185 -171 198 188 -179 -133 143 70 -49 64 2 -100 200 159 -147 -166 -85 187 59 -135 -98 -175 -133 148 134 89 -200 -177 15 -195 -91 -198 119 91 100 179 -140 23 -120 -77 162 12 30 -54 -144 154 -7 -136 64 -48 -81 147 24 73 -81 55 -121 -65 118 -187 182 113 -71 -97 -38 109 -180 -95 -63 2 40 -84 -119 40 55 7 171 25 56 49 -85 86 -16 -8 -180 118 -200 -11 46 -46 12 60 179 -197 66 -44 165 14 -102 -89 -39 -42 -162 -158 89 2 -84 7 -87 191 -62 -45 27 47 180 -143 45 -120 -37 -126 34 180 72 7 55 149 66 -80 -109 133 192 136
101 87 -121 96 -79 -69 179 92 143 120 -18 -90 -47 196 135 -175 173 -198 -89 163 -183 -36 181 -49 -25 -149 -165 -160 40 132 -135 181 31 -128 -12 -162 77 120 44 70 -120 -137 -91 -50 -81 56 172 -30 -159 61 163 -140 -1 -5 82 -47 -139 20 -17 80 200 22 -169 139 -197 -64 140 -9 33 -109 133 24 -169 30 -82 175 143 -68 71 51 -32 36 -193 1 126 168 156 -172 -42 -195 63 52 151 68 58 93 136 -45 -16 -178 79 -43 85 164 -61 80 -100 -113 -158 -178 156 20 31 70 28 179 -65 -85 -132 184 64 -171 -7 -55 -40 119 84 -148 113 -98 -4 105 38 97 71 -113 -182 109 175 166 19 59 89 145 -126 187 188 -74 -100 149 114 -7 102 46 -46 11 200 -28 -1 -12 -159 -200 146 12 -180 118 165 6 -21 3 -77 14 -100 133 47 130 -48 -183 -19 -80 29 -162 -143 45 -120 -37 -126 34 180 72 7 55 149 66 -80 -178 108 179 -112 106 -19 71 -52 24 163 -108 138 147 -108 80 87 -30 146 113 -68 -89 45 -60 -172 154 118 142 197 43 -172 59 -135 -98 -175 -133 26 -38 61 -46 18 59 -101 -23 64 2 -100 -129 197 -66 110 -73 1 -11 172 151 111 -80 68 14 -146 -40 161 14 189 88 -59 196 73 -81 55 -121 -65 118 -187 70 -65 89 -200 -177 15 -195 -91 -198 119 91 22 -29 110 -132 139 -36 70 -78 55 164 89 17 111 -170 -12 29 64 -48 -81 147 -140 49 -97 -83 -114 -143 -68 82 -10 151 -19 60 64 -164 -58 55 -96 -69 -122 148 -60 -20 -164 -73 -174 71 -101 179 65 151 100 29 149 25 178 3 118 -65 -10 13 82 -147 -166 -85 187 187 -156 198 120 -131 59 177 77 96 136 7 -154 144 54 156 -10 -12 -109 133 -32 50 -59 -198 171 -185 -156 60 -42 -5 -134 -148 -171 99 -9 185 185 197 -130 -136 188 -18 4 -56 -25 -78 -127 48 173 -62 -105 -125 120 -110 -13 38 -86 -30 -63 8 16 -86 85 -49 -22 -152 78 45 177 59 23 81 -43 54 -10 159 196 -53 1 -193 -37 157 155 -38 -164 57 178 -30 -130 -36 150 -22 -138 -86 -131 84 -2 -89 158 162 42 39 89 102 -14 -165 44 -191 37 -180 -95 -63 2 179 -181 161 49 113 -83 189 -85 -162 60 -169 169 132 185 -124 -179 197 4 -180 -47 -27 45 62 -191 87 -7 118 -113 -21 -73 -11 -1 -158 -104 -193 85 29 25 -197 66 -22 192 136
140 146 73 20 62 -96 67 165 152 193 -180 -145 48 -51 -147 94 -33 -72 84 12 -109 -173 66 -142 171 -171 183 198 108 184 -190 -40 -58 -106 -184 -40 -112 162 162 109 51 125 -51 -140 154 53 83 142 89 -153 28 109 87 48 36 105 83 115 50 41 -133 -159 -175 -41 53 -127 6 161 -61 167 -123 197 -49 -5 82 87 -132 -45 -82 -143 -34 38 -89 -169 80 -161 126 -67 1 -184 -182 167 -29 -169 -118 -140 30 129 144 -5 28 -30 108 -23 -88 -50 44 101 181 -47 -12 -98 -33 -195 -29 143 64 45 194 148 -194 -49 55 84 -17 -5 -129 -70 55 191 112 -178 -181 -9 117 -196 -113 -37 12 -131 11 -193 24 -63 -51 136 89 -45 120 -119 114 -136 -65 -106 -5 -50 1 99 177 131 168 139 -36 12 -98 -63 118 54 -8 -198 48 186 -27 73 -113 -135 52 -181 140 -142 76 -111 101 -120 81 107 172 -74 69 -27 104 -7 -145 -189 102 -79 -65 11 26 97 175 -36 -175 -60 -25 -41 -146 67 143 17 -161 -162 22 -123 -138 195 -158 -7 -27 108 -1 -15 59 -148 159 192 -75 158 66 86 92 -148 2 187 19 -145 11 -9 -145 3 -53 -104 -45 46 50 -97 96 -1 177 124 112 -141 199 -94 112 107 29 41 2 -10 -127 114 32 -162 -150 185 -136 -180 -113 -156 102 -32 -191 -101 -101 -39 67 100 -2 -87 -18 -29 111 -133 -12 56 4 78 102 -194 62 111 -31 155 16 105 -45 -111 10 -92 -114 199 -90 -45 -85 172 -97 -195 135 87 -98 21 181 -70 10 135 -23 83 177 142 187 -151 22 -109 -139 165 95 113 -181 75 -72 -169 -59 -163 120 -116 -108 6 -175 158 -193 -169 33 -47 -171 161 165 125 192 -138 -44 -140 168 190 188 -61 -50 -131 4 112 146 7 43 46 -199 -23 -124 120 -173 71 -13 49 -174 -126 127 148 -44 -135 -113 115 25 -41 -41 -192 120 -196 138 -161 47 87 -61 107 -55 -8 72 189 -139 -58 -108 3 94 -14 50 -27 1 -109 14 -110 141 -29 186 -107 69 -158 -145 28 -120 25 -133 24 178 -25 122 -19 148 -138 102 60 -7 182 -184 -1 159 -38 -66 118 -129 -10 -151 149 73 -29 177 -29 82 -49 -56 83 -42 142 -49 29 -38 38 -135 24 177 -95 -102 -139 147 -181 -39 -108 -159 -82 65 164 -150 -142 17 66 118 121 -200 186 -79 88 -193 110 -101 -124 -158 -58 72 -89 -181 -64 -133 177 63 -17 -91 96 -102 144 -192 36 -194 -38
-10 70 -195 138 123 -22 162 161 -17 -143 -67 146 41 25 60 175 36 -175 82 51 181 -158 -7 -27 108 -1 -15 -196 138 -161 47 87 -61 107 135 44 -148 -185 4 -163 86 -136 -65 -106 -5 -50 1 99 177 112 125 192 -138 151 87 2 -100 -136 51 63 -24 193 -91 96 -102 -63 -177 -49 -127 114 32 23 -135 140 146 73 20 -119 114 92 -148 2 187 19 -53 -154 140 87 -132 -45 -187 -142 -177 -83 -66 -17 -80 19 -122 25 -178 -24 133 113 23 199 -46 -43 -7 -146 -165 -161 171 47 -138 -171 142 -66 -67 1 22 50 61 -198 48 186 -27 73 -113 -135 52 -181 140 -142 45 -89 -67 -104 124 140 44 95 144 -192 36 -17 -11 131 -12 37 79 -102 189 145 171 -141 199 -94 112 107 29 1 184 -182 7 -60 -102 145 9 -124 -177 1 -96 97 120 62 -96 67 165 152 193 167 -29 -169 -118 -140 161 142 150 -164 -65 82 159 108 39 181 -97 -195 135 63 98 162 109 51 125 -21 -121 -118 101 -120 81 107 172 -74 69 -27 41 -25 -115 113 8 -54 -118 87 102 95 -177 -24 135 -38 38 136 -127 126 174 -49 -45 46 82 -18 41 92 -10 111 45 -105 -16 -155 31 -111 -62 194 -102 -78 59 169 -184 -182 168 -72 8 55 -188 -190 -40 -58 -106 -184 -40 -112 162 -12 36 -139 -168 -131 -4 131 -38 34 143 50 76 159 27 -50 14 -94 -3 108 58 139 -189 190 -184 -108 -198 -183 7 39 101 -49 -56 83 -42 142 133 64 181 83 142 89 -153 28 109 87 48 36 105 83 115 50 41 -133 -159 -175 -41 53 -194 -49 88 23 -108 30 -28 5 -144 -129 55 -61 123 -167 197 -49 -5 -97 -26 -11 65 -25 120 -28 145 158 -69 107 -12 56 150 -44 64 45 194 148 -127 6 161 84 -17 -5 -129 -70 55 191 112 -178 -181 -9 117 -196 147 51 -48 145 180 -11 145 89 -72 58 158 -114 199 -90 -109 14 -110 141 -29 186 133 -111 29 -192 120 59 -148 159 192 -75 158 66 120 -53 -104 -165 139 109 -126 30 -50 -143 29 195 173 -12 -98 -33 175 -6 158 -193 -169 33 108 116 148 110 -101 112 120 -88 79 -186 -149 151 10 129 -118 66 38 1 -45 -85 172 -147 139 -98 -200 73 -109 -173 -89 -169 -3 124 94 -84 72 33 12 -29 177 -29 82 101 191 32 -102 156 113 180 -29 10 -2 -41 -111 -162 101 181 -47 -193 71 -13 72 -75 181 -113 -194 -38
120 -149 166 117 36 -170 131 73 -16 -174 163 83 -110 46 -37 -179 52 9 -98 197 -173 -187 -148 161 166 -38 45 -28 157 131 -149 -149 59 -103 14 51 104 -45 -115 -13 -120 89 131 53 -118 137 45 -3 150 133 -69 -195 34 -149 177 -147 -48 -98 -8 -26 -148 144 100 -121 27 74 -27 102 -56 96 -61 172 147 199 50 180 -111 -108 -200 124 133 70 153 -14 191 24 -3 -119 159 172 -104 87 109 -110 -91 177 -31 -86 149 79 -74 195 -151 181 -124 -197 -190 51 -137 187 51 6 -178 -130 -139 174 186 148 -75 97 -26 -176 -132 -197 -104 -19 -115 101 -133 -137 -6 -129 -126 -94 -113 -65 -181 50 -191 -65 -196 5 -82 89 57 94 100 -115 121 118 131 -173 135 -57 -21 190 -160 15 197 -65 -174 -20 68 133 -49 -17 183 -13 -30 105 148 177 161 -198 -46 50 -11 -96 8 69 67 -75 -12 34 76 79 135 -169 103 14 63 13 34 -141 -82 -117 -152 -192 170 -86 178 -49 123 176 -30 138 -46 -152 185 -195 -39 152 61 67 -26 -199 -148 35 157 115 4 -187 61 107 4 171 6 -78 -36 -77 19 56 -13 19 -143 -87 -50 107 -91 -118 -198 -136 173 -169 186 -180 -160 -56 186 -180 -160 -115 153 186 22 31 -151 -175 -29 39 7 -39 -179 -43 28 119 186 154 -153 61 -172 -89 4 -38 19 -122 -164 175 -42 -188 77 25 -86 -26 -165 102 115 89 -17 -58 -77 195 146 -111 -157 198 26 115 46 -83 -164 -140 -141 196 -174 -96 59 69 120 -13 -165 156 -198 193 199 -144 -41 172 10 77 145 -35 67 112 149 18 185 108 3 -67 196 12 75 33 81 35 10 -30 157 43 -40 -50 -25 104 -36 -70 178 -74 105 24 199 87 38 -138 -42 -66 69 -36 156 -108 178 -197 31 27 -33 -83 72 167 -18 132 99 148 -20 -69 102 -8 188 122 77 116 128 -59 -59 -74 182 -171 -178 23 182 37 -98 -23 -113 41 89 -40 -152 -34 -43 -126 -19 185 -199 103 36 -107 -52 16 -69 168 -82 177 -110 32 -162 135 187 84 -84 82 -186 -142 38 103 22 -65 -78 93 27 82 1 -97 74 23 150 77 -1 195 114 128 -63 176 -118 -63 17 -33 -47 -53 -122 98 16 12 -144 -122 87 -64 -129 -140 -24 26 -15 158 -106 6 53 -166 -105 -144 -63 -108 109 -31 20 177 -99 41 -133 157 124 160 -51 180 195 -8 -114 154 -15 43 196 -45 -6 199 -12 162 -22 -195 119 -86 -136 -119
120 -24 -191 14 -153 -70 -133 -124 200 108 111 -180 -24 86 4 41 -149 -50 133 -49 -17 183 -13 -30 105 148 177 161 -198 -46 -177 91 110 -109 -87 104 -172 -159 119 3 -149 166 117 36 -170 131 73 -16 -174 150 133 -69 38 -166 180 195 -8 110 -177 82 -168 69 -16 52 107 -36 -103 199 -3 163 -147 102 -56 96 -61 172 147 -65 -185 -18 -149 51 -160 -99 41 -133 148 26 8 98 48 27 -74 -27 121 -100 -144 -140 -19 13 -65 56 186 -180 -160 -115 153 186 22 31 -25 -115 -157 -35 46 -138 30 -176 -123 -108 178 -197 31 27 -33 -83 72 -176 63 -186 -174 139 130 148 98 -37 -12 115 -100 -94 -57 -79 40 38 113 23 187 173 149 -105 -176 -132 -15 171 6 102 -63 115 89 -17 -158 15 -26 -197 13 34 -141 -82 -117 89 135 -169 20 174 108 -114 -188 77 4 -187 61 107 -61 -58 -77 195 146 32 -167 -118 -63 17 -33 -47 -53 -131 -89 -19 -43 -157 30 -10 -35 -81 -33 -75 -12 -196 67 -3 -111 165 13 -120 -69 -59 96 174 112 -11 -195 119 -86 192 152 41 144 -199 -193 198 -156 -157 198 26 115 46 197 97 -1 -82 -27 -93 -145 -77 -187 137 -51 -190 21 57 -79 166 -63 -14 -103 53 98 -45 -115 -13 -120 -122 -128 -114 -195 1 -77 -150 -23 -74 197 -162 12 -199 6 199 87 38 -138 -42 110 -83 -177 149 -34 195 45 -28 -31 89 172 -61 153 10 51 6 -178 161 59 -103 14 51 104 -9 -52 179 37 83 -104 -19 -115 101 -133 53 -137 118 45 -185 19 126 43 34 152 40 -89 108 -102 165 26 86 -151 -175 -29 39 7 -39 -179 76 -50 -25 104 -36 -70 178 -74 105 24 45 -196 22 199 50 -143 -87 -50 107 -152 39 -68 -6 106 -91 -118 -198 -136 173 -169 186 182 -148 -152 185 -195 157 131 -149 109 -31 20 177 -124 -157 -66 69 -36 156 49 -178 126 129 6 137 -122 -188 8 144 26 -97 75 -148 -164 175 -42 69 20 -148 -99 -132 18 -162 135 187 84 -84 82 178 171 -182 74 59 59 -128 35 78 65 -22 -103 -38 142 186 23 164 -46 -15 43 170 -86 -94 -113 -65 -181 50 -191 56 160 180 -140 -141 196 -67 -116 -77 -122 98 16 121 118 -96 8 69 67 -75 -12 34 -43 28 119 186 154 -172 82 -5 196 -19 77 36 78 154 129 64 -87 122 144 199 26 -67 4 160 190 197 124 -181 151 -195 74 -135 173 -131 -136 -119
127 167 -51 -2 -72 -127 4 28 -168 167 -162 116 -45 -67 -173 -57 139 -149 -156 180 172 165 107 -198 -50 -42 117 -127 106 -159 185 167 74 -71 -167 152 -15 23 73 -6 -105 128 -139 31 77 -17 108 114 -150 70 182 168 1 -180 -65 34 -143 -34 -189 -65 -162 -64 -29 14 35 -84 -164 -38 -34 -141 -44 170 -24 -172 129 -13 174 -30 108 173 -71 -190 -14 57 -130 -138 23 160 -3 38 -172 -125 126 154 -78 -166 -187 -54 -198 19 -65 -182 -49 145 113 -176 32 161 82 -23 54 -191 -95 -126 48 -24 -26 147 -91 -33 -18 -164 -194 63 -139 -145 174 -95 100 -122 -176 -160 55 129 41 -22 190 172 -38 -141 23 -75 -154 -79 -2 99 -162 -18 193 -1 -147 73 77 -28 -41 -130 82 77 121 42 2 174 134 -26 166 -105 -58 -94 -195 -16 -11 -94 -192 -108 -187 -199 -88 89 47 -126 167 -70 -170 78 -152 -140 106 14 -50 -101 22 57 -142 -189 75 118 174 -163 129 130 -98 -113 138 -170 115 1 97 178 154 104 84 150 -164 127 145 29 79 -35 80 -77 62 183 -121 133 90 61 -37 -170 -80 -199 -81 -22 9 -121 -157 66 -88 -182 -181 -115 -200 197 -158 -109 -72 -38 169 -25 176 113 82 172 -172 -39 191 -154 129 12 -69 199 85 64 186 106 53 -181 184 -18 -67 113 129 9 40 -137 157 -49 115 194 -74 -176 89 -59 -172 -56 -90 10 175 -43 -124 135 174 194 135 186 -60 -156 27 -39 -139 78 -159 175 -168 1 160 -183 -87 -146 117 -58 105 74 168 183 -189 -146 65 106 -154 -110 5 -26 -116 82 94 37 -82 115 -123 189 -166 -29 -32 181 -51 -183 125 191 30 46 -23 194 196 172 173 114 -39 -30 174 13 -161 -120 -58 -177 -29 21 87 -167 -83 12 -134 68 -71 -87 -190 -156 -48 159 -139 -169 193 -72 189 -77 71 137 -118 -200 21 -94 50 -21 155 -119 -188 -138 -113 124 2 2 -143 117 -90 115 -161 -78 115 38 -69 -141 172 47 180 -23 5 55 177 124 76 -141 -138 -73 132 20 37 -100 -33 -50 156 -111 -197 -144 -46 -6 -111 167 136 33 -88 -60 34 -36 -156 -108 -10 -56 -116 -97 52 90 71 62 134 -54 114 -195 187 115 8 -167 -60 42 139 -95 -128 -81 -165 -72 -22 -2 162 -32 8 191 -137 -146 -145 185 58 196 -24 5 -138 -114 110 13 85 -68 151 31 -188 63 94 -72 49 -9 61 92 64 125 137 -150 -167 -192 -47 107 -198 170 -180 -65
127 167 167 -70 -170 78 -176 89 31 -188 63 94 -72 49 -105 -107 91 -147 108 21 163 -61 58 -95 -128 34 -98 -113 138 -170 9 -121 -157 -47 -137 -125 -64 -92 -90 -133 121 115 38 -113 -95 -126 48 -162 -18 193 -1 -147 61 -37 -94 -159 185 167 74 -71 -167 152 -15 23 73 -6 -105 21 -177 -55 -50 94 -21 200 118 -137 -71 77 -189 72 194 168 1 -180 -65 34 -143 -129 -69 -141 -100 -194 -115 49 -157 137 -40 -167 -8 -115 -174 13 -129 87 -167 -83 12 -134 68 -71 189 -166 -29 73 77 -84 -164 -38 -34 -141 -44 170 -24 -166 -170 162 -32 192 94 11 16 195 94 88 -33 -65 -162 -64 -29 -97 -1 -115 -13 -174 30 39 -114 -173 125 191 -29 114 -150 70 -39 191 -154 129 12 -69 199 85 64 186 189 -183 -168 -76 -191 -8 -75 -154 -79 187 -30 125 -173 -57 139 -149 -156 180 172 165 -150 190 172 -108 -187 -90 -52 -198 127 72 2 51 126 -47 -89 88 199 -23 141 38 71 62 134 -54 114 -195 -106 161 -87 -190 -156 -48 159 -139 -169 193 23 -46 -30 -155 128 172 -38 3 -154 22 172 -172 -82 -66 97 116 50 33 100 -37 -20 -132 73 138 168 -175 159 -78 139 39 -27 156 60 -186 -135 -194 -174 -135 124 -122 -176 -160 55 129 41 182 196 172 183 -14 57 -130 -138 23 160 -106 -65 146 77 -17 26 24 -99 -156 -60 -81 -165 -72 -22 172 78 -154 -126 164 -150 -84 -104 -154 -178 -174 145 139 -63 194 164 18 33 107 -198 -50 -42 117 -127 106 -82 116 26 -5 110 -167 -192 -82 115 -123 -115 90 -117 143 -2 -2 -124 -152 -140 106 14 -50 -101 22 57 -142 -189 75 118 174 -37 -187 -54 -198 19 58 -59 -172 -56 -90 10 175 -43 172 47 180 -23 5 124 136 189 34 -88 -182 -181 -115 -183 -62 77 -80 35 -79 -29 -145 -127 108 173 -71 -190 51 -181 32 46 144 197 111 14 35 -28 -41 -130 82 77 121 81 199 80 2 129 130 -36 58 105 -166 26 -134 -174 -2 -42 -22 -161 -120 -151 68 -85 -13 -110 114 138 -5 -117 146 87 183 -160 -1 119 177 -65 -182 -49 145 25 -169 38 72 109 158 -197 200 78 -31 139 67 45 -116 162 -167 168 18 -184 181 -53 -2 -108 -10 -56 156 -95 -74 113 138 188 141 -74 -9 -6 -111 167 -137 -146 -145 185 58 196 -24 -139 -42 60 -113 176 113 9 -176 32 161 82 -23 54 -191 67 -28 -4 170 -180 -65
-115 -5 168 -189 33 177 187 -4 -111 138 -55 -152 36 155 120 167 120 112 78 73 101 -130 69 191 -6 186 64 21 -102 154 -144 -108 5 -10 -32 -128 41 181 -143 -91 -85 -172 -63 -46 94 185 -124 132 -189 33 113 -116 -155 -146 -199 -186 -181 -35 16 -197 -112 -194 140 -35 -152 127 82 -33 -17 117 88 7 -173 100 -167 -184 -140 -65 30 -156 53 -99 -147 -125 165 -111 69 -151 -86 55 -106 -91 31 128 -191 -125 -37 -152 158 105 -175 18 -182 33 185 -91 187 199 -188 -101 -174 193 -25 60 83 -101 -30 22 100 -34 5 -172 -16 -50 34 123 -81 -146 159 -139 -148 -89 -110 -199 -40 -45 -167 63 -120 -136 185 -50 181 -71 124 -65 117 162 48 -159 171 157 -193 -18 18 3 -175 -84 -145 -20 -196 -79 -111 -50 -85 -184 106 187 -123 123 -177 -168 148 108 194 -147 -102 -184 170 -23 9 109 60 -104 -108 -36 144 79 -102 -128 -163 73 18 -161 95 102 -188 -188 163 67 -58 -40 -133 21 -2 194 14 -72 -77 151 80 -40 -61 -55 112 161 104 49 -36 40 -113 177 85 15 191 -76 -166 142 -37 169 -3 142 -178 10 170 143 199 -156 -23 -185 -70 47 -113 -158 -136 78 -53 -38 6 11 111 105 92 -184 -184 -108 151 46 -18 -102 -3 65 67 -35 120 172 124 -109 193 115 -101 -79 -22 -123 -42 -47 -39 -19 148 123 -128 -16 -59 146 -94 66 -190 144 -30 132 100 -31 164 -182 -157 194 177 15 95 123 -108 -188 88 -169 -178 -185 178 190 23 -165 -180 150 167 155 101 169 79 -87 -193 114 64 -89 -138 -173 -49 -59 -28 -133 -160 -45 83 -11 -171 52 -100 -43 10 -74 -169 -148 170 158 -186 -109 95 158 147 131 -127 74 10 -37 -155 -108 -33 -196 -46 59 69 -185 -151 -106 12 -148 -31 88 30 153 -61 166 196 -49 -70 -104 23 -185 -140 65 6 -182 -27 -112 -77 -179 166 -10 -12 7 187 -197 109 58 -45 -130 -80 -109 73 -117 23 -161 -194 -97 -114 -195 168 -152 -5 36 173 64 -29 97 -175 -177 -42 11 71 23 65 -27 154 -130 -178 62 -108 108 57 -69 177 -71 183 -172 -171 11 -113 -99 172 -182 165 -62 15 112 26 58 -4 -161 151 -116 -146 -23 108 -127 87 114 -186 154 -68 -84 52 163 -87 84 144 -124 -124 86 103 126 8 111 144 -171 159 -146 -138 3 64 135 87 154 20 -34 -194 159 -124 188 66 -63 -115 -60 18 43 55 162 170 -135 194 97 111 100
-115 -5 168 -189 33 177 187 -4 -111 138 -55 -152 36 155 170 -34 50 16 172 -5 34 161 104 -177 -194 157 -2 194 23 -6 -65 32 10 -11 171 172 -183 -80 -151 101 -40 64 -89 -138 -173 -153 -30 -88 101 43 55 65 67 -35 120 172 124 -109 193 -79 -109 -9 -36 -177 -168 -188 -188 163 170 -135 64 -101 100 -52 171 11 -167 63 -120 -136 -97 -114 -195 168 -152 184 -162 3 62 -49 133 28 59 -160 -17 117 88 7 -173 158 105 -175 18 -182 -53 156 -30 65 140 184 108 -73 -15 -182 -21 133 53 -78 18 -115 31 148 -188 -101 -174 193 -25 60 83 -112 -77 -179 166 -10 -12 7 187 -197 109 58 -45 147 -194 61 -29 -114 -120 -10 178 -142 3 -72 -77 -155 -167 -113 -33 189 -132 124 -146 -138 -70 47 15 95 123 -108 -188 88 -169 -178 -185 124 -65 117 162 48 -159 171 102 -130 -80 -109 112 26 58 -4 -42 -47 -39 167 120 112 78 73 101 -130 69 191 -6 68 148 108 -55 86 151 -69 111 -165 125 147 99 33 185 -91 187 199 -12 106 151 185 -69 -59 46 196 33 108 155 37 -104 23 -185 -140 -128 41 181 -143 -91 -85 -172 130 -154 186 -114 -126 -103 -86 124 124 65 94 -5 36 -154 27 66 -190 144 -30 132 100 -31 193 87 -79 -169 -97 -194 -173 -79 -37 -152 -66 -188 124 -159 194 34 -20 -144 184 85 50 111 79 196 20 145 -46 94 185 -152 127 82 -33 -45 83 45 40 199 110 89 186 -158 -175 -84 63 109 148 139 -159 146 81 -123 143 199 -156 -23 -185 3 64 135 87 154 -165 182 -172 99 113 -91 31 128 -191 -125 -144 -123 123 -187 -106 -84 87 -163 -52 84 186 64 21 -102 154 -144 -19 148 40 71 -177 69 -57 -117 49 -36 97 -175 -177 -42 11 71 14 -169 37 -142 166 76 -191 -15 -169 -148 170 -3 -18 18 193 -157 -87 127 -108 23 146 116 -159 23 -165 -180 150 -116 -155 -146 -199 -186 -181 -35 16 -197 -112 -194 140 -35 -151 161 123 -105 -111 -11 -6 38 40 58 -67 -158 -95 -178 62 -108 167 -100 -63 -115 -60 136 158 113 23 -161 -194 185 -50 181 -71 178 190 171 -144 -111 -8 147 131 -127 74 10 -164 -92 22 60 -104 -108 -166 61 -182 -27 123 -128 -16 -59 -113 -102 -95 161 -18 -73 163 128 102 102 18 -46 -151 108 184 184 -108 5 106 -55 112 -100 -22 30 -43 10 -74 -85 -177 170 -23 196 -49 146 70 111 100
35 65 150 -167 -8 130 164 149 154 29 -96 23 200 -177 129 109 161 -162 -15 5 -47 -62 108 -2 -105 -182 137 40 117 -188 137 -23 -116 -37 56 115 -169 197 -164 -194 148 -63 157 51 24 89 93 -48 -110 -15 -136 -67 15 -167 83 -113 183 92 22 168 123 -120 -116 -47 48 178 22 165 168 -125 200 -3 135 111 171 175 -48 75 -24 174 149 174 91 10 -91 157 -120 -183 148 -171 124 187 -168 -132 -77 -138 -56 18 -91 23 29 92 -104 105 -2 -188 -14 -91 -152 167 -143 198 -192 106 160 68 65 63 89 56 -146 195 -185 -93 45 -187 -148 -106 -128 76 -172 -15 124 -144 -4 49 61 128 -130 -6 17 -129 104 85 -160 -190 -17 187 -27 -122 183 164 103 -127 15 124 134 -29 -167 -19 86 59 8 -86 69 113 171 -113 84 198 186 191 94 105 43 -117 104 -116 -85 9 -10 -62 -200 188 -128 133 65 -177 -195 -90 43 161 128 -60 -12 19 -16 -175 -23 -87 -65 89 58 79 -56 -78 -45 75 -39 160 -199 -125 35 -4 147 -24 -156 -30 -100 143 -108 -125 -49 -138 158 155 63 -73 19 -72 -12 -179 91 -26 6 67 -52 107 -100 -153 -143 -86 163 146 -45 106 86 161 -79 -157 145 -97 31 181 22 -101 131 -189 179 -57 47 54 -191 -73 -139 188 -119 -160 193 -197 -188 -27 28 43 66 -48 -137 137 -50 74 21 -75 37 134 85 109 94 -94 -99 149 120 193 -100 -100 -134 164 -188 119 -120 -80 148 116 103 80 123 -91 130 37 -148 -89 -90 -43 -40 9 -25 98 -134 -51 -36 -5 -25 101 181 -139 -46 184 182 60 -161 -107 -179 -138 -42 164 -96 -88 192 166 56 85 62 -88 116 88 97 65 158 -31 -173 158 128 -52 -164 -198 -136 121 19 15 45 -32 46 -111 -152 96 152 135 -128 -99 87 -159 179 -192 21 -2 -131 56 -100 6 -103 133 63 153 11 161 42 20 25 117 191 -90 82 -147 -200 124 28 136 -76 -22 -87 -199 -156 131 -24 176 36 -169 151 -31 -137 -55 -65 42 -25 58 -61 -102 70 -128 -34 -75 -50 -13 127 58 -65 -74 4 129 69 113 23 -148 47 40 85 75 -90 6 -40 155 -39 198 -60 -69 147 16 69 162 -55 143 -178 99 150 112 168 -142 34 110 -91 -109 -129 -16 -101 -46 -167 -87 59 -66 112 199 21 -104 103 -34 -166 -24 9 -20 126 -77 125 163 -156 -22 160 -172 142 -11 -74 179 -169 11 39 54 -125 -184 -83 -26 -131 -196
35 65 -191 35 -4 147 -24 -86 69 113 171 -113 40 -6 90 104 -21 31 10 -69 147 16 69 162 -148 80 120 -119 188 -164 134 100 100 -193 -120 -149 99 51 -23 -161 -109 -129 177 -34 -75 -50 -29 195 177 -65 -133 5 36 -46 184 182 60 -161 -107 -179 129 -113 183 92 -124 39 -155 -124 -65 -171 -111 -135 -155 -158 138 49 -167 83 -17 -110 -34 142 -168 -112 -150 -164 56 -146 195 -185 -93 45 -187 -148 -106 77 171 -24 -84 -144 -4 49 61 -62 168 83 184 -11 -74 179 -169 11 39 -156 -190 -17 -37 -58 25 -42 175 -187 -148 188 128 -188 200 -22 187 -168 -85 -56 -166 -192 88 116 103 80 123 -117 -45 106 86 -21 -74 50 -107 52 86 59 8 -156 -30 -100 24 89 93 -87 -164 -183 122 27 110 48 160 68 66 -48 -160 -16 -175 -23 -87 -65 89 58 79 -56 -78 -45 75 -39 -109 -85 82 -194 148 -63 157 94 -94 200 128 -70 102 65 63 89 -130 8 167 -87 99 43 -117 19 -72 -12 113 23 -108 62 47 -5 15 162 96 -29 -154 -47 148 -101 -46 -90 -134 -37 75 161 -79 -157 125 108 -143 -19 -76 -2 -131 56 -100 6 -103 133 63 153 11 149 40 85 75 103 -34 -126 191 94 105 128 -135 125 -168 -165 54 -125 150 -159 179 -192 21 -22 -87 -199 -156 131 -148 183 120 -157 91 -10 -91 -174 -149 -174 24 -75 48 -15 -136 -67 15 28 43 61 -130 91 125 199 176 36 -169 151 200 -3 63 -73 104 -116 -182 137 40 117 -188 137 -23 -116 -37 56 115 -169 197 -164 -147 -200 124 28 136 12 60 -128 -161 -43 90 -167 189 -131 -25 98 -134 -51 139 -181 -137 137 -100 -153 -143 -86 163 146 -25 -20 -128 76 -172 -15 55 137 31 -152 -96 152 111 -46 32 -45 -15 -19 -121 136 198 164 52 -128 -158 173 31 -158 -65 -97 -88 -116 -13 127 58 -65 -74 4 129 69 -179 91 -26 6 67 19 179 -57 47 54 -191 -73 -139 188 -119 -160 193 -90 -43 -40 9 101 -22 -181 -167 152 91 14 188 2 -105 104 -92 -29 -23 91 -18 56 138 77 132 62 -88 -134 -124 -15 127 -103 59 -66 198 -60 -9 85 48 -125 -42 -161 -99 178 -143 55 96 -164 42 138 104 85 -160 -47 105 2 16 129 109 91 197 89 -27 145 -97 -199 -112 -166 -24 9 -20 -186 -198 163 -22 -101 25 6 130 -128 -143 198 -192 106 167 -142 172 -160 22 116 120 -123 178 -26 -131 -196
-128 -58 -63 -182 -78 196 91 -145 26 -170 75 5 84 71 33 -72 -11 -17 147 -31 59 -10 6 159 113 193 92 140 -141 44 69 146 55 153 -184 144 -62 86 -195 56 -40 -173 -60 -168 9 -70 89 32 25 -129 129 103 -66 -150 20 -52 63 152 160 -26 116 157 193 -145 7 98 138 -135 105 161 -107 -119 -106 -10 145 75 -20 -144 -122 194 66 -198 78 9 19 109 -14 -147 -21 150 -25 -10 15 40 182 -21 -9 54 -100 -61 -52 -88 -179 198 -130 54 -91 45 -8 -34 -200 -74 -58 66 69 -135 -197 -115 -103 -118 -145 66 78 87 -175 9 -158 -62 -123 -89 15 -45 -6 190 60 115 99 172 8 50 -14 9 -153 -146 -180 192 -180 -114 -154 -35 -158 124 -168 55 191 -195 -49 -134 -168 3 108 26 -33 -109 184 -30 74 197 -141 -13 -89 -147 176 75 178 92 -189 -179 -41 67 -38 -196 67 42 -91 -36 149 -109 113 -2 -32 49 194 -194 125 -95 -132 -177 -112 -75 -52 49 134 15 -76 -138 185 20 -101 -47 -107 -35 -2 119 123 185 104 -108 -135 81 -2 79 181 84 169 -77 -96 -8 -22 121 -98 112 -131 69 138 -101 70 152 192 -75 -9 152 181 78 10 -6 69 -191 67 150 -80 41 95 -170 -65 45 -93 86 97 -174 -106 21 -114 -154 -167 42 57 44 -108 6 -95 104 -37 -33 36 14 -183 -168 -87 34 54 -180 -49 -23 -48 -11 96 -68 181 -129 132 63 89 167 -123 -62 -26 74 19 -18 20 140 -46 184 -182 112 96 -77 -6 -5 97 124 -146 -50 -96 -110 172 -87 -136 -180 116 69 129 3 100 181 -84 -41 -84 37 -181 -135 5 -92 78 -107 -36 -60 28 -84 73 98 -191 -52 -101 39 -13 -48 190 57 -45 -83 127 95 121 91 -34 -103 -16 10 -154 180 88 -169 99 172 -127 -179 -193 -136 116 43 149 -83 -199 197 75 -16 195 -1 -171 -140 -30 -194 -103 -171 -176 -28 -43 -9 186 -93 -60 -129 89 6 140 70 77 183 82 33 -124 154 101 -53 -35 -43 122 1 -166 111 79 -98 127 166 -140 26 190 -68 143 -183 164 -135 -37 -22 -68 -128 90 -61 126 200 31 120 -191 169 -133 182 113 -38 -75 -194 -53 184 117 -197 -60 15 -191 121 130 185 52 77 144 81 -189 72 141 147 178 -62 -14 162 -27 -70 164 -109 -186 176 -175 -121 -98 -123 -139 -101 -95 -6 42 -107 86 142 -159 -187 137 16 44 -5 -102 -148 -129 -30 -38 -88 -77 -176 169 11 171 -136
-128 -58 -63 -182 -78 196 91 -145 -96 -113 2 35 107 47 -42 -67 -101 -89 129 60 93 -186 9 43 -152 -63 -153 -55 -146 -69 -91 45 -8 -34 -200 16 44 -109 184 -30 74 197 -141 -57 -190 48 96 -77 152 175 -176 186 109 -164 -194 -53 -154 -35 -158 33 37 -104 95 -6 81 -2 79 58 74 -137 10 25 21 -182 -180 192 -180 158 -9 175 -87 170 -26 -68 -57 15 -191 120 -191 169 -133 182 -142 -86 77 144 198 -130 54 -44 141 -140 -113 3 100 67 28 13 -39 101 -166 11 48 23 78 75 -119 33 -49 -66 145 118 103 115 197 135 -69 -66 181 -154 180 88 101 -53 -35 -43 122 1 -166 111 79 -38 -88 -140 -20 18 -19 124 172 77 -109 113 88 164 -135 -171 89 167 -123 -62 -81 179 -2 -32 49 194 -194 100 184 117 -197 -60 -42 -176 169 11 178 -26 116 157 193 -145 7 98 138 -135 -134 -168 103 194 30 140 -63 -132 129 -181 44 -108 135 108 -104 -14 -147 -129 -69 -192 -152 -121 22 8 96 77 -169 -84 -10 -198 78 6 -10 -78 86 -195 -127 98 30 129 148 102 5 -159 -6 10 168 183 -14 183 -143 68 -147 -141 -72 189 -26 74 112 177 132 95 -125 -61 -52 -36 -75 -52 49 41 179 189 -92 -160 28 176 171 3 19 109 -185 -123 5 84 71 33 -72 1 -195 16 -75 -197 199 83 -149 -43 -116 136 193 179 127 70 27 -162 14 62 -178 -190 -26 195 -191 -55 168 -99 -115 -90 -75 149 17 11 -37 -22 -68 -128 80 -150 -67 95 121 91 -34 -103 -16 -66 -194 122 144 20 -75 -145 10 106 119 107 -161 -105 -9 -6 -5 97 124 -146 -50 -76 -138 185 20 196 38 60 -112 182 -184 46 147 -31 59 -87 34 54 -180 -26 -108 -9 69 -25 -32 -89 70 -9 168 60 173 40 -56 193 92 -38 -75 -172 -99 169 -154 124 -33 -82 -183 -77 -70 -140 -6 49 140 52 191 -98 -73 84 36 107 -78 92 -5 135 181 -37 191 -129 129 103 -66 -150 20 -52 -184 -15 187 159 -21 150 -9 54 114 -62 -123 -89 15 -45 -6 190 60 -36 123 98 75 -116 180 136 87 -172 -70 -21 106 174 -97 -86 93 -45 65 170 -95 -41 147 89 13 -45 -83 127 84 41 84 -181 134 15 -96 -110 -98 112 -131 69 -31 -200 -126 61 91 121 181 62 -144 40 146 153 -9 14 -50 -8 167 154 114 101 -138 121 130 185 52 -95 -6 42 -107 101 139 -176 171 -136
72 3 184 -177 8 -155 86 166 -102 -186 -138 -175 91 -61 -29 -195 -151 -32 58 172 120 -96 -146 147 -131 24 132 -154 46 -90 -198 164 93 -178 -1 179 88 -135 173 -142 8 -163 -143 -179 -165 -197 -167 155 -69 -112 160 -18 -159 -75 47 162 -18 87 -108 -189 -183 145 146 -18 -27 183 46 190 20 178 -5 185 56 -94 -123 60 -47 -26 -188 148 145 73 -127 -70 -96 121 3 99 -158 106 32 58 -58 183 -61 -111 41 -34 -124 9 96 -159 179 173 -159 52 -113 165 -44 -15 75 -39 -69 -106 -11 -66 12 158 -129 174 87 -68 41 -136 -69 -159 98 -83 4 -81 34 200 140 -77 43 113 137 -187 46 -56 23 -125 -199 -53 -184 65 -99 107 -160 -8 88 -102 -120 71 -36 -61 -111 -122 16 5 -200 89 -98 138 126 177 -41 99 -163 -33 -68 -68 -28 184 5 -40 -19 -149 190 -73 18 -112 -55 195 -80 135 99 -16 96 114 158 136 32 -97 -165 112 -94 108 24 174 -100 -177 126 -195 16 20 36 -183 -16 -185 108 117 -129 -174 -161 -25 -83 -96 112 -35 116 7 105 144 -103 162 191 81 -127 -57 -8 -94 -165 89 -102 -85 -39 119 47 125 7 -169 187 66 155 42 162 -200 180 112 -79 -4 -178 -29 -31 -132 -145 39 47 -156 12 -36 -171 87 193 42 191 -32 -99 166 -45 25 -20 60 -172 -34 -37 110 -162 -41 -87 87 -139 -135 -96 -87 -117 -28 -126 -185 -115 159 -60 139 150 -152 -1 -108 34 51 125 -153 -54 -15 -158 -59 81 108 -167 105 -72 87 -160 92 157 174 -36 -185 -121 4 95 -128 48 -175 163 -32 181 -176 -49 -24 68 171 -66 13 15 -133 108 -32 -187 -124 50 -150 7 154 140 -11 113 193 -81 8 -16 130 -160 -25 146 9 66 165 146 21 -62 55 -143 -170 -170 -195 -45 106 -115 -159 153 177 -176 -159 94 -138 196 -61 85 -169 -130 48 -39 37 58 -183 166 108 -122 -74 -92 98 -113 -197 -122 -6 -161 173 -80 89 134 77 154 35 22 -115 117 -55 -16 81 -67 143 146 167 -54 -74 96 -196 115 157 18 14 -106 -104 141 -102 -88 133 60 134 190 -156 -189 106 -145 55 -2 -112 2 132 -101 165 -43 -25 -5 -47 -19 -105 -172 126 46 -181 -50 107 120 -51 147 163 37 -187 63 99 112 -120 -198 -84 -153 -39 -119 78 66 -14 -28 118 52 104 64 -21 -177 -58 78 72 -110 23 28 165 18 -45 143 -172 53 173 177 2 130 -72 165 -118 -16 129
72 3 184 -177 8 -155 86 166 -102 -186 -138 -175 91 -61 -29 -195 -151 -32 58 172 120 -96 -146 85 102 -160 -8 57 127 -81 -191 -115 190 -136 -69 -159 98 111 61 36 -71 120 102 -88 -8 -94 -165 90 -46 154 -132 -24 131 -147 116 7 105 144 185 56 -94 -123 60 -167 -146 -143 67 -81 16 55 -117 115 -190 -46 -183 199 87 -160 92 157 74 54 -47 -26 -188 148 145 73 -127 60 134 80 95 -128 48 -175 163 -32 181 -176 -49 -24 68 171 -66 -68 -68 -178 -29 -31 -132 -145 39 47 -156 -184 153 -114 -96 -158 -59 81 108 -198 164 93 -178 -1 179 88 61 124 193 -81 8 -16 130 -160 -25 -9 -146 66 165 146 21 -97 -165 112 -94 108 24 174 -99 -5 12 -36 -171 87 193 -119 39 35 -112 96 159 190 -156 85 -169 -130 48 -39 7 -161 77 60 -172 113 107 -89 -118 -34 -113 11 -140 -154 -125 72 -105 -119 78 177 100 -163 -115 -159 28 4 79 -112 -180 200 -23 121 3 99 46 -181 -50 -15 -13 33 -106 18 150 -50 124 187 32 -143 -170 -170 -1 -108 -66 126 -195 16 20 36 -183 -16 -185 108 117 -129 -174 -161 -25 -153 -146 -145 183 54 189 19 40 41 -34 -140 -200 -34 81 -4 83 -110 96 -162 166 -135 -96 -87 -117 -28 -126 -185 -115 159 -60 -51 147 163 37 -187 99 -16 -120 -107 -133 108 -55 62 -32 -136 -158 177 -176 -159 94 -138 196 -173 43 -106 37 58 -165 113 -52 179 173 135 63 -134 -89 80 -61 -162 -42 -155 -66 -37 110 34 51 125 -83 159 -96 -9 -183 58 -58 -32 -106 158 -126 172 105 19 47 5 25 43 -165 101 -132 -2 112 2 -72 165 -184 65 -45 -2 -167 39 153 84 198 120 -112 113 -98 92 74 122 -108 -166 183 -28 118 -72 -78 58 177 -157 -162 103 5 -178 -20 -15 139 150 -174 96 -196 149 28 165 18 -99 137 -187 46 -56 23 6 122 197 -99 77 154 35 22 189 108 -87 18 -162 -47 75 -73 18 -112 -55 195 -4 121 185 36 -152 167 197 165 179 143 163 -8 142 -173 135 -41 -87 87 -139 -45 25 -20 -187 169 -173 -53 -195 -45 -27 -53 -172 155 -69 -112 160 -18 -159 -41 68 -87 -174 129 -158 -12 66 11 106 69 39 -75 15 -14 -88 133 -70 44 102 -141 104 106 -14 -18 21 -64 -104 -52 -122 16 5 -200 89 -98 138 126 -99 130 -55 145 -177 32 -191 -42 47 125 7 177 -143 -111 41 -16 129
-55 6 -131 -175 186 127 -35 -178 -6 183 -86 -94 112 100 -86 77 -195 112 -197 -193 169 128 -24 47 154 162 -190 186 -198 -125 148 -87 -57 59 -73 166 195 172 127 1 51 -169 -43 132 -194 167 70 105 194 -99 -66 -75 -105 -173 -35 -185 90 -158 -122 23 82 186 84 200 185 -79 199 -158 -56 104 18 110 -29 -77 -52 101 9 117 -84 -92 -157 -94 -165 77 -187 -61 91 164 -131 132 -44 -73 -189 53 -34 -147 192 -124 -51 179 161 -75 -187 62 -25 -146 -72 26 136 48 147 136 107 -173 -146 110 -163 -12 -78 141 -159 -57 9 47 114 -40 -89 159 142 170 -166 -83 -163 -106 81 163 47 -200 -155 144 20 142 123 20 -36 198 179 7 173 -188 -147 11 87 69 -122 153 143 -180 -79 -77 178 65 -46 197 42 140 -143 24 -140 -162 12 -94 -4 -166 -129 107 59 96 -140 -132 21 -52 45 115 -14 172 -23 -103 -84 -67 -173 27 -10 72 49 -36 151 45 29 68 184 -14 84 50 -188 -82 -19 104 -46 102 -66 -28 57 189 64 112 -61 195 86 -170 -93 168 23 61 28 74 -131 -110 18 124 122 175 30 -75 72 -38 -67 -34 18 61 -43 65 -161 180 -68 179 -160 -33 -125 103 13 72 55 189 -166 -182 -2 -96 143 -160 -134 192 -99 -190 -200 -101 -26 -168 -183 37 -152 196 91 -93 -168 187 19 -20 -57 -126 -99 99 75 -163 143 154 -32 -163 -26 94 184 -26 66 -135 -173 51 -170 43 70 -14 -77 -179 -86 -76 -78 -2 -36 -195 139 -51 -42 40 -21 -123 -75 33 -155 -191 -143 178 143 129 27 -166 -11 41 12 34 -146 114 105 118 135 -49 -179 -106 -67 -87 -164 -110 50 -2 -53 -152 23 173 -190 -158 -92 2 -183 -80 -172 -171 -65 -20 -178 163 15 114 183 101 192 66 -174 -188 116 17 112 -119 109 156 166 55 132 -110 36 -80 -56 68 131 -45 70 -156 108 71 -54 -28 58 -17 30 -63 -66 109 -153 -151 130 -83 -30 -21 -97 56 119 8 -110 114 198 -164 120 193 189 -86 -102 97 95 119 44 -182 140 138 -141 126 109 162 -21 -130 93 -45 196 -26 -54 47 -60 128 -135 -197 -180 -9 3 -199 50 -32 -133 -67 128 50 -110 -156 -142 -108 -22 183 -125 29 -157 -198 34 161 -135 18 -27 57 90 111 -64 -38 91 -124 177 -5 -4 103 54 -47 78 140 47 129 53 -45 33 12 -60 107 -46 108 -9 -187 187 -68 19 192 200 -145 -164 -68 -50 143 -104 -159
-55 6 -131 -175 186 127 -35 -178 -6 -112 -64 -189 -57 -108 -166 -182 -2 -96 143 195 -77 180 197 -14 -30 73 -59 57 87 200 -111 -90 -57 27 -18 -67 -173 84 50 143 -180 -79 -77 178 65 -46 -173 -7 -128 67 133 110 -132 -55 -166 -156 -109 52 -21 -104 56 158 -199 -86 -84 50 124 -192 147 34 -53 189 -158 -92 2 -183 -80 -172 -171 -65 -20 -178 163 15 114 183 101 192 66 120 26 -196 45 -93 -89 159 142 170 -166 -83 -163 -106 81 163 47 -64 36 -20 -123 -142 -20 -144 82 158 -90 185 35 173 105 75 66 -115 -45 119 -188 -147 78 76 86 179 156 110 -50 77 28 -34 198 75 -30 -175 -122 -192 77 -9 57 159 -141 78 12 -135 72 146 25 75 123 21 148 -155 -19 104 -46 102 -66 -28 -9 -152 23 173 -190 73 44 -132 131 -164 -91 132 140 -96 -59 -107 65 -161 180 63 -30 168 93 -91 -196 152 -37 163 -75 -99 -91 38 198 179 -154 135 -151 130 -83 27 -140 131 -45 70 -156 108 71 -54 -28 58 -17 187 19 -20 -57 -126 -99 40 -114 -47 -49 -94 -4 -166 -129 43 -61 -18 -13 -103 112 -67 -34 72 55 189 -138 -125 29 -157 143 40 125 198 -21 -130 -162 -109 -126 -56 97 21 166 195 -2 -53 -187 187 -68 19 22 108 142 162 -190 186 -124 177 -5 -4 103 54 -47 78 140 43 70 -14 -92 -157 -94 -165 68 184 -47 24 -106 -67 -168 -183 143 154 -32 -163 -122 23 82 186 84 200 185 -145 -41 11 46 -107 60 -12 -33 45 -53 -129 -47 170 -51 -34 -12 -164 -68 -50 72 -38 197 42 140 -143 24 -14 56 80 -36 32 -50 199 -3 9 86 -100 -112 94 86 -183 -61 195 -117 -9 151 161 -135 84 103 23 -172 68 164 -198 -114 110 -8 -119 141 -162 12 -72 10 99 -194 -105 -70 -109 -143 178 143 129 27 -166 -174 -188 116 17 125 33 160 -179 68 -66 -128 -169 193 197 -112 -160 -134 192 -99 -190 -200 179 161 -75 -187 62 33 -155 -191 179 49 163 -110 146 173 -107 -136 -147 -48 -136 -26 -118 -105 -114 146 173 135 -66 -87 -164 -110 -61 -23 -168 93 170 -52 -153 -128 60 -47 54 -26 94 184 -26 26 101 36 2 11 -29 -77 79 -200 -101 -167 194 -132 43 169 -51 -1 -127 -172 -51 -195 139 -51 -42 183 74 -131 -110 18 124 36 -187 -61 18 110 87 69 -122 153 -188 193 189 -86 -102 97 95 119 44 -182 140 45 29 -104 -159
-47 -180 -84 -156 -31 -155 -90 16 51 146 -28 56 134 105 102 150 42 55 140 -187 3 29 -1 -112 129 167 145 162 66 -103 23 -91 -18 104 127 -86 -143 150 -114 -45 48 -99 -116 -15 142 -5 46 -62 -120 131 -15 135 -96 -32 178 -127 41 121 178 -57 1 -82 -36 121 57 -3 -64 -178 136 67 -114 140 -173 107 -89 -1 83 -91 175 26 131 164 -94 -95 -92 -97 -171 -179 -1 -156 128 124 136 137 41 184 104 161 -18 -175 164 -159 -17 -155 -198 -30 -143 194 158 182 -57 -172 -168 114 185 -114 175 28 -111 -153 -184 75 70 -28 -90 -120 103 38 -189 -37 135 6 182 -101 199 183 82 94 -124 56 -28 -160 40 74 28 -70 -160 136 92 23 131 130 -97 -101 -180 -132 -183 -24 -89 -98 131 -68 -111 -88 56 105 -125 -155 -121 16 -111 -139 173 -151 173 133 -158 -147 -154 -194 124 151 -155 162 -65 184 -143 117 -88 145 29 -127 54 -129 40 -64 -38 -188 55 -21 -23 -135 135 125 -153 74 76 -144 39 122 -56 -36 -128 -77 8 -33 -1 -79 -51 -165 110 -125 -190 10 161 47 160 -155 -184 132 -157 24 -193 -126 -188 83 90 -189 -161 -110 -61 -68 67 49 -39 22 -19 26 -32 18 143 49 -65 92 -11 -112 -34 97 -11 113 -130 -48 -97 -174 -198 70 -79 -7 -64 183 -78 16 -141 -155 144 146 125 170 160 -183 -82 47 -24 79 -97 119 88 196 -44 -37 77 1 149 -96 -121 132 109 68 17 -193 48 -136 -96 25 44 -27 22 194 40 128 -11 127 29 190 -10 -50 114 -191 177 -86 -71 -59 -196 104 -113 14 96 57 5 149 -97 -51 105 179 -70 -187 -28 -22 -33 -83 -136 180 132 -69 -152 -162 -108 -89 170 -90 -84 173 -123 137 -136 -19 -25 68 129 -118 -179 150 33 -194 183 -168 102 163 24 -193 -90 196 131 -12 -26 103 134 -168 -59 191 -119 106 -9 -54 -109 93 -92 -139 39 -156 -49 114 105 30 -180 35 168 79 84 122 17 177 86 -25 -192 89 56 15 43 -145 -32 198 -120 47 -162 -60 -102 110 -14 84 -64 -147 177 -8 -8 -39 -3 138 -69 -108 58 175 34 -51 168 2 134 -29 62 138 -166 173 -125 154 -28 79 -173 84 15 -33 -55 50 -184 55 186 183 -161 187 107 -3 82 132 108 79 152 130 169 -147 -47 194 -96 -167 182 -168 -194 -49 -113 -167 -186 111 125 -123 69 -149 -136 -40 160 -90 -30 -142 136 18 147 -119 8 -169 40 171 -187 -195
-47 -180 -170 -125 -146 -144 18 91 -23 103 -66 -162 -173 107 -15 135 -96 68 61 110 138 -166 173 -125 154 -49 -67 -32 178 -109 -132 -174 -68 -127 41 121 196 3 191 -119 106 -9 -54 -109 88 178 -8 -45 155 31 -162 -145 -167 -129 112 1 -29 83 -193 -11 -112 -34 125 -183 -97 -190 10 161 47 160 -155 -184 132 102 150 42 55 140 -134 -2 -168 89 194 -33 186 183 -161 -164 175 18 -161 69 -138 3 39 8 8 -177 147 64 -84 122 17 177 86 56 105 167 1 114 -150 -111 186 -125 -155 -121 16 -111 -48 193 -17 -198 70 -79 -7 -64 183 -78 16 -141 -155 104 127 -86 -143 93 -92 -139 39 -156 -184 75 70 -28 -90 -120 103 38 -33 -1 150 -55 184 -50 55 33 -15 -84 173 -30 -97 -101 -180 -132 30 -180 -173 49 17 159 187 152 69 -132 14 -179 110 -14 -84 -79 97 -23 -48 -97 -135 135 23 21 125 -153 74 76 -144 39 122 -156 128 124 136 137 41 -24 157 171 -86 -71 64 3 -57 -121 36 82 -1 57 -189 -37 135 6 182 -101 199 183 82 -108 -89 170 -90 -84 114 105 -110 165 51 79 179 118 -129 -68 25 59 -178 136 67 -114 140 -60 -102 -105 51 97 -51 -1 83 -180 136 -3 194 158 182 168 172 -131 92 95 105 143 30 55 121 96 175 130 -142 -92 -136 160 70 -28 -48 -90 16 51 146 -28 119 125 -123 69 -149 -136 -40 160 -90 -79 28 -39 22 -19 26 -32 18 143 49 -65 92 -126 -188 83 152 130 -175 -58 108 -104 -184 33 22 28 187 70 96 57 94 -154 -194 15 -89 192 25 88 111 68 -131 98 89 24 -11 113 -130 136 18 147 -119 8 -169 40 47 147 -169 34 -149 -5 -62 29 -187 -198 188 38 64 -40 129 -54 127 -29 -145 88 -117 143 -184 65 -162 155 -151 -124 -56 43 -145 -32 198 -120 -123 137 22 194 40 128 -11 127 29 190 -10 -50 114 -191 177 -131 120 94 -164 -131 -26 -175 91 -90 -79 -108 -132 -82 -44 -37 -168 -59 -107 -162 161 189 -56 -173 139 -136 -96 -47 35 168 -171 -179 77 128 36 182 -168 -194 -49 -113 74 -99 -116 -15 142 -5 46 -62 -134 -56 97 -79 24 -47 82 183 -160 -84 -156 25 44 -27 -136 -19 -196 104 196 131 -12 -26 103 134 77 1 149 114 -185 -114 -57 28 -111 -153 -155 194 -96 -167 -151 173 133 -158 -147 -124 56 -28 -160 40 113 90 193 102 163 24 168 -183 -187 -195
40 -12 94 -44 135 -135 -52 30 -102 -38 -71 -176 -5 -118 34 -175 25 -127 45 132 -189 -139 -179 165 82 -41 -25 195 -10 -147 171 12 -57 26 48 -76 131 111 150 36 26 -19 20 175 16 -26 29 -18 194 166 -42 -61 -157 -180 -135 118 -196 155 -10 -69 -118 49 149 168 -149 110 -49 191 -79 -188 125 151 -88 -104 110 157 -145 15 137 -167 -3 -8 -14 158 -86 51 180 -79 32 87 -58 99 -37 -74 152 114 -120 -17 -130 -75 -17 -24 87 199 8 -15 -85 -29 -72 -101 -185 -184 -73 -79 -171 110 -147 -199 -22 170 -29 -133 -187 -158 98 72 193 -123 173 136 -65 -18 55 30 122 187 -122 194 -48 96 113 32 -33 -61 28 39 24 46 -124 78 50 179 29 43 155 -107 -53 -71 133 -94 -30 180 -188 118 -141 -167 -149 86 97 -109 59 -53 100 55 9 7 -168 -61 97 141 41 141 185 -83 -97 60 40 -22 179 117 94 -128 -58 -33 131 145 -4 28 -132 88 -67 -137 48 -13 182 106 190 -67 188 27 -10 52 -166 132 161 -16 50 -78 178 93 -93 -42 -27 -30 192 -48 -186 -199 109 -118 152 93 193 65 -187 -66 11 -97 -60 -7 79 167 -124 174 -181 -96 -193 128 -140 60 2 -48 -181 45 101 -125 -40 -82 18 3 88 54 28 -125 129 -80 194 -98 194 -64 109 -170 -21 44 64 50 80 -10 177 -132 -135 193 -61 120 -34 -122 58 -147 -4 -163 140 -3 -170 185 -23 127 -167 -189 -143 -165 -59 -39 133 -123 -94 -63 81 93 19 -42 -152 182 99 -69 -133 -196 59 22 -198 154 -154 92 -28 21 -119 114 155 139 -93 -49 113 -44 154 47 -71 -124 200 150 -51 33 130 131 -105 -88 5 -197 -11 -99 -138 64 -181 -69 -166 -46 -141 146 -103 160 19 -90 -74 -23 -146 48 159 17 -59 -24 -181 -64 54 95 81 28 -123 -118 -195 -92 -167 30 8 148 178 -145 11 66 -63 -6 -9 43 -112 -144 23 28 134 -173 -193 -81 -102 -116 -71 29 -24 -155 -75 -115 -153 148 31 21 -186 -73 -51 113 162 -128 14 -94 58 149 35 105 -192 8 -61 -9 160 177 15 -148 -31 123 86 -120 -16 -9 -66 -183 -78 29 -23 -16 109 -52 74 -58 -58 115 176 66 135 -179 -29 89 -24 -143 -76 54 107 -149 -10 139 -77 -19 47 -172 86 69 -152 -151 195 186 -29 -25 55 -161 195 66 -25 -82 58 -176 -7 -169 81 57 65 -164 195 188 82 61 -134 198 -1 1 -18 -177 102 -101
40 -12 94 -97 61 168 -7 41 -82 -165 -16 18 -1 1 -198 -161 -132 166 -55 25 29 -186 -195 151 152 -69 -86 173 136 -65 -18 55 30 122 187 -122 -133 71 -101 -28 -9 160 177 15 -148 -31 123 86 -94 -157 -110 -118 -60 -7 79 167 -145 15 137 -167 -3 78 50 179 29 43 155 -107 -33 51 127 -25 175 -34 118 5 41 -64 54 95 81 94 123 79 92 -14 128 -162 -113 141 46 139 190 123 -28 -63 81 93 19 -42 -152 182 99 -69 75 -188 67 -196 -171 110 -147 -199 -109 199 186 -143 -76 54 131 -20 -22 -59 196 133 -115 -153 148 31 21 -186 -105 -35 -149 -58 -124 174 -181 -96 -193 128 -140 60 2 -48 -23 144 112 -149 -49 97 -11 66 -154 -9 -55 -100 -14 158 -86 51 -99 58 -87 -32 79 -15 -85 -44 135 -135 -52 30 -102 110 168 -149 -38 -18 82 40 61 74 5 -197 -11 -99 -138 64 -181 -69 50 -78 -182 13 44 24 -89 29 179 -113 150 21 170 -109 64 -194 -118 -195 -120 -16 -9 -66 -183 -78 29 -23 -16 45 132 -12 -171 -48 137 67 -88 132 -10 166 -57 26 48 -76 107 -149 -28 4 -145 -131 185 -83 -97 60 40 -22 179 117 94 -128 -58 -33 -141 -124 200 150 109 -52 74 -58 -58 -127 23 -185 170 3 -140 163 4 147 -58 122 34 -120 61 -193 135 132 -177 10 -80 -50 88 54 28 -125 129 -80 65 -187 -193 47 -172 123 -189 -139 24 59 -17 -159 -48 146 23 -130 -75 -9 43 82 25 -66 -195 161 -52 10 -27 155 24 -29 71 157 125 -101 -45 181 61 -8 192 -73 -51 146 -103 160 -10 -69 104 88 -151 -125 188 -133 39 59 165 143 189 167 115 176 66 135 71 -47 167 141 -118 188 -180 30 94 194 -48 96 113 32 -33 198 19 -26 -36 -193 -72 -98 158 187 133 29 175 16 -26 29 -118 -93 -178 106 -77 -19 -93 -152 -93 -154 92 -28 21 -119 114 155 139 -93 -49 -111 -170 22 -18 147 10 -195 -134 179 -181 48 -192 30 27 42 194 59 -53 8 124 -46 -24 -39 -28 61 -25 -61 -82 -188 -195 164 -65 -185 -184 -167 30 8 148 79 176 -58 -49 191 -73 -7 -169 81 44 -74 152 114 -120 -17 42 -166 -194 154 -149 86 97 -109 -98 -118 135 180 116 102 81 193 173 -134 -6 -17 -24 87 199 8 -180 -37 64 -3 -71 -176 -141 -29 -72 53 130 131 -105 -88 90 -19 -155 178 -11 145 63 -66 -57 -177 102 -101
-120 -196 -17 -169 111 62 183 -173 197 -156 64 145 166 -129 44 -13 154 62 -190 174 74 167 131 149 -154 147 148 -183 -196 -95 -111 142 179 -158 48 -145 -180 176 124 -36 41 -57 174 -169 -115 13 99 -64 -32 55 87 -61 -181 84 -152 -155 -200 -160 -7 -32 62 173 -56 -70 -109 -33 153 192 142 -184 -27 189 2 162 -57 47 187 145 190 82 197 182 -111 -46 18 -16 -166 -124 -35 -178 -37 6 -54 52 -3 -49 -196 -120 189 -193 105 94 80 50 -44 -165 36 -50 51 -85 197 -128 -36 92 -144 -118 42 -200 27 131 198 95 -186 -6 113 186 37 121 -105 -60 179 127 66 -85 6 149 135 135 -56 175 78 111 -191 169 -158 163 -62 112 -196 169 70 -45 -28 -91 -114 -91 42 140 90 -89 7 52 35 -126 115 -151 -10 133 79 -49 -6 115 -34 -89 -7 -163 -27 32 114 53 158 -94 29 -103 -118 174 178 -153 112 116 -84 -105 152 -38 -189 -32 -179 -147 72 109 -200 -11 158 19 154 17 141 -95 -65 168 -116 30 -38 160 133 167 78 -29 126 -26 55 -195 81 149 -94 -119 -200 -93 131 -164 -77 -86 26 -117 35 83 -82 -124 -12 -82 71 149 -65 -159 77 17 97 58 185 154 4 -107 -91 132 178 198 130 137 -114 31 -67 -161 197 102 89 119 6 -168 121 113 -180 -17 75 -163 20 -131 -80 99 90 -187 -49 -90 -39 -138 -93 112 98 -185 -111 144 174 31 -194 -178 -36 -36 -20 -103 30 -17 -11 -25 -170 -101 183 19 92 -60 -67 153 -14 192 74 44 106 -109 -188 61 82 81 -197 -120 132 -60 113 -78 147 -40 180 -22 5 -14 161 -146 94 102 -88 101 -114 166 67 81 -43 -144 -21 179 15 14 -34 -188 150 172 71 -194 -192 -71 34 42 35 -109 73 154 95 146 -162 -68 -130 50 -176 -22 -55 -43 -128 122 -200 -35 15 72 -17 -124 -82 -144 104 168 179 -75 56 -108 142 -120 -166 50 100 -55 -163 191 -162 159 72 121 -84 7 120 -103 -65 -71 32 -189 -58 -73 5 66 26 136 52 1 -121 165 -118 119 24 -138 89 -157 191 123 142 -175 -128 -197 -160 -56 22 -137 60 -151 52 98 -133 -135 -119 192 -67 33 -140 -194 29 113 152 -93 77 -136 182 170 144 83 112 -12 63 -29 -65 43 -145 -35 -145 6 -104 143 -158 87 181 75 -200 -185 -7 25 179 4 159 17 44 -52 86 -29 6 126 -23 -19 12 -14 156 166 -122 -123 25 -158 33 132 95 -28
-120 -196 -17 -169 111 111 -191 -35 15 72 -17 195 -55 26 -137 -77 93 196 -112 62 -163 158 27 131 198 -137 60 -151 52 98 -133 -135 -119 192 184 -142 -192 -153 55 87 -61 -91 -114 -91 116 -84 -105 -24 -119 118 -165 121 -1 -52 -136 -26 -66 -186 -113 6 186 73 58 -67 148 -183 -196 -95 -111 97 58 185 -109 -72 33 -75 80 131 -20 163 189 -32 -166 50 100 -55 -163 191 -162 159 -163 -27 32 114 53 158 -94 29 -103 -118 -121 -37 -165 36 -50 51 -85 197 -128 -36 92 -144 -118 42 -200 -169 -95 -22 14 -5 78 -113 60 -174 -74 -192 14 -153 67 60 -92 -19 -183 101 -108 142 -34 71 192 194 -71 -172 -93 160 200 -194 -178 -36 -36 -20 -103 30 -17 -11 -25 -170 -56 75 -179 -168 -124 -176 180 145 -48 158 -179 -142 -17 -77 159 65 -149 -71 82 12 124 21 144 43 -81 -67 -166 114 -101 -79 -133 10 151 102 -88 161 -147 154 -149 -131 -138 158 19 154 -31 114 -126 29 -78 -167 -133 -160 38 -30 116 -168 65 95 -141 -17 115 169 -174 57 -41 36 52 -3 -49 -196 -185 -7 25 179 4 159 17 44 -52 162 75 -200 -120 112 42 140 -132 -33 158 -166 140 13 99 -64 -32 33 -6 -119 -89 115 -94 146 -161 56 160 197 128 -42 -120 71 65 -12 63 -29 150 156 -167 22 176 -50 130 68 -84 7 120 144 83 112 -45 -28 -181 84 -104 111 -136 182 170 -103 -70 -169 -152 -113 -29 54 -6 37 -32 62 173 -56 -124 -35 -178 7 -132 154 95 187 -83 -35 117 -26 -46 18 -16 175 -142 -123 138 39 90 49 187 -90 -99 17 180 -113 -121 168 109 -193 200 119 94 -149 -81 -124 -82 -144 -147 22 -180 -57 47 146 -162 -121 -72 7 89 34 -115 6 49 197 102 126 -35 145 166 -129 44 -13 154 62 -190 44 106 -109 -188 61 82 81 -197 -120 -73 -147 67 -27 189 -70 -189 153 -178 -174 -23 -19 5 44 -50 -80 -94 -105 -93 43 -145 -35 -145 6 -152 -155 -31 -174 -144 143 -197 173 -183 -62 -78 -175 56 -135 -135 -149 -6 85 -66 -127 -179 60 105 -126 -6 29 -86 185 -98 -112 74 -55 -152 -194 -104 -40 -181 -87 158 -156 64 -52 -7 89 -157 191 14 -179 82 145 190 82 197 182 -111 86 25 -179 123 122 32 189 38 11 200 12 15 14 -34 -188 -65 131 -164 -77 109 -35 -166 2 -130 -198 -178 -132 91 107 -4 -154 200 -122 128 43 89 -90 95 -28
-9 159 -19 -137 120 134 -78 -190 45 187 -113 -143 155 -194 107 44 176 19 9 -142 175 31 -23 92 50 16 92 -113 55 91 -136 -188 106 150 -100 -195 184 108 -82 -122 -83 168 -29 -19 178 -144 -45 -138 -34 -196 144 -69 17 -9 -113 34 144 167 -141 42 -69 -91 -152 -165 85 84 28 183 -175 52 -189 62 13 179 -178 -74 -31 -51 16 -32 115 -22 -147 -172 -35 -111 -138 151 149 159 89 -29 177 -106 79 84 -66 -105 158 -86 45 56 -79 -13 -55 14 -85 143 -180 99 17 -106 -95 -141 -6 -21 128 -108 -198 -63 69 175 -32 -112 60 -186 115 59 87 91 63 105 200 7 -105 73 -153 -59 4 9 -74 -137 -33 72 -171 -69 97 -75 -22 86 -182 -114 -196 168 73 -37 86 13 192 -47 -115 -63 -95 93 -104 29 -121 -186 43 -58 -194 88 -129 5 -99 -45 139 -116 11 -185 78 111 97 -142 173 131 -74 34 79 110 -35 77 108 128 169 -99 80 -189 56 97 -148 166 -131 4 200 198 -131 118 -159 -61 189 190 -7 -120 90 -192 -40 -46 -153 -102 79 33 80 -73 -111 -165 63 -112 56 124 176 -60 136 -109 148 -1 -30 146 -29 82 154 96 49 -57 -188 -74 -126 156 147 -187 -15 -87 159 -71 12 -9 -185 73 -83 -135 -40 -115 -49 23 -180 61 96 124 73 -136 53 21 28 133 -61 -134 -31 -177 137 -198 63 -70 -161 178 -124 -183 -79 8 162 -159 23 198 -164 -22 -105 43 -157 192 -117 -94 -61 -200 -12 49 158 -162 156 198 -181 -160 137 -118 -60 -105 24 -146 157 -88 103 -46 17 -187 177 20 -147 34 -115 -113 174 -1 188 9 197 31 -60 -12 76 -99 -179 165 -157 38 139 145 85 148 -74 -40 -93 15 -93 75 -6 141 5 -33 129 -140 85 -86 -164 24 -193 32 -98 -58 75 -169 -28 12 -166 -113 -80 -143 83 132 80 -101 -35 167 -85 -2 43 150 167 124 184 85 -122 132 -59 -134 -171 -160 -133 127 -79 -88 -88 -80 -134 -65 -171 112 60 -76 -148 110 -134 -41 -141 -100 -115 -90 -168 51 -160 93 22 -4 -134 193 108 103 85 -182 9 47 195 -20 -14 72 -48 43 17 -34 65 21 195 -60 197 -75 145 -26 -138 96 43 186 -155 -174 25 -150 -69 48 105 95 119 -153 74 -18 -142 -192 120 175 165 143 190 195 -30 35 104 43 -170 161 -56 -188 -167 -120 59 135 171 -102 152 80 189 79 96 155 -111 -1 24 135 22 -125 -151 -196 39 -74 115 68
-9 159 -19 -137 120 134 116 -139 45 99 -61 155 28 172 147 22 -115 32 -159 87 15 187 -147 -156 126 74 188 57 -49 -157 -74 -93 95 63 75 -6 141 -129 33 -5 -140 85 170 92 -176 -44 -107 194 -155 143 113 -187 -45 190 78 11 -185 78 -61 -134 -31 23 -31 16 -71 12 -9 -185 73 -83 -135 -40 -47 -115 152 91 69 -42 105 95 119 60 -76 -148 110 -134 -41 -141 -153 -59 4 9 -74 -137 32 -175 -69 63 198 108 79 84 -66 -112 171 115 79 -56 -45 86 -158 105 -153 55 13 -192 -13 -86 37 -73 -167 -144 -34 113 9 138 -62 -103 33 58 98 -32 193 48 141 -168 196 189 -52 175 -142 175 51 31 -74 159 -118 131 -198 -200 -4 131 -166 148 -97 -56 160 99 143 80 113 166 -12 28 169 -75 -112 60 180 -23 49 -95 -141 -6 -21 -198 -156 162 -106 -128 -30 146 -29 82 154 24 69 150 -112 56 124 176 -60 136 -109 148 -63 -186 115 59 87 91 61 96 124 -85 143 -180 99 -177 137 183 51 -179 -167 -73 -14 74 -18 -142 -192 120 175 165 143 190 195 -30 35 104 43 17 -106 -102 152 80 189 79 96 125 75 -40 -93 15 -93 -165 85 182 -85 -103 -108 -193 134 132 -59 -97 -111 -133 -28 -153 155 -186 -43 -96 138 26 -145 -22 -135 189 190 -162 -8 79 -182 151 195 -60 -29 104 169 144 -178 -151 -196 39 -58 -194 88 -129 5 147 -20 -177 187 75 53 21 46 40 192 122 -85 -184 -124 -167 -150 -101 -35 9 47 195 -20 -14 72 -48 43 17 -34 -21 -65 149 159 89 -80 164 86 161 -56 -188 -167 -120 59 135 171 65 -100 -115 12 60 -31 -197 -9 -188 1 -90 120 7 -159 23 198 -164 -22 -105 43 -96 -33 -79 102 -174 25 189 -80 99 -45 -138 -34 -196 144 -69 17 -114 29 -168 83 122 82 -108 -184 195 100 -124 168 90 76 83 132 80 -43 2 85 165 -157 38 139 145 85 148 -74 -197 -121 -186 43 19 -46 17 -22 86 -198 63 -70 -161 178 -150 -106 188 136 -91 -55 113 -92 -16 142 -134 88 88 -171 -160 -133 127 -79 -80 -134 -73 105 -7 -200 -105 -1 -181 -160 137 -118 -60 -105 24 -146 157 -88 72 -171 -69 97 1 111 -9 -19 50 173 131 -74 34 79 110 -35 77 108 128 -24 136 84 -183 34 -115 -113 174 4 -22 -93 -63 165 111 73 -29 -61 -200 -12 49 158 -177 94 -35 -111 13 179 -178 192 -117 115 68
114 -130 59 -181 -15 102 -50 179 -88 -70 -99 -165 156 -134 -101 -169 -82 153 51 193 -178 193 192 149 -146 195 -27 74 -143 131 -135 160 -55 -66 193 -162 65 196 71 -99 12 99 -186 -87 4 -13 159 48 83 -18 79 71 -196 -176 -173 -160 122 -107 40 14 156 149 98 -21 173 -108 -190 -96 -181 36 -147 78 121 193 -128 132 -17 -115 140 166 -193 41 93 143 -31 -90 -55 -82 195 176 -143 111 199 84 -19 -20 -105 49 -139 10 -100 -56 173 52 -45 88 -104 -87 142 -152 148 -16 50 -103 -118 -60 -55 -180 112 -130 -99 -126 192 -109 -133 -180 171 56 7 -199 56 -93 -106 26 -195 -100 113 111 -109 -22 65 2 -53 31 -142 83 122 109 87 -141 -67 -21 112 -34 -44 -83 131 -38 -2 -174 -179 52 111 -164 144 82 -30 -21 27 -16 -21 182 166 155 104 -84 154 119 78 123 -34 58 -35 -108 -105 28 -110 -180 -74 159 55 -182 -54 -172 -183 99 182 63 5 -17 -176 13 -131 192 -172 66 193 -150 57 190 -25 -128 120 124 -185 191 -64 -135 192 -160 90 90 113 -153 5 66 -45 -130 -6 -162 -119 123 -139 -139 32 -75 58 10 135 -43 165 -47 -82 6 144 -71 -170 21 -200 48 191 -24 -42 -16 97 68 88 -69 164 174 86 198 7 -135 82 53 -3 -89 53 -198 131 83 -36 -14 -157 -92 -37 116 -82 153 -83 4 -87 -163 190 -117 -115 -168 -113 -180 -48 -43 -62 -24 -77 194 56 -143 -1 127 -157 -87 95 43 -134 -6 44 82 143 15 -115 179 -187 -95 112 164 -178 -91 117 -61 132 -87 -145 -198 -43 52 -20 -138 -58 -174 110 131 -80 38 -161 -192 -112 133 -165 8 146 -74 62 178 -16 -165 138 168 -113 47 118 197 199 9 44 -27 150 92 -59 191 -156 -146 29 -10 10 -191 -185 86 19 -170 -9 -168 165 -120 -109 46 -34 52 42 -71 -155 118 -121 192 170 17 131 -58 87 -181 5 -51 190 68 -115 -90 -64 -174 -52 -142 192 128 130 114 -73 171 111 -32 -24 -93 16 -194 -199 -50 31 -123 -11 -130 -96 -126 -186 -115 183 -149 -49 174 18 106 -70 196 9 187 196 61 -28 52 157 75 7 107 -162 89 -24 -31 196 136 144 -67 -186 -71 131 22 -18 -6 74 151 -102 -26 34 -118 112 -67 -71 38 -93 -147 -97 -99 -83 125 -108 66 120 -107 30 -192 -40 -54 -22 -86 -191 153 -26 25 68 26 110 130 -173 152 -10 -169 36 -132 -93 27 -165 -114 -143 -35
114 -130 59 193 -150 57 190 -25 -22 -86 -191 153 -26 25 68 140 166 -193 41 -157 16 -27 21 -52 -160 -42 -16 97 21 -98 -149 -156 -14 -40 107 -122 24 -191 145 87 -132 58 138 20 30 -82 -119 -16 -31 5 -17 -176 -29 146 156 -191 59 -92 -107 -99 -83 125 -120 -66 108 -107 -174 148 123 -139 -139 32 -75 58 168 -87 -135 82 53 -3 -89 53 -198 131 83 -36 -14 93 143 -31 -90 -55 -164 69 -34 26 102 -151 -74 -111 143 -176 -191 185 83 64 -195 -163 128 54 -78 -119 -154 84 -48 -70 196 9 187 196 -115 179 -187 82 47 -165 -22 -185 86 19 -170 -9 -52 28 -61 -15 -143 48 180 113 168 115 117 -190 -34 58 -35 -108 -105 28 2 38 -131 -100 -56 173 52 -45 88 -99 -126 192 -109 181 -87 58 -131 -17 -170 -192 121 -118 -5 153 -113 -90 -159 74 180 -1 127 -157 -87 95 43 110 195 -26 106 93 -56 199 -7 -56 -171 180 192 149 -146 195 -27 74 -143 131 -73 171 111 19 87 -4 -124 -120 42 -71 -155 66 -45 -130 63 82 -116 37 92 -21 182 166 155 104 -198 -43 173 176 196 -71 -79 197 99 182 -6 -162 -144 164 -111 -52 179 152 -142 87 104 130 -112 186 67 -144 -136 -196 153 -135 192 -160 90 55 -182 56 -143 -134 -6 44 134 -156 165 99 70 115 132 -36 169 -51 190 68 -93 27 -192 -40 123 -95 112 164 -178 -91 117 -61 -174 110 -9 -199 183 172 54 -194 114 -64 -174 -52 -142 192 128 118 103 -50 24 -89 162 -150 27 6 144 -71 -170 21 -200 -113 62 43 -106 -18 10 147 -36 49 -139 -32 -24 -93 16 -194 169 101 82 -128 132 133 -165 8 80 -131 4 -13 159 48 83 -18 -118 120 -165 10 -133 -193 178 -193 -51 -153 82 123 -31 50 199 -11 -130 -96 -126 -186 -115 183 -149 -49 157 75 7 111 -109 -22 7 -109 -122 -83 142 -31 53 -2 -65 -198 88 -179 50 -102 15 181 96 190 108 -173 62 178 -16 -165 138 168 -193 -121 -78 83 44 34 -112 21 67 141 174 -20 -105 181 -66 172 -192 131 -13 99 -186 -87 44 60 130 77 24 47 -162 65 196 -6 199 84 82 174 86 -90 -68 74 -146 38 -161 -192 -112 -17 -115 26 110 130 -173 152 -10 -5 135 -43 -135 160 -55 -66 193 -109 46 -34 52 -55 -180 -71 131 191 -10 10 -12 99 -71 18 88 -118 112 -67 -71 38 -93 -147 -97 -113 100 30 -165 -114 -143 -35
-172 -104 102 -185 157 79 -33 -143 -123 175 -148 -112 -67 -5 -166 83 85 68 147 -54 86 12 -87 144 114 -87 171 190 61 138 -114 42 -119 -72 198 -32 123 -17 -110 108 -39 -1 31 166 -15 117 -125 -151 -196 -38 40 -199 14 37 96 78 47 197 110 -47 -167 158 86 -127 -107 -131 98 -66 94 -61 15 -183 -129 -175 151 -64 52 179 -108 93 -21 178 -10 -15 -101 -62 -32 -56 -81 -56 1 -83 -184 4 91 -39 -47 -102 -165 71 164 33 179 -120 115 71 10 134 190 -137 193 -179 82 -179 152 -110 -46 136 -135 -199 147 -178 18 89 -197 115 124 -26 44 67 -89 -137 -154 120 -96 -81 -9 90 -74 -69 51 -29 -190 -49 39 109 1 -13 -38 68 -140 -132 -141 183 42 79 -169 153 -14 39 171 -170 121 194 -37 92 -28 -56 -153 195 133 -28 -192 -40 182 21 101 -78 59 -23 -22 -131 95 -59 -33 -114 -169 169 -63 -79 82 -34 102 -37 -48 86 -67 105 -180 -71 198 -91 -157 -146 -186 143 -113 88 -37 163 191 -6 -4 -62 -46 150 70 19 -12 -134 -74 -71 -144 65 40 116 -48 -159 81 -94 -182 190 188 -169 198 38 178 167 -123 -127 -88 -101 136 -43 -169 -40 143 -46 -18 -34 8 141 -125 -56 -10 -113 196 -127 189 143 -147 -25 -138 52 -188 99 -33 93 -182 -125 22 -61 33 43 -161 -86 98 109 -73 -90 41 12 -119 199 18 23 103 -140 142 -200 -74 93 -105 -59 128 176 -63 89 13 92 -192 -131 65 -65 34 -147 41 42 -152 -137 -135 198 -71 36 -80 -154 -64 -48 125 -11 -88 -141 -44 -189 -163 -149 116 -140 -135 -43 153 188 -80 -184 -133 95 -130 39 -148 37 143 162 148 -55 171 -165 131 -181 -200 -79 175 3 -38 128 15 -133 47 -17 -23 -72 -112 -191 185 -124 6 -54 82 146 -124 -115 -136 -89 28 -99 51 -79 192 -185 -162 198 108 -187 34 -63 -194 108 55 -124 45 81 139 -169 54 -120 19 -164 167 162 2 -156 -127 -98 -169 -114 89 -131 39 -181 -159 -179 -164 -175 137 97 147 -109 -160 135 82 18 12 -52 -123 -200 -116 174 27 -34 -10 -21 -1 -17 143 165 -140 16 43 -140 149 -54 -6 -157 103 -42 -39 -1 135 -77 -67 -58 63 5 -5 192 -148 -180 74 98 193 75 -3 178 8 -140 86 -14 171 -192 -141 180 63 -145 42 -105 158 -42 -106 -200 34 105 -65 -111 -129 -165 -67 -125 -55 -184 -141 -109 -186 -20 -129 -49 -104 18 3 112 77 -127
-172 -104 102 -185 157 79 -33 -143 -148 -162 -143 -37 148 -39 -23 -72 97 147 -109 -160 -43 -16 -187 34 -108 56 86 -72 198 -32 123 -17 -110 -10 -113 196 -127 189 143 -200 43 -161 119 -22 102 -37 -48 86 -67 105 15 -183 -129 -171 -79 -79 58 67 77 -135 188 -169 198 -101 136 -158 105 -42 33 89 -86 -158 167 47 -110 39 -181 154 137 89 -67 164 140 -18 -34 133 184 80 -189 18 -70 -150 46 62 4 6 37 99 -33 93 -182 116 200 186 146 157 -166 83 85 68 147 -54 86 12 -87 144 114 -87 171 190 61 -123 -127 -88 38 178 167 138 -114 42 -61 33 -79 82 48 -116 -40 -65 144 125 133 -52 -123 143 -113 88 185 -124 6 -54 82 146 91 -39 -47 -179 -159 -179 -42 -183 141 132 140 -68 117 -125 78 21 101 -182 40 114 169 -186 -20 -129 -49 -104 18 3 112 36 -80 -154 -1 -109 81 139 -169 54 -120 19 -164 167 -180 141 192 -171 14 -86 63 -108 -198 162 185 -192 23 103 -140 142 -147 -25 -138 -78 -96 -37 -14 199 -40 38 196 151 59 -23 165 129 128 15 -12 -18 -82 -163 -149 116 -140 -135 -159 81 -94 -182 190 1 39 42 -103 149 -54 -6 -157 140 56 32 62 101 15 10 42 188 -52 47 197 131 -127 -107 -131 98 -66 94 59 105 -93 74 63 -169 169 114 33 59 -95 131 22 -67 -125 -193 137 -38 -164 -71 165 102 -120 115 -134 -10 -71 190 -3 -175 79 -5 91 -198 71 180 61 128 176 -63 89 13 92 -192 -41 90 73 -109 -21 -1 -17 143 34 105 -65 -111 145 -63 162 2 -156 -127 -98 109 141 184 55 -179 82 -179 152 -110 -46 136 -135 -199 147 -74 180 148 -192 5 -5 140 -165 200 15 -166 -31 1 -190 -49 39 -45 1 -83 -184 4 -124 -115 -136 -89 28 -99 51 55 -123 175 -148 -112 -67 200 181 -81 -9 90 -74 -69 -34 153 56 119 -169 153 -14 39 171 -170 121 194 -43 153 188 44 141 88 -135 -81 -56 124 -55 -108 194 63 -39 29 -51 -147 41 42 179 -108 93 -21 178 -106 38 13 -64 -48 125 -11 -199 28 -92 -27 -34 -10 -98 125 52 137 -95 8 141 64 -151 175 -165 131 96 -120 192 28 -133 -195 65 -65 131 12 19 -12 -134 -74 -71 98 193 163 191 -174 47 -17 130 152 -112 -191 -37 75 -3 178 8 46 -143 40 169 43 -34 -178 18 89 -197 115 -135 198 -71 -137 175 -44 26 -124 77 -127
123 -181 -50 92 103 -191 48 -12 -3 -136 -145 191 67 -43 187 66 144 -89 -190 -94 -74 -170 186 -143 166 189 -27 36 170 162 61 173 -193 144 -81 9 38 75 51 112 142 167 -111 -70 -141 -101 -28 -83 -135 179 110 91 -58 -67 186 -183 188 24 -196 86 131 -161 139 -157 62 186 103 -149 -59 -54 -57 59 -131 -43 -183 107 -169 60 179 187 78 145 -159 149 189 -34 105 -134 88 -52 -178 -195 -80 -30 9 -144 100 164 -110 -137 117 -91 15 -145 -33 -155 181 21 34 133 -134 183 -186 125 153 161 122 46 -192 -27 125 -192 -60 112 20 170 195 -62 62 -191 -137 -129 -184 14 -88 -174 198 96 -176 -93 82 175 -62 -56 -147 -38 195 -63 71 -138 -29 74 -72 59 93 60 95 -120 -40 -137 3 101 145 176 -127 8 -10 -14 86 121 163 120 118 -84 -75 45 150 -185 57 -123 -79 -70 57 -70 125 100 161 163 -71 30 -67 151 -20 -106 -146 60 -84 4 -185 99 -93 -97 -171 158 -36 -169 124 -19 44 -85 144 -61 102 190 -3 162 -159 196 95 85 -122 -156 -83 -183 -197 -186 -164 -87 -97 183 -145 -38 123 167 51 -3 -142 -172 -158 -75 152 149 -95 -40 136 154 43 120 154 95 53 184 187 150 129 -195 124 -60 36 74 -73 182 -118 45 -134 175 -91 178 115 -107 92 192 83 53 90 182 36 161 -166 70 54 -12 153 82 22 155 -89 122 171 21 115 72 -10 -147 -21 117 -153 -131 32 44 -82 -9 -51 -75 125 -23 183 -184 186 87 -12 36 167 53 167 -57 65 13 108 83 -199 94 -69 97 104 -96 -46 129 99 193 -169 85 33 162 -138 190 -28 -38 89 81 -75 -57 130 -194 -85 -3 191 -110 -141 -90 146 139 -19 -161 166 65 -122 199 -89 -146 -183 30 108 131 -85 -58 29 -58 -44 44 -113 164 -64 -135 -71 31 -70 133 40 123 -40 36 13 -160 -186 133 -9 96 -103 -99 59 -80 -69 79 158 2 186 76 -65 141 -31 -32 57 184 -132 -68 -8 169 -163 -199 -25 -135 -23 174 58 -35 -27 155 5 84 50 75 165 -133 66 179 33 157 92 103 -185 149 104 30 147 -41 92 144 182 -18 40 -53 6 21 19 110 190 -98 -47 -1 27 190 86 -16 -157 197 71 -107 86 -6 -61 -16 -39 105 165 -44 -126 -56 -8 177 -106 166 -33 138 12 -21 74 29 71 -165 96 -29 5 -130 72 121 -122 -136 -49 182 173 166 -56 56 78 -28 4 168 102 -176
123 -181 -40 36 13 181 21 -144 193 -173 -61 -162 -170 -36 27 -189 -166 -89 106 158 2 186 76 -65 141 -31 -32 57 184 -132 -68 -190 -82 93 -96 165 -138 190 -28 -38 -107 92 192 83 53 -63 71 -138 -29 74 171 97 153 82 22 155 -175 -27 1 47 98 -142 -112 -51 -75 -38 -9 81 -125 -123 -40 -133 70 -31 71 135 51 -3 -142 -57 59 -105 -108 -30 183 146 -172 -158 -75 131 153 -117 121 -122 -136 -78 -56 56 -166 -173 38 28 -49 182 123 167 -120 -163 -121 -86 14 10 -8 127 -147 -38 -75 -50 -84 -5 -155 110 91 -58 -67 -156 -24 -188 183 -186 122 -103 -186 -62 157 -139 161 -131 -86 -60 169 -107 179 187 78 145 64 -164 -152 16 168 6 -86 75 84 -118 91 -175 -61 102 190 -3 162 -9 30 80 23 135 25 199 163 -169 45 150 -185 57 -123 -79 -70 57 -70 -50 92 103 -191 48 83 -196 183 -69 97 104 -96 -171 144 -89 -190 -94 157 178 -14 184 129 137 191 -62 62 -195 -170 -20 135 83 28 101 141 70 111 -89 16 -86 -8 107 129 99 -43 90 182 65 13 108 83 -199 -92 41 -29 58 -186 125 -27 89 -62 -56 -176 -145 -101 94 -195 165 -133 66 81 -75 20 -151 187 150 129 -54 10 -72 -115 -21 -46 -71 -197 -74 -170 186 -143 179 33 157 92 103 -185 149 104 30 147 -58 -44 134 -133 -34 100 161 122 46 -192 -27 125 -194 -85 -3 191 -110 -141 -90 146 139 -19 -161 166 65 -122 199 -5 29 176 -96 -198 174 88 115 166 -33 138 12 -21 167 -193 131 52 -88 134 -178 -85 -159 196 95 -144 100 164 -110 -59 72 -184 -53 -95 -154 -120 -43 -154 -136 40 95 -149 85 -44 19 -124 169 36 185 -4 84 -190 -130 -36 12 -87 -186 184 -183 23 -125 75 51 9 82 -44 -32 99 103 -96 9 -133 186 160 155 33 145 -15 91 -117 137 93 -186 -164 -87 -97 183 -145 4 85 33 162 -71 -29 -74 -60 146 106 -57 167 53 167 -57 36 161 -166 -67 158 99 -93 12 -54 -70 -30 71 -163 -161 -153 35 -58 -174 195 130 -169 61 145 3 144 182 -18 40 -53 6 21 19 110 -39 105 165 -44 -45 118 -182 73 -74 -36 60 -124 195 59 149 -183 -197 60 95 -120 -40 -137 136 3 12 72 21 147 -112 60 192 59 -80 -69 79 -177 8 56 126 -134 -144 113 -44 183 85 -131 34 -189 -149 159 179 122 -66 -187 43 -67 -191 102 -176
-101 -69 -3 81 87 -105 60 -181 119 80 77 -46 -41 -83 186 -80 128 -123 -152 8 -44 -59 -164 -107 -22 106 80 135 -170 68 66 -195 -135 -151 192 146 -190 -114 -63 82 -173 110 70 -100 185 -106 125 -53 -165 102 -49 -17 191 1 32 -143 158 -169 43 111 104 -56 103 -108 -163 94 -40 185 133 53 164 -64 126 165 -84 49 -27 -35 -188 134 -30 173 105 -146 -3 -28 -24 -172 -37 75 124 -151 -160 -11 -80 145 -148 136 170 -117 -32 56 84 -48 51 -162 76 162 -191 -27 -109 -128 -120 120 13 -144 -198 -128 1 20 -86 68 17 67 111 142 -3 177 -193 -62 134 133 132 178 -155 41 167 103 98 -36 169 130 18 -148 195 112 198 -164 -28 -59 -31 1 -116 1 -17 100 114 -92 -90 163 144 126 -8 -96 126 -17 8 -104 117 197 -35 172 76 17 168 -148 29 -164 -35 71 20 -127 -150 136 -198 114 -81 2 -120 -35 -18 -173 -110 -187 56 -69 165 -43 -185 184 178 -51 -159 -86 -20 28 94 -145 41 -133 9 -167 -47 22 -187 -49 93 -157 159 -140 -52 -68 -85 86 51 12 10 23 50 175 -12 42 153 170 99 -184 42 -35 -21 90 81 -155 -150 -62 -38 129 74 -176 162 200 193 111 -152 -141 -20 -171 -183 136 -124 184 -163 44 -14 60 -117 -88 -96 -38 -53 24 14 51 -134 134 143 93 -22 168 107 -173 104 -33 -159 133 -43 58 -26 148 -87 196 -148 15 -120 -116 -49 -27 48 54 41 -137 -6 -112 -119 140 -147 59 29 139 142 -98 -118 -193 26 -78 -28 166 -174 37 63 -113 -157 -66 200 71 -164 31 -72 -102 -121 -167 -11 195 197 63 123 176 -35 165 90 86 189 -129 -41 26 -143 48 -95 -31 111 159 -77 16 141 106 -185 -11 -32 -127 29 -102 -48 -153 156 67 192 -5 -91 199 -198 185 46 198 151 -145 56 120 -74 -68 8 -122 123 145 -94 -127 -7 -168 -175 -42 162 198 -144 -191 -55 101 128 194 -110 109 94 -191 57 67 54 171 124 197 126 -40 89 166 -98 -71 182 -74 -123 160 -147 -89 85 20 -164 54 -159 103 -14 -171 119 -46 137 95 110 -175 -63 -146 -22 48 -199 -19 38 20 -171 3 3 -84 57 103 -58 16 -44 -159 3 -88 -124 -40 115 83 189 2 198 186 -198 -115 169 -185 1 -30 89 15 -107 -50 143 -49 38 80 92 -166 159 -28 123 161 -193 -94 87 191 176 109 -127 -36 74 146 139 -140 166 190 -46 -159 72 -8 83 165
-170 68 66 -195 -135 -151 192 128 194 -110 109 94 -191 57 -169 36 116 -1 31 59 28 164 -88 -96 49 187 -123 122 -8 68 74 17 168 -148 12 10 23 186 -80 -117 -32 56 133 -41 145 -94 -68 86 163 -184 84 -35 40 -28 -24 -172 -124 -75 37 -151 -160 -11 -80 145 -148 136 170 128 -123 -55 101 146 -190 -140 -74 -117 76 -120 -56 145 -151 -198 -46 -185 198 -199 91 191 144 -198 -162 42 175 168 7 127 94 -95 -137 46 -119 171 14 -103 100 -70 -110 173 -148 26 -58 43 -133 159 33 -104 51 14 -18 -130 67 109 27 -16 -35 -89 -43 -185 184 -99 -170 -153 -14 60 -117 -198 -112 -195 148 173 -107 -168 22 -93 -143 -165 69 -56 103 90 92 -114 -100 17 -1 -98 -103 -167 -41 155 -178 -132 -63 -37 174 -166 28 78 124 -136 183 171 20 141 152 -27 -35 17 49 -102 165 53 -125 -134 134 -24 53 38 -176 -123 -63 -197 -195 11 167 121 102 72 -159 38 -104 -172 89 166 -137 -6 -112 -119 -139 -146 -74 36 -158 143 -32 -1 94 193 -161 -123 28 -159 166 -106 30 -1 185 50 107 -15 71 20 -127 -150 89 146 -105 -173 -167 -47 22 145 110 -139 -29 -59 147 -160 123 111 -133 -185 40 -94 163 108 163 144 126 -8 -96 126 -169 115 198 -186 -198 -2 -189 -83 -115 40 124 88 3 -142 -111 -35 165 90 86 189 -129 -41 26 -143 48 -95 82 -87 196 -148 15 -120 -116 -49 -27 48 54 191 -162 -76 162 -51 48 -84 9 30 -134 188 191 87 191 176 109 -127 -169 43 -143 80 -113 -157 -66 200 71 -164 31 -114 140 197 -165 -52 -68 159 -54 164 -20 -85 -159 -187 56 -51 -86 85 64 -164 -53 -185 126 -182 71 98 -41 141 152 3 69 101 -135 -80 126 3 147 -193 -200 -162 176 -74 -129 38 173 18 35 120 -136 171 -20 -8 17 8 -44 -175 -63 177 -193 -62 134 -5 92 -49 -26 193 118 98 -142 -59 -197 -124 -171 -54 -81 -133 -192 -67 -156 153 48 102 -29 127 32 11 185 -106 -57 84 -3 -3 -77 -198 114 -81 2 164 -29 -104 -111 -49 46 -190 -166 140 -63 -31 111 -164 -107 -22 106 110 62 -42 12 -175 -50 83 41 46 -77 -80 -119 181 -60 105 -87 -128 -120 120 13 -144 -198 -128 1 20 44 150 155 -81 -90 21 35 -22 48 -199 -19 157 -93 -67 -17 -28 20 86 159 51 -178 -184 42 146 -3 159 44 -16 58 -103 159 38 72 -8 83 165
-200 159 58 14 -45 99 85 134 -81 -180 -186 71 -59 -140 -26 122 181 -148 74 -90 34 -163 -164 74 -98 3 144 -52 70 -106 13 -27 127 -122 -129 -71 -148 185 -65 192 169 75 -172 19 -185 5 -8 194 -14 -128 -46 56 -136 192 -93 -141 -69 27 -92 -30 -98 -42 105 119 56 64 -192 -161 -160 -181 83 139 -118 120 100 -36 175 174 200 -125 -55 -86 -73 -116 -77 123 -93 136 56 110 -42 89 -56 -87 -16 71 164 -161 -196 110 152 92 -185 142 39 182 199 -136 -12 -148 -49 151 27 -182 7 113 192 34 -69 -26 -200 89 -72 -100 -171 137 159 -85 -80 -47 142 -200 9 160 143 172 15 184 -66 -183 -176 -159 -12 19 -36 76 -6 -40 -152 26 100 -49 -73 -99 -148 -1 12 8 31 194 113 48 -94 4 37 -136 146 46 -55 -97 178 -152 -148 89 -92 -86 195 65 13 -117 -70 -136 155 -64 185 -7 -99 111 -137 -186 -117 18 90 6 50 -118 104 95 167 195 72 6 -93 194 193 -168 21 -54 -152 -36 -79 -195 79 -119 -7 151 76 136 -79 128 -101 125 121 -117 -189 22 -32 -124 23 157 47 -171 -151 -197 135 -143 192 -96 2 -49 183 -110 23 -88 -134 93 -119 127 -77 112 48 -123 -144 88 151 -197 -131 35 62 -16 -152 197 -116 -34 34 150 169 70 34 188 -64 18 142 -4 191 114 138 107 -115 90 -56 45 -63 177 124 -127 -5 47 65 8 -68 179 37 -55 -60 29 157 -31 35 28 97 104 -86 -64 81 -88 68 -122 109 -106 149 -4 -102 183 -118 -82 -27 -168 100 161 -100 77 -199 -9 -45 103 112 -162 -147 -103 169 -174 174 81 -144 178 194 117 125 -149 61 158 51 156 -145 -165 143 -28 192 -154 175 183 -88 -18 29 13 110 121 91 175 185 -189 159 -15 -79 -27 103 -103 -93 -178 35 -134 125 131 112 165 -14 181 -28 120 -22 10 155 184 179 54 106 -66 -76 22 13 -4 -108 69 76 171 158 110 -90 7 22 -62 152 42 -140 95 38 186 69 -139 160 -63 154 -59 59 -133 145 -71 -79 123 -168 -42 153 66 156 -45 -17 -5 -32 -23 137 98 16 13 72 -195 -46 -77 -86 156 -117 48 65 82 -7 179 -146 -31 -83 -167 -67 101 167 -173 100 38 50 -200 -8 96 200 160 43 -143 -127 86 193 -161 165 -187 11 -185 -115 -189 -82 96 -21 85 -23 -153 194 43 -125 -72 -57 -195 162 109 10 84 -113 28 -18 93 182 176 -67 -80 -39 -62
-200 159 58 14 -45 99 85 134 -81 -180 -186 71 -59 -140 -26 -155 136 70 117 -13 -65 -195 86 18 90 192 -64 -56 -7 197 151 171 -47 -157 -118 120 100 -36 175 174 200 -197 152 16 -62 -35 77 116 73 86 -46 -152 -148 71 129 122 -127 27 -100 -117 -194 -178 -49 183 -175 -91 -121 -110 -13 -29 18 88 -10 173 -167 -101 67 167 168 161 -100 77 -199 -9 -45 103 112 -183 102 -21 54 -21 168 -193 -182 7 113 192 -50 -6 -161 -160 -156 86 77 117 186 137 -111 99 7 -134 93 -119 54 106 -66 -48 -112 143 172 15 184 -66 -183 -160 -9 200 -142 47 80 85 -159 -137 171 100 -182 -39 -142 -128 79 -136 -27 -13 106 -178 97 55 -46 -124 23 -139 -83 181 -117 152 40 6 -76 36 -19 60 26 181 -28 120 -177 63 -45 -131 -125 134 -82 -65 -48 -79 -168 -42 -23 110 185 -189 159 -15 -38 -100 169 70 34 188 -171 -76 -69 108 -106 149 -4 -96 82 -147 -103 169 -52 70 -160 128 14 -194 8 -5 185 -19 172 -75 -169 -192 65 -185 -22 189 117 -121 -125 101 185 -92 -152 -110 196 161 -164 -71 16 87 -12 1 148 -50 -161 165 -187 11 122 181 -148 74 -90 34 -163 -164 176 -67 -80 -23 -153 194 43 -125 -72 -57 -195 -191 4 -142 -18 64 153 66 -38 -95 140 51 156 -145 -165 143 -28 -115 -189 -28 113 -84 -183 -175 154 -192 185 -64 185 88 -35 178 93 103 -103 27 96 200 160 43 -143 -127 86 193 -8 -157 -29 12 159 176 77 -127 -179 -184 -155 -10 22 -123 -144 88 151 -197 -131 123 -93 136 56 110 -42 89 -56 34 150 -167 31 -123 79 71 -145 -179 135 152 42 182 -22 -7 90 200 99 73 49 -100 14 -165 -112 56 -90 115 -107 -138 -114 162 69 45 -156 186 109 16 13 72 -195 -46 92 -89 -148 -32 -146 136 -64 81 -88 68 -122 -17 -174 174 136 -56 -63 154 -151 49 148 12 136 -199 72 -119 -105 42 98 30 92 -27 69 141 93 -192 158 -93 18 162 -118 -82 -119 -7 151 76 -79 195 79 36 152 -86 -37 -4 94 -48 -113 -194 -85 -104 -97 -28 -35 -95 137 98 -89 200 26 69 -34 -118 104 23 32 5 81 -144 -2 96 -192 143 62 -4 -109 -139 55 125 -116 -34 8 31 -68 179 37 -76 22 13 74 -98 3 144 -61 149 -125 83 31 146 133 -59 59 27 -194 93 -6 -72 -195 158 110 -127 -5 -124 -55 47 65 8 -39 -62
6 -77 -40 -164 -45 -179 -67 108 -146 181 93 -51 41 -11 160 -142 97 -6 -15 -121 -158 -110 -185 156 -151 168 159 39 9 189 151 186 75 47 -147 103 66 -36 -154 128 175 1 179 -74 -110 -45 -37 -81 -152 168 141 191 47 140 82 98 -69 -102 160 114 -58 -173 -40 -107 30 187 -185 -18 -75 166 48 -31 -169 -33 -89 -9 22 116 -8 -79 -48 165 43 -130 -77 -196 -55 126 -187 -100 -133 -102 -156 -4 -93 -157 -19 70 -80 -44 94 -87 193 -57 -16 -20 -176 -77 -27 -54 53 -114 -43 -160 61 -120 -196 143 173 -79 -28 -72 135 -26 139 64 171 44 30 79 144 61 67 183 91 99 175 -165 -75 -47 -35 -5 128 49 130 -23 -167 113 -170 41 11 -154 170 -124 52 -108 -141 120 -104 14 -170 165 117 169 -63 -85 38 107 -55 109 -162 58 -188 35 144 192 -118 -96 -99 146 -57 90 -106 -71 -59 -173 151 -133 47 95 63 28 -84 -43 181 -168 -106 -134 178 -136 -22 155 -61 -174 20 118 -48 150 -194 172 -160 -3 6 -37 4 195 -150 127 -23 -63 189 81 -21 -141 -115 189 114 110 -134 -30 -124 -170 68 153 -12 -82 168 -123 -17 -114 138 159 58 -102 180 153 87 -120 -142 41 -147 -78 -74 191 132 -144 120 62 183 -170 147 104 -142 27 -187 200 -154 47 59 -8 -13 77 9 -56 61 33 83 122 -68 -30 -148 102 -25 45 -146 15 -182 80 -6 -24 29 89 -123 131 -163 -180 74 -127 -110 18 -122 52 140 158 159 68 -111 145 134 20 76 111 18 -75 40 174 91 -3 -51 58 -198 -194 88 53 -109 78 55 -5 -12 -99 43 81 98 79 -21 135 4 -69 -121 -104 -97 14 135 -128 -103 182 62 109 181 -137 -136 118 145 -108 99 168 -48 156 94 162 -10 122 46 -28 -200 -161 15 143 54 -35 -45 177 -192 -52 119 -40 27 -166 -37 161 -66 -65 -163 179 130 41 -177 -90 6 -74 64 -88 -125 161 62 131 168 40 -109 91 84 -1 83 94 -147 -198 6 -9 -28 -89 42 -77 -114 -189 -144 180 -187 68 190 159 158 -33 124 160 1 6 59 119 -31 108 -197 -114 -164 106 -111 116 -186 107 -8 -56 93 132 172 28 -124 -109 101 47 32 18 -11 -6 45 100 167 44 102 -175 -10 -128 -79 150 105 -138 42 51 -127 144 26 115 73 158 -195 172 161 -162 -48 87 197 111 172 -110 145 -164 36 5 138 178 42 52 -194 -1 -183 93 137 -137 142 -160 -132 97
6 -77 -40 -164 -45 -179 -67 -122 10 -75 40 174 -20 -61 160 43 114 -53 54 27 -84 -81 -180 74 -127 -110 18 -122 52 140 158 -118 -160 -3 6 -37 4 -124 33 -169 -117 -165 170 -14 1 -21 135 -63 189 163 -131 123 -89 104 121 63 28 -84 -43 181 -94 -156 96 118 -192 -144 -35 188 150 105 -138 42 51 8 -59 -47 154 15 -182 80 -6 -24 29 47 140 82 98 -69 -102 160 -45 -142 27 23 -130 -49 -128 5 35 47 75 150 -194 172 136 137 -181 -109 -62 -182 103 161 -66 -65 -163 -158 -110 -93 183 1 194 -52 -42 -178 -174 20 118 164 122 -68 -30 -148 102 -25 45 -157 -97 -132 -108 31 -119 -59 -6 -79 -98 -81 141 108 -52 124 -170 154 -11 -41 170 -113 107 58 79 -134 -145 111 -68 -159 8 -121 179 130 41 -177 -90 6 -79 -30 -44 -171 -64 -139 -167 30 187 -185 -18 -75 166 48 -31 -169 -183 -67 -61 -144 -74 114 17 123 -124 40 -119 -37 128 -135 -14 -144 120 62 -104 -108 57 -8 -79 -48 165 43 -130 -78 109 -53 -88 194 198 -104 36 5 138 61 -186 -151 -47 -75 -155 -70 19 89 28 11 -18 -32 28 79 -173 -143 196 120 128 12 -153 147 -12 -99 43 -30 -124 -170 68 103 63 -158 178 -136 42 -77 -114 -189 -144 180 -187 68 190 159 134 106 168 162 -18 -111 -76 91 -3 -51 58 -120 134 -110 -114 -189 115 -48 -99 146 -57 90 -106 -71 -59 -173 151 -133 47 95 69 -4 23 87 -120 -142 -109 -36 -154 128 175 -33 -61 -91 13 -127 144 26 -114 100 -48 165 -175 -99 135 -26 -100 -133 -102 -156 -127 150 -195 160 137 -137 -185 156 -151 168 159 39 9 189 5 -55 -77 -196 -55 126 197 -191 -191 -141 -168 152 81 -173 -40 162 -109 55 -107 -38 85 66 101 47 -72 56 -9 -77 -33 -89 -74 -22 -80 -44 94 -87 193 -116 -22 9 78 147 -41 27 -166 52 192 -177 45 35 -54 -143 -15 161 200 28 -46 -16 -20 -176 -77 -1 15 6 198 -82 168 1 179 -74 -110 -45 -58 37 115 73 158 -195 172 161 -162 -48 87 197 111 172 -110 -51 41 -11 160 -142 97 167 -93 -146 -200 187 187 -114 -164 106 -111 116 -186 107 83 94 -147 10 175 -102 -44 159 58 -102 180 153 -4 -138 64 -88 -125 161 62 -146 181 93 145 -83 -28 -172 -132 -93 56 145 -108 99 168 141 21 -91 -170 147 131 168 40 -109 -183 6 9 -6 160 -142 -132 97
-93 -7 -196 -52 -59 26 127 -40 -188 109 -13 -123 -78 78 -9 108 148 13 62 76 107 -75 -173 143 7 20 -87 40 30 130 80 -59 -156 41 179 186 3 163 184 -20 -160 -37 -181 8 -124 155 -163 121 -98 115 -39 -72 -110 5 8 -6 -31 94 -20 131 -188 148 62 92 -86 -112 -178 -72 -128 -195 63 -200 16 12 -86 130 -196 -181 -185 84 -104 36 -155 130 191 8 49 -40 79 45 84 136 -120 -160 78 102 -52 -24 20 -85 -7 142 -123 65 50 -38 -64 81 3 36 79 -8 -41 -177 104 -38 34 163 147 -106 28 152 125 122 -25 128 165 -21 144 -155 138 166 -58 -49 -100 -72 18 157 -84 143 174 -52 5 -153 -112 -38 -148 -107 61 -153 -77 169 78 -12 36 99 -7 118 -36 -138 -51 -65 167 153 -13 112 -192 83 -38 46 65 -110 -104 -68 150 -48 195 -66 -40 -149 88 52 -102 58 135 -173 -188 -140 -71 153 -101 -18 179 67 -36 -97 7 -28 152 97 -53 127 98 -139 -93 137 -75 -90 -83 -163 101 -123 156 -185 47 -17 112 -109 -94 71 151 135 -71 97 157 -138 -74 -136 -54 75 -75 96 -59 -9 -166 -114 -120 24 82 9 -60 -148 76 107 194 152 116 192 48 147 46 161 133 -119 20 -94 17 -123 63 173 -166 135 -56 191 132 5 60 -79 47 -15 47 18 115 189 -128 180 -7 173 185 -121 122 23 -85 50 22 -133 195 58 -110 9 -180 -196 32 195 -83 -117 139 -100 -44 3 191 135 -35 56 -53 72 127 -4 98 143 -17 84 70 -84 187 124 -98 -165 -9 41 26 44 -102 72 22 47 -45 -7 -179 149 -106 -186 9 -97 19 111 -179 -138 49 87 -91 137 -88 15 -66 14 -121 25 -184 100 -137 57 -183 -110 -70 175 69 164 170 149 75 70 185 -179 -93 88 -71 -170 196 63 -171 66 -168 54 -164 -171 -191 -58 61 87 -34 -45 3 24 -65 -170 -4 35 86 141 88 -159 -185 -23 146 108 190 12 -71 -80 -97 -178 30 63 -148 -115 -124 116 167 40 20 32 153 -61 -63 136 36 -156 199 -198 148 -53 -17 -157 -148 -140 125 12 -94 -31 147 110 139 -150 11 -149 167 162 -24 41 44 21 -184 44 21 -165 146 198 158 -95 -113 185 -143 35 178 51 70 6 93 -74 115 178 -38 30 45 -188 194 136 1 114 51 -72 141 190 -112 14 -141 -101 -91 -127 165 189 184 67 149 -132 120 -175 184 -53 -114 182 94 -115 -196 95 28 -181 -167 126
-93 -7 12 -94 -31 147 92 -86 -112 -178 -72 -128 -195 63 -200 16 37 181 -28 135 -56 -152 -194 131 128 -7 169 78 -138 127 11 -149 -28 152 97 -12 36 99 -7 -123 156 -185 47 -17 -132 -147 -48 165 -21 144 -155 -44 -41 24 -162 -167 -192 -116 191 80 -59 -156 163 -62 -148 -90 -83 -163 101 118 173 -41 12 -61 107 148 -22 -36 -138 -51 -65 167 153 -13 112 -192 83 -38 46 8 -9 110 -58 138 -17 84 125 -63 -30 178 97 80 71 -12 -137 93 139 -98 150 -132 -112 79 45 38 -50 -65 123 -35 -185 -23 146 108 190 -75 35 178 63 140 188 65 -196 170 71 -88 93 61 87 67 -36 -97 166 9 59 -96 75 -75 54 136 74 72 127 -4 98 143 -157 -97 71 -135 -151 107 -185 113 95 -158 -198 -146 165 -21 51 -72 141 190 -112 14 -141 -101 -91 -127 165 189 77 153 -86 130 -143 188 -106 28 8 -119 198 -199 156 -36 -136 63 61 -88 15 91 -87 -49 138 -139 117 83 -195 -32 196 180 -79 179 -47 15 -47 79 -60 -5 112 110 51 70 6 93 -74 167 40 20 161 133 -6 -31 94 -133 195 53 34 -164 -69 -175 -78 75 -107 -76 -62 -13 -148 -24 -153 120 -175 184 -125 -25 121 -14 -38 -56 35 -135 -191 -3 44 100 179 -111 -19 97 -9 186 106 178 -38 30 45 -188 194 136 1 114 84 -104 52 -102 -78 160 120 -136 -84 -114 -120 24 82 9 155 -36 -108 9 -78 -173 143 7 20 -87 40 30 130 46 75 70 185 -179 58 191 171 164 17 -123 63 173 -166 -48 195 -66 -40 -149 88 52 -102 58 135 -36 -3 -81 64 -181 -185 -44 184 -21 53 -71 153 -101 -18 179 -34 -45 3 24 -65 -170 -3 -186 18 115 189 -128 180 -7 173 185 -121 122 23 -85 50 -41 -177 -100 94 -20 148 -53 -17 -157 -148 -140 70 -84 187 124 -98 -165 -9 -66 171 -150 68 104 -109 -94 71 -76 148 60 -95 196 115 -94 -182 114 -149 179 7 45 -47 -22 -72 102 -44 -26 -41 130 191 8 -8 181 121 -98 115 -39 -72 -110 5 152 -184 100 -137 57 -183 -110 -70 123 13 -109 188 -139 -110 -155 124 49 -40 -38 -20 -196 184 67 149 40 -127 -26 59 52 196 -148 -115 -124 116 115 53 122 -25 -147 -163 170 149 32 153 -137 -66 -104 49 58 -166 -168 54 -72 18 157 -84 143 174 -52 5 20 -85 -7 142 86 141 88 -159 4 163 184 -20 -160 -167 126
185 -76 33 107 106 -114 11 9 -97 -156 -178 161 167 -124 117 -104 12 169 27 -29 -98 -148 -196 52 -14 22 -75 112 78 -137 82 3 -45 81 -74 -68 23 173 42 -103 131 -58 -122 135 -53 -34 176 -121 16 -162 -182 68 58 138 -120 106 -32 -142 156 -70 160 95 -9 -89 -155 -70 6 -51 -133 -172 175 -167 -125 -38 152 -142 138 152 -183 -91 -191 75 -64 167 -107 78 -114 88 -174 173 57 80 106 4 -167 -130 102 -54 114 95 165 150 -194 -62 -50 132 -137 36 89 2 -138 -31 -176 137 108 -58 -137 -18 170 76 187 -142 119 132 131 -120 133 -115 175 -134 150 101 -200 -82 -91 -188 174 -70 57 -102 143 177 95 122 -120 -36 74 47 17 186 -108 33 -168 -124 154 -188 121 58 141 -85 -43 101 -191 -66 187 -171 23 192 72 -113 -54 73 -111 -69 37 -15 -118 -101 169 51 -192 95 -19 -103 -114 33 -101 103 75 -10 -32 -35 187 -49 -61 -108 28 111 23 176 -89 -26 -34 146 145 -43 -100 -53 -83 -116 74 -168 156 64 -71 -121 -108 91 49 -126 -119 -78 -142 119 -59 143 159 153 182 4 -112 -155 -27 175 86 125 25 117 186 80 55 -48 156 64 -28 -141 -90 108 85 177 106 118 165 -149 -157 -109 -190 129 -138 14 91 162 -141 134 78 -40 6 -15 75 124 154 -49 13 -73 8 165 180 -174 -119 -84 120 118 145 -174 -160 62 -34 -161 -157 41 30 -50 79 9 -158 -72 -8 -25 98 11 -134 28 143 -104 -128 134 91 -113 -54 -80 -154 -18 -40 -103 171 -133 -5 140 137 -149 136 -146 156 -100 132 -85 -146 35 199 101 -22 196 -28 -1 -142 -172 197 114 116 97 -51 -115 30 90 -181 86 -182 -53 132 117 159 -171 -65 -21 -67 -30 47 -62 -10 172 -169 -81 -163 -53 149 9 -145 64 -54 127 157 104 110 111 70 80 -49 116 -157 19 150 -67 -34 -132 152 98 174 -7 -155 179 15 54 -58 110 48 74 -143 41 130 -200 -103 162 31 155 150 -126 64 129 43 139 -117 -4 -178 51 9 -185 7 -143 -107 -188 -131 -7 108 -147 -124 -136 -1 38 161 -115 -169 -150 193 133 -9 -74 174 -110 141 12 -172 -106 106 169 109 69 163 131 -65 -88 -6 95 -75 -46 -106 -68 -45 -40 -50 109 -47 192 -139 190 79 60 75 -54 168 140 24 170 9 -96 -7 -64 124 103 90 87 161 -15 -51 126 -172 -172 -179 138 -17 72 -94 74 -137 150 118 -43 23 -198 -38 44
185 -76 33 -141 134 78 -40 -198 -150 -165 -95 167 -47 -78 -142 58 -131 103 -42 -173 107 -167 64 -75 191 91 183 -152 -138 142 136 95 122 -120 -36 74 119 126 -43 -9 -79 -16 121 -176 34 53 -135 122 -159 -143 59 -196 22 -101 -155 -108 70 80 -49 54 113 139 -117 -98 -148 -196 57 -102 143 177 -146 156 152 98 174 -43 14 -52 70 -174 188 -192 95 -19 -103 -114 132 -137 36 89 2 161 34 31 138 114 -106 175 -134 150 82 3 61 49 -187 35 -155 179 15 54 -58 110 48 74 -143 41 -132 -161 178 62 -176 137 -70 160 186 -108 33 9 156 97 -9 -11 -157 41 30 -50 172 -126 51 15 -161 -87 -78 -7 -7 169 51 91 82 200 -101 137 -78 -112 75 -22 75 -10 157 -116 -80 -154 -18 -40 -158 -72 -8 -126 64 129 -131 -132 -119 142 -187 -76 -170 18 137 58 -108 -156 142 114 116 -68 23 -143 -107 -188 -131 -7 96 -9 162 -95 -17 -124 117 -104 134 91 71 -64 -156 168 -74 116 83 53 100 -103 190 79 34 67 -150 -19 -32 101 129 -138 14 91 -170 -24 -140 -168 54 -75 -60 -118 -150 137 -74 94 -72 17 -138 179 57 80 106 4 -167 -130 102 -54 114 174 115 51 49 -154 -124 -75 15 50 40 45 161 -115 -169 124 168 156 64 90 -181 86 -182 -53 132 172 -169 -81 172 133 51 -6 70 46 75 -95 6 88 65 -131 -163 -69 124 103 62 -47 30 67 21 65 171 -159 -117 -69 37 -15 -118 186 80 55 -48 -74 -100 132 -85 91 49 -145 -146 103 200 -130 -192 90 141 28 1 28 4 29 -27 -169 -12 -74 97 13 -73 8 165 180 -174 -38 1 136 124 147 -108 -7 -64 -109 -169 -106 106 172 -12 -141 -119 153 182 4 -112 -199 -35 188 -154 139 -192 47 -109 -6 -23 23 -111 -110 -104 -157 -127 54 140 137 -149 -152 38 64 5 133 -171 -150 193 133 160 174 -145 -118 -120 84 119 68 106 155 89 9 107 -98 25 -150 -155 -31 -162 111 23 176 -89 -26 -34 -28 108 -45 81 128 104 -143 -28 134 -11 115 -133 53 163 175 -167 -125 145 -9 -149 -50 33 -101 103 120 -138 -58 -68 182 162 -172 -173 174 -88 114 -90 -10 111 -73 54 113 -72 -194 -62 120 106 -32 171 -187 66 191 -101 43 85 -141 -58 -121 146 108 -125 -86 -175 27 85 177 106 118 165 -149 -157 -109 -190 -117 -25 121 185 -9 -51 178 110 30 -142 -172 197 43 -38 44
190 -193 -90 83 177 18 -55 -85 9 20 -14 28 67 -125 -41 -159 161 147 20 100 148 163 132 -122 116 186 164 -165 -163 -82 -135 171 -94 -188 124 -80 -51 177 143 74 23 -26 42 -172 -191 -158 51 98 38 -189 115 -71 -108 -180 -171 -16 146 -16 79 12 79 -152 194 -133 -173 27 87 -37 -166 -134 17 -74 151 73 -60 -129 171 -40 -12 -198 -27 190 181 133 -111 -65 -102 131 -7 44 69 -11 -190 -9 156 -145 -109 182 122 87 -142 176 -66 3 -88 -29 -195 -113 159 30 -34 -78 79 180 -107 34 -156 -119 83 -152 -188 161 -147 98 -180 -51 -141 -21 86 86 -13 -107 -10 111 60 -67 24 -185 -163 -25 147 -80 -163 -171 -44 -88 89 161 -187 -172 -17 173 -4 -31 -22 -196 -146 80 184 46 162 99 -197 128 106 176 -136 145 114 178 17 64 -80 4 83 93 7 190 65 17 168 189 29 -100 8 -191 -14 184 -129 -161 -16 44 22 -171 34 46 73 59 153 130 -161 -125 -139 35 -103 -157 17 -33 110 -41 61 58 169 17 36 93 -196 -151 -75 65 177 -2 108 -109 -36 11 100 104 -28 -55 129 -189 -193 -107 13 82 107 -188 24 -116 183 -63 -20 -82 -178 137 103 -73 161 115 58 -14 112 -89 -144 -34 -163 -74 -170 -120 7 190 -172 113 -72 -72 -77 40 101 -137 173 112 -68 26 174 -147 -97 139 175 136 130 -110 165 -127 -51 -6 -186 33 64 -25 -29 -149 163 -96 14 172 101 -36 -68 84 -139 -36 -149 -189 122 -40 -50 -157 -71 -186 83 56 75 13 -55 10 193 125 154 -123 -107 -18 27 -129 -17 9 -7 14 25 -68 -67 -53 164 -31 80 39 -200 114 32 -81 191 -57 -74 194 -189 12 40 -67 7 61 -50 -186 150 6 99 -183 168 -23 -106 64 63 -109 -124 -114 -189 -183 181 95 -36 106 -57 -70 -117 21 159 -35 81 -150 -126 21 85 113 36 -144 -128 -3 -11 -132 -81 -106 -194 -28 189 -29 -187 -64 164 172 67 -113 -118 -80 -158 -112 71 131 -109 -4 39 122 -6 114 -178 -114 -187 97 174 38 119 -184 -116 -61 -171 123 -179 -159 -94 10 149 100 -27 -154 106 6 -148 90 -31 137 -15 32 -3 -93 116 -138 -69 -61 -18 73 165 87 -100 -81 -138 -118 170 189 -15 -101 -75 -14 46 191 -59 -110 22 -152 -148 -181 130 -143 -17 115 66 -68 151 -47 -139 -68 2 -41 -100 -101 140 -103 190 6 -76 -92 -16 -177 -38 -184 75 -3 38 -123 110 -186 -122 -61
190 -193 -90 83 177 18 -55 -85 9 20 -14 28 38 -123 110 -120 7 190 -172 174 -2 68 27 198 -76 -92 -16 -177 139 -84 68 36 -138 107 -137 173 163 80 -154 -125 -193 -10 55 -13 -75 -56 -83 -152 194 -133 -173 27 187 29 -189 116 186 79 180 -107 -172 116 -24 88 44 171 112 -68 -31 137 -15 32 -3 122 87 -142 176 -66 -106 168 163 -170 183 -99 -6 -150 -12 33 64 -25 -29 -149 163 -96 14 -171 64 87 -37 -166 -134 17 -31 80 39 -200 114 32 -81 191 -151 68 -66 149 36 -38 -184 75 -3 67 -125 -38 148 -6 -106 154 -69 -61 -18 -109 -124 -114 -189 -183 181 95 -107 -10 111 60 -67 24 -185 -163 -25 147 -143 -17 115 -189 122 -40 -50 -157 -71 -186 -79 -12 -79 16 -146 16 171 180 108 71 51 98 38 -189 115 158 165 87 187 -60 27 -100 97 174 7 190 -175 -139 97 147 -41 -163 80 196 22 31 93 -196 -151 189 -15 -101 -75 -14 46 191 -59 101 -90 113 -35 145 114 178 17 64 -80 4 83 93 -118 -80 -158 -112 71 131 -109 -4 39 122 -6 114 -178 -114 -187 -149 -10 94 73 -161 72 72 -113 -61 41 -110 33 -17 157 73 59 153 -35 139 125 161 -130 80 -8 100 -29 -189 -74 34 139 47 189 -194 74 57 131 -194 -148 -181 3 -88 -29 -195 -81 -138 -118 170 -75 65 177 -2 108 40 -159 161 147 20 100 148 163 132 -122 -123 -7 14 57 6 51 127 -165 110 -130 -136 65 17 64 63 28 156 -145 -109 182 -93 116 -101 34 -156 -119 83 -152 -188 161 -147 98 -180 -51 -141 -21 86 86 -13 -36 106 -186 179 -123 171 61 116 184 -119 -172 -17 173 -4 -36 -17 -169 -58 65 111 -133 -181 -190 144 89 17 129 -27 18 107 -126 21 85 113 190 11 -69 -44 7 -190 103 -140 101 100 165 -164 78 34 -30 -128 197 -99 -162 -46 -184 -191 -14 184 -129 -161 -16 44 22 -171 -70 -117 21 159 -67 -172 -164 129 -82 -13 107 193 189 -129 55 73 63 -183 41 -100 124 -146 -103 -46 -34 104 9 36 -151 74 -28 159 -6 -50 -186 -109 -36 11 100 -103 186 168 42 -172 -191 -20 -3 -11 -132 -81 -106 -61 -7 67 -40 -12 102 -26 -188 89 -113 159 106 176 -136 81 -150 -9 -112 14 -58 -115 -161 73 25 -68 -67 -53 164 152 -22 110 -40 77 188 94 -171 135 82 -51 177 143 74 23 -26 -23 130 -144 -128 -82 -178 137 -122 -61
1 121 -78 183 -55 -185 17 120 -190 34 -123 155 165 -176 -87 177 43 -6 69 -115 61 -67 182 169 -102 -177 -177 64 -165 -153 133 -193 -68 -65 -145 151 -47 -166 199 -129 62 73 194 176 -85 -95 125 -184 -8 -176 62 -174 -20 -99 -17 96 -4 68 40 -90 -98 196 -126 -146 13 -99 -180 -87 99 -61 17 -26 110 29 -124 -67 -158 -130 -40 122 5 38 89 -51 41 72 -22 -190 75 48 -51 -168 33 -123 184 -31 58 -129 129 -33 -118 25 -181 -180 132 3 102 37 -51 -66 110 51 -192 196 -24 126 -151 -138 12 -37 108 44 103 87 -7 95 -123 146 149 -29 117 161 -142 12 12 118 -185 49 165 155 88 -8 -119 -185 -4 -26 141 -50 -70 106 94 -55 -83 -137 -105 -88 39 167 54 67 -75 101 -150 176 107 173 133 135 -37 -30 -42 78 145 -41 35 160 -74 138 -93 -23 -176 31 137 181 64 -64 -165 -58 -30 24 7 -53 103 199 62 -46 -180 180 91 -46 104 69 -71 55 175 178 -117 -34 200 -90 124 80 -49 -89 -33 -196 -132 -132 -161 140 48 -53 75 -109 40 81 -187 81 27 199 96 -109 -188 139 -14 -109 -47 -160 -131 -61 -18 157 52 -17 -6 -82 71 -151 -12 -4 160 3 131 186 -16 72 115 13 155 173 132 95 -146 -8 198 -50 -185 -197 -40 41 -170 66 -86 -139 84 -119 166 -21 -163 -166 -87 95 -147 83 74 196 -194 149 -95 20 20 138 -40 -33 62 -51 111 112 -142 198 113 -170 26 29 -74 -4 161 76 114 -141 -47 -134 -12 44 -122 -167 24 196 44 98 -32 -174 -13 -1 -31 100 192 -160 35 122 -157 116 -136 -153 145 125 -58 119 -191 -93 175 -68 -7 197 115 147 -98 -103 -138 -61 115 -40 6 129 -45 147 109 175 159 -17 175 126 161 -32 29 -110 -58 -55 -107 60 185 184 -194 62 -172 -187 -151 -193 96 73 181 68 -77 -142 128 -56 107 43 53 32 26 72 99 119 -151 -27 121 103 -35 141 139 2 -178 145 185 -70 105 164 -162 174 43 149 94 -54 129 -15 -16 -110 -42 -173 -187 -138 77 167 38 124 139 71 -135 36 80 -40 195 85 -22 115 -25 -23 -27 6 17 -34 171 -116 116 167 -56 -153 -163 112 105 73 52 -169 58 10 -155 -110 -105 -158 -134 136 -48 -134 -179 -49 85 -190 132 168 -50 193 -69 -18 78 200 -12 -29 -178 192 -53 73 75 194 4 151 -94 181 131 39 -19 -57 151 -172 115 157 -49 -114 -142 18
1 121 -78 183 -55 -185 17 120 -181 -180 132 3 102 37 -51 -66 110 51 -192 196 -32 -96 -123 155 165 -176 73 194 176 -85 -95 27 -132 -17 -6 -174 -13 -1 -31 100 192 -160 35 122 -157 116 95 -123 146 149 -29 -176 125 -58 160 47 109 14 -139 188 109 -62 129 -199 -193 50 -168 23 25 -19 -57 151 -172 115 155 173 132 -87 -124 -38 -167 -74 -4 -12 175 -68 -7 197 45 -40 195 85 -115 61 61 8 -88 -155 -160 4 12 -33 -83 147 -95 87 166 -60 107 55 58 110 -29 109 163 153 56 43 53 32 26 72 99 119 47 -151 165 3 -52 -73 -174 -20 -6 -17 96 -4 68 126 -55 -83 -137 -105 -88 39 -64 -181 -137 -31 27 196 -194 149 -95 20 20 138 -40 -185 -197 -40 51 -48 -103 -121 -35 163 21 -151 -135 36 80 -129 -6 -17 175 126 159 40 -65 -145 -49 185 -118 -12 -12 161 -142 -117 -40 122 5 38 89 -51 22 -72 -41 -190 75 82 99 -44 -108 37 -49 -114 125 -184 -8 -176 62 -105 -112 27 -71 -139 151 187 172 -62 194 -184 -185 141 139 2 -178 175 161 -32 -147 115 68 193 -133 153 165 -64 -98 196 -94 -106 70 50 -141 26 4 185 119 131 119 -191 -93 138 151 -126 24 -184 123 -33 168 41 -170 66 -86 -139 84 -119 166 51 29 167 122 -44 12 134 81 198 113 -170 26 29 -77 138 187 173 -43 -177 -193 96 73 142 75 194 4 151 -94 153 136 44 98 -31 169 -102 -177 -177 90 -40 -146 13 -157 -13 -115 -72 16 -186 -131 -169 115 -39 -131 17 -52 171 -116 116 167 -107 56 -128 142 77 -68 -181 176 23 93 -138 74 -160 -35 41 -55 -190 -34 -157 18 138 103 98 -147 -22 58 -99 -180 -87 99 -61 17 -26 110 29 -124 -67 -158 -130 107 173 133 135 -37 -30 -42 78 145 175 178 -117 -34 200 -90 124 80 -49 -89 -33 -196 -132 -132 149 94 -54 129 -15 -16 -110 -42 -6 -46 104 69 -71 -85 49 -33 -118 25 -190 -141 -47 187 -81 -40 109 -75 53 140 48 161 -43 -174 162 -164 76 114 34 -199 -74 62 -178 192 -53 73 -112 -196 -24 -67 182 58 103 199 62 -46 -180 180 91 69 -115 61 12 -200 -129 129 53 -7 -181 145 150 -101 75 -67 -54 -167 -64 -165 -58 -30 24 103 87 -7 -111 -166 -69 -18 78 48 -136 134 158 105 110 155 -10 161 -105 70 -185 -145 71 -151 50 -198 8 146 -95 -179 -134 -142 18
-114 44 -92 173 195 -128 -46 -194 178 134 -126 132 -171 160 97 112 -154 -96 -153 11 86 -98 8 184 -153 -60 -5 147 46 -17 -79 104 97 158 41 -17 135 -159 -103 22 -120 -199 72 109 -75 -14 -151 -7 68 -2 -181 158 157 -159 -146 143 -177 -84 -77 -164 17 14 11 -50 -176 -49 -19 -65 162 -27 -43 132 127 -108 1 5 6 -6 44 -183 147 86 -2 -167 138 -113 144 124 195 90 -35 -67 36 -57 -109 -199 -153 -126 -24 97 -19 -103 -184 -135 27 20 -3 179 -72 -9 98 -200 21 -160 81 -77 53 92 12 128 25 -119 162 -172 -46 -7 -136 160 -199 -127 -2 115 11 -58 -81 -6 81 27 -72 92 14 -191 -61 66 159 -186 99 -86 151 32 -182 39 -9 -75 189 -98 128 -165 17 -124 176 -15 28 141 177 91 -67 40 100 -119 178 -70 182 -76 -151 -144 -46 46 -125 114 48 -46 -139 196 117 16 2 134 -4 -171 -77 131 124 123 -146 -198 -24 -119 -42 132 188 197 -146 -198 83 -39 121 -153 -151 -2 -107 197 13 -185 179 -52 132 148 -15 44 -103 -129 -56 129 -114 -164 -161 49 139 -193 200 -117 144 -77 18 15 -104 121 134 -25 39 3 92 -130 -2 134 -197 -64 48 186 123 -1 -200 -145 -134 -44 60 -107 -110 -189 28 -126 113 -102 -17 175 53 -91 -139 47 -20 153 58 78 190 -94 -62 -155 -142 -46 25 -136 -142 -54 -169 -10 -200 -4 163 61 71 -193 -153 193 177 -200 -21 -98 -49 75 -44 186 131 5 187 106 186 94 -25 -79 174 98 126 85 13 77 -63 -135 -195 -184 129 197 73 -123 189 113 -14 -8 99 -101 135 199 -150 86 -153 -61 -22 169 3 193 -151 117 179 42 -107 125 -185 27 -40 -105 -139 109 49 9 147 -137 189 191 99 -56 -103 84 -96 11 151 -72 -170 -200 156 78 11 -147 149 171 -33 -90 145 95 -160 186 -100 -16 96 60 -160 -103 169 -14 -122 -114 -29 191 -33 -116 35 -16 -145 -197 -101 180 -16 -95 102 95 -73 162 130 -48 -6 193 -57 -80 -152 -153 117 148 104 -106 83 -85 -95 172 67 26 -128 75 -78 137 83 168 168 79 143 149 26 -34 -123 32 -108 33 114 107 -126 -179 139 169 60 101 169 -107 103 -38 66 -198 14 -33 -34 -127 87 -27 -131 164 -132 16 29 63 -23 5 -1 -58 86 -16 38 164 178 -72 28 67 -57 -174 -5 -198 135 133 134 61 163 188 185 171 178 90 -31 -128 146 -87 94 -39 -70 141
-114 -151 -144 -46 46 -125 58 78 190 -94 -62 -155 -142 -46 25 -136 -142 -54 -20 29 63 -23 5 -1 -185 135 199 -150 86 -153 -121 -119 162 -178 25 39 -83 171 4 41 -17 135 -159 -103 22 -120 78 -75 128 -26 2 151 172 -126 -60 -185 143 -177 -84 -77 -164 98 -100 -16 96 -176 -49 -19 169 13 -49 161 49 9 147 56 -99 -191 -189 137 -103 84 -96 11 151 -72 -170 -200 156 -79 174 98 135 184 103 19 -97 -14 -199 -7 68 15 -176 3 -17 175 53 -91 -139 47 -197 -188 -132 -109 -199 -58 86 -16 38 104 -119 -42 57 -36 67 35 -90 -195 -126 113 -102 92 -130 -2 134 -197 -64 48 72 137 -99 186 -159 105 130 -48 -6 193 -57 -80 -152 123 34 -26 -149 -143 -79 -168 -193 127 199 -160 -57 -174 -133 -135 -149 147 -11 -78 25 -127 87 -27 -131 164 -132 16 153 4 200 10 169 -146 148 -15 44 -103 -129 -56 129 -114 -164 -109 8 184 -153 -60 -5 147 46 -17 -79 104 -153 117 193 -139 -185 179 -52 132 -198 -77 131 124 123 -146 -198 -24 -106 83 -85 -95 172 67 -183 147 188 146 159 -157 -158 181 2 167 -107 197 86 -2 -44 6 -6 -5 -1 108 -127 -132 43 27 -58 -81 -114 163 61 151 -193 -3 -169 22 61 98 -86 -11 153 96 154 -112 -97 -160 171 -132 126 -99 11 -50 171 178 90 -31 -128 165 -128 17 14 -9 98 -200 21 -144 113 -138 28 141 177 91 -67 40 100 -163 -61 160 -95 -145 90 33 92 -44 76 -182 70 -178 119 24 126 -25 -146 17 -124 -39 40 -27 101 -134 134 145 200 1 -123 -186 117 200 -177 -193 153 -2 115 -186 -134 -5 -198 171 173 -148 200 -117 144 -77 182 -32 -151 -66 61 191 -14 -92 72 -27 -81 6 48 -46 -196 139 117 16 2 134 -158 -97 32 -191 18 15 66 -198 14 -114 -33 108 -33 -116 35 -16 -145 -197 -101 180 -16 -95 102 95 -73 162 -87 94 -39 -28 72 -178 -164 -72 151 14 189 83 168 -71 8 14 -113 -189 123 -73 -197 -129 184 195 135 63 -77 -13 -85 -44 60 -107 -110 -189 28 -124 -160 81 -77 53 92 12 128 194 46 128 -195 109 -75 -136 153 139 33 107 -126 -179 139 179 42 -107 125 -153 -134 -121 104 38 27 101 169 -107 103 -160 -103 -65 162 -11 -86 -34 -94 -186 -106 -187 -5 -131 -186 44 -75 49 98 21 169 60 20 -3 179 -122 -114 -29 39 -9 -75 7 46 -67 -70 141
4 42 112 -9 174 -112 180 -123 63 -172 68 -59 18 -159 -116 -123 -124 -175 187 15 38 -192 -182 184 -103 -116 189 -52 197 -60 121 130 -153 -131 -147 6 76 -172 -180 11 180 -198 139 -25 115 102 32 -15 31 -111 -187 -172 49 -170 -148 -50 117 -187 -139 -189 -95 81 -42 -3 155 136 55 -77 90 -94 122 -141 68 -18 80 -157 143 142 -198 -85 50 -138 112 119 -79 -159 81 -54 19 128 -19 110 -4 -134 129 161 162 -70 -137 -94 -171 -179 -15 -4 -141 -86 45 159 -128 -118 82 51 13 -73 -199 -169 76 -121 134 56 198 -1 -197 171 -118 11 123 -75 -110 116 128 -46 -129 -168 170 56 -111 -51 -143 -173 24 -179 -106 90 -167 48 -155 64 29 64 115 -46 -78 8 -122 111 183 -58 130 148 -102 -51 174 48 -143 166 19 -25 8 63 -22 -31 158 103 -148 198 -53 -38 -73 -25 -63 123 90 -19 102 111 -177 143 193 12 179 -116 4 -39 -111 190 66 -123 -147 -30 148 22 -2 -190 37 135 -191 168 42 -92 81 -99 -25 167 46 -61 -104 177 -45 99 -117 -165 21 -16 94 -190 -35 -147 -100 -64 76 87 -66 -17 80 -144 169 154 51 -69 -197 140 -76 -139 -94 59 -114 -49 -74 -127 22 -102 108 198 173 -34 -24 -77 -113 -150 90 -123 157 106 15 -27 -125 -37 -198 105 59 79 178 115 10 64 94 -84 -161 172 25 -138 -63 27 -119 -98 72 56 -100 144 -59 64 166 43 134 -48 -43 121 1 -62 42 199 59 108 -34 -105 -22 161 10 -159 93 -49 98 -148 -117 102 -26 -23 -185 -87 -99 191 -177 15 155 110 -58 80 98 -117 146 36 -127 -38 176 16 11 35 159 -92 84 -88 -160 129 -136 -87 197 -154 178 -128 51 -141 19 -64 57 -29 180 74 94 152 -152 -164 156 -128 -5 192 145 -22 -186 -182 -94 163 69 122 112 -153 -62 115 -188 161 -21 -195 186 -16 142 -78 -62 127 97 65 -116 131 -163 -177 -112 151 -16 86 114 -148 127 121 132 -48 184 116 7 80 -32 -168 -91 -123 193 115 -139 140 -76 195 -71 40 194 -190 36 -163 -184 11 -142 -170 -189 128 -99 -82 -162 -4 -158 34 -53 74 135 -146 -148 187 -62 11 -89 -187 -37 -125 -126 -141 -198 -199 -75 -187 70 -82 199 99 -137 -145 -68 -156 4 -123 98 -9 57 -67 119 -124 54 129 -52 153 12 89 28 -96 121 109 -117 -124 -124 -10 81 100 145 103 -136 -118 -64 33 106 56 -108 94 -172 66 182 -171
62 78 -142 16 128 -172 -178 154 55 -77 90 -94 122 -141 68 -18 100 92 -42 87 -66 -17 -30 89 -11 -102 117 -134 -43 -166 -64 59 -144 100 -56 174 124 -199 82 -70 187 75 -178 95 189 74 94 -119 -112 -51 -90 106 179 -24 173 143 -159 -35 -11 -16 -176 38 127 -36 -146 117 -98 -80 58 -110 -113 -150 90 93 -49 98 37 135 -191 115 -46 -78 -180 -11 180 172 65 -116 131 -163 -177 -112 -3 155 136 -112 180 -123 63 -172 68 -59 18 -159 2 -128 51 -141 19 136 -103 -32 -102 -115 25 -139 198 -166 143 -188 -97 -127 4 42 112 -9 -72 98 119 -27 63 138 -121 60 -197 52 -189 -88 -160 106 15 19 -25 92 -167 48 -155 64 29 64 168 -76 64 -129 -168 170 56 91 168 32 -80 -7 8 63 -22 -31 -4 116 177 -45 99 -117 -165 21 -16 94 -190 -35 -147 -63 123 -197 87 136 86 141 -193 -10 81 -10 54 -81 159 79 -4 12 179 187 111 102 -148 -69 -197 140 -76 -139 -94 59 -46 -167 25 99 -81 145 -15 31 -51 135 -123 -124 -175 187 -190 -148 -48 -43 -137 -145 -68 -156 132 -48 -190 111 39 158 103 -148 198 -53 -38 -73 -25 -100 46 -128 -130 -25 -156 164 152 -152 15 179 171 -124 54 129 -52 153 12 22 105 34 -108 -59 -199 -42 62 -1 -121 -99 124 117 -109 10 64 94 -84 -161 -22 -148 -110 19 198 141 126 125 37 187 -4 -134 129 161 162 -70 -137 -94 -184 66 -123 -147 80 -144 108 -56 -106 -87 -99 191 -177 15 155 77 24 34 -173 -198 -108 102 -22 127 74 49 114 -61 -104 -172 49 187 -117 50 34 -53 74 174 48 -115 62 161 -21 -195 186 -5 192 145 -131 -85 50 -138 111 -123 193 76 -121 134 154 51 -130 -163 90 -19 102 111 -177 170 142 140 139 -170 -148 158 4 162 82 66 -118 -64 33 185 23 26 62 -187 148 -96 121 -115 199 -186 -182 159 -128 -118 82 51 13 -73 -199 -169 115 -139 -11 184 -143 -189 128 -99 172 -94 169 56 198 -1 -197 171 -118 11 123 -75 -110 116 -153 -22 -128 -19 -198 105 143 142 -198 -67 119 116 84 116 103 -184 182 192 -38 -15 -116 -146 -121 -127 148 -114 -86 16 -151 42 -81 -79 -59 157 -80 -159 -123 157 129 45 125 27 8 -122 111 -37 -40 71 -195 76 -180 29 -57 57 -147 6 76 153 -112 -122 -69 -163 94 -190 36 58 -183 -194 -161 89 28 4 -123 98 -9 64 182 -171
162 129 73 41 -163 -124 -167 117 -48 3 178 -33 82 -184 9 28 -81 -51 145 -14 -128 -65 -2 47 -126 -8 -199 142 9 122 11 -19 -74 183 109 -63 -56 130 172 -131 81 32 -53 188 -45 -160 -88 162 -79 -68 162 -27 155 -102 122 -118 163 63 180 -106 102 136 -162 78 -150 -42 129 -103 166 154 154 41 128 -157 165 -12 148 72 120 195 -197 118 -196 188 61 -108 161 78 -38 -37 119 161 105 55 -141 -50 -198 180 189 -142 -75 -131 -106 -178 -152 117 -18 -162 -74 11 24 58 -108 -79 -39 -146 -31 24 -174 -140 117 53 -132 -155 25 137 -77 -166 27 -54 68 153 123 -28 132 165 -95 -41 -54 78 97 59 44 -40 -124 -122 -68 -129 -152 -4 -27 -56 74 106 127 29 125 -124 147 33 179 82 64 -119 -71 56 162 50 72 121 35 89 150 94 -48 89 112 182 -53 -147 -149 -152 117 -54 25 -23 200 -123 72 -175 76 -84 -4 -17 162 -44 -103 -62 -164 179 116 -108 200 80 38 66 85 19 192 4 -106 -155 -182 -4 -25 94 -117 -115 26 172 67 -109 -173 -185 -12 -153 188 14 -6 -91 -145 192 -72 -82 39 88 -73 116 -135 34 -144 -91 -111 32 -171 -146 -6 -110 -26 157 157 -57 -110 -36 137 32 -121 44 110 157 -101 -46 200 -110 -134 113 -14 92 129 132 181 -64 102 -178 141 -192 60 -190 127 -182 153 115 100 88 89 -69 -80 -122 -19 -96 61 -175 151 -187 -89 54 -78 -21 -176 -1 150 -146 -122 -179 80 -132 125 -79 -19 169 -2 -152 62 -84 -52 -56 -121 -41 -143 200 -6 -192 187 169 170 -155 168 -137 -23 19 36 35 -178 1 -51 102 103 -18 192 -157 -153 24 -40 -50 -65 -102 154 -147 -26 -2 -159 -15 -71 67 -140 -13 -109 13 38 -173 62 -75 -133 -154 132 178 62 -170 106 151 -109 -63 38 58 145 67 -160 66 -8 -38 48 19 -139 67 -66 -199 -98 22 185 -156 -36 -41 -66 169 124 32 -172 142 -153 -108 9 -119 131 167 184 -106 -193 42 -108 52 66 -119 59 -84 71 -144 16 -161 -77 -2 127 -194 -156 -14 4 145 183 -167 7 -32 -194 152 -97 -93 47 -79 -182 31 185 69 85 103 -29 -95 182 -94 194 28 164 -144 -155 55 41 190 -96 136 103 -152 -121 64 27 -2 -114 -2 -113 46 -51 184 162 -88 -1 16 -153 55 -153 -81 -94 13 -100 -193 35 64 47 -48 -83 -42 -154 -120 15 -134 185 -98 -98 -66 -46 -71 6 -199 112 106
162 129 73 41 119 127 -28 75 -62 173 -38 -13 109 1 88 -162 40 -24 153 16 67 74 19 -11 -122 -9 -142 199 8 126 66 41 36 156 -185 -2 -188 153 12 185 173 68 79 -162 88 160 45 -188 53 -32 -81 47 168 32 -172 170 -62 -178 -132 154 -19 -85 127 29 128 14 58 -108 -79 27 -54 68 153 123 -37 119 -180 198 50 141 -32 111 91 144 -34 135 -116 73 -88 -39 82 72 -192 -136 -102 106 -180 -2 -114 -42 129 -103 166 154 154 55 41 190 171 -55 -117 140 174 -24 31 146 39 166 77 -128 117 -54 -40 22 77 -131 119 150 94 -48 89 -150 1 176 21 78 -54 89 187 -151 175 -61 153 -142 -97 -93 47 -79 -182 31 185 69 163 71 15 -121 -41 -143 200 -6 -192 187 169 170 -155 169 199 -6 71 -132 131 75 142 -189 161 105 53 46 155 42 83 -38 48 19 -139 -153 55 -153 -81 -94 13 -100 -193 35 64 47 -48 8 -66 -167 -89 -35 -59 98 199 66 183 109 76 -84 -4 -17 109 -67 -172 -26 115 98 -185 134 -15 -65 192 -141 178 -102 -161 108 -61 -188 196 -118 144 -164 -28 -194 94 -46 200 -92 14 -113 134 110 129 132 181 -64 78 -38 -28 132 165 -95 -41 -54 -120 -72 -148 12 -165 157 -137 -25 66 98 162 50 72 121 -84 2 26 32 -121 197 -195 78 67 -140 4 152 7 -32 -194 169 -2 -152 117 67 -160 184 -106 -193 42 -108 52 66 14 -6 -122 102 -155 27 -162 162 -152 192 -157 13 -27 -56 74 106 -66 -38 -80 -200 108 -137 -23 19 -57 -110 -36 137 -1 178 -35 -36 -157 -157 26 110 -147 124 -125 -65 -2 131 -172 -130 56 63 175 -115 -153 182 -146 129 68 95 29 -103 -85 -124 -167 117 -48 3 178 -14 4 145 183 -167 -6 33 179 82 -155 -182 -72 123 -200 -124 -122 182 101 -157 -110 25 19 79 -125 132 -80 179 122 146 112 182 -53 -147 -149 -152 -41 155 44 -44 -59 -97 23 -100 -4 -25 94 -117 -56 71 119 152 178 106 -154 -120 192 4 -106 64 -51 102 103 -18 88 89 -69 -80 102 60 -190 127 -96 136 103 -152 -121 64 27 -122 -19 -96 109 -151 145 91 103 44 106 -162 78 -150 -2 -113 46 -51 184 -50 133 -9 184 -82 33 156 194 -81 -51 145 -24 -11 74 162 18 -145 -58 -38 63 -108 9 161 -16 144 -71 -159 56 52 84 -62 147 -154 -63 -163 -179 164 62 -118 116 -124 112 106
-95 147 58 2 174 20 -101 -180 167 75 -30 -159 30 71 -183 -103 -71 170 -82 -187 -145 -126 -181 -161 189 1 -89 121 -92 180 26 -172 107 -142 113 99 -189 17 -32 39 -170 168 51 -64 -165 -19 -160 175 126 76 66 15 -2 -34 179 56 -8 132 -116 -196 -90 71 176 52 117 -104 -63 -131 199 -133 -73 56 195 -159 149 -150 45 49 164 132 -35 -175 -186 103 41 45 -130 182 -42 -197 -105 198 -14 59 108 -80 168 197 6 -84 69 -81 -87 -156 23 -45 9 -20 -74 -53 26 -59 120 7 -127 -31 136 -113 149 -167 153 -91 -2 9 -129 -170 63 140 -88 156 -191 188 59 -47 33 -133 6 -64 69 -20 173 -114 -3 141 169 14 19 19 -172 192 -46 -176 20 -117 113 -77 2 183 123 -44 124 -160 101 -2 -64 91 -149 6 -50 101 154 110 153 118 -23 -121 -7 -49 105 -73 120 -42 -116 -54 19 198 72 -25 95 59 34 -82 -33 -52 -34 -118 -10 127 175 117 -184 -122 -149 -84 25 -30 -19 -173 -109 126 -177 6 84 -193 167 -36 90 -148 54 -156 -120 -29 34 -94 -30 -15 141 59 28 -189 147 107 -140 112 -165 132 35 124 -68 147 68 191 -35 -173 -81 -60 -195 114 149 48 106 -84 -80 -153 129 141 -87 -136 -74 14 177 53 -87 -45 93 5 -28 -74 -180 -119 4 55 33 -43 3 -94 75 -15 198 -43 -15 153 10 -33 121 -194 128 152 -15 -198 -52 198 59 -2 -191 -122 56 119 -133 -20 37 -191 -35 96 -24 -65 77 -172 -39 132 101 -41 147 -97 -122 61 -142 127 199 137 -184 -194 -97 -192 -144 -114 -37 102 -180 125 -73 159 -126 -173 -156 -4 -72 -92 -89 56 -185 94 81 57 133 -119 161 84 138 123 22 -148 70 -64 177 -135 30 54 4 199 -179 -124 167 172 127 107 73 21 -79 58 -135 -31 9 118 185 -83 96 -135 -93 12 143 -117 19 -97 -94 -27 -167 174 145 -188 39 83 47 -40 6 31 -195 -149 63 -94 -169 70 113 69 105 91 -18 126 -194 66 -98 -69 -92 -89 111 -27 66 -67 -61 -30 -72 -140 180 -73 182 -145 -107 -130 -90 65 -29 123 124 -38 -178 2 -72 153 -58 -134 -70 -84 -62 145 -108 -106 45 95 -74 -87 117 170 159 -129 23 154 -76 -32 -43 41 -96 162 94 69 -9 -42 91 -9 -119 -89 -174 -26 -39 -25 -3 157 142 199 -112 179 31 -105 -63 -33 -89 130 78 37 -1 -123 42 23 -138 38 32 107 89 -115 -153 -93
-95 147 197 6 -84 69 -81 -87 -156 23 -45 9 -20 -74 160 -124 44 -123 -46 -176 20 -117 113 -77 2 183 -192 172 -19 -19 -14 -169 -141 3 114 5 -28 -74 -77 65 24 -96 130 78 37 68 191 -35 -173 26 174 89 119 9 20 -69 64 -6 133 -33 -73 159 -126 -173 -156 -4 -184 -122 -149 -84 25 -30 -19 -173 -109 126 -177 -73 84 116 42 -147 189 -28 33 188 59 -47 168 51 -64 -165 43 191 -156 88 -140 -63 170 120 107 -140 112 -56 -179 -127 142 -61 122 97 -147 41 184 -107 -32 -38 -118 -9 31 135 -58 79 -147 68 -124 -35 -132 165 -8 -129 23 -91 -2 27 94 97 -19 180 26 -172 107 -142 113 99 96 -138 -84 -161 119 -133 -57 -81 -94 185 -56 89 22 -148 70 -117 -52 -186 103 -142 -157 3 25 119 180 4 83 47 -40 -6 -35 -175 170 -39 32 -17 189 83 -185 61 67 141 -87 -136 -74 14 -153 129 -66 140 72 30 -107 -127 -172 199 -179 -124 167 -39 188 -145 -174 -123 39 172 -54 -30 135 -177 64 -104 -63 -131 199 -23 -121 -7 -49 105 6 129 -9 -167 76 -194 128 152 170 -82 -187 84 -34 -59 38 -124 -32 -178 2 -72 153 -58 -134 -70 -84 113 -136 31 127 -7 -120 59 -108 -106 111 -168 80 -108 89 130 -45 -41 -121 89 -1 -189 -1 62 -98 -69 -92 182 -42 145 -26 12 -29 15 49 125 -176 -71 90 196 194 -126 18 -91 -105 -69 -113 -70 -122 56 119 -133 -20 37 -191 -35 89 33 63 161 181 37 -87 117 170 159 132 -116 66 -23 -42 123 -197 -105 198 -14 59 -50 101 154 110 153 118 -133 -73 56 195 -159 149 -150 160 45 43 -198 15 -75 94 -3 -19 175 126 76 115 -89 -137 -199 34 -94 -169 191 -20 -174 -2 -43 74 -75 -167 167 -36 90 -148 54 -156 -120 -87 -45 93 -173 -91 42 9 -69 -94 -162 96 -41 114 144 192 97 194 -101 -132 153 -153 167 -149 -138 73 21 105 10 -33 121 -154 -31 -179 112 -199 -92 102 -180 164 55 -59 -141 15 30 94 -34 29 -53 -177 80 -145 -126 117 -143 27 58 -95 25 -72 -198 -19 54 -193 180 101 2 -59 -198 52 198 15 71 103 183 -71 -30 159 30 65 180 -73 182 -145 -107 -130 -90 -95 175 117 -72 -92 -123 -135 -127 10 118 34 52 33 82 -106 -48 -149 -114 195 60 81 -39 4 132 149 -91 64 2 -101 -53 195 -31 -6 45 -93 -149 63 2 -15 -66 -153 -93
-157 198 -186 -142 -129 69 45 46 147 65 -22 -182 -175 185 -137 35 -136 153 152 -49 169 75 -11 -174 -125 -84 183 57 77 -88 -79 -49 -139 67 186 -170 -66 141 170 -92 147 -4 -155 185 184 -167 106 182 53 -191 144 79 -128 91 48 -42 17 -99 -195 18 -193 59 -44 -139 124 194 -186 49 -135 -7 -115 -13 101 49 160 -97 15 -169 -107 162 -34 -124 -48 -109 29 63 -179 111 -138 -161 9 -23 129 -68 44 -147 -11 -4 -197 42 128 -120 -190 -130 5 -160 149 14 -167 -23 -52 122 -186 -182 25 -115 194 128 192 -7 -151 -77 -175 -3 50 17 90 163 -68 152 64 -24 -152 186 -131 -122 105 -168 -101 -16 -76 12 84 -82 -78 16 -182 -107 90 137 23 -180 151 9 -149 -50 107 200 -42 66 -22 15 93 64 -8 -2 87 -67 145 64 -137 -127 -43 165 -104 154 -75 193 194 140 -98 -199 88 -39 122 13 200 37 196 -82 184 43 185 -11 147 -82 2 -76 48 -133 154 -81 -99 -108 174 -85 163 -63 99 114 -9 -152 -163 -143 -163 116 -186 -38 113 93 15 77 -154 -77 68 65 134 -91 80 -98 98 -82 131 -55 40 90 145 159 -4 -119 -97 130 179 -78 -117 -65 167 190 -196 -178 -9 -5 39 -119 108 28 56 66 19 136 -105 -18 -105 -100 102 -45 150 -81 195 156 34 -93 30 -120 -77 20 31 140 -82 -194 185 -78 -23 -109 -20 -139 -27 192 26 11 150 -127 88 -67 -188 3 163 21 -196 110 110 -92 32 37 67 134 -192 65 -186 -9 -181 200 -68 -178 22 -113 91 -175 93 40 -15 -161 -17 157 193 64 191 -122 41 118 -127 -168 -36 -198 119 -156 -163 137 56 10 -89 -11 -87 137 -91 -8 26 -129 160 195 -72 141 -44 -126 79 180 45 160 -160 -33 79 -181 -89 -184 11 148 -196 182 193 57 138 67 -183 28 79 -103 -135 111 -36 -99 -54 -190 158 191 -36 166 120 -112 -137 36 -161 153 4 -51 125 -161 -8 -180 -6 168 -74 -91 25 -101 -189 147 -64 139 127 124 -5 13 147 -135 -193 194 -123 188 29 -123 -78 -116 -114 -116 -98 117 28 103 -67 74 23 -10 50 13 -176 -56 -94 -82 -195 136 93 -15 -86 185 -179 -1 -131 82 -135 -20 -191 92 176 38 -161 155 19 -107 102 -181 68 -69 180 -121 -158 -196 94 -182 -73 -54 -21 -63 -131 -115 -41 91 189 -5 165 151 155 -30 43 -2 -157 -106 -99 -158 -185 -141 -16 -161 -61 -122 -83 4 -179 -162 -131 -8
-157 -115 -13 101 -64 -101 -16 -76 -3 -63 99 114 -9 -152 -163 -143 -163 116 11 150 -127 88 -67 -188 3 163 -66 -56 -194 115 -25 182 -2 -192 39 -119 108 28 128 192 -37 -32 92 -110 -110 196 -21 19 136 -105 -18 -105 82 -11 184 -57 -186 -126 79 180 -61 -122 -93 -151 180 -23 -137 -78 16 -182 -107 90 82 -84 -12 175 81 49 160 -19 193 -18 158 99 191 -185 -141 -135 111 -36 -99 -54 -190 158 191 185 174 -85 163 34 -162 107 169 2 -9 30 -150 45 -102 100 131 -55 40 90 145 159 54 73 182 -94 196 158 121 -180 -128 -133 154 -81 -99 -108 -11 147 -82 -15 97 -107 151 7 -49 169 75 -11 -174 -15 188 29 -123 -78 -116 -114 -116 -98 117 28 103 -63 -29 109 48 190 -196 34 33 160 -142 -129 69 45 46 147 64 106 157 2 -43 30 -155 -151 -165 5 -72 141 -44 -38 113 93 5 -160 149 14 68 -69 -79 -144 191 -53 -182 -106 167 -111 179 -67 89 181 -79 -102 -77 195 156 185 -137 35 -136 153 -82 -195 -122 41 118 -127 -168 -36 -198 8 4 -179 83 186 -194 -124 139 44 103 -79 -28 183 -67 -138 -16 15 -40 -93 175 -91 113 -22 156 -119 -8 -180 -6 168 124 50 17 90 163 -68 49 -135 120 -112 -137 36 -161 -101 -189 147 -120 51 -4 -153 -25 91 74 200 37 196 -82 184 -17 157 193 65 -22 -50 107 200 127 137 -64 -145 -86 185 -179 -1 -131 82 -135 -20 -191 92 176 38 -161 194 82 -140 160 195 -189 -91 41 115 131 63 21 -4 -119 -97 130 179 -78 -117 -65 167 -13 -122 -68 44 -127 -139 168 -105 75 -154 104 -165 43 -42 66 -22 15 93 64 -8 186 -122 52 23 -78 87 11 89 -10 -79 -49 -139 67 186 -170 -66 141 170 -92 147 -4 -155 185 184 136 93 194 140 -98 -199 88 -39 -197 42 128 -120 -190 -130 15 77 -154 -77 68 65 134 -91 80 -98 98 5 -178 -9 175 178 91 48 -42 -182 -163 137 56 88 -77 -57 -183 84 125 -193 122 131 -186 129 -26 -138 -161 9 -23 129 4 11 20 109 23 137 -91 17 -99 -195 161 -125 -77 20 31 152 -123 67 -87 -134 -67 -181 -167 -185 155 59 74 23 -10 50 13 -176 -56 -94 152 152 64 -24 -194 193 135 -147 -13 5 -124 -147 -139 -27 192 26 -193 -182 196 -160 -45 161 -161 43 -36 166 -7 198 -186 -148 65 -186 -9 -181 200 -68 -48 149 -76 -162 -131 -8
-7 20 153 -17 -177 -107 168 -145 -2 91 34 128 164 77 119 78 -20 151 132 108 -61 -67 -106 13 102 1 -126 98 -157 -51 -162 -191 2 -85 133 112 117 -60 161 -80 -21 20 25 141 1 129 -188 74 7 -47 -151 -171 -43 23 144 -64 165 -103 -78 196 -47 36 130 -101 -35 70 127 95 -148 185 92 -74 104 -48 47 117 -23 93 33 187 17 -93 -129 155 198 -79 -179 120 -22 -184 -124 55 5 -87 104 118 192 -128 111 -19 18 -83 -165 183 -59 -156 115 152 -49 -178 -117 -189 40 164 -87 7 -23 194 74 126 180 -154 -104 -167 -22 -16 -196 7 -173 145 37 79 120 -166 75 78 164 -16 -9 -121 -46 -152 -31 -1 -53 -168 37 106 110 123 92 -58 -132 189 -48 64 -168 -113 90 -96 -137 167 148 86 3 -102 -168 163 72 -178 -24 46 130 185 180 -34 117 -121 -72 -121 78 -51 39 64 -9 -173 52 -73 52 -21 -17 -27 48 169 -29 167 -140 -1 143 -172 -57 -104 -20 100 190 -100 50 68 165 62 -138 -51 165 123 181 159 -8 81 -101 -69 44 167 94 167 33 178 100 -119 -55 94 158 187 154 63 -135 84 101 74 46 167 8 -40 56 106 89 22 4 -187 88 190 -30 -111 -44 192 -168 55 172 -169 -40 -50 -89 125 71 58 150 46 139 154 183 -17 26 -17 62 20 -157 65 -141 -165 117 1 -32 -83 194 174 -196 128 -39 42 9 -85 173 143 58 -99 -181 48 70 173 76 -73 -79 79 -98 155 -2 -92 -164 -100 20 43 65 -159 34 20 -200 91 -11 -193 116 -189 -46 189 96 -89 111 123 -101 -97 96 21 -164 -94 8 134 107 -175 35 -79 -37 18 90 -6 -176 -81 157 27 -151 -17 122 188 -73 154 164 -93 186 -30 -81 119 191 39 161 3 -164 -10 161 1 -83 -9 -112 184 -124 -68 -197 57 -167 37 -53 -75 -13 -95 -25 -68 -70 133 -22 -97 -154 -111 -170 -104 100 -36 -174 -20 -116 -147 124 29 -64 -74 80 35 -143 -18 132 -99 116 -155 -51 -121 -193 -130 151 31 42 -188 -124 -9 30 -194 50 -127 -129 -163 120 -30 113 53 -77 -121 199 -134 -108 -93 50 185 88 116 51 94 -190 -81 -78 49 59 -124 -134 198 -176 47 -161 6 50 146 -121 156 -121 -27 -24 -32 -192 -111 -143 -198 175 -144 141 131 -182 -143 116 -128 41 -70 -81 149 1 93 -150 -70 81 -139 -26 132 -35 114 -121 -71 -150 -127 -41 154 90 -41 22 111 179 -33 -181 -145
-7 20 153 -17 -177 -107 168 -145 -2 91 34 128 164 77 119 30 -190 -88 187 -4 128 145 37 79 120 -166 75 78 164 -16 -9 -2 -92 -164 -100 20 43 65 -159 34 47 117 -23 93 33 187 17 -93 -129 155 198 -79 -179 120 -22 -165 90 -6 -176 -81 157 156 59 -183 -43 23 144 103 -165 64 -78 -155 -182 -18 132 -99 116 143 -172 -57 139 112 137 150 37 106 110 31 -116 -147 124 193 -2 191 162 173 111 179 -33 -178 -117 -189 40 164 -1 -53 -168 -21 -17 -27 48 -20 152 46 121 93 108 134 -199 -148 -116 -88 -185 -50 57 -167 -128 170 111 154 97 16 22 -165 -83 194 174 -196 -121 -134 198 -176 -169 174 -58 -132 189 -48 64 -168 62 20 -46 -150 -58 -71 -125 89 50 40 169 -172 -9 70 -192 44 1 129 -188 74 -39 -151 -17 143 58 -99 -181 48 -42 -27 115 79 -35 111 123 -101 -97 96 21 -164 24 73 -76 -173 5 -87 25 95 13 31 42 -188 -124 -9 30 -194 -94 -167 -44 69 101 -81 18 51 138 -62 -187 -158 -94 55 119 -100 -178 -33 -167 50 -127 -144 141 131 98 -79 154 -180 -126 -74 -194 23 -7 87 123 92 36 -100 104 -73 52 71 121 -114 -81 -41 154 90 -41 -154 -165 -68 154 164 64 -9 -22 63 -135 84 101 74 46 167 8 -40 56 106 89 22 111 -19 18 -83 167 104 79 -74 104 -48 20 -200 91 -11 -193 35 -143 -143 116 -128 41 121 -117 34 -159 -181 -123 -184 -124 55 27 121 -156 121 102 1 -126 98 168 -157 85 121 51 -111 -143 -198 175 -129 -163 120 -30 127 95 121 77 -53 -113 -70 -70 35 -151 -171 32 -1 17 -26 17 -183 -154 -139 -157 65 -141 -165 20 25 141 111 78 73 -46 189 96 -89 175 -107 -134 -197 196 -47 -93 -1 -149 127 96 -90 -80 -21 117 -155 192 32 -94 8 68 124 102 -3 -86 -148 -167 9 -81 -78 49 -104 -68 -70 -146 -50 -6 161 -47 -29 167 37 -53 -75 -151 130 29 -64 -74 -100 50 -20 151 132 108 -61 -67 -106 13 161 3 -164 -10 59 -124 -173 85 -55 168 -92 -185 51 94 -190 83 -1 -161 118 192 -130 -46 24 178 -72 -163 -184 -81 70 150 36 130 -101 -35 -72 -52 51 133 112 117 -60 161 113 1 140 7 -47 -132 26 -104 -20 100 190 80 116 -189 -188 -122 78 -51 39 -93 186 -30 -81 119 191 39 133 -22 -196 7 -173 185 180 -8 37 152 -49 -181 -145
-121 145 132 148 -10 -55 149 -18 4 -35 37 -81 154 -198 -4 -11 53 -105 30 -150 152 -75 -58 30 51 -66 -48 3 -98 158 -82 115 -59 -22 7 -109 195 132 -196 122 -74 -162 123 -188 -90 164 180 66 128 111 -82 -56 82 135 -133 -150 -94 45 169 133 -128 110 -111 188 162 150 -13 82 52 189 22 127 -196 -52 -61 -174 11 -60 -66 143 -158 -89 121 83 -190 -8 -179 107 11 -67 60 136 125 143 -6 131 91 172 183 95 -73 -129 186 5 -69 174 117 -21 36 -21 -146 -162 34 58 -200 82 -136 41 -154 120 -181 -61 -111 100 -53 -188 41 -157 32 112 -173 -87 159 -168 134 -159 77 -19 -193 -190 65 109 -161 -190 110 -39 13 -95 -143 154 -31 -80 199 2 -159 70 -115 96 160 -114 -95 187 -173 -19 -152 136 17 52 -135 -55 -60 -98 -77 -159 -145 127 -138 175 -11 40 109 -189 -149 -189 79 103 28 119 -98 -58 -138 180 -149 116 -99 -169 -99 172 142 198 -166 -60 116 173 145 -115 -79 78 175 -18 -2 -97 63 -112 -38 183 -27 -67 81 -55 -189 -8 -200 -10 -145 23 -161 -115 -68 -72 84 -133 108 136 -104 40 -123 -197 55 198 113 101 -87 -63 -152 -133 -14 -84 163 -94 19 136 3 -22 41 -133 97 69 -97 77 127 -87 -161 -90 99 -106 92 107 17 -58 -40 -7 61 -126 89 4 -29 -180 158 -155 -145 180 147 186 162 -147 119 -122 -14 -126 -61 19 173 130 78 4 46 97 14 -76 -101 148 188 -146 159 -141 -24 -144 63 169 -142 76 -131 24 105 -82 9 166 -44 119 -154 77 -69 -51 29 -173 -33 151 67 43 116 165 -184 181 -44 -12 -144 131 81 -24 154 176 175 178 66 -164 26 81 -22 122 -145 -188 -13 -57 -112 11 -20 -57 -186 199 -6 -180 178 198 68 -84 -9 -188 180 -110 191 -142 26 -121 156 77 -27 25 -189 24 -157 -161 73 -105 -190 61 194 173 85 -60 -27 3 -32 -43 -77 -101 -98 -83 -12 142 -145 66 -116 -125 57 -86 174 -109 160 -23 -26 -197 -117 14 106 172 153 19 -149 -159 -64 110 -55 32 125 108 -63 62 -159 -41 -186 47 152 -145 70 5 23 112 -149 -163 -24 -127 -185 -156 -89 -138 95 47 73 89 -28 60 -103 173 -181 -145 152 194 44 86 147 -8 55 -196 64 15 72 -116 152 -11 -19 -11 -28 101 173 78 -89 9 -71 137 -114 -143 -46 -151 188 -26 197 -161 99 -119 -137 -129 -200 -34 33 -113 24 -21 -12 186
-121 145 132 148 -72 -15 -64 196 -55 8 173 -29 51 69 -77 154 -119 -119 -137 -135 -55 -60 194 44 86 147 -33 151 180 -149 116 -99 -169 -99 172 142 198 -166 -60 -9 82 -105 -24 131 -76 142 -169 -5 -70 -24 -136 -181 -61 -111 100 -53 -119 147 -162 -186 -147 -180 145 155 -158 180 63 87 152 19 173 -187 -188 41 161 -109 14 106 172 -181 184 -165 -116 -43 18 -175 -78 79 115 -145 -173 -116 166 -44 -188 -148 101 76 -34 -47 186 41 159 -62 188 -144 114 162 -172 22 -81 -26 164 -66 -178 82 52 189 22 127 -196 -52 -61 -174 11 96 160 153 19 -149 -159 -64 110 -55 32 -101 -113 -198 -200 82 -136 41 -154 120 -58 5 -135 97 -69 -97 133 -41 22 -13 -150 152 -75 -58 30 51 -66 99 -106 92 107 17 -108 133 -65 190 -183 150 -13 -175 -110 128 -83 -121 89 158 -143 66 60 115 -70 159 -2 180 -110 191 -142 26 194 173 85 -60 -27 3 -32 161 90 -122 -91 -131 6 -143 -125 -78 -173 -101 -83 -12 142 -145 -57 -186 199 -6 -180 178 198 68 -84 -9 -188 -30 125 108 -63 111 -67 81 -55 -189 -8 -200 -10 -145 23 -176 -154 109 -189 -149 -189 -99 -97 123 -40 104 -137 71 -9 89 21 -36 21 -117 84 14 133 152 29 -4 -89 103 -130 -173 -48 33 -113 -110 190 -157 32 112 -173 -87 159 -168 134 -159 77 -19 -193 95 -73 -129 186 -40 -7 47 73 89 -28 60 145 -152 -61 19 -197 26 -188 24 -81 -131 19 11 -152 116 -10 -55 149 136 17 52 -163 -24 -127 -185 -156 -89 -138 95 61 -126 173 -181 136 3 -95 -143 154 -31 179 8 190 11 -67 60 136 -146 -162 126 14 122 95 -164 90 188 -123 162 74 -122 196 34 200 129 149 -112 -23 -94 19 -145 152 -114 180 66 128 111 -82 -56 161 87 -127 -77 -82 -145 -188 -11 53 -105 -18 4 -35 37 -81 84 117 197 26 23 -160 109 -174 86 -57 125 116 -66 11 -175 138 -127 145 -158 98 -3 77 -27 25 -189 24 -156 121 -112 -38 183 -27 -63 -197 55 -58 -14 -97 -132 -195 109 -7 22 154 -198 -4 -13 -57 -112 11 -20 40 -115 -68 -72 59 -115 77 11 144 12 -105 -190 61 -161 151 46 143 79 103 28 119 -98 -58 -138 67 -2 -133 -169 -45 94 150 133 -69 174 163 -63 -146 159 -141 78 4 46 -157 -161 73 44 -98 -77 -159 -82 -101 -98 28 107 -199 80 43 39 24 -21 -12 186
12 104 -68 199 190 -185 -5 -26 80 100 74 -165 106 184 200 27 -112 -148 152 -47 129 33 -113 -169 -129 191 -10 112 185 -22 25 -53 -145 -74 -57 -32 -96 50 48 199 -176 149 17 94 -100 -14 175 -119 -176 -134 152 77 -160 20 -99 73 199 -72 -76 97 26 -88 -85 -54 49 7 -54 159 129 192 187 159 -180 31 -117 -134 -2 41 -17 97 141 -93 -20 72 -58 -194 -177 -2 127 136 -25 -140 82 -83 -30 -166 -28 67 -116 -147 199 197 -133 -87 -171 -144 156 41 -135 -164 124 46 62 200 28 106 54 181 86 -164 6 26 -8 -111 -90 75 -183 196 88 148 42 -100 124 15 -85 -37 49 -197 -82 113 156 -185 53 -102 135 177 60 -190 13 -69 -48 -10 40 145 86 70 -139 -193 -169 -186 -162 -164 -158 98 163 -47 -86 147 -22 75 81 -51 -116 -113 -140 -55 168 -170 -122 95 74 -105 -20 -24 65 158 -100 -173 -92 -12 157 -147 -166 -117 -46 -33 118 -117 -53 -67 -164 173 -99 96 139 -10 -135 140 -179 159 112 25 172 -108 65 -144 39 -165 112 181 -99 172 113 174 -126 -23 -110 -120 133 -185 -7 186 120 191 -147 -176 -69 119 128 -8 186 -175 -24 -3 9 -89 12 101 175 59 -26 -98 4 -188 139 76 -54 20 -194 81 66 84 9 -8 -180 -153 -184 188 182 -44 149 104 -10 -33 -63 -78 172 6 195 -98 -37 168 -99 -66 -13 91 109 69 -13 -193 -71 99 167 -67 129 -40 -55 75 136 171 44 -109 -16 74 186 -52 159 -124 67 -169 -144 53 -179 146 -115 -75 -61 -131 -35 65 -77 132 -179 37 102 15 71 -82 -173 -78 -14 -47 192 -70 -100 -144 -27 8 -34 74 -99 38 44 17 128 57 130 -52 -102 -180 -109 14 6 85 -7 160 -152 -38 34 -183 194 120 185 88 101 -75 -88 50 -106 -88 -105 -27 -56 5 100 104 -166 146 102 173 -133 177 124 139 -63 51 -113 86 -13 -21 -115 75 117 160 -193 56 136 112 -98 188 80 115 195 -161 137 -50 -154 103 143 93 61 109 81 -200 -52 -138 139 -68 6 87 33 -52 188 109 104 166 179 -8 -61 130 33 77 -28 124 -104 62 130 -112 1 47 71 -46 198 140 -3 35 -125 -145 81 -110 182 155 134 -168 45 139 -87 17 33 -169 143 92 -92 -157 -82 199 -59 94 -137 39 116 -151 -64 70 -53 55 137 -40 -23 -18 123 104 170 -78 -163 169 -41 -107 152 123 94 8 -41 97 -52 31 144 146 13 107
12 104 -68 199 14 6 169 113 -33 -129 47 -75 -88 -198 195 -104 62 130 -112 1 47 179 -135 140 10 -139 -96 99 159 172 -108 65 -144 100 -42 -148 71 -82 62 200 -41 -107 152 123 -169 -144 53 -179 186 -52 159 -191 -120 -186 7 185 -133 120 110 23 126 140 -3 35 -125 -145 81 -110 -143 169 -33 -17 67 -116 -147 199 197 -133 -87 -171 -71 99 167 -67 129 -40 -55 75 136 171 -87 -6 14 100 -94 -17 -109 -61 -93 -22 25 -53 -145 -74 -57 -32 -96 50 48 -157 -54 -98 158 164 162 186 78 173 -46 -124 164 135 -41 -156 144 193 13 -69 -109 -112 86 -13 -21 -115 75 117 160 -193 56 136 180 8 -9 194 119 -186 8 -128 -119 -7 2 177 -84 -66 -81 194 -20 163 -47 -86 182 155 134 -168 45 16 109 -44 33 -52 147 -22 75 -139 -193 -53 185 -156 -113 82 197 -49 37 85 -15 -124 39 -165 112 181 -99 172 113 174 50 -106 -88 -105 -27 -56 124 -161 137 -50 33 10 52 -130 -57 -128 190 -60 -172 61 8 -179 -166 -133 177 124 139 -63 51 -113 -160 7 -74 -100 -80 26 5 185 -190 109 180 -52 -26 -6 164 -111 -90 75 -183 196 -152 134 176 58 -72 -88 -85 -54 49 -2 41 -17 97 141 -93 -20 -137 -55 53 -92 199 -72 -76 97 26 31 -117 -134 127 136 124 -147 -176 -77 88 -15 -102 -37 179 -132 77 -65 35 82 -83 -30 -173 164 -10 139 -80 -188 98 -112 -153 -184 188 182 -44 149 -180 -40 -23 -173 -102 -146 166 -89 3 24 175 -175 68 -139 138 -143 -28 5 100 104 194 120 185 88 101 -152 148 112 -27 -200 -184 -106 165 -85 -129 191 67 53 117 -118 195 -98 -37 168 -117 113 116 123 104 170 -78 -163 169 94 -137 39 116 -151 -64 70 -92 188 109 104 54 181 74 146 34 -70 -86 147 -157 12 67 94 8 139 -87 28 166 -41 97 -144 -31 -8 -103 154 -77 -33 -130 78 63 -25 -140 131 61 75 115 74 -99 38 44 17 13 -69 -48 -10 40 145 -166 -99 -66 -13 74 -105 -20 -95 122 170 -168 55 140 -81 -149 176 185 52 -76 115 46 -71 86 92 173 100 -158 -65 24 91 25 -152 -38 34 -183 -9 12 101 175 59 -26 -98 4 -188 112 -199 -73 99 -20 160 -69 -54 159 129 -144 -27 8 14 169 -102 135 177 6 33 46 -200 -82 199 -59 28 106 -18 51 -81 -104 -159 -187 -192 100 70 -192 47 -102 146 13 107
12 -49 168 197 -93 -84 -148 75 -28 76 -112 -190 160 -6 190 22 -198 -57 -160 -172 46 -193 196 31 -196 -184 165 -121 -98 61 -85 -158 143 123 119 -92 100 132 21 158 -26 -140 36 165 18 -84 26 131 53 -164 -125 142 29 198 199 189 -31 -26 -52 99 154 66 -141 3 72 -58 55 -106 -180 200 -153 -167 -182 -133 -156 50 164 -56 -143 -82 -135 167 -177 -111 95 143 -75 92 -17 -145 -140 -28 40 -127 -129 136 -129 -29 164 36 56 -172 -161 -50 -199 -51 134 46 65 41 -131 -143 -160 -85 -30 71 30 64 -130 -161 -161 107 48 176 38 31 -80 -130 13 137 -199 -110 123 -15 116 -2 -133 -11 -59 -184 -16 -132 101 -96 186 -5 -170 197 141 -38 191 -16 -137 48 -154 -129 110 42 -5 199 -149 132 38 107 -177 -173 -37 104 77 167 -167 39 167 130 6 -101 69 45 147 147 130 -136 -69 -85 -187 195 21 141 -133 190 110 -30 -135 113 -45 -124 -156 -142 -60 95 -44 -115 100 148 -141 38 -174 104 32 -9 106 75 88 -171 -141 -45 125 72 129 171 -13 94 -143 -73 10 126 -27 -7 8 121 -165 138 111 -91 149 115 25 -41 -40 -30 -74 -124 -189 -131 189 7 -182 -100 -136 178 -25 150 -129 73 -169 -44 101 -7 -24 9 -87 188 157 130 7 -97 -139 -194 163 -136 -128 188 128 37 7 62 149 -186 16 -69 45 -51 129 -108 130 190 -117 -55 -198 -96 -132 -105 -146 -188 160 -43 -88 121 -177 -10 96 152 -109 -79 -54 -73 142 -64 -134 5 141 -196 -41 -131 18 138 -196 10 -76 -160 14 -40 172 -130 -126 -52 171 87 -29 -94 172 118 -170 -22 -83 112 -47 163 13 53 -124 34 188 196 -48 34 187 -28 14 128 138 168 -111 132 46 -20 177 -175 -81 121 -58 -117 194 -172 87 -159 66 133 -183 -196 17 195 -104 -47 173 -109 -54 27 -22 174 107 85 151 -196 61 42 -192 -194 -173 -200 163 -67 70 38 52 43 92 -126 -70 -80 16 177 14 -139 -188 -156 191 116 -150 156 -175 -173 161 2 150 85 2 177 55 -26 164 -19 -101 178 74 200 -78 183 -55 -180 -38 -84 183 -69 -89 -31 -55 177 173 12 -174 6 -132 200 143 -29 8 129 22 180 77 -38 79 -124 -199 92 -167 -98 115 -152 83 174 -35 100 56 125 145 -177 -80 53 8 74 54 -63 55 161 118 163 104 92 -168 -163 178 176 -51 103 -19 -74 170 84 -90 -158 -95 5 139 -127 177 -52 -187 115
12 -49 168 197 -164 -125 142 29 198 110 199 124 -53 -13 -163 47 -112 83 22 170 161 172 -56 -36 -164 29 -25 -182 -31 -26 -52 -143 -95 -6 -130 -53 -140 -46 22 -198 -57 -160 -172 46 -193 24 7 -101 44 -55 -177 100 -97 -139 -194 163 -136 -128 -139 -107 -174 158 90 27 -22 -95 180 55 -183 177 -175 20 -58 -117 -35 100 56 -158 -21 -132 -100 92 -119 200 173 194 -187 -34 48 -196 -147 -45 -69 -44 32 -9 106 75 88 -196 -85 163 104 92 -168 -163 178 176 111 177 -101 -143 52 126 130 -172 40 -14 160 76 -10 196 -55 58 -72 -3 141 -66 -154 -99 11 133 2 -116 15 -123 149 194 -172 87 -159 66 133 -183 -196 17 40 -127 -129 136 -129 -178 -84 -131 -26 53 -93 -84 -148 75 -28 76 -112 -190 160 92 -126 -70 -85 -150 -2 -100 115 -38 -132 18 138 -8 -189 196 -45 -124 -171 -129 -72 -125 45 141 16 -174 -51 129 -108 130 190 -117 -55 -198 -96 -132 180 77 -38 79 -124 -199 92 -167 -98 115 -152 83 -45 69 -16 186 186 -5 -170 -161 173 175 -156 150 -43 -52 -38 85 151 -196 141 -132 101 -96 -19 -101 178 -170 74 19 -103 51 -167 135 -152 -96 10 177 -121 88 43 -160 165 -121 -8 7 27 22 -105 -146 -188 138 111 -91 149 115 25 -41 -109 -79 -54 -138 -128 -14 28 192 -42 -61 70 -5 -38 -84 183 -69 -89 -31 -55 177 173 12 -174 6 -130 -157 -107 161 161 130 -64 -30 38 -174 104 107 -177 -173 -129 -8 29 -143 -200 132 7 -38 191 -16 -137 48 -154 -129 110 42 -5 199 -149 -13 94 -143 -73 10 126 -37 104 77 167 -167 116 -6 190 -28 -188 -34 180 106 74 -52 -59 -184 -16 -104 -47 -73 129 -150 -7 -189 131 131 41 -61 98 121 -165 184 -156 -142 30 -110 -190 133 -141 -21 -195 187 85 69 113 -31 -196 9 -87 -63 55 14 -139 -188 -156 191 39 167 168 -111 132 -121 81 92 -17 -145 80 177 -145 -125 -26 -140 36 165 18 136 -2 -80 171 -141 -5 134 64 -142 73 124 74 30 40 82 143 56 -164 -50 156 133 182 167 153 -200 -137 -13 130 80 -31 -38 -176 -48 -188 -54 -171 158 188 128 37 7 95 123 163 -67 -71 30 85 160 143 131 -41 -65 -50 -199 -51 134 46 -118 -172 94 -62 60 -135 136 -130 -147 195 -148 197 141 -189 -199 29 -87 -177 127 -118 -161 -177 -164 26 169 173 -109 -54 -84 74 200 -78 75 -187 115
96 195 -189 45 -110 188 117 19 52 -94 -43 -133 -103 45 187 -59 -9 -138 -64 186 2 189 -60 150 142 183 66 48 21 131 111 -62 9 93 -195 -186 -101 -111 -157 47 53 54 -36 -200 15 53 154 141 -6 124 -56 -139 -115 26 -145 59 -43 -183 -101 -8 -162 186 10 121 53 196 -44 90 -1 -89 120 99 -15 -162 175 -98 -168 135 -35 179 -180 -105 -39 -172 70 -120 -19 -42 -124 38 -186 -53 142 65 162 84 46 -6 -127 66 -112 21 9 5 61 18 -68 130 100 1 190 176 20 -74 87 24 151 167 -147 137 -19 149 -150 -83 9 21 57 9 97 -74 89 -190 175 56 -45 18 125 141 12 151 -114 -100 180 42 -200 -181 175 17 26 47 1 -77 108 -180 -52 174 66 164 104 -68 50 185 -80 -169 -102 129 77 -35 -99 76 113 -113 200 -27 40 -2 -173 8 -14 -56 -156 109 82 2 -53 -4 15 -179 123 -8 -31 -42 178 -41 172 34 74 -197 54 -91 -7 155 -181 187 143 121 174 -86 76 -76 -104 -88 -152 47 -17 3 -137 106 -80 -46 -34 -26 200 -99 -107 -143 -160 145 -49 -92 -79 -1 69 107 126 167 -190 -1 -182 -23 180 -58 170 -122 174 -49 60 -159 101 -57 37 150 -162 97 188 -175 198 -189 -147 75 4 190 101 -79 -62 52 184 -155 -95 154 194 -12 -139 115 -97 -86 -104 -109 -190 114 -44 192 177 152 189 56 -81 -91 -33 181 -49 137 53 -47 -150 -47 -178 20 -45 78 70 29 -142 -11 141 -97 6 191 151 -21 -122 132 8 -27 125 21 103 126 -111 51 -86 30 59 -51 156 -162 -1 29 186 -176 45 -182 -190 -72 -140 32 165 44 -48 -71 137 145 -103 -62 -72 158 -106 -23 130 12 -46 103 197 -66 18 189 176 179 129 190 -84 93 42 122 102 64 -134 108 81 -75 134 -196 87 147 182 119 -93 40 90 -15 33 11 -145 -67 -128 -142 -30 88 -93 53 179 194 -57 -182 -171 167 -161 185 139 -106 -84 24 -61 139 107 -200 161 28 130 154 27 -195 -127 64 -191 173 5 -77 -108 -137 -174 139 29 -190 97 37 65 121 62 -112 -158 -106 51 -57 188 -171 50 -16 -108 25 -101 191 175 -29 -171 135 76 -84 -48 142 104 197 -53 27 1 -174 -86 -117 119 -26 -67 90 -51 182 96 -56 139 -27 104 137 -141 -96 37 -10 174 -164 12 151 -169 46 -101 -7 195 -81 -170 184 -89 -193 106 42 -194 160 -33 7 3 142 162 32 -26 15
80 -106 137 -3 53 54 -36 -200 15 53 154 52 -94 -43 90 187 47 17 150 47 -53 -137 49 138 70 29 -45 103 133 -40 -143 -187 181 -155 7 91 -54 197 -74 200 196 -2 -173 8 -14 -56 -156 40 -44 90 -1 -89 -7 142 128 67 -174 139 -145 137 108 77 -104 -164 -66 -174 52 180 -108 77 -1 -53 -121 -10 -186 195 -27 142 162 32 -142 53 186 -38 -86 111 -115 115 -97 -169 46 -101 120 99 173 -2 -82 -109 -162 -162 -65 -3 -98 -168 135 -35 179 -180 -105 -39 -172 70 -120 -19 -42 -124 174 -1 29 186 -176 45 -182 -66 18 189 176 179 61 -24 139 74 84 46 -167 -151 -101 -141 -19 -117 -188 110 -45 189 -195 -96 -84 93 42 21 -194 81 -195 -30 88 -93 53 179 29 -190 97 62 -158 72 62 -167 171 182 57 -194 132 9 93 -195 -186 -101 -150 -37 57 -24 -87 74 -20 -176 -190 -1 -100 -130 68 -18 -61 -5 -9 -21 112 -66 -79 -184 -52 62 -155 -95 154 -170 184 96 141 -137 -26 183 106 -139 -185 164 -174 10 -37 -89 -193 81 -56 -189 -152 -177 -192 44 -114 190 109 104 86 -151 -12 161 51 -59 179 -15 4 53 5 -68 -102 35 9 21 57 96 -56 84 66 48 21 -125 -18 45 -56 -175 190 -89 -57 188 -171 50 -16 -108 25 -47 -178 20 -45 78 9 59 181 200 -42 -180 100 114 -151 -12 -141 147 -6 -127 -101 151 -12 -139 37 65 121 62 -172 175 -7 197 -162 27 1 53 -46 -34 -26 200 -99 -107 -143 -160 145 67 -142 -150 60 -189 -2 -186 64 -181 33 4 190 -191 -6 97 -141 11 142 -15 33 11 122 122 -99 76 113 -113 -34 -158 -130 -28 -161 200 -107 -139 142 104 33 -160 194 -42 -106 123 -8 -31 -42 178 -41 162 15 191 -64 127 -97 -9 -182 51 -90 -49 -92 -79 -1 -175 -191 101 -47 152 88 104 76 -76 86 -174 -121 93 -119 -182 -147 126 167 -190 58 -180 23 182 1 8 190 -197 -103 46 19 -137 -112 -91 -75 147 189 -198 175 -188 -97 162 -111 -157 -6 124 -56 -139 -126 -103 -21 -125 27 -72 -140 32 165 44 -48 -71 137 145 -103 156 -106 51 -27 104 -119 117 51 -86 30 131 111 -106 -23 130 12 149 -150 -83 -77 -129 102 169 80 -185 -50 64 -134 108 81 -75 134 -196 87 -107 -69 -29 -171 135 76 -84 -48 129 190 174 -49 60 -159 -47 -26 -17 -175 -27 8 101 183 43 -59 145 -26 170 -122 154 -26 15
58 86 -76 144 168 -101 -60 -61 57 35 63 -143 15 -122 60 74 102 -2 179 86 -168 -53 -84 158 53 98 198 97 89 -72 20 -96 -94 -169 176 -162 4 109 -11 117 -133 41 103 -87 -85 168 -175 53 -127 163 13 29 168 51 190 11 69 37 59 -114 -200 -109 104 141 63 123 179 159 -91 140 -6 -111 179 -177 166 -104 84 -199 77 131 159 -54 -14 -24 -67 43 12 -145 -164 16 -29 136 152 199 56 -100 -10 -12 -161 179 -3 22 -81 -101 -46 167 13 -118 -84 -155 88 154 75 45 -44 -60 -98 100 66 8 -138 -5 -78 55 90 -107 147 178 58 -43 -83 89 117 168 -102 -10 -167 140 104 -180 41 -173 93 173 -165 -51 195 -68 -134 -92 52 -2 97 54 -142 183 -161 135 -85 39 88 11 156 4 9 -90 -65 33 200 -19 25 -65 1 53 -98 -13 -53 -187 46 -31 162 -137 -37 -83 81 -199 -106 -200 -103 137 89 -14 164 186 151 -174 -156 167 -70 143 99 110 -194 129 -157 68 130 -36 -82 -71 -48 31 -21 -31 -58 -15 -121 39 -183 -10 -163 103 54 -155 -103 -121 125 188 44 -100 -107 -50 176 -145 63 -114 12 -50 -89 77 62 59 -159 111 57 176 -150 71 66 -155 -99 -130 -5 -2 -181 -144 188 100 -191 -83 72 -96 172 -21 -5 -146 -192 -99 130 -74 -182 170 -37 -47 20 157 -97 172 36 -102 -88 37 199 -15 -106 -97 -191 -161 -158 168 116 187 -38 36 1 -127 8 -162 80 -90 -199 -26 -61 -135 187 114 -40 16 35 -113 38 -180 15 -122 -27 -178 49 -26 91 -16 -32 -145 -16 -57 29 78 -4 126 -137 92 178 -97 -90 23 38 -134 -15 184 173 7 57 150 161 198 47 87 -14 -194 -44 -152 -164 -126 -9 -73 -101 21 48 -123 86 -151 -92 -158 -119 -129 -120 -39 -22 -91 30 -18 128 91 191 -178 -33 -57 -156 28 -83 -26 162 -181 -125 43 98 -55 91 191 -198 -37 52 176 195 -34 -89 -113 -95 -67 -180 -71 -127 143 85 101 121 -115 -35 -155 -96 191 -117 167 -144 -40 124 146 50 -36 -145 168 93 14 -44 190 -53 -115 168 85 -24 -173 -17 -121 -108 63 -100 -75 4 -116 -47 13 -151 -140 -187 160 -142 -180 127 -132 26 -90 153 116 -42 128 172 -51 -28 -104 -38 67 21 -42 53 -102 -121 196 116 73 142 40 -194 126 -182 51 -180 169 50 80 102 -44 92 116 119 -78 -46 131 112 72 -162 63 154 -122 -48 21 181 165 4 -45 118 -182
58 86 -76 144 168 -101 -60 -61 57 35 63 -143 15 -122 60 74 102 -2 179 86 -168 -53 -84 158 69 37 59 -114 -200 187 36 -130 13 -151 53 -98 -96 191 -117 13 126 -182 51 -180 169 50 -98 100 66 8 -138 -5 -78 -121 -108 90 78 -119 -116 -92 44 -102 -80 60 -117 78 -4 -156 28 -83 -26 162 -181 -125 -151 -92 63 123 179 -48 -21 -4 52 176 195 -34 -89 -113 -95 -67 -180 -71 -46 167 13 -118 -84 -130 -5 -2 -181 -144 188 3 45 -98 120 129 119 158 65 -25 19 -200 -33 65 90 -9 -4 -156 -11 -88 -39 85 -74 -182 -40 16 35 -113 93 14 -44 190 104 28 57 33 178 -191 17 -161 -158 168 116 187 -38 50 146 50 -115 -35 -155 194 -199 -106 -200 -103 137 89 -14 164 186 151 -174 -156 146 5 21 -172 96 -104 -140 167 10 102 -168 44 -84 104 -178 49 -26 -26 132 -127 180 142 -160 187 140 -1 -141 152 199 56 103 155 -54 -55 48 122 101 -140 -127 -99 -155 88 154 75 45 -199 77 131 159 -54 -14 -24 191 -198 -37 -165 -181 -21 26 114 23 38 -134 -15 83 37 137 -162 31 -46 -183 7 57 150 153 116 -42 128 172 -51 66 -155 143 1 -127 -128 82 53 167 -144 122 -15 180 -38 -168 145 164 145 -12 -43 67 -91 -41 133 -117 11 -109 -4 162 -176 169 94 96 -20 72 -89 62 10 183 -39 -161 135 -130 99 192 167 -70 143 -8 91 55 90 -107 147 178 173 -165 -51 195 -68 -134 -16 -32 12 10 100 36 -102 -88 37 199 -15 22 -81 -6 47 -93 173 -41 180 -72 83 191 -100 -106 -97 -191 103 -87 -85 168 -175 53 -127 163 13 43 -58 116 -4 75 100 -63 161 198 47 87 -14 91 -159 -37 -47 20 157 -97 198 97 -77 89 9 126 112 72 -162 63 154 -194 -44 -152 -164 -131 46 -50 -73 -101 170 -15 -121 -109 104 -136 29 -16 36 -121 -101 -85 -36 142 -54 -97 2 -52 92 -91 -12 114 166 27 -83 30 -18 -71 -48 31 -21 -68 157 -129 -85 -168 115 43 -173 -184 81 -40 -142 -73 -116 -196 121 102 -53 42 -21 -67 38 -53 -86 123 58 31 -111 179 -177 -63 145 -176 -61 -135 187 199 90 -80 162 99 53 -39 -22 -91 89 -29 57 16 145 107 100 -44 -188 -125 29 168 51 190 11 110 -194 -24 -173 -179 161 -124 40 121 -172 90 97 -178 -92 137 -126 -71 150 -176 -57 -111 159 -59 -163 103 -98 118 -182
81 -141 -81 -147 -15 -136 37 108 130 -179 -144 14 191 157 -38 -158 180 -122 195 55 120 124 -160 95 148 72 110 -135 -131 -154 -97 108 125 -74 -150 -125 -136 -18 -27 1 32 -68 -122 107 -136 94 138 -183 -130 86 -173 -177 -57 187 189 102 -165 -115 70 -177 -80 -11 -194 -40 23 50 -195 8 127 -4 -150 109 135 96 -90 74 132 62 -88 115 180 178 52 -33 28 -177 194 200 -163 121 10 -190 -156 -178 147 169 29 -186 -88 15 85 160 187 -192 11 -98 152 16 42 -192 107 97 -18 -124 51 43 -16 -115 -187 179 197 75 -117 -192 -19 39 -81 58 8 -55 127 65 116 -16 -106 -179 -111 71 137 -148 87 -160 -115 -44 -6 44 179 9 192 29 -3 -98 43 -185 -94 -11 141 50 -102 -53 61 -11 -102 46 73 -80 -96 -100 105 -109 71 170 100 -123 108 102 -180 30 -62 -3 146 7 -164 -15 -168 157 74 -158 173 -116 3 186 72 41 -120 -66 -112 14 -175 150 79 -116 76 112 69 127 116 154 192 -142 199 -36 168 12 -16 -25 39 29 -4 102 -31 -29 -194 -36 -92 -179 179 15 114 -3 -102 14 -76 25 49 196 65 -100 150 171 149 137 -191 -123 122 -111 -3 30 -6 179 -104 -87 151 40 -62 -79 -159 -169 50 -199 -24 8 59 -12 -176 194 -95 81 -38 -80 73 65 -113 23 -160 -6 5 93 -27 -50 -37 143 -168 -183 -22 -96 116 60 -165 -44 83 136 166 -25 -151 -145 -43 176 132 -98 -107 -64 -158 24 36 -172 147 -176 -189 -71 44 160 -196 -165 -80 -84 -47 -162 99 -173 96 -199 -38 59 -193 80 -5 -178 -168 -168 19 -133 -174 113 133 -58 176 53 -193 189 -126 119 -175 -13 173 -130 108 99 180 -158 -180 -25 162 -48 85 28 -75 133 -189 98 -106 58 3 7 -37 -46 -89 83 -150 -149 -46 -16 199 -144 164 106 68 -120 38 -38 -39 168 -194 79 4 74 -152 17 95 -194 69 120 -111 -199 -179 39 51 -100 15 -196 86 -150 -72 150 111 10 83 -107 76 121 189 129 -25 -82 -57 26 41 -118 52 87 -144 91 -61 162 49 -124 -122 -107 -24 -125 16 -142 -46 -68 -127 112 26 58 -191 -149 155 24 -16 -79 -166 -84 -132 -1 -2 -155 138 -170 143 -125 -43 21 92 -175 -77 156 113 -175 169 -166 42 -152 159 46 -84 -134 180 -149 45 -70 166 -128 161 -186 -101 147 -93 -38 84 -141 30 -143 -131 -78 -96 198 -125 190 -195 -127 -169 -163 69 55 107 -45
81 -141 -81 -43 98 93 -106 193 -53 -176 58 -133 152 -74 -4 -79 4 -127 -8 195 80 38 -81 42 -152 -179 187 115 16 192 -142 199 -36 168 12 -16 -25 24 199 125 100 -161 28 -177 15 173 -116 3 186 72 41 -120 19 192 117 -75 -133 149 150 -36 -92 -179 179 15 72 150 -86 196 158 84 48 37 44 160 -196 -165 -80 -84 -47 -162 99 -21 50 190 -122 123 191 -137 -149 -111 71 -25 -151 179 9 192 29 -3 -3 30 -6 179 88 -127 112 26 58 -138 155 2 1 132 122 -180 158 38 -157 -191 -14 144 179 -27 1 32 -68 -122 107 -136 94 138 -183 -130 86 -81 58 8 -55 127 -18 -124 51 43 -154 -116 -127 -69 -112 -76 116 -79 50 27 16 -147 176 132 -98 -191 96 22 183 168 -143 -162 25 149 -104 186 192 -187 -160 -85 -15 88 186 62 -189 -71 -150 175 -14 112 66 39 58 -102 -108 123 -115 -44 -6 44 -195 84 166 79 148 -137 -166 113 17 -62 -79 -159 -169 -29 -169 -147 178 156 190 -10 -59 38 199 -96 23 -160 -6 5 111 -195 -46 -135 -109 150 194 -168 39 38 -38 120 -68 -106 -164 144 -199 175 -113 -74 -102 -53 61 -11 -102 -127 -169 15 43 145 55 120 124 -160 95 148 72 110 -135 -131 -94 -11 141 50 -18 -130 -108 -37 136 -189 -187 57 177 173 106 -98 189 -133 75 -28 -85 -156 89 -7 -146 91 -61 3 7 -37 -46 -164 -107 192 -42 -16 -152 98 -11 -51 -39 179 199 111 -120 -69 194 -95 -40 -151 87 -179 -171 -150 100 -65 -109 71 -74 -150 -125 -136 90 -118 52 -74 175 -175 -13 173 -130 108 99 180 -158 -180 155 24 -16 -30 180 100 160 -87 176 -147 172 -36 -24 158 64 107 -170 143 -125 -43 -3 144 -78 -96 38 93 -147 101 -168 -168 19 -196 -49 -25 76 -14 102 3 -114 150 111 10 83 -107 76 121 -180 -115 116 60 -165 178 52 -33 128 -166 70 -45 149 -180 134 84 -46 -159 169 -166 95 -50 -23 40 194 11 80 177 131 143 -30 141 132 62 68 46 55 -163 121 -193 80 -5 -178 189 -126 119 -92 -173 113 -65 -73 83 136 174 -46 -16 197 -105 100 96 80 -73 96 -25 -82 -57 26 41 -129 -189 -44 -194 176 12 -59 -8 39 29 -4 102 -31 -29 -194 -83 77 -157 168 15 97 65 116 -185 -154 -97 108 125 170 -16 125 24 107 122 124 -49 -162 -142 -69 163 102 -165 -115 70 -87 198 194 200 107 -45
190 -172 -156 -99 96 -31 140 -154 196 -143 177 -167 -196 -39 114 60 -181 -119 144 -90 -29 -161 82 -85 -68 37 41 21 79 -80 156 142 98 -66 16 26 -23 -183 188 130 -76 198 81 -38 145 57 86 -177 31 -129 -158 -127 -80 17 -10 55 -102 -184 136 -145 -89 130 135 -146 42 40 95 128 -43 -82 147 -30 -128 144 -71 -191 -92 -86 22 47 37 -41 63 113 -87 -33 35 -75 37 146 190 31 -49 130 37 89 33 -8 -60 -169 18 36 -108 112 -60 166 -51 -132 188 -102 -188 92 -113 51 167 -187 34 -106 164 165 177 46 -33 -106 100 200 -193 -12 -199 -38 163 92 -192 -187 86 182 -135 -36 127 -113 142 65 -42 -66 -17 58 -102 -141 132 199 -120 -179 2 24 -73 -124 -189 -90 -11 61 -76 -59 143 -73 64 -121 109 -163 -11 -50 -171 -158 -86 155 45 104 8 48 -64 23 -59 166 128 82 -199 -62 188 -25 -105 14 -179 62 177 -153 69 -119 184 198 134 143 -86 -150 125 3 -114 -195 6 -34 147 -4 112 -145 -176 -80 -198 149 -70 -152 23 88 17 177 -1 32 184 -87 64 -86 -29 -165 -38 -112 157 55 45 -191 -53 -19 71 -11 146 18 -150 133 -38 -103 -20 -26 -134 -199 -35 167 97 -54 124 28 -3 36 -52 -168 -11 -176 -99 -40 124 -133 -147 -60 -46 -13 -50 11 -73 188 61 -58 -5 -106 21 44 22 57 -196 -3 -146 -154 -34 -45 -140 85 -144 -179 40 -101 164 -191 -57 135 -3 -122 -89 144 151 123 131 -99 -62 -147 178 153 -49 81 -110 18 138 17 41 -68 112 -150 18 -102 29 -146 -71 8 -99 -144 -68 -155 -134 -118 131 -172 31 179 -179 -21 -38 19 -96 -145 81 -120 -127 -4 -184 59 188 -126 114 114 -111 125 103 164 114 9 134 186 97 69 -167 51 178 120 -69 -41 140 23 -134 -179 -192 151 -38 -128 -186 115 -97 130 125 -63 149 179 2 -154 121 126 -172 -2 171 -76 -15 -156 -18 57 -191 -175 -91 -185 -146 -102 127 -73 116 -101 -178 -129 167 89 -48 83 -16 54 21 -128 -104 -189 50 154 -75 121 188 -160 -50 -69 86 -126 -140 118 -21 -149 -97 29 170 -74 -70 85 92 -12 129 121 -172 175 188 164 -98 175 178 87 138 51 31 154 44 -176 -180 -133 103 -69 75 -39 -76 68 77 34 -157 -4 49 -106 -41 198 90 -78 -165 -173 -149 -70 -8 152 -71 146 -139 70 -179 17 13 127 -186 63 160 -5 -167 -115 112 105 8 -24 140 167
190 -29 -165 -38 -112 157 55 130 -97 -167 35 -37 -130 49 -31 -114 126 -188 68 39 196 167 -177 143 89 122 3 -135 57 191 -164 59 -23 64 -48 -8 -104 -45 -155 86 158 171 -189 -90 -11 61 -76 -59 -97 165 78 88 17 177 -1 32 184 -87 64 -86 187 -15 -156 -18 34 154 146 3 196 -57 -22 123 131 -99 -90 -29 -161 82 166 128 97 -149 -81 49 98 -164 -173 199 -191 -92 -179 145 -97 29 170 -74 -70 85 92 188 -25 -105 14 -179 62 177 -153 69 -119 -41 198 90 -23 152 70 40 99 176 11 19 -96 -145 81 -120 -127 -4 -154 -41 63 113 -87 -2 -179 -149 63 -125 198 80 176 -37 -47 -22 86 134 -23 -140 70 -179 69 195 114 -3 -125 150 86 -143 -134 -198 35 -75 37 146 -41 -37 68 85 -160 -63 186 -18 169 60 8 -33 -4 112 149 21 -118 140 126 -86 17 13 127 36 -108 112 -60 13 46 129 178 101 -116 73 -127 102 184 33 -184 -127 -171 -156 -99 130 135 -146 42 40 95 155 50 166 -51 34 -19 71 -11 146 18 106 -49 4 157 21 79 -80 -17 -138 -18 110 139 -71 146 115 167 5 101 -40 179 144 -85 61 -58 -5 -106 21 44 -151 -144 -154 196 102 -188 50 160 -188 -168 38 21 -42 -66 -17 58 62 -144 -10 55 -102 -184 136 -145 -89 96 -31 24 112 105 8 -152 41 69 164 114 -113 142 34 68 144 99 -8 71 146 -29 102 -18 150 -188 -175 165 177 46 -33 -106 100 91 175 191 -57 -45 -140 -188 73 -149 -70 -8 -130 -112 -59 158 129 -31 -186 115 129 121 -172 -164 106 53 191 -45 -188 -62 -12 167 -187 -132 -64 73 -143 140 -188 109 -163 -11 -50 124 73 -43 -82 16 -83 48 -89 -167 60 147 134 26 20 103 38 -133 150 146 185 -54 199 -82 -186 -134 -9 192 121 126 -172 -2 172 86 182 -135 -36 127 151 -38 -128 177 -86 -57 -145 38 -81 -198 -147 178 153 175 -75 69 -103 133 180 176 -44 -154 -31 -51 -138 -87 -178 -39 -76 68 77 34 190 114 -111 125 103 -120 -178 -51 167 -69 124 -133 -199 89 -147 65 179 -179 -31 172 -131 118 134 128 -24 -2 179 120 71 -144 128 30 -147 54 21 -128 -104 -189 50 154 28 -3 36 -52 -121 75 -124 183 23 -26 -16 66 -98 -142 -156 41 114 17 119 181 -60 80 -76 192 -92 -163 38 199 12 193 -200 -76 -102 -141 132 -11 -6 -121 113 -92 51 140 167
-174 112 -142 -5 -49 51 116 36 121 22 -101 -8 180 13 32 -25 -145 -168 -195 167 -112 85 -32 143 61 -199 72 101 21 -74 170 -183 86 -106 158 182 175 123 -101 -61 -56 -193 173 -140 -185 65 -88 -3 -174 -20 -133 177 -182 -30 120 -83 95 17 51 -181 152 -129 -37 -94 106 139 -160 -89 -12 -156 -122 -119 -178 53 189 178 -81 128 8 -184 60 168 -139 65 19 -183 -189 11 178 -97 -182 -99 75 157 -109 -72 182 93 -189 -195 -123 9 -42 13 -128 43 -196 48 -111 -198 -134 -191 191 -173 -34 32 135 -18 -165 176 -43 22 43 118 -193 -6 -3 -106 -54 106 -106 145 -161 -54 65 61 -186 -51 -17 -196 -190 -5 -108 73 172 38 90 89 124 -97 75 54 170 100 166 -103 52 -29 34 -10 -160 -130 39 23 66 -132 26 -193 121 -124 -44 -171 179 116 108 21 176 85 -61 86 -117 -110 -135 -155 80 129 -43 -90 -177 -183 -81 43 64 -196 42 62 179 81 8 -181 -103 35 121 185 129 10 178 -117 82 102 199 127 190 99 -3 186 -154 -194 -188 -124 93 58 -3 -2 -150 74 -184 -25 32 -65 57 -111 184 101 174 79 55 182 -194 74 112 -189 -65 151 118 41 -148 44 131 -75 -53 -83 179 -150 -80 22 -163 156 44 -141 67 -78 -166 -118 58 22 -104 -153 135 79 -140 10 -189 -79 181 -91 -155 42 63 169 -33 106 -147 70 130 -158 42 -79 -75 99 -129 -14 184 174 133 -165 -166 -48 -183 -149 -200 182 190 36 197 -178 37 -178 -9 -75 82 82 -100 -200 -135 -160 113 93 -128 139 112 14 -143 -141 66 -80 89 191 -11 -194 -107 174 4 -50 89 -80 132 195 159 -90 52 -138 140 -50 -82 111 -89 91 -52 119 23 75 -19 -62 28 1 -100 -158 -92 20 -99 -153 -67 -191 181 -90 -186 -61 -88 90 -18 -111 6 -188 44 90 178 96 153 -166 -83 -39 150 146 199 12 6 172 -50 -177 112 142 125 -115 48 -165 137 -172 -110 84 -30 -53 -76 31 45 -68 -98 42 -76 171 162 116 -196 153 81 -147 -90 -170 -152 1 -43 48 -68 -148 110 162 -183 163 190 127 -68 -132 140 -133 -179 -148 -128 65 57 -15 185 91 107 143 -90 -193 -90 149 4 -158 -125 1 -79 76 139 -9 188 60 13 10 174 44 108 111 86 -122 -176 -30 111 -183 -180 90 -27 -158 -13 -153 -195 -191 -182 -184 37 199 -23 -84 -79 -155 -131 99 122 163 -143 21 156 -120 -154 -147 -127 -50 -79 103
-174 13 -128 43 -196 -111 30 -153 -96 -178 -90 -44 188 -6 111 18 140 -133 -179 -148 -128 74 -133 177 -182 -30 120 -83 190 196 17 143 -158 -13 -153 -195 94 -88 90 186 90 -181 191 115 -125 -142 -112 48 166 20 174 3 88 -65 185 140 -183 -149 -200 -197 -36 25 -52 119 -82 117 -178 -172 -110 84 -118 58 22 176 178 119 122 156 -55 -79 -179 165 18 95 17 51 -181 170 100 166 -103 -43 48 -68 -148 110 162 -183 163 190 190 -145 -168 165 -99 -153 -67 48 -165 137 -10 -129 -185 91 -32 -13 -180 -19 -62 28 1 -133 29 -52 42 62 100 -50 -82 111 -89 -122 -43 -90 -177 -75 20 -140 138 -52 90 -159 -195 -23 -39 130 160 10 -34 -112 -139 128 -93 -113 152 132 -106 26 -193 33 181 -8 -81 -176 86 90 -143 -107 -91 -185 15 118 41 -148 44 131 -183 -81 43 37 -178 -9 -75 100 -82 -82 -102 23 75 8 101 -22 -121 -36 -116 -51 49 -12 182 -194 65 -174 -10 -13 -60 -188 9 74 -21 -101 -72 199 -61 27 -90 180 183 48 -111 -198 -134 -191 191 -173 -34 32 135 -5 -83 -9 123 195 -110 -135 -155 80 129 -174 -184 14 129 141 -44 -3 -106 -54 106 -106 145 -161 -54 65 61 -186 -51 32 -85 112 -167 195 112 -189 -65 151 -57 44 108 111 86 -121 -78 -166 -30 -25 32 61 132 68 -127 -182 -178 64 -196 -1 152 57 -111 184 101 174 85 -61 86 -117 189 -93 75 -189 -79 181 -91 158 -130 -70 76 53 184 -74 150 2 -194 -139 -106 -191 -182 -184 37 199 -23 -84 -79 -155 -131 99 122 163 -143 146 199 12 6 172 -50 -177 -173 193 56 61 101 -123 -175 -182 -158 106 -193 120 -156 -21 37 129 121 -124 -44 -171 179 -160 -89 -149 90 -154 -147 31 45 -68 -98 42 -76 171 66 -147 -76 79 -1 125 158 -4 5 -157 -75 99 182 97 -178 -11 142 -112 42 -39 150 -65 170 90 153 81 -147 196 -116 -162 -132 80 -89 50 -4 -174 -200 -135 -160 -54 67 -35 103 -169 -155 42 63 42 -79 -10 140 -79 -135 153 104 -166 -108 73 172 38 90 89 124 -97 75 -99 -182 72 19 -183 -189 -109 -65 139 -168 -60 184 -66 141 143 -14 53 189 178 -81 128 8 -80 89 191 -11 3 -58 -93 124 188 194 154 -186 3 -99 -190 -127 -199 107 116 108 21 -83 179 -150 -80 -43 22 -158 170 -183 -6 -156 163 -22 -176 43 118 -193 53 92 50 127 139 -79 103
27 74 -196 -167 35 4 67 135 -53 128 -36 160 87 200 22 -68 -121 -86 -188 149 -8 112 -81 156 -104 -43 156 -71 164 169 -57 123 11 -123 190 168 -188 124 137 122 142 29 7 -177 142 46 12 -86 75 -103 196 -91 -122 196 136 -199 -22 131 31 38 -194 38 189 101 74 180 105 -141 111 42 -80 -77 -60 168 68 -200 -157 -29 -86 73 -1 91 -18 -82 -146 36 72 83 65 174 46 66 118 66 120 -82 -155 22 -47 -108 -42 -88 -177 -118 77 -159 -145 -163 169 145 -44 -51 -164 -162 -109 -142 -169 152 162 -131 78 -44 44 -51 -66 54 26 66 -150 99 -2 -171 38 -188 -18 28 33 119 176 -186 -84 162 -48 -166 81 160 -158 197 199 122 -83 -107 31 -45 112 88 -89 171 199 174 83 -133 12 -121 -167 80 -118 -129 152 42 -40 56 67 103 161 105 144 -84 80 -191 12 187 -106 3 -90 -86 -110 -176 -88 -28 -97 67 -186 -17 95 87 -175 -38 86 151 70 -19 136 92 -132 -53 32 82 13 -21 178 -3 82 105 -124 -48 -24 -174 10 104 40 111 -91 173 -172 -63 18 -159 133 185 100 68 73 22 -47 179 160 46 -90 -14 63 95 -141 -37 -171 -181 -13 -9 -194 -56 -189 -36 168 111 -185 -118 -185 114 -14 -126 166 -71 -172 95 172 57 -147 -126 80 98 -123 -113 -134 51 -47 -194 132 -138 -44 48 -131 -137 157 34 -92 -186 163 140 134 75 -198 51 110 81 -135 49 18 66 147 -66 -164 -15 130 52 -160 179 -114 168 59 162 62 -21 14 81 -96 -160 -24 95 -149 125 -162 196 -124 -43 -25 -19 63 36 183 144 41 136 -173 -19 56 147 185 -105 7 -198 -151 163 -144 20 67 155 -92 163 -121 -197 -15 -91 -99 -14 176 163 -52 -7 134 -114 93 39 -85 162 196 -89 -128 -195 -117 98 -18 22 94 -151 100 50 95 -53 -200 -96 -23 89 -124 39 81 58 -89 -176 -133 -171 158 -111 182 -106 118 -176 -166 -184 178 -18 -73 75 -112 -144 -185 -105 -29 14 -84 112 60 -127 156 -61 -15 -31 -81 -182 196 121 192 -47 -1 197 161 -65 -1 -140 104 150 178 -57 -1 -75 -133 -107 152 -109 75 -61 143 96 198 166 -2 187 95 -84 95 157 114 -50 178 -167 3 -9 87 157 -85 -26 196 133 116 -189 65 -71 -113 -116 116 -77 14 -163 -132 -122 98 -119 52 88 34 191 121 115 110 -75 151 -173 -194 97 -23 -162 193 128 -45 75 -96 73 -119 5 -2 154
27 -111 182 -106 118 -176 -166 23 96 200 53 -95 -50 -100 151 -94 -166 -198 -96 -143 61 -75 109 -152 -75 -133 155 -92 -191 80 68 -22 -200 -87 -160 -86 -67 -56 40 -42 -152 129 168 -118 -131 -152 169 142 -177 142 46 12 -86 75 -103 196 -91 -122 196 -174 10 119 149 -95 29 105 185 144 112 -75 73 18 -178 -22 -166 193 -133 159 -18 -145 -169 163 145 105 144 -84 80 183 144 41 -88 7 109 162 164 51 44 63 172 74 -196 -167 35 -199 -171 -33 -28 18 188 -38 171 40 111 -91 173 43 104 -156 95 157 -42 -88 -177 -118 77 87 -175 11 -123 190 168 -18 48 -162 84 186 -176 -119 89 81 -135 49 18 66 147 -66 160 -52 -130 15 164 179 121 111 42 141 -105 -180 156 -71 164 127 -60 -112 84 -14 50 -114 -114 168 54 26 66 -150 99 -2 -104 52 88 34 191 121 115 110 -75 151 -173 -194 97 -82 -178 90 -3 106 -187 -12 -77 99 91 -9 87 157 -85 -26 196 -122 -147 179 160 46 -90 -61 -15 -31 -81 -182 196 121 192 -47 -1 197 161 -65 -1 -140 104 150 -71 -172 95 -45 75 -96 73 -119 5 -67 -20 144 -163 151 198 -7 105 123 -98 101 74 -158 171 133 176 89 -58 -81 -39 36 163 -121 -197 98 125 68 -200 -157 -29 -86 73 -1 91 -196 162 -168 60 -14 176 80 111 155 82 -120 -66 -118 24 48 124 -56 -189 -36 -65 -83 -72 -36 -7 134 -114 93 39 -85 -8 112 -81 84 -95 -187 2 184 89 -51 134 113 122 -83 -107 31 -45 112 88 -110 -51 198 -75 -134 -140 48 174 46 66 136 -199 -22 131 31 38 195 128 89 -196 -162 -149 188 86 22 -47 -108 -81 162 -137 157 -197 158 -160 -185 132 -138 -44 -163 186 92 -34 199 -185 -147 -56 19 173 -136 176 -63 14 -159 -161 133 185 100 68 -117 98 -188 124 194 141 -78 131 13 181 171 37 47 -124 24 160 96 -81 -14 21 -62 -162 -59 66 51 -44 44 -95 110 124 -18 -23 162 38 189 122 -86 -43 -25 -19 63 178 -167 3 15 -80 -151 36 -128 53 -135 -67 -4 174 83 128 -107 1 57 -156 169 -57 123 -38 103 14 -163 -132 21 -13 -82 -32 136 92 -132 -53 19 -70 126 47 -22 -73 -194 -9 -194 -105 -82 3 -146 52 -163 167 121 -12 77 -116 116 113 71 -65 189 -116 -133 142 29 -28 -97 67 -186 -17 95 -178 -166 126 14 -114 185 118 137 -57 -172 -2 154
-82 163 -1 -122 -21 -176 -200 -103 -105 104 -16 -10 131 73 189 -175 -46 41 -98 -35 198 -171 -157 -155 187 179 -21 -7 65 -124 -77 70 -114 66 -2 179 -65 105 158 -79 -24 155 113 153 184 137 79 -82 -140 -169 -186 31 47 -172 -31 175 -66 40 98 -126 -144 50 -20 -180 173 143 147 42 -65 -75 -77 116 115 -184 53 -24 -25 -36 -38 -44 141 -103 136 -170 167 -132 60 113 -118 -181 112 89 -51 55 147 12 181 75 -5 16 -103 -145 -114 134 -198 36 -175 -75 30 -8 -54 17 44 124 26 107 -196 130 -146 -116 103 -30 91 61 -59 94 -155 98 94 192 40 18 -133 -2 55 -167 91 -55 24 1 7 26 -128 26 -115 -131 132 194 59 84 3 49 39 33 29 178 21 -8 68 87 10 153 -156 72 56 92 51 178 172 53 20 -110 -146 -71 -154 -120 103 104 -76 53 -46 127 183 162 7 -131 143 35 -43 104 -41 -161 142 137 137 -179 -45 -92 -34 -170 197 -191 13 -78 188 -144 -16 -119 -46 30 -14 94 -169 -152 -184 -185 7 -138 -81 57 35 38 -158 45 49 29 155 14 115 -45 95 -90 190 140 123 26 4 -30 -156 -167 -144 -145 8 -10 123 -92 48 -100 -53 28 161 154 -143 170 36 -25 -104 186 -71 -132 -165 146 -39 12 55 86 186 -10 -18 -157 -41 15 111 65 195 -65 -7 37 -48 -32 123 72 -194 94 -194 -60 -5 55 88 146 79 -191 -180 86 -181 17 70 -99 -58 -124 -93 -6 -168 85 -189 135 -137 159 125 146 -113 79 195 -101 34 -179 -174 191 -165 -169 -29 -150 13 4 174 134 38 56 -145 141 148 -170 26 -116 22 -57 -102 -200 -163 -41 -11 171 91 95 20 68 -110 -34 134 44 -59 85 -45 160 89 32 -164 33 -1 111 101 -126 -77 -11 -200 68 82 121 -35 -143 182 55 164 62 -175 50 14 -157 -107 -21 101 -111 163 60 165 197 120 57 -133 -91 -112 48 48 78 182 -137 162 165 146 26 -157 169 183 -20 184 -135 36 -32 -178 -95 -143 61 -6 49 -75 37 -75 132 -88 -17 -101 145 -104 151 -158 -2 187 -85 24 -3 64 -162 165 -73 173 28 160 -186 147 174 60 87 79 -57 185 110 -50 -197 168 -31 -71 170 5 2 159 -98 191 182 -162 -98 178 -116 190 -52 39 125 129 138 -184 -124 67 -72 -44 193 -153 -58 118 9 152 -180 108 106 137 -193 -122 100 -66 -57 -198 -109 -46 82 -135 -14 -160 -163 155 199 120 -23
-82 163 -1 -122 -21 -176 53 -24 -25 -36 -38 -44 141 -103 136 169 183 -20 184 -135 36 -32 -178 -95 -143 61 -6 49 140 123 26 82 -79 -76 53 -46 68 -84 -59 -94 -150 -143 170 -2 187 12 55 86 114 -70 -175 -99 -58 -124 132 -88 -17 137 -108 180 135 -82 57 35 38 105 158 -79 -24 155 -171 11 41 163 68 -126 -77 -11 -146 -100 116 -146 -165 -162 195 -101 115 -154 -91 113 153 184 137 -104 60 87 79 -57 185 110 -50 -197 168 -31 66 -175 -14 29 169 -181 200 21 107 157 -170 71 -103 -145 -114 134 -198 36 48 -191 98 -159 -2 -5 -14 -140 -169 -186 31 47 -172 -31 37 -3 17 44 104 -145 101 -106 -193 -30 75 -115 -77 178 21 -8 147 -10 -18 -157 130 -200 -144 -145 8 -10 72 -194 16 144 -188 78 -13 191 -197 170 34 92 45 -179 -187 -155 98 94 46 119 -124 -156 72 56 92 43 -35 -143 131 -7 -162 1 -33 164 -32 -89 -160 45 -85 -50 -56 -38 -124 -77 -32 123 156 30 -4 20 59 107 -196 -41 165 -191 -20 -95 -161 -28 127 183 111 137 -182 -78 -48 -48 -184 -124 67 -72 -44 193 -153 -58 118 9 152 -14 -160 8 -122 100 -66 -57 -198 -109 -46 81 138 -7 185 184 152 169 -194 -132 131 34 -179 -144 -145 -50 175 -62 -164 39 -146 165 132 71 -186 104 25 -36 158 -151 -153 -10 -87 -101 -79 113 -146 -143 -132 60 113 -118 -181 112 155 14 115 -88 -55 5 60 194 -94 26 -44 -134 34 155 157 -138 -129 -125 -39 52 -190 116 -178 98 162 -182 49 39 91 61 -59 94 110 54 -163 155 199 -26 -7 -1 -24 55 -91 167 -55 2 133 -98 -35 198 -171 112 91 133 -57 -120 -197 -165 -60 70 -184 -200 -103 -105 104 75 65 -42 -147 -125 -159 40 98 -126 -174 53 103 -30 33 29 65 -195 -65 -111 -15 -86 180 191 -79 -146 -45 95 -90 190 -75 37 -75 -93 -6 -168 101 -111 163 -17 -55 51 -89 -29 -49 -45 175 -189 179 -65 -158 -46 41 -18 -40 -192 30 7 116 -16 -174 -178 -51 104 -41 -161 142 -24 85 -55 -21 -7 65 -134 -174 -4 -13 10 -103 120 154 71 146 110 -20 -53 -172 -147 186 -160 -28 -173 73 -165 162 -64 3 137 137 -179 -182 143 35 -121 -82 -68 167 123 -92 48 26 -157 -170 167 -173 180 141 148 -170 26 -116 22 -57 -102 85 -189 135 -137 -16 5 -75 -181 -12 -186 66 -2 -73 -131 -26 128 120 -23
130 -121 -1 57 156 137 -166 -198 50 143 -79 144 -20 147 55 134 -47 -115 9 -113 2 -123 -150 106 137 46 -90 -112 -29 172 79 -120 142 39 -169 -123 179 -41 -183 184 151 -63 -132 21 156 45 151 -8 -60 -139 68 124 43 99 27 99 -86 30 102 43 29 -191 71 87 -37 10 16 189 191 84 -102 106 110 -113 -47 95 48 -152 121 159 -142 60 168 -189 115 -3 94 85 -152 -27 -16 39 -157 128 15 -39 23 -154 -136 -79 -120 182 18 93 -69 187 -171 -189 -123 -187 -66 124 14 -32 160 54 -38 16 -92 -47 -91 157 152 -25 -125 74 87 -172 -126 92 -195 -173 161 -40 -58 -140 24 -182 -75 168 -189 -194 -161 -169 -103 -57 -192 -189 162 31 133 -54 144 -162 -127 -77 -164 -75 -55 192 66 72 -85 65 82 113 -145 -177 -187 73 74 48 9 44 5 179 25 -192 25 83 -122 -29 73 98 39 -155 -137 128 99 -192 -45 -150 27 -189 -141 -164 186 40 -59 104 170 -151 -1 -99 -68 190 -200 -12 12 151 -185 162 -41 15 121 -118 32 -157 1 -116 -2 -26 -92 -200 116 -152 -194 59 -108 100 99 -167 90 45 40 57 -22 -192 47 -149 -89 182 -130 196 -136 72 -176 -75 -159 155 -1 136 -103 -7 -169 -146 -89 -91 -47 -8 -141 -41 109 68 52 98 164 184 -108 192 -199 -3 123 182 -79 -188 49 57 -81 -194 164 132 -97 -90 -49 -67 21 -138 -169 -194 -161 16 -132 2 135 4 -174 45 108 -140 101 -124 152 -48 150 -139 51 -159 196 -27 -172 184 -15 187 -57 -161 -138 -193 -150 128 -59 -198 -196 -181 80 -2 -50 118 179 -40 27 -146 45 62 -184 147 -20 -59 85 -116 7 8 -153 71 188 20 128 1 -90 -182 -73 162 144 -20 195 70 -57 -82 81 183 113 90 58 -90 -162 -171 67 -23 -158 38 139 132 108 122 -48 53 -123 156 -142 155 196 98 134 -26 -152 160 -88 192 86 -193 -137 -2 -41 159 -52 7 97 160 -16 196 -90 -146 48 74 -133 163 141 -142 -111 23 116 -69 -139 168 -149 -87 1 -72 -71 198 -193 103 -73 -67 174 -8 -174 165 -44 -9 -11 104 23 -7 -133 -52 -51 -131 70 119 45 147 102 -175 -173 51 132 -84 109 -180 -182 -60 169 80 23 -184 163 -57 192 -14 -33 -175 176 -127 -129 81 190 -59 -121 -6 63 99 166 -34 79 152 6 161 -91 138 -146 -80 187 -119 40 -107 13 110 -23 62 -158 163 -93 64 -143 -21 -174 121 112 -185
130 -121 -1 4 -174 45 108 -140 101 -124 152 -48 150 -139 51 90 -196 52 133 7 -23 -51 -131 70 119 45 44 -158 152 -65 85 89 146 169 -103 -57 -196 130 -182 -97 -90 -49 -67 21 -138 -169 -90 -113 -183 -81 82 57 -70 -195 20 -162 -127 -77 -164 -75 -55 192 2 159 -122 -29 73 98 15 121 -118 163 -161 -66 -41 159 -52 7 97 43 99 132 -143 -106 150 142 -159 -121 152 -48 -57 -192 -171 99 166 -34 79 92 26 2 116 -1 157 -32 184 74 -68 190 -200 -189 115 86 -99 138 182 -24 86 -193 -137 113 -145 -177 -187 -188 49 57 -81 -194 129 127 -176 175 184 -15 -141 30 102 -122 -108 -132 -139 -87 162 31 133 142 39 -169 -123 179 -41 2 -123 -108 100 147 102 136 7 156 11 9 99 -193 -150 128 -59 -198 -196 -181 -92 95 103 169 161 194 33 14 -192 -57 8 -153 71 188 20 128 1 -90 -182 -73 6 108 -184 -164 -98 -52 163 -93 64 89 149 -84 -191 -189 -16 -10 37 -87 -71 191 106 110 -113 -47 -47 -91 157 152 -25 -125 74 189 162 90 166 -136 72 -176 -88 192 140 82 196 59 -40 -186 164 141 189 -27 150 196 98 134 -26 58 40 -161 -99 -128 137 155 -119 40 -27 -172 -116 7 -40 -45 -90 167 138 161 57 -187 -142 -111 23 116 -69 -139 168 187 -171 -189 -123 -187 -66 124 14 -32 160 54 -155 115 47 -134 -55 -147 20 -144 79 -184 183 113 -39 16 27 152 -85 133 -74 -48 146 -60 169 80 23 -116 200 152 6 72 -91 -47 -8 -141 73 -103 193 -198 71 72 -1 87 149 69 -93 -18 -182 120 79 136 154 -23 39 -15 -128 157 137 46 -90 182 180 -109 48 164 27 91 -81 194 152 -73 79 -3 22 57 190 -59 -121 192 -199 -3 123 182 85 189 -168 59 60 168 -12 12 -146 -80 187 -39 41 -162 185 -151 -75 9 44 5 179 25 175 1 -155 159 75 -160 -68 -109 41 -67 174 -8 -174 165 -62 23 -110 -13 107 94 163 59 20 -147 184 -62 -45 146 -27 40 -179 -118 50 2 -80 -16 38 -170 -104 -192 47 -102 -29 -43 -48 -54 144 -144 -162 63 67 -23 -158 38 -172 -126 92 -195 -173 58 -198 50 143 151 -63 -132 21 156 45 151 -8 -60 -139 68 124 160 -16 -104 137 -135 -2 132 -16 161 194 -192 -45 -151 -1 -99 84 -132 -51 173 -192 25 83 -112 -29 172 79 -120 53 -123 156 -142 174 21 -9 121 112 -185
-59 -152 8 -113 -184 -96 -124 120 68 -165 -132 -192 -71 177 -141 -49 -132 177 80 195 154 -67 -68 -121 -192 -144 21 194 -168 160 -161 15 -4 139 -8 -172 -66 -134 163 28 -89 -152 129 133 -131 75 -86 -1 48 91 -10 6 75 86 -167 142 -191 -148 106 -43 -36 55 -196 155 138 58 173 164 -88 4 142 62 -195 -60 -135 -191 56 55 -56 147 -116 149 -58 -11 88 -135 -80 -35 -165 184 145 101 37 -33 181 134 -8 61 -169 -70 136 41 160 197 197 -23 -160 -53 -130 51 68 1 95 94 99 -146 -133 76 132 -181 2 -122 -183 111 -164 -6 -95 -10 17 -187 -42 -99 -193 -151 74 -99 -28 166 -30 85 -143 165 -132 121 45 140 -43 -35 -123 82 -189 84 -196 61 71 172 -62 -85 161 -6 -40 -39 93 -146 -185 -74 137 58 95 117 -106 -102 -68 22 -133 137 -168 -72 -80 196 -63 -114 -147 -41 -38 117 -167 -198 81 124 -152 -97 -30 -181 -85 -169 95 89 -19 149 39 53 185 -115 143 -36 -145 199 -127 -148 -170 136 -25 49 152 -174 -112 192 97 -58 144 -142 22 199 -109 -19 152 54 -173 -36 -96 -13 -40 -46 -44 130 12 178 -38 138 -94 -107 85 -113 112 -82 -188 33 79 -36 117 -199 -161 46 70 -197 70 78 143 -169 147 65 119 -58 -111 -188 -52 -136 53 -165 173 -176 138 -89 11 38 -104 -84 118 -163 -194 -96 178 -187 44 -15 56 -54 -136 169 102 -3 101 -59 -3 -57 172 31 -65 -53 32 -119 -121 -171 -158 -133 145 126 93 -78 -46 -48 197 -118 -108 106 6 78 -44 -96 109 153 10 44 -31 -145 115 2 156 77 84 -154 176 77 -107 -186 -67 152 -81 14 -98 -120 170 149 -186 -85 -175 -33 -140 150 -25 -88 4 -65 34 184 -63 145 -103 88 -134 124 -181 16 86 83 98 -73 66 -132 -196 -76 -52 -46 -77 17 184 183 -169 200 -144 83 142 56 -81 14 -120 40 -101 -140 21 -116 25 17 128 89 -185 184 -101 129 187 40 6 -3 -128 91 -159 9 138 79 8 -198 -194 135 150 124 55 -173 14 154 4 189 -99 -63 157 -94 34 180 15 50 70 -10 -118 -36 -100 107 76 -126 38 141 -44 76 -191 38 144 -131 111 42 -14 186 -135 -129 -189 63 113 141 6 -73 26 8 150 119 166 -166 151 -141 179 -31 98 129 138 -148 -16 76 174 -51 7 -19 -24 -36 -85 195 20 43 -60 151 43 -75 111 -11 84 51 -163 200 187 22 178 -169 -48 40
-59 -152 8 -113 -184 -144 58 -97 86 138 -89 11 38 -169 147 33 175 85 -98 113 141 -160 -53 -130 -148 106 -43 -36 129 138 -148 -16 181 -49 25 15 -44 136 52 188 111 58 -119 -82 -188 33 154 -84 -77 8 -17 -25 134 -88 103 -185 -40 -39 167 -117 -102 -68 22 -133 98 -73 66 -132 -196 104 -143 -78 -70 197 119 -32 113 -85 107 -184 -34 65 -4 185 146 -93 -187 -42 -99 -193 -151 11 -111 75 -43 -151 61 -169 200 -166 28 99 -74 84 -178 43 -60 8 89 -28 -163 134 85 36 24 19 -71 -61 196 -84 132 -165 143 -85 30 -144 83 142 38 144 -131 111 42 -14 186 -135 -129 -189 63 -120 170 149 -186 -124 -150 21 -6 -40 -187 -129 101 -184 6 -161 85 62 -172 -7 -135 194 198 -63 -114 -147 -41 -38 13 96 36 -166 -119 -150 -2 -115 145 31 -44 -10 -14 101 -40 120 -14 81 -56 -139 4 -15 161 -160 168 -194 -14 124 96 -142 22 199 -109 -19 152 54 -124 116 -21 140 173 -55 132 -181 2 -122 -183 111 -58 -11 88 -135 -80 -35 -165 184 145 101 37 -33 181 134 80 195 154 -67 160 -75 -6 10 95 117 -106 -40 -91 -152 129 63 -80 73 -6 -8 -79 -36 -145 199 -127 -148 53 -165 173 -176 -3 -128 91 -159 9 138 -143 115 189 -167 142 -191 51 68 -165 -132 -192 -71 177 -141 -49 -132 177 -48 1 86 -75 131 -133 99 -146 -52 -46 144 192 121 68 35 43 -140 -45 -121 -185 -53 -39 -149 19 82 -76 133 76 -84 118 -163 -194 -96 178 -38 138 -94 -112 192 197 197 -23 191 -137 -83 -86 -16 76 174 -51 -77 17 184 183 -169 -70 -151 166 173 152 -174 72 168 -76 44 -141 -191 56 55 -101 3 -102 -169 136 54 -56 -136 170 -8 -172 -66 195 20 -12 -130 44 46 -58 -137 74 88 -187 -120 81 169 -178 -22 -187 -200 163 -51 -154 55 -196 155 138 58 173 164 -88 4 142 62 -195 -60 -135 -38 126 -76 -158 -133 -157 -126 -145 -94 34 180 176 77 -107 -186 -67 152 25 -150 140 65 -112 53 65 -31 -172 57 -70 -50 -15 79 -36 117 -199 -161 46 70 -121 -171 -107 100 36 118 10 3 59 -56 116 -147 149 -164 -6 -95 -10 17 -198 81 124 -152 -97 -30 -181 -85 -169 95 89 123 -41 -136 -26 196 68 1 95 94 89 -145 -128 156 -141 179 -31 98 -153 -109 96 44 -78 -6 -106 108 118 -197 48 46 78 -93 63 99 -189 -4 -48 40
-147 130 -54 -33 11 -76 -76 -145 -97 -165 108 22 95 -99 -93 -106 176 19 33 -178 -81 68 -189 -166 151 96 -169 -115 -138 -162 81 63 176 101 23 69 31 -72 140 -195 -185 52 193 -85 -141 -123 -169 -41 -23 -14 47 -184 -147 -15 -134 -125 162 80 -179 -60 138 137 37 51 100 160 -80 36 -130 58 161 -85 -96 19 3 -110 104 -110 80 -160 73 137 125 147 162 -62 65 -31 -99 161 149 -171 -184 -106 90 -137 95 -25 74 -183 26 93 75 -147 184 114 154 -144 115 -145 -161 -159 7 -139 49 -126 -167 -121 -57 -138 -187 154 -44 128 17 -49 -177 200 -67 13 24 45 119 28 -122 14 -123 45 147 -161 74 -154 -132 -3 -158 -18 129 -18 -49 -186 -109 66 -185 -121 76 126 -168 -3 -124 72 -100 -191 -21 6 18 64 31 -107 40 14 145 -11 -146 -13 -185 183 103 36 -193 -138 -169 -18 -42 58 -61 162 171 -45 -45 -87 -107 -140 195 -35 31 5 -115 45 -40 -159 -105 128 197 44 100 154 54 158 -41 175 -24 -42 150 -46 -135 84 153 -101 181 -185 -191 -132 193 -113 -105 -63 -133 -30 6 181 -144 116 -50 193 -32 16 117 138 163 60 -54 94 -85 158 -186 -51 -65 55 185 114 41 -8 85 114 -127 -158 -127 -24 9 191 -127 172 -179 -114 96 -102 28 10 -108 -60 -35 -13 -193 -179 -149 -85 -99 -163 -132 -162 66 138 -139 -141 174 -54 71 -200 -108 -25 -43 -183 -157 -24 25 -34 64 -131 8 167 -165 17 170 -183 8 65 -165 -65 -165 64 53 -105 198 91 -84 25 -145 -155 -73 -23 -194 -45 -37 119 200 -56 22 126 20 -20 -162 33 132 -12 156 -46 29 -54 76 -127 34 34 90 45 105 -153 -47 159 5 3 -85 145 155 176 -90 20 114 -181 54 176 115 -103 -167 164 -113 -160 4 -156 -14 85 175 179 -188 -150 -169 -198 -79 -78 35 150 -20 -74 193 -26 125 -48 21 197 3 121 167 74 62 83 7 -59 162 99 55 113 -139 -28 -179 -54 -200 -8 -73 -26 -71 -10 54 113 69 -158 54 -80 -162 -96 190 -151 25 -117 66 102 -116 -126 -34 -90 178 -40 -196 113 128 -59 -96 23 184 -53 -81 -159 -135 -17 83 165 84 -74 -126 61 162 -105 2 53 -169 86 57 -163 134 -92 -21 -117 106 136 -138 -138 57 32 -13 140 50 187 173 -44 106 116 156 65 -194 -78 -178 -138 -173 23 48 154 -109 -4 17 44 -81 172 -155 -136 -124 -29 111 -101 71 118 -12 -23
-147 130 -54 34 34 90 45 85 -94 54 -60 -163 -138 -117 -16 32 -193 -193 74 20 -150 -35 -179 -54 -100 -44 -197 -128 62 64 31 85 -161 -58 130 -66 117 -43 -183 -157 -24 -184 147 -75 -93 -26 183 -19 -176 123 33 -90 20 147 -161 74 76 162 -45 106 124 -12 -184 -106 18 158 3 132 154 51 100 160 -80 36 102 -18 -6 99 -155 145 -25 84 -91 -198 105 -53 -64 165 65 165 8 65 14 23 -155 -99 161 -128 44 -154 96 -169 -115 -138 176 -41 -114 -185 -55 65 51 50 -116 144 -181 -6 30 133 63 105 113 -193 132 191 185 -131 8 -200 -119 37 45 194 23 24 -155 -136 -132 -176 55 113 -139 -28 116 156 65 -194 -159 -135 -17 83 61 -58 42 34 126 116 -95 158 127 -114 -85 8 101 -80 -162 125 134 15 147 124 -26 -123 -169 2 53 -169 86 57 -163 158 -69 -113 -54 10 71 26 73 8 200 154 54 158 -41 175 -24 -42 -81 162 -138 60 179 23 69 31 -72 140 -195 -185 52 138 96 59 -128 -113 196 36 -193 -138 -169 -18 81 -44 -17 4 105 -159 47 153 5 23 48 154 -109 158 -186 3 114 154 -144 115 188 -179 149 -171 156 -46 29 -54 76 -127 -33 11 -147 -125 -137 -73 84 -66 183 -170 -17 165 -167 -56 22 126 20 -20 -162 54 -80 -162 -96 190 -151 25 25 108 200 71 118 -114 -62 65 -31 -73 9 191 -127 172 -179 -114 96 -102 7 -59 -108 -60 193 132 163 99 41 -181 54 176 103 -115 -167 164 168 -126 -76 121 185 153 -101 181 93 99 -95 -100 -191 -21 -162 -10 -28 -83 -25 -108 165 106 189 -68 81 178 -33 -74 22 -72 29 -18 150 -46 -135 160 -80 54 -174 141 139 140 107 87 45 45 -171 -162 165 84 -74 -126 61 162 -105 -172 -90 104 -110 71 101 -111 184 -47 109 186 49 63 137 37 -76 -145 -97 44 -173 -187 -50 -140 13 -32 -57 138 138 -136 -106 117 21 92 -134 -167 -121 -57 -138 -187 -151 166 -85 24 45 45 -35 3 -110 178 -40 -103 -183 185 13 146 11 -145 -14 -40 107 -96 19 -13 -162 66 193 78 79 198 169 150 -145 -161 -159 7 -139 49 -126 -14 122 -28 -119 115 -5 -31 35 -195 23 184 -53 -81 -78 -178 -138 -173 3 -85 145 -25 -113 -160 4 -156 -14 85 175 17 -49 -177 200 -67 13 -141 125 -48 21 197 3 121 167 74 105 159 40 -179 -149 -85 -34 64 -129 90 -137 -127 -12 -23
-52 186 73 106 81 -52 5 191 -93 40 6 161 -5 -141 -141 43 81 31 -43 -189 -102 179 -27 4 14 115 -184 141 198 -104 55 -67 11 26 74 156 -172 -6 -60 47 184 -166 -177 -116 -164 -81 -2 113 -74 151 75 81 -156 33 -143 -138 -7 -52 -181 39 -51 -28 -141 -112 -123 -199 1 196 -139 69 -67 -51 46 -79 -162 -110 196 197 -72 151 -157 -60 115 -59 -15 21 61 -104 69 -187 98 24 193 -168 49 -12 -35 149 -135 -71 168 -66 -76 -85 -26 -190 -193 136 -61 -66 87 -166 8 -160 63 -26 -180 -44 13 -28 151 178 15 -115 -173 -108 -119 180 -37 24 184 91 131 -141 70 45 52 5 50 107 -198 -64 -172 23 -199 190 89 -17 131 -163 -198 -189 186 -190 113 40 147 15 84 -183 -153 90 70 -27 128 -173 57 -106 171 -107 -11 1 -84 164 -198 -42 -68 -179 45 -174 39 55 -147 -79 102 -4 -166 152 93 100 13 -11 41 -163 35 59 -195 79 -143 103 -63 184 124 135 23 61 193 125 -24 -23 -60 -22 14 86 179 117 54 26 -173 -96 -199 -182 34 -77 11 93 -116 115 121 -37 136 115 178 106 141 115 -98 -155 145 104 120 -50 178 -174 -4 -127 191 25 15 161 105 -55 16 -107 -123 -135 -107 34 179 86 -21 -72 124 75 -178 83 -75 -92 -19 -30 -77 72 -122 193 96 -78 58 -20 -74 -166 -53 35 81 132 -19 -106 -177 -194 54 128 33 -63 185 -63 97 58 161 116 196 -61 -97 -147 -93 154 -148 190 9 60 156 110 152 -112 -14 164 170 -71 -187 -143 118 22 -30 196 -182 -198 -169 137 97 189 -35 113 -187 -88 86 109 190 164 141 -89 -149 -136 -135 70 -198 185 -101 159 49 157 62 -127 132 174 -34 -142 -172 -10 -63 -155 -41 161 15 -110 145 161 -101 -38 -168 190 68 100 -3 -82 157 -34 27 -76 -132 24 141 -43 -119 124 22 -123 -117 -80 62 -169 57 -30 98 -39 -112 -99 -111 28 -134 75 27 17 -27 40 122 -101 99 -80 -76 126 -81 105 68 68 -100 152 174 -132 -55 -25 -63 -170 125 82 -12 111 68 -156 -115 98 158 200 -72 -86 56 -87 -88 160 -23 -133 160 181 128 -65 23 -32 141 112 38 51 -124 14 -187 -90 125 -166 -153 -133 -113 -99 5 -124 -72 -190 136 -17 -72 -96 -141 124 -33 108 -140 12 -151 -78 22 -48 -87 49 -48 -75 172 65 110 -8 -1 149 -136 35 176 -190 -7 -65 -69 33 114 -75 110 -162 -178 151
-52 186 73 2 81 164 -17 131 -161 41 101 -161 -145 -52 -45 -70 141 -131 -91 -184 -66 135 -149 37 5 50 -113 35 -75 110 -162 -141 32 -23 65 -33 -128 -122 193 -128 -181 -160 133 23 -155 -38 -168 190 68 100 -3 -190 -109 -86 -96 -141 152 -112 -14 164 170 -71 -187 -161 -58 -97 63 -185 63 96 -141 43 -62 -157 -49 -159 101 -185 198 134 -28 111 99 112 39 -98 30 -57 169 -62 80 117 123 -22 -124 119 43 -141 -153 90 70 -27 128 -55 -39 152 93 100 13 -11 41 -163 35 59 -195 79 -143 103 -63 184 124 49 -48 -75 172 136 -71 -44 13 -28 151 178 104 107 -16 55 47 184 -166 -177 -116 33 -187 70 75 27 17 -27 40 122 -101 99 84 -183 -24 132 76 22 -30 196 -182 -198 180 -78 -8 166 -87 -149 1 69 -110 -156 30 19 92 75 -83 178 -107 -143 -138 -7 -52 -181 39 -51 -28 -141 -112 -66 -76 42 198 -72 48 -22 -160 63 112 38 -58 78 141 5 -161 -6 -40 93 -191 -5 52 -81 -106 45 68 -100 152 174 -132 157 -151 -65 102 -4 -136 -135 -88 72 17 -108 -119 -57 199 107 135 123 120 -50 178 -174 -4 72 124 -27 4 14 115 -184 141 198 12 34 -61 -23 -135 87 124 75 -198 -64 -172 23 34 179 86 -21 -164 -20 -74 -166 -53 35 81 132 -19 56 -87 145 15 -115 -179 170 63 25 55 -60 115 -14 124 -51 84 -1 11 107 -171 106 -155 -88 160 63 10 172 142 34 -174 -132 127 81 31 -43 -189 -102 179 -5 -89 -113 179 68 -85 -26 -190 -193 136 -61 -24 35 -26 -54 -117 -173 -82 -125 -86 -14 22 60 23 -33 69 65 7 190 -176 -35 -68 -105 81 -126 76 80 -15 114 -189 190 -186 189 198 -15 -25 -191 127 -190 136 27 15 161 105 60 6 -111 72 -200 -158 -98 115 156 -68 172 -156 -74 -26 -11 67 -55 104 -86 -106 -177 -194 54 -141 93 149 -74 151 75 81 -108 33 -124 -67 -51 -49 168 61 156 -140 12 -151 143 116 196 -61 -97 -147 -93 154 -148 190 9 60 -77 72 -77 11 -164 -82 157 193 125 -24 -147 -40 -196 110 162 79 -90 125 -166 -153 -133 -113 -99 -34 -169 137 -197 -113 -97 -72 110 -8 139 178 106 141 115 -98 180 110 -15 -163 59 -187 -46 -12 -173 -96 -199 -182 168 -123 -199 1 196 -115 -136 37 -121 -115 116 -166 174 79 147 -173 190 89 -104 69 -187 98 24 193 -21 -118 26 -178 151
-156 156 147 162 13 -164 27 4 -9 31 140 -170 3 70 -197 24 -60 -166 186 28 5 163 113 -93 36 5 -113 -5 120 -145 -74 53 182 -196 38 2 -168 182 17 82 -122 8 101 132 48 -67 -196 129 -41 45 -16 -175 20 -19 -176 60 72 -5 69 -8 90 -124 157 -89 167 -133 41 63 -95 125 85 190 -171 194 -68 -167 -5 -38 148 -135 -24 42 40 155 -68 -83 -20 24 20 -156 -92 180 -60 10 147 -176 -73 -106 -99 146 -86 108 155 191 94 -135 180 12 -31 -24 -105 176 99 50 -64 -56 158 -148 90 184 -39 -136 -159 -51 136 -184 95 199 80 -1 142 165 84 -73 126 -23 -113 -6 -77 -15 113 -31 -101 -180 -120 -104 169 -102 -169 89 -8 -90 51 -155 87 -1 167 198 -91 78 -139 17 65 88 7 29 80 37 5 -141 80 -125 122 64 11 -184 -84 113 -184 -77 -99 180 169 155 -85 -3 90 130 170 182 120 -175 32 -161 51 -149 -173 3 75 -113 54 -141 -163 -187 -30 -141 111 84 -114 -19 8 159 183 167 -87 -123 -70 -176 90 192 61 -7 62 -169 -63 -63 179 37 195 -44 11 58 -174 109 23 -165 80 -25 67 -123 107 -9 180 42 12 -19 -137 -189 -174 -143 -161 -23 -173 67 -88 -40 -121 -26 70 -116 174 -179 -11 198 -169 -10 -50 -181 -182 -63 54 -195 163 -117 -93 -56 -13 53 18 21 -172 69 44 187 111 -32 154 51 25 -192 -77 -149 72 -134 96 189 65 56 126 88 80 -156 -19 -193 33 -184 188 92 -71 19 39 -26 -81 31 -67 149 66 33 43 -98 -48 -70 -161 136 -25 -38 -16 85 -167 -103 -35 -14 -19 49 7 -111 38 198 154 -156 -147 142 115 135 -21 -120 -133 -198 -82 71 -29 14 -2 173 -59 149 55 -167 -42 -161 -78 -2 -68 -168 -3 -14 -72 -191 -71 -15 179 -115 131 43 -1 67 -186 136 -168 126 -82 52 -196 -147 149 176 27 174 -34 158 -199 147 100 178 -56 82 -97 -126 -80 196 -155 122 144 48 198 -111 10 129 145 54 150 -143 54 13 -71 135 82 -131 196 25 63 -194 -119 -50 -68 -188 89 26 -135 -144 70 55 7 -172 3 173 122 191 151 121 -153 -60 111 73 -13 -8 14 -194 -93 -97 -78 36 -132 29 89 51 -11 19 -98 -126 100 -166 -111 108 -89 -94 37 181 181 83 131 -31 -45 169 -72 160 -34 -50 65 19 -62 26 -150 -15 41 99 63 -98 157 -65 195 -179 -54 99 104 131 -9 -23 -124 134
-156 156 147 162 13 -164 27 4 -9 31 -190 -5 -36 93 -16 -175 20 -19 -176 -141 -163 -131 196 25 63 -194 -119 -50 -68 -26 -89 188 -158 34 23 -165 80 -24 20 7 -111 38 198 149 36 -132 29 89 51 -11 -144 70 -122 155 -196 80 126 97 78 -139 17 -167 -183 -159 -8 19 114 -84 -111 141 30 196 67 -48 -70 -136 161 -98 -157 124 -179 15 -191 -26 62 -50 65 19 34 -66 -149 67 -31 81 186 -67 1 -43 -131 115 -90 8 -69 5 180 101 31 60 72 -120 -104 73 176 -147 -65 -87 -123 -70 -176 38 -7 -88 -10 60 -38 196 -182 -53 74 136 -184 95 199 80 -1 142 -48 -132 -101 -8 122 -82 -17 141 -5 -37 54 180 169 155 -92 180 90 192 61 -93 -97 -78 77 -11 103 167 55 -167 -42 -161 -78 -2 -68 -168 -3 63 -98 157 -65 195 123 -67 25 20 -156 24 -60 -166 186 28 5 163 113 -45 41 -129 187 -82 -135 71 -13 -84 113 -80 184 99 23 -131 188 92 -71 19 39 -26 136 -168 126 -82 52 -196 -147 149 -26 70 155 -68 -83 -49 19 14 35 198 175 -120 -182 -170 -24 42 10 169 32 -161 51 -106 -99 146 -86 108 155 15 150 19 156 -80 -99 191 151 -23 -173 67 -88 -40 -121 176 27 174 -109 -176 105 85 -113 -5 120 -145 51 63 -95 125 24 31 -12 -180 -48 -144 55 -50 -181 -182 -182 -142 147 156 -154 72 -134 96 189 85 51 25 -192 -77 -99 -71 82 99 -102 -169 -161 153 -121 -60 111 194 -14 8 13 -73 -7 62 -77 -15 113 -54 113 -75 -3 173 149 169 -14 -72 -191 -71 94 -135 198 -111 10 129 89 -8 -90 51 -155 -149 -179 -29 5 167 68 -194 171 140 -29 14 -2 173 -59 -174 116 -115 -41 -130 -90 3 85 197 -70 -3 170 -12 -42 -180 9 -107 -179 -19 -137 -189 -174 -143 -23 168 -2 148 -135 133 -167 89 -126 100 -166 -111 108 -89 -94 37 -84 -165 98 -43 -33 -160 72 21 -172 69 44 187 111 63 63 169 6 113 159 136 39 -184 -90 148 -158 56 64 -50 -88 -126 -56 -65 16 38 25 -19 135 -199 147 100 178 -56 82 91 -198 -167 1 -87 -154 32 179 -93 -56 -13 53 18 -169 45 31 -131 -83 -181 -181 -73 126 -195 163 -117 37 195 -44 11 58 -174 -122 -173 -3 172 -7 40 135 -21 -120 -133 -198 -41 -193 54 150 -143 54 184 -11 80 -125 122 9 64 -63 54 145 33 -184 -104 -124 134
154 -113 -1 -50 -180 163 70 -108 39 154 120 -54 150 188 -92 -53 139 32 -9 162 118 166 192 96 165 -181 165 -53 -169 60 -131 -188 -93 124 142 -161 -87 154 173 -51 -8 165 189 49 -104 91 68 -196 -101 -185 53 136 100 -92 118 200 106 -186 131 198 99 -124 -70 -4 194 -168 123 160 -172 -40 -135 159 136 -138 57 11 70 196 38 -102 125 154 -94 163 37 -173 181 -99 86 -193 -171 155 -134 54 122 135 102 -158 158 33 -57 187 31 -26 55 -145 7 -147 69 123 -164 62 -133 -92 190 -84 -69 -43 -16 -102 1 -51 21 -23 -74 74 -150 12 79 -13 68 -121 -54 -43 9 21 -32 31 6 -12 40 -158 -51 57 9 -74 194 -21 45 -157 116 -63 -195 98 121 55 172 144 41 71 -33 153 151 120 -50 -96 186 9 -137 35 131 47 -148 -115 -78 56 -182 -193 -174 44 -93 -73 113 21 94 -91 30 181 -23 -105 63 -43 -169 83 -103 -109 -40 93 -170 35 -140 -40 8 -163 166 -102 -68 90 -9 -155 136 52 -175 196 18 -53 -157 -192 187 -137 -33 191 126 144 189 141 28 -175 88 69 62 -97 108 26 139 -118 190 92 -94 18 -77 114 63 -9 37 -134 47 51 -24 51 -99 -131 -35 135 -80 197 118 -15 -78 -162 -190 -189 -126 -19 151 -174 -44 -20 63 197 -29 174 -111 188 -123 195 -8 -170 86 17 50 -120 -40 -34 69 22 -103 -28 56 -158 -90 -115 183 -116 86 15 158 25 175 -157 166 80 -167 1 123 121 -59 84 154 -65 139 159 -178 -155 -149 39 103 155 -126 -194 -5 -190 -111 -16 -168 -164 127 -28 -192 -90 160 181 -119 126 -6 66 -198 -129 -88 -90 -33 -152 -193 -76 -163 -172 -131 -121 -177 -112 100 43 112 3 120 -158 -193 -132 -166 -107 186 -13 154 40 97 38 123 -77 -130 -83 145 3 -165 129 171 40 140 -51 125 -151 7 47 -77 -128 159 -71 31 -62 -1 -42 -102 -8 -16 164 -139 164 128 122 -83 81 -8 -26 45 28 -103 63 103 159 94 193 8 -94 3 -12 -86 170 -77 -129 -139 142 -173 115 -142 -178 -29 -149 -161 28 40 -133 -125 -24 77 -161 -156 43 -121 125 54 35 -102 37 125 105 34 42 -62 190 48 156 -22 -107 112 198 7 189 114 98 -144 -10 25 51 115 -195 -149 -148 -121 -105 -4 112 -127 4 -85 -29 160 174 139 -174 158 197 -181 153 50 63 181 -169 119 107 -73 99 -100 148 39 172 -195 -33 -14 -29 -141 119
166 -190 181 -119 126 14 -120 -40 -34 69 22 -148 -39 165 136 -175 -129 -24 51 -99 -131 125 -154 92 -188 37 -35 135 -80 197 140 -51 125 -151 7 47 -77 113 21 94 -7 -198 102 -166 163 -8 40 140 -35 170 -139 53 13 -79 -12 150 -74 74 23 -21 51 -196 -101 -185 53 -165 -96 -192 -166 98 158 158 -160 90 -149 -158 33 38 93 188 154 173 -51 -8 165 189 49 -104 91 68 -1 102 16 43 -85 -29 160 174 139 -174 -50 -17 -91 30 181 -23 -105 63 -43 -169 83 -103 -109 -28 144 -98 -114 -189 -86 43 112 3 120 -158 -116 86 15 -4 112 -127 -54 194 126 86 12 -3 94 -8 70 124 -1 -42 84 -158 -51 57 9 -74 -96 186 9 -137 35 131 47 -103 -28 56 -158 -90 -115 183 -102 -90 -33 197 -118 -40 -171 -32 31 6 -12 40 -33 191 -121 -102 43 -193 -76 -163 -172 -131 -121 -177 -97 -120 -154 -39 148 -155 -103 -115 -78 45 -157 116 -168 -53 -157 -192 187 -137 80 -167 1 123 121 -38 -25 -158 105 121 -153 181 78 15 -162 -190 -189 -126 -19 121 -123 154 -65 139 164 168 16 111 190 5 150 102 -35 -161 -156 43 -121 125 54 -77 24 125 141 -62 -99 -198 -131 186 -16 164 -139 164 128 122 -83 81 -8 -26 45 28 -103 63 103 159 94 193 -9 10 -31 71 -159 128 29 -197 -63 20 44 174 -151 -54 152 170 -77 -129 90 -9 -155 136 52 -175 196 18 -87 131 159 -178 -155 -112 100 170 8 -195 40 -175 88 69 62 -149 181 -53 -169 60 127 -28 -192 195 -115 -51 -25 162 118 195 63 -194 4 -32 -115 173 -142 139 -51 -47 134 -21 56 -182 -193 77 -123 188 -68 157 100 -92 118 200 -63 -50 108 -70 -163 180 50 1 113 -84 59 111 -174 73 93 -44 174 -130 -83 145 3 -165 68 -112 194 -37 9 -63 -114 77 -18 94 -92 -190 118 -139 -26 -108 4 69 -102 -8 -106 181 -169 119 107 -73 99 -100 148 39 172 -195 -196 -70 -11 -57 -33 92 133 -62 164 -26 55 -145 7 -147 69 123 -31 -187 57 138 -136 -159 135 193 124 142 -161 123 160 29 -99 86 -193 -171 155 -134 54 122 135 9 21 -97 -40 -154 -88 125 154 -94 163 37 -173 181 -6 66 -198 -129 13 105 34 42 -62 190 48 156 -22 -107 50 -120 -151 -153 33 -71 -41 -144 -172 -55 126 144 189 133 -40 -28 161 149 29 178 142 -93 -186 107 166 132 40 172 -141 119
175 -177 113 45 -35 115 182 181 -83 -181 124 -95 -19 -198 121 158 128 -108 -20 -191 -44 -26 136 -128 -23 -180 -21 -190 43 -68 194 68 96 88 176 83 -22 125 -70 -93 16 41 -139 192 4 161 107 -142 11 -159 82 198 -23 63 148 93 -165 148 200 21 -77 -60 1 -132 -13 120 134 -146 -173 -67 195 -30 20 -161 -85 -32 74 83 -25 165 -172 -18 7 -71 -170 178 178 -12 -200 98 -180 -55 -70 76 25 -94 -174 -35 -175 -138 82 -79 115 137 -197 -105 -12 -127 112 -42 -160 178 -101 90 -59 103 107 174 -183 57 -188 107 -32 -146 145 79 -70 166 116 -178 193 -57 -14 -39 133 -160 -11 148 200 183 -100 -87 -18 -177 -126 72 -154 190 -116 5 -1 66 -176 62 26 -88 125 74 -105 128 192 -16 43 132 153 193 -89 59 67 92 -28 -142 49 -3 -2 136 9 145 -183 54 26 37 -196 103 -31 -29 174 -46 173 102 -149 -188 -181 -149 139 -157 45 39 -87 -194 -120 -200 40 -177 -184 -116 -131 -140 -160 66 -86 155 -66 -151 117 53 39 -46 22 -187 47 26 12 64 118 140 88 -144 -19 159 -157 -14 -94 7 -41 -105 -149 56 -49 -60 -83 -154 -182 -21 135 -176 -37 -62 -39 142 150 -179 71 -9 185 -78 -71 -137 -131 133 -59 97 -2 160 -80 -90 -106 -52 -160 -96 -115 35 102 20 16 -97 107 160 192 156 88 193 -145 174 55 -17 21 -92 -73 155 58 -47 184 79 -152 97 -46 -71 -151 -16 -12 12 137 64 58 -194 -107 -67 -163 -25 183 -74 102 -69 -6 -161 67 -165 -145 -69 -174 -55 112 -65 -58 131 8 147 93 193 169 -128 -105 124 29 -47 -146 165 -164 30 -34 77 -176 113 -104 -28 -61 189 67 -32 180 -92 70 89 -112 95 146 110 27 15 65 -18 -88 86 73 -75 -114 -68 127 5 194 -61 -28 141 103 -127 -78 136 -87 -20 -45 127 -104 179 -73 186 -174 -90 137 93 -111 132 36 128 -104 85 -46 139 43 26 -131 -186 -49 -175 -65 -108 90 6 -40 59 16 -174 198 187 -162 190 186 141 -176 -19 -44 77 32 -17 -73 -138 104 38 53 142 62 -14 -166 -4 -80 -174 121 137 181 -41 -115 -43 -98 -95 -122 10 179 92 -5 100 -51 -124 -163 144 19 -154 156 -7 58 138 -19 -170 -195 -47 -168 171 -149 101 47 -13 56 -176 -59 -26 200 -7 146 -18 -28 -62 13 -34 -44 91 -55 -14 -79 134 178 -76 34 152 108 -9 38 -146 71 -159 -197 -45
175 -177 142 -49 142 28 -92 -67 -59 89 -193 -104 -28 -61 80 4 166 20 -176 -59 -26 200 -7 146 174 94 -25 -76 70 12 16 151 71 46 -97 152 -12 -26 -47 187 -22 46 -12 -127 112 -103 59 -90 144 -88 -140 -118 -56 13 -177 -184 -116 -131 -140 -160 66 -86 -183 54 -9 38 -146 194 -61 -28 141 103 -127 -78 136 2 3 -152 106 90 80 -160 -125 115 151 180 23 128 -136 26 44 -196 103 -31 -29 174 35 -45 -113 -19 -198 121 158 128 -108 -20 -191 -37 5 -138 -58 7 -156 154 -19 -144 163 124 51 18 172 -165 25 -83 57 -188 107 -32 176 136 9 145 182 -180 32 -67 -189 7 -41 159 -11 95 -124 181 83 -181 65 -85 -32 74 183 -174 -108 -107 -161 -4 178 -116 -166 70 -79 -145 146 -37 -62 -39 142 174 69 156 21 -77 -60 85 -21 17 -55 -174 145 -193 -105 41 -55 -14 -174 121 137 181 -57 -14 -39 133 -160 -11 148 200 18 -65 -15 -27 -110 -146 -95 112 -89 -70 92 -58 131 8 147 93 193 169 -128 198 -23 63 190 -116 5 -1 -173 46 88 -26 -6 -161 67 -165 -145 -192 -160 30 -34 77 197 -137 -115 83 60 49 -56 149 88 21 182 21 66 -155 117 53 39 -77 44 19 176 -141 -186 -190 162 -55 112 161 135 -87 -88 -68 153 124 29 -47 -146 165 -164 -107 97 -16 -20 -102 -35 115 154 -40 200 120 194 87 -160 178 -101 -178 -178 170 71 -7 -100 -26 1 -195 13 -34 -44 91 114 75 -73 -86 96 88 -149 139 -157 45 39 42 107 104 -176 113 -26 -43 -139 46 -107 -67 -163 -190 17 -32 82 -105 -131 -186 58 -194 -92 131 137 71 78 -185 9 150 -179 71 -187 -198 174 -16 -59 40 -6 -90 108 -154 148 93 -165 148 200 -115 -43 -98 -95 -122 10 66 -176 62 69 -102 74 -183 25 96 160 -12 -62 -142 104 38 53 138 73 43 -68 194 -132 -43 16 -192 -128 105 -74 2 -97 -49 -175 105 73 -179 104 -127 45 14 55 180 -98 200 -193 -192 139 -41 -16 93 70 -125 22 -83 -176 181 188 149 -102 179 92 -19 -170 -195 -47 -168 171 -149 101 47 79 -82 138 175 35 -18 -28 -62 67 173 146 -134 155 58 -47 184 79 64 183 -100 -87 -18 -177 -126 72 65 -71 -5 -127 68 12 -19 159 -157 -14 -94 -13 120 73 133 -59 -64 -137 52 -34 76 -178 -134 79 132 -30 20 174 -186 -128 -36 -132 111 -93 -137 90 -159 -197 -45
27 187 -171 -98 174 195 173 -84 -62 25 -60 155 -141 -198 -124 49 78 78 -98 147 -182 192 -195 -78 -163 -71 23 176 -176 -19 -162 -8 -145 -37 -13 -66 -67 194 98 -9 34 146 -57 73 -131 -177 112 -20 123 120 197 -52 -21 -110 -74 -193 103 -131 146 14 111 -82 126 -21 112 -104 52 -81 64 -187 1 119 -152 -78 78 15 169 -88 -192 -178 -103 -58 55 -47 158 141 -139 125 -181 33 144 -27 113 -198 -109 -168 45 -200 1 109 -13 -144 -92 -146 180 89 168 150 159 62 118 -81 -181 -52 -28 142 -126 122 -86 148 -84 -35 91 -171 17 -200 -149 189 109 118 138 104 134 -194 147 32 -27 195 -22 99 -110 -28 -82 -172 171 47 -142 -148 -18 -155 -48 -129 74 -71 40 -162 157 -174 -10 -15 196 -105 -10 57 -71 165 140 -185 -178 -118 -82 -79 172 161 110 -64 -81 91 -29 105 -149 -52 46 -1 69 -71 -109 -66 56 147 -178 143 99 17 -154 68 -188 -152 32 17 64 -79 -103 160 -85 99 -158 -32 3 -124 -144 -181 9 -16 51 -117 181 -139 -18 -66 44 48 147 -170 -153 124 -90 -20 -12 156 179 -188 -154 -161 -79 -50 -44 -29 -144 -134 96 -1 -25 -71 36 124 -72 -4 195 24 -87 -90 -56 -16 -38 4 44 129 44 -191 186 -102 186 -94 194 39 -65 -63 -33 103 -146 56 -51 161 27 169 95 189 161 153 -173 -194 -49 -13 185 -149 170 87 40 144 -92 16 161 -139 -60 111 -169 53 109 -5 -85 35 -97 198 -125 145 -3 -40 126 -6 168 -193 -7 -78 70 6 1 -159 156 -169 58 -12 68 -172 49 -50 -125 -51 62 -62 -125 168 -31 -103 5 -59 72 -97 -35 -21 -124 105 -97 -93 -154 -144 134 -51 113 51 134 145 -82 157 2 135 -102 -27 153 -182 -139 -40 -200 -43 192 -12 23 -98 181 -155 89 108 54 134 -65 137 92 45 15 -60 -33 -114 -195 58 -144 -8 -164 118 -120 43 62 167 41 -200 71 -4 -53 17 -68 8 -53 66 -159 129 -1 -67 53 183 59 -173 -152 -69 -3 -74 -186 -72 61 -120 -4 -113 -107 -149 171 -154 90 113 17 -107 20 67 82 134 130 129 -153 -4 -63 64 -42 -22 -166 -63 -56 172 200 39 -189 -136 175 193 152 -175 -151 183 101 119 -86 -13 12 -13 -80 104 -133 189 -176 178 -5 -180 86 -170 -49 -151 -153 -74 188 53 -101 71 134 -2 -190 -174 -1 40 -102 71 -28 107 -92 18 -125 156 198 171 -51 112 1 23 -198 -43
27 187 24 -87 -90 -56 -16 -38 4 44 129 44 -191 -16 92 -144 -40 -87 -170 149 -185 -15 -45 -145 -134 1 19 176 -176 -23 138 104 134 -79 -103 5 198 -125 145 -3 -40 126 -6 168 -193 -7 -78 70 -113 27 -144 -33 -13 -81 -125 -51 62 -62 -125 10 196 -147 194 -64 -68 154 107 -17 -113 -90 40 -139 43 62 167 41 -200 71 -4 -53 17 -68 8 -53 -48 -44 66 18 120 -118 -175 136 189 4 153 -129 -130 -134 -82 -104 52 144 154 93 97 -105 124 52 149 -105 188 53 -101 71 134 -2 -190 -174 -162 -8 -145 -37 72 186 -82 -172 171 47 -142 -181 -52 -28 142 -126 122 -86 148 -84 -35 91 -171 17 -200 -59 -183 -12 186 -94 198 88 -169 -15 -78 -146 71 -74 129 48 189 -195 -78 -163 -71 -118 -51 124 -90 -20 -12 156 179 -188 -154 -161 -79 -50 -110 -74 -193 103 -131 146 -98 147 -182 113 4 120 27 102 -135 -2 -125 139 -141 -158 47 -55 -14 -78 56 -51 161 49 35 -97 -178 131 -73 57 78 152 -119 -1 187 -64 81 -155 149 -173 -152 -69 -3 -74 28 110 -61 -49 -13 -60 63 -39 -200 31 -168 57 -71 68 -172 -63 -33 103 -146 65 -39 -194 -69 20 67 58 42 -64 -33 -114 -195 58 -144 72 -198 -124 49 78 -158 -32 3 -124 -144 -181 9 -16 -129 159 -66 147 -170 -153 -1 -67 53 -22 -21 -44 -29 -144 -134 112 -20 123 120 197 -109 -66 56 147 -178 143 99 17 1 -46 -124 -36 -25 -71 1 -117 -180 146 92 144 13 -109 -65 137 -89 181 141 -155 -86 -151 -153 -74 29 -91 -99 140 -185 -178 -118 103 -172 56 63 166 52 71 -156 125 -18 92 -107 28 -71 109 198 6 1 -159 156 -169 -112 21 -126 82 -111 58 103 178 192 171 -51 112 1 23 64 -110 -161 -172 79 82 5 -59 72 -97 -35 22 -150 -171 149 107 192 109 -96 177 176 -189 133 -104 80 32 -27 195 159 62 118 -183 151 175 -152 -193 164 8 -4 195 -171 -98 174 195 173 -84 32 17 -162 157 -174 -10 -15 200 40 139 182 -153 50 -49 -99 85 23 -98 181 -155 89 108 54 134 -186 -82 157 -181 -12 13 86 -119 -101 -81 -148 -18 134 -51 113 51 40 -102 -168 45 -200 1 160 12 -192 -188 -152 -62 25 -60 -170 85 5 -109 -53 169 -111 60 139 -161 -92 168 -154 -34 9 -98 -194 67 66 13 194 173 -153 -161 -189 -95 -169 -27 180 -102 165 -21 -105 -43 -198 -43
46 -20 -120 142 50 35 -158 -79 69 191 99 -117 -155 195 -28 31 164 189 -129 77 -92 -74 -36 -195 99 -21 -199 -37 -30 -199 140 -81 -181 -37 171 21 128 167 10 73 -113 43 -150 -120 -44 -38 -200 78 -96 107 76 -149 -125 172 101 155 149 -156 -37 142 147 -60 -5 -155 -193 -18 -186 -70 152 32 -132 10 -74 32 -135 -142 59 162 105 -153 80 -39 104 194 -116 -197 190 -155 -53 -159 -17 -187 -73 16 29 -52 -8 94 91 84 126 -20 -106 -86 194 193 167 -4 -194 -32 12 151 -82 -69 166 -64 178 -175 85 -129 30 94 -29 -110 40 91 -110 -178 138 195 112 -45 -157 -31 5 -64 -103 -179 72 -114 -104 77 164 77 99 -92 -110 70 186 -193 -163 195 -148 -26 108 67 -126 -168 -198 -16 1 55 -70 182 -14 119 -87 145 162 184 -163 -159 57 -89 -32 -145 -130 111 86 -40 -191 -131 13 100 -51 125 18 53 93 -2 187 33 194 -127 122 55 -153 174 -94 -174 -132 139 -53 24 -107 -44 120 -157 -11 -139 47 164 -79 96 -13 85 -65 -86 -190 140 175 49 -117 -53 -81 -127 -171 82 47 4 93 136 -129 -9 -156 77 -27 176 -142 -82 199 -111 102 58 -129 -78 -196 24 -11 163 -156 174 55 179 6 -22 -15 -163 -183 74 175 -151 167 -49 113 144 197 -159 3 158 -16 62 171 70 -15 1 -91 -47 41 -24 59 -72 -94 156 7 103 199 140 174 -49 -166 75 -71 -54 -168 118 89 -198 53 -164 -28 -193 176 33 -45 -55 173 68 21 -54 47 78 -119 154 25 -152 -7 92 150 -171 -99 67 163 196 -8 194 128 129 33 -66 -126 -151 -128 176 199 88 -95 -113 -84 4 131 -156 69 137 -152 43 148 -37 -125 -58 127 -145 83 28 -14 192 -62 -193 2 120 -81 85 52 -168 199 74 -16 -146 177 192 156 -41 -109 155 98 -82 -68 17 -161 -109 -80 -117 47 -122 159 180 -165 -109 127 -199 124 -108 47 29 134 151 102 -12 42 70 12 -190 -135 167 114 121 -129 37 -101 -36 10 -86 81 47 -71 -14 104 -15 65 130 75 -144 44 184 140 177 67 175 61 -78 -176 -110 -135 175 -93 113 164 134 -12 -168 -152 29 135 116 120 129 150 178 130 -128 154 -172 -157 16 46 166 -156 -46 52 91 36 -7 -83 132 -89 -132 -56 77 -184 81 25 144 -158 19 14 7 158 164 151 -114 -191 -48 -164 17 -147 -136 -2 27 -180 -187 -121 187 8 24 131 71 -70 -120 -126 88
46 -20 -120 142 50 35 164 151 -187 -84 -91 -94 45 148 -37 -125 -58 111 155 98 -82 199 7 -67 -128 176 199 88 -95 -113 -84 4 131 5 -64 15 -104 14 136 94 -29 199 74 -55 17 159 53 155 -190 197 116 -194 193 28 164 -53 198 106 20 -126 121 187 180 -27 156 -41 -109 -2 -192 77 99 -119 154 25 -152 -7 92 150 -171 151 102 -12 42 70 12 -190 -135 -155 -193 -18 83 28 -14 -60 -5 167 114 121 178 -4 -47 -82 171 127 81 -155 195 -28 31 164 189 -33 -187 2 -93 -53 186 -193 -163 134 -12 -168 -152 29 135 116 -71 -54 -168 118 -30 129 -16 62 -124 199 -161 -109 -80 -117 47 -122 159 180 -165 -109 127 -74 32 -135 -142 59 129 194 193 167 -4 -194 -32 12 72 -114 177 54 -49 -75 166 49 -174 144 -75 -130 -65 -103 -179 151 -82 -69 166 -64 178 -162 -82 199 136 147 -17 -140 -184 -44 -140 -83 132 -140 190 29 -52 -8 -157 -31 -68 163 107 76 -149 -125 172 101 155 149 -156 -37 -184 -162 -145 -152 72 -59 24 -41 -187 -73 16 86 65 -85 13 57 18 -126 -168 -198 -16 -139 66 -33 -129 -128 -194 8 -196 -163 -67 99 -134 -29 -47 108 171 70 22 -6 -179 -55 43 -150 -120 -44 142 -176 27 -77 156 -11 151 126 132 174 94 -174 153 -16 -146 177 -164 -77 104 16 46 56 132 36 175 61 -78 -14 -19 158 87 -119 14 -182 70 -55 -1 -89 -91 -52 -85 81 -120 -2 193 -128 154 -172 -157 164 48 77 -184 81 25 144 32 -132 10 -17 -159 -96 79 -164 -47 139 11 157 -120 163 21 -99 195 36 74 92 -77 129 194 -127 -13 131 191 40 -86 -111 130 -70 110 92 -78 -85 175 105 -153 80 -39 104 -125 51 -100 122 47 91 -1 15 -15 -163 -183 -181 -37 171 21 128 167 -8 24 55 45 -33 -176 -89 -32 -145 -67 -175 135 110 176 7 158 -158 -79 69 191 99 -117 53 117 -49 -175 152 -137 -69 156 78 129 -58 -102 127 113 164 195 -148 -26 108 86 -89 -129 -9 173 68 21 -167 151 -175 -74 81 -140 199 30 37 199 -156 174 113 -73 -10 24 131 110 -38 -200 78 -96 142 147 192 -144 -113 120 129 150 -130 -178 62 197 -159 3 158 -47 44 107 -24 53 43 -112 -195 -114 -191 166 -156 -46 52 -168 -110 40 91 37 -101 -36 10 145 93 138 196 -103 -7 -156 94 70 186 -86 81 47 -71 -93 71 -70 -120 -126 88
177 65 -125 -53 -118 103 -124 -144 -51 139 152 -106 -18 3 -51 -20 98 23 -129 168 -149 -74 -194 -196 -16 -177 172 -138 -175 -64 -43 -41 -116 -121 -181 -118 -72 40 -26 -92 -15 -176 -77 155 98 42 -141 164 -3 140 -57 109 -34 2 -125 -77 57 177 -195 -59 -171 99 128 -39 -189 67 -125 11 46 -38 -153 55 -78 12 109 -168 -199 90 -175 -35 177 172 -189 122 169 181 -190 -27 177 110 -196 -4 86 107 -17 -182 53 -144 162 -163 198 -125 136 -146 30 -71 110 74 -93 174 -180 -40 -12 95 17 -101 78 -97 -24 109 -143 -84 58 -172 56 -156 -63 165 -101 131 -194 -30 54 -71 -94 152 -110 -123 146 -41 2 54 57 -77 -67 -99 -172 -19 12 -174 -42 -109 186 70 -27 171 -58 45 -152 181 67 117 -182 104 134 -139 -137 -113 -78 172 84 61 -136 -43 52 -36 -120 -116 63 -79 140 11 -77 63 23 11 -8 74 107 -89 142 196 -148 -190 40 182 52 187 -58 -121 -165 192 177 -95 -134 -192 -37 -10 28 -160 -18 190 -194 148 200 74 -12 -40 12 43 150 50 88 -200 123 -173 -59 165 106 200 -121 32 -180 85 -97 153 51 174 -97 115 -88 56 -30 195 77 -59 -200 117 -162 -33 166 189 72 3 55 -141 -177 -47 -41 -156 -62 151 152 -137 25 -25 55 -162 -107 -73 128 -70 93 159 82 -37 165 -142 -57 -30 -185 -23 -11 -4 11 -101 194 155 82 195 25 183 -176 -163 -132 138 22 194 -131 -97 -94 158 51 -121 -177 118 81 -170 160 192 58 10 61 -195 180 -98 -49 -32 -39 95 -19 96 -71 79 -81 -2 125 -178 171 -69 58 123 -86 -183 67 135 195 154 -130 148 124 -112 142 -165 54 -26 -192 10 -176 90 -12 21 -65 -71 78 81 142 -49 -107 -118 160 130 -146 155 -153 -177 -161 -129 123 114 -15 -136 176 20 18 -78 -130 173 193 28 -69 99 111 128 167 -187 -59 -186 33 147 163 -172 56 28 -13 173 -26 17 -103 -24 -162 -75 -83 16 -84 67 159 73 -133 -48 7 -54 -139 157 79 -63 -17 20 8 140 -42 -152 198 151 95 178 141 52 -119 114 161 -133 -21 165 141 66 103 127 131 -170 94 -188 86 122 180 153 112 -74 -188 -144 -77 -117 -100 2 -167 151 -23 26 -187 104 117 38 -186 87 -51 -66 119 -196 114 195 89 -5 -8 80 -39 -71 -146 1 101 -93 -185 155 -141 77 87 88 -100 -167 -198 149 132 184 -140 98 -97 -199 125 -45 101 -54
177 65 -125 -53 -118 180 82 195 25 55 -141 -167 151 -23 26 -187 104 117 38 -186 87 52 -36 -120 -116 63 -79 156 27 -70 -186 109 42 174 -12 19 172 99 67 -107 54 -199 90 -175 -142 -45 58 -171 41 -78 71 65 -21 12 -90 176 -109 57 37 150 50 -57 77 125 111 128 167 -187 180 -32 121 188 74 -112 -153 -180 -122 -86 188 -94 -22 -138 124 -103 103 127 177 16 196 194 74 198 151 -148 -190 40 182 52 187 -58 -172 56 61 -136 -43 -20 -176 136 15 -114 -123 129 161 177 153 -155 33 147 163 -172 -93 -185 -59 -186 88 -100 86 107 -17 -182 53 -144 162 -163 198 -125 -117 200 -116 -121 153 -101 39 -128 -99 -178 171 -69 58 130 78 -18 -51 82 -55 11 23 185 30 57 142 -165 37 -78 -109 -12 -176 123 63 -79 -157 139 54 -7 48 133 -73 -159 -67 84 -16 83 75 11 46 -38 -169 -155 85 -97 106 114 -152 94 71 168 15 92 26 -40 72 118 181 -4 99 -2 34 -10 192 70 -128 73 -172 -177 35 -49 77 -57 -54 -2 -66 -141 -165 21 -153 -18 3 -30 -118 160 130 -146 192 134 95 -177 -189 55 -162 -107 -192 165 121 -58 86 -123 175 138 -172 131 -170 194 -131 114 -19 -28 -193 -173 77 146 -41 -51 -158 196 -189 -166 149 132 184 -140 -136 161 -41 59 -77 -195 30 -97 -94 -142 89 -107 -74 -160 -18 190 -194 148 200 74 -12 -40 12 43 -87 -77 141 -122 62 140 11 -77 63 23 11 -8 -28 -125 -97 -196 -4 -167 -198 -67 189 39 -171 -125 2 81 -79 71 -96 10 -140 3 -164 -104 182 -117 -67 -181 123 -173 -59 165 106 200 -144 -77 -51 133 43 64 155 98 152 -81 47 177 -2 100 117 174 -97 115 -88 56 119 -52 -141 -178 -95 72 3 -129 168 -149 152 42 -140 -137 25 -25 -93 26 51 144 132 163 176 -183 -23 -98 20 51 194 -131 101 -165 63 156 -84 -172 78 113 -40 -12 95 17 -101 78 199 97 -98 -146 30 -71 110 74 -93 174 -155 -183 67 -200 42 -141 181 -190 -27 177 110 -24 109 -143 -84 -194 -71 -146 1 101 56 28 -13 173 -26 17 -103 -24 -162 125 33 162 -95 39 -195 180 -98 -49 -32 139 152 196 -119 66 -159 151 152 -8 -20 17 110 195 89 -5 -8 80 59 195 -177 88 135 195 154 -130 148 124 -112 142 -165 54 -61 -10 -58 -192 -160 170 -81 -118 177 121 137 139 -134 -11 69 -45 101 -54
-93 -20 -141 -76 -48 65 152 45 83 -151 14 -88 143 90 34 195 -14 -108 107 -1 167 -125 68 -83 164 -111 -28 -7 161 90 69 -73 -72 112 -169 -75 7 146 -47 118 66 -192 127 -1 110 -86 64 181 -51 -65 190 -170 -135 123 -68 4 -139 62 8 -56 -80 37 88 -182 -60 -179 173 185 78 -8 144 82 -103 -156 36 69 -59 -115 -191 97 66 197 19 52 -184 -151 -179 -8 -160 -149 -115 -10 -27 -22 123 44 63 26 -178 -179 -89 -159 159 -43 -114 199 -177 121 -123 -104 71 39 50 -27 191 -15 43 -38 178 -48 104 -128 -89 44 45 -31 -94 -119 1 -84 77 -165 -31 -188 -172 -182 85 183 -200 -155 -189 88 155 -120 1 -194 -17 -181 -185 -95 -8 191 -50 -116 -164 -197 -180 134 6 -178 -81 -139 -100 43 17 2 -111 -197 100 199 95 -173 12 73 23 36 -105 10 -117 138 -186 -184 127 178 113 -107 140 -138 109 -119 178 -99 139 43 -166 18 -163 14 60 82 -9 170 126 -183 51 161 79 -176 125 77 -91 15 38 -20 145 -141 71 -119 135 -166 122 30 159 -134 -30 135 56 -99 -106 115 -123 -129 146 63 -153 166 -46 97 -112 -128 194 -190 -92 -47 -105 48 -23 -58 -117 -29 -104 -46 93 25 101 61 -128 15 -94 26 124 35 -132 -48 -41 -31 151 -60 89 -132 132 13 -147 188 3 -97 171 -27 34 -155 119 100 -76 -80 126 173 76 -170 -33 -186 113 -2 173 -200 171 72 100 159 187 -50 57 195 -166 158 -181 -51 84 -182 155 125 -143 -32 177 170 -178 195 -29 -154 -20 -110 100 96 89 135 22 -17 -187 146 -123 -103 -5 -121 -172 -125 102 -39 96 -116 -7 153 -19 21 49 -148 -194 -75 189 10 120 -119 73 -65 2 -161 -78 50 130 -53 143 197 -68 -7 148 -108 -163 32 116 188 190 41 149 163 -152 -138 -53 -186 -54 -10 41 -183 45 -95 -24 175 154 87 -121 -118 -146 100 132 -76 4 46 -54 67 68 -160 -92 -146 -195 -88 1 -104 -98 168 -110 -32 -36 6 -176 -139 -178 128 -136 166 99 10 34 114 -6 174 -14 -40 109 -119 -161 -130 -181 169 118 59 -118 -119 -82 77 -42 100 -121 -105 131 3 -14 68 173 -31 -12 162 -117 -195 11 -24 7 102 56 -104 91 92 -131 -152 -55 40 -19 148 -166 -53 102 10 76 -42 -131 -72 -47 126 30 -59 -29 43 192 -158 -146 167 138 -129 51 -156 -20 60 82 -35 -173 190 107 -147 -19 8 -127 117 158 -179
-93 -20 -141 165 -77 84 -1 119 94 31 -45 -44 -152 -138 -53 -190 173 -192 127 -1 110 -86 53 166 135 170 -190 65 51 -181 -64 102 10 -183 100 96 89 177 -168 98 -7 161 -105 10 -117 138 -186 -184 127 78 -8 119 -109 149 160 8 -19 -118 -146 100 -66 -118 47 -146 -7 -106 115 -154 -20 -110 -94 -143 53 -155 119 100 -76 -164 83 -68 -182 85 -35 132 -76 4 102 -39 96 -116 -7 153 -19 -117 195 -166 47 92 190 24 -11 195 -57 50 -187 -159 -100 -72 105 121 -100 42 -77 186 33 170 -117 171 131 3 -14 190 31 -173 181 -185 123 -121 135 22 181 130 161 -188 -172 125 -167 1 -107 108 14 -195 -34 -90 -143 88 -14 151 -83 -45 -152 -30 135 56 -99 75 169 -112 72 73 -69 197 164 116 50 -191 38 -20 145 -48 65 134 -159 -30 10 54 186 107 -147 179 151 184 -52 56 -104 91 -191 -102 -172 -125 46 -47 -123 -21 23 158 -192 176 -6 36 200 95 -45 183 118 59 113 -107 140 -138 109 23 -48 105 158 181 17 194 -1 120 -155 -88 189 -28 104 -1 88 195 -97 46 -166 153 -63 -146 129 49 187 17 169 19 27 -50 -39 -71 -43 -114 -67 54 68 -51 84 -182 155 125 -143 -32 95 -173 -4 68 -123 -148 19 -40 -115 -10 -27 -22 123 31 41 48 132 -35 -124 -26 197 -3 -188 200 -173 2 -113 82 119 118 13 -147 82 -15 128 -61 -101 -92 -146 -112 -128 194 7 121 5 103 123 -76 -173 180 -90 -36 -146 167 138 -129 51 8 -117 127 175 154 87 -121 -156 197 111 -2 76 178 80 104 29 -60 20 100 199 177 170 -178 195 -29 -24 -166 18 -163 14 -103 -156 36 69 -59 -115 -191 97 163 89 128 -104 48 -178 38 -43 15 92 -131 -152 -55 40 -197 -66 -149 -41 -12 162 -73 -12 -139 62 8 -56 -46 93 25 160 -68 199 -110 -32 -155 111 -136 166 99 10 34 114 -6 174 -14 -126 -17 -43 100 139 81 10 120 -119 73 -65 2 -161 -78 50 130 -34 27 -171 97 -68 -7 148 -108 -163 32 116 188 89 -132 132 37 88 -182 -60 -179 173 185 -42 -131 -72 60 -151 44 63 26 -178 -179 -89 -159 159 104 -95 -8 -15 91 -77 -125 176 59 -30 -41 -122 166 -135 119 -71 141 76 -31 144 82 60 82 -9 170 126 -183 51 161 79 -29 43 -139 -178 128 -80 126 134 6 119 -58 -146 -148 -194 -75 189 178 178 -139 99 43 158 -179
133 65 68 114 112 65 -91 55 -100 -185 -105 91 -63 99 -135 175 107 1 6 -192 131 -33 87 182 -75 -155 -153 -30 25 -69 -165 138 -86 -100 129 -142 -162 66 -37 -86 -196 -184 -47 -26 -32 -81 72 -37 98 -132 191 -169 -78 175 -50 -184 -71 -39 -173 -7 -117 -101 -92 -181 48 61 29 -72 125 140 88 -159 199 -144 -95 25 -66 -63 130 134 17 -22 -14 -32 105 -30 57 47 -99 70 1 189 -167 147 80 98 -200 -53 123 -137 -30 166 -23 97 -14 43 177 187 193 -55 -1 -45 177 45 190 30 48 -18 18 43 164 113 -91 107 -44 -77 135 141 44 -178 94 13 -194 13 33 -153 -186 46 -146 -185 -76 -80 -59 47 -94 67 161 65 4 -96 -33 20 -14 -119 -51 -87 24 -11 50 -169 -13 6 -19 167 -55 81 98 146 10 -152 -109 108 -49 35 -66 -104 167 -117 -41 163 -121 98 -71 20 -96 120 184 -155 195 -125 -12 62 12 187 155 50 -84 -100 -8 -131 -71 105 143 73 -34 44 197 86 -160 22 -49 14 -51 -153 110 -143 -104 99 -51 131 131 -154 -157 126 187 -176 31 -130 -74 -101 176 -83 -116 55 25 -144 -198 -165 -195 -53 28 -64 -13 -107 131 -73 50 -9 52 -85 -96 -60 17 55 -177 -117 103 100 49 1 -136 -155 -185 112 24 30 -10 165 11 1 167 20 177 -151 -105 162 7 -148 -27 117 -72 80 196 -34 -163 -133 -190 3 85 133 71 44 -189 62 86 4 97 -54 -110 -51 -13 80 -42 -54 -58 133 152 -57 178 118 13 -186 -166 154 165 -148 -72 96 -5 68 37 135 23 -12 89 31 -133 65 -194 142 -15 134 10 -102 70 4 77 150 153 134 9 57 -4 120 169 -145 -44 -19 -88 154 163 25 -137 96 -157 -32 17 39 141 5 -24 -137 -73 164 -53 -64 -145 -43 -150 -191 21 180 197 141 172 -176 106 -149 -132 177 196 -181 -187 83 -60 176 135 -193 33 63 -39 -32 135 -162 -8 190 -89 -78 13 -162 -188 20 14 109 75 65 -9 -58 -135 -113 -136 192 196 127 185 -102 163 -183 -1 47 9 79 18 -57 49 -4 33 -194 -59 -87 41 177 108 136 -184 -14 14 -130 7 77 90 -196 48 72 40 96 -190 -182 -177 24 -8 -124 -190 194 150 169 -98 15 38 109 -54 179 51 15 91 -105 -57 81 -23 -11 -170 -85 144 -165 118 107 169 -102 -91 -56 42 146 137 97 -69 -2 -106 133 87 -159 4 -77 146 -36 143 65 -200 81 -69 -196
133 65 68 114 -113 -136 192 196 127 -49 35 165 11 1 167 20 -17 60 96 85 -52 9 -50 73 -131 107 13 64 48 72 40 96 -65 133 -31 -89 175 107 1 6 -192 131 -33 87 182 -75 -155 -153 -30 25 -69 -165 138 -86 -100 200 153 51 50 -169 -13 155 -184 155 50 -77 -62 189 -44 -196 55 -193 23 -81 57 105 -91 -15 -51 177 -164 -43 -80 13 51 110 -22 160 -60 176 135 94 13 -194 13 -187 -66 135 -99 63 -91 105 145 -169 -120 -53 -64 -91 -56 34 -19 -88 154 -42 133 44 -178 -193 33 133 131 -154 -157 126 187 -176 99 -47 -57 30 -105 32 14 22 -17 -134 -130 63 4 -96 179 -43 14 -97 23 -166 30 137 -123 53 200 -98 -184 -14 14 -130 7 77 90 -196 -28 53 195 165 198 144 81 -118 -178 152 -10 -146 -98 18 -48 -30 -191 33 -153 -186 46 -146 34 14 11 -24 55 -1 57 -18 -79 -9 -47 49 -4 72 -29 102 -185 -108 109 57 117 7 31 -130 -74 -101 176 -83 -116 137 97 -69 -2 -106 133 87 -159 4 -84 -100 -10 -66 -104 167 -117 -41 163 -121 65 -81 129 -142 -162 -140 70 33 -194 -59 -87 41 177 108 -132 177 196 -13 18 -42 -54 -58 -163 -133 -71 -131 51 -99 104 68 37 135 23 -12 55 -167 19 -6 195 -125 -12 62 12 -4 -86 159 -88 -125 1 189 -167 147 80 -136 25 -180 -21 191 -165 -154 131 8 -30 112 65 -91 124 8 -24 177 182 190 57 -4 -164 73 137 24 -5 -141 -39 -17 32 157 -96 137 197 141 172 -176 106 -149 -163 146 55 25 173 39 -162 -188 -132 -120 96 -20 71 -98 -143 36 -146 199 -144 -177 45 -14 -20 -54 -190 3 85 63 -39 -32 135 -162 -8 190 -152 -5 -150 -77 -4 -70 102 144 -165 118 107 169 -102 -145 -89 -86 -49 -73 -143 -105 71 166 186 -181 -187 83 -86 -197 -44 -185 -76 -43 -150 -47 -26 -32 -81 72 -37 98 190 -9 -134 -153 143 -110 -96 72 175 184 50 -71 -13 78 37 97 -11 -170 -85 -10 -134 15 -142 194 -169 -78 148 184 -1 109 -54 -33 20 -14 -119 -51 -87 -190 194 150 169 -98 15 38 109 75 65 -9 -58 -135 -24 -112 185 155 136 -1 55 -177 -117 103 100 49 177 -151 -105 162 7 -148 -27 117 -72 80 196 44 185 100 183 -163 -61 -48 181 92 101 -80 -59 -95 25 -66 -65 -161 -67 94 -47 45 -187 113 -91 107 -44 -77 135 141 -69 -196
139 54 -163 -196 -68 -178 -80 16 -155 -49 -44 193 44 -87 138 -129 -34 -200 33 171 -40 -113 -191 140 -53 176 -172 -104 115 -165 -43 112 144 -160 -42 151 40 -167 -119 115 -130 -85 158 -171 70 -49 -132 54 60 -174 81 -164 199 161 162 91 167 43 103 -114 -34 -6 16 -23 -52 182 162 -35 160 -86 34 -148 -92 -74 109 -14 -110 18 93 30 5 192 -173 197 11 -61 -30 39 -147 -59 -153 12 -103 192 -12 -55 -107 -122 178 -12 -111 34 -192 -192 -121 -181 96 189 -199 -121 -24 -94 30 -32 161 -196 95 133 -32 -58 42 -159 -155 105 -63 166 -159 14 -143 80 -14 -97 -18 -53 -137 123 128 -174 171 11 -78 14 38 -167 42 -188 123 -111 117 172 128 -150 179 -25 122 -104 91 133 -130 173 118 -136 -33 -85 15 -37 122 93 48 -67 -101 193 31 176 35 5 -149 72 -46 12 185 189 188 -194 179 78 -78 147 -74 108 85 -10 -192 156 86 51 6 85 131 -56 46 51 177 114 50 69 166 33 117 194 -193 -194 -94 -187 -150 -190 88 -122 110 -32 -197 23 -75 26 -161 8 -132 57 -141 -110 185 151 178 91 21 -148 -21 142 -96 -97 -187 155 -27 100 81 197 181 190 -54 -133 38 17 81 96 133 172 32 -3 140 90 -4 79 -25 -126 45 116 -150 24 163 -47 144 59 93 81 132 -81 136 86 45 175 -85 -150 -83 -160 -176 -179 26 63 -140 93 -87 48 44 -194 -145 -89 181 68 91 143 166 77 118 -148 -150 14 -67 197 140 118 88 -42 -173 -157 -165 9 121 152 124 32 -168 -92 106 -60 110 102 -46 79 -155 -33 -50 -139 140 -118 41 96 138 -174 -114 -148 164 125 -98 10 165 -13 13 83 -152 118 81 45 -89 97 -107 -129 -57 -52 -158 6 -83 -193 96 -166 49 -57 2 -69 -60 -141 -87 62 -163 77 -192 173 -80 131 -101 -112 -163 103 104 -142 103 -74 180 -164 177 -42 -66 120 -197 15 38 83 -142 149 -8 -200 65 -123 -169 174 101 -131 -161 41 61 -74 -145 98 114 -27 -41 174 84 78 67 -45 186 110 134 -66 -144 174 -15 -197 134 76 175 -180 140 -128 200 41 95 4 151 -194 44 -45 -1 -87 44 -200 -23 -189 -72 104 66 111 179 137 108 -151 49 -22 170 120 -38 -102 -71 101 -20 21 25 -48 -20 -42 189 47 -98 42 193 -133 -118 84 -32 120 139 162 -139 178 -81 13 102 -137 -126 -69 155 -156 74 -189 133 126 63 -168 59 -130
139 54 -163 91 21 -148 -21 142 -96 -97 -187 155 -27 100 81 197 181 190 140 -53 176 -172 -104 115 189 47 -138 -96 103 104 -142 -162 92 140 -128 200 41 95 4 151 -194 44 -45 -1 101 -131 -128 -123 137 53 -156 14 38 134 44 49 155 -153 12 194 102 -46 79 -155 -33 -62 87 -80 16 178 -97 35 -141 -118 -173 130 -133 -67 -101 193 31 -178 -151 -185 110 -136 -33 -85 15 -37 122 93 -158 6 -83 -193 199 -189 -96 181 121 192 192 -34 117 172 128 103 179 -148 180 -175 -76 193 114 50 69 166 33 30 50 -163 77 -168 42 193 -133 -118 84 174 -15 -197 80 -173 192 116 47 -163 83 -142 178 -12 -111 -171 -33 200 -26 75 -23 197 32 -110 122 -88 190 150 187 94 129 107 -74 165 157 173 42 -88 -118 -140 -197 67 -137 -109 9 -124 -152 -121 -51 -177 -51 -46 56 -131 -85 179 -14 -110 18 93 117 194 -159 14 -143 80 111 -6 32 -168 -92 106 -60 -156 -93 140 -67 -78 8 -132 57 -141 59 147 -39 30 61 -72 149 -5 -35 -176 -196 -68 -182 52 23 -126 -133 189 -74 78 -126 -69 155 -174 171 11 137 -102 -13 81 -178 139 -162 -159 -155 105 -63 166 -193 -194 -57 -52 -48 -20 -42 -165 -43 112 144 60 -174 87 -112 -163 -41 89 -45 -81 -118 152 -83 144 59 93 -66 -104 72 189 23 200 -44 81 -164 199 161 162 91 167 43 103 -114 -34 -6 16 66 -134 -110 -186 45 -63 -26 -123 188 58 32 -133 -95 196 -161 32 -30 94 24 121 96 -166 49 -57 2 -69 -160 -176 -179 -111 -40 -189 -185 -12 46 -11 -197 173 -113 -151 49 -22 170 120 -38 -102 -71 101 -20 21 25 48 -91 104 -122 25 -179 66 42 -177 164 -180 74 -103 192 -12 -55 -107 -122 150 60 83 150 108 85 -10 42 42 -139 -120 32 144 63 -45 118 -140 139 27 -114 108 -191 -54 -133 38 17 81 96 133 172 32 -3 140 90 -4 79 -25 -126 8 -149 -74 -49 -132 54 -160 -42 151 40 -167 86 45 175 -85 -70 171 -158 85 130 -161 41 61 68 91 143 166 77 118 -148 -150 14 -174 41 5 192 160 -86 34 78 -78 147 120 -197 15 13 -150 24 -38 -114 -148 -174 13 -165 -10 98 -125 -164 -131 -115 119 -136 81 -132 -81 -14 -97 -18 -167 -192 -87 48 44 -194 -145 -89 181 -74 -145 98 169 123 -65 200 -138 87 -44 -86 110 -188 -129 -34 -161 -84 174 101 -98 59 -130
112 83 -23 -13 155 -158 102 109 -170 -94 -30 -155 -187 -87 8 -132 -149 72 61 190 -115 -89 -87 -199 -192 88 8 89 -96 4 -17 173 -175 -198 -82 115 -48 -40 108 -23 -22 -116 40 163 184 123 -131 70 -165 -199 -23 169 -59 48 99 58 172 -137 7 131 91 146 -189 91 -27 77 200 -117 99 -134 199 -144 -134 148 105 199 -137 -192 92 -174 -102 55 -87 -4 142 -84 145 -149 -55 176 22 75 111 110 143 77 197 -106 166 -173 -25 -2 -87 131 -198 -135 155 -175 -92 121 154 -93 -52 -149 193 -146 129 151 169 -165 113 80 108 -105 -141 -166 -26 -8 177 117 34 26 -181 45 -168 -13 57 126 -84 -83 66 79 -33 -176 173 26 -113 186 173 139 18 141 -40 -87 -145 -108 -88 -38 -84 -153 -124 -120 161 -84 -93 -44 193 -54 -159 -72 -89 -94 -37 83 102 -133 88 -27 31 23 15 -137 -110 -83 -140 184 -173 150 149 -36 156 168 -140 176 -74 67 -200 97 -16 -200 141 -98 -189 91 66 151 131 -173 95 166 -1 97 98 -160 113 12 94 118 125 -83 -10 -89 98 -109 180 7 -18 108 -189 157 185 -119 -130 -25 -138 44 -112 16 -75 23 199 186 195 98 -121 100 74 -130 81 -196 -47 -20 42 -51 71 -125 -197 -39 44 -29 157 -124 -53 -46 48 -123 117 -127 -154 -137 194 116 -119 -38 -118 -58 -200 -129 73 53 84 121 -124 108 -29 -82 -22 -115 117 78 -133 -122 -68 -31 -135 176 -51 -133 199 8 -50 101 165 -106 162 134 111 81 -13 11 10 52 119 -110 78 39 -95 173 -26 62 59 -195 115 45 -83 116 194 -101 -126 195 53 -3 199 4 -82 -145 -146 -170 140 -64 -77 -5 -154 126 142 83 -48 194 10 -193 154 100 -93 -85 180 14 5 -90 80 61 -169 -14 -52 -73 -9 -11 -41 -69 101 158 11 67 103 -110 -26 -152 123 -148 159 191 -140 -167 -196 -88 199 61 -123 137 -2 -24 -157 -11 -173 149 -98 -64 -125 -10 87 -16 103 145 189 -184 105 -35 -110 170 -180 100 -199 -99 -167 98 -4 192 189 130 -99 48 -35 114 -9 -151 -50 -200 -199 -178 148 -175 186 175 -152 -73 156 -189 182 158 -198 11 -110 -174 -3 -38 -135 -98 -145 90 -108 -142 -79 167 -53 -200 -143 101 22 -167 -89 36 95 -33 20 -175 66 -63 -28 -178 110 -152 90 21 142 -17 -26 173 193 -66 -157 84 129 39 146 -47 64 152 -73 -101 51 2 -20 113 147 -2 -156 120 -10 -51 191 -67
112 83 -23 -13 155 -158 102 -92 192 137 -199 -105 -148 134 144 -199 134 -99 117 -200 -77 27 -91 189 -146 -91 -131 -7 137 -172 -58 -199 -99 -167 -45 181 -26 -34 -117 -177 114 -9 92 175 -155 135 198 -131 101 165 -106 162 134 111 81 -10 -11 13 52 119 -110 -189 40 -141 -195 115 -75 -22 127 -117 123 -48 46 200 50 151 121 -97 74 -176 140 -168 -156 36 -176 55 149 -145 84 -142 4 87 -55 102 174 109 -170 -94 -30 111 110 161 154 100 -189 -192 -180 85 93 -142 -11 -82 -84 157 66 -41 14 189 -184 105 -35 -110 170 -180 -200 -129 73 -20 33 -95 -36 89 167 -22 -66 -91 -87 113 12 94 118 125 -150 82 79 142 108 -90 -174 -3 57 126 -84 -83 -158 -182 189 -156 73 152 -157 -21 102 -133 123 -61 -199 88 196 167 140 48 142 83 -126 10 -193 -84 -93 -44 193 168 98 -4 7 -18 108 199 87 89 115 -190 -61 -45 -155 -187 -194 -116 83 87 2 192 -189 120 18 -59 -62 26 -101 -17 -173 130 -99 48 -35 8 26 166 -199 -178 148 -175 186 175 24 2 -137 131 -123 -184 -163 -83 -10 -89 98 -109 180 -61 -80 90 -5 -14 135 31 68 122 133 -78 -16 -157 29 133 51 -176 -145 -146 -170 173 -131 -151 -101 143 200 53 130 119 108 -105 -141 -87 199 8 -50 -72 149 132 -71 185 -80 -113 165 -38 -118 -58 100 -152 123 -173 -25 88 8 89 -96 4 -17 173 -175 -198 167 -25 -138 -20 -72 -89 -94 -37 83 -90 -108 124 -121 -84 -53 -175 66 -63 -28 -178 27 -88 -173 -186 113 139 26 193 11 9 73 52 -69 101 158 31 23 15 -137 -110 -83 -140 184 -173 115 -48 145 98 135 38 200 52 93 -154 -117 115 22 129 39 146 -47 64 -95 140 -64 -20 113 147 -2 -126 195 53 26 110 -103 -67 -11 110 -152 23 199 186 195 98 -121 110 -11 198 66 79 -156 157 51 -42 159 54 -13 67 -149 193 -146 129 151 169 -125 -197 -39 44 10 125 64 98 -149 173 29 75 -16 112 -44 47 196 -81 130 -74 -100 -40 108 -23 -22 -116 40 149 -154 -137 194 116 -119 -8 87 -173 95 -39 -78 98 -141 200 -124 153 84 38 88 108 145 160 -98 -97 1 120 124 -53 -16 103 145 169 82 -4 2 -77 -5 -154 -194 -191 -159 148 -166 106 -197 -77 -143 -166 152 -73 -101 51 -199 3 -99 -48 59 -169 23 199 165 -70 -26 -173 176 33 -10 -51 191 -67
124 -188 135 -194 100 -103 116 -75 17 28 -90 29 6 24 -23 -140 193 -105 -61 33 135 -182 -197 -20 159 -29 -51 64 -179 160 -65 -58 48 -179 -96 -164 -134 133 -136 -68 -13 79 113 128 -72 197 -45 103 -35 -183 42 172 -12 117 176 63 -103 128 -98 90 -117 72 142 -70 -122 -188 124 153 -192 -94 94 60 -57 47 -137 117 130 44 -61 -151 191 125 -41 23 175 -24 -70 19 -1 137 92 -112 -41 147 -49 -24 -73 6 -154 -97 41 54 95 24 187 -175 -181 47 119 39 161 -152 -2 -85 124 3 -66 -67 33 30 7 -52 64 -49 -19 -118 -158 -85 158 157 -86 64 172 -26 -168 -180 127 92 -40 -167 113 181 -80 105 -26 -137 -186 189 -168 -163 151 36 192 -181 -95 -154 40 -67 51 -167 -193 72 11 16 16 93 63 -130 34 19 -153 75 -152 -158 147 -140 74 76 135 -143 -46 -135 -50 -91 -179 131 -116 112 84 39 -98 52 -55 44 -140 -149 -179 23 -152 -178 -126 -107 -19 -43 142 128 150 156 -95 34 16 22 49 -28 197 -152 79 4 -168 -48 121 -68 94 171 134 82 -145 4 -94 36 -192 -46 -11 -99 115 -200 52 -194 -53 66 -184 63 104 57 144 -116 -39 197 8 -111 6 -61 -83 44 84 98 -82 -168 -49 84 45 -135 -140 103 -148 82 1 112 111 -2 76 121 -76 -157 -33 -38 -109 183 152 27 -54 96 82 127 104 -166 30 152 121 138 -91 -164 -136 29 -106 -60 -59 -34 25 84 153 -141 4 -97 -27 -109 194 -26 42 -54 -177 -99 -10 169 114 -165 43 183 -124 17 -76 -165 -73 -9 -14 -90 68 -117 -9 35 -4 18 -186 -11 -143 -72 59 -118 -63 62 -89 -41 -38 -1 150 -93 36 -185 88 -12 94 82 150 -9 39 181 22 -129 160 -143 6 105 -19 49 -71 -50 -164 139 -34 50 108 -102 106 -149 81 -37 110 -93 -186 194 196 -3 167 59 111 119 -192 44 -81 -194 150 157 123 184 107 86 163 145 136 -150 -128 -87 -72 -10 -37 -50 158 -193 -88 -116 186 -147 -60 -114 -146 69 -182 179 -58 -66 82 61 63 109 129 32 173 -143 114 66 160 -80 200 185 175 -75 131 -135 73 73 25 -161 -55 186 -30 124 -76 -24 -185 -107 -116 67 112 151 -27 179 -49 35 -131 -139 -183 -57 -35 -157 -57 87 155 -43 100 -193 -51 76 188 -100 81 148 55 197 -167 -147 -17 -120 89 -69 121 -103 150 -123 88 -40 -196 -170 -184 127 183 -192 -19 138 -26 -33
124 -188 135 -194 100 -103 116 -75 -63 184 -184 -123 94 192 -153 -124 -34 25 84 153 -141 -177 -84 49 168 8 -111 -63 -93 -16 164 96 -55 185 -36 93 -150 -41 109 129 32 167 143 -173 113 181 -80 105 -26 -137 -186 194 117 -68 90 14 -49 33 -145 4 -35 -157 -57 87 155 -164 139 -34 50 124 -76 -24 -152 -183 94 60 -57 47 -137 117 130 44 -61 -151 191 125 1 160 -143 6 19 192 186 -178 -126 -107 -19 180 168 26 -172 -64 86 -157 -158 104 -82 148 -103 140 135 -45 -99 66 58 -179 -152 -30 166 -104 -127 -49 -19 -118 -158 -85 -193 72 11 16 167 -51 67 -40 -6 -29 90 -28 -17 -134 133 45 -197 72 -128 -113 -79 13 68 136 103 -35 -183 -81 61 165 -114 -165 -73 -9 3 -196 -194 135 161 -200 52 -9 35 -4 131 -35 49 -179 27 -151 -112 37 10 72 87 128 150 -19 70 -71 -55 186 -30 -48 121 -68 72 41 112 47 119 39 161 -43 100 40 -92 -127 -43 142 128 150 -12 109 27 200 -46 185 175 -75 167 90 -117 72 142 -70 -122 -150 103 153 -19 -34 130 6 148 88 -12 94 82 111 -2 76 121 -76 -157 -33 -38 154 95 181 -192 -36 29 -106 -60 -59 188 -46 -63 98 -128 103 -63 -176 -117 194 -26 89 -69 121 75 -152 -158 147 -140 74 76 135 -143 -123 88 -40 -196 36 -192 44 42 -193 -51 164 91 -138 -121 182 -69 146 140 -44 55 -52 98 -39 94 171 134 82 -152 79 4 -168 108 -102 106 -149 81 -37 110 -93 -186 -50 -91 -179 131 -116 112 84 59 -118 -63 62 -89 -41 -38 129 -22 -181 -39 9 -150 51 29 -114 172 156 -95 34 16 22 49 -28 197 30 7 -52 64 100 -188 -76 -136 -151 163 168 -189 -53 66 -27 -185 -107 -116 67 -50 158 -193 -88 -116 186 -147 -60 -114 -4 54 -42 120 17 147 131 -6 -24 -95 -54 -107 -54 96 82 81 43 183 -124 17 -76 -24 -73 187 -175 -181 -92 2 139 18 152 -23 179 149 -97 80 -160 -66 -159 20 197 182 -135 -33 61 105 -193 140 23 -24 -109 -157 -150 194 -83 -1 137 -85 124 3 -66 -67 19 -105 -169 10 82 61 -197 179 -48 58 65 -160 179 -64 -112 -1 57 144 -116 167 59 111 119 -192 183 -11 -143 147 -49 41 86 163 145 136 44 84 98 -82 -197 39 24 -175 -23 -50 152 -183 -57 -94 -170 -184 127 -11 -99 115 -25 73 73 135 -154 -97 138 -26 -33
-109 -167 -91 -160 179 -53 -108 183 -53 76 -96 -56 170 182 -96 141 -63 53 107 199 20 54 40 163 167 160 -67 -170 -136 -136 2 -38 72 71 123 -134 173 196 47 -74 164 -176 76 130 -63 -177 160 -186 -59 -30 198 -107 141 84 77 67 -182 123 171 70 195 -165 110 100 138 81 132 -142 -19 195 -139 -118 82 149 158 -26 -74 -171 65 -141 56 -27 -135 183 68 97 47 156 -128 -140 116 -23 74 -14 9 -163 -147 -181 -24 70 106 -54 -118 66 -122 -76 126 -39 -22 -129 174 -180 76 -101 148 47 -194 74 -138 -32 -198 40 -50 74 -46 -125 -141 65 137 51 -34 -165 136 -145 -143 99 -143 186 -51 59 -189 -19 44 23 -25 59 -41 66 97 -79 -171 -125 150 114 168 188 -62 154 -16 -62 -187 -179 123 199 -25 -76 181 44 79 -100 14 -154 110 -21 -44 183 -174 -185 18 -67 -126 -21 -44 -56 51 143 199 117 57 108 160 15 48 -166 44 58 63 -191 -93 -64 -27 -154 -198 -134 193 136 -122 128 138 -140 53 170 -76 -144 113 -145 -91 126 -166 149 -108 107 135 38 -1 -103 -141 -39 -68 -93 155 -139 88 115 -117 -27 -145 -169 21 -141 101 -86 -108 -133 -184 -24 175 63 26 72 -63 21 51 -96 -61 107 -24 145 -6 113 188 -135 78 143 -124 -198 -135 -150 -30 -145 86 -13 120 81 198 121 -69 96 -72 143 -112 -101 -80 46 51 -175 -166 29 184 -48 -159 30 -116 -198 -127 -88 92 -164 58 90 121 -98 187 -113 36 64 100 -128 146 183 -99 193 -59 78 -181 98 -96 22 -106 112 -14 -159 -94 -139 -161 25 -98 -198 97 -194 96 8 162 164 91 -57 112 50 -115 88 55 -77 156 51 47 21 -93 124 -28 13 -185 -126 -198 -26 -108 -134 89 -198 102 -156 -55 -112 -170 -8 -44 -184 162 -93 86 65 108 -140 -73 94 182 103 194 169 -148 -116 34 -69 -178 -66 -168 -124 26 -75 139 58 -95 -54 -118 189 43 -82 -154 -124 -140 -150 190 -162 67 118 -142 -121 35 12 -143 -145 -133 -38 -164 1 88 -96 -96 34 96 -34 76 69 46 58 -196 -84 169 188 -25 192 -33 -188 -14 170 -186 -29 114 183 43 -26 -181 68 -27 -40 151 -122 -99 -83 45 184 134 -174 128 172 31 49 -154 -191 -89 -54 195 -8 93 183 196 -138 161 -199 86 131 190 -73 149 -132 9 143 -12 -92 -46 136 -16 -186 167 -38 188 -114 -125 41 -179 149 -29 -38 106 162 -78 -115 29 -42 58 -110
-109 -167 -91 -160 30 59 186 -170 -188 -14 -186 -29 114 183 43 163 167 160 -65 171 74 -74 -70 -123 182 -67 -77 -63 103 1 -78 135 -188 -113 6 108 53 -179 198 -107 134 198 154 27 143 -124 -198 -195 -70 -159 -14 193 159 141 84 26 72 -63 97 -187 199 20 54 -166 -141 -112 114 40 -121 -198 -81 -120 38 64 93 191 -63 -58 -44 -63 53 -74 133 108 -190 150 -174 -158 -149 -162 67 -66 41 -165 110 100 -71 -69 96 -72 143 -195 54 89 93 183 196 -138 178 69 -134 78 -162 -106 38 25 -188 -72 38 -2 136 -32 -198 -188 113 -145 118 139 -195 19 142 -132 -115 29 -42 136 -170 -8 -44 -184 162 141 -67 -170 21 126 -86 -112 106 90 121 -98 187 -113 36 64 100 -128 47 -194 106 -54 -118 66 -122 -76 126 -39 -22 38 133 145 143 -12 -98 -198 21 51 -96 -47 -97 -68 124 154 66 43 -82 -164 1 88 196 -58 -46 -69 -76 34 -96 -165 136 -84 -8 -96 194 62 16 -154 185 -26 -138 136 -44 -15 -160 -108 -57 -96 -56 170 182 -96 -8 191 154 -49 -31 -172 -128 174 -134 -184 -45 83 99 122 -151 40 27 -68 181 26 -40 162 169 -148 -116 34 108 26 198 25 -136 46 140 128 -156 -61 107 -24 145 -175 -101 141 -21 -93 124 -28 13 -185 -23 -44 19 189 -59 107 -179 123 199 -16 -94 -139 -161 25 -35 121 142 -118 97 -79 -171 -125 150 114 168 188 -62 18 -67 65 108 -140 -73 94 76 126 -25 59 -135 -150 -166 149 -108 107 169 145 27 117 -115 -88 139 -155 93 68 39 141 -175 24 184 23 -116 -118 -161 -189 -199 86 131 190 -73 149 -132 9 143 -12 -92 54 95 -58 -139 75 -26 124 168 -47 -51 -156 77 -55 -88 115 -50 -112 57 -91 -164 -194 -103 -182 181 44 79 -100 14 -154 110 -21 -44 183 140 -147 148 179 -41 125 -101 -80 46 51 -183 -146 -127 -88 92 -164 58 -22 96 -98 181 -78 59 -193 99 183 -174 129 21 135 13 -86 145 30 -126 91 144 76 -170 -53 140 -138 -128 122 112 55 156 -102 198 -89 -81 -138 -30 93 56 -27 -135 183 163 -9 14 51 -186 143 192 -33 -160 177 63 -130 -76 176 -164 169 -50 74 -46 -125 -141 65 137 51 -34 -34 96 96 -145 -143 99 29 -149 198 116 123 -134 173 196 47 -74 -48 -56 51 143 199 117 -76 53 -180 76 -101 -181 -24 171 48 -184 -29 166 -86 -82 38 -167 186 58 -110
180 -81 -185 33 -138 -198 -86 78 157 -129 119 -32 174 -166 105 31 -164 138 77 -129 85 -111 -66 -162 140 178 -48 -81 86 -137 200 -174 -69 -188 130 -91 115 17 85 174 46 116 -18 118 -161 -155 192 115 -111 161 -7 12 144 -115 -58 5 -22 107 -68 112 -102 -29 -113 -173 17 187 -143 -10 -148 14 8 19 196 19 138 2 64 51 -149 178 69 -98 123 -130 -109 184 -33 -178 -160 -90 124 -25 -68 -169 -24 67 87 131 -103 164 64 -43 -127 -123 61 34 -158 -90 111 20 67 114 -35 -173 164 111 192 195 -48 -112 -178 -5 -114 31 177 96 -97 122 -61 -145 -155 -171 149 -73 197 -88 -86 -12 131 -30 -150 124 182 68 24 -15 -67 172 -133 -28 -6 124 50 -16 32 165 -61 180 30 -47 -31 -73 -94 114 -99 97 -37 -8 116 -91 58 -140 -45 90 -56 -145 93 -83 -154 -15 -138 -67 -135 96 110 -31 -186 102 -92 167 -194 2 36 -183 -100 -10 -102 166 -38 192 74 -100 -183 163 -130 182 99 52 122 6 -196 -61 -56 -93 108 -144 -81 -68 25 26 162 -76 153 -94 194 154 -175 -194 -3 -46 153 67 -67 -61 35 -183 58 -115 83 46 2 41 -29 -6 -94 -44 -92 45 21 3 -70 108 173 -160 -71 -64 62 -37 153 -130 -169 -118 101 20 -85 17 101 -169 -54 -101 -191 13 -72 -177 200 92 195 11 -86 48 13 -99 -1 -73 76 107 -76 130 -195 -188 138 -160 -125 40 171 199 -15 -18 70 -135 -77 -70 138 176 -141 121 50 -109 76 101 157 97 -165 65 127 -36 -164 -27 -80 -182 52 65 165 110 32 12 -184 75 45 -120 28 -16 99 -66 -80 -112 -182 66 -89 112 38 88 23 142 119 -117 166 -180 18 -149 161 -127 43 151 97 -170 -120 -2 67 85 144 -22 135 -145 112 37 -187 6 35 -12 -6 -165 -141 30 -182 -45 69 -69 37 43 35 -150 -33 -174 89 -187 -77 75 -146 -92 -52 -40 17 -127 156 -154 118 34 66 172 75 89 198 -163 -183 95 -146 -40 -175 94 75 -126 -63 -200 59 170 -31 53 -183 120 -172 -25 -155 -93 -113 -76 -61 32 -150 -98 -21 162 171 21 178 23 180 78 183 -73 -120 131 -105 68 -103 50 -83 -193 -18 -38 -140 127 139 -9 172 -122 -183 118 123 -158 200 196 157 -76 11 -16 -68 86 -25 -108 174 114 149 -162 6 -68 -107 -43 173 79 95 -35 -53 -40 12 -59 -192 163 32 86 -124 61 -52 40 -188 -148 23 86 132 -39
180 -81 -185 33 -138 -198 -86 145 -135 22 -144 -85 -67 2 94 -153 76 -119 129 -157 -78 112 37 -187 6 35 -68 112 -102 -29 -113 111 -127 156 172 68 -68 -169 -24 67 87 131 -103 164 64 -43 -83 -193 -25 -108 174 114 149 9 -139 -127 140 38 18 61 76 -188 -148 -40 194 -167 -96 135 67 138 15 154 -100 -112 -178 -5 -114 31 177 96 -97 -69 -81 86 -137 -130 -109 162 8 19 35 -183 58 -115 83 46 -76 -89 -178 -140 162 66 111 61 59 -12 40 183 48 -195 -192 88 23 142 150 30 -131 12 86 184 -33 76 -107 77 135 -70 18 15 94 122 117 -119 124 182 68 24 157 2 41 -29 -118 154 -14 34 -158 52 -186 102 120 -45 -75 184 -12 -74 -192 38 99 -90 -66 -34 -6 -94 59 170 149 64 51 -73 -118 18 -116 -46 -174 -85 -17 -115 91 -130 188 48 -75 -107 92 28 -16 -99 97 -37 -8 116 -91 58 -140 108 -155 164 -31 -105 166 -174 32 -162 -26 101 11 -16 -68 86 32 -6 68 -103 50 -127 -123 -2 -138 -19 -196 200 63 153 67 -67 -61 -44 -92 45 21 3 6 12 -107 22 -5 58 115 -144 -12 7 -161 111 -115 -192 155 32 83 -93 145 56 73 -98 123 200 -174 122 -61 -145 -155 -171 38 -17 129 -77 -138 -93 -113 -86 -45 90 -164 61 -47 52 65 182 80 -43 43 35 -150 -33 -174 89 -187 -77 -182 66 -89 112 72 -13 191 101 -169 -54 198 -163 -183 95 -146 -40 -175 94 -101 -166 -138 70 -76 195 11 -86 48 13 -99 -1 -69 -178 86 -124 61 -52 2 36 -183 -100 -10 -102 176 -141 121 50 -109 85 -20 75 -126 46 158 -123 -118 -161 -110 105 -131 120 73 -183 -78 -180 -23 -178 -21 -171 -162 21 98 150 -196 -192 163 32 -31 53 -183 120 -172 -25 173 -160 -71 -64 62 -37 153 -130 -169 -118 -182 130 -163 53 35 -95 166 -180 18 -149 161 -127 43 151 97 -170 -120 194 154 -175 -97 -157 -101 -76 17 -25 68 81 144 -108 93 56 -85 40 52 92 146 -75 112 80 66 -99 -114 -199 -171 -40 125 160 -138 188 195 -130 -178 -160 -90 124 -25 -6 35 -114 -67 50 -16 32 165 23 70 -165 -141 30 -182 -45 69 -69 37 173 79 -165 -31 61 148 10 143 -187 -17 173 -164 173 88 -197 73 -149 -177 200 92 36 -127 -65 111 20 -124 6 28 133 -172 67 15 -196 -200 3 194 122 -172 165 -183 31 -110 27 180 30 132 -39
198 -19 154 109 -191 -154 -110 112 -100 92 116 183 -46 -172 -138 -36 -163 -128 -178 41 4 -198 80 -131 168 -145 -191 -61 -126 193 140 57 -64 -68 -93 67 -22 -104 -195 -65 100 -175 -11 -29 22 -38 -3 -141 -64 -153 155 -38 176 79 71 90 -194 -139 -39 -135 89 -34 -103 -198 -171 -159 -108 191 95 99 83 -83 106 22 56 -115 36 -48 -134 -198 111 -94 103 -70 -24 -156 156 -182 -94 -59 103 -5 43 184 -35 -180 49 144 140 -166 -97 -48 -25 -192 -157 164 173 180 -108 37 52 -161 149 53 -52 -57 -167 -180 -5 -174 -72 -94 156 -61 -187 -60 -116 100 -116 138 -85 84 -49 -99 -176 7 -58 170 -169 -15 177 198 -19 170 62 -74 -167 -184 -103 185 -78 168 -190 -186 191 -75 -144 30 -102 184 32 -13 -195 -195 180 14 42 101 -148 -118 -40 -44 178 -15 120 114 -181 125 146 43 -32 95 -88 15 186 77 76 66 111 -143 -182 96 167 -141 -137 94 134 -121 -89 -161 -13 118 -92 75 46 107 75 32 -167 -176 101 47 -6 83 195 80 171 45 154 41 77 -108 184 -190 102 119 -137 -65 161 194 88 -72 101 -54 -96 -20 -153 55 155 -71 157 71 -30 -153 193 -119 -138 -94 -179 199 66 -119 56 5 13 -109 -131 -132 -137 -135 78 -107 6 -178 -151 76 80 -61 134 -50 -77 -41 -77 66 30 166 89 -2 -130 -189 -184 51 21 10 85 -173 -2 200 194 62 89 136 129 133 163 -161 -22 101 51 -136 27 -26 -55 -54 181 -68 187 111 139 -112 177 -85 -153 -148 25 -27 -178 15 182 85 -5 -102 124 73 186 -2 -47 -189 40 -24 177 -178 151 -23 139 37 -99 -122 -45 183 -131 -67 -153 -73 -164 -179 -81 -3 119 36 46 -10 -38 44 -22 -63 57 192 -134 -86 -165 122 172 88 115 34 126 29 200 29 -193 -115 140 60 -139 -56 119 -190 141 -96 -45 -152 78 -180 -91 -38 -200 191 -194 -139 34 -179 47 -113 142 -141 -110 184 -114 -65 44 -139 -172 -23 200 192 -69 -143 -64 -97 1 191 -112 -59 106 4 93 -198 155 87 -193 37 63 -172 -157 -44 -191 -184 21 -139 -90 140 -81 -2 33 56 -98 -31 -13 -3 187 63 -81 13 -155 4 -200 72 -197 88 175 -100 -18 -119 187 22 -169 -183 82 -160 38 -134 76 -79 -110 154 -104 -140 8 82 86 -123 200 -8 -94 -148 -53 -104 -192 53 126 -22 104 128 -63 193 -84 -66 -81 132 -151 197 168 -191 -40 -104 138 118 7 -39
198 -19 154 109 -191 -154 -94 -179 199 65 137 -119 -102 190 -184 108 132 -151 197 -153 -73 -44 -102 193 -200 2 166 -187 68 -181 54 55 26 -27 136 -51 -160 38 -134 -2 -130 -3 -141 -64 -153 155 -38 176 79 71 90 -194 70 -69 -143 -64 -104 -19 170 25 48 97 166 -140 -144 13 -109 -131 -132 -157 -192 -4 -52 -57 -167 -180 -5 32 -43 -146 -125 181 -114 -120 15 -178 44 40 118 148 -101 -42 -14 -180 195 195 13 -32 -184 102 -30 144 75 167 -43 5 55 155 -140 139 -21 184 191 44 62 -74 -167 -184 -103 185 -131 -67 168 40 191 18 100 -175 22 56 -115 36 -48 73 186 -2 -47 -189 40 -24 177 -89 -62 -187 119 168 -145 -191 -61 -126 124 -134 -198 111 -94 176 99 49 -84 149 53 -41 178 128 163 36 138 172 46 -13 118 -92 75 46 107 75 32 -167 -176 101 47 -6 136 129 133 104 22 -67 93 68 64 -57 -140 194 61 -137 -135 78 -107 6 -178 -151 76 80 -66 161 194 88 100 -116 182 143 -111 -66 -76 -78 152 45 96 -141 190 -119 56 139 -44 65 114 -184 110 141 -10 -38 191 56 90 -96 3 81 -36 22 -38 -189 -184 51 200 -8 -94 -148 -53 -104 -192 53 126 -22 -198 -122 63 126 29 -191 -91 -38 -200 -59 106 4 93 -30 -153 193 -119 -138 -110 -7 103 -192 31 98 131 -80 198 -63 -37 193 -87 -179 182 85 -5 112 -191 -1 172 -157 164 173 113 -47 -15 85 -138 122 172 88 -187 3 13 -200 23 101 -82 183 169 -22 -63 -138 104 -140 115 193 -29 -200 60 -139 -172 -154 -45 -171 -80 -112 190 -168 78 -183 134 -192 -57 -45 165 86 119 29 -89 111 139 -195 -83 -178 151 -23 139 37 -99 -118 115 34 22 -164 -179 46 -142 180 -108 177 -85 -153 -148 25 -27 -178 161 -52 -37 -186 180 -173 -30 -77 -41 -77 66 50 -134 -81 13 -155 4 -200 72 -197 88 -106 99 155 -34 139 194 -33 2 81 -71 157 171 198 103 34 -89 135 39 -198 83 -83 161 59 94 182 -156 156 24 -139 -71 -159 -108 191 95 66 84 -193 63 -128 -97 -119 56 5 -49 180 35 -184 -141 -137 94 134 -121 -89 103 -77 -186 -15 88 -95 -174 -72 -94 -65 100 -175 -11 76 -79 -110 154 -104 -140 8 82 86 -123 21 10 85 153 20 96 54 -101 156 -61 -187 -60 -116 -72 195 163 -161 -22 41 77 81 -183 -116 -92 100 -112 -58 170 -169 -15 177 7 -39
-98 -95 -55 7 70 38 39 -120 -36 -55 83 -67 -147 107 57 55 139 -27 71 -103 -105 1 107 18 193 -108 103 -81 -114 147 8 -3 69 -20 -19 -128 80 -64 -41 -28 -165 -168 -91 -21 -149 142 141 102 6 123 -102 -173 4 146 49 -66 107 197 -140 198 -130 -36 107 -200 -133 -80 -49 161 11 181 150 -115 -84 179 -90 33 65 153 -128 43 -60 167 88 129 -68 13 118 65 -156 -138 5 94 -173 -80 -155 159 -158 -39 93 -112 185 8 -47 -113 -112 184 36 11 -127 -35 -127 88 -106 -114 30 39 -149 -63 47 -187 177 -135 -198 -108 -140 -79 -172 159 14 -37 133 114 -138 142 -191 -110 101 -142 20 -127 -48 89 179 -93 159 -71 182 -2 -115 17 -153 20 -38 -129 -76 -5 -70 -114 5 -53 -95 11 -109 65 -183 -49 -169 108 83 165 135 14 179 -24 -137 141 21 43 84 144 -44 -43 190 92 -18 -46 139 108 -118 135 17 -179 -133 113 46 -107 101 63 193 58 -105 -28 90 4 95 -82 193 1 -124 91 -164 -51 2 -26 143 179 -17 172 -53 166 4 -147 -34 -71 111 32 49 190 -37 -5 -108 -159 -153 -124 -15 -128 146 84 138 41 12 167 18 92 49 -117 91 156 13 -16 144 4 -151 9 -3 -137 -76 146 -112 -82 68 -82 98 -33 -174 72 -105 -21 174 -164 -71 80 -38 -36 -53 -115 -9 -141 -69 5 -10 -117 -167 108 -168 108 76 -122 -93 172 -74 -139 -20 62 188 -128 -42 61 -69 -106 98 192 -81 -199 189 -70 -36 118 -77 -133 -53 -104 -97 194 189 -132 143 77 153 -13 18 -17 -185 -139 -71 -169 -59 -66 -74 23 85 188 64 -147 -87 -4 171 189 -124 73 -155 -172 171 -115 5 156 -172 -62 -150 -60 84 141 -181 155 37 -30 -101 -166 47 191 143 -192 37 113 113 -178 135 -102 -15 163 38 181 6 71 76 -133 116 83 20 182 3 43 -57 -191 82 -63 -158 -99 150 125 34 -77 -73 190 -40 -136 46 -62 -131 -63 -123 41 145 97 -178 163 108 188 -150 -10 -175 169 191 -17 104 -163 15 94 192 56 37 75 105 166 18 64 27 68 -89 150 95 -94 98 113 -115 41 9 16 32 -62 99 -168 -38 190 -130 -151 -61 117 -96 110 -98 36 164 88 -68 70 -84 95 21 185 98 19 -90 193 -193 38 -83 7 13 -128 -169 -162 157 59 -145 96 -187 31 -61 -126 149 76 -4 -136 155 123 -82 -118 89 112 164 -121 -83 -195 28 -33 182 164 157 80
-98 -95 82 -68 82 112 -146 76 137 3 -9 151 -167 168 -108 -195 164 70 -84 95 21 185 98 19 192 56 37 75 128 149 -165 -168 -91 147 -64 -188 110 -98 -138 5 94 -173 -80 -155 -83 49 -113 -98 -167 -12 -41 66 59 169 71 -46 139 108 69 -93 113 46 -133 107 197 -140 198 -130 -36 107 82 -95 -4 -90 28 105 -58 -193 -63 -101 -129 -76 89 -68 -27 -64 -18 -166 -105 -169 -162 157 59 -145 -182 71 -17 -185 -47 -113 -112 184 36 65 -156 36 164 -76 20 -32 -16 -9 41 145 97 -178 163 108 188 -150 99 -168 -38 190 -164 -51 2 -26 -127 -35 -127 88 191 57 -43 -3 -182 -20 159 -113 -37 88 -68 -121 -83 -135 -165 -83 -108 169 49 185 15 94 -90 193 -193 38 -83 7 13 -30 114 -135 -198 -108 -140 -43 82 -63 -158 18 -92 -190 43 44 84 144 -79 -108 60 -43 128 -153 -65 -33 90 -179 84 115 -150 -123 62 172 -156 -5 115 -171 172 155 -87 -4 171 189 -124 73 -21 -149 178 -113 115 2 76 -4 -136 155 -38 107 179 -17 -135 118 5 -10 -117 -5 -106 191 -37 133 114 -138 142 -14 -159 -69 -74 139 -27 71 -103 -105 1 107 18 193 -108 103 -81 -114 147 8 -3 -172 93 122 -91 124 -1 -193 -200 -133 -80 -49 161 188 -128 -42 -53 -11 95 48 -129 -88 -4 -72 174 33 -98 -55 7 70 38 39 -120 -36 142 -101 110 33 -28 -112 -89 61 -31 187 -96 28 41 64 -80 128 153 -17 163 -104 17 -191 -169 175 10 62 92 -116 133 192 -143 -191 -47 166 -167 -126 39 187 -47 63 149 177 6 123 -102 -173 4 146 49 163 38 181 6 71 -19 20 123 -82 -118 14 179 -24 -137 141 21 114 70 5 150 95 -94 127 -20 -55 83 -67 -147 107 57 55 -139 189 -132 143 77 153 -13 18 -181 -11 61 -85 -23 74 -138 -84 -146 128 -9 -141 -5 -108 37 -190 -49 -32 -111 71 34 147 53 36 38 -80 71 164 -174 21 105 -144 16 -13 -20 62 101 30 -37 -155 181 -141 -84 60 150 -41 115 -117 91 156 -194 97 104 53 15 102 -135 142 141 69 96 -117 61 151 130 -76 192 -81 -199 189 -70 -36 118 -77 -133 -66 159 63 131 62 -46 136 40 -190 73 77 -34 -125 -150 99 8 -139 -158 -39 93 -112 183 -65 109 89 179 -159 -153 -124 -15 118 11 143 179 -68 13 115 -4 -166 53 -172 17 18 172 -98 106 -182 -102 164 157 80
145 -116 -25 58 97 -3 19 -20 -57 121 -90 107 194 133 -180 146 -13 -192 3 92 185 24 -144 121 -51 125 -173 142 105 50 -129 -166 -94 33 64 -168 -119 46 -177 87 142 -29 51 191 62 -50 -77 -32 -138 91 -121 -200 102 -111 188 71 54 136 -36 -13 -146 9 -148 198 116 9 58 106 33 62 128 103 -145 108 -150 76 -144 -198 46 52 107 122 -133 149 -195 11 54 -23 159 174 26 122 43 123 -126 8 -62 -171 34 187 -163 166 45 -170 48 68 -118 139 139 -181 -154 -168 64 -170 4 96 180 -200 -81 63 173 -33 -112 3 -26 104 151 49 -165 -147 -168 131 -30 -72 -74 103 -130 -28 -196 97 -143 -34 -56 -172 -77 -1 -111 51 -90 152 136 -88 -83 197 -132 159 57 -193 -57 -67 -194 -35 145 -21 156 -115 100 160 166 -172 -195 -81 -48 85 -4 56 13 -146 161 -157 47 -112 -199 84 44 43 -51 149 17 148 -88 59 145 -100 50 39 -128 16 -108 -147 164 -127 -115 -69 -26 25 199 -180 -98 44 182 -128 -192 -153 -148 -88 -181 -142 -81 -86 64 -60 -17 -187 33 75 -77 -42 63 -186 -79 -143 -60 67 159 42 32 -130 -152 70 -19 45 -9 121 49 25 -200 81 4 -53 -125 -75 -156 21 22 75 -77 164 -172 142 -69 113 114 162 84 -98 -92 -1 60 130 10 -34 -30 119 102 -39 -163 -108 35 150 -86 150 -76 -197 131 199 -79 -7 -56 -135 54 -157 -197 36 152 64 122 -137 4 -24 78 -151 -133 -26 26 -132 60 147 164 101 -45 176 42 190 -167 -140 93 -170 162 34 81 -98 -49 -137 -52 7 -134 184 157 -46 33 86 167 138 23 -133 142 -15 87 141 -174 -45 96 -158 -115 -8 -110 1 -21 -189 -116 -109 145 105 42 112 38 -87 -73 -74 -195 -198 168 73 64 -151 -150 173 -51 194 133 -93 -186 -155 62 -21 -141 102 -53 39 83 -92 -102 140 147 -121 22 -164 -117 -82 -170 -7 -182 127 -181 102 -122 -56 -8 -12 182 141 184 -55 122 139 40 -50 178 -17 -154 138 118 53 -185 -179 -69 17 -95 150 199 22 -170 136 47 162 200 126 -65 191 198 102 115 190 -189 158 -137 -110 7 24 -141 -53 154 193 -71 4 -20 99 -153 -107 -23 -75 -92 -96 -18 -130 136 43 -195 156 122 -74 -113 -99 166 -172 157 183 179 -186 -127 136 -141 35 16 -33 49 -117 -113 -34 176 -145 130 -105 -134 -94 187 162 -42 -14 -183 109 -174 -138 -20 -60 -86 73 38 172
145 -116 -25 58 97 -3 19 -20 159 -180 56 42 190 -167 -140 -157 -197 4 96 180 162 200 126 -65 191 198 102 113 -115 -34 176 -145 130 4 -85 189 -190 24 -4 137 -122 -64 147 164 -172 46 -177 -67 -194 -35 77 50 -62 -191 -199 -131 197 76 -52 7 163 1 121 74 72 30 -131 139 -60 1 92 43 -51 149 17 24 -141 127 186 -179 -183 -149 133 -122 -107 109 -174 -136 130 -117 164 174 -142 -81 -86 128 103 -145 108 -42 63 -56 -45 19 -70 152 -25 13 161 -157 156 -115 100 160 166 183 24 143 -97 196 28 130 -103 -192 -153 -148 -88 -181 -141 -87 15 51 62 -8 126 -123 -43 -122 -140 102 92 -83 -39 53 -168 -139 118 -68 -48 56 34 -144 -21 -189 -116 -109 145 105 42 112 38 -87 -73 122 139 40 -64 -73 -168 198 195 74 55 44 182 -159 -9 121 49 36 -136 -54 -71 -188 111 -102 200 121 -91 138 32 145 -21 47 -112 -199 84 44 98 -84 -162 -114 -113 69 77 -115 -69 -26 -192 3 -172 -195 -81 -48 -33 94 166 129 -36 170 -64 168 154 42 32 62 137 49 -104 26 -3 112 33 7 79 -171 34 187 20 -4 71 -193 121 -147 -26 -174 -128 -51 125 -173 142 105 -142 119 168 -64 158 -137 -94 138 1 77 172 170 -45 -166 -134 184 157 -46 33 86 167 -7 -182 127 -181 102 -122 -186 -79 -143 -60 -130 199 -180 -98 -184 -141 -182 12 8 23 8 115 158 -96 45 -127 20 200 -25 -13 -146 9 -148 198 116 9 58 106 33 -133 -194 -107 90 -121 57 -67 181 130 -69 17 -95 150 199 22 -170 136 47 -200 -81 63 173 -176 45 107 146 146 -152 -50 -150 76 -144 -198 46 52 92 185 14 42 -162 -187 -49 164 -22 -154 -141 35 16 -33 18 96 92 -77 164 101 -187 148 -88 59 145 -100 50 39 -128 16 -108 -147 -151 -133 -26 152 136 -88 -83 197 -132 -99 166 -172 157 -195 11 54 -110 99 -153 -135 54 93 -170 162 34 81 -98 151 49 -165 -147 -102 141 21 -62 60 -64 -150 86 -150 -35 108 163 39 -102 -119 30 34 -10 179 -151 -150 173 -51 194 133 81 4 -53 -125 -75 -156 21 22 75 75 23 17 155 186 93 -117 -138 154 17 -178 50 185 -53 105 56 13 -60 132 -26 90 -51 111 43 -195 156 122 -74 -113 159 57 136 53 -193 -57 87 142 -29 -142 133 -23 -138 170 82 -73 86 60 -75 -33 -7 110 134 -118 78 38 172
